complex,seed,id,pep_plddt,iptm,scRMSD,dockq_score,lrmsd,irmsd,fnat,model,method
1a0n,42,0,0.839685,0.68,2.8928,0.739,2.893,1.516,0.826,af3,msa_template
1a0n,42,1,0.81384,0.66,4.1193,0.637,4.119,2.191,0.783,af3,msa_template
1a0n,42,2,0.847401,0.72,3.0616,0.711,3.062,1.606,0.783,af3,msa_template
1a0n,42,3,0.807439,0.63,4.9126,0.621,4.913,1.939,0.739,af3,msa_template
1a0n,42,4,0.837966,0.7,2.7755,0.734,2.776,1.457,0.783,af3,msa_template
1a0n,43,0,0.833285,0.69,3.8006,0.69,3.801,1.802,0.826,af3,msa_template
1a0n,43,1,0.8434010000000001,0.7,2.419,0.751,2.419,1.366,0.783,af3,msa_template
1a0n,43,2,0.859028,0.74,4.5236,0.644,4.524,2.158,0.826,af3,msa_template
1a0n,43,3,0.826431,0.66,3.6715,0.682,3.671,1.762,0.783,af3,msa_template
1a0n,43,4,0.798333,0.64,3.7052,0.684,3.705,1.892,0.826,af3,msa_template
1a0n,44,0,0.808737,0.63,4.3695,0.637,4.37,2.104,0.783,af3,msa_template
1a0n,44,1,0.808724,0.64,5.103,0.637,5.103,2.04,0.826,af3,msa_template
1a0n,44,2,0.833464,0.7,3.1213,0.749,3.121,1.381,0.826,af3,msa_template
1a0n,44,3,0.84981,0.71,3.6272,0.706,3.627,1.676,0.826,af3,msa_template
1a0n,44,4,0.8632529999999999,0.75,3.6043,0.686,3.604,1.737,0.783,af3,msa_template
1cqg,42,0,0.68003,0.56,4.9302,0.604,4.93,2.409,0.786,af3,msa_template
1cqg,42,1,0.688276,0.55,5.7334,0.566,5.733,2.788,0.786,af3,msa_template
1cqg,42,2,0.677852,0.54,4.1096,0.673,4.11,2.036,0.857,af3,msa_template
1cqg,42,3,0.634883,0.5,6.2989,0.575,6.299,2.81,0.857,af3,msa_template
1cqg,42,4,0.668265,0.53,6.5194,0.547,6.519,3.091,0.821,af3,msa_template
1cqg,43,0,0.711391,0.58,3.1861,0.72,3.186,1.736,0.857,af3,msa_template
1cqg,43,1,0.649614,0.49,3.1581,0.725,3.158,1.696,0.857,af3,msa_template
1cqg,43,2,0.679174,0.53,5.1199,0.632,5.12,2.464,0.893,af3,msa_template
1cqg,43,3,0.64561,0.48,7.5274,0.491,7.527,3.395,0.75,af3,msa_template
1cqg,43,4,0.686719,0.56,4.4796,0.663,4.48,2.216,0.893,af3,msa_template
1cqg,44,0,0.6306620000000001,0.48,4.9716,0.605,4.972,2.378,0.786,af3,msa_template
1cqg,44,1,0.615262,0.43,4.8942,0.61,4.894,2.325,0.786,af3,msa_template
1cqg,44,2,0.6494960000000001,0.51,6.3269,0.588,6.327,2.757,0.893,af3,msa_template
1cqg,44,3,0.593271,0.42,6.6151,0.542,6.615,2.857,0.786,af3,msa_template
1cqg,44,4,0.72222,0.58,4.0178,0.676,4.018,2.027,0.857,af3,msa_template
1czy,42,0,0.7933199999999999,0.82,2.3076,0.836,2.308,0.792,0.795,af3,msa_template
1czy,42,1,0.844506,0.87,0.6376,0.948,0.638,0.297,0.886,af3,msa_template
1czy,42,2,0.8512040000000001,0.87,0.5494,0.98,0.549,0.273,0.977,af3,msa_template
1czy,42,3,0.858815,0.88,0.7155,0.968,0.715,0.316,0.955,af3,msa_template
1czy,42,4,0.79903,0.82,2.8484,0.788,2.848,0.95,0.75,af3,msa_template
1czy,43,0,0.7486780000000001,0.77,6.1605,0.456,6.161,1.945,0.341,af3,msa_template
1czy,43,1,0.576983,0.56,3.5375,0.621,3.538,1.165,0.386,af3,msa_template
1czy,43,2,0.6013069999999999,0.58,3.6746,0.62,3.675,1.206,0.409,af3,msa_template
1czy,43,3,0.579296,0.57,3.8689,0.624,3.869,1.254,0.455,af3,msa_template
1czy,43,4,0.592407,0.58,3.3836,0.676,3.384,1.123,0.523,af3,msa_template
1czy,44,0,0.859411,0.88,0.5665,0.965,0.567,0.275,0.932,af3,msa_template
1czy,44,1,0.8613460000000001,0.88,0.893,0.963,0.893,0.36,0.955,af3,msa_template
1czy,44,2,0.850163,0.87,0.8083,0.965,0.808,0.349,0.955,af3,msa_template
1czy,44,3,0.809356,0.83,2.7578,0.807,2.758,0.932,0.795,af3,msa_template
1czy,44,4,0.824035,0.86,2.8179,0.827,2.818,0.945,0.864,af3,msa_template
1ddv,42,0,0.690209,0.55,1.7814,0.931,1.781,0.669,1.0,af3,msa_template
1ddv,42,1,0.6672150000000001,0.53,1.637,0.939,1.637,0.623,1.0,af3,msa_template
1ddv,42,2,0.6779890000000001,0.54,0.8604,0.976,0.86,0.389,1.0,af3,msa_template
1ddv,42,3,0.662889,0.51,3.8974,0.682,3.897,1.407,0.688,af3,msa_template
1ddv,42,4,0.6873130000000001,0.57,1.7241,0.936,1.724,0.637,1.0,af3,msa_template
1ddv,43,0,0.6922830000000001,0.56,1.6113,0.941,1.611,0.61,1.0,af3,msa_template
1ddv,43,1,0.68483,0.55,1.5719,0.943,1.572,0.602,1.0,af3,msa_template
1ddv,43,2,0.687787,0.56,1.5404,0.945,1.54,0.587,1.0,af3,msa_template
1ddv,43,3,0.6431669999999999,0.47,2.0874,0.911,2.087,0.77,1.0,af3,msa_template
1ddv,43,4,0.6439090000000001,0.5,2.4472,0.844,2.447,0.907,0.875,af3,msa_template
1ddv,44,0,0.686893,0.56,2.0613,0.914,2.061,0.754,1.0,af3,msa_template
1ddv,44,1,0.7405329999999999,0.58,5.4675,0.562,5.467,1.779,0.562,af3,msa_template
1ddv,44,2,0.756824,0.66,5.6765,0.571,5.677,1.856,0.625,af3,msa_template
1ddv,44,3,0.683557,0.57,0.7186,0.973,0.719,0.425,1.0,af3,msa_template
1ddv,44,4,0.666167,0.51,1.3277,0.95,1.328,0.573,1.0,af3,msa_template
1eg4,42,0,0.780239,0.85,4.0792,0.686,4.079,1.829,0.844,af3,msa_template
1eg4,42,1,0.7745820000000001,0.84,4.4512,0.646,4.451,1.945,0.781,af3,msa_template
1eg4,42,2,0.7798619999999999,0.85,4.9056,0.636,4.906,2.06,0.812,af3,msa_template
1eg4,42,3,0.765521,0.84,5.9556,0.571,5.956,2.523,0.781,af3,msa_template
1eg4,42,4,0.780013,0.85,3.3964,0.741,3.396,1.541,0.875,af3,msa_template
1eg4,43,0,0.772522,0.85,4.2344,0.688,4.234,1.881,0.875,af3,msa_template
1eg4,43,1,0.7781570000000001,0.85,2.8716,0.739,2.872,1.305,0.75,af3,msa_template
1eg4,43,2,0.782507,0.85,3.5307,0.743,3.531,1.595,0.906,af3,msa_template
1eg4,43,3,0.7663989999999999,0.83,3.9589,0.678,3.959,1.719,0.781,af3,msa_template
1eg4,43,4,0.789548,0.88,5.5258,0.589,5.526,2.394,0.781,af3,msa_template
1eg4,44,0,0.774903,0.85,3.2014,0.724,3.201,1.452,0.781,af3,msa_template
1eg4,44,1,0.748313,0.83,5.2941,0.614,5.294,2.243,0.812,af3,msa_template
1eg4,44,2,0.7550870000000001,0.83,2.8707,0.75,2.871,1.304,0.781,af3,msa_template
1eg4,44,3,0.757208,0.84,5.952,0.571,5.952,2.517,0.781,af3,msa_template
1eg4,44,4,0.755752,0.83,5.8795,0.574,5.879,2.508,0.781,af3,msa_template
1f47,42,0,0.7999240000000001,0.83,1.438,0.934,1.438,0.677,1.0,af3,msa_template
1f47,42,1,0.833296,0.85,2.0605,0.852,2.061,0.896,0.875,af3,msa_template
1f47,42,2,0.8272740000000001,0.85,1.2622,0.929,1.262,0.655,0.969,af3,msa_template
1f47,42,3,0.825487,0.85,1.43,0.924,1.43,0.675,0.969,af3,msa_template
1f47,42,4,0.849531,0.87,1.8902,0.868,1.89,0.876,0.906,af3,msa_template
1f47,43,0,0.831796,0.85,1.727,0.904,1.727,0.714,0.938,af3,msa_template
1f47,43,1,0.849452,0.87,2.3929,0.842,2.393,1.0,0.906,af3,msa_template
1f47,43,2,0.809269,0.83,1.3387,0.938,1.339,0.659,1.0,af3,msa_template
1f47,43,3,0.791331,0.82,1.0827,0.933,1.083,0.558,0.938,af3,msa_template
1f47,43,4,0.859416,0.89,1.983,0.871,1.983,0.849,0.906,af3,msa_template
1f47,44,0,0.844516,0.86,1.9644,0.87,1.964,0.853,0.906,af3,msa_template
1f47,44,1,0.8467230000000001,0.86,2.3077,0.862,2.308,0.939,0.938,af3,msa_template
1f47,44,2,0.8211029999999999,0.84,1.602,0.902,1.602,0.745,0.938,af3,msa_template
1f47,44,3,0.84181,0.85,1.8689,0.875,1.869,0.832,0.906,af3,msa_template
1f47,44,4,0.819707,0.83,1.6099,0.921,1.61,0.754,1.0,af3,msa_template
1f8h,42,0,0.821994,0.75,1.95,0.886,1.95,0.86,0.957,af3,msa_template
1f8h,42,1,0.8315779999999999,0.75,1.4495,0.863,1.45,0.769,0.826,af3,msa_template
1f8h,42,2,0.819639,0.74,1.5879,0.89,1.588,0.77,0.913,af3,msa_template
1f8h,42,3,0.817969,0.74,1.2092,0.91,1.209,0.663,0.913,af3,msa_template
1f8h,42,4,0.8218040000000001,0.74,1.2568,0.91,1.257,0.657,0.913,af3,msa_template
1f8h,43,0,0.835445,0.75,1.6943,0.868,1.694,0.812,0.87,af3,msa_template
1f8h,43,1,0.835441,0.74,1.4968,0.903,1.497,0.689,0.913,af3,msa_template
1f8h,43,2,0.833843,0.73,1.3306,0.895,1.331,0.654,0.87,af3,msa_template
1f8h,43,3,0.8301900000000001,0.74,1.798,0.899,1.798,0.789,0.957,af3,msa_template
1f8h,43,4,0.836622,0.73,1.689,0.894,1.689,0.734,0.913,af3,msa_template
1f8h,44,0,0.833045,0.75,2.1083,0.846,2.108,0.921,0.87,af3,msa_template
1f8h,44,1,0.824782,0.73,1.8827,0.893,1.883,0.82,0.957,af3,msa_template
1f8h,44,2,0.8317610000000001,0.74,1.7906,0.908,1.791,0.727,0.957,af3,msa_template
1f8h,44,3,0.823229,0.75,1.9648,0.859,1.965,0.848,0.87,af3,msa_template
1f8h,44,4,0.843433,0.75,1.9556,0.912,1.956,0.78,1.0,af3,msa_template
1j2x,42,0,0.9354819999999999,0.89,0.8439,0.917,0.844,0.533,0.872,af3,msa_template
1j2x,42,1,0.938396,0.89,1.0987,0.897,1.099,0.535,0.821,af3,msa_template
1j2x,42,2,0.914987,0.86,1.2413,0.874,1.241,0.7,0.821,af3,msa_template
1j2x,42,3,0.9405589999999999,0.9,1.4668,0.916,1.467,0.487,0.872,af3,msa_template
1j2x,42,4,0.924713,0.88,0.926,0.917,0.926,0.525,0.872,af3,msa_template
1j2x,43,0,0.9271729999999999,0.87,1.0535,0.894,1.053,0.496,0.795,af3,msa_template
1j2x,43,1,0.927228,0.87,1.2814,0.943,1.281,0.418,0.923,af3,msa_template
1j2x,43,2,0.9349639999999999,0.88,1.1524,0.924,1.152,0.587,0.923,af3,msa_template
1j2x,43,3,0.9377150000000001,0.89,1.1333,0.901,1.133,0.503,0.821,af3,msa_template
1j2x,43,4,0.937449,0.89,1.045,0.895,1.045,0.557,0.821,af3,msa_template
1j2x,44,0,0.941896,0.9,0.9847,0.92,0.985,0.5,0.872,af3,msa_template
1j2x,44,1,0.931689,0.88,1.257,0.884,1.257,0.555,0.795,af3,msa_template
1j2x,44,2,0.9285070000000001,0.88,1.0131,0.9,1.013,0.52,0.821,af3,msa_template
1j2x,44,3,0.931273,0.89,1.2192,0.912,1.219,0.544,0.872,af3,msa_template
1j2x,44,4,0.935366,0.88,1.5019,0.877,1.502,0.715,0.846,af3,msa_template
1jd5,42,0,0.933951,0.93,1.1825,0.886,1.182,0.973,0.973,af3,msa_template
1jd5,42,1,0.943802,0.94,1.3057,0.937,1.306,0.668,1.0,af3,msa_template
1jd5,42,2,0.937209,0.93,1.0355,0.943,1.036,0.578,0.973,af3,msa_template
1jd5,42,3,0.9274720000000001,0.93,2.0253,0.829,2.025,1.313,0.973,af3,msa_template
1jd5,42,4,0.9397289999999999,0.94,1.3083,0.93,1.308,0.717,1.0,af3,msa_template
1jd5,43,0,0.9327219999999999,0.93,1.1062,0.839,1.106,1.325,0.973,af3,msa_template
1jd5,43,1,0.9281780000000001,0.93,1.0883,0.862,1.088,1.087,0.946,af3,msa_template
1jd5,43,2,0.9335460000000001,0.93,1.046,0.867,1.046,1.12,0.973,af3,msa_template
1jd5,43,3,0.941725,0.94,1.1722,0.915,1.172,0.705,0.946,af3,msa_template
1jd5,43,4,0.940582,0.93,1.1798,0.936,1.18,0.685,1.0,af3,msa_template
1jd5,44,0,0.9377549999999999,0.93,0.921,0.927,0.921,0.77,1.0,af3,msa_template
1jd5,44,1,0.936317,0.93,0.6316,0.954,0.632,0.515,0.973,af3,msa_template
1jd5,44,2,0.939598,0.93,1.0263,0.934,1.026,0.645,0.973,af3,msa_template
1jd5,44,3,0.934775,0.93,1.1365,0.834,1.136,1.366,0.973,af3,msa_template
1jd5,44,4,0.936092,0.94,0.935,0.787,0.935,1.837,0.973,af3,msa_template
1jq8,42,0,0.635562,0.58,2.489,0.8,2.489,0.758,0.682,af3,msa_template
1jq8,42,1,0.6694450000000001,0.64,1.9748,0.832,1.975,0.705,0.727,af3,msa_template
1jq8,42,2,0.6641549999999999,0.62,2.3876,0.809,2.388,0.813,0.727,af3,msa_template
1jq8,42,3,0.68002,0.66,2.1365,0.826,2.136,0.781,0.75,af3,msa_template
1jq8,42,4,0.6815370000000001,0.66,2.184,0.839,2.184,0.787,0.795,af3,msa_template
1jq8,43,0,0.687188,0.64,3.1461,0.786,3.146,0.915,0.75,af3,msa_template
1jq8,43,1,0.677825,0.62,2.543,0.796,2.543,0.78,0.682,af3,msa_template
1jq8,43,2,0.709785,0.66,1.7843,0.874,1.784,0.586,0.795,af3,msa_template
1jq8,43,3,0.6853,0.63,2.4704,0.821,2.47,0.773,0.75,af3,msa_template
1jq8,43,4,0.662525,0.6,3.216,0.739,3.216,0.971,0.636,af3,msa_template
1jq8,44,0,0.6693330000000001,0.61,2.4407,0.807,2.441,0.768,0.705,af3,msa_template
1jq8,44,1,0.647655,0.61,1.9426,0.84,1.943,0.704,0.75,af3,msa_template
1jq8,44,2,0.67452,0.62,2.7461,0.822,2.746,0.832,0.795,af3,msa_template
1jq8,44,3,0.67723,0.62,2.2986,0.822,2.299,0.789,0.75,af3,msa_template
1jq8,44,4,0.658745,0.6,2.163,0.812,2.163,0.772,0.705,af3,msa_template
1jw6,42,0,0.444095,0.37,46.6263,0.014,46.626,14.39,0.0,af3,msa_template
1jw6,42,1,0.49119500000000005,0.4,36.053,0.024,36.053,11.048,0.0,af3,msa_template
1jw6,42,2,0.471445,0.39,35.7315,0.024,35.731,10.879,0.0,af3,msa_template
1jw6,42,3,0.490038,0.38,36.6281,0.023,36.628,11.168,0.0,af3,msa_template
1jw6,42,4,0.470971,0.41,46.7017,0.014,46.702,14.234,0.0,af3,msa_template
1jw6,43,0,0.499508,0.41,34.1603,0.026,34.16,10.332,0.0,af3,msa_template
1jw6,43,1,0.434897,0.35,29.745,0.034,29.745,8.86,0.0,af3,msa_template
1jw6,43,2,0.452676,0.38,31.9955,0.03,31.996,9.737,0.0,af3,msa_template
1jw6,43,3,0.457774,0.37,37.9767,0.022,37.977,11.335,0.0,af3,msa_template
1jw6,43,4,0.468653,0.41,33.6075,0.027,33.608,10.127,0.0,af3,msa_template
1jw6,44,0,0.434838,0.36,46.2391,0.015,46.239,14.229,0.0,af3,msa_template
1jw6,44,1,0.450462,0.4,46.5119,0.014,46.512,14.309,0.0,af3,msa_template
1jw6,44,2,0.480289,0.4,34.8105,0.025,34.811,10.484,0.0,af3,msa_template
1jw6,44,3,0.493495,0.46,37.3544,0.022,37.354,11.449,0.0,af3,msa_template
1jw6,44,4,0.525353,0.48,45.4141,0.015,45.414,14.165,0.0,af3,msa_template
1l2z,42,0,0.817662,0.63,2.7114,0.762,2.711,1.245,0.786,af3,msa_template
1l2z,42,1,0.817728,0.64,2.7307,0.738,2.731,1.338,0.75,af3,msa_template
1l2z,42,2,0.816112,0.63,2.5556,0.771,2.556,1.112,0.75,af3,msa_template
1l2z,42,3,0.807434,0.63,2.1759,0.81,2.176,1.055,0.821,af3,msa_template
1l2z,42,4,0.7959860000000001,0.61,3.0737,0.71,3.074,1.409,0.714,af3,msa_template
1l2z,43,0,0.8247410000000001,0.64,2.6303,0.747,2.63,1.19,0.714,af3,msa_template
1l2z,43,1,0.819582,0.63,2.5219,0.765,2.522,1.163,0.75,af3,msa_template
1l2z,43,2,0.843339,0.66,2.9351,0.726,2.935,1.306,0.714,af3,msa_template
1l2z,43,3,0.8139149999999999,0.63,2.1094,0.769,2.109,1.098,0.714,af3,msa_template
1l2z,43,4,0.8139660000000001,0.62,2.4693,0.753,2.469,1.168,0.714,af3,msa_template
1l2z,44,0,0.7835550000000001,0.6,2.997,0.728,2.997,1.275,0.714,af3,msa_template
1l2z,44,1,0.816451,0.66,2.5509,0.767,2.551,1.228,0.786,af3,msa_template
1l2z,44,2,0.823643,0.65,2.6256,0.747,2.626,1.188,0.714,af3,msa_template
1l2z,44,3,0.824062,0.65,2.6808,0.754,2.681,1.22,0.75,af3,msa_template
1l2z,44,4,0.8209770000000001,0.67,2.4679,0.797,2.468,1.108,0.821,af3,msa_template
1lb6,42,0,0.91077,0.94,0.452,0.975,0.452,0.327,0.973,af3,msa_template
1lb6,42,1,0.91386,0.94,0.5536,0.973,0.554,0.343,0.973,af3,msa_template
1lb6,42,2,0.915659,0.94,0.6732,0.968,0.673,0.389,0.973,af3,msa_template
1lb6,42,3,0.915412,0.94,0.4635,0.975,0.463,0.324,0.973,af3,msa_template
1lb6,42,4,0.913537,0.94,0.4976,0.973,0.498,0.345,0.973,af3,msa_template
1lb6,43,0,0.9138280000000001,0.94,0.5172,0.975,0.517,0.324,0.973,af3,msa_template
1lb6,43,1,0.912209,0.94,0.5854,0.972,0.585,0.348,0.973,af3,msa_template
1lb6,43,2,0.911669,0.94,0.4347,0.977,0.435,0.304,0.973,af3,msa_template
1lb6,43,3,0.918828,0.95,0.5699,0.973,0.57,0.346,0.973,af3,msa_template
1lb6,43,4,0.911565,0.94,0.6048,0.975,0.605,0.32,0.973,af3,msa_template
1lb6,44,0,0.9205960000000001,0.95,0.3728,0.976,0.373,0.323,0.973,af3,msa_template
1lb6,44,1,0.914631,0.94,0.4549,0.976,0.455,0.314,0.973,af3,msa_template
1lb6,44,2,0.9117700000000001,0.94,0.4612,0.974,0.461,0.336,0.973,af3,msa_template
1lb6,44,3,0.9157949999999999,0.94,0.5878,0.972,0.588,0.35,0.973,af3,msa_template
1lb6,44,4,0.9118550000000001,0.94,0.4317,0.975,0.432,0.332,0.973,af3,msa_template
1mf4,42,0,0.585227,0.54,4.1719,0.724,4.172,1.165,0.743,af3,msa_template
1mf4,42,1,0.564998,0.56,4.118,0.678,4.118,1.167,0.6,af3,msa_template
1mf4,42,2,0.572995,0.53,3.1597,0.714,3.16,0.931,0.543,af3,msa_template
1mf4,42,3,0.582412,0.55,3.0844,0.744,3.084,0.938,0.629,af3,msa_template
1mf4,42,4,0.571327,0.56,4.0703,0.671,4.07,1.156,0.571,af3,msa_template
1mf4,43,0,0.545915,0.53,4.7266,0.644,4.727,1.307,0.6,af3,msa_template
1mf4,43,1,0.5718289999999999,0.56,5.1095,0.596,5.11,1.385,0.514,af3,msa_template
1mf4,43,2,0.5978220000000001,0.58,2.7249,0.824,2.725,0.766,0.771,af3,msa_template
1mf4,43,3,0.560412,0.57,4.8549,0.599,4.855,1.339,0.486,af3,msa_template
1mf4,43,4,0.590812,0.58,2.4326,0.873,2.433,0.73,0.886,af3,msa_template
1mf4,44,0,0.556366,0.55,3.6461,0.683,3.646,1.006,0.514,af3,msa_template
1mf4,44,1,0.582044,0.57,4.1546,0.702,4.155,1.12,0.657,af3,msa_template
1mf4,44,2,0.563941,0.54,2.3606,0.864,2.361,0.664,0.829,af3,msa_template
1mf4,44,3,0.568256,0.56,2.5802,0.86,2.58,0.732,0.857,af3,msa_template
1mf4,44,4,0.5566949999999999,0.55,4.4053,0.662,4.405,1.233,0.6,af3,msa_template
1mv0,42,0,0.6841630000000001,0.38,4.8054,0.561,4.805,1.782,0.512,af3,msa_template
1mv0,42,1,0.718199,0.53,4.1648,0.637,4.165,1.728,0.674,af3,msa_template
1mv0,42,2,0.721112,0.47,6.881,0.451,6.881,2.383,0.465,af3,msa_template
1mv0,42,3,0.6965349999999999,0.4,2.9161,0.736,2.916,1.308,0.744,af3,msa_template
1mv0,42,4,0.740015,0.54,5.9858,0.509,5.986,2.061,0.512,af3,msa_template
1mv0,43,0,0.700523,0.47,2.907,0.737,2.907,1.36,0.767,af3,msa_template
1mv0,43,1,0.72333,0.47,4.8804,0.582,4.88,1.881,0.605,af3,msa_template
1mv0,43,2,0.7157779999999999,0.51,2.7591,0.736,2.759,1.329,0.744,af3,msa_template
1mv0,43,3,0.706547,0.44,2.2508,0.723,2.251,1.33,0.674,af3,msa_template
1mv0,43,4,0.7284229999999999,0.5,5.0398,0.577,5.04,1.888,0.605,af3,msa_template
1mv0,44,0,0.685207,0.35,3.0211,0.676,3.021,1.329,0.581,af3,msa_template
1mv0,44,1,0.715481,0.5,2.9744,0.751,2.974,1.363,0.814,af3,msa_template
1mv0,44,2,0.725529,0.52,3.3385,0.709,3.338,1.452,0.744,af3,msa_template
1mv0,44,3,0.7012470000000001,0.43,4.1243,0.618,4.124,1.615,0.581,af3,msa_template
1mv0,44,4,0.719466,0.48,6.1714,0.466,6.171,2.423,0.465,af3,msa_template
1nrl,42,0,0.894888,0.95,0.6145,0.962,0.614,0.523,1.0,af3,msa_template
1nrl,42,1,0.8962319999999999,0.95,0.6381,0.962,0.638,0.527,1.0,af3,msa_template
1nrl,42,2,0.894558,0.95,0.7271,0.958,0.727,0.551,1.0,af3,msa_template
1nrl,42,3,0.8951309999999999,0.95,0.6473,0.955,0.647,0.58,1.0,af3,msa_template
1nrl,42,4,0.8953610000000001,0.95,0.6507,0.962,0.651,0.524,1.0,af3,msa_template
1nrl,43,0,0.89852,0.95,0.6997,0.958,0.7,0.555,1.0,af3,msa_template
1nrl,43,1,0.895689,0.95,0.6851,0.958,0.685,0.556,1.0,af3,msa_template
1nrl,43,2,0.8943030000000001,0.95,0.6714,0.957,0.671,0.563,1.0,af3,msa_template
1nrl,43,3,0.896309,0.95,0.6347,0.96,0.635,0.54,1.0,af3,msa_template
1nrl,43,4,0.894924,0.95,0.6853,0.96,0.685,0.536,1.0,af3,msa_template
1nrl,44,0,0.899922,0.95,0.6728,0.956,0.673,0.567,1.0,af3,msa_template
1nrl,44,1,0.8975329999999999,0.95,0.6707,0.959,0.671,0.546,1.0,af3,msa_template
1nrl,44,2,0.8989050000000001,0.95,0.6347,0.956,0.635,0.568,1.0,af3,msa_template
1nrl,44,3,0.8967480000000001,0.95,0.6112,0.963,0.611,0.516,1.0,af3,msa_template
1nrl,44,4,0.898064,0.95,0.6265,0.957,0.627,0.566,1.0,af3,msa_template
1nvq,42,0,0.475927,0.56,0.7771,0.935,0.777,0.399,0.88,af3,msa_template
1nvq,42,1,0.44390700000000005,0.48,0.9874,0.914,0.987,0.459,0.84,af3,msa_template
1nvq,42,2,0.46558700000000003,0.53,0.4502,0.962,0.45,0.264,0.92,af3,msa_template
1nvq,42,3,0.44955,0.49,0.5556,0.956,0.556,0.334,0.92,af3,msa_template
1nvq,42,4,0.44836,0.48,0.9026,0.953,0.903,0.347,0.92,af3,msa_template
1nvq,43,0,0.44207,0.49,0.6169,0.944,0.617,0.317,0.88,af3,msa_template
1nvq,43,1,0.44990699999999995,0.49,0.5389,0.946,0.539,0.293,0.88,af3,msa_template
1nvq,43,2,0.43817700000000004,0.46,0.5245,0.956,0.525,0.34,0.92,af3,msa_template
1nvq,43,3,0.44782299999999997,0.5,0.7634,0.927,0.763,0.351,0.84,af3,msa_template
1nvq,43,4,0.45063699999999995,0.49,0.6987,0.94,0.699,0.361,0.88,af3,msa_template
1nvq,44,0,0.447883,0.52,1.0849,0.917,1.085,0.42,0.84,af3,msa_template
1nvq,44,1,0.440377,0.49,0.9366,0.902,0.937,0.445,0.8,af3,msa_template
1nvq,44,2,0.445083,0.5,0.8122,0.921,0.812,0.405,0.84,af3,msa_template
1nvq,44,3,0.46252000000000004,0.53,0.6956,0.951,0.696,0.378,0.92,af3,msa_template
1nvq,44,4,0.448957,0.51,0.2928,0.962,0.293,0.276,0.92,af3,msa_template
1o0p,42,0,0.591592,0.46,5.0222,0.585,5.022,2.216,0.7,af3,msa_template
1o0p,42,1,0.56607,0.45,4.5445,0.546,4.544,2.114,0.525,af3,msa_template
1o0p,42,2,0.679876,0.59,4.9159,0.578,4.916,2.234,0.675,af3,msa_template
1o0p,42,3,0.551346,0.41,4.7572,0.573,4.757,2.13,0.625,af3,msa_template
1o0p,42,4,0.5638190000000001,0.42,4.6353,0.558,4.635,2.028,0.55,af3,msa_template
1o0p,43,0,0.582599,0.47,4.8379,0.516,4.838,2.199,0.475,af3,msa_template
1o0p,43,1,0.581279,0.46,5.1997,0.536,5.2,2.398,0.6,af3,msa_template
1o0p,43,2,0.5783229999999999,0.47,4.142,0.611,4.142,1.933,0.65,af3,msa_template
1o0p,43,3,0.609627,0.49,5.4087,0.547,5.409,2.416,0.65,af3,msa_template
1o0p,43,4,0.592334,0.48,3.8614,0.645,3.861,1.82,0.7,af3,msa_template
1o0p,44,0,0.57538,0.45,5.0698,0.499,5.07,2.386,0.475,af3,msa_template
1o0p,44,1,0.622487,0.57,4.2694,0.619,4.269,1.803,0.65,af3,msa_template
1o0p,44,2,0.590589,0.46,6.0064,0.489,6.006,2.444,0.525,af3,msa_template
1o0p,44,3,0.550018,0.41,3.6763,0.63,3.676,1.847,0.65,af3,msa_template
1o0p,44,4,0.6180100000000001,0.5,5.0428,0.567,5.043,2.228,0.65,af3,msa_template
1p7v,42,0,0.616626,0.74,2.3002,0.852,2.3,0.679,0.796,af3,msa_template
1p7v,42,1,0.575591,0.71,2.0127,0.871,2.013,0.578,0.796,af3,msa_template
1p7v,42,2,0.593037,0.72,3.9905,0.705,3.99,1.116,0.653,af3,msa_template
1p7v,42,3,0.573739,0.71,2.1717,0.85,2.172,0.618,0.755,af3,msa_template
1p7v,42,4,0.600789,0.72,2.1847,0.852,2.185,0.649,0.776,af3,msa_template
1p7v,43,0,0.593009,0.73,2.8926,0.798,2.893,0.835,0.735,af3,msa_template
1p7v,43,1,0.567926,0.7,2.797,0.814,2.797,0.787,0.755,af3,msa_template
1p7v,43,2,0.5956199999999999,0.73,3.1393,0.779,3.139,0.885,0.714,af3,msa_template
1p7v,43,3,0.5860070000000001,0.72,3.122,0.778,3.122,0.889,0.714,af3,msa_template
1p7v,43,4,0.56797,0.7,1.9336,0.847,1.934,0.563,0.714,af3,msa_template
1p7v,44,0,0.588804,0.73,3.472,0.735,3.472,0.992,0.653,af3,msa_template
1p7v,44,1,0.573898,0.72,3.7623,0.724,3.762,1.068,0.673,af3,msa_template
1p7v,44,2,0.56188,0.73,2.1008,0.86,2.101,0.604,0.776,af3,msa_template
1p7v,44,3,0.533283,0.69,3.0093,0.779,3.009,0.853,0.694,af3,msa_template
1p7v,44,4,0.546046,0.7,2.6203,0.835,2.62,0.758,0.796,af3,msa_template
1pmx,42,0,0.861349,0.79,2.4258,0.854,2.426,1.026,0.957,af3,msa_template
1pmx,42,1,0.845432,0.77,2.5502,0.859,2.55,0.974,0.957,af3,msa_template
1pmx,42,2,0.8891070000000001,0.83,1.9152,0.883,1.915,0.99,1.0,af3,msa_template
1pmx,42,3,0.8293510000000001,0.75,2.8624,0.825,2.862,1.064,0.913,af3,msa_template
1pmx,42,4,0.854143,0.77,2.8408,0.854,2.841,0.966,0.957,af3,msa_template
1pmx,43,0,0.875248,0.81,2.505,0.86,2.505,0.976,0.957,af3,msa_template
1pmx,43,1,0.830964,0.76,3.4449,0.848,3.445,1.015,1.0,af3,msa_template
1pmx,43,2,0.837698,0.76,2.5351,0.826,2.535,1.112,0.913,af3,msa_template
1pmx,43,3,0.859795,0.78,3.0747,0.83,3.075,1.102,0.957,af3,msa_template
1pmx,43,4,0.881899,0.81,2.7774,0.852,2.777,0.892,0.913,af3,msa_template
1pmx,44,0,0.8430259999999999,0.78,2.7378,0.856,2.738,0.971,0.957,af3,msa_template
1pmx,44,1,0.8373909999999999,0.75,1.4309,0.829,1.431,1.334,0.957,af3,msa_template
1pmx,44,2,0.8685120000000001,0.8,2.049,0.878,2.049,1.008,1.0,af3,msa_template
1pmx,44,3,0.854459,0.77,3.8722,0.834,3.872,0.943,0.957,af3,msa_template
1pmx,44,4,0.858143,0.78,2.2682,0.882,2.268,0.854,0.957,af3,msa_template
1r17,42,0,0.900032,0.95,1.0697,0.912,1.07,0.724,0.941,af3,msa_template
1r17,42,1,0.8976479999999999,0.95,0.8837,0.918,0.884,0.698,0.941,af3,msa_template
1r17,42,2,0.901097,0.95,0.9439,0.952,0.944,0.421,0.941,af3,msa_template
1r17,42,3,0.894782,0.95,0.9091,0.946,0.909,0.479,0.941,af3,msa_template
1r17,42,4,0.8962260000000001,0.95,0.9623,0.916,0.962,0.732,0.953,af3,msa_template
1r17,43,0,0.8814270000000001,0.95,1.349,0.927,1.349,0.53,0.918,af3,msa_template
1r17,43,1,0.899018,0.95,0.9089,0.95,0.909,0.438,0.941,af3,msa_template
1r17,43,2,0.902174,0.96,0.8021,0.956,0.802,0.389,0.941,af3,msa_template
1r17,43,3,0.897085,0.95,0.9202,0.949,0.92,0.481,0.953,af3,msa_template
1r17,43,4,0.8996179999999999,0.95,0.9494,0.945,0.949,0.479,0.941,af3,msa_template
1r17,44,0,0.895851,0.95,0.9089,0.945,0.909,0.487,0.941,af3,msa_template
1r17,44,1,0.895951,0.95,0.9869,0.919,0.987,0.684,0.941,af3,msa_template
1r17,44,2,0.898415,0.95,0.7469,0.945,0.747,0.461,0.929,af3,msa_template
1r17,44,3,0.9016280000000001,0.95,0.8321,0.904,0.832,0.797,0.941,af3,msa_template
1r17,44,4,0.8981520000000001,0.95,0.8296,0.949,0.83,0.458,0.941,af3,msa_template
1rxz,42,0,0.89507,0.95,1.0191,0.902,1.019,0.761,0.926,af3,msa_template
1rxz,42,1,0.8998619999999999,0.96,0.9855,0.896,0.985,0.805,0.926,af3,msa_template
1rxz,42,2,0.899212,0.95,1.0832,0.884,1.083,0.882,0.926,af3,msa_template
1rxz,42,3,0.901421,0.96,1.0337,0.88,1.034,0.786,0.87,af3,msa_template
1rxz,42,4,0.896052,0.96,1.5066,0.885,1.507,0.841,0.926,af3,msa_template
1rxz,43,0,0.901339,0.95,1.1172,0.883,1.117,0.849,0.907,af3,msa_template
1rxz,43,1,0.8970180000000001,0.96,1.0086,0.902,1.009,0.763,0.926,af3,msa_template
1rxz,43,2,0.9023350000000001,0.96,1.079,0.865,1.079,0.891,0.87,af3,msa_template
1rxz,43,3,0.891635,0.95,1.2161,0.893,1.216,0.725,0.889,af3,msa_template
1rxz,43,4,0.904598,0.96,1.126,0.887,1.126,0.857,0.926,af3,msa_template
1rxz,44,0,0.904019,0.96,1.1406,0.879,1.141,0.875,0.907,af3,msa_template
1rxz,44,1,0.902778,0.96,1.0492,0.874,1.049,0.914,0.907,af3,msa_template
1rxz,44,2,0.903862,0.96,1.004,0.892,1.004,0.836,0.926,af3,msa_template
1rxz,44,3,0.8998539999999999,0.95,1.1876,0.87,1.188,0.844,0.87,af3,msa_template
1rxz,44,4,0.897735,0.95,1.378,0.863,1.378,0.921,0.889,af3,msa_template
1t74,42,0,0.7857219999999999,0.88,0.8636,0.948,0.864,0.427,0.929,af3,msa_template
1t74,42,1,0.8002889999999999,0.9,0.7037,0.954,0.704,0.381,0.929,af3,msa_template
1t74,42,2,0.7920659999999999,0.89,0.7784,0.951,0.778,0.404,0.929,af3,msa_template
1t74,42,3,0.7954000000000001,0.9,1.0452,0.963,1.045,0.488,1.0,af3,msa_template
1t74,42,4,0.809697,0.9,0.8617,0.966,0.862,0.37,0.964,af3,msa_template
1t74,43,0,0.790026,0.89,1.3751,0.943,1.375,0.531,0.964,af3,msa_template
1t74,43,1,0.7974030000000001,0.89,1.2519,0.938,1.252,0.485,0.929,af3,msa_template
1t74,43,2,0.7767700000000001,0.88,1.4504,0.911,1.45,0.588,0.893,af3,msa_template
1t74,43,3,0.773514,0.88,1.4183,0.928,1.418,0.547,0.929,af3,msa_template
1t74,43,4,0.7706879999999999,0.88,2.0152,0.882,2.015,0.735,0.893,af3,msa_template
1t74,44,0,0.793822,0.89,0.9281,0.96,0.928,0.423,0.964,af3,msa_template
1t74,44,1,0.7913890000000001,0.89,1.6431,0.926,1.643,0.631,0.964,af3,msa_template
1t74,44,2,0.790378,0.89,1.1467,0.929,1.147,0.466,0.893,af3,msa_template
1t74,44,3,0.791218,0.89,1.1478,0.946,1.148,0.524,0.964,af3,msa_template
1t74,44,4,0.794479,0.89,1.4152,0.926,1.415,0.56,0.929,af3,msa_template
1v1t,42,0,0.9395,0.95,0.7199,0.969,0.72,0.333,0.96,af3,msa_template
1v1t,42,1,0.94038,0.96,0.6977,0.981,0.698,0.347,1.0,af3,msa_template
1v1t,42,2,0.936015,0.95,1.2023,0.974,1.202,0.372,1.0,af3,msa_template
1v1t,42,3,0.9390040000000001,0.95,0.73,0.98,0.73,0.353,1.0,af3,msa_template
1v1t,42,4,0.9392870000000001,0.95,0.8548,0.971,0.855,0.297,0.96,af3,msa_template
1v1t,43,0,0.939546,0.95,0.7507,0.967,0.751,0.349,0.96,af3,msa_template
1v1t,43,1,0.940154,0.95,0.5565,0.973,0.556,0.291,0.96,af3,msa_template
1v1t,43,2,0.938733,0.95,1.3926,0.958,1.393,0.378,0.96,af3,msa_template
1v1t,43,3,0.945211,0.96,0.7271,0.969,0.727,0.332,0.96,af3,msa_template
1v1t,43,4,0.938652,0.95,0.718,0.955,0.718,0.342,0.92,af3,msa_template
1v1t,44,0,0.9408280000000001,0.95,0.5288,0.97,0.529,0.329,0.96,af3,msa_template
1v1t,44,1,0.937872,0.95,0.5299,0.968,0.53,0.355,0.96,af3,msa_template
1v1t,44,2,0.941302,0.95,0.6918,0.97,0.692,0.32,0.96,af3,msa_template
1v1t,44,3,0.9427889999999999,0.96,0.798,0.968,0.798,0.338,0.96,af3,msa_template
1v1t,44,4,0.936943,0.95,0.9255,0.98,0.925,0.34,1.0,af3,msa_template
1w80,42,0,0.857542,0.88,2.4413,0.851,2.441,0.968,0.923,af3,msa_template
1w80,42,1,0.858596,0.88,2.9015,0.817,2.901,1.144,0.923,af3,msa_template
1w80,42,2,0.858051,0.88,1.3978,0.949,1.398,0.572,1.0,af3,msa_template
1w80,42,3,0.8564060000000001,0.87,1.5699,0.927,1.57,0.625,0.962,af3,msa_template
1w80,42,4,0.862603,0.88,2.4855,0.85,2.486,0.971,0.923,af3,msa_template
1w80,43,0,0.8423480000000001,0.87,2.0742,0.865,2.074,0.827,0.885,af3,msa_template
1w80,43,1,0.848119,0.87,2.2865,0.85,2.287,0.905,0.885,af3,msa_template
1w80,43,2,0.8472329999999999,0.88,2.193,0.859,2.193,0.857,0.885,af3,msa_template
1w80,43,3,0.842851,0.87,1.9968,0.872,1.997,0.785,0.885,af3,msa_template
1w80,43,4,0.829833,0.85,2.5375,0.851,2.538,0.954,0.923,af3,msa_template
1w80,44,0,0.879735,0.9,2.5637,0.844,2.564,1.0,0.923,af3,msa_template
1w80,44,1,0.8690260000000001,0.89,2.2409,0.853,2.241,0.889,0.885,af3,msa_template
1w80,44,2,0.874751,0.89,2.4123,0.841,2.412,0.954,0.885,af3,msa_template
1w80,44,3,0.873352,0.89,2.3067,0.849,2.307,0.911,0.885,af3,msa_template
1w80,44,4,0.87142,0.89,2.3545,0.847,2.355,0.917,0.885,af3,msa_template
1yfn,42,0,0.47722499999999995,0.37,21.8543,0.065,21.854,9.428,0.038,af3,msa_template
1yfn,42,1,0.444211,0.33,8.4758,0.278,8.476,3.956,0.208,af3,msa_template
1yfn,42,2,0.525937,0.46,10.2766,0.246,10.277,3.99,0.208,af3,msa_template
1yfn,42,3,0.453978,0.34,3.69,0.521,3.69,1.768,0.302,af3,msa_template
1yfn,42,4,0.460033,0.36,17.4649,0.1,17.465,8.212,0.075,af3,msa_template
1yfn,43,0,0.6275930000000001,0.52,18.8888,0.08,18.889,8.137,0.038,af3,msa_template
1yfn,43,1,0.727094,0.75,3.1375,0.669,3.137,1.491,0.623,af3,msa_template
1yfn,43,2,0.766915,0.78,5.2822,0.594,5.282,2.358,0.774,af3,msa_template
1yfn,43,3,0.738738,0.75,3.4124,0.649,3.412,1.618,0.623,af3,msa_template
1yfn,43,4,0.768826,0.78,5.4195,0.594,5.419,2.42,0.792,af3,msa_template
1yfn,44,0,0.701236,0.7,2.7863,0.697,2.786,1.313,0.623,af3,msa_template
1yfn,44,1,0.660119,0.67,3.1621,0.7,3.162,1.482,0.717,af3,msa_template
1yfn,44,2,0.763262,0.76,5.5247,0.563,5.525,2.473,0.717,af3,msa_template
1yfn,44,3,0.745557,0.75,3.8048,0.69,3.805,1.674,0.792,af3,msa_template
1yfn,44,4,0.6567010000000001,0.67,3.0871,0.714,3.087,1.437,0.736,af3,msa_template
1ywi,42,0,0.960209,0.67,1.5851,0.856,1.585,0.969,0.895,af3,msa_template
1ywi,42,1,0.938257,0.61,1.1419,0.898,1.142,0.834,0.947,af3,msa_template
1ywi,42,2,0.942095,0.63,1.0511,0.887,1.051,0.796,0.895,af3,msa_template
1ywi,42,3,0.948664,0.64,1.4363,0.867,1.436,0.902,0.895,af3,msa_template
1ywi,42,4,0.953784,0.67,1.4542,0.881,1.454,0.925,0.947,af3,msa_template
1ywi,43,0,0.966518,0.69,1.3517,0.868,1.352,0.902,0.895,af3,msa_template
1ywi,43,1,0.95735,0.66,1.3767,0.903,1.377,0.899,1.0,af3,msa_template
1ywi,43,2,0.951845,0.66,1.4059,0.857,1.406,0.974,0.895,af3,msa_template
1ywi,43,3,0.927555,0.6,1.1893,0.856,1.189,0.879,0.842,af3,msa_template
1ywi,43,4,0.9517359999999999,0.66,1.2359,0.873,1.236,0.881,0.895,af3,msa_template
1ywi,44,0,0.9623430000000001,0.69,1.1795,0.877,1.18,0.855,0.895,af3,msa_template
1ywi,44,1,0.942809,0.63,1.0919,0.907,1.092,0.777,0.947,af3,msa_template
1ywi,44,2,0.959752,0.67,1.424,0.88,1.424,0.932,0.947,af3,msa_template
1ywi,44,3,0.955414,0.67,1.6235,0.855,1.623,0.967,0.895,af3,msa_template
1ywi,44,4,0.958459,0.68,1.0749,0.889,1.075,0.779,0.895,af3,msa_template
1ywo,42,0,0.9139830000000001,0.8,1.3129,0.933,1.313,0.599,0.96,af3,msa_template
1ywo,42,1,0.9000530000000001,0.76,1.4223,0.92,1.422,0.686,0.96,af3,msa_template
1ywo,42,2,0.911512,0.79,1.0566,0.963,1.057,0.486,1.0,af3,msa_template
1ywo,42,3,0.906172,0.78,1.0965,0.949,1.096,0.493,0.96,af3,msa_template
1ywo,42,4,0.898425,0.77,0.862,0.972,0.862,0.424,1.0,af3,msa_template
1ywo,43,0,0.907439,0.78,0.8243,0.963,0.824,0.385,0.96,af3,msa_template
1ywo,43,1,0.9094960000000001,0.79,0.8001,0.962,0.8,0.392,0.96,af3,msa_template
1ywo,43,2,0.909319,0.79,1.2135,0.953,1.214,0.553,1.0,af3,msa_template
1ywo,43,3,0.9021729999999999,0.77,0.8385,0.96,0.839,0.415,0.96,af3,msa_template
1ywo,43,4,0.912324,0.78,0.7812,0.961,0.781,0.411,0.96,af3,msa_template
1ywo,44,0,0.913525,0.79,0.9151,0.954,0.915,0.458,0.96,af3,msa_template
1ywo,44,1,0.911085,0.79,1.1312,0.947,1.131,0.506,0.96,af3,msa_template
1ywo,44,2,0.905817,0.77,1.9685,0.891,1.968,0.836,0.96,af3,msa_template
1ywo,44,3,0.906857,0.78,1.2116,0.955,1.212,0.538,1.0,af3,msa_template
1ywo,44,4,0.909089,0.78,0.9104,0.956,0.91,0.448,0.96,af3,msa_template
1yy6,42,0,0.95133,0.96,0.7506,0.884,0.751,0.806,0.882,af3,msa_template
1yy6,42,1,0.956477,0.96,0.7324,0.883,0.732,0.808,0.882,af3,msa_template
1yy6,42,2,0.9529890000000001,0.96,0.6651,0.884,0.665,0.804,0.882,af3,msa_template
1yy6,42,3,0.951674,0.96,0.7571,0.885,0.757,0.797,0.882,af3,msa_template
1yy6,42,4,0.9544020000000001,0.96,0.7219,0.884,0.722,0.806,0.882,af3,msa_template
1yy6,43,0,0.95296,0.96,0.6456,0.889,0.646,0.77,0.882,af3,msa_template
1yy6,43,1,0.948808,0.96,0.7348,0.88,0.735,0.83,0.882,af3,msa_template
1yy6,43,2,0.9493940000000001,0.96,0.71,0.884,0.71,0.807,0.882,af3,msa_template
1yy6,43,3,0.950442,0.96,0.8168,0.884,0.817,0.801,0.882,af3,msa_template
1yy6,43,4,0.9531059999999999,0.96,0.6507,0.886,0.651,0.793,0.882,af3,msa_template
1yy6,44,0,0.949042,0.96,0.7424,0.885,0.742,0.797,0.882,af3,msa_template
1yy6,44,1,0.9499150000000001,0.96,0.8288,0.876,0.829,0.855,0.882,af3,msa_template
1yy6,44,2,0.949498,0.96,0.807,0.883,0.807,0.81,0.882,af3,msa_template
1yy6,44,3,0.952332,0.96,0.8225,0.881,0.823,0.82,0.882,af3,msa_template
1yy6,44,4,0.951626,0.96,0.634,0.886,0.634,0.797,0.882,af3,msa_template
2aij,42,0,0.900071,0.93,0.4017,0.784,0.402,1.586,0.881,af3,msa_template
2aij,42,1,0.894321,0.94,0.5917,0.924,0.592,0.514,0.881,af3,msa_template
2aij,42,2,0.9012340000000001,0.93,0.6806,0.704,0.681,2.381,0.833,af3,msa_template
2aij,42,3,0.899711,0.93,0.8862,0.73,0.886,2.077,0.857,af3,msa_template
2aij,42,4,0.902426,0.93,0.7374,0.713,0.737,2.348,0.857,af3,msa_template
2aij,43,0,0.8974500000000001,0.93,0.7614,0.771,0.761,1.608,0.857,af3,msa_template
2aij,43,1,0.903287,0.93,0.7564,0.739,0.756,1.968,0.857,af3,msa_template
2aij,43,2,0.9004470000000001,0.93,0.7625,0.727,0.763,2.133,0.857,af3,msa_template
2aij,43,3,0.902124,0.93,0.8046,0.733,0.805,2.037,0.857,af3,msa_template
2aij,43,4,0.899611,0.93,0.7635,0.737,0.763,1.987,0.857,af3,msa_template
2aij,44,0,0.900853,0.93,0.8529,0.731,0.853,2.068,0.857,af3,msa_template
2aij,44,1,0.901108,0.93,0.9153,0.724,0.915,2.039,0.833,af3,msa_template
2aij,44,2,0.9032129999999999,0.93,0.6968,0.722,0.697,2.204,0.857,af3,msa_template
2aij,44,3,0.900253,0.94,0.6825,0.943,0.683,0.485,0.929,af3,msa_template
2aij,44,4,0.9032049999999999,0.93,0.9947,0.712,0.995,2.212,0.833,af3,msa_template
2aq9,42,0,0.8718819999999999,0.93,32.0694,0.027,32.069,12.336,0.0,af3,msa_template
2aq9,42,1,0.878072,0.93,32.0181,0.027,32.018,12.304,0.0,af3,msa_template
2aq9,42,2,0.8762479999999999,0.93,31.995,0.027,31.995,12.314,0.0,af3,msa_template
2aq9,42,3,0.881413,0.93,32.0285,0.027,32.029,12.318,0.0,af3,msa_template
2aq9,42,4,0.8788320000000001,0.93,32.0784,0.027,32.078,12.342,0.0,af3,msa_template
2aq9,43,0,0.873823,0.92,32.0901,0.027,32.09,12.337,0.0,af3,msa_template
2aq9,43,1,0.874717,0.92,32.0218,0.027,32.022,12.308,0.0,af3,msa_template
2aq9,43,2,0.8729680000000001,0.93,31.9019,0.027,31.902,12.273,0.0,af3,msa_template
2aq9,43,3,0.871571,0.93,32.0385,0.027,32.039,12.31,0.0,af3,msa_template
2aq9,43,4,0.877684,0.93,32.0199,0.027,32.02,12.312,0.0,af3,msa_template
2aq9,44,0,0.8722759999999999,0.92,32.1048,0.027,32.105,12.347,0.0,af3,msa_template
2aq9,44,1,0.8655660000000001,0.92,31.96,0.027,31.96,12.29,0.0,af3,msa_template
2aq9,44,2,0.8699899999999999,0.92,32.1678,0.027,32.168,12.363,0.0,af3,msa_template
2aq9,44,3,0.870719,0.92,32.1138,0.027,32.114,12.363,0.0,af3,msa_template
2aq9,44,4,0.872077,0.93,31.9585,0.027,31.959,12.274,0.0,af3,msa_template
2c3i,42,0,0.886627,0.95,0.7302,0.962,0.73,0.267,0.923,af3,msa_template
2c3i,42,1,0.885161,0.95,0.6314,0.957,0.631,0.216,0.897,af3,msa_template
2c3i,42,2,0.884911,0.95,0.5995,0.965,0.599,0.225,0.923,af3,msa_template
2c3i,42,3,0.887581,0.96,0.6056,0.964,0.606,0.239,0.923,af3,msa_template
2c3i,42,4,0.885003,0.96,0.9501,0.937,0.95,0.343,0.872,af3,msa_template
2c3i,43,0,0.885367,0.96,0.829,0.952,0.829,0.277,0.897,af3,msa_template
2c3i,43,1,0.879281,0.95,1.0895,0.941,1.09,0.37,0.897,af3,msa_template
2c3i,43,2,0.886016,0.95,0.7832,0.958,0.783,0.304,0.923,af3,msa_template
2c3i,43,3,0.879027,0.95,0.8334,0.966,0.833,0.312,0.949,af3,msa_template
2c3i,43,4,0.876729,0.95,1.5192,0.923,1.519,0.491,0.897,af3,msa_template
2c3i,44,0,0.884253,0.95,0.7519,0.969,0.752,0.284,0.949,af3,msa_template
2c3i,44,1,0.889631,0.96,0.8095,0.96,0.81,0.282,0.923,af3,msa_template
2c3i,44,2,0.885317,0.96,0.7822,0.969,0.782,0.273,0.949,af3,msa_template
2c3i,44,3,0.8857640000000001,0.96,0.7477,0.952,0.748,0.274,0.897,af3,msa_template
2c3i,44,4,0.885106,0.96,0.5841,0.948,0.584,0.227,0.872,af3,msa_template
2cch,42,0,0.815985,0.9,2.1148,0.853,2.115,0.902,0.884,af3,msa_template
2cch,42,1,0.859177,0.93,2.4381,0.853,2.438,1.024,0.953,af3,msa_template
2cch,42,2,0.80364,0.89,2.3609,0.864,2.361,0.854,0.907,af3,msa_template
2cch,42,3,0.8528789999999999,0.92,1.9734,0.903,1.973,0.792,0.977,af3,msa_template
2cch,42,4,0.86064,0.93,1.1447,0.942,1.145,0.461,0.93,af3,msa_template
2cch,43,0,0.821657,0.91,1.2273,0.928,1.227,0.507,0.907,af3,msa_template
2cch,43,1,0.832022,0.91,2.5289,0.845,2.529,1.015,0.93,af3,msa_template
2cch,43,2,0.846885,0.91,1.018,0.947,1.018,0.426,0.93,af3,msa_template
2cch,43,3,0.844068,0.92,2.095,0.871,2.095,0.891,0.93,af3,msa_template
2cch,43,4,0.796764,0.88,2.4597,0.831,2.46,1.012,0.884,af3,msa_template
2cch,44,0,0.850527,0.92,2.3672,0.864,2.367,1.012,0.977,af3,msa_template
2cch,44,1,0.8275,0.91,2.3373,0.846,2.337,0.978,0.907,af3,msa_template
2cch,44,2,0.804592,0.88,1.6214,0.89,1.621,0.7,0.884,af3,msa_template
2cch,44,3,0.857457,0.92,1.1083,0.948,1.108,0.414,0.93,af3,msa_template
2cch,44,4,0.8474160000000001,0.92,1.5559,0.919,1.556,0.609,0.93,af3,msa_template
2cny,42,0,0.9583499999999999,0.93,0.4338,0.934,0.434,0.686,0.979,af3,msa_template
2cny,42,1,0.960248,0.93,0.432,0.933,0.432,0.646,0.958,af3,msa_template
2cny,42,2,0.956485,0.93,0.3798,0.944,0.38,0.594,0.969,af3,msa_template
2cny,42,3,0.958801,0.93,0.4778,0.937,0.478,0.69,0.99,af3,msa_template
2cny,42,4,0.9570409999999999,0.93,0.4582,0.929,0.458,0.723,0.979,af3,msa_template
2cny,43,0,0.9577119999999999,0.93,0.4759,0.94,0.476,0.674,0.99,af3,msa_template
2cny,43,1,0.958742,0.93,0.5641,0.937,0.564,0.662,0.979,af3,msa_template
2cny,43,2,0.9587779999999999,0.93,0.5259,0.94,0.526,0.644,0.979,af3,msa_template
2cny,43,3,0.9586140000000001,0.93,0.4721,0.937,0.472,0.644,0.969,af3,msa_template
2cny,43,4,0.957542,0.93,0.3637,0.94,0.364,0.65,0.979,af3,msa_template
2cny,44,0,0.956619,0.93,0.4836,0.932,0.484,0.676,0.969,af3,msa_template
2cny,44,1,0.956315,0.93,0.5379,0.927,0.538,0.734,0.979,af3,msa_template
2cny,44,2,0.955106,0.93,0.5781,0.924,0.578,0.754,0.979,af3,msa_template
2cny,44,3,0.955128,0.93,0.4678,0.936,0.468,0.65,0.969,af3,msa_template
2cny,44,4,0.955554,0.93,0.4947,0.925,0.495,0.731,0.969,af3,msa_template
2e4h,42,0,0.757823,0.78,6.1247,0.583,6.125,2.132,0.76,af3,msa_template
2e4h,42,1,0.7508410000000001,0.81,3.5196,0.731,3.52,1.387,0.8,af3,msa_template
2e4h,42,2,0.786267,0.77,3.9929,0.677,3.993,1.653,0.76,af3,msa_template
2e4h,42,3,0.74127,0.79,6.2389,0.591,6.239,2.172,0.8,af3,msa_template
2e4h,42,4,0.7579699999999999,0.8,2.9738,0.747,2.974,1.355,0.8,af3,msa_template
2e4h,43,0,0.783417,0.81,3.9668,0.701,3.967,1.557,0.8,af3,msa_template
2e4h,43,1,0.783383,0.78,5.3683,0.62,5.368,1.894,0.76,af3,msa_template
2e4h,43,2,0.744615,0.79,5.1213,0.629,5.121,1.865,0.76,af3,msa_template
2e4h,43,3,0.7659950000000001,0.81,3.3318,0.735,3.332,1.393,0.8,af3,msa_template
2e4h,43,4,0.767171,0.81,7.0013,0.541,7.001,2.491,0.76,af3,msa_template
2e4h,44,0,0.762748,0.81,3.6713,0.681,3.671,1.438,0.68,af3,msa_template
2e4h,44,1,0.744595,0.8,4.8635,0.64,4.864,1.81,0.76,af3,msa_template
2e4h,44,2,0.789394,0.81,3.7479,0.711,3.748,1.515,0.8,af3,msa_template
2e4h,44,3,0.7664329999999999,0.81,4.0758,0.701,4.076,1.661,0.84,af3,msa_template
2e4h,44,4,0.7414879999999999,0.79,6.1448,0.576,6.145,2.238,0.76,af3,msa_template
2fgr,42,0,0.428769,0.48,24.3147,0.044,24.315,9.708,0.0,af3,msa_template
2fgr,42,1,0.42636,0.46,23.2326,0.048,23.233,9.312,0.0,af3,msa_template
2fgr,42,2,0.41994,0.47,24.8551,0.042,24.855,10.211,0.0,af3,msa_template
2fgr,42,3,0.416554,0.46,20.8905,0.058,20.891,8.452,0.0,af3,msa_template
2fgr,42,4,0.44438,0.49,27.8193,0.034,27.819,11.341,0.0,af3,msa_template
2fgr,43,0,0.40612000000000004,0.42,19.4879,0.065,19.488,7.967,0.0,af3,msa_template
2fgr,43,1,0.43572299999999997,0.46,23.9134,0.045,23.913,9.734,0.0,af3,msa_template
2fgr,43,2,0.436792,0.46,22.9479,0.048,22.948,9.48,0.0,af3,msa_template
2fgr,43,3,0.402238,0.43,22.1691,0.052,22.169,9.012,0.0,af3,msa_template
2fgr,43,4,0.45693399999999995,0.48,26.9845,0.036,26.984,10.949,0.0,af3,msa_template
2fgr,44,0,0.45914,0.51,28.7065,0.032,28.707,11.911,0.0,af3,msa_template
2fgr,44,1,0.433152,0.47,20.9437,0.07,20.944,8.449,0.038,af3,msa_template
2fgr,44,2,0.36924,0.42,19.456,0.078,19.456,7.861,0.038,af3,msa_template
2fgr,44,3,0.419771,0.45,20.3064,0.06,20.306,8.333,0.0,af3,msa_template
2fgr,44,4,0.472023,0.51,27.9231,0.034,27.923,11.561,0.0,af3,msa_template
2fka,42,0,0.9000100000000001,0.86,1.4398,0.929,1.44,0.599,0.952,af3,msa_template
2fka,42,1,0.896849,0.85,1.4035,0.912,1.403,0.608,0.905,af3,msa_template
2fka,42,2,0.8692489999999999,0.82,1.4713,0.908,1.471,0.632,0.905,af3,msa_template
2fka,42,3,0.871188,0.83,1.4903,0.923,1.49,0.637,0.952,af3,msa_template
2fka,42,4,0.891584,0.84,1.397,0.913,1.397,0.602,0.905,af3,msa_template
2fka,43,0,0.894139,0.85,1.364,0.935,1.364,0.56,0.952,af3,msa_template
2fka,43,1,0.8912399999999999,0.84,1.2421,0.954,1.242,0.543,1.0,af3,msa_template
2fka,43,2,0.875017,0.83,1.6058,0.902,1.606,0.667,0.905,af3,msa_template
2fka,43,3,0.880565,0.83,1.3095,0.934,1.31,0.572,0.952,af3,msa_template
2fka,43,4,0.8993040000000001,0.85,1.2172,0.951,1.217,0.572,1.0,af3,msa_template
2fka,44,0,0.893531,0.85,1.3154,0.934,1.315,0.576,0.952,af3,msa_template
2fka,44,1,0.8865179999999999,0.84,1.1959,0.938,1.196,0.548,0.952,af3,msa_template
2fka,44,2,0.898856,0.86,1.417,0.927,1.417,0.619,0.952,af3,msa_template
2fka,44,3,0.889888,0.84,1.3765,0.913,1.377,0.606,0.905,af3,msa_template
2fka,44,4,0.885575,0.84,1.3716,0.931,1.372,0.593,0.952,af3,msa_template
2hpl,42,0,0.9503780000000001,0.92,0.3274,0.98,0.327,0.183,0.957,af3,msa_template
2hpl,42,1,0.9519610000000001,0.92,0.3671,0.979,0.367,0.208,0.957,af3,msa_template
2hpl,42,2,0.952441,0.93,0.3257,0.98,0.326,0.194,0.957,af3,msa_template
2hpl,42,3,0.953676,0.93,0.3652,0.979,0.365,0.195,0.957,af3,msa_template
2hpl,42,4,0.952271,0.92,0.444,0.979,0.444,0.201,0.957,af3,msa_template
2hpl,43,0,0.955373,0.93,0.3574,0.979,0.357,0.203,0.957,af3,msa_template
2hpl,43,1,0.955005,0.93,0.4131,0.979,0.413,0.193,0.957,af3,msa_template
2hpl,43,2,0.952166,0.92,0.3767,0.979,0.377,0.193,0.957,af3,msa_template
2hpl,43,3,0.951383,0.92,0.3288,0.98,0.329,0.192,0.957,af3,msa_template
2hpl,43,4,0.950698,0.92,0.5255,0.977,0.525,0.226,0.957,af3,msa_template
2hpl,44,0,0.952546,0.93,0.3331,0.98,0.333,0.194,0.957,af3,msa_template
2hpl,44,1,0.94931,0.92,0.4282,0.978,0.428,0.216,0.957,af3,msa_template
2hpl,44,2,0.949151,0.92,0.321,0.981,0.321,0.171,0.957,af3,msa_template
2hpl,44,3,0.953788,0.93,0.3733,0.98,0.373,0.185,0.957,af3,msa_template
2hpl,44,4,0.952927,0.93,0.3378,0.98,0.338,0.187,0.957,af3,msa_template
2ht9,42,0,0.47231,0.32,23.5394,0.08,23.539,7.853,0.091,af3,msa_template
2ht9,42,1,0.616825,0.53,20.2175,0.122,20.218,7.978,0.182,af3,msa_template
2ht9,42,2,0.573612,0.47,25.7529,0.043,25.753,8.477,0.0,af3,msa_template
2ht9,42,3,0.544656,0.42,23.7116,0.08,23.712,7.97,0.091,af3,msa_template
2ht9,42,4,0.508831,0.35,23.9361,0.109,23.936,8.002,0.182,af3,msa_template
2ht9,43,0,0.5122209999999999,0.37,24.8695,0.106,24.87,8.35,0.182,af3,msa_template
2ht9,43,1,0.632285,0.56,28.108,0.036,28.108,9.61,0.0,af3,msa_template
2ht9,43,2,0.589778,0.47,26.1259,0.042,26.126,8.609,0.0,af3,msa_template
2ht9,43,3,0.6142110000000001,0.55,19.584,0.127,19.584,7.355,0.182,af3,msa_template
2ht9,43,4,0.5084409999999999,0.36,23.8072,0.109,23.807,8.062,0.182,af3,msa_template
2ht9,44,0,0.574592,0.44,17.5022,0.201,17.502,6.575,0.364,af3,msa_template
2ht9,44,1,0.508173,0.35,23.854,0.109,23.854,8.122,0.182,af3,msa_template
2ht9,44,2,0.614154,0.54,25.3497,0.044,25.35,8.378,0.0,af3,msa_template
2ht9,44,3,0.523341,0.39,23.8739,0.109,23.874,8.094,0.182,af3,msa_template
2ht9,44,4,0.517481,0.41,25.583,0.043,25.583,8.386,0.0,af3,msa_template
2i94,42,0,0.611096,0.55,13.4896,0.154,13.49,6.448,0.128,af3,msa_template
2i94,42,1,0.601967,0.55,13.3199,0.149,13.32,6.419,0.106,af3,msa_template
2i94,42,2,0.6023660000000001,0.55,12.8162,0.163,12.816,6.15,0.128,af3,msa_template
2i94,42,3,0.6242139999999999,0.58,13.1411,0.151,13.141,6.346,0.106,af3,msa_template
2i94,42,4,0.6439010000000001,0.59,12.9375,0.154,12.938,6.206,0.106,af3,msa_template
2i94,43,0,0.606904,0.55,13.1146,0.152,13.115,6.335,0.106,af3,msa_template
2i94,43,1,0.578839,0.55,13.6327,0.138,13.633,6.562,0.085,af3,msa_template
2i94,43,2,0.595688,0.53,13.1196,0.159,13.12,6.319,0.128,af3,msa_template
2i94,43,3,0.600234,0.53,13.4142,0.148,13.414,6.424,0.106,af3,msa_template
2i94,43,4,0.577886,0.5,12.9933,0.147,12.993,6.178,0.085,af3,msa_template
2i94,44,0,0.615546,0.57,13.3884,0.149,13.388,6.337,0.106,af3,msa_template
2i94,44,1,0.597236,0.53,12.946,0.161,12.946,6.222,0.128,af3,msa_template
2i94,44,2,0.603129,0.54,13.4825,0.147,13.482,6.488,0.106,af3,msa_template
2i94,44,3,0.590778,0.52,12.8598,0.162,12.86,6.204,0.128,af3,msa_template
2i94,44,4,0.608136,0.55,13.3755,0.155,13.376,6.46,0.128,af3,msa_template
2ivz,42,0,0.960274,0.96,0.5464,0.939,0.546,0.701,1.0,af3,msa_template
2ivz,42,1,0.960061,0.96,0.5997,0.941,0.6,0.686,1.0,af3,msa_template
2ivz,42,2,0.959695,0.97,0.5206,0.985,0.521,0.31,1.0,af3,msa_template
2ivz,42,3,0.960905,0.96,0.6143,0.946,0.614,0.644,1.0,af3,msa_template
2ivz,42,4,0.961875,0.97,0.5989,0.934,0.599,0.732,1.0,af3,msa_template
2ivz,43,0,0.9597549999999999,0.96,0.6113,0.944,0.611,0.659,1.0,af3,msa_template
2ivz,43,1,0.958994,0.96,0.8244,0.935,0.824,0.717,1.0,af3,msa_template
2ivz,43,2,0.9607370000000001,0.96,0.5455,0.939,0.546,0.698,1.0,af3,msa_template
2ivz,43,3,0.9613849999999999,0.96,0.7019,0.941,0.702,0.678,1.0,af3,msa_template
2ivz,43,4,0.958951,0.96,1.0852,0.921,1.085,0.799,1.0,af3,msa_template
2ivz,44,0,0.960029,0.96,0.5186,0.937,0.519,0.713,1.0,af3,msa_template
2ivz,44,1,0.961229,0.96,0.5915,0.938,0.592,0.703,1.0,af3,msa_template
2ivz,44,2,0.960035,0.96,0.5911,0.943,0.591,0.672,1.0,af3,msa_template
2ivz,44,3,0.961386,0.97,0.602,0.94,0.602,0.691,1.0,af3,msa_template
2ivz,44,4,0.9595659999999999,0.96,0.6004,0.947,0.6,0.639,1.0,af3,msa_template
2jkg,42,0,0.571196,0.48,2.4744,0.71,2.474,1.033,0.529,af3,msa_template
2jkg,42,1,0.612489,0.53,0.6453,0.954,0.645,0.426,0.941,af3,msa_template
2jkg,42,2,0.596247,0.51,0.8854,0.922,0.885,0.519,0.882,af3,msa_template
2jkg,42,3,0.608842,0.55,3.1746,0.698,3.175,1.304,0.647,af3,msa_template
2jkg,42,4,0.576307,0.49,2.5978,0.69,2.598,1.162,0.529,af3,msa_template
2jkg,43,0,0.591498,0.52,2.8497,0.699,2.85,1.202,0.588,af3,msa_template
2jkg,43,1,0.624551,0.56,1.3957,0.884,1.396,0.616,0.824,af3,msa_template
2jkg,43,2,0.572033,0.48,3.2388,0.662,3.239,1.271,0.529,af3,msa_template
2jkg,43,3,0.583635,0.5,2.7178,0.695,2.718,1.103,0.529,af3,msa_template
2jkg,43,4,0.558532,0.46,2.8855,0.677,2.885,1.21,0.529,af3,msa_template
2jkg,44,0,0.603349,0.54,3.5258,0.659,3.526,1.393,0.588,af3,msa_template
2jkg,44,1,0.573507,0.48,3.3352,0.663,3.335,1.245,0.529,af3,msa_template
2jkg,44,2,0.585579,0.52,2.3061,0.713,2.306,1.034,0.529,af3,msa_template
2jkg,44,3,0.564514,0.48,2.9829,0.654,2.983,1.224,0.471,af3,msa_template
2jkg,44,4,0.5904820000000001,0.49,0.9777,0.916,0.978,0.557,0.882,af3,msa_template
2jnw,42,0,0.9356310000000001,0.91,2.4121,0.79,2.412,1.218,0.842,af3,msa_template
2jnw,42,1,0.9276479999999999,0.89,2.1646,0.8,2.165,1.179,0.842,af3,msa_template
2jnw,42,2,0.930293,0.89,2.365,0.788,2.365,1.242,0.842,af3,msa_template
2jnw,42,3,0.928688,0.89,2.1981,0.791,2.198,1.174,0.816,af3,msa_template
2jnw,42,4,0.931651,0.9,2.0901,0.807,2.09,1.138,0.842,af3,msa_template
2jnw,43,0,0.9370059999999999,0.91,2.2627,0.8,2.263,1.161,0.842,af3,msa_template
2jnw,43,1,0.9212980000000001,0.89,2.3602,0.797,2.36,1.237,0.868,af3,msa_template
2jnw,43,2,0.9282389999999999,0.9,1.9084,0.825,1.908,1.089,0.868,af3,msa_template
2jnw,43,3,0.925265,0.9,2.8057,0.757,2.806,1.35,0.816,af3,msa_template
2jnw,43,4,0.928841,0.9,2.399,0.79,2.399,1.223,0.842,af3,msa_template
2jnw,44,0,0.927313,0.89,2.4789,0.786,2.479,1.241,0.842,af3,msa_template
2jnw,44,1,0.923759,0.89,2.1742,0.792,2.174,1.168,0.816,af3,msa_template
2jnw,44,2,0.92623,0.89,2.2818,0.795,2.282,1.2,0.842,af3,msa_template
2jnw,44,3,0.928215,0.89,2.2201,0.799,2.22,1.176,0.842,af3,msa_template
2jnw,44,4,0.9231480000000001,0.89,2.512,0.782,2.512,1.263,0.842,af3,msa_template
2jqk,42,0,0.851337,0.66,2.358,0.834,2.358,1.083,0.917,af3,msa_template
2jqk,42,1,0.8169679999999999,0.58,2.0048,0.83,2.005,0.961,0.833,af3,msa_template
2jqk,42,2,0.8380580000000001,0.63,2.0259,0.85,2.026,0.916,0.875,af3,msa_template
2jqk,42,3,0.8318949999999999,0.6,1.8659,0.85,1.866,0.932,0.875,af3,msa_template
2jqk,42,4,0.783865,0.5,1.9531,0.827,1.953,0.987,0.833,af3,msa_template
2jqk,43,0,0.860612,0.68,2.2692,0.824,2.269,1.068,0.875,af3,msa_template
2jqk,43,1,0.8497,0.67,1.9965,0.839,1.996,0.994,0.875,af3,msa_template
2jqk,43,2,0.7996519999999999,0.57,2.3085,0.802,2.308,1.125,0.833,af3,msa_template
2jqk,43,3,0.836221,0.62,2.0029,0.844,2.003,0.961,0.875,af3,msa_template
2jqk,43,4,0.785333,0.53,2.3681,0.792,2.368,1.088,0.792,af3,msa_template
2jqk,44,0,0.845053,0.63,2.0591,0.84,2.059,0.982,0.875,af3,msa_template
2jqk,44,1,0.8697199999999999,0.71,2.6579,0.796,2.658,1.221,0.875,af3,msa_template
2jqk,44,2,0.864163,0.66,2.1203,0.835,2.12,1.006,0.875,af3,msa_template
2jqk,44,3,0.845758,0.65,2.133,0.827,2.133,0.968,0.833,af3,msa_template
2jqk,44,4,0.858629,0.67,2.1857,0.845,2.186,1.025,0.917,af3,msa_template
2ka9,42,0,0.697988,0.67,49.705,0.013,49.705,15.498,0.0,af3,msa_template
2ka9,42,1,0.7148180000000001,0.7,48.423,0.013,48.423,16.836,0.0,af3,msa_template
2ka9,42,2,0.775346,0.78,49.7652,0.012,49.765,15.957,0.0,af3,msa_template
2ka9,42,3,0.774442,0.8,45.1487,0.015,45.149,14.807,0.0,af3,msa_template
2ka9,42,4,0.716691,0.72,55.0903,0.01,55.09,18.523,0.0,af3,msa_template
2ka9,43,0,0.7190219999999999,0.68,48.3214,0.013,48.321,16.83,0.0,af3,msa_template
2ka9,43,1,0.801091,0.82,51.0318,0.011,51.032,17.824,0.0,af3,msa_template
2ka9,43,2,0.7731180000000001,0.77,50.2365,0.012,50.237,16.597,0.0,af3,msa_template
2ka9,43,3,0.7442700000000001,0.73,52.4452,0.012,52.445,15.427,0.0,af3,msa_template
2ka9,43,4,0.749918,0.73,51.3545,0.011,51.355,18.056,0.0,af3,msa_template
2ka9,44,0,0.7618389999999999,0.74,51.7936,0.011,51.794,18.344,0.0,af3,msa_template
2ka9,44,1,0.7266840000000001,0.68,55.8704,0.01,55.87,18.692,0.0,af3,msa_template
2ka9,44,2,0.713633,0.69,48.1175,0.013,48.117,17.117,0.0,af3,msa_template
2ka9,44,3,0.765593,0.73,47.1642,0.014,47.164,15.617,0.0,af3,msa_template
2ka9,44,4,0.722279,0.66,46.1714,0.014,46.171,16.164,0.0,af3,msa_template
2kbr,42,0,0.8387739999999999,0.76,1.7524,0.816,1.752,1.096,0.838,af3,msa_template
2kbr,42,1,0.824538,0.77,2.0818,0.736,2.082,1.25,0.676,af3,msa_template
2kbr,42,2,0.8099729999999999,0.74,1.5914,0.786,1.591,1.07,0.73,af3,msa_template
2kbr,42,3,0.816624,0.74,1.2799,0.838,1.28,0.923,0.811,af3,msa_template
2kbr,42,4,0.8645900000000001,0.82,2.2793,0.652,2.279,1.735,0.595,af3,msa_template
2kbr,43,0,0.8126049999999999,0.73,2.1377,0.74,2.138,1.288,0.703,af3,msa_template
2kbr,43,1,0.845009,0.78,1.887,0.793,1.887,1.122,0.784,af3,msa_template
2kbr,43,2,0.828676,0.75,1.8054,0.794,1.805,1.121,0.784,af3,msa_template
2kbr,43,3,0.861443,0.8,1.9063,0.802,1.906,1.181,0.838,af3,msa_template
2kbr,43,4,0.852169,0.8,2.3178,0.727,2.318,1.365,0.703,af3,msa_template
2kbr,44,0,0.840615,0.78,1.8207,0.799,1.821,1.152,0.811,af3,msa_template
2kbr,44,1,0.839459,0.78,2.1979,0.716,2.198,1.644,0.757,af3,msa_template
2kbr,44,2,0.84978,0.77,2.0553,0.766,2.055,1.23,0.757,af3,msa_template
2kbr,44,3,0.847334,0.78,2.0198,0.716,2.02,1.421,0.676,af3,msa_template
2kbr,44,4,0.8506589999999999,0.79,1.8926,0.786,1.893,1.173,0.784,af3,msa_template
2ke1,42,0,0.774519,0.77,2.3524,0.712,2.352,2.254,0.9,af3,msa_template
2ke1,42,1,0.7952849999999999,0.8,3.8761,0.742,3.876,1.51,0.9,af3,msa_template
2ke1,42,2,0.778974,0.77,2.687,0.852,2.687,0.918,0.92,af3,msa_template
2ke1,42,3,0.794704,0.8,2.8876,0.785,2.888,1.391,0.92,af3,msa_template
2ke1,42,4,0.7753230000000001,0.77,1.6247,0.895,1.625,0.794,0.94,af3,msa_template
2ke1,43,0,0.790509,0.79,2.1838,0.837,2.184,1.194,0.96,af3,msa_template
2ke1,43,1,0.7954859999999999,0.8,3.2727,0.795,3.273,1.044,0.84,af3,msa_template
2ke1,43,2,0.7985080000000001,0.79,2.698,0.832,2.698,0.966,0.88,af3,msa_template
2ke1,43,3,0.781845,0.77,2.1034,0.818,2.103,1.0,0.82,af3,msa_template
2ke1,43,4,0.7854040000000001,0.79,4.475,0.705,4.475,1.586,0.86,af3,msa_template
2ke1,44,0,0.767171,0.78,3.6675,0.693,3.668,2.02,0.88,af3,msa_template
2ke1,44,1,0.788005,0.79,3.9571,0.784,3.957,1.152,0.9,af3,msa_template
2ke1,44,2,0.790321,0.79,3.748,0.721,3.748,1.677,0.88,af3,msa_template
2ke1,44,3,0.777075,0.78,3.1642,0.685,3.164,2.204,0.86,af3,msa_template
2ke1,44,4,0.792731,0.8,3.2134,0.809,3.213,1.004,0.86,af3,msa_template
2khh,42,0,0.504468,0.28,4.6896,0.609,4.69,2.107,0.724,af3,msa_template
2khh,42,1,0.464368,0.22,4.0331,0.638,4.033,1.94,0.724,af3,msa_template
2khh,42,2,0.565748,0.41,3.1889,0.662,3.189,1.641,0.655,af3,msa_template
2khh,42,3,0.4508,0.19,2.839,0.724,2.839,1.562,0.793,af3,msa_template
2khh,42,4,0.536812,0.38,3.4953,0.632,3.495,2.198,0.724,af3,msa_template
2khh,43,0,0.482465,0.27,4.7259,0.607,4.726,2.127,0.724,af3,msa_template
2khh,43,1,0.516267,0.35,2.8679,0.714,2.868,1.544,0.759,af3,msa_template
2khh,43,2,0.43056199999999994,0.17,3.3185,0.689,3.318,1.693,0.759,af3,msa_template
2khh,43,3,0.469256,0.25,3.5634,0.674,3.563,1.794,0.759,af3,msa_template
2khh,43,4,0.451742,0.23,4.3607,0.569,4.361,1.983,0.552,af3,msa_template
2khh,44,0,0.489052,0.29,4.2662,0.599,4.266,1.926,0.621,af3,msa_template
2khh,44,1,0.44283,0.18,3.7319,0.666,3.732,1.839,0.759,af3,msa_template
2khh,44,2,0.516598,0.29,3.6203,0.684,3.62,1.79,0.793,af3,msa_template
2khh,44,3,0.477647,0.26,2.7685,0.703,2.769,1.561,0.724,af3,msa_template
2khh,44,4,0.475008,0.24,3.551,0.619,3.551,1.9,0.621,af3,msa_template
2koh,42,0,0.6277940000000001,0.69,4.8754,0.631,4.875,1.611,0.676,af3,msa_template
2koh,42,1,0.633494,0.68,8.6891,0.527,8.689,2.116,0.757,af3,msa_template
2koh,42,2,0.645767,0.68,9.5235,0.478,9.523,2.726,0.757,af3,msa_template
2koh,42,3,0.634201,0.67,8.1891,0.572,8.189,1.999,0.838,af3,msa_template
2koh,42,4,0.695146,0.69,13.0272,0.408,13.027,3.34,0.757,af3,msa_template
2koh,43,0,0.603086,0.66,6.9866,0.528,6.987,2.74,0.757,af3,msa_template
2koh,43,1,0.609776,0.68,10.8589,0.477,10.859,2.484,0.784,af3,msa_template
2koh,43,2,0.659806,0.69,8.7501,0.522,8.75,2.301,0.784,af3,msa_template
2koh,43,3,0.6306309999999999,0.68,13.1111,0.441,13.111,2.867,0.811,af3,msa_template
2koh,43,4,0.631086,0.69,4.7921,0.668,4.792,1.806,0.838,af3,msa_template
2koh,44,0,0.641761,0.67,4.7746,0.634,4.775,1.792,0.73,af3,msa_template
2koh,44,1,0.635375,0.69,8.597,0.503,8.597,2.369,0.73,af3,msa_template
2koh,44,2,0.630452,0.66,14.5301,0.384,14.53,3.723,0.757,af3,msa_template
2koh,44,3,0.679002,0.69,15.6761,0.37,15.676,3.537,0.73,af3,msa_template
2koh,44,4,0.655752,0.69,8.0119,0.527,8.012,2.488,0.784,af3,msa_template
2las,42,0,0.7173430000000001,0.62,6.8879,0.383,6.888,2.887,0.333,af3,msa_template
2las,42,1,0.675061,0.54,6.4825,0.469,6.483,3.001,0.576,af3,msa_template
2las,42,2,0.748673,0.68,7.7506,0.377,7.751,3.096,0.394,af3,msa_template
2las,42,3,0.618011,0.45,5.2949,0.483,5.295,2.437,0.455,af3,msa_template
2las,42,4,0.674623,0.53,6.2863,0.426,6.286,2.692,0.394,af3,msa_template
2las,43,0,0.7517440000000001,0.67,7.4672,0.375,7.467,3.043,0.364,af3,msa_template
2las,43,1,0.694242,0.58,6.29,0.467,6.29,2.68,0.515,af3,msa_template
2las,43,2,0.7695050000000001,0.73,7.2586,0.369,7.259,3.035,0.333,af3,msa_template
2las,43,3,0.736173,0.64,6.6253,0.414,6.625,2.766,0.394,af3,msa_template
2las,43,4,0.736733,0.65,6.5239,0.384,6.524,2.818,0.303,af3,msa_template
2las,44,0,0.659014,0.45,6.1105,0.462,6.111,2.647,0.485,af3,msa_template
2las,44,1,0.6753180000000001,0.54,3.6035,0.699,3.603,1.72,0.818,af3,msa_template
2las,44,2,0.680932,0.56,3.808,0.713,3.808,1.732,0.879,af3,msa_template
2las,44,3,0.629229,0.48,3.3435,0.685,3.343,1.618,0.727,af3,msa_template
2las,44,4,0.655732,0.52,3.1671,0.704,3.167,1.774,0.818,af3,msa_template
2lsi,42,0,0.739922,0.75,5.3415,0.623,5.341,2.175,0.829,af3,msa_template
2lsi,42,1,0.744945,0.75,2.349,0.791,2.349,1.183,0.829,af3,msa_template
2lsi,42,2,0.760065,0.76,4.9961,0.627,4.996,2.234,0.829,af3,msa_template
2lsi,42,3,0.759019,0.77,4.7136,0.673,4.714,1.964,0.886,af3,msa_template
2lsi,42,4,0.770458,0.77,4.7488,0.66,4.749,1.992,0.857,af3,msa_template
2lsi,43,0,0.750301,0.77,4.8975,0.671,4.898,2.058,0.914,af3,msa_template
2lsi,43,1,0.7573730000000001,0.77,4.1796,0.712,4.18,1.78,0.914,af3,msa_template
2lsi,43,2,0.757682,0.78,3.8649,0.706,3.865,1.723,0.857,af3,msa_template
2lsi,43,3,0.77654,0.77,4.2593,0.691,4.259,1.773,0.857,af3,msa_template
2lsi,43,4,0.762895,0.78,3.3922,0.712,3.392,1.585,0.8,af3,msa_template
2lsi,44,0,0.7497069999999999,0.77,4.91,0.676,4.91,1.869,0.886,af3,msa_template
2lsi,44,1,0.753339,0.75,5.4553,0.64,5.455,2.157,0.886,af3,msa_template
2lsi,44,2,0.750435,0.76,2.9631,0.743,2.963,1.476,0.829,af3,msa_template
2lsi,44,3,0.757561,0.77,3.0273,0.756,3.027,1.512,0.886,af3,msa_template
2lsi,44,4,0.7547539999999999,0.77,4.6672,0.67,4.667,2.014,0.886,af3,msa_template
2m0v,42,0,0.831145,0.86,1.909,0.797,1.909,1.224,0.84,af3,msa_template
2m0v,42,1,0.8451479999999999,0.87,2.7946,0.815,2.795,1.167,0.92,af3,msa_template
2m0v,42,2,0.825707,0.85,3.0101,0.763,3.01,1.329,0.84,af3,msa_template
2m0v,42,3,0.8087340000000001,0.83,2.8378,0.798,2.838,0.994,0.8,af3,msa_template
2m0v,42,4,0.823243,0.84,2.2069,0.78,2.207,1.217,0.8,af3,msa_template
2m0v,43,0,0.822777,0.84,2.2404,0.773,2.24,1.162,0.76,af3,msa_template
2m0v,43,1,0.81975,0.84,3.098,0.814,3.098,1.123,0.92,af3,msa_template
2m0v,43,2,0.8440860000000001,0.87,2.1212,0.783,2.121,1.204,0.8,af3,msa_template
2m0v,43,3,0.8228749999999999,0.82,1.7364,0.79,1.736,1.196,0.8,af3,msa_template
2m0v,43,4,0.873707,0.89,2.466,0.785,2.466,1.241,0.84,af3,msa_template
2m0v,44,0,0.8422270000000001,0.88,4.4334,0.729,4.433,1.328,0.84,af3,msa_template
2m0v,44,1,0.8388519999999999,0.88,3.3429,0.766,3.343,1.245,0.84,af3,msa_template
2m0v,44,2,0.822093,0.86,2.4602,0.791,2.46,1.2,0.84,af3,msa_template
2m0v,44,3,0.815805,0.85,1.9851,0.795,1.985,1.135,0.8,af3,msa_template
2m0v,44,4,0.876134,0.9,3.4207,0.777,3.421,1.253,0.88,af3,msa_template
2nnu,42,0,0.824833,0.87,4.0064,0.739,4.006,1.551,0.917,af3,msa_template
2nnu,42,1,0.815871,0.87,2.7168,0.831,2.717,1.19,0.972,af3,msa_template
2nnu,42,2,0.835724,0.88,3.3284,0.753,3.328,1.493,0.889,af3,msa_template
2nnu,42,3,0.827638,0.87,3.5852,0.776,3.585,1.326,0.917,af3,msa_template
2nnu,42,4,0.826793,0.88,3.0916,0.76,3.092,1.478,0.889,af3,msa_template
2nnu,43,0,0.8307380000000001,0.88,3.7518,0.734,3.752,1.488,0.861,af3,msa_template
2nnu,43,1,0.819935,0.86,3.8618,0.73,3.862,1.59,0.889,af3,msa_template
2nnu,43,2,0.819125,0.86,3.6837,0.735,3.684,1.577,0.889,af3,msa_template
2nnu,43,3,0.8193210000000001,0.87,3.1406,0.782,3.141,1.356,0.917,af3,msa_template
2nnu,43,4,0.8214159999999999,0.87,3.1889,0.751,3.189,1.536,0.889,af3,msa_template
2nnu,44,0,0.829378,0.87,2.9532,0.764,2.953,1.389,0.861,af3,msa_template
2nnu,44,1,0.8339719999999999,0.88,3.365,0.764,3.365,1.469,0.917,af3,msa_template
2nnu,44,2,0.8229259999999999,0.87,3.4575,0.755,3.457,1.532,0.917,af3,msa_template
2nnu,44,3,0.832464,0.87,3.6956,0.745,3.696,1.568,0.917,af3,msa_template
2nnu,44,4,0.834161,0.88,3.1995,0.775,3.199,1.408,0.917,af3,msa_template
2o9v,42,0,0.9568089999999999,0.89,0.7312,0.967,0.731,0.347,0.96,af3,msa_template
2o9v,42,1,0.9582989999999999,0.89,0.5254,0.97,0.525,0.326,0.96,af3,msa_template
2o9v,42,2,0.957019,0.89,0.439,0.976,0.439,0.264,0.96,af3,msa_template
2o9v,42,3,0.957324,0.89,0.7953,0.96,0.795,0.416,0.96,af3,msa_template
2o9v,42,4,0.956879,0.89,0.5041,0.986,0.504,0.297,1.0,af3,msa_template
2o9v,43,0,0.95319,0.88,0.6575,0.97,0.657,0.326,0.96,af3,msa_template
2o9v,43,1,0.950881,0.89,0.6365,0.957,0.636,0.318,0.92,af3,msa_template
2o9v,43,2,0.955249,0.89,0.5494,0.974,0.549,0.278,0.96,af3,msa_template
2o9v,43,3,0.950767,0.88,0.6393,0.955,0.639,0.341,0.92,af3,msa_template
2o9v,43,4,0.955024,0.89,0.6541,0.97,0.654,0.32,0.96,af3,msa_template
2o9v,44,0,0.957373,0.89,0.4509,0.988,0.451,0.282,1.0,af3,msa_template
2o9v,44,1,0.956349,0.89,0.5078,0.986,0.508,0.296,1.0,af3,msa_template
2o9v,44,2,0.956264,0.89,0.4455,0.988,0.446,0.281,1.0,af3,msa_template
2o9v,44,3,0.957419,0.89,0.4879,0.974,0.488,0.29,0.96,af3,msa_template
2o9v,44,4,0.95705,0.89,0.4857,0.973,0.486,0.292,0.96,af3,msa_template
2p1o,42,0,0.6313369999999999,0.84,4.3427,0.698,4.343,1.565,0.822,af3,msa_template
2p1o,42,1,0.598878,0.81,4.9907,0.66,4.991,1.783,0.822,af3,msa_template
2p1o,42,2,0.592814,0.81,4.9218,0.67,4.922,1.776,0.844,af3,msa_template
2p1o,42,3,0.592882,0.8,4.6011,0.683,4.601,1.65,0.822,af3,msa_template
2p1o,42,4,0.6422599999999999,0.86,3.0773,0.774,3.077,1.128,0.8,af3,msa_template
2p1o,43,0,0.637465,0.85,5.7215,0.607,5.722,2.026,0.778,af3,msa_template
2p1o,43,1,0.672214,0.89,4.2167,0.7,4.217,1.504,0.8,af3,msa_template
2p1o,43,2,0.605684,0.83,5.6495,0.588,5.649,2.006,0.711,af3,msa_template
2p1o,43,3,0.611915,0.82,5.3055,0.633,5.306,1.919,0.8,af3,msa_template
2p1o,43,4,0.627059,0.85,2.7183,0.794,2.718,0.991,0.778,af3,msa_template
2p1o,44,0,0.62631,0.84,4.0755,0.691,4.076,1.49,0.756,af3,msa_template
2p1o,44,1,0.623204,0.84,4.0192,0.694,4.019,1.473,0.756,af3,msa_template
2p1o,44,2,0.642434,0.85,3.8033,0.71,3.803,1.377,0.756,af3,msa_template
2p1o,44,3,0.646292,0.86,3.3568,0.755,3.357,1.222,0.8,af3,msa_template
2p1o,44,4,0.636625,0.85,2.982,0.772,2.982,1.104,0.778,af3,msa_template
2qos,42,0,0.9421639999999999,0.95,0.3651,0.929,0.365,0.436,0.868,af3,msa_template
2qos,42,1,0.935163,0.95,0.3267,0.935,0.327,0.388,0.868,af3,msa_template
2qos,42,2,0.9349630000000001,0.95,0.2844,0.941,0.284,0.444,0.906,af3,msa_template
2qos,42,3,0.934054,0.95,0.3346,0.938,0.335,0.357,0.868,af3,msa_template
2qos,42,4,0.932306,0.95,0.3363,0.951,0.336,0.414,0.925,af3,msa_template
2qos,43,0,0.938128,0.95,0.3046,0.94,0.305,0.395,0.887,af3,msa_template
2qos,43,1,0.927883,0.95,0.3695,0.941,0.369,0.389,0.887,af3,msa_template
2qos,43,2,0.930334,0.95,0.289,0.94,0.289,0.458,0.906,af3,msa_template
2qos,43,3,0.93604,0.95,0.2961,0.945,0.296,0.464,0.925,af3,msa_template
2qos,43,4,0.9311889999999999,0.95,0.3513,0.937,0.351,0.423,0.887,af3,msa_template
2qos,44,0,0.929263,0.95,0.3718,0.936,0.372,0.484,0.906,af3,msa_template
2qos,44,1,0.931841,0.95,0.3032,0.939,0.303,0.403,0.887,af3,msa_template
2qos,44,2,0.934482,0.95,0.3395,0.928,0.339,0.451,0.868,af3,msa_template
2qos,44,3,0.9357070000000001,0.95,0.3214,0.938,0.321,0.352,0.868,af3,msa_template
2qos,44,4,0.9314619999999999,0.95,0.4599,0.921,0.46,0.452,0.849,af3,msa_template
2r7g,42,0,0.937576,0.97,1.1665,0.878,1.167,0.721,0.84,af3,msa_template
2r7g,42,1,0.942694,0.97,0.9985,0.864,0.998,0.733,0.8,af3,msa_template
2r7g,42,2,0.937633,0.97,1.0227,0.885,1.023,0.683,0.84,af3,msa_template
2r7g,42,3,0.938634,0.97,0.9321,0.887,0.932,0.67,0.84,af3,msa_template
2r7g,42,4,0.94294,0.97,0.8127,0.873,0.813,0.734,0.82,af3,msa_template
2r7g,43,0,0.941738,0.97,0.7734,0.877,0.773,0.75,0.84,af3,msa_template
2r7g,43,1,0.9375530000000001,0.97,1.0768,0.878,1.077,0.73,0.84,af3,msa_template
2r7g,43,2,0.9410120000000001,0.97,0.9544,0.871,0.954,0.782,0.84,af3,msa_template
2r7g,43,3,0.938019,0.96,0.9777,0.873,0.978,0.719,0.82,af3,msa_template
2r7g,43,4,0.935966,0.96,1.1274,0.88,1.127,0.708,0.84,af3,msa_template
2r7g,44,0,0.937147,0.97,1.0495,0.864,1.049,0.781,0.82,af3,msa_template
2r7g,44,1,0.929893,0.96,0.9522,0.879,0.952,0.727,0.84,af3,msa_template
2r7g,44,2,0.930252,0.97,0.8249,0.865,0.825,0.742,0.8,af3,msa_template
2r7g,44,3,0.9313089999999999,0.96,1.0643,0.876,1.064,0.744,0.84,af3,msa_template
2r7g,44,4,0.929704,0.96,0.9583,0.837,0.958,0.834,0.76,af3,msa_template
2rol,42,0,0.770057,0.67,1.979,0.862,1.979,0.985,0.938,af3,msa_template
2rol,42,1,0.712482,0.57,1.9161,0.872,1.916,0.921,0.938,af3,msa_template
2rol,42,2,0.768882,0.66,1.742,0.843,1.742,0.92,0.844,af3,msa_template
2rol,42,3,0.770465,0.68,1.8182,0.854,1.818,0.836,0.844,af3,msa_template
2rol,42,4,0.791677,0.72,1.875,0.831,1.875,0.917,0.812,af3,msa_template
2rol,43,0,0.7386020000000001,0.62,1.964,0.834,1.964,0.891,0.812,af3,msa_template
2rol,43,1,0.761841,0.67,1.6497,0.883,1.65,0.868,0.938,af3,msa_template
2rol,43,2,0.7293999999999999,0.61,1.6656,0.842,1.666,0.866,0.812,af3,msa_template
2rol,43,3,0.7502110000000001,0.65,1.9878,0.787,1.988,0.996,0.719,af3,msa_template
2rol,43,4,0.751601,0.66,2.0755,0.852,2.076,0.966,0.906,af3,msa_template
2rol,44,0,0.7400660000000001,0.63,3.4016,0.723,3.402,1.256,0.719,af3,msa_template
2rol,44,1,0.720651,0.6,2.3917,0.785,2.392,1.183,0.812,af3,msa_template
2rol,44,2,0.731036,0.6,1.8087,0.85,1.809,0.94,0.875,af3,msa_template
2rol,44,3,0.788189,0.72,1.5661,0.865,1.566,0.79,0.844,af3,msa_template
2rol,44,4,0.7467130000000001,0.65,2.1859,0.815,2.186,1.065,0.844,af3,msa_template
2v8c,42,0,0.7748919999999999,0.72,1.6899,0.883,1.69,0.881,0.943,af3,msa_template
2v8c,42,1,0.783754,0.74,1.853,0.876,1.853,0.912,0.943,af3,msa_template
2v8c,42,2,0.756493,0.69,2.0211,0.861,2.021,0.998,0.943,af3,msa_template
2v8c,42,3,0.759365,0.69,1.8777,0.872,1.878,0.934,0.943,af3,msa_template
2v8c,42,4,0.753147,0.68,1.7911,0.881,1.791,0.885,0.943,af3,msa_template
2v8c,43,0,0.764243,0.7,1.0617,0.917,1.062,0.694,0.943,af3,msa_template
2v8c,43,1,0.7489589999999999,0.67,1.6256,0.896,1.626,0.793,0.943,af3,msa_template
2v8c,43,2,0.770864,0.71,1.9351,0.864,1.935,0.988,0.943,af3,msa_template
2v8c,43,3,0.7689100000000001,0.7,1.5987,0.891,1.599,0.834,0.943,af3,msa_template
2v8c,43,4,0.774394,0.72,1.6899,0.89,1.69,0.829,0.943,af3,msa_template
2v8c,44,0,0.7643300000000001,0.7,2.1622,0.858,2.162,1.001,0.943,af3,msa_template
2v8c,44,1,0.75673,0.69,1.6465,0.883,1.647,0.881,0.943,af3,msa_template
2v8c,44,2,0.7361530000000001,0.65,1.9971,0.864,1.997,0.977,0.943,af3,msa_template
2v8c,44,3,0.7642310000000001,0.7,1.2681,0.908,1.268,0.746,0.943,af3,msa_template
2v8c,44,4,0.7633639999999999,0.7,1.1394,0.915,1.139,0.703,0.943,af3,msa_template
2vzg,42,0,0.8098770000000001,0.76,2.1066,0.796,2.107,1.073,0.786,af3,msa_template
2vzg,42,1,0.81081,0.77,2.199,0.809,2.199,1.143,0.857,af3,msa_template
2vzg,42,2,0.786635,0.72,2.393,0.784,2.393,1.216,0.821,af3,msa_template
2vzg,42,3,0.805104,0.76,2.1312,0.816,2.131,1.098,0.857,af3,msa_template
2vzg,42,4,0.823395,0.79,2.1707,0.802,2.171,1.11,0.821,af3,msa_template
2vzg,43,0,0.81122,0.77,2.2662,0.781,2.266,1.163,0.786,af3,msa_template
2vzg,43,1,0.809309,0.77,2.3812,0.785,2.381,1.206,0.821,af3,msa_template
2vzg,43,2,0.7923560000000001,0.74,2.1391,0.802,2.139,1.113,0.821,af3,msa_template
2vzg,43,3,0.801678,0.76,2.2297,0.809,2.23,1.139,0.857,af3,msa_template
2vzg,43,4,0.8077030000000001,0.77,2.1411,0.805,2.141,1.096,0.821,af3,msa_template
2vzg,44,0,0.799153,0.76,2.2583,0.772,2.258,1.145,0.75,af3,msa_template
2vzg,44,1,0.7854909999999999,0.73,2.1614,0.803,2.161,1.103,0.821,af3,msa_template
2vzg,44,2,0.820635,0.77,2.2886,0.798,2.289,1.125,0.821,af3,msa_template
2vzg,44,3,0.803481,0.75,2.0111,0.814,2.011,1.047,0.821,af3,msa_template
2vzg,44,4,0.8020099999999999,0.75,2.2148,0.786,2.215,1.133,0.786,af3,msa_template
2xcb,42,0,0.884743,0.93,0.9896,0.947,0.99,0.378,0.914,af3,msa_template
2xcb,42,1,0.888221,0.94,0.9977,0.936,0.998,0.394,0.886,af3,msa_template
2xcb,42,2,0.882672,0.93,0.9202,0.948,0.92,0.372,0.914,af3,msa_template
2xcb,42,3,0.883528,0.93,0.9074,0.949,0.907,0.363,0.914,af3,msa_template
2xcb,42,4,0.88524,0.93,0.9325,0.948,0.933,0.378,0.914,af3,msa_template
2xcb,43,0,0.883643,0.93,0.9421,0.949,0.942,0.36,0.914,af3,msa_template
2xcb,43,1,0.8837550000000001,0.93,0.9895,0.947,0.989,0.375,0.914,af3,msa_template
2xcb,43,2,0.8846970000000001,0.93,0.9334,0.948,0.933,0.375,0.914,af3,msa_template
2xcb,43,3,0.885394,0.94,0.9311,0.949,0.931,0.367,0.914,af3,msa_template
2xcb,43,4,0.884997,0.93,0.9709,0.949,0.971,0.365,0.914,af3,msa_template
2xcb,44,0,0.885309,0.94,0.9207,0.95,0.921,0.355,0.914,af3,msa_template
2xcb,44,1,0.877478,0.93,0.9623,0.947,0.962,0.379,0.914,af3,msa_template
2xcb,44,2,0.8826999999999999,0.93,0.9284,0.949,0.928,0.368,0.914,af3,msa_template
2xcb,44,3,0.8830159999999999,0.93,0.9061,0.95,0.906,0.36,0.914,af3,msa_template
2xcb,44,4,0.884873,0.93,0.9035,0.95,0.904,0.352,0.914,af3,msa_template
2xpn,42,0,0.90486,0.89,2.267,0.822,2.267,1.127,0.894,af3,msa_template
2xpn,42,1,0.902627,0.9,2.0085,0.866,2.008,0.996,0.957,af3,msa_template
2xpn,42,2,0.9047360000000001,0.9,2.0873,0.85,2.087,1.052,0.936,af3,msa_template
2xpn,42,3,0.9019429999999999,0.89,2.2997,0.818,2.3,1.15,0.894,af3,msa_template
2xpn,42,4,0.901533,0.89,2.087,0.851,2.087,1.047,0.936,af3,msa_template
2xpn,43,0,0.893068,0.88,2.2911,0.837,2.291,1.115,0.936,af3,msa_template
2xpn,43,1,0.902856,0.89,2.3126,0.819,2.313,1.143,0.894,af3,msa_template
2xpn,43,2,0.9059910000000001,0.89,2.3592,0.825,2.359,1.144,0.915,af3,msa_template
2xpn,43,3,0.892273,0.89,2.3243,0.839,2.324,1.152,0.957,af3,msa_template
2xpn,43,4,0.892804,0.88,2.0211,0.872,2.021,1.006,0.979,af3,msa_template
2xpn,44,0,0.898972,0.89,2.0571,0.856,2.057,1.06,0.957,af3,msa_template
2xpn,44,1,0.8893080000000001,0.87,2.239,0.84,2.239,1.104,0.936,af3,msa_template
2xpn,44,2,0.8948520000000001,0.88,2.1062,0.86,2.106,1.026,0.957,af3,msa_template
2xpn,44,3,0.8959269999999999,0.88,2.1711,0.84,2.171,1.064,0.915,af3,msa_template
2xpn,44,4,0.90385,0.89,2.4475,0.823,2.448,1.204,0.936,af3,msa_template
2xrw,42,0,0.794032,0.88,3.6085,0.778,3.609,1.465,0.975,af3,msa_template
2xrw,42,1,0.78539,0.88,3.852,0.757,3.852,1.53,0.95,af3,msa_template
2xrw,42,2,0.7839490000000001,0.88,3.9666,0.731,3.967,1.584,0.9,af3,msa_template
2xrw,42,3,0.784446,0.89,3.6034,0.726,3.603,1.915,0.95,af3,msa_template
2xrw,42,4,0.793856,0.88,3.4403,0.769,3.44,1.432,0.925,af3,msa_template
2xrw,43,0,0.798656,0.89,3.5576,0.771,3.558,1.467,0.95,af3,msa_template
2xrw,43,1,0.7980809999999999,0.9,3.6535,0.757,3.653,1.493,0.925,af3,msa_template
2xrw,43,2,0.793953,0.89,3.4479,0.787,3.448,1.421,0.975,af3,msa_template
2xrw,43,3,0.794597,0.89,3.587,0.77,3.587,1.469,0.95,af3,msa_template
2xrw,43,4,0.7915260000000001,0.89,3.5321,0.773,3.532,1.454,0.95,af3,msa_template
2xrw,44,0,0.7751359999999999,0.88,3.3665,0.728,3.367,1.859,0.925,af3,msa_template
2xrw,44,1,0.781588,0.89,3.546,0.766,3.546,1.44,0.925,af3,msa_template
2xrw,44,2,0.776837,0.89,3.5507,0.78,3.551,1.462,0.975,af3,msa_template
2xrw,44,3,0.785725,0.89,3.4584,0.729,3.458,1.918,0.95,af3,msa_template
2xrw,44,4,0.7799379999999999,0.89,3.4302,0.774,3.43,1.396,0.925,af3,msa_template
2ymt,42,0,0.9628019999999999,0.95,0.6262,0.987,0.626,0.279,1.0,af3,msa_template
2ymt,42,1,0.963195,0.95,0.9447,0.978,0.945,0.362,1.0,af3,msa_template
2ymt,42,2,0.9624339999999999,0.95,0.9615,0.966,0.962,0.368,0.968,af3,msa_template
2ymt,42,3,0.9617640000000001,0.95,0.623,0.986,0.623,0.289,1.0,af3,msa_template
2ymt,42,4,0.962864,0.95,0.6027,0.977,0.603,0.27,0.968,af3,msa_template
2ymt,43,0,0.96123,0.95,0.5904,0.988,0.59,0.274,1.0,af3,msa_template
2ymt,43,1,0.961671,0.95,0.5777,0.976,0.578,0.29,0.968,af3,msa_template
2ymt,43,2,0.9601949999999999,0.94,1.0106,0.952,1.011,0.398,0.935,af3,msa_template
2ymt,43,3,0.963284,0.95,0.6203,0.965,0.62,0.291,0.935,af3,msa_template
2ymt,43,4,0.961121,0.94,0.977,0.964,0.977,0.383,0.968,af3,msa_template
2ymt,44,0,0.963704,0.95,0.6235,0.976,0.623,0.286,0.968,af3,msa_template
2ymt,44,1,0.9622410000000001,0.94,0.6806,0.973,0.681,0.318,0.968,af3,msa_template
2ymt,44,2,0.961789,0.95,0.967,0.965,0.967,0.375,0.968,af3,msa_template
2ymt,44,3,0.962296,0.95,0.8954,0.967,0.895,0.363,0.968,af3,msa_template
2ymt,44,4,0.9633710000000001,0.95,0.6145,0.976,0.615,0.279,0.968,af3,msa_template
3agy,42,0,0.895577,0.92,1.5689,0.951,1.569,0.442,0.967,af3,msa_template
3agy,42,1,0.899821,0.93,1.842,0.932,1.842,0.572,0.967,af3,msa_template
3agy,42,2,0.891806,0.92,1.7708,0.93,1.771,0.595,0.967,af3,msa_template
3agy,42,3,0.9010750000000001,0.93,1.6833,0.932,1.683,0.586,0.967,af3,msa_template
3agy,42,4,0.8910250000000001,0.92,1.6291,0.927,1.629,0.629,0.967,af3,msa_template
3agy,43,0,0.868913,0.91,1.9658,0.928,1.966,0.588,0.967,af3,msa_template
3agy,43,1,0.895283,0.92,1.5103,0.947,1.51,0.484,0.967,af3,msa_template
3agy,43,2,0.887204,0.92,1.4579,0.948,1.458,0.481,0.967,af3,msa_template
3agy,43,3,0.8843479999999999,0.91,1.4147,0.95,1.415,0.47,0.967,af3,msa_template
3agy,43,4,0.889994,0.92,1.7573,0.936,1.757,0.549,0.967,af3,msa_template
3agy,44,0,0.8965519999999999,0.92,1.7663,0.932,1.766,0.582,0.967,af3,msa_template
3agy,44,1,0.891523,0.92,1.6215,0.947,1.621,0.474,0.967,af3,msa_template
3agy,44,2,0.899865,0.92,1.7705,0.931,1.771,0.587,0.967,af3,msa_template
3agy,44,3,0.8963209999999999,0.92,1.4133,0.951,1.413,0.461,0.967,af3,msa_template
3agy,44,4,0.900429,0.93,1.6248,0.938,1.625,0.548,0.967,af3,msa_template
3bej,42,0,0.811817,0.88,1.8484,0.794,1.848,1.005,0.737,af3,msa_template
3bej,42,1,0.806918,0.88,1.8592,0.801,1.859,1.016,0.763,af3,msa_template
3bej,42,2,0.817446,0.89,2.2332,0.764,2.233,1.05,0.684,af3,msa_template
3bej,42,3,0.812194,0.88,2.3799,0.749,2.38,1.137,0.684,af3,msa_template
3bej,42,4,0.807298,0.88,1.9874,0.766,1.987,1.062,0.684,af3,msa_template
3bej,43,0,0.813037,0.89,2.0681,0.774,2.068,1.058,0.711,af3,msa_template
3bej,43,1,0.809972,0.88,2.4018,0.744,2.402,1.171,0.684,af3,msa_template
3bej,43,2,0.818061,0.89,2.1695,0.778,2.17,1.078,0.737,af3,msa_template
3bej,43,3,0.8136620000000001,0.88,2.1997,0.756,2.2,1.107,0.684,af3,msa_template
3bej,43,4,0.812492,0.89,2.2928,0.766,2.293,1.088,0.711,af3,msa_template
3bej,44,0,0.813372,0.88,2.1657,0.768,2.166,1.091,0.711,af3,msa_template
3bej,44,1,0.8058700000000001,0.87,1.7124,0.785,1.712,0.961,0.684,af3,msa_template
3bej,44,2,0.806742,0.88,2.0972,0.765,2.097,1.056,0.684,af3,msa_template
3bej,44,3,0.807373,0.88,2.0725,0.775,2.072,1.112,0.737,af3,msa_template
3bej,44,4,0.810689,0.88,2.1146,0.784,2.115,1.044,0.737,af3,msa_template
3bqo,42,0,0.849444,0.91,1.4231,0.905,1.423,0.623,0.891,af3,msa_template
3bqo,42,1,0.857925,0.92,1.2906,0.916,1.291,0.551,0.891,af3,msa_template
3bqo,42,2,0.8487640000000001,0.91,1.7925,0.891,1.792,0.652,0.875,af3,msa_template
3bqo,42,3,0.853268,0.91,1.3391,0.925,1.339,0.564,0.922,af3,msa_template
3bqo,42,4,0.856156,0.91,3.0964,0.785,3.096,1.15,0.844,af3,msa_template
3bqo,43,0,0.851774,0.9,2.0061,0.87,2.006,0.74,0.859,af3,msa_template
3bqo,43,1,0.853351,0.91,1.6379,0.879,1.638,0.646,0.828,af3,msa_template
3bqo,43,2,0.8523040000000001,0.9,1.4394,0.898,1.439,0.597,0.859,af3,msa_template
3bqo,43,3,0.8480920000000001,0.9,1.3262,0.91,1.326,0.559,0.875,af3,msa_template
3bqo,43,4,0.85521,0.9,1.8327,0.879,1.833,0.734,0.875,af3,msa_template
3bqo,44,0,0.848906,0.9,1.4229,0.892,1.423,0.603,0.844,af3,msa_template
3bqo,44,1,0.860425,0.92,1.5276,0.912,1.528,0.602,0.906,af3,msa_template
3bqo,44,2,0.853681,0.91,1.2648,0.911,1.265,0.555,0.875,af3,msa_template
3bqo,44,3,0.858219,0.92,1.5861,0.875,1.586,0.674,0.828,af3,msa_template
3bqo,44,4,0.848302,0.91,2.8988,0.789,2.899,1.083,0.812,af3,msa_template
3emh,42,0,0.746798,0.87,0.9896,0.962,0.99,0.286,0.933,af3,msa_template
3emh,42,1,0.771963,0.9,0.7487,0.955,0.749,0.249,0.9,af3,msa_template
3emh,42,2,0.757506,0.89,0.7874,0.955,0.787,0.242,0.9,af3,msa_template
3emh,42,3,0.731985,0.85,0.6079,0.959,0.608,0.205,0.9,af3,msa_template
3emh,42,4,0.765025,0.89,0.4991,0.961,0.499,0.185,0.9,af3,msa_template
3emh,43,0,0.7783540000000001,0.9,0.6152,0.969,0.615,0.214,0.933,af3,msa_template
3emh,43,1,0.746385,0.87,1.761,0.923,1.761,0.47,0.9,af3,msa_template
3emh,43,2,0.743935,0.86,0.6429,0.958,0.643,0.214,0.9,af3,msa_template
3emh,43,3,0.785981,0.91,0.6648,0.969,0.665,0.215,0.933,af3,msa_template
3emh,43,4,0.769396,0.91,1.1209,0.937,1.121,0.3,0.867,af3,msa_template
3emh,44,0,0.750973,0.86,0.5131,0.96,0.513,0.191,0.9,af3,msa_template
3emh,44,1,0.749948,0.86,0.8301,0.943,0.83,0.249,0.867,af3,msa_template
3emh,44,2,0.786594,0.9,0.5062,0.96,0.506,0.198,0.9,af3,msa_template
3emh,44,3,0.7715040000000001,0.89,0.694,0.957,0.694,0.225,0.9,af3,msa_template
3emh,44,4,0.779956,0.89,0.5341,0.971,0.534,0.197,0.933,af3,msa_template
3emw,42,0,0.9006390000000001,0.93,1.4067,0.936,1.407,0.513,0.939,af3,msa_template
3emw,42,1,0.890818,0.93,1.3094,0.944,1.309,0.458,0.939,af3,msa_template
3emw,42,2,0.893102,0.93,1.0414,0.952,1.041,0.41,0.939,af3,msa_template
3emw,42,3,0.8899330000000001,0.93,1.0938,0.953,1.094,0.392,0.939,af3,msa_template
3emw,42,4,0.899319,0.94,1.3301,0.942,1.33,0.474,0.939,af3,msa_template
3emw,43,0,0.896958,0.93,1.1407,0.948,1.141,0.431,0.939,af3,msa_template
3emw,43,1,0.892947,0.93,0.835,0.964,0.835,0.298,0.939,af3,msa_template
3emw,43,2,0.882525,0.93,1.3097,0.934,1.31,0.537,0.939,af3,msa_template
3emw,43,3,0.898235,0.94,1.2599,0.942,1.26,0.481,0.939,af3,msa_template
3emw,43,4,0.893716,0.93,1.0345,0.953,1.034,0.4,0.939,af3,msa_template
3emw,44,0,0.899547,0.94,1.2338,0.952,1.234,0.388,0.939,af3,msa_template
3emw,44,1,0.895518,0.93,1.0705,0.951,1.07,0.414,0.939,af3,msa_template
3emw,44,2,0.8898739999999999,0.93,0.7451,0.962,0.745,0.325,0.939,af3,msa_template
3emw,44,3,0.899286,0.93,1.4739,0.927,1.474,0.577,0.939,af3,msa_template
3emw,44,4,0.8787229999999999,0.92,1.1629,0.944,1.163,0.465,0.939,af3,msa_template
3et3,42,0,0.843575,0.9,1.382,0.935,1.382,0.568,0.957,af3,msa_template
3et3,42,1,0.842288,0.9,0.8418,0.951,0.842,0.352,0.915,af3,msa_template
3et3,42,2,0.845194,0.9,0.791,0.964,0.791,0.367,0.957,af3,msa_template
3et3,42,3,0.8455800000000001,0.91,1.5017,0.928,1.502,0.611,0.957,af3,msa_template
3et3,42,4,0.8422580000000001,0.9,0.8218,0.953,0.822,0.405,0.936,af3,msa_template
3et3,43,0,0.847132,0.91,1.1858,0.934,1.186,0.538,0.936,af3,msa_template
3et3,43,1,0.839037,0.9,0.6465,0.938,0.646,0.42,0.894,af3,msa_template
3et3,43,2,0.842874,0.9,2.6421,0.809,2.642,1.226,0.915,af3,msa_template
3et3,43,3,0.8480190000000001,0.91,0.9766,0.947,0.977,0.453,0.936,af3,msa_template
3et3,43,4,0.843044,0.9,1.3175,0.922,1.317,0.621,0.936,af3,msa_template
3et3,44,0,0.8326709999999999,0.89,2.2562,0.831,2.256,1.117,0.915,af3,msa_template
3et3,44,1,0.8447939999999999,0.9,2.2967,0.84,2.297,1.095,0.936,af3,msa_template
3et3,44,2,0.841658,0.9,0.6253,0.964,0.625,0.304,0.936,af3,msa_template
3et3,44,3,0.84384,0.9,1.1741,0.922,1.174,0.52,0.894,af3,msa_template
3et3,44,4,0.845245,0.9,1.2369,0.936,1.237,0.523,0.936,af3,msa_template
3fp2,42,0,0.665288,0.89,28.3384,0.408,28.338,2.241,0.833,af3,msa_template
3fp2,42,1,0.6951309999999999,0.89,12.0269,0.588,12.027,1.026,0.75,af3,msa_template
3fp2,42,2,0.6865399999999999,0.9,12.5731,0.588,12.573,1.077,0.792,af3,msa_template
3fp2,42,3,0.695055,0.9,7.5587,0.663,7.559,1.128,0.792,af3,msa_template
3fp2,42,4,0.688086,0.9,4.0552,0.745,4.055,1.149,0.792,af3,msa_template
3fp2,43,0,0.678888,0.9,3.8302,0.758,3.83,1.096,0.792,af3,msa_template
3fp2,43,1,0.6820050000000001,0.89,4.1474,0.738,4.147,1.087,0.75,af3,msa_template
3fp2,43,2,0.684276,0.9,27.7423,0.392,27.742,2.083,0.75,af3,msa_template
3fp2,43,3,0.682686,0.9,3.9932,0.722,3.993,1.233,0.75,af3,msa_template
3fp2,43,4,0.671714,0.89,4.392,0.742,4.392,1.016,0.75,af3,msa_template
3fp2,44,0,0.659481,0.88,31.9979,0.378,31.998,2.001,0.708,af3,msa_template
3fp2,44,1,0.6965689999999999,0.89,14.8384,0.52,14.838,1.321,0.75,af3,msa_template
3fp2,44,2,0.673029,0.89,25.7304,0.397,25.73,2.289,0.792,af3,msa_template
3fp2,44,3,0.673174,0.89,15.0244,0.495,15.024,1.522,0.75,af3,msa_template
3fp2,44,4,0.687214,0.89,4.1791,0.737,4.179,1.086,0.75,af3,msa_template
3g2s,42,0,0.8517950000000001,0.85,2.208,0.892,2.208,0.89,1.0,af3,msa_template
3g2s,42,1,0.865563,0.85,1.4537,0.929,1.454,0.717,1.0,af3,msa_template
3g2s,42,2,0.8475010000000001,0.84,3.0783,0.853,3.078,0.977,0.973,af3,msa_template
3g2s,42,3,0.8621989999999999,0.85,2.2606,0.872,2.261,0.897,0.946,af3,msa_template
3g2s,42,4,0.8606090000000001,0.85,2.3683,0.866,2.368,0.923,0.946,af3,msa_template
3g2s,43,0,0.8679359999999999,0.86,3.9853,0.791,3.985,1.204,0.946,af3,msa_template
3g2s,43,1,0.84489,0.83,4.3787,0.79,4.379,1.209,0.973,af3,msa_template
3g2s,43,2,0.847925,0.84,2.5249,0.869,2.525,0.95,0.973,af3,msa_template
3g2s,43,3,0.84004,0.82,2.8418,0.855,2.842,0.996,0.973,af3,msa_template
3g2s,43,4,0.8481740000000001,0.86,4.6721,0.761,4.672,1.236,0.919,af3,msa_template
3g2s,44,0,0.844885,0.84,3.2191,0.847,3.219,0.934,0.946,af3,msa_template
3g2s,44,1,0.862245,0.85,1.4557,0.926,1.456,0.732,1.0,af3,msa_template
3g2s,44,2,0.84687,0.84,3.5743,0.838,3.574,1.005,0.973,af3,msa_template
3g2s,44,3,0.859271,0.84,3.2451,0.825,3.245,1.086,0.946,af3,msa_template
3g2s,44,4,0.87348,0.86,1.3845,0.92,1.384,0.722,0.973,af3,msa_template
3h1z,42,0,0.540667,0.6,1.8486,0.853,1.849,0.809,0.83,af3,msa_template
3h1z,42,1,0.5651039999999999,0.67,2.0289,0.867,2.029,0.822,0.887,af3,msa_template
3h1z,42,2,0.548568,0.62,2.2021,0.815,2.202,0.992,0.811,af3,msa_template
3h1z,42,3,0.487125,0.5,3.5856,0.686,3.586,1.464,0.698,af3,msa_template
3h1z,42,4,0.54494,0.62,1.9714,0.831,1.971,0.996,0.849,af3,msa_template
3h1z,43,0,0.574605,0.6,1.5518,0.93,1.552,0.503,0.925,af3,msa_template
3h1z,43,1,0.535556,0.52,2.613,0.815,2.613,1.11,0.887,af3,msa_template
3h1z,43,2,0.524699,0.53,2.3188,0.794,2.319,1.08,0.792,af3,msa_template
3h1z,43,3,0.577378,0.61,1.5175,0.898,1.518,0.611,0.868,af3,msa_template
3h1z,43,4,0.588829,0.64,1.47,0.908,1.47,0.634,0.906,af3,msa_template
3h1z,44,0,0.72087,0.78,1.5125,0.853,1.512,0.801,0.811,af3,msa_template
3h1z,44,1,0.716699,0.78,1.5429,0.91,1.543,0.709,0.943,af3,msa_template
3h1z,44,2,0.731961,0.8,1.3035,0.894,1.304,0.571,0.83,af3,msa_template
3h1z,44,3,0.721582,0.79,1.3529,0.89,1.353,0.595,0.83,af3,msa_template
3h1z,44,4,0.719896,0.77,1.7755,0.864,1.776,0.87,0.887,af3,msa_template
3i5r,42,0,0.943613,0.9,0.8894,0.943,0.889,0.555,0.962,af3,msa_template
3i5r,42,1,0.9412659999999999,0.89,0.7642,0.944,0.764,0.556,0.962,af3,msa_template
3i5r,42,2,0.9454689999999999,0.91,0.7467,0.943,0.747,0.568,0.962,af3,msa_template
3i5r,42,3,0.940913,0.89,0.8844,0.941,0.884,0.573,0.962,af3,msa_template
3i5r,42,4,0.939114,0.88,0.8355,0.941,0.836,0.574,0.962,af3,msa_template
3i5r,43,0,0.937334,0.89,0.7453,0.959,0.745,0.542,1.0,af3,msa_template
3i5r,43,1,0.939435,0.89,0.8597,0.957,0.86,0.549,1.0,af3,msa_template
3i5r,43,2,0.9425560000000001,0.89,0.7697,0.945,0.77,0.547,0.962,af3,msa_template
3i5r,43,3,0.9440170000000001,0.9,0.7857,0.973,0.786,0.419,1.0,af3,msa_template
3i5r,43,4,0.9428610000000001,0.9,0.8994,0.97,0.899,0.438,1.0,af3,msa_template
3i5r,44,0,0.948059,0.91,1.0374,0.939,1.037,0.583,0.962,af3,msa_template
3i5r,44,1,0.94188,0.9,0.8635,0.939,0.864,0.592,0.962,af3,msa_template
3i5r,44,2,0.9469580000000001,0.9,0.935,0.941,0.935,0.574,0.962,af3,msa_template
3i5r,44,3,0.944046,0.9,0.8082,0.949,0.808,0.512,0.962,af3,msa_template
3i5r,44,4,0.9447960000000001,0.9,0.8389,0.959,0.839,0.426,0.962,af3,msa_template
3obq,42,0,0.864739,0.86,0.5481,0.956,0.548,0.423,0.944,af3,msa_template
3obq,42,1,0.861195,0.86,0.9105,0.942,0.911,0.523,0.944,af3,msa_template
3obq,42,2,0.8708060000000001,0.86,0.6433,0.943,0.643,0.448,0.917,af3,msa_template
3obq,42,3,0.863363,0.85,0.6228,0.946,0.623,0.425,0.917,af3,msa_template
3obq,42,4,0.877279,0.87,0.8513,0.941,0.851,0.452,0.917,af3,msa_template
3obq,43,0,0.871485,0.87,0.8066,0.944,0.807,0.433,0.917,af3,msa_template
3obq,43,1,0.866603,0.87,0.8332,0.933,0.833,0.44,0.889,af3,msa_template
3obq,43,2,0.8608100000000001,0.85,0.7007,0.945,0.701,0.427,0.917,af3,msa_template
3obq,43,3,0.864532,0.86,0.8766,0.934,0.877,0.429,0.889,af3,msa_template
3obq,43,4,0.8653230000000001,0.86,0.71,0.944,0.71,0.437,0.917,af3,msa_template
3obq,44,0,0.8665349999999999,0.86,1.1309,0.933,1.131,0.499,0.917,af3,msa_template
3obq,44,1,0.871877,0.87,0.8488,0.937,0.849,0.487,0.917,af3,msa_template
3obq,44,2,0.874584,0.87,0.7457,0.947,0.746,0.404,0.917,af3,msa_template
3obq,44,3,0.873831,0.87,0.8308,0.939,0.831,0.474,0.917,af3,msa_template
3obq,44,4,0.8682840000000001,0.86,0.6072,0.954,0.607,0.435,0.944,af3,msa_template
3p72,42,0,0.963333,0.96,0.6135,0.963,0.614,0.27,0.927,af3,msa_template
3p72,42,1,0.964257,0.96,0.7245,0.961,0.725,0.298,0.927,af3,msa_template
3p72,42,2,0.9619329999999999,0.96,0.6563,0.953,0.656,0.3,0.902,af3,msa_template
3p72,42,3,0.9598260000000001,0.96,0.4527,0.972,0.453,0.279,0.951,af3,msa_template
3p72,42,4,0.961983,0.96,0.7228,0.959,0.723,0.32,0.927,af3,msa_template
3p72,43,0,0.965174,0.96,0.5476,0.949,0.548,0.255,0.878,af3,msa_template
3p72,43,1,0.961585,0.96,0.6672,0.952,0.667,0.303,0.902,af3,msa_template
3p72,43,2,0.963792,0.96,0.6152,0.955,0.615,0.28,0.902,af3,msa_template
3p72,43,3,0.962407,0.96,0.7082,0.96,0.708,0.309,0.927,af3,msa_template
3p72,43,4,0.964386,0.96,0.5797,0.964,0.58,0.269,0.927,af3,msa_template
3p72,44,0,0.9633780000000001,0.96,0.55,0.957,0.55,0.255,0.902,af3,msa_template
3p72,44,1,0.959543,0.96,0.6554,0.96,0.655,0.315,0.927,af3,msa_template
3p72,44,2,0.965106,0.96,0.6566,0.952,0.657,0.312,0.902,af3,msa_template
3p72,44,3,0.9623919999999999,0.96,0.6674,0.961,0.667,0.294,0.927,af3,msa_template
3p72,44,4,0.9613670000000001,0.96,0.692,0.953,0.692,0.291,0.902,af3,msa_template
3pe4,42,0,0.282828,0.37,18.5306,0.079,18.531,5.758,0.0,af3,msa_template
3pe4,42,1,0.352047,0.4,12.159,0.192,12.159,3.858,0.115,af3,msa_template
3pe4,42,2,0.369879,0.48,32.8536,0.028,32.854,10.029,0.0,af3,msa_template
3pe4,42,3,0.251252,0.37,5.336,0.507,5.336,1.769,0.385,af3,msa_template
3pe4,42,4,0.299873,0.4,18.6701,0.078,18.67,5.836,0.0,af3,msa_template
3pe4,43,0,0.277947,0.36,19.0191,0.076,19.019,5.905,0.0,af3,msa_template
3pe4,43,1,0.346962,0.4,11.9622,0.189,11.962,3.794,0.096,af3,msa_template
3pe4,43,2,0.373941,0.44,12.8006,0.168,12.801,4.035,0.077,af3,msa_template
3pe4,43,3,0.297253,0.39,25.9563,0.114,25.956,8.11,0.212,af3,msa_template
3pe4,43,4,0.35511699999999996,0.41,12.3252,0.177,12.325,3.872,0.077,af3,msa_template
3pe4,44,0,0.322885,0.4,26.2917,0.1,26.292,8.21,0.173,af3,msa_template
3pe4,44,1,0.319667,0.42,33.0931,0.028,33.093,10.082,0.0,af3,msa_template
3pe4,44,2,0.34868000000000005,0.45,33.643,0.027,33.643,10.267,0.0,af3,msa_template
3pe4,44,3,0.32571599999999995,0.42,33.5476,0.027,33.548,10.216,0.0,af3,msa_template
3pe4,44,4,0.352858,0.41,12.631,0.171,12.631,3.984,0.077,af3,msa_template
3plu,42,0,0.962649,0.91,0.3398,0.977,0.34,0.282,0.966,af3,msa_template
3plu,42,1,0.962405,0.9,0.5121,0.983,0.512,0.33,1.0,af3,msa_template
3plu,42,2,0.963514,0.91,0.5163,0.959,0.516,0.342,0.931,af3,msa_template
3plu,42,3,0.961855,0.9,0.4704,0.985,0.47,0.316,1.0,af3,msa_template
3plu,42,4,0.962221,0.9,0.382,0.979,0.382,0.243,0.966,af3,msa_template
3plu,43,0,0.96013,0.9,0.5312,0.96,0.531,0.331,0.931,af3,msa_template
3plu,43,1,0.9641160000000001,0.91,0.3467,0.99,0.347,0.255,1.0,af3,msa_template
3plu,43,2,0.9616939999999999,0.9,0.5363,0.971,0.536,0.334,0.966,af3,msa_template
3plu,43,3,0.960176,0.9,0.5341,0.962,0.534,0.312,0.931,af3,msa_template
3plu,43,4,0.960049,0.9,0.3831,0.985,0.383,0.322,1.0,af3,msa_template
3plu,44,0,0.962609,0.9,0.3743,0.966,0.374,0.269,0.931,af3,msa_template
3plu,44,1,0.961547,0.9,0.3961,0.974,0.396,0.307,0.966,af3,msa_template
3plu,44,2,0.961106,0.9,0.4978,0.985,0.498,0.316,1.0,af3,msa_template
3plu,44,3,0.961233,0.9,0.4998,0.972,0.5,0.328,0.966,af3,msa_template
3plu,44,4,0.960577,0.9,0.5081,0.973,0.508,0.32,0.966,af3,msa_template
3r42,42,0,0.8110259999999999,0.8,0.6989,0.922,0.699,0.503,0.875,af3,msa_template
3r42,42,1,0.804326,0.8,0.7409,0.956,0.741,0.384,0.938,af3,msa_template
3r42,42,2,0.8464079999999999,0.86,3.8843,0.63,3.884,1.592,0.594,af3,msa_template
3r42,42,3,0.856725,0.87,3.8497,0.647,3.85,1.543,0.625,af3,msa_template
3r42,42,4,0.8550620000000001,0.86,4.1497,0.624,4.15,1.696,0.625,af3,msa_template
3r42,43,0,0.782651,0.77,0.8123,0.913,0.812,0.485,0.844,af3,msa_template
3r42,43,1,0.863325,0.87,4.3205,0.61,4.32,1.689,0.594,af3,msa_template
3r42,43,2,0.856648,0.86,4.2569,0.606,4.257,1.641,0.562,af3,msa_template
3r42,43,3,0.855437,0.86,4.4923,0.592,4.492,1.721,0.562,af3,msa_template
3r42,43,4,0.7903709999999999,0.78,1.2163,0.914,1.216,0.536,0.875,af3,msa_template
3r42,44,0,0.805497,0.79,1.227,0.923,1.227,0.455,0.875,af3,msa_template
3r42,44,1,0.841388,0.86,3.9092,0.642,3.909,1.578,0.625,af3,msa_template
3r42,44,2,0.849374,0.86,4.1028,0.608,4.103,1.655,0.562,af3,msa_template
3r42,44,3,0.870368,0.88,4.2399,0.614,4.24,1.662,0.594,af3,msa_template
3r42,44,4,0.8657290000000001,0.88,3.2941,0.686,3.294,1.317,0.625,af3,msa_template
3s9c,42,0,0.808242,0.87,6.3262,0.563,6.326,2.111,0.711,af3,msa_template
3s9c,42,1,0.742009,0.82,1.8582,0.762,1.858,1.761,0.911,af3,msa_template
3s9c,42,2,0.788342,0.84,5.9119,0.589,5.912,2.101,0.756,af3,msa_template
3s9c,42,3,0.730952,0.81,1.7255,0.777,1.725,1.427,0.844,af3,msa_template
3s9c,42,4,0.788198,0.85,6.1541,0.57,6.154,2.297,0.756,af3,msa_template
3s9c,43,0,0.763425,0.82,6.1928,0.571,6.193,2.046,0.711,af3,msa_template
3s9c,43,1,0.788242,0.85,6.4955,0.583,6.495,2.089,0.778,af3,msa_template
3s9c,43,2,0.7606229999999999,0.82,5.146,0.612,5.146,2.153,0.778,af3,msa_template
3s9c,43,3,0.737556,0.82,1.5679,0.796,1.568,1.284,0.844,af3,msa_template
3s9c,43,4,0.7195579999999999,0.79,1.8321,0.784,1.832,1.411,0.867,af3,msa_template
3s9c,44,0,0.784161,0.86,6.3249,0.578,6.325,2.115,0.756,af3,msa_template
3s9c,44,1,0.747648,0.84,1.2868,0.798,1.287,1.295,0.844,af3,msa_template
3s9c,44,2,0.769364,0.84,6.4682,0.561,6.468,2.317,0.756,af3,msa_template
3s9c,44,3,0.78175,0.87,6.8792,0.538,6.879,2.431,0.733,af3,msa_template
3s9c,44,4,0.764116,0.83,6.5681,0.56,6.568,2.191,0.733,af3,msa_template
3shb,42,0,0.845441,0.77,4.8114,0.724,4.811,1.667,0.968,af3,msa_template
3shb,42,1,0.843893,0.76,4.1429,0.761,4.143,1.479,0.968,af3,msa_template
3shb,42,2,0.828176,0.74,4.7156,0.721,4.716,1.729,0.968,af3,msa_template
3shb,42,3,0.831494,0.75,4.5993,0.738,4.599,1.589,0.968,af3,msa_template
3shb,42,4,0.8487520000000001,0.78,4.936,0.712,4.936,1.757,0.968,af3,msa_template
3shb,43,0,0.83867,0.76,4.8923,0.72,4.892,1.687,0.968,af3,msa_template
3shb,43,1,0.864876,0.78,3.9246,0.785,3.925,1.318,0.968,af3,msa_template
3shb,43,2,0.846015,0.77,3.8124,0.785,3.812,1.341,0.968,af3,msa_template
3shb,43,3,0.846319,0.77,4.7723,0.715,4.772,1.659,0.935,af3,msa_template
3shb,43,4,0.8374739999999999,0.77,4.7061,0.717,4.706,1.657,0.935,af3,msa_template
3shb,44,0,0.841889,0.77,3.4807,0.803,3.481,1.263,0.968,af3,msa_template
3shb,44,1,0.846048,0.77,4.7089,0.717,4.709,1.659,0.935,af3,msa_template
3shb,44,2,0.849811,0.78,4.8442,0.726,4.844,1.641,0.968,af3,msa_template
3shb,44,3,0.8311109999999999,0.76,1.325,0.911,1.325,0.778,0.968,af3,msa_template
3shb,44,4,0.8452630000000001,0.77,4.0108,0.772,4.011,1.414,0.968,af3,msa_template
3tiw,42,0,0.82207,0.84,0.8078,0.927,0.808,0.525,0.9,af3,msa_template
3tiw,42,1,0.8413729999999999,0.87,2.9012,0.864,2.901,0.874,0.95,af3,msa_template
3tiw,42,2,0.834547,0.86,2.9187,0.844,2.919,0.954,0.925,af3,msa_template
3tiw,42,3,0.834393,0.85,0.8727,0.942,0.873,0.468,0.925,af3,msa_template
3tiw,42,4,0.831087,0.85,1.7972,0.947,1.797,0.479,0.975,af3,msa_template
3tiw,43,0,0.8305889999999999,0.85,0.9012,0.944,0.901,0.446,0.925,af3,msa_template
3tiw,43,1,0.8405029999999999,0.85,1.3123,0.959,1.312,0.427,0.975,af3,msa_template
3tiw,43,2,0.8362860000000001,0.85,0.9094,0.952,0.909,0.448,0.95,af3,msa_template
3tiw,43,3,0.841945,0.86,0.659,0.959,0.659,0.402,0.95,af3,msa_template
3tiw,43,4,0.8480960000000001,0.86,2.6935,0.856,2.694,0.844,0.9,af3,msa_template
3tiw,44,0,0.814265,0.83,1.3111,0.918,1.311,0.627,0.925,af3,msa_template
3tiw,44,1,0.844623,0.85,1.1913,0.943,1.191,0.507,0.95,af3,msa_template
3tiw,44,2,0.8604189999999999,0.87,2.7594,0.872,2.759,0.839,0.95,af3,msa_template
3tiw,44,3,0.822744,0.84,1.2168,0.938,1.217,0.547,0.95,af3,msa_template
3tiw,44,4,0.837144,0.86,1.7492,0.936,1.749,0.571,0.975,af3,msa_template
3v2o,42,0,0.7514660000000001,0.63,3.0652,0.832,3.065,1.133,0.975,af3,msa_template
3v2o,42,1,0.741652,0.61,2.6895,0.858,2.69,1.006,0.975,af3,msa_template
3v2o,42,2,0.734426,0.6,2.3042,0.878,2.304,0.915,0.975,af3,msa_template
3v2o,42,3,0.7665989999999999,0.64,3.0923,0.83,3.092,1.141,0.975,af3,msa_template
3v2o,42,4,0.751761,0.65,2.787,0.851,2.787,1.041,0.975,af3,msa_template
3v2o,43,0,0.778285,0.63,2.9817,0.84,2.982,1.091,0.975,af3,msa_template
3v2o,43,1,0.552724,0.4,9.5932,0.255,9.593,3.249,0.15,af3,msa_template
3v2o,43,2,0.587688,0.46,9.1279,0.276,9.128,3.101,0.175,af3,msa_template
3v2o,43,3,0.562684,0.42,9.0191,0.271,9.019,3.057,0.15,af3,msa_template
3v2o,43,4,0.614552,0.5,11.2862,0.182,11.286,3.797,0.05,af3,msa_template
3v2o,44,0,0.7944979999999999,0.68,2.7967,0.853,2.797,1.023,0.975,af3,msa_template
3v2o,44,1,0.5582630000000001,0.41,9.3,0.263,9.3,3.149,0.15,af3,msa_template
3v2o,44,2,0.578749,0.42,9.0007,0.272,9.001,3.059,0.15,af3,msa_template
3v2o,44,3,0.751757,0.67,2.0621,0.881,2.062,0.815,0.925,af3,msa_template
3v2o,44,4,0.5722849999999999,0.44,9.1903,0.265,9.19,3.159,0.15,af3,msa_template
3wgx,42,0,0.8470759999999999,0.87,2.7882,0.778,2.788,1.135,0.794,af3,msa_template
3wgx,42,1,0.8653350000000001,0.9,0.7346,0.92,0.735,0.368,0.824,af3,msa_template
3wgx,42,2,0.8745269999999999,0.9,1.072,0.913,1.072,0.495,0.853,af3,msa_template
3wgx,42,3,0.859445,0.9,1.3219,0.881,1.322,0.574,0.794,af3,msa_template
3wgx,42,4,0.874757,0.91,1.724,0.872,1.724,0.744,0.853,af3,msa_template
3wgx,43,0,0.879561,0.91,1.2525,0.902,1.252,0.566,0.853,af3,msa_template
3wgx,43,1,0.860549,0.9,2.2808,0.806,2.281,0.937,0.765,af3,msa_template
3wgx,43,2,0.8772920000000001,0.91,1.0926,0.924,1.093,0.483,0.882,af3,msa_template
3wgx,43,3,0.858822,0.89,2.2162,0.812,2.216,0.9,0.765,af3,msa_template
3wgx,43,4,0.862629,0.9,1.7512,0.853,1.751,0.736,0.794,af3,msa_template
3wgx,44,0,0.8776569999999999,0.91,1.3967,0.905,1.397,0.609,0.882,af3,msa_template
3wgx,44,1,0.853853,0.89,2.3009,0.803,2.301,0.953,0.765,af3,msa_template
3wgx,44,2,0.8757630000000001,0.91,1.6321,0.888,1.632,0.71,0.882,af3,msa_template
3wgx,44,3,0.8551860000000001,0.89,2.7128,0.774,2.713,1.098,0.765,af3,msa_template
3wgx,44,4,0.8609709999999999,0.89,0.6134,0.953,0.613,0.34,0.912,af3,msa_template
3zrj,42,0,0.7673380000000001,0.57,1.8297,0.821,1.83,1.053,0.839,af3,msa_template
3zrj,42,1,0.7957040000000001,0.62,2.6097,0.769,2.61,1.346,0.839,af3,msa_template
3zrj,42,2,0.797966,0.64,3.4492,0.724,3.449,1.687,0.871,af3,msa_template
3zrj,42,3,0.793502,0.66,2.5165,0.777,2.517,1.293,0.839,af3,msa_template
3zrj,42,4,0.792631,0.59,2.6146,0.784,2.615,1.311,0.871,af3,msa_template
3zrj,43,0,0.795038,0.59,2.3649,0.788,2.365,1.232,0.839,af3,msa_template
3zrj,43,1,0.772993,0.52,2.8432,0.741,2.843,1.452,0.806,af3,msa_template
3zrj,43,2,0.7937080000000001,0.65,2.7426,0.784,2.743,1.372,0.903,af3,msa_template
3zrj,43,3,0.821523,0.64,1.4303,0.877,1.43,0.928,0.935,af3,msa_template
3zrj,43,4,0.802229,0.62,2.2347,0.812,2.235,1.23,0.903,af3,msa_template
3zrj,44,0,0.7933,0.61,2.4838,0.808,2.484,1.312,0.935,af3,msa_template
3zrj,44,1,0.809516,0.68,2.7323,0.758,2.732,1.413,0.839,af3,msa_template
3zrj,44,2,0.781069,0.64,2.7268,0.76,2.727,1.399,0.839,af3,msa_template
3zrj,44,3,0.811587,0.68,2.2447,0.793,2.245,1.207,0.839,af3,msa_template
3zrj,44,4,0.7910389999999999,0.63,2.5707,0.77,2.571,1.342,0.839,af3,msa_template
4a2a,42,0,0.912194,0.95,0.5174,0.948,0.517,0.334,0.895,af3,msa_template
4a2a,42,1,0.904095,0.95,0.5127,0.93,0.513,0.333,0.842,af3,msa_template
4a2a,42,2,0.904956,0.95,0.5615,0.948,0.561,0.326,0.895,af3,msa_template
4a2a,42,3,0.9069809999999999,0.95,0.6041,0.957,0.604,0.324,0.921,af3,msa_template
4a2a,42,4,0.903613,0.95,0.5293,0.95,0.529,0.305,0.895,af3,msa_template
4a2a,43,0,0.91176,0.96,0.7009,0.926,0.701,0.369,0.842,af3,msa_template
4a2a,43,1,0.91218,0.96,0.5738,0.946,0.574,0.356,0.895,af3,msa_template
4a2a,43,2,0.909121,0.96,0.6442,0.951,0.644,0.384,0.921,af3,msa_template
4a2a,43,3,0.911458,0.95,0.667,0.942,0.667,0.287,0.868,af3,msa_template
4a2a,43,4,0.906369,0.95,0.5928,0.939,0.593,0.333,0.868,af3,msa_template
4a2a,44,0,0.35089,0.33,3.4031,0.691,3.403,1.421,0.684,af3,msa_template
4a2a,44,1,0.359786,0.36,6.508,0.37,6.508,2.48,0.211,af3,msa_template
4a2a,44,2,0.324281,0.32,51.1421,0.011,51.142,19.464,0.0,af3,msa_template
4a2a,44,3,0.362445,0.46,50.1037,0.011,50.104,19.098,0.0,af3,msa_template
4a2a,44,4,0.34541299999999997,0.29,5.7391,0.399,5.739,2.294,0.211,af3,msa_template
4bt9,42,0,0.85112,0.82,3.3905,0.866,3.391,0.741,0.931,af3,msa_template
4bt9,42,1,0.84198,0.8,2.4568,0.886,2.457,0.738,0.931,af3,msa_template
4bt9,42,2,0.8539289999999999,0.81,2.6952,0.877,2.695,0.769,0.931,af3,msa_template
4bt9,42,3,0.850765,0.81,3.1157,0.875,3.116,0.724,0.931,af3,msa_template
4bt9,42,4,0.6055550000000001,0.62,3.9373,0.656,3.937,1.335,0.586,af3,msa_template
4bt9,43,0,0.8376290000000001,0.81,2.5572,0.889,2.557,0.704,0.931,af3,msa_template
4bt9,43,1,0.846909,0.81,4.9318,0.83,4.932,0.725,0.931,af3,msa_template
4bt9,43,2,0.604649,0.52,15.1534,0.169,15.153,5.952,0.207,af3,msa_template
4bt9,43,3,0.8386199999999999,0.79,2.7296,0.886,2.73,0.7,0.931,af3,msa_template
4bt9,43,4,0.851804,0.82,3.0597,0.861,3.06,0.825,0.931,af3,msa_template
4bt9,44,0,0.584198,0.48,15.2928,0.179,15.293,5.99,0.241,af3,msa_template
4bt9,44,1,0.839109,0.81,3.5255,0.864,3.525,0.732,0.931,af3,msa_template
4bt9,44,2,0.844707,0.81,3.0089,0.88,3.009,0.702,0.931,af3,msa_template
4bt9,44,3,0.828429,0.8,3.4767,0.869,3.477,0.704,0.931,af3,msa_template
4bt9,44,4,0.835904,0.79,3.7756,0.865,3.776,0.682,0.931,af3,msa_template
4c5a,42,0,0.460679,0.45,67.8821,0.007,67.882,21.769,0.0,af3,msa_template
4c5a,42,1,0.5015149999999999,0.5,33.2781,0.027,33.278,10.544,0.0,af3,msa_template
4c5a,42,2,0.46854300000000004,0.54,40.3046,0.019,40.305,12.833,0.0,af3,msa_template
4c5a,42,3,0.510443,0.6,35.8173,0.023,35.817,11.53,0.0,af3,msa_template
4c5a,42,4,0.506601,0.56,43.7878,0.016,43.788,13.852,0.0,af3,msa_template
4c5a,43,0,0.507366,0.57,36.0922,0.023,36.092,11.403,0.0,af3,msa_template
4c5a,43,1,0.5332330000000001,0.59,67.986,0.007,67.986,21.904,0.0,af3,msa_template
4c5a,43,2,0.457628,0.39,56.9948,0.009,56.995,19.051,0.0,af3,msa_template
4c5a,43,3,0.35133000000000003,0.23,53.0924,0.011,53.092,17.08,0.0,af3,msa_template
4c5a,43,4,0.388773,0.39,37.0147,0.022,37.015,11.575,0.0,af3,msa_template
4c5a,44,0,0.47631599999999996,0.53,33.6962,0.026,33.696,10.688,0.0,af3,msa_template
4c5a,44,1,0.455285,0.5,38.3605,0.02,38.36,12.298,0.0,af3,msa_template
4c5a,44,2,0.454175,0.49,34.6336,0.025,34.634,10.975,0.0,af3,msa_template
4c5a,44,3,0.476285,0.57,38.9853,0.019,38.985,13.252,0.0,af3,msa_template
4c5a,44,4,0.356134,0.37,46.6024,0.014,46.602,14.851,0.0,af3,msa_template
4dg3,42,0,0.914634,0.95,0.8107,0.906,0.811,0.649,0.884,af3,msa_template
4dg3,42,1,0.901828,0.95,0.9352,0.9,0.935,0.572,0.841,af3,msa_template
4dg3,42,2,0.915759,0.95,0.5429,0.945,0.543,0.469,0.928,af3,msa_template
4dg3,42,3,0.9143720000000001,0.95,0.5585,0.935,0.559,0.512,0.913,af3,msa_template
4dg3,42,4,0.915188,0.95,0.7549,0.931,0.755,0.571,0.928,af3,msa_template
4dg3,43,0,0.914303,0.95,0.688,0.927,0.688,0.565,0.913,af3,msa_template
4dg3,43,1,0.9117359999999999,0.95,0.6695,0.915,0.67,0.584,0.884,af3,msa_template
4dg3,43,2,0.912026,0.95,0.8625,0.896,0.863,0.716,0.884,af3,msa_template
4dg3,43,3,0.914213,0.95,0.5688,0.932,0.569,0.494,0.899,af3,msa_template
4dg3,43,4,0.9108339999999999,0.95,0.7826,0.912,0.783,0.641,0.899,af3,msa_template
4dg3,44,0,0.9124979999999999,0.95,0.8347,0.906,0.835,0.647,0.884,af3,msa_template
4dg3,44,1,0.913361,0.95,0.763,0.918,0.763,0.597,0.899,af3,msa_template
4dg3,44,2,0.915052,0.95,0.7315,0.91,0.731,0.62,0.884,af3,msa_template
4dg3,44,3,0.913015,0.95,0.716,0.928,0.716,0.558,0.913,af3,msa_template
4dg3,44,4,0.903597,0.95,0.7689,0.919,0.769,0.588,0.899,af3,msa_template
4ep2,42,0,0.598915,0.62,1.0556,0.934,1.056,0.384,0.878,af3,msa_template
4ep2,42,1,0.6501349999999999,0.67,12.7635,0.207,12.764,3.551,0.162,af3,msa_template
4ep2,42,2,0.653312,0.68,12.7811,0.207,12.781,3.555,0.162,af3,msa_template
4ep2,42,3,0.6506270000000001,0.68,12.8423,0.206,12.842,3.574,0.162,af3,msa_template
4ep2,42,4,0.651455,0.69,12.7829,0.207,12.783,3.55,0.162,af3,msa_template
4ep2,43,0,0.638988,0.67,12.7833,0.207,12.783,3.548,0.162,af3,msa_template
4ep2,43,1,0.511438,0.49,2.8284,0.786,2.828,0.82,0.689,af3,msa_template
4ep2,43,2,0.639305,0.67,12.7091,0.208,12.709,3.536,0.162,af3,msa_template
4ep2,43,3,0.6441020000000001,0.67,12.8928,0.205,12.893,3.585,0.162,af3,msa_template
4ep2,43,4,0.6423019999999999,0.67,12.8903,0.205,12.89,3.584,0.162,af3,msa_template
4ep2,44,0,0.632277,0.66,12.8864,0.205,12.886,3.584,0.162,af3,msa_template
4ep2,44,1,0.635548,0.67,12.8188,0.206,12.819,3.564,0.162,af3,msa_template
4ep2,44,2,0.607722,0.62,0.8706,0.947,0.871,0.359,0.905,af3,msa_template
4ep2,44,3,0.64614,0.68,12.846,0.206,12.846,3.567,0.162,af3,msa_template
4ep2,44,4,0.642145,0.67,12.7868,0.207,12.787,3.556,0.162,af3,msa_template
4fii,42,0,0.898236,0.96,0.8258,0.956,0.826,0.494,0.974,af3,msa_template
4fii,42,1,0.909316,0.96,0.8516,0.935,0.852,0.589,0.947,af3,msa_template
4fii,42,2,0.9094979999999999,0.96,0.8326,0.937,0.833,0.573,0.947,af3,msa_template
4fii,42,3,0.913798,0.96,0.9364,0.921,0.936,0.685,0.947,af3,msa_template
4fii,42,4,0.911364,0.96,0.9724,0.938,0.972,0.557,0.947,af3,msa_template
4fii,43,0,0.902952,0.96,0.955,0.937,0.955,0.56,0.947,af3,msa_template
4fii,43,1,0.910764,0.96,0.7546,0.933,0.755,0.609,0.947,af3,msa_template
4fii,43,2,0.913064,0.96,0.9323,0.922,0.932,0.617,0.921,af3,msa_template
4fii,43,3,0.9126860000000001,0.96,0.8144,0.925,0.814,0.594,0.921,af3,msa_template
4fii,43,4,0.909388,0.96,0.7965,0.928,0.796,0.642,0.947,af3,msa_template
4fii,44,0,0.9079200000000001,0.96,0.8097,0.918,0.81,0.653,0.921,af3,msa_template
4fii,44,1,0.9076000000000001,0.96,0.7578,0.923,0.758,0.619,0.921,af3,msa_template
4fii,44,2,0.909072,0.96,0.8669,0.928,0.867,0.571,0.921,af3,msa_template
4fii,44,3,0.91208,0.96,0.8962,0.937,0.896,0.565,0.947,af3,msa_template
4fii,44,4,0.907862,0.96,0.92,0.932,0.92,0.601,0.947,af3,msa_template
4gq6,42,0,0.7488750000000001,0.87,1.8453,0.883,1.845,0.616,0.839,af3,msa_template
4gq6,42,1,0.7600520000000001,0.88,1.6536,0.906,1.654,0.557,0.875,af3,msa_template
4gq6,42,2,0.734938,0.86,2.3768,0.831,2.377,0.755,0.768,af3,msa_template
4gq6,42,3,0.754556,0.88,1.5185,0.903,1.518,0.498,0.839,af3,msa_template
4gq6,42,4,0.754749,0.88,1.7316,0.896,1.732,0.578,0.857,af3,msa_template
4gq6,43,0,0.755899,0.88,1.6568,0.894,1.657,0.556,0.839,af3,msa_template
4gq6,43,1,0.760859,0.88,1.6891,0.904,1.689,0.566,0.875,af3,msa_template
4gq6,43,2,0.759168,0.89,1.6434,0.896,1.643,0.545,0.839,af3,msa_template
4gq6,43,3,0.7491129999999999,0.87,1.9672,0.872,1.967,0.641,0.821,af3,msa_template
4gq6,43,4,0.751056,0.87,1.8666,0.89,1.867,0.608,0.857,af3,msa_template
4gq6,44,0,0.7456579999999999,0.87,1.8132,0.881,1.813,0.592,0.821,af3,msa_template
4gq6,44,1,0.752116,0.88,1.8378,0.873,1.838,0.608,0.804,af3,msa_template
4gq6,44,2,0.7522709999999999,0.88,1.8063,0.893,1.806,0.596,0.857,af3,msa_template
4gq6,44,3,0.757757,0.88,1.5314,0.906,1.531,0.521,0.857,af3,msa_template
4gq6,44,4,0.75362,0.88,1.8415,0.88,1.842,0.6,0.821,af3,msa_template
4hdq,42,0,0.8338,0.93,2.6632,0.802,2.663,1.152,0.867,af3,msa_template
4hdq,42,1,0.8342849999999999,0.94,2.5876,0.854,2.588,0.718,0.833,af3,msa_template
4hdq,42,2,0.837202,0.94,2.8518,0.795,2.852,1.173,0.867,af3,msa_template
4hdq,42,3,0.833981,0.93,2.6092,0.804,2.609,1.144,0.867,af3,msa_template
4hdq,42,4,0.833607,0.93,2.7574,0.785,2.757,1.181,0.833,af3,msa_template
4hdq,43,0,0.8324809999999999,0.93,2.7012,0.799,2.701,1.17,0.867,af3,msa_template
4hdq,43,1,0.8346040000000001,0.95,2.9523,0.791,2.952,1.189,0.867,af3,msa_template
4hdq,43,2,0.831524,0.93,2.4976,0.797,2.498,1.131,0.833,af3,msa_template
4hdq,43,3,0.8368129999999999,0.94,2.569,0.795,2.569,1.135,0.833,af3,msa_template
4hdq,43,4,0.8374299999999999,0.94,2.8245,0.794,2.825,1.186,0.867,af3,msa_template
4hdq,44,0,0.831443,0.93,2.3576,0.87,2.358,0.632,0.833,af3,msa_template
4hdq,44,1,0.839459,0.94,2.6763,0.8,2.676,1.163,0.867,af3,msa_template
4hdq,44,2,0.827739,0.93,2.814,0.797,2.814,1.168,0.867,af3,msa_template
4hdq,44,3,0.838041,0.94,2.6611,0.801,2.661,1.157,0.867,af3,msa_template
4hdq,44,4,0.838215,0.94,2.8705,0.848,2.871,0.8,0.867,af3,msa_template
4hom,42,0,0.450918,0.73,8.5315,0.375,8.531,2.237,0.317,af3,msa_template
4hom,42,1,0.465518,0.73,8.466,0.352,8.466,2.37,0.268,af3,msa_template
4hom,42,2,0.44841200000000003,0.74,8.568,0.373,8.568,2.262,0.317,af3,msa_template
4hom,42,3,0.49919199999999997,0.79,8.1745,0.388,8.175,2.212,0.329,af3,msa_template
4hom,42,4,0.42133499999999996,0.71,7.3743,0.42,7.374,1.95,0.317,af3,msa_template
4hom,43,0,0.370257,0.67,7.8577,0.374,7.858,2.092,0.244,af3,msa_template
4hom,43,1,0.370773,0.66,8.8571,0.364,8.857,2.318,0.317,af3,msa_template
4hom,43,2,0.428356,0.74,8.1643,0.386,8.164,2.178,0.317,af3,msa_template
4hom,43,3,0.384983,0.68,8.7538,0.371,8.754,2.307,0.329,af3,msa_template
4hom,43,4,0.381748,0.68,9.3677,0.35,9.368,2.473,0.329,af3,msa_template
4hom,44,0,0.471717,0.78,8.0492,0.406,8.049,2.102,0.354,af3,msa_template
4hom,44,1,0.47653199999999996,0.78,7.6277,0.426,7.628,2.012,0.366,af3,msa_template
4hom,44,2,0.445552,0.72,8.3519,0.39,8.352,2.186,0.341,af3,msa_template
4hom,44,3,0.43899299999999997,0.72,7.7023,0.409,7.702,2.053,0.329,af3,msa_template
4hom,44,4,0.41970399999999997,0.71,9.7873,0.321,9.787,2.578,0.28,af3,msa_template
4iga,42,0,0.693798,0.58,13.6142,0.144,13.614,7.337,0.111,af3,msa_template
4iga,42,1,0.621278,0.39,14.5428,0.134,14.543,7.877,0.111,af3,msa_template
4iga,42,2,0.650868,0.49,10.2161,0.217,10.216,5.232,0.167,af3,msa_template
4iga,42,3,0.6704430000000001,0.47,14.2893,0.127,14.289,7.723,0.083,af3,msa_template
4iga,42,4,0.635165,0.37,13.8326,0.125,13.833,6.81,0.056,af3,msa_template
4iga,43,0,0.657859,0.41,14.9259,0.133,14.926,7.136,0.111,af3,msa_template
4iga,43,1,0.660652,0.45,14.4502,0.126,14.45,7.695,0.083,af3,msa_template
4iga,43,2,0.640286,0.43,2.4935,0.631,2.494,1.674,0.528,af3,msa_template
4iga,43,3,0.634846,0.41,14.5288,0.106,14.529,7.86,0.028,af3,msa_template
4iga,43,4,0.627362,0.43,15.0838,0.11,15.084,8.131,0.056,af3,msa_template
4iga,44,0,0.6657980000000001,0.44,14.2847,0.127,14.285,7.688,0.083,af3,msa_template
4iga,44,1,0.654426,0.45,5.7986,0.378,5.799,2.974,0.25,af3,msa_template
4iga,44,2,0.649566,0.42,14.6186,0.105,14.619,7.969,0.028,af3,msa_template
4iga,44,3,0.6690130000000001,0.47,14.8711,0.121,14.871,7.987,0.083,af3,msa_template
4iga,44,4,0.614086,0.38,10.8624,0.196,10.862,5.55,0.139,af3,msa_template
4j2c,42,0,0.882633,0.85,0.6378,0.906,0.638,0.794,0.943,af3,msa_template
4j2c,42,1,0.86902,0.84,1.0193,0.909,1.019,0.755,0.943,af3,msa_template
4j2c,42,2,0.874595,0.85,0.5924,0.882,0.592,0.967,0.943,af3,msa_template
4j2c,42,3,0.877005,0.85,0.7088,0.901,0.709,0.89,0.971,af3,msa_template
4j2c,42,4,0.883019,0.86,0.5754,0.927,0.575,0.649,0.943,af3,msa_template
4j2c,43,0,0.891491,0.87,0.832,0.93,0.832,0.612,0.943,af3,msa_template
4j2c,43,1,0.877293,0.85,0.6902,0.893,0.69,0.885,0.943,af3,msa_template
4j2c,43,2,0.886365,0.87,0.8726,0.891,0.873,0.89,0.943,af3,msa_template
4j2c,43,3,0.882284,0.87,0.8278,0.863,0.828,1.018,0.914,af3,msa_template
4j2c,43,4,0.880809,0.86,0.9895,0.874,0.989,1.003,0.943,af3,msa_template
4j2c,44,0,0.873182,0.85,0.6872,0.901,0.687,0.894,0.971,af3,msa_template
4j2c,44,1,0.885925,0.87,0.7298,0.892,0.73,0.885,0.943,af3,msa_template
4j2c,44,2,0.8770650000000001,0.86,0.6172,0.91,0.617,0.833,0.971,af3,msa_template
4j2c,44,3,0.8792409999999999,0.86,1.1461,0.838,1.146,1.177,0.914,af3,msa_template
4j2c,44,4,0.882577,0.87,0.6745,0.919,0.674,0.766,0.971,af3,msa_template
4j8b,42,0,0.807376,0.9,0.5863,0.976,0.586,0.294,0.969,af3,msa_template
4j8b,42,1,0.8074379999999999,0.89,0.881,0.97,0.881,0.338,0.969,af3,msa_template
4j8b,42,2,0.8044939999999999,0.88,0.9572,0.968,0.957,0.348,0.969,af3,msa_template
4j8b,42,3,0.807962,0.89,0.7481,0.951,0.748,0.326,0.906,af3,msa_template
4j8b,42,4,0.8047799999999999,0.89,1.0328,0.957,1.033,0.353,0.938,af3,msa_template
4j8b,43,0,0.7648619999999999,0.85,0.8301,0.95,0.83,0.327,0.906,af3,msa_template
4j8b,43,1,0.7674219999999999,0.88,0.8978,0.961,0.898,0.316,0.938,af3,msa_template
4j8b,43,2,0.7624420000000001,0.86,1.1049,0.965,1.105,0.367,0.969,af3,msa_template
4j8b,43,3,0.786914,0.89,0.9277,0.97,0.928,0.334,0.969,af3,msa_template
4j8b,43,4,0.7557680000000001,0.86,0.6955,0.964,0.696,0.304,0.938,af3,msa_template
4j8b,44,0,0.7683,0.86,0.9338,0.969,0.934,0.347,0.969,af3,msa_template
4j8b,44,1,0.76884,0.87,0.5482,0.978,0.548,0.266,0.969,af3,msa_template
4j8b,44,2,0.74701,0.85,0.9657,0.958,0.966,0.344,0.938,af3,msa_template
4j8b,44,3,0.758858,0.86,0.6952,0.964,0.695,0.301,0.938,af3,msa_template
4j8b,44,4,0.757572,0.85,0.6393,0.965,0.639,0.298,0.938,af3,msa_template
4leb,42,0,0.844646,0.88,3.4931,0.818,3.493,1.228,1.0,af3,msa_template
4leb,42,1,0.8303860000000001,0.85,3.4445,0.82,3.444,1.219,1.0,af3,msa_template
4leb,42,2,0.8407899999999999,0.86,3.4435,0.822,3.443,1.21,1.0,af3,msa_template
4leb,42,3,0.8309439999999999,0.85,3.3333,0.824,3.333,1.21,1.0,af3,msa_template
4leb,42,4,0.8409359999999999,0.87,3.3253,0.824,3.325,1.212,1.0,af3,msa_template
4leb,43,0,0.848354,0.88,3.3455,0.822,3.345,1.225,1.0,af3,msa_template
4leb,43,1,0.8438800000000001,0.87,3.4507,0.82,3.451,1.221,1.0,af3,msa_template
4leb,43,2,0.841298,0.85,3.4399,0.818,3.44,1.237,1.0,af3,msa_template
4leb,43,3,0.8387699999999999,0.86,3.424,0.822,3.424,1.21,1.0,af3,msa_template
4leb,43,4,0.8311459999999999,0.85,3.4578,0.821,3.458,1.211,1.0,af3,msa_template
4leb,44,0,0.8409,0.86,3.4239,0.822,3.424,1.207,1.0,af3,msa_template
4leb,44,1,0.831782,0.85,3.3872,0.823,3.387,1.206,1.0,af3,msa_template
4leb,44,2,0.8414440000000001,0.87,3.3172,0.825,3.317,1.209,1.0,af3,msa_template
4leb,44,3,0.836518,0.87,3.4442,0.82,3.444,1.22,1.0,af3,msa_template
4leb,44,4,0.8300879999999999,0.86,3.4623,0.818,3.462,1.231,1.0,af3,msa_template
4lk9,42,0,0.896789,0.9,2.0781,0.802,2.078,1.16,0.837,af3,msa_template
4lk9,42,1,0.9019750000000001,0.9,0.8917,0.847,0.892,0.902,0.816,af3,msa_template
4lk9,42,2,0.898476,0.89,2.3223,0.761,2.322,1.286,0.776,af3,msa_template
4lk9,42,3,0.8850549999999999,0.9,1.4161,0.832,1.416,0.966,0.816,af3,msa_template
4lk9,42,4,0.890235,0.89,1.8852,0.794,1.885,1.195,0.816,af3,msa_template
4lk9,43,0,0.912799,0.91,0.539,0.857,0.539,0.8,0.796,af3,msa_template
4lk9,43,1,0.880005,0.89,1.4506,0.845,1.451,0.92,0.837,af3,msa_template
4lk9,43,2,0.8929680000000001,0.89,0.8365,0.847,0.836,0.899,0.816,af3,msa_template
4lk9,43,3,0.904511,0.91,1.6995,0.816,1.699,1.053,0.816,af3,msa_template
4lk9,43,4,0.886371,0.88,2.0723,0.788,2.072,1.161,0.796,af3,msa_template
4lk9,44,0,0.902837,0.91,2.0305,0.794,2.03,1.176,0.816,af3,msa_template
4lk9,44,1,0.8986190000000001,0.9,1.818,0.814,1.818,1.105,0.837,af3,msa_template
4lk9,44,2,0.873937,0.89,1.2132,0.81,1.213,0.996,0.755,af3,msa_template
4lk9,44,3,0.9006839999999999,0.91,0.8933,0.841,0.893,0.944,0.816,af3,msa_template
4lk9,44,4,0.890655,0.89,1.9195,0.799,1.92,1.152,0.816,af3,msa_template
4lzf,42,0,0.614782,0.48,18.8306,0.117,18.831,8.364,0.152,af3,msa_template
4lzf,42,1,0.695329,0.62,6.6018,0.557,6.602,2.743,0.818,af3,msa_template
4lzf,42,2,0.594231,0.45,18.9919,0.116,18.992,8.412,0.152,af3,msa_template
4lzf,42,3,0.54906,0.36,18.5504,0.119,18.55,8.217,0.152,af3,msa_template
4lzf,42,4,0.6094769999999999,0.48,19.1483,0.095,19.148,8.523,0.091,af3,msa_template
4lzf,43,0,0.816981,0.79,2.8864,0.8,2.886,1.015,0.818,af3,msa_template
4lzf,43,1,0.822692,0.8,2.4985,0.844,2.498,0.903,0.879,af3,msa_template
4lzf,43,2,0.833132,0.82,3.4853,0.762,3.485,1.269,0.848,af3,msa_template
4lzf,43,3,0.805225,0.78,2.3803,0.894,2.38,0.638,0.909,af3,msa_template
4lzf,43,4,0.803605,0.77,2.7779,0.837,2.778,0.986,0.909,af3,msa_template
4lzf,44,0,0.532937,0.44,6.6827,0.411,6.683,2.827,0.394,af3,msa_template
4lzf,44,1,0.577215,0.41,18.8435,0.097,18.843,8.396,0.091,af3,msa_template
4lzf,44,2,0.501137,0.33,19.3882,0.094,19.388,8.534,0.091,af3,msa_template
4lzf,44,3,0.613028,0.47,7.6262,0.53,7.626,2.615,0.788,af3,msa_template
4lzf,44,4,0.614191,0.46,18.5702,0.109,18.57,8.269,0.121,af3,msa_template
4m5s,42,0,0.89262,0.84,2.3204,0.884,2.32,0.762,0.927,af3,msa_template
4m5s,42,1,0.9002020000000001,0.84,1.7842,0.925,1.784,0.524,0.927,af3,msa_template
4m5s,42,2,0.903848,0.85,1.9796,0.931,1.98,0.585,0.976,af3,msa_template
4m5s,42,3,0.8931100000000001,0.84,1.7738,0.935,1.774,0.58,0.976,af3,msa_template
4m5s,42,4,0.9020180000000001,0.85,2.1261,0.905,2.126,0.638,0.927,af3,msa_template
4m5s,43,0,0.904176,0.86,2.202,0.897,2.202,0.745,0.951,af3,msa_template
4m5s,43,1,0.907478,0.85,1.9857,0.925,1.986,0.627,0.976,af3,msa_template
4m5s,43,2,0.889207,0.83,2.2297,0.883,2.23,0.724,0.902,af3,msa_template
4m5s,43,3,0.8898180000000001,0.83,1.8382,0.918,1.838,0.575,0.927,af3,msa_template
4m5s,43,4,0.908723,0.86,1.8271,0.927,1.827,0.568,0.951,af3,msa_template
4m5s,44,0,0.907357,0.85,2.0176,0.916,2.018,0.628,0.951,af3,msa_template
4m5s,44,1,0.897395,0.85,1.9358,0.909,1.936,0.628,0.927,af3,msa_template
4m5s,44,2,0.90583,0.85,1.807,0.917,1.807,0.585,0.927,af3,msa_template
4m5s,44,3,0.9071670000000001,0.85,2.0166,0.905,2.017,0.654,0.927,af3,msa_template
4m5s,44,4,0.9113899999999999,0.86,2.2846,0.892,2.285,0.769,0.951,af3,msa_template
4m91,42,0,0.8140860000000001,0.82,3.4474,0.749,3.447,1.272,0.808,af3,msa_template
4m91,42,1,0.812856,0.82,2.919,0.738,2.919,1.066,0.654,af3,msa_template
4m91,42,2,0.813246,0.83,3.2331,0.768,3.233,1.167,0.808,af3,msa_template
4m91,42,3,0.8260259999999999,0.83,3.0987,0.749,3.099,1.144,0.731,af3,msa_template
4m91,42,4,0.81144,0.82,3.2743,0.733,3.274,1.231,0.731,af3,msa_template
4m91,43,0,0.818362,0.83,2.7805,0.795,2.78,1.045,0.808,af3,msa_template
4m91,43,1,0.8024,0.81,3.3336,0.716,3.334,1.253,0.692,af3,msa_template
4m91,43,2,0.810518,0.83,3.009,0.741,3.009,1.118,0.692,af3,msa_template
4m91,43,3,0.8105540000000001,0.81,3.0859,0.761,3.086,1.147,0.769,af3,msa_template
4m91,43,4,0.832294,0.86,3.056,0.762,3.056,1.147,0.769,af3,msa_template
4m91,44,0,0.8201959999999999,0.82,2.9986,0.751,2.999,1.145,0.731,af3,msa_template
4m91,44,1,0.824816,0.84,3.2937,0.738,3.294,1.193,0.731,af3,msa_template
4m91,44,2,0.809184,0.81,3.2014,0.765,3.201,1.199,0.808,af3,msa_template
4m91,44,3,0.8180759999999999,0.82,3.1216,0.759,3.122,1.158,0.769,af3,msa_template
4m91,44,4,0.819558,0.83,3.123,0.719,3.123,1.172,0.654,af3,msa_template
4mvi,42,0,0.702391,0.79,5.1067,0.464,5.107,2.747,0.426,af3,msa_template
4mvi,42,1,0.738162,0.81,6.2808,0.428,6.281,2.9,0.426,af3,msa_template
4mvi,42,2,0.703566,0.77,4.2846,0.496,4.285,2.738,0.459,af3,msa_template
4mvi,42,3,0.707683,0.78,4.7635,0.482,4.763,2.641,0.443,af3,msa_template
4mvi,42,4,0.7011459999999999,0.76,4.734,0.481,4.734,2.574,0.426,af3,msa_template
4mvi,43,0,0.70325,0.78,4.7473,0.474,4.747,2.839,0.443,af3,msa_template
4mvi,43,1,0.722957,0.8,5.5752,0.441,5.575,2.882,0.41,af3,msa_template
4mvi,43,2,0.708408,0.79,4.4664,0.479,4.466,2.758,0.426,af3,msa_template
4mvi,43,3,0.711194,0.78,4.4477,0.505,4.448,2.469,0.459,af3,msa_template
4mvi,43,4,0.708402,0.78,4.9618,0.488,4.962,2.532,0.459,af3,msa_template
4mvi,44,0,0.717855,0.79,5.2759,0.474,5.276,2.667,0.459,af3,msa_template
4mvi,44,1,0.738779,0.82,5.5879,0.432,5.588,3.125,0.41,af3,msa_template
4mvi,44,2,0.684059,0.78,5.8302,0.439,5.83,2.89,0.426,af3,msa_template
4mvi,44,3,0.73713,0.81,5.2751,0.455,5.275,2.983,0.443,af3,msa_template
4mvi,44,4,0.73828,0.82,5.6496,0.464,5.65,2.682,0.459,af3,msa_template
4nuu,42,0,0.771529,0.83,1.4712,0.62,1.471,2.743,0.658,af3,msa_template
4nuu,42,1,0.761925,0.8,1.0532,0.624,1.053,2.762,0.658,af3,msa_template
4nuu,42,2,0.768507,0.84,2.0941,0.62,2.094,2.544,0.658,af3,msa_template
4nuu,42,3,0.758921,0.82,1.2605,0.627,1.26,2.629,0.658,af3,msa_template
4nuu,42,4,0.765066,0.83,1.3838,0.622,1.384,2.72,0.658,af3,msa_template
4nuu,43,0,0.7924450000000001,0.88,2.058,0.61,2.058,2.766,0.658,af3,msa_template
4nuu,43,1,0.7706149999999999,0.82,1.0603,0.616,1.06,2.73,0.632,af3,msa_template
4nuu,43,2,0.784201,0.86,1.7884,0.615,1.788,2.751,0.658,af3,msa_template
4nuu,43,3,0.767202,0.85,1.3614,0.672,1.361,2.426,0.763,af3,msa_template
4nuu,43,4,0.7610410000000001,0.82,1.1682,0.64,1.168,2.404,0.658,af3,msa_template
4nuu,44,0,0.77408,0.83,1.1243,0.608,1.124,2.701,0.605,af3,msa_template
4nuu,44,1,0.7792619999999999,0.86,1.4464,0.652,1.446,2.815,0.763,af3,msa_template
4nuu,44,2,0.7766679999999999,0.85,2.2379,0.638,2.238,2.647,0.737,af3,msa_template
4nuu,44,3,0.776776,0.84,1.2487,0.622,1.249,2.739,0.658,af3,msa_template
4nuu,44,4,0.7708379999999999,0.85,1.6154,0.641,1.615,2.809,0.737,af3,msa_template
4nxr,42,0,0.913179,0.85,0.7867,0.87,0.787,1.056,0.949,af3,msa_template
4nxr,42,1,0.9143290000000001,0.85,3.2715,0.71,3.271,1.613,0.795,af3,msa_template
4nxr,42,2,0.898139,0.84,1.2505,0.824,1.251,1.233,0.897,af3,msa_template
4nxr,42,3,0.880821,0.8,1.3241,0.825,1.324,1.222,0.897,af3,msa_template
4nxr,42,4,0.899919,0.83,0.7282,0.877,0.728,1.004,0.949,af3,msa_template
4nxr,43,0,0.9026909999999999,0.83,0.9378,0.844,0.938,1.11,0.897,af3,msa_template
4nxr,43,1,0.9065430000000001,0.85,0.8606,0.837,0.861,1.102,0.872,af3,msa_template
4nxr,43,2,0.9028839999999999,0.85,0.8626,0.824,0.863,1.263,0.897,af3,msa_template
4nxr,43,3,0.8831,0.8,0.8883,0.851,0.888,1.185,0.949,af3,msa_template
4nxr,43,4,0.8943829999999999,0.83,1.0486,0.874,1.049,0.952,0.923,af3,msa_template
4nxr,44,0,0.88996,0.83,0.8918,0.844,0.892,1.047,0.872,af3,msa_template
4nxr,44,1,0.900159,0.83,1.4237,0.828,1.424,1.123,0.872,af3,msa_template
4nxr,44,2,0.876903,0.81,2.7555,0.772,2.756,1.32,0.846,af3,msa_template
4nxr,44,3,0.905453,0.85,0.5533,0.882,0.553,0.919,0.923,af3,msa_template
4nxr,44,4,0.906785,0.85,0.9245,0.87,0.925,1.11,0.974,af3,msa_template
4ny3,42,0,0.864526,0.92,2.4102,0.775,2.41,1.312,0.833,af3,msa_template
4ny3,42,1,0.826423,0.89,1.6161,0.807,1.616,1.17,0.833,af3,msa_template
4ny3,42,2,0.826987,0.89,1.6752,0.808,1.675,1.157,0.833,af3,msa_template
4ny3,42,3,0.8712340000000001,0.93,2.552,0.777,2.552,1.43,0.889,af3,msa_template
4ny3,42,4,0.866883,0.92,2.2885,0.785,2.289,1.253,0.833,af3,msa_template
4ny3,43,0,0.8715510000000001,0.94,2.1569,0.788,2.157,1.249,0.833,af3,msa_template
4ny3,43,1,0.82877,0.9,2.0291,0.798,2.029,1.33,0.889,af3,msa_template
4ny3,43,2,0.8150790000000001,0.88,1.7866,0.788,1.787,1.293,0.833,af3,msa_template
4ny3,43,3,0.815466,0.88,1.6096,0.837,1.61,1.222,0.944,af3,msa_template
4ny3,43,4,0.8330280000000001,0.9,1.8017,0.793,1.802,1.568,0.944,af3,msa_template
4ny3,44,0,0.8321810000000001,0.9,1.8047,0.821,1.805,1.328,0.944,af3,msa_template
4ny3,44,1,0.8403830000000001,0.9,1.8292,0.814,1.829,1.233,0.889,af3,msa_template
4ny3,44,2,0.823404,0.89,1.6043,0.808,1.604,1.301,0.889,af3,msa_template
4ny3,44,3,0.830653,0.89,1.5978,0.822,1.598,1.195,0.889,af3,msa_template
4ny3,44,4,0.824726,0.89,1.2494,0.804,1.249,1.225,0.833,af3,msa_template
4odk,42,0,0.556482,0.42,8.7142,0.301,8.714,3.484,0.258,af3,msa_template
4odk,42,1,0.500792,0.49,24.0128,0.058,24.013,8.36,0.032,af3,msa_template
4odk,42,2,0.519718,0.52,25.3772,0.042,25.377,9.27,0.0,af3,msa_template
4odk,42,3,0.46297,0.43,19.362,0.076,19.362,8.059,0.032,af3,msa_template
4odk,42,4,0.574295,0.58,25.4281,0.045,25.428,8.062,0.0,af3,msa_template
4odk,43,0,0.569811,0.55,25.6886,0.043,25.689,8.5,0.0,af3,msa_template
4odk,43,1,0.5696840000000001,0.61,25.4676,0.044,25.468,8.354,0.0,af3,msa_template
4odk,43,2,0.47015300000000004,0.4,25.2681,0.054,25.268,8.591,0.032,af3,msa_template
4odk,43,3,0.44909999999999994,0.47,25.1725,0.044,25.173,8.493,0.0,af3,msa_template
4odk,43,4,0.529884,0.54,24.9721,0.046,24.972,8.101,0.0,af3,msa_template
4odk,44,0,0.499958,0.49,25.6198,0.042,25.62,8.824,0.0,af3,msa_template
4odk,44,1,0.48304499999999995,0.47,26.0393,0.043,26.039,8.166,0.0,af3,msa_template
4odk,44,2,0.581036,0.58,25.3316,0.043,25.332,9.034,0.0,af3,msa_template
4odk,44,3,0.522653,0.26,28.4683,0.034,28.468,10.439,0.0,af3,msa_template
4odk,44,4,0.522852,0.55,24.5623,0.046,24.562,8.503,0.0,af3,msa_template
4ouc,42,0,0.445294,0.61,11.8346,0.205,11.835,3.435,0.114,af3,msa_template
4ouc,42,1,0.427072,0.59,11.5662,0.25,11.566,3.303,0.229,af3,msa_template
4ouc,42,2,0.43825699999999995,0.63,11.3106,0.206,11.311,3.302,0.086,af3,msa_template
4ouc,42,3,0.41269100000000003,0.56,12.1509,0.247,12.151,3.484,0.257,af3,msa_template
4ouc,42,4,0.442098,0.63,8.785,0.332,8.785,2.56,0.257,af3,msa_template
4ouc,43,0,0.398535,0.58,8.7656,0.313,8.766,2.565,0.2,af3,msa_template
4ouc,43,1,0.43642600000000004,0.63,8.9832,0.325,8.983,2.629,0.257,af3,msa_template
4ouc,43,2,0.41025599999999995,0.6,9.4478,0.262,9.448,2.79,0.114,af3,msa_template
4ouc,43,3,0.400552,0.56,12.0758,0.23,12.076,3.468,0.2,af3,msa_template
4ouc,43,4,0.409596,0.57,12.0158,0.251,12.016,3.424,0.257,af3,msa_template
4ouc,44,0,0.405437,0.58,12.0049,0.231,12.005,3.437,0.2,af3,msa_template
4ouc,44,1,0.42298,0.6,10.1349,0.243,10.135,2.981,0.114,af3,msa_template
4ouc,44,2,0.404398,0.57,11.1393,0.229,11.139,3.247,0.143,af3,msa_template
4ouc,44,3,0.41759999999999997,0.6,12.9418,0.224,12.942,3.707,0.229,af3,msa_template
4ouc,44,4,0.41515599999999997,0.6,10.239,0.23,10.239,3.032,0.086,af3,msa_template
4oyk,42,0,0.848523,0.87,1.0211,0.947,1.021,0.41,0.925,af3,msa_template
4oyk,42,1,0.833794,0.86,0.9826,0.947,0.983,0.414,0.925,af3,msa_template
4oyk,42,2,0.833086,0.85,0.9521,0.951,0.952,0.455,0.95,af3,msa_template
4oyk,42,3,0.841928,0.86,1.0048,0.925,1.005,0.532,0.9,af3,msa_template
4oyk,42,4,0.8310120000000001,0.86,1.3068,0.934,1.307,0.57,0.95,af3,msa_template
4oyk,43,0,0.831797,0.85,0.7684,0.963,0.768,0.358,0.95,af3,msa_template
4oyk,43,1,0.8281059999999999,0.84,0.7464,0.958,0.746,0.319,0.925,af3,msa_template
4oyk,43,2,0.840948,0.86,0.7252,0.962,0.725,0.367,0.95,af3,msa_template
4oyk,43,3,0.8341249999999999,0.85,0.9241,0.949,0.924,0.402,0.925,af3,msa_template
4oyk,43,4,0.833518,0.86,1.0256,0.954,1.026,0.428,0.95,af3,msa_template
4oyk,44,0,0.829496,0.84,0.6509,0.968,0.651,0.302,0.95,af3,msa_template
4oyk,44,1,0.826812,0.84,1.1161,0.932,1.116,0.535,0.925,af3,msa_template
4oyk,44,2,0.839607,0.86,1.2327,0.931,1.233,0.535,0.925,af3,msa_template
4oyk,44,3,0.81605,0.84,0.9989,0.942,0.999,0.459,0.925,af3,msa_template
4oyk,44,4,0.837058,0.85,0.8217,0.959,0.822,0.39,0.95,af3,msa_template
4pd1,42,0,0.8519599999999999,0.93,1.3486,0.917,1.349,0.553,0.896,af3,msa_template
4pd1,42,1,0.8562730000000001,0.93,0.8945,0.94,0.894,0.393,0.896,af3,msa_template
4pd1,42,2,0.849017,0.93,1.0681,0.927,1.068,0.441,0.875,af3,msa_template
4pd1,42,3,0.8539220000000001,0.93,1.0314,0.94,1.031,0.447,0.917,af3,msa_template
4pd1,42,4,0.848155,0.92,1.2158,0.919,1.216,0.492,0.875,af3,msa_template
4pd1,43,0,0.8468040000000001,0.93,0.9266,0.944,0.927,0.418,0.917,af3,msa_template
4pd1,43,1,0.84276,0.92,1.0892,0.952,1.089,0.396,0.938,af3,msa_template
4pd1,43,2,0.839094,0.92,1.0356,0.939,1.036,0.394,0.896,af3,msa_template
4pd1,43,3,0.8439220000000001,0.93,1.0066,0.945,1.007,0.407,0.917,af3,msa_template
4pd1,43,4,0.8468559999999999,0.93,0.8483,0.947,0.848,0.397,0.917,af3,msa_template
4pd1,44,0,0.859691,0.93,0.8478,0.935,0.848,0.378,0.875,af3,msa_template
4pd1,44,1,0.856936,0.93,0.9005,0.936,0.9,0.362,0.875,af3,msa_template
4pd1,44,2,0.859849,0.93,1.1742,0.951,1.174,0.396,0.938,af3,msa_template
4pd1,44,3,0.8596699999999999,0.93,0.9704,0.936,0.97,0.426,0.896,af3,msa_template
4pd1,44,4,0.8532470000000001,0.93,1.1188,0.927,1.119,0.492,0.896,af3,msa_template
4pge,42,0,0.933435,0.95,0.9701,0.965,0.97,0.372,0.966,af3,msa_template
4pge,42,1,0.924982,0.94,1.0,0.968,1.0,0.393,0.983,af3,msa_template
4pge,42,2,0.9229430000000001,0.94,0.9691,0.973,0.969,0.348,0.983,af3,msa_template
4pge,42,3,0.924349,0.95,1.0465,0.968,1.047,0.394,0.983,af3,msa_template
4pge,42,4,0.927881,0.95,0.9842,0.963,0.984,0.391,0.966,af3,msa_template
4pge,43,0,0.935331,0.95,1.5373,0.959,1.537,0.367,0.966,af3,msa_template
4pge,43,1,0.9288240000000001,0.95,0.9503,0.97,0.95,0.381,0.983,af3,msa_template
4pge,43,2,0.92715,0.95,1.0511,0.961,1.051,0.401,0.966,af3,msa_template
4pge,43,3,0.9268259999999999,0.95,1.0275,0.97,1.028,0.37,0.983,af3,msa_template
4pge,43,4,0.928588,0.95,0.9355,0.972,0.936,0.361,0.983,af3,msa_template
4pge,44,0,0.92598,0.94,1.0893,0.962,1.089,0.39,0.966,af3,msa_template
4pge,44,1,0.93047,0.95,0.973,0.969,0.973,0.39,0.983,af3,msa_template
4pge,44,2,0.9364,0.95,1.079,0.965,1.079,0.417,0.983,af3,msa_template
4pge,44,3,0.9254859999999999,0.94,1.0435,0.97,1.044,0.374,0.983,af3,msa_template
4pge,44,4,0.9292549999999999,0.95,0.966,0.971,0.966,0.367,0.983,af3,msa_template
4qbr,42,0,0.9155,0.93,1.5327,0.881,1.533,0.868,0.925,af3,msa_template
4qbr,42,1,0.917424,0.93,1.1084,0.906,1.108,0.788,0.95,af3,msa_template
4qbr,42,2,0.9143389999999999,0.93,1.8725,0.871,1.872,0.902,0.925,af3,msa_template
4qbr,42,3,0.91283,0.93,0.8735,0.916,0.873,0.733,0.95,af3,msa_template
4qbr,42,4,0.912611,0.93,1.6671,0.881,1.667,0.857,0.925,af3,msa_template
4qbr,43,0,0.9193370000000001,0.94,0.8612,0.916,0.861,0.728,0.95,af3,msa_template
4qbr,43,1,0.9192629999999999,0.94,0.6281,0.918,0.628,0.728,0.95,af3,msa_template
4qbr,43,2,0.92,0.94,0.7931,0.917,0.793,0.73,0.95,af3,msa_template
4qbr,43,3,0.9148149999999999,0.93,0.9578,0.913,0.958,0.747,0.95,af3,msa_template
4qbr,43,4,0.9212090000000001,0.94,1.4062,0.883,1.406,0.864,0.925,af3,msa_template
4qbr,44,0,0.9135890000000001,0.94,0.7781,0.918,0.778,0.721,0.95,af3,msa_template
4qbr,44,1,0.9114650000000001,0.93,1.2211,0.905,1.221,0.784,0.95,af3,msa_template
4qbr,44,2,0.911104,0.93,0.7885,0.92,0.788,0.705,0.95,af3,msa_template
4qbr,44,3,0.915993,0.93,1.8232,0.869,1.823,0.921,0.925,af3,msa_template
4qbr,44,4,0.913324,0.94,0.5491,0.923,0.549,0.698,0.95,af3,msa_template
4r5i,42,0,0.771602,0.78,2.013,0.863,2.013,0.908,0.909,af3,msa_template
4r5i,42,1,0.7729,0.81,2.7311,0.788,2.731,1.182,0.841,af3,msa_template
4r5i,42,2,0.7422960000000001,0.77,1.8515,0.857,1.851,0.967,0.909,af3,msa_template
4r5i,42,3,0.859516,0.84,4.7263,0.596,4.726,1.362,0.477,af3,msa_template
4r5i,42,4,0.8698999999999999,0.84,4.2408,0.622,4.241,1.256,0.477,af3,msa_template
4r5i,43,0,0.842657,0.87,4.8619,0.576,4.862,1.373,0.432,af3,msa_template
4r5i,43,1,0.7762709999999999,0.77,2.0137,0.852,2.014,0.98,0.909,af3,msa_template
4r5i,43,2,0.87182,0.86,4.4764,0.607,4.476,1.329,0.477,af3,msa_template
4r5i,43,3,0.881049,0.86,5.1613,0.57,5.161,1.492,0.477,af3,msa_template
4r5i,43,4,0.88151,0.88,4.8046,0.587,4.805,1.422,0.477,af3,msa_template
4r5i,44,0,0.871931,0.84,4.7711,0.594,4.771,1.373,0.477,af3,msa_template
4r5i,44,1,0.772045,0.76,2.2773,0.832,2.277,0.987,0.864,af3,msa_template
4r5i,44,2,0.770359,0.76,1.7377,0.856,1.738,0.987,0.909,af3,msa_template
4r5i,44,3,0.878335,0.82,5.0945,0.58,5.095,1.419,0.477,af3,msa_template
4r5i,44,4,0.752837,0.74,1.9037,0.837,1.904,0.944,0.841,af3,msa_template
4txr,42,0,0.8751720000000001,0.9,3.0851,0.755,3.085,1.354,0.829,af3,msa_template
4txr,42,1,0.8777290000000001,0.89,3.3201,0.738,3.32,1.452,0.829,af3,msa_template
4txr,42,2,0.88589,0.91,3.3046,0.745,3.305,1.395,0.829,af3,msa_template
4txr,42,3,0.892712,0.91,3.529,0.723,3.529,1.536,0.829,af3,msa_template
4txr,42,4,0.889652,0.91,3.2666,0.747,3.267,1.385,0.829,af3,msa_template
4txr,43,0,0.8752219999999999,0.89,3.0687,0.765,3.069,1.337,0.854,af3,msa_template
4txr,43,1,0.877392,0.9,3.378,0.716,3.378,1.49,0.78,af3,msa_template
4txr,43,2,0.888888,0.91,3.1611,0.75,3.161,1.379,0.829,af3,msa_template
4txr,43,3,0.8781699999999999,0.9,3.1823,0.75,3.182,1.378,0.829,af3,msa_template
4txr,43,4,0.884182,0.9,3.3269,0.737,3.327,1.455,0.829,af3,msa_template
4txr,44,0,0.897445,0.93,3.2356,0.746,3.236,1.397,0.829,af3,msa_template
4txr,44,1,0.882518,0.9,3.0701,0.757,3.07,1.335,0.829,af3,msa_template
4txr,44,2,0.893994,0.92,3.5707,0.734,3.571,1.506,0.854,af3,msa_template
4txr,44,3,0.8743120000000001,0.9,3.3679,0.745,3.368,1.45,0.854,af3,msa_template
4txr,44,4,0.871034,0.88,3.1546,0.756,3.155,1.395,0.854,af3,msa_template
4u0c,42,0,0.689706,0.66,8.9719,0.651,8.972,1.402,0.947,af3,msa_template
4u0c,42,1,0.706122,0.69,11.5903,0.494,11.59,2.079,0.789,af3,msa_template
4u0c,42,2,0.6880719999999999,0.65,7.4552,0.754,7.455,0.866,0.947,af3,msa_template
4u0c,42,3,0.680611,0.64,7.2672,0.7,7.267,1.158,0.895,af3,msa_template
4u0c,42,4,0.68877,0.67,10.6792,0.56,10.679,1.657,0.842,af3,msa_template
4u0c,43,0,0.705727,0.71,9.4723,0.593,9.472,1.376,0.789,af3,msa_template
4u0c,43,1,0.6722090000000001,0.62,9.5096,0.689,9.51,0.919,0.895,af3,msa_template
4u0c,43,2,0.681361,0.63,7.168,0.752,7.168,0.929,0.947,af3,msa_template
4u0c,43,3,0.689045,0.66,11.3597,0.504,11.36,1.774,0.737,af3,msa_template
4u0c,43,4,0.693833,0.65,10.1252,0.654,10.125,1.363,1.0,af3,msa_template
4u0c,44,0,0.666319,0.61,7.7062,0.76,7.706,0.661,0.895,af3,msa_template
4u0c,44,1,0.674345,0.62,8.5955,0.704,8.595,0.926,0.895,af3,msa_template
4u0c,44,2,0.664544,0.61,6.7818,0.797,6.782,0.537,0.895,af3,msa_template
4u0c,44,3,0.666412,0.61,8.501,0.723,8.501,0.811,0.895,af3,msa_template
4u0c,44,4,0.6908190000000001,0.66,9.4471,0.679,9.447,1.12,0.947,af3,msa_template
4uqy,42,0,0.8398260000000001,0.87,0.7611,0.954,0.761,0.364,0.926,af3,msa_template
4uqy,42,1,0.836375,0.87,0.9869,0.911,0.987,0.465,0.833,af3,msa_template
4uqy,42,2,0.840496,0.88,0.8157,0.941,0.816,0.372,0.889,af3,msa_template
4uqy,42,3,0.841688,0.88,0.9895,0.932,0.99,0.441,0.889,af3,msa_template
4uqy,42,4,0.841354,0.88,0.9788,0.923,0.979,0.406,0.852,af3,msa_template
4uqy,43,0,0.843008,0.87,0.8477,0.944,0.848,0.393,0.907,af3,msa_template
4uqy,43,1,0.843893,0.88,0.8815,0.931,0.882,0.404,0.87,af3,msa_template
4uqy,43,2,0.8358180000000001,0.86,0.5711,0.952,0.571,0.334,0.907,af3,msa_template
4uqy,43,3,0.849739,0.88,0.8298,0.934,0.83,0.372,0.87,af3,msa_template
4uqy,43,4,0.845456,0.88,0.7544,0.928,0.754,0.376,0.852,af3,msa_template
4uqy,44,0,0.848123,0.89,0.8189,0.934,0.819,0.433,0.889,af3,msa_template
4uqy,44,1,0.8371040000000001,0.87,1.0491,0.918,1.049,0.451,0.852,af3,msa_template
4uqy,44,2,0.83968,0.88,0.8823,0.933,0.882,0.384,0.87,af3,msa_template
4uqy,44,3,0.835668,0.87,0.8314,0.939,0.831,0.386,0.889,af3,msa_template
4uqy,44,4,0.8400620000000001,0.87,0.8803,0.926,0.88,0.389,0.852,af3,msa_template
4x2h,42,0,0.490082,0.43,15.4763,0.164,15.476,9.68,0.237,af3,msa_template
4x2h,42,1,0.416714,0.38,9.1522,0.278,9.152,8.933,0.342,af3,msa_template
4x2h,42,2,0.464831,0.4,4.2787,0.504,4.279,8.641,0.684,af3,msa_template
4x2h,42,3,0.452276,0.39,10.954,0.222,10.954,8.848,0.263,af3,msa_template
4x2h,42,4,0.491659,0.45,15.3842,0.165,15.384,9.277,0.237,af3,msa_template
4x2h,43,0,0.482641,0.42,16.9153,0.163,16.915,9.748,0.263,af3,msa_template
4x2h,43,1,0.464051,0.42,15.0499,0.185,15.05,9.348,0.289,af3,msa_template
4x2h,43,2,0.484676,0.47,17.0517,0.17,17.052,9.895,0.289,af3,msa_template
4x2h,43,3,0.49062,0.46,17.7559,0.149,17.756,9.648,0.237,af3,msa_template
4x2h,43,4,0.48922699999999997,0.49,18.5556,0.179,18.556,9.978,0.342,af3,msa_template
4x2h,44,0,0.571235,0.52,39.2425,0.02,39.242,11.852,0.0,af3,msa_template
4x2h,44,1,0.553576,0.56,21.8929,0.103,21.893,10.618,0.158,af3,msa_template
4x2h,44,2,0.43817799999999996,0.38,9.3471,0.257,9.347,8.723,0.289,af3,msa_template
4x2h,44,3,0.495294,0.48,9.1278,0.296,9.128,8.572,0.395,af3,msa_template
4x2h,44,4,0.500214,0.48,16.4189,0.157,16.419,9.699,0.237,af3,msa_template
4x3o,42,0,0.899349,0.95,1.3218,0.858,1.322,1.228,1.0,af3,msa_template
4x3o,42,1,0.9011159999999999,0.95,1.2767,0.931,1.277,0.711,1.0,af3,msa_template
4x3o,42,2,0.901892,0.96,1.4559,0.825,1.456,1.494,1.0,af3,msa_template
4x3o,42,3,0.898138,0.95,1.1969,0.945,1.197,0.621,1.0,af3,msa_template
4x3o,42,4,0.8972410000000001,0.95,1.7026,0.9,1.703,0.895,1.0,af3,msa_template
4x3o,43,0,0.8980889999999999,0.94,1.4163,0.908,1.416,0.866,1.0,af3,msa_template
4x3o,43,1,0.8950140000000001,0.95,1.366,0.877,1.366,1.088,1.0,af3,msa_template
4x3o,43,2,0.891416,0.95,1.2777,0.929,1.278,0.731,1.0,af3,msa_template
4x3o,43,3,0.902557,0.95,1.0962,0.93,1.096,0.738,1.0,af3,msa_template
4x3o,43,4,0.901243,0.95,1.2302,0.932,1.23,0.712,1.0,af3,msa_template
4x3o,44,0,0.9005759999999999,0.95,1.5103,0.919,1.51,0.779,1.0,af3,msa_template
4x3o,44,1,0.900911,0.95,1.4833,0.84,1.483,1.354,1.0,af3,msa_template
4x3o,44,2,0.8978430000000001,0.95,1.4827,0.831,1.483,1.435,1.0,af3,msa_template
4x3o,44,3,0.897011,0.95,1.0604,0.89,1.06,1.017,1.0,af3,msa_template
4x3o,44,4,0.901327,0.95,1.427,0.916,1.427,0.807,1.0,af3,msa_template
4xc2,42,0,0.853558,0.84,1.064,0.954,1.064,0.45,0.959,af3,msa_template
4xc2,42,1,0.847945,0.82,1.5021,0.913,1.502,0.626,0.918,af3,msa_template
4xc2,42,2,0.845022,0.84,1.3049,0.926,1.305,0.547,0.918,af3,msa_template
4xc2,42,3,0.856595,0.85,0.9063,0.938,0.906,0.416,0.898,af3,msa_template
4xc2,42,4,0.840391,0.84,1.2331,0.93,1.233,0.524,0.918,af3,msa_template
4xc2,43,0,0.856118,0.85,1.1073,0.941,1.107,0.494,0.939,af3,msa_template
4xc2,43,1,0.8499479999999999,0.85,0.8402,0.967,0.84,0.41,0.98,af3,msa_template
4xc2,43,2,0.854484,0.85,0.7716,0.965,0.772,0.361,0.959,af3,msa_template
4xc2,43,3,0.847931,0.85,0.7345,0.958,0.734,0.366,0.939,af3,msa_template
4xc2,43,4,0.852604,0.84,0.7382,0.959,0.738,0.355,0.939,af3,msa_template
4xc2,44,0,0.852777,0.85,1.3075,0.924,1.307,0.563,0.918,af3,msa_template
4xc2,44,1,0.857932,0.84,1.2078,0.947,1.208,0.492,0.959,af3,msa_template
4xc2,44,2,0.850548,0.84,1.515,0.931,1.515,0.597,0.959,af3,msa_template
4xc2,44,3,0.8603919999999999,0.86,0.5489,0.965,0.549,0.309,0.939,af3,msa_template
4xc2,44,4,0.8556570000000001,0.87,0.5178,0.982,0.518,0.341,1.0,af3,msa_template
4xek,42,0,0.871775,0.87,2.6757,0.801,2.676,1.285,0.917,af3,msa_template
4xek,42,1,0.873001,0.88,3.0517,0.782,3.052,1.371,0.917,af3,msa_template
4xek,42,2,0.8689830000000001,0.86,2.6809,0.804,2.681,1.258,0.917,af3,msa_template
4xek,42,3,0.867923,0.87,2.6426,0.809,2.643,1.23,0.917,af3,msa_template
4xek,42,4,0.835245,0.85,2.6152,0.8,2.615,1.227,0.889,af3,msa_template
4xek,43,0,0.863427,0.88,2.5729,0.812,2.573,1.214,0.917,af3,msa_template
4xek,43,1,0.8743460000000001,0.89,2.7615,0.801,2.762,1.269,0.917,af3,msa_template
4xek,43,2,0.871297,0.88,2.9102,0.786,2.91,1.367,0.917,af3,msa_template
4xek,43,3,0.8709640000000001,0.87,2.7427,0.806,2.743,1.238,0.917,af3,msa_template
4xek,43,4,0.863375,0.87,2.7096,0.802,2.71,1.269,0.917,af3,msa_template
4xek,44,0,0.868978,0.88,2.8173,0.8,2.817,1.268,0.917,af3,msa_template
4xek,44,1,0.873462,0.88,2.7947,0.801,2.795,1.263,0.917,af3,msa_template
4xek,44,2,0.865559,0.88,2.8297,0.79,2.83,1.346,0.917,af3,msa_template
4xek,44,3,0.8620350000000001,0.88,2.8427,0.781,2.843,1.342,0.889,af3,msa_template
4xek,44,4,0.8576170000000001,0.87,3.056,0.768,3.056,1.416,0.889,af3,msa_template
4yje,42,0,0.8704430000000001,0.92,1.9028,0.881,1.903,0.617,0.837,af3,msa_template
4yje,42,1,0.8613540000000001,0.92,1.7428,0.9,1.743,0.601,0.878,af3,msa_template
4yje,42,2,0.873265,0.93,1.9702,0.877,1.97,0.641,0.837,af3,msa_template
4yje,42,3,0.874841,0.93,1.9165,0.886,1.916,0.635,0.857,af3,msa_template
4yje,42,4,0.868575,0.92,1.8974,0.882,1.897,0.614,0.837,af3,msa_template
4yje,43,0,0.870038,0.92,2.0344,0.872,2.034,0.669,0.837,af3,msa_template
4yje,43,1,0.8709,0.92,1.9648,0.869,1.965,0.649,0.816,af3,msa_template
4yje,43,2,0.8727119999999999,0.92,1.8684,0.883,1.868,0.612,0.837,af3,msa_template
4yje,43,3,0.8571930000000001,0.92,1.2676,0.928,1.268,0.476,0.898,af3,msa_template
4yje,43,4,0.7585689999999999,0.79,6.1864,0.58,6.186,1.864,0.694,af3,msa_template
4yje,44,0,0.840047,0.9,2.0037,0.883,2.004,0.643,0.857,af3,msa_template
4yje,44,1,0.876704,0.92,1.9427,0.879,1.943,0.631,0.837,af3,msa_template
4yje,44,2,0.878819,0.93,1.9073,0.881,1.907,0.621,0.837,af3,msa_template
4yje,44,3,0.858115,0.92,1.2448,0.933,1.245,0.435,0.898,af3,msa_template
4yje,44,4,0.87791,0.93,1.8615,0.89,1.862,0.611,0.857,af3,msa_template
4z2o,42,0,0.578497,0.44,5.6511,0.517,5.651,2.276,0.556,af3,msa_template
4z2o,42,1,0.5846520000000001,0.5,8.7387,0.383,8.739,3.529,0.511,af3,msa_template
4z2o,42,2,0.679265,0.63,2.5766,0.793,2.577,1.124,0.822,af3,msa_template
4z2o,42,3,0.660622,0.59,2.9352,0.742,2.935,1.227,0.733,af3,msa_template
4z2o,42,4,0.624462,0.55,4.7134,0.619,4.713,2.009,0.733,af3,msa_template
4z2o,43,0,0.5922,0.44,4.3089,0.612,4.309,1.766,0.622,af3,msa_template
4z2o,43,1,0.619619,0.53,5.6103,0.542,5.61,2.258,0.622,af3,msa_template
4z2o,43,2,0.598371,0.44,5.5639,0.534,5.564,2.282,0.6,af3,msa_template
4z2o,43,3,0.624825,0.54,4.0255,0.638,4.026,1.729,0.667,af3,msa_template
4z2o,43,4,0.608965,0.48,4.9735,0.572,4.973,2.045,0.622,af3,msa_template
4z2o,44,0,0.586271,0.46,7.6535,0.449,7.653,3.036,0.6,af3,msa_template
4z2o,44,1,0.59519,0.43,5.5688,0.531,5.569,2.207,0.578,af3,msa_template
4z2o,44,2,0.573203,0.42,4.452,0.606,4.452,1.796,0.622,af3,msa_template
4z2o,44,3,0.548565,0.4,5.8109,0.491,5.811,2.283,0.489,af3,msa_template
4z2o,44,4,0.585904,0.46,11.9278,0.229,11.928,4.953,0.267,af3,msa_template
4zoz,42,0,0.911021,0.96,2.5331,0.878,2.533,0.855,0.959,af3,msa_template
4zoz,42,1,0.8966719999999999,0.95,0.9204,0.954,0.92,0.392,0.939,af3,msa_template
4zoz,42,2,0.905817,0.95,1.5723,0.925,1.572,0.578,0.939,af3,msa_template
4zoz,42,3,0.912274,0.96,1.6382,0.923,1.638,0.592,0.939,af3,msa_template
4zoz,42,4,0.905411,0.96,1.8395,0.913,1.84,0.643,0.939,af3,msa_template
4zoz,43,0,0.9141670000000001,0.96,2.3764,0.88,2.376,0.809,0.939,af3,msa_template
4zoz,43,1,0.90974,0.96,2.0659,0.906,2.066,0.719,0.959,af3,msa_template
4zoz,43,2,0.910887,0.95,1.6164,0.924,1.616,0.586,0.939,af3,msa_template
4zoz,43,3,0.9185479999999999,0.96,2.3678,0.879,2.368,0.822,0.939,af3,msa_template
4zoz,43,4,0.916744,0.96,2.5056,0.878,2.506,0.854,0.959,af3,msa_template
4zoz,44,0,0.914036,0.96,2.3944,0.877,2.394,0.832,0.939,af3,msa_template
4zoz,44,1,0.909885,0.96,2.2075,0.89,2.208,0.76,0.939,af3,msa_template
4zoz,44,2,0.916002,0.96,1.9137,0.908,1.914,0.669,0.939,af3,msa_template
4zoz,44,3,0.908951,0.96,2.1926,0.893,2.193,0.746,0.939,af3,msa_template
4zoz,44,4,0.9035509999999999,0.95,1.2589,0.936,1.259,0.472,0.918,af3,msa_template
5bs2,42,0,0.650257,0.44,17.3385,0.127,17.339,5.037,0.105,af3,msa_template
5bs2,42,1,0.7142029999999999,0.55,16.111,0.155,16.111,4.789,0.158,af3,msa_template
5bs2,42,2,0.697615,0.51,16.1875,0.155,16.187,4.736,0.158,af3,msa_template
5bs2,42,3,0.661684,0.46,16.6033,0.15,16.603,4.941,0.158,af3,msa_template
5bs2,42,4,0.60183,0.43,2.9416,0.762,2.942,1.085,0.737,af3,msa_template
5bs2,43,0,0.7253839999999999,0.58,15.6198,0.16,15.62,4.642,0.158,af3,msa_template
5bs2,43,1,0.656597,0.55,4.6826,0.583,4.683,1.644,0.526,af3,msa_template
5bs2,43,2,0.7357299999999999,0.58,15.8629,0.158,15.863,4.724,0.158,af3,msa_template
5bs2,43,3,0.564836,0.39,3.7114,0.699,3.711,1.294,0.684,af3,msa_template
5bs2,43,4,0.700338,0.54,16.1952,0.154,16.195,4.804,0.158,af3,msa_template
5bs2,44,0,0.692846,0.51,16.1573,0.156,16.157,4.696,0.158,af3,msa_template
5bs2,44,1,0.7277790000000001,0.59,16.0459,0.156,16.046,4.737,0.158,af3,msa_template
5bs2,44,2,0.71673,0.56,15.6491,0.161,15.649,4.605,0.158,af3,msa_template
5bs2,44,3,0.5479769999999999,0.35,2.8805,0.721,2.88,1.013,0.579,af3,msa_template
5bs2,44,4,0.635174,0.48,16.122,0.156,16.122,4.723,0.158,af3,msa_template
5crw,42,0,0.867244,0.91,3.0061,0.817,3.006,1.06,0.897,af3,msa_template
5crw,42,1,0.8643460000000001,0.9,2.797,0.833,2.797,0.983,0.897,af3,msa_template
5crw,42,2,0.877116,0.92,4.8114,0.752,4.811,1.13,0.862,af3,msa_template
5crw,42,3,0.864336,0.9,4.898,0.762,4.898,1.046,0.862,af3,msa_template
5crw,42,4,0.8567199999999999,0.91,2.2305,0.836,2.231,1.038,0.897,af3,msa_template
5crw,43,0,0.860026,0.9,3.7599,0.789,3.76,1.059,0.862,af3,msa_template
5crw,43,1,0.85146,0.9,2.8413,0.769,2.841,1.28,0.828,af3,msa_template
5crw,43,2,0.873321,0.91,3.7312,0.798,3.731,1.078,0.897,af3,msa_template
5crw,43,3,0.8648009999999999,0.91,3.7207,0.783,3.721,1.021,0.828,af3,msa_template
5crw,43,4,0.861221,0.9,3.2811,0.79,3.281,1.048,0.828,af3,msa_template
5crw,44,0,0.8674160000000001,0.9,3.9147,0.777,3.915,1.117,0.862,af3,msa_template
5crw,44,1,0.8663150000000001,0.9,4.2337,0.775,4.234,1.076,0.862,af3,msa_template
5crw,44,2,0.8507750000000001,0.9,2.3686,0.836,2.369,1.022,0.897,af3,msa_template
5crw,44,3,0.868342,0.9,5.618,0.751,5.618,1.076,0.897,af3,msa_template
5crw,44,4,0.86284,0.91,3.5941,0.797,3.594,1.024,0.862,af3,msa_template
5d94,42,0,0.87424,0.88,1.1226,0.911,1.123,0.57,0.875,af3,msa_template
5d94,42,1,0.854777,0.83,1.4531,0.864,1.453,0.683,0.792,af3,msa_template
5d94,42,2,0.846365,0.83,1.3333,0.861,1.333,0.661,0.771,af3,msa_template
5d94,42,3,0.84934,0.83,0.7456,0.883,0.746,0.59,0.792,af3,msa_template
5d94,42,4,0.8612839999999999,0.85,1.0436,0.895,1.044,0.643,0.854,af3,msa_template
5d94,43,0,0.842843,0.83,1.0192,0.871,1.019,0.613,0.771,af3,msa_template
5d94,43,1,0.854778,0.84,1.4199,0.873,1.42,0.669,0.812,af3,msa_template
5d94,43,2,0.848976,0.83,1.4433,0.868,1.443,0.651,0.792,af3,msa_template
5d94,43,3,0.840341,0.82,1.7157,0.824,1.716,0.843,0.75,af3,msa_template
5d94,43,4,0.845947,0.83,1.1885,0.868,1.188,0.674,0.792,af3,msa_template
5d94,44,0,0.8578189999999999,0.85,1.2095,0.9,1.209,0.643,0.875,af3,msa_template
5d94,44,1,0.8521129999999999,0.83,0.8413,0.889,0.841,0.542,0.792,af3,msa_template
5d94,44,2,0.853114,0.84,1.6459,0.839,1.646,0.795,0.771,af3,msa_template
5d94,44,3,0.852732,0.84,0.9276,0.901,0.928,0.549,0.833,af3,msa_template
5d94,44,4,0.847375,0.83,1.0238,0.876,1.024,0.627,0.792,af3,msa_template
5dai,42,0,0.884114,0.95,0.7676,0.939,0.768,0.631,0.977,af3,msa_template
5dai,42,1,0.871266,0.94,1.0287,0.949,1.029,0.599,1.0,af3,msa_template
5dai,42,2,0.8793089999999999,0.94,0.8652,0.934,0.865,0.664,0.977,af3,msa_template
5dai,42,3,0.881511,0.94,0.7788,0.932,0.779,0.687,0.977,af3,msa_template
5dai,42,4,0.878162,0.95,1.0874,0.928,1.087,0.641,0.953,af3,msa_template
5dai,43,0,0.869842,0.94,1.3146,0.915,1.315,0.769,0.977,af3,msa_template
5dai,43,1,0.879042,0.95,0.8641,0.926,0.864,0.722,0.977,af3,msa_template
5dai,43,2,0.8721080000000001,0.94,0.7943,0.937,0.794,0.7,1.0,af3,msa_template
5dai,43,3,0.877024,0.95,0.9188,0.936,0.919,0.647,0.977,af3,msa_template
5dai,43,4,0.8779680000000001,0.95,1.1528,0.921,1.153,0.74,0.977,af3,msa_template
5dai,44,0,0.873302,0.95,1.2407,0.945,1.241,0.615,1.0,af3,msa_template
5dai,44,1,0.8856959999999999,0.95,0.7469,0.952,0.747,0.599,1.0,af3,msa_template
5dai,44,2,0.881729,0.95,0.7343,0.948,0.734,0.627,1.0,af3,msa_template
5dai,44,3,0.884799,0.95,0.6706,0.94,0.671,0.685,1.0,af3,msa_template
5dai,44,4,0.8829739999999999,0.95,1.0094,0.923,1.009,0.733,0.977,af3,msa_template
5di8,42,0,0.9474250000000001,0.95,0.9988,0.973,0.999,0.399,1.0,af3,msa_template
5di8,42,1,0.9491379999999999,0.95,0.8225,0.979,0.823,0.356,1.0,af3,msa_template
5di8,42,2,0.948839,0.95,0.6467,0.982,0.647,0.335,1.0,af3,msa_template
5di8,42,3,0.9485859999999999,0.95,0.5184,0.985,0.518,0.31,1.0,af3,msa_template
5di8,42,4,0.95081,0.95,0.6197,0.98,0.62,0.361,1.0,af3,msa_template
5di8,43,0,0.949981,0.95,0.7595,0.974,0.76,0.414,1.0,af3,msa_template
5di8,43,1,0.9481,0.95,0.6143,0.98,0.614,0.357,1.0,af3,msa_template
5di8,43,2,0.949933,0.95,0.7508,0.978,0.751,0.373,1.0,af3,msa_template
5di8,43,3,0.949894,0.96,1.1751,0.964,1.175,0.468,1.0,af3,msa_template
5di8,43,4,0.948677,0.95,0.6533,0.973,0.653,0.35,0.977,af3,msa_template
5di8,44,0,0.943519,0.95,0.6737,0.977,0.674,0.389,1.0,af3,msa_template
5di8,44,1,0.945922,0.95,0.8014,0.983,0.801,0.321,1.0,af3,msa_template
5di8,44,2,0.947568,0.95,0.7867,0.979,0.787,0.362,1.0,af3,msa_template
5di8,44,3,0.947205,0.95,0.658,0.981,0.658,0.349,1.0,af3,msa_template
5di8,44,4,0.9460999999999999,0.95,0.6902,0.981,0.69,0.35,1.0,af3,msa_template
5e33,42,0,0.8600530000000001,0.96,1.771,0.947,1.771,0.549,1.0,af3,msa_template
5e33,42,1,0.86461,0.96,1.7256,0.95,1.726,0.527,1.0,af3,msa_template
5e33,42,2,0.863862,0.95,1.7926,0.947,1.793,0.545,1.0,af3,msa_template
5e33,42,3,0.8628319999999999,0.96,1.9167,0.936,1.917,0.55,0.976,af3,msa_template
5e33,42,4,0.863495,0.96,1.6587,0.951,1.659,0.532,1.0,af3,msa_template
5e33,43,0,0.8590019999999999,0.96,1.7199,0.945,1.72,0.57,1.0,af3,msa_template
5e33,43,1,0.8602599999999999,0.96,1.7621,0.946,1.762,0.559,1.0,af3,msa_template
5e33,43,2,0.853498,0.95,1.7773,0.949,1.777,0.528,1.0,af3,msa_template
5e33,43,3,0.8269329999999999,0.95,1.7799,0.931,1.78,0.548,0.951,af3,msa_template
5e33,43,4,0.856238,0.96,1.9016,0.944,1.901,0.557,1.0,af3,msa_template
5e33,44,0,0.8733799999999999,0.96,1.7325,0.946,1.732,0.557,1.0,af3,msa_template
5e33,44,1,0.8379869999999999,0.95,1.4691,0.951,1.469,0.481,0.976,af3,msa_template
5e33,44,2,0.866275,0.96,1.8357,0.942,1.836,0.575,1.0,af3,msa_template
5e33,44,3,0.8680880000000001,0.96,1.6717,0.95,1.672,0.534,1.0,af3,msa_template
5e33,44,4,0.86795,0.96,1.6436,0.951,1.644,0.528,1.0,af3,msa_template
5efi,42,0,0.486361,0.55,5.4983,0.452,5.498,2.408,0.373,af3,msa_template
5efi,42,1,0.465546,0.51,10.4521,0.237,10.452,4.117,0.196,af3,msa_template
5efi,42,2,0.528536,0.62,8.291,0.336,8.291,3.416,0.333,af3,msa_template
5efi,42,3,0.517715,0.59,5.822,0.431,5.822,2.53,0.353,af3,msa_template
5efi,42,4,0.44752600000000003,0.47,6.7958,0.393,6.796,2.858,0.353,af3,msa_template
5efi,43,0,0.503457,0.58,6.0015,0.424,6.002,2.582,0.353,af3,msa_template
5efi,43,1,0.48123399999999994,0.54,4.7388,0.527,4.739,2.148,0.49,af3,msa_template
5efi,43,2,0.468377,0.51,5.7702,0.466,5.77,2.512,0.451,af3,msa_template
5efi,43,3,0.442619,0.46,7.1347,0.368,7.135,2.958,0.314,af3,msa_template
5efi,43,4,0.45219000000000004,0.47,4.1361,0.542,4.136,1.971,0.451,af3,msa_template
5efi,44,0,0.45206,0.46,5.4972,0.427,5.497,2.397,0.294,af3,msa_template
5efi,44,1,0.436399,0.46,5.5716,0.477,5.572,2.404,0.451,af3,msa_template
5efi,44,2,0.475238,0.54,5.7369,0.469,5.737,2.467,0.451,af3,msa_template
5efi,44,3,0.46213099999999996,0.49,5.2712,0.462,5.271,2.337,0.373,af3,msa_template
5efi,44,4,0.480972,0.52,6.0786,0.403,6.079,2.574,0.294,af3,msa_template
5ei3,42,0,0.910037,0.95,0.6918,0.961,0.692,0.375,0.949,af3,msa_template
5ei3,42,1,0.911761,0.95,0.5323,0.966,0.532,0.335,0.949,af3,msa_template
5ei3,42,2,0.914276,0.95,0.5039,0.965,0.504,0.342,0.949,af3,msa_template
5ei3,42,3,0.898645,0.94,0.5825,0.965,0.583,0.339,0.949,af3,msa_template
5ei3,42,4,0.909473,0.95,0.6334,0.963,0.633,0.361,0.949,af3,msa_template
5ei3,43,0,0.9100539999999999,0.95,0.4393,0.971,0.439,0.281,0.949,af3,msa_template
5ei3,43,1,0.9080469999999999,0.95,0.648,0.958,0.648,0.314,0.923,af3,msa_template
5ei3,43,2,0.901545,0.95,0.5961,0.954,0.596,0.367,0.923,af3,msa_template
5ei3,43,3,0.9081980000000001,0.95,0.5294,0.967,0.529,0.321,0.949,af3,msa_template
5ei3,43,4,0.9088890000000001,0.95,0.4122,0.97,0.412,0.292,0.949,af3,msa_template
5ei3,44,0,0.897363,0.94,0.6885,0.955,0.688,0.346,0.923,af3,msa_template
5ei3,44,1,0.901525,0.94,0.6228,0.957,0.623,0.335,0.923,af3,msa_template
5ei3,44,2,0.910655,0.95,0.627,0.973,0.627,0.343,0.974,af3,msa_template
5ei3,44,3,0.907629,0.95,0.684,0.959,0.684,0.4,0.949,af3,msa_template
5ei3,44,4,0.89932,0.94,0.6392,0.956,0.639,0.338,0.923,af3,msa_template
5fml,42,0,0.8118909999999999,0.84,2.3541,0.81,2.354,1.035,0.822,af3,msa_template
5fml,42,1,0.839431,0.87,4.4722,0.61,4.472,2.008,0.689,af3,msa_template
5fml,42,2,0.805697,0.82,3.7655,0.67,3.766,1.694,0.733,af3,msa_template
5fml,42,3,0.8046089999999999,0.83,2.0911,0.814,2.091,1.087,0.844,af3,msa_template
5fml,42,4,0.795879,0.81,3.6246,0.671,3.625,1.641,0.711,af3,msa_template
5fml,43,0,0.8063469999999999,0.84,2.0648,0.829,2.065,1.037,0.867,af3,msa_template
5fml,43,1,0.8088970000000001,0.83,2.5736,0.793,2.574,1.123,0.822,af3,msa_template
5fml,43,2,0.786502,0.81,1.8257,0.82,1.826,0.92,0.778,af3,msa_template
5fml,43,3,0.787838,0.83,1.6071,0.857,1.607,0.838,0.844,af3,msa_template
5fml,43,4,0.814087,0.84,3.5889,0.676,3.589,1.601,0.711,af3,msa_template
5fml,44,0,0.795421,0.82,2.2805,0.801,2.28,1.05,0.8,af3,msa_template
5fml,44,1,0.7950020000000001,0.82,2.6292,0.779,2.629,1.167,0.8,af3,msa_template
5fml,44,2,0.803462,0.84,3.6144,0.662,3.614,1.658,0.689,af3,msa_template
5fml,44,3,0.806531,0.84,2.304,0.804,2.304,1.084,0.822,af3,msa_template
5fml,44,4,0.782087,0.81,2.5591,0.759,2.559,1.155,0.733,af3,msa_template
5fpx,42,0,0.602688,0.48,2.7753,0.762,2.775,0.965,0.674,af3,msa_template
5fpx,42,1,0.634279,0.52,2.5209,0.803,2.521,0.877,0.744,af3,msa_template
5fpx,42,2,0.6297820000000001,0.5,5.519,0.531,5.519,1.665,0.442,af3,msa_template
5fpx,42,3,0.636084,0.54,4.6829,0.598,4.683,1.393,0.488,af3,msa_template
5fpx,42,4,0.612974,0.46,3.5678,0.648,3.568,1.154,0.465,af3,msa_template
5fpx,43,0,0.61073,0.51,2.8654,0.748,2.865,0.991,0.651,af3,msa_template
5fpx,43,1,0.5991960000000001,0.46,3.3188,0.716,3.319,1.091,0.628,af3,msa_template
5fpx,43,2,0.634995,0.53,1.8425,0.872,1.842,0.805,0.884,af3,msa_template
5fpx,43,3,0.600989,0.48,2.6376,0.751,2.638,0.844,0.581,af3,msa_template
5fpx,43,4,0.604698,0.51,3.3692,0.696,3.369,1.122,0.581,af3,msa_template
5fpx,44,0,0.6274580000000001,0.54,2.8474,0.776,2.847,0.965,0.721,af3,msa_template
5fpx,44,1,0.661084,0.58,2.917,0.738,2.917,1.0,0.628,af3,msa_template
5fpx,44,2,0.638377,0.54,2.2381,0.837,2.238,0.842,0.814,af3,msa_template
5fpx,44,3,0.6231490000000001,0.5,4.5126,0.553,4.513,1.41,0.349,af3,msa_template
5fpx,44,4,0.618139,0.5,4.905,0.558,4.905,1.48,0.419,af3,msa_template
5fv6,42,0,0.557037,0.57,24.2865,0.046,24.286,8.808,0.0,af3,msa_template
5fv6,42,1,0.520546,0.52,25.3783,0.042,25.378,9.239,0.0,af3,msa_template
5fv6,42,2,0.597087,0.64,22.7306,0.051,22.731,8.421,0.0,af3,msa_template
5fv6,42,3,0.606233,0.65,25.1035,0.043,25.104,9.151,0.0,af3,msa_template
5fv6,42,4,0.5106539999999999,0.49,27.7627,0.036,27.763,10.03,0.0,af3,msa_template
5fv6,43,0,0.544722,0.56,24.1236,0.046,24.124,8.953,0.0,af3,msa_template
5fv6,43,1,0.55775,0.58,24.6815,0.044,24.682,9.103,0.0,af3,msa_template
5fv6,43,2,0.48628,0.47,27.4645,0.036,27.464,10.012,0.0,af3,msa_template
5fv6,43,3,0.516241,0.53,25.505,0.042,25.505,9.364,0.0,af3,msa_template
5fv6,43,4,0.56065,0.59,24.5816,0.045,24.582,9.038,0.0,af3,msa_template
5fv6,44,0,0.5417540000000001,0.57,24.4509,0.045,24.451,9.022,0.0,af3,msa_template
5fv6,44,1,0.5225310000000001,0.53,24.706,0.044,24.706,9.118,0.0,af3,msa_template
5fv6,44,2,0.570439,0.6,24.4677,0.045,24.468,9.046,0.0,af3,msa_template
5fv6,44,3,0.5999909999999999,0.65,24.9299,0.044,24.93,9.11,0.0,af3,msa_template
5fv6,44,4,0.554106,0.57,24.721,0.044,24.721,9.097,0.0,af3,msa_template
5ggp,42,0,0.726775,0.73,7.1574,0.369,7.157,2.687,0.286,af3,msa_template
5ggp,42,1,0.7255079999999999,0.72,6.9,0.378,6.9,2.636,0.286,af3,msa_template
5ggp,42,2,0.691947,0.67,6.5728,0.435,6.573,2.596,0.429,af3,msa_template
5ggp,42,3,0.7439190000000001,0.75,6.778,0.382,6.778,2.616,0.286,af3,msa_template
5ggp,42,4,0.7046389999999999,0.69,7.7539,0.351,7.754,2.819,0.286,af3,msa_template
5ggp,43,0,0.753667,0.75,7.5684,0.355,7.568,2.817,0.286,af3,msa_template
5ggp,43,1,0.747239,0.74,7.5394,0.357,7.539,2.782,0.286,af3,msa_template
5ggp,43,2,0.721669,0.7,7.5807,0.355,7.581,2.812,0.286,af3,msa_template
5ggp,43,3,0.729847,0.72,6.8535,0.379,6.854,2.634,0.286,af3,msa_template
5ggp,43,4,0.741542,0.75,7.0003,0.373,7.0,2.679,0.286,af3,msa_template
5ggp,44,0,0.739589,0.73,7.0218,0.373,7.022,2.672,0.286,af3,msa_template
5ggp,44,1,0.742811,0.74,7.4455,0.359,7.445,2.772,0.286,af3,msa_template
5ggp,44,2,0.734225,0.74,6.9595,0.374,6.959,2.68,0.286,af3,msa_template
5ggp,44,3,0.729325,0.72,7.2813,0.365,7.281,2.732,0.286,af3,msa_template
5ggp,44,4,0.745867,0.75,7.4749,0.358,7.475,2.788,0.286,af3,msa_template
5gu4,42,0,0.828266,0.89,2.0127,0.84,2.013,0.675,0.741,af3,msa_template
5gu4,42,1,0.822455,0.89,2.0269,0.826,2.027,0.682,0.704,af3,msa_template
5gu4,42,2,0.8323909999999999,0.87,0.726,0.949,0.726,0.279,0.889,af3,msa_template
5gu4,42,3,0.83654,0.9,1.7747,0.853,1.775,0.606,0.741,af3,msa_template
5gu4,42,4,0.811374,0.87,2.083,0.81,2.083,0.703,0.667,af3,msa_template
5gu4,43,0,0.839302,0.91,1.966,0.84,1.966,0.675,0.741,af3,msa_template
5gu4,43,1,0.8287260000000001,0.9,2.0059,0.827,2.006,0.681,0.704,af3,msa_template
5gu4,43,2,0.8088679999999999,0.87,2.2093,0.79,2.209,0.744,0.63,af3,msa_template
5gu4,43,3,0.827974,0.87,0.6022,0.964,0.602,0.259,0.926,af3,msa_template
5gu4,43,4,0.840085,0.9,1.8073,0.851,1.807,0.618,0.741,af3,msa_template
5gu4,44,0,0.791911,0.86,2.1904,0.829,2.19,0.73,0.741,af3,msa_template
5gu4,44,1,0.8212430000000001,0.88,1.4227,0.899,1.423,0.474,0.815,af3,msa_template
5gu4,44,2,0.814285,0.87,1.3278,0.902,1.328,0.454,0.815,af3,msa_template
5gu4,44,3,0.8140890000000001,0.89,2.0206,0.826,2.021,0.686,0.704,af3,msa_template
5gu4,44,4,0.7974429999999999,0.87,2.0588,0.812,2.059,0.692,0.667,af3,msa_template
5huw,42,0,0.9159950000000001,0.94,1.2074,0.911,1.207,0.642,0.907,af3,msa_template
5huw,42,1,0.903587,0.92,1.2183,0.918,1.218,0.636,0.926,af3,msa_template
5huw,42,2,0.89237,0.92,1.3959,0.885,1.396,0.678,0.852,af3,msa_template
5huw,42,3,0.891584,0.92,1.3594,0.891,1.359,0.682,0.87,af3,msa_template
5huw,42,4,0.9094140000000001,0.93,1.2811,0.911,1.281,0.633,0.907,af3,msa_template
5huw,43,0,0.9126000000000001,0.93,1.2425,0.908,1.242,0.661,0.907,af3,msa_template
5huw,43,1,0.909274,0.92,1.3393,0.913,1.339,0.66,0.926,af3,msa_template
5huw,43,2,0.88029,0.9,1.4608,0.895,1.461,0.65,0.87,af3,msa_template
5huw,43,3,0.903525,0.91,1.2084,0.91,1.208,0.65,0.907,af3,msa_template
5huw,43,4,0.883931,0.91,1.5275,0.889,1.527,0.683,0.87,af3,msa_template
5huw,44,0,0.90699,0.92,1.1521,0.927,1.152,0.622,0.944,af3,msa_template
5huw,44,1,0.9046339999999999,0.92,1.2784,0.905,1.278,0.637,0.889,af3,msa_template
5huw,44,2,0.9072709999999999,0.92,1.0765,0.911,1.076,0.609,0.889,af3,msa_template
5huw,44,3,0.90744,0.93,1.1218,0.919,1.122,0.634,0.926,af3,msa_template
5huw,44,4,0.891344,0.91,1.1404,0.913,1.14,0.633,0.907,af3,msa_template
5i7z,42,0,0.950103,0.91,0.8332,0.948,0.833,0.624,1.0,af3,msa_template
5i7z,42,1,0.9534950000000001,0.91,0.6121,0.965,0.612,0.316,0.941,af3,msa_template
5i7z,42,2,0.953672,0.91,0.7623,0.962,0.762,0.336,0.941,af3,msa_template
5i7z,42,3,0.9536830000000001,0.91,0.6955,0.924,0.696,0.661,0.941,af3,msa_template
5i7z,42,4,0.9563280000000001,0.92,0.5194,0.967,0.519,0.293,0.941,af3,msa_template
5i7z,43,0,0.9523,0.91,0.5361,0.949,0.536,0.631,1.0,af3,msa_template
5i7z,43,1,0.953793,0.91,0.4953,0.965,0.495,0.314,0.941,af3,msa_template
5i7z,43,2,0.955208,0.91,0.3942,0.975,0.394,0.316,0.971,af3,msa_template
5i7z,43,3,0.947407,0.91,0.8939,0.957,0.894,0.373,0.941,af3,msa_template
5i7z,43,4,0.9518949999999999,0.91,0.6363,0.934,0.636,0.59,0.941,af3,msa_template
5i7z,44,0,0.956322,0.92,0.3187,0.974,0.319,0.33,0.971,af3,msa_template
5i7z,44,1,0.9507380000000001,0.91,0.5965,0.934,0.597,0.594,0.941,af3,msa_template
5i7z,44,2,0.95196,0.91,0.6074,0.961,0.607,0.351,0.941,af3,msa_template
5i7z,44,3,0.9509019999999999,0.91,0.5326,0.956,0.533,0.308,0.912,af3,msa_template
5i7z,44,4,0.953132,0.91,0.4243,0.941,0.424,0.617,0.971,af3,msa_template
5j3q,42,0,0.8598300000000001,0.9,2.2362,0.775,2.236,1.227,0.791,af3,msa_template
5j3q,42,1,0.847963,0.88,2.2072,0.75,2.207,1.371,0.767,af3,msa_template
5j3q,42,2,0.867997,0.91,2.6895,0.729,2.689,1.4,0.744,af3,msa_template
5j3q,42,3,0.861529,0.9,2.3053,0.762,2.305,1.2,0.744,af3,msa_template
5j3q,42,4,0.862413,0.9,2.999,0.739,2.999,1.464,0.814,af3,msa_template
5j3q,43,0,0.8593519999999999,0.9,3.2127,0.692,3.213,1.631,0.744,af3,msa_template
5j3q,43,1,0.867991,0.91,3.1646,0.691,3.165,1.739,0.767,af3,msa_template
5j3q,43,2,0.859838,0.9,3.0262,0.709,3.026,1.658,0.791,af3,msa_template
5j3q,43,3,0.840129,0.87,2.1684,0.768,2.168,1.351,0.814,af3,msa_template
5j3q,43,4,0.859967,0.9,2.3736,0.738,2.374,1.446,0.767,af3,msa_template
5j3q,44,0,0.858678,0.9,2.3874,0.756,2.387,1.296,0.767,af3,msa_template
5j3q,44,1,0.8655710000000001,0.9,2.473,0.764,2.473,1.28,0.791,af3,msa_template
5j3q,44,2,0.869252,0.91,2.5499,0.739,2.55,1.41,0.767,af3,msa_template
5j3q,44,3,0.860792,0.9,1.4777,0.859,1.478,0.983,0.907,af3,msa_template
5j3q,44,4,0.864585,0.9,3.0037,0.705,3.004,1.558,0.744,af3,msa_template
5kds,42,0,0.439564,0.61,10.4897,0.233,10.49,3.571,0.154,af3,msa_template
5kds,42,1,0.41259599999999996,0.57,8.3301,0.37,8.33,2.866,0.385,af3,msa_template
5kds,42,2,0.407211,0.57,7.8854,0.329,7.885,2.841,0.231,af3,msa_template
5kds,42,3,0.42424599999999996,0.56,7.6203,0.418,7.62,2.682,0.462,af3,msa_template
5kds,42,4,0.40881799999999996,0.57,9.446,0.255,9.446,3.385,0.154,af3,msa_template
5kds,43,0,0.403336,0.57,10.9172,0.38,10.917,3.63,0.615,af3,msa_template
5kds,43,1,0.403036,0.54,6.0761,0.489,6.076,2.078,0.462,af3,msa_template
5kds,43,2,0.40184600000000004,0.54,5.9655,0.466,5.965,2.076,0.385,af3,msa_template
5kds,43,3,0.416286,0.56,6.3427,0.451,6.343,2.162,0.385,af3,msa_template
5kds,43,4,0.41450699999999996,0.55,6.6929,0.505,6.693,2.391,0.615,af3,msa_template
5kds,44,0,0.36188899999999996,0.51,14.0985,0.198,14.098,4.623,0.231,af3,msa_template
5kds,44,1,0.41924999999999996,0.56,9.7318,0.383,9.732,3.212,0.538,af3,msa_template
5kds,44,2,0.391807,0.52,19.7019,0.172,19.702,6.363,0.308,af3,msa_template
5kds,44,3,0.391257,0.54,4.7158,0.587,4.716,1.631,0.538,af3,msa_template
5kds,44,4,0.4299,0.58,15.6251,0.282,15.625,5.161,0.538,af3,msa_template
5lyn,42,0,0.930373,0.93,1.3931,0.927,1.393,0.457,0.893,af3,msa_template
5lyn,42,1,0.8527,0.84,1.3247,0.88,1.325,0.457,0.75,af3,msa_template
5lyn,42,2,0.924725,0.93,1.345,0.91,1.345,0.511,0.857,af3,msa_template
5lyn,42,3,0.8673350000000001,0.88,1.8488,0.851,1.849,0.637,0.75,af3,msa_template
5lyn,42,4,0.9254290000000001,0.93,1.2887,0.914,1.289,0.476,0.857,af3,msa_template
5lyn,43,0,0.925176,0.93,1.3129,0.903,1.313,0.472,0.821,af3,msa_template
5lyn,43,1,0.8957640000000001,0.9,1.7438,0.864,1.744,0.547,0.75,af3,msa_template
5lyn,43,2,0.926522,0.93,1.3549,0.91,1.355,0.503,0.857,af3,msa_template
5lyn,43,3,0.9276690000000001,0.93,1.2631,0.93,1.263,0.444,0.893,af3,msa_template
5lyn,43,4,0.926687,0.93,1.151,0.921,1.151,0.427,0.857,af3,msa_template
5lyn,44,0,0.923829,0.93,1.283,0.918,1.283,0.449,0.857,af3,msa_template
5lyn,44,1,0.923969,0.92,1.4637,0.913,1.464,0.473,0.857,af3,msa_template
5lyn,44,2,0.923365,0.92,1.2951,0.915,1.295,0.47,0.857,af3,msa_template
5lyn,44,3,0.839504,0.83,1.5237,0.859,1.524,0.519,0.714,af3,msa_template
5lyn,44,4,0.9254600000000001,0.93,1.3088,0.919,1.309,0.433,0.857,af3,msa_template
5m5r,42,0,0.8529049999999999,0.93,2.8657,0.832,2.866,1.032,0.919,af3,msa_template
5m5r,42,1,0.8484569999999999,0.92,2.3704,0.857,2.37,0.862,0.892,af3,msa_template
5m5r,42,2,0.848275,0.92,2.6619,0.856,2.662,0.956,0.946,af3,msa_template
5m5r,42,3,0.8304670000000001,0.91,2.2456,0.879,2.246,0.855,0.946,af3,msa_template
5m5r,42,4,0.81467,0.89,2.2964,0.878,2.296,0.85,0.946,af3,msa_template
5m5r,43,0,0.852328,0.92,2.6303,0.838,2.63,0.959,0.892,af3,msa_template
5m5r,43,1,0.847097,0.92,2.0174,0.893,2.017,0.782,0.946,af3,msa_template
5m5r,43,2,0.859323,0.93,2.4872,0.847,2.487,0.914,0.892,af3,msa_template
5m5r,43,3,0.853344,0.91,2.5069,0.868,2.507,0.894,0.946,af3,msa_template
5m5r,43,4,0.846207,0.91,2.6187,0.849,2.619,0.948,0.919,af3,msa_template
5m5r,44,0,0.828541,0.9,2.1783,0.875,2.178,0.822,0.919,af3,msa_template
5m5r,44,1,0.836203,0.93,2.9958,0.837,2.996,1.042,0.946,af3,msa_template
5m5r,44,2,0.8423229999999999,0.91,2.4032,0.859,2.403,0.848,0.892,af3,msa_template
5m5r,44,3,0.823295,0.9,2.1339,0.878,2.134,0.812,0.919,af3,msa_template
5m5r,44,4,0.83488,0.9,2.2658,0.879,2.266,0.846,0.946,af3,msa_template
5n22,42,0,0.39250100000000004,0.3,14.0933,0.177,14.093,5.492,0.196,af3,msa_template
5n22,42,1,0.40299999999999997,0.34,15.819,0.153,15.819,5.826,0.174,af3,msa_template
5n22,42,2,0.393141,0.3,14.1558,0.185,14.156,5.375,0.217,af3,msa_template
5n22,42,3,0.369357,0.26,14.5548,0.18,14.555,5.572,0.217,af3,msa_template
5n22,42,4,0.37550100000000003,0.27,14.5363,0.181,14.536,5.481,0.217,af3,msa_template
5n22,43,0,0.383109,0.29,14.4413,0.165,14.441,5.775,0.174,af3,msa_template
5n22,43,1,0.388443,0.28,14.3416,0.161,14.342,5.457,0.152,af3,msa_template
5n22,43,2,0.421184,0.35,14.3081,0.212,14.308,5.395,0.304,af3,msa_template
5n22,43,3,0.409554,0.32,14.3122,0.169,14.312,5.416,0.174,af3,msa_template
5n22,43,4,0.38934199999999997,0.3,14.1567,0.17,14.157,5.448,0.174,af3,msa_template
5n22,44,0,0.379718,0.27,14.1518,0.17,14.152,5.456,0.174,af3,msa_template
5n22,44,1,0.387805,0.32,14.0671,0.193,14.067,5.334,0.239,af3,msa_template
5n22,44,2,0.418196,0.37,16.1897,0.13,16.19,6.989,0.13,af3,msa_template
5n22,44,3,0.390739,0.35,14.1358,0.17,14.136,5.432,0.174,af3,msa_template
5n22,44,4,0.38406100000000004,0.28,13.8386,0.196,13.839,5.31,0.239,af3,msa_template
5n85,42,0,0.763069,0.66,2.3578,0.808,2.358,1.093,0.842,af3,msa_template
5n85,42,1,0.7476090000000001,0.64,1.9969,0.855,1.997,0.933,0.895,af3,msa_template
5n85,42,2,0.7523569999999999,0.64,2.3273,0.799,2.327,1.039,0.789,af3,msa_template
5n85,42,3,0.7249909999999999,0.6,2.2767,0.822,2.277,1.063,0.868,af3,msa_template
5n85,42,4,0.7322280000000001,0.61,2.1084,0.824,2.108,1.012,0.842,af3,msa_template
5n85,43,0,0.7416240000000001,0.62,2.2374,0.846,2.237,1.027,0.921,af3,msa_template
5n85,43,1,0.7502110000000001,0.63,1.975,0.848,1.975,0.923,0.868,af3,msa_template
5n85,43,2,0.7456189999999999,0.61,1.9683,0.857,1.968,0.918,0.895,af3,msa_template
5n85,43,3,0.741423,0.61,2.3177,0.827,2.318,1.089,0.895,af3,msa_template
5n85,43,4,0.7454689999999999,0.62,1.8505,0.835,1.851,0.905,0.816,af3,msa_template
5n85,44,0,0.7416079999999999,0.61,1.9826,0.857,1.983,0.915,0.895,af3,msa_template
5n85,44,1,0.747598,0.62,1.9813,0.852,1.981,0.89,0.868,af3,msa_template
5n85,44,2,0.733982,0.6,1.9095,0.858,1.91,0.915,0.895,af3,msa_template
5n85,44,3,0.7508969999999999,0.63,2.2299,0.846,2.23,1.029,0.921,af3,msa_template
5n85,44,4,0.772244,0.66,2.1913,0.822,2.191,1.014,0.842,af3,msa_template
5njc,42,0,0.6882729999999999,0.83,1.027,0.949,1.027,0.381,0.923,af3,msa_template
5njc,42,1,0.6748959999999999,0.83,1.1034,0.936,1.103,0.42,0.897,af3,msa_template
5njc,42,2,0.673083,0.81,0.8139,0.965,0.814,0.326,0.949,af3,msa_template
5njc,42,3,0.699696,0.84,1.0764,0.945,1.076,0.417,0.923,af3,msa_template
5njc,42,4,0.699431,0.84,1.0855,0.944,1.085,0.425,0.923,af3,msa_template
5njc,43,0,0.67911,0.82,1.0234,0.949,1.023,0.381,0.923,af3,msa_template
5njc,43,1,0.658408,0.82,1.0775,0.947,1.078,0.404,0.923,af3,msa_template
5njc,43,2,0.681669,0.83,1.1586,0.946,1.159,0.403,0.923,af3,msa_template
5njc,43,3,0.681346,0.82,1.0175,0.95,1.017,0.374,0.923,af3,msa_template
5njc,43,4,0.678879,0.82,1.0785,0.948,1.078,0.386,0.923,af3,msa_template
5njc,44,0,0.6641849999999999,0.81,0.867,0.953,0.867,0.359,0.923,af3,msa_template
5njc,44,1,0.7141419999999999,0.84,1.0372,0.949,1.037,0.383,0.923,af3,msa_template
5njc,44,2,0.698756,0.83,0.9912,0.95,0.991,0.373,0.923,af3,msa_template
5njc,44,3,0.715333,0.84,1.1032,0.946,1.103,0.407,0.923,af3,msa_template
5njc,44,4,0.718367,0.85,0.9655,0.95,0.965,0.375,0.923,af3,msa_template
5nqv,42,0,0.827933,0.88,2.3204,0.846,2.32,0.814,0.833,af3,msa_template
5nqv,42,1,0.821704,0.87,2.3829,0.845,2.383,0.867,0.857,af3,msa_template
5nqv,42,2,0.824689,0.87,1.7519,0.9,1.752,0.661,0.905,af3,msa_template
5nqv,42,3,0.828095,0.89,1.9447,0.884,1.945,0.704,0.881,af3,msa_template
5nqv,42,4,0.8277930000000001,0.89,2.0109,0.871,2.011,0.732,0.857,af3,msa_template
5nqv,43,0,0.8299110000000001,0.89,1.8686,0.876,1.869,0.71,0.857,af3,msa_template
5nqv,43,1,0.811327,0.87,1.3208,0.918,1.321,0.51,0.881,af3,msa_template
5nqv,43,2,0.829882,0.87,2.061,0.886,2.061,0.73,0.905,af3,msa_template
5nqv,43,3,0.819448,0.89,2.2168,0.84,2.217,0.812,0.81,af3,msa_template
5nqv,43,4,0.837099,0.89,1.9435,0.879,1.944,0.677,0.857,af3,msa_template
5nqv,44,0,0.826263,0.89,1.9139,0.883,1.914,0.713,0.881,af3,msa_template
5nqv,44,1,0.831173,0.88,1.8361,0.889,1.836,0.674,0.881,af3,msa_template
5nqv,44,2,0.8241679999999999,0.88,1.8315,0.888,1.831,0.684,0.881,af3,msa_template
5nqv,44,3,0.822025,0.87,1.8628,0.898,1.863,0.667,0.905,af3,msa_template
5nqv,44,4,0.8221299999999999,0.88,2.0322,0.866,2.032,0.761,0.857,af3,msa_template
5o9u,42,0,0.623889,0.72,0.5998,0.966,0.6,0.313,0.945,af3,msa_template
5o9u,42,1,0.624398,0.72,0.9003,0.958,0.9,0.383,0.945,af3,msa_template
5o9u,42,2,0.616672,0.72,0.3264,0.981,0.326,0.258,0.973,af3,msa_template
5o9u,42,3,0.632479,0.74,1.3478,0.922,1.348,0.462,0.877,af3,msa_template
5o9u,42,4,0.624105,0.72,0.6305,0.977,0.631,0.341,0.986,af3,msa_template
5o9u,43,0,0.632514,0.74,1.9201,0.899,1.92,0.581,0.877,af3,msa_template
5o9u,43,1,0.6338159999999999,0.74,0.8212,0.948,0.821,0.396,0.918,af3,msa_template
5o9u,43,2,0.638193,0.74,1.6825,0.903,1.683,0.541,0.863,af3,msa_template
5o9u,43,3,0.613681,0.71,0.6651,0.966,0.665,0.306,0.945,af3,msa_template
5o9u,43,4,0.6301019999999999,0.73,0.7805,0.954,0.781,0.388,0.932,af3,msa_template
5o9u,44,0,0.594593,0.69,0.6082,0.977,0.608,0.289,0.973,af3,msa_template
5o9u,44,1,0.59356,0.7,0.6446,0.976,0.645,0.349,0.986,af3,msa_template
5o9u,44,2,0.612447,0.71,0.6235,0.969,0.624,0.336,0.959,af3,msa_template
5o9u,44,3,0.610007,0.73,1.8301,0.901,1.83,0.576,0.877,af3,msa_template
5o9u,44,4,0.6052040000000001,0.71,0.8614,0.952,0.861,0.349,0.918,af3,msa_template
5oj5,42,0,0.451738,0.57,2.8461,0.79,2.846,1.075,0.81,af3,msa_template
5oj5,42,1,0.42410200000000003,0.56,2.7565,0.784,2.756,1.013,0.762,af3,msa_template
5oj5,42,2,0.435565,0.54,2.5444,0.812,2.544,0.964,0.81,af3,msa_template
5oj5,42,3,0.44454,0.54,2.2048,0.858,2.205,0.798,0.857,af3,msa_template
5oj5,42,4,0.44536000000000003,0.58,2.3657,0.824,2.366,0.899,0.81,af3,msa_template
5oj5,43,0,0.44338500000000003,0.57,29.2145,0.034,29.215,9.737,0.0,af3,msa_template
5oj5,43,1,0.545481,0.68,29.9791,0.033,29.979,9.638,0.0,af3,msa_template
5oj5,43,2,0.417923,0.52,24.922,0.046,24.922,7.849,0.0,af3,msa_template
5oj5,43,3,0.47125999999999996,0.63,29.2282,0.034,29.228,9.806,0.0,af3,msa_template
5oj5,43,4,0.434348,0.56,24.9763,0.046,24.976,8.082,0.0,af3,msa_template
5oj5,44,0,0.568465,0.72,29.8727,0.033,29.873,9.637,0.0,af3,msa_template
5oj5,44,1,0.571777,0.71,29.5941,0.033,29.594,9.603,0.0,af3,msa_template
5oj5,44,2,0.518727,0.63,29.1102,0.034,29.11,9.486,0.0,af3,msa_template
5oj5,44,3,0.36834000000000006,0.49,2.9789,0.771,2.979,1.077,0.762,af3,msa_template
5oj5,44,4,0.5459080000000001,0.68,29.3808,0.034,29.381,9.559,0.0,af3,msa_template
5onp,42,0,0.7319599999999999,0.8,2.4294,0.89,2.429,0.626,0.895,af3,msa_template
5onp,42,1,0.716823,0.78,2.4412,0.889,2.441,0.632,0.895,af3,msa_template
5onp,42,2,0.7273470000000001,0.79,2.529,0.885,2.529,0.648,0.895,af3,msa_template
5onp,42,3,0.6582729999999999,0.75,4.3549,0.658,4.355,1.09,0.526,af3,msa_template
5onp,42,4,0.7173,0.79,2.4395,0.89,2.44,0.63,0.895,af3,msa_template
5onp,43,0,0.73786,0.79,2.4426,0.89,2.443,0.627,0.895,af3,msa_template
5onp,43,1,0.717923,0.78,2.6295,0.88,2.63,0.672,0.895,af3,msa_template
5onp,43,2,0.721987,0.78,2.4216,0.881,2.422,0.631,0.868,af3,msa_template
5onp,43,3,0.71887,0.78,2.3694,0.893,2.369,0.616,0.895,af3,msa_template
5onp,43,4,0.7282930000000001,0.79,2.4147,0.881,2.415,0.63,0.868,af3,msa_template
5onp,44,0,0.7345999999999999,0.8,2.4752,0.887,2.475,0.647,0.895,af3,msa_template
5onp,44,1,0.72138,0.78,2.4257,0.889,2.426,0.634,0.895,af3,msa_template
5onp,44,2,0.748587,0.8,2.3456,0.886,2.346,0.606,0.868,af3,msa_template
5onp,44,3,0.7413599999999999,0.79,2.2939,0.898,2.294,0.59,0.895,af3,msa_template
5onp,44,4,0.6955169999999999,0.77,0.6186,0.982,0.619,0.219,0.974,af3,msa_template
5t0k,42,0,0.843284,0.88,0.7691,0.91,0.769,0.731,0.929,af3,msa_template
5t0k,42,1,0.84285,0.89,0.9922,0.909,0.992,0.768,0.946,af3,msa_template
5t0k,42,2,0.8441190000000001,0.89,1.099,0.903,1.099,0.799,0.946,af3,msa_template
5t0k,42,3,0.843113,0.89,0.6308,0.906,0.631,0.801,0.946,af3,msa_template
5t0k,42,4,0.8382989999999999,0.88,1.018,0.908,1.018,0.769,0.946,af3,msa_template
5t0k,43,0,0.8443229999999999,0.88,0.5169,0.925,0.517,0.714,0.964,af3,msa_template
5t0k,43,1,0.8465739999999999,0.88,0.719,0.918,0.719,0.759,0.964,af3,msa_template
5t0k,43,2,0.845276,0.88,0.3823,0.926,0.382,0.713,0.964,af3,msa_template
5t0k,43,3,0.844156,0.88,1.0789,0.912,1.079,0.779,0.964,af3,msa_template
5t0k,43,4,0.8453499999999999,0.88,0.8229,0.917,0.823,0.761,0.964,af3,msa_template
5t0k,44,0,0.8438030000000001,0.89,0.8085,0.909,0.809,0.734,0.929,af3,msa_template
5t0k,44,1,0.840993,0.88,0.7211,0.924,0.721,0.715,0.964,af3,msa_template
5t0k,44,2,0.8500260000000001,0.89,0.8176,0.919,0.818,0.746,0.964,af3,msa_template
5t0k,44,3,0.844814,0.88,0.772,0.916,0.772,0.729,0.946,af3,msa_template
5t0k,44,4,0.8419589999999999,0.88,0.7071,0.915,0.707,0.741,0.946,af3,msa_template
5tgi,42,0,0.6983199999999999,0.65,20.177,0.078,20.177,7.933,0.049,af3,msa_template
5tgi,42,1,0.670278,0.62,20.7347,0.083,20.735,8.129,0.073,af3,msa_template
5tgi,42,2,0.715603,0.65,20.883,0.067,20.883,8.033,0.024,af3,msa_template
5tgi,42,3,0.714573,0.66,20.8623,0.067,20.862,8.064,0.024,af3,msa_template
5tgi,42,4,0.679245,0.63,21.0262,0.074,21.026,8.312,0.049,af3,msa_template
5tgi,43,0,0.697432,0.65,20.092,0.094,20.092,8.013,0.098,af3,msa_template
5tgi,43,1,0.674597,0.61,20.6376,0.092,20.638,8.152,0.098,af3,msa_template
5tgi,43,2,0.694038,0.64,20.7797,0.075,20.78,8.107,0.049,af3,msa_template
5tgi,43,3,0.7153400000000001,0.69,21.3912,0.072,21.391,8.419,0.049,af3,msa_template
5tgi,43,4,0.649403,0.58,20.1184,0.086,20.118,7.904,0.073,af3,msa_template
5tgi,44,0,0.8925029999999999,0.89,2.1998,0.92,2.2,0.636,0.976,af3,msa_template
5tgi,44,1,0.895062,0.9,1.8747,0.931,1.875,0.598,0.976,af3,msa_template
5tgi,44,2,0.889745,0.89,1.9537,0.916,1.954,0.697,0.976,af3,msa_template
5tgi,44,3,0.885782,0.88,1.8936,0.907,1.894,0.712,0.951,af3,msa_template
5tgi,44,4,0.893072,0.9,2.0555,0.921,2.055,0.649,0.976,af3,msa_template
5v2p,42,0,0.905351,0.94,1.0392,0.973,1.039,0.241,0.958,af3,msa_template
5v2p,42,1,0.9047280000000001,0.94,0.9215,0.974,0.922,0.244,0.958,af3,msa_template
5v2p,42,2,0.904542,0.94,0.9478,0.974,0.948,0.228,0.958,af3,msa_template
5v2p,42,3,0.9023950000000001,0.94,1.1205,0.964,1.121,0.254,0.938,af3,msa_template
5v2p,42,4,0.9054730000000001,0.94,0.8976,0.967,0.898,0.246,0.938,af3,msa_template
5v2p,43,0,0.5082260000000001,0.34,16.5451,0.095,16.545,7.93,0.042,af3,msa_template
5v2p,43,1,0.513207,0.34,16.8403,0.1,16.84,8.024,0.062,af3,msa_template
5v2p,43,2,0.544878,0.35,53.2853,0.01,53.285,19.146,0.0,af3,msa_template
5v2p,43,3,0.47311,0.25,50.4086,0.011,50.409,19.246,0.0,af3,msa_template
5v2p,43,4,0.56118,0.38,53.4825,0.01,53.483,19.228,0.0,af3,msa_template
5v2p,44,0,0.9058360000000001,0.94,1.2202,0.972,1.22,0.227,0.958,af3,msa_template
5v2p,44,1,0.905205,0.94,1.1086,0.974,1.109,0.217,0.958,af3,msa_template
5v2p,44,2,0.9050069999999999,0.94,1.0736,0.972,1.074,0.243,0.958,af3,msa_template
5v2p,44,3,0.904997,0.94,0.8487,0.981,0.849,0.243,0.979,af3,msa_template
5v2p,44,4,0.905085,0.94,0.9533,0.973,0.953,0.249,0.958,af3,msa_template
5v3r,42,0,0.831397,0.91,1.1109,0.945,1.111,0.441,0.931,af3,msa_template
5v3r,42,1,0.816427,0.9,1.0958,0.931,1.096,0.467,0.897,af3,msa_template
5v3r,42,2,0.8095829999999999,0.9,1.0542,0.955,1.054,0.459,0.966,af3,msa_template
5v3r,42,3,0.828891,0.91,0.6756,0.971,0.676,0.328,0.966,af3,msa_template
5v3r,42,4,0.8163760000000001,0.9,0.5877,0.967,0.588,0.242,0.931,af3,msa_template
5v3r,43,0,0.8238219999999999,0.91,0.9334,0.94,0.933,0.397,0.897,af3,msa_template
5v3r,43,1,0.818056,0.9,0.7449,0.968,0.745,0.362,0.966,af3,msa_template
5v3r,43,2,0.8138970000000001,0.9,0.745,0.966,0.745,0.375,0.966,af3,msa_template
5v3r,43,3,0.815097,0.9,0.7296,0.96,0.73,0.321,0.931,af3,msa_template
5v3r,43,4,0.81292,0.9,0.4327,0.978,0.433,0.259,0.966,af3,msa_template
5v3r,44,0,0.826447,0.91,0.5241,0.987,0.524,0.287,1.0,af3,msa_template
5v3r,44,1,0.8192149999999999,0.91,1.1115,0.95,1.112,0.492,0.966,af3,msa_template
5v3r,44,2,0.816665,0.91,1.1198,0.914,1.12,0.509,0.862,af3,msa_template
5v3r,44,3,0.8262619999999999,0.91,0.5705,0.963,0.571,0.295,0.931,af3,msa_template
5v3r,44,4,0.808867,0.9,0.7666,0.966,0.767,0.378,0.966,af3,msa_template
5wfv,42,0,0.8348,0.93,0.5203,0.965,0.52,0.289,0.935,af3,msa_template
5wfv,42,1,0.838159,0.93,0.7533,0.949,0.753,0.376,0.913,af3,msa_template
5wfv,42,2,0.827527,0.93,1.141,0.938,1.141,0.448,0.913,af3,msa_template
5wfv,42,3,0.854768,0.94,0.8753,0.953,0.875,0.394,0.935,af3,msa_template
5wfv,42,4,0.8438070000000001,0.94,0.593,0.941,0.593,0.31,0.87,af3,msa_template
5wfv,43,0,0.836509,0.94,0.7272,0.943,0.727,0.362,0.891,af3,msa_template
5wfv,43,1,0.823309,0.93,0.7479,0.96,0.748,0.331,0.935,af3,msa_template
5wfv,43,2,0.8370390000000001,0.94,0.8462,0.927,0.846,0.37,0.848,af3,msa_template
5wfv,43,3,0.841738,0.94,0.6818,0.951,0.682,0.36,0.913,af3,msa_template
5wfv,43,4,0.839074,0.94,0.6263,0.956,0.626,0.31,0.913,af3,msa_template
5wfv,44,0,0.849708,0.94,0.8714,0.941,0.871,0.373,0.891,af3,msa_template
5wfv,44,1,0.841068,0.94,0.7682,0.944,0.768,0.348,0.891,af3,msa_template
5wfv,44,2,0.838785,0.94,0.7703,0.945,0.77,0.342,0.891,af3,msa_template
5wfv,44,3,0.8542029999999999,0.94,0.7343,0.958,0.734,0.354,0.935,af3,msa_template
5wfv,44,4,0.843424,0.94,0.9714,0.93,0.971,0.402,0.87,af3,msa_template
5wyi,42,0,0.580897,0.69,26.3319,0.041,26.332,8.974,0.0,af3,msa_template
5wyi,42,1,0.567633,0.68,27.1002,0.039,27.1,9.162,0.0,af3,msa_template
5wyi,42,2,0.613,0.71,33.2867,0.026,33.287,11.369,0.0,af3,msa_template
5wyi,42,3,0.61263,0.76,31.5964,0.029,31.596,11.042,0.0,af3,msa_template
5wyi,42,4,0.533274,0.54,27.1778,0.038,27.178,9.179,0.0,af3,msa_template
5wyi,43,0,0.61732,0.71,30.191,0.031,30.191,10.437,0.0,af3,msa_template
5wyi,43,1,0.511841,0.52,7.8271,0.386,7.827,3.277,0.444,af3,msa_template
5wyi,43,2,0.545795,0.61,23.3783,0.05,23.378,8.043,0.0,af3,msa_template
5wyi,43,3,0.43752,0.4,15.4888,0.158,15.489,6.122,0.185,af3,msa_template
5wyi,43,4,0.5455380000000001,0.6,7.264,0.421,7.264,2.977,0.481,af3,msa_template
5wyi,44,0,0.6136119999999999,0.71,24.0794,0.085,24.079,8.191,0.111,af3,msa_template
5wyi,44,1,0.5934470000000001,0.67,30.1985,0.031,30.199,10.417,0.0,af3,msa_template
5wyi,44,2,0.575364,0.67,24.4117,0.047,24.412,8.185,0.0,af3,msa_template
5wyi,44,3,0.588447,0.69,23.8767,0.06,23.877,8.285,0.037,af3,msa_template
5wyi,44,4,0.603521,0.74,28.1931,0.036,28.193,9.496,0.0,af3,msa_template
5xhz,42,0,0.927217,0.88,1.2415,0.91,1.242,0.569,0.875,af3,msa_template
5xhz,42,1,0.9288249999999999,0.88,1.2564,0.914,1.256,0.531,0.875,af3,msa_template
5xhz,42,2,0.920269,0.86,1.2079,0.908,1.208,0.584,0.875,af3,msa_template
5xhz,42,3,0.924644,0.88,1.3387,0.912,1.339,0.541,0.875,af3,msa_template
5xhz,42,4,0.922257,0.88,1.178,0.933,1.178,0.522,0.925,af3,msa_template
5xhz,43,0,0.921631,0.86,1.3533,0.899,1.353,0.64,0.875,af3,msa_template
5xhz,43,1,0.9258,0.87,1.0507,0.925,1.051,0.527,0.9,af3,msa_template
5xhz,43,2,0.92495,0.87,1.4128,0.896,1.413,0.655,0.875,af3,msa_template
5xhz,43,3,0.92057,0.87,1.1416,0.92,1.142,0.561,0.9,af3,msa_template
5xhz,43,4,0.9246179999999999,0.87,1.2245,0.907,1.225,0.591,0.875,af3,msa_template
5xhz,44,0,0.919686,0.87,1.2488,0.907,1.249,0.59,0.875,af3,msa_template
5xhz,44,1,0.928083,0.88,1.4616,0.899,1.462,0.626,0.875,af3,msa_template
5xhz,44,2,0.9218040000000001,0.87,1.1306,0.913,1.131,0.55,0.875,af3,msa_template
5xhz,44,3,0.9190640000000001,0.87,1.337,0.903,1.337,0.607,0.875,af3,msa_template
5xhz,44,4,0.919235,0.86,1.0861,0.921,1.086,0.555,0.9,af3,msa_template
5xxq,42,0,0.9036310000000001,0.96,0.9457,0.954,0.946,0.358,0.927,af3,msa_template
5xxq,42,1,0.835477,0.93,1.7018,0.901,1.702,0.596,0.878,af3,msa_template
5xxq,42,2,0.9046510000000001,0.96,0.8642,0.98,0.864,0.342,1.0,af3,msa_template
5xxq,42,3,0.890902,0.96,0.8425,0.962,0.842,0.368,0.951,af3,msa_template
5xxq,42,4,0.901617,0.96,1.0118,0.96,1.012,0.369,0.951,af3,msa_template
5xxq,43,0,0.863955,0.95,0.7691,0.978,0.769,0.373,1.0,af3,msa_template
5xxq,43,1,0.869464,0.96,0.8712,0.965,0.871,0.334,0.951,af3,msa_template
5xxq,43,2,0.866404,0.95,0.986,0.979,0.986,0.348,1.0,af3,msa_template
5xxq,43,3,0.865466,0.95,0.9447,0.963,0.945,0.339,0.951,af3,msa_template
5xxq,43,4,0.864579,0.95,0.7409,0.973,0.741,0.338,0.976,af3,msa_template
5xxq,44,0,0.903702,0.96,1.0122,0.96,1.012,0.366,0.951,af3,msa_template
5xxq,44,1,0.9058700000000001,0.96,0.9633,0.962,0.963,0.353,0.951,af3,msa_template
5xxq,44,2,0.9071739999999999,0.96,0.9713,0.953,0.971,0.362,0.927,af3,msa_template
5xxq,44,3,0.9066110000000001,0.96,0.824,0.966,0.824,0.32,0.951,af3,msa_template
5xxq,44,4,0.9108280000000001,0.96,0.9648,0.973,0.965,0.407,1.0,af3,msa_template
5yay,42,0,0.9167799999999999,0.94,0.9672,0.924,0.967,0.588,0.919,af3,msa_template
5yay,42,1,0.912166,0.94,1.0532,0.929,1.053,0.588,0.935,af3,msa_template
5yay,42,2,0.907145,0.94,0.9368,0.921,0.937,0.615,0.919,af3,msa_template
5yay,42,3,0.9197369999999999,0.95,0.9018,0.93,0.902,0.591,0.935,af3,msa_template
5yay,42,4,0.92131,0.95,0.8243,0.935,0.824,0.56,0.935,af3,msa_template
5yay,43,0,0.916617,0.94,0.7665,0.917,0.766,0.619,0.903,af3,msa_template
5yay,43,1,0.918462,0.94,0.9263,0.917,0.926,0.649,0.919,af3,msa_template
5yay,43,2,0.9013880000000001,0.93,0.8599,0.935,0.86,0.551,0.935,af3,msa_template
5yay,43,3,0.919514,0.95,0.8311,0.935,0.831,0.56,0.935,af3,msa_template
5yay,43,4,0.9121210000000001,0.94,1.0041,0.917,1.004,0.638,0.919,af3,msa_template
5yay,44,0,0.921637,0.95,1.0205,0.929,1.021,0.591,0.935,af3,msa_template
5yay,44,1,0.9155639999999999,0.94,0.773,0.938,0.773,0.537,0.935,af3,msa_template
5yay,44,2,0.924852,0.95,0.9688,0.931,0.969,0.579,0.935,af3,msa_template
5yay,44,3,0.928938,0.95,0.8546,0.938,0.855,0.486,0.919,af3,msa_template
5yay,44,4,0.915094,0.94,0.6966,0.943,0.697,0.503,0.935,af3,msa_template
6b27,42,0,0.907574,0.91,1.0165,0.967,1.017,0.457,1.0,af3,msa_template
6b27,42,1,0.910414,0.91,1.0084,0.97,1.008,0.431,1.0,af3,msa_template
6b27,42,2,0.906721,0.89,1.1786,0.938,1.179,0.59,0.968,af3,msa_template
6b27,42,3,0.909166,0.9,0.8991,0.973,0.899,0.416,1.0,af3,msa_template
6b27,42,4,0.910809,0.91,0.9685,0.963,0.968,0.495,1.0,af3,msa_template
6b27,43,0,0.923204,0.93,1.0271,0.968,1.027,0.449,1.0,af3,msa_template
6b27,43,1,0.916798,0.92,0.7941,0.967,0.794,0.372,0.968,af3,msa_template
6b27,43,2,0.909567,0.92,1.0568,0.959,1.057,0.433,0.968,af3,msa_template
6b27,43,3,0.917675,0.92,0.9625,0.959,0.963,0.438,0.968,af3,msa_template
6b27,43,4,0.923276,0.93,0.7505,0.968,0.751,0.366,0.968,af3,msa_template
6b27,44,0,0.906195,0.9,0.7999,0.956,0.8,0.471,0.968,af3,msa_template
6b27,44,1,0.9196909999999999,0.92,0.8001,0.978,0.8,0.365,1.0,af3,msa_template
6b27,44,2,0.912536,0.91,0.9785,0.96,0.979,0.523,1.0,af3,msa_template
6b27,44,3,0.906436,0.89,1.18,0.941,1.18,0.573,0.968,af3,msa_template
6b27,44,4,0.918151,0.92,0.8933,0.968,0.893,0.459,1.0,af3,msa_template
6co4,42,0,0.9090550000000001,0.89,2.0274,0.853,2.027,1.137,0.979,af3,msa_template
6co4,42,1,0.9045399999999999,0.88,2.0615,0.835,2.062,1.167,0.936,af3,msa_template
6co4,42,2,0.90925,0.88,2.157,0.837,2.157,1.192,0.957,af3,msa_template
6co4,42,3,0.91023,0.88,2.0831,0.837,2.083,1.149,0.936,af3,msa_template
6co4,42,4,0.909669,0.88,2.1536,0.829,2.154,1.193,0.936,af3,msa_template
6co4,43,0,0.90644,0.88,2.1016,0.851,2.102,1.147,0.979,af3,msa_template
6co4,43,1,0.9113060000000001,0.89,2.0961,0.834,2.096,1.169,0.936,af3,msa_template
6co4,43,2,0.9095390000000001,0.89,2.0334,0.84,2.033,1.128,0.936,af3,msa_template
6co4,43,3,0.913058,0.89,1.7588,0.86,1.759,1.066,0.957,af3,msa_template
6co4,43,4,0.9091039999999999,0.88,2.259,0.833,2.259,1.208,0.957,af3,msa_template
6co4,44,0,0.910337,0.88,2.0748,0.835,2.075,1.162,0.936,af3,msa_template
6co4,44,1,0.910535,0.89,1.8151,0.85,1.815,1.079,0.936,af3,msa_template
6co4,44,2,0.908871,0.88,2.0129,0.838,2.013,1.145,0.936,af3,msa_template
6co4,44,3,0.905671,0.88,1.9774,0.848,1.977,1.131,0.957,af3,msa_template
6co4,44,4,0.910979,0.88,1.9814,0.845,1.981,1.15,0.957,af3,msa_template
6dei,42,0,0.60415,0.46,32.8647,0.025,32.865,13.615,0.0,af3,msa_template
6dei,42,1,0.602853,0.53,31.8604,0.026,31.86,13.176,0.0,af3,msa_template
6dei,42,2,0.536039,0.34,32.2456,0.026,32.246,13.242,0.0,af3,msa_template
6dei,42,3,0.589956,0.39,29.0714,0.032,29.071,11.621,0.0,af3,msa_template
6dei,42,4,0.558063,0.41,31.8791,0.026,31.879,13.792,0.0,af3,msa_template
6dei,43,0,0.5893010000000001,0.49,30.6679,0.029,30.668,12.427,0.0,af3,msa_template
6dei,43,1,0.538909,0.38,30.3568,0.029,30.357,12.415,0.0,af3,msa_template
6dei,43,2,0.5479419999999999,0.37,25.5121,0.04,25.512,10.49,0.0,af3,msa_template
6dei,43,3,0.53388,0.38,31.0386,0.028,31.039,12.846,0.0,af3,msa_template
6dei,43,4,0.654811,0.57,33.3041,0.024,33.304,14.773,0.0,af3,msa_template
6dei,44,0,0.708091,0.69,31.4819,0.027,31.482,12.808,0.0,af3,msa_template
6dei,44,1,0.617692,0.57,28.9549,0.032,28.955,11.615,0.0,af3,msa_template
6dei,44,2,0.600537,0.51,30.561,0.029,30.561,12.431,0.0,af3,msa_template
6dei,44,3,0.570143,0.42,30.586,0.029,30.586,12.566,0.0,af3,msa_template
6dei,44,4,0.653645,0.63,28.6399,0.032,28.64,11.926,0.0,af3,msa_template
6e5x,42,0,0.938069,0.88,2.4834,0.845,2.483,1.053,0.943,af3,msa_template
6e5x,42,1,0.937421,0.87,2.6169,0.836,2.617,1.093,0.943,af3,msa_template
6e5x,42,2,0.937478,0.87,2.5916,0.837,2.592,1.096,0.943,af3,msa_template
6e5x,42,3,0.9353629999999999,0.87,2.5462,0.843,2.546,1.058,0.943,af3,msa_template
6e5x,42,4,0.933415,0.87,2.7512,0.826,2.751,1.153,0.943,af3,msa_template
6e5x,43,0,0.935493,0.87,2.5766,0.842,2.577,1.059,0.943,af3,msa_template
6e5x,43,1,0.9408329999999999,0.88,2.5277,0.841,2.528,1.074,0.943,af3,msa_template
6e5x,43,2,0.935024,0.87,2.6601,0.83,2.66,1.133,0.943,af3,msa_template
6e5x,43,3,0.9344370000000001,0.87,2.6358,0.837,2.636,1.085,0.943,af3,msa_template
6e5x,43,4,0.935682,0.87,2.6093,0.836,2.609,1.101,0.943,af3,msa_template
6e5x,44,0,0.933334,0.87,2.5083,0.839,2.508,1.09,0.943,af3,msa_template
6e5x,44,1,0.938616,0.88,2.4584,0.845,2.458,1.053,0.943,af3,msa_template
6e5x,44,2,0.9363410000000001,0.88,2.5711,0.838,2.571,1.086,0.943,af3,msa_template
6e5x,44,3,0.938536,0.88,2.5795,0.834,2.58,1.118,0.943,af3,msa_template
6e5x,44,4,0.935575,0.88,2.6275,0.83,2.628,1.135,0.943,af3,msa_template
6ej7,42,0,0.453703,0.7,3.8528,0.691,3.853,1.27,0.661,af3,msa_template
6ej7,42,1,0.45423499999999994,0.7,3.9726,0.667,3.973,1.294,0.607,af3,msa_template
6ej7,42,2,0.41265799999999997,0.65,2.9243,0.773,2.924,0.996,0.732,af3,msa_template
6ej7,42,3,0.455669,0.7,4.3006,0.617,4.301,1.393,0.518,af3,msa_template
6ej7,42,4,0.514385,0.76,4.5719,0.626,4.572,1.46,0.589,af3,msa_template
6ej7,43,0,0.409544,0.64,1.846,0.89,1.846,0.654,0.875,af3,msa_template
6ej7,43,1,0.44122100000000003,0.69,3.4007,0.721,3.401,1.124,0.661,af3,msa_template
6ej7,43,2,0.405895,0.64,2.0058,0.832,2.006,0.708,0.732,af3,msa_template
6ej7,43,3,0.45051,0.7,3.8304,0.662,3.83,1.269,0.571,af3,msa_template
6ej7,43,4,0.406573,0.64,2.1064,0.833,2.106,0.733,0.75,af3,msa_template
6ej7,44,0,0.443423,0.66,2.2669,0.806,2.267,0.777,0.696,af3,msa_template
6ej7,44,1,0.424861,0.65,1.8995,0.88,1.899,0.679,0.857,af3,msa_template
6ej7,44,2,0.454687,0.69,3.2556,0.732,3.256,1.07,0.661,af3,msa_template
6ej7,44,3,0.493803,0.73,3.9945,0.673,3.995,1.288,0.625,af3,msa_template
6ej7,44,4,0.438208,0.65,2.0339,0.891,2.034,0.712,0.911,af3,msa_template
6f0w,42,0,0.913007,0.92,0.7372,0.856,0.737,1.125,0.934,af3,msa_template
6f0w,42,1,0.905067,0.91,0.8879,0.851,0.888,1.152,0.934,af3,msa_template
6f0w,42,2,0.912439,0.93,0.5819,0.86,0.582,1.071,0.921,af3,msa_template
6f0w,42,3,0.907218,0.92,0.7167,0.884,0.717,0.926,0.934,af3,msa_template
6f0w,42,4,0.9091119999999999,0.92,0.6321,0.863,0.632,1.078,0.934,af3,msa_template
6f0w,43,0,0.908258,0.92,1.011,0.879,1.011,0.94,0.934,af3,msa_template
6f0w,43,1,0.912152,0.92,0.6294,0.848,0.629,1.122,0.908,af3,msa_template
6f0w,43,2,0.912993,0.92,0.7226,0.879,0.723,1.024,0.961,af3,msa_template
6f0w,43,3,0.907474,0.92,0.5427,0.853,0.543,1.151,0.934,af3,msa_template
6f0w,43,4,0.905449,0.91,0.9194,0.857,0.919,1.101,0.934,af3,msa_template
6f0w,44,0,0.905497,0.92,0.6645,0.859,0.665,1.168,0.961,af3,msa_template
6f0w,44,1,0.903731,0.92,0.5024,0.883,0.502,0.879,0.908,af3,msa_template
6f0w,44,2,0.8991509999999999,0.91,0.8233,0.893,0.823,0.854,0.934,af3,msa_template
6f0w,44,3,0.9056489999999999,0.92,0.6423,0.899,0.642,0.851,0.947,af3,msa_template
6f0w,44,4,0.896146,0.9,0.7842,0.851,0.784,1.157,0.934,af3,msa_template
6f0y,42,0,0.764201,0.75,6.9377,0.536,6.938,3.343,0.841,af3,msa_template
6f0y,42,1,0.8016530000000001,0.77,8.726,0.476,8.726,3.641,0.795,af3,msa_template
6f0y,42,2,0.764277,0.75,6.3395,0.563,6.34,3.184,0.864,af3,msa_template
6f0y,42,3,0.803226,0.77,7.4266,0.54,7.427,2.884,0.841,af3,msa_template
6f0y,42,4,0.775338,0.74,4.7096,0.607,4.71,2.26,0.75,af3,msa_template
6f0y,43,0,0.7950010000000001,0.77,8.9929,0.481,8.993,3.521,0.818,af3,msa_template
6f0y,43,1,0.765783,0.75,5.0151,0.628,5.015,2.282,0.841,af3,msa_template
6f0y,43,2,0.758973,0.74,4.3172,0.597,4.317,3.827,0.864,af3,msa_template
6f0y,43,3,0.800073,0.78,11.24,0.423,11.24,4.874,0.818,af3,msa_template
6f0y,43,4,0.7902939999999999,0.75,9.6034,0.461,9.603,3.962,0.818,af3,msa_template
6f0y,44,0,0.754748,0.74,3.9386,0.684,3.939,1.799,0.818,af3,msa_template
6f0y,44,1,0.776195,0.74,5.9146,0.595,5.915,2.456,0.841,af3,msa_template
6f0y,44,2,0.784353,0.74,5.8481,0.578,5.848,2.535,0.795,af3,msa_template
6f0y,44,3,0.744213,0.73,4.2502,0.662,4.25,1.964,0.818,af3,msa_template
6f0y,44,4,0.7724179999999999,0.75,3.5021,0.736,3.502,1.467,0.841,af3,msa_template
6f4s,42,0,0.577378,0.68,2.3662,0.885,2.366,0.618,0.871,af3,msa_template
6f4s,42,1,0.559498,0.66,1.4911,0.936,1.491,0.398,0.903,af3,msa_template
6f4s,42,2,0.5674750000000001,0.67,3.3765,0.819,3.376,0.855,0.839,af3,msa_template
6f4s,42,3,0.5707099999999999,0.67,2.0184,0.913,2.018,0.533,0.903,af3,msa_template
6f4s,42,4,0.588865,0.71,2.9907,0.83,2.991,0.763,0.806,af3,msa_template
6f4s,43,0,0.56899,0.67,2.3601,0.918,2.36,0.61,0.968,af3,msa_template
6f4s,43,1,0.567775,0.67,3.4108,0.816,3.411,0.869,0.839,af3,msa_template
6f4s,43,2,0.5273599999999999,0.61,1.0539,0.959,1.054,0.321,0.935,af3,msa_template
6f4s,43,3,0.5450849999999999,0.64,1.1841,0.934,1.184,0.344,0.871,af3,msa_template
6f4s,43,4,0.547037,0.66,3.0403,0.849,3.04,0.777,0.871,af3,msa_template
6f4s,44,0,0.5693119999999999,0.65,1.6539,0.927,1.654,0.458,0.903,af3,msa_template
6f4s,44,1,0.580078,0.69,3.1882,0.829,3.188,0.813,0.839,af3,msa_template
6f4s,44,2,0.556423,0.64,1.9404,0.928,1.94,0.507,0.935,af3,msa_template
6f4s,44,3,0.56854,0.66,1.9141,0.928,1.914,0.51,0.935,af3,msa_template
6f4s,44,4,0.529045,0.61,1.7112,0.937,1.711,0.457,0.935,af3,msa_template
6f6d,42,0,0.737249,0.86,2.0375,0.814,2.038,0.945,0.782,af3,msa_template
6f6d,42,1,0.72651,0.85,1.9781,0.817,1.978,1.039,0.828,af3,msa_template
6f6d,42,2,0.739731,0.85,1.4443,0.862,1.444,0.862,0.862,af3,msa_template
6f6d,42,3,0.73584,0.87,1.6981,0.812,1.698,1.197,0.862,af3,msa_template
6f6d,42,4,0.733549,0.85,2.226,0.804,2.226,1.074,0.816,af3,msa_template
6f6d,43,0,0.745168,0.87,1.956,0.833,1.956,0.984,0.851,af3,msa_template
6f6d,43,1,0.747441,0.86,1.4452,0.854,1.445,0.809,0.816,af3,msa_template
6f6d,43,2,0.7331650000000001,0.84,1.2394,0.881,1.239,0.879,0.92,af3,msa_template
6f6d,43,3,0.7287990000000001,0.84,1.2456,0.815,1.246,1.128,0.828,af3,msa_template
6f6d,43,4,0.727101,0.84,1.5671,0.836,1.567,0.869,0.793,af3,msa_template
6f6d,44,0,0.721358,0.84,1.7138,0.832,1.714,0.909,0.805,af3,msa_template
6f6d,44,1,0.746138,0.86,1.8498,0.806,1.85,1.026,0.782,af3,msa_template
6f6d,44,2,0.718511,0.84,1.8542,0.808,1.854,0.982,0.77,af3,msa_template
6f6d,44,3,0.731279,0.86,2.0023,0.812,2.002,1.074,0.828,af3,msa_template
6f6d,44,4,0.7248300000000001,0.84,1.333,0.858,1.333,0.873,0.851,af3,msa_template
6fbk,42,0,0.779826,0.71,1.0486,0.842,1.049,1.047,0.868,af3,msa_template
6fbk,42,1,0.776954,0.71,1.3709,0.831,1.371,1.098,0.868,af3,msa_template
6fbk,42,2,0.7809189999999999,0.72,1.1791,0.858,1.179,0.987,0.895,af3,msa_template
6fbk,42,3,0.789465,0.71,0.8311,0.848,0.831,1.082,0.895,af3,msa_template
6fbk,42,4,0.785429,0.72,1.1785,0.836,1.179,1.143,0.895,af3,msa_template
6fbk,43,0,0.796214,0.74,1.1009,0.837,1.101,1.146,0.895,af3,msa_template
6fbk,43,1,0.778574,0.73,0.9698,0.856,0.97,1.017,0.895,af3,msa_template
6fbk,43,2,0.7923520000000001,0.73,0.9765,0.857,0.976,1.132,0.947,af3,msa_template
6fbk,43,3,0.7777270000000001,0.71,0.7699,0.856,0.77,1.026,0.895,af3,msa_template
6fbk,43,4,0.777423,0.72,1.143,0.833,1.143,1.102,0.868,af3,msa_template
6fbk,44,0,0.765592,0.69,0.9213,0.874,0.921,0.955,0.921,af3,msa_template
6fbk,44,1,0.801233,0.75,1.2172,0.845,1.217,1.14,0.921,af3,msa_template
6fbk,44,2,0.7937949999999999,0.72,0.986,0.855,0.986,1.08,0.921,af3,msa_template
6fbk,44,3,0.788361,0.73,1.1553,0.869,1.155,0.975,0.921,af3,msa_template
6fbk,44,4,0.784091,0.72,1.1578,0.832,1.158,1.173,0.895,af3,msa_template
6g5g,42,0,0.804721,0.93,2.0224,0.8,2.022,1.339,0.898,af3,msa_template
6g5g,42,1,0.805308,0.93,2.1593,0.82,2.159,1.272,0.939,af3,msa_template
6g5g,42,2,0.804923,0.93,2.293,0.787,2.293,1.411,0.898,af3,msa_template
6g5g,42,3,0.8028379999999999,0.93,2.2527,0.811,2.253,1.273,0.918,af3,msa_template
6g5g,42,4,0.802749,0.93,2.2201,0.814,2.22,1.31,0.939,af3,msa_template
6g5g,43,0,0.804697,0.93,1.8485,0.812,1.849,1.265,0.898,af3,msa_template
6g5g,43,1,0.804479,0.93,1.7484,0.808,1.748,1.422,0.939,af3,msa_template
6g5g,43,2,0.8025490000000001,0.93,2.2251,0.816,2.225,1.35,0.959,af3,msa_template
6g5g,43,3,0.8043640000000001,0.93,1.3678,0.819,1.368,1.376,0.939,af3,msa_template
6g5g,43,4,0.802966,0.93,2.0434,0.808,2.043,1.389,0.939,af3,msa_template
6g5g,44,0,0.802414,0.93,1.8609,0.807,1.861,1.415,0.939,af3,msa_template
6g5g,44,1,0.803336,0.93,2.3369,0.8,2.337,1.355,0.918,af3,msa_template
6g5g,44,2,0.802204,0.93,2.7158,0.787,2.716,1.455,0.939,af3,msa_template
6g5g,44,3,0.802921,0.93,1.9246,0.803,1.925,1.382,0.918,af3,msa_template
6g5g,44,4,0.803647,0.93,2.3899,0.799,2.39,1.354,0.918,af3,msa_template
6h7b,42,0,0.9107559999999999,0.89,1.2348,0.943,1.235,0.574,0.977,af3,msa_template
6h7b,42,1,0.909057,0.88,1.4854,0.911,1.485,0.669,0.93,af3,msa_template
6h7b,42,2,0.906618,0.88,1.168,0.922,1.168,0.562,0.907,af3,msa_template
6h7b,42,3,0.914965,0.89,1.3724,0.918,1.372,0.691,0.953,af3,msa_template
6h7b,42,4,0.909872,0.89,1.4651,0.927,1.465,0.674,0.977,af3,msa_template
6h7b,43,0,0.906045,0.88,1.1575,0.946,1.158,0.557,0.977,af3,msa_template
6h7b,43,1,0.911645,0.89,1.2666,0.935,1.267,0.629,0.977,af3,msa_template
6h7b,43,2,0.9074509999999999,0.88,1.7675,0.9,1.768,0.778,0.953,af3,msa_template
6h7b,43,3,0.9111360000000001,0.88,1.4287,0.919,1.429,0.68,0.953,af3,msa_template
6h7b,43,4,0.9070999999999999,0.88,1.0712,0.932,1.071,0.55,0.93,af3,msa_template
6h7b,44,0,0.912386,0.89,1.096,0.943,1.096,0.58,0.977,af3,msa_template
6h7b,44,1,0.919979,0.9,1.4161,0.935,1.416,0.673,1.0,af3,msa_template
6h7b,44,2,0.916781,0.89,1.0324,0.945,1.032,0.576,0.977,af3,msa_template
6h7b,44,3,0.914276,0.89,1.3459,0.922,1.346,0.663,0.953,af3,msa_template
6h7b,44,4,0.920034,0.9,1.5884,0.913,1.588,0.761,0.977,af3,msa_template
