complex,seed,id,pep_plddt,iptm,scRMSD,dockq_score,lrmsd,irmsd,fnat,model,method
1a0n,42,0,0.8320919999999999,0.69,6.6466,0.565,6.647,2.617,0.826,af3,nomsa_notemplate
1a0n,42,1,0.8472069999999999,0.71,6.3549,0.573,6.355,2.598,0.826,af3,nomsa_notemplate
1a0n,42,2,0.8580960000000001,0.73,4.001,0.677,4.001,1.889,0.826,af3,nomsa_notemplate
1a0n,42,3,0.810572,0.65,7.0298,0.537,7.03,2.709,0.783,af3,nomsa_notemplate
1a0n,42,4,0.841186,0.71,4.1596,0.669,4.16,1.77,0.783,af3,nomsa_notemplate
1a0n,43,0,0.8161109999999999,0.67,5.8201,0.593,5.82,2.462,0.826,af3,nomsa_notemplate
1a0n,43,1,0.8029609999999999,0.65,3.6068,0.675,3.607,1.696,0.739,af3,nomsa_notemplate
1a0n,43,2,0.851499,0.74,3.7986,0.709,3.799,1.603,0.826,af3,nomsa_notemplate
1a0n,43,3,0.772764,0.59,3.9903,0.67,3.99,1.802,0.783,af3,nomsa_notemplate
1a0n,43,4,0.843934,0.7,4.6025,0.666,4.603,1.847,0.826,af3,nomsa_notemplate
1a0n,44,0,0.851537,0.75,4.8589,0.637,4.859,2.134,0.826,af3,nomsa_notemplate
1a0n,44,1,0.8526649999999999,0.73,5.3647,0.616,5.365,2.257,0.826,af3,nomsa_notemplate
1a0n,44,2,0.808917,0.66,3.2078,0.75,3.208,1.364,0.826,af3,nomsa_notemplate
1a0n,44,3,0.843802,0.71,5.8052,0.607,5.805,2.221,0.826,af3,nomsa_notemplate
1a0n,44,4,0.8247599999999999,0.67,5.6904,0.611,5.69,2.205,0.826,af3,nomsa_notemplate
1cqg,42,0,0.573746,0.36,23.6503,0.071,23.65,8.973,0.071,af3,nomsa_notemplate
1cqg,42,1,0.523941,0.3,23.4119,0.048,23.412,8.871,0.0,af3,nomsa_notemplate
1cqg,42,2,0.560809,0.34,23.341,0.06,23.341,8.959,0.036,af3,nomsa_notemplate
1cqg,42,3,0.569144,0.35,23.7137,0.059,23.714,9.106,0.036,af3,nomsa_notemplate
1cqg,42,4,0.570206,0.36,23.6968,0.071,23.697,9.138,0.071,af3,nomsa_notemplate
1cqg,43,0,0.48865699999999995,0.3,23.4074,0.059,23.407,9.162,0.036,af3,nomsa_notemplate
1cqg,43,1,0.35063099999999997,0.13,15.3254,0.147,15.325,9.206,0.179,af3,nomsa_notemplate
1cqg,43,2,0.525807,0.32,22.6101,0.087,22.61,8.542,0.107,af3,nomsa_notemplate
1cqg,43,3,0.632279,0.41,24.8055,0.067,24.805,9.221,0.071,af3,nomsa_notemplate
1cqg,43,4,0.574101,0.38,22.3059,0.076,22.306,8.355,0.071,af3,nomsa_notemplate
1cqg,44,0,0.447129,0.24,24.163,0.079,24.163,10.575,0.107,af3,nomsa_notemplate
1cqg,44,1,0.5918019999999999,0.37,23.6235,0.071,23.623,9.24,0.071,af3,nomsa_notemplate
1cqg,44,2,0.562178,0.33,23.869,0.059,23.869,8.772,0.036,af3,nomsa_notemplate
1cqg,44,3,0.635279,0.44,24.9218,0.067,24.922,9.591,0.071,af3,nomsa_notemplate
1cqg,44,4,0.553435,0.34,22.7155,0.062,22.715,8.899,0.036,af3,nomsa_notemplate
1czy,42,0,0.319956,0.35,6.8048,0.278,6.805,5.7,0.159,af3,nomsa_notemplate
1czy,42,1,0.343807,0.32,12.6061,0.13,12.606,8.304,0.045,af3,nomsa_notemplate
1czy,42,2,0.384915,0.38,17.5469,0.074,17.547,8.464,0.0,af3,nomsa_notemplate
1czy,42,3,0.372754,0.34,12.9097,0.135,12.91,7.847,0.068,af3,nomsa_notemplate
1czy,42,4,0.36558100000000004,0.32,19.2,0.086,19.2,9.215,0.068,af3,nomsa_notemplate
1czy,43,0,0.32307400000000003,0.24,14.6055,0.111,14.606,7.995,0.045,af3,nomsa_notemplate
1czy,43,1,0.309528,0.22,14.2726,0.104,14.273,8.9,0.023,af3,nomsa_notemplate
1czy,43,2,0.298931,0.18,10.1248,0.188,10.125,7.526,0.114,af3,nomsa_notemplate
1czy,43,3,0.300696,0.06,53.973,0.01,53.973,18.113,0.0,af3,nomsa_notemplate
1czy,43,4,0.297406,0.19,12.967,0.126,12.967,8.152,0.045,af3,nomsa_notemplate
1czy,44,0,0.27217800000000003,0.13,13.3684,0.113,13.368,8.732,0.023,af3,nomsa_notemplate
1czy,44,1,0.27082,0.12,18.7355,0.065,18.735,9.304,0.0,af3,nomsa_notemplate
1czy,44,2,0.260267,0.11,12.4874,0.116,12.487,8.233,0.0,af3,nomsa_notemplate
1czy,44,3,0.24854099999999998,0.09,11.5822,0.127,11.582,8.297,0.0,af3,nomsa_notemplate
1czy,44,4,0.285604,0.16,17.45,0.072,17.45,9.639,0.0,af3,nomsa_notemplate
1ddv,42,0,0.7954869999999999,0.7,9.451,0.376,9.451,3.189,0.5,af3,nomsa_notemplate
1ddv,42,1,0.670624,0.52,2.7959,0.778,2.796,1.028,0.75,af3,nomsa_notemplate
1ddv,42,2,0.6762,0.56,0.7734,0.975,0.773,0.401,1.0,af3,nomsa_notemplate
1ddv,42,3,0.668193,0.53,4.0465,0.672,4.047,1.457,0.688,af3,nomsa_notemplate
1ddv,42,4,0.692167,0.59,1.4384,0.94,1.438,0.634,1.0,af3,nomsa_notemplate
1ddv,43,0,0.8627800000000001,0.78,5.3728,0.564,5.373,1.783,0.562,af3,nomsa_notemplate
1ddv,43,1,0.830163,0.75,4.9877,0.585,4.988,1.663,0.562,af3,nomsa_notemplate
1ddv,43,2,0.6744910000000001,0.55,3.0826,0.737,3.083,1.129,0.688,af3,nomsa_notemplate
1ddv,43,3,0.673776,0.53,1.7843,0.929,1.784,0.682,1.0,af3,nomsa_notemplate
1ddv,43,4,0.842124,0.77,5.4365,0.564,5.436,1.759,0.562,af3,nomsa_notemplate
1ddv,44,0,0.685335,0.54,2.3048,0.832,2.305,0.862,0.812,af3,nomsa_notemplate
1ddv,44,1,0.855976,0.76,5.3216,0.569,5.322,1.742,0.562,af3,nomsa_notemplate
1ddv,44,2,0.857559,0.8,5.4722,0.58,5.472,1.812,0.625,af3,nomsa_notemplate
1ddv,44,3,0.681085,0.61,3.7588,0.688,3.759,1.383,0.688,af3,nomsa_notemplate
1ddv,44,4,0.7235630000000001,0.62,1.9614,0.893,1.961,0.768,0.938,af3,nomsa_notemplate
1eg4,42,0,0.232667,0.13,31.9688,0.033,31.969,28.076,0.031,af3,nomsa_notemplate
1eg4,42,1,0.229863,0.11,29.0883,0.028,29.088,22.556,0.0,af3,nomsa_notemplate
1eg4,42,2,0.216366,0.08,40.2887,0.015,40.289,31.897,0.0,af3,nomsa_notemplate
1eg4,42,3,0.262044,0.16,27.3205,0.041,27.321,26.855,0.031,af3,nomsa_notemplate
1eg4,42,4,0.20137,0.07,37.0522,0.018,37.052,29.638,0.0,af3,nomsa_notemplate
1eg4,43,0,0.23826899999999998,0.12,42.9078,0.013,42.908,29.972,0.0,af3,nomsa_notemplate
1eg4,43,1,0.205025,0.09,35.8987,0.019,35.899,30.461,0.0,af3,nomsa_notemplate
1eg4,43,2,0.20823699999999998,0.09,23.1109,0.042,23.111,18.864,0.0,af3,nomsa_notemplate
1eg4,43,3,0.265804,0.18,43.917,0.044,43.917,32.454,0.094,af3,nomsa_notemplate
1eg4,43,4,0.207397,0.06,47.3573,0.011,47.357,34.135,0.0,af3,nomsa_notemplate
1eg4,44,0,0.208244,0.07,44.1941,0.024,44.194,18.706,0.031,af3,nomsa_notemplate
1eg4,44,1,0.253615,0.14,33.4924,0.021,33.492,29.148,0.0,af3,nomsa_notemplate
1eg4,44,2,0.250958,0.14,33.9828,0.02,33.983,29.737,0.0,af3,nomsa_notemplate
1eg4,44,3,0.224588,0.09,42.7186,0.013,42.719,32.289,0.0,af3,nomsa_notemplate
1eg4,44,4,0.25422999999999996,0.14,27.2081,0.072,27.208,27.866,0.125,af3,nomsa_notemplate
1f47,42,0,0.376603,0.17,17.6418,0.067,17.642,12.695,0.0,af3,nomsa_notemplate
1f47,42,1,0.34771799999999997,0.1,33.1922,0.046,33.192,12.979,0.062,af3,nomsa_notemplate
1f47,42,2,0.360238,0.13,25.5275,0.047,25.527,15.557,0.031,af3,nomsa_notemplate
1f47,42,3,0.322766,0.08,20.2161,0.064,20.216,13.79,0.031,af3,nomsa_notemplate
1f47,42,4,0.388434,0.17,22.7847,0.045,22.785,13.27,0.0,af3,nomsa_notemplate
1f47,43,0,0.343657,0.09,21.2448,0.06,21.245,13.558,0.031,af3,nomsa_notemplate
1f47,43,1,0.377221,0.14,26.8432,0.046,26.843,11.906,0.031,af3,nomsa_notemplate
1f47,43,2,0.36416600000000005,0.11,23.1588,0.043,23.159,14.313,0.0,af3,nomsa_notemplate
1f47,43,3,0.39500500000000005,0.17,31.2496,0.037,31.25,14.41,0.031,af3,nomsa_notemplate
1f47,43,4,0.383352,0.15,30.4653,0.028,30.465,14.422,0.0,af3,nomsa_notemplate
1f47,44,0,0.32775,0.09,32.133,0.037,32.133,12.793,0.031,af3,nomsa_notemplate
1f47,44,1,0.381785,0.14,25.322,0.038,25.322,13.974,0.0,af3,nomsa_notemplate
1f47,44,2,0.41141399999999995,0.19,27.5919,0.043,27.592,14.388,0.031,af3,nomsa_notemplate
1f47,44,3,0.38018,0.17,25.8445,0.047,25.845,14.265,0.031,af3,nomsa_notemplate
1f47,44,4,0.384358,0.15,30.9528,0.038,30.953,13.297,0.031,af3,nomsa_notemplate
1f8h,42,0,0.892555,0.88,2.1119,0.851,2.112,0.988,0.913,af3,nomsa_notemplate
1f8h,42,1,0.883194,0.87,2.1284,0.836,2.128,0.989,0.87,af3,nomsa_notemplate
1f8h,42,2,0.859714,0.84,2.2515,0.858,2.251,0.921,0.913,af3,nomsa_notemplate
1f8h,42,3,0.896714,0.87,2.0652,0.819,2.065,1.011,0.826,af3,nomsa_notemplate
1f8h,42,4,0.904739,0.89,1.842,0.839,1.842,1.002,0.87,af3,nomsa_notemplate
1f8h,43,0,0.865484,0.84,2.4372,0.808,2.437,1.041,0.826,af3,nomsa_notemplate
1f8h,43,1,0.8980840000000001,0.88,2.1655,0.824,2.165,0.967,0.826,af3,nomsa_notemplate
1f8h,43,2,0.8667,0.85,2.4012,0.826,2.401,1.02,0.87,af3,nomsa_notemplate
1f8h,43,3,0.889273,0.86,2.5713,0.812,2.571,1.104,0.87,af3,nomsa_notemplate
1f8h,43,4,0.9034749999999999,0.88,2.6622,0.792,2.662,1.13,0.826,af3,nomsa_notemplate
1f8h,44,0,0.895949,0.89,1.9671,0.827,1.967,0.967,0.826,af3,nomsa_notemplate
1f8h,44,1,0.8527039999999999,0.84,1.7593,0.847,1.759,0.849,0.826,af3,nomsa_notemplate
1f8h,44,2,0.8929940000000001,0.87,1.958,0.875,1.958,0.935,0.957,af3,nomsa_notemplate
1f8h,44,3,0.861186,0.84,1.9303,0.855,1.93,0.88,0.87,af3,nomsa_notemplate
1f8h,44,4,0.868231,0.85,2.1638,0.857,2.164,0.939,0.913,af3,nomsa_notemplate
1j2x,42,0,0.85466,0.78,4.6881,0.619,4.688,2.847,0.872,af3,nomsa_notemplate
1j2x,42,1,0.842624,0.75,4.8959,0.595,4.896,3.107,0.846,af3,nomsa_notemplate
1j2x,42,2,0.8726210000000001,0.78,4.1379,0.641,4.138,2.643,0.872,af3,nomsa_notemplate
1j2x,42,3,0.838601,0.75,5.027,0.563,5.027,3.515,0.795,af3,nomsa_notemplate
1j2x,42,4,0.8530070000000001,0.76,4.8013,0.584,4.801,3.019,0.795,af3,nomsa_notemplate
1j2x,43,0,0.826875,0.74,6.0414,0.517,6.041,4.143,0.769,af3,nomsa_notemplate
1j2x,43,1,0.8678180000000001,0.79,5.7137,0.552,5.714,4.045,0.846,af3,nomsa_notemplate
1j2x,43,2,0.8516429999999999,0.76,6.1846,0.503,6.185,4.209,0.744,af3,nomsa_notemplate
1j2x,43,3,0.8738710000000001,0.8,4.708,0.551,4.708,3.312,0.718,af3,nomsa_notemplate
1j2x,43,4,0.849378,0.76,5.6685,0.501,5.668,4.111,0.692,af3,nomsa_notemplate
1j2x,44,0,0.902809,0.83,4.4088,0.633,4.409,2.342,0.821,af3,nomsa_notemplate
1j2x,44,1,0.902733,0.83,3.3963,0.69,3.396,1.791,0.795,af3,nomsa_notemplate
1j2x,44,2,0.928211,0.86,2.5493,0.742,2.549,1.32,0.744,af3,nomsa_notemplate
1j2x,44,3,0.876849,0.77,2.7242,0.662,2.724,1.698,0.641,af3,nomsa_notemplate
1j2x,44,4,0.901367,0.83,3.4886,0.687,3.489,1.892,0.821,af3,nomsa_notemplate
1jd5,42,0,0.39348,0.39,21.8618,0.047,21.862,14.17,0.0,af3,nomsa_notemplate
1jd5,42,1,0.297358,0.18,24.4166,0.04,24.417,12.944,0.0,af3,nomsa_notemplate
1jd5,42,2,0.436022,0.47,24.3275,0.04,24.328,14.61,0.0,af3,nomsa_notemplate
1jd5,42,3,0.31758600000000003,0.25,30.6152,0.028,30.615,13.785,0.0,af3,nomsa_notemplate
1jd5,42,4,0.373625,0.4,27.3114,0.034,27.311,12.644,0.0,af3,nomsa_notemplate
1jd5,43,0,0.330925,0.26,22.7775,0.045,22.777,13.512,0.0,af3,nomsa_notemplate
1jd5,43,1,0.399952,0.44,25.7234,0.054,25.723,15.456,0.054,af3,nomsa_notemplate
1jd5,43,2,0.3603,0.38,19.1844,0.097,19.184,11.196,0.108,af3,nomsa_notemplate
1jd5,43,3,0.322168,0.21,15.6493,0.081,15.649,12.495,0.0,af3,nomsa_notemplate
1jd5,43,4,0.344445,0.29,26.0227,0.037,26.023,11.932,0.0,af3,nomsa_notemplate
1jd5,44,0,0.474263,0.55,15.666,0.089,15.666,14.14,0.027,af3,nomsa_notemplate
1jd5,44,1,0.336511,0.23,21.9908,0.048,21.991,12.515,0.0,af3,nomsa_notemplate
1jd5,44,2,0.41865699999999995,0.56,18.7223,0.061,18.722,14.251,0.0,af3,nomsa_notemplate
1jd5,44,3,0.41808500000000004,0.55,29.7697,0.029,29.77,13.948,0.0,af3,nomsa_notemplate
1jd5,44,4,0.287374,0.18,22.1081,0.047,22.108,12.948,0.0,af3,nomsa_notemplate
1jq8,42,0,0.42144,0.6,12.4886,0.185,12.489,13.44,0.227,af3,nomsa_notemplate
1jq8,42,1,0.395293,0.52,19.017,0.107,19.017,11.413,0.136,af3,nomsa_notemplate
1jq8,42,2,0.337065,0.3,14.7985,0.106,14.799,9.424,0.045,af3,nomsa_notemplate
1jq8,42,3,0.390505,0.52,8.9548,0.201,8.955,12.088,0.114,af3,nomsa_notemplate
1jq8,42,4,0.374915,0.47,8.6071,0.193,8.607,11.452,0.068,af3,nomsa_notemplate
1jq8,43,0,0.3204,0.27,17.9903,0.11,17.99,13.286,0.136,af3,nomsa_notemplate
1jq8,43,1,0.319298,0.24,17.1619,0.07,17.162,12.862,0.0,af3,nomsa_notemplate
1jq8,43,2,0.344525,0.33,13.9544,0.142,13.954,10.686,0.136,af3,nomsa_notemplate
1jq8,43,3,0.303467,0.23,15.2166,0.084,15.217,12.856,0.0,af3,nomsa_notemplate
1jq8,43,4,0.415425,0.58,16.1049,0.177,16.105,10.854,0.295,af3,nomsa_notemplate
1jq8,44,0,0.37499699999999997,0.46,12.827,0.115,12.827,11.467,0.023,af3,nomsa_notemplate
1jq8,44,1,0.358485,0.39,13.9832,0.112,13.983,10.385,0.045,af3,nomsa_notemplate
1jq8,44,2,0.377915,0.45,21.7935,0.072,21.794,12.424,0.068,af3,nomsa_notemplate
1jq8,44,3,0.40564,0.56,9.3816,0.207,9.382,13.731,0.159,af3,nomsa_notemplate
1jq8,44,4,0.355087,0.39,19.3659,0.058,19.366,12.966,0.0,af3,nomsa_notemplate
1jw6,42,0,0.185885,0.12,39.2702,0.019,39.27,13.672,0.0,af3,nomsa_notemplate
1jw6,42,1,0.22597,0.18,17.8591,0.09,17.859,11.0,0.067,af3,nomsa_notemplate
1jw6,42,2,0.220274,0.17,23.2388,0.044,23.239,12.663,0.0,af3,nomsa_notemplate
1jw6,42,3,0.19010000000000002,0.13,39.2719,0.074,39.272,13.977,0.167,af3,nomsa_notemplate
1jw6,42,4,0.16818000000000002,0.1,42.8328,0.016,42.833,15.17,0.0,af3,nomsa_notemplate
1jw6,43,0,0.192024,0.13,39.6489,0.074,39.649,13.23,0.167,af3,nomsa_notemplate
1jw6,43,1,0.186724,0.06,50.666,0.012,50.666,17.16,0.0,af3,nomsa_notemplate
1jw6,43,2,0.182179,0.12,34.9198,0.023,34.92,12.965,0.0,af3,nomsa_notemplate
1jw6,43,3,0.240306,0.17,20.3942,0.054,20.394,12.355,0.0,af3,nomsa_notemplate
1jw6,43,4,0.242777,0.19,19.8184,0.068,19.818,12.315,0.033,af3,nomsa_notemplate
1jw6,44,0,0.198268,0.13,33.3198,0.069,33.32,12.899,0.133,af3,nomsa_notemplate
1jw6,44,1,0.215014,0.15,30.974,0.027,30.974,14.782,0.0,af3,nomsa_notemplate
1jw6,44,2,0.24835200000000002,0.24,12.2474,0.135,12.247,12.393,0.067,af3,nomsa_notemplate
1jw6,44,3,0.157556,0.08,37.1884,0.02,37.188,15.606,0.0,af3,nomsa_notemplate
1jw6,44,4,0.234009,0.19,19.6086,0.069,19.609,12.198,0.033,af3,nomsa_notemplate
1l2z,42,0,0.618599,0.22,4.9196,0.467,4.92,3.121,0.464,af3,nomsa_notemplate
1l2z,42,1,0.646994,0.23,4.8025,0.473,4.802,3.029,0.464,af3,nomsa_notemplate
1l2z,42,2,0.651805,0.26,6.5755,0.433,6.576,3.282,0.5,af3,nomsa_notemplate
1l2z,42,3,0.6474930000000001,0.24,5.6212,0.43,5.621,2.996,0.393,af3,nomsa_notemplate
1l2z,42,4,0.693612,0.31,6.0141,0.477,6.014,3.077,0.571,af3,nomsa_notemplate
1l2z,43,0,0.663384,0.27,6.6394,0.45,6.639,3.473,0.571,af3,nomsa_notemplate
1l2z,43,1,0.6754720000000001,0.29,6.3988,0.391,6.399,3.213,0.357,af3,nomsa_notemplate
1l2z,43,2,0.61288,0.22,4.934,0.505,4.934,3.029,0.571,af3,nomsa_notemplate
1l2z,43,3,0.631074,0.26,5.424,0.505,5.424,3.032,0.607,af3,nomsa_notemplate
1l2z,43,4,0.70796,0.36,6.0265,0.471,6.026,3.25,0.571,af3,nomsa_notemplate
1l2z,44,0,0.611661,0.21,5.5017,0.449,5.502,3.219,0.464,af3,nomsa_notemplate
1l2z,44,1,0.665291,0.25,6.8203,0.402,6.82,3.816,0.464,af3,nomsa_notemplate
1l2z,44,2,0.6655159999999999,0.28,4.3691,0.546,4.369,2.966,0.643,af3,nomsa_notemplate
1l2z,44,3,0.6504340000000001,0.26,5.4515,0.498,5.452,3.221,0.607,af3,nomsa_notemplate
1l2z,44,4,0.6284620000000001,0.24,5.3033,0.473,5.303,3.008,0.5,af3,nomsa_notemplate
1lb6,42,0,0.33675600000000006,0.21,4.0331,0.389,4.033,6.265,0.297,af3,nomsa_notemplate
1lb6,42,1,0.299692,0.15,28.6536,0.042,28.654,11.107,0.027,af3,nomsa_notemplate
1lb6,42,2,0.32232900000000003,0.26,23.8842,0.043,23.884,11.443,0.0,af3,nomsa_notemplate
1lb6,42,3,0.30271000000000003,0.14,16.7767,0.088,16.777,8.024,0.027,af3,nomsa_notemplate
1lb6,42,4,0.33862000000000003,0.2,16.8481,0.104,16.848,8.916,0.081,af3,nomsa_notemplate
1lb6,43,0,0.410107,0.38,15.3832,0.11,15.383,11.944,0.081,af3,nomsa_notemplate
1lb6,43,1,0.41149,0.35,7.1897,0.328,7.19,10.154,0.378,af3,nomsa_notemplate
1lb6,43,2,0.404381,0.34,7.9573,0.293,7.957,9.953,0.324,af3,nomsa_notemplate
1lb6,43,3,0.41334400000000004,0.34,7.4574,0.322,7.457,10.115,0.378,af3,nomsa_notemplate
1lb6,43,4,0.389861,0.3,6.9348,0.334,6.935,9.939,0.378,af3,nomsa_notemplate
1lb6,44,0,0.350211,0.24,7.1631,0.31,7.163,10.255,0.324,af3,nomsa_notemplate
1lb6,44,1,0.347589,0.23,12.1548,0.141,12.155,12.392,0.081,af3,nomsa_notemplate
1lb6,44,2,0.296505,0.15,25.7447,0.057,25.745,10.62,0.054,af3,nomsa_notemplate
1lb6,44,3,0.315189,0.18,5.6595,0.266,5.659,9.689,0.081,af3,nomsa_notemplate
1lb6,44,4,0.32772199999999996,0.21,28.0498,0.086,28.05,13.822,0.162,af3,nomsa_notemplate
1mf4,42,0,0.347254,0.27,20.9805,0.088,20.98,15.381,0.114,af3,nomsa_notemplate
1mf4,42,1,0.325041,0.25,23.3724,0.043,23.372,13.125,0.0,af3,nomsa_notemplate
1mf4,42,2,0.366363,0.46,21.3488,0.107,21.349,13.761,0.171,af3,nomsa_notemplate
1mf4,42,3,0.359676,0.31,23.4755,0.07,23.475,15.043,0.086,af3,nomsa_notemplate
1mf4,42,4,0.369332,0.43,21.6083,0.067,21.608,15.717,0.057,af3,nomsa_notemplate
1mf4,43,0,0.350595,0.41,16.9579,0.1,16.958,13.142,0.086,af3,nomsa_notemplate
1mf4,43,1,0.328105,0.26,23.7659,0.052,23.766,13.12,0.029,af3,nomsa_notemplate
1mf4,43,2,0.35897799999999996,0.45,23.7394,0.061,23.739,14.2,0.057,af3,nomsa_notemplate
1mf4,43,3,0.36103700000000005,0.41,21.5003,0.048,21.5,17.014,0.0,af3,nomsa_notemplate
1mf4,43,4,0.396707,0.54,26.5719,0.034,26.572,14.997,0.0,af3,nomsa_notemplate
1mf4,44,0,0.357641,0.31,21.0646,0.069,21.065,15.251,0.057,af3,nomsa_notemplate
1mf4,44,1,0.337393,0.35,26.811,0.043,26.811,15.409,0.029,af3,nomsa_notemplate
1mf4,44,2,0.380359,0.4,18.0688,0.084,18.069,13.427,0.057,af3,nomsa_notemplate
1mf4,44,3,0.359124,0.31,24.2082,0.059,24.208,14.963,0.057,af3,nomsa_notemplate
1mf4,44,4,0.33292900000000003,0.28,12.7605,0.134,12.761,14.858,0.086,af3,nomsa_notemplate
1mv0,42,0,0.46787500000000004,0.18,10.2035,0.17,10.203,8.429,0.07,af3,nomsa_notemplate
1mv0,42,1,0.466391,0.21,5.9445,0.28,5.944,8.596,0.14,af3,nomsa_notemplate
1mv0,42,2,0.43709200000000004,0.17,7.1105,0.255,7.111,7.762,0.14,af3,nomsa_notemplate
1mv0,42,3,0.496425,0.28,4.879,0.331,4.879,8.52,0.209,af3,nomsa_notemplate
1mv0,42,4,0.5595859999999999,0.45,8.1902,0.215,8.19,8.217,0.093,af3,nomsa_notemplate
1mv0,43,0,0.456078,0.16,8.552,0.215,8.552,8.379,0.116,af3,nomsa_notemplate
1mv0,43,1,0.510803,0.34,8.0269,0.202,8.027,8.496,0.047,af3,nomsa_notemplate
1mv0,43,2,0.503209,0.28,9.1083,0.165,9.108,8.687,0.0,af3,nomsa_notemplate
1mv0,43,3,0.489381,0.25,9.5083,0.189,9.508,8.583,0.093,af3,nomsa_notemplate
1mv0,43,4,0.465437,0.2,10.4391,0.19,10.439,8.302,0.14,af3,nomsa_notemplate
1mv0,44,0,0.5217240000000001,0.31,21.8871,0.048,21.887,12.613,0.0,af3,nomsa_notemplate
1mv0,44,1,0.51154,0.27,7.8764,0.252,7.876,8.446,0.186,af3,nomsa_notemplate
1mv0,44,2,0.5732200000000001,0.44,7.6835,0.24,7.683,8.468,0.14,af3,nomsa_notemplate
1mv0,44,3,0.498092,0.23,11.5125,0.15,11.513,9.086,0.07,af3,nomsa_notemplate
1mv0,44,4,0.485838,0.27,7.3263,0.257,7.326,7.877,0.163,af3,nomsa_notemplate
1nrl,42,0,0.32758299999999996,0.09,26.1385,0.052,26.138,17.146,0.053,af3,nomsa_notemplate
1nrl,42,1,0.332496,0.11,34.4858,0.022,34.486,14.769,0.0,af3,nomsa_notemplate
1nrl,42,2,0.342109,0.14,27.263,0.086,27.263,14.673,0.158,af3,nomsa_notemplate
1nrl,42,3,0.327903,0.11,32.4244,0.034,32.424,14.255,0.026,af3,nomsa_notemplate
1nrl,42,4,0.33461399999999997,0.13,38.3745,0.019,38.374,14.574,0.0,af3,nomsa_notemplate
1nrl,43,0,0.349403,0.13,40.6954,0.016,40.695,19.172,0.0,af3,nomsa_notemplate
1nrl,43,1,0.334521,0.11,38.1274,0.064,38.127,13.502,0.132,af3,nomsa_notemplate
1nrl,43,2,0.330134,0.07,42.9766,0.025,42.977,14.78,0.026,af3,nomsa_notemplate
1nrl,43,3,0.32968899999999995,0.12,22.1176,0.073,22.118,14.874,0.079,af3,nomsa_notemplate
1nrl,43,4,0.329365,0.11,23.3654,0.041,23.365,19.645,0.0,af3,nomsa_notemplate
1nrl,44,0,0.322485,0.1,35.1085,0.021,35.108,15.818,0.0,af3,nomsa_notemplate
1nrl,44,1,0.33292299999999997,0.1,21.6749,0.048,21.675,14.126,0.0,af3,nomsa_notemplate
1nrl,44,2,0.344762,0.15,38.5446,0.018,38.545,15.982,0.0,af3,nomsa_notemplate
1nrl,44,3,0.330256,0.14,27.9413,0.031,27.941,17.062,0.0,af3,nomsa_notemplate
1nrl,44,4,0.32976,0.08,45.6445,0.014,45.645,15.717,0.0,af3,nomsa_notemplate
1nvq,42,0,0.185357,0.11,35.1162,0.024,35.116,11.594,0.0,af3,nomsa_notemplate
1nvq,42,1,0.18494700000000003,0.11,15.2888,0.089,15.289,8.494,0.0,af3,nomsa_notemplate
1nvq,42,2,0.19547699999999998,0.07,64.8349,0.007,64.835,20.446,0.0,af3,nomsa_notemplate
1nvq,42,3,0.19622699999999998,0.09,54.9348,0.011,54.935,16.445,0.0,af3,nomsa_notemplate
1nvq,42,4,0.19184,0.08,50.3085,0.013,50.309,14.355,0.0,af3,nomsa_notemplate
1nvq,43,0,0.18353000000000003,0.09,36.898,0.024,36.898,9.889,0.0,af3,nomsa_notemplate
1nvq,43,1,0.22763999999999998,0.2,14.3756,0.103,14.376,6.512,0.0,af3,nomsa_notemplate
1nvq,43,2,0.194417,0.15,12.2617,0.124,12.262,6.755,0.0,af3,nomsa_notemplate
1nvq,43,3,0.169517,0.08,41.8963,0.018,41.896,12.04,0.0,af3,nomsa_notemplate
1nvq,43,4,0.190223,0.1,12.0911,0.132,12.091,5.613,0.0,af3,nomsa_notemplate
1nvq,44,0,0.18245999999999998,0.08,50.5376,0.013,50.538,13.466,0.0,af3,nomsa_notemplate
1nvq,44,1,0.196367,0.17,31.7181,0.03,31.718,9.735,0.0,af3,nomsa_notemplate
1nvq,44,2,0.22788699999999998,0.18,31.3984,0.036,31.398,7.382,0.0,af3,nomsa_notemplate
1nvq,44,3,0.183307,0.09,43.6693,0.018,43.669,11.101,0.0,af3,nomsa_notemplate
1nvq,44,4,0.170577,0.11,22.6474,0.062,22.647,5.756,0.0,af3,nomsa_notemplate
1o0p,42,0,0.453376,0.28,19.2758,0.073,19.276,8.349,0.025,af3,nomsa_notemplate
1o0p,42,1,0.398456,0.18,20.0995,0.069,20.1,8.311,0.025,af3,nomsa_notemplate
1o0p,42,2,0.43101599999999995,0.25,22.0202,0.053,22.02,8.597,0.0,af3,nomsa_notemplate
1o0p,42,3,0.408455,0.21,19.1878,0.106,19.188,8.487,0.125,af3,nomsa_notemplate
1o0p,42,4,0.439825,0.26,15.2967,0.108,15.297,7.39,0.05,af3,nomsa_notemplate
1o0p,43,0,0.518172,0.41,10.144,0.255,10.144,5.132,0.275,af3,nomsa_notemplate
1o0p,43,1,0.46994100000000005,0.3,9.1007,0.302,9.101,4.768,0.35,af3,nomsa_notemplate
1o0p,43,2,0.526502,0.41,7.4278,0.337,7.428,4.664,0.35,af3,nomsa_notemplate
1o0p,43,3,0.562605,0.51,6.6801,0.353,6.68,4.762,0.35,af3,nomsa_notemplate
1o0p,43,4,0.498136,0.33,9.3099,0.271,9.31,4.973,0.275,af3,nomsa_notemplate
1o0p,44,0,0.477371,0.26,22.1754,0.059,22.175,9.427,0.025,af3,nomsa_notemplate
1o0p,44,1,0.42159100000000005,0.2,21.4544,0.054,21.454,9.35,0.0,af3,nomsa_notemplate
1o0p,44,2,0.49567,0.3,23.8724,0.045,23.872,10.103,0.0,af3,nomsa_notemplate
1o0p,44,3,0.439424,0.24,23.7811,0.045,23.781,10.066,0.0,af3,nomsa_notemplate
1o0p,44,4,0.390266,0.15,24.2474,0.045,24.247,9.461,0.0,af3,nomsa_notemplate
1p7v,42,0,0.197326,0.15,15.0042,0.098,15.004,15.94,0.041,af3,nomsa_notemplate
1p7v,42,1,0.208791,0.14,15.4827,0.082,15.483,13.037,0.0,af3,nomsa_notemplate
1p7v,42,2,0.20706499999999997,0.22,27.7902,0.032,27.79,15.634,0.0,af3,nomsa_notemplate
1p7v,42,3,0.188541,0.1,15.5275,0.081,15.527,12.999,0.0,af3,nomsa_notemplate
1p7v,42,4,0.20605,0.13,26.0883,0.043,26.088,13.347,0.02,af3,nomsa_notemplate
1p7v,43,0,0.196157,0.12,31.9347,0.031,31.935,16.938,0.02,af3,nomsa_notemplate
1p7v,43,1,0.203715,0.15,27.1087,0.034,27.109,12.858,0.0,af3,nomsa_notemplate
1p7v,43,2,0.209102,0.14,37.2716,0.02,37.272,15.388,0.0,af3,nomsa_notemplate
1p7v,43,3,0.19796500000000003,0.14,14.5273,0.115,14.527,15.318,0.082,af3,nomsa_notemplate
1p7v,43,4,0.197554,0.14,33.2608,0.024,33.261,14.194,0.0,af3,nomsa_notemplate
1p7v,44,0,0.201087,0.12,29.7829,0.036,29.783,13.478,0.02,af3,nomsa_notemplate
1p7v,44,1,0.18686499999999998,0.1,34.2979,0.023,34.298,14.729,0.0,af3,nomsa_notemplate
1p7v,44,2,0.20489100000000002,0.15,31.8075,0.026,31.807,14.904,0.0,af3,nomsa_notemplate
1p7v,44,3,0.21022,0.18,31.1845,0.027,31.185,13.677,0.0,af3,nomsa_notemplate
1p7v,44,4,0.190822,0.11,31.7931,0.026,31.793,13.47,0.0,af3,nomsa_notemplate
1pmx,42,0,0.608514,0.43,14.8679,0.185,14.868,6.677,0.261,af3,nomsa_notemplate
1pmx,42,1,0.615272,0.49,15.6441,0.163,15.644,6.965,0.217,af3,nomsa_notemplate
1pmx,42,2,0.537929,0.31,14.6531,0.173,14.653,6.517,0.217,af3,nomsa_notemplate
1pmx,42,3,0.609312,0.47,14.7114,0.171,14.711,6.82,0.217,af3,nomsa_notemplate
1pmx,42,4,0.557603,0.35,15.1142,0.169,15.114,6.508,0.217,af3,nomsa_notemplate
1pmx,43,0,0.659553,0.52,13.3812,0.199,13.381,6.731,0.261,af3,nomsa_notemplate
1pmx,43,1,0.610573,0.4,15.1419,0.168,15.142,6.864,0.217,af3,nomsa_notemplate
1pmx,43,2,0.514138,0.24,15.0418,0.183,15.042,6.942,0.261,af3,nomsa_notemplate
1pmx,43,3,0.649249,0.48,13.2542,0.156,13.254,6.741,0.13,af3,nomsa_notemplate
1pmx,43,4,0.6453019999999999,0.48,13.9573,0.149,13.957,6.805,0.13,af3,nomsa_notemplate
1pmx,44,0,0.6371439999999999,0.57,14.3591,0.263,14.359,4.663,0.435,af3,nomsa_notemplate
1pmx,44,1,0.550533,0.38,9.9685,0.268,9.968,5.123,0.304,af3,nomsa_notemplate
1pmx,44,2,0.610916,0.47,15.4518,0.166,15.452,6.596,0.217,af3,nomsa_notemplate
1pmx,44,3,0.553364,0.38,18.5156,0.117,18.516,6.813,0.13,af3,nomsa_notemplate
1pmx,44,4,0.620216,0.48,10.6194,0.24,10.619,5.564,0.261,af3,nomsa_notemplate
1r17,42,0,0.252715,0.22,36.5782,0.019,36.578,22.866,0.0,af3,nomsa_notemplate
1r17,42,1,0.26257,0.23,30.1397,0.026,30.14,23.209,0.0,af3,nomsa_notemplate
1r17,42,2,0.22138000000000002,0.18,31.0863,0.08,31.086,20.913,0.165,af3,nomsa_notemplate
1r17,42,3,0.262633,0.24,31.4314,0.024,31.431,22.964,0.0,af3,nomsa_notemplate
1r17,42,4,0.233463,0.21,34.429,0.021,34.429,23.36,0.0,af3,nomsa_notemplate
1r17,43,0,0.219923,0.17,25.5992,0.082,25.599,20.568,0.141,af3,nomsa_notemplate
1r17,43,1,0.218464,0.2,42.0826,0.026,42.083,23.184,0.035,af3,nomsa_notemplate
1r17,43,2,0.255449,0.22,57.2163,0.008,57.216,28.234,0.0,af3,nomsa_notemplate
1r17,43,3,0.21690500000000001,0.18,37.8767,0.021,37.877,24.188,0.012,af3,nomsa_notemplate
1r17,43,4,0.188865,0.13,27.7342,0.03,27.734,22.147,0.0,af3,nomsa_notemplate
1r17,44,0,0.265007,0.26,36.1452,0.019,36.145,25.209,0.0,af3,nomsa_notemplate
1r17,44,1,0.249954,0.23,40.5483,0.016,40.548,20.881,0.0,af3,nomsa_notemplate
1r17,44,2,0.262657,0.34,31.1642,0.025,31.164,22.81,0.0,af3,nomsa_notemplate
1r17,44,3,0.259507,0.23,38.0853,0.017,38.085,25.381,0.0,af3,nomsa_notemplate
1r17,44,4,0.250189,0.24,36.9839,0.018,36.984,22.631,0.0,af3,nomsa_notemplate
1rxz,42,0,0.252347,0.09,29.8187,0.035,29.819,13.856,0.019,af3,nomsa_notemplate
1rxz,42,1,0.24418199999999998,0.11,40.9289,0.016,40.929,17.613,0.0,af3,nomsa_notemplate
1rxz,42,2,0.261279,0.13,14.5123,0.092,14.512,10.726,0.0,af3,nomsa_notemplate
1rxz,42,3,0.288893,0.15,30.0752,0.036,30.075,11.998,0.019,af3,nomsa_notemplate
1rxz,42,4,0.250635,0.12,39.0134,0.025,39.013,15.024,0.019,af3,nomsa_notemplate
1rxz,43,0,0.273979,0.11,41.0719,0.024,41.072,13.628,0.019,af3,nomsa_notemplate
1rxz,43,1,0.268909,0.13,19.6799,0.121,19.68,10.337,0.185,af3,nomsa_notemplate
1rxz,43,2,0.235311,0.21,33.0774,0.062,33.077,13.661,0.111,af3,nomsa_notemplate
1rxz,43,3,0.259527,0.12,33.118,0.025,33.118,13.583,0.0,af3,nomsa_notemplate
1rxz,43,4,0.23362,0.15,15.1822,0.13,15.182,7.314,0.111,af3,nomsa_notemplate
1rxz,44,0,0.253137,0.09,13.5586,0.113,13.559,10.753,0.037,af3,nomsa_notemplate
1rxz,44,1,0.252053,0.07,35.1792,0.021,35.179,16.683,0.0,af3,nomsa_notemplate
1rxz,44,2,0.24185500000000001,0.08,45.9736,0.014,45.974,16.46,0.0,af3,nomsa_notemplate
1rxz,44,3,0.286524,0.12,33.6988,0.024,33.699,13.697,0.0,af3,nomsa_notemplate
1rxz,44,4,0.264603,0.1,25.856,0.056,25.856,12.508,0.056,af3,nomsa_notemplate
1t74,42,0,0.256599,0.19,31.4863,0.148,31.486,11.006,0.357,af3,nomsa_notemplate
1t74,42,1,0.204044,0.09,10.0301,0.175,10.03,7.959,0.071,af3,nomsa_notemplate
1t74,42,2,0.22087700000000002,0.11,32.0963,0.026,32.096,13.101,0.0,af3,nomsa_notemplate
1t74,42,3,0.20056000000000002,0.07,39.2484,0.019,39.248,12.86,0.0,af3,nomsa_notemplate
1t74,42,4,0.20201899999999998,0.08,22.1873,0.049,22.187,11.079,0.0,af3,nomsa_notemplate
1t74,43,0,0.201107,0.08,35.1769,0.022,35.177,14.697,0.0,af3,nomsa_notemplate
1t74,43,1,0.24993600000000002,0.18,29.1483,0.127,29.148,10.953,0.286,af3,nomsa_notemplate
1t74,43,2,0.25637899999999997,0.17,6.0142,0.404,6.014,4.108,0.429,af3,nomsa_notemplate
1t74,43,3,0.216267,0.09,10.1474,0.141,10.147,13.66,0.0,af3,nomsa_notemplate
1t74,43,4,0.21645299999999998,0.09,9.3375,0.156,9.338,12.789,0.0,af3,nomsa_notemplate
1t74,44,0,0.199929,0.06,41.545,0.017,41.545,14.121,0.0,af3,nomsa_notemplate
1t74,44,1,0.24319500000000002,0.15,25.8684,0.144,25.868,12.7,0.321,af3,nomsa_notemplate
1t74,44,2,0.23092300000000002,0.12,23.6465,0.082,23.646,9.354,0.107,af3,nomsa_notemplate
1t74,44,3,0.25439900000000004,0.16,21.678,0.204,21.678,12.393,0.464,af3,nomsa_notemplate
1t74,44,4,0.258563,0.19,21.8982,0.191,21.898,12.76,0.429,af3,nomsa_notemplate
1v1t,42,0,0.9327110000000001,0.96,0.8374,0.963,0.837,0.383,0.96,af3,nomsa_notemplate
1v1t,42,1,0.9305150000000001,0.95,1.1283,0.97,1.128,0.417,1.0,af3,nomsa_notemplate
1v1t,42,2,0.929054,0.95,1.0371,0.957,1.037,0.428,0.96,af3,nomsa_notemplate
1v1t,42,3,0.929674,0.95,0.6894,0.971,0.689,0.441,1.0,af3,nomsa_notemplate
1v1t,42,4,0.9300409999999999,0.95,0.9741,0.973,0.974,0.408,1.0,af3,nomsa_notemplate
1v1t,43,0,0.9279540000000001,0.95,0.9642,0.952,0.964,0.474,0.96,af3,nomsa_notemplate
1v1t,43,1,0.92777,0.95,0.8185,0.964,0.818,0.377,0.96,af3,nomsa_notemplate
1v1t,43,2,0.9287430000000001,0.95,1.3136,0.941,1.314,0.421,0.92,af3,nomsa_notemplate
1v1t,43,3,0.93257,0.95,1.0977,0.967,1.098,0.451,1.0,af3,nomsa_notemplate
1v1t,43,4,0.928117,0.95,0.7784,0.975,0.778,0.398,1.0,af3,nomsa_notemplate
1v1t,44,0,0.929915,0.95,1.0424,0.969,1.042,0.433,1.0,af3,nomsa_notemplate
1v1t,44,1,0.926246,0.95,0.7994,0.969,0.799,0.452,1.0,af3,nomsa_notemplate
1v1t,44,2,0.928607,0.95,0.792,0.964,0.792,0.381,0.96,af3,nomsa_notemplate
1v1t,44,3,0.928165,0.95,1.235,0.952,1.235,0.448,0.96,af3,nomsa_notemplate
1v1t,44,4,0.926904,0.95,0.9047,0.972,0.905,0.417,1.0,af3,nomsa_notemplate
1w80,42,0,0.22935199999999997,0.14,28.2199,0.035,28.22,10.23,0.0,af3,nomsa_notemplate
1w80,42,1,0.25205500000000003,0.17,29.9365,0.031,29.936,11.131,0.0,af3,nomsa_notemplate
1w80,42,2,0.233717,0.15,35.701,0.026,35.701,9.74,0.0,af3,nomsa_notemplate
1w80,42,3,0.222429,0.14,42.3877,0.017,42.388,14.258,0.0,af3,nomsa_notemplate
1w80,42,4,0.256264,0.16,34.2134,0.025,34.213,11.506,0.0,af3,nomsa_notemplate
1w80,43,0,0.20783000000000001,0.11,40.8348,0.017,40.835,14.755,0.0,af3,nomsa_notemplate
1w80,43,1,0.253012,0.15,44.7912,0.014,44.791,18.028,0.0,af3,nomsa_notemplate
1w80,43,2,0.260786,0.16,42.2295,0.016,42.23,15.551,0.0,af3,nomsa_notemplate
1w80,43,3,0.258126,0.17,38.5949,0.019,38.595,15.153,0.0,af3,nomsa_notemplate
1w80,43,4,0.213241,0.12,38.158,0.019,38.158,14.766,0.0,af3,nomsa_notemplate
1w80,44,0,0.228384,0.16,37.1645,0.02,37.164,13.947,0.0,af3,nomsa_notemplate
1w80,44,1,0.213826,0.11,36.9601,0.02,36.96,15.169,0.0,af3,nomsa_notemplate
1w80,44,2,0.246451,0.16,38.0882,0.019,38.088,14.795,0.0,af3,nomsa_notemplate
1w80,44,3,0.24759899999999999,0.15,43.4921,0.015,43.492,16.957,0.0,af3,nomsa_notemplate
1w80,44,4,0.222168,0.12,41.3127,0.017,41.313,14.901,0.0,af3,nomsa_notemplate
1yfn,42,0,0.419277,0.25,28.1202,0.039,28.12,12.971,0.019,af3,nomsa_notemplate
1yfn,42,1,0.447085,0.26,18.9974,0.077,18.997,9.362,0.038,af3,nomsa_notemplate
1yfn,42,2,0.39816,0.16,14.7182,0.115,14.718,10.976,0.075,af3,nomsa_notemplate
1yfn,42,3,0.37789900000000004,0.16,27.2239,0.048,27.224,10.985,0.038,af3,nomsa_notemplate
1yfn,42,4,0.445296,0.28,25.586,0.058,25.586,11.325,0.057,af3,nomsa_notemplate
1yfn,43,0,0.463575,0.23,30.9541,0.028,30.954,13.362,0.0,af3,nomsa_notemplate
1yfn,43,1,0.46663,0.32,31.4437,0.039,31.444,14.718,0.038,af3,nomsa_notemplate
1yfn,43,2,0.408866,0.22,33.4649,0.024,33.465,14.559,0.0,af3,nomsa_notemplate
1yfn,43,3,0.464265,0.37,24.4906,0.039,24.491,14.697,0.0,af3,nomsa_notemplate
1yfn,43,4,0.471362,0.33,29.756,0.03,29.756,12.54,0.0,af3,nomsa_notemplate
1yfn,44,0,0.456936,0.29,21.313,0.062,21.313,14.366,0.038,af3,nomsa_notemplate
1yfn,44,1,0.43536299999999994,0.31,26.8405,0.048,26.841,11.718,0.038,af3,nomsa_notemplate
1yfn,44,2,0.399729,0.25,17.0368,0.081,17.037,9.235,0.019,af3,nomsa_notemplate
1yfn,44,3,0.44356,0.32,18.915,0.08,18.915,11.511,0.057,af3,nomsa_notemplate
1yfn,44,4,0.44026000000000004,0.22,29.1761,0.031,29.176,12.481,0.0,af3,nomsa_notemplate
1ywi,42,0,0.9729770000000001,0.69,1.4492,0.867,1.449,0.904,0.895,af3,nomsa_notemplate
1ywi,42,1,0.9687269999999999,0.68,1.2801,0.89,1.28,0.881,0.947,af3,nomsa_notemplate
1ywi,42,2,0.9661660000000001,0.69,0.9752,0.892,0.975,0.76,0.895,af3,nomsa_notemplate
1ywi,42,3,0.96907,0.68,1.4037,0.87,1.404,0.888,0.895,af3,nomsa_notemplate
1ywi,42,4,0.973989,0.7,1.395,0.867,1.395,0.906,0.895,af3,nomsa_notemplate
1ywi,43,0,0.975209,0.7,1.2708,0.894,1.271,0.853,0.947,af3,nomsa_notemplate
1ywi,43,1,0.971332,0.68,1.2787,0.913,1.279,0.842,1.0,af3,nomsa_notemplate
1ywi,43,2,0.9685339999999999,0.68,1.2492,0.854,1.249,0.885,0.842,af3,nomsa_notemplate
1ywi,43,3,0.957541,0.65,1.1607,0.883,1.161,0.813,0.895,af3,nomsa_notemplate
1ywi,43,4,0.96598,0.68,1.1803,0.879,1.18,0.838,0.895,af3,nomsa_notemplate
1ywi,44,0,0.969311,0.69,1.1218,0.885,1.122,0.803,0.895,af3,nomsa_notemplate
1ywi,44,1,0.9581770000000001,0.66,1.0471,0.909,1.047,0.761,0.947,af3,nomsa_notemplate
1ywi,44,2,0.972393,0.69,1.3523,0.888,1.352,0.887,0.947,af3,nomsa_notemplate
1ywi,44,3,0.9715860000000001,0.69,1.5102,0.863,1.51,0.922,0.895,af3,nomsa_notemplate
1ywi,44,4,0.968943,0.69,0.9983,0.911,0.998,0.749,0.947,af3,nomsa_notemplate
1ywo,42,0,0.718115,0.47,8.7873,0.313,8.787,4.624,0.36,af3,nomsa_notemplate
1ywo,42,1,0.523059,0.15,6.1547,0.408,6.155,3.909,0.44,af3,nomsa_notemplate
1ywo,42,2,0.498616,0.14,17.7331,0.125,17.733,8.877,0.16,af3,nomsa_notemplate
1ywo,42,3,0.526896,0.19,21.282,0.094,21.282,9.563,0.12,af3,nomsa_notemplate
1ywo,42,4,0.558594,0.22,16.5093,0.16,16.509,8.347,0.24,af3,nomsa_notemplate
1ywo,43,0,0.477791,0.13,15.5263,0.112,15.526,9.407,0.08,af3,nomsa_notemplate
1ywo,43,1,0.496225,0.16,17.9386,0.108,17.939,10.601,0.12,af3,nomsa_notemplate
1ywo,43,2,0.595064,0.32,16.4074,0.104,16.407,10.044,0.08,af3,nomsa_notemplate
1ywo,43,3,0.49932499999999996,0.16,15.988,0.122,15.988,9.41,0.12,af3,nomsa_notemplate
1ywo,43,4,0.49587400000000004,0.15,17.5118,0.097,17.512,10.405,0.08,af3,nomsa_notemplate
1ywo,44,0,0.550154,0.2,18.4219,0.123,18.422,8.216,0.16,af3,nomsa_notemplate
1ywo,44,1,0.571858,0.23,16.5425,0.173,16.543,8.387,0.28,af3,nomsa_notemplate
1ywo,44,2,0.525258,0.17,19.3558,0.13,19.356,8.777,0.2,af3,nomsa_notemplate
1ywo,44,3,0.57519,0.23,4.7982,0.48,4.798,3.409,0.52,af3,nomsa_notemplate
1ywo,44,4,0.590755,0.23,7.1064,0.393,7.106,4.246,0.48,af3,nomsa_notemplate
1yy6,42,0,0.305225,0.17,11.4347,0.139,11.435,8.384,0.029,af3,nomsa_notemplate
1yy6,42,1,0.30614,0.18,13.6674,0.152,13.667,8.654,0.147,af3,nomsa_notemplate
1yy6,42,2,0.287851,0.17,27.8747,0.034,27.875,11.752,0.0,af3,nomsa_notemplate
1yy6,42,3,0.293209,0.17,14.5933,0.125,14.593,8.139,0.088,af3,nomsa_notemplate
1yy6,42,4,0.291213,0.15,11.5196,0.139,11.52,7.948,0.029,af3,nomsa_notemplate
1yy6,43,0,0.290351,0.14,21.3344,0.062,21.334,10.279,0.029,af3,nomsa_notemplate
1yy6,43,1,0.292462,0.16,14.0637,0.137,14.064,9.384,0.118,af3,nomsa_notemplate
1yy6,43,2,0.29310600000000003,0.16,14.4431,0.154,14.443,8.928,0.176,af3,nomsa_notemplate
1yy6,43,3,0.306711,0.18,14.3774,0.175,14.377,8.644,0.235,af3,nomsa_notemplate
1yy6,43,4,0.311274,0.18,13.964,0.159,13.964,8.389,0.176,af3,nomsa_notemplate
1yy6,44,0,0.32975099999999996,0.25,10.5205,0.17,10.521,9.002,0.088,af3,nomsa_notemplate
1yy6,44,1,0.282109,0.16,11.6264,0.14,11.626,7.13,0.029,af3,nomsa_notemplate
1yy6,44,2,0.329726,0.23,12.961,0.109,12.961,9.278,0.0,af3,nomsa_notemplate
1yy6,44,3,0.275666,0.15,23.3018,0.058,23.302,9.213,0.029,af3,nomsa_notemplate
1yy6,44,4,0.328866,0.25,13.5117,0.122,13.512,9.589,0.059,af3,nomsa_notemplate
2aij,42,0,0.263497,0.35,29.4388,0.036,29.439,19.101,0.024,af3,nomsa_notemplate
2aij,42,1,0.270397,0.36,25.1586,0.043,25.159,23.283,0.024,af3,nomsa_notemplate
2aij,42,2,0.241734,0.33,37.4966,0.026,37.497,22.005,0.024,af3,nomsa_notemplate
2aij,42,3,0.27440000000000003,0.41,35.3495,0.028,35.35,23.509,0.024,af3,nomsa_notemplate
2aij,42,4,0.252818,0.34,33.6899,0.03,33.69,21.412,0.024,af3,nomsa_notemplate
2aij,43,0,0.257195,0.37,30.0441,0.034,30.044,20.753,0.024,af3,nomsa_notemplate
2aij,43,1,0.24407399999999999,0.38,33.6381,0.03,33.638,21.081,0.024,af3,nomsa_notemplate
2aij,43,2,0.272379,0.39,30.631,0.033,30.631,21.465,0.024,af3,nomsa_notemplate
2aij,43,3,0.289332,0.45,43.4246,0.021,43.425,25.231,0.024,af3,nomsa_notemplate
2aij,43,4,0.293284,0.47,21.9428,0.053,21.943,22.816,0.024,af3,nomsa_notemplate
2aij,44,0,0.255253,0.32,29.0958,0.035,29.096,23.621,0.024,af3,nomsa_notemplate
2aij,44,1,0.19001300000000002,0.06,62.84,0.007,62.84,26.212,0.0,af3,nomsa_notemplate
2aij,44,2,0.278037,0.42,18.6673,0.067,18.667,22.588,0.024,af3,nomsa_notemplate
2aij,44,3,0.284,0.43,40.0095,0.024,40.01,20.367,0.024,af3,nomsa_notemplate
2aij,44,4,0.287942,0.41,45.1497,0.021,45.15,23.462,0.024,af3,nomsa_notemplate
2aq9,42,0,0.270217,0.09,44.6054,0.016,44.605,13.794,0.0,af3,nomsa_notemplate
2aq9,42,1,0.282426,0.11,15.7145,0.081,15.715,11.649,0.0,af3,nomsa_notemplate
2aq9,42,2,0.26368600000000003,0.1,35.0497,0.025,35.05,10.287,0.0,af3,nomsa_notemplate
2aq9,42,3,0.290375,0.05,27.9441,0.032,27.944,14.268,0.0,af3,nomsa_notemplate
2aq9,42,4,0.29296900000000003,0.13,22.566,0.046,22.566,12.994,0.0,af3,nomsa_notemplate
2aq9,43,0,0.272654,0.11,12.5012,0.111,12.501,11.069,0.0,af3,nomsa_notemplate
2aq9,43,1,0.269271,0.09,43.6018,0.016,43.602,13.187,0.0,af3,nomsa_notemplate
2aq9,43,2,0.269649,0.09,25.7442,0.04,25.744,10.417,0.0,af3,nomsa_notemplate
2aq9,43,3,0.270187,0.11,30.0594,0.03,30.059,12.169,0.0,af3,nomsa_notemplate
2aq9,43,4,0.289288,0.12,19.2784,0.059,19.278,12.058,0.0,af3,nomsa_notemplate
2aq9,44,0,0.276676,0.11,22.4845,0.046,22.485,12.803,0.0,af3,nomsa_notemplate
2aq9,44,1,0.286494,0.13,19.3734,0.059,19.373,12.255,0.0,af3,nomsa_notemplate
2aq9,44,2,0.28482,0.11,20.213,0.056,20.213,11.433,0.0,af3,nomsa_notemplate
2aq9,44,3,0.280686,0.11,16.2252,0.077,16.225,11.477,0.0,af3,nomsa_notemplate
2aq9,44,4,0.27423200000000003,0.06,37.8765,0.02,37.877,14.443,0.0,af3,nomsa_notemplate
2c3i,42,0,0.198933,0.1,34.6843,0.022,34.684,16.522,0.0,af3,nomsa_notemplate
2c3i,42,1,0.230711,0.17,19.4665,0.098,19.467,18.609,0.128,af3,nomsa_notemplate
2c3i,42,2,0.20873,0.09,30.2101,0.036,30.21,16.411,0.026,af3,nomsa_notemplate
2c3i,42,3,0.21176999999999999,0.08,18.3081,0.063,18.308,14.026,0.0,af3,nomsa_notemplate
2c3i,42,4,0.202346,0.1,21.5879,0.065,21.588,14.266,0.051,af3,nomsa_notemplate
2c3i,43,0,0.213496,0.09,39.9104,0.017,39.91,16.16,0.0,af3,nomsa_notemplate
2c3i,43,1,0.22755,0.05,49.4317,0.012,49.432,18.89,0.0,af3,nomsa_notemplate
2c3i,43,2,0.19981300000000002,0.06,42.5704,0.015,42.57,19.409,0.0,af3,nomsa_notemplate
2c3i,43,3,0.21337299999999998,0.13,26.6839,0.033,26.684,16.695,0.0,af3,nomsa_notemplate
2c3i,43,4,0.201724,0.1,30.6019,0.035,30.602,16.935,0.026,af3,nomsa_notemplate
2c3i,44,0,0.21168900000000002,0.07,40.9519,0.016,40.952,16.975,0.0,af3,nomsa_notemplate
2c3i,44,1,0.20558700000000002,0.09,32.7902,0.024,32.79,16.5,0.0,af3,nomsa_notemplate
2c3i,44,2,0.208209,0.05,46.1878,0.013,46.188,19.069,0.0,af3,nomsa_notemplate
2c3i,44,3,0.201421,0.07,30.7127,0.026,30.713,16.403,0.0,af3,nomsa_notemplate
2c3i,44,4,0.208056,0.09,43.5004,0.015,43.5,17.496,0.0,af3,nomsa_notemplate
2cch,42,0,0.18721800000000002,0.08,42.2742,0.017,42.274,14.33,0.0,af3,nomsa_notemplate
2cch,42,1,0.218946,0.12,8.6075,0.233,8.607,10.893,0.186,af3,nomsa_notemplate
2cch,42,2,0.18993300000000002,0.07,28.6151,0.03,28.615,15.431,0.0,af3,nomsa_notemplate
2cch,42,3,0.202607,0.05,49.2291,0.012,49.229,19.206,0.0,af3,nomsa_notemplate
2cch,42,4,0.195037,0.07,38.8513,0.019,38.851,14.12,0.0,af3,nomsa_notemplate
2cch,43,0,0.191878,0.06,45.2155,0.013,45.216,20.375,0.0,af3,nomsa_notemplate
2cch,43,1,0.19190000000000002,0.07,35.2261,0.02,35.226,19.809,0.0,af3,nomsa_notemplate
2cch,43,2,0.192826,0.09,41.5535,0.031,41.553,21.385,0.047,af3,nomsa_notemplate
2cch,43,3,0.196598,0.08,26.4098,0.043,26.41,13.725,0.023,af3,nomsa_notemplate
2cch,43,4,0.19650700000000001,0.05,33.3297,0.023,33.33,18.06,0.0,af3,nomsa_notemplate
2cch,44,0,0.191544,0.07,50.3076,0.012,50.308,17.033,0.0,af3,nomsa_notemplate
2cch,44,1,0.18206399999999998,0.07,46.5076,0.013,46.508,18.842,0.0,af3,nomsa_notemplate
2cch,44,2,0.191167,0.08,36.2039,0.02,36.204,18.287,0.0,af3,nomsa_notemplate
2cch,44,3,0.18639299999999998,0.08,17.642,0.083,17.642,12.217,0.047,af3,nomsa_notemplate
2cch,44,4,0.199435,0.08,27.8617,0.039,27.862,15.43,0.023,af3,nomsa_notemplate
2cny,42,0,0.615057,0.49,7.2697,0.3,7.27,8.275,0.292,af3,nomsa_notemplate
2cny,42,1,0.615007,0.47,10.3337,0.224,10.334,8.83,0.24,af3,nomsa_notemplate
2cny,42,2,0.622915,0.5,8.9977,0.246,8.998,8.951,0.24,af3,nomsa_notemplate
2cny,42,3,0.58521,0.42,9.0827,0.25,9.083,8.192,0.25,af3,nomsa_notemplate
2cny,42,4,0.582793,0.43,9.9551,0.225,9.955,8.067,0.219,af3,nomsa_notemplate
2cny,43,0,0.606133,0.47,8.7201,0.256,8.72,8.537,0.25,af3,nomsa_notemplate
2cny,43,1,0.610549,0.48,7.4218,0.287,7.422,7.963,0.26,af3,nomsa_notemplate
2cny,43,2,0.5729869999999999,0.42,7.839,0.285,7.839,8.156,0.281,af3,nomsa_notemplate
2cny,43,3,0.606725,0.48,8.1479,0.282,8.148,8.235,0.292,af3,nomsa_notemplate
2cny,43,4,0.573031,0.41,7.8157,0.289,7.816,8.102,0.292,af3,nomsa_notemplate
2cny,44,0,0.64806,0.52,10.3814,0.228,10.381,8.053,0.25,af3,nomsa_notemplate
2cny,44,1,0.6428400000000001,0.51,10.8888,0.219,10.889,8.943,0.25,af3,nomsa_notemplate
2cny,44,2,0.621017,0.51,9.0611,0.251,9.061,8.038,0.25,af3,nomsa_notemplate
2cny,44,3,0.6475960000000001,0.53,11.1769,0.204,11.177,8.926,0.219,af3,nomsa_notemplate
2cny,44,4,0.62404,0.5,7.7173,0.294,7.717,8.161,0.302,af3,nomsa_notemplate
2e4h,42,0,0.385959,0.2,18.6722,0.116,18.672,11.264,0.16,af3,nomsa_notemplate
2e4h,42,1,0.536861,0.4,17.4767,0.085,17.477,9.505,0.04,af3,nomsa_notemplate
2e4h,42,2,0.501506,0.39,19.973,0.112,19.973,9.972,0.16,af3,nomsa_notemplate
2e4h,42,3,0.37308300000000005,0.15,11.8608,0.213,11.861,10.36,0.28,af3,nomsa_notemplate
2e4h,42,4,0.37351799999999996,0.13,10.8503,0.214,10.85,9.866,0.24,af3,nomsa_notemplate
2e4h,43,0,0.5271170000000001,0.36,20.1147,0.111,20.115,10.159,0.16,af3,nomsa_notemplate
2e4h,43,1,0.529239,0.35,17.6594,0.076,17.659,7.327,0.0,af3,nomsa_notemplate
2e4h,43,2,0.381061,0.16,13.5407,0.141,13.541,10.797,0.12,af3,nomsa_notemplate
2e4h,43,3,0.588844,0.45,18.3722,0.081,18.372,9.319,0.04,af3,nomsa_notemplate
2e4h,43,4,0.5341170000000001,0.3,20.2928,0.071,20.293,9.742,0.04,af3,nomsa_notemplate
2e4h,44,0,0.36623199999999995,0.15,21.289,0.092,21.289,10.97,0.12,af3,nomsa_notemplate
2e4h,44,1,0.428711,0.28,12.1736,0.209,12.174,10.791,0.28,af3,nomsa_notemplate
2e4h,44,2,0.476448,0.26,17.9268,0.095,17.927,9.931,0.08,af3,nomsa_notemplate
2e4h,44,3,0.415562,0.16,20.0762,0.07,20.076,11.083,0.04,af3,nomsa_notemplate
2e4h,44,4,0.456986,0.24,22.8795,0.086,22.879,11.121,0.12,af3,nomsa_notemplate
2fgr,42,0,0.34713700000000003,0.46,17.0041,0.119,17.004,7.176,0.115,af3,nomsa_notemplate
2fgr,42,1,0.32032299999999997,0.42,16.8654,0.108,16.865,6.923,0.077,af3,nomsa_notemplate
2fgr,42,2,0.300877,0.38,15.5661,0.119,15.566,6.589,0.077,af3,nomsa_notemplate
2fgr,42,3,0.397283,0.63,17.0261,0.093,17.026,7.205,0.038,af3,nomsa_notemplate
2fgr,42,4,0.286466,0.33,17.5522,0.115,17.552,7.321,0.115,af3,nomsa_notemplate
2fgr,43,0,0.399337,0.54,16.9471,0.107,16.947,7.052,0.077,af3,nomsa_notemplate
2fgr,43,1,0.3667,0.51,18.8302,0.094,18.83,7.926,0.077,af3,nomsa_notemplate
2fgr,43,2,0.349962,0.46,17.5226,0.09,17.523,7.299,0.038,af3,nomsa_notemplate
2fgr,43,3,0.362389,0.48,17.3403,0.091,17.34,7.21,0.038,af3,nomsa_notemplate
2fgr,43,4,0.405017,0.58,18.3936,0.096,18.394,7.832,0.077,af3,nomsa_notemplate
2fgr,44,0,0.394323,0.56,17.9776,0.087,17.978,7.444,0.038,af3,nomsa_notemplate
2fgr,44,1,0.37442,0.51,17.1177,0.093,17.118,7.096,0.038,af3,nomsa_notemplate
2fgr,44,2,0.35242199999999996,0.47,17.1557,0.093,17.156,7.075,0.038,af3,nomsa_notemplate
2fgr,44,3,0.34773499999999996,0.46,18.3588,0.084,18.359,7.643,0.038,af3,nomsa_notemplate
2fgr,44,4,0.36760800000000005,0.5,17.5068,0.09,17.507,7.243,0.038,af3,nomsa_notemplate
2fka,42,0,0.919471,0.9,1.4038,0.942,1.404,0.622,1.0,af3,nomsa_notemplate
2fka,42,1,0.914601,0.89,1.4927,0.924,1.493,0.634,0.952,af3,nomsa_notemplate
2fka,42,2,0.8995839999999999,0.87,1.468,0.927,1.468,0.613,0.952,af3,nomsa_notemplate
2fka,42,3,0.886127,0.86,1.4949,0.921,1.495,0.656,0.952,af3,nomsa_notemplate
2fka,42,4,0.910421,0.88,1.4186,0.914,1.419,0.593,0.905,af3,nomsa_notemplate
2fka,43,0,0.922038,0.89,1.4107,0.929,1.411,0.6,0.952,af3,nomsa_notemplate
2fka,43,1,0.917623,0.88,1.2496,0.956,1.25,0.527,1.0,af3,nomsa_notemplate
2fka,43,2,0.897549,0.86,1.6507,0.917,1.651,0.665,0.952,af3,nomsa_notemplate
2fka,43,3,0.910422,0.88,1.2896,0.938,1.29,0.545,0.952,af3,nomsa_notemplate
2fka,43,4,0.916406,0.89,1.1622,0.956,1.162,0.536,1.0,af3,nomsa_notemplate
2fka,44,0,0.914558,0.88,1.2967,0.936,1.297,0.557,0.952,af3,nomsa_notemplate
2fka,44,1,0.913506,0.89,1.1862,0.953,1.186,0.557,1.0,af3,nomsa_notemplate
2fka,44,2,0.911316,0.88,1.4417,0.926,1.442,0.623,0.952,af3,nomsa_notemplate
2fka,44,3,0.918253,0.89,1.3593,0.931,1.359,0.587,0.952,af3,nomsa_notemplate
2fka,44,4,0.914647,0.89,1.3942,0.947,1.394,0.59,1.0,af3,nomsa_notemplate
2hpl,42,0,0.441971,0.29,17.3409,0.115,17.341,5.709,0.087,af3,nomsa_notemplate
2hpl,42,1,0.450573,0.21,25.8077,0.043,25.808,8.49,0.0,af3,nomsa_notemplate
2hpl,42,2,0.413988,0.17,5.5025,0.318,5.502,3.4,0.087,af3,nomsa_notemplate
2hpl,42,3,0.39488300000000004,0.14,16.1594,0.169,16.159,5.361,0.217,af3,nomsa_notemplate
2hpl,42,4,0.42828299999999997,0.18,9.8307,0.202,9.831,4.768,0.087,af3,nomsa_notemplate
2hpl,43,0,0.41496299999999997,0.18,12.5754,0.178,12.575,4.758,0.13,af3,nomsa_notemplate
2hpl,43,1,0.463088,0.33,8.9467,0.326,8.947,3.509,0.348,af3,nomsa_notemplate
2hpl,43,2,0.42336799999999997,0.22,6.3326,0.32,6.333,3.655,0.174,af3,nomsa_notemplate
2hpl,43,3,0.394202,0.23,9.4068,0.267,9.407,3.796,0.217,af3,nomsa_notemplate
2hpl,43,4,0.43122,0.23,6.8706,0.284,6.871,3.433,0.087,af3,nomsa_notemplate
2hpl,44,0,0.504046,0.3,7.372,0.256,7.372,4.234,0.087,af3,nomsa_notemplate
2hpl,44,1,0.43802199999999997,0.2,12.6928,0.239,12.693,4.46,0.304,af3,nomsa_notemplate
2hpl,44,2,0.431132,0.21,13.3318,0.2,13.332,4.688,0.217,af3,nomsa_notemplate
2hpl,44,3,0.40202,0.18,12.6486,0.191,12.649,4.785,0.174,af3,nomsa_notemplate
2hpl,44,4,0.428788,0.24,6.4754,0.276,6.475,3.563,0.043,af3,nomsa_notemplate
2ht9,42,0,0.748085,0.59,28.9349,0.033,28.935,10.643,0.0,af3,nomsa_notemplate
2ht9,42,1,0.6333059999999999,0.47,18.1359,0.193,18.136,7.724,0.364,af3,nomsa_notemplate
2ht9,42,2,0.662047,0.4,28.6813,0.034,28.681,9.851,0.0,af3,nomsa_notemplate
2ht9,42,3,0.719539,0.57,27.2351,0.038,27.235,9.403,0.0,af3,nomsa_notemplate
2ht9,42,4,0.676364,0.52,26.9543,0.038,26.954,9.7,0.0,af3,nomsa_notemplate
2ht9,43,0,0.746649,0.54,17.3835,0.109,17.383,7.017,0.091,af3,nomsa_notemplate
2ht9,43,1,0.686311,0.46,26.846,0.038,26.846,9.55,0.0,af3,nomsa_notemplate
2ht9,43,2,0.65631,0.5,28.2692,0.035,28.269,10.185,0.0,af3,nomsa_notemplate
2ht9,43,3,0.763455,0.62,25.1493,0.047,25.149,7.626,0.0,af3,nomsa_notemplate
2ht9,43,4,0.713619,0.5,27.8201,0.037,27.82,9.043,0.0,af3,nomsa_notemplate
2ht9,44,0,0.812416,0.76,23.5454,0.052,23.545,7.276,0.0,af3,nomsa_notemplate
2ht9,44,1,0.737295,0.54,25.4731,0.043,25.473,8.638,0.0,af3,nomsa_notemplate
2ht9,44,2,0.760781,0.7,20.7726,0.061,20.773,7.261,0.0,af3,nomsa_notemplate
2ht9,44,3,0.7171639999999999,0.49,23.9904,0.051,23.99,7.167,0.0,af3,nomsa_notemplate
2ht9,44,4,0.760626,0.62,24.8608,0.047,24.861,7.587,0.0,af3,nomsa_notemplate
2i94,42,0,0.306795,0.17,11.8473,0.141,11.847,11.005,0.064,af3,nomsa_notemplate
2i94,42,1,0.311117,0.17,10.3444,0.156,10.344,9.669,0.043,af3,nomsa_notemplate
2i94,42,2,0.31922999999999996,0.18,17.1,0.086,17.1,10.892,0.043,af3,nomsa_notemplate
2i94,42,3,0.310697,0.18,17.5435,0.097,17.544,11.397,0.085,af3,nomsa_notemplate
2i94,42,4,0.310134,0.19,12.0131,0.139,12.013,10.343,0.064,af3,nomsa_notemplate
2i94,43,0,0.32894599999999996,0.19,24.3991,0.071,24.399,10.46,0.085,af3,nomsa_notemplate
2i94,43,1,0.31694500000000003,0.18,10.6703,0.15,10.67,10.72,0.043,af3,nomsa_notemplate
2i94,43,2,0.327351,0.15,20.8518,0.069,20.852,9.686,0.043,af3,nomsa_notemplate
2i94,43,3,0.315404,0.2,12.2486,0.131,12.249,9.549,0.043,af3,nomsa_notemplate
2i94,43,4,0.31954499999999997,0.22,13.43,0.11,13.43,9.942,0.021,af3,nomsa_notemplate
2i94,44,0,0.318481,0.16,12.691,0.134,12.691,8.846,0.064,af3,nomsa_notemplate
2i94,44,1,0.328671,0.18,13.0771,0.129,13.077,8.919,0.064,af3,nomsa_notemplate
2i94,44,2,0.310749,0.2,11.8816,0.134,11.882,10.024,0.043,af3,nomsa_notemplate
2i94,44,3,0.317675,0.14,26.5797,0.044,26.58,10.729,0.021,af3,nomsa_notemplate
2i94,44,4,0.307219,0.2,12.7213,0.124,12.721,10.357,0.043,af3,nomsa_notemplate
2ivz,42,0,0.41477200000000003,0.55,11.0293,0.264,11.029,4.024,0.296,af3,nomsa_notemplate
2ivz,42,1,0.42072499999999996,0.57,9.55,0.368,9.55,3.684,0.519,af3,nomsa_notemplate
2ivz,42,2,0.411972,0.54,9.7133,0.354,9.713,3.632,0.481,af3,nomsa_notemplate
2ivz,42,3,0.407113,0.54,10.2619,0.337,10.262,3.695,0.463,af3,nomsa_notemplate
2ivz,42,4,0.42886899999999994,0.57,10.1631,0.345,10.163,3.672,0.481,af3,nomsa_notemplate
2ivz,43,0,0.401325,0.51,10.8844,0.332,10.884,3.788,0.481,af3,nomsa_notemplate
2ivz,43,1,0.404108,0.53,10.558,0.321,10.558,3.68,0.426,af3,nomsa_notemplate
2ivz,43,2,0.411775,0.54,10.5368,0.343,10.537,3.817,0.5,af3,nomsa_notemplate
2ivz,43,3,0.419872,0.56,8.279,0.486,8.279,2.529,0.685,af3,nomsa_notemplate
2ivz,43,4,0.44223799999999996,0.59,10.1805,0.423,10.181,3.089,0.667,af3,nomsa_notemplate
2ivz,44,0,0.482025,0.71,15.8609,0.2,15.861,5.787,0.315,af3,nomsa_notemplate
2ivz,44,1,0.404858,0.5,9.8796,0.343,9.88,3.69,0.463,af3,nomsa_notemplate
2ivz,44,2,0.40996699999999997,0.53,10.395,0.329,10.395,3.684,0.444,af3,nomsa_notemplate
2ivz,44,3,0.44799100000000003,0.62,12.2064,0.295,12.206,4.613,0.463,af3,nomsa_notemplate
2ivz,44,4,0.420965,0.55,10.5538,0.326,10.554,3.698,0.444,af3,nomsa_notemplate
2jkg,42,0,0.341619,0.19,20.388,0.132,20.388,13.477,0.235,af3,nomsa_notemplate
2jkg,42,1,0.340886,0.2,32.0459,0.125,32.046,11.795,0.294,af3,nomsa_notemplate
2jkg,42,2,0.3333,0.16,19.1894,0.099,19.189,12.274,0.118,af3,nomsa_notemplate
2jkg,42,3,0.381175,0.3,21.4578,0.228,21.458,10.875,0.529,af3,nomsa_notemplate
2jkg,42,4,0.297718,0.12,39.0454,0.019,39.045,14.209,0.0,af3,nomsa_notemplate
2jkg,43,0,0.330312,0.17,21.3951,0.19,21.395,9.926,0.412,af3,nomsa_notemplate
2jkg,43,1,0.292847,0.11,28.5412,0.093,28.541,10.373,0.176,af3,nomsa_notemplate
2jkg,43,2,0.279039,0.09,14.0271,0.094,14.027,12.935,0.0,af3,nomsa_notemplate
2jkg,43,3,0.319093,0.16,26.1985,0.173,26.198,13.508,0.412,af3,nomsa_notemplate
2jkg,43,4,0.292105,0.11,33.2419,0.025,33.242,12.399,0.0,af3,nomsa_notemplate
2jkg,44,0,0.278837,0.1,37.7578,0.022,37.758,11.552,0.0,af3,nomsa_notemplate
2jkg,44,1,0.26235800000000004,0.07,11.1123,0.128,11.112,11.676,0.0,af3,nomsa_notemplate
2jkg,44,2,0.31993,0.18,19.3586,0.058,19.359,13.923,0.0,af3,nomsa_notemplate
2jkg,44,3,0.31736000000000003,0.16,28.2968,0.112,28.297,11.24,0.235,af3,nomsa_notemplate
2jkg,44,4,0.301512,0.12,17.5055,0.068,17.505,12.969,0.0,af3,nomsa_notemplate
2jnw,42,0,0.513796,0.38,25.5823,0.038,25.582,12.692,0.0,af3,nomsa_notemplate
2jnw,42,1,0.365374,0.15,26.8584,0.053,26.858,12.095,0.053,af3,nomsa_notemplate
2jnw,42,2,0.47261600000000004,0.31,26.1473,0.037,26.147,11.559,0.0,af3,nomsa_notemplate
2jnw,42,3,0.462576,0.3,27.3837,0.035,27.384,11.743,0.0,af3,nomsa_notemplate
2jnw,42,4,0.47360100000000005,0.32,26.6793,0.037,26.679,11.007,0.0,af3,nomsa_notemplate
2jnw,43,0,0.454285,0.28,26.8474,0.036,26.847,11.005,0.0,af3,nomsa_notemplate
2jnw,43,1,0.467226,0.3,26.4641,0.037,26.464,11.662,0.0,af3,nomsa_notemplate
2jnw,43,2,0.345999,0.19,14.3721,0.151,14.372,7.681,0.158,af3,nomsa_notemplate
2jnw,43,3,0.49679900000000005,0.39,26.7659,0.036,26.766,11.287,0.0,af3,nomsa_notemplate
2jnw,43,4,0.42991100000000004,0.26,27.2459,0.035,27.246,11.215,0.0,af3,nomsa_notemplate
2jnw,44,0,0.454761,0.26,26.0498,0.038,26.05,11.627,0.0,af3,nomsa_notemplate
2jnw,44,1,0.360141,0.15,27.3857,0.034,27.386,12.307,0.0,af3,nomsa_notemplate
2jnw,44,2,0.49217599999999995,0.39,26.4535,0.037,26.454,11.071,0.0,af3,nomsa_notemplate
2jnw,44,3,0.34956499999999996,0.13,27.0713,0.035,27.071,12.0,0.0,af3,nomsa_notemplate
2jnw,44,4,0.464769,0.31,26.7664,0.035,26.766,12.223,0.0,af3,nomsa_notemplate
2jqk,42,0,0.812191,0.53,2.7318,0.792,2.732,1.235,0.875,af3,nomsa_notemplate
2jqk,42,1,0.803414,0.49,2.3258,0.806,2.326,1.088,0.833,af3,nomsa_notemplate
2jqk,42,2,0.797625,0.51,2.1623,0.817,2.162,1.036,0.833,af3,nomsa_notemplate
2jqk,42,3,0.77094,0.47,2.3165,0.793,2.316,1.086,0.792,af3,nomsa_notemplate
2jqk,42,4,0.74684,0.48,2.641,0.774,2.641,1.18,0.792,af3,nomsa_notemplate
2jqk,43,0,0.7937879999999999,0.5,2.8767,0.789,2.877,1.347,0.917,af3,nomsa_notemplate
2jqk,43,1,0.7756770000000001,0.5,2.9706,0.741,2.971,1.382,0.792,af3,nomsa_notemplate
2jqk,43,2,0.7610380000000001,0.48,2.8615,0.778,2.861,1.331,0.875,af3,nomsa_notemplate
2jqk,43,3,0.7796420000000001,0.52,2.453,0.794,2.453,1.159,0.833,af3,nomsa_notemplate
2jqk,43,4,0.802613,0.55,2.4206,0.804,2.421,1.093,0.833,af3,nomsa_notemplate
2jqk,44,0,0.794327,0.55,2.805,0.757,2.805,1.279,0.792,af3,nomsa_notemplate
2jqk,44,1,0.7857689999999999,0.51,2.6365,0.8,2.636,1.194,0.875,af3,nomsa_notemplate
2jqk,44,2,0.791709,0.53,2.5398,0.765,2.54,1.158,0.75,af3,nomsa_notemplate
2jqk,44,3,0.7849330000000001,0.48,2.5896,0.785,2.59,1.21,0.833,af3,nomsa_notemplate
2jqk,44,4,0.7829900000000001,0.51,2.6646,0.782,2.665,1.219,0.833,af3,nomsa_notemplate
2ka9,42,0,0.792387,0.76,53.2658,0.012,53.266,14.11,0.0,af3,nomsa_notemplate
2ka9,42,1,0.7945059999999999,0.76,45.3277,0.016,45.328,12.985,0.0,af3,nomsa_notemplate
2ka9,42,2,0.803266,0.76,43.8806,0.016,43.881,14.581,0.0,af3,nomsa_notemplate
2ka9,42,3,0.787304,0.72,47.5822,0.014,47.582,14.13,0.0,af3,nomsa_notemplate
2ka9,42,4,0.795624,0.75,50.079,0.012,50.079,15.729,0.0,af3,nomsa_notemplate
2ka9,43,0,0.8049970000000001,0.78,43.0213,0.016,43.021,15.261,0.0,af3,nomsa_notemplate
2ka9,43,1,0.7994,0.77,52.2972,0.012,52.297,15.275,0.0,af3,nomsa_notemplate
2ka9,43,2,0.798828,0.73,41.8362,0.018,41.836,13.077,0.0,af3,nomsa_notemplate
2ka9,43,3,0.788848,0.71,48.0036,0.014,48.004,13.385,0.0,af3,nomsa_notemplate
2ka9,43,4,0.809794,0.79,46.7445,0.014,46.745,16.147,0.0,af3,nomsa_notemplate
2ka9,44,0,0.794346,0.76,54.1967,0.011,54.197,15.625,0.0,af3,nomsa_notemplate
2ka9,44,1,0.79266,0.76,48.9353,0.013,48.935,15.138,0.0,af3,nomsa_notemplate
2ka9,44,2,0.7505029999999999,0.69,48.6691,0.013,48.669,15.502,0.0,af3,nomsa_notemplate
2ka9,44,3,0.774191,0.73,46.1281,0.015,46.128,13.76,0.0,af3,nomsa_notemplate
2ka9,44,4,0.8024420000000001,0.77,54.1013,0.011,54.101,16.542,0.0,af3,nomsa_notemplate
2kbr,42,0,0.828243,0.82,2.4592,0.751,2.459,1.365,0.784,af3,nomsa_notemplate
2kbr,42,1,0.8715519999999999,0.86,2.1147,0.739,2.115,1.226,0.676,af3,nomsa_notemplate
2kbr,42,2,0.836185,0.84,2.0098,0.769,2.01,1.218,0.757,af3,nomsa_notemplate
2kbr,42,3,0.8495550000000001,0.84,1.9656,0.782,1.966,1.195,0.784,af3,nomsa_notemplate
2kbr,42,4,0.890655,0.87,2.3114,0.742,2.311,1.319,0.73,af3,nomsa_notemplate
2kbr,43,0,0.849915,0.84,2.8049,0.704,2.805,1.477,0.703,af3,nomsa_notemplate
2kbr,43,1,0.856104,0.85,2.5004,0.743,2.5,1.423,0.784,af3,nomsa_notemplate
2kbr,43,2,0.857383,0.85,2.1459,0.738,2.146,1.097,0.622,af3,nomsa_notemplate
2kbr,43,3,0.868271,0.85,2.1766,0.787,2.177,1.264,0.838,af3,nomsa_notemplate
2kbr,43,4,0.86358,0.85,2.7254,0.726,2.725,1.455,0.757,af3,nomsa_notemplate
2kbr,44,0,0.866848,0.86,2.187,0.769,2.187,1.263,0.784,af3,nomsa_notemplate
2kbr,44,1,0.853274,0.84,2.5126,0.725,2.513,1.501,0.757,af3,nomsa_notemplate
2kbr,44,2,0.863288,0.84,1.9388,0.787,1.939,1.157,0.784,af3,nomsa_notemplate
2kbr,44,3,0.880228,0.86,2.2432,0.707,2.243,1.469,0.676,af3,nomsa_notemplate
2kbr,44,4,0.8647870000000001,0.86,1.9076,0.788,1.908,1.151,0.784,af3,nomsa_notemplate
2ke1,42,0,0.398852,0.12,18.0487,0.087,18.049,10.894,0.06,af3,nomsa_notemplate
2ke1,42,1,0.405676,0.13,21.2852,0.051,21.285,12.215,0.0,af3,nomsa_notemplate
2ke1,42,2,0.409657,0.16,21.916,0.057,21.916,10.297,0.02,af3,nomsa_notemplate
2ke1,42,3,0.395926,0.12,14.352,0.121,14.352,9.471,0.08,af3,nomsa_notemplate
2ke1,42,4,0.37808100000000006,0.06,20.3052,0.064,20.305,9.619,0.02,af3,nomsa_notemplate
2ke1,43,0,0.376723,0.08,15.8371,0.083,15.837,9.561,0.0,af3,nomsa_notemplate
2ke1,43,1,0.386258,0.07,10.5345,0.154,10.535,9.11,0.04,af3,nomsa_notemplate
2ke1,43,2,0.389559,0.09,24.8388,0.047,24.839,12.142,0.02,af3,nomsa_notemplate
2ke1,43,3,0.404148,0.07,23.718,0.05,23.718,11.185,0.02,af3,nomsa_notemplate
2ke1,43,4,0.369484,0.09,14.9709,0.095,14.971,10.265,0.02,af3,nomsa_notemplate
2ke1,44,0,0.38707099999999994,0.1,17.8667,0.087,17.867,11.369,0.06,af3,nomsa_notemplate
2ke1,44,1,0.399484,0.16,20.047,0.07,20.047,10.875,0.04,af3,nomsa_notemplate
2ke1,44,2,0.36453,0.05,26.6614,0.035,26.661,13.219,0.0,af3,nomsa_notemplate
2ke1,44,3,0.401235,0.14,19.0225,0.102,19.023,10.858,0.12,af3,nomsa_notemplate
2ke1,44,4,0.383289,0.1,17.7343,0.082,17.734,11.105,0.04,af3,nomsa_notemplate
2khh,42,0,0.6445000000000001,0.5,14.4867,0.14,14.487,9.054,0.138,af3,nomsa_notemplate
2khh,42,1,0.549739,0.34,19.3573,0.1,19.357,7.962,0.103,af3,nomsa_notemplate
2khh,42,2,0.6363880000000001,0.52,17.3818,0.083,17.382,9.931,0.034,af3,nomsa_notemplate
2khh,42,3,0.549723,0.3,16.4811,0.126,16.481,8.746,0.138,af3,nomsa_notemplate
2khh,42,4,0.629679,0.49,17.7854,0.103,17.785,10.23,0.103,af3,nomsa_notemplate
2khh,43,0,0.634312,0.5,17.9922,0.082,17.992,8.764,0.034,af3,nomsa_notemplate
2khh,43,1,0.632367,0.48,14.643,0.141,14.643,8.041,0.138,af3,nomsa_notemplate
2khh,43,2,0.626456,0.5,19.7398,0.117,19.74,10.177,0.172,af3,nomsa_notemplate
2khh,43,3,0.54173,0.3,20.4695,0.072,20.469,8.058,0.034,af3,nomsa_notemplate
2khh,43,4,0.50903,0.25,19.1841,0.084,19.184,10.429,0.069,af3,nomsa_notemplate
2khh,44,0,0.605589,0.43,19.4915,0.071,19.492,10.874,0.034,af3,nomsa_notemplate
2khh,44,1,0.56858,0.37,15.1296,0.125,15.13,8.356,0.103,af3,nomsa_notemplate
2khh,44,2,0.537947,0.29,16.2715,0.094,16.272,8.209,0.034,af3,nomsa_notemplate
2khh,44,3,0.574938,0.36,15.6947,0.132,15.695,8.41,0.138,af3,nomsa_notemplate
2khh,44,4,0.553141,0.32,15.9532,0.119,15.953,8.215,0.103,af3,nomsa_notemplate
2koh,42,0,0.341541,0.11,14.6149,0.221,14.615,8.336,0.378,af3,nomsa_notemplate
2koh,42,1,0.367934,0.14,18.1949,0.213,18.195,9.005,0.432,af3,nomsa_notemplate
2koh,42,2,0.376135,0.15,24.6093,0.176,24.609,11.874,0.405,af3,nomsa_notemplate
2koh,42,3,0.36052999999999996,0.14,11.5585,0.264,11.558,7.93,0.405,af3,nomsa_notemplate
2koh,42,4,0.33311300000000005,0.11,19.5878,0.159,19.588,10.145,0.297,af3,nomsa_notemplate
2koh,43,0,0.35565800000000003,0.13,23.4154,0.137,23.415,9.689,0.27,af3,nomsa_notemplate
2koh,43,1,0.41705800000000004,0.25,20.8037,0.196,20.804,13.168,0.432,af3,nomsa_notemplate
2koh,43,2,0.37890999999999997,0.15,22.8246,0.173,22.825,10.425,0.378,af3,nomsa_notemplate
2koh,43,3,0.361802,0.14,23.899,0.188,23.899,11.102,0.432,af3,nomsa_notemplate
2koh,43,4,0.35367400000000004,0.14,10.7328,0.264,10.733,8.661,0.378,af3,nomsa_notemplate
2koh,44,0,0.419424,0.2,23.5558,0.189,23.556,10.33,0.432,af3,nomsa_notemplate
2koh,44,1,0.362802,0.17,33.3013,0.024,33.301,13.923,0.0,af3,nomsa_notemplate
2koh,44,2,0.39047600000000005,0.16,28.2911,0.132,28.291,11.75,0.297,af3,nomsa_notemplate
2koh,44,3,0.364548,0.14,24.9855,0.149,24.985,10.808,0.324,af3,nomsa_notemplate
2koh,44,4,0.353414,0.13,23.4097,0.145,23.41,10.305,0.297,af3,nomsa_notemplate
2las,42,0,0.637947,0.58,23.8952,0.045,23.895,9.72,0.0,af3,nomsa_notemplate
2las,42,1,0.6257630000000001,0.55,23.1407,0.047,23.141,9.799,0.0,af3,nomsa_notemplate
2las,42,2,0.634125,0.58,22.1404,0.05,22.14,10.074,0.0,af3,nomsa_notemplate
2las,42,3,0.594219,0.52,24.2088,0.043,24.209,10.509,0.0,af3,nomsa_notemplate
2las,42,4,0.6413179999999999,0.58,23.9313,0.045,23.931,10.019,0.0,af3,nomsa_notemplate
2las,43,0,0.807818,0.77,22.596,0.049,22.596,10.089,0.0,af3,nomsa_notemplate
2las,43,1,0.778649,0.74,20.4669,0.056,20.467,9.942,0.0,af3,nomsa_notemplate
2las,43,2,0.790262,0.75,19.5634,0.06,19.563,10.085,0.0,af3,nomsa_notemplate
2las,43,3,0.7883549999999999,0.79,23.9307,0.044,23.931,10.48,0.0,af3,nomsa_notemplate
2las,43,4,0.818518,0.8,18.5345,0.065,18.534,10.173,0.0,af3,nomsa_notemplate
2las,44,0,0.798452,0.77,22.0985,0.05,22.098,10.242,0.0,af3,nomsa_notemplate
2las,44,1,0.824074,0.8,25.8023,0.04,25.802,9.945,0.0,af3,nomsa_notemplate
2las,44,2,0.817367,0.8,23.388,0.046,23.388,9.868,0.0,af3,nomsa_notemplate
2las,44,3,0.804452,0.78,21.9224,0.051,21.922,9.959,0.0,af3,nomsa_notemplate
2las,44,4,0.792968,0.78,27.1043,0.037,27.104,10.297,0.0,af3,nomsa_notemplate
2lsi,42,0,0.5157970000000001,0.4,26.2046,0.037,26.205,11.439,0.0,af3,nomsa_notemplate
2lsi,42,1,0.520435,0.37,24.2971,0.062,24.297,10.877,0.057,af3,nomsa_notemplate
2lsi,42,2,0.544186,0.42,23.148,0.075,23.148,10.665,0.086,af3,nomsa_notemplate
2lsi,42,3,0.5379970000000001,0.39,24.4073,0.061,24.407,10.786,0.057,af3,nomsa_notemplate
2lsi,42,4,0.596886,0.49,23.6337,0.073,23.634,10.627,0.086,af3,nomsa_notemplate
2lsi,43,0,0.648967,0.62,22.5974,0.076,22.597,10.58,0.086,af3,nomsa_notemplate
2lsi,43,1,0.639151,0.57,24.6888,0.07,24.689,10.951,0.086,af3,nomsa_notemplate
2lsi,43,2,0.59835,0.51,22.9285,0.075,22.929,10.879,0.086,af3,nomsa_notemplate
2lsi,43,3,0.608713,0.54,24.1157,0.071,24.116,11.2,0.086,af3,nomsa_notemplate
2lsi,43,4,0.639206,0.57,23.682,0.072,23.682,11.239,0.086,af3,nomsa_notemplate
2lsi,44,0,0.5628730000000001,0.42,24.1841,0.071,24.184,11.152,0.086,af3,nomsa_notemplate
2lsi,44,1,0.538662,0.41,24.3699,0.061,24.37,11.194,0.057,af3,nomsa_notemplate
2lsi,44,2,0.5454180000000001,0.38,24.05,0.071,24.05,11.379,0.086,af3,nomsa_notemplate
2lsi,44,3,0.557677,0.41,25.7542,0.067,25.754,11.485,0.086,af3,nomsa_notemplate
2lsi,44,4,0.585001,0.48,23.4913,0.074,23.491,10.689,0.086,af3,nomsa_notemplate
2m0v,42,0,0.538373,0.02,63.0459,0.008,63.046,21.575,0.0,af3,nomsa_notemplate
2m0v,42,1,0.5418930000000001,0.02,82.0929,0.005,82.093,24.222,0.0,af3,nomsa_notemplate
2m0v,42,2,0.543582,0.02,69.3599,0.007,69.36,21.173,0.0,af3,nomsa_notemplate
2m0v,42,3,0.544539,0.02,54.9984,0.01,54.998,18.873,0.0,af3,nomsa_notemplate
2m0v,42,4,0.538173,0.02,65.2995,0.007,65.3,20.849,0.0,af3,nomsa_notemplate
2m0v,43,0,0.552636,0.02,92.9115,0.004,92.912,26.819,0.0,af3,nomsa_notemplate
2m0v,43,1,0.5217430000000001,0.02,51.2547,0.011,51.255,19.416,0.0,af3,nomsa_notemplate
2m0v,43,2,0.557705,0.02,54.2801,0.01,54.28,19.705,0.0,af3,nomsa_notemplate
2m0v,43,3,0.542443,0.02,72.1298,0.006,72.13,22.61,0.0,af3,nomsa_notemplate
2m0v,43,4,0.549418,0.02,50.0198,0.012,50.02,18.625,0.0,af3,nomsa_notemplate
2m0v,44,0,0.5429569999999999,0.02,67.7093,0.007,67.709,20.224,0.0,af3,nomsa_notemplate
2m0v,44,1,0.530925,0.02,68.7611,0.007,68.761,21.884,0.0,af3,nomsa_notemplate
2m0v,44,2,0.541818,0.02,45.8146,0.014,45.815,17.2,0.0,af3,nomsa_notemplate
2m0v,44,3,0.536182,0.02,45.3078,0.014,45.308,17.837,0.0,af3,nomsa_notemplate
2m0v,44,4,0.535748,0.02,72.7941,0.006,72.794,21.842,0.0,af3,nomsa_notemplate
2nnu,42,0,0.335193,0.22,19.8607,0.11,19.861,16.146,0.167,af3,nomsa_notemplate
2nnu,42,1,0.308449,0.11,29.2274,0.077,29.227,12.051,0.139,af3,nomsa_notemplate
2nnu,42,2,0.30505099999999996,0.1,13.3338,0.12,13.334,11.941,0.056,af3,nomsa_notemplate
2nnu,42,3,0.30535599999999996,0.1,30.1306,0.067,30.131,12.122,0.111,af3,nomsa_notemplate
2nnu,42,4,0.33381500000000003,0.2,14.4835,0.117,14.484,13.105,0.083,af3,nomsa_notemplate
2nnu,43,0,0.302928,0.09,42.1739,0.026,42.174,13.72,0.028,af3,nomsa_notemplate
2nnu,43,1,0.314631,0.11,30.0645,0.029,30.065,13.005,0.0,af3,nomsa_notemplate
2nnu,43,2,0.321924,0.12,28.3535,0.069,28.354,12.93,0.111,af3,nomsa_notemplate
2nnu,43,3,0.299129,0.08,27.209,0.035,27.209,11.681,0.0,af3,nomsa_notemplate
2nnu,43,4,0.306975,0.1,17.1094,0.081,17.109,11.089,0.028,af3,nomsa_notemplate
2nnu,44,0,0.302047,0.11,31.2586,0.027,31.259,14.187,0.0,af3,nomsa_notemplate
2nnu,44,1,0.316283,0.13,13.0087,0.125,13.009,10.623,0.056,af3,nomsa_notemplate
2nnu,44,2,0.317316,0.17,27.8873,0.06,27.887,14.3,0.083,af3,nomsa_notemplate
2nnu,44,3,0.326939,0.19,23.6862,0.061,23.686,12.349,0.056,af3,nomsa_notemplate
2nnu,44,4,0.313374,0.1,46.7328,0.013,46.733,16.847,0.0,af3,nomsa_notemplate
2o9v,42,0,0.958827,0.88,0.8973,0.961,0.897,0.401,0.96,af3,nomsa_notemplate
2o9v,42,1,0.962216,0.88,0.6104,0.968,0.61,0.342,0.96,af3,nomsa_notemplate
2o9v,42,2,0.9591689999999999,0.88,0.4501,0.974,0.45,0.289,0.96,af3,nomsa_notemplate
2o9v,42,3,0.9608570000000001,0.89,0.709,0.963,0.709,0.391,0.96,af3,nomsa_notemplate
2o9v,42,4,0.959256,0.88,0.4511,0.972,0.451,0.31,0.96,af3,nomsa_notemplate
2o9v,43,0,0.96111,0.88,0.6744,0.966,0.674,0.366,0.96,af3,nomsa_notemplate
2o9v,43,1,0.9582689999999999,0.88,0.5966,0.97,0.597,0.321,0.96,af3,nomsa_notemplate
2o9v,43,2,0.9619,0.89,0.6452,0.972,0.645,0.304,0.96,af3,nomsa_notemplate
2o9v,43,3,0.95977,0.88,0.6041,0.97,0.604,0.33,0.96,af3,nomsa_notemplate
2o9v,43,4,0.9593240000000001,0.88,0.6888,0.967,0.689,0.354,0.96,af3,nomsa_notemplate
2o9v,44,0,0.9597140000000001,0.88,0.412,0.988,0.412,0.277,1.0,af3,nomsa_notemplate
2o9v,44,1,0.9598390000000001,0.88,0.5042,0.972,0.504,0.305,0.96,af3,nomsa_notemplate
2o9v,44,2,0.960879,0.89,0.4945,0.985,0.494,0.31,1.0,af3,nomsa_notemplate
2o9v,44,3,0.962027,0.89,0.4558,0.96,0.456,0.295,0.92,af3,nomsa_notemplate
2o9v,44,4,0.960163,0.88,0.6025,0.971,0.603,0.315,0.96,af3,nomsa_notemplate
2p1o,42,0,0.18976600000000002,0.21,16.2475,0.084,16.248,7.616,0.0,af3,nomsa_notemplate
2p1o,42,1,0.16896999999999998,0.17,25.4727,0.077,25.473,11.008,0.111,af3,nomsa_notemplate
2p1o,42,2,0.19728,0.21,19.9839,0.11,19.984,10.285,0.156,af3,nomsa_notemplate
2p1o,42,3,0.21383500000000003,0.25,15.8404,0.14,15.84,7.392,0.156,af3,nomsa_notemplate
2p1o,42,4,0.185283,0.21,17.4923,0.105,17.492,8.023,0.089,af3,nomsa_notemplate
2p1o,43,0,0.195056,0.21,17.4027,0.118,17.403,8.982,0.133,af3,nomsa_notemplate
2p1o,43,1,0.189009,0.23,9.9257,0.181,9.926,6.391,0.067,af3,nomsa_notemplate
2p1o,43,2,0.185461,0.21,14.9936,0.135,14.994,6.407,0.111,af3,nomsa_notemplate
2p1o,43,3,0.204452,0.24,7.5126,0.308,7.513,5.302,0.289,af3,nomsa_notemplate
2p1o,43,4,0.182862,0.21,12.3505,0.162,12.351,6.223,0.111,af3,nomsa_notemplate
2p1o,44,0,0.25056,0.39,11.1838,0.191,11.184,6.375,0.156,af3,nomsa_notemplate
2p1o,44,1,0.20194099999999998,0.24,9.0477,0.265,9.048,6.022,0.267,af3,nomsa_notemplate
2p1o,44,2,0.191859,0.21,16.8013,0.134,16.801,7.141,0.156,af3,nomsa_notemplate
2p1o,44,3,0.213693,0.29,12.8403,0.205,12.84,6.915,0.267,af3,nomsa_notemplate
2p1o,44,4,0.19237200000000002,0.21,17.989,0.124,17.989,8.132,0.156,af3,nomsa_notemplate
2qos,42,0,0.252453,0.11,16.025,0.101,16.025,15.414,0.075,af3,nomsa_notemplate
2qos,42,1,0.289145,0.12,20.6466,0.052,20.647,13.608,0.0,af3,nomsa_notemplate
2qos,42,2,0.241566,0.13,20.4866,0.059,20.487,14.113,0.019,af3,nomsa_notemplate
2qos,42,3,0.310094,0.18,17.298,0.074,17.298,15.033,0.019,af3,nomsa_notemplate
2qos,42,4,0.321733,0.22,15.0455,0.092,15.046,12.704,0.019,af3,nomsa_notemplate
2qos,43,0,0.272571,0.11,22.1363,0.066,22.136,13.184,0.057,af3,nomsa_notemplate
2qos,43,1,0.316892,0.2,16.3956,0.087,16.396,13.156,0.038,af3,nomsa_notemplate
2qos,43,2,0.292122,0.12,16.72,0.073,16.72,13.272,0.0,af3,nomsa_notemplate
2qos,43,3,0.263685,0.07,23.8191,0.041,23.819,14.349,0.0,af3,nomsa_notemplate
2qos,43,4,0.315081,0.19,14.9093,0.086,14.909,12.726,0.0,af3,nomsa_notemplate
2qos,44,0,0.28103100000000003,0.12,15.8963,0.117,15.896,11.726,0.113,af3,nomsa_notemplate
2qos,44,1,0.283063,0.1,19.3489,0.058,19.349,13.783,0.0,af3,nomsa_notemplate
2qos,44,2,0.301043,0.15,18.9278,0.06,18.928,13.763,0.0,af3,nomsa_notemplate
2qos,44,3,0.27655799999999997,0.28,19.1987,0.079,19.199,12.016,0.057,af3,nomsa_notemplate
2qos,44,4,0.286292,0.1,22.743,0.045,22.743,13.87,0.0,af3,nomsa_notemplate
2r7g,42,0,0.22771999999999998,0.09,28.1,0.032,28.1,13.239,0.0,af3,nomsa_notemplate
2r7g,42,1,0.213081,0.07,31.9069,0.025,31.907,16.539,0.0,af3,nomsa_notemplate
2r7g,42,2,0.219262,0.08,41.2769,0.017,41.277,15.229,0.0,af3,nomsa_notemplate
2r7g,42,3,0.223125,0.08,20.1225,0.056,20.123,11.685,0.0,af3,nomsa_notemplate
2r7g,42,4,0.225559,0.08,34.9968,0.021,34.997,17.297,0.0,af3,nomsa_notemplate
2r7g,43,0,0.23127199999999998,0.06,55.6408,0.009,55.641,20.192,0.0,af3,nomsa_notemplate
2r7g,43,1,0.229111,0.09,31.5365,0.026,31.537,15.001,0.0,af3,nomsa_notemplate
2r7g,43,2,0.207122,0.07,33.4369,0.024,33.437,14.824,0.0,af3,nomsa_notemplate
2r7g,43,3,0.229672,0.1,35.3206,0.022,35.321,14.708,0.0,af3,nomsa_notemplate
2r7g,43,4,0.20778,0.07,42.4526,0.016,42.453,16.644,0.0,af3,nomsa_notemplate
2r7g,44,0,0.220521,0.08,40.0643,0.017,40.064,15.748,0.0,af3,nomsa_notemplate
2r7g,44,1,0.22855499999999998,0.1,26.0892,0.036,26.089,13.851,0.0,af3,nomsa_notemplate
2r7g,44,2,0.21371500000000002,0.07,28.8349,0.031,28.835,13.165,0.0,af3,nomsa_notemplate
2r7g,44,3,0.21618400000000002,0.09,17.9063,0.065,17.906,14.003,0.0,af3,nomsa_notemplate
2r7g,44,4,0.23027899999999998,0.09,21.5587,0.05,21.559,12.259,0.0,af3,nomsa_notemplate
2rol,42,0,0.631158,0.44,3.7884,0.519,3.788,2.575,0.469,af3,nomsa_notemplate
2rol,42,1,0.66706,0.45,4.1122,0.547,4.112,2.473,0.562,af3,nomsa_notemplate
2rol,42,2,0.724944,0.56,2.9364,0.641,2.936,2.239,0.719,af3,nomsa_notemplate
2rol,42,3,0.6552020000000001,0.47,2.257,0.681,2.257,2.0,0.75,af3,nomsa_notemplate
2rol,42,4,0.74047,0.61,1.9941,0.692,1.994,1.92,0.75,af3,nomsa_notemplate
2rol,43,0,0.736526,0.57,7.5753,0.401,7.575,3.64,0.5,af3,nomsa_notemplate
2rol,43,1,0.6701860000000001,0.51,3.3361,0.604,3.336,2.178,0.625,af3,nomsa_notemplate
2rol,43,2,0.65567,0.44,4.1868,0.556,4.187,2.678,0.625,af3,nomsa_notemplate
2rol,43,3,0.7472150000000001,0.61,4.9962,0.515,4.996,2.468,0.531,af3,nomsa_notemplate
2rol,43,4,0.69756,0.51,4.4434,0.582,4.443,2.649,0.719,af3,nomsa_notemplate
2rol,44,0,0.718986,0.53,6.1838,0.47,6.184,3.048,0.562,af3,nomsa_notemplate
2rol,44,1,0.687115,0.54,4.5556,0.528,4.556,2.891,0.594,af3,nomsa_notemplate
2rol,44,2,0.649469,0.45,5.7947,0.424,5.795,3.155,0.406,af3,nomsa_notemplate
2rol,44,3,0.688335,0.5,2.719,0.64,2.719,2.167,0.688,af3,nomsa_notemplate
2rol,44,4,0.704654,0.55,3.9388,0.565,3.939,2.624,0.625,af3,nomsa_notemplate
2v8c,42,0,0.45626399999999995,0.26,19.7376,0.065,19.738,7.423,0.0,af3,nomsa_notemplate
2v8c,42,1,0.44804,0.3,19.7898,0.087,19.79,10.652,0.086,af3,nomsa_notemplate
2v8c,42,2,0.44691600000000004,0.29,18.4936,0.08,18.494,7.736,0.029,af3,nomsa_notemplate
2v8c,42,3,0.424002,0.21,21.2471,0.056,21.247,8.548,0.0,af3,nomsa_notemplate
2v8c,42,4,0.431443,0.2,11.929,0.142,11.929,5.91,0.029,af3,nomsa_notemplate
2v8c,43,0,0.44800199999999996,0.22,17.4453,0.087,17.445,7.37,0.029,af3,nomsa_notemplate
2v8c,43,1,0.428936,0.19,15.3752,0.094,15.375,6.75,0.0,af3,nomsa_notemplate
2v8c,43,2,0.427127,0.25,20.3792,0.066,20.379,9.967,0.029,af3,nomsa_notemplate
2v8c,43,3,0.4582,0.28,14.2296,0.129,14.23,7.373,0.086,af3,nomsa_notemplate
2v8c,43,4,0.477507,0.35,28.4578,0.044,28.458,9.963,0.029,af3,nomsa_notemplate
2v8c,44,0,0.470994,0.34,18.7408,0.063,18.741,10.874,0.0,af3,nomsa_notemplate
2v8c,44,1,0.45354700000000003,0.23,12.7489,0.131,12.749,6.121,0.029,af3,nomsa_notemplate
2v8c,44,2,0.420317,0.22,12.771,0.162,12.771,5.691,0.114,af3,nomsa_notemplate
2v8c,44,3,0.463965,0.25,14.2911,0.134,14.291,6.193,0.086,af3,nomsa_notemplate
2v8c,44,4,0.435636,0.23,19.8751,0.063,19.875,7.835,0.0,af3,nomsa_notemplate
2vzg,42,0,0.436712,0.17,24.0083,0.041,24.008,13.491,0.0,af3,nomsa_notemplate
2vzg,42,1,0.47856499999999996,0.27,3.73,0.425,3.73,5.131,0.357,af3,nomsa_notemplate
2vzg,42,2,0.433392,0.14,24.3167,0.163,24.317,10.016,0.357,af3,nomsa_notemplate
2vzg,42,3,0.435068,0.17,24.8241,0.039,24.824,13.01,0.0,af3,nomsa_notemplate
2vzg,42,4,0.447125,0.17,14.2283,0.118,14.228,10.887,0.071,af3,nomsa_notemplate
2vzg,43,0,0.428134,0.19,24.5572,0.075,24.557,14.101,0.107,af3,nomsa_notemplate
2vzg,43,1,0.413238,0.15,26.3928,0.059,26.393,14.446,0.071,af3,nomsa_notemplate
2vzg,43,2,0.44248800000000005,0.18,14.8407,0.092,14.841,8.728,0.0,af3,nomsa_notemplate
2vzg,43,3,0.415908,0.13,14.1084,0.12,14.108,10.039,0.071,af3,nomsa_notemplate
2vzg,43,4,0.451976,0.16,17.0182,0.083,17.018,12.948,0.036,af3,nomsa_notemplate
2vzg,44,0,0.412922,0.12,24.0847,0.041,24.085,13.146,0.0,af3,nomsa_notemplate
2vzg,44,1,0.428923,0.17,26.7186,0.037,26.719,11.154,0.0,af3,nomsa_notemplate
2vzg,44,2,0.417604,0.14,26.2162,0.073,26.216,11.839,0.107,af3,nomsa_notemplate
2vzg,44,3,0.424711,0.15,33.6501,0.059,33.65,14.859,0.107,af3,nomsa_notemplate
2vzg,44,4,0.409833,0.16,15.9887,0.129,15.989,9.916,0.143,af3,nomsa_notemplate
2xcb,42,0,0.882855,0.94,0.9477,0.939,0.948,0.368,0.886,af3,nomsa_notemplate
2xcb,42,1,0.881464,0.94,0.9923,0.936,0.992,0.394,0.886,af3,nomsa_notemplate
2xcb,42,2,0.882246,0.94,0.9548,0.946,0.955,0.387,0.914,af3,nomsa_notemplate
2xcb,42,3,0.886016,0.94,1.0105,0.941,1.01,0.435,0.914,af3,nomsa_notemplate
2xcb,42,4,0.8889579999999999,0.95,0.9732,0.944,0.973,0.412,0.914,af3,nomsa_notemplate
2xcb,43,0,0.884724,0.94,0.9495,0.944,0.95,0.41,0.914,af3,nomsa_notemplate
2xcb,43,1,0.879015,0.93,0.9813,0.927,0.981,0.385,0.857,af3,nomsa_notemplate
2xcb,43,2,0.8794540000000001,0.94,0.9724,0.937,0.972,0.383,0.886,af3,nomsa_notemplate
2xcb,43,3,0.8748999999999999,0.93,0.9459,0.948,0.946,0.377,0.914,af3,nomsa_notemplate
2xcb,43,4,0.877269,0.94,0.9712,0.947,0.971,0.381,0.914,af3,nomsa_notemplate
2xcb,44,0,0.8768210000000001,0.93,0.8765,0.951,0.876,0.35,0.914,af3,nomsa_notemplate
2xcb,44,1,0.877751,0.94,1.0179,0.933,1.018,0.42,0.886,af3,nomsa_notemplate
2xcb,44,2,0.874885,0.93,0.9733,0.938,0.973,0.376,0.886,af3,nomsa_notemplate
2xcb,44,3,0.8784430000000001,0.94,0.9934,0.941,0.993,0.435,0.914,af3,nomsa_notemplate
2xcb,44,4,0.8770990000000001,0.93,0.9828,0.937,0.983,0.386,0.886,af3,nomsa_notemplate
2xpn,42,0,0.334307,0.19,27.1337,0.062,27.134,14.211,0.085,af3,nomsa_notemplate
2xpn,42,1,0.289774,0.15,25.6733,0.051,25.673,14.186,0.043,af3,nomsa_notemplate
2xpn,42,2,0.34111199999999997,0.26,16.9905,0.084,16.991,15.885,0.043,af3,nomsa_notemplate
2xpn,42,3,0.32561599999999996,0.2,18.2016,0.087,18.202,11.111,0.064,af3,nomsa_notemplate
2xpn,42,4,0.301606,0.16,19.9386,0.069,19.939,14.556,0.043,af3,nomsa_notemplate
2xpn,43,0,0.33590400000000004,0.2,25.4729,0.058,25.473,14.456,0.064,af3,nomsa_notemplate
2xpn,43,1,0.333046,0.19,24.222,0.062,24.222,12.881,0.064,af3,nomsa_notemplate
2xpn,43,2,0.368055,0.24,23.7458,0.069,23.746,16.753,0.085,af3,nomsa_notemplate
2xpn,43,3,0.338932,0.19,20.4955,0.073,20.495,15.437,0.064,af3,nomsa_notemplate
2xpn,43,4,0.299211,0.16,24.1378,0.055,24.138,13.827,0.043,af3,nomsa_notemplate
2xpn,44,0,0.28689,0.14,23.7288,0.055,23.729,16.998,0.043,af3,nomsa_notemplate
2xpn,44,1,0.291759,0.15,21.3743,0.071,21.374,13.786,0.064,af3,nomsa_notemplate
2xpn,44,2,0.291889,0.16,19.979,0.083,19.979,14.771,0.085,af3,nomsa_notemplate
2xpn,44,3,0.36062,0.26,17.6274,0.08,17.627,16.889,0.043,af3,nomsa_notemplate
2xpn,44,4,0.34841900000000003,0.21,20.5905,0.088,20.591,13.882,0.106,af3,nomsa_notemplate
2xrw,42,0,0.17066099999999998,0.06,20.0745,0.054,20.075,15.02,0.0,af3,nomsa_notemplate
2xrw,42,1,0.171915,0.09,23.2069,0.044,23.207,13.358,0.0,af3,nomsa_notemplate
2xrw,42,2,0.170426,0.1,43.5265,0.015,43.527,15.272,0.0,af3,nomsa_notemplate
2xrw,42,3,0.17661100000000002,0.09,32.5483,0.032,32.548,16.278,0.025,af3,nomsa_notemplate
2xrw,42,4,0.169344,0.08,41.1841,0.034,41.184,14.082,0.05,af3,nomsa_notemplate
2xrw,43,0,0.179341,0.1,41.5474,0.016,41.547,16.645,0.0,af3,nomsa_notemplate
2xrw,43,1,0.166985,0.08,45.2129,0.014,45.213,17.525,0.0,af3,nomsa_notemplate
2xrw,43,2,0.164425,0.07,51.0633,0.011,51.063,17.568,0.0,af3,nomsa_notemplate
2xrw,43,3,0.176521,0.09,29.4922,0.028,29.492,16.906,0.0,af3,nomsa_notemplate
2xrw,43,4,0.173951,0.08,25.2789,0.038,25.279,13.485,0.0,af3,nomsa_notemplate
2xrw,44,0,0.18307099999999998,0.09,29.1075,0.029,29.108,15.426,0.0,af3,nomsa_notemplate
2xrw,44,1,0.175132,0.09,50.3372,0.011,50.337,18.83,0.0,af3,nomsa_notemplate
2xrw,44,2,0.162486,0.08,27.4567,0.034,27.457,12.392,0.0,af3,nomsa_notemplate
2xrw,44,3,0.16566199999999998,0.09,15.7939,0.08,15.794,11.896,0.0,af3,nomsa_notemplate
2xrw,44,4,0.163341,0.08,24.4732,0.048,24.473,13.99,0.025,af3,nomsa_notemplate
2ymt,42,0,0.939389,0.94,0.6206,0.972,0.621,0.333,0.968,af3,nomsa_notemplate
2ymt,42,1,0.9398050000000001,0.94,0.6751,0.972,0.675,0.332,0.968,af3,nomsa_notemplate
2ymt,42,2,0.938964,0.94,0.613,0.972,0.613,0.336,0.968,af3,nomsa_notemplate
2ymt,42,3,0.939795,0.94,0.5728,0.961,0.573,0.342,0.935,af3,nomsa_notemplate
2ymt,42,4,0.937666,0.94,0.5985,0.959,0.598,0.354,0.935,af3,nomsa_notemplate
2ymt,43,0,0.9392520000000001,0.94,0.6249,0.981,0.625,0.348,1.0,af3,nomsa_notemplate
2ymt,43,1,0.9373619999999999,0.94,0.5362,0.97,0.536,0.354,0.968,af3,nomsa_notemplate
2ymt,43,2,0.937311,0.94,0.5361,0.968,0.536,0.377,0.968,af3,nomsa_notemplate
2ymt,43,3,0.938402,0.94,0.5653,0.959,0.565,0.356,0.935,af3,nomsa_notemplate
2ymt,43,4,0.93765,0.94,0.5259,0.972,0.526,0.34,0.968,af3,nomsa_notemplate
2ymt,44,0,0.934261,0.94,1.5459,0.894,1.546,0.953,1.0,af3,nomsa_notemplate
2ymt,44,1,0.931925,0.94,1.5995,0.881,1.599,0.961,0.968,af3,nomsa_notemplate
2ymt,44,2,0.92867,0.93,1.9045,0.873,1.904,1.059,1.0,af3,nomsa_notemplate
2ymt,44,3,0.928325,0.93,1.3959,0.908,1.396,0.864,1.0,af3,nomsa_notemplate
2ymt,44,4,0.926845,0.93,1.4494,0.895,1.449,0.875,0.968,af3,nomsa_notemplate
3agy,42,0,0.705448,0.67,16.1643,0.311,16.164,12.033,0.7,af3,nomsa_notemplate
3agy,42,1,0.672813,0.57,18.7325,0.284,18.733,12.153,0.667,af3,nomsa_notemplate
3agy,42,2,0.69505,0.63,21.6295,0.294,21.63,12.679,0.733,af3,nomsa_notemplate
3agy,42,3,0.679004,0.61,17.9925,0.299,17.993,11.966,0.7,af3,nomsa_notemplate
3agy,42,4,0.665065,0.58,18.1215,0.298,18.121,12.534,0.7,af3,nomsa_notemplate
3agy,43,0,0.656021,0.57,20.523,0.276,20.523,12.067,0.667,af3,nomsa_notemplate
3agy,43,1,0.700725,0.68,26.2366,0.259,26.237,11.474,0.667,af3,nomsa_notemplate
3agy,43,2,0.6968869999999999,0.65,23.6236,0.276,23.624,13.128,0.7,af3,nomsa_notemplate
3agy,43,3,0.6946460000000001,0.65,16.5768,0.307,16.577,12.492,0.7,af3,nomsa_notemplate
3agy,43,4,0.665646,0.61,18.5886,0.307,18.589,12.376,0.733,af3,nomsa_notemplate
3agy,44,0,0.687375,0.61,17.9561,0.311,17.956,11.601,0.733,af3,nomsa_notemplate
3agy,44,1,0.666044,0.57,18.9793,0.294,18.979,12.768,0.7,af3,nomsa_notemplate
3agy,44,2,0.682073,0.6,19.8018,0.29,19.802,12.265,0.7,af3,nomsa_notemplate
3agy,44,3,0.692094,0.62,16.9949,0.305,16.995,11.658,0.7,af3,nomsa_notemplate
3agy,44,4,0.673852,0.59,17.0723,0.305,17.072,12.172,0.7,af3,nomsa_notemplate
3bej,42,0,0.288625,0.12,29.0601,0.057,29.06,13.162,0.079,af3,nomsa_notemplate
3bej,42,1,0.30357500000000004,0.14,34.2428,0.023,34.243,14.308,0.0,af3,nomsa_notemplate
3bej,42,2,0.278047,0.1,19.3925,0.115,19.393,8.974,0.158,af3,nomsa_notemplate
3bej,42,3,0.274893,0.08,32.881,0.025,32.881,13.528,0.0,af3,nomsa_notemplate
3bej,42,4,0.295811,0.12,34.5962,0.022,34.596,14.748,0.0,af3,nomsa_notemplate
3bej,43,0,0.301439,0.12,37.7655,0.02,37.765,14.418,0.0,af3,nomsa_notemplate
3bej,43,1,0.27632999999999996,0.09,30.7126,0.028,30.713,13.717,0.0,af3,nomsa_notemplate
3bej,43,2,0.287447,0.12,29.0408,0.057,29.041,12.815,0.079,af3,nomsa_notemplate
3bej,43,3,0.292239,0.13,30.0823,0.055,30.082,12.993,0.079,af3,nomsa_notemplate
3bej,43,4,0.29626,0.12,18.557,0.063,18.557,12.287,0.0,af3,nomsa_notemplate
3bej,44,0,0.271222,0.08,33.5713,0.024,33.571,13.591,0.0,af3,nomsa_notemplate
3bej,44,1,0.270434,0.08,34.5916,0.023,34.592,14.124,0.0,af3,nomsa_notemplate
3bej,44,2,0.28411200000000003,0.11,10.6583,0.154,10.658,10.596,0.053,af3,nomsa_notemplate
3bej,44,3,0.274034,0.09,29.8413,0.029,29.841,13.413,0.0,af3,nomsa_notemplate
3bej,44,4,0.299981,0.14,34.5556,0.023,34.556,14.325,0.0,af3,nomsa_notemplate
3bqo,42,0,0.22005299999999997,0.11,23.3203,0.065,23.32,12.363,0.062,af3,nomsa_notemplate
3bqo,42,1,0.251765,0.17,30.74,0.038,30.74,13.459,0.031,af3,nomsa_notemplate
3bqo,42,2,0.234602,0.13,28.107,0.038,28.107,12.631,0.016,af3,nomsa_notemplate
3bqo,42,3,0.269298,0.21,29.1851,0.046,29.185,12.927,0.047,af3,nomsa_notemplate
3bqo,42,4,0.229977,0.11,28.426,0.037,28.426,12.399,0.016,af3,nomsa_notemplate
3bqo,43,0,0.233384,0.13,26.3277,0.042,26.328,11.762,0.016,af3,nomsa_notemplate
3bqo,43,1,0.231481,0.12,29.2947,0.04,29.295,13.845,0.031,af3,nomsa_notemplate
3bqo,43,2,0.26006,0.16,26.9396,0.06,26.94,13.372,0.078,af3,nomsa_notemplate
3bqo,43,3,0.203981,0.08,26.6303,0.034,26.63,14.865,0.0,af3,nomsa_notemplate
3bqo,43,4,0.22542500000000001,0.12,24.9225,0.045,24.923,12.473,0.016,af3,nomsa_notemplate
3bqo,44,0,0.21627300000000002,0.11,29.8263,0.035,29.826,12.548,0.016,af3,nomsa_notemplate
3bqo,44,1,0.22985399999999998,0.11,33.2956,0.024,33.296,13.591,0.0,af3,nomsa_notemplate
3bqo,44,2,0.263193,0.19,20.7836,0.089,20.784,8.739,0.094,af3,nomsa_notemplate
3bqo,44,3,0.26776900000000003,0.17,25.2246,0.066,25.225,11.467,0.078,af3,nomsa_notemplate
3bqo,44,4,0.226856,0.11,33.151,0.04,33.151,13.48,0.047,af3,nomsa_notemplate
3emh,42,0,0.6723690000000001,0.79,2.0738,0.885,2.074,0.556,0.833,af3,nomsa_notemplate
3emh,42,1,0.739302,0.86,0.589,0.957,0.589,0.232,0.9,af3,nomsa_notemplate
3emh,42,2,0.7277290000000001,0.85,0.5199,0.947,0.52,0.231,0.867,af3,nomsa_notemplate
3emh,42,3,0.666248,0.78,1.9242,0.891,1.924,0.529,0.833,af3,nomsa_notemplate
3emh,42,4,0.733012,0.85,0.5425,0.981,0.542,0.205,0.967,af3,nomsa_notemplate
3emh,43,0,0.736473,0.86,0.4803,0.971,0.48,0.192,0.933,af3,nomsa_notemplate
3emh,43,1,0.720669,0.84,1.7473,0.923,1.747,0.471,0.9,af3,nomsa_notemplate
3emh,43,2,0.712835,0.82,0.9375,0.963,0.938,0.28,0.933,af3,nomsa_notemplate
3emh,43,3,0.731448,0.87,0.8742,0.975,0.874,0.263,0.967,af3,nomsa_notemplate
3emh,43,4,0.6920499999999999,0.81,1.3383,0.927,1.338,0.38,0.867,af3,nomsa_notemplate
3emh,44,0,0.701735,0.8,0.656,0.979,0.656,0.237,0.967,af3,nomsa_notemplate
3emh,44,1,0.69494,0.8,0.9585,0.95,0.958,0.294,0.9,af3,nomsa_notemplate
3emh,44,2,0.707696,0.82,0.3608,0.949,0.361,0.202,0.867,af3,nomsa_notemplate
3emh,44,3,0.72729,0.86,0.7631,0.965,0.763,0.267,0.933,af3,nomsa_notemplate
3emh,44,4,0.695698,0.81,0.8165,0.964,0.816,0.275,0.933,af3,nomsa_notemplate
3emw,42,0,0.343391,0.37,14.0638,0.115,14.064,11.273,0.061,af3,nomsa_notemplate
3emw,42,1,0.258226,0.18,13.9757,0.106,13.976,10.846,0.03,af3,nomsa_notemplate
3emw,42,2,0.366046,0.4,13.6775,0.098,13.677,11.574,0.0,af3,nomsa_notemplate
3emw,42,3,0.353951,0.39,22.6564,0.075,22.656,13.658,0.091,af3,nomsa_notemplate
3emw,42,4,0.282602,0.24,34.3409,0.023,34.341,13.743,0.0,af3,nomsa_notemplate
3emw,43,0,0.356386,0.31,19.6264,0.078,19.626,11.68,0.061,af3,nomsa_notemplate
3emw,43,1,0.39205100000000004,0.49,17.9033,0.067,17.903,11.743,0.0,af3,nomsa_notemplate
3emw,43,2,0.35613500000000003,0.31,19.2693,0.07,19.269,11.832,0.03,af3,nomsa_notemplate
3emw,43,3,0.428658,0.52,21.8714,0.059,21.871,12.161,0.03,af3,nomsa_notemplate
3emw,43,4,0.325023,0.26,13.6657,0.099,13.666,11.452,0.0,af3,nomsa_notemplate
3emw,44,0,0.405893,0.53,23.3364,0.054,23.336,12.606,0.03,af3,nomsa_notemplate
3emw,44,1,0.402082,0.53,26.564,0.035,26.564,13.112,0.0,af3,nomsa_notemplate
3emw,44,2,0.42153199999999996,0.59,26.3668,0.036,26.367,13.407,0.0,af3,nomsa_notemplate
3emw,44,3,0.268133,0.17,30.7563,0.028,30.756,13.844,0.0,af3,nomsa_notemplate
3emw,44,4,0.369242,0.44,25.4698,0.038,25.47,12.514,0.0,af3,nomsa_notemplate
3et3,42,0,0.311981,0.08,38.9919,0.046,38.992,17.291,0.085,af3,nomsa_notemplate
3et3,42,1,0.31461500000000003,0.08,43.4407,0.014,43.441,21.315,0.0,af3,nomsa_notemplate
3et3,42,2,0.31670200000000004,0.1,31.1699,0.025,31.17,18.435,0.0,af3,nomsa_notemplate
3et3,42,3,0.308547,0.1,12.4813,0.109,12.481,14.739,0.0,af3,nomsa_notemplate
3et3,42,4,0.315326,0.1,29.6007,0.055,29.601,21.359,0.085,af3,nomsa_notemplate
3et3,43,0,0.296295,0.06,23.5577,0.041,23.558,15.89,0.0,af3,nomsa_notemplate
3et3,43,1,0.293832,0.06,32.8493,0.023,32.849,19.885,0.0,af3,nomsa_notemplate
3et3,43,2,0.301925,0.08,19.0748,0.058,19.075,16.704,0.0,af3,nomsa_notemplate
3et3,43,3,0.323227,0.09,43.3425,0.035,43.342,19.953,0.064,af3,nomsa_notemplate
3et3,43,4,0.315548,0.06,45.8753,0.013,45.875,20.462,0.0,af3,nomsa_notemplate
3et3,44,0,0.314925,0.08,31.8725,0.024,31.873,18.607,0.0,af3,nomsa_notemplate
3et3,44,1,0.306087,0.07,40.7644,0.016,40.764,17.366,0.0,af3,nomsa_notemplate
3et3,44,2,0.314037,0.09,21.8018,0.045,21.802,23.837,0.0,af3,nomsa_notemplate
3et3,44,3,0.307987,0.08,24.0671,0.04,24.067,15.449,0.0,af3,nomsa_notemplate
3et3,44,4,0.307563,0.08,43.6178,0.015,43.618,17.964,0.0,af3,nomsa_notemplate
3fp2,42,0,0.6015429999999999,0.83,23.8247,0.387,23.825,2.302,0.75,af3,nomsa_notemplate
3fp2,42,1,0.6019789999999999,0.83,24.1193,0.393,24.119,2.2,0.75,af3,nomsa_notemplate
3fp2,42,2,0.611443,0.82,29.9546,0.376,29.955,2.265,0.75,af3,nomsa_notemplate
3fp2,42,3,0.6088640000000001,0.82,30.7648,0.389,30.765,2.272,0.792,af3,nomsa_notemplate
3fp2,42,4,0.599614,0.83,29.9715,0.373,29.972,2.328,0.75,af3,nomsa_notemplate
3fp2,43,0,0.598605,0.85,29.7173,0.374,29.717,2.319,0.75,af3,nomsa_notemplate
3fp2,43,1,0.5897549999999999,0.84,31.4391,0.38,31.439,2.4,0.792,af3,nomsa_notemplate
3fp2,43,2,0.608136,0.84,31.4773,0.384,31.477,2.335,0.792,af3,nomsa_notemplate
3fp2,43,3,0.5930449999999999,0.84,30.1562,0.389,30.156,2.287,0.792,af3,nomsa_notemplate
3fp2,43,4,0.6115189999999999,0.86,27.3403,0.394,27.34,2.279,0.792,af3,nomsa_notemplate
3fp2,44,0,0.606145,0.83,26.9059,0.375,26.906,2.375,0.75,af3,nomsa_notemplate
3fp2,44,1,0.35302100000000003,0.59,35.345,0.187,35.345,3.273,0.333,af3,nomsa_notemplate
3fp2,44,2,0.6171690000000001,0.84,19.551,0.41,19.551,2.413,0.792,af3,nomsa_notemplate
3fp2,44,3,0.617383,0.85,25.7068,0.384,25.707,2.275,0.75,af3,nomsa_notemplate
3fp2,44,4,0.610967,0.83,24.0526,0.403,24.053,2.252,0.792,af3,nomsa_notemplate
3g2s,42,0,0.29956099999999997,0.09,10.8058,0.16,10.806,6.966,0.054,af3,nomsa_notemplate
3g2s,42,1,0.30706700000000003,0.09,35.6146,0.022,35.615,12.801,0.0,af3,nomsa_notemplate
3g2s,42,2,0.36682699999999996,0.31,14.7329,0.089,14.733,11.181,0.0,af3,nomsa_notemplate
3g2s,42,3,0.289686,0.09,14.1885,0.123,14.189,9.335,0.081,af3,nomsa_notemplate
3g2s,42,4,0.358942,0.25,19.9155,0.076,19.916,10.226,0.054,af3,nomsa_notemplate
3g2s,43,0,0.287229,0.09,13.8699,0.113,13.87,7.406,0.027,af3,nomsa_notemplate
3g2s,43,1,0.326109,0.17,8.3006,0.266,8.301,7.11,0.243,af3,nomsa_notemplate
3g2s,43,2,0.300256,0.12,19.0898,0.062,19.09,10.347,0.0,af3,nomsa_notemplate
3g2s,43,3,0.36737299999999995,0.33,24.4599,0.095,24.46,12.679,0.162,af3,nomsa_notemplate
3g2s,43,4,0.324918,0.12,16.4494,0.151,16.449,6.328,0.189,af3,nomsa_notemplate
3g2s,44,0,0.32587000000000005,0.18,26.2454,0.038,26.245,11.151,0.0,af3,nomsa_notemplate
3g2s,44,1,0.310452,0.14,32.0632,0.03,32.063,9.811,0.0,af3,nomsa_notemplate
3g2s,44,2,0.32323999999999997,0.16,16.4172,0.127,16.417,7.815,0.135,af3,nomsa_notemplate
3g2s,44,3,0.321875,0.15,31.223,0.028,31.223,12.082,0.0,af3,nomsa_notemplate
3g2s,44,4,0.314677,0.13,29.8835,0.03,29.884,11.65,0.0,af3,nomsa_notemplate
3h1z,42,0,0.220134,0.1,43.3196,0.015,43.32,18.246,0.0,af3,nomsa_notemplate
3h1z,42,1,0.20675100000000002,0.06,36.237,0.021,36.237,14.468,0.0,af3,nomsa_notemplate
3h1z,42,2,0.230579,0.16,15.3343,0.093,15.334,18.296,0.038,af3,nomsa_notemplate
3h1z,42,3,0.227156,0.12,34.5007,0.029,34.501,14.597,0.019,af3,nomsa_notemplate
3h1z,42,4,0.21637399999999998,0.11,41.3228,0.016,41.323,16.498,0.0,af3,nomsa_notemplate
3h1z,43,0,0.232404,0.13,31.2806,0.028,31.281,12.397,0.0,af3,nomsa_notemplate
3h1z,43,1,0.20400300000000002,0.07,20.8116,0.056,20.812,18.171,0.019,af3,nomsa_notemplate
3h1z,43,2,0.226737,0.11,43.4262,0.015,43.426,15.486,0.0,af3,nomsa_notemplate
3h1z,43,3,0.22210000000000002,0.12,40.126,0.018,40.126,13.706,0.0,af3,nomsa_notemplate
3h1z,43,4,0.236699,0.14,37.0075,0.02,37.007,15.637,0.0,af3,nomsa_notemplate
3h1z,44,0,0.20779699999999998,0.07,46.0672,0.013,46.067,18.51,0.0,af3,nomsa_notemplate
3h1z,44,1,0.22068200000000002,0.1,34.4288,0.034,34.429,17.51,0.038,af3,nomsa_notemplate
3h1z,44,2,0.23805700000000002,0.18,39.7584,0.017,39.758,16.362,0.0,af3,nomsa_notemplate
3h1z,44,3,0.213674,0.09,43.3214,0.014,43.321,18.836,0.0,af3,nomsa_notemplate
3h1z,44,4,0.22656400000000002,0.12,34.0665,0.036,34.067,14.158,0.038,af3,nomsa_notemplate
3i5r,42,0,0.825828,0.72,1.1386,0.843,1.139,1.261,0.962,af3,nomsa_notemplate
3i5r,42,1,0.816013,0.7,0.6629,0.859,0.663,1.079,0.923,af3,nomsa_notemplate
3i5r,42,2,0.821379,0.72,0.9803,0.849,0.98,1.229,0.962,af3,nomsa_notemplate
3i5r,42,3,0.820855,0.72,0.9118,0.843,0.912,1.181,0.923,af3,nomsa_notemplate
3i5r,42,4,0.832244,0.74,1.0911,0.858,1.091,1.155,0.962,af3,nomsa_notemplate
3i5r,43,0,0.841879,0.76,0.9678,0.84,0.968,1.199,0.923,af3,nomsa_notemplate
3i5r,43,1,0.848828,0.77,1.1236,0.806,1.124,1.351,0.885,af3,nomsa_notemplate
3i5r,43,2,0.842683,0.75,0.883,0.818,0.883,1.276,0.885,af3,nomsa_notemplate
3i5r,43,3,0.8415630000000001,0.76,0.7584,0.863,0.758,1.043,0.923,af3,nomsa_notemplate
3i5r,43,4,0.852173,0.77,0.8134,0.864,0.813,1.126,0.962,af3,nomsa_notemplate
3i5r,44,0,0.387494,0.13,18.9921,0.138,18.992,11.606,0.231,af3,nomsa_notemplate
3i5r,44,1,0.41826500000000005,0.21,17.8098,0.121,17.81,9.953,0.154,af3,nomsa_notemplate
3i5r,44,2,0.389127,0.14,25.0199,0.039,25.02,12.526,0.0,af3,nomsa_notemplate
3i5r,44,3,0.413127,0.15,26.3361,0.062,26.336,11.816,0.077,af3,nomsa_notemplate
3i5r,44,4,0.44699399999999995,0.26,25.4404,0.078,25.44,11.414,0.115,af3,nomsa_notemplate
3obq,42,0,0.301674,0.12,30.729,0.028,30.729,13.741,0.0,af3,nomsa_notemplate
3obq,42,1,0.335147,0.19,28.379,0.042,28.379,12.281,0.028,af3,nomsa_notemplate
3obq,42,2,0.312097,0.15,34.0886,0.051,34.089,14.342,0.083,af3,nomsa_notemplate
3obq,42,3,0.307348,0.13,21.2617,0.061,21.262,11.031,0.028,af3,nomsa_notemplate
3obq,42,4,0.324353,0.16,26.8655,0.035,26.866,13.309,0.0,af3,nomsa_notemplate
3obq,43,0,0.317087,0.17,16.216,0.095,16.216,12.831,0.056,af3,nomsa_notemplate
3obq,43,1,0.319232,0.16,28.0968,0.032,28.097,13.94,0.0,af3,nomsa_notemplate
3obq,43,2,0.306102,0.12,35.2509,0.031,35.251,14.551,0.028,af3,nomsa_notemplate
3obq,43,3,0.33217399999999997,0.18,21.5318,0.049,21.532,13.614,0.0,af3,nomsa_notemplate
3obq,43,4,0.317295,0.15,29.1871,0.031,29.187,12.442,0.0,af3,nomsa_notemplate
3obq,44,0,0.325444,0.2,33.2816,0.024,33.282,13.655,0.0,af3,nomsa_notemplate
3obq,44,1,0.30044,0.13,26.9279,0.053,26.928,12.717,0.056,af3,nomsa_notemplate
3obq,44,2,0.297568,0.12,22.0539,0.048,22.054,12.887,0.0,af3,nomsa_notemplate
3obq,44,3,0.354681,0.21,18.6033,0.101,18.603,11.032,0.111,af3,nomsa_notemplate
3obq,44,4,0.294866,0.11,30.5952,0.047,30.595,12.076,0.056,af3,nomsa_notemplate
3p72,42,0,0.6213799999999999,0.7,9.551,0.209,9.551,7.349,0.146,af3,nomsa_notemplate
3p72,42,1,0.569178,0.6,9.688,0.204,9.688,8.267,0.146,af3,nomsa_notemplate
3p72,42,2,0.555771,0.6,7.1092,0.265,7.109,7.779,0.171,af3,nomsa_notemplate
3p72,42,3,0.515738,0.56,8.7398,0.236,8.74,6.45,0.171,af3,nomsa_notemplate
3p72,42,4,0.499075,0.5,9.151,0.213,9.151,8.421,0.146,af3,nomsa_notemplate
3p72,43,0,0.5779099999999999,0.57,7.548,0.261,7.548,6.297,0.171,af3,nomsa_notemplate
3p72,43,1,0.6005590000000001,0.6,7.6029,0.262,7.603,5.983,0.171,af3,nomsa_notemplate
3p72,43,2,0.538382,0.52,7.4445,0.258,7.445,7.629,0.171,af3,nomsa_notemplate
3p72,43,3,0.5691149999999999,0.58,8.0291,0.242,8.029,9.091,0.171,af3,nomsa_notemplate
3p72,43,4,0.616529,0.65,8.3881,0.234,8.388,9.215,0.171,af3,nomsa_notemplate
3p72,44,0,0.593834,0.62,9.0962,0.217,9.096,7.493,0.146,af3,nomsa_notemplate
3p72,44,1,0.534184,0.54,9.2287,0.214,9.229,5.817,0.122,af3,nomsa_notemplate
3p72,44,2,0.610492,0.67,9.8149,0.205,9.815,7.276,0.146,af3,nomsa_notemplate
3p72,44,3,0.615655,0.65,10.0036,0.207,10.004,8.202,0.171,af3,nomsa_notemplate
3p72,44,4,0.544276,0.56,9.4899,0.232,9.49,5.068,0.171,af3,nomsa_notemplate
3pe4,42,0,0.291193,0.5,31.3044,0.026,31.304,15.348,0.0,af3,nomsa_notemplate
3pe4,42,1,0.278953,0.49,32.1112,0.026,32.111,13.667,0.0,af3,nomsa_notemplate
3pe4,42,2,0.293521,0.51,28.7555,0.029,28.755,18.423,0.0,af3,nomsa_notemplate
3pe4,42,3,0.302279,0.52,27.7712,0.037,27.771,18.646,0.019,af3,nomsa_notemplate
3pe4,42,4,0.29272,0.51,32.6161,0.024,32.616,16.006,0.0,af3,nomsa_notemplate
3pe4,43,0,0.298969,0.5,30.864,0.025,30.864,20.505,0.0,af3,nomsa_notemplate
3pe4,43,1,0.30970600000000004,0.53,33.1906,0.023,33.191,18.698,0.0,af3,nomsa_notemplate
3pe4,43,2,0.30299499999999996,0.52,30.6554,0.026,30.655,20.423,0.0,af3,nomsa_notemplate
3pe4,43,3,0.19763000000000003,0.38,34.7672,0.035,34.767,14.534,0.038,af3,nomsa_notemplate
3pe4,43,4,0.299925,0.51,31.3261,0.025,31.326,16.938,0.0,af3,nomsa_notemplate
3pe4,44,0,0.300294,0.52,29.1499,0.03,29.15,14.144,0.0,af3,nomsa_notemplate
3pe4,44,1,0.29867699999999997,0.51,33.2058,0.023,33.206,16.239,0.0,af3,nomsa_notemplate
3pe4,44,2,0.30180599999999996,0.51,30.8142,0.027,30.814,15.136,0.0,af3,nomsa_notemplate
3pe4,44,3,0.301566,0.52,31.4468,0.027,31.447,13.853,0.0,af3,nomsa_notemplate
3pe4,44,4,0.293407,0.5,35.2158,0.02,35.216,20.655,0.0,af3,nomsa_notemplate
3plu,42,0,0.661948,0.24,24.7811,0.077,24.781,9.896,0.103,af3,nomsa_notemplate
3plu,42,1,0.671047,0.18,30.8853,0.029,30.885,11.769,0.0,af3,nomsa_notemplate
3plu,42,2,0.6618949999999999,0.2,26.7529,0.085,26.753,9.107,0.138,af3,nomsa_notemplate
3plu,42,3,0.6600109999999999,0.12,30.7475,0.064,30.748,11.736,0.103,af3,nomsa_notemplate
3plu,42,4,0.663389,0.15,27.3942,0.035,27.394,11.379,0.0,af3,nomsa_notemplate
3plu,43,0,0.621495,0.1,22.1099,0.056,22.11,7.396,0.0,af3,nomsa_notemplate
3plu,43,1,0.683717,0.2,28.7266,0.056,28.727,10.561,0.069,af3,nomsa_notemplate
3plu,43,2,0.62429,0.12,26.1204,0.039,26.12,10.132,0.0,af3,nomsa_notemplate
3plu,43,3,0.640099,0.16,27.929,0.035,27.929,10.503,0.0,af3,nomsa_notemplate
3plu,43,4,0.6496510000000001,0.13,24.1561,0.044,24.156,10.32,0.0,af3,nomsa_notemplate
3plu,44,0,0.68664,0.3,26.5083,0.071,26.508,11.483,0.103,af3,nomsa_notemplate
3plu,44,1,0.629503,0.11,29.6919,0.044,29.692,9.998,0.034,af3,nomsa_notemplate
3plu,44,2,0.632784,0.12,31.1549,0.127,31.155,7.831,0.276,af3,nomsa_notemplate
3plu,44,3,0.652124,0.17,16.3786,0.1,16.379,6.403,0.034,af3,nomsa_notemplate
3plu,44,4,0.709424,0.48,21.4817,0.086,21.482,10.672,0.103,af3,nomsa_notemplate
3r42,42,0,0.32898200000000005,0.13,18.9574,0.073,18.957,10.767,0.031,af3,nomsa_notemplate
3r42,42,1,0.337162,0.15,18.5999,0.084,18.6,11.212,0.062,af3,nomsa_notemplate
3r42,42,2,0.330357,0.15,20.3559,0.066,20.356,11.2,0.031,af3,nomsa_notemplate
3r42,42,3,0.33047699999999997,0.15,25.622,0.06,25.622,11.293,0.062,af3,nomsa_notemplate
3r42,42,4,0.32931399999999994,0.15,19.7522,0.059,19.752,10.316,0.0,af3,nomsa_notemplate
3r42,43,0,0.34722000000000003,0.2,30.0857,0.03,30.086,12.058,0.0,af3,nomsa_notemplate
3r42,43,1,0.312592,0.12,19.9199,0.077,19.92,11.816,0.062,af3,nomsa_notemplate
3r42,43,2,0.329794,0.16,18.8701,0.072,18.87,11.36,0.031,af3,nomsa_notemplate
3r42,43,3,0.335557,0.15,18.9502,0.072,18.95,11.295,0.031,af3,nomsa_notemplate
3r42,43,4,0.34258299999999997,0.16,17.1643,0.103,17.164,10.954,0.094,af3,nomsa_notemplate
3r42,44,0,0.32873199999999997,0.17,21.9934,0.049,21.993,11.54,0.0,af3,nomsa_notemplate
3r42,44,1,0.357648,0.23,16.5983,0.117,16.598,11.22,0.125,af3,nomsa_notemplate
3r42,44,2,0.35544600000000004,0.28,22.1301,0.046,22.13,14.376,0.0,af3,nomsa_notemplate
3r42,44,3,0.319338,0.16,18.7665,0.073,18.766,11.368,0.031,af3,nomsa_notemplate
3r42,44,4,0.338234,0.16,15.8067,0.08,15.807,12.305,0.0,af3,nomsa_notemplate
3s9c,42,0,0.21374700000000002,0.08,21.2693,0.05,21.269,14.355,0.0,af3,nomsa_notemplate
3s9c,42,1,0.208353,0.06,34.8751,0.021,34.875,17.157,0.0,af3,nomsa_notemplate
3s9c,42,2,0.24727,0.05,29.023,0.029,29.023,17.914,0.0,af3,nomsa_notemplate
3s9c,42,3,0.22057300000000002,0.05,35.3462,0.022,35.346,14.497,0.0,af3,nomsa_notemplate
3s9c,42,4,0.239403,0.05,25.0775,0.037,25.078,17.688,0.0,af3,nomsa_notemplate
3s9c,43,0,0.243456,0.04,57.4563,0.009,57.456,19.63,0.0,af3,nomsa_notemplate
3s9c,43,1,0.26417999999999997,0.04,38.1634,0.018,38.163,17.588,0.0,af3,nomsa_notemplate
3s9c,43,2,0.25979800000000003,0.04,48.5587,0.012,48.559,20.074,0.0,af3,nomsa_notemplate
3s9c,43,3,0.257206,0.04,39.6816,0.017,39.682,16.565,0.0,af3,nomsa_notemplate
3s9c,43,4,0.19880199999999998,0.07,28.062,0.04,28.062,13.414,0.022,af3,nomsa_notemplate
3s9c,44,0,0.270278,0.04,47.0047,0.012,47.005,21.278,0.0,af3,nomsa_notemplate
3s9c,44,1,0.272644,0.04,54.3028,0.01,54.303,19.641,0.0,af3,nomsa_notemplate
3s9c,44,2,0.264269,0.04,47.1602,0.013,47.16,17.776,0.0,af3,nomsa_notemplate
3s9c,44,3,0.22533899999999998,0.05,37.7516,0.02,37.752,14.238,0.0,af3,nomsa_notemplate
3s9c,44,4,0.199161,0.06,24.7282,0.038,24.728,17.096,0.0,af3,nomsa_notemplate
3shb,42,0,0.604707,0.66,10.1353,0.332,10.135,8.033,0.548,af3,nomsa_notemplate
3shb,42,1,0.537319,0.38,8.5872,0.338,8.587,7.72,0.484,af3,nomsa_notemplate
3shb,42,2,0.548883,0.43,8.5052,0.338,8.505,8.426,0.484,af3,nomsa_notemplate
3shb,42,3,0.5212559999999999,0.35,19.5271,0.244,19.527,9.794,0.548,af3,nomsa_notemplate
3shb,42,4,0.583256,0.59,6.5424,0.392,6.542,8.187,0.516,af3,nomsa_notemplate
3shb,43,0,0.494365,0.22,6.9104,0.372,6.91,8.737,0.484,af3,nomsa_notemplate
3shb,43,1,0.512848,0.33,20.0832,0.208,20.083,10.651,0.452,af3,nomsa_notemplate
3shb,43,2,0.456941,0.17,10.9148,0.203,10.915,7.6,0.194,af3,nomsa_notemplate
3shb,43,3,0.516139,0.36,16.5507,0.227,16.551,10.035,0.452,af3,nomsa_notemplate
3shb,43,4,0.544415,0.42,11.9342,0.282,11.934,9.369,0.484,af3,nomsa_notemplate
3shb,44,0,0.5643670000000001,0.57,7.7125,0.375,7.712,8.876,0.548,af3,nomsa_notemplate
3shb,44,1,0.563141,0.47,10.0358,0.323,10.036,7.773,0.516,af3,nomsa_notemplate
3shb,44,2,0.45667,0.15,22.6387,0.072,22.639,9.067,0.065,af3,nomsa_notemplate
3shb,44,3,0.5163369999999999,0.35,8.278,0.384,8.278,9.371,0.613,af3,nomsa_notemplate
3shb,44,4,0.510833,0.29,8.6353,0.391,8.635,7.736,0.645,af3,nomsa_notemplate
3tiw,42,0,0.42245,0.1,39.5459,0.017,39.546,17.859,0.0,af3,nomsa_notemplate
3tiw,42,1,0.424906,0.18,22.0898,0.056,22.09,12.794,0.025,af3,nomsa_notemplate
3tiw,42,2,0.42501600000000006,0.16,16.2132,0.086,16.213,11.735,0.025,af3,nomsa_notemplate
3tiw,42,3,0.412438,0.13,31.5682,0.026,31.568,15.647,0.0,af3,nomsa_notemplate
3tiw,42,4,0.42376800000000003,0.2,8.8101,0.174,8.81,12.317,0.025,af3,nomsa_notemplate
3tiw,43,0,0.42440300000000003,0.11,29.5808,0.028,29.581,15.898,0.0,af3,nomsa_notemplate
3tiw,43,1,0.410947,0.12,30.6485,0.036,30.649,13.575,0.025,af3,nomsa_notemplate
3tiw,43,2,0.410101,0.12,11.5007,0.132,11.501,11.621,0.025,af3,nomsa_notemplate
3tiw,43,3,0.42058599999999996,0.11,31.6966,0.026,31.697,14.571,0.0,af3,nomsa_notemplate
3tiw,43,4,0.417587,0.11,36.8296,0.036,36.83,17.019,0.05,af3,nomsa_notemplate
3tiw,44,0,0.40580700000000003,0.1,28.0081,0.039,28.008,16.288,0.025,af3,nomsa_notemplate
3tiw,44,1,0.434,0.16,31.0849,0.026,31.085,15.282,0.0,af3,nomsa_notemplate
3tiw,44,2,0.391117,0.08,30.2309,0.044,30.231,15.101,0.05,af3,nomsa_notemplate
3tiw,44,3,0.41794800000000004,0.11,31.8324,0.025,31.832,15.339,0.0,af3,nomsa_notemplate
3tiw,44,4,0.395403,0.09,7.4614,0.201,7.461,12.936,0.025,af3,nomsa_notemplate
3v2o,42,0,0.76815,0.75,3.1506,0.824,3.151,1.119,0.95,af3,nomsa_notemplate
3v2o,42,1,0.76857,0.74,2.973,0.843,2.973,1.068,0.975,af3,nomsa_notemplate
3v2o,42,2,0.750955,0.71,2.8474,0.851,2.847,1.03,0.975,af3,nomsa_notemplate
3v2o,42,3,0.789001,0.76,2.7582,0.859,2.758,0.988,0.975,af3,nomsa_notemplate
3v2o,42,4,0.781763,0.78,2.7665,0.859,2.766,0.987,0.975,af3,nomsa_notemplate
3v2o,43,0,0.7363590000000001,0.69,2.9203,0.802,2.92,1.133,0.875,af3,nomsa_notemplate
3v2o,43,1,0.759101,0.72,2.6671,0.84,2.667,0.96,0.9,af3,nomsa_notemplate
3v2o,43,2,0.7296630000000001,0.7,2.9139,0.823,2.914,1.043,0.9,af3,nomsa_notemplate
3v2o,43,3,0.770734,0.74,2.7023,0.837,2.702,0.972,0.9,af3,nomsa_notemplate
3v2o,43,4,0.756429,0.75,2.8075,0.825,2.808,0.984,0.875,af3,nomsa_notemplate
3v2o,44,0,0.746379,0.71,2.6255,0.859,2.625,0.949,0.95,af3,nomsa_notemplate
3v2o,44,1,0.757046,0.72,2.8952,0.851,2.895,1.026,0.975,af3,nomsa_notemplate
3v2o,44,2,0.787099,0.75,2.8469,0.851,2.847,1.033,0.975,af3,nomsa_notemplate
3v2o,44,3,0.769301,0.76,2.8332,0.813,2.833,1.069,0.875,af3,nomsa_notemplate
3v2o,44,4,0.76343,0.71,2.8808,0.848,2.881,1.046,0.975,af3,nomsa_notemplate
3wgx,42,0,0.469998,0.44,20.0305,0.089,20.03,9.103,0.088,af3,nomsa_notemplate
3wgx,42,1,0.42611,0.27,19.3712,0.06,19.371,10.628,0.0,af3,nomsa_notemplate
3wgx,42,2,0.41049199999999997,0.28,26.5141,0.042,26.514,8.301,0.0,af3,nomsa_notemplate
3wgx,42,3,0.466708,0.34,15.3439,0.106,15.344,9.747,0.059,af3,nomsa_notemplate
3wgx,42,4,0.44433300000000003,0.41,17.9901,0.102,17.99,7.996,0.088,af3,nomsa_notemplate
3wgx,43,0,0.47895899999999997,0.41,18.7493,0.172,18.749,6.499,0.294,af3,nomsa_notemplate
3wgx,43,1,0.448288,0.33,26.0029,0.052,26.003,8.316,0.029,af3,nomsa_notemplate
3wgx,43,2,0.426502,0.27,25.3892,0.039,25.389,11.214,0.0,af3,nomsa_notemplate
3wgx,43,3,0.44057999999999997,0.5,20.304,0.079,20.304,8.614,0.059,af3,nomsa_notemplate
3wgx,43,4,0.431951,0.36,11.6958,0.17,11.696,10.919,0.147,af3,nomsa_notemplate
3wgx,44,0,0.40271799999999996,0.23,18.8857,0.099,18.886,7.406,0.088,af3,nomsa_notemplate
3wgx,44,1,0.470678,0.34,25.0479,0.05,25.048,11.538,0.029,af3,nomsa_notemplate
3wgx,44,2,0.484067,0.38,26.2478,0.04,26.248,9.633,0.0,af3,nomsa_notemplate
3wgx,44,3,0.479604,0.39,23.3036,0.051,23.304,7.838,0.0,af3,nomsa_notemplate
3wgx,44,4,0.513288,0.47,21.8737,0.049,21.874,11.577,0.0,af3,nomsa_notemplate
3zrj,42,0,0.351674,0.14,32.0996,0.051,32.1,9.517,0.065,af3,nomsa_notemplate
3zrj,42,1,0.39014200000000004,0.22,20.161,0.057,20.161,10.354,0.0,af3,nomsa_notemplate
3zrj,42,2,0.374033,0.27,19.208,0.071,19.208,11.516,0.032,af3,nomsa_notemplate
3zrj,42,3,0.344443,0.17,18.8503,0.087,18.85,8.778,0.065,af3,nomsa_notemplate
3zrj,42,4,0.363764,0.19,23.9799,0.045,23.98,9.599,0.0,af3,nomsa_notemplate
3zrj,43,0,0.362528,0.18,40.0993,0.018,40.099,14.988,0.0,af3,nomsa_notemplate
3zrj,43,1,0.36749899999999996,0.25,24.725,0.04,24.725,12.256,0.0,af3,nomsa_notemplate
3zrj,43,2,0.367877,0.22,14.2744,0.1,14.274,7.576,0.0,af3,nomsa_notemplate
3zrj,43,3,0.36815,0.19,45.4634,0.014,45.463,17.219,0.0,af3,nomsa_notemplate
3zrj,43,4,0.352781,0.16,8.5104,0.243,8.51,7.769,0.194,af3,nomsa_notemplate
3zrj,44,0,0.36119300000000004,0.17,23.9092,0.048,23.909,8.439,0.0,af3,nomsa_notemplate
3zrj,44,1,0.391927,0.17,37.4303,0.021,37.43,12.299,0.0,af3,nomsa_notemplate
3zrj,44,2,0.371298,0.2,37.6283,0.02,37.628,13.882,0.0,af3,nomsa_notemplate
3zrj,44,3,0.44099299999999997,0.42,22.6146,0.057,22.615,12.161,0.032,af3,nomsa_notemplate
3zrj,44,4,0.399319,0.29,16.5167,0.09,16.517,8.788,0.032,af3,nomsa_notemplate
4a2a,42,0,0.184192,0.12,26.4673,0.035,26.467,14.381,0.0,af3,nomsa_notemplate
4a2a,42,1,0.187055,0.1,46.3452,0.013,46.345,16.886,0.0,af3,nomsa_notemplate
4a2a,42,2,0.190965,0.09,16.9844,0.079,16.984,13.936,0.026,af3,nomsa_notemplate
4a2a,42,3,0.19936,0.13,39.6061,0.018,39.606,15.27,0.0,af3,nomsa_notemplate
4a2a,42,4,0.197547,0.13,31.675,0.025,31.675,16.455,0.0,af3,nomsa_notemplate
4a2a,43,0,0.179636,0.1,45.0974,0.015,45.097,14.55,0.0,af3,nomsa_notemplate
4a2a,43,1,0.202835,0.13,26.1204,0.045,26.12,13.106,0.026,af3,nomsa_notemplate
4a2a,43,2,0.197273,0.11,23.4018,0.043,23.402,13.511,0.0,af3,nomsa_notemplate
4a2a,43,3,0.189043,0.13,22.3368,0.055,22.337,13.599,0.026,af3,nomsa_notemplate
4a2a,43,4,0.190425,0.11,37.0139,0.02,37.014,14.578,0.0,af3,nomsa_notemplate
4a2a,44,0,0.199995,0.11,27.5339,0.041,27.534,14.299,0.026,af3,nomsa_notemplate
4a2a,44,1,0.19980499999999998,0.13,44.754,0.014,44.754,17.904,0.0,af3,nomsa_notemplate
4a2a,44,2,0.19547599999999998,0.12,30.8476,0.028,30.848,12.266,0.0,af3,nomsa_notemplate
4a2a,44,3,0.192498,0.11,51.0506,0.012,51.051,15.615,0.0,af3,nomsa_notemplate
4a2a,44,4,0.18463200000000002,0.11,19.9049,0.074,19.905,12.745,0.053,af3,nomsa_notemplate
4bt9,42,0,0.843782,0.89,21.7761,0.643,21.776,0.591,0.931,af3,nomsa_notemplate
4bt9,42,1,0.84624,0.89,6.9711,0.799,6.971,0.582,0.931,af3,nomsa_notemplate
4bt9,42,2,0.852565,0.9,15.9692,0.677,15.969,0.557,0.931,af3,nomsa_notemplate
4bt9,42,3,0.847653,0.89,9.5807,0.745,9.581,0.599,0.931,af3,nomsa_notemplate
4bt9,42,4,0.8418869999999999,0.89,22.2782,0.646,22.278,0.555,0.931,af3,nomsa_notemplate
4bt9,43,0,0.8475400000000001,0.89,21.2151,0.65,21.215,0.552,0.931,af3,nomsa_notemplate
4bt9,43,1,0.860376,0.9,5.8268,0.807,5.827,0.726,0.931,af3,nomsa_notemplate
4bt9,43,2,0.8340040000000001,0.88,20.3812,0.649,20.381,0.587,0.931,af3,nomsa_notemplate
4bt9,43,3,0.818656,0.87,19.593,0.658,19.593,0.544,0.931,af3,nomsa_notemplate
4bt9,43,4,0.8420749999999999,0.89,19.6339,0.651,19.634,0.593,0.931,af3,nomsa_notemplate
4bt9,44,0,0.842307,0.88,15.622,0.672,15.622,0.612,0.931,af3,nomsa_notemplate
4bt9,44,1,0.833415,0.88,16.237,0.671,16.237,0.591,0.931,af3,nomsa_notemplate
4bt9,44,2,0.8422750000000001,0.89,12.2853,0.701,12.285,0.637,0.931,af3,nomsa_notemplate
4bt9,44,3,0.8405889999999999,0.89,18.5073,0.663,18.507,0.545,0.931,af3,nomsa_notemplate
4bt9,44,4,0.839685,0.89,21.6119,0.644,21.612,0.589,0.931,af3,nomsa_notemplate
4c5a,42,0,0.284522,0.3,46.949,0.014,46.949,14.616,0.0,af3,nomsa_notemplate
4c5a,42,1,0.279028,0.3,51.2362,0.012,51.236,15.93,0.0,af3,nomsa_notemplate
4c5a,42,2,0.32653,0.41,46.3426,0.014,46.343,14.512,0.0,af3,nomsa_notemplate
4c5a,42,3,0.359178,0.47,45.3499,0.015,45.35,14.031,0.0,af3,nomsa_notemplate
4c5a,42,4,0.293278,0.31,45.4035,0.015,45.404,14.327,0.0,af3,nomsa_notemplate
4c5a,43,0,0.26538799999999996,0.32,51.537,0.012,51.537,16.263,0.0,af3,nomsa_notemplate
4c5a,43,1,0.364201,0.45,46.3032,0.014,46.303,14.721,0.0,af3,nomsa_notemplate
4c5a,43,2,0.259954,0.26,28.5436,0.034,28.544,10.307,0.0,af3,nomsa_notemplate
4c5a,43,3,0.278879,0.28,43.077,0.017,43.077,13.553,0.0,af3,nomsa_notemplate
4c5a,43,4,0.25466,0.26,53.0202,0.011,53.02,16.764,0.0,af3,nomsa_notemplate
4c5a,44,0,0.33008699999999996,0.4,40.7948,0.018,40.795,13.013,0.0,af3,nomsa_notemplate
4c5a,44,1,0.43320099999999995,0.59,41.9505,0.018,41.95,12.922,0.0,af3,nomsa_notemplate
4c5a,44,2,0.477194,0.64,45.4684,0.015,45.468,14.305,0.0,af3,nomsa_notemplate
4c5a,44,3,0.41342399999999996,0.51,45.6241,0.015,45.624,14.377,0.0,af3,nomsa_notemplate
4c5a,44,4,0.348934,0.45,42.99,0.016,42.99,13.95,0.0,af3,nomsa_notemplate
4dg3,42,0,0.193648,0.08,29.7249,0.042,29.725,17.256,0.043,af3,nomsa_notemplate
4dg3,42,1,0.199228,0.11,35.8136,0.04,35.814,17.543,0.058,af3,nomsa_notemplate
4dg3,42,2,0.197334,0.1,21.5805,0.072,21.581,16.523,0.072,af3,nomsa_notemplate
4dg3,42,3,0.208903,0.12,34.3702,0.036,34.37,18.036,0.043,af3,nomsa_notemplate
4dg3,42,4,0.202013,0.1,36.7722,0.025,36.772,16.307,0.014,af3,nomsa_notemplate
4dg3,43,0,0.182695,0.09,36.0329,0.019,36.033,20.382,0.0,af3,nomsa_notemplate
4dg3,43,1,0.193496,0.07,34.191,0.021,34.191,19.284,0.0,af3,nomsa_notemplate
4dg3,43,2,0.208683,0.13,31.3528,0.025,31.353,18.505,0.0,af3,nomsa_notemplate
4dg3,43,3,0.191811,0.09,28.6306,0.034,28.631,18.186,0.014,af3,nomsa_notemplate
4dg3,43,4,0.191189,0.08,22.5044,0.044,22.504,16.88,0.0,af3,nomsa_notemplate
4dg3,44,0,0.183617,0.08,24.0983,0.039,24.098,17.495,0.0,af3,nomsa_notemplate
4dg3,44,1,0.19602599999999998,0.1,15.7487,0.078,15.749,17.875,0.0,af3,nomsa_notemplate
4dg3,44,2,0.19533799999999998,0.11,25.655,0.04,25.655,17.293,0.014,af3,nomsa_notemplate
4dg3,44,3,0.182203,0.08,43.7995,0.014,43.8,20.126,0.0,af3,nomsa_notemplate
4dg3,44,4,0.189214,0.08,32.375,0.024,32.375,18.174,0.0,af3,nomsa_notemplate
4ep2,42,0,0.28157699999999997,0.19,21.1712,0.059,21.171,14.629,0.027,af3,nomsa_notemplate
4ep2,42,1,0.24691500000000002,0.19,19.2935,0.062,19.293,15.24,0.014,af3,nomsa_notemplate
4ep2,42,2,0.23735499999999998,0.13,16.2184,0.079,16.218,17.182,0.014,af3,nomsa_notemplate
4ep2,42,3,0.25217500000000004,0.14,19.4804,0.057,19.48,15.023,0.0,af3,nomsa_notemplate
4ep2,42,4,0.220923,0.12,20.2183,0.071,20.218,17.461,0.054,af3,nomsa_notemplate
4ep2,43,0,0.242257,0.15,23.7822,0.043,23.782,11.994,0.0,af3,nomsa_notemplate
4ep2,43,1,0.295825,0.24,14.9874,0.113,14.987,13.015,0.081,af3,nomsa_notemplate
4ep2,43,2,0.26527999999999996,0.14,25.8364,0.041,25.836,14.147,0.014,af3,nomsa_notemplate
4ep2,43,3,0.218948,0.11,27.1887,0.034,27.189,13.186,0.0,af3,nomsa_notemplate
4ep2,43,4,0.305995,0.18,16.9801,0.072,16.98,11.879,0.0,af3,nomsa_notemplate
4ep2,44,0,0.205733,0.12,16.3091,0.078,16.309,18.163,0.014,af3,nomsa_notemplate
4ep2,44,1,0.243532,0.22,20.2472,0.061,20.247,18.691,0.027,af3,nomsa_notemplate
4ep2,44,2,0.254437,0.23,17.011,0.078,17.011,17.788,0.027,af3,nomsa_notemplate
4ep2,44,3,0.24092199999999997,0.16,24.0627,0.039,24.063,19.747,0.0,af3,nomsa_notemplate
4ep2,44,4,0.225193,0.17,27.4768,0.032,27.477,16.951,0.0,af3,nomsa_notemplate
4fii,42,0,0.187394,0.09,20.91,0.05,20.91,15.761,0.0,af3,nomsa_notemplate
4fii,42,1,0.18107800000000002,0.08,30.1532,0.027,30.153,16.659,0.0,af3,nomsa_notemplate
4fii,42,2,0.176616,0.08,34.7728,0.021,34.773,17.747,0.0,af3,nomsa_notemplate
4fii,42,3,0.185358,0.11,36.2809,0.02,36.281,16.548,0.0,af3,nomsa_notemplate
4fii,42,4,0.18827200000000002,0.08,37.6645,0.019,37.665,16.199,0.0,af3,nomsa_notemplate
4fii,43,0,0.17520600000000003,0.08,33.3487,0.023,33.349,17.84,0.0,af3,nomsa_notemplate
4fii,43,1,0.17515599999999998,0.07,36.1414,0.021,36.141,14.896,0.0,af3,nomsa_notemplate
4fii,43,2,0.172148,0.08,38.8501,0.018,38.85,16.399,0.0,af3,nomsa_notemplate
4fii,43,3,0.16732,0.09,15.6198,0.079,15.62,15.314,0.0,af3,nomsa_notemplate
4fii,43,4,0.179228,0.09,34.8133,0.021,34.813,16.648,0.0,af3,nomsa_notemplate
4fii,44,0,0.181224,0.1,33.5972,0.022,33.597,17.697,0.0,af3,nomsa_notemplate
4fii,44,1,0.196918,0.05,57.267,0.009,57.267,19.78,0.0,af3,nomsa_notemplate
4fii,44,2,0.18886399999999998,0.11,22.5401,0.044,22.54,16.028,0.0,af3,nomsa_notemplate
4fii,44,3,0.16932,0.09,20.6277,0.051,20.628,15.565,0.0,af3,nomsa_notemplate
4fii,44,4,0.18131799999999998,0.07,24.6701,0.038,24.67,16.35,0.0,af3,nomsa_notemplate
4gq6,42,0,0.203355,0.21,17.5738,0.067,17.574,13.58,0.0,af3,nomsa_notemplate
4gq6,42,1,0.20692799999999997,0.23,17.0391,0.076,17.039,14.803,0.018,af3,nomsa_notemplate
4gq6,42,2,0.20869800000000002,0.22,18.2275,0.063,18.228,15.411,0.0,af3,nomsa_notemplate
4gq6,42,3,0.210231,0.24,18.4358,0.062,18.436,15.259,0.0,af3,nomsa_notemplate
4gq6,42,4,0.216143,0.24,17.4648,0.079,17.465,14.427,0.036,af3,nomsa_notemplate
4gq6,43,0,0.219469,0.25,16.3129,0.081,16.313,14.079,0.018,af3,nomsa_notemplate
4gq6,43,1,0.21517299999999998,0.26,18.9901,0.065,18.99,14.212,0.018,af3,nomsa_notemplate
4gq6,43,2,0.22299499999999997,0.27,16.0233,0.083,16.023,13.334,0.018,af3,nomsa_notemplate
4gq6,43,3,0.196821,0.22,18.6133,0.068,18.613,13.308,0.018,af3,nomsa_notemplate
4gq6,43,4,0.20314,0.23,16.8756,0.083,16.876,13.849,0.036,af3,nomsa_notemplate
4gq6,44,0,0.208582,0.22,16.6505,0.085,16.651,13.416,0.036,af3,nomsa_notemplate
4gq6,44,1,0.21805599999999997,0.26,16.5793,0.079,16.579,13.414,0.018,af3,nomsa_notemplate
4gq6,44,2,0.21685500000000002,0.23,18.0922,0.064,18.092,14.621,0.0,af3,nomsa_notemplate
4gq6,44,3,0.198194,0.2,19.0002,0.065,19.0,14.001,0.018,af3,nomsa_notemplate
4gq6,44,4,0.221928,0.25,18.169,0.07,18.169,14.163,0.018,af3,nomsa_notemplate
4hdq,42,0,0.15467599999999998,0.05,56.8873,0.009,56.887,21.298,0.0,af3,nomsa_notemplate
4hdq,42,1,0.148172,0.09,29.12,0.03,29.12,13.924,0.0,af3,nomsa_notemplate
4hdq,42,2,0.14045,0.07,13.3059,0.101,13.306,12.903,0.0,af3,nomsa_notemplate
4hdq,42,3,0.153102,0.05,66.8634,0.007,66.863,21.061,0.0,af3,nomsa_notemplate
4hdq,42,4,0.157428,0.11,31.9989,0.025,31.999,16.086,0.0,af3,nomsa_notemplate
4hdq,43,0,0.15187799999999999,0.11,27.5347,0.053,27.535,18.137,0.067,af3,nomsa_notemplate
4hdq,43,1,0.142115,0.08,14.8782,0.085,14.878,15.325,0.0,af3,nomsa_notemplate
4hdq,43,2,0.143354,0.09,29.1727,0.03,29.173,14.032,0.0,af3,nomsa_notemplate
4hdq,43,3,0.14798,0.07,57.4875,0.009,57.488,17.892,0.0,af3,nomsa_notemplate
4hdq,43,4,0.14479799999999998,0.08,29.192,0.028,29.192,17.759,0.0,af3,nomsa_notemplate
4hdq,44,0,0.13928000000000001,0.08,20.7893,0.062,20.789,14.873,0.033,af3,nomsa_notemplate
4hdq,44,1,0.140819,0.08,33.5872,0.023,33.587,15.264,0.0,af3,nomsa_notemplate
4hdq,44,2,0.149743,0.07,41.3875,0.015,41.388,19.862,0.0,af3,nomsa_notemplate
4hdq,44,3,0.147887,0.11,15.2597,0.082,15.26,16.01,0.0,af3,nomsa_notemplate
4hdq,44,4,0.142763,0.09,26.5702,0.035,26.57,14.437,0.0,af3,nomsa_notemplate
4hom,42,0,0.125993,0.15,29.3783,0.044,29.378,19.975,0.049,af3,nomsa_notemplate
4hom,42,1,0.128195,0.17,17.6185,0.064,17.619,21.957,0.0,af3,nomsa_notemplate
4hom,42,2,0.11712199999999999,0.12,36.4577,0.019,36.458,20.271,0.0,af3,nomsa_notemplate
4hom,42,3,0.143281,0.25,48.7312,0.012,48.731,21.206,0.0,af3,nomsa_notemplate
4hom,42,4,0.114846,0.12,40.4356,0.016,40.436,22.383,0.0,af3,nomsa_notemplate
4hom,43,0,0.116466,0.13,36.4356,0.019,36.436,21.828,0.0,af3,nomsa_notemplate
4hom,43,1,0.123956,0.12,58.5557,0.008,58.556,24.232,0.0,af3,nomsa_notemplate
4hom,43,2,0.12522,0.13,47.279,0.012,47.279,24.782,0.0,af3,nomsa_notemplate
4hom,43,3,0.121191,0.14,22.137,0.044,22.137,23.69,0.0,af3,nomsa_notemplate
4hom,43,4,0.128883,0.16,29.4945,0.028,29.494,17.807,0.0,af3,nomsa_notemplate
4hom,44,0,0.124858,0.14,43.0906,0.014,43.091,20.759,0.0,af3,nomsa_notemplate
4hom,44,1,0.144141,0.19,17.0479,0.084,17.048,23.348,0.049,af3,nomsa_notemplate
4hom,44,2,0.143813,0.18,32.0822,0.032,32.082,21.84,0.024,af3,nomsa_notemplate
4hom,44,3,0.12432,0.14,22.9039,0.042,22.904,19.566,0.0,af3,nomsa_notemplate
4hom,44,4,0.123971,0.14,25.048,0.036,25.048,21.959,0.0,af3,nomsa_notemplate
4iga,42,0,0.643216,0.55,3.6625,0.577,3.662,1.997,0.528,af3,nomsa_notemplate
4iga,42,1,0.626814,0.47,14.8356,0.122,14.836,7.986,0.083,af3,nomsa_notemplate
4iga,42,2,0.593723,0.35,14.5808,0.133,14.581,7.916,0.111,af3,nomsa_notemplate
4iga,42,3,0.669616,0.54,14.4199,0.135,14.42,7.748,0.111,af3,nomsa_notemplate
4iga,42,4,0.6153949999999999,0.43,16.2356,0.11,16.236,8.461,0.083,af3,nomsa_notemplate
4iga,43,0,0.684315,0.64,14.1254,0.148,14.125,7.405,0.139,af3,nomsa_notemplate
4iga,43,1,0.6667230000000001,0.57,14.8809,0.13,14.881,8.014,0.111,af3,nomsa_notemplate
4iga,43,2,0.686878,0.64,13.8402,0.141,13.84,7.423,0.111,af3,nomsa_notemplate
4iga,43,3,0.679191,0.62,13.3933,0.147,13.393,7.066,0.111,af3,nomsa_notemplate
4iga,43,4,0.649373,0.56,14.3654,0.108,14.365,7.798,0.028,af3,nomsa_notemplate
4iga,44,0,0.66527,0.55,14.5491,0.125,14.549,7.794,0.083,af3,nomsa_notemplate
4iga,44,1,0.659279,0.52,14.6895,0.114,14.689,7.811,0.056,af3,nomsa_notemplate
4iga,44,2,0.627977,0.45,14.433,0.116,14.433,7.793,0.056,af3,nomsa_notemplate
4iga,44,3,0.645119,0.49,15.0161,0.12,15.016,7.981,0.083,af3,nomsa_notemplate
4iga,44,4,0.595829,0.36,15.1152,0.119,15.115,8.091,0.083,af3,nomsa_notemplate
4j2c,42,0,0.895549,0.87,0.591,0.914,0.591,0.605,0.886,af3,nomsa_notemplate
4j2c,42,1,0.882116,0.85,0.8338,0.922,0.834,0.599,0.914,af3,nomsa_notemplate
4j2c,42,2,0.894368,0.87,0.5479,0.943,0.548,0.529,0.943,af3,nomsa_notemplate
4j2c,42,3,0.8938590000000001,0.87,0.6713,0.942,0.671,0.675,1.0,af3,nomsa_notemplate
4j2c,42,4,0.8978,0.88,0.6334,0.866,0.633,0.941,0.886,af3,nomsa_notemplate
4j2c,43,0,0.8993410000000001,0.87,0.9288,0.919,0.929,0.691,0.943,af3,nomsa_notemplate
4j2c,43,1,0.894525,0.87,0.6798,0.904,0.68,0.807,0.943,af3,nomsa_notemplate
4j2c,43,2,0.905783,0.88,0.6306,0.914,0.631,0.737,0.943,af3,nomsa_notemplate
4j2c,43,3,0.886136,0.86,0.6429,0.896,0.643,0.73,0.886,af3,nomsa_notemplate
4j2c,43,4,0.8970269999999999,0.87,0.8968,0.915,0.897,0.783,0.971,af3,nomsa_notemplate
4j2c,44,0,0.887825,0.87,0.6813,0.932,0.681,0.678,0.971,af3,nomsa_notemplate
4j2c,44,1,0.894152,0.87,0.8062,0.944,0.806,0.505,0.943,af3,nomsa_notemplate
4j2c,44,2,0.891481,0.87,0.6793,0.929,0.679,0.698,0.971,af3,nomsa_notemplate
4j2c,44,3,0.9000060000000001,0.88,1.0557,0.913,1.056,0.726,0.943,af3,nomsa_notemplate
4j2c,44,4,0.9031220000000001,0.89,0.9238,0.81,0.924,1.422,0.914,af3,nomsa_notemplate
4j8b,42,0,0.347618,0.5,40.2165,0.02,40.216,11.32,0.0,af3,nomsa_notemplate
4j8b,42,1,0.27831,0.42,39.8518,0.02,39.852,11.262,0.0,af3,nomsa_notemplate
4j8b,42,2,0.265828,0.17,53.1485,0.011,53.149,15.292,0.0,af3,nomsa_notemplate
4j8b,42,3,0.24971800000000002,0.3,44.4432,0.016,44.443,12.642,0.0,af3,nomsa_notemplate
4j8b,42,4,0.289618,0.42,39.816,0.02,39.816,11.433,0.0,af3,nomsa_notemplate
4j8b,43,0,0.295614,0.36,39.9585,0.02,39.958,11.233,0.0,af3,nomsa_notemplate
4j8b,43,1,0.32626,0.46,28.2072,0.04,28.207,7.763,0.0,af3,nomsa_notemplate
4j8b,43,2,0.287516,0.46,33.4183,0.028,33.418,9.589,0.0,af3,nomsa_notemplate
4j8b,43,3,0.264686,0.31,44.5689,0.016,44.569,12.822,0.0,af3,nomsa_notemplate
4j8b,43,4,0.346256,0.6,36.3625,0.024,36.362,10.259,0.0,af3,nomsa_notemplate
4j8b,44,0,0.270946,0.19,52.2071,0.012,52.207,14.982,0.0,af3,nomsa_notemplate
4j8b,44,1,0.255292,0.18,52.171,0.012,52.171,15.007,0.0,af3,nomsa_notemplate
4j8b,44,2,0.261384,0.36,36.4475,0.024,36.448,10.453,0.0,af3,nomsa_notemplate
4j8b,44,3,0.237466,0.27,45.5065,0.016,45.507,13.009,0.0,af3,nomsa_notemplate
4j8b,44,4,0.259444,0.36,36.0164,0.024,36.016,10.347,0.0,af3,nomsa_notemplate
4leb,42,0,0.208458,0.08,35.3538,0.021,35.354,15.683,0.0,af3,nomsa_notemplate
4leb,42,1,0.253324,0.16,32.1992,0.026,32.199,13.14,0.0,af3,nomsa_notemplate
4leb,42,2,0.20423,0.09,21.9836,0.05,21.984,10.923,0.0,af3,nomsa_notemplate
4leb,42,3,0.20278400000000002,0.09,35.3079,0.031,35.308,15.24,0.029,af3,nomsa_notemplate
4leb,42,4,0.20449799999999999,0.09,35.1753,0.022,35.175,15.023,0.0,af3,nomsa_notemplate
4leb,43,0,0.219692,0.13,27.6268,0.033,27.627,13.309,0.0,af3,nomsa_notemplate
4leb,43,1,0.219784,0.09,43.1495,0.015,43.149,18.347,0.0,af3,nomsa_notemplate
4leb,43,2,0.25964,0.16,30.3227,0.029,30.323,12.354,0.0,af3,nomsa_notemplate
4leb,43,3,0.193482,0.08,31.5216,0.046,31.522,14.533,0.059,af3,nomsa_notemplate
4leb,43,4,0.20491199999999998,0.1,11.1889,0.127,11.189,12.121,0.0,af3,nomsa_notemplate
4leb,44,0,0.22907599999999997,0.14,25.7012,0.048,25.701,12.315,0.029,af3,nomsa_notemplate
4leb,44,1,0.243054,0.15,30.4014,0.027,30.401,16.975,0.0,af3,nomsa_notemplate
4leb,44,2,0.19790400000000002,0.09,38.8705,0.017,38.871,19.496,0.0,af3,nomsa_notemplate
4leb,44,3,0.214956,0.11,31.6616,0.114,31.662,13.881,0.265,af3,nomsa_notemplate
4leb,44,4,0.237314,0.14,27.6704,0.032,27.67,14.884,0.0,af3,nomsa_notemplate
4lk9,42,0,0.293791,0.04,49.2392,0.012,49.239,17.614,0.0,af3,nomsa_notemplate
4lk9,42,1,0.285819,0.03,46.604,0.013,46.604,17.232,0.0,af3,nomsa_notemplate
4lk9,42,2,0.29156099999999996,0.07,30.2615,0.029,30.261,12.111,0.0,af3,nomsa_notemplate
4lk9,42,3,0.31691800000000003,0.18,20.6057,0.122,20.606,11.22,0.204,af3,nomsa_notemplate
4lk9,42,4,0.28258099999999997,0.05,33.2248,0.025,33.225,12.375,0.0,af3,nomsa_notemplate
4lk9,43,0,0.292879,0.03,49.1813,0.012,49.181,18.253,0.0,af3,nomsa_notemplate
4lk9,43,1,0.267668,0.03,43.6887,0.015,43.689,15.548,0.0,af3,nomsa_notemplate
4lk9,43,2,0.286237,0.07,38.7109,0.019,38.711,13.534,0.0,af3,nomsa_notemplate
4lk9,43,3,0.289553,0.1,20.9239,0.056,20.924,8.914,0.0,af3,nomsa_notemplate
4lk9,43,4,0.329544,0.15,20.5269,0.084,20.527,9.713,0.082,af3,nomsa_notemplate
4lk9,44,0,0.288592,0.02,72.8086,0.006,72.809,26.278,0.0,af3,nomsa_notemplate
4lk9,44,1,0.28998,0.02,61.0643,0.008,61.064,21.14,0.0,af3,nomsa_notemplate
4lk9,44,2,0.296386,0.09,10.3593,0.19,10.359,6.999,0.122,af3,nomsa_notemplate
4lk9,44,3,0.304418,0.11,14.9458,0.173,14.946,8.391,0.245,af3,nomsa_notemplate
4lk9,44,4,0.29701299999999997,0.11,25.6345,0.06,25.635,10.533,0.061,af3,nomsa_notemplate
4lzf,42,0,0.776698,0.79,2.4047,0.841,2.405,0.728,0.788,af3,nomsa_notemplate
4lzf,42,1,0.7521429999999999,0.75,3.186,0.763,3.186,1.58,0.939,af3,nomsa_notemplate
4lzf,42,2,0.656843,0.66,7.9046,0.372,7.905,3.489,0.424,af3,nomsa_notemplate
4lzf,42,3,0.719803,0.71,16.3084,0.107,16.308,6.815,0.061,af3,nomsa_notemplate
4lzf,42,4,0.7870919999999999,0.8,2.8604,0.855,2.86,0.71,0.848,af3,nomsa_notemplate
4lzf,43,0,0.667751,0.65,8.0961,0.429,8.096,3.471,0.606,af3,nomsa_notemplate
4lzf,43,1,0.783805,0.79,2.984,0.759,2.984,1.388,0.848,af3,nomsa_notemplate
4lzf,43,2,0.6001460000000001,0.57,12.4717,0.138,12.472,5.564,0.03,af3,nomsa_notemplate
4lzf,43,3,0.699776,0.67,7.549,0.507,7.549,3.278,0.788,af3,nomsa_notemplate
4lzf,43,4,0.668642,0.61,6.3024,0.468,6.302,2.647,0.515,af3,nomsa_notemplate
4lzf,44,0,0.7206659999999999,0.72,6.6948,0.457,6.695,2.927,0.545,af3,nomsa_notemplate
4lzf,44,1,0.797597,0.81,2.3242,0.841,2.324,0.738,0.788,af3,nomsa_notemplate
4lzf,44,2,0.7810729999999999,0.79,3.6838,0.792,3.684,1.159,0.909,af3,nomsa_notemplate
4lzf,44,3,0.783527,0.79,4.0549,0.789,4.055,1.114,0.909,af3,nomsa_notemplate
4lzf,44,4,0.763231,0.76,1.5092,0.874,1.509,0.671,0.818,af3,nomsa_notemplate
4m5s,42,0,0.901373,0.88,17.9554,0.106,17.955,7.509,0.098,af3,nomsa_notemplate
4m5s,42,1,0.904277,0.88,17.8592,0.107,17.859,7.469,0.098,af3,nomsa_notemplate
4m5s,42,2,0.9080280000000001,0.88,17.9406,0.106,17.941,7.5,0.098,af3,nomsa_notemplate
4m5s,42,3,0.902309,0.88,17.8899,0.107,17.89,7.48,0.098,af3,nomsa_notemplate
4m5s,42,4,0.910494,0.89,17.9412,0.106,17.941,7.508,0.098,af3,nomsa_notemplate
4m5s,43,0,0.8992319999999999,0.88,17.8438,0.107,17.844,7.464,0.098,af3,nomsa_notemplate
4m5s,43,1,0.900661,0.88,17.8267,0.107,17.827,7.467,0.098,af3,nomsa_notemplate
4m5s,43,2,0.9026109999999999,0.88,17.9137,0.107,17.914,7.492,0.098,af3,nomsa_notemplate
4m5s,43,3,0.902715,0.88,17.8172,0.107,17.817,7.467,0.098,af3,nomsa_notemplate
4m5s,43,4,0.904593,0.88,17.9133,0.107,17.913,7.484,0.098,af3,nomsa_notemplate
4m5s,44,0,0.903499,0.88,17.906,0.107,17.906,7.491,0.098,af3,nomsa_notemplate
4m5s,44,1,0.898998,0.87,17.925,0.107,17.925,7.497,0.098,af3,nomsa_notemplate
4m5s,44,2,0.905984,0.88,17.8562,0.107,17.856,7.463,0.098,af3,nomsa_notemplate
4m5s,44,3,0.9020900000000001,0.88,17.9546,0.106,17.955,7.51,0.098,af3,nomsa_notemplate
4m5s,44,4,0.909268,0.88,18.0154,0.106,18.015,7.529,0.098,af3,nomsa_notemplate
4m91,42,0,0.32779200000000003,0.43,20.8336,0.104,20.834,12.542,0.154,af3,nomsa_notemplate
4m91,42,1,0.26846,0.22,24.4487,0.093,24.449,11.215,0.154,af3,nomsa_notemplate
4m91,42,2,0.350142,0.51,16.8911,0.178,16.891,9.801,0.308,af3,nomsa_notemplate
4m91,42,3,0.281402,0.25,40.6713,0.056,40.671,14.029,0.115,af3,nomsa_notemplate
4m91,42,4,0.363418,0.51,32.8408,0.127,32.841,15.62,0.308,af3,nomsa_notemplate
4m91,43,0,0.343198,0.53,13.9199,0.175,13.92,9.895,0.231,af3,nomsa_notemplate
4m91,43,1,0.27801,0.23,21.9803,0.09,21.98,9.545,0.115,af3,nomsa_notemplate
4m91,43,2,0.336554,0.5,25.3459,0.103,25.346,12.242,0.192,af3,nomsa_notemplate
4m91,43,3,0.344238,0.5,29.7831,0.131,29.783,14.891,0.308,af3,nomsa_notemplate
4m91,43,4,0.39315,0.63,31.7134,0.104,31.713,12.223,0.231,af3,nomsa_notemplate
4m91,44,0,0.32964,0.47,26.3368,0.113,26.337,12.752,0.231,af3,nomsa_notemplate
4m91,44,1,0.280504,0.19,23.9363,0.097,23.936,9.071,0.154,af3,nomsa_notemplate
4m91,44,2,0.33300199999999996,0.42,20.8265,0.13,20.826,11.111,0.231,af3,nomsa_notemplate
4m91,44,3,0.354522,0.55,15.9211,0.172,15.921,9.675,0.269,af3,nomsa_notemplate
4m91,44,4,0.296514,0.35,20.6535,0.183,20.653,11.04,0.385,af3,nomsa_notemplate
4mvi,42,0,0.23262,0.09,17.1791,0.092,17.179,12.192,0.066,af3,nomsa_notemplate
4mvi,42,1,0.283917,0.25,23.5969,0.047,23.597,16.161,0.016,af3,nomsa_notemplate
4mvi,42,2,0.26060500000000003,0.17,23.1629,0.048,23.163,15.593,0.016,af3,nomsa_notemplate
4mvi,42,3,0.235026,0.13,9.4378,0.179,9.438,9.929,0.066,af3,nomsa_notemplate
4mvi,42,4,0.24454599999999999,0.15,25.432,0.047,25.432,15.627,0.033,af3,nomsa_notemplate
4mvi,43,0,0.270853,0.18,22.0166,0.052,22.017,15.606,0.016,af3,nomsa_notemplate
4mvi,43,1,0.240533,0.11,22.1966,0.078,22.197,15.557,0.098,af3,nomsa_notemplate
4mvi,43,2,0.239468,0.13,16.462,0.123,16.462,14.818,0.148,af3,nomsa_notemplate
4mvi,43,3,0.21661999999999998,0.08,17.5001,0.08,17.5,11.363,0.033,af3,nomsa_notemplate
4mvi,43,4,0.248317,0.14,15.9693,0.08,15.969,10.413,0.0,af3,nomsa_notemplate
4mvi,44,0,0.2641,0.15,15.1433,0.117,15.143,12.414,0.098,af3,nomsa_notemplate
4mvi,44,1,0.247727,0.17,15.671,0.107,15.671,13.376,0.082,af3,nomsa_notemplate
4mvi,44,2,0.254431,0.18,16.4922,0.104,16.492,10.755,0.082,af3,nomsa_notemplate
4mvi,44,3,0.257652,0.13,14.3225,0.107,14.323,13.79,0.049,af3,nomsa_notemplate
4mvi,44,4,0.238049,0.15,17.5467,0.089,17.547,14.175,0.066,af3,nomsa_notemplate
4nuu,42,0,0.245949,0.12,21.206,0.059,21.206,13.227,0.026,af3,nomsa_notemplate
4nuu,42,1,0.231945,0.07,47.4318,0.014,47.432,14.991,0.0,af3,nomsa_notemplate
4nuu,42,2,0.23940999999999998,0.11,32.8093,0.025,32.809,13.987,0.0,af3,nomsa_notemplate
4nuu,42,3,0.241997,0.09,44.9237,0.023,44.924,17.99,0.026,af3,nomsa_notemplate
4nuu,42,4,0.229779,0.08,33.9133,0.023,33.913,14.41,0.0,af3,nomsa_notemplate
4nuu,43,0,0.21619599999999997,0.06,36.6023,0.02,36.602,16.601,0.0,af3,nomsa_notemplate
4nuu,43,1,0.246368,0.1,28.1553,0.101,28.155,14.724,0.211,af3,nomsa_notemplate
4nuu,43,2,0.232507,0.1,12.0607,0.113,12.061,17.26,0.0,af3,nomsa_notemplate
4nuu,43,3,0.258723,0.12,32.3966,0.047,32.397,9.854,0.053,af3,nomsa_notemplate
4nuu,43,4,0.233858,0.11,37.2205,0.054,37.221,19.109,0.105,af3,nomsa_notemplate
4nuu,44,0,0.23058199999999998,0.09,26.5814,0.033,26.581,18.078,0.0,af3,nomsa_notemplate
4nuu,44,1,0.23446899999999998,0.09,32.7496,0.058,32.75,17.733,0.105,af3,nomsa_notemplate
4nuu,44,2,0.24412199999999998,0.14,25.0434,0.08,25.043,19.219,0.132,af3,nomsa_notemplate
4nuu,44,3,0.22348400000000002,0.07,24.1276,0.039,24.128,19.013,0.0,af3,nomsa_notemplate
4nuu,44,4,0.234234,0.09,36.4069,0.02,36.407,15.192,0.0,af3,nomsa_notemplate
4nxr,42,0,0.82246,0.78,1.0644,0.862,1.064,1.155,0.974,af3,nomsa_notemplate
4nxr,42,1,0.82844,0.78,3.7653,0.664,3.765,1.698,0.718,af3,nomsa_notemplate
4nxr,42,2,0.806373,0.76,4.5704,0.623,4.57,1.932,0.718,af3,nomsa_notemplate
4nxr,42,3,0.791044,0.76,4.8809,0.602,4.881,1.993,0.692,af3,nomsa_notemplate
4nxr,42,4,0.8191320000000001,0.77,1.0442,0.849,1.044,1.257,0.974,af3,nomsa_notemplate
4nxr,43,0,0.761727,0.71,3.0802,0.631,3.08,2.072,0.667,af3,nomsa_notemplate
4nxr,43,1,0.7759510000000001,0.74,3.5757,0.686,3.576,1.607,0.744,af3,nomsa_notemplate
4nxr,43,2,0.753309,0.72,3.9758,0.607,3.976,2.386,0.718,af3,nomsa_notemplate
4nxr,43,3,0.736879,0.7,4.207,0.601,4.207,2.389,0.718,af3,nomsa_notemplate
4nxr,43,4,0.763812,0.73,4.477,0.597,4.477,2.343,0.718,af3,nomsa_notemplate
4nxr,44,0,0.8049769999999999,0.76,4.2366,0.664,4.237,1.851,0.795,af3,nomsa_notemplate
4nxr,44,1,0.805185,0.75,5.1612,0.619,5.161,2.018,0.769,af3,nomsa_notemplate
4nxr,44,2,0.804007,0.75,3.5327,0.703,3.533,1.616,0.795,af3,nomsa_notemplate
4nxr,44,3,0.7866289999999999,0.73,4.6399,0.634,4.64,1.988,0.769,af3,nomsa_notemplate
4nxr,44,4,0.8084399999999999,0.75,1.3645,0.834,1.365,1.35,0.974,af3,nomsa_notemplate
4ny3,42,0,0.159585,0.09,25.4157,0.038,25.416,12.354,0.0,af3,nomsa_notemplate
4ny3,42,1,0.166413,0.07,35.7843,0.024,35.784,11.33,0.0,af3,nomsa_notemplate
4ny3,42,2,0.16156600000000002,0.08,50.3306,0.012,50.331,16.88,0.0,af3,nomsa_notemplate
4ny3,42,3,0.16151700000000002,0.07,39.0224,0.019,39.022,13.869,0.0,af3,nomsa_notemplate
4ny3,42,4,0.150196,0.08,22.1391,0.066,22.139,12.212,0.056,af3,nomsa_notemplate
4ny3,43,0,0.175102,0.07,38.3559,0.02,38.356,13.135,0.0,af3,nomsa_notemplate
4ny3,43,1,0.18406,0.06,33.2968,0.023,33.297,16.245,0.0,af3,nomsa_notemplate
4ny3,43,2,0.177985,0.11,35.8529,0.022,35.853,13.315,0.0,af3,nomsa_notemplate
4ny3,43,3,0.169455,0.08,24.2407,0.04,24.241,13.766,0.0,af3,nomsa_notemplate
4ny3,43,4,0.163513,0.1,21.2933,0.051,21.293,11.806,0.0,af3,nomsa_notemplate
4ny3,44,0,0.18261500000000003,0.12,33.0347,0.026,33.035,12.268,0.0,af3,nomsa_notemplate
4ny3,44,1,0.18641100000000002,0.13,30.2339,0.035,30.234,8.14,0.0,af3,nomsa_notemplate
4ny3,44,2,0.17306999999999997,0.09,46.8396,0.013,46.84,16.4,0.0,af3,nomsa_notemplate
4ny3,44,3,0.17454699999999998,0.08,17.62,0.067,17.62,12.989,0.0,af3,nomsa_notemplate
4ny3,44,4,0.161602,0.08,19.0266,0.079,19.027,12.26,0.056,af3,nomsa_notemplate
4odk,42,0,0.488884,0.5,10.1985,0.253,10.198,4.016,0.226,af3,nomsa_notemplate
4odk,42,1,0.541301,0.61,22.9307,0.063,22.931,7.67,0.032,af3,nomsa_notemplate
4odk,42,2,0.616747,0.69,25.3901,0.042,25.39,9.11,0.0,af3,nomsa_notemplate
4odk,42,3,0.49402900000000005,0.52,20.5442,0.059,20.544,8.308,0.0,af3,nomsa_notemplate
4odk,42,4,0.50329,0.5,24.3559,0.069,24.356,7.928,0.065,af3,nomsa_notemplate
4odk,43,0,0.415366,0.37,23.4226,0.051,23.423,7.814,0.0,af3,nomsa_notemplate
4odk,43,1,0.542344,0.6,24.9313,0.045,24.931,8.306,0.0,af3,nomsa_notemplate
4odk,43,2,0.5752929999999999,0.61,24.1781,0.07,24.178,7.901,0.065,af3,nomsa_notemplate
4odk,43,3,0.557619,0.62,26.4458,0.039,26.446,9.413,0.0,af3,nomsa_notemplate
4odk,43,4,0.5902259999999999,0.65,24.3174,0.047,24.317,8.353,0.0,af3,nomsa_notemplate
4odk,44,0,0.589934,0.66,26.0366,0.04,26.037,9.525,0.0,af3,nomsa_notemplate
4odk,44,1,0.512549,0.52,27.4148,0.038,27.415,9.148,0.0,af3,nomsa_notemplate
4odk,44,2,0.547033,0.59,24.5526,0.055,24.553,9.027,0.032,af3,nomsa_notemplate
4odk,44,3,0.48932499999999995,0.31,31.559,0.028,31.559,11.603,0.0,af3,nomsa_notemplate
4odk,44,4,0.542708,0.63,25.7347,0.041,25.735,9.448,0.0,af3,nomsa_notemplate
4ouc,42,0,0.187313,0.11,29.2103,0.028,29.21,18.593,0.0,af3,nomsa_notemplate
4ouc,42,1,0.182181,0.11,29.7612,0.027,29.761,19.418,0.0,af3,nomsa_notemplate
4ouc,42,2,0.184194,0.13,19.9262,0.054,19.926,15.82,0.0,af3,nomsa_notemplate
4ouc,42,3,0.165193,0.1,35.9311,0.02,35.931,19.469,0.0,af3,nomsa_notemplate
4ouc,42,4,0.19084299999999998,0.15,24.9761,0.046,24.976,19.128,0.029,af3,nomsa_notemplate
4ouc,43,0,0.18212,0.11,35.3996,0.03,35.4,18.128,0.029,af3,nomsa_notemplate
4ouc,43,1,0.212076,0.15,27.2858,0.108,27.286,17.393,0.229,af3,nomsa_notemplate
4ouc,43,2,0.182672,0.06,53.9104,0.01,53.91,21.106,0.0,af3,nomsa_notemplate
4ouc,43,3,0.174756,0.1,33.6817,0.022,33.682,18.536,0.0,af3,nomsa_notemplate
4ouc,43,4,0.175341,0.1,39.3318,0.017,39.332,19.891,0.0,af3,nomsa_notemplate
4ouc,44,0,0.183772,0.11,30.3592,0.037,30.359,16.1,0.029,af3,nomsa_notemplate
4ouc,44,1,0.180209,0.07,31.9483,0.024,31.948,19.781,0.0,af3,nomsa_notemplate
4ouc,44,2,0.17953,0.12,26.6035,0.052,26.604,18.067,0.057,af3,nomsa_notemplate
4ouc,44,3,0.216378,0.15,29.583,0.047,29.583,17.066,0.057,af3,nomsa_notemplate
4ouc,44,4,0.18651900000000002,0.15,23.3818,0.08,23.382,17.046,0.114,af3,nomsa_notemplate
4oyk,42,0,0.44862,0.21,10.2463,0.188,10.246,8.492,0.125,af3,nomsa_notemplate
4oyk,42,1,0.46778,0.25,16.2597,0.132,16.26,8.402,0.15,af3,nomsa_notemplate
4oyk,42,2,0.45748600000000006,0.22,13.8921,0.152,13.892,8.001,0.15,af3,nomsa_notemplate
4oyk,42,3,0.464581,0.27,17.4739,0.107,17.474,8.541,0.1,af3,nomsa_notemplate
4oyk,42,4,0.48289499999999996,0.3,15.0882,0.114,15.088,9.297,0.075,af3,nomsa_notemplate
4oyk,43,0,0.444821,0.2,15.9896,0.126,15.99,8.206,0.125,af3,nomsa_notemplate
4oyk,43,1,0.462665,0.22,15.9217,0.126,15.922,8.532,0.125,af3,nomsa_notemplate
4oyk,43,2,0.456746,0.24,15.0076,0.116,15.008,8.599,0.075,af3,nomsa_notemplate
4oyk,43,3,0.49133699999999997,0.3,15.373,0.104,15.373,8.795,0.05,af3,nomsa_notemplate
4oyk,43,4,0.454852,0.21,16.9446,0.109,16.945,8.994,0.1,af3,nomsa_notemplate
4oyk,44,0,0.451514,0.22,17.3545,0.099,17.354,8.557,0.075,af3,nomsa_notemplate
4oyk,44,1,0.457632,0.21,15.6361,0.119,15.636,8.562,0.1,af3,nomsa_notemplate
4oyk,44,2,0.481327,0.27,14.6241,0.118,14.624,8.842,0.075,af3,nomsa_notemplate
4oyk,44,3,0.449266,0.21,15.2609,0.122,15.261,8.779,0.1,af3,nomsa_notemplate
4oyk,44,4,0.455274,0.23,16.3179,0.096,16.318,9.423,0.05,af3,nomsa_notemplate
4pd1,42,0,0.15634399999999998,0.11,28.9402,0.029,28.94,17.209,0.0,af3,nomsa_notemplate
4pd1,42,1,0.15151199999999998,0.1,19.2334,0.059,19.233,13.293,0.0,af3,nomsa_notemplate
4pd1,42,2,0.14736000000000002,0.08,36.7669,0.019,36.767,18.878,0.0,af3,nomsa_notemplate
4pd1,42,3,0.151791,0.1,42.6901,0.015,42.69,18.239,0.0,af3,nomsa_notemplate
4pd1,42,4,0.14711,0.09,35.2066,0.021,35.207,17.21,0.0,af3,nomsa_notemplate
4pd1,43,0,0.149953,0.09,21.6158,0.047,21.616,18.348,0.0,af3,nomsa_notemplate
4pd1,43,1,0.146508,0.1,44.3507,0.014,44.351,19.593,0.0,af3,nomsa_notemplate
4pd1,43,2,0.162084,0.11,26.0159,0.048,26.016,19.508,0.042,af3,nomsa_notemplate
4pd1,43,3,0.153568,0.09,53.2218,0.009,53.222,25.046,0.0,af3,nomsa_notemplate
4pd1,43,4,0.144165,0.09,28.9413,0.029,28.941,17.581,0.0,af3,nomsa_notemplate
4pd1,44,0,0.15333,0.09,61.5119,0.008,61.512,22.9,0.0,af3,nomsa_notemplate
4pd1,44,1,0.141862,0.08,39.316,0.017,39.316,17.631,0.0,af3,nomsa_notemplate
4pd1,44,2,0.153973,0.12,16.8443,0.071,16.844,14.25,0.0,af3,nomsa_notemplate
4pd1,44,3,0.158851,0.12,9.4151,0.193,9.415,18.751,0.125,af3,nomsa_notemplate
4pd1,44,4,0.15504400000000002,0.12,27.3934,0.053,27.393,16.999,0.062,af3,nomsa_notemplate
4pge,42,0,0.200466,0.15,29.0946,0.04,29.095,15.909,0.034,af3,nomsa_notemplate
4pge,42,1,0.19563199999999997,0.16,26.2723,0.057,26.272,16.643,0.068,af3,nomsa_notemplate
4pge,42,2,0.210289,0.15,21.1124,0.095,21.112,16.046,0.136,af3,nomsa_notemplate
4pge,42,3,0.216061,0.16,24.9182,0.072,24.918,15.863,0.102,af3,nomsa_notemplate
4pge,42,4,0.22875800000000002,0.18,22.6215,0.05,22.622,15.825,0.017,af3,nomsa_notemplate
4pge,43,0,0.18926600000000002,0.12,25.6927,0.036,25.693,14.639,0.0,af3,nomsa_notemplate
4pge,43,1,0.162834,0.09,39.7027,0.017,39.703,18.575,0.0,af3,nomsa_notemplate
4pge,43,2,0.188614,0.13,26.1417,0.035,26.142,16.164,0.0,af3,nomsa_notemplate
4pge,43,3,0.180495,0.11,30.8744,0.026,30.874,15.77,0.0,af3,nomsa_notemplate
4pge,43,4,0.227397,0.17,22.1724,0.059,22.172,12.354,0.034,af3,nomsa_notemplate
4pge,44,0,0.19470700000000002,0.15,35.0286,0.027,35.029,15.387,0.017,af3,nomsa_notemplate
4pge,44,1,0.20265699999999998,0.16,16.031,0.088,16.031,15.384,0.034,af3,nomsa_notemplate
4pge,44,2,0.21008500000000002,0.16,27.5667,0.037,27.567,16.357,0.017,af3,nomsa_notemplate
4pge,44,3,0.198573,0.15,14.865,0.097,14.865,14.271,0.034,af3,nomsa_notemplate
4pge,44,4,0.196877,0.16,17.7563,0.082,17.756,16.181,0.051,af3,nomsa_notemplate
4qbr,42,0,0.396015,0.43,23.5587,0.099,23.559,6.048,0.125,af3,nomsa_notemplate
4qbr,42,1,0.376363,0.32,8.8393,0.251,8.839,3.586,0.125,af3,nomsa_notemplate
4qbr,42,2,0.407424,0.47,24.7392,0.086,24.739,6.449,0.1,af3,nomsa_notemplate
4qbr,42,3,0.399526,0.42,20.2776,0.151,20.278,5.127,0.225,af3,nomsa_notemplate
4qbr,42,4,0.346169,0.33,21.2187,0.108,21.219,5.902,0.125,af3,nomsa_notemplate
4qbr,43,0,0.27195,0.21,22.7022,0.053,22.702,7.704,0.0,af3,nomsa_notemplate
4qbr,43,1,0.267424,0.16,24.9322,0.046,24.932,7.856,0.0,af3,nomsa_notemplate
4qbr,43,2,0.243031,0.13,24.5164,0.046,24.516,8.382,0.0,af3,nomsa_notemplate
4qbr,43,3,0.261643,0.17,35.1857,0.024,35.186,11.531,0.0,af3,nomsa_notemplate
4qbr,43,4,0.272704,0.17,23.0336,0.064,23.034,6.75,0.025,af3,nomsa_notemplate
4qbr,44,0,0.315456,0.26,23.479,0.053,23.479,7.008,0.0,af3,nomsa_notemplate
4qbr,44,1,0.410761,0.45,13.1666,0.161,13.167,4.837,0.1,af3,nomsa_notemplate
4qbr,44,2,0.36357799999999996,0.29,12.4483,0.196,12.448,4.666,0.175,af3,nomsa_notemplate
4qbr,44,3,0.379,0.36,21.6807,0.096,21.681,6.266,0.1,af3,nomsa_notemplate
4qbr,44,4,0.422802,0.51,22.1477,0.098,22.148,5.68,0.1,af3,nomsa_notemplate
4r5i,42,0,0.29041,0.2,13.0635,0.216,13.064,4.471,0.25,af3,nomsa_notemplate
4r5i,42,1,0.49892899999999996,0.57,31.6867,0.023,31.687,30.507,0.0,af3,nomsa_notemplate
4r5i,42,2,0.288851,0.2,39.382,0.061,39.382,26.28,0.136,af3,nomsa_notemplate
4r5i,42,3,0.302057,0.19,19.3615,0.055,19.362,25.909,0.0,af3,nomsa_notemplate
4r5i,42,4,0.32459000000000005,0.2,17.4104,0.065,17.41,27.125,0.0,af3,nomsa_notemplate
4r5i,43,0,0.290667,0.19,16.3729,0.072,16.373,21.211,0.0,af3,nomsa_notemplate
4r5i,43,1,0.30329,0.2,26.9983,0.101,26.998,16.943,0.205,af3,nomsa_notemplate
4r5i,43,2,0.299618,0.17,16.413,0.072,16.413,26.022,0.0,af3,nomsa_notemplate
4r5i,43,3,0.341069,0.23,24.5059,0.037,24.506,25.931,0.0,af3,nomsa_notemplate
4r5i,43,4,0.313069,0.19,21.9164,0.045,21.916,25.823,0.0,af3,nomsa_notemplate
4r5i,44,0,0.286892,0.19,9.6802,0.232,9.68,7.996,0.227,af3,nomsa_notemplate
4r5i,44,1,0.244255,0.14,25.4709,0.067,25.471,15.448,0.091,af3,nomsa_notemplate
4r5i,44,2,0.256067,0.18,17.2035,0.067,17.203,19.115,0.0,af3,nomsa_notemplate
4r5i,44,3,0.278845,0.18,22.5009,0.044,22.501,16.232,0.0,af3,nomsa_notemplate
4r5i,44,4,0.262008,0.17,30.5278,0.026,30.528,18.992,0.0,af3,nomsa_notemplate
4txr,42,0,0.38210900000000003,0.16,36.3387,0.029,36.339,14.395,0.024,af3,nomsa_notemplate
4txr,42,1,0.362149,0.11,27.0243,0.043,27.024,12.743,0.024,af3,nomsa_notemplate
4txr,42,2,0.37682099999999996,0.15,27.5683,0.058,27.568,12.652,0.073,af3,nomsa_notemplate
4txr,42,3,0.397972,0.24,26.4515,0.047,26.451,9.815,0.024,af3,nomsa_notemplate
4txr,42,4,0.389137,0.17,22.4018,0.064,22.402,11.391,0.049,af3,nomsa_notemplate
4txr,43,0,0.384816,0.22,24.5109,0.067,24.511,10.392,0.073,af3,nomsa_notemplate
4txr,43,1,0.372241,0.1,27.7721,0.041,27.772,13.538,0.024,af3,nomsa_notemplate
4txr,43,2,0.39539900000000006,0.18,32.0083,0.034,32.008,13.531,0.024,af3,nomsa_notemplate
4txr,43,3,0.363618,0.13,32.289,0.026,32.289,12.688,0.0,af3,nomsa_notemplate
4txr,43,4,0.379422,0.21,30.6099,0.037,30.61,11.87,0.024,af3,nomsa_notemplate
4txr,44,0,0.382084,0.24,26.3583,0.036,26.358,13.099,0.0,af3,nomsa_notemplate
4txr,44,1,0.36958399999999997,0.12,31.0716,0.027,31.072,13.957,0.0,af3,nomsa_notemplate
4txr,44,2,0.379374,0.18,23.3158,0.146,23.316,9.037,0.293,af3,nomsa_notemplate
4txr,44,3,0.370216,0.12,28.6462,0.032,28.646,12.539,0.0,af3,nomsa_notemplate
4txr,44,4,0.386478,0.24,12.1176,0.263,12.118,10.529,0.439,af3,nomsa_notemplate
4u0c,42,0,0.251538,0.12,34.7658,0.023,34.766,12.907,0.0,af3,nomsa_notemplate
4u0c,42,1,0.257963,0.1,15.937,0.081,15.937,9.806,0.0,af3,nomsa_notemplate
4u0c,42,2,0.27859100000000003,0.14,24.4648,0.06,24.465,10.823,0.053,af3,nomsa_notemplate
4u0c,42,3,0.24083,0.11,30.708,0.135,30.708,11.362,0.316,af3,nomsa_notemplate
4u0c,42,4,0.244038,0.12,14.428,0.096,14.428,8.411,0.0,af3,nomsa_notemplate
4u0c,43,0,0.283377,0.22,36.3097,0.094,36.31,10.577,0.211,af3,nomsa_notemplate
4u0c,43,1,0.234631,0.09,24.4399,0.079,24.44,9.346,0.105,af3,nomsa_notemplate
4u0c,43,2,0.254342,0.11,24.1797,0.043,24.18,10.491,0.0,af3,nomsa_notemplate
4u0c,43,3,0.253717,0.14,14.3493,0.129,14.349,10.206,0.105,af3,nomsa_notemplate
4u0c,43,4,0.28796099999999997,0.28,19.0118,0.115,19.012,10.301,0.158,af3,nomsa_notemplate
4u0c,44,0,0.227683,0.09,27.1032,0.036,27.103,11.304,0.0,af3,nomsa_notemplate
4u0c,44,1,0.311525,0.3,38.3068,0.054,38.307,15.615,0.105,af3,nomsa_notemplate
4u0c,44,2,0.315337,0.31,15.1349,0.119,15.135,12.852,0.105,af3,nomsa_notemplate
4u0c,44,3,0.251645,0.1,19.2495,0.061,19.25,10.528,0.0,af3,nomsa_notemplate
4u0c,44,4,0.26432300000000003,0.15,33.9347,0.099,33.935,9.022,0.211,af3,nomsa_notemplate
4uqy,42,0,0.298324,0.23,23.1702,0.043,23.17,13.682,0.0,af3,nomsa_notemplate
4uqy,42,1,0.26233799999999996,0.2,18.6608,0.061,18.661,14.93,0.0,af3,nomsa_notemplate
4uqy,42,2,0.299111,0.22,19.6225,0.056,19.622,14.301,0.0,af3,nomsa_notemplate
4uqy,42,3,0.290435,0.21,25.0471,0.038,25.047,13.483,0.0,af3,nomsa_notemplate
4uqy,42,4,0.242959,0.15,28.5755,0.03,28.575,15.407,0.0,af3,nomsa_notemplate
4uqy,43,0,0.293449,0.21,20.0581,0.081,20.058,11.72,0.074,af3,nomsa_notemplate
4uqy,43,1,0.264881,0.21,21.9542,0.054,21.954,12.455,0.019,af3,nomsa_notemplate
4uqy,43,2,0.273758,0.2,23.3947,0.043,23.395,12.758,0.0,af3,nomsa_notemplate
4uqy,43,3,0.266368,0.24,21.6579,0.054,21.658,15.429,0.019,af3,nomsa_notemplate
4uqy,43,4,0.318812,0.27,14.954,0.091,14.954,14.512,0.019,af3,nomsa_notemplate
4uqy,44,0,0.29347999999999996,0.24,13.0306,0.103,13.031,15.12,0.0,af3,nomsa_notemplate
4uqy,44,1,0.264842,0.21,18.4013,0.074,18.401,14.504,0.037,af3,nomsa_notemplate
4uqy,44,2,0.280772,0.21,12.6549,0.132,12.655,14.853,0.074,af3,nomsa_notemplate
4uqy,44,3,0.282011,0.21,14.9802,0.085,14.98,13.959,0.0,af3,nomsa_notemplate
4uqy,44,4,0.292039,0.22,25.8915,0.036,25.891,14.317,0.0,af3,nomsa_notemplate
4x2h,42,0,0.25418399999999997,0.15,34.3944,0.023,34.394,13.933,0.0,af3,nomsa_notemplate
4x2h,42,1,0.251133,0.18,20.0677,0.072,20.068,13.618,0.053,af3,nomsa_notemplate
4x2h,42,2,0.253733,0.22,25.7671,0.038,25.767,11.597,0.0,af3,nomsa_notemplate
4x2h,42,3,0.24874300000000002,0.12,26.9846,0.034,26.985,13.379,0.0,af3,nomsa_notemplate
4x2h,42,4,0.25268,0.16,15.6999,0.085,15.7,8.946,0.0,af3,nomsa_notemplate
4x2h,43,0,0.234363,0.12,39.953,0.019,39.953,13.161,0.0,af3,nomsa_notemplate
4x2h,43,1,0.223669,0.1,19.1938,0.079,19.194,10.396,0.053,af3,nomsa_notemplate
4x2h,43,2,0.245186,0.13,37.3917,0.02,37.392,14.494,0.0,af3,nomsa_notemplate
4x2h,43,3,0.24578,0.19,36.4616,0.022,36.462,12.201,0.0,af3,nomsa_notemplate
4x2h,43,4,0.23555099999999998,0.09,42.0682,0.017,42.068,13.533,0.0,af3,nomsa_notemplate
4x2h,44,0,0.21882000000000001,0.1,24.1056,0.043,24.106,11.027,0.0,af3,nomsa_notemplate
4x2h,44,1,0.23952,0.12,13.6559,0.116,13.656,11.305,0.053,af3,nomsa_notemplate
4x2h,44,2,0.238039,0.11,26.2482,0.036,26.248,12.857,0.0,af3,nomsa_notemplate
4x2h,44,3,0.232908,0.12,24.6723,0.057,24.672,12.975,0.053,af3,nomsa_notemplate
4x2h,44,4,0.24001799999999998,0.18,19.8638,0.056,19.864,12.967,0.0,af3,nomsa_notemplate
4x3o,42,0,0.202986,0.13,10.209,0.157,10.209,8.622,0.033,af3,nomsa_notemplate
4x3o,42,1,0.178114,0.11,27.0198,0.036,27.02,11.008,0.0,af3,nomsa_notemplate
4x3o,42,2,0.28503799999999996,0.31,33.9466,0.026,33.947,11.066,0.0,af3,nomsa_notemplate
4x3o,42,3,0.214854,0.18,23.1843,0.047,23.184,9.634,0.0,af3,nomsa_notemplate
4x3o,42,4,0.268681,0.27,33.1988,0.026,33.199,11.39,0.0,af3,nomsa_notemplate
4x3o,43,0,0.222205,0.11,21.6016,0.051,21.602,10.741,0.0,af3,nomsa_notemplate
4x3o,43,1,0.29973,0.37,21.6663,0.052,21.666,10.096,0.0,af3,nomsa_notemplate
4x3o,43,2,0.244568,0.18,32.1299,0.027,32.13,11.647,0.0,af3,nomsa_notemplate
4x3o,43,3,0.19770800000000002,0.2,29.3748,0.032,29.375,11.301,0.0,af3,nomsa_notemplate
4x3o,43,4,0.24938400000000002,0.2,31.042,0.029,31.042,11.533,0.0,af3,nomsa_notemplate
4x3o,44,0,0.322738,0.32,40.2547,0.019,40.255,12.818,0.0,af3,nomsa_notemplate
4x3o,44,1,0.197254,0.11,16.715,0.079,16.715,8.368,0.0,af3,nomsa_notemplate
4x3o,44,2,0.17977,0.1,23.2598,0.045,23.26,11.001,0.0,af3,nomsa_notemplate
4x3o,44,3,0.179905,0.14,28.9528,0.032,28.953,11.439,0.0,af3,nomsa_notemplate
4x3o,44,4,0.19420500000000002,0.12,10.912,0.149,10.912,7.906,0.033,af3,nomsa_notemplate
4xc2,42,0,0.642076,0.49,5.8094,0.454,5.809,6.681,0.633,af3,nomsa_notemplate
4xc2,42,1,0.711358,0.6,2.2742,0.548,2.274,6.117,0.653,af3,nomsa_notemplate
4xc2,42,2,0.638112,0.49,6.1466,0.434,6.147,6.219,0.592,af3,nomsa_notemplate
4xc2,42,3,0.682376,0.55,3.3774,0.508,3.377,6.604,0.612,af3,nomsa_notemplate
4xc2,42,4,0.691409,0.59,4.6229,0.462,4.623,5.734,0.551,af3,nomsa_notemplate
4xc2,43,0,0.702858,0.7,2.801,0.505,2.801,5.776,0.551,af3,nomsa_notemplate
4xc2,43,1,0.723882,0.68,2.5864,0.569,2.586,5.187,0.714,af3,nomsa_notemplate
4xc2,43,2,0.717005,0.66,6.256,0.439,6.256,6.234,0.612,af3,nomsa_notemplate
4xc2,43,3,0.6784260000000001,0.56,5.6511,0.469,5.651,5.847,0.653,af3,nomsa_notemplate
4xc2,43,4,0.6948820000000001,0.61,6.0579,0.438,6.058,5.985,0.592,af3,nomsa_notemplate
4xc2,44,0,0.5110399999999999,0.31,7.105,0.37,7.105,8.487,0.49,af3,nomsa_notemplate
4xc2,44,1,0.563588,0.38,3.0151,0.514,3.015,5.879,0.592,af3,nomsa_notemplate
4xc2,44,2,0.498506,0.28,4.5051,0.46,4.505,8.732,0.571,af3,nomsa_notemplate
4xc2,44,3,0.579867,0.48,4.412,0.429,4.412,8.618,0.469,af3,nomsa_notemplate
4xc2,44,4,0.555163,0.35,5.0941,0.459,5.094,8.874,0.612,af3,nomsa_notemplate
4xek,42,0,0.6794159999999999,0.54,7.6837,0.351,7.684,4.877,0.417,af3,nomsa_notemplate
4xek,42,1,0.661123,0.51,8.0824,0.343,8.082,4.876,0.417,af3,nomsa_notemplate
4xek,42,2,0.674397,0.52,8.0805,0.345,8.08,4.675,0.417,af3,nomsa_notemplate
4xek,42,3,0.661945,0.53,7.9597,0.346,7.96,4.83,0.417,af3,nomsa_notemplate
4xek,42,4,0.682003,0.56,7.7906,0.339,7.791,4.898,0.389,af3,nomsa_notemplate
4xek,43,0,0.640421,0.53,8.3647,0.338,8.365,4.823,0.417,af3,nomsa_notemplate
4xek,43,1,0.6426149999999999,0.5,6.8779,0.371,6.878,4.671,0.417,af3,nomsa_notemplate
4xek,43,2,0.680086,0.58,7.8306,0.357,7.831,4.913,0.444,af3,nomsa_notemplate
4xek,43,3,0.654052,0.53,7.8609,0.348,7.861,4.837,0.417,af3,nomsa_notemplate
4xek,43,4,0.657486,0.5,7.5969,0.363,7.597,4.83,0.444,af3,nomsa_notemplate
4xek,44,0,0.685372,0.56,7.618,0.352,7.618,4.949,0.417,af3,nomsa_notemplate
4xek,44,1,0.673142,0.48,6.8404,0.373,6.84,4.618,0.417,af3,nomsa_notemplate
4xek,44,2,0.6592220000000001,0.5,7.7752,0.359,7.775,4.858,0.444,af3,nomsa_notemplate
4xek,44,3,0.711601,0.62,8.4059,0.344,8.406,5.068,0.444,af3,nomsa_notemplate
4xek,44,4,0.683891,0.51,7.3495,0.359,7.349,4.858,0.417,af3,nomsa_notemplate
4yje,42,0,0.620043,0.7,16.7673,0.096,16.767,4.975,0.0,af3,nomsa_notemplate
4yje,42,1,0.631081,0.72,17.0187,0.094,17.019,5.046,0.0,af3,nomsa_notemplate
4yje,42,2,0.630082,0.72,17.0979,0.093,17.098,5.051,0.0,af3,nomsa_notemplate
4yje,42,3,0.62134,0.71,17.1202,0.093,17.12,5.056,0.0,af3,nomsa_notemplate
4yje,42,4,0.617781,0.69,16.7991,0.096,16.799,4.986,0.0,af3,nomsa_notemplate
4yje,43,0,0.633803,0.71,16.9863,0.094,16.986,5.059,0.0,af3,nomsa_notemplate
4yje,43,1,0.634282,0.72,16.9628,0.094,16.963,5.038,0.0,af3,nomsa_notemplate
4yje,43,2,0.6229290000000001,0.7,16.8185,0.096,16.818,4.973,0.0,af3,nomsa_notemplate
4yje,43,3,0.625475,0.71,16.6411,0.097,16.641,4.956,0.0,af3,nomsa_notemplate
4yje,43,4,0.584846,0.66,16.4789,0.099,16.479,4.879,0.0,af3,nomsa_notemplate
4yje,44,0,0.639213,0.72,17.0736,0.093,17.074,5.032,0.0,af3,nomsa_notemplate
4yje,44,1,0.60251,0.67,16.7079,0.097,16.708,4.955,0.0,af3,nomsa_notemplate
4yje,44,2,0.617635,0.7,16.9014,0.095,16.901,5.026,0.0,af3,nomsa_notemplate
4yje,44,3,0.636844,0.72,17.2723,0.091,17.272,5.107,0.0,af3,nomsa_notemplate
4yje,44,4,0.619426,0.7,16.9723,0.094,16.972,5.02,0.0,af3,nomsa_notemplate
4z2o,42,0,0.330839,0.13,26.9146,0.035,26.915,12.23,0.0,af3,nomsa_notemplate
4z2o,42,1,0.34090000000000004,0.16,24.6369,0.041,24.637,11.622,0.0,af3,nomsa_notemplate
4z2o,42,2,0.410013,0.31,26.3217,0.043,26.322,12.96,0.022,af3,nomsa_notemplate
4z2o,42,3,0.33132199999999995,0.17,28.6394,0.032,28.639,12.238,0.0,af3,nomsa_notemplate
4z2o,42,4,0.33834000000000003,0.15,23.9973,0.043,23.997,10.943,0.0,af3,nomsa_notemplate
4z2o,43,0,0.34183399999999997,0.16,27.8621,0.034,27.862,11.92,0.0,af3,nomsa_notemplate
4z2o,43,1,0.39057400000000003,0.26,29.3815,0.031,29.382,12.226,0.0,af3,nomsa_notemplate
4z2o,43,2,0.404491,0.37,30.9187,0.035,30.919,14.147,0.022,af3,nomsa_notemplate
4z2o,43,3,0.353628,0.19,30.1598,0.029,30.16,12.924,0.0,af3,nomsa_notemplate
4z2o,43,4,0.331746,0.15,26.5777,0.036,26.578,12.427,0.0,af3,nomsa_notemplate
4z2o,44,0,0.35043599999999997,0.13,23.1023,0.046,23.102,10.78,0.0,af3,nomsa_notemplate
4z2o,44,1,0.34517699999999996,0.17,28.4313,0.033,28.431,11.623,0.0,af3,nomsa_notemplate
4z2o,44,2,0.35444400000000004,0.17,28.4511,0.032,28.451,12.348,0.0,af3,nomsa_notemplate
4z2o,44,3,0.334544,0.14,24.3093,0.043,24.309,10.775,0.0,af3,nomsa_notemplate
4z2o,44,4,0.381184,0.21,24.4281,0.042,24.428,11.538,0.0,af3,nomsa_notemplate
4zoz,42,0,0.824659,0.91,1.9999,0.915,2.0,0.558,0.918,af3,nomsa_notemplate
4zoz,42,1,0.839096,0.92,0.6856,0.932,0.686,0.425,0.878,af3,nomsa_notemplate
4zoz,42,2,0.839756,0.92,0.9262,0.922,0.926,0.499,0.878,af3,nomsa_notemplate
4zoz,42,3,0.838355,0.92,0.9023,0.941,0.902,0.456,0.918,af3,nomsa_notemplate
4zoz,42,4,0.8481350000000001,0.93,0.9974,0.931,0.997,0.478,0.898,af3,nomsa_notemplate
4zoz,43,0,0.844348,0.92,1.1279,0.927,1.128,0.503,0.898,af3,nomsa_notemplate
4zoz,43,1,0.8500960000000001,0.93,0.9259,0.94,0.926,0.463,0.918,af3,nomsa_notemplate
4zoz,43,2,0.845846,0.92,1.0374,0.941,1.037,0.441,0.918,af3,nomsa_notemplate
4zoz,43,3,0.844685,0.92,1.4515,0.926,1.452,0.582,0.939,af3,nomsa_notemplate
4zoz,43,4,0.843936,0.92,0.5728,0.946,0.573,0.433,0.918,af3,nomsa_notemplate
4zoz,44,0,0.83242,0.92,1.4134,0.913,1.413,0.535,0.878,af3,nomsa_notemplate
4zoz,44,1,0.8390730000000001,0.92,0.986,0.946,0.986,0.406,0.918,af3,nomsa_notemplate
4zoz,44,2,0.8403149999999999,0.92,0.9858,0.936,0.986,0.492,0.918,af3,nomsa_notemplate
4zoz,44,3,0.833347,0.92,1.2723,0.914,1.272,0.537,0.878,af3,nomsa_notemplate
4zoz,44,4,0.844294,0.92,1.0441,0.933,1.044,0.455,0.898,af3,nomsa_notemplate
5bs2,42,0,0.34568899999999997,0.23,26.4446,0.038,26.445,10.48,0.0,af3,nomsa_notemplate
5bs2,42,1,0.352577,0.25,25.1938,0.04,25.194,10.798,0.0,af3,nomsa_notemplate
5bs2,42,2,0.34759500000000004,0.22,26.9544,0.037,26.954,10.55,0.0,af3,nomsa_notemplate
5bs2,42,3,0.41450000000000004,0.34,21.5222,0.052,21.522,10.324,0.0,af3,nomsa_notemplate
5bs2,42,4,0.278315,0.12,29.6961,0.032,29.696,10.433,0.0,af3,nomsa_notemplate
5bs2,43,0,0.33900199999999997,0.24,7.1188,0.344,7.119,5.239,0.368,af3,nomsa_notemplate
5bs2,43,1,0.370831,0.29,25.1066,0.041,25.107,10.311,0.0,af3,nomsa_notemplate
5bs2,43,2,0.3342,0.22,26.3218,0.037,26.322,11.072,0.0,af3,nomsa_notemplate
5bs2,43,3,0.34009999999999996,0.2,26.5838,0.04,26.584,9.115,0.0,af3,nomsa_notemplate
5bs2,43,4,0.336728,0.19,26.4801,0.038,26.48,10.383,0.0,af3,nomsa_notemplate
5bs2,44,0,0.35683,0.25,27.106,0.038,27.106,9.712,0.0,af3,nomsa_notemplate
5bs2,44,1,0.324503,0.18,26.8805,0.036,26.881,11.295,0.0,af3,nomsa_notemplate
5bs2,44,2,0.333984,0.21,26.4997,0.038,26.5,10.499,0.0,af3,nomsa_notemplate
5bs2,44,3,0.27965599999999996,0.09,13.2415,0.125,13.242,8.441,0.053,af3,nomsa_notemplate
5bs2,44,4,0.412077,0.34,25.2203,0.042,25.22,9.306,0.0,af3,nomsa_notemplate
5crw,42,0,0.651416,0.87,10.1621,0.647,10.162,1.061,0.862,af3,nomsa_notemplate
5crw,42,1,0.698573,0.89,11.0035,0.633,11.004,1.071,0.862,af3,nomsa_notemplate
5crw,42,2,0.688086,0.88,10.0622,0.632,10.062,1.099,0.828,af3,nomsa_notemplate
5crw,42,3,0.647491,0.86,12.5221,0.63,12.522,1.037,0.897,af3,nomsa_notemplate
5crw,42,4,0.6913370000000001,0.9,12.7271,0.614,12.727,1.053,0.862,af3,nomsa_notemplate
5crw,43,0,0.7072539999999999,0.91,12.2202,0.636,12.22,1.014,0.897,af3,nomsa_notemplate
5crw,43,1,0.6915439999999999,0.9,11.1165,0.645,11.116,1.051,0.897,af3,nomsa_notemplate
5crw,43,2,0.683884,0.91,9.7225,0.657,9.723,1.04,0.862,af3,nomsa_notemplate
5crw,43,3,0.666535,0.89,10.4818,0.622,10.482,1.124,0.828,af3,nomsa_notemplate
5crw,43,4,0.6796120000000001,0.9,10.6169,0.618,10.617,1.051,0.793,af3,nomsa_notemplate
5crw,44,0,0.660906,0.86,10.4477,0.632,10.448,1.132,0.862,af3,nomsa_notemplate
5crw,44,1,0.693874,0.87,9.9155,0.634,9.916,1.098,0.828,af3,nomsa_notemplate
5crw,44,2,0.66534,0.89,13.1183,0.62,13.118,1.059,0.897,af3,nomsa_notemplate
5crw,44,3,0.7359220000000001,0.88,9.2529,0.673,9.253,1.063,0.897,af3,nomsa_notemplate
5crw,44,4,0.6690210000000001,0.87,14.5546,0.605,14.555,1.07,0.897,af3,nomsa_notemplate
5d94,42,0,0.773028,0.67,5.9937,0.416,5.994,7.456,0.542,af3,nomsa_notemplate
5d94,42,1,0.788261,0.69,5.5441,0.441,5.544,7.446,0.583,af3,nomsa_notemplate
5d94,42,2,0.7947320000000001,0.69,4.8654,0.465,4.865,7.621,0.604,af3,nomsa_notemplate
5d94,42,3,0.7385280000000001,0.65,3.7704,0.464,3.77,7.678,0.521,af3,nomsa_notemplate
5d94,42,4,0.782207,0.66,5.9445,0.452,5.945,7.519,0.646,af3,nomsa_notemplate
5d94,43,0,0.769373,0.66,6.1722,0.431,6.172,7.966,0.604,af3,nomsa_notemplate
5d94,43,1,0.7708020000000001,0.67,3.8613,0.49,3.861,7.614,0.604,af3,nomsa_notemplate
5d94,43,2,0.7801309999999999,0.68,5.237,0.454,5.237,8.227,0.604,af3,nomsa_notemplate
5d94,43,3,0.7568210000000001,0.65,5.3579,0.453,5.358,7.461,0.604,af3,nomsa_notemplate
5d94,43,4,0.7468819999999999,0.65,3.4213,0.493,3.421,7.711,0.583,af3,nomsa_notemplate
5d94,44,0,0.781579,0.67,4.5441,0.458,4.544,7.848,0.562,af3,nomsa_notemplate
5d94,44,1,0.789326,0.68,5.2657,0.44,5.266,7.753,0.562,af3,nomsa_notemplate
5d94,44,2,0.799392,0.7,4.2677,0.479,4.268,7.819,0.604,af3,nomsa_notemplate
5d94,44,3,0.7557349999999999,0.64,4.244,0.488,4.244,7.599,0.625,af3,nomsa_notemplate
5d94,44,4,0.7940179999999999,0.69,5.6241,0.433,5.624,7.361,0.562,af3,nomsa_notemplate
5dai,42,0,0.856493,0.95,0.693,0.943,0.693,0.609,0.977,af3,nomsa_notemplate
5dai,42,1,0.845005,0.94,1.0329,0.943,1.033,0.59,0.977,af3,nomsa_notemplate
5dai,42,2,0.850889,0.94,0.9386,0.933,0.939,0.665,0.977,af3,nomsa_notemplate
5dai,42,3,0.842522,0.93,0.9191,0.929,0.919,0.699,0.977,af3,nomsa_notemplate
5dai,42,4,0.83878,0.94,1.2503,0.917,1.25,0.709,0.953,af3,nomsa_notemplate
5dai,43,0,0.8310890000000001,0.93,1.0911,0.873,1.091,0.973,0.93,af3,nomsa_notemplate
5dai,43,1,0.838952,0.93,1.5309,0.896,1.531,0.828,0.953,af3,nomsa_notemplate
5dai,43,2,0.8343640000000001,0.93,1.7039,0.897,1.704,0.862,0.977,af3,nomsa_notemplate
5dai,43,3,0.836228,0.93,1.41,0.883,1.41,0.93,0.953,af3,nomsa_notemplate
5dai,43,4,0.8426359999999999,0.93,1.1566,0.896,1.157,0.858,0.953,af3,nomsa_notemplate
5dai,44,0,0.844938,0.94,1.0785,0.937,1.078,0.633,0.977,af3,nomsa_notemplate
5dai,44,1,0.854289,0.95,0.9099,0.932,0.91,0.681,0.977,af3,nomsa_notemplate
5dai,44,2,0.853915,0.94,0.7485,0.954,0.749,0.581,1.0,af3,nomsa_notemplate
5dai,44,3,0.8570789999999999,0.95,0.6352,0.95,0.635,0.62,1.0,af3,nomsa_notemplate
5dai,44,4,0.850321,0.95,1.0855,0.916,1.086,0.781,0.977,af3,nomsa_notemplate
5di8,42,0,0.432239,0.32,12.5129,0.111,12.513,11.457,0.0,af3,nomsa_notemplate
5di8,42,1,0.44290999999999997,0.33,26.8884,0.035,26.888,12.246,0.0,af3,nomsa_notemplate
5di8,42,2,0.523695,0.52,43.2442,0.015,43.244,18.466,0.0,af3,nomsa_notemplate
5di8,42,3,0.452352,0.35,12.4027,0.112,12.403,11.479,0.0,af3,nomsa_notemplate
5di8,42,4,0.408451,0.27,31.8919,0.026,31.892,14.16,0.0,af3,nomsa_notemplate
5di8,43,0,0.391959,0.23,23.2555,0.045,23.256,11.839,0.0,af3,nomsa_notemplate
5di8,43,1,0.438895,0.33,13.0934,0.104,13.093,11.839,0.0,af3,nomsa_notemplate
5di8,43,2,0.415838,0.26,28.4633,0.031,28.463,13.637,0.0,af3,nomsa_notemplate
5di8,43,3,0.47121,0.41,12.4845,0.111,12.484,11.663,0.0,af3,nomsa_notemplate
5di8,43,4,0.44112,0.3,11.0694,0.13,11.069,11.181,0.0,af3,nomsa_notemplate
5di8,44,0,0.41749400000000003,0.29,11.2395,0.127,11.24,11.46,0.0,af3,nomsa_notemplate
5di8,44,1,0.483595,0.37,21.0215,0.051,21.021,12.975,0.0,af3,nomsa_notemplate
5di8,44,2,0.46710999999999997,0.4,13.8026,0.097,13.803,12.05,0.0,af3,nomsa_notemplate
5di8,44,3,0.42021000000000003,0.32,12.172,0.115,12.172,11.208,0.0,af3,nomsa_notemplate
5di8,44,4,0.532146,0.57,31.4513,0.027,31.451,13.532,0.0,af3,nomsa_notemplate
5e33,42,0,0.124133,0.1,38.1529,0.017,38.153,20.829,0.0,af3,nomsa_notemplate
5e33,42,1,0.124455,0.15,39.6599,0.016,39.66,20.893,0.0,af3,nomsa_notemplate
5e33,42,2,0.11365,0.13,23.9866,0.039,23.986,21.023,0.0,af3,nomsa_notemplate
5e33,42,3,0.12465299999999999,0.11,47.1154,0.012,47.115,20.922,0.0,af3,nomsa_notemplate
5e33,42,4,0.126975,0.15,21.6936,0.054,21.693,21.51,0.024,af3,nomsa_notemplate
5e33,43,0,0.141645,0.16,10.3148,0.153,10.315,17.791,0.049,af3,nomsa_notemplate
5e33,43,1,0.121537,0.12,40.7205,0.015,40.721,22.962,0.0,af3,nomsa_notemplate
5e33,43,2,0.124817,0.11,37.3973,0.018,37.397,19.786,0.0,af3,nomsa_notemplate
5e33,43,3,0.118053,0.13,30.6969,0.034,30.697,20.747,0.024,af3,nomsa_notemplate
5e33,43,4,0.12747999999999998,0.14,31.5782,0.033,31.578,19.802,0.024,af3,nomsa_notemplate
5e33,44,0,0.13577999999999998,0.16,14.8372,0.108,14.837,22.001,0.073,af3,nomsa_notemplate
5e33,44,1,0.12855,0.13,23.7073,0.04,23.707,17.83,0.0,af3,nomsa_notemplate
5e33,44,2,0.132595,0.14,34.8914,0.02,34.891,25.124,0.0,af3,nomsa_notemplate
5e33,44,3,0.136045,0.2,18.4992,0.077,18.499,17.416,0.049,af3,nomsa_notemplate
5e33,44,4,0.12783,0.14,39.9228,0.016,39.923,19.241,0.0,af3,nomsa_notemplate
5efi,42,0,0.18712499999999999,0.11,28.1623,0.038,28.162,13.423,0.02,af3,nomsa_notemplate
5efi,42,1,0.176626,0.09,31.6673,0.038,31.667,16.396,0.039,af3,nomsa_notemplate
5efi,42,2,0.192256,0.08,26.6062,0.033,26.606,17.265,0.0,af3,nomsa_notemplate
5efi,42,3,0.19814800000000002,0.09,25.897,0.036,25.897,14.434,0.0,af3,nomsa_notemplate
5efi,42,4,0.18279900000000002,0.07,31.6408,0.033,31.641,14.488,0.02,af3,nomsa_notemplate
5efi,43,0,0.205607,0.15,44.8439,0.013,44.844,21.838,0.0,af3,nomsa_notemplate
5efi,43,1,0.20828600000000003,0.07,27.2658,0.031,27.266,21.664,0.0,af3,nomsa_notemplate
5efi,43,2,0.237601,0.12,40.344,0.018,40.344,14.39,0.0,af3,nomsa_notemplate
5efi,43,3,0.236875,0.16,45.3613,0.014,45.361,15.934,0.0,af3,nomsa_notemplate
5efi,43,4,0.203481,0.14,51.5378,0.018,51.538,16.358,0.02,af3,nomsa_notemplate
5efi,44,0,0.215686,0.13,39.448,0.025,39.448,14.006,0.02,af3,nomsa_notemplate
5efi,44,1,0.209507,0.19,41.6805,0.016,41.68,16.085,0.0,af3,nomsa_notemplate
5efi,44,2,0.22485,0.11,49.3239,0.012,49.324,18.766,0.0,af3,nomsa_notemplate
5efi,44,3,0.20918399999999998,0.16,47.5049,0.013,47.505,16.975,0.0,af3,nomsa_notemplate
5efi,44,4,0.219262,0.07,40.2103,0.017,40.21,17.383,0.0,af3,nomsa_notemplate
5ei3,42,0,0.22407900000000003,0.12,36.9259,0.019,36.926,16.707,0.0,af3,nomsa_notemplate
5ei3,42,1,0.23260999999999998,0.1,35.7696,0.021,35.77,14.92,0.0,af3,nomsa_notemplate
5ei3,42,2,0.23558,0.16,30.629,0.028,30.629,13.591,0.0,af3,nomsa_notemplate
5ei3,42,3,0.22479500000000002,0.12,28.6926,0.031,28.693,13.447,0.0,af3,nomsa_notemplate
5ei3,42,4,0.23748000000000002,0.12,29.5802,0.029,29.58,13.693,0.0,af3,nomsa_notemplate
5ei3,43,0,0.23613499999999998,0.11,28.3037,0.032,28.304,13.232,0.0,af3,nomsa_notemplate
5ei3,43,1,0.220338,0.11,32.1877,0.025,32.188,14.398,0.0,af3,nomsa_notemplate
5ei3,43,2,0.214479,0.09,37.9314,0.019,37.931,15.68,0.0,af3,nomsa_notemplate
5ei3,43,3,0.205922,0.1,38.3065,0.019,38.306,15.623,0.0,af3,nomsa_notemplate
5ei3,43,4,0.21581399999999998,0.1,26.5875,0.035,26.587,13.878,0.0,af3,nomsa_notemplate
5ei3,44,0,0.230102,0.11,30.7476,0.027,30.748,14.614,0.0,af3,nomsa_notemplate
5ei3,44,1,0.235651,0.11,31.476,0.026,31.476,14.763,0.0,af3,nomsa_notemplate
5ei3,44,2,0.198933,0.08,31.5915,0.026,31.592,14.543,0.0,af3,nomsa_notemplate
5ei3,44,3,0.227518,0.12,32.1512,0.025,32.151,14.967,0.0,af3,nomsa_notemplate
5ei3,44,4,0.217055,0.1,32.1214,0.025,32.121,14.728,0.0,af3,nomsa_notemplate
5fml,42,0,0.296956,0.07,41.861,0.015,41.861,18.459,0.0,af3,nomsa_notemplate
5fml,42,1,0.293295,0.07,35.7425,0.021,35.743,16.241,0.0,af3,nomsa_notemplate
5fml,42,2,0.282146,0.09,24.5282,0.054,24.528,15.76,0.044,af3,nomsa_notemplate
5fml,42,3,0.289843,0.06,42.42,0.015,42.42,19.017,0.0,af3,nomsa_notemplate
5fml,42,4,0.298249,0.08,40.0137,0.017,40.014,16.248,0.0,af3,nomsa_notemplate
5fml,43,0,0.282997,0.09,13.0767,0.113,13.077,10.862,0.022,af3,nomsa_notemplate
5fml,43,1,0.290126,0.08,36.2651,0.021,36.265,15.245,0.0,af3,nomsa_notemplate
5fml,43,2,0.302213,0.17,29.7507,0.073,29.751,15.351,0.133,af3,nomsa_notemplate
5fml,43,3,0.25724,0.06,21.8607,0.055,21.861,13.645,0.022,af3,nomsa_notemplate
5fml,43,4,0.287087,0.11,28.9622,0.029,28.962,15.753,0.0,af3,nomsa_notemplate
5fml,44,0,0.29325500000000004,0.06,41.128,0.016,41.128,17.466,0.0,af3,nomsa_notemplate
5fml,44,1,0.288201,0.09,15.7804,0.078,15.78,17.003,0.0,af3,nomsa_notemplate
5fml,44,2,0.289856,0.09,17.5872,0.081,17.587,15.439,0.044,af3,nomsa_notemplate
5fml,44,3,0.275468,0.05,36.669,0.019,36.669,17.859,0.0,af3,nomsa_notemplate
5fml,44,4,0.288821,0.08,24.6716,0.039,24.672,14.523,0.0,af3,nomsa_notemplate
5fpx,42,0,0.399033,0.33,18.6616,0.068,18.662,8.322,0.0,af3,nomsa_notemplate
5fpx,42,1,0.40374699999999997,0.28,21.6323,0.053,21.632,9.097,0.0,af3,nomsa_notemplate
5fpx,42,2,0.40842799999999996,0.37,10.1572,0.175,10.157,7.03,0.07,af3,nomsa_notemplate
5fpx,42,3,0.37594900000000003,0.27,18.5144,0.069,18.514,8.279,0.0,af3,nomsa_notemplate
5fpx,42,4,0.419193,0.44,22.9436,0.048,22.944,9.433,0.0,af3,nomsa_notemplate
5fpx,43,0,0.40325099999999997,0.31,16.215,0.085,16.215,7.551,0.0,af3,nomsa_notemplate
5fpx,43,1,0.45122599999999996,0.4,15.1,0.116,15.1,7.604,0.07,af3,nomsa_notemplate
5fpx,43,2,0.401139,0.27,18.05,0.079,18.05,8.28,0.023,af3,nomsa_notemplate
5fpx,43,3,0.424949,0.37,13.5224,0.113,13.522,7.999,0.023,af3,nomsa_notemplate
5fpx,43,4,0.415146,0.27,19.1727,0.08,19.173,8.622,0.047,af3,nomsa_notemplate
5fpx,44,0,0.45386499999999996,0.48,20.3717,0.06,20.372,8.477,0.0,af3,nomsa_notemplate
5fpx,44,1,0.423405,0.45,21.2451,0.055,21.245,9.243,0.0,af3,nomsa_notemplate
5fpx,44,2,0.390411,0.22,22.4801,0.051,22.48,9.065,0.0,af3,nomsa_notemplate
5fpx,44,3,0.407435,0.34,21.416,0.06,21.416,10.561,0.023,af3,nomsa_notemplate
5fpx,44,4,0.368126,0.22,22.0796,0.052,22.08,8.911,0.0,af3,nomsa_notemplate
5fv6,42,0,0.29138000000000003,0.16,29.2245,0.034,29.224,9.612,0.0,af3,nomsa_notemplate
5fv6,42,1,0.296211,0.22,29.536,0.031,29.536,11.42,0.0,af3,nomsa_notemplate
5fv6,42,2,0.26625699999999997,0.13,31.9384,0.028,31.938,11.434,0.0,af3,nomsa_notemplate
5fv6,42,3,0.282435,0.15,27.295,0.037,27.295,9.632,0.0,af3,nomsa_notemplate
5fv6,42,4,0.316243,0.27,25.6843,0.04,25.684,10.434,0.0,af3,nomsa_notemplate
5fv6,43,0,0.26945399999999997,0.11,26.7155,0.04,26.716,9.03,0.0,af3,nomsa_notemplate
5fv6,43,1,0.295481,0.2,22.3721,0.051,22.372,9.178,0.0,af3,nomsa_notemplate
5fv6,43,2,0.285126,0.14,26.9693,0.035,26.969,12.06,0.0,af3,nomsa_notemplate
5fv6,43,3,0.303572,0.22,25.8194,0.039,25.819,10.801,0.0,af3,nomsa_notemplate
5fv6,43,4,0.323872,0.22,24.6889,0.062,24.689,8.667,0.05,af3,nomsa_notemplate
5fv6,44,0,0.30378,0.21,18.5583,0.151,18.558,8.587,0.25,af3,nomsa_notemplate
5fv6,44,1,0.31713,0.23,17.8933,0.069,17.893,9.946,0.0,af3,nomsa_notemplate
5fv6,44,2,0.27834800000000004,0.16,31.6574,0.027,31.657,12.28,0.0,af3,nomsa_notemplate
5fv6,44,3,0.297354,0.07,28.3969,0.037,28.397,8.92,0.0,af3,nomsa_notemplate
5fv6,44,4,0.341981,0.32,17.1142,0.14,17.114,9.825,0.2,af3,nomsa_notemplate
5ggp,42,0,0.37358600000000003,0.19,31.6522,0.028,31.652,11.272,0.0,af3,nomsa_notemplate
5ggp,42,1,0.324444,0.18,31.5602,0.026,31.56,14.942,0.0,af3,nomsa_notemplate
5ggp,42,2,0.315642,0.16,36.6279,0.022,36.628,11.762,0.0,af3,nomsa_notemplate
5ggp,42,3,0.38514200000000004,0.3,15.2983,0.088,15.298,8.956,0.0,af3,nomsa_notemplate
5ggp,42,4,0.311106,0.13,42.5656,0.017,42.566,13.766,0.0,af3,nomsa_notemplate
5ggp,43,0,0.34765799999999997,0.21,20.1053,0.055,20.105,12.737,0.0,af3,nomsa_notemplate
5ggp,43,1,0.398347,0.22,28.1199,0.036,28.12,9.626,0.0,af3,nomsa_notemplate
5ggp,43,2,0.421439,0.29,32.8375,0.025,32.838,14.411,0.0,af3,nomsa_notemplate
5ggp,43,3,0.43904200000000004,0.37,34.5699,0.023,34.57,13.266,0.0,af3,nomsa_notemplate
5ggp,43,4,0.306164,0.13,35.6613,0.022,35.661,13.731,0.0,af3,nomsa_notemplate
5ggp,44,0,0.35335,0.18,18.3762,0.071,18.376,7.808,0.0,af3,nomsa_notemplate
5ggp,44,1,0.323703,0.14,34.2482,0.025,34.248,11.753,0.0,af3,nomsa_notemplate
5ggp,44,2,0.33657800000000004,0.15,33.739,0.025,33.739,11.533,0.0,af3,nomsa_notemplate
5ggp,44,3,0.4636,0.39,25.3396,0.043,25.34,8.86,0.0,af3,nomsa_notemplate
5ggp,44,4,0.406633,0.26,27.7479,0.036,27.748,9.882,0.0,af3,nomsa_notemplate
5gu4,42,0,0.21252600000000002,0.12,28.7966,0.03,28.797,15.564,0.0,af3,nomsa_notemplate
5gu4,42,1,0.241832,0.18,35.2348,0.026,35.235,9.715,0.0,af3,nomsa_notemplate
5gu4,42,2,0.220079,0.14,30.5791,0.04,30.579,13.224,0.037,af3,nomsa_notemplate
5gu4,42,3,0.239498,0.18,45.1477,0.014,45.148,16.842,0.0,af3,nomsa_notemplate
5gu4,42,4,0.209666,0.11,38.5856,0.02,38.586,13.22,0.0,af3,nomsa_notemplate
5gu4,43,0,0.21276599999999998,0.13,27.8262,0.033,27.826,12.984,0.0,af3,nomsa_notemplate
5gu4,43,1,0.224713,0.14,17.5546,0.079,17.555,14.088,0.037,af3,nomsa_notemplate
5gu4,43,2,0.242196,0.22,17.854,0.166,17.854,11.414,0.296,af3,nomsa_notemplate
5gu4,43,3,0.232698,0.16,24.9464,0.051,24.946,14.387,0.037,af3,nomsa_notemplate
5gu4,43,4,0.18632100000000001,0.09,24.2291,0.04,24.229,13.983,0.0,af3,nomsa_notemplate
5gu4,44,0,0.226681,0.17,32.2702,0.029,32.27,9.987,0.0,af3,nomsa_notemplate
5gu4,44,1,0.22477,0.17,13.7712,0.12,13.771,15.526,0.074,af3,nomsa_notemplate
5gu4,44,2,0.221968,0.11,44.5315,0.027,44.532,16.046,0.037,af3,nomsa_notemplate
5gu4,44,3,0.237849,0.21,29.4701,0.031,29.47,12.226,0.0,af3,nomsa_notemplate
5gu4,44,4,0.203719,0.12,31.879,0.027,31.879,12.674,0.0,af3,nomsa_notemplate
5huw,42,0,0.8717489999999999,0.92,1.2984,0.904,1.298,0.726,0.926,af3,nomsa_notemplate
5huw,42,1,0.870587,0.92,1.3189,0.905,1.319,0.718,0.926,af3,nomsa_notemplate
5huw,42,2,0.8706100000000001,0.92,1.2895,0.903,1.29,0.736,0.926,af3,nomsa_notemplate
5huw,42,3,0.864051,0.92,1.3761,0.834,1.376,1.222,0.926,af3,nomsa_notemplate
5huw,42,4,0.871683,0.93,1.3361,0.918,1.336,0.622,0.926,af3,nomsa_notemplate
5huw,43,0,0.871148,0.91,1.3863,0.848,1.386,1.119,0.926,af3,nomsa_notemplate
5huw,43,1,0.874883,0.93,1.3301,0.854,1.33,1.076,0.926,af3,nomsa_notemplate
5huw,43,2,0.8717900000000001,0.92,1.3514,0.885,1.351,0.899,0.944,af3,nomsa_notemplate
5huw,43,3,0.870142,0.92,1.3052,0.879,1.305,0.901,0.926,af3,nomsa_notemplate
5huw,43,4,0.8543600000000001,0.91,1.6561,0.84,1.656,1.017,0.87,af3,nomsa_notemplate
5huw,44,0,0.8662869999999999,0.91,1.3436,0.887,1.344,0.884,0.944,af3,nomsa_notemplate
5huw,44,1,0.873834,0.93,1.3754,0.921,1.375,0.644,0.944,af3,nomsa_notemplate
5huw,44,2,0.8647750000000001,0.93,1.2888,0.84,1.289,1.141,0.907,af3,nomsa_notemplate
5huw,44,3,0.86576,0.91,1.1896,0.87,1.19,1.016,0.944,af3,nomsa_notemplate
5huw,44,4,0.857384,0.92,1.3639,0.873,1.364,0.986,0.944,af3,nomsa_notemplate
5i7z,42,0,0.45013800000000004,0.23,11.392,0.134,11.392,12.177,0.029,af3,nomsa_notemplate
5i7z,42,1,0.39771500000000004,0.14,17.4731,0.117,17.473,13.093,0.147,af3,nomsa_notemplate
5i7z,42,2,0.42161000000000004,0.16,28.0671,0.061,28.067,13.979,0.088,af3,nomsa_notemplate
5i7z,42,3,0.473437,0.22,24.6738,0.04,24.674,13.126,0.0,af3,nomsa_notemplate
5i7z,42,4,0.468968,0.24,23.4331,0.171,23.433,12.724,0.382,af3,nomsa_notemplate
5i7z,43,0,0.40161499999999994,0.17,24.9697,0.048,24.97,13.773,0.029,af3,nomsa_notemplate
5i7z,43,1,0.376783,0.13,22.6087,0.056,22.609,12.743,0.029,af3,nomsa_notemplate
5i7z,43,2,0.394553,0.14,28.6075,0.032,28.608,12.293,0.0,af3,nomsa_notemplate
5i7z,43,3,0.3882,0.15,23.6842,0.053,23.684,11.856,0.029,af3,nomsa_notemplate
5i7z,43,4,0.42424799999999996,0.14,23.2299,0.063,23.23,12.936,0.059,af3,nomsa_notemplate
5i7z,44,0,0.411862,0.15,27.0208,0.063,27.021,13.533,0.088,af3,nomsa_notemplate
5i7z,44,1,0.45158299999999996,0.18,24.2496,0.052,24.25,11.848,0.029,af3,nomsa_notemplate
5i7z,44,2,0.419343,0.2,24.7506,0.039,24.751,13.208,0.0,af3,nomsa_notemplate
5i7z,44,3,0.380525,0.12,20.8994,0.052,20.899,12.17,0.0,af3,nomsa_notemplate
5i7z,44,4,0.393557,0.14,22.71,0.085,22.71,12.122,0.118,af3,nomsa_notemplate
5j3q,42,0,0.7985880000000001,0.83,1.8537,0.764,1.854,1.369,0.791,af3,nomsa_notemplate
5j3q,42,1,0.7952370000000001,0.83,3.0988,0.682,3.099,1.77,0.744,af3,nomsa_notemplate
5j3q,42,2,0.78402,0.82,3.3715,0.662,3.371,1.835,0.721,af3,nomsa_notemplate
5j3q,42,3,0.772332,0.8,3.6134,0.651,3.613,1.891,0.721,af3,nomsa_notemplate
5j3q,42,4,0.7957299999999999,0.83,2.1679,0.742,2.168,1.446,0.767,af3,nomsa_notemplate
5j3q,43,0,0.7474989999999999,0.77,3.6495,0.643,3.65,1.98,0.721,af3,nomsa_notemplate
5j3q,43,1,0.800345,0.82,1.8904,0.781,1.89,1.285,0.814,af3,nomsa_notemplate
5j3q,43,2,0.805017,0.82,3.1422,0.682,3.142,1.75,0.744,af3,nomsa_notemplate
5j3q,43,3,0.7832680000000001,0.79,3.2272,0.672,3.227,1.841,0.744,af3,nomsa_notemplate
5j3q,43,4,0.790181,0.8,2.4413,0.719,2.441,1.533,0.744,af3,nomsa_notemplate
5j3q,44,0,0.800026,0.82,3.0708,0.677,3.071,1.666,0.698,af3,nomsa_notemplate
5j3q,44,1,0.790288,0.81,2.794,0.715,2.794,1.654,0.791,af3,nomsa_notemplate
5j3q,44,2,0.802665,0.81,1.8797,0.782,1.88,1.343,0.837,af3,nomsa_notemplate
5j3q,44,3,0.7840260000000001,0.8,1.4676,0.816,1.468,1.126,0.837,af3,nomsa_notemplate
5j3q,44,4,0.8162940000000001,0.84,1.98,0.794,1.98,1.293,0.86,af3,nomsa_notemplate
5kds,42,0,0.135771,0.17,24.5114,0.04,24.511,12.543,0.0,af3,nomsa_notemplate
5kds,42,1,0.159275,0.18,28.4586,0.032,28.459,12.015,0.0,af3,nomsa_notemplate
5kds,42,2,0.137714,0.12,15.7138,0.079,15.714,13.659,0.0,af3,nomsa_notemplate
5kds,42,3,0.146343,0.16,17.3155,0.07,17.316,11.913,0.0,af3,nomsa_notemplate
5kds,42,4,0.143275,0.12,29.3635,0.032,29.364,10.653,0.0,af3,nomsa_notemplate
5kds,43,0,0.141457,0.14,21.9981,0.048,21.998,11.959,0.0,af3,nomsa_notemplate
5kds,43,1,0.16118200000000002,0.2,24.0162,0.069,24.016,10.604,0.077,af3,nomsa_notemplate
5kds,43,2,0.178461,0.24,17.9459,0.068,17.946,10.381,0.0,af3,nomsa_notemplate
5kds,43,3,0.158946,0.19,11.1603,0.129,11.16,10.609,0.0,af3,nomsa_notemplate
5kds,43,4,0.159375,0.2,19.7207,0.058,19.721,11.028,0.0,af3,nomsa_notemplate
5kds,44,0,0.15876099999999999,0.21,30.3053,0.032,30.305,10.072,0.0,af3,nomsa_notemplate
5kds,44,1,0.16517099999999998,0.2,35.3312,0.024,35.331,11.622,0.0,af3,nomsa_notemplate
5kds,44,2,0.149921,0.13,25.6343,0.039,25.634,11.499,0.0,af3,nomsa_notemplate
5kds,44,3,0.146807,0.17,19.1447,0.061,19.145,11.253,0.0,af3,nomsa_notemplate
5kds,44,4,0.148421,0.16,34.8292,0.023,34.829,13.04,0.0,af3,nomsa_notemplate
5lyn,42,0,0.8838379999999999,0.91,1.3646,0.919,1.365,0.429,0.857,af3,nomsa_notemplate
5lyn,42,1,0.869915,0.88,1.31,0.944,1.31,0.422,0.929,af3,nomsa_notemplate
5lyn,42,2,0.8405800000000001,0.88,1.0893,0.925,1.089,0.396,0.857,af3,nomsa_notemplate
5lyn,42,3,0.832025,0.87,1.4874,0.887,1.487,0.488,0.786,af3,nomsa_notemplate
5lyn,42,4,0.8684820000000001,0.89,1.1876,0.91,1.188,0.417,0.821,af3,nomsa_notemplate
5lyn,43,0,0.5236350000000001,0.49,4.2081,0.49,4.208,2.691,0.429,af3,nomsa_notemplate
5lyn,43,1,0.5191749999999999,0.52,5.8147,0.432,5.815,3.122,0.429,af3,nomsa_notemplate
5lyn,43,2,0.46429499999999996,0.42,3.0454,0.529,3.045,3.002,0.5,af3,nomsa_notemplate
5lyn,43,3,0.542793,0.54,3.2301,0.525,3.23,2.445,0.429,af3,nomsa_notemplate
5lyn,43,4,0.56294,0.55,3.5734,0.547,3.573,2.564,0.536,af3,nomsa_notemplate
5lyn,44,0,0.856611,0.89,1.0513,0.942,1.051,0.351,0.893,af3,nomsa_notemplate
5lyn,44,1,0.8722759999999999,0.88,1.344,0.92,1.344,0.422,0.857,af3,nomsa_notemplate
5lyn,44,2,0.8527760000000001,0.88,1.2579,0.934,1.258,0.408,0.893,af3,nomsa_notemplate
5lyn,44,3,0.8168850000000001,0.86,1.7821,0.824,1.782,0.574,0.643,af3,nomsa_notemplate
5lyn,44,4,0.8249420000000001,0.86,1.9256,0.842,1.926,0.603,0.714,af3,nomsa_notemplate
5m5r,42,0,0.208308,0.15,29.85,0.033,29.85,9.305,0.0,af3,nomsa_notemplate
5m5r,42,1,0.19310300000000002,0.13,45.6096,0.015,45.61,14.635,0.0,af3,nomsa_notemplate
5m5r,42,2,0.186002,0.12,48.3627,0.013,48.363,15.803,0.0,af3,nomsa_notemplate
5m5r,42,3,0.17557999999999999,0.1,36.2517,0.023,36.252,11.791,0.0,af3,nomsa_notemplate
5m5r,42,4,0.191269,0.15,46.2348,0.014,46.235,14.787,0.0,af3,nomsa_notemplate
5m5r,43,0,0.21540199999999998,0.17,49.8611,0.012,49.861,15.63,0.0,af3,nomsa_notemplate
5m5r,43,1,0.18853799999999998,0.13,50.9001,0.011,50.9,17.475,0.0,af3,nomsa_notemplate
5m5r,43,2,0.207777,0.15,49.4591,0.012,49.459,16.693,0.0,af3,nomsa_notemplate
5m5r,43,3,0.212341,0.18,34.254,0.025,34.254,11.488,0.0,af3,nomsa_notemplate
5m5r,43,4,0.208451,0.17,51.2966,0.011,51.297,16.997,0.0,af3,nomsa_notemplate
5m5r,44,0,0.186464,0.15,33.5849,0.025,33.585,11.726,0.0,af3,nomsa_notemplate
5m5r,44,1,0.19637899999999997,0.11,5.9031,0.33,5.903,2.723,0.081,af3,nomsa_notemplate
5m5r,44,2,0.214449,0.16,54.0014,0.01,54.001,17.635,0.0,af3,nomsa_notemplate
5m5r,44,3,0.22873100000000002,0.18,32.844,0.027,32.844,10.933,0.0,af3,nomsa_notemplate
5m5r,44,4,0.180179,0.13,27.2921,0.037,27.292,9.842,0.0,af3,nomsa_notemplate
5n22,42,0,0.324846,0.23,24.5256,0.061,24.526,14.493,0.065,af3,nomsa_notemplate
5n22,42,1,0.304861,0.17,41.5349,0.016,41.535,17.072,0.0,af3,nomsa_notemplate
5n22,42,2,0.293568,0.18,36.6252,0.02,36.625,15.053,0.0,af3,nomsa_notemplate
5n22,42,3,0.315351,0.2,35.4478,0.021,35.448,15.71,0.0,af3,nomsa_notemplate
5n22,42,4,0.353461,0.32,18.4157,0.069,18.416,14.511,0.022,af3,nomsa_notemplate
5n22,43,0,0.289945,0.14,37.0001,0.019,37.0,16.355,0.0,af3,nomsa_notemplate
5n22,43,1,0.354525,0.28,31.379,0.026,31.379,16.286,0.0,af3,nomsa_notemplate
5n22,43,2,0.32191400000000003,0.24,34.0156,0.023,34.016,14.825,0.0,af3,nomsa_notemplate
5n22,43,3,0.457254,0.51,27.8357,0.032,27.836,15.402,0.0,af3,nomsa_notemplate
5n22,43,4,0.380313,0.33,32.6566,0.024,32.657,16.221,0.0,af3,nomsa_notemplate
5n22,44,0,0.360678,0.36,36.8309,0.02,36.831,16.212,0.0,af3,nomsa_notemplate
5n22,44,1,0.325943,0.32,19.0461,0.081,19.046,14.12,0.065,af3,nomsa_notemplate
5n22,44,2,0.314786,0.21,44.4485,0.014,44.449,18.32,0.0,af3,nomsa_notemplate
5n22,44,3,0.353037,0.31,30.5275,0.034,30.528,16.668,0.022,af3,nomsa_notemplate
5n22,44,4,0.400543,0.36,22.8891,0.066,22.889,14.21,0.065,af3,nomsa_notemplate
5n85,42,0,0.525826,0.32,11.1801,0.127,11.18,11.924,0.0,af3,nomsa_notemplate
5n85,42,1,0.461956,0.27,16.0569,0.079,16.057,11.265,0.0,af3,nomsa_notemplate
5n85,42,2,0.514173,0.33,15.0473,0.087,15.047,10.522,0.0,af3,nomsa_notemplate
5n85,42,3,0.5382560000000001,0.37,13.3883,0.11,13.388,11.682,0.026,af3,nomsa_notemplate
5n85,42,4,0.5012019999999999,0.31,15.5509,0.083,15.551,11.078,0.0,af3,nomsa_notemplate
5n85,43,0,0.5068280000000001,0.34,6.5895,0.223,6.59,11.161,0.026,af3,nomsa_notemplate
5n85,43,1,0.462162,0.29,23.8805,0.041,23.88,13.928,0.0,af3,nomsa_notemplate
5n85,43,2,0.462027,0.27,18.6585,0.062,18.659,11.988,0.0,af3,nomsa_notemplate
5n85,43,3,0.532863,0.39,5.6084,0.264,5.608,11.294,0.079,af3,nomsa_notemplate
5n85,43,4,0.533365,0.39,5.9168,0.257,5.917,10.946,0.079,af3,nomsa_notemplate
5n85,44,0,0.535455,0.36,7.6557,0.215,7.656,12.245,0.079,af3,nomsa_notemplate
5n85,44,1,0.501588,0.34,21.5534,0.049,21.553,13.384,0.0,af3,nomsa_notemplate
5n85,44,2,0.480022,0.29,9.543,0.182,9.543,9.492,0.079,af3,nomsa_notemplate
5n85,44,3,0.471304,0.28,13.0934,0.105,13.093,10.733,0.0,af3,nomsa_notemplate
5n85,44,4,0.46157200000000004,0.28,15.2349,0.112,15.235,10.492,0.079,af3,nomsa_notemplate
5njc,42,0,0.270119,0.09,44.4813,0.013,44.481,24.706,0.0,af3,nomsa_notemplate
5njc,42,1,0.263654,0.09,42.1503,0.014,42.15,23.898,0.0,af3,nomsa_notemplate
5njc,42,2,0.23538699999999999,0.08,20.1644,0.053,20.164,18.289,0.0,af3,nomsa_notemplate
5njc,42,3,0.258006,0.09,32.8998,0.022,32.9,24.527,0.0,af3,nomsa_notemplate
5njc,42,4,0.30486,0.08,56.5851,0.008,56.585,29.027,0.0,af3,nomsa_notemplate
5njc,43,0,0.30431,0.07,44.0645,0.013,44.064,23.815,0.0,af3,nomsa_notemplate
5njc,43,1,0.32286299999999996,0.07,56.8356,0.009,56.836,23.39,0.0,af3,nomsa_notemplate
5njc,43,2,0.298623,0.08,39.5246,0.016,39.525,23.942,0.0,af3,nomsa_notemplate
5njc,43,3,0.353833,0.06,62.6737,0.007,62.674,26.879,0.0,af3,nomsa_notemplate
5njc,43,4,0.35816699999999996,0.07,51.7753,0.01,51.775,25.61,0.0,af3,nomsa_notemplate
5njc,44,0,0.228985,0.09,28.1753,0.038,28.175,20.926,0.026,af3,nomsa_notemplate
5njc,44,1,0.27734000000000003,0.08,38.8989,0.017,38.899,19.573,0.0,af3,nomsa_notemplate
5njc,44,2,0.254098,0.09,12.1248,0.112,12.125,18.934,0.0,af3,nomsa_notemplate
5njc,44,3,0.29972899999999997,0.07,36.4792,0.019,36.479,21.152,0.0,af3,nomsa_notemplate
5njc,44,4,0.275669,0.09,44.5204,0.013,44.52,26.048,0.0,af3,nomsa_notemplate
5nqv,42,0,0.30913799999999997,0.16,28.871,0.062,28.871,13.337,0.095,af3,nomsa_notemplate
5nqv,42,1,0.29059999999999997,0.08,18.9001,0.06,18.9,14.049,0.0,af3,nomsa_notemplate
5nqv,42,2,0.277274,0.12,31.1682,0.028,31.168,12.683,0.0,af3,nomsa_notemplate
5nqv,42,3,0.293056,0.12,15.5754,0.081,15.575,13.278,0.0,af3,nomsa_notemplate
5nqv,42,4,0.276521,0.12,31.9578,0.026,31.958,13.048,0.0,af3,nomsa_notemplate
5nqv,43,0,0.313338,0.15,22.96,0.094,22.96,10.909,0.143,af3,nomsa_notemplate
5nqv,43,1,0.336763,0.17,40.9236,0.018,40.924,13.888,0.0,af3,nomsa_notemplate
5nqv,43,2,0.31381,0.13,36.8069,0.021,36.807,13.693,0.0,af3,nomsa_notemplate
5nqv,43,3,0.338393,0.19,44.194,0.016,44.194,14.301,0.0,af3,nomsa_notemplate
5nqv,43,4,0.297048,0.14,26.6054,0.052,26.605,12.411,0.048,af3,nomsa_notemplate
5nqv,44,0,0.274582,0.11,28.035,0.057,28.035,12.531,0.071,af3,nomsa_notemplate
5nqv,44,1,0.345222,0.2,41.0405,0.017,41.041,14.047,0.0,af3,nomsa_notemplate
5nqv,44,2,0.306816,0.15,22.6848,0.054,22.685,12.309,0.024,af3,nomsa_notemplate
5nqv,44,3,0.2843,0.14,28.6205,0.063,28.62,13.051,0.095,af3,nomsa_notemplate
5nqv,44,4,0.280281,0.1,34.5845,0.023,34.584,14.438,0.0,af3,nomsa_notemplate
5o9u,42,0,0.197411,0.25,26.7087,0.033,26.709,17.991,0.0,af3,nomsa_notemplate
5o9u,42,1,0.237819,0.3,18.5126,0.065,18.513,16.389,0.014,af3,nomsa_notemplate
5o9u,42,2,0.187474,0.23,26.5928,0.038,26.593,17.65,0.014,af3,nomsa_notemplate
5o9u,42,3,0.19446000000000002,0.25,25.7651,0.039,25.765,19.294,0.014,af3,nomsa_notemplate
5o9u,42,4,0.18203,0.18,18.742,0.091,18.742,17.643,0.096,af3,nomsa_notemplate
5o9u,43,0,0.157314,0.16,19.7515,0.058,19.751,22.011,0.014,af3,nomsa_notemplate
5o9u,43,1,0.16796299999999997,0.17,23.262,0.041,23.262,20.227,0.0,af3,nomsa_notemplate
5o9u,43,2,0.180035,0.2,21.3946,0.048,21.395,18.125,0.0,af3,nomsa_notemplate
5o9u,43,3,0.168281,0.2,20.6255,0.055,20.626,17.87,0.014,af3,nomsa_notemplate
5o9u,43,4,0.239868,0.3,18.4053,0.061,18.405,16.018,0.0,af3,nomsa_notemplate
5o9u,44,0,0.17252800000000001,0.17,9.932,0.144,9.932,16.207,0.0,af3,nomsa_notemplate
5o9u,44,1,0.180289,0.15,14.7545,0.099,14.755,17.049,0.041,af3,nomsa_notemplate
5o9u,44,2,0.18726700000000002,0.21,31.6325,0.024,31.633,19.729,0.0,af3,nomsa_notemplate
5o9u,44,3,0.189333,0.19,9.7364,0.151,9.736,19.552,0.014,af3,nomsa_notemplate
5o9u,44,4,0.15603,0.16,33.3329,0.027,33.333,19.922,0.014,af3,nomsa_notemplate
5oj5,42,0,0.544171,0.56,2.8262,0.849,2.826,0.772,0.857,af3,nomsa_notemplate
5oj5,42,1,0.548502,0.56,2.8716,0.864,2.872,0.777,0.905,af3,nomsa_notemplate
5oj5,42,2,0.562885,0.58,3.0971,0.889,3.097,0.674,0.952,af3,nomsa_notemplate
5oj5,42,3,0.555858,0.58,2.4116,0.861,2.412,0.747,0.857,af3,nomsa_notemplate
5oj5,42,4,0.562985,0.58,2.926,0.886,2.926,0.72,0.952,af3,nomsa_notemplate
5oj5,43,0,0.520587,0.55,1.5175,0.938,1.518,0.522,0.952,af3,nomsa_notemplate
5oj5,43,1,0.5363,0.56,1.9862,0.91,1.986,0.681,0.952,af3,nomsa_notemplate
5oj5,43,2,0.542627,0.57,2.7493,0.854,2.749,0.753,0.857,af3,nomsa_notemplate
5oj5,43,3,0.560938,0.58,3.1962,0.866,3.196,0.71,0.905,af3,nomsa_notemplate
5oj5,43,4,0.545685,0.56,2.1294,0.9,2.129,0.733,0.952,af3,nomsa_notemplate
5oj5,44,0,0.559433,0.58,3.454,0.853,3.454,0.759,0.905,af3,nomsa_notemplate
5oj5,44,1,0.537367,0.56,3.15,0.863,3.15,0.739,0.905,af3,nomsa_notemplate
5oj5,44,2,0.540494,0.57,1.9655,0.907,1.965,0.707,0.952,af3,nomsa_notemplate
5oj5,44,3,0.334625,0.35,35.6622,0.023,35.662,11.795,0.0,af3,nomsa_notemplate
5oj5,44,4,0.577846,0.62,2.132,0.886,2.132,0.722,0.905,af3,nomsa_notemplate
5onp,42,0,0.20723299999999997,0.24,15.3989,0.102,15.399,10.478,0.053,af3,nomsa_notemplate
5onp,42,1,0.172487,0.17,27.491,0.034,27.491,11.782,0.0,af3,nomsa_notemplate
5onp,42,2,0.236363,0.34,26.0402,0.038,26.04,11.615,0.0,af3,nomsa_notemplate
5onp,42,3,0.17038,0.15,29.7939,0.04,29.794,11.113,0.026,af3,nomsa_notemplate
5onp,42,4,0.22368300000000002,0.29,29.8749,0.038,29.875,12.49,0.026,af3,nomsa_notemplate
5onp,43,0,0.369803,0.72,13.4279,0.147,13.428,9.896,0.132,af3,nomsa_notemplate
5onp,43,1,0.38134300000000004,0.75,7.3909,0.229,7.391,7.586,0.079,af3,nomsa_notemplate
5onp,43,2,0.213603,0.29,27.612,0.034,27.612,11.536,0.0,af3,nomsa_notemplate
5onp,43,3,0.31402,0.62,12.1848,0.144,12.185,9.221,0.079,af3,nomsa_notemplate
5onp,43,4,0.250227,0.47,30.3316,0.031,30.332,10.463,0.0,af3,nomsa_notemplate
5onp,44,0,0.197883,0.2,26.9182,0.054,26.918,10.811,0.053,af3,nomsa_notemplate
5onp,44,1,0.18780999999999998,0.22,33.8413,0.026,33.841,10.57,0.0,af3,nomsa_notemplate
5onp,44,2,0.237483,0.29,12.1077,0.212,12.108,11.402,0.289,af3,nomsa_notemplate
5onp,44,3,0.23842,0.44,30.7888,0.027,30.789,15.209,0.0,af3,nomsa_notemplate
5onp,44,4,0.18369700000000003,0.21,24.5933,0.042,24.593,10.594,0.0,af3,nomsa_notemplate
5t0k,42,0,0.18823299999999998,0.17,33.3433,0.023,33.343,16.399,0.0,af3,nomsa_notemplate
5t0k,42,1,0.172197,0.1,42.0626,0.015,42.063,19.391,0.0,af3,nomsa_notemplate
5t0k,42,2,0.187971,0.12,18.7842,0.068,18.784,11.807,0.018,af3,nomsa_notemplate
5t0k,42,3,0.171799,0.11,46.7481,0.013,46.748,19.074,0.0,af3,nomsa_notemplate
5t0k,42,4,0.17500900000000003,0.11,18.859,0.066,18.859,14.446,0.018,af3,nomsa_notemplate
5t0k,43,0,0.165951,0.09,19.2787,0.058,19.279,13.416,0.0,af3,nomsa_notemplate
5t0k,43,1,0.173864,0.09,40.6726,0.016,40.673,17.821,0.0,af3,nomsa_notemplate
5t0k,43,2,0.16841699999999998,0.09,41.6058,0.016,41.606,17.034,0.0,af3,nomsa_notemplate
5t0k,43,3,0.162517,0.09,23.1251,0.042,23.125,16.399,0.0,af3,nomsa_notemplate
5t0k,43,4,0.174471,0.1,20.6156,0.058,20.616,14.985,0.018,af3,nomsa_notemplate
5t0k,44,0,0.17282399999999998,0.08,16.1162,0.088,16.116,14.165,0.036,af3,nomsa_notemplate
5t0k,44,1,0.178247,0.08,23.6412,0.042,23.641,13.316,0.0,af3,nomsa_notemplate
5t0k,44,2,0.166394,0.08,36.3765,0.02,36.377,15.345,0.0,af3,nomsa_notemplate
5t0k,44,3,0.172847,0.07,35.9863,0.021,35.986,15.743,0.0,af3,nomsa_notemplate
5t0k,44,4,0.16885999999999998,0.07,45.4994,0.013,45.499,20.05,0.0,af3,nomsa_notemplate
5tgi,42,0,0.34929099999999996,0.24,41.8918,0.015,41.892,20.007,0.0,af3,nomsa_notemplate
5tgi,42,1,0.317815,0.14,22.0198,0.091,22.02,10.259,0.122,af3,nomsa_notemplate
5tgi,42,2,0.363289,0.17,34.3252,0.022,34.325,16.392,0.0,af3,nomsa_notemplate
5tgi,42,3,0.39528599999999997,0.23,31.6707,0.026,31.671,15.325,0.0,af3,nomsa_notemplate
5tgi,42,4,0.37661700000000004,0.19,25.7032,0.036,25.703,14.746,0.0,af3,nomsa_notemplate
5tgi,43,0,0.33859,0.18,24.8574,0.046,24.857,15.196,0.024,af3,nomsa_notemplate
5tgi,43,1,0.31318999999999997,0.1,47.6045,0.012,47.604,22.724,0.0,af3,nomsa_notemplate
5tgi,43,2,0.34017400000000003,0.13,40.5591,0.016,40.559,18.31,0.0,af3,nomsa_notemplate
5tgi,43,3,0.359546,0.19,26.1619,0.036,26.162,12.768,0.0,af3,nomsa_notemplate
5tgi,43,4,0.377736,0.24,32.8474,0.032,32.847,16.215,0.024,af3,nomsa_notemplate
5tgi,44,0,0.330566,0.18,40.0521,0.017,40.052,17.727,0.0,af3,nomsa_notemplate
5tgi,44,1,0.34378,0.18,35.9326,0.021,35.933,16.121,0.0,af3,nomsa_notemplate
5tgi,44,2,0.33478700000000006,0.19,27.6378,0.033,27.638,13.519,0.0,af3,nomsa_notemplate
5tgi,44,3,0.312682,0.14,37.2791,0.019,37.279,16.839,0.0,af3,nomsa_notemplate
5tgi,44,4,0.35497999999999996,0.16,21.6012,0.065,21.601,13.32,0.049,af3,nomsa_notemplate
5v2p,42,0,0.282957,0.11,51.4926,0.04,51.493,15.501,0.083,af3,nomsa_notemplate
5v2p,42,1,0.274105,0.1,34.4623,0.023,34.462,13.263,0.0,af3,nomsa_notemplate
5v2p,42,2,0.28027799999999997,0.1,30.1943,0.029,30.194,13.024,0.0,af3,nomsa_notemplate
5v2p,42,3,0.283443,0.09,58.6972,0.009,58.697,18.85,0.0,af3,nomsa_notemplate
5v2p,42,4,0.280072,0.09,24.2667,0.04,24.267,13.751,0.0,af3,nomsa_notemplate
5v2p,43,0,0.261953,0.12,51.1686,0.011,51.169,17.505,0.0,af3,nomsa_notemplate
5v2p,43,1,0.274314,0.09,58.7841,0.01,58.784,15.691,0.0,af3,nomsa_notemplate
5v2p,43,2,0.28176,0.08,13.1175,0.108,13.118,8.867,0.0,af3,nomsa_notemplate
5v2p,43,3,0.279496,0.09,34.7909,0.023,34.791,13.981,0.0,af3,nomsa_notemplate
5v2p,43,4,0.254928,0.1,41.841,0.026,41.841,11.356,0.021,af3,nomsa_notemplate
5v2p,44,0,0.266893,0.08,28.46,0.034,28.46,10.666,0.0,af3,nomsa_notemplate
5v2p,44,1,0.264472,0.09,20.8787,0.05,20.879,16.038,0.0,af3,nomsa_notemplate
5v2p,44,2,0.272949,0.09,45.3491,0.015,45.349,13.971,0.0,af3,nomsa_notemplate
5v2p,44,3,0.26921700000000004,0.09,52.0175,0.013,52.017,13.494,0.0,af3,nomsa_notemplate
5v2p,44,4,0.250934,0.09,40.0806,0.017,40.081,16.675,0.0,af3,nomsa_notemplate
5v3r,42,0,0.554596,0.52,6.0942,0.352,6.094,11.904,0.379,af3,nomsa_notemplate
5v3r,42,1,0.563921,0.54,4.1843,0.41,4.184,6.916,0.379,af3,nomsa_notemplate
5v3r,42,2,0.560187,0.55,6.729,0.33,6.729,8.544,0.345,af3,nomsa_notemplate
5v3r,42,3,0.537855,0.51,5.3883,0.362,5.388,8.964,0.345,af3,nomsa_notemplate
5v3r,42,4,0.5551780000000001,0.55,7.4536,0.329,7.454,7.152,0.379,af3,nomsa_notemplate
5v3r,43,0,0.566163,0.55,13.352,0.236,13.352,7.191,0.379,af3,nomsa_notemplate
5v3r,43,1,0.526678,0.49,12.304,0.247,12.304,7.388,0.379,af3,nomsa_notemplate
5v3r,43,2,0.568549,0.55,5.9115,0.352,5.912,7.713,0.345,af3,nomsa_notemplate
5v3r,43,3,0.554988,0.52,5.1253,0.374,5.125,7.113,0.345,af3,nomsa_notemplate
5v3r,43,4,0.541678,0.51,10.7187,0.267,10.719,7.659,0.379,af3,nomsa_notemplate
5v3r,44,0,0.547111,0.51,8.3814,0.299,8.381,7.003,0.345,af3,nomsa_notemplate
5v3r,44,1,0.547737,0.52,2.518,0.436,2.518,6.917,0.345,af3,nomsa_notemplate
5v3r,44,2,0.5301830000000001,0.47,5.2321,0.383,5.232,6.863,0.379,af3,nomsa_notemplate
5v3r,44,3,0.547218,0.51,7.0907,0.337,7.091,7.121,0.379,af3,nomsa_notemplate
5v3r,44,4,0.549145,0.52,4.6179,0.397,4.618,7.404,0.379,af3,nomsa_notemplate
5wfv,42,0,0.6502030000000001,0.75,2.0813,0.867,2.081,0.728,0.848,af3,nomsa_notemplate
5wfv,42,1,0.717907,0.79,0.5306,0.942,0.531,0.388,0.891,af3,nomsa_notemplate
5wfv,42,2,0.718223,0.81,1.0135,0.922,1.014,0.473,0.87,af3,nomsa_notemplate
5wfv,42,3,0.728676,0.81,1.0336,0.934,1.034,0.492,0.913,af3,nomsa_notemplate
5wfv,42,4,0.7365470000000001,0.82,0.6571,0.942,0.657,0.378,0.891,af3,nomsa_notemplate
5wfv,43,0,0.7164929999999999,0.8,0.5169,0.948,0.517,0.393,0.913,af3,nomsa_notemplate
5wfv,43,1,0.7312730000000001,0.81,0.8999,0.942,0.9,0.433,0.913,af3,nomsa_notemplate
5wfv,43,2,0.723874,0.8,0.8789,0.912,0.879,0.445,0.826,af3,nomsa_notemplate
5wfv,43,3,0.7046380000000001,0.79,0.8804,0.934,0.88,0.439,0.891,af3,nomsa_notemplate
5wfv,43,4,0.723849,0.8,0.6701,0.948,0.67,0.384,0.913,af3,nomsa_notemplate
5wfv,44,0,0.729535,0.8,0.9612,0.932,0.961,0.453,0.891,af3,nomsa_notemplate
5wfv,44,1,0.7056619999999999,0.78,0.9147,0.919,0.915,0.441,0.848,af3,nomsa_notemplate
5wfv,44,2,0.697915,0.78,0.7571,0.925,0.757,0.396,0.848,af3,nomsa_notemplate
5wfv,44,3,0.716226,0.8,0.9535,0.933,0.953,0.446,0.891,af3,nomsa_notemplate
5wfv,44,4,0.7051919999999999,0.79,0.788,0.922,0.788,0.426,0.848,af3,nomsa_notemplate
5wyi,42,0,0.283056,0.14,23.3972,0.044,23.397,12.045,0.0,af3,nomsa_notemplate
5wyi,42,1,0.291388,0.11,30.3035,0.029,30.304,12.531,0.0,af3,nomsa_notemplate
5wyi,42,2,0.269823,0.17,16.6683,0.072,16.668,15.871,0.0,af3,nomsa_notemplate
5wyi,42,3,0.30201100000000003,0.17,31.8985,0.025,31.899,15.297,0.0,af3,nomsa_notemplate
5wyi,42,4,0.290995,0.16,10.3126,0.191,10.313,10.697,0.148,af3,nomsa_notemplate
5wyi,43,0,0.288512,0.15,33.4969,0.023,33.497,15.774,0.0,af3,nomsa_notemplate
5wyi,43,1,0.260735,0.1,20.7703,0.052,20.77,13.543,0.0,af3,nomsa_notemplate
5wyi,43,2,0.25945799999999997,0.1,28.8856,0.031,28.886,12.407,0.0,af3,nomsa_notemplate
5wyi,43,3,0.3165,0.19,21.0524,0.063,21.052,13.452,0.037,af3,nomsa_notemplate
5wyi,43,4,0.291356,0.14,36.0335,0.082,36.033,15.616,0.185,af3,nomsa_notemplate
5wyi,44,0,0.27375299999999997,0.13,13.8378,0.12,13.838,13.013,0.074,af3,nomsa_notemplate
5wyi,44,1,0.262308,0.12,32.9002,0.136,32.9,12.931,0.333,af3,nomsa_notemplate
5wyi,44,2,0.293347,0.17,21.4382,0.063,21.438,11.336,0.037,af3,nomsa_notemplate
5wyi,44,3,0.324312,0.27,26.8663,0.034,26.866,13.602,0.0,af3,nomsa_notemplate
5wyi,44,4,0.247335,0.11,11.6369,0.133,11.637,13.128,0.037,af3,nomsa_notemplate
5xhz,42,0,0.781036,0.7,10.6467,0.243,10.647,4.194,0.225,af3,nomsa_notemplate
5xhz,42,1,0.754653,0.66,10.8085,0.239,10.809,4.25,0.225,af3,nomsa_notemplate
5xhz,42,2,0.7682439999999999,0.67,10.0702,0.233,10.07,4.345,0.175,af3,nomsa_notemplate
5xhz,42,3,0.815778,0.74,11.0111,0.261,11.011,4.269,0.3,af3,nomsa_notemplate
5xhz,42,4,0.7660469999999999,0.69,10.6348,0.298,10.635,4.373,0.4,af3,nomsa_notemplate
5xhz,43,0,0.832299,0.77,10.4984,0.267,10.498,4.352,0.3,af3,nomsa_notemplate
5xhz,43,1,0.7328950000000001,0.64,10.5668,0.287,10.567,4.116,0.35,af3,nomsa_notemplate
5xhz,43,2,0.805454,0.77,10.5347,0.291,10.535,4.404,0.375,af3,nomsa_notemplate
5xhz,43,3,0.8133710000000001,0.75,10.5545,0.319,10.555,4.213,0.45,af3,nomsa_notemplate
5xhz,43,4,0.771875,0.74,10.4927,0.26,10.493,4.319,0.275,af3,nomsa_notemplate
5xhz,44,0,0.7509229999999999,0.67,11.1552,0.233,11.155,4.314,0.225,af3,nomsa_notemplate
5xhz,44,1,0.784285,0.75,11.2756,0.222,11.276,4.43,0.2,af3,nomsa_notemplate
5xhz,44,2,0.7841020000000001,0.71,11.3486,0.239,11.349,4.317,0.25,af3,nomsa_notemplate
5xhz,44,3,0.7589490000000001,0.67,10.5459,0.232,10.546,4.461,0.2,af3,nomsa_notemplate
5xhz,44,4,0.781455,0.72,10.6639,0.26,10.664,4.104,0.275,af3,nomsa_notemplate
5xxq,42,0,0.250971,0.19,41.1958,0.018,41.196,13.027,0.0,af3,nomsa_notemplate
5xxq,42,1,0.35708300000000004,0.42,2.5141,0.765,2.514,0.888,0.634,af3,nomsa_notemplate
5xxq,42,2,0.303645,0.35,6.5555,0.403,6.555,2.099,0.244,af3,nomsa_notemplate
5xxq,42,3,0.334069,0.39,4.5573,0.487,4.557,1.691,0.244,af3,nomsa_notemplate
5xxq,42,4,0.294852,0.34,10.3234,0.252,10.323,3.203,0.171,af3,nomsa_notemplate
5xxq,43,0,0.351639,0.41,2.7317,0.669,2.732,1.133,0.463,af3,nomsa_notemplate
5xxq,43,1,0.324172,0.38,5.9407,0.473,5.941,2.011,0.39,af3,nomsa_notemplate
5xxq,43,2,0.343305,0.4,3.2943,0.602,3.294,1.303,0.366,af3,nomsa_notemplate
5xxq,43,3,0.344497,0.4,2.8772,0.674,2.877,1.016,0.439,af3,nomsa_notemplate
5xxq,43,4,0.356618,0.43,4.1784,0.552,4.178,1.471,0.341,af3,nomsa_notemplate
5xxq,44,0,0.32990499999999995,0.38,4.5877,0.512,4.588,1.598,0.293,af3,nomsa_notemplate
5xxq,44,1,0.345954,0.4,2.9782,0.625,2.978,1.18,0.366,af3,nomsa_notemplate
5xxq,44,2,0.304245,0.34,7.8564,0.297,7.856,2.419,0.073,af3,nomsa_notemplate
5xxq,44,3,0.24390499999999998,0.18,25.3686,0.069,25.369,7.965,0.073,af3,nomsa_notemplate
5xxq,44,4,0.327805,0.39,5.4062,0.451,5.406,1.76,0.22,af3,nomsa_notemplate
5yay,42,0,0.342198,0.16,15.0942,0.111,15.094,7.002,0.048,af3,nomsa_notemplate
5yay,42,1,0.35195,0.23,6.6087,0.306,6.609,4.947,0.21,af3,nomsa_notemplate
5yay,42,2,0.36107599999999995,0.25,7.1299,0.317,7.13,4.796,0.274,af3,nomsa_notemplate
5yay,42,3,0.36027299999999995,0.24,6.5217,0.327,6.522,4.709,0.258,af3,nomsa_notemplate
5yay,42,4,0.352093,0.23,8.9592,0.246,8.959,5.408,0.194,af3,nomsa_notemplate
5yay,43,0,0.372998,0.16,38.5869,0.02,38.587,13.393,0.0,af3,nomsa_notemplate
5yay,43,1,0.34687199999999996,0.21,6.3085,0.325,6.308,4.822,0.242,af3,nomsa_notemplate
5yay,43,2,0.34469900000000003,0.23,7.6787,0.289,7.679,5.273,0.242,af3,nomsa_notemplate
5yay,43,3,0.337712,0.21,6.4279,0.338,6.428,4.863,0.29,af3,nomsa_notemplate
5yay,43,4,0.339133,0.22,8.5931,0.259,8.593,5.395,0.21,af3,nomsa_notemplate
5yay,44,0,0.34724400000000005,0.18,6.2325,0.276,6.232,4.606,0.081,af3,nomsa_notemplate
5yay,44,1,0.359105,0.21,6.8772,0.263,6.877,4.795,0.097,af3,nomsa_notemplate
5yay,44,2,0.356066,0.21,6.089,0.307,6.089,4.513,0.161,af3,nomsa_notemplate
5yay,44,3,0.33718400000000004,0.19,12.6848,0.191,12.685,6.392,0.21,af3,nomsa_notemplate
5yay,44,4,0.390291,0.27,13.8599,0.152,13.86,6.371,0.129,af3,nomsa_notemplate
6b27,42,0,0.48148,0.37,19.4814,0.121,19.481,14.681,0.194,af3,nomsa_notemplate
6b27,42,1,0.48929,0.34,30.9629,0.048,30.963,15.733,0.065,af3,nomsa_notemplate
6b27,42,2,0.548778,0.46,29.2942,0.061,29.294,15.352,0.097,af3,nomsa_notemplate
6b27,42,3,0.465461,0.33,31.9288,0.057,31.929,15.756,0.097,af3,nomsa_notemplate
6b27,42,4,0.500126,0.42,32.8155,0.046,32.816,15.371,0.065,af3,nomsa_notemplate
6b27,43,0,0.644554,0.5,23.5496,0.237,23.55,12.662,0.581,af3,nomsa_notemplate
6b27,43,1,0.7255710000000001,0.64,17.773,0.271,17.773,13.347,0.613,af3,nomsa_notemplate
6b27,43,2,0.733545,0.64,19.2989,0.273,19.299,13.631,0.645,af3,nomsa_notemplate
6b27,43,3,0.705531,0.6,17.9514,0.281,17.951,12.177,0.645,af3,nomsa_notemplate
6b27,43,4,0.745361,0.68,22.5376,0.251,22.538,12.453,0.613,af3,nomsa_notemplate
6b27,44,0,0.54458,0.48,31.0096,0.091,31.01,15.399,0.194,af3,nomsa_notemplate
6b27,44,1,0.505078,0.42,20.8595,0.115,20.86,14.815,0.194,af3,nomsa_notemplate
6b27,44,2,0.509738,0.4,33.732,0.034,33.732,15.161,0.032,af3,nomsa_notemplate
6b27,44,3,0.56695,0.53,26.3497,0.088,26.35,15.386,0.161,af3,nomsa_notemplate
6b27,44,4,0.431044,0.3,16.0921,0.173,16.092,14.025,0.29,af3,nomsa_notemplate
6co4,42,0,0.46603700000000003,0.18,19.4202,0.073,19.42,12.353,0.043,af3,nomsa_notemplate
6co4,42,1,0.47698,0.19,18.6309,0.062,18.631,12.272,0.0,af3,nomsa_notemplate
6co4,42,2,0.457855,0.17,19.2728,0.066,19.273,12.249,0.021,af3,nomsa_notemplate
6co4,42,3,0.431926,0.19,22.0195,0.09,22.019,13.672,0.128,af3,nomsa_notemplate
6co4,42,4,0.502688,0.25,20.0913,0.055,20.091,12.972,0.0,af3,nomsa_notemplate
6co4,43,0,0.477087,0.18,18.5017,0.063,18.502,12.097,0.0,af3,nomsa_notemplate
6co4,43,1,0.48489800000000005,0.18,18.9973,0.068,18.997,12.16,0.021,af3,nomsa_notemplate
6co4,43,2,0.40413600000000005,0.15,23.7386,0.056,23.739,13.799,0.043,af3,nomsa_notemplate
6co4,43,3,0.466554,0.2,19.71,0.064,19.71,12.332,0.021,af3,nomsa_notemplate
6co4,43,4,0.481046,0.18,19.1186,0.06,19.119,12.292,0.0,af3,nomsa_notemplate
6co4,44,0,0.459469,0.2,18.3347,0.085,18.335,12.313,0.064,af3,nomsa_notemplate
6co4,44,1,0.483802,0.2,19.0848,0.067,19.085,12.165,0.021,af3,nomsa_notemplate
6co4,44,2,0.43170699999999995,0.13,25.5023,0.044,25.502,13.969,0.021,af3,nomsa_notemplate
6co4,44,3,0.5502400000000001,0.31,18.9852,0.11,18.985,12.353,0.149,af3,nomsa_notemplate
6co4,44,4,0.47768900000000003,0.2,19.9568,0.063,19.957,12.517,0.021,af3,nomsa_notemplate
6dei,42,0,0.420092,0.21,19.6033,0.084,19.603,13.9,0.083,af3,nomsa_notemplate
6dei,42,1,0.44038,0.37,25.7945,0.036,25.795,14.4,0.0,af3,nomsa_notemplate
6dei,42,2,0.376401,0.17,23.8258,0.049,23.826,13.08,0.021,af3,nomsa_notemplate
6dei,42,3,0.392329,0.19,27.1628,0.04,27.163,14.817,0.021,af3,nomsa_notemplate
6dei,42,4,0.406365,0.18,20.126,0.082,20.126,13.833,0.083,af3,nomsa_notemplate
6dei,43,0,0.40379,0.22,21.6359,0.062,21.636,13.816,0.042,af3,nomsa_notemplate
6dei,43,1,0.415655,0.22,23.404,0.042,23.404,16.556,0.0,af3,nomsa_notemplate
6dei,43,2,0.37491399999999997,0.14,31.3114,0.033,31.311,14.494,0.021,af3,nomsa_notemplate
6dei,43,3,0.359888,0.11,30.7608,0.027,30.761,14.569,0.0,af3,nomsa_notemplate
6dei,43,4,0.364488,0.12,31.9775,0.033,31.977,14.385,0.021,af3,nomsa_notemplate
6dei,44,0,0.364852,0.17,32.079,0.074,32.079,15.535,0.146,af3,nomsa_notemplate
6dei,44,1,0.36762999999999996,0.16,26.4061,0.042,26.406,14.816,0.021,af3,nomsa_notemplate
6dei,44,2,0.40939100000000006,0.23,22.8289,0.079,22.829,14.552,0.104,af3,nomsa_notemplate
6dei,44,3,0.37382800000000005,0.19,12.9475,0.119,12.947,13.198,0.042,af3,nomsa_notemplate
6dei,44,4,0.369679,0.13,21.6811,0.069,21.681,13.754,0.062,af3,nomsa_notemplate
6e5x,42,0,0.9364560000000001,0.87,2.5768,0.84,2.577,1.073,0.943,af3,nomsa_notemplate
6e5x,42,1,0.935582,0.88,2.2768,0.851,2.277,1.032,0.943,af3,nomsa_notemplate
6e5x,42,2,0.9428350000000001,0.89,3.761,0.815,3.761,1.066,0.943,af3,nomsa_notemplate
6e5x,42,3,0.93266,0.87,2.4433,0.852,2.443,1.008,0.943,af3,nomsa_notemplate
6e5x,42,4,0.93552,0.88,4.1364,0.799,4.136,1.11,0.943,af3,nomsa_notemplate
6e5x,43,0,0.9382510000000001,0.88,2.626,0.829,2.626,1.076,0.914,af3,nomsa_notemplate
6e5x,43,1,0.944563,0.89,3.6527,0.818,3.653,1.057,0.943,af3,nomsa_notemplate
6e5x,43,2,0.9387409999999999,0.88,2.7798,0.833,2.78,1.093,0.943,af3,nomsa_notemplate
6e5x,43,3,0.932859,0.87,2.7413,0.851,2.741,0.973,0.943,af3,nomsa_notemplate
6e5x,43,4,0.9364969999999999,0.88,2.7102,0.834,2.71,1.098,0.943,af3,nomsa_notemplate
6e5x,44,0,0.94458,0.89,3.0635,0.834,3.064,1.04,0.943,af3,nomsa_notemplate
6e5x,44,1,0.935649,0.87,2.5056,0.847,2.506,1.037,0.943,af3,nomsa_notemplate
6e5x,44,2,0.935221,0.88,2.4214,0.839,2.421,1.1,0.943,af3,nomsa_notemplate
6e5x,44,3,0.941835,0.89,2.5364,0.84,2.536,1.078,0.943,af3,nomsa_notemplate
6e5x,44,4,0.88457,0.83,1.2368,0.965,1.237,0.457,1.0,af3,nomsa_notemplate
6ej7,42,0,0.186665,0.15,48.0485,0.012,48.048,19.662,0.0,af3,nomsa_notemplate
6ej7,42,1,0.187581,0.1,43.2762,0.014,43.276,25.009,0.0,af3,nomsa_notemplate
6ej7,42,2,0.176173,0.14,26.8626,0.032,26.863,22.626,0.0,af3,nomsa_notemplate
6ej7,42,3,0.177558,0.15,41.489,0.015,41.489,21.118,0.0,af3,nomsa_notemplate
6ej7,42,4,0.180518,0.16,26.2198,0.033,26.22,21.359,0.0,af3,nomsa_notemplate
6ej7,43,0,0.178063,0.13,33.6715,0.021,33.671,23.344,0.0,af3,nomsa_notemplate
6ej7,43,1,0.19175,0.09,35.1771,0.02,35.177,22.176,0.0,af3,nomsa_notemplate
6ej7,43,2,0.183792,0.09,70.2265,0.006,70.226,26.509,0.0,af3,nomsa_notemplate
6ej7,43,3,0.18706,0.1,52.4685,0.01,52.468,20.674,0.0,af3,nomsa_notemplate
6ej7,43,4,0.176566,0.11,33.4107,0.022,33.411,21.866,0.0,af3,nomsa_notemplate
6ej7,44,0,0.188879,0.09,60.3428,0.008,60.343,25.293,0.0,af3,nomsa_notemplate
6ej7,44,1,0.182987,0.14,14.7414,0.085,14.741,22.19,0.0,af3,nomsa_notemplate
6ej7,44,2,0.184405,0.11,55.3417,0.009,55.342,24.854,0.0,af3,nomsa_notemplate
6ej7,44,3,0.186071,0.11,42.2991,0.015,42.299,21.506,0.0,af3,nomsa_notemplate
6ej7,44,4,0.19079999999999997,0.09,40.1345,0.016,40.135,22.424,0.0,af3,nomsa_notemplate
6f0w,42,0,0.225611,0.08,29.4239,0.033,29.424,16.042,0.013,af3,nomsa_notemplate
6f0w,42,1,0.223533,0.1,15.8193,0.087,15.819,15.282,0.026,af3,nomsa_notemplate
6f0w,42,2,0.21934,0.07,31.6629,0.025,31.663,16.227,0.0,af3,nomsa_notemplate
6f0w,42,3,0.22402,0.09,35.9723,0.02,35.972,19.203,0.0,af3,nomsa_notemplate
6f0w,42,4,0.22628199999999998,0.09,19.5941,0.06,19.594,16.782,0.013,af3,nomsa_notemplate
6f0w,43,0,0.23165500000000003,0.1,30.0864,0.027,30.086,18.248,0.0,af3,nomsa_notemplate
6f0w,43,1,0.229122,0.09,34.7421,0.021,34.742,17.426,0.0,af3,nomsa_notemplate
6f0w,43,2,0.225084,0.09,35.5691,0.02,35.569,17.887,0.0,af3,nomsa_notemplate
6f0w,43,3,0.22887000000000002,0.09,27.3438,0.037,27.344,15.958,0.013,af3,nomsa_notemplate
6f0w,43,4,0.231108,0.11,7.8258,0.183,7.826,18.28,0.0,af3,nomsa_notemplate
6f0w,44,0,0.221495,0.08,37.889,0.018,37.889,17.187,0.0,af3,nomsa_notemplate
6f0w,44,1,0.223441,0.08,28.3616,0.029,28.362,19.681,0.0,af3,nomsa_notemplate
6f0w,44,2,0.23852,0.12,38.6084,0.036,38.608,16.987,0.053,af3,nomsa_notemplate
6f0w,44,3,0.22581600000000002,0.08,40.5601,0.016,40.56,19.073,0.0,af3,nomsa_notemplate
6f0w,44,4,0.228698,0.08,25.3262,0.036,25.326,17.215,0.0,af3,nomsa_notemplate
6f0y,42,0,0.751841,0.72,9.889,0.444,9.889,4.769,0.818,af3,nomsa_notemplate
6f0y,42,1,0.7543040000000001,0.72,10.4529,0.437,10.453,4.67,0.818,af3,nomsa_notemplate
6f0y,42,2,0.750579,0.72,10.1403,0.427,10.14,4.604,0.773,af3,nomsa_notemplate
6f0y,42,3,0.758296,0.73,9.9544,0.443,9.954,4.792,0.818,af3,nomsa_notemplate
6f0y,42,4,0.7575029999999999,0.73,8.8729,0.463,8.873,4.7,0.818,af3,nomsa_notemplate
6f0y,43,0,0.758015,0.73,8.368,0.481,8.368,4.142,0.818,af3,nomsa_notemplate
6f0y,43,1,0.754067,0.73,10.5849,0.432,10.585,4.861,0.818,af3,nomsa_notemplate
6f0y,43,2,0.758064,0.73,7.6628,0.492,7.663,4.384,0.818,af3,nomsa_notemplate
6f0y,43,3,0.747707,0.73,10.3456,0.437,10.346,4.819,0.818,af3,nomsa_notemplate
6f0y,43,4,0.755229,0.73,12.1778,0.405,12.178,5.481,0.818,af3,nomsa_notemplate
6f0y,44,0,0.7591559999999999,0.73,8.1749,0.498,8.175,3.479,0.818,af3,nomsa_notemplate
6f0y,44,1,0.763693,0.73,8.3623,0.491,8.362,3.98,0.841,af3,nomsa_notemplate
6f0y,44,2,0.7529389999999999,0.72,9.2331,0.474,9.233,4.04,0.841,af3,nomsa_notemplate
6f0y,44,3,0.762912,0.76,8.8619,0.478,8.862,4.18,0.841,af3,nomsa_notemplate
6f0y,44,4,0.752279,0.72,8.5817,0.461,8.582,4.664,0.795,af3,nomsa_notemplate
6f4s,42,0,0.180562,0.09,14.1703,0.092,14.17,13.693,0.0,af3,nomsa_notemplate
6f4s,42,1,0.20135000000000003,0.18,20.9102,0.05,20.91,15.552,0.0,af3,nomsa_notemplate
6f4s,42,2,0.19614,0.19,23.3808,0.042,23.381,14.491,0.0,af3,nomsa_notemplate
6f4s,42,3,0.20041,0.13,14.9061,0.086,14.906,13.247,0.0,af3,nomsa_notemplate
6f4s,42,4,0.232833,0.37,20.143,0.075,20.143,15.821,0.065,af3,nomsa_notemplate
6f4s,43,0,0.258313,0.45,17.0738,0.069,17.074,15.796,0.0,af3,nomsa_notemplate
6f4s,43,1,0.22021999999999997,0.2,27.6412,0.053,27.641,16.236,0.065,af3,nomsa_notemplate
6f4s,43,2,0.22504200000000002,0.37,27.5962,0.032,27.596,16.141,0.0,af3,nomsa_notemplate
6f4s,43,3,0.21675799999999998,0.22,17.7782,0.086,17.778,16.3,0.065,af3,nomsa_notemplate
6f4s,43,4,0.251678,0.38,14.9411,0.107,14.941,13.997,0.065,af3,nomsa_notemplate
6f4s,44,0,0.21898499999999999,0.32,22.3439,0.046,22.344,14.308,0.0,af3,nomsa_notemplate
6f4s,44,1,0.205153,0.17,22.2804,0.056,22.28,15.741,0.032,af3,nomsa_notemplate
6f4s,44,2,0.20662,0.2,13.6977,0.096,13.698,14.181,0.0,af3,nomsa_notemplate
6f4s,44,3,0.20643799999999998,0.27,27.4167,0.032,27.417,16.465,0.0,af3,nomsa_notemplate
6f4s,44,4,0.22639700000000001,0.37,17.3683,0.078,17.368,16.399,0.032,af3,nomsa_notemplate
6f6d,42,0,0.18062699999999998,0.09,38.5707,0.018,38.571,18.792,0.0,af3,nomsa_notemplate
6f6d,42,1,0.191672,0.11,31.1985,0.044,31.198,18.874,0.057,af3,nomsa_notemplate
6f6d,42,2,0.183019,0.1,35.1853,0.02,35.185,20.623,0.0,af3,nomsa_notemplate
6f6d,42,3,0.184054,0.14,24.2703,0.039,24.27,17.064,0.0,af3,nomsa_notemplate
6f6d,42,4,0.192443,0.09,19.5934,0.063,19.593,16.423,0.023,af3,nomsa_notemplate
6f6d,43,0,0.183024,0.11,26.8002,0.036,26.8,19.295,0.011,af3,nomsa_notemplate
6f6d,43,1,0.174966,0.08,44.6653,0.013,44.665,20.869,0.0,af3,nomsa_notemplate
6f6d,43,2,0.17488199999999998,0.08,29.0054,0.028,29.005,22.441,0.0,af3,nomsa_notemplate
6f6d,43,3,0.192054,0.13,42.7391,0.015,42.739,20.119,0.0,af3,nomsa_notemplate
6f6d,43,4,0.197765,0.07,63.1762,0.007,63.176,24.139,0.0,af3,nomsa_notemplate
6f6d,44,0,0.180228,0.09,28.1195,0.03,28.12,18.698,0.0,af3,nomsa_notemplate
6f6d,44,1,0.16989,0.09,32.1207,0.024,32.121,18.762,0.0,af3,nomsa_notemplate
6f6d,44,2,0.21949000000000002,0.2,34.6566,0.021,34.657,19.656,0.0,af3,nomsa_notemplate
6f6d,44,3,0.17182099999999997,0.09,38.6124,0.018,38.612,18.835,0.0,af3,nomsa_notemplate
6f6d,44,4,0.17879799999999998,0.12,21.6094,0.066,21.609,18.511,0.057,af3,nomsa_notemplate
6fbk,42,0,0.731716,0.42,4.3895,0.631,4.389,1.972,0.737,af3,nomsa_notemplate
6fbk,42,1,0.765738,0.53,4.7456,0.569,4.746,2.71,0.711,af3,nomsa_notemplate
6fbk,42,2,0.7525809999999999,0.55,4.4467,0.587,4.447,2.337,0.684,af3,nomsa_notemplate
6fbk,42,3,0.7341249999999999,0.47,5.0287,0.576,5.029,2.272,0.684,af3,nomsa_notemplate
6fbk,42,4,0.7659199999999999,0.63,5.1808,0.513,5.181,2.962,0.605,af3,nomsa_notemplate
6fbk,43,0,0.803486,0.61,3.8558,0.635,3.856,2.091,0.737,af3,nomsa_notemplate
6fbk,43,1,0.782814,0.54,3.3745,0.619,3.374,2.551,0.737,af3,nomsa_notemplate
6fbk,43,2,0.810673,0.66,5.2102,0.565,5.21,2.546,0.711,af3,nomsa_notemplate
6fbk,43,3,0.808322,0.63,4.4434,0.581,4.443,2.296,0.658,af3,nomsa_notemplate
6fbk,43,4,0.807547,0.61,6.1667,0.529,6.167,2.614,0.684,af3,nomsa_notemplate
6fbk,44,0,0.755278,0.58,5.3688,0.551,5.369,2.768,0.711,af3,nomsa_notemplate
6fbk,44,1,0.773384,0.56,4.1927,0.595,4.193,2.647,0.737,af3,nomsa_notemplate
6fbk,44,2,0.790192,0.55,4.4957,0.591,4.496,2.563,0.737,af3,nomsa_notemplate
6fbk,44,3,0.815894,0.63,4.7517,0.581,4.752,2.638,0.737,af3,nomsa_notemplate
6fbk,44,4,0.784833,0.66,3.8966,0.586,3.897,2.807,0.711,af3,nomsa_notemplate
6g5g,42,0,0.516104,0.11,57.1734,0.009,57.173,20.467,0.0,af3,nomsa_notemplate
6g5g,42,1,0.5080870000000001,0.14,82.5256,0.004,82.526,31.024,0.0,af3,nomsa_notemplate
6g5g,42,2,0.51002,0.11,98.8274,0.003,98.827,30.911,0.0,af3,nomsa_notemplate
6g5g,42,3,0.49882899999999997,0.11,68.229,0.006,68.229,25.213,0.0,af3,nomsa_notemplate
6g5g,42,4,0.505128,0.12,100.4377,0.003,100.438,31.45,0.0,af3,nomsa_notemplate
6g5g,43,0,0.509482,0.12,70.7848,0.006,70.785,25.722,0.0,af3,nomsa_notemplate
6g5g,43,1,0.502979,0.11,81.1478,0.005,81.148,28.822,0.0,af3,nomsa_notemplate
6g5g,43,2,0.519911,0.13,95.3704,0.003,95.37,35.086,0.0,af3,nomsa_notemplate
6g5g,43,3,0.539144,0.11,24.7746,0.038,24.775,17.284,0.0,af3,nomsa_notemplate
6g5g,43,4,0.518581,0.13,80.479,0.005,80.479,27.648,0.0,af3,nomsa_notemplate
6g5g,44,0,0.489828,0.15,66.4842,0.006,66.484,26.449,0.0,af3,nomsa_notemplate
6g5g,44,1,0.47741700000000004,0.12,61.4752,0.008,61.475,21.65,0.0,af3,nomsa_notemplate
6g5g,44,2,0.510642,0.13,86.9462,0.004,86.946,28.566,0.0,af3,nomsa_notemplate
6g5g,44,3,0.516815,0.14,105.6999,0.003,105.7,35.453,0.0,af3,nomsa_notemplate
6g5g,44,4,0.509444,0.11,109.3296,0.003,109.33,36.549,0.0,af3,nomsa_notemplate
6h7b,42,0,0.669972,0.48,21.7059,0.057,21.706,7.666,0.0,af3,nomsa_notemplate
6h7b,42,1,0.764526,0.71,15.9802,0.1,15.98,6.12,0.023,af3,nomsa_notemplate
6h7b,42,2,0.74593,0.64,19.1737,0.07,19.174,6.97,0.0,af3,nomsa_notemplate
6h7b,42,3,0.697142,0.54,20.8386,0.061,20.839,7.338,0.0,af3,nomsa_notemplate
6h7b,42,4,0.690014,0.55,18.8137,0.072,18.814,6.875,0.0,af3,nomsa_notemplate
6h7b,43,0,0.695741,0.53,22.3113,0.054,22.311,7.981,0.0,af3,nomsa_notemplate
6h7b,43,1,0.711124,0.55,20.7851,0.061,20.785,7.441,0.0,af3,nomsa_notemplate
6h7b,43,2,0.716386,0.58,21.6792,0.057,21.679,7.63,0.0,af3,nomsa_notemplate
6h7b,43,3,0.751391,0.62,18.6556,0.072,18.656,7.031,0.0,af3,nomsa_notemplate
6h7b,43,4,0.679088,0.48,18.6282,0.074,18.628,6.587,0.0,af3,nomsa_notemplate
6h7b,44,0,0.77542,0.67,16.1613,0.108,16.161,5.893,0.047,af3,nomsa_notemplate
6h7b,44,1,0.7040860000000001,0.49,22.1935,0.054,22.193,8.137,0.0,af3,nomsa_notemplate
6h7b,44,2,0.702504,0.5,20.2557,0.064,20.256,7.171,0.0,af3,nomsa_notemplate
6h7b,44,3,0.688715,0.54,20.7329,0.062,20.733,7.246,0.0,af3,nomsa_notemplate
6h7b,44,4,0.690292,0.51,16.6807,0.095,16.681,6.239,0.023,af3,nomsa_notemplate
