complex,seed,id,pep_plddt,iptm,scRMSD,dockq_score,lrmsd,irmsd,fnat,model,method
1a0n,42,0,0.8394780000000001,0.69,3.0079,0.733,3.008,1.55,0.826,af3,msa_notemplate
1a0n,42,1,0.794174,0.62,4.1441,0.635,4.144,2.212,0.783,af3,msa_notemplate
1a0n,42,2,0.8431059999999999,0.71,3.0124,0.719,3.012,1.545,0.783,af3,msa_notemplate
1a0n,42,3,0.8050849999999999,0.62,4.7614,0.627,4.761,1.908,0.739,af3,msa_notemplate
1a0n,42,4,0.828625,0.67,2.8175,0.73,2.817,1.48,0.783,af3,msa_notemplate
1a0n,43,0,0.821661,0.67,3.6969,0.697,3.697,1.751,0.826,af3,msa_notemplate
1a0n,43,1,0.839961,0.69,2.445,0.751,2.445,1.368,0.783,af3,msa_notemplate
1a0n,43,2,0.853945,0.75,4.3515,0.654,4.352,2.079,0.826,af3,msa_notemplate
1a0n,43,3,0.823118,0.66,3.7105,0.68,3.71,1.776,0.783,af3,msa_notemplate
1a0n,43,4,0.7943049999999999,0.63,3.6554,0.667,3.655,1.934,0.783,af3,msa_notemplate
1a0n,44,0,0.800617,0.62,4.2226,0.642,4.223,2.081,0.783,af3,msa_notemplate
1a0n,44,1,0.822758,0.65,4.5538,0.659,4.554,1.938,0.826,af3,msa_notemplate
1a0n,44,2,0.828763,0.7,3.1904,0.741,3.19,1.439,0.826,af3,msa_notemplate
1a0n,44,3,0.840249,0.69,3.6126,0.705,3.613,1.687,0.826,af3,msa_notemplate
1a0n,44,4,0.8547969999999999,0.73,3.5432,0.683,3.543,1.779,0.783,af3,msa_notemplate
1cqg,42,0,0.675654,0.56,4.944,0.604,4.944,2.413,0.786,af3,msa_notemplate
1cqg,42,1,0.670442,0.53,5.6825,0.58,5.682,2.768,0.821,af3,msa_notemplate
1cqg,42,2,0.683248,0.55,4.2528,0.665,4.253,2.099,0.857,af3,msa_notemplate
1cqg,42,3,0.636791,0.5,6.2699,0.576,6.27,2.792,0.857,af3,msa_notemplate
1cqg,42,4,0.660244,0.52,6.5846,0.533,6.585,3.127,0.786,af3,msa_notemplate
1cqg,43,0,0.702462,0.58,3.2705,0.704,3.271,1.768,0.821,af3,msa_notemplate
1cqg,43,1,0.643426,0.5,3.2145,0.722,3.214,1.709,0.857,af3,msa_notemplate
1cqg,43,2,0.673562,0.54,5.1436,0.632,5.144,2.468,0.893,af3,msa_notemplate
1cqg,43,3,0.6378929999999999,0.48,7.5039,0.492,7.504,3.382,0.75,af3,msa_notemplate
1cqg,43,4,0.676452,0.56,4.5535,0.659,4.554,2.248,0.893,af3,msa_notemplate
1cqg,44,0,0.6092179999999999,0.46,5.1257,0.598,5.126,2.443,0.786,af3,msa_notemplate
1cqg,44,1,0.620485,0.43,4.8041,0.615,4.804,2.286,0.786,af3,msa_notemplate
1cqg,44,2,0.639649,0.51,6.2879,0.602,6.288,2.746,0.929,af3,msa_notemplate
1cqg,44,3,0.582898,0.41,6.8438,0.533,6.844,2.929,0.786,af3,msa_notemplate
1cqg,44,4,0.72069,0.59,3.6866,0.708,3.687,1.881,0.893,af3,msa_notemplate
1czy,42,0,0.850885,0.88,0.8942,0.958,0.894,0.336,0.932,af3,msa_notemplate
1czy,42,1,0.8532259999999999,0.89,0.6312,0.955,0.631,0.301,0.909,af3,msa_notemplate
1czy,42,2,0.8689520000000001,0.89,0.5493,0.98,0.549,0.277,0.977,af3,msa_notemplate
1czy,42,3,0.864598,0.89,0.7716,0.952,0.772,0.327,0.909,af3,msa_notemplate
1czy,42,4,0.8121299999999999,0.84,2.7547,0.808,2.755,0.924,0.795,af3,msa_notemplate
1czy,43,0,0.8533719999999999,0.87,1.1314,0.937,1.131,0.445,0.909,af3,msa_notemplate
1czy,43,1,0.842239,0.89,1.0261,0.946,1.026,0.372,0.909,af3,msa_notemplate
1czy,43,2,0.8705459999999999,0.89,0.6198,0.977,0.62,0.309,0.977,af3,msa_notemplate
1czy,43,3,0.815852,0.85,2.8538,0.792,2.854,0.975,0.773,af3,msa_notemplate
1czy,43,4,0.846965,0.88,0.9019,0.952,0.902,0.397,0.932,af3,msa_notemplate
1czy,44,0,0.869469,0.9,0.5616,0.965,0.562,0.27,0.932,af3,msa_notemplate
1czy,44,1,0.873935,0.91,0.8685,0.964,0.869,0.35,0.955,af3,msa_notemplate
1czy,44,2,0.860602,0.89,0.7941,0.966,0.794,0.336,0.955,af3,msa_notemplate
1czy,44,3,0.851861,0.88,0.7501,0.953,0.75,0.315,0.909,af3,msa_notemplate
1czy,44,4,0.831819,0.87,2.7051,0.832,2.705,0.926,0.864,af3,msa_notemplate
1ddv,42,0,0.694509,0.55,1.7625,0.932,1.762,0.663,1.0,af3,msa_notemplate
1ddv,42,1,0.6841849999999999,0.56,1.6152,0.94,1.615,0.617,1.0,af3,msa_notemplate
1ddv,42,2,0.696522,0.59,0.8506,0.976,0.851,0.389,1.0,af3,msa_notemplate
1ddv,42,3,0.69122,0.55,3.8279,0.686,3.828,1.385,0.688,af3,msa_notemplate
1ddv,42,4,0.7003520000000001,0.58,1.7113,0.936,1.711,0.636,1.0,af3,msa_notemplate
1ddv,43,0,0.698746,0.56,1.6008,0.942,1.601,0.603,1.0,af3,msa_notemplate
1ddv,43,1,0.6825279999999999,0.54,0.9549,0.971,0.955,0.429,1.0,af3,msa_notemplate
1ddv,43,2,0.699854,0.57,1.5174,0.946,1.517,0.581,1.0,af3,msa_notemplate
1ddv,43,3,0.664665,0.51,2.0851,0.912,2.085,0.769,1.0,af3,msa_notemplate
1ddv,43,4,0.653285,0.51,2.3739,0.849,2.374,0.883,0.875,af3,msa_notemplate
1ddv,44,0,0.698554,0.57,1.9873,0.919,1.987,0.731,1.0,af3,msa_notemplate
1ddv,44,1,0.742241,0.57,5.426,0.585,5.426,1.767,0.625,af3,msa_notemplate
1ddv,44,2,0.756689,0.66,5.5845,0.575,5.584,1.83,0.625,af3,msa_notemplate
1ddv,44,3,0.703796,0.59,0.7325,0.973,0.732,0.419,1.0,af3,msa_notemplate
1ddv,44,4,0.692611,0.54,1.3306,0.949,1.331,0.576,1.0,af3,msa_notemplate
1eg4,42,0,0.777711,0.85,4.2037,0.679,4.204,1.877,0.844,af3,msa_notemplate
1eg4,42,1,0.777478,0.84,4.4435,0.657,4.444,1.941,0.812,af3,msa_notemplate
1eg4,42,2,0.787113,0.86,5.0475,0.628,5.048,2.122,0.812,af3,msa_notemplate
1eg4,42,3,0.768158,0.84,6.0322,0.578,6.032,2.556,0.812,af3,msa_notemplate
1eg4,42,4,0.778263,0.85,3.314,0.747,3.314,1.506,0.875,af3,msa_notemplate
1eg4,43,0,0.773218,0.87,3.5408,0.733,3.541,1.583,0.875,af3,msa_notemplate
1eg4,43,1,0.768568,0.83,2.8213,0.743,2.821,1.28,0.75,af3,msa_notemplate
1eg4,43,2,0.776022,0.85,3.5436,0.741,3.544,1.606,0.906,af3,msa_notemplate
1eg4,43,3,0.759551,0.83,4.0959,0.66,4.096,1.767,0.75,af3,msa_notemplate
1eg4,43,4,0.7841849999999999,0.87,5.6595,0.593,5.659,2.447,0.812,af3,msa_notemplate
1eg4,44,0,0.776007,0.85,3.1396,0.728,3.14,1.435,0.781,af3,msa_notemplate
1eg4,44,1,0.747201,0.82,5.1574,0.632,5.157,2.186,0.844,af3,msa_notemplate
1eg4,44,2,0.759264,0.83,2.8157,0.754,2.816,1.276,0.781,af3,msa_notemplate
1eg4,44,3,0.759797,0.84,5.8334,0.577,5.833,2.468,0.781,af3,msa_notemplate
1eg4,44,4,0.760305,0.83,5.8182,0.576,5.818,2.488,0.781,af3,msa_notemplate
1f47,42,0,0.807303,0.83,2.7097,0.912,2.71,0.685,1.0,af3,msa_notemplate
1f47,42,1,0.840848,0.86,1.6941,0.886,1.694,0.774,0.906,af3,msa_notemplate
1f47,42,2,0.8383499999999999,0.86,1.255,0.93,1.255,0.65,0.969,af3,msa_notemplate
1f47,42,3,0.8272740000000001,0.84,1.6692,0.938,1.669,0.626,1.0,af3,msa_notemplate
1f47,42,4,0.8499450000000001,0.86,2.0008,0.862,2.001,0.837,0.875,af3,msa_notemplate
1f47,43,0,0.818094,0.83,2.9551,0.909,2.955,0.667,1.0,af3,msa_notemplate
1f47,43,1,0.8473099999999999,0.86,2.1056,0.866,2.106,0.936,0.938,af3,msa_notemplate
1f47,43,2,0.8167740000000001,0.83,2.7401,0.913,2.74,0.673,1.0,af3,msa_notemplate
1f47,43,3,0.805964,0.82,1.3669,0.923,1.367,0.615,0.938,af3,msa_notemplate
1f47,43,4,0.827329,0.84,1.2489,0.938,1.249,0.586,0.969,af3,msa_notemplate
1f47,44,0,0.852872,0.87,1.7551,0.889,1.755,0.747,0.906,af3,msa_notemplate
1f47,44,1,0.847165,0.85,2.7124,0.844,2.712,0.937,0.906,af3,msa_notemplate
1f47,44,2,0.8340040000000001,0.84,1.6545,0.899,1.655,0.76,0.938,af3,msa_notemplate
1f47,44,3,0.829962,0.84,2.016,0.911,2.016,0.712,0.969,af3,msa_notemplate
1f47,44,4,0.814783,0.82,3.0023,0.898,3.002,0.736,1.0,af3,msa_notemplate
1f8h,42,0,0.82139,0.75,1.9079,0.888,1.908,0.853,0.957,af3,msa_notemplate
1f8h,42,1,0.829037,0.74,1.3866,0.866,1.387,0.756,0.826,af3,msa_notemplate
1f8h,42,2,0.820927,0.74,1.5608,0.892,1.561,0.764,0.913,af3,msa_notemplate
1f8h,42,3,0.8118529999999999,0.73,1.1556,0.911,1.156,0.656,0.913,af3,msa_notemplate
1f8h,42,4,0.82219,0.74,1.51,0.88,1.51,0.75,0.87,af3,msa_notemplate
1f8h,43,0,0.8283159999999999,0.74,1.6433,0.885,1.643,0.799,0.913,af3,msa_notemplate
1f8h,43,1,0.827894,0.73,1.4295,0.905,1.429,0.68,0.913,af3,msa_notemplate
1f8h,43,2,0.835243,0.73,1.2644,0.912,1.264,0.643,0.913,af3,msa_notemplate
1f8h,43,3,0.819257,0.73,1.7645,0.898,1.764,0.801,0.957,af3,msa_notemplate
1f8h,43,4,0.827273,0.72,1.6187,0.897,1.619,0.721,0.913,af3,msa_notemplate
1f8h,44,0,0.8273139999999999,0.74,2.0668,0.846,2.067,0.922,0.87,af3,msa_notemplate
1f8h,44,1,0.8161879999999999,0.72,1.8672,0.894,1.867,0.815,0.957,af3,msa_notemplate
1f8h,44,2,0.8304980000000001,0.73,1.7654,0.909,1.765,0.724,0.957,af3,msa_notemplate
1f8h,44,3,0.821955,0.74,1.9801,0.871,1.98,0.866,0.913,af3,msa_notemplate
1f8h,44,4,0.835851,0.74,1.9202,0.913,1.92,0.777,1.0,af3,msa_notemplate
1j2x,42,0,0.9390900000000001,0.89,0.8399,0.917,0.84,0.531,0.872,af3,msa_notemplate
1j2x,42,1,0.9396030000000001,0.89,1.1052,0.897,1.105,0.535,0.821,af3,msa_notemplate
1j2x,42,2,0.920451,0.87,1.2191,0.876,1.219,0.682,0.821,af3,msa_notemplate
1j2x,42,3,0.942158,0.9,1.4394,0.917,1.439,0.483,0.872,af3,msa_notemplate
1j2x,42,4,0.9261459999999999,0.88,0.9254,0.919,0.925,0.511,0.872,af3,msa_notemplate
1j2x,43,0,0.9305800000000001,0.88,1.0372,0.903,1.037,0.491,0.821,af3,msa_notemplate
1j2x,43,1,0.9279470000000001,0.87,1.2633,0.943,1.263,0.416,0.923,af3,msa_notemplate
1j2x,43,2,0.937984,0.88,1.0915,0.921,1.091,0.548,0.897,af3,msa_notemplate
1j2x,43,3,0.939199,0.89,1.113,0.902,1.113,0.495,0.821,af3,msa_notemplate
1j2x,43,4,0.938985,0.89,1.0307,0.896,1.031,0.55,0.821,af3,msa_notemplate
1j2x,44,0,0.943132,0.9,0.9759,0.93,0.976,0.486,0.897,af3,msa_notemplate
1j2x,44,1,0.935613,0.88,1.2548,0.887,1.255,0.598,0.821,af3,msa_notemplate
1j2x,44,2,0.929718,0.88,0.9823,0.902,0.982,0.502,0.821,af3,msa_notemplate
1j2x,44,3,0.9325620000000001,0.89,1.208,0.912,1.208,0.54,0.872,af3,msa_notemplate
1j2x,44,4,0.938391,0.89,1.4587,0.88,1.459,0.694,0.846,af3,msa_notemplate
1jd5,42,0,0.931275,0.93,1.1755,0.882,1.175,1.002,0.973,af3,msa_notemplate
1jd5,42,1,0.9419970000000001,0.94,1.301,0.936,1.301,0.675,1.0,af3,msa_notemplate
1jd5,42,2,0.9353539999999999,0.93,1.0284,0.943,1.028,0.58,0.973,af3,msa_notemplate
1jd5,42,3,0.9267780000000001,0.93,2.0394,0.828,2.039,1.314,0.973,af3,msa_notemplate
1jd5,42,4,0.938138,0.94,1.3043,0.93,1.304,0.72,1.0,af3,msa_notemplate
1jd5,43,0,0.931057,0.93,1.1273,0.838,1.127,1.334,0.973,af3,msa_notemplate
1jd5,43,1,0.925137,0.93,1.0742,0.862,1.074,1.086,0.946,af3,msa_notemplate
1jd5,43,2,0.9312600000000001,0.93,1.0777,0.852,1.078,1.227,0.973,af3,msa_notemplate
1jd5,43,3,0.9384999999999999,0.93,1.1873,0.915,1.187,0.708,0.946,af3,msa_notemplate
1jd5,43,4,0.938949,0.93,1.1738,0.936,1.174,0.685,1.0,af3,msa_notemplate
1jd5,44,0,0.935226,0.93,1.0385,0.923,1.038,0.787,1.0,af3,msa_notemplate
1jd5,44,1,0.934666,0.93,0.6188,0.954,0.619,0.517,0.973,af3,msa_notemplate
1jd5,44,2,0.937068,0.93,1.0227,0.934,1.023,0.649,0.973,af3,msa_notemplate
1jd5,44,3,0.935009,0.93,1.1632,0.836,1.163,1.346,0.973,af3,msa_notemplate
1jd5,44,4,0.933246,0.93,0.932,0.787,0.932,1.832,0.973,af3,msa_notemplate
1jq8,42,0,0.63104,0.59,2.5308,0.783,2.531,0.814,0.659,af3,msa_notemplate
1jq8,42,1,0.68407,0.64,2.0389,0.817,2.039,0.746,0.705,af3,msa_notemplate
1jq8,42,2,0.686245,0.63,2.2761,0.804,2.276,0.812,0.705,af3,msa_notemplate
1jq8,42,3,0.6949299999999999,0.66,2.1028,0.833,2.103,0.785,0.773,af3,msa_notemplate
1jq8,42,4,0.7082649999999999,0.68,2.1088,0.832,2.109,0.796,0.773,af3,msa_notemplate
1jq8,43,0,0.688837,0.64,2.8169,0.812,2.817,0.887,0.795,af3,msa_notemplate
1jq8,43,1,0.67379,0.62,2.4932,0.769,2.493,0.816,0.614,af3,msa_notemplate
1jq8,43,2,0.715418,0.66,1.5476,0.883,1.548,0.595,0.818,af3,msa_notemplate
1jq8,43,3,0.716063,0.68,2.6053,0.801,2.605,0.839,0.727,af3,msa_notemplate
1jq8,43,4,0.66768,0.62,3.2229,0.742,3.223,0.997,0.659,af3,msa_notemplate
1jq8,44,0,0.67659,0.63,2.0756,0.818,2.076,0.733,0.705,af3,msa_notemplate
1jq8,44,1,0.6507850000000001,0.61,2.1975,0.793,2.197,0.787,0.659,af3,msa_notemplate
1jq8,44,2,0.7048099999999999,0.66,2.5698,0.825,2.57,0.834,0.795,af3,msa_notemplate
1jq8,44,3,0.685145,0.64,2.1776,0.829,2.178,0.803,0.773,af3,msa_notemplate
1jq8,44,4,0.6749250000000001,0.63,3.1813,0.743,3.181,0.996,0.659,af3,msa_notemplate
1jw6,42,0,0.544939,0.48,39.0997,0.02,39.1,11.727,0.0,af3,msa_notemplate
1jw6,42,1,0.59098,0.51,36.5512,0.023,36.551,11.248,0.0,af3,msa_notemplate
1jw6,42,2,0.558397,0.5,35.7944,0.024,35.794,10.876,0.0,af3,msa_notemplate
1jw6,42,3,0.561611,0.47,36.0995,0.024,36.1,11.003,0.0,af3,msa_notemplate
1jw6,42,4,0.548903,0.53,46.4017,0.015,46.402,14.192,0.0,af3,msa_notemplate
1jw6,43,0,0.5226729999999999,0.43,35.446,0.024,35.446,10.756,0.0,af3,msa_notemplate
1jw6,43,1,0.624626,0.58,30.5193,0.033,30.519,9.248,0.0,af3,msa_notemplate
1jw6,43,2,0.537564,0.45,31.7392,0.03,31.739,9.7,0.0,af3,msa_notemplate
1jw6,43,3,0.520682,0.4,37.5639,0.022,37.564,11.382,0.0,af3,msa_notemplate
1jw6,43,4,0.582308,0.51,34.8581,0.025,34.858,10.538,0.0,af3,msa_notemplate
1jw6,44,0,0.666002,0.62,44.8813,0.015,44.881,14.028,0.0,af3,msa_notemplate
1jw6,44,1,0.560852,0.45,36.7339,0.023,36.734,11.205,0.0,af3,msa_notemplate
1jw6,44,2,0.528389,0.44,38.5326,0.021,38.533,11.534,0.0,af3,msa_notemplate
1jw6,44,3,0.6107710000000001,0.53,37.4759,0.022,37.476,11.524,0.0,af3,msa_notemplate
1jw6,44,4,0.6258859999999999,0.55,45.3188,0.015,45.319,14.166,0.0,af3,msa_notemplate
1l2z,42,0,0.817526,0.63,2.7262,0.749,2.726,1.248,0.75,af3,msa_notemplate
1l2z,42,1,0.810927,0.64,2.7104,0.743,2.71,1.299,0.75,af3,msa_notemplate
1l2z,42,2,0.813824,0.63,2.5486,0.771,2.549,1.112,0.75,af3,msa_notemplate
1l2z,42,3,0.8043689999999999,0.63,2.1661,0.81,2.166,1.053,0.821,af3,msa_notemplate
1l2z,42,4,0.792667,0.6,3.071,0.71,3.071,1.406,0.714,af3,msa_notemplate
1l2z,43,0,0.8229219999999999,0.64,2.6148,0.747,2.615,1.19,0.714,af3,msa_notemplate
1l2z,43,1,0.8205070000000001,0.63,2.4994,0.767,2.499,1.149,0.75,af3,msa_notemplate
1l2z,43,2,0.8399890000000001,0.65,2.8828,0.728,2.883,1.297,0.714,af3,msa_notemplate
1l2z,43,3,0.813756,0.63,2.1036,0.768,2.104,1.104,0.714,af3,msa_notemplate
1l2z,43,4,0.8110590000000001,0.61,2.4453,0.754,2.445,1.161,0.714,af3,msa_notemplate
1l2z,44,0,0.778364,0.6,3.0484,0.724,3.048,1.302,0.714,af3,msa_notemplate
1l2z,44,1,0.808487,0.64,2.5451,0.767,2.545,1.227,0.786,af3,msa_notemplate
1l2z,44,2,0.8160590000000001,0.64,2.6208,0.747,2.621,1.189,0.714,af3,msa_notemplate
1l2z,44,3,0.8199420000000001,0.64,2.7061,0.752,2.706,1.228,0.75,af3,msa_notemplate
1l2z,44,4,0.81997,0.67,2.4742,0.796,2.474,1.117,0.821,af3,msa_notemplate
1lb6,42,0,0.906694,0.93,0.4174,0.976,0.417,0.318,0.973,af3,msa_notemplate
1lb6,42,1,0.909725,0.94,0.4974,0.975,0.497,0.328,0.973,af3,msa_notemplate
1lb6,42,2,0.91318,0.94,0.6266,0.97,0.627,0.376,0.973,af3,msa_notemplate
1lb6,42,3,0.911253,0.94,0.4313,0.976,0.431,0.313,0.973,af3,msa_notemplate
1lb6,42,4,0.908217,0.93,0.4366,0.975,0.437,0.331,0.973,af3,msa_notemplate
1lb6,43,0,0.909215,0.94,0.5891,0.973,0.589,0.339,0.973,af3,msa_notemplate
1lb6,43,1,0.907401,0.94,0.5428,0.974,0.543,0.337,0.973,af3,msa_notemplate
1lb6,43,2,0.904246,0.93,0.4197,0.977,0.42,0.299,0.973,af3,msa_notemplate
1lb6,43,3,0.912544,0.94,0.5019,0.974,0.502,0.33,0.973,af3,msa_notemplate
1lb6,43,4,0.9051659999999999,0.94,0.5713,0.976,0.571,0.31,0.973,af3,msa_notemplate
1lb6,44,0,0.9168890000000001,0.94,0.3674,0.976,0.367,0.323,0.973,af3,msa_notemplate
1lb6,44,1,0.9089,0.94,0.4304,0.977,0.43,0.302,0.973,af3,msa_notemplate
1lb6,44,2,0.908692,0.94,0.4268,0.975,0.427,0.324,0.973,af3,msa_notemplate
1lb6,44,3,0.907205,0.93,0.5448,0.974,0.545,0.337,0.973,af3,msa_notemplate
1lb6,44,4,0.909797,0.94,0.3845,0.976,0.384,0.319,0.973,af3,msa_notemplate
1mf4,42,0,0.5989,0.57,4.0273,0.722,4.027,1.137,0.714,af3,msa_notemplate
1mf4,42,1,0.600883,0.61,4.3265,0.674,4.327,1.225,0.629,af3,msa_notemplate
1mf4,42,2,0.580512,0.55,3.0259,0.749,3.026,0.912,0.629,af3,msa_notemplate
1mf4,42,3,0.611927,0.61,4.3026,0.682,4.303,1.243,0.657,af3,msa_notemplate
1mf4,42,4,0.588295,0.59,4.323,0.645,4.323,1.229,0.543,af3,msa_notemplate
1mf4,43,0,0.573129,0.57,4.6642,0.637,4.664,1.304,0.571,af3,msa_notemplate
1mf4,43,1,0.602183,0.6,5.3638,0.58,5.364,1.469,0.514,af3,msa_notemplate
1mf4,43,2,0.645532,0.66,2.7075,0.828,2.708,0.803,0.8,af3,msa_notemplate
1mf4,43,3,0.618544,0.65,5.1593,0.588,5.159,1.445,0.514,af3,msa_notemplate
1mf4,43,4,0.663549,0.68,2.4127,0.84,2.413,0.761,0.8,af3,msa_notemplate
1mf4,44,0,0.591778,0.58,2.4442,0.794,2.444,0.745,0.657,af3,msa_notemplate
1mf4,44,1,0.586456,0.6,4.1275,0.696,4.127,1.169,0.657,af3,msa_notemplate
1mf4,44,2,0.621727,0.63,2.2634,0.867,2.263,0.728,0.857,af3,msa_notemplate
1mf4,44,3,0.607129,0.62,2.6085,0.847,2.608,0.754,0.829,af3,msa_notemplate
1mf4,44,4,0.598373,0.62,4.5388,0.669,4.539,1.3,0.657,af3,msa_notemplate
1mv0,42,0,0.733124,0.56,6.6516,0.428,6.652,2.481,0.395,af3,msa_notemplate
1mv0,42,1,0.746538,0.61,5.3543,0.539,5.354,2.079,0.558,af3,msa_notemplate
1mv0,42,2,0.746191,0.58,6.3693,0.478,6.369,2.394,0.512,af3,msa_notemplate
1mv0,42,3,0.729841,0.58,4.6131,0.591,4.613,1.765,0.581,af3,msa_notemplate
1mv0,42,4,0.7521859999999999,0.6,5.9039,0.506,5.904,2.13,0.512,af3,msa_notemplate
1mv0,43,0,0.685595,0.52,3.0354,0.74,3.035,1.316,0.767,af3,msa_notemplate
1mv0,43,1,0.7158880000000001,0.54,6.3658,0.468,6.366,2.304,0.465,af3,msa_notemplate
1mv0,43,2,0.721885,0.55,5.8718,0.49,5.872,2.263,0.488,af3,msa_notemplate
1mv0,43,3,0.702815,0.49,4.466,0.591,4.466,1.724,0.558,af3,msa_notemplate
1mv0,43,4,0.744011,0.59,6.1083,0.451,6.108,2.297,0.395,af3,msa_notemplate
1mv0,44,0,0.6916599999999999,0.44,6.0188,0.458,6.019,2.225,0.395,af3,msa_notemplate
1mv0,44,1,0.737021,0.59,5.3036,0.535,5.304,1.946,0.512,af3,msa_notemplate
1mv0,44,2,0.734334,0.59,5.655,0.497,5.655,2.121,0.465,af3,msa_notemplate
1mv0,44,3,0.7339960000000001,0.55,7.8477,0.352,7.848,2.885,0.302,af3,msa_notemplate
1mv0,44,4,0.726898,0.56,4.7859,0.589,4.786,1.825,0.605,af3,msa_notemplate
1nrl,42,0,0.8968980000000001,0.95,0.6559,0.977,0.656,0.39,1.0,af3,msa_notemplate
1nrl,42,1,0.899127,0.95,0.6952,0.969,0.695,0.464,1.0,af3,msa_notemplate
1nrl,42,2,0.8913519999999999,0.95,0.8576,0.964,0.858,0.491,1.0,af3,msa_notemplate
1nrl,42,3,0.8942640000000001,0.95,0.6704,0.944,0.67,0.656,1.0,af3,msa_notemplate
1nrl,42,4,0.89927,0.96,0.625,0.97,0.625,0.455,1.0,af3,msa_notemplate
1nrl,43,0,0.9023749999999999,0.96,0.8002,0.97,0.8,0.446,1.0,af3,msa_notemplate
1nrl,43,1,0.8888670000000001,0.95,0.6797,0.971,0.68,0.445,1.0,af3,msa_notemplate
1nrl,43,2,0.890775,0.95,0.7123,0.971,0.712,0.438,1.0,af3,msa_notemplate
1nrl,43,3,0.896298,0.95,0.7151,0.966,0.715,0.41,0.974,af3,msa_notemplate
1nrl,43,4,0.8985559999999999,0.95,0.6405,0.975,0.64,0.413,1.0,af3,msa_notemplate
1nrl,44,0,0.904627,0.96,0.6834,0.957,0.683,0.487,0.974,af3,msa_notemplate
1nrl,44,1,0.899761,0.95,0.6989,0.975,0.699,0.402,1.0,af3,msa_notemplate
1nrl,44,2,0.896853,0.95,0.66,0.966,0.66,0.487,1.0,af3,msa_notemplate
1nrl,44,3,0.8982420000000001,0.95,0.6201,0.969,0.62,0.467,1.0,af3,msa_notemplate
1nrl,44,4,0.901405,0.96,0.7425,0.963,0.743,0.51,1.0,af3,msa_notemplate
1nvq,42,0,0.45399999999999996,0.51,0.7413,0.936,0.741,0.39,0.88,af3,msa_notemplate
1nvq,42,1,0.42389299999999996,0.44,1.0605,0.899,1.061,0.468,0.8,af3,msa_notemplate
1nvq,42,2,0.44226999999999994,0.49,0.4328,0.963,0.433,0.263,0.92,af3,msa_notemplate
1nvq,42,3,0.428673,0.46,0.6035,0.953,0.603,0.37,0.92,af3,msa_notemplate
1nvq,42,4,0.42219999999999996,0.43,0.9365,0.952,0.936,0.351,0.92,af3,msa_notemplate
1nvq,43,0,0.45769,0.52,0.6176,0.944,0.618,0.321,0.88,af3,msa_notemplate
1nvq,43,1,0.463847,0.54,0.5874,0.959,0.587,0.296,0.92,af3,msa_notemplate
1nvq,43,2,0.451447,0.5,0.5765,0.953,0.577,0.366,0.92,af3,msa_notemplate
1nvq,43,3,0.464157,0.54,0.7306,0.928,0.731,0.343,0.84,af3,msa_notemplate
1nvq,43,4,0.466327,0.53,0.7955,0.936,0.796,0.388,0.88,af3,msa_notemplate
1nvq,44,0,0.44091299999999994,0.49,1.0294,0.921,1.029,0.391,0.84,af3,msa_notemplate
1nvq,44,1,0.43356,0.48,0.9716,0.903,0.972,0.44,0.8,af3,msa_notemplate
1nvq,44,2,0.43634700000000004,0.48,0.809,0.92,0.809,0.411,0.84,af3,msa_notemplate
1nvq,44,3,0.45173699999999994,0.51,0.6472,0.955,0.647,0.347,0.92,af3,msa_notemplate
1nvq,44,4,0.440967,0.49,0.2924,0.962,0.292,0.282,0.92,af3,msa_notemplate
1o0p,42,0,0.597931,0.48,5.669,0.517,5.669,2.533,0.6,af3,msa_notemplate
1o0p,42,1,0.587594,0.47,4.3886,0.56,4.389,2.089,0.55,af3,msa_notemplate
1o0p,42,2,0.698242,0.61,5.0837,0.568,5.084,2.335,0.675,af3,msa_notemplate
1o0p,42,3,0.550171,0.42,4.7414,0.573,4.741,2.132,0.625,af3,msa_notemplate
1o0p,42,4,0.568865,0.44,4.6617,0.562,4.662,2.082,0.575,af3,msa_notemplate
1o0p,43,0,0.589943,0.46,4.4753,0.538,4.475,2.017,0.475,af3,msa_notemplate
1o0p,43,1,0.56045,0.45,4.9324,0.516,4.932,2.295,0.5,af3,msa_notemplate
1o0p,43,2,0.602294,0.49,4.3514,0.601,4.351,1.996,0.65,af3,msa_notemplate
1o0p,43,3,0.59626,0.47,4.902,0.567,4.902,2.284,0.65,af3,msa_notemplate
1o0p,43,4,0.6079950000000001,0.48,4.1443,0.611,4.144,1.933,0.65,af3,msa_notemplate
1o0p,44,0,0.593109,0.46,5.3599,0.485,5.36,2.493,0.475,af3,msa_notemplate
1o0p,44,1,0.597181,0.49,4.3061,0.6,4.306,1.915,0.625,af3,msa_notemplate
1o0p,44,2,0.593028,0.46,5.9646,0.49,5.965,2.444,0.525,af3,msa_notemplate
1o0p,44,3,0.5542130000000001,0.42,3.6245,0.629,3.625,1.877,0.65,af3,msa_notemplate
1o0p,44,4,0.623092,0.5,4.8378,0.593,4.838,2.171,0.7,af3,msa_notemplate
1p7v,42,0,0.618548,0.74,2.3412,0.844,2.341,0.689,0.776,af3,msa_notemplate
1p7v,42,1,0.58143,0.71,2.0068,0.865,2.007,0.575,0.776,af3,msa_notemplate
1p7v,42,2,0.604039,0.73,3.9402,0.709,3.94,1.102,0.653,af3,msa_notemplate
1p7v,42,3,0.577159,0.71,2.1184,0.853,2.118,0.603,0.755,af3,msa_notemplate
1p7v,42,4,0.613833,0.73,2.2562,0.848,2.256,0.667,0.776,af3,msa_notemplate
1p7v,43,0,0.585848,0.74,2.9437,0.795,2.944,0.85,0.735,af3,msa_notemplate
1p7v,43,1,0.534322,0.66,2.9102,0.8,2.91,0.819,0.735,af3,msa_notemplate
1p7v,43,2,0.551574,0.68,3.2947,0.762,3.295,0.928,0.694,af3,msa_notemplate
1p7v,43,3,0.556643,0.68,3.1801,0.781,3.18,0.907,0.735,af3,msa_notemplate
1p7v,43,4,0.5393910000000001,0.66,2.8603,0.767,2.86,0.819,0.633,af3,msa_notemplate
1p7v,44,0,0.618717,0.74,3.5096,0.739,3.51,1.005,0.673,af3,msa_notemplate
1p7v,44,1,0.589883,0.71,3.7869,0.709,3.787,1.076,0.633,af3,msa_notemplate
1p7v,44,2,0.59065,0.74,2.2024,0.84,2.202,0.631,0.735,af3,msa_notemplate
1p7v,44,3,0.5685199999999999,0.69,3.0553,0.777,3.055,0.865,0.694,af3,msa_notemplate
1p7v,44,4,0.587757,0.71,2.7532,0.827,2.753,0.794,0.796,af3,msa_notemplate
1pmx,42,0,0.8686579999999999,0.8,2.5448,0.852,2.545,1.022,0.957,af3,msa_notemplate
1pmx,42,1,0.843464,0.76,2.5532,0.862,2.553,0.956,0.957,af3,msa_notemplate
1pmx,42,2,0.8875069999999999,0.83,2.0093,0.879,2.009,1.004,1.0,af3,msa_notemplate
1pmx,42,3,0.8438070000000001,0.76,2.7316,0.831,2.732,1.045,0.913,af3,msa_notemplate
1pmx,42,4,0.862178,0.79,2.2814,0.866,2.281,0.958,0.957,af3,msa_notemplate
1pmx,43,0,0.8952119999999999,0.83,2.6604,0.855,2.66,0.985,0.957,af3,msa_notemplate
1pmx,43,1,0.8460169999999999,0.76,3.454,0.85,3.454,0.999,1.0,af3,msa_notemplate
1pmx,43,2,0.843282,0.76,2.5859,0.826,2.586,1.104,0.913,af3,msa_notemplate
1pmx,43,3,0.869632,0.78,3.163,0.829,3.163,1.098,0.957,af3,msa_notemplate
1pmx,43,4,0.840249,0.75,4.027,0.805,4.027,1.12,0.957,af3,msa_notemplate
1pmx,44,0,0.8566769999999999,0.79,2.8721,0.853,2.872,0.973,0.957,af3,msa_notemplate
1pmx,44,1,0.864464,0.78,1.5815,0.842,1.582,1.215,0.957,af3,msa_notemplate
1pmx,44,2,0.877275,0.8,2.2461,0.859,2.246,1.014,0.957,af3,msa_notemplate
1pmx,44,3,0.860467,0.78,4.0521,0.829,4.052,0.942,0.957,af3,msa_notemplate
1pmx,44,4,0.874331,0.8,2.2608,0.88,2.261,0.867,0.957,af3,msa_notemplate
1r17,42,0,0.8933209999999999,0.95,0.9447,0.902,0.945,0.834,0.953,af3,msa_notemplate
1r17,42,1,0.887228,0.95,0.8127,0.921,0.813,0.706,0.953,af3,msa_notemplate
1r17,42,2,0.897973,0.95,0.8532,0.949,0.853,0.489,0.953,af3,msa_notemplate
1r17,42,3,0.890577,0.95,0.694,0.949,0.694,0.494,0.953,af3,msa_notemplate
1r17,42,4,0.895338,0.95,0.8425,0.906,0.843,0.834,0.965,af3,msa_notemplate
1r17,43,0,0.8775419999999999,0.95,1.5673,0.907,1.567,0.602,0.894,af3,msa_notemplate
1r17,43,1,0.8958929999999999,0.95,0.9265,0.945,0.927,0.455,0.929,af3,msa_notemplate
1r17,43,2,0.897047,0.95,0.7263,0.912,0.726,0.773,0.953,af3,msa_notemplate
1r17,43,3,0.8897839999999999,0.95,0.8253,0.945,0.825,0.525,0.953,af3,msa_notemplate
1r17,43,4,0.894564,0.95,0.8146,0.946,0.815,0.516,0.953,af3,msa_notemplate
1r17,44,0,0.894716,0.95,0.8596,0.948,0.86,0.525,0.965,af3,msa_notemplate
1r17,44,1,0.8942260000000001,0.95,0.8623,0.905,0.862,0.812,0.953,af3,msa_notemplate
1r17,44,2,0.872746,0.94,1.7968,0.905,1.797,0.714,0.941,af3,msa_notemplate
1r17,44,3,0.89753,0.95,0.8462,0.907,0.846,0.829,0.965,af3,msa_notemplate
1r17,44,4,0.896998,0.95,0.7284,0.908,0.728,0.802,0.953,af3,msa_notemplate
1rxz,42,0,0.8964230000000001,0.95,1.0309,0.9,1.031,0.776,0.926,af3,msa_notemplate
1rxz,42,1,0.9002880000000001,0.96,0.9937,0.897,0.994,0.802,0.926,af3,msa_notemplate
1rxz,42,2,0.8985150000000001,0.95,1.0985,0.883,1.098,0.89,0.926,af3,msa_notemplate
1rxz,42,3,0.901108,0.96,1.0459,0.88,1.046,0.787,0.87,af3,msa_notemplate
1rxz,42,4,0.895857,0.96,1.5144,0.884,1.514,0.851,0.926,af3,msa_notemplate
1rxz,43,0,0.900358,0.95,1.1073,0.883,1.107,0.845,0.907,af3,msa_notemplate
1rxz,43,1,0.895475,0.95,0.9967,0.903,0.997,0.76,0.926,af3,msa_notemplate
1rxz,43,2,0.900305,0.96,1.05,0.865,1.05,0.889,0.87,af3,msa_notemplate
1rxz,43,3,0.890187,0.95,1.1994,0.893,1.199,0.726,0.889,af3,msa_notemplate
1rxz,43,4,0.9033589999999999,0.96,1.1161,0.889,1.116,0.848,0.926,af3,msa_notemplate
1rxz,44,0,0.903491,0.96,1.1546,0.877,1.155,0.882,0.907,af3,msa_notemplate
1rxz,44,1,0.901302,0.96,1.0503,0.879,1.05,0.923,0.926,af3,msa_notemplate
1rxz,44,2,0.9023909999999999,0.96,1.0006,0.891,1.001,0.841,0.926,af3,msa_notemplate
1rxz,44,3,0.900593,0.96,1.1765,0.869,1.177,0.854,0.87,af3,msa_notemplate
1rxz,44,4,0.897284,0.95,1.3788,0.862,1.379,0.932,0.889,af3,msa_notemplate
1t74,42,0,0.790042,0.88,0.7295,0.964,0.729,0.394,0.964,af3,msa_notemplate
1t74,42,1,0.810145,0.91,0.5412,0.959,0.541,0.33,0.929,af3,msa_notemplate
1t74,42,2,0.8015680000000001,0.89,0.7835,0.963,0.783,0.4,0.964,af3,msa_notemplate
1t74,42,3,0.8057880000000001,0.9,0.7598,0.974,0.76,0.409,1.0,af3,msa_notemplate
1t74,42,4,0.815052,0.91,0.8608,0.965,0.861,0.373,0.964,af3,msa_notemplate
1t74,43,0,0.7783150000000001,0.87,1.4789,0.905,1.479,0.536,0.857,af3,msa_notemplate
1t74,43,1,0.790441,0.88,1.3847,0.93,1.385,0.531,0.929,af3,msa_notemplate
1t74,43,2,0.785349,0.88,1.2995,0.917,1.299,0.549,0.893,af3,msa_notemplate
1t74,43,3,0.773536,0.88,1.4597,0.926,1.46,0.556,0.929,af3,msa_notemplate
1t74,43,4,0.763634,0.87,2.072,0.88,2.072,0.745,0.893,af3,msa_notemplate
1t74,44,0,0.800067,0.89,0.8775,0.962,0.877,0.402,0.964,af3,msa_notemplate
1t74,44,1,0.794795,0.89,1.4759,0.935,1.476,0.577,0.964,af3,msa_notemplate
1t74,44,2,0.796556,0.89,1.0443,0.934,1.044,0.43,0.893,af3,msa_notemplate
1t74,44,3,0.7903189999999999,0.88,1.0726,0.95,1.073,0.497,0.964,af3,msa_notemplate
1t74,44,4,0.79804,0.89,1.46,0.927,1.46,0.553,0.929,af3,msa_notemplate
1v1t,42,0,0.941357,0.95,0.9219,0.967,0.922,0.338,0.96,af3,msa_notemplate
1v1t,42,1,0.943978,0.95,0.8979,0.964,0.898,0.364,0.96,af3,msa_notemplate
1v1t,42,2,0.9412170000000001,0.95,1.4732,0.969,1.473,0.395,1.0,af3,msa_notemplate
1v1t,42,3,0.94155,0.95,0.9362,0.978,0.936,0.363,1.0,af3,msa_notemplate
1v1t,42,4,0.941743,0.95,0.9958,0.98,0.996,0.33,1.0,af3,msa_notemplate
1v1t,43,0,0.9446169999999999,0.95,0.9236,0.962,0.924,0.386,0.96,af3,msa_notemplate
1v1t,43,1,0.9449200000000001,0.95,0.6737,0.969,0.674,0.327,0.96,af3,msa_notemplate
1v1t,43,2,0.941135,0.95,1.5301,0.97,1.53,0.371,1.0,af3,msa_notemplate
1v1t,43,3,0.9472929999999999,0.95,1.0394,0.979,1.039,0.342,1.0,af3,msa_notemplate
1v1t,43,4,0.942411,0.95,0.7941,0.968,0.794,0.331,0.96,af3,msa_notemplate
1v1t,44,0,0.9453,0.95,0.7203,0.968,0.72,0.342,0.96,af3,msa_notemplate
1v1t,44,1,0.94357,0.95,0.9254,0.974,0.925,0.401,1.0,af3,msa_notemplate
1v1t,44,2,0.945596,0.96,0.9019,0.967,0.902,0.334,0.96,af3,msa_notemplate
1v1t,44,3,0.948133,0.96,1.0633,0.964,1.063,0.351,0.96,af3,msa_notemplate
1v1t,44,4,0.942917,0.95,1.1665,0.962,1.166,0.36,0.96,af3,msa_notemplate
1w80,42,0,0.8858069999999999,0.9,2.467,0.848,2.467,0.986,0.923,af3,msa_notemplate
1w80,42,1,0.8807649999999999,0.89,1.5626,0.938,1.563,0.635,1.0,af3,msa_notemplate
1w80,42,2,0.8831279999999999,0.89,1.4922,0.931,1.492,0.601,0.962,af3,msa_notemplate
1w80,42,3,0.870326,0.88,1.6161,0.925,1.616,0.635,0.962,af3,msa_notemplate
1w80,42,4,0.885626,0.89,2.4572,0.851,2.457,0.969,0.923,af3,msa_notemplate
1w80,43,0,0.886129,0.9,2.2433,0.852,2.243,0.897,0.885,af3,msa_notemplate
1w80,43,1,0.8893030000000001,0.9,1.4962,0.902,1.496,0.623,0.885,af3,msa_notemplate
1w80,43,2,0.885022,0.91,2.3809,0.843,2.381,0.939,0.885,af3,msa_notemplate
1w80,43,3,0.884474,0.9,1.5297,0.928,1.53,0.619,0.962,af3,msa_notemplate
1w80,43,4,0.8769750000000001,0.88,2.7017,0.834,2.702,1.05,0.923,af3,msa_notemplate
1w80,44,0,0.8926909999999999,0.91,2.5196,0.845,2.52,0.998,0.923,af3,msa_notemplate
1w80,44,1,0.89012,0.9,2.2914,0.85,2.291,0.904,0.885,af3,msa_notemplate
1w80,44,2,0.889213,0.9,2.361,0.842,2.361,0.95,0.885,af3,msa_notemplate
1w80,44,3,0.8887510000000001,0.9,2.379,0.842,2.379,0.948,0.885,af3,msa_notemplate
1w80,44,4,0.888152,0.9,2.3375,0.848,2.337,0.915,0.885,af3,msa_notemplate
1yfn,42,0,0.765693,0.79,3.4077,0.643,3.408,1.612,0.604,af3,msa_notemplate
1yfn,42,1,0.715866,0.74,3.2166,0.663,3.217,1.526,0.623,af3,msa_notemplate
1yfn,42,2,0.7207210000000001,0.75,3.6962,0.629,3.696,1.746,0.623,af3,msa_notemplate
1yfn,42,3,0.7560939999999999,0.77,3.3063,0.651,3.306,1.563,0.604,af3,msa_notemplate
1yfn,42,4,0.7408790000000001,0.75,3.3985,0.651,3.398,1.601,0.623,af3,msa_notemplate
1yfn,43,0,0.7173560000000001,0.72,3.1662,0.706,3.166,1.484,0.736,af3,msa_notemplate
1yfn,43,1,0.721692,0.76,3.2013,0.664,3.201,1.521,0.623,af3,msa_notemplate
1yfn,43,2,0.71247,0.73,3.3421,0.694,3.342,1.505,0.717,af3,msa_notemplate
1yfn,43,3,0.729306,0.75,3.5075,0.636,3.507,1.659,0.604,af3,msa_notemplate
1yfn,43,4,0.742285,0.76,2.8417,0.713,2.842,1.328,0.679,af3,msa_notemplate
1yfn,44,0,0.674974,0.69,2.5776,0.726,2.578,1.217,0.66,af3,msa_notemplate
1yfn,44,1,0.7386459999999999,0.76,3.4067,0.649,3.407,1.62,0.623,af3,msa_notemplate
1yfn,44,2,0.713213,0.73,3.0357,0.671,3.036,1.438,0.604,af3,msa_notemplate
1yfn,44,3,0.688281,0.68,2.7444,0.737,2.744,1.308,0.736,af3,msa_notemplate
1yfn,44,4,0.6765300000000001,0.68,3.2269,0.696,3.227,1.509,0.717,af3,msa_notemplate
1ywi,42,0,0.959461,0.66,1.5655,0.858,1.566,0.953,0.895,af3,msa_notemplate
1ywi,42,1,0.9378360000000001,0.6,1.2003,0.877,1.2,0.854,0.895,af3,msa_notemplate
1ywi,42,2,0.93688,0.59,1.0239,0.905,1.024,0.791,0.947,af3,msa_notemplate
1ywi,42,3,0.9426000000000001,0.62,1.4119,0.87,1.412,0.886,0.895,af3,msa_notemplate
1ywi,42,4,0.9569610000000001,0.66,1.4445,0.882,1.444,0.921,0.947,af3,msa_notemplate
1ywi,43,0,0.9676640000000001,0.69,1.3604,0.869,1.36,0.897,0.895,af3,msa_notemplate
1ywi,43,1,0.955093,0.65,1.3875,0.903,1.388,0.903,1.0,af3,msa_notemplate
1ywi,43,2,0.949909,0.64,1.4456,0.86,1.446,0.952,0.895,af3,msa_notemplate
1ywi,43,3,0.9251609999999999,0.59,1.1756,0.856,1.176,0.877,0.842,af3,msa_notemplate
1ywi,43,4,0.948407,0.64,1.1878,0.877,1.188,0.852,0.895,af3,msa_notemplate
1ywi,44,0,0.9614929999999999,0.68,1.1367,0.879,1.137,0.842,0.895,af3,msa_notemplate
1ywi,44,1,0.929355,0.59,1.0723,0.91,1.072,0.757,0.947,af3,msa_notemplate
1ywi,44,2,0.9582250000000001,0.67,1.4107,0.883,1.411,0.916,0.947,af3,msa_notemplate
1ywi,44,3,0.9502200000000001,0.65,1.5498,0.861,1.55,0.931,0.895,af3,msa_notemplate
1ywi,44,4,0.958155,0.67,1.0416,0.892,1.042,0.763,0.895,af3,msa_notemplate
1ywo,42,0,0.9131950000000001,0.79,1.3195,0.933,1.319,0.602,0.96,af3,msa_notemplate
1ywo,42,1,0.9000109999999999,0.77,1.4203,0.92,1.42,0.688,0.96,af3,msa_notemplate
1ywo,42,2,0.9122410000000001,0.79,1.08,0.962,1.08,0.494,1.0,af3,msa_notemplate
1ywo,42,3,0.9084650000000001,0.78,1.0982,0.948,1.098,0.496,0.96,af3,msa_notemplate
1ywo,42,4,0.898525,0.77,0.8744,0.971,0.874,0.428,1.0,af3,msa_notemplate
1ywo,43,0,0.9092180000000001,0.78,0.8322,0.963,0.832,0.388,0.96,af3,msa_notemplate
1ywo,43,1,0.911369,0.79,0.8016,0.962,0.802,0.392,0.96,af3,msa_notemplate
1ywo,43,2,0.909116,0.78,1.2122,0.953,1.212,0.553,1.0,af3,msa_notemplate
1ywo,43,3,0.90358,0.77,0.8484,0.959,0.848,0.419,0.96,af3,msa_notemplate
1ywo,43,4,0.9131870000000001,0.79,0.7825,0.961,0.782,0.412,0.96,af3,msa_notemplate
1ywo,44,0,0.912339,0.79,0.9202,0.954,0.92,0.458,0.96,af3,msa_notemplate
1ywo,44,1,0.911178,0.79,1.1673,0.945,1.167,0.52,0.96,af3,msa_notemplate
1ywo,44,2,0.906009,0.78,2.0021,0.888,2.002,0.851,0.96,af3,msa_notemplate
1ywo,44,3,0.9064530000000001,0.78,1.2396,0.954,1.24,0.549,1.0,af3,msa_notemplate
1ywo,44,4,0.9086650000000001,0.78,0.9148,0.956,0.915,0.448,0.96,af3,msa_notemplate
1yy6,42,0,0.953523,0.96,0.7557,0.886,0.756,0.786,0.882,af3,msa_notemplate
1yy6,42,1,0.9566079999999999,0.96,0.6995,0.886,0.7,0.79,0.882,af3,msa_notemplate
1yy6,42,2,0.954149,0.96,0.6171,0.886,0.617,0.793,0.882,af3,msa_notemplate
1yy6,42,3,0.955496,0.96,0.7231,0.886,0.723,0.787,0.882,af3,msa_notemplate
1yy6,42,4,0.957023,0.96,0.7004,0.886,0.7,0.79,0.882,af3,msa_notemplate
1yy6,43,0,0.953564,0.96,0.6233,0.889,0.623,0.771,0.882,af3,msa_notemplate
1yy6,43,1,0.95196,0.96,0.7091,0.887,0.709,0.784,0.882,af3,msa_notemplate
1yy6,43,2,0.9511790000000001,0.96,0.7053,0.885,0.705,0.797,0.882,af3,msa_notemplate
1yy6,43,3,0.9540770000000001,0.96,0.791,0.886,0.791,0.789,0.882,af3,msa_notemplate
1yy6,43,4,0.95423,0.96,0.624,0.888,0.624,0.782,0.882,af3,msa_notemplate
1yy6,44,0,0.953392,0.96,0.7072,0.892,0.707,0.752,0.882,af3,msa_notemplate
1yy6,44,1,0.951862,0.96,0.8058,0.88,0.806,0.825,0.882,af3,msa_notemplate
1yy6,44,2,0.952251,0.96,0.766,0.883,0.766,0.811,0.882,af3,msa_notemplate
1yy6,44,3,0.9552660000000001,0.96,0.773,0.886,0.773,0.791,0.882,af3,msa_notemplate
1yy6,44,4,0.952753,0.96,0.5905,0.89,0.591,0.769,0.882,af3,msa_notemplate
2aij,42,0,0.891084,0.92,1.0219,0.717,1.022,2.124,0.833,af3,msa_notemplate
2aij,42,1,0.8959130000000001,0.92,0.7783,0.712,0.778,2.236,0.833,af3,msa_notemplate
2aij,42,2,0.888626,0.91,0.7478,0.713,0.748,2.343,0.857,af3,msa_notemplate
2aij,42,3,0.891808,0.93,0.835,0.738,0.835,2.075,0.881,af3,msa_notemplate
2aij,42,4,0.8900920000000001,0.92,0.7667,0.709,0.767,2.416,0.857,af3,msa_notemplate
2aij,43,0,0.9025449999999999,0.93,0.9029,0.712,0.903,2.355,0.857,af3,msa_notemplate
2aij,43,1,0.901208,0.93,0.7434,0.718,0.743,2.268,0.857,af3,msa_notemplate
2aij,43,2,0.8974890000000001,0.92,0.7404,0.731,0.74,2.081,0.857,af3,msa_notemplate
2aij,43,3,0.896397,0.92,0.8229,0.728,0.823,2.109,0.857,af3,msa_notemplate
2aij,43,4,0.8965890000000001,0.92,0.7507,0.727,0.751,2.125,0.857,af3,msa_notemplate
2aij,44,0,0.909095,0.94,0.8738,0.719,0.874,2.123,0.833,af3,msa_notemplate
2aij,44,1,0.9122920000000001,0.94,0.8735,0.73,0.874,2.071,0.857,af3,msa_notemplate
2aij,44,2,0.900816,0.92,0.7716,0.712,0.772,2.371,0.857,af3,msa_notemplate
2aij,44,3,0.906647,0.93,0.734,0.715,0.734,2.323,0.857,af3,msa_notemplate
2aij,44,4,0.912189,0.94,1.0033,0.714,1.003,2.304,0.857,af3,msa_notemplate
2aq9,42,0,0.881272,0.93,32.0286,0.027,32.029,12.351,0.0,af3,msa_notemplate
2aq9,42,1,0.8875709999999999,0.93,31.9889,0.027,31.989,12.321,0.0,af3,msa_notemplate
2aq9,42,2,0.884589,0.93,31.974,0.027,31.974,12.33,0.0,af3,msa_notemplate
2aq9,42,3,0.887476,0.93,32.0094,0.027,32.009,12.336,0.0,af3,msa_notemplate
2aq9,42,4,0.8888379999999999,0.93,32.0486,0.027,32.049,12.357,0.0,af3,msa_notemplate
2aq9,43,0,0.8829300000000001,0.92,32.0921,0.027,32.092,12.364,0.0,af3,msa_notemplate
2aq9,43,1,0.884952,0.93,31.9892,0.027,31.989,12.313,0.0,af3,msa_notemplate
2aq9,43,2,0.880838,0.93,31.8711,0.027,31.871,12.278,0.0,af3,msa_notemplate
2aq9,43,3,0.8807670000000001,0.93,32.0112,0.027,32.011,12.319,0.0,af3,msa_notemplate
2aq9,43,4,0.885926,0.93,31.9986,0.027,31.999,12.327,0.0,af3,msa_notemplate
2aq9,44,0,0.878513,0.93,32.0861,0.027,32.086,12.363,0.0,af3,msa_notemplate
2aq9,44,1,0.871382,0.93,31.9211,0.027,31.921,12.293,0.0,af3,msa_notemplate
2aq9,44,2,0.8753449999999999,0.93,32.1557,0.027,32.156,12.378,0.0,af3,msa_notemplate
2aq9,44,3,0.877513,0.93,32.0735,0.027,32.074,12.365,0.0,af3,msa_notemplate
2aq9,44,4,0.8797010000000001,0.93,31.9452,0.027,31.945,12.291,0.0,af3,msa_notemplate
2c3i,42,0,0.8832059999999999,0.95,0.8246,0.96,0.825,0.28,0.923,af3,msa_notemplate
2c3i,42,1,0.883134,0.95,0.6489,0.965,0.649,0.229,0.923,af3,msa_notemplate
2c3i,42,2,0.881254,0.95,0.6142,0.965,0.614,0.229,0.923,af3,msa_notemplate
2c3i,42,3,0.8846259999999999,0.95,0.6649,0.961,0.665,0.279,0.923,af3,msa_notemplate
2c3i,42,4,0.883096,0.95,0.9274,0.938,0.927,0.334,0.872,af3,msa_notemplate
2c3i,43,0,0.881247,0.95,0.8688,0.949,0.869,0.31,0.897,af3,msa_notemplate
2c3i,43,1,0.8798269999999999,0.95,1.0776,0.941,1.078,0.373,0.897,af3,msa_notemplate
2c3i,43,2,0.883811,0.95,0.8029,0.948,0.803,0.324,0.897,af3,msa_notemplate
2c3i,43,3,0.880403,0.95,0.8413,0.965,0.841,0.324,0.949,af3,msa_notemplate
2c3i,43,4,0.877207,0.94,1.3916,0.93,1.392,0.449,0.897,af3,msa_notemplate
2c3i,44,0,0.881623,0.94,0.7381,0.968,0.738,0.289,0.949,af3,msa_notemplate
2c3i,44,1,0.8876390000000001,0.95,0.7845,0.96,0.784,0.28,0.923,af3,msa_notemplate
2c3i,44,2,0.882927,0.95,0.7988,0.959,0.799,0.29,0.923,af3,msa_notemplate
2c3i,44,3,0.8835639999999999,0.95,0.8351,0.95,0.835,0.303,0.897,af3,msa_notemplate
2c3i,44,4,0.882107,0.95,0.5818,0.957,0.582,0.217,0.897,af3,msa_notemplate
2cch,42,0,0.8601030000000001,0.92,0.9867,0.979,0.987,0.246,0.977,af3,msa_notemplate
2cch,42,1,0.861472,0.93,1.2084,0.947,1.208,0.541,0.977,af3,msa_notemplate
2cch,42,2,0.816305,0.89,2.1638,0.872,2.164,0.763,0.884,af3,msa_notemplate
2cch,42,3,0.8697069999999999,0.93,1.0776,0.977,1.078,0.267,0.977,af3,msa_notemplate
2cch,42,4,0.8720319999999999,0.94,1.1276,0.946,1.128,0.425,0.93,af3,msa_notemplate
2cch,43,0,0.853859,0.92,1.5324,0.918,1.532,0.614,0.93,af3,msa_notemplate
2cch,43,1,0.858776,0.93,0.8131,0.972,0.813,0.252,0.953,af3,msa_notemplate
2cch,43,2,0.844306,0.91,1.3369,0.923,1.337,0.534,0.907,af3,msa_notemplate
2cch,43,3,0.822814,0.91,1.8197,0.875,1.82,0.785,0.884,af3,msa_notemplate
2cch,43,4,0.8518479999999999,0.92,1.432,0.931,1.432,0.59,0.953,af3,msa_notemplate
2cch,44,0,0.8710809999999999,0.94,1.315,0.956,1.315,0.389,0.953,af3,msa_notemplate
2cch,44,1,0.8637170000000001,0.92,1.347,0.938,1.347,0.537,0.953,af3,msa_notemplate
2cch,44,2,0.813982,0.9,1.8833,0.863,1.883,0.807,0.86,af3,msa_notemplate
2cch,44,3,0.862121,0.92,1.1281,0.929,1.128,0.44,0.884,af3,msa_notemplate
2cch,44,4,0.851304,0.91,1.2534,0.952,1.253,0.43,0.953,af3,msa_notemplate
2cny,42,0,0.959002,0.93,0.5046,0.934,0.505,0.69,0.979,af3,msa_notemplate
2cny,42,1,0.960568,0.93,0.429,0.936,0.429,0.65,0.969,af3,msa_notemplate
2cny,42,2,0.956288,0.93,0.3762,0.943,0.376,0.6,0.969,af3,msa_notemplate
2cny,42,3,0.958012,0.93,0.4555,0.938,0.456,0.683,0.99,af3,msa_notemplate
2cny,42,4,0.957152,0.93,0.4507,0.931,0.451,0.713,0.979,af3,msa_notemplate
2cny,43,0,0.9576709999999999,0.93,0.4743,0.94,0.474,0.673,0.99,af3,msa_notemplate
2cny,43,1,0.958749,0.93,0.5608,0.937,0.561,0.661,0.979,af3,msa_notemplate
2cny,43,2,0.9585710000000001,0.93,0.5236,0.94,0.524,0.645,0.979,af3,msa_notemplate
2cny,43,3,0.9576009999999999,0.93,0.475,0.936,0.475,0.647,0.969,af3,msa_notemplate
2cny,43,4,0.9579869999999999,0.93,0.3892,0.939,0.389,0.655,0.979,af3,msa_notemplate
2cny,44,0,0.960917,0.93,0.4618,0.937,0.462,0.67,0.979,af3,msa_notemplate
2cny,44,1,0.9595,0.93,0.524,0.928,0.524,0.73,0.979,af3,msa_notemplate
2cny,44,2,0.9580249999999999,0.93,0.5624,0.926,0.562,0.744,0.979,af3,msa_notemplate
2cny,44,3,0.958085,0.93,0.4554,0.935,0.455,0.654,0.969,af3,msa_notemplate
2cny,44,4,0.958138,0.93,0.4882,0.921,0.488,0.729,0.958,af3,msa_notemplate
2e4h,42,0,0.7760739999999999,0.8,5.8293,0.598,5.829,2.026,0.76,af3,msa_notemplate
2e4h,42,1,0.752942,0.81,3.3739,0.726,3.374,1.346,0.76,af3,msa_notemplate
2e4h,42,2,0.7936289999999999,0.77,3.8227,0.686,3.823,1.609,0.76,af3,msa_notemplate
2e4h,42,3,0.745045,0.8,6.0826,0.584,6.083,2.128,0.76,af3,msa_notemplate
2e4h,42,4,0.764638,0.81,2.8262,0.754,2.826,1.323,0.8,af3,msa_notemplate
2e4h,43,0,0.786991,0.81,4.0097,0.698,4.01,1.57,0.8,af3,msa_notemplate
2e4h,43,1,0.7832640000000001,0.78,5.2924,0.611,5.292,1.864,0.72,af3,msa_notemplate
2e4h,43,2,0.7442319999999999,0.78,4.963,0.623,4.963,1.826,0.72,af3,msa_notemplate
2e4h,43,3,0.764832,0.81,3.3123,0.735,3.312,1.392,0.8,af3,msa_notemplate
2e4h,43,4,0.772544,0.81,6.8475,0.547,6.847,2.445,0.76,af3,msa_notemplate
2e4h,44,0,0.762327,0.81,3.5416,0.688,3.542,1.405,0.68,af3,msa_notemplate
2e4h,44,1,0.744926,0.78,4.6176,0.639,4.618,1.747,0.72,af3,msa_notemplate
2e4h,44,2,0.790152,0.82,3.6283,0.703,3.628,1.492,0.76,af3,msa_notemplate
2e4h,44,3,0.767026,0.81,4.028,0.702,4.028,1.656,0.84,af3,msa_notemplate
2e4h,44,4,0.747203,0.8,6.026,0.581,6.026,2.204,0.76,af3,msa_notemplate
2fgr,42,0,0.501748,0.57,32.0153,0.026,32.015,13.106,0.0,af3,msa_notemplate
2fgr,42,1,0.479963,0.54,33.2411,0.025,33.241,13.475,0.0,af3,msa_notemplate
2fgr,42,2,0.509482,0.58,37.8079,0.019,37.808,14.797,0.0,af3,msa_notemplate
2fgr,42,3,0.449989,0.52,36.8076,0.02,36.808,14.335,0.0,af3,msa_notemplate
2fgr,42,4,0.555954,0.64,34.4744,0.023,34.474,13.649,0.0,af3,msa_notemplate
2fgr,43,0,0.49243400000000004,0.56,32.3192,0.026,32.319,12.649,0.0,af3,msa_notemplate
2fgr,43,1,0.502298,0.58,33.6305,0.024,33.63,13.063,0.0,af3,msa_notemplate
2fgr,43,2,0.48310200000000003,0.57,33.6917,0.024,33.692,12.916,0.0,af3,msa_notemplate
2fgr,43,3,0.481418,0.56,31.0395,0.028,31.04,12.747,0.0,af3,msa_notemplate
2fgr,43,4,0.484491,0.54,34.1953,0.024,34.195,13.188,0.0,af3,msa_notemplate
2fgr,44,0,0.5170089999999999,0.61,32.2687,0.026,32.269,13.068,0.0,af3,msa_notemplate
2fgr,44,1,0.510265,0.6,29.9672,0.03,29.967,12.29,0.0,af3,msa_notemplate
2fgr,44,2,0.433471,0.51,31.2871,0.028,31.287,12.308,0.0,af3,msa_notemplate
2fgr,44,3,0.468106,0.54,27.5537,0.035,27.554,11.246,0.0,af3,msa_notemplate
2fgr,44,4,0.483918,0.57,29.8433,0.03,29.843,12.147,0.0,af3,msa_notemplate
2fka,42,0,0.901335,0.85,1.4126,0.928,1.413,0.611,0.952,af3,msa_notemplate
2fka,42,1,0.906825,0.87,1.4131,0.909,1.413,0.629,0.905,af3,msa_notemplate
2fka,42,2,0.871092,0.81,1.4593,0.906,1.459,0.65,0.905,af3,msa_notemplate
2fka,42,3,0.879114,0.83,1.4812,0.921,1.481,0.653,0.952,af3,msa_notemplate
2fka,42,4,0.8994840000000001,0.84,1.364,0.913,1.364,0.608,0.905,af3,msa_notemplate
2fka,43,0,0.898697,0.86,1.3143,0.92,1.314,0.557,0.905,af3,msa_notemplate
2fka,43,1,0.895964,0.84,1.2151,0.939,1.215,0.545,0.952,af3,msa_notemplate
2fka,43,2,0.881929,0.83,1.5876,0.901,1.588,0.677,0.905,af3,msa_notemplate
2fka,43,3,0.890621,0.83,1.2802,0.934,1.28,0.579,0.952,af3,msa_notemplate
2fka,43,4,0.905475,0.86,1.2019,0.95,1.202,0.577,1.0,af3,msa_notemplate
2fka,44,0,0.8981229999999999,0.85,1.3185,0.932,1.319,0.587,0.952,af3,msa_notemplate
2fka,44,1,0.892353,0.85,1.1915,0.938,1.192,0.552,0.952,af3,msa_notemplate
2fka,44,2,0.903596,0.86,1.4071,0.926,1.407,0.625,0.952,af3,msa_notemplate
2fka,44,3,0.896584,0.84,1.3602,0.911,1.36,0.622,0.905,af3,msa_notemplate
2fka,44,4,0.893222,0.84,1.3502,0.93,1.35,0.6,0.952,af3,msa_notemplate
2hpl,42,0,0.952251,0.93,0.3333,0.98,0.333,0.184,0.957,af3,msa_notemplate
2hpl,42,1,0.953073,0.93,0.3612,0.979,0.361,0.209,0.957,af3,msa_notemplate
2hpl,42,2,0.954107,0.93,0.3257,0.979,0.326,0.196,0.957,af3,msa_notemplate
2hpl,42,3,0.9534980000000001,0.93,0.3638,0.979,0.364,0.196,0.957,af3,msa_notemplate
2hpl,42,4,0.953256,0.93,0.4535,0.978,0.453,0.206,0.957,af3,msa_notemplate
2hpl,43,0,0.955795,0.93,0.3555,0.979,0.356,0.199,0.957,af3,msa_notemplate
2hpl,43,1,0.9561759999999999,0.93,0.4325,0.979,0.432,0.198,0.957,af3,msa_notemplate
2hpl,43,2,0.953271,0.93,0.3896,0.979,0.39,0.2,0.957,af3,msa_notemplate
2hpl,43,3,0.952944,0.93,0.3478,0.979,0.348,0.196,0.957,af3,msa_notemplate
2hpl,43,4,0.9531019999999999,0.93,0.5222,0.977,0.522,0.226,0.957,af3,msa_notemplate
2hpl,44,0,0.955132,0.93,0.3303,0.979,0.33,0.195,0.957,af3,msa_notemplate
2hpl,44,1,0.952054,0.92,0.4207,0.978,0.421,0.218,0.957,af3,msa_notemplate
2hpl,44,2,0.952785,0.92,0.31,0.981,0.31,0.171,0.957,af3,msa_notemplate
2hpl,44,3,0.9556629999999999,0.93,0.3538,0.98,0.354,0.186,0.957,af3,msa_notemplate
2hpl,44,4,0.9551149999999999,0.93,0.3368,0.98,0.337,0.187,0.957,af3,msa_notemplate
2ht9,42,0,0.529146,0.38,23.9024,0.079,23.902,8.053,0.091,af3,msa_notemplate
2ht9,42,1,0.571154,0.46,24.3368,0.077,24.337,8.184,0.091,af3,msa_notemplate
2ht9,42,2,0.6107009999999999,0.52,25.8029,0.043,25.803,8.524,0.0,af3,msa_notemplate
2ht9,42,3,0.559347,0.43,23.867,0.079,23.867,8.078,0.091,af3,msa_notemplate
2ht9,42,4,0.544921,0.41,24.0144,0.109,24.014,8.037,0.182,af3,msa_notemplate
2ht9,43,0,0.560403,0.44,25.0232,0.105,25.023,8.433,0.182,af3,msa_notemplate
2ht9,43,1,0.709491,0.64,27.9628,0.036,27.963,9.566,0.0,af3,msa_notemplate
2ht9,43,2,0.625419,0.53,20.8414,0.119,20.841,8.277,0.182,af3,msa_notemplate
2ht9,43,3,0.667794,0.63,17.9327,0.196,17.933,7.304,0.364,af3,msa_notemplate
2ht9,43,4,0.560347,0.44,23.4843,0.111,23.484,7.969,0.182,af3,msa_notemplate
2ht9,44,0,0.598225,0.49,17.8091,0.199,17.809,6.748,0.364,af3,msa_notemplate
2ht9,44,1,0.534459,0.39,23.9279,0.109,23.928,8.153,0.182,af3,msa_notemplate
2ht9,44,2,0.6426909999999999,0.58,25.3764,0.044,25.376,8.4,0.0,af3,msa_notemplate
2ht9,44,3,0.636718,0.56,18.2506,0.164,18.251,7.235,0.273,af3,msa_notemplate
2ht9,44,4,0.560279,0.46,25.4497,0.044,25.45,8.294,0.0,af3,msa_notemplate
2i94,42,0,0.55959,0.46,13.5096,0.154,13.51,6.457,0.128,af3,msa_notemplate
2i94,42,1,0.550134,0.47,13.2657,0.157,13.266,6.352,0.128,af3,msa_notemplate
2i94,42,2,0.580445,0.5,13.0757,0.167,13.076,6.208,0.149,af3,msa_notemplate
2i94,42,3,0.570204,0.46,13.1554,0.165,13.155,6.34,0.149,af3,msa_notemplate
2i94,42,4,0.581271,0.49,13.3408,0.149,13.341,6.381,0.106,af3,msa_notemplate
2i94,43,0,0.646917,0.59,13.1486,0.151,13.149,6.344,0.106,af3,msa_notemplate
2i94,43,1,0.614798,0.56,13.0538,0.153,13.054,6.305,0.106,af3,msa_notemplate
2i94,43,2,0.61844,0.56,13.15,0.152,13.15,6.276,0.106,af3,msa_notemplate
2i94,43,3,0.636186,0.58,13.276,0.15,13.276,6.336,0.106,af3,msa_notemplate
2i94,43,4,0.6067779999999999,0.56,12.9667,0.147,12.967,6.176,0.085,af3,msa_notemplate
2i94,44,0,0.59319,0.51,13.2445,0.151,13.244,6.31,0.106,af3,msa_notemplate
2i94,44,1,0.5800310000000001,0.48,12.9731,0.161,12.973,6.236,0.128,af3,msa_notemplate
2i94,44,2,0.617528,0.53,13.4162,0.148,13.416,6.461,0.106,af3,msa_notemplate
2i94,44,3,0.588923,0.5,12.8738,0.155,12.874,6.213,0.106,af3,msa_notemplate
2i94,44,4,0.617684,0.54,13.3448,0.149,13.345,6.442,0.106,af3,msa_notemplate
2ivz,42,0,0.9472360000000001,0.96,0.5393,0.93,0.539,0.723,0.981,af3,msa_notemplate
2ivz,42,1,0.949967,0.96,0.5502,0.93,0.55,0.719,0.981,af3,msa_notemplate
2ivz,42,2,0.949899,0.96,0.5599,0.932,0.56,0.704,0.981,af3,msa_notemplate
2ivz,42,3,0.950843,0.96,0.5473,0.932,0.547,0.707,0.981,af3,msa_notemplate
2ivz,42,4,0.9515699999999999,0.97,0.5808,0.926,0.581,0.748,0.981,af3,msa_notemplate
2ivz,43,0,0.9442090000000001,0.96,0.6654,0.928,0.665,0.732,0.981,af3,msa_notemplate
2ivz,43,1,0.9378650000000001,0.95,0.985,0.923,0.985,0.748,0.981,af3,msa_notemplate
2ivz,43,2,0.947315,0.96,0.5274,0.934,0.527,0.695,0.981,af3,msa_notemplate
2ivz,43,3,0.943359,0.96,0.7167,0.931,0.717,0.707,0.981,af3,msa_notemplate
2ivz,43,4,0.946032,0.96,1.0727,0.915,1.073,0.8,0.981,af3,msa_notemplate
2ivz,44,0,0.948681,0.96,0.4936,0.928,0.494,0.734,0.981,af3,msa_notemplate
2ivz,44,1,0.954032,0.96,0.6819,0.927,0.682,0.734,0.981,af3,msa_notemplate
2ivz,44,2,0.952206,0.96,0.6409,0.933,0.641,0.696,0.981,af3,msa_notemplate
2ivz,44,3,0.9548340000000001,0.96,0.6441,0.928,0.644,0.731,0.981,af3,msa_notemplate
2ivz,44,4,0.95068,0.96,0.5992,0.93,0.599,0.722,0.981,af3,msa_notemplate
2jkg,42,0,0.584625,0.52,2.9209,0.699,2.921,1.046,0.529,af3,msa_notemplate
2jkg,42,1,0.626351,0.56,0.9588,0.951,0.959,0.43,0.941,af3,msa_notemplate
2jkg,42,2,0.627379,0.57,1.4648,0.926,1.465,0.594,0.941,af3,msa_notemplate
2jkg,42,3,0.606893,0.57,3.3992,0.703,3.399,1.228,0.647,af3,msa_notemplate
2jkg,42,4,0.580949,0.52,2.9492,0.68,2.949,1.177,0.529,af3,msa_notemplate
2jkg,43,0,0.586753,0.51,3.3091,0.703,3.309,1.238,0.647,af3,msa_notemplate
2jkg,43,1,0.630549,0.58,1.5449,0.908,1.545,0.572,0.882,af3,msa_notemplate
2jkg,43,2,0.583344,0.51,3.1859,0.685,3.186,1.247,0.588,af3,msa_notemplate
2jkg,43,3,0.596353,0.53,3.199,0.684,3.199,1.107,0.529,af3,msa_notemplate
2jkg,43,4,0.581202,0.51,2.8317,0.68,2.832,1.201,0.529,af3,msa_notemplate
2jkg,44,0,0.61633,0.58,3.9686,0.648,3.969,1.395,0.588,af3,msa_notemplate
2jkg,44,1,0.5830040000000001,0.51,3.6095,0.658,3.609,1.234,0.529,af3,msa_notemplate
2jkg,44,2,0.625353,0.56,1.1837,0.919,1.184,0.517,0.882,af3,msa_notemplate
2jkg,44,3,0.588465,0.53,3.1458,0.674,3.146,1.195,0.529,af3,msa_notemplate
2jkg,44,4,0.618326,0.55,1.6112,0.897,1.611,0.648,0.882,af3,msa_notemplate
2jnw,42,0,0.938286,0.91,2.4022,0.79,2.402,1.219,0.842,af3,msa_notemplate
2jnw,42,1,0.933016,0.89,2.1421,0.801,2.142,1.174,0.842,af3,msa_notemplate
2jnw,42,2,0.935798,0.89,2.3354,0.789,2.335,1.237,0.842,af3,msa_notemplate
2jnw,42,3,0.934682,0.89,2.1683,0.792,2.168,1.168,0.816,af3,msa_notemplate
2jnw,42,4,0.9368420000000001,0.9,2.0666,0.807,2.067,1.135,0.842,af3,msa_notemplate
2jnw,43,0,0.935805,0.91,2.2419,0.801,2.242,1.158,0.842,af3,msa_notemplate
2jnw,43,1,0.9239700000000001,0.89,2.3607,0.797,2.361,1.239,0.868,af3,msa_notemplate
2jnw,43,2,0.9325060000000001,0.89,1.9013,0.825,1.901,1.088,0.868,af3,msa_notemplate
2jnw,43,3,0.927542,0.9,2.7801,0.758,2.78,1.344,0.816,af3,msa_notemplate
2jnw,43,4,0.9305889999999999,0.9,2.3936,0.789,2.394,1.226,0.842,af3,msa_notemplate
2jnw,44,0,0.935187,0.9,2.4695,0.786,2.47,1.243,0.842,af3,msa_notemplate
2jnw,44,1,0.928544,0.89,2.1649,0.793,2.165,1.168,0.816,af3,msa_notemplate
2jnw,44,2,0.928806,0.9,2.2872,0.794,2.287,1.205,0.842,af3,msa_notemplate
2jnw,44,3,0.9312640000000001,0.89,2.2129,0.8,2.213,1.174,0.842,af3,msa_notemplate
2jnw,44,4,0.923845,0.88,2.5117,0.782,2.512,1.269,0.842,af3,msa_notemplate
2jqk,42,0,0.8657769999999999,0.68,2.2723,0.84,2.272,1.052,0.917,af3,msa_notemplate
2jqk,42,1,0.842208,0.63,1.959,0.833,1.959,0.946,0.833,af3,msa_notemplate
2jqk,42,2,0.8579810000000001,0.68,2.0068,0.848,2.007,0.932,0.875,af3,msa_notemplate
2jqk,42,3,0.8509709999999999,0.64,1.8524,0.85,1.852,0.933,0.875,af3,msa_notemplate
2jqk,42,4,0.812435,0.55,1.8657,0.832,1.866,0.963,0.833,af3,msa_notemplate
2jqk,43,0,0.879689,0.72,2.2053,0.829,2.205,1.043,0.875,af3,msa_notemplate
2jqk,43,1,0.8686499999999999,0.7,1.916,0.845,1.916,0.961,0.875,af3,msa_notemplate
2jqk,43,2,0.8173590000000001,0.58,2.224,0.807,2.224,1.099,0.833,af3,msa_notemplate
2jqk,43,3,0.853551,0.64,1.9351,0.847,1.935,0.948,0.875,af3,msa_notemplate
2jqk,43,4,0.802138,0.54,2.3209,0.809,2.321,1.07,0.833,af3,msa_notemplate
2jqk,44,0,0.871296,0.69,2.0063,0.843,2.006,0.963,0.875,af3,msa_notemplate
2jqk,44,1,0.879238,0.73,2.5796,0.801,2.58,1.193,0.875,af3,msa_notemplate
2jqk,44,2,0.8791930000000001,0.69,2.0175,0.841,2.017,0.976,0.875,af3,msa_notemplate
2jqk,44,3,0.853696,0.66,2.0461,0.828,2.046,0.97,0.833,af3,msa_notemplate
2jqk,44,4,0.874086,0.69,2.076,0.838,2.076,0.991,0.875,af3,msa_notemplate
2ka9,42,0,0.708991,0.69,50.1376,0.012,50.138,15.75,0.0,af3,msa_notemplate
2ka9,42,1,0.7598189999999999,0.76,52.6473,0.011,52.647,17.074,0.0,af3,msa_notemplate
2ka9,42,2,0.790027,0.8,50.1921,0.012,50.192,16.053,0.0,af3,msa_notemplate
2ka9,42,3,0.7794970000000001,0.81,45.4028,0.015,45.403,14.882,0.0,af3,msa_notemplate
2ka9,42,4,0.703916,0.71,55.6405,0.01,55.64,18.77,0.0,af3,msa_notemplate
2ka9,43,0,0.7245520000000001,0.69,48.6964,0.013,48.696,16.645,0.0,af3,msa_notemplate
2ka9,43,1,0.816264,0.83,51.1614,0.011,51.161,17.849,0.0,af3,msa_notemplate
2ka9,43,2,0.773884,0.78,50.2069,0.012,50.207,16.487,0.0,af3,msa_notemplate
2ka9,43,3,0.746781,0.74,52.5351,0.012,52.535,15.585,0.0,af3,msa_notemplate
2ka9,43,4,0.769012,0.75,51.8969,0.011,51.897,18.158,0.0,af3,msa_notemplate
2ka9,44,0,0.7679630000000001,0.74,52.0844,0.011,52.084,18.48,0.0,af3,msa_notemplate
2ka9,44,1,0.725809,0.67,56.1533,0.01,56.153,18.889,0.0,af3,msa_notemplate
2ka9,44,2,0.722673,0.71,48.2966,0.013,48.297,17.175,0.0,af3,msa_notemplate
2ka9,44,3,0.763036,0.72,46.9075,0.014,46.908,15.596,0.0,af3,msa_notemplate
2ka9,44,4,0.7223480000000001,0.66,46.4376,0.014,46.438,16.227,0.0,af3,msa_notemplate
2kbr,42,0,0.840261,0.77,1.7721,0.815,1.772,1.105,0.838,af3,msa_notemplate
2kbr,42,1,0.826041,0.77,2.0887,0.736,2.089,1.252,0.676,af3,msa_notemplate
2kbr,42,2,0.804813,0.74,1.609,0.784,1.609,1.082,0.73,af3,msa_notemplate
2kbr,42,3,0.8144870000000001,0.73,1.2856,0.847,1.286,0.922,0.838,af3,msa_notemplate
2kbr,42,4,0.864641,0.82,2.3213,0.647,2.321,1.778,0.595,af3,msa_notemplate
2kbr,43,0,0.8115760000000001,0.73,2.1564,0.738,2.156,1.297,0.703,af3,msa_notemplate
2kbr,43,1,0.846788,0.78,1.8869,0.784,1.887,1.122,0.757,af3,msa_notemplate
2kbr,43,2,0.8260689999999999,0.74,1.8046,0.794,1.805,1.121,0.784,af3,msa_notemplate
2kbr,43,3,0.8619169999999999,0.8,1.9083,0.8,1.908,1.203,0.838,af3,msa_notemplate
2kbr,43,4,0.8504269999999999,0.8,2.3217,0.726,2.322,1.37,0.703,af3,msa_notemplate
2kbr,44,0,0.84017,0.78,1.8101,0.799,1.81,1.148,0.811,af3,msa_notemplate
2kbr,44,1,0.8443269999999999,0.78,2.1886,0.715,2.189,1.662,0.757,af3,msa_notemplate
2kbr,44,2,0.850326,0.78,2.0497,0.767,2.05,1.23,0.757,af3,msa_notemplate
2kbr,44,3,0.844768,0.78,2.0222,0.715,2.022,1.436,0.676,af3,msa_notemplate
2kbr,44,4,0.850236,0.8,1.8921,0.777,1.892,1.173,0.757,af3,msa_notemplate
2ke1,42,0,0.7929900000000001,0.78,2.3918,0.724,2.392,2.159,0.92,af3,msa_notemplate
2ke1,42,1,0.799744,0.79,3.5619,0.796,3.562,1.18,0.92,af3,msa_notemplate
2ke1,42,2,0.786267,0.77,2.8302,0.853,2.83,0.892,0.92,af3,msa_notemplate
2ke1,42,3,0.799273,0.79,2.5594,0.835,2.559,1.013,0.9,af3,msa_notemplate
2ke1,42,4,0.788001,0.77,1.6679,0.891,1.668,0.818,0.94,af3,msa_notemplate
2ke1,43,0,0.802964,0.79,2.1499,0.852,2.15,1.086,0.96,af3,msa_notemplate
2ke1,43,1,0.8140860000000001,0.81,3.4824,0.805,3.482,0.984,0.86,af3,msa_notemplate
2ke1,43,2,0.8081140000000001,0.79,2.6748,0.832,2.675,0.924,0.86,af3,msa_notemplate
2ke1,43,3,0.783496,0.77,2.1524,0.831,2.152,0.995,0.86,af3,msa_notemplate
2ke1,43,4,0.804001,0.8,4.2835,0.722,4.283,1.477,0.86,af3,msa_notemplate
2ke1,44,0,0.805658,0.81,2.631,0.821,2.631,1.147,0.92,af3,msa_notemplate
2ke1,44,1,0.7964289999999999,0.79,3.6761,0.81,3.676,1.013,0.9,af3,msa_notemplate
2ke1,44,2,0.7985099999999999,0.8,3.2758,0.815,3.276,0.994,0.88,af3,msa_notemplate
2ke1,44,3,0.794314,0.8,2.7988,0.694,2.799,2.086,0.84,af3,msa_notemplate
2ke1,44,4,0.804745,0.8,3.1738,0.805,3.174,0.988,0.84,af3,msa_notemplate
2khh,42,0,0.563273,0.41,4.9818,0.579,4.982,2.098,0.655,af3,msa_notemplate
2khh,42,1,0.49837600000000004,0.28,4.0419,0.651,4.042,1.925,0.759,af3,msa_notemplate
2khh,42,2,0.543909,0.33,3.4507,0.676,3.451,1.675,0.724,af3,msa_notemplate
2khh,42,3,0.527852,0.33,3.0345,0.719,3.034,1.573,0.793,af3,msa_notemplate
2khh,42,4,0.629509,0.54,4.0372,0.556,4.037,2.739,0.621,af3,msa_notemplate
2khh,43,0,0.531814,0.35,3.4079,0.699,3.408,1.683,0.793,af3,msa_notemplate
2khh,43,1,0.590145,0.49,3.0251,0.715,3.025,1.504,0.759,af3,msa_notemplate
2khh,43,2,0.47236199999999995,0.21,3.1909,0.692,3.191,1.572,0.724,af3,msa_notemplate
2khh,43,3,0.598311,0.47,3.1066,0.682,3.107,1.958,0.793,af3,msa_notemplate
2khh,43,4,0.504797,0.27,4.2944,0.591,4.294,1.873,0.586,af3,msa_notemplate
2khh,44,0,0.516105,0.28,4.3166,0.591,4.317,2.016,0.621,af3,msa_notemplate
2khh,44,1,0.500126,0.26,3.5905,0.648,3.59,1.813,0.69,af3,msa_notemplate
2khh,44,2,0.510732,0.3,3.2345,0.718,3.234,1.534,0.793,af3,msa_notemplate
2khh,44,3,0.538041,0.33,3.5142,0.644,3.514,2.029,0.724,af3,msa_notemplate
2khh,44,4,0.519432,0.3,3.4389,0.642,3.439,1.79,0.655,af3,msa_notemplate
2koh,42,0,0.630437,0.69,4.703,0.655,4.703,1.679,0.757,af3,msa_notemplate
2koh,42,1,0.6330709999999999,0.68,8.5723,0.538,8.572,2.122,0.784,af3,msa_notemplate
2koh,42,2,0.628831,0.68,8.017,0.539,8.017,2.272,0.784,af3,msa_notemplate
2koh,42,3,0.63424,0.67,8.3887,0.559,8.389,1.998,0.811,af3,msa_notemplate
2koh,42,4,0.695061,0.7,13.092,0.404,13.092,3.435,0.757,af3,msa_notemplate
2koh,43,0,0.604385,0.66,6.5763,0.541,6.576,2.657,0.757,af3,msa_notemplate
2koh,43,1,0.608888,0.68,10.7285,0.468,10.728,2.516,0.757,af3,msa_notemplate
2koh,43,2,0.6537229999999999,0.68,8.9709,0.516,8.971,2.336,0.784,af3,msa_notemplate
2koh,43,3,0.627562,0.68,13.2088,0.437,13.209,2.938,0.811,af3,msa_notemplate
2koh,43,4,0.632602,0.69,4.7236,0.659,4.724,1.833,0.811,af3,msa_notemplate
2koh,44,0,0.641841,0.67,4.5306,0.636,4.531,1.742,0.703,af3,msa_notemplate
2koh,44,1,0.6328280000000001,0.68,8.5246,0.523,8.525,2.361,0.784,af3,msa_notemplate
2koh,44,2,0.624957,0.66,14.4587,0.375,14.459,3.728,0.73,af3,msa_notemplate
2koh,44,3,0.68473,0.69,15.4326,0.373,15.433,3.481,0.73,af3,msa_notemplate
2koh,44,4,0.6559539999999999,0.69,7.7603,0.535,7.76,2.437,0.784,af3,msa_notemplate
2las,42,0,0.7359749999999999,0.63,6.8877,0.383,6.888,2.887,0.333,af3,msa_notemplate
2las,42,1,0.694861,0.56,6.5623,0.447,6.562,3.015,0.515,af3,msa_notemplate
2las,42,2,0.7702100000000001,0.69,7.8343,0.375,7.834,3.08,0.394,af3,msa_notemplate
2las,42,3,0.5897760000000001,0.4,4.3985,0.557,4.399,2.101,0.545,af3,msa_notemplate
2las,42,4,0.6951179999999999,0.55,6.333,0.424,6.333,2.709,0.394,af3,msa_notemplate
2las,43,0,0.609655,0.41,5.6422,0.499,5.642,2.543,0.545,af3,msa_notemplate
2las,43,1,0.675599,0.55,3.546,0.686,3.546,1.882,0.818,af3,msa_notemplate
2las,43,2,0.7552679999999999,0.67,7.0039,0.4,7.004,2.909,0.394,af3,msa_notemplate
2las,43,3,0.617159,0.44,2.8879,0.681,2.888,1.558,0.667,af3,msa_notemplate
2las,43,4,0.6706740000000001,0.48,6.0282,0.424,6.028,2.652,0.364,af3,msa_notemplate
2las,44,0,0.755892,0.64,6.9103,0.404,6.91,2.845,0.394,af3,msa_notemplate
2las,44,1,0.6901349999999999,0.51,6.4978,0.441,6.498,2.695,0.455,af3,msa_notemplate
2las,44,2,0.73524,0.63,4.9189,0.64,4.919,2.18,0.848,af3,msa_notemplate
2las,44,3,0.765472,0.66,7.5746,0.384,7.575,3.003,0.394,af3,msa_notemplate
2las,44,4,0.7501909999999999,0.66,7.0921,0.389,7.092,2.882,0.364,af3,msa_notemplate
2lsi,42,0,0.730112,0.73,5.0286,0.631,5.029,2.034,0.8,af3,msa_notemplate
2lsi,42,1,0.728198,0.73,2.3135,0.795,2.313,1.159,0.829,af3,msa_notemplate
2lsi,42,2,0.736938,0.74,4.8002,0.637,4.8,2.168,0.829,af3,msa_notemplate
2lsi,42,3,0.7477630000000001,0.75,5.0602,0.668,5.06,2.031,0.914,af3,msa_notemplate
2lsi,42,4,0.762073,0.76,4.817,0.66,4.817,1.98,0.857,af3,msa_notemplate
2lsi,43,0,0.742906,0.76,4.9457,0.665,4.946,2.117,0.914,af3,msa_notemplate
2lsi,43,1,0.75035,0.75,3.5159,0.746,3.516,1.593,0.914,af3,msa_notemplate
2lsi,43,2,0.749412,0.76,3.7631,0.719,3.763,1.706,0.886,af3,msa_notemplate
2lsi,43,3,0.7693470000000001,0.77,4.0023,0.718,4.002,1.66,0.886,af3,msa_notemplate
2lsi,43,4,0.758929,0.77,2.8178,0.756,2.818,1.473,0.857,af3,msa_notemplate
2lsi,44,0,0.739461,0.75,4.7466,0.679,4.747,1.884,0.886,af3,msa_notemplate
2lsi,44,1,0.739293,0.73,4.3871,0.694,4.387,1.817,0.886,af3,msa_notemplate
2lsi,44,2,0.741914,0.75,2.7334,0.779,2.733,1.374,0.886,af3,msa_notemplate
2lsi,44,3,0.7472270000000001,0.75,2.8362,0.75,2.836,1.711,0.914,af3,msa_notemplate
2lsi,44,4,0.7553329999999999,0.77,4.6203,0.674,4.62,1.983,0.886,af3,msa_notemplate
2m0v,42,0,0.8441230000000001,0.86,1.9643,0.797,1.964,1.219,0.84,af3,msa_notemplate
2m0v,42,1,0.843114,0.87,2.7891,0.788,2.789,1.169,0.84,af3,msa_notemplate
2m0v,42,2,0.844584,0.86,2.6455,0.794,2.646,1.359,0.92,af3,msa_notemplate
2m0v,42,3,0.822223,0.84,2.7171,0.817,2.717,0.974,0.84,af3,msa_notemplate
2m0v,42,4,0.8423999999999999,0.84,2.3511,0.802,2.351,1.234,0.88,af3,msa_notemplate
2m0v,43,0,0.828757,0.85,2.1853,0.774,2.185,1.168,0.76,af3,msa_notemplate
2m0v,43,1,0.8319249999999999,0.83,3.1892,0.821,3.189,1.162,0.96,af3,msa_notemplate
2m0v,43,2,0.856427,0.87,1.9642,0.788,1.964,1.188,0.8,af3,msa_notemplate
2m0v,43,3,0.8332930000000001,0.82,1.654,0.805,1.654,1.196,0.84,af3,msa_notemplate
2m0v,43,4,0.858745,0.87,2.5163,0.786,2.516,1.228,0.84,af3,msa_notemplate
2m0v,44,0,0.8503499999999999,0.89,4.0037,0.742,4.004,1.313,0.84,af3,msa_notemplate
2m0v,44,1,0.852373,0.88,3.2205,0.78,3.22,1.266,0.88,af3,msa_notemplate
2m0v,44,2,0.8294,0.85,2.4034,0.803,2.403,1.217,0.88,af3,msa_notemplate
2m0v,44,3,0.830677,0.87,1.9854,0.794,1.985,1.139,0.8,af3,msa_notemplate
2m0v,44,4,0.869966,0.89,2.7367,0.807,2.737,1.234,0.92,af3,msa_notemplate
2nnu,42,0,0.8259059999999999,0.87,3.9824,0.741,3.982,1.545,0.917,af3,msa_notemplate
2nnu,42,1,0.817065,0.87,2.6558,0.835,2.656,1.17,0.972,af3,msa_notemplate
2nnu,42,2,0.836572,0.88,3.3031,0.754,3.303,1.484,0.889,af3,msa_notemplate
2nnu,42,3,0.83029,0.88,3.5468,0.778,3.547,1.318,0.917,af3,msa_notemplate
2nnu,42,4,0.830279,0.88,3.0597,0.762,3.06,1.462,0.889,af3,msa_notemplate
2nnu,43,0,0.830009,0.88,3.7138,0.745,3.714,1.479,0.889,af3,msa_notemplate
2nnu,43,1,0.824315,0.87,3.8438,0.731,3.844,1.582,0.889,af3,msa_notemplate
2nnu,43,2,0.823141,0.87,3.67,0.737,3.67,1.568,0.889,af3,msa_notemplate
2nnu,43,3,0.823755,0.88,3.1373,0.783,3.137,1.354,0.917,af3,msa_notemplate
2nnu,43,4,0.823091,0.87,3.1867,0.752,3.187,1.531,0.889,af3,msa_notemplate
2nnu,44,0,0.830576,0.88,2.9585,0.764,2.958,1.385,0.861,af3,msa_notemplate
2nnu,44,1,0.8343219999999999,0.89,3.3666,0.773,3.367,1.466,0.944,af3,msa_notemplate
2nnu,44,2,0.823882,0.87,3.4756,0.754,3.476,1.531,0.917,af3,msa_notemplate
2nnu,44,3,0.833605,0.88,3.7055,0.745,3.706,1.569,0.917,af3,msa_notemplate
2nnu,44,4,0.835339,0.89,3.188,0.775,3.188,1.404,0.917,af3,msa_notemplate
2o9v,42,0,0.956773,0.89,0.7142,0.968,0.714,0.342,0.96,af3,msa_notemplate
2o9v,42,1,0.9581789999999999,0.89,0.5176,0.97,0.518,0.326,0.96,af3,msa_notemplate
2o9v,42,2,0.956979,0.89,0.4437,0.976,0.444,0.265,0.96,af3,msa_notemplate
2o9v,42,3,0.9573130000000001,0.89,0.7688,0.961,0.769,0.405,0.96,af3,msa_notemplate
2o9v,42,4,0.95747,0.89,0.5046,0.986,0.505,0.297,1.0,af3,msa_notemplate
2o9v,43,0,0.952379,0.88,0.6429,0.97,0.643,0.326,0.96,af3,msa_notemplate
2o9v,43,1,0.9512139999999999,0.89,0.641,0.956,0.641,0.329,0.92,af3,msa_notemplate
2o9v,43,2,0.955024,0.89,0.5341,0.974,0.534,0.275,0.96,af3,msa_notemplate
2o9v,43,3,0.950187,0.88,0.6243,0.956,0.624,0.337,0.92,af3,msa_notemplate
2o9v,43,4,0.9548359999999999,0.89,0.6413,0.971,0.641,0.316,0.96,af3,msa_notemplate
2o9v,44,0,0.957257,0.89,0.4271,0.988,0.427,0.274,1.0,af3,msa_notemplate
2o9v,44,1,0.956224,0.89,0.5131,0.986,0.513,0.297,1.0,af3,msa_notemplate
2o9v,44,2,0.956224,0.89,0.4345,0.988,0.434,0.28,1.0,af3,msa_notemplate
2o9v,44,3,0.957817,0.89,0.4974,0.973,0.497,0.293,0.96,af3,msa_notemplate
2o9v,44,4,0.956751,0.89,0.4736,0.974,0.474,0.291,0.96,af3,msa_notemplate
2p1o,42,0,0.6260410000000001,0.84,4.3224,0.692,4.322,1.559,0.8,af3,msa_notemplate
2p1o,42,1,0.591892,0.8,4.9642,0.647,4.964,1.772,0.778,af3,msa_notemplate
2p1o,42,2,0.582861,0.8,4.952,0.661,4.952,1.787,0.822,af3,msa_notemplate
2p1o,42,3,0.592671,0.8,4.6544,0.681,4.654,1.657,0.822,af3,msa_notemplate
2p1o,42,4,0.586737,0.8,4.8245,0.669,4.824,1.728,0.822,af3,msa_notemplate
2p1o,43,0,0.589535,0.8,5.3175,0.65,5.318,1.891,0.844,af3,msa_notemplate
2p1o,43,1,0.668027,0.89,4.1943,0.702,4.194,1.497,0.8,af3,msa_notemplate
2p1o,43,2,0.631471,0.84,5.8766,0.591,5.877,2.086,0.756,af3,msa_notemplate
2p1o,43,3,0.590095,0.79,4.7737,0.678,4.774,1.726,0.844,af3,msa_notemplate
2p1o,43,4,0.632082,0.85,2.7227,0.787,2.723,0.986,0.756,af3,msa_notemplate
2p1o,44,0,0.394646,0.62,4.9523,0.574,4.952,1.846,0.578,af3,msa_notemplate
2p1o,44,1,0.432789,0.69,7.6679,0.387,7.668,2.728,0.378,af3,msa_notemplate
2p1o,44,2,0.46448900000000004,0.71,5.5605,0.493,5.56,2.012,0.422,af3,msa_notemplate
2p1o,44,3,0.42879399999999995,0.67,6.1596,0.473,6.16,2.191,0.444,af3,msa_notemplate
2p1o,44,4,0.39454700000000004,0.62,5.681,0.505,5.681,2.017,0.467,af3,msa_notemplate
2qos,42,0,0.942354,0.95,0.382,0.939,0.382,0.403,0.887,af3,msa_notemplate
2qos,42,1,0.93619,0.95,0.337,0.937,0.337,0.364,0.868,af3,msa_notemplate
2qos,42,2,0.939199,0.95,0.3081,0.931,0.308,0.418,0.868,af3,msa_notemplate
2qos,42,3,0.935816,0.95,0.354,0.923,0.354,0.377,0.83,af3,msa_notemplate
2qos,42,4,0.935801,0.95,0.3711,0.939,0.371,0.407,0.887,af3,msa_notemplate
2qos,43,0,0.94351,0.95,0.3465,0.945,0.346,0.408,0.906,af3,msa_notemplate
2qos,43,1,0.9348399999999999,0.95,0.4162,0.945,0.416,0.402,0.906,af3,msa_notemplate
2qos,43,2,0.9366549999999999,0.95,0.3315,0.928,0.331,0.452,0.868,af3,msa_notemplate
2qos,43,3,0.9399590000000001,0.95,0.3253,0.942,0.325,0.433,0.906,af3,msa_notemplate
2qos,43,4,0.938886,0.95,0.3725,0.931,0.372,0.42,0.868,af3,msa_notemplate
2qos,44,0,0.9322499999999999,0.95,0.3896,0.932,0.39,0.47,0.887,af3,msa_notemplate
2qos,44,1,0.9351999999999999,0.95,0.3209,0.921,0.321,0.453,0.849,af3,msa_notemplate
2qos,44,2,0.9361799999999999,0.95,0.3721,0.934,0.372,0.449,0.887,af3,msa_notemplate
2qos,44,3,0.9377030000000001,0.95,0.326,0.933,0.326,0.333,0.849,af3,msa_notemplate
2qos,44,4,0.93503,0.95,0.4616,0.924,0.462,0.426,0.849,af3,msa_notemplate
2r7g,42,0,0.928514,0.96,1.3238,0.845,1.324,0.847,0.8,af3,msa_notemplate
2r7g,42,1,0.9282670000000001,0.96,1.1298,0.841,1.13,0.839,0.78,af3,msa_notemplate
2r7g,42,2,0.926748,0.96,1.1281,0.859,1.128,0.765,0.8,af3,msa_notemplate
2r7g,42,3,0.9198879999999999,0.96,1.0733,0.851,1.073,0.78,0.78,af3,msa_notemplate
2r7g,42,4,0.9307890000000001,0.96,0.9201,0.845,0.92,0.825,0.78,af3,msa_notemplate
2r7g,43,0,0.930293,0.96,0.856,0.846,0.856,0.873,0.8,af3,msa_notemplate
2r7g,43,1,0.931276,0.96,1.1975,0.838,1.197,0.901,0.8,af3,msa_notemplate
2r7g,43,2,0.9300839999999999,0.96,1.0859,0.844,1.086,0.869,0.8,af3,msa_notemplate
2r7g,43,3,0.933694,0.97,1.0486,0.84,1.049,0.856,0.78,af3,msa_notemplate
2r7g,43,4,0.9270619999999999,0.96,1.1529,0.849,1.153,0.831,0.8,af3,msa_notemplate
2r7g,44,0,0.925732,0.96,1.1358,0.841,1.136,0.889,0.8,af3,msa_notemplate
2r7g,44,1,0.923596,0.96,1.0004,0.862,1.0,0.754,0.8,af3,msa_notemplate
2r7g,44,2,0.919053,0.96,0.9308,0.838,0.931,0.873,0.78,af3,msa_notemplate
2r7g,44,3,0.923882,0.96,1.0915,0.855,1.092,0.796,0.8,af3,msa_notemplate
2r7g,44,4,0.922492,0.96,1.0062,0.824,1.006,0.876,0.74,af3,msa_notemplate
2rol,42,0,0.77973,0.68,2.0641,0.849,2.064,0.993,0.906,af3,msa_notemplate
2rol,42,1,0.732519,0.6,1.9547,0.872,1.955,0.918,0.938,af3,msa_notemplate
2rol,42,2,0.777248,0.67,1.7861,0.843,1.786,0.918,0.844,af3,msa_notemplate
2rol,42,3,0.766684,0.68,1.8892,0.852,1.889,0.845,0.844,af3,msa_notemplate
2rol,42,4,0.799004,0.72,1.9742,0.828,1.974,0.929,0.812,af3,msa_notemplate
2rol,43,0,0.7499129999999999,0.63,1.9497,0.846,1.95,0.882,0.844,af3,msa_notemplate
2rol,43,1,0.7702899999999999,0.68,1.6176,0.885,1.618,0.863,0.938,af3,msa_notemplate
2rol,43,2,0.756647,0.65,1.5599,0.853,1.56,0.798,0.812,af3,msa_notemplate
2rol,43,3,0.761844,0.65,2.1463,0.78,2.146,1.028,0.719,af3,msa_notemplate
2rol,43,4,0.763476,0.67,2.0492,0.856,2.049,0.94,0.906,af3,msa_notemplate
2rol,44,0,0.747675,0.64,3.4285,0.723,3.428,1.252,0.719,af3,msa_notemplate
2rol,44,1,0.733417,0.62,2.1246,0.803,2.125,1.086,0.812,af3,msa_notemplate
2rol,44,2,0.7262949999999999,0.59,1.8034,0.841,1.803,0.932,0.844,af3,msa_notemplate
2rol,44,3,0.791995,0.72,1.6625,0.851,1.662,0.803,0.812,af3,msa_notemplate
2rol,44,4,0.750604,0.64,2.1819,0.816,2.182,1.06,0.844,af3,msa_notemplate
2v8c,42,0,0.7702460000000001,0.71,1.535,0.891,1.535,0.836,0.943,af3,msa_notemplate
2v8c,42,1,0.7834829999999999,0.73,1.705,0.885,1.705,0.863,0.943,af3,msa_notemplate
2v8c,42,2,0.765972,0.7,1.9004,0.869,1.9,0.958,0.943,af3,msa_notemplate
2v8c,42,3,0.757016,0.68,1.7694,0.882,1.769,0.881,0.943,af3,msa_notemplate
2v8c,42,4,0.7637569999999999,0.7,1.6954,0.887,1.695,0.852,0.943,af3,msa_notemplate
2v8c,43,0,0.7641060000000001,0.71,0.9836,0.921,0.984,0.672,0.943,af3,msa_notemplate
2v8c,43,1,0.753692,0.68,1.5628,0.898,1.563,0.788,0.943,af3,msa_notemplate
2v8c,43,2,0.778755,0.72,1.8359,0.875,1.836,0.917,0.943,af3,msa_notemplate
2v8c,43,3,0.7746580000000001,0.71,1.3929,0.902,1.393,0.779,0.943,af3,msa_notemplate
2v8c,43,4,0.770892,0.71,1.5597,0.898,1.56,0.791,0.943,af3,msa_notemplate
2v8c,44,0,0.765229,0.69,2.0106,0.868,2.011,0.951,0.943,af3,msa_notemplate
2v8c,44,1,0.760873,0.7,1.496,0.889,1.496,0.857,0.943,af3,msa_notemplate
2v8c,44,2,0.758146,0.69,1.8273,0.875,1.827,0.921,0.943,af3,msa_notemplate
2v8c,44,3,0.768131,0.71,1.09,0.916,1.09,0.702,0.943,af3,msa_notemplate
2v8c,44,4,0.759094,0.69,0.9569,0.924,0.957,0.649,0.943,af3,msa_notemplate
2vzg,42,0,0.805831,0.75,2.141,0.793,2.141,1.092,0.786,af3,msa_notemplate
2vzg,42,1,0.803973,0.76,2.2054,0.808,2.205,1.147,0.857,af3,msa_notemplate
2vzg,42,2,0.780731,0.71,2.3934,0.784,2.393,1.217,0.821,af3,msa_notemplate
2vzg,42,3,0.801849,0.75,2.1331,0.816,2.133,1.1,0.857,af3,msa_notemplate
2vzg,42,4,0.8265399999999999,0.8,2.1794,0.801,2.179,1.118,0.821,af3,msa_notemplate
2vzg,43,0,0.799591,0.74,2.2691,0.781,2.269,1.165,0.786,af3,msa_notemplate
2vzg,43,1,0.802982,0.75,2.3605,0.787,2.36,1.195,0.821,af3,msa_notemplate
2vzg,43,2,0.7881560000000001,0.73,2.1488,0.801,2.149,1.119,0.821,af3,msa_notemplate
2vzg,43,3,0.800298,0.75,2.196,0.812,2.196,1.124,0.857,af3,msa_notemplate
2vzg,43,4,0.805528,0.76,2.1382,0.805,2.138,1.094,0.821,af3,msa_notemplate
2vzg,44,0,0.795485,0.75,2.2735,0.771,2.274,1.152,0.75,af3,msa_notemplate
2vzg,44,1,0.778563,0.72,2.1794,0.802,2.179,1.113,0.821,af3,msa_notemplate
2vzg,44,2,0.823471,0.77,2.2759,0.799,2.276,1.117,0.821,af3,msa_notemplate
2vzg,44,3,0.798084,0.74,2.013,0.813,2.013,1.049,0.821,af3,msa_notemplate
2vzg,44,4,0.793366,0.75,2.234,0.784,2.234,1.145,0.786,af3,msa_notemplate
2xcb,42,0,0.888463,0.94,0.9784,0.947,0.978,0.376,0.914,af3,msa_notemplate
2xcb,42,1,0.891884,0.94,0.9887,0.937,0.989,0.387,0.886,af3,msa_notemplate
2xcb,42,2,0.8866759999999999,0.94,0.9201,0.948,0.92,0.375,0.914,af3,msa_notemplate
2xcb,42,3,0.888178,0.94,0.9163,0.949,0.916,0.367,0.914,af3,msa_notemplate
2xcb,42,4,0.889682,0.94,0.9307,0.948,0.931,0.377,0.914,af3,msa_notemplate
2xcb,43,0,0.8874150000000001,0.94,0.944,0.949,0.944,0.363,0.914,af3,msa_notemplate
2xcb,43,1,0.886215,0.94,0.9881,0.947,0.988,0.375,0.914,af3,msa_notemplate
2xcb,43,2,0.886969,0.93,0.932,0.948,0.932,0.372,0.914,af3,msa_notemplate
2xcb,43,3,0.889285,0.94,0.9282,0.949,0.928,0.367,0.914,af3,msa_notemplate
2xcb,43,4,0.89044,0.94,0.9625,0.949,0.962,0.363,0.914,af3,msa_notemplate
2xcb,44,0,0.8884780000000001,0.94,0.9157,0.95,0.916,0.354,0.914,af3,msa_notemplate
2xcb,44,1,0.8826900000000001,0.93,0.9671,0.947,0.967,0.381,0.914,af3,msa_notemplate
2xcb,44,2,0.8870610000000001,0.94,0.9215,0.949,0.921,0.366,0.914,af3,msa_notemplate
2xcb,44,3,0.8877419999999999,0.94,0.9111,0.949,0.911,0.364,0.914,af3,msa_notemplate
2xcb,44,4,0.887409,0.94,0.9073,0.95,0.907,0.355,0.914,af3,msa_notemplate
2xpn,42,0,0.8998619999999999,0.89,2.0988,0.847,2.099,1.069,0.936,af3,msa_notemplate
2xpn,42,1,0.898322,0.9,1.9932,0.866,1.993,0.998,0.957,af3,msa_notemplate
2xpn,42,2,0.900612,0.89,1.9784,0.856,1.978,1.023,0.936,af3,msa_notemplate
2xpn,42,3,0.898888,0.89,2.2242,0.829,2.224,1.136,0.915,af3,msa_notemplate
2xpn,42,4,0.8919750000000001,0.88,2.0587,0.852,2.059,1.04,0.936,af3,msa_notemplate
2xpn,43,0,0.890492,0.88,2.1888,0.845,2.189,1.075,0.936,af3,msa_notemplate
2xpn,43,1,0.904636,0.9,2.2949,0.817,2.295,1.158,0.894,af3,msa_notemplate
2xpn,43,2,0.9024540000000001,0.89,2.2954,0.829,2.295,1.126,0.915,af3,msa_notemplate
2xpn,43,3,0.89205,0.89,2.1716,0.85,2.172,1.091,0.957,af3,msa_notemplate
2xpn,43,4,0.8928969999999999,0.88,1.9465,0.869,1.947,0.981,0.957,af3,msa_notemplate
2xpn,44,0,0.8998430000000001,0.89,2.0369,0.855,2.037,1.073,0.957,af3,msa_notemplate
2xpn,44,1,0.8869020000000001,0.88,2.1325,0.847,2.133,1.068,0.936,af3,msa_notemplate
2xpn,44,2,0.89154,0.89,2.0237,0.873,2.024,0.995,0.979,af3,msa_notemplate
2xpn,44,3,0.890823,0.88,2.0698,0.854,2.07,1.027,0.936,af3,msa_notemplate
2xpn,44,4,0.902466,0.89,2.3276,0.835,2.328,1.178,0.957,af3,msa_notemplate
2xrw,42,0,0.760089,0.86,3.186,0.751,3.186,1.831,0.975,af3,msa_notemplate
2xrw,42,1,0.753282,0.86,3.4032,0.717,3.403,1.875,0.9,af3,msa_notemplate
2xrw,42,2,0.7466320000000001,0.85,3.5056,0.722,3.506,1.896,0.925,af3,msa_notemplate
2xrw,42,3,0.7494190000000001,0.86,3.3239,0.734,3.324,1.903,0.95,af3,msa_notemplate
2xrw,42,4,0.762861,0.87,2.885,0.753,2.885,1.787,0.95,af3,msa_notemplate
2xrw,43,0,0.7780549999999999,0.88,3.038,0.756,3.038,1.814,0.975,af3,msa_notemplate
2xrw,43,1,0.772349,0.88,3.1504,0.742,3.15,1.844,0.95,af3,msa_notemplate
2xrw,43,2,0.7703700000000001,0.87,3.0844,0.745,3.084,1.835,0.95,af3,msa_notemplate
2xrw,43,3,0.772002,0.87,3.0034,0.751,3.003,1.786,0.95,af3,msa_notemplate
2xrw,43,4,0.775746,0.88,2.9402,0.744,2.94,1.781,0.925,af3,msa_notemplate
2xrw,44,0,0.767394,0.87,3.1309,0.744,3.131,1.833,0.95,af3,msa_notemplate
2xrw,44,1,0.7723789999999999,0.87,3.1134,0.734,3.113,1.857,0.925,af3,msa_notemplate
2xrw,44,2,0.7725620000000001,0.87,3.0019,0.756,3.002,1.821,0.975,af3,msa_notemplate
2xrw,44,3,0.777188,0.88,3.2661,0.735,3.266,1.901,0.95,af3,msa_notemplate
2xrw,44,4,0.772487,0.87,3.0174,0.751,3.017,1.784,0.95,af3,msa_notemplate
2ymt,42,0,0.962543,0.95,0.6344,0.987,0.634,0.281,1.0,af3,msa_notemplate
2ymt,42,1,0.9636140000000001,0.95,0.9172,0.968,0.917,0.355,0.968,af3,msa_notemplate
2ymt,42,2,0.962066,0.95,0.9312,0.967,0.931,0.358,0.968,af3,msa_notemplate
2ymt,42,3,0.961,0.95,0.6311,0.986,0.631,0.295,1.0,af3,msa_notemplate
2ymt,42,4,0.962257,0.95,0.9816,0.965,0.982,0.38,0.968,af3,msa_notemplate
2ymt,43,0,0.960793,0.95,0.9998,0.975,1.0,0.385,1.0,af3,msa_notemplate
2ymt,43,1,0.9612860000000001,0.95,0.5803,0.976,0.58,0.291,0.968,af3,msa_notemplate
2ymt,43,2,0.9607769999999999,0.94,1.015,0.952,1.015,0.397,0.935,af3,msa_notemplate
2ymt,43,3,0.963382,0.95,0.6373,0.964,0.637,0.293,0.935,af3,msa_notemplate
2ymt,43,4,0.960429,0.94,0.9803,0.965,0.98,0.382,0.968,af3,msa_notemplate
2ymt,44,0,0.963339,0.95,0.8704,0.968,0.87,0.353,0.968,af3,msa_notemplate
2ymt,44,1,0.9609449999999999,0.94,0.8268,0.968,0.827,0.357,0.968,af3,msa_notemplate
2ymt,44,2,0.96242,0.95,0.9666,0.966,0.967,0.374,0.968,af3,msa_notemplate
2ymt,44,3,0.9616979999999999,0.95,0.9102,0.966,0.91,0.37,0.968,af3,msa_notemplate
2ymt,44,4,0.9636539999999999,0.95,0.5919,0.966,0.592,0.274,0.935,af3,msa_notemplate
3agy,42,0,0.898117,0.93,1.546,0.951,1.546,0.445,0.967,af3,msa_notemplate
3agy,42,1,0.901675,0.93,1.8728,0.93,1.873,0.578,0.967,af3,msa_notemplate
3agy,42,2,0.893629,0.93,1.7784,0.93,1.778,0.594,0.967,af3,msa_notemplate
3agy,42,3,0.902119,0.93,1.6583,0.933,1.658,0.579,0.967,af3,msa_notemplate
3agy,42,4,0.8929290000000001,0.92,1.6299,0.928,1.63,0.621,0.967,af3,msa_notemplate
3agy,43,0,0.873388,0.91,1.9246,0.928,1.925,0.589,0.967,af3,msa_notemplate
3agy,43,1,0.8982899999999999,0.93,1.4752,0.948,1.475,0.484,0.967,af3,msa_notemplate
3agy,43,2,0.89265,0.92,1.4577,0.948,1.458,0.48,0.967,af3,msa_notemplate
3agy,43,3,0.88935,0.92,1.4152,0.95,1.415,0.469,0.967,af3,msa_notemplate
3agy,43,4,0.894717,0.93,1.7451,0.937,1.745,0.542,0.967,af3,msa_notemplate
3agy,44,0,0.903452,0.93,1.7739,0.93,1.774,0.592,0.967,af3,msa_notemplate
3agy,44,1,0.902131,0.93,1.5908,0.946,1.591,0.482,0.967,af3,msa_notemplate
3agy,44,2,0.909712,0.94,1.7421,0.931,1.742,0.589,0.967,af3,msa_notemplate
3agy,44,3,0.903771,0.93,1.4197,0.95,1.42,0.471,0.967,af3,msa_notemplate
3agy,44,4,0.9098099999999999,0.94,1.6263,0.936,1.626,0.56,0.967,af3,msa_notemplate
3bej,42,0,0.810264,0.89,1.8261,0.795,1.826,0.999,0.737,af3,msa_notemplate
3bej,42,1,0.805284,0.88,1.8353,0.803,1.835,1.007,0.763,af3,msa_notemplate
3bej,42,2,0.819152,0.89,2.2517,0.763,2.252,1.053,0.684,af3,msa_notemplate
3bej,42,3,0.8111790000000001,0.88,2.3963,0.748,2.396,1.139,0.684,af3,msa_notemplate
3bej,42,4,0.8075230000000001,0.89,2.0034,0.765,2.003,1.067,0.684,af3,msa_notemplate
3bej,43,0,0.814438,0.89,2.1027,0.771,2.103,1.073,0.711,af3,msa_notemplate
3bej,43,1,0.8105549999999999,0.88,2.4161,0.743,2.416,1.175,0.684,af3,msa_notemplate
3bej,43,2,0.81844,0.89,2.1885,0.777,2.189,1.083,0.737,af3,msa_notemplate
3bej,43,3,0.8148829999999999,0.89,2.2158,0.755,2.216,1.114,0.684,af3,msa_notemplate
3bej,43,4,0.814421,0.89,2.3076,0.765,2.308,1.094,0.711,af3,msa_notemplate
3bej,44,0,0.810466,0.88,2.1669,0.768,2.167,1.092,0.711,af3,msa_notemplate
3bej,44,1,0.8012630000000001,0.87,1.7509,0.783,1.751,0.969,0.684,af3,msa_notemplate
3bej,44,2,0.807572,0.88,2.1748,0.769,2.175,1.081,0.711,af3,msa_notemplate
3bej,44,3,0.8085080000000001,0.88,2.0529,0.786,2.053,1.103,0.763,af3,msa_notemplate
3bej,44,4,0.8110580000000001,0.88,2.1173,0.776,2.117,1.042,0.711,af3,msa_notemplate
3bqo,42,0,0.8490770000000001,0.91,1.4994,0.888,1.499,0.667,0.859,af3,msa_notemplate
3bqo,42,1,0.8663460000000001,0.93,1.5421,0.9,1.542,0.65,0.891,af3,msa_notemplate
3bqo,42,2,0.853827,0.91,1.8593,0.879,1.859,0.693,0.859,af3,msa_notemplate
3bqo,42,3,0.857004,0.91,1.2172,0.922,1.217,0.551,0.906,af3,msa_notemplate
3bqo,42,4,0.853193,0.9,3.0552,0.781,3.055,1.155,0.828,af3,msa_notemplate
3bqo,43,0,0.855901,0.91,1.9408,0.876,1.941,0.71,0.859,af3,msa_notemplate
3bqo,43,1,0.8585339999999999,0.91,1.6888,0.876,1.689,0.661,0.828,af3,msa_notemplate
3bqo,43,2,0.861711,0.92,1.5937,0.892,1.594,0.666,0.875,af3,msa_notemplate
3bqo,43,3,0.852886,0.9,1.3294,0.9,1.329,0.597,0.859,af3,msa_notemplate
3bqo,43,4,0.855685,0.9,1.5859,0.891,1.586,0.676,0.875,af3,msa_notemplate
3bqo,44,0,0.852076,0.91,1.3251,0.891,1.325,0.62,0.844,af3,msa_notemplate
3bqo,44,1,0.864309,0.91,1.538,0.898,1.538,0.631,0.875,af3,msa_notemplate
3bqo,44,2,0.8581699999999999,0.91,1.5327,0.892,1.533,0.675,0.875,af3,msa_notemplate
3bqo,44,3,0.8603919999999999,0.92,1.7415,0.853,1.742,0.746,0.797,af3,msa_notemplate
3bqo,44,4,0.850255,0.9,2.2027,0.838,2.203,0.867,0.828,af3,msa_notemplate
3emh,42,0,0.730167,0.87,1.1966,0.944,1.197,0.333,0.9,af3,msa_notemplate
3emh,42,1,0.749917,0.9,0.7928,0.954,0.793,0.256,0.9,af3,msa_notemplate
3emh,42,2,0.735125,0.88,0.7033,0.957,0.703,0.228,0.9,af3,msa_notemplate
3emh,42,3,0.717623,0.84,0.6999,0.979,0.7,0.222,0.967,af3,msa_notemplate
3emh,42,4,0.742598,0.89,0.5304,0.96,0.53,0.188,0.9,af3,msa_notemplate
3emh,43,0,0.775508,0.92,0.6924,0.969,0.692,0.217,0.933,af3,msa_notemplate
3emh,43,1,0.738852,0.87,1.8335,0.92,1.834,0.487,0.9,af3,msa_notemplate
3emh,43,2,0.7298749999999999,0.85,0.7759,0.956,0.776,0.241,0.9,af3,msa_notemplate
3emh,43,3,0.754533,0.9,0.9879,0.951,0.988,0.277,0.9,af3,msa_notemplate
3emh,43,4,0.7604130000000001,0.91,1.2365,0.934,1.236,0.325,0.867,af3,msa_notemplate
3emh,44,0,0.724104,0.84,0.7048,0.968,0.705,0.223,0.933,af3,msa_notemplate
3emh,44,1,0.7305039999999999,0.85,0.986,0.962,0.986,0.28,0.933,af3,msa_notemplate
3emh,44,2,0.7526600000000001,0.89,0.4038,0.961,0.404,0.18,0.9,af3,msa_notemplate
3emh,44,3,0.741429,0.87,0.8116,0.955,0.812,0.248,0.9,af3,msa_notemplate
3emh,44,4,0.7575620000000001,0.89,0.5201,0.971,0.52,0.191,0.933,af3,msa_notemplate
3emw,42,0,0.910911,0.94,1.1833,0.941,1.183,0.489,0.939,af3,msa_notemplate
3emw,42,1,0.899712,0.93,1.1102,0.946,1.11,0.456,0.939,af3,msa_notemplate
3emw,42,2,0.905349,0.94,0.9426,0.953,0.943,0.408,0.939,af3,msa_notemplate
3emw,42,3,0.901526,0.94,1.0049,0.951,1.005,0.418,0.939,af3,msa_notemplate
3emw,42,4,0.907525,0.94,1.1318,0.944,1.132,0.47,0.939,af3,msa_notemplate
3emw,43,0,0.909658,0.94,1.1903,0.947,1.19,0.438,0.939,af3,msa_notemplate
3emw,43,1,0.909635,0.94,0.7683,0.964,0.768,0.303,0.939,af3,msa_notemplate
3emw,43,2,0.9046599999999999,0.94,0.9019,0.956,0.902,0.379,0.939,af3,msa_notemplate
3emw,43,3,0.910425,0.94,1.2862,0.94,1.286,0.488,0.939,af3,msa_notemplate
3emw,43,4,0.914726,0.95,0.9828,0.955,0.983,0.385,0.939,af3,msa_notemplate
3emw,44,0,0.9151609999999999,0.95,0.6765,0.965,0.677,0.298,0.939,af3,msa_notemplate
3emw,44,1,0.905742,0.94,0.9041,0.958,0.904,0.364,0.939,af3,msa_notemplate
3emw,44,2,0.906798,0.94,0.7702,0.962,0.77,0.326,0.939,af3,msa_notemplate
3emw,44,3,0.9110389999999999,0.95,1.2347,0.943,1.235,0.474,0.939,af3,msa_notemplate
3emw,44,4,0.8976390000000001,0.94,1.0531,0.95,1.053,0.426,0.939,af3,msa_notemplate
3et3,42,0,0.845665,0.91,1.4676,0.925,1.468,0.638,0.957,af3,msa_notemplate
3et3,42,1,0.842032,0.91,0.9511,0.94,0.951,0.45,0.915,af3,msa_notemplate
3et3,42,2,0.850043,0.91,0.8299,0.957,0.83,0.43,0.957,af3,msa_notemplate
3et3,42,3,0.8461279999999999,0.91,1.4632,0.915,1.463,0.657,0.936,af3,msa_notemplate
3et3,42,4,0.8404240000000001,0.9,0.8939,0.928,0.894,0.5,0.894,af3,msa_notemplate
3et3,43,0,0.837495,0.9,2.1223,0.849,2.122,1.056,0.936,af3,msa_notemplate
3et3,43,1,0.837227,0.9,0.7081,0.93,0.708,0.489,0.894,af3,msa_notemplate
3et3,43,2,0.841704,0.91,2.6564,0.795,2.656,1.224,0.872,af3,msa_notemplate
3et3,43,3,0.847675,0.91,1.1113,0.936,1.111,0.535,0.936,af3,msa_notemplate
3et3,43,4,0.84172,0.9,1.3494,0.913,1.349,0.633,0.915,af3,msa_notemplate
3et3,44,0,0.826281,0.89,2.3358,0.823,2.336,1.161,0.915,af3,msa_notemplate
3et3,44,1,0.841106,0.9,2.3118,0.83,2.312,1.118,0.915,af3,msa_notemplate
3et3,44,2,0.845824,0.91,0.6947,0.963,0.695,0.303,0.936,af3,msa_notemplate
3et3,44,3,0.8429139999999999,0.91,1.3413,0.927,1.341,0.582,0.936,af3,msa_notemplate
3et3,44,4,0.844462,0.91,1.3684,0.918,1.368,0.596,0.915,af3,msa_notemplate
3fp2,42,0,0.6855169999999999,0.89,27.3459,0.441,27.346,1.828,0.833,af3,msa_notemplate
3fp2,42,1,0.6954859999999999,0.89,20.03,0.483,20.03,1.489,0.792,af3,msa_notemplate
3fp2,42,2,0.677936,0.89,30.1145,0.447,30.115,1.713,0.833,af3,msa_notemplate
3fp2,42,3,0.677176,0.89,13.5142,0.478,13.514,1.998,0.792,af3,msa_notemplate
3fp2,42,4,0.6821670000000001,0.89,14.5605,0.532,14.56,1.354,0.792,af3,msa_notemplate
3fp2,43,0,0.6964100000000001,0.89,29.0181,0.421,29.018,2.045,0.833,af3,msa_notemplate
3fp2,43,1,0.666205,0.88,21.6122,0.431,21.612,1.964,0.792,af3,msa_notemplate
3fp2,43,2,0.695179,0.89,30.0998,0.418,30.1,2.063,0.833,af3,msa_notemplate
3fp2,43,3,0.684283,0.89,21.5114,0.412,21.511,2.242,0.792,af3,msa_notemplate
3fp2,43,4,0.6796880000000001,0.89,9.0827,0.636,9.083,1.1,0.792,af3,msa_notemplate
3fp2,44,0,0.647783,0.88,34.5684,0.361,34.568,2.193,0.708,af3,msa_notemplate
3fp2,44,1,0.685955,0.88,30.3619,0.435,30.362,1.691,0.792,af3,msa_notemplate
3fp2,44,2,0.682526,0.89,15.3358,0.432,15.336,2.225,0.75,af3,msa_notemplate
3fp2,44,3,0.6894070000000001,0.88,25.9016,0.431,25.902,1.675,0.75,af3,msa_notemplate
3fp2,44,4,0.6854309999999999,0.89,11.8191,0.583,11.819,1.18,0.792,af3,msa_notemplate
3g2s,42,0,0.850769,0.85,2.181,0.893,2.181,0.887,1.0,af3,msa_notemplate
3g2s,42,1,0.859215,0.84,1.561,0.924,1.561,0.743,1.0,af3,msa_notemplate
3g2s,42,2,0.84718,0.84,3.0101,0.855,3.01,0.973,0.973,af3,msa_notemplate
3g2s,42,3,0.861109,0.85,2.2914,0.871,2.291,0.902,0.946,af3,msa_notemplate
3g2s,42,4,0.8606,0.85,2.3889,0.865,2.389,0.931,0.946,af3,msa_notemplate
3g2s,43,0,0.8684350000000001,0.87,3.9213,0.794,3.921,1.195,0.946,af3,msa_notemplate
3g2s,43,1,0.8475509999999999,0.83,4.2803,0.795,4.28,1.187,0.973,af3,msa_notemplate
3g2s,43,2,0.84691,0.84,2.4423,0.872,2.442,0.94,0.973,af3,msa_notemplate
3g2s,43,3,0.8415269999999999,0.82,2.8514,0.854,2.851,1.007,0.973,af3,msa_notemplate
3g2s,43,4,0.84741,0.84,3.928,0.8,3.928,1.086,0.919,af3,msa_notemplate
3g2s,44,0,0.8466809999999999,0.84,3.1334,0.851,3.133,0.918,0.946,af3,msa_notemplate
3g2s,44,1,0.8631359999999999,0.85,1.4504,0.926,1.45,0.735,1.0,af3,msa_notemplate
3g2s,44,2,0.8477460000000001,0.84,3.8459,0.827,3.846,1.036,0.973,af3,msa_notemplate
3g2s,44,3,0.860483,0.85,3.1965,0.827,3.196,1.078,0.946,af3,msa_notemplate
3g2s,44,4,0.874287,0.86,1.3268,0.921,1.327,0.718,0.973,af3,msa_notemplate
3h1z,42,0,0.711317,0.79,1.1292,0.895,1.129,0.571,0.83,af3,msa_notemplate
3h1z,42,1,0.7060200000000001,0.8,1.7074,0.9,1.707,0.669,0.906,af3,msa_notemplate
3h1z,42,2,0.708956,0.79,1.9174,0.856,1.917,0.781,0.83,af3,msa_notemplate
3h1z,42,3,0.715671,0.8,1.6756,0.88,1.676,0.682,0.849,af3,msa_notemplate
3h1z,42,4,0.702738,0.77,2.235,0.821,2.235,1.124,0.887,af3,msa_notemplate
3h1z,43,0,0.698713,0.77,1.6228,0.928,1.623,0.564,0.943,af3,msa_notemplate
3h1z,43,1,0.691173,0.75,1.8414,0.867,1.841,0.846,0.887,af3,msa_notemplate
3h1z,43,2,0.6708729999999999,0.74,1.994,0.814,1.994,0.979,0.792,af3,msa_notemplate
3h1z,43,3,0.7042090000000001,0.78,1.4385,0.893,1.439,0.613,0.849,af3,msa_notemplate
3h1z,43,4,0.7019110000000001,0.78,1.5069,0.902,1.507,0.675,0.906,af3,msa_notemplate
3h1z,44,0,0.702584,0.78,1.4811,0.861,1.481,0.788,0.83,af3,msa_notemplate
3h1z,44,1,0.699072,0.77,1.5124,0.914,1.512,0.684,0.943,af3,msa_notemplate
3h1z,44,2,0.7158580000000001,0.8,1.3027,0.893,1.303,0.574,0.83,af3,msa_notemplate
3h1z,44,3,0.70197,0.78,1.3337,0.89,1.334,0.593,0.83,af3,msa_notemplate
3h1z,44,4,0.7051470000000001,0.77,1.8097,0.867,1.81,0.889,0.906,af3,msa_notemplate
3i5r,42,0,0.942803,0.9,0.8951,0.943,0.895,0.557,0.962,af3,msa_notemplate
3i5r,42,1,0.940961,0.89,0.7668,0.944,0.767,0.559,0.962,af3,msa_notemplate
3i5r,42,2,0.945804,0.91,0.7612,0.943,0.761,0.567,0.962,af3,msa_notemplate
3i5r,42,3,0.939899,0.89,0.8919,0.941,0.892,0.577,0.962,af3,msa_notemplate
3i5r,42,4,0.938806,0.88,0.8367,0.941,0.837,0.574,0.962,af3,msa_notemplate
3i5r,43,0,0.9370059999999999,0.88,0.7322,0.947,0.732,0.537,0.962,af3,msa_notemplate
3i5r,43,1,0.939348,0.89,0.8628,0.957,0.863,0.551,1.0,af3,msa_notemplate
3i5r,43,2,0.941537,0.89,0.7691,0.945,0.769,0.551,0.962,af3,msa_notemplate
3i5r,43,3,0.943124,0.9,0.7901,0.973,0.79,0.42,1.0,af3,msa_notemplate
3i5r,43,4,0.942748,0.9,0.9008,0.97,0.901,0.441,1.0,af3,msa_notemplate
3i5r,44,0,0.9471989999999999,0.9,1.0269,0.939,1.027,0.58,0.962,af3,msa_notemplate
3i5r,44,1,0.9406610000000001,0.9,0.8841,0.938,0.884,0.597,0.962,af3,msa_notemplate
3i5r,44,2,0.946401,0.9,0.9429,0.941,0.943,0.574,0.962,af3,msa_notemplate
3i5r,44,3,0.9430270000000001,0.9,0.8126,0.949,0.813,0.515,0.962,af3,msa_notemplate
3i5r,44,4,0.944103,0.9,0.8474,0.959,0.847,0.425,0.962,af3,msa_notemplate
3obq,42,0,0.857406,0.86,0.4987,0.959,0.499,0.391,0.944,af3,msa_notemplate
3obq,42,1,0.861385,0.86,0.925,0.943,0.925,0.514,0.944,af3,msa_notemplate
3obq,42,2,0.868458,0.86,0.6281,0.945,0.628,0.433,0.917,af3,msa_notemplate
3obq,42,3,0.8641500000000001,0.87,0.6441,0.946,0.644,0.418,0.917,af3,msa_notemplate
3obq,42,4,0.877034,0.88,0.8618,0.942,0.862,0.44,0.917,af3,msa_notemplate
3obq,43,0,0.8718,0.88,0.8356,0.944,0.836,0.425,0.917,af3,msa_notemplate
3obq,43,1,0.859142,0.87,0.6746,0.93,0.675,0.398,0.861,af3,msa_notemplate
3obq,43,2,0.861771,0.86,0.72,0.946,0.72,0.413,0.917,af3,msa_notemplate
3obq,43,3,0.861194,0.86,0.9156,0.934,0.916,0.424,0.889,af3,msa_notemplate
3obq,43,4,0.861897,0.87,0.7233,0.945,0.723,0.425,0.917,af3,msa_notemplate
3obq,44,0,0.8628480000000001,0.87,0.9271,0.943,0.927,0.43,0.917,af3,msa_notemplate
3obq,44,1,0.8654259999999999,0.87,0.8518,0.939,0.852,0.472,0.917,af3,msa_notemplate
3obq,44,2,0.8744759999999999,0.87,0.7448,0.949,0.745,0.386,0.917,af3,msa_notemplate
3obq,44,3,0.8742690000000001,0.88,0.85,0.941,0.85,0.455,0.917,af3,msa_notemplate
3obq,44,4,0.86764,0.87,0.5797,0.958,0.58,0.403,0.944,af3,msa_notemplate
3p72,42,0,0.96364,0.96,0.6373,0.963,0.637,0.275,0.927,af3,msa_notemplate
3p72,42,1,0.963911,0.96,0.7625,0.96,0.763,0.306,0.927,af3,msa_notemplate
3p72,42,2,0.961778,0.96,0.6804,0.952,0.68,0.304,0.902,af3,msa_notemplate
3p72,42,3,0.9603480000000001,0.96,0.4537,0.972,0.454,0.277,0.951,af3,msa_notemplate
3p72,42,4,0.9621080000000001,0.96,0.7271,0.958,0.727,0.323,0.927,af3,msa_notemplate
3p72,43,0,0.96536,0.96,0.5558,0.949,0.556,0.255,0.878,af3,msa_notemplate
3p72,43,1,0.961206,0.96,0.6951,0.952,0.695,0.308,0.902,af3,msa_notemplate
3p72,43,2,0.963175,0.96,0.6081,0.956,0.608,0.266,0.902,af3,msa_notemplate
3p72,43,3,0.9627589999999999,0.96,0.7252,0.959,0.725,0.311,0.927,af3,msa_notemplate
3p72,43,4,0.964157,0.96,0.5857,0.964,0.586,0.268,0.927,af3,msa_notemplate
3p72,44,0,0.963677,0.96,0.5462,0.957,0.546,0.251,0.902,af3,msa_notemplate
3p72,44,1,0.959926,0.96,0.6785,0.959,0.679,0.322,0.927,af3,msa_notemplate
3p72,44,2,0.9658549999999999,0.96,0.6424,0.952,0.642,0.307,0.902,af3,msa_notemplate
3p72,44,3,0.9627549999999999,0.96,0.6782,0.961,0.678,0.293,0.927,af3,msa_notemplate
3p72,44,4,0.960461,0.96,0.7364,0.952,0.736,0.3,0.902,af3,msa_notemplate
3pe4,42,0,0.38616,0.47,12.61,0.171,12.61,3.98,0.077,af3,msa_notemplate
3pe4,42,1,0.37371499999999996,0.47,12.3029,0.176,12.303,3.904,0.077,af3,msa_notemplate
3pe4,42,2,0.373128,0.47,12.7249,0.169,12.725,4.013,0.077,af3,msa_notemplate
3pe4,42,3,0.272961,0.39,6.7497,0.42,6.75,2.186,0.327,af3,msa_notemplate
3pe4,42,4,0.287369,0.38,20.6812,0.103,20.681,6.617,0.115,af3,msa_notemplate
3pe4,43,0,0.32315600000000005,0.41,12.0414,0.181,12.041,3.823,0.077,af3,msa_notemplate
3pe4,43,1,0.319616,0.47,8.8162,0.317,8.816,2.837,0.25,af3,msa_notemplate
3pe4,43,2,0.32901899999999995,0.44,14.9621,0.138,14.962,4.692,0.077,af3,msa_notemplate
3pe4,43,3,0.28887,0.39,24.1477,0.1,24.148,7.621,0.154,af3,msa_notemplate
3pe4,43,4,0.339575,0.43,12.2026,0.185,12.203,3.848,0.096,af3,msa_notemplate
3pe4,44,0,0.281433,0.42,5.5799,0.456,5.58,1.841,0.269,af3,msa_notemplate
3pe4,44,1,0.356873,0.48,11.9043,0.184,11.904,3.748,0.077,af3,msa_notemplate
3pe4,44,2,0.408036,0.53,12.3812,0.175,12.381,3.903,0.077,af3,msa_notemplate
3pe4,44,3,0.397999,0.52,12.4142,0.175,12.414,3.899,0.077,af3,msa_notemplate
3pe4,44,4,0.42035200000000006,0.55,12.5207,0.173,12.521,3.953,0.077,af3,msa_notemplate
3plu,42,0,0.96575,0.91,0.3473,0.973,0.347,0.325,0.966,af3,msa_notemplate
3plu,42,1,0.9672339999999999,0.92,0.5288,0.982,0.529,0.342,1.0,af3,msa_notemplate
3plu,42,2,0.9658249999999999,0.91,0.5477,0.959,0.548,0.344,0.931,af3,msa_notemplate
3plu,42,3,0.965001,0.91,0.4024,0.989,0.402,0.272,1.0,af3,msa_notemplate
3plu,42,4,0.964385,0.91,0.405,0.979,0.405,0.245,0.966,af3,msa_notemplate
3plu,43,0,0.96012,0.9,0.5177,0.961,0.518,0.328,0.931,af3,msa_notemplate
3plu,43,1,0.963964,0.91,0.3487,0.99,0.349,0.255,1.0,af3,msa_notemplate
3plu,43,2,0.961664,0.9,0.5398,0.971,0.54,0.335,0.966,af3,msa_notemplate
3plu,43,3,0.96038,0.9,0.5403,0.962,0.54,0.312,0.931,af3,msa_notemplate
3plu,43,4,0.9588420000000001,0.9,0.4002,0.987,0.4,0.288,1.0,af3,msa_notemplate
3plu,44,0,0.9652630000000001,0.91,0.3672,0.977,0.367,0.27,0.966,af3,msa_notemplate
3plu,44,1,0.965021,0.91,0.3963,0.974,0.396,0.314,0.966,af3,msa_notemplate
3plu,44,2,0.964551,0.91,0.4715,0.986,0.472,0.305,1.0,af3,msa_notemplate
3plu,44,3,0.966083,0.91,0.3774,0.988,0.377,0.278,1.0,af3,msa_notemplate
3plu,44,4,0.963862,0.91,0.4909,0.973,0.491,0.318,0.966,af3,msa_notemplate
3r42,42,0,0.8915949999999999,0.9,0.6187,0.935,0.619,0.49,0.906,af3,msa_notemplate
3r42,42,1,0.888326,0.9,0.7154,0.939,0.715,0.451,0.906,af3,msa_notemplate
3r42,42,2,0.8918680000000001,0.91,1.2627,0.907,1.263,0.589,0.875,af3,msa_notemplate
3r42,42,3,0.898457,0.91,0.8262,0.936,0.826,0.469,0.906,af3,msa_notemplate
3r42,42,4,0.889022,0.91,0.6841,0.948,0.684,0.466,0.938,af3,msa_notemplate
3r42,43,0,0.897389,0.91,0.6606,0.946,0.661,0.383,0.906,af3,msa_notemplate
3r42,43,1,0.888263,0.91,0.7507,0.902,0.751,0.73,0.906,af3,msa_notemplate
3r42,43,2,0.892146,0.91,0.6067,0.936,0.607,0.479,0.906,af3,msa_notemplate
3r42,43,3,0.8904519999999999,0.9,0.7083,0.919,0.708,0.441,0.844,af3,msa_notemplate
3r42,43,4,0.8892279999999999,0.91,0.5882,0.934,0.588,0.408,0.875,af3,msa_notemplate
3r42,44,0,0.891708,0.91,1.253,0.925,1.253,0.438,0.875,af3,msa_notemplate
3r42,44,1,0.8913509999999999,0.91,1.0377,0.877,1.038,0.818,0.875,af3,msa_notemplate
3r42,44,2,0.8943800000000001,0.91,0.9985,0.925,0.999,0.459,0.875,af3,msa_notemplate
3r42,44,3,0.902928,0.92,0.5365,0.915,0.537,0.65,0.906,af3,msa_notemplate
3r42,44,4,0.894052,0.91,0.8773,0.93,0.877,0.427,0.875,af3,msa_notemplate
3s9c,42,0,0.7783159999999999,0.85,1.2315,0.898,1.232,0.743,0.911,af3,msa_notemplate
3s9c,42,1,0.7738330000000001,0.86,1.3234,0.914,1.323,0.724,0.956,af3,msa_notemplate
3s9c,42,2,0.7693800000000001,0.85,2.2016,0.797,2.202,0.937,0.733,af3,msa_notemplate
3s9c,42,3,0.7449049999999999,0.82,2.2878,0.801,2.288,1.048,0.8,af3,msa_notemplate
3s9c,42,4,0.756102,0.83,2.3432,0.772,2.343,1.042,0.711,af3,msa_notemplate
3s9c,43,0,0.803761,0.84,6.0838,0.575,6.084,2.14,0.733,af3,msa_notemplate
3s9c,43,1,0.8010769999999999,0.83,6.6842,0.57,6.684,2.223,0.778,af3,msa_notemplate
3s9c,43,2,0.758973,0.78,5.1866,0.616,5.187,1.982,0.756,af3,msa_notemplate
3s9c,43,3,0.780039,0.83,6.7576,0.555,6.758,2.303,0.756,af3,msa_notemplate
3s9c,43,4,0.7841,0.82,6.6724,0.567,6.672,2.267,0.778,af3,msa_notemplate
3s9c,44,0,0.7494029999999999,0.84,1.1946,0.932,1.195,0.664,0.978,af3,msa_notemplate
3s9c,44,1,0.748742,0.83,1.0,0.943,1.0,0.477,0.933,af3,msa_notemplate
3s9c,44,2,0.7350530000000001,0.81,1.4703,0.897,1.47,0.569,0.844,af3,msa_notemplate
3s9c,44,3,0.762278,0.84,1.7492,0.82,1.749,0.929,0.778,af3,msa_notemplate
3s9c,44,4,0.771867,0.85,1.2088,0.861,1.209,0.688,0.778,af3,msa_notemplate
3shb,42,0,0.8478220000000001,0.77,4.7868,0.725,4.787,1.662,0.968,af3,msa_notemplate
3shb,42,1,0.8448260000000001,0.77,4.1553,0.761,4.155,1.478,0.968,af3,msa_notemplate
3shb,42,2,0.823913,0.74,4.6511,0.723,4.651,1.718,0.968,af3,msa_notemplate
3shb,42,3,0.843948,0.77,4.625,0.736,4.625,1.593,0.968,af3,msa_notemplate
3shb,42,4,0.855406,0.79,5.003,0.698,5.003,1.778,0.935,af3,msa_notemplate
3shb,43,0,0.844494,0.77,4.8975,0.72,4.897,1.686,0.968,af3,msa_notemplate
3shb,43,1,0.867481,0.79,3.9369,0.785,3.937,1.322,0.968,af3,msa_notemplate
3shb,43,2,0.8499479999999999,0.78,3.8082,0.786,3.808,1.336,0.968,af3,msa_notemplate
3shb,43,3,0.848557,0.78,4.8649,0.71,4.865,1.684,0.935,af3,msa_notemplate
3shb,43,4,0.838896,0.78,4.5794,0.718,4.579,1.676,0.935,af3,msa_notemplate
3shb,44,0,0.844291,0.77,3.4812,0.804,3.481,1.259,0.968,af3,msa_notemplate
3shb,44,1,0.852998,0.78,4.6781,0.73,4.678,1.643,0.968,af3,msa_notemplate
3shb,44,2,0.85138,0.78,4.8445,0.726,4.845,1.638,0.968,af3,msa_notemplate
3shb,44,3,0.8305889999999999,0.77,1.022,0.93,1.022,0.662,0.968,af3,msa_notemplate
3shb,44,4,0.8528870000000001,0.78,3.9927,0.763,3.993,1.401,0.935,af3,msa_notemplate
3tiw,42,0,0.825368,0.84,0.8451,0.924,0.845,0.546,0.9,af3,msa_notemplate
3tiw,42,1,0.856023,0.88,2.8759,0.87,2.876,0.833,0.95,af3,msa_notemplate
3tiw,42,2,0.842517,0.86,2.885,0.85,2.885,0.915,0.925,af3,msa_notemplate
3tiw,42,3,0.8396399999999999,0.86,0.8108,0.943,0.811,0.463,0.925,af3,msa_notemplate
3tiw,42,4,0.838871,0.86,1.7613,0.938,1.761,0.489,0.95,af3,msa_notemplate
3tiw,43,0,0.832722,0.86,1.0028,0.932,1.003,0.475,0.9,af3,msa_notemplate
3tiw,43,1,0.847754,0.87,1.334,0.957,1.334,0.44,0.975,af3,msa_notemplate
3tiw,43,2,0.830373,0.86,0.7013,0.949,0.701,0.417,0.925,af3,msa_notemplate
3tiw,43,3,0.846623,0.87,0.674,0.95,0.674,0.407,0.925,af3,msa_notemplate
3tiw,43,4,0.853086,0.87,2.7144,0.868,2.714,0.813,0.925,af3,msa_notemplate
3tiw,44,0,0.817934,0.84,1.2855,0.913,1.286,0.603,0.9,af3,msa_notemplate
3tiw,44,1,0.848859,0.86,1.1899,0.943,1.19,0.508,0.95,af3,msa_notemplate
3tiw,44,2,0.862207,0.87,2.7851,0.872,2.785,0.839,0.95,af3,msa_notemplate
3tiw,44,3,0.832744,0.85,1.1673,0.946,1.167,0.483,0.95,af3,msa_notemplate
3tiw,44,4,0.844521,0.86,1.6851,0.944,1.685,0.51,0.975,af3,msa_notemplate
3v2o,42,0,0.767161,0.63,3.2312,0.825,3.231,1.161,0.975,af3,msa_notemplate
3v2o,42,1,0.7580070000000001,0.61,2.798,0.855,2.798,1.012,0.975,af3,msa_notemplate
3v2o,42,2,0.752413,0.64,2.2459,0.874,2.246,0.896,0.95,af3,msa_notemplate
3v2o,42,3,0.760373,0.62,2.7628,0.855,2.763,1.014,0.975,af3,msa_notemplate
3v2o,42,4,0.7942170000000001,0.68,2.7769,0.824,2.777,1.055,0.9,af3,msa_notemplate
3v2o,43,0,0.7581570000000001,0.61,2.9738,0.841,2.974,1.085,0.975,af3,msa_notemplate
3v2o,43,1,0.546007,0.39,9.4302,0.26,9.43,3.192,0.15,af3,msa_notemplate
3v2o,43,2,0.5821200000000001,0.44,9.1283,0.276,9.128,3.097,0.175,af3,msa_notemplate
3v2o,43,3,0.56107,0.42,8.9889,0.272,8.989,3.046,0.15,af3,msa_notemplate
3v2o,43,4,0.608711,0.49,11.1139,0.186,11.114,3.74,0.05,af3,msa_notemplate
3v2o,44,0,0.780776,0.67,8.9812,0.28,8.981,3.069,0.175,af3,msa_notemplate
3v2o,44,1,0.776852,0.61,9.1594,0.266,9.159,3.132,0.15,af3,msa_notemplate
3v2o,44,2,0.789515,0.66,9.1512,0.275,9.151,3.123,0.175,af3,msa_notemplate
3v2o,44,3,0.784593,0.64,9.0391,0.27,9.039,3.093,0.15,af3,msa_notemplate
3v2o,44,4,0.765545,0.62,9.1731,0.266,9.173,3.146,0.15,af3,msa_notemplate
3wgx,42,0,0.8454200000000001,0.87,2.7661,0.779,2.766,1.128,0.794,af3,msa_notemplate
3wgx,42,1,0.8633799999999999,0.9,0.6294,0.934,0.629,0.332,0.853,af3,msa_notemplate
3wgx,42,2,0.87212,0.9,1.0503,0.924,1.05,0.485,0.882,af3,msa_notemplate
3wgx,42,3,0.857637,0.9,1.1858,0.888,1.186,0.526,0.794,af3,msa_notemplate
3wgx,42,4,0.871924,0.9,1.7364,0.871,1.736,0.749,0.853,af3,msa_notemplate
3wgx,43,0,0.876306,0.91,1.2421,0.903,1.242,0.559,0.853,af3,msa_notemplate
3wgx,43,1,0.8576980000000001,0.9,2.1549,0.814,2.155,0.893,0.765,af3,msa_notemplate
3wgx,43,2,0.874806,0.91,1.12,0.923,1.12,0.494,0.882,af3,msa_notemplate
3wgx,43,3,0.855602,0.89,2.1552,0.816,2.155,0.879,0.765,af3,msa_notemplate
3wgx,43,4,0.86029,0.9,1.5613,0.865,1.561,0.667,0.794,af3,msa_notemplate
3wgx,44,0,0.875261,0.91,1.3949,0.905,1.395,0.609,0.882,af3,msa_notemplate
3wgx,44,1,0.8511,0.89,2.2702,0.805,2.27,0.943,0.765,af3,msa_notemplate
3wgx,44,2,0.870386,0.9,1.6129,0.89,1.613,0.7,0.882,af3,msa_notemplate
3wgx,44,3,0.8528239999999999,0.89,2.6657,0.778,2.666,1.082,0.765,af3,msa_notemplate
3wgx,44,4,0.858243,0.89,0.6187,0.952,0.619,0.343,0.912,af3,msa_notemplate
3zrj,42,0,0.763413,0.58,1.8756,0.817,1.876,1.08,0.839,af3,msa_notemplate
3zrj,42,1,0.783006,0.59,2.6531,0.777,2.653,1.358,0.871,af3,msa_notemplate
3zrj,42,2,0.781391,0.61,2.6141,0.772,2.614,1.321,0.839,af3,msa_notemplate
3zrj,42,3,0.795417,0.67,2.5505,0.775,2.551,1.308,0.839,af3,msa_notemplate
3zrj,42,4,0.787068,0.62,2.643,0.782,2.643,1.325,0.871,af3,msa_notemplate
3zrj,43,0,0.7968189999999999,0.62,2.4093,0.786,2.409,1.239,0.839,af3,msa_notemplate
3zrj,43,1,0.783145,0.62,2.7241,0.736,2.724,1.421,0.774,af3,msa_notemplate
3zrj,43,2,0.79463,0.68,2.7793,0.783,2.779,1.377,0.903,af3,msa_notemplate
3zrj,43,3,0.808908,0.67,1.4957,0.871,1.496,0.963,0.935,af3,msa_notemplate
3zrj,43,4,0.798996,0.66,2.2705,0.8,2.271,1.233,0.871,af3,msa_notemplate
3zrj,44,0,0.7794960000000001,0.61,2.4614,0.809,2.461,1.302,0.935,af3,msa_notemplate
3zrj,44,1,0.8096840000000001,0.69,2.7074,0.76,2.707,1.406,0.839,af3,msa_notemplate
3zrj,44,2,0.783783,0.64,2.7849,0.756,2.785,1.423,0.839,af3,msa_notemplate
3zrj,44,3,0.8050849999999999,0.7,2.2309,0.794,2.231,1.207,0.839,af3,msa_notemplate
3zrj,44,4,0.790556,0.66,2.5818,0.769,2.582,1.352,0.839,af3,msa_notemplate
4a2a,42,0,0.915605,0.96,0.514,0.947,0.514,0.342,0.895,af3,msa_notemplate
4a2a,42,1,0.907209,0.95,0.5458,0.928,0.546,0.359,0.842,af3,msa_notemplate
4a2a,42,2,0.914274,0.96,0.608,0.947,0.608,0.339,0.895,af3,msa_notemplate
4a2a,42,3,0.908679,0.95,0.6393,0.957,0.639,0.328,0.921,af3,msa_notemplate
4a2a,42,4,0.909353,0.96,0.5439,0.939,0.544,0.332,0.868,af3,msa_notemplate
4a2a,43,0,0.904322,0.95,0.9292,0.902,0.929,0.416,0.789,af3,msa_notemplate
4a2a,43,1,0.905222,0.96,0.7451,0.932,0.745,0.396,0.868,af3,msa_notemplate
4a2a,43,2,0.904042,0.95,0.9051,0.906,0.905,0.459,0.816,af3,msa_notemplate
4a2a,43,3,0.9090640000000001,0.95,0.8619,0.919,0.862,0.341,0.816,af3,msa_notemplate
4a2a,43,4,0.902384,0.95,0.7459,0.936,0.746,0.358,0.868,af3,msa_notemplate
4a2a,44,0,0.915736,0.96,0.5573,0.959,0.557,0.304,0.921,af3,msa_notemplate
4a2a,44,1,0.917358,0.96,0.6595,0.944,0.66,0.366,0.895,af3,msa_notemplate
4a2a,44,2,0.917824,0.96,0.599,0.927,0.599,0.369,0.842,af3,msa_notemplate
4a2a,44,3,0.916263,0.96,0.8849,0.945,0.885,0.344,0.895,af3,msa_notemplate
4a2a,44,4,0.910671,0.95,0.8427,0.961,0.843,0.355,0.947,af3,msa_notemplate
4bt9,42,0,0.8325400000000001,0.79,3.472,0.866,3.472,0.726,0.931,af3,msa_notemplate
4bt9,42,1,0.825529,0.77,2.5142,0.887,2.514,0.727,0.931,af3,msa_notemplate
4bt9,42,2,0.837496,0.78,2.7089,0.88,2.709,0.745,0.931,af3,msa_notemplate
4bt9,42,3,0.830884,0.78,3.1577,0.875,3.158,0.713,0.931,af3,msa_notemplate
4bt9,42,4,0.598049,0.6,3.9478,0.655,3.948,1.336,0.586,af3,msa_notemplate
4bt9,43,0,0.8258669999999999,0.78,2.6333,0.889,2.633,0.695,0.931,af3,msa_notemplate
4bt9,43,1,0.835689,0.79,5.0549,0.83,5.055,0.702,0.931,af3,msa_notemplate
4bt9,43,2,0.605158,0.53,15.3401,0.19,15.34,6.004,0.276,af3,msa_notemplate
4bt9,43,3,0.832407,0.78,2.8369,0.885,2.837,0.691,0.931,af3,msa_notemplate
4bt9,43,4,0.837324,0.8,3.2349,0.859,3.235,0.812,0.931,af3,msa_notemplate
4bt9,44,0,0.587193,0.49,15.2768,0.179,15.277,5.974,0.241,af3,msa_notemplate
4bt9,44,1,0.825424,0.8,3.6609,0.861,3.661,0.73,0.931,af3,msa_notemplate
4bt9,44,2,0.8258,0.78,3.0733,0.883,3.073,0.669,0.931,af3,msa_notemplate
4bt9,44,3,0.804933,0.76,3.5613,0.868,3.561,0.694,0.931,af3,msa_notemplate
4bt9,44,4,0.812136,0.75,3.8849,0.864,3.885,0.667,0.931,af3,msa_notemplate
4c5a,42,0,0.512509,0.57,58.9783,0.009,58.978,18.874,0.0,af3,msa_notemplate
4c5a,42,1,0.44728700000000005,0.5,54.498,0.01,54.498,18.331,0.0,af3,msa_notemplate
4c5a,42,2,0.542339,0.65,32.5842,0.028,32.584,10.829,0.0,af3,msa_notemplate
4c5a,42,3,0.5163519999999999,0.53,68.6407,0.007,68.641,22.195,0.0,af3,msa_notemplate
4c5a,42,4,0.415584,0.51,35.6493,0.023,35.649,11.568,0.0,af3,msa_notemplate
4c5a,43,0,0.5549810000000001,0.65,33.9758,0.026,33.976,10.81,0.0,af3,msa_notemplate
4c5a,43,1,0.534157,0.65,69.6261,0.006,69.626,22.391,0.0,af3,msa_notemplate
4c5a,43,2,0.483275,0.48,57.6891,0.009,57.689,19.19,0.0,af3,msa_notemplate
4c5a,43,3,0.42306699999999997,0.39,57.3682,0.009,57.368,19.429,0.0,af3,msa_notemplate
4c5a,43,4,0.438491,0.45,37.236,0.022,37.236,11.836,0.0,af3,msa_notemplate
4c5a,44,0,0.42666,0.25,53.4641,0.01,53.464,18.18,0.0,af3,msa_notemplate
4c5a,44,1,0.45155999999999996,0.54,50.4226,0.012,50.423,15.783,0.0,af3,msa_notemplate
4c5a,44,2,0.49777,0.6,34.2854,0.025,34.285,10.96,0.0,af3,msa_notemplate
4c5a,44,3,0.60629,0.78,39.1886,0.019,39.189,13.349,0.0,af3,msa_notemplate
4c5a,44,4,0.532749,0.64,65.5041,0.007,65.504,20.959,0.0,af3,msa_notemplate
4dg3,42,0,0.9263819999999999,0.96,0.7043,0.926,0.704,0.611,0.928,af3,msa_notemplate
4dg3,42,1,0.911683,0.96,0.8312,0.916,0.831,0.572,0.884,af3,msa_notemplate
4dg3,42,2,0.925538,0.97,0.4889,0.955,0.489,0.467,0.957,af3,msa_notemplate
4dg3,42,3,0.927243,0.96,0.4923,0.935,0.492,0.51,0.913,af3,msa_notemplate
4dg3,42,4,0.9269280000000001,0.96,0.6995,0.928,0.699,0.558,0.913,af3,msa_notemplate
4dg3,43,0,0.9286249999999999,0.96,0.6331,0.927,0.633,0.57,0.913,af3,msa_notemplate
4dg3,43,1,0.9292159999999999,0.96,0.5957,0.924,0.596,0.558,0.899,af3,msa_notemplate
4dg3,43,2,0.929114,0.97,0.6532,0.928,0.653,0.602,0.928,af3,msa_notemplate
4dg3,43,3,0.928682,0.97,0.4842,0.94,0.484,0.469,0.913,af3,msa_notemplate
4dg3,43,4,0.92917,0.96,0.6229,0.932,0.623,0.567,0.928,af3,msa_notemplate
4dg3,44,0,0.9231919999999999,0.96,0.7418,0.923,0.742,0.599,0.913,af3,msa_notemplate
4dg3,44,1,0.929319,0.96,0.6835,0.927,0.683,0.572,0.913,af3,msa_notemplate
4dg3,44,2,0.932256,0.97,0.6939,0.914,0.694,0.627,0.899,af3,msa_notemplate
4dg3,44,3,0.9304680000000001,0.97,0.6013,0.931,0.601,0.539,0.913,af3,msa_notemplate
4dg3,44,4,0.927154,0.96,0.6732,0.936,0.673,0.533,0.928,af3,msa_notemplate
4ep2,42,0,0.598518,0.62,1.057,0.938,1.057,0.384,0.892,af3,msa_notemplate
4ep2,42,1,0.652912,0.67,12.7556,0.207,12.756,3.548,0.162,af3,msa_notemplate
4ep2,42,2,0.6574519999999999,0.68,12.7781,0.207,12.778,3.554,0.162,af3,msa_notemplate
4ep2,42,3,0.65498,0.67,12.8353,0.206,12.835,3.572,0.162,af3,msa_notemplate
4ep2,42,4,0.6542629999999999,0.69,12.7695,0.207,12.769,3.546,0.162,af3,msa_notemplate
4ep2,43,0,0.645007,0.67,12.7748,0.207,12.775,3.545,0.162,af3,msa_notemplate
4ep2,43,1,0.492642,0.49,1.743,0.852,1.743,0.551,0.716,af3,msa_notemplate
4ep2,43,2,0.644905,0.67,12.7467,0.207,12.747,3.546,0.162,af3,msa_notemplate
4ep2,43,3,0.647722,0.67,12.8911,0.205,12.891,3.585,0.162,af3,msa_notemplate
4ep2,43,4,0.651373,0.68,12.8629,0.205,12.863,3.571,0.162,af3,msa_notemplate
4ep2,44,0,0.638373,0.66,12.8801,0.205,12.88,3.583,0.162,af3,msa_notemplate
4ep2,44,1,0.643418,0.67,12.8073,0.206,12.807,3.561,0.162,af3,msa_notemplate
4ep2,44,2,0.6046050000000001,0.62,0.8635,0.947,0.864,0.359,0.905,af3,msa_notemplate
4ep2,44,3,0.647317,0.68,12.836,0.206,12.836,3.564,0.162,af3,msa_notemplate
4ep2,44,4,0.646168,0.67,12.7806,0.207,12.781,3.554,0.162,af3,msa_notemplate
4fii,42,0,0.897354,0.96,0.8487,0.955,0.849,0.496,0.974,af3,msa_notemplate
4fii,42,1,0.905096,0.95,0.8652,0.926,0.865,0.589,0.921,af3,msa_notemplate
4fii,42,2,0.9035080000000001,0.96,0.8334,0.938,0.833,0.568,0.947,af3,msa_notemplate
4fii,42,3,0.9102419999999999,0.96,0.9426,0.921,0.943,0.687,0.947,af3,msa_notemplate
4fii,42,4,0.914556,0.96,0.8158,0.929,0.816,0.634,0.947,af3,msa_notemplate
4fii,43,0,0.9029699999999999,0.96,0.9698,0.928,0.97,0.563,0.921,af3,msa_notemplate
4fii,43,1,0.9100839999999999,0.96,0.7781,0.933,0.778,0.608,0.947,af3,msa_notemplate
4fii,43,2,0.911674,0.96,0.9409,0.921,0.941,0.621,0.921,af3,msa_notemplate
4fii,43,3,0.9104779999999999,0.96,0.8284,0.925,0.828,0.595,0.921,af3,msa_notemplate
4fii,43,4,0.913104,0.96,0.8142,0.92,0.814,0.632,0.921,af3,msa_notemplate
4fii,44,0,0.9123300000000001,0.96,0.8201,0.92,0.82,0.637,0.921,af3,msa_notemplate
4fii,44,1,0.908928,0.96,0.7647,0.924,0.765,0.605,0.921,af3,msa_notemplate
4fii,44,2,0.903922,0.95,0.8824,0.932,0.882,0.54,0.921,af3,msa_notemplate
4fii,44,3,0.907404,0.95,0.8971,0.938,0.897,0.561,0.947,af3,msa_notemplate
4fii,44,4,0.9073399999999999,0.96,0.9226,0.924,0.923,0.596,0.921,af3,msa_notemplate
4gq6,42,0,0.862716,0.93,1.5439,0.907,1.544,0.559,0.875,af3,msa_notemplate
4gq6,42,1,0.8898480000000001,0.95,1.7062,0.882,1.706,0.641,0.839,af3,msa_notemplate
4gq6,42,2,0.8652719999999999,0.94,1.2661,0.919,1.266,0.539,0.893,af3,msa_notemplate
4gq6,42,3,0.895686,0.96,1.5604,0.906,1.56,0.515,0.857,af3,msa_notemplate
4gq6,42,4,0.880158,0.95,1.8704,0.891,1.87,0.648,0.875,af3,msa_notemplate
4gq6,43,0,0.9030320000000001,0.96,1.8545,0.899,1.854,0.631,0.893,af3,msa_notemplate
4gq6,43,1,0.8947769999999999,0.95,1.6437,0.894,1.644,0.645,0.875,af3,msa_notemplate
4gq6,43,2,0.8979259999999999,0.96,1.8351,0.896,1.835,0.613,0.875,af3,msa_notemplate
4gq6,43,3,0.89152,0.95,2.2167,0.876,2.217,0.711,0.875,af3,msa_notemplate
4gq6,43,4,0.9005620000000001,0.96,1.7067,0.903,1.707,0.571,0.875,af3,msa_notemplate
4gq6,44,0,0.8990739999999999,0.96,2.1039,0.875,2.104,0.731,0.875,af3,msa_notemplate
4gq6,44,1,0.88888,0.95,1.7506,0.891,1.751,0.66,0.875,af3,msa_notemplate
4gq6,44,2,0.897603,0.96,2.0079,0.88,2.008,0.665,0.857,af3,msa_notemplate
4gq6,44,3,0.899058,0.96,1.9052,0.894,1.905,0.616,0.875,af3,msa_notemplate
4gq6,44,4,0.89377,0.96,1.8,0.891,1.8,0.605,0.857,af3,msa_notemplate
4hdq,42,0,0.823565,0.93,3.0636,0.783,3.064,1.231,0.867,af3,msa_notemplate
4hdq,42,1,0.828704,0.93,2.5899,0.793,2.59,1.145,0.833,af3,msa_notemplate
4hdq,42,2,0.8327460000000001,0.95,2.8604,0.794,2.86,1.182,0.867,af3,msa_notemplate
4hdq,42,3,0.8280299999999999,0.93,2.7663,0.797,2.766,1.174,0.867,af3,msa_notemplate
4hdq,42,4,0.8247410000000001,0.93,2.9359,0.791,2.936,1.19,0.867,af3,msa_notemplate
4hdq,43,0,0.82562,0.93,2.7362,0.796,2.736,1.183,0.867,af3,msa_notemplate
4hdq,43,1,0.828002,0.94,2.9863,0.788,2.986,1.204,0.867,af3,msa_notemplate
4hdq,43,2,0.823333,0.93,2.5065,0.794,2.506,1.151,0.833,af3,msa_notemplate
4hdq,43,3,0.830635,0.95,2.5702,0.793,2.57,1.151,0.833,af3,msa_notemplate
4hdq,43,4,0.8309690000000001,0.94,2.8325,0.781,2.832,1.199,0.833,af3,msa_notemplate
4hdq,44,0,0.8212430000000001,0.92,1.9882,0.826,1.988,1.07,0.867,af3,msa_notemplate
4hdq,44,1,0.82443,0.93,2.6147,0.812,2.615,1.17,0.9,af3,msa_notemplate
4hdq,44,2,0.8176519999999999,0.93,2.3547,0.823,2.355,1.124,0.9,af3,msa_notemplate
4hdq,44,3,0.825631,0.93,2.7639,0.807,2.764,1.186,0.9,af3,msa_notemplate
4hdq,44,4,0.8262520000000001,0.94,2.9398,0.81,2.94,1.217,0.933,af3,msa_notemplate
4hom,42,0,0.481725,0.77,9.6149,0.343,9.615,2.597,0.341,af3,msa_notemplate
4hom,42,1,0.45891800000000005,0.74,8.4205,0.352,8.42,2.381,0.268,af3,msa_notemplate
4hom,42,2,0.527617,0.83,9.3063,0.344,9.306,2.523,0.317,af3,msa_notemplate
4hom,42,3,0.527338,0.84,8.1531,0.39,8.153,2.244,0.341,af3,msa_notemplate
4hom,42,4,0.420774,0.69,7.7717,0.4,7.772,2.101,0.317,af3,msa_notemplate
4hom,43,0,0.448489,0.76,7.395,0.406,7.395,2.018,0.293,af3,msa_notemplate
4hom,43,1,0.43757399999999996,0.73,8.5311,0.362,8.531,2.317,0.293,af3,msa_notemplate
4hom,43,2,0.486093,0.79,8.3229,0.375,8.323,2.308,0.317,af3,msa_notemplate
4hom,43,3,0.5291440000000001,0.86,7.9735,0.455,7.973,2.125,0.5,af3,msa_notemplate
4hom,43,4,0.458658,0.73,9.463,0.347,9.463,2.575,0.341,af3,msa_notemplate
4hom,44,0,0.498508,0.81,8.3276,0.386,8.328,2.201,0.329,af3,msa_notemplate
4hom,44,1,0.48044800000000004,0.8,7.7115,0.426,7.711,2.033,0.378,af3,msa_notemplate
4hom,44,2,0.49355400000000005,0.81,8.1007,0.38,8.101,2.231,0.305,af3,msa_notemplate
4hom,44,3,0.45919600000000005,0.76,8.3628,0.406,8.363,2.257,0.402,af3,msa_notemplate
4hom,44,4,0.41572699999999996,0.69,10.0538,0.311,10.054,2.701,0.28,af3,msa_notemplate
4iga,42,0,0.7400950000000001,0.65,13.8715,0.141,13.871,7.448,0.111,af3,msa_notemplate
4iga,42,1,0.683909,0.54,14.2131,0.137,14.213,7.599,0.111,af3,msa_notemplate
4iga,42,2,0.684649,0.53,10.266,0.216,10.266,5.252,0.167,af3,msa_notemplate
4iga,42,3,0.715128,0.53,14.3303,0.127,14.33,7.743,0.083,af3,msa_notemplate
4iga,42,4,0.674105,0.45,11.7215,0.164,11.721,5.783,0.083,af3,msa_notemplate
4iga,43,0,0.954925,0.94,0.6822,0.954,0.682,0.434,0.944,af3,msa_notemplate
4iga,43,1,0.953118,0.94,0.6218,0.968,0.622,0.39,0.972,af3,msa_notemplate
4iga,43,2,0.95377,0.94,0.6067,0.967,0.607,0.397,0.972,af3,msa_notemplate
4iga,43,3,0.954963,0.94,0.6217,0.964,0.622,0.426,0.972,af3,msa_notemplate
4iga,43,4,0.955052,0.94,0.673,0.958,0.673,0.395,0.944,af3,msa_notemplate
4iga,44,0,0.95521,0.94,0.607,0.967,0.607,0.402,0.972,af3,msa_notemplate
4iga,44,1,0.952582,0.94,0.5843,0.96,0.584,0.379,0.944,af3,msa_notemplate
4iga,44,2,0.9567650000000001,0.94,0.6221,0.966,0.622,0.411,0.972,af3,msa_notemplate
4iga,44,3,0.9568949999999999,0.95,0.6054,0.966,0.605,0.407,0.972,af3,msa_notemplate
4iga,44,4,0.954223,0.94,0.5985,0.968,0.598,0.391,0.972,af3,msa_notemplate
4j2c,42,0,0.882957,0.85,0.622,0.905,0.622,0.806,0.943,af3,msa_notemplate
4j2c,42,1,0.876487,0.85,0.9998,0.908,1.0,0.759,0.943,af3,msa_notemplate
4j2c,42,2,0.8829389999999999,0.86,0.5935,0.88,0.593,0.979,0.943,af3,msa_notemplate
4j2c,42,3,0.880318,0.86,0.6958,0.9,0.696,0.898,0.971,af3,msa_notemplate
4j2c,42,4,0.8865479999999999,0.87,0.5869,0.926,0.587,0.655,0.943,af3,msa_notemplate
4j2c,43,0,0.893102,0.87,0.8099,0.93,0.81,0.617,0.943,af3,msa_notemplate
4j2c,43,1,0.880659,0.85,0.6839,0.891,0.684,0.895,0.943,af3,msa_notemplate
4j2c,43,2,0.8879349999999999,0.87,0.8751,0.891,0.875,0.891,0.943,af3,msa_notemplate
4j2c,43,3,0.889979,0.87,0.836,0.862,0.836,1.025,0.914,af3,msa_notemplate
4j2c,43,4,0.8854259999999999,0.86,0.9911,0.873,0.991,1.007,0.943,af3,msa_notemplate
4j2c,44,0,0.874892,0.85,0.7157,0.898,0.716,0.914,0.971,af3,msa_notemplate
4j2c,44,1,0.883715,0.87,0.7382,0.89,0.738,0.898,0.943,af3,msa_notemplate
4j2c,44,2,0.876548,0.86,0.6127,0.911,0.613,0.831,0.971,af3,msa_notemplate
4j2c,44,3,0.8794379999999999,0.86,1.1465,0.849,1.146,1.171,0.943,af3,msa_notemplate
4j2c,44,4,0.8849469999999999,0.87,0.6979,0.918,0.698,0.777,0.971,af3,msa_notemplate
4j8b,42,0,0.686236,0.81,1.1977,0.937,1.198,0.43,0.906,af3,msa_notemplate
4j8b,42,1,0.6892480000000001,0.82,1.0124,0.935,1.012,0.366,0.875,af3,msa_notemplate
4j8b,42,2,0.686254,0.8,1.1312,0.953,1.131,0.383,0.938,af3,msa_notemplate
4j8b,42,3,0.68699,0.8,0.899,0.939,0.899,0.335,0.875,af3,msa_notemplate
4j8b,42,4,0.694986,0.82,1.0045,0.957,1.005,0.351,0.938,af3,msa_notemplate
4j8b,43,0,0.588202,0.72,1.8873,0.853,1.887,0.616,0.75,af3,msa_notemplate
4j8b,43,1,0.633168,0.82,1.6611,0.889,1.661,0.526,0.812,af3,msa_notemplate
4j8b,43,2,0.594422,0.75,1.1402,0.942,1.14,0.385,0.906,af3,msa_notemplate
4j8b,43,3,0.62981,0.81,1.1673,0.94,1.167,0.405,0.906,af3,msa_notemplate
4j8b,43,4,0.590154,0.74,1.6138,0.899,1.614,0.529,0.844,af3,msa_notemplate
4j8b,44,0,0.6311180000000001,0.76,1.4739,0.907,1.474,0.483,0.844,af3,msa_notemplate
4j8b,44,1,0.587746,0.75,4.9043,0.63,4.904,1.457,0.625,af3,msa_notemplate
4j8b,44,2,0.61795,0.75,1.4724,0.907,1.472,0.486,0.844,af3,msa_notemplate
4j8b,44,3,0.5899519999999999,0.76,6.2381,0.506,6.238,1.835,0.469,af3,msa_notemplate
4j8b,44,4,0.62259,0.76,1.2635,0.925,1.263,0.438,0.875,af3,msa_notemplate
4leb,42,0,0.876652,0.91,3.5466,0.815,3.547,1.242,1.0,af3,msa_notemplate
4leb,42,1,0.86614,0.9,3.5005,0.818,3.501,1.227,1.0,af3,msa_notemplate
4leb,42,2,0.8708499999999999,0.91,3.4936,0.819,3.494,1.223,1.0,af3,msa_notemplate
4leb,42,3,0.864148,0.89,3.3832,0.821,3.383,1.227,1.0,af3,msa_notemplate
4leb,42,4,0.87901,0.92,3.414,0.819,3.414,1.234,1.0,af3,msa_notemplate
4leb,43,0,0.875084,0.91,3.3967,0.809,3.397,1.237,0.971,af3,msa_notemplate
4leb,43,1,0.872564,0.91,3.5012,0.817,3.501,1.233,1.0,af3,msa_notemplate
4leb,43,2,0.875286,0.9,3.4939,0.815,3.494,1.251,1.0,af3,msa_notemplate
4leb,43,3,0.8729640000000001,0.91,3.4532,0.82,3.453,1.218,1.0,af3,msa_notemplate
4leb,43,4,0.865158,0.89,3.5205,0.818,3.521,1.22,1.0,af3,msa_notemplate
4leb,44,0,0.877726,0.91,3.4793,0.82,3.479,1.213,1.0,af3,msa_notemplate
4leb,44,1,0.86858,0.9,3.4356,0.821,3.436,1.215,1.0,af3,msa_notemplate
4leb,44,2,0.8753660000000001,0.91,3.3693,0.822,3.369,1.221,1.0,af3,msa_notemplate
4leb,44,3,0.868698,0.91,3.4921,0.808,3.492,1.231,0.971,af3,msa_notemplate
4leb,44,4,0.8645499999999999,0.9,3.514,0.816,3.514,1.243,1.0,af3,msa_notemplate
4lk9,42,0,0.896451,0.9,2.1436,0.791,2.144,1.185,0.816,af3,msa_notemplate
4lk9,42,1,0.887703,0.89,1.0243,0.844,1.024,0.91,0.816,af3,msa_notemplate
4lk9,42,2,0.887006,0.89,2.6429,0.743,2.643,1.383,0.776,af3,msa_notemplate
4lk9,42,3,0.8861589999999999,0.9,1.4804,0.824,1.48,0.971,0.796,af3,msa_notemplate
4lk9,42,4,0.866176,0.87,1.9558,0.792,1.956,1.248,0.837,af3,msa_notemplate
4lk9,43,0,0.904546,0.91,0.511,0.85,0.511,0.801,0.776,af3,msa_notemplate
4lk9,43,1,0.877158,0.89,1.34,0.85,1.34,0.893,0.837,af3,msa_notemplate
4lk9,43,2,0.88878,0.89,0.8252,0.842,0.825,0.892,0.796,af3,msa_notemplate
4lk9,43,3,0.907022,0.91,1.5391,0.824,1.539,1.009,0.816,af3,msa_notemplate
4lk9,43,4,0.870084,0.87,2.0157,0.793,2.016,1.133,0.796,af3,msa_notemplate
4lk9,44,0,0.902581,0.9,2.1761,0.787,2.176,1.211,0.816,af3,msa_notemplate
4lk9,44,1,0.897227,0.9,2.0196,0.796,2.02,1.16,0.816,af3,msa_notemplate
4lk9,44,2,0.8634860000000001,0.88,1.4725,0.806,1.472,1.049,0.776,af3,msa_notemplate
4lk9,44,3,0.8854770000000001,0.89,0.9234,0.83,0.923,0.97,0.796,af3,msa_notemplate
4lk9,44,4,0.884388,0.89,1.9759,0.791,1.976,1.202,0.816,af3,msa_notemplate
4lzf,42,0,0.8202320000000001,0.8,5.0408,0.696,5.041,1.594,0.879,af3,msa_notemplate
4lzf,42,1,0.820381,0.8,2.857,0.824,2.857,0.923,0.848,af3,msa_notemplate
4lzf,42,2,0.843473,0.83,4.1754,0.767,4.175,1.261,0.909,af3,msa_notemplate
4lzf,42,3,0.816592,0.79,5.4249,0.655,5.425,1.605,0.788,af3,msa_notemplate
4lzf,42,4,0.8301090000000001,0.82,4.9922,0.689,4.992,1.574,0.848,af3,msa_notemplate
4lzf,43,0,0.823388,0.8,2.8423,0.807,2.842,0.977,0.818,af3,msa_notemplate
4lzf,43,1,0.828395,0.81,2.5241,0.848,2.524,0.877,0.879,af3,msa_notemplate
4lzf,43,2,0.846509,0.86,4.7229,0.645,4.723,1.899,0.788,af3,msa_notemplate
4lzf,43,3,0.817445,0.79,2.4814,0.891,2.481,0.647,0.909,af3,msa_notemplate
4lzf,43,4,0.808295,0.78,2.9159,0.832,2.916,1.001,0.909,af3,msa_notemplate
4lzf,44,0,0.821037,0.8,2.6623,0.785,2.662,0.87,0.697,af3,msa_notemplate
4lzf,44,1,0.83301,0.81,5.8136,0.627,5.814,1.787,0.788,af3,msa_notemplate
4lzf,44,2,0.818631,0.78,5.4966,0.659,5.497,1.746,0.848,af3,msa_notemplate
4lzf,44,3,0.8046850000000001,0.77,5.8775,0.658,5.878,1.657,0.848,af3,msa_notemplate
4lzf,44,4,0.832137,0.81,3.3853,0.753,3.385,1.283,0.818,af3,msa_notemplate
4m5s,42,0,0.9075270000000001,0.86,2.2358,0.888,2.236,0.746,0.927,af3,msa_notemplate
4m5s,42,1,0.917068,0.86,1.752,0.926,1.752,0.521,0.927,af3,msa_notemplate
4m5s,42,2,0.913957,0.87,1.8663,0.931,1.866,0.594,0.976,af3,msa_notemplate
4m5s,42,3,0.915106,0.87,1.7169,0.936,1.717,0.574,0.976,af3,msa_notemplate
4m5s,42,4,0.9190900000000001,0.87,2.0457,0.909,2.046,0.621,0.927,af3,msa_notemplate
4m5s,43,0,0.9185840000000001,0.87,2.1115,0.903,2.112,0.711,0.951,af3,msa_notemplate
4m5s,43,1,0.925061,0.88,1.9045,0.93,1.904,0.6,0.976,af3,msa_notemplate
4m5s,43,2,0.910657,0.86,2.1599,0.896,2.16,0.7,0.927,af3,msa_notemplate
4m5s,43,3,0.919243,0.87,1.7942,0.92,1.794,0.562,0.927,af3,msa_notemplate
4m5s,43,4,0.9311400000000001,0.89,1.7985,0.921,1.798,0.553,0.927,af3,msa_notemplate
4m5s,44,0,0.9239459999999999,0.87,1.9131,0.912,1.913,0.61,0.927,af3,msa_notemplate
4m5s,44,1,0.918496,0.87,1.837,0.913,1.837,0.613,0.927,af3,msa_notemplate
4m5s,44,2,0.923443,0.87,1.69,0.921,1.69,0.568,0.927,af3,msa_notemplate
4m5s,44,3,0.9240619999999999,0.87,1.9362,0.907,1.936,0.647,0.927,af3,msa_notemplate
4m5s,44,4,0.92888,0.88,2.2754,0.892,2.275,0.769,0.951,af3,msa_notemplate
4m91,42,0,0.790186,0.78,3.7491,0.716,3.749,1.384,0.769,af3,msa_notemplate
4m91,42,1,0.804744,0.8,3.0104,0.769,3.01,1.103,0.769,af3,msa_notemplate
4m91,42,2,0.795652,0.8,3.3616,0.746,3.362,1.212,0.769,af3,msa_notemplate
4m91,42,3,0.801872,0.8,3.0948,0.748,3.095,1.145,0.731,af3,msa_notemplate
4m91,42,4,0.80184,0.79,3.1903,0.738,3.19,1.204,0.731,af3,msa_notemplate
4m91,43,0,0.792308,0.79,2.8355,0.79,2.835,1.069,0.808,af3,msa_notemplate
4m91,43,1,0.79781,0.8,3.4166,0.71,3.417,1.284,0.692,af3,msa_notemplate
4m91,43,2,0.7991459999999999,0.8,3.1745,0.743,3.175,1.176,0.731,af3,msa_notemplate
4m91,43,3,0.7950119999999999,0.79,2.9935,0.767,2.993,1.122,0.769,af3,msa_notemplate
4m91,43,4,0.826948,0.84,3.1051,0.758,3.105,1.17,0.769,af3,msa_notemplate
4m91,44,0,0.799764,0.8,3.0855,0.746,3.085,1.167,0.731,af3,msa_notemplate
4m91,44,1,0.808892,0.82,3.3183,0.762,3.318,1.196,0.808,af3,msa_notemplate
4m91,44,2,0.795696,0.8,3.3035,0.757,3.304,1.237,0.808,af3,msa_notemplate
4m91,44,3,0.799822,0.8,3.0946,0.773,3.095,1.15,0.808,af3,msa_notemplate
4m91,44,4,0.805458,0.81,3.2112,0.712,3.211,1.207,0.654,af3,msa_notemplate
4mvi,42,0,0.715044,0.81,4.7378,0.465,4.738,2.796,0.41,af3,msa_notemplate
4mvi,42,1,0.73251,0.82,5.6292,0.444,5.629,2.757,0.41,af3,msa_notemplate
4mvi,42,2,0.720956,0.8,4.321,0.488,4.321,2.657,0.426,af3,msa_notemplate
4mvi,42,3,0.7050719999999999,0.79,4.5017,0.496,4.502,2.495,0.443,af3,msa_notemplate
4mvi,42,4,0.700134,0.78,5.0843,0.466,5.084,2.584,0.41,af3,msa_notemplate
4mvi,43,0,0.7106279999999999,0.79,4.2629,0.489,4.263,2.664,0.426,af3,msa_notemplate
4mvi,43,1,0.722797,0.8,5.0818,0.453,5.082,2.745,0.393,af3,msa_notemplate
4mvi,43,2,0.731624,0.81,4.2769,0.5,4.277,2.437,0.426,af3,msa_notemplate
4mvi,43,3,0.70395,0.79,4.1475,0.511,4.147,2.386,0.443,af3,msa_notemplate
4mvi,43,4,0.725869,0.81,4.512,0.493,4.512,2.349,0.41,af3,msa_notemplate
4mvi,44,0,0.732099,0.83,5.4659,0.455,5.466,2.732,0.426,af3,msa_notemplate
4mvi,44,1,0.7237210000000001,0.81,4.8675,0.455,4.868,2.831,0.393,af3,msa_notemplate
4mvi,44,2,0.7294750000000001,0.82,4.7795,0.476,4.78,2.647,0.426,af3,msa_notemplate
4mvi,44,3,0.7191960000000001,0.8,4.4679,0.484,4.468,2.656,0.426,af3,msa_notemplate
4mvi,44,4,0.724472,0.82,5.097,0.473,5.097,2.452,0.41,af3,msa_notemplate
4nuu,42,0,0.747111,0.8,1.4435,0.654,1.444,2.764,0.763,af3,msa_notemplate
4nuu,42,1,0.749807,0.78,1.108,0.65,1.108,2.394,0.684,af3,msa_notemplate
4nuu,42,2,0.7767189999999999,0.85,2.0631,0.63,2.063,2.528,0.684,af3,msa_notemplate
4nuu,42,3,0.741764,0.79,1.2439,0.628,1.244,2.621,0.658,af3,msa_notemplate
4nuu,42,4,0.753676,0.81,1.4601,0.619,1.46,2.751,0.658,af3,msa_notemplate
4nuu,43,0,0.7846989999999999,0.87,2.0269,0.611,2.027,2.75,0.658,af3,msa_notemplate
4nuu,43,1,0.763995,0.81,1.0375,0.617,1.038,2.717,0.632,af3,msa_notemplate
4nuu,43,2,0.764241,0.84,1.85,0.634,1.85,2.519,0.684,af3,msa_notemplate
4nuu,43,3,0.7479359999999999,0.81,1.1895,0.664,1.189,2.441,0.737,af3,msa_notemplate
4nuu,43,4,0.752833,0.81,1.1237,0.64,1.124,2.417,0.658,af3,msa_notemplate
4nuu,44,0,0.7401439999999999,0.77,1.0608,0.622,1.061,2.434,0.605,af3,msa_notemplate
4nuu,44,1,0.746055,0.78,1.3027,0.663,1.303,2.439,0.737,af3,msa_notemplate
4nuu,44,2,0.774323,0.83,2.017,0.647,2.017,2.538,0.737,af3,msa_notemplate
4nuu,44,3,0.737923,0.77,1.0643,0.645,1.064,2.188,0.632,af3,msa_notemplate
4nuu,44,4,0.746851,0.79,1.4457,0.646,1.446,2.756,0.737,af3,msa_notemplate
4nxr,42,0,0.9068200000000001,0.84,0.7632,0.871,0.763,1.048,0.949,af3,msa_notemplate
4nxr,42,1,0.9047329999999999,0.84,3.2688,0.711,3.269,1.602,0.795,af3,msa_notemplate
4nxr,42,2,0.9023829999999999,0.84,1.2229,0.826,1.223,1.225,0.897,af3,msa_notemplate
4nxr,42,3,0.877445,0.8,1.3411,0.825,1.341,1.224,0.897,af3,msa_notemplate
4nxr,42,4,0.896099,0.83,0.7063,0.878,0.706,0.999,0.949,af3,msa_notemplate
4nxr,43,0,0.8914719999999999,0.82,0.9507,0.852,0.951,1.109,0.923,af3,msa_notemplate
4nxr,43,1,0.910216,0.85,0.8549,0.839,0.855,1.087,0.872,af3,msa_notemplate
4nxr,43,2,0.9021210000000001,0.84,0.8371,0.825,0.837,1.256,0.897,af3,msa_notemplate
4nxr,43,3,0.8815000000000001,0.8,0.8896,0.853,0.89,1.168,0.949,af3,msa_notemplate
4nxr,43,4,0.895745,0.83,1.0409,0.875,1.041,0.944,0.923,af3,msa_notemplate
4nxr,44,0,0.888172,0.83,0.8719,0.852,0.872,1.056,0.897,af3,msa_notemplate
4nxr,44,1,0.89878,0.83,1.4143,0.828,1.414,1.124,0.872,af3,msa_notemplate
4nxr,44,2,0.87566,0.81,2.784,0.76,2.784,1.34,0.821,af3,msa_notemplate
4nxr,44,3,0.9050050000000001,0.84,0.5245,0.882,0.525,0.919,0.923,af3,msa_notemplate
4nxr,44,4,0.9005,0.85,0.9357,0.868,0.936,1.12,0.974,af3,msa_notemplate
4ny3,42,0,0.860606,0.91,2.3885,0.768,2.389,1.374,0.833,af3,msa_notemplate
4ny3,42,1,0.809832,0.87,1.6103,0.795,1.61,1.264,0.833,af3,msa_notemplate
4ny3,42,2,0.808321,0.88,1.4338,0.746,1.434,1.928,0.889,af3,msa_notemplate
4ny3,42,3,0.8642359999999999,0.92,2.5617,0.769,2.562,1.499,0.889,af3,msa_notemplate
4ny3,42,4,0.861074,0.92,2.3226,0.726,2.323,2.0,0.889,af3,msa_notemplate
4ny3,43,0,0.868889,0.93,2.1543,0.77,2.154,1.392,0.833,af3,msa_notemplate
4ny3,43,1,0.8150740000000001,0.88,2.0282,0.788,2.028,1.411,0.889,af3,msa_notemplate
4ny3,43,2,0.801128,0.87,1.9993,0.763,1.999,1.478,0.833,af3,msa_notemplate
4ny3,43,3,0.796545,0.87,1.5582,0.77,1.558,1.848,0.944,af3,msa_notemplate
4ny3,43,4,0.8068110000000001,0.88,1.8471,0.797,1.847,1.522,0.944,af3,msa_notemplate
4ny3,44,0,0.815257,0.88,1.916,0.804,1.916,1.452,0.944,af3,msa_notemplate
4ny3,44,1,0.8235129999999999,0.89,1.9547,0.809,1.955,1.405,0.944,af3,msa_notemplate
4ny3,44,2,0.806947,0.88,1.5518,0.815,1.552,1.408,0.944,af3,msa_notemplate
4ny3,44,3,0.811845,0.88,1.546,0.8,1.546,1.375,0.889,af3,msa_notemplate
4ny3,44,4,0.8106789999999999,0.88,1.4031,0.814,1.403,1.429,0.944,af3,msa_notemplate
4odk,42,0,0.51559,0.47,26.0515,0.041,26.052,9.187,0.0,af3,msa_notemplate
4odk,42,1,0.5410520000000001,0.5,26.4346,0.038,26.435,10.072,0.0,af3,msa_notemplate
4odk,42,2,0.58856,0.59,25.5862,0.041,25.586,9.434,0.0,af3,msa_notemplate
4odk,42,3,0.615692,0.63,26.1348,0.04,26.135,9.447,0.0,af3,msa_notemplate
4odk,42,4,0.593536,0.59,26.0251,0.042,26.025,8.411,0.0,af3,msa_notemplate
4odk,43,0,0.498267,0.51,25.7625,0.041,25.763,9.191,0.0,af3,msa_notemplate
4odk,43,1,0.565993,0.59,25.2168,0.044,25.217,8.403,0.0,af3,msa_notemplate
4odk,43,2,0.49453,0.45,25.9841,0.041,25.984,9.207,0.0,af3,msa_notemplate
4odk,43,3,0.50719,0.52,25.739,0.042,25.739,9.109,0.0,af3,msa_notemplate
4odk,43,4,0.5613750000000001,0.59,25.5387,0.042,25.539,8.969,0.0,af3,msa_notemplate
4odk,44,0,0.497044,0.43,25.9061,0.041,25.906,9.145,0.0,af3,msa_notemplate
4odk,44,1,0.469736,0.43,26.3877,0.041,26.388,8.903,0.0,af3,msa_notemplate
4odk,44,2,0.549833,0.53,25.3781,0.042,25.378,9.328,0.0,af3,msa_notemplate
4odk,44,3,0.5079,0.3,27.7092,0.036,27.709,10.237,0.0,af3,msa_notemplate
4odk,44,4,0.635258,0.62,27.1123,0.037,27.112,10.057,0.0,af3,msa_notemplate
4ouc,42,0,0.7079460000000001,0.84,3.3028,0.815,3.303,1.004,0.886,af3,msa_notemplate
4ouc,42,1,0.69025,0.78,2.7074,0.849,2.707,0.86,0.886,af3,msa_notemplate
4ouc,42,2,0.688648,0.8,3.0593,0.844,3.059,0.904,0.914,af3,msa_notemplate
4ouc,42,3,0.6901090000000001,0.79,2.8921,0.835,2.892,0.864,0.857,af3,msa_notemplate
4ouc,42,4,0.721931,0.84,2.4888,0.865,2.489,0.843,0.914,af3,msa_notemplate
4ouc,43,0,0.7044459999999999,0.8,2.6552,0.86,2.655,0.792,0.886,af3,msa_notemplate
4ouc,43,1,0.7041240000000001,0.79,3.0899,0.832,3.09,0.922,0.886,af3,msa_notemplate
4ouc,43,2,0.716269,0.82,3.3076,0.811,3.308,0.964,0.857,af3,msa_notemplate
4ouc,43,3,0.6833629999999999,0.8,2.0387,0.895,2.039,0.62,0.886,af3,msa_notemplate
4ouc,43,4,0.730167,0.84,2.7527,0.855,2.753,0.878,0.914,af3,msa_notemplate
4ouc,44,0,0.6981480000000001,0.79,2.6999,0.86,2.7,0.85,0.914,af3,msa_notemplate
4ouc,44,1,0.6938219999999999,0.81,3.167,0.824,3.167,0.961,0.886,af3,msa_notemplate
4ouc,44,2,0.679078,0.77,2.3039,0.879,2.304,0.706,0.886,af3,msa_notemplate
4ouc,44,3,0.704722,0.83,3.6094,0.789,3.609,1.073,0.857,af3,msa_notemplate
4ouc,44,4,0.6935850000000001,0.8,2.4448,0.866,2.445,0.778,0.886,af3,msa_notemplate
4oyk,42,0,0.853274,0.88,1.0022,0.952,1.002,0.367,0.925,af3,msa_notemplate
4oyk,42,1,0.8357330000000001,0.85,1.0347,0.939,1.035,0.403,0.9,af3,msa_notemplate
4oyk,42,2,0.83163,0.83,0.8774,0.955,0.877,0.429,0.95,af3,msa_notemplate
4oyk,42,3,0.852377,0.87,0.682,0.951,0.682,0.313,0.9,af3,msa_notemplate
4oyk,42,4,0.830883,0.85,1.3302,0.936,1.33,0.55,0.95,af3,msa_notemplate
4oyk,43,0,0.8272410000000001,0.84,0.6992,0.964,0.699,0.349,0.95,af3,msa_notemplate
4oyk,43,1,0.829367,0.84,0.7624,0.958,0.762,0.315,0.925,af3,msa_notemplate
4oyk,43,2,0.8438169999999999,0.86,0.7198,0.963,0.72,0.355,0.95,af3,msa_notemplate
4oyk,43,3,0.8398730000000001,0.85,0.9579,0.95,0.958,0.387,0.925,af3,msa_notemplate
4oyk,43,4,0.832441,0.85,1.0325,0.951,1.032,0.448,0.95,af3,msa_notemplate
4oyk,44,0,0.8347239999999999,0.83,0.7131,0.969,0.713,0.286,0.95,af3,msa_notemplate
4oyk,44,1,0.830684,0.83,1.1792,0.931,1.179,0.539,0.925,af3,msa_notemplate
4oyk,44,2,0.8445990000000001,0.85,1.2576,0.932,1.258,0.519,0.925,af3,msa_notemplate
4oyk,44,3,0.827814,0.84,1.1502,0.937,1.15,0.486,0.925,af3,msa_notemplate
4oyk,44,4,0.8373560000000001,0.84,0.7963,0.961,0.796,0.375,0.95,af3,msa_notemplate
4pd1,42,0,0.858042,0.93,1.1683,0.926,1.168,0.501,0.896,af3,msa_notemplate
4pd1,42,1,0.859257,0.92,0.9639,0.935,0.964,0.432,0.896,af3,msa_notemplate
4pd1,42,2,0.8525100000000001,0.93,1.1217,0.93,1.122,0.469,0.896,af3,msa_notemplate
4pd1,42,3,0.8614419999999999,0.93,0.9255,0.944,0.925,0.419,0.917,af3,msa_notemplate
4pd1,42,4,0.8584010000000001,0.92,1.1286,0.915,1.129,0.476,0.854,af3,msa_notemplate
4pd1,43,0,0.858422,0.92,0.8761,0.945,0.876,0.413,0.917,af3,msa_notemplate
4pd1,43,1,0.8618290000000001,0.93,0.9461,0.951,0.946,0.349,0.917,af3,msa_notemplate
4pd1,43,2,0.8515269999999999,0.92,0.9126,0.948,0.913,0.387,0.917,af3,msa_notemplate
4pd1,43,3,0.856919,0.92,1.0442,0.95,1.044,0.42,0.938,af3,msa_notemplate
4pd1,43,4,0.862764,0.93,0.8235,0.94,0.823,0.402,0.896,af3,msa_notemplate
4pd1,44,0,0.864136,0.92,0.9337,0.947,0.934,0.389,0.917,af3,msa_notemplate
4pd1,44,1,0.8626090000000001,0.93,0.9388,0.932,0.939,0.402,0.875,af3,msa_notemplate
4pd1,44,2,0.870344,0.93,1.1529,0.936,1.153,0.411,0.896,af3,msa_notemplate
4pd1,44,3,0.8667860000000001,0.93,0.9172,0.944,0.917,0.425,0.917,af3,msa_notemplate
4pd1,44,4,0.867479,0.93,1.0761,0.928,1.076,0.49,0.896,af3,msa_notemplate
4pge,42,0,0.935191,0.95,0.9656,0.966,0.966,0.365,0.966,af3,msa_notemplate
4pge,42,1,0.9270780000000001,0.95,0.9884,0.969,0.988,0.389,0.983,af3,msa_notemplate
4pge,42,2,0.9261849999999999,0.94,0.9594,0.973,0.959,0.344,0.983,af3,msa_notemplate
4pge,42,3,0.9275639999999999,0.95,1.0139,0.969,1.014,0.388,0.983,af3,msa_notemplate
4pge,42,4,0.930481,0.95,0.9662,0.964,0.966,0.388,0.966,af3,msa_notemplate
4pge,43,0,0.9266930000000001,0.95,1.0877,0.97,1.088,0.373,0.983,af3,msa_notemplate
4pge,43,1,0.930311,0.95,0.9409,0.971,0.941,0.377,0.983,af3,msa_notemplate
4pge,43,2,0.925976,0.95,1.0334,0.968,1.033,0.391,0.983,af3,msa_notemplate
4pge,43,3,0.925776,0.95,0.9927,0.971,0.993,0.367,0.983,af3,msa_notemplate
4pge,43,4,0.92805,0.95,0.9316,0.973,0.932,0.357,0.983,af3,msa_notemplate
4pge,44,0,0.927299,0.95,1.0778,0.963,1.078,0.388,0.966,af3,msa_notemplate
4pge,44,1,0.931874,0.95,0.9705,0.969,0.971,0.387,0.983,af3,msa_notemplate
4pge,44,2,0.934654,0.95,1.0472,0.966,1.047,0.408,0.983,af3,msa_notemplate
4pge,44,3,0.925918,0.94,0.9471,0.972,0.947,0.361,0.983,af3,msa_notemplate
4pge,44,4,0.9310120000000001,0.95,0.9737,0.971,0.974,0.365,0.983,af3,msa_notemplate
4qbr,42,0,0.9283929999999999,0.94,1.3735,0.882,1.373,0.871,0.925,af3,msa_notemplate
4qbr,42,1,0.928009,0.94,0.7642,0.914,0.764,0.751,0.95,af3,msa_notemplate
4qbr,42,2,0.925411,0.93,1.6704,0.874,1.67,0.901,0.925,af3,msa_notemplate
4qbr,42,3,0.9286279999999999,0.93,0.7927,0.913,0.793,0.754,0.95,af3,msa_notemplate
4qbr,42,4,0.921494,0.93,1.6127,0.877,1.613,0.888,0.925,af3,msa_notemplate
4qbr,43,0,0.92672,0.94,0.8615,0.914,0.861,0.741,0.95,af3,msa_notemplate
4qbr,43,1,0.927357,0.94,0.6544,0.918,0.654,0.73,0.95,af3,msa_notemplate
4qbr,43,2,0.924304,0.94,0.8592,0.914,0.859,0.747,0.95,af3,msa_notemplate
4qbr,43,3,0.923424,0.93,0.6983,0.927,0.698,0.723,0.975,af3,msa_notemplate
4qbr,43,4,0.9248109999999999,0.93,1.1364,0.902,1.136,0.81,0.95,af3,msa_notemplate
4qbr,44,0,0.929102,0.94,0.6681,0.918,0.668,0.727,0.95,af3,msa_notemplate
4qbr,44,1,0.9222020000000001,0.93,1.2657,0.9,1.266,0.815,0.95,af3,msa_notemplate
4qbr,44,2,0.9274,0.94,0.7168,0.919,0.717,0.714,0.95,af3,msa_notemplate
4qbr,44,3,0.924741,0.94,1.6412,0.875,1.641,0.895,0.925,af3,msa_notemplate
4qbr,44,4,0.9277719999999999,0.94,0.7612,0.925,0.761,0.733,0.975,af3,msa_notemplate
4r5i,42,0,0.791353,0.79,1.8954,0.875,1.895,0.885,0.932,af3,msa_notemplate
4r5i,42,1,0.786218,0.78,2.4587,0.812,2.459,1.099,0.864,af3,msa_notemplate
4r5i,42,2,0.762851,0.76,1.7106,0.865,1.711,0.923,0.909,af3,msa_notemplate
4r5i,42,3,0.873076,0.85,4.7308,0.595,4.731,1.371,0.477,af3,msa_notemplate
4r5i,42,4,0.885776,0.86,4.2532,0.62,4.253,1.265,0.477,af3,msa_notemplate
4r5i,43,0,0.839469,0.84,4.7693,0.596,4.769,1.358,0.477,af3,msa_notemplate
4r5i,43,1,0.778935,0.76,1.9524,0.859,1.952,0.941,0.909,af3,msa_notemplate
4r5i,43,2,0.765184,0.77,1.3111,0.91,1.311,0.752,0.955,af3,msa_notemplate
4r5i,43,3,0.7907510000000001,0.79,1.9077,0.869,1.908,0.979,0.955,af3,msa_notemplate
4r5i,43,4,0.87029,0.84,4.8523,0.586,4.852,1.425,0.477,af3,msa_notemplate
4r5i,44,0,0.877561,0.84,4.7062,0.596,4.706,1.368,0.477,af3,msa_notemplate
4r5i,44,1,0.797343,0.78,2.1945,0.845,2.194,0.955,0.886,af3,msa_notemplate
4r5i,44,2,0.786647,0.77,1.6165,0.863,1.617,0.949,0.909,af3,msa_notemplate
4r5i,44,3,0.885475,0.83,4.9682,0.587,4.968,1.393,0.477,af3,msa_notemplate
4r5i,44,4,0.776282,0.75,1.7196,0.847,1.72,0.892,0.841,af3,msa_notemplate
4txr,42,0,0.8711150000000001,0.89,3.1328,0.753,3.133,1.36,0.829,af3,msa_notemplate
4txr,42,1,0.8778549999999999,0.89,3.292,0.748,3.292,1.437,0.854,af3,msa_notemplate
4txr,42,2,0.884807,0.9,3.3166,0.744,3.317,1.396,0.829,af3,msa_notemplate
4txr,42,3,0.888693,0.91,3.443,0.73,3.443,1.499,0.829,af3,msa_notemplate
4txr,42,4,0.880772,0.89,3.2702,0.747,3.27,1.384,0.829,af3,msa_notemplate
4txr,43,0,0.885963,0.9,3.0875,0.764,3.088,1.344,0.854,af3,msa_notemplate
4txr,43,1,0.882269,0.9,3.355,0.717,3.355,1.48,0.78,af3,msa_notemplate
4txr,43,2,0.891686,0.91,3.129,0.753,3.129,1.362,0.829,af3,msa_notemplate
4txr,43,3,0.8828860000000001,0.9,3.211,0.747,3.211,1.394,0.829,af3,msa_notemplate
4txr,43,4,0.887041,0.91,3.3167,0.738,3.317,1.447,0.829,af3,msa_notemplate
4txr,44,0,0.898717,0.93,3.2817,0.751,3.282,1.417,0.854,af3,msa_notemplate
4txr,44,1,0.877779,0.89,3.0685,0.749,3.068,1.334,0.805,af3,msa_notemplate
4txr,44,2,0.888957,0.91,3.5736,0.734,3.574,1.507,0.854,af3,msa_notemplate
4txr,44,3,0.868314,0.89,3.3685,0.745,3.369,1.446,0.854,af3,msa_notemplate
4txr,44,4,0.8716769999999999,0.89,3.1113,0.768,3.111,1.375,0.878,af3,msa_notemplate
4u0c,42,0,0.6421049999999999,0.64,11.786,0.309,11.786,2.471,0.316,af3,msa_notemplate
4u0c,42,1,0.636922,0.63,13.6544,0.246,13.654,2.619,0.211,af3,msa_notemplate
4u0c,42,2,0.6666970000000001,0.67,11.4401,0.311,11.44,2.52,0.316,af3,msa_notemplate
4u0c,42,3,0.6630360000000001,0.67,12.974,0.3,12.974,2.383,0.316,af3,msa_notemplate
4u0c,42,4,0.592069,0.56,19.2132,0.207,19.213,2.627,0.211,af3,msa_notemplate
4u0c,43,0,0.6559579999999999,0.66,11.4494,0.319,11.449,2.378,0.316,af3,msa_notemplate
4u0c,43,1,0.632717,0.63,13.6703,0.242,13.67,2.688,0.211,af3,msa_notemplate
4u0c,43,2,0.601333,0.62,13.1385,0.246,13.139,2.732,0.211,af3,msa_notemplate
4u0c,43,3,0.6033080000000001,0.59,11.8337,0.265,11.834,2.635,0.211,af3,msa_notemplate
4u0c,43,4,0.613734,0.62,18.3412,0.207,18.341,2.708,0.211,af3,msa_notemplate
4u0c,44,0,0.613569,0.62,13.0246,0.276,13.025,2.499,0.263,af3,msa_notemplate
4u0c,44,1,0.537498,0.53,10.7275,0.325,10.727,2.824,0.368,af3,msa_notemplate
4u0c,44,2,0.578172,0.56,13.8301,0.244,13.83,2.618,0.211,af3,msa_notemplate
4u0c,44,3,0.609852,0.61,11.7943,0.307,11.794,2.512,0.316,af3,msa_notemplate
4u0c,44,4,0.6344449999999999,0.63,11.0179,0.319,11.018,2.471,0.316,af3,msa_notemplate
4uqy,42,0,0.831823,0.87,0.7644,0.96,0.764,0.367,0.944,af3,msa_notemplate
4uqy,42,1,0.828951,0.87,0.9505,0.925,0.951,0.448,0.87,af3,msa_notemplate
4uqy,42,2,0.828338,0.87,0.7852,0.948,0.785,0.363,0.907,af3,msa_notemplate
4uqy,42,3,0.834623,0.87,1.06,0.929,1.06,0.464,0.889,af3,msa_notemplate
4uqy,42,4,0.826153,0.86,0.9633,0.936,0.963,0.403,0.889,af3,msa_notemplate
4uqy,43,0,0.835079,0.87,0.8513,0.944,0.851,0.393,0.907,af3,msa_notemplate
4uqy,43,1,0.8352160000000001,0.87,0.8689,0.931,0.869,0.401,0.87,af3,msa_notemplate
4uqy,43,2,0.828685,0.86,0.5267,0.953,0.527,0.327,0.907,af3,msa_notemplate
4uqy,43,3,0.8407789999999999,0.88,0.8309,0.94,0.831,0.374,0.889,af3,msa_notemplate
4uqy,43,4,0.838253,0.88,0.6996,0.93,0.7,0.361,0.852,af3,msa_notemplate
4uqy,44,0,0.842179,0.89,0.8112,0.935,0.811,0.431,0.889,af3,msa_notemplate
4uqy,44,1,0.832191,0.87,1.0466,0.918,1.047,0.453,0.852,af3,msa_notemplate
4uqy,44,2,0.833719,0.88,0.866,0.933,0.866,0.379,0.87,af3,msa_notemplate
4uqy,44,3,0.8304659999999999,0.87,0.8699,0.938,0.87,0.399,0.889,af3,msa_notemplate
4uqy,44,4,0.8310599999999999,0.87,0.871,0.926,0.871,0.391,0.852,af3,msa_notemplate
4x2h,42,0,0.9201900000000001,0.93,4.1188,0.596,4.119,8.317,0.947,af3,msa_notemplate
4x2h,42,1,0.927239,0.94,3.9999,0.608,4.0,8.361,0.974,af3,msa_notemplate
4x2h,42,2,0.920327,0.92,4.2622,0.61,4.262,8.344,1.0,af3,msa_notemplate
4x2h,42,3,0.921006,0.92,4.1155,0.587,4.116,8.375,0.921,af3,msa_notemplate
4x2h,42,4,0.9275220000000001,0.94,4.0892,0.606,4.089,8.36,0.974,af3,msa_notemplate
4x2h,43,0,0.9264610000000001,0.93,4.0364,0.598,4.036,8.345,0.947,af3,msa_notemplate
4x2h,43,1,0.924102,0.94,4.0063,0.608,4.006,8.333,0.974,af3,msa_notemplate
4x2h,43,2,0.921057,0.92,4.2436,0.593,4.244,8.356,0.947,af3,msa_notemplate
4x2h,43,3,0.927651,0.94,4.1819,0.594,4.182,8.401,0.947,af3,msa_notemplate
4x2h,43,4,0.9258310000000001,0.93,4.0621,0.606,4.062,8.314,0.974,af3,msa_notemplate
4x2h,44,0,0.9253060000000001,0.94,3.9339,0.609,3.934,8.377,0.974,af3,msa_notemplate
4x2h,44,1,0.921235,0.92,4.1583,0.604,4.158,8.336,0.974,af3,msa_notemplate
4x2h,44,2,0.929878,0.94,3.9521,0.618,3.952,8.377,1.0,af3,msa_notemplate
4x2h,44,3,0.928892,0.94,4.2403,0.593,4.24,8.336,0.947,af3,msa_notemplate
4x2h,44,4,0.9286239999999999,0.94,4.0778,0.597,4.078,8.364,0.947,af3,msa_notemplate
4x3o,42,0,0.898376,0.96,1.5806,0.8,1.581,1.711,1.0,af3,msa_notemplate
4x3o,42,1,0.9009619999999999,0.96,1.4973,0.775,1.497,2.023,1.0,af3,msa_notemplate
4x3o,42,2,0.898459,0.96,1.8514,0.759,1.851,2.18,1.0,af3,msa_notemplate
4x3o,42,3,0.8980589999999999,0.96,1.4704,0.816,1.47,1.573,1.0,af3,msa_notemplate
4x3o,42,4,0.894751,0.95,1.9227,0.811,1.923,1.555,1.0,af3,msa_notemplate
4x3o,43,0,0.900859,0.96,1.6149,0.797,1.615,1.743,1.0,af3,msa_notemplate
4x3o,43,1,0.909154,0.96,1.6083,0.789,1.608,1.828,1.0,af3,msa_notemplate
4x3o,43,2,0.9040349999999999,0.96,1.7294,0.764,1.729,2.126,1.0,af3,msa_notemplate
4x3o,43,3,0.907776,0.96,1.3395,0.781,1.339,1.967,1.0,af3,msa_notemplate
4x3o,43,4,0.902873,0.96,1.1482,0.785,1.148,1.941,1.0,af3,msa_notemplate
4x3o,44,0,0.898903,0.95,1.669,0.794,1.669,1.77,1.0,af3,msa_notemplate
4x3o,44,1,0.9065049999999999,0.95,1.4439,0.817,1.444,1.564,1.0,af3,msa_notemplate
4x3o,44,2,0.909062,0.96,1.2285,0.813,1.228,1.628,1.0,af3,msa_notemplate
4x3o,44,3,0.897986,0.95,1.2124,0.832,1.212,1.453,1.0,af3,msa_notemplate
4x3o,44,4,0.915941,0.96,1.627,0.767,1.627,2.103,1.0,af3,msa_notemplate
4xc2,42,0,0.859845,0.86,1.0416,0.954,1.042,0.453,0.959,af3,msa_notemplate
4xc2,42,1,0.854097,0.84,1.6447,0.89,1.645,0.68,0.878,af3,msa_notemplate
4xc2,42,2,0.849306,0.84,1.3646,0.916,1.365,0.569,0.898,af3,msa_notemplate
4xc2,42,3,0.8603959999999999,0.86,1.015,0.926,1.015,0.457,0.878,af3,msa_notemplate
4xc2,42,4,0.8440439999999999,0.84,1.2908,0.919,1.291,0.549,0.898,af3,msa_notemplate
4xc2,43,0,0.8617170000000001,0.85,1.1867,0.938,1.187,0.516,0.939,af3,msa_notemplate
4xc2,43,1,0.854651,0.85,0.8318,0.961,0.832,0.397,0.959,af3,msa_notemplate
4xc2,43,2,0.859955,0.86,0.7787,0.965,0.779,0.365,0.959,af3,msa_notemplate
4xc2,43,3,0.857097,0.86,0.6708,0.961,0.671,0.347,0.939,af3,msa_notemplate
4xc2,43,4,0.856965,0.86,0.7483,0.965,0.748,0.371,0.959,af3,msa_notemplate
4xc2,44,0,0.856534,0.85,1.2983,0.925,1.298,0.555,0.918,af3,msa_notemplate
4xc2,44,1,0.8593040000000001,0.85,1.2142,0.947,1.214,0.497,0.959,af3,msa_notemplate
4xc2,44,2,0.851109,0.84,1.5794,0.927,1.579,0.619,0.959,af3,msa_notemplate
4xc2,44,3,0.869015,0.87,0.5843,0.964,0.584,0.316,0.939,af3,msa_notemplate
4xc2,44,4,0.8618819999999999,0.87,0.5126,0.977,0.513,0.322,0.98,af3,msa_notemplate
4xek,42,0,0.865736,0.86,2.7036,0.799,2.704,1.296,0.917,af3,msa_notemplate
4xek,42,1,0.867692,0.85,3.0736,0.781,3.074,1.38,0.917,af3,msa_notemplate
4xek,42,2,0.861617,0.84,2.7159,0.803,2.716,1.26,0.917,af3,msa_notemplate
4xek,42,3,0.861101,0.85,2.6626,0.808,2.663,1.23,0.917,af3,msa_notemplate
4xek,42,4,0.8348829999999999,0.84,2.6614,0.807,2.661,1.239,0.917,af3,msa_notemplate
4xek,43,0,0.854441,0.85,2.4638,0.821,2.464,1.162,0.917,af3,msa_notemplate
4xek,43,1,0.8604210000000001,0.86,2.6912,0.807,2.691,1.238,0.917,af3,msa_notemplate
4xek,43,2,0.859447,0.84,2.9499,0.783,2.95,1.385,0.917,af3,msa_notemplate
4xek,43,3,0.8617659999999999,0.84,2.7611,0.804,2.761,1.245,0.917,af3,msa_notemplate
4xek,43,4,0.849669,0.83,2.7059,0.801,2.706,1.28,0.917,af3,msa_notemplate
4xek,44,0,0.862903,0.86,2.8536,0.799,2.854,1.273,0.917,af3,msa_notemplate
4xek,44,1,0.868273,0.86,2.8011,0.802,2.801,1.255,0.917,af3,msa_notemplate
4xek,44,2,0.8618729999999999,0.86,2.8359,0.79,2.836,1.344,0.917,af3,msa_notemplate
4xek,44,3,0.851845,0.86,2.8553,0.78,2.855,1.349,0.889,af3,msa_notemplate
4xek,44,4,0.845529,0.85,3.0937,0.765,3.094,1.434,0.889,af3,msa_notemplate
4yje,42,0,0.880979,0.93,1.928,0.887,1.928,0.62,0.857,af3,msa_notemplate
4yje,42,1,0.874319,0.93,1.7735,0.899,1.773,0.604,0.878,af3,msa_notemplate
4yje,42,2,0.884191,0.94,1.9656,0.885,1.966,0.636,0.857,af3,msa_notemplate
4yje,42,3,0.8847839999999999,0.94,1.9255,0.886,1.926,0.633,0.857,af3,msa_notemplate
4yje,42,4,0.883451,0.94,1.9166,0.881,1.917,0.615,0.837,af3,msa_notemplate
4yje,43,0,0.880984,0.93,2.0468,0.872,2.047,0.672,0.837,af3,msa_notemplate
4yje,43,1,0.848993,0.91,2.1097,0.861,2.11,0.688,0.816,af3,msa_notemplate
4yje,43,2,0.884143,0.94,1.8699,0.883,1.87,0.609,0.837,af3,msa_notemplate
4yje,43,3,0.875668,0.94,1.2557,0.929,1.256,0.472,0.898,af3,msa_notemplate
4yje,43,4,0.776028,0.81,5.8709,0.596,5.871,1.771,0.694,af3,msa_notemplate
4yje,44,0,0.891696,0.94,1.9598,0.877,1.96,0.64,0.837,af3,msa_notemplate
4yje,44,1,0.887919,0.94,1.9444,0.879,1.944,0.63,0.837,af3,msa_notemplate
4yje,44,2,0.88681,0.94,1.9257,0.88,1.926,0.624,0.837,af3,msa_notemplate
4yje,44,3,0.8616750000000001,0.92,1.2184,0.941,1.218,0.426,0.918,af3,msa_notemplate
4yje,44,4,0.890831,0.94,1.8797,0.883,1.88,0.61,0.837,af3,msa_notemplate
4z2o,42,0,0.563385,0.42,6.0575,0.491,6.058,2.432,0.533,af3,msa_notemplate
4z2o,42,1,0.587918,0.45,12.18,0.204,12.18,4.964,0.2,af3,msa_notemplate
4z2o,42,2,0.5673360000000001,0.44,2.8972,0.736,2.897,1.281,0.733,af3,msa_notemplate
4z2o,42,3,0.6194500000000001,0.52,3.0993,0.721,3.099,1.304,0.711,af3,msa_notemplate
4z2o,42,4,0.583151,0.47,4.9647,0.611,4.965,2.125,0.756,af3,msa_notemplate
4z2o,43,0,0.558246,0.39,4.4782,0.602,4.478,1.834,0.622,af3,msa_notemplate
4z2o,43,1,0.586993,0.46,10.7713,0.268,10.771,4.299,0.311,af3,msa_notemplate
4z2o,43,2,0.542556,0.37,8.757,0.31,8.757,3.49,0.289,af3,msa_notemplate
4z2o,43,3,0.5684790000000001,0.45,4.9861,0.544,4.986,2.122,0.556,af3,msa_notemplate
4z2o,43,4,0.5877640000000001,0.44,5.0377,0.56,5.038,2.084,0.6,af3,msa_notemplate
4z2o,44,0,0.5608299999999999,0.43,6.9122,0.484,6.912,2.764,0.622,af3,msa_notemplate
4z2o,44,1,0.574956,0.41,5.5327,0.532,5.533,2.205,0.578,af3,msa_notemplate
4z2o,44,2,0.563449,0.4,4.5825,0.597,4.583,1.858,0.622,af3,msa_notemplate
4z2o,44,3,0.530743,0.38,8.2769,0.408,8.277,3.246,0.533,af3,msa_notemplate
4z2o,44,4,0.5187550000000001,0.37,11.702,0.24,11.702,4.864,0.289,af3,msa_notemplate
4zoz,42,0,0.9143479999999999,0.96,2.5296,0.87,2.53,0.857,0.939,af3,msa_notemplate
4zoz,42,1,0.913764,0.96,2.0677,0.899,2.068,0.719,0.939,af3,msa_notemplate
4zoz,42,2,0.909517,0.96,1.8034,0.912,1.803,0.652,0.939,af3,msa_notemplate
4zoz,42,3,0.9115829999999999,0.96,1.6494,0.921,1.649,0.605,0.939,af3,msa_notemplate
4zoz,42,4,0.909524,0.96,1.841,0.919,1.841,0.648,0.959,af3,msa_notemplate
4zoz,43,0,0.914208,0.96,2.3812,0.88,2.381,0.81,0.939,af3,msa_notemplate
4zoz,43,1,0.9164960000000001,0.96,2.4348,0.883,2.435,0.828,0.959,af3,msa_notemplate
4zoz,43,2,0.9085030000000001,0.96,1.6686,0.928,1.669,0.599,0.959,af3,msa_notemplate
4zoz,43,3,0.9202020000000001,0.96,2.381,0.878,2.381,0.824,0.939,af3,msa_notemplate
4zoz,43,4,0.918478,0.96,2.5395,0.876,2.539,0.864,0.959,af3,msa_notemplate
4zoz,44,0,0.9163209999999999,0.96,2.41,0.876,2.41,0.836,0.939,af3,msa_notemplate
4zoz,44,1,0.9103870000000001,0.96,2.2456,0.888,2.246,0.772,0.939,af3,msa_notemplate
4zoz,44,2,0.9149039999999999,0.96,1.9275,0.914,1.928,0.674,0.959,af3,msa_notemplate
4zoz,44,3,0.911442,0.96,2.2209,0.897,2.221,0.758,0.959,af3,msa_notemplate
4zoz,44,4,0.904898,0.95,1.3251,0.932,1.325,0.494,0.918,af3,msa_notemplate
5bs2,42,0,0.708118,0.53,16.6255,0.15,16.625,4.918,0.158,af3,msa_notemplate
5bs2,42,1,0.7267969999999999,0.57,15.6962,0.159,15.696,4.742,0.158,af3,msa_notemplate
5bs2,42,2,0.7235309999999999,0.55,15.5855,0.16,15.586,4.68,0.158,af3,msa_notemplate
5bs2,42,3,0.6865300000000001,0.52,16.0751,0.155,16.075,4.854,0.158,af3,msa_notemplate
5bs2,42,4,0.598857,0.38,6.5178,0.428,6.518,2.374,0.368,af3,msa_notemplate
5bs2,43,0,0.7428100000000001,0.6,15.1083,0.165,15.108,4.574,0.158,af3,msa_notemplate
5bs2,43,1,0.644128,0.52,4.7168,0.566,4.717,1.807,0.526,af3,msa_notemplate
5bs2,43,2,0.760641,0.61,15.298,0.163,15.298,4.634,0.158,af3,msa_notemplate
5bs2,43,3,0.565921,0.38,3.5873,0.672,3.587,1.554,0.684,af3,msa_notemplate
5bs2,43,4,0.710767,0.55,15.882,0.157,15.882,4.75,0.158,af3,msa_notemplate
5bs2,44,0,0.716869,0.55,15.4849,0.161,15.485,4.685,0.158,af3,msa_notemplate
5bs2,44,1,0.7424689999999999,0.6,15.654,0.159,15.654,4.695,0.158,af3,msa_notemplate
5bs2,44,2,0.7590049999999999,0.61,15.5667,0.16,15.567,4.674,0.158,af3,msa_notemplate
5bs2,44,3,0.5829489999999999,0.41,3.3197,0.678,3.32,1.398,0.632,af3,msa_notemplate
5bs2,44,4,0.656456,0.5,15.7564,0.158,15.756,4.718,0.158,af3,msa_notemplate
5crw,42,0,0.8635809999999999,0.9,2.9861,0.818,2.986,1.062,0.897,af3,msa_notemplate
5crw,42,1,0.8594719999999999,0.9,2.6077,0.837,2.608,0.979,0.897,af3,msa_notemplate
5crw,42,2,0.875038,0.91,4.7848,0.754,4.785,1.125,0.862,af3,msa_notemplate
5crw,42,3,0.8615860000000001,0.9,4.8424,0.775,4.842,1.047,0.897,af3,msa_notemplate
5crw,42,4,0.85519,0.91,2.2535,0.835,2.254,1.042,0.897,af3,msa_notemplate
5crw,43,0,0.856149,0.89,3.768,0.788,3.768,1.062,0.862,af3,msa_notemplate
5crw,43,1,0.8469840000000001,0.9,2.8252,0.769,2.825,1.281,0.828,af3,msa_notemplate
5crw,43,2,0.8693000000000001,0.9,3.7338,0.798,3.734,1.08,0.897,af3,msa_notemplate
5crw,43,3,0.863052,0.9,3.7012,0.783,3.701,1.024,0.828,af3,msa_notemplate
5crw,43,4,0.857723,0.9,3.2738,0.79,3.274,1.051,0.828,af3,msa_notemplate
5crw,44,0,0.864564,0.9,3.8996,0.777,3.9,1.118,0.862,af3,msa_notemplate
5crw,44,1,0.862764,0.89,4.1992,0.776,4.199,1.075,0.862,af3,msa_notemplate
5crw,44,2,0.84882,0.89,2.4088,0.835,2.409,1.023,0.897,af3,msa_notemplate
5crw,44,3,0.865458,0.9,5.649,0.75,5.649,1.076,0.897,af3,msa_notemplate
5crw,44,4,0.85909,0.9,3.5307,0.799,3.531,1.026,0.862,af3,msa_notemplate
5d94,42,0,0.886486,0.89,0.9472,0.922,0.947,0.493,0.875,af3,msa_notemplate
5d94,42,1,0.860749,0.84,1.2734,0.875,1.273,0.62,0.792,af3,msa_notemplate
5d94,42,2,0.854156,0.84,1.1284,0.881,1.128,0.58,0.792,af3,msa_notemplate
5d94,42,3,0.854679,0.84,0.6721,0.884,0.672,0.538,0.771,af3,msa_notemplate
5d94,42,4,0.867037,0.86,1.0706,0.904,1.071,0.627,0.875,af3,msa_notemplate
5d94,43,0,0.8710809999999999,0.87,0.5651,0.909,0.565,0.502,0.833,af3,msa_notemplate
5d94,43,1,0.8760410000000001,0.86,1.1938,0.875,1.194,0.624,0.792,af3,msa_notemplate
5d94,43,2,0.871395,0.85,1.3211,0.897,1.321,0.604,0.854,af3,msa_notemplate
5d94,43,3,0.853987,0.83,1.6108,0.836,1.611,0.815,0.771,af3,msa_notemplate
5d94,43,4,0.864764,0.85,1.1785,0.894,1.179,0.588,0.833,af3,msa_notemplate
5d94,44,0,0.863352,0.85,1.0924,0.915,1.092,0.589,0.896,af3,msa_notemplate
5d94,44,1,0.85126,0.83,0.8587,0.906,0.859,0.518,0.833,af3,msa_notemplate
5d94,44,2,0.856688,0.84,1.8783,0.843,1.878,0.834,0.812,af3,msa_notemplate
5d94,44,3,0.852651,0.84,0.9273,0.915,0.927,0.492,0.854,af3,msa_notemplate
5d94,44,4,0.848557,0.83,1.0267,0.89,1.027,0.572,0.812,af3,msa_notemplate
5dai,42,0,0.879873,0.95,0.7724,0.938,0.772,0.638,0.977,af3,msa_notemplate
5dai,42,1,0.869607,0.94,1.0529,0.941,1.053,0.602,0.977,af3,msa_notemplate
5dai,42,2,0.8740640000000001,0.94,1.0973,0.926,1.097,0.71,0.977,af3,msa_notemplate
5dai,42,3,0.8798650000000001,0.94,0.8214,0.922,0.821,0.701,0.953,af3,msa_notemplate
5dai,42,4,0.874772,0.94,1.1497,0.925,1.15,0.654,0.953,af3,msa_notemplate
5dai,43,0,0.8739319999999999,0.94,1.2981,0.917,1.298,0.757,0.977,af3,msa_notemplate
5dai,43,1,0.878184,0.95,0.8537,0.926,0.854,0.723,0.977,af3,msa_notemplate
5dai,43,2,0.873758,0.94,0.7868,0.939,0.787,0.692,1.0,af3,msa_notemplate
5dai,43,3,0.878076,0.95,0.9005,0.939,0.901,0.629,0.977,af3,msa_notemplate
5dai,43,4,0.878691,0.95,1.142,0.915,1.142,0.731,0.953,af3,msa_notemplate
5dai,44,0,0.870645,0.95,1.2691,0.943,1.269,0.625,1.0,af3,msa_notemplate
5dai,44,1,0.879259,0.95,0.9613,0.946,0.961,0.63,1.0,af3,msa_notemplate
5dai,44,2,0.879212,0.95,0.759,0.947,0.759,0.632,1.0,af3,msa_notemplate
5dai,44,3,0.880716,0.95,0.6951,0.94,0.695,0.687,1.0,af3,msa_notemplate
5dai,44,4,0.879019,0.95,1.0351,0.926,1.035,0.71,0.977,af3,msa_notemplate
5di8,42,0,0.943454,0.95,0.9965,0.972,0.997,0.416,1.0,af3,msa_notemplate
5di8,42,1,0.944174,0.95,0.7992,0.978,0.799,0.366,1.0,af3,msa_notemplate
5di8,42,2,0.941682,0.95,0.7664,0.976,0.766,0.396,1.0,af3,msa_notemplate
5di8,42,3,0.940475,0.95,0.7788,0.974,0.779,0.409,1.0,af3,msa_notemplate
5di8,42,4,0.944242,0.95,0.6279,0.978,0.628,0.383,1.0,af3,msa_notemplate
5di8,43,0,0.9457129999999999,0.95,0.7426,0.972,0.743,0.43,1.0,af3,msa_notemplate
5di8,43,1,0.942938,0.95,0.6653,0.979,0.665,0.368,1.0,af3,msa_notemplate
5di8,43,2,0.944351,0.95,0.6966,0.977,0.697,0.384,1.0,af3,msa_notemplate
5di8,43,3,0.9463750000000001,0.96,1.1756,0.959,1.176,0.508,1.0,af3,msa_notemplate
5di8,43,4,0.9415359999999999,0.95,0.5945,0.98,0.595,0.366,1.0,af3,msa_notemplate
5di8,44,0,0.938879,0.95,0.7007,0.972,0.701,0.43,1.0,af3,msa_notemplate
5di8,44,1,0.9415789999999999,0.95,0.8233,0.972,0.823,0.351,0.977,af3,msa_notemplate
5di8,44,2,0.9423130000000001,0.95,0.7362,0.978,0.736,0.375,1.0,af3,msa_notemplate
5di8,44,3,0.941824,0.95,0.6161,0.979,0.616,0.376,1.0,af3,msa_notemplate
5di8,44,4,0.940637,0.95,0.6366,0.979,0.637,0.372,1.0,af3,msa_notemplate
5e33,42,0,0.906185,0.97,1.9533,0.94,1.953,0.58,1.0,af3,msa_notemplate
5e33,42,1,0.907428,0.97,1.7971,0.945,1.797,0.558,1.0,af3,msa_notemplate
5e33,42,2,0.9096519999999999,0.97,1.8334,0.943,1.833,0.571,1.0,af3,msa_notemplate
5e33,42,3,0.900263,0.97,1.9611,0.941,1.961,0.569,1.0,af3,msa_notemplate
5e33,42,4,0.910108,0.97,1.6626,0.948,1.663,0.551,1.0,af3,msa_notemplate
5e33,43,0,0.907918,0.97,1.7878,0.943,1.788,0.578,1.0,af3,msa_notemplate
5e33,43,1,0.909878,0.97,1.876,0.94,1.876,0.59,1.0,af3,msa_notemplate
5e33,43,2,0.9010819999999999,0.97,1.8942,0.942,1.894,0.568,1.0,af3,msa_notemplate
5e33,43,3,0.8771819999999999,0.96,1.6455,0.939,1.645,0.562,0.976,af3,msa_notemplate
5e33,43,4,0.901205,0.97,1.8688,0.943,1.869,0.569,1.0,af3,msa_notemplate
5e33,44,0,0.9034300000000001,0.97,1.7898,0.944,1.79,0.571,1.0,af3,msa_notemplate
5e33,44,1,0.8680100000000001,0.96,1.2017,0.963,1.202,0.477,1.0,af3,msa_notemplate
5e33,44,2,0.90357,0.97,1.785,0.942,1.785,0.581,1.0,af3,msa_notemplate
5e33,44,3,0.90472,0.97,1.7016,0.947,1.702,0.554,1.0,af3,msa_notemplate
5e33,44,4,0.8740349999999999,0.96,1.2204,0.961,1.22,0.493,1.0,af3,msa_notemplate
5efi,42,0,0.509575,0.56,8.5246,0.328,8.525,3.523,0.333,af3,msa_notemplate
5efi,42,1,0.511087,0.59,10.127,0.263,10.127,4.024,0.255,af3,msa_notemplate
5efi,42,2,0.501755,0.54,8.8607,0.306,8.861,3.641,0.294,af3,msa_notemplate
5efi,42,3,0.514811,0.58,5.8919,0.429,5.892,2.541,0.353,af3,msa_notemplate
5efi,42,4,0.478791,0.5,8.6234,0.321,8.623,3.485,0.314,af3,msa_notemplate
5efi,43,0,0.48664700000000005,0.54,5.893,0.441,5.893,2.551,0.392,af3,msa_notemplate
5efi,43,1,0.472728,0.52,4.7131,0.529,4.713,2.123,0.49,af3,msa_notemplate
5efi,43,2,0.450326,0.48,5.7918,0.465,5.792,2.518,0.451,af3,msa_notemplate
5efi,43,3,0.43703400000000003,0.45,7.3962,0.36,7.396,3.035,0.314,af3,msa_notemplate
5efi,43,4,0.441384,0.45,4.1049,0.55,4.105,1.958,0.471,af3,msa_notemplate
5efi,44,0,0.571235,0.63,9.3694,0.287,9.369,3.812,0.275,af3,msa_notemplate
5efi,44,1,0.496954,0.53,5.0013,0.503,5.001,2.218,0.451,af3,msa_notemplate
5efi,44,2,0.53364,0.59,5.9101,0.447,5.91,2.555,0.412,af3,msa_notemplate
5efi,44,3,0.517723,0.56,4.9693,0.482,4.969,2.252,0.392,af3,msa_notemplate
5efi,44,4,0.538583,0.6,9.1371,0.306,9.137,3.724,0.314,af3,msa_notemplate
5ei3,42,0,0.911488,0.95,0.7573,0.967,0.757,0.395,0.974,af3,msa_notemplate
5ei3,42,1,0.9151900000000001,0.95,0.568,0.964,0.568,0.355,0.949,af3,msa_notemplate
5ei3,42,2,0.916555,0.95,0.4923,0.966,0.492,0.332,0.949,af3,msa_notemplate
5ei3,42,3,0.9165420000000001,0.95,0.5536,0.984,0.554,0.316,1.0,af3,msa_notemplate
5ei3,42,4,0.9133199999999999,0.95,0.5871,0.968,0.587,0.306,0.949,af3,msa_notemplate
5ei3,43,0,0.9136369999999999,0.95,0.4704,0.967,0.47,0.324,0.949,af3,msa_notemplate
5ei3,43,1,0.9120520000000001,0.95,0.7659,0.957,0.766,0.322,0.923,af3,msa_notemplate
5ei3,43,2,0.9048919999999999,0.94,0.5799,0.959,0.58,0.31,0.923,af3,msa_notemplate
5ei3,43,3,0.9131239999999999,0.95,0.4537,0.979,0.454,0.282,0.974,af3,msa_notemplate
5ei3,43,4,0.91574,0.95,0.5894,0.967,0.589,0.316,0.949,af3,msa_notemplate
5ei3,44,0,0.908034,0.94,0.7751,0.961,0.775,0.367,0.949,af3,msa_notemplate
5ei3,44,1,0.908605,0.94,0.6129,0.957,0.613,0.332,0.923,af3,msa_notemplate
5ei3,44,2,0.9168540000000001,0.95,0.672,0.972,0.672,0.353,0.974,af3,msa_notemplate
5ei3,44,3,0.915107,0.95,0.6212,0.972,0.621,0.357,0.974,af3,msa_notemplate
5ei3,44,4,0.907192,0.94,0.7327,0.956,0.733,0.419,0.949,af3,msa_notemplate
5fml,42,0,0.823511,0.86,2.3221,0.807,2.322,1.008,0.8,af3,msa_notemplate
5fml,42,1,0.83589,0.88,4.4245,0.613,4.424,1.985,0.689,af3,msa_notemplate
5fml,42,2,0.813481,0.85,3.7413,0.666,3.741,1.657,0.711,af3,msa_notemplate
5fml,42,3,0.8142619999999999,0.85,2.0322,0.816,2.032,1.032,0.822,af3,msa_notemplate
5fml,42,4,0.7933199999999999,0.81,3.5594,0.668,3.559,1.615,0.689,af3,msa_notemplate
5fml,43,0,0.800773,0.83,3.5529,0.685,3.553,1.593,0.733,af3,msa_notemplate
5fml,43,1,0.8188939999999999,0.85,2.569,0.802,2.569,1.114,0.844,af3,msa_notemplate
5fml,43,2,0.797696,0.83,1.7427,0.827,1.743,0.88,0.778,af3,msa_notemplate
5fml,43,3,0.796126,0.85,1.5318,0.872,1.532,0.794,0.867,af3,msa_notemplate
5fml,43,4,0.8377249999999999,0.88,4.4257,0.596,4.426,2.008,0.644,af3,msa_notemplate
5fml,44,0,0.8083870000000001,0.85,2.084,0.825,2.084,0.907,0.8,af3,msa_notemplate
5fml,44,1,0.7996139999999999,0.82,2.6664,0.776,2.666,1.177,0.8,af3,msa_notemplate
5fml,44,2,0.803655,0.83,2.819,0.747,2.819,1.326,0.778,af3,msa_notemplate
5fml,44,3,0.814088,0.85,2.2629,0.8,2.263,1.065,0.8,af3,msa_notemplate
5fml,44,4,0.787521,0.82,2.6062,0.757,2.606,1.166,0.733,af3,msa_notemplate
5fpx,42,0,0.625209,0.5,2.0381,0.823,2.038,0.8,0.744,af3,msa_notemplate
5fpx,42,1,0.6263259999999999,0.49,1.8608,0.804,1.861,0.738,0.651,af3,msa_notemplate
5fpx,42,2,0.646177,0.51,1.9687,0.805,1.969,0.767,0.674,af3,msa_notemplate
5fpx,42,3,0.661528,0.52,4.7474,0.59,4.747,1.373,0.465,af3,msa_notemplate
5fpx,42,4,0.6450400000000001,0.47,3.245,0.689,3.245,1.077,0.535,af3,msa_notemplate
5fpx,43,0,0.634205,0.52,2.9906,0.707,2.991,1.103,0.581,af3,msa_notemplate
5fpx,43,1,0.645153,0.48,3.4372,0.697,3.437,1.158,0.605,af3,msa_notemplate
5fpx,43,2,0.669582,0.55,1.947,0.858,1.947,0.833,0.86,af3,msa_notemplate
5fpx,43,3,0.688061,0.56,2.8429,0.733,2.843,0.936,0.581,af3,msa_notemplate
5fpx,43,4,0.664858,0.57,2.0341,0.81,2.034,0.833,0.721,af3,msa_notemplate
5fpx,44,0,0.620837,0.43,3.9183,0.59,3.918,1.294,0.372,af3,msa_notemplate
5fpx,44,1,0.631518,0.51,1.7749,0.879,1.775,0.648,0.837,af3,msa_notemplate
5fpx,44,2,0.63197,0.49,2.1031,0.832,2.103,0.943,0.837,af3,msa_notemplate
5fpx,44,3,0.6758700000000001,0.61,2.7869,0.744,2.787,1.036,0.651,af3,msa_notemplate
5fpx,44,4,0.631475,0.49,1.9365,0.837,1.937,0.714,0.744,af3,msa_notemplate
5fv6,42,0,0.550506,0.56,24.362,0.045,24.362,8.857,0.0,af3,msa_notemplate
5fv6,42,1,0.516617,0.52,25.4434,0.042,25.443,9.289,0.0,af3,msa_notemplate
5fv6,42,2,0.548096,0.58,24.1312,0.046,24.131,8.9,0.0,af3,msa_notemplate
5fv6,42,3,0.5568,0.58,24.1377,0.046,24.138,8.933,0.0,af3,msa_notemplate
5fv6,42,4,0.494644,0.48,28.4497,0.034,28.45,10.298,0.0,af3,msa_notemplate
5fv6,43,0,0.547894,0.56,24.1212,0.046,24.121,8.951,0.0,af3,msa_notemplate
5fv6,43,1,0.5609850000000001,0.58,24.7583,0.044,24.758,9.124,0.0,af3,msa_notemplate
5fv6,43,2,0.489174,0.47,27.7266,0.036,27.727,10.095,0.0,af3,msa_notemplate
5fv6,43,3,0.569265,0.61,24.2488,0.045,24.249,9.003,0.0,af3,msa_notemplate
5fv6,43,4,0.55647,0.58,24.6255,0.044,24.626,9.114,0.0,af3,msa_notemplate
5fv6,44,0,0.538515,0.56,24.7483,0.044,24.748,9.127,0.0,af3,msa_notemplate
5fv6,44,1,0.5402239999999999,0.56,23.5116,0.048,23.512,8.671,0.0,af3,msa_notemplate
5fv6,44,2,0.550109,0.58,24.5379,0.045,24.538,9.088,0.0,af3,msa_notemplate
5fv6,44,3,0.583191,0.62,24.8872,0.044,24.887,9.122,0.0,af3,msa_notemplate
5fv6,44,4,0.542783,0.57,24.7874,0.044,24.787,9.131,0.0,af3,msa_notemplate
5ggp,42,0,0.761497,0.75,7.3095,0.363,7.309,2.753,0.286,af3,msa_notemplate
5ggp,42,1,0.7558,0.75,7.1363,0.392,7.136,2.73,0.357,af3,msa_notemplate
5ggp,42,2,0.703511,0.68,6.9181,0.421,6.918,2.714,0.429,af3,msa_notemplate
5ggp,42,3,0.7744110000000001,0.77,7.0195,0.372,7.02,2.695,0.286,af3,msa_notemplate
5ggp,42,4,0.776094,0.77,7.8377,0.346,7.838,2.881,0.286,af3,msa_notemplate
5ggp,43,0,0.7644670000000001,0.76,7.6245,0.328,7.624,2.853,0.214,af3,msa_notemplate
5ggp,43,1,0.767031,0.76,7.584,0.354,7.584,2.819,0.286,af3,msa_notemplate
5ggp,43,2,0.745236,0.73,7.6431,0.352,7.643,2.859,0.286,af3,msa_notemplate
5ggp,43,3,0.716167,0.7,6.7097,0.429,6.71,2.646,0.429,af3,msa_notemplate
5ggp,43,4,0.769178,0.78,6.9423,0.375,6.942,2.68,0.286,af3,msa_notemplate
5ggp,44,0,0.707378,0.69,6.7355,0.428,6.736,2.671,0.429,af3,msa_notemplate
5ggp,44,1,0.761319,0.75,7.5547,0.355,7.555,2.825,0.286,af3,msa_notemplate
5ggp,44,2,0.7540779999999999,0.75,7.017,0.371,7.017,2.717,0.286,af3,msa_notemplate
5ggp,44,3,0.748747,0.73,7.3579,0.361,7.358,2.777,0.286,af3,msa_notemplate
5ggp,44,4,0.761358,0.75,7.5182,0.356,7.518,2.822,0.286,af3,msa_notemplate
5gu4,42,0,0.819272,0.9,2.0356,0.826,2.036,0.682,0.704,af3,msa_notemplate
5gu4,42,1,0.819579,0.9,2.0038,0.827,2.004,0.678,0.704,af3,msa_notemplate
5gu4,42,2,0.8125,0.89,0.6988,0.95,0.699,0.271,0.889,af3,msa_notemplate
5gu4,42,3,0.833279,0.92,1.5768,0.852,1.577,0.543,0.704,af3,msa_notemplate
5gu4,42,4,0.8114319999999999,0.89,2.0283,0.838,2.028,0.685,0.741,af3,msa_notemplate
5gu4,43,0,0.836087,0.92,1.9681,0.828,1.968,0.679,0.704,af3,msa_notemplate
5gu4,43,1,0.805021,0.88,0.7001,0.924,0.7,0.287,0.815,af3,msa_notemplate
5gu4,43,2,0.805577,0.88,2.1596,0.793,2.16,0.724,0.63,af3,msa_notemplate
5gu4,43,3,0.823051,0.88,0.6183,0.938,0.618,0.28,0.852,af3,msa_notemplate
5gu4,43,4,0.8347530000000001,0.92,1.8355,0.861,1.836,0.632,0.778,af3,msa_notemplate
5gu4,44,0,0.7919769999999999,0.88,2.3464,0.783,2.346,0.773,0.63,af3,msa_notemplate
5gu4,44,1,0.8175620000000001,0.89,1.4684,0.886,1.468,0.478,0.778,af3,msa_notemplate
5gu4,44,2,0.821196,0.89,1.2755,0.93,1.275,0.431,0.889,af3,msa_notemplate
5gu4,44,3,0.821019,0.91,2.0498,0.824,2.05,0.694,0.704,af3,msa_notemplate
5gu4,44,4,0.8101550000000001,0.9,2.039,0.801,2.039,0.687,0.63,af3,msa_notemplate
5huw,42,0,0.917406,0.94,1.2211,0.91,1.221,0.644,0.907,af3,msa_notemplate
5huw,42,1,0.899231,0.92,1.1678,0.907,1.168,0.631,0.889,af3,msa_notemplate
5huw,42,2,0.902366,0.93,1.4108,0.884,1.411,0.683,0.852,af3,msa_notemplate
5huw,42,3,0.8984340000000001,0.92,1.39,0.89,1.39,0.691,0.87,af3,msa_notemplate
5huw,42,4,0.910069,0.93,1.3318,0.909,1.332,0.644,0.907,af3,msa_notemplate
5huw,43,0,0.9168949999999999,0.94,1.2509,0.907,1.251,0.664,0.907,af3,msa_notemplate
5huw,43,1,0.915253,0.93,1.3595,0.912,1.36,0.666,0.926,af3,msa_notemplate
5huw,43,2,0.8933599999999999,0.91,1.4946,0.891,1.495,0.67,0.87,af3,msa_notemplate
5huw,43,3,0.909709,0.92,1.2185,0.909,1.218,0.654,0.907,af3,msa_notemplate
5huw,43,4,0.894364,0.92,1.5425,0.888,1.543,0.688,0.87,af3,msa_notemplate
5huw,44,0,0.8930469999999999,0.92,0.932,0.927,0.932,0.585,0.926,af3,msa_notemplate
5huw,44,1,0.913131,0.93,1.2991,0.904,1.299,0.643,0.889,af3,msa_notemplate
5huw,44,2,0.8889830000000001,0.92,1.0986,0.905,1.099,0.604,0.87,af3,msa_notemplate
5huw,44,3,0.899666,0.93,1.5982,0.894,1.598,0.728,0.907,af3,msa_notemplate
5huw,44,4,0.8998480000000001,0.92,1.1487,0.913,1.149,0.633,0.907,af3,msa_notemplate
5i7z,42,0,0.949498,0.9,0.8433,0.95,0.843,0.603,1.0,af3,msa_notemplate
5i7z,42,1,0.952852,0.91,0.6172,0.965,0.617,0.314,0.941,af3,msa_notemplate
5i7z,42,2,0.9524370000000001,0.91,0.7759,0.962,0.776,0.335,0.941,af3,msa_notemplate
5i7z,42,3,0.953398,0.91,0.6793,0.965,0.679,0.309,0.941,af3,msa_notemplate
5i7z,42,4,0.955922,0.92,0.5283,0.967,0.528,0.29,0.941,af3,msa_notemplate
5i7z,43,0,0.95262,0.91,0.5414,0.949,0.541,0.625,1.0,af3,msa_notemplate
5i7z,43,1,0.9536929999999999,0.91,0.4928,0.965,0.493,0.314,0.941,af3,msa_notemplate
5i7z,43,2,0.954585,0.91,0.394,0.975,0.394,0.318,0.971,af3,msa_notemplate
5i7z,43,3,0.947192,0.91,0.8884,0.957,0.888,0.372,0.941,af3,msa_notemplate
5i7z,43,4,0.952023,0.91,0.6416,0.934,0.642,0.588,0.941,af3,msa_notemplate
5i7z,44,0,0.954843,0.92,0.3175,0.974,0.318,0.331,0.971,af3,msa_notemplate
5i7z,44,1,0.950363,0.91,0.5697,0.968,0.57,0.276,0.941,af3,msa_notemplate
5i7z,44,2,0.951033,0.91,0.615,0.961,0.615,0.353,0.941,af3,msa_notemplate
5i7z,44,3,0.949347,0.9,0.5316,0.956,0.532,0.306,0.912,af3,msa_notemplate
5i7z,44,4,0.9530500000000001,0.91,0.4211,0.943,0.421,0.605,0.971,af3,msa_notemplate
5j3q,42,0,0.858325,0.9,2.255,0.773,2.255,1.241,0.791,af3,msa_notemplate
5j3q,42,1,0.8447969999999999,0.88,2.2105,0.75,2.211,1.371,0.767,af3,msa_notemplate
5j3q,42,2,0.864426,0.9,2.6773,0.723,2.677,1.393,0.721,af3,msa_notemplate
5j3q,42,3,0.862301,0.9,2.3065,0.761,2.306,1.203,0.744,af3,msa_notemplate
5j3q,42,4,0.862196,0.9,2.9803,0.74,2.98,1.458,0.814,af3,msa_notemplate
5j3q,43,0,0.855629,0.9,3.1579,0.696,3.158,1.613,0.744,af3,msa_notemplate
5j3q,43,1,0.860634,0.9,2.4249,0.76,2.425,1.318,0.791,af3,msa_notemplate
5j3q,43,2,0.8593989999999999,0.9,3.0145,0.71,3.015,1.657,0.791,af3,msa_notemplate
5j3q,43,3,0.841102,0.87,2.166,0.768,2.166,1.353,0.814,af3,msa_notemplate
5j3q,43,4,0.8573959999999999,0.89,2.3722,0.738,2.372,1.447,0.767,af3,msa_notemplate
5j3q,44,0,0.854056,0.89,2.3536,0.751,2.354,1.337,0.767,af3,msa_notemplate
5j3q,44,1,0.86465,0.9,2.5053,0.754,2.505,1.295,0.767,af3,msa_notemplate
5j3q,44,2,0.868617,0.9,2.5589,0.738,2.559,1.412,0.767,af3,msa_notemplate
5j3q,44,3,0.860233,0.9,1.768,0.832,1.768,1.09,0.884,af3,msa_notemplate
5j3q,44,4,0.8641930000000001,0.9,3.0198,0.704,3.02,1.564,0.744,af3,msa_notemplate
5kds,42,0,0.468146,0.67,10.1802,0.239,10.18,3.527,0.154,af3,msa_notemplate
5kds,42,1,0.40442100000000003,0.54,6.9087,0.346,6.909,2.393,0.154,af3,msa_notemplate
5kds,42,2,0.42233899999999996,0.59,7.783,0.387,7.783,2.736,0.385,af3,msa_notemplate
5kds,42,3,0.435743,0.61,7.9062,0.406,7.906,2.829,0.462,af3,msa_notemplate
5kds,42,4,0.44053600000000004,0.64,9.6015,0.199,9.601,3.486,0.0,af3,msa_notemplate
5kds,43,0,0.427775,0.6,11.1446,0.374,11.145,3.721,0.615,af3,msa_notemplate
5kds,43,1,0.421171,0.57,6.5547,0.466,6.555,2.244,0.462,af3,msa_notemplate
5kds,43,2,0.42111400000000004,0.57,6.1168,0.456,6.117,2.159,0.385,af3,msa_notemplate
5kds,43,3,0.44833199999999995,0.63,11.7915,0.281,11.791,4.109,0.385,af3,msa_notemplate
5kds,43,4,0.424732,0.59,6.6631,0.506,6.663,2.394,0.615,af3,msa_notemplate
5kds,44,0,0.39994599999999997,0.56,12.8424,0.188,12.842,4.362,0.154,af3,msa_notemplate
5kds,44,1,0.449893,0.63,9.7699,0.382,9.77,3.25,0.538,af3,msa_notemplate
5kds,44,2,0.415832,0.57,24.3436,0.073,24.344,7.993,0.077,af3,msa_notemplate
5kds,44,3,0.430743,0.57,5.4781,0.487,5.478,1.958,0.385,af3,msa_notemplate
5kds,44,4,0.443282,0.61,15.7055,0.229,15.706,5.219,0.385,af3,msa_notemplate
5lyn,42,0,0.929813,0.93,1.3945,0.927,1.395,0.458,0.893,af3,msa_notemplate
5lyn,42,1,0.849731,0.84,1.3513,0.879,1.351,0.466,0.75,af3,msa_notemplate
5lyn,42,2,0.924589,0.93,1.3491,0.908,1.349,0.52,0.857,af3,msa_notemplate
5lyn,42,3,0.9277930000000001,0.93,1.3205,0.912,1.321,0.492,0.857,af3,msa_notemplate
5lyn,42,4,0.9255639999999999,0.93,1.2937,0.914,1.294,0.479,0.857,af3,msa_notemplate
5lyn,43,0,0.9238,0.93,1.3149,0.902,1.315,0.474,0.821,af3,msa_notemplate
5lyn,43,1,0.882851,0.89,1.583,0.872,1.583,0.504,0.75,af3,msa_notemplate
5lyn,43,2,0.92592,0.93,1.345,0.911,1.345,0.496,0.857,af3,msa_notemplate
5lyn,43,3,0.927231,0.93,1.2665,0.93,1.266,0.446,0.893,af3,msa_notemplate
5lyn,43,4,0.924742,0.93,1.151,0.921,1.151,0.427,0.857,af3,msa_notemplate
5lyn,44,0,0.922165,0.93,1.2868,0.906,1.287,0.449,0.821,af3,msa_notemplate
5lyn,44,1,0.922227,0.92,1.4629,0.913,1.463,0.472,0.857,af3,msa_notemplate
5lyn,44,2,0.921518,0.92,1.2936,0.915,1.294,0.474,0.857,af3,msa_notemplate
5lyn,44,3,0.832029,0.81,1.5275,0.834,1.527,0.524,0.643,af3,msa_notemplate
5lyn,44,4,0.921758,0.92,1.3059,0.919,1.306,0.435,0.857,af3,msa_notemplate
5m5r,42,0,0.8430610000000001,0.92,2.9183,0.828,2.918,1.048,0.919,af3,msa_notemplate
5m5r,42,1,0.83391,0.91,2.4039,0.865,2.404,0.869,0.919,af3,msa_notemplate
5m5r,42,2,0.82541,0.9,2.7016,0.854,2.702,0.964,0.946,af3,msa_notemplate
5m5r,42,3,0.8186230000000001,0.9,2.2546,0.878,2.255,0.855,0.946,af3,msa_notemplate
5m5r,42,4,0.808415,0.89,2.3009,0.888,2.301,0.848,0.973,af3,msa_notemplate
5m5r,43,0,0.8356699999999999,0.91,2.6895,0.844,2.689,0.975,0.919,af3,msa_notemplate
5m5r,43,1,0.8288179999999999,0.91,2.0019,0.885,2.002,0.774,0.919,af3,msa_notemplate
5m5r,43,2,0.8486870000000001,0.93,2.5453,0.844,2.545,0.929,0.892,af3,msa_notemplate
5m5r,43,3,0.8299179999999999,0.9,2.3159,0.881,2.316,0.827,0.946,af3,msa_notemplate
5m5r,43,4,0.8271890000000001,0.9,2.5667,0.862,2.567,0.927,0.946,af3,msa_notemplate
5m5r,44,0,0.8191330000000001,0.9,2.2184,0.873,2.218,0.835,0.919,af3,msa_notemplate
5m5r,44,1,0.825533,0.93,2.8745,0.844,2.875,1.007,0.946,af3,msa_notemplate
5m5r,44,2,0.837728,0.91,2.3874,0.86,2.387,0.842,0.892,af3,msa_notemplate
5m5r,44,3,0.814207,0.89,2.1316,0.869,2.132,0.808,0.892,af3,msa_notemplate
5m5r,44,4,0.82072,0.89,2.2222,0.882,2.222,0.835,0.946,af3,msa_notemplate
5n22,42,0,0.377654,0.28,14.1204,0.177,14.12,5.473,0.196,af3,msa_notemplate
5n22,42,1,0.422364,0.34,29.8456,0.032,29.846,10.074,0.0,af3,msa_notemplate
5n22,42,2,0.360916,0.27,14.557,0.18,14.557,5.522,0.217,af3,msa_notemplate
5n22,42,3,0.374688,0.29,14.2321,0.169,14.232,5.475,0.174,af3,msa_notemplate
5n22,42,4,0.416763,0.31,30.1545,0.039,30.154,10.154,0.022,af3,msa_notemplate
5n22,43,0,0.370942,0.27,14.6183,0.156,14.618,5.816,0.152,af3,msa_notemplate
5n22,43,1,0.376109,0.28,14.4939,0.159,14.494,5.496,0.152,af3,msa_notemplate
5n22,43,2,0.397795,0.33,14.0655,0.186,14.065,5.384,0.217,af3,msa_notemplate
5n22,43,3,0.382014,0.29,13.6367,0.184,13.637,5.204,0.196,af3,msa_notemplate
5n22,43,4,0.371091,0.27,13.9682,0.129,13.968,5.3,0.043,af3,msa_notemplate
5n22,44,0,0.432242,0.35,29.9508,0.032,29.951,10.095,0.0,af3,msa_notemplate
5n22,44,1,0.446836,0.39,29.1413,0.033,29.141,9.994,0.0,af3,msa_notemplate
5n22,44,2,0.40391599999999994,0.36,17.8147,0.149,17.815,6.968,0.217,af3,msa_notemplate
5n22,44,3,0.375195,0.28,13.6931,0.205,13.693,5.231,0.261,af3,msa_notemplate
5n22,44,4,0.388692,0.32,14.5705,0.187,14.57,5.518,0.239,af3,msa_notemplate
5n85,42,0,0.819139,0.71,2.2395,0.813,2.239,1.07,0.842,af3,msa_notemplate
5n85,42,1,0.814063,0.7,2.2188,0.821,2.219,1.019,0.842,af3,msa_notemplate
5n85,42,2,0.811556,0.69,2.4145,0.778,2.415,1.108,0.763,af3,msa_notemplate
5n85,42,3,0.800961,0.67,2.2995,0.819,2.3,1.085,0.868,af3,msa_notemplate
5n85,42,4,0.804631,0.67,2.2115,0.806,2.211,1.061,0.816,af3,msa_notemplate
5n85,43,0,0.796165,0.66,2.2615,0.825,2.262,1.048,0.868,af3,msa_notemplate
5n85,43,1,0.798199,0.65,2.1105,0.82,2.111,0.977,0.816,af3,msa_notemplate
5n85,43,2,0.7916580000000001,0.62,2.1895,0.833,2.19,1.062,0.895,af3,msa_notemplate
5n85,43,3,0.8070919999999999,0.67,2.2489,0.815,2.249,1.058,0.842,af3,msa_notemplate
5n85,43,4,0.8106789999999999,0.67,1.9439,0.808,1.944,0.958,0.763,af3,msa_notemplate
5n85,44,0,0.790407,0.62,2.139,0.827,2.139,0.987,0.842,af3,msa_notemplate
5n85,44,1,0.7851090000000001,0.6,2.0253,0.833,2.025,0.959,0.842,af3,msa_notemplate
5n85,44,2,0.7968080000000001,0.65,2.2575,0.793,2.257,1.088,0.789,af3,msa_notemplate
5n85,44,3,0.810651,0.69,2.2779,0.797,2.278,1.053,0.789,af3,msa_notemplate
5n85,44,4,0.816349,0.69,2.3972,0.808,2.397,1.089,0.842,af3,msa_notemplate
5njc,42,0,0.701762,0.82,1.0239,0.941,1.024,0.459,0.923,af3,msa_notemplate
5njc,42,1,0.6723399999999999,0.81,1.0272,0.935,1.027,0.437,0.897,af3,msa_notemplate
5njc,42,2,0.666421,0.79,0.8854,0.957,0.885,0.406,0.949,af3,msa_notemplate
5njc,42,3,0.710131,0.83,0.9796,0.944,0.98,0.44,0.923,af3,msa_notemplate
5njc,42,4,0.7088920000000001,0.82,0.9662,0.945,0.966,0.424,0.923,af3,msa_notemplate
5njc,43,0,0.726856,0.84,0.9404,0.947,0.94,0.411,0.923,af3,msa_notemplate
5njc,43,1,0.7386440000000001,0.86,1.0095,0.946,1.01,0.414,0.923,af3,msa_notemplate
5njc,43,2,0.726004,0.84,1.0823,0.945,1.082,0.415,0.923,af3,msa_notemplate
5njc,43,3,0.7203499999999999,0.83,0.9237,0.954,0.924,0.428,0.949,af3,msa_notemplate
5njc,43,4,0.721931,0.83,0.935,0.947,0.935,0.41,0.923,af3,msa_notemplate
5njc,44,0,0.698102,0.82,0.8902,0.946,0.89,0.423,0.923,af3,msa_notemplate
5njc,44,1,0.713827,0.82,0.9736,0.955,0.974,0.414,0.949,af3,msa_notemplate
5njc,44,2,0.6984619999999999,0.81,0.9118,0.948,0.912,0.407,0.923,af3,msa_notemplate
5njc,44,3,0.711867,0.83,1.0284,0.945,1.028,0.426,0.923,af3,msa_notemplate
5njc,44,4,0.7200709999999999,0.83,0.9026,0.947,0.903,0.416,0.923,af3,msa_notemplate
5nqv,42,0,0.8378709999999999,0.89,2.2768,0.856,2.277,0.803,0.857,af3,msa_notemplate
5nqv,42,1,0.838989,0.9,2.3439,0.84,2.344,0.848,0.833,af3,msa_notemplate
5nqv,42,2,0.8392489999999999,0.9,1.706,0.904,1.706,0.641,0.905,af3,msa_notemplate
5nqv,42,3,0.841375,0.9,1.9089,0.886,1.909,0.688,0.881,af3,msa_notemplate
5nqv,42,4,0.835597,0.9,1.9756,0.872,1.976,0.727,0.857,af3,msa_notemplate
5nqv,43,0,0.8399179999999999,0.91,1.7996,0.881,1.8,0.682,0.857,af3,msa_notemplate
5nqv,43,1,0.84,0.91,1.6808,0.9,1.681,0.612,0.881,af3,msa_notemplate
5nqv,43,2,0.843674,0.9,2.0128,0.881,2.013,0.715,0.881,af3,msa_notemplate
5nqv,43,3,0.834097,0.91,2.1421,0.845,2.142,0.786,0.81,af3,msa_notemplate
5nqv,43,4,0.8433790000000001,0.91,1.8774,0.891,1.877,0.657,0.881,af3,msa_notemplate
5nqv,44,0,0.8403959999999999,0.9,1.8588,0.886,1.859,0.696,0.881,af3,msa_notemplate
5nqv,44,1,0.8453789999999999,0.9,1.7992,0.891,1.799,0.664,0.881,af3,msa_notemplate
5nqv,44,2,0.841147,0.9,1.8271,0.889,1.827,0.675,0.881,af3,msa_notemplate
5nqv,44,3,0.84001,0.9,1.8065,0.9,1.806,0.655,0.905,af3,msa_notemplate
5nqv,44,4,0.837655,0.9,2.0313,0.866,2.031,0.76,0.857,af3,msa_notemplate
5o9u,42,0,0.595098,0.7,0.6613,0.969,0.661,0.326,0.959,af3,msa_notemplate
5o9u,42,1,0.607889,0.72,1.6721,0.897,1.672,0.556,0.849,af3,msa_notemplate
5o9u,42,2,0.589465,0.7,0.34,0.984,0.34,0.281,0.986,af3,msa_notemplate
5o9u,42,3,0.60236,0.71,1.3667,0.924,1.367,0.482,0.89,af3,msa_notemplate
5o9u,42,4,0.600125,0.7,0.7597,0.958,0.76,0.387,0.945,af3,msa_notemplate
5o9u,43,0,0.582775,0.69,1.8762,0.899,1.876,0.588,0.877,af3,msa_notemplate
5o9u,43,1,0.5813320000000001,0.68,0.838,0.949,0.838,0.424,0.932,af3,msa_notemplate
5o9u,43,2,0.598449,0.71,1.7056,0.901,1.706,0.559,0.863,af3,msa_notemplate
5o9u,43,3,0.5792889999999999,0.67,0.6244,0.966,0.624,0.312,0.945,af3,msa_notemplate
5o9u,43,4,0.578214,0.67,0.8213,0.955,0.821,0.418,0.945,af3,msa_notemplate
5o9u,44,0,0.587554,0.69,0.6297,0.97,0.63,0.319,0.959,af3,msa_notemplate
5o9u,44,1,0.5856439999999999,0.69,0.621,0.974,0.621,0.372,0.986,af3,msa_notemplate
5o9u,44,2,0.59744,0.7,0.6374,0.966,0.637,0.36,0.959,af3,msa_notemplate
5o9u,44,3,0.595611,0.71,1.8401,0.9,1.84,0.585,0.877,af3,msa_notemplate
5o9u,44,4,0.592674,0.7,0.8659,0.95,0.866,0.37,0.918,af3,msa_notemplate
5oj5,42,0,0.481229,0.6,27.9707,0.036,27.971,9.5,0.0,af3,msa_notemplate
5oj5,42,1,0.395525,0.5,4.5527,0.618,4.553,1.637,0.619,af3,msa_notemplate
5oj5,42,2,0.40754199999999996,0.51,2.7327,0.795,2.733,1.051,0.81,af3,msa_notemplate
5oj5,42,3,0.410637,0.51,2.5925,0.811,2.593,0.959,0.81,af3,msa_notemplate
5oj5,42,4,0.484392,0.59,28.9655,0.035,28.965,9.344,0.0,af3,msa_notemplate
5oj5,43,0,0.479373,0.58,29.3731,0.034,29.373,9.451,0.0,af3,msa_notemplate
5oj5,43,1,0.54106,0.69,30.0157,0.033,30.016,9.646,0.0,af3,msa_notemplate
5oj5,43,2,0.43059,0.54,24.7724,0.047,24.772,7.805,0.0,af3,msa_notemplate
5oj5,43,3,0.49289,0.66,28.9456,0.034,28.946,9.66,0.0,af3,msa_notemplate
5oj5,43,4,0.427644,0.54,25.0507,0.045,25.051,8.107,0.0,af3,msa_notemplate
5oj5,44,0,0.49107500000000004,0.64,30.0653,0.032,30.065,10.096,0.0,af3,msa_notemplate
5oj5,44,1,0.49904200000000004,0.61,29.6907,0.033,29.691,9.6,0.0,af3,msa_notemplate
5oj5,44,2,0.49450000000000005,0.6,29.4156,0.034,29.416,9.51,0.0,af3,msa_notemplate
5oj5,44,3,0.35745399999999994,0.45,3.7708,0.71,3.771,1.157,0.667,af3,msa_notemplate
5oj5,44,4,0.48710000000000003,0.6,29.5141,0.034,29.514,9.551,0.0,af3,msa_notemplate
5onp,42,0,0.7759900000000001,0.84,2.3818,0.892,2.382,0.619,0.895,af3,msa_notemplate
5onp,42,1,0.765347,0.82,2.4079,0.89,2.408,0.629,0.895,af3,msa_notemplate
5onp,42,2,0.7743770000000001,0.83,2.4786,0.887,2.479,0.64,0.895,af3,msa_notemplate
5onp,42,3,0.776017,0.84,2.3877,0.892,2.388,0.621,0.895,af3,msa_notemplate
5onp,42,4,0.7613,0.82,2.397,0.891,2.397,0.623,0.895,af3,msa_notemplate
5onp,43,0,0.8030970000000001,0.85,2.4225,0.89,2.423,0.627,0.895,af3,msa_notemplate
5onp,43,1,0.796003,0.85,2.602,0.881,2.602,0.673,0.895,af3,msa_notemplate
5onp,43,2,0.788703,0.84,2.3877,0.882,2.388,0.626,0.868,af3,msa_notemplate
5onp,43,3,0.784597,0.83,2.3215,0.894,2.322,0.612,0.895,af3,msa_notemplate
5onp,43,4,0.788693,0.84,2.3983,0.882,2.398,0.63,0.868,af3,msa_notemplate
5onp,44,0,0.799933,0.85,2.4318,0.888,2.432,0.645,0.895,af3,msa_notemplate
5onp,44,1,0.792183,0.85,2.3803,0.891,2.38,0.63,0.895,af3,msa_notemplate
5onp,44,2,0.808713,0.87,2.2971,0.887,2.297,0.602,0.868,af3,msa_notemplate
5onp,44,3,0.801627,0.85,2.266,0.898,2.266,0.588,0.895,af3,msa_notemplate
5onp,44,4,0.761257,0.82,0.5565,0.983,0.556,0.221,0.974,af3,msa_notemplate
5t0k,42,0,0.8467560000000001,0.89,0.919,0.898,0.919,0.76,0.911,af3,msa_notemplate
5t0k,42,1,0.852226,0.9,1.0785,0.892,1.078,0.793,0.911,af3,msa_notemplate
5t0k,42,2,0.8409739999999999,0.89,1.1451,0.907,1.145,0.812,0.964,af3,msa_notemplate
5t0k,42,3,0.8468089999999999,0.89,0.675,0.905,0.675,0.765,0.929,af3,msa_notemplate
5t0k,42,4,0.8405929999999999,0.89,1.0223,0.901,1.022,0.778,0.929,af3,msa_notemplate
5t0k,43,0,0.844846,0.89,0.531,0.918,0.531,0.72,0.946,af3,msa_notemplate
5t0k,43,1,0.848823,0.89,0.7476,0.916,0.748,0.767,0.964,af3,msa_notemplate
5t0k,43,2,0.843051,0.88,0.9289,0.911,0.929,0.757,0.946,af3,msa_notemplate
5t0k,43,3,0.8428530000000001,0.88,1.0995,0.905,1.1,0.787,0.946,af3,msa_notemplate
5t0k,43,4,0.846624,0.89,0.843,0.909,0.843,0.775,0.946,af3,msa_notemplate
5t0k,44,0,0.850453,0.89,0.815,0.907,0.815,0.746,0.929,af3,msa_notemplate
5t0k,44,1,0.8458629999999999,0.88,0.794,0.916,0.794,0.728,0.946,af3,msa_notemplate
5t0k,44,2,0.8572029999999999,0.89,0.7679,0.913,0.768,0.751,0.946,af3,msa_notemplate
5t0k,44,3,0.8545999999999999,0.89,0.8265,0.908,0.827,0.741,0.929,af3,msa_notemplate
5t0k,44,4,0.8451529999999999,0.88,0.7561,0.912,0.756,0.753,0.946,af3,msa_notemplate
5tgi,42,0,0.8862300000000001,0.9,2.1421,0.902,2.142,0.719,0.951,af3,msa_notemplate
5tgi,42,1,0.8966970000000001,0.91,2.0737,0.924,2.074,0.621,0.976,af3,msa_notemplate
5tgi,42,2,0.8980549999999999,0.91,2.064,0.911,2.064,0.662,0.951,af3,msa_notemplate
5tgi,42,3,0.892868,0.9,1.8254,0.916,1.825,0.594,0.927,af3,msa_notemplate
5tgi,42,4,0.891725,0.9,1.8461,0.922,1.846,0.667,0.976,af3,msa_notemplate
5tgi,43,0,0.8893810000000001,0.9,1.9745,0.917,1.974,0.563,0.927,af3,msa_notemplate
5tgi,43,1,0.8893380000000001,0.89,1.9897,0.913,1.99,0.714,0.976,af3,msa_notemplate
5tgi,43,2,0.891228,0.9,1.9342,0.909,1.934,0.689,0.951,af3,msa_notemplate
5tgi,43,3,0.888303,0.9,2.2261,0.905,2.226,0.687,0.951,af3,msa_notemplate
5tgi,43,4,0.890005,0.9,1.9602,0.912,1.96,0.663,0.951,af3,msa_notemplate
5tgi,44,0,0.8978870000000001,0.91,2.1747,0.923,2.175,0.619,0.976,af3,msa_notemplate
5tgi,44,1,0.895736,0.9,1.7831,0.934,1.783,0.586,0.976,af3,msa_notemplate
5tgi,44,2,0.893143,0.9,2.1221,0.909,2.122,0.727,0.976,af3,msa_notemplate
5tgi,44,3,0.891828,0.89,1.8301,0.909,1.83,0.705,0.951,af3,msa_notemplate
5tgi,44,4,0.8961020000000001,0.9,2.0457,0.921,2.046,0.653,0.976,af3,msa_notemplate
5v2p,42,0,0.9004430000000001,0.93,1.0177,0.972,1.018,0.261,0.958,af3,msa_notemplate
5v2p,42,1,0.900305,0.93,0.877,0.972,0.877,0.278,0.958,af3,msa_notemplate
5v2p,42,2,0.899575,0.93,0.9323,0.973,0.932,0.25,0.958,af3,msa_notemplate
5v2p,42,3,0.898679,0.93,0.9981,0.97,0.998,0.283,0.958,af3,msa_notemplate
5v2p,42,4,0.9009180000000001,0.93,0.8394,0.973,0.839,0.261,0.958,af3,msa_notemplate
5v2p,43,0,0.90253,0.93,1.0331,0.971,1.033,0.263,0.958,af3,msa_notemplate
5v2p,43,1,0.901603,0.93,0.9125,0.979,0.913,0.262,0.979,af3,msa_notemplate
5v2p,43,2,0.9005190000000001,0.93,0.8113,0.964,0.811,0.288,0.938,af3,msa_notemplate
5v2p,43,3,0.9028019999999999,0.93,0.7763,0.974,0.776,0.259,0.958,af3,msa_notemplate
5v2p,43,4,0.9005200000000001,0.93,0.9358,0.971,0.936,0.274,0.958,af3,msa_notemplate
5v2p,44,0,0.9059969999999999,0.93,0.9847,0.971,0.985,0.268,0.958,af3,msa_notemplate
5v2p,44,1,0.903994,0.93,0.9118,0.973,0.912,0.258,0.958,af3,msa_notemplate
5v2p,44,2,0.904253,0.93,0.9865,0.972,0.987,0.258,0.958,af3,msa_notemplate
5v2p,44,3,0.906501,0.93,0.6957,0.979,0.696,0.282,0.979,af3,msa_notemplate
5v2p,44,4,0.905599,0.93,0.9177,0.973,0.918,0.257,0.958,af3,msa_notemplate
5v3r,42,0,0.83962,0.92,1.1026,0.935,1.103,0.423,0.897,af3,msa_notemplate
5v3r,42,1,0.828987,0.91,1.0634,0.923,1.063,0.437,0.862,af3,msa_notemplate
5v3r,42,2,0.819583,0.92,1.073,0.955,1.073,0.459,0.966,af3,msa_notemplate
5v3r,42,3,0.834358,0.92,0.6449,0.974,0.645,0.303,0.966,af3,msa_notemplate
5v3r,42,4,0.8274469999999999,0.91,0.5697,0.968,0.57,0.232,0.931,af3,msa_notemplate
5v3r,43,0,0.827688,0.91,0.9599,0.929,0.96,0.386,0.862,af3,msa_notemplate
5v3r,43,1,0.826307,0.91,0.7042,0.981,0.704,0.342,1.0,af3,msa_notemplate
5v3r,43,2,0.8193389999999999,0.91,0.7753,0.955,0.775,0.37,0.931,af3,msa_notemplate
5v3r,43,3,0.8172459999999999,0.91,0.7136,0.961,0.714,0.31,0.931,af3,msa_notemplate
5v3r,43,4,0.823835,0.91,0.3848,0.968,0.385,0.239,0.931,af3,msa_notemplate
5v3r,44,0,0.831082,0.92,0.4864,0.977,0.486,0.264,0.966,af3,msa_notemplate
5v3r,44,1,0.8342050000000001,0.92,1.09,0.954,1.09,0.465,0.966,af3,msa_notemplate
5v3r,44,2,0.8247190000000001,0.92,1.1879,0.911,1.188,0.526,0.862,af3,msa_notemplate
5v3r,44,3,0.83289,0.92,0.5561,0.953,0.556,0.28,0.897,af3,msa_notemplate
5v3r,44,4,0.815658,0.91,0.7553,0.955,0.755,0.368,0.931,af3,msa_notemplate
5wfv,42,0,0.838339,0.94,0.5551,0.972,0.555,0.296,0.957,af3,msa_notemplate
5wfv,42,1,0.848488,0.95,0.8171,0.946,0.817,0.401,0.913,af3,msa_notemplate
5wfv,42,2,0.8453149999999999,0.95,1.1686,0.937,1.169,0.451,0.913,af3,msa_notemplate
5wfv,42,3,0.850189,0.94,0.8643,0.954,0.864,0.391,0.935,af3,msa_notemplate
5wfv,42,4,0.8438800000000001,0.94,0.6247,0.954,0.625,0.323,0.913,af3,msa_notemplate
5wfv,43,0,0.842931,0.94,0.7034,0.944,0.703,0.351,0.891,af3,msa_notemplate
5wfv,43,1,0.841246,0.94,0.6115,0.963,0.611,0.309,0.935,af3,msa_notemplate
5wfv,43,2,0.8356239999999999,0.94,0.8807,0.926,0.881,0.374,0.848,af3,msa_notemplate
5wfv,43,3,0.8437009999999999,0.94,0.7174,0.95,0.717,0.37,0.913,af3,msa_notemplate
5wfv,43,4,0.840611,0.94,0.6439,0.961,0.644,0.324,0.935,af3,msa_notemplate
5wfv,44,0,0.849015,0.95,0.7775,0.944,0.778,0.348,0.891,af3,msa_notemplate
5wfv,44,1,0.846962,0.95,0.7984,0.951,0.798,0.349,0.913,af3,msa_notemplate
5wfv,44,2,0.83273,0.94,0.7744,0.945,0.774,0.341,0.891,af3,msa_notemplate
5wfv,44,3,0.8571259999999999,0.95,0.7351,0.966,0.735,0.348,0.957,af3,msa_notemplate
5wfv,44,4,0.840992,0.94,0.9587,0.931,0.959,0.391,0.87,af3,msa_notemplate
5wyi,42,0,0.5881029999999999,0.63,26.0424,0.041,26.042,8.925,0.0,af3,msa_notemplate
5wyi,42,1,0.566715,0.63,27.219,0.038,27.219,9.189,0.0,af3,msa_notemplate
5wyi,42,2,0.580117,0.62,31.8977,0.028,31.898,10.903,0.0,af3,msa_notemplate
5wyi,42,3,0.558698,0.59,29.3081,0.033,29.308,9.907,0.0,af3,msa_notemplate
5wyi,42,4,0.623067,0.71,28.8404,0.034,28.84,9.767,0.0,af3,msa_notemplate
5wyi,43,0,0.674433,0.69,24.6231,0.045,24.623,8.663,0.0,af3,msa_notemplate
5wyi,43,1,0.527767,0.49,10.6566,0.209,10.657,3.915,0.111,af3,msa_notemplate
5wyi,43,2,0.6615449999999999,0.66,25.4828,0.043,25.483,8.835,0.0,af3,msa_notemplate
5wyi,43,3,0.604977,0.58,30.3064,0.031,30.306,10.468,0.0,af3,msa_notemplate
5wyi,43,4,0.564523,0.51,26.5926,0.04,26.593,9.17,0.0,af3,msa_notemplate
5wyi,44,0,0.568126,0.5,26.4738,0.04,26.474,9.033,0.0,af3,msa_notemplate
5wyi,44,1,0.609047,0.62,31.1718,0.029,31.172,10.993,0.0,af3,msa_notemplate
5wyi,44,2,0.53468,0.47,25.9051,0.054,25.905,8.891,0.037,af3,msa_notemplate
5wyi,44,3,0.574592,0.54,30.7772,0.03,30.777,10.537,0.0,af3,msa_notemplate
5wyi,44,4,0.635371,0.64,31.367,0.029,31.367,10.799,0.0,af3,msa_notemplate
5xhz,42,0,0.9278310000000001,0.88,1.2342,0.91,1.234,0.568,0.875,af3,msa_notemplate
5xhz,42,1,0.928245,0.88,1.2281,0.915,1.228,0.525,0.875,af3,msa_notemplate
5xhz,42,2,0.919718,0.86,1.1786,0.909,1.179,0.574,0.875,af3,msa_notemplate
5xhz,42,3,0.924701,0.88,1.3265,0.921,1.327,0.536,0.9,af3,msa_notemplate
5xhz,42,4,0.9209860000000001,0.87,1.1625,0.933,1.163,0.52,0.925,af3,msa_notemplate
5xhz,43,0,0.923214,0.86,1.3492,0.899,1.349,0.637,0.875,af3,msa_notemplate
5xhz,43,1,0.92628,0.87,1.0161,0.918,1.016,0.519,0.875,af3,msa_notemplate
5xhz,43,2,0.925221,0.87,1.3836,0.897,1.384,0.651,0.875,af3,msa_notemplate
5xhz,43,3,0.9228740000000001,0.86,1.1135,0.92,1.114,0.558,0.9,af3,msa_notemplate
5xhz,43,4,0.92566,0.87,1.2068,0.916,1.207,0.584,0.9,af3,msa_notemplate
5xhz,44,0,0.920993,0.86,1.2233,0.908,1.223,0.58,0.875,af3,msa_notemplate
5xhz,44,1,0.929207,0.88,1.4367,0.901,1.437,0.618,0.875,af3,msa_notemplate
5xhz,44,2,0.920616,0.87,1.1095,0.914,1.11,0.544,0.875,af3,msa_notemplate
5xhz,44,3,0.920017,0.87,1.3221,0.904,1.322,0.604,0.875,af3,msa_notemplate
5xhz,44,4,0.921669,0.87,1.0551,0.922,1.055,0.547,0.9,af3,msa_notemplate
5xxq,42,0,0.9047379999999999,0.96,0.9481,0.954,0.948,0.357,0.927,af3,msa_notemplate
5xxq,42,1,0.8399949999999999,0.93,1.7046,0.901,1.705,0.595,0.878,af3,msa_notemplate
5xxq,42,2,0.906578,0.96,0.8713,0.98,0.871,0.342,1.0,af3,msa_notemplate
5xxq,42,3,0.892557,0.96,0.8465,0.966,0.846,0.323,0.951,af3,msa_notemplate
5xxq,42,4,0.902804,0.96,1.0201,0.96,1.02,0.37,0.951,af3,msa_notemplate
5xxq,43,0,0.887333,0.95,0.8053,0.973,0.805,0.34,0.976,af3,msa_notemplate
5xxq,43,1,0.8902800000000001,0.96,0.8254,0.966,0.825,0.325,0.951,af3,msa_notemplate
5xxq,43,2,0.9077660000000001,0.96,0.9895,0.97,0.99,0.351,0.976,af3,msa_notemplate
5xxq,43,3,0.889277,0.95,0.9148,0.964,0.915,0.337,0.951,af3,msa_notemplate
5xxq,43,4,0.8929670000000001,0.96,0.704,0.973,0.704,0.339,0.976,af3,msa_notemplate
5xxq,44,0,0.905531,0.96,1.0137,0.96,1.014,0.366,0.951,af3,msa_notemplate
5xxq,44,1,0.907076,0.96,0.9624,0.962,0.962,0.353,0.951,af3,msa_notemplate
5xxq,44,2,0.908654,0.96,0.9784,0.953,0.978,0.363,0.927,af3,msa_notemplate
5xxq,44,3,0.9096500000000001,0.96,0.8284,0.966,0.828,0.321,0.951,af3,msa_notemplate
5xxq,44,4,0.9134699999999999,0.97,0.9658,0.973,0.966,0.407,1.0,af3,msa_notemplate
5yay,42,0,0.915845,0.94,0.9675,0.93,0.968,0.589,0.935,af3,msa_notemplate
5yay,42,1,0.913566,0.94,1.042,0.929,1.042,0.585,0.935,af3,msa_notemplate
5yay,42,2,0.907441,0.94,0.9295,0.922,0.929,0.608,0.919,af3,msa_notemplate
5yay,42,3,0.918307,0.95,0.9061,0.924,0.906,0.593,0.919,af3,msa_notemplate
5yay,42,4,0.9208580000000001,0.95,0.8247,0.934,0.825,0.561,0.935,af3,msa_notemplate
5yay,43,0,0.9142619999999999,0.94,0.7678,0.917,0.768,0.618,0.903,af3,msa_notemplate
5yay,43,1,0.916988,0.94,0.9422,0.921,0.942,0.656,0.935,af3,msa_notemplate
5yay,43,2,0.899645,0.93,0.8457,0.942,0.846,0.545,0.952,af3,msa_notemplate
5yay,43,3,0.917323,0.95,0.8473,0.934,0.847,0.562,0.935,af3,msa_notemplate
5yay,43,4,0.90962,0.94,1.0037,0.912,1.004,0.638,0.903,af3,msa_notemplate
5yay,44,0,0.919443,0.95,1.0169,0.925,1.017,0.582,0.919,af3,msa_notemplate
5yay,44,1,0.9152899999999999,0.94,0.7768,0.939,0.777,0.531,0.935,af3,msa_notemplate
5yay,44,2,0.923632,0.95,0.9878,0.925,0.988,0.586,0.919,af3,msa_notemplate
5yay,44,3,0.9267409999999999,0.95,0.8593,0.938,0.859,0.487,0.919,af3,msa_notemplate
5yay,44,4,0.912948,0.94,0.7044,0.943,0.704,0.502,0.935,af3,msa_notemplate
6b27,42,0,0.920102,0.92,1.0147,0.966,1.015,0.464,1.0,af3,msa_notemplate
6b27,42,1,0.9185599999999999,0.92,1.031,0.968,1.031,0.446,1.0,af3,msa_notemplate
6b27,42,2,0.916541,0.92,1.1842,0.95,1.184,0.581,1.0,af3,msa_notemplate
6b27,42,3,0.9192100000000001,0.92,0.9293,0.972,0.929,0.423,1.0,af3,msa_notemplate
6b27,42,4,0.923892,0.93,1.0277,0.962,1.028,0.5,1.0,af3,msa_notemplate
6b27,43,0,0.929206,0.93,1.0447,0.966,1.045,0.462,1.0,af3,msa_notemplate
6b27,43,1,0.921669,0.93,0.8349,0.975,0.835,0.402,1.0,af3,msa_notemplate
6b27,43,2,0.918141,0.93,1.0174,0.969,1.017,0.435,1.0,af3,msa_notemplate
6b27,43,3,0.9267749999999999,0.93,0.9476,0.958,0.948,0.446,0.968,af3,msa_notemplate
6b27,43,4,0.9274,0.93,0.7756,0.966,0.776,0.383,0.968,af3,msa_notemplate
6b27,44,0,0.9096139999999999,0.91,0.7985,0.965,0.798,0.394,0.968,af3,msa_notemplate
6b27,44,1,0.9265909999999999,0.93,0.8164,0.977,0.816,0.381,1.0,af3,msa_notemplate
6b27,44,2,0.9216599999999999,0.92,0.9825,0.96,0.983,0.519,1.0,af3,msa_notemplate
6b27,44,3,0.919,0.91,1.1917,0.95,1.192,0.581,1.0,af3,msa_notemplate
6b27,44,4,0.922873,0.93,0.8718,0.975,0.872,0.39,1.0,af3,msa_notemplate
6co4,42,0,0.914899,0.89,1.9328,0.859,1.933,1.109,0.979,af3,msa_notemplate
6co4,42,1,0.9094679999999999,0.88,1.9499,0.841,1.95,1.133,0.936,af3,msa_notemplate
6co4,42,2,0.912694,0.89,2.0456,0.843,2.046,1.155,0.957,af3,msa_notemplate
6co4,42,3,0.914714,0.88,1.9934,0.842,1.993,1.123,0.936,af3,msa_notemplate
6co4,42,4,0.9126080000000001,0.88,2.0241,0.844,2.024,1.155,0.957,af3,msa_notemplate
6co4,43,0,0.911122,0.89,1.9438,0.852,1.944,1.104,0.957,af3,msa_notemplate
6co4,43,1,0.913574,0.89,1.9951,0.839,1.995,1.141,0.936,af3,msa_notemplate
6co4,43,2,0.91295,0.89,1.952,0.845,1.952,1.106,0.936,af3,msa_notemplate
6co4,43,3,0.9144580000000001,0.89,1.7788,0.858,1.779,1.077,0.957,af3,msa_notemplate
6co4,43,4,0.9113039999999999,0.89,2.1441,0.839,2.144,1.173,0.957,af3,msa_notemplate
6co4,44,0,0.912651,0.88,2.0241,0.838,2.024,1.147,0.936,af3,msa_notemplate
6co4,44,1,0.9139929999999999,0.89,1.8111,0.85,1.811,1.083,0.936,af3,msa_notemplate
6co4,44,2,0.913174,0.89,1.9561,0.841,1.956,1.129,0.936,af3,msa_notemplate
6co4,44,3,0.90776,0.88,1.9005,0.852,1.9,1.112,0.957,af3,msa_notemplate
6co4,44,4,0.912397,0.88,1.9586,0.846,1.959,1.144,0.957,af3,msa_notemplate
6dei,42,0,0.613677,0.52,33.6627,0.024,33.663,14.07,0.0,af3,msa_notemplate
6dei,42,1,0.5561119999999999,0.45,31.231,0.028,31.231,12.622,0.0,af3,msa_notemplate
6dei,42,2,0.561981,0.37,32.8515,0.025,32.851,13.226,0.0,af3,msa_notemplate
6dei,42,3,0.598727,0.45,32.5973,0.026,32.597,12.66,0.0,af3,msa_notemplate
6dei,42,4,0.66377,0.67,23.3807,0.046,23.381,10.277,0.0,af3,msa_notemplate
6dei,43,0,0.687104,0.68,31.1026,0.028,31.103,12.59,0.0,af3,msa_notemplate
6dei,43,1,0.625097,0.59,29.3918,0.031,29.392,11.991,0.0,af3,msa_notemplate
6dei,43,2,0.576672,0.52,33.4347,0.024,33.435,13.54,0.0,af3,msa_notemplate
6dei,43,3,0.611328,0.52,32.326,0.026,32.326,13.62,0.0,af3,msa_notemplate
6dei,43,4,0.640177,0.57,32.5496,0.026,32.55,13.134,0.0,af3,msa_notemplate
6dei,44,0,0.63413,0.56,31.8227,0.026,31.823,13.191,0.0,af3,msa_notemplate
6dei,44,1,0.634263,0.59,31.408,0.027,31.408,12.73,0.0,af3,msa_notemplate
6dei,44,2,0.627572,0.57,29.2433,0.031,29.243,11.802,0.0,af3,msa_notemplate
6dei,44,3,0.551883,0.44,30.7084,0.028,30.708,12.499,0.0,af3,msa_notemplate
6dei,44,4,0.634428,0.62,29.3201,0.031,29.32,12.017,0.0,af3,msa_notemplate
6e5x,42,0,0.9406399999999999,0.88,2.526,0.842,2.526,1.064,0.943,af3,msa_notemplate
6e5x,42,1,0.941594,0.88,2.6218,0.837,2.622,1.091,0.943,af3,msa_notemplate
6e5x,42,2,0.940278,0.88,2.5976,0.836,2.598,1.1,0.943,af3,msa_notemplate
6e5x,42,3,0.938083,0.88,2.5709,0.842,2.571,1.059,0.943,af3,msa_notemplate
6e5x,42,4,0.9355020000000001,0.88,2.7451,0.826,2.745,1.148,0.943,af3,msa_notemplate
6e5x,43,0,0.9387390000000001,0.88,2.6169,0.841,2.617,1.063,0.943,af3,msa_notemplate
6e5x,43,1,0.943025,0.89,2.5655,0.84,2.566,1.075,0.943,af3,msa_notemplate
6e5x,43,2,0.938087,0.88,2.6224,0.833,2.622,1.116,0.943,af3,msa_notemplate
6e5x,43,3,0.936325,0.88,2.5885,0.841,2.589,1.065,0.943,af3,msa_notemplate
6e5x,43,4,0.9392820000000001,0.88,2.6241,0.835,2.624,1.1,0.943,af3,msa_notemplate
6e5x,44,0,0.9364530000000001,0.88,2.5656,0.837,2.566,1.099,0.943,af3,msa_notemplate
6e5x,44,1,0.9425100000000001,0.89,2.522,0.842,2.522,1.065,0.943,af3,msa_notemplate
6e5x,44,2,0.940416,0.89,2.5793,0.838,2.579,1.088,0.943,af3,msa_notemplate
6e5x,44,3,0.93974,0.89,2.5814,0.834,2.581,1.119,0.943,af3,msa_notemplate
6e5x,44,4,0.9363769999999999,0.88,2.6065,0.833,2.606,1.118,0.943,af3,msa_notemplate
6ej7,42,0,0.46155799999999997,0.68,3.0656,0.734,3.066,1.082,0.661,af3,msa_notemplate
6ej7,42,1,0.412966,0.65,1.6826,0.87,1.683,0.641,0.804,af3,msa_notemplate
6ej7,42,2,0.44486,0.66,1.5188,0.892,1.519,0.63,0.857,af3,msa_notemplate
6ej7,42,3,0.45435200000000003,0.7,3.8478,0.659,3.848,1.285,0.571,af3,msa_notemplate
6ej7,42,4,0.46149999999999997,0.69,3.6181,0.724,3.618,1.198,0.714,af3,msa_notemplate
6ej7,43,0,0.416192,0.65,1.8107,0.874,1.811,0.691,0.839,af3,msa_notemplate
6ej7,43,1,0.448444,0.68,3.3224,0.703,3.322,1.138,0.607,af3,msa_notemplate
6ej7,43,2,0.41350499999999996,0.65,1.9902,0.828,1.99,0.738,0.732,af3,msa_notemplate
6ej7,43,3,0.463318,0.71,3.7379,0.662,3.738,1.286,0.571,af3,msa_notemplate
6ej7,43,4,0.42267899999999997,0.66,1.9693,0.857,1.969,0.746,0.821,af3,msa_notemplate
6ej7,44,0,0.41118699999999997,0.65,1.7384,0.838,1.738,0.654,0.714,af3,msa_notemplate
6ej7,44,1,0.473444,0.71,3.7345,0.685,3.734,1.249,0.625,af3,msa_notemplate
6ej7,44,2,0.47118899999999997,0.69,3.2223,0.73,3.222,1.09,0.661,af3,msa_notemplate
6ej7,44,3,0.46719700000000003,0.68,3.4101,0.709,3.41,1.166,0.643,af3,msa_notemplate
6ej7,44,4,0.464166,0.68,3.1226,0.709,3.123,1.088,0.589,af3,msa_notemplate
6f0w,42,0,0.898348,0.91,0.9019,0.874,0.902,0.954,0.921,af3,msa_notemplate
6f0w,42,1,0.888818,0.91,1.0161,0.876,1.016,0.933,0.921,af3,msa_notemplate
6f0w,42,2,0.900118,0.92,0.6504,0.893,0.65,0.836,0.921,af3,msa_notemplate
6f0w,42,3,0.897232,0.91,0.8248,0.876,0.825,0.945,0.921,af3,msa_notemplate
6f0w,42,4,0.895934,0.91,0.8507,0.873,0.851,0.963,0.921,af3,msa_notemplate
6f0w,43,0,0.892272,0.91,1.2541,0.87,1.254,0.956,0.921,af3,msa_notemplate
6f0w,43,1,0.897718,0.91,0.6957,0.884,0.696,0.896,0.921,af3,msa_notemplate
6f0w,43,2,0.899841,0.92,0.7189,0.878,0.719,0.936,0.921,af3,msa_notemplate
6f0w,43,3,0.902371,0.92,0.5561,0.873,0.556,0.948,0.908,af3,msa_notemplate
6f0w,43,4,0.8859600000000001,0.9,1.2254,0.854,1.225,1.134,0.947,af3,msa_notemplate
6f0w,44,0,0.897722,0.91,0.7462,0.886,0.746,0.94,0.947,af3,msa_notemplate
6f0w,44,1,0.8980859999999999,0.91,0.5699,0.881,0.57,0.888,0.908,af3,msa_notemplate
6f0w,44,2,0.8896120000000001,0.91,0.941,0.886,0.941,0.87,0.921,af3,msa_notemplate
6f0w,44,3,0.900825,0.91,0.7204,0.898,0.72,0.858,0.947,af3,msa_notemplate
6f0w,44,4,0.887722,0.9,0.924,0.869,0.924,0.956,0.908,af3,msa_notemplate
6f0y,42,0,0.749203,0.72,6.8936,0.537,6.894,3.342,0.841,af3,msa_notemplate
6f0y,42,1,0.785974,0.75,8.7812,0.475,8.781,3.652,0.795,af3,msa_notemplate
6f0y,42,2,0.755363,0.73,6.4031,0.56,6.403,3.228,0.864,af3,msa_notemplate
6f0y,42,3,0.78271,0.74,5.888,0.596,5.888,2.451,0.841,af3,msa_notemplate
6f0y,42,4,0.764364,0.73,5.0146,0.594,5.015,2.35,0.75,af3,msa_notemplate
6f0y,43,0,0.790882,0.76,10.0386,0.45,10.039,4.158,0.818,af3,msa_notemplate
6f0y,43,1,0.758884,0.74,5.2206,0.626,5.221,2.363,0.864,af3,msa_notemplate
6f0y,43,2,0.749699,0.72,4.2972,0.61,4.297,3.591,0.886,af3,msa_notemplate
6f0y,43,3,0.792385,0.77,11.0703,0.441,11.07,4.86,0.864,af3,msa_notemplate
6f0y,43,4,0.774079,0.73,9.5323,0.463,9.532,3.898,0.818,af3,msa_notemplate
6f0y,44,0,0.74005,0.72,4.1373,0.692,4.137,1.825,0.864,af3,msa_notemplate
6f0y,44,1,0.775143,0.74,6.5195,0.553,6.52,2.709,0.795,af3,msa_notemplate
6f0y,44,2,0.7824639999999999,0.74,6.5289,0.548,6.529,2.816,0.795,af3,msa_notemplate
6f0y,44,3,0.7333029999999999,0.72,4.0964,0.663,4.096,2.004,0.818,af3,msa_notemplate
6f0y,44,4,0.7744759999999999,0.74,4.375,0.685,4.375,1.748,0.841,af3,msa_notemplate
6f4s,42,0,0.616415,0.71,2.715,0.877,2.715,0.699,0.903,af3,msa_notemplate
6f4s,42,1,0.6062299999999999,0.69,1.5154,0.945,1.515,0.409,0.935,af3,msa_notemplate
6f4s,42,2,0.594823,0.69,3.3898,0.83,3.39,0.853,0.871,af3,msa_notemplate
6f4s,42,3,0.6174430000000001,0.71,1.776,0.934,1.776,0.48,0.935,af3,msa_notemplate
6f4s,42,4,0.6190950000000001,0.72,1.8385,0.889,1.839,0.484,0.806,af3,msa_notemplate
6f4s,43,0,0.61839,0.72,2.2533,0.923,2.253,0.589,0.968,af3,msa_notemplate
6f4s,43,1,0.61034,0.71,2.4157,0.883,2.416,0.622,0.871,af3,msa_notemplate
6f4s,43,2,0.587283,0.67,1.141,0.955,1.141,0.351,0.935,af3,msa_notemplate
6f4s,43,3,0.600355,0.71,0.9828,0.96,0.983,0.31,0.935,af3,msa_notemplate
6f4s,43,4,0.60134,0.7,1.3043,0.952,1.304,0.366,0.935,af3,msa_notemplate
6f4s,44,0,0.6144149999999999,0.7,1.5038,0.943,1.504,0.432,0.935,af3,msa_notemplate
6f4s,44,1,0.62652,0.72,3.2337,0.827,3.234,0.825,0.839,af3,msa_notemplate
6f4s,44,2,0.611962,0.7,1.2737,0.964,1.274,0.363,0.968,af3,msa_notemplate
6f4s,44,3,0.6083850000000001,0.69,1.9791,0.936,1.979,0.523,0.968,af3,msa_notemplate
6f4s,44,4,0.58671,0.66,1.699,0.948,1.699,0.46,0.968,af3,msa_notemplate
6f6d,42,0,0.8568859999999999,0.93,0.9079,0.898,0.908,0.701,0.885,af3,msa_notemplate
6f6d,42,1,0.849587,0.93,0.9541,0.896,0.954,0.797,0.92,af3,msa_notemplate
6f6d,42,2,0.859011,0.94,1.0786,0.901,1.079,0.726,0.908,af3,msa_notemplate
6f6d,42,3,0.853772,0.94,0.9276,0.856,0.928,1.046,0.908,af3,msa_notemplate
6f6d,42,4,0.84758,0.93,1.3259,0.891,1.326,0.804,0.92,af3,msa_notemplate
6f6d,43,0,0.853387,0.93,1.1067,0.907,1.107,0.759,0.943,af3,msa_notemplate
6f6d,43,1,0.848874,0.93,1.1063,0.892,1.106,0.706,0.874,af3,msa_notemplate
6f6d,43,2,0.8435380000000001,0.93,1.3031,0.875,1.303,0.864,0.897,af3,msa_notemplate
6f6d,43,3,0.850086,0.93,1.0462,0.852,1.046,1.066,0.908,af3,msa_notemplate
6f6d,43,4,0.843321,0.92,1.0034,0.908,1.003,0.709,0.92,af3,msa_notemplate
6f6d,44,0,0.846562,0.92,1.3098,0.894,1.31,0.786,0.92,af3,msa_notemplate
6f6d,44,1,0.8598399999999999,0.93,1.0236,0.882,1.024,0.807,0.885,af3,msa_notemplate
6f6d,44,2,0.837494,0.92,1.0319,0.891,1.032,0.769,0.897,af3,msa_notemplate
6f6d,44,3,0.846387,0.93,1.1712,0.872,1.171,0.868,0.885,af3,msa_notemplate
6f6d,44,4,0.844746,0.92,1.1465,0.896,1.147,0.783,0.92,af3,msa_notemplate
6fbk,42,0,0.831889,0.71,1.6612,0.809,1.661,1.105,0.816,af3,msa_notemplate
6fbk,42,1,0.8118139999999999,0.67,1.7334,0.807,1.733,1.179,0.842,af3,msa_notemplate
6fbk,42,2,0.817821,0.67,1.8453,0.813,1.845,1.187,0.868,af3,msa_notemplate
6fbk,42,3,0.754122,0.64,2.0227,0.799,2.023,1.273,0.868,af3,msa_notemplate
6fbk,42,4,0.7674639999999999,0.63,2.9315,0.709,2.932,1.597,0.763,af3,msa_notemplate
6fbk,43,0,0.818352,0.69,1.5315,0.819,1.532,1.176,0.868,af3,msa_notemplate
6fbk,43,1,0.806425,0.69,1.3969,0.838,1.397,1.113,0.895,af3,msa_notemplate
6fbk,43,2,0.824145,0.71,1.5905,0.814,1.591,1.141,0.842,af3,msa_notemplate
6fbk,43,3,0.769902,0.64,2.5541,0.716,2.554,1.518,0.737,af3,msa_notemplate
6fbk,43,4,0.820606,0.7,1.7363,0.814,1.736,1.19,0.868,af3,msa_notemplate
6fbk,44,0,0.8255939999999999,0.7,1.6541,0.816,1.654,1.121,0.842,af3,msa_notemplate
6fbk,44,1,0.8368000000000001,0.72,1.7134,0.821,1.713,1.207,0.895,af3,msa_notemplate
6fbk,44,2,0.808395,0.66,1.3822,0.818,1.382,1.133,0.842,af3,msa_notemplate
6fbk,44,3,0.8345229999999999,0.71,1.5462,0.802,1.546,1.166,0.816,af3,msa_notemplate
6fbk,44,4,0.8229730000000001,0.69,1.5161,0.821,1.516,1.162,0.868,af3,msa_notemplate
6g5g,42,0,0.799279,0.91,1.9709,0.651,1.971,3.133,0.816,af3,msa_notemplate
6g5g,42,1,0.79455,0.91,4.3858,0.591,4.386,3.63,0.837,af3,msa_notemplate
6g5g,42,2,0.792829,0.91,5.7635,0.571,5.763,2.887,0.816,af3,msa_notemplate
6g5g,42,3,0.799211,0.91,5.1385,0.587,5.138,3.312,0.857,af3,msa_notemplate
6g5g,42,4,0.797506,0.91,2.6574,0.64,2.657,3.279,0.837,af3,msa_notemplate
6g5g,43,0,0.796251,0.91,1.9208,0.756,1.921,1.495,0.816,af3,msa_notemplate
6g5g,43,1,0.795664,0.91,1.9373,0.639,1.937,3.877,0.837,af3,msa_notemplate
6g5g,43,2,0.796079,0.91,3.1475,0.63,3.147,3.516,0.857,af3,msa_notemplate
6g5g,43,3,0.792558,0.91,1.6954,0.657,1.695,3.556,0.857,af3,msa_notemplate
6g5g,43,4,0.7968810000000001,0.91,3.682,0.613,3.682,3.439,0.837,af3,msa_notemplate
6g5g,44,0,0.8030419999999999,0.91,2.1926,0.635,2.193,3.864,0.837,af3,msa_notemplate
6g5g,44,1,0.8004399999999999,0.91,3.1432,0.62,3.143,3.993,0.857,af3,msa_notemplate
6g5g,44,2,0.801575,0.91,3.6402,0.603,3.64,3.918,0.837,af3,msa_notemplate
6g5g,44,3,0.7935380000000001,0.9,3.7933,0.597,3.793,4.028,0.837,af3,msa_notemplate
6g5g,44,4,0.8024209999999999,0.91,3.7153,0.601,3.715,3.945,0.837,af3,msa_notemplate
6h7b,42,0,0.906366,0.88,1.2301,0.943,1.23,0.571,0.977,af3,msa_notemplate
6h7b,42,1,0.90422,0.88,1.5089,0.91,1.509,0.678,0.93,af3,msa_notemplate
6h7b,42,2,0.9045749999999999,0.88,1.1775,0.921,1.177,0.57,0.907,af3,msa_notemplate
6h7b,42,3,0.906956,0.88,1.515,0.908,1.515,0.746,0.953,af3,msa_notemplate
6h7b,42,4,0.904494,0.88,1.5875,0.92,1.587,0.713,0.977,af3,msa_notemplate
6h7b,43,0,0.9047459999999999,0.88,1.067,0.949,1.067,0.541,0.977,af3,msa_notemplate
6h7b,43,1,0.905933,0.88,1.28,0.934,1.28,0.636,0.977,af3,msa_notemplate
6h7b,43,2,0.90152,0.87,1.6314,0.917,1.631,0.73,0.977,af3,msa_notemplate
6h7b,43,3,0.905542,0.88,1.4824,0.923,1.482,0.698,0.977,af3,msa_notemplate
6h7b,43,4,0.903019,0.87,1.1614,0.926,1.161,0.59,0.93,af3,msa_notemplate
6h7b,44,0,0.909237,0.88,1.1038,0.95,1.104,0.585,1.0,af3,msa_notemplate
6h7b,44,1,0.917535,0.9,1.4052,0.928,1.405,0.672,0.977,af3,msa_notemplate
6h7b,44,2,0.913882,0.89,1.0673,0.944,1.067,0.58,0.977,af3,msa_notemplate
6h7b,44,3,0.913811,0.88,1.3112,0.924,1.311,0.651,0.953,af3,msa_notemplate
6h7b,44,4,0.915999,0.89,1.5785,0.913,1.579,0.759,0.977,af3,msa_notemplate
