complex,seed,id,pep_plddt,iptm,scRMSD,dockq_score,lrmsd,irmsd,fnat,model,method
1a0n,42,0,0.84909,0.73,7.1451,0.531,7.145,2.788,0.783,af3,nomsa_template
1a0n,42,1,0.8390430000000001,0.7,6.6309,0.551,6.631,2.599,0.783,af3,nomsa_template
1a0n,42,2,0.833936,0.7,5.0926,0.621,5.093,2.07,0.783,af3,nomsa_template
1a0n,42,3,0.8463249999999999,0.73,6.7859,0.546,6.786,2.641,0.783,af3,nomsa_template
1a0n,42,4,0.866443,0.76,6.1877,0.572,6.188,2.412,0.783,af3,nomsa_template
1a0n,43,0,0.8202419999999999,0.65,6.3508,0.565,6.351,2.464,0.783,af3,nomsa_template
1a0n,43,1,0.833877,0.69,3.4928,0.711,3.493,1.513,0.783,af3,nomsa_template
1a0n,43,2,0.8456,0.74,4.7466,0.646,4.747,1.865,0.783,af3,nomsa_template
1a0n,43,3,0.808756,0.66,3.9784,0.671,3.978,1.795,0.783,af3,nomsa_template
1a0n,43,4,0.8478910000000001,0.72,5.4702,0.607,5.47,2.124,0.783,af3,nomsa_template
1a0n,44,0,0.852064,0.76,4.8179,0.642,4.818,1.896,0.783,af3,nomsa_template
1a0n,44,1,0.854839,0.74,6.4454,0.555,6.445,2.622,0.783,af3,nomsa_template
1a0n,44,2,0.857565,0.76,3.8806,0.72,3.881,1.48,0.826,af3,nomsa_template
1a0n,44,3,0.8370730000000001,0.71,6.2378,0.568,6.238,2.462,0.783,af3,nomsa_template
1a0n,44,4,0.819756,0.67,5.9129,0.59,5.913,2.225,0.783,af3,nomsa_template
1cqg,42,0,0.5926469999999999,0.43,4.0633,0.673,4.063,1.901,0.821,af3,nomsa_template
1cqg,42,1,0.55158,0.36,5.9384,0.569,5.938,2.868,0.821,af3,nomsa_template
1cqg,42,2,0.693761,0.54,6.3039,0.584,6.304,2.878,0.893,af3,nomsa_template
1cqg,42,3,0.565099,0.37,5.8891,0.591,5.889,2.672,0.857,af3,nomsa_template
1cqg,42,4,0.579828,0.41,5.2915,0.59,5.292,2.508,0.786,af3,nomsa_template
1cqg,43,0,0.6113040000000001,0.46,2.9697,0.71,2.97,1.652,0.786,af3,nomsa_template
1cqg,43,1,0.583588,0.37,4.9353,0.614,4.935,2.456,0.821,af3,nomsa_template
1cqg,43,2,0.58233,0.38,4.9794,0.636,4.979,2.47,0.893,af3,nomsa_template
1cqg,43,3,0.586594,0.42,6.3452,0.558,6.345,2.904,0.821,af3,nomsa_template
1cqg,43,4,0.551261,0.4,3.3331,0.737,3.333,1.657,0.893,af3,nomsa_template
1cqg,44,0,0.585276,0.4,4.7766,0.623,4.777,2.361,0.821,af3,nomsa_template
1cqg,44,1,0.561355,0.34,5.3362,0.625,5.336,2.499,0.893,af3,nomsa_template
1cqg,44,2,0.584713,0.45,5.9716,0.623,5.972,2.709,0.964,af3,nomsa_template
1cqg,44,3,0.546385,0.32,7.4341,0.529,7.434,3.002,0.821,af3,nomsa_template
1cqg,44,4,0.615295,0.41,5.275,0.601,5.275,2.533,0.821,af3,nomsa_template
1czy,42,0,0.765467,0.83,2.46,0.816,2.46,0.86,0.773,af3,nomsa_template
1czy,42,1,0.796091,0.85,0.7003,0.948,0.7,0.376,0.909,af3,nomsa_template
1czy,42,2,0.7790649999999999,0.84,2.0501,0.857,2.05,0.73,0.818,af3,nomsa_template
1czy,42,3,0.813126,0.86,0.7045,0.919,0.704,0.356,0.818,af3,nomsa_template
1czy,42,4,0.76645,0.83,2.8601,0.783,2.86,0.978,0.75,af3,nomsa_template
1czy,43,0,0.789106,0.85,3.749,0.731,3.749,1.267,0.773,af3,nomsa_template
1czy,43,1,0.786161,0.85,2.0081,0.867,2.008,0.72,0.841,af3,nomsa_template
1czy,43,2,0.817731,0.87,0.6592,0.957,0.659,0.364,0.932,af3,nomsa_template
1czy,43,3,0.780398,0.84,2.7148,0.801,2.715,0.928,0.773,af3,nomsa_template
1czy,43,4,0.797233,0.85,1.1068,0.917,1.107,0.489,0.864,af3,nomsa_template
1czy,44,0,0.8231870000000001,0.88,0.5461,0.963,0.546,0.302,0.932,af3,nomsa_template
1czy,44,1,0.7676909999999999,0.83,3.1263,0.766,3.126,1.059,0.75,af3,nomsa_template
1czy,44,2,0.799998,0.85,1.5882,0.895,1.588,0.616,0.864,af3,nomsa_template
1czy,44,3,0.780037,0.84,2.6179,0.807,2.618,0.901,0.773,af3,nomsa_template
1czy,44,4,0.780693,0.84,2.4358,0.834,2.436,0.843,0.818,af3,nomsa_template
1ddv,42,0,0.66853,0.53,4.1046,0.692,4.105,1.459,0.75,af3,nomsa_template
1ddv,42,1,0.63333,0.49,2.8439,0.774,2.844,1.048,0.75,af3,nomsa_template
1ddv,42,2,0.665248,0.55,2.442,0.843,2.442,0.91,0.875,af3,nomsa_template
1ddv,42,3,0.63998,0.49,4.0662,0.672,4.066,1.456,0.688,af3,nomsa_template
1ddv,42,4,0.691004,0.59,1.4974,0.944,1.497,0.603,1.0,af3,nomsa_template
1ddv,43,0,0.654278,0.53,0.8582,0.976,0.858,0.386,1.0,af3,nomsa_template
1ddv,43,1,0.656646,0.52,0.7791,0.954,0.779,0.399,0.938,af3,nomsa_template
1ddv,43,2,0.637143,0.5,3.1661,0.731,3.166,1.159,0.688,af3,nomsa_template
1ddv,43,3,0.6471169999999999,0.49,1.787,0.929,1.787,0.677,1.0,af3,nomsa_template
1ddv,43,4,0.6627649999999999,0.53,2.8015,0.82,2.802,1.023,0.875,af3,nomsa_template
1ddv,44,0,0.632157,0.48,2.5125,0.836,2.513,0.95,0.875,af3,nomsa_template
1ddv,44,1,0.823963,0.71,5.236,0.574,5.236,1.713,0.562,af3,nomsa_template
1ddv,44,2,0.8272410000000001,0.77,5.4195,0.583,5.42,1.792,0.625,af3,nomsa_template
1ddv,44,3,0.654991,0.56,3.959,0.678,3.959,1.43,0.688,af3,nomsa_template
1ddv,44,4,0.620302,0.48,2.7129,0.764,2.713,0.99,0.688,af3,nomsa_template
1eg4,42,0,0.593139,0.75,47.0341,0.199,47.034,32.582,0.562,af3,nomsa_template
1eg4,42,1,0.5568,0.71,42.4334,0.201,42.433,30.714,0.562,af3,nomsa_template
1eg4,42,2,0.557476,0.71,41.7544,0.212,41.754,31.956,0.594,af3,nomsa_template
1eg4,42,3,0.561864,0.72,44.3187,0.2,44.319,30.935,0.562,af3,nomsa_template
1eg4,42,4,0.59085,0.74,45.7458,0.199,45.746,31.92,0.562,af3,nomsa_template
1eg4,43,0,0.591407,0.74,48.8111,0.198,48.811,33.392,0.562,af3,nomsa_template
1eg4,43,1,0.5928990000000001,0.74,46.8599,0.199,46.86,32.646,0.562,af3,nomsa_template
1eg4,43,2,0.586475,0.72,42.148,0.201,42.148,32.043,0.562,af3,nomsa_template
1eg4,43,3,0.59044,0.73,48.9264,0.198,48.926,33.514,0.562,af3,nomsa_template
1eg4,43,4,0.562121,0.7,42.1572,0.201,42.157,30.381,0.562,af3,nomsa_template
1eg4,44,0,0.544948,0.7,16.9611,0.259,16.961,12.654,0.562,af3,nomsa_template
1eg4,44,1,0.568021,0.73,19.7145,0.242,19.715,19.141,0.562,af3,nomsa_template
1eg4,44,2,0.5899730000000001,0.75,44.0252,0.2,44.025,31.515,0.562,af3,nomsa_template
1eg4,44,3,0.555957,0.72,41.0163,0.212,41.016,31.08,0.594,af3,nomsa_template
1eg4,44,4,0.55533,0.72,44.1767,0.2,44.177,32.119,0.562,af3,nomsa_template
1f47,42,0,0.791954,0.84,1.3743,0.936,1.374,0.672,1.0,af3,nomsa_template
1f47,42,1,0.797635,0.83,1.5418,0.923,1.542,0.746,1.0,af3,nomsa_template
1f47,42,2,0.816913,0.86,1.1713,0.932,1.171,0.643,0.969,af3,nomsa_template
1f47,42,3,0.817066,0.86,1.2559,0.932,1.256,0.631,0.969,af3,nomsa_template
1f47,42,4,0.807828,0.85,1.2838,0.916,1.284,0.675,0.938,af3,nomsa_template
1f47,43,0,0.8170829999999999,0.84,1.568,0.933,1.568,0.677,1.0,af3,nomsa_template
1f47,43,1,0.818392,0.85,1.7947,0.89,1.795,0.805,0.938,af3,nomsa_template
1f47,43,2,0.8063290000000001,0.84,1.3079,0.938,1.308,0.659,1.0,af3,nomsa_template
1f47,43,3,0.7855530000000001,0.82,1.3308,0.914,1.331,0.682,0.938,af3,nomsa_template
1f47,43,4,0.82184,0.87,1.357,0.928,1.357,0.654,0.969,af3,nomsa_template
1f47,44,0,0.819534,0.86,1.5473,0.918,1.547,0.707,0.969,af3,nomsa_template
1f47,44,1,0.811251,0.85,1.6384,0.912,1.638,0.74,0.969,af3,nomsa_template
1f47,44,2,0.805938,0.84,1.4102,0.921,1.41,0.697,0.969,af3,nomsa_template
1f47,44,3,0.801445,0.83,1.2932,0.938,1.293,0.661,1.0,af3,nomsa_template
1f47,44,4,0.814465,0.85,1.4633,0.926,1.463,0.736,1.0,af3,nomsa_template
1f8h,42,0,0.887155,0.87,2.0888,0.851,2.089,0.988,0.913,af3,nomsa_template
1f8h,42,1,0.909833,0.89,2.2858,0.806,2.286,1.081,0.826,af3,nomsa_template
1f8h,42,2,0.886271,0.88,2.3665,0.807,2.366,1.059,0.826,af3,nomsa_template
1f8h,42,3,0.8830119999999999,0.86,1.7998,0.843,1.8,0.873,0.826,af3,nomsa_template
1f8h,42,4,0.890629,0.88,1.5986,0.861,1.599,0.87,0.87,af3,nomsa_template
1f8h,43,0,0.867941,0.83,2.4069,0.781,2.407,1.034,0.739,af3,nomsa_template
1f8h,43,1,0.907794,0.88,2.1075,0.822,2.107,0.984,0.826,af3,nomsa_template
1f8h,43,2,0.870267,0.85,2.3681,0.828,2.368,1.012,0.87,af3,nomsa_template
1f8h,43,3,0.8930710000000001,0.86,2.5303,0.814,2.53,1.094,0.87,af3,nomsa_template
1f8h,43,4,0.9096899999999999,0.89,2.7708,0.785,2.771,1.159,0.826,af3,nomsa_template
1f8h,44,0,0.892851,0.88,2.2328,0.789,2.233,0.999,0.739,af3,nomsa_template
1f8h,44,1,0.8422329999999999,0.83,1.9096,0.846,1.91,0.841,0.826,af3,nomsa_template
1f8h,44,2,0.887616,0.86,1.9652,0.863,1.965,0.919,0.913,af3,nomsa_template
1f8h,44,3,0.8469570000000001,0.81,1.8472,0.862,1.847,0.836,0.87,af3,nomsa_template
1f8h,44,4,0.867808,0.85,2.1858,0.858,2.186,0.927,0.913,af3,nomsa_template
1j2x,42,0,0.898454,0.84,1.155,0.873,1.155,0.649,0.795,af3,nomsa_template
1j2x,42,1,0.909121,0.84,2.5118,0.786,2.512,1.179,0.821,af3,nomsa_template
1j2x,42,2,0.888035,0.81,4.1189,0.654,4.119,2.01,0.795,af3,nomsa_template
1j2x,42,3,0.91484,0.85,4.0129,0.66,4.013,1.965,0.795,af3,nomsa_template
1j2x,42,4,0.9122060000000001,0.86,2.5129,0.778,2.513,1.244,0.821,af3,nomsa_template
1j2x,43,0,0.882899,0.82,1.8886,0.793,1.889,0.962,0.718,af3,nomsa_template
1j2x,43,1,0.880001,0.8,4.2025,0.664,4.202,2.081,0.846,af3,nomsa_template
1j2x,43,2,0.9106380000000001,0.85,1.8579,0.839,1.858,0.883,0.821,af3,nomsa_template
1j2x,43,3,0.926843,0.88,2.7088,0.748,2.709,1.384,0.795,af3,nomsa_template
1j2x,43,4,0.908275,0.85,1.4652,0.853,1.465,0.769,0.795,af3,nomsa_template
1j2x,44,0,0.931754,0.88,1.0666,0.885,1.067,0.628,0.821,af3,nomsa_template
1j2x,44,1,0.9046460000000001,0.84,1.8022,0.846,1.802,0.784,0.795,af3,nomsa_template
1j2x,44,2,0.905615,0.85,1.0694,0.87,1.069,0.678,0.795,af3,nomsa_template
1j2x,44,3,0.910144,0.86,3.462,0.708,3.462,1.757,0.846,af3,nomsa_template
1j2x,44,4,0.911961,0.85,3.7704,0.68,3.77,1.804,0.795,af3,nomsa_template
1jd5,42,0,0.913169,0.94,1.0857,0.815,1.086,1.537,0.973,af3,nomsa_template
1jd5,42,1,0.911489,0.93,1.2885,0.945,1.288,0.613,1.0,af3,nomsa_template
1jd5,42,2,0.910106,0.93,1.022,0.949,1.022,0.534,0.973,af3,nomsa_template
1jd5,42,3,0.9062779999999999,0.93,1.6114,0.845,1.611,1.232,0.973,af3,nomsa_template
1jd5,42,4,0.910843,0.93,1.1456,0.939,1.146,0.665,1.0,af3,nomsa_template
1jd5,43,0,0.909371,0.93,0.9983,0.826,0.998,1.443,0.973,af3,nomsa_template
1jd5,43,1,0.901009,0.93,0.9372,0.858,0.937,1.19,0.973,af3,nomsa_template
1jd5,43,2,0.913058,0.93,0.8353,0.827,0.835,1.531,1.0,af3,nomsa_template
1jd5,43,3,0.906911,0.93,0.8654,0.934,0.865,0.66,0.973,af3,nomsa_template
1jd5,43,4,0.910383,0.93,1.2008,0.937,1.201,0.68,1.0,af3,nomsa_template
1jd5,44,0,0.911688,0.93,0.7571,0.815,0.757,1.562,0.973,af3,nomsa_template
1jd5,44,1,0.912755,0.93,0.6292,0.956,0.629,0.501,0.973,af3,nomsa_template
1jd5,44,2,0.916095,0.93,1.0176,0.938,1.018,0.621,0.973,af3,nomsa_template
1jd5,44,3,0.914795,0.93,1.0406,0.821,1.041,1.489,0.973,af3,nomsa_template
1jd5,44,4,0.913723,0.93,0.9783,0.785,0.978,1.853,0.973,af3,nomsa_template
1jq8,42,0,0.654625,0.64,2.7282,0.78,2.728,0.813,0.659,af3,nomsa_template
1jq8,42,1,0.666223,0.64,2.5801,0.774,2.58,0.82,0.636,af3,nomsa_template
1jq8,42,2,0.675415,0.64,2.7164,0.793,2.716,0.877,0.727,af3,nomsa_template
1jq8,42,3,0.69247,0.68,2.6133,0.787,2.613,0.882,0.705,af3,nomsa_template
1jq8,42,4,0.7104600000000001,0.71,2.9184,0.777,2.918,0.957,0.727,af3,nomsa_template
1jq8,43,0,0.648145,0.65,4.245,0.663,4.245,1.171,0.568,af3,nomsa_template
1jq8,43,1,0.6679649999999999,0.65,2.9548,0.767,2.955,0.867,0.659,af3,nomsa_template
1jq8,43,2,0.716112,0.69,2.5008,0.834,2.501,0.732,0.773,af3,nomsa_template
1jq8,43,3,0.6849250000000001,0.66,3.1757,0.772,3.176,0.904,0.705,af3,nomsa_template
1jq8,43,4,0.633118,0.61,3.5329,0.699,3.533,1.039,0.568,af3,nomsa_template
1jq8,44,0,0.6778019999999999,0.65,3.2242,0.736,3.224,0.934,0.614,af3,nomsa_template
1jq8,44,1,0.662435,0.63,2.0596,0.83,2.06,0.709,0.727,af3,nomsa_template
1jq8,44,2,0.703122,0.67,3.0821,0.791,3.082,0.888,0.75,af3,nomsa_template
1jq8,44,3,0.691075,0.67,2.7324,0.801,2.732,0.871,0.75,af3,nomsa_template
1jq8,44,4,0.620805,0.59,3.4296,0.687,3.43,1.035,0.523,af3,nomsa_template
1jw6,42,0,0.42953899999999995,0.47,36.0816,0.024,36.082,10.787,0.0,af3,nomsa_template
1jw6,42,1,0.359929,0.36,33.3691,0.027,33.369,10.151,0.0,af3,nomsa_template
1jw6,42,2,0.36032899999999995,0.44,31.9534,0.03,31.953,9.528,0.0,af3,nomsa_template
1jw6,42,3,0.374411,0.39,30.8358,0.032,30.836,9.103,0.0,af3,nomsa_template
1jw6,42,4,0.418039,0.47,34.3071,0.026,34.307,10.258,0.0,af3,nomsa_template
1jw6,43,0,0.34818600000000005,0.35,32.5882,0.029,32.588,9.609,0.0,af3,nomsa_template
1jw6,43,1,0.33354700000000004,0.36,27.8523,0.039,27.852,8.163,0.0,af3,nomsa_template
1jw6,43,2,0.334998,0.34,29.0261,0.036,29.026,8.546,0.0,af3,nomsa_template
1jw6,43,3,0.339388,0.36,35.8524,0.024,35.852,10.6,0.0,af3,nomsa_template
1jw6,43,4,0.445961,0.53,31.9987,0.03,31.999,9.641,0.0,af3,nomsa_template
1jw6,44,0,0.329253,0.37,47.2745,0.014,47.275,14.465,0.0,af3,nomsa_template
1jw6,44,1,0.373724,0.4,32.2201,0.03,32.22,9.666,0.0,af3,nomsa_template
1jw6,44,2,0.441718,0.48,32.8903,0.028,32.89,9.807,0.0,af3,nomsa_template
1jw6,44,3,0.40838299999999994,0.43,34.0428,0.026,34.043,10.389,0.0,af3,nomsa_template
1jw6,44,4,0.418745,0.49,33.6306,0.027,33.631,10.19,0.0,af3,nomsa_template
1l2z,42,0,0.679042,0.36,3.7273,0.627,3.727,1.835,0.643,af3,nomsa_template
1l2z,42,1,0.718906,0.44,2.8623,0.721,2.862,1.356,0.714,af3,nomsa_template
1l2z,42,2,0.695889,0.4,3.2902,0.668,3.29,1.634,0.679,af3,nomsa_template
1l2z,42,3,0.722925,0.46,2.4444,0.761,2.444,1.205,0.75,af3,nomsa_template
1l2z,42,4,0.673998,0.37,3.6145,0.666,3.614,1.7,0.714,af3,nomsa_template
1l2z,43,0,0.685217,0.34,4.2983,0.619,4.298,2.065,0.714,af3,nomsa_template
1l2z,43,1,0.668245,0.29,4.5507,0.627,4.551,2.189,0.786,af3,nomsa_template
1l2z,43,2,0.6364,0.27,4.356,0.606,4.356,2.055,0.679,af3,nomsa_template
1l2z,43,3,0.649937,0.27,3.9217,0.625,3.922,1.946,0.679,af3,nomsa_template
1l2z,43,4,0.664076,0.31,4.0012,0.641,4.001,1.876,0.714,af3,nomsa_template
1l2z,44,0,0.633247,0.28,3.4745,0.657,3.475,1.981,0.75,af3,nomsa_template
1l2z,44,1,0.6898340000000001,0.35,3.0667,0.702,3.067,1.842,0.821,af3,nomsa_template
1l2z,44,2,0.667385,0.33,3.3766,0.652,3.377,1.927,0.714,af3,nomsa_template
1l2z,44,3,0.685326,0.36,2.7847,0.682,2.785,1.736,0.714,af3,nomsa_template
1l2z,44,4,0.666015,0.35,3.1546,0.7,3.155,1.842,0.821,af3,nomsa_template
1lb6,42,0,0.855241,0.91,0.6368,0.964,0.637,0.341,0.946,af3,nomsa_template
1lb6,42,1,0.8529300000000001,0.91,0.5153,0.973,0.515,0.34,0.973,af3,nomsa_template
1lb6,42,2,0.857049,0.91,0.7071,0.97,0.707,0.368,0.973,af3,nomsa_template
1lb6,42,3,0.851951,0.9,0.7119,0.971,0.712,0.352,0.973,af3,nomsa_template
1lb6,42,4,0.852725,0.91,0.6438,0.974,0.644,0.327,0.973,af3,nomsa_template
1lb6,43,0,0.864211,0.92,0.7794,0.96,0.779,0.375,0.946,af3,nomsa_template
1lb6,43,1,0.8560080000000001,0.91,0.7619,0.967,0.762,0.393,0.973,af3,nomsa_template
1lb6,43,2,0.846873,0.9,0.7685,0.97,0.768,0.364,0.973,af3,nomsa_template
1lb6,43,3,0.860683,0.91,0.5448,0.965,0.545,0.328,0.946,af3,nomsa_template
1lb6,43,4,0.8551730000000001,0.91,0.622,0.976,0.622,0.307,0.973,af3,nomsa_template
1lb6,44,0,0.848067,0.91,0.6985,0.971,0.699,0.353,0.973,af3,nomsa_template
1lb6,44,1,0.85886,0.91,0.6189,0.983,0.619,0.332,1.0,af3,nomsa_template
1lb6,44,2,0.864405,0.92,0.4797,0.976,0.48,0.315,0.973,af3,nomsa_template
1lb6,44,3,0.8598220000000001,0.91,0.5649,0.974,0.565,0.329,0.973,af3,nomsa_template
1lb6,44,4,0.853879,0.91,0.4243,0.977,0.424,0.302,0.973,af3,nomsa_template
1mf4,42,0,0.580432,0.59,6.9613,0.481,6.961,1.885,0.457,af3,nomsa_template
1mf4,42,1,0.624954,0.62,4.5409,0.663,4.541,1.273,0.629,af3,nomsa_template
1mf4,42,2,0.593151,0.57,3.5926,0.7,3.593,1.029,0.571,af3,nomsa_template
1mf4,42,3,0.581727,0.56,4.053,0.682,4.053,1.15,0.6,af3,nomsa_template
1mf4,42,4,0.567207,0.54,3.3058,0.739,3.306,0.938,0.629,af3,nomsa_template
1mf4,43,0,0.563256,0.53,3.9695,0.709,3.969,1.102,0.657,af3,nomsa_template
1mf4,43,1,0.563215,0.55,4.3751,0.637,4.375,1.21,0.514,af3,nomsa_template
1mf4,43,2,0.575215,0.57,4.0525,0.677,4.053,1.116,0.571,af3,nomsa_template
1mf4,43,3,0.5776290000000001,0.56,4.6915,0.628,4.691,1.291,0.543,af3,nomsa_template
1mf4,43,4,0.608405,0.6,5.4604,0.572,5.46,1.517,0.514,af3,nomsa_template
1mf4,44,0,0.591185,0.59,3.8489,0.667,3.849,1.083,0.514,af3,nomsa_template
1mf4,44,1,0.563995,0.52,4.3749,0.669,4.375,1.186,0.6,af3,nomsa_template
1mf4,44,2,0.574932,0.54,3.8715,0.678,3.871,1.068,0.543,af3,nomsa_template
1mf4,44,3,0.555161,0.52,4.5403,0.657,4.54,1.243,0.6,af3,nomsa_template
1mf4,44,4,0.616273,0.58,4.1366,0.708,4.137,1.147,0.686,af3,nomsa_template
1mv0,42,0,0.73104,0.5,3.1563,0.691,3.156,1.446,0.674,af3,nomsa_template
1mv0,42,1,0.828993,0.67,8.3455,0.336,8.345,3.032,0.302,af3,nomsa_template
1mv0,42,2,0.7653660000000001,0.53,7.8924,0.344,7.892,2.868,0.279,af3,nomsa_template
1mv0,42,3,0.6735089999999999,0.34,3.0195,0.693,3.019,1.593,0.721,af3,nomsa_template
1mv0,42,4,0.862336,0.73,10.712,0.239,10.712,4.01,0.209,af3,nomsa_template
1mv0,43,0,0.742928,0.51,5.4032,0.518,5.403,2.259,0.535,af3,nomsa_template
1mv0,43,1,0.752457,0.56,2.0799,0.773,2.08,1.322,0.814,af3,nomsa_template
1mv0,43,2,0.821812,0.63,9.13,0.292,9.13,3.487,0.256,af3,nomsa_template
1mv0,43,3,0.732908,0.53,2.9427,0.723,2.943,1.279,0.698,af3,nomsa_template
1mv0,43,4,0.855564,0.7,10.7636,0.247,10.764,3.97,0.233,af3,nomsa_template
1mv0,44,0,0.8283,0.64,9.7872,0.262,9.787,3.624,0.209,af3,nomsa_template
1mv0,44,1,0.732302,0.49,5.985,0.473,5.985,2.517,0.488,af3,nomsa_template
1mv0,44,2,0.763314,0.6,2.3938,0.744,2.394,1.46,0.791,af3,nomsa_template
1mv0,44,3,0.723318,0.48,2.3999,0.689,2.4,1.395,0.605,af3,nomsa_template
1mv0,44,4,0.8417870000000001,0.67,10.889,0.219,10.889,4.169,0.163,af3,nomsa_template
1nrl,42,0,0.887548,0.94,0.6918,0.979,0.692,0.368,1.0,af3,nomsa_template
1nrl,42,1,0.889797,0.94,0.6823,0.954,0.682,0.435,0.947,af3,nomsa_template
1nrl,42,2,0.8858240000000001,0.94,0.9916,0.973,0.992,0.406,1.0,af3,nomsa_template
1nrl,42,3,0.8835599999999999,0.94,0.7631,0.942,0.763,0.608,0.974,af3,nomsa_template
1nrl,42,4,0.892034,0.94,0.6722,0.965,0.672,0.424,0.974,af3,nomsa_template
1nrl,43,0,0.885329,0.94,0.6612,0.963,0.661,0.438,0.974,af3,nomsa_template
1nrl,43,1,0.8819889999999999,0.94,0.6898,0.974,0.69,0.414,1.0,af3,nomsa_template
1nrl,43,2,0.87732,0.93,0.6968,0.972,0.697,0.432,1.0,af3,nomsa_template
1nrl,43,3,0.883458,0.94,0.763,0.958,0.763,0.398,0.947,af3,nomsa_template
1nrl,43,4,0.88563,0.94,0.7621,0.966,0.762,0.405,0.974,af3,nomsa_template
1nrl,44,0,0.8879290000000001,0.94,0.6934,0.972,0.693,0.43,1.0,af3,nomsa_template
1nrl,44,1,0.885959,0.94,0.7368,0.971,0.737,0.36,0.974,af3,nomsa_template
1nrl,44,2,0.8874299999999999,0.94,0.6443,0.972,0.644,0.439,1.0,af3,nomsa_template
1nrl,44,3,0.885786,0.94,0.6842,0.973,0.684,0.424,1.0,af3,nomsa_template
1nrl,44,4,0.8861920000000001,0.94,0.8554,0.958,0.855,0.47,0.974,af3,nomsa_template
1nvq,42,0,0.55552,0.58,0.6233,0.955,0.623,0.348,0.92,af3,nomsa_template
1nvq,42,1,0.525717,0.48,0.8555,0.948,0.855,0.395,0.92,af3,nomsa_template
1nvq,42,2,0.53736,0.51,0.5689,0.946,0.569,0.294,0.88,af3,nomsa_template
1nvq,42,3,0.5240100000000001,0.48,0.5027,0.968,0.503,0.357,0.96,af3,nomsa_template
1nvq,42,4,0.510337,0.45,0.7683,0.968,0.768,0.335,0.96,af3,nomsa_template
1nvq,43,0,0.51496,0.47,0.6703,0.956,0.67,0.329,0.92,af3,nomsa_template
1nvq,43,1,0.5401630000000001,0.55,0.5981,0.959,0.598,0.299,0.92,af3,nomsa_template
1nvq,43,2,0.5191129999999999,0.47,0.6791,0.968,0.679,0.347,0.96,af3,nomsa_template
1nvq,43,3,0.54245,0.55,0.7747,0.967,0.775,0.346,0.96,af3,nomsa_template
1nvq,43,4,0.5333100000000001,0.6,17.6741,0.297,17.674,9.794,0.68,af3,nomsa_template
1nvq,44,0,0.523393,0.5,1.0028,0.919,1.003,0.41,0.84,af3,nomsa_template
1nvq,44,1,0.533483,0.53,1.21,0.909,1.21,0.483,0.84,af3,nomsa_template
1nvq,44,2,0.334833,0.34,32.2067,0.029,32.207,10.082,0.0,af3,nomsa_template
1nvq,44,3,0.5397,0.54,0.5968,0.958,0.597,0.308,0.92,af3,nomsa_template
1nvq,44,4,0.528873,0.5,0.3974,0.975,0.397,0.274,0.96,af3,nomsa_template
1o0p,42,0,0.7067140000000001,0.63,5.5315,0.526,5.531,2.438,0.6,af3,nomsa_template
1o0p,42,1,0.663149,0.59,4.5265,0.615,4.527,1.979,0.7,af3,nomsa_template
1o0p,42,2,0.7520610000000001,0.71,3.9461,0.643,3.946,1.813,0.7,af3,nomsa_template
1o0p,42,3,0.652071,0.58,4.2871,0.596,4.287,1.97,0.625,af3,nomsa_template
1o0p,42,4,0.7072360000000001,0.64,5.2861,0.56,5.286,2.243,0.65,af3,nomsa_template
1o0p,43,0,0.687988,0.64,5.2544,0.524,5.254,2.3,0.55,af3,nomsa_template
1o0p,43,1,0.6696080000000001,0.64,4.396,0.556,4.396,2.025,0.525,af3,nomsa_template
1o0p,43,2,0.730162,0.68,5.1533,0.585,5.153,2.161,0.7,af3,nomsa_template
1o0p,43,3,0.689892,0.62,4.6347,0.596,4.635,2.085,0.675,af3,nomsa_template
1o0p,43,4,0.7333270000000001,0.71,4.4196,0.61,4.42,1.961,0.675,af3,nomsa_template
1o0p,44,0,0.733473,0.67,4.8043,0.556,4.804,2.111,0.575,af3,nomsa_template
1o0p,44,1,0.7393139999999999,0.69,4.8537,0.568,4.854,2.042,0.6,af3,nomsa_template
1o0p,44,2,0.746179,0.68,6.052,0.502,6.052,2.481,0.575,af3,nomsa_template
1o0p,44,3,0.653108,0.65,4.3087,0.604,4.309,1.974,0.65,af3,nomsa_template
1o0p,44,4,0.757226,0.69,5.508,0.541,5.508,2.324,0.625,af3,nomsa_template
1p7v,42,0,0.647246,0.82,6.9795,0.421,6.979,1.922,0.286,af3,nomsa_template
1p7v,42,1,0.523611,0.62,2.8091,0.778,2.809,0.795,0.653,af3,nomsa_template
1p7v,42,2,0.5835170000000001,0.73,3.8587,0.692,3.859,1.092,0.592,af3,nomsa_template
1p7v,42,3,0.521963,0.62,2.7027,0.785,2.703,0.762,0.653,af3,nomsa_template
1p7v,42,4,0.533126,0.64,2.538,0.781,2.538,0.718,0.612,af3,nomsa_template
1p7v,43,0,0.542709,0.67,3.2236,0.754,3.224,0.899,0.653,af3,nomsa_template
1p7v,43,1,0.5459109999999999,0.67,2.6392,0.761,2.639,0.748,0.571,af3,nomsa_template
1p7v,43,2,0.604598,0.73,2.78,0.793,2.78,0.792,0.694,af3,nomsa_template
1p7v,43,3,0.610507,0.77,3.7032,0.695,3.703,1.045,0.571,af3,nomsa_template
1p7v,43,4,0.539941,0.66,3.3555,0.737,3.355,0.955,0.633,af3,nomsa_template
1p7v,44,0,0.58707,0.73,3.0424,0.77,3.042,0.869,0.673,af3,nomsa_template
1p7v,44,1,0.557096,0.71,3.6896,0.688,3.69,1.048,0.551,af3,nomsa_template
1p7v,44,2,0.568917,0.72,3.7006,0.688,3.701,1.044,0.551,af3,nomsa_template
1p7v,44,3,0.5716870000000001,0.7,3.4463,0.732,3.446,0.974,0.633,af3,nomsa_template
1p7v,44,4,0.547191,0.67,2.9973,0.76,2.997,0.85,0.633,af3,nomsa_template
1pmx,42,0,0.8567480000000001,0.78,2.2452,0.73,2.245,1.454,0.739,af3,nomsa_template
1pmx,42,1,0.853641,0.77,2.0884,0.788,2.088,1.349,0.87,af3,nomsa_template
1pmx,42,2,0.8636879999999999,0.77,1.9233,0.783,1.923,1.295,0.826,af3,nomsa_template
1pmx,42,3,0.8615309999999999,0.78,2.2631,0.784,2.263,1.36,0.87,af3,nomsa_template
1pmx,42,4,0.864012,0.77,2.8538,0.752,2.854,1.539,0.87,af3,nomsa_template
1pmx,43,0,0.869857,0.79,3.4195,0.722,3.419,1.707,0.87,af3,nomsa_template
1pmx,43,1,0.8384659999999999,0.75,3.3425,0.717,3.342,1.491,0.783,af3,nomsa_template
1pmx,43,2,0.850552,0.77,1.7426,0.785,1.743,1.554,0.913,af3,nomsa_template
1pmx,43,3,0.8527089999999999,0.76,3.2636,0.715,3.264,1.824,0.87,af3,nomsa_template
1pmx,43,4,0.8478629999999999,0.76,2.8031,0.772,2.803,1.497,0.913,af3,nomsa_template
1pmx,44,0,0.825681,0.72,1.935,0.826,1.935,1.192,0.913,af3,nomsa_template
1pmx,44,1,0.836384,0.73,2.4732,0.757,2.473,1.709,0.913,af3,nomsa_template
1pmx,44,2,0.859131,0.77,3.0986,0.776,3.099,1.287,0.87,af3,nomsa_template
1pmx,44,3,0.8641970000000001,0.77,4.809,0.685,4.809,1.453,0.783,af3,nomsa_template
1pmx,44,4,0.881888,0.8,3.2082,0.71,3.208,1.587,0.783,af3,nomsa_template
1r17,42,0,0.827812,0.91,0.9613,0.918,0.961,0.72,0.953,af3,nomsa_template
1r17,42,1,0.8238460000000001,0.91,1.3016,0.879,1.302,0.829,0.894,af3,nomsa_template
1r17,42,2,0.825166,0.9,0.6877,0.952,0.688,0.405,0.929,af3,nomsa_template
1r17,42,3,0.8126869999999999,0.9,1.2232,0.927,1.223,0.548,0.918,af3,nomsa_template
1r17,42,4,0.813403,0.9,1.3275,0.898,1.327,0.774,0.929,af3,nomsa_template
1r17,43,0,0.790727,0.89,1.5488,0.914,1.549,0.583,0.906,af3,nomsa_template
1r17,43,1,0.8152349999999999,0.9,1.0187,0.941,1.019,0.478,0.929,af3,nomsa_template
1r17,43,2,0.8149160000000001,0.89,0.7075,0.88,0.708,0.971,0.941,af3,nomsa_template
1r17,43,3,0.809505,0.89,0.8617,0.939,0.862,0.503,0.929,af3,nomsa_template
1r17,43,4,0.81243,0.89,0.9178,0.944,0.918,0.524,0.953,af3,nomsa_template
1r17,44,0,0.8295569999999999,0.91,0.8654,0.949,0.865,0.491,0.953,af3,nomsa_template
1r17,44,1,0.824983,0.9,0.8967,0.949,0.897,0.486,0.953,af3,nomsa_template
1r17,44,2,0.8270869999999999,0.9,0.75,0.954,0.75,0.45,0.953,af3,nomsa_template
1r17,44,3,0.836516,0.91,0.7066,0.915,0.707,0.723,0.941,af3,nomsa_template
1r17,44,4,0.8298399999999999,0.91,0.8945,0.95,0.894,0.476,0.953,af3,nomsa_template
1rxz,42,0,0.883582,0.95,0.9823,0.899,0.982,0.741,0.907,af3,nomsa_template
1rxz,42,1,0.88083,0.95,0.9407,0.909,0.941,0.718,0.926,af3,nomsa_template
1rxz,42,2,0.882671,0.95,1.1359,0.886,1.136,0.869,0.926,af3,nomsa_template
1rxz,42,3,0.885176,0.95,1.0583,0.887,1.058,0.779,0.889,af3,nomsa_template
1rxz,42,4,0.875953,0.95,1.572,0.88,1.572,0.873,0.926,af3,nomsa_template
1rxz,43,0,0.881597,0.95,1.0551,0.881,1.055,0.865,0.907,af3,nomsa_template
1rxz,43,1,0.879644,0.95,1.0066,0.901,1.007,0.773,0.926,af3,nomsa_template
1rxz,43,2,0.8736109999999999,0.95,1.0596,0.866,1.06,0.883,0.87,af3,nomsa_template
1rxz,43,3,0.882685,0.95,1.0384,0.89,1.038,0.76,0.889,af3,nomsa_template
1rxz,43,4,0.885578,0.96,1.1005,0.894,1.1,0.812,0.926,af3,nomsa_template
1rxz,44,0,0.882149,0.95,1.1811,0.879,1.181,0.866,0.907,af3,nomsa_template
1rxz,44,1,0.883454,0.95,1.0398,0.875,1.04,0.953,0.926,af3,nomsa_template
1rxz,44,2,0.883677,0.95,1.0611,0.872,1.061,0.882,0.889,af3,nomsa_template
1rxz,44,3,0.884601,0.95,1.0388,0.891,1.039,0.796,0.907,af3,nomsa_template
1rxz,44,4,0.879205,0.95,1.4728,0.857,1.473,0.956,0.889,af3,nomsa_template
1t74,42,0,0.711044,0.81,0.8485,0.954,0.849,0.368,0.929,af3,nomsa_template
1t74,42,1,0.714108,0.81,0.6915,0.934,0.691,0.344,0.857,af3,nomsa_template
1t74,42,2,0.7117640000000001,0.81,0.632,0.963,0.632,0.284,0.929,af3,nomsa_template
1t74,42,3,0.713916,0.81,0.7384,0.971,0.738,0.318,0.964,af3,nomsa_template
1t74,42,4,0.7406010000000001,0.84,0.9448,0.956,0.945,0.342,0.929,af3,nomsa_template
1t74,43,0,0.6759439999999999,0.78,1.526,0.867,1.526,0.551,0.75,af3,nomsa_template
1t74,43,1,0.735485,0.83,1.4209,0.919,1.421,0.524,0.893,af3,nomsa_template
1t74,43,2,0.685903,0.8,1.1837,0.916,1.184,0.473,0.857,af3,nomsa_template
1t74,43,3,0.6769700000000001,0.78,1.4249,0.91,1.425,0.5,0.857,af3,nomsa_template
1t74,43,4,0.657011,0.77,2.3369,0.87,2.337,0.783,0.893,af3,nomsa_template
1t74,44,0,0.7151860000000001,0.82,0.8597,0.944,0.86,0.351,0.893,af3,nomsa_template
1t74,44,1,0.69356,0.8,1.3873,0.947,1.387,0.491,0.964,af3,nomsa_template
1t74,44,2,0.726268,0.82,0.7642,0.955,0.764,0.365,0.929,af3,nomsa_template
1t74,44,3,0.710558,0.81,0.929,0.952,0.929,0.38,0.929,af3,nomsa_template
1t74,44,4,0.697089,0.79,1.5994,0.898,1.599,0.579,0.857,af3,nomsa_template
1v1t,42,0,0.932578,0.96,0.658,0.965,0.658,0.381,0.96,af3,nomsa_template
1v1t,42,1,0.931048,0.95,0.6174,0.964,0.617,0.39,0.96,af3,nomsa_template
1v1t,42,2,0.9303539999999999,0.95,0.7904,0.975,0.79,0.4,1.0,af3,nomsa_template
1v1t,42,3,0.93065,0.95,0.4687,0.963,0.469,0.402,0.96,af3,nomsa_template
1v1t,42,4,0.92967,0.95,0.6059,0.966,0.606,0.373,0.96,af3,nomsa_template
1v1t,43,0,0.93,0.95,0.7514,0.958,0.751,0.441,0.96,af3,nomsa_template
1v1t,43,1,0.9309430000000001,0.95,0.4449,0.966,0.445,0.38,0.96,af3,nomsa_template
1v1t,43,2,0.930817,0.95,1.0714,0.944,1.071,0.419,0.92,af3,nomsa_template
1v1t,43,3,0.935104,0.95,0.855,0.969,0.855,0.45,1.0,af3,nomsa_template
1v1t,43,4,0.930026,0.95,0.535,0.965,0.535,0.382,0.96,af3,nomsa_template
1v1t,44,0,0.932172,0.95,0.6707,0.964,0.671,0.39,0.96,af3,nomsa_template
1v1t,44,1,0.931743,0.95,0.6556,0.957,0.656,0.454,0.96,af3,nomsa_template
1v1t,44,2,0.9316800000000001,0.95,0.6029,0.965,0.603,0.379,0.96,af3,nomsa_template
1v1t,44,3,0.9314199999999999,0.95,0.7658,0.961,0.766,0.41,0.96,af3,nomsa_template
1v1t,44,4,0.92902,0.95,0.4778,0.979,0.478,0.382,1.0,af3,nomsa_template
1w80,42,0,0.855767,0.86,2.1349,0.86,2.135,0.856,0.885,af3,nomsa_template
1w80,42,1,0.854925,0.85,1.4383,0.932,1.438,0.598,0.962,af3,nomsa_template
1w80,42,2,0.855748,0.85,1.4021,0.933,1.402,0.595,0.962,af3,nomsa_template
1w80,42,3,0.8487300000000001,0.84,1.6342,0.908,1.634,0.665,0.923,af3,nomsa_template
1w80,42,4,0.857836,0.85,2.2153,0.854,2.215,0.885,0.885,af3,nomsa_template
1w80,43,0,0.851855,0.84,2.1317,0.846,2.132,0.863,0.846,af3,nomsa_template
1w80,43,1,0.8584999999999999,0.85,2.0966,0.849,2.097,0.85,0.846,af3,nomsa_template
1w80,43,2,0.852722,0.85,1.5749,0.899,1.575,0.639,0.885,af3,nomsa_template
1w80,43,3,0.8601860000000001,0.85,1.4986,0.9,1.499,0.638,0.885,af3,nomsa_template
1w80,43,4,0.850978,0.84,2.3454,0.839,2.345,0.887,0.846,af3,nomsa_template
1w80,44,0,0.864251,0.87,2.3233,0.835,2.323,0.915,0.846,af3,nomsa_template
1w80,44,1,0.860401,0.86,1.6773,0.877,1.677,0.694,0.846,af3,nomsa_template
1w80,44,2,0.856087,0.85,1.5114,0.93,1.511,0.606,0.962,af3,nomsa_template
1w80,44,3,0.843506,0.83,1.4305,0.92,1.431,0.591,0.923,af3,nomsa_template
1w80,44,4,0.861896,0.87,1.7435,0.888,1.743,0.703,0.885,af3,nomsa_template
1yfn,42,0,0.882116,0.87,1.4559,0.909,1.456,0.677,0.925,af3,nomsa_template
1yfn,42,1,0.914128,0.9,0.7615,0.976,0.761,0.393,1.0,af3,nomsa_template
1yfn,42,2,0.917261,0.91,0.6026,0.985,0.603,0.302,1.0,af3,nomsa_template
1yfn,42,3,0.907008,0.89,0.7495,0.974,0.75,0.347,0.981,af3,nomsa_template
1yfn,42,4,0.903612,0.89,0.9935,0.955,0.994,0.455,0.962,af3,nomsa_template
1yfn,43,0,0.737466,0.74,2.7242,0.762,2.724,1.26,0.792,af3,nomsa_template
1yfn,43,1,0.7211289999999999,0.73,3.8212,0.66,3.821,1.727,0.717,af3,nomsa_template
1yfn,43,2,0.718869,0.72,2.7577,0.74,2.758,1.23,0.717,af3,nomsa_template
1yfn,43,3,0.776801,0.8,3.3743,0.67,3.374,1.54,0.66,af3,nomsa_template
1yfn,43,4,0.763543,0.78,3.1522,0.744,3.152,1.436,0.83,af3,nomsa_template
1yfn,44,0,0.7255780000000001,0.74,3.7786,0.669,3.779,1.706,0.736,af3,nomsa_template
1yfn,44,1,0.7479770000000001,0.75,3.3853,0.673,3.385,1.509,0.66,af3,nomsa_template
1yfn,44,2,0.731487,0.75,2.5584,0.745,2.558,1.173,0.698,af3,nomsa_template
1yfn,44,3,0.763097,0.78,5.4045,0.579,5.405,2.464,0.755,af3,nomsa_template
1yfn,44,4,0.7776479999999999,0.8,3.5582,0.719,3.558,1.635,0.849,af3,nomsa_template
1ywi,42,0,0.9709359999999999,0.69,1.456,0.866,1.456,0.905,0.895,af3,nomsa_template
1ywi,42,1,0.967095,0.68,1.2707,0.889,1.271,0.882,0.947,af3,nomsa_template
1ywi,42,2,0.9638070000000001,0.69,0.9795,0.891,0.98,0.768,0.895,af3,nomsa_template
1ywi,42,3,0.9662520000000001,0.68,1.4212,0.868,1.421,0.895,0.895,af3,nomsa_template
1ywi,42,4,0.973193,0.7,1.3989,0.884,1.399,0.909,0.947,af3,nomsa_template
1ywi,43,0,0.973191,0.7,1.3378,0.888,1.338,0.886,0.947,af3,nomsa_template
1ywi,43,1,0.970714,0.69,1.3107,0.893,1.311,0.855,0.947,af3,nomsa_template
1ywi,43,2,0.966418,0.67,1.2629,0.885,1.263,0.915,0.947,af3,nomsa_template
1ywi,43,3,0.9567659999999999,0.65,1.1911,0.881,1.191,0.829,0.895,af3,nomsa_template
1ywi,43,4,0.9667230000000001,0.68,1.2105,0.878,1.211,0.846,0.895,af3,nomsa_template
1ywi,44,0,0.970189,0.7,1.1052,0.884,1.105,0.81,0.895,af3,nomsa_template
1ywi,44,1,0.9607800000000001,0.67,0.9759,0.909,0.976,0.77,0.947,af3,nomsa_template
1ywi,44,2,0.972643,0.7,1.3453,0.887,1.345,0.894,0.947,af3,nomsa_template
1ywi,44,3,0.970561,0.7,1.5093,0.863,1.509,0.922,0.895,af3,nomsa_template
1ywi,44,4,0.966945,0.69,1.0436,0.908,1.044,0.773,0.947,af3,nomsa_template
1ywo,42,0,0.910735,0.79,1.0954,0.942,1.095,0.545,0.96,af3,nomsa_template
1ywo,42,1,0.9040250000000001,0.77,1.0894,0.946,1.089,0.517,0.96,af3,nomsa_template
1ywo,42,2,0.911431,0.78,0.8663,0.97,0.866,0.444,1.0,af3,nomsa_template
1ywo,42,3,0.910538,0.79,0.8845,0.957,0.884,0.438,0.96,af3,nomsa_template
1ywo,42,4,0.9031950000000001,0.78,0.7981,0.972,0.798,0.427,1.0,af3,nomsa_template
1ywo,43,0,0.912414,0.79,0.6868,0.979,0.687,0.365,1.0,af3,nomsa_template
1ywo,43,1,0.9123739999999999,0.79,0.7916,0.96,0.792,0.42,0.96,af3,nomsa_template
1ywo,43,2,0.90991,0.79,1.0664,0.958,1.066,0.528,1.0,af3,nomsa_template
1ywo,43,3,0.903165,0.77,0.8158,0.972,0.816,0.429,1.0,af3,nomsa_template
1ywo,43,4,0.91037,0.79,0.952,0.95,0.952,0.492,0.96,af3,nomsa_template
1ywo,44,0,0.910425,0.78,0.8836,0.953,0.884,0.469,0.96,af3,nomsa_template
1ywo,44,1,0.91502,0.79,0.8734,0.956,0.873,0.447,0.96,af3,nomsa_template
1ywo,44,2,0.907914,0.77,1.5641,0.931,1.564,0.687,1.0,af3,nomsa_template
1ywo,44,3,0.9050109999999999,0.78,0.9033,0.969,0.903,0.449,1.0,af3,nomsa_template
1ywo,44,4,0.911916,0.79,0.8903,0.954,0.89,0.462,0.96,af3,nomsa_template
1yy6,42,0,0.9324079999999999,0.95,0.9387,0.883,0.939,0.797,0.882,af3,nomsa_template
1yy6,42,1,0.9331579999999999,0.95,0.8767,0.878,0.877,0.836,0.882,af3,nomsa_template
1yy6,42,2,0.934443,0.95,0.8175,0.882,0.817,0.815,0.882,af3,nomsa_template
1yy6,42,3,0.934442,0.95,0.8616,0.895,0.862,0.787,0.912,af3,nomsa_template
1yy6,42,4,0.9348829999999999,0.95,0.7882,0.886,0.788,0.788,0.882,af3,nomsa_template
1yy6,43,0,0.9329510000000001,0.95,0.6768,0.889,0.677,0.768,0.882,af3,nomsa_template
1yy6,43,1,0.931413,0.95,0.8297,0.866,0.83,0.925,0.882,af3,nomsa_template
1yy6,43,2,0.9293170000000001,0.95,0.766,0.887,0.766,0.783,0.882,af3,nomsa_template
1yy6,43,3,0.932158,0.95,0.8252,0.902,0.825,0.741,0.912,af3,nomsa_template
1yy6,43,4,0.935343,0.96,0.6997,0.889,0.7,0.773,0.882,af3,nomsa_template
1yy6,44,0,0.928328,0.95,0.8693,0.884,0.869,0.798,0.882,af3,nomsa_template
1yy6,44,1,0.9289790000000001,0.95,0.9361,0.893,0.936,0.796,0.912,af3,nomsa_template
1yy6,44,2,0.931383,0.95,0.8498,0.896,0.85,0.783,0.912,af3,nomsa_template
1yy6,44,3,0.930377,0.95,0.7092,0.907,0.709,0.71,0.912,af3,nomsa_template
1yy6,44,4,0.929447,0.95,0.6979,0.887,0.698,0.788,0.882,af3,nomsa_template
2aij,42,0,0.8003610000000001,0.84,0.498,0.958,0.498,0.348,0.929,af3,nomsa_template
2aij,42,1,0.806076,0.85,0.6569,0.962,0.657,0.376,0.952,af3,nomsa_template
2aij,42,2,0.793597,0.83,0.4914,0.945,0.491,0.396,0.905,af3,nomsa_template
2aij,42,3,0.7982630000000001,0.84,0.7295,0.963,0.729,0.365,0.952,af3,nomsa_template
2aij,42,4,0.7889740000000001,0.83,0.7533,0.731,0.753,2.19,0.881,af3,nomsa_template
2aij,43,0,0.8061,0.85,0.8081,0.826,0.808,1.147,0.857,af3,nomsa_template
2aij,43,1,0.807705,0.84,0.7428,0.965,0.743,0.347,0.952,af3,nomsa_template
2aij,43,2,0.7933,0.83,0.5948,0.913,0.595,0.656,0.905,af3,nomsa_template
2aij,43,3,0.808082,0.85,0.8887,0.96,0.889,0.385,0.952,af3,nomsa_template
2aij,43,4,0.799645,0.84,0.7024,0.96,0.702,0.401,0.952,af3,nomsa_template
2aij,44,0,0.779253,0.8,0.7615,0.922,0.761,0.515,0.881,af3,nomsa_template
2aij,44,1,0.7805840000000001,0.81,0.6484,0.877,0.648,0.909,0.905,af3,nomsa_template
2aij,44,2,0.782942,0.81,0.6078,0.966,0.608,0.342,0.952,af3,nomsa_template
2aij,44,3,0.7815080000000001,0.81,0.608,0.961,0.608,0.393,0.952,af3,nomsa_template
2aij,44,4,0.774755,0.81,0.7677,0.854,0.768,1.004,0.881,af3,nomsa_template
2aq9,42,0,0.389718,0.34,32.124,0.027,32.124,11.717,0.0,af3,nomsa_template
2aq9,42,1,0.402928,0.4,30.07,0.03,30.07,11.275,0.0,af3,nomsa_template
2aq9,42,2,0.38908000000000004,0.31,35.6844,0.022,35.684,13.089,0.0,af3,nomsa_template
2aq9,42,3,0.446524,0.52,30.4692,0.03,30.469,11.319,0.0,af3,nomsa_template
2aq9,42,4,0.399298,0.38,30.4748,0.03,30.475,11.265,0.0,af3,nomsa_template
2aq9,43,0,0.42554499999999995,0.43,33.8302,0.025,33.83,12.524,0.0,af3,nomsa_template
2aq9,43,1,0.45461199999999996,0.5,30.4298,0.03,30.43,11.501,0.0,af3,nomsa_template
2aq9,43,2,0.42493200000000003,0.43,31.4044,0.028,31.404,11.934,0.0,af3,nomsa_template
2aq9,43,3,0.354045,0.24,35.4737,0.023,35.474,12.224,0.0,af3,nomsa_template
2aq9,43,4,0.38298000000000004,0.32,34.7873,0.023,34.787,12.703,0.0,af3,nomsa_template
2aq9,44,0,0.468061,0.53,33.0246,0.025,33.025,13.048,0.0,af3,nomsa_template
2aq9,44,1,0.39786499999999997,0.36,31.8217,0.027,31.822,12.062,0.0,af3,nomsa_template
2aq9,44,2,0.5128090000000001,0.63,30.438,0.029,30.438,11.896,0.0,af3,nomsa_template
2aq9,44,3,0.462455,0.55,31.4834,0.028,31.483,11.865,0.0,af3,nomsa_template
2aq9,44,4,0.459003,0.53,31.8567,0.027,31.857,12.098,0.0,af3,nomsa_template
2c3i,42,0,0.859131,0.94,0.5769,0.965,0.577,0.226,0.923,af3,nomsa_template
2c3i,42,1,0.856061,0.94,0.4,0.967,0.4,0.207,0.923,af3,nomsa_template
2c3i,42,2,0.8550260000000001,0.94,0.365,0.962,0.365,0.154,0.897,af3,nomsa_template
2c3i,42,3,0.8559,0.94,0.4605,0.968,0.461,0.197,0.923,af3,nomsa_template
2c3i,42,4,0.8571909999999999,0.94,0.8606,0.941,0.861,0.304,0.872,af3,nomsa_template
2c3i,43,0,0.856169,0.94,0.608,0.957,0.608,0.221,0.897,af3,nomsa_template
2c3i,43,1,0.85724,0.94,0.9126,0.94,0.913,0.307,0.872,af3,nomsa_template
2c3i,43,2,0.855587,0.94,0.5636,0.966,0.564,0.214,0.923,af3,nomsa_template
2c3i,43,3,0.850131,0.93,0.5106,0.964,0.511,0.256,0.923,af3,nomsa_template
2c3i,43,4,0.855466,0.94,0.9863,0.937,0.986,0.336,0.872,af3,nomsa_template
2c3i,44,0,0.8548309999999999,0.94,0.4763,0.976,0.476,0.192,0.949,af3,nomsa_template
2c3i,44,1,0.859529,0.94,0.5688,0.958,0.569,0.212,0.897,af3,nomsa_template
2c3i,44,2,0.8494790000000001,0.94,0.4879,0.976,0.488,0.197,0.949,af3,nomsa_template
2c3i,44,3,0.853673,0.94,0.6045,0.948,0.604,0.227,0.872,af3,nomsa_template
2c3i,44,4,0.8529559999999999,0.94,0.4055,0.96,0.406,0.18,0.897,af3,nomsa_template
2cch,42,0,0.775008,0.89,2.0468,0.883,2.047,0.812,0.93,af3,nomsa_template
2cch,42,1,0.769839,0.88,2.198,0.87,2.198,0.886,0.93,af3,nomsa_template
2cch,42,2,0.7681990000000001,0.88,1.8182,0.9,1.818,0.66,0.907,af3,nomsa_template
2cch,42,3,0.776953,0.89,1.2262,0.979,1.226,0.317,1.0,af3,nomsa_template
2cch,42,4,0.7802070000000001,0.89,1.2856,0.906,1.286,0.557,0.86,af3,nomsa_template
2cch,43,0,0.770123,0.89,1.892,0.876,1.892,0.768,0.884,af3,nomsa_template
2cch,43,1,0.758105,0.87,1.6816,0.901,1.682,0.673,0.907,af3,nomsa_template
2cch,43,2,0.78656,0.89,1.1348,0.966,1.135,0.387,0.977,af3,nomsa_template
2cch,43,3,0.773856,0.88,1.3216,0.937,1.322,0.553,0.953,af3,nomsa_template
2cch,43,4,0.770274,0.88,3.6842,0.743,3.684,1.489,0.884,af3,nomsa_template
2cch,44,0,0.78339,0.89,1.3807,0.922,1.381,0.479,0.884,af3,nomsa_template
2cch,44,1,0.7866679999999999,0.89,3.838,0.735,3.838,1.528,0.884,af3,nomsa_template
2cch,44,2,0.784495,0.89,1.2286,0.949,1.229,0.464,0.953,af3,nomsa_template
2cch,44,3,0.7843370000000001,0.89,1.1348,0.957,1.135,0.397,0.953,af3,nomsa_template
2cch,44,4,0.76455,0.87,2.2859,0.844,2.286,0.947,0.884,af3,nomsa_template
2cny,42,0,0.852285,0.84,7.5331,0.317,7.533,7.813,0.354,af3,nomsa_template
2cny,42,1,0.859598,0.84,7.5913,0.329,7.591,7.881,0.396,af3,nomsa_template
2cny,42,2,0.8563590000000001,0.83,7.8272,0.31,7.827,7.888,0.354,af3,nomsa_template
2cny,42,3,0.859397,0.83,7.9008,0.316,7.901,7.77,0.375,af3,nomsa_template
2cny,42,4,0.845338,0.82,7.3063,0.332,7.306,7.815,0.385,af3,nomsa_template
2cny,43,0,0.665053,0.61,8.4286,0.266,8.429,8.163,0.26,af3,nomsa_template
2cny,43,1,0.692183,0.63,8.0628,0.287,8.063,8.177,0.302,af3,nomsa_template
2cny,43,2,0.71209,0.63,11.3605,0.22,11.361,8.643,0.271,af3,nomsa_template
2cny,43,3,0.6926749999999999,0.65,8.3083,0.289,8.308,8.243,0.323,af3,nomsa_template
2cny,43,4,0.6677160000000001,0.61,7.8272,0.326,7.827,6.487,0.385,af3,nomsa_template
2cny,44,0,0.7017059999999999,0.65,8.6193,0.3,8.619,8.129,0.375,af3,nomsa_template
2cny,44,1,0.713566,0.68,6.8529,0.392,6.853,3.156,0.385,af3,nomsa_template
2cny,44,2,0.717932,0.67,8.637,0.298,8.637,7.659,0.365,af3,nomsa_template
2cny,44,3,0.689121,0.62,9.542,0.248,9.542,8.411,0.271,af3,nomsa_template
2cny,44,4,0.732062,0.69,7.7191,0.33,7.719,7.805,0.406,af3,nomsa_template
2e4h,42,0,0.772992,0.8,5.6115,0.608,5.612,1.97,0.76,af3,nomsa_template
2e4h,42,1,0.776683,0.8,3.1871,0.74,3.187,1.268,0.76,af3,nomsa_template
2e4h,42,2,0.791677,0.8,6.2626,0.552,6.263,2.359,0.72,af3,nomsa_template
2e4h,42,3,0.777352,0.79,4.9545,0.639,4.954,1.793,0.76,af3,nomsa_template
2e4h,42,4,0.785091,0.79,5.426,0.605,5.426,2.073,0.76,af3,nomsa_template
2e4h,43,0,0.770223,0.78,7.6914,0.459,7.691,2.775,0.6,af3,nomsa_template
2e4h,43,1,0.766814,0.78,5.5335,0.593,5.534,2.019,0.72,af3,nomsa_template
2e4h,43,2,0.8037829999999999,0.8,5.5761,0.573,5.576,2.094,0.68,af3,nomsa_template
2e4h,43,3,0.7794920000000001,0.79,7.6303,0.5,7.63,2.776,0.72,af3,nomsa_template
2e4h,43,4,0.795762,0.81,8.8775,0.465,8.878,3.041,0.72,af3,nomsa_template
2e4h,44,0,0.783218,0.81,3.4303,0.705,3.43,1.395,0.72,af3,nomsa_template
2e4h,44,1,0.783062,0.79,2.6086,0.768,2.609,1.254,0.8,af3,nomsa_template
2e4h,44,2,0.7922939999999999,0.8,2.0107,0.828,2.011,1.086,0.88,af3,nomsa_template
2e4h,44,3,0.783798,0.81,3.8472,0.712,3.847,1.601,0.84,af3,nomsa_template
2e4h,44,4,0.740761,0.8,6.4102,0.55,6.41,2.333,0.72,af3,nomsa_template
2fgr,42,0,0.355277,0.47,17.5203,0.102,17.52,7.397,0.077,af3,nomsa_template
2fgr,42,1,0.329483,0.44,17.2773,0.092,17.277,7.147,0.038,af3,nomsa_template
2fgr,42,2,0.372614,0.54,16.9174,0.094,16.917,7.064,0.038,af3,nomsa_template
2fgr,42,3,0.34917200000000004,0.49,18.1283,0.086,18.128,7.514,0.038,af3,nomsa_template
2fgr,42,4,0.342303,0.45,17.6999,0.101,17.7,7.399,0.077,af3,nomsa_template
2fgr,43,0,0.341054,0.45,17.4204,0.091,17.42,7.27,0.038,af3,nomsa_template
2fgr,43,1,0.355071,0.48,17.7181,0.088,17.718,7.383,0.038,af3,nomsa_template
2fgr,43,2,0.32969099999999996,0.44,17.2964,0.092,17.296,7.177,0.038,af3,nomsa_template
2fgr,43,3,0.349943,0.49,17.8299,0.088,17.83,7.407,0.038,af3,nomsa_template
2fgr,43,4,0.31664000000000003,0.42,16.9744,0.094,16.974,7.002,0.038,af3,nomsa_template
2fgr,44,0,0.368466,0.5,17.8507,0.088,17.851,7.365,0.038,af3,nomsa_template
2fgr,44,1,0.3489,0.46,16.7521,0.096,16.752,7.012,0.038,af3,nomsa_template
2fgr,44,2,0.351609,0.47,17.6713,0.089,17.671,7.238,0.038,af3,nomsa_template
2fgr,44,3,0.364272,0.48,18.0685,0.086,18.068,7.47,0.038,af3,nomsa_template
2fgr,44,4,0.360378,0.48,17.5161,0.103,17.516,7.317,0.077,af3,nomsa_template
2fka,42,0,0.8976519999999999,0.87,1.4963,0.906,1.496,0.648,0.905,af3,nomsa_template
2fka,42,1,0.9059999999999999,0.88,1.5227,0.907,1.523,0.635,0.905,af3,nomsa_template
2fka,42,2,0.887474,0.85,1.5524,0.921,1.552,0.645,0.952,af3,nomsa_template
2fka,42,3,0.876064,0.85,1.6021,0.916,1.602,0.681,0.952,af3,nomsa_template
2fka,42,4,0.904653,0.88,1.5052,0.909,1.505,0.623,0.905,af3,nomsa_template
2fka,43,0,0.910235,0.88,1.5412,0.923,1.541,0.637,0.952,af3,nomsa_template
2fka,43,1,0.906288,0.88,1.3704,0.934,1.37,0.57,0.952,af3,nomsa_template
2fka,43,2,0.889301,0.85,1.7404,0.911,1.74,0.699,0.952,af3,nomsa_template
2fka,43,3,0.8978100000000001,0.87,1.4082,0.931,1.408,0.585,0.952,af3,nomsa_template
2fka,43,4,0.906688,0.88,1.2709,0.951,1.271,0.567,1.0,af3,nomsa_template
2fka,44,0,0.9039879999999999,0.87,1.4307,0.93,1.431,0.59,0.952,af3,nomsa_template
2fka,44,1,0.9025920000000001,0.87,1.2894,0.934,1.289,0.574,0.952,af3,nomsa_template
2fka,44,2,0.901503,0.87,1.5535,0.92,1.554,0.657,0.952,af3,nomsa_template
2fka,44,3,0.905847,0.88,1.4753,0.943,1.475,0.609,1.0,af3,nomsa_template
2fka,44,4,0.9023739999999999,0.88,1.4898,0.942,1.49,0.619,1.0,af3,nomsa_template
2hpl,42,0,0.944515,0.91,0.2691,0.981,0.269,0.166,0.957,af3,nomsa_template
2hpl,42,1,0.94692,0.92,0.2948,0.979,0.295,0.196,0.957,af3,nomsa_template
2hpl,42,2,0.9496020000000001,0.92,0.2789,0.98,0.279,0.181,0.957,af3,nomsa_template
2hpl,42,3,0.9415439999999999,0.91,0.3429,0.98,0.343,0.191,0.957,af3,nomsa_template
2hpl,42,4,0.942137,0.91,0.3776,0.98,0.378,0.185,0.957,af3,nomsa_template
2hpl,43,0,0.948151,0.92,0.3301,0.979,0.33,0.203,0.957,af3,nomsa_template
2hpl,43,1,0.951461,0.93,0.3233,0.981,0.323,0.164,0.957,af3,nomsa_template
2hpl,43,2,0.9432269999999999,0.91,0.3724,0.979,0.372,0.2,0.957,af3,nomsa_template
2hpl,43,3,0.9454049999999999,0.92,0.322,0.98,0.322,0.19,0.957,af3,nomsa_template
2hpl,43,4,0.943759,0.91,0.5043,0.977,0.504,0.225,0.957,af3,nomsa_template
2hpl,44,0,0.9424899999999999,0.91,0.3031,0.98,0.303,0.185,0.957,af3,nomsa_template
2hpl,44,1,0.939393,0.9,0.4493,0.978,0.449,0.212,0.957,af3,nomsa_template
2hpl,44,2,0.938398,0.9,0.2934,0.981,0.293,0.171,0.957,af3,nomsa_template
2hpl,44,3,0.9438949999999999,0.91,0.3399,0.98,0.34,0.178,0.957,af3,nomsa_template
2hpl,44,4,0.944785,0.91,0.3133,0.98,0.313,0.185,0.957,af3,nomsa_template
2ht9,42,0,0.7481,0.61,26.7307,0.038,26.731,9.636,0.0,af3,nomsa_template
2ht9,42,1,0.6596080000000001,0.53,15.3609,0.215,15.361,6.687,0.364,af3,nomsa_template
2ht9,42,2,0.724503,0.5,28.702,0.036,28.702,9.196,0.0,af3,nomsa_template
2ht9,42,3,0.740256,0.59,27.8855,0.038,27.885,8.834,0.0,af3,nomsa_template
2ht9,42,4,0.710922,0.6,27.6508,0.036,27.651,9.852,0.0,af3,nomsa_template
2ht9,43,0,0.822994,0.71,14.908,0.131,14.908,6.13,0.091,af3,nomsa_template
2ht9,43,1,0.815226,0.73,26.322,0.041,26.322,8.547,0.0,af3,nomsa_template
2ht9,43,2,0.653823,0.51,28.4691,0.035,28.469,9.8,0.0,af3,nomsa_template
2ht9,43,3,0.786006,0.65,24.6642,0.049,24.664,7.282,0.0,af3,nomsa_template
2ht9,43,4,0.807551,0.66,27.3328,0.039,27.333,8.631,0.0,af3,nomsa_template
2ht9,44,0,0.750267,0.55,25.3713,0.046,25.371,7.515,0.0,af3,nomsa_template
2ht9,44,1,0.661366,0.55,16.9965,0.234,16.996,6.721,0.455,af3,nomsa_template
2ht9,44,2,0.702139,0.57,26.0078,0.04,26.008,9.792,0.0,af3,nomsa_template
2ht9,44,3,0.7802079999999999,0.66,24.1677,0.051,24.168,7.096,0.0,af3,nomsa_template
2ht9,44,4,0.76453,0.62,25.1446,0.047,25.145,7.544,0.0,af3,nomsa_template
2i94,42,0,0.718209,0.74,15.3079,0.121,15.308,7.237,0.085,af3,nomsa_template
2i94,42,1,0.7248560000000001,0.75,14.9944,0.131,14.994,7.074,0.106,af3,nomsa_template
2i94,42,2,0.737839,0.77,15.162,0.122,15.162,7.154,0.085,af3,nomsa_template
2i94,42,3,0.7103839999999999,0.74,15.1782,0.122,15.178,7.168,0.085,af3,nomsa_template
2i94,42,4,0.7404160000000001,0.77,15.2812,0.121,15.281,7.207,0.085,af3,nomsa_template
2i94,43,0,0.715183,0.72,15.3656,0.12,15.366,7.232,0.085,af3,nomsa_template
2i94,43,1,0.696088,0.71,15.3191,0.121,15.319,7.233,0.085,af3,nomsa_template
2i94,43,2,0.7040080000000001,0.71,15.3895,0.127,15.39,7.233,0.106,af3,nomsa_template
2i94,43,3,0.685662,0.7,15.1688,0.129,15.169,7.159,0.106,af3,nomsa_template
2i94,43,4,0.644677,0.64,15.0321,0.13,15.032,7.102,0.106,af3,nomsa_template
2i94,44,0,0.729888,0.76,15.4792,0.126,15.479,7.316,0.106,af3,nomsa_template
2i94,44,1,0.703116,0.72,15.1462,0.129,15.146,7.128,0.106,af3,nomsa_template
2i94,44,2,0.709618,0.73,15.4641,0.126,15.464,7.293,0.106,af3,nomsa_template
2i94,44,3,0.712882,0.74,15.0952,0.123,15.095,7.115,0.085,af3,nomsa_template
2i94,44,4,0.7098399999999999,0.74,15.4679,0.126,15.468,7.307,0.106,af3,nomsa_template
2ivz,42,0,0.46042099999999997,0.57,10.0551,0.345,10.055,3.772,0.481,af3,nomsa_template
2ivz,42,1,0.42972099999999996,0.54,9.3519,0.368,9.352,3.528,0.5,af3,nomsa_template
2ivz,42,2,0.42013599999999995,0.53,9.6412,0.349,9.641,3.61,0.463,af3,nomsa_template
2ivz,42,3,0.42571,0.53,9.5356,0.352,9.536,3.584,0.463,af3,nomsa_template
2ivz,42,4,0.41292900000000005,0.48,1.9928,0.818,1.993,1.047,0.833,af3,nomsa_template
2ivz,43,0,0.47936599999999996,0.57,12.3676,0.281,12.368,4.576,0.426,af3,nomsa_template
2ivz,43,1,0.428092,0.54,9.6913,0.341,9.691,3.644,0.444,af3,nomsa_template
2ivz,43,2,0.45146200000000003,0.56,10.087,0.344,10.087,3.779,0.481,af3,nomsa_template
2ivz,43,3,0.43594700000000003,0.52,9.8764,0.344,9.876,3.669,0.463,af3,nomsa_template
2ivz,43,4,0.46986199999999995,0.58,9.7236,0.346,9.724,3.667,0.463,af3,nomsa_template
2ivz,44,0,0.465242,0.57,12.6033,0.302,12.603,4.654,0.5,af3,nomsa_template
2ivz,44,1,0.434899,0.54,9.6236,0.362,9.624,3.608,0.5,af3,nomsa_template
2ivz,44,2,0.472305,0.57,10.1051,0.325,10.105,3.782,0.426,af3,nomsa_template
2ivz,44,3,0.43141599999999997,0.52,9.9624,0.354,9.962,3.717,0.5,af3,nomsa_template
2ivz,44,4,0.43016,0.52,2.4476,0.78,2.448,1.126,0.778,af3,nomsa_template
2jkg,42,0,0.589796,0.54,2.4597,0.708,2.46,1.051,0.529,af3,nomsa_template
2jkg,42,1,0.635128,0.58,4.2791,0.564,4.279,1.748,0.471,af3,nomsa_template
2jkg,42,2,0.604279,0.54,0.9848,0.933,0.985,0.58,0.941,af3,nomsa_template
2jkg,42,3,0.610647,0.58,3.1844,0.696,3.184,1.316,0.647,af3,nomsa_template
2jkg,42,4,0.608425,0.59,2.7092,0.7,2.709,1.213,0.588,af3,nomsa_template
2jkg,43,0,0.622293,0.58,1.3726,0.92,1.373,0.642,0.941,af3,nomsa_template
2jkg,43,1,0.572709,0.45,6.4155,0.425,6.416,2.374,0.353,af3,nomsa_template
2jkg,43,2,0.5877279999999999,0.55,3.0839,0.692,3.084,1.218,0.588,af3,nomsa_template
2jkg,43,3,0.603479,0.54,3.1131,0.687,3.113,1.247,0.588,af3,nomsa_template
2jkg,43,4,0.5774389999999999,0.52,3.3057,0.651,3.306,1.34,0.529,af3,nomsa_template
2jkg,44,0,0.6182840000000001,0.59,3.6914,0.626,3.691,1.478,0.529,af3,nomsa_template
2jkg,44,1,0.594809,0.55,3.709,0.678,3.709,1.366,0.647,af3,nomsa_template
2jkg,44,2,0.606393,0.57,2.3547,0.73,2.355,1.048,0.588,af3,nomsa_template
2jkg,44,3,0.566005,0.5,2.8583,0.663,2.858,1.178,0.471,af3,nomsa_template
2jkg,44,4,0.6065,0.55,2.581,0.72,2.581,1.088,0.588,af3,nomsa_template
2jnw,42,0,0.43843400000000005,0.28,26.634,0.037,26.634,11.002,0.0,af3,nomsa_template
2jnw,42,1,0.34507899999999997,0.15,26.7665,0.053,26.767,12.133,0.053,af3,nomsa_template
2jnw,42,2,0.430494,0.28,26.8135,0.037,26.813,10.83,0.0,af3,nomsa_template
2jnw,42,3,0.39765999999999996,0.22,26.4351,0.038,26.435,10.731,0.0,af3,nomsa_template
2jnw,42,4,0.35039099999999995,0.15,26.3471,0.036,26.347,12.13,0.0,af3,nomsa_template
2jnw,43,0,0.426145,0.25,25.9366,0.037,25.937,12.291,0.0,af3,nomsa_template
2jnw,43,1,0.408178,0.24,26.84,0.036,26.84,11.934,0.0,af3,nomsa_template
2jnw,43,2,0.298728,0.09,14.7496,0.092,14.75,8.832,0.0,af3,nomsa_template
2jnw,43,3,0.446899,0.31,25.7368,0.039,25.737,10.78,0.0,af3,nomsa_template
2jnw,43,4,0.397226,0.24,27.3293,0.035,27.329,11.234,0.0,af3,nomsa_template
2jnw,44,0,0.40333399999999997,0.21,25.9857,0.038,25.986,11.671,0.0,af3,nomsa_template
2jnw,44,1,0.346664,0.13,27.5036,0.034,27.504,12.299,0.0,af3,nomsa_template
2jnw,44,2,0.443339,0.3,25.7015,0.038,25.702,11.533,0.0,af3,nomsa_template
2jnw,44,3,0.396736,0.21,27.3203,0.035,27.32,11.234,0.0,af3,nomsa_template
2jnw,44,4,0.424651,0.25,26.7829,0.036,26.783,12.109,0.0,af3,nomsa_template
2jqk,42,0,0.788204,0.46,3.4382,0.662,3.438,1.774,0.708,af3,nomsa_template
2jqk,42,1,0.8222809999999999,0.55,3.4488,0.708,3.449,1.721,0.833,af3,nomsa_template
2jqk,42,2,0.819038,0.55,24.5739,0.043,24.574,9.772,0.0,af3,nomsa_template
2jqk,42,3,0.769242,0.46,3.7625,0.585,3.762,1.771,0.5,af3,nomsa_template
2jqk,42,4,0.801596,0.49,5.6044,0.443,5.604,2.559,0.375,af3,nomsa_template
2jqk,43,0,0.853196,0.63,3.4469,0.695,3.447,1.709,0.792,af3,nomsa_template
2jqk,43,1,0.8259409999999999,0.55,3.2821,0.673,3.282,1.691,0.708,af3,nomsa_template
2jqk,43,2,0.8216500000000001,0.54,3.8969,0.591,3.897,1.983,0.583,af3,nomsa_template
2jqk,43,3,0.842096,0.58,3.332,0.67,3.332,1.708,0.708,af3,nomsa_template
2jqk,43,4,0.8223189999999999,0.53,3.2128,0.708,3.213,1.637,0.792,af3,nomsa_template
2jqk,44,0,0.84423,0.6,3.6539,0.651,3.654,1.835,0.708,af3,nomsa_template
2jqk,44,1,0.861692,0.68,26.2502,0.038,26.25,11.11,0.0,af3,nomsa_template
2jqk,44,2,0.838661,0.58,3.644,0.681,3.644,1.816,0.792,af3,nomsa_template
2jqk,44,3,0.815128,0.55,3.8326,0.598,3.833,1.913,0.583,af3,nomsa_template
2jqk,44,4,0.859683,0.62,3.3498,0.686,3.35,1.681,0.75,af3,nomsa_template
2ka9,42,0,0.8056570000000001,0.76,40.6279,0.018,40.628,13.519,0.0,af3,nomsa_template
2ka9,42,1,0.7756820000000001,0.72,34.796,0.025,34.796,10.864,0.0,af3,nomsa_template
2ka9,42,2,0.8111069999999999,0.78,43.1346,0.016,43.135,14.8,0.0,af3,nomsa_template
2ka9,42,3,0.788975,0.72,36.58,0.022,36.58,12.059,0.0,af3,nomsa_template
2ka9,42,4,0.794797,0.74,36.8834,0.022,36.883,12.056,0.0,af3,nomsa_template
2ka9,43,0,0.7950929999999999,0.74,36.5103,0.022,36.51,12.095,0.0,af3,nomsa_template
2ka9,43,1,0.80659,0.76,36.6427,0.022,36.643,12.137,0.0,af3,nomsa_template
2ka9,43,2,0.7947150000000001,0.72,34.3158,0.025,34.316,10.871,0.0,af3,nomsa_template
2ka9,43,3,0.7977160000000001,0.75,35.1382,0.024,35.138,11.62,0.0,af3,nomsa_template
2ka9,43,4,0.8021309999999999,0.77,39.9004,0.019,39.9,13.107,0.0,af3,nomsa_template
2ka9,44,0,0.785642,0.73,35.1806,0.024,35.181,11.98,0.0,af3,nomsa_template
2ka9,44,1,0.799337,0.77,50.2863,0.012,50.286,16.588,0.0,af3,nomsa_template
2ka9,44,2,0.745831,0.68,43.9437,0.015,43.944,15.355,0.0,af3,nomsa_template
2ka9,44,3,0.833955,0.84,36.794,0.022,36.794,12.28,0.0,af3,nomsa_template
2ka9,44,4,0.787534,0.72,34.1779,0.026,34.178,10.784,0.0,af3,nomsa_template
2kbr,42,0,0.831413,0.83,2.4559,0.751,2.456,1.363,0.784,af3,nomsa_template
2kbr,42,1,0.879345,0.86,2.1129,0.738,2.113,1.23,0.676,af3,nomsa_template
2kbr,42,2,0.840707,0.84,2.0793,0.755,2.079,1.248,0.73,af3,nomsa_template
2kbr,42,3,0.8532949999999999,0.84,1.9611,0.78,1.961,1.204,0.784,af3,nomsa_template
2kbr,42,4,0.896814,0.87,2.3143,0.749,2.314,1.332,0.757,af3,nomsa_template
2kbr,43,0,0.850085,0.84,2.7911,0.705,2.791,1.468,0.703,af3,nomsa_template
2kbr,43,1,0.856841,0.85,2.4913,0.735,2.491,1.419,0.757,af3,nomsa_template
2kbr,43,2,0.860622,0.85,2.1457,0.738,2.146,1.098,0.622,af3,nomsa_template
2kbr,43,3,0.875386,0.86,2.1764,0.786,2.176,1.272,0.838,af3,nomsa_template
2kbr,43,4,0.8665189999999999,0.86,2.7112,0.736,2.711,1.453,0.784,af3,nomsa_template
2kbr,44,0,0.868269,0.86,2.1967,0.76,2.197,1.263,0.757,af3,nomsa_template
2kbr,44,1,0.857922,0.84,2.4536,0.741,2.454,1.45,0.784,af3,nomsa_template
2kbr,44,2,0.873184,0.85,1.9567,0.795,1.957,1.166,0.811,af3,nomsa_template
2kbr,44,3,0.8848050000000001,0.86,2.2289,0.709,2.229,1.452,0.676,af3,nomsa_template
2kbr,44,4,0.873686,0.86,1.9368,0.786,1.937,1.166,0.784,af3,nomsa_template
2ke1,42,0,0.814941,0.77,1.9697,0.737,1.97,1.756,0.84,af3,nomsa_template
2ke1,42,1,0.82631,0.79,3.5792,0.772,3.579,1.212,0.86,af3,nomsa_template
2ke1,42,2,0.8400669999999999,0.81,4.3897,0.792,4.39,1.012,0.9,af3,nomsa_template
2ke1,42,3,0.8354219999999999,0.8,1.0881,0.85,1.088,1.061,0.9,af3,nomsa_template
2ke1,42,4,0.8238559999999999,0.79,2.8235,0.864,2.824,0.864,0.94,af3,nomsa_template
2ke1,43,0,0.8171590000000001,0.79,2.851,0.833,2.851,0.984,0.9,af3,nomsa_template
2ke1,43,1,0.825678,0.81,3.5871,0.799,3.587,1.012,0.86,af3,nomsa_template
2ke1,43,2,0.828869,0.8,2.6641,0.851,2.664,0.788,0.86,af3,nomsa_template
2ke1,43,3,0.796243,0.78,2.4171,0.792,2.417,1.248,0.86,af3,nomsa_template
2ke1,43,4,0.8090510000000001,0.78,4.1742,0.778,4.174,1.057,0.86,af3,nomsa_template
2ke1,44,0,0.80357,0.77,3.1938,0.772,3.194,1.277,0.86,af3,nomsa_template
2ke1,44,1,0.818686,0.79,2.2749,0.788,2.275,1.412,0.9,af3,nomsa_template
2ke1,44,2,0.834409,0.8,4.4441,0.768,4.444,1.131,0.88,af3,nomsa_template
2ke1,44,3,0.83244,0.8,1.6588,0.819,1.659,1.091,0.84,af3,nomsa_template
2ke1,44,4,0.833989,0.8,1.9066,0.849,1.907,0.9,0.86,af3,nomsa_template
2khh,42,0,0.6977760000000001,0.55,23.8973,0.047,23.897,8.511,0.0,af3,nomsa_template
2khh,42,1,0.705573,0.56,23.9849,0.047,23.985,8.559,0.0,af3,nomsa_template
2khh,42,2,0.739644,0.64,24.3673,0.046,24.367,8.594,0.0,af3,nomsa_template
2khh,42,3,0.6618470000000001,0.55,22.0647,0.054,22.065,8.121,0.0,af3,nomsa_template
2khh,42,4,0.678727,0.57,6.3389,0.504,6.339,2.86,0.655,af3,nomsa_template
2khh,43,0,0.631923,0.45,21.8963,0.055,21.896,8.093,0.0,af3,nomsa_template
2khh,43,1,0.6510980000000001,0.57,22.0205,0.054,22.021,8.017,0.0,af3,nomsa_template
2khh,43,2,0.6574979999999999,0.52,4.076,0.618,4.076,2.399,0.759,af3,nomsa_template
2khh,43,3,0.715495,0.59,6.3544,0.475,6.354,3.034,0.586,af3,nomsa_template
2khh,43,4,0.65913,0.55,21.1049,0.059,21.105,7.609,0.0,af3,nomsa_template
2khh,44,0,0.5237919999999999,0.29,17.5969,0.102,17.597,6.654,0.069,af3,nomsa_template
2khh,44,1,0.691764,0.58,3.6911,0.583,3.691,2.372,0.621,af3,nomsa_template
2khh,44,2,0.6320060000000001,0.46,21.7989,0.068,21.799,7.716,0.034,af3,nomsa_template
2khh,44,3,0.703858,0.61,22.125,0.055,22.125,7.695,0.0,af3,nomsa_template
2khh,44,4,0.646265,0.49,21.6156,0.056,21.616,8.039,0.0,af3,nomsa_template
2koh,42,0,0.7337699999999999,0.71,10.4018,0.489,10.402,2.562,0.811,af3,nomsa_template
2koh,42,1,0.657636,0.7,10.424,0.484,10.424,2.321,0.757,af3,nomsa_template
2koh,42,2,0.7425039999999999,0.71,13.156,0.42,13.156,3.189,0.784,af3,nomsa_template
2koh,42,3,0.749104,0.73,10.949,0.456,10.949,2.696,0.757,af3,nomsa_template
2koh,42,4,0.714641,0.71,10.3825,0.446,10.383,3.21,0.757,af3,nomsa_template
2koh,43,0,0.6820099999999999,0.69,6.9204,0.572,6.92,2.008,0.757,af3,nomsa_template
2koh,43,1,0.751073,0.72,13.8435,0.439,13.844,2.726,0.811,af3,nomsa_template
2koh,43,2,0.704279,0.7,6.9594,0.574,6.959,2.531,0.865,af3,nomsa_template
2koh,43,3,0.732728,0.71,11.5339,0.457,11.534,3.198,0.838,af3,nomsa_template
2koh,43,4,0.7262350000000001,0.72,8.4941,0.575,8.494,1.995,0.865,af3,nomsa_template
2koh,44,0,0.697536,0.67,7.4099,0.61,7.41,1.754,0.838,af3,nomsa_template
2koh,44,1,0.697248,0.7,11.0342,0.512,11.034,2.293,0.865,af3,nomsa_template
2koh,44,2,0.757322,0.72,8.48,0.567,8.48,2.118,0.865,af3,nomsa_template
2koh,44,3,0.7047,0.7,12.4538,0.475,12.454,2.477,0.838,af3,nomsa_template
2koh,44,4,0.72519,0.73,12.3525,0.465,12.352,2.704,0.838,af3,nomsa_template
2las,42,0,0.628085,0.49,3.9784,0.659,3.978,1.837,0.758,af3,nomsa_template
2las,42,1,0.681547,0.59,6.0467,0.556,6.047,2.629,0.758,af3,nomsa_template
2las,42,2,0.6610039999999999,0.53,7.1339,0.484,7.134,3.027,0.667,af3,nomsa_template
2las,42,3,0.588859,0.41,3.704,0.61,3.704,2.025,0.636,af3,nomsa_template
2las,42,4,0.6760039999999999,0.57,4.5858,0.603,4.586,2.251,0.727,af3,nomsa_template
2las,43,0,0.697262,0.6,4.0485,0.646,4.049,2.108,0.788,af3,nomsa_template
2las,43,1,0.610094,0.41,5.2867,0.511,5.287,2.494,0.545,af3,nomsa_template
2las,43,2,0.773568,0.72,7.3242,0.406,7.324,3.435,0.485,af3,nomsa_template
2las,43,3,0.6752370000000001,0.57,3.7825,0.64,3.783,2.011,0.727,af3,nomsa_template
2las,43,4,0.750401,0.71,7.1521,0.384,7.152,2.961,0.364,af3,nomsa_template
2las,44,0,0.788886,0.74,7.6491,0.388,7.649,3.482,0.455,af3,nomsa_template
2las,44,1,0.6799550000000001,0.57,4.6559,0.633,4.656,2.226,0.818,af3,nomsa_template
2las,44,2,0.689858,0.59,5.0269,0.627,5.027,2.335,0.848,af3,nomsa_template
2las,44,3,0.752787,0.68,7.2428,0.408,7.243,3.086,0.455,af3,nomsa_template
2las,44,4,0.775823,0.72,7.1726,0.426,7.173,2.929,0.485,af3,nomsa_template
2lsi,42,0,0.777586,0.8,6.3776,0.535,6.378,2.806,0.743,af3,nomsa_template
2lsi,42,1,0.7675190000000001,0.79,4.8866,0.574,4.887,2.384,0.686,af3,nomsa_template
2lsi,42,2,0.8026829999999999,0.81,6.5729,0.543,6.573,2.976,0.8,af3,nomsa_template
2lsi,42,3,0.779157,0.8,5.4717,0.598,5.472,2.368,0.8,af3,nomsa_template
2lsi,42,4,0.7773749999999999,0.8,5.4225,0.56,5.422,2.389,0.686,af3,nomsa_template
2lsi,43,0,0.772621,0.81,4.9038,0.61,4.904,2.107,0.743,af3,nomsa_template
2lsi,43,1,0.802661,0.82,6.5802,0.536,6.58,2.892,0.771,af3,nomsa_template
2lsi,43,2,0.788636,0.82,5.126,0.607,5.126,2.21,0.771,af3,nomsa_template
2lsi,43,3,0.789619,0.81,5.279,0.609,5.279,2.265,0.8,af3,nomsa_template
2lsi,43,4,0.7854439999999999,0.81,4.7958,0.631,4.796,2.123,0.8,af3,nomsa_template
2lsi,44,0,0.756154,0.79,5.1712,0.636,5.171,1.929,0.8,af3,nomsa_template
2lsi,44,1,0.771399,0.79,6.1766,0.585,6.177,2.458,0.829,af3,nomsa_template
2lsi,44,2,0.780891,0.81,4.6521,0.614,4.652,2.133,0.743,af3,nomsa_template
2lsi,44,3,0.7632439999999999,0.78,3.4583,0.676,3.458,1.843,0.771,af3,nomsa_template
2lsi,44,4,0.778973,0.81,5.1195,0.618,5.12,2.185,0.8,af3,nomsa_template
2m0v,42,0,0.940489,0.94,3.5534,0.747,3.553,1.475,0.88,af3,nomsa_template
2m0v,42,1,0.879845,0.89,3.4257,0.731,3.426,1.519,0.84,af3,nomsa_template
2m0v,42,2,0.93582,0.94,3.8213,0.736,3.821,1.514,0.88,af3,nomsa_template
2m0v,42,3,0.938091,0.94,3.5568,0.73,3.557,1.501,0.84,af3,nomsa_template
2m0v,42,4,0.938048,0.94,3.4956,0.759,3.496,1.498,0.92,af3,nomsa_template
2m0v,43,0,0.9121429999999999,0.91,3.6167,0.728,3.617,1.509,0.84,af3,nomsa_template
2m0v,43,1,0.875582,0.87,3.1274,0.773,3.127,1.443,0.92,af3,nomsa_template
2m0v,43,2,0.928725,0.93,3.8579,0.722,3.858,1.507,0.84,af3,nomsa_template
2m0v,43,3,0.865973,0.87,3.1552,0.754,3.155,1.375,0.84,af3,nomsa_template
2m0v,43,4,0.9412569999999999,0.94,3.5989,0.741,3.599,1.512,0.88,af3,nomsa_template
2m0v,44,0,0.929439,0.93,3.7425,0.728,3.743,1.478,0.84,af3,nomsa_template
2m0v,44,1,0.934634,0.94,3.7494,0.766,3.749,1.497,0.96,af3,nomsa_template
2m0v,44,2,0.903259,0.91,3.2176,0.741,3.218,1.472,0.84,af3,nomsa_template
2m0v,44,3,0.927423,0.93,3.7557,0.714,3.756,1.488,0.8,af3,nomsa_template
2m0v,44,4,0.91657,0.92,3.6378,0.744,3.638,1.48,0.88,af3,nomsa_template
2nnu,42,0,0.852447,0.87,4.2707,0.712,4.271,1.761,0.917,af3,nomsa_template
2nnu,42,1,0.850082,0.89,3.7948,0.754,3.795,1.547,0.944,af3,nomsa_template
2nnu,42,2,0.864928,0.89,4.0002,0.699,4.0,1.773,0.861,af3,nomsa_template
2nnu,42,3,0.8555769999999999,0.88,4.2921,0.719,4.292,1.678,0.917,af3,nomsa_template
2nnu,42,4,0.86285,0.89,3.5842,0.705,3.584,1.818,0.861,af3,nomsa_template
2nnu,43,0,0.862688,0.89,4.2269,0.68,4.227,1.821,0.833,af3,nomsa_template
2nnu,43,1,0.855405,0.89,4.2981,0.685,4.298,1.851,0.861,af3,nomsa_template
2nnu,43,2,0.858062,0.88,4.0018,0.706,4.002,1.792,0.889,af3,nomsa_template
2nnu,43,3,0.864243,0.88,3.8043,0.72,3.804,1.702,0.889,af3,nomsa_template
2nnu,43,4,0.857955,0.89,3.7966,0.701,3.797,1.807,0.861,af3,nomsa_template
2nnu,44,0,0.859833,0.88,3.5538,0.728,3.554,1.683,0.889,af3,nomsa_template
2nnu,44,1,0.8641719999999999,0.89,3.8062,0.715,3.806,1.755,0.889,af3,nomsa_template
2nnu,44,2,0.8538899999999999,0.88,3.6841,0.732,3.684,1.697,0.917,af3,nomsa_template
2nnu,44,3,0.861985,0.88,3.9982,0.697,3.998,1.79,0.861,af3,nomsa_template
2nnu,44,4,0.851836,0.88,3.6231,0.73,3.623,1.64,0.889,af3,nomsa_template
2o9v,42,0,0.958503,0.88,0.908,0.961,0.908,0.395,0.96,af3,nomsa_template
2o9v,42,1,0.9614539999999999,0.89,0.6124,0.968,0.612,0.346,0.96,af3,nomsa_template
2o9v,42,2,0.958743,0.88,0.448,0.974,0.448,0.287,0.96,af3,nomsa_template
2o9v,42,3,0.9613339999999999,0.89,0.7116,0.963,0.712,0.396,0.96,af3,nomsa_template
2o9v,42,4,0.9588639999999999,0.88,0.446,0.972,0.446,0.311,0.96,af3,nomsa_template
2o9v,43,0,0.960817,0.89,0.6811,0.967,0.681,0.357,0.96,af3,nomsa_template
2o9v,43,1,0.957649,0.88,0.5697,0.972,0.57,0.306,0.96,af3,nomsa_template
2o9v,43,2,0.959349,0.89,0.6308,0.972,0.631,0.298,0.96,af3,nomsa_template
2o9v,43,3,0.958791,0.88,0.5739,0.971,0.574,0.319,0.96,af3,nomsa_template
2o9v,43,4,0.958344,0.88,0.6796,0.968,0.68,0.345,0.96,af3,nomsa_template
2o9v,44,0,0.959273,0.89,0.4103,0.975,0.41,0.276,0.96,af3,nomsa_template
2o9v,44,1,0.959356,0.89,0.5245,0.972,0.525,0.303,0.96,af3,nomsa_template
2o9v,44,2,0.960379,0.89,0.4728,0.986,0.473,0.301,1.0,af3,nomsa_template
2o9v,44,3,0.9605039999999999,0.89,0.4499,0.96,0.45,0.289,0.92,af3,nomsa_template
2o9v,44,4,0.9586669999999999,0.88,0.5836,0.972,0.584,0.304,0.96,af3,nomsa_template
2p1o,42,0,0.32416200000000006,0.49,8.5237,0.352,8.524,3.482,0.4,af3,nomsa_template
2p1o,42,1,0.294661,0.42,7.3145,0.358,7.314,3.348,0.333,af3,nomsa_template
2p1o,42,2,0.336111,0.48,8.738,0.299,8.738,3.671,0.267,af3,nomsa_template
2p1o,42,3,0.287004,0.4,6.8225,0.4,6.823,3.309,0.422,af3,nomsa_template
2p1o,42,4,0.297036,0.43,7.1125,0.329,7.112,3.252,0.222,af3,nomsa_template
2p1o,43,0,0.311106,0.45,8.8347,0.295,8.835,3.736,0.267,af3,nomsa_template
2p1o,43,1,0.301857,0.44,6.9904,0.354,6.99,3.226,0.289,af3,nomsa_template
2p1o,43,2,0.278746,0.39,6.78,0.347,6.78,3.39,0.267,af3,nomsa_template
2p1o,43,3,0.32731,0.48,8.5421,0.306,8.542,3.528,0.267,af3,nomsa_template
2p1o,43,4,0.285735,0.4,6.7246,0.365,6.725,3.093,0.289,af3,nomsa_template
2p1o,44,0,0.290523,0.42,6.0839,0.399,6.084,2.979,0.333,af3,nomsa_template
2p1o,44,1,0.31895399999999996,0.44,9.5753,0.267,9.575,4.173,0.244,af3,nomsa_template
2p1o,44,2,0.337152,0.5,8.5523,0.278,8.552,3.743,0.2,af3,nomsa_template
2p1o,44,3,0.338383,0.49,9.0908,0.276,9.091,4.121,0.244,af3,nomsa_template
2p1o,44,4,0.303994,0.44,7.2246,0.351,7.225,3.729,0.333,af3,nomsa_template
2qos,42,0,0.894161,0.93,0.44,0.921,0.44,0.503,0.868,af3,nomsa_template
2qos,42,1,0.90494,0.94,0.5721,0.93,0.572,0.425,0.868,af3,nomsa_template
2qos,42,2,0.894788,0.93,0.5627,0.895,0.563,0.696,0.868,af3,nomsa_template
2qos,42,3,0.8966299999999999,0.93,0.5753,0.915,0.575,0.551,0.868,af3,nomsa_template
2qos,42,4,0.890114,0.93,0.48,0.922,0.48,0.546,0.887,af3,nomsa_template
2qos,43,0,0.9012,0.94,0.5364,0.905,0.536,0.577,0.849,af3,nomsa_template
2qos,43,1,0.8922880000000001,0.93,0.6018,0.908,0.602,0.647,0.887,af3,nomsa_template
2qos,43,2,0.896006,0.94,0.5143,0.938,0.514,0.521,0.925,af3,nomsa_template
2qos,43,3,0.901887,0.94,0.3802,0.906,0.38,0.67,0.887,af3,nomsa_template
2qos,43,4,0.896218,0.94,0.516,0.933,0.516,0.397,0.868,af3,nomsa_template
2qos,44,0,0.897256,0.93,0.4238,0.912,0.424,0.578,0.868,af3,nomsa_template
2qos,44,1,0.896545,0.93,0.5081,0.929,0.508,0.487,0.887,af3,nomsa_template
2qos,44,2,0.89857,0.94,0.4587,0.937,0.459,0.473,0.906,af3,nomsa_template
2qos,44,3,0.895508,0.93,0.5433,0.918,0.543,0.529,0.868,af3,nomsa_template
2qos,44,4,0.888687,0.93,0.4956,0.915,0.496,0.645,0.906,af3,nomsa_template
2r7g,42,0,0.927495,0.96,0.9954,0.899,0.995,0.631,0.86,af3,nomsa_template
2r7g,42,1,0.9277589999999999,0.96,0.7634,0.895,0.763,0.669,0.86,af3,nomsa_template
2r7g,42,2,0.929264,0.96,0.7959,0.902,0.796,0.615,0.86,af3,nomsa_template
2r7g,42,3,0.929462,0.96,0.7221,0.909,0.722,0.619,0.88,af3,nomsa_template
2r7g,42,4,0.9259879999999999,0.96,0.6794,0.901,0.679,0.633,0.86,af3,nomsa_template
2r7g,43,0,0.931978,0.96,0.6179,0.9,0.618,0.642,0.86,af3,nomsa_template
2r7g,43,1,0.932515,0.96,0.973,0.884,0.973,0.692,0.84,af3,nomsa_template
2r7g,43,2,0.92916,0.95,0.7628,0.898,0.763,0.652,0.86,af3,nomsa_template
2r7g,43,3,0.9296380000000001,0.96,0.8938,0.883,0.894,0.654,0.82,af3,nomsa_template
2r7g,43,4,0.929073,0.96,0.8571,0.905,0.857,0.593,0.86,af3,nomsa_template
2r7g,44,0,0.929701,0.96,0.7732,0.888,0.773,0.672,0.84,af3,nomsa_template
2r7g,44,1,0.9272020000000001,0.95,0.7466,0.896,0.747,0.619,0.84,af3,nomsa_template
2r7g,44,2,0.9265519999999999,0.96,0.5899,0.891,0.59,0.659,0.84,af3,nomsa_template
2r7g,44,3,0.92696,0.95,0.8051,0.896,0.805,0.61,0.84,af3,nomsa_template
2r7g,44,4,0.9228459999999999,0.95,0.7922,0.895,0.792,0.623,0.84,af3,nomsa_template
2rol,42,0,0.698082,0.54,2.1938,0.802,2.194,1.163,0.844,af3,nomsa_template
2rol,42,1,0.615331,0.39,9.36,0.243,9.36,4.03,0.156,af3,nomsa_template
2rol,42,2,0.6865770000000001,0.51,3.8784,0.706,3.878,1.471,0.781,af3,nomsa_template
2rol,42,3,0.637455,0.42,27.592,0.035,27.592,10.798,0.0,af3,nomsa_template
2rol,42,4,0.642444,0.49,13.9476,0.149,13.948,4.979,0.094,af3,nomsa_template
2rol,43,0,0.648249,0.48,3.5005,0.718,3.5,1.448,0.781,af3,nomsa_template
2rol,43,1,0.60712,0.39,8.4711,0.324,8.471,3.477,0.312,af3,nomsa_template
2rol,43,2,0.6268670000000001,0.44,10.4164,0.217,10.416,3.955,0.125,af3,nomsa_template
2rol,43,3,0.74627,0.52,15.6356,0.122,15.636,6.912,0.094,af3,nomsa_template
2rol,43,4,0.593468,0.37,11.1873,0.212,11.187,4.164,0.156,af3,nomsa_template
2rol,44,0,0.6572490000000001,0.48,5.0212,0.609,5.021,1.849,0.688,af3,nomsa_template
2rol,44,1,0.652668,0.47,3.0363,0.758,3.036,1.29,0.812,af3,nomsa_template
2rol,44,2,0.612225,0.34,26.8816,0.058,26.882,10.644,0.062,af3,nomsa_template
2rol,44,3,0.549531,0.31,18.5998,0.071,18.6,7.243,0.0,af3,nomsa_template
2rol,44,4,0.604906,0.39,8.8156,0.276,8.816,3.456,0.188,af3,nomsa_template
2v8c,42,0,0.775795,0.73,1.1689,0.911,1.169,0.73,0.943,af3,nomsa_template
2v8c,42,1,0.788775,0.75,1.462,0.897,1.462,0.801,0.943,af3,nomsa_template
2v8c,42,2,0.759796,0.69,1.7143,0.878,1.714,0.913,0.943,af3,nomsa_template
2v8c,42,3,0.775019,0.72,1.5071,0.894,1.507,0.818,0.943,af3,nomsa_template
2v8c,42,4,0.592714,0.48,7.6886,0.368,7.689,2.89,0.343,af3,nomsa_template
2v8c,43,0,0.756539,0.7,0.7859,0.937,0.786,0.633,0.971,af3,nomsa_template
2v8c,43,1,0.763657,0.71,1.6109,0.889,1.611,0.847,0.943,af3,nomsa_template
2v8c,43,2,0.7735219999999999,0.73,1.5337,0.879,1.534,0.856,0.914,af3,nomsa_template
2v8c,43,3,0.7750400000000001,0.72,0.9874,0.92,0.987,0.675,0.943,af3,nomsa_template
2v8c,43,4,0.769245,0.73,1.2966,0.909,1.297,0.732,0.943,af3,nomsa_template
2v8c,44,0,0.773587,0.73,1.7042,0.88,1.704,0.899,0.943,af3,nomsa_template
2v8c,44,1,0.7863899999999999,0.76,1.2502,0.903,1.25,0.776,0.943,af3,nomsa_template
2v8c,44,2,0.751727,0.7,1.6178,0.876,1.618,0.868,0.914,af3,nomsa_template
2v8c,44,3,0.783775,0.74,0.9134,0.91,0.913,0.682,0.914,af3,nomsa_template
2v8c,44,4,0.757482,0.7,0.9164,0.917,0.916,0.704,0.943,af3,nomsa_template
2vzg,42,0,0.826082,0.73,2.2414,0.771,2.241,1.156,0.75,af3,nomsa_template
2vzg,42,1,0.8364360000000001,0.76,2.1555,0.8,2.155,1.131,0.821,af3,nomsa_template
2vzg,42,2,0.7561960000000001,0.56,14.5387,0.11,14.539,7.322,0.036,af3,nomsa_template
2vzg,42,3,0.766295,0.61,14.6077,0.121,14.608,7.353,0.071,af3,nomsa_template
2vzg,42,4,0.827056,0.74,2.3331,0.786,2.333,1.205,0.821,af3,nomsa_template
2vzg,43,0,0.776612,0.64,2.363,0.773,2.363,1.208,0.786,af3,nomsa_template
2vzg,43,1,0.8455280000000001,0.76,2.3964,0.784,2.396,1.215,0.821,af3,nomsa_template
2vzg,43,2,0.8062619999999999,0.69,2.1865,0.797,2.186,1.143,0.821,af3,nomsa_template
2vzg,43,3,0.8296290000000001,0.73,2.3263,0.787,2.326,1.202,0.821,af3,nomsa_template
2vzg,43,4,0.834491,0.75,2.1818,0.79,2.182,1.111,0.786,af3,nomsa_template
2vzg,44,0,0.813683,0.7,2.2486,0.793,2.249,1.164,0.821,af3,nomsa_template
2vzg,44,1,0.81662,0.71,2.1542,0.802,2.154,1.113,0.821,af3,nomsa_template
2vzg,44,2,0.8306570000000001,0.73,2.3206,0.79,2.321,1.181,0.821,af3,nomsa_template
2vzg,44,3,0.8313379999999999,0.74,1.9555,0.829,1.956,1.029,0.857,af3,nomsa_template
2vzg,44,4,0.83119,0.73,2.2744,0.793,2.274,1.161,0.821,af3,nomsa_template
2xcb,42,0,0.885075,0.94,0.9403,0.94,0.94,0.358,0.886,af3,nomsa_template
2xcb,42,1,0.888734,0.94,0.9511,0.928,0.951,0.384,0.857,af3,nomsa_template
2xcb,42,2,0.885269,0.94,0.9148,0.947,0.915,0.387,0.914,af3,nomsa_template
2xcb,42,3,0.88497,0.94,0.9598,0.947,0.96,0.381,0.914,af3,nomsa_template
2xcb,42,4,0.8824339999999999,0.93,0.9444,0.948,0.944,0.37,0.914,af3,nomsa_template
2xcb,43,0,0.884167,0.94,0.9169,0.95,0.917,0.357,0.914,af3,nomsa_template
2xcb,43,1,0.882633,0.93,0.9639,0.939,0.964,0.364,0.886,af3,nomsa_template
2xcb,43,2,0.8834099999999999,0.93,0.9526,0.939,0.953,0.364,0.886,af3,nomsa_template
2xcb,43,3,0.887478,0.94,0.9208,0.948,0.921,0.37,0.914,af3,nomsa_template
2xcb,43,4,0.883661,0.94,0.9456,0.95,0.946,0.353,0.914,af3,nomsa_template
2xcb,44,0,0.885396,0.94,0.8679,0.942,0.868,0.337,0.886,af3,nomsa_template
2xcb,44,1,0.878024,0.93,1.0288,0.936,1.029,0.395,0.886,af3,nomsa_template
2xcb,44,2,0.882879,0.94,0.9449,0.949,0.945,0.36,0.914,af3,nomsa_template
2xcb,44,3,0.8831399999999999,0.94,0.9451,0.948,0.945,0.373,0.914,af3,nomsa_template
2xcb,44,4,0.8812479999999999,0.93,0.9645,0.948,0.964,0.368,0.914,af3,nomsa_template
2xpn,42,0,0.893897,0.9,2.2809,0.82,2.281,1.14,0.894,af3,nomsa_template
2xpn,42,1,0.8959659999999999,0.9,2.185,0.844,2.185,1.084,0.936,af3,nomsa_template
2xpn,42,2,0.893273,0.9,2.0524,0.853,2.052,1.037,0.936,af3,nomsa_template
2xpn,42,3,0.8889050000000001,0.89,2.6385,0.797,2.638,1.317,0.915,af3,nomsa_template
2xpn,42,4,0.887818,0.89,2.0591,0.853,2.059,1.031,0.936,af3,nomsa_template
2xpn,43,0,0.89496,0.9,2.3228,0.822,2.323,1.119,0.894,af3,nomsa_template
2xpn,43,1,0.8928860000000001,0.9,2.3331,0.819,2.333,1.197,0.915,af3,nomsa_template
2xpn,43,2,0.8967400000000001,0.9,2.3741,0.823,2.374,1.161,0.915,af3,nomsa_template
2xpn,43,3,0.897319,0.91,3.1008,0.778,3.101,1.52,0.957,af3,nomsa_template
2xpn,43,4,0.888575,0.89,2.0707,0.851,2.071,1.045,0.936,af3,nomsa_template
2xpn,44,0,0.897991,0.9,1.8962,0.875,1.896,0.996,0.979,af3,nomsa_template
2xpn,44,1,0.888497,0.89,2.1154,0.857,2.115,1.047,0.957,af3,nomsa_template
2xpn,44,2,0.893812,0.9,2.0972,0.859,2.097,1.039,0.957,af3,nomsa_template
2xpn,44,3,0.894371,0.9,2.1574,0.855,2.157,1.056,0.957,af3,nomsa_template
2xpn,44,4,0.89176,0.89,2.3903,0.835,2.39,1.175,0.957,af3,nomsa_template
2xrw,42,0,0.7800790000000001,0.88,3.4186,0.788,3.419,1.414,0.975,af3,nomsa_template
2xrw,42,1,0.7787860000000001,0.88,3.5861,0.755,3.586,1.454,0.9,af3,nomsa_template
2xrw,42,2,0.774966,0.87,3.6702,0.749,3.67,1.487,0.9,af3,nomsa_template
2xrw,42,3,0.775378,0.88,3.5428,0.782,3.543,1.441,0.975,af3,nomsa_template
2xrw,42,4,0.782051,0.88,3.2325,0.789,3.233,1.373,0.95,af3,nomsa_template
2xrw,43,0,0.786291,0.88,3.4273,0.779,3.427,1.42,0.95,af3,nomsa_template
2xrw,43,1,0.773722,0.88,3.4381,0.77,3.438,1.427,0.925,af3,nomsa_template
2xrw,43,2,0.776889,0.88,3.6014,0.76,3.601,1.481,0.925,af3,nomsa_template
2xrw,43,3,0.774992,0.88,3.4379,0.78,3.438,1.414,0.95,af3,nomsa_template
2xrw,43,4,0.782077,0.88,3.2542,0.797,3.254,1.371,0.975,af3,nomsa_template
2xrw,44,0,0.7802899999999999,0.87,3.3197,0.794,3.32,1.39,0.975,af3,nomsa_template
2xrw,44,1,0.7750060000000001,0.88,3.4536,0.779,3.454,1.417,0.95,af3,nomsa_template
2xrw,44,2,0.783068,0.88,3.4511,0.779,3.451,1.418,0.95,af3,nomsa_template
2xrw,44,3,0.782458,0.88,3.4494,0.786,3.449,1.425,0.975,af3,nomsa_template
2xrw,44,4,0.781097,0.88,3.3543,0.794,3.354,1.379,0.975,af3,nomsa_template
2ymt,42,0,0.949241,0.95,0.5683,0.978,0.568,0.266,0.968,af3,nomsa_template
2ymt,42,1,0.9516500000000001,0.95,1.0579,0.952,1.058,0.391,0.935,af3,nomsa_template
2ymt,42,2,0.950712,0.95,1.0137,0.953,1.014,0.388,0.935,af3,nomsa_template
2ymt,42,3,0.950698,0.95,0.5854,0.976,0.585,0.28,0.968,af3,nomsa_template
2ymt,42,4,0.9499609999999999,0.95,1.0223,0.952,1.022,0.392,0.935,af3,nomsa_template
2ymt,43,0,0.9510590000000001,0.94,0.5643,0.989,0.564,0.259,1.0,af3,nomsa_template
2ymt,43,1,0.951407,0.95,0.6042,0.976,0.604,0.284,0.968,af3,nomsa_template
2ymt,43,2,0.9505450000000001,0.94,0.9945,0.952,0.994,0.395,0.935,af3,nomsa_template
2ymt,43,3,0.952979,0.95,0.5935,0.966,0.594,0.279,0.935,af3,nomsa_template
2ymt,43,4,0.950916,0.95,0.8797,0.957,0.88,0.36,0.935,af3,nomsa_template
2ymt,44,0,0.951993,0.95,0.6099,0.977,0.61,0.277,0.968,af3,nomsa_template
2ymt,44,1,0.9512229999999999,0.94,0.6271,0.965,0.627,0.289,0.935,af3,nomsa_template
2ymt,44,2,0.9512050000000001,0.95,0.613,0.976,0.613,0.288,0.968,af3,nomsa_template
2ymt,44,3,0.953986,0.95,1.0472,0.951,1.047,0.401,0.935,af3,nomsa_template
2ymt,44,4,0.9535769999999999,0.95,0.5826,0.966,0.583,0.272,0.935,af3,nomsa_template
3agy,42,0,0.87694,0.9,2.1133,0.906,2.113,0.727,0.967,af3,nomsa_template
3agy,42,1,0.883596,0.9,1.6489,0.908,1.649,0.683,0.933,af3,nomsa_template
3agy,42,2,0.881973,0.89,1.6556,0.937,1.656,0.555,0.967,af3,nomsa_template
3agy,42,3,0.877723,0.88,1.8689,0.899,1.869,0.724,0.933,af3,nomsa_template
3agy,42,4,0.8772629999999999,0.88,1.4957,0.903,1.496,0.738,0.933,af3,nomsa_template
3agy,43,0,0.849454,0.85,2.4113,0.876,2.411,0.747,0.9,af3,nomsa_template
3agy,43,1,0.880171,0.89,1.6537,0.918,1.654,0.523,0.9,af3,nomsa_template
3agy,43,2,0.8719899999999999,0.87,1.9058,0.898,1.906,0.73,0.933,af3,nomsa_template
3agy,43,3,0.880342,0.88,1.8407,0.884,1.841,0.911,0.967,af3,nomsa_template
3agy,43,4,0.869892,0.87,2.0671,0.894,2.067,0.815,0.967,af3,nomsa_template
3agy,44,0,0.873383,0.88,1.8986,0.909,1.899,0.731,0.967,af3,nomsa_template
3agy,44,1,0.8663500000000001,0.87,2.4106,0.877,2.411,0.895,0.967,af3,nomsa_template
3agy,44,2,0.876169,0.88,1.6972,0.883,1.697,0.78,0.9,af3,nomsa_template
3agy,44,3,0.875213,0.88,1.8305,0.889,1.831,0.802,0.933,af3,nomsa_template
3agy,44,4,0.879238,0.89,1.6301,0.911,1.63,0.822,1.0,af3,nomsa_template
3bej,42,0,0.7956749999999999,0.86,1.9396,0.789,1.94,1.033,0.737,af3,nomsa_template
3bej,42,1,0.785938,0.85,1.9923,0.776,1.992,1.057,0.711,af3,nomsa_template
3bej,42,2,0.7935939999999999,0.85,2.4663,0.757,2.466,1.195,0.737,af3,nomsa_template
3bej,42,3,0.800536,0.86,2.4233,0.739,2.423,1.141,0.658,af3,nomsa_template
3bej,42,4,0.8028109999999999,0.87,2.1164,0.745,2.116,1.069,0.632,af3,nomsa_template
3bej,43,0,0.797085,0.86,2.1508,0.761,2.151,1.077,0.684,af3,nomsa_template
3bej,43,1,0.7953560000000001,0.86,2.4653,0.732,2.465,1.184,0.658,af3,nomsa_template
3bej,43,2,0.7988219999999999,0.87,2.2917,0.754,2.292,1.114,0.684,af3,nomsa_template
3bej,43,3,0.8014060000000001,0.87,2.2388,0.754,2.239,1.121,0.684,af3,nomsa_template
3bej,43,4,0.801843,0.87,2.497,0.754,2.497,1.147,0.711,af3,nomsa_template
3bej,44,0,0.8004819999999999,0.87,2.3014,0.759,2.301,1.138,0.711,af3,nomsa_template
3bej,44,1,0.7967650000000001,0.85,1.9832,0.777,1.983,1.046,0.711,af3,nomsa_template
3bej,44,2,0.798767,0.87,2.2199,0.772,2.22,1.119,0.737,af3,nomsa_template
3bej,44,3,0.790187,0.86,2.2534,0.765,2.253,1.165,0.737,af3,nomsa_template
3bej,44,4,0.796041,0.86,2.2588,0.774,2.259,1.096,0.737,af3,nomsa_template
3bqo,42,0,0.7734139999999999,0.86,2.5166,0.799,2.517,0.99,0.781,af3,nomsa_template
3bqo,42,1,0.782906,0.86,3.344,0.748,3.344,1.275,0.797,af3,nomsa_template
3bqo,42,2,0.831811,0.87,2.5203,0.768,2.52,0.955,0.672,af3,nomsa_template
3bqo,42,3,0.825097,0.87,2.2539,0.819,2.254,0.852,0.766,af3,nomsa_template
3bqo,42,4,0.834093,0.88,2.4737,0.775,2.474,0.947,0.688,af3,nomsa_template
3bqo,43,0,0.8650709999999999,0.91,1.7011,0.888,1.701,0.649,0.859,af3,nomsa_template
3bqo,43,1,0.868316,0.91,1.6016,0.878,1.602,0.612,0.812,af3,nomsa_template
3bqo,43,2,0.867534,0.91,1.8212,0.892,1.821,0.718,0.906,af3,nomsa_template
3bqo,43,3,0.860994,0.9,1.5351,0.905,1.535,0.614,0.891,af3,nomsa_template
3bqo,43,4,0.865553,0.91,1.1078,0.94,1.108,0.461,0.922,af3,nomsa_template
3bqo,44,0,0.8262309999999999,0.86,2.0843,0.802,2.084,0.808,0.688,af3,nomsa_template
3bqo,44,1,0.8316459999999999,0.87,2.3762,0.783,2.376,0.905,0.688,af3,nomsa_template
3bqo,44,2,0.8307389999999999,0.88,2.3393,0.778,2.339,0.906,0.672,af3,nomsa_template
3bqo,44,3,0.834701,0.89,2.5204,0.749,2.52,1.013,0.641,af3,nomsa_template
3bqo,44,4,0.834809,0.88,2.7921,0.748,2.792,1.053,0.672,af3,nomsa_template
3emh,42,0,0.642208,0.78,1.7486,0.878,1.749,0.475,0.767,af3,nomsa_template
3emh,42,1,0.708175,0.85,0.615,0.945,0.615,0.24,0.867,af3,nomsa_template
3emh,42,2,0.6982980000000001,0.84,0.4981,0.936,0.498,0.223,0.833,af3,nomsa_template
3emh,42,3,0.502281,0.6,2.715,0.694,2.715,0.734,0.367,af3,nomsa_template
3emh,42,4,0.703954,0.84,0.5544,0.981,0.554,0.211,0.967,af3,nomsa_template
3emh,43,0,0.692617,0.84,0.684,0.957,0.684,0.233,0.9,af3,nomsa_template
3emh,43,1,0.679683,0.82,1.669,0.926,1.669,0.454,0.9,af3,nomsa_template
3emh,43,2,0.674075,0.8,0.8827,0.975,0.883,0.273,0.967,af3,nomsa_template
3emh,43,3,0.702604,0.85,1.0506,0.96,1.051,0.3,0.933,af3,nomsa_template
3emh,43,4,0.677069,0.84,1.6699,0.904,1.67,0.456,0.833,af3,nomsa_template
3emh,44,0,0.665546,0.79,0.798,0.977,0.798,0.255,0.967,af3,nomsa_template
3emh,44,1,0.624694,0.76,2.2559,0.912,2.256,0.585,0.933,af3,nomsa_template
3emh,44,2,0.69461,0.84,0.4965,0.97,0.496,0.216,0.933,af3,nomsa_template
3emh,44,3,0.68271,0.81,0.7853,0.954,0.785,0.26,0.9,af3,nomsa_template
3emh,44,4,0.6527419999999999,0.79,0.8373,0.964,0.837,0.272,0.933,af3,nomsa_template
3emw,42,0,0.602654,0.66,6.065,0.445,6.065,2.239,0.364,af3,nomsa_template
3emw,42,1,0.533867,0.58,8.5913,0.319,8.591,3.11,0.273,af3,nomsa_template
3emw,42,2,0.60497,0.67,6.0732,0.435,6.073,2.238,0.333,af3,nomsa_template
3emw,42,3,0.527123,0.58,7.4276,0.412,7.428,2.878,0.455,af3,nomsa_template
3emw,42,4,0.5445329999999999,0.61,8.8263,0.305,8.826,3.439,0.273,af3,nomsa_template
3emw,43,0,0.581088,0.66,8.7596,0.301,8.76,3.267,0.242,af3,nomsa_template
3emw,43,1,0.540167,0.57,9.6797,0.304,9.68,3.647,0.333,af3,nomsa_template
3emw,43,2,0.5091559999999999,0.57,7.8307,0.405,7.831,3.102,0.485,af3,nomsa_template
3emw,43,3,0.581244,0.65,6.3151,0.401,6.315,2.379,0.273,af3,nomsa_template
3emw,43,4,0.601551,0.64,8.944,0.308,8.944,3.249,0.273,af3,nomsa_template
3emw,44,0,0.617212,0.67,9.094,0.314,9.094,3.274,0.303,af3,nomsa_template
3emw,44,1,0.620998,0.68,9.0143,0.327,9.014,3.249,0.333,af3,nomsa_template
3emw,44,2,0.531519,0.56,7.8408,0.395,7.841,3.098,0.455,af3,nomsa_template
3emw,44,3,0.627925,0.69,6.1011,0.419,6.101,2.158,0.273,af3,nomsa_template
3emw,44,4,0.636942,0.69,9.0901,0.325,9.09,3.261,0.333,af3,nomsa_template
3et3,42,0,0.46301200000000003,0.33,4.098,0.62,4.098,1.963,0.681,af3,nomsa_template
3et3,42,1,0.443366,0.28,3.1966,0.668,3.197,1.471,0.617,af3,nomsa_template
3et3,42,2,0.473575,0.34,2.3845,0.753,2.385,1.207,0.723,af3,nomsa_template
3et3,42,3,0.479063,0.35,2.0879,0.789,2.088,1.028,0.745,af3,nomsa_template
3et3,42,4,0.454129,0.3,4.3084,0.613,4.308,2.081,0.702,af3,nomsa_template
3et3,43,0,0.478701,0.36,3.6517,0.66,3.652,1.717,0.702,af3,nomsa_template
3et3,43,1,0.493077,0.39,3.1276,0.707,3.128,1.517,0.745,af3,nomsa_template
3et3,43,2,0.467498,0.34,4.4369,0.631,4.437,1.995,0.745,af3,nomsa_template
3et3,43,3,0.503392,0.41,2.6591,0.747,2.659,1.38,0.787,af3,nomsa_template
3et3,43,4,0.48025199999999996,0.37,4.4966,0.615,4.497,2.09,0.723,af3,nomsa_template
3et3,44,0,0.469104,0.33,4.9105,0.578,4.91,2.398,0.702,af3,nomsa_template
3et3,44,1,0.43406300000000003,0.27,5.0736,0.533,5.074,2.366,0.574,af3,nomsa_template
3et3,44,2,0.445835,0.29,4.7202,0.579,4.72,2.229,0.66,af3,nomsa_template
3et3,44,3,0.47411200000000003,0.33,2.2336,0.756,2.234,1.146,0.702,af3,nomsa_template
3et3,44,4,0.490593,0.39,3.5079,0.656,3.508,1.641,0.66,af3,nomsa_template
3fp2,42,0,0.63826,0.86,22.7887,0.409,22.789,2.214,0.792,af3,nomsa_template
3fp2,42,1,0.614936,0.86,3.5407,0.784,3.541,0.961,0.792,af3,nomsa_template
3fp2,42,2,0.6254120000000001,0.86,23.1738,0.39,23.174,2.284,0.75,af3,nomsa_template
3fp2,42,3,0.622557,0.86,4.9667,0.729,4.967,1.101,0.792,af3,nomsa_template
3fp2,42,4,0.619576,0.86,3.735,0.759,3.735,1.01,0.75,af3,nomsa_template
3fp2,43,0,0.628057,0.86,3.6572,0.765,3.657,1.078,0.792,af3,nomsa_template
3fp2,43,1,0.634619,0.87,3.5222,0.755,3.522,1.075,0.75,af3,nomsa_template
3fp2,43,2,0.640574,0.86,24.3466,0.412,24.347,2.113,0.792,af3,nomsa_template
3fp2,43,3,0.6354690000000001,0.87,21.9199,0.41,21.92,2.252,0.792,af3,nomsa_template
3fp2,43,4,0.617931,0.86,3.9946,0.759,3.995,0.966,0.75,af3,nomsa_template
3fp2,44,0,0.621738,0.86,6.0154,0.692,6.015,1.078,0.75,af3,nomsa_template
3fp2,44,1,0.577881,0.85,22.1692,0.414,22.169,2.175,0.792,af3,nomsa_template
3fp2,44,2,0.622312,0.86,4.9881,0.715,4.988,1.096,0.75,af3,nomsa_template
3fp2,44,3,0.624338,0.86,19.8704,0.429,19.87,2.081,0.792,af3,nomsa_template
3fp2,44,4,0.626464,0.86,3.9676,0.748,3.968,1.047,0.75,af3,nomsa_template
3g2s,42,0,0.7521519999999999,0.79,4.0651,0.623,4.065,1.628,0.595,af3,nomsa_template
3g2s,42,1,0.63764,0.69,3.2703,0.703,3.27,1.252,0.649,af3,nomsa_template
3g2s,42,2,0.6981860000000001,0.75,3.4908,0.656,3.491,1.615,0.649,af3,nomsa_template
3g2s,42,3,0.728051,0.76,4.8619,0.584,4.862,1.722,0.568,af3,nomsa_template
3g2s,42,4,0.73953,0.8,6.1892,0.524,6.189,1.921,0.541,af3,nomsa_template
3g2s,43,0,0.740646,0.78,4.9209,0.579,4.921,1.766,0.568,af3,nomsa_template
3g2s,43,1,0.6007549999999999,0.66,4.4982,0.657,4.498,1.542,0.703,af3,nomsa_template
3g2s,43,2,0.6791719999999999,0.74,3.533,0.652,3.533,1.473,0.595,af3,nomsa_template
3g2s,43,3,0.75334,0.8,4.0643,0.647,4.064,1.487,0.622,af3,nomsa_template
3g2s,43,4,0.763418,0.81,3.1128,0.668,3.113,1.422,0.595,af3,nomsa_template
3g2s,44,0,0.678646,0.73,2.5689,0.727,2.569,1.251,0.676,af3,nomsa_template
3g2s,44,1,0.67712,0.74,3.717,0.667,3.717,1.459,0.649,af3,nomsa_template
3g2s,44,2,0.6559659999999999,0.71,3.0946,0.71,3.095,1.296,0.676,af3,nomsa_template
3g2s,44,3,0.718801,0.76,4.4412,0.625,4.441,1.605,0.622,af3,nomsa_template
3g2s,44,4,0.702449,0.76,4.4087,0.613,4.409,1.733,0.622,af3,nomsa_template
3h1z,42,0,0.227425,0.17,18.4968,0.106,18.497,13.224,0.132,af3,nomsa_template
3h1z,42,1,0.23583600000000002,0.13,24.4756,0.046,24.476,14.81,0.019,af3,nomsa_template
3h1z,42,2,0.247379,0.26,35.8993,0.021,35.899,15.427,0.0,af3,nomsa_template
3h1z,42,3,0.21495699999999998,0.08,24.1698,0.053,24.17,13.848,0.038,af3,nomsa_template
3h1z,42,4,0.23937899999999998,0.2,39.2388,0.018,39.239,15.696,0.0,af3,nomsa_template
3h1z,43,0,0.247701,0.17,18.5923,0.062,18.592,13.535,0.0,af3,nomsa_template
3h1z,43,1,0.220414,0.13,33.0826,0.026,33.083,11.97,0.0,af3,nomsa_template
3h1z,43,2,0.26084,0.19,20.1496,0.055,20.15,13.044,0.0,af3,nomsa_template
3h1z,43,3,0.273023,0.23,22.7957,0.057,22.796,13.468,0.038,af3,nomsa_template
3h1z,43,4,0.22893,0.14,22.7778,0.045,22.778,12.659,0.0,af3,nomsa_template
3h1z,44,0,0.20058900000000002,0.08,30.4026,0.027,30.403,15.673,0.0,af3,nomsa_template
3h1z,44,1,0.19777899999999998,0.08,25.6159,0.037,25.616,13.08,0.0,af3,nomsa_template
3h1z,44,2,0.25418199999999996,0.2,20.7709,0.051,20.771,14.706,0.0,af3,nomsa_template
3h1z,44,3,0.253104,0.19,20.8337,0.052,20.834,13.003,0.0,af3,nomsa_template
3h1z,44,4,0.291393,0.3,16.6738,0.078,16.674,15.462,0.019,af3,nomsa_template
3i5r,42,0,0.922059,0.87,0.9629,0.948,0.963,0.614,1.0,af3,nomsa_template
3i5r,42,1,0.93208,0.89,0.8556,0.94,0.856,0.58,0.962,af3,nomsa_template
3i5r,42,2,0.937406,0.9,0.8411,0.946,0.841,0.54,0.962,af3,nomsa_template
3i5r,42,3,0.930077,0.88,0.9911,0.939,0.991,0.585,0.962,af3,nomsa_template
3i5r,42,4,0.929103,0.88,0.859,0.954,0.859,0.576,1.0,af3,nomsa_template
3i5r,43,0,0.926685,0.88,0.8181,0.956,0.818,0.56,1.0,af3,nomsa_template
3i5r,43,1,0.9286230000000001,0.88,0.8899,0.958,0.89,0.54,1.0,af3,nomsa_template
3i5r,43,2,0.929401,0.88,0.8292,0.945,0.829,0.545,0.962,af3,nomsa_template
3i5r,43,3,0.927059,0.88,0.8778,0.954,0.878,0.574,1.0,af3,nomsa_template
3i5r,43,4,0.927351,0.88,0.9383,0.952,0.938,0.583,1.0,af3,nomsa_template
3i5r,44,0,0.9409489999999999,0.9,1.1399,0.933,1.14,0.614,0.962,af3,nomsa_template
3i5r,44,1,0.9326099999999999,0.89,0.9107,0.941,0.911,0.574,0.962,af3,nomsa_template
3i5r,44,2,0.941563,0.9,0.9783,0.94,0.978,0.577,0.962,af3,nomsa_template
3i5r,44,3,0.932193,0.89,0.6455,0.948,0.645,0.535,0.962,af3,nomsa_template
3i5r,44,4,0.9329170000000001,0.89,0.7845,0.944,0.784,0.556,0.962,af3,nomsa_template
3obq,42,0,0.482168,0.43,15.3063,0.207,15.306,6.369,0.333,af3,nomsa_template
3obq,42,1,0.47462899999999997,0.4,16.3588,0.188,16.359,6.812,0.306,af3,nomsa_template
3obq,42,2,0.455932,0.36,15.9803,0.192,15.98,6.602,0.306,af3,nomsa_template
3obq,42,3,0.445131,0.42,26.0621,0.04,26.062,9.84,0.0,af3,nomsa_template
3obq,42,4,0.47080599999999995,0.44,25.1626,0.042,25.163,9.498,0.0,af3,nomsa_template
3obq,43,0,0.538034,0.6,26.5747,0.038,26.575,10.018,0.0,af3,nomsa_template
3obq,43,1,0.523976,0.48,16.0839,0.19,16.084,6.725,0.306,af3,nomsa_template
3obq,43,2,0.397579,0.32,27.7791,0.035,27.779,10.452,0.0,af3,nomsa_template
3obq,43,3,0.528642,0.5,15.8239,0.175,15.824,6.393,0.25,af3,nomsa_template
3obq,43,4,0.54345,0.56,15.1784,0.181,15.178,6.296,0.25,af3,nomsa_template
3obq,44,0,0.516177,0.48,16.2065,0.18,16.206,6.783,0.278,af3,nomsa_template
3obq,44,1,0.532068,0.5,15.9524,0.192,15.952,6.666,0.306,af3,nomsa_template
3obq,44,2,0.484882,0.4,16.4632,0.215,16.463,6.869,0.389,af3,nomsa_template
3obq,44,3,0.463082,0.43,24.9745,0.043,24.974,9.415,0.0,af3,nomsa_template
3obq,44,4,0.40405,0.33,27.3954,0.036,27.395,10.34,0.0,af3,nomsa_template
3p72,42,0,0.960994,0.96,0.5765,0.964,0.577,0.265,0.927,af3,nomsa_template
3p72,42,1,0.957791,0.96,0.7505,0.953,0.75,0.293,0.902,af3,nomsa_template
3p72,42,2,0.9616979999999999,0.96,0.5149,0.962,0.515,0.291,0.927,af3,nomsa_template
3p72,42,3,0.957055,0.95,0.4143,0.971,0.414,0.29,0.951,af3,nomsa_template
3p72,42,4,0.959554,0.96,0.6843,0.96,0.684,0.303,0.927,af3,nomsa_template
3p72,43,0,0.959576,0.96,0.5476,0.956,0.548,0.261,0.902,af3,nomsa_template
3p72,43,1,0.959472,0.96,0.6093,0.961,0.609,0.296,0.927,af3,nomsa_template
3p72,43,2,0.960998,0.96,0.5675,0.956,0.567,0.263,0.902,af3,nomsa_template
3p72,43,3,0.958202,0.96,0.7078,0.961,0.708,0.292,0.927,af3,nomsa_template
3p72,43,4,0.957616,0.96,0.5857,0.964,0.586,0.258,0.927,af3,nomsa_template
3p72,44,0,0.959362,0.96,0.5504,0.964,0.55,0.263,0.927,af3,nomsa_template
3p72,44,1,0.9599070000000001,0.96,0.6499,0.96,0.65,0.305,0.927,af3,nomsa_template
3p72,44,2,0.9633079999999999,0.96,0.5015,0.971,0.501,0.284,0.951,af3,nomsa_template
3p72,44,3,0.9603109999999999,0.96,0.615,0.963,0.615,0.271,0.927,af3,nomsa_template
3p72,44,4,0.959505,0.96,0.663,0.955,0.663,0.265,0.902,af3,nomsa_template
3pe4,42,0,0.26020499999999996,0.34,8.9196,0.295,8.92,2.861,0.192,af3,nomsa_template
3pe4,42,1,0.257614,0.38,8.4787,0.29,8.479,2.715,0.135,af3,nomsa_template
3pe4,42,2,0.24464300000000003,0.31,8.6356,0.3,8.636,2.708,0.173,af3,nomsa_template
3pe4,42,3,0.253703,0.34,6.5686,0.397,6.569,2.112,0.231,af3,nomsa_template
3pe4,42,4,0.255271,0.33,7.2573,0.336,7.257,2.319,0.135,af3,nomsa_template
3pe4,43,0,0.26344100000000004,0.33,11.5664,0.185,11.566,3.597,0.058,af3,nomsa_template
3pe4,43,1,0.255944,0.35,11.0244,0.202,11.024,3.496,0.077,af3,nomsa_template
3pe4,43,2,0.23787400000000003,0.31,11.1353,0.195,11.135,3.44,0.058,af3,nomsa_template
3pe4,43,3,0.243083,0.32,17.6112,0.124,17.611,5.62,0.115,af3,nomsa_template
3pe4,43,4,0.269826,0.37,10.3293,0.23,10.329,3.294,0.115,af3,nomsa_template
3pe4,44,0,0.252164,0.31,8.8819,0.284,8.882,2.812,0.154,af3,nomsa_template
3pe4,44,1,0.261064,0.33,10.8947,0.194,10.895,3.383,0.038,af3,nomsa_template
3pe4,44,2,0.259811,0.34,7.3043,0.386,7.304,2.328,0.288,af3,nomsa_template
3pe4,44,3,0.27671399999999996,0.38,7.9149,0.348,7.915,2.535,0.25,af3,nomsa_template
3pe4,44,4,0.248255,0.32,10.8658,0.207,10.866,3.377,0.077,af3,nomsa_template
3plu,42,0,0.959727,0.91,0.2992,0.974,0.299,0.312,0.966,af3,nomsa_template
3plu,42,1,0.9612229999999999,0.91,0.4799,0.97,0.48,0.354,0.966,af3,nomsa_template
3plu,42,2,0.9617619999999999,0.91,0.5804,0.958,0.58,0.355,0.931,af3,nomsa_template
3plu,42,3,0.962162,0.91,0.4871,0.986,0.487,0.306,1.0,af3,nomsa_template
3plu,42,4,0.9605119999999999,0.91,0.4058,0.98,0.406,0.237,0.966,af3,nomsa_template
3plu,43,0,0.958925,0.91,0.5586,0.969,0.559,0.357,0.966,af3,nomsa_template
3plu,43,1,0.962565,0.91,0.2946,0.991,0.295,0.242,1.0,af3,nomsa_template
3plu,43,2,0.9588160000000001,0.9,0.4787,0.972,0.479,0.327,0.966,af3,nomsa_template
3plu,43,3,0.960188,0.9,0.5105,0.974,0.511,0.308,0.966,af3,nomsa_template
3plu,43,4,0.9598730000000001,0.91,0.34,0.986,0.34,0.305,1.0,af3,nomsa_template
3plu,44,0,0.9603470000000001,0.9,0.4657,0.961,0.466,0.32,0.931,af3,nomsa_template
3plu,44,1,0.960446,0.9,0.3623,0.978,0.362,0.267,0.966,af3,nomsa_template
3plu,44,2,0.963267,0.91,0.2952,0.981,0.295,0.229,0.966,af3,nomsa_template
3plu,44,3,0.9602339999999999,0.91,0.5219,0.957,0.522,0.366,0.931,af3,nomsa_template
3plu,44,4,0.960479,0.91,0.5689,0.971,0.569,0.332,0.966,af3,nomsa_template
3r42,42,0,0.46364199999999994,0.31,24.9029,0.044,24.903,8.709,0.0,af3,nomsa_template
3r42,42,1,0.528254,0.43,3.9635,0.605,3.964,1.522,0.5,af3,nomsa_template
3r42,42,2,0.576838,0.52,7.2802,0.392,7.28,2.783,0.375,af3,nomsa_template
3r42,42,3,0.517157,0.46,8.6057,0.347,8.606,3.272,0.375,af3,nomsa_template
3r42,42,4,0.531085,0.44,6.9055,0.422,6.906,2.547,0.406,af3,nomsa_template
3r42,43,0,0.529075,0.43,4.0534,0.622,4.053,1.533,0.562,af3,nomsa_template
3r42,43,1,0.519242,0.39,4.1609,0.6,4.161,1.518,0.5,af3,nomsa_template
3r42,43,2,0.49268,0.42,9.8583,0.276,9.858,3.554,0.25,af3,nomsa_template
3r42,43,3,0.5563859999999999,0.47,4.1151,0.576,4.115,1.561,0.438,af3,nomsa_template
3r42,43,4,0.5231,0.41,4.1483,0.591,4.148,1.608,0.5,af3,nomsa_template
3r42,44,0,0.451466,0.32,24.6365,0.045,24.636,8.612,0.0,af3,nomsa_template
3r42,44,1,0.520786,0.4,4.0329,0.619,4.033,1.563,0.562,af3,nomsa_template
3r42,44,2,0.542574,0.46,3.9443,0.598,3.944,1.588,0.5,af3,nomsa_template
3r42,44,3,0.5486,0.47,4.1223,0.58,4.122,1.52,0.438,af3,nomsa_template
3r42,44,4,0.568668,0.61,12.4169,0.166,12.417,4.945,0.094,af3,nomsa_template
3s9c,42,0,0.7206220000000001,0.81,2.0888,0.827,2.089,0.792,0.756,af3,nomsa_template
3s9c,42,1,0.69465,0.78,1.325,0.919,1.325,0.582,0.911,af3,nomsa_template
3s9c,42,2,0.739013,0.8,5.5631,0.626,5.563,1.607,0.711,af3,nomsa_template
3s9c,42,3,0.699031,0.77,2.294,0.808,2.294,0.897,0.756,af3,nomsa_template
3s9c,42,4,0.7176560000000001,0.77,4.9661,0.652,4.966,1.572,0.733,af3,nomsa_template
3s9c,43,0,0.7538389999999999,0.84,6.5785,0.581,6.579,1.895,0.733,af3,nomsa_template
3s9c,43,1,0.753911,0.8,6.8742,0.568,6.874,2.07,0.756,af3,nomsa_template
3s9c,43,2,0.720483,0.79,2.2896,0.784,2.29,0.963,0.711,af3,nomsa_template
3s9c,43,3,0.7110500000000001,0.79,2.3146,0.792,2.315,1.059,0.778,af3,nomsa_template
3s9c,43,4,0.703361,0.78,2.4532,0.811,2.453,0.859,0.756,af3,nomsa_template
3s9c,44,0,0.747053,0.81,6.7102,0.58,6.71,1.962,0.756,af3,nomsa_template
3s9c,44,1,0.741425,0.83,1.73,0.847,1.73,0.74,0.778,af3,nomsa_template
3s9c,44,2,0.760339,0.81,6.2459,0.597,6.246,1.985,0.778,af3,nomsa_template
3s9c,44,3,0.742864,0.8,6.6708,0.557,6.671,2.08,0.711,af3,nomsa_template
3s9c,44,4,0.7625449999999999,0.82,6.8325,0.573,6.833,2.012,0.756,af3,nomsa_template
3shb,42,0,0.8389409999999999,0.79,4.2259,0.743,4.226,1.623,0.968,af3,nomsa_template
3shb,42,1,0.823665,0.75,3.7609,0.782,3.761,1.375,0.968,af3,nomsa_template
3shb,42,2,0.775767,0.7,4.5346,0.718,4.535,1.808,0.968,af3,nomsa_template
3shb,42,3,0.7856690000000001,0.7,4.3208,0.751,4.321,1.528,0.968,af3,nomsa_template
3shb,42,4,0.829713,0.76,4.7877,0.721,4.788,1.706,0.968,af3,nomsa_template
3shb,43,0,0.806869,0.73,4.6756,0.733,4.676,1.618,0.968,af3,nomsa_template
3shb,43,1,0.836309,0.77,1.6903,0.91,1.69,0.751,0.968,af3,nomsa_template
3shb,43,2,0.8207429999999999,0.73,3.4577,0.795,3.458,1.335,0.968,af3,nomsa_template
3shb,43,3,0.837196,0.77,5.4201,0.677,5.42,1.896,0.935,af3,nomsa_template
3shb,43,4,0.831674,0.78,4.3216,0.741,4.322,1.623,0.968,af3,nomsa_template
3shb,44,0,0.828396,0.74,3.0593,0.82,3.059,1.128,0.935,af3,nomsa_template
3shb,44,1,0.842978,0.77,4.7883,0.723,4.788,1.681,0.968,af3,nomsa_template
3shb,44,2,0.842085,0.77,4.7699,0.73,4.77,1.622,0.968,af3,nomsa_template
3shb,44,3,0.856828,0.82,0.9079,0.917,0.908,0.763,0.968,af3,nomsa_template
3shb,44,4,0.836917,0.76,3.7368,0.789,3.737,1.323,0.968,af3,nomsa_template
3tiw,42,0,0.8669499999999999,0.88,2.9335,0.861,2.934,0.887,0.95,af3,nomsa_template
3tiw,42,1,0.8480070000000001,0.87,2.9918,0.856,2.992,0.919,0.95,af3,nomsa_template
3tiw,42,2,0.866262,0.88,2.8675,0.871,2.868,0.886,0.975,af3,nomsa_template
3tiw,42,3,0.8514029999999999,0.86,0.8076,0.944,0.808,0.451,0.925,af3,nomsa_template
3tiw,42,4,0.879931,0.89,3.1194,0.87,3.119,0.913,1.0,af3,nomsa_template
3tiw,43,0,0.868134,0.87,2.9183,0.864,2.918,0.817,0.925,af3,nomsa_template
3tiw,43,1,0.839238,0.84,1.2184,0.952,1.218,0.426,0.95,af3,nomsa_template
3tiw,43,2,0.853035,0.87,2.8592,0.861,2.859,0.899,0.95,af3,nomsa_template
3tiw,43,3,0.860358,0.88,2.8743,0.865,2.874,0.813,0.925,af3,nomsa_template
3tiw,43,4,0.863258,0.87,2.718,0.867,2.718,0.825,0.925,af3,nomsa_template
3tiw,44,0,0.820601,0.82,1.3276,0.928,1.328,0.612,0.95,af3,nomsa_template
3tiw,44,1,0.869336,0.88,2.8818,0.871,2.882,0.889,0.975,af3,nomsa_template
3tiw,44,2,0.8780060000000001,0.88,2.7603,0.87,2.76,0.851,0.95,af3,nomsa_template
3tiw,44,3,0.84822,0.87,2.7835,0.874,2.783,0.824,0.95,af3,nomsa_template
3tiw,44,4,0.851832,0.86,1.7573,0.938,1.757,0.556,0.975,af3,nomsa_template
3v2o,42,0,0.610867,0.61,18.9764,0.137,18.976,6.924,0.2,af3,nomsa_template
3v2o,42,1,0.53704,0.46,8.706,0.29,8.706,2.943,0.175,af3,nomsa_template
3v2o,42,2,0.531709,0.44,8.9034,0.275,8.903,3.016,0.15,af3,nomsa_template
3v2o,42,3,0.509604,0.43,8.9215,0.274,8.922,3.03,0.15,af3,nomsa_template
3v2o,42,4,0.539252,0.45,8.4569,0.298,8.457,2.86,0.175,af3,nomsa_template
3v2o,43,0,0.5368379999999999,0.45,8.7377,0.271,8.738,2.986,0.125,af3,nomsa_template
3v2o,43,1,0.522794,0.43,8.5646,0.303,8.565,2.898,0.2,af3,nomsa_template
3v2o,43,2,0.57378,0.57,18.9165,0.129,18.917,6.925,0.175,af3,nomsa_template
3v2o,43,3,0.551648,0.47,8.6095,0.293,8.61,2.909,0.175,af3,nomsa_template
3v2o,43,4,0.605849,0.62,18.9859,0.129,18.986,6.92,0.175,af3,nomsa_template
3v2o,44,0,0.5751850000000001,0.56,19.2915,0.119,19.292,7.047,0.15,af3,nomsa_template
3v2o,44,1,0.515254,0.42,8.7624,0.288,8.762,2.967,0.175,af3,nomsa_template
3v2o,44,2,0.531905,0.45,8.5134,0.296,8.513,2.883,0.175,af3,nomsa_template
3v2o,44,3,0.58969,0.61,18.7147,0.122,18.715,6.854,0.15,af3,nomsa_template
3v2o,44,4,0.563568,0.48,8.5621,0.276,8.562,2.932,0.125,af3,nomsa_template
3wgx,42,0,0.8446899999999999,0.86,3.0037,0.761,3.004,1.225,0.794,af3,nomsa_template
3wgx,42,1,0.866631,0.89,2.0372,0.825,2.037,0.832,0.765,af3,nomsa_template
3wgx,42,2,0.8686879999999999,0.89,1.5507,0.87,1.551,0.705,0.824,af3,nomsa_template
3wgx,42,3,0.848588,0.87,2.6181,0.783,2.618,1.048,0.765,af3,nomsa_template
3wgx,42,4,0.845684,0.87,2.3712,0.804,2.371,1.006,0.794,af3,nomsa_template
3wgx,43,0,0.8554980000000001,0.88,2.0143,0.831,2.014,0.86,0.794,af3,nomsa_template
3wgx,43,1,0.860776,0.88,3.5732,0.696,3.573,1.402,0.706,af3,nomsa_template
3wgx,43,2,0.8643529999999999,0.89,1.6971,0.87,1.697,0.763,0.853,af3,nomsa_template
3wgx,43,3,0.847649,0.87,2.9077,0.761,2.908,1.17,0.765,af3,nomsa_template
3wgx,43,4,0.860998,0.89,3.5134,0.72,3.513,1.378,0.765,af3,nomsa_template
3wgx,44,0,0.8542839999999999,0.88,1.9334,0.838,1.933,0.825,0.794,af3,nomsa_template
3wgx,44,1,0.854694,0.88,2.4635,0.791,2.464,1.012,0.765,af3,nomsa_template
3wgx,44,2,0.85468,0.88,3.3124,0.732,3.312,1.319,0.765,af3,nomsa_template
3wgx,44,3,0.836451,0.84,3.6151,0.714,3.615,1.409,0.765,af3,nomsa_template
3wgx,44,4,0.854696,0.87,0.6433,0.938,0.643,0.385,0.882,af3,nomsa_template
3zrj,42,0,0.835447,0.87,3.0741,0.739,3.074,1.52,0.839,af3,nomsa_template
3zrj,42,1,0.838601,0.88,2.8127,0.759,2.813,1.39,0.839,af3,nomsa_template
3zrj,42,2,0.834309,0.87,3.6052,0.701,3.605,1.773,0.839,af3,nomsa_template
3zrj,42,3,0.8441230000000001,0.88,2.5301,0.78,2.53,1.271,0.839,af3,nomsa_template
3zrj,42,4,0.837288,0.87,2.6618,0.77,2.662,1.33,0.839,af3,nomsa_template
3zrj,43,0,0.842572,0.87,2.4854,0.792,2.485,1.268,0.871,af3,nomsa_template
3zrj,43,1,0.832821,0.86,2.5594,0.769,2.559,1.356,0.839,af3,nomsa_template
3zrj,43,2,0.832863,0.87,2.8191,0.775,2.819,1.435,0.903,af3,nomsa_template
3zrj,43,3,0.858103,0.88,2.7217,0.772,2.722,1.487,0.903,af3,nomsa_template
3zrj,43,4,0.8417520000000001,0.86,2.4835,0.777,2.483,1.299,0.839,af3,nomsa_template
3zrj,44,0,0.833947,0.86,3.6303,0.7,3.63,1.782,0.839,af3,nomsa_template
3zrj,44,1,0.841629,0.88,2.8112,0.753,2.811,1.444,0.839,af3,nomsa_template
3zrj,44,2,0.8386979999999999,0.87,2.9016,0.761,2.902,1.448,0.871,af3,nomsa_template
3zrj,44,3,0.8417650000000001,0.88,2.2343,0.792,2.234,1.217,0.839,af3,nomsa_template
3zrj,44,4,0.835473,0.87,2.5424,0.769,2.542,1.36,0.839,af3,nomsa_template
4a2a,42,0,0.492573,0.55,28.2762,0.033,28.276,11.665,0.0,af3,nomsa_template
4a2a,42,1,0.500994,0.57,28.0043,0.034,28.004,11.562,0.0,af3,nomsa_template
4a2a,42,2,0.472812,0.5,28.9461,0.032,28.946,12.06,0.0,af3,nomsa_template
4a2a,42,3,0.47954300000000005,0.51,28.8532,0.032,28.853,11.983,0.0,af3,nomsa_template
4a2a,42,4,0.49046100000000004,0.54,28.7866,0.032,28.787,11.996,0.0,af3,nomsa_template
4a2a,43,0,0.473302,0.51,29.1323,0.031,29.132,12.131,0.0,af3,nomsa_template
4a2a,43,1,0.46894399999999997,0.52,28.6943,0.032,28.694,12.018,0.0,af3,nomsa_template
4a2a,43,2,0.447915,0.51,28.4692,0.033,28.469,11.679,0.0,af3,nomsa_template
4a2a,43,3,0.247208,0.12,51.9811,0.011,51.981,19.191,0.0,af3,nomsa_template
4a2a,43,4,0.232076,0.14,54.1811,0.01,54.181,19.821,0.0,af3,nomsa_template
4a2a,44,0,0.514158,0.58,28.9827,0.032,28.983,12.03,0.0,af3,nomsa_template
4a2a,44,1,0.516042,0.58,28.9585,0.031,28.959,12.105,0.0,af3,nomsa_template
4a2a,44,2,0.506335,0.56,28.5215,0.033,28.521,11.73,0.0,af3,nomsa_template
4a2a,44,3,0.525748,0.59,28.4477,0.033,28.448,11.649,0.0,af3,nomsa_template
4a2a,44,4,0.529211,0.6,29.1651,0.031,29.165,12.024,0.0,af3,nomsa_template
4bt9,42,0,0.812978,0.83,18.0188,0.662,18.019,0.575,0.931,af3,nomsa_template
4bt9,42,1,0.8172889999999999,0.85,18.3603,0.653,18.36,0.629,0.931,af3,nomsa_template
4bt9,42,2,0.820025,0.84,16.7937,0.67,16.794,0.569,0.931,af3,nomsa_template
4bt9,42,3,0.8032980000000001,0.83,21.8945,0.644,21.895,0.577,0.931,af3,nomsa_template
4bt9,42,4,0.813413,0.83,20.8112,0.64,20.811,0.641,0.931,af3,nomsa_template
4bt9,43,0,0.8209420000000001,0.84,19.7846,0.652,19.785,0.58,0.931,af3,nomsa_template
4bt9,43,1,0.815995,0.83,21.4494,0.644,21.449,0.593,0.931,af3,nomsa_template
4bt9,43,2,0.815676,0.83,18.7626,0.66,18.763,0.556,0.931,af3,nomsa_template
4bt9,43,3,0.801093,0.83,19.2264,0.658,19.226,0.555,0.931,af3,nomsa_template
4bt9,43,4,0.8339799999999999,0.85,20.8831,0.637,20.883,0.662,0.931,af3,nomsa_template
4bt9,44,0,0.840951,0.88,21.2341,0.645,21.234,0.591,0.931,af3,nomsa_template
4bt9,44,1,0.8351909999999999,0.88,9.6287,0.741,9.629,0.618,0.931,af3,nomsa_template
4bt9,44,2,0.8567130000000001,0.89,21.2547,0.638,21.255,0.639,0.931,af3,nomsa_template
4bt9,44,3,0.849309,0.88,18.7985,0.661,18.799,0.546,0.931,af3,nomsa_template
4bt9,44,4,0.845795,0.88,21.6754,0.644,21.675,0.582,0.931,af3,nomsa_template
4c5a,42,0,0.29503599999999996,0.34,32.4611,0.027,32.461,11.175,0.0,af3,nomsa_template
4c5a,42,1,0.408103,0.47,43.0111,0.017,43.011,13.186,0.0,af3,nomsa_template
4c5a,42,2,0.36215400000000003,0.41,40.8042,0.018,40.804,12.94,0.0,af3,nomsa_template
4c5a,42,3,0.32358800000000004,0.36,38.2448,0.021,38.245,12.209,0.0,af3,nomsa_template
4c5a,42,4,0.359137,0.42,46.1617,0.015,46.162,14.329,0.0,af3,nomsa_template
4c5a,43,0,0.392885,0.49,41.4991,0.018,41.499,13.177,0.0,af3,nomsa_template
4c5a,43,1,0.387376,0.45,42.243,0.017,42.243,13.02,0.0,af3,nomsa_template
4c5a,43,2,0.314446,0.35,33.873,0.026,33.873,11.024,0.0,af3,nomsa_template
4c5a,43,3,0.300128,0.35,49.6804,0.012,49.68,15.699,0.0,af3,nomsa_template
4c5a,43,4,0.39616300000000004,0.45,43.0962,0.017,43.096,13.342,0.0,af3,nomsa_template
4c5a,44,0,0.367037,0.44,34.882,0.025,34.882,10.948,0.0,af3,nomsa_template
4c5a,44,1,0.41930100000000003,0.51,40.7402,0.019,40.74,12.619,0.0,af3,nomsa_template
4c5a,44,2,0.379151,0.44,42.421,0.017,42.421,13.34,0.0,af3,nomsa_template
4c5a,44,3,0.369237,0.45,44.9536,0.015,44.954,14.067,0.0,af3,nomsa_template
4c5a,44,4,0.43040100000000003,0.52,42.4227,0.017,42.423,13.398,0.0,af3,nomsa_template
4dg3,42,0,0.901022,0.96,1.0915,0.902,1.092,0.66,0.884,af3,nomsa_template
4dg3,42,1,0.888137,0.95,1.2509,0.9,1.251,0.696,0.899,af3,nomsa_template
4dg3,42,2,0.903541,0.96,1.2405,0.893,1.24,0.744,0.899,af3,nomsa_template
4dg3,42,3,0.90305,0.96,1.05,0.922,1.05,0.589,0.913,af3,nomsa_template
4dg3,42,4,0.906379,0.96,1.1454,0.923,1.145,0.682,0.957,af3,nomsa_template
4dg3,43,0,0.907479,0.96,1.1452,0.915,1.145,0.664,0.928,af3,nomsa_template
4dg3,43,1,0.900111,0.95,1.0089,0.914,1.009,0.609,0.899,af3,nomsa_template
4dg3,43,2,0.906026,0.96,1.1209,0.912,1.121,0.652,0.913,af3,nomsa_template
4dg3,43,3,0.905628,0.96,1.0593,0.912,1.059,0.584,0.884,af3,nomsa_template
4dg3,43,4,0.905626,0.96,1.1151,0.915,1.115,0.636,0.913,af3,nomsa_template
4dg3,44,0,0.9043009999999999,0.96,1.1516,0.912,1.152,0.651,0.913,af3,nomsa_template
4dg3,44,1,0.905689,0.96,1.1528,0.907,1.153,0.655,0.899,af3,nomsa_template
4dg3,44,2,0.907067,0.96,1.0611,0.902,1.061,0.66,0.884,af3,nomsa_template
4dg3,44,3,0.906765,0.96,1.1325,0.904,1.133,0.639,0.884,af3,nomsa_template
4dg3,44,4,0.89435,0.95,1.1934,0.896,1.193,0.658,0.87,af3,nomsa_template
4ep2,42,0,0.7055830000000001,0.73,12.8141,0.206,12.814,3.555,0.162,af3,nomsa_template
4ep2,42,1,0.7133849999999999,0.74,12.7964,0.206,12.796,3.558,0.162,af3,nomsa_template
4ep2,42,2,0.713408,0.74,12.7841,0.207,12.784,3.554,0.162,af3,nomsa_template
4ep2,42,3,0.7131770000000001,0.74,12.837,0.206,12.837,3.572,0.162,af3,nomsa_template
4ep2,42,4,0.7156950000000001,0.74,12.7812,0.207,12.781,3.554,0.162,af3,nomsa_template
4ep2,43,0,0.658608,0.66,12.9535,0.204,12.954,3.594,0.162,af3,nomsa_template
4ep2,43,1,0.619728,0.62,1.6485,0.858,1.648,0.556,0.73,af3,nomsa_template
4ep2,43,2,0.71407,0.74,0.847,0.942,0.847,0.406,0.905,af3,nomsa_template
4ep2,43,3,0.720412,0.75,0.9859,0.944,0.986,0.425,0.919,af3,nomsa_template
4ep2,43,4,0.72223,0.75,0.8645,0.951,0.865,0.407,0.932,af3,nomsa_template
4ep2,44,0,0.711275,0.73,12.8771,0.205,12.877,3.58,0.162,af3,nomsa_template
4ep2,44,1,0.71648,0.74,12.8316,0.206,12.832,3.567,0.162,af3,nomsa_template
4ep2,44,2,0.6668219999999999,0.69,0.8016,0.947,0.802,0.313,0.892,af3,nomsa_template
4ep2,44,3,0.71943,0.74,12.8441,0.206,12.844,3.565,0.162,af3,nomsa_template
4ep2,44,4,0.717503,0.74,12.7973,0.206,12.797,3.557,0.162,af3,nomsa_template
4fii,42,0,0.7501220000000001,0.87,0.923,0.963,0.923,0.424,0.974,af3,nomsa_template
4fii,42,1,0.729234,0.83,0.9217,0.94,0.922,0.546,0.947,af3,nomsa_template
4fii,42,2,0.743878,0.85,0.7171,0.963,0.717,0.345,0.947,af3,nomsa_template
4fii,42,3,0.7509699999999999,0.85,1.0717,0.931,1.072,0.604,0.947,af3,nomsa_template
4fii,42,4,0.7020959999999999,0.81,1.2285,0.94,1.229,0.444,0.921,af3,nomsa_template
4fii,43,0,0.744962,0.84,1.0122,0.948,1.012,0.471,0.947,af3,nomsa_template
4fii,43,1,0.7207479999999999,0.83,0.9295,0.886,0.929,0.553,0.789,af3,nomsa_template
4fii,43,2,0.742882,0.84,1.0256,0.929,1.026,0.556,0.921,af3,nomsa_template
4fii,43,3,0.7532460000000001,0.85,0.922,0.937,0.922,0.569,0.947,af3,nomsa_template
4fii,43,4,0.75753,0.85,0.9451,0.937,0.945,0.566,0.947,af3,nomsa_template
4fii,44,0,0.75345,0.85,0.7175,0.946,0.717,0.508,0.947,af3,nomsa_template
4fii,44,1,0.752112,0.85,0.8549,0.937,0.855,0.567,0.947,af3,nomsa_template
4fii,44,2,0.7401300000000001,0.85,0.9419,0.945,0.942,0.424,0.921,af3,nomsa_template
4fii,44,3,0.7306279999999999,0.83,1.0519,0.956,1.052,0.397,0.947,af3,nomsa_template
4fii,44,4,0.7334879999999999,0.83,1.3737,0.887,1.374,0.574,0.816,af3,nomsa_template
4gq6,42,0,0.684077,0.83,1.6322,0.906,1.632,0.557,0.875,af3,nomsa_template
4gq6,42,1,0.699645,0.85,1.4902,0.937,1.49,0.519,0.946,af3,nomsa_template
4gq6,42,2,0.675351,0.83,1.8588,0.866,1.859,0.607,0.786,af3,nomsa_template
4gq6,42,3,0.6931069999999999,0.84,1.2902,0.924,1.29,0.44,0.875,af3,nomsa_template
4gq6,42,4,0.690881,0.85,1.5077,0.918,1.508,0.526,0.893,af3,nomsa_template
4gq6,43,0,0.6981390000000001,0.85,1.4758,0.908,1.476,0.509,0.857,af3,nomsa_template
4gq6,43,1,0.701434,0.85,1.5164,0.919,1.516,0.515,0.893,af3,nomsa_template
4gq6,43,2,0.6933010000000001,0.84,1.5677,0.912,1.568,0.52,0.875,af3,nomsa_template
4gq6,43,3,0.6888599999999999,0.84,1.6926,0.892,1.693,0.567,0.839,af3,nomsa_template
4gq6,43,4,0.6919799999999999,0.84,1.5665,0.899,1.566,0.525,0.839,af3,nomsa_template
4gq6,44,0,0.685449,0.83,1.5398,0.9,1.54,0.52,0.839,af3,nomsa_template
4gq6,44,1,0.684274,0.83,1.5823,0.904,1.582,0.534,0.857,af3,nomsa_template
4gq6,44,2,0.6856709999999999,0.84,1.5455,0.894,1.546,0.522,0.821,af3,nomsa_template
4gq6,44,3,0.696947,0.84,1.3559,0.944,1.356,0.474,0.946,af3,nomsa_template
4gq6,44,4,0.685961,0.84,1.5841,0.892,1.584,0.529,0.821,af3,nomsa_template
4hdq,42,0,0.718831,0.84,3.6404,0.76,3.64,0.977,0.733,af3,nomsa_template
4hdq,42,1,0.7232810000000001,0.84,2.9953,0.808,2.995,0.826,0.767,af3,nomsa_template
4hdq,42,2,0.7091299999999999,0.83,3.0239,0.817,3.024,0.839,0.8,af3,nomsa_template
4hdq,42,3,0.676541,0.81,3.8107,0.767,3.811,1.054,0.8,af3,nomsa_template
4hdq,42,4,0.705259,0.85,2.9893,0.834,2.989,0.798,0.833,af3,nomsa_template
4hdq,43,0,0.672281,0.79,3.0973,0.779,3.097,0.855,0.7,af3,nomsa_template
4hdq,43,1,0.7241110000000001,0.84,3.8437,0.78,3.844,1.04,0.833,af3,nomsa_template
4hdq,43,2,0.724469,0.85,2.7787,0.818,2.779,0.787,0.767,af3,nomsa_template
4hdq,43,3,0.720746,0.85,1.3639,0.819,1.364,1.025,0.8,af3,nomsa_template
4hdq,43,4,0.730937,0.85,3.1116,0.81,3.112,0.87,0.8,af3,nomsa_template
4hdq,44,0,0.700898,0.83,3.0622,0.818,3.062,0.822,0.8,af3,nomsa_template
4hdq,44,1,0.678746,0.82,2.9995,0.815,2.999,0.855,0.8,af3,nomsa_template
4hdq,44,2,0.715872,0.84,2.9994,0.819,2.999,0.826,0.8,af3,nomsa_template
4hdq,44,3,0.703454,0.81,3.3968,0.793,3.397,0.94,0.8,af3,nomsa_template
4hdq,44,4,0.732998,0.86,3.5567,0.785,3.557,0.975,0.8,af3,nomsa_template
4hom,42,0,0.442819,0.7,8.8259,0.373,8.826,2.311,0.341,af3,nomsa_template
4hom,42,1,0.266404,0.46,14.2207,0.147,14.221,3.68,0.037,af3,nomsa_template
4hom,42,2,0.507892,0.75,10.5974,0.315,10.597,2.794,0.329,af3,nomsa_template
4hom,42,3,0.44386899999999996,0.7,8.289,0.396,8.289,2.179,0.354,af3,nomsa_template
4hom,42,4,0.491026,0.73,8.0143,0.409,8.014,2.123,0.366,af3,nomsa_template
4hom,43,0,0.470818,0.73,7.8468,0.424,7.847,2.082,0.39,af3,nomsa_template
4hom,43,1,0.529885,0.79,9.1824,0.36,9.182,2.417,0.341,af3,nomsa_template
4hom,43,2,0.496939,0.74,9.194,0.364,9.194,2.429,0.354,af3,nomsa_template
4hom,43,3,0.528706,0.81,8.268,0.391,8.268,2.199,0.341,af3,nomsa_template
4hom,43,4,0.502853,0.74,11.0684,0.304,11.068,2.902,0.329,af3,nomsa_template
4hom,44,0,0.5072249999999999,0.74,8.8048,0.369,8.805,2.316,0.329,af3,nomsa_template
4hom,44,1,0.526358,0.78,7.114,0.44,7.114,1.877,0.341,af3,nomsa_template
4hom,44,2,0.509034,0.75,9.4667,0.348,9.467,2.483,0.329,af3,nomsa_template
4hom,44,3,0.5027969999999999,0.73,8.9029,0.373,8.903,2.353,0.354,af3,nomsa_template
4hom,44,4,0.49589799999999995,0.74,11.2288,0.291,11.229,2.959,0.305,af3,nomsa_template
4iga,42,0,0.6157900000000001,0.48,11.0158,0.202,11.016,5.703,0.167,af3,nomsa_template
4iga,42,1,0.6630929999999999,0.57,14.6397,0.114,14.64,7.961,0.056,af3,nomsa_template
4iga,42,2,0.595809,0.38,14.4427,0.134,14.443,7.886,0.111,af3,nomsa_template
4iga,42,3,0.683295,0.59,14.3745,0.136,14.375,7.704,0.111,af3,nomsa_template
4iga,42,4,0.6433629999999999,0.52,14.9381,0.102,14.938,8.1,0.028,af3,nomsa_template
4iga,43,0,0.710398,0.68,14.1654,0.138,14.165,7.401,0.111,af3,nomsa_template
4iga,43,1,0.67204,0.55,14.6903,0.132,14.69,7.939,0.111,af3,nomsa_template
4iga,43,2,0.712307,0.68,13.9544,0.14,13.954,7.475,0.111,af3,nomsa_template
4iga,43,3,0.6741370000000001,0.59,13.2748,0.158,13.275,7.011,0.139,af3,nomsa_template
4iga,43,4,0.672893,0.59,14.4056,0.135,14.406,7.78,0.111,af3,nomsa_template
4iga,44,0,0.6714950000000001,0.56,14.4099,0.135,14.41,7.751,0.111,af3,nomsa_template
4iga,44,1,0.6625700000000001,0.5,14.6303,0.124,14.63,7.796,0.083,af3,nomsa_template
4iga,44,2,0.661296,0.52,14.448,0.126,14.448,7.757,0.083,af3,nomsa_template
4iga,44,3,0.6555840000000001,0.52,14.8974,0.121,14.897,7.915,0.083,af3,nomsa_template
4iga,44,4,0.586732,0.36,14.7597,0.122,14.76,7.903,0.083,af3,nomsa_template
4j2c,42,0,0.895057,0.86,0.6152,0.929,0.615,0.628,0.943,af3,nomsa_template
4j2c,42,1,0.8770659999999999,0.85,0.9874,0.926,0.987,0.633,0.943,af3,nomsa_template
4j2c,42,2,0.891093,0.87,0.5573,0.937,0.557,0.577,0.943,af3,nomsa_template
4j2c,42,3,0.8914740000000001,0.87,0.658,0.939,0.658,0.694,1.0,af3,nomsa_template
4j2c,42,4,0.8952800000000001,0.87,0.6395,0.867,0.64,0.935,0.886,af3,nomsa_template
4j2c,43,0,0.8921439999999999,0.86,0.9637,0.918,0.964,0.697,0.943,af3,nomsa_template
4j2c,43,1,0.892357,0.86,0.6873,0.903,0.687,0.817,0.943,af3,nomsa_template
4j2c,43,2,0.902068,0.88,0.6311,0.913,0.631,0.746,0.943,af3,nomsa_template
4j2c,43,3,0.8822709999999999,0.85,0.6617,0.894,0.662,0.746,0.886,af3,nomsa_template
4j2c,43,4,0.896909,0.86,0.9098,0.914,0.91,0.792,0.971,af3,nomsa_template
4j2c,44,0,0.880903,0.86,0.7026,0.929,0.703,0.698,0.971,af3,nomsa_template
4j2c,44,1,0.8902889999999999,0.87,0.7981,0.942,0.798,0.52,0.943,af3,nomsa_template
4j2c,44,2,0.8907309999999999,0.87,0.7021,0.927,0.702,0.711,0.971,af3,nomsa_template
4j2c,44,3,0.894888,0.88,1.0708,0.908,1.071,0.755,0.943,af3,nomsa_template
4j2c,44,4,0.904029,0.89,0.9505,0.811,0.95,1.493,0.943,af3,nomsa_template
4j8b,42,0,0.27863,0.39,41.541,0.019,41.541,11.962,0.0,af3,nomsa_template
4j8b,42,1,0.262588,0.37,41.0239,0.019,41.024,11.66,0.0,af3,nomsa_template
4j8b,42,2,0.247714,0.24,48.2757,0.014,48.276,13.875,0.0,af3,nomsa_template
4j8b,42,3,0.25319800000000003,0.31,44.0647,0.017,44.065,12.482,0.0,af3,nomsa_template
4j8b,42,4,0.312618,0.44,44.5553,0.016,44.555,12.699,0.0,af3,nomsa_template
4j8b,43,0,0.36151200000000006,0.61,39.7373,0.02,39.737,11.348,0.0,af3,nomsa_template
4j8b,43,1,0.26387,0.4,20.4058,0.081,20.406,5.695,0.031,af3,nomsa_template
4j8b,43,2,0.287708,0.4,41.5301,0.019,41.53,11.912,0.0,af3,nomsa_template
4j8b,43,3,0.284184,0.41,42.3196,0.018,42.32,12.097,0.0,af3,nomsa_template
4j8b,43,4,0.286922,0.43,38.124,0.022,38.124,10.877,0.0,af3,nomsa_template
4j8b,44,0,0.26252400000000004,0.3,45.2844,0.016,45.284,13.0,0.0,af3,nomsa_template
4j8b,44,1,0.26422799999999996,0.19,54.999,0.011,54.999,15.813,0.0,af3,nomsa_template
4j8b,44,2,0.27257200000000004,0.38,39.4527,0.021,39.453,11.329,0.0,af3,nomsa_template
4j8b,44,3,0.26954,0.32,45.2794,0.016,45.279,12.936,0.0,af3,nomsa_template
4j8b,44,4,0.277674,0.27,49.9673,0.013,49.967,14.304,0.0,af3,nomsa_template
4leb,42,0,0.76693,0.82,3.411,0.823,3.411,1.202,1.0,af3,nomsa_template
4leb,42,1,0.7644679999999999,0.81,3.4249,0.822,3.425,1.212,1.0,af3,nomsa_template
4leb,42,2,0.7866719999999999,0.84,3.3766,0.826,3.377,1.19,1.0,af3,nomsa_template
4leb,42,3,0.771126,0.81,3.2649,0.827,3.265,1.204,1.0,af3,nomsa_template
4leb,42,4,0.777664,0.83,3.4792,0.821,3.479,1.211,1.0,af3,nomsa_template
4leb,43,0,0.7781220000000001,0.84,3.2419,0.827,3.242,1.206,1.0,af3,nomsa_template
4leb,43,1,0.784158,0.84,3.3802,0.825,3.38,1.197,1.0,af3,nomsa_template
4leb,43,2,0.78723,0.82,3.4108,0.821,3.411,1.223,1.0,af3,nomsa_template
4leb,43,3,0.784782,0.84,3.3738,0.825,3.374,1.194,1.0,af3,nomsa_template
4leb,43,4,0.775214,0.82,3.4093,0.824,3.409,1.198,1.0,af3,nomsa_template
4leb,44,0,0.7652639999999999,0.81,3.3321,0.818,3.332,1.181,0.971,af3,nomsa_template
4leb,44,1,0.767382,0.81,3.3039,0.818,3.304,1.187,0.971,af3,nomsa_template
4leb,44,2,0.7598560000000001,0.8,3.1986,0.831,3.199,1.182,1.0,af3,nomsa_template
4leb,44,3,0.761174,0.8,3.3527,0.825,3.353,1.197,1.0,af3,nomsa_template
4leb,44,4,0.78609,0.83,3.3908,0.823,3.391,1.207,1.0,af3,nomsa_template
4lk9,42,0,0.877508,0.89,2.0567,0.789,2.057,1.162,0.796,af3,nomsa_template
4lk9,42,1,0.8776619999999999,0.89,1.014,0.828,1.014,0.932,0.776,af3,nomsa_template
4lk9,42,2,0.8706,0.88,1.1126,0.827,1.113,1.023,0.816,af3,nomsa_template
4lk9,42,3,0.878104,0.89,1.0966,0.835,1.097,0.923,0.796,af3,nomsa_template
4lk9,42,4,0.85312,0.86,1.8188,0.781,1.819,1.246,0.796,af3,nomsa_template
4lk9,43,0,0.8901399999999999,0.9,0.4644,0.853,0.464,0.779,0.776,af3,nomsa_template
4lk9,43,1,0.8638469999999999,0.88,1.5181,0.834,1.518,0.942,0.816,af3,nomsa_template
4lk9,43,2,0.879489,0.89,0.7897,0.823,0.79,0.932,0.755,af3,nomsa_template
4lk9,43,3,0.894456,0.91,0.7697,0.827,0.77,0.902,0.755,af3,nomsa_template
4lk9,43,4,0.850387,0.86,1.9313,0.804,1.931,1.114,0.816,af3,nomsa_template
4lk9,44,0,0.8907980000000001,0.91,1.4602,0.796,1.46,1.071,0.755,af3,nomsa_template
4lk9,44,1,0.8906399999999999,0.9,2.0095,0.776,2.01,1.212,0.776,af3,nomsa_template
4lk9,44,2,0.842521,0.86,1.1734,0.809,1.173,1.054,0.776,af3,nomsa_template
4lk9,44,3,0.8491979999999999,0.87,0.9554,0.811,0.955,1.055,0.776,af3,nomsa_template
4lk9,44,4,0.883531,0.9,0.866,0.829,0.866,0.933,0.776,af3,nomsa_template
4lzf,42,0,0.7648659999999999,0.78,1.882,0.903,1.882,0.558,0.879,af3,nomsa_template
4lzf,42,1,0.760511,0.77,2.2854,0.829,2.285,1.19,0.939,af3,nomsa_template
4lzf,42,2,0.668701,0.65,6.6023,0.494,6.602,2.799,0.636,af3,nomsa_template
4lzf,42,3,0.689241,0.69,16.218,0.149,16.218,6.592,0.182,af3,nomsa_template
4lzf,42,4,0.782827,0.8,2.9904,0.85,2.99,0.719,0.848,af3,nomsa_template
4lzf,43,0,0.579868,0.53,10.2561,0.312,10.256,4.413,0.424,af3,nomsa_template
4lzf,43,1,0.792928,0.81,2.9489,0.792,2.949,1.375,0.939,af3,nomsa_template
4lzf,43,2,0.710631,0.69,5.7051,0.529,5.705,2.521,0.636,af3,nomsa_template
4lzf,43,3,0.715009,0.69,5.4812,0.61,5.481,2.441,0.848,af3,nomsa_template
4lzf,43,4,0.6821980000000001,0.64,6.2053,0.502,6.205,2.624,0.606,af3,nomsa_template
4lzf,44,0,0.7240470000000001,0.74,6.8496,0.482,6.85,2.956,0.636,af3,nomsa_template
4lzf,44,1,0.7908750000000001,0.81,2.3308,0.857,2.331,0.696,0.818,af3,nomsa_template
4lzf,44,2,0.77742,0.8,3.923,0.775,3.923,1.25,0.909,af3,nomsa_template
4lzf,44,3,0.7763849999999999,0.79,4.3559,0.781,4.356,1.196,0.939,af3,nomsa_template
4lzf,44,4,0.7734409999999999,0.79,1.5405,0.888,1.54,0.635,0.848,af3,nomsa_template
4m5s,42,0,0.8976999999999999,0.87,1.8946,0.899,1.895,0.765,0.951,af3,nomsa_template
4m5s,42,1,0.9107590000000001,0.89,1.6612,0.921,1.661,0.572,0.927,af3,nomsa_template
4m5s,42,2,0.9192279999999999,0.89,1.7242,0.936,1.724,0.576,0.976,af3,nomsa_template
4m5s,42,3,0.905615,0.87,1.8868,0.906,1.887,0.715,0.951,af3,nomsa_template
4m5s,42,4,0.9088590000000001,0.89,2.025,0.909,2.025,0.683,0.951,af3,nomsa_template
4m5s,43,0,0.9086279999999999,0.88,1.9247,0.897,1.925,0.776,0.951,af3,nomsa_template
4m5s,43,1,0.8987430000000001,0.86,1.8167,0.911,1.817,0.688,0.951,af3,nomsa_template
4m5s,43,2,0.9017789999999999,0.87,1.9238,0.897,1.924,0.72,0.927,af3,nomsa_template
4m5s,43,3,0.903415,0.88,1.4981,0.911,1.498,0.606,0.902,af3,nomsa_template
4m5s,43,4,0.910238,0.88,1.6444,0.916,1.644,0.611,0.927,af3,nomsa_template
4m5s,44,0,0.906332,0.87,1.8529,0.895,1.853,0.684,0.902,af3,nomsa_template
4m5s,44,1,0.902518,0.87,1.7358,0.9,1.736,0.664,0.902,af3,nomsa_template
4m5s,44,2,0.909906,0.88,1.5117,0.919,1.512,0.605,0.927,af3,nomsa_template
4m5s,44,3,0.908656,0.88,1.9274,0.899,1.927,0.706,0.927,af3,nomsa_template
4m5s,44,4,0.9055219999999999,0.88,2.0829,0.882,2.083,0.806,0.927,af3,nomsa_template
4m91,42,0,0.7993899999999999,0.81,3.2147,0.761,3.215,1.224,0.808,af3,nomsa_template
4m91,42,1,0.8230620000000001,0.85,2.8899,0.789,2.89,1.072,0.808,af3,nomsa_template
4m91,42,2,0.810768,0.83,3.0125,0.767,3.012,1.114,0.769,af3,nomsa_template
4m91,42,3,0.818218,0.84,3.1581,0.766,3.158,1.195,0.808,af3,nomsa_template
4m91,42,4,0.814044,0.83,3.1282,0.753,3.128,1.204,0.769,af3,nomsa_template
4m91,43,0,0.8150740000000001,0.84,2.771,0.792,2.771,1.063,0.808,af3,nomsa_template
4m91,43,1,0.812872,0.84,3.1597,0.75,3.16,1.221,0.769,af3,nomsa_template
4m91,43,2,0.825504,0.85,2.9213,0.773,2.921,1.09,0.769,af3,nomsa_template
4m91,43,3,0.8198300000000001,0.84,3.1147,0.769,3.115,1.178,0.808,af3,nomsa_template
4m91,43,4,0.8408960000000001,0.87,2.9771,0.767,2.977,1.126,0.769,af3,nomsa_template
4m91,44,0,0.834726,0.86,2.8249,0.777,2.825,1.071,0.769,af3,nomsa_template
4m91,44,1,0.82339,0.84,3.1179,0.772,3.118,1.159,0.808,af3,nomsa_template
4m91,44,2,0.805802,0.83,3.3348,0.742,3.335,1.254,0.769,af3,nomsa_template
4m91,44,3,0.834104,0.87,3.0043,0.779,3.004,1.125,0.808,af3,nomsa_template
4m91,44,4,0.820338,0.84,3.1622,0.752,3.162,1.203,0.769,af3,nomsa_template
4mvi,42,0,0.6855629999999999,0.79,4.8413,0.442,4.841,3.421,0.41,af3,nomsa_template
4mvi,42,1,0.6899219999999999,0.77,5.2585,0.442,5.259,3.433,0.443,af3,nomsa_template
4mvi,42,2,0.6832630000000001,0.77,3.8378,0.503,3.838,2.59,0.426,af3,nomsa_template
4mvi,42,3,0.687302,0.77,4.779,0.466,4.779,2.645,0.393,af3,nomsa_template
4mvi,42,4,0.6694589999999999,0.75,3.5204,0.522,3.52,2.373,0.426,af3,nomsa_template
4mvi,43,0,0.6879430000000001,0.78,4.4787,0.466,4.479,2.955,0.41,af3,nomsa_template
4mvi,43,1,0.704846,0.8,5.4236,0.425,5.424,3.508,0.41,af3,nomsa_template
4mvi,43,2,0.675878,0.77,3.5676,0.52,3.568,2.586,0.459,af3,nomsa_template
4mvi,43,3,0.694255,0.78,3.8675,0.515,3.867,2.353,0.426,af3,nomsa_template
4mvi,43,4,0.6658369999999999,0.76,4.2044,0.467,4.204,3.286,0.426,af3,nomsa_template
4mvi,44,0,0.6919580000000001,0.78,5.4118,0.453,5.412,2.803,0.426,af3,nomsa_template
4mvi,44,1,0.686002,0.78,4.5649,0.464,4.565,2.806,0.393,af3,nomsa_template
4mvi,44,2,0.670518,0.76,4.056,0.483,4.056,3.247,0.459,af3,nomsa_template
4mvi,44,3,0.695288,0.78,3.6288,0.516,3.629,2.536,0.443,af3,nomsa_template
4mvi,44,4,0.6793340000000001,0.77,4.7359,0.481,4.736,2.471,0.41,af3,nomsa_template
4nuu,42,0,0.724046,0.78,1.6826,0.638,1.683,2.869,0.737,af3,nomsa_template
4nuu,42,1,0.7081149999999999,0.76,1.8136,0.618,1.814,2.486,0.632,af3,nomsa_template
4nuu,42,2,0.737959,0.81,2.001,0.65,2.001,2.484,0.737,af3,nomsa_template
4nuu,42,3,0.739813,0.8,1.0478,0.631,1.048,3.295,0.737,af3,nomsa_template
4nuu,42,4,0.715299,0.77,1.5553,0.612,1.555,2.902,0.658,af3,nomsa_template
4nuu,43,0,0.741212,0.81,2.2164,0.705,2.216,1.991,0.816,af3,nomsa_template
4nuu,43,1,0.746428,0.81,1.6705,0.644,1.671,2.732,0.737,af3,nomsa_template
4nuu,43,2,0.720468,0.78,1.6836,0.609,1.684,2.93,0.658,af3,nomsa_template
4nuu,43,3,0.747526,0.83,1.6397,0.636,1.64,2.931,0.737,af3,nomsa_template
4nuu,43,4,0.7149209999999999,0.76,1.3252,0.622,1.325,2.732,0.658,af3,nomsa_template
4nuu,44,0,0.741577,0.8,1.4152,0.592,1.415,2.798,0.579,af3,nomsa_template
4nuu,44,1,0.7481709999999999,0.82,1.479,0.695,1.479,2.167,0.789,af3,nomsa_template
4nuu,44,2,0.75343,0.83,2.1784,0.638,2.178,2.684,0.737,af3,nomsa_template
4nuu,44,3,0.737402,0.8,1.5025,0.644,1.503,2.787,0.737,af3,nomsa_template
4nuu,44,4,0.739649,0.79,1.3444,0.641,1.344,2.916,0.737,af3,nomsa_template
4nxr,42,0,0.886365,0.83,1.173,0.869,1.173,0.977,0.923,af3,nomsa_template
4nxr,42,1,0.881563,0.82,3.8758,0.638,3.876,2.489,0.821,af3,nomsa_template
4nxr,42,2,0.877435,0.81,4.4484,0.657,4.448,1.771,0.769,af3,nomsa_template
4nxr,42,3,0.865527,0.79,1.9856,0.785,1.986,1.331,0.846,af3,nomsa_template
4nxr,42,4,0.8779290000000001,0.81,1.1023,0.86,1.102,1.044,0.923,af3,nomsa_template
4nxr,43,0,0.850005,0.79,3.3656,0.706,3.366,1.552,0.769,af3,nomsa_template
4nxr,43,1,0.84194,0.8,4.2228,0.673,4.223,1.754,0.795,af3,nomsa_template
4nxr,43,2,0.854935,0.81,4.2057,0.648,4.206,1.956,0.769,af3,nomsa_template
4nxr,43,3,0.8493080000000001,0.78,3.4411,0.696,3.441,1.623,0.769,af3,nomsa_template
4nxr,43,4,0.8569920000000001,0.8,3.7192,0.648,3.719,2.237,0.795,af3,nomsa_template
4nxr,44,0,0.885899,0.83,1.4155,0.828,1.415,1.125,0.872,af3,nomsa_template
4nxr,44,1,0.8632559999999999,0.79,4.4671,0.655,4.467,1.702,0.744,af3,nomsa_template
4nxr,44,2,0.8474349999999999,0.78,3.4064,0.695,3.406,1.561,0.744,af3,nomsa_template
4nxr,44,3,0.859003,0.8,4.2884,0.673,4.288,1.737,0.795,af3,nomsa_template
4nxr,44,4,0.889097,0.82,1.5206,0.831,1.521,1.221,0.923,af3,nomsa_template
4ny3,42,0,0.7760339999999999,0.87,1.8607,0.795,1.861,1.234,0.833,af3,nomsa_template
4ny3,42,1,0.778894,0.87,1.5382,0.807,1.538,1.177,0.833,af3,nomsa_template
4ny3,42,2,0.774398,0.87,1.6332,0.758,1.633,1.982,0.944,af3,nomsa_template
4ny3,42,3,0.7841830000000001,0.88,1.7729,0.784,1.773,1.328,0.833,af3,nomsa_template
4ny3,42,4,0.822813,0.9,2.1492,0.709,2.149,2.024,0.833,af3,nomsa_template
4ny3,43,0,0.782051,0.88,1.7105,0.756,1.711,1.989,0.944,af3,nomsa_template
4ny3,43,1,0.796821,0.89,2.0274,0.729,2.027,2.041,0.889,af3,nomsa_template
4ny3,43,2,0.771085,0.87,2.1445,0.726,2.145,1.816,0.833,af3,nomsa_template
4ny3,43,3,0.785179,0.88,1.6599,0.761,1.66,1.931,0.944,af3,nomsa_template
4ny3,43,4,0.785464,0.89,1.9017,0.777,1.902,1.716,0.944,af3,nomsa_template
4ny3,44,0,0.788379,0.88,1.8778,0.818,1.878,1.34,0.944,af3,nomsa_template
4ny3,44,1,0.8004399999999999,0.89,2.3858,0.769,2.386,1.366,0.833,af3,nomsa_template
4ny3,44,2,0.7777280000000001,0.87,1.4661,0.827,1.466,1.319,0.944,af3,nomsa_template
4ny3,44,3,0.780647,0.88,1.5369,0.822,1.537,1.2,0.889,af3,nomsa_template
4ny3,44,4,0.7812739999999999,0.88,1.4832,0.787,1.483,1.494,0.889,af3,nomsa_template
4odk,42,0,0.507359,0.53,3.8945,0.69,3.894,1.494,0.742,af3,nomsa_template
4odk,42,1,0.603378,0.59,10.742,0.233,10.742,3.522,0.161,af3,nomsa_template
4odk,42,2,0.603603,0.59,10.3114,0.248,10.311,3.635,0.194,af3,nomsa_template
4odk,42,3,0.566066,0.54,9.3105,0.265,9.31,3.609,0.194,af3,nomsa_template
4odk,42,4,0.557878,0.48,11.4571,0.22,11.457,3.664,0.161,af3,nomsa_template
4odk,43,0,0.535807,0.51,10.5931,0.239,10.593,3.853,0.194,af3,nomsa_template
4odk,43,1,0.597045,0.55,12.3983,0.206,12.398,3.788,0.161,af3,nomsa_template
4odk,43,2,0.556955,0.46,11.2246,0.22,11.225,3.787,0.161,af3,nomsa_template
4odk,43,3,0.49640799999999996,0.52,7.2743,0.502,7.274,2.58,0.677,af3,nomsa_template
4odk,43,4,0.45401,0.53,23.7043,0.047,23.704,8.814,0.0,af3,nomsa_template
4odk,44,0,0.599544,0.59,11.3736,0.242,11.374,3.709,0.226,af3,nomsa_template
4odk,44,1,0.5486840000000001,0.46,9.2352,0.279,9.235,3.529,0.226,af3,nomsa_template
4odk,44,2,0.561473,0.58,17.5249,0.199,17.525,6.367,0.355,af3,nomsa_template
4odk,44,3,0.5183679999999999,0.57,12.2893,0.243,12.289,4.977,0.323,af3,nomsa_template
4odk,44,4,0.573112,0.56,10.7144,0.25,10.714,3.739,0.226,af3,nomsa_template
4ouc,42,0,0.533465,0.7,12.861,0.244,12.861,3.676,0.286,af3,nomsa_template
4ouc,42,1,0.530941,0.67,12.5588,0.24,12.559,3.581,0.257,af3,nomsa_template
4ouc,42,2,0.482669,0.63,10.8893,0.216,10.889,3.173,0.086,af3,nomsa_template
4ouc,42,3,0.518711,0.65,13.0068,0.222,13.007,3.725,0.229,af3,nomsa_template
4ouc,42,4,0.562531,0.76,13.201,0.248,13.201,3.766,0.314,af3,nomsa_template
4ouc,43,0,0.44198,0.6,7.9618,0.332,7.962,2.343,0.171,af3,nomsa_template
4ouc,43,1,0.5194019999999999,0.66,12.2268,0.227,12.227,3.509,0.2,af3,nomsa_template
4ouc,43,2,0.5038239999999999,0.64,12.2325,0.246,12.232,3.508,0.257,af3,nomsa_template
4ouc,43,3,0.522646,0.66,12.4855,0.241,12.485,3.589,0.257,af3,nomsa_template
4ouc,43,4,0.494176,0.61,12.4815,0.251,12.481,3.557,0.286,af3,nomsa_template
4ouc,44,0,0.506722,0.64,12.908,0.234,12.908,3.685,0.257,af3,nomsa_template
4ouc,44,1,0.520915,0.67,12.5407,0.24,12.541,3.591,0.257,af3,nomsa_template
4ouc,44,2,0.512891,0.64,12.7238,0.227,12.724,3.665,0.229,af3,nomsa_template
4ouc,44,3,0.551487,0.78,13.455,0.214,13.455,3.899,0.229,af3,nomsa_template
4ouc,44,4,0.496663,0.66,13.5647,0.213,13.565,3.928,0.229,af3,nomsa_template
4oyk,42,0,0.564139,0.4,12.2476,0.16,12.248,5.06,0.075,af3,nomsa_template
4oyk,42,1,0.579777,0.45,12.1351,0.161,12.135,5.156,0.075,af3,nomsa_template
4oyk,42,2,0.5966830000000001,0.44,14.6238,0.189,14.624,5.776,0.25,af3,nomsa_template
4oyk,42,3,0.549101,0.41,10.9798,0.187,10.98,4.874,0.1,af3,nomsa_template
4oyk,42,4,0.5778179999999999,0.42,12.8531,0.144,12.853,5.164,0.05,af3,nomsa_template
4oyk,43,0,0.573936,0.4,14.9611,0.186,14.961,5.771,0.25,af3,nomsa_template
4oyk,43,1,0.573233,0.41,15.1604,0.175,15.16,5.873,0.225,af3,nomsa_template
4oyk,43,2,0.596059,0.49,12.3796,0.205,12.38,5.496,0.225,af3,nomsa_template
4oyk,43,3,0.560839,0.42,12.4384,0.213,12.438,5.474,0.25,af3,nomsa_template
4oyk,43,4,0.575862,0.41,14.6448,0.189,14.645,5.68,0.25,af3,nomsa_template
4oyk,44,0,0.5728300000000001,0.38,15.5075,0.173,15.508,5.82,0.225,af3,nomsa_template
4oyk,44,1,0.569079,0.4,15.3919,0.181,15.392,5.996,0.25,af3,nomsa_template
4oyk,44,2,0.593215,0.45,15.5989,0.181,15.599,5.729,0.25,af3,nomsa_template
4oyk,44,3,0.588994,0.44,11.874,0.165,11.874,5.041,0.075,af3,nomsa_template
4oyk,44,4,0.569518,0.38,15.2797,0.182,15.28,5.949,0.25,af3,nomsa_template
4pd1,42,0,0.8253830000000001,0.92,1.2635,0.922,1.264,0.521,0.896,af3,nomsa_template
4pd1,42,1,0.822844,0.92,0.7955,0.943,0.796,0.369,0.896,af3,nomsa_template
4pd1,42,2,0.822365,0.91,0.8441,0.945,0.844,0.42,0.917,af3,nomsa_template
4pd1,42,3,0.827182,0.92,1.0233,0.942,1.023,0.431,0.917,af3,nomsa_template
4pd1,42,4,0.820553,0.91,1.0373,0.942,1.037,0.433,0.917,af3,nomsa_template
4pd1,43,0,0.816956,0.91,0.9401,0.951,0.94,0.415,0.938,af3,nomsa_template
4pd1,43,1,0.8142100000000001,0.91,1.2546,0.952,1.255,0.449,0.958,af3,nomsa_template
4pd1,43,2,0.812708,0.91,0.9937,0.942,0.994,0.432,0.917,af3,nomsa_template
4pd1,43,3,0.819573,0.92,1.021,0.944,1.021,0.417,0.917,af3,nomsa_template
4pd1,43,4,0.819077,0.92,0.8467,0.949,0.847,0.38,0.917,af3,nomsa_template
4pd1,44,0,0.822181,0.91,1.24,0.934,1.24,0.484,0.917,af3,nomsa_template
4pd1,44,1,0.822222,0.92,0.8563,0.943,0.856,0.373,0.896,af3,nomsa_template
4pd1,44,2,0.819822,0.91,1.0558,0.953,1.056,0.391,0.938,af3,nomsa_template
4pd1,44,3,0.825927,0.92,0.8992,0.936,0.899,0.431,0.896,af3,nomsa_template
4pd1,44,4,0.8197620000000001,0.92,1.2815,0.921,1.281,0.532,0.896,af3,nomsa_template
4pge,42,0,0.9166259999999999,0.95,4.7858,0.88,4.786,0.456,0.966,af3,nomsa_template
4pge,42,1,0.9158540000000001,0.95,8.014,0.793,8.014,0.499,0.949,af3,nomsa_template
4pge,42,2,0.9058700000000001,0.94,1.2369,0.946,1.237,0.475,0.949,af3,nomsa_template
4pge,42,3,0.915626,0.94,7.2589,0.813,7.259,0.464,0.949,af3,nomsa_template
4pge,42,4,0.9103230000000001,0.94,1.4815,0.947,1.481,0.486,0.966,af3,nomsa_template
4pge,43,0,0.913323,0.94,9.0613,0.77,9.061,0.523,0.949,af3,nomsa_template
4pge,43,1,0.915147,0.94,6.1455,0.838,6.145,0.479,0.949,af3,nomsa_template
4pge,43,2,0.9087040000000001,0.94,2.0207,0.939,2.021,0.49,0.966,af3,nomsa_template
4pge,43,3,0.912114,0.94,2.7184,0.924,2.718,0.459,0.949,af3,nomsa_template
4pge,43,4,0.914788,0.94,7.906,0.802,7.906,0.489,0.966,af3,nomsa_template
4pge,44,0,0.916469,0.95,6.9677,0.824,6.968,0.481,0.966,af3,nomsa_template
4pge,44,1,0.912886,0.94,2.2003,0.937,2.2,0.477,0.966,af3,nomsa_template
4pge,44,2,0.9154089999999999,0.95,5.9858,0.845,5.986,0.502,0.966,af3,nomsa_template
4pge,44,3,0.91692,0.95,8.1933,0.794,8.193,0.459,0.949,af3,nomsa_template
4pge,44,4,0.9124500000000001,0.95,8.6365,0.776,8.636,0.492,0.932,af3,nomsa_template
4qbr,42,0,0.920902,0.94,1.7426,0.871,1.743,0.913,0.925,af3,nomsa_template
4qbr,42,1,0.918224,0.94,1.9886,0.862,1.989,0.954,0.925,af3,nomsa_template
4qbr,42,2,0.920609,0.94,2.0153,0.864,2.015,0.934,0.925,af3,nomsa_template
4qbr,42,3,0.9200459999999999,0.94,1.0013,0.913,1.001,0.741,0.95,af3,nomsa_template
4qbr,42,4,0.9174070000000001,0.93,1.9014,0.87,1.901,0.904,0.925,af3,nomsa_template
4qbr,43,0,0.9180849999999999,0.94,1.0584,0.926,1.058,0.648,0.95,af3,nomsa_template
4qbr,43,1,0.9193129999999999,0.94,1.6569,0.879,1.657,0.867,0.925,af3,nomsa_template
4qbr,43,2,0.918174,0.93,1.0039,0.927,1.004,0.644,0.95,af3,nomsa_template
4qbr,43,3,0.919807,0.94,1.7217,0.88,1.722,0.856,0.925,af3,nomsa_template
4qbr,43,4,0.924198,0.94,1.7875,0.869,1.788,0.924,0.925,af3,nomsa_template
4qbr,44,0,0.920963,0.94,0.8656,0.915,0.866,0.735,0.95,af3,nomsa_template
4qbr,44,1,0.9150440000000001,0.93,1.5076,0.896,1.508,0.823,0.95,af3,nomsa_template
4qbr,44,2,0.9170130000000001,0.94,0.8913,0.919,0.891,0.704,0.95,af3,nomsa_template
4qbr,44,3,0.916963,0.93,1.9227,0.873,1.923,0.881,0.925,af3,nomsa_template
4qbr,44,4,0.916633,0.93,1.7323,0.875,1.732,0.889,0.925,af3,nomsa_template
4r5i,42,0,0.7880370000000001,0.78,2.4301,0.853,2.43,0.921,0.909,af3,nomsa_template
4r5i,42,1,0.7654730000000001,0.76,2.6812,0.822,2.681,1.002,0.864,af3,nomsa_template
4r5i,42,2,0.7378979999999999,0.73,2.1305,0.851,2.131,0.873,0.864,af3,nomsa_template
4r5i,42,3,0.850278,0.81,5.1371,0.583,5.137,1.388,0.477,af3,nomsa_template
4r5i,42,4,0.779451,0.77,1.8044,0.901,1.804,0.714,0.932,af3,nomsa_template
4r5i,43,0,0.776935,0.76,1.9925,0.869,1.993,0.815,0.886,af3,nomsa_template
4r5i,43,1,0.787661,0.77,2.2722,0.856,2.272,0.92,0.909,af3,nomsa_template
4r5i,43,2,0.785263,0.76,1.6923,0.9,1.692,0.737,0.932,af3,nomsa_template
4r5i,43,3,0.792967,0.77,2.3028,0.861,2.303,0.938,0.932,af3,nomsa_template
4r5i,43,4,0.8697880000000001,0.84,4.9623,0.591,4.962,1.358,0.477,af3,nomsa_template
4r5i,44,0,0.86482,0.8,4.8901,0.595,4.89,1.338,0.477,af3,nomsa_template
4r5i,44,1,0.782075,0.75,2.5514,0.845,2.551,0.959,0.909,af3,nomsa_template
4r5i,44,2,0.7885179999999999,0.77,2.1057,0.864,2.106,0.891,0.909,af3,nomsa_template
4r5i,44,3,0.8020430000000001,0.77,2.058,0.877,2.058,0.855,0.932,af3,nomsa_template
4r5i,44,4,0.772076,0.75,1.8645,0.847,1.864,0.875,0.841,af3,nomsa_template
4txr,42,0,0.668927,0.83,14.2277,0.344,14.228,4.876,0.683,af3,nomsa_template
4txr,42,1,0.673084,0.84,11.8925,0.33,11.893,5.584,0.585,af3,nomsa_template
4txr,42,2,0.6740600000000001,0.81,11.3401,0.349,11.34,6.368,0.634,af3,nomsa_template
4txr,42,3,0.693534,0.84,3.5482,0.602,3.548,3.581,0.805,af3,nomsa_template
4txr,42,4,0.6956270000000001,0.83,5.0186,0.514,5.019,4.131,0.683,af3,nomsa_template
4txr,43,0,0.662402,0.8,12.4013,0.384,12.401,3.963,0.707,af3,nomsa_template
4txr,43,1,0.693412,0.85,11.3388,0.356,11.339,3.983,0.585,af3,nomsa_template
4txr,43,2,0.69227,0.85,6.8492,0.493,6.849,3.085,0.683,af3,nomsa_template
4txr,43,3,0.670111,0.83,13.6368,0.382,13.637,3.805,0.732,af3,nomsa_template
4txr,43,4,0.6881999999999999,0.84,10.3077,0.39,10.308,3.887,0.634,af3,nomsa_template
4txr,44,0,0.65373,0.78,10.6623,0.36,10.662,5.038,0.61,af3,nomsa_template
4txr,44,1,0.694383,0.85,11.4702,0.39,11.47,3.835,0.683,af3,nomsa_template
4txr,44,2,0.647376,0.77,14.3422,0.33,14.342,4.624,0.634,af3,nomsa_template
4txr,44,3,0.6825610000000001,0.83,12.8907,0.392,12.891,3.707,0.732,af3,nomsa_template
4txr,44,4,0.692628,0.85,11.0837,0.346,11.084,6.005,0.61,af3,nomsa_template
4u0c,42,0,0.582914,0.5,11.3964,0.374,11.396,2.684,0.526,af3,nomsa_template
4u0c,42,1,0.590716,0.49,14.1109,0.335,14.111,2.892,0.526,af3,nomsa_template
4u0c,42,2,0.6145309999999999,0.54,8.877,0.317,8.877,2.522,0.211,af3,nomsa_template
4u0c,42,3,0.604497,0.5,13.5113,0.344,13.511,2.81,0.526,af3,nomsa_template
4u0c,42,4,0.585889,0.49,13.8341,0.322,13.834,2.829,0.474,af3,nomsa_template
4u0c,43,0,0.63157,0.55,14.219,0.336,14.219,2.827,0.526,af3,nomsa_template
4u0c,43,1,0.575819,0.51,12.3571,0.297,12.357,2.578,0.316,af3,nomsa_template
4u0c,43,2,0.5772160000000001,0.5,13.8419,0.337,13.842,2.906,0.526,af3,nomsa_template
4u0c,43,3,0.606356,0.53,7.8384,0.366,7.838,2.322,0.263,af3,nomsa_template
4u0c,43,4,0.599705,0.53,9.1353,0.339,9.135,2.343,0.263,af3,nomsa_template
4u0c,44,0,0.575255,0.48,13.0859,0.345,13.086,2.905,0.526,af3,nomsa_template
4u0c,44,1,0.636759,0.56,14.0954,0.319,14.095,2.846,0.474,af3,nomsa_template
4u0c,44,2,0.640938,0.54,13.6689,0.342,13.669,2.821,0.526,af3,nomsa_template
4u0c,44,3,0.532378,0.48,10.8918,0.282,10.892,2.552,0.211,af3,nomsa_template
4u0c,44,4,0.5366219999999999,0.47,10.8944,0.285,10.894,2.487,0.211,af3,nomsa_template
4uqy,42,0,0.44539,0.5,6.8763,0.347,6.876,3.222,0.259,af3,nomsa_template
4uqy,42,1,0.49660400000000005,0.59,5.9136,0.343,5.914,3.114,0.167,af3,nomsa_template
4uqy,42,2,0.479735,0.58,15.8111,0.123,15.811,6.44,0.093,af3,nomsa_template
4uqy,42,3,0.451043,0.52,6.1038,0.341,6.104,3.223,0.185,af3,nomsa_template
4uqy,42,4,0.474071,0.58,5.3095,0.432,5.31,2.948,0.37,af3,nomsa_template
4uqy,43,0,0.487583,0.61,2.8789,0.589,2.879,2.67,0.63,af3,nomsa_template
4uqy,43,1,0.48942100000000005,0.58,7.0833,0.308,7.083,3.331,0.167,af3,nomsa_template
4uqy,43,2,0.461356,0.55,3.5519,0.53,3.552,2.813,0.519,af3,nomsa_template
4uqy,43,3,0.479143,0.58,3.7526,0.518,3.753,2.837,0.5,af3,nomsa_template
4uqy,43,4,0.511468,0.62,7.0349,0.324,7.035,3.481,0.222,af3,nomsa_template
4uqy,44,0,0.496529,0.58,8.4086,0.285,8.409,3.0,0.148,af3,nomsa_template
4uqy,44,1,0.482015,0.57,8.6363,0.279,8.636,3.034,0.148,af3,nomsa_template
4uqy,44,2,0.47957900000000003,0.59,9.8327,0.286,9.833,3.527,0.278,af3,nomsa_template
4uqy,44,3,0.47478000000000004,0.53,7.1575,0.352,7.157,2.6,0.222,af3,nomsa_template
4uqy,44,4,0.543566,0.65,9.9113,0.314,9.911,3.611,0.37,af3,nomsa_template
4x2h,42,0,0.711163,0.83,39.5157,0.019,39.516,12.814,0.0,af3,nomsa_template
4x2h,42,1,0.6726779999999999,0.78,39.4621,0.02,39.462,12.137,0.0,af3,nomsa_template
4x2h,42,2,0.704371,0.8,37.9907,0.021,37.991,12.293,0.0,af3,nomsa_template
4x2h,42,3,0.6733589999999999,0.74,37.978,0.021,37.978,12.667,0.0,af3,nomsa_template
4x2h,42,4,0.695475,0.8,38.8146,0.02,38.815,12.21,0.0,af3,nomsa_template
4x2h,43,0,0.6743349999999999,0.75,40.2452,0.02,40.245,11.718,0.0,af3,nomsa_template
4x2h,43,1,0.681916,0.76,39.3121,0.02,39.312,12.523,0.0,af3,nomsa_template
4x2h,43,2,0.7136979999999999,0.83,39.0198,0.02,39.02,12.912,0.0,af3,nomsa_template
4x2h,43,3,0.6591410000000001,0.73,39.9241,0.02,39.924,11.966,0.0,af3,nomsa_template
4x2h,43,4,0.48081,0.51,48.1676,0.014,48.168,13.449,0.0,af3,nomsa_template
4x2h,44,0,0.659769,0.74,40.0248,0.02,40.025,11.851,0.0,af3,nomsa_template
4x2h,44,1,0.7076,0.82,39.0315,0.02,39.032,12.36,0.0,af3,nomsa_template
4x2h,44,2,0.6555,0.72,40.6055,0.019,40.605,12.219,0.0,af3,nomsa_template
4x2h,44,3,0.7042529999999999,0.81,38.0403,0.021,38.04,11.527,0.0,af3,nomsa_template
4x2h,44,4,0.675394,0.75,38.3764,0.02,38.376,12.804,0.0,af3,nomsa_template
4x3o,42,0,0.327468,0.54,7.9463,0.371,7.946,2.899,0.367,af3,nomsa_template
4x3o,42,1,0.37534300000000004,0.73,13.0248,0.17,13.025,4.227,0.1,af3,nomsa_template
4x3o,42,2,0.334281,0.51,32.4723,0.03,32.472,9.436,0.0,af3,nomsa_template
4x3o,42,3,0.38409999999999994,0.68,32.6146,0.029,32.615,9.472,0.0,af3,nomsa_template
4x3o,42,4,0.326486,0.58,17.0125,0.104,17.012,5.161,0.033,af3,nomsa_template
4x3o,43,0,0.305824,0.47,7.8116,0.369,7.812,2.726,0.333,af3,nomsa_template
4x3o,43,1,0.327286,0.5,32.5402,0.029,32.54,9.485,0.0,af3,nomsa_template
4x3o,43,2,0.334305,0.61,9.0203,0.326,9.02,3.279,0.333,af3,nomsa_template
4x3o,43,3,0.346411,0.59,32.925,0.029,32.925,9.566,0.0,af3,nomsa_template
4x3o,43,4,0.313278,0.51,8.1612,0.385,8.161,2.976,0.433,af3,nomsa_template
4x3o,44,0,0.35938400000000004,0.58,32.6566,0.029,32.657,9.498,0.0,af3,nomsa_template
4x3o,44,1,0.32304299999999997,0.55,8.4329,0.371,8.433,2.917,0.4,af3,nomsa_template
4x3o,44,2,0.409219,0.72,32.9529,0.029,32.953,9.675,0.0,af3,nomsa_template
4x3o,44,3,0.383935,0.74,15.4301,0.198,15.43,4.672,0.267,af3,nomsa_template
4x3o,44,4,0.36249200000000004,0.65,7.3543,0.391,7.354,2.707,0.367,af3,nomsa_template
4xc2,42,0,0.798091,0.77,1.5247,0.916,1.525,0.604,0.918,af3,nomsa_template
4xc2,42,1,0.790622,0.79,2.1447,0.836,2.145,0.862,0.816,af3,nomsa_template
4xc2,42,2,0.810938,0.83,1.3332,0.931,1.333,0.557,0.939,af3,nomsa_template
4xc2,42,3,0.802065,0.8,1.6322,0.862,1.632,0.689,0.796,af3,nomsa_template
4xc2,42,4,0.804841,0.79,1.7047,0.858,1.705,0.71,0.796,af3,nomsa_template
4xc2,43,0,0.8192919999999999,0.82,1.8505,0.876,1.851,0.761,0.878,af3,nomsa_template
4xc2,43,1,0.801542,0.81,0.9516,0.96,0.952,0.459,0.98,af3,nomsa_template
4xc2,43,2,0.8044150000000001,0.81,1.0428,0.954,1.043,0.446,0.959,af3,nomsa_template
4xc2,43,3,0.793203,0.8,0.7834,0.955,0.783,0.4,0.939,af3,nomsa_template
4xc2,43,4,0.808025,0.83,1.1082,0.945,1.108,0.519,0.959,af3,nomsa_template
4xc2,44,0,0.7957219999999999,0.78,1.7851,0.882,1.785,0.723,0.878,af3,nomsa_template
4xc2,44,1,0.794782,0.78,1.6135,0.92,1.614,0.619,0.939,af3,nomsa_template
4xc2,44,2,0.795524,0.77,2.1642,0.847,2.164,0.833,0.837,af3,nomsa_template
4xc2,44,3,0.807538,0.8,0.8127,0.956,0.813,0.387,0.939,af3,nomsa_template
4xc2,44,4,0.8057880000000001,0.81,0.6055,0.96,0.605,0.425,0.959,af3,nomsa_template
4xek,42,0,0.81863,0.81,30.3162,0.03,30.316,11.125,0.0,af3,nomsa_template
4xek,42,1,0.838546,0.82,30.1706,0.03,30.171,11.204,0.0,af3,nomsa_template
4xek,42,2,0.839986,0.83,29.9962,0.031,29.996,11.178,0.0,af3,nomsa_template
4xek,42,3,0.7942189999999999,0.8,29.7747,0.031,29.775,11.006,0.0,af3,nomsa_template
4xek,42,4,0.8501080000000001,0.84,30.2079,0.03,30.208,11.242,0.0,af3,nomsa_template
4xek,43,0,0.852963,0.85,30.1975,0.03,30.198,11.197,0.0,af3,nomsa_template
4xek,43,1,0.841187,0.83,29.9755,0.031,29.976,11.151,0.0,af3,nomsa_template
4xek,43,2,0.845677,0.83,30.129,0.03,30.129,11.207,0.0,af3,nomsa_template
4xek,43,3,0.849147,0.83,30.5017,0.03,30.502,11.218,0.0,af3,nomsa_template
4xek,43,4,0.8489289999999999,0.83,30.3294,0.03,30.329,11.216,0.0,af3,nomsa_template
4xek,44,0,0.834575,0.82,30.3109,0.03,30.311,11.231,0.0,af3,nomsa_template
4xek,44,1,0.841149,0.83,30.0904,0.031,30.09,11.198,0.0,af3,nomsa_template
4xek,44,2,0.825219,0.81,29.9792,0.031,29.979,11.188,0.0,af3,nomsa_template
4xek,44,3,0.840605,0.84,30.2078,0.03,30.208,11.185,0.0,af3,nomsa_template
4xek,44,4,0.837781,0.82,30.1694,0.03,30.169,11.209,0.0,af3,nomsa_template
4yje,42,0,0.6102069999999999,0.66,16.3818,0.102,16.382,4.697,0.0,af3,nomsa_template
4yje,42,1,0.626447,0.69,16.689,0.099,16.689,4.781,0.0,af3,nomsa_template
4yje,42,2,0.6148089999999999,0.66,16.6213,0.099,16.621,4.756,0.0,af3,nomsa_template
4yje,42,3,0.602274,0.65,16.7486,0.098,16.749,4.792,0.0,af3,nomsa_template
4yje,42,4,0.605709,0.67,16.414,0.101,16.414,4.713,0.0,af3,nomsa_template
4yje,43,0,0.615399,0.66,16.613,0.099,16.613,4.778,0.0,af3,nomsa_template
4yje,43,1,0.607682,0.66,16.5094,0.1,16.509,4.735,0.0,af3,nomsa_template
4yje,43,2,0.602768,0.66,16.3951,0.101,16.395,4.695,0.0,af3,nomsa_template
4yje,43,3,0.609856,0.67,16.3637,0.102,16.364,4.709,0.0,af3,nomsa_template
4yje,43,4,0.547825,0.6,15.961,0.106,15.961,4.575,0.0,af3,nomsa_template
4yje,44,0,0.6235459999999999,0.68,16.6687,0.099,16.669,4.771,0.0,af3,nomsa_template
4yje,44,1,0.5901489999999999,0.64,16.4219,0.101,16.422,4.699,0.0,af3,nomsa_template
4yje,44,2,0.606418,0.67,16.5775,0.099,16.578,4.764,0.0,af3,nomsa_template
4yje,44,3,0.620696,0.67,16.8251,0.097,16.825,4.813,0.0,af3,nomsa_template
4yje,44,4,0.604135,0.66,16.5848,0.1,16.585,4.749,0.0,af3,nomsa_template
4z2o,42,0,0.498085,0.38,16.6967,0.121,16.697,6.741,0.111,af3,nomsa_template
4z2o,42,1,0.5077750000000001,0.36,13.9346,0.149,13.935,5.664,0.111,af3,nomsa_template
4z2o,42,2,0.534733,0.4,13.1632,0.181,13.163,5.434,0.178,af3,nomsa_template
4z2o,42,3,0.573989,0.45,14.592,0.155,14.592,6.145,0.156,af3,nomsa_template
4z2o,42,4,0.487056,0.35,13.6635,0.152,13.663,5.649,0.111,af3,nomsa_template
4z2o,43,0,0.529922,0.42,12.9705,0.132,12.971,5.362,0.022,af3,nomsa_template
4z2o,43,1,0.477646,0.35,13.6949,0.13,13.695,5.596,0.044,af3,nomsa_template
4z2o,43,2,0.508858,0.37,14.5683,0.119,14.568,5.97,0.044,af3,nomsa_template
4z2o,43,3,0.477154,0.35,13.5755,0.124,13.575,5.535,0.022,af3,nomsa_template
4z2o,43,4,0.506095,0.37,13.4157,0.155,13.416,5.631,0.111,af3,nomsa_template
4z2o,44,0,0.519773,0.38,13.6249,0.145,13.625,5.712,0.089,af3,nomsa_template
4z2o,44,1,0.482959,0.37,13.5973,0.153,13.597,5.628,0.111,af3,nomsa_template
4z2o,44,2,0.49048699999999995,0.36,13.9357,0.126,13.936,5.757,0.044,af3,nomsa_template
4z2o,44,3,0.499958,0.38,13.6363,0.167,13.636,5.683,0.156,af3,nomsa_template
4z2o,44,4,0.600564,0.54,12.1135,0.211,12.114,5.107,0.222,af3,nomsa_template
4zoz,42,0,0.860089,0.93,0.5152,0.975,0.515,0.261,0.959,af3,nomsa_template
4zoz,42,1,0.8700969999999999,0.94,0.5647,0.967,0.565,0.272,0.939,af3,nomsa_template
4zoz,42,2,0.874953,0.94,0.7984,0.933,0.798,0.342,0.857,af3,nomsa_template
4zoz,42,3,0.878785,0.94,0.7548,0.949,0.755,0.32,0.898,af3,nomsa_template
4zoz,42,4,0.863548,0.94,0.6575,0.967,0.658,0.278,0.939,af3,nomsa_template
4zoz,43,0,0.867526,0.94,1.0496,0.952,1.05,0.408,0.939,af3,nomsa_template
4zoz,43,1,0.880592,0.95,0.6688,0.966,0.669,0.288,0.939,af3,nomsa_template
4zoz,43,2,0.880362,0.94,0.809,0.963,0.809,0.314,0.939,af3,nomsa_template
4zoz,43,3,0.878913,0.94,1.4632,0.934,1.463,0.523,0.939,af3,nomsa_template
4zoz,43,4,0.864489,0.94,0.4271,0.969,0.427,0.262,0.939,af3,nomsa_template
4zoz,44,0,0.863343,0.93,0.7469,0.96,0.747,0.348,0.939,af3,nomsa_template
4zoz,44,1,0.8682810000000001,0.94,0.6111,0.967,0.611,0.275,0.939,af3,nomsa_template
4zoz,44,2,0.8785299999999999,0.94,0.6933,0.951,0.693,0.303,0.898,af3,nomsa_template
4zoz,44,3,0.866301,0.94,0.766,0.942,0.766,0.316,0.878,af3,nomsa_template
4zoz,44,4,0.872688,0.94,0.7547,0.957,0.755,0.301,0.918,af3,nomsa_template
5bs2,42,0,0.498205,0.35,5.5471,0.58,5.547,1.622,0.579,af3,nomsa_template
5bs2,42,1,0.5475639999999999,0.41,7.8368,0.458,7.837,2.26,0.526,af3,nomsa_template
5bs2,42,2,0.454785,0.28,7.4703,0.455,7.47,2.158,0.474,af3,nomsa_template
5bs2,42,3,0.566921,0.45,6.7326,0.481,6.733,2.273,0.526,af3,nomsa_template
5bs2,42,4,0.5644870000000001,0.47,5.6359,0.472,5.636,1.815,0.316,af3,nomsa_template
5bs2,43,0,0.468318,0.3,6.988,0.476,6.988,2.005,0.474,af3,nomsa_template
5bs2,43,1,0.45511,0.33,17.3027,0.124,17.303,5.363,0.105,af3,nomsa_template
5bs2,43,2,0.457262,0.19,37.3856,0.022,37.386,11.195,0.0,af3,nomsa_template
5bs2,43,3,0.52181,0.42,5.7735,0.542,5.774,1.78,0.526,af3,nomsa_template
5bs2,43,4,0.53573,0.41,6.4506,0.512,6.451,1.937,0.526,af3,nomsa_template
5bs2,44,0,0.511025,0.4,16.0755,0.171,16.075,4.969,0.211,af3,nomsa_template
5bs2,44,1,0.478111,0.31,6.1332,0.517,6.133,1.765,0.474,af3,nomsa_template
5bs2,44,2,0.467764,0.32,6.4144,0.518,6.414,1.873,0.526,af3,nomsa_template
5bs2,44,3,0.4082,0.25,12.1424,0.171,12.142,3.859,0.053,af3,nomsa_template
5bs2,44,4,0.464064,0.32,5.5649,0.582,5.565,1.783,0.632,af3,nomsa_template
5crw,42,0,0.8366089999999999,0.9,2.0721,0.826,2.072,1.047,0.862,af3,nomsa_template
5crw,42,1,0.8459749999999999,0.9,2.5158,0.816,2.516,1.062,0.862,af3,nomsa_template
5crw,42,2,0.8449509999999999,0.91,3.213,0.803,3.213,1.052,0.862,af3,nomsa_template
5crw,42,3,0.837878,0.9,3.7469,0.787,3.747,1.074,0.862,af3,nomsa_template
5crw,42,4,0.815562,0.9,2.2834,0.824,2.283,1.037,0.862,af3,nomsa_template
5crw,43,0,0.824665,0.89,3.2691,0.803,3.269,1.039,0.862,af3,nomsa_template
5crw,43,1,0.804312,0.88,3.1153,0.744,3.115,1.247,0.759,af3,nomsa_template
5crw,43,2,0.846302,0.9,2.7122,0.82,2.712,1.088,0.897,af3,nomsa_template
5crw,43,3,0.8296479999999999,0.9,2.7619,0.815,2.762,1.029,0.862,af3,nomsa_template
5crw,43,4,0.825562,0.89,2.3896,0.825,2.39,1.017,0.862,af3,nomsa_template
5crw,44,0,0.843195,0.9,2.94,0.805,2.94,1.077,0.862,af3,nomsa_template
5crw,44,1,0.845231,0.9,3.486,0.792,3.486,1.078,0.862,af3,nomsa_template
5crw,44,2,0.836991,0.9,2.9184,0.809,2.918,1.05,0.862,af3,nomsa_template
5crw,44,3,0.841822,0.89,4.672,0.763,4.672,1.076,0.862,af3,nomsa_template
5crw,44,4,0.839607,0.9,2.6334,0.811,2.633,1.077,0.862,af3,nomsa_template
5d94,42,0,0.8500289999999999,0.84,1.0711,0.916,1.071,0.534,0.875,af3,nomsa_template
5d94,42,1,0.850352,0.83,1.4532,0.855,1.453,0.697,0.771,af3,nomsa_template
5d94,42,2,0.833254,0.81,1.213,0.877,1.213,0.608,0.792,af3,nomsa_template
5d94,42,3,0.8327519999999999,0.81,0.8594,0.882,0.859,0.541,0.771,af3,nomsa_template
5d94,42,4,0.84718,0.83,1.125,0.866,1.125,0.647,0.771,af3,nomsa_template
5d94,43,0,0.833479,0.82,0.8843,0.894,0.884,0.55,0.812,af3,nomsa_template
5d94,43,1,0.837213,0.82,1.2873,0.878,1.287,0.645,0.812,af3,nomsa_template
5d94,43,2,0.83378,0.81,1.4022,0.857,1.402,0.688,0.771,af3,nomsa_template
5d94,43,3,0.827462,0.81,1.7336,0.835,1.734,0.813,0.771,af3,nomsa_template
5d94,43,4,0.830591,0.81,1.1068,0.875,1.107,0.626,0.792,af3,nomsa_template
5d94,44,0,0.845168,0.83,1.0238,0.907,1.024,0.604,0.875,af3,nomsa_template
5d94,44,1,0.8383889999999999,0.82,0.9075,0.888,0.907,0.545,0.792,af3,nomsa_template
5d94,44,2,0.838523,0.82,0.7305,0.917,0.731,0.489,0.854,af3,nomsa_template
5d94,44,3,0.833905,0.81,0.9917,0.889,0.992,0.53,0.792,af3,nomsa_template
5d94,44,4,0.838844,0.81,1.1525,0.871,1.152,0.608,0.771,af3,nomsa_template
5dai,42,0,0.845562,0.94,0.6798,0.94,0.68,0.634,0.977,af3,nomsa_template
5dai,42,1,0.8252079999999999,0.93,0.9858,0.939,0.986,0.623,0.977,af3,nomsa_template
5dai,42,2,0.8348690000000001,0.94,1.0253,0.943,1.025,0.647,1.0,af3,nomsa_template
5dai,42,3,0.832791,0.93,0.9606,0.938,0.961,0.629,0.977,af3,nomsa_template
5dai,42,4,0.8344809999999999,0.93,1.0941,0.927,1.094,0.646,0.953,af3,nomsa_template
5dai,43,0,0.793408,0.91,2.9409,0.773,2.941,1.252,0.837,af3,nomsa_template
5dai,43,1,0.83454,0.93,0.7932,0.937,0.793,0.647,0.977,af3,nomsa_template
5dai,43,2,0.823879,0.93,0.7914,0.929,0.791,0.709,0.977,af3,nomsa_template
5dai,43,3,0.823867,0.93,0.9987,0.913,0.999,0.749,0.953,af3,nomsa_template
5dai,43,4,0.841676,0.94,1.1231,0.927,1.123,0.701,0.977,af3,nomsa_template
5dai,44,0,0.821904,0.93,1.486,0.911,1.486,0.786,0.977,af3,nomsa_template
5dai,44,1,0.831396,0.93,1.0754,0.941,1.075,0.661,1.0,af3,nomsa_template
5dai,44,2,0.839031,0.94,0.7796,0.947,0.78,0.63,1.0,af3,nomsa_template
5dai,44,3,0.835535,0.94,0.7732,0.941,0.773,0.676,1.0,af3,nomsa_template
5dai,44,4,0.83182,0.94,1.0162,0.924,1.016,0.727,0.977,af3,nomsa_template
5di8,42,0,0.9283589999999999,0.95,0.9571,0.97,0.957,0.438,1.0,af3,nomsa_template
5di8,42,1,0.9244929999999999,0.94,0.8454,0.975,0.845,0.397,1.0,af3,nomsa_template
5di8,42,2,0.9246120000000001,0.94,0.6133,0.98,0.613,0.365,1.0,af3,nomsa_template
5di8,42,3,0.924948,0.94,0.5224,0.98,0.522,0.367,1.0,af3,nomsa_template
5di8,42,4,0.9265819999999999,0.95,0.6211,0.976,0.621,0.4,1.0,af3,nomsa_template
5di8,43,0,0.929359,0.95,0.7557,0.968,0.756,0.464,1.0,af3,nomsa_template
5di8,43,1,0.923962,0.94,0.6185,0.978,0.619,0.384,1.0,af3,nomsa_template
5di8,43,2,0.925822,0.95,0.7233,0.974,0.723,0.416,1.0,af3,nomsa_template
5di8,43,3,0.928058,0.95,1.198,0.958,1.198,0.516,1.0,af3,nomsa_template
5di8,43,4,0.925736,0.95,0.6991,0.975,0.699,0.409,1.0,af3,nomsa_template
5di8,44,0,0.921908,0.94,0.6642,0.974,0.664,0.419,1.0,af3,nomsa_template
5di8,44,1,0.92818,0.95,0.7038,0.982,0.704,0.336,1.0,af3,nomsa_template
5di8,44,2,0.926003,0.95,0.7639,0.975,0.764,0.407,1.0,af3,nomsa_template
5di8,44,3,0.9254819999999999,0.95,0.6269,0.977,0.627,0.395,1.0,af3,nomsa_template
5di8,44,4,0.926292,0.95,0.6809,0.975,0.681,0.412,1.0,af3,nomsa_template
5e33,42,0,0.797253,0.94,1.6429,0.922,1.643,0.563,0.927,af3,nomsa_template
5e33,42,1,0.7861069999999999,0.94,1.7324,0.941,1.732,0.537,0.976,af3,nomsa_template
5e33,42,2,0.785383,0.93,2.023,0.918,2.023,0.614,0.951,af3,nomsa_template
5e33,42,3,0.78294,0.94,2.0365,0.918,2.036,0.613,0.951,af3,nomsa_template
5e33,42,4,0.7982429999999999,0.94,1.2334,0.933,1.233,0.516,0.927,af3,nomsa_template
5e33,43,0,0.7906399999999999,0.94,1.6188,0.93,1.619,0.566,0.951,af3,nomsa_template
5e33,43,1,0.785632,0.94,1.1983,0.942,1.198,0.52,0.951,af3,nomsa_template
5e33,43,2,0.7963049999999999,0.94,1.7444,0.921,1.744,0.562,0.927,af3,nomsa_template
5e33,43,3,0.7625029999999999,0.93,2.1441,0.904,2.144,0.645,0.927,af3,nomsa_template
5e33,43,4,0.783725,0.94,1.7741,0.926,1.774,0.581,0.951,af3,nomsa_template
5e33,44,0,0.80308,0.94,1.4958,0.932,1.496,0.569,0.951,af3,nomsa_template
5e33,44,1,0.7896500000000001,0.94,1.6573,0.926,1.657,0.535,0.927,af3,nomsa_template
5e33,44,2,0.786362,0.94,2.2551,0.892,2.255,0.654,0.902,af3,nomsa_template
5e33,44,3,0.8026730000000001,0.95,1.8632,0.915,1.863,0.596,0.927,af3,nomsa_template
5e33,44,4,0.7981900000000001,0.94,1.3062,0.948,1.306,0.522,0.976,af3,nomsa_template
5efi,42,0,0.35063099999999997,0.31,14.0539,0.133,14.054,5.395,0.059,af3,nomsa_template
5efi,42,1,0.37973599999999996,0.45,19.3123,0.078,19.312,8.171,0.039,af3,nomsa_template
5efi,42,2,0.34226599999999996,0.28,31.3179,0.028,31.318,12.031,0.0,af3,nomsa_template
5efi,42,3,0.39226700000000003,0.41,15.2167,0.126,15.217,5.858,0.078,af3,nomsa_template
5efi,42,4,0.356635,0.33,31.1289,0.028,31.129,11.944,0.0,af3,nomsa_template
5efi,43,0,0.35747999999999996,0.34,16.1104,0.105,16.11,6.125,0.039,af3,nomsa_template
5efi,43,1,0.44709299999999996,0.5,15.0012,0.121,15.001,5.87,0.059,af3,nomsa_template
5efi,43,2,0.292172,0.23,13.9542,0.148,13.954,5.298,0.098,af3,nomsa_template
5efi,43,3,0.329774,0.28,31.3902,0.028,31.39,12.205,0.0,af3,nomsa_template
5efi,43,4,0.416858,0.43,16.2278,0.11,16.228,6.153,0.059,af3,nomsa_template
5efi,44,0,0.342368,0.3,30.9487,0.028,30.949,12.04,0.0,af3,nomsa_template
5efi,44,1,0.33238599999999996,0.28,8.6944,0.312,8.694,3.544,0.294,af3,nomsa_template
5efi,44,2,0.40453000000000006,0.45,21.8753,0.073,21.875,8.779,0.059,af3,nomsa_template
5efi,44,3,0.42054699999999995,0.6,4.8324,0.487,4.832,2.321,0.412,af3,nomsa_template
5efi,44,4,0.360672,0.34,15.2003,0.12,15.2,5.851,0.059,af3,nomsa_template
5ei3,42,0,0.9064329999999999,0.95,0.8684,0.959,0.868,0.463,0.974,af3,nomsa_template
5ei3,42,1,0.9055589999999999,0.95,0.7298,0.953,0.73,0.453,0.949,af3,nomsa_template
5ei3,42,2,0.910358,0.95,0.6615,0.955,0.661,0.435,0.949,af3,nomsa_template
5ei3,42,3,0.909012,0.95,0.6813,0.972,0.681,0.431,1.0,af3,nomsa_template
5ei3,42,4,0.904114,0.95,0.8086,0.953,0.809,0.446,0.949,af3,nomsa_template
5ei3,43,0,0.907714,0.95,0.551,0.958,0.551,0.323,0.923,af3,nomsa_template
5ei3,43,1,0.90782,0.95,0.8465,0.95,0.846,0.389,0.923,af3,nomsa_template
5ei3,43,2,0.906479,0.95,0.7058,0.957,0.706,0.411,0.949,af3,nomsa_template
5ei3,43,3,0.909006,0.95,0.4985,0.973,0.499,0.352,0.974,af3,nomsa_template
5ei3,43,4,0.9059940000000001,0.95,0.656,0.959,0.656,0.402,0.949,af3,nomsa_template
5ei3,44,0,0.903567,0.95,0.8854,0.948,0.885,0.407,0.923,af3,nomsa_template
5ei3,44,1,0.905513,0.95,0.7116,0.952,0.712,0.375,0.923,af3,nomsa_template
5ei3,44,2,0.9078019999999999,0.95,0.7891,0.965,0.789,0.412,0.974,af3,nomsa_template
5ei3,44,3,0.907623,0.95,0.8395,0.957,0.84,0.485,0.974,af3,nomsa_template
5ei3,44,4,0.907122,0.95,0.7682,0.96,0.768,0.381,0.949,af3,nomsa_template
5fml,42,0,0.42304400000000003,0.34,26.2245,0.039,26.224,10.024,0.0,af3,nomsa_template
5fml,42,1,0.43066099999999996,0.39,25.2881,0.042,25.288,9.694,0.0,af3,nomsa_template
5fml,42,2,0.429287,0.37,25.9603,0.04,25.96,9.936,0.0,af3,nomsa_template
5fml,42,3,0.45892299999999997,0.39,29.8926,0.03,29.893,11.928,0.0,af3,nomsa_template
5fml,42,4,0.411815,0.39,25.225,0.042,25.225,9.595,0.0,af3,nomsa_template
5fml,43,0,0.41174,0.37,24.8587,0.043,24.859,9.511,0.0,af3,nomsa_template
5fml,43,1,0.411707,0.33,26.0364,0.04,26.036,9.956,0.0,af3,nomsa_template
5fml,43,2,0.44785600000000003,0.38,23.7329,0.047,23.733,9.029,0.0,af3,nomsa_template
5fml,43,3,0.471827,0.43,25.1057,0.042,25.106,9.646,0.0,af3,nomsa_template
5fml,43,4,0.46115,0.38,30.4519,0.029,30.452,12.136,0.0,af3,nomsa_template
5fml,44,0,0.421239,0.34,26.5373,0.038,26.537,10.155,0.0,af3,nomsa_template
5fml,44,1,0.467024,0.42,25.0072,0.042,25.007,9.58,0.0,af3,nomsa_template
5fml,44,2,0.467163,0.39,29.6723,0.038,29.672,11.85,0.022,af3,nomsa_template
5fml,44,3,0.431385,0.39,24.3763,0.044,24.376,9.367,0.0,af3,nomsa_template
5fml,44,4,0.41381300000000004,0.32,30.4372,0.029,30.437,12.146,0.0,af3,nomsa_template
5fpx,42,0,0.55053,0.49,3.8916,0.618,3.892,1.326,0.465,af3,nomsa_template
5fpx,42,1,0.581879,0.55,2.006,0.855,2.006,0.848,0.86,af3,nomsa_template
5fpx,42,2,0.561111,0.48,2.5093,0.757,2.509,0.927,0.628,af3,nomsa_template
5fpx,42,3,0.56794,0.47,4.8046,0.591,4.805,1.487,0.512,af3,nomsa_template
5fpx,42,4,0.570946,0.52,1.7201,0.852,1.72,0.74,0.791,af3,nomsa_template
5fpx,43,0,0.600493,0.6,3.2934,0.689,3.293,1.125,0.558,af3,nomsa_template
5fpx,43,1,0.559465,0.53,2.3061,0.827,2.306,0.897,0.814,af3,nomsa_template
5fpx,43,2,0.608407,0.59,3.0732,0.797,3.073,1.053,0.837,af3,nomsa_template
5fpx,43,3,0.5352250000000001,0.41,11.5585,0.217,11.558,3.45,0.14,af3,nomsa_template
5fpx,43,4,0.560416,0.52,4.0655,0.666,4.066,1.341,0.628,af3,nomsa_template
5fpx,44,0,0.5735399999999999,0.56,2.4939,0.8,2.494,1.007,0.791,af3,nomsa_template
5fpx,44,1,0.5406949999999999,0.52,2.9186,0.652,2.919,1.178,0.442,af3,nomsa_template
5fpx,44,2,0.601993,0.6,3.1222,0.776,3.122,1.142,0.814,af3,nomsa_template
5fpx,44,3,0.522954,0.48,3.8773,0.608,3.877,1.475,0.488,af3,nomsa_template
5fpx,44,4,0.550554,0.52,2.1404,0.792,2.14,0.944,0.721,af3,nomsa_template
5fv6,42,0,0.47734299999999996,0.45,30.1867,0.03,30.187,11.18,0.0,af3,nomsa_template
5fv6,42,1,0.5403439999999999,0.54,31.2256,0.028,31.226,11.942,0.0,af3,nomsa_template
5fv6,42,2,0.472476,0.48,22.5255,0.052,22.526,8.215,0.0,af3,nomsa_template
5fv6,42,3,0.488352,0.47,30.1535,0.03,30.153,11.366,0.0,af3,nomsa_template
5fv6,42,4,0.578998,0.62,32.8258,0.026,32.826,12.097,0.0,af3,nomsa_template
5fv6,43,0,0.45384099999999994,0.37,37.5504,0.02,37.55,13.315,0.0,af3,nomsa_template
5fv6,43,1,0.5107889999999999,0.51,29.514,0.031,29.514,11.458,0.0,af3,nomsa_template
5fv6,43,2,0.49162,0.47,31.3695,0.028,31.369,11.536,0.0,af3,nomsa_template
5fv6,43,3,0.478276,0.47,28.7994,0.032,28.799,11.695,0.0,af3,nomsa_template
5fv6,43,4,0.528744,0.58,23.5717,0.049,23.572,8.463,0.0,af3,nomsa_template
5fv6,44,0,0.417194,0.37,28.8768,0.033,28.877,10.49,0.0,af3,nomsa_template
5fv6,44,1,0.525039,0.51,30.4251,0.029,30.425,11.859,0.0,af3,nomsa_template
5fv6,44,2,0.483807,0.51,27.2,0.036,27.2,10.696,0.0,af3,nomsa_template
5fv6,44,3,0.49518700000000004,0.49,29.1384,0.032,29.138,11.448,0.0,af3,nomsa_template
5fv6,44,4,0.516796,0.5,30.8674,0.029,30.867,11.418,0.0,af3,nomsa_template
5ggp,42,0,0.6086889999999999,0.58,34.4734,0.024,34.473,12.063,0.0,af3,nomsa_template
5ggp,42,1,0.629056,0.62,34.6802,0.024,34.68,11.894,0.0,af3,nomsa_template
5ggp,42,2,0.634039,0.62,34.2542,0.025,34.254,11.89,0.0,af3,nomsa_template
5ggp,42,3,0.7014279999999999,0.7,36.4261,0.022,36.426,12.298,0.0,af3,nomsa_template
5ggp,42,4,0.6544580000000001,0.65,33.8735,0.025,33.873,11.759,0.0,af3,nomsa_template
5ggp,43,0,0.627781,0.61,34.0119,0.025,34.012,11.786,0.0,af3,nomsa_template
5ggp,43,1,0.644969,0.64,35.0824,0.024,35.082,12.068,0.0,af3,nomsa_template
5ggp,43,2,0.663211,0.66,33.2982,0.026,33.298,11.677,0.0,af3,nomsa_template
5ggp,43,3,0.672894,0.65,35.1009,0.024,35.101,11.964,0.0,af3,nomsa_template
5ggp,43,4,0.635853,0.63,33.755,0.025,33.755,11.799,0.0,af3,nomsa_template
5ggp,44,0,0.678156,0.69,33.9474,0.025,33.947,11.819,0.0,af3,nomsa_template
5ggp,44,1,0.7060080000000001,0.71,34.5468,0.024,34.547,11.797,0.0,af3,nomsa_template
5ggp,44,2,0.710967,0.72,34.3924,0.025,34.392,11.757,0.0,af3,nomsa_template
5ggp,44,3,0.636903,0.62,36.6427,0.022,36.643,12.468,0.0,af3,nomsa_template
5ggp,44,4,0.663164,0.69,34.4208,0.024,34.421,12.0,0.0,af3,nomsa_template
5gu4,42,0,0.7262770000000001,0.79,0.8175,0.932,0.818,0.327,0.852,af3,nomsa_template
5gu4,42,1,0.751351,0.82,2.3232,0.822,2.323,0.76,0.741,af3,nomsa_template
5gu4,42,2,0.7202620000000001,0.79,0.6735,0.938,0.674,0.273,0.852,af3,nomsa_template
5gu4,42,3,0.72813,0.8,0.5366,0.951,0.537,0.27,0.889,af3,nomsa_template
5gu4,42,4,0.718883,0.8,2.1496,0.795,2.15,0.715,0.63,af3,nomsa_template
5gu4,43,0,0.752245,0.81,1.888,0.859,1.888,0.637,0.778,af3,nomsa_template
5gu4,43,1,0.7294740000000001,0.8,0.6902,0.923,0.69,0.3,0.815,af3,nomsa_template
5gu4,43,2,0.736002,0.8,1.5615,0.879,1.561,0.523,0.778,af3,nomsa_template
5gu4,43,3,0.735726,0.8,0.6707,0.936,0.671,0.298,0.852,af3,nomsa_template
5gu4,43,4,0.7730429999999999,0.87,1.9883,0.839,1.988,0.682,0.741,af3,nomsa_template
5gu4,44,0,0.7346429999999999,0.81,2.2212,0.83,2.221,0.722,0.741,af3,nomsa_template
5gu4,44,1,0.727004,0.8,1.474,0.884,1.474,0.486,0.778,af3,nomsa_template
5gu4,44,2,0.72634,0.79,1.2072,0.909,1.207,0.406,0.815,af3,nomsa_template
5gu4,44,3,0.7344280000000001,0.8,1.7533,0.856,1.753,0.585,0.741,af3,nomsa_template
5gu4,44,4,0.7238060000000001,0.8,2.375,0.818,2.375,0.784,0.741,af3,nomsa_template
5huw,42,0,0.890774,0.93,1.2248,0.918,1.225,0.631,0.926,af3,nomsa_template
5huw,42,1,0.884835,0.92,1.2808,0.912,1.281,0.626,0.907,af3,nomsa_template
5huw,42,2,0.866958,0.92,1.3847,0.894,1.385,0.664,0.87,af3,nomsa_template
5huw,42,3,0.864873,0.92,1.3767,0.894,1.377,0.659,0.87,af3,nomsa_template
5huw,42,4,0.8905289999999999,0.93,1.3094,0.911,1.309,0.63,0.907,af3,nomsa_template
5huw,43,0,0.882129,0.93,1.3146,0.908,1.315,0.654,0.907,af3,nomsa_template
5huw,43,1,0.83921,0.9,1.0375,0.907,1.037,0.592,0.87,af3,nomsa_template
5huw,43,2,0.857561,0.91,1.4601,0.887,1.46,0.658,0.852,af3,nomsa_template
5huw,43,3,0.884445,0.93,1.2376,0.918,1.238,0.634,0.926,af3,nomsa_template
5huw,43,4,0.865247,0.91,1.553,0.895,1.553,0.68,0.889,af3,nomsa_template
5huw,44,0,0.8731319999999999,0.92,1.1697,0.915,1.17,0.612,0.907,af3,nomsa_template
5huw,44,1,0.8892690000000001,0.93,1.3397,0.91,1.34,0.64,0.907,af3,nomsa_template
5huw,44,2,0.889629,0.93,1.1737,0.908,1.174,0.617,0.889,af3,nomsa_template
5huw,44,3,0.8906229999999999,0.93,1.1818,0.919,1.182,0.63,0.926,af3,nomsa_template
5huw,44,4,0.875421,0.92,1.2817,0.917,1.282,0.638,0.926,af3,nomsa_template
5i7z,42,0,0.9543470000000001,0.9,0.4026,0.977,0.403,0.401,1.0,af3,nomsa_template
5i7z,42,1,0.957598,0.9,0.806,0.935,0.806,0.572,0.941,af3,nomsa_template
5i7z,42,2,0.9566880000000001,0.9,0.8816,0.938,0.882,0.544,0.941,af3,nomsa_template
5i7z,42,3,0.95928,0.91,0.6553,0.939,0.655,0.547,0.941,af3,nomsa_template
5i7z,42,4,0.957762,0.9,0.5384,0.951,0.538,0.456,0.941,af3,nomsa_template
5i7z,43,0,0.9583929999999999,0.91,0.9043,0.944,0.904,0.498,0.941,af3,nomsa_template
5i7z,43,1,0.950527,0.88,0.6491,0.958,0.649,0.388,0.941,af3,nomsa_template
5i7z,43,2,0.954752,0.9,0.2414,0.964,0.241,0.435,0.971,af3,nomsa_template
5i7z,43,3,0.9568080000000001,0.9,0.4361,0.964,0.436,0.428,0.971,af3,nomsa_template
5i7z,43,4,0.95623,0.9,0.9214,0.937,0.921,0.547,0.941,af3,nomsa_template
5i7z,44,0,0.955847,0.9,0.9663,0.937,0.966,0.545,0.941,af3,nomsa_template
5i7z,44,1,0.9546479999999999,0.89,0.9534,0.947,0.953,0.465,0.941,af3,nomsa_template
5i7z,44,2,0.954103,0.9,0.8219,0.936,0.822,0.564,0.941,af3,nomsa_template
5i7z,44,3,0.949453,0.87,0.8827,0.944,0.883,0.406,0.912,af3,nomsa_template
5i7z,44,4,0.954618,0.9,0.5116,0.943,0.512,0.601,0.971,af3,nomsa_template
5j3q,42,0,0.8008679999999999,0.81,1.6482,0.798,1.648,1.244,0.837,af3,nomsa_template
5j3q,42,1,0.775971,0.78,2.8386,0.689,2.839,1.671,0.721,af3,nomsa_template
5j3q,42,2,0.7844880000000001,0.8,3.3411,0.659,3.341,1.785,0.698,af3,nomsa_template
5j3q,42,3,0.7697839999999999,0.77,3.5614,0.659,3.561,1.814,0.721,af3,nomsa_template
5j3q,42,4,0.780617,0.78,1.8402,0.765,1.84,1.359,0.791,af3,nomsa_template
5j3q,43,0,0.7349330000000001,0.74,3.6962,0.642,3.696,1.985,0.721,af3,nomsa_template
5j3q,43,1,0.793181,0.81,1.8031,0.785,1.803,1.263,0.814,af3,nomsa_template
5j3q,43,2,0.797611,0.81,3.1309,0.684,3.131,1.741,0.744,af3,nomsa_template
5j3q,43,3,0.777054,0.79,3.2128,0.673,3.213,1.842,0.744,af3,nomsa_template
5j3q,43,4,0.7844150000000001,0.79,2.799,0.7,2.799,1.649,0.744,af3,nomsa_template
5j3q,44,0,0.799696,0.82,2.9459,0.698,2.946,1.558,0.721,af3,nomsa_template
5j3q,44,1,0.7923269999999999,0.81,2.8646,0.71,2.865,1.684,0.791,af3,nomsa_template
5j3q,44,2,0.8030370000000001,0.81,1.8653,0.783,1.865,1.334,0.837,af3,nomsa_template
5j3q,44,3,0.776532,0.78,1.4805,0.817,1.481,1.118,0.837,af3,nomsa_template
5j3q,44,4,0.8151609999999999,0.83,2.4775,0.752,2.477,1.437,0.814,af3,nomsa_template
5kds,42,0,0.339993,0.46,10.5725,0.23,10.572,3.644,0.154,af3,nomsa_template
5kds,42,1,0.307846,0.4,8.1334,0.298,8.133,2.838,0.154,af3,nomsa_template
5kds,42,2,0.293914,0.38,13.8346,0.152,13.835,4.374,0.077,af3,nomsa_template
5kds,42,3,0.292471,0.39,25.9559,0.043,25.956,8.308,0.0,af3,nomsa_template
5kds,42,4,0.316921,0.43,9.9741,0.292,9.974,3.606,0.308,af3,nomsa_template
5kds,43,0,0.295846,0.4,22.9796,0.053,22.98,7.405,0.0,af3,nomsa_template
5kds,43,1,0.317693,0.42,5.9996,0.493,6.0,2.043,0.462,af3,nomsa_template
5kds,43,2,0.31325,0.4,6.8222,0.402,6.822,2.345,0.308,af3,nomsa_template
5kds,43,3,0.320786,0.42,6.436,0.473,6.436,2.183,0.462,af3,nomsa_template
5kds,43,4,0.33747900000000003,0.44,6.8878,0.498,6.888,2.441,0.615,af3,nomsa_template
5kds,44,0,0.309282,0.39,6.0628,0.464,6.063,2.064,0.385,af3,nomsa_template
5kds,44,1,0.33577100000000004,0.44,8.6122,0.418,8.612,2.816,0.538,af3,nomsa_template
5kds,44,2,0.309618,0.38,23.9628,0.049,23.963,7.865,0.0,af3,nomsa_template
5kds,44,3,0.28663900000000003,0.36,17.9128,0.083,17.913,5.631,0.0,af3,nomsa_template
5kds,44,4,0.33952899999999997,0.44,15.838,0.254,15.838,5.25,0.462,af3,nomsa_template
5lyn,42,0,0.881422,0.9,1.3636,0.931,1.364,0.422,0.893,af3,nomsa_template
5lyn,42,1,0.868969,0.87,1.3328,0.931,1.333,0.428,0.893,af3,nomsa_template
5lyn,42,2,0.827085,0.86,1.0597,0.915,1.06,0.384,0.821,af3,nomsa_template
5lyn,42,3,0.826715,0.86,1.3347,0.906,1.335,0.443,0.821,af3,nomsa_template
5lyn,42,4,0.874964,0.89,1.2176,0.909,1.218,0.428,0.821,af3,nomsa_template
5lyn,43,0,0.881958,0.9,1.2884,0.908,1.288,0.423,0.821,af3,nomsa_template
5lyn,43,1,0.814829,0.84,2.7908,0.81,2.791,0.883,0.786,af3,nomsa_template
5lyn,43,2,0.823127,0.83,0.9852,0.944,0.985,0.33,0.893,af3,nomsa_template
5lyn,43,3,0.88668,0.9,1.2423,0.922,1.242,0.41,0.857,af3,nomsa_template
5lyn,43,4,0.8719549999999999,0.89,1.0818,0.915,1.082,0.385,0.821,af3,nomsa_template
5lyn,44,0,0.874456,0.89,1.2392,0.911,1.239,0.407,0.821,af3,nomsa_template
5lyn,44,1,0.872284,0.87,1.3732,0.918,1.373,0.432,0.857,af3,nomsa_template
5lyn,44,2,0.873196,0.89,1.2727,0.921,1.273,0.421,0.857,af3,nomsa_template
5lyn,44,3,0.832296,0.87,0.8261,0.925,0.826,0.296,0.821,af3,nomsa_template
5lyn,44,4,0.8691639999999999,0.88,1.2629,0.91,1.263,0.407,0.821,af3,nomsa_template
5m5r,42,0,0.622015,0.61,6.5467,0.535,6.547,2.284,0.676,af3,nomsa_template
5m5r,42,1,0.622166,0.59,5.4108,0.589,5.411,1.912,0.676,af3,nomsa_template
5m5r,42,2,0.606669,0.61,6.5401,0.525,6.54,2.297,0.649,af3,nomsa_template
5m5r,42,3,0.5784819999999999,0.53,5.8925,0.559,5.892,2.154,0.676,af3,nomsa_template
5m5r,42,4,0.577243,0.53,5.7504,0.569,5.75,2.069,0.676,af3,nomsa_template
5m5r,43,0,0.586074,0.56,6.3414,0.55,6.341,2.122,0.676,af3,nomsa_template
5m5r,43,1,0.40469,0.31,48.9522,0.012,48.952,16.655,0.0,af3,nomsa_template
5m5r,43,2,0.582944,0.54,5.3024,0.591,5.302,1.921,0.676,af3,nomsa_template
5m5r,43,3,0.554516,0.55,9.9559,0.424,9.956,2.987,0.649,af3,nomsa_template
5m5r,43,4,0.598431,0.62,7.3599,0.515,7.36,2.306,0.676,af3,nomsa_template
5m5r,44,0,0.614936,0.59,5.3162,0.572,5.316,2.057,0.649,af3,nomsa_template
5m5r,44,1,0.60617,0.58,5.8393,0.559,5.839,2.171,0.676,af3,nomsa_template
5m5r,44,2,0.600334,0.61,9.359,0.445,9.359,2.925,0.676,af3,nomsa_template
5m5r,44,3,0.637989,0.68,5.2321,0.624,5.232,1.874,0.757,af3,nomsa_template
5m5r,44,4,0.624913,0.64,5.7874,0.575,5.787,2.091,0.703,af3,nomsa_template
5n22,42,0,0.716263,0.7,17.2766,0.088,17.277,6.769,0.022,af3,nomsa_template
5n22,42,1,0.712543,0.69,18.413,0.073,18.413,6.994,0.0,af3,nomsa_template
5n22,42,2,0.688968,0.65,17.2654,0.081,17.265,6.738,0.0,af3,nomsa_template
5n22,42,3,0.695521,0.66,17.9664,0.075,17.966,7.071,0.0,af3,nomsa_template
5n22,42,4,0.6657299999999999,0.6,18.1837,0.083,18.184,6.598,0.022,af3,nomsa_template
5n22,43,0,0.699914,0.72,17.0676,0.098,17.068,6.438,0.043,af3,nomsa_template
5n22,43,1,0.688096,0.65,18.2676,0.074,18.268,6.975,0.0,af3,nomsa_template
5n22,43,2,0.705866,0.69,18.755,0.078,18.755,7.047,0.022,af3,nomsa_template
5n22,43,3,0.695995,0.68,18.2116,0.074,18.212,7.073,0.0,af3,nomsa_template
5n22,43,4,0.717803,0.72,16.8959,0.091,16.896,6.587,0.022,af3,nomsa_template
5n22,44,0,0.649042,0.6,19.0621,0.078,19.062,6.751,0.022,af3,nomsa_template
5n22,44,1,0.72108,0.72,17.7613,0.084,17.761,6.895,0.022,af3,nomsa_template
5n22,44,2,0.7059340000000001,0.68,18.3356,0.073,18.336,7.135,0.0,af3,nomsa_template
5n22,44,3,0.705408,0.7,18.2893,0.082,18.289,6.708,0.022,af3,nomsa_template
5n22,44,4,0.677253,0.64,18.3139,0.082,18.314,6.649,0.022,af3,nomsa_template
5n85,42,0,0.7724129999999999,0.66,2.3528,0.844,2.353,1.087,0.947,af3,nomsa_template
5n85,42,1,0.7768470000000001,0.66,2.1227,0.856,2.123,0.972,0.921,af3,nomsa_template
5n85,42,2,0.782859,0.68,2.3697,0.798,2.37,1.097,0.816,af3,nomsa_template
5n85,42,3,0.772266,0.66,2.0753,0.827,2.075,0.993,0.842,af3,nomsa_template
5n85,42,4,0.762202,0.64,2.0624,0.839,2.062,0.972,0.868,af3,nomsa_template
5n85,43,0,0.775738,0.65,2.221,0.839,2.221,1.014,0.895,af3,nomsa_template
5n85,43,1,0.7715479999999999,0.65,2.0169,0.856,2.017,0.922,0.895,af3,nomsa_template
5n85,43,2,0.7893640000000001,0.67,2.0514,0.862,2.051,0.936,0.921,af3,nomsa_template
5n85,43,3,0.773017,0.65,2.2467,0.827,2.247,1.037,0.868,af3,nomsa_template
5n85,43,4,0.7853060000000001,0.67,1.9729,0.841,1.973,0.91,0.842,af3,nomsa_template
5n85,44,0,0.768013,0.64,2.0472,0.87,2.047,0.939,0.947,af3,nomsa_template
5n85,44,1,0.823061,0.75,2.1302,0.841,2.13,0.948,0.868,af3,nomsa_template
5n85,44,2,0.781079,0.67,2.0028,0.855,2.003,0.93,0.895,af3,nomsa_template
5n85,44,3,0.782672,0.67,2.3023,0.843,2.302,1.038,0.921,af3,nomsa_template
5n85,44,4,0.781058,0.67,2.2769,0.825,2.277,1.043,0.868,af3,nomsa_template
5njc,42,0,0.7376619999999999,0.89,0.829,0.953,0.829,0.44,0.949,af3,nomsa_template
5njc,42,1,0.743538,0.89,0.7277,0.954,0.728,0.44,0.949,af3,nomsa_template
5njc,42,2,0.752275,0.89,0.6536,0.973,0.654,0.344,0.974,af3,nomsa_template
5njc,42,3,0.726904,0.89,1.1389,0.943,1.139,0.506,0.949,af3,nomsa_template
5njc,42,4,0.755471,0.9,0.764,0.965,0.764,0.331,0.949,af3,nomsa_template
5njc,43,0,0.760621,0.9,0.4775,0.973,0.478,0.35,0.974,af3,nomsa_template
5njc,43,1,0.750969,0.89,0.5445,0.968,0.545,0.402,0.974,af3,nomsa_template
5njc,43,2,0.755219,0.9,0.6871,0.971,0.687,0.364,0.974,af3,nomsa_template
5njc,43,3,0.7445149999999999,0.89,0.5967,0.975,0.597,0.324,0.974,af3,nomsa_template
5njc,43,4,0.742942,0.88,0.7183,0.973,0.718,0.339,0.974,af3,nomsa_template
5njc,44,0,0.757031,0.9,0.5571,0.967,0.557,0.317,0.949,af3,nomsa_template
5njc,44,1,0.7550790000000001,0.89,0.6258,0.973,0.626,0.339,0.974,af3,nomsa_template
5njc,44,2,0.745948,0.89,0.4949,0.979,0.495,0.284,0.974,af3,nomsa_template
5njc,44,3,0.7397499999999999,0.89,0.717,0.955,0.717,0.435,0.949,af3,nomsa_template
5njc,44,4,0.743196,0.89,0.599,0.974,0.599,0.338,0.974,af3,nomsa_template
5nqv,42,0,0.7505809999999999,0.84,2.1048,0.859,2.105,0.692,0.81,af3,nomsa_template
5nqv,42,1,0.765227,0.84,2.5593,0.842,2.559,0.808,0.833,af3,nomsa_template
5nqv,42,2,0.759842,0.84,1.4516,0.912,1.452,0.545,0.881,af3,nomsa_template
5nqv,42,3,0.7787999999999999,0.86,2.0518,0.882,2.052,0.642,0.857,af3,nomsa_template
5nqv,42,4,0.7462420000000001,0.84,1.8402,0.894,1.84,0.641,0.881,af3,nomsa_template
5nqv,43,0,0.773386,0.86,2.0782,0.88,2.078,0.658,0.857,af3,nomsa_template
5nqv,43,1,0.762725,0.84,1.4925,0.927,1.493,0.483,0.905,af3,nomsa_template
5nqv,43,2,0.742332,0.83,1.8345,0.891,1.835,0.607,0.857,af3,nomsa_template
5nqv,43,3,0.752073,0.83,1.4959,0.913,1.496,0.533,0.881,af3,nomsa_template
5nqv,43,4,0.773656,0.86,1.5604,0.906,1.56,0.58,0.881,af3,nomsa_template
5nqv,44,0,0.7698529999999999,0.84,1.9277,0.891,1.928,0.652,0.881,af3,nomsa_template
5nqv,44,1,0.782441,0.86,1.9991,0.882,1.999,0.648,0.857,af3,nomsa_template
5nqv,44,2,0.7547790000000001,0.84,1.5127,0.906,1.513,0.589,0.881,af3,nomsa_template
5nqv,44,3,0.7533629999999999,0.84,1.6004,0.91,1.6,0.548,0.881,af3,nomsa_template
5nqv,44,4,0.7494270000000001,0.83,1.978,0.88,1.978,0.725,0.881,af3,nomsa_template
5o9u,42,0,0.5225909999999999,0.62,0.7749,0.803,0.775,1.539,0.932,af3,nomsa_template
5o9u,42,1,0.538095,0.64,0.94,0.771,0.94,1.858,0.932,af3,nomsa_template
5o9u,42,2,0.5194230000000001,0.62,1.0092,0.758,1.009,1.847,0.89,af3,nomsa_template
5o9u,42,3,0.520626,0.62,0.8877,0.785,0.888,1.662,0.918,af3,nomsa_template
5o9u,42,4,0.525712,0.63,0.7092,0.78,0.709,1.775,0.932,af3,nomsa_template
5o9u,43,0,0.525444,0.63,2.0267,0.725,2.027,1.914,0.849,af3,nomsa_template
5o9u,43,1,0.522212,0.62,0.8964,0.788,0.896,1.638,0.918,af3,nomsa_template
5o9u,43,2,0.52137,0.62,1.9172,0.73,1.917,1.775,0.822,af3,nomsa_template
5o9u,43,3,0.511077,0.63,0.8163,0.761,0.816,1.882,0.904,af3,nomsa_template
5o9u,43,4,0.530609,0.64,0.9615,0.753,0.961,1.916,0.89,af3,nomsa_template
5o9u,44,0,0.534054,0.64,0.8291,0.772,0.829,1.863,0.932,af3,nomsa_template
5o9u,44,1,0.535096,0.64,0.8347,0.772,0.835,1.862,0.932,af3,nomsa_template
5o9u,44,2,0.531877,0.64,0.9452,0.758,0.945,1.912,0.904,af3,nomsa_template
5o9u,44,3,0.5278860000000001,0.63,1.0987,0.76,1.099,1.72,0.863,af3,nomsa_template
5o9u,44,4,0.528705,0.63,0.8801,0.768,0.88,1.702,0.877,af3,nomsa_template
5oj5,42,0,0.429883,0.52,2.3917,0.844,2.392,0.873,0.857,af3,nomsa_template
5oj5,42,1,0.408852,0.5,2.7424,0.844,2.742,0.934,0.905,af3,nomsa_template
5oj5,42,2,0.43487699999999996,0.54,1.7899,0.912,1.79,0.689,0.952,af3,nomsa_template
5oj5,42,3,0.422215,0.52,2.1387,0.886,2.139,0.718,0.905,af3,nomsa_template
5oj5,42,4,0.45082900000000004,0.57,2.0793,0.865,2.079,0.766,0.857,af3,nomsa_template
5oj5,43,0,0.415856,0.49,1.5813,0.937,1.581,0.525,0.952,af3,nomsa_template
5oj5,43,1,0.460444,0.59,1.664,0.93,1.664,0.567,0.952,af3,nomsa_template
5oj5,43,2,0.421327,0.49,2.1638,0.87,2.164,0.72,0.857,af3,nomsa_template
5oj5,43,3,0.44308100000000006,0.57,1.908,0.914,1.908,0.662,0.952,af3,nomsa_template
5oj5,43,4,0.44028100000000003,0.56,1.8277,0.912,1.828,0.685,0.952,af3,nomsa_template
5oj5,44,0,0.435567,0.54,2.3835,0.829,2.383,0.864,0.81,af3,nomsa_template
5oj5,44,1,0.445608,0.56,2.1793,0.894,2.179,0.771,0.952,af3,nomsa_template
5oj5,44,2,0.433546,0.54,1.7643,0.918,1.764,0.651,0.952,af3,nomsa_template
5oj5,44,3,0.410015,0.49,2.17,0.882,2.17,0.742,0.905,af3,nomsa_template
5oj5,44,4,0.443004,0.56,1.6984,0.926,1.698,0.596,0.952,af3,nomsa_template
5onp,42,0,0.685067,0.78,2.4716,0.888,2.472,0.638,0.895,af3,nomsa_template
5onp,42,1,0.67011,0.76,2.4841,0.878,2.484,0.643,0.868,af3,nomsa_template
5onp,42,2,0.6832729999999999,0.77,2.4769,0.888,2.477,0.639,0.895,af3,nomsa_template
5onp,42,3,0.5548230000000001,0.67,4.4519,0.643,4.452,1.115,0.5,af3,nomsa_template
5onp,42,4,0.669293,0.76,2.4916,0.887,2.492,0.644,0.895,af3,nomsa_template
5onp,43,0,0.6743729999999999,0.76,2.5016,0.886,2.502,0.645,0.895,af3,nomsa_template
5onp,43,1,0.6632370000000001,0.74,2.7189,0.875,2.719,0.697,0.895,af3,nomsa_template
5onp,43,2,0.662127,0.75,2.4956,0.878,2.496,0.644,0.868,af3,nomsa_template
5onp,43,3,0.664927,0.74,2.3994,0.891,2.399,0.627,0.895,af3,nomsa_template
5onp,43,4,0.6662699999999999,0.76,2.4449,0.879,2.445,0.64,0.868,af3,nomsa_template
5onp,44,0,0.675773,0.76,2.5047,0.884,2.505,0.658,0.895,af3,nomsa_template
5onp,44,1,0.667853,0.75,2.4709,0.887,2.471,0.645,0.895,af3,nomsa_template
5onp,44,2,0.6886570000000001,0.77,2.4514,0.88,2.451,0.634,0.868,af3,nomsa_template
5onp,44,3,0.66545,0.74,2.4078,0.892,2.408,0.618,0.895,af3,nomsa_template
5onp,44,4,0.560657,0.66,4.8123,0.631,4.812,1.2,0.526,af3,nomsa_template
5t0k,42,0,0.842921,0.89,0.9789,0.907,0.979,0.781,0.946,af3,nomsa_template
5t0k,42,1,0.84486,0.89,1.0833,0.899,1.083,0.788,0.929,af3,nomsa_template
5t0k,42,2,0.839021,0.89,1.0929,0.897,1.093,0.797,0.929,af3,nomsa_template
5t0k,42,3,0.843194,0.9,0.6834,0.908,0.683,0.788,0.946,af3,nomsa_template
5t0k,42,4,0.8401460000000001,0.89,0.9857,0.902,0.986,0.813,0.946,af3,nomsa_template
5t0k,43,0,0.839573,0.89,0.578,0.915,0.578,0.741,0.946,af3,nomsa_template
5t0k,43,1,0.845271,0.89,0.7501,0.908,0.75,0.781,0.946,af3,nomsa_template
5t0k,43,2,0.8445189999999999,0.89,0.3584,0.917,0.358,0.734,0.946,af3,nomsa_template
5t0k,43,3,0.842224,0.89,1.1157,0.902,1.116,0.808,0.946,af3,nomsa_template
5t0k,43,4,0.8470489999999999,0.89,0.9809,0.892,0.981,0.804,0.911,af3,nomsa_template
5t0k,44,0,0.8454160000000001,0.89,0.8515,0.904,0.852,0.766,0.929,af3,nomsa_template
5t0k,44,1,0.843087,0.89,1.0372,0.896,1.037,0.809,0.929,af3,nomsa_template
5t0k,44,2,0.846071,0.89,0.8355,0.909,0.836,0.771,0.946,af3,nomsa_template
5t0k,44,3,0.842436,0.89,1.0836,0.889,1.084,0.811,0.911,af3,nomsa_template
5t0k,44,4,0.8462909999999999,0.89,0.7331,0.908,0.733,0.785,0.946,af3,nomsa_template
5tgi,42,0,0.7187290000000001,0.64,20.6223,0.068,20.622,7.9,0.024,af3,nomsa_template
5tgi,42,1,0.649478,0.59,20.5264,0.084,20.526,8.104,0.073,af3,nomsa_template
5tgi,42,2,0.7057389999999999,0.63,20.6293,0.068,20.629,7.98,0.024,af3,nomsa_template
5tgi,42,3,0.726948,0.66,20.9007,0.067,20.901,8.07,0.024,af3,nomsa_template
5tgi,42,4,0.710915,0.65,21.0235,0.066,21.023,8.134,0.024,af3,nomsa_template
5tgi,43,0,0.710296,0.64,20.5669,0.068,20.567,7.971,0.024,af3,nomsa_template
5tgi,43,1,0.724499,0.65,20.7201,0.067,20.72,8.032,0.024,af3,nomsa_template
5tgi,43,2,0.6985779999999999,0.62,20.6872,0.068,20.687,7.894,0.024,af3,nomsa_template
5tgi,43,3,0.719145,0.66,21.0222,0.066,21.022,8.211,0.024,af3,nomsa_template
5tgi,43,4,0.655407,0.59,20.4068,0.077,20.407,8.074,0.049,af3,nomsa_template
5tgi,44,0,0.701067,0.62,20.749,0.067,20.749,8.033,0.024,af3,nomsa_template
5tgi,44,1,0.6907139999999999,0.61,20.1771,0.07,20.177,7.789,0.024,af3,nomsa_template
5tgi,44,2,0.6866140000000001,0.6,20.2775,0.07,20.277,7.897,0.024,af3,nomsa_template
5tgi,44,3,0.6934260000000001,0.65,21.1475,0.073,21.147,8.325,0.049,af3,nomsa_template
5tgi,44,4,0.693565,0.64,20.4429,0.077,20.443,8.035,0.049,af3,nomsa_template
5v2p,42,0,0.382866,0.14,51.6322,0.011,51.632,19.813,0.0,af3,nomsa_template
5v2p,42,1,0.464868,0.29,16.4735,0.103,16.473,7.906,0.062,af3,nomsa_template
5v2p,42,2,0.48458799999999996,0.34,16.595,0.108,16.595,7.964,0.083,af3,nomsa_template
5v2p,42,3,0.45400199999999996,0.27,16.7648,0.114,16.765,7.991,0.104,af3,nomsa_template
5v2p,42,4,0.47537999999999997,0.32,16.6357,0.095,16.636,7.883,0.042,af3,nomsa_template
5v2p,43,0,0.47369300000000003,0.33,16.6944,0.108,16.694,8.062,0.083,af3,nomsa_template
5v2p,43,1,0.576124,0.54,1.157,0.929,1.157,0.415,0.875,af3,nomsa_template
5v2p,43,2,0.39144100000000004,0.14,51.8776,0.011,51.878,18.51,0.0,af3,nomsa_template
5v2p,43,3,0.47609,0.33,3.3953,0.532,3.395,1.615,0.271,af3,nomsa_template
5v2p,43,4,0.379046,0.16,52.0541,0.011,52.054,18.924,0.0,af3,nomsa_template
5v2p,44,0,0.505513,0.38,16.6979,0.094,16.698,7.981,0.042,af3,nomsa_template
5v2p,44,1,0.47362000000000004,0.36,5.5856,0.388,5.586,2.425,0.188,af3,nomsa_template
5v2p,44,2,0.46863999999999995,0.31,17.0449,0.113,17.045,7.872,0.104,af3,nomsa_template
5v2p,44,3,0.355548,0.15,49.6417,0.011,49.642,19.593,0.0,af3,nomsa_template
5v2p,44,4,0.477296,0.32,16.8078,0.1,16.808,7.936,0.062,af3,nomsa_template
5v3r,42,0,0.8021349999999999,0.9,1.0053,0.923,1.005,0.539,0.897,af3,nomsa_template
5v3r,42,1,0.7798900000000001,0.88,1.506,0.889,1.506,0.579,0.828,af3,nomsa_template
5v3r,42,2,0.773569,0.88,1.2239,0.948,1.224,0.504,0.966,af3,nomsa_template
5v3r,42,3,0.7957609999999999,0.88,1.0557,0.903,1.056,0.511,0.828,af3,nomsa_template
5v3r,42,4,0.7921720000000001,0.89,1.0973,0.963,1.097,0.381,0.966,af3,nomsa_template
5v3r,43,0,0.794379,0.89,0.9068,0.935,0.907,0.444,0.897,af3,nomsa_template
5v3r,43,1,0.791064,0.88,1.2379,0.936,1.238,0.507,0.931,af3,nomsa_template
5v3r,43,2,0.7943899999999999,0.88,1.1285,0.943,1.129,0.555,0.966,af3,nomsa_template
5v3r,43,3,0.78956,0.88,1.023,0.952,1.023,0.38,0.931,af3,nomsa_template
5v3r,43,4,0.785041,0.87,0.7244,0.962,0.724,0.42,0.966,af3,nomsa_template
5v3r,44,0,0.803022,0.89,0.9146,0.973,0.915,0.413,1.0,af3,nomsa_template
5v3r,44,1,0.8009539999999999,0.89,1.5034,0.907,1.503,0.699,0.931,af3,nomsa_template
5v3r,44,2,0.7833150000000001,0.89,1.0049,0.913,1.005,0.522,0.862,af3,nomsa_template
5v3r,44,3,0.7890229999999999,0.88,0.707,0.956,0.707,0.367,0.931,af3,nomsa_template
5v3r,44,4,0.7876860000000001,0.89,1.0498,0.954,1.05,0.47,0.966,af3,nomsa_template
5wfv,42,0,0.627923,0.75,2.3459,0.844,2.346,0.803,0.826,af3,nomsa_template
5wfv,42,1,0.7011839999999999,0.8,0.8593,0.944,0.859,0.413,0.913,af3,nomsa_template
5wfv,42,2,0.692726,0.81,1.2716,0.904,1.272,0.539,0.848,af3,nomsa_template
5wfv,42,3,0.717782,0.82,1.0575,0.935,1.057,0.481,0.913,af3,nomsa_template
5wfv,42,4,0.708709,0.81,0.8749,0.931,0.875,0.404,0.87,af3,nomsa_template
5wfv,43,0,0.711916,0.81,0.6215,0.94,0.621,0.397,0.891,af3,nomsa_template
5wfv,43,1,0.717581,0.82,0.918,0.942,0.918,0.427,0.913,af3,nomsa_template
5wfv,43,2,0.70993,0.81,0.8995,0.921,0.899,0.425,0.848,af3,nomsa_template
5wfv,43,3,0.7145199999999999,0.82,0.8545,0.935,0.854,0.434,0.891,af3,nomsa_template
5wfv,43,4,0.713873,0.82,0.668,0.942,0.668,0.376,0.891,af3,nomsa_template
5wfv,44,0,0.725507,0.82,0.9862,0.94,0.986,0.438,0.913,af3,nomsa_template
5wfv,44,1,0.709862,0.81,0.8699,0.93,0.87,0.414,0.87,af3,nomsa_template
5wfv,44,2,0.7117950000000001,0.82,0.7969,0.932,0.797,0.4,0.87,af3,nomsa_template
5wfv,44,3,0.716557,0.82,0.9315,0.926,0.931,0.445,0.87,af3,nomsa_template
5wfv,44,4,0.696704,0.8,0.9578,0.918,0.958,0.45,0.848,af3,nomsa_template
5wyi,42,0,0.417392,0.31,26.4706,0.04,26.471,8.981,0.0,af3,nomsa_template
5wyi,42,1,0.49367,0.47,27.0665,0.039,27.066,9.156,0.0,af3,nomsa_template
5wyi,42,2,0.597735,0.62,32.8771,0.027,32.877,11.25,0.0,af3,nomsa_template
5wyi,42,3,0.485361,0.42,29.6393,0.032,29.639,10.394,0.0,af3,nomsa_template
5wyi,42,4,0.528577,0.51,30.433,0.031,30.433,10.733,0.0,af3,nomsa_template
5wyi,43,0,0.5207609999999999,0.55,26.9029,0.039,26.903,9.171,0.0,af3,nomsa_template
5wyi,43,1,0.399044,0.29,13.6621,0.226,13.662,5.719,0.333,af3,nomsa_template
5wyi,43,2,0.575261,0.65,28.9778,0.034,28.978,9.742,0.0,af3,nomsa_template
5wyi,43,3,0.37465000000000004,0.22,24.7816,0.043,24.782,9.431,0.0,af3,nomsa_template
5wyi,43,4,0.403924,0.36,24.5885,0.044,24.588,9.292,0.0,af3,nomsa_template
5wyi,44,0,0.46937399999999996,0.38,28.4964,0.034,28.496,10.059,0.0,af3,nomsa_template
5wyi,44,1,0.453777,0.35,28.8974,0.034,28.897,10.251,0.0,af3,nomsa_template
5wyi,44,2,0.515188,0.51,27.1273,0.039,27.127,9.116,0.0,af3,nomsa_template
5wyi,44,3,0.40006100000000006,0.32,26.7563,0.039,26.756,9.451,0.0,af3,nomsa_template
5wyi,44,4,0.435182,0.34,4.83,0.489,4.83,2.273,0.407,af3,nomsa_template
5xhz,42,0,0.852504,0.82,1.5884,0.888,1.588,0.699,0.875,af3,nomsa_template
5xhz,42,1,0.8129259999999999,0.77,1.228,0.904,1.228,0.614,0.875,af3,nomsa_template
5xhz,42,2,0.845706,0.81,1.1876,0.947,1.188,0.473,0.95,af3,nomsa_template
5xhz,42,3,0.830299,0.79,1.2249,0.928,1.225,0.554,0.925,af3,nomsa_template
5xhz,42,4,0.801926,0.75,1.3436,0.903,1.344,0.607,0.875,af3,nomsa_template
5xhz,43,0,0.8237760000000001,0.78,2.0008,0.875,2.001,0.803,0.9,af3,nomsa_template
5xhz,43,1,0.842176,0.8,0.8121,0.95,0.812,0.396,0.925,af3,nomsa_template
5xhz,43,2,0.8499410000000001,0.82,1.1552,0.907,1.155,0.532,0.85,af3,nomsa_template
5xhz,43,3,0.832029,0.79,1.7671,0.878,1.767,0.693,0.85,af3,nomsa_template
5xhz,43,4,0.855492,0.82,1.3438,0.903,1.344,0.542,0.85,af3,nomsa_template
5xhz,44,0,0.814506,0.76,0.8808,0.941,0.881,0.479,0.925,af3,nomsa_template
5xhz,44,1,0.8399880000000001,0.8,1.1756,0.912,1.176,0.621,0.9,af3,nomsa_template
5xhz,44,2,0.83062,0.79,1.402,0.909,1.402,0.557,0.875,af3,nomsa_template
5xhz,44,3,0.830522,0.78,0.7258,0.916,0.726,0.483,0.85,af3,nomsa_template
5xhz,44,4,0.847953,0.81,0.9961,0.929,0.996,0.502,0.9,af3,nomsa_template
5xxq,42,0,0.8187760000000001,0.92,0.7395,0.948,0.739,0.502,0.951,af3,nomsa_template
5xxq,42,1,0.817778,0.91,0.7671,0.947,0.767,0.505,0.951,af3,nomsa_template
5xxq,42,2,0.823584,0.92,0.7438,0.955,0.744,0.505,0.976,af3,nomsa_template
5xxq,42,3,0.819727,0.91,0.7377,0.956,0.738,0.504,0.976,af3,nomsa_template
5xxq,42,4,0.823849,0.93,0.6704,0.959,0.67,0.482,0.976,af3,nomsa_template
5xxq,43,0,0.8172410000000001,0.91,0.6891,0.948,0.689,0.506,0.951,af3,nomsa_template
5xxq,43,1,0.8210120000000001,0.92,0.7436,0.948,0.744,0.497,0.951,af3,nomsa_template
5xxq,43,2,0.8251189999999999,0.92,0.8329,0.945,0.833,0.516,0.951,af3,nomsa_template
5xxq,43,3,0.820971,0.92,0.745,0.956,0.745,0.502,0.976,af3,nomsa_template
5xxq,43,4,0.815672,0.91,0.6731,0.946,0.673,0.523,0.951,af3,nomsa_template
5xxq,44,0,0.8169230000000001,0.92,0.6892,0.958,0.689,0.485,0.976,af3,nomsa_template
5xxq,44,1,0.802003,0.91,0.6674,0.949,0.667,0.494,0.951,af3,nomsa_template
5xxq,44,2,0.8100020000000001,0.91,0.6241,0.949,0.624,0.495,0.951,af3,nomsa_template
5xxq,44,3,0.810334,0.91,0.4654,0.961,0.465,0.47,0.976,af3,nomsa_template
5xxq,44,4,0.818279,0.92,0.7835,0.954,0.784,0.514,0.976,af3,nomsa_template
5yay,42,0,0.878702,0.92,0.8248,0.943,0.825,0.496,0.935,af3,nomsa_template
5yay,42,1,0.87593,0.92,0.9678,0.954,0.968,0.433,0.952,af3,nomsa_template
5yay,42,2,0.872005,0.92,0.9843,0.938,0.984,0.519,0.935,af3,nomsa_template
5yay,42,3,0.8763890000000001,0.92,0.753,0.96,0.753,0.438,0.968,af3,nomsa_template
5yay,42,4,0.877435,0.93,0.6986,0.957,0.699,0.376,0.935,af3,nomsa_template
5yay,43,0,0.872959,0.92,0.6697,0.948,0.67,0.456,0.935,af3,nomsa_template
5yay,43,1,0.8754770000000001,0.92,0.7926,0.96,0.793,0.387,0.952,af3,nomsa_template
5yay,43,2,0.8357399999999999,0.89,0.7684,0.952,0.768,0.417,0.935,af3,nomsa_template
5yay,43,3,0.869366,0.92,0.7237,0.954,0.724,0.402,0.935,af3,nomsa_template
5yay,43,4,0.867893,0.91,0.8674,0.953,0.867,0.452,0.952,af3,nomsa_template
5yay,44,0,0.871774,0.92,0.9559,0.94,0.956,0.466,0.919,af3,nomsa_template
5yay,44,1,0.879157,0.92,0.8407,0.958,0.841,0.404,0.952,af3,nomsa_template
5yay,44,2,0.880416,0.92,0.8747,0.956,0.875,0.419,0.952,af3,nomsa_template
5yay,44,3,0.881016,0.93,0.8822,0.951,0.882,0.366,0.919,af3,nomsa_template
5yay,44,4,0.867636,0.92,0.6351,0.958,0.635,0.414,0.952,af3,nomsa_template
6b27,42,0,0.913649,0.91,1.1124,0.964,1.112,0.475,1.0,af3,nomsa_template
6b27,42,1,0.903923,0.87,1.192,0.957,1.192,0.438,0.968,af3,nomsa_template
6b27,42,2,0.895954,0.84,1.4218,0.934,1.422,0.599,0.968,af3,nomsa_template
6b27,42,3,0.9106409999999999,0.89,1.0384,0.966,1.038,0.466,1.0,af3,nomsa_template
6b27,42,4,0.907085,0.89,1.1572,0.956,1.157,0.539,1.0,af3,nomsa_template
6b27,43,0,0.9111,0.9,1.0512,0.965,1.051,0.472,1.0,af3,nomsa_template
6b27,43,1,0.906729,0.89,1.0916,0.956,1.092,0.449,0.968,af3,nomsa_template
6b27,43,2,0.9051220000000001,0.89,1.0199,0.955,1.02,0.464,0.968,af3,nomsa_template
6b27,43,3,0.9111910000000001,0.9,1.2776,0.945,1.278,0.528,0.968,af3,nomsa_template
6b27,43,4,0.9106489999999999,0.9,0.8704,0.963,0.87,0.407,0.968,af3,nomsa_template
6b27,44,0,0.901631,0.87,1.1458,0.956,1.146,0.445,0.968,af3,nomsa_template
6b27,44,1,0.907664,0.89,1.105,0.959,1.105,0.42,0.968,af3,nomsa_template
6b27,44,2,0.905661,0.88,1.3359,0.923,1.336,0.609,0.935,af3,nomsa_template
6b27,44,3,0.901661,0.87,1.2977,0.936,1.298,0.601,0.968,af3,nomsa_template
6b27,44,4,0.911724,0.9,1.3147,0.954,1.315,0.539,1.0,af3,nomsa_template
6co4,42,0,0.880111,0.87,1.9158,0.82,1.916,1.244,0.915,af3,nomsa_template
6co4,42,1,0.877128,0.87,2.2255,0.799,2.226,1.364,0.915,af3,nomsa_template
6co4,42,2,0.8820650000000001,0.87,2.1983,0.804,2.198,1.326,0.915,af3,nomsa_template
6co4,42,3,0.887971,0.88,2.1238,0.809,2.124,1.302,0.915,af3,nomsa_template
6co4,42,4,0.8761620000000001,0.86,1.9582,0.823,1.958,1.265,0.936,af3,nomsa_template
6co4,43,0,0.878479,0.86,2.0326,0.807,2.033,1.274,0.894,af3,nomsa_template
6co4,43,1,0.884606,0.88,2.0294,0.808,2.029,1.265,0.894,af3,nomsa_template
6co4,43,2,0.883115,0.87,2.0556,0.805,2.056,1.286,0.894,af3,nomsa_template
6co4,43,3,0.8833719999999999,0.87,1.955,0.818,1.955,1.253,0.915,af3,nomsa_template
6co4,43,4,0.875237,0.86,2.1396,0.809,2.14,1.298,0.915,af3,nomsa_template
6co4,44,0,0.878419,0.86,2.1898,0.797,2.19,1.331,0.894,af3,nomsa_template
6co4,44,1,0.8877280000000001,0.87,2.0667,0.803,2.067,1.297,0.894,af3,nomsa_template
6co4,44,2,0.881465,0.87,1.9657,0.809,1.966,1.264,0.894,af3,nomsa_template
6co4,44,3,0.8780079999999999,0.86,1.8499,0.818,1.85,1.208,0.894,af3,nomsa_template
6co4,44,4,0.8851640000000001,0.87,2.0125,0.812,2.013,1.288,0.915,af3,nomsa_template
6dei,42,0,0.485217,0.25,27.5565,0.034,27.557,11.836,0.0,af3,nomsa_template
6dei,42,1,0.535076,0.44,26.3897,0.037,26.39,11.909,0.0,af3,nomsa_template
6dei,42,2,0.484821,0.23,29.0332,0.031,29.033,12.562,0.0,af3,nomsa_template
6dei,42,3,0.514056,0.25,28.4731,0.032,28.473,12.092,0.0,af3,nomsa_template
6dei,42,4,0.48645000000000005,0.23,28.9788,0.031,28.979,12.543,0.0,af3,nomsa_template
6dei,43,0,0.509659,0.28,26.497,0.044,26.497,11.203,0.021,af3,nomsa_template
6dei,43,1,0.534226,0.36,23.9618,0.044,23.962,10.44,0.0,af3,nomsa_template
6dei,43,2,0.48725,0.27,29.4857,0.03,29.486,12.557,0.0,af3,nomsa_template
6dei,43,3,0.49849699999999997,0.31,24.2434,0.043,24.243,10.355,0.0,af3,nomsa_template
6dei,43,4,0.48383499999999996,0.23,27.1337,0.042,27.134,11.781,0.021,af3,nomsa_template
6dei,44,0,0.494384,0.28,28.3338,0.032,28.334,12.315,0.0,af3,nomsa_template
6dei,44,1,0.598309,0.39,26.8457,0.036,26.846,11.562,0.0,af3,nomsa_template
6dei,44,2,0.495791,0.34,21.2216,0.054,21.222,9.678,0.0,af3,nomsa_template
6dei,44,3,0.47438600000000003,0.27,27.4515,0.048,27.451,11.729,0.042,af3,nomsa_template
6dei,44,4,0.5270969999999999,0.4,30.048,0.036,30.048,13.199,0.021,af3,nomsa_template
6e5x,42,0,0.93462,0.87,2.4977,0.845,2.498,1.051,0.943,af3,nomsa_template
6e5x,42,1,0.931072,0.86,2.5768,0.841,2.577,1.069,0.943,af3,nomsa_template
6e5x,42,2,0.9342440000000001,0.87,2.6059,0.834,2.606,1.111,0.943,af3,nomsa_template
6e5x,42,3,0.9307110000000001,0.86,2.4785,0.849,2.478,1.025,0.943,af3,nomsa_template
6e5x,42,4,0.927554,0.86,2.6766,0.83,2.677,1.129,0.943,af3,nomsa_template
6e5x,43,0,0.9322320000000001,0.86,2.5924,0.842,2.592,1.06,0.943,af3,nomsa_template
6e5x,43,1,0.9373480000000001,0.88,2.539,0.841,2.539,1.072,0.943,af3,nomsa_template
6e5x,43,2,0.932187,0.87,2.6565,0.831,2.656,1.124,0.943,af3,nomsa_template
6e5x,43,3,0.929324,0.87,2.4308,0.852,2.431,1.01,0.943,af3,nomsa_template
6e5x,43,4,0.93338,0.87,2.6499,0.834,2.65,1.109,0.943,af3,nomsa_template
6e5x,44,0,0.935645,0.87,2.4195,0.847,2.42,1.046,0.943,af3,nomsa_template
6e5x,44,1,0.93465,0.87,2.4463,0.845,2.446,1.054,0.943,af3,nomsa_template
6e5x,44,2,0.9316,0.87,2.5745,0.839,2.574,1.081,0.943,af3,nomsa_template
6e5x,44,3,0.9320140000000001,0.87,2.5848,0.835,2.585,1.11,0.943,af3,nomsa_template
6e5x,44,4,0.878079,0.82,1.1576,0.96,1.158,0.503,1.0,af3,nomsa_template
6ej7,42,0,0.401508,0.61,11.4134,0.356,11.413,3.729,0.571,af3,nomsa_template
6ej7,42,1,0.366721,0.59,10.9356,0.331,10.936,3.557,0.464,af3,nomsa_template
6ej7,42,2,0.370979,0.58,2.2746,0.831,2.275,0.771,0.768,af3,nomsa_template
6ej7,42,3,0.384306,0.59,11.2567,0.335,11.257,3.672,0.5,af3,nomsa_template
6ej7,42,4,0.37089,0.59,4.2523,0.675,4.252,1.364,0.679,af3,nomsa_template
6ej7,43,0,0.407692,0.61,11.2124,0.36,11.212,3.655,0.571,af3,nomsa_template
6ej7,43,1,0.355739,0.61,7.9114,0.336,7.911,2.55,0.214,af3,nomsa_template
6ej7,43,2,0.36597700000000005,0.57,13.9159,0.166,13.916,4.497,0.125,af3,nomsa_template
6ej7,43,3,0.405423,0.61,11.4563,0.361,11.456,3.724,0.589,af3,nomsa_template
6ej7,43,4,0.34207299999999996,0.56,14.0128,0.186,14.013,4.675,0.196,af3,nomsa_template
6ej7,44,0,0.3653,0.6,4.2323,0.632,4.232,1.381,0.554,af3,nomsa_template
6ej7,44,1,0.408576,0.61,11.2119,0.354,11.212,3.658,0.554,af3,nomsa_template
6ej7,44,2,0.339129,0.57,13.5646,0.17,13.565,4.415,0.125,af3,nomsa_template
6ej7,44,3,0.396621,0.6,11.283,0.359,11.283,3.677,0.571,af3,nomsa_template
6ej7,44,4,0.345935,0.56,15.8827,0.118,15.883,5.154,0.054,af3,nomsa_template
6f0w,42,0,0.701186,0.8,2.69,0.715,2.69,1.541,0.75,af3,nomsa_template
6f0w,42,1,0.687221,0.77,3.0671,0.651,3.067,2.07,0.724,af3,nomsa_template
6f0w,42,2,0.708836,0.8,2.718,0.714,2.718,1.627,0.776,af3,nomsa_template
6f0w,42,3,0.700534,0.78,2.7782,0.716,2.778,1.641,0.789,af3,nomsa_template
6f0w,42,4,0.7177460000000001,0.81,3.0163,0.695,3.016,1.759,0.776,af3,nomsa_template
6f0w,43,0,0.71732,0.81,2.9263,0.712,2.926,1.65,0.789,af3,nomsa_template
6f0w,43,1,0.714893,0.8,2.6417,0.728,2.642,1.551,0.789,af3,nomsa_template
6f0w,43,2,0.7083790000000001,0.79,2.9528,0.677,2.953,1.935,0.763,af3,nomsa_template
6f0w,43,3,0.748224,0.85,0.8297,0.779,0.83,1.49,0.842,af3,nomsa_template
6f0w,43,4,0.699019,0.78,2.9869,0.694,2.987,1.731,0.763,af3,nomsa_template
6f0w,44,0,0.7375889999999999,0.83,1.2211,0.787,1.221,1.502,0.882,af3,nomsa_template
6f0w,44,1,0.725599,0.81,2.7609,0.71,2.761,1.659,0.776,af3,nomsa_template
6f0w,44,2,0.731231,0.83,1.0478,0.793,1.048,1.463,0.882,af3,nomsa_template
6f0w,44,3,0.74887,0.85,0.8526,0.858,0.853,0.884,0.842,af3,nomsa_template
6f0w,44,4,0.703434,0.79,3.0901,0.681,3.09,1.9,0.776,af3,nomsa_template
6f0y,42,0,0.7910680000000001,0.77,5.8164,0.558,5.816,2.832,0.773,af3,nomsa_template
6f0y,42,1,0.80715,0.78,8.5233,0.464,8.523,3.688,0.75,af3,nomsa_template
6f0y,42,2,0.7905070000000001,0.78,4.685,0.586,4.685,2.827,0.773,af3,nomsa_template
6f0y,42,3,0.801404,0.77,9.0253,0.464,9.025,3.945,0.795,af3,nomsa_template
6f0y,42,4,0.799089,0.77,6.6759,0.533,6.676,3.156,0.795,af3,nomsa_template
6f0y,43,0,0.799269,0.78,9.4658,0.453,9.466,4.099,0.795,af3,nomsa_template
6f0y,43,1,0.797684,0.77,8.2127,0.504,8.213,3.515,0.841,af3,nomsa_template
6f0y,43,2,0.808599,0.78,6.8564,0.525,6.856,3.545,0.818,af3,nomsa_template
6f0y,43,3,0.7838280000000001,0.76,10.0989,0.441,10.099,4.22,0.795,af3,nomsa_template
6f0y,43,4,0.798018,0.76,7.6525,0.503,7.653,3.16,0.773,af3,nomsa_template
6f0y,44,0,0.797387,0.77,6.886,0.541,6.886,2.996,0.818,af3,nomsa_template
6f0y,44,1,0.8068529999999999,0.77,6.8843,0.53,6.884,2.868,0.773,af3,nomsa_template
6f0y,44,2,0.804092,0.77,7.3478,0.523,7.348,3.224,0.818,af3,nomsa_template
6f0y,44,3,0.797061,0.79,8.0524,0.498,8.052,3.294,0.795,af3,nomsa_template
6f0y,44,4,0.7993600000000001,0.77,5.5833,0.603,5.583,2.334,0.818,af3,nomsa_template
6f4s,42,0,0.514722,0.6,3.8236,0.748,3.824,0.976,0.71,af3,nomsa_template
6f4s,42,1,0.557623,0.67,3.0255,0.752,3.026,0.78,0.581,af3,nomsa_template
6f4s,42,2,0.531048,0.62,4.6827,0.654,4.683,1.186,0.581,af3,nomsa_template
6f4s,42,3,0.498093,0.6,2.7146,0.81,2.715,0.716,0.71,af3,nomsa_template
6f4s,42,4,0.5799179999999999,0.71,3.0336,0.761,3.034,0.787,0.613,af3,nomsa_template
6f4s,43,0,0.570183,0.7,3.9803,0.76,3.98,1.015,0.774,af3,nomsa_template
6f4s,43,1,0.530415,0.65,3.2166,0.795,3.217,0.822,0.742,af3,nomsa_template
6f4s,43,2,0.546805,0.65,2.5572,0.798,2.557,0.674,0.645,af3,nomsa_template
6f4s,43,3,0.540543,0.66,2.6597,0.858,2.66,0.689,0.839,af3,nomsa_template
6f4s,43,4,0.5879650000000001,0.72,3.1236,0.801,3.124,0.798,0.742,af3,nomsa_template
6f4s,44,0,0.5220750000000001,0.6,4.1092,0.74,4.109,1.056,0.742,af3,nomsa_template
6f4s,44,1,0.5625249999999999,0.7,4.2395,0.734,4.239,1.077,0.742,af3,nomsa_template
6f4s,44,2,0.528085,0.64,3.8498,0.734,3.85,0.995,0.677,af3,nomsa_template
6f4s,44,3,0.568612,0.68,3.1328,0.766,3.133,0.815,0.645,af3,nomsa_template
6f4s,44,4,0.554723,0.68,3.2567,0.793,3.257,0.83,0.742,af3,nomsa_template
6f6d,42,0,0.396622,0.46,7.7175,0.428,7.718,2.666,0.494,af3,nomsa_template
6f6d,42,1,0.39358600000000005,0.46,2.1143,0.775,2.114,1.193,0.77,af3,nomsa_template
6f6d,42,2,0.38460700000000003,0.43,8.3228,0.38,8.323,2.873,0.414,af3,nomsa_template
6f6d,42,3,0.381058,0.45,7.6636,0.422,7.664,2.816,0.494,af3,nomsa_template
6f6d,42,4,0.384812,0.44,7.8946,0.42,7.895,2.753,0.494,af3,nomsa_template
6f6d,43,0,0.388196,0.45,8.6259,0.348,8.626,3.053,0.356,af3,nomsa_template
6f6d,43,1,0.27427,0.27,26.2439,0.045,26.244,8.992,0.011,af3,nomsa_template
6f6d,43,2,0.393715,0.43,7.6158,0.453,7.616,2.663,0.563,af3,nomsa_template
6f6d,43,3,0.38480400000000003,0.43,8.1141,0.398,8.114,2.893,0.46,af3,nomsa_template
6f6d,43,4,0.39766199999999996,0.46,8.5176,0.364,8.518,2.992,0.391,af3,nomsa_template
6f6d,44,0,0.38587499999999997,0.43,7.5258,0.447,7.526,2.664,0.54,af3,nomsa_template
6f6d,44,1,0.408412,0.47,7.709,0.414,7.709,2.719,0.46,af3,nomsa_template
6f6d,44,2,0.37364400000000003,0.42,1.9858,0.751,1.986,1.073,0.644,af3,nomsa_template
6f6d,44,3,0.38326,0.42,7.5488,0.459,7.549,2.727,0.586,af3,nomsa_template
6f6d,44,4,0.38651,0.45,7.4985,0.434,7.499,2.63,0.494,af3,nomsa_template
6fbk,42,0,0.899125,0.76,2.8018,0.704,2.802,1.664,0.763,af3,nomsa_template
6fbk,42,1,0.8881,0.75,3.0291,0.683,3.029,1.74,0.737,af3,nomsa_template
6fbk,42,2,0.895514,0.77,2.9675,0.683,2.968,1.667,0.711,af3,nomsa_template
6fbk,42,3,0.924312,0.81,2.7952,0.699,2.795,1.724,0.763,af3,nomsa_template
6fbk,42,4,0.917539,0.81,3.0025,0.684,3.002,1.736,0.737,af3,nomsa_template
6fbk,43,0,0.888183,0.76,2.7797,0.713,2.78,1.669,0.789,af3,nomsa_template
6fbk,43,1,0.863523,0.71,2.6551,0.693,2.655,1.629,0.711,af3,nomsa_template
6fbk,43,2,0.902542,0.77,2.7157,0.712,2.716,1.699,0.789,af3,nomsa_template
6fbk,43,3,0.9145829999999999,0.8,2.872,0.682,2.872,1.697,0.711,af3,nomsa_template
6fbk,43,4,0.8967109999999999,0.77,2.8697,0.697,2.87,1.724,0.763,af3,nomsa_template
6fbk,44,0,0.9141849999999999,0.81,2.9976,0.698,2.998,1.686,0.763,af3,nomsa_template
6fbk,44,1,0.883241,0.73,2.6865,0.69,2.687,1.661,0.711,af3,nomsa_template
6fbk,44,2,0.918697,0.8,2.9418,0.694,2.942,1.746,0.763,af3,nomsa_template
6fbk,44,3,0.927069,0.83,2.9917,0.685,2.992,1.728,0.737,af3,nomsa_template
6fbk,44,4,0.886421,0.73,2.8166,0.697,2.817,1.646,0.737,af3,nomsa_template
6g5g,42,0,0.797937,0.92,2.206,0.795,2.206,1.356,0.898,af3,nomsa_template
6g5g,42,1,0.796488,0.92,2.169,0.796,2.169,1.357,0.898,af3,nomsa_template
6g5g,42,2,0.795347,0.91,2.4458,0.785,2.446,1.405,0.898,af3,nomsa_template
6g5g,42,3,0.79699,0.92,2.3036,0.785,2.304,1.369,0.878,af3,nomsa_template
6g5g,42,4,0.796369,0.92,2.1624,0.804,2.162,1.347,0.918,af3,nomsa_template
6g5g,43,0,0.7982739999999999,0.92,1.8715,0.797,1.872,1.328,0.878,af3,nomsa_template
6g5g,43,1,0.7976380000000001,0.91,1.878,0.799,1.878,1.428,0.918,af3,nomsa_template
6g5g,43,2,0.796785,0.92,2.3233,0.802,2.323,1.393,0.939,af3,nomsa_template
6g5g,43,3,0.797387,0.92,1.4622,0.812,1.462,1.42,0.939,af3,nomsa_template
6g5g,43,4,0.797256,0.91,2.0951,0.795,2.095,1.43,0.918,af3,nomsa_template
6g5g,44,0,0.7962359999999999,0.92,2.0611,0.801,2.061,1.445,0.939,af3,nomsa_template
6g5g,44,1,0.7978700000000001,0.92,2.3941,0.793,2.394,1.4,0.918,af3,nomsa_template
6g5g,44,2,0.796415,0.92,2.9727,0.779,2.973,1.475,0.939,af3,nomsa_template
6g5g,44,3,0.796301,0.91,2.4699,0.784,2.47,1.354,0.878,af3,nomsa_template
6g5g,44,4,0.7958660000000001,0.92,2.5879,0.783,2.588,1.392,0.898,af3,nomsa_template
6h7b,42,0,0.6605570000000001,0.47,21.7105,0.056,21.711,7.726,0.0,af3,nomsa_template
6h7b,42,1,0.768917,0.72,16.1514,0.099,16.151,6.169,0.023,af3,nomsa_template
6h7b,42,2,0.750564,0.67,18.0269,0.077,18.027,6.521,0.0,af3,nomsa_template
6h7b,42,3,0.691293,0.53,20.7527,0.061,20.753,7.326,0.0,af3,nomsa_template
6h7b,42,4,0.694678,0.57,18.7664,0.072,18.766,6.871,0.0,af3,nomsa_template
6h7b,43,0,0.6664100000000001,0.44,17.1578,0.085,17.158,6.078,0.0,af3,nomsa_template
6h7b,43,1,0.717076,0.56,20.373,0.063,20.373,7.305,0.0,af3,nomsa_template
6h7b,43,2,0.712253,0.57,22.009,0.055,22.009,7.691,0.0,af3,nomsa_template
6h7b,43,3,0.735993,0.58,18.6447,0.072,18.645,6.981,0.0,af3,nomsa_template
6h7b,43,4,0.6890470000000001,0.54,17.7006,0.088,17.701,6.279,0.023,af3,nomsa_template
6h7b,44,0,0.773443,0.68,15.5087,0.122,15.509,5.688,0.07,af3,nomsa_template
6h7b,44,1,0.718006,0.57,20.405,0.062,20.405,7.406,0.0,af3,nomsa_template
6h7b,44,2,0.6675920000000001,0.45,19.7369,0.067,19.737,6.99,0.0,af3,nomsa_template
6h7b,44,3,0.688677,0.56,20.6429,0.062,20.643,7.245,0.0,af3,nomsa_template
6h7b,44,4,0.748988,0.59,16.2435,0.091,16.243,6.054,0.0,af3,nomsa_template
