complex,seed,id,pep_plddt,iptm,scRMSD,dockq_score,lrmsd,irmsd,fnat,model,method
1a0n,42,0,0.5886,0.367,7.7916,0.519,7.792,3.119,0.826,esmfold2,msa_nonpairing_loop10_samples200
1a0n,42,1,0.6096,0.3972,6.1734,0.591,6.173,2.334,0.826,esmfold2,msa_nonpairing_loop10_samples200
1a0n,42,2,0.5982,0.3898,3.8168,0.7,3.817,1.683,0.826,esmfold2,msa_nonpairing_loop10_samples200
1a0n,42,3,0.6004,0.3904,6.2957,0.58,6.296,2.486,0.826,esmfold2,msa_nonpairing_loop10_samples200
1a0n,42,4,0.6041,0.3909,4.8996,0.643,4.9,2.032,0.826,esmfold2,msa_nonpairing_loop10_samples200
1a0n,43,0,0.6036,0.3722,7.5846,0.524,7.585,3.093,0.826,esmfold2,msa_nonpairing_loop10_samples200
1a0n,43,1,0.6051,0.3845,8.7606,0.495,8.761,3.252,0.826,esmfold2,msa_nonpairing_loop10_samples200
1a0n,43,2,0.6069,0.4006,3.8933,0.683,3.893,1.855,0.826,esmfold2,msa_nonpairing_loop10_samples200
1a0n,43,3,0.6072,0.3894,7.7057,0.53,7.706,2.86,0.826,esmfold2,msa_nonpairing_loop10_samples200
1a0n,43,4,0.5989,0.3813,6.5949,0.568,6.595,2.572,0.826,esmfold2,msa_nonpairing_loop10_samples200
1a0n,44,0,0.6056,0.3933,5.6661,0.603,5.666,2.34,0.826,esmfold2,msa_nonpairing_loop10_samples200
1a0n,44,1,0.6082,0.3888,5.3562,0.628,5.356,2.087,0.826,esmfold2,msa_nonpairing_loop10_samples200
1a0n,44,2,0.6041,0.3925,7.1952,0.546,7.195,2.741,0.826,esmfold2,msa_nonpairing_loop10_samples200
1a0n,44,3,0.6052,0.3911,6.5427,0.579,6.543,2.385,0.826,esmfold2,msa_nonpairing_loop10_samples200
1a0n,44,4,0.6048,0.3837,5.8699,0.576,5.87,2.479,0.783,esmfold2,msa_nonpairing_loop10_samples200
1cqg,42,0,0.5207,0.4415,9.9938,0.442,9.994,4.04,0.786,esmfold2,msa_nonpairing_loop10_samples200
1cqg,42,1,0.5261,0.4558,7.1185,0.518,7.118,3.204,0.786,esmfold2,msa_nonpairing_loop10_samples200
1cqg,42,2,0.5212,0.4463,8.368,0.471,8.368,3.503,0.75,esmfold2,msa_nonpairing_loop10_samples200
1cqg,42,3,0.5053,0.4311,6.0334,0.568,6.033,2.584,0.786,esmfold2,msa_nonpairing_loop10_samples200
1cqg,42,4,0.5354,0.4478,7.5567,0.497,7.557,3.168,0.75,esmfold2,msa_nonpairing_loop10_samples200
1cqg,43,0,0.5336,0.4362,8.1295,0.485,8.13,3.617,0.786,esmfold2,msa_nonpairing_loop10_samples200
1cqg,43,1,0.5267,0.4459,10.0158,0.428,10.016,4.126,0.75,esmfold2,msa_nonpairing_loop10_samples200
1cqg,43,2,0.5322,0.4467,7.6034,0.513,7.603,3.411,0.821,esmfold2,msa_nonpairing_loop10_samples200
1cqg,43,3,0.5106,0.4326,10.7458,0.4,10.746,4.516,0.714,esmfold2,msa_nonpairing_loop10_samples200
1cqg,43,4,0.5427,0.4762,8.5185,0.464,8.519,3.653,0.75,esmfold2,msa_nonpairing_loop10_samples200
1cqg,44,0,0.5031,0.3776,5.9559,0.548,5.956,2.805,0.75,esmfold2,msa_nonpairing_loop10_samples200
1cqg,44,1,0.5249,0.4455,10.1307,0.433,10.131,3.774,0.75,esmfold2,msa_nonpairing_loop10_samples200
1cqg,44,2,0.5298,0.4354,7.6774,0.511,7.677,3.419,0.821,esmfold2,msa_nonpairing_loop10_samples200
1cqg,44,3,0.4957,0.3969,7.1032,0.504,7.103,3.271,0.75,esmfold2,msa_nonpairing_loop10_samples200
1cqg,44,4,0.5274,0.4284,7.7764,0.487,7.776,3.373,0.75,esmfold2,msa_nonpairing_loop10_samples200
1czy,42,0,0.6976,0.7434,6.3483,0.432,6.348,2.001,0.295,esmfold2,msa_nonpairing_loop10_samples200
1czy,42,1,0.6962,0.7399,6.3161,0.442,6.316,1.984,0.318,esmfold2,msa_nonpairing_loop10_samples200
1czy,42,2,0.6761,0.7269,6.3186,0.436,6.319,1.96,0.295,esmfold2,msa_nonpairing_loop10_samples200
1czy,42,3,0.7044,0.7549,6.3333,0.45,6.333,1.971,0.341,esmfold2,msa_nonpairing_loop10_samples200
1czy,42,4,0.6986,0.7461,6.4495,0.43,6.449,1.996,0.295,esmfold2,msa_nonpairing_loop10_samples200
1czy,43,0,0.6975,0.7474,6.3183,0.435,6.318,1.983,0.295,esmfold2,msa_nonpairing_loop10_samples200
1czy,43,1,0.6897,0.7398,6.4442,0.429,6.444,2.011,0.295,esmfold2,msa_nonpairing_loop10_samples200
1czy,43,2,0.6935,0.75,6.3573,0.45,6.357,1.963,0.341,esmfold2,msa_nonpairing_loop10_samples200
1czy,43,3,0.6326,0.673,4.0453,0.6,4.045,1.285,0.409,esmfold2,msa_nonpairing_loop10_samples200
1czy,43,4,0.7086,0.7637,6.1843,0.45,6.184,1.919,0.318,esmfold2,msa_nonpairing_loop10_samples200
1czy,44,0,0.6942,0.7497,6.2743,0.438,6.274,1.956,0.295,esmfold2,msa_nonpairing_loop10_samples200
1czy,44,1,0.6384,0.6824,4.2187,0.579,4.219,1.358,0.386,esmfold2,msa_nonpairing_loop10_samples200
1czy,44,2,0.6893,0.7409,6.3942,0.431,6.394,2.009,0.295,esmfold2,msa_nonpairing_loop10_samples200
1czy,44,3,0.6831,0.7413,6.4056,0.425,6.406,1.984,0.273,esmfold2,msa_nonpairing_loop10_samples200
1czy,44,4,0.706,0.7591,6.4086,0.439,6.409,1.992,0.318,esmfold2,msa_nonpairing_loop10_samples200
1ddv,42,0,0.6343,0.5649,6.5155,0.533,6.516,2.076,0.625,esmfold2,msa_nonpairing_loop10_samples200
1ddv,42,1,0.639,0.5834,5.4911,0.559,5.491,1.805,0.562,esmfold2,msa_nonpairing_loop10_samples200
1ddv,42,2,0.6428,0.5834,5.9578,0.536,5.958,1.933,0.562,esmfold2,msa_nonpairing_loop10_samples200
1ddv,42,3,0.5653,0.4678,6.8317,0.477,6.832,2.174,0.5,esmfold2,msa_nonpairing_loop10_samples200
1ddv,42,4,0.5925,0.5224,6.1683,0.526,6.168,2.002,0.562,esmfold2,msa_nonpairing_loop10_samples200
1ddv,43,0,0.6516,0.5975,5.8352,0.542,5.835,1.904,0.562,esmfold2,msa_nonpairing_loop10_samples200
1ddv,43,1,0.6563,0.6032,5.477,0.56,5.477,1.797,0.562,esmfold2,msa_nonpairing_loop10_samples200
1ddv,43,2,0.6333,0.575,6.0001,0.535,6.0,1.94,0.562,esmfold2,msa_nonpairing_loop10_samples200
1ddv,43,3,0.6577,0.6024,5.9215,0.539,5.922,1.912,0.562,esmfold2,msa_nonpairing_loop10_samples200
1ddv,43,4,0.4132,0.2611,4.976,0.47,4.976,1.775,0.25,esmfold2,msa_nonpairing_loop10_samples200
1ddv,44,0,0.6445,0.5862,5.7708,0.546,5.771,1.867,0.562,esmfold2,msa_nonpairing_loop10_samples200
1ddv,44,1,0.6595,0.6103,5.7021,0.55,5.702,1.842,0.562,esmfold2,msa_nonpairing_loop10_samples200
1ddv,44,2,0.5777,0.485,7.4173,0.474,7.417,2.339,0.562,esmfold2,msa_nonpairing_loop10_samples200
1ddv,44,3,0.6319,0.5722,5.6745,0.552,5.674,1.827,0.562,esmfold2,msa_nonpairing_loop10_samples200
1ddv,44,4,0.6342,0.5692,5.8642,0.542,5.864,1.896,0.562,esmfold2,msa_nonpairing_loop10_samples200
1eg4,42,0,0.6736,0.7609,1.983,0.848,1.983,0.935,0.875,esmfold2,msa_nonpairing_loop10_samples200
1eg4,42,1,0.6802,0.7546,7.2092,0.526,7.209,3.148,0.812,esmfold2,msa_nonpairing_loop10_samples200
1eg4,42,2,0.6613,0.7531,3.217,0.73,3.217,1.399,0.781,esmfold2,msa_nonpairing_loop10_samples200
1eg4,42,3,0.663,0.7606,3.3709,0.704,3.371,1.413,0.719,esmfold2,msa_nonpairing_loop10_samples200
1eg4,42,4,0.6785,0.7614,7.7559,0.518,7.756,3.396,0.844,esmfold2,msa_nonpairing_loop10_samples200
1eg4,43,0,0.6733,0.7604,3.3547,0.729,3.355,1.475,0.812,esmfold2,msa_nonpairing_loop10_samples200
1eg4,43,1,0.681,0.7599,7.898,0.522,7.898,3.5,0.875,esmfold2,msa_nonpairing_loop10_samples200
1eg4,43,2,0.6605,0.756,4.9972,0.631,4.997,2.097,0.812,esmfold2,msa_nonpairing_loop10_samples200
1eg4,43,3,0.6584,0.7554,4.4534,0.671,4.453,1.9,0.844,esmfold2,msa_nonpairing_loop10_samples200
1eg4,43,4,0.662,0.7578,6.6349,0.507,6.635,2.886,0.688,esmfold2,msa_nonpairing_loop10_samples200
1eg4,44,0,0.6611,0.7568,6.3889,0.51,6.389,2.702,0.656,esmfold2,msa_nonpairing_loop10_samples200
1eg4,44,1,0.6753,0.7608,1.9885,0.837,1.988,0.936,0.844,esmfold2,msa_nonpairing_loop10_samples200
1eg4,44,2,0.6674,0.7603,7.1443,0.489,7.144,3.055,0.688,esmfold2,msa_nonpairing_loop10_samples200
1eg4,44,3,0.662,0.7625,2.7658,0.734,2.766,1.276,0.719,esmfold2,msa_nonpairing_loop10_samples200
1eg4,44,4,0.6395,0.7693,8.9471,0.421,8.947,3.853,0.656,esmfold2,msa_nonpairing_loop10_samples200
1f47,42,0,0.8192,0.8473,2.2667,0.857,2.267,0.98,0.938,esmfold2,msa_nonpairing_loop10_samples200
1f47,42,1,0.8193,0.8483,1.8898,0.867,1.89,0.887,0.906,esmfold2,msa_nonpairing_loop10_samples200
1f47,42,2,0.809,0.8346,1.7234,0.885,1.723,0.778,0.906,esmfold2,msa_nonpairing_loop10_samples200
1f47,42,3,0.8171,0.8457,1.9363,0.862,1.936,0.912,0.906,esmfold2,msa_nonpairing_loop10_samples200
1f47,42,4,0.8213,0.8505,2.2098,0.837,2.21,1.06,0.906,esmfold2,msa_nonpairing_loop10_samples200
1f47,43,0,0.8247,0.8544,2.132,0.87,2.132,0.906,0.938,esmfold2,msa_nonpairing_loop10_samples200
1f47,43,1,0.7978,0.8294,2.6418,0.797,2.642,1.212,0.875,esmfold2,msa_nonpairing_loop10_samples200
1f47,43,2,0.8207,0.8514,2.0474,0.853,2.047,0.962,0.906,esmfold2,msa_nonpairing_loop10_samples200
1f47,43,3,0.8177,0.8449,1.8701,0.889,1.87,0.805,0.938,esmfold2,msa_nonpairing_loop10_samples200
1f47,43,4,0.8208,0.8511,1.9343,0.876,1.934,0.821,0.906,esmfold2,msa_nonpairing_loop10_samples200
1f47,44,0,0.8226,0.852,1.9924,0.853,1.992,0.97,0.906,esmfold2,msa_nonpairing_loop10_samples200
1f47,44,1,0.8214,0.8503,2.2663,0.852,2.266,0.872,0.875,esmfold2,msa_nonpairing_loop10_samples200
1f47,44,2,0.8212,0.8494,2.5549,0.821,2.555,1.124,0.906,esmfold2,msa_nonpairing_loop10_samples200
1f47,44,3,0.8195,0.8493,2.1387,0.86,2.139,0.907,0.906,esmfold2,msa_nonpairing_loop10_samples200
1f47,44,4,0.8208,0.8496,1.8829,0.877,1.883,0.817,0.906,esmfold2,msa_nonpairing_loop10_samples200
1f8h,42,0,0.7626,0.7676,1.9355,0.786,1.936,1.058,0.739,esmfold2,msa_nonpairing_loop10_samples200
1f8h,42,1,0.7659,0.7809,2.0168,0.786,2.017,1.051,0.739,esmfold2,msa_nonpairing_loop10_samples200
1f8h,42,2,0.7629,0.7735,2.1375,0.777,2.138,1.099,0.739,esmfold2,msa_nonpairing_loop10_samples200
1f8h,42,3,0.7605,0.7705,1.965,0.796,1.965,1.087,0.783,esmfold2,msa_nonpairing_loop10_samples200
1f8h,42,4,0.7342,0.7317,2.4209,0.713,2.421,1.212,0.609,esmfold2,msa_nonpairing_loop10_samples200
1f8h,43,0,0.7601,0.7702,1.7357,0.809,1.736,1.019,0.783,esmfold2,msa_nonpairing_loop10_samples200
1f8h,43,1,0.7592,0.7687,1.8973,0.776,1.897,1.026,0.696,esmfold2,msa_nonpairing_loop10_samples200
1f8h,43,2,0.7559,0.7585,1.834,0.805,1.834,1.036,0.783,esmfold2,msa_nonpairing_loop10_samples200
1f8h,43,3,0.7632,0.7741,1.7823,0.75,1.782,1.024,0.609,esmfold2,msa_nonpairing_loop10_samples200
1f8h,43,4,0.7566,0.7577,2.1918,0.759,2.192,1.117,0.696,esmfold2,msa_nonpairing_loop10_samples200
1f8h,44,0,0.7458,0.7539,1.5947,0.768,1.595,1.016,0.652,esmfold2,msa_nonpairing_loop10_samples200
1f8h,44,1,0.7536,0.7538,2.4258,0.757,2.426,1.206,0.739,esmfold2,msa_nonpairing_loop10_samples200
1f8h,44,2,0.7565,0.7614,1.7602,0.796,1.76,1.005,0.739,esmfold2,msa_nonpairing_loop10_samples200
1f8h,44,3,0.7653,0.771,2.3585,0.777,2.358,1.173,0.783,esmfold2,msa_nonpairing_loop10_samples200
1f8h,44,4,0.7693,0.7782,1.8794,0.773,1.879,1.055,0.696,esmfold2,msa_nonpairing_loop10_samples200
1j2x,42,0,0.796,0.7862,4.5543,0.622,4.554,2.184,0.769,esmfold2,msa_nonpairing_loop10_samples200
1j2x,42,1,0.7864,0.7784,6.1004,0.575,6.1,2.844,0.846,esmfold2,msa_nonpairing_loop10_samples200
1j2x,42,2,0.7992,0.779,3.863,0.674,3.863,1.946,0.821,esmfold2,msa_nonpairing_loop10_samples200
1j2x,42,3,0.7848,0.771,2.5432,0.804,2.543,1.233,0.897,esmfold2,msa_nonpairing_loop10_samples200
1j2x,42,4,0.8006,0.7748,3.2605,0.722,3.26,1.662,0.846,esmfold2,msa_nonpairing_loop10_samples200
1j2x,43,0,0.7926,0.7882,3.3689,0.744,3.369,1.433,0.846,esmfold2,msa_nonpairing_loop10_samples200
1j2x,43,1,0.7921,0.7776,3.1397,0.74,3.14,1.52,0.846,esmfold2,msa_nonpairing_loop10_samples200
1j2x,43,2,0.7911,0.7743,6.7737,0.518,6.774,3.277,0.769,esmfold2,msa_nonpairing_loop10_samples200
1j2x,43,3,0.8046,0.7846,4.0493,0.67,4.049,2.049,0.846,esmfold2,msa_nonpairing_loop10_samples200
1j2x,43,4,0.7963,0.7825,4.1756,0.69,4.176,2.084,0.923,esmfold2,msa_nonpairing_loop10_samples200
1j2x,44,0,0.797,0.7775,3.7595,0.696,3.759,1.913,0.872,esmfold2,msa_nonpairing_loop10_samples200
1j2x,44,1,0.8018,0.7823,3.7248,0.674,3.725,1.884,0.795,esmfold2,msa_nonpairing_loop10_samples200
1j2x,44,2,0.8055,0.7853,3.6713,0.688,3.671,1.837,0.821,esmfold2,msa_nonpairing_loop10_samples200
1j2x,44,3,0.7776,0.7636,1.9986,0.801,1.999,1.139,0.821,esmfold2,msa_nonpairing_loop10_samples200
1j2x,44,4,0.7911,0.7743,4.8349,0.625,4.835,2.298,0.821,esmfold2,msa_nonpairing_loop10_samples200
1jd5,42,0,0.9278,0.9611,1.3848,0.937,1.385,0.593,0.973,esmfold2,msa_nonpairing_loop10_samples200
1jd5,42,1,0.9282,0.9606,1.3722,0.941,1.372,0.563,0.973,esmfold2,msa_nonpairing_loop10_samples200
1jd5,42,2,0.9271,0.9609,1.2014,0.956,1.201,0.457,0.973,esmfold2,msa_nonpairing_loop10_samples200
1jd5,42,3,0.9266,0.9607,1.1793,0.946,1.179,0.545,0.973,esmfold2,msa_nonpairing_loop10_samples200
1jd5,42,4,0.9291,0.9625,1.3158,0.947,1.316,0.521,0.973,esmfold2,msa_nonpairing_loop10_samples200
1jd5,43,0,0.925,0.9596,1.2534,0.937,1.253,0.604,0.973,esmfold2,msa_nonpairing_loop10_samples200
1jd5,43,1,0.9278,0.9608,1.1833,0.944,1.183,0.561,0.973,esmfold2,msa_nonpairing_loop10_samples200
1jd5,43,2,0.9254,0.9603,1.0859,0.959,1.086,0.444,0.973,esmfold2,msa_nonpairing_loop10_samples200
1jd5,43,3,0.9265,0.9601,1.4537,0.943,1.454,0.546,0.973,esmfold2,msa_nonpairing_loop10_samples200
1jd5,43,4,0.9263,0.9612,1.2511,0.94,1.251,0.584,0.973,esmfold2,msa_nonpairing_loop10_samples200
1jd5,44,0,0.9259,0.9606,1.132,0.938,1.132,0.606,0.973,esmfold2,msa_nonpairing_loop10_samples200
1jd5,44,1,0.9254,0.9598,1.3654,0.942,1.365,0.56,0.973,esmfold2,msa_nonpairing_loop10_samples200
1jd5,44,2,0.9274,0.9606,1.2379,0.948,1.238,0.525,0.973,esmfold2,msa_nonpairing_loop10_samples200
1jd5,44,3,0.9271,0.9615,1.3571,0.927,1.357,0.671,0.973,esmfold2,msa_nonpairing_loop10_samples200
1jd5,44,4,0.9262,0.9596,1.0973,0.948,1.097,0.536,0.973,esmfold2,msa_nonpairing_loop10_samples200
1jq8,42,0,0.3735,0.3166,11.5708,0.3,11.571,3.125,0.364,esmfold2,msa_nonpairing_loop10_samples200
1jq8,42,1,0.419,0.3949,4.4636,0.598,4.464,1.277,0.432,esmfold2,msa_nonpairing_loop10_samples200
1jq8,42,2,0.4449,0.4208,9.001,0.361,9.001,2.463,0.341,esmfold2,msa_nonpairing_loop10_samples200
1jq8,42,3,0.4219,0.3946,4.0876,0.609,4.088,1.214,0.409,esmfold2,msa_nonpairing_loop10_samples200
1jq8,42,4,0.4476,0.4249,7.5738,0.407,7.574,2.059,0.318,esmfold2,msa_nonpairing_loop10_samples200
1jq8,43,0,0.43,0.4007,5.5035,0.525,5.504,1.553,0.386,esmfold2,msa_nonpairing_loop10_samples200
1jq8,43,1,0.4512,0.4308,9.1741,0.365,9.174,2.474,0.364,esmfold2,msa_nonpairing_loop10_samples200
1jq8,43,2,0.4352,0.4036,7.3422,0.447,7.342,1.999,0.409,esmfold2,msa_nonpairing_loop10_samples200
1jq8,43,3,0.3758,0.3136,10.2157,0.31,10.216,2.783,0.295,esmfold2,msa_nonpairing_loop10_samples200
1jq8,43,4,0.3942,0.3512,10.4125,0.277,10.412,2.782,0.205,esmfold2,msa_nonpairing_loop10_samples200
1jq8,44,0,0.454,0.4322,5.5967,0.492,5.597,1.553,0.295,esmfold2,msa_nonpairing_loop10_samples200
1jq8,44,1,0.4276,0.4088,4.2048,0.624,4.205,1.247,0.477,esmfold2,msa_nonpairing_loop10_samples200
1jq8,44,2,0.4537,0.4335,5.9667,0.519,5.967,1.644,0.432,esmfold2,msa_nonpairing_loop10_samples200
1jq8,44,3,0.4443,0.4188,3.8884,0.644,3.888,1.155,0.477,esmfold2,msa_nonpairing_loop10_samples200
1jq8,44,4,0.4285,0.4111,5.0592,0.527,5.059,1.428,0.318,esmfold2,msa_nonpairing_loop10_samples200
1jw6,42,0,0.38,0.3931,44.6518,0.015,44.652,13.933,0.0,esmfold2,msa_nonpairing_loop10_samples200
1jw6,42,1,0.3548,0.3459,42.6959,0.017,42.696,13.308,0.0,esmfold2,msa_nonpairing_loop10_samples200
1jw6,42,2,0.3728,0.3818,43.7931,0.016,43.793,13.543,0.0,esmfold2,msa_nonpairing_loop10_samples200
1jw6,42,3,0.3217,0.3117,47.093,0.014,47.093,14.565,0.0,esmfold2,msa_nonpairing_loop10_samples200
1jw6,42,4,0.3544,0.3785,45.1411,0.015,45.141,14.047,0.0,esmfold2,msa_nonpairing_loop10_samples200
1jw6,43,0,0.3439,0.3413,46.171,0.015,46.171,14.237,0.0,esmfold2,msa_nonpairing_loop10_samples200
1jw6,43,1,0.3366,0.3618,45.2733,0.015,45.273,13.986,0.0,esmfold2,msa_nonpairing_loop10_samples200
1jw6,43,2,0.3149,0.3121,45.5927,0.015,45.593,14.028,0.0,esmfold2,msa_nonpairing_loop10_samples200
1jw6,43,3,0.3003,0.2856,47.2577,0.014,47.258,14.604,0.0,esmfold2,msa_nonpairing_loop10_samples200
1jw6,43,4,0.3633,0.365,45.0594,0.015,45.059,14.092,0.0,esmfold2,msa_nonpairing_loop10_samples200
1jw6,44,0,0.333,0.3439,45.6768,0.015,45.677,14.124,0.0,esmfold2,msa_nonpairing_loop10_samples200
1jw6,44,1,0.2204,0.0989,12.7128,0.172,12.713,3.714,0.067,esmfold2,msa_nonpairing_loop10_samples200
1jw6,44,2,0.3604,0.3483,43.9751,0.016,43.975,13.642,0.0,esmfold2,msa_nonpairing_loop10_samples200
1jw6,44,3,0.3629,0.3874,45.4621,0.015,45.462,14.202,0.0,esmfold2,msa_nonpairing_loop10_samples200
1jw6,44,4,0.3802,0.3789,42.9884,0.017,42.988,13.431,0.0,esmfold2,msa_nonpairing_loop10_samples200
1l2z,42,0,0.5682,0.384,4.464,0.593,4.464,2.197,0.679,esmfold2,msa_nonpairing_loop10_samples200
1l2z,42,1,0.5739,0.3871,2.6701,0.749,2.67,1.455,0.821,esmfold2,msa_nonpairing_loop10_samples200
1l2z,42,2,0.5846,0.4001,3.1015,0.692,3.101,1.678,0.75,esmfold2,msa_nonpairing_loop10_samples200
1l2z,42,3,0.5731,0.3765,4.1776,0.649,4.178,2.012,0.786,esmfold2,msa_nonpairing_loop10_samples200
1l2z,42,4,0.5704,0.3845,3.6673,0.671,3.667,1.899,0.786,esmfold2,msa_nonpairing_loop10_samples200
1l2z,43,0,0.5735,0.3817,3.6428,0.659,3.643,1.902,0.75,esmfold2,msa_nonpairing_loop10_samples200
1l2z,43,1,0.5803,0.3961,3.5102,0.681,3.51,1.822,0.786,esmfold2,msa_nonpairing_loop10_samples200
1l2z,43,2,0.5725,0.3854,3.4539,0.663,3.454,1.774,0.714,esmfold2,msa_nonpairing_loop10_samples200
1l2z,43,3,0.5689,0.37,3.8904,0.633,3.89,2.006,0.714,esmfold2,msa_nonpairing_loop10_samples200
1l2z,43,4,0.5674,0.3806,4.1205,0.607,4.121,2.127,0.679,esmfold2,msa_nonpairing_loop10_samples200
1l2z,44,0,0.579,0.3932,4.1942,0.633,4.194,2.068,0.75,esmfold2,msa_nonpairing_loop10_samples200
1l2z,44,1,0.5686,0.3791,3.57,0.682,3.57,1.799,0.786,esmfold2,msa_nonpairing_loop10_samples200
1l2z,44,2,0.5714,0.3797,3.3958,0.692,3.396,1.739,0.786,esmfold2,msa_nonpairing_loop10_samples200
1l2z,44,3,0.562,0.3719,4.4116,0.593,4.412,2.23,0.679,esmfold2,msa_nonpairing_loop10_samples200
1l2z,44,4,0.5712,0.3797,3.6274,0.681,3.627,1.792,0.786,esmfold2,msa_nonpairing_loop10_samples200
1lb6,42,0,0.8906,0.9472,0.7259,0.959,0.726,0.38,0.946,esmfold2,msa_nonpairing_loop10_samples200
1lb6,42,1,0.8905,0.9452,0.8007,0.96,0.801,0.374,0.946,esmfold2,msa_nonpairing_loop10_samples200
1lb6,42,2,0.8925,0.9489,0.8627,0.957,0.863,0.393,0.946,esmfold2,msa_nonpairing_loop10_samples200
1lb6,42,3,0.8851,0.9431,0.7487,0.956,0.749,0.408,0.946,esmfold2,msa_nonpairing_loop10_samples200
1lb6,42,4,0.89,0.9465,0.8381,0.958,0.838,0.389,0.946,esmfold2,msa_nonpairing_loop10_samples200
1lb6,43,0,0.8927,0.9466,0.6429,0.972,0.643,0.351,0.973,esmfold2,msa_nonpairing_loop10_samples200
1lb6,43,1,0.8928,0.9487,0.713,0.97,0.713,0.364,0.973,esmfold2,msa_nonpairing_loop10_samples200
1lb6,43,2,0.8897,0.9466,0.8573,0.959,0.857,0.378,0.946,esmfold2,msa_nonpairing_loop10_samples200
1lb6,43,3,0.8925,0.9475,0.7011,0.97,0.701,0.367,0.973,esmfold2,msa_nonpairing_loop10_samples200
1lb6,43,4,0.8934,0.9492,0.7829,0.96,0.783,0.368,0.946,esmfold2,msa_nonpairing_loop10_samples200
1lb6,44,0,0.8908,0.948,0.8832,0.957,0.883,0.39,0.946,esmfold2,msa_nonpairing_loop10_samples200
1lb6,44,1,0.8881,0.9435,0.8264,0.955,0.826,0.421,0.946,esmfold2,msa_nonpairing_loop10_samples200
1lb6,44,2,0.8905,0.946,0.7984,0.962,0.798,0.347,0.946,esmfold2,msa_nonpairing_loop10_samples200
1lb6,44,3,0.8902,0.9468,0.6042,0.963,0.604,0.349,0.946,esmfold2,msa_nonpairing_loop10_samples200
1lb6,44,4,0.8845,0.9417,0.9933,0.957,0.993,0.381,0.946,esmfold2,msa_nonpairing_loop10_samples200
1mf4,42,0,0.4644,0.4492,6.4098,0.488,6.41,1.742,0.4,esmfold2,msa_nonpairing_loop10_samples200
1mf4,42,1,0.4543,0.4525,7.7391,0.448,7.739,2.089,0.457,esmfold2,msa_nonpairing_loop10_samples200
1mf4,42,2,0.4698,0.4682,5.6116,0.549,5.612,1.524,0.457,esmfold2,msa_nonpairing_loop10_samples200
1mf4,42,3,0.4175,0.4078,4.0247,0.689,4.025,1.103,0.6,esmfold2,msa_nonpairing_loop10_samples200
1mf4,42,4,0.4399,0.42,8.742,0.393,8.742,2.338,0.4,esmfold2,msa_nonpairing_loop10_samples200
1mf4,43,0,0.4186,0.3784,3.5955,0.766,3.595,0.967,0.743,esmfold2,msa_nonpairing_loop10_samples200
1mf4,43,1,0.4298,0.419,6.4418,0.55,6.442,1.784,0.6,esmfold2,msa_nonpairing_loop10_samples200
1mf4,43,2,0.3533,0.334,6.8398,0.463,6.84,1.793,0.371,esmfold2,msa_nonpairing_loop10_samples200
1mf4,43,3,0.4165,0.4162,4.3324,0.66,4.332,1.188,0.571,esmfold2,msa_nonpairing_loop10_samples200
1mf4,43,4,0.42,0.3954,3.1304,0.782,3.13,0.862,0.714,esmfold2,msa_nonpairing_loop10_samples200
1mf4,44,0,0.3443,0.2934,9.9294,0.335,9.929,2.665,0.343,esmfold2,msa_nonpairing_loop10_samples200
1mf4,44,1,0.4482,0.4422,5.7118,0.516,5.712,1.539,0.371,esmfold2,msa_nonpairing_loop10_samples200
1mf4,44,2,0.438,0.438,3.834,0.7,3.834,1.053,0.6,esmfold2,msa_nonpairing_loop10_samples200
1mf4,44,3,0.4809,0.4599,5.6497,0.565,5.65,1.539,0.514,esmfold2,msa_nonpairing_loop10_samples200
1mf4,44,4,0.4728,0.468,6.7735,0.49,6.773,1.836,0.457,esmfold2,msa_nonpairing_loop10_samples200
1mv0,42,0,0.5317,0.3655,7.6473,0.349,7.647,3.338,0.326,esmfold2,msa_nonpairing_loop10_samples200
1mv0,42,1,0.5193,0.3532,7.3135,0.377,7.313,3.149,0.372,esmfold2,msa_nonpairing_loop10_samples200
1mv0,42,2,0.5227,0.3549,7.1728,0.363,7.173,3.215,0.326,esmfold2,msa_nonpairing_loop10_samples200
1mv0,42,3,0.5227,0.3516,10.576,0.288,10.576,4.522,0.372,esmfold2,msa_nonpairing_loop10_samples200
1mv0,42,4,0.5254,0.3572,9.0086,0.325,9.009,3.862,0.372,esmfold2,msa_nonpairing_loop10_samples200
1mv0,43,0,0.5194,0.3424,4.6572,0.526,4.657,2.076,0.465,esmfold2,msa_nonpairing_loop10_samples200
1mv0,43,1,0.5296,0.3613,7.1442,0.399,7.144,3.077,0.419,esmfold2,msa_nonpairing_loop10_samples200
1mv0,43,2,0.4883,0.3219,8.9056,0.315,8.906,3.659,0.326,esmfold2,msa_nonpairing_loop10_samples200
1mv0,43,3,0.5275,0.3653,7.4678,0.369,7.468,3.313,0.372,esmfold2,msa_nonpairing_loop10_samples200
1mv0,43,4,0.5146,0.343,7.0865,0.391,7.087,3.128,0.395,esmfold2,msa_nonpairing_loop10_samples200
1mv0,44,0,0.5178,0.3521,8.2322,0.363,8.232,3.496,0.419,esmfold2,msa_nonpairing_loop10_samples200
1mv0,44,1,0.5202,0.3529,4.9145,0.496,4.914,2.193,0.419,esmfold2,msa_nonpairing_loop10_samples200
1mv0,44,2,0.5109,0.339,3.8091,0.555,3.809,1.965,0.465,esmfold2,msa_nonpairing_loop10_samples200
1mv0,44,3,0.5306,0.3661,9.9454,0.294,9.945,4.224,0.349,esmfold2,msa_nonpairing_loop10_samples200
1mv0,44,4,0.5238,0.3501,4.9524,0.509,4.952,2.216,0.465,esmfold2,msa_nonpairing_loop10_samples200
1nrl,42,0,0.9065,0.9758,4.1836,0.897,4.184,0.535,1.0,esmfold2,msa_nonpairing_loop10_samples200
1nrl,42,1,0.9061,0.9751,0.7404,0.964,0.74,0.498,1.0,esmfold2,msa_nonpairing_loop10_samples200
1nrl,42,2,0.9085,0.9761,0.6685,0.957,0.668,0.494,0.974,esmfold2,msa_nonpairing_loop10_samples200
1nrl,42,3,0.9081,0.9757,0.7545,0.949,0.755,0.55,0.974,esmfold2,msa_nonpairing_loop10_samples200
1nrl,42,4,0.9056,0.9746,0.83,0.961,0.83,0.524,1.0,esmfold2,msa_nonpairing_loop10_samples200
1nrl,43,0,0.9073,0.976,0.7547,0.944,0.755,0.656,1.0,esmfold2,msa_nonpairing_loop10_samples200
1nrl,43,1,0.9076,0.9754,0.7361,0.936,0.736,0.587,0.947,esmfold2,msa_nonpairing_loop10_samples200
1nrl,43,2,0.9069,0.9753,0.6965,0.952,0.696,0.457,0.947,esmfold2,msa_nonpairing_loop10_samples200
1nrl,43,3,0.9065,0.975,0.7448,0.936,0.745,0.513,0.921,esmfold2,msa_nonpairing_loop10_samples200
1nrl,43,4,0.9057,0.9744,0.8375,0.943,0.838,0.527,0.947,esmfold2,msa_nonpairing_loop10_samples200
1nrl,44,0,0.9065,0.9754,0.7677,0.966,0.768,0.479,1.0,esmfold2,msa_nonpairing_loop10_samples200
1nrl,44,1,0.9067,0.9755,0.7395,0.942,0.74,0.605,0.974,esmfold2,msa_nonpairing_loop10_samples200
1nrl,44,2,0.9081,0.9762,0.6291,0.961,0.629,0.456,0.974,esmfold2,msa_nonpairing_loop10_samples200
1nrl,44,3,0.9073,0.976,0.6598,0.961,0.66,0.452,0.974,esmfold2,msa_nonpairing_loop10_samples200
1nrl,44,4,0.9076,0.9756,0.7474,0.956,0.747,0.564,1.0,esmfold2,msa_nonpairing_loop10_samples200
1nvq,42,0,0.5039,0.4846,0.9392,0.952,0.939,0.473,0.96,esmfold2,msa_nonpairing_loop10_samples200
1nvq,42,1,0.4875,0.4915,1.4838,0.902,1.484,0.613,0.88,esmfold2,msa_nonpairing_loop10_samples200
1nvq,42,2,0.1733,0.0959,37.6837,0.021,37.684,11.841,0.0,esmfold2,msa_nonpairing_loop10_samples200
1nvq,42,3,0.4786,0.4644,0.914,0.94,0.914,0.471,0.92,esmfold2,msa_nonpairing_loop10_samples200
1nvq,42,4,0.4982,0.4843,0.9488,0.946,0.949,0.529,0.96,esmfold2,msa_nonpairing_loop10_samples200
1nvq,43,0,0.4917,0.4857,1.0459,0.939,1.046,0.47,0.92,esmfold2,msa_nonpairing_loop10_samples200
1nvq,43,1,0.4762,0.4759,1.2128,0.915,1.213,0.54,0.88,esmfold2,msa_nonpairing_loop10_samples200
1nvq,43,2,0.5056,0.5059,1.0394,0.925,1.039,0.468,0.88,esmfold2,msa_nonpairing_loop10_samples200
1nvq,43,3,0.4818,0.4785,1.0999,0.91,1.1,0.478,0.84,esmfold2,msa_nonpairing_loop10_samples200
1nvq,43,4,0.2602,0.169,20.1277,0.067,20.128,6.508,0.0,esmfold2,msa_nonpairing_loop10_samples200
1nvq,44,0,0.4911,0.4782,1.0924,0.94,1.092,0.452,0.92,esmfold2,msa_nonpairing_loop10_samples200
1nvq,44,1,0.4721,0.4614,1.1527,0.922,1.153,0.487,0.88,esmfold2,msa_nonpairing_loop10_samples200
1nvq,44,2,0.4797,0.4752,1.1189,0.917,1.119,0.53,0.88,esmfold2,msa_nonpairing_loop10_samples200
1nvq,44,3,0.4801,0.4797,1.3668,0.911,1.367,0.558,0.88,esmfold2,msa_nonpairing_loop10_samples200
1nvq,44,4,0.2596,0.1666,20.6836,0.063,20.684,6.905,0.0,esmfold2,msa_nonpairing_loop10_samples200
1o0p,42,0,0.5176,0.4009,6.3521,0.49,6.352,2.583,0.575,esmfold2,msa_nonpairing_loop10_samples200
1o0p,42,1,0.5027,0.3994,6.4062,0.473,6.406,2.724,0.55,esmfold2,msa_nonpairing_loop10_samples200
1o0p,42,2,0.5055,0.4038,6.5769,0.468,6.577,2.961,0.575,esmfold2,msa_nonpairing_loop10_samples200
1o0p,42,3,0.4971,0.3904,9.9297,0.344,9.93,4.309,0.5,esmfold2,msa_nonpairing_loop10_samples200
1o0p,42,4,0.5007,0.4061,8.6683,0.379,8.668,3.622,0.5,esmfold2,msa_nonpairing_loop10_samples200
1o0p,43,0,0.4994,0.4026,10.1956,0.331,10.196,4.335,0.475,esmfold2,msa_nonpairing_loop10_samples200
1o0p,43,1,0.5099,0.4164,7.0737,0.43,7.074,2.994,0.5,esmfold2,msa_nonpairing_loop10_samples200
1o0p,43,2,0.5151,0.3981,5.8436,0.491,5.844,2.47,0.525,esmfold2,msa_nonpairing_loop10_samples200
1o0p,43,3,0.5072,0.3992,8.5413,0.379,8.541,3.712,0.5,esmfold2,msa_nonpairing_loop10_samples200
1o0p,43,4,0.5017,0.3989,6.9355,0.457,6.935,3.041,0.575,esmfold2,msa_nonpairing_loop10_samples200
1o0p,44,0,0.5061,0.4026,6.8777,0.456,6.878,3.103,0.575,esmfold2,msa_nonpairing_loop10_samples200
1o0p,44,1,0.4916,0.3906,6.8529,0.443,6.853,3.007,0.525,esmfold2,msa_nonpairing_loop10_samples200
1o0p,44,2,0.5026,0.4164,5.4764,0.533,5.476,2.338,0.6,esmfold2,msa_nonpairing_loop10_samples200
1o0p,44,3,0.4908,0.3852,8.0182,0.396,8.018,3.449,0.5,esmfold2,msa_nonpairing_loop10_samples200
1o0p,44,4,0.5001,0.3958,5.3657,0.521,5.366,2.171,0.525,esmfold2,msa_nonpairing_loop10_samples200
1p7v,42,0,0.431,0.548,4.6607,0.651,4.661,1.298,0.612,esmfold2,msa_nonpairing_loop10_samples200
1p7v,42,1,0.404,0.5137,3.8195,0.703,3.819,1.064,0.612,esmfold2,msa_nonpairing_loop10_samples200
1p7v,42,2,0.4826,0.5991,4.7464,0.639,4.746,1.323,0.592,esmfold2,msa_nonpairing_loop10_samples200
1p7v,42,3,0.39,0.4998,6.0915,0.471,6.091,1.674,0.306,esmfold2,msa_nonpairing_loop10_samples200
1p7v,42,4,0.3848,0.4778,11.3229,0.288,11.323,3.227,0.327,esmfold2,msa_nonpairing_loop10_samples200
1p7v,43,0,0.4699,0.5853,4.223,0.678,4.223,1.175,0.612,esmfold2,msa_nonpairing_loop10_samples200
1p7v,43,1,0.4851,0.6001,4.2588,0.668,4.259,1.19,0.592,esmfold2,msa_nonpairing_loop10_samples200
1p7v,43,2,0.4048,0.519,3.1936,0.741,3.194,0.905,0.612,esmfold2,msa_nonpairing_loop10_samples200
1p7v,43,3,0.4225,0.5254,4.1582,0.674,4.158,1.165,0.592,esmfold2,msa_nonpairing_loop10_samples200
1p7v,43,4,0.3504,0.452,6.2241,0.47,6.224,1.721,0.327,esmfold2,msa_nonpairing_loop10_samples200
1p7v,44,0,0.3734,0.4939,5.1978,0.544,5.198,1.452,0.388,esmfold2,msa_nonpairing_loop10_samples200
1p7v,44,1,0.4786,0.5907,4.5763,0.648,4.576,1.282,0.592,esmfold2,msa_nonpairing_loop10_samples200
1p7v,44,2,0.3413,0.4576,7.7125,0.367,7.713,2.141,0.224,esmfold2,msa_nonpairing_loop10_samples200
1p7v,44,3,0.4509,0.5622,5.101,0.611,5.101,1.421,0.571,esmfold2,msa_nonpairing_loop10_samples200
1p7v,44,4,0.3613,0.4646,6.1126,0.489,6.113,1.694,0.367,esmfold2,msa_nonpairing_loop10_samples200
1pmx,42,0,0.7523,0.6677,4.3133,0.737,4.313,1.253,0.826,esmfold2,msa_nonpairing_loop10_samples200
1pmx,42,1,0.7494,0.6615,3.5052,0.71,3.505,1.666,0.826,esmfold2,msa_nonpairing_loop10_samples200
1pmx,42,2,0.7529,0.6636,2.7502,0.725,2.75,1.536,0.783,esmfold2,msa_nonpairing_loop10_samples200
1pmx,42,3,0.7078,0.5737,4.3692,0.748,4.369,1.266,0.87,esmfold2,msa_nonpairing_loop10_samples200
1pmx,42,4,0.7374,0.6491,3.028,0.78,3.028,1.265,0.87,esmfold2,msa_nonpairing_loop10_samples200
1pmx,43,0,0.7458,0.6529,5.8309,0.676,5.831,1.563,0.87,esmfold2,msa_nonpairing_loop10_samples200
1pmx,43,1,0.7415,0.6467,3.253,0.721,3.253,1.476,0.783,esmfold2,msa_nonpairing_loop10_samples200
1pmx,43,2,0.7459,0.6625,4.207,0.662,4.207,2.011,0.826,esmfold2,msa_nonpairing_loop10_samples200
1pmx,43,3,0.7519,0.6649,4.3438,0.704,4.344,1.521,0.826,esmfold2,msa_nonpairing_loop10_samples200
1pmx,43,4,0.7487,0.6592,3.3129,0.779,3.313,1.225,0.87,esmfold2,msa_nonpairing_loop10_samples200
1pmx,44,0,0.7545,0.6642,3.3094,0.722,3.309,1.59,0.826,esmfold2,msa_nonpairing_loop10_samples200
1pmx,44,1,0.7385,0.6412,3.2728,0.742,3.273,1.411,0.826,esmfold2,msa_nonpairing_loop10_samples200
1pmx,44,2,0.7278,0.6231,3.7314,0.719,3.731,1.274,0.739,esmfold2,msa_nonpairing_loop10_samples200
1pmx,44,3,0.7526,0.6646,3.6326,0.755,3.633,1.242,0.826,esmfold2,msa_nonpairing_loop10_samples200
1pmx,44,4,0.754,0.6669,4.0574,0.704,4.057,1.46,0.783,esmfold2,msa_nonpairing_loop10_samples200
1r17,42,0,0.8997,0.9724,0.5997,0.935,0.6,0.699,0.988,esmfold2,msa_nonpairing_loop10_samples200
1r17,42,1,0.9024,0.9734,0.6158,0.933,0.616,0.737,1.0,esmfold2,msa_nonpairing_loop10_samples200
1r17,42,2,0.8917,0.9687,0.6733,0.902,0.673,0.842,0.953,esmfold2,msa_nonpairing_loop10_samples200
1r17,42,3,0.8972,0.9707,0.6181,0.938,0.618,0.675,0.988,esmfold2,msa_nonpairing_loop10_samples200
1r17,42,4,0.9,0.9723,0.5957,0.928,0.596,0.749,0.988,esmfold2,msa_nonpairing_loop10_samples200
1r17,43,0,0.8893,0.9681,0.6843,0.923,0.684,0.781,0.988,esmfold2,msa_nonpairing_loop10_samples200
1r17,43,1,0.8982,0.9713,0.6603,0.915,0.66,0.807,0.976,esmfold2,msa_nonpairing_loop10_samples200
1r17,43,2,0.8985,0.972,0.739,0.933,0.739,0.707,0.988,esmfold2,msa_nonpairing_loop10_samples200
1r17,43,3,0.8985,0.9722,0.5756,0.939,0.576,0.7,1.0,esmfold2,msa_nonpairing_loop10_samples200
1r17,43,4,0.901,0.9726,0.7535,0.931,0.753,0.723,0.988,esmfold2,msa_nonpairing_loop10_samples200
1r17,44,0,0.8983,0.9728,0.5713,0.931,0.571,0.728,0.988,esmfold2,msa_nonpairing_loop10_samples200
1r17,44,1,0.9011,0.9728,0.5133,0.943,0.513,0.671,1.0,esmfold2,msa_nonpairing_loop10_samples200
1r17,44,2,0.9007,0.9728,0.6119,0.885,0.612,1.045,0.988,esmfold2,msa_nonpairing_loop10_samples200
1r17,44,3,0.8996,0.9721,0.5691,0.934,0.569,0.734,1.0,esmfold2,msa_nonpairing_loop10_samples200
1r17,44,4,0.8995,0.9719,0.6063,0.928,0.606,0.775,1.0,esmfold2,msa_nonpairing_loop10_samples200
1rxz,42,0,0.861,0.9557,0.8509,0.915,0.851,0.679,0.926,esmfold2,msa_nonpairing_loop10_samples200
1rxz,42,1,0.8568,0.9535,0.9629,0.903,0.963,0.675,0.889,esmfold2,msa_nonpairing_loop10_samples200
1rxz,42,2,0.859,0.954,0.9407,0.886,0.941,0.75,0.87,esmfold2,msa_nonpairing_loop10_samples200
1rxz,42,3,0.8594,0.9539,1.0151,0.901,1.015,0.728,0.907,esmfold2,msa_nonpairing_loop10_samples200
1rxz,42,4,0.8613,0.9561,0.9932,0.905,0.993,0.658,0.889,esmfold2,msa_nonpairing_loop10_samples200
1rxz,43,0,0.8627,0.9572,1.2806,0.882,1.281,0.756,0.87,esmfold2,msa_nonpairing_loop10_samples200
1rxz,43,1,0.8475,0.9501,1.124,0.907,1.124,0.677,0.907,esmfold2,msa_nonpairing_loop10_samples200
1rxz,43,2,0.8546,0.9526,1.1196,0.904,1.12,0.743,0.926,esmfold2,msa_nonpairing_loop10_samples200
1rxz,43,3,0.8595,0.9563,1.3422,0.889,1.342,0.875,0.944,esmfold2,msa_nonpairing_loop10_samples200
1rxz,43,4,0.8551,0.9524,1.2827,0.893,1.283,0.847,0.944,esmfold2,msa_nonpairing_loop10_samples200
1rxz,44,0,0.8562,0.9537,1.1085,0.9,1.109,0.727,0.907,esmfold2,msa_nonpairing_loop10_samples200
1rxz,44,1,0.8627,0.9561,1.0839,0.901,1.084,0.767,0.926,esmfold2,msa_nonpairing_loop10_samples200
1rxz,44,2,0.8608,0.9553,0.9433,0.906,0.943,0.741,0.926,esmfold2,msa_nonpairing_loop10_samples200
1rxz,44,3,0.8585,0.9561,1.103,0.891,1.103,0.874,0.944,esmfold2,msa_nonpairing_loop10_samples200
1rxz,44,4,0.8611,0.9565,0.8632,0.908,0.863,0.685,0.907,esmfold2,msa_nonpairing_loop10_samples200
1t74,42,0,0.7892,0.8961,1.4131,0.907,1.413,0.523,0.857,esmfold2,msa_nonpairing_loop10_samples200
1t74,42,1,0.777,0.8854,1.6645,0.881,1.665,0.606,0.821,esmfold2,msa_nonpairing_loop10_samples200
1t74,42,2,0.7837,0.8925,1.4603,0.905,1.46,0.536,0.857,esmfold2,msa_nonpairing_loop10_samples200
1t74,42,3,0.7734,0.8846,1.1203,0.942,1.12,0.463,0.929,esmfold2,msa_nonpairing_loop10_samples200
1t74,42,4,0.7815,0.8894,1.4919,0.929,1.492,0.536,0.929,esmfold2,msa_nonpairing_loop10_samples200
1t74,43,0,0.7733,0.8825,1.806,0.873,1.806,0.65,0.821,esmfold2,msa_nonpairing_loop10_samples200
1t74,43,1,0.7752,0.8848,1.6453,0.884,1.645,0.587,0.821,esmfold2,msa_nonpairing_loop10_samples200
1t74,43,2,0.7866,0.8946,1.4779,0.919,1.478,0.519,0.893,esmfold2,msa_nonpairing_loop10_samples200
1t74,43,3,0.783,0.8912,1.3659,0.897,1.366,0.516,0.821,esmfold2,msa_nonpairing_loop10_samples200
1t74,43,4,0.7499,0.8633,0.7838,0.956,0.784,0.352,0.929,esmfold2,msa_nonpairing_loop10_samples200
1t74,44,0,0.779,0.8905,1.6896,0.893,1.69,0.607,0.857,esmfold2,msa_nonpairing_loop10_samples200
1t74,44,1,0.786,0.8944,1.5368,0.885,1.537,0.595,0.821,esmfold2,msa_nonpairing_loop10_samples200
1t74,44,2,0.7778,0.8867,1.9922,0.862,1.992,0.712,0.821,esmfold2,msa_nonpairing_loop10_samples200
1t74,44,3,0.7848,0.8952,1.4936,0.89,1.494,0.555,0.821,esmfold2,msa_nonpairing_loop10_samples200
1t74,44,4,0.7726,0.8813,1.1441,0.944,1.144,0.441,0.929,esmfold2,msa_nonpairing_loop10_samples200
1v1t,42,0,0.8721,0.9246,1.2498,0.967,1.25,0.433,1.0,esmfold2,msa_nonpairing_loop10_samples200
1v1t,42,1,0.8831,0.934,0.8915,0.963,0.892,0.379,0.96,esmfold2,msa_nonpairing_loop10_samples200
1v1t,42,2,0.8821,0.9324,1.2305,0.971,1.23,0.399,1.0,esmfold2,msa_nonpairing_loop10_samples200
1v1t,42,3,0.8865,0.9388,0.6588,0.982,0.659,0.341,1.0,esmfold2,msa_nonpairing_loop10_samples200
1v1t,42,4,0.8855,0.9397,0.6847,0.978,0.685,0.374,1.0,esmfold2,msa_nonpairing_loop10_samples200
1v1t,43,0,0.8638,0.9187,0.7407,0.963,0.741,0.387,0.96,esmfold2,msa_nonpairing_loop10_samples200
1v1t,43,1,0.888,0.9383,0.7904,0.963,0.79,0.392,0.96,esmfold2,msa_nonpairing_loop10_samples200
1v1t,43,2,0.8838,0.9385,0.5065,0.984,0.506,0.319,1.0,esmfold2,msa_nonpairing_loop10_samples200
1v1t,43,3,0.8872,0.9402,0.6536,0.983,0.654,0.326,1.0,esmfold2,msa_nonpairing_loop10_samples200
1v1t,43,4,0.8607,0.9109,0.8081,0.98,0.808,0.344,1.0,esmfold2,msa_nonpairing_loop10_samples200
1v1t,44,0,0.8673,0.9207,0.8378,0.974,0.838,0.407,1.0,esmfold2,msa_nonpairing_loop10_samples200
1v1t,44,1,0.8727,0.9246,0.6421,0.964,0.642,0.385,0.96,esmfold2,msa_nonpairing_loop10_samples200
1v1t,44,2,0.8696,0.9235,0.9397,0.973,0.94,0.404,1.0,esmfold2,msa_nonpairing_loop10_samples200
1v1t,44,3,0.8823,0.936,0.6751,0.964,0.675,0.382,0.96,esmfold2,msa_nonpairing_loop10_samples200
1v1t,44,4,0.8781,0.9292,0.6617,0.968,0.662,0.343,0.96,esmfold2,msa_nonpairing_loop10_samples200
1w80,42,0,0.8597,0.924,1.5116,0.931,1.512,0.6,0.962,esmfold2,msa_nonpairing_loop10_samples200
1w80,42,1,0.8531,0.9179,1.3369,0.925,1.337,0.563,0.923,esmfold2,msa_nonpairing_loop10_samples200
1w80,42,2,0.8604,0.9228,1.7491,0.909,1.749,0.643,0.923,esmfold2,msa_nonpairing_loop10_samples200
1w80,42,3,0.8605,0.9229,1.5709,0.917,1.571,0.6,0.923,esmfold2,msa_nonpairing_loop10_samples200
1w80,42,4,0.8598,0.9239,1.6108,0.925,1.611,0.635,0.962,esmfold2,msa_nonpairing_loop10_samples200
1w80,43,0,0.8592,0.9227,1.6148,0.925,1.615,0.632,0.962,esmfold2,msa_nonpairing_loop10_samples200
1w80,43,1,0.8575,0.9225,1.3951,0.936,1.395,0.572,0.962,esmfold2,msa_nonpairing_loop10_samples200
1w80,43,2,0.8588,0.9226,1.7132,0.923,1.713,0.642,0.962,esmfold2,msa_nonpairing_loop10_samples200
1w80,43,3,0.8397,0.9089,1.2553,0.949,1.255,0.481,0.962,esmfold2,msa_nonpairing_loop10_samples200
1w80,43,4,0.8595,0.9224,1.5619,0.916,1.562,0.612,0.923,esmfold2,msa_nonpairing_loop10_samples200
1w80,44,0,0.8575,0.9201,1.5943,0.926,1.594,0.626,0.962,esmfold2,msa_nonpairing_loop10_samples200
1w80,44,1,0.8599,0.9232,1.7219,0.921,1.722,0.652,0.962,esmfold2,msa_nonpairing_loop10_samples200
1w80,44,2,0.8582,0.9227,1.6101,0.915,1.61,0.612,0.923,esmfold2,msa_nonpairing_loop10_samples200
1w80,44,3,0.8603,0.9242,1.6658,0.92,1.666,0.669,0.962,esmfold2,msa_nonpairing_loop10_samples200
1w80,44,4,0.8613,0.9243,1.6942,0.923,1.694,0.642,0.962,esmfold2,msa_nonpairing_loop10_samples200
1yfn,42,0,0.6114,0.6738,7.1389,0.471,7.139,3.153,0.642,esmfold2,msa_nonpairing_loop10_samples200
1yfn,42,1,0.6092,0.6858,6.8509,0.453,6.851,2.94,0.547,esmfold2,msa_nonpairing_loop10_samples200
1yfn,42,2,0.797,0.8383,2.9182,0.785,2.918,1.342,0.906,esmfold2,msa_nonpairing_loop10_samples200
1yfn,42,3,0.8375,0.8653,3.1183,0.796,3.118,1.32,0.943,esmfold2,msa_nonpairing_loop10_samples200
1yfn,42,4,0.5941,0.676,2.3171,0.8,2.317,1.034,0.792,esmfold2,msa_nonpairing_loop10_samples200
1yfn,43,0,0.6016,0.7185,6.594,0.472,6.594,2.945,0.585,esmfold2,msa_nonpairing_loop10_samples200
1yfn,43,1,0.8146,0.8428,2.0656,0.865,2.066,0.879,0.906,esmfold2,msa_nonpairing_loop10_samples200
1yfn,43,2,0.8069,0.8324,2.8652,0.772,2.865,1.256,0.83,esmfold2,msa_nonpairing_loop10_samples200
1yfn,43,3,0.8161,0.8396,3.0236,0.781,3.024,1.361,0.906,esmfold2,msa_nonpairing_loop10_samples200
1yfn,43,4,0.6095,0.6901,3.6367,0.635,3.637,1.705,0.623,esmfold2,msa_nonpairing_loop10_samples200
1yfn,44,0,0.6029,0.6889,4.0886,0.624,4.089,1.918,0.679,esmfold2,msa_nonpairing_loop10_samples200
1yfn,44,1,0.625,0.7242,6.1955,0.496,6.196,2.741,0.604,esmfold2,msa_nonpairing_loop10_samples200
1yfn,44,2,0.6013,0.7004,2.9323,0.737,2.932,1.372,0.774,esmfold2,msa_nonpairing_loop10_samples200
1yfn,44,3,0.608,0.6848,2.7663,0.714,2.766,1.331,0.679,esmfold2,msa_nonpairing_loop10_samples200
1yfn,44,4,0.6115,0.7064,3.9626,0.61,3.963,1.887,0.623,esmfold2,msa_nonpairing_loop10_samples200
1ywi,42,0,0.9121,0.7073,1.4514,0.833,1.451,1.014,0.842,esmfold2,msa_nonpairing_loop10_samples200
1ywi,42,1,0.9085,0.6985,1.2621,0.863,1.262,0.943,0.895,esmfold2,msa_nonpairing_loop10_samples200
1ywi,42,2,0.913,0.7068,1.4641,0.835,1.464,1.002,0.842,esmfold2,msa_nonpairing_loop10_samples200
1ywi,42,3,0.9104,0.7021,1.1035,0.868,1.103,0.923,0.895,esmfold2,msa_nonpairing_loop10_samples200
1ywi,42,4,0.9127,0.7075,1.408,0.835,1.408,1.005,0.842,esmfold2,msa_nonpairing_loop10_samples200
1ywi,43,0,0.9119,0.7051,1.4001,0.834,1.4,1.017,0.842,esmfold2,msa_nonpairing_loop10_samples200
1ywi,43,1,0.9128,0.7067,1.3361,0.86,1.336,0.96,0.895,esmfold2,msa_nonpairing_loop10_samples200
1ywi,43,2,0.9093,0.6987,1.2706,0.858,1.271,0.977,0.895,esmfold2,msa_nonpairing_loop10_samples200
1ywi,43,3,0.911,0.7018,1.363,0.861,1.363,0.954,0.895,esmfold2,msa_nonpairing_loop10_samples200
1ywi,43,4,0.9115,0.7045,1.1838,0.865,1.184,0.936,0.895,esmfold2,msa_nonpairing_loop10_samples200
1ywi,44,0,0.9138,0.7066,1.3117,0.862,1.312,0.947,0.895,esmfold2,msa_nonpairing_loop10_samples200
1ywi,44,1,0.9092,0.6991,1.1935,0.866,1.194,0.931,0.895,esmfold2,msa_nonpairing_loop10_samples200
1ywi,44,2,0.9024,0.6916,1.4386,0.85,1.439,1.02,0.895,esmfold2,msa_nonpairing_loop10_samples200
1ywi,44,3,0.9121,0.7046,1.2398,0.859,1.24,0.977,0.895,esmfold2,msa_nonpairing_loop10_samples200
1ywi,44,4,0.9087,0.7049,1.3679,0.854,1.368,1.002,0.895,esmfold2,msa_nonpairing_loop10_samples200
1ywo,42,0,0.8373,0.7791,1.2316,0.936,1.232,0.583,0.96,esmfold2,msa_nonpairing_loop10_samples200
1ywo,42,1,0.8333,0.7755,1.0105,0.95,1.01,0.488,0.96,esmfold2,msa_nonpairing_loop10_samples200
1ywo,42,2,0.8435,0.7916,1.1311,0.939,1.131,0.567,0.96,esmfold2,msa_nonpairing_loop10_samples200
1ywo,42,3,0.7892,0.6851,3.3617,0.778,3.362,1.475,0.96,esmfold2,msa_nonpairing_loop10_samples200
1ywo,42,4,0.8429,0.7896,1.2083,0.937,1.208,0.582,0.96,esmfold2,msa_nonpairing_loop10_samples200
1ywo,43,0,0.8269,0.7594,1.5646,0.91,1.565,0.747,0.96,esmfold2,msa_nonpairing_loop10_samples200
1ywo,43,1,0.837,0.7763,1.4747,0.921,1.475,0.672,0.96,esmfold2,msa_nonpairing_loop10_samples200
1ywo,43,2,0.8436,0.7891,1.0742,0.945,1.074,0.525,0.96,esmfold2,msa_nonpairing_loop10_samples200
1ywo,43,3,0.8346,0.7721,1.5958,0.911,1.596,0.735,0.96,esmfold2,msa_nonpairing_loop10_samples200
1ywo,43,4,0.8448,0.7917,1.1921,0.937,1.192,0.578,0.96,esmfold2,msa_nonpairing_loop10_samples200
1ywo,44,0,0.839,0.7826,1.1103,0.943,1.11,0.539,0.96,esmfold2,msa_nonpairing_loop10_samples200
1ywo,44,1,0.8444,0.793,1.1299,0.941,1.13,0.553,0.96,esmfold2,msa_nonpairing_loop10_samples200
1ywo,44,2,0.8479,0.7962,1.5145,0.916,1.515,0.706,0.96,esmfold2,msa_nonpairing_loop10_samples200
1ywo,44,3,0.8373,0.7838,1.0946,0.944,1.095,0.536,0.96,esmfold2,msa_nonpairing_loop10_samples200
1ywo,44,4,0.8447,0.7918,1.1216,0.941,1.122,0.55,0.96,esmfold2,msa_nonpairing_loop10_samples200
1yy6,42,0,0.9393,0.9694,0.4374,0.901,0.437,0.835,0.941,esmfold2,msa_nonpairing_loop10_samples200
1yy6,42,1,0.9389,0.9691,0.4878,0.891,0.488,0.833,0.912,esmfold2,msa_nonpairing_loop10_samples200
1yy6,42,2,0.9304,0.9596,0.9718,0.871,0.972,0.88,0.882,esmfold2,msa_nonpairing_loop10_samples200
1yy6,42,3,0.9401,0.9696,0.422,0.893,0.422,0.817,0.912,esmfold2,msa_nonpairing_loop10_samples200
1yy6,42,4,0.9385,0.9682,0.5116,0.882,0.512,0.827,0.882,esmfold2,msa_nonpairing_loop10_samples200
1yy6,43,0,0.938,0.9683,0.4251,0.881,0.425,0.833,0.882,esmfold2,msa_nonpairing_loop10_samples200
1yy6,43,1,0.9377,0.9677,0.6015,0.904,0.601,0.804,0.941,esmfold2,msa_nonpairing_loop10_samples200
1yy6,43,2,0.9381,0.9674,0.7261,0.88,0.726,0.829,0.882,esmfold2,msa_nonpairing_loop10_samples200
1yy6,43,3,0.9295,0.9596,0.9956,0.881,0.996,0.878,0.912,esmfold2,msa_nonpairing_loop10_samples200
1yy6,43,4,0.9388,0.9697,0.3828,0.9,0.383,0.774,0.912,esmfold2,msa_nonpairing_loop10_samples200
1yy6,44,0,0.9391,0.9684,0.6679,0.877,0.668,0.857,0.882,esmfold2,msa_nonpairing_loop10_samples200
1yy6,44,1,0.9353,0.9653,0.4848,0.892,0.485,0.824,0.912,esmfold2,msa_nonpairing_loop10_samples200
1yy6,44,2,0.9376,0.9675,0.6042,0.891,0.604,0.831,0.912,esmfold2,msa_nonpairing_loop10_samples200
1yy6,44,3,0.9381,0.9682,0.4735,0.88,0.474,0.844,0.882,esmfold2,msa_nonpairing_loop10_samples200
1yy6,44,4,0.9391,0.969,0.6723,0.873,0.672,0.885,0.882,esmfold2,msa_nonpairing_loop10_samples200
2aij,42,0,0.7801,0.8931,1.001,0.741,1.001,2.024,0.881,esmfold2,msa_nonpairing_loop10_samples200
2aij,42,1,0.771,0.8916,1.1493,0.705,1.149,2.29,0.833,esmfold2,msa_nonpairing_loop10_samples200
2aij,42,2,0.7697,0.8899,1.0639,0.741,1.064,1.911,0.857,esmfold2,msa_nonpairing_loop10_samples200
2aij,42,3,0.7773,0.8931,1.1443,0.695,1.144,1.982,0.738,esmfold2,msa_nonpairing_loop10_samples200
2aij,42,4,0.7802,0.8953,1.0808,0.684,1.081,2.025,0.714,esmfold2,msa_nonpairing_loop10_samples200
2aij,43,0,0.7788,0.8949,0.9468,0.741,0.947,1.929,0.857,esmfold2,msa_nonpairing_loop10_samples200
2aij,43,1,0.7748,0.8899,0.8936,0.746,0.894,1.865,0.857,esmfold2,msa_nonpairing_loop10_samples200
2aij,43,2,0.7822,0.8958,0.937,0.728,0.937,1.985,0.833,esmfold2,msa_nonpairing_loop10_samples200
2aij,43,3,0.7797,0.8945,1.2528,0.712,1.253,1.952,0.786,esmfold2,msa_nonpairing_loop10_samples200
2aij,43,4,0.7584,0.8762,1.1402,0.726,1.14,1.893,0.81,esmfold2,msa_nonpairing_loop10_samples200
2aij,44,0,0.7774,0.8935,1.1669,0.738,1.167,1.841,0.833,esmfold2,msa_nonpairing_loop10_samples200
2aij,44,1,0.7811,0.895,0.988,0.695,0.988,2.231,0.786,esmfold2,msa_nonpairing_loop10_samples200
2aij,44,2,0.7853,0.8973,0.8595,0.717,0.859,2.042,0.81,esmfold2,msa_nonpairing_loop10_samples200
2aij,44,3,0.7777,0.8934,0.9979,0.721,0.998,1.966,0.81,esmfold2,msa_nonpairing_loop10_samples200
2aij,44,4,0.7801,0.8959,1.1283,0.723,1.128,1.928,0.81,esmfold2,msa_nonpairing_loop10_samples200
2aq9,42,0,0.8296,0.8994,31.9938,0.027,31.994,12.345,0.0,esmfold2,msa_nonpairing_loop10_samples200
2aq9,42,1,0.8288,0.8987,32.1405,0.027,32.141,12.404,0.0,esmfold2,msa_nonpairing_loop10_samples200
2aq9,42,2,0.8171,0.8898,32.2369,0.026,32.237,12.464,0.0,esmfold2,msa_nonpairing_loop10_samples200
2aq9,42,3,0.8315,0.9012,32.185,0.026,32.185,12.463,0.0,esmfold2,msa_nonpairing_loop10_samples200
2aq9,42,4,0.8245,0.8939,32.09,0.027,32.09,12.369,0.0,esmfold2,msa_nonpairing_loop10_samples200
2aq9,43,0,0.828,0.8967,32.0528,0.027,32.053,12.341,0.0,esmfold2,msa_nonpairing_loop10_samples200
2aq9,43,1,0.8289,0.8983,32.0834,0.027,32.083,12.403,0.0,esmfold2,msa_nonpairing_loop10_samples200
2aq9,43,2,0.8169,0.887,32.2261,0.026,32.226,12.422,0.0,esmfold2,msa_nonpairing_loop10_samples200
2aq9,43,3,0.8106,0.8813,32.0498,0.027,32.05,12.368,0.0,esmfold2,msa_nonpairing_loop10_samples200
2aq9,43,4,0.8299,0.9003,32.1605,0.027,32.16,12.447,0.0,esmfold2,msa_nonpairing_loop10_samples200
2aq9,44,0,0.8261,0.897,32.1904,0.027,32.19,12.433,0.0,esmfold2,msa_nonpairing_loop10_samples200
2aq9,44,1,0.8116,0.8834,31.9931,0.027,31.993,12.348,0.0,esmfold2,msa_nonpairing_loop10_samples200
2aq9,44,2,0.8274,0.8976,32.1404,0.027,32.14,12.424,0.0,esmfold2,msa_nonpairing_loop10_samples200
2aq9,44,3,0.8297,0.8981,32.0485,0.027,32.048,12.365,0.0,esmfold2,msa_nonpairing_loop10_samples200
2aq9,44,4,0.8078,0.8796,32.2394,0.026,32.239,12.445,0.0,esmfold2,msa_nonpairing_loop10_samples200
2c3i,42,0,0.901,0.974,0.6613,0.972,0.661,0.247,0.949,esmfold2,msa_nonpairing_loop10_samples200
2c3i,42,1,0.9008,0.9744,0.6179,0.973,0.618,0.244,0.949,esmfold2,msa_nonpairing_loop10_samples200
2c3i,42,2,0.9003,0.9731,0.5351,0.958,0.535,0.216,0.897,esmfold2,msa_nonpairing_loop10_samples200
2c3i,42,3,0.8874,0.974,0.7736,0.953,0.774,0.445,0.949,esmfold2,msa_nonpairing_loop10_samples200
2c3i,42,4,0.9019,0.9743,0.7439,0.968,0.744,0.293,0.949,esmfold2,msa_nonpairing_loop10_samples200
2c3i,43,0,0.8999,0.9746,0.7989,0.966,0.799,0.318,0.949,esmfold2,msa_nonpairing_loop10_samples200
2c3i,43,1,0.8997,0.9733,0.6316,0.964,0.632,0.237,0.923,esmfold2,msa_nonpairing_loop10_samples200
2c3i,43,2,0.9036,0.9765,0.6644,0.97,0.664,0.279,0.949,esmfold2,msa_nonpairing_loop10_samples200
2c3i,43,3,0.9001,0.9752,0.8577,0.956,0.858,0.413,0.949,esmfold2,msa_nonpairing_loop10_samples200
2c3i,43,4,0.901,0.9737,0.6315,0.962,0.631,0.268,0.923,esmfold2,msa_nonpairing_loop10_samples200
2c3i,44,0,0.8999,0.9737,0.6037,0.962,0.604,0.27,0.923,esmfold2,msa_nonpairing_loop10_samples200
2c3i,44,1,0.901,0.975,0.6103,0.973,0.61,0.232,0.949,esmfold2,msa_nonpairing_loop10_samples200
2c3i,44,2,0.9033,0.9745,0.5923,0.974,0.592,0.224,0.949,esmfold2,msa_nonpairing_loop10_samples200
2c3i,44,3,0.9015,0.974,0.664,0.97,0.664,0.275,0.949,esmfold2,msa_nonpairing_loop10_samples200
2c3i,44,4,0.9019,0.9744,0.5146,0.982,0.515,0.232,0.974,esmfold2,msa_nonpairing_loop10_samples200
2cch,42,0,0.8318,0.9143,1.1747,0.967,1.175,0.447,1.0,esmfold2,msa_nonpairing_loop10_samples200
2cch,42,1,0.8314,0.916,0.8435,0.976,0.843,0.302,0.977,esmfold2,msa_nonpairing_loop10_samples200
2cch,42,2,0.8216,0.9078,0.9455,0.985,0.946,0.279,1.0,esmfold2,msa_nonpairing_loop10_samples200
2cch,42,3,0.8295,0.914,1.2814,0.975,1.281,0.35,1.0,esmfold2,msa_nonpairing_loop10_samples200
2cch,42,4,0.83,0.9114,1.2411,0.97,1.241,0.405,1.0,esmfold2,msa_nonpairing_loop10_samples200
2cch,43,0,0.8289,0.9103,1.5459,0.946,1.546,0.52,0.977,esmfold2,msa_nonpairing_loop10_samples200
2cch,43,1,0.8308,0.9158,1.4145,0.973,1.415,0.274,0.977,esmfold2,msa_nonpairing_loop10_samples200
2cch,43,2,0.8241,0.9109,0.9584,0.99,0.958,0.2,1.0,esmfold2,msa_nonpairing_loop10_samples200
2cch,43,3,0.832,0.9154,0.8911,0.971,0.891,0.35,0.977,esmfold2,msa_nonpairing_loop10_samples200
2cch,43,4,0.8306,0.9149,1.0502,0.982,1.05,0.299,1.0,esmfold2,msa_nonpairing_loop10_samples200
2cch,44,0,0.8298,0.914,0.8766,0.987,0.877,0.263,1.0,esmfold2,msa_nonpairing_loop10_samples200
2cch,44,1,0.8311,0.9161,0.9899,0.984,0.99,0.279,1.0,esmfold2,msa_nonpairing_loop10_samples200
2cch,44,2,0.8283,0.9133,0.9391,0.987,0.939,0.256,1.0,esmfold2,msa_nonpairing_loop10_samples200
2cch,44,3,0.8324,0.9167,0.8823,0.983,0.882,0.304,1.0,esmfold2,msa_nonpairing_loop10_samples200
2cch,44,4,0.8284,0.9137,0.4935,0.993,0.494,0.203,1.0,esmfold2,msa_nonpairing_loop10_samples200
2cny,42,0,0.9465,0.9574,0.3972,0.934,0.397,0.715,0.99,esmfold2,msa_nonpairing_loop10_samples200
2cny,42,1,0.9481,0.9583,0.3896,0.936,0.39,0.704,0.99,esmfold2,msa_nonpairing_loop10_samples200
2cny,42,2,0.9476,0.9577,0.465,0.924,0.465,0.735,0.969,esmfold2,msa_nonpairing_loop10_samples200
2cny,42,3,0.9474,0.9579,0.4764,0.933,0.476,0.719,0.99,esmfold2,msa_nonpairing_loop10_samples200
2cny,42,4,0.9467,0.9577,0.4041,0.936,0.404,0.7,0.99,esmfold2,msa_nonpairing_loop10_samples200
2cny,43,0,0.9473,0.9579,0.4795,0.928,0.48,0.732,0.979,esmfold2,msa_nonpairing_loop10_samples200
2cny,43,1,0.9464,0.9579,0.4488,0.93,0.449,0.743,0.99,esmfold2,msa_nonpairing_loop10_samples200
2cny,43,2,0.9478,0.9579,0.4623,0.924,0.462,0.759,0.979,esmfold2,msa_nonpairing_loop10_samples200
2cny,43,3,0.9475,0.9581,0.3513,0.943,0.351,0.653,0.99,esmfold2,msa_nonpairing_loop10_samples200
2cny,43,4,0.9471,0.9573,0.5986,0.925,0.599,0.723,0.969,esmfold2,msa_nonpairing_loop10_samples200
2cny,44,0,0.9477,0.9583,0.5093,0.93,0.509,0.74,0.99,esmfold2,msa_nonpairing_loop10_samples200
2cny,44,1,0.9461,0.9575,0.4838,0.927,0.484,0.759,0.99,esmfold2,msa_nonpairing_loop10_samples200
2cny,44,2,0.9472,0.9575,0.3591,0.937,0.359,0.671,0.979,esmfold2,msa_nonpairing_loop10_samples200
2cny,44,3,0.9471,0.9583,0.4676,0.924,0.468,0.76,0.979,esmfold2,msa_nonpairing_loop10_samples200
2cny,44,4,0.9466,0.9571,0.4102,0.941,0.41,0.663,0.99,esmfold2,msa_nonpairing_loop10_samples200
2e4h,42,0,0.6187,0.8287,5.6026,0.553,5.603,1.996,0.6,esmfold2,msa_nonpairing_loop10_samples200
2e4h,42,1,0.6013,0.8271,4.3206,0.659,4.321,1.757,0.76,esmfold2,msa_nonpairing_loop10_samples200
2e4h,42,2,0.6103,0.8362,4.4426,0.645,4.443,1.731,0.72,esmfold2,msa_nonpairing_loop10_samples200
2e4h,42,3,0.6108,0.8248,7.6723,0.475,7.672,2.709,0.64,esmfold2,msa_nonpairing_loop10_samples200
2e4h,42,4,0.6204,0.8309,4.9767,0.601,4.977,1.921,0.68,esmfold2,msa_nonpairing_loop10_samples200
2e4h,43,0,0.5753,0.8349,12.7258,0.381,12.726,4.158,0.72,esmfold2,msa_nonpairing_loop10_samples200
2e4h,43,1,0.5938,0.8293,4.4144,0.615,4.414,1.772,0.64,esmfold2,msa_nonpairing_loop10_samples200
2e4h,43,2,0.6239,0.8364,5.0385,0.593,5.039,2.009,0.68,esmfold2,msa_nonpairing_loop10_samples200
2e4h,43,3,0.6234,0.8348,5.3533,0.581,5.353,2.052,0.68,esmfold2,msa_nonpairing_loop10_samples200
2e4h,43,4,0.6062,0.8365,9.1723,0.457,9.172,3.103,0.72,esmfold2,msa_nonpairing_loop10_samples200
2e4h,44,0,0.6183,0.8277,5.1933,0.599,5.193,1.88,0.68,esmfold2,msa_nonpairing_loop10_samples200
2e4h,44,1,0.6085,0.8283,7.7556,0.481,7.756,2.846,0.68,esmfold2,msa_nonpairing_loop10_samples200
2e4h,44,2,0.616,0.8369,7.8194,0.481,7.819,2.804,0.68,esmfold2,msa_nonpairing_loop10_samples200
2e4h,44,3,0.6085,0.8343,8.5014,0.486,8.501,3.004,0.76,esmfold2,msa_nonpairing_loop10_samples200
2e4h,44,4,0.6047,0.8351,8.8696,0.448,8.87,3.133,0.68,esmfold2,msa_nonpairing_loop10_samples200
2fgr,42,0,0.3043,0.3955,19.0193,0.068,19.019,7.697,0.0,esmfold2,msa_nonpairing_loop10_samples200
2fgr,42,1,0.31,0.4018,19.1515,0.067,19.151,7.769,0.0,esmfold2,msa_nonpairing_loop10_samples200
2fgr,42,2,0.282,0.3417,26.9862,0.036,26.986,11.12,0.0,esmfold2,msa_nonpairing_loop10_samples200
2fgr,42,3,0.3642,0.4849,29.3545,0.031,29.354,11.745,0.0,esmfold2,msa_nonpairing_loop10_samples200
2fgr,42,4,0.3317,0.4229,21.0946,0.056,21.095,8.637,0.0,esmfold2,msa_nonpairing_loop10_samples200
2fgr,43,0,0.3564,0.4696,27.7441,0.034,27.744,11.226,0.0,esmfold2,msa_nonpairing_loop10_samples200
2fgr,43,1,0.3161,0.4064,18.3458,0.072,18.346,7.5,0.0,esmfold2,msa_nonpairing_loop10_samples200
2fgr,43,2,0.2941,0.3611,28.4948,0.033,28.495,11.725,0.0,esmfold2,msa_nonpairing_loop10_samples200
2fgr,43,3,0.2715,0.3304,30.3681,0.029,30.368,12.408,0.0,esmfold2,msa_nonpairing_loop10_samples200
2fgr,43,4,0.4344,0.5796,28.2443,0.033,28.244,11.453,0.0,esmfold2,msa_nonpairing_loop10_samples200
2fgr,44,0,0.299,0.3796,18.238,0.072,18.238,7.463,0.0,esmfold2,msa_nonpairing_loop10_samples200
2fgr,44,1,0.3267,0.4287,29.0929,0.032,29.093,11.703,0.0,esmfold2,msa_nonpairing_loop10_samples200
2fgr,44,2,0.2979,0.3816,18.3049,0.085,18.305,7.352,0.038,esmfold2,msa_nonpairing_loop10_samples200
2fgr,44,3,0.3105,0.3972,21.2045,0.056,21.204,8.647,0.0,esmfold2,msa_nonpairing_loop10_samples200
2fgr,44,4,0.3465,0.4472,29.225,0.031,29.225,11.748,0.0,esmfold2,msa_nonpairing_loop10_samples200
2fka,42,0,0.8632,0.8908,1.5096,0.882,1.51,0.812,0.905,esmfold2,msa_nonpairing_loop10_samples200
2fka,42,1,0.8877,0.9062,1.5463,0.883,1.546,0.912,0.952,esmfold2,msa_nonpairing_loop10_samples200
2fka,42,2,0.8881,0.9058,1.4976,0.886,1.498,0.897,0.952,esmfold2,msa_nonpairing_loop10_samples200
2fka,42,3,0.8856,0.9017,1.3726,0.892,1.373,0.866,0.952,esmfold2,msa_nonpairing_loop10_samples200
2fka,42,4,0.8869,0.905,1.5621,0.89,1.562,0.862,0.952,esmfold2,msa_nonpairing_loop10_samples200
2fka,43,0,0.8848,0.9028,1.4415,0.892,1.441,0.862,0.952,esmfold2,msa_nonpairing_loop10_samples200
2fka,43,1,0.8884,0.9072,1.6276,0.882,1.628,0.917,0.952,esmfold2,msa_nonpairing_loop10_samples200
2fka,43,2,0.8862,0.9077,1.8445,0.869,1.844,0.984,0.952,esmfold2,msa_nonpairing_loop10_samples200
2fka,43,3,0.8877,0.9038,1.5536,0.892,1.554,0.854,0.952,esmfold2,msa_nonpairing_loop10_samples200
2fka,43,4,0.8872,0.9056,1.6344,0.89,1.634,0.855,0.952,esmfold2,msa_nonpairing_loop10_samples200
2fka,44,0,0.8835,0.9036,1.3724,0.891,1.372,0.878,0.952,esmfold2,msa_nonpairing_loop10_samples200
2fka,44,1,0.8875,0.9041,1.3964,0.892,1.396,0.863,0.952,esmfold2,msa_nonpairing_loop10_samples200
2fka,44,2,0.8828,0.8999,1.3831,0.897,1.383,0.832,0.952,esmfold2,msa_nonpairing_loop10_samples200
2fka,44,3,0.8652,0.8864,1.8849,0.874,1.885,0.943,0.952,esmfold2,msa_nonpairing_loop10_samples200
2fka,44,4,0.8885,0.905,1.5496,0.888,1.55,0.883,0.952,esmfold2,msa_nonpairing_loop10_samples200
2hpl,42,0,0.8657,0.8853,0.58,0.959,0.58,0.272,0.913,esmfold2,msa_nonpairing_loop10_samples200
2hpl,42,1,0.8665,0.882,0.6122,0.957,0.612,0.299,0.913,esmfold2,msa_nonpairing_loop10_samples200
2hpl,42,2,0.8638,0.884,0.5317,0.962,0.532,0.237,0.913,esmfold2,msa_nonpairing_loop10_samples200
2hpl,42,3,0.8605,0.8815,0.7643,0.94,0.764,0.315,0.87,esmfold2,msa_nonpairing_loop10_samples200
2hpl,42,4,0.8598,0.881,0.7464,0.94,0.746,0.309,0.87,esmfold2,msa_nonpairing_loop10_samples200
2hpl,43,0,0.8642,0.8838,0.6188,0.957,0.619,0.299,0.913,esmfold2,msa_nonpairing_loop10_samples200
2hpl,43,1,0.8612,0.8826,0.677,0.969,0.677,0.321,0.957,esmfold2,msa_nonpairing_loop10_samples200
2hpl,43,2,0.8453,0.8782,1.308,0.939,1.308,0.416,0.913,esmfold2,msa_nonpairing_loop10_samples200
2hpl,43,3,0.864,0.8812,0.6311,0.959,0.631,0.27,0.913,esmfold2,msa_nonpairing_loop10_samples200
2hpl,43,4,0.8656,0.8798,0.8759,0.937,0.876,0.34,0.87,esmfold2,msa_nonpairing_loop10_samples200
2hpl,44,0,0.8377,0.8601,3.0574,0.824,3.057,0.94,0.87,esmfold2,msa_nonpairing_loop10_samples200
2hpl,44,1,0.8397,0.8672,2.6578,0.845,2.658,0.854,0.87,esmfold2,msa_nonpairing_loop10_samples200
2hpl,44,2,0.863,0.8791,0.551,0.976,0.551,0.238,0.957,esmfold2,msa_nonpairing_loop10_samples200
2hpl,44,3,0.8302,0.858,3.0404,0.825,3.04,0.937,0.87,esmfold2,msa_nonpairing_loop10_samples200
2hpl,44,4,0.8505,0.8754,1.2772,0.921,1.277,0.458,0.87,esmfold2,msa_nonpairing_loop10_samples200
2ht9,42,0,0.2991,0.1477,18.2644,0.194,18.264,7.459,0.364,esmfold2,msa_nonpairing_loop10_samples200
2ht9,42,1,0.3185,0.1577,14.7589,0.129,14.759,6.653,0.091,esmfold2,msa_nonpairing_loop10_samples200
2ht9,42,2,0.296,0.1336,22.3247,0.114,22.325,8.207,0.182,esmfold2,msa_nonpairing_loop10_samples200
2ht9,42,3,0.3387,0.1669,13.4379,0.238,13.438,5.751,0.364,esmfold2,msa_nonpairing_loop10_samples200
2ht9,42,4,0.313,0.1398,18.3413,0.133,18.341,7.372,0.182,esmfold2,msa_nonpairing_loop10_samples200
2ht9,43,0,0.3414,0.1836,13.5916,0.205,13.592,5.856,0.273,esmfold2,msa_nonpairing_loop10_samples200
2ht9,43,1,0.2714,0.0716,26.4522,0.039,26.452,9.783,0.0,esmfold2,msa_nonpairing_loop10_samples200
2ht9,43,2,0.3331,0.1863,15.0775,0.19,15.077,6.069,0.273,esmfold2,msa_nonpairing_loop10_samples200
2ht9,43,3,0.3095,0.1408,19.699,0.127,19.699,7.094,0.182,esmfold2,msa_nonpairing_loop10_samples200
2ht9,43,4,0.2717,0.0941,13.4477,0.272,13.448,5.275,0.455,esmfold2,msa_nonpairing_loop10_samples200
2ht9,44,0,0.3181,0.1337,18.4372,0.135,18.437,6.697,0.182,esmfold2,msa_nonpairing_loop10_samples200
2ht9,44,1,0.2826,0.079,26.2874,0.039,26.287,9.839,0.0,esmfold2,msa_nonpairing_loop10_samples200
2ht9,44,2,0.3169,0.1645,16.9774,0.203,16.977,6.943,0.364,esmfold2,msa_nonpairing_loop10_samples200
2ht9,44,3,0.3249,0.1771,15.7176,0.244,15.718,6.452,0.455,esmfold2,msa_nonpairing_loop10_samples200
2ht9,44,4,0.2662,0.0804,25.4145,0.041,25.415,9.862,0.0,esmfold2,msa_nonpairing_loop10_samples200
2i94,42,0,0.5819,0.6235,13.3238,0.142,13.324,6.443,0.085,esmfold2,msa_nonpairing_loop10_samples200
2i94,42,1,0.5717,0.6163,13.8956,0.134,13.896,6.825,0.085,esmfold2,msa_nonpairing_loop10_samples200
2i94,42,2,0.5852,0.6322,13.3111,0.149,13.311,6.393,0.106,esmfold2,msa_nonpairing_loop10_samples200
2i94,42,3,0.582,0.6265,13.1428,0.151,13.143,6.369,0.106,esmfold2,msa_nonpairing_loop10_samples200
2i94,42,4,0.5964,0.6497,13.1617,0.151,13.162,6.439,0.106,esmfold2,msa_nonpairing_loop10_samples200
2i94,43,0,0.5946,0.6489,13.1439,0.144,13.144,6.467,0.085,esmfold2,msa_nonpairing_loop10_samples200
2i94,43,1,0.5762,0.6201,12.7315,0.149,12.731,6.216,0.085,esmfold2,msa_nonpairing_loop10_samples200
2i94,43,2,0.586,0.6371,13.0299,0.145,13.03,6.427,0.085,esmfold2,msa_nonpairing_loop10_samples200
2i94,43,3,0.5774,0.6251,14.7626,0.125,14.763,7.23,0.085,esmfold2,msa_nonpairing_loop10_samples200
2i94,43,4,0.5872,0.6316,13.1447,0.144,13.145,6.466,0.085,esmfold2,msa_nonpairing_loop10_samples200
2i94,44,0,0.5754,0.6218,13.5456,0.146,13.546,6.615,0.106,esmfold2,msa_nonpairing_loop10_samples200
2i94,44,1,0.5709,0.6065,13.234,0.158,13.234,6.309,0.128,esmfold2,msa_nonpairing_loop10_samples200
2i94,44,2,0.5814,0.6256,13.5984,0.138,13.598,6.612,0.085,esmfold2,msa_nonpairing_loop10_samples200
2i94,44,3,0.5792,0.6236,14.8399,0.132,14.84,7.119,0.106,esmfold2,msa_nonpairing_loop10_samples200
2i94,44,4,0.5697,0.6292,14.2751,0.13,14.275,7.1,0.085,esmfold2,msa_nonpairing_loop10_samples200
2ivz,42,0,0.8404,0.9247,0.8355,0.909,0.835,0.766,0.944,esmfold2,msa_nonpairing_loop10_samples200
2ivz,42,1,0.6934,0.7924,1.0748,0.9,1.075,0.773,0.926,esmfold2,msa_nonpairing_loop10_samples200
2ivz,42,2,0.6528,0.7556,1.6583,0.856,1.658,0.991,0.907,esmfold2,msa_nonpairing_loop10_samples200
2ivz,42,3,0.6981,0.8022,1.1274,0.866,1.127,0.876,0.87,esmfold2,msa_nonpairing_loop10_samples200
2ivz,42,4,0.8292,0.9143,1.0799,0.9,1.08,0.817,0.944,esmfold2,msa_nonpairing_loop10_samples200
2ivz,43,0,0.6947,0.798,2.7989,0.773,2.799,1.269,0.833,esmfold2,msa_nonpairing_loop10_samples200
2ivz,43,1,0.848,0.9281,0.9296,0.893,0.93,0.787,0.907,esmfold2,msa_nonpairing_loop10_samples200
2ivz,43,2,0.7024,0.8076,3.1192,0.773,3.119,1.356,0.889,esmfold2,msa_nonpairing_loop10_samples200
2ivz,43,3,0.8495,0.9328,1.3347,0.894,1.335,0.882,0.963,esmfold2,msa_nonpairing_loop10_samples200
2ivz,43,4,0.8228,0.9083,1.0439,0.895,1.044,0.851,0.944,esmfold2,msa_nonpairing_loop10_samples200
2ivz,44,0,0.8464,0.9278,1.0652,0.898,1.065,0.833,0.944,esmfold2,msa_nonpairing_loop10_samples200
2ivz,44,1,0.6799,0.7866,3.2367,0.755,3.237,1.386,0.852,esmfold2,msa_nonpairing_loop10_samples200
2ivz,44,2,0.7713,0.8754,0.9471,0.891,0.947,0.802,0.907,esmfold2,msa_nonpairing_loop10_samples200
2ivz,44,3,0.837,0.921,1.0583,0.902,1.058,0.806,0.944,esmfold2,msa_nonpairing_loop10_samples200
2ivz,44,4,0.7732,0.8777,1.5387,0.86,1.539,0.926,0.889,esmfold2,msa_nonpairing_loop10_samples200
2jkg,42,0,0.4249,0.2966,13.8295,0.191,13.83,5.83,0.235,esmfold2,msa_nonpairing_loop10_samples200
2jkg,42,1,0.47,0.3645,5.8765,0.432,5.877,2.163,0.294,esmfold2,msa_nonpairing_loop10_samples200
2jkg,42,2,0.4656,0.3548,5.5415,0.453,5.541,1.98,0.294,esmfold2,msa_nonpairing_loop10_samples200
2jkg,42,3,0.4177,0.2935,13.5664,0.193,13.566,5.771,0.235,esmfold2,msa_nonpairing_loop10_samples200
2jkg,42,4,0.382,0.2295,12.0223,0.184,12.022,4.495,0.118,esmfold2,msa_nonpairing_loop10_samples200
2jkg,43,0,0.4323,0.3054,13.7083,0.192,13.708,5.837,0.235,esmfold2,msa_nonpairing_loop10_samples200
2jkg,43,1,0.4539,0.3462,4.4805,0.52,4.48,1.745,0.353,esmfold2,msa_nonpairing_loop10_samples200
2jkg,43,2,0.4021,0.2572,14.7329,0.181,14.733,6.089,0.235,esmfold2,msa_nonpairing_loop10_samples200
2jkg,43,3,0.4282,0.2992,13.8546,0.19,13.855,5.82,0.235,esmfold2,msa_nonpairing_loop10_samples200
2jkg,43,4,0.4384,0.3328,5.8,0.444,5.8,2.317,0.353,esmfold2,msa_nonpairing_loop10_samples200
2jkg,44,0,0.4256,0.3042,13.8082,0.23,13.808,5.811,0.353,esmfold2,msa_nonpairing_loop10_samples200
2jkg,44,1,0.4153,0.2824,14.3082,0.185,14.308,5.987,0.235,esmfold2,msa_nonpairing_loop10_samples200
2jkg,44,2,0.4456,0.3118,13.5608,0.213,13.561,5.778,0.294,esmfold2,msa_nonpairing_loop10_samples200
2jkg,44,3,0.4207,0.2783,14.1144,0.187,14.114,5.899,0.235,esmfold2,msa_nonpairing_loop10_samples200
2jkg,44,4,0.4167,0.2704,14.9892,0.158,14.989,6.24,0.176,esmfold2,msa_nonpairing_loop10_samples200
2jnw,42,0,0.6584,0.8278,12.0505,0.412,12.051,4.845,0.816,esmfold2,msa_nonpairing_loop10_samples200
2jnw,42,1,0.7393,0.8363,2.0576,0.815,2.058,1.142,0.868,esmfold2,msa_nonpairing_loop10_samples200
2jnw,42,2,0.7053,0.8164,2.1608,0.82,2.161,1.162,0.895,esmfold2,msa_nonpairing_loop10_samples200
2jnw,42,3,0.7084,0.816,1.9691,0.822,1.969,1.105,0.868,esmfold2,msa_nonpairing_loop10_samples200
2jnw,42,4,0.6545,0.8409,12.0772,0.42,12.077,4.876,0.842,esmfold2,msa_nonpairing_loop10_samples200
2jnw,43,0,0.7007,0.8416,2.0237,0.819,2.024,1.117,0.868,esmfold2,msa_nonpairing_loop10_samples200
2jnw,43,1,0.7063,0.8265,2.3122,0.793,2.312,1.209,0.842,esmfold2,msa_nonpairing_loop10_samples200
2jnw,43,2,0.6314,0.8263,10.1219,0.441,10.122,4.062,0.789,esmfold2,msa_nonpairing_loop10_samples200
2jnw,43,3,0.6709,0.8383,4.1777,0.691,4.178,1.846,0.868,esmfold2,msa_nonpairing_loop10_samples200
2jnw,43,4,0.7469,0.8481,2.1887,0.803,2.189,1.155,0.842,esmfold2,msa_nonpairing_loop10_samples200
2jnw,44,0,0.7141,0.8377,2.0402,0.82,2.04,1.112,0.868,esmfold2,msa_nonpairing_loop10_samples200
2jnw,44,1,0.7661,0.8577,1.9968,0.804,1.997,1.108,0.816,esmfold2,msa_nonpairing_loop10_samples200
2jnw,44,2,0.6567,0.8334,12.8006,0.4,12.801,5.159,0.816,esmfold2,msa_nonpairing_loop10_samples200
2jnw,44,3,0.7305,0.8297,2.0097,0.82,2.01,1.113,0.868,esmfold2,msa_nonpairing_loop10_samples200
2jnw,44,4,0.7155,0.8356,1.9655,0.822,1.965,1.102,0.868,esmfold2,msa_nonpairing_loop10_samples200
2jqk,42,0,0.6932,0.603,3.3865,0.752,3.387,1.569,0.917,esmfold2,msa_nonpairing_loop10_samples200
2jqk,42,1,0.6981,0.6192,3.674,0.74,3.674,1.625,0.917,esmfold2,msa_nonpairing_loop10_samples200
2jqk,42,2,0.7019,0.6249,3.575,0.738,3.575,1.669,0.917,esmfold2,msa_nonpairing_loop10_samples200
2jqk,42,3,0.7,0.6163,2.8943,0.787,2.894,1.36,0.917,esmfold2,msa_nonpairing_loop10_samples200
2jqk,42,4,0.7046,0.6369,2.798,0.791,2.798,1.346,0.917,esmfold2,msa_nonpairing_loop10_samples200
2jqk,43,0,0.7078,0.6341,3.3732,0.759,3.373,1.51,0.917,esmfold2,msa_nonpairing_loop10_samples200
2jqk,43,1,0.6956,0.6171,3.1888,0.766,3.189,1.49,0.917,esmfold2,msa_nonpairing_loop10_samples200
2jqk,43,2,0.6999,0.6189,3.6059,0.739,3.606,1.647,0.917,esmfold2,msa_nonpairing_loop10_samples200
2jqk,43,3,0.7006,0.6257,3.3311,0.754,3.331,1.562,0.917,esmfold2,msa_nonpairing_loop10_samples200
2jqk,43,4,0.7061,0.6337,3.1617,0.771,3.162,1.447,0.917,esmfold2,msa_nonpairing_loop10_samples200
2jqk,44,0,0.703,0.6305,3.5219,0.742,3.522,1.641,0.917,esmfold2,msa_nonpairing_loop10_samples200
2jqk,44,1,0.7034,0.6322,3.2379,0.762,3.238,1.514,0.917,esmfold2,msa_nonpairing_loop10_samples200
2jqk,44,2,0.6967,0.6135,3.5971,0.736,3.597,1.685,0.917,esmfold2,msa_nonpairing_loop10_samples200
2jqk,44,3,0.7027,0.6264,2.8196,0.777,2.82,1.342,0.875,esmfold2,msa_nonpairing_loop10_samples200
2jqk,44,4,0.6867,0.5965,3.5547,0.742,3.555,1.634,0.917,esmfold2,msa_nonpairing_loop10_samples200
2ka9,42,0,0.6148,0.5904,36.6311,0.024,36.631,10.517,0.0,esmfold2,msa_nonpairing_loop10_samples200
2ka9,42,1,0.6131,0.6107,37.2619,0.023,37.262,10.593,0.0,esmfold2,msa_nonpairing_loop10_samples200
2ka9,42,2,0.6048,0.591,35.0244,0.025,35.024,10.778,0.0,esmfold2,msa_nonpairing_loop10_samples200
2ka9,42,3,0.5711,0.5236,42.9872,0.016,42.987,13.951,0.0,esmfold2,msa_nonpairing_loop10_samples200
2ka9,42,4,0.5666,0.5216,41.3146,0.018,41.315,12.878,0.0,esmfold2,msa_nonpairing_loop10_samples200
2ka9,43,0,0.6214,0.6205,43.6687,0.016,43.669,13.75,0.0,esmfold2,msa_nonpairing_loop10_samples200
2ka9,43,1,0.6201,0.6174,43.4499,0.017,43.45,13.196,0.0,esmfold2,msa_nonpairing_loop10_samples200
2ka9,43,2,0.6276,0.6307,41.5089,0.018,41.509,13.254,0.0,esmfold2,msa_nonpairing_loop10_samples200
2ka9,43,3,0.6222,0.6155,37.2506,0.022,37.251,11.098,0.0,esmfold2,msa_nonpairing_loop10_samples200
2ka9,43,4,0.6251,0.6227,39.4636,0.022,39.464,10.335,0.0,esmfold2,msa_nonpairing_loop10_samples200
2ka9,44,0,0.623,0.6311,42.7161,0.016,42.716,14.384,0.0,esmfold2,msa_nonpairing_loop10_samples200
2ka9,44,1,0.6213,0.6325,55.3661,0.01,55.366,17.549,0.0,esmfold2,msa_nonpairing_loop10_samples200
2ka9,44,2,0.6007,0.5757,34.4243,0.028,34.424,9.2,0.0,esmfold2,msa_nonpairing_loop10_samples200
2ka9,44,3,0.627,0.6332,41.7512,0.017,41.751,13.525,0.0,esmfold2,msa_nonpairing_loop10_samples200
2ka9,44,4,0.6181,0.6219,39.7873,0.019,39.787,12.265,0.0,esmfold2,msa_nonpairing_loop10_samples200
2kbr,42,0,0.7165,0.6928,3.2909,0.687,3.291,1.711,0.757,esmfold2,msa_nonpairing_loop10_samples200
2kbr,42,1,0.7151,0.6904,3.3599,0.693,3.36,1.727,0.784,esmfold2,msa_nonpairing_loop10_samples200
2kbr,42,2,0.7164,0.6922,2.9733,0.711,2.973,1.542,0.757,esmfold2,msa_nonpairing_loop10_samples200
2kbr,42,3,0.7159,0.6926,3.4651,0.678,3.465,1.863,0.784,esmfold2,msa_nonpairing_loop10_samples200
2kbr,42,4,0.7186,0.6958,3.0809,0.703,3.081,1.602,0.757,esmfold2,msa_nonpairing_loop10_samples200
2kbr,43,0,0.7179,0.6995,2.7909,0.717,2.791,1.521,0.757,esmfold2,msa_nonpairing_loop10_samples200
2kbr,43,1,0.7178,0.6947,3.1571,0.712,3.157,1.673,0.811,esmfold2,msa_nonpairing_loop10_samples200
2kbr,43,2,0.7186,0.6925,3.3477,0.692,3.348,1.735,0.784,esmfold2,msa_nonpairing_loop10_samples200
2kbr,43,3,0.7158,0.6913,3.4596,0.679,3.46,1.753,0.757,esmfold2,msa_nonpairing_loop10_samples200
2kbr,43,4,0.7207,0.6951,3.0696,0.712,3.07,1.597,0.784,esmfold2,msa_nonpairing_loop10_samples200
2kbr,44,0,0.7131,0.6869,2.9967,0.705,2.997,1.593,0.757,esmfold2,msa_nonpairing_loop10_samples200
2kbr,44,1,0.7114,0.6896,2.9321,0.712,2.932,1.547,0.757,esmfold2,msa_nonpairing_loop10_samples200
2kbr,44,2,0.7153,0.6893,3.3517,0.691,3.352,1.747,0.784,esmfold2,msa_nonpairing_loop10_samples200
2kbr,44,3,0.7114,0.6864,2.6221,0.735,2.622,1.396,0.757,esmfold2,msa_nonpairing_loop10_samples200
2kbr,44,4,0.7177,0.6897,3.3653,0.692,3.365,1.736,0.784,esmfold2,msa_nonpairing_loop10_samples200
2ke1,42,0,0.6816,0.6324,9.2674,0.48,9.267,2.806,0.76,esmfold2,msa_nonpairing_loop10_samples200
2ke1,42,1,0.7217,0.6919,5.3709,0.632,5.371,1.91,0.8,esmfold2,msa_nonpairing_loop10_samples200
2ke1,42,2,0.6999,0.6702,4.7669,0.617,4.767,2.463,0.82,esmfold2,msa_nonpairing_loop10_samples200
2ke1,42,3,0.7197,0.6858,2.6886,0.697,2.689,2.08,0.84,esmfold2,msa_nonpairing_loop10_samples200
2ke1,42,4,0.7123,0.6848,4.186,0.675,4.186,1.838,0.82,esmfold2,msa_nonpairing_loop10_samples200
2ke1,43,0,0.7128,0.6815,3.7689,0.63,3.769,2.572,0.8,esmfold2,msa_nonpairing_loop10_samples200
2ke1,43,1,0.6991,0.6614,1.8361,0.66,1.836,2.499,0.76,esmfold2,msa_nonpairing_loop10_samples200
2ke1,43,2,0.7069,0.6677,3.0908,0.679,3.091,2.22,0.84,esmfold2,msa_nonpairing_loop10_samples200
2ke1,43,3,0.6973,0.6714,3.4499,0.599,3.45,3.46,0.78,esmfold2,msa_nonpairing_loop10_samples200
2ke1,43,4,0.6899,0.6597,5.1883,0.611,5.188,1.98,0.74,esmfold2,msa_nonpairing_loop10_samples200
2ke1,44,0,0.7058,0.6728,3.1934,0.688,3.193,2.059,0.84,esmfold2,msa_nonpairing_loop10_samples200
2ke1,44,1,0.7102,0.676,5.8457,0.605,5.846,2.105,0.8,esmfold2,msa_nonpairing_loop10_samples200
2ke1,44,2,0.7083,0.6767,6.259,0.591,6.259,2.073,0.78,esmfold2,msa_nonpairing_loop10_samples200
2ke1,44,3,0.7204,0.6864,3.4273,0.674,3.427,2.086,0.82,esmfold2,msa_nonpairing_loop10_samples200
2ke1,44,4,0.7154,0.6845,4.2021,0.674,4.202,1.694,0.78,esmfold2,msa_nonpairing_loop10_samples200
2khh,42,0,0.6077,0.4307,3.5978,0.624,3.598,2.289,0.724,esmfold2,msa_nonpairing_loop10_samples200
2khh,42,1,0.573,0.3874,4.0916,0.573,4.092,2.587,0.655,esmfold2,msa_nonpairing_loop10_samples200
2khh,42,2,0.6012,0.4163,3.8288,0.612,3.829,2.405,0.724,esmfold2,msa_nonpairing_loop10_samples200
2khh,42,3,0.5907,0.4156,3.0834,0.641,3.083,2.208,0.724,esmfold2,msa_nonpairing_loop10_samples200
2khh,42,4,0.593,0.4208,3.6383,0.631,3.638,2.346,0.759,esmfold2,msa_nonpairing_loop10_samples200
2khh,43,0,0.6001,0.4246,3.2372,0.656,3.237,2.28,0.793,esmfold2,msa_nonpairing_loop10_samples200
2khh,43,1,0.5932,0.4194,5.3094,0.528,5.309,2.92,0.655,esmfold2,msa_nonpairing_loop10_samples200
2khh,43,2,0.5938,0.4191,4.0256,0.648,4.026,2.297,0.828,esmfold2,msa_nonpairing_loop10_samples200
2khh,43,3,0.5937,0.4338,3.7315,0.606,3.731,2.34,0.69,esmfold2,msa_nonpairing_loop10_samples200
2khh,43,4,0.5891,0.3993,3.389,0.613,3.389,2.371,0.69,esmfold2,msa_nonpairing_loop10_samples200
2khh,44,0,0.5937,0.4167,2.8654,0.655,2.865,2.245,0.759,esmfold2,msa_nonpairing_loop10_samples200
2khh,44,1,0.6037,0.4241,2.4781,0.647,2.478,2.139,0.69,esmfold2,msa_nonpairing_loop10_samples200
2khh,44,2,0.6017,0.4313,2.3517,0.71,2.352,1.943,0.828,esmfold2,msa_nonpairing_loop10_samples200
2khh,44,3,0.5947,0.4167,4.6218,0.573,4.622,2.544,0.69,esmfold2,msa_nonpairing_loop10_samples200
2khh,44,4,0.5974,0.4157,4.0225,0.599,4.023,2.557,0.724,esmfold2,msa_nonpairing_loop10_samples200
2koh,42,0,0.5096,0.5849,11.449,0.464,11.449,3.3,0.865,esmfold2,msa_nonpairing_loop10_samples200
2koh,42,1,0.4887,0.5678,19.5396,0.34,19.54,5.148,0.784,esmfold2,msa_nonpairing_loop10_samples200
2koh,42,2,0.5265,0.5674,7.4892,0.539,7.489,2.466,0.784,esmfold2,msa_nonpairing_loop10_samples200
2koh,42,3,0.4986,0.5768,12.6136,0.422,12.614,3.027,0.757,esmfold2,msa_nonpairing_loop10_samples200
2koh,42,4,0.5025,0.5906,14.3446,0.397,14.345,3.615,0.784,esmfold2,msa_nonpairing_loop10_samples200
2koh,43,0,0.4995,0.5877,18.4391,0.364,18.439,4.361,0.811,esmfold2,msa_nonpairing_loop10_samples200
2koh,43,1,0.5243,0.572,9.9829,0.511,9.983,2.814,0.892,esmfold2,msa_nonpairing_loop10_samples200
2koh,43,2,0.4989,0.5698,9.7951,0.522,9.795,2.296,0.838,esmfold2,msa_nonpairing_loop10_samples200
2koh,43,3,0.4978,0.5805,10.6945,0.458,10.695,2.979,0.784,esmfold2,msa_nonpairing_loop10_samples200
2koh,43,4,0.488,0.5847,16.6333,0.417,16.633,3.536,0.892,esmfold2,msa_nonpairing_loop10_samples200
2koh,44,0,0.5127,0.5803,12.6855,0.422,12.686,3.3,0.784,esmfold2,msa_nonpairing_loop10_samples200
2koh,44,1,0.519,0.5792,11.3778,0.455,11.378,3.029,0.811,esmfold2,msa_nonpairing_loop10_samples200
2koh,44,2,0.5141,0.5776,9.5426,0.475,9.543,3.285,0.811,esmfold2,msa_nonpairing_loop10_samples200
2koh,44,3,0.5046,0.589,5.9512,0.625,5.951,2.095,0.865,esmfold2,msa_nonpairing_loop10_samples200
2koh,44,4,0.5071,0.5803,11.5626,0.427,11.563,2.766,0.703,esmfold2,msa_nonpairing_loop10_samples200
2las,42,0,0.6787,0.6434,4.5402,0.603,4.54,2.449,0.758,esmfold2,msa_nonpairing_loop10_samples200
2las,42,1,0.6815,0.6534,4.4815,0.621,4.481,2.333,0.788,esmfold2,msa_nonpairing_loop10_samples200
2las,42,2,0.6665,0.6156,4.457,0.613,4.457,2.3,0.758,esmfold2,msa_nonpairing_loop10_samples200
2las,42,3,0.6833,0.6435,4.278,0.625,4.278,2.195,0.758,esmfold2,msa_nonpairing_loop10_samples200
2las,42,4,0.6805,0.6362,4.1409,0.626,4.141,2.22,0.758,esmfold2,msa_nonpairing_loop10_samples200
2las,43,0,0.6755,0.6371,4.4362,0.618,4.436,2.228,0.758,esmfold2,msa_nonpairing_loop10_samples200
2las,43,1,0.6673,0.6254,3.7794,0.661,3.779,2.002,0.788,esmfold2,msa_nonpairing_loop10_samples200
2las,43,2,0.6828,0.6419,4.4669,0.61,4.467,2.348,0.758,esmfold2,msa_nonpairing_loop10_samples200
2las,43,3,0.6763,0.6408,3.9503,0.636,3.95,2.154,0.758,esmfold2,msa_nonpairing_loop10_samples200
2las,43,4,0.6581,0.6023,3.6989,0.66,3.699,2.042,0.788,esmfold2,msa_nonpairing_loop10_samples200
2las,44,0,0.6637,0.6359,3.6443,0.654,3.644,1.996,0.758,esmfold2,msa_nonpairing_loop10_samples200
2las,44,1,0.6661,0.6159,4.1175,0.64,4.117,2.183,0.788,esmfold2,msa_nonpairing_loop10_samples200
2las,44,2,0.6702,0.6307,4.1363,0.628,4.136,2.199,0.758,esmfold2,msa_nonpairing_loop10_samples200
2las,44,3,0.6629,0.6082,5.1379,0.587,5.138,2.455,0.758,esmfold2,msa_nonpairing_loop10_samples200
2las,44,4,0.681,0.64,4.3839,0.617,4.384,2.28,0.758,esmfold2,msa_nonpairing_loop10_samples200
2lsi,42,0,0.7245,0.8559,5.8412,0.614,5.841,2.606,0.914,esmfold2,msa_nonpairing_loop10_samples200
2lsi,42,1,0.7166,0.8519,6.0512,0.601,6.051,2.782,0.914,esmfold2,msa_nonpairing_loop10_samples200
2lsi,42,2,0.7281,0.8541,4.5694,0.676,4.569,2.106,0.914,esmfold2,msa_nonpairing_loop10_samples200
2lsi,42,3,0.7121,0.8521,3.2237,0.74,3.224,1.721,0.914,esmfold2,msa_nonpairing_loop10_samples200
2lsi,42,4,0.7275,0.8583,5.8472,0.625,5.847,2.577,0.943,esmfold2,msa_nonpairing_loop10_samples200
2lsi,43,0,0.7242,0.8538,4.7017,0.655,4.702,2.215,0.886,esmfold2,msa_nonpairing_loop10_samples200
2lsi,43,1,0.7126,0.8576,6.5795,0.551,6.58,2.759,0.8,esmfold2,msa_nonpairing_loop10_samples200
2lsi,43,2,0.7187,0.8553,2.9384,0.753,2.938,1.751,0.943,esmfold2,msa_nonpairing_loop10_samples200
2lsi,43,3,0.7221,0.8587,5.3522,0.64,5.352,2.196,0.886,esmfold2,msa_nonpairing_loop10_samples200
2lsi,43,4,0.7294,0.8574,6.0367,0.623,6.037,2.522,0.943,esmfold2,msa_nonpairing_loop10_samples200
2lsi,44,0,0.7253,0.8582,5.092,0.644,5.092,2.236,0.886,esmfold2,msa_nonpairing_loop10_samples200
2lsi,44,1,0.713,0.8492,4.6934,0.654,4.693,2.233,0.886,esmfold2,msa_nonpairing_loop10_samples200
2lsi,44,2,0.7081,0.8557,3.4245,0.724,3.425,1.962,0.943,esmfold2,msa_nonpairing_loop10_samples200
2lsi,44,3,0.7244,0.8578,5.2324,0.655,5.232,2.31,0.943,esmfold2,msa_nonpairing_loop10_samples200
2lsi,44,4,0.7123,0.8489,2.3207,0.795,2.321,1.388,0.914,esmfold2,msa_nonpairing_loop10_samples200
2m0v,42,0,0.8827,0.9506,2.696,0.761,2.696,1.515,0.88,esmfold2,msa_nonpairing_loop10_samples200
2m0v,42,1,0.886,0.9526,2.6477,0.756,2.648,1.569,0.88,esmfold2,msa_nonpairing_loop10_samples200
2m0v,42,2,0.8902,0.9556,3.2702,0.737,3.27,1.498,0.84,esmfold2,msa_nonpairing_loop10_samples200
2m0v,42,3,0.8888,0.9532,3.1515,0.74,3.152,1.501,0.84,esmfold2,msa_nonpairing_loop10_samples200
2m0v,42,4,0.8862,0.954,3.1331,0.74,3.133,1.502,0.84,esmfold2,msa_nonpairing_loop10_samples200
2m0v,43,0,0.8831,0.9511,3.1709,0.748,3.171,1.543,0.88,esmfold2,msa_nonpairing_loop10_samples200
2m0v,43,1,0.8867,0.9555,2.9722,0.739,2.972,1.539,0.84,esmfold2,msa_nonpairing_loop10_samples200
2m0v,43,2,0.8852,0.9534,2.8865,0.738,2.886,1.573,0.84,esmfold2,msa_nonpairing_loop10_samples200
2m0v,43,3,0.8899,0.9551,3.5323,0.74,3.532,1.536,0.88,esmfold2,msa_nonpairing_loop10_samples200
2m0v,43,4,0.8881,0.9551,2.8226,0.759,2.823,1.51,0.88,esmfold2,msa_nonpairing_loop10_samples200
2m0v,44,0,0.8844,0.9506,2.958,0.759,2.958,1.489,0.88,esmfold2,msa_nonpairing_loop10_samples200
2m0v,44,1,0.8883,0.9552,2.9306,0.753,2.931,1.546,0.88,esmfold2,msa_nonpairing_loop10_samples200
2m0v,44,2,0.8876,0.9539,3.2891,0.759,3.289,1.538,0.92,esmfold2,msa_nonpairing_loop10_samples200
2m0v,44,3,0.8872,0.9535,3.0629,0.737,3.063,1.544,0.84,esmfold2,msa_nonpairing_loop10_samples200
2m0v,44,4,0.8895,0.9544,3.0521,0.749,3.052,1.56,0.88,esmfold2,msa_nonpairing_loop10_samples200
2nnu,42,0,0.7674,0.8118,3.9106,0.741,3.911,1.562,0.917,esmfold2,msa_nonpairing_loop10_samples200
2nnu,42,1,0.7542,0.794,4.3948,0.727,4.395,1.579,0.917,esmfold2,msa_nonpairing_loop10_samples200
2nnu,42,2,0.7455,0.7938,4.7261,0.694,4.726,1.947,0.944,esmfold2,msa_nonpairing_loop10_samples200
2nnu,42,3,0.733,0.7726,6.7375,0.511,6.737,3.341,0.75,esmfold2,msa_nonpairing_loop10_samples200
2nnu,42,4,0.7641,0.8094,3.7538,0.766,3.754,1.448,0.944,esmfold2,msa_nonpairing_loop10_samples200
2nnu,43,0,0.7155,0.7618,7.7842,0.529,7.784,3.935,0.917,esmfold2,msa_nonpairing_loop10_samples200
2nnu,43,1,0.7099,0.7588,8.1027,0.511,8.103,4.044,0.889,esmfold2,msa_nonpairing_loop10_samples200
2nnu,43,2,0.7623,0.8045,3.9193,0.75,3.919,1.557,0.944,esmfold2,msa_nonpairing_loop10_samples200
2nnu,43,3,0.7445,0.7869,6.0281,0.596,6.028,2.938,0.917,esmfold2,msa_nonpairing_loop10_samples200
2nnu,43,4,0.7416,0.7805,6.3564,0.589,6.356,3.193,0.944,esmfold2,msa_nonpairing_loop10_samples200
2nnu,44,0,0.7552,0.798,3.4752,0.81,3.475,1.291,1.0,esmfold2,msa_nonpairing_loop10_samples200
2nnu,44,1,0.7356,0.7779,5.3031,0.64,5.303,2.385,0.917,esmfold2,msa_nonpairing_loop10_samples200
2nnu,44,2,0.7639,0.8032,3.7084,0.778,3.708,1.361,0.944,esmfold2,msa_nonpairing_loop10_samples200
2nnu,44,3,0.7492,0.7915,5.7917,0.595,5.792,2.874,0.889,esmfold2,msa_nonpairing_loop10_samples200
2nnu,44,4,0.7645,0.8093,4.0552,0.74,4.055,1.62,0.944,esmfold2,msa_nonpairing_loop10_samples200
2o9v,42,0,0.9451,0.9294,0.9386,0.969,0.939,0.442,1.0,esmfold2,msa_nonpairing_loop10_samples200
2o9v,42,1,0.9448,0.9284,0.9883,0.954,0.988,0.456,0.96,esmfold2,msa_nonpairing_loop10_samples200
2o9v,42,2,0.9429,0.9258,0.8246,0.944,0.825,0.437,0.92,esmfold2,msa_nonpairing_loop10_samples200
2o9v,42,3,0.9455,0.9284,0.9549,0.946,0.955,0.41,0.92,esmfold2,msa_nonpairing_loop10_samples200
2o9v,42,4,0.9409,0.9229,0.7453,0.964,0.745,0.381,0.96,esmfold2,msa_nonpairing_loop10_samples200
2o9v,43,0,0.9437,0.9242,0.7455,0.964,0.745,0.381,0.96,esmfold2,msa_nonpairing_loop10_samples200
2o9v,43,1,0.9439,0.9256,1.161,0.949,1.161,0.484,0.96,esmfold2,msa_nonpairing_loop10_samples200
2o9v,43,2,0.9439,0.9274,0.9238,0.967,0.924,0.46,1.0,esmfold2,msa_nonpairing_loop10_samples200
2o9v,43,3,0.9339,0.9131,0.787,0.959,0.787,0.422,0.96,esmfold2,msa_nonpairing_loop10_samples200
2o9v,43,4,0.9438,0.9257,0.9638,0.972,0.964,0.419,1.0,esmfold2,msa_nonpairing_loop10_samples200
2o9v,44,0,0.9456,0.9285,1.0303,0.951,1.03,0.476,0.96,esmfold2,msa_nonpairing_loop10_samples200
2o9v,44,1,0.9465,0.9303,0.9331,0.96,0.933,0.404,0.96,esmfold2,msa_nonpairing_loop10_samples200
2o9v,44,2,0.9456,0.9284,0.9081,0.959,0.908,0.417,0.96,esmfold2,msa_nonpairing_loop10_samples200
2o9v,44,3,0.9423,0.9247,0.6444,0.967,0.644,0.358,0.96,esmfold2,msa_nonpairing_loop10_samples200
2o9v,44,4,0.9428,0.9242,0.98,0.965,0.98,0.48,1.0,esmfold2,msa_nonpairing_loop10_samples200
2p1o,42,0,0.3914,0.6162,5.845,0.445,5.845,2.065,0.311,esmfold2,msa_nonpairing_loop10_samples200
2p1o,42,1,0.3712,0.5807,6.8577,0.392,6.858,2.4,0.289,esmfold2,msa_nonpairing_loop10_samples200
2p1o,42,2,0.3919,0.6177,8.9528,0.291,8.953,3.254,0.222,esmfold2,msa_nonpairing_loop10_samples200
2p1o,42,3,0.3871,0.6104,5.0199,0.52,5.02,1.852,0.422,esmfold2,msa_nonpairing_loop10_samples200
2p1o,42,4,0.3662,0.5805,7.4792,0.384,7.479,2.727,0.356,esmfold2,msa_nonpairing_loop10_samples200
2p1o,43,0,0.3976,0.6301,8.3437,0.347,8.344,3.005,0.333,esmfold2,msa_nonpairing_loop10_samples200
2p1o,43,1,0.3986,0.6247,9.1483,0.347,9.148,3.227,0.4,esmfold2,msa_nonpairing_loop10_samples200
2p1o,43,2,0.4006,0.6338,9.0708,0.311,9.071,3.253,0.289,esmfold2,msa_nonpairing_loop10_samples200
2p1o,43,3,0.4002,0.6282,9.2136,0.307,9.214,3.271,0.289,esmfold2,msa_nonpairing_loop10_samples200
2p1o,43,4,0.3978,0.6319,6.0538,0.461,6.054,2.19,0.4,esmfold2,msa_nonpairing_loop10_samples200
2p1o,44,0,0.3767,0.6012,6.2584,0.418,6.258,2.206,0.289,esmfold2,msa_nonpairing_loop10_samples200
2p1o,44,1,0.3839,0.6158,8.534,0.335,8.534,3.045,0.311,esmfold2,msa_nonpairing_loop10_samples200
2p1o,44,2,0.3822,0.6118,8.5356,0.34,8.536,3.117,0.333,esmfold2,msa_nonpairing_loop10_samples200
2p1o,44,3,0.3771,0.5994,7.1777,0.389,7.178,2.592,0.333,esmfold2,msa_nonpairing_loop10_samples200
2p1o,44,4,0.3497,0.5592,5.6785,0.498,5.679,2.115,0.467,esmfold2,msa_nonpairing_loop10_samples200
2qos,42,0,0.9121,0.9627,0.4965,0.948,0.497,0.435,0.925,esmfold2,msa_nonpairing_loop10_samples200
2qos,42,1,0.9121,0.9629,0.4188,0.95,0.419,0.355,0.906,esmfold2,msa_nonpairing_loop10_samples200
2qos,42,2,0.9098,0.9613,0.569,0.947,0.569,0.435,0.925,esmfold2,msa_nonpairing_loop10_samples200
2qos,42,3,0.9116,0.9618,0.4945,0.939,0.495,0.458,0.906,esmfold2,msa_nonpairing_loop10_samples200
2qos,42,4,0.9107,0.9625,0.5105,0.943,0.51,0.419,0.906,esmfold2,msa_nonpairing_loop10_samples200
2qos,43,0,0.9091,0.9607,0.4926,0.927,0.493,0.455,0.868,esmfold2,msa_nonpairing_loop10_samples200
2qos,43,1,0.9115,0.963,0.4326,0.947,0.433,0.385,0.906,esmfold2,msa_nonpairing_loop10_samples200
2qos,43,2,0.9108,0.9618,0.505,0.94,0.505,0.448,0.906,esmfold2,msa_nonpairing_loop10_samples200
2qos,43,3,0.9089,0.9606,0.5344,0.937,0.534,0.471,0.906,esmfold2,msa_nonpairing_loop10_samples200
2qos,43,4,0.9123,0.9638,0.4189,0.934,0.419,0.394,0.868,esmfold2,msa_nonpairing_loop10_samples200
2qos,44,0,0.9128,0.963,0.4785,0.944,0.478,0.412,0.906,esmfold2,msa_nonpairing_loop10_samples200
2qos,44,1,0.9126,0.9629,0.4752,0.948,0.475,0.432,0.925,esmfold2,msa_nonpairing_loop10_samples200
2qos,44,2,0.9112,0.9619,0.5477,0.938,0.548,0.517,0.925,esmfold2,msa_nonpairing_loop10_samples200
2qos,44,3,0.913,0.9643,0.501,0.953,0.501,0.386,0.925,esmfold2,msa_nonpairing_loop10_samples200
2qos,44,4,0.9109,0.9626,0.5113,0.943,0.511,0.424,0.906,esmfold2,msa_nonpairing_loop10_samples200
2r7g,42,0,0.9228,0.9725,0.6834,0.902,0.683,0.626,0.86,esmfold2,msa_nonpairing_loop10_samples200
2r7g,42,1,0.9201,0.9717,0.5349,0.899,0.535,0.653,0.86,esmfold2,msa_nonpairing_loop10_samples200
2r7g,42,2,0.9199,0.9733,0.8743,0.885,0.874,0.692,0.84,esmfold2,msa_nonpairing_loop10_samples200
2r7g,42,3,0.9222,0.9734,0.4894,0.89,0.489,0.674,0.84,esmfold2,msa_nonpairing_loop10_samples200
2r7g,42,4,0.9205,0.9715,0.4876,0.9,0.488,0.646,0.86,esmfold2,msa_nonpairing_loop10_samples200
2r7g,43,0,0.9227,0.972,0.6042,0.893,0.604,0.646,0.84,esmfold2,msa_nonpairing_loop10_samples200
2r7g,43,1,0.92,0.9714,0.4377,0.899,0.438,0.656,0.86,esmfold2,msa_nonpairing_loop10_samples200
2r7g,43,2,0.9224,0.9719,0.5922,0.897,0.592,0.661,0.86,esmfold2,msa_nonpairing_loop10_samples200
2r7g,43,3,0.9193,0.9733,0.8719,0.884,0.872,0.694,0.84,esmfold2,msa_nonpairing_loop10_samples200
2r7g,43,4,0.9212,0.9722,0.4021,0.899,0.402,0.653,0.86,esmfold2,msa_nonpairing_loop10_samples200
2r7g,44,0,0.9227,0.9728,0.4422,0.89,0.442,0.672,0.84,esmfold2,msa_nonpairing_loop10_samples200
2r7g,44,1,0.9222,0.9721,0.3274,0.902,0.327,0.64,0.86,esmfold2,msa_nonpairing_loop10_samples200
2r7g,44,2,0.9216,0.9716,0.4363,0.899,0.436,0.656,0.86,esmfold2,msa_nonpairing_loop10_samples200
2r7g,44,3,0.9196,0.9713,0.4654,0.893,0.465,0.649,0.84,esmfold2,msa_nonpairing_loop10_samples200
2r7g,44,4,0.9237,0.9723,0.3786,0.9,0.379,0.603,0.84,esmfold2,msa_nonpairing_loop10_samples200
2rol,42,0,0.7552,0.6753,3.0822,0.731,3.082,1.416,0.781,esmfold2,msa_nonpairing_loop10_samples200
2rol,42,1,0.5446,0.3744,4.5961,0.665,4.596,1.592,0.75,esmfold2,msa_nonpairing_loop10_samples200
2rol,42,2,0.7532,0.6689,3.2398,0.751,3.24,1.397,0.844,esmfold2,msa_nonpairing_loop10_samples200
2rol,42,3,0.7492,0.66,2.4508,0.788,2.451,1.23,0.844,esmfold2,msa_nonpairing_loop10_samples200
2rol,42,4,0.7405,0.6493,3.1751,0.754,3.175,1.298,0.812,esmfold2,msa_nonpairing_loop10_samples200
2rol,43,0,0.7399,0.6471,3.0919,0.759,3.092,1.359,0.844,esmfold2,msa_nonpairing_loop10_samples200
2rol,43,1,0.7639,0.6863,2.9588,0.752,2.959,1.441,0.844,esmfold2,msa_nonpairing_loop10_samples200
2rol,43,2,0.7477,0.6627,2.9641,0.732,2.964,1.43,0.781,esmfold2,msa_nonpairing_loop10_samples200
2rol,43,3,0.7612,0.6818,3.0386,0.726,3.039,1.468,0.781,esmfold2,msa_nonpairing_loop10_samples200
2rol,43,4,0.7189,0.6078,2.9592,0.776,2.959,1.325,0.875,esmfold2,msa_nonpairing_loop10_samples200
2rol,44,0,0.7545,0.6727,2.8434,0.739,2.843,1.398,0.781,esmfold2,msa_nonpairing_loop10_samples200
2rol,44,1,0.7415,0.6551,2.9862,0.727,2.986,1.384,0.75,esmfold2,msa_nonpairing_loop10_samples200
2rol,44,2,0.7549,0.6742,2.9299,0.739,2.93,1.375,0.781,esmfold2,msa_nonpairing_loop10_samples200
2rol,44,3,0.7541,0.6745,3.281,0.728,3.281,1.495,0.812,esmfold2,msa_nonpairing_loop10_samples200
2rol,44,4,0.7536,0.6698,2.8875,0.74,2.888,1.38,0.781,esmfold2,msa_nonpairing_loop10_samples200
2v8c,42,0,0.4557,0.2846,19.9233,0.107,19.923,9.26,0.143,esmfold2,msa_nonpairing_loop10_samples200
2v8c,42,1,0.6416,0.5673,5.0822,0.546,5.082,2.139,0.571,esmfold2,msa_nonpairing_loop10_samples200
2v8c,42,2,0.5877,0.4864,5.1233,0.534,5.123,2.031,0.514,esmfold2,msa_nonpairing_loop10_samples200
2v8c,42,3,0.6038,0.5144,5.0907,0.545,5.091,2.011,0.543,esmfold2,msa_nonpairing_loop10_samples200
2v8c,42,4,0.5307,0.4014,5.1319,0.545,5.132,2.135,0.571,esmfold2,msa_nonpairing_loop10_samples200
2v8c,43,0,0.638,0.5552,4.8421,0.563,4.842,1.983,0.571,esmfold2,msa_nonpairing_loop10_samples200
2v8c,43,1,0.4563,0.2755,19.7965,0.099,19.796,9.201,0.114,esmfold2,msa_nonpairing_loop10_samples200
2v8c,43,2,0.6223,0.5435,5.3006,0.538,5.301,2.181,0.571,esmfold2,msa_nonpairing_loop10_samples200
2v8c,43,3,0.4413,0.2714,19.0386,0.122,19.039,8.871,0.171,esmfold2,msa_nonpairing_loop10_samples200
2v8c,43,4,0.612,0.5234,4.9165,0.56,4.917,1.999,0.571,esmfold2,msa_nonpairing_loop10_samples200
2v8c,44,0,0.6268,0.5411,5.3436,0.533,5.344,2.228,0.571,esmfold2,msa_nonpairing_loop10_samples200
2v8c,44,1,0.6105,0.5184,5.0129,0.55,5.013,2.107,0.571,esmfold2,msa_nonpairing_loop10_samples200
2v8c,44,2,0.6255,0.5444,5.0414,0.542,5.041,2.068,0.543,esmfold2,msa_nonpairing_loop10_samples200
2v8c,44,3,0.6189,0.5338,4.7176,0.566,4.718,1.985,0.571,esmfold2,msa_nonpairing_loop10_samples200
2v8c,44,4,0.6167,0.533,4.8817,0.547,4.882,1.94,0.514,esmfold2,msa_nonpairing_loop10_samples200
2vzg,42,0,0.6224,0.5671,3.8591,0.702,3.859,1.902,0.893,esmfold2,msa_nonpairing_loop10_samples200
2vzg,42,1,0.6694,0.6267,2.2935,0.847,2.294,1.115,0.964,esmfold2,msa_nonpairing_loop10_samples200
2vzg,42,2,0.6623,0.6093,2.7901,0.786,2.79,1.232,0.857,esmfold2,msa_nonpairing_loop10_samples200
2vzg,42,3,0.6603,0.6071,2.1574,0.856,2.157,1.066,0.964,esmfold2,msa_nonpairing_loop10_samples200
2vzg,42,4,0.6701,0.6236,2.2177,0.853,2.218,1.082,0.964,esmfold2,msa_nonpairing_loop10_samples200
2vzg,43,0,0.689,0.6577,2.2808,0.841,2.281,1.074,0.929,esmfold2,msa_nonpairing_loop10_samples200
2vzg,43,1,0.6922,0.6668,2.3842,0.831,2.384,1.128,0.929,esmfold2,msa_nonpairing_loop10_samples200
2vzg,43,2,0.664,0.6167,3.0707,0.754,3.071,1.439,0.857,esmfold2,msa_nonpairing_loop10_samples200
2vzg,43,3,0.665,0.6189,2.952,0.781,2.952,1.338,0.893,esmfold2,msa_nonpairing_loop10_samples200
2vzg,43,4,0.6772,0.6353,3.331,0.741,3.331,1.502,0.857,esmfold2,msa_nonpairing_loop10_samples200
2vzg,44,0,0.6611,0.6071,2.157,0.843,2.157,1.074,0.929,esmfold2,msa_nonpairing_loop10_samples200
2vzg,44,1,0.6777,0.6381,2.7823,0.79,2.782,1.29,0.893,esmfold2,msa_nonpairing_loop10_samples200
2vzg,44,2,0.6634,0.6129,2.7739,0.819,2.774,1.253,0.964,esmfold2,msa_nonpairing_loop10_samples200
2vzg,44,3,0.673,0.6247,2.3171,0.847,2.317,1.111,0.964,esmfold2,msa_nonpairing_loop10_samples200
2vzg,44,4,0.6997,0.6782,2.4508,0.831,2.451,1.125,0.929,esmfold2,msa_nonpairing_loop10_samples200
2xcb,42,0,0.8739,0.941,1.0279,0.934,1.028,0.41,0.886,esmfold2,msa_nonpairing_loop10_samples200
2xcb,42,1,0.8734,0.9386,1.0538,0.946,1.054,0.379,0.914,esmfold2,msa_nonpairing_loop10_samples200
2xcb,42,2,0.8724,0.9422,1.0709,0.936,1.071,0.383,0.886,esmfold2,msa_nonpairing_loop10_samples200
2xcb,42,3,0.8701,0.9395,1.189,0.932,1.189,0.414,0.886,esmfold2,msa_nonpairing_loop10_samples200
2xcb,42,4,0.876,0.9415,0.9641,0.936,0.964,0.395,0.886,esmfold2,msa_nonpairing_loop10_samples200
2xcb,43,0,0.8752,0.9426,1.4415,0.928,1.442,0.424,0.886,esmfold2,msa_nonpairing_loop10_samples200
2xcb,43,1,0.8694,0.9354,0.9946,0.936,0.995,0.393,0.886,esmfold2,msa_nonpairing_loop10_samples200
2xcb,43,2,0.8734,0.9379,1.0619,0.935,1.062,0.4,0.886,esmfold2,msa_nonpairing_loop10_samples200
2xcb,43,3,0.8765,0.9413,0.9737,0.939,0.974,0.363,0.886,esmfold2,msa_nonpairing_loop10_samples200
2xcb,43,4,0.8746,0.9405,0.9229,0.939,0.923,0.369,0.886,esmfold2,msa_nonpairing_loop10_samples200
2xcb,44,0,0.8624,0.9337,1.3647,0.923,1.365,0.48,0.886,esmfold2,msa_nonpairing_loop10_samples200
2xcb,44,1,0.8738,0.9383,1.2709,0.929,1.271,0.434,0.886,esmfold2,msa_nonpairing_loop10_samples200
2xcb,44,2,0.8726,0.9393,0.9909,0.95,0.991,0.351,0.914,esmfold2,msa_nonpairing_loop10_samples200
2xcb,44,3,0.8757,0.9428,1.0811,0.936,1.081,0.386,0.886,esmfold2,msa_nonpairing_loop10_samples200
2xcb,44,4,0.8767,0.9426,1.032,0.938,1.032,0.367,0.886,esmfold2,msa_nonpairing_loop10_samples200
2xpn,42,0,0.8447,0.8966,2.3054,0.823,2.305,1.165,0.915,esmfold2,msa_nonpairing_loop10_samples200
2xpn,42,1,0.8389,0.8938,2.1763,0.833,2.176,1.112,0.915,esmfold2,msa_nonpairing_loop10_samples200
2xpn,42,2,0.8418,0.8963,2.1436,0.837,2.144,1.087,0.915,esmfold2,msa_nonpairing_loop10_samples200
2xpn,42,3,0.8428,0.8974,2.2485,0.825,2.248,1.16,0.915,esmfold2,msa_nonpairing_loop10_samples200
2xpn,42,4,0.8264,0.8788,2.6426,0.778,2.643,1.353,0.872,esmfold2,msa_nonpairing_loop10_samples200
2xpn,43,0,0.8441,0.899,2.3974,0.818,2.397,1.194,0.915,esmfold2,msa_nonpairing_loop10_samples200
2xpn,43,1,0.8416,0.894,2.4416,0.809,2.442,1.203,0.894,esmfold2,msa_nonpairing_loop10_samples200
2xpn,43,2,0.826,0.8824,2.3623,0.829,2.362,1.223,0.957,esmfold2,msa_nonpairing_loop10_samples200
2xpn,43,3,0.8274,0.8814,2.6953,0.803,2.695,1.317,0.936,esmfold2,msa_nonpairing_loop10_samples200
2xpn,43,4,0.8452,0.8999,2.3815,0.81,2.382,1.199,0.894,esmfold2,msa_nonpairing_loop10_samples200
2xpn,44,0,0.8388,0.8899,1.6577,0.879,1.658,0.849,0.915,esmfold2,msa_nonpairing_loop10_samples200
2xpn,44,1,0.8451,0.9006,2.367,0.809,2.367,1.212,0.894,esmfold2,msa_nonpairing_loop10_samples200
2xpn,44,2,0.8444,0.8986,2.4066,0.802,2.407,1.205,0.872,esmfold2,msa_nonpairing_loop10_samples200
2xpn,44,3,0.8411,0.8971,2.5854,0.795,2.585,1.284,0.894,esmfold2,msa_nonpairing_loop10_samples200
2xpn,44,4,0.8389,0.892,2.1441,0.843,2.144,1.092,0.936,esmfold2,msa_nonpairing_loop10_samples200
2xrw,42,0,0.4559,0.5006,5.1108,0.518,5.111,2.075,0.475,esmfold2,msa_nonpairing_loop10_samples200
2xrw,42,1,0.7024,0.7615,3.2084,0.773,3.208,1.444,0.925,esmfold2,msa_nonpairing_loop10_samples200
2xrw,42,2,0.4525,0.4943,5.5128,0.514,5.513,2.223,0.525,esmfold2,msa_nonpairing_loop10_samples200
2xrw,42,3,0.7101,0.7721,3.2946,0.77,3.295,1.379,0.9,esmfold2,msa_nonpairing_loop10_samples200
2xrw,42,4,0.6829,0.7515,3.4933,0.763,3.493,1.471,0.925,esmfold2,msa_nonpairing_loop10_samples200
2xrw,43,0,0.7008,0.7553,3.2241,0.781,3.224,1.377,0.925,esmfold2,msa_nonpairing_loop10_samples200
2xrw,43,1,0.6925,0.7437,3.2404,0.776,3.24,1.41,0.925,esmfold2,msa_nonpairing_loop10_samples200
2xrw,43,2,0.6875,0.7449,3.2205,0.796,3.22,1.389,0.975,esmfold2,msa_nonpairing_loop10_samples200
2xrw,43,3,0.6954,0.758,3.151,0.783,3.151,1.369,0.925,esmfold2,msa_nonpairing_loop10_samples200
2xrw,43,4,0.4785,0.5354,5.351,0.484,5.351,2.229,0.425,esmfold2,msa_nonpairing_loop10_samples200
2xrw,44,0,0.6918,0.7471,3.2775,0.787,3.277,1.386,0.95,esmfold2,msa_nonpairing_loop10_samples200
2xrw,44,1,0.7125,0.7542,3.3197,0.775,3.32,1.408,0.925,esmfold2,msa_nonpairing_loop10_samples200
2xrw,44,2,0.7006,0.7592,3.2244,0.79,3.224,1.366,0.95,esmfold2,msa_nonpairing_loop10_samples200
2xrw,44,3,0.6949,0.7557,3.3011,0.774,3.301,1.421,0.925,esmfold2,msa_nonpairing_loop10_samples200
2xrw,44,4,0.7015,0.7663,3.2725,0.774,3.272,1.423,0.925,esmfold2,msa_nonpairing_loop10_samples200
2ymt,42,0,0.9251,0.9561,0.7125,0.962,0.712,0.319,0.935,esmfold2,msa_nonpairing_loop10_samples200
2ymt,42,1,0.9267,0.9588,0.8414,0.959,0.841,0.343,0.935,esmfold2,msa_nonpairing_loop10_samples200
2ymt,42,2,0.9251,0.9563,0.6858,0.962,0.686,0.314,0.935,esmfold2,msa_nonpairing_loop10_samples200
2ymt,42,3,0.9274,0.958,0.3418,0.978,0.342,0.268,0.968,esmfold2,msa_nonpairing_loop10_samples200
2ymt,42,4,0.928,0.9545,0.5969,0.967,0.597,0.259,0.935,esmfold2,msa_nonpairing_loop10_samples200
2ymt,43,0,0.9262,0.9561,0.6567,0.963,0.657,0.304,0.935,esmfold2,msa_nonpairing_loop10_samples200
2ymt,43,1,0.9247,0.9576,0.4294,0.978,0.429,0.271,0.968,esmfold2,msa_nonpairing_loop10_samples200
2ymt,43,2,0.9268,0.9541,0.6165,0.965,0.617,0.292,0.935,esmfold2,msa_nonpairing_loop10_samples200
2ymt,43,3,0.9288,0.9575,0.4359,0.98,0.436,0.243,0.968,esmfold2,msa_nonpairing_loop10_samples200
2ymt,43,4,0.9278,0.9575,0.4206,0.979,0.421,0.251,0.968,esmfold2,msa_nonpairing_loop10_samples200
2ymt,44,0,0.9256,0.9568,0.7566,0.961,0.757,0.329,0.935,esmfold2,msa_nonpairing_loop10_samples200
2ymt,44,1,0.9255,0.9588,0.4521,0.977,0.452,0.279,0.968,esmfold2,msa_nonpairing_loop10_samples200
2ymt,44,2,0.9286,0.9552,0.4823,0.968,0.482,0.251,0.935,esmfold2,msa_nonpairing_loop10_samples200
2ymt,44,3,0.93,0.9548,0.5633,0.966,0.563,0.276,0.935,esmfold2,msa_nonpairing_loop10_samples200
2ymt,44,4,0.9263,0.9567,0.7967,0.959,0.797,0.339,0.935,esmfold2,msa_nonpairing_loop10_samples200
3agy,42,0,0.8527,0.9229,1.5366,0.937,1.537,0.474,0.933,esmfold2,msa_nonpairing_loop10_samples200
3agy,42,1,0.8414,0.9201,2.4053,0.884,2.405,0.765,0.933,esmfold2,msa_nonpairing_loop10_samples200
3agy,42,2,0.8501,0.9218,1.9635,0.912,1.963,0.538,0.9,esmfold2,msa_nonpairing_loop10_samples200
3agy,42,3,0.8546,0.9258,1.8933,0.913,1.893,0.54,0.9,esmfold2,msa_nonpairing_loop10_samples200
3agy,42,4,0.8564,0.9273,1.2927,0.95,1.293,0.377,0.933,esmfold2,msa_nonpairing_loop10_samples200
3agy,43,0,0.8544,0.9238,1.6173,0.937,1.617,0.463,0.933,esmfold2,msa_nonpairing_loop10_samples200
3agy,43,1,0.853,0.9223,1.6606,0.934,1.661,0.484,0.933,esmfold2,msa_nonpairing_loop10_samples200
3agy,43,2,0.8554,0.9255,1.9027,0.915,1.903,0.518,0.9,esmfold2,msa_nonpairing_loop10_samples200
3agy,43,3,0.8493,0.9217,1.894,0.902,1.894,0.619,0.9,esmfold2,msa_nonpairing_loop10_samples200
3agy,43,4,0.8511,0.9218,1.661,0.93,1.661,0.522,0.933,esmfold2,msa_nonpairing_loop10_samples200
3agy,44,0,0.8518,0.9221,1.8847,0.913,1.885,0.54,0.9,esmfold2,msa_nonpairing_loop10_samples200
3agy,44,1,0.8546,0.9246,1.3235,0.944,1.324,0.438,0.933,esmfold2,msa_nonpairing_loop10_samples200
3agy,44,2,0.8572,0.9258,1.4724,0.926,1.472,0.481,0.9,esmfold2,msa_nonpairing_loop10_samples200
3agy,44,3,0.852,0.9232,1.7002,0.928,1.7,0.53,0.933,esmfold2,msa_nonpairing_loop10_samples200
3agy,44,4,0.8446,0.9191,1.0934,0.952,1.093,0.386,0.933,esmfold2,msa_nonpairing_loop10_samples200
3bej,42,0,0.8126,0.8953,2.3472,0.751,2.347,1.126,0.684,esmfold2,msa_nonpairing_loop10_samples200
3bej,42,1,0.8105,0.8978,2.1275,0.767,2.127,1.099,0.711,esmfold2,msa_nonpairing_loop10_samples200
3bej,42,2,0.8069,0.8908,2.0635,0.766,2.063,1.057,0.684,esmfold2,msa_nonpairing_loop10_samples200
3bej,42,3,0.8161,0.8983,2.2929,0.752,2.293,1.129,0.684,esmfold2,msa_nonpairing_loop10_samples200
3bej,42,4,0.8156,0.8997,2.3444,0.755,2.344,1.165,0.711,esmfold2,msa_nonpairing_loop10_samples200
3bej,43,0,0.8006,0.8841,2.3743,0.735,2.374,1.174,0.658,esmfold2,msa_nonpairing_loop10_samples200
3bej,43,1,0.8144,0.8964,2.3629,0.751,2.363,1.12,0.684,esmfold2,msa_nonpairing_loop10_samples200
3bej,43,2,0.808,0.8921,2.2384,0.764,2.238,1.108,0.711,esmfold2,msa_nonpairing_loop10_samples200
3bej,43,3,0.8106,0.8945,2.3538,0.768,2.354,1.125,0.737,esmfold2,msa_nonpairing_loop10_samples200
3bej,43,4,0.8132,0.8948,2.2945,0.749,2.295,1.146,0.684,esmfold2,msa_nonpairing_loop10_samples200
3bej,44,0,0.7938,0.8826,1.7619,0.777,1.762,1.012,0.684,esmfold2,msa_nonpairing_loop10_samples200
3bej,44,1,0.8039,0.8889,2.4797,0.761,2.48,1.164,0.737,esmfold2,msa_nonpairing_loop10_samples200
3bej,44,2,0.8175,0.9028,2.2001,0.777,2.2,1.086,0.737,esmfold2,msa_nonpairing_loop10_samples200
3bej,44,3,0.8067,0.8905,2.1504,0.767,2.15,1.1,0.711,esmfold2,msa_nonpairing_loop10_samples200
3bej,44,4,0.813,0.9002,2.011,0.777,2.011,1.046,0.711,esmfold2,msa_nonpairing_loop10_samples200
3bqo,42,0,0.5061,0.5316,10.3464,0.249,10.346,3.685,0.203,esmfold2,msa_nonpairing_loop10_samples200
3bqo,42,1,0.5326,0.5611,10.1322,0.264,10.132,3.639,0.234,esmfold2,msa_nonpairing_loop10_samples200
3bqo,42,2,0.5316,0.5554,9.8408,0.262,9.841,3.492,0.203,esmfold2,msa_nonpairing_loop10_samples200
3bqo,42,3,0.518,0.5352,8.7139,0.292,8.714,3.155,0.203,esmfold2,msa_nonpairing_loop10_samples200
3bqo,42,4,0.5439,0.5744,9.9562,0.265,9.956,3.52,0.219,esmfold2,msa_nonpairing_loop10_samples200
3bqo,43,0,0.5437,0.5748,10.4856,0.247,10.486,3.704,0.203,esmfold2,msa_nonpairing_loop10_samples200
3bqo,43,1,0.5326,0.5676,10.5696,0.229,10.57,3.753,0.156,esmfold2,msa_nonpairing_loop10_samples200
3bqo,43,2,0.8243,0.8934,1.3312,0.913,1.331,0.572,0.891,esmfold2,msa_nonpairing_loop10_samples200
3bqo,43,3,0.4822,0.4665,10.8356,0.213,10.836,3.823,0.125,esmfold2,msa_nonpairing_loop10_samples200
3bqo,43,4,0.5427,0.5714,9.9436,0.264,9.944,3.562,0.219,esmfold2,msa_nonpairing_loop10_samples200
3bqo,44,0,0.5389,0.565,9.781,0.268,9.781,3.518,0.219,esmfold2,msa_nonpairing_loop10_samples200
3bqo,44,1,0.5151,0.5323,9.893,0.256,9.893,3.503,0.188,esmfold2,msa_nonpairing_loop10_samples200
3bqo,44,2,0.8235,0.8944,2.116,0.88,2.116,0.804,0.922,esmfold2,msa_nonpairing_loop10_samples200
3bqo,44,3,0.8183,0.8888,1.5064,0.888,1.506,0.628,0.844,esmfold2,msa_nonpairing_loop10_samples200
3bqo,44,4,0.5159,0.5202,10.3241,0.26,10.324,3.706,0.234,esmfold2,msa_nonpairing_loop10_samples200
3emh,42,0,0.857,0.951,0.645,0.957,0.645,0.232,0.9,esmfold2,msa_nonpairing_loop10_samples200
3emh,42,1,0.8567,0.9432,0.6759,0.957,0.676,0.232,0.9,esmfold2,msa_nonpairing_loop10_samples200
3emh,42,2,0.8579,0.9515,0.5982,0.958,0.598,0.22,0.9,esmfold2,msa_nonpairing_loop10_samples200
3emh,42,3,0.8653,0.9551,0.5796,0.958,0.58,0.217,0.9,esmfold2,msa_nonpairing_loop10_samples200
3emh,42,4,0.8579,0.9519,0.6648,0.957,0.665,0.234,0.9,esmfold2,msa_nonpairing_loop10_samples200
3emh,43,0,0.8576,0.949,0.5974,0.958,0.597,0.213,0.9,esmfold2,msa_nonpairing_loop10_samples200
3emh,43,1,0.8636,0.9518,0.5091,0.97,0.509,0.207,0.933,esmfold2,msa_nonpairing_loop10_samples200
3emh,43,2,0.8607,0.9522,0.8959,0.94,0.896,0.283,0.867,esmfold2,msa_nonpairing_loop10_samples200
3emh,43,3,0.859,0.9499,0.5897,0.97,0.59,0.207,0.933,esmfold2,msa_nonpairing_loop10_samples200
3emh,43,4,0.8412,0.9339,0.6866,0.957,0.687,0.228,0.9,esmfold2,msa_nonpairing_loop10_samples200
3emh,44,0,0.8625,0.9525,0.5909,0.959,0.591,0.212,0.9,esmfold2,msa_nonpairing_loop10_samples200
3emh,44,1,0.8665,0.9556,0.7125,0.956,0.712,0.236,0.9,esmfold2,msa_nonpairing_loop10_samples200
3emh,44,2,0.864,0.9545,0.5982,0.958,0.598,0.22,0.9,esmfold2,msa_nonpairing_loop10_samples200
3emh,44,3,0.8522,0.9492,0.5355,0.948,0.535,0.2,0.867,esmfold2,msa_nonpairing_loop10_samples200
3emh,44,4,0.8577,0.9511,0.6282,0.946,0.628,0.224,0.867,esmfold2,msa_nonpairing_loop10_samples200
3emw,42,0,0.6881,0.8238,7.0734,0.406,7.073,2.514,0.364,esmfold2,msa_nonpairing_loop10_samples200
3emw,42,1,0.7697,0.8308,5.6135,0.473,5.613,2.146,0.394,esmfold2,msa_nonpairing_loop10_samples200
3emw,42,2,0.7669,0.8307,5.7633,0.469,5.763,2.151,0.394,esmfold2,msa_nonpairing_loop10_samples200
3emw,42,3,0.7616,0.8295,5.5954,0.472,5.595,2.158,0.394,esmfold2,msa_nonpairing_loop10_samples200
3emw,42,4,0.7657,0.828,5.6932,0.471,5.693,2.14,0.394,esmfold2,msa_nonpairing_loop10_samples200
3emw,43,0,0.6976,0.8343,6.3334,0.41,6.333,2.39,0.303,esmfold2,msa_nonpairing_loop10_samples200
3emw,43,1,0.7775,0.8301,5.5962,0.475,5.596,2.123,0.394,esmfold2,msa_nonpairing_loop10_samples200
3emw,43,2,0.7105,0.8372,6.0895,0.443,6.089,2.259,0.364,esmfold2,msa_nonpairing_loop10_samples200
3emw,43,3,0.7592,0.8334,5.6923,0.46,5.692,2.158,0.364,esmfold2,msa_nonpairing_loop10_samples200
3emw,43,4,0.7519,0.8375,5.793,0.443,5.793,2.223,0.333,esmfold2,msa_nonpairing_loop10_samples200
3emw,44,0,0.7009,0.8267,7.2811,0.376,7.281,2.615,0.303,esmfold2,msa_nonpairing_loop10_samples200
3emw,44,1,0.7785,0.8353,5.7989,0.469,5.799,2.128,0.394,esmfold2,msa_nonpairing_loop10_samples200
3emw,44,2,0.7072,0.8309,7.2757,0.373,7.276,2.674,0.303,esmfold2,msa_nonpairing_loop10_samples200
3emw,44,3,0.7747,0.8286,5.6714,0.47,5.671,2.17,0.394,esmfold2,msa_nonpairing_loop10_samples200
3emw,44,4,0.748,0.8368,5.7599,0.443,5.76,2.233,0.333,esmfold2,msa_nonpairing_loop10_samples200
3et3,42,0,0.8109,0.8966,1.2184,0.921,1.218,0.47,0.872,esmfold2,msa_nonpairing_loop10_samples200
3et3,42,1,0.8174,0.9011,0.9377,0.94,0.938,0.453,0.915,esmfold2,msa_nonpairing_loop10_samples200
3et3,42,2,0.8152,0.8986,0.8174,0.928,0.817,0.436,0.872,esmfold2,msa_nonpairing_loop10_samples200
3et3,42,3,0.8154,0.8991,0.9531,0.939,0.953,0.454,0.915,esmfold2,msa_nonpairing_loop10_samples200
3et3,42,4,0.8149,0.8971,1.176,0.94,1.176,0.493,0.936,esmfold2,msa_nonpairing_loop10_samples200
3et3,43,0,0.8168,0.9007,0.8838,0.946,0.884,0.398,0.915,esmfold2,msa_nonpairing_loop10_samples200
3et3,43,1,0.8172,0.8999,0.9456,0.94,0.946,0.51,0.936,esmfold2,msa_nonpairing_loop10_samples200
3et3,43,2,0.8088,0.892,2.7844,0.802,2.784,1.197,0.894,esmfold2,msa_nonpairing_loop10_samples200
3et3,43,3,0.8178,0.9023,0.8799,0.946,0.88,0.401,0.915,esmfold2,msa_nonpairing_loop10_samples200
3et3,43,4,0.8127,0.8967,1.0418,0.938,1.042,0.395,0.894,esmfold2,msa_nonpairing_loop10_samples200
3et3,44,0,0.8014,0.8907,1.1463,0.917,1.146,0.568,0.894,esmfold2,msa_nonpairing_loop10_samples200
3et3,44,1,0.8085,0.8883,2.8305,0.799,2.831,1.272,0.915,esmfold2,msa_nonpairing_loop10_samples200
3et3,44,2,0.815,0.8983,1.1824,0.941,1.182,0.486,0.936,esmfold2,msa_nonpairing_loop10_samples200
3et3,44,3,0.8185,0.9021,0.7718,0.944,0.772,0.356,0.894,esmfold2,msa_nonpairing_loop10_samples200
3et3,44,4,0.8168,0.9,1.0674,0.934,1.067,0.428,0.894,esmfold2,msa_nonpairing_loop10_samples200
3fp2,42,0,0.6492,0.823,22.8316,0.42,22.832,2.268,0.833,esmfold2,msa_nonpairing_loop10_samples200
3fp2,42,1,0.6269,0.804,20.4902,0.389,20.49,2.223,0.708,esmfold2,msa_nonpairing_loop10_samples200
3fp2,42,2,0.636,0.8209,14.6542,0.41,14.654,2.227,0.667,esmfold2,msa_nonpairing_loop10_samples200
3fp2,42,3,0.6534,0.8308,5.7475,0.587,5.748,2.168,0.75,esmfold2,msa_nonpairing_loop10_samples200
3fp2,42,4,0.6425,0.8077,20.2021,0.421,20.202,2.418,0.833,esmfold2,msa_nonpairing_loop10_samples200
3fp2,43,0,0.6637,0.8409,16.7013,0.429,16.701,2.134,0.75,esmfold2,msa_nonpairing_loop10_samples200
3fp2,43,1,0.6466,0.8136,24.0903,0.393,24.09,2.434,0.792,esmfold2,msa_nonpairing_loop10_samples200
3fp2,43,2,0.6516,0.8186,17.5854,0.435,17.585,2.386,0.833,esmfold2,msa_nonpairing_loop10_samples200
3fp2,43,3,0.64,0.8229,24.4069,0.365,24.407,2.413,0.708,esmfold2,msa_nonpairing_loop10_samples200
3fp2,43,4,0.6481,0.8277,24.3162,0.373,24.316,2.287,0.708,esmfold2,msa_nonpairing_loop10_samples200
3fp2,44,0,0.6425,0.8181,21.8431,0.374,21.843,2.4,0.708,esmfold2,msa_nonpairing_loop10_samples200
3fp2,44,1,0.642,0.818,18.1907,0.424,18.191,2.289,0.792,esmfold2,msa_nonpairing_loop10_samples200
3fp2,44,2,0.6575,0.8244,21.1407,0.392,21.141,2.365,0.75,esmfold2,msa_nonpairing_loop10_samples200
3fp2,44,3,0.6461,0.8172,24.6382,0.37,24.638,2.32,0.708,esmfold2,msa_nonpairing_loop10_samples200
3fp2,44,4,0.6342,0.8073,19.5611,0.385,19.561,2.363,0.708,esmfold2,msa_nonpairing_loop10_samples200
3g2s,42,0,0.8081,0.8968,5.2656,0.733,5.266,1.41,0.946,esmfold2,msa_nonpairing_loop10_samples200
3g2s,42,1,0.8054,0.8957,3.9498,0.788,3.95,1.237,0.946,esmfold2,msa_nonpairing_loop10_samples200
3g2s,42,2,0.8175,0.8955,5.5653,0.699,5.565,1.659,0.946,esmfold2,msa_nonpairing_loop10_samples200
3g2s,42,3,0.7919,0.8946,2.9088,0.85,2.909,1.023,0.973,esmfold2,msa_nonpairing_loop10_samples200
3g2s,42,4,0.816,0.8944,5.1667,0.711,5.167,1.64,0.946,esmfold2,msa_nonpairing_loop10_samples200
3g2s,43,0,0.7686,0.8961,1.6443,0.895,1.644,0.746,0.919,esmfold2,msa_nonpairing_loop10_samples200
3g2s,43,1,0.8129,0.8958,5.3313,0.71,5.331,1.609,0.946,esmfold2,msa_nonpairing_loop10_samples200
3g2s,43,2,0.808,0.8944,5.9346,0.675,5.935,1.814,0.946,esmfold2,msa_nonpairing_loop10_samples200
3g2s,43,3,0.8122,0.8931,5.1763,0.711,5.176,1.632,0.946,esmfold2,msa_nonpairing_loop10_samples200
3g2s,43,4,0.8132,0.8918,4.7611,0.741,4.761,1.456,0.946,esmfold2,msa_nonpairing_loop10_samples200
3g2s,44,0,0.818,0.893,5.6035,0.702,5.604,1.611,0.946,esmfold2,msa_nonpairing_loop10_samples200
3g2s,44,1,0.8041,0.894,5.4285,0.7,5.428,1.683,0.946,esmfold2,msa_nonpairing_loop10_samples200
3g2s,44,2,0.7686,0.896,2.6036,0.866,2.604,0.896,0.946,esmfold2,msa_nonpairing_loop10_samples200
3g2s,44,3,0.7832,0.8961,2.8022,0.859,2.802,0.912,0.946,esmfold2,msa_nonpairing_loop10_samples200
3g2s,44,4,0.8105,0.8953,4.1943,0.771,4.194,1.398,0.973,esmfold2,msa_nonpairing_loop10_samples200
3h1z,42,0,0.3743,0.3508,14.7817,0.138,14.782,6.371,0.113,esmfold2,msa_nonpairing_loop10_samples200
3h1z,42,1,0.2562,0.1146,31.6937,0.027,31.694,12.763,0.0,esmfold2,msa_nonpairing_loop10_samples200
3h1z,42,2,0.3611,0.3104,11.3876,0.199,11.388,4.791,0.151,esmfold2,msa_nonpairing_loop10_samples200
3h1z,42,3,0.3799,0.3217,11.5384,0.269,11.538,5.129,0.377,esmfold2,msa_nonpairing_loop10_samples200
3h1z,42,4,0.3875,0.3533,17.7427,0.105,17.743,7.928,0.094,esmfold2,msa_nonpairing_loop10_samples200
3h1z,43,0,0.3752,0.3317,9.8454,0.285,9.845,4.358,0.321,esmfold2,msa_nonpairing_loop10_samples200
3h1z,43,1,0.3711,0.321,11.0384,0.206,11.038,4.663,0.151,esmfold2,msa_nonpairing_loop10_samples200
3h1z,43,2,0.252,0.11,31.9402,0.027,31.94,12.859,0.0,esmfold2,msa_nonpairing_loop10_samples200
3h1z,43,3,0.3486,0.2843,23.7621,0.095,23.762,10.55,0.151,esmfold2,msa_nonpairing_loop10_samples200
3h1z,43,4,0.3674,0.3353,17.9688,0.074,17.969,7.289,0.0,esmfold2,msa_nonpairing_loop10_samples200
3h1z,44,0,0.3328,0.267,16.8982,0.149,16.898,7.745,0.208,esmfold2,msa_nonpairing_loop10_samples200
3h1z,44,1,0.3626,0.2849,9.5058,0.329,9.506,4.276,0.434,esmfold2,msa_nonpairing_loop10_samples200
3h1z,44,2,0.3799,0.3119,21.2152,0.08,21.215,9.409,0.075,esmfold2,msa_nonpairing_loop10_samples200
3h1z,44,3,0.4088,0.3667,9.2686,0.284,9.269,4.219,0.283,esmfold2,msa_nonpairing_loop10_samples200
3h1z,44,4,0.4114,0.3657,17.075,0.113,17.075,6.877,0.094,esmfold2,msa_nonpairing_loop10_samples200
3i5r,42,0,0.8819,0.8681,1.0525,0.943,1.053,0.548,0.962,esmfold2,msa_nonpairing_loop10_samples200
3i5r,42,1,0.8903,0.8741,0.8416,0.966,0.842,0.477,1.0,esmfold2,msa_nonpairing_loop10_samples200
3i5r,42,2,0.8818,0.8632,1.0503,0.923,1.05,0.607,0.923,esmfold2,msa_nonpairing_loop10_samples200
3i5r,42,3,0.882,0.8673,1.4514,0.913,1.451,0.645,0.923,esmfold2,msa_nonpairing_loop10_samples200
3i5r,42,4,0.8857,0.8735,1.0295,0.946,1.03,0.523,0.962,esmfold2,msa_nonpairing_loop10_samples200
3i5r,43,0,0.8788,0.8637,1.1147,0.928,1.115,0.56,0.923,esmfold2,msa_nonpairing_loop10_samples200
3i5r,43,1,0.8774,0.8611,1.3146,0.921,1.315,0.593,0.923,esmfold2,msa_nonpairing_loop10_samples200
3i5r,43,2,0.8872,0.8741,0.9885,0.943,0.988,0.55,0.962,esmfold2,msa_nonpairing_loop10_samples200
3i5r,43,3,0.8879,0.8691,0.7784,0.966,0.778,0.484,1.0,esmfold2,msa_nonpairing_loop10_samples200
3i5r,43,4,0.8862,0.8726,1.0675,0.937,1.067,0.593,0.962,esmfold2,msa_nonpairing_loop10_samples200
3i5r,44,0,0.8878,0.8693,0.7641,0.952,0.764,0.495,0.962,esmfold2,msa_nonpairing_loop10_samples200
3i5r,44,1,0.8863,0.8719,1.0444,0.941,1.044,0.563,0.962,esmfold2,msa_nonpairing_loop10_samples200
3i5r,44,2,0.8851,0.8719,1.0071,0.929,1.007,0.558,0.923,esmfold2,msa_nonpairing_loop10_samples200
3i5r,44,3,0.8757,0.8606,1.5523,0.91,1.552,0.654,0.923,esmfold2,msa_nonpairing_loop10_samples200
3i5r,44,4,0.887,0.8742,0.9609,0.947,0.961,0.525,0.962,esmfold2,msa_nonpairing_loop10_samples200
3obq,42,0,0.9055,0.931,0.6073,0.945,0.607,0.43,0.917,esmfold2,msa_nonpairing_loop10_samples200
3obq,42,1,0.8896,0.9133,0.6082,0.967,0.608,0.399,0.972,esmfold2,msa_nonpairing_loop10_samples200
3obq,42,2,0.9044,0.9295,0.8716,0.938,0.872,0.48,0.917,esmfold2,msa_nonpairing_loop10_samples200
3obq,42,3,0.9043,0.9283,0.8358,0.924,0.836,0.517,0.889,esmfold2,msa_nonpairing_loop10_samples200
3obq,42,4,0.9007,0.9253,1.0746,0.926,1.075,0.56,0.917,esmfold2,msa_nonpairing_loop10_samples200
3obq,43,0,0.899,0.9247,0.6315,0.945,0.631,0.431,0.917,esmfold2,msa_nonpairing_loop10_samples200
3obq,43,1,0.9023,0.9264,0.7777,0.947,0.778,0.483,0.944,esmfold2,msa_nonpairing_loop10_samples200
3obq,43,2,0.902,0.9264,0.8522,0.944,0.852,0.509,0.944,esmfold2,msa_nonpairing_loop10_samples200
3obq,43,3,0.8757,0.9033,0.9861,0.912,0.986,0.604,0.889,esmfold2,msa_nonpairing_loop10_samples200
3obq,43,4,0.9056,0.9301,1.0895,0.93,1.09,0.528,0.917,esmfold2,msa_nonpairing_loop10_samples200
3obq,44,0,0.8995,0.9251,0.8049,0.955,0.805,0.41,0.944,esmfold2,msa_nonpairing_loop10_samples200
3obq,44,1,0.8992,0.9274,1.21,0.92,1.21,0.6,0.917,esmfold2,msa_nonpairing_loop10_samples200
3obq,44,2,0.88,0.9083,1.2371,0.909,1.237,0.607,0.889,esmfold2,msa_nonpairing_loop10_samples200
3obq,44,3,0.8949,0.9237,1.3966,0.912,1.397,0.644,0.917,esmfold2,msa_nonpairing_loop10_samples200
3obq,44,4,0.898,0.9247,1.3947,0.916,1.395,0.682,0.944,esmfold2,msa_nonpairing_loop10_samples200
3p72,42,0,0.925,0.9668,0.7043,0.951,0.704,0.406,0.927,esmfold2,msa_nonpairing_loop10_samples200
3p72,42,1,0.9251,0.9668,0.5246,0.963,0.525,0.371,0.951,esmfold2,msa_nonpairing_loop10_samples200
3p72,42,2,0.9189,0.9649,0.81,0.95,0.81,0.4,0.927,esmfold2,msa_nonpairing_loop10_samples200
3p72,42,3,0.9216,0.966,0.7292,0.958,0.729,0.407,0.951,esmfold2,msa_nonpairing_loop10_samples200
3p72,42,4,0.9247,0.9667,0.5183,0.948,0.518,0.36,0.902,esmfold2,msa_nonpairing_loop10_samples200
3p72,43,0,0.925,0.9671,0.519,0.946,0.519,0.385,0.902,esmfold2,msa_nonpairing_loop10_samples200
3p72,43,1,0.919,0.9652,0.7544,0.954,0.754,0.365,0.927,esmfold2,msa_nonpairing_loop10_samples200
3p72,43,2,0.9247,0.9668,0.6363,0.95,0.636,0.415,0.927,esmfold2,msa_nonpairing_loop10_samples200
3p72,43,3,0.9249,0.967,0.5295,0.957,0.53,0.355,0.927,esmfold2,msa_nonpairing_loop10_samples200
3p72,43,4,0.9206,0.9646,0.3814,0.955,0.381,0.376,0.927,esmfold2,msa_nonpairing_loop10_samples200
3p72,44,0,0.9227,0.9658,0.4008,0.96,0.401,0.32,0.927,esmfold2,msa_nonpairing_loop10_samples200
3p72,44,1,0.9237,0.9664,0.6712,0.963,0.671,0.368,0.951,esmfold2,msa_nonpairing_loop10_samples200
3p72,44,2,0.9229,0.9661,0.81,0.948,0.81,0.425,0.927,esmfold2,msa_nonpairing_loop10_samples200
3p72,44,3,0.9241,0.9664,0.4734,0.968,0.473,0.323,0.951,esmfold2,msa_nonpairing_loop10_samples200
3p72,44,4,0.925,0.9667,0.4887,0.954,0.489,0.381,0.927,esmfold2,msa_nonpairing_loop10_samples200
3plu,42,0,0.9423,0.9499,0.3639,0.976,0.364,0.286,0.966,esmfold2,msa_nonpairing_loop10_samples200
3plu,42,1,0.9434,0.9514,0.5019,0.982,0.502,0.345,1.0,esmfold2,msa_nonpairing_loop10_samples200
3plu,42,2,0.9396,0.9472,0.5784,0.971,0.578,0.337,0.966,esmfold2,msa_nonpairing_loop10_samples200
3plu,42,3,0.9439,0.951,0.5796,0.969,0.58,0.36,0.966,esmfold2,msa_nonpairing_loop10_samples200
3plu,42,4,0.9428,0.9491,0.4109,0.977,0.411,0.275,0.966,esmfold2,msa_nonpairing_loop10_samples200
3plu,43,0,0.9421,0.9491,0.5713,0.972,0.571,0.326,0.966,esmfold2,msa_nonpairing_loop10_samples200
3plu,43,1,0.9404,0.9479,0.4372,0.985,0.437,0.314,1.0,esmfold2,msa_nonpairing_loop10_samples200
3plu,43,2,0.9429,0.9502,0.592,0.97,0.592,0.348,0.966,esmfold2,msa_nonpairing_loop10_samples200
3plu,43,3,0.9441,0.9514,0.4465,0.974,0.446,0.304,0.966,esmfold2,msa_nonpairing_loop10_samples200
3plu,43,4,0.9432,0.9501,0.3619,0.975,0.362,0.302,0.966,esmfold2,msa_nonpairing_loop10_samples200
3plu,44,0,0.9435,0.9507,0.4632,0.971,0.463,0.344,0.966,esmfold2,msa_nonpairing_loop10_samples200
3plu,44,1,0.9431,0.9507,0.491,0.974,0.491,0.305,0.966,esmfold2,msa_nonpairing_loop10_samples200
3plu,44,2,0.944,0.9518,0.4765,0.974,0.477,0.303,0.966,esmfold2,msa_nonpairing_loop10_samples200
3plu,44,3,0.9414,0.9494,0.5574,0.968,0.557,0.374,0.966,esmfold2,msa_nonpairing_loop10_samples200
3plu,44,4,0.9422,0.9504,0.4408,0.983,0.441,0.334,1.0,esmfold2,msa_nonpairing_loop10_samples200
3r42,42,0,0.7906,0.835,4.2375,0.593,4.238,1.572,0.5,esmfold2,msa_nonpairing_loop10_samples200
3r42,42,1,0.7906,0.8367,4.3734,0.578,4.373,1.686,0.5,esmfold2,msa_nonpairing_loop10_samples200
3r42,42,2,0.7903,0.8324,4.0768,0.601,4.077,1.528,0.5,esmfold2,msa_nonpairing_loop10_samples200
3r42,42,3,0.7948,0.8372,4.494,0.589,4.494,1.649,0.531,esmfold2,msa_nonpairing_loop10_samples200
3r42,42,4,0.7904,0.8321,4.5904,0.562,4.59,1.796,0.5,esmfold2,msa_nonpairing_loop10_samples200
3r42,43,0,0.7892,0.8322,4.2186,0.588,4.219,1.624,0.5,esmfold2,msa_nonpairing_loop10_samples200
3r42,43,1,0.7928,0.8385,3.9146,0.605,3.915,1.528,0.5,esmfold2,msa_nonpairing_loop10_samples200
3r42,43,2,0.7916,0.834,4.0877,0.596,4.088,1.578,0.5,esmfold2,msa_nonpairing_loop10_samples200
3r42,43,3,0.7699,0.8143,4.0973,0.599,4.097,1.545,0.5,esmfold2,msa_nonpairing_loop10_samples200
3r42,43,4,0.7883,0.835,4.8247,0.557,4.825,1.785,0.5,esmfold2,msa_nonpairing_loop10_samples200
3r42,44,0,0.7941,0.8379,4.0811,0.598,4.081,1.553,0.5,esmfold2,msa_nonpairing_loop10_samples200
3r42,44,1,0.791,0.8365,4.4902,0.572,4.49,1.715,0.5,esmfold2,msa_nonpairing_loop10_samples200
3r42,44,2,0.7805,0.8319,4.3558,0.581,4.356,1.65,0.5,esmfold2,msa_nonpairing_loop10_samples200
3r42,44,3,0.7901,0.8349,3.6485,0.608,3.649,1.56,0.5,esmfold2,msa_nonpairing_loop10_samples200
3r42,44,4,0.7914,0.8373,4.2979,0.598,4.298,1.608,0.531,esmfold2,msa_nonpairing_loop10_samples200
3s9c,42,0,0.5992,0.6944,5.4669,0.634,5.464,1.552,0.711,esmfold2,msa_nonpairing_loop10_samples200
3s9c,42,1,0.519,0.629,3.9503,0.719,3.949,1.168,0.711,esmfold2,msa_nonpairing_loop10_samples200
3s9c,42,2,0.5949,0.6882,6.4573,0.57,6.454,1.805,0.667,esmfold2,msa_nonpairing_loop10_samples200
3s9c,42,3,0.6101,0.7072,6.109,0.592,6.106,1.736,0.689,esmfold2,msa_nonpairing_loop10_samples200
3s9c,42,4,0.5976,0.6969,6.1473,0.591,6.144,1.737,0.689,esmfold2,msa_nonpairing_loop10_samples200
3s9c,43,0,0.6037,0.6988,6.5505,0.564,6.548,1.845,0.667,esmfold2,msa_nonpairing_loop10_samples200
3s9c,43,1,0.6119,0.708,6.2892,0.584,6.287,1.774,0.689,esmfold2,msa_nonpairing_loop10_samples200
3s9c,43,2,0.607,0.7005,6.1035,0.608,6.101,1.721,0.733,esmfold2,msa_nonpairing_loop10_samples200
3s9c,43,3,0.6046,0.6977,6.5921,0.56,6.589,1.971,0.689,esmfold2,msa_nonpairing_loop10_samples200
3s9c,43,4,0.585,0.6823,6.1935,0.582,6.191,1.828,0.689,esmfold2,msa_nonpairing_loop10_samples200
3s9c,44,0,0.5981,0.6965,6.3473,0.582,6.345,1.778,0.689,esmfold2,msa_nonpairing_loop10_samples200
3s9c,44,1,0.5991,0.6996,5.7964,0.616,5.794,1.646,0.711,esmfold2,msa_nonpairing_loop10_samples200
3s9c,44,2,0.5478,0.6167,3.3294,0.767,3.328,1.032,0.756,esmfold2,msa_nonpairing_loop10_samples200
3s9c,44,3,0.4877,0.6162,1.9806,0.864,1.984,0.7,0.822,esmfold2,msa_nonpairing_loop10_samples200
3s9c,44,4,0.6108,0.7089,6.2843,0.593,6.281,1.76,0.711,esmfold2,msa_nonpairing_loop10_samples200
3shb,42,0,0.705,0.6556,2.4463,0.876,2.446,0.82,0.935,esmfold2,msa_nonpairing_loop10_samples200
3shb,42,1,0.7063,0.6638,4.0244,0.757,4.024,1.447,0.935,esmfold2,msa_nonpairing_loop10_samples200
3shb,42,2,0.7002,0.6564,2.7139,0.85,2.714,0.968,0.935,esmfold2,msa_nonpairing_loop10_samples200
3shb,42,3,0.7151,0.6745,4.2608,0.752,4.261,1.532,0.968,esmfold2,msa_nonpairing_loop10_samples200
3shb,42,4,0.7092,0.67,4.9844,0.706,4.984,1.698,0.935,esmfold2,msa_nonpairing_loop10_samples200
3shb,43,0,0.7051,0.6586,5.0025,0.708,5.003,1.792,0.968,esmfold2,msa_nonpairing_loop10_samples200
3shb,43,1,0.7013,0.6578,4.8481,0.701,4.848,1.787,0.935,esmfold2,msa_nonpairing_loop10_samples200
3shb,43,2,0.7132,0.6741,4.5983,0.731,4.598,1.656,0.968,esmfold2,msa_nonpairing_loop10_samples200
3shb,43,3,0.7017,0.6576,5.2003,0.687,5.2,1.846,0.935,esmfold2,msa_nonpairing_loop10_samples200
3shb,43,4,0.7104,0.6679,3.598,0.799,3.598,1.273,0.968,esmfold2,msa_nonpairing_loop10_samples200
3shb,44,0,0.7065,0.6659,3.949,0.776,3.949,1.392,0.968,esmfold2,msa_nonpairing_loop10_samples200
3shb,44,1,0.7126,0.674,4.9106,0.718,4.911,1.707,0.968,esmfold2,msa_nonpairing_loop10_samples200
3shb,44,2,0.7083,0.666,5.2792,0.686,5.279,1.834,0.935,esmfold2,msa_nonpairing_loop10_samples200
3shb,44,3,0.6961,0.6566,3.0701,0.812,3.07,1.188,0.935,esmfold2,msa_nonpairing_loop10_samples200
3shb,44,4,0.7147,0.6688,3.7081,0.784,3.708,1.289,0.935,esmfold2,msa_nonpairing_loop10_samples200
3tiw,42,0,0.829,0.8871,2.8782,0.857,2.878,0.924,0.95,esmfold2,msa_nonpairing_loop10_samples200
3tiw,42,1,0.8326,0.8912,2.8677,0.862,2.868,0.892,0.95,esmfold2,msa_nonpairing_loop10_samples200
3tiw,42,2,0.8301,0.8897,2.9221,0.849,2.922,0.975,0.95,esmfold2,msa_nonpairing_loop10_samples200
3tiw,42,3,0.8243,0.8839,2.96,0.85,2.96,0.963,0.95,esmfold2,msa_nonpairing_loop10_samples200
3tiw,42,4,0.8338,0.8938,2.8061,0.843,2.806,0.915,0.9,esmfold2,msa_nonpairing_loop10_samples200
3tiw,43,0,0.827,0.8866,2.9757,0.857,2.976,0.915,0.95,esmfold2,msa_nonpairing_loop10_samples200
3tiw,43,1,0.8289,0.8851,2.7841,0.865,2.784,0.885,0.95,esmfold2,msa_nonpairing_loop10_samples200
3tiw,43,2,0.8332,0.892,2.8423,0.851,2.842,0.977,0.95,esmfold2,msa_nonpairing_loop10_samples200
3tiw,43,3,0.8276,0.8876,2.7059,0.872,2.706,0.909,0.975,esmfold2,msa_nonpairing_loop10_samples200
3tiw,43,4,0.8314,0.8897,2.7579,0.871,2.758,0.904,0.975,esmfold2,msa_nonpairing_loop10_samples200
3tiw,44,0,0.8337,0.892,2.947,0.858,2.947,0.909,0.95,esmfold2,msa_nonpairing_loop10_samples200
3tiw,44,1,0.825,0.8818,3.0269,0.846,3.027,0.984,0.95,esmfold2,msa_nonpairing_loop10_samples200
3tiw,44,2,0.8285,0.8877,2.9271,0.848,2.927,0.92,0.925,esmfold2,msa_nonpairing_loop10_samples200
3tiw,44,3,0.8352,0.8932,2.9445,0.858,2.944,0.907,0.95,esmfold2,msa_nonpairing_loop10_samples200
3tiw,44,4,0.822,0.878,3.2886,0.823,3.289,1.225,1.0,esmfold2,msa_nonpairing_loop10_samples200
3v2o,42,0,0.8903,0.9305,9.0446,0.262,9.045,3.09,0.125,esmfold2,msa_nonpairing_loop10_samples200
3v2o,42,1,0.8874,0.9294,8.9958,0.263,8.996,3.083,0.125,esmfold2,msa_nonpairing_loop10_samples200
3v2o,42,2,0.8839,0.9274,8.9231,0.273,8.923,3.071,0.15,esmfold2,msa_nonpairing_loop10_samples200
3v2o,42,3,0.8698,0.9081,9.0197,0.262,9.02,3.088,0.125,esmfold2,msa_nonpairing_loop10_samples200
3v2o,42,4,0.8971,0.9386,9.1291,0.259,9.129,3.118,0.125,esmfold2,msa_nonpairing_loop10_samples200
3v2o,43,0,0.8716,0.9165,9.0569,0.261,9.057,3.107,0.125,esmfold2,msa_nonpairing_loop10_samples200
3v2o,43,1,0.8842,0.9271,9.0168,0.262,9.017,3.098,0.125,esmfold2,msa_nonpairing_loop10_samples200
3v2o,43,2,0.8901,0.9311,9.0869,0.261,9.087,3.096,0.125,esmfold2,msa_nonpairing_loop10_samples200
3v2o,43,3,0.8894,0.9308,8.8677,0.283,8.868,3.041,0.175,esmfold2,msa_nonpairing_loop10_samples200
3v2o,43,4,0.8897,0.9336,8.9314,0.264,8.931,3.079,0.125,esmfold2,msa_nonpairing_loop10_samples200
3v2o,44,0,0.8932,0.9364,8.9591,0.272,8.959,3.08,0.15,esmfold2,msa_nonpairing_loop10_samples200
3v2o,44,1,0.8881,0.9315,9.0214,0.27,9.021,3.101,0.15,esmfold2,msa_nonpairing_loop10_samples200
3v2o,44,2,0.8887,0.9297,9.0028,0.271,9.003,3.066,0.15,esmfold2,msa_nonpairing_loop10_samples200
3v2o,44,3,0.891,0.9335,9.1025,0.259,9.103,3.127,0.125,esmfold2,msa_nonpairing_loop10_samples200
3v2o,44,4,0.8836,0.9274,9.0249,0.27,9.025,3.089,0.15,esmfold2,msa_nonpairing_loop10_samples200
3wgx,42,0,0.897,0.9262,1.017,0.942,1.017,0.416,0.912,esmfold2,msa_nonpairing_loop10_samples200
3wgx,42,1,0.9004,0.9328,0.528,0.98,0.528,0.245,0.971,esmfold2,msa_nonpairing_loop10_samples200
3wgx,42,2,0.8955,0.9273,0.7203,0.966,0.72,0.286,0.941,esmfold2,msa_nonpairing_loop10_samples200
3wgx,42,3,0.8955,0.9276,0.7714,0.965,0.771,0.298,0.941,esmfold2,msa_nonpairing_loop10_samples200
3wgx,42,4,0.8982,0.9267,0.6547,0.977,0.655,0.277,0.971,esmfold2,msa_nonpairing_loop10_samples200
3wgx,43,0,0.8983,0.9311,0.6848,0.965,0.685,0.304,0.941,esmfold2,msa_nonpairing_loop10_samples200
3wgx,43,1,0.898,0.9259,0.7744,0.974,0.774,0.311,0.971,esmfold2,msa_nonpairing_loop10_samples200
3wgx,43,2,0.8874,0.9198,0.6643,0.958,0.664,0.268,0.912,esmfold2,msa_nonpairing_loop10_samples200
3wgx,43,3,0.8959,0.9252,0.6123,0.97,0.612,0.252,0.941,esmfold2,msa_nonpairing_loop10_samples200
3wgx,43,4,0.895,0.9277,0.634,0.97,0.634,0.243,0.941,esmfold2,msa_nonpairing_loop10_samples200
3wgx,44,0,0.8987,0.9291,0.7071,0.975,0.707,0.297,0.971,esmfold2,msa_nonpairing_loop10_samples200
3wgx,44,1,0.8987,0.9313,0.765,0.965,0.765,0.297,0.941,esmfold2,msa_nonpairing_loop10_samples200
3wgx,44,2,0.8985,0.929,0.63,0.969,0.63,0.26,0.941,esmfold2,msa_nonpairing_loop10_samples200
3wgx,44,3,0.8947,0.9229,0.968,0.953,0.968,0.414,0.941,esmfold2,msa_nonpairing_loop10_samples200
3wgx,44,4,0.8962,0.9255,0.6508,0.969,0.651,0.257,0.941,esmfold2,msa_nonpairing_loop10_samples200
3zrj,42,0,0.7691,0.8168,1.6829,0.851,1.683,0.938,0.871,esmfold2,msa_nonpairing_loop10_samples200
3zrj,42,1,0.7716,0.8213,2.5571,0.804,2.557,1.328,0.935,esmfold2,msa_nonpairing_loop10_samples200
3zrj,42,2,0.7645,0.7903,3.9764,0.71,3.976,1.939,0.935,esmfold2,msa_nonpairing_loop10_samples200
3zrj,42,3,0.7686,0.819,1.0044,0.9,1.004,0.726,0.903,esmfold2,msa_nonpairing_loop10_samples200
3zrj,42,4,0.7697,0.8071,3.9208,0.718,3.921,1.859,0.935,esmfold2,msa_nonpairing_loop10_samples200
3zrj,43,0,0.7689,0.8155,2.1023,0.835,2.102,1.154,0.935,esmfold2,msa_nonpairing_loop10_samples200
3zrj,43,1,0.768,0.8017,3.255,0.759,3.255,1.593,0.935,esmfold2,msa_nonpairing_loop10_samples200
3zrj,43,2,0.7707,0.8131,2.7911,0.795,2.791,1.368,0.935,esmfold2,msa_nonpairing_loop10_samples200
3zrj,43,3,0.7647,0.8077,2.7735,0.788,2.773,1.424,0.935,esmfold2,msa_nonpairing_loop10_samples200
3zrj,43,4,0.7675,0.7961,3.8844,0.719,3.884,1.865,0.935,esmfold2,msa_nonpairing_loop10_samples200
3zrj,44,0,0.766,0.8177,1.2326,0.896,1.233,0.813,0.935,esmfold2,msa_nonpairing_loop10_samples200
3zrj,44,1,0.7707,0.8035,3.8824,0.718,3.882,1.867,0.935,esmfold2,msa_nonpairing_loop10_samples200
3zrj,44,2,0.7748,0.82,2.7865,0.814,2.787,1.217,0.935,esmfold2,msa_nonpairing_loop10_samples200
3zrj,44,3,0.7721,0.8182,1.4793,0.883,1.479,0.883,0.935,esmfold2,msa_nonpairing_loop10_samples200
3zrj,44,4,0.7716,0.8012,3.8484,0.722,3.848,1.831,0.935,esmfold2,msa_nonpairing_loop10_samples200
4a2a,42,0,0.847,0.9136,1.4248,0.892,1.425,0.537,0.816,esmfold2,msa_nonpairing_loop10_samples200
4a2a,42,1,0.8454,0.9134,1.1698,0.92,1.17,0.475,0.868,esmfold2,msa_nonpairing_loop10_samples200
4a2a,42,2,0.8476,0.915,1.0218,0.925,1.022,0.441,0.868,esmfold2,msa_nonpairing_loop10_samples200
4a2a,42,3,0.8486,0.9157,1.4323,0.907,1.432,0.553,0.868,esmfold2,msa_nonpairing_loop10_samples200
4a2a,42,4,0.851,0.9181,0.8996,0.918,0.9,0.438,0.842,esmfold2,msa_nonpairing_loop10_samples200
4a2a,43,0,0.8488,0.9152,1.3504,0.91,1.35,0.535,0.868,esmfold2,msa_nonpairing_loop10_samples200
4a2a,43,1,0.8448,0.9143,0.9735,0.926,0.973,0.432,0.868,esmfold2,msa_nonpairing_loop10_samples200
4a2a,43,2,0.8495,0.916,1.0224,0.92,1.022,0.486,0.868,esmfold2,msa_nonpairing_loop10_samples200
4a2a,43,3,0.8445,0.9148,1.0135,0.942,1.014,0.449,0.921,esmfold2,msa_nonpairing_loop10_samples200
4a2a,43,4,0.8366,0.9074,1.7016,0.883,1.702,0.641,0.842,esmfold2,msa_nonpairing_loop10_samples200
4a2a,44,0,0.8457,0.9133,1.2146,0.913,1.215,0.527,0.868,esmfold2,msa_nonpairing_loop10_samples200
4a2a,44,1,0.8482,0.9178,0.8507,0.927,0.851,0.433,0.868,esmfold2,msa_nonpairing_loop10_samples200
4a2a,44,2,0.851,0.9176,1.3092,0.915,1.309,0.498,0.868,esmfold2,msa_nonpairing_loop10_samples200
4a2a,44,3,0.8387,0.9094,1.6868,0.894,1.687,0.63,0.868,esmfold2,msa_nonpairing_loop10_samples200
4a2a,44,4,0.8504,0.9157,1.4475,0.904,1.447,0.575,0.868,esmfold2,msa_nonpairing_loop10_samples200
4bt9,42,0,0.6581,0.6713,6.419,0.52,6.419,1.954,0.552,esmfold2,msa_nonpairing_loop10_samples200
4bt9,42,1,0.6503,0.6587,6.9053,0.476,6.905,2.244,0.517,esmfold2,msa_nonpairing_loop10_samples200
4bt9,42,2,0.6616,0.6752,6.2735,0.514,6.274,2.071,0.552,esmfold2,msa_nonpairing_loop10_samples200
4bt9,42,3,0.6569,0.6744,5.6548,0.531,5.655,2.059,0.552,esmfold2,msa_nonpairing_loop10_samples200
4bt9,42,4,0.6461,0.6602,4.7183,0.591,4.718,1.637,0.552,esmfold2,msa_nonpairing_loop10_samples200
4bt9,43,0,0.6538,0.6696,5.9342,0.538,5.934,1.871,0.552,esmfold2,msa_nonpairing_loop10_samples200
4bt9,43,1,0.6543,0.6733,6.0553,0.526,6.055,1.994,0.552,esmfold2,msa_nonpairing_loop10_samples200
4bt9,43,2,0.6569,0.6749,5.4708,0.558,5.471,1.779,0.552,esmfold2,msa_nonpairing_loop10_samples200
4bt9,43,3,0.6599,0.669,5.3954,0.534,5.395,2.106,0.552,esmfold2,msa_nonpairing_loop10_samples200
4bt9,43,4,0.6615,0.6763,6.292,0.52,6.292,1.994,0.552,esmfold2,msa_nonpairing_loop10_samples200
4bt9,44,0,0.6662,0.6839,5.5232,0.541,5.523,1.963,0.552,esmfold2,msa_nonpairing_loop10_samples200
4bt9,44,1,0.6559,0.6698,4.6505,0.574,4.651,1.83,0.552,esmfold2,msa_nonpairing_loop10_samples200
4bt9,44,2,0.6624,0.6753,7.3876,0.481,7.388,2.175,0.552,esmfold2,msa_nonpairing_loop10_samples200
4bt9,44,3,0.6428,0.6568,4.8944,0.573,4.894,1.779,0.552,esmfold2,msa_nonpairing_loop10_samples200
4bt9,44,4,0.6617,0.6766,5.7765,0.522,5.776,2.138,0.552,esmfold2,msa_nonpairing_loop10_samples200
4c5a,42,0,0.3509,0.4723,42.7111,0.017,42.711,13.292,0.0,esmfold2,msa_nonpairing_loop10_samples200
4c5a,42,1,0.3012,0.4023,46.269,0.015,46.269,14.124,0.0,esmfold2,msa_nonpairing_loop10_samples200
4c5a,42,2,0.3009,0.4004,44.287,0.016,44.287,13.622,0.0,esmfold2,msa_nonpairing_loop10_samples200
4c5a,42,3,0.3229,0.4491,45.0459,0.015,45.046,14.093,0.0,esmfold2,msa_nonpairing_loop10_samples200
4c5a,42,4,0.1672,0.1716,28.3307,0.036,28.331,9.531,0.0,esmfold2,msa_nonpairing_loop10_samples200
4c5a,43,0,0.3365,0.4499,43.5725,0.016,43.572,13.378,0.0,esmfold2,msa_nonpairing_loop10_samples200
4c5a,43,1,0.3056,0.4232,41.3904,0.018,41.39,12.628,0.0,esmfold2,msa_nonpairing_loop10_samples200
4c5a,43,2,0.339,0.4675,43.3153,0.016,43.315,13.548,0.0,esmfold2,msa_nonpairing_loop10_samples200
4c5a,43,3,0.3585,0.4913,43.4867,0.016,43.487,13.529,0.0,esmfold2,msa_nonpairing_loop10_samples200
4c5a,43,4,0.3273,0.4273,45.9536,0.015,45.954,14.149,0.0,esmfold2,msa_nonpairing_loop10_samples200
4c5a,44,0,0.2707,0.3641,48.3279,0.013,48.328,15.259,0.0,esmfold2,msa_nonpairing_loop10_samples200
4c5a,44,1,0.3661,0.4968,43.0512,0.017,43.051,13.431,0.0,esmfold2,msa_nonpairing_loop10_samples200
4c5a,44,2,0.281,0.3907,47.514,0.014,47.514,14.914,0.0,esmfold2,msa_nonpairing_loop10_samples200
4c5a,44,3,0.3311,0.4651,44.4917,0.016,44.492,13.951,0.0,esmfold2,msa_nonpairing_loop10_samples200
4c5a,44,4,0.2261,0.2767,31.848,0.028,31.848,10.984,0.0,esmfold2,msa_nonpairing_loop10_samples200
4dg3,42,0,0.9066,0.9668,0.6231,0.92,0.623,0.588,0.899,esmfold2,msa_nonpairing_loop10_samples200
4dg3,42,1,0.9081,0.9677,0.8622,0.908,0.862,0.595,0.87,esmfold2,msa_nonpairing_loop10_samples200
4dg3,42,2,0.9113,0.9697,0.6108,0.926,0.611,0.538,0.899,esmfold2,msa_nonpairing_loop10_samples200
4dg3,42,3,0.9101,0.9682,0.5142,0.927,0.514,0.502,0.884,esmfold2,msa_nonpairing_loop10_samples200
4dg3,42,4,0.9103,0.969,0.6042,0.928,0.604,0.526,0.899,esmfold2,msa_nonpairing_loop10_samples200
4dg3,43,0,0.9048,0.9673,0.9124,0.929,0.912,0.536,0.913,esmfold2,msa_nonpairing_loop10_samples200
4dg3,43,1,0.9084,0.9674,0.5563,0.931,0.556,0.504,0.899,esmfold2,msa_nonpairing_loop10_samples200
4dg3,43,2,0.9109,0.9687,0.6265,0.916,0.627,0.581,0.884,esmfold2,msa_nonpairing_loop10_samples200
4dg3,43,3,0.9103,0.9686,0.6211,0.92,0.621,0.551,0.884,esmfold2,msa_nonpairing_loop10_samples200
4dg3,43,4,0.9099,0.9686,0.5647,0.932,0.565,0.499,0.899,esmfold2,msa_nonpairing_loop10_samples200
4dg3,44,0,0.9062,0.9669,0.4841,0.941,0.484,0.418,0.899,esmfold2,msa_nonpairing_loop10_samples200
4dg3,44,1,0.9081,0.9687,0.6006,0.929,0.601,0.518,0.899,esmfold2,msa_nonpairing_loop10_samples200
4dg3,44,2,0.9098,0.9688,0.718,0.922,0.718,0.568,0.899,esmfold2,msa_nonpairing_loop10_samples200
4dg3,44,3,0.911,0.9686,0.5687,0.925,0.569,0.554,0.899,esmfold2,msa_nonpairing_loop10_samples200
4dg3,44,4,0.9082,0.9681,0.864,0.914,0.864,0.582,0.884,esmfold2,msa_nonpairing_loop10_samples200
4ep2,42,0,0.6931,0.7017,12.9736,0.203,12.974,3.607,0.162,esmfold2,msa_nonpairing_loop10_samples200
4ep2,42,1,0.6907,0.6975,12.978,0.203,12.978,3.601,0.162,esmfold2,msa_nonpairing_loop10_samples200
4ep2,42,2,0.481,0.5424,0.8789,0.966,0.879,0.348,0.959,esmfold2,msa_nonpairing_loop10_samples200
4ep2,42,3,0.5075,0.5445,0.8751,0.939,0.875,0.349,0.878,esmfold2,msa_nonpairing_loop10_samples200
4ep2,42,4,0.6923,0.6995,13.0265,0.202,13.027,3.625,0.162,esmfold2,msa_nonpairing_loop10_samples200
4ep2,43,0,0.6893,0.7013,13.1067,0.201,13.107,3.637,0.162,esmfold2,msa_nonpairing_loop10_samples200
4ep2,43,1,0.6945,0.7002,13.0667,0.202,13.067,3.63,0.162,esmfold2,msa_nonpairing_loop10_samples200
4ep2,43,2,0.6961,0.7001,12.9968,0.203,12.997,3.612,0.162,esmfold2,msa_nonpairing_loop10_samples200
4ep2,43,3,0.4722,0.5485,1.1692,0.926,1.169,0.524,0.905,esmfold2,msa_nonpairing_loop10_samples200
4ep2,43,4,0.6902,0.7011,12.9828,0.203,12.983,3.61,0.162,esmfold2,msa_nonpairing_loop10_samples200
4ep2,44,0,0.6935,0.7029,13.1002,0.201,13.1,3.64,0.162,esmfold2,msa_nonpairing_loop10_samples200
4ep2,44,1,0.6928,0.6997,12.9876,0.203,12.988,3.601,0.162,esmfold2,msa_nonpairing_loop10_samples200
4ep2,44,2,0.4854,0.5488,1.0623,0.944,1.062,0.419,0.919,esmfold2,msa_nonpairing_loop10_samples200
4ep2,44,3,0.6964,0.704,13.0035,0.203,13.004,3.614,0.162,esmfold2,msa_nonpairing_loop10_samples200
4ep2,44,4,0.6971,0.6999,12.9608,0.204,12.961,3.594,0.162,esmfold2,msa_nonpairing_loop10_samples200
4fii,42,0,0.8174,0.9373,0.6121,0.902,0.612,0.772,0.921,esmfold2,msa_nonpairing_loop10_samples200
4fii,42,1,0.8176,0.9353,0.832,0.913,0.832,0.746,0.947,esmfold2,msa_nonpairing_loop10_samples200
4fii,42,2,0.82,0.936,0.7008,0.909,0.701,0.718,0.921,esmfold2,msa_nonpairing_loop10_samples200
4fii,42,3,0.8172,0.9343,0.8072,0.913,0.807,0.748,0.947,esmfold2,msa_nonpairing_loop10_samples200
4fii,42,4,0.8184,0.9366,0.8066,0.896,0.807,0.744,0.895,esmfold2,msa_nonpairing_loop10_samples200
4fii,43,0,0.8183,0.9357,0.6293,0.9,0.629,0.785,0.921,esmfold2,msa_nonpairing_loop10_samples200
4fii,43,1,0.811,0.9329,0.734,0.882,0.734,0.909,0.921,esmfold2,msa_nonpairing_loop10_samples200
4fii,43,2,0.8034,0.9306,1.2796,0.902,1.28,0.732,0.921,esmfold2,msa_nonpairing_loop10_samples200
4fii,43,3,0.8245,0.9384,0.7495,0.932,0.75,0.675,0.974,esmfold2,msa_nonpairing_loop10_samples200
4fii,43,4,0.8196,0.9355,0.7179,0.899,0.718,0.793,0.921,esmfold2,msa_nonpairing_loop10_samples200
4fii,44,0,0.8181,0.9365,0.7219,0.912,0.722,0.763,0.947,esmfold2,msa_nonpairing_loop10_samples200
4fii,44,1,0.8182,0.9361,0.6638,0.904,0.664,0.758,0.921,esmfold2,msa_nonpairing_loop10_samples200
4fii,44,2,0.82,0.9365,0.7105,0.914,0.711,0.745,0.947,esmfold2,msa_nonpairing_loop10_samples200
4fii,44,3,0.8207,0.9372,0.6857,0.911,0.686,0.703,0.921,esmfold2,msa_nonpairing_loop10_samples200
4fii,44,4,0.8169,0.935,0.7629,0.904,0.763,0.75,0.921,esmfold2,msa_nonpairing_loop10_samples200
4gq6,42,0,0.7085,0.8686,2.4231,0.809,2.423,0.818,0.732,esmfold2,msa_nonpairing_loop10_samples200
4gq6,42,1,0.723,0.87,1.8791,0.892,1.879,0.639,0.875,esmfold2,msa_nonpairing_loop10_samples200
4gq6,42,2,0.7148,0.8703,3.2915,0.834,3.291,0.679,0.804,esmfold2,msa_nonpairing_loop10_samples200
4gq6,42,3,0.6898,0.8567,3.0378,0.745,3.038,1.011,0.661,esmfold2,msa_nonpairing_loop10_samples200
4gq6,42,4,0.7195,0.8703,1.9489,0.901,1.949,0.647,0.911,esmfold2,msa_nonpairing_loop10_samples200
4gq6,43,0,0.719,0.8681,1.5478,0.893,1.548,0.577,0.839,esmfold2,msa_nonpairing_loop10_samples200
4gq6,43,1,0.7179,0.8675,2.1264,0.837,2.126,0.747,0.768,esmfold2,msa_nonpairing_loop10_samples200
4gq6,43,2,0.7087,0.8582,2.9846,0.789,2.985,1.001,0.786,esmfold2,msa_nonpairing_loop10_samples200
4gq6,43,3,0.7058,0.8694,2.6371,0.791,2.637,0.876,0.714,esmfold2,msa_nonpairing_loop10_samples200
4gq6,43,4,0.7218,0.8673,1.6411,0.897,1.641,0.583,0.857,esmfold2,msa_nonpairing_loop10_samples200
4gq6,44,0,0.7031,0.8512,3.9487,0.716,3.949,1.292,0.75,esmfold2,msa_nonpairing_loop10_samples200
4gq6,44,1,0.7177,0.8672,2.0917,0.877,2.092,0.717,0.875,esmfold2,msa_nonpairing_loop10_samples200
4gq6,44,2,0.7103,0.8683,2.352,0.817,2.352,0.815,0.75,esmfold2,msa_nonpairing_loop10_samples200
4gq6,44,3,0.7183,0.871,2.0093,0.857,2.009,0.743,0.821,esmfold2,msa_nonpairing_loop10_samples200
4gq6,44,4,0.72,0.8749,1.8378,0.883,1.838,0.62,0.839,esmfold2,msa_nonpairing_loop10_samples200
4hdq,42,0,0.7542,0.886,1.2373,0.949,1.237,0.398,0.933,esmfold2,msa_nonpairing_loop10_samples200
4hdq,42,1,0.7557,0.8865,2.7535,0.867,2.753,0.76,0.9,esmfold2,msa_nonpairing_loop10_samples200
4hdq,42,2,0.7608,0.8846,2.3827,0.887,2.383,0.666,0.9,esmfold2,msa_nonpairing_loop10_samples200
4hdq,42,3,0.7612,0.8872,2.6595,0.87,2.66,0.75,0.9,esmfold2,msa_nonpairing_loop10_samples200
4hdq,42,4,0.7596,0.8842,2.3111,0.89,2.311,0.657,0.9,esmfold2,msa_nonpairing_loop10_samples200
4hdq,43,0,0.7603,0.8847,2.9237,0.857,2.924,0.801,0.9,esmfold2,msa_nonpairing_loop10_samples200
4hdq,43,1,0.7676,0.8887,2.6509,0.861,2.651,0.74,0.867,esmfold2,msa_nonpairing_loop10_samples200
4hdq,43,2,0.7481,0.8795,1.4775,0.943,1.477,0.428,0.933,esmfold2,msa_nonpairing_loop10_samples200
4hdq,43,3,0.7729,0.8924,2.6283,0.872,2.628,0.741,0.9,esmfold2,msa_nonpairing_loop10_samples200
4hdq,43,4,0.7482,0.8792,0.9573,0.97,0.957,0.319,0.967,esmfold2,msa_nonpairing_loop10_samples200
4hdq,44,0,0.7743,0.8996,2.1683,0.897,2.168,0.627,0.9,esmfold2,msa_nonpairing_loop10_samples200
4hdq,44,1,0.771,0.8979,2.078,0.894,2.078,0.578,0.867,esmfold2,msa_nonpairing_loop10_samples200
4hdq,44,2,0.7672,0.8914,2.2466,0.884,2.247,0.632,0.867,esmfold2,msa_nonpairing_loop10_samples200
4hdq,44,3,0.7612,0.8915,1.3704,0.956,1.37,0.419,0.967,esmfold2,msa_nonpairing_loop10_samples200
4hdq,44,4,0.756,0.8891,1.2523,0.962,1.252,0.376,0.967,esmfold2,msa_nonpairing_loop10_samples200
4iga,42,0,0.8687,0.8929,0.8134,0.971,0.813,0.35,0.972,esmfold2,msa_nonpairing_loop10_samples200
4iga,42,1,0.8635,0.8865,0.7746,0.959,0.775,0.38,0.944,esmfold2,msa_nonpairing_loop10_samples200
4iga,42,2,0.8738,0.9005,1.165,0.961,1.165,0.411,0.972,esmfold2,msa_nonpairing_loop10_samples200
4iga,42,3,0.8768,0.904,1.0832,0.964,1.083,0.392,0.972,esmfold2,msa_nonpairing_loop10_samples200
4iga,42,4,0.8731,0.9001,0.7767,0.957,0.777,0.396,0.944,esmfold2,msa_nonpairing_loop10_samples200
4iga,43,0,0.8766,0.9038,1.1679,0.964,1.168,0.386,0.972,esmfold2,msa_nonpairing_loop10_samples200
4iga,43,1,0.8748,0.9019,0.6107,0.974,0.611,0.325,0.972,esmfold2,msa_nonpairing_loop10_samples200
4iga,43,2,0.8684,0.8935,0.7847,0.956,0.785,0.403,0.944,esmfold2,msa_nonpairing_loop10_samples200
4iga,43,3,0.8759,0.9047,0.8634,0.964,0.863,0.414,0.972,esmfold2,msa_nonpairing_loop10_samples200
4iga,43,4,0.8737,0.8976,0.9108,0.97,0.911,0.344,0.972,esmfold2,msa_nonpairing_loop10_samples200
4iga,44,0,0.8685,0.8923,1.1096,0.956,1.11,0.375,0.944,esmfold2,msa_nonpairing_loop10_samples200
4iga,44,1,0.8703,0.8966,0.9547,0.954,0.955,0.411,0.944,esmfold2,msa_nonpairing_loop10_samples200
4iga,44,2,0.8717,0.8993,1.2266,0.954,1.227,0.386,0.944,esmfold2,msa_nonpairing_loop10_samples200
4iga,44,3,0.8723,0.9005,0.7997,0.96,0.8,0.368,0.944,esmfold2,msa_nonpairing_loop10_samples200
4iga,44,4,0.8716,0.8977,0.9582,0.957,0.958,0.38,0.944,esmfold2,msa_nonpairing_loop10_samples200
4j2c,42,0,0.8529,0.8929,2.1897,0.793,2.19,1.269,0.857,esmfold2,msa_nonpairing_loop10_samples200
4j2c,42,1,0.8804,0.9165,0.8218,0.875,0.822,1.001,0.943,esmfold2,msa_nonpairing_loop10_samples200
4j2c,42,2,0.8752,0.9143,0.6493,0.888,0.649,0.856,0.914,esmfold2,msa_nonpairing_loop10_samples200
4j2c,42,3,0.8671,0.9079,0.8874,0.867,0.887,1.058,0.943,esmfold2,msa_nonpairing_loop10_samples200
4j2c,42,4,0.8714,0.9087,0.6396,0.902,0.64,0.885,0.971,esmfold2,msa_nonpairing_loop10_samples200
4j2c,43,0,0.8761,0.913,0.6026,0.902,0.603,0.824,0.943,esmfold2,msa_nonpairing_loop10_samples200
4j2c,43,1,0.8755,0.9144,0.8977,0.888,0.898,0.976,0.971,esmfold2,msa_nonpairing_loop10_samples200
4j2c,43,2,0.8438,0.8857,1.0206,0.846,1.021,0.992,0.857,esmfold2,msa_nonpairing_loop10_samples200
4j2c,43,3,0.86,0.9011,2.103,0.777,2.103,1.333,0.829,esmfold2,msa_nonpairing_loop10_samples200
4j2c,43,4,0.8735,0.9128,0.8299,0.927,0.83,0.639,0.943,esmfold2,msa_nonpairing_loop10_samples200
4j2c,44,0,0.8731,0.9106,0.6691,0.887,0.669,0.927,0.943,esmfold2,msa_nonpairing_loop10_samples200
4j2c,44,1,0.879,0.9169,0.7619,0.898,0.762,0.909,0.971,esmfold2,msa_nonpairing_loop10_samples200
4j2c,44,2,0.8668,0.9108,0.7518,0.793,0.752,1.41,0.857,esmfold2,msa_nonpairing_loop10_samples200
4j2c,44,3,0.857,0.8954,1.8898,0.793,1.89,1.157,0.8,esmfold2,msa_nonpairing_loop10_samples200
4j2c,44,4,0.8711,0.9092,1.1906,0.896,1.191,0.833,0.943,esmfold2,msa_nonpairing_loop10_samples200
4j8b,42,0,0.8843,0.9448,0.9437,0.957,0.944,0.356,0.938,esmfold2,msa_nonpairing_loop10_samples200
4j8b,42,1,0.886,0.9447,0.9807,0.967,0.981,0.359,0.969,esmfold2,msa_nonpairing_loop10_samples200
4j8b,42,2,0.881,0.9418,0.8323,0.96,0.832,0.332,0.938,esmfold2,msa_nonpairing_loop10_samples200
4j8b,42,3,0.8904,0.9485,0.933,0.969,0.933,0.347,0.969,esmfold2,msa_nonpairing_loop10_samples200
4j8b,42,4,0.8837,0.9451,0.859,0.971,0.859,0.325,0.969,esmfold2,msa_nonpairing_loop10_samples200
4j8b,43,0,0.8798,0.9409,0.842,0.96,0.842,0.336,0.938,esmfold2,msa_nonpairing_loop10_samples200
4j8b,43,1,0.8881,0.947,0.8835,0.969,0.884,0.346,0.969,esmfold2,msa_nonpairing_loop10_samples200
4j8b,43,2,0.8838,0.9442,0.9595,0.956,0.959,0.366,0.938,esmfold2,msa_nonpairing_loop10_samples200
4j8b,43,3,0.8805,0.94,0.992,0.968,0.992,0.352,0.969,esmfold2,msa_nonpairing_loop10_samples200
4j8b,43,4,0.8891,0.9473,0.8471,0.971,0.847,0.332,0.969,esmfold2,msa_nonpairing_loop10_samples200
4j8b,44,0,0.887,0.9457,0.9122,0.969,0.912,0.349,0.969,esmfold2,msa_nonpairing_loop10_samples200
4j8b,44,1,0.8866,0.9464,0.9547,0.968,0.955,0.356,0.969,esmfold2,msa_nonpairing_loop10_samples200
4j8b,44,2,0.8838,0.9439,0.8959,0.959,0.896,0.339,0.938,esmfold2,msa_nonpairing_loop10_samples200
4j8b,44,3,0.8889,0.9472,0.9205,0.968,0.921,0.351,0.969,esmfold2,msa_nonpairing_loop10_samples200
4j8b,44,4,0.8837,0.9442,0.825,0.96,0.825,0.335,0.938,esmfold2,msa_nonpairing_loop10_samples200
4leb,42,0,0.8708,0.945,3.439,0.799,3.439,1.308,0.971,esmfold2,msa_nonpairing_loop10_samples200
4leb,42,1,0.874,0.9462,3.3085,0.821,3.309,1.236,1.0,esmfold2,msa_nonpairing_loop10_samples200
4leb,42,2,0.8645,0.9431,3.4344,0.805,3.434,1.268,0.971,esmfold2,msa_nonpairing_loop10_samples200
4leb,42,3,0.8719,0.9449,3.2241,0.817,3.224,1.209,0.971,esmfold2,msa_nonpairing_loop10_samples200
4leb,42,4,0.8702,0.9447,3.2653,0.81,3.265,1.252,0.971,esmfold2,msa_nonpairing_loop10_samples200
4leb,43,0,0.8733,0.9455,3.3797,0.807,3.38,1.259,0.971,esmfold2,msa_nonpairing_loop10_samples200
4leb,43,1,0.876,0.9467,3.4326,0.795,3.433,1.267,0.941,esmfold2,msa_nonpairing_loop10_samples200
4leb,43,2,0.8733,0.9446,3.2586,0.812,3.259,1.242,0.971,esmfold2,msa_nonpairing_loop10_samples200
4leb,43,3,0.8736,0.9458,3.3069,0.819,3.307,1.255,1.0,esmfold2,msa_nonpairing_loop10_samples200
4leb,43,4,0.8712,0.9449,3.1761,0.813,3.176,1.248,0.971,esmfold2,msa_nonpairing_loop10_samples200
4leb,44,0,0.8706,0.9449,3.1743,0.808,3.174,1.213,0.941,esmfold2,msa_nonpairing_loop10_samples200
4leb,44,1,0.8718,0.9458,3.315,0.82,3.315,1.243,1.0,esmfold2,msa_nonpairing_loop10_samples200
4leb,44,2,0.8722,0.945,3.3353,0.811,3.335,1.238,0.971,esmfold2,msa_nonpairing_loop10_samples200
4leb,44,3,0.8739,0.946,3.1337,0.826,3.134,1.234,1.0,esmfold2,msa_nonpairing_loop10_samples200
4leb,44,4,0.8691,0.9428,3.3661,0.808,3.366,1.256,0.971,esmfold2,msa_nonpairing_loop10_samples200
4lk9,42,0,0.8523,0.8995,0.9042,0.863,0.904,0.835,0.837,esmfold2,msa_nonpairing_loop10_samples200
4lk9,42,1,0.8484,0.8982,0.4909,0.864,0.491,0.8,0.816,esmfold2,msa_nonpairing_loop10_samples200
4lk9,42,2,0.8486,0.8986,0.805,0.833,0.805,1.005,0.816,esmfold2,msa_nonpairing_loop10_samples200
4lk9,42,3,0.8529,0.9016,1.6184,0.817,1.618,1.055,0.816,esmfold2,msa_nonpairing_loop10_samples200
4lk9,42,4,0.8492,0.8971,0.6413,0.874,0.641,0.77,0.837,esmfold2,msa_nonpairing_loop10_samples200
4lk9,43,0,0.851,0.9022,2.1971,0.789,2.197,1.19,0.816,esmfold2,msa_nonpairing_loop10_samples200
4lk9,43,1,0.8535,0.9017,0.9607,0.842,0.961,0.928,0.816,esmfold2,msa_nonpairing_loop10_samples200
4lk9,43,2,0.8531,0.901,0.7134,0.851,0.713,0.879,0.816,esmfold2,msa_nonpairing_loop10_samples200
4lk9,43,3,0.852,0.9017,2.2273,0.788,2.227,1.192,0.816,esmfold2,msa_nonpairing_loop10_samples200
4lk9,43,4,0.8517,0.8977,0.7223,0.85,0.722,0.885,0.816,esmfold2,msa_nonpairing_loop10_samples200
4lk9,44,0,0.8485,0.8964,1.5381,0.818,1.538,1.053,0.816,esmfold2,msa_nonpairing_loop10_samples200
4lk9,44,1,0.8489,0.8974,1.92,0.802,1.92,1.129,0.816,esmfold2,msa_nonpairing_loop10_samples200
4lk9,44,2,0.8473,0.8959,2.2521,0.786,2.252,1.207,0.816,esmfold2,msa_nonpairing_loop10_samples200
4lk9,44,3,0.8521,0.9004,1.9983,0.8,1.998,1.136,0.816,esmfold2,msa_nonpairing_loop10_samples200
4lk9,44,4,0.8517,0.9,2.4335,0.771,2.434,1.298,0.816,esmfold2,msa_nonpairing_loop10_samples200
4lzf,42,0,0.8134,0.8307,10.7399,0.398,10.74,3.664,0.667,esmfold2,msa_nonpairing_loop10_samples200
4lzf,42,1,0.823,0.8394,11.7041,0.395,11.704,3.69,0.697,esmfold2,msa_nonpairing_loop10_samples200
4lzf,42,2,0.8212,0.8377,10.9567,0.396,10.957,3.633,0.667,esmfold2,msa_nonpairing_loop10_samples200
4lzf,42,3,0.8101,0.8236,10.8916,0.458,10.892,3.592,0.848,esmfold2,msa_nonpairing_loop10_samples200
4lzf,42,4,0.8084,0.8213,10.7816,0.44,10.782,3.57,0.788,esmfold2,msa_nonpairing_loop10_samples200
4lzf,43,0,0.825,0.8441,11.7242,0.395,11.724,3.656,0.697,esmfold2,msa_nonpairing_loop10_samples200
4lzf,43,1,0.8048,0.8226,10.698,0.452,10.698,3.568,0.818,esmfold2,msa_nonpairing_loop10_samples200
4lzf,43,2,0.8161,0.833,11.4942,0.379,11.494,3.599,0.636,esmfold2,msa_nonpairing_loop10_samples200
4lzf,43,3,0.8165,0.8337,11.0367,0.416,11.037,3.595,0.727,esmfold2,msa_nonpairing_loop10_samples200
4lzf,43,4,0.8105,0.8222,11.16,0.435,11.16,3.585,0.788,esmfold2,msa_nonpairing_loop10_samples200
4lzf,44,0,0.8152,0.8266,11.059,0.426,11.059,3.595,0.758,esmfold2,msa_nonpairing_loop10_samples200
4lzf,44,1,0.8099,0.822,10.9684,0.447,10.968,3.588,0.818,esmfold2,msa_nonpairing_loop10_samples200
4lzf,44,2,0.8216,0.8387,10.7965,0.388,10.797,3.648,0.636,esmfold2,msa_nonpairing_loop10_samples200
4lzf,44,3,0.8166,0.8272,11.8241,0.377,11.824,3.524,0.636,esmfold2,msa_nonpairing_loop10_samples200
4lzf,44,4,0.8188,0.838,11.2885,0.391,11.289,3.65,0.667,esmfold2,msa_nonpairing_loop10_samples200
4m5s,42,0,0.7972,0.7883,2.6519,0.842,2.652,0.955,0.902,esmfold2,msa_nonpairing_loop10_samples200
4m5s,42,1,0.7988,0.7857,2.4257,0.847,2.426,0.892,0.878,esmfold2,msa_nonpairing_loop10_samples200
4m5s,42,2,0.7982,0.7855,2.9555,0.817,2.955,1.029,0.878,esmfold2,msa_nonpairing_loop10_samples200
4m5s,42,3,0.8008,0.7901,2.5533,0.847,2.553,0.93,0.902,esmfold2,msa_nonpairing_loop10_samples200
4m5s,42,4,0.8013,0.7886,2.5691,0.849,2.569,0.918,0.902,esmfold2,msa_nonpairing_loop10_samples200
4m5s,43,0,0.7695,0.7516,1.7834,0.878,1.783,0.699,0.854,esmfold2,msa_nonpairing_loop10_samples200
4m5s,43,1,0.7944,0.78,2.4718,0.841,2.472,0.874,0.854,esmfold2,msa_nonpairing_loop10_samples200
4m5s,43,2,0.7893,0.776,2.3925,0.844,2.393,0.862,0.854,esmfold2,msa_nonpairing_loop10_samples200
4m5s,43,3,0.7855,0.77,2.1436,0.871,2.144,0.82,0.902,esmfold2,msa_nonpairing_loop10_samples200
4m5s,43,4,0.7911,0.7783,2.1753,0.868,2.175,0.78,0.878,esmfold2,msa_nonpairing_loop10_samples200
4m5s,44,0,0.8028,0.7944,2.527,0.839,2.527,0.933,0.878,esmfold2,msa_nonpairing_loop10_samples200
4m5s,44,1,0.7962,0.7817,2.5083,0.852,2.508,0.903,0.902,esmfold2,msa_nonpairing_loop10_samples200
4m5s,44,2,0.7999,0.7876,2.6031,0.837,2.603,0.995,0.902,esmfold2,msa_nonpairing_loop10_samples200
4m5s,44,3,0.7977,0.7873,2.8097,0.836,2.81,1.033,0.927,esmfold2,msa_nonpairing_loop10_samples200
4m5s,44,4,0.8012,0.7917,2.5387,0.834,2.539,0.968,0.878,esmfold2,msa_nonpairing_loop10_samples200
4m91,42,0,0.7773,0.8568,4.6618,0.614,4.662,1.635,0.615,esmfold2,msa_nonpairing_loop10_samples200
4m91,42,1,0.7819,0.8599,4.289,0.66,4.289,1.529,0.692,esmfold2,msa_nonpairing_loop10_samples200
4m91,42,2,0.7639,0.8292,5.0671,0.599,5.067,1.812,0.654,esmfold2,msa_nonpairing_loop10_samples200
4m91,42,3,0.7403,0.8183,5.4864,0.576,5.486,1.96,0.654,esmfold2,msa_nonpairing_loop10_samples200
4m91,42,4,0.781,0.859,4.276,0.635,4.276,1.528,0.615,esmfold2,msa_nonpairing_loop10_samples200
4m91,43,0,0.7681,0.843,4.8949,0.596,4.895,1.752,0.615,esmfold2,msa_nonpairing_loop10_samples200
4m91,43,1,0.7769,0.8554,4.6523,0.624,4.652,1.659,0.654,esmfold2,msa_nonpairing_loop10_samples200
4m91,43,2,0.7838,0.8627,4.2731,0.662,4.273,1.515,0.692,esmfold2,msa_nonpairing_loop10_samples200
4m91,43,3,0.7727,0.8482,4.043,0.651,4.043,1.436,0.615,esmfold2,msa_nonpairing_loop10_samples200
4m91,43,4,0.7594,0.8467,5.1237,0.586,5.124,1.8,0.615,esmfold2,msa_nonpairing_loop10_samples200
4m91,44,0,0.7888,0.8667,4.7025,0.61,4.702,1.665,0.615,esmfold2,msa_nonpairing_loop10_samples200
4m91,44,1,0.7796,0.8563,4.1931,0.656,4.193,1.469,0.654,esmfold2,msa_nonpairing_loop10_samples200
4m91,44,2,0.7832,0.8612,4.1738,0.696,4.174,1.464,0.769,esmfold2,msa_nonpairing_loop10_samples200
4m91,44,3,0.769,0.8547,5.1477,0.594,5.148,1.845,0.654,esmfold2,msa_nonpairing_loop10_samples200
4m91,44,4,0.7806,0.8569,4.2168,0.651,4.217,1.511,0.654,esmfold2,msa_nonpairing_loop10_samples200
4mvi,42,0,0.6577,0.8105,4.4692,0.505,4.469,2.264,0.426,esmfold2,msa_nonpairing_loop10_samples200
4mvi,42,1,0.6269,0.8082,4.8295,0.475,4.83,2.43,0.393,esmfold2,msa_nonpairing_loop10_samples200
4mvi,42,2,0.6344,0.8029,6.2196,0.419,6.22,2.883,0.393,esmfold2,msa_nonpairing_loop10_samples200
4mvi,42,3,0.6366,0.8,5.5803,0.442,5.58,2.605,0.377,esmfold2,msa_nonpairing_loop10_samples200
4mvi,42,4,0.647,0.8169,5.1812,0.463,5.181,2.483,0.393,esmfold2,msa_nonpairing_loop10_samples200
4mvi,43,0,0.6401,0.8071,5.4769,0.461,5.477,2.491,0.41,esmfold2,msa_nonpairing_loop10_samples200
4mvi,43,1,0.649,0.8102,5.0884,0.466,5.088,2.585,0.41,esmfold2,msa_nonpairing_loop10_samples200
4mvi,43,2,0.6529,0.8161,4.5752,0.478,4.575,2.498,0.393,esmfold2,msa_nonpairing_loop10_samples200
4mvi,43,3,0.6465,0.807,4.6503,0.495,4.65,2.345,0.426,esmfold2,msa_nonpairing_loop10_samples200
4mvi,43,4,0.6471,0.8182,5.0673,0.439,5.067,2.585,0.328,esmfold2,msa_nonpairing_loop10_samples200
4mvi,44,0,0.6343,0.8069,4.8263,0.461,4.826,2.726,0.393,esmfold2,msa_nonpairing_loop10_samples200
4mvi,44,1,0.6438,0.7913,5.1322,0.47,5.132,2.49,0.41,esmfold2,msa_nonpairing_loop10_samples200
4mvi,44,2,0.6465,0.805,4.7614,0.467,4.761,2.628,0.393,esmfold2,msa_nonpairing_loop10_samples200
4mvi,44,3,0.644,0.8111,5.2237,0.463,5.224,2.574,0.41,esmfold2,msa_nonpairing_loop10_samples200
4mvi,44,4,0.6404,0.8096,5.4498,0.433,5.45,2.873,0.377,esmfold2,msa_nonpairing_loop10_samples200
4nuu,42,0,0.7182,0.8006,1.0555,0.695,1.056,1.877,0.711,esmfold2,msa_nonpairing_loop10_samples200
4nuu,42,1,0.7093,0.7841,1.3105,0.615,1.31,2.519,0.605,esmfold2,msa_nonpairing_loop10_samples200
4nuu,42,2,0.7112,0.7883,1.4884,0.618,1.488,2.415,0.605,esmfold2,msa_nonpairing_loop10_samples200
4nuu,42,3,0.7161,0.7962,1.6223,0.625,1.622,2.271,0.605,esmfold2,msa_nonpairing_loop10_samples200
4nuu,42,4,0.705,0.786,1.1057,0.634,1.106,2.227,0.605,esmfold2,msa_nonpairing_loop10_samples200
4nuu,43,0,0.6957,0.7745,1.2013,0.634,1.201,2.506,0.658,esmfold2,msa_nonpairing_loop10_samples200
4nuu,43,1,0.7048,0.788,1.2923,0.641,1.292,2.219,0.632,esmfold2,msa_nonpairing_loop10_samples200
4nuu,43,2,0.7121,0.7873,1.673,0.608,1.673,2.393,0.579,esmfold2,msa_nonpairing_loop10_samples200
4nuu,43,3,0.7091,0.7867,1.3866,0.628,1.387,2.273,0.605,esmfold2,msa_nonpairing_loop10_samples200
4nuu,43,4,0.7008,0.7763,1.2538,0.599,1.254,2.679,0.579,esmfold2,msa_nonpairing_loop10_samples200
4nuu,44,0,0.7079,0.7852,1.525,0.619,1.525,2.391,0.605,esmfold2,msa_nonpairing_loop10_samples200
4nuu,44,1,0.7099,0.7884,1.7258,0.602,1.726,2.486,0.579,esmfold2,msa_nonpairing_loop10_samples200
4nuu,44,2,0.6978,0.7748,1.2842,0.638,1.284,2.417,0.658,esmfold2,msa_nonpairing_loop10_samples200
4nuu,44,3,0.6994,0.7746,1.0233,0.655,1.023,2.31,0.684,esmfold2,msa_nonpairing_loop10_samples200
4nuu,44,4,0.7096,0.7866,1.2325,0.618,1.233,2.314,0.579,esmfold2,msa_nonpairing_loop10_samples200
4nxr,42,0,0.806,0.822,1.1796,0.836,1.18,1.218,0.923,esmfold2,msa_nonpairing_loop10_samples200
4nxr,42,1,0.8017,0.8195,1.1986,0.834,1.199,1.227,0.923,esmfold2,msa_nonpairing_loop10_samples200
4nxr,42,2,0.7979,0.8126,1.1745,0.82,1.174,1.209,0.872,esmfold2,msa_nonpairing_loop10_samples200
4nxr,42,3,0.8054,0.8207,1.2298,0.825,1.23,1.228,0.897,esmfold2,msa_nonpairing_loop10_samples200
4nxr,42,4,0.8023,0.8164,1.542,0.802,1.542,1.387,0.897,esmfold2,msa_nonpairing_loop10_samples200
4nxr,43,0,0.7918,0.8107,1.7247,0.788,1.725,1.408,0.872,esmfold2,msa_nonpairing_loop10_samples200
4nxr,43,1,0.8006,0.8222,1.3153,0.799,1.315,1.362,0.872,esmfold2,msa_nonpairing_loop10_samples200
4nxr,43,2,0.8015,0.8194,1.2758,0.809,1.276,1.286,0.872,esmfold2,msa_nonpairing_loop10_samples200
4nxr,43,3,0.7965,0.8105,1.9636,0.789,1.964,1.298,0.846,esmfold2,msa_nonpairing_loop10_samples200
4nxr,43,4,0.8085,0.8255,1.304,0.825,1.304,1.287,0.923,esmfold2,msa_nonpairing_loop10_samples200
4nxr,44,0,0.8005,0.8173,1.3475,0.802,1.348,1.33,0.872,esmfold2,msa_nonpairing_loop10_samples200
4nxr,44,1,0.7943,0.8118,1.1465,0.838,1.146,1.076,0.872,esmfold2,msa_nonpairing_loop10_samples200
4nxr,44,2,0.8006,0.8168,1.2553,0.821,1.255,1.259,0.897,esmfold2,msa_nonpairing_loop10_samples200
4nxr,44,3,0.7517,0.8223,2.6255,0.721,2.626,1.642,0.795,esmfold2,msa_nonpairing_loop10_samples200
4nxr,44,4,0.8014,0.8207,1.2288,0.837,1.229,1.138,0.897,esmfold2,msa_nonpairing_loop10_samples200
4ny3,42,0,0.8211,0.9073,2.6429,0.703,2.643,1.982,0.833,esmfold2,msa_nonpairing_loop10_samples200
4ny3,42,1,0.8165,0.9028,2.8313,0.689,2.831,2.119,0.833,esmfold2,msa_nonpairing_loop10_samples200
4ny3,42,2,0.8185,0.9054,2.5785,0.709,2.578,1.923,0.833,esmfold2,msa_nonpairing_loop10_samples200
4ny3,42,3,0.8171,0.9045,2.596,0.74,2.596,1.583,0.833,esmfold2,msa_nonpairing_loop10_samples200
4ny3,42,4,0.8191,0.906,2.3738,0.711,2.374,1.952,0.833,esmfold2,msa_nonpairing_loop10_samples200
4ny3,43,0,0.8112,0.9006,2.6732,0.711,2.673,1.883,0.833,esmfold2,msa_nonpairing_loop10_samples200
4ny3,43,1,0.8185,0.9053,2.5918,0.694,2.592,2.121,0.833,esmfold2,msa_nonpairing_loop10_samples200
4ny3,43,2,0.8101,0.9001,2.6344,0.717,2.634,1.818,0.833,esmfold2,msa_nonpairing_loop10_samples200
4ny3,43,3,0.8221,0.9079,2.4343,0.779,2.434,1.428,0.889,esmfold2,msa_nonpairing_loop10_samples200
4ny3,43,4,0.7746,0.852,2.4711,0.701,2.471,2.053,0.833,esmfold2,msa_nonpairing_loop10_samples200
4ny3,44,0,0.8193,0.908,1.9123,0.714,1.912,1.794,0.778,esmfold2,msa_nonpairing_loop10_samples200
4ny3,44,1,0.7841,0.8637,2.2654,0.722,2.265,2.073,0.889,esmfold2,msa_nonpairing_loop10_samples200
4ny3,44,2,0.8177,0.9053,2.5178,0.704,2.518,2.002,0.833,esmfold2,msa_nonpairing_loop10_samples200
4ny3,44,3,0.8094,0.8991,2.9252,0.747,2.925,1.463,0.833,esmfold2,msa_nonpairing_loop10_samples200
4ny3,44,4,0.8118,0.9012,2.5454,0.727,2.545,1.934,0.889,esmfold2,msa_nonpairing_loop10_samples200
4odk,42,0,0.6049,0.6224,11.6812,0.222,11.681,3.962,0.194,esmfold2,msa_nonpairing_loop10_samples200
4odk,42,1,0.5994,0.6139,11.6821,0.225,11.682,3.807,0.194,esmfold2,msa_nonpairing_loop10_samples200
4odk,42,2,0.5886,0.5797,9.2399,0.287,9.24,3.658,0.258,esmfold2,msa_nonpairing_loop10_samples200
4odk,42,3,0.6036,0.6192,11.3708,0.238,11.371,3.908,0.226,esmfold2,msa_nonpairing_loop10_samples200
4odk,42,4,0.602,0.6197,11.3793,0.227,11.379,3.87,0.194,esmfold2,msa_nonpairing_loop10_samples200
4odk,43,0,0.5905,0.5966,11.2732,0.241,11.273,3.811,0.226,esmfold2,msa_nonpairing_loop10_samples200
4odk,43,1,0.5992,0.613,11.2566,0.24,11.257,3.883,0.226,esmfold2,msa_nonpairing_loop10_samples200
4odk,43,2,0.6002,0.611,10.6362,0.248,10.636,3.929,0.226,esmfold2,msa_nonpairing_loop10_samples200
4odk,43,3,0.5886,0.6009,11.4977,0.239,11.498,3.774,0.226,esmfold2,msa_nonpairing_loop10_samples200
4odk,43,4,0.3227,0.1798,16.3792,0.196,16.379,6.352,0.323,esmfold2,msa_nonpairing_loop10_samples200
4odk,44,0,0.5989,0.6148,11.7769,0.222,11.777,3.895,0.194,esmfold2,msa_nonpairing_loop10_samples200
4odk,44,1,0.5977,0.6097,10.313,0.254,10.313,3.847,0.226,esmfold2,msa_nonpairing_loop10_samples200
4odk,44,2,0.2412,0.1021,25.4114,0.042,25.411,9.253,0.0,esmfold2,msa_nonpairing_loop10_samples200
4odk,44,3,0.5996,0.6104,11.3237,0.239,11.324,3.856,0.226,esmfold2,msa_nonpairing_loop10_samples200
4odk,44,4,0.5695,0.5734,9.5822,0.271,9.582,3.619,0.226,esmfold2,msa_nonpairing_loop10_samples200
4ouc,42,0,0.3626,0.5273,11.3437,0.3,11.344,3.309,0.371,esmfold2,msa_nonpairing_loop10_samples200
4ouc,42,1,0.3732,0.5271,12.4133,0.241,12.413,3.602,0.257,esmfold2,msa_nonpairing_loop10_samples200
4ouc,42,2,0.3946,0.5495,11.6253,0.285,11.625,3.387,0.343,esmfold2,msa_nonpairing_loop10_samples200
4ouc,42,3,0.3518,0.5056,11.6308,0.218,11.631,3.39,0.143,esmfold2,msa_nonpairing_loop10_samples200
4ouc,42,4,0.3593,0.5188,11.9582,0.202,11.958,3.496,0.114,esmfold2,msa_nonpairing_loop10_samples200
4ouc,43,0,0.3691,0.5157,12.4358,0.25,12.436,3.616,0.286,esmfold2,msa_nonpairing_loop10_samples200
4ouc,43,1,0.364,0.5157,12.1606,0.189,12.161,3.534,0.086,esmfold2,msa_nonpairing_loop10_samples200
4ouc,43,2,0.3822,0.5351,12.56,0.162,12.56,3.665,0.029,esmfold2,msa_nonpairing_loop10_samples200
4ouc,43,3,0.3969,0.5459,12.5503,0.248,12.55,3.642,0.286,esmfold2,msa_nonpairing_loop10_samples200
4ouc,43,4,0.3607,0.5197,11.5524,0.287,11.552,3.365,0.343,esmfold2,msa_nonpairing_loop10_samples200
4ouc,44,0,0.3675,0.5296,11.4581,0.279,11.458,3.332,0.314,esmfold2,msa_nonpairing_loop10_samples200
4ouc,44,1,0.3549,0.4834,13.4517,0.177,13.452,3.882,0.114,esmfold2,msa_nonpairing_loop10_samples200
4ouc,44,2,0.3815,0.5359,11.7269,0.273,11.727,3.415,0.314,esmfold2,msa_nonpairing_loop10_samples200
4ouc,44,3,0.3958,0.5506,12.1268,0.266,12.127,3.508,0.314,esmfold2,msa_nonpairing_loop10_samples200
4ouc,44,4,0.379,0.5312,11.4553,0.288,11.455,3.364,0.343,esmfold2,msa_nonpairing_loop10_samples200
4oyk,42,0,0.3883,0.3037,14.208,0.171,14.208,5.234,0.175,esmfold2,msa_nonpairing_loop10_samples200
4oyk,42,1,0.388,0.3045,9.3676,0.231,9.368,4.122,0.125,esmfold2,msa_nonpairing_loop10_samples200
4oyk,42,2,0.4129,0.3395,13.5828,0.189,13.583,5.862,0.225,esmfold2,msa_nonpairing_loop10_samples200
4oyk,42,3,0.3843,0.2828,13.205,0.148,13.205,5.238,0.075,esmfold2,msa_nonpairing_loop10_samples200
4oyk,42,4,0.4023,0.3217,9.3929,0.263,9.393,4.16,0.225,esmfold2,msa_nonpairing_loop10_samples200
4oyk,43,0,0.3948,0.3399,12.7377,0.21,12.738,5.357,0.25,esmfold2,msa_nonpairing_loop10_samples200
4oyk,43,1,0.4114,0.3228,11.4305,0.206,11.43,4.853,0.175,esmfold2,msa_nonpairing_loop10_samples200
4oyk,43,2,0.8108,0.8594,1.3489,0.924,1.349,0.509,0.9,esmfold2,msa_nonpairing_loop10_samples200
4oyk,43,3,0.4133,0.3132,12.4212,0.15,12.421,5.088,0.05,esmfold2,msa_nonpairing_loop10_samples200
4oyk,43,4,0.3333,0.2333,14.0326,0.185,14.033,5.893,0.225,esmfold2,msa_nonpairing_loop10_samples200
4oyk,44,0,0.3909,0.3382,12.5324,0.211,12.532,5.504,0.25,esmfold2,msa_nonpairing_loop10_samples200
4oyk,44,1,0.3808,0.3239,11.4591,0.232,11.459,4.761,0.25,esmfold2,msa_nonpairing_loop10_samples200
4oyk,44,2,0.4387,0.3874,12.2888,0.225,12.289,5.267,0.275,esmfold2,msa_nonpairing_loop10_samples200
4oyk,44,3,0.5641,0.5451,3.641,0.688,3.641,1.6,0.75,esmfold2,msa_nonpairing_loop10_samples200
4oyk,44,4,0.3921,0.3054,12.3253,0.168,12.325,5.038,0.1,esmfold2,msa_nonpairing_loop10_samples200
4pd1,42,0,0.8575,0.9325,0.7456,0.946,0.746,0.34,0.896,esmfold2,msa_nonpairing_loop10_samples200
4pd1,42,1,0.8535,0.9357,1.0121,0.917,1.012,0.404,0.833,esmfold2,msa_nonpairing_loop10_samples200
4pd1,42,2,0.8528,0.9293,0.9692,0.923,0.969,0.415,0.854,esmfold2,msa_nonpairing_loop10_samples200
4pd1,42,3,0.8573,0.9313,1.0038,0.924,1.004,0.403,0.854,esmfold2,msa_nonpairing_loop10_samples200
4pd1,42,4,0.8575,0.9327,0.8184,0.944,0.818,0.358,0.896,esmfold2,msa_nonpairing_loop10_samples200
4pd1,43,0,0.8585,0.9348,1.4081,0.922,1.408,0.38,0.854,esmfold2,msa_nonpairing_loop10_samples200
4pd1,43,1,0.8447,0.9294,1.3584,0.911,1.358,0.543,0.875,esmfold2,msa_nonpairing_loop10_samples200
4pd1,43,2,0.8595,0.9353,0.9564,0.936,0.956,0.358,0.875,esmfold2,msa_nonpairing_loop10_samples200
4pd1,43,3,0.8584,0.9324,0.8186,0.939,0.819,0.339,0.875,esmfold2,msa_nonpairing_loop10_samples200
4pd1,43,4,0.8581,0.9361,1.2846,0.927,1.285,0.479,0.896,esmfold2,msa_nonpairing_loop10_samples200
4pd1,44,0,0.8515,0.9336,1.06,0.928,1.06,0.425,0.875,esmfold2,msa_nonpairing_loop10_samples200
4pd1,44,1,0.8506,0.9291,0.9857,0.933,0.986,0.387,0.875,esmfold2,msa_nonpairing_loop10_samples200
4pd1,44,2,0.8597,0.9335,0.7778,0.935,0.778,0.382,0.875,esmfold2,msa_nonpairing_loop10_samples200
4pd1,44,3,0.8627,0.9394,1.0175,0.935,1.017,0.435,0.896,esmfold2,msa_nonpairing_loop10_samples200
4pd1,44,4,0.8599,0.9385,0.9208,0.935,0.921,0.375,0.875,esmfold2,msa_nonpairing_loop10_samples200
4pge,42,0,0.9532,0.9805,1.1637,0.96,1.164,0.409,0.966,esmfold2,msa_nonpairing_loop10_samples200
4pge,42,1,0.9521,0.98,1.0476,0.957,1.048,0.444,0.966,esmfold2,msa_nonpairing_loop10_samples200
4pge,42,2,0.9528,0.9805,1.0388,0.96,1.039,0.419,0.966,esmfold2,msa_nonpairing_loop10_samples200
4pge,42,3,0.9544,0.9806,1.1259,0.959,1.126,0.418,0.966,esmfold2,msa_nonpairing_loop10_samples200
4pge,42,4,0.9491,0.9791,1.2117,0.958,1.212,0.416,0.966,esmfold2,msa_nonpairing_loop10_samples200
4pge,43,0,0.9526,0.9802,1.2206,0.958,1.221,0.422,0.966,esmfold2,msa_nonpairing_loop10_samples200
4pge,43,1,0.9534,0.9803,1.1266,0.96,1.127,0.403,0.966,esmfold2,msa_nonpairing_loop10_samples200
4pge,43,2,0.9535,0.9803,1.1318,0.96,1.132,0.406,0.966,esmfold2,msa_nonpairing_loop10_samples200
4pge,43,3,0.9536,0.9803,1.0367,0.963,1.037,0.438,0.983,esmfold2,msa_nonpairing_loop10_samples200
4pge,43,4,0.9523,0.9799,1.4059,0.954,1.406,0.434,0.966,esmfold2,msa_nonpairing_loop10_samples200
4pge,44,0,0.9536,0.9804,1.1342,0.959,1.134,0.421,0.966,esmfold2,msa_nonpairing_loop10_samples200
4pge,44,1,0.9531,0.9806,1.0219,0.96,1.022,0.422,0.966,esmfold2,msa_nonpairing_loop10_samples200
4pge,44,2,0.9515,0.9796,1.1858,0.956,1.186,0.436,0.966,esmfold2,msa_nonpairing_loop10_samples200
4pge,44,3,0.9515,0.9789,1.1197,0.958,1.12,0.423,0.966,esmfold2,msa_nonpairing_loop10_samples200
4pge,44,4,0.9537,0.9806,1.1235,0.957,1.124,0.438,0.966,esmfold2,msa_nonpairing_loop10_samples200
4qbr,42,0,0.8893,0.9445,0.5794,0.938,0.579,0.644,0.975,esmfold2,msa_nonpairing_loop10_samples200
4qbr,42,1,0.8885,0.9439,0.65,0.939,0.65,0.637,0.975,esmfold2,msa_nonpairing_loop10_samples200
4qbr,42,2,0.8879,0.9447,0.5473,0.933,0.547,0.624,0.95,esmfold2,msa_nonpairing_loop10_samples200
4qbr,42,3,0.8888,0.9438,0.6228,0.945,0.623,0.595,0.975,esmfold2,msa_nonpairing_loop10_samples200
4qbr,42,4,0.886,0.9414,0.5048,0.941,0.505,0.625,0.975,esmfold2,msa_nonpairing_loop10_samples200
4qbr,43,0,0.8848,0.9415,0.4998,0.947,0.5,0.641,1.0,esmfold2,msa_nonpairing_loop10_samples200
4qbr,43,1,0.8709,0.9265,0.7959,0.937,0.796,0.645,0.975,esmfold2,msa_nonpairing_loop10_samples200
4qbr,43,2,0.8863,0.9429,0.6638,0.923,0.664,0.632,0.925,esmfold2,msa_nonpairing_loop10_samples200
4qbr,43,3,0.8868,0.9406,0.4309,0.958,0.431,0.493,0.975,esmfold2,msa_nonpairing_loop10_samples200
4qbr,43,4,0.8549,0.9084,1.3207,0.913,1.321,0.663,0.925,esmfold2,msa_nonpairing_loop10_samples200
4qbr,44,0,0.8698,0.9299,0.6603,0.926,0.66,0.666,0.95,esmfold2,msa_nonpairing_loop10_samples200
4qbr,44,1,0.8902,0.9459,0.707,0.926,0.707,0.607,0.925,esmfold2,msa_nonpairing_loop10_samples200
4qbr,44,2,0.8833,0.9382,0.45,0.958,0.45,0.491,0.975,esmfold2,msa_nonpairing_loop10_samples200
4qbr,44,3,0.8851,0.9432,0.5547,0.933,0.555,0.683,0.975,esmfold2,msa_nonpairing_loop10_samples200
4qbr,44,4,0.8856,0.9423,0.6681,0.93,0.668,0.697,0.975,esmfold2,msa_nonpairing_loop10_samples200
4r5i,42,0,0.4087,0.4736,1.8955,0.861,1.896,0.725,0.818,esmfold2,msa_nonpairing_loop10_samples200
4r5i,42,1,0.7049,0.7849,11.5085,0.277,11.508,3.18,0.295,esmfold2,msa_nonpairing_loop10_samples200
4r5i,42,2,0.7139,0.791,11.4835,0.27,11.484,3.159,0.273,esmfold2,msa_nonpairing_loop10_samples200
4r5i,42,3,0.7145,0.7926,11.504,0.269,11.504,3.198,0.273,esmfold2,msa_nonpairing_loop10_samples200
4r5i,42,4,0.7126,0.792,11.5818,0.265,11.582,3.275,0.273,esmfold2,msa_nonpairing_loop10_samples200
4r5i,43,0,0.7059,0.7868,11.4815,0.27,11.481,3.158,0.273,esmfold2,msa_nonpairing_loop10_samples200
4r5i,43,1,0.7014,0.7804,11.3727,0.272,11.373,3.14,0.273,esmfold2,msa_nonpairing_loop10_samples200
4r5i,43,2,0.6912,0.7726,11.5513,0.274,11.551,3.241,0.295,esmfold2,msa_nonpairing_loop10_samples200
4r5i,43,3,0.6969,0.7757,11.2705,0.275,11.271,3.092,0.273,esmfold2,msa_nonpairing_loop10_samples200
4r5i,43,4,0.6855,0.769,11.4608,0.278,11.461,3.178,0.295,esmfold2,msa_nonpairing_loop10_samples200
4r5i,44,0,0.6846,0.7649,11.4798,0.277,11.48,3.192,0.295,esmfold2,msa_nonpairing_loop10_samples200
4r5i,44,1,0.6956,0.7744,11.4838,0.27,11.484,3.18,0.273,esmfold2,msa_nonpairing_loop10_samples200
4r5i,44,2,0.4198,0.4953,3.1452,0.763,3.145,1.134,0.773,esmfold2,msa_nonpairing_loop10_samples200
4r5i,44,3,0.7179,0.795,11.3883,0.28,11.388,3.128,0.295,esmfold2,msa_nonpairing_loop10_samples200
4r5i,44,4,0.7049,0.7851,11.3939,0.272,11.394,3.143,0.273,esmfold2,msa_nonpairing_loop10_samples200
4txr,42,0,0.8268,0.8875,1.0683,0.946,1.068,0.56,0.976,esmfold2,msa_nonpairing_loop10_samples200
4txr,42,1,0.8249,0.8873,1.1849,0.934,1.185,0.578,0.951,esmfold2,msa_nonpairing_loop10_samples200
4txr,42,2,0.8248,0.8829,1.2799,0.925,1.28,0.582,0.927,esmfold2,msa_nonpairing_loop10_samples200
4txr,42,3,0.827,0.8918,0.9761,0.93,0.976,0.565,0.927,esmfold2,msa_nonpairing_loop10_samples200
4txr,42,4,0.8268,0.8915,1.4029,0.901,1.403,0.686,0.902,esmfold2,msa_nonpairing_loop10_samples200
4txr,43,0,0.828,0.8913,0.9433,0.934,0.943,0.535,0.927,esmfold2,msa_nonpairing_loop10_samples200
4txr,43,1,0.8281,0.892,0.9988,0.916,0.999,0.609,0.902,esmfold2,msa_nonpairing_loop10_samples200
4txr,43,2,0.8264,0.8899,0.9547,0.923,0.955,0.558,0.902,esmfold2,msa_nonpairing_loop10_samples200
4txr,43,3,0.8241,0.8879,1.143,0.913,1.143,0.618,0.902,esmfold2,msa_nonpairing_loop10_samples200
4txr,43,4,0.7947,0.8735,3.6913,0.705,3.691,1.677,0.829,esmfold2,msa_nonpairing_loop10_samples200
4txr,44,0,0.8285,0.8908,1.3599,0.916,1.36,0.643,0.927,esmfold2,msa_nonpairing_loop10_samples200
4txr,44,1,0.7935,0.871,3.1946,0.751,3.195,1.429,0.854,esmfold2,msa_nonpairing_loop10_samples200
4txr,44,2,0.8291,0.8939,1.0293,0.916,1.029,0.603,0.902,esmfold2,msa_nonpairing_loop10_samples200
4txr,44,3,0.8077,0.8722,1.6175,0.869,1.618,0.776,0.854,esmfold2,msa_nonpairing_loop10_samples200
4txr,44,4,0.8269,0.8903,0.8689,0.945,0.869,0.513,0.951,esmfold2,msa_nonpairing_loop10_samples200
4u0c,42,0,0.5651,0.5211,8.9793,0.592,8.979,1.622,0.842,esmfold2,msa_nonpairing_loop10_samples200
4u0c,42,1,0.5579,0.5374,6.8173,0.672,6.817,1.317,0.842,esmfold2,msa_nonpairing_loop10_samples200
4u0c,42,2,0.5594,0.5333,9.0802,0.568,9.08,1.853,0.842,esmfold2,msa_nonpairing_loop10_samples200
4u0c,42,3,0.5586,0.528,11.1682,0.547,11.168,1.724,0.842,esmfold2,msa_nonpairing_loop10_samples200
4u0c,42,4,0.5513,0.5433,6.121,0.677,6.121,1.269,0.789,esmfold2,msa_nonpairing_loop10_samples200
4u0c,43,0,0.5506,0.5256,7.8379,0.637,7.838,1.416,0.842,esmfold2,msa_nonpairing_loop10_samples200
4u0c,43,1,0.5609,0.5421,9.1312,0.635,9.131,1.226,0.842,esmfold2,msa_nonpairing_loop10_samples200
4u0c,43,2,0.5589,0.53,7.8438,0.624,7.844,1.533,0.842,esmfold2,msa_nonpairing_loop10_samples200
4u0c,43,3,0.5622,0.5373,7.1318,0.637,7.132,1.396,0.789,esmfold2,msa_nonpairing_loop10_samples200
4u0c,43,4,0.5496,0.5249,9.8318,0.573,9.832,1.491,0.789,esmfold2,msa_nonpairing_loop10_samples200
4u0c,44,0,0.5156,0.5197,7.0786,0.604,7.079,1.721,0.789,esmfold2,msa_nonpairing_loop10_samples200
4u0c,44,1,0.5617,0.5397,9.5453,0.617,9.545,1.31,0.842,esmfold2,msa_nonpairing_loop10_samples200
4u0c,44,2,0.5343,0.5233,21.1768,0.504,21.177,1.408,0.842,esmfold2,msa_nonpairing_loop10_samples200
4u0c,44,3,0.5515,0.5367,6.6604,0.658,6.66,1.466,0.842,esmfold2,msa_nonpairing_loop10_samples200
4u0c,44,4,0.565,0.5466,9.3466,0.58,9.347,1.671,0.842,esmfold2,msa_nonpairing_loop10_samples200
4uqy,42,0,0.7179,0.8302,1.0779,0.913,1.078,0.545,0.87,esmfold2,msa_nonpairing_loop10_samples200
4uqy,42,1,0.7186,0.8333,1.5082,0.886,1.508,0.617,0.833,esmfold2,msa_nonpairing_loop10_samples200
4uqy,42,2,0.7187,0.8321,1.5252,0.897,1.525,0.627,0.87,esmfold2,msa_nonpairing_loop10_samples200
4uqy,42,3,0.716,0.8321,1.2925,0.91,1.292,0.547,0.87,esmfold2,msa_nonpairing_loop10_samples200
4uqy,42,4,0.7072,0.8236,1.0484,0.922,1.048,0.473,0.87,esmfold2,msa_nonpairing_loop10_samples200
4uqy,43,0,0.7154,0.8288,1.0567,0.927,1.057,0.478,0.889,esmfold2,msa_nonpairing_loop10_samples200
4uqy,43,1,0.7214,0.8341,1.4789,0.894,1.479,0.604,0.852,esmfold2,msa_nonpairing_loop10_samples200
4uqy,43,2,0.7169,0.8316,1.6803,0.896,1.68,0.659,0.889,esmfold2,msa_nonpairing_loop10_samples200
4uqy,43,3,0.6228,0.7451,2.5341,0.767,2.534,0.943,0.667,esmfold2,msa_nonpairing_loop10_samples200
4uqy,43,4,0.7128,0.8281,1.3088,0.903,1.309,0.55,0.852,esmfold2,msa_nonpairing_loop10_samples200
4uqy,44,0,0.7172,0.8315,1.4826,0.895,1.483,0.596,0.852,esmfold2,msa_nonpairing_loop10_samples200
4uqy,44,1,0.7184,0.8299,1.2277,0.902,1.228,0.52,0.833,esmfold2,msa_nonpairing_loop10_samples200
4uqy,44,2,0.7182,0.8328,1.0743,0.915,1.074,0.476,0.852,esmfold2,msa_nonpairing_loop10_samples200
4uqy,44,3,0.7174,0.8327,1.2451,0.905,1.245,0.544,0.852,esmfold2,msa_nonpairing_loop10_samples200
4uqy,44,4,0.7128,0.8278,1.3751,0.909,1.375,0.551,0.87,esmfold2,msa_nonpairing_loop10_samples200
4x2h,42,0,0.5305,0.5091,37.7281,0.022,37.728,11.371,0.0,esmfold2,msa_nonpairing_loop10_samples200
4x2h,42,1,0.5132,0.4962,37.8217,0.021,37.822,12.121,0.0,esmfold2,msa_nonpairing_loop10_samples200
4x2h,42,2,0.5228,0.4893,37.7494,0.022,37.749,11.67,0.0,esmfold2,msa_nonpairing_loop10_samples200
4x2h,42,3,0.5211,0.4901,37.524,0.022,37.524,11.459,0.0,esmfold2,msa_nonpairing_loop10_samples200
4x2h,42,4,0.8263,0.8799,4.0915,0.597,4.092,8.374,0.947,esmfold2,msa_nonpairing_loop10_samples200
4x2h,43,0,0.2431,0.0813,24.2853,0.044,24.285,10.082,0.0,esmfold2,msa_nonpairing_loop10_samples200
4x2h,43,1,0.5352,0.5078,37.8749,0.021,37.875,12.023,0.0,esmfold2,msa_nonpairing_loop10_samples200
4x2h,43,2,0.3933,0.3527,44.1953,0.016,44.195,13.585,0.0,esmfold2,msa_nonpairing_loop10_samples200
4x2h,43,3,0.4996,0.4713,37.7182,0.022,37.718,11.48,0.0,esmfold2,msa_nonpairing_loop10_samples200
4x2h,43,4,0.5305,0.5077,39.7486,0.02,39.749,11.975,0.0,esmfold2,msa_nonpairing_loop10_samples200
4x2h,44,0,0.3735,0.3159,39.9115,0.019,39.911,12.635,0.0,esmfold2,msa_nonpairing_loop10_samples200
4x2h,44,1,0.5295,0.5088,39.7617,0.02,39.762,11.697,0.0,esmfold2,msa_nonpairing_loop10_samples200
4x2h,44,2,0.5222,0.4959,37.4904,0.021,37.49,11.931,0.0,esmfold2,msa_nonpairing_loop10_samples200
4x2h,44,3,0.498,0.4841,38.3078,0.02,38.308,12.489,0.0,esmfold2,msa_nonpairing_loop10_samples200
4x2h,44,4,0.505,0.4921,39.8945,0.019,39.895,12.221,0.0,esmfold2,msa_nonpairing_loop10_samples200
4x3o,42,0,0.8231,0.9259,1.2585,0.797,1.258,1.792,1.0,esmfold2,msa_nonpairing_loop10_samples200
4x3o,42,1,0.8386,0.9356,1.4069,0.8,1.407,1.742,1.0,esmfold2,msa_nonpairing_loop10_samples200
4x3o,42,2,0.8176,0.9255,1.3278,0.797,1.328,1.66,0.967,esmfold2,msa_nonpairing_loop10_samples200
4x3o,42,3,0.829,0.9322,1.8437,0.803,1.844,1.643,1.0,esmfold2,msa_nonpairing_loop10_samples200
4x3o,42,4,0.8406,0.9356,1.4875,0.84,1.487,1.357,1.0,esmfold2,msa_nonpairing_loop10_samples200
4x3o,43,0,0.815,0.9268,1.4713,0.832,1.471,1.333,0.967,esmfold2,msa_nonpairing_loop10_samples200
4x3o,43,1,0.8198,0.9301,1.4856,0.879,1.486,1.059,1.0,esmfold2,msa_nonpairing_loop10_samples200
4x3o,43,2,0.839,0.9338,0.8477,0.846,0.848,1.365,1.0,esmfold2,msa_nonpairing_loop10_samples200
4x3o,43,3,0.8359,0.9375,1.3446,0.913,1.345,0.836,1.0,esmfold2,msa_nonpairing_loop10_samples200
4x3o,43,4,0.8343,0.9339,1.2201,0.865,1.22,1.185,1.0,esmfold2,msa_nonpairing_loop10_samples200
4x3o,44,0,0.8305,0.9289,0.8386,0.842,0.839,1.4,1.0,esmfold2,msa_nonpairing_loop10_samples200
4x3o,44,1,0.8285,0.9325,1.2159,0.84,1.216,1.385,1.0,esmfold2,msa_nonpairing_loop10_samples200
4x3o,44,2,0.8344,0.9322,1.3507,0.83,1.351,1.457,1.0,esmfold2,msa_nonpairing_loop10_samples200
4x3o,44,3,0.831,0.9301,1.3459,0.823,1.346,1.521,1.0,esmfold2,msa_nonpairing_loop10_samples200
4x3o,44,4,0.832,0.9283,1.4193,0.79,1.419,1.853,1.0,esmfold2,msa_nonpairing_loop10_samples200
4xc2,42,0,0.7091,0.8012,2.996,0.756,2.996,1.167,0.755,esmfold2,msa_nonpairing_loop10_samples200
4xc2,42,1,0.7014,0.7895,3.1309,0.768,3.131,1.207,0.816,esmfold2,msa_nonpairing_loop10_samples200
4xc2,42,2,0.6837,0.7914,5.4188,0.551,5.419,2.044,0.592,esmfold2,msa_nonpairing_loop10_samples200
4xc2,42,3,0.6805,0.7952,7.4364,0.481,7.436,2.802,0.653,esmfold2,msa_nonpairing_loop10_samples200
4xc2,42,4,0.696,0.7953,2.7286,0.795,2.729,1.074,0.816,esmfold2,msa_nonpairing_loop10_samples200
4xc2,43,0,0.6999,0.7973,4.4325,0.656,4.432,1.671,0.735,esmfold2,msa_nonpairing_loop10_samples200
4xc2,43,1,0.7022,0.7932,3.3985,0.744,3.399,1.296,0.796,esmfold2,msa_nonpairing_loop10_samples200
4xc2,43,2,0.6965,0.7944,1.8503,0.854,1.85,0.721,0.796,esmfold2,msa_nonpairing_loop10_samples200
4xc2,43,3,0.6753,0.7966,7.8456,0.446,7.846,2.941,0.592,esmfold2,msa_nonpairing_loop10_samples200
4xc2,43,4,0.6927,0.7947,2.9203,0.753,2.92,1.153,0.735,esmfold2,msa_nonpairing_loop10_samples200
4xc2,44,0,0.674,0.7919,8.0455,0.452,8.045,3.029,0.633,esmfold2,msa_nonpairing_loop10_samples200
4xc2,44,1,0.7001,0.7952,2.2655,0.822,2.266,0.897,0.796,esmfold2,msa_nonpairing_loop10_samples200
4xc2,44,2,0.7082,0.7985,3.4206,0.72,3.421,1.317,0.735,esmfold2,msa_nonpairing_loop10_samples200
4xc2,44,3,0.6825,0.7952,7.3663,0.477,7.366,2.758,0.633,esmfold2,msa_nonpairing_loop10_samples200
4xc2,44,4,0.7016,0.7815,3.2147,0.761,3.215,1.249,0.816,esmfold2,msa_nonpairing_loop10_samples200
4xek,42,0,0.8143,0.8543,1.3572,0.933,1.357,0.69,1.0,esmfold2,msa_nonpairing_loop10_samples200
4xek,42,1,0.8015,0.8432,1.8295,0.9,1.83,0.813,0.972,esmfold2,msa_nonpairing_loop10_samples200
4xek,42,2,0.807,0.8473,2.2945,0.814,2.295,1.107,0.861,esmfold2,msa_nonpairing_loop10_samples200
4xek,42,3,0.8092,0.8603,2.8678,0.772,2.868,1.34,0.861,esmfold2,msa_nonpairing_loop10_samples200
4xek,42,4,0.814,0.852,1.2813,0.925,1.281,0.626,0.944,esmfold2,msa_nonpairing_loop10_samples200
4xek,43,0,0.8185,0.8579,0.9397,0.957,0.94,0.472,0.972,esmfold2,msa_nonpairing_loop10_samples200
4xek,43,1,0.8192,0.8715,3.1625,0.745,3.162,1.517,0.861,esmfold2,msa_nonpairing_loop10_samples200
4xek,43,2,0.8031,0.8445,1.9711,0.862,1.971,0.938,0.917,esmfold2,msa_nonpairing_loop10_samples200
4xek,43,3,0.8161,0.8658,2.8514,0.788,2.851,1.362,0.917,esmfold2,msa_nonpairing_loop10_samples200
4xek,43,4,0.8086,0.8562,2.0075,0.849,2.007,0.956,0.889,esmfold2,msa_nonpairing_loop10_samples200
4xek,44,0,0.8004,0.8454,2.0114,0.925,2.011,0.616,0.972,esmfold2,msa_nonpairing_loop10_samples200
4xek,44,1,0.798,0.8408,1.3344,0.925,1.334,0.616,0.944,esmfold2,msa_nonpairing_loop10_samples200
4xek,44,2,0.8168,0.8615,3.1726,0.767,3.173,1.484,0.917,esmfold2,msa_nonpairing_loop10_samples200
4xek,44,3,0.8015,0.8405,2.3512,0.817,2.351,1.138,0.889,esmfold2,msa_nonpairing_loop10_samples200
4xek,44,4,0.8181,0.8566,0.9415,0.958,0.942,0.457,0.972,esmfold2,msa_nonpairing_loop10_samples200
4yje,42,0,0.77,0.8732,1.7939,0.843,1.794,0.762,0.776,esmfold2,msa_nonpairing_loop10_samples200
4yje,42,1,0.7955,0.8899,2.5581,0.821,2.558,0.868,0.796,esmfold2,msa_nonpairing_loop10_samples200
4yje,42,2,0.7769,0.8763,2.5741,0.825,2.574,0.88,0.816,esmfold2,msa_nonpairing_loop10_samples200
4yje,42,3,0.796,0.8899,2.5887,0.826,2.589,0.871,0.816,esmfold2,msa_nonpairing_loop10_samples200
4yje,42,4,0.8004,0.895,2.5863,0.824,2.586,0.887,0.816,esmfold2,msa_nonpairing_loop10_samples200
4yje,43,0,0.7882,0.887,2.3232,0.831,2.323,0.828,0.796,esmfold2,msa_nonpairing_loop10_samples200
4yje,43,1,0.7821,0.8752,2.7497,0.802,2.75,0.921,0.776,esmfold2,msa_nonpairing_loop10_samples200
4yje,43,2,0.7798,0.8808,2.0799,0.857,2.08,0.723,0.816,esmfold2,msa_nonpairing_loop10_samples200
4yje,43,3,0.7916,0.8871,2.5747,0.82,2.575,0.87,0.796,esmfold2,msa_nonpairing_loop10_samples200
4yje,43,4,0.7914,0.8846,3.0321,0.79,3.032,1.012,0.796,esmfold2,msa_nonpairing_loop10_samples200
4yje,44,0,0.7866,0.8847,1.9042,0.868,1.904,0.714,0.837,esmfold2,msa_nonpairing_loop10_samples200
4yje,44,1,0.7939,0.8876,2.5017,0.823,2.502,0.858,0.796,esmfold2,msa_nonpairing_loop10_samples200
4yje,44,2,0.8106,0.905,2.6394,0.808,2.639,0.944,0.796,esmfold2,msa_nonpairing_loop10_samples200
4yje,44,3,0.8001,0.8908,2.6613,0.814,2.661,0.946,0.816,esmfold2,msa_nonpairing_loop10_samples200
4yje,44,4,0.8103,0.9011,2.6346,0.818,2.635,0.878,0.796,esmfold2,msa_nonpairing_loop10_samples200
4z2o,42,0,0.6371,0.6136,12.5408,0.138,12.541,5.245,0.022,esmfold2,msa_nonpairing_loop10_samples200
4z2o,42,1,0.6367,0.6209,12.5052,0.138,12.505,5.23,0.022,esmfold2,msa_nonpairing_loop10_samples200
4z2o,42,2,0.6297,0.6083,12.6385,0.136,12.639,5.261,0.022,esmfold2,msa_nonpairing_loop10_samples200
4z2o,42,3,0.6267,0.6123,12.5741,0.137,12.574,5.247,0.022,esmfold2,msa_nonpairing_loop10_samples200
4z2o,42,4,0.6382,0.6229,12.5048,0.146,12.505,5.211,0.044,esmfold2,msa_nonpairing_loop10_samples200
4z2o,43,0,0.6329,0.6147,12.5499,0.137,12.55,5.242,0.022,esmfold2,msa_nonpairing_loop10_samples200
4z2o,43,1,0.6361,0.6205,12.5787,0.137,12.579,5.256,0.022,esmfold2,msa_nonpairing_loop10_samples200
4z2o,43,2,0.6226,0.5942,12.4562,0.139,12.456,5.212,0.022,esmfold2,msa_nonpairing_loop10_samples200
4z2o,43,3,0.6301,0.6125,12.47,0.139,12.47,5.218,0.022,esmfold2,msa_nonpairing_loop10_samples200
4z2o,43,4,0.6259,0.5973,12.662,0.136,12.662,5.309,0.022,esmfold2,msa_nonpairing_loop10_samples200
4z2o,44,0,0.6406,0.6253,12.5796,0.144,12.58,5.269,0.044,esmfold2,msa_nonpairing_loop10_samples200
4z2o,44,1,0.6376,0.6233,12.4478,0.139,12.448,5.196,0.022,esmfold2,msa_nonpairing_loop10_samples200
4z2o,44,2,0.6293,0.6097,12.6143,0.137,12.614,5.255,0.022,esmfold2,msa_nonpairing_loop10_samples200
4z2o,44,3,0.6214,0.5997,12.6034,0.136,12.603,5.292,0.022,esmfold2,msa_nonpairing_loop10_samples200
4z2o,44,4,0.3519,0.2322,11.3959,0.243,11.396,4.396,0.267,esmfold2,msa_nonpairing_loop10_samples200
4zoz,42,0,0.8753,0.9575,0.7011,0.937,0.701,0.381,0.878,esmfold2,msa_nonpairing_loop10_samples200
4zoz,42,1,0.8742,0.9578,1.2685,0.918,1.268,0.56,0.898,esmfold2,msa_nonpairing_loop10_samples200
4zoz,42,2,0.8762,0.9585,1.4633,0.895,1.463,0.564,0.837,esmfold2,msa_nonpairing_loop10_samples200
4zoz,42,3,0.8755,0.958,1.4478,0.906,1.448,0.586,0.878,esmfold2,msa_nonpairing_loop10_samples200
4zoz,42,4,0.8814,0.9609,1.5132,0.91,1.513,0.602,0.898,esmfold2,msa_nonpairing_loop10_samples200
4zoz,43,0,0.8796,0.9608,1.5308,0.905,1.531,0.632,0.898,esmfold2,msa_nonpairing_loop10_samples200
4zoz,43,1,0.8725,0.9561,1.2293,0.902,1.229,0.526,0.837,esmfold2,msa_nonpairing_loop10_samples200
4zoz,43,2,0.8627,0.9489,1.286,0.935,1.286,0.531,0.939,esmfold2,msa_nonpairing_loop10_samples200
4zoz,43,3,0.8792,0.9601,1.3053,0.911,1.305,0.558,0.878,esmfold2,msa_nonpairing_loop10_samples200
4zoz,43,4,0.8698,0.9523,1.6052,0.904,1.605,0.632,0.898,esmfold2,msa_nonpairing_loop10_samples200
4zoz,44,0,0.8753,0.9582,1.1743,0.925,1.174,0.513,0.898,esmfold2,msa_nonpairing_loop10_samples200
4zoz,44,1,0.8767,0.9591,1.4327,0.922,1.433,0.564,0.918,esmfold2,msa_nonpairing_loop10_samples200
4zoz,44,2,0.8739,0.9553,1.5587,0.911,1.559,0.588,0.898,esmfold2,msa_nonpairing_loop10_samples200
4zoz,44,3,0.8758,0.9595,1.346,0.913,1.346,0.541,0.878,esmfold2,msa_nonpairing_loop10_samples200
4zoz,44,4,0.8712,0.9541,1.2145,0.931,1.214,0.517,0.918,esmfold2,msa_nonpairing_loop10_samples200
5bs2,42,0,0.4258,0.2898,22.9529,0.057,22.953,6.614,0.0,esmfold2,msa_nonpairing_loop10_samples200
5bs2,42,1,0.4158,0.2487,19.2124,0.078,19.212,5.4,0.0,esmfold2,msa_nonpairing_loop10_samples200
5bs2,42,2,0.4212,0.2659,21.9099,0.062,21.91,6.24,0.0,esmfold2,msa_nonpairing_loop10_samples200
5bs2,42,3,0.4122,0.2309,17.5397,0.127,17.54,4.906,0.105,esmfold2,msa_nonpairing_loop10_samples200
5bs2,42,4,0.3676,0.1718,16.5523,0.135,16.552,4.753,0.105,esmfold2,msa_nonpairing_loop10_samples200
5bs2,43,0,0.4105,0.242,20.9535,0.067,20.953,5.935,0.0,esmfold2,msa_nonpairing_loop10_samples200
5bs2,43,1,0.4112,0.2561,21.8591,0.062,21.859,6.167,0.0,esmfold2,msa_nonpairing_loop10_samples200
5bs2,43,2,0.4275,0.2785,23.1866,0.056,23.187,6.644,0.0,esmfold2,msa_nonpairing_loop10_samples200
5bs2,43,3,0.4122,0.2278,18.1378,0.085,18.138,5.287,0.0,esmfold2,msa_nonpairing_loop10_samples200
5bs2,43,4,0.4016,0.2079,21.0996,0.065,21.1,6.133,0.0,esmfold2,msa_nonpairing_loop10_samples200
5bs2,44,0,0.2842,0.0732,10.1917,0.231,10.192,3.238,0.105,esmfold2,msa_nonpairing_loop10_samples200
5bs2,44,1,0.4366,0.2899,22.8875,0.056,22.888,6.815,0.0,esmfold2,msa_nonpairing_loop10_samples200
5bs2,44,2,0.4049,0.2252,16.8961,0.133,16.896,4.705,0.105,esmfold2,msa_nonpairing_loop10_samples200
5bs2,44,3,0.3942,0.1726,15.3433,0.112,15.343,4.483,0.0,esmfold2,msa_nonpairing_loop10_samples200
5bs2,44,4,0.3915,0.1951,16.3313,0.156,16.331,4.546,0.158,esmfold2,msa_nonpairing_loop10_samples200
5crw,42,0,0.7279,0.8472,9.656,0.629,9.656,1.164,0.828,esmfold2,msa_nonpairing_loop10_samples200
5crw,42,1,0.713,0.8501,3.6243,0.805,3.624,1.045,0.897,esmfold2,msa_nonpairing_loop10_samples200
5crw,42,2,0.7196,0.8514,6.4111,0.733,6.411,0.984,0.862,esmfold2,msa_nonpairing_loop10_samples200
5crw,42,3,0.7084,0.8532,2.8672,0.833,2.867,0.974,0.897,esmfold2,msa_nonpairing_loop10_samples200
5crw,42,4,0.7392,0.8537,7.5671,0.717,7.567,0.993,0.897,esmfold2,msa_nonpairing_loop10_samples200
5crw,43,0,0.7425,0.8576,7.4775,0.717,7.477,1.007,0.897,esmfold2,msa_nonpairing_loop10_samples200
5crw,43,1,0.7103,0.8512,5.3245,0.764,5.325,1.037,0.897,esmfold2,msa_nonpairing_loop10_samples200
5crw,43,2,0.721,0.8539,5.0751,0.776,5.075,0.996,0.897,esmfold2,msa_nonpairing_loop10_samples200
5crw,43,3,0.7231,0.8397,7.387,0.697,7.387,1.079,0.862,esmfold2,msa_nonpairing_loop10_samples200
5crw,43,4,0.7209,0.8522,5.2824,0.77,5.282,1.001,0.897,esmfold2,msa_nonpairing_loop10_samples200
5crw,44,0,0.724,0.8495,5.5208,0.758,5.521,1.041,0.897,esmfold2,msa_nonpairing_loop10_samples200
5crw,44,1,0.7166,0.8559,3.9559,0.792,3.956,1.002,0.862,esmfold2,msa_nonpairing_loop10_samples200
5crw,44,2,0.7275,0.8555,6.2411,0.733,6.241,1.097,0.897,esmfold2,msa_nonpairing_loop10_samples200
5crw,44,3,0.7449,0.8615,7.7389,0.71,7.739,1.015,0.897,esmfold2,msa_nonpairing_loop10_samples200
5crw,44,4,0.7445,0.8576,8.2854,0.7,8.285,1.006,0.897,esmfold2,msa_nonpairing_loop10_samples200
5d94,42,0,0.8079,0.8305,1.3139,0.857,1.314,0.742,0.792,esmfold2,msa_nonpairing_loop10_samples200
5d94,42,1,0.8179,0.8497,0.9682,0.89,0.968,0.634,0.833,esmfold2,msa_nonpairing_loop10_samples200
5d94,42,2,0.8285,0.8602,0.8665,0.894,0.866,0.604,0.833,esmfold2,msa_nonpairing_loop10_samples200
5d94,42,3,0.8274,0.8552,1.223,0.879,1.223,0.693,0.833,esmfold2,msa_nonpairing_loop10_samples200
5d94,42,4,0.8196,0.8507,0.8176,0.916,0.818,0.549,0.875,esmfold2,msa_nonpairing_loop10_samples200
5d94,43,0,0.8209,0.8542,0.7637,0.919,0.764,0.579,0.896,esmfold2,msa_nonpairing_loop10_samples200
5d94,43,1,0.8168,0.8445,0.7996,0.907,0.8,0.564,0.854,esmfold2,msa_nonpairing_loop10_samples200
5d94,43,2,0.8152,0.842,1.3809,0.87,1.381,0.695,0.812,esmfold2,msa_nonpairing_loop10_samples200
5d94,43,3,0.8149,0.8426,0.6685,0.913,0.668,0.522,0.854,esmfold2,msa_nonpairing_loop10_samples200
5d94,43,4,0.8164,0.8437,1.1837,0.894,1.184,0.642,0.854,esmfold2,msa_nonpairing_loop10_samples200
5d94,44,0,0.8226,0.8552,0.9495,0.892,0.95,0.617,0.833,esmfold2,msa_nonpairing_loop10_samples200
5d94,44,1,0.8136,0.8456,0.8791,0.91,0.879,0.591,0.875,esmfold2,msa_nonpairing_loop10_samples200
5d94,44,2,0.8256,0.8549,1.307,0.89,1.307,0.708,0.875,esmfold2,msa_nonpairing_loop10_samples200
5d94,44,3,0.8223,0.8509,1.2796,0.877,1.28,0.702,0.833,esmfold2,msa_nonpairing_loop10_samples200
5d94,44,4,0.817,0.8439,1.2318,0.891,1.232,0.709,0.875,esmfold2,msa_nonpairing_loop10_samples200
5dai,42,0,0.8606,0.9562,0.9321,0.956,0.932,0.493,0.977,esmfold2,msa_nonpairing_loop10_samples200
5dai,42,1,0.8594,0.9551,0.7606,0.949,0.761,0.617,1.0,esmfold2,msa_nonpairing_loop10_samples200
5dai,42,2,0.8571,0.9541,0.7554,0.945,0.755,0.649,1.0,esmfold2,msa_nonpairing_loop10_samples200
5dai,42,3,0.859,0.9554,0.8171,0.938,0.817,0.581,0.953,esmfold2,msa_nonpairing_loop10_samples200
5dai,42,4,0.8597,0.9556,0.4998,0.953,0.5,0.536,0.977,esmfold2,msa_nonpairing_loop10_samples200
5dai,43,0,0.8584,0.9549,0.4502,0.955,0.45,0.589,1.0,esmfold2,msa_nonpairing_loop10_samples200
5dai,43,1,0.8609,0.9564,0.8298,0.944,0.83,0.653,1.0,esmfold2,msa_nonpairing_loop10_samples200
5dai,43,2,0.8611,0.9569,0.6456,0.954,0.646,0.589,1.0,esmfold2,msa_nonpairing_loop10_samples200
5dai,43,3,0.8578,0.9553,0.6502,0.959,0.65,0.549,1.0,esmfold2,msa_nonpairing_loop10_samples200
5dai,43,4,0.8594,0.955,0.7211,0.948,0.721,0.626,1.0,esmfold2,msa_nonpairing_loop10_samples200
5dai,44,0,0.8585,0.955,0.7261,0.945,0.726,0.652,1.0,esmfold2,msa_nonpairing_loop10_samples200
5dai,44,1,0.8529,0.9525,0.7044,0.954,0.704,0.583,1.0,esmfold2,msa_nonpairing_loop10_samples200
5dai,44,2,0.8592,0.9558,0.6636,0.958,0.664,0.552,1.0,esmfold2,msa_nonpairing_loop10_samples200
5dai,44,3,0.8604,0.9551,0.6492,0.952,0.649,0.604,1.0,esmfold2,msa_nonpairing_loop10_samples200
5dai,44,4,0.8611,0.957,0.6043,0.944,0.604,0.544,0.953,esmfold2,msa_nonpairing_loop10_samples200
5di8,42,0,0.9487,0.9756,0.8728,0.976,0.873,0.383,1.0,esmfold2,msa_nonpairing_loop10_samples200
5di8,42,1,0.949,0.9758,1.1137,0.969,1.114,0.433,1.0,esmfold2,msa_nonpairing_loop10_samples200
5di8,42,2,0.9493,0.9759,0.8334,0.972,0.833,0.43,1.0,esmfold2,msa_nonpairing_loop10_samples200
5di8,42,3,0.9488,0.9756,0.7717,0.975,0.772,0.404,1.0,esmfold2,msa_nonpairing_loop10_samples200
5di8,42,4,0.9496,0.9755,0.7492,0.978,0.749,0.377,1.0,esmfold2,msa_nonpairing_loop10_samples200
5di8,43,0,0.9457,0.9721,0.7315,0.979,0.731,0.369,1.0,esmfold2,msa_nonpairing_loop10_samples200
5di8,43,1,0.9494,0.9759,0.6376,0.98,0.638,0.362,1.0,esmfold2,msa_nonpairing_loop10_samples200
5di8,43,2,0.95,0.9761,0.6003,0.982,0.6,0.338,1.0,esmfold2,msa_nonpairing_loop10_samples200
5di8,43,3,0.9458,0.9748,0.6659,0.98,0.666,0.359,1.0,esmfold2,msa_nonpairing_loop10_samples200
5di8,43,4,0.9496,0.9758,0.8193,0.971,0.819,0.436,1.0,esmfold2,msa_nonpairing_loop10_samples200
5di8,44,0,0.9503,0.9761,0.7947,0.976,0.795,0.387,1.0,esmfold2,msa_nonpairing_loop10_samples200
5di8,44,1,0.9471,0.9749,1.018,0.97,1.018,0.429,1.0,esmfold2,msa_nonpairing_loop10_samples200
5di8,44,2,0.9483,0.9757,0.7421,0.979,0.742,0.363,1.0,esmfold2,msa_nonpairing_loop10_samples200
5di8,44,3,0.9491,0.9755,0.6493,0.979,0.649,0.371,1.0,esmfold2,msa_nonpairing_loop10_samples200
5di8,44,4,0.9486,0.9756,0.9236,0.973,0.924,0.405,1.0,esmfold2,msa_nonpairing_loop10_samples200
5efi,42,0,0.3218,0.2779,4.4708,0.525,4.471,1.998,0.431,esmfold2,msa_nonpairing_loop10_samples200
5efi,42,1,0.3245,0.2923,8.2977,0.319,8.298,3.297,0.275,esmfold2,msa_nonpairing_loop10_samples200
5efi,42,2,0.3106,0.2482,17.4707,0.104,17.471,7.215,0.078,esmfold2,msa_nonpairing_loop10_samples200
5efi,42,3,0.2855,0.222,18.902,0.101,18.902,7.714,0.098,esmfold2,msa_nonpairing_loop10_samples200
5efi,42,4,0.3124,0.2784,8.8921,0.352,8.892,3.624,0.431,esmfold2,msa_nonpairing_loop10_samples200
5efi,43,0,0.3154,0.2766,10.4498,0.302,10.45,4.151,0.392,esmfold2,msa_nonpairing_loop10_samples200
5efi,43,1,0.2783,0.2211,12.2547,0.155,12.255,5.029,0.059,esmfold2,msa_nonpairing_loop10_samples200
5efi,43,2,0.3049,0.2768,8.8431,0.306,8.843,3.672,0.294,esmfold2,msa_nonpairing_loop10_samples200
5efi,43,3,0.3205,0.2775,5.7764,0.397,5.776,2.59,0.255,esmfold2,msa_nonpairing_loop10_samples200
5efi,43,4,0.2932,0.2348,16.5234,0.138,16.523,6.694,0.157,esmfold2,msa_nonpairing_loop10_samples200
5efi,44,0,0.3117,0.2441,6.9669,0.374,6.967,2.747,0.294,esmfold2,msa_nonpairing_loop10_samples200
5efi,44,1,0.3321,0.3091,6.2588,0.427,6.259,2.673,0.392,esmfold2,msa_nonpairing_loop10_samples200
5efi,44,2,0.3182,0.301,5.9844,0.501,5.984,2.623,0.588,esmfold2,msa_nonpairing_loop10_samples200
5efi,44,3,0.3121,0.2685,11.7496,0.235,11.75,4.894,0.275,esmfold2,msa_nonpairing_loop10_samples200
5efi,44,4,0.2769,0.2244,18.8971,0.074,18.897,7.952,0.02,esmfold2,msa_nonpairing_loop10_samples200
5ei3,42,0,0.9042,0.9664,0.5363,0.986,0.536,0.303,1.0,esmfold2,msa_nonpairing_loop10_samples200
5ei3,42,1,0.9048,0.9668,0.6526,0.979,0.653,0.366,1.0,esmfold2,msa_nonpairing_loop10_samples200
5ei3,42,2,0.9032,0.9659,0.8371,0.973,0.837,0.42,1.0,esmfold2,msa_nonpairing_loop10_samples200
5ei3,42,3,0.9044,0.9665,0.5513,0.975,0.551,0.329,0.974,esmfold2,msa_nonpairing_loop10_samples200
5ei3,42,4,0.9041,0.9662,0.7718,0.971,0.772,0.442,1.0,esmfold2,msa_nonpairing_loop10_samples200
5ei3,43,0,0.9034,0.9662,0.5433,0.982,0.543,0.341,1.0,esmfold2,msa_nonpairing_loop10_samples200
5ei3,43,1,0.905,0.9666,0.5273,0.975,0.527,0.328,0.974,esmfold2,msa_nonpairing_loop10_samples200
5ei3,43,2,0.9037,0.9656,0.8643,0.978,0.864,0.369,1.0,esmfold2,msa_nonpairing_loop10_samples200
5ei3,43,3,0.9022,0.9647,0.9681,0.958,0.968,0.468,0.974,esmfold2,msa_nonpairing_loop10_samples200
5ei3,43,4,0.9032,0.9659,0.7757,0.98,0.776,0.355,1.0,esmfold2,msa_nonpairing_loop10_samples200
5ei3,44,0,0.9039,0.9662,0.823,0.968,0.823,0.378,0.974,esmfold2,msa_nonpairing_loop10_samples200
5ei3,44,1,0.9035,0.9658,0.8418,0.973,0.842,0.416,1.0,esmfold2,msa_nonpairing_loop10_samples200
5ei3,44,2,0.903,0.9663,0.4874,0.969,0.487,0.393,0.974,esmfold2,msa_nonpairing_loop10_samples200
5ei3,44,3,0.9059,0.9671,0.914,0.98,0.914,0.343,1.0,esmfold2,msa_nonpairing_loop10_samples200
5ei3,44,4,0.9051,0.9664,0.9857,0.976,0.986,0.376,1.0,esmfold2,msa_nonpairing_loop10_samples200
5fml,42,0,0.3268,0.2256,23.8425,0.046,23.843,9.11,0.0,esmfold2,msa_nonpairing_loop10_samples200
5fml,42,1,0.2984,0.1758,23.616,0.047,23.616,9.013,0.0,esmfold2,msa_nonpairing_loop10_samples200
5fml,42,2,0.3071,0.1935,22.4564,0.052,22.456,8.605,0.0,esmfold2,msa_nonpairing_loop10_samples200
5fml,42,3,0.3035,0.1927,22.5767,0.051,22.577,8.681,0.0,esmfold2,msa_nonpairing_loop10_samples200
5fml,42,4,0.3242,0.2259,23.3677,0.048,23.368,8.932,0.0,esmfold2,msa_nonpairing_loop10_samples200
5fml,43,0,0.3241,0.2114,23.4814,0.048,23.481,8.935,0.0,esmfold2,msa_nonpairing_loop10_samples200
5fml,43,1,0.3268,0.2184,33.6839,0.024,33.684,13.048,0.0,esmfold2,msa_nonpairing_loop10_samples200
5fml,43,2,0.2879,0.13,16.907,0.102,16.907,7.449,0.067,esmfold2,msa_nonpairing_loop10_samples200
5fml,43,3,0.2892,0.2145,24.1704,0.045,24.17,9.286,0.0,esmfold2,msa_nonpairing_loop10_samples200
5fml,43,4,0.2635,0.1709,8.4542,0.261,8.454,3.612,0.133,esmfold2,msa_nonpairing_loop10_samples200
5fml,44,0,0.2879,0.183,28.6111,0.033,28.611,10.955,0.0,esmfold2,msa_nonpairing_loop10_samples200
5fml,44,1,0.3117,0.2001,25.2768,0.049,25.277,9.752,0.022,esmfold2,msa_nonpairing_loop10_samples200
5fml,44,2,0.2553,0.1545,7.8264,0.318,7.826,3.328,0.244,esmfold2,msa_nonpairing_loop10_samples200
5fml,44,3,0.3268,0.2015,23.7927,0.047,23.793,9.101,0.0,esmfold2,msa_nonpairing_loop10_samples200
5fml,44,4,0.2974,0.146,31.8473,0.027,31.847,12.727,0.0,esmfold2,msa_nonpairing_loop10_samples200
5fpx,42,0,0.378,0.2509,5.3062,0.534,5.306,1.609,0.419,esmfold2,msa_nonpairing_loop10_samples200
5fpx,42,1,0.3602,0.2443,5.1445,0.562,5.144,1.538,0.465,esmfold2,msa_nonpairing_loop10_samples200
5fpx,42,2,0.3805,0.2726,5.1448,0.552,5.145,1.556,0.442,esmfold2,msa_nonpairing_loop10_samples200
5fpx,42,3,0.3156,0.2039,9.2274,0.28,9.227,2.662,0.14,esmfold2,msa_nonpairing_loop10_samples200
5fpx,42,4,0.3546,0.2391,12.5401,0.189,12.54,3.783,0.116,esmfold2,msa_nonpairing_loop10_samples200
5fpx,43,0,0.3831,0.267,4.4896,0.569,4.49,1.416,0.395,esmfold2,msa_nonpairing_loop10_samples200
5fpx,43,1,0.3667,0.2535,4.9353,0.497,4.935,1.539,0.256,esmfold2,msa_nonpairing_loop10_samples200
5fpx,43,2,0.3647,0.2812,11.9096,0.223,11.91,3.637,0.186,esmfold2,msa_nonpairing_loop10_samples200
5fpx,43,3,0.3539,0.2532,10.7125,0.219,10.712,3.237,0.093,esmfold2,msa_nonpairing_loop10_samples200
5fpx,43,4,0.269,0.15,13.8145,0.155,13.815,4.06,0.07,esmfold2,msa_nonpairing_loop10_samples200
5fpx,44,0,0.3649,0.2739,12.6385,0.179,12.638,3.819,0.093,esmfold2,msa_nonpairing_loop10_samples200
5fpx,44,1,0.3627,0.2505,6.4157,0.454,6.416,1.936,0.349,esmfold2,msa_nonpairing_loop10_samples200
5fpx,44,2,0.374,0.2665,5.6758,0.485,5.676,1.698,0.326,esmfold2,msa_nonpairing_loop10_samples200
5fpx,44,3,0.3631,0.2408,6.7809,0.434,6.781,1.979,0.326,esmfold2,msa_nonpairing_loop10_samples200
5fpx,44,4,0.3719,0.2842,10.1466,0.255,10.147,3.107,0.163,esmfold2,msa_nonpairing_loop10_samples200
5fv6,42,0,0.2646,0.1158,37.7837,0.02,37.784,12.939,0.0,esmfold2,msa_nonpairing_loop10_samples200
5fv6,42,1,0.2855,0.1497,23.813,0.046,23.813,9.476,0.0,esmfold2,msa_nonpairing_loop10_samples200
5fv6,42,2,0.2886,0.1401,28.2786,0.034,28.279,10.489,0.0,esmfold2,msa_nonpairing_loop10_samples200
5fv6,42,3,0.2923,0.1592,31.5375,0.028,31.537,11.826,0.0,esmfold2,msa_nonpairing_loop10_samples200
5fv6,42,4,0.3005,0.1653,34.7487,0.024,34.749,11.956,0.0,esmfold2,msa_nonpairing_loop10_samples200
5fv6,43,0,0.2951,0.1679,33.7983,0.025,33.798,11.546,0.0,esmfold2,msa_nonpairing_loop10_samples200
5fv6,43,1,0.2697,0.1123,36.9831,0.021,36.983,13.299,0.0,esmfold2,msa_nonpairing_loop10_samples200
5fv6,43,2,0.2997,0.1658,32.7032,0.027,32.703,11.559,0.0,esmfold2,msa_nonpairing_loop10_samples200
5fv6,43,3,0.2085,0.054,43.1962,0.016,43.196,15.224,0.0,esmfold2,msa_nonpairing_loop10_samples200
5fv6,43,4,0.2886,0.1655,31.9186,0.028,31.919,11.2,0.0,esmfold2,msa_nonpairing_loop10_samples200
5fv6,44,0,0.2892,0.1513,29.9354,0.031,29.935,11.204,0.0,esmfold2,msa_nonpairing_loop10_samples200
5fv6,44,1,0.2699,0.1144,24.3878,0.045,24.388,9.001,0.0,esmfold2,msa_nonpairing_loop10_samples200
5fv6,44,2,0.3124,0.1843,30.9861,0.029,30.986,11.683,0.0,esmfold2,msa_nonpairing_loop10_samples200
5fv6,44,3,0.2821,0.15,22.2717,0.053,22.272,8.272,0.0,esmfold2,msa_nonpairing_loop10_samples200
5fv6,44,4,0.2947,0.1592,29.7957,0.031,29.796,11.574,0.0,esmfold2,msa_nonpairing_loop10_samples200
5ggp,42,0,0.5252,0.5031,35.077,0.024,35.077,12.057,0.0,esmfold2,msa_nonpairing_loop10_samples200
5ggp,42,1,0.5145,0.5037,35.3092,0.023,35.309,12.006,0.0,esmfold2,msa_nonpairing_loop10_samples200
5ggp,42,2,0.5378,0.5192,35.4482,0.023,35.448,12.108,0.0,esmfold2,msa_nonpairing_loop10_samples200
5ggp,42,3,0.5341,0.5191,34.9646,0.024,34.965,12.027,0.0,esmfold2,msa_nonpairing_loop10_samples200
5ggp,42,4,0.5256,0.5145,35.0322,0.024,35.032,11.991,0.0,esmfold2,msa_nonpairing_loop10_samples200
5ggp,43,0,0.5131,0.5017,35.4283,0.023,35.428,12.097,0.0,esmfold2,msa_nonpairing_loop10_samples200
5ggp,43,1,0.5351,0.5248,35.0617,0.024,35.062,11.969,0.0,esmfold2,msa_nonpairing_loop10_samples200
5ggp,43,2,0.5197,0.4952,34.7959,0.024,34.796,11.966,0.0,esmfold2,msa_nonpairing_loop10_samples200
5ggp,43,3,0.5375,0.5263,35.6681,0.023,35.668,12.182,0.0,esmfold2,msa_nonpairing_loop10_samples200
5ggp,43,4,0.5369,0.5099,35.2673,0.023,35.267,12.084,0.0,esmfold2,msa_nonpairing_loop10_samples200
5ggp,44,0,0.5149,0.4825,34.7593,0.024,34.759,12.064,0.0,esmfold2,msa_nonpairing_loop10_samples200
5ggp,44,1,0.5444,0.5295,35.9539,0.023,35.954,12.212,0.0,esmfold2,msa_nonpairing_loop10_samples200
5ggp,44,2,0.5101,0.4869,36.3383,0.022,36.338,12.302,0.0,esmfold2,msa_nonpairing_loop10_samples200
5ggp,44,3,0.5312,0.5067,35.6276,0.023,35.628,12.133,0.0,esmfold2,msa_nonpairing_loop10_samples200
5ggp,44,4,0.5316,0.5112,35.438,0.023,35.438,12.07,0.0,esmfold2,msa_nonpairing_loop10_samples200
5gu4,42,0,0.7146,0.8042,5.7421,0.558,5.742,1.853,0.593,esmfold2,msa_nonpairing_loop10_samples200
5gu4,42,1,0.7193,0.8058,5.3084,0.583,5.308,1.704,0.593,esmfold2,msa_nonpairing_loop10_samples200
5gu4,42,2,0.7187,0.8068,5.5432,0.569,5.543,1.794,0.593,esmfold2,msa_nonpairing_loop10_samples200
5gu4,42,3,0.7105,0.7989,6.1356,0.551,6.136,1.981,0.63,esmfold2,msa_nonpairing_loop10_samples200
5gu4,42,4,0.7264,0.8108,5.7467,0.558,5.747,1.852,0.593,esmfold2,msa_nonpairing_loop10_samples200
5gu4,43,0,0.7374,0.7886,1.0927,0.933,1.093,0.425,0.889,esmfold2,msa_nonpairing_loop10_samples200
5gu4,43,1,0.7246,0.8113,5.3026,0.594,5.303,1.719,0.63,esmfold2,msa_nonpairing_loop10_samples200
5gu4,43,2,0.7385,0.7885,2.7323,0.807,2.732,0.895,0.778,esmfold2,msa_nonpairing_loop10_samples200
5gu4,43,3,0.7274,0.8183,5.2808,0.595,5.281,1.71,0.63,esmfold2,msa_nonpairing_loop10_samples200
5gu4,43,4,0.7435,0.7993,1.2744,0.887,1.274,0.484,0.778,esmfold2,msa_nonpairing_loop10_samples200
5gu4,44,0,0.7266,0.816,5.5527,0.567,5.553,1.803,0.593,esmfold2,msa_nonpairing_loop10_samples200
5gu4,44,1,0.7329,0.8201,5.2124,0.599,5.212,1.687,0.63,esmfold2,msa_nonpairing_loop10_samples200
5gu4,44,2,0.7416,0.7971,1.0923,0.909,1.092,0.419,0.815,esmfold2,msa_nonpairing_loop10_samples200
5gu4,44,3,0.7357,0.7979,1.9265,0.843,1.927,0.663,0.741,esmfold2,msa_nonpairing_loop10_samples200
5gu4,44,4,0.7345,0.8167,4.6497,0.631,4.65,1.52,0.63,esmfold2,msa_nonpairing_loop10_samples200
5huw,42,0,0.8676,0.9563,1.2294,0.907,1.229,0.624,0.889,esmfold2,msa_nonpairing_loop10_samples200
5huw,42,1,0.8656,0.9579,1.0716,0.914,1.072,0.582,0.889,esmfold2,msa_nonpairing_loop10_samples200
5huw,42,2,0.8683,0.957,1.1783,0.921,1.178,0.612,0.926,esmfold2,msa_nonpairing_loop10_samples200
5huw,42,3,0.8652,0.9548,1.2346,0.906,1.235,0.634,0.889,esmfold2,msa_nonpairing_loop10_samples200
5huw,42,4,0.8678,0.9569,1.1336,0.918,1.134,0.598,0.907,esmfold2,msa_nonpairing_loop10_samples200
5huw,43,0,0.8695,0.9569,1.0728,0.914,1.073,0.582,0.889,esmfold2,msa_nonpairing_loop10_samples200
5huw,43,1,0.871,0.9594,1.2722,0.905,1.272,0.634,0.889,esmfold2,msa_nonpairing_loop10_samples200
5huw,43,2,0.8571,0.9553,0.9683,0.911,0.968,0.564,0.87,esmfold2,msa_nonpairing_loop10_samples200
5huw,43,3,0.8654,0.9567,0.9959,0.916,0.996,0.571,0.889,esmfold2,msa_nonpairing_loop10_samples200
5huw,43,4,0.8624,0.9544,1.0475,0.932,1.047,0.592,0.944,esmfold2,msa_nonpairing_loop10_samples200
5huw,44,0,0.8712,0.9589,1.1793,0.91,1.179,0.608,0.889,esmfold2,msa_nonpairing_loop10_samples200
5huw,44,1,0.8632,0.957,0.9404,0.918,0.94,0.558,0.889,esmfold2,msa_nonpairing_loop10_samples200
5huw,44,2,0.8714,0.9589,1.0899,0.912,1.09,0.595,0.889,esmfold2,msa_nonpairing_loop10_samples200
5huw,44,3,0.8667,0.9573,1.1698,0.91,1.17,0.607,0.889,esmfold2,msa_nonpairing_loop10_samples200
5huw,44,4,0.868,0.9573,1.2066,0.907,1.207,0.627,0.889,esmfold2,msa_nonpairing_loop10_samples200
5i7z,42,0,0.8075,0.8914,5.1695,0.688,5.169,1.655,0.882,esmfold2,msa_nonpairing_loop10_samples200
5i7z,42,1,0.8268,0.888,1.4734,0.913,1.473,0.615,0.912,esmfold2,msa_nonpairing_loop10_samples200
5i7z,42,2,0.8115,0.8938,5.8516,0.652,5.852,1.86,0.882,esmfold2,msa_nonpairing_loop10_samples200
5i7z,42,3,0.8314,0.8863,1.2255,0.913,1.226,0.564,0.882,esmfold2,msa_nonpairing_loop10_samples200
5i7z,42,4,0.81,0.8916,4.7698,0.711,4.77,1.53,0.882,esmfold2,msa_nonpairing_loop10_samples200
5i7z,43,0,0.8331,0.8913,1.2318,0.93,1.232,0.507,0.912,esmfold2,msa_nonpairing_loop10_samples200
5i7z,43,1,0.8364,0.8939,0.6751,0.954,0.675,0.418,0.941,esmfold2,msa_nonpairing_loop10_samples200
5i7z,43,2,0.8323,0.8944,0.9259,0.944,0.926,0.495,0.941,esmfold2,msa_nonpairing_loop10_samples200
5i7z,43,3,0.8377,0.8938,0.7969,0.95,0.797,0.447,0.941,esmfold2,msa_nonpairing_loop10_samples200
5i7z,43,4,0.8335,0.8931,1.1387,0.94,1.139,0.507,0.941,esmfold2,msa_nonpairing_loop10_samples200
5i7z,44,0,0.814,0.8933,5.1114,0.691,5.111,1.635,0.882,esmfold2,msa_nonpairing_loop10_samples200
5i7z,44,1,0.8296,0.8943,1.0794,0.954,1.079,0.478,0.971,esmfold2,msa_nonpairing_loop10_samples200
5i7z,44,2,0.8262,0.896,0.7042,0.958,0.704,0.384,0.941,esmfold2,msa_nonpairing_loop10_samples200
5i7z,44,3,0.8291,0.8977,0.9774,0.946,0.977,0.476,0.941,esmfold2,msa_nonpairing_loop10_samples200
5i7z,44,4,0.8315,0.8873,1.1957,0.93,1.196,0.503,0.912,esmfold2,msa_nonpairing_loop10_samples200
5j3q,42,0,0.8328,0.8599,1.9101,0.812,1.91,1.284,0.907,esmfold2,msa_nonpairing_loop10_samples200
5j3q,42,1,0.8295,0.8591,2.0145,0.782,2.015,1.326,0.837,esmfold2,msa_nonpairing_loop10_samples200
5j3q,42,2,0.8312,0.8587,1.9494,0.785,1.949,1.37,0.86,esmfold2,msa_nonpairing_loop10_samples200
5j3q,42,3,0.8291,0.8576,1.8348,0.798,1.835,1.222,0.837,esmfold2,msa_nonpairing_loop10_samples200
5j3q,42,4,0.8243,0.8529,1.4945,0.805,1.495,1.206,0.837,esmfold2,msa_nonpairing_loop10_samples200
5j3q,43,0,0.8208,0.8484,1.8892,0.804,1.889,1.289,0.884,esmfold2,msa_nonpairing_loop10_samples200
5j3q,43,1,0.8318,0.8605,1.8736,0.779,1.874,1.433,0.86,esmfold2,msa_nonpairing_loop10_samples200
5j3q,43,2,0.8159,0.8427,2.1833,0.767,2.183,1.364,0.814,esmfold2,msa_nonpairing_loop10_samples200
5j3q,43,3,0.8296,0.8586,1.66,0.786,1.66,1.338,0.837,esmfold2,msa_nonpairing_loop10_samples200
5j3q,43,4,0.8333,0.8624,1.8444,0.79,1.844,1.347,0.86,esmfold2,msa_nonpairing_loop10_samples200
5j3q,44,0,0.8286,0.8565,1.7521,0.8,1.752,1.212,0.837,esmfold2,msa_nonpairing_loop10_samples200
5j3q,44,1,0.8313,0.8599,1.983,0.77,1.983,1.359,0.814,esmfold2,msa_nonpairing_loop10_samples200
5j3q,44,2,0.8225,0.847,1.6434,0.776,1.643,1.291,0.791,esmfold2,msa_nonpairing_loop10_samples200
5j3q,44,3,0.8321,0.8597,2.0676,0.78,2.068,1.336,0.837,esmfold2,msa_nonpairing_loop10_samples200
5j3q,44,4,0.8297,0.8573,2.0091,0.784,2.009,1.373,0.86,esmfold2,msa_nonpairing_loop10_samples200
5kds,42,0,0.3329,0.4439,15.5624,0.255,15.562,5.276,0.462,esmfold2,msa_nonpairing_loop10_samples200
5kds,42,1,0.3165,0.411,15.3543,0.231,15.354,5.273,0.385,esmfold2,msa_nonpairing_loop10_samples200
5kds,42,2,0.323,0.4296,14.8237,0.263,14.824,5.035,0.462,esmfold2,msa_nonpairing_loop10_samples200
5kds,42,3,0.2988,0.4124,12.5828,0.142,12.583,4.198,0.0,esmfold2,msa_nonpairing_loop10_samples200
5kds,42,4,0.3179,0.4357,11.0073,0.222,11.007,3.738,0.154,esmfold2,msa_nonpairing_loop10_samples200
5kds,43,0,0.3051,0.4067,13.7494,0.275,13.749,4.824,0.462,esmfold2,msa_nonpairing_loop10_samples200
5kds,43,1,0.3108,0.4347,14.4752,0.217,14.475,4.882,0.308,esmfold2,msa_nonpairing_loop10_samples200
5kds,43,2,0.2912,0.4035,7.3588,0.478,7.359,2.623,0.615,esmfold2,msa_nonpairing_loop10_samples200
5kds,43,3,0.2822,0.3902,7.9985,0.45,7.998,2.949,0.615,esmfold2,msa_nonpairing_loop10_samples200
5kds,43,4,0.3119,0.4362,9.6005,0.227,9.6,3.379,0.077,esmfold2,msa_nonpairing_loop10_samples200
5kds,44,0,0.2958,0.3828,10.1499,0.284,10.15,3.833,0.308,esmfold2,msa_nonpairing_loop10_samples200
5kds,44,1,0.323,0.4459,9.9051,0.244,9.905,3.527,0.154,esmfold2,msa_nonpairing_loop10_samples200
5kds,44,2,0.3231,0.4221,16.0954,0.249,16.095,5.527,0.462,esmfold2,msa_nonpairing_loop10_samples200
5kds,44,3,0.2923,0.4246,6.4406,0.41,6.441,2.366,0.308,esmfold2,msa_nonpairing_loop10_samples200
5kds,44,4,0.2924,0.3887,12.5916,0.166,12.592,4.287,0.077,esmfold2,msa_nonpairing_loop10_samples200
5lyn,42,0,0.7434,0.786,1.3631,0.918,1.363,0.439,0.857,esmfold2,msa_nonpairing_loop10_samples200
5lyn,42,1,0.7471,0.7917,1.2029,0.925,1.203,0.386,0.857,esmfold2,msa_nonpairing_loop10_samples200
5lyn,42,2,0.7405,0.7844,1.1965,0.926,1.196,0.382,0.857,esmfold2,msa_nonpairing_loop10_samples200
5lyn,42,3,0.7394,0.7809,1.2495,0.934,1.25,0.411,0.893,esmfold2,msa_nonpairing_loop10_samples200
5lyn,42,4,0.7373,0.7818,1.1892,0.924,1.189,0.398,0.857,esmfold2,msa_nonpairing_loop10_samples200
5lyn,43,0,0.7313,0.7715,1.1342,0.938,1.134,0.385,0.893,esmfold2,msa_nonpairing_loop10_samples200
5lyn,43,1,0.7452,0.7929,1.227,0.925,1.227,0.388,0.857,esmfold2,msa_nonpairing_loop10_samples200
5lyn,43,2,0.7419,0.7872,1.2697,0.91,1.27,0.407,0.821,esmfold2,msa_nonpairing_loop10_samples200
5lyn,43,3,0.668,0.7015,1.4506,0.875,1.451,0.493,0.75,esmfold2,msa_nonpairing_loop10_samples200
5lyn,43,4,0.744,0.788,1.1575,0.915,1.157,0.374,0.821,esmfold2,msa_nonpairing_loop10_samples200
5lyn,44,0,0.7447,0.7887,1.2793,0.933,1.279,0.42,0.893,esmfold2,msa_nonpairing_loop10_samples200
5lyn,44,1,0.7431,0.787,1.204,0.936,1.204,0.395,0.893,esmfold2,msa_nonpairing_loop10_samples200
5lyn,44,2,0.7388,0.7825,1.3356,0.944,1.336,0.424,0.929,esmfold2,msa_nonpairing_loop10_samples200
5lyn,44,3,0.7482,0.7941,1.1649,0.914,1.165,0.386,0.821,esmfold2,msa_nonpairing_loop10_samples200
5lyn,44,4,0.6737,0.705,1.3608,0.887,1.361,0.501,0.786,esmfold2,msa_nonpairing_loop10_samples200
5m5r,42,0,0.6746,0.7358,2.3238,0.855,2.324,0.882,0.892,esmfold2,msa_nonpairing_loop10_samples200
5m5r,42,1,0.6743,0.7288,2.5034,0.823,2.503,0.955,0.838,esmfold2,msa_nonpairing_loop10_samples200
5m5r,42,2,0.6674,0.7252,2.2923,0.847,2.292,0.879,0.865,esmfold2,msa_nonpairing_loop10_samples200
5m5r,42,3,0.6516,0.7052,2.439,0.85,2.439,0.904,0.892,esmfold2,msa_nonpairing_loop10_samples200
5m5r,42,4,0.6472,0.7044,2.6002,0.834,2.6,0.992,0.892,esmfold2,msa_nonpairing_loop10_samples200
5m5r,43,0,0.6657,0.7257,2.286,0.847,2.286,0.88,0.865,esmfold2,msa_nonpairing_loop10_samples200
5m5r,43,1,0.6634,0.7214,2.2043,0.85,2.204,0.87,0.865,esmfold2,msa_nonpairing_loop10_samples200
5m5r,43,2,0.6056,0.6567,2.2262,0.853,2.226,0.845,0.865,esmfold2,msa_nonpairing_loop10_samples200
5m5r,43,3,0.6798,0.7407,2.1353,0.855,2.135,0.847,0.865,esmfold2,msa_nonpairing_loop10_samples200
5m5r,43,4,0.6574,0.7191,2.6113,0.825,2.611,0.993,0.865,esmfold2,msa_nonpairing_loop10_samples200
5m5r,44,0,0.5931,0.6356,2.4196,0.833,2.42,0.959,0.865,esmfold2,msa_nonpairing_loop10_samples200
5m5r,44,1,0.6053,0.6527,2.4768,0.844,2.477,0.938,0.892,esmfold2,msa_nonpairing_loop10_samples200
5m5r,44,2,0.6467,0.6994,2.1606,0.849,2.161,0.886,0.865,esmfold2,msa_nonpairing_loop10_samples200
5m5r,44,3,0.6603,0.7126,2.3584,0.832,2.358,0.915,0.838,esmfold2,msa_nonpairing_loop10_samples200
5m5r,44,4,0.6815,0.7401,2.6053,0.837,2.605,0.972,0.892,esmfold2,msa_nonpairing_loop10_samples200
5n22,42,0,0.5533,0.5765,17.8062,0.084,17.806,7.038,0.022,esmfold2,msa_nonpairing_loop10_samples200
5n22,42,1,0.3623,0.2466,15.6597,0.15,15.66,6.681,0.174,esmfold2,msa_nonpairing_loop10_samples200
5n22,42,2,0.5329,0.5458,18.2395,0.08,18.24,7.286,0.022,esmfold2,msa_nonpairing_loop10_samples200
5n22,42,3,0.5338,0.5495,18.2091,0.082,18.209,6.987,0.022,esmfold2,msa_nonpairing_loop10_samples200
5n22,42,4,0.5298,0.5499,17.3114,0.089,17.311,6.533,0.022,esmfold2,msa_nonpairing_loop10_samples200
5n22,43,0,0.5659,0.5732,18.7917,0.078,18.792,7.196,0.022,esmfold2,msa_nonpairing_loop10_samples200
5n22,43,1,0.5647,0.5898,17.704,0.085,17.704,6.89,0.022,esmfold2,msa_nonpairing_loop10_samples200
5n22,43,2,0.5124,0.5163,17.9304,0.084,17.93,6.88,0.022,esmfold2,msa_nonpairing_loop10_samples200
5n22,43,3,0.5563,0.5818,18.1649,0.084,18.165,6.49,0.022,esmfold2,msa_nonpairing_loop10_samples200
5n22,43,4,0.3709,0.2555,15.6881,0.157,15.688,6.575,0.196,esmfold2,msa_nonpairing_loop10_samples200
5n22,44,0,0.5393,0.5537,17.3738,0.087,17.374,6.888,0.022,esmfold2,msa_nonpairing_loop10_samples200
5n22,44,1,0.5736,0.5981,17.8083,0.084,17.808,6.885,0.022,esmfold2,msa_nonpairing_loop10_samples200
5n22,44,2,0.558,0.5789,17.7548,0.084,17.755,6.937,0.022,esmfold2,msa_nonpairing_loop10_samples200
5n22,44,3,0.4881,0.5015,17.4878,0.086,17.488,6.828,0.022,esmfold2,msa_nonpairing_loop10_samples200
5n22,44,4,0.5442,0.5666,16.9853,0.09,16.985,6.739,0.022,esmfold2,msa_nonpairing_loop10_samples200
5n85,42,0,0.6667,0.6927,7.6908,0.347,7.691,2.975,0.289,esmfold2,msa_nonpairing_loop10_samples200
5n85,42,1,0.6391,0.6329,2.842,0.738,2.842,1.28,0.737,esmfold2,msa_nonpairing_loop10_samples200
5n85,42,2,0.6591,0.6609,2.5372,0.74,2.537,1.18,0.684,esmfold2,msa_nonpairing_loop10_samples200
5n85,42,3,0.659,0.6657,2.5904,0.754,2.59,1.2,0.737,esmfold2,msa_nonpairing_loop10_samples200
5n85,42,4,0.6455,0.6435,2.9522,0.734,2.952,1.363,0.763,esmfold2,msa_nonpairing_loop10_samples200
5n85,43,0,0.7384,0.7676,2.6618,0.738,2.662,1.247,0.711,esmfold2,msa_nonpairing_loop10_samples200
5n85,43,1,0.665,0.6648,2.1007,0.799,2.101,1.002,0.763,esmfold2,msa_nonpairing_loop10_samples200
5n85,43,2,0.6704,0.6839,2.7812,0.743,2.781,1.255,0.737,esmfold2,msa_nonpairing_loop10_samples200
5n85,43,3,0.6551,0.6577,2.6483,0.739,2.648,1.236,0.711,esmfold2,msa_nonpairing_loop10_samples200
5n85,43,4,0.6409,0.6388,2.6517,0.733,2.652,1.283,0.711,esmfold2,msa_nonpairing_loop10_samples200
5n85,44,0,0.6388,0.6348,2.7491,0.723,2.749,1.35,0.711,esmfold2,msa_nonpairing_loop10_samples200
5n85,44,1,0.5977,0.626,7.8456,0.351,7.846,3.017,0.316,esmfold2,msa_nonpairing_loop10_samples200
5n85,44,2,0.6339,0.6294,3.2001,0.72,3.2,1.438,0.763,esmfold2,msa_nonpairing_loop10_samples200
5n85,44,3,0.6793,0.7108,7.6988,0.356,7.699,2.972,0.316,esmfold2,msa_nonpairing_loop10_samples200
5n85,44,4,0.6521,0.6545,2.3794,0.776,2.379,1.133,0.763,esmfold2,msa_nonpairing_loop10_samples200
5njc,42,0,0.7244,0.8579,1.0753,0.926,1.075,0.581,0.923,esmfold2,msa_nonpairing_loop10_samples200
5njc,42,1,0.7283,0.8619,1.0494,0.924,1.049,0.596,0.923,esmfold2,msa_nonpairing_loop10_samples200
5njc,42,2,0.7269,0.8597,0.9588,0.93,0.959,0.554,0.923,esmfold2,msa_nonpairing_loop10_samples200
5njc,42,3,0.7164,0.8551,1.0398,0.926,1.04,0.58,0.923,esmfold2,msa_nonpairing_loop10_samples200
5njc,42,4,0.728,0.8627,1.0117,0.926,1.012,0.583,0.923,esmfold2,msa_nonpairing_loop10_samples200
5njc,43,0,0.7291,0.8631,1.105,0.926,1.105,0.579,0.923,esmfold2,msa_nonpairing_loop10_samples200
5njc,43,1,0.7248,0.8603,0.9189,0.924,0.919,0.606,0.923,esmfold2,msa_nonpairing_loop10_samples200
5njc,43,2,0.73,0.8635,0.997,0.925,0.997,0.59,0.923,esmfold2,msa_nonpairing_loop10_samples200
5njc,43,3,0.7203,0.8601,1.1221,0.912,1.122,0.616,0.897,esmfold2,msa_nonpairing_loop10_samples200
5njc,43,4,0.7283,0.8624,1.1379,0.924,1.138,0.592,0.923,esmfold2,msa_nonpairing_loop10_samples200
5njc,44,0,0.7287,0.8605,1.0559,0.917,1.056,0.649,0.923,esmfold2,msa_nonpairing_loop10_samples200
5njc,44,1,0.7275,0.8611,1.1386,0.916,1.139,0.584,0.897,esmfold2,msa_nonpairing_loop10_samples200
5njc,44,2,0.7307,0.863,1.0057,0.925,1.006,0.588,0.923,esmfold2,msa_nonpairing_loop10_samples200
5njc,44,3,0.7292,0.8613,0.8906,0.927,0.891,0.581,0.923,esmfold2,msa_nonpairing_loop10_samples200
5njc,44,4,0.7233,0.8613,1.0392,0.918,1.039,0.58,0.897,esmfold2,msa_nonpairing_loop10_samples200
5nqv,42,0,0.8085,0.8988,2.337,0.861,2.337,0.815,0.881,esmfold2,msa_nonpairing_loop10_samples200
5nqv,42,1,0.8128,0.8979,2.182,0.878,2.182,0.772,0.905,esmfold2,msa_nonpairing_loop10_samples200
5nqv,42,2,0.8157,0.8995,2.3008,0.865,2.301,0.789,0.881,esmfold2,msa_nonpairing_loop10_samples200
5nqv,42,3,0.8151,0.902,2.4283,0.856,2.428,0.894,0.905,esmfold2,msa_nonpairing_loop10_samples200
5nqv,42,4,0.8137,0.8994,2.3712,0.867,2.371,0.82,0.905,esmfold2,msa_nonpairing_loop10_samples200
5nqv,43,0,0.8125,0.8984,2.3585,0.855,2.358,0.851,0.881,esmfold2,msa_nonpairing_loop10_samples200
5nqv,43,1,0.808,0.8974,2.4782,0.847,2.478,0.892,0.881,esmfold2,msa_nonpairing_loop10_samples200
5nqv,43,2,0.8047,0.8932,2.4668,0.839,2.467,0.898,0.857,esmfold2,msa_nonpairing_loop10_samples200
5nqv,43,3,0.7981,0.889,2.4574,0.854,2.457,0.844,0.881,esmfold2,msa_nonpairing_loop10_samples200
5nqv,43,4,0.8117,0.8977,1.9839,0.886,1.984,0.736,0.905,esmfold2,msa_nonpairing_loop10_samples200
5nqv,44,0,0.8151,0.9003,2.097,0.875,2.097,0.743,0.881,esmfold2,msa_nonpairing_loop10_samples200
5nqv,44,1,0.8057,0.8952,2.3273,0.859,2.327,0.829,0.881,esmfold2,msa_nonpairing_loop10_samples200
5nqv,44,2,0.8131,0.9027,2.4693,0.849,2.469,0.881,0.881,esmfold2,msa_nonpairing_loop10_samples200
5nqv,44,3,0.8146,0.9001,2.041,0.882,2.041,0.706,0.881,esmfold2,msa_nonpairing_loop10_samples200
5nqv,44,4,0.8066,0.893,2.2929,0.859,2.293,0.837,0.881,esmfold2,msa_nonpairing_loop10_samples200
5o9u,42,0,0.6327,0.7911,1.6774,0.901,1.677,0.561,0.863,esmfold2,msa_nonpairing_loop10_samples200
5o9u,42,1,0.6332,0.7937,0.7979,0.964,0.798,0.373,0.959,esmfold2,msa_nonpairing_loop10_samples200
5o9u,42,2,0.626,0.7868,1.4042,0.911,1.404,0.471,0.849,esmfold2,msa_nonpairing_loop10_samples200
5o9u,42,3,0.6319,0.7917,0.4355,0.981,0.436,0.31,0.986,esmfold2,msa_nonpairing_loop10_samples200
5o9u,42,4,0.6388,0.7971,0.6257,0.954,0.626,0.345,0.918,esmfold2,msa_nonpairing_loop10_samples200
5o9u,43,0,0.632,0.7899,1.6467,0.905,1.647,0.536,0.863,esmfold2,msa_nonpairing_loop10_samples200
5o9u,43,1,0.6262,0.7927,0.6868,0.957,0.687,0.361,0.932,esmfold2,msa_nonpairing_loop10_samples200
5o9u,43,2,0.629,0.7891,1.7662,0.892,1.766,0.587,0.849,esmfold2,msa_nonpairing_loop10_samples200
5o9u,43,3,0.6354,0.792,0.8078,0.953,0.808,0.345,0.918,esmfold2,msa_nonpairing_loop10_samples200
5o9u,43,4,0.632,0.7899,0.6104,0.967,0.61,0.349,0.959,esmfold2,msa_nonpairing_loop10_samples200
5o9u,44,0,0.634,0.7935,0.7048,0.959,0.705,0.341,0.932,esmfold2,msa_nonpairing_loop10_samples200
5o9u,44,1,0.6359,0.7947,0.592,0.96,0.592,0.421,0.959,esmfold2,msa_nonpairing_loop10_samples200
5o9u,44,2,0.6349,0.7912,0.9945,0.946,0.994,0.404,0.918,esmfold2,msa_nonpairing_loop10_samples200
5o9u,44,3,0.6323,0.7897,1.5905,0.907,1.591,0.525,0.863,esmfold2,msa_nonpairing_loop10_samples200
5o9u,44,4,0.6365,0.796,0.5874,0.973,0.587,0.342,0.973,esmfold2,msa_nonpairing_loop10_samples200
5oj5,42,0,0.261,0.2487,29.6851,0.033,29.685,9.811,0.0,esmfold2,msa_nonpairing_loop10_samples200
5oj5,42,1,0.2938,0.3108,30.9089,0.03,30.909,10.258,0.0,esmfold2,msa_nonpairing_loop10_samples200
5oj5,42,2,0.3763,0.4007,2.1423,0.859,2.142,0.798,0.857,esmfold2,msa_nonpairing_loop10_samples200
5oj5,42,3,0.2805,0.3057,27.7093,0.037,27.709,9.295,0.0,esmfold2,msa_nonpairing_loop10_samples200
5oj5,42,4,0.5783,0.6303,1.6709,0.922,1.671,0.627,0.952,esmfold2,msa_nonpairing_loop10_samples200
5oj5,43,0,0.2177,0.1569,32.6134,0.027,32.613,11.214,0.0,esmfold2,msa_nonpairing_loop10_samples200
5oj5,43,1,0.2555,0.2589,24.8975,0.045,24.897,8.423,0.0,esmfold2,msa_nonpairing_loop10_samples200
5oj5,43,2,0.2497,0.265,29.5796,0.033,29.58,9.875,0.0,esmfold2,msa_nonpairing_loop10_samples200
5oj5,43,3,0.2318,0.1748,31.3783,0.029,31.378,10.897,0.0,esmfold2,msa_nonpairing_loop10_samples200
5oj5,43,4,0.6527,0.7086,1.8293,0.917,1.829,0.651,0.952,esmfold2,msa_nonpairing_loop10_samples200
5oj5,44,0,0.2524,0.2421,2.5682,0.835,2.568,0.912,0.857,esmfold2,msa_nonpairing_loop10_samples200
5oj5,44,1,0.2356,0.2318,31.9407,0.028,31.941,10.691,0.0,esmfold2,msa_nonpairing_loop10_samples200
5oj5,44,2,0.6611,0.721,1.7703,0.911,1.77,0.697,0.952,esmfold2,msa_nonpairing_loop10_samples200
5oj5,44,3,0.2671,0.2691,29.5819,0.033,29.582,9.54,0.0,esmfold2,msa_nonpairing_loop10_samples200
5oj5,44,4,0.2131,0.1868,2.7338,0.837,2.734,0.982,0.905,esmfold2,msa_nonpairing_loop10_samples200
5onp,42,0,0.5438,0.6892,7.4063,0.436,7.406,1.844,0.342,esmfold2,msa_nonpairing_loop10_samples200
5onp,42,1,0.5458,0.6912,6.887,0.46,6.887,1.715,0.342,esmfold2,msa_nonpairing_loop10_samples200
5onp,42,2,0.6914,0.8291,2.5127,0.868,2.513,0.647,0.842,esmfold2,msa_nonpairing_loop10_samples200
5onp,42,3,0.5393,0.6923,7.1194,0.432,7.119,1.768,0.289,esmfold2,msa_nonpairing_loop10_samples200
5onp,42,4,0.5485,0.6963,6.914,0.45,6.914,1.724,0.316,esmfold2,msa_nonpairing_loop10_samples200
5onp,43,0,0.537,0.6902,7.5016,0.433,7.502,1.863,0.342,esmfold2,msa_nonpairing_loop10_samples200
5onp,43,1,0.4426,0.608,6.7615,0.508,6.762,1.699,0.474,esmfold2,msa_nonpairing_loop10_samples200
5onp,43,2,0.4493,0.6265,2.7346,0.846,2.735,0.714,0.816,esmfold2,msa_nonpairing_loop10_samples200
5onp,43,3,0.5425,0.6887,6.6322,0.471,6.632,1.656,0.342,esmfold2,msa_nonpairing_loop10_samples200
5onp,43,4,0.5416,0.6883,6.6288,0.463,6.629,1.649,0.316,esmfold2,msa_nonpairing_loop10_samples200
5onp,44,0,0.5046,0.6623,7.6266,0.444,7.627,1.9,0.395,esmfold2,msa_nonpairing_loop10_samples200
5onp,44,1,0.547,0.6939,7.4669,0.434,7.467,1.855,0.342,esmfold2,msa_nonpairing_loop10_samples200
5onp,44,2,0.4422,0.5984,3.9871,0.756,3.987,1.015,0.763,esmfold2,msa_nonpairing_loop10_samples200
5onp,44,3,0.548,0.6937,7.0327,0.444,7.033,1.752,0.316,esmfold2,msa_nonpairing_loop10_samples200
5onp,44,4,0.4361,0.6054,3.1459,0.797,3.146,0.812,0.737,esmfold2,msa_nonpairing_loop10_samples200
5t0k,42,0,0.8921,0.947,0.9109,0.906,0.911,0.747,0.929,esmfold2,msa_nonpairing_loop10_samples200
5t0k,42,1,0.8921,0.9472,0.6779,0.904,0.678,0.731,0.911,esmfold2,msa_nonpairing_loop10_samples200
5t0k,42,2,0.891,0.9463,0.9587,0.903,0.959,0.727,0.911,esmfold2,msa_nonpairing_loop10_samples200
5t0k,42,3,0.8928,0.9461,0.9005,0.915,0.9,0.769,0.964,esmfold2,msa_nonpairing_loop10_samples200
5t0k,42,4,0.8859,0.9402,0.9061,0.894,0.906,0.87,0.946,esmfold2,msa_nonpairing_loop10_samples200
5t0k,43,0,0.8929,0.9475,0.9848,0.912,0.985,0.745,0.946,esmfold2,msa_nonpairing_loop10_samples200
5t0k,43,1,0.89,0.9457,0.8246,0.915,0.825,0.729,0.946,esmfold2,msa_nonpairing_loop10_samples200
5t0k,43,2,0.885,0.9407,0.9236,0.912,0.924,0.744,0.946,esmfold2,msa_nonpairing_loop10_samples200
5t0k,43,3,0.8907,0.9466,0.7668,0.908,0.767,0.743,0.929,esmfold2,msa_nonpairing_loop10_samples200
5t0k,43,4,0.8884,0.9454,0.8817,0.901,0.882,0.784,0.929,esmfold2,msa_nonpairing_loop10_samples200
5t0k,44,0,0.8922,0.9462,0.8834,0.907,0.883,0.742,0.929,esmfold2,msa_nonpairing_loop10_samples200
5t0k,44,1,0.8906,0.9447,0.7288,0.91,0.729,0.728,0.929,esmfold2,msa_nonpairing_loop10_samples200
5t0k,44,2,0.8933,0.9476,0.8155,0.92,0.815,0.74,0.964,esmfold2,msa_nonpairing_loop10_samples200
5t0k,44,3,0.8921,0.9472,1.0205,0.905,1.021,0.793,0.946,esmfold2,msa_nonpairing_loop10_samples200
5t0k,44,4,0.8923,0.947,0.6999,0.91,0.7,0.775,0.946,esmfold2,msa_nonpairing_loop10_samples200
5tgi,42,0,0.8005,0.838,1.328,0.891,1.328,0.878,0.951,esmfold2,msa_nonpairing_loop10_samples200
5tgi,42,1,0.8245,0.8606,1.282,0.941,1.282,0.577,0.976,esmfold2,msa_nonpairing_loop10_samples200
5tgi,42,2,0.825,0.8633,2.4137,0.857,2.414,0.94,0.927,esmfold2,msa_nonpairing_loop10_samples200
5tgi,42,3,0.8274,0.866,1.4684,0.915,1.468,0.694,0.951,esmfold2,msa_nonpairing_loop10_samples200
5tgi,42,4,0.8236,0.8644,1.6271,0.905,1.627,0.75,0.951,esmfold2,msa_nonpairing_loop10_samples200
5tgi,43,0,0.8249,0.8561,2.3301,0.892,2.33,0.764,0.951,esmfold2,msa_nonpairing_loop10_samples200
5tgi,43,1,0.8284,0.8669,1.8883,0.893,1.888,0.808,0.951,esmfold2,msa_nonpairing_loop10_samples200
5tgi,43,2,0.8201,0.8623,1.8506,0.876,1.851,0.873,0.927,esmfold2,msa_nonpairing_loop10_samples200
5tgi,43,3,0.8286,0.8699,2.2891,0.877,2.289,0.872,0.951,esmfold2,msa_nonpairing_loop10_samples200
5tgi,43,4,0.8211,0.8562,1.5006,0.892,1.501,0.853,0.951,esmfold2,msa_nonpairing_loop10_samples200
5tgi,44,0,0.8177,0.8566,1.6162,0.899,1.616,0.797,0.951,esmfold2,msa_nonpairing_loop10_samples200
5tgi,44,1,0.8117,0.8545,1.7495,0.88,1.75,0.856,0.927,esmfold2,msa_nonpairing_loop10_samples200
5tgi,44,2,0.825,0.8617,1.9048,0.908,1.905,0.704,0.951,esmfold2,msa_nonpairing_loop10_samples200
5tgi,44,3,0.8227,0.8692,2.5411,0.844,2.541,1.068,0.951,esmfold2,msa_nonpairing_loop10_samples200
5tgi,44,4,0.8249,0.8657,1.4674,0.892,1.467,0.861,0.951,esmfold2,msa_nonpairing_loop10_samples200
5v2p,42,0,0.8953,0.9557,0.8231,0.956,0.823,0.303,0.917,esmfold2,msa_nonpairing_loop10_samples200
5v2p,42,1,0.8988,0.9597,0.8487,0.971,0.849,0.288,0.958,esmfold2,msa_nonpairing_loop10_samples200
5v2p,42,2,0.8925,0.9577,0.9794,0.961,0.979,0.387,0.958,esmfold2,msa_nonpairing_loop10_samples200
5v2p,42,3,0.9006,0.9605,0.856,0.973,0.856,0.255,0.958,esmfold2,msa_nonpairing_loop10_samples200
5v2p,42,4,0.9015,0.961,0.7473,0.968,0.747,0.248,0.938,esmfold2,msa_nonpairing_loop10_samples200
5v2p,43,0,0.9001,0.96,1.3513,0.965,1.351,0.302,0.958,esmfold2,msa_nonpairing_loop10_samples200
5v2p,43,1,0.9003,0.9603,1.1434,0.967,1.143,0.303,0.958,esmfold2,msa_nonpairing_loop10_samples200
5v2p,43,2,0.8977,0.9597,1.1198,0.962,1.12,0.289,0.938,esmfold2,msa_nonpairing_loop10_samples200
5v2p,43,3,0.8994,0.9605,0.814,0.974,0.814,0.248,0.958,esmfold2,msa_nonpairing_loop10_samples200
5v2p,43,4,0.8884,0.954,1.1266,0.954,1.127,0.368,0.938,esmfold2,msa_nonpairing_loop10_samples200
5v2p,44,0,0.9001,0.9599,1.0908,0.961,1.091,0.298,0.938,esmfold2,msa_nonpairing_loop10_samples200
5v2p,44,1,0.8989,0.9599,1.2233,0.958,1.223,0.219,0.917,esmfold2,msa_nonpairing_loop10_samples200
5v2p,44,2,0.8963,0.959,0.8686,0.97,0.869,0.293,0.958,esmfold2,msa_nonpairing_loop10_samples200
5v2p,44,3,0.8999,0.9598,1.0677,0.972,1.068,0.245,0.958,esmfold2,msa_nonpairing_loop10_samples200
5v2p,44,4,0.8989,0.9606,0.782,0.973,0.782,0.27,0.958,esmfold2,msa_nonpairing_loop10_samples200
5v3r,42,0,0.8339,0.9331,1.954,0.877,1.954,0.705,0.862,esmfold2,msa_nonpairing_loop10_samples200
5v3r,42,1,0.8393,0.9351,1.8857,0.881,1.886,0.685,0.862,esmfold2,msa_nonpairing_loop10_samples200
5v3r,42,2,0.8459,0.9391,1.1779,0.941,1.178,0.471,0.931,esmfold2,msa_nonpairing_loop10_samples200
5v3r,42,3,0.8425,0.9372,1.1664,0.917,1.166,0.481,0.862,esmfold2,msa_nonpairing_loop10_samples200
5v3r,42,4,0.8447,0.938,1.0711,0.904,1.071,0.503,0.828,esmfold2,msa_nonpairing_loop10_samples200
5v3r,43,0,0.8481,0.9397,1.4766,0.922,1.477,0.501,0.897,esmfold2,msa_nonpairing_loop10_samples200
5v3r,43,1,0.8366,0.9322,1.7584,0.894,1.758,0.599,0.862,esmfold2,msa_nonpairing_loop10_samples200
5v3r,43,2,0.8387,0.9288,1.7446,0.861,1.745,0.758,0.828,esmfold2,msa_nonpairing_loop10_samples200
5v3r,43,3,0.8471,0.9388,1.139,0.917,1.139,0.481,0.862,esmfold2,msa_nonpairing_loop10_samples200
5v3r,43,4,0.832,0.9267,1.9195,0.849,1.919,0.827,0.828,esmfold2,msa_nonpairing_loop10_samples200
5v3r,44,0,0.8431,0.9387,1.2702,0.924,1.27,0.407,0.862,esmfold2,msa_nonpairing_loop10_samples200
5v3r,44,1,0.8344,0.9261,1.7939,0.842,1.794,0.807,0.793,esmfold2,msa_nonpairing_loop10_samples200
5v3r,44,2,0.8389,0.9339,1.809,0.892,1.809,0.611,0.862,esmfold2,msa_nonpairing_loop10_samples200
5v3r,44,3,0.8426,0.9362,1.5101,0.911,1.51,0.495,0.862,esmfold2,msa_nonpairing_loop10_samples200
5v3r,44,4,0.8477,0.9393,1.2191,0.922,1.219,0.431,0.862,esmfold2,msa_nonpairing_loop10_samples200
5wfv,42,0,0.8885,0.9618,0.449,0.945,0.449,0.357,0.891,esmfold2,msa_nonpairing_loop10_samples200
5wfv,42,1,0.8893,0.9622,0.4666,0.956,0.467,0.319,0.913,esmfold2,msa_nonpairing_loop10_samples200
5wfv,42,2,0.8894,0.9629,0.4223,0.943,0.422,0.379,0.891,esmfold2,msa_nonpairing_loop10_samples200
5wfv,42,3,0.8881,0.9618,0.509,0.95,0.509,0.376,0.913,esmfold2,msa_nonpairing_loop10_samples200
5wfv,42,4,0.8863,0.9604,0.5499,0.943,0.55,0.377,0.891,esmfold2,msa_nonpairing_loop10_samples200
5wfv,43,0,0.8908,0.9625,0.3847,0.935,0.385,0.387,0.87,esmfold2,msa_nonpairing_loop10_samples200
5wfv,43,1,0.8906,0.9632,0.5312,0.944,0.531,0.364,0.891,esmfold2,msa_nonpairing_loop10_samples200
5wfv,43,2,0.8904,0.9626,0.4828,0.954,0.483,0.34,0.913,esmfold2,msa_nonpairing_loop10_samples200
5wfv,43,3,0.8899,0.9631,0.4858,0.95,0.486,0.374,0.913,esmfold2,msa_nonpairing_loop10_samples200
5wfv,43,4,0.8751,0.9569,0.9895,0.933,0.99,0.44,0.891,esmfold2,msa_nonpairing_loop10_samples200
5wfv,44,0,0.8873,0.9618,0.4812,0.939,0.481,0.412,0.891,esmfold2,msa_nonpairing_loop10_samples200
5wfv,44,1,0.8925,0.9635,0.4046,0.946,0.405,0.35,0.891,esmfold2,msa_nonpairing_loop10_samples200
5wfv,44,2,0.8867,0.9607,0.3751,0.954,0.375,0.338,0.913,esmfold2,msa_nonpairing_loop10_samples200
5wfv,44,3,0.8924,0.963,0.3354,0.943,0.335,0.297,0.87,esmfold2,msa_nonpairing_loop10_samples200
5wfv,44,4,0.8757,0.9573,1.035,0.938,1.035,0.457,0.913,esmfold2,msa_nonpairing_loop10_samples200
5wyi,42,0,0.3896,0.2957,33.8203,0.025,33.82,11.437,0.0,esmfold2,msa_nonpairing_loop10_samples200
5wyi,42,1,0.4782,0.4396,33.7126,0.026,33.713,11.435,0.0,esmfold2,msa_nonpairing_loop10_samples200
5wyi,42,2,0.3115,0.2049,27.7805,0.036,27.78,9.926,0.0,esmfold2,msa_nonpairing_loop10_samples200
5wyi,42,3,0.3173,0.2096,22.854,0.053,22.854,7.687,0.0,esmfold2,msa_nonpairing_loop10_samples200
5wyi,42,4,0.3833,0.3115,34.0783,0.025,34.078,11.473,0.0,esmfold2,msa_nonpairing_loop10_samples200
5wyi,43,0,0.3561,0.2618,33.0029,0.026,33.003,11.409,0.0,esmfold2,msa_nonpairing_loop10_samples200
5wyi,43,1,0.321,0.2087,27.2272,0.037,27.227,9.835,0.0,esmfold2,msa_nonpairing_loop10_samples200
5wyi,43,2,0.3354,0.2355,27.2841,0.037,27.284,9.758,0.0,esmfold2,msa_nonpairing_loop10_samples200
5wyi,43,3,0.3281,0.2117,33.8338,0.025,33.834,11.529,0.0,esmfold2,msa_nonpairing_loop10_samples200
5wyi,43,4,0.3704,0.2779,31.9808,0.028,31.981,10.904,0.0,esmfold2,msa_nonpairing_loop10_samples200
5wyi,44,0,0.3321,0.2009,26.3739,0.04,26.374,8.995,0.0,esmfold2,msa_nonpairing_loop10_samples200
5wyi,44,1,0.3386,0.2327,24.5061,0.046,24.506,8.309,0.0,esmfold2,msa_nonpairing_loop10_samples200
5wyi,44,2,0.3443,0.2545,33.8323,0.025,33.832,11.431,0.0,esmfold2,msa_nonpairing_loop10_samples200
5wyi,44,3,0.2836,0.1662,25.7235,0.043,25.724,8.617,0.0,esmfold2,msa_nonpairing_loop10_samples200
5wyi,44,4,0.3392,0.2332,26.8415,0.038,26.842,9.57,0.0,esmfold2,msa_nonpairing_loop10_samples200
5xhz,42,0,0.8958,0.8923,1.5484,0.905,1.548,0.634,0.9,esmfold2,msa_nonpairing_loop10_samples200
5xhz,42,1,0.9001,0.897,1.7727,0.894,1.773,0.69,0.9,esmfold2,msa_nonpairing_loop10_samples200
5xhz,42,2,0.9026,0.8988,1.5996,0.901,1.6,0.662,0.9,esmfold2,msa_nonpairing_loop10_samples200
5xhz,42,3,0.8985,0.8926,1.7885,0.89,1.789,0.664,0.875,esmfold2,msa_nonpairing_loop10_samples200
5xhz,42,4,0.9004,0.8963,1.7384,0.883,1.738,0.715,0.875,esmfold2,msa_nonpairing_loop10_samples200
5xhz,43,0,0.9032,0.8983,1.5947,0.893,1.595,0.662,0.875,esmfold2,msa_nonpairing_loop10_samples200
5xhz,43,1,0.9007,0.8967,1.6883,0.9,1.688,0.657,0.9,esmfold2,msa_nonpairing_loop10_samples200
5xhz,43,2,0.8987,0.893,1.6122,0.898,1.612,0.68,0.9,esmfold2,msa_nonpairing_loop10_samples200
5xhz,43,3,0.902,0.8981,1.7019,0.892,1.702,0.713,0.9,esmfold2,msa_nonpairing_loop10_samples200
5xhz,43,4,0.9003,0.8953,1.7625,0.891,1.762,0.718,0.9,esmfold2,msa_nonpairing_loop10_samples200
5xhz,44,0,0.9001,0.8969,1.535,0.902,1.535,0.661,0.9,esmfold2,msa_nonpairing_loop10_samples200
5xhz,44,1,0.8955,0.8896,1.7444,0.889,1.744,0.731,0.9,esmfold2,msa_nonpairing_loop10_samples200
5xhz,44,2,0.8975,0.8939,1.5953,0.895,1.595,0.648,0.875,esmfold2,msa_nonpairing_loop10_samples200
5xhz,44,3,0.9015,0.898,1.8498,0.89,1.85,0.715,0.9,esmfold2,msa_nonpairing_loop10_samples200
5xhz,44,4,0.9039,0.8989,1.7094,0.895,1.709,0.691,0.9,esmfold2,msa_nonpairing_loop10_samples200
5xxq,42,0,0.8567,0.9642,0.7426,0.985,0.743,0.293,1.0,esmfold2,msa_nonpairing_loop10_samples200
5xxq,42,1,0.8584,0.9647,0.8706,0.983,0.871,0.313,1.0,esmfold2,msa_nonpairing_loop10_samples200
5xxq,42,2,0.8578,0.9649,0.7003,0.985,0.7,0.298,1.0,esmfold2,msa_nonpairing_loop10_samples200
5xxq,42,3,0.8547,0.9647,0.8231,0.983,0.823,0.307,1.0,esmfold2,msa_nonpairing_loop10_samples200
5xxq,42,4,0.861,0.9668,0.9469,0.98,0.947,0.336,1.0,esmfold2,msa_nonpairing_loop10_samples200
5xxq,43,0,0.8571,0.9648,0.7493,0.985,0.749,0.29,1.0,esmfold2,msa_nonpairing_loop10_samples200
5xxq,43,1,0.8574,0.9655,0.868,0.982,0.868,0.323,1.0,esmfold2,msa_nonpairing_loop10_samples200
5xxq,43,2,0.8607,0.9658,0.7729,0.985,0.773,0.29,1.0,esmfold2,msa_nonpairing_loop10_samples200
5xxq,43,3,0.8598,0.9666,0.677,0.978,0.677,0.29,0.976,esmfold2,msa_nonpairing_loop10_samples200
5xxq,43,4,0.8603,0.9666,0.7508,0.984,0.751,0.305,1.0,esmfold2,msa_nonpairing_loop10_samples200
5xxq,44,0,0.8535,0.9625,0.8174,0.974,0.817,0.322,0.976,esmfold2,msa_nonpairing_loop10_samples200
5xxq,44,1,0.8603,0.9656,0.8488,0.974,0.849,0.323,0.976,esmfold2,msa_nonpairing_loop10_samples200
5xxq,44,2,0.8577,0.9663,0.7409,0.985,0.741,0.292,1.0,esmfold2,msa_nonpairing_loop10_samples200
5xxq,44,3,0.8036,0.9336,1.4028,0.916,1.403,0.511,0.878,esmfold2,msa_nonpairing_loop10_samples200
5xxq,44,4,0.8505,0.9609,0.6692,0.985,0.669,0.296,1.0,esmfold2,msa_nonpairing_loop10_samples200
5yay,42,0,0.7813,0.8784,2.543,0.765,2.543,0.981,0.677,esmfold2,msa_nonpairing_loop10_samples200
5yay,42,1,0.7782,0.8771,2.5011,0.775,2.501,1.034,0.726,esmfold2,msa_nonpairing_loop10_samples200
5yay,42,2,0.7811,0.8734,2.323,0.792,2.323,0.897,0.71,esmfold2,msa_nonpairing_loop10_samples200
5yay,42,3,0.7538,0.8475,2.9569,0.736,2.957,1.167,0.694,esmfold2,msa_nonpairing_loop10_samples200
5yay,42,4,0.7812,0.8765,2.467,0.769,2.467,0.966,0.677,esmfold2,msa_nonpairing_loop10_samples200
5yay,43,0,0.7722,0.8693,2.3098,0.783,2.31,0.963,0.71,esmfold2,msa_nonpairing_loop10_samples200
5yay,43,1,0.7818,0.8782,2.4964,0.783,2.496,0.976,0.726,esmfold2,msa_nonpairing_loop10_samples200
5yay,43,2,0.7722,0.8745,2.7031,0.767,2.703,1.019,0.71,esmfold2,msa_nonpairing_loop10_samples200
5yay,43,3,0.7791,0.8769,2.6298,0.776,2.63,1.006,0.726,esmfold2,msa_nonpairing_loop10_samples200
5yay,43,4,0.78,0.8746,2.3924,0.79,2.392,0.941,0.726,esmfold2,msa_nonpairing_loop10_samples200
5yay,44,0,0.7887,0.8821,2.5188,0.787,2.519,0.942,0.726,esmfold2,msa_nonpairing_loop10_samples200
5yay,44,1,0.7819,0.8786,2.593,0.766,2.593,1.006,0.694,esmfold2,msa_nonpairing_loop10_samples200
5yay,44,2,0.7771,0.8731,2.3138,0.782,2.314,0.931,0.694,esmfold2,msa_nonpairing_loop10_samples200
5yay,44,3,0.7737,0.8731,2.6626,0.757,2.663,1.063,0.694,esmfold2,msa_nonpairing_loop10_samples200
5yay,44,4,0.7408,0.8343,2.7844,0.774,2.784,1.035,0.742,esmfold2,msa_nonpairing_loop10_samples200
6b27,42,0,0.9044,0.9394,0.6526,0.966,0.653,0.492,1.0,esmfold2,msa_nonpairing_loop10_samples200
6b27,42,1,0.9022,0.9349,0.9866,0.965,0.987,0.475,1.0,esmfold2,msa_nonpairing_loop10_samples200
6b27,42,2,0.9063,0.9388,0.8554,0.963,0.855,0.499,1.0,esmfold2,msa_nonpairing_loop10_samples200
6b27,42,3,0.8989,0.9323,0.8518,0.942,0.852,0.499,0.935,esmfold2,msa_nonpairing_loop10_samples200
6b27,42,4,0.9036,0.9384,0.5254,0.971,0.525,0.455,1.0,esmfold2,msa_nonpairing_loop10_samples200
6b27,43,0,0.8987,0.9327,0.9619,0.962,0.962,0.502,1.0,esmfold2,msa_nonpairing_loop10_samples200
6b27,43,1,0.9039,0.9379,0.9629,0.958,0.963,0.539,1.0,esmfold2,msa_nonpairing_loop10_samples200
6b27,43,2,0.9007,0.9335,0.8502,0.963,0.85,0.505,1.0,esmfold2,msa_nonpairing_loop10_samples200
6b27,43,3,0.9038,0.9371,0.8937,0.965,0.894,0.484,1.0,esmfold2,msa_nonpairing_loop10_samples200
6b27,43,4,0.9053,0.9382,1.0407,0.952,1.041,0.494,0.968,esmfold2,msa_nonpairing_loop10_samples200
6b27,44,0,0.9051,0.9373,0.7881,0.942,0.788,0.503,0.935,esmfold2,msa_nonpairing_loop10_samples200
6b27,44,1,0.9018,0.9334,0.8657,0.962,0.866,0.511,1.0,esmfold2,msa_nonpairing_loop10_samples200
6b27,44,2,0.9036,0.9371,1.102,0.951,1.102,0.583,1.0,esmfold2,msa_nonpairing_loop10_samples200
6b27,44,3,0.9034,0.9375,0.9049,0.949,0.905,0.525,0.968,esmfold2,msa_nonpairing_loop10_samples200
6b27,44,4,0.9024,0.9357,0.7944,0.963,0.794,0.504,1.0,esmfold2,msa_nonpairing_loop10_samples200
6co4,42,0,0.9071,0.9334,2.0473,0.838,2.047,1.142,0.936,esmfold2,msa_nonpairing_loop10_samples200
6co4,42,1,0.9,0.9253,2.2291,0.831,2.229,1.227,0.957,esmfold2,msa_nonpairing_loop10_samples200
6co4,42,2,0.9057,0.9319,2.142,0.831,2.142,1.181,0.936,esmfold2,msa_nonpairing_loop10_samples200
6co4,42,3,0.9046,0.9292,2.077,0.827,2.077,1.165,0.915,esmfold2,msa_nonpairing_loop10_samples200
6co4,42,4,0.9061,0.9308,1.9721,0.833,1.972,1.139,0.915,esmfold2,msa_nonpairing_loop10_samples200
6co4,43,0,0.8995,0.925,2.078,0.834,2.078,1.167,0.936,esmfold2,msa_nonpairing_loop10_samples200
6co4,43,1,0.9038,0.9282,2.091,0.831,2.091,1.192,0.936,esmfold2,msa_nonpairing_loop10_samples200
6co4,43,2,0.9038,0.9305,2.1,0.834,2.1,1.168,0.936,esmfold2,msa_nonpairing_loop10_samples200
6co4,43,3,0.9059,0.9286,2.061,0.834,2.061,1.172,0.936,esmfold2,msa_nonpairing_loop10_samples200
6co4,43,4,0.9078,0.933,2.2327,0.825,2.233,1.218,0.936,esmfold2,msa_nonpairing_loop10_samples200
6co4,44,0,0.9032,0.9296,2.0956,0.826,2.096,1.174,0.915,esmfold2,msa_nonpairing_loop10_samples200
6co4,44,1,0.9021,0.9262,1.9726,0.841,1.973,1.133,0.936,esmfold2,msa_nonpairing_loop10_samples200
6co4,44,2,0.9033,0.9292,2.1005,0.833,2.101,1.174,0.936,esmfold2,msa_nonpairing_loop10_samples200
6co4,44,3,0.9073,0.9333,2.1448,0.83,2.145,1.193,0.936,esmfold2,msa_nonpairing_loop10_samples200
6co4,44,4,0.9088,0.9336,2.2498,0.825,2.25,1.217,0.936,esmfold2,msa_nonpairing_loop10_samples200
6dei,42,0,0.253,0.0707,28.1073,0.032,28.107,14.122,0.0,esmfold2,msa_nonpairing_loop10_samples200
6dei,42,1,0.3241,0.107,20.6428,0.086,20.643,15.197,0.104,esmfold2,msa_nonpairing_loop10_samples200
6dei,42,2,0.3146,0.1319,23.2514,0.059,23.251,10.889,0.042,esmfold2,msa_nonpairing_loop10_samples200
6dei,42,3,0.3176,0.1439,21.4801,0.067,21.48,9.738,0.042,esmfold2,msa_nonpairing_loop10_samples200
6dei,42,4,0.3311,0.1343,22.5958,0.045,22.596,14.797,0.0,esmfold2,msa_nonpairing_loop10_samples200
6dei,43,0,0.2809,0.1034,32.3054,0.025,32.305,14.357,0.0,esmfold2,msa_nonpairing_loop10_samples200
6dei,43,1,0.3266,0.1497,20.0081,0.086,20.008,9.906,0.083,esmfold2,msa_nonpairing_loop10_samples200
6dei,43,2,0.3135,0.1438,25.5973,0.037,25.597,13.12,0.0,esmfold2,msa_nonpairing_loop10_samples200
6dei,43,3,0.3125,0.127,20.3626,0.078,20.363,9.856,0.062,esmfold2,msa_nonpairing_loop10_samples200
6dei,43,4,0.3424,0.1334,24.703,0.048,24.703,10.942,0.021,esmfold2,msa_nonpairing_loop10_samples200
6dei,44,0,0.3245,0.1265,23.135,0.068,23.135,9.911,0.062,esmfold2,msa_nonpairing_loop10_samples200
6dei,44,1,0.3397,0.1312,24.8659,0.048,24.866,11.057,0.021,esmfold2,msa_nonpairing_loop10_samples200
6dei,44,2,0.3258,0.1216,26.3826,0.037,26.383,11.448,0.0,esmfold2,msa_nonpairing_loop10_samples200
6dei,44,3,0.2648,0.0842,23.2054,0.057,23.205,15.053,0.042,esmfold2,msa_nonpairing_loop10_samples200
6dei,44,4,0.3365,0.1258,25.8436,0.059,25.844,11.562,0.062,esmfold2,msa_nonpairing_loop10_samples200
6e5x,42,0,0.8275,0.8236,5.8574,0.676,5.857,1.806,0.943,esmfold2,msa_nonpairing_loop10_samples200
6e5x,42,1,0.8746,0.8692,3.5084,0.818,3.508,1.086,0.943,esmfold2,msa_nonpairing_loop10_samples200
6e5x,42,2,0.819,0.813,3.9734,0.722,3.973,1.832,0.943,esmfold2,msa_nonpairing_loop10_samples200
6e5x,42,3,0.8579,0.8474,4.0781,0.806,4.078,1.073,0.943,esmfold2,msa_nonpairing_loop10_samples200
6e5x,42,4,0.829,0.8242,5.6408,0.677,5.641,1.859,0.943,esmfold2,msa_nonpairing_loop10_samples200
6e5x,43,0,0.8653,0.8533,3.6637,0.796,3.664,1.217,0.943,esmfold2,msa_nonpairing_loop10_samples200
6e5x,43,1,0.8235,0.8177,5.6571,0.694,5.657,1.674,0.943,esmfold2,msa_nonpairing_loop10_samples200
6e5x,43,2,0.8293,0.8285,6.0351,0.666,6.035,1.869,0.943,esmfold2,msa_nonpairing_loop10_samples200
6e5x,43,3,0.8348,0.8317,5.294,0.68,5.294,1.932,0.943,esmfold2,msa_nonpairing_loop10_samples200
6e5x,43,4,0.8177,0.8104,6.116,0.661,6.116,1.911,0.943,esmfold2,msa_nonpairing_loop10_samples200
6e5x,44,0,0.8341,0.8325,3.776,0.751,3.776,1.674,0.971,esmfold2,msa_nonpairing_loop10_samples200
6e5x,44,1,0.8271,0.8212,5.0312,0.701,5.031,1.759,0.943,esmfold2,msa_nonpairing_loop10_samples200
6e5x,44,2,0.8488,0.8359,4.4899,0.783,4.49,1.095,0.914,esmfold2,msa_nonpairing_loop10_samples200
6e5x,44,3,0.8249,0.8209,5.8517,0.689,5.852,1.671,0.943,esmfold2,msa_nonpairing_loop10_samples200
6e5x,44,4,0.8756,0.8702,3.7878,0.791,3.788,1.167,0.914,esmfold2,msa_nonpairing_loop10_samples200
6ej7,42,0,0.6733,0.8423,0.7402,0.948,0.74,0.378,0.911,esmfold2,msa_nonpairing_loop10_samples200
6ej7,42,1,0.6687,0.8381,0.9112,0.938,0.911,0.458,0.911,esmfold2,msa_nonpairing_loop10_samples200
6ej7,42,2,0.6596,0.8267,1.2635,0.933,1.263,0.525,0.929,esmfold2,msa_nonpairing_loop10_samples200
6ej7,42,3,0.6733,0.8428,1.0058,0.937,1.006,0.462,0.911,esmfold2,msa_nonpairing_loop10_samples200
6ej7,42,4,0.3396,0.5349,14.0392,0.191,14.039,4.738,0.214,esmfold2,msa_nonpairing_loop10_samples200
6ej7,43,0,0.6672,0.8371,1.3655,0.936,1.365,0.533,0.946,esmfold2,msa_nonpairing_loop10_samples200
6ej7,43,1,0.6663,0.8375,0.9456,0.937,0.946,0.462,0.911,esmfold2,msa_nonpairing_loop10_samples200
6ej7,43,2,0.6736,0.8398,0.9943,0.94,0.994,0.487,0.929,esmfold2,msa_nonpairing_loop10_samples200
6ej7,43,3,0.6709,0.8402,1.0793,0.939,1.079,0.49,0.929,esmfold2,msa_nonpairing_loop10_samples200
6ej7,43,4,0.6741,0.8405,1.2471,0.929,1.247,0.503,0.911,esmfold2,msa_nonpairing_loop10_samples200
6ej7,44,0,0.6659,0.8371,1.148,0.921,1.148,0.577,0.911,esmfold2,msa_nonpairing_loop10_samples200
6ej7,44,1,0.6709,0.8371,1.4544,0.922,1.454,0.592,0.929,esmfold2,msa_nonpairing_loop10_samples200
6ej7,44,2,0.4842,0.707,1.549,0.892,1.549,0.714,0.893,esmfold2,msa_nonpairing_loop10_samples200
6ej7,44,3,0.351,0.5567,13.1912,0.239,13.191,4.473,0.321,esmfold2,msa_nonpairing_loop10_samples200
6ej7,44,4,0.6515,0.8259,1.0868,0.932,1.087,0.497,0.911,esmfold2,msa_nonpairing_loop10_samples200
6f0w,42,0,0.8543,0.9191,0.4088,0.9,0.409,0.826,0.934,esmfold2,msa_nonpairing_loop10_samples200
6f0w,42,1,0.8564,0.9203,0.4106,0.905,0.411,0.817,0.947,esmfold2,msa_nonpairing_loop10_samples200
6f0w,42,2,0.8546,0.9204,0.4164,0.907,0.416,0.807,0.947,esmfold2,msa_nonpairing_loop10_samples200
6f0w,42,3,0.8488,0.914,0.4651,0.909,0.465,0.793,0.947,esmfold2,msa_nonpairing_loop10_samples200
6f0w,42,4,0.8514,0.9181,0.5448,0.907,0.545,0.832,0.961,esmfold2,msa_nonpairing_loop10_samples200
6f0w,43,0,0.855,0.9199,0.5818,0.901,0.582,0.844,0.947,esmfold2,msa_nonpairing_loop10_samples200
6f0w,43,1,0.8501,0.9192,0.5575,0.878,0.557,0.97,0.934,esmfold2,msa_nonpairing_loop10_samples200
6f0w,43,2,0.8564,0.9199,0.7408,0.904,0.741,0.848,0.961,esmfold2,msa_nonpairing_loop10_samples200
6f0w,43,3,0.8519,0.9181,0.5584,0.902,0.558,0.805,0.934,esmfold2,msa_nonpairing_loop10_samples200
6f0w,43,4,0.8553,0.9206,0.4373,0.903,0.437,0.833,0.947,esmfold2,msa_nonpairing_loop10_samples200
6f0w,44,0,0.8469,0.912,0.7161,0.908,0.716,0.787,0.947,esmfold2,msa_nonpairing_loop10_samples200
6f0w,44,1,0.8536,0.9187,0.5677,0.9,0.568,0.85,0.947,esmfold2,msa_nonpairing_loop10_samples200
6f0w,44,2,0.8446,0.9107,0.4494,0.905,0.449,0.82,0.947,esmfold2,msa_nonpairing_loop10_samples200
6f0w,44,3,0.85,0.9179,0.6987,0.906,0.699,0.775,0.934,esmfold2,msa_nonpairing_loop10_samples200
6f0w,44,4,0.8574,0.9225,0.4673,0.917,0.467,0.762,0.961,esmfold2,msa_nonpairing_loop10_samples200
6f0y,42,0,0.7065,0.7228,6.0106,0.538,6.011,3.266,0.773,esmfold2,msa_nonpairing_loop10_samples200
6f0y,42,1,0.7263,0.7497,8.0318,0.494,8.032,3.788,0.818,esmfold2,msa_nonpairing_loop10_samples200
6f0y,42,2,0.7433,0.7624,9.7546,0.451,9.755,4.394,0.818,esmfold2,msa_nonpairing_loop10_samples200
6f0y,42,3,0.7166,0.7368,7.239,0.517,7.239,3.246,0.795,esmfold2,msa_nonpairing_loop10_samples200
6f0y,42,4,0.7436,0.7571,10.4024,0.435,10.402,4.891,0.818,esmfold2,msa_nonpairing_loop10_samples200
6f0y,43,0,0.7405,0.7496,10.2027,0.429,10.203,4.998,0.795,esmfold2,msa_nonpairing_loop10_samples200
6f0y,43,1,0.742,0.7545,8.3788,0.474,8.379,3.671,0.773,esmfold2,msa_nonpairing_loop10_samples200
6f0y,43,2,0.7281,0.7526,7.4509,0.531,7.451,3.14,0.841,esmfold2,msa_nonpairing_loop10_samples200
6f0y,43,3,0.7381,0.7445,10.3149,0.434,10.315,5.06,0.818,esmfold2,msa_nonpairing_loop10_samples200
6f0y,43,4,0.6751,0.7092,5.5932,0.558,5.593,3.193,0.795,esmfold2,msa_nonpairing_loop10_samples200
6f0y,44,0,0.69,0.7048,6.475,0.524,6.475,4.015,0.818,esmfold2,msa_nonpairing_loop10_samples200
6f0y,44,1,0.7439,0.7584,11.9366,0.404,11.937,5.07,0.795,esmfold2,msa_nonpairing_loop10_samples200
6f0y,44,2,0.7349,0.7413,11.7722,0.41,11.772,5.465,0.818,esmfold2,msa_nonpairing_loop10_samples200
6f0y,44,3,0.7366,0.7492,10.026,0.429,10.026,4.639,0.773,esmfold2,msa_nonpairing_loop10_samples200
6f0y,44,4,0.7377,0.7436,9.7687,0.451,9.769,4.379,0.818,esmfold2,msa_nonpairing_loop10_samples200
6f4s,42,0,0.4597,0.5918,3.2072,0.77,3.207,0.852,0.677,esmfold2,msa_nonpairing_loop10_samples200
6f4s,42,1,0.4371,0.5473,5.6538,0.609,5.654,1.443,0.613,esmfold2,msa_nonpairing_loop10_samples200
6f4s,42,2,0.4383,0.5562,3.2168,0.749,3.217,0.843,0.613,esmfold2,msa_nonpairing_loop10_samples200
6f4s,42,3,0.4189,0.5102,5.5771,0.557,5.577,1.437,0.452,esmfold2,msa_nonpairing_loop10_samples200
6f4s,42,4,0.4545,0.5623,5.4499,0.576,5.45,1.393,0.484,esmfold2,msa_nonpairing_loop10_samples200
6f4s,43,0,0.448,0.5452,4.3393,0.704,4.339,1.12,0.677,esmfold2,msa_nonpairing_loop10_samples200
6f4s,43,1,0.4056,0.5137,7.2383,0.452,7.238,1.884,0.387,esmfold2,msa_nonpairing_loop10_samples200
6f4s,43,2,0.3998,0.5079,8.2525,0.443,8.252,2.143,0.484,esmfold2,msa_nonpairing_loop10_samples200
6f4s,43,3,0.4505,0.5741,2.1397,0.872,2.14,0.583,0.806,esmfold2,msa_nonpairing_loop10_samples200
6f4s,43,4,0.4271,0.5609,2.2485,0.856,2.249,0.605,0.774,esmfold2,msa_nonpairing_loop10_samples200
6f4s,44,0,0.4732,0.5897,4.1154,0.706,4.115,1.069,0.645,esmfold2,msa_nonpairing_loop10_samples200
6f4s,44,1,0.4093,0.5025,8.408,0.448,8.408,2.175,0.516,esmfold2,msa_nonpairing_loop10_samples200
6f4s,44,2,0.4493,0.548,5.5462,0.592,5.546,1.424,0.548,esmfold2,msa_nonpairing_loop10_samples200
6f4s,44,3,0.3814,0.4935,6.8394,0.503,6.839,1.774,0.484,esmfold2,msa_nonpairing_loop10_samples200
6f4s,44,4,0.4064,0.5328,3.1232,0.778,3.123,0.808,0.677,esmfold2,msa_nonpairing_loop10_samples200
6f6d,42,0,0.8276,0.9381,1.3337,0.848,1.334,1.05,0.897,esmfold2,msa_nonpairing_loop10_samples200
6f6d,42,1,0.8345,0.94,1.1005,0.893,1.101,0.886,0.954,esmfold2,msa_nonpairing_loop10_samples200
6f6d,42,2,0.8314,0.9389,1.1395,0.87,1.14,0.966,0.92,esmfold2,msa_nonpairing_loop10_samples200
6f6d,42,3,0.8265,0.9369,1.2438,0.854,1.244,1.095,0.931,esmfold2,msa_nonpairing_loop10_samples200
6f6d,42,4,0.8338,0.9405,1.0878,0.888,1.088,0.898,0.943,esmfold2,msa_nonpairing_loop10_samples200
6f6d,43,0,0.8242,0.9367,1.1174,0.861,1.117,1.029,0.92,esmfold2,msa_nonpairing_loop10_samples200
6f6d,43,1,0.8204,0.9348,1.5422,0.836,1.542,1.145,0.908,esmfold2,msa_nonpairing_loop10_samples200
6f6d,43,2,0.8315,0.9403,1.0985,0.886,1.098,0.909,0.943,esmfold2,msa_nonpairing_loop10_samples200
6f6d,43,3,0.8211,0.9331,1.1478,0.87,1.148,0.938,0.908,esmfold2,msa_nonpairing_loop10_samples200
6f6d,43,4,0.8326,0.9406,1.0488,0.851,1.049,1.131,0.931,esmfold2,msa_nonpairing_loop10_samples200
6f6d,44,0,0.8317,0.9386,1.1243,0.864,1.124,1.03,0.931,esmfold2,msa_nonpairing_loop10_samples200
6f6d,44,1,0.8251,0.936,1.2267,0.857,1.227,0.994,0.897,esmfold2,msa_nonpairing_loop10_samples200
6f6d,44,2,0.8357,0.9412,1.2514,0.867,1.251,0.946,0.908,esmfold2,msa_nonpairing_loop10_samples200
6f6d,44,3,0.8345,0.9406,1.3446,0.874,1.345,0.917,0.92,esmfold2,msa_nonpairing_loop10_samples200
6f6d,44,4,0.8231,0.9365,1.3592,0.869,1.359,0.87,0.885,esmfold2,msa_nonpairing_loop10_samples200
6fbk,42,0,0.6057,0.6228,1.1428,0.854,1.143,1.142,0.947,esmfold2,msa_nonpairing_loop10_samples200
6fbk,42,1,0.6266,0.5925,2.6372,0.74,2.637,1.604,0.842,esmfold2,msa_nonpairing_loop10_samples200
6fbk,42,2,0.601,0.5918,2.9684,0.74,2.968,1.622,0.868,esmfold2,msa_nonpairing_loop10_samples200
6fbk,42,3,0.6357,0.6026,2.4809,0.761,2.481,1.446,0.842,esmfold2,msa_nonpairing_loop10_samples200
6fbk,42,4,0.6235,0.6073,2.2085,0.773,2.209,1.459,0.868,esmfold2,msa_nonpairing_loop10_samples200
6fbk,43,0,0.6263,0.6078,2.6558,0.752,2.656,1.49,0.842,esmfold2,msa_nonpairing_loop10_samples200
6fbk,43,1,0.6411,0.6125,2.4492,0.745,2.449,1.514,0.816,esmfold2,msa_nonpairing_loop10_samples200
6fbk,43,2,0.6294,0.617,2.4785,0.767,2.479,1.463,0.868,esmfold2,msa_nonpairing_loop10_samples200
6fbk,43,3,0.6294,0.6081,2.2695,0.766,2.27,1.433,0.842,esmfold2,msa_nonpairing_loop10_samples200
6fbk,43,4,0.6246,0.6139,2.4479,0.77,2.448,1.442,0.868,esmfold2,msa_nonpairing_loop10_samples200
6fbk,44,0,0.646,0.622,2.4032,0.764,2.403,1.434,0.842,esmfold2,msa_nonpairing_loop10_samples200
6fbk,44,1,0.6305,0.6128,2.2523,0.757,2.252,1.442,0.816,esmfold2,msa_nonpairing_loop10_samples200
6fbk,44,2,0.5697,0.6175,3.4645,0.635,3.465,1.88,0.658,esmfold2,msa_nonpairing_loop10_samples200
6fbk,44,3,0.6305,0.5985,2.7548,0.737,2.755,1.453,0.789,esmfold2,msa_nonpairing_loop10_samples200
6fbk,44,4,0.6165,0.6004,2.9325,0.719,2.933,1.579,0.789,esmfold2,msa_nonpairing_loop10_samples200
6h7b,42,0,0.8769,0.8904,2.1552,0.839,2.155,1.166,0.953,esmfold2,msa_nonpairing_loop10_samples200
6h7b,42,1,0.8845,0.8907,0.9045,0.964,0.905,0.489,1.0,esmfold2,msa_nonpairing_loop10_samples200
6h7b,42,2,0.8801,0.8923,1.2653,0.929,1.265,0.671,0.977,esmfold2,msa_nonpairing_loop10_samples200
6h7b,42,3,0.8791,0.8931,2.6426,0.827,2.643,1.302,1.0,esmfold2,msa_nonpairing_loop10_samples200
6h7b,42,4,0.874,0.8903,2.0198,0.864,2.02,1.108,1.0,esmfold2,msa_nonpairing_loop10_samples200
6h7b,43,0,0.888,0.8928,1.3783,0.916,1.378,0.808,1.0,esmfold2,msa_nonpairing_loop10_samples200
6h7b,43,1,0.8839,0.8927,2.1242,0.843,2.124,1.194,0.977,esmfold2,msa_nonpairing_loop10_samples200
6h7b,43,2,0.8898,0.8943,1.2029,0.902,1.203,0.866,0.977,esmfold2,msa_nonpairing_loop10_samples200
6h7b,43,3,0.8885,0.8899,1.3081,0.869,1.308,0.983,0.93,esmfold2,msa_nonpairing_loop10_samples200
6h7b,43,4,0.8857,0.8937,1.5123,0.892,1.512,0.969,1.0,esmfold2,msa_nonpairing_loop10_samples200
6h7b,44,0,0.8902,0.8913,1.7071,0.877,1.707,1.055,1.0,esmfold2,msa_nonpairing_loop10_samples200
6h7b,44,1,0.879,0.885,1.4981,0.927,1.498,0.723,1.0,esmfold2,msa_nonpairing_loop10_samples200
6h7b,44,2,0.8767,0.8875,1.7676,0.87,1.768,0.986,0.953,esmfold2,msa_nonpairing_loop10_samples200
6h7b,44,3,0.8794,0.8932,1.8579,0.855,1.858,1.137,0.977,esmfold2,msa_nonpairing_loop10_samples200
6h7b,44,4,0.8854,0.8902,1.717,0.868,1.717,1.114,1.0,esmfold2,msa_nonpairing_loop10_samples200
