complex,seed,id,pep_plddt,iptm,scRMSD,dockq_score,lrmsd,irmsd,fnat,model,method
1a0n,42,0,0.7025,0.6314,4.2544,0.66,4.254,1.843,0.783,esmfold2,fast_loop10_samples200
1a0n,42,1,0.7099,0.6426,4.0773,0.683,4.077,1.646,0.783,esmfold2,fast_loop10_samples200
1a0n,42,2,0.6981,0.6149,2.943,0.731,2.943,1.445,0.783,esmfold2,fast_loop10_samples200
1a0n,42,3,0.7096,0.6264,3.2543,0.726,3.254,1.435,0.783,esmfold2,fast_loop10_samples200
1a0n,42,4,0.6826,0.6367,6.6372,0.551,6.637,2.614,0.783,esmfold2,fast_loop10_samples200
1a0n,43,0,0.6774,0.6335,7.6085,0.508,7.608,3.12,0.783,esmfold2,fast_loop10_samples200
1a0n,43,1,0.6819,0.5944,4.7184,0.628,4.718,2.104,0.783,esmfold2,fast_loop10_samples200
1a0n,43,2,0.7072,0.6315,3.3638,0.72,3.364,1.461,0.783,esmfold2,fast_loop10_samples200
1a0n,43,3,0.6775,0.6394,6.87,0.541,6.87,2.698,0.783,esmfold2,fast_loop10_samples200
1a0n,43,4,0.6926,0.6211,4.0779,0.687,4.078,1.608,0.783,esmfold2,fast_loop10_samples200
1a0n,44,0,0.6986,0.6187,3.0773,0.731,3.077,1.424,0.783,esmfold2,fast_loop10_samples200
1a0n,44,1,0.6982,0.6274,3.9197,0.664,3.92,1.899,0.783,esmfold2,fast_loop10_samples200
1a0n,44,2,0.6941,0.6181,5.9891,0.597,5.989,2.094,0.783,esmfold2,fast_loop10_samples200
1a0n,44,3,0.6957,0.6586,7.4279,0.522,7.428,2.857,0.783,esmfold2,fast_loop10_samples200
1a0n,44,4,0.6981,0.628,3.8057,0.671,3.806,1.842,0.783,esmfold2,fast_loop10_samples200
1cqg,42,0,0.4785,0.3514,17.8204,0.143,17.82,8.52,0.214,esmfold2,fast_loop10_samples200
1cqg,42,1,0.5039,0.3786,17.1055,0.161,17.106,8.029,0.25,esmfold2,fast_loop10_samples200
1cqg,42,2,0.489,0.3755,17.2996,0.159,17.3,8.203,0.25,esmfold2,fast_loop10_samples200
1cqg,42,3,0.4982,0.3822,14.4214,0.173,14.421,6.8,0.214,esmfold2,fast_loop10_samples200
1cqg,42,4,0.5164,0.4047,14.8067,0.169,14.807,6.921,0.214,esmfold2,fast_loop10_samples200
1cqg,43,0,0.5168,0.4009,16.1365,0.156,16.137,7.661,0.214,esmfold2,fast_loop10_samples200
1cqg,43,1,0.5159,0.4048,15.9304,0.158,15.93,7.448,0.214,esmfold2,fast_loop10_samples200
1cqg,43,2,0.5163,0.4008,16.7476,0.163,16.748,7.921,0.25,esmfold2,fast_loop10_samples200
1cqg,43,3,0.5016,0.3773,15.7524,0.159,15.752,7.554,0.214,esmfold2,fast_loop10_samples200
1cqg,43,4,0.5015,0.3832,16.9513,0.15,16.951,7.981,0.214,esmfold2,fast_loop10_samples200
1cqg,44,0,0.5133,0.3993,17.072,0.161,17.072,8.135,0.25,esmfold2,fast_loop10_samples200
1cqg,44,1,0.4936,0.3799,18.1304,0.153,18.13,8.581,0.25,esmfold2,fast_loop10_samples200
1cqg,44,2,0.5124,0.3873,15.7209,0.16,15.721,7.296,0.214,esmfold2,fast_loop10_samples200
1cqg,44,3,0.4934,0.3851,16.7808,0.163,16.781,7.975,0.25,esmfold2,fast_loop10_samples200
1cqg,44,4,0.5173,0.4002,16.3132,0.155,16.313,7.698,0.214,esmfold2,fast_loop10_samples200
1czy,42,0,0.8079,0.8838,1.0189,0.925,1.019,0.423,0.864,esmfold2,fast_loop10_samples200
1czy,42,1,0.8139,0.8883,0.8839,0.964,0.884,0.353,0.955,esmfold2,fast_loop10_samples200
1czy,42,2,0.8134,0.8859,1.2375,0.938,1.237,0.427,0.909,esmfold2,fast_loop10_samples200
1czy,42,3,0.8155,0.8854,0.8097,0.958,0.81,0.335,0.932,esmfold2,fast_loop10_samples200
1czy,42,4,0.8089,0.8846,1.2226,0.914,1.223,0.442,0.841,esmfold2,fast_loop10_samples200
1czy,43,0,0.8173,0.8898,0.7168,0.97,0.717,0.293,0.955,esmfold2,fast_loop10_samples200
1czy,43,1,0.8139,0.8829,1.2093,0.934,1.209,0.39,0.886,esmfold2,fast_loop10_samples200
1czy,43,2,0.7841,0.8775,2.2243,0.834,2.224,0.763,0.773,esmfold2,fast_loop10_samples200
1czy,43,3,0.8126,0.889,1.2863,0.919,1.286,0.459,0.864,esmfold2,fast_loop10_samples200
1czy,43,4,0.8147,0.8857,0.8799,0.964,0.88,0.356,0.955,esmfold2,fast_loop10_samples200
1czy,44,0,0.8192,0.8889,0.5655,0.965,0.565,0.274,0.932,esmfold2,fast_loop10_samples200
1czy,44,1,0.8119,0.8859,0.8306,0.95,0.831,0.34,0.909,esmfold2,fast_loop10_samples200
1czy,44,2,0.8168,0.8871,1.2835,0.946,1.284,0.418,0.932,esmfold2,fast_loop10_samples200
1czy,44,3,0.8031,0.8817,0.9309,0.94,0.931,0.357,0.886,esmfold2,fast_loop10_samples200
1czy,44,4,0.8114,0.8868,0.9452,0.961,0.945,0.375,0.955,esmfold2,fast_loop10_samples200
1ddv,42,0,0.8322,0.8117,5.839,0.543,5.839,1.885,0.562,esmfold2,fast_loop10_samples200
1ddv,42,1,0.8328,0.819,5.5089,0.556,5.509,1.833,0.562,esmfold2,fast_loop10_samples200
1ddv,42,2,0.8327,0.8145,5.6839,0.549,5.684,1.868,0.562,esmfold2,fast_loop10_samples200
1ddv,42,3,0.8327,0.8164,5.8805,0.54,5.881,1.915,0.562,esmfold2,fast_loop10_samples200
1ddv,42,4,0.8411,0.8281,5.6606,0.549,5.661,1.864,0.562,esmfold2,fast_loop10_samples200
1ddv,43,0,0.8466,0.8367,5.6367,0.571,5.637,1.863,0.625,esmfold2,fast_loop10_samples200
1ddv,43,1,0.8388,0.8265,5.6963,0.57,5.696,1.859,0.625,esmfold2,fast_loop10_samples200
1ddv,43,2,0.842,0.8312,5.6206,0.551,5.621,1.855,0.562,esmfold2,fast_loop10_samples200
1ddv,43,3,0.8306,0.8194,5.6792,0.569,5.679,1.874,0.625,esmfold2,fast_loop10_samples200
1ddv,43,4,0.8457,0.8319,5.5702,0.575,5.57,1.832,0.625,esmfold2,fast_loop10_samples200
1ddv,44,0,0.8336,0.8158,5.6767,0.55,5.677,1.852,0.562,esmfold2,fast_loop10_samples200
1ddv,44,1,0.8305,0.8154,5.5995,0.554,5.599,1.824,0.562,esmfold2,fast_loop10_samples200
1ddv,44,2,0.8421,0.8285,5.7378,0.546,5.738,1.879,0.562,esmfold2,fast_loop10_samples200
1ddv,44,3,0.8368,0.8252,5.542,0.578,5.542,1.808,0.625,esmfold2,fast_loop10_samples200
1ddv,44,4,0.8357,0.8158,5.7175,0.546,5.717,1.882,0.562,esmfold2,fast_loop10_samples200
1eg4,42,0,0.6887,0.805,2.2463,0.805,2.246,1.058,0.812,esmfold2,fast_loop10_samples200
1eg4,42,1,0.6834,0.8106,6.0761,0.581,6.076,2.68,0.844,esmfold2,fast_loop10_samples200
1eg4,42,2,0.6694,0.8087,3.5785,0.711,3.578,1.491,0.781,esmfold2,fast_loop10_samples200
1eg4,42,3,0.6908,0.8143,3.1675,0.734,3.167,1.47,0.812,esmfold2,fast_loop10_samples200
1eg4,42,4,0.6833,0.8058,7.9801,0.499,7.98,3.547,0.812,esmfold2,fast_loop10_samples200
1eg4,43,0,0.6862,0.8109,3.7599,0.704,3.76,1.61,0.812,esmfold2,fast_loop10_samples200
1eg4,43,1,0.6639,0.8144,7.648,0.487,7.648,3.47,0.75,esmfold2,fast_loop10_samples200
1eg4,43,2,0.6838,0.8152,3.4304,0.727,3.43,1.47,0.812,esmfold2,fast_loop10_samples200
1eg4,43,3,0.6691,0.8023,4.9398,0.645,4.94,2.075,0.844,esmfold2,fast_loop10_samples200
1eg4,43,4,0.6868,0.8153,8.4058,0.508,8.406,3.665,0.875,esmfold2,fast_loop10_samples200
1eg4,44,0,0.6971,0.8107,6.6553,0.519,6.655,2.829,0.719,esmfold2,fast_loop10_samples200
1eg4,44,1,0.6887,0.8064,2.2722,0.793,2.272,1.065,0.781,esmfold2,fast_loop10_samples200
1eg4,44,2,0.6883,0.8117,6.2427,0.536,6.243,2.663,0.719,esmfold2,fast_loop10_samples200
1eg4,44,3,0.6948,0.81,5.4446,0.572,5.445,2.364,0.719,esmfold2,fast_loop10_samples200
1eg4,44,4,0.6678,0.8175,5.7241,0.534,5.724,2.542,0.656,esmfold2,fast_loop10_samples200
1f47,42,0,0.7758,0.8014,2.1911,0.874,2.191,0.876,0.938,esmfold2,fast_loop10_samples200
1f47,42,1,0.7749,0.8009,1.9571,0.871,1.957,0.852,0.906,esmfold2,fast_loop10_samples200
1f47,42,2,0.7686,0.7943,1.8664,0.884,1.866,0.769,0.906,esmfold2,fast_loop10_samples200
1f47,42,3,0.7755,0.802,2.2567,0.859,2.257,0.895,0.906,esmfold2,fast_loop10_samples200
1f47,42,4,0.7817,0.8076,2.3963,0.832,2.396,1.072,0.906,esmfold2,fast_loop10_samples200
1f47,43,0,0.7798,0.807,2.3438,0.849,2.344,0.957,0.906,esmfold2,fast_loop10_samples200
1f47,43,1,0.7793,0.806,2.1892,0.85,2.189,0.965,0.906,esmfold2,fast_loop10_samples200
1f47,43,2,0.7795,0.8051,2.2037,0.855,2.204,0.93,0.906,esmfold2,fast_loop10_samples200
1f47,43,3,0.7685,0.7949,2.0532,0.884,2.053,0.746,0.906,esmfold2,fast_loop10_samples200
1f47,43,4,0.7796,0.8076,2.4319,0.851,2.432,0.927,0.906,esmfold2,fast_loop10_samples200
1f47,44,0,0.7839,0.8117,2.1568,0.85,2.157,0.97,0.906,esmfold2,fast_loop10_samples200
1f47,44,1,0.783,0.8117,2.1619,0.869,2.162,0.837,0.906,esmfold2,fast_loop10_samples200
1f47,44,2,0.7797,0.8065,2.1571,0.847,2.157,0.99,0.906,esmfold2,fast_loop10_samples200
1f47,44,3,0.778,0.8063,2.3164,0.847,2.316,0.973,0.906,esmfold2,fast_loop10_samples200
1f47,44,4,0.776,0.8049,2.0003,0.871,2.0,0.841,0.906,esmfold2,fast_loop10_samples200
1f8h,42,0,0.766,0.7728,1.9144,0.802,1.914,1.048,0.783,esmfold2,fast_loop10_samples200
1f8h,42,1,0.7554,0.7642,2.1188,0.807,2.119,1.093,0.826,esmfold2,fast_loop10_samples200
1f8h,42,2,0.7438,0.745,2.4493,0.747,2.449,1.172,0.696,esmfold2,fast_loop10_samples200
1f8h,42,3,0.7529,0.7597,2.245,0.784,2.245,1.141,0.783,esmfold2,fast_loop10_samples200
1f8h,42,4,0.7416,0.7493,2.0877,0.794,2.088,1.085,0.783,esmfold2,fast_loop10_samples200
1f8h,43,0,0.7499,0.7569,2.1043,0.794,2.104,1.084,0.783,esmfold2,fast_loop10_samples200
1f8h,43,1,0.7391,0.7495,2.0086,0.813,2.009,1.06,0.826,esmfold2,fast_loop10_samples200
1f8h,43,2,0.7504,0.7597,2.1435,0.806,2.143,1.099,0.826,esmfold2,fast_loop10_samples200
1f8h,43,3,0.7588,0.769,2.1708,0.79,2.171,1.104,0.783,esmfold2,fast_loop10_samples200
1f8h,43,4,0.7478,0.7502,2.2776,0.799,2.278,1.132,0.826,esmfold2,fast_loop10_samples200
1f8h,44,0,0.7094,0.7073,1.717,0.765,1.717,1.025,0.652,esmfold2,fast_loop10_samples200
1f8h,44,1,0.7381,0.7438,2.1567,0.805,2.157,1.105,0.826,esmfold2,fast_loop10_samples200
1f8h,44,2,0.754,0.7619,1.7939,0.823,1.794,1.019,0.826,esmfold2,fast_loop10_samples200
1f8h,44,3,0.7451,0.7553,2.091,0.793,2.091,1.095,0.783,esmfold2,fast_loop10_samples200
1f8h,44,4,0.7476,0.7612,2.1996,0.776,2.2,1.093,0.739,esmfold2,fast_loop10_samples200
1j2x,42,0,0.8257,0.8294,2.8655,0.729,2.865,1.518,0.795,esmfold2,fast_loop10_samples200
1j2x,42,1,0.826,0.8405,4.2442,0.651,4.244,2.123,0.821,esmfold2,fast_loop10_samples200
1j2x,42,2,0.8391,0.8353,3.9053,0.659,3.905,2.018,0.795,esmfold2,fast_loop10_samples200
1j2x,42,3,0.8398,0.8386,2.9543,0.761,2.954,1.303,0.821,esmfold2,fast_loop10_samples200
1j2x,42,4,0.8361,0.8406,2.1805,0.824,2.18,0.89,0.795,esmfold2,fast_loop10_samples200
1j2x,43,0,0.8358,0.8424,2.7481,0.774,2.748,1.305,0.846,esmfold2,fast_loop10_samples200
1j2x,43,1,0.8354,0.8411,2.5161,0.758,2.516,1.33,0.795,esmfold2,fast_loop10_samples200
1j2x,43,2,0.8397,0.8472,2.486,0.774,2.486,1.274,0.821,esmfold2,fast_loop10_samples200
1j2x,43,3,0.807,0.8342,4.8484,0.612,4.848,2.366,0.795,esmfold2,fast_loop10_samples200
1j2x,43,4,0.8335,0.8355,2.1303,0.79,2.13,1.142,0.795,esmfold2,fast_loop10_samples200
1j2x,44,0,0.8332,0.8436,2.0653,0.811,2.065,1.054,0.821,esmfold2,fast_loop10_samples200
1j2x,44,1,0.8411,0.8512,3.5878,0.675,3.588,1.905,0.795,esmfold2,fast_loop10_samples200
1j2x,44,2,0.8389,0.8372,3.8273,0.668,3.827,2.037,0.821,esmfold2,fast_loop10_samples200
1j2x,44,3,0.8289,0.8351,1.8342,0.821,1.834,1.015,0.821,esmfold2,fast_loop10_samples200
1j2x,44,4,0.8169,0.8105,5.2027,0.599,5.203,2.612,0.821,esmfold2,fast_loop10_samples200
1jd5,42,0,0.9365,0.9602,1.4643,0.911,1.464,0.779,0.973,esmfold2,fast_loop10_samples200
1jd5,42,1,0.8314,0.8706,5.7574,0.575,5.757,1.987,0.676,esmfold2,fast_loop10_samples200
1jd5,42,2,0.9341,0.958,1.3265,0.904,1.326,0.771,0.946,esmfold2,fast_loop10_samples200
1jd5,42,3,0.9346,0.9595,1.2819,0.905,1.282,0.768,0.946,esmfold2,fast_loop10_samples200
1jd5,42,4,0.8158,0.8636,6.3586,0.541,6.359,2.125,0.649,esmfold2,fast_loop10_samples200
1jd5,43,0,0.9328,0.9572,1.3632,0.903,1.363,0.778,0.946,esmfold2,fast_loop10_samples200
1jd5,43,1,0.7928,0.8563,7.7728,0.49,7.773,2.604,0.676,esmfold2,fast_loop10_samples200
1jd5,43,2,0.9353,0.9594,1.2443,0.937,1.244,0.608,0.973,esmfold2,fast_loop10_samples200
1jd5,43,3,0.9364,0.9588,1.5839,0.905,1.584,0.747,0.946,esmfold2,fast_loop10_samples200
1jd5,43,4,0.9333,0.9576,1.3939,0.899,1.394,0.863,0.973,esmfold2,fast_loop10_samples200
1jd5,44,0,0.9345,0.9595,1.3796,0.891,1.38,0.863,0.946,esmfold2,fast_loop10_samples200
1jd5,44,1,0.9347,0.9596,1.3785,0.924,1.378,0.69,0.973,esmfold2,fast_loop10_samples200
1jd5,44,2,0.9341,0.9564,0.9671,0.915,0.967,0.722,0.946,esmfold2,fast_loop10_samples200
1jd5,44,3,0.9332,0.9582,1.4828,0.892,1.483,0.903,0.973,esmfold2,fast_loop10_samples200
1jd5,44,4,0.9328,0.9569,1.1407,0.917,1.141,0.76,0.973,esmfold2,fast_loop10_samples200
1jq8,42,0,0.5,0.4787,3.4495,0.713,3.449,1.06,0.614,esmfold2,fast_loop10_samples200
1jq8,42,1,0.487,0.4585,2.9828,0.772,2.983,0.935,0.705,esmfold2,fast_loop10_samples200
1jq8,42,2,0.4737,0.4485,2.7985,0.749,2.799,0.911,0.614,esmfold2,fast_loop10_samples200
1jq8,42,3,0.495,0.4715,3.1152,0.747,3.115,0.979,0.659,esmfold2,fast_loop10_samples200
1jq8,42,4,0.4981,0.469,2.7408,0.777,2.741,0.883,0.682,esmfold2,fast_loop10_samples200
1jq8,43,0,0.435,0.3716,3.7361,0.678,3.736,1.103,0.545,esmfold2,fast_loop10_samples200
1jq8,43,1,0.4018,0.3123,10.3832,0.328,10.383,2.82,0.364,esmfold2,fast_loop10_samples200
1jq8,43,2,0.4697,0.438,2.6296,0.789,2.63,0.866,0.705,esmfold2,fast_loop10_samples200
1jq8,43,3,0.4799,0.4488,3.8837,0.7,3.884,1.134,0.636,esmfold2,fast_loop10_samples200
1jq8,43,4,0.3806,0.29,9.5216,0.354,9.522,2.569,0.364,esmfold2,fast_loop10_samples200
1jq8,44,0,0.4746,0.4384,3.1386,0.758,3.139,0.952,0.682,esmfold2,fast_loop10_samples200
1jq8,44,1,0.4951,0.4711,3.4745,0.74,3.475,1.026,0.682,esmfold2,fast_loop10_samples200
1jq8,44,2,0.4985,0.474,2.7227,0.77,2.723,0.881,0.659,esmfold2,fast_loop10_samples200
1jq8,44,3,0.4335,0.3704,3.5554,0.673,3.555,1.055,0.5,esmfold2,fast_loop10_samples200
1jq8,44,4,0.4936,0.4634,3.0797,0.737,3.08,0.953,0.614,esmfold2,fast_loop10_samples200
1jw6,42,0,0.3043,0.2334,17.9276,0.108,17.928,5.3,0.067,esmfold2,fast_loop10_samples200
1jw6,42,1,0.2953,0.2718,18.8875,0.079,18.888,5.554,0.0,esmfold2,fast_loop10_samples200
1jw6,42,2,0.2874,0.1841,18.4076,0.103,18.408,5.614,0.067,esmfold2,fast_loop10_samples200
1jw6,42,3,0.2722,0.1994,19.1524,0.076,19.152,5.738,0.0,esmfold2,fast_loop10_samples200
1jw6,42,4,0.2014,0.1037,45.7898,0.015,45.79,14.211,0.0,esmfold2,fast_loop10_samples200
1jw6,43,0,0.3036,0.2659,21.0992,0.076,21.099,6.191,0.033,esmfold2,fast_loop10_samples200
1jw6,43,1,0.2995,0.2307,18.4175,0.104,18.417,5.448,0.067,esmfold2,fast_loop10_samples200
1jw6,43,2,0.3477,0.3195,18.7286,0.092,18.729,5.437,0.033,esmfold2,fast_loop10_samples200
1jw6,43,3,0.3051,0.2376,20.7278,0.089,20.728,6.119,0.067,esmfold2,fast_loop10_samples200
1jw6,43,4,0.3228,0.269,20.1377,0.093,20.138,5.892,0.067,esmfold2,fast_loop10_samples200
1jw6,44,0,0.3015,0.2555,18.6514,0.103,18.651,5.502,0.067,esmfold2,fast_loop10_samples200
1jw6,44,1,0.2743,0.2167,17.392,0.114,17.392,5.051,0.067,esmfold2,fast_loop10_samples200
1jw6,44,2,0.3168,0.2549,18.8942,0.112,18.894,5.55,0.1,esmfold2,fast_loop10_samples200
1jw6,44,3,0.2822,0.2025,20.2477,0.08,20.248,6.123,0.033,esmfold2,fast_loop10_samples200
1jw6,44,4,0.2819,0.2052,19.8115,0.095,19.811,5.841,0.067,esmfold2,fast_loop10_samples200
1l2z,42,0,0.7497,0.7221,4.4024,0.603,4.402,2.263,0.714,esmfold2,fast_loop10_samples200
1l2z,42,1,0.7412,0.6987,3.0786,0.697,3.079,1.638,0.75,esmfold2,fast_loop10_samples200
1l2z,42,2,0.7367,0.6826,3.087,0.665,3.087,1.72,0.679,esmfold2,fast_loop10_samples200
1l2z,42,3,0.7314,0.7173,4.4592,0.603,4.459,2.238,0.714,esmfold2,fast_loop10_samples200
1l2z,42,4,0.7435,0.6967,3.6631,0.641,3.663,1.838,0.679,esmfold2,fast_loop10_samples200
1l2z,43,0,0.7387,0.7111,4.3364,0.593,4.336,2.258,0.679,esmfold2,fast_loop10_samples200
1l2z,43,1,0.7443,0.7179,4.0958,0.633,4.096,2.101,0.75,esmfold2,fast_loop10_samples200
1l2z,43,2,0.7478,0.712,3.4878,0.645,3.488,1.841,0.679,esmfold2,fast_loop10_samples200
1l2z,43,3,0.7349,0.6849,3.9415,0.605,3.941,2.044,0.643,esmfold2,fast_loop10_samples200
1l2z,43,4,0.7445,0.7146,4.1228,0.614,4.123,2.192,0.714,esmfold2,fast_loop10_samples200
1l2z,44,0,0.7388,0.692,3.1935,0.664,3.193,1.697,0.679,esmfold2,fast_loop10_samples200
1l2z,44,1,0.7361,0.6864,3.8237,0.653,3.824,1.927,0.75,esmfold2,fast_loop10_samples200
1l2z,44,2,0.6691,0.6344,4.6996,0.537,4.7,2.451,0.571,esmfold2,fast_loop10_samples200
1l2z,44,3,0.7463,0.7176,3.9014,0.627,3.901,2.089,0.714,esmfold2,fast_loop10_samples200
1l2z,44,4,0.7384,0.7092,3.5015,0.66,3.501,1.801,0.714,esmfold2,fast_loop10_samples200
1lb6,42,0,0.9019,0.9553,0.7416,0.97,0.742,0.363,0.973,esmfold2,fast_loop10_samples200
1lb6,42,1,0.8911,0.944,0.9804,0.951,0.98,0.446,0.946,esmfold2,fast_loop10_samples200
1lb6,42,2,0.8975,0.9516,0.6686,0.974,0.669,0.326,0.973,esmfold2,fast_loop10_samples200
1lb6,42,3,0.8989,0.9531,0.7424,0.969,0.742,0.378,0.973,esmfold2,fast_loop10_samples200
1lb6,42,4,0.8993,0.9532,0.8076,0.968,0.808,0.379,0.973,esmfold2,fast_loop10_samples200
1lb6,43,0,0.9001,0.9538,0.5675,0.973,0.567,0.341,0.973,esmfold2,fast_loop10_samples200
1lb6,43,1,0.9,0.9538,0.6922,0.971,0.692,0.352,0.973,esmfold2,fast_loop10_samples200
1lb6,43,2,0.8958,0.9508,0.6484,0.971,0.648,0.354,0.973,esmfold2,fast_loop10_samples200
1lb6,43,3,0.8977,0.9522,0.7986,0.967,0.799,0.388,0.973,esmfold2,fast_loop10_samples200
1lb6,43,4,0.8982,0.9523,0.7752,0.97,0.775,0.361,0.973,esmfold2,fast_loop10_samples200
1lb6,44,0,0.8893,0.9408,0.8765,0.956,0.876,0.403,0.946,esmfold2,fast_loop10_samples200
1lb6,44,1,0.898,0.9524,0.6749,0.97,0.675,0.366,0.973,esmfold2,fast_loop10_samples200
1lb6,44,2,0.8979,0.9527,0.6664,0.964,0.666,0.338,0.946,esmfold2,fast_loop10_samples200
1lb6,44,3,0.8999,0.9539,0.6113,0.974,0.611,0.33,0.973,esmfold2,fast_loop10_samples200
1lb6,44,4,0.899,0.9532,0.554,0.976,0.554,0.307,0.973,esmfold2,fast_loop10_samples200
1mf4,42,0,0.448,0.434,5.6338,0.594,5.634,1.539,0.6,esmfold2,fast_loop10_samples200
1mf4,42,1,0.3936,0.3623,9.1854,0.376,9.185,2.479,0.4,esmfold2,fast_loop10_samples200
1mf4,42,2,0.4147,0.3921,7.1689,0.491,7.169,1.945,0.514,esmfold2,fast_loop10_samples200
1mf4,42,3,0.4164,0.4021,8.3721,0.414,8.372,2.266,0.429,esmfold2,fast_loop10_samples200
1mf4,42,4,0.4228,0.3841,8.9786,0.372,8.979,2.445,0.371,esmfold2,fast_loop10_samples200
1mf4,43,0,0.4052,0.3432,4.1422,0.72,4.142,1.128,0.714,esmfold2,fast_loop10_samples200
1mf4,43,1,0.4223,0.4099,6.7049,0.531,6.705,1.818,0.571,esmfold2,fast_loop10_samples200
1mf4,43,2,0.3966,0.3275,9.3272,0.324,9.327,2.532,0.257,esmfold2,fast_loop10_samples200
1mf4,43,3,0.364,0.3058,5.3987,0.601,5.399,1.444,0.571,esmfold2,fast_loop10_samples200
1mf4,43,4,0.4172,0.3699,7.3551,0.425,7.355,1.994,0.343,esmfold2,fast_loop10_samples200
1mf4,44,0,0.2655,0.157,16.0291,0.159,16.029,4.178,0.143,esmfold2,fast_loop10_samples200
1mf4,44,1,0.4338,0.4229,6.4696,0.513,6.47,1.758,0.486,esmfold2,fast_loop10_samples200
1mf4,44,2,0.4228,0.4146,7.2149,0.422,7.215,1.955,0.314,esmfold2,fast_loop10_samples200
1mf4,44,3,0.3892,0.3357,8.4652,0.391,8.465,2.289,0.371,esmfold2,fast_loop10_samples200
1mf4,44,4,0.425,0.4123,6.2811,0.533,6.281,1.703,0.514,esmfold2,fast_loop10_samples200
1mv0,42,0,0.5125,0.3115,7.7186,0.378,7.719,3.347,0.419,esmfold2,fast_loop10_samples200
1mv0,42,1,0.5353,0.3572,8.5484,0.346,8.548,3.639,0.395,esmfold2,fast_loop10_samples200
1mv0,42,2,0.5498,0.3709,8.8841,0.319,8.884,3.882,0.349,esmfold2,fast_loop10_samples200
1mv0,42,3,0.5235,0.3346,10.8988,0.29,10.899,4.611,0.395,esmfold2,fast_loop10_samples200
1mv0,42,4,0.539,0.3594,8.693,0.332,8.693,3.8,0.372,esmfold2,fast_loop10_samples200
1mv0,43,0,0.5237,0.3366,4.7803,0.521,4.78,2.101,0.465,esmfold2,fast_loop10_samples200
1mv0,43,1,0.5354,0.3512,6.2166,0.42,6.217,2.688,0.372,esmfold2,fast_loop10_samples200
1mv0,43,2,0.5335,0.3444,7.664,0.358,7.664,3.288,0.349,esmfold2,fast_loop10_samples200
1mv0,43,3,0.5609,0.3921,9.077,0.322,9.077,3.946,0.372,esmfold2,fast_loop10_samples200
1mv0,43,4,0.5504,0.378,10.4286,0.275,10.429,4.458,0.326,esmfold2,fast_loop10_samples200
1mv0,44,0,0.5136,0.3205,4.6542,0.496,4.654,2.176,0.395,esmfold2,fast_loop10_samples200
1mv0,44,1,0.5144,0.3155,7.1751,0.382,7.175,3.102,0.372,esmfold2,fast_loop10_samples200
1mv0,44,2,0.5128,0.3206,3.9471,0.57,3.947,1.936,0.512,esmfold2,fast_loop10_samples200
1mv0,44,3,0.543,0.3704,10.5183,0.29,10.518,4.41,0.372,esmfold2,fast_loop10_samples200
1mv0,44,4,0.5241,0.3255,4.9635,0.498,4.964,2.254,0.442,esmfold2,fast_loop10_samples200
1nrl,42,0,0.8967,0.9673,0.7293,0.954,0.729,0.578,1.0,esmfold2,fast_loop10_samples200
1nrl,42,1,0.8957,0.9662,0.7588,0.96,0.759,0.535,1.0,esmfold2,fast_loop10_samples200
1nrl,42,2,0.8958,0.9665,0.7271,0.958,0.727,0.483,0.974,esmfold2,fast_loop10_samples200
1nrl,42,3,0.8971,0.9666,0.7691,0.951,0.769,0.603,1.0,esmfold2,fast_loop10_samples200
1nrl,42,4,0.8924,0.9646,0.8875,0.958,0.887,0.545,1.0,esmfold2,fast_loop10_samples200
1nrl,43,0,0.8957,0.9666,0.6711,0.944,0.671,0.662,1.0,esmfold2,fast_loop10_samples200
1nrl,43,1,0.8968,0.967,0.8155,0.954,0.816,0.576,1.0,esmfold2,fast_loop10_samples200
1nrl,43,2,0.8956,0.9659,0.7897,0.958,0.79,0.477,0.974,esmfold2,fast_loop10_samples200
1nrl,43,3,0.897,0.9669,0.7877,0.94,0.788,0.555,0.947,esmfold2,fast_loop10_samples200
1nrl,43,4,0.8943,0.9658,0.8106,0.855,0.811,1.226,0.974,esmfold2,fast_loop10_samples200
1nrl,44,0,0.8919,0.9652,0.8839,0.954,0.884,0.502,0.974,esmfold2,fast_loop10_samples200
1nrl,44,1,0.8964,0.9665,0.8122,0.941,0.812,0.61,0.974,esmfold2,fast_loop10_samples200
1nrl,44,2,0.8924,0.9647,0.9694,0.939,0.969,0.611,0.974,esmfold2,fast_loop10_samples200
1nrl,44,3,0.898,0.968,0.7247,0.951,0.725,0.535,0.974,esmfold2,fast_loop10_samples200
1nrl,44,4,0.8968,0.9676,0.7003,0.956,0.7,0.571,1.0,esmfold2,fast_loop10_samples200
1nvq,42,0,0.3014,0.257,12.635,0.211,12.635,4.06,0.2,esmfold2,fast_loop10_samples200
1nvq,42,1,0.6679,0.6997,0.959,0.955,0.959,0.453,0.96,esmfold2,fast_loop10_samples200
1nvq,42,2,0.2134,0.1188,22.4009,0.056,22.401,7.166,0.0,esmfold2,fast_loop10_samples200
1nvq,42,3,0.6457,0.6768,0.9052,0.971,0.905,0.429,1.0,esmfold2,fast_loop10_samples200
1nvq,42,4,0.6545,0.6852,0.8839,0.953,0.884,0.471,0.96,esmfold2,fast_loop10_samples200
1nvq,43,0,0.6654,0.6966,0.7842,0.96,0.784,0.412,0.96,esmfold2,fast_loop10_samples200
1nvq,43,1,0.6173,0.6631,1.0551,0.94,1.055,0.453,0.92,esmfold2,fast_loop10_samples200
1nvq,43,2,0.6675,0.6935,0.8063,0.962,0.806,0.395,0.96,esmfold2,fast_loop10_samples200
1nvq,43,3,0.6635,0.6924,0.9789,0.945,0.979,0.413,0.92,esmfold2,fast_loop10_samples200
1nvq,43,4,0.6482,0.6829,1.0451,0.955,1.045,0.44,0.96,esmfold2,fast_loop10_samples200
1nvq,44,0,0.3439,0.3631,9.6398,0.297,9.64,3.289,0.28,esmfold2,fast_loop10_samples200
1nvq,44,1,0.675,0.7108,0.961,0.949,0.961,0.38,0.92,esmfold2,fast_loop10_samples200
1nvq,44,2,0.6604,0.6892,0.7903,0.945,0.79,0.427,0.92,esmfold2,fast_loop10_samples200
1nvq,44,3,0.6704,0.6953,0.9319,0.959,0.932,0.419,0.96,esmfold2,fast_loop10_samples200
1nvq,44,4,0.1561,0.1613,32.6384,0.028,32.638,10.244,0.0,esmfold2,fast_loop10_samples200
1o0p,42,0,0.5564,0.4871,6.0485,0.513,6.049,2.44,0.6,esmfold2,fast_loop10_samples200
1o0p,42,1,0.5587,0.5056,6.2882,0.497,6.288,2.631,0.6,esmfold2,fast_loop10_samples200
1o0p,42,2,0.5594,0.49,6.6528,0.471,6.653,2.83,0.575,esmfold2,fast_loop10_samples200
1o0p,42,3,0.5345,0.5011,9.4138,0.356,9.414,4.101,0.5,esmfold2,fast_loop10_samples200
1o0p,42,4,0.5517,0.5003,6.6121,0.44,6.612,2.797,0.475,esmfold2,fast_loop10_samples200
1o0p,43,0,0.5342,0.4928,9.8405,0.33,9.84,4.201,0.45,esmfold2,fast_loop10_samples200
1o0p,43,1,0.5333,0.4858,7.2667,0.447,7.267,3.103,0.575,esmfold2,fast_loop10_samples200
1o0p,43,2,0.5576,0.4945,5.0582,0.536,5.058,2.065,0.525,esmfold2,fast_loop10_samples200
1o0p,43,3,0.5215,0.4802,8.0961,0.4,8.096,3.568,0.525,esmfold2,fast_loop10_samples200
1o0p,43,4,0.5582,0.4908,7.4072,0.436,7.407,3.102,0.55,esmfold2,fast_loop10_samples200
1o0p,44,0,0.5571,0.507,4.9814,0.555,4.981,2.182,0.6,esmfold2,fast_loop10_samples200
1o0p,44,1,0.5545,0.5057,6.7292,0.423,6.729,2.956,0.45,esmfold2,fast_loop10_samples200
1o0p,44,2,0.5521,0.4855,5.1567,0.536,5.157,2.152,0.55,esmfold2,fast_loop10_samples200
1o0p,44,3,0.5517,0.5056,7.4305,0.406,7.43,3.247,0.475,esmfold2,fast_loop10_samples200
1o0p,44,4,0.5603,0.4917,5.0171,0.52,5.017,2.071,0.475,esmfold2,fast_loop10_samples200
1p7v,42,0,0.4546,0.5543,7.6992,0.375,7.699,2.131,0.245,esmfold2,fast_loop10_samples200
1p7v,42,1,0.4581,0.5466,6.9323,0.395,6.932,1.915,0.204,esmfold2,fast_loop10_samples200
1p7v,42,2,0.3677,0.4311,11.4955,0.271,11.495,3.27,0.286,esmfold2,fast_loop10_samples200
1p7v,42,3,0.4588,0.5587,7.1194,0.408,7.119,1.952,0.265,esmfold2,fast_loop10_samples200
1p7v,42,4,0.3753,0.4512,4.8608,0.624,4.861,1.367,0.571,esmfold2,fast_loop10_samples200
1p7v,43,0,0.4019,0.4859,2.908,0.752,2.908,0.821,0.592,esmfold2,fast_loop10_samples200
1p7v,43,1,0.4358,0.5301,4.6455,0.583,4.646,1.3,0.408,esmfold2,fast_loop10_samples200
1p7v,43,2,0.4546,0.5564,6.6135,0.437,6.614,1.832,0.286,esmfold2,fast_loop10_samples200
1p7v,43,3,0.4651,0.5587,7.2669,0.401,7.267,2.002,0.265,esmfold2,fast_loop10_samples200
1p7v,43,4,0.4545,0.5531,7.2981,0.4,7.298,2.008,0.265,esmfold2,fast_loop10_samples200
1p7v,44,0,0.4625,0.5576,6.9682,0.414,6.968,1.92,0.265,esmfold2,fast_loop10_samples200
1p7v,44,1,0.4481,0.5401,7.6549,0.378,7.655,2.098,0.245,esmfold2,fast_loop10_samples200
1p7v,44,2,0.3708,0.4433,11.3213,0.275,11.321,3.225,0.286,esmfold2,fast_loop10_samples200
1p7v,44,3,0.3816,0.4571,4.4968,0.66,4.497,1.26,0.612,esmfold2,fast_loop10_samples200
1p7v,44,4,0.4687,0.5645,7.2453,0.395,7.245,1.996,0.245,esmfold2,fast_loop10_samples200
1pmx,42,0,0.7676,0.6773,4.6885,0.8,4.689,1.037,0.957,esmfold2,fast_loop10_samples200
1pmx,42,1,0.7753,0.6895,4.176,0.745,4.176,1.58,0.957,esmfold2,fast_loop10_samples200
1pmx,42,2,0.7609,0.6705,5.9691,0.653,5.969,1.612,0.826,esmfold2,fast_loop10_samples200
1pmx,42,3,0.7586,0.658,3.2565,0.828,3.256,1.09,0.957,esmfold2,fast_loop10_samples200
1pmx,42,4,0.7751,0.6903,3.127,0.815,3.127,1.1,0.913,esmfold2,fast_loop10_samples200
1pmx,43,0,0.7716,0.6897,6.5072,0.691,6.507,1.545,0.957,esmfold2,fast_loop10_samples200
1pmx,43,1,0.7632,0.6678,3.0995,0.819,3.099,1.076,0.913,esmfold2,fast_loop10_samples200
1pmx,43,2,0.7743,0.6914,3.4659,0.816,3.466,1.14,0.957,esmfold2,fast_loop10_samples200
1pmx,43,3,0.7708,0.6851,3.7204,0.801,3.72,1.099,0.913,esmfold2,fast_loop10_samples200
1pmx,43,4,0.7786,0.6906,3.5184,0.835,3.518,0.992,0.957,esmfold2,fast_loop10_samples200
1pmx,44,0,0.7744,0.6874,3.0659,0.842,3.066,1.019,0.957,esmfold2,fast_loop10_samples200
1pmx,44,1,0.751,0.6528,3.9349,0.821,3.935,1.128,1.0,esmfold2,fast_loop10_samples200
1pmx,44,2,0.7682,0.6803,3.9958,0.81,3.996,1.086,0.957,esmfold2,fast_loop10_samples200
1pmx,44,3,0.76,0.674,3.3379,0.84,3.338,0.89,0.913,esmfold2,fast_loop10_samples200
1pmx,44,4,0.7826,0.7006,4.3346,0.796,4.335,1.024,0.913,esmfold2,fast_loop10_samples200
1r17,42,0,0.8297,0.9376,0.8984,0.742,0.898,2.247,0.929,esmfold2,fast_loop10_samples200
1r17,42,1,0.8391,0.9459,0.7103,0.793,0.71,1.76,0.965,esmfold2,fast_loop10_samples200
1r17,42,2,0.8414,0.9468,0.6475,0.786,0.648,1.793,0.953,esmfold2,fast_loop10_samples200
1r17,42,3,0.8157,0.9295,1.3445,0.722,1.345,2.52,0.929,esmfold2,fast_loop10_samples200
1r17,42,4,0.8415,0.9469,0.6867,0.801,0.687,1.564,0.929,esmfold2,fast_loop10_samples200
1r17,43,0,0.8325,0.9418,0.928,0.784,0.928,1.758,0.941,esmfold2,fast_loop10_samples200
1r17,43,1,0.8344,0.941,0.7246,0.801,0.725,1.56,0.929,esmfold2,fast_loop10_samples200
1r17,43,2,0.8532,0.9513,0.7589,0.817,0.759,1.519,0.965,esmfold2,fast_loop10_samples200
1r17,43,3,0.8392,0.9455,0.6945,0.779,0.694,1.832,0.941,esmfold2,fast_loop10_samples200
1r17,43,4,0.8427,0.9446,0.7774,0.812,0.777,1.492,0.941,esmfold2,fast_loop10_samples200
1r17,44,0,0.8483,0.9494,0.7248,0.819,0.725,1.505,0.965,esmfold2,fast_loop10_samples200
1r17,44,1,0.8436,0.9444,0.7102,0.824,0.71,1.39,0.941,esmfold2,fast_loop10_samples200
1r17,44,2,0.849,0.949,0.8239,0.781,0.824,1.839,0.953,esmfold2,fast_loop10_samples200
1r17,44,3,0.8329,0.939,0.6034,0.839,0.603,1.366,0.976,esmfold2,fast_loop10_samples200
1r17,44,4,0.8444,0.9489,0.6885,0.795,0.688,1.7,0.953,esmfold2,fast_loop10_samples200
1rxz,42,0,0.8686,0.9575,0.9872,0.905,0.987,0.699,0.907,esmfold2,fast_loop10_samples200
1rxz,42,1,0.8354,0.9364,1.2611,0.884,1.261,0.831,0.907,esmfold2,fast_loop10_samples200
1rxz,42,2,0.8661,0.9571,0.9152,0.924,0.915,0.61,0.926,esmfold2,fast_loop10_samples200
1rxz,42,3,0.8656,0.9574,0.967,0.906,0.967,0.649,0.889,esmfold2,fast_loop10_samples200
1rxz,42,4,0.868,0.9576,0.9758,0.934,0.976,0.53,0.926,esmfold2,fast_loop10_samples200
1rxz,43,0,0.8646,0.9539,1.4663,0.903,1.466,0.722,0.926,esmfold2,fast_loop10_samples200
1rxz,43,1,0.8656,0.9533,1.1425,0.92,1.142,0.672,0.944,esmfold2,fast_loop10_samples200
1rxz,43,2,0.8636,0.9522,1.4385,0.898,1.439,0.763,0.926,esmfold2,fast_loop10_samples200
1rxz,43,3,0.865,0.9515,1.354,0.904,1.354,0.769,0.944,esmfold2,fast_loop10_samples200
1rxz,43,4,0.8662,0.9563,1.0596,0.913,1.06,0.68,0.926,esmfold2,fast_loop10_samples200
1rxz,44,0,0.8668,0.9577,0.8201,0.911,0.82,0.668,0.907,esmfold2,fast_loop10_samples200
1rxz,44,1,0.865,0.9554,1.2388,0.921,1.239,0.66,0.944,esmfold2,fast_loop10_samples200
1rxz,44,2,0.8577,0.9502,1.1077,0.889,1.108,0.803,0.907,esmfold2,fast_loop10_samples200
1rxz,44,3,0.8614,0.9513,1.1781,0.906,1.178,0.683,0.907,esmfold2,fast_loop10_samples200
1rxz,44,4,0.8684,0.9574,0.8946,0.922,0.895,0.627,0.926,esmfold2,fast_loop10_samples200
1t74,42,0,0.7553,0.8618,1.7379,0.912,1.738,0.636,0.929,esmfold2,fast_loop10_samples200
1t74,42,1,0.765,0.8765,1.1195,0.945,1.119,0.431,0.929,esmfold2,fast_loop10_samples200
1t74,42,2,0.7926,0.8916,1.1989,0.953,1.199,0.457,0.964,esmfold2,fast_loop10_samples200
1t74,42,3,0.7701,0.8879,0.914,0.961,0.914,0.411,0.964,esmfold2,fast_loop10_samples200
1t74,42,4,0.78,0.8844,0.6854,0.96,0.685,0.31,0.929,esmfold2,fast_loop10_samples200
1t74,43,0,0.8018,0.8965,0.7425,0.969,0.742,0.339,0.964,esmfold2,fast_loop10_samples200
1t74,43,1,0.7026,0.8123,2.551,0.825,2.551,0.9,0.821,esmfold2,fast_loop10_samples200
1t74,43,2,0.7445,0.8596,1.8626,0.897,1.863,0.645,0.893,esmfold2,fast_loop10_samples200
1t74,43,3,0.7784,0.8896,1.0803,0.945,1.08,0.439,0.929,esmfold2,fast_loop10_samples200
1t74,43,4,0.7728,0.8786,1.2523,0.957,1.252,0.524,1.0,esmfold2,fast_loop10_samples200
1t74,44,0,0.7744,0.8835,1.4418,0.928,1.442,0.541,0.929,esmfold2,fast_loop10_samples200
1t74,44,1,0.7596,0.8762,1.5609,0.925,1.561,0.555,0.929,esmfold2,fast_loop10_samples200
1t74,44,2,0.7668,0.8785,1.4914,0.927,1.491,0.551,0.929,esmfold2,fast_loop10_samples200
1t74,44,3,0.7991,0.8973,0.8649,0.951,0.865,0.394,0.929,esmfold2,fast_loop10_samples200
1t74,44,4,0.7884,0.8891,0.7696,0.965,0.77,0.385,0.964,esmfold2,fast_loop10_samples200
1v1t,42,0,0.8615,0.8926,1.54,0.961,1.54,0.459,1.0,esmfold2,fast_loop10_samples200
1v1t,42,1,0.8695,0.8941,1.0172,0.974,1.017,0.395,1.0,esmfold2,fast_loop10_samples200
1v1t,42,2,0.8718,0.9048,1.2343,0.969,1.234,0.416,1.0,esmfold2,fast_loop10_samples200
1v1t,42,3,0.8688,0.8911,0.9117,0.962,0.912,0.383,0.96,esmfold2,fast_loop10_samples200
1v1t,42,4,0.8741,0.9004,1.1115,0.972,1.111,0.406,1.0,esmfold2,fast_loop10_samples200
1v1t,43,0,0.857,0.8865,0.9115,0.974,0.911,0.399,1.0,esmfold2,fast_loop10_samples200
1v1t,43,1,0.874,0.9037,0.831,0.946,0.831,0.42,0.92,esmfold2,fast_loop10_samples200
1v1t,43,2,0.8738,0.9038,0.4448,0.981,0.445,0.363,1.0,esmfold2,fast_loop10_samples200
1v1t,43,3,0.8709,0.9027,0.5481,0.964,0.548,0.389,0.96,esmfold2,fast_loop10_samples200
1v1t,43,4,0.8572,0.8846,1.0354,0.976,1.035,0.367,1.0,esmfold2,fast_loop10_samples200
1v1t,44,0,0.8687,0.8993,0.5894,0.981,0.589,0.357,1.0,esmfold2,fast_loop10_samples200
1v1t,44,1,0.8709,0.8989,0.6567,0.976,0.657,0.4,1.0,esmfold2,fast_loop10_samples200
1v1t,44,2,0.8602,0.8873,0.6913,0.969,0.691,0.463,1.0,esmfold2,fast_loop10_samples200
1v1t,44,3,0.8733,0.9017,0.448,0.979,0.448,0.376,1.0,esmfold2,fast_loop10_samples200
1v1t,44,4,0.864,0.8927,0.3119,0.979,0.312,0.382,1.0,esmfold2,fast_loop10_samples200
1w80,42,0,0.8103,0.8728,1.5214,0.925,1.521,0.544,0.923,esmfold2,fast_loop10_samples200
1w80,42,1,0.8025,0.8646,1.5011,0.888,1.501,0.634,0.846,esmfold2,fast_loop10_samples200
1w80,42,2,0.8071,0.8688,1.8083,0.886,1.808,0.615,0.846,esmfold2,fast_loop10_samples200
1w80,42,3,0.8082,0.8742,1.2717,0.911,1.272,0.474,0.846,esmfold2,fast_loop10_samples200
1w80,42,4,0.8125,0.8746,1.5788,0.918,1.579,0.594,0.923,esmfold2,fast_loop10_samples200
1w80,43,0,0.8109,0.8769,1.4796,0.914,1.48,0.537,0.885,esmfold2,fast_loop10_samples200
1w80,43,1,0.8071,0.8689,1.3258,0.93,1.326,0.522,0.923,esmfold2,fast_loop10_samples200
1w80,43,2,0.8171,0.8837,1.5517,0.913,1.552,0.54,0.885,esmfold2,fast_loop10_samples200
1w80,43,3,0.8097,0.8746,1.2657,0.924,1.266,0.47,0.885,esmfold2,fast_loop10_samples200
1w80,43,4,0.7983,0.8628,2.0273,0.874,2.027,0.774,0.885,esmfold2,fast_loop10_samples200
1w80,44,0,0.8044,0.8704,1.4125,0.932,1.412,0.503,0.923,esmfold2,fast_loop10_samples200
1w80,44,1,0.8167,0.8819,1.7014,0.897,1.701,0.64,0.885,esmfold2,fast_loop10_samples200
1w80,44,2,0.8131,0.8761,1.5409,0.923,1.541,0.559,0.923,esmfold2,fast_loop10_samples200
1w80,44,3,0.8109,0.8765,1.3486,0.919,1.349,0.509,0.885,esmfold2,fast_loop10_samples200
1w80,44,4,0.8052,0.8738,1.3096,0.926,1.31,0.453,0.885,esmfold2,fast_loop10_samples200
1yfn,42,0,0.7531,0.7564,7.8616,0.411,7.862,3.364,0.528,esmfold2,fast_loop10_samples200
1yfn,42,1,0.7748,0.7824,8.0393,0.394,8.039,3.377,0.491,esmfold2,fast_loop10_samples200
1yfn,42,2,0.7719,0.7811,8.2488,0.389,8.249,3.42,0.491,esmfold2,fast_loop10_samples200
1yfn,42,3,0.7602,0.7643,8.1463,0.396,8.146,3.455,0.509,esmfold2,fast_loop10_samples200
1yfn,42,4,0.7806,0.7926,8.1553,0.396,8.155,3.455,0.509,esmfold2,fast_loop10_samples200
1yfn,43,0,0.7459,0.7453,8.1169,0.392,8.117,3.406,0.491,esmfold2,fast_loop10_samples200
1yfn,43,1,0.7568,0.7582,8.2288,0.388,8.229,3.49,0.491,esmfold2,fast_loop10_samples200
1yfn,43,2,0.7485,0.7507,8.0555,0.393,8.056,3.424,0.491,esmfold2,fast_loop10_samples200
1yfn,43,3,0.7966,0.8084,8.118,0.397,8.118,3.452,0.509,esmfold2,fast_loop10_samples200
1yfn,43,4,0.7915,0.8012,8.368,0.385,8.368,3.48,0.491,esmfold2,fast_loop10_samples200
1yfn,44,0,0.7761,0.7828,8.0004,0.401,8.0,3.389,0.509,esmfold2,fast_loop10_samples200
1yfn,44,1,0.7387,0.7515,8.2388,0.401,8.239,3.459,0.528,esmfold2,fast_loop10_samples200
1yfn,44,2,0.747,0.7471,8.0594,0.4,8.059,3.371,0.509,esmfold2,fast_loop10_samples200
1yfn,44,3,0.6438,0.7253,9.0831,0.371,9.083,3.767,0.509,esmfold2,fast_loop10_samples200
1yfn,44,4,0.7678,0.7734,7.9739,0.394,7.974,3.428,0.491,esmfold2,fast_loop10_samples200
1ywi,42,0,0.8608,0.5924,1.4397,0.854,1.44,0.993,0.895,esmfold2,fast_loop10_samples200
1ywi,42,1,0.8649,0.5998,1.3316,0.843,1.332,0.957,0.842,esmfold2,fast_loop10_samples200
1ywi,42,2,0.8585,0.5868,1.4857,0.836,1.486,0.993,0.842,esmfold2,fast_loop10_samples200
1ywi,42,3,0.8611,0.5892,1.0346,0.873,1.035,0.889,0.895,esmfold2,fast_loop10_samples200
1ywi,42,4,0.8506,0.5682,1.2817,0.859,1.282,0.971,0.895,esmfold2,fast_loop10_samples200
1ywi,43,0,0.8578,0.5939,1.3997,0.857,1.4,0.975,0.895,esmfold2,fast_loop10_samples200
1ywi,43,1,0.8603,0.5841,1.2881,0.862,1.288,0.947,0.895,esmfold2,fast_loop10_samples200
1ywi,43,2,0.8606,0.5853,1.29,0.843,1.29,0.958,0.842,esmfold2,fast_loop10_samples200
1ywi,43,3,0.865,0.6034,1.3081,0.863,1.308,0.943,0.895,esmfold2,fast_loop10_samples200
1ywi,43,4,0.8661,0.5988,1.1947,0.866,1.195,0.933,0.895,esmfold2,fast_loop10_samples200
1ywi,44,0,0.8639,0.593,1.3534,0.86,1.353,0.962,0.895,esmfold2,fast_loop10_samples200
1ywi,44,1,0.8624,0.5919,1.2137,0.864,1.214,0.939,0.895,esmfold2,fast_loop10_samples200
1ywi,44,2,0.8588,0.5786,1.2787,0.861,1.279,0.96,0.895,esmfold2,fast_loop10_samples200
1ywi,44,3,0.857,0.5715,1.2461,0.841,1.246,0.977,0.842,esmfold2,fast_loop10_samples200
1ywi,44,4,0.8578,0.5923,1.3668,0.872,1.367,0.997,0.947,esmfold2,fast_loop10_samples200
1ywo,42,0,0.7971,0.7106,2.7715,0.843,2.772,1.165,1.0,esmfold2,fast_loop10_samples200
1ywo,42,1,0.7954,0.7078,2.4375,0.864,2.438,1.054,1.0,esmfold2,fast_loop10_samples200
1ywo,42,2,0.7955,0.7109,1.3949,0.938,1.395,0.652,1.0,esmfold2,fast_loop10_samples200
1ywo,42,3,0.801,0.7204,2.8817,0.829,2.882,1.25,1.0,esmfold2,fast_loop10_samples200
1ywo,42,4,0.7937,0.7138,1.5175,0.931,1.517,0.693,1.0,esmfold2,fast_loop10_samples200
1ywo,43,0,0.8021,0.724,2.2896,0.875,2.29,1.001,1.0,esmfold2,fast_loop10_samples200
1ywo,43,1,0.8031,0.723,1.8087,0.914,1.809,0.781,1.0,esmfold2,fast_loop10_samples200
1ywo,43,2,0.8049,0.7276,2.5303,0.859,2.53,1.083,1.0,esmfold2,fast_loop10_samples200
1ywo,43,3,0.7945,0.7043,2.7273,0.844,2.727,1.162,1.0,esmfold2,fast_loop10_samples200
1ywo,43,4,0.8049,0.7196,2.0247,0.892,2.025,0.91,1.0,esmfold2,fast_loop10_samples200
1ywo,44,0,0.8003,0.7142,1.7122,0.919,1.712,0.757,1.0,esmfold2,fast_loop10_samples200
1ywo,44,1,0.7973,0.7138,1.4517,0.935,1.452,0.668,1.0,esmfold2,fast_loop10_samples200
1ywo,44,2,0.788,0.6981,3.0661,0.814,3.066,1.335,1.0,esmfold2,fast_loop10_samples200
1ywo,44,3,0.8008,0.7217,2.0124,0.885,2.012,0.87,0.96,esmfold2,fast_loop10_samples200
1ywo,44,4,0.8074,0.7312,2.2197,0.882,2.22,0.962,1.0,esmfold2,fast_loop10_samples200
1yy6,42,0,0.928,0.9567,0.5892,0.887,0.589,0.856,0.912,esmfold2,fast_loop10_samples200
1yy6,42,1,0.9286,0.9572,0.7727,0.881,0.773,0.892,0.912,esmfold2,fast_loop10_samples200
1yy6,42,2,0.91,0.9439,1.2653,0.865,1.265,0.968,0.912,esmfold2,fast_loop10_samples200
1yy6,42,3,0.9278,0.9558,0.7561,0.872,0.756,0.887,0.882,esmfold2,fast_loop10_samples200
1yy6,42,4,0.9273,0.9559,0.748,0.898,0.748,0.844,0.941,esmfold2,fast_loop10_samples200
1yy6,43,0,0.9263,0.9556,0.5181,0.892,0.518,0.823,0.912,esmfold2,fast_loop10_samples200
1yy6,43,1,0.9274,0.957,0.8324,0.883,0.832,0.87,0.912,esmfold2,fast_loop10_samples200
1yy6,43,2,0.9264,0.955,0.7848,0.886,0.785,0.858,0.912,esmfold2,fast_loop10_samples200
1yy6,43,3,0.9001,0.9317,0.8758,0.902,0.876,0.876,0.971,esmfold2,fast_loop10_samples200
1yy6,43,4,0.9282,0.9561,0.8138,0.877,0.814,0.85,0.882,esmfold2,fast_loop10_samples200
1yy6,44,0,0.928,0.956,0.8973,0.869,0.897,0.899,0.882,esmfold2,fast_loop10_samples200
1yy6,44,1,0.918,0.95,0.5732,0.896,0.573,0.865,0.941,esmfold2,fast_loop10_samples200
1yy6,44,2,0.9289,0.9574,0.7654,0.873,0.765,0.88,0.882,esmfold2,fast_loop10_samples200
1yy6,44,3,0.9246,0.9527,0.6635,0.875,0.664,0.87,0.882,esmfold2,fast_loop10_samples200
1yy6,44,4,0.928,0.9573,0.8926,0.859,0.893,0.969,0.882,esmfold2,fast_loop10_samples200
2aij,42,0,0.8411,0.9367,0.8713,0.713,0.871,2.085,0.81,esmfold2,fast_loop10_samples200
2aij,42,1,0.8332,0.938,1.0649,0.713,1.065,2.307,0.857,esmfold2,fast_loop10_samples200
2aij,42,2,0.8362,0.9379,1.0148,0.735,1.015,1.89,0.833,esmfold2,fast_loop10_samples200
2aij,42,3,0.8416,0.9401,0.9827,0.702,0.983,2.007,0.762,esmfold2,fast_loop10_samples200
2aij,42,4,0.8381,0.9361,0.7066,0.704,0.707,2.121,0.786,esmfold2,fast_loop10_samples200
2aij,43,0,0.8379,0.9375,0.9691,0.736,0.969,1.89,0.833,esmfold2,fast_loop10_samples200
2aij,43,1,0.8432,0.9372,0.9548,0.71,0.955,2.008,0.786,esmfold2,fast_loop10_samples200
2aij,43,2,0.8387,0.9343,0.9374,0.701,0.937,2.148,0.786,esmfold2,fast_loop10_samples200
2aij,43,3,0.8429,0.939,1.0312,0.702,1.031,2.108,0.786,esmfold2,fast_loop10_samples200
2aij,43,4,0.8368,0.9338,0.7787,0.727,0.779,2.015,0.833,esmfold2,fast_loop10_samples200
2aij,44,0,0.8342,0.9348,0.9531,0.721,0.953,1.98,0.81,esmfold2,fast_loop10_samples200
2aij,44,1,0.8443,0.9396,0.8888,0.72,0.889,2.107,0.833,esmfold2,fast_loop10_samples200
2aij,44,2,0.8408,0.9361,0.6774,0.727,0.677,2.141,0.857,esmfold2,fast_loop10_samples200
2aij,44,3,0.8402,0.9366,0.8631,0.717,0.863,2.04,0.81,esmfold2,fast_loop10_samples200
2aij,44,4,0.8452,0.9371,0.8886,0.705,0.889,1.987,0.762,esmfold2,fast_loop10_samples200
2aq9,42,0,0.358,0.3066,9.3377,0.205,9.338,4.368,0.056,esmfold2,fast_loop10_samples200
2aq9,42,1,0.4967,0.4532,29.661,0.031,29.661,11.204,0.0,esmfold2,fast_loop10_samples200
2aq9,42,2,0.3482,0.2969,8.4831,0.211,8.483,3.859,0.0,esmfold2,fast_loop10_samples200
2aq9,42,3,0.3424,0.2624,9.5673,0.219,9.567,4.413,0.111,esmfold2,fast_loop10_samples200
2aq9,42,4,0.3324,0.2681,9.6717,0.197,9.672,4.487,0.056,esmfold2,fast_loop10_samples200
2aq9,43,0,0.3674,0.3147,8.3193,0.237,8.319,3.654,0.056,esmfold2,fast_loop10_samples200
2aq9,43,1,0.3402,0.2675,8.5317,0.265,8.532,3.88,0.167,esmfold2,fast_loop10_samples200
2aq9,43,2,0.3572,0.2816,10.9769,0.226,10.977,5.072,0.222,esmfold2,fast_loop10_samples200
2aq9,43,3,0.3451,0.2511,9.4258,0.206,9.426,4.185,0.056,esmfold2,fast_loop10_samples200
2aq9,43,4,0.3341,0.2636,8.409,0.251,8.409,3.767,0.111,esmfold2,fast_loop10_samples200
2aq9,44,0,0.3489,0.2672,10.3811,0.218,10.381,4.916,0.167,esmfold2,fast_loop10_samples200
2aq9,44,1,0.3561,0.2815,10.3992,0.218,10.399,4.847,0.167,esmfold2,fast_loop10_samples200
2aq9,44,2,0.3382,0.2911,9.3502,0.207,9.35,4.233,0.056,esmfold2,fast_loop10_samples200
2aq9,44,3,0.3104,0.2319,11.2806,0.165,11.281,5.152,0.056,esmfold2,fast_loop10_samples200
2aq9,44,4,0.3626,0.3009,9.2495,0.245,9.25,4.278,0.167,esmfold2,fast_loop10_samples200
2c3i,42,0,0.8971,0.976,0.6364,0.964,0.636,0.237,0.923,esmfold2,fast_loop10_samples200
2c3i,42,1,0.8951,0.9754,0.6317,0.964,0.632,0.243,0.923,esmfold2,fast_loop10_samples200
2c3i,42,2,0.8929,0.9742,0.5929,0.957,0.593,0.229,0.897,esmfold2,fast_loop10_samples200
2c3i,42,3,0.8923,0.9755,0.7204,0.959,0.72,0.297,0.923,esmfold2,fast_loop10_samples200
2c3i,42,4,0.8941,0.9747,0.6386,0.956,0.639,0.238,0.897,esmfold2,fast_loop10_samples200
2c3i,43,0,0.8939,0.9751,0.8284,0.957,0.828,0.314,0.923,esmfold2,fast_loop10_samples200
2c3i,43,1,0.8946,0.9754,0.7545,0.961,0.754,0.269,0.923,esmfold2,fast_loop10_samples200
2c3i,43,2,0.8964,0.9745,0.6516,0.954,0.652,0.256,0.897,esmfold2,fast_loop10_samples200
2c3i,43,3,0.8921,0.9746,0.5729,0.965,0.573,0.233,0.923,esmfold2,fast_loop10_samples200
2c3i,43,4,0.8918,0.9743,0.663,0.954,0.663,0.257,0.897,esmfold2,fast_loop10_samples200
2c3i,44,0,0.8966,0.9742,0.5931,0.956,0.593,0.243,0.897,esmfold2,fast_loop10_samples200
2c3i,44,1,0.8971,0.9759,0.6483,0.963,0.648,0.253,0.923,esmfold2,fast_loop10_samples200
2c3i,44,2,0.8953,0.9755,0.6015,0.956,0.601,0.231,0.897,esmfold2,fast_loop10_samples200
2c3i,44,3,0.897,0.9756,0.627,0.955,0.627,0.248,0.897,esmfold2,fast_loop10_samples200
2c3i,44,4,0.8946,0.9736,0.4938,0.976,0.494,0.206,0.949,esmfold2,fast_loop10_samples200
2cch,42,0,0.7689,0.8537,2.3869,0.852,2.387,0.987,0.93,esmfold2,fast_loop10_samples200
2cch,42,1,0.792,0.8784,0.7282,0.98,0.728,0.259,0.977,esmfold2,fast_loop10_samples200
2cch,42,2,0.788,0.8739,0.7613,0.978,0.761,0.279,0.977,esmfold2,fast_loop10_samples200
2cch,42,3,0.7914,0.8765,1.0581,0.977,1.058,0.356,1.0,esmfold2,fast_loop10_samples200
2cch,42,4,0.789,0.8743,1.1544,0.962,1.154,0.422,0.977,esmfold2,fast_loop10_samples200
2cch,43,0,0.7832,0.8732,1.1596,0.939,1.16,0.488,0.93,esmfold2,fast_loop10_samples200
2cch,43,1,0.7899,0.8781,0.803,0.979,0.803,0.271,0.977,esmfold2,fast_loop10_samples200
2cch,43,2,0.792,0.8791,0.796,0.98,0.796,0.251,0.977,esmfold2,fast_loop10_samples200
2cch,43,3,0.7896,0.8776,0.8229,0.964,0.823,0.354,0.953,esmfold2,fast_loop10_samples200
2cch,43,4,0.7914,0.879,0.8855,0.974,0.886,0.323,0.977,esmfold2,fast_loop10_samples200
2cch,44,0,0.7878,0.8763,0.7604,0.981,0.76,0.248,0.977,esmfold2,fast_loop10_samples200
2cch,44,1,0.7661,0.8544,2.3422,0.862,2.342,0.865,0.907,esmfold2,fast_loop10_samples200
2cch,44,2,0.7708,0.854,2.1417,0.86,2.142,0.905,0.907,esmfold2,fast_loop10_samples200
2cch,44,3,0.7915,0.8781,0.6003,0.982,0.6,0.246,0.977,esmfold2,fast_loop10_samples200
2cch,44,4,0.7881,0.8786,0.5524,0.978,0.552,0.193,0.953,esmfold2,fast_loop10_samples200
2cny,42,0,0.9478,0.9527,0.4031,0.944,0.403,0.614,0.979,esmfold2,fast_loop10_samples200
2cny,42,1,0.9481,0.9535,0.4469,0.938,0.447,0.613,0.958,esmfold2,fast_loop10_samples200
2cny,42,2,0.9491,0.9541,0.47,0.945,0.47,0.608,0.979,esmfold2,fast_loop10_samples200
2cny,42,3,0.9491,0.9541,0.4702,0.944,0.47,0.59,0.969,esmfold2,fast_loop10_samples200
2cny,42,4,0.9449,0.9519,0.4964,0.928,0.496,0.709,0.969,esmfold2,fast_loop10_samples200
2cny,43,0,0.9477,0.9542,0.4761,0.943,0.476,0.6,0.969,esmfold2,fast_loop10_samples200
2cny,43,1,0.9481,0.9527,0.5473,0.933,0.547,0.668,0.969,esmfold2,fast_loop10_samples200
2cny,43,2,0.9476,0.9522,0.5337,0.927,0.534,0.686,0.958,esmfold2,fast_loop10_samples200
2cny,43,3,0.9475,0.953,0.4008,0.949,0.401,0.553,0.969,esmfold2,fast_loop10_samples200
2cny,43,4,0.9488,0.9537,0.5567,0.943,0.557,0.597,0.969,esmfold2,fast_loop10_samples200
2cny,44,0,0.9478,0.9521,0.5941,0.927,0.594,0.707,0.969,esmfold2,fast_loop10_samples200
2cny,44,1,0.9467,0.955,0.5143,0.939,0.514,0.653,0.979,esmfold2,fast_loop10_samples200
2cny,44,2,0.9495,0.9542,0.4566,0.945,0.457,0.58,0.969,esmfold2,fast_loop10_samples200
2cny,44,3,0.9496,0.9548,0.5065,0.935,0.506,0.655,0.969,esmfold2,fast_loop10_samples200
2cny,44,4,0.9497,0.9545,0.4324,0.947,0.432,0.595,0.979,esmfold2,fast_loop10_samples200
2e4h,42,0,0.561,0.5853,2.3783,0.731,2.378,1.265,0.68,esmfold2,fast_loop10_samples200
2e4h,42,1,0.5454,0.5648,3.9181,0.678,3.918,1.661,0.76,esmfold2,fast_loop10_samples200
2e4h,42,2,0.557,0.5853,3.8537,0.705,3.854,1.548,0.8,esmfold2,fast_loop10_samples200
2e4h,42,3,0.5464,0.5608,6.6795,0.508,6.68,2.49,0.64,esmfold2,fast_loop10_samples200
2e4h,42,4,0.5484,0.5809,6.6359,0.538,6.636,2.447,0.72,esmfold2,fast_loop10_samples200
2e4h,43,0,0.5082,0.5694,10.3128,0.431,10.313,3.325,0.72,esmfold2,fast_loop10_samples200
2e4h,43,1,0.5527,0.5839,4.4015,0.651,4.402,1.676,0.72,esmfold2,fast_loop10_samples200
2e4h,43,2,0.5474,0.5683,6.3278,0.552,6.328,2.341,0.72,esmfold2,fast_loop10_samples200
2e4h,43,3,0.5567,0.5852,4.1086,0.679,4.109,1.6,0.76,esmfold2,fast_loop10_samples200
2e4h,43,4,0.54,0.5643,4.725,0.617,4.725,1.809,0.68,esmfold2,fast_loop10_samples200
2e4h,44,0,0.5496,0.5784,2.367,0.754,2.367,1.296,0.76,esmfold2,fast_loop10_samples200
2e4h,44,1,0.5456,0.5829,8.33,0.482,8.33,2.861,0.72,esmfold2,fast_loop10_samples200
2e4h,44,2,0.5301,0.5496,7.1695,0.533,7.169,2.562,0.76,esmfold2,fast_loop10_samples200
2e4h,44,3,0.5383,0.5729,6.5271,0.591,6.527,2.268,0.84,esmfold2,fast_loop10_samples200
2e4h,44,4,0.5382,0.5494,8.9629,0.444,8.963,3.226,0.68,esmfold2,fast_loop10_samples200
2fgr,42,0,0.3324,0.4316,21.6838,0.054,21.684,8.705,0.0,esmfold2,fast_loop10_samples200
2fgr,42,1,0.3535,0.4538,21.2096,0.069,21.21,8.529,0.038,esmfold2,fast_loop10_samples200
2fgr,42,2,0.3253,0.4061,25.1797,0.041,25.18,10.021,0.0,esmfold2,fast_loop10_samples200
2fgr,42,3,0.3387,0.4369,26.6926,0.037,26.693,10.806,0.0,esmfold2,fast_loop10_samples200
2fgr,42,4,0.3898,0.5162,22.0061,0.052,22.006,8.951,0.0,esmfold2,fast_loop10_samples200
2fgr,43,0,0.3457,0.4349,25.8782,0.039,25.878,10.429,0.0,esmfold2,fast_loop10_samples200
2fgr,43,1,0.3554,0.4592,19.6358,0.064,19.636,7.92,0.0,esmfold2,fast_loop10_samples200
2fgr,43,2,0.3313,0.4374,27.4682,0.035,27.468,11.27,0.0,esmfold2,fast_loop10_samples200
2fgr,43,3,0.3471,0.4564,20.8764,0.071,20.876,8.384,0.038,esmfold2,fast_loop10_samples200
2fgr,43,4,0.3409,0.4497,27.6661,0.034,27.666,11.361,0.0,esmfold2,fast_loop10_samples200
2fgr,44,0,0.3134,0.3953,19.1633,0.08,19.163,7.67,0.038,esmfold2,fast_loop10_samples200
2fgr,44,1,0.3081,0.3953,19.323,0.078,19.323,8.071,0.038,esmfold2,fast_loop10_samples200
2fgr,44,2,0.2993,0.3758,16.2671,0.101,16.267,6.44,0.038,esmfold2,fast_loop10_samples200
2fgr,44,3,0.3502,0.4516,20.5997,0.072,20.6,8.27,0.038,esmfold2,fast_loop10_samples200
2fgr,44,4,0.306,0.3972,28.2124,0.034,28.212,11.206,0.0,esmfold2,fast_loop10_samples200
2fka,42,0,0.8188,0.8135,1.237,0.956,1.237,0.532,1.0,esmfold2,fast_loop10_samples200
2fka,42,1,0.8278,0.8241,1.5594,0.922,1.559,0.643,0.952,esmfold2,fast_loop10_samples200
2fka,42,2,0.8219,0.8141,1.3323,0.934,1.332,0.573,0.952,esmfold2,fast_loop10_samples200
2fka,42,3,0.8742,0.872,1.3152,0.902,1.315,0.802,0.952,esmfold2,fast_loop10_samples200
2fka,42,4,0.822,0.8158,1.3099,0.951,1.31,0.568,1.0,esmfold2,fast_loop10_samples200
2fka,43,0,0.8675,0.8659,1.3811,0.905,1.381,0.781,0.952,esmfold2,fast_loop10_samples200
2fka,43,1,0.8656,0.8623,1.5307,0.883,1.531,0.81,0.905,esmfold2,fast_loop10_samples200
2fka,43,2,0.8164,0.8075,2.1141,0.886,2.114,0.836,0.952,esmfold2,fast_loop10_samples200
2fka,43,3,0.8225,0.8188,1.043,0.943,1.043,0.526,0.952,esmfold2,fast_loop10_samples200
2fka,43,4,0.832,0.8278,1.5713,0.923,1.571,0.635,0.952,esmfold2,fast_loop10_samples200
2fka,44,0,0.8236,0.8243,1.2352,0.929,1.235,0.617,0.952,esmfold2,fast_loop10_samples200
2fka,44,1,0.8813,0.8803,1.3141,0.904,1.314,0.792,0.952,esmfold2,fast_loop10_samples200
2fka,44,2,0.8468,0.8426,1.204,0.92,1.204,0.682,0.952,esmfold2,fast_loop10_samples200
2fka,44,3,0.8465,0.8461,1.759,0.891,1.759,0.837,0.952,esmfold2,fast_loop10_samples200
2fka,44,4,0.8251,0.8242,1.4637,0.926,1.464,0.621,0.952,esmfold2,fast_loop10_samples200
2hpl,42,0,0.8823,0.8809,0.6036,0.988,0.604,0.266,1.0,esmfold2,fast_loop10_samples200
2hpl,42,1,0.8761,0.8742,0.6299,0.957,0.63,0.289,0.913,esmfold2,fast_loop10_samples200
2hpl,42,2,0.8767,0.8716,0.4465,0.977,0.446,0.231,0.957,esmfold2,fast_loop10_samples200
2hpl,42,3,0.8758,0.8675,0.5942,0.96,0.594,0.259,0.913,esmfold2,fast_loop10_samples200
2hpl,42,4,0.8799,0.8745,0.5867,0.974,0.587,0.269,0.957,esmfold2,fast_loop10_samples200
2hpl,43,0,0.8821,0.8786,0.7089,0.969,0.709,0.316,0.957,esmfold2,fast_loop10_samples200
2hpl,43,1,0.8706,0.871,0.7101,0.955,0.71,0.311,0.913,esmfold2,fast_loop10_samples200
2hpl,43,2,0.8631,0.8672,0.8164,0.954,0.816,0.316,0.913,esmfold2,fast_loop10_samples200
2hpl,43,3,0.878,0.8745,0.6023,0.96,0.602,0.259,0.913,esmfold2,fast_loop10_samples200
2hpl,43,4,0.8754,0.8674,0.6674,0.957,0.667,0.284,0.913,esmfold2,fast_loop10_samples200
2hpl,44,0,0.871,0.874,0.7589,0.955,0.759,0.303,0.913,esmfold2,fast_loop10_samples200
2hpl,44,1,0.8755,0.8661,0.6816,0.955,0.682,0.317,0.913,esmfold2,fast_loop10_samples200
2hpl,44,2,0.8804,0.876,0.4544,0.992,0.454,0.223,1.0,esmfold2,fast_loop10_samples200
2hpl,44,3,0.7928,0.8168,3.0157,0.841,3.016,0.934,0.913,esmfold2,fast_loop10_samples200
2hpl,44,4,0.8651,0.8622,0.8142,0.954,0.814,0.318,0.913,esmfold2,fast_loop10_samples200
2ht9,42,0,0.3432,0.1615,23.8583,0.049,23.858,7.882,0.0,esmfold2,fast_loop10_samples200
2ht9,42,1,0.3155,0.1303,21.5074,0.059,21.507,7.068,0.0,esmfold2,fast_loop10_samples200
2ht9,42,2,0.3162,0.126,24.2535,0.044,24.253,9.917,0.0,esmfold2,fast_loop10_samples200
2ht9,42,3,0.3339,0.1659,26.2059,0.042,26.206,8.587,0.0,esmfold2,fast_loop10_samples200
2ht9,42,4,0.3142,0.1137,8.895,0.331,8.895,3.553,0.364,esmfold2,fast_loop10_samples200
2ht9,43,0,0.3418,0.1733,26.8669,0.041,26.867,8.413,0.0,esmfold2,fast_loop10_samples200
2ht9,43,1,0.3371,0.143,26.7945,0.038,26.794,9.972,0.0,esmfold2,fast_loop10_samples200
2ht9,43,2,0.3408,0.1563,26.173,0.041,26.173,8.807,0.0,esmfold2,fast_loop10_samples200
2ht9,43,3,0.3144,0.1229,27.4967,0.037,27.497,9.876,0.0,esmfold2,fast_loop10_samples200
2ht9,43,4,0.3013,0.1065,18.3209,0.165,18.321,6.929,0.273,esmfold2,fast_loop10_samples200
2ht9,44,0,0.3434,0.1622,25.7925,0.042,25.792,8.683,0.0,esmfold2,fast_loop10_samples200
2ht9,44,1,0.3696,0.1903,25.9397,0.042,25.94,8.572,0.0,esmfold2,fast_loop10_samples200
2ht9,44,2,0.4151,0.2504,24.0113,0.049,24.011,7.821,0.0,esmfold2,fast_loop10_samples200
2ht9,44,3,0.3223,0.1468,24.7699,0.047,24.77,7.915,0.0,esmfold2,fast_loop10_samples200
2ht9,44,4,0.3115,0.1175,27.5737,0.038,27.574,9.097,0.0,esmfold2,fast_loop10_samples200
2i94,42,0,0.6318,0.6925,13.1383,0.159,13.138,6.299,0.128,esmfold2,fast_loop10_samples200
2i94,42,1,0.6349,0.6986,12.8382,0.162,12.838,6.263,0.128,esmfold2,fast_loop10_samples200
2i94,42,2,0.6583,0.7216,13.0303,0.167,13.03,6.268,0.149,esmfold2,fast_loop10_samples200
2i94,42,3,0.6457,0.7109,12.7571,0.17,12.757,6.233,0.149,esmfold2,fast_loop10_samples200
2i94,42,4,0.6302,0.6844,13.0357,0.167,13.036,6.343,0.149,esmfold2,fast_loop10_samples200
2i94,43,0,0.6556,0.72,12.9621,0.154,12.962,6.304,0.106,esmfold2,fast_loop10_samples200
2i94,43,1,0.6203,0.6907,13.1399,0.159,13.14,6.311,0.128,esmfold2,fast_loop10_samples200
2i94,43,2,0.6382,0.6979,12.7739,0.17,12.774,6.222,0.149,esmfold2,fast_loop10_samples200
2i94,43,3,0.6378,0.6967,13.1311,0.159,13.131,6.357,0.128,esmfold2,fast_loop10_samples200
2i94,43,4,0.6464,0.7122,12.7057,0.164,12.706,6.226,0.128,esmfold2,fast_loop10_samples200
2i94,44,0,0.6391,0.6984,13.0898,0.159,13.09,6.31,0.128,esmfold2,fast_loop10_samples200
2i94,44,1,0.6303,0.6913,12.9206,0.169,12.921,6.177,0.149,esmfold2,fast_loop10_samples200
2i94,44,2,0.6398,0.7147,13.0581,0.166,13.058,6.351,0.149,esmfold2,fast_loop10_samples200
2i94,44,3,0.6283,0.6862,13.0864,0.159,13.086,6.311,0.128,esmfold2,fast_loop10_samples200
2i94,44,4,0.5937,0.6676,13.915,0.148,13.915,6.891,0.128,esmfold2,fast_loop10_samples200
2ivz,42,0,0.9151,0.9708,0.6017,0.924,0.602,0.719,0.963,esmfold2,fast_loop10_samples200
2ivz,42,1,0.9113,0.9692,1.0186,0.915,1.019,0.715,0.944,esmfold2,fast_loop10_samples200
2ivz,42,2,0.9143,0.9711,0.9107,0.912,0.911,0.783,0.963,esmfold2,fast_loop10_samples200
2ivz,42,3,0.9145,0.9708,0.6839,0.91,0.684,0.77,0.944,esmfold2,fast_loop10_samples200
2ivz,42,4,0.913,0.9702,1.0213,0.912,1.021,0.777,0.963,esmfold2,fast_loop10_samples200
2ivz,43,0,0.9152,0.9709,0.8809,0.916,0.881,0.758,0.963,esmfold2,fast_loop10_samples200
2ivz,43,1,0.9131,0.9698,0.9748,0.915,0.975,0.76,0.963,esmfold2,fast_loop10_samples200
2ivz,43,2,0.9141,0.97,0.8205,0.92,0.821,0.738,0.963,esmfold2,fast_loop10_samples200
2ivz,43,3,0.9149,0.9707,0.691,0.916,0.691,0.773,0.963,esmfold2,fast_loop10_samples200
2ivz,43,4,0.9124,0.9698,1.0271,0.892,1.027,0.876,0.944,esmfold2,fast_loop10_samples200
2ivz,44,0,0.9133,0.9697,0.696,0.916,0.696,0.768,0.963,esmfold2,fast_loop10_samples200
2ivz,44,1,0.9143,0.9712,0.8518,0.919,0.852,0.738,0.963,esmfold2,fast_loop10_samples200
2ivz,44,2,0.9147,0.9701,0.7294,0.915,0.729,0.733,0.944,esmfold2,fast_loop10_samples200
2ivz,44,3,0.913,0.9699,0.8164,0.921,0.816,0.725,0.963,esmfold2,fast_loop10_samples200
2ivz,44,4,0.9072,0.9645,1.2816,0.894,1.282,0.843,0.944,esmfold2,fast_loop10_samples200
2jkg,42,0,0.5643,0.492,2.6816,0.734,2.682,1.114,0.647,esmfold2,fast_loop10_samples200
2jkg,42,1,0.5775,0.5075,2.7999,0.738,2.8,1.207,0.706,esmfold2,fast_loop10_samples200
2jkg,42,2,0.5407,0.4549,3.09,0.73,3.09,1.225,0.706,esmfold2,fast_loop10_samples200
2jkg,42,3,0.557,0.4856,3.2144,0.649,3.214,1.38,0.529,esmfold2,fast_loop10_samples200
2jkg,42,4,0.4411,0.276,13.8966,0.17,13.897,5.811,0.176,esmfold2,fast_loop10_samples200
2jkg,43,0,0.5427,0.4546,3.1788,0.726,3.179,1.238,0.706,esmfold2,fast_loop10_samples200
2jkg,43,1,0.5705,0.4821,3.7278,0.669,3.728,1.435,0.647,esmfold2,fast_loop10_samples200
2jkg,43,2,0.4295,0.2647,15.3934,0.155,15.393,6.228,0.176,esmfold2,fast_loop10_samples200
2jkg,43,3,0.46,0.3096,13.4315,0.195,13.432,5.709,0.235,esmfold2,fast_loop10_samples200
2jkg,43,4,0.5473,0.4542,3.1657,0.726,3.166,1.238,0.706,esmfold2,fast_loop10_samples200
2jkg,44,0,0.5896,0.5236,3.2145,0.726,3.215,1.233,0.706,esmfold2,fast_loop10_samples200
2jkg,44,1,0.5772,0.4923,3.3578,0.675,3.358,1.295,0.588,esmfold2,fast_loop10_samples200
2jkg,44,2,0.5334,0.448,2.7099,0.712,2.71,1.123,0.588,esmfold2,fast_loop10_samples200
2jkg,44,3,0.5874,0.5246,2.0726,0.744,2.073,0.982,0.588,esmfold2,fast_loop10_samples200
2jkg,44,4,0.4656,0.312,13.6641,0.192,13.664,5.833,0.235,esmfold2,fast_loop10_samples200
2jnw,42,0,0.776,0.8417,2.4538,0.798,2.454,1.216,0.868,esmfold2,fast_loop10_samples200
2jnw,42,1,0.7628,0.8498,2.0734,0.808,2.073,1.131,0.842,esmfold2,fast_loop10_samples200
2jnw,42,2,0.7784,0.8495,2.7185,0.784,2.719,1.289,0.868,esmfold2,fast_loop10_samples200
2jnw,42,3,0.7574,0.8475,2.1427,0.814,2.143,1.144,0.868,esmfold2,fast_loop10_samples200
2jnw,42,4,0.7662,0.8406,2.1606,0.803,2.161,1.155,0.842,esmfold2,fast_loop10_samples200
2jnw,43,0,0.7575,0.8454,2.0901,0.808,2.09,1.127,0.842,esmfold2,fast_loop10_samples200
2jnw,43,1,0.7609,0.849,2.7918,0.773,2.792,1.362,0.868,esmfold2,fast_loop10_samples200
2jnw,43,2,0.7683,0.8456,1.9122,0.819,1.912,1.067,0.842,esmfold2,fast_loop10_samples200
2jnw,43,3,0.7755,0.8518,3.1445,0.753,3.145,1.466,0.868,esmfold2,fast_loop10_samples200
2jnw,43,4,0.7719,0.8438,2.2309,0.8,2.231,1.167,0.842,esmfold2,fast_loop10_samples200
2jnw,44,0,0.7733,0.8429,2.2984,0.805,2.298,1.186,0.868,esmfold2,fast_loop10_samples200
2jnw,44,1,0.7707,0.8444,2.6704,0.775,2.67,1.293,0.842,esmfold2,fast_loop10_samples200
2jnw,44,2,0.7403,0.8537,3.7627,0.723,3.763,1.7,0.895,esmfold2,fast_loop10_samples200
2jnw,44,3,0.7712,0.8359,2.5068,0.784,2.507,1.252,0.842,esmfold2,fast_loop10_samples200
2jnw,44,4,0.6736,0.8406,7.5904,0.517,7.59,3.204,0.816,esmfold2,fast_loop10_samples200
2jqk,42,0,0.809,0.8087,3.6671,0.736,3.667,1.663,0.917,esmfold2,fast_loop10_samples200
2jqk,42,1,0.8048,0.803,3.7924,0.733,3.792,1.665,0.917,esmfold2,fast_loop10_samples200
2jqk,42,2,0.7996,0.7976,3.3248,0.759,3.325,1.525,0.917,esmfold2,fast_loop10_samples200
2jqk,42,3,0.8021,0.8024,3.2736,0.758,3.274,1.542,0.917,esmfold2,fast_loop10_samples200
2jqk,42,4,0.7958,0.7976,3.1572,0.77,3.157,1.46,0.917,esmfold2,fast_loop10_samples200
2jqk,43,0,0.8076,0.8034,3.4355,0.752,3.435,1.558,0.917,esmfold2,fast_loop10_samples200
2jqk,43,1,0.8107,0.8201,3.2627,0.761,3.263,1.511,0.917,esmfold2,fast_loop10_samples200
2jqk,43,2,0.8098,0.8097,3.5828,0.745,3.583,1.598,0.917,esmfold2,fast_loop10_samples200
2jqk,43,3,0.8028,0.799,3.4093,0.752,3.409,1.567,0.917,esmfold2,fast_loop10_samples200
2jqk,43,4,0.8062,0.8068,3.3854,0.756,3.385,1.538,0.917,esmfold2,fast_loop10_samples200
2jqk,44,0,0.8083,0.8095,3.3715,0.754,3.371,1.554,0.917,esmfold2,fast_loop10_samples200
2jqk,44,1,0.8033,0.8008,3.507,0.747,3.507,1.591,0.917,esmfold2,fast_loop10_samples200
2jqk,44,2,0.8001,0.7992,3.8073,0.727,3.807,1.726,0.917,esmfold2,fast_loop10_samples200
2jqk,44,3,0.8133,0.8195,3.2629,0.757,3.263,1.555,0.917,esmfold2,fast_loop10_samples200
2jqk,44,4,0.7807,0.7573,3.6762,0.726,3.676,1.621,0.875,esmfold2,fast_loop10_samples200
2ka9,42,0,0.6007,0.6147,34.8799,0.025,34.88,10.81,0.0,esmfold2,fast_loop10_samples200
2ka9,42,1,0.5765,0.5788,40.1311,0.02,40.131,11.436,0.0,esmfold2,fast_loop10_samples200
2ka9,42,2,0.5488,0.5286,36.6622,0.022,36.662,12.231,0.0,esmfold2,fast_loop10_samples200
2ka9,42,3,0.551,0.5257,35.1648,0.024,35.165,11.539,0.0,esmfold2,fast_loop10_samples200
2ka9,42,4,0.5458,0.5231,36.3673,0.023,36.367,11.634,0.0,esmfold2,fast_loop10_samples200
2ka9,43,0,0.5348,0.5157,43.8166,0.017,43.817,12.663,0.0,esmfold2,fast_loop10_samples200
2ka9,43,1,0.5999,0.6127,32.2716,0.029,32.272,10.153,0.0,esmfold2,fast_loop10_samples200
2ka9,43,2,0.5721,0.5567,33.6692,0.027,33.669,10.384,0.0,esmfold2,fast_loop10_samples200
2ka9,43,3,0.5882,0.6008,32.8273,0.028,32.827,10.349,0.0,esmfold2,fast_loop10_samples200
2ka9,43,4,0.5534,0.558,32.3493,0.028,32.349,10.341,0.0,esmfold2,fast_loop10_samples200
2ka9,44,0,0.5861,0.6028,43.9628,0.015,43.963,16.29,0.0,esmfold2,fast_loop10_samples200
2ka9,44,1,0.5759,0.5943,52.8877,0.011,52.888,16.818,0.0,esmfold2,fast_loop10_samples200
2ka9,44,2,0.5739,0.5899,32.2107,0.029,32.211,10.235,0.0,esmfold2,fast_loop10_samples200
2ka9,44,3,0.5865,0.5979,53.1204,0.011,53.12,16.465,0.0,esmfold2,fast_loop10_samples200
2ka9,44,4,0.5835,0.5936,32.6733,0.028,32.673,10.201,0.0,esmfold2,fast_loop10_samples200
2kbr,42,0,0.7679,0.7601,3.3693,0.669,3.369,1.89,0.757,esmfold2,fast_loop10_samples200
2kbr,42,1,0.765,0.763,3.4794,0.658,3.479,1.881,0.73,esmfold2,fast_loop10_samples200
2kbr,42,2,0.7527,0.7679,3.3016,0.696,3.302,1.71,0.784,esmfold2,fast_loop10_samples200
2kbr,42,3,0.7603,0.7448,3.7224,0.671,3.722,2.113,0.838,esmfold2,fast_loop10_samples200
2kbr,42,4,0.7682,0.7578,2.9532,0.698,2.953,1.671,0.757,esmfold2,fast_loop10_samples200
2kbr,43,0,0.7475,0.7729,3.1217,0.701,3.122,1.703,0.784,esmfold2,fast_loop10_samples200
2kbr,43,1,0.7607,0.7639,3.402,0.68,3.402,1.864,0.784,esmfold2,fast_loop10_samples200
2kbr,43,2,0.7689,0.768,3.2854,0.681,3.285,1.775,0.757,esmfold2,fast_loop10_samples200
2kbr,43,3,0.7618,0.759,3.5208,0.659,3.521,1.859,0.73,esmfold2,fast_loop10_samples200
2kbr,43,4,0.7631,0.7639,3.2584,0.624,3.258,2.159,0.676,esmfold2,fast_loop10_samples200
2kbr,44,0,0.7673,0.7636,3.1113,0.692,3.111,1.706,0.757,esmfold2,fast_loop10_samples200
2kbr,44,1,0.7603,0.768,3.2563,0.666,3.256,1.75,0.703,esmfold2,fast_loop10_samples200
2kbr,44,2,0.7585,0.7522,3.2735,0.675,3.274,1.743,0.73,esmfold2,fast_loop10_samples200
2kbr,44,3,0.7647,0.7633,3.042,0.691,3.042,1.731,0.757,esmfold2,fast_loop10_samples200
2kbr,44,4,0.7714,0.7709,3.1221,0.69,3.122,1.716,0.757,esmfold2,fast_loop10_samples200
2ke1,42,0,0.72,0.6812,2.9086,0.815,2.909,0.865,0.8,esmfold2,fast_loop10_samples200
2ke1,42,1,0.729,0.6925,5.2974,0.719,5.297,1.082,0.78,esmfold2,fast_loop10_samples200
2ke1,42,2,0.7184,0.6874,4.176,0.787,4.176,0.949,0.84,esmfold2,fast_loop10_samples200
2ke1,42,3,0.65,0.5801,4.0835,0.656,4.083,1.853,0.76,esmfold2,fast_loop10_samples200
2ke1,42,4,0.7301,0.6955,4.5812,0.705,4.581,1.5,0.84,esmfold2,fast_loop10_samples200
2ke1,43,0,0.7261,0.6894,2.6037,0.708,2.604,1.806,0.8,esmfold2,fast_loop10_samples200
2ke1,43,1,0.6653,0.6013,1.7989,0.659,1.799,2.184,0.7,esmfold2,fast_loop10_samples200
2ke1,43,2,0.7116,0.6615,4.3639,0.633,4.364,2.054,0.76,esmfold2,fast_loop10_samples200
2ke1,43,3,0.7159,0.6677,2.1535,0.677,2.153,2.589,0.84,esmfold2,fast_loop10_samples200
2ke1,43,4,0.7038,0.6602,2.3457,0.816,2.346,1.029,0.84,esmfold2,fast_loop10_samples200
2ke1,44,0,0.7018,0.6501,4.1089,0.67,4.109,1.92,0.82,esmfold2,fast_loop10_samples200
2ke1,44,1,0.7156,0.6654,4.8182,0.657,4.818,2.031,0.86,esmfold2,fast_loop10_samples200
2ke1,44,2,0.7251,0.6855,3.7771,0.74,3.777,1.267,0.8,esmfold2,fast_loop10_samples200
2ke1,44,3,0.7291,0.6934,3.0166,0.705,3.017,1.966,0.86,esmfold2,fast_loop10_samples200
2ke1,44,4,0.7192,0.6743,2.4624,0.796,2.462,1.161,0.84,esmfold2,fast_loop10_samples200
2khh,42,0,0.6865,0.5801,3.5037,0.619,3.504,2.423,0.724,esmfold2,fast_loop10_samples200
2khh,42,1,0.6817,0.5718,3.2454,0.636,3.245,2.233,0.724,esmfold2,fast_loop10_samples200
2khh,42,2,0.6518,0.5306,3.1478,0.642,3.148,2.357,0.759,esmfold2,fast_loop10_samples200
2khh,42,3,0.665,0.5361,2.8425,0.644,2.843,2.249,0.724,esmfold2,fast_loop10_samples200
2khh,42,4,0.6601,0.558,2.4108,0.663,2.411,2.258,0.759,esmfold2,fast_loop10_samples200
2khh,43,0,0.6473,0.5414,3.1895,0.636,3.19,2.449,0.759,esmfold2,fast_loop10_samples200
2khh,43,1,0.6586,0.5488,2.5032,0.666,2.503,2.193,0.759,esmfold2,fast_loop10_samples200
2khh,43,2,0.6752,0.5538,3.8145,0.623,3.814,2.647,0.793,esmfold2,fast_loop10_samples200
2khh,43,3,0.6693,0.5623,2.9809,0.639,2.981,2.282,0.724,esmfold2,fast_loop10_samples200
2khh,43,4,0.6182,0.4498,2.9864,0.582,2.986,2.472,0.586,esmfold2,fast_loop10_samples200
2khh,44,0,0.6727,0.5501,4.2081,0.586,4.208,2.735,0.724,esmfold2,fast_loop10_samples200
2khh,44,1,0.6804,0.567,3.7856,0.606,3.786,2.543,0.724,esmfold2,fast_loop10_samples200
2khh,44,2,0.6846,0.5707,2.5228,0.651,2.523,2.237,0.724,esmfold2,fast_loop10_samples200
2khh,44,3,0.6549,0.5442,4.3845,0.593,4.384,2.744,0.759,esmfold2,fast_loop10_samples200
2khh,44,4,0.6731,0.5566,3.8934,0.604,3.893,2.515,0.724,esmfold2,fast_loop10_samples200
2koh,42,0,0.5245,0.6288,7.538,0.532,7.538,2.791,0.811,esmfold2,fast_loop10_samples200
2koh,42,1,0.5537,0.6162,11.284,0.458,11.284,3.27,0.838,esmfold2,fast_loop10_samples200
2koh,42,2,0.5465,0.5987,10.3232,0.474,10.323,2.703,0.784,esmfold2,fast_loop10_samples200
2koh,42,3,0.5263,0.6072,11.7612,0.427,11.761,3.53,0.784,esmfold2,fast_loop10_samples200
2koh,42,4,0.5636,0.627,10.9087,0.462,10.909,3.037,0.811,esmfold2,fast_loop10_samples200
2koh,43,0,0.5133,0.6344,16.8793,0.349,16.879,4.148,0.73,esmfold2,fast_loop10_samples200
2koh,43,1,0.5467,0.6135,13.1548,0.431,13.155,3.437,0.838,esmfold2,fast_loop10_samples200
2koh,43,2,0.5164,0.6357,14.4595,0.377,14.46,4.103,0.757,esmfold2,fast_loop10_samples200
2koh,43,3,0.5234,0.6317,10.4188,0.466,10.419,3.13,0.811,esmfold2,fast_loop10_samples200
2koh,43,4,0.4927,0.6404,13.7402,0.438,13.74,3.008,0.838,esmfold2,fast_loop10_samples200
2koh,44,0,0.5327,0.59,11.6839,0.451,11.684,3.036,0.811,esmfold2,fast_loop10_samples200
2koh,44,1,0.5264,0.6069,12.408,0.456,12.408,3.162,0.865,esmfold2,fast_loop10_samples200
2koh,44,2,0.5126,0.6287,9.5896,0.462,9.59,3.419,0.784,esmfold2,fast_loop10_samples200
2koh,44,3,0.5222,0.6084,12.8367,0.458,12.837,3.22,0.892,esmfold2,fast_loop10_samples200
2koh,44,4,0.5193,0.6346,7.0334,0.544,7.033,2.404,0.757,esmfold2,fast_loop10_samples200
2las,42,0,0.7286,0.7053,4.3442,0.629,4.344,2.257,0.788,esmfold2,fast_loop10_samples200
2las,42,1,0.7256,0.7057,4.363,0.627,4.363,2.282,0.788,esmfold2,fast_loop10_samples200
2las,42,2,0.7326,0.7146,4.1215,0.641,4.122,2.163,0.788,esmfold2,fast_loop10_samples200
2las,42,3,0.731,0.7138,4.5136,0.624,4.514,2.267,0.788,esmfold2,fast_loop10_samples200
2las,42,4,0.7048,0.6935,5.6545,0.573,5.655,2.68,0.788,esmfold2,fast_loop10_samples200
2las,43,0,0.7255,0.7048,4.8883,0.627,4.888,2.224,0.818,esmfold2,fast_loop10_samples200
2las,43,1,0.7252,0.7062,4.2397,0.637,4.24,2.18,0.788,esmfold2,fast_loop10_samples200
2las,43,2,0.7291,0.7089,4.0639,0.641,4.064,2.183,0.788,esmfold2,fast_loop10_samples200
2las,43,3,0.7394,0.7265,4.3026,0.632,4.303,2.223,0.788,esmfold2,fast_loop10_samples200
2las,43,4,0.7196,0.7042,3.8078,0.645,3.808,2.063,0.758,esmfold2,fast_loop10_samples200
2las,44,0,0.7359,0.7203,4.0126,0.653,4.013,2.171,0.818,esmfold2,fast_loop10_samples200
2las,44,1,0.7285,0.7032,4.4414,0.625,4.441,2.288,0.788,esmfold2,fast_loop10_samples200
2las,44,2,0.7321,0.7149,4.0228,0.621,4.023,2.191,0.727,esmfold2,fast_loop10_samples200
2las,44,3,0.7302,0.7035,4.7891,0.614,4.789,2.323,0.788,esmfold2,fast_loop10_samples200
2las,44,4,0.7289,0.7183,4.2652,0.622,4.265,2.247,0.758,esmfold2,fast_loop10_samples200
2lsi,42,0,0.7454,0.893,5.1794,0.631,5.179,2.595,0.914,esmfold2,fast_loop10_samples200
2lsi,42,1,0.7377,0.8821,6.1901,0.595,6.19,2.849,0.914,esmfold2,fast_loop10_samples200
2lsi,42,2,0.7562,0.8922,4.3013,0.677,4.301,2.183,0.914,esmfold2,fast_loop10_samples200
2lsi,42,3,0.743,0.8875,5.9302,0.615,5.93,2.541,0.914,esmfold2,fast_loop10_samples200
2lsi,42,4,0.7414,0.8824,5.4573,0.627,5.457,2.544,0.914,esmfold2,fast_loop10_samples200
2lsi,43,0,0.7125,0.8879,2.0659,0.779,2.066,1.564,0.914,esmfold2,fast_loop10_samples200
2lsi,43,1,0.7495,0.8929,5.1527,0.645,5.153,2.345,0.914,esmfold2,fast_loop10_samples200
2lsi,43,2,0.7253,0.8901,2.7794,0.743,2.779,1.908,0.943,esmfold2,fast_loop10_samples200
2lsi,43,3,0.7496,0.8853,4.7652,0.674,4.765,2.059,0.914,esmfold2,fast_loop10_samples200
2lsi,43,4,0.7507,0.8866,5.2714,0.637,5.271,2.44,0.914,esmfold2,fast_loop10_samples200
2lsi,44,0,0.7423,0.8824,4.7899,0.658,4.79,2.293,0.914,esmfold2,fast_loop10_samples200
2lsi,44,1,0.7542,0.8909,5.1442,0.653,5.144,2.376,0.943,esmfold2,fast_loop10_samples200
2lsi,44,2,0.7126,0.8822,4.036,0.699,4.036,2.24,0.971,esmfold2,fast_loop10_samples200
2lsi,44,3,0.7476,0.8898,4.6771,0.672,4.677,2.269,0.943,esmfold2,fast_loop10_samples200
2lsi,44,4,0.7481,0.8882,4.8984,0.655,4.898,2.449,0.943,esmfold2,fast_loop10_samples200
2m0v,42,0,0.8261,0.9091,2.7984,0.772,2.798,1.52,0.92,esmfold2,fast_loop10_samples200
2m0v,42,1,0.8259,0.9048,2.895,0.753,2.895,1.548,0.88,esmfold2,fast_loop10_samples200
2m0v,42,2,0.8287,0.9087,3.9175,0.734,3.918,1.505,0.88,esmfold2,fast_loop10_samples200
2m0v,42,3,0.8216,0.9041,2.9151,0.758,2.915,1.502,0.88,esmfold2,fast_loop10_samples200
2m0v,42,4,0.8197,0.9017,2.9226,0.771,2.923,1.5,0.92,esmfold2,fast_loop10_samples200
2m0v,43,0,0.8264,0.9057,3.456,0.744,3.456,1.516,0.88,esmfold2,fast_loop10_samples200
2m0v,43,1,0.8227,0.9021,3.3345,0.717,3.335,1.549,0.8,esmfold2,fast_loop10_samples200
2m0v,43,2,0.8236,0.9058,2.8901,0.754,2.89,1.545,0.88,esmfold2,fast_loop10_samples200
2m0v,43,3,0.8296,0.9051,3.3276,0.748,3.328,1.509,0.88,esmfold2,fast_loop10_samples200
2m0v,43,4,0.8177,0.8991,3.0655,0.769,3.065,1.497,0.92,esmfold2,fast_loop10_samples200
2m0v,44,0,0.8245,0.9061,2.9317,0.77,2.932,1.513,0.92,esmfold2,fast_loop10_samples200
2m0v,44,1,0.8209,0.9018,3.0335,0.75,3.034,1.55,0.88,esmfold2,fast_loop10_samples200
2m0v,44,2,0.8293,0.9061,3.4818,0.742,3.482,1.533,0.88,esmfold2,fast_loop10_samples200
2m0v,44,3,0.8181,0.8969,3.0876,0.767,3.088,1.51,0.92,esmfold2,fast_loop10_samples200
2m0v,44,4,0.8288,0.907,3.2062,0.761,3.206,1.541,0.92,esmfold2,fast_loop10_samples200
2nnu,42,0,0.6701,0.754,19.5934,0.08,19.593,9.302,0.056,esmfold2,fast_loop10_samples200
2nnu,42,1,0.3704,0.2186,17.6274,0.108,17.627,9.6,0.111,esmfold2,fast_loop10_samples200
2nnu,42,2,0.693,0.7998,20.1455,0.076,20.146,9.999,0.056,esmfold2,fast_loop10_samples200
2nnu,42,3,0.3239,0.1825,31.3102,0.063,31.31,14.582,0.111,esmfold2,fast_loop10_samples200
2nnu,42,4,0.7724,0.8242,20.438,0.084,20.438,9.884,0.083,esmfold2,fast_loop10_samples200
2nnu,43,0,0.5468,0.5451,17.6516,0.09,17.652,9.018,0.056,esmfold2,fast_loop10_samples200
2nnu,43,1,0.7295,0.8058,19.7574,0.078,19.757,9.931,0.056,esmfold2,fast_loop10_samples200
2nnu,43,2,0.3126,0.1764,32.364,0.043,32.364,15.718,0.056,esmfold2,fast_loop10_samples200
2nnu,43,3,0.668,0.774,18.0832,0.087,18.083,9.325,0.056,esmfold2,fast_loop10_samples200
2nnu,43,4,0.316,0.1223,9.2879,0.213,9.288,11.206,0.167,esmfold2,fast_loop10_samples200
2nnu,44,0,0.2509,0.1436,34.3721,0.032,34.372,15.165,0.028,esmfold2,fast_loop10_samples200
2nnu,44,1,0.2992,0.1688,33.6493,0.025,33.649,12.384,0.0,esmfold2,fast_loop10_samples200
2nnu,44,2,0.728,0.8137,19.3622,0.08,19.362,9.802,0.056,esmfold2,fast_loop10_samples200
2nnu,44,3,0.6809,0.7584,20.1642,0.076,20.164,9.797,0.056,esmfold2,fast_loop10_samples200
2nnu,44,4,0.698,0.7763,16.3432,0.097,16.343,9.567,0.056,esmfold2,fast_loop10_samples200
2o9v,42,0,0.9018,0.8641,1.6499,0.892,1.65,0.771,0.92,esmfold2,fast_loop10_samples200
2o9v,42,1,0.9212,0.8972,1.0337,0.937,1.034,0.485,0.92,esmfold2,fast_loop10_samples200
2o9v,42,2,0.9186,0.8933,0.9135,0.942,0.913,0.453,0.92,esmfold2,fast_loop10_samples200
2o9v,42,3,0.9217,0.8984,1.091,0.939,1.091,0.464,0.92,esmfold2,fast_loop10_samples200
2o9v,42,4,0.9204,0.8961,1.167,0.933,1.167,0.507,0.92,esmfold2,fast_loop10_samples200
2o9v,43,0,0.9211,0.8963,0.8535,0.948,0.853,0.401,0.92,esmfold2,fast_loop10_samples200
2o9v,43,1,0.9207,0.8958,1.1319,0.937,1.132,0.472,0.92,esmfold2,fast_loop10_samples200
2o9v,43,2,0.9174,0.8926,1.0195,0.937,1.02,0.485,0.92,esmfold2,fast_loop10_samples200
2o9v,43,3,0.9179,0.8926,0.8211,0.962,0.821,0.396,0.96,esmfold2,fast_loop10_samples200
2o9v,43,4,0.9149,0.8864,1.091,0.937,1.091,0.477,0.92,esmfold2,fast_loop10_samples200
2o9v,44,0,0.9207,0.8955,1.0018,0.938,1.002,0.478,0.92,esmfold2,fast_loop10_samples200
2o9v,44,1,0.9201,0.8963,1.0097,0.941,1.01,0.45,0.92,esmfold2,fast_loop10_samples200
2o9v,44,2,0.9217,0.8968,1.0318,0.939,1.032,0.47,0.92,esmfold2,fast_loop10_samples200
2o9v,44,3,0.9208,0.8962,1.1987,0.929,1.199,0.536,0.92,esmfold2,fast_loop10_samples200
2o9v,44,4,0.9212,0.8971,1.1049,0.937,1.105,0.477,0.92,esmfold2,fast_loop10_samples200
2p1o,42,0,0.4249,0.6222,8.6537,0.37,8.654,3.033,0.422,esmfold2,fast_loop10_samples200
2p1o,42,1,0.4394,0.637,6.1699,0.43,6.17,2.167,0.311,esmfold2,fast_loop10_samples200
2p1o,42,2,0.2992,0.4511,11.5768,0.221,11.577,4.189,0.2,esmfold2,fast_loop10_samples200
2p1o,42,3,0.4291,0.642,9.0755,0.325,9.076,3.259,0.333,esmfold2,fast_loop10_samples200
2p1o,42,4,0.4196,0.6381,7.9734,0.368,7.973,2.848,0.356,esmfold2,fast_loop10_samples200
2p1o,43,0,0.4268,0.6464,7.7707,0.374,7.771,2.816,0.356,esmfold2,fast_loop10_samples200
2p1o,43,1,0.4312,0.6307,9.1821,0.301,9.182,3.265,0.267,esmfold2,fast_loop10_samples200
2p1o,43,2,0.4322,0.6445,7.8304,0.382,7.83,2.776,0.378,esmfold2,fast_loop10_samples200
2p1o,43,3,0.4376,0.6405,9.118,0.303,9.118,3.229,0.267,esmfold2,fast_loop10_samples200
2p1o,43,4,0.4206,0.6327,8.2304,0.338,8.23,2.917,0.289,esmfold2,fast_loop10_samples200
2p1o,44,0,0.6445,0.8243,5.1342,0.64,5.134,1.797,0.778,esmfold2,fast_loop10_samples200
2p1o,44,1,0.4465,0.6474,8.9633,0.315,8.963,3.18,0.289,esmfold2,fast_loop10_samples200
2p1o,44,2,0.4344,0.6423,9.2503,0.313,9.25,3.305,0.311,esmfold2,fast_loop10_samples200
2p1o,44,3,0.6425,0.8379,5.1527,0.632,5.153,1.806,0.756,esmfold2,fast_loop10_samples200
2p1o,44,4,0.4152,0.6241,6.5478,0.418,6.548,2.327,0.333,esmfold2,fast_loop10_samples200
2qos,42,0,0.3876,0.3268,7.7316,0.327,7.732,2.768,0.208,esmfold2,fast_loop10_samples200
2qos,42,1,0.8513,0.9357,0.5364,0.817,0.536,1.165,0.83,esmfold2,fast_loop10_samples200
2qos,42,2,0.8465,0.93,0.7592,0.826,0.759,1.084,0.83,esmfold2,fast_loop10_samples200
2qos,42,3,0.8485,0.9327,0.6196,0.805,0.62,1.2,0.811,esmfold2,fast_loop10_samples200
2qos,42,4,0.8402,0.933,0.7485,0.866,0.748,0.937,0.887,esmfold2,fast_loop10_samples200
2qos,43,0,0.8521,0.937,0.5908,0.857,0.591,1.056,0.906,esmfold2,fast_loop10_samples200
2qos,43,1,0.4425,0.4485,7.718,0.355,7.718,2.723,0.283,esmfold2,fast_loop10_samples200
2qos,43,2,0.4127,0.4219,8.146,0.323,8.146,2.825,0.226,esmfold2,fast_loop10_samples200
2qos,43,3,0.854,0.9363,0.6166,0.826,0.617,1.049,0.811,esmfold2,fast_loop10_samples200
2qos,43,4,0.4012,0.4147,8.0663,0.32,8.066,2.777,0.208,esmfold2,fast_loop10_samples200
2qos,44,0,0.8505,0.9335,0.6501,0.81,0.65,1.163,0.811,esmfold2,fast_loop10_samples200
2qos,44,1,0.8464,0.9298,0.817,0.861,0.817,0.923,0.868,esmfold2,fast_loop10_samples200
2qos,44,2,0.4213,0.4265,9.7842,0.257,9.784,3.3,0.17,esmfold2,fast_loop10_samples200
2qos,44,3,0.3866,0.3341,8.3265,0.315,8.327,2.93,0.226,esmfold2,fast_loop10_samples200
2qos,44,4,0.848,0.9322,0.7921,0.821,0.792,1.17,0.849,esmfold2,fast_loop10_samples200
2r7g,42,0,0.9108,0.9659,1.1674,0.869,1.167,0.734,0.82,esmfold2,fast_loop10_samples200
2r7g,42,1,0.908,0.9652,1.2117,0.87,1.212,0.776,0.84,esmfold2,fast_loop10_samples200
2r7g,42,2,0.9123,0.9672,1.2255,0.862,1.226,0.784,0.82,esmfold2,fast_loop10_samples200
2r7g,42,3,0.8974,0.9633,1.9185,0.799,1.919,0.966,0.74,esmfold2,fast_loop10_samples200
2r7g,42,4,0.9019,0.9621,0.9821,0.868,0.982,0.754,0.82,esmfold2,fast_loop10_samples200
2r7g,43,0,0.9087,0.9646,0.9954,0.877,0.995,0.738,0.84,esmfold2,fast_loop10_samples200
2r7g,43,1,0.9079,0.9641,1.0385,0.874,1.039,0.709,0.82,esmfold2,fast_loop10_samples200
2r7g,43,2,0.8981,0.9628,2.1393,0.79,2.139,1.008,0.74,esmfold2,fast_loop10_samples200
2r7g,43,3,0.8932,0.9564,1.2317,0.871,1.232,0.765,0.84,esmfold2,fast_loop10_samples200
2r7g,43,4,0.904,0.962,1.0035,0.872,1.003,0.728,0.82,esmfold2,fast_loop10_samples200
2r7g,44,0,0.9126,0.9668,1.11,0.866,1.11,0.762,0.82,esmfold2,fast_loop10_samples200
2r7g,44,1,0.8978,0.9626,1.818,0.794,1.818,1.019,0.74,esmfold2,fast_loop10_samples200
2r7g,44,2,0.9078,0.9646,0.9324,0.864,0.932,0.741,0.8,esmfold2,fast_loop10_samples200
2r7g,44,3,0.9053,0.9633,0.8504,0.87,0.85,0.748,0.82,esmfold2,fast_loop10_samples200
2r7g,44,4,0.9154,0.9686,1.0349,0.864,1.035,0.731,0.8,esmfold2,fast_loop10_samples200
2rol,42,0,0.8614,0.8269,2.6421,0.724,2.642,1.378,0.719,esmfold2,fast_loop10_samples200
2rol,42,1,0.8588,0.8267,3.383,0.728,3.383,1.479,0.812,esmfold2,fast_loop10_samples200
2rol,42,2,0.8591,0.8249,3.3821,0.74,3.382,1.289,0.781,esmfold2,fast_loop10_samples200
2rol,42,3,0.8578,0.8261,2.9429,0.771,2.943,1.208,0.812,esmfold2,fast_loop10_samples200
2rol,42,4,0.8632,0.8312,3.1863,0.739,3.186,1.331,0.781,esmfold2,fast_loop10_samples200
2rol,43,0,0.8628,0.8308,3.7317,0.754,3.732,1.278,0.844,esmfold2,fast_loop10_samples200
2rol,43,1,0.8619,0.8313,4.0791,0.686,4.079,1.514,0.75,esmfold2,fast_loop10_samples200
2rol,43,2,0.8547,0.8197,4.0275,0.707,4.027,1.431,0.781,esmfold2,fast_loop10_samples200
2rol,43,3,0.8603,0.8279,4.1252,0.696,4.125,1.419,0.75,esmfold2,fast_loop10_samples200
2rol,43,4,0.8411,0.7989,3.8862,0.747,3.886,1.302,0.844,esmfold2,fast_loop10_samples200
2rol,44,0,0.8587,0.8265,2.8672,0.742,2.867,1.366,0.781,esmfold2,fast_loop10_samples200
2rol,44,1,0.8603,0.8294,3.6591,0.71,3.659,1.394,0.75,esmfold2,fast_loop10_samples200
2rol,44,2,0.861,0.8291,3.986,0.703,3.986,1.389,0.75,esmfold2,fast_loop10_samples200
2rol,44,3,0.8585,0.8236,2.5932,0.746,2.593,1.38,0.781,esmfold2,fast_loop10_samples200
2rol,44,4,0.8629,0.8322,3.8992,0.709,3.899,1.443,0.781,esmfold2,fast_loop10_samples200
2v8c,42,0,0.465,0.3042,19.9445,0.098,19.945,9.265,0.114,esmfold2,fast_loop10_samples200
2v8c,42,1,0.6599,0.5596,5.3878,0.513,5.388,2.231,0.514,esmfold2,fast_loop10_samples200
2v8c,42,2,0.6136,0.5001,5.6441,0.48,5.644,2.206,0.429,esmfold2,fast_loop10_samples200
2v8c,42,3,0.6236,0.5146,5.6252,0.509,5.625,2.193,0.514,esmfold2,fast_loop10_samples200
2v8c,42,4,0.6171,0.5003,5.3843,0.514,5.384,2.212,0.514,esmfold2,fast_loop10_samples200
2v8c,43,0,0.6022,0.4854,5.3476,0.522,5.348,2.109,0.514,esmfold2,fast_loop10_samples200
2v8c,43,1,0.5062,0.3671,20.0874,0.116,20.087,9.179,0.171,esmfold2,fast_loop10_samples200
2v8c,43,2,0.5874,0.4623,5.6271,0.495,5.627,2.264,0.486,esmfold2,fast_loop10_samples200
2v8c,43,3,0.4508,0.2875,18.9945,0.122,18.994,8.857,0.171,esmfold2,fast_loop10_samples200
2v8c,43,4,0.632,0.5226,5.4501,0.517,5.45,2.152,0.514,esmfold2,fast_loop10_samples200
2v8c,44,0,0.659,0.563,5.722,0.497,5.722,2.351,0.514,esmfold2,fast_loop10_samples200
2v8c,44,1,0.4736,0.3293,18.9585,0.122,18.958,8.864,0.171,esmfold2,fast_loop10_samples200
2v8c,44,2,0.6375,0.5286,5.2188,0.526,5.219,2.249,0.543,esmfold2,fast_loop10_samples200
2v8c,44,3,0.5831,0.4572,5.1288,0.535,5.129,2.146,0.543,esmfold2,fast_loop10_samples200
2v8c,44,4,0.4689,0.309,19.9381,0.088,19.938,9.244,0.086,esmfold2,fast_loop10_samples200
2vzg,42,0,0.686,0.6752,14.2662,0.113,14.266,7.177,0.036,esmfold2,fast_loop10_samples200
2vzg,42,1,0.6963,0.6924,14.3787,0.112,14.379,7.225,0.036,esmfold2,fast_loop10_samples200
2vzg,42,2,0.6682,0.6361,14.3318,0.112,14.332,7.212,0.036,esmfold2,fast_loop10_samples200
2vzg,42,3,0.7304,0.7237,13.5379,0.122,13.538,6.822,0.036,esmfold2,fast_loop10_samples200
2vzg,42,4,0.7002,0.6877,14.5807,0.11,14.581,7.332,0.036,esmfold2,fast_loop10_samples200
2vzg,43,0,0.709,0.691,12.9402,0.129,12.94,6.497,0.036,esmfold2,fast_loop10_samples200
2vzg,43,1,0.7026,0.6937,14.5925,0.11,14.593,7.349,0.036,esmfold2,fast_loop10_samples200
2vzg,43,2,0.4906,0.3108,3.8226,0.53,3.823,1.972,0.393,esmfold2,fast_loop10_samples200
2vzg,43,3,0.6884,0.675,14.5098,0.111,14.51,7.308,0.036,esmfold2,fast_loop10_samples200
2vzg,43,4,0.6568,0.6115,14.5445,0.11,14.544,7.32,0.036,esmfold2,fast_loop10_samples200
2vzg,44,0,0.5057,0.3385,4.3654,0.496,4.365,2.271,0.393,esmfold2,fast_loop10_samples200
2vzg,44,1,0.4998,0.3386,7.2152,0.398,7.215,3.58,0.464,esmfold2,fast_loop10_samples200
2vzg,44,2,0.6658,0.6046,13.578,0.121,13.578,6.836,0.036,esmfold2,fast_loop10_samples200
2vzg,44,3,0.7426,0.7398,13.5139,0.122,13.514,6.808,0.036,esmfold2,fast_loop10_samples200
2vzg,44,4,0.496,0.3172,4.4408,0.521,4.441,2.219,0.464,esmfold2,fast_loop10_samples200
2xcb,42,0,0.8953,0.9523,0.9331,0.941,0.933,0.345,0.886,esmfold2,fast_loop10_samples200
2xcb,42,1,0.8972,0.9534,0.8523,0.942,0.852,0.347,0.886,esmfold2,fast_loop10_samples200
2xcb,42,2,0.8976,0.9524,1.0206,0.939,1.021,0.359,0.886,esmfold2,fast_loop10_samples200
2xcb,42,3,0.8993,0.9566,0.9937,0.95,0.994,0.347,0.914,esmfold2,fast_loop10_samples200
2xcb,42,4,0.8996,0.956,0.9053,0.949,0.905,0.362,0.914,esmfold2,fast_loop10_samples200
2xcb,43,0,0.9001,0.9555,0.8804,0.933,0.88,0.338,0.857,esmfold2,fast_loop10_samples200
2xcb,43,1,0.8967,0.9544,0.926,0.95,0.926,0.349,0.914,esmfold2,fast_loop10_samples200
2xcb,43,2,0.8943,0.946,0.8672,0.963,0.867,0.32,0.943,esmfold2,fast_loop10_samples200
2xcb,43,3,0.8986,0.9543,0.9688,0.932,0.969,0.339,0.857,esmfold2,fast_loop10_samples200
2xcb,43,4,0.8969,0.9533,0.9327,0.931,0.933,0.348,0.857,esmfold2,fast_loop10_samples200
2xcb,44,0,0.885,0.9481,0.9704,0.936,0.97,0.394,0.886,esmfold2,fast_loop10_samples200
2xcb,44,1,0.8976,0.9545,0.9962,0.94,0.996,0.348,0.886,esmfold2,fast_loop10_samples200
2xcb,44,2,0.8997,0.9538,1.0095,0.931,1.009,0.349,0.857,esmfold2,fast_loop10_samples200
2xcb,44,3,0.8934,0.9518,1.0985,0.927,1.098,0.379,0.857,esmfold2,fast_loop10_samples200
2xcb,44,4,0.8984,0.9539,1.0077,0.941,1.008,0.341,0.886,esmfold2,fast_loop10_samples200
2xpn,42,0,0.8533,0.8991,2.2789,0.815,2.279,1.175,0.894,esmfold2,fast_loop10_samples200
2xpn,42,1,0.8572,0.9059,2.3246,0.818,2.325,1.202,0.915,esmfold2,fast_loop10_samples200
2xpn,42,2,0.8494,0.8975,2.23,0.823,2.23,1.176,0.915,esmfold2,fast_loop10_samples200
2xpn,42,3,0.8481,0.8946,2.3218,0.801,2.322,1.172,0.851,esmfold2,fast_loop10_samples200
2xpn,42,4,0.8251,0.8723,2.789,0.764,2.789,1.45,0.872,esmfold2,fast_loop10_samples200
2xpn,43,0,0.8532,0.901,2.1988,0.829,2.199,1.135,0.915,esmfold2,fast_loop10_samples200
2xpn,43,1,0.8497,0.8973,2.3431,0.804,2.343,1.195,0.872,esmfold2,fast_loop10_samples200
2xpn,43,2,0.8416,0.8935,2.3421,0.817,2.342,1.211,0.915,esmfold2,fast_loop10_samples200
2xpn,43,3,0.8467,0.8969,2.4459,0.767,2.446,1.247,0.787,esmfold2,fast_loop10_samples200
2xpn,43,4,0.8525,0.9014,2.443,0.782,2.443,1.244,0.83,esmfold2,fast_loop10_samples200
2xpn,44,0,0.8577,0.9059,2.1806,0.835,2.181,1.097,0.915,esmfold2,fast_loop10_samples200
2xpn,44,1,0.8552,0.9039,2.2677,0.828,2.268,1.139,0.915,esmfold2,fast_loop10_samples200
2xpn,44,2,0.8497,0.8968,2.4127,0.791,2.413,1.23,0.851,esmfold2,fast_loop10_samples200
2xpn,44,3,0.8499,0.8969,2.3826,0.793,2.383,1.221,0.851,esmfold2,fast_loop10_samples200
2xpn,44,4,0.8556,0.9042,2.0772,0.838,2.077,1.086,0.915,esmfold2,fast_loop10_samples200
2xrw,42,0,0.8555,0.9372,2.9945,0.822,2.994,1.285,1.0,esmfold2,fast_loop10_samples200
2xrw,42,1,0.8607,0.9383,3.2415,0.809,3.242,1.348,1.0,esmfold2,fast_loop10_samples200
2xrw,42,2,0.86,0.9379,3.3569,0.797,3.357,1.422,1.0,esmfold2,fast_loop10_samples200
2xrw,42,3,0.8615,0.9404,3.3444,0.801,3.344,1.395,1.0,esmfold2,fast_loop10_samples200
2xrw,42,4,0.8578,0.9385,3.5846,0.786,3.585,1.474,1.0,esmfold2,fast_loop10_samples200
2xrw,43,0,0.8569,0.9336,3.2148,0.804,3.215,1.394,1.0,esmfold2,fast_loop10_samples200
2xrw,43,1,0.8557,0.9339,3.2998,0.8,3.3,1.413,1.0,esmfold2,fast_loop10_samples200
2xrw,43,2,0.8585,0.9387,3.1862,0.805,3.186,1.391,1.0,esmfold2,fast_loop10_samples200
2xrw,43,3,0.8459,0.9282,3.2986,0.795,3.299,1.385,0.975,esmfold2,fast_loop10_samples200
2xrw,43,4,0.8612,0.9401,3.3464,0.798,3.346,1.419,1.0,esmfold2,fast_loop10_samples200
2xrw,44,0,0.8618,0.941,3.3151,0.799,3.315,1.417,1.0,esmfold2,fast_loop10_samples200
2xrw,44,1,0.8606,0.9388,3.2826,0.803,3.283,1.391,1.0,esmfold2,fast_loop10_samples200
2xrw,44,2,0.8612,0.9393,3.1688,0.806,3.169,1.385,1.0,esmfold2,fast_loop10_samples200
2xrw,44,3,0.8616,0.9387,3.3697,0.795,3.37,1.442,1.0,esmfold2,fast_loop10_samples200
2xrw,44,4,0.8564,0.9357,3.249,0.803,3.249,1.397,1.0,esmfold2,fast_loop10_samples200
2ymt,42,0,0.92,0.9569,0.894,0.959,0.894,0.333,0.935,esmfold2,fast_loop10_samples200
2ymt,42,1,0.9197,0.958,0.9388,0.968,0.939,0.355,0.968,esmfold2,fast_loop10_samples200
2ymt,42,2,0.9169,0.9522,0.4162,0.983,0.416,0.201,0.968,esmfold2,fast_loop10_samples200
2ymt,42,3,0.919,0.9543,0.7921,0.962,0.792,0.308,0.935,esmfold2,fast_loop10_samples200
2ymt,42,4,0.921,0.9583,0.871,0.97,0.871,0.33,0.968,esmfold2,fast_loop10_samples200
2ymt,43,0,0.9155,0.9524,0.8146,0.972,0.815,0.316,0.968,esmfold2,fast_loop10_samples200
2ymt,43,1,0.9184,0.9554,0.8221,0.971,0.822,0.324,0.968,esmfold2,fast_loop10_samples200
2ymt,43,2,0.9214,0.9565,0.7013,0.954,0.701,0.282,0.903,esmfold2,fast_loop10_samples200
2ymt,43,3,0.9218,0.9595,0.9362,0.969,0.936,0.344,0.968,esmfold2,fast_loop10_samples200
2ymt,43,4,0.9215,0.9567,0.4746,0.982,0.475,0.207,0.968,esmfold2,fast_loop10_samples200
2ymt,44,0,0.9165,0.9533,0.9113,0.97,0.911,0.333,0.968,esmfold2,fast_loop10_samples200
2ymt,44,1,0.919,0.9553,0.9254,0.946,0.925,0.352,0.903,esmfold2,fast_loop10_samples200
2ymt,44,2,0.9138,0.9479,0.6023,0.979,0.602,0.248,0.968,esmfold2,fast_loop10_samples200
2ymt,44,3,0.9164,0.9523,0.6271,0.978,0.627,0.252,0.968,esmfold2,fast_loop10_samples200
2ymt,44,4,0.921,0.9582,0.8856,0.97,0.886,0.334,0.968,esmfold2,fast_loop10_samples200
3agy,42,0,0.8939,0.95,1.0865,0.961,1.086,0.4,0.967,esmfold2,fast_loop10_samples200
3agy,42,1,0.8814,0.9488,2.1681,0.905,2.168,0.73,0.967,esmfold2,fast_loop10_samples200
3agy,42,2,0.8926,0.9513,1.8499,0.924,1.85,0.544,0.933,esmfold2,fast_loop10_samples200
3agy,42,3,0.8933,0.9491,1.321,0.955,1.321,0.436,0.967,esmfold2,fast_loop10_samples200
3agy,42,4,0.8927,0.952,1.3076,0.95,1.308,0.48,0.967,esmfold2,fast_loop10_samples200
3agy,43,0,0.8948,0.9507,1.4122,0.951,1.412,0.46,0.967,esmfold2,fast_loop10_samples200
3agy,43,1,0.895,0.9507,1.4083,0.953,1.408,0.448,0.967,esmfold2,fast_loop10_samples200
3agy,43,2,0.8907,0.9508,1.7294,0.942,1.729,0.501,0.967,esmfold2,fast_loop10_samples200
3agy,43,3,0.8951,0.9525,1.5258,0.946,1.526,0.49,0.967,esmfold2,fast_loop10_samples200
3agy,43,4,0.8948,0.9505,1.5243,0.941,1.524,0.531,0.967,esmfold2,fast_loop10_samples200
3agy,44,0,0.8942,0.9507,1.6823,0.941,1.682,0.52,0.967,esmfold2,fast_loop10_samples200
3agy,44,1,0.8951,0.9507,1.1846,0.956,1.185,0.442,0.967,esmfold2,fast_loop10_samples200
3agy,44,2,0.8964,0.9515,1.3504,0.952,1.35,0.457,0.967,esmfold2,fast_loop10_samples200
3agy,44,3,0.8958,0.9506,1.3717,0.949,1.372,0.48,0.967,esmfold2,fast_loop10_samples200
3agy,44,4,0.8888,0.9476,1.0655,0.955,1.065,0.46,0.967,esmfold2,fast_loop10_samples200
3bej,42,0,0.7391,0.795,2.1758,0.769,2.176,1.081,0.711,esmfold2,fast_loop10_samples200
3bej,42,1,0.7292,0.7789,2.1202,0.766,2.12,1.111,0.711,esmfold2,fast_loop10_samples200
3bej,42,2,0.7275,0.7758,1.3923,0.834,1.392,0.89,0.789,esmfold2,fast_loop10_samples200
3bej,42,3,0.7415,0.7962,2.0994,0.769,2.099,1.093,0.711,esmfold2,fast_loop10_samples200
3bej,42,4,0.7438,0.7993,2.1593,0.766,2.159,1.108,0.711,esmfold2,fast_loop10_samples200
3bej,43,0,0.7404,0.7941,2.5729,0.76,2.573,1.226,0.763,esmfold2,fast_loop10_samples200
3bej,43,1,0.7362,0.7922,2.2758,0.761,2.276,1.13,0.711,esmfold2,fast_loop10_samples200
3bej,43,2,0.7405,0.7905,1.8451,0.807,1.845,0.974,0.763,esmfold2,fast_loop10_samples200
3bej,43,3,0.7372,0.7865,2.2441,0.776,2.244,1.083,0.737,esmfold2,fast_loop10_samples200
3bej,43,4,0.7317,0.7833,1.9541,0.78,1.954,1.091,0.737,esmfold2,fast_loop10_samples200
3bej,44,0,0.7397,0.789,2.1506,0.773,2.151,1.117,0.737,esmfold2,fast_loop10_samples200
3bej,44,1,0.7387,0.7929,2.421,0.76,2.421,1.117,0.711,esmfold2,fast_loop10_samples200
3bej,44,2,0.7405,0.7946,2.1423,0.776,2.142,1.102,0.737,esmfold2,fast_loop10_samples200
3bej,44,3,0.7433,0.7988,1.9431,0.808,1.943,1.021,0.789,esmfold2,fast_loop10_samples200
3bej,44,4,0.739,0.7944,1.8658,0.786,1.866,0.997,0.711,esmfold2,fast_loop10_samples200
3bqo,42,0,0.8113,0.8819,1.4545,0.907,1.454,0.61,0.891,esmfold2,fast_loop10_samples200
3bqo,42,1,0.8182,0.8891,2.1389,0.851,2.139,0.892,0.875,esmfold2,fast_loop10_samples200
3bqo,42,2,0.8096,0.8875,1.6984,0.873,1.698,0.683,0.828,esmfold2,fast_loop10_samples200
3bqo,42,3,0.823,0.8859,1.2489,0.931,1.249,0.565,0.938,esmfold2,fast_loop10_samples200
3bqo,42,4,0.8174,0.8838,1.2675,0.908,1.267,0.582,0.875,esmfold2,fast_loop10_samples200
3bqo,43,0,0.8218,0.8869,1.8054,0.883,1.805,0.747,0.891,esmfold2,fast_loop10_samples200
3bqo,43,1,0.8208,0.8882,1.9383,0.877,1.938,0.81,0.906,esmfold2,fast_loop10_samples200
3bqo,43,2,0.8255,0.888,1.2332,0.908,1.233,0.582,0.875,esmfold2,fast_loop10_samples200
3bqo,43,3,0.825,0.887,1.3822,0.899,1.382,0.633,0.875,esmfold2,fast_loop10_samples200
3bqo,43,4,0.8238,0.8865,1.2326,0.927,1.233,0.556,0.922,esmfold2,fast_loop10_samples200
3bqo,44,0,0.8204,0.8855,1.6391,0.903,1.639,0.695,0.922,esmfold2,fast_loop10_samples200
3bqo,44,1,0.8227,0.8859,1.5457,0.9,1.546,0.688,0.906,esmfold2,fast_loop10_samples200
3bqo,44,2,0.8217,0.8854,1.6075,0.907,1.607,0.667,0.922,esmfold2,fast_loop10_samples200
3bqo,44,3,0.8208,0.8857,1.4168,0.895,1.417,0.625,0.859,esmfold2,fast_loop10_samples200
3bqo,44,4,0.8239,0.8868,1.5497,0.902,1.55,0.671,0.906,esmfold2,fast_loop10_samples200
3emh,42,0,0.7772,0.8713,1.146,0.9,1.146,0.338,0.767,esmfold2,fast_loop10_samples200
3emh,42,1,0.7791,0.8732,1.2405,0.931,1.24,0.358,0.867,esmfold2,fast_loop10_samples200
3emh,42,2,0.7622,0.8579,1.0053,0.927,1.005,0.305,0.833,esmfold2,fast_loop10_samples200
3emh,42,3,0.7804,0.8794,0.9331,0.94,0.933,0.283,0.867,esmfold2,fast_loop10_samples200
3emh,42,4,0.7778,0.8742,1.1593,0.911,1.159,0.342,0.8,esmfold2,fast_loop10_samples200
3emh,43,0,0.7576,0.8511,0.8822,0.93,0.882,0.279,0.833,esmfold2,fast_loop10_samples200
3emh,43,1,0.7715,0.8609,0.5669,0.936,0.567,0.219,0.833,esmfold2,fast_loop10_samples200
3emh,43,2,0.7635,0.8577,1.5758,0.918,1.576,0.442,0.867,esmfold2,fast_loop10_samples200
3emh,43,3,0.7568,0.8465,0.7041,0.934,0.704,0.242,0.833,esmfold2,fast_loop10_samples200
3emh,43,4,0.7667,0.862,0.9529,0.939,0.953,0.293,0.867,esmfold2,fast_loop10_samples200
3emh,44,0,0.7732,0.8644,0.9469,0.95,0.947,0.291,0.9,esmfold2,fast_loop10_samples200
3emh,44,1,0.7701,0.8606,0.7292,0.933,0.729,0.245,0.833,esmfold2,fast_loop10_samples200
3emh,44,2,0.7754,0.8663,0.8209,0.943,0.821,0.263,0.867,esmfold2,fast_loop10_samples200
3emh,44,3,0.7773,0.8659,0.7769,0.932,0.777,0.254,0.833,esmfold2,fast_loop10_samples200
3emh,44,4,0.772,0.8625,0.7912,0.921,0.791,0.259,0.8,esmfold2,fast_loop10_samples200
3emw,42,0,0.7837,0.8539,5.6065,0.451,5.607,2.036,0.303,esmfold2,fast_loop10_samples200
3emw,42,1,0.7143,0.7776,7.5446,0.412,7.545,2.808,0.455,esmfold2,fast_loop10_samples200
3emw,42,2,0.8531,0.8978,1.3104,0.923,1.31,0.542,0.909,esmfold2,fast_loop10_samples200
3emw,42,3,0.8722,0.9201,0.7469,0.965,0.747,0.287,0.939,esmfold2,fast_loop10_samples200
3emw,42,4,0.7761,0.8497,5.5366,0.462,5.537,2.035,0.333,esmfold2,fast_loop10_samples200
3emw,43,0,0.7349,0.853,6.8369,0.4,6.837,2.539,0.333,esmfold2,fast_loop10_samples200
3emw,43,1,0.7544,0.854,5.6717,0.43,5.672,2.159,0.273,esmfold2,fast_loop10_samples200
3emw,43,2,0.7774,0.8526,5.3662,0.469,5.366,2.009,0.333,esmfold2,fast_loop10_samples200
3emw,43,3,0.7786,0.8576,5.4552,0.465,5.455,2.024,0.333,esmfold2,fast_loop10_samples200
3emw,43,4,0.7607,0.8553,6.4228,0.421,6.423,2.324,0.333,esmfold2,fast_loop10_samples200
3emw,44,0,0.7469,0.8556,6.7192,0.396,6.719,2.473,0.303,esmfold2,fast_loop10_samples200
3emw,44,1,0.7832,0.8539,5.5652,0.463,5.565,2.022,0.333,esmfold2,fast_loop10_samples200
3emw,44,2,0.7432,0.8531,6.7779,0.388,6.778,2.593,0.303,esmfold2,fast_loop10_samples200
3emw,44,3,0.7772,0.8539,5.359,0.459,5.359,2.01,0.303,esmfold2,fast_loop10_samples200
3emw,44,4,0.7811,0.851,5.4472,0.463,5.447,2.054,0.333,esmfold2,fast_loop10_samples200
3et3,42,0,0.7613,0.8436,1.3249,0.915,1.325,0.565,0.894,esmfold2,fast_loop10_samples200
3et3,42,1,0.7555,0.8327,1.7641,0.851,1.764,0.885,0.851,esmfold2,fast_loop10_samples200
3et3,42,2,0.7589,0.8395,1.2477,0.912,1.248,0.598,0.894,esmfold2,fast_loop10_samples200
3et3,42,3,0.7665,0.8383,2.4533,0.807,2.453,1.216,0.894,esmfold2,fast_loop10_samples200
3et3,42,4,0.7705,0.8497,1.4925,0.911,1.492,0.58,0.894,esmfold2,fast_loop10_samples200
3et3,43,0,0.7614,0.8428,1.3292,0.909,1.329,0.558,0.872,esmfold2,fast_loop10_samples200
3et3,43,1,0.7652,0.8446,1.2176,0.897,1.218,0.658,0.872,esmfold2,fast_loop10_samples200
3et3,43,2,0.7531,0.8291,2.2628,0.81,2.263,1.058,0.83,esmfold2,fast_loop10_samples200
3et3,43,3,0.7665,0.8353,2.268,0.813,2.268,1.088,0.851,esmfold2,fast_loop10_samples200
3et3,43,4,0.7574,0.8378,1.223,0.923,1.223,0.508,0.894,esmfold2,fast_loop10_samples200
3et3,44,0,0.7661,0.8452,1.4691,0.893,1.469,0.668,0.872,esmfold2,fast_loop10_samples200
3et3,44,1,0.7585,0.8345,2.6093,0.801,2.609,1.185,0.872,esmfold2,fast_loop10_samples200
3et3,44,2,0.7632,0.841,1.2691,0.925,1.269,0.549,0.915,esmfold2,fast_loop10_samples200
3et3,44,3,0.7597,0.8404,0.6768,0.942,0.677,0.303,0.872,esmfold2,fast_loop10_samples200
3et3,44,4,0.7662,0.8451,1.4288,0.918,1.429,0.53,0.894,esmfold2,fast_loop10_samples200
3fp2,42,0,0.7055,0.8873,18.1462,0.436,18.146,2.111,0.792,esmfold2,fast_loop10_samples200
3fp2,42,1,0.71,0.8845,11.5048,0.515,11.505,1.839,0.792,esmfold2,fast_loop10_samples200
3fp2,42,2,0.685,0.8777,17.5598,0.422,17.56,2.153,0.75,esmfold2,fast_loop10_samples200
3fp2,42,3,0.6893,0.8833,10.0629,0.51,10.063,2.171,0.792,esmfold2,fast_loop10_samples200
3fp2,42,4,0.7064,0.8844,19.7426,0.435,19.743,2.204,0.833,esmfold2,fast_loop10_samples200
3fp2,43,0,0.6975,0.8803,20.7961,0.422,20.796,2.356,0.833,esmfold2,fast_loop10_samples200
3fp2,43,1,0.7048,0.8815,18.5659,0.452,18.566,2.05,0.833,esmfold2,fast_loop10_samples200
3fp2,43,2,0.6941,0.8802,15.8001,0.457,15.8,2.219,0.833,esmfold2,fast_loop10_samples200
3fp2,43,3,0.7005,0.8826,19.0395,0.431,19.04,2.329,0.833,esmfold2,fast_loop10_samples200
3fp2,43,4,0.6346,0.8106,17.6619,0.498,17.662,1.882,0.917,esmfold2,fast_loop10_samples200
3fp2,44,0,0.6988,0.8864,17.8211,0.426,17.821,2.278,0.792,esmfold2,fast_loop10_samples200
3fp2,44,1,0.7072,0.892,10.9748,0.56,10.975,1.585,0.833,esmfold2,fast_loop10_samples200
3fp2,44,2,0.7158,0.8895,21.2549,0.413,21.255,2.245,0.792,esmfold2,fast_loop10_samples200
3fp2,44,3,0.7095,0.8906,17.9344,0.443,17.934,2.224,0.833,esmfold2,fast_loop10_samples200
3fp2,44,4,0.703,0.8895,19.8739,0.428,19.874,2.315,0.833,esmfold2,fast_loop10_samples200
3g2s,42,0,0.8071,0.8907,4.2085,0.788,4.208,1.256,0.973,esmfold2,fast_loop10_samples200
3g2s,42,1,0.8074,0.8878,4.4332,0.783,4.433,1.252,0.973,esmfold2,fast_loop10_samples200
3g2s,42,2,0.8091,0.8907,4.5795,0.744,4.58,1.547,0.973,esmfold2,fast_loop10_samples200
3g2s,42,3,0.8025,0.887,4.4942,0.794,4.494,1.158,0.973,esmfold2,fast_loop10_samples200
3g2s,42,4,0.8078,0.8908,2.488,0.876,2.488,0.905,0.973,esmfold2,fast_loop10_samples200
3g2s,43,0,0.8049,0.892,2.7444,0.853,2.744,0.901,0.919,esmfold2,fast_loop10_samples200
3g2s,43,1,0.8125,0.8892,2.5923,0.883,2.592,0.904,1.0,esmfold2,fast_loop10_samples200
3g2s,43,2,0.8134,0.8903,4.0207,0.799,4.021,1.207,0.973,esmfold2,fast_loop10_samples200
3g2s,43,3,0.8101,0.89,2.6873,0.857,2.687,1.008,0.973,esmfold2,fast_loop10_samples200
3g2s,43,4,0.8124,0.889,0.8222,0.939,0.822,0.69,1.0,esmfold2,fast_loop10_samples200
3g2s,44,0,0.813,0.8884,3.3294,0.864,3.329,0.862,0.973,esmfold2,fast_loop10_samples200
3g2s,44,1,0.8044,0.8904,2.4176,0.89,2.418,0.815,0.973,esmfold2,fast_loop10_samples200
3g2s,44,2,0.7916,0.888,3.3215,0.838,3.322,1.045,0.973,esmfold2,fast_loop10_samples200
3g2s,44,3,0.8114,0.8874,2.3125,0.902,2.312,0.745,0.973,esmfold2,fast_loop10_samples200
3g2s,44,4,0.8107,0.8878,0.7655,0.935,0.766,0.654,0.973,esmfold2,fast_loop10_samples200
3h1z,42,0,0.3715,0.2822,18.3136,0.115,18.314,7.932,0.132,esmfold2,fast_loop10_samples200
3h1z,42,1,0.3533,0.2683,14.3049,0.122,14.305,5.609,0.038,esmfold2,fast_loop10_samples200
3h1z,42,2,0.3432,0.2491,6.1485,0.424,6.149,2.836,0.396,esmfold2,fast_loop10_samples200
3h1z,42,3,0.3363,0.2461,8.9896,0.308,8.99,3.835,0.321,esmfold2,fast_loop10_samples200
3h1z,42,4,0.3967,0.3184,18.2101,0.109,18.21,8.054,0.113,esmfold2,fast_loop10_samples200
3h1z,43,0,0.3609,0.288,12.1372,0.184,12.137,4.747,0.132,esmfold2,fast_loop10_samples200
3h1z,43,1,0.3545,0.2468,15.005,0.127,15.005,5.771,0.075,esmfold2,fast_loop10_samples200
3h1z,43,2,0.3583,0.2992,19.263,0.096,19.263,8.491,0.094,esmfold2,fast_loop10_samples200
3h1z,43,3,0.3805,0.2925,23.1914,0.09,23.191,10.322,0.132,esmfold2,fast_loop10_samples200
3h1z,43,4,0.3745,0.3132,17.8669,0.118,17.867,7.768,0.132,esmfold2,fast_loop10_samples200
3h1z,44,0,0.3507,0.2874,9.1775,0.296,9.178,3.965,0.302,esmfold2,fast_loop10_samples200
3h1z,44,1,0.3728,0.2989,19.2247,0.109,19.225,8.529,0.132,esmfold2,fast_loop10_samples200
3h1z,44,2,0.3828,0.3044,22.2357,0.107,22.236,9.589,0.17,esmfold2,fast_loop10_samples200
3h1z,44,3,0.3811,0.3295,18.4489,0.107,18.449,8.097,0.113,esmfold2,fast_loop10_samples200
3h1z,44,4,0.4749,0.4192,23.7124,0.082,23.712,10.508,0.113,esmfold2,fast_loop10_samples200
3i5r,42,0,0.8933,0.8882,0.9086,0.958,0.909,0.536,1.0,esmfold2,fast_loop10_samples200
3i5r,42,1,0.8945,0.8895,0.895,0.946,0.895,0.532,0.962,esmfold2,fast_loop10_samples200
3i5r,42,2,0.8909,0.8823,0.8551,0.944,0.855,0.554,0.962,esmfold2,fast_loop10_samples200
3i5r,42,3,0.8918,0.886,0.994,0.944,0.994,0.545,0.962,esmfold2,fast_loop10_samples200
3i5r,42,4,0.8905,0.884,0.9549,0.943,0.955,0.556,0.962,esmfold2,fast_loop10_samples200
3i5r,43,0,0.8922,0.8851,0.8488,0.946,0.849,0.534,0.962,esmfold2,fast_loop10_samples200
3i5r,43,1,0.8845,0.8777,1.1053,0.939,1.105,0.573,0.962,esmfold2,fast_loop10_samples200
3i5r,43,2,0.8942,0.8864,0.8332,0.947,0.833,0.529,0.962,esmfold2,fast_loop10_samples200
3i5r,43,3,0.893,0.8854,0.7902,0.949,0.79,0.516,0.962,esmfold2,fast_loop10_samples200
3i5r,43,4,0.8909,0.8872,0.8946,0.946,0.895,0.532,0.962,esmfold2,fast_loop10_samples200
3i5r,44,0,0.8916,0.8838,0.788,0.96,0.788,0.532,1.0,esmfold2,fast_loop10_samples200
3i5r,44,1,0.8909,0.8833,0.9042,0.957,0.904,0.546,1.0,esmfold2,fast_loop10_samples200
3i5r,44,2,0.8927,0.8858,0.8965,0.957,0.896,0.545,1.0,esmfold2,fast_loop10_samples200
3i5r,44,3,0.8931,0.8858,0.735,0.951,0.735,0.502,0.962,esmfold2,fast_loop10_samples200
3i5r,44,4,0.8932,0.8873,0.806,0.95,0.806,0.51,0.962,esmfold2,fast_loop10_samples200
3obq,42,0,0.8698,0.8987,0.6165,0.931,0.617,0.477,0.889,esmfold2,fast_loop10_samples200
3obq,42,1,0.855,0.8812,0.6338,0.942,0.634,0.456,0.917,esmfold2,fast_loop10_samples200
3obq,42,2,0.8705,0.9015,0.7052,0.932,0.705,0.535,0.917,esmfold2,fast_loop10_samples200
3obq,42,3,0.8774,0.9083,0.6443,0.927,0.644,0.507,0.889,esmfold2,fast_loop10_samples200
3obq,42,4,0.8637,0.8959,1.217,0.929,1.217,0.598,0.944,esmfold2,fast_loop10_samples200
3obq,43,0,0.8553,0.8886,1.2478,0.903,1.248,0.649,0.889,esmfold2,fast_loop10_samples200
3obq,43,1,0.8793,0.909,0.6536,0.949,0.654,0.479,0.944,esmfold2,fast_loop10_samples200
3obq,43,2,0.8766,0.9066,0.7263,0.941,0.726,0.463,0.917,esmfold2,fast_loop10_samples200
3obq,43,3,0.8483,0.876,1.2241,0.879,1.224,0.757,0.861,esmfold2,fast_loop10_samples200
3obq,43,4,0.8748,0.9072,0.6832,0.946,0.683,0.422,0.917,esmfold2,fast_loop10_samples200
3obq,44,0,0.8783,0.9087,0.5877,0.939,0.588,0.4,0.889,esmfold2,fast_loop10_samples200
3obq,44,1,0.8518,0.8805,1.072,0.919,1.072,0.541,0.889,esmfold2,fast_loop10_samples200
3obq,44,2,0.8486,0.874,1.2689,0.904,1.269,0.646,0.889,esmfold2,fast_loop10_samples200
3obq,44,3,0.8744,0.9057,1.1774,0.931,1.177,0.584,0.944,esmfold2,fast_loop10_samples200
3obq,44,4,0.8797,0.91,0.86,0.931,0.86,0.54,0.917,esmfold2,fast_loop10_samples200
3p72,42,0,0.9419,0.9784,0.9035,0.947,0.903,0.345,0.902,esmfold2,fast_loop10_samples200
3p72,42,1,0.9437,0.9795,0.6259,0.955,0.626,0.272,0.902,esmfold2,fast_loop10_samples200
3p72,42,2,0.9416,0.9785,0.887,0.948,0.887,0.332,0.902,esmfold2,fast_loop10_samples200
3p72,42,3,0.9402,0.9776,0.9882,0.93,0.988,0.341,0.854,esmfold2,fast_loop10_samples200
3p72,42,4,0.9411,0.9781,0.7318,0.95,0.732,0.325,0.902,esmfold2,fast_loop10_samples200
3p72,43,0,0.9449,0.9798,0.7143,0.949,0.714,0.339,0.902,esmfold2,fast_loop10_samples200
3p72,43,1,0.9432,0.9791,0.8788,0.942,0.879,0.308,0.878,esmfold2,fast_loop10_samples200
3p72,43,2,0.9425,0.9788,0.7535,0.938,0.753,0.367,0.878,esmfold2,fast_loop10_samples200
3p72,43,3,0.9414,0.9781,0.8643,0.939,0.864,0.347,0.878,esmfold2,fast_loop10_samples200
3p72,43,4,0.944,0.9792,0.7041,0.946,0.704,0.273,0.878,esmfold2,fast_loop10_samples200
3p72,44,0,0.9443,0.9795,0.5858,0.955,0.586,0.28,0.902,esmfold2,fast_loop10_samples200
3p72,44,1,0.9437,0.9789,0.6115,0.944,0.612,0.312,0.878,esmfold2,fast_loop10_samples200
3p72,44,2,0.9408,0.9779,0.943,0.931,0.943,0.336,0.854,esmfold2,fast_loop10_samples200
3p72,44,3,0.9433,0.9788,0.5581,0.951,0.558,0.323,0.902,esmfold2,fast_loop10_samples200
3p72,44,4,0.9424,0.9789,0.6237,0.933,0.624,0.34,0.854,esmfold2,fast_loop10_samples200
3pe4,42,0,0.4969,0.6498,20.3731,0.068,20.373,6.26,0.0,esmfold2,fast_loop10_samples200
3pe4,42,1,0.4999,0.6515,20.4883,0.067,20.488,6.289,0.0,esmfold2,fast_loop10_samples200
3pe4,42,2,0.4811,0.6517,20.3542,0.067,20.354,6.295,0.0,esmfold2,fast_loop10_samples200
3pe4,42,3,0.4979,0.6596,20.6835,0.066,20.684,6.366,0.0,esmfold2,fast_loop10_samples200
3pe4,42,4,0.5069,0.6617,20.4143,0.067,20.414,6.359,0.0,esmfold2,fast_loop10_samples200
3pe4,43,0,0.4964,0.6511,20.1346,0.069,20.135,6.241,0.0,esmfold2,fast_loop10_samples200
3pe4,43,1,0.492,0.6562,20.1211,0.069,20.121,6.196,0.0,esmfold2,fast_loop10_samples200
3pe4,43,2,0.4944,0.6572,19.8593,0.07,19.859,6.15,0.0,esmfold2,fast_loop10_samples200
3pe4,43,3,0.4868,0.6571,21.0114,0.064,21.011,6.476,0.0,esmfold2,fast_loop10_samples200
3pe4,43,4,0.4854,0.6397,20.4217,0.067,20.422,6.29,0.0,esmfold2,fast_loop10_samples200
3pe4,44,0,0.4789,0.6407,20.2066,0.069,20.207,6.17,0.0,esmfold2,fast_loop10_samples200
3pe4,44,1,0.4959,0.6489,20.2493,0.068,20.249,6.244,0.0,esmfold2,fast_loop10_samples200
3pe4,44,2,0.5041,0.6585,20.1968,0.065,20.197,6.905,0.0,esmfold2,fast_loop10_samples200
3pe4,44,3,0.4794,0.6438,19.5677,0.073,19.568,5.991,0.0,esmfold2,fast_loop10_samples200
3pe4,44,4,0.502,0.6525,20.305,0.068,20.305,6.267,0.0,esmfold2,fast_loop10_samples200
3plu,42,0,0.9321,0.9378,0.4337,0.971,0.434,0.345,0.966,esmfold2,fast_loop10_samples200
3plu,42,1,0.9331,0.939,0.5402,0.965,0.54,0.403,0.966,esmfold2,fast_loop10_samples200
3plu,42,2,0.9348,0.9409,0.5534,0.965,0.553,0.4,0.966,esmfold2,fast_loop10_samples200
3plu,42,3,0.9359,0.9424,0.5769,0.969,0.577,0.356,0.966,esmfold2,fast_loop10_samples200
3plu,42,4,0.9334,0.94,0.465,0.972,0.465,0.335,0.966,esmfold2,fast_loop10_samples200
3plu,43,0,0.936,0.9426,0.5452,0.968,0.545,0.371,0.966,esmfold2,fast_loop10_samples200
3plu,43,1,0.9336,0.9385,0.4243,0.972,0.424,0.332,0.966,esmfold2,fast_loop10_samples200
3plu,43,2,0.9345,0.9417,0.5885,0.969,0.589,0.36,0.966,esmfold2,fast_loop10_samples200
3plu,43,3,0.9363,0.9433,0.5048,0.969,0.505,0.358,0.966,esmfold2,fast_loop10_samples200
3plu,43,4,0.9351,0.9408,0.4503,0.97,0.45,0.358,0.966,esmfold2,fast_loop10_samples200
3plu,44,0,0.9357,0.9432,0.5077,0.967,0.508,0.381,0.966,esmfold2,fast_loop10_samples200
3plu,44,1,0.9326,0.9378,0.3855,0.971,0.386,0.347,0.966,esmfold2,fast_loop10_samples200
3plu,44,2,0.9352,0.9415,0.5575,0.967,0.557,0.38,0.966,esmfold2,fast_loop10_samples200
3plu,44,3,0.9299,0.9357,0.4986,0.966,0.499,0.397,0.966,esmfold2,fast_loop10_samples200
3plu,44,4,0.9337,0.9395,0.4436,0.969,0.444,0.361,0.966,esmfold2,fast_loop10_samples200
3r42,42,0,0.8268,0.8819,4.4769,0.608,4.477,1.664,0.594,esmfold2,fast_loop10_samples200
3r42,42,1,0.8274,0.8824,4.4759,0.599,4.476,1.757,0.594,esmfold2,fast_loop10_samples200
3r42,42,2,0.8226,0.8776,4.2869,0.608,4.287,1.608,0.562,esmfold2,fast_loop10_samples200
3r42,42,3,0.8312,0.887,4.5729,0.587,4.573,1.753,0.562,esmfold2,fast_loop10_samples200
3r42,42,4,0.8215,0.8763,4.4494,0.577,4.449,1.785,0.531,esmfold2,fast_loop10_samples200
3r42,43,0,0.8164,0.869,4.5834,0.594,4.583,1.791,0.594,esmfold2,fast_loop10_samples200
3r42,43,1,0.8264,0.8821,3.9601,0.62,3.96,1.573,0.562,esmfold2,fast_loop10_samples200
3r42,43,2,0.8233,0.8814,4.0499,0.605,4.05,1.6,0.531,esmfold2,fast_loop10_samples200
3r42,43,3,0.823,0.8756,4.6518,0.578,4.652,1.713,0.531,esmfold2,fast_loop10_samples200
3r42,43,4,0.8216,0.877,4.5092,0.583,4.509,1.698,0.531,esmfold2,fast_loop10_samples200
3r42,44,0,0.8301,0.8852,4.4649,0.59,4.465,1.745,0.562,esmfold2,fast_loop10_samples200
3r42,44,1,0.8269,0.8834,4.6842,0.568,4.684,1.812,0.531,esmfold2,fast_loop10_samples200
3r42,44,2,0.8138,0.8676,4.529,0.583,4.529,1.693,0.531,esmfold2,fast_loop10_samples200
3r42,44,3,0.8266,0.8829,4.275,0.589,4.275,1.705,0.531,esmfold2,fast_loop10_samples200
3r42,44,4,0.829,0.8836,4.4156,0.598,4.416,1.674,0.562,esmfold2,fast_loop10_samples200
3s9c,42,0,0.6786,0.7472,5.668,0.63,5.665,1.608,0.733,esmfold2,fast_loop10_samples200
3s9c,42,1,0.6723,0.7419,6.1304,0.599,6.127,1.733,0.711,esmfold2,fast_loop10_samples200
3s9c,42,2,0.6807,0.7441,6.2486,0.593,6.245,1.765,0.711,esmfold2,fast_loop10_samples200
3s9c,42,3,0.6736,0.7382,5.6787,0.615,5.675,1.615,0.689,esmfold2,fast_loop10_samples200
3s9c,42,4,0.6887,0.7583,5.8944,0.619,5.892,1.664,0.733,esmfold2,fast_loop10_samples200
3s9c,43,0,0.678,0.751,6.0639,0.587,6.062,1.723,0.667,esmfold2,fast_loop10_samples200
3s9c,43,1,0.6763,0.7444,6.4335,0.577,6.431,1.818,0.689,esmfold2,fast_loop10_samples200
3s9c,43,2,0.675,0.7406,6.1831,0.603,6.18,1.755,0.733,esmfold2,fast_loop10_samples200
3s9c,43,3,0.6771,0.7464,6.6548,0.566,6.651,1.874,0.689,esmfold2,fast_loop10_samples200
3s9c,43,4,0.6704,0.7434,6.3311,0.581,6.328,1.8,0.689,esmfold2,fast_loop10_samples200
3s9c,44,0,0.6685,0.7327,6.3821,0.594,6.38,1.799,0.733,esmfold2,fast_loop10_samples200
3s9c,44,1,0.6675,0.7358,5.8974,0.61,5.895,1.679,0.711,esmfold2,fast_loop10_samples200
3s9c,44,2,0.5975,0.7211,3.2169,0.78,3.215,1.012,0.778,esmfold2,fast_loop10_samples200
3s9c,44,3,0.5086,0.7361,1.4475,0.927,1.449,0.622,0.956,esmfold2,fast_loop10_samples200
3s9c,44,4,0.6805,0.748,6.2604,0.601,6.257,1.761,0.733,esmfold2,fast_loop10_samples200
3shb,42,0,0.8451,0.8429,5.1799,0.693,5.18,1.782,0.935,esmfold2,fast_loop10_samples200
3shb,42,1,0.8412,0.8514,4.4762,0.728,4.476,1.605,0.935,esmfold2,fast_loop10_samples200
3shb,42,2,0.8308,0.8512,4.4553,0.733,4.455,1.567,0.935,esmfold2,fast_loop10_samples200
3shb,42,3,0.8491,0.8515,4.7842,0.71,4.784,1.704,0.935,esmfold2,fast_loop10_samples200
3shb,42,4,0.8418,0.8494,4.9287,0.705,4.929,1.718,0.935,esmfold2,fast_loop10_samples200
3shb,43,0,0.8499,0.8565,4.8084,0.708,4.808,1.722,0.935,esmfold2,fast_loop10_samples200
3shb,43,1,0.8503,0.8568,4.7014,0.713,4.701,1.703,0.935,esmfold2,fast_loop10_samples200
3shb,43,2,0.8508,0.8575,4.7684,0.711,4.768,1.699,0.935,esmfold2,fast_loop10_samples200
3shb,43,3,0.7885,0.8499,0.9138,0.95,0.914,0.423,0.935,esmfold2,fast_loop10_samples200
3shb,43,4,0.8457,0.8515,4.6947,0.717,4.695,1.661,0.935,esmfold2,fast_loop10_samples200
3shb,44,0,0.8445,0.8517,4.7663,0.715,4.766,1.666,0.935,esmfold2,fast_loop10_samples200
3shb,44,1,0.8486,0.8568,4.7476,0.725,4.748,1.676,0.968,esmfold2,fast_loop10_samples200
3shb,44,2,0.8478,0.8544,4.9349,0.704,4.935,1.729,0.935,esmfold2,fast_loop10_samples200
3shb,44,3,0.8466,0.8531,4.5726,0.72,4.573,1.659,0.935,esmfold2,fast_loop10_samples200
3shb,44,4,0.845,0.8539,4.9265,0.706,4.926,1.715,0.935,esmfold2,fast_loop10_samples200
3tiw,42,0,0.8438,0.8964,2.9532,0.876,2.953,0.838,0.975,esmfold2,fast_loop10_samples200
3tiw,42,1,0.8462,0.8974,2.9086,0.879,2.909,0.825,0.975,esmfold2,fast_loop10_samples200
3tiw,42,2,0.822,0.8837,2.9796,0.855,2.98,0.923,0.95,esmfold2,fast_loop10_samples200
3tiw,42,3,0.8276,0.8808,2.844,0.866,2.844,0.87,0.95,esmfold2,fast_loop10_samples200
3tiw,42,4,0.8409,0.895,2.8863,0.862,2.886,0.832,0.925,esmfold2,fast_loop10_samples200
3tiw,43,0,0.8464,0.8991,2.8938,0.878,2.894,0.835,0.975,esmfold2,fast_loop10_samples200
3tiw,43,1,0.8452,0.8988,2.9008,0.87,2.901,0.834,0.95,esmfold2,fast_loop10_samples200
3tiw,43,2,0.8425,0.8957,2.9751,0.87,2.975,0.879,0.975,esmfold2,fast_loop10_samples200
3tiw,43,3,0.84,0.8965,2.672,0.888,2.672,0.798,0.975,esmfold2,fast_loop10_samples200
3tiw,43,4,0.8427,0.8973,2.8466,0.875,2.847,0.861,0.975,esmfold2,fast_loop10_samples200
3tiw,44,0,0.8435,0.8958,2.964,0.875,2.964,0.847,0.975,esmfold2,fast_loop10_samples200
3tiw,44,1,0.8305,0.8806,2.9199,0.873,2.92,0.869,0.975,esmfold2,fast_loop10_samples200
3tiw,44,2,0.8314,0.8815,2.8772,0.871,2.877,0.832,0.95,esmfold2,fast_loop10_samples200
3tiw,44,3,0.848,0.9005,2.943,0.877,2.943,0.833,0.975,esmfold2,fast_loop10_samples200
3tiw,44,4,0.8416,0.8958,2.8446,0.876,2.845,0.854,0.975,esmfold2,fast_loop10_samples200
3v2o,42,0,0.7342,0.7206,9.135,0.259,9.135,3.119,0.125,esmfold2,fast_loop10_samples200
3v2o,42,1,0.721,0.7083,9.0524,0.27,9.052,3.095,0.15,esmfold2,fast_loop10_samples200
3v2o,42,2,0.7993,0.8118,3.2042,0.818,3.204,1.153,0.95,esmfold2,fast_loop10_samples200
3v2o,42,3,0.7654,0.7781,9.2983,0.263,9.298,3.149,0.15,esmfold2,fast_loop10_samples200
3v2o,42,4,0.3386,0.2588,18.4876,0.132,18.488,6.766,0.175,esmfold2,fast_loop10_samples200
3v2o,43,0,0.7937,0.8053,3.5189,0.789,3.519,1.258,0.925,esmfold2,fast_loop10_samples200
3v2o,43,1,0.7669,0.777,9.2881,0.263,9.288,3.158,0.15,esmfold2,fast_loop10_samples200
3v2o,43,2,0.7411,0.7259,9.2769,0.264,9.277,3.141,0.15,esmfold2,fast_loop10_samples200
3v2o,43,3,0.7332,0.7286,8.9521,0.281,8.952,3.057,0.175,esmfold2,fast_loop10_samples200
3v2o,43,4,0.73,0.7243,8.9643,0.263,8.964,3.081,0.125,esmfold2,fast_loop10_samples200
3v2o,44,0,0.7888,0.8033,3.57,0.794,3.57,1.275,0.95,esmfold2,fast_loop10_samples200
3v2o,44,1,0.7148,0.7049,9.1427,0.267,9.143,3.136,0.15,esmfold2,fast_loop10_samples200
3v2o,44,2,0.7313,0.718,9.0616,0.261,9.062,3.096,0.125,esmfold2,fast_loop10_samples200
3v2o,44,3,0.7963,0.8198,9.2317,0.264,9.232,3.173,0.15,esmfold2,fast_loop10_samples200
3v2o,44,4,0.7758,0.7895,9.3606,0.262,9.361,3.174,0.15,esmfold2,fast_loop10_samples200
3wgx,42,0,0.844,0.8622,1.3106,0.932,1.311,0.559,0.941,esmfold2,fast_loop10_samples200
3wgx,42,1,0.8329,0.8374,1.4014,0.906,1.401,0.603,0.882,esmfold2,fast_loop10_samples200
3wgx,42,2,0.8377,0.8516,0.8517,0.944,0.852,0.407,0.912,esmfold2,fast_loop10_samples200
3wgx,42,3,0.8387,0.8466,1.0252,0.928,1.025,0.451,0.882,esmfold2,fast_loop10_samples200
3wgx,42,4,0.8344,0.8488,1.441,0.923,1.441,0.616,0.941,esmfold2,fast_loop10_samples200
3wgx,43,0,0.8304,0.8323,1.6711,0.892,1.671,0.743,0.912,esmfold2,fast_loop10_samples200
3wgx,43,1,0.8364,0.8476,1.4182,0.923,1.418,0.619,0.941,esmfold2,fast_loop10_samples200
3wgx,43,2,0.836,0.8492,1.2079,0.937,1.208,0.531,0.941,esmfold2,fast_loop10_samples200
3wgx,43,3,0.8416,0.8543,1.3169,0.93,1.317,0.574,0.941,esmfold2,fast_loop10_samples200
3wgx,43,4,0.8393,0.8511,0.7619,0.95,0.762,0.359,0.912,esmfold2,fast_loop10_samples200
3wgx,44,0,0.8359,0.8502,0.9932,0.947,0.993,0.462,0.941,esmfold2,fast_loop10_samples200
3wgx,44,1,0.8278,0.8409,1.4974,0.931,1.497,0.622,0.971,esmfold2,fast_loop10_samples200
3wgx,44,2,0.8402,0.8554,0.6768,0.949,0.677,0.372,0.912,esmfold2,fast_loop10_samples200
3wgx,44,3,0.7903,0.8234,2.8841,0.788,2.884,1.185,0.853,esmfold2,fast_loop10_samples200
3wgx,44,4,0.8327,0.8481,0.6728,0.973,0.673,0.323,0.971,esmfold2,fast_loop10_samples200
3zrj,42,0,0.7596,0.8004,2.3061,0.794,2.306,1.281,0.871,esmfold2,fast_loop10_samples200
3zrj,42,1,0.7585,0.7896,4.0911,0.705,4.091,1.972,0.935,esmfold2,fast_loop10_samples200
3zrj,42,2,0.747,0.7801,3.8736,0.713,3.874,1.929,0.935,esmfold2,fast_loop10_samples200
3zrj,42,3,0.7538,0.7874,3.8015,0.72,3.801,1.868,0.935,esmfold2,fast_loop10_samples200
3zrj,42,4,0.7566,0.7912,4.0879,0.706,4.088,1.958,0.935,esmfold2,fast_loop10_samples200
3zrj,43,0,0.7562,0.8023,2.7684,0.783,2.768,1.473,0.935,esmfold2,fast_loop10_samples200
3zrj,43,1,0.7477,0.7888,3.2432,0.761,3.243,1.574,0.935,esmfold2,fast_loop10_samples200
3zrj,43,2,0.7545,0.8006,2.3048,0.795,2.305,1.184,0.839,esmfold2,fast_loop10_samples200
3zrj,43,3,0.7566,0.7975,3.0615,0.766,3.061,1.568,0.935,esmfold2,fast_loop10_samples200
3zrj,43,4,0.749,0.7887,3.9803,0.71,3.98,1.94,0.935,esmfold2,fast_loop10_samples200
3zrj,44,0,0.7552,0.8017,1.192,0.877,1.192,0.799,0.871,esmfold2,fast_loop10_samples200
3zrj,44,1,0.7528,0.7915,4.0215,0.708,4.021,1.948,0.935,esmfold2,fast_loop10_samples200
3zrj,44,2,0.7588,0.8015,2.7317,0.808,2.732,1.273,0.935,esmfold2,fast_loop10_samples200
3zrj,44,3,0.7432,0.779,3.6498,0.729,3.65,1.811,0.935,esmfold2,fast_loop10_samples200
3zrj,44,4,0.7628,0.8084,2.635,0.798,2.635,1.369,0.935,esmfold2,fast_loop10_samples200
4a2a,42,0,0.8906,0.9362,1.0588,0.913,1.059,0.463,0.842,esmfold2,fast_loop10_samples200
4a2a,42,1,0.8893,0.9355,1.0238,0.925,1.024,0.438,0.868,esmfold2,fast_loop10_samples200
4a2a,42,2,0.8919,0.9376,0.9598,0.928,0.96,0.421,0.868,esmfold2,fast_loop10_samples200
4a2a,42,3,0.8871,0.9326,1.3553,0.909,1.355,0.469,0.842,esmfold2,fast_loop10_samples200
4a2a,42,4,0.8895,0.9335,1.0512,0.916,1.051,0.442,0.842,esmfold2,fast_loop10_samples200
4a2a,43,0,0.8921,0.9365,1.2207,0.91,1.221,0.48,0.842,esmfold2,fast_loop10_samples200
4a2a,43,1,0.8908,0.936,1.3702,0.911,1.37,0.454,0.842,esmfold2,fast_loop10_samples200
4a2a,43,2,0.8906,0.9368,0.9868,0.925,0.987,0.443,0.868,esmfold2,fast_loop10_samples200
4a2a,43,3,0.8898,0.9344,0.9849,0.927,0.985,0.422,0.868,esmfold2,fast_loop10_samples200
4a2a,43,4,0.89,0.9357,1.2895,0.913,1.29,0.518,0.868,esmfold2,fast_loop10_samples200
4a2a,44,0,0.8869,0.9326,1.2055,0.921,1.206,0.463,0.868,esmfold2,fast_loop10_samples200
4a2a,44,1,0.8822,0.9328,0.9468,0.917,0.947,0.442,0.842,esmfold2,fast_loop10_samples200
4a2a,44,2,0.8903,0.9357,1.3085,0.91,1.309,0.47,0.842,esmfold2,fast_loop10_samples200
4a2a,44,3,0.8917,0.9361,1.0552,0.917,1.055,0.431,0.842,esmfold2,fast_loop10_samples200
4a2a,44,4,0.8901,0.9359,1.2251,0.916,1.225,0.502,0.868,esmfold2,fast_loop10_samples200
4bt9,42,0,0.72,0.7417,3.1997,0.892,3.2,0.669,0.966,esmfold2,fast_loop10_samples200
4bt9,42,1,0.7416,0.7761,2.9803,0.911,2.98,0.564,0.966,esmfold2,fast_loop10_samples200
4bt9,42,2,0.729,0.757,2.8198,0.908,2.82,0.611,0.966,esmfold2,fast_loop10_samples200
4bt9,42,3,0.73,0.7605,2.9487,0.917,2.949,0.523,0.966,esmfold2,fast_loop10_samples200
4bt9,42,4,0.7229,0.7556,2.7963,0.914,2.796,0.572,0.966,esmfold2,fast_loop10_samples200
4bt9,43,0,0.7283,0.7547,3.5979,0.906,3.598,0.49,0.966,esmfold2,fast_loop10_samples200
4bt9,43,1,0.7239,0.7537,3.1003,0.917,3.1,0.49,0.966,esmfold2,fast_loop10_samples200
4bt9,43,2,0.7238,0.7538,2.6914,0.926,2.691,0.486,0.966,esmfold2,fast_loop10_samples200
4bt9,43,3,0.7162,0.7436,2.0824,0.918,2.082,0.644,0.966,esmfold2,fast_loop10_samples200
4bt9,43,4,0.725,0.7514,3.6883,0.864,3.688,0.704,0.931,esmfold2,fast_loop10_samples200
4bt9,44,0,0.7141,0.7355,3.1695,0.883,3.17,0.654,0.931,esmfold2,fast_loop10_samples200
4bt9,44,1,0.5839,0.5715,5.1553,0.566,5.155,1.781,0.552,esmfold2,fast_loop10_samples200
4bt9,44,2,0.7238,0.7563,1.7009,0.943,1.701,0.492,0.966,esmfold2,fast_loop10_samples200
4bt9,44,3,0.7398,0.774,2.3384,0.912,2.338,0.65,0.966,esmfold2,fast_loop10_samples200
4bt9,44,4,0.7406,0.7754,2.1575,0.918,2.157,0.633,0.966,esmfold2,fast_loop10_samples200
4c5a,42,0,0.2547,0.3158,34.2851,0.025,34.285,10.928,0.0,esmfold2,fast_loop10_samples200
4c5a,42,1,0.3834,0.5081,39.1453,0.02,39.145,12.192,0.0,esmfold2,fast_loop10_samples200
4c5a,42,2,0.2843,0.349,42.2135,0.017,42.214,12.812,0.0,esmfold2,fast_loop10_samples200
4c5a,42,3,0.4225,0.5636,38.4097,0.021,38.41,11.922,0.0,esmfold2,fast_loop10_samples200
4c5a,42,4,0.2408,0.2988,33.2469,0.026,33.247,11.102,0.0,esmfold2,fast_loop10_samples200
4c5a,43,0,0.313,0.412,39.7229,0.02,39.723,12.249,0.0,esmfold2,fast_loop10_samples200
4c5a,43,1,0.3154,0.4351,38.8875,0.02,38.887,11.883,0.0,esmfold2,fast_loop10_samples200
4c5a,43,2,0.2752,0.3606,36.7368,0.022,36.737,11.81,0.0,esmfold2,fast_loop10_samples200
4c5a,43,3,0.3121,0.4089,36.5443,0.023,36.544,11.394,0.0,esmfold2,fast_loop10_samples200
4c5a,43,4,0.3128,0.4234,39.0538,0.02,39.054,12.241,0.0,esmfold2,fast_loop10_samples200
4c5a,44,0,0.2244,0.2669,33.6379,0.026,33.638,11.237,0.0,esmfold2,fast_loop10_samples200
4c5a,44,1,0.3645,0.4994,38.2148,0.021,38.215,12.03,0.0,esmfold2,fast_loop10_samples200
4c5a,44,2,0.3362,0.4454,40.9419,0.018,40.942,12.688,0.0,esmfold2,fast_loop10_samples200
4c5a,44,3,0.3087,0.4253,37.6316,0.022,37.632,11.712,0.0,esmfold2,fast_loop10_samples200
4c5a,44,4,0.2972,0.3983,34.7908,0.025,34.791,11.199,0.0,esmfold2,fast_loop10_samples200
4dg3,42,0,0.8442,0.9278,1.6106,0.881,1.611,0.796,0.899,esmfold2,fast_loop10_samples200
4dg3,42,1,0.9054,0.9653,0.6751,0.938,0.675,0.479,0.913,esmfold2,fast_loop10_samples200
4dg3,42,2,0.9057,0.966,0.5762,0.935,0.576,0.468,0.899,esmfold2,fast_loop10_samples200
4dg3,42,3,0.9055,0.9668,0.7858,0.914,0.786,0.625,0.899,esmfold2,fast_loop10_samples200
4dg3,42,4,0.9065,0.9664,0.6239,0.939,0.624,0.477,0.913,esmfold2,fast_loop10_samples200
4dg3,43,0,0.8956,0.963,0.9477,0.948,0.948,0.5,0.957,esmfold2,fast_loop10_samples200
4dg3,43,1,0.9031,0.9645,0.5162,0.937,0.516,0.455,0.899,esmfold2,fast_loop10_samples200
4dg3,43,2,0.9038,0.9647,0.5909,0.929,0.591,0.515,0.899,esmfold2,fast_loop10_samples200
4dg3,43,3,0.9024,0.9645,0.7691,0.929,0.769,0.55,0.913,esmfold2,fast_loop10_samples200
4dg3,43,4,0.8993,0.9647,0.9416,0.928,0.942,0.508,0.899,esmfold2,fast_loop10_samples200
4dg3,44,0,0.8981,0.964,0.4426,0.947,0.443,0.409,0.913,esmfold2,fast_loop10_samples200
4dg3,44,1,0.9052,0.9655,0.6444,0.936,0.644,0.5,0.913,esmfold2,fast_loop10_samples200
4dg3,44,2,0.9044,0.9648,0.6463,0.939,0.646,0.474,0.913,esmfold2,fast_loop10_samples200
4dg3,44,3,0.9055,0.9654,0.4935,0.94,0.494,0.468,0.913,esmfold2,fast_loop10_samples200
4dg3,44,4,0.9052,0.9654,0.6178,0.939,0.618,0.474,0.913,esmfold2,fast_loop10_samples200
4ep2,42,0,0.6189,0.6596,0.8464,0.945,0.846,0.376,0.905,esmfold2,fast_loop10_samples200
4ep2,42,1,0.5458,0.6181,0.9013,0.945,0.901,0.333,0.892,esmfold2,fast_loop10_samples200
4ep2,42,2,0.6278,0.6711,12.8967,0.205,12.897,3.582,0.162,esmfold2,fast_loop10_samples200
4ep2,42,3,0.6214,0.6676,0.9043,0.941,0.904,0.325,0.878,esmfold2,fast_loop10_samples200
4ep2,42,4,0.6339,0.6735,12.9302,0.209,12.93,3.591,0.176,esmfold2,fast_loop10_samples200
4ep2,43,0,0.6264,0.6718,12.9597,0.204,12.96,3.593,0.162,esmfold2,fast_loop10_samples200
4ep2,43,1,0.5436,0.617,13.1951,0.195,13.195,3.665,0.149,esmfold2,fast_loop10_samples200
4ep2,43,2,0.5356,0.6104,13.1682,0.195,13.168,3.663,0.149,esmfold2,fast_loop10_samples200
4ep2,43,3,0.5506,0.6249,1.2155,0.935,1.215,0.483,0.919,esmfold2,fast_loop10_samples200
4ep2,43,4,0.6247,0.6688,12.906,0.205,12.906,3.579,0.162,esmfold2,fast_loop10_samples200
4ep2,44,0,0.5444,0.6111,0.887,0.95,0.887,0.325,0.905,esmfold2,fast_loop10_samples200
4ep2,44,1,0.6239,0.6659,12.9006,0.205,12.901,3.576,0.162,esmfold2,fast_loop10_samples200
4ep2,44,2,0.6452,0.688,12.8904,0.209,12.89,3.58,0.176,esmfold2,fast_loop10_samples200
4ep2,44,3,0.5307,0.6087,13.196,0.195,13.196,3.66,0.149,esmfold2,fast_loop10_samples200
4ep2,44,4,0.6227,0.6649,0.8637,0.946,0.864,0.37,0.905,esmfold2,fast_loop10_samples200
4fii,42,0,0.8623,0.96,0.5714,0.916,0.571,0.739,0.947,esmfold2,fast_loop10_samples200
4fii,42,1,0.8536,0.9542,0.7111,0.919,0.711,0.711,0.947,esmfold2,fast_loop10_samples200
4fii,42,2,0.8656,0.9621,0.6604,0.922,0.66,0.69,0.947,esmfold2,fast_loop10_samples200
4fii,42,3,0.8393,0.9471,0.4461,0.929,0.446,0.65,0.947,esmfold2,fast_loop10_samples200
4fii,42,4,0.8596,0.9582,0.6898,0.911,0.69,0.709,0.921,esmfold2,fast_loop10_samples200
4fii,43,0,0.8596,0.9605,0.5072,0.921,0.507,0.702,0.947,esmfold2,fast_loop10_samples200
4fii,43,1,0.8539,0.9588,0.6289,0.894,0.629,0.89,0.947,esmfold2,fast_loop10_samples200
4fii,43,2,0.8462,0.9547,1.2149,0.917,1.215,0.693,0.947,esmfold2,fast_loop10_samples200
4fii,43,3,0.8656,0.962,0.6553,0.933,0.655,0.614,0.947,esmfold2,fast_loop10_samples200
4fii,43,4,0.862,0.9605,0.7418,0.913,0.742,0.751,0.947,esmfold2,fast_loop10_samples200
4fii,44,0,0.8624,0.9618,0.8157,0.92,0.816,0.698,0.947,esmfold2,fast_loop10_samples200
4fii,44,1,0.8569,0.9619,0.8068,0.901,0.807,0.834,0.947,esmfold2,fast_loop10_samples200
4fii,44,2,0.864,0.9614,0.664,0.921,0.664,0.697,0.947,esmfold2,fast_loop10_samples200
4fii,44,3,0.8647,0.9632,0.7005,0.928,0.701,0.643,0.947,esmfold2,fast_loop10_samples200
4fii,44,4,0.8564,0.9602,0.8181,0.907,0.818,0.791,0.947,esmfold2,fast_loop10_samples200
4gq6,42,0,0.7214,0.8979,2.0046,0.865,2.005,0.69,0.821,esmfold2,fast_loop10_samples200
4gq6,42,1,0.7388,0.8959,1.8286,0.902,1.829,0.613,0.893,esmfold2,fast_loop10_samples200
4gq6,42,2,0.709,0.8977,3.0471,0.814,3.047,0.988,0.857,esmfold2,fast_loop10_samples200
4gq6,42,3,0.7263,0.8933,1.8696,0.861,1.87,0.646,0.786,esmfold2,fast_loop10_samples200
4gq6,42,4,0.729,0.892,1.9949,0.886,1.995,0.667,0.875,esmfold2,fast_loop10_samples200
4gq6,43,0,0.7309,0.8955,1.9771,0.879,1.977,0.678,0.857,esmfold2,fast_loop10_samples200
4gq6,43,1,0.7379,0.8969,2.0945,0.848,2.094,0.716,0.786,esmfold2,fast_loop10_samples200
4gq6,43,2,0.7382,0.8984,1.7887,0.906,1.789,0.587,0.893,esmfold2,fast_loop10_samples200
4gq6,43,3,0.7379,0.897,1.3915,0.92,1.391,0.472,0.875,esmfold2,fast_loop10_samples200
4gq6,43,4,0.6922,0.8966,3.3536,0.745,3.354,1.129,0.732,esmfold2,fast_loop10_samples200
4gq6,44,0,0.7335,0.8944,3.0212,0.824,3.021,0.962,0.875,esmfold2,fast_loop10_samples200
4gq6,44,1,0.7339,0.8968,1.3434,0.924,1.343,0.494,0.893,esmfold2,fast_loop10_samples200
4gq6,44,2,0.6769,0.8872,2.3059,0.835,2.306,0.775,0.786,esmfold2,fast_loop10_samples200
4gq6,44,3,0.731,0.8956,2.0797,0.867,2.08,0.709,0.839,esmfold2,fast_loop10_samples200
4gq6,44,4,0.7017,0.8924,3.2768,0.767,3.277,0.988,0.732,esmfold2,fast_loop10_samples200
4hdq,42,0,0.8187,0.9234,2.4286,0.859,2.429,0.786,0.867,esmfold2,fast_loop10_samples200
4hdq,42,1,0.8021,0.9076,1.974,0.857,1.974,0.694,0.8,esmfold2,fast_loop10_samples200
4hdq,42,2,0.7983,0.9074,1.4263,0.922,1.426,0.608,0.933,esmfold2,fast_loop10_samples200
4hdq,42,3,0.8276,0.928,2.4663,0.854,2.466,0.815,0.867,esmfold2,fast_loop10_samples200
4hdq,42,4,0.8253,0.9269,2.6262,0.844,2.626,0.862,0.867,esmfold2,fast_loop10_samples200
4hdq,43,0,0.825,0.9254,2.3368,0.859,2.337,0.795,0.867,esmfold2,fast_loop10_samples200
4hdq,43,1,0.8065,0.9081,1.7534,0.874,1.753,0.68,0.833,esmfold2,fast_loop10_samples200
4hdq,43,2,0.7539,0.869,2.2195,0.858,2.219,0.739,0.833,esmfold2,fast_loop10_samples200
4hdq,43,3,0.8174,0.922,2.3819,0.857,2.382,0.804,0.867,esmfold2,fast_loop10_samples200
4hdq,43,4,0.8235,0.9271,2.6276,0.843,2.628,0.868,0.867,esmfold2,fast_loop10_samples200
4hdq,44,0,0.8264,0.9282,2.5986,0.837,2.599,0.837,0.833,esmfold2,fast_loop10_samples200
4hdq,44,1,0.7966,0.9024,2.0323,0.851,2.032,0.733,0.8,esmfold2,fast_loop10_samples200
4hdq,44,2,0.8245,0.9268,2.6118,0.836,2.612,0.841,0.833,esmfold2,fast_loop10_samples200
4hdq,44,3,0.822,0.9301,2.3314,0.864,2.331,0.764,0.867,esmfold2,fast_loop10_samples200
4hdq,44,4,0.8294,0.931,2.66,0.835,2.66,0.838,0.833,esmfold2,fast_loop10_samples200
4iga,42,0,0.8807,0.8985,0.5852,0.964,0.585,0.34,0.944,esmfold2,fast_loop10_samples200
4iga,42,1,0.5337,0.3066,3.0937,0.593,3.094,1.857,0.5,esmfold2,fast_loop10_samples200
4iga,42,2,0.5156,0.2609,14.459,0.116,14.459,7.856,0.056,esmfold2,fast_loop10_samples200
4iga,42,3,0.5542,0.3507,2.2587,0.653,2.259,1.59,0.556,esmfold2,fast_loop10_samples200
4iga,42,4,0.8741,0.8937,0.6049,0.954,0.605,0.437,0.944,esmfold2,fast_loop10_samples200
4iga,43,0,0.5421,0.3169,2.0421,0.661,2.042,1.551,0.556,esmfold2,fast_loop10_samples200
4iga,43,1,0.8796,0.897,0.432,0.965,0.432,0.336,0.944,esmfold2,fast_loop10_samples200
4iga,43,2,0.5286,0.2809,2.939,0.605,2.939,1.761,0.5,esmfold2,fast_loop10_samples200
4iga,43,3,0.5271,0.2931,14.8645,0.112,14.865,8.034,0.056,esmfold2,fast_loop10_samples200
4iga,43,4,0.5297,0.2995,14.5031,0.106,14.503,7.925,0.028,esmfold2,fast_loop10_samples200
4iga,44,0,0.4957,0.2799,14.9076,0.121,14.908,8.059,0.083,esmfold2,fast_loop10_samples200
4iga,44,1,0.532,0.3138,14.2909,0.127,14.291,7.785,0.083,esmfold2,fast_loop10_samples200
4iga,44,2,0.8766,0.8938,0.5794,0.959,0.579,0.385,0.944,esmfold2,fast_loop10_samples200
4iga,44,3,0.5276,0.2785,2.5605,0.606,2.561,1.735,0.472,esmfold2,fast_loop10_samples200
4iga,44,4,0.8571,0.8674,0.623,0.962,0.623,0.36,0.944,esmfold2,fast_loop10_samples200
4j2c,42,0,0.8761,0.894,0.9201,0.883,0.92,0.876,0.914,esmfold2,fast_loop10_samples200
4j2c,42,1,0.8804,0.8972,0.8405,0.898,0.841,0.841,0.943,esmfold2,fast_loop10_samples200
4j2c,42,2,0.8799,0.8975,0.8128,0.856,0.813,0.935,0.857,esmfold2,fast_loop10_samples200
4j2c,42,3,0.8802,0.898,0.8647,0.883,0.865,0.744,0.857,esmfold2,fast_loop10_samples200
4j2c,42,4,0.8732,0.8904,0.8401,0.882,0.84,0.82,0.886,esmfold2,fast_loop10_samples200
4j2c,43,0,0.8792,0.8956,0.7595,0.898,0.76,0.711,0.886,esmfold2,fast_loop10_samples200
4j2c,43,1,0.8784,0.8965,0.7486,0.874,0.749,0.811,0.857,esmfold2,fast_loop10_samples200
4j2c,43,2,0.8772,0.8934,0.8241,0.854,0.824,1.013,0.886,esmfold2,fast_loop10_samples200
4j2c,43,3,0.878,0.894,0.8161,0.89,0.816,0.696,0.857,esmfold2,fast_loop10_samples200
4j2c,43,4,0.8796,0.8976,0.8667,0.89,0.867,0.897,0.943,esmfold2,fast_loop10_samples200
4j2c,44,0,0.8791,0.8966,0.5873,0.91,0.587,0.633,0.886,esmfold2,fast_loop10_samples200
4j2c,44,1,0.8782,0.8945,0.7697,0.889,0.77,0.775,0.886,esmfold2,fast_loop10_samples200
4j2c,44,2,0.8782,0.8967,0.682,0.851,0.682,1.046,0.886,esmfold2,fast_loop10_samples200
4j2c,44,3,0.877,0.8956,0.9628,0.893,0.963,0.738,0.886,esmfold2,fast_loop10_samples200
4j2c,44,4,0.8778,0.897,0.9313,0.892,0.931,0.812,0.914,esmfold2,fast_loop10_samples200
4j8b,42,0,0.9023,0.9576,0.9405,0.947,0.94,0.35,0.906,esmfold2,fast_loop10_samples200
4j8b,42,1,0.9038,0.9599,1.0212,0.956,1.021,0.366,0.938,esmfold2,fast_loop10_samples200
4j8b,42,2,0.9024,0.9584,0.931,0.948,0.931,0.347,0.906,esmfold2,fast_loop10_samples200
4j8b,42,3,0.904,0.9596,0.9113,0.948,0.911,0.347,0.906,esmfold2,fast_loop10_samples200
4j8b,42,4,0.9046,0.9587,0.8743,0.96,0.874,0.334,0.938,esmfold2,fast_loop10_samples200
4j8b,43,0,0.9022,0.9583,0.9735,0.947,0.973,0.357,0.906,esmfold2,fast_loop10_samples200
4j8b,43,1,0.9046,0.9592,0.866,0.949,0.866,0.337,0.906,esmfold2,fast_loop10_samples200
4j8b,43,2,0.902,0.9576,1.0765,0.942,1.076,0.392,0.906,esmfold2,fast_loop10_samples200
4j8b,43,3,0.9043,0.9593,0.8442,0.96,0.844,0.333,0.938,esmfold2,fast_loop10_samples200
4j8b,43,4,0.903,0.9591,0.8022,0.961,0.802,0.328,0.938,esmfold2,fast_loop10_samples200
4j8b,44,0,0.9035,0.9585,0.9961,0.945,0.996,0.37,0.906,esmfold2,fast_loop10_samples200
4j8b,44,1,0.9048,0.9595,0.9813,0.956,0.981,0.365,0.938,esmfold2,fast_loop10_samples200
4j8b,44,2,0.905,0.9601,0.946,0.948,0.946,0.349,0.906,esmfold2,fast_loop10_samples200
4j8b,44,3,0.9044,0.9597,0.9483,0.946,0.948,0.361,0.906,esmfold2,fast_loop10_samples200
4j8b,44,4,0.9018,0.9587,0.9746,0.946,0.975,0.363,0.906,esmfold2,fast_loop10_samples200
4leb,42,0,0.9047,0.9654,2.6999,0.854,2.7,1.089,1.0,esmfold2,fast_loop10_samples200
4leb,42,1,0.9068,0.9669,2.663,0.858,2.663,1.068,1.0,esmfold2,fast_loop10_samples200
4leb,42,2,0.9021,0.9661,2.8123,0.853,2.812,1.08,1.0,esmfold2,fast_loop10_samples200
4leb,42,3,0.9032,0.9674,2.6725,0.861,2.673,1.043,1.0,esmfold2,fast_loop10_samples200
4leb,42,4,0.906,0.9656,2.6619,0.856,2.662,1.081,1.0,esmfold2,fast_loop10_samples200
4leb,43,0,0.9036,0.9659,2.8091,0.853,2.809,1.082,1.0,esmfold2,fast_loop10_samples200
4leb,43,1,0.9037,0.9661,2.7451,0.856,2.745,1.069,1.0,esmfold2,fast_loop10_samples200
4leb,43,2,0.9053,0.9672,2.6598,0.858,2.66,1.066,1.0,esmfold2,fast_loop10_samples200
4leb,43,3,0.9049,0.9672,2.7116,0.856,2.712,1.076,1.0,esmfold2,fast_loop10_samples200
4leb,43,4,0.9088,0.9678,2.6063,0.86,2.606,1.063,1.0,esmfold2,fast_loop10_samples200
4leb,44,0,0.9013,0.9661,2.6212,0.863,2.621,1.041,1.0,esmfold2,fast_loop10_samples200
4leb,44,1,0.9033,0.9667,2.7117,0.857,2.712,1.067,1.0,esmfold2,fast_loop10_samples200
4leb,44,2,0.9011,0.9668,2.7038,0.86,2.704,1.051,1.0,esmfold2,fast_loop10_samples200
4leb,44,3,0.9051,0.9678,2.5549,0.861,2.555,1.062,1.0,esmfold2,fast_loop10_samples200
4leb,44,4,0.9056,0.9674,2.6588,0.858,2.659,1.069,1.0,esmfold2,fast_loop10_samples200
4lk9,42,0,0.8549,0.8927,0.6754,0.854,0.675,0.813,0.796,esmfold2,fast_loop10_samples200
4lk9,42,1,0.8514,0.8921,0.4963,0.855,0.496,0.812,0.796,esmfold2,fast_loop10_samples200
4lk9,42,2,0.8486,0.8873,0.664,0.83,0.664,0.979,0.796,esmfold2,fast_loop10_samples200
4lk9,42,3,0.852,0.8918,0.6608,0.852,0.661,0.827,0.796,esmfold2,fast_loop10_samples200
4lk9,42,4,0.8484,0.8899,0.625,0.85,0.625,0.796,0.776,esmfold2,fast_loop10_samples200
4lk9,43,0,0.8492,0.891,0.868,0.839,0.868,0.861,0.776,esmfold2,fast_loop10_samples200
4lk9,43,1,0.8497,0.8906,0.8393,0.844,0.839,0.878,0.796,esmfold2,fast_loop10_samples200
4lk9,43,2,0.8492,0.8899,0.6136,0.825,0.614,1.019,0.796,esmfold2,fast_loop10_samples200
4lk9,43,3,0.8536,0.8926,0.5731,0.841,0.573,0.912,0.796,esmfold2,fast_loop10_samples200
4lk9,43,4,0.8479,0.8888,0.6736,0.843,0.674,0.893,0.796,esmfold2,fast_loop10_samples200
4lk9,44,0,0.847,0.8886,0.7366,0.841,0.737,0.904,0.796,esmfold2,fast_loop10_samples200
4lk9,44,1,0.8517,0.8908,0.7619,0.847,0.762,0.862,0.796,esmfold2,fast_loop10_samples200
4lk9,44,2,0.8479,0.8886,2.0048,0.796,2.005,1.112,0.796,esmfold2,fast_loop10_samples200
4lk9,44,3,0.8442,0.8875,1.2496,0.833,1.25,0.929,0.796,esmfold2,fast_loop10_samples200
4lk9,44,4,0.8459,0.8844,2.261,0.769,2.261,1.281,0.796,esmfold2,fast_loop10_samples200
4lzf,42,0,0.8681,0.8768,11.0699,0.481,11.07,3.385,0.909,esmfold2,fast_loop10_samples200
4lzf,42,1,0.8731,0.8853,11.8032,0.417,11.803,3.547,0.758,esmfold2,fast_loop10_samples200
4lzf,42,2,0.8721,0.8856,11.4967,0.413,11.497,3.478,0.727,esmfold2,fast_loop10_samples200
4lzf,42,3,0.8647,0.8747,11.298,0.478,11.298,3.393,0.909,esmfold2,fast_loop10_samples200
4lzf,42,4,0.8656,0.8749,11.1518,0.48,11.152,3.408,0.909,esmfold2,fast_loop10_samples200
4lzf,43,0,0.8696,0.883,11.9222,0.418,11.922,3.458,0.758,esmfold2,fast_loop10_samples200
4lzf,43,1,0.8675,0.8773,11.141,0.47,11.141,3.407,0.879,esmfold2,fast_loop10_samples200
4lzf,43,2,0.8698,0.8769,11.8613,0.409,11.861,3.432,0.727,esmfold2,fast_loop10_samples200
4lzf,43,3,0.8675,0.8759,11.3615,0.435,11.361,3.44,0.788,esmfold2,fast_loop10_samples200
4lzf,43,4,0.8582,0.8653,11.9799,0.449,11.98,3.4,0.848,esmfold2,fast_loop10_samples200
4lzf,44,0,0.866,0.8733,11.3664,0.456,11.366,3.415,0.848,esmfold2,fast_loop10_samples200
4lzf,44,1,0.863,0.872,12.426,0.412,12.426,3.455,0.758,esmfold2,fast_loop10_samples200
4lzf,44,2,0.8731,0.8808,11.1024,0.418,11.102,3.464,0.727,esmfold2,fast_loop10_samples200
4lzf,44,3,0.8629,0.8745,11.289,0.459,11.289,3.349,0.848,esmfold2,fast_loop10_samples200
4lzf,44,4,0.8738,0.8892,11.5188,0.402,11.519,3.472,0.697,esmfold2,fast_loop10_samples200
4m5s,42,0,0.8286,0.8208,2.3962,0.845,2.396,0.914,0.878,esmfold2,fast_loop10_samples200
4m5s,42,1,0.8296,0.8213,1.9258,0.883,1.926,0.761,0.902,esmfold2,fast_loop10_samples200
4m5s,42,2,0.8277,0.8177,2.226,0.846,2.226,0.867,0.854,esmfold2,fast_loop10_samples200
4m5s,42,3,0.8232,0.8128,2.2695,0.866,2.27,0.893,0.927,esmfold2,fast_loop10_samples200
4m5s,42,4,0.8328,0.8262,2.0592,0.873,2.059,0.816,0.902,esmfold2,fast_loop10_samples200
4m5s,43,0,0.8016,0.785,1.3608,0.903,1.361,0.618,0.878,esmfold2,fast_loop10_samples200
4m5s,43,1,0.8381,0.8341,2.2586,0.857,2.259,0.845,0.878,esmfold2,fast_loop10_samples200
4m5s,43,2,0.8277,0.8168,1.7484,0.888,1.748,0.748,0.902,esmfold2,fast_loop10_samples200
4m5s,43,3,0.8299,0.8237,1.8645,0.868,1.865,0.815,0.878,esmfold2,fast_loop10_samples200
4m5s,43,4,0.8258,0.8169,1.7729,0.875,1.773,0.773,0.878,esmfold2,fast_loop10_samples200
4m5s,44,0,0.831,0.8229,2.0121,0.873,2.012,0.823,0.902,esmfold2,fast_loop10_samples200
4m5s,44,1,0.8254,0.8173,1.5283,0.896,1.528,0.711,0.902,esmfold2,fast_loop10_samples200
4m5s,44,2,0.8261,0.8173,1.8961,0.86,1.896,0.813,0.854,esmfold2,fast_loop10_samples200
4m5s,44,3,0.8304,0.8206,2.0972,0.868,2.097,0.846,0.902,esmfold2,fast_loop10_samples200
4m5s,44,4,0.7834,0.766,2.4808,0.807,2.481,1.05,0.829,esmfold2,fast_loop10_samples200
4m91,42,0,0.8223,0.8913,4.4069,0.656,4.407,1.534,0.692,esmfold2,fast_loop10_samples200
4m91,42,1,0.8241,0.8906,4.0968,0.672,4.097,1.462,0.692,esmfold2,fast_loop10_samples200
4m91,42,2,0.8126,0.8753,4.4648,0.664,4.465,1.572,0.731,esmfold2,fast_loop10_samples200
4m91,42,3,0.8015,0.8635,4.9314,0.622,4.931,1.739,0.692,esmfold2,fast_loop10_samples200
4m91,42,4,0.8301,0.8974,3.9382,0.683,3.938,1.402,0.692,esmfold2,fast_loop10_samples200
4m91,43,0,0.8226,0.8882,4.2997,0.66,4.3,1.523,0.692,esmfold2,fast_loop10_samples200
4m91,43,1,0.8127,0.8773,4.6153,0.641,4.615,1.631,0.692,esmfold2,fast_loop10_samples200
4m91,43,2,0.8166,0.8814,4.2152,0.656,4.215,1.467,0.654,esmfold2,fast_loop10_samples200
4m91,43,3,0.8284,0.8953,4.0688,0.674,4.069,1.454,0.692,esmfold2,fast_loop10_samples200
4m91,43,4,0.8206,0.8865,4.3776,0.645,4.378,1.529,0.654,esmfold2,fast_loop10_samples200
4m91,44,0,0.8302,0.8963,4.2299,0.651,4.23,1.503,0.654,esmfold2,fast_loop10_samples200
4m91,44,1,0.8301,0.8961,3.731,0.698,3.731,1.317,0.692,esmfold2,fast_loop10_samples200
4m91,44,2,0.8227,0.8868,4.276,0.65,4.276,1.508,0.654,esmfold2,fast_loop10_samples200
4m91,44,3,0.8273,0.8933,4.3584,0.656,4.358,1.547,0.692,esmfold2,fast_loop10_samples200
4m91,44,4,0.8137,0.879,4.0125,0.681,4.013,1.402,0.692,esmfold2,fast_loop10_samples200
4mvi,42,0,0.6778,0.8444,3.8474,0.536,3.847,2.278,0.475,esmfold2,fast_loop10_samples200
4mvi,42,1,0.6866,0.8473,3.6981,0.552,3.698,2.248,0.508,esmfold2,fast_loop10_samples200
4mvi,42,2,0.6805,0.8291,4.9748,0.471,4.975,2.649,0.426,esmfold2,fast_loop10_samples200
4mvi,42,3,0.6609,0.831,3.7786,0.554,3.779,2.185,0.508,esmfold2,fast_loop10_samples200
4mvi,42,4,0.6668,0.8437,3.7873,0.539,3.787,2.26,0.475,esmfold2,fast_loop10_samples200
4mvi,43,0,0.6852,0.843,4.231,0.536,4.231,2.212,0.492,esmfold2,fast_loop10_samples200
4mvi,43,1,0.6721,0.8314,5.1555,0.481,5.155,2.48,0.443,esmfold2,fast_loop10_samples200
4mvi,43,2,0.6731,0.839,3.768,0.525,3.768,2.504,0.475,esmfold2,fast_loop10_samples200
4mvi,43,3,0.6745,0.8356,3.7758,0.549,3.776,2.36,0.525,esmfold2,fast_loop10_samples200
4mvi,43,4,0.6695,0.8284,3.5182,0.529,3.518,2.448,0.459,esmfold2,fast_loop10_samples200
4mvi,44,0,0.6726,0.836,4.186,0.514,4.186,2.517,0.475,esmfold2,fast_loop10_samples200
4mvi,44,1,0.6837,0.8358,3.9495,0.541,3.95,2.335,0.508,esmfold2,fast_loop10_samples200
4mvi,44,2,0.6741,0.8366,3.9607,0.516,3.961,2.487,0.459,esmfold2,fast_loop10_samples200
4mvi,44,3,0.6623,0.8535,4.2056,0.504,4.206,2.496,0.443,esmfold2,fast_loop10_samples200
4mvi,44,4,0.6776,0.8352,3.6725,0.537,3.672,2.333,0.475,esmfold2,fast_loop10_samples200
4nuu,42,0,0.7792,0.885,1.4875,0.675,1.487,2.346,0.763,esmfold2,fast_loop10_samples200
4nuu,42,1,0.7813,0.8849,1.9805,0.663,1.981,2.592,0.789,esmfold2,fast_loop10_samples200
4nuu,42,2,0.7802,0.8822,1.6359,0.668,1.636,2.433,0.763,esmfold2,fast_loop10_samples200
4nuu,42,3,0.7879,0.8904,2.0292,0.675,2.029,2.358,0.789,esmfold2,fast_loop10_samples200
4nuu,42,4,0.7864,0.8877,2.01,0.65,2.01,2.67,0.763,esmfold2,fast_loop10_samples200
4nuu,43,0,0.7849,0.8907,1.8827,0.651,1.883,2.704,0.763,esmfold2,fast_loop10_samples200
4nuu,43,1,0.7811,0.8835,1.1918,0.685,1.192,2.381,0.789,esmfold2,fast_loop10_samples200
4nuu,43,2,0.7887,0.891,1.6577,0.758,1.658,1.515,0.816,esmfold2,fast_loop10_samples200
4nuu,43,3,0.7862,0.8921,1.5392,0.662,1.539,2.575,0.763,esmfold2,fast_loop10_samples200
4nuu,43,4,0.7866,0.885,1.5973,0.671,1.597,2.544,0.789,esmfold2,fast_loop10_samples200
4nuu,44,0,0.785,0.8878,1.4575,0.674,1.457,2.524,0.789,esmfold2,fast_loop10_samples200
4nuu,44,1,0.7715,0.8825,1.7413,0.658,1.741,2.585,0.763,esmfold2,fast_loop10_samples200
4nuu,44,2,0.7835,0.885,1.7019,0.662,1.702,2.517,0.763,esmfold2,fast_loop10_samples200
4nuu,44,3,0.7971,0.9032,1.3142,0.666,1.314,2.544,0.763,esmfold2,fast_loop10_samples200
4nuu,44,4,0.778,0.8869,1.3179,0.685,1.318,2.216,0.763,esmfold2,fast_loop10_samples200
4nxr,42,0,0.7605,0.7938,0.703,0.74,0.703,2.026,0.872,esmfold2,fast_loop10_samples200
4nxr,42,1,0.7559,0.7917,0.6861,0.74,0.686,2.018,0.872,esmfold2,fast_loop10_samples200
4nxr,42,2,0.7479,0.77,0.9005,0.869,0.9,0.995,0.923,esmfold2,fast_loop10_samples200
4nxr,42,3,0.7632,0.794,0.7966,0.742,0.797,1.991,0.872,esmfold2,fast_loop10_samples200
4nxr,42,4,0.7539,0.7957,1.2938,0.72,1.294,2.107,0.846,esmfold2,fast_loop10_samples200
4nxr,43,0,0.7514,0.7829,1.3937,0.728,1.394,2.099,0.872,esmfold2,fast_loop10_samples200
4nxr,43,1,0.763,0.8006,0.907,0.727,0.907,2.063,0.846,esmfold2,fast_loop10_samples200
4nxr,43,2,0.7356,0.8003,4.0222,0.605,4.022,2.401,0.718,esmfold2,fast_loop10_samples200
4nxr,43,3,0.7322,0.7884,3.9078,0.62,3.908,2.347,0.744,esmfold2,fast_loop10_samples200
4nxr,43,4,0.732,0.7862,3.1591,0.617,3.159,2.408,0.692,esmfold2,fast_loop10_samples200
4nxr,44,0,0.7555,0.7907,0.9415,0.709,0.941,2.07,0.795,esmfold2,fast_loop10_samples200
4nxr,44,1,0.7396,0.7743,0.8325,0.726,0.833,1.865,0.795,esmfold2,fast_loop10_samples200
4nxr,44,2,0.7609,0.7968,0.9475,0.723,0.948,2.109,0.846,esmfold2,fast_loop10_samples200
4nxr,44,3,0.7291,0.7931,2.4796,0.657,2.48,2.257,0.744,esmfold2,fast_loop10_samples200
4nxr,44,4,0.737,0.7989,4.664,0.595,4.664,2.443,0.744,esmfold2,fast_loop10_samples200
4ny3,42,0,0.76,0.8562,2.5666,0.698,2.567,2.066,0.833,esmfold2,fast_loop10_samples200
4ny3,42,1,0.7576,0.8548,2.3333,0.721,2.333,1.835,0.833,esmfold2,fast_loop10_samples200
4ny3,42,2,0.7633,0.8594,2.3341,0.702,2.334,2.081,0.833,esmfold2,fast_loop10_samples200
4ny3,42,3,0.7646,0.862,2.4689,0.674,2.469,2.488,0.833,esmfold2,fast_loop10_samples200
4ny3,42,4,0.7317,0.8262,2.1834,0.703,2.183,2.096,0.833,esmfold2,fast_loop10_samples200
4ny3,43,0,0.7598,0.8611,2.5125,0.68,2.512,2.372,0.833,esmfold2,fast_loop10_samples200
4ny3,43,1,0.7537,0.849,2.6742,0.692,2.674,2.122,0.833,esmfold2,fast_loop10_samples200
4ny3,43,2,0.7606,0.8548,2.575,0.719,2.575,1.804,0.833,esmfold2,fast_loop10_samples200
4ny3,43,3,0.7692,0.8638,2.309,0.773,2.309,1.348,0.833,esmfold2,fast_loop10_samples200
4ny3,43,4,0.7703,0.8668,1.8834,0.736,1.883,1.976,0.889,esmfold2,fast_loop10_samples200
4ny3,44,0,0.7534,0.8534,2.3391,0.716,2.339,1.897,0.833,esmfold2,fast_loop10_samples200
4ny3,44,1,0.7354,0.8358,1.9711,0.728,1.971,2.058,0.889,esmfold2,fast_loop10_samples200
4ny3,44,2,0.7584,0.855,2.6307,0.672,2.631,2.464,0.833,esmfold2,fast_loop10_samples200
4ny3,44,3,0.7474,0.8469,2.8339,0.664,2.834,2.548,0.833,esmfold2,fast_loop10_samples200
4ny3,44,4,0.7634,0.8591,2.4443,0.701,2.444,2.065,0.833,esmfold2,fast_loop10_samples200
4odk,42,0,0.4357,0.3921,11.4425,0.385,11.442,4.016,0.677,esmfold2,fast_loop10_samples200
4odk,42,1,0.4074,0.3671,11.117,0.417,11.117,3.696,0.742,esmfold2,fast_loop10_samples200
4odk,42,2,0.436,0.3915,4.9393,0.618,4.939,1.974,0.742,esmfold2,fast_loop10_samples200
4odk,42,3,0.2374,0.1197,24.2952,0.057,24.295,8.718,0.032,esmfold2,fast_loop10_samples200
4odk,42,4,0.3529,0.2675,11.9969,0.249,11.997,3.519,0.258,esmfold2,fast_loop10_samples200
4odk,43,0,0.409,0.3644,12.3878,0.406,12.388,4.014,0.774,esmfold2,fast_loop10_samples200
4odk,43,1,0.3398,0.2692,13.159,0.239,13.159,3.839,0.29,esmfold2,fast_loop10_samples200
4odk,43,2,0.4256,0.3765,3.9482,0.691,3.948,1.379,0.71,esmfold2,fast_loop10_samples200
4odk,43,3,0.42,0.3747,5.9473,0.591,5.947,1.874,0.71,esmfold2,fast_loop10_samples200
4odk,43,4,0.4087,0.3667,9.7886,0.512,9.789,1.856,0.71,esmfold2,fast_loop10_samples200
4odk,44,0,0.4375,0.3911,13.002,0.382,13.002,4.394,0.742,esmfold2,fast_loop10_samples200
4odk,44,1,0.3538,0.2721,11.8797,0.232,11.88,3.841,0.226,esmfold2,fast_loop10_samples200
4odk,44,2,0.2472,0.1274,24.2949,0.058,24.295,8.121,0.032,esmfold2,fast_loop10_samples200
4odk,44,3,0.4177,0.3698,6.3823,0.549,6.382,2.3,0.71,esmfold2,fast_loop10_samples200
4odk,44,4,0.3946,0.35,8.7035,0.475,8.703,3.057,0.742,esmfold2,fast_loop10_samples200
4ouc,42,0,0.3441,0.4201,13.0151,0.222,13.015,3.761,0.229,esmfold2,fast_loop10_samples200
4ouc,42,1,0.3344,0.4039,13.3873,0.167,13.387,3.929,0.086,esmfold2,fast_loop10_samples200
4ouc,42,2,0.3454,0.449,11.5993,0.218,11.599,3.411,0.143,esmfold2,fast_loop10_samples200
4ouc,42,3,0.3312,0.445,8.647,0.285,8.647,2.598,0.114,esmfold2,fast_loop10_samples200
4ouc,42,4,0.3408,0.4244,12.6169,0.198,12.617,3.751,0.143,esmfold2,fast_loop10_samples200
4ouc,43,0,0.31,0.4093,7.6777,0.395,7.678,2.337,0.343,esmfold2,fast_loop10_samples200
4ouc,43,1,0.3542,0.4485,12.3709,0.204,12.371,3.606,0.143,esmfold2,fast_loop10_samples200
4ouc,43,2,0.3557,0.4617,11.5643,0.178,11.564,3.511,0.029,esmfold2,fast_loop10_samples200
4ouc,43,3,0.3515,0.4448,12.6891,0.225,12.689,3.755,0.229,esmfold2,fast_loop10_samples200
4ouc,43,4,0.3493,0.4671,9.7228,0.273,9.723,2.87,0.171,esmfold2,fast_loop10_samples200
4ouc,44,0,0.3495,0.4525,11.6681,0.254,11.668,3.444,0.257,esmfold2,fast_loop10_samples200
4ouc,44,1,0.2987,0.3779,8.382,0.305,8.382,2.504,0.143,esmfold2,fast_loop10_samples200
4ouc,44,2,0.3399,0.4264,11.7111,0.216,11.711,3.453,0.143,esmfold2,fast_loop10_samples200
4ouc,44,3,0.3068,0.4227,2.8801,0.751,2.88,0.984,0.657,esmfold2,fast_loop10_samples200
4ouc,44,4,0.346,0.435,12.8119,0.214,12.812,3.777,0.2,esmfold2,fast_loop10_samples200
4oyk,42,0,0.8481,0.8969,0.8794,0.935,0.879,0.453,0.9,esmfold2,fast_loop10_samples200
4oyk,42,1,0.8467,0.8959,0.9725,0.931,0.973,0.487,0.9,esmfold2,fast_loop10_samples200
4oyk,42,2,0.8424,0.8898,1.0635,0.916,1.064,0.532,0.875,esmfold2,fast_loop10_samples200
4oyk,42,3,0.8468,0.8952,0.9397,0.927,0.94,0.516,0.9,esmfold2,fast_loop10_samples200
4oyk,42,4,0.8473,0.8972,0.6054,0.939,0.605,0.437,0.9,esmfold2,fast_loop10_samples200
4oyk,43,0,0.85,0.8982,0.7983,0.938,0.798,0.438,0.9,esmfold2,fast_loop10_samples200
4oyk,43,1,0.8495,0.8973,0.9552,0.933,0.955,0.472,0.9,esmfold2,fast_loop10_samples200
4oyk,43,2,0.8407,0.8897,1.2526,0.922,1.253,0.537,0.9,esmfold2,fast_loop10_samples200
4oyk,43,3,0.8472,0.8966,0.9129,0.932,0.913,0.475,0.9,esmfold2,fast_loop10_samples200
4oyk,43,4,0.8464,0.8952,0.7,0.924,0.7,0.486,0.875,esmfold2,fast_loop10_samples200
4oyk,44,0,0.8488,0.8985,0.8466,0.933,0.847,0.475,0.9,esmfold2,fast_loop10_samples200
4oyk,44,1,0.8473,0.8967,1.1294,0.919,1.129,0.504,0.875,esmfold2,fast_loop10_samples200
4oyk,44,2,0.8465,0.895,0.9431,0.931,0.943,0.486,0.9,esmfold2,fast_loop10_samples200
4oyk,44,3,0.8479,0.8969,0.9316,0.929,0.932,0.506,0.9,esmfold2,fast_loop10_samples200
4oyk,44,4,0.8522,0.9017,0.8472,0.935,0.847,0.461,0.9,esmfold2,fast_loop10_samples200
4pd1,42,0,0.8389,0.9167,1.0075,0.941,1.007,0.372,0.896,esmfold2,fast_loop10_samples200
4pd1,42,1,0.8362,0.9154,0.7649,0.96,0.765,0.337,0.938,esmfold2,fast_loop10_samples200
4pd1,42,2,0.8397,0.9175,1.0872,0.928,1.087,0.427,0.875,esmfold2,fast_loop10_samples200
4pd1,42,3,0.8422,0.9198,0.949,0.928,0.949,0.369,0.854,esmfold2,fast_loop10_samples200
4pd1,42,4,0.843,0.9209,0.9999,0.943,1.0,0.351,0.896,esmfold2,fast_loop10_samples200
4pd1,43,0,0.8425,0.9217,1.0695,0.934,1.069,0.369,0.875,esmfold2,fast_loop10_samples200
4pd1,43,1,0.8363,0.9179,0.8567,0.939,0.857,0.407,0.896,esmfold2,fast_loop10_samples200
4pd1,43,2,0.8408,0.9202,0.8854,0.948,0.885,0.313,0.896,esmfold2,fast_loop10_samples200
4pd1,43,3,0.8418,0.9202,0.8813,0.933,0.881,0.399,0.875,esmfold2,fast_loop10_samples200
4pd1,43,4,0.8355,0.9168,1.3087,0.928,1.309,0.465,0.896,esmfold2,fast_loop10_samples200
4pd1,44,0,0.8403,0.9212,0.8694,0.949,0.869,0.378,0.917,esmfold2,fast_loop10_samples200
4pd1,44,1,0.8266,0.9106,1.228,0.925,1.228,0.438,0.875,esmfold2,fast_loop10_samples200
4pd1,44,2,0.8431,0.9195,0.6086,0.965,0.609,0.296,0.938,esmfold2,fast_loop10_samples200
4pd1,44,3,0.8398,0.9161,1.2404,0.942,1.24,0.413,0.917,esmfold2,fast_loop10_samples200
4pd1,44,4,0.8385,0.9151,0.8699,0.951,0.87,0.355,0.917,esmfold2,fast_loop10_samples200
4pge,42,0,0.9545,0.9775,1.0577,0.97,1.058,0.37,0.983,esmfold2,fast_loop10_samples200
4pge,42,1,0.9535,0.9764,1.0353,0.959,1.035,0.423,0.966,esmfold2,fast_loop10_samples200
4pge,42,2,0.9547,0.9771,1.0055,0.968,1.005,0.393,0.983,esmfold2,fast_loop10_samples200
4pge,42,3,0.9545,0.9774,1.1026,0.969,1.103,0.38,0.983,esmfold2,fast_loop10_samples200
4pge,42,4,0.9523,0.9767,1.1848,0.967,1.185,0.385,0.983,esmfold2,fast_loop10_samples200
4pge,43,0,0.9535,0.9768,1.059,0.96,1.059,0.41,0.966,esmfold2,fast_loop10_samples200
4pge,43,1,0.9512,0.9767,1.0981,0.959,1.098,0.418,0.966,esmfold2,fast_loop10_samples200
4pge,43,2,0.9543,0.9773,1.0322,0.969,1.032,0.382,0.983,esmfold2,fast_loop10_samples200
4pge,43,3,0.9529,0.9767,1.0383,0.962,1.038,0.394,0.966,esmfold2,fast_loop10_samples200
4pge,43,4,0.9547,0.9771,1.1531,0.962,1.153,0.388,0.966,esmfold2,fast_loop10_samples200
4pge,44,0,0.9533,0.9771,1.0077,0.969,1.008,0.385,0.983,esmfold2,fast_loop10_samples200
4pge,44,1,0.9543,0.977,1.021,0.97,1.021,0.374,0.983,esmfold2,fast_loop10_samples200
4pge,44,2,0.9542,0.9769,1.1336,0.965,1.134,0.414,0.983,esmfold2,fast_loop10_samples200
4pge,44,3,0.9534,0.9771,1.0019,0.97,1.002,0.375,0.983,esmfold2,fast_loop10_samples200
4pge,44,4,0.953,0.9769,1.0886,0.967,1.089,0.402,0.983,esmfold2,fast_loop10_samples200
4qbr,42,0,0.8771,0.9229,0.4678,0.986,0.468,0.307,1.0,esmfold2,fast_loop10_samples200
4qbr,42,1,0.8586,0.9075,1.1788,0.953,1.179,0.49,0.975,esmfold2,fast_loop10_samples200
4qbr,42,2,0.8781,0.9251,0.4265,0.977,0.427,0.315,0.975,esmfold2,fast_loop10_samples200
4qbr,42,3,0.8794,0.9292,0.7097,0.969,0.71,0.385,0.975,esmfold2,fast_loop10_samples200
4qbr,42,4,0.8808,0.9293,0.6292,0.963,0.629,0.361,0.95,esmfold2,fast_loop10_samples200
4qbr,43,0,0.876,0.92,0.5239,0.982,0.524,0.346,1.0,esmfold2,fast_loop10_samples200
4qbr,43,1,0.872,0.9223,0.6485,0.961,0.649,0.388,0.95,esmfold2,fast_loop10_samples200
4qbr,43,2,0.8803,0.9307,0.7456,0.952,0.746,0.383,0.925,esmfold2,fast_loop10_samples200
4qbr,43,3,0.8776,0.9228,0.4717,0.974,0.472,0.343,0.975,esmfold2,fast_loop10_samples200
4qbr,43,4,0.8756,0.9235,0.4638,0.96,0.464,0.311,0.925,esmfold2,fast_loop10_samples200
4qbr,44,0,0.8672,0.9167,1.2695,0.936,1.27,0.487,0.925,esmfold2,fast_loop10_samples200
4qbr,44,1,0.8762,0.9262,0.5715,0.957,0.571,0.344,0.925,esmfold2,fast_loop10_samples200
4qbr,44,2,0.8815,0.9296,0.4415,0.969,0.441,0.308,0.95,esmfold2,fast_loop10_samples200
4qbr,44,3,0.861,0.9093,1.5081,0.925,1.508,0.614,0.95,esmfold2,fast_loop10_samples200
4qbr,44,4,0.8565,0.9115,1.2546,0.929,1.255,0.543,0.925,esmfold2,fast_loop10_samples200
4r5i,42,0,0.6308,0.7143,11.4681,0.269,11.468,3.209,0.273,esmfold2,fast_loop10_samples200
4r5i,42,1,0.62,0.7029,11.3818,0.272,11.382,3.147,0.273,esmfold2,fast_loop10_samples200
4r5i,42,2,0.6316,0.6842,2.5444,0.789,2.544,1.036,0.773,esmfold2,fast_loop10_samples200
4r5i,42,3,0.6151,0.6949,11.4328,0.27,11.433,3.185,0.273,esmfold2,fast_loop10_samples200
4r5i,42,4,0.6229,0.7062,11.4501,0.27,11.45,3.167,0.273,esmfold2,fast_loop10_samples200
4r5i,43,0,0.6181,0.6964,11.4777,0.27,11.478,3.154,0.273,esmfold2,fast_loop10_samples200
4r5i,43,1,0.6221,0.7038,11.4169,0.271,11.417,3.15,0.273,esmfold2,fast_loop10_samples200
4r5i,43,2,0.6254,0.7058,11.449,0.269,11.449,3.199,0.273,esmfold2,fast_loop10_samples200
4r5i,43,3,0.6161,0.6967,11.2987,0.274,11.299,3.111,0.273,esmfold2,fast_loop10_samples200
4r5i,43,4,0.6099,0.6902,11.5056,0.268,11.506,3.208,0.273,esmfold2,fast_loop10_samples200
4r5i,44,0,0.6125,0.6852,11.4676,0.27,11.468,3.178,0.273,esmfold2,fast_loop10_samples200
4r5i,44,1,0.6196,0.6971,11.4726,0.27,11.473,3.176,0.273,esmfold2,fast_loop10_samples200
4r5i,44,2,0.4157,0.4704,2.9112,0.769,2.911,1.075,0.75,esmfold2,fast_loop10_samples200
4r5i,44,3,0.6259,0.702,11.709,0.263,11.709,3.3,0.273,esmfold2,fast_loop10_samples200
4r5i,44,4,0.6192,0.7033,11.3484,0.272,11.348,3.154,0.273,esmfold2,fast_loop10_samples200
4txr,42,0,0.7614,0.8646,2.4698,0.791,2.47,1.11,0.805,esmfold2,fast_loop10_samples200
4txr,42,1,0.811,0.8701,3.475,0.737,3.475,1.498,0.854,esmfold2,fast_loop10_samples200
4txr,42,2,0.7878,0.8754,2.5268,0.804,2.527,1.124,0.854,esmfold2,fast_loop10_samples200
4txr,42,3,0.8116,0.8731,3.4961,0.723,3.496,1.547,0.829,esmfold2,fast_loop10_samples200
4txr,42,4,0.8093,0.8743,3.326,0.74,3.326,1.429,0.829,esmfold2,fast_loop10_samples200
4txr,43,0,0.7852,0.8725,2.3274,0.828,2.327,1.098,0.902,esmfold2,fast_loop10_samples200
4txr,43,1,0.7822,0.8728,1.9731,0.838,1.973,0.9,0.829,esmfold2,fast_loop10_samples200
4txr,43,2,0.8668,0.9197,13.6242,0.153,13.624,6.194,0.122,esmfold2,fast_loop10_samples200
4txr,43,3,0.7846,0.8664,2.0909,0.832,2.091,0.982,0.854,esmfold2,fast_loop10_samples200
4txr,43,4,0.8729,0.9223,13.6721,0.152,13.672,6.207,0.122,esmfold2,fast_loop10_samples200
4txr,44,0,0.7755,0.8626,1.6599,0.877,1.66,0.771,0.878,esmfold2,fast_loop10_samples200
4txr,44,1,0.8789,0.9301,13.547,0.153,13.547,6.158,0.122,esmfold2,fast_loop10_samples200
4txr,44,2,0.8086,0.8733,3.4173,0.718,3.417,1.538,0.805,esmfold2,fast_loop10_samples200
4txr,44,3,0.8703,0.9221,13.5687,0.153,13.569,6.158,0.122,esmfold2,fast_loop10_samples200
4txr,44,4,0.8139,0.8729,3.0698,0.748,3.07,1.409,0.829,esmfold2,fast_loop10_samples200
4u0c,42,0,0.444,0.4063,10.2713,0.529,10.271,1.678,0.737,esmfold2,fast_loop10_samples200
4u0c,42,1,0.4398,0.4365,18.0302,0.26,18.03,3.229,0.421,esmfold2,fast_loop10_samples200
4u0c,42,2,0.3836,0.3484,10.4112,0.361,10.411,2.914,0.474,esmfold2,fast_loop10_samples200
4u0c,42,3,0.3046,0.2567,11.0985,0.28,11.099,2.534,0.211,esmfold2,fast_loop10_samples200
4u0c,42,4,0.3587,0.3442,15.8198,0.3,15.82,2.985,0.474,esmfold2,fast_loop10_samples200
4u0c,43,0,0.401,0.3879,18.0095,0.28,18.009,3.162,0.474,esmfold2,fast_loop10_samples200
4u0c,43,1,0.3251,0.289,8.8668,0.399,8.867,1.831,0.316,esmfold2,fast_loop10_samples200
4u0c,43,2,0.3432,0.2971,9.2426,0.309,9.243,2.552,0.211,esmfold2,fast_loop10_samples200
4u0c,43,3,0.3106,0.2471,8.9212,0.32,8.921,2.449,0.211,esmfold2,fast_loop10_samples200
4u0c,43,4,0.3569,0.3428,16.1782,0.295,16.178,3.038,0.474,esmfold2,fast_loop10_samples200
4u0c,44,0,0.3168,0.2708,13.4263,0.235,13.426,2.933,0.211,esmfold2,fast_loop10_samples200
4u0c,44,1,0.4113,0.3883,17.5207,0.288,17.521,3.011,0.474,esmfold2,fast_loop10_samples200
4u0c,44,2,0.3771,0.344,18.1586,0.282,18.159,3.062,0.474,esmfold2,fast_loop10_samples200
4u0c,44,3,0.394,0.3745,16.3935,0.295,16.393,3.006,0.474,esmfold2,fast_loop10_samples200
4u0c,44,4,0.4218,0.38,13.2177,0.381,13.218,3.375,0.684,esmfold2,fast_loop10_samples200
4uqy,42,0,0.6117,0.6505,0.7262,0.938,0.726,0.459,0.907,esmfold2,fast_loop10_samples200
4uqy,42,1,0.6185,0.6606,1.1307,0.921,1.131,0.52,0.889,esmfold2,fast_loop10_samples200
4uqy,42,2,0.7523,0.7968,0.6819,0.952,0.682,0.394,0.926,esmfold2,fast_loop10_samples200
4uqy,42,3,0.7737,0.819,0.6709,0.953,0.671,0.383,0.926,esmfold2,fast_loop10_samples200
4uqy,42,4,0.6123,0.655,0.867,0.94,0.867,0.436,0.907,esmfold2,fast_loop10_samples200
4uqy,43,0,0.6203,0.6637,0.9048,0.938,0.905,0.445,0.907,esmfold2,fast_loop10_samples200
4uqy,43,1,0.6244,0.6693,1.0859,0.931,1.086,0.492,0.907,esmfold2,fast_loop10_samples200
4uqy,43,2,0.6168,0.6602,1.1358,0.929,1.136,0.504,0.907,esmfold2,fast_loop10_samples200
4uqy,43,3,0.6404,0.6842,0.6693,0.935,0.669,0.377,0.87,esmfold2,fast_loop10_samples200
4uqy,43,4,0.6165,0.6581,0.8849,0.921,0.885,0.437,0.852,esmfold2,fast_loop10_samples200
4uqy,44,0,0.6112,0.6558,1.2435,0.888,1.244,0.534,0.796,esmfold2,fast_loop10_samples200
4uqy,44,1,0.624,0.6736,0.7431,0.95,0.743,0.41,0.926,esmfold2,fast_loop10_samples200
4uqy,44,2,0.6087,0.6484,0.7753,0.954,0.775,0.425,0.944,esmfold2,fast_loop10_samples200
4uqy,44,3,0.6252,0.6786,0.9484,0.916,0.948,0.478,0.852,esmfold2,fast_loop10_samples200
4uqy,44,4,0.6267,0.6711,1.1044,0.926,1.104,0.481,0.889,esmfold2,fast_loop10_samples200
4x2h,42,0,0.8365,0.9023,3.6477,0.59,3.648,8.502,0.895,esmfold2,fast_loop10_samples200
4x2h,42,1,0.8283,0.8818,3.9706,0.6,3.971,8.405,0.947,esmfold2,fast_loop10_samples200
4x2h,42,2,0.8505,0.8938,3.6738,0.616,3.674,8.422,0.974,esmfold2,fast_loop10_samples200
4x2h,42,3,0.8507,0.9077,4.657,0.574,4.657,8.356,0.921,esmfold2,fast_loop10_samples200
4x2h,42,4,0.8523,0.8948,4.2825,0.592,4.282,8.385,0.947,esmfold2,fast_loop10_samples200
4x2h,43,0,0.8399,0.9032,3.7797,0.604,3.78,8.48,0.947,esmfold2,fast_loop10_samples200
4x2h,43,1,0.8301,0.897,5.3229,0.54,5.323,8.049,0.868,esmfold2,fast_loop10_samples200
4x2h,43,2,0.8338,0.8798,5.3982,0.564,5.398,8.364,0.947,esmfold2,fast_loop10_samples200
4x2h,43,3,0.8508,0.9077,3.8269,0.603,3.827,8.416,0.947,esmfold2,fast_loop10_samples200
4x2h,43,4,0.823,0.8763,6.2681,0.524,6.268,8.388,0.895,esmfold2,fast_loop10_samples200
4x2h,44,0,0.8432,0.8945,3.6167,0.608,3.617,8.393,0.947,esmfold2,fast_loop10_samples200
4x2h,44,1,0.843,0.8933,3.5971,0.617,3.597,8.447,0.974,esmfold2,fast_loop10_samples200
4x2h,44,2,0.838,0.9008,4.4075,0.589,4.407,8.5,0.947,esmfold2,fast_loop10_samples200
4x2h,44,3,0.8378,0.8986,5.3892,0.555,5.389,8.305,0.921,esmfold2,fast_loop10_samples200
4x2h,44,4,0.8427,0.9028,4.9848,0.556,4.985,8.46,0.895,esmfold2,fast_loop10_samples200
4x3o,42,0,0.8582,0.9546,1.4801,0.767,1.48,2.13,1.0,esmfold2,fast_loop10_samples200
4x3o,42,1,0.8672,0.9532,1.366,0.899,1.366,0.927,1.0,esmfold2,fast_loop10_samples200
4x3o,42,2,0.863,0.953,1.2543,0.785,1.254,1.925,1.0,esmfold2,fast_loop10_samples200
4x3o,42,3,0.8601,0.9535,1.9175,0.747,1.917,2.176,0.967,esmfold2,fast_loop10_samples200
4x3o,42,4,0.8645,0.9546,1.429,0.798,1.429,1.763,1.0,esmfold2,fast_loop10_samples200
4x3o,43,0,0.865,0.9528,1.6984,0.763,1.698,2.143,1.0,esmfold2,fast_loop10_samples200
4x3o,43,1,0.8596,0.953,1.4988,0.877,1.499,1.073,1.0,esmfold2,fast_loop10_samples200
4x3o,43,2,0.8655,0.9547,0.8527,0.855,0.853,1.292,1.0,esmfold2,fast_loop10_samples200
4x3o,43,3,0.8739,0.9579,1.5068,0.877,1.507,1.076,1.0,esmfold2,fast_loop10_samples200
4x3o,43,4,0.8673,0.9558,1.2187,0.848,1.219,1.316,1.0,esmfold2,fast_loop10_samples200
4x3o,44,0,0.8711,0.9554,1.1621,0.854,1.162,1.275,1.0,esmfold2,fast_loop10_samples200
4x3o,44,1,0.852,0.9543,1.4923,0.767,1.492,2.132,1.0,esmfold2,fast_loop10_samples200
4x3o,44,2,0.8681,0.955,1.5434,0.85,1.543,1.271,1.0,esmfold2,fast_loop10_samples200
4x3o,44,3,0.8595,0.9519,1.5347,0.783,1.535,1.79,0.967,esmfold2,fast_loop10_samples200
4x3o,44,4,0.8611,0.9511,1.3327,0.777,1.333,2.025,1.0,esmfold2,fast_loop10_samples200
4xc2,42,0,0.7183,0.816,3.183,0.741,3.183,1.252,0.755,esmfold2,fast_loop10_samples200
4xc2,42,1,0.7023,0.8132,3.7531,0.682,3.753,1.451,0.694,esmfold2,fast_loop10_samples200
4xc2,42,2,0.7167,0.8255,2.6056,0.768,2.606,1.042,0.714,esmfold2,fast_loop10_samples200
4xc2,42,3,0.6884,0.8198,6.8679,0.51,6.868,2.585,0.673,esmfold2,fast_loop10_samples200
4xc2,42,4,0.7122,0.8131,2.9142,0.737,2.914,1.169,0.694,esmfold2,fast_loop10_samples200
4xc2,43,0,0.6868,0.8136,6.9885,0.506,6.988,2.612,0.673,esmfold2,fast_loop10_samples200
4xc2,43,1,0.7172,0.8126,3.5382,0.717,3.538,1.373,0.755,esmfold2,fast_loop10_samples200
4xc2,43,2,0.7062,0.8114,2.0536,0.853,2.054,0.804,0.837,esmfold2,fast_loop10_samples200
4xc2,43,3,0.7143,0.8158,2.4839,0.817,2.484,1.001,0.837,esmfold2,fast_loop10_samples200
4xc2,43,4,0.7081,0.8086,3.0265,0.737,3.026,1.198,0.714,esmfold2,fast_loop10_samples200
4xc2,44,0,0.6785,0.8096,7.9578,0.469,7.958,2.987,0.673,esmfold2,fast_loop10_samples200
4xc2,44,1,0.7176,0.818,2.9576,0.756,2.958,1.174,0.755,esmfold2,fast_loop10_samples200
4xc2,44,2,0.6822,0.8213,7.5136,0.486,7.514,2.796,0.673,esmfold2,fast_loop10_samples200
4xc2,44,3,0.6898,0.8185,6.7405,0.523,6.74,2.52,0.694,esmfold2,fast_loop10_samples200
4xc2,44,4,0.7137,0.8041,2.87,0.763,2.87,1.136,0.755,esmfold2,fast_loop10_samples200
4xek,42,0,0.8179,0.8291,1.0232,0.96,1.023,0.514,1.0,esmfold2,fast_loop10_samples200
4xek,42,1,0.8045,0.8226,1.7315,0.904,1.732,0.795,0.972,esmfold2,fast_loop10_samples200
4xek,42,2,0.832,0.8545,2.2701,0.822,2.27,1.118,0.889,esmfold2,fast_loop10_samples200
4xek,42,3,0.8221,0.8398,0.7451,0.956,0.745,0.409,0.944,esmfold2,fast_loop10_samples200
4xek,42,4,0.8076,0.8327,1.3467,0.931,1.347,0.645,0.972,esmfold2,fast_loop10_samples200
4xek,43,0,0.8259,0.8406,0.5882,0.976,0.588,0.306,0.972,esmfold2,fast_loop10_samples200
4xek,43,1,0.8328,0.8614,3.1069,0.758,3.107,1.492,0.889,esmfold2,fast_loop10_samples200
4xek,43,2,0.7978,0.8155,2.2574,0.826,2.257,1.086,0.889,esmfold2,fast_loop10_samples200
4xek,43,3,0.8275,0.8545,2.7719,0.784,2.772,1.331,0.889,esmfold2,fast_loop10_samples200
4xek,43,4,0.8263,0.845,0.875,0.963,0.875,0.422,0.972,esmfold2,fast_loop10_samples200
4xek,44,0,0.8125,0.8277,1.4229,0.93,1.423,0.644,0.972,esmfold2,fast_loop10_samples200
4xek,44,1,0.8204,0.8357,1.0438,0.941,1.044,0.52,0.944,esmfold2,fast_loop10_samples200
4xek,44,2,0.8128,0.8337,1.8397,0.88,1.84,0.891,0.944,esmfold2,fast_loop10_samples200
4xek,44,3,0.8375,0.8643,2.5075,0.804,2.507,1.215,0.889,esmfold2,fast_loop10_samples200
4xek,44,4,0.8196,0.8342,0.8874,0.957,0.887,0.473,0.972,esmfold2,fast_loop10_samples200
4yje,42,0,0.6871,0.7591,1.3408,0.902,1.341,0.519,0.837,esmfold2,fast_loop10_samples200
4yje,42,1,0.8358,0.908,1.7794,0.871,1.779,0.605,0.796,esmfold2,fast_loop10_samples200
4yje,42,2,0.6699,0.7321,1.7586,0.891,1.759,0.611,0.857,esmfold2,fast_loop10_samples200
4yje,42,3,0.8065,0.8805,1.5993,0.902,1.599,0.596,0.878,esmfold2,fast_loop10_samples200
4yje,42,4,0.8399,0.9102,1.834,0.882,1.834,0.623,0.837,esmfold2,fast_loop10_samples200
4yje,43,0,0.661,0.7277,1.1809,0.911,1.181,0.46,0.837,esmfold2,fast_loop10_samples200
4yje,43,1,0.8436,0.9124,1.6741,0.893,1.674,0.604,0.857,esmfold2,fast_loop10_samples200
4yje,43,2,0.8176,0.8852,1.9248,0.881,1.925,0.668,0.857,esmfold2,fast_loop10_samples200
4yje,43,3,0.8047,0.8748,1.8988,0.87,1.899,0.652,0.816,esmfold2,fast_loop10_samples200
4yje,43,4,0.7691,0.8381,1.9303,0.884,1.93,0.642,0.857,esmfold2,fast_loop10_samples200
4yje,44,0,0.8117,0.8746,1.7692,0.891,1.769,0.608,0.857,esmfold2,fast_loop10_samples200
4yje,44,1,0.7404,0.8077,1.8199,0.869,1.82,0.621,0.796,esmfold2,fast_loop10_samples200
4yje,44,2,0.813,0.8832,1.6483,0.891,1.648,0.624,0.857,esmfold2,fast_loop10_samples200
4yje,44,3,0.7155,0.7816,1.8917,0.864,1.892,0.647,0.796,esmfold2,fast_loop10_samples200
4yje,44,4,0.8358,0.9015,1.7939,0.884,1.794,0.61,0.837,esmfold2,fast_loop10_samples200
4z2o,42,0,0.3629,0.236,18.6261,0.108,18.626,7.415,0.111,esmfold2,fast_loop10_samples200
4z2o,42,1,0.3663,0.2588,10.1844,0.253,10.184,3.956,0.222,esmfold2,fast_loop10_samples200
4z2o,42,2,0.3524,0.2387,11.7825,0.187,11.782,4.894,0.133,esmfold2,fast_loop10_samples200
4z2o,42,3,0.3593,0.2524,20.416,0.097,20.416,8.164,0.111,esmfold2,fast_loop10_samples200
4z2o,42,4,0.3701,0.2457,17.7134,0.107,17.713,6.969,0.089,esmfold2,fast_loop10_samples200
4z2o,43,0,0.3564,0.2432,11.2367,0.252,11.237,4.431,0.289,esmfold2,fast_loop10_samples200
4z2o,43,1,0.3783,0.2765,17.7921,0.15,17.792,7.066,0.222,esmfold2,fast_loop10_samples200
4z2o,43,2,0.397,0.3056,17.0037,0.186,17.004,6.794,0.311,esmfold2,fast_loop10_samples200
4z2o,43,3,0.4087,0.3124,10.5777,0.282,10.578,4.054,0.333,esmfold2,fast_loop10_samples200
4z2o,43,4,0.3738,0.2676,19.2085,0.097,19.209,7.643,0.089,esmfold2,fast_loop10_samples200
4z2o,44,0,0.3582,0.2356,19.8454,0.108,19.845,7.856,0.133,esmfold2,fast_loop10_samples200
4z2o,44,1,0.3619,0.2253,12.2918,0.148,12.292,5.18,0.044,esmfold2,fast_loop10_samples200
4z2o,44,2,0.3622,0.249,18.0803,0.112,18.08,7.052,0.111,esmfold2,fast_loop10_samples200
4z2o,44,3,0.3954,0.2973,18.2921,0.162,18.292,7.219,0.267,esmfold2,fast_loop10_samples200
4z2o,44,4,0.3657,0.2536,14.418,0.158,14.418,5.879,0.156,esmfold2,fast_loop10_samples200
4zoz,42,0,0.8533,0.9412,2.727,0.849,2.727,0.932,0.918,esmfold2,fast_loop10_samples200
4zoz,42,1,0.8453,0.9411,0.8917,0.922,0.892,0.556,0.898,esmfold2,fast_loop10_samples200
4zoz,42,2,0.8455,0.9458,1.08,0.919,1.08,0.516,0.878,esmfold2,fast_loop10_samples200
4zoz,42,3,0.8209,0.9258,1.2235,0.904,1.224,0.564,0.857,esmfold2,fast_loop10_samples200
4zoz,42,4,0.8421,0.9344,1.2666,0.917,1.267,0.623,0.918,esmfold2,fast_loop10_samples200
4zoz,43,0,0.8466,0.9308,2.7793,0.843,2.779,1.012,0.939,esmfold2,fast_loop10_samples200
4zoz,43,1,0.8371,0.9289,1.9021,0.879,1.902,0.734,0.878,esmfold2,fast_loop10_samples200
4zoz,43,2,0.8372,0.9259,1.3634,0.905,1.363,0.601,0.878,esmfold2,fast_loop10_samples200
4zoz,43,3,0.8528,0.9412,1.248,0.909,1.248,0.58,0.878,esmfold2,fast_loop10_samples200
4zoz,43,4,0.8576,0.941,2.5733,0.831,2.573,0.939,0.857,esmfold2,fast_loop10_samples200
4zoz,44,0,0.8264,0.9264,1.2339,0.927,1.234,0.547,0.918,esmfold2,fast_loop10_samples200
4zoz,44,1,0.8516,0.9414,2.444,0.867,2.444,0.847,0.918,esmfold2,fast_loop10_samples200
4zoz,44,2,0.8207,0.9269,1.4922,0.912,1.492,0.587,0.898,esmfold2,fast_loop10_samples200
4zoz,44,3,0.8496,0.9365,2.5979,0.846,2.598,0.924,0.898,esmfold2,fast_loop10_samples200
4zoz,44,4,0.8528,0.9441,1.2759,0.873,1.276,0.881,0.898,esmfold2,fast_loop10_samples200
5bs2,42,0,0.3455,0.1796,24.0424,0.051,24.042,7.174,0.0,esmfold2,fast_loop10_samples200
5bs2,42,1,0.5913,0.4947,20.4156,0.069,20.416,6.023,0.0,esmfold2,fast_loop10_samples200
5bs2,42,2,0.3795,0.2403,20.7849,0.067,20.785,6.077,0.0,esmfold2,fast_loop10_samples200
5bs2,42,3,0.5338,0.4173,20.1835,0.07,20.183,5.993,0.0,esmfold2,fast_loop10_samples200
5bs2,42,4,0.4715,0.3538,19.8672,0.071,19.867,5.957,0.0,esmfold2,fast_loop10_samples200
5bs2,43,0,0.5652,0.463,20.3156,0.07,20.316,5.961,0.0,esmfold2,fast_loop10_samples200
5bs2,43,1,0.372,0.211,20.092,0.071,20.092,5.916,0.0,esmfold2,fast_loop10_samples200
5bs2,43,2,0.3592,0.1938,23.0026,0.055,23.003,6.856,0.0,esmfold2,fast_loop10_samples200
5bs2,43,3,0.3272,0.12,16.7378,0.132,16.738,4.87,0.105,esmfold2,fast_loop10_samples200
5bs2,43,4,0.3652,0.2152,20.3728,0.07,20.373,5.811,0.0,esmfold2,fast_loop10_samples200
5bs2,44,0,0.5562,0.4571,19.6141,0.073,19.614,5.939,0.0,esmfold2,fast_loop10_samples200
5bs2,44,1,0.5891,0.5075,19.8719,0.071,19.872,6.014,0.0,esmfold2,fast_loop10_samples200
5bs2,44,2,0.3609,0.195,19.2089,0.077,19.209,5.571,0.0,esmfold2,fast_loop10_samples200
5bs2,44,3,0.3227,0.1331,15.2549,0.165,15.255,4.481,0.158,esmfold2,fast_loop10_samples200
5bs2,44,4,0.4631,0.3309,19.9104,0.073,19.91,5.765,0.0,esmfold2,fast_loop10_samples200
5crw,42,0,0.706,0.8171,4.1123,0.774,4.112,1.186,0.897,esmfold2,fast_loop10_samples200
5crw,42,1,0.6969,0.8173,4.1374,0.775,4.137,1.09,0.862,esmfold2,fast_loop10_samples200
5crw,42,2,0.7171,0.8322,5.1467,0.751,5.147,1.078,0.862,esmfold2,fast_loop10_samples200
5crw,42,3,0.7014,0.8264,6.0997,0.738,6.1,1.084,0.897,esmfold2,fast_loop10_samples200
5crw,42,4,0.7117,0.8331,3.3498,0.806,3.35,1.083,0.897,esmfold2,fast_loop10_samples200
5crw,43,0,0.7102,0.8228,2.5294,0.828,2.529,1.052,0.897,esmfold2,fast_loop10_samples200
5crw,43,1,0.7068,0.8199,3.8718,0.788,3.872,1.125,0.897,esmfold2,fast_loop10_samples200
5crw,43,2,0.7015,0.8174,2.1962,0.836,2.196,1.041,0.897,esmfold2,fast_loop10_samples200
5crw,43,3,0.705,0.8198,2.8756,0.795,2.876,1.161,0.862,esmfold2,fast_loop10_samples200
5crw,43,4,0.7104,0.8247,3.3699,0.804,3.37,1.099,0.897,esmfold2,fast_loop10_samples200
5crw,44,0,0.7122,0.8196,3.4712,0.804,3.471,1.081,0.897,esmfold2,fast_loop10_samples200
5crw,44,1,0.7089,0.8253,2.4213,0.827,2.421,1.074,0.897,esmfold2,fast_loop10_samples200
5crw,44,2,0.7045,0.819,4.9771,0.756,4.977,1.158,0.897,esmfold2,fast_loop10_samples200
5crw,44,3,0.5348,0.6229,6.9341,0.518,6.934,3.06,0.759,esmfold2,fast_loop10_samples200
5crw,44,4,0.7205,0.8323,4.7652,0.771,4.765,1.088,0.897,esmfold2,fast_loop10_samples200
5d94,42,0,0.8085,0.8289,1.4148,0.88,1.415,0.722,0.854,esmfold2,fast_loop10_samples200
5d94,42,1,0.8116,0.836,0.9414,0.918,0.941,0.58,0.896,esmfold2,fast_loop10_samples200
5d94,42,2,0.7673,0.8043,1.3983,0.872,1.398,0.776,0.854,esmfold2,fast_loop10_samples200
5d94,42,3,0.8171,0.8419,0.7625,0.921,0.763,0.57,0.896,esmfold2,fast_loop10_samples200
5d94,42,4,0.8204,0.8434,0.7124,0.926,0.712,0.526,0.896,esmfold2,fast_loop10_samples200
5d94,43,0,0.8037,0.83,0.7773,0.918,0.777,0.591,0.896,esmfold2,fast_loop10_samples200
5d94,43,1,0.8151,0.84,0.7325,0.903,0.732,0.598,0.854,esmfold2,fast_loop10_samples200
5d94,43,2,0.8065,0.8324,1.3107,0.89,1.311,0.654,0.854,esmfold2,fast_loop10_samples200
5d94,43,3,0.8159,0.8413,0.7164,0.931,0.716,0.543,0.917,esmfold2,fast_loop10_samples200
5d94,43,4,0.8149,0.8396,0.8322,0.901,0.832,0.613,0.854,esmfold2,fast_loop10_samples200
5d94,44,0,0.8194,0.8468,0.7348,0.922,0.735,0.561,0.896,esmfold2,fast_loop10_samples200
5d94,44,1,0.8101,0.8363,0.8405,0.929,0.841,0.557,0.917,esmfold2,fast_loop10_samples200
5d94,44,2,0.8155,0.8405,0.9536,0.913,0.954,0.618,0.896,esmfold2,fast_loop10_samples200
5d94,44,3,0.8138,0.8387,0.6785,0.894,0.678,0.562,0.812,esmfold2,fast_loop10_samples200
5d94,44,4,0.8043,0.8257,1.2978,0.891,1.298,0.7,0.875,esmfold2,fast_loop10_samples200
5dai,42,0,0.8585,0.9573,1.0213,0.955,1.021,0.557,1.0,esmfold2,fast_loop10_samples200
5dai,42,1,0.8578,0.9567,0.9321,0.944,0.932,0.644,1.0,esmfold2,fast_loop10_samples200
5dai,42,2,0.8585,0.9576,0.8379,0.927,0.838,0.661,0.953,esmfold2,fast_loop10_samples200
5dai,42,3,0.8565,0.956,0.8744,0.941,0.874,0.611,0.977,esmfold2,fast_loop10_samples200
5dai,42,4,0.8472,0.9505,0.7922,0.944,0.792,0.652,1.0,esmfold2,fast_loop10_samples200
5dai,43,0,0.8447,0.9489,0.6453,0.943,0.645,0.609,0.977,esmfold2,fast_loop10_samples200
5dai,43,1,0.8484,0.9497,1.0229,0.924,1.023,0.729,0.977,esmfold2,fast_loop10_samples200
5dai,43,2,0.8469,0.949,0.8857,0.946,0.886,0.631,1.0,esmfold2,fast_loop10_samples200
5dai,43,3,0.8555,0.9567,0.7396,0.954,0.74,0.579,1.0,esmfold2,fast_loop10_samples200
5dai,43,4,0.8476,0.9504,0.7011,0.944,0.701,0.657,1.0,esmfold2,fast_loop10_samples200
5dai,44,0,0.8582,0.9577,0.9481,0.94,0.948,0.615,0.977,esmfold2,fast_loop10_samples200
5dai,44,1,0.8585,0.9565,0.7252,0.957,0.725,0.562,1.0,esmfold2,fast_loop10_samples200
5dai,44,2,0.8459,0.95,1.0408,0.939,1.041,0.617,0.977,esmfold2,fast_loop10_samples200
5dai,44,3,0.8564,0.9569,0.5492,0.963,0.549,0.517,1.0,esmfold2,fast_loop10_samples200
5dai,44,4,0.8542,0.956,0.7095,0.943,0.71,0.605,0.977,esmfold2,fast_loop10_samples200
5di8,42,0,0.9569,0.9778,0.6693,0.972,0.669,0.437,1.0,esmfold2,fast_loop10_samples200
5di8,42,1,0.9595,0.98,0.7599,0.971,0.76,0.439,1.0,esmfold2,fast_loop10_samples200
5di8,42,2,0.9576,0.9782,0.6715,0.968,0.672,0.47,1.0,esmfold2,fast_loop10_samples200
5di8,42,3,0.9599,0.9804,0.6757,0.97,0.676,0.452,1.0,esmfold2,fast_loop10_samples200
5di8,42,4,0.9586,0.979,0.6352,0.974,0.635,0.422,1.0,esmfold2,fast_loop10_samples200
5di8,43,0,0.9462,0.9699,0.5814,0.975,0.581,0.415,1.0,esmfold2,fast_loop10_samples200
5di8,43,1,0.9556,0.9776,0.5596,0.975,0.56,0.41,1.0,esmfold2,fast_loop10_samples200
5di8,43,2,0.9564,0.9777,0.5178,0.978,0.518,0.387,1.0,esmfold2,fast_loop10_samples200
5di8,43,3,0.9557,0.9778,0.5462,0.978,0.546,0.381,1.0,esmfold2,fast_loop10_samples200
5di8,43,4,0.9601,0.9807,0.6388,0.975,0.639,0.411,1.0,esmfold2,fast_loop10_samples200
5di8,44,0,0.9567,0.978,0.593,0.976,0.593,0.405,1.0,esmfold2,fast_loop10_samples200
5di8,44,1,0.9577,0.9787,0.7543,0.967,0.754,0.479,1.0,esmfold2,fast_loop10_samples200
5di8,44,2,0.9574,0.9786,0.5604,0.978,0.56,0.385,1.0,esmfold2,fast_loop10_samples200
5di8,44,3,0.9585,0.979,0.5692,0.975,0.569,0.414,1.0,esmfold2,fast_loop10_samples200
5di8,44,4,0.9578,0.9785,0.7672,0.97,0.767,0.445,1.0,esmfold2,fast_loop10_samples200
5efi,42,0,0.3513,0.3477,6.2149,0.415,6.215,2.822,0.373,esmfold2,fast_loop10_samples200
5efi,42,1,0.297,0.2378,6.5239,0.423,6.524,2.607,0.392,esmfold2,fast_loop10_samples200
5efi,42,2,0.351,0.3428,5.4267,0.47,5.427,2.244,0.392,esmfold2,fast_loop10_samples200
5efi,42,3,0.3123,0.286,10.7276,0.231,10.728,4.225,0.196,esmfold2,fast_loop10_samples200
5efi,42,4,0.3169,0.2897,16.6235,0.097,16.623,6.98,0.039,esmfold2,fast_loop10_samples200
5efi,43,0,0.3307,0.2919,3.9518,0.542,3.952,2.125,0.471,esmfold2,fast_loop10_samples200
5efi,43,1,0.3393,0.3328,6.1307,0.429,6.131,2.551,0.373,esmfold2,fast_loop10_samples200
5efi,43,2,0.3214,0.3082,5.3319,0.458,5.332,2.271,0.353,esmfold2,fast_loop10_samples200
5efi,43,3,0.3471,0.339,6.9195,0.398,6.919,2.817,0.373,esmfold2,fast_loop10_samples200
5efi,43,4,0.3258,0.293,14.2697,0.126,14.27,6.122,0.059,esmfold2,fast_loop10_samples200
5efi,44,0,0.3916,0.4104,7.2701,0.368,7.27,2.878,0.314,esmfold2,fast_loop10_samples200
5efi,44,1,0.3297,0.3124,12.8078,0.145,12.808,5.454,0.059,esmfold2,fast_loop10_samples200
5efi,44,2,0.322,0.2797,14.8797,0.132,14.88,6.357,0.098,esmfold2,fast_loop10_samples200
5efi,44,3,0.3529,0.3546,5.2586,0.472,5.259,2.189,0.373,esmfold2,fast_loop10_samples200
5efi,44,4,0.3224,0.3154,4.0645,0.552,4.064,1.8,0.431,esmfold2,fast_loop10_samples200
5ei3,42,0,0.8767,0.9519,0.6229,0.973,0.623,0.339,0.974,esmfold2,fast_loop10_samples200
5ei3,42,1,0.8776,0.9524,0.5887,0.973,0.589,0.428,1.0,esmfold2,fast_loop10_samples200
5ei3,42,2,0.8704,0.9456,1.262,0.942,1.262,0.573,0.974,esmfold2,fast_loop10_samples200
5ei3,42,3,0.8751,0.9506,0.559,0.976,0.559,0.402,1.0,esmfold2,fast_loop10_samples200
5ei3,42,4,0.8753,0.9506,0.7425,0.952,0.742,0.533,0.974,esmfold2,fast_loop10_samples200
5ei3,43,0,0.8758,0.9509,0.581,0.972,0.581,0.353,0.974,esmfold2,fast_loop10_samples200
5ei3,43,1,0.8782,0.9514,0.7479,0.978,0.748,0.374,1.0,esmfold2,fast_loop10_samples200
5ei3,43,2,0.8755,0.9517,0.8789,0.965,0.879,0.404,0.974,esmfold2,fast_loop10_samples200
5ei3,43,3,0.8768,0.951,0.9042,0.962,0.904,0.51,1.0,esmfold2,fast_loop10_samples200
5ei3,43,4,0.8746,0.951,0.8061,0.977,0.806,0.38,1.0,esmfold2,fast_loop10_samples200
5ei3,44,0,0.8718,0.9491,0.9027,0.963,0.903,0.427,0.974,esmfold2,fast_loop10_samples200
5ei3,44,1,0.8768,0.9514,0.8019,0.973,0.802,0.416,1.0,esmfold2,fast_loop10_samples200
5ei3,44,2,0.8748,0.9489,0.5347,0.971,0.535,0.367,0.974,esmfold2,fast_loop10_samples200
5ei3,44,3,0.879,0.9522,0.735,0.978,0.735,0.375,1.0,esmfold2,fast_loop10_samples200
5ei3,44,4,0.8768,0.9509,1.0687,0.958,1.069,0.456,0.974,esmfold2,fast_loop10_samples200
5fml,42,0,0.3574,0.2758,23.5452,0.047,23.545,8.994,0.0,esmfold2,fast_loop10_samples200
5fml,42,1,0.2966,0.2208,24.5426,0.044,24.543,9.55,0.0,esmfold2,fast_loop10_samples200
5fml,42,2,0.3428,0.2645,23.401,0.048,23.401,8.985,0.0,esmfold2,fast_loop10_samples200
5fml,42,3,0.3863,0.3265,33.0229,0.026,33.023,12.379,0.0,esmfold2,fast_loop10_samples200
5fml,42,4,0.337,0.2744,24.3948,0.044,24.395,9.368,0.0,esmfold2,fast_loop10_samples200
5fml,43,0,0.3569,0.2429,24.509,0.044,24.509,9.316,0.0,esmfold2,fast_loop10_samples200
5fml,43,1,0.3668,0.2873,33.0371,0.025,33.037,12.714,0.0,esmfold2,fast_loop10_samples200
5fml,43,2,0.3152,0.2451,24.595,0.051,24.595,9.501,0.022,esmfold2,fast_loop10_samples200
5fml,43,3,0.3287,0.2692,25.803,0.04,25.803,9.922,0.0,esmfold2,fast_loop10_samples200
5fml,43,4,0.3312,0.2588,25.2394,0.042,25.239,9.624,0.0,esmfold2,fast_loop10_samples200
5fml,44,0,0.3715,0.2993,34.9265,0.023,34.926,13.507,0.0,esmfold2,fast_loop10_samples200
5fml,44,1,0.3045,0.2087,27.7596,0.035,27.76,10.791,0.0,esmfold2,fast_loop10_samples200
5fml,44,2,0.344,0.2686,34.3117,0.023,34.312,13.32,0.0,esmfold2,fast_loop10_samples200
5fml,44,3,0.3535,0.3145,22.6074,0.051,22.607,8.779,0.0,esmfold2,fast_loop10_samples200
5fml,44,4,0.3293,0.2104,30.1269,0.03,30.127,12.012,0.0,esmfold2,fast_loop10_samples200
5fpx,42,0,0.3743,0.274,6.2785,0.426,6.279,1.938,0.256,esmfold2,fast_loop10_samples200
5fpx,42,1,0.3766,0.2736,3.4388,0.645,3.439,1.025,0.395,esmfold2,fast_loop10_samples200
5fpx,42,2,0.3712,0.2588,4.3702,0.529,4.37,1.449,0.279,esmfold2,fast_loop10_samples200
5fpx,42,3,0.3444,0.2354,12.8342,0.169,12.834,3.861,0.07,esmfold2,fast_loop10_samples200
5fpx,42,4,0.392,0.2943,5.0001,0.566,5.0,1.534,0.465,esmfold2,fast_loop10_samples200
5fpx,43,0,0.3572,0.2486,10.8189,0.231,10.819,3.289,0.14,esmfold2,fast_loop10_samples200
5fpx,43,1,0.3359,0.227,11.3732,0.204,11.373,3.421,0.093,esmfold2,fast_loop10_samples200
5fpx,43,2,0.3856,0.2812,4.7332,0.519,4.733,1.455,0.279,esmfold2,fast_loop10_samples200
5fpx,43,3,0.3602,0.2554,9.34,0.246,9.34,2.857,0.07,esmfold2,fast_loop10_samples200
5fpx,43,4,0.3491,0.2385,8.056,0.295,8.056,2.495,0.093,esmfold2,fast_loop10_samples200
5fpx,44,0,0.3874,0.2983,5.311,0.48,5.311,1.683,0.279,esmfold2,fast_loop10_samples200
5fpx,44,1,0.3912,0.2984,4.1583,0.611,4.158,1.325,0.465,esmfold2,fast_loop10_samples200
5fpx,44,2,0.3917,0.2976,4.9014,0.524,4.901,1.514,0.326,esmfold2,fast_loop10_samples200
5fpx,44,3,0.3858,0.3002,4.5545,0.527,4.555,1.426,0.279,esmfold2,fast_loop10_samples200
5fpx,44,4,0.3625,0.2722,8.2946,0.288,8.295,2.537,0.093,esmfold2,fast_loop10_samples200
5fv6,42,0,0.2677,0.1348,34.5778,0.023,34.578,13.492,0.0,esmfold2,fast_loop10_samples200
5fv6,42,1,0.2479,0.1181,25.6061,0.038,25.606,11.814,0.0,esmfold2,fast_loop10_samples200
5fv6,42,2,0.2863,0.2066,26.6651,0.04,26.665,9.027,0.0,esmfold2,fast_loop10_samples200
5fv6,42,3,0.2883,0.2344,25.6802,0.044,25.68,8.274,0.0,esmfold2,fast_loop10_samples200
5fv6,42,4,0.2683,0.18,26.2366,0.041,26.237,9.015,0.0,esmfold2,fast_loop10_samples200
5fv6,43,0,0.2621,0.1789,29.2435,0.034,29.244,9.707,0.0,esmfold2,fast_loop10_samples200
5fv6,43,1,0.2688,0.19,27.6966,0.038,27.697,8.887,0.0,esmfold2,fast_loop10_samples200
5fv6,43,2,0.2601,0.1555,29.6125,0.032,29.613,10.779,0.0,esmfold2,fast_loop10_samples200
5fv6,43,3,0.2527,0.1287,33.4461,0.024,33.446,13.171,0.0,esmfold2,fast_loop10_samples200
5fv6,43,4,0.2743,0.1757,25.242,0.043,25.242,9.121,0.0,esmfold2,fast_loop10_samples200
5fv6,44,0,0.2584,0.1279,30.1564,0.029,30.156,12.342,0.0,esmfold2,fast_loop10_samples200
5fv6,44,1,0.2456,0.097,32.7658,0.025,32.766,13.781,0.0,esmfold2,fast_loop10_samples200
5fv6,44,2,0.3108,0.2555,25.4688,0.042,25.469,9.358,0.0,esmfold2,fast_loop10_samples200
5fv6,44,3,0.2688,0.1785,31.2126,0.029,31.213,10.816,0.0,esmfold2,fast_loop10_samples200
5fv6,44,4,0.3012,0.2458,27.7221,0.036,27.722,9.675,0.0,esmfold2,fast_loop10_samples200
5ggp,42,0,0.6673,0.6059,36.2104,0.022,36.21,12.324,0.0,esmfold2,fast_loop10_samples200
5ggp,42,1,0.6625,0.5973,37.0218,0.021,37.022,12.402,0.0,esmfold2,fast_loop10_samples200
5ggp,42,2,0.6304,0.571,37.9602,0.021,37.96,12.563,0.0,esmfold2,fast_loop10_samples200
5ggp,42,3,0.6526,0.5879,36.621,0.022,36.621,12.435,0.0,esmfold2,fast_loop10_samples200
5ggp,42,4,0.6141,0.5347,36.8668,0.022,36.867,12.291,0.0,esmfold2,fast_loop10_samples200
5ggp,43,0,0.6688,0.6145,38.1745,0.02,38.175,12.725,0.0,esmfold2,fast_loop10_samples200
5ggp,43,1,0.662,0.6131,38.2477,0.02,38.248,12.719,0.0,esmfold2,fast_loop10_samples200
5ggp,43,2,0.6341,0.5601,34.893,0.024,34.893,11.997,0.0,esmfold2,fast_loop10_samples200
5ggp,43,3,0.6718,0.6167,36.8704,0.022,36.87,12.432,0.0,esmfold2,fast_loop10_samples200
5ggp,43,4,0.6211,0.5494,37.6946,0.021,37.695,12.455,0.0,esmfold2,fast_loop10_samples200
5ggp,44,0,0.6072,0.4995,32.5954,0.027,32.595,11.559,0.0,esmfold2,fast_loop10_samples200
5ggp,44,1,0.6252,0.5481,35.2148,0.023,35.215,12.03,0.0,esmfold2,fast_loop10_samples200
5ggp,44,2,0.6391,0.5799,39.6153,0.019,39.615,12.935,0.0,esmfold2,fast_loop10_samples200
5ggp,44,3,0.6529,0.5836,37.6584,0.021,37.658,12.577,0.0,esmfold2,fast_loop10_samples200
5ggp,44,4,0.6641,0.6091,36.511,0.022,36.511,12.417,0.0,esmfold2,fast_loop10_samples200
5gu4,42,0,0.7307,0.8155,4.9453,0.615,4.945,1.597,0.63,esmfold2,fast_loop10_samples200
5gu4,42,1,0.7348,0.8178,4.871,0.632,4.871,1.572,0.667,esmfold2,fast_loop10_samples200
5gu4,42,2,0.7428,0.831,4.8597,0.62,4.86,1.573,0.63,esmfold2,fast_loop10_samples200
5gu4,42,3,0.7365,0.8138,4.96,0.602,4.96,1.606,0.593,esmfold2,fast_loop10_samples200
5gu4,42,4,0.7418,0.8284,4.6113,0.634,4.611,1.504,0.63,esmfold2,fast_loop10_samples200
5gu4,43,0,0.7266,0.772,1.0722,0.935,1.072,0.408,0.889,esmfold2,fast_loop10_samples200
5gu4,43,1,0.7289,0.8178,4.6214,0.634,4.621,1.496,0.63,esmfold2,fast_loop10_samples200
5gu4,43,2,0.727,0.7834,2.1967,0.853,2.197,0.737,0.815,esmfold2,fast_loop10_samples200
5gu4,43,3,0.7308,0.8006,2.7921,0.801,2.792,0.927,0.778,esmfold2,fast_loop10_samples200
5gu4,43,4,0.7304,0.7812,1.1385,0.895,1.138,0.431,0.778,esmfold2,fast_loop10_samples200
5gu4,44,0,0.7446,0.8297,5.0246,0.598,5.025,1.627,0.593,esmfold2,fast_loop10_samples200
5gu4,44,1,0.7532,0.8388,4.6854,0.618,4.685,1.516,0.593,esmfold2,fast_loop10_samples200
5gu4,44,2,0.7607,0.8396,4.4138,0.647,4.414,1.433,0.63,esmfold2,fast_loop10_samples200
5gu4,44,3,0.7154,0.7647,1.7728,0.853,1.773,0.605,0.741,esmfold2,fast_loop10_samples200
5gu4,44,4,0.767,0.8456,4.6695,0.617,4.669,1.53,0.593,esmfold2,fast_loop10_samples200
5huw,42,0,0.9038,0.9641,1.1167,0.924,1.117,0.601,0.926,esmfold2,fast_loop10_samples200
5huw,42,1,0.9001,0.9635,1.0572,0.917,1.057,0.608,0.907,esmfold2,fast_loop10_samples200
5huw,42,2,0.9038,0.9653,1.0489,0.919,1.049,0.595,0.907,esmfold2,fast_loop10_samples200
5huw,42,3,0.9024,0.9643,1.0138,0.919,1.014,0.592,0.907,esmfold2,fast_loop10_samples200
5huw,42,4,0.9049,0.9655,0.9463,0.922,0.946,0.58,0.907,esmfold2,fast_loop10_samples200
5huw,43,0,0.9007,0.964,1.0086,0.921,1.009,0.581,0.907,esmfold2,fast_loop10_samples200
5huw,43,1,0.9032,0.9642,1.1083,0.918,1.108,0.597,0.907,esmfold2,fast_loop10_samples200
5huw,43,2,0.895,0.9623,0.8632,0.925,0.863,0.563,0.907,esmfold2,fast_loop10_samples200
5huw,43,3,0.9004,0.9644,1.002,0.921,1.002,0.581,0.907,esmfold2,fast_loop10_samples200
5huw,43,4,0.9,0.9635,0.9689,0.92,0.969,0.593,0.907,esmfold2,fast_loop10_samples200
5huw,44,0,0.9036,0.965,1.0546,0.919,1.055,0.594,0.907,esmfold2,fast_loop10_samples200
5huw,44,1,0.8947,0.9626,0.8486,0.926,0.849,0.553,0.907,esmfold2,fast_loop10_samples200
5huw,44,2,0.9052,0.9656,0.9705,0.921,0.97,0.586,0.907,esmfold2,fast_loop10_samples200
5huw,44,3,0.9052,0.9655,0.9692,0.921,0.969,0.582,0.907,esmfold2,fast_loop10_samples200
5huw,44,4,0.8998,0.9637,1.0117,0.918,1.012,0.607,0.907,esmfold2,fast_loop10_samples200
5i7z,42,0,0.8642,0.8793,4.9017,0.696,4.902,1.743,0.912,esmfold2,fast_loop10_samples200
5i7z,42,1,0.8231,0.8785,4.9024,0.693,4.902,1.777,0.912,esmfold2,fast_loop10_samples200
5i7z,42,2,0.8422,0.8741,5.4896,0.667,5.49,1.907,0.912,esmfold2,fast_loop10_samples200
5i7z,42,3,0.8484,0.8597,4.732,0.688,4.732,1.668,0.853,esmfold2,fast_loop10_samples200
5i7z,42,4,0.8606,0.8864,4.8938,0.697,4.894,1.734,0.912,esmfold2,fast_loop10_samples200
5i7z,43,0,0.8459,0.882,4.4142,0.712,4.414,1.601,0.882,esmfold2,fast_loop10_samples200
5i7z,43,1,0.8472,0.8783,4.728,0.695,4.728,1.699,0.882,esmfold2,fast_loop10_samples200
5i7z,43,2,0.8151,0.8797,4.274,0.721,4.274,1.556,0.882,esmfold2,fast_loop10_samples200
5i7z,43,3,0.8319,0.8835,4.2945,0.73,4.294,1.557,0.912,esmfold2,fast_loop10_samples200
5i7z,43,4,0.8515,0.8828,5.1355,0.677,5.135,1.776,0.882,esmfold2,fast_loop10_samples200
5i7z,44,0,0.858,0.8842,5.0163,0.679,5.016,1.791,0.882,esmfold2,fast_loop10_samples200
5i7z,44,1,0.8577,0.8803,5.0028,0.689,5.003,1.793,0.912,esmfold2,fast_loop10_samples200
5i7z,44,2,0.8551,0.8765,5.17,0.683,5.17,1.811,0.912,esmfold2,fast_loop10_samples200
5i7z,44,3,0.8566,0.8858,4.5013,0.709,4.501,1.616,0.882,esmfold2,fast_loop10_samples200
5i7z,44,4,0.8664,0.8807,4.8341,0.688,4.834,1.739,0.882,esmfold2,fast_loop10_samples200
5j3q,42,0,0.8541,0.8835,1.8096,0.779,1.81,1.441,0.86,esmfold2,fast_loop10_samples200
5j3q,42,1,0.8504,0.8795,1.9144,0.76,1.914,1.395,0.791,esmfold2,fast_loop10_samples200
5j3q,42,2,0.8544,0.8842,1.8535,0.787,1.854,1.43,0.884,esmfold2,fast_loop10_samples200
5j3q,42,3,0.8586,0.8882,1.7996,0.779,1.8,1.439,0.86,esmfold2,fast_loop10_samples200
5j3q,42,4,0.8521,0.8835,1.6859,0.777,1.686,1.475,0.86,esmfold2,fast_loop10_samples200
5j3q,43,0,0.8427,0.8746,1.6003,0.786,1.6,1.473,0.884,esmfold2,fast_loop10_samples200
5j3q,43,1,0.8538,0.8846,1.847,0.765,1.847,1.487,0.837,esmfold2,fast_loop10_samples200
5j3q,43,2,0.8496,0.8796,1.9774,0.76,1.977,1.449,0.814,esmfold2,fast_loop10_samples200
5j3q,43,3,0.8524,0.8822,1.7753,0.771,1.775,1.451,0.837,esmfold2,fast_loop10_samples200
5j3q,43,4,0.851,0.882,1.6858,0.776,1.686,1.42,0.837,esmfold2,fast_loop10_samples200
5j3q,44,0,0.8541,0.8848,1.5707,0.788,1.571,1.393,0.86,esmfold2,fast_loop10_samples200
5j3q,44,1,0.853,0.882,1.842,0.77,1.842,1.445,0.837,esmfold2,fast_loop10_samples200
5j3q,44,2,0.8521,0.8818,1.5926,0.774,1.593,1.444,0.837,esmfold2,fast_loop10_samples200
5j3q,44,3,0.8473,0.8757,1.705,0.78,1.705,1.447,0.86,esmfold2,fast_loop10_samples200
5j3q,44,4,0.8532,0.8838,1.7836,0.782,1.784,1.485,0.884,esmfold2,fast_loop10_samples200
5kds,42,0,0.3378,0.4558,12.6404,0.369,12.64,4.386,0.692,esmfold2,fast_loop10_samples200
5kds,42,1,0.3159,0.3989,8.0856,0.43,8.086,2.76,0.538,esmfold2,fast_loop10_samples200
5kds,42,2,0.2799,0.3263,22.3091,0.055,22.309,7.421,0.0,esmfold2,fast_loop10_samples200
5kds,42,3,0.2931,0.3809,10.982,0.219,10.982,3.92,0.154,esmfold2,fast_loop10_samples200
5kds,42,4,0.2968,0.3865,6.8775,0.527,6.877,2.385,0.692,esmfold2,fast_loop10_samples200
5kds,43,0,0.31,0.3953,14.5319,0.319,14.532,4.875,0.615,esmfold2,fast_loop10_samples200
5kds,43,1,0.3006,0.3992,12.7163,0.318,12.716,4.336,0.538,esmfold2,fast_loop10_samples200
5kds,43,2,0.2552,0.2985,10.2567,0.401,10.257,3.201,0.615,esmfold2,fast_loop10_samples200
5kds,43,3,0.3676,0.4852,15.2722,0.232,15.272,5.245,0.385,esmfold2,fast_loop10_samples200
5kds,43,4,0.3319,0.4185,15.9984,0.276,15.998,5.483,0.538,esmfold2,fast_loop10_samples200
5kds,44,0,0.2881,0.3769,9.175,0.337,9.175,3.368,0.385,esmfold2,fast_loop10_samples200
5kds,44,1,0.2887,0.3556,10.4712,0.331,10.471,3.81,0.462,esmfold2,fast_loop10_samples200
5kds,44,2,0.355,0.4542,15.7343,0.176,15.734,5.405,0.231,esmfold2,fast_loop10_samples200
5kds,44,3,0.2701,0.3307,23.2386,0.051,23.239,7.818,0.0,esmfold2,fast_loop10_samples200
5kds,44,4,0.3062,0.3965,10.5697,0.303,10.57,3.842,0.385,esmfold2,fast_loop10_samples200
5lyn,42,0,0.7205,0.7172,1.3989,0.929,1.399,0.443,0.893,esmfold2,fast_loop10_samples200
5lyn,42,1,0.7211,0.7144,1.2142,0.923,1.214,0.402,0.857,esmfold2,fast_loop10_samples200
5lyn,42,2,0.7163,0.7109,1.3696,0.919,1.37,0.426,0.857,esmfold2,fast_loop10_samples200
5lyn,42,3,0.7288,0.7297,1.2529,0.921,1.253,0.418,0.857,esmfold2,fast_loop10_samples200
5lyn,42,4,0.7241,0.724,1.2676,0.907,1.268,0.44,0.821,esmfold2,fast_loop10_samples200
5lyn,43,0,0.6843,0.6765,1.3451,0.929,1.345,0.447,0.893,esmfold2,fast_loop10_samples200
5lyn,43,1,0.7271,0.7274,1.2981,0.909,1.298,0.416,0.821,esmfold2,fast_loop10_samples200
5lyn,43,2,0.7244,0.722,1.2131,0.924,1.213,0.396,0.857,esmfold2,fast_loop10_samples200
5lyn,43,3,0.7264,0.7239,1.3715,0.918,1.372,0.44,0.857,esmfold2,fast_loop10_samples200
5lyn,43,4,0.723,0.7215,1.2924,0.921,1.292,0.418,0.857,esmfold2,fast_loop10_samples200
5lyn,44,0,0.715,0.7131,1.2906,0.896,1.291,0.428,0.786,esmfold2,fast_loop10_samples200
5lyn,44,1,0.7265,0.7272,1.225,0.924,1.225,0.396,0.857,esmfold2,fast_loop10_samples200
5lyn,44,2,0.7031,0.6964,1.4566,0.95,1.457,0.459,0.964,esmfold2,fast_loop10_samples200
5lyn,44,3,0.7227,0.7219,1.2831,0.894,1.283,0.444,0.786,esmfold2,fast_loop10_samples200
5lyn,44,4,0.7209,0.724,1.2969,0.916,1.297,0.465,0.857,esmfold2,fast_loop10_samples200
5m5r,42,0,0.5948,0.5382,2.3325,0.855,2.332,0.884,0.892,esmfold2,fast_loop10_samples200
5m5r,42,1,0.6023,0.5404,2.4463,0.841,2.446,0.964,0.892,esmfold2,fast_loop10_samples200
5m5r,42,2,0.6292,0.5944,2.3664,0.846,2.366,0.943,0.892,esmfold2,fast_loop10_samples200
5m5r,42,3,0.5721,0.5052,2.1955,0.836,2.196,0.908,0.838,esmfold2,fast_loop10_samples200
5m5r,42,4,0.4533,0.3456,49.2602,0.012,49.26,16.849,0.0,esmfold2,fast_loop10_samples200
5m5r,43,0,0.5686,0.5041,2.4444,0.841,2.444,0.967,0.892,esmfold2,fast_loop10_samples200
5m5r,43,1,0.5911,0.532,2.1094,0.846,2.109,0.846,0.838,esmfold2,fast_loop10_samples200
5m5r,43,2,0.5691,0.5072,1.8257,0.87,1.826,0.772,0.865,esmfold2,fast_loop10_samples200
5m5r,43,3,0.5615,0.4876,2.248,0.843,2.248,0.914,0.865,esmfold2,fast_loop10_samples200
5m5r,43,4,0.4407,0.3413,49.1153,0.012,49.115,16.811,0.0,esmfold2,fast_loop10_samples200
5m5r,44,0,0.597,0.5386,2.4092,0.832,2.409,0.972,0.865,esmfold2,fast_loop10_samples200
5m5r,44,1,0.5847,0.5151,2.5056,0.839,2.506,0.967,0.892,esmfold2,fast_loop10_samples200
5m5r,44,2,0.5938,0.5401,2.2011,0.835,2.201,0.909,0.838,esmfold2,fast_loop10_samples200
5m5r,44,3,0.5725,0.5128,2.4289,0.822,2.429,0.972,0.838,esmfold2,fast_loop10_samples200
5m5r,44,4,0.5777,0.5134,2.1826,0.86,2.183,0.866,0.892,esmfold2,fast_loop10_samples200
5n22,42,0,0.2651,0.1676,29.0121,0.033,29.012,10.264,0.0,esmfold2,fast_loop10_samples200
5n22,42,1,0.3207,0.2388,14.9772,0.154,14.977,6.871,0.174,esmfold2,fast_loop10_samples200
5n22,42,2,0.3095,0.2104,14.3508,0.114,14.351,5.941,0.022,esmfold2,fast_loop10_samples200
5n22,42,3,0.3353,0.2695,15.9464,0.15,15.946,6.242,0.174,esmfold2,fast_loop10_samples200
5n22,42,4,0.3111,0.213,12.9846,0.205,12.985,5.197,0.239,esmfold2,fast_loop10_samples200
5n22,43,0,0.3368,0.2669,15.2154,0.172,15.215,5.926,0.217,esmfold2,fast_loop10_samples200
5n22,43,1,0.3202,0.2338,13.8537,0.143,13.854,5.496,0.087,esmfold2,fast_loop10_samples200
5n22,43,2,0.3017,0.2109,13.383,0.132,13.383,5.665,0.043,esmfold2,fast_loop10_samples200
5n22,43,3,0.3146,0.2509,13.1641,0.196,13.164,5.224,0.217,esmfold2,fast_loop10_samples200
5n22,43,4,0.3274,0.2611,15.2365,0.162,15.237,6.363,0.196,esmfold2,fast_loop10_samples200
5n22,44,0,0.3252,0.2599,14.6221,0.111,14.622,5.971,0.022,esmfold2,fast_loop10_samples200
5n22,44,1,0.2103,0.0923,36.2798,0.022,36.28,12.409,0.0,esmfold2,fast_loop10_samples200
5n22,44,2,0.3282,0.2691,28.6537,0.034,28.654,10.207,0.0,esmfold2,fast_loop10_samples200
5n22,44,3,0.3369,0.2677,14.5621,0.162,14.562,6.018,0.174,esmfold2,fast_loop10_samples200
5n22,44,4,0.32,0.2451,15.6668,0.158,15.667,6.509,0.196,esmfold2,fast_loop10_samples200
5n85,42,0,0.5416,0.5242,4.0625,0.603,4.063,1.782,0.579,esmfold2,fast_loop10_samples200
5n85,42,1,0.626,0.6166,2.9528,0.74,2.953,1.386,0.789,esmfold2,fast_loop10_samples200
5n85,42,2,0.5952,0.5718,2.9029,0.736,2.903,1.36,0.763,esmfold2,fast_loop10_samples200
5n85,42,3,0.5816,0.5573,2.635,0.747,2.635,1.247,0.737,esmfold2,fast_loop10_samples200
5n85,42,4,0.6265,0.6151,3.0694,0.699,3.069,1.419,0.684,esmfold2,fast_loop10_samples200
5n85,43,0,0.6358,0.6283,2.8547,0.718,2.855,1.368,0.711,esmfold2,fast_loop10_samples200
5n85,43,1,0.6279,0.6127,2.3774,0.754,2.377,1.162,0.711,esmfold2,fast_loop10_samples200
5n85,43,2,0.6177,0.5998,3.0689,0.714,3.069,1.367,0.711,esmfold2,fast_loop10_samples200
5n85,43,3,0.5891,0.571,3.122,0.706,3.122,1.497,0.737,esmfold2,fast_loop10_samples200
5n85,43,4,0.6393,0.6274,2.9787,0.719,2.979,1.411,0.737,esmfold2,fast_loop10_samples200
5n85,44,0,0.6366,0.6259,2.9936,0.723,2.994,1.38,0.737,esmfold2,fast_loop10_samples200
5n85,44,1,0.5854,0.5575,2.807,0.74,2.807,1.339,0.763,esmfold2,fast_loop10_samples200
5n85,44,2,0.604,0.5806,3.5621,0.689,3.562,1.566,0.737,esmfold2,fast_loop10_samples200
5n85,44,3,0.6126,0.6048,3.0852,0.744,3.085,1.481,0.842,esmfold2,fast_loop10_samples200
5n85,44,4,0.6321,0.6196,2.7187,0.753,2.719,1.25,0.763,esmfold2,fast_loop10_samples200
5njc,42,0,0.5616,0.7083,0.8817,0.94,0.882,0.551,0.949,esmfold2,fast_loop10_samples200
5njc,42,1,0.5715,0.7173,0.8669,0.936,0.867,0.578,0.949,esmfold2,fast_loop10_samples200
5njc,42,2,0.5811,0.7214,0.8648,0.929,0.865,0.569,0.923,esmfold2,fast_loop10_samples200
5njc,42,3,0.5801,0.7197,0.8715,0.93,0.872,0.56,0.923,esmfold2,fast_loop10_samples200
5njc,42,4,0.5797,0.7247,0.8338,0.936,0.834,0.58,0.949,esmfold2,fast_loop10_samples200
5njc,43,0,0.5834,0.7232,0.8472,0.928,0.847,0.576,0.923,esmfold2,fast_loop10_samples200
5njc,43,1,0.5726,0.7162,0.9072,0.925,0.907,0.595,0.923,esmfold2,fast_loop10_samples200
5njc,43,2,0.584,0.7249,0.8441,0.927,0.844,0.589,0.923,esmfold2,fast_loop10_samples200
5njc,43,3,0.5662,0.7139,0.7861,0.94,0.786,0.558,0.949,esmfold2,fast_loop10_samples200
5njc,43,4,0.5822,0.7226,0.914,0.923,0.914,0.55,0.897,esmfold2,fast_loop10_samples200
5njc,44,0,0.5786,0.7239,0.8797,0.921,0.88,0.63,0.923,esmfold2,fast_loop10_samples200
5njc,44,1,0.5771,0.7205,1.0071,0.923,1.007,0.605,0.923,esmfold2,fast_loop10_samples200
5njc,44,2,0.5629,0.7073,0.7859,0.931,0.786,0.561,0.923,esmfold2,fast_loop10_samples200
5njc,44,3,0.5778,0.7206,0.6435,0.95,0.644,0.55,0.974,esmfold2,fast_loop10_samples200
5njc,44,4,0.59,0.7312,0.8662,0.918,0.866,0.59,0.897,esmfold2,fast_loop10_samples200
5nqv,42,0,0.8445,0.9201,2.4615,0.854,2.462,0.845,0.881,esmfold2,fast_loop10_samples200
5nqv,42,1,0.8423,0.9148,2.406,0.858,2.406,0.826,0.881,esmfold2,fast_loop10_samples200
5nqv,42,2,0.8437,0.9171,2.3717,0.849,2.372,0.838,0.857,esmfold2,fast_loop10_samples200
5nqv,42,3,0.842,0.9165,2.3888,0.853,2.389,0.864,0.881,esmfold2,fast_loop10_samples200
5nqv,42,4,0.8411,0.9155,2.5448,0.843,2.545,0.858,0.857,esmfold2,fast_loop10_samples200
5nqv,43,0,0.8422,0.9166,2.4102,0.854,2.41,0.856,0.881,esmfold2,fast_loop10_samples200
5nqv,43,1,0.8379,0.9147,2.3971,0.855,2.397,0.847,0.881,esmfold2,fast_loop10_samples200
5nqv,43,2,0.8367,0.9135,2.4321,0.85,2.432,0.877,0.881,esmfold2,fast_loop10_samples200
5nqv,43,3,0.8384,0.9164,2.5781,0.837,2.578,0.891,0.857,esmfold2,fast_loop10_samples200
5nqv,43,4,0.8411,0.9153,2.2186,0.866,2.219,0.793,0.881,esmfold2,fast_loop10_samples200
5nqv,44,0,0.808,0.8814,3.2088,0.797,3.209,1.136,0.881,esmfold2,fast_loop10_samples200
5nqv,44,1,0.8286,0.9091,2.4429,0.847,2.443,0.845,0.857,esmfold2,fast_loop10_samples200
5nqv,44,2,0.8119,0.8867,3.1581,0.805,3.158,1.09,0.881,esmfold2,fast_loop10_samples200
5nqv,44,3,0.8223,0.9015,2.3985,0.849,2.399,0.831,0.857,esmfold2,fast_loop10_samples200
5nqv,44,4,0.8411,0.9143,2.2485,0.864,2.249,0.805,0.881,esmfold2,fast_loop10_samples200
5o9u,42,0,0.8452,0.9202,0.5036,0.974,0.504,0.338,0.973,esmfold2,fast_loop10_samples200
5o9u,42,1,0.8425,0.9181,0.545,0.979,0.545,0.322,0.986,esmfold2,fast_loop10_samples200
5o9u,42,2,0.8434,0.92,0.2954,0.988,0.295,0.286,1.0,esmfold2,fast_loop10_samples200
5o9u,42,3,0.8398,0.916,0.3213,0.979,0.321,0.339,0.986,esmfold2,fast_loop10_samples200
5o9u,42,4,0.8384,0.9146,0.3694,0.976,0.369,0.317,0.973,esmfold2,fast_loop10_samples200
5o9u,43,0,0.839,0.9156,0.3025,0.988,0.303,0.29,1.0,esmfold2,fast_loop10_samples200
5o9u,43,1,0.8317,0.9085,0.3917,0.977,0.392,0.304,0.973,esmfold2,fast_loop10_samples200
5o9u,43,2,0.8398,0.9159,0.5139,0.973,0.514,0.339,0.973,esmfold2,fast_loop10_samples200
5o9u,43,3,0.8335,0.9098,0.3077,0.98,0.308,0.327,0.986,esmfold2,fast_loop10_samples200
5o9u,43,4,0.8337,0.9108,0.5245,0.982,0.525,0.349,1.0,esmfold2,fast_loop10_samples200
5o9u,44,0,0.8459,0.922,0.3326,0.977,0.333,0.306,0.973,esmfold2,fast_loop10_samples200
5o9u,44,1,0.8431,0.9189,0.5522,0.968,0.552,0.347,0.959,esmfold2,fast_loop10_samples200
5o9u,44,2,0.839,0.9153,0.3549,0.985,0.355,0.319,1.0,esmfold2,fast_loop10_samples200
5o9u,44,3,0.8394,0.9164,0.3682,0.977,0.368,0.301,0.973,esmfold2,fast_loop10_samples200
5o9u,44,4,0.8327,0.9098,0.3195,0.978,0.32,0.291,0.973,esmfold2,fast_loop10_samples200
5oj5,42,0,0.3102,0.325,2.3289,0.86,2.329,0.88,0.905,esmfold2,fast_loop10_samples200
5oj5,42,1,0.2344,0.2029,29.303,0.033,29.303,9.848,0.0,esmfold2,fast_loop10_samples200
5oj5,42,2,0.2295,0.1993,24.8274,0.047,24.827,7.916,0.0,esmfold2,fast_loop10_samples200
5oj5,42,3,0.2276,0.2222,2.5208,0.785,2.521,1.044,0.762,esmfold2,fast_loop10_samples200
5oj5,42,4,0.2183,0.1859,32.3935,0.027,32.394,11.1,0.0,esmfold2,fast_loop10_samples200
5oj5,43,0,0.2064,0.1596,35.7318,0.023,35.732,12.12,0.0,esmfold2,fast_loop10_samples200
5oj5,43,1,0.4371,0.4826,1.8865,0.892,1.887,0.707,0.905,esmfold2,fast_loop10_samples200
5oj5,43,2,0.2349,0.2104,29.2931,0.034,29.293,9.751,0.0,esmfold2,fast_loop10_samples200
5oj5,43,3,0.2215,0.1871,42.6792,0.016,42.679,14.352,0.0,esmfold2,fast_loop10_samples200
5oj5,43,4,0.2052,0.1489,34.0048,0.025,34.005,11.445,0.0,esmfold2,fast_loop10_samples200
5oj5,44,0,0.2314,0.2268,3.0739,0.788,3.074,1.055,0.81,esmfold2,fast_loop10_samples200
5oj5,44,1,0.2726,0.2978,2.3208,0.843,2.321,0.885,0.857,esmfold2,fast_loop10_samples200
5oj5,44,2,0.2204,0.1912,29.763,0.033,29.763,9.843,0.0,esmfold2,fast_loop10_samples200
5oj5,44,3,0.2747,0.2972,2.4919,0.805,2.492,1.015,0.81,esmfold2,fast_loop10_samples200
5oj5,44,4,0.2478,0.2588,2.3565,0.836,2.357,0.931,0.857,esmfold2,fast_loop10_samples200
5onp,42,0,0.6121,0.7398,2.4851,0.869,2.485,0.649,0.842,esmfold2,fast_loop10_samples200
5onp,42,1,0.5952,0.7293,2.7309,0.874,2.731,0.704,0.895,esmfold2,fast_loop10_samples200
5onp,42,2,0.5761,0.7049,2.5561,0.874,2.556,0.664,0.868,esmfold2,fast_loop10_samples200
5onp,42,3,0.5873,0.7148,2.4663,0.879,2.466,0.639,0.868,esmfold2,fast_loop10_samples200
5onp,42,4,0.4403,0.5975,6.4436,0.523,6.444,1.62,0.474,esmfold2,fast_loop10_samples200
5onp,43,0,0.606,0.737,2.7051,0.875,2.705,0.697,0.895,esmfold2,fast_loop10_samples200
5onp,43,1,0.6125,0.7407,2.5801,0.873,2.58,0.665,0.868,esmfold2,fast_loop10_samples200
5onp,43,2,0.6019,0.7324,2.5504,0.883,2.55,0.66,0.895,esmfold2,fast_loop10_samples200
5onp,43,3,0.5903,0.7184,2.5484,0.874,2.548,0.662,0.868,esmfold2,fast_loop10_samples200
5onp,43,4,0.597,0.7324,2.5697,0.873,2.57,0.668,0.868,esmfold2,fast_loop10_samples200
5onp,44,0,0.6057,0.7357,2.5624,0.883,2.562,0.662,0.895,esmfold2,fast_loop10_samples200
5onp,44,1,0.6059,0.7357,2.5054,0.876,2.505,0.653,0.868,esmfold2,fast_loop10_samples200
5onp,44,2,0.5875,0.7135,2.5978,0.872,2.598,0.675,0.868,esmfold2,fast_loop10_samples200
5onp,44,3,0.4562,0.5976,7.3971,0.436,7.397,1.847,0.342,esmfold2,fast_loop10_samples200
5onp,44,4,0.6061,0.7334,2.6034,0.871,2.603,0.679,0.868,esmfold2,fast_loop10_samples200
5t0k,42,0,0.8629,0.9309,1.118,0.878,1.118,0.885,0.911,esmfold2,fast_loop10_samples200
5t0k,42,1,0.8633,0.9311,0.897,0.882,0.897,0.871,0.911,esmfold2,fast_loop10_samples200
5t0k,42,2,0.8632,0.931,1.2338,0.867,1.234,0.917,0.893,esmfold2,fast_loop10_samples200
5t0k,42,3,0.8651,0.9329,1.0651,0.878,1.065,0.895,0.911,esmfold2,fast_loop10_samples200
5t0k,42,4,0.8599,0.9282,1.1924,0.868,1.192,0.913,0.893,esmfold2,fast_loop10_samples200
5t0k,43,0,0.8683,0.9352,1.2941,0.869,1.294,0.894,0.893,esmfold2,fast_loop10_samples200
5t0k,43,1,0.864,0.9319,1.4117,0.877,1.412,0.911,0.929,esmfold2,fast_loop10_samples200
5t0k,43,2,0.8614,0.931,1.5063,0.866,1.506,0.943,0.911,esmfold2,fast_loop10_samples200
5t0k,43,3,0.8654,0.9344,1.3334,0.887,1.333,0.849,0.929,esmfold2,fast_loop10_samples200
5t0k,43,4,0.8551,0.9223,0.9427,0.891,0.943,0.895,0.946,esmfold2,fast_loop10_samples200
5t0k,44,0,0.8583,0.927,1.1377,0.872,1.138,0.887,0.893,esmfold2,fast_loop10_samples200
5t0k,44,1,0.8521,0.921,1.0572,0.868,1.057,0.876,0.875,esmfold2,fast_loop10_samples200
5t0k,44,2,0.8651,0.9326,1.2241,0.869,1.224,0.901,0.893,esmfold2,fast_loop10_samples200
5t0k,44,3,0.8636,0.9326,1.2965,0.864,1.296,0.93,0.893,esmfold2,fast_loop10_samples200
5t0k,44,4,0.8642,0.9315,0.9177,0.878,0.918,0.902,0.911,esmfold2,fast_loop10_samples200
5tgi,42,0,0.4033,0.2824,20.2386,0.061,20.239,8.289,0.0,esmfold2,fast_loop10_samples200
5tgi,42,1,0.4497,0.3656,17.5018,0.102,17.502,7.289,0.073,esmfold2,fast_loop10_samples200
5tgi,42,2,0.4083,0.3108,4.5053,0.488,4.505,2.813,0.463,esmfold2,fast_loop10_samples200
5tgi,42,3,0.4453,0.3615,19.5328,0.089,19.533,8.074,0.073,esmfold2,fast_loop10_samples200
5tgi,42,4,0.4376,0.3505,5.0867,0.46,5.087,2.966,0.439,esmfold2,fast_loop10_samples200
5tgi,43,0,0.4247,0.3329,19.533,0.064,19.533,8.014,0.0,esmfold2,fast_loop10_samples200
5tgi,43,1,0.4725,0.3872,20.5692,0.076,20.569,8.074,0.049,esmfold2,fast_loop10_samples200
5tgi,43,2,0.4814,0.4285,3.0253,0.778,3.025,1.446,0.927,esmfold2,fast_loop10_samples200
5tgi,43,3,0.5552,0.5607,4.9113,0.569,4.911,2.98,0.756,esmfold2,fast_loop10_samples200
5tgi,43,4,0.4291,0.3355,20.1364,0.077,20.136,8.297,0.049,esmfold2,fast_loop10_samples200
5tgi,44,0,0.4126,0.3224,20.4516,0.092,20.452,8.415,0.098,esmfold2,fast_loop10_samples200
5tgi,44,1,0.8257,0.8589,1.595,0.916,1.595,0.794,1.0,esmfold2,fast_loop10_samples200
5tgi,44,2,0.3687,0.2328,7.1236,0.246,7.124,3.583,0.0,esmfold2,fast_loop10_samples200
5tgi,44,3,0.3819,0.2436,6.8045,0.289,6.804,3.147,0.073,esmfold2,fast_loop10_samples200
5tgi,44,4,0.4684,0.3893,19.9952,0.087,19.995,8.073,0.073,esmfold2,fast_loop10_samples200
5v2p,42,0,0.8666,0.9287,0.5384,0.954,0.538,0.265,0.896,esmfold2,fast_loop10_samples200
5v2p,42,1,0.8798,0.9399,1.0125,0.968,1.013,0.306,0.958,esmfold2,fast_loop10_samples200
5v2p,42,2,0.8708,0.9332,0.872,0.963,0.872,0.377,0.958,esmfold2,fast_loop10_samples200
5v2p,42,3,0.8793,0.9387,0.8634,0.971,0.863,0.287,0.958,esmfold2,fast_loop10_samples200
5v2p,42,4,0.8837,0.9424,0.7621,0.959,0.762,0.265,0.917,esmfold2,fast_loop10_samples200
5v2p,43,0,0.8816,0.9409,1.2119,0.968,1.212,0.281,0.958,esmfold2,fast_loop10_samples200
5v2p,43,1,0.8782,0.9374,1.059,0.957,1.059,0.262,0.917,esmfold2,fast_loop10_samples200
5v2p,43,2,0.8796,0.9385,0.8599,0.972,0.86,0.273,0.958,esmfold2,fast_loop10_samples200
5v2p,43,3,0.8756,0.9348,0.7859,0.958,0.786,0.282,0.917,esmfold2,fast_loop10_samples200
5v2p,43,4,0.8711,0.9346,1.0342,0.947,1.034,0.378,0.917,esmfold2,fast_loop10_samples200
5v2p,44,0,0.8781,0.9388,1.137,0.975,1.137,0.291,0.979,esmfold2,fast_loop10_samples200
5v2p,44,1,0.8816,0.9401,0.9554,0.966,0.955,0.257,0.938,esmfold2,fast_loop10_samples200
5v2p,44,2,0.8801,0.9398,0.8592,0.963,0.859,0.3,0.938,esmfold2,fast_loop10_samples200
5v2p,44,3,0.8814,0.9399,0.9806,0.972,0.981,0.258,0.958,esmfold2,fast_loop10_samples200
5v2p,44,4,0.8804,0.9399,0.8608,0.979,0.861,0.275,0.979,esmfold2,fast_loop10_samples200
5v3r,42,0,0.8384,0.9301,2.1031,0.809,2.103,0.918,0.759,esmfold2,fast_loop10_samples200
5v3r,42,1,0.8083,0.9107,1.3708,0.909,1.371,0.524,0.862,esmfold2,fast_loop10_samples200
5v3r,42,2,0.8097,0.9118,1.3719,0.908,1.372,0.627,0.897,esmfold2,fast_loop10_samples200
5v3r,42,3,0.8523,0.9384,1.9344,0.815,1.934,0.9,0.759,esmfold2,fast_loop10_samples200
5v3r,42,4,0.8083,0.9115,1.3093,0.885,1.309,0.628,0.828,esmfold2,fast_loop10_samples200
5v3r,43,0,0.8273,0.9193,1.4707,0.898,1.471,0.604,0.862,esmfold2,fast_loop10_samples200
5v3r,43,1,0.8166,0.9147,2.1019,0.83,2.102,0.852,0.793,esmfold2,fast_loop10_samples200
5v3r,43,2,0.8008,0.901,1.6963,0.838,1.696,0.767,0.759,esmfold2,fast_loop10_samples200
5v3r,43,3,0.8063,0.9087,1.3021,0.894,1.302,0.651,0.862,esmfold2,fast_loop10_samples200
5v3r,43,4,0.7957,0.8998,1.8782,0.833,1.878,0.86,0.793,esmfold2,fast_loop10_samples200
5v3r,44,0,0.8046,0.9089,1.4039,0.901,1.404,0.583,0.862,esmfold2,fast_loop10_samples200
5v3r,44,1,0.8442,0.9323,2.0987,0.825,2.099,0.89,0.793,esmfold2,fast_loop10_samples200
5v3r,44,2,0.8081,0.9109,1.6663,0.918,1.666,0.609,0.931,esmfold2,fast_loop10_samples200
5v3r,44,3,0.8436,0.9345,2.1218,0.826,2.122,0.88,0.793,esmfold2,fast_loop10_samples200
5v3r,44,4,0.8111,0.9102,1.2644,0.909,1.264,0.537,0.862,esmfold2,fast_loop10_samples200
5wfv,42,0,0.8595,0.9312,0.5722,0.939,0.572,0.339,0.87,esmfold2,fast_loop10_samples200
5wfv,42,1,0.8608,0.9326,0.5362,0.955,0.536,0.327,0.913,esmfold2,fast_loop10_samples200
5wfv,42,2,0.855,0.928,0.5258,0.932,0.526,0.337,0.848,esmfold2,fast_loop10_samples200
5wfv,42,3,0.8645,0.9373,0.5492,0.937,0.549,0.357,0.87,esmfold2,fast_loop10_samples200
5wfv,42,4,0.8607,0.9324,0.6253,0.938,0.625,0.348,0.87,esmfold2,fast_loop10_samples200
5wfv,43,0,0.8606,0.9314,0.5208,0.951,0.521,0.363,0.913,esmfold2,fast_loop10_samples200
5wfv,43,1,0.8542,0.929,0.6155,0.935,0.615,0.379,0.87,esmfold2,fast_loop10_samples200
5wfv,43,2,0.8605,0.9322,0.6113,0.93,0.611,0.356,0.848,esmfold2,fast_loop10_samples200
5wfv,43,3,0.8622,0.9348,0.5892,0.945,0.589,0.35,0.891,esmfold2,fast_loop10_samples200
5wfv,43,4,0.8641,0.937,0.5295,0.934,0.53,0.31,0.848,esmfold2,fast_loop10_samples200
5wfv,44,0,0.8564,0.927,0.6082,0.931,0.608,0.347,0.848,esmfold2,fast_loop10_samples200
5wfv,44,1,0.8635,0.9353,0.5608,0.938,0.561,0.353,0.87,esmfold2,fast_loop10_samples200
5wfv,44,2,0.8581,0.93,0.5413,0.96,0.541,0.345,0.935,esmfold2,fast_loop10_samples200
5wfv,44,3,0.8603,0.9329,0.4192,0.957,0.419,0.307,0.913,esmfold2,fast_loop10_samples200
5wfv,44,4,0.8542,0.9305,1.0588,0.94,1.059,0.433,0.913,esmfold2,fast_loop10_samples200
5wyi,42,0,0.3046,0.1753,24.2069,0.047,24.207,8.252,0.0,esmfold2,fast_loop10_samples200
5wyi,42,1,0.2393,0.1234,6.9898,0.379,6.99,2.927,0.333,esmfold2,fast_loop10_samples200
5wyi,42,2,0.3532,0.2745,28.4385,0.035,28.439,10.039,0.0,esmfold2,fast_loop10_samples200
5wyi,42,3,0.3069,0.19,23.2548,0.051,23.255,7.756,0.0,esmfold2,fast_loop10_samples200
5wyi,42,4,0.3089,0.1901,33.9208,0.025,33.921,11.396,0.0,esmfold2,fast_loop10_samples200
5wyi,43,0,0.3478,0.261,28.3289,0.035,28.329,9.95,0.0,esmfold2,fast_loop10_samples200
5wyi,43,1,0.3842,0.3202,27.7661,0.036,27.766,10.073,0.0,esmfold2,fast_loop10_samples200
5wyi,43,2,0.3718,0.2995,28.0515,0.035,28.052,10.052,0.0,esmfold2,fast_loop10_samples200
5wyi,43,3,0.3068,0.1816,34.1558,0.025,34.156,11.573,0.0,esmfold2,fast_loop10_samples200
5wyi,43,4,0.2908,0.1757,23.1966,0.051,23.197,7.935,0.0,esmfold2,fast_loop10_samples200
5wyi,44,0,0.371,0.2886,27.2909,0.037,27.291,9.718,0.0,esmfold2,fast_loop10_samples200
5wyi,44,1,0.4127,0.3567,27.2483,0.037,27.248,9.779,0.0,esmfold2,fast_loop10_samples200
5wyi,44,2,0.3252,0.2167,26.1533,0.054,26.153,8.809,0.037,esmfold2,fast_loop10_samples200
5wyi,44,3,0.349,0.2596,30.4558,0.031,30.456,10.624,0.0,esmfold2,fast_loop10_samples200
5wyi,44,4,0.333,0.2218,24.2339,0.046,24.234,8.742,0.0,esmfold2,fast_loop10_samples200
5xhz,42,0,0.8819,0.8649,1.5069,0.896,1.507,0.704,0.9,esmfold2,fast_loop10_samples200
5xhz,42,1,0.8758,0.8568,1.579,0.879,1.579,0.758,0.875,esmfold2,fast_loop10_samples200
5xhz,42,2,0.8864,0.8694,1.5497,0.89,1.55,0.747,0.9,esmfold2,fast_loop10_samples200
5xhz,42,3,0.8804,0.8592,1.9656,0.877,1.966,0.733,0.875,esmfold2,fast_loop10_samples200
5xhz,42,4,0.8714,0.8545,1.7573,0.879,1.757,0.803,0.9,esmfold2,fast_loop10_samples200
5xhz,43,0,0.8857,0.8676,1.4947,0.894,1.495,0.725,0.9,esmfold2,fast_loop10_samples200
5xhz,43,1,0.8808,0.8633,1.9093,0.881,1.909,0.77,0.9,esmfold2,fast_loop10_samples200
5xhz,43,2,0.8884,0.8707,1.6092,0.891,1.609,0.732,0.9,esmfold2,fast_loop10_samples200
5xhz,43,3,0.8863,0.8702,1.7408,0.888,1.741,0.738,0.9,esmfold2,fast_loop10_samples200
5xhz,43,4,0.8835,0.865,1.4606,0.89,1.461,0.754,0.9,esmfold2,fast_loop10_samples200
5xhz,44,0,0.88,0.8596,1.7247,0.875,1.725,0.773,0.875,esmfold2,fast_loop10_samples200
5xhz,44,1,0.8826,0.864,1.8698,0.869,1.87,0.799,0.875,esmfold2,fast_loop10_samples200
5xhz,44,2,0.8828,0.8643,1.5127,0.872,1.513,0.7,0.825,esmfold2,fast_loop10_samples200
5xhz,44,3,0.8818,0.864,1.6736,0.884,1.674,0.776,0.9,esmfold2,fast_loop10_samples200
5xhz,44,4,0.8832,0.8645,1.6178,0.889,1.618,0.746,0.9,esmfold2,fast_loop10_samples200
5xxq,42,0,0.8953,0.9763,0.8579,0.964,0.858,0.345,0.951,esmfold2,fast_loop10_samples200
5xxq,42,1,0.8934,0.9762,0.9305,0.971,0.93,0.349,0.976,esmfold2,fast_loop10_samples200
5xxq,42,2,0.8961,0.9769,0.8379,0.972,0.838,0.342,0.976,esmfold2,fast_loop10_samples200
5xxq,42,3,0.8928,0.9763,0.9432,0.97,0.943,0.355,0.976,esmfold2,fast_loop10_samples200
5xxq,42,4,0.8952,0.9774,0.8588,0.972,0.859,0.339,0.976,esmfold2,fast_loop10_samples200
5xxq,43,0,0.8945,0.9764,0.8967,0.97,0.897,0.357,0.976,esmfold2,fast_loop10_samples200
5xxq,43,1,0.8945,0.9765,0.9537,0.961,0.954,0.369,0.951,esmfold2,fast_loop10_samples200
5xxq,43,2,0.8949,0.9768,0.8578,0.979,0.858,0.356,1.0,esmfold2,fast_loop10_samples200
5xxq,43,3,0.8917,0.9755,0.7933,0.98,0.793,0.348,1.0,esmfold2,fast_loop10_samples200
5xxq,43,4,0.8947,0.976,0.9151,0.97,0.915,0.363,0.976,esmfold2,fast_loop10_samples200
5xxq,44,0,0.8947,0.9762,0.9536,0.97,0.954,0.353,0.976,esmfold2,fast_loop10_samples200
5xxq,44,1,0.859,0.9691,0.9858,0.959,0.986,0.383,0.951,esmfold2,fast_loop10_samples200
5xxq,44,2,0.8942,0.9767,0.9758,0.969,0.976,0.359,0.976,esmfold2,fast_loop10_samples200
5xxq,44,3,0.8926,0.9761,0.9023,0.962,0.902,0.358,0.951,esmfold2,fast_loop10_samples200
5xxq,44,4,0.8938,0.9757,0.9287,0.968,0.929,0.378,0.976,esmfold2,fast_loop10_samples200
5yay,42,0,0.7004,0.7965,1.9859,0.809,1.986,0.898,0.742,esmfold2,fast_loop10_samples200
5yay,42,1,0.8816,0.9486,1.4022,0.886,1.402,0.718,0.871,esmfold2,fast_loop10_samples200
5yay,42,2,0.6977,0.7938,2.2029,0.785,2.203,0.961,0.71,esmfold2,fast_loop10_samples200
5yay,42,3,0.8764,0.9417,1.2911,0.91,1.291,0.671,0.919,esmfold2,fast_loop10_samples200
5yay,42,4,0.8839,0.9496,1.2016,0.899,1.202,0.642,0.871,esmfold2,fast_loop10_samples200
5yay,43,0,0.8924,0.9577,1.0897,0.936,1.09,0.577,0.952,esmfold2,fast_loop10_samples200
5yay,43,1,0.8669,0.9399,1.0509,0.933,1.051,0.556,0.935,esmfold2,fast_loop10_samples200
5yay,43,2,0.7125,0.8073,1.4052,0.914,1.405,0.669,0.935,esmfold2,fast_loop10_samples200
5yay,43,3,0.8602,0.9339,1.1896,0.923,1.19,0.623,0.935,esmfold2,fast_loop10_samples200
5yay,43,4,0.8959,0.9586,0.9168,0.943,0.917,0.44,0.919,esmfold2,fast_loop10_samples200
5yay,44,0,0.8863,0.955,0.7687,0.939,0.769,0.48,0.919,esmfold2,fast_loop10_samples200
5yay,44,1,0.8903,0.956,1.0958,0.928,1.096,0.592,0.935,esmfold2,fast_loop10_samples200
5yay,44,2,0.8895,0.9558,1.0151,0.929,1.015,0.592,0.935,esmfold2,fast_loop10_samples200
5yay,44,3,0.6859,0.7712,3.2705,0.723,3.271,1.301,0.726,esmfold2,fast_loop10_samples200
5yay,44,4,0.8928,0.9575,1.0701,0.927,1.07,0.564,0.919,esmfold2,fast_loop10_samples200
6b27,42,0,0.9005,0.93,1.3315,0.946,1.332,0.513,0.968,esmfold2,fast_loop10_samples200
6b27,42,1,0.8963,0.924,1.2791,0.957,1.279,0.518,1.0,esmfold2,fast_loop10_samples200
6b27,42,2,0.9019,0.9296,1.184,0.963,1.184,0.473,1.0,esmfold2,fast_loop10_samples200
6b27,42,3,0.9006,0.9285,1.0046,0.943,1.005,0.483,0.935,esmfold2,fast_loop10_samples200
6b27,42,4,0.902,0.9334,1.2685,0.956,1.268,0.529,1.0,esmfold2,fast_loop10_samples200
6b27,43,0,0.9031,0.9294,1.0973,0.944,1.097,0.46,0.935,esmfold2,fast_loop10_samples200
6b27,43,1,0.9019,0.9303,0.9771,0.959,0.977,0.524,1.0,esmfold2,fast_loop10_samples200
6b27,43,2,0.898,0.9249,1.0288,0.947,1.029,0.531,0.968,esmfold2,fast_loop10_samples200
6b27,43,3,0.9012,0.9294,1.0296,0.938,1.03,0.519,0.935,esmfold2,fast_loop10_samples200
6b27,43,4,0.9036,0.9323,0.9631,0.95,0.963,0.517,0.968,esmfold2,fast_loop10_samples200
6b27,44,0,0.8993,0.9292,1.2548,0.928,1.255,0.581,0.935,esmfold2,fast_loop10_samples200
6b27,44,1,0.9008,0.9304,1.0441,0.932,1.044,0.563,0.935,esmfold2,fast_loop10_samples200
6b27,44,2,0.9006,0.9286,1.2092,0.961,1.209,0.492,1.0,esmfold2,fast_loop10_samples200
6b27,44,3,0.8965,0.9239,1.1447,0.937,1.145,0.516,0.935,esmfold2,fast_loop10_samples200
6b27,44,4,0.8977,0.9265,1.188,0.955,1.188,0.54,1.0,esmfold2,fast_loop10_samples200
6co4,42,0,0.8691,0.9143,1.8813,0.834,1.881,1.138,0.915,esmfold2,fast_loop10_samples200
6co4,42,1,0.8704,0.9114,1.9822,0.821,1.982,1.229,0.915,esmfold2,fast_loop10_samples200
6co4,42,2,0.8686,0.9101,2.1064,0.849,2.106,1.16,0.979,esmfold2,fast_loop10_samples200
6co4,42,3,0.8628,0.9108,2.053,0.814,2.053,1.268,0.915,esmfold2,fast_loop10_samples200
6co4,42,4,0.8683,0.9092,2.0073,0.819,2.007,1.185,0.894,esmfold2,fast_loop10_samples200
6co4,43,0,0.869,0.911,2.1381,0.838,2.138,1.182,0.957,esmfold2,fast_loop10_samples200
6co4,43,1,0.8651,0.9073,2.0556,0.81,2.056,1.248,0.894,esmfold2,fast_loop10_samples200
6co4,43,2,0.8488,0.8969,1.9058,0.801,1.906,1.338,0.894,esmfold2,fast_loop10_samples200
6co4,43,3,0.8717,0.9118,2.1028,0.833,2.103,1.174,0.936,esmfold2,fast_loop10_samples200
6co4,43,4,0.8635,0.9064,2.1929,0.811,2.193,1.278,0.915,esmfold2,fast_loop10_samples200
6co4,44,0,0.8718,0.913,1.8631,0.852,1.863,1.118,0.957,esmfold2,fast_loop10_samples200
6co4,44,1,0.8617,0.9115,2.0096,0.829,2.01,1.217,0.936,esmfold2,fast_loop10_samples200
6co4,44,2,0.8683,0.9081,2.0845,0.841,2.084,1.168,0.957,esmfold2,fast_loop10_samples200
6co4,44,3,0.8694,0.9112,2.1024,0.847,2.102,1.172,0.979,esmfold2,fast_loop10_samples200
6co4,44,4,0.8718,0.9122,2.1253,0.806,2.125,1.272,0.894,esmfold2,fast_loop10_samples200
6dei,42,0,0.279,0.0657,22.6386,0.066,22.639,14.439,0.062,esmfold2,fast_loop10_samples200
6dei,42,1,0.2993,0.0875,21.9583,0.067,21.958,16.192,0.062,esmfold2,fast_loop10_samples200
6dei,42,2,0.2926,0.0753,25.9994,0.049,25.999,14.979,0.042,esmfold2,fast_loop10_samples200
6dei,42,3,0.5427,0.4574,18.9151,0.086,18.915,17.035,0.083,esmfold2,fast_loop10_samples200
6dei,42,4,0.3433,0.1393,16.4598,0.1,16.46,17.371,0.083,esmfold2,fast_loop10_samples200
6dei,43,0,0.3907,0.2255,25.7017,0.057,25.702,14.162,0.062,esmfold2,fast_loop10_samples200
6dei,43,1,0.2828,0.0816,22.4834,0.059,22.483,15.716,0.042,esmfold2,fast_loop10_samples200
6dei,43,2,0.2696,0.0653,21.0194,0.058,21.019,13.092,0.021,esmfold2,fast_loop10_samples200
6dei,43,3,0.2711,0.0677,28.9687,0.03,28.969,14.579,0.0,esmfold2,fast_loop10_samples200
6dei,43,4,0.2998,0.0854,24.2028,0.04,24.203,15.805,0.0,esmfold2,fast_loop10_samples200
6dei,44,0,0.2874,0.0722,25.0949,0.065,25.095,15.146,0.083,esmfold2,fast_loop10_samples200
6dei,44,1,0.2973,0.0884,14.7862,0.1,14.786,14.616,0.042,esmfold2,fast_loop10_samples200
6dei,44,2,0.3201,0.0824,16.0227,0.09,16.023,15.678,0.042,esmfold2,fast_loop10_samples200
6dei,44,3,0.3175,0.0923,16.2805,0.074,16.281,15.747,0.0,esmfold2,fast_loop10_samples200
6dei,44,4,0.3226,0.1199,24.7423,0.053,24.742,13.989,0.042,esmfold2,fast_loop10_samples200
6e5x,42,0,0.8705,0.876,5.8972,0.675,5.897,1.813,0.943,esmfold2,fast_loop10_samples200
6e5x,42,1,0.8727,0.8814,5.2727,0.676,5.273,1.87,0.914,esmfold2,fast_loop10_samples200
6e5x,42,2,0.8704,0.8802,5.5482,0.679,5.548,1.861,0.943,esmfold2,fast_loop10_samples200
6e5x,42,3,0.8675,0.8759,6.0813,0.667,6.081,1.848,0.943,esmfold2,fast_loop10_samples200
6e5x,42,4,0.8654,0.8706,4.749,0.705,4.749,1.803,0.943,esmfold2,fast_loop10_samples200
6e5x,43,0,0.8682,0.8746,6.2888,0.647,6.289,1.909,0.914,esmfold2,fast_loop10_samples200
6e5x,43,1,0.8719,0.8796,5.4189,0.685,5.419,1.83,0.943,esmfold2,fast_loop10_samples200
6e5x,43,2,0.8651,0.8721,4.4616,0.714,4.462,1.778,0.943,esmfold2,fast_loop10_samples200
6e5x,43,3,0.871,0.8775,4.9734,0.677,4.973,1.945,0.914,esmfold2,fast_loop10_samples200
6e5x,43,4,0.8716,0.8754,5.8284,0.679,5.828,1.784,0.943,esmfold2,fast_loop10_samples200
6e5x,44,0,0.8715,0.8776,4.1289,0.737,4.129,1.721,0.971,esmfold2,fast_loop10_samples200
6e5x,44,1,0.8728,0.8797,6.039,0.68,6.039,1.714,0.943,esmfold2,fast_loop10_samples200
6e5x,44,2,0.8706,0.8772,5.8463,0.686,5.846,1.706,0.943,esmfold2,fast_loop10_samples200
6e5x,44,3,0.8661,0.8765,4.5029,0.706,4.503,1.754,0.914,esmfold2,fast_loop10_samples200
6e5x,44,4,0.8686,0.8745,5.0738,0.707,5.074,1.693,0.943,esmfold2,fast_loop10_samples200
6ej7,42,0,0.8177,0.9418,1.0291,0.9,1.029,0.74,0.911,esmfold2,fast_loop10_samples200
6ej7,42,1,0.8052,0.9354,1.0951,0.898,1.095,0.709,0.893,esmfold2,fast_loop10_samples200
6ej7,42,2,0.8193,0.943,1.3132,0.905,1.313,0.767,0.946,esmfold2,fast_loop10_samples200
6ej7,42,3,0.818,0.9395,1.2526,0.91,1.253,0.699,0.929,esmfold2,fast_loop10_samples200
6ej7,42,4,0.8211,0.9438,1.4159,0.91,1.416,0.686,0.929,esmfold2,fast_loop10_samples200
6ej7,43,0,0.8186,0.9421,1.4514,0.91,1.451,0.725,0.946,esmfold2,fast_loop10_samples200
6ej7,43,1,0.8139,0.939,1.3736,0.908,1.374,0.702,0.929,esmfold2,fast_loop10_samples200
6ej7,43,2,0.8212,0.9436,1.27,0.901,1.27,0.716,0.911,esmfold2,fast_loop10_samples200
6ej7,43,3,0.81,0.9374,1.2451,0.907,1.245,0.715,0.929,esmfold2,fast_loop10_samples200
6ej7,43,4,0.8166,0.9408,1.1596,0.89,1.16,0.76,0.893,esmfold2,fast_loop10_samples200
6ej7,44,0,0.8173,0.9408,1.1606,0.888,1.161,0.775,0.893,esmfold2,fast_loop10_samples200
6ej7,44,1,0.8149,0.9394,1.2856,0.899,1.286,0.727,0.911,esmfold2,fast_loop10_samples200
6ej7,44,2,0.8213,0.944,1.2344,0.902,1.234,0.755,0.929,esmfold2,fast_loop10_samples200
6ej7,44,3,0.8164,0.9391,1.2521,0.908,1.252,0.71,0.929,esmfold2,fast_loop10_samples200
6ej7,44,4,0.8163,0.9418,1.2217,0.902,1.222,0.756,0.929,esmfold2,fast_loop10_samples200
6f0w,42,0,0.9019,0.958,0.3959,0.87,0.396,1.033,0.934,esmfold2,fast_loop10_samples200
6f0w,42,1,0.8927,0.9573,0.4666,0.896,0.467,0.883,0.947,esmfold2,fast_loop10_samples200
6f0w,42,2,0.8982,0.9547,0.4777,0.91,0.478,0.813,0.961,esmfold2,fast_loop10_samples200
6f0w,42,3,0.8991,0.9562,0.5489,0.876,0.549,0.987,0.934,esmfold2,fast_loop10_samples200
6f0w,42,4,0.9,0.9579,0.5567,0.909,0.557,0.847,0.974,esmfold2,fast_loop10_samples200
6f0w,43,0,0.8997,0.9569,0.5454,0.876,0.545,1.019,0.947,esmfold2,fast_loop10_samples200
6f0w,43,1,0.8953,0.9563,0.5021,0.848,0.502,1.155,0.921,esmfold2,fast_loop10_samples200
6f0w,43,2,0.8837,0.9545,0.7874,0.898,0.787,0.888,0.961,esmfold2,fast_loop10_samples200
6f0w,43,3,0.8969,0.9533,0.5984,0.909,0.598,0.814,0.961,esmfold2,fast_loop10_samples200
6f0w,43,4,0.8983,0.9564,0.6058,0.876,0.606,1.015,0.947,esmfold2,fast_loop10_samples200
6f0w,44,0,0.8966,0.9524,0.669,0.915,0.669,0.8,0.974,esmfold2,fast_loop10_samples200
6f0w,44,1,0.9002,0.9579,0.4363,0.913,0.436,0.794,0.961,esmfold2,fast_loop10_samples200
6f0w,44,2,0.9004,0.9569,0.3991,0.888,0.399,0.967,0.961,esmfold2,fast_loop10_samples200
6f0w,44,3,0.8987,0.9556,0.5011,0.88,0.501,0.959,0.934,esmfold2,fast_loop10_samples200
6f0w,44,4,0.9005,0.9567,0.4571,0.877,0.457,1.017,0.947,esmfold2,fast_loop10_samples200
6f0y,42,0,0.7692,0.7984,8.2904,0.495,8.29,3.852,0.841,esmfold2,fast_loop10_samples200
6f0y,42,1,0.7647,0.7858,10.5346,0.432,10.535,4.963,0.818,esmfold2,fast_loop10_samples200
6f0y,42,2,0.7769,0.8016,10.4461,0.433,10.446,4.963,0.818,esmfold2,fast_loop10_samples200
6f0y,42,3,0.776,0.8101,10.2129,0.43,10.213,4.867,0.795,esmfold2,fast_loop10_samples200
6f0y,42,4,0.7757,0.7986,10.872,0.416,10.872,5.305,0.795,esmfold2,fast_loop10_samples200
6f0y,43,0,0.7836,0.8103,10.1521,0.43,10.152,5.052,0.795,esmfold2,fast_loop10_samples200
6f0y,43,1,0.775,0.8075,8.3487,0.495,8.349,3.806,0.841,esmfold2,fast_loop10_samples200
6f0y,43,2,0.7778,0.8122,8.4997,0.496,8.5,3.617,0.841,esmfold2,fast_loop10_samples200
6f0y,43,3,0.7744,0.7969,10.3773,0.434,10.377,5.01,0.818,esmfold2,fast_loop10_samples200
6f0y,43,4,0.7577,0.786,9.2031,0.449,9.203,4.153,0.773,esmfold2,fast_loop10_samples200
6f0y,44,0,0.7465,0.7758,8.5989,0.476,8.599,4.657,0.841,esmfold2,fast_loop10_samples200
6f0y,44,1,0.7845,0.8147,10.5246,0.424,10.525,4.982,0.795,esmfold2,fast_loop10_samples200
6f0y,44,2,0.758,0.7742,11.7113,0.42,11.711,5.327,0.841,esmfold2,fast_loop10_samples200
6f0y,44,3,0.7736,0.8016,10.6085,0.439,10.608,4.908,0.841,esmfold2,fast_loop10_samples200
6f0y,44,4,0.7725,0.793,10.2381,0.446,10.238,4.759,0.841,esmfold2,fast_loop10_samples200
6f4s,42,0,0.5196,0.6251,3.6359,0.701,3.636,0.961,0.548,esmfold2,fast_loop10_samples200
6f4s,42,1,0.552,0.6425,4.1259,0.729,4.126,1.059,0.71,esmfold2,fast_loop10_samples200
6f4s,42,2,0.5416,0.6232,3.658,0.733,3.658,0.957,0.645,esmfold2,fast_loop10_samples200
6f4s,42,3,0.5347,0.6293,4.3103,0.695,4.31,1.118,0.645,esmfold2,fast_loop10_samples200
6f4s,42,4,0.5353,0.6241,3.7675,0.694,3.767,0.985,0.548,esmfold2,fast_loop10_samples200
6f4s,43,0,0.5016,0.5966,5.7554,0.625,5.755,1.466,0.677,esmfold2,fast_loop10_samples200
6f4s,43,1,0.5082,0.5941,2.9462,0.773,2.946,0.791,0.645,esmfold2,fast_loop10_samples200
6f4s,43,2,0.4833,0.5972,1.9508,0.904,1.951,0.521,0.871,esmfold2,fast_loop10_samples200
6f4s,43,3,0.5447,0.6431,3.4614,0.745,3.461,0.907,0.645,esmfold2,fast_loop10_samples200
6f4s,43,4,0.5252,0.6095,3.275,0.745,3.275,0.863,0.613,esmfold2,fast_loop10_samples200
6f4s,44,0,0.4989,0.5891,3.7965,0.771,3.797,0.969,0.774,esmfold2,fast_loop10_samples200
6f4s,44,1,0.5059,0.5915,4.0545,0.708,4.054,1.068,0.645,esmfold2,fast_loop10_samples200
6f4s,44,2,0.5607,0.6465,3.5115,0.731,3.511,0.924,0.613,esmfold2,fast_loop10_samples200
6f4s,44,3,0.5054,0.6053,2.7904,0.829,2.79,0.728,0.774,esmfold2,fast_loop10_samples200
6f4s,44,4,0.5167,0.6272,4.2277,0.689,4.228,1.098,0.613,esmfold2,fast_loop10_samples200
6f6d,42,0,0.8691,0.9541,1.1512,0.851,1.151,0.937,0.851,esmfold2,fast_loop10_samples200
6f6d,42,1,0.8769,0.9579,0.9889,0.889,0.989,0.844,0.92,esmfold2,fast_loop10_samples200
6f6d,42,2,0.8702,0.9545,1.087,0.884,1.087,0.872,0.92,esmfold2,fast_loop10_samples200
6f6d,42,3,0.8714,0.956,1.0175,0.881,1.018,0.843,0.897,esmfold2,fast_loop10_samples200
6f6d,42,4,0.8765,0.9582,1.0336,0.886,1.034,0.833,0.908,esmfold2,fast_loop10_samples200
6f6d,43,0,0.855,0.9457,1.1148,0.872,1.115,0.954,0.92,esmfold2,fast_loop10_samples200
6f6d,43,1,0.8695,0.9536,1.262,0.845,1.262,0.995,0.862,esmfold2,fast_loop10_samples200
6f6d,43,2,0.8685,0.9533,1.1214,0.865,1.121,0.975,0.908,esmfold2,fast_loop10_samples200
6f6d,43,3,0.877,0.9584,1.0535,0.882,1.053,0.883,0.92,esmfold2,fast_loop10_samples200
6f6d,43,4,0.865,0.9524,0.9895,0.864,0.99,0.934,0.885,esmfold2,fast_loop10_samples200
6f6d,44,0,0.8765,0.9578,0.9927,0.869,0.993,0.925,0.897,esmfold2,fast_loop10_samples200
6f6d,44,1,0.8737,0.9569,1.1214,0.867,1.121,0.906,0.885,esmfold2,fast_loop10_samples200
6f6d,44,2,0.8719,0.9555,1.1915,0.845,1.192,0.997,0.862,esmfold2,fast_loop10_samples200
6f6d,44,3,0.8658,0.9541,1.2148,0.882,1.215,0.821,0.897,esmfold2,fast_loop10_samples200
6f6d,44,4,0.8723,0.9566,1.2293,0.865,1.229,0.939,0.897,esmfold2,fast_loop10_samples200
6fbk,42,0,0.8645,0.8649,1.4818,0.819,1.482,1.247,0.895,esmfold2,fast_loop10_samples200
6fbk,42,1,0.899,0.9032,1.4637,0.862,1.464,1.125,0.974,esmfold2,fast_loop10_samples200
6fbk,42,2,0.8936,0.8969,1.4251,0.855,1.425,1.181,0.974,esmfold2,fast_loop10_samples200
6fbk,42,3,0.8909,0.8945,1.3893,0.858,1.389,1.095,0.947,esmfold2,fast_loop10_samples200
6fbk,42,4,0.8934,0.8975,1.3787,0.866,1.379,1.098,0.974,esmfold2,fast_loop10_samples200
6fbk,43,0,0.8961,0.9023,1.5647,0.854,1.565,1.173,0.974,esmfold2,fast_loop10_samples200
6fbk,43,1,0.8969,0.9034,1.4263,0.843,1.426,1.202,0.947,esmfold2,fast_loop10_samples200
6fbk,43,2,0.8931,0.8967,1.3546,0.852,1.355,1.142,0.947,esmfold2,fast_loop10_samples200
6fbk,43,3,0.8889,0.8909,1.4246,0.844,1.425,1.191,0.947,esmfold2,fast_loop10_samples200
6fbk,43,4,0.891,0.8942,1.3027,0.873,1.303,1.057,0.974,esmfold2,fast_loop10_samples200
6fbk,44,0,0.8918,0.8954,1.5509,0.854,1.551,1.175,0.974,esmfold2,fast_loop10_samples200
6fbk,44,1,0.8927,0.8961,1.4516,0.832,1.452,1.214,0.921,esmfold2,fast_loop10_samples200
6fbk,44,2,0.8913,0.8937,1.3812,0.862,1.381,1.127,0.974,esmfold2,fast_loop10_samples200
6fbk,44,3,0.894,0.8982,1.4038,0.858,1.404,1.159,0.974,esmfold2,fast_loop10_samples200
6fbk,44,4,0.887,0.889,1.3949,0.86,1.395,1.143,0.974,esmfold2,fast_loop10_samples200
6h7b,42,0,0.8714,0.8881,1.7402,0.903,1.74,0.814,0.977,esmfold2,fast_loop10_samples200
6h7b,42,1,0.8864,0.8966,0.787,0.962,0.787,0.45,0.977,esmfold2,fast_loop10_samples200
6h7b,42,2,0.8707,0.8875,1.5618,0.906,1.562,0.754,0.953,esmfold2,fast_loop10_samples200
6h7b,42,3,0.8839,0.897,0.8572,0.954,0.857,0.511,0.977,esmfold2,fast_loop10_samples200
6h7b,42,4,0.8872,0.8959,1.1281,0.932,1.128,0.666,0.977,esmfold2,fast_loop10_samples200
6h7b,43,0,0.8828,0.8895,1.2636,0.931,1.264,0.605,0.953,esmfold2,fast_loop10_samples200
6h7b,43,1,0.8807,0.8859,1.5318,0.866,1.532,1.096,0.977,esmfold2,fast_loop10_samples200
6h7b,43,2,0.8688,0.8846,1.7956,0.899,1.796,0.837,0.977,esmfold2,fast_loop10_samples200
6h7b,43,3,0.8828,0.8919,1.1539,0.92,1.154,0.638,0.93,esmfold2,fast_loop10_samples200
6h7b,43,4,0.8866,0.8939,1.2317,0.943,1.232,0.63,1.0,esmfold2,fast_loop10_samples200
6h7b,44,0,0.8891,0.899,1.1673,0.945,1.167,0.563,0.977,esmfold2,fast_loop10_samples200
6h7b,44,1,0.884,0.8935,1.1041,0.862,1.104,1.163,0.977,esmfold2,fast_loop10_samples200
6h7b,44,2,0.868,0.8896,1.9096,0.892,1.91,0.87,0.977,esmfold2,fast_loop10_samples200
6h7b,44,3,0.8673,0.8821,1.6244,0.874,1.624,0.971,0.953,esmfold2,fast_loop10_samples200
6h7b,44,4,0.8815,0.8901,1.2494,0.935,1.249,0.634,0.977,esmfold2,fast_loop10_samples200
