complex,seed,id,pep_plddt,iptm,scRMSD,dockq_score,lrmsd,irmsd,fnat,model,method
1a0n,42,0,0.6897,0.6234,5.6623,0.596,5.662,2.23,0.783,esmfold2,fast_loop10_samplingsteps68
1a0n,42,1,0.6973,0.6262,3.4854,0.697,3.485,1.653,0.783,esmfold2,fast_loop10_samplingsteps68
1a0n,42,2,0.6778,0.5998,4.3013,0.677,4.301,1.652,0.783,esmfold2,fast_loop10_samplingsteps68
1a0n,42,3,0.7112,0.6474,2.8485,0.75,2.848,1.304,0.783,esmfold2,fast_loop10_samplingsteps68
1a0n,42,4,0.6816,0.6246,4.561,0.637,4.561,2.036,0.783,esmfold2,fast_loop10_samplingsteps68
1a0n,43,0,0.7138,0.6437,3.8464,0.707,3.846,1.472,0.783,esmfold2,fast_loop10_samplingsteps68
1a0n,43,1,0.683,0.6355,7.1414,0.531,7.141,2.793,0.783,esmfold2,fast_loop10_samplingsteps68
1a0n,43,2,0.7107,0.6237,3.2669,0.716,3.267,1.521,0.783,esmfold2,fast_loop10_samplingsteps68
1a0n,43,3,0.7141,0.6574,3.622,0.711,3.622,1.491,0.783,esmfold2,fast_loop10_samplingsteps68
1a0n,43,4,0.6948,0.6224,3.0937,0.727,3.094,1.454,0.783,esmfold2,fast_loop10_samplingsteps68
1a0n,44,0,0.7061,0.6335,3.2407,0.732,3.241,1.386,0.783,esmfold2,fast_loop10_samplingsteps68
1a0n,44,1,0.6753,0.6356,6.0577,0.573,6.058,2.454,0.783,esmfold2,fast_loop10_samplingsteps68
1a0n,44,2,0.671,0.6078,8.0635,0.502,8.063,3.02,0.783,esmfold2,fast_loop10_samplingsteps68
1a0n,44,3,0.711,0.6387,3.9326,0.699,3.933,1.531,0.783,esmfold2,fast_loop10_samplingsteps68
1a0n,44,4,0.7144,0.6346,3.3634,0.725,3.363,1.418,0.783,esmfold2,fast_loop10_samplingsteps68
1cqg,42,0,0.5039,0.3836,16.1478,0.168,16.148,7.684,0.25,esmfold2,fast_loop10_samplingsteps68
1cqg,42,1,0.5042,0.3832,16.1258,0.156,16.126,7.585,0.214,esmfold2,fast_loop10_samplingsteps68
1cqg,42,2,0.512,0.4055,15.7046,0.16,15.705,7.475,0.214,esmfold2,fast_loop10_samplingsteps68
1cqg,42,3,0.5068,0.3846,15.7404,0.16,15.74,7.459,0.214,esmfold2,fast_loop10_samplingsteps68
1cqg,42,4,0.5132,0.3939,16.0567,0.157,16.057,7.562,0.214,esmfold2,fast_loop10_samplingsteps68
1cqg,43,0,0.5174,0.4035,16.5977,0.153,16.598,7.788,0.214,esmfold2,fast_loop10_samplingsteps68
1cqg,43,1,0.5069,0.395,16.2638,0.156,16.264,7.571,0.214,esmfold2,fast_loop10_samplingsteps68
1cqg,43,2,0.4797,0.3667,17.3109,0.159,17.311,8.304,0.25,esmfold2,fast_loop10_samplingsteps68
1cqg,43,3,0.507,0.3859,16.3442,0.155,16.344,7.668,0.214,esmfold2,fast_loop10_samplingsteps68
1cqg,43,4,0.504,0.3923,16.7742,0.151,16.774,7.89,0.214,esmfold2,fast_loop10_samplingsteps68
1cqg,44,0,0.5066,0.391,14.9214,0.168,14.921,7.028,0.214,esmfold2,fast_loop10_samplingsteps68
1cqg,44,1,0.5159,0.4015,15.757,0.16,15.757,7.37,0.214,esmfold2,fast_loop10_samplingsteps68
1cqg,44,2,0.5106,0.3924,16.663,0.152,16.663,7.945,0.214,esmfold2,fast_loop10_samplingsteps68
1cqg,44,3,0.5138,0.3982,15.7708,0.16,15.771,7.415,0.214,esmfold2,fast_loop10_samplingsteps68
1cqg,44,4,0.5018,0.3817,16.8506,0.15,16.851,7.963,0.214,esmfold2,fast_loop10_samplingsteps68
1czy,42,0,0.8088,0.8877,0.6836,0.971,0.684,0.286,0.955,esmfold2,fast_loop10_samplingsteps68
1czy,42,1,0.817,0.8875,1.1601,0.942,1.16,0.394,0.909,esmfold2,fast_loop10_samplingsteps68
1czy,42,2,0.7956,0.8883,1.9362,0.868,1.936,0.666,0.818,esmfold2,fast_loop10_samplingsteps68
1czy,42,3,0.8133,0.886,1.063,0.948,1.063,0.418,0.932,esmfold2,fast_loop10_samplingsteps68
1czy,42,4,0.8156,0.8869,1.3057,0.936,1.306,0.435,0.909,esmfold2,fast_loop10_samplingsteps68
1czy,43,0,0.8145,0.8844,0.8373,0.976,0.837,0.3,0.977,esmfold2,fast_loop10_samplingsteps68
1czy,43,1,0.798,0.8842,3.2563,0.769,3.256,1.071,0.773,esmfold2,fast_loop10_samplingsteps68
1czy,43,2,0.8034,0.8852,1.1553,0.919,1.155,0.401,0.841,esmfold2,fast_loop10_samplingsteps68
1czy,43,3,0.8164,0.8891,0.638,0.955,0.638,0.296,0.909,esmfold2,fast_loop10_samplingsteps68
1czy,43,4,0.8129,0.8825,1.153,0.945,1.153,0.442,0.932,esmfold2,fast_loop10_samplingsteps68
1czy,44,0,0.8116,0.889,1.0537,0.918,1.054,0.419,0.841,esmfold2,fast_loop10_samplingsteps68
1czy,44,1,0.8138,0.8896,1.0073,0.938,1.007,0.372,0.886,esmfold2,fast_loop10_samplingsteps68
1czy,44,2,0.8147,0.8897,0.7167,0.98,0.717,0.267,0.977,esmfold2,fast_loop10_samplingsteps68
1czy,44,3,0.808,0.8884,1.2106,0.905,1.211,0.455,0.818,esmfold2,fast_loop10_samplingsteps68
1czy,44,4,0.8,0.8857,1.2203,0.913,1.22,0.452,0.841,esmfold2,fast_loop10_samplingsteps68
1ddv,42,0,0.8521,0.8383,5.6769,0.569,5.677,1.868,0.625,esmfold2,fast_loop10_samplingsteps68
1ddv,42,1,0.8366,0.8216,5.6875,0.549,5.688,1.864,0.562,esmfold2,fast_loop10_samplingsteps68
1ddv,42,2,0.8296,0.811,5.4001,0.586,5.4,1.766,0.625,esmfold2,fast_loop10_samplingsteps68
1ddv,42,3,0.8502,0.8383,5.5521,0.555,5.552,1.826,0.562,esmfold2,fast_loop10_samplingsteps68
1ddv,42,4,0.8454,0.8307,5.6206,0.552,5.621,1.848,0.562,esmfold2,fast_loop10_samplingsteps68
1ddv,43,0,0.8494,0.8345,5.6346,0.551,5.635,1.853,0.562,esmfold2,fast_loop10_samplingsteps68
1ddv,43,1,0.8373,0.8235,5.6314,0.551,5.631,1.85,0.562,esmfold2,fast_loop10_samplingsteps68
1ddv,43,2,0.8413,0.8286,5.6722,0.549,5.672,1.871,0.562,esmfold2,fast_loop10_samplingsteps68
1ddv,43,3,0.8432,0.8305,5.5171,0.577,5.517,1.825,0.625,esmfold2,fast_loop10_samplingsteps68
1ddv,43,4,0.8386,0.824,5.5881,0.553,5.588,1.844,0.562,esmfold2,fast_loop10_samplingsteps68
1ddv,44,0,0.8429,0.8281,5.6909,0.549,5.691,1.861,0.562,esmfold2,fast_loop10_samplingsteps68
1ddv,44,1,0.8396,0.825,5.6927,0.549,5.693,1.859,0.562,esmfold2,fast_loop10_samplingsteps68
1ddv,44,2,0.838,0.8265,5.6466,0.571,5.647,1.856,0.625,esmfold2,fast_loop10_samplingsteps68
1ddv,44,3,0.8421,0.8261,5.6833,0.55,5.683,1.851,0.562,esmfold2,fast_loop10_samplingsteps68
1ddv,44,4,0.8052,0.7832,5.8058,0.564,5.806,1.895,0.625,esmfold2,fast_loop10_samplingsteps68
1eg4,42,0,0.6786,0.8056,6.0345,0.542,6.034,2.646,0.719,esmfold2,fast_loop10_samplingsteps68
1eg4,42,1,0.6891,0.8152,3.0964,0.772,3.096,1.337,0.875,esmfold2,fast_loop10_samplingsteps68
1eg4,42,2,0.6498,0.8132,4.1552,0.612,4.155,1.824,0.625,esmfold2,fast_loop10_samplingsteps68
1eg4,42,3,0.6906,0.8149,3.0691,0.745,3.069,1.309,0.781,esmfold2,fast_loop10_samplingsteps68
1eg4,42,4,0.6911,0.8085,2.6527,0.806,2.653,1.227,0.906,esmfold2,fast_loop10_samplingsteps68
1eg4,43,0,0.6947,0.8093,2.1509,0.829,2.151,0.977,0.844,esmfold2,fast_loop10_samplingsteps68
1eg4,43,1,0.6891,0.8144,3.0471,0.78,3.047,1.361,0.906,esmfold2,fast_loop10_samplingsteps68
1eg4,43,2,0.6838,0.8167,1.3737,0.886,1.374,0.654,0.844,esmfold2,fast_loop10_samplingsteps68
1eg4,43,3,0.6783,0.8057,4.8884,0.588,4.888,2.16,0.688,esmfold2,fast_loop10_samplingsteps68
1eg4,43,4,0.6899,0.8149,1.8055,0.815,1.805,0.895,0.75,esmfold2,fast_loop10_samplingsteps68
1eg4,44,0,0.68,0.8136,3.4209,0.74,3.421,1.45,0.844,esmfold2,fast_loop10_samplingsteps68
1eg4,44,1,0.6611,0.8074,4.5136,0.663,4.514,1.972,0.844,esmfold2,fast_loop10_samplingsteps68
1eg4,44,2,0.6826,0.815,5.0206,0.631,5.021,2.097,0.812,esmfold2,fast_loop10_samplingsteps68
1eg4,44,3,0.6755,0.8085,5.5147,0.586,5.515,2.273,0.75,esmfold2,fast_loop10_samplingsteps68
1eg4,44,4,0.6907,0.8117,4.2309,0.631,4.231,1.825,0.688,esmfold2,fast_loop10_samplingsteps68
1f47,42,0,0.7815,0.8095,2.0826,0.861,2.083,0.902,0.906,esmfold2,fast_loop10_samplingsteps68
1f47,42,1,0.7742,0.8019,2.195,0.843,2.195,1.014,0.906,esmfold2,fast_loop10_samplingsteps68
1f47,42,2,0.7792,0.8074,1.8957,0.88,1.896,0.863,0.938,esmfold2,fast_loop10_samplingsteps68
1f47,42,3,0.7782,0.806,1.9711,0.869,1.971,0.86,0.906,esmfold2,fast_loop10_samplingsteps68
1f47,42,4,0.7677,0.7921,1.9126,0.868,1.913,0.878,0.906,esmfold2,fast_loop10_samplingsteps68
1f47,43,0,0.7555,0.7778,1.5622,0.906,1.562,0.641,0.906,esmfold2,fast_loop10_samplingsteps68
1f47,43,1,0.7737,0.8034,2.2451,0.858,2.245,0.908,0.906,esmfold2,fast_loop10_samplingsteps68
1f47,43,2,0.7635,0.7867,1.9442,0.86,1.944,0.928,0.906,esmfold2,fast_loop10_samplingsteps68
1f47,43,3,0.7777,0.804,1.917,0.872,1.917,0.844,0.906,esmfold2,fast_loop10_samplingsteps68
1f47,43,4,0.7783,0.8037,2.1342,0.859,2.134,0.914,0.906,esmfold2,fast_loop10_samplingsteps68
1f47,44,0,0.7785,0.8062,2.6213,0.838,2.621,0.995,0.906,esmfold2,fast_loop10_samplingsteps68
1f47,44,1,0.7794,0.8071,2.5634,0.844,2.563,0.958,0.906,esmfold2,fast_loop10_samplingsteps68
1f47,44,2,0.7817,0.8103,1.9612,0.875,1.961,0.825,0.906,esmfold2,fast_loop10_samplingsteps68
1f47,44,3,0.7772,0.8052,2.5504,0.837,2.55,1.014,0.906,esmfold2,fast_loop10_samplingsteps68
1f47,44,4,0.7797,0.8071,2.278,0.859,2.278,0.895,0.906,esmfold2,fast_loop10_samplingsteps68
1f8h,42,0,0.7592,0.7674,2.1388,0.808,2.139,1.083,0.826,esmfold2,fast_loop10_samplingsteps68
1f8h,42,1,0.7106,0.6925,2.691,0.777,2.691,1.232,0.826,esmfold2,fast_loop10_samplingsteps68
1f8h,42,2,0.7326,0.7425,1.7381,0.766,1.738,1.016,0.652,esmfold2,fast_loop10_samplingsteps68
1f8h,42,3,0.7025,0.6848,2.6885,0.734,2.688,1.233,0.696,esmfold2,fast_loop10_samplingsteps68
1f8h,42,4,0.7416,0.7503,2.1267,0.792,2.127,1.095,0.783,esmfold2,fast_loop10_samplingsteps68
1f8h,43,0,0.7546,0.7626,2.152,0.793,2.152,1.086,0.783,esmfold2,fast_loop10_samplingsteps68
1f8h,43,1,0.7228,0.7327,1.9963,0.769,1.996,1.071,0.696,esmfold2,fast_loop10_samplingsteps68
1f8h,43,2,0.7312,0.742,2.2606,0.786,2.261,1.123,0.783,esmfold2,fast_loop10_samplingsteps68
1f8h,43,3,0.7525,0.7611,2.0976,0.808,2.098,1.088,0.826,esmfold2,fast_loop10_samplingsteps68
1f8h,43,4,0.7502,0.7575,2.2773,0.8,2.277,1.123,0.826,esmfold2,fast_loop10_samplingsteps68
1f8h,44,0,0.7116,0.6867,2.5488,0.768,2.549,1.215,0.783,esmfold2,fast_loop10_samplingsteps68
1f8h,44,1,0.7394,0.7498,2.1029,0.794,2.103,1.084,0.783,esmfold2,fast_loop10_samplingsteps68
1f8h,44,2,0.7495,0.7595,2.2852,0.816,2.285,1.113,0.87,esmfold2,fast_loop10_samplingsteps68
1f8h,44,3,0.7509,0.7617,2.0402,0.796,2.04,1.079,0.783,esmfold2,fast_loop10_samplingsteps68
1f8h,44,4,0.7446,0.7518,2.1127,0.793,2.113,1.092,0.783,esmfold2,fast_loop10_samplingsteps68
1j2x,42,0,0.836,0.8489,2.8344,0.733,2.834,1.566,0.821,esmfold2,fast_loop10_samplingsteps68
1j2x,42,1,0.8332,0.845,3.2132,0.722,3.213,1.59,0.821,esmfold2,fast_loop10_samplingsteps68
1j2x,42,2,0.8272,0.8287,3.2326,0.716,3.233,1.565,0.795,esmfold2,fast_loop10_samplingsteps68
1j2x,42,3,0.8403,0.8405,3.2782,0.701,3.278,1.701,0.795,esmfold2,fast_loop10_samplingsteps68
1j2x,42,4,0.8427,0.8385,3.28,0.706,3.28,1.654,0.795,esmfold2,fast_loop10_samplingsteps68
1j2x,43,0,0.8401,0.8341,2.9189,0.72,2.919,1.587,0.795,esmfold2,fast_loop10_samplingsteps68
1j2x,43,1,0.8412,0.8387,3.6318,0.688,3.632,1.843,0.821,esmfold2,fast_loop10_samplingsteps68
1j2x,43,2,0.8382,0.8385,3.2323,0.7,3.232,1.724,0.795,esmfold2,fast_loop10_samplingsteps68
1j2x,43,3,0.8355,0.8291,2.8509,0.762,2.851,1.312,0.821,esmfold2,fast_loop10_samplingsteps68
1j2x,43,4,0.8398,0.8481,2.5199,0.776,2.52,1.256,0.821,esmfold2,fast_loop10_samplingsteps68
1j2x,44,0,0.8361,0.8504,3.4837,0.69,3.484,1.869,0.821,esmfold2,fast_loop10_samplingsteps68
1j2x,44,1,0.8431,0.8517,3.8677,0.669,3.868,2.007,0.821,esmfold2,fast_loop10_samplingsteps68
1j2x,44,2,0.8312,0.8398,3.21,0.746,3.21,1.524,0.872,esmfold2,fast_loop10_samplingsteps68
1j2x,44,3,0.8353,0.8418,3.0771,0.721,3.077,1.634,0.821,esmfold2,fast_loop10_samplingsteps68
1j2x,44,4,0.8365,0.8454,3.0101,0.737,3.01,1.423,0.795,esmfold2,fast_loop10_samplingsteps68
1jd5,42,0,0.9178,0.9381,1.0615,0.925,1.062,0.712,0.973,esmfold2,fast_loop10_samplingsteps68
1jd5,42,1,0.8204,0.8534,6.095,0.533,6.095,2.517,0.676,esmfold2,fast_loop10_samplingsteps68
1jd5,42,2,0.9304,0.9548,1.3881,0.885,1.388,0.965,0.973,esmfold2,fast_loop10_samplingsteps68
1jd5,42,3,0.9365,0.9603,0.97,0.936,0.97,0.634,0.973,esmfold2,fast_loop10_samplingsteps68
1jd5,42,4,0.9342,0.9579,1.2886,0.901,1.289,0.799,0.946,esmfold2,fast_loop10_samplingsteps68
1jd5,43,0,0.9344,0.9587,1.3603,0.906,1.36,0.756,0.946,esmfold2,fast_loop10_samplingsteps68
1jd5,43,1,0.8271,0.8704,6.0926,0.559,6.093,2.083,0.676,esmfold2,fast_loop10_samplingsteps68
1jd5,43,2,0.9355,0.9596,1.5248,0.905,1.525,0.809,0.973,esmfold2,fast_loop10_samplingsteps68
1jd5,43,3,0.9363,0.9602,1.4129,0.921,1.413,0.642,0.946,esmfold2,fast_loop10_samplingsteps68
1jd5,43,4,0.9339,0.9577,1.3419,0.932,1.342,0.637,0.973,esmfold2,fast_loop10_samplingsteps68
1jd5,44,0,0.9186,0.939,1.2064,0.917,1.206,0.754,0.973,esmfold2,fast_loop10_samplingsteps68
1jd5,44,1,0.9338,0.9581,1.4098,0.914,1.41,0.758,0.973,esmfold2,fast_loop10_samplingsteps68
1jd5,44,2,0.932,0.9564,1.3685,0.905,1.369,0.825,0.973,esmfold2,fast_loop10_samplingsteps68
1jd5,44,3,0.9325,0.9543,1.5364,0.902,1.536,0.767,0.946,esmfold2,fast_loop10_samplingsteps68
1jd5,44,4,0.9339,0.958,1.3065,0.918,1.307,0.744,0.973,esmfold2,fast_loop10_samplingsteps68
1jq8,42,0,0.5011,0.4768,2.9712,0.763,2.971,0.943,0.682,esmfold2,fast_loop10_samplingsteps68
1jq8,42,1,0.4915,0.4617,3.0984,0.759,3.098,0.95,0.682,esmfold2,fast_loop10_samplingsteps68
1jq8,42,2,0.4578,0.417,3.3531,0.722,3.353,1.014,0.614,esmfold2,fast_loop10_samplingsteps68
1jq8,42,3,0.4784,0.4505,3.2551,0.724,3.255,1.012,0.614,esmfold2,fast_loop10_samplingsteps68
1jq8,42,4,0.5013,0.4761,3.0035,0.756,3.004,0.937,0.659,esmfold2,fast_loop10_samplingsteps68
1jq8,43,0,0.496,0.4662,3.0739,0.76,3.074,0.948,0.682,esmfold2,fast_loop10_samplingsteps68
1jq8,43,1,0.4497,0.4016,6.0339,0.523,6.034,1.665,0.455,esmfold2,fast_loop10_samplingsteps68
1jq8,43,2,0.4108,0.3388,5.3117,0.554,5.312,1.468,0.432,esmfold2,fast_loop10_samplingsteps68
1jq8,43,3,0.4987,0.4728,3.2746,0.74,3.275,1.002,0.659,esmfold2,fast_loop10_samplingsteps68
1jq8,43,4,0.4867,0.4575,3.4741,0.738,3.474,1.038,0.682,esmfold2,fast_loop10_samplingsteps68
1jq8,44,0,0.4814,0.4471,3.1596,0.74,3.16,0.969,0.636,esmfold2,fast_loop10_samplingsteps68
1jq8,44,1,0.3668,0.2743,8.1998,0.401,8.2,2.187,0.364,esmfold2,fast_loop10_samplingsteps68
1jq8,44,2,0.4527,0.4158,3.9729,0.679,3.973,1.158,0.591,esmfold2,fast_loop10_samplingsteps68
1jq8,44,3,0.5001,0.4757,3.3186,0.74,3.319,0.998,0.659,esmfold2,fast_loop10_samplingsteps68
1jq8,44,4,0.438,0.3971,3.0527,0.74,3.053,0.937,0.614,esmfold2,fast_loop10_samplingsteps68
1jw6,42,0,0.2958,0.2377,17.3041,0.114,17.304,5.037,0.067,esmfold2,fast_loop10_samplingsteps68
1jw6,42,1,0.3301,0.2689,20.7015,0.1,20.702,6.107,0.1,esmfold2,fast_loop10_samplingsteps68
1jw6,42,2,0.2024,0.1007,49.5728,0.013,49.573,15.379,0.0,esmfold2,fast_loop10_samplingsteps68
1jw6,42,3,0.3281,0.2717,20.9756,0.098,20.976,6.262,0.1,esmfold2,fast_loop10_samplingsteps68
1jw6,42,4,0.2981,0.2619,17.7286,0.11,17.729,5.22,0.067,esmfold2,fast_loop10_samplingsteps68
1jw6,43,0,0.2954,0.2147,18.0274,0.106,18.027,5.549,0.067,esmfold2,fast_loop10_samplingsteps68
1jw6,43,1,0.2993,0.2345,20.8495,0.088,20.849,6.15,0.067,esmfold2,fast_loop10_samplingsteps68
1jw6,43,2,0.3307,0.3118,19.1268,0.099,19.127,5.643,0.067,esmfold2,fast_loop10_samplingsteps68
1jw6,43,3,0.1952,0.0998,44.3923,0.016,44.392,13.942,0.0,esmfold2,fast_loop10_samplingsteps68
1jw6,43,4,0.2954,0.2478,14.2592,0.145,14.259,4.384,0.067,esmfold2,fast_loop10_samplingsteps68
1jw6,44,0,0.2988,0.2499,18.6871,0.113,18.687,5.519,0.1,esmfold2,fast_loop10_samplingsteps68
1jw6,44,1,0.2963,0.2448,20.316,0.092,20.316,5.95,0.067,esmfold2,fast_loop10_samplingsteps68
1jw6,44,2,0.2838,0.2001,20.0159,0.07,20.016,6.033,0.0,esmfold2,fast_loop10_samplingsteps68
1jw6,44,3,0.2825,0.2153,12.2032,0.211,12.203,3.71,0.167,esmfold2,fast_loop10_samplingsteps68
1jw6,44,4,0.2829,0.2182,19.7915,0.084,19.791,5.773,0.033,esmfold2,fast_loop10_samplingsteps68
1l2z,42,0,0.7417,0.7158,3.7203,0.619,3.72,1.94,0.643,esmfold2,fast_loop10_samplingsteps68
1l2z,42,1,0.7341,0.6864,3.6747,0.642,3.675,1.962,0.714,esmfold2,fast_loop10_samplingsteps68
1l2z,42,2,0.747,0.7073,3.7121,0.657,3.712,1.91,0.75,esmfold2,fast_loop10_samplingsteps68
1l2z,42,3,0.739,0.7069,3.8277,0.65,3.828,1.96,0.75,esmfold2,fast_loop10_samplingsteps68
1l2z,42,4,0.734,0.7019,3.9127,0.604,3.913,2.073,0.643,esmfold2,fast_loop10_samplingsteps68
1l2z,43,0,0.733,0.6917,3.8878,0.62,3.888,2.022,0.679,esmfold2,fast_loop10_samplingsteps68
1l2z,43,1,0.7421,0.7094,3.0856,0.682,3.086,1.665,0.714,esmfold2,fast_loop10_samplingsteps68
1l2z,43,2,0.7318,0.7133,3.2771,0.704,3.277,1.638,0.786,esmfold2,fast_loop10_samplingsteps68
1l2z,43,3,0.7365,0.693,3.8503,0.646,3.85,2.002,0.75,esmfold2,fast_loop10_samplingsteps68
1l2z,43,4,0.7472,0.7114,3.9026,0.63,3.903,1.888,0.679,esmfold2,fast_loop10_samplingsteps68
1l2z,44,0,0.7181,0.6701,2.9853,0.659,2.985,1.679,0.643,esmfold2,fast_loop10_samplingsteps68
1l2z,44,1,0.7215,0.6765,4.8711,0.585,4.871,2.354,0.714,esmfold2,fast_loop10_samplingsteps68
1l2z,44,2,0.7331,0.6784,3.5504,0.653,3.55,1.86,0.714,esmfold2,fast_loop10_samplingsteps68
1l2z,44,3,0.7453,0.7217,3.4819,0.645,3.482,1.84,0.679,esmfold2,fast_loop10_samplingsteps68
1l2z,44,4,0.7548,0.7253,3.7082,0.659,3.708,1.889,0.75,esmfold2,fast_loop10_samplingsteps68
1lb6,42,0,0.8996,0.9534,0.5654,0.973,0.565,0.337,0.973,esmfold2,fast_loop10_samplingsteps68
1lb6,42,1,0.898,0.9518,0.6477,0.972,0.648,0.348,0.973,esmfold2,fast_loop10_samplingsteps68
1lb6,42,2,0.8974,0.9527,0.7507,0.968,0.751,0.378,0.973,esmfold2,fast_loop10_samplingsteps68
1lb6,42,3,0.8993,0.9532,0.7052,0.971,0.705,0.36,0.973,esmfold2,fast_loop10_samplingsteps68
1lb6,42,4,0.8991,0.9532,0.6442,0.972,0.644,0.348,0.973,esmfold2,fast_loop10_samplingsteps68
1lb6,43,0,0.8993,0.9533,0.6078,0.974,0.608,0.332,0.973,esmfold2,fast_loop10_samplingsteps68
1lb6,43,1,0.8981,0.952,0.7202,0.969,0.72,0.377,0.973,esmfold2,fast_loop10_samplingsteps68
1lb6,43,2,0.8976,0.9522,0.615,0.972,0.615,0.348,0.973,esmfold2,fast_loop10_samplingsteps68
1lb6,43,3,0.8998,0.9541,0.6049,0.964,0.605,0.345,0.946,esmfold2,fast_loop10_samplingsteps68
1lb6,43,4,0.8991,0.953,0.5288,0.976,0.529,0.313,0.973,esmfold2,fast_loop10_samplingsteps68
1lb6,44,0,0.8984,0.953,0.6566,0.971,0.657,0.356,0.973,esmfold2,fast_loop10_samplingsteps68
1lb6,44,1,0.8916,0.9458,0.7119,0.96,0.712,0.376,0.946,esmfold2,fast_loop10_samplingsteps68
1lb6,44,2,0.8971,0.9511,0.7121,0.961,0.712,0.362,0.946,esmfold2,fast_loop10_samplingsteps68
1lb6,44,3,0.9009,0.9544,0.6286,0.972,0.629,0.35,0.973,esmfold2,fast_loop10_samplingsteps68
1lb6,44,4,0.8905,0.9405,0.9391,0.954,0.939,0.419,0.946,esmfold2,fast_loop10_samplingsteps68
1mf4,42,0,0.4129,0.3841,4.4168,0.58,4.417,1.203,0.343,esmfold2,fast_loop10_samplingsteps68
1mf4,42,1,0.389,0.331,6.318,0.532,6.318,1.698,0.514,esmfold2,fast_loop10_samplingsteps68
1mf4,42,2,0.4654,0.451,4.9039,0.635,4.904,1.347,0.6,esmfold2,fast_loop10_samplingsteps68
1mf4,42,3,0.4326,0.419,6.9487,0.491,6.949,1.881,0.486,esmfold2,fast_loop10_samplingsteps68
1mf4,42,4,0.4181,0.3838,8.0465,0.454,8.046,2.186,0.514,esmfold2,fast_loop10_samplingsteps68
1mf4,43,0,0.4237,0.4095,7.2064,0.451,7.206,1.954,0.4,esmfold2,fast_loop10_samplingsteps68
1mf4,43,1,0.4193,0.4093,6.7447,0.5,6.745,1.832,0.486,esmfold2,fast_loop10_samplingsteps68
1mf4,43,2,0.4101,0.381,8.7865,0.398,8.787,2.389,0.429,esmfold2,fast_loop10_samplingsteps68
1mf4,43,3,0.417,0.3769,9.2376,0.355,9.238,2.505,0.343,esmfold2,fast_loop10_samplingsteps68
1mf4,43,4,0.4349,0.4128,5.2204,0.627,5.22,1.427,0.629,esmfold2,fast_loop10_samplingsteps68
1mf4,44,0,0.4148,0.3907,7.8646,0.423,7.865,2.136,0.4,esmfold2,fast_loop10_samplingsteps68
1mf4,44,1,0.3962,0.3319,9.7334,0.332,9.733,2.611,0.314,esmfold2,fast_loop10_samplingsteps68
1mf4,44,2,0.4188,0.3829,7.969,0.419,7.969,2.167,0.4,esmfold2,fast_loop10_samplingsteps68
1mf4,44,3,0.4172,0.3685,8.7297,0.382,8.73,2.361,0.371,esmfold2,fast_loop10_samplingsteps68
1mf4,44,4,0.4053,0.3778,7.1506,0.482,7.151,1.933,0.486,esmfold2,fast_loop10_samplingsteps68
1mv0,42,0,0.5356,0.3451,4.378,0.531,4.378,2.104,0.465,esmfold2,fast_loop10_samplingsteps68
1mv0,42,1,0.5292,0.3411,5.4989,0.508,5.499,2.376,0.535,esmfold2,fast_loop10_samplingsteps68
1mv0,42,2,0.5319,0.3463,6.5501,0.421,6.55,2.846,0.419,esmfold2,fast_loop10_samplingsteps68
1mv0,42,3,0.5309,0.3487,11.9441,0.255,11.944,5.062,0.349,esmfold2,fast_loop10_samplingsteps68
1mv0,42,4,0.5521,0.3793,10.2909,0.309,10.291,4.445,0.419,esmfold2,fast_loop10_samplingsteps68
1mv0,43,0,0.5248,0.3326,3.8927,0.572,3.893,1.926,0.512,esmfold2,fast_loop10_samplingsteps68
1mv0,43,1,0.5187,0.3463,6.6137,0.409,6.614,2.922,0.395,esmfold2,fast_loop10_samplingsteps68
1mv0,43,2,0.5554,0.3811,9.1454,0.322,9.145,3.886,0.372,esmfold2,fast_loop10_samplingsteps68
1mv0,43,3,0.5478,0.3691,8.0068,0.353,8.007,3.475,0.372,esmfold2,fast_loop10_samplingsteps68
1mv0,43,4,0.529,0.3368,8.9189,0.327,8.919,3.847,0.372,esmfold2,fast_loop10_samplingsteps68
1mv0,44,0,0.5279,0.334,6.3204,0.449,6.32,2.874,0.488,esmfold2,fast_loop10_samplingsteps68
1mv0,44,1,0.5383,0.347,8.0629,0.351,8.063,3.497,0.372,esmfold2,fast_loop10_samplingsteps68
1mv0,44,2,0.5388,0.3626,10.7476,0.278,10.748,4.521,0.349,esmfold2,fast_loop10_samplingsteps68
1mv0,44,3,0.5278,0.343,9.3265,0.307,9.327,4.076,0.349,esmfold2,fast_loop10_samplingsteps68
1mv0,44,4,0.5082,0.3214,7.7869,0.391,7.787,3.383,0.465,esmfold2,fast_loop10_samplingsteps68
1nrl,42,0,0.8971,0.9669,0.6846,0.956,0.685,0.498,0.974,esmfold2,fast_loop10_samplingsteps68
1nrl,42,1,0.8958,0.9662,0.8206,0.948,0.821,0.557,0.974,esmfold2,fast_loop10_samplingsteps68
1nrl,42,2,0.8947,0.9654,0.8099,0.947,0.81,0.633,1.0,esmfold2,fast_loop10_samplingsteps68
1nrl,42,3,0.8957,0.9661,0.8224,0.953,0.822,0.584,1.0,esmfold2,fast_loop10_samplingsteps68
1nrl,42,4,0.8969,0.9673,0.7377,0.963,0.738,0.511,1.0,esmfold2,fast_loop10_samplingsteps68
1nrl,43,0,0.8826,0.9606,0.992,0.951,0.992,0.588,1.0,esmfold2,fast_loop10_samplingsteps68
1nrl,43,1,0.8976,0.9671,0.7692,0.964,0.769,0.496,1.0,esmfold2,fast_loop10_samplingsteps68
1nrl,43,2,0.8984,0.9681,0.6691,0.962,0.669,0.519,1.0,esmfold2,fast_loop10_samplingsteps68
1nrl,43,3,0.8971,0.9671,0.7506,0.93,0.751,0.63,0.947,esmfold2,fast_loop10_samplingsteps68
1nrl,43,4,0.8957,0.9665,0.6253,0.942,0.625,0.678,1.0,esmfold2,fast_loop10_samplingsteps68
1nrl,44,0,0.8942,0.9656,0.7403,0.947,0.74,0.571,0.974,esmfold2,fast_loop10_samplingsteps68
1nrl,44,1,0.8739,0.9554,1.0073,0.94,1.007,0.535,0.947,esmfold2,fast_loop10_samplingsteps68
1nrl,44,2,0.8967,0.9669,0.7592,0.967,0.759,0.476,1.0,esmfold2,fast_loop10_samplingsteps68
1nrl,44,3,0.8907,0.9636,0.7918,0.948,0.792,0.482,0.947,esmfold2,fast_loop10_samplingsteps68
1nrl,44,4,0.8971,0.9671,0.7792,0.956,0.779,0.562,1.0,esmfold2,fast_loop10_samplingsteps68
1nvq,42,0,0.6583,0.688,0.8089,0.958,0.809,0.433,0.96,esmfold2,fast_loop10_samplingsteps68
1nvq,42,1,0.6568,0.6906,0.9412,0.957,0.941,0.429,0.96,esmfold2,fast_loop10_samplingsteps68
1nvq,42,2,0.6721,0.6993,0.8318,0.964,0.832,0.377,0.96,esmfold2,fast_loop10_samplingsteps68
1nvq,42,3,0.6547,0.6866,0.7601,0.95,0.76,0.383,0.92,esmfold2,fast_loop10_samplingsteps68
1nvq,42,4,0.3155,0.3094,12.6247,0.242,12.625,4.663,0.32,esmfold2,fast_loop10_samplingsteps68
1nvq,43,0,0.6647,0.6971,1.1104,0.94,1.11,0.45,0.92,esmfold2,fast_loop10_samplingsteps68
1nvq,43,1,0.6638,0.6891,0.768,0.962,0.768,0.397,0.96,esmfold2,fast_loop10_samplingsteps68
1nvq,43,2,0.6751,0.7062,0.6844,0.967,0.684,0.358,0.96,esmfold2,fast_loop10_samplingsteps68
1nvq,43,3,0.6601,0.6944,0.738,0.95,0.738,0.385,0.92,esmfold2,fast_loop10_samplingsteps68
1nvq,43,4,0.6572,0.6883,0.9321,0.96,0.932,0.406,0.96,esmfold2,fast_loop10_samplingsteps68
1nvq,44,0,0.2301,0.1453,19.5812,0.071,19.581,6.296,0.0,esmfold2,fast_loop10_samplingsteps68
1nvq,44,1,0.6755,0.707,0.7974,0.949,0.797,0.391,0.92,esmfold2,fast_loop10_samplingsteps68
1nvq,44,2,0.2371,0.1424,20.4285,0.064,20.429,6.842,0.0,esmfold2,fast_loop10_samplingsteps68
1nvq,44,3,0.6682,0.6994,0.6838,0.952,0.684,0.374,0.92,esmfold2,fast_loop10_samplingsteps68
1nvq,44,4,0.6511,0.6819,0.8908,0.954,0.891,0.463,0.96,esmfold2,fast_loop10_samplingsteps68
1o0p,42,0,0.5572,0.4952,5.549,0.493,5.549,2.275,0.475,esmfold2,fast_loop10_samplingsteps68
1o0p,42,1,0.5477,0.4904,5.826,0.467,5.826,2.625,0.475,esmfold2,fast_loop10_samplingsteps68
1o0p,42,2,0.5528,0.4979,7.2276,0.423,7.228,3.106,0.5,esmfold2,fast_loop10_samplingsteps68
1o0p,42,3,0.559,0.4977,4.8307,0.576,4.831,1.948,0.6,esmfold2,fast_loop10_samplingsteps68
1o0p,42,4,0.5436,0.4679,5.6019,0.531,5.602,2.313,0.6,esmfold2,fast_loop10_samplingsteps68
1o0p,43,0,0.5568,0.5105,6.9609,0.424,6.961,3.011,0.475,esmfold2,fast_loop10_samplingsteps68
1o0p,43,1,0.5512,0.4785,8.324,0.386,8.324,3.622,0.5,esmfold2,fast_loop10_samplingsteps68
1o0p,43,2,0.5505,0.4992,6.5853,0.438,6.585,2.864,0.475,esmfold2,fast_loop10_samplingsteps68
1o0p,43,3,0.5532,0.491,5.6462,0.492,5.646,2.4,0.5,esmfold2,fast_loop10_samplingsteps68
1o0p,43,4,0.5573,0.5008,6.2701,0.452,6.27,2.723,0.475,esmfold2,fast_loop10_samplingsteps68
1o0p,44,0,0.5393,0.5022,7.6265,0.383,7.627,3.314,0.425,esmfold2,fast_loop10_samplingsteps68
1o0p,44,1,0.557,0.4989,6.0168,0.467,6.017,2.535,0.475,esmfold2,fast_loop10_samplingsteps68
1o0p,44,2,0.5569,0.4958,8.0066,0.42,8.007,3.518,0.575,esmfold2,fast_loop10_samplingsteps68
1o0p,44,3,0.5671,0.5139,6.1704,0.471,6.17,2.536,0.5,esmfold2,fast_loop10_samplingsteps68
1o0p,44,4,0.5538,0.5086,5.7805,0.481,5.781,2.542,0.5,esmfold2,fast_loop10_samplingsteps68
1p7v,42,0,0.4526,0.5554,6.8028,0.419,6.803,1.903,0.265,esmfold2,fast_loop10_samplingsteps68
1p7v,42,1,0.3998,0.4991,5.7126,0.487,5.713,1.608,0.306,esmfold2,fast_loop10_samplingsteps68
1p7v,42,2,0.4552,0.5516,7.1956,0.411,7.196,1.981,0.286,esmfold2,fast_loop10_samplingsteps68
1p7v,42,3,0.3743,0.4374,11.4536,0.258,11.454,3.261,0.245,esmfold2,fast_loop10_samplingsteps68
1p7v,42,4,0.4421,0.5354,5.6961,0.502,5.696,1.601,0.347,esmfold2,fast_loop10_samplingsteps68
1p7v,43,0,0.3787,0.4471,11.9016,0.249,11.902,3.385,0.245,esmfold2,fast_loop10_samplingsteps68
1p7v,43,1,0.4523,0.5484,6.7309,0.415,6.731,1.892,0.245,esmfold2,fast_loop10_samplingsteps68
1p7v,43,2,0.3936,0.4714,3.2781,0.721,3.278,0.93,0.571,esmfold2,fast_loop10_samplingsteps68
1p7v,43,3,0.4243,0.5227,5.3456,0.521,5.346,1.506,0.347,esmfold2,fast_loop10_samplingsteps68
1p7v,43,4,0.4506,0.5548,6.8145,0.419,6.814,1.908,0.265,esmfold2,fast_loop10_samplingsteps68
1p7v,44,0,0.3714,0.4407,11.6542,0.261,11.654,3.317,0.265,esmfold2,fast_loop10_samplingsteps68
1p7v,44,1,0.3726,0.4408,11.8333,0.25,11.833,3.365,0.245,esmfold2,fast_loop10_samplingsteps68
1p7v,44,2,0.4545,0.545,6.3294,0.457,6.329,1.761,0.306,esmfold2,fast_loop10_samplingsteps68
1p7v,44,3,0.361,0.4236,11.2805,0.269,11.281,3.21,0.265,esmfold2,fast_loop10_samplingsteps68
1p7v,44,4,0.4713,0.5629,7.2893,0.4,7.289,2.006,0.265,esmfold2,fast_loop10_samplingsteps68
1pmx,42,0,0.7794,0.6992,4.743,0.803,4.743,1.007,0.957,esmfold2,fast_loop10_samplingsteps68
1pmx,42,1,0.7813,0.7022,6.2469,0.785,6.247,0.966,1.0,esmfold2,fast_loop10_samplingsteps68
1pmx,42,2,0.7561,0.6622,5.8371,0.652,5.837,1.653,0.826,esmfold2,fast_loop10_samplingsteps68
1pmx,42,3,0.7815,0.6975,3.8744,0.806,3.874,1.141,0.957,esmfold2,fast_loop10_samplingsteps68
1pmx,42,4,0.7778,0.695,3.5042,0.84,3.504,0.96,0.957,esmfold2,fast_loop10_samplingsteps68
1pmx,43,0,0.7684,0.6789,4.3571,0.796,4.357,1.232,1.0,esmfold2,fast_loop10_samplingsteps68
1pmx,43,1,0.7676,0.6708,2.6609,0.772,2.661,1.522,0.913,esmfold2,fast_loop10_samplingsteps68
1pmx,43,2,0.7792,0.691,3.3298,0.83,3.33,1.064,0.957,esmfold2,fast_loop10_samplingsteps68
1pmx,43,3,0.7775,0.6906,2.842,0.87,2.842,0.954,1.0,esmfold2,fast_loop10_samplingsteps68
1pmx,43,4,0.769,0.6721,3.0636,0.797,3.064,1.032,0.826,esmfold2,fast_loop10_samplingsteps68
1pmx,44,0,0.7567,0.6654,3.9124,0.793,3.912,1.23,0.957,esmfold2,fast_loop10_samplingsteps68
1pmx,44,1,0.7617,0.6768,5.0579,0.681,5.058,1.564,0.826,esmfold2,fast_loop10_samplingsteps68
1pmx,44,2,0.7594,0.6746,6.3767,0.712,6.377,1.271,0.913,esmfold2,fast_loop10_samplingsteps68
1pmx,44,3,0.7579,0.6663,3.5505,0.755,3.55,1.254,0.826,esmfold2,fast_loop10_samplingsteps68
1pmx,44,4,0.7786,0.6942,3.4027,0.817,3.403,1.147,0.957,esmfold2,fast_loop10_samplingsteps68
1r17,42,0,0.8392,0.9463,0.6619,0.754,0.662,2.21,0.953,esmfold2,fast_loop10_samplingsteps68
1r17,42,1,0.8392,0.9466,0.7931,0.783,0.793,1.814,0.953,esmfold2,fast_loop10_samplingsteps68
1r17,42,2,0.8387,0.9441,0.7962,0.765,0.796,2.041,0.953,esmfold2,fast_loop10_samplingsteps68
1r17,42,3,0.8521,0.9527,0.627,0.769,0.627,1.997,0.953,esmfold2,fast_loop10_samplingsteps68
1r17,42,4,0.8493,0.9508,0.8839,0.81,0.884,1.541,0.953,esmfold2,fast_loop10_samplingsteps68
1r17,43,0,0.8463,0.949,0.6986,0.779,0.699,1.874,0.953,esmfold2,fast_loop10_samplingsteps68
1r17,43,1,0.8369,0.9428,1.0155,0.784,1.015,1.66,0.918,esmfold2,fast_loop10_samplingsteps68
1r17,43,2,0.8415,0.9471,0.642,0.766,0.642,1.987,0.941,esmfold2,fast_loop10_samplingsteps68
1r17,43,3,0.8493,0.9471,0.7611,0.822,0.761,1.435,0.953,esmfold2,fast_loop10_samplingsteps68
1r17,43,4,0.8355,0.9425,0.748,0.829,0.748,1.412,0.965,esmfold2,fast_loop10_samplingsteps68
1r17,44,0,0.8508,0.95,0.7075,0.818,0.708,1.444,0.941,esmfold2,fast_loop10_samplingsteps68
1r17,44,1,0.8328,0.939,0.6028,0.764,0.603,2.024,0.941,esmfold2,fast_loop10_samplingsteps68
1r17,44,2,0.8495,0.9501,0.7024,0.808,0.702,1.567,0.953,esmfold2,fast_loop10_samplingsteps68
1r17,44,3,0.8305,0.9371,0.9349,0.8,0.935,1.586,0.941,esmfold2,fast_loop10_samplingsteps68
1r17,44,4,0.8486,0.95,0.7355,0.804,0.736,1.569,0.941,esmfold2,fast_loop10_samplingsteps68
1rxz,42,0,0.8668,0.9573,1.0344,0.915,1.034,0.671,0.926,esmfold2,fast_loop10_samplingsteps68
1rxz,42,1,0.8669,0.9569,1.1877,0.893,1.188,0.726,0.889,esmfold2,fast_loop10_samplingsteps68
1rxz,42,2,0.8662,0.9553,1.2879,0.903,1.288,0.735,0.926,esmfold2,fast_loop10_samplingsteps68
1rxz,42,3,0.8637,0.9545,1.2518,0.894,1.252,0.762,0.907,esmfold2,fast_loop10_samplingsteps68
1rxz,42,4,0.8649,0.9567,1.0462,0.918,1.046,0.648,0.926,esmfold2,fast_loop10_samplingsteps68
1rxz,43,0,0.8665,0.9564,1.0327,0.931,1.033,0.597,0.944,esmfold2,fast_loop10_samplingsteps68
1rxz,43,1,0.8603,0.9489,1.2439,0.913,1.244,0.623,0.907,esmfold2,fast_loop10_samplingsteps68
1rxz,43,2,0.8628,0.9512,1.2206,0.912,1.221,0.636,0.907,esmfold2,fast_loop10_samplingsteps68
1rxz,43,3,0.8665,0.9567,1.1335,0.912,1.133,0.638,0.907,esmfold2,fast_loop10_samplingsteps68
1rxz,43,4,0.8652,0.9548,1.186,0.911,1.186,0.644,0.907,esmfold2,fast_loop10_samplingsteps68
1rxz,44,0,0.8678,0.9558,1.2107,0.904,1.211,0.777,0.944,esmfold2,fast_loop10_samplingsteps68
1rxz,44,1,0.8586,0.955,1.2035,0.891,1.203,0.783,0.907,esmfold2,fast_loop10_samplingsteps68
1rxz,44,2,0.8653,0.956,1.1393,0.912,1.139,0.731,0.944,esmfold2,fast_loop10_samplingsteps68
1rxz,44,3,0.8647,0.957,1.0448,0.902,1.045,0.765,0.926,esmfold2,fast_loop10_samplingsteps68
1rxz,44,4,0.867,0.9564,0.9628,0.926,0.963,0.546,0.907,esmfold2,fast_loop10_samplingsteps68
1t74,42,0,0.7745,0.8844,1.2539,0.933,1.254,0.524,0.929,esmfold2,fast_loop10_samplingsteps68
1t74,42,1,0.7833,0.887,1.0433,0.935,1.043,0.419,0.893,esmfold2,fast_loop10_samplingsteps68
1t74,42,2,0.7861,0.8893,1.1958,0.916,1.196,0.471,0.857,esmfold2,fast_loop10_samplingsteps68
1t74,42,3,0.7976,0.8963,0.9295,0.95,0.929,0.401,0.929,esmfold2,fast_loop10_samplingsteps68
1t74,42,4,0.7832,0.8908,1.2221,0.935,1.222,0.507,0.929,esmfold2,fast_loop10_samplingsteps68
1t74,43,0,0.7882,0.8902,1.0931,0.932,1.093,0.444,0.893,esmfold2,fast_loop10_samplingsteps68
1t74,43,1,0.739,0.8537,2.0501,0.859,2.05,0.726,0.821,esmfold2,fast_loop10_samplingsteps68
1t74,43,2,0.7592,0.8721,0.9609,0.962,0.961,0.4,0.964,esmfold2,fast_loop10_samplingsteps68
1t74,43,3,0.7806,0.8859,1.3826,0.928,1.383,0.552,0.929,esmfold2,fast_loop10_samplingsteps68
1t74,43,4,0.6659,0.7724,3.2121,0.78,3.212,1.028,0.786,esmfold2,fast_loop10_samplingsteps68
1t74,44,0,0.752,0.866,1.3487,0.91,1.349,0.509,0.857,esmfold2,fast_loop10_samplingsteps68
1t74,44,1,0.7758,0.886,1.3875,0.932,1.387,0.518,0.929,esmfold2,fast_loop10_samplingsteps68
1t74,44,2,0.7886,0.8948,1.2209,0.941,1.221,0.462,0.929,esmfold2,fast_loop10_samplingsteps68
1t74,44,3,0.7854,0.8895,1.204,0.941,1.204,0.458,0.929,esmfold2,fast_loop10_samplingsteps68
1t74,44,4,0.7846,0.8935,0.8834,0.965,0.883,0.377,0.964,esmfold2,fast_loop10_samplingsteps68
1v1t,42,0,0.8739,0.9032,0.8218,0.975,0.822,0.398,1.0,esmfold2,fast_loop10_samplingsteps68
1v1t,42,1,0.8724,0.9036,0.6814,0.977,0.681,0.385,1.0,esmfold2,fast_loop10_samplingsteps68
1v1t,42,2,0.8721,0.8997,0.7052,0.975,0.705,0.405,1.0,esmfold2,fast_loop10_samplingsteps68
1v1t,42,3,0.8694,0.8935,0.7374,0.978,0.737,0.376,1.0,esmfold2,fast_loop10_samplingsteps68
1v1t,42,4,0.8724,0.9004,0.5366,0.979,0.537,0.381,1.0,esmfold2,fast_loop10_samplingsteps68
1v1t,43,0,0.8692,0.8966,0.6702,0.979,0.67,0.369,1.0,esmfold2,fast_loop10_samplingsteps68
1v1t,43,1,0.874,0.9065,0.5606,0.979,0.561,0.373,1.0,esmfold2,fast_loop10_samplingsteps68
1v1t,43,2,0.8694,0.8966,1.485,0.953,1.485,0.411,0.96,esmfold2,fast_loop10_samplingsteps68
1v1t,43,3,0.8748,0.9042,0.6153,0.963,0.615,0.394,0.96,esmfold2,fast_loop10_samplingsteps68
1v1t,43,4,0.8724,0.8989,0.8323,0.975,0.832,0.4,1.0,esmfold2,fast_loop10_samplingsteps68
1v1t,44,0,0.8705,0.9015,0.6536,0.98,0.654,0.356,1.0,esmfold2,fast_loop10_samplingsteps68
1v1t,44,1,0.8602,0.8915,0.888,0.966,0.888,0.473,1.0,esmfold2,fast_loop10_samplingsteps68
1v1t,44,2,0.8726,0.9047,0.5502,0.98,0.55,0.369,1.0,esmfold2,fast_loop10_samplingsteps68
1v1t,44,3,0.8576,0.8929,1.236,0.967,1.236,0.435,1.0,esmfold2,fast_loop10_samplingsteps68
1v1t,44,4,0.8719,0.9025,1.3738,0.97,1.374,0.398,1.0,esmfold2,fast_loop10_samplingsteps68
1w80,42,0,0.8105,0.8733,1.4155,0.911,1.415,0.566,0.885,esmfold2,fast_loop10_samplingsteps68
1w80,42,1,0.8119,0.873,1.42,0.928,1.42,0.536,0.923,esmfold2,fast_loop10_samplingsteps68
1w80,42,2,0.8134,0.8764,1.5163,0.92,1.516,0.582,0.923,esmfold2,fast_loop10_samplingsteps68
1w80,42,3,0.8083,0.8698,1.5424,0.917,1.542,0.604,0.923,esmfold2,fast_loop10_samplingsteps68
1w80,42,4,0.8131,0.8783,1.4597,0.926,1.46,0.548,0.923,esmfold2,fast_loop10_samplingsteps68
1w80,43,0,0.8097,0.872,1.5514,0.908,1.551,0.572,0.885,esmfold2,fast_loop10_samplingsteps68
1w80,43,1,0.8125,0.878,1.5699,0.908,1.57,0.576,0.885,esmfold2,fast_loop10_samplingsteps68
1w80,43,2,0.8114,0.875,1.6004,0.915,1.6,0.616,0.923,esmfold2,fast_loop10_samplingsteps68
1w80,43,3,0.8121,0.8799,1.2645,0.923,1.265,0.48,0.885,esmfold2,fast_loop10_samplingsteps68
1w80,43,4,0.8116,0.8811,1.1655,0.928,1.165,0.445,0.885,esmfold2,fast_loop10_samplingsteps68
1w80,44,0,0.8113,0.8776,1.4411,0.933,1.441,0.485,0.923,esmfold2,fast_loop10_samplingsteps68
1w80,44,1,0.811,0.8745,1.626,0.9,1.626,0.625,0.885,esmfold2,fast_loop10_samplingsteps68
1w80,44,2,0.8125,0.8765,1.4763,0.928,1.476,0.525,0.923,esmfold2,fast_loop10_samplingsteps68
1w80,44,3,0.8131,0.879,1.3066,0.908,1.307,0.5,0.846,esmfold2,fast_loop10_samplingsteps68
1w80,44,4,0.8083,0.871,1.5606,0.905,1.561,0.597,0.885,esmfold2,fast_loop10_samplingsteps68
1yfn,42,0,0.7731,0.778,8.0666,0.406,8.067,3.39,0.528,esmfold2,fast_loop10_samplingsteps68
1yfn,42,1,0.7921,0.8022,8.1809,0.389,8.181,3.476,0.491,esmfold2,fast_loop10_samplingsteps68
1yfn,42,2,0.7921,0.8045,8.2962,0.387,8.296,3.447,0.491,esmfold2,fast_loop10_samplingsteps68
1yfn,42,3,0.7576,0.7612,8.042,0.407,8.042,3.379,0.528,esmfold2,fast_loop10_samplingsteps68
1yfn,42,4,0.7935,0.8051,8.1417,0.398,8.142,3.401,0.509,esmfold2,fast_loop10_samplingsteps68
1yfn,43,0,0.749,0.7555,8.1901,0.396,8.19,3.436,0.509,esmfold2,fast_loop10_samplingsteps68
1yfn,43,1,0.7869,0.7966,8.1643,0.396,8.164,3.443,0.509,esmfold2,fast_loop10_samplingsteps68
1yfn,43,2,0.7874,0.797,8.0034,0.401,8.003,3.405,0.509,esmfold2,fast_loop10_samplingsteps68
1yfn,43,3,0.798,0.8113,8.0998,0.392,8.1,3.428,0.491,esmfold2,fast_loop10_samplingsteps68
1yfn,43,4,0.7387,0.7504,7.8632,0.398,7.863,3.366,0.491,esmfold2,fast_loop10_samplingsteps68
1yfn,44,0,0.7186,0.744,7.4618,0.419,7.462,3.181,0.509,esmfold2,fast_loop10_samplingsteps68
1yfn,44,1,0.7824,0.7921,7.9352,0.397,7.935,3.366,0.491,esmfold2,fast_loop10_samplingsteps68
1yfn,44,2,0.7659,0.772,8.0051,0.4,8.005,3.422,0.509,esmfold2,fast_loop10_samplingsteps68
1yfn,44,3,0.7566,0.7578,8.1949,0.396,8.195,3.436,0.509,esmfold2,fast_loop10_samplingsteps68
1yfn,44,4,0.7393,0.7489,7.9655,0.395,7.965,3.397,0.491,esmfold2,fast_loop10_samplingsteps68
1ywi,42,0,0.8644,0.5976,1.3461,0.861,1.346,0.95,0.895,esmfold2,fast_loop10_samplingsteps68
1ywi,42,1,0.8676,0.6134,1.1589,0.868,1.159,0.917,0.895,esmfold2,fast_loop10_samplingsteps68
1ywi,42,2,0.8592,0.5843,1.2727,0.862,1.273,0.95,0.895,esmfold2,fast_loop10_samplingsteps68
1ywi,42,3,0.8614,0.5982,1.3679,0.858,1.368,0.969,0.895,esmfold2,fast_loop10_samplingsteps68
1ywi,42,4,0.8603,0.5948,1.3052,0.846,1.305,0.938,0.842,esmfold2,fast_loop10_samplingsteps68
1ywi,43,0,0.8628,0.5968,1.2674,0.863,1.267,0.946,0.895,esmfold2,fast_loop10_samplingsteps68
1ywi,43,1,0.8675,0.6056,1.2919,0.841,1.292,0.971,0.842,esmfold2,fast_loop10_samplingsteps68
1ywi,43,2,0.8709,0.6159,1.1855,0.86,1.186,0.975,0.895,esmfold2,fast_loop10_samplingsteps68
1ywi,43,3,0.8636,0.5967,1.3127,0.86,1.313,0.964,0.895,esmfold2,fast_loop10_samplingsteps68
1ywi,43,4,0.861,0.5887,1.1785,0.866,1.179,0.929,0.895,esmfold2,fast_loop10_samplingsteps68
1ywi,44,0,0.8603,0.5886,1.2902,0.846,1.29,0.94,0.842,esmfold2,fast_loop10_samplingsteps68
1ywi,44,1,0.8698,0.6089,1.3397,0.847,1.34,0.929,0.842,esmfold2,fast_loop10_samplingsteps68
1ywi,44,2,0.8702,0.6132,1.3242,0.865,1.324,0.929,0.895,esmfold2,fast_loop10_samplingsteps68
1ywi,44,3,0.8664,0.6059,1.1001,0.869,1.1,0.916,0.895,esmfold2,fast_loop10_samplingsteps68
1ywi,44,4,0.8558,0.5854,1.4112,0.843,1.411,0.951,0.842,esmfold2,fast_loop10_samplingsteps68
1ywo,42,0,0.8086,0.7319,2.0437,0.893,2.044,0.902,1.0,esmfold2,fast_loop10_samplingsteps68
1ywo,42,1,0.7982,0.7114,2.7818,0.836,2.782,1.21,1.0,esmfold2,fast_loop10_samplingsteps68
1ywo,42,2,0.8099,0.7363,2.4916,0.86,2.492,1.075,1.0,esmfold2,fast_loop10_samplingsteps68
1ywo,42,3,0.81,0.736,2.1323,0.89,2.132,0.914,1.0,esmfold2,fast_loop10_samplingsteps68
1ywo,42,4,0.7972,0.7133,2.619,0.849,2.619,1.142,1.0,esmfold2,fast_loop10_samplingsteps68
1ywo,43,0,0.7965,0.7133,2.9219,0.829,2.922,1.246,1.0,esmfold2,fast_loop10_samplingsteps68
1ywo,43,1,0.8009,0.7194,1.5578,0.928,1.558,0.711,1.0,esmfold2,fast_loop10_samplingsteps68
1ywo,43,2,0.7958,0.7093,2.9089,0.829,2.909,1.243,1.0,esmfold2,fast_loop10_samplingsteps68
1ywo,43,3,0.7856,0.6891,2.7844,0.836,2.784,1.214,1.0,esmfold2,fast_loop10_samplingsteps68
1ywo,43,4,0.7898,0.7037,2.1583,0.883,2.158,0.96,1.0,esmfold2,fast_loop10_samplingsteps68
1ywo,44,0,0.8049,0.7286,2.4745,0.862,2.474,1.066,1.0,esmfold2,fast_loop10_samplingsteps68
1ywo,44,1,0.8046,0.7261,2.4884,0.861,2.488,1.074,1.0,esmfold2,fast_loop10_samplingsteps68
1ywo,44,2,0.8101,0.7357,2.1221,0.889,2.122,0.919,1.0,esmfold2,fast_loop10_samplingsteps68
1ywo,44,3,0.8141,0.7405,2.3332,0.873,2.333,1.005,1.0,esmfold2,fast_loop10_samplingsteps68
1ywo,44,4,0.8078,0.7342,2.2359,0.867,2.236,0.968,0.96,esmfold2,fast_loop10_samplingsteps68
1yy6,42,0,0.9266,0.9562,0.7843,0.886,0.784,0.858,0.912,esmfold2,fast_loop10_samplingsteps68
1yy6,42,1,0.928,0.9562,0.8,0.87,0.8,0.898,0.882,esmfold2,fast_loop10_samplingsteps68
1yy6,42,2,0.927,0.955,0.8235,0.869,0.823,0.904,0.882,esmfold2,fast_loop10_samplingsteps68
1yy6,42,3,0.8892,0.9163,1.3352,0.859,1.335,0.941,0.882,esmfold2,fast_loop10_samplingsteps68
1yy6,42,4,0.9283,0.9568,0.628,0.889,0.628,0.841,0.912,esmfold2,fast_loop10_samplingsteps68
1yy6,43,0,0.9274,0.9555,0.7733,0.882,0.773,0.883,0.912,esmfold2,fast_loop10_samplingsteps68
1yy6,43,1,0.913,0.9443,0.7396,0.879,0.74,0.906,0.912,esmfold2,fast_loop10_samplingsteps68
1yy6,43,2,0.9274,0.9568,0.4913,0.897,0.491,0.856,0.941,esmfold2,fast_loop10_samplingsteps68
1yy6,43,3,0.9281,0.9557,0.8566,0.876,0.857,0.922,0.912,esmfold2,fast_loop10_samplingsteps68
1yy6,43,4,0.9269,0.955,0.6972,0.871,0.697,0.897,0.882,esmfold2,fast_loop10_samplingsteps68
1yy6,44,0,0.9283,0.9562,0.7336,0.882,0.734,0.883,0.912,esmfold2,fast_loop10_samplingsteps68
1yy6,44,1,0.9087,0.9529,0.4992,0.89,0.499,0.773,0.882,esmfold2,fast_loop10_samplingsteps68
1yy6,44,2,0.9282,0.9562,0.6359,0.884,0.636,0.876,0.912,esmfold2,fast_loop10_samplingsteps68
1yy6,44,3,0.9154,0.9492,0.628,0.904,0.628,0.874,0.971,esmfold2,fast_loop10_samplingsteps68
1yy6,44,4,0.9282,0.9564,0.747,0.894,0.747,0.87,0.941,esmfold2,fast_loop10_samplingsteps68
2aij,42,0,0.8239,0.9288,1.2918,0.693,1.292,2.203,0.786,esmfold2,fast_loop10_samplingsteps68
2aij,42,1,0.8447,0.9377,0.8052,0.715,0.805,1.97,0.786,esmfold2,fast_loop10_samplingsteps68
2aij,42,2,0.8374,0.9385,1.0765,0.698,1.077,2.291,0.81,esmfold2,fast_loop10_samplingsteps68
2aij,42,3,0.8424,0.9379,0.6145,0.734,0.615,1.947,0.833,esmfold2,fast_loop10_samplingsteps68
2aij,42,4,0.8368,0.9343,0.8692,0.685,0.869,2.155,0.738,esmfold2,fast_loop10_samplingsteps68
2aij,43,0,0.8405,0.9361,0.7634,0.708,0.763,1.961,0.762,esmfold2,fast_loop10_samplingsteps68
2aij,43,1,0.8448,0.9385,0.6846,0.725,0.685,2.057,0.833,esmfold2,fast_loop10_samplingsteps68
2aij,43,2,0.8402,0.9351,0.9207,0.693,0.921,2.144,0.762,esmfold2,fast_loop10_samplingsteps68
2aij,43,3,0.8411,0.935,0.7381,0.745,0.738,1.892,0.857,esmfold2,fast_loop10_samplingsteps68
2aij,43,4,0.8238,0.9296,1.1159,0.694,1.116,2.105,0.762,esmfold2,fast_loop10_samplingsteps68
2aij,44,0,0.8316,0.9336,1.0586,0.706,1.059,2.058,0.786,esmfold2,fast_loop10_samplingsteps68
2aij,44,1,0.841,0.9389,1.0023,0.699,1.002,2.166,0.786,esmfold2,fast_loop10_samplingsteps68
2aij,44,2,0.8423,0.9373,0.7669,0.742,0.767,1.925,0.857,esmfold2,fast_loop10_samplingsteps68
2aij,44,3,0.8384,0.9358,0.9804,0.711,0.98,2.0,0.786,esmfold2,fast_loop10_samplingsteps68
2aij,44,4,0.8446,0.9395,0.8999,0.715,0.9,1.953,0.786,esmfold2,fast_loop10_samplingsteps68
2aq9,42,0,0.3768,0.3344,8.2303,0.272,8.23,3.846,0.167,esmfold2,fast_loop10_samplingsteps68
2aq9,42,1,0.2888,0.1879,7.959,0.301,7.959,3.58,0.222,esmfold2,fast_loop10_samplingsteps68
2aq9,42,2,0.3626,0.2904,9.7347,0.196,9.735,4.508,0.056,esmfold2,fast_loop10_samplingsteps68
2aq9,42,3,0.3333,0.2497,30.8713,0.029,30.871,11.439,0.0,esmfold2,fast_loop10_samplingsteps68
2aq9,42,4,0.3266,0.2323,9.2494,0.198,9.249,3.771,0.0,esmfold2,fast_loop10_samplingsteps68
2aq9,43,0,0.3617,0.3206,9.7358,0.195,9.736,4.559,0.056,esmfold2,fast_loop10_samplingsteps68
2aq9,43,1,0.3047,0.1815,30.1605,0.031,30.16,11.013,0.0,esmfold2,fast_loop10_samplingsteps68
2aq9,43,2,0.3262,0.2589,12.81,0.165,12.81,5.18,0.111,esmfold2,fast_loop10_samplingsteps68
2aq9,43,3,0.3758,0.3212,30.534,0.03,30.534,11.441,0.0,esmfold2,fast_loop10_samplingsteps68
2aq9,43,4,0.3545,0.2618,9.7282,0.181,9.728,4.291,0.0,esmfold2,fast_loop10_samplingsteps68
2aq9,44,0,0.3026,0.2371,8.8624,0.256,8.862,3.999,0.167,esmfold2,fast_loop10_samplingsteps68
2aq9,44,1,0.3416,0.2924,9.3972,0.205,9.397,4.274,0.056,esmfold2,fast_loop10_samplingsteps68
2aq9,44,2,0.3552,0.2874,7.9158,0.262,7.916,3.72,0.111,esmfold2,fast_loop10_samplingsteps68
2aq9,44,3,0.3668,0.313,8.6214,0.225,8.621,3.956,0.056,esmfold2,fast_loop10_samplingsteps68
2aq9,44,4,0.3324,0.2828,9.7818,0.177,9.782,4.482,0.0,esmfold2,fast_loop10_samplingsteps68
2c3i,42,0,0.8976,0.9747,0.5142,0.958,0.514,0.21,0.897,esmfold2,fast_loop10_samplingsteps68
2c3i,42,1,0.8959,0.9747,0.6204,0.965,0.62,0.236,0.923,esmfold2,fast_loop10_samplingsteps68
2c3i,42,2,0.8957,0.9756,0.6639,0.955,0.664,0.241,0.897,esmfold2,fast_loop10_samplingsteps68
2c3i,42,3,0.8965,0.9751,0.4211,0.96,0.421,0.193,0.897,esmfold2,fast_loop10_samplingsteps68
2c3i,42,4,0.8961,0.9751,0.7887,0.96,0.789,0.283,0.923,esmfold2,fast_loop10_samplingsteps68
2c3i,43,0,0.8971,0.9757,0.6512,0.955,0.651,0.246,0.897,esmfold2,fast_loop10_samplingsteps68
2c3i,43,1,0.8956,0.9755,0.5643,0.957,0.564,0.221,0.897,esmfold2,fast_loop10_samplingsteps68
2c3i,43,2,0.8942,0.9747,0.5878,0.957,0.588,0.225,0.897,esmfold2,fast_loop10_samplingsteps68
2c3i,43,3,0.8964,0.9756,0.7435,0.96,0.743,0.286,0.923,esmfold2,fast_loop10_samplingsteps68
2c3i,43,4,0.8935,0.9748,0.6595,0.955,0.659,0.242,0.897,esmfold2,fast_loop10_samplingsteps68
2c3i,44,0,0.8945,0.9755,0.6471,0.954,0.647,0.264,0.897,esmfold2,fast_loop10_samplingsteps68
2c3i,44,1,0.8976,0.9752,0.5437,0.958,0.544,0.205,0.897,esmfold2,fast_loop10_samplingsteps68
2c3i,44,2,0.8951,0.9761,0.5811,0.965,0.581,0.23,0.923,esmfold2,fast_loop10_samplingsteps68
2c3i,44,3,0.8946,0.974,0.8507,0.951,0.851,0.289,0.897,esmfold2,fast_loop10_samplingsteps68
2c3i,44,4,0.8964,0.9757,0.6187,0.956,0.619,0.235,0.897,esmfold2,fast_loop10_samplingsteps68
2cch,42,0,0.768,0.8519,2.3028,0.862,2.303,0.927,0.93,esmfold2,fast_loop10_samplingsteps68
2cch,42,1,0.7695,0.8572,1.5458,0.909,1.546,0.626,0.907,esmfold2,fast_loop10_samplingsteps68
2cch,42,2,0.7905,0.8787,0.6605,0.979,0.661,0.274,0.977,esmfold2,fast_loop10_samplingsteps68
2cch,42,3,0.7681,0.8539,2.0909,0.872,2.091,0.885,0.93,esmfold2,fast_loop10_samplingsteps68
2cch,42,4,0.7931,0.8798,0.782,0.978,0.782,0.286,0.977,esmfold2,fast_loop10_samplingsteps68
2cch,43,0,0.7877,0.8745,0.9141,0.956,0.914,0.351,0.93,esmfold2,fast_loop10_samplingsteps68
2cch,43,1,0.7591,0.8461,2.3566,0.864,2.357,0.907,0.93,esmfold2,fast_loop10_samplingsteps68
2cch,43,2,0.792,0.8796,1.1145,0.977,1.114,0.256,0.977,esmfold2,fast_loop10_samplingsteps68
2cch,43,3,0.7902,0.8754,0.8094,0.968,0.809,0.311,0.953,esmfold2,fast_loop10_samplingsteps68
2cch,43,4,0.791,0.8804,1.039,0.964,1.039,0.33,0.953,esmfold2,fast_loop10_samplingsteps68
2cch,44,0,0.7583,0.8474,2.5535,0.828,2.554,1.023,0.884,esmfold2,fast_loop10_samplingsteps68
2cch,44,1,0.7906,0.8773,0.514,0.983,0.514,0.242,0.977,esmfold2,fast_loop10_samplingsteps68
2cch,44,2,0.7943,0.8818,0.8379,0.98,0.838,0.245,0.977,esmfold2,fast_loop10_samplingsteps68
2cch,44,3,0.7856,0.8702,0.9065,0.961,0.907,0.374,0.953,esmfold2,fast_loop10_samplingsteps68
2cch,44,4,0.7902,0.8769,0.9769,0.975,0.977,0.304,0.977,esmfold2,fast_loop10_samplingsteps68
2cny,42,0,0.9489,0.9538,0.4473,0.942,0.447,0.606,0.969,esmfold2,fast_loop10_samplingsteps68
2cny,42,1,0.9484,0.9539,0.4916,0.94,0.492,0.617,0.969,esmfold2,fast_loop10_samplingsteps68
2cny,42,2,0.9479,0.9541,0.3931,0.946,0.393,0.573,0.969,esmfold2,fast_loop10_samplingsteps68
2cny,42,3,0.9459,0.9532,0.4876,0.934,0.488,0.661,0.969,esmfold2,fast_loop10_samplingsteps68
2cny,42,4,0.9478,0.9533,0.4545,0.948,0.454,0.588,0.979,esmfold2,fast_loop10_samplingsteps68
2cny,43,0,0.9501,0.955,0.5042,0.937,0.504,0.668,0.979,esmfold2,fast_loop10_samplingsteps68
2cny,43,1,0.9461,0.9507,0.555,0.929,0.555,0.7,0.969,esmfold2,fast_loop10_samplingsteps68
2cny,43,2,0.9487,0.9537,0.5025,0.938,0.502,0.636,0.969,esmfold2,fast_loop10_samplingsteps68
2cny,43,3,0.9476,0.9529,0.4862,0.938,0.486,0.634,0.969,esmfold2,fast_loop10_samplingsteps68
2cny,43,4,0.9484,0.9535,0.4672,0.942,0.467,0.603,0.969,esmfold2,fast_loop10_samplingsteps68
2cny,44,0,0.9492,0.9539,0.4774,0.937,0.477,0.617,0.958,esmfold2,fast_loop10_samplingsteps68
2cny,44,1,0.9495,0.9542,0.4357,0.946,0.436,0.577,0.969,esmfold2,fast_loop10_samplingsteps68
2cny,44,2,0.9483,0.9544,0.4089,0.947,0.409,0.593,0.979,esmfold2,fast_loop10_samplingsteps68
2cny,44,3,0.9488,0.9535,0.428,0.95,0.428,0.57,0.979,esmfold2,fast_loop10_samplingsteps68
2cny,44,4,0.9491,0.9542,0.5114,0.934,0.511,0.638,0.958,esmfold2,fast_loop10_samplingsteps68
2e4h,42,0,0.5446,0.5584,8.1914,0.481,8.191,2.97,0.72,esmfold2,fast_loop10_samplingsteps68
2e4h,42,1,0.5418,0.5548,6.046,0.553,6.046,2.209,0.68,esmfold2,fast_loop10_samplingsteps68
2e4h,42,2,0.5566,0.5961,5.7431,0.586,5.743,2.036,0.72,esmfold2,fast_loop10_samplingsteps68
2e4h,42,3,0.5387,0.5672,5.3847,0.588,5.385,1.961,0.68,esmfold2,fast_loop10_samplingsteps68
2e4h,42,4,0.5506,0.5872,4.3418,0.7,4.342,1.6,0.84,esmfold2,fast_loop10_samplingsteps68
2e4h,43,0,0.5502,0.5895,5.0699,0.624,5.07,1.779,0.72,esmfold2,fast_loop10_samplingsteps68
2e4h,43,1,0.5545,0.5867,3.1764,0.719,3.176,1.441,0.76,esmfold2,fast_loop10_samplingsteps68
2e4h,43,2,0.5554,0.5713,6.0781,0.588,6.078,2.082,0.76,esmfold2,fast_loop10_samplingsteps68
2e4h,43,3,0.5392,0.5658,6.2719,0.556,6.272,2.282,0.72,esmfold2,fast_loop10_samplingsteps68
2e4h,43,4,0.5543,0.5744,4.0499,0.682,4.05,1.588,0.76,esmfold2,fast_loop10_samplingsteps68
2e4h,44,0,0.5549,0.5749,2.5493,0.724,2.549,1.287,0.68,esmfold2,fast_loop10_samplingsteps68
2e4h,44,1,0.5565,0.5721,8.2985,0.477,8.299,3.008,0.72,esmfold2,fast_loop10_samplingsteps68
2e4h,44,2,0.5465,0.5697,7.562,0.492,7.562,2.681,0.68,esmfold2,fast_loop10_samplingsteps68
2e4h,44,3,0.5363,0.5665,7.0285,0.484,7.028,2.542,0.6,esmfold2,fast_loop10_samplingsteps68
2e4h,44,4,0.5494,0.5879,5.767,0.58,5.767,2.117,0.72,esmfold2,fast_loop10_samplingsteps68
2fgr,42,0,0.3465,0.4679,23.7994,0.045,23.799,9.81,0.0,esmfold2,fast_loop10_samplingsteps68
2fgr,42,1,0.3413,0.4397,27.1073,0.036,27.107,10.928,0.0,esmfold2,fast_loop10_samplingsteps68
2fgr,42,2,0.3701,0.4861,22.1515,0.052,22.152,8.947,0.0,esmfold2,fast_loop10_samplingsteps68
2fgr,42,3,0.3647,0.4841,23.2479,0.048,23.248,9.43,0.0,esmfold2,fast_loop10_samplingsteps68
2fgr,42,4,0.3253,0.4212,27.872,0.034,27.872,11.449,0.0,esmfold2,fast_loop10_samplingsteps68
2fgr,43,0,0.3668,0.4815,21.8247,0.053,21.825,8.8,0.0,esmfold2,fast_loop10_samplingsteps68
2fgr,43,1,0.3457,0.4613,26.795,0.037,26.795,10.941,0.0,esmfold2,fast_loop10_samplingsteps68
2fgr,43,2,0.357,0.4662,20.4182,0.073,20.418,8.171,0.038,esmfold2,fast_loop10_samplingsteps68
2fgr,43,3,0.3504,0.4637,21.5126,0.068,21.513,8.597,0.038,esmfold2,fast_loop10_samplingsteps68
2fgr,43,4,0.3501,0.4575,22.4618,0.051,22.462,8.92,0.0,esmfold2,fast_loop10_samplingsteps68
2fgr,44,0,0.3046,0.3977,29.7092,0.03,29.709,12.046,0.0,esmfold2,fast_loop10_samplingsteps68
2fgr,44,1,0.3426,0.4396,19.6084,0.077,19.608,7.873,0.038,esmfold2,fast_loop10_samplingsteps68
2fgr,44,2,0.3528,0.462,21.4801,0.068,21.48,8.693,0.038,esmfold2,fast_loop10_samplingsteps68
2fgr,44,3,0.349,0.4653,25.0607,0.041,25.061,10.278,0.0,esmfold2,fast_loop10_samplingsteps68
2fgr,44,4,0.3354,0.4204,25.0593,0.041,25.059,10.201,0.0,esmfold2,fast_loop10_samplingsteps68
2fka,42,0,0.8278,0.8222,1.4641,0.927,1.464,0.609,0.952,esmfold2,fast_loop10_samplingsteps68
2fka,42,1,0.8155,0.8086,1.2652,0.95,1.265,0.575,1.0,esmfold2,fast_loop10_samplingsteps68
2fka,42,2,0.8215,0.8134,1.0879,0.964,1.088,0.48,1.0,esmfold2,fast_loop10_samplingsteps68
2fka,42,3,0.8711,0.8683,1.2814,0.906,1.281,0.776,0.952,esmfold2,fast_loop10_samplingsteps68
2fka,42,4,0.8213,0.8152,1.2783,0.956,1.278,0.526,1.0,esmfold2,fast_loop10_samplingsteps68
2fka,43,0,0.8666,0.8639,1.3626,0.903,1.363,0.792,0.952,esmfold2,fast_loop10_samplingsteps68
2fka,43,1,0.8746,0.8727,1.2057,0.909,1.206,0.766,0.952,esmfold2,fast_loop10_samplingsteps68
2fka,43,2,0.826,0.8178,1.3315,0.952,1.331,0.551,1.0,esmfold2,fast_loop10_samplingsteps68
2fka,43,3,0.8329,0.8273,1.1844,0.941,1.184,0.524,0.952,esmfold2,fast_loop10_samplingsteps68
2fka,43,4,0.8322,0.8295,1.3329,0.953,1.333,0.545,1.0,esmfold2,fast_loop10_samplingsteps68
2fka,44,0,0.8224,0.8166,1.2707,0.954,1.271,0.542,1.0,esmfold2,fast_loop10_samplingsteps68
2fka,44,1,0.8792,0.878,1.3122,0.905,1.312,0.784,0.952,esmfold2,fast_loop10_samplingsteps68
2fka,44,2,0.8551,0.8509,1.3117,0.929,1.312,0.728,1.0,esmfold2,fast_loop10_samplingsteps68
2fka,44,3,0.8587,0.8555,1.3654,0.89,1.365,0.771,0.905,esmfold2,fast_loop10_samplingsteps68
2fka,44,4,0.8237,0.8197,1.4463,0.928,1.446,0.607,0.952,esmfold2,fast_loop10_samplingsteps68
2hpl,42,0,0.8819,0.8743,0.7271,0.97,0.727,0.299,0.957,esmfold2,fast_loop10_samplingsteps68
2hpl,42,1,0.8791,0.874,0.6032,0.972,0.603,0.282,0.957,esmfold2,fast_loop10_samplingsteps68
2hpl,42,2,0.8802,0.8782,0.4799,0.962,0.48,0.237,0.913,esmfold2,fast_loop10_samplingsteps68
2hpl,42,3,0.8795,0.8725,0.5338,0.989,0.534,0.255,1.0,esmfold2,fast_loop10_samplingsteps68
2hpl,42,4,0.8753,0.8743,0.7223,0.955,0.722,0.314,0.913,esmfold2,fast_loop10_samplingsteps68
2hpl,43,0,0.8753,0.8662,0.6201,0.959,0.62,0.269,0.913,esmfold2,fast_loop10_samplingsteps68
2hpl,43,1,0.879,0.8709,0.5489,0.989,0.549,0.262,1.0,esmfold2,fast_loop10_samplingsteps68
2hpl,43,2,0.8775,0.8744,0.6132,0.959,0.613,0.266,0.913,esmfold2,fast_loop10_samplingsteps68
2hpl,43,3,0.8793,0.8771,0.5666,0.958,0.567,0.286,0.913,esmfold2,fast_loop10_samplingsteps68
2hpl,43,4,0.8795,0.8709,0.609,0.973,0.609,0.273,0.957,esmfold2,fast_loop10_samplingsteps68
2hpl,44,0,0.8815,0.8777,0.593,0.988,0.593,0.265,1.0,esmfold2,fast_loop10_samplingsteps68
2hpl,44,1,0.8801,0.8732,0.5097,0.974,0.51,0.264,0.957,esmfold2,fast_loop10_samplingsteps68
2hpl,44,2,0.8642,0.8653,0.8604,0.954,0.86,0.308,0.913,esmfold2,fast_loop10_samplingsteps68
2hpl,44,3,0.8808,0.8769,0.6198,0.987,0.62,0.28,1.0,esmfold2,fast_loop10_samplingsteps68
2hpl,44,4,0.8827,0.8801,0.7851,0.97,0.785,0.299,0.957,esmfold2,fast_loop10_samplingsteps68
2ht9,42,0,0.3193,0.1203,26.9092,0.037,26.909,10.159,0.0,esmfold2,fast_loop10_samplingsteps68
2ht9,42,1,0.326,0.1318,13.3834,0.239,13.383,5.708,0.364,esmfold2,fast_loop10_samplingsteps68
2ht9,42,2,0.3433,0.1666,24.7083,0.046,24.708,8.036,0.0,esmfold2,fast_loop10_samplingsteps68
2ht9,42,3,0.3212,0.1414,27.3505,0.038,27.35,9.006,0.0,esmfold2,fast_loop10_samplingsteps68
2ht9,42,4,0.3416,0.1619,23.1309,0.052,23.131,7.791,0.0,esmfold2,fast_loop10_samplingsteps68
2ht9,43,0,0.3231,0.133,28.3398,0.035,28.34,9.923,0.0,esmfold2,fast_loop10_samplingsteps68
2ht9,43,1,0.3092,0.0975,22.203,0.051,22.203,9.54,0.0,esmfold2,fast_loop10_samplingsteps68
2ht9,43,2,0.3242,0.1229,25.9635,0.04,25.964,9.702,0.0,esmfold2,fast_loop10_samplingsteps68
2ht9,43,3,0.3079,0.1256,27.2882,0.037,27.288,9.762,0.0,esmfold2,fast_loop10_samplingsteps68
2ht9,43,4,0.3221,0.126,26.5569,0.038,26.557,10.141,0.0,esmfold2,fast_loop10_samplingsteps68
2ht9,44,0,0.329,0.1189,13.4552,0.121,13.455,5.144,0.0,esmfold2,fast_loop10_samplingsteps68
2ht9,44,1,0.3701,0.1901,24.9528,0.046,24.953,8.075,0.0,esmfold2,fast_loop10_samplingsteps68
2ht9,44,2,0.3337,0.1518,32.908,0.027,32.908,11.357,0.0,esmfold2,fast_loop10_samplingsteps68
2ht9,44,3,0.3499,0.1815,27.2016,0.039,27.202,8.711,0.0,esmfold2,fast_loop10_samplingsteps68
2ht9,44,4,0.3239,0.1524,27.3591,0.038,27.359,9.064,0.0,esmfold2,fast_loop10_samplingsteps68
2i94,42,0,0.6118,0.6654,13.7653,0.144,13.765,6.645,0.106,esmfold2,fast_loop10_samplingsteps68
2i94,42,1,0.6428,0.7099,13.0376,0.167,13.038,6.267,0.149,esmfold2,fast_loop10_samplingsteps68
2i94,42,2,0.6566,0.7245,13.1163,0.166,13.116,6.341,0.149,esmfold2,fast_loop10_samplingsteps68
2i94,42,3,0.6279,0.6921,13.0609,0.167,13.061,6.318,0.149,esmfold2,fast_loop10_samplingsteps68
2i94,42,4,0.6289,0.6829,13.6401,0.152,13.64,6.534,0.128,esmfold2,fast_loop10_samplingsteps68
2i94,43,0,0.6397,0.7021,13.0309,0.167,13.031,6.226,0.149,esmfold2,fast_loop10_samplingsteps68
2i94,43,1,0.6479,0.7146,13.0912,0.152,13.091,6.276,0.106,esmfold2,fast_loop10_samplingsteps68
2i94,43,2,0.633,0.6932,13.4029,0.148,13.403,6.441,0.106,esmfold2,fast_loop10_samplingsteps68
2i94,43,3,0.6163,0.6795,13.1247,0.152,13.125,6.331,0.106,esmfold2,fast_loop10_samplingsteps68
2i94,43,4,0.6229,0.6943,12.7347,0.171,12.735,6.254,0.149,esmfold2,fast_loop10_samplingsteps68
2i94,44,0,0.615,0.6757,14.7345,0.14,14.735,7.092,0.128,esmfold2,fast_loop10_samplingsteps68
2i94,44,1,0.6271,0.6902,13.3304,0.163,13.33,6.405,0.149,esmfold2,fast_loop10_samplingsteps68
2i94,44,2,0.6021,0.6725,14.4601,0.143,14.46,6.955,0.128,esmfold2,fast_loop10_samplingsteps68
2i94,44,3,0.6303,0.6918,13.0605,0.167,13.061,6.238,0.149,esmfold2,fast_loop10_samplingsteps68
2i94,44,4,0.6269,0.6782,13.0423,0.167,13.042,6.299,0.149,esmfold2,fast_loop10_samplingsteps68
2ivz,42,0,0.9109,0.9676,1.1659,0.9,1.166,0.856,0.963,esmfold2,fast_loop10_samplingsteps68
2ivz,42,1,0.9151,0.9704,0.8077,0.917,0.808,0.759,0.963,esmfold2,fast_loop10_samplingsteps68
2ivz,42,2,0.9169,0.9718,0.73,0.917,0.73,0.758,0.963,esmfold2,fast_loop10_samplingsteps68
2ivz,42,3,0.9156,0.9707,0.644,0.922,0.644,0.732,0.963,esmfold2,fast_loop10_samplingsteps68
2ivz,42,4,0.9147,0.9706,0.7755,0.918,0.775,0.749,0.963,esmfold2,fast_loop10_samplingsteps68
2ivz,43,0,0.9144,0.9701,0.7672,0.918,0.767,0.75,0.963,esmfold2,fast_loop10_samplingsteps68
2ivz,43,1,0.9133,0.9693,0.9936,0.91,0.994,0.793,0.963,esmfold2,fast_loop10_samplingsteps68
2ivz,43,2,0.9152,0.9709,0.7248,0.911,0.725,0.762,0.944,esmfold2,fast_loop10_samplingsteps68
2ivz,43,3,0.9148,0.9706,0.7916,0.918,0.792,0.749,0.963,esmfold2,fast_loop10_samplingsteps68
2ivz,43,4,0.9148,0.9703,0.8535,0.919,0.854,0.742,0.963,esmfold2,fast_loop10_samplingsteps68
2ivz,44,0,0.9141,0.9702,0.7981,0.92,0.798,0.735,0.963,esmfold2,fast_loop10_samplingsteps68
2ivz,44,1,0.9159,0.9714,0.7649,0.919,0.765,0.748,0.963,esmfold2,fast_loop10_samplingsteps68
2ivz,44,2,0.9151,0.9702,0.8247,0.919,0.825,0.74,0.963,esmfold2,fast_loop10_samplingsteps68
2ivz,44,3,0.9158,0.9711,0.922,0.912,0.922,0.788,0.963,esmfold2,fast_loop10_samplingsteps68
2ivz,44,4,0.918,0.9721,0.783,0.916,0.783,0.767,0.963,esmfold2,fast_loop10_samplingsteps68
2jkg,42,0,0.5639,0.4861,1.9732,0.818,1.973,0.891,0.765,esmfold2,fast_loop10_samplingsteps68
2jkg,42,1,0.4665,0.3095,13.5697,0.193,13.57,5.792,0.235,esmfold2,fast_loop10_samplingsteps68
2jkg,42,2,0.5023,0.3761,2.3815,0.671,2.381,1.043,0.412,esmfold2,fast_loop10_samplingsteps68
2jkg,42,3,0.5544,0.4633,3.9537,0.615,3.954,1.521,0.529,esmfold2,fast_loop10_samplingsteps68
2jkg,42,4,0.5745,0.5057,2.4201,0.77,2.42,1.028,0.706,esmfold2,fast_loop10_samplingsteps68
2jkg,43,0,0.544,0.4497,3.3508,0.712,3.351,1.317,0.706,esmfold2,fast_loop10_samplingsteps68
2jkg,43,1,0.5459,0.4496,2.5677,0.728,2.568,1.03,0.588,esmfold2,fast_loop10_samplingsteps68
2jkg,43,2,0.5064,0.3672,3.0961,0.655,3.096,1.195,0.471,esmfold2,fast_loop10_samplingsteps68
2jkg,43,3,0.5025,0.3878,4.5399,0.583,4.54,1.692,0.529,esmfold2,fast_loop10_samplingsteps68
2jkg,43,4,0.5462,0.4651,2.2344,0.738,2.234,1.005,0.588,esmfold2,fast_loop10_samplingsteps68
2jkg,44,0,0.5167,0.3869,3.4196,0.628,3.42,1.348,0.471,esmfold2,fast_loop10_samplingsteps68
2jkg,44,1,0.5631,0.475,3.4935,0.686,3.493,1.344,0.647,esmfold2,fast_loop10_samplingsteps68
2jkg,44,2,0.5325,0.4306,3.1711,0.683,3.171,1.269,0.588,esmfold2,fast_loop10_samplingsteps68
2jkg,44,3,0.4654,0.3125,13.9126,0.17,13.913,5.875,0.176,esmfold2,fast_loop10_samplingsteps68
2jkg,44,4,0.5714,0.4954,2.8937,0.746,2.894,1.132,0.706,esmfold2,fast_loop10_samplingsteps68
2jnw,42,0,0.7739,0.8479,2.7347,0.778,2.735,1.328,0.868,esmfold2,fast_loop10_samplingsteps68
2jnw,42,1,0.7553,0.851,2.6009,0.778,2.601,1.282,0.842,esmfold2,fast_loop10_samplingsteps68
2jnw,42,2,0.7739,0.8459,2.8954,0.769,2.895,1.378,0.868,esmfold2,fast_loop10_samplingsteps68
2jnw,42,3,0.7703,0.8469,3.0004,0.754,3.0,1.408,0.842,esmfold2,fast_loop10_samplingsteps68
2jnw,42,4,0.7734,0.8498,2.2754,0.805,2.275,1.192,0.868,esmfold2,fast_loop10_samplingsteps68
2jnw,43,0,0.7722,0.8348,2.3849,0.791,2.385,1.212,0.842,esmfold2,fast_loop10_samplingsteps68
2jnw,43,1,0.7658,0.8434,2.5265,0.781,2.527,1.271,0.842,esmfold2,fast_loop10_samplingsteps68
2jnw,43,2,0.7738,0.8388,2.7419,0.762,2.742,1.316,0.816,esmfold2,fast_loop10_samplingsteps68
2jnw,43,3,0.7721,0.8497,3.2118,0.75,3.212,1.479,0.868,esmfold2,fast_loop10_samplingsteps68
2jnw,43,4,0.7697,0.846,2.1957,0.802,2.196,1.157,0.842,esmfold2,fast_loop10_samplingsteps68
2jnw,44,0,0.7794,0.8477,2.8252,0.774,2.825,1.35,0.868,esmfold2,fast_loop10_samplingsteps68
2jnw,44,1,0.7666,0.8495,3.5663,0.733,3.566,1.562,0.868,esmfold2,fast_loop10_samplingsteps68
2jnw,44,2,0.769,0.8475,2.9564,0.766,2.956,1.391,0.868,esmfold2,fast_loop10_samplingsteps68
2jnw,44,3,0.7617,0.8464,2.6607,0.774,2.661,1.301,0.842,esmfold2,fast_loop10_samplingsteps68
2jnw,44,4,0.7618,0.8453,4.05,0.693,4.05,1.757,0.842,esmfold2,fast_loop10_samplingsteps68
2jqk,42,0,0.808,0.8107,3.5737,0.741,3.574,1.636,0.917,esmfold2,fast_loop10_samplingsteps68
2jqk,42,1,0.7839,0.7668,3.5078,0.748,3.508,1.585,0.917,esmfold2,fast_loop10_samplingsteps68
2jqk,42,2,0.8095,0.8143,3.4966,0.75,3.497,1.566,0.917,esmfold2,fast_loop10_samplingsteps68
2jqk,42,3,0.7798,0.7903,2.5763,0.798,2.576,1.323,0.917,esmfold2,fast_loop10_samplingsteps68
2jqk,42,4,0.8146,0.8237,3.2739,0.761,3.274,1.515,0.917,esmfold2,fast_loop10_samplingsteps68
2jqk,43,0,0.8092,0.8097,3.1412,0.778,3.141,1.392,0.917,esmfold2,fast_loop10_samplingsteps68
2jqk,43,1,0.7795,0.7742,3.5666,0.723,3.567,1.833,0.917,esmfold2,fast_loop10_samplingsteps68
2jqk,43,2,0.8148,0.8176,3.3996,0.755,3.4,1.542,0.917,esmfold2,fast_loop10_samplingsteps68
2jqk,43,3,0.8067,0.8071,3.204,0.769,3.204,1.46,0.917,esmfold2,fast_loop10_samplingsteps68
2jqk,43,4,0.7763,0.7723,2.975,0.764,2.975,1.544,0.917,esmfold2,fast_loop10_samplingsteps68
2jqk,44,0,0.8087,0.8068,3.0672,0.778,3.067,1.405,0.917,esmfold2,fast_loop10_samplingsteps68
2jqk,44,1,0.7968,0.794,3.7034,0.73,3.703,1.713,0.917,esmfold2,fast_loop10_samplingsteps68
2jqk,44,2,0.7734,0.7558,3.5205,0.729,3.521,1.774,0.917,esmfold2,fast_loop10_samplingsteps68
2jqk,44,3,0.8097,0.8066,3.4056,0.754,3.406,1.553,0.917,esmfold2,fast_loop10_samplingsteps68
2jqk,44,4,0.8099,0.8094,3.1247,0.775,3.125,1.421,0.917,esmfold2,fast_loop10_samplingsteps68
2ka9,42,0,0.5811,0.5931,34.7049,0.025,34.705,10.992,0.0,esmfold2,fast_loop10_samplingsteps68
2ka9,42,1,0.5813,0.5938,33.6693,0.026,33.669,11.142,0.0,esmfold2,fast_loop10_samplingsteps68
2ka9,42,2,0.5761,0.5824,34.1332,0.026,34.133,10.723,0.0,esmfold2,fast_loop10_samplingsteps68
2ka9,42,3,0.5931,0.594,34.9438,0.025,34.944,11.128,0.0,esmfold2,fast_loop10_samplingsteps68
2ka9,42,4,0.5567,0.5428,44.5503,0.014,44.55,16.599,0.0,esmfold2,fast_loop10_samplingsteps68
2ka9,43,0,0.5944,0.6095,51.444,0.012,51.444,14.851,0.0,esmfold2,fast_loop10_samplingsteps68
2ka9,43,1,0.5995,0.6072,40.4989,0.019,40.499,11.968,0.0,esmfold2,fast_loop10_samplingsteps68
2ka9,43,2,0.5991,0.6084,33.6304,0.026,33.63,11.032,0.0,esmfold2,fast_loop10_samplingsteps68
2ka9,43,3,0.5475,0.535,43.1345,0.017,43.135,12.87,0.0,esmfold2,fast_loop10_samplingsteps68
2ka9,43,4,0.5696,0.584,34.8817,0.025,34.882,11.086,0.0,esmfold2,fast_loop10_samplingsteps68
2ka9,44,0,0.574,0.578,35.0643,0.024,35.064,11.138,0.0,esmfold2,fast_loop10_samplingsteps68
2ka9,44,1,0.2937,0.2339,11.7454,0.508,11.745,2.242,0.87,esmfold2,fast_loop10_samplingsteps68
2ka9,44,2,0.5725,0.5809,33.0521,0.027,33.052,10.549,0.0,esmfold2,fast_loop10_samplingsteps68
2ka9,44,3,0.5529,0.544,43.7155,0.016,43.715,13.896,0.0,esmfold2,fast_loop10_samplingsteps68
2ka9,44,4,0.2947,0.2355,18.8804,0.449,18.88,2.251,0.87,esmfold2,fast_loop10_samplingsteps68
2kbr,42,0,0.7525,0.7417,3.6236,0.642,3.624,1.925,0.703,esmfold2,fast_loop10_samplingsteps68
2kbr,42,1,0.7669,0.7719,3.0319,0.676,3.032,1.796,0.73,esmfold2,fast_loop10_samplingsteps68
2kbr,42,2,0.769,0.7655,3.0401,0.699,3.04,1.738,0.784,esmfold2,fast_loop10_samplingsteps68
2kbr,42,3,0.7711,0.7707,3.1716,0.678,3.172,1.744,0.73,esmfold2,fast_loop10_samplingsteps68
2kbr,42,4,0.7588,0.7531,2.8076,0.743,2.808,1.532,0.838,esmfold2,fast_loop10_samplingsteps68
2kbr,43,0,0.7555,0.759,3.1889,0.696,3.189,1.737,0.784,esmfold2,fast_loop10_samplingsteps68
2kbr,43,1,0.7622,0.7574,3.2858,0.66,3.286,1.804,0.703,esmfold2,fast_loop10_samplingsteps68
2kbr,43,2,0.7541,0.7641,2.5659,0.774,2.566,1.385,0.865,esmfold2,fast_loop10_samplingsteps68
2kbr,43,3,0.7626,0.7499,2.8967,0.717,2.897,1.683,0.811,esmfold2,fast_loop10_samplingsteps68
2kbr,43,4,0.7621,0.7648,2.8046,0.686,2.805,1.651,0.703,esmfold2,fast_loop10_samplingsteps68
2kbr,44,0,0.7687,0.7681,2.9651,0.68,2.965,1.677,0.703,esmfold2,fast_loop10_samplingsteps68
2kbr,44,1,0.7689,0.764,3.2617,0.671,3.262,1.797,0.73,esmfold2,fast_loop10_samplingsteps68
2kbr,44,2,0.7665,0.7654,3.2875,0.695,3.287,1.726,0.784,esmfold2,fast_loop10_samplingsteps68
2kbr,44,3,0.768,0.7701,3.4779,0.697,3.478,1.855,0.838,esmfold2,fast_loop10_samplingsteps68
2kbr,44,4,0.7696,0.7698,3.4166,0.682,3.417,1.828,0.784,esmfold2,fast_loop10_samplingsteps68
2ke1,42,0,0.6903,0.6435,3.7682,0.682,3.768,1.469,0.7,esmfold2,fast_loop10_samplingsteps68
2ke1,42,1,0.7214,0.6766,4.2178,0.621,4.218,2.52,0.8,esmfold2,fast_loop10_samplingsteps68
2ke1,42,2,0.7315,0.6926,2.6886,0.772,2.689,1.311,0.84,esmfold2,fast_loop10_samplingsteps68
2ke1,42,3,0.7087,0.6605,2.0882,0.801,2.088,1.28,0.88,esmfold2,fast_loop10_samplingsteps68
2ke1,42,4,0.6735,0.6099,3.6829,0.627,3.683,2.187,0.72,esmfold2,fast_loop10_samplingsteps68
2ke1,43,0,0.7097,0.6741,5.691,0.606,5.691,2.057,0.78,esmfold2,fast_loop10_samplingsteps68
2ke1,43,1,0.7235,0.6862,3.7391,0.709,3.739,1.656,0.84,esmfold2,fast_loop10_samplingsteps68
2ke1,43,2,0.7125,0.6682,4.7742,0.747,4.774,1.126,0.84,esmfold2,fast_loop10_samplingsteps68
2ke1,43,3,0.7049,0.6623,5.95,0.635,5.95,1.645,0.78,esmfold2,fast_loop10_samplingsteps68
2ke1,43,4,0.7193,0.6762,4.3523,0.727,4.352,1.151,0.76,esmfold2,fast_loop10_samplingsteps68
2ke1,44,0,0.7093,0.6601,1.9988,0.743,1.999,1.619,0.82,esmfold2,fast_loop10_samplingsteps68
2ke1,44,1,0.7293,0.693,3.3781,0.765,3.378,1.297,0.86,esmfold2,fast_loop10_samplingsteps68
2ke1,44,2,0.7218,0.6841,2.9427,0.794,2.943,1.057,0.82,esmfold2,fast_loop10_samplingsteps68
2ke1,44,3,0.723,0.6806,3.9248,0.776,3.925,1.021,0.82,esmfold2,fast_loop10_samplingsteps68
2ke1,44,4,0.7152,0.6695,5.2963,0.736,5.296,1.109,0.84,esmfold2,fast_loop10_samplingsteps68
2khh,42,0,0.6797,0.5729,3.319,0.647,3.319,2.4,0.793,esmfold2,fast_loop10_samplingsteps68
2khh,42,1,0.6812,0.5693,3.6057,0.64,3.606,2.411,0.793,esmfold2,fast_loop10_samplingsteps68
2khh,42,2,0.6693,0.5549,2.3009,0.669,2.301,2.201,0.759,esmfold2,fast_loop10_samplingsteps68
2khh,42,3,0.6711,0.5673,2.3152,0.686,2.315,2.117,0.793,esmfold2,fast_loop10_samplingsteps68
2khh,42,4,0.6513,0.5445,1.9687,0.673,1.969,2.065,0.724,esmfold2,fast_loop10_samplingsteps68
2khh,43,0,0.6855,0.5744,2.7893,0.671,2.789,2.394,0.828,esmfold2,fast_loop10_samplingsteps68
2khh,43,1,0.6794,0.5736,3.6136,0.622,3.614,2.524,0.759,esmfold2,fast_loop10_samplingsteps68
2khh,43,2,0.6714,0.5587,2.7572,0.656,2.757,2.269,0.759,esmfold2,fast_loop10_samplingsteps68
2khh,43,3,0.6576,0.5561,4.0691,0.584,4.069,2.603,0.69,esmfold2,fast_loop10_samplingsteps68
2khh,43,4,0.6513,0.5109,3.7122,0.615,3.712,2.626,0.759,esmfold2,fast_loop10_samplingsteps68
2khh,44,0,0.6664,0.543,3.5036,0.643,3.504,2.404,0.793,esmfold2,fast_loop10_samplingsteps68
2khh,44,1,0.6515,0.5556,2.8742,0.648,2.874,2.351,0.759,esmfold2,fast_loop10_samplingsteps68
2khh,44,2,0.6662,0.5631,3.401,0.631,3.401,2.455,0.759,esmfold2,fast_loop10_samplingsteps68
2khh,44,3,0.6683,0.556,3.0934,0.636,3.093,2.483,0.759,esmfold2,fast_loop10_samplingsteps68
2khh,44,4,0.6874,0.5796,3.3365,0.619,3.336,2.493,0.724,esmfold2,fast_loop10_samplingsteps68
2koh,42,0,0.5464,0.6152,10.7456,0.485,10.746,2.952,0.865,esmfold2,fast_loop10_samplingsteps68
2koh,42,1,0.5107,0.6347,12.7951,0.449,12.795,2.553,0.784,esmfold2,fast_loop10_samplingsteps68
2koh,42,2,0.5439,0.6299,11.2783,0.466,11.278,3.012,0.838,esmfold2,fast_loop10_samplingsteps68
2koh,42,3,0.4932,0.6189,21.063,0.308,21.063,5.045,0.703,esmfold2,fast_loop10_samplingsteps68
2koh,42,4,0.4932,0.6445,15.1072,0.377,15.107,3.81,0.757,esmfold2,fast_loop10_samplingsteps68
2koh,43,0,0.5082,0.6364,12.0663,0.417,12.066,4.28,0.811,esmfold2,fast_loop10_samplingsteps68
2koh,43,1,0.5273,0.6137,8.4388,0.504,8.439,3.031,0.811,esmfold2,fast_loop10_samplingsteps68
2koh,43,2,0.5194,0.6233,5.2637,0.619,5.264,2.163,0.811,esmfold2,fast_loop10_samplingsteps68
2koh,43,3,0.5433,0.623,10.3204,0.476,10.32,3.125,0.838,esmfold2,fast_loop10_samplingsteps68
2koh,43,4,0.5519,0.6275,10.8878,0.472,10.888,2.764,0.811,esmfold2,fast_loop10_samplingsteps68
2koh,44,0,0.515,0.6124,10.0115,0.527,10.011,2.3,0.865,esmfold2,fast_loop10_samplingsteps68
2koh,44,1,0.4938,0.6242,7.9074,0.521,7.907,2.646,0.784,esmfold2,fast_loop10_samplingsteps68
2koh,44,2,0.5117,0.6333,13.7288,0.419,13.729,3.336,0.811,esmfold2,fast_loop10_samplingsteps68
2koh,44,3,0.5496,0.6331,9.2084,0.494,9.208,2.688,0.784,esmfold2,fast_loop10_samplingsteps68
2koh,44,4,0.5481,0.6225,8.7209,0.517,8.721,2.574,0.811,esmfold2,fast_loop10_samplingsteps68
2las,42,0,0.6813,0.693,4.4664,0.648,4.466,2.222,0.848,esmfold2,fast_loop10_samplingsteps68
2las,42,1,0.7062,0.6915,4.1201,0.635,4.12,2.246,0.788,esmfold2,fast_loop10_samplingsteps68
2las,42,2,0.7334,0.7156,4.0006,0.643,4.001,2.18,0.788,esmfold2,fast_loop10_samplingsteps68
2las,42,3,0.723,0.7065,3.7843,0.668,3.784,2.035,0.818,esmfold2,fast_loop10_samplingsteps68
2las,42,4,0.7219,0.7012,4.3866,0.631,4.387,2.21,0.788,esmfold2,fast_loop10_samplingsteps68
2las,43,0,0.7418,0.724,4.1656,0.64,4.166,2.164,0.788,esmfold2,fast_loop10_samplingsteps68
2las,43,1,0.7337,0.7135,4.1438,0.639,4.144,2.182,0.788,esmfold2,fast_loop10_samplingsteps68
2las,43,2,0.7324,0.7125,4.1459,0.636,4.146,2.226,0.788,esmfold2,fast_loop10_samplingsteps68
2las,43,3,0.7277,0.7059,4.573,0.621,4.573,2.296,0.788,esmfold2,fast_loop10_samplingsteps68
2las,43,4,0.7251,0.7094,4.2214,0.623,4.221,2.24,0.758,esmfold2,fast_loop10_samplingsteps68
2las,44,0,0.7253,0.7033,4.2331,0.634,4.233,2.218,0.788,esmfold2,fast_loop10_samplingsteps68
2las,44,1,0.7133,0.6921,4.144,0.642,4.144,2.133,0.788,esmfold2,fast_loop10_samplingsteps68
2las,44,2,0.7348,0.719,4.2977,0.636,4.298,2.17,0.788,esmfold2,fast_loop10_samplingsteps68
2las,44,3,0.7331,0.7204,4.2435,0.635,4.243,2.207,0.788,esmfold2,fast_loop10_samplingsteps68
2las,44,4,0.7259,0.7051,4.3496,0.631,4.35,2.219,0.788,esmfold2,fast_loop10_samplingsteps68
2lsi,42,0,0.7532,0.8881,4.5844,0.677,4.584,2.08,0.914,esmfold2,fast_loop10_samplingsteps68
2lsi,42,1,0.7507,0.8884,3.6921,0.7,3.692,2.072,0.914,esmfold2,fast_loop10_samplingsteps68
2lsi,42,2,0.7497,0.8875,3.1715,0.732,3.172,1.713,0.886,esmfold2,fast_loop10_samplingsteps68
2lsi,42,3,0.7515,0.8857,4.7474,0.648,4.747,2.485,0.914,esmfold2,fast_loop10_samplingsteps68
2lsi,42,4,0.7387,0.8825,3.9201,0.684,3.92,2.229,0.914,esmfold2,fast_loop10_samplingsteps68
2lsi,43,0,0.7552,0.8854,4.4659,0.674,4.466,2.324,0.943,esmfold2,fast_loop10_samplingsteps68
2lsi,43,1,0.7486,0.8936,3.3459,0.7,3.346,2.195,0.914,esmfold2,fast_loop10_samplingsteps68
2lsi,43,2,0.746,0.8921,4.821,0.656,4.821,2.474,0.943,esmfold2,fast_loop10_samplingsteps68
2lsi,43,3,0.747,0.8962,4.7456,0.656,4.746,2.339,0.914,esmfold2,fast_loop10_samplingsteps68
2lsi,43,4,0.7486,0.8891,3.8817,0.688,3.882,2.046,0.886,esmfold2,fast_loop10_samplingsteps68
2lsi,44,0,0.7389,0.8828,5.7713,0.62,5.771,2.53,0.914,esmfold2,fast_loop10_samplingsteps68
2lsi,44,1,0.7322,0.887,3.7897,0.677,3.79,2.227,0.886,esmfold2,fast_loop10_samplingsteps68
2lsi,44,2,0.746,0.8946,5.3065,0.628,5.307,2.409,0.886,esmfold2,fast_loop10_samplingsteps68
2lsi,44,3,0.7223,0.8799,4.083,0.668,4.083,2.413,0.914,esmfold2,fast_loop10_samplingsteps68
2lsi,44,4,0.7431,0.8924,3.2083,0.703,3.208,2.182,0.914,esmfold2,fast_loop10_samplingsteps68
2m0v,42,0,0.8256,0.903,3.4906,0.758,3.491,1.506,0.92,esmfold2,fast_loop10_samplingsteps68
2m0v,42,1,0.8263,0.9057,2.8394,0.77,2.839,1.526,0.92,esmfold2,fast_loop10_samplingsteps68
2m0v,42,2,0.8314,0.9096,3.3789,0.759,3.379,1.521,0.92,esmfold2,fast_loop10_samplingsteps68
2m0v,42,3,0.8191,0.9007,3.2458,0.716,3.246,1.573,0.8,esmfold2,fast_loop10_samplingsteps68
2m0v,42,4,0.7997,0.8868,2.5748,0.787,2.575,1.423,0.92,esmfold2,fast_loop10_samplingsteps68
2m0v,43,0,0.8195,0.8983,3.2458,0.762,3.246,1.523,0.92,esmfold2,fast_loop10_samplingsteps68
2m0v,43,1,0.8308,0.9074,3.0704,0.766,3.07,1.517,0.92,esmfold2,fast_loop10_samplingsteps68
2m0v,43,2,0.821,0.9013,3.008,0.753,3.008,1.533,0.88,esmfold2,fast_loop10_samplingsteps68
2m0v,43,3,0.8346,0.9116,2.951,0.769,2.951,1.512,0.92,esmfold2,fast_loop10_samplingsteps68
2m0v,43,4,0.8294,0.9084,3.1083,0.754,3.108,1.504,0.88,esmfold2,fast_loop10_samplingsteps68
2m0v,44,0,0.8244,0.9029,3.1565,0.766,3.156,1.507,0.92,esmfold2,fast_loop10_samplingsteps68
2m0v,44,1,0.8261,0.9047,2.7924,0.757,2.792,1.534,0.88,esmfold2,fast_loop10_samplingsteps68
2m0v,44,2,0.8236,0.901,3.08,0.766,3.08,1.52,0.92,esmfold2,fast_loop10_samplingsteps68
2m0v,44,3,0.8158,0.8968,3.1935,0.75,3.194,1.522,0.88,esmfold2,fast_loop10_samplingsteps68
2m0v,44,4,0.8265,0.9036,3.1047,0.737,3.105,1.535,0.84,esmfold2,fast_loop10_samplingsteps68
2nnu,42,0,0.6778,0.7571,17.3896,0.092,17.39,9.038,0.056,esmfold2,fast_loop10_samplingsteps68
2nnu,42,1,0.292,0.132,34.2565,0.023,34.257,14.721,0.0,esmfold2,fast_loop10_samplingsteps68
2nnu,42,2,0.6913,0.7926,17.7867,0.088,17.787,10.094,0.056,esmfold2,fast_loop10_samplingsteps68
2nnu,42,3,0.3135,0.1312,32.8372,0.024,32.837,14.835,0.0,esmfold2,fast_loop10_samplingsteps68
2nnu,42,4,0.7583,0.8313,20.1506,0.085,20.151,10.144,0.083,esmfold2,fast_loop10_samplingsteps68
2nnu,43,0,0.3452,0.1536,12.0552,0.142,12.055,13.85,0.083,esmfold2,fast_loop10_samplingsteps68
2nnu,43,1,0.7166,0.8019,17.1276,0.093,17.128,9.42,0.056,esmfold2,fast_loop10_samplingsteps68
2nnu,43,2,0.3014,0.1753,26.8804,0.061,26.88,15.57,0.083,esmfold2,fast_loop10_samplingsteps68
2nnu,43,3,0.7325,0.8032,18.8544,0.091,18.854,10.099,0.083,esmfold2,fast_loop10_samplingsteps68
2nnu,43,4,0.3393,0.1711,31.5095,0.028,31.509,12.051,0.0,esmfold2,fast_loop10_samplingsteps68
2nnu,44,0,0.3145,0.1545,28.0374,0.078,28.037,13.759,0.139,esmfold2,fast_loop10_samplingsteps68
2nnu,44,1,0.3006,0.1185,22.9311,0.045,22.931,12.434,0.0,esmfold2,fast_loop10_samplingsteps68
2nnu,44,2,0.7095,0.7919,18.8512,0.082,18.851,10.299,0.056,esmfold2,fast_loop10_samplingsteps68
2nnu,44,3,0.6993,0.7773,19.8294,0.087,19.829,9.87,0.083,esmfold2,fast_loop10_samplingsteps68
2nnu,44,4,0.6659,0.7588,17.5871,0.09,17.587,9.398,0.056,esmfold2,fast_loop10_samplingsteps68
2o9v,42,0,0.9213,0.8969,0.9745,0.943,0.975,0.438,0.92,esmfold2,fast_loop10_samplingsteps68
2o9v,42,1,0.921,0.8981,1.0629,0.936,1.063,0.488,0.92,esmfold2,fast_loop10_samplingsteps68
2o9v,42,2,0.9211,0.8972,0.97,0.944,0.97,0.431,0.92,esmfold2,fast_loop10_samplingsteps68
2o9v,42,3,0.9189,0.8926,0.9726,0.94,0.973,0.463,0.92,esmfold2,fast_loop10_samplingsteps68
2o9v,42,4,0.9214,0.8983,1.1514,0.93,1.151,0.531,0.92,esmfold2,fast_loop10_samplingsteps68
2o9v,43,0,0.9202,0.8946,0.9183,0.944,0.918,0.429,0.92,esmfold2,fast_loop10_samplingsteps68
2o9v,43,1,0.9218,0.8982,0.958,0.944,0.958,0.433,0.92,esmfold2,fast_loop10_samplingsteps68
2o9v,43,2,0.9181,0.8928,1.0529,0.937,1.053,0.483,0.92,esmfold2,fast_loop10_samplingsteps68
2o9v,43,3,0.9216,0.8979,1.1898,0.929,1.19,0.541,0.92,esmfold2,fast_loop10_samplingsteps68
2o9v,43,4,0.9164,0.8881,1.0109,0.939,1.011,0.467,0.92,esmfold2,fast_loop10_samplingsteps68
2o9v,44,0,0.9226,0.8977,0.9297,0.945,0.93,0.42,0.92,esmfold2,fast_loop10_samplingsteps68
2o9v,44,1,0.9229,0.899,1.072,0.936,1.072,0.488,0.92,esmfold2,fast_loop10_samplingsteps68
2o9v,44,2,0.9226,0.8982,1.0809,0.937,1.081,0.481,0.92,esmfold2,fast_loop10_samplingsteps68
2o9v,44,3,0.9211,0.8966,1.2227,0.929,1.223,0.533,0.92,esmfold2,fast_loop10_samplingsteps68
2o9v,44,4,0.9202,0.897,0.9848,0.942,0.985,0.445,0.92,esmfold2,fast_loop10_samplingsteps68
2p1o,42,0,0.4149,0.6231,6.6788,0.4,6.679,2.323,0.289,esmfold2,fast_loop10_samplingsteps68
2p1o,42,1,0.4198,0.6278,5.4774,0.469,5.477,1.969,0.333,esmfold2,fast_loop10_samplingsteps68
2p1o,42,2,0.4269,0.6384,6.0037,0.449,6.004,2.168,0.356,esmfold2,fast_loop10_samplingsteps68
2p1o,42,3,0.6488,0.8313,4.3181,0.69,4.318,1.51,0.778,esmfold2,fast_loop10_samplingsteps68
2p1o,42,4,0.4209,0.6317,6.3208,0.457,6.321,2.27,0.422,esmfold2,fast_loop10_samplingsteps68
2p1o,43,0,0.4192,0.6333,7.5795,0.376,7.579,2.681,0.333,esmfold2,fast_loop10_samplingsteps68
2p1o,43,1,0.4207,0.6367,7.1562,0.414,7.156,2.561,0.4,esmfold2,fast_loop10_samplingsteps68
2p1o,43,2,0.4163,0.619,6.6467,0.443,6.647,2.363,0.422,esmfold2,fast_loop10_samplingsteps68
2p1o,43,3,0.3913,0.601,6.0726,0.435,6.073,2.134,0.311,esmfold2,fast_loop10_samplingsteps68
2p1o,43,4,0.4159,0.6256,6.8056,0.415,6.806,2.408,0.356,esmfold2,fast_loop10_samplingsteps68
2p1o,44,0,0.6526,0.8338,5.3764,0.642,5.376,1.874,0.822,esmfold2,fast_loop10_samplingsteps68
2p1o,44,1,0.4404,0.6496,8.5031,0.336,8.503,3.037,0.311,esmfold2,fast_loop10_samplingsteps68
2p1o,44,2,0.4523,0.6521,9.0922,0.334,9.092,3.21,0.356,esmfold2,fast_loop10_samplingsteps68
2p1o,44,3,0.6422,0.8363,5.7977,0.573,5.798,2.058,0.689,esmfold2,fast_loop10_samplingsteps68
2p1o,44,4,0.3901,0.5998,5.5358,0.465,5.536,1.999,0.333,esmfold2,fast_loop10_samplingsteps68
2qos,42,0,0.3711,0.362,8.7944,0.284,8.794,3.002,0.17,esmfold2,fast_loop10_samplingsteps68
2qos,42,1,0.854,0.9374,0.6027,0.887,0.603,0.801,0.887,esmfold2,fast_loop10_samplingsteps68
2qos,42,2,0.8524,0.9344,0.5878,0.883,0.588,0.873,0.906,esmfold2,fast_loop10_samplingsteps68
2qos,42,3,0.8369,0.9347,0.4784,0.808,0.478,1.141,0.792,esmfold2,fast_loop10_samplingsteps68
2qos,42,4,0.8495,0.9369,0.6505,0.859,0.65,0.815,0.811,esmfold2,fast_loop10_samplingsteps68
2qos,43,0,0.8495,0.9378,0.647,0.909,0.647,0.644,0.887,esmfold2,fast_loop10_samplingsteps68
2qos,43,1,0.4116,0.4237,9.2684,0.285,9.268,3.095,0.208,esmfold2,fast_loop10_samplingsteps68
2qos,43,2,0.3882,0.3903,8.3638,0.321,8.364,2.914,0.245,esmfold2,fast_loop10_samplingsteps68
2qos,43,3,0.8397,0.9356,0.7421,0.787,0.742,1.335,0.811,esmfold2,fast_loop10_samplingsteps68
2qos,43,4,0.4185,0.4258,11.0663,0.227,11.066,3.695,0.17,esmfold2,fast_loop10_samplingsteps68
2qos,44,0,0.8481,0.9361,0.7397,0.834,0.74,1.117,0.868,esmfold2,fast_loop10_samplingsteps68
2qos,44,1,0.8466,0.9308,0.6644,0.853,0.664,1.035,0.887,esmfold2,fast_loop10_samplingsteps68
2qos,44,2,0.373,0.3258,7.4429,0.34,7.443,2.63,0.208,esmfold2,fast_loop10_samplingsteps68
2qos,44,3,0.3794,0.3761,8.1517,0.291,8.152,2.818,0.132,esmfold2,fast_loop10_samplingsteps68
2qos,44,4,0.8498,0.9334,0.7601,0.846,0.76,1.033,0.868,esmfold2,fast_loop10_samplingsteps68
2r7g,42,0,0.912,0.967,1.0908,0.864,1.091,0.777,0.82,esmfold2,fast_loop10_samplingsteps68
2r7g,42,1,0.9104,0.9659,1.0545,0.868,1.055,0.751,0.82,esmfold2,fast_loop10_samplingsteps68
2r7g,42,2,0.9134,0.9673,1.0905,0.87,1.09,0.735,0.82,esmfold2,fast_loop10_samplingsteps68
2r7g,42,3,0.9004,0.9646,2.0959,0.793,2.096,1.038,0.76,esmfold2,fast_loop10_samplingsteps68
2r7g,42,4,0.9,0.96,1.4189,0.85,1.419,0.802,0.8,esmfold2,fast_loop10_samplingsteps68
2r7g,43,0,0.9132,0.9672,0.8622,0.877,0.862,0.697,0.82,esmfold2,fast_loop10_samplingsteps68
2r7g,43,1,0.9076,0.9646,0.9345,0.873,0.935,0.724,0.82,esmfold2,fast_loop10_samplingsteps68
2r7g,43,2,0.8991,0.9623,2.0664,0.802,2.066,0.979,0.76,esmfold2,fast_loop10_samplingsteps68
2r7g,43,3,0.9104,0.9661,1.3753,0.855,1.375,0.821,0.82,esmfold2,fast_loop10_samplingsteps68
2r7g,43,4,0.8999,0.9588,1.2467,0.863,1.247,0.82,0.84,esmfold2,fast_loop10_samplingsteps68
2r7g,44,0,0.9071,0.9624,0.7616,0.881,0.762,0.675,0.82,esmfold2,fast_loop10_samplingsteps68
2r7g,44,1,0.8993,0.9631,1.8738,0.782,1.874,1.046,0.72,esmfold2,fast_loop10_samplingsteps68
2r7g,44,2,0.9108,0.9656,1.0113,0.871,1.011,0.732,0.82,esmfold2,fast_loop10_samplingsteps68
2r7g,44,3,0.9111,0.9667,1.1741,0.862,1.174,0.788,0.82,esmfold2,fast_loop10_samplingsteps68
2r7g,44,4,0.9167,0.9694,1.0704,0.863,1.07,0.738,0.8,esmfold2,fast_loop10_samplingsteps68
2rol,42,0,0.8628,0.828,3.1945,0.715,3.195,1.541,0.781,esmfold2,fast_loop10_samplingsteps68
2rol,42,1,0.8602,0.826,2.2774,0.781,2.277,1.235,0.812,esmfold2,fast_loop10_samplingsteps68
2rol,42,2,0.8565,0.8236,4.1086,0.708,4.109,1.497,0.812,esmfold2,fast_loop10_samplingsteps68
2rol,42,3,0.8594,0.8271,3.1969,0.735,3.197,1.366,0.781,esmfold2,fast_loop10_samplingsteps68
2rol,42,4,0.859,0.8253,3.6683,0.72,3.668,1.313,0.75,esmfold2,fast_loop10_samplingsteps68
2rol,43,0,0.8648,0.8336,2.7171,0.718,2.717,1.421,0.719,esmfold2,fast_loop10_samplingsteps68
2rol,43,1,0.8631,0.8305,3.6921,0.724,3.692,1.274,0.75,esmfold2,fast_loop10_samplingsteps68
2rol,43,2,0.8543,0.8186,2.9431,0.779,2.943,1.22,0.844,esmfold2,fast_loop10_samplingsteps68
2rol,43,3,0.8612,0.8283,3.4892,0.707,3.489,1.452,0.75,esmfold2,fast_loop10_samplingsteps68
2rol,43,4,0.8559,0.8202,3.3138,0.727,3.314,1.496,0.812,esmfold2,fast_loop10_samplingsteps68
2rol,44,0,0.8641,0.8324,2.9117,0.722,2.912,1.434,0.75,esmfold2,fast_loop10_samplingsteps68
2rol,44,1,0.8664,0.8357,3.2552,0.724,3.255,1.449,0.781,esmfold2,fast_loop10_samplingsteps68
2rol,44,2,0.8641,0.8332,3.3562,0.721,3.356,1.453,0.781,esmfold2,fast_loop10_samplingsteps68
2rol,44,3,0.858,0.8237,3.6746,0.727,3.675,1.336,0.781,esmfold2,fast_loop10_samplingsteps68
2rol,44,4,0.8507,0.8112,3.1878,0.743,3.188,1.299,0.781,esmfold2,fast_loop10_samplingsteps68
2v8c,42,0,0.618,0.5085,5.3296,0.522,5.33,2.121,0.514,esmfold2,fast_loop10_samplingsteps68
2v8c,42,1,0.6426,0.5345,5.5908,0.501,5.591,2.197,0.486,esmfold2,fast_loop10_samplingsteps68
2v8c,42,2,0.458,0.3033,19.1603,0.102,19.16,8.921,0.114,esmfold2,fast_loop10_samplingsteps68
2v8c,42,3,0.631,0.5246,5.5667,0.512,5.567,2.173,0.514,esmfold2,fast_loop10_samplingsteps68
2v8c,42,4,0.4774,0.321,19.4261,0.101,19.426,9.056,0.114,esmfold2,fast_loop10_samplingsteps68
2v8c,43,0,0.6115,0.4981,5.3933,0.521,5.393,2.117,0.514,esmfold2,fast_loop10_samplingsteps68
2v8c,43,1,0.6168,0.4954,4.9357,0.551,4.936,1.99,0.543,esmfold2,fast_loop10_samplingsteps68
2v8c,43,2,0.6096,0.4949,5.4653,0.527,5.465,2.131,0.543,esmfold2,fast_loop10_samplingsteps68
2v8c,43,3,0.5449,0.3962,19.8299,0.127,19.83,8.976,0.2,esmfold2,fast_loop10_samplingsteps68
2v8c,43,4,0.6284,0.5193,5.4144,0.528,5.414,2.142,0.543,esmfold2,fast_loop10_samplingsteps68
2v8c,44,0,0.5467,0.4191,19.9219,0.127,19.922,9.057,0.2,esmfold2,fast_loop10_samplingsteps68
2v8c,44,1,0.6191,0.5063,5.3334,0.512,5.333,2.117,0.486,esmfold2,fast_loop10_samplingsteps68
2v8c,44,2,0.5466,0.4167,5.0974,0.525,5.097,2.027,0.486,esmfold2,fast_loop10_samplingsteps68
2v8c,44,3,0.6287,0.5175,5.0215,0.557,5.021,2.014,0.571,esmfold2,fast_loop10_samplingsteps68
2v8c,44,4,0.4538,0.3185,18.357,0.116,18.357,8.559,0.143,esmfold2,fast_loop10_samplingsteps68
2vzg,42,0,0.714,0.6939,13.4754,0.122,13.475,6.784,0.036,esmfold2,fast_loop10_samplingsteps68
2vzg,42,1,0.6922,0.6928,14.2426,0.113,14.243,7.171,0.036,esmfold2,fast_loop10_samplingsteps68
2vzg,42,2,0.6898,0.6648,13.1902,0.126,13.19,6.631,0.036,esmfold2,fast_loop10_samplingsteps68
2vzg,42,3,0.7156,0.7226,14.1453,0.115,14.145,7.109,0.036,esmfold2,fast_loop10_samplingsteps68
2vzg,42,4,0.7121,0.7144,14.1327,0.115,14.133,7.104,0.036,esmfold2,fast_loop10_samplingsteps68
2vzg,43,0,0.7027,0.6808,12.9232,0.129,12.923,6.492,0.036,esmfold2,fast_loop10_samplingsteps68
2vzg,43,1,0.6869,0.6759,13.3702,0.124,13.37,6.732,0.036,esmfold2,fast_loop10_samplingsteps68
2vzg,43,2,0.4866,0.3091,7.7487,0.346,7.749,3.794,0.357,esmfold2,fast_loop10_samplingsteps68
2vzg,43,3,0.7085,0.7126,14.2049,0.114,14.205,7.15,0.036,esmfold2,fast_loop10_samplingsteps68
2vzg,43,4,0.668,0.6183,13.5686,0.121,13.569,6.831,0.036,esmfold2,fast_loop10_samplingsteps68
2vzg,44,0,0.5049,0.3363,5.1786,0.468,5.179,2.63,0.429,esmfold2,fast_loop10_samplingsteps68
2vzg,44,1,0.4663,0.2436,5.294,0.443,5.294,2.599,0.357,esmfold2,fast_loop10_samplingsteps68
2vzg,44,2,0.6686,0.6146,13.4756,0.122,13.476,6.783,0.036,esmfold2,fast_loop10_samplingsteps68
2vzg,44,3,0.7156,0.7169,14.5658,0.11,14.566,7.341,0.036,esmfold2,fast_loop10_samplingsteps68
2vzg,44,4,0.4647,0.2303,13.9327,0.129,13.933,6.965,0.071,esmfold2,fast_loop10_samplingsteps68
2xcb,42,0,0.8827,0.9477,1.1749,0.922,1.175,0.423,0.857,esmfold2,fast_loop10_samplingsteps68
2xcb,42,1,0.897,0.9547,0.9898,0.931,0.99,0.345,0.857,esmfold2,fast_loop10_samplingsteps68
2xcb,42,2,0.8981,0.9547,1.0409,0.93,1.041,0.358,0.857,esmfold2,fast_loop10_samplingsteps68
2xcb,42,3,0.8859,0.9397,0.7851,0.945,0.785,0.318,0.886,esmfold2,fast_loop10_samplingsteps68
2xcb,42,4,0.8947,0.9539,1.0298,0.949,1.03,0.354,0.914,esmfold2,fast_loop10_samplingsteps68
2xcb,43,0,0.8976,0.953,0.8778,0.943,0.878,0.335,0.886,esmfold2,fast_loop10_samplingsteps68
2xcb,43,1,0.8982,0.9546,1.0036,0.949,1.004,0.356,0.914,esmfold2,fast_loop10_samplingsteps68
2xcb,43,2,0.8984,0.9557,0.9795,0.928,0.979,0.379,0.857,esmfold2,fast_loop10_samplingsteps68
2xcb,43,3,0.896,0.9546,1.0564,0.946,1.056,0.382,0.914,esmfold2,fast_loop10_samplingsteps68
2xcb,43,4,0.8853,0.9447,0.9273,0.949,0.927,0.359,0.914,esmfold2,fast_loop10_samplingsteps68
2xcb,44,0,0.8995,0.9547,0.9339,0.932,0.934,0.345,0.857,esmfold2,fast_loop10_samplingsteps68
2xcb,44,1,0.8981,0.954,0.9158,0.934,0.916,0.325,0.857,esmfold2,fast_loop10_samplingsteps68
2xcb,44,2,0.895,0.9549,0.9547,0.941,0.955,0.347,0.886,esmfold2,fast_loop10_samplingsteps68
2xcb,44,3,0.8969,0.9539,1.1443,0.923,1.144,0.417,0.857,esmfold2,fast_loop10_samplingsteps68
2xcb,44,4,0.8922,0.9532,1.025,0.928,1.025,0.374,0.857,esmfold2,fast_loop10_samplingsteps68
2xpn,42,0,0.8527,0.8995,2.2037,0.814,2.204,1.141,0.872,esmfold2,fast_loop10_samplingsteps68
2xpn,42,1,0.8567,0.9041,2.2839,0.817,2.284,1.165,0.894,esmfold2,fast_loop10_samplingsteps68
2xpn,42,2,0.8541,0.9026,2.2299,0.82,2.23,1.149,0.894,esmfold2,fast_loop10_samplingsteps68
2xpn,42,3,0.8449,0.8918,2.6192,0.771,2.619,1.307,0.83,esmfold2,fast_loop10_samplingsteps68
2xpn,42,4,0.8562,0.9024,2.176,0.819,2.176,1.107,0.872,esmfold2,fast_loop10_samplingsteps68
2xpn,43,0,0.8492,0.8977,2.255,0.812,2.255,1.152,0.872,esmfold2,fast_loop10_samplingsteps68
2xpn,43,1,0.8555,0.9031,2.3046,0.816,2.305,1.166,0.894,esmfold2,fast_loop10_samplingsteps68
2xpn,43,2,0.852,0.8983,2.1064,0.828,2.106,1.106,0.894,esmfold2,fast_loop10_samplingsteps68
2xpn,43,3,0.8506,0.8993,2.3199,0.806,2.32,1.184,0.872,esmfold2,fast_loop10_samplingsteps68
2xpn,43,4,0.852,0.8989,2.2201,0.826,2.22,1.108,0.894,esmfold2,fast_loop10_samplingsteps68
2xpn,44,0,0.8579,0.9049,2.434,0.787,2.434,1.209,0.83,esmfold2,fast_loop10_samplingsteps68
2xpn,44,1,0.8552,0.9038,2.2924,0.822,2.292,1.128,0.894,esmfold2,fast_loop10_samplingsteps68
2xpn,44,2,0.8579,0.9052,2.1566,0.841,2.157,1.058,0.915,esmfold2,fast_loop10_samplingsteps68
2xpn,44,3,0.8611,0.9076,2.3169,0.808,2.317,1.176,0.872,esmfold2,fast_loop10_samplingsteps68
2xpn,44,4,0.8487,0.8959,2.3368,0.806,2.337,1.185,0.872,esmfold2,fast_loop10_samplingsteps68
2xrw,42,0,0.8569,0.9407,3.1023,0.816,3.102,1.318,1.0,esmfold2,fast_loop10_samplingsteps68
2xrw,42,1,0.8556,0.9371,3.3988,0.788,3.399,1.418,0.975,esmfold2,fast_loop10_samplingsteps68
2xrw,42,2,0.8636,0.9421,3.2671,0.802,3.267,1.402,1.0,esmfold2,fast_loop10_samplingsteps68
2xrw,42,3,0.8631,0.9403,3.6701,0.785,3.67,1.468,1.0,esmfold2,fast_loop10_samplingsteps68
2xrw,42,4,0.8601,0.9378,3.5281,0.789,3.528,1.455,1.0,esmfold2,fast_loop10_samplingsteps68
2xrw,43,0,0.8626,0.9399,3.1178,0.808,3.118,1.379,1.0,esmfold2,fast_loop10_samplingsteps68
2xrw,43,1,0.8608,0.9383,3.4091,0.793,3.409,1.451,1.0,esmfold2,fast_loop10_samplingsteps68
2xrw,43,2,0.8615,0.9382,3.4185,0.794,3.419,1.441,1.0,esmfold2,fast_loop10_samplingsteps68
2xrw,43,3,0.8552,0.9329,3.4151,0.795,3.415,1.43,1.0,esmfold2,fast_loop10_samplingsteps68
2xrw,43,4,0.861,0.9391,3.2398,0.803,3.24,1.4,1.0,esmfold2,fast_loop10_samplingsteps68
2xrw,44,0,0.8498,0.9328,3.4055,0.797,3.405,1.414,1.0,esmfold2,fast_loop10_samplingsteps68
2xrw,44,1,0.8601,0.9391,3.394,0.793,3.394,1.45,1.0,esmfold2,fast_loop10_samplingsteps68
2xrw,44,2,0.8603,0.9393,3.6515,0.78,3.651,1.439,0.975,esmfold2,fast_loop10_samplingsteps68
2xrw,44,3,0.8432,0.9279,3.1882,0.799,3.188,1.372,0.975,esmfold2,fast_loop10_samplingsteps68
2xrw,44,4,0.8512,0.9323,3.1677,0.806,3.168,1.384,1.0,esmfold2,fast_loop10_samplingsteps68
2ymt,42,0,0.9219,0.9584,0.9164,0.959,0.916,0.336,0.935,esmfold2,fast_loop10_samplingsteps68
2ymt,42,1,0.9159,0.9522,0.822,0.972,0.822,0.313,0.968,esmfold2,fast_loop10_samplingsteps68
2ymt,42,2,0.9207,0.9584,0.9723,0.968,0.972,0.352,0.968,esmfold2,fast_loop10_samplingsteps68
2ymt,42,3,0.9201,0.957,0.9092,0.948,0.909,0.334,0.903,esmfold2,fast_loop10_samplingsteps68
2ymt,42,4,0.921,0.9587,0.8695,0.971,0.869,0.328,0.968,esmfold2,fast_loop10_samplingsteps68
2ymt,43,0,0.9181,0.9585,0.9721,0.967,0.972,0.356,0.968,esmfold2,fast_loop10_samplingsteps68
2ymt,43,1,0.9198,0.9581,0.8636,0.96,0.864,0.327,0.935,esmfold2,fast_loop10_samplingsteps68
2ymt,43,2,0.9189,0.9521,0.5016,0.97,0.502,0.219,0.935,esmfold2,fast_loop10_samplingsteps68
2ymt,43,3,0.9218,0.9582,0.6513,0.988,0.651,0.259,1.0,esmfold2,fast_loop10_samplingsteps68
2ymt,43,4,0.9153,0.9501,0.5541,0.969,0.554,0.234,0.935,esmfold2,fast_loop10_samplingsteps68
2ymt,44,0,0.9191,0.9551,0.6394,0.979,0.639,0.246,0.968,esmfold2,fast_loop10_samplingsteps68
2ymt,44,1,0.9208,0.9579,0.8362,0.972,0.836,0.318,0.968,esmfold2,fast_loop10_samplingsteps68
2ymt,44,2,0.9178,0.9547,0.8483,0.971,0.848,0.321,0.968,esmfold2,fast_loop10_samplingsteps68
2ymt,44,3,0.9212,0.9592,0.9662,0.968,0.966,0.343,0.968,esmfold2,fast_loop10_samplingsteps68
2ymt,44,4,0.9212,0.9587,0.9323,0.969,0.932,0.345,0.968,esmfold2,fast_loop10_samplingsteps68
3agy,42,0,0.8938,0.9501,1.5243,0.945,1.524,0.502,0.967,esmfold2,fast_loop10_samplingsteps68
3agy,42,1,0.8945,0.9505,1.4293,0.953,1.429,0.446,0.967,esmfold2,fast_loop10_samplingsteps68
3agy,42,2,0.8926,0.9511,1.7528,0.941,1.753,0.507,0.967,esmfold2,fast_loop10_samplingsteps68
3agy,42,3,0.8875,0.9498,1.8405,0.917,1.84,0.596,0.933,esmfold2,fast_loop10_samplingsteps68
3agy,42,4,0.8951,0.9513,1.5581,0.943,1.558,0.51,0.967,esmfold2,fast_loop10_samplingsteps68
3agy,43,0,0.8941,0.9502,1.2249,0.955,1.225,0.448,0.967,esmfold2,fast_loop10_samplingsteps68
3agy,43,1,0.8963,0.9516,1.2799,0.954,1.28,0.454,0.967,esmfold2,fast_loop10_samplingsteps68
3agy,43,2,0.895,0.951,0.9825,0.962,0.982,0.4,0.967,esmfold2,fast_loop10_samplingsteps68
3agy,43,3,0.8887,0.9502,2.0637,0.93,2.064,0.559,0.967,esmfold2,fast_loop10_samplingsteps68
3agy,43,4,0.8964,0.9523,1.4367,0.943,1.437,0.531,0.967,esmfold2,fast_loop10_samplingsteps68
3agy,44,0,0.895,0.9526,1.8622,0.938,1.862,0.521,0.967,esmfold2,fast_loop10_samplingsteps68
3agy,44,1,0.8905,0.9493,1.6558,0.942,1.656,0.512,0.967,esmfold2,fast_loop10_samplingsteps68
3agy,44,2,0.8962,0.9519,1.3291,0.954,1.329,0.443,0.967,esmfold2,fast_loop10_samplingsteps68
3agy,44,3,0.8944,0.949,1.28,0.957,1.28,0.423,0.967,esmfold2,fast_loop10_samplingsteps68
3agy,44,4,0.8906,0.9511,1.747,0.93,1.747,0.595,0.967,esmfold2,fast_loop10_samplingsteps68
3bej,42,0,0.7376,0.7884,1.8564,0.78,1.856,1.038,0.711,esmfold2,fast_loop10_samplingsteps68
3bej,42,1,0.7293,0.7815,2.3335,0.756,2.334,1.156,0.711,esmfold2,fast_loop10_samplingsteps68
3bej,42,2,0.7319,0.7852,2.035,0.767,2.035,1.052,0.684,esmfold2,fast_loop10_samplingsteps68
3bej,42,3,0.7429,0.7979,1.9581,0.779,1.958,1.038,0.711,esmfold2,fast_loop10_samplingsteps68
3bej,42,4,0.7365,0.7905,2.0612,0.774,2.061,1.06,0.711,esmfold2,fast_loop10_samplingsteps68
3bej,43,0,0.7435,0.7988,2.0319,0.788,2.032,1.024,0.737,esmfold2,fast_loop10_samplingsteps68
3bej,43,1,0.7449,0.8,2.3393,0.761,2.339,1.118,0.711,esmfold2,fast_loop10_samplingsteps68
3bej,43,2,0.7309,0.7848,1.6573,0.807,1.657,0.936,0.737,esmfold2,fast_loop10_samplingsteps68
3bej,43,3,0.7401,0.7968,2.1631,0.75,2.163,1.094,0.658,esmfold2,fast_loop10_samplingsteps68
3bej,43,4,0.7407,0.7892,2.169,0.768,2.169,1.09,0.711,esmfold2,fast_loop10_samplingsteps68
3bej,44,0,0.74,0.7942,2.0668,0.762,2.067,1.081,0.684,esmfold2,fast_loop10_samplingsteps68
3bej,44,1,0.7365,0.7884,2.4152,0.754,2.415,1.163,0.711,esmfold2,fast_loop10_samplingsteps68
3bej,44,2,0.7412,0.7927,2.2471,0.768,2.247,1.08,0.711,esmfold2,fast_loop10_samplingsteps68
3bej,44,3,0.7355,0.789,2.1753,0.753,2.175,1.136,0.684,esmfold2,fast_loop10_samplingsteps68
3bej,44,4,0.7447,0.7982,2.1437,0.771,2.144,1.068,0.711,esmfold2,fast_loop10_samplingsteps68
3bqo,42,0,0.8092,0.8823,2.3153,0.817,2.315,0.928,0.797,esmfold2,fast_loop10_samplingsteps68
3bqo,42,1,0.8165,0.8846,1.1952,0.908,1.195,0.542,0.859,esmfold2,fast_loop10_samplingsteps68
3bqo,42,2,0.823,0.8868,1.7671,0.884,1.767,0.743,0.891,esmfold2,fast_loop10_samplingsteps68
3bqo,42,3,0.8234,0.8853,1.6189,0.885,1.619,0.679,0.859,esmfold2,fast_loop10_samplingsteps68
3bqo,42,4,0.8269,0.8895,1.3689,0.919,1.369,0.602,0.922,esmfold2,fast_loop10_samplingsteps68
3bqo,43,0,0.8222,0.8838,1.297,0.915,1.297,0.599,0.906,esmfold2,fast_loop10_samplingsteps68
3bqo,43,1,0.8273,0.8905,1.2947,0.9,1.295,0.6,0.859,esmfold2,fast_loop10_samplingsteps68
3bqo,43,2,0.8182,0.8861,1.9528,0.868,1.953,0.8,0.875,esmfold2,fast_loop10_samplingsteps68
3bqo,43,3,0.8213,0.8831,0.834,0.932,0.834,0.453,0.891,esmfold2,fast_loop10_samplingsteps68
3bqo,43,4,0.82,0.8826,0.9896,0.936,0.99,0.501,0.922,esmfold2,fast_loop10_samplingsteps68
3bqo,44,0,0.818,0.8888,2.086,0.857,2.086,0.859,0.875,esmfold2,fast_loop10_samplingsteps68
3bqo,44,1,0.8238,0.888,1.2923,0.895,1.292,0.636,0.859,esmfold2,fast_loop10_samplingsteps68
3bqo,44,2,0.8253,0.8897,1.316,0.919,1.316,0.565,0.906,esmfold2,fast_loop10_samplingsteps68
3bqo,44,3,0.8208,0.8855,2.1074,0.844,2.107,0.878,0.844,esmfold2,fast_loop10_samplingsteps68
3bqo,44,4,0.8164,0.8841,0.7452,0.941,0.745,0.431,0.906,esmfold2,fast_loop10_samplingsteps68
3emh,42,0,0.7662,0.8597,1.0886,0.925,1.089,0.317,0.833,esmfold2,fast_loop10_samplingsteps68
3emh,42,1,0.7569,0.8487,0.7471,0.933,0.747,0.25,0.833,esmfold2,fast_loop10_samplingsteps68
3emh,42,2,0.7471,0.87,1.9866,0.889,1.987,0.536,0.833,esmfold2,fast_loop10_samplingsteps68
3emh,42,3,0.7761,0.8652,0.8043,0.943,0.804,0.257,0.867,esmfold2,fast_loop10_samplingsteps68
3emh,42,4,0.7819,0.872,0.9808,0.928,0.981,0.294,0.833,esmfold2,fast_loop10_samplingsteps68
3emh,43,0,0.7723,0.8639,0.848,0.92,0.848,0.27,0.8,esmfold2,fast_loop10_samplingsteps68
3emh,43,1,0.7802,0.8721,1.1994,0.887,1.199,0.349,0.733,esmfold2,fast_loop10_samplingsteps68
3emh,43,2,0.7704,0.8697,1.1325,0.924,1.133,0.322,0.833,esmfold2,fast_loop10_samplingsteps68
3emh,43,3,0.7749,0.8679,1.2917,0.917,1.292,0.374,0.833,esmfold2,fast_loop10_samplingsteps68
3emh,43,4,0.7798,0.8695,0.8266,0.931,0.827,0.265,0.833,esmfold2,fast_loop10_samplingsteps68
3emh,44,0,0.7567,0.8701,2.0587,0.887,2.059,0.547,0.833,esmfold2,fast_loop10_samplingsteps68
3emh,44,1,0.7788,0.8707,0.7756,0.944,0.776,0.254,0.867,esmfold2,fast_loop10_samplingsteps68
3emh,44,2,0.7757,0.87,1.0582,0.925,1.058,0.313,0.833,esmfold2,fast_loop10_samplingsteps68
3emh,44,3,0.773,0.8703,1.8751,0.861,1.875,0.508,0.733,esmfold2,fast_loop10_samplingsteps68
3emh,44,4,0.7689,0.8613,0.7846,0.932,0.785,0.253,0.833,esmfold2,fast_loop10_samplingsteps68
3emw,42,0,0.7329,0.8556,6.4597,0.406,6.46,2.406,0.303,esmfold2,fast_loop10_samplingsteps68
3emw,42,1,0.6887,0.7521,4.0858,0.609,4.086,1.412,0.485,esmfold2,fast_loop10_samplingsteps68
3emw,42,2,0.8676,0.9172,0.5298,0.972,0.53,0.21,0.939,esmfold2,fast_loop10_samplingsteps68
3emw,42,3,0.8746,0.9196,0.4834,0.964,0.483,0.185,0.909,esmfold2,fast_loop10_samplingsteps68
3emw,42,4,0.7815,0.8524,5.3502,0.459,5.35,2.014,0.303,esmfold2,fast_loop10_samplingsteps68
3emw,43,0,0.7545,0.8559,6.1866,0.425,6.187,2.358,0.333,esmfold2,fast_loop10_samplingsteps68
3emw,43,1,0.7753,0.8546,5.273,0.471,5.273,2.011,0.333,esmfold2,fast_loop10_samplingsteps68
3emw,43,2,0.7477,0.852,6.5336,0.423,6.534,2.43,0.364,esmfold2,fast_loop10_samplingsteps68
3emw,43,3,0.7771,0.8575,5.3146,0.472,5.315,1.99,0.333,esmfold2,fast_loop10_samplingsteps68
3emw,43,4,0.7778,0.8532,5.2728,0.461,5.273,2.007,0.303,esmfold2,fast_loop10_samplingsteps68
3emw,44,0,0.7809,0.8559,5.5099,0.464,5.51,2.018,0.333,esmfold2,fast_loop10_samplingsteps68
3emw,44,1,0.7439,0.8515,6.7395,0.405,6.74,2.489,0.333,esmfold2,fast_loop10_samplingsteps68
3emw,44,2,0.7551,0.8548,6.1576,0.42,6.158,2.28,0.303,esmfold2,fast_loop10_samplingsteps68
3emw,44,3,0.7498,0.855,6.4924,0.414,6.492,2.431,0.333,esmfold2,fast_loop10_samplingsteps68
3emw,44,4,0.7557,0.8499,5.4793,0.44,5.479,2.091,0.273,esmfold2,fast_loop10_samplingsteps68
3et3,42,0,0.7616,0.8368,2.3005,0.811,2.3,1.1,0.851,esmfold2,fast_loop10_samplingsteps68
3et3,42,1,0.7617,0.8418,1.0153,0.922,1.015,0.475,0.872,esmfold2,fast_loop10_samplingsteps68
3et3,42,2,0.762,0.8349,2.3707,0.819,2.371,1.132,0.894,esmfold2,fast_loop10_samplingsteps68
3et3,42,3,0.7621,0.8365,2.389,0.808,2.389,1.165,0.872,esmfold2,fast_loop10_samplingsteps68
3et3,42,4,0.7641,0.8358,2.6017,0.791,2.602,1.202,0.851,esmfold2,fast_loop10_samplingsteps68
3et3,43,0,0.7648,0.8347,2.2789,0.814,2.279,1.083,0.851,esmfold2,fast_loop10_samplingsteps68
3et3,43,1,0.7621,0.8426,1.1073,0.93,1.107,0.462,0.894,esmfold2,fast_loop10_samplingsteps68
3et3,43,2,0.7639,0.8445,0.9928,0.942,0.993,0.432,0.915,esmfold2,fast_loop10_samplingsteps68
3et3,43,3,0.7661,0.8473,0.8486,0.932,0.849,0.395,0.872,esmfold2,fast_loop10_samplingsteps68
3et3,43,4,0.7648,0.8363,2.214,0.825,2.214,1.064,0.872,esmfold2,fast_loop10_samplingsteps68
3et3,44,0,0.7615,0.8364,2.5153,0.814,2.515,1.151,0.894,esmfold2,fast_loop10_samplingsteps68
3et3,44,1,0.7609,0.8397,1.3607,0.901,1.361,0.614,0.872,esmfold2,fast_loop10_samplingsteps68
3et3,44,2,0.7641,0.845,1.1238,0.921,1.124,0.476,0.872,esmfold2,fast_loop10_samplingsteps68
3et3,44,3,0.7662,0.8401,2.4667,0.81,2.467,1.191,0.894,esmfold2,fast_loop10_samplingsteps68
3et3,44,4,0.7676,0.8482,1.1418,0.931,1.142,0.51,0.915,esmfold2,fast_loop10_samplingsteps68
3fp2,42,0,0.706,0.8898,17.2752,0.45,17.275,2.181,0.833,esmfold2,fast_loop10_samplingsteps68
3fp2,42,1,0.6963,0.8823,18.3323,0.412,18.332,2.487,0.792,esmfold2,fast_loop10_samplingsteps68
3fp2,42,2,0.703,0.8847,16.6408,0.432,16.641,2.302,0.792,esmfold2,fast_loop10_samplingsteps68
3fp2,42,3,0.7127,0.892,12.823,0.51,12.823,1.875,0.833,esmfold2,fast_loop10_samplingsteps68
3fp2,42,4,0.7034,0.8872,17.1836,0.435,17.184,2.2,0.792,esmfold2,fast_loop10_samplingsteps68
3fp2,43,0,0.6925,0.8869,19.088,0.436,19.088,2.236,0.833,esmfold2,fast_loop10_samplingsteps68
3fp2,43,1,0.7009,0.8905,22.9192,0.422,22.919,2.227,0.833,esmfold2,fast_loop10_samplingsteps68
3fp2,43,2,0.6971,0.8787,18.0604,0.44,18.06,2.256,0.833,esmfold2,fast_loop10_samplingsteps68
3fp2,43,3,0.6798,0.8728,20.0504,0.434,20.05,2.203,0.833,esmfold2,fast_loop10_samplingsteps68
3fp2,43,4,0.7094,0.8874,16.1183,0.438,16.118,2.267,0.792,esmfold2,fast_loop10_samplingsteps68
3fp2,44,0,0.7084,0.8913,18.6295,0.422,18.63,2.275,0.792,esmfold2,fast_loop10_samplingsteps68
3fp2,44,1,0.7067,0.8832,11.9782,0.503,11.978,2.086,0.833,esmfold2,fast_loop10_samplingsteps68
3fp2,44,2,0.7164,0.8925,19.1007,0.435,19.101,2.259,0.833,esmfold2,fast_loop10_samplingsteps68
3fp2,44,3,0.7004,0.8847,19.244,0.422,19.244,2.236,0.792,esmfold2,fast_loop10_samplingsteps68
3fp2,44,4,0.6996,0.8922,25.5456,0.391,25.546,2.389,0.792,esmfold2,fast_loop10_samplingsteps68
3g2s,42,0,0.8116,0.8906,0.9357,0.927,0.936,0.704,0.973,esmfold2,fast_loop10_samplingsteps68
3g2s,42,1,0.8069,0.8915,2.6032,0.885,2.603,0.823,0.973,esmfold2,fast_loop10_samplingsteps68
3g2s,42,2,0.8159,0.891,1.8642,0.918,1.864,0.747,1.0,esmfold2,fast_loop10_samplingsteps68
3g2s,42,3,0.805,0.8918,4.9045,0.741,4.904,1.425,0.946,esmfold2,fast_loop10_samplingsteps68
3g2s,42,4,0.8134,0.89,3.2642,0.842,3.264,1.027,0.973,esmfold2,fast_loop10_samplingsteps68
3g2s,43,0,0.8143,0.8894,2.2616,0.887,2.262,0.792,0.946,esmfold2,fast_loop10_samplingsteps68
3g2s,43,1,0.8143,0.8878,1.8719,0.919,1.872,0.744,1.0,esmfold2,fast_loop10_samplingsteps68
3g2s,43,2,0.8098,0.89,2.1021,0.902,2.102,0.77,0.973,esmfold2,fast_loop10_samplingsteps68
3g2s,43,3,0.8081,0.8897,4.6388,0.738,4.639,1.509,0.946,esmfold2,fast_loop10_samplingsteps68
3g2s,43,4,0.8135,0.8907,3.3111,0.861,3.311,0.885,0.973,esmfold2,fast_loop10_samplingsteps68
3g2s,44,0,0.803,0.8828,3.1642,0.796,3.164,1.247,0.919,esmfold2,fast_loop10_samplingsteps68
3g2s,44,1,0.8046,0.8895,2.9702,0.873,2.97,0.853,0.973,esmfold2,fast_loop10_samplingsteps68
3g2s,44,2,0.8095,0.8878,1.5603,0.925,1.56,0.666,0.973,esmfold2,fast_loop10_samplingsteps68
3g2s,44,3,0.8077,0.8905,2.8661,0.881,2.866,0.753,0.946,esmfold2,fast_loop10_samplingsteps68
3g2s,44,4,0.8081,0.8897,1.7511,0.905,1.751,0.789,0.973,esmfold2,fast_loop10_samplingsteps68
3h1z,42,0,0.355,0.2912,18.3259,0.114,18.326,8.088,0.132,esmfold2,fast_loop10_samplingsteps68
3h1z,42,1,0.3537,0.2954,11.8765,0.193,11.877,4.829,0.151,esmfold2,fast_loop10_samplingsteps68
3h1z,42,2,0.3789,0.3132,21.8893,0.095,21.889,9.719,0.132,esmfold2,fast_loop10_samplingsteps68
3h1z,42,3,0.3354,0.2604,16.3878,0.187,16.388,6.839,0.302,esmfold2,fast_loop10_samplingsteps68
3h1z,42,4,0.3758,0.3094,17.5883,0.119,17.588,7.71,0.132,esmfold2,fast_loop10_samplingsteps68
3h1z,43,0,0.3891,0.3078,13.7162,0.142,13.716,5.391,0.075,esmfold2,fast_loop10_samplingsteps68
3h1z,43,1,0.346,0.2472,12.2913,0.186,12.291,4.945,0.151,esmfold2,fast_loop10_samplingsteps68
3h1z,43,2,0.3715,0.3094,21.0843,0.093,21.084,9.357,0.113,esmfold2,fast_loop10_samplingsteps68
3h1z,43,3,0.3811,0.3338,18.613,0.106,18.613,8.163,0.113,esmfold2,fast_loop10_samplingsteps68
3h1z,43,4,0.3433,0.2554,9.2329,0.312,9.233,4.079,0.358,esmfold2,fast_loop10_samplingsteps68
3h1z,44,0,0.3563,0.2842,11.2892,0.208,11.289,4.689,0.17,esmfold2,fast_loop10_samplingsteps68
3h1z,44,1,0.3398,0.2738,9.506,0.275,9.506,4.125,0.264,esmfold2,fast_loop10_samplingsteps68
3h1z,44,2,0.4005,0.3403,21.0,0.099,21.0,9.31,0.132,esmfold2,fast_loop10_samplingsteps68
3h1z,44,3,0.3946,0.3124,20.7779,0.088,20.778,9.197,0.094,esmfold2,fast_loop10_samplingsteps68
3h1z,44,4,0.3678,0.3055,11.1157,0.193,11.116,4.545,0.113,esmfold2,fast_loop10_samplingsteps68
3i5r,42,0,0.8939,0.8883,1.0275,0.953,1.028,0.571,1.0,esmfold2,fast_loop10_samplingsteps68
3i5r,42,1,0.897,0.8916,0.8743,0.961,0.874,0.517,1.0,esmfold2,fast_loop10_samplingsteps68
3i5r,42,2,0.8881,0.8839,0.955,0.944,0.955,0.542,0.962,esmfold2,fast_loop10_samplingsteps68
3i5r,42,3,0.8911,0.8858,0.8309,0.961,0.831,0.522,1.0,esmfold2,fast_loop10_samplingsteps68
3i5r,42,4,0.8872,0.8763,0.8374,0.948,0.837,0.519,0.962,esmfold2,fast_loop10_samplingsteps68
3i5r,43,0,0.892,0.8833,0.8356,0.96,0.836,0.528,1.0,esmfold2,fast_loop10_samplingsteps68
3i5r,43,1,0.8917,0.8848,0.9123,0.959,0.912,0.532,1.0,esmfold2,fast_loop10_samplingsteps68
3i5r,43,2,0.8854,0.8794,1.0389,0.942,1.039,0.56,0.962,esmfold2,fast_loop10_samplingsteps68
3i5r,43,3,0.8905,0.8837,0.916,0.957,0.916,0.549,1.0,esmfold2,fast_loop10_samplingsteps68
3i5r,43,4,0.8912,0.8857,0.8599,0.949,0.86,0.51,0.962,esmfold2,fast_loop10_samplingsteps68
3i5r,44,0,0.894,0.8869,0.7734,0.95,0.773,0.507,0.962,esmfold2,fast_loop10_samplingsteps68
3i5r,44,1,0.8902,0.8843,0.9358,0.943,0.936,0.554,0.962,esmfold2,fast_loop10_samplingsteps68
3i5r,44,2,0.8939,0.8865,0.7659,0.962,0.766,0.515,1.0,esmfold2,fast_loop10_samplingsteps68
3i5r,44,3,0.8939,0.8868,0.8557,0.96,0.856,0.525,1.0,esmfold2,fast_loop10_samplingsteps68
3i5r,44,4,0.895,0.8873,0.8305,0.961,0.831,0.52,1.0,esmfold2,fast_loop10_samplingsteps68
3obq,42,0,0.8729,0.9017,0.6206,0.938,0.621,0.407,0.889,esmfold2,fast_loop10_samplingsteps68
3obq,42,1,0.8677,0.897,0.9726,0.936,0.973,0.565,0.944,esmfold2,fast_loop10_samplingsteps68
3obq,42,2,0.8646,0.8931,0.5251,0.961,0.525,0.37,0.944,esmfold2,fast_loop10_samplingsteps68
3obq,42,3,0.8784,0.9101,0.642,0.939,0.642,0.396,0.889,esmfold2,fast_loop10_samplingsteps68
3obq,42,4,0.8627,0.888,0.8341,0.943,0.834,0.44,0.917,esmfold2,fast_loop10_samplingsteps68
3obq,43,0,0.8802,0.9092,0.6806,0.945,0.681,0.431,0.917,esmfold2,fast_loop10_samplingsteps68
3obq,43,1,0.8794,0.9085,0.5658,0.927,0.566,0.507,0.889,esmfold2,fast_loop10_samplingsteps68
3obq,43,2,0.8773,0.9088,0.6789,0.935,0.679,0.433,0.889,esmfold2,fast_loop10_samplingsteps68
3obq,43,3,0.8727,0.9013,0.5222,0.939,0.522,0.409,0.889,esmfold2,fast_loop10_samplingsteps68
3obq,43,4,0.8611,0.8925,1.1178,0.918,1.118,0.551,0.889,esmfold2,fast_loop10_samplingsteps68
3obq,44,0,0.8701,0.9026,1.2534,0.913,1.253,0.649,0.917,esmfold2,fast_loop10_samplingsteps68
3obq,44,1,0.8755,0.9074,0.5593,0.93,0.559,0.483,0.889,esmfold2,fast_loop10_samplingsteps68
3obq,44,2,0.8608,0.8913,1.0129,0.922,1.013,0.521,0.889,esmfold2,fast_loop10_samplingsteps68
3obq,44,3,0.8808,0.9114,0.5668,0.932,0.567,0.471,0.889,esmfold2,fast_loop10_samplingsteps68
3obq,44,4,0.8733,0.9027,0.5361,0.924,0.536,0.456,0.861,esmfold2,fast_loop10_samplingsteps68
3p72,42,0,0.9431,0.9791,0.757,0.941,0.757,0.333,0.878,esmfold2,fast_loop10_samplingsteps68
3p72,42,1,0.9414,0.9784,0.8511,0.934,0.851,0.317,0.854,esmfold2,fast_loop10_samplingsteps68
3p72,42,2,0.9445,0.9797,0.5265,0.956,0.527,0.271,0.902,esmfold2,fast_loop10_samplingsteps68
3p72,42,3,0.9419,0.9786,0.5942,0.967,0.594,0.329,0.951,esmfold2,fast_loop10_samplingsteps68
3p72,42,4,0.9415,0.9783,0.7763,0.95,0.776,0.327,0.902,esmfold2,fast_loop10_samplingsteps68
3p72,43,0,0.9416,0.9783,0.7875,0.939,0.787,0.357,0.878,esmfold2,fast_loop10_samplingsteps68
3p72,43,1,0.9429,0.9789,0.696,0.952,0.696,0.307,0.902,esmfold2,fast_loop10_samplingsteps68
3p72,43,2,0.9423,0.9785,0.902,0.937,0.902,0.36,0.878,esmfold2,fast_loop10_samplingsteps68
3p72,43,3,0.94,0.9774,0.8189,0.942,0.819,0.319,0.878,esmfold2,fast_loop10_samplingsteps68
3p72,43,4,0.9424,0.9787,0.8108,0.937,0.811,0.284,0.854,esmfold2,fast_loop10_samplingsteps68
3p72,44,0,0.9441,0.9792,0.4543,0.944,0.454,0.319,0.878,esmfold2,fast_loop10_samplingsteps68
3p72,44,1,0.9447,0.9796,0.5261,0.954,0.526,0.291,0.902,esmfold2,fast_loop10_samplingsteps68
3p72,44,2,0.9431,0.979,0.7487,0.937,0.749,0.28,0.854,esmfold2,fast_loop10_samplingsteps68
3p72,44,3,0.9429,0.9789,0.7086,0.942,0.709,0.327,0.878,esmfold2,fast_loop10_samplingsteps68
3p72,44,4,0.9395,0.9775,0.7173,0.929,0.717,0.38,0.854,esmfold2,fast_loop10_samplingsteps68
3pe4,42,0,0.4966,0.6542,20.0619,0.069,20.062,6.189,0.0,esmfold2,fast_loop10_samplingsteps68
3pe4,42,1,0.5042,0.6595,20.5045,0.067,20.505,6.342,0.0,esmfold2,fast_loop10_samplingsteps68
3pe4,42,2,0.4727,0.6523,21.4457,0.062,21.446,6.599,0.0,esmfold2,fast_loop10_samplingsteps68
3pe4,42,3,0.4833,0.6455,20.49,0.067,20.49,6.322,0.0,esmfold2,fast_loop10_samplingsteps68
3pe4,42,4,0.4946,0.6484,20.721,0.066,20.721,6.319,0.0,esmfold2,fast_loop10_samplingsteps68
3pe4,43,0,0.4975,0.6556,20.1237,0.069,20.124,6.182,0.0,esmfold2,fast_loop10_samplingsteps68
3pe4,43,1,0.5016,0.6534,20.3554,0.067,20.355,6.281,0.0,esmfold2,fast_loop10_samplingsteps68
3pe4,43,2,0.4948,0.6528,20.063,0.069,20.063,6.17,0.0,esmfold2,fast_loop10_samplingsteps68
3pe4,43,3,0.507,0.6622,21.0598,0.064,21.06,6.38,0.0,esmfold2,fast_loop10_samplingsteps68
3pe4,43,4,0.4885,0.6461,20.4516,0.067,20.452,6.275,0.0,esmfold2,fast_loop10_samplingsteps68
3pe4,44,0,0.4717,0.6293,20.8518,0.065,20.852,6.436,0.0,esmfold2,fast_loop10_samplingsteps68
3pe4,44,1,0.4917,0.6501,20.1316,0.069,20.132,6.19,0.0,esmfold2,fast_loop10_samplingsteps68
3pe4,44,2,0.5039,0.6573,20.2927,0.068,20.293,6.3,0.0,esmfold2,fast_loop10_samplingsteps68
3pe4,44,3,0.4842,0.6537,20.5579,0.066,20.558,6.334,0.0,esmfold2,fast_loop10_samplingsteps68
3pe4,44,4,0.4966,0.6627,20.602,0.066,20.602,6.418,0.0,esmfold2,fast_loop10_samplingsteps68
3plu,42,0,0.9281,0.9335,0.5003,0.969,0.5,0.364,0.966,esmfold2,fast_loop10_samplingsteps68
3plu,42,1,0.934,0.9392,0.4516,0.971,0.452,0.348,0.966,esmfold2,fast_loop10_samplingsteps68
3plu,42,2,0.9331,0.9395,0.429,0.973,0.429,0.327,0.966,esmfold2,fast_loop10_samplingsteps68
3plu,42,3,0.9347,0.9415,0.4083,0.973,0.408,0.325,0.966,esmfold2,fast_loop10_samplingsteps68
3plu,42,4,0.9318,0.9377,0.6011,0.968,0.601,0.366,0.966,esmfold2,fast_loop10_samplingsteps68
3plu,43,0,0.9259,0.9346,0.4206,0.972,0.421,0.336,0.966,esmfold2,fast_loop10_samplingsteps68
3plu,43,1,0.9349,0.9411,0.5314,0.97,0.531,0.355,0.966,esmfold2,fast_loop10_samplingsteps68
3plu,43,2,0.9296,0.9359,0.482,0.965,0.482,0.402,0.966,esmfold2,fast_loop10_samplingsteps68
3plu,43,3,0.9347,0.9414,0.5638,0.969,0.564,0.36,0.966,esmfold2,fast_loop10_samplingsteps68
3plu,43,4,0.9353,0.9417,0.4363,0.971,0.436,0.343,0.966,esmfold2,fast_loop10_samplingsteps68
3plu,44,0,0.9362,0.9425,0.57,0.967,0.57,0.38,0.966,esmfold2,fast_loop10_samplingsteps68
3plu,44,1,0.9329,0.9385,0.6319,0.966,0.632,0.39,0.966,esmfold2,fast_loop10_samplingsteps68
3plu,44,2,0.9365,0.9431,0.5135,0.972,0.514,0.329,0.966,esmfold2,fast_loop10_samplingsteps68
3plu,44,3,0.9346,0.941,0.5105,0.969,0.51,0.36,0.966,esmfold2,fast_loop10_samplingsteps68
3plu,44,4,0.9343,0.9407,0.4383,0.972,0.438,0.338,0.966,esmfold2,fast_loop10_samplingsteps68
3r42,42,0,0.8182,0.8722,4.0439,0.614,4.044,1.61,0.562,esmfold2,fast_loop10_samplingsteps68
3r42,42,1,0.815,0.8718,4.2184,0.59,4.218,1.704,0.531,esmfold2,fast_loop10_samplingsteps68
3r42,42,2,0.824,0.878,4.4247,0.59,4.425,1.759,0.562,esmfold2,fast_loop10_samplingsteps68
3r42,42,3,0.8265,0.8803,4.7452,0.573,4.745,1.739,0.531,esmfold2,fast_loop10_samplingsteps68
3r42,42,4,0.823,0.8795,4.2749,0.606,4.275,1.63,0.562,esmfold2,fast_loop10_samplingsteps68
3r42,43,0,0.8172,0.871,4.7555,0.567,4.756,1.801,0.531,esmfold2,fast_loop10_samplingsteps68
3r42,43,1,0.819,0.8707,4.102,0.598,4.102,1.655,0.531,esmfold2,fast_loop10_samplingsteps68
3r42,43,2,0.8245,0.8812,4.1776,0.595,4.178,1.662,0.531,esmfold2,fast_loop10_samplingsteps68
3r42,43,3,0.8255,0.8804,3.99,0.615,3.99,1.613,0.562,esmfold2,fast_loop10_samplingsteps68
3r42,43,4,0.8132,0.8634,4.7451,0.577,4.745,1.813,0.562,esmfold2,fast_loop10_samplingsteps68
3r42,44,0,0.8136,0.8691,4.4348,0.593,4.435,1.728,0.562,esmfold2,fast_loop10_samplingsteps68
3r42,44,1,0.8312,0.8857,4.6473,0.581,4.647,1.69,0.531,esmfold2,fast_loop10_samplingsteps68
3r42,44,2,0.8282,0.8854,4.5003,0.579,4.5,1.748,0.531,esmfold2,fast_loop10_samplingsteps68
3r42,44,3,0.826,0.8821,4.8519,0.567,4.852,1.779,0.531,esmfold2,fast_loop10_samplingsteps68
3r42,44,4,0.8152,0.872,4.1238,0.597,4.124,1.661,0.531,esmfold2,fast_loop10_samplingsteps68
3s9c,42,0,0.6867,0.7565,6.0718,0.61,6.068,1.713,0.733,esmfold2,fast_loop10_samplingsteps68
3s9c,42,1,0.6784,0.7466,6.1534,0.606,6.151,1.733,0.733,esmfold2,fast_loop10_samplingsteps68
3s9c,42,2,0.6502,0.7366,4.0008,0.706,3.999,1.201,0.689,esmfold2,fast_loop10_samplingsteps68
3s9c,42,3,0.6726,0.7379,6.6744,0.566,6.672,1.874,0.689,esmfold2,fast_loop10_samplingsteps68
3s9c,42,4,0.6514,0.7369,5.1692,0.649,5.167,1.48,0.711,esmfold2,fast_loop10_samplingsteps68
3s9c,43,0,0.6852,0.7564,6.1604,0.598,6.158,1.732,0.711,esmfold2,fast_loop10_samplingsteps68
3s9c,43,1,0.52,0.7472,3.0698,0.789,3.07,0.97,0.778,esmfold2,fast_loop10_samplingsteps68
3s9c,43,2,0.6768,0.7444,6.4337,0.584,6.43,1.814,0.711,esmfold2,fast_loop10_samplingsteps68
3s9c,43,3,0.6794,0.7488,6.5064,0.582,6.504,1.827,0.711,esmfold2,fast_loop10_samplingsteps68
3s9c,43,4,0.671,0.7398,6.5037,0.574,6.501,1.827,0.689,esmfold2,fast_loop10_samplingsteps68
3s9c,44,0,0.6726,0.7397,6.0198,0.612,6.017,1.706,0.733,esmfold2,fast_loop10_samplingsteps68
3s9c,44,1,0.6723,0.7377,6.4862,0.574,6.484,1.838,0.689,esmfold2,fast_loop10_samplingsteps68
3s9c,44,2,0.6462,0.7303,5.3629,0.63,5.361,1.541,0.689,esmfold2,fast_loop10_samplingsteps68
3s9c,44,3,0.6781,0.7511,5.3645,0.639,5.362,1.53,0.711,esmfold2,fast_loop10_samplingsteps68
3s9c,44,4,0.6689,0.7346,5.1822,0.657,5.179,1.475,0.733,esmfold2,fast_loop10_samplingsteps68
3shb,42,0,0.8157,0.8478,4.3357,0.736,4.336,1.562,0.935,esmfold2,fast_loop10_samplingsteps68
3shb,42,1,0.7767,0.8452,0.9064,0.943,0.906,0.49,0.935,esmfold2,fast_loop10_samplingsteps68
3shb,42,2,0.8493,0.8553,4.8975,0.706,4.898,1.718,0.935,esmfold2,fast_loop10_samplingsteps68
3shb,42,3,0.8528,0.8544,4.8877,0.706,4.888,1.723,0.935,esmfold2,fast_loop10_samplingsteps68
3shb,42,4,0.8472,0.8512,4.8182,0.711,4.818,1.694,0.935,esmfold2,fast_loop10_samplingsteps68
3shb,43,0,0.8482,0.8551,4.8755,0.708,4.875,1.711,0.935,esmfold2,fast_loop10_samplingsteps68
3shb,43,1,0.8427,0.8499,4.6787,0.718,4.679,1.659,0.935,esmfold2,fast_loop10_samplingsteps68
3shb,43,2,0.848,0.8543,4.7792,0.711,4.779,1.697,0.935,esmfold2,fast_loop10_samplingsteps68
3shb,43,3,0.8501,0.8583,4.7645,0.712,4.764,1.69,0.935,esmfold2,fast_loop10_samplingsteps68
3shb,43,4,0.8488,0.8536,4.9152,0.705,4.915,1.722,0.935,esmfold2,fast_loop10_samplingsteps68
3shb,44,0,0.8501,0.8556,4.9916,0.702,4.992,1.736,0.935,esmfold2,fast_loop10_samplingsteps68
3shb,44,1,0.8467,0.8504,4.8694,0.709,4.869,1.696,0.935,esmfold2,fast_loop10_samplingsteps68
3shb,44,2,0.7744,0.8455,1.1096,0.922,1.11,0.557,0.903,esmfold2,fast_loop10_samplingsteps68
3shb,44,3,0.8478,0.8532,4.8067,0.711,4.807,1.698,0.935,esmfold2,fast_loop10_samplingsteps68
3shb,44,4,0.8468,0.854,4.8887,0.707,4.889,1.715,0.935,esmfold2,fast_loop10_samplingsteps68
3tiw,42,0,0.8446,0.897,2.8137,0.886,2.814,0.792,0.975,esmfold2,fast_loop10_samplingsteps68
3tiw,42,1,0.8428,0.8975,2.8981,0.877,2.898,0.846,0.975,esmfold2,fast_loop10_samplingsteps68
3tiw,42,2,0.8355,0.8899,3.0916,0.858,3.092,0.947,0.975,esmfold2,fast_loop10_samplingsteps68
3tiw,42,3,0.8239,0.8783,3.4532,0.805,3.453,1.271,0.975,esmfold2,fast_loop10_samplingsteps68
3tiw,42,4,0.8129,0.8664,2.9586,0.858,2.959,0.905,0.95,esmfold2,fast_loop10_samplingsteps68
3tiw,43,0,0.8469,0.8997,3.0183,0.864,3.018,0.86,0.95,esmfold2,fast_loop10_samplingsteps68
3tiw,43,1,0.827,0.8815,3.4422,0.809,3.442,1.242,0.975,esmfold2,fast_loop10_samplingsteps68
3tiw,43,2,0.8422,0.8982,2.9106,0.858,2.911,0.914,0.95,esmfold2,fast_loop10_samplingsteps68
3tiw,43,3,0.8466,0.898,2.8029,0.885,2.803,0.802,0.975,esmfold2,fast_loop10_samplingsteps68
3tiw,43,4,0.8365,0.8921,3.0177,0.871,3.018,0.867,0.975,esmfold2,fast_loop10_samplingsteps68
3tiw,44,0,0.8436,0.9007,2.9684,0.868,2.968,0.896,0.975,esmfold2,fast_loop10_samplingsteps68
3tiw,44,1,0.8347,0.8828,2.8335,0.864,2.834,0.826,0.925,esmfold2,fast_loop10_samplingsteps68
3tiw,44,2,0.8451,0.8975,2.9615,0.866,2.962,0.85,0.95,esmfold2,fast_loop10_samplingsteps68
3tiw,44,3,0.8447,0.8973,3.022,0.875,3.022,0.835,0.975,esmfold2,fast_loop10_samplingsteps68
3tiw,44,4,0.8432,0.8966,2.7336,0.885,2.734,0.813,0.975,esmfold2,fast_loop10_samplingsteps68
3v2o,42,0,0.7309,0.7205,9.1968,0.266,9.197,3.126,0.15,esmfold2,fast_loop10_samplingsteps68
3v2o,42,1,0.7211,0.702,9.1832,0.266,9.183,3.139,0.15,esmfold2,fast_loop10_samplingsteps68
3v2o,42,2,0.784,0.798,3.4299,0.797,3.43,1.208,0.925,esmfold2,fast_loop10_samplingsteps68
3v2o,42,3,0.7729,0.7878,9.0286,0.27,9.029,3.089,0.15,esmfold2,fast_loop10_samplingsteps68
3v2o,42,4,0.7143,0.6965,9.0388,0.262,9.039,3.077,0.125,esmfold2,fast_loop10_samplingsteps68
3v2o,43,0,0.788,0.8023,4.0884,0.738,4.088,1.423,0.875,esmfold2,fast_loop10_samplingsteps68
3v2o,43,1,0.7624,0.7673,9.2662,0.255,9.266,3.173,0.125,esmfold2,fast_loop10_samplingsteps68
3v2o,43,2,0.7428,0.7329,9.1589,0.267,9.159,3.11,0.15,esmfold2,fast_loop10_samplingsteps68
3v2o,43,3,0.724,0.713,9.0206,0.262,9.021,3.096,0.125,esmfold2,fast_loop10_samplingsteps68
3v2o,43,4,0.7329,0.7214,9.3345,0.263,9.334,3.151,0.15,esmfold2,fast_loop10_samplingsteps68
3v2o,44,0,0.8331,0.8648,3.7665,0.768,3.766,1.31,0.9,esmfold2,fast_loop10_samplingsteps68
3v2o,44,1,0.7069,0.6929,9.3621,0.253,9.362,3.172,0.125,esmfold2,fast_loop10_samplingsteps68
3v2o,44,2,0.7311,0.7148,9.1347,0.268,9.135,3.106,0.15,esmfold2,fast_loop10_samplingsteps68
3v2o,44,3,0.7956,0.8214,9.3494,0.254,9.349,3.16,0.125,esmfold2,fast_loop10_samplingsteps68
3v2o,44,4,0.7855,0.7988,9.2236,0.257,9.224,3.142,0.125,esmfold2,fast_loop10_samplingsteps68
3wgx,42,0,0.8224,0.827,1.0307,0.935,1.031,0.474,0.912,esmfold2,fast_loop10_samplingsteps68
3wgx,42,1,0.8368,0.8515,0.6457,0.954,0.646,0.323,0.912,esmfold2,fast_loop10_samplingsteps68
3wgx,42,2,0.8339,0.8411,1.2991,0.933,1.299,0.553,0.941,esmfold2,fast_loop10_samplingsteps68
3wgx,42,3,0.841,0.8522,1.5399,0.916,1.54,0.659,0.941,esmfold2,fast_loop10_samplingsteps68
3wgx,42,4,0.8306,0.8297,1.9628,0.875,1.963,0.835,0.912,esmfold2,fast_loop10_samplingsteps68
3wgx,43,0,0.8363,0.8503,1.2181,0.939,1.218,0.514,0.941,esmfold2,fast_loop10_samplingsteps68
3wgx,43,1,0.8345,0.8469,1.4228,0.912,1.423,0.623,0.912,esmfold2,fast_loop10_samplingsteps68
3wgx,43,2,0.8319,0.8392,1.4659,0.9,1.466,0.636,0.882,esmfold2,fast_loop10_samplingsteps68
3wgx,43,3,0.831,0.8373,1.4914,0.928,1.491,0.65,0.971,esmfold2,fast_loop10_samplingsteps68
3wgx,43,4,0.8356,0.8439,1.5383,0.918,1.538,0.644,0.941,esmfold2,fast_loop10_samplingsteps68
3wgx,44,0,0.8385,0.8501,1.4679,0.921,1.468,0.63,0.941,esmfold2,fast_loop10_samplingsteps68
3wgx,44,1,0.8381,0.8437,1.2846,0.923,1.285,0.559,0.912,esmfold2,fast_loop10_samplingsteps68
3wgx,44,2,0.8381,0.8495,1.1827,0.928,1.183,0.522,0.912,esmfold2,fast_loop10_samplingsteps68
3wgx,44,3,0.8429,0.8556,1.16,0.939,1.16,0.514,0.941,esmfold2,fast_loop10_samplingsteps68
3wgx,44,4,0.8378,0.8544,0.7813,0.938,0.781,0.38,0.882,esmfold2,fast_loop10_samplingsteps68
3zrj,42,0,0.758,0.8047,2.7819,0.753,2.782,1.453,0.839,esmfold2,fast_loop10_samplingsteps68
3zrj,42,1,0.7555,0.7994,2.2698,0.825,2.27,1.212,0.935,esmfold2,fast_loop10_samplingsteps68
3zrj,42,2,0.7593,0.8016,2.6998,0.776,2.7,1.357,0.871,esmfold2,fast_loop10_samplingsteps68
3zrj,42,3,0.7511,0.7964,1.4874,0.842,1.487,0.944,0.839,esmfold2,fast_loop10_samplingsteps68
3zrj,42,4,0.7629,0.8041,2.5882,0.761,2.588,1.414,0.839,esmfold2,fast_loop10_samplingsteps68
3zrj,43,0,0.7514,0.798,1.4084,0.883,1.408,0.888,0.935,esmfold2,fast_loop10_samplingsteps68
3zrj,43,1,0.751,0.7853,3.8821,0.714,3.882,1.918,0.935,esmfold2,fast_loop10_samplingsteps68
3zrj,43,2,0.7427,0.7775,3.9023,0.716,3.902,1.893,0.935,esmfold2,fast_loop10_samplingsteps68
3zrj,43,3,0.7512,0.7978,1.7705,0.859,1.77,1.02,0.935,esmfold2,fast_loop10_samplingsteps68
3zrj,43,4,0.7527,0.7889,4.2025,0.698,4.203,2.027,0.935,esmfold2,fast_loop10_samplingsteps68
3zrj,44,0,0.7417,0.7762,3.6923,0.729,3.692,1.797,0.935,esmfold2,fast_loop10_samplingsteps68
3zrj,44,1,0.7561,0.8003,2.5537,0.8,2.554,1.362,0.935,esmfold2,fast_loop10_samplingsteps68
3zrj,44,2,0.7463,0.7851,3.4942,0.739,3.494,1.738,0.935,esmfold2,fast_loop10_samplingsteps68
3zrj,44,3,0.7532,0.7908,3.9106,0.713,3.911,1.92,0.935,esmfold2,fast_loop10_samplingsteps68
3zrj,44,4,0.7557,0.8001,2.4453,0.809,2.445,1.308,0.935,esmfold2,fast_loop10_samplingsteps68
4a2a,42,0,0.8904,0.9362,1.3163,0.922,1.316,0.44,0.868,esmfold2,fast_loop10_samplingsteps68
4a2a,42,1,0.8911,0.9365,1.0487,0.913,1.049,0.462,0.842,esmfold2,fast_loop10_samplingsteps68
4a2a,42,2,0.8884,0.9341,1.4932,0.905,1.493,0.49,0.842,esmfold2,fast_loop10_samplingsteps68
4a2a,42,3,0.8885,0.9325,1.3553,0.907,1.355,0.489,0.842,esmfold2,fast_loop10_samplingsteps68
4a2a,42,4,0.8883,0.9337,1.2288,0.908,1.229,0.493,0.842,esmfold2,fast_loop10_samplingsteps68
4a2a,43,0,0.8811,0.9331,1.2107,0.904,1.211,0.45,0.816,esmfold2,fast_loop10_samplingsteps68
4a2a,43,1,0.8839,0.9335,1.1488,0.893,1.149,0.477,0.789,esmfold2,fast_loop10_samplingsteps68
4a2a,43,2,0.8911,0.936,1.0347,0.925,1.035,0.435,0.868,esmfold2,fast_loop10_samplingsteps68
4a2a,43,3,0.8898,0.9364,1.3753,0.906,1.375,0.497,0.842,esmfold2,fast_loop10_samplingsteps68
4a2a,43,4,0.8921,0.937,0.9516,0.924,0.952,0.452,0.868,esmfold2,fast_loop10_samplingsteps68
4a2a,44,0,0.8886,0.9339,1.2373,0.914,1.237,0.439,0.842,esmfold2,fast_loop10_samplingsteps68
4a2a,44,1,0.8886,0.9334,1.0196,0.913,1.02,0.468,0.842,esmfold2,fast_loop10_samplingsteps68
4a2a,44,2,0.8814,0.9332,1.1483,0.889,1.148,0.511,0.789,esmfold2,fast_loop10_samplingsteps68
4a2a,44,3,0.8913,0.9364,0.8486,0.92,0.849,0.422,0.842,esmfold2,fast_loop10_samplingsteps68
4a2a,44,4,0.8931,0.9368,0.873,0.915,0.873,0.46,0.842,esmfold2,fast_loop10_samplingsteps68
4bt9,42,0,0.7211,0.7487,2.8149,0.912,2.815,0.584,0.966,esmfold2,fast_loop10_samplingsteps68
4bt9,42,1,0.7373,0.7698,1.8628,0.941,1.863,0.491,0.966,esmfold2,fast_loop10_samplingsteps68
4bt9,42,2,0.7278,0.7604,3.44,0.895,3.44,0.608,0.966,esmfold2,fast_loop10_samplingsteps68
4bt9,42,3,0.7234,0.7528,2.3047,0.926,2.305,0.55,0.966,esmfold2,fast_loop10_samplingsteps68
4bt9,42,4,0.7219,0.7558,2.1421,0.921,2.142,0.615,0.966,esmfold2,fast_loop10_samplingsteps68
4bt9,43,0,0.7352,0.7659,4.7548,0.851,4.755,0.692,0.966,esmfold2,fast_loop10_samplingsteps68
4bt9,43,1,0.73,0.7567,3.5706,0.877,3.571,0.716,0.966,esmfold2,fast_loop10_samplingsteps68
4bt9,43,2,0.727,0.7579,2.3632,0.93,2.363,0.507,0.966,esmfold2,fast_loop10_samplingsteps68
4bt9,43,3,0.7206,0.754,2.4352,0.909,2.435,0.659,0.966,esmfold2,fast_loop10_samplingsteps68
4bt9,43,4,0.7224,0.7479,3.6884,0.872,3.688,0.731,0.966,esmfold2,fast_loop10_samplingsteps68
4bt9,44,0,0.7171,0.741,3.6555,0.869,3.656,0.674,0.931,esmfold2,fast_loop10_samplingsteps68
4bt9,44,1,0.7367,0.7669,3.3501,0.899,3.35,0.588,0.966,esmfold2,fast_loop10_samplingsteps68
4bt9,44,2,0.7289,0.7569,3.5055,0.898,3.506,0.569,0.966,esmfold2,fast_loop10_samplingsteps68
4bt9,44,3,0.7351,0.7665,2.7271,0.912,2.727,0.599,0.966,esmfold2,fast_loop10_samplingsteps68
4bt9,44,4,0.7402,0.7747,2.5898,0.923,2.59,0.533,0.966,esmfold2,fast_loop10_samplingsteps68
4c5a,42,0,0.3066,0.4208,43.2011,0.016,43.201,13.587,0.0,esmfold2,fast_loop10_samplingsteps68
4c5a,42,1,0.3084,0.4041,38.1052,0.021,38.105,12.131,0.0,esmfold2,fast_loop10_samplingsteps68
4c5a,42,2,0.3228,0.4189,39.0611,0.02,39.061,12.022,0.0,esmfold2,fast_loop10_samplingsteps68
4c5a,42,3,0.2881,0.3524,45.6794,0.015,45.679,14.078,0.0,esmfold2,fast_loop10_samplingsteps68
4c5a,42,4,0.3017,0.403,40.1597,0.019,40.16,12.361,0.0,esmfold2,fast_loop10_samplingsteps68
4c5a,43,0,0.317,0.4138,41.2992,0.018,41.299,13.009,0.0,esmfold2,fast_loop10_samplingsteps68
4c5a,43,1,0.3995,0.518,38.534,0.021,38.534,11.754,0.0,esmfold2,fast_loop10_samplingsteps68
4c5a,43,2,0.2575,0.3255,33.3484,0.026,33.348,11.298,0.0,esmfold2,fast_loop10_samplingsteps68
4c5a,43,3,0.3036,0.3944,34.4127,0.025,34.413,10.813,0.0,esmfold2,fast_loop10_samplingsteps68
4c5a,43,4,0.3174,0.4144,39.54,0.02,39.54,12.244,0.0,esmfold2,fast_loop10_samplingsteps68
4c5a,44,0,0.3157,0.4171,40.2891,0.019,40.289,12.537,0.0,esmfold2,fast_loop10_samplingsteps68
4c5a,44,1,0.4184,0.5759,38.093,0.021,38.093,11.914,0.0,esmfold2,fast_loop10_samplingsteps68
4c5a,44,2,0.2993,0.3993,38.6957,0.02,38.696,12.213,0.0,esmfold2,fast_loop10_samplingsteps68
4c5a,44,3,0.3365,0.4463,40.7919,0.018,40.792,12.682,0.0,esmfold2,fast_loop10_samplingsteps68
4c5a,44,4,0.2583,0.3366,33.2396,0.026,33.24,11.138,0.0,esmfold2,fast_loop10_samplingsteps68
4dg3,42,0,0.9062,0.9657,0.5603,0.939,0.56,0.474,0.913,esmfold2,fast_loop10_samplingsteps68
4dg3,42,1,0.8976,0.9654,0.9452,0.881,0.945,0.814,0.884,esmfold2,fast_loop10_samplingsteps68
4dg3,42,2,0.9062,0.9659,0.604,0.93,0.604,0.511,0.899,esmfold2,fast_loop10_samplingsteps68
4dg3,42,3,0.9055,0.9659,0.5448,0.888,0.545,0.824,0.899,esmfold2,fast_loop10_samplingsteps68
4dg3,42,4,0.9029,0.965,0.894,0.927,0.894,0.56,0.913,esmfold2,fast_loop10_samplingsteps68
4dg3,43,0,0.9012,0.9653,1.1924,0.902,1.192,0.655,0.884,esmfold2,fast_loop10_samplingsteps68
4dg3,43,1,0.905,0.9652,0.5436,0.936,0.544,0.503,0.913,esmfold2,fast_loop10_samplingsteps68
4dg3,43,2,0.904,0.9645,0.6037,0.934,0.604,0.518,0.913,esmfold2,fast_loop10_samplingsteps68
4dg3,43,3,0.8551,0.9327,1.8588,0.859,1.859,0.926,0.899,esmfold2,fast_loop10_samplingsteps68
4dg3,43,4,0.9054,0.9659,0.5042,0.947,0.504,0.405,0.913,esmfold2,fast_loop10_samplingsteps68
4dg3,44,0,0.9004,0.9655,0.6683,0.908,0.668,0.712,0.913,esmfold2,fast_loop10_samplingsteps68
4dg3,44,1,0.8573,0.9322,1.9411,0.865,1.941,0.912,0.913,esmfold2,fast_loop10_samplingsteps68
4dg3,44,2,0.8971,0.9637,1.0495,0.909,1.049,0.644,0.899,esmfold2,fast_loop10_samplingsteps68
4dg3,44,3,0.8968,0.9623,0.9651,0.923,0.965,0.581,0.913,esmfold2,fast_loop10_samplingsteps68
4dg3,44,4,0.9057,0.9659,0.635,0.931,0.635,0.499,0.899,esmfold2,fast_loop10_samplingsteps68
4ep2,42,0,0.6163,0.6588,0.8365,0.963,0.836,0.33,0.946,esmfold2,fast_loop10_samplingsteps68
4ep2,42,1,0.6326,0.673,12.9153,0.205,12.915,3.581,0.162,esmfold2,fast_loop10_samplingsteps68
4ep2,42,2,0.6277,0.6705,12.9159,0.205,12.916,3.581,0.162,esmfold2,fast_loop10_samplingsteps68
4ep2,42,3,0.5455,0.6199,13.1991,0.195,13.199,3.665,0.149,esmfold2,fast_loop10_samplingsteps68
4ep2,42,4,0.5445,0.6196,1.004,0.942,1.004,0.401,0.905,esmfold2,fast_loop10_samplingsteps68
4ep2,43,0,0.629,0.6728,12.9238,0.204,12.924,3.583,0.162,esmfold2,fast_loop10_samplingsteps68
4ep2,43,1,0.6203,0.6633,0.9054,0.949,0.905,0.381,0.919,esmfold2,fast_loop10_samplingsteps68
4ep2,43,2,0.622,0.6662,0.7164,0.967,0.716,0.298,0.946,esmfold2,fast_loop10_samplingsteps68
4ep2,43,3,0.548,0.6179,0.8674,0.95,0.867,0.379,0.919,esmfold2,fast_loop10_samplingsteps68
4ep2,43,4,0.5638,0.6244,0.8884,0.949,0.888,0.386,0.919,esmfold2,fast_loop10_samplingsteps68
4ep2,44,0,0.5478,0.6161,0.9621,0.951,0.962,0.357,0.919,esmfold2,fast_loop10_samplingsteps68
4ep2,44,1,0.5557,0.6247,0.8798,0.947,0.88,0.36,0.905,esmfold2,fast_loop10_samplingsteps68
4ep2,44,2,0.6514,0.6901,12.9075,0.205,12.907,3.584,0.162,esmfold2,fast_loop10_samplingsteps68
4ep2,44,3,0.6338,0.6716,0.8378,0.95,0.838,0.375,0.919,esmfold2,fast_loop10_samplingsteps68
4ep2,44,4,0.5412,0.6116,13.2554,0.194,13.255,3.68,0.149,esmfold2,fast_loop10_samplingsteps68
4fii,42,0,0.8636,0.9604,0.6269,0.926,0.627,0.665,0.947,esmfold2,fast_loop10_samplingsteps68
4fii,42,1,0.8527,0.9584,0.9274,0.895,0.927,0.865,0.947,esmfold2,fast_loop10_samplingsteps68
4fii,42,2,0.8575,0.9577,0.4619,0.916,0.462,0.742,0.947,esmfold2,fast_loop10_samplingsteps68
4fii,42,3,0.8591,0.9588,0.7114,0.944,0.711,0.525,0.947,esmfold2,fast_loop10_samplingsteps68
4fii,42,4,0.8635,0.9603,0.6129,0.932,0.613,0.618,0.947,esmfold2,fast_loop10_samplingsteps68
4fii,43,0,0.865,0.9629,0.721,0.921,0.721,0.696,0.947,esmfold2,fast_loop10_samplingsteps68
4fii,43,1,0.861,0.9619,0.7133,0.938,0.713,0.572,0.947,esmfold2,fast_loop10_samplingsteps68
4fii,43,2,0.8654,0.9629,0.7501,0.913,0.75,0.752,0.947,esmfold2,fast_loop10_samplingsteps68
4fii,43,3,0.8611,0.9616,0.7521,0.941,0.752,0.474,0.921,esmfold2,fast_loop10_samplingsteps68
4fii,43,4,0.8651,0.9622,0.6772,0.927,0.677,0.651,0.947,esmfold2,fast_loop10_samplingsteps68
4fii,44,0,0.8657,0.9625,0.6265,0.925,0.626,0.669,0.947,esmfold2,fast_loop10_samplingsteps68
4fii,44,1,0.8611,0.9635,0.5554,0.919,0.555,0.717,0.947,esmfold2,fast_loop10_samplingsteps68
4fii,44,2,0.8646,0.9618,0.6937,0.915,0.694,0.737,0.947,esmfold2,fast_loop10_samplingsteps68
4fii,44,3,0.867,0.9632,0.694,0.913,0.694,0.751,0.947,esmfold2,fast_loop10_samplingsteps68
4fii,44,4,0.8667,0.9626,0.5489,0.921,0.549,0.643,0.921,esmfold2,fast_loop10_samplingsteps68
4gq6,42,0,0.7022,0.8988,4.3818,0.683,4.382,1.368,0.714,esmfold2,fast_loop10_samplingsteps68
4gq6,42,1,0.7066,0.8955,0.9334,0.917,0.933,0.379,0.821,esmfold2,fast_loop10_samplingsteps68
4gq6,42,2,0.719,0.8993,1.2307,0.919,1.231,0.441,0.857,esmfold2,fast_loop10_samplingsteps68
4gq6,42,3,0.7399,0.8941,1.6295,0.906,1.629,0.555,0.875,esmfold2,fast_loop10_samplingsteps68
4gq6,42,4,0.7072,0.8944,2.5397,0.828,2.54,0.84,0.804,esmfold2,fast_loop10_samplingsteps68
4gq6,43,0,0.7273,0.8933,2.1201,0.857,2.12,0.688,0.804,esmfold2,fast_loop10_samplingsteps68
4gq6,43,1,0.7377,0.8956,2.2015,0.871,2.202,0.705,0.857,esmfold2,fast_loop10_samplingsteps68
4gq6,43,2,0.7343,0.8979,2.9383,0.823,2.938,0.936,0.857,esmfold2,fast_loop10_samplingsteps68
4gq6,43,3,0.7208,0.8898,1.2389,0.898,1.239,0.47,0.804,esmfold2,fast_loop10_samplingsteps68
4gq6,43,4,0.7352,0.8953,2.0631,0.893,2.063,0.692,0.911,esmfold2,fast_loop10_samplingsteps68
4gq6,44,0,0.7339,0.896,2.981,0.835,2.981,0.929,0.893,esmfold2,fast_loop10_samplingsteps68
4gq6,44,1,0.7341,0.8965,1.8072,0.886,1.807,0.602,0.839,esmfold2,fast_loop10_samplingsteps68
4gq6,44,2,0.7331,0.8939,2.5934,0.841,2.593,0.826,0.839,esmfold2,fast_loop10_samplingsteps68
4gq6,44,3,0.7326,0.8945,2.024,0.873,2.024,0.67,0.839,esmfold2,fast_loop10_samplingsteps68
4gq6,44,4,0.7382,0.8959,1.8277,0.914,1.828,0.612,0.929,esmfold2,fast_loop10_samplingsteps68
4hdq,42,0,0.8239,0.9289,2.566,0.851,2.566,0.823,0.867,esmfold2,fast_loop10_samplingsteps68
4hdq,42,1,0.7968,0.908,1.8134,0.88,1.813,0.707,0.867,esmfold2,fast_loop10_samplingsteps68
4hdq,42,2,0.814,0.924,1.8506,0.881,1.851,0.699,0.867,esmfold2,fast_loop10_samplingsteps68
4hdq,42,3,0.8243,0.9248,2.4596,0.852,2.46,0.825,0.867,esmfold2,fast_loop10_samplingsteps68
4hdq,42,4,0.8232,0.9229,2.49,0.851,2.49,0.833,0.867,esmfold2,fast_loop10_samplingsteps68
4hdq,43,0,0.8241,0.9225,2.5324,0.842,2.532,0.813,0.833,esmfold2,fast_loop10_samplingsteps68
4hdq,43,1,0.8051,0.907,1.7785,0.863,1.779,0.677,0.8,esmfold2,fast_loop10_samplingsteps68
4hdq,43,2,0.7577,0.8779,2.0123,0.865,2.012,0.719,0.833,esmfold2,fast_loop10_samplingsteps68
4hdq,43,3,0.8217,0.9279,2.2202,0.882,2.22,0.723,0.9,esmfold2,fast_loop10_samplingsteps68
4hdq,43,4,0.8238,0.9243,2.7848,0.836,2.785,0.894,0.867,esmfold2,fast_loop10_samplingsteps68
4hdq,44,0,0.8224,0.9258,2.6873,0.842,2.687,0.868,0.867,esmfold2,fast_loop10_samplingsteps68
4hdq,44,1,0.8039,0.9121,2.0367,0.864,2.037,0.718,0.833,esmfold2,fast_loop10_samplingsteps68
4hdq,44,2,0.8196,0.9219,2.5076,0.856,2.508,0.795,0.867,esmfold2,fast_loop10_samplingsteps68
4hdq,44,3,0.825,0.9281,2.5917,0.847,2.592,0.845,0.867,esmfold2,fast_loop10_samplingsteps68
4hdq,44,4,0.8332,0.9334,2.5113,0.853,2.511,0.812,0.867,esmfold2,fast_loop10_samplingsteps68
4iga,42,0,0.8845,0.9048,0.5008,0.963,0.501,0.354,0.944,esmfold2,fast_loop10_samplingsteps68
4iga,42,1,0.5425,0.3211,2.0124,0.678,2.012,1.492,0.583,esmfold2,fast_loop10_samplingsteps68
4iga,42,2,0.5482,0.3329,2.7221,0.606,2.722,1.697,0.472,esmfold2,fast_loop10_samplingsteps68
4iga,42,3,0.5153,0.2697,14.7394,0.131,14.739,8.019,0.111,esmfold2,fast_loop10_samplingsteps68
4iga,42,4,0.88,0.8975,0.5212,0.961,0.521,0.371,0.944,esmfold2,fast_loop10_samplingsteps68
4iga,43,0,0.542,0.3198,1.6177,0.681,1.618,1.432,0.556,esmfold2,fast_loop10_samplingsteps68
4iga,43,1,0.8808,0.8976,0.5763,0.961,0.576,0.363,0.944,esmfold2,fast_loop10_samplingsteps68
4iga,43,2,0.5286,0.2903,3.5861,0.531,3.586,2.025,0.389,esmfold2,fast_loop10_samplingsteps68
4iga,43,3,0.5419,0.3175,14.6,0.114,14.6,7.966,0.056,esmfold2,fast_loop10_samplingsteps68
4iga,43,4,0.5287,0.2931,14.517,0.115,14.517,7.916,0.056,esmfold2,fast_loop10_samplingsteps68
4iga,44,0,0.517,0.2739,14.6417,0.123,14.642,7.986,0.083,esmfold2,fast_loop10_samplingsteps68
4iga,44,1,0.5256,0.2921,14.473,0.116,14.473,7.789,0.056,esmfold2,fast_loop10_samplingsteps68
4iga,44,2,0.8769,0.8936,0.6464,0.958,0.646,0.391,0.944,esmfold2,fast_loop10_samplingsteps68
4iga,44,3,0.5249,0.2852,14.3862,0.135,14.386,7.867,0.111,esmfold2,fast_loop10_samplingsteps68
4iga,44,4,0.866,0.8779,0.6299,0.957,0.63,0.4,0.944,esmfold2,fast_loop10_samplingsteps68
4j2c,42,0,0.8791,0.8956,0.8752,0.882,0.875,0.887,0.914,esmfold2,fast_loop10_samplingsteps68
4j2c,42,1,0.8822,0.8983,0.764,0.885,0.764,0.866,0.914,esmfold2,fast_loop10_samplingsteps68
4j2c,42,2,0.8779,0.8951,1.0102,0.932,1.01,0.586,0.943,esmfold2,fast_loop10_samplingsteps68
4j2c,42,3,0.8692,0.8958,1.1136,0.779,1.114,1.513,0.857,esmfold2,fast_loop10_samplingsteps68
4j2c,42,4,0.8835,0.9015,0.7622,0.873,0.762,0.888,0.886,esmfold2,fast_loop10_samplingsteps68
4j2c,43,0,0.8786,0.8955,0.7808,0.851,0.781,1.11,0.914,esmfold2,fast_loop10_samplingsteps68
4j2c,43,1,0.8822,0.8991,0.7703,0.845,0.77,1.012,0.857,esmfold2,fast_loop10_samplingsteps68
4j2c,43,2,0.8776,0.8963,0.8836,0.878,0.884,0.979,0.943,esmfold2,fast_loop10_samplingsteps68
4j2c,43,3,0.8802,0.897,0.8423,0.876,0.842,0.995,0.943,esmfold2,fast_loop10_samplingsteps68
4j2c,43,4,0.882,0.8988,0.7802,0.882,0.78,0.887,0.914,esmfold2,fast_loop10_samplingsteps68
4j2c,44,0,0.8813,0.8973,0.8196,0.859,0.82,0.983,0.886,esmfold2,fast_loop10_samplingsteps68
4j2c,44,1,0.8729,0.8892,0.7343,0.881,0.734,0.967,0.943,esmfold2,fast_loop10_samplingsteps68
4j2c,44,2,0.8791,0.8972,0.775,0.856,0.775,1.001,0.886,esmfold2,fast_loop10_samplingsteps68
4j2c,44,3,0.8793,0.8968,0.754,0.867,0.754,0.997,0.914,esmfold2,fast_loop10_samplingsteps68
4j2c,44,4,0.8809,0.8986,0.7967,0.888,0.797,0.846,0.914,esmfold2,fast_loop10_samplingsteps68
4j8b,42,0,0.9053,0.9593,0.8822,0.96,0.882,0.337,0.938,esmfold2,fast_loop10_samplingsteps68
4j8b,42,1,0.9035,0.9591,0.843,0.95,0.843,0.331,0.906,esmfold2,fast_loop10_samplingsteps68
4j8b,42,2,0.9034,0.9585,0.9148,0.958,0.915,0.351,0.938,esmfold2,fast_loop10_samplingsteps68
4j8b,42,3,0.905,0.9605,0.9474,0.957,0.947,0.357,0.938,esmfold2,fast_loop10_samplingsteps68
4j8b,42,4,0.9016,0.9552,0.761,0.963,0.761,0.311,0.938,esmfold2,fast_loop10_samplingsteps68
4j8b,43,0,0.905,0.9593,1.0438,0.945,1.044,0.369,0.906,esmfold2,fast_loop10_samplingsteps68
4j8b,43,1,0.9028,0.9586,0.8972,0.959,0.897,0.339,0.938,esmfold2,fast_loop10_samplingsteps68
4j8b,43,2,0.9034,0.9594,0.8773,0.959,0.877,0.339,0.938,esmfold2,fast_loop10_samplingsteps68
4j8b,43,3,0.9044,0.9597,1.0568,0.954,1.057,0.379,0.938,esmfold2,fast_loop10_samplingsteps68
4j8b,43,4,0.9047,0.9605,1.0054,0.956,1.005,0.362,0.938,esmfold2,fast_loop10_samplingsteps68
4j8b,44,0,0.9052,0.9604,0.8347,0.961,0.835,0.329,0.938,esmfold2,fast_loop10_samplingsteps68
4j8b,44,1,0.9047,0.9606,1.0363,0.955,1.036,0.371,0.938,esmfold2,fast_loop10_samplingsteps68
4j8b,44,2,0.9055,0.9606,0.9604,0.957,0.96,0.358,0.938,esmfold2,fast_loop10_samplingsteps68
4j8b,44,3,0.9031,0.9597,0.9682,0.957,0.968,0.355,0.938,esmfold2,fast_loop10_samplingsteps68
4j8b,44,4,0.9035,0.9597,0.9178,0.948,0.918,0.348,0.906,esmfold2,fast_loop10_samplingsteps68
4leb,42,0,0.9053,0.9655,2.6848,0.858,2.685,1.069,1.0,esmfold2,fast_loop10_samplingsteps68
4leb,42,1,0.9071,0.9676,2.7072,0.858,2.707,1.059,1.0,esmfold2,fast_loop10_samplingsteps68
4leb,42,2,0.905,0.9679,2.6877,0.859,2.688,1.058,1.0,esmfold2,fast_loop10_samplingsteps68
4leb,42,3,0.903,0.9676,2.7576,0.856,2.758,1.069,1.0,esmfold2,fast_loop10_samplingsteps68
4leb,42,4,0.9068,0.966,2.8219,0.852,2.822,1.09,1.0,esmfold2,fast_loop10_samplingsteps68
4leb,43,0,0.903,0.9654,2.7492,0.855,2.749,1.079,1.0,esmfold2,fast_loop10_samplingsteps68
4leb,43,1,0.8999,0.9659,2.794,0.856,2.794,1.066,1.0,esmfold2,fast_loop10_samplingsteps68
4leb,43,2,0.9059,0.9672,2.6809,0.858,2.681,1.068,1.0,esmfold2,fast_loop10_samplingsteps68
4leb,43,3,0.9033,0.9667,2.6571,0.861,2.657,1.049,1.0,esmfold2,fast_loop10_samplingsteps68
4leb,43,4,0.9084,0.9679,2.6819,0.857,2.682,1.071,1.0,esmfold2,fast_loop10_samplingsteps68
4leb,44,0,0.9018,0.9666,2.5981,0.862,2.598,1.048,1.0,esmfold2,fast_loop10_samplingsteps68
4leb,44,1,0.9022,0.9661,2.7877,0.854,2.788,1.08,1.0,esmfold2,fast_loop10_samplingsteps68
4leb,44,2,0.872,0.9517,2.7317,0.846,2.732,1.074,0.971,esmfold2,fast_loop10_samplingsteps68
4leb,44,3,0.9012,0.9664,2.5507,0.866,2.551,1.027,1.0,esmfold2,fast_loop10_samplingsteps68
4leb,44,4,0.9036,0.9683,2.6442,0.861,2.644,1.052,1.0,esmfold2,fast_loop10_samplingsteps68
4lk9,42,0,0.847,0.8863,2.2716,0.773,2.272,1.254,0.796,esmfold2,fast_loop10_samplingsteps68
4lk9,42,1,0.8501,0.8895,0.7389,0.841,0.739,0.903,0.796,esmfold2,fast_loop10_samplingsteps68
4lk9,42,2,0.8468,0.8886,0.6042,0.853,0.604,0.874,0.816,esmfold2,fast_loop10_samplingsteps68
4lk9,42,3,0.8494,0.8896,0.8023,0.854,0.802,0.853,0.816,esmfold2,fast_loop10_samplingsteps68
4lk9,42,4,0.8424,0.8844,1.8283,0.772,1.828,1.209,0.755,esmfold2,fast_loop10_samplingsteps68
4lk9,43,0,0.841,0.883,1.5233,0.818,1.523,1.005,0.796,esmfold2,fast_loop10_samplingsteps68
4lk9,43,1,0.8436,0.8835,0.9606,0.828,0.961,0.935,0.776,esmfold2,fast_loop10_samplingsteps68
4lk9,43,2,0.8525,0.8931,0.6294,0.841,0.629,0.858,0.776,esmfold2,fast_loop10_samplingsteps68
4lk9,43,3,0.8556,0.8932,0.8649,0.854,0.865,0.849,0.816,esmfold2,fast_loop10_samplingsteps68
4lk9,43,4,0.8448,0.8864,1.606,0.805,1.606,1.047,0.776,esmfold2,fast_loop10_samplingsteps68
4lk9,44,0,0.8546,0.8954,0.6825,0.836,0.683,0.843,0.755,esmfold2,fast_loop10_samplingsteps68
4lk9,44,1,0.8435,0.8834,2.0729,0.79,2.073,1.148,0.796,esmfold2,fast_loop10_samplingsteps68
4lk9,44,2,0.8559,0.8957,0.6913,0.859,0.691,0.782,0.796,esmfold2,fast_loop10_samplingsteps68
4lk9,44,3,0.852,0.8933,0.5485,0.861,0.549,0.817,0.816,esmfold2,fast_loop10_samplingsteps68
4lk9,44,4,0.8406,0.8823,1.433,0.819,1.433,1.005,0.796,esmfold2,fast_loop10_samplingsteps68
4lzf,42,0,0.8737,0.8843,11.5112,0.423,11.511,3.461,0.758,esmfold2,fast_loop10_samplingsteps68
4lzf,42,1,0.8718,0.8831,11.9083,0.417,11.908,3.476,0.758,esmfold2,fast_loop10_samplingsteps68
4lzf,42,2,0.8743,0.8852,11.088,0.417,11.088,3.516,0.727,esmfold2,fast_loop10_samplingsteps68
4lzf,42,3,0.8769,0.8878,11.4971,0.423,11.497,3.455,0.758,esmfold2,fast_loop10_samplingsteps68
4lzf,42,4,0.8755,0.8848,11.65,0.411,11.65,3.462,0.727,esmfold2,fast_loop10_samplingsteps68
4lzf,43,0,0.8631,0.8687,11.9634,0.47,11.963,3.376,0.909,esmfold2,fast_loop10_samplingsteps68
4lzf,43,1,0.8638,0.8737,11.2909,0.469,11.291,3.366,0.879,esmfold2,fast_loop10_samplingsteps68
4lzf,43,2,0.8666,0.8737,11.5123,0.465,11.512,3.411,0.879,esmfold2,fast_loop10_samplingsteps68
4lzf,43,3,0.8633,0.8718,11.2918,0.428,11.292,3.393,0.758,esmfold2,fast_loop10_samplingsteps68
4lzf,43,4,0.8622,0.8692,11.6709,0.474,11.671,3.373,0.909,esmfold2,fast_loop10_samplingsteps68
4lzf,44,0,0.8742,0.8841,10.929,0.409,10.929,3.533,0.697,esmfold2,fast_loop10_samplingsteps68
4lzf,44,1,0.8683,0.8764,11.9379,0.418,11.938,3.442,0.758,esmfold2,fast_loop10_samplingsteps68
4lzf,44,2,0.8657,0.8749,11.3802,0.477,11.38,3.376,0.909,esmfold2,fast_loop10_samplingsteps68
4lzf,44,3,0.87,0.8854,11.9762,0.436,11.976,3.486,0.818,esmfold2,fast_loop10_samplingsteps68
4lzf,44,4,0.8759,0.8898,11.3637,0.424,11.364,3.486,0.758,esmfold2,fast_loop10_samplingsteps68
4m5s,42,0,0.8322,0.8246,2.0844,0.866,2.084,0.802,0.878,esmfold2,fast_loop10_samplingsteps68
4m5s,42,1,0.8214,0.806,2.2151,0.86,2.215,0.831,0.878,esmfold2,fast_loop10_samplingsteps68
4m5s,42,2,0.8324,0.8259,1.8915,0.875,1.892,0.761,0.878,esmfold2,fast_loop10_samplingsteps68
4m5s,42,3,0.7887,0.7761,2.3301,0.826,2.33,0.995,0.854,esmfold2,fast_loop10_samplingsteps68
4m5s,42,4,0.833,0.8259,2.3502,0.866,2.35,0.883,0.927,esmfold2,fast_loop10_samplingsteps68
4m5s,43,0,0.8296,0.8191,2.0049,0.869,2.005,0.792,0.878,esmfold2,fast_loop10_samplingsteps68
4m5s,43,1,0.8337,0.8268,2.1258,0.85,2.126,0.855,0.854,esmfold2,fast_loop10_samplingsteps68
4m5s,43,2,0.831,0.8247,2.1204,0.862,2.12,0.827,0.878,esmfold2,fast_loop10_samplingsteps68
4m5s,43,3,0.8279,0.8215,2.0128,0.873,2.013,0.819,0.902,esmfold2,fast_loop10_samplingsteps68
4m5s,43,4,0.8306,0.8216,1.8188,0.876,1.819,0.761,0.878,esmfold2,fast_loop10_samplingsteps68
4m5s,44,0,0.8304,0.8216,2.0753,0.869,2.075,0.787,0.878,esmfold2,fast_loop10_samplingsteps68
4m5s,44,1,0.8309,0.823,2.1315,0.871,2.131,0.824,0.902,esmfold2,fast_loop10_samplingsteps68
4m5s,44,2,0.8298,0.8228,2.122,0.884,2.122,0.791,0.927,esmfold2,fast_loop10_samplingsteps68
4m5s,44,3,0.8334,0.8267,2.113,0.868,2.113,0.842,0.902,esmfold2,fast_loop10_samplingsteps68
4m5s,44,4,0.8275,0.8189,1.9381,0.89,1.938,0.769,0.927,esmfold2,fast_loop10_samplingsteps68
4m91,42,0,0.8209,0.8846,4.1387,0.658,4.139,1.469,0.654,esmfold2,fast_loop10_samplingsteps68
4m91,42,1,0.8298,0.8968,4.3526,0.658,4.353,1.53,0.692,esmfold2,fast_loop10_samplingsteps68
4m91,42,2,0.8311,0.8976,4.2804,0.66,4.28,1.526,0.692,esmfold2,fast_loop10_samplingsteps68
4m91,42,3,0.8238,0.8885,4.2713,0.667,4.271,1.472,0.692,esmfold2,fast_loop10_samplingsteps68
4m91,42,4,0.8304,0.8963,4.1864,0.665,4.186,1.504,0.692,esmfold2,fast_loop10_samplingsteps68
4m91,43,0,0.8279,0.8964,4.1052,0.661,4.105,1.447,0.654,esmfold2,fast_loop10_samplingsteps68
4m91,43,1,0.8214,0.8861,4.0619,0.671,4.062,1.483,0.692,esmfold2,fast_loop10_samplingsteps68
4m91,43,2,0.8201,0.8853,4.4481,0.652,4.448,1.569,0.692,esmfold2,fast_loop10_samplingsteps68
4m91,43,3,0.8,0.8614,2.8772,0.782,2.877,1.031,0.769,esmfold2,fast_loop10_samplingsteps68
4m91,43,4,0.825,0.8901,4.1491,0.67,4.149,1.467,0.692,esmfold2,fast_loop10_samplingsteps68
4m91,44,0,0.8261,0.8934,4.3625,0.657,4.363,1.543,0.692,esmfold2,fast_loop10_samplingsteps68
4m91,44,1,0.8316,0.8977,3.9743,0.678,3.974,1.434,0.692,esmfold2,fast_loop10_samplingsteps68
4m91,44,2,0.8287,0.894,4.2475,0.649,4.247,1.523,0.654,esmfold2,fast_loop10_samplingsteps68
4m91,44,3,0.8279,0.892,4.1605,0.665,4.161,1.509,0.692,esmfold2,fast_loop10_samplingsteps68
4m91,44,4,0.8227,0.8908,3.6651,0.686,3.665,1.33,0.654,esmfold2,fast_loop10_samplingsteps68
4mvi,42,0,0.685,0.8435,3.5922,0.556,3.592,2.226,0.508,esmfold2,fast_loop10_samplingsteps68
4mvi,42,1,0.6842,0.8489,3.7332,0.54,3.733,2.254,0.475,esmfold2,fast_loop10_samplingsteps68
4mvi,42,2,0.6785,0.8449,4.0266,0.534,4.027,2.329,0.492,esmfold2,fast_loop10_samplingsteps68
4mvi,42,3,0.6783,0.8293,3.8346,0.56,3.835,2.01,0.492,esmfold2,fast_loop10_samplingsteps68
4mvi,42,4,0.6628,0.8382,5.6771,0.455,5.677,2.623,0.426,esmfold2,fast_loop10_samplingsteps68
4mvi,43,0,0.6815,0.8421,3.4483,0.538,3.448,2.402,0.475,esmfold2,fast_loop10_samplingsteps68
4mvi,43,1,0.6703,0.8381,3.569,0.533,3.569,2.543,0.492,esmfold2,fast_loop10_samplingsteps68
4mvi,43,2,0.6604,0.8348,3.3653,0.57,3.365,2.178,0.525,esmfold2,fast_loop10_samplingsteps68
4mvi,43,3,0.6768,0.8328,3.4872,0.558,3.487,2.238,0.508,esmfold2,fast_loop10_samplingsteps68
4mvi,43,4,0.682,0.8381,3.5427,0.545,3.543,2.345,0.492,esmfold2,fast_loop10_samplingsteps68
4mvi,44,0,0.6769,0.8359,4.4418,0.487,4.442,2.864,0.459,esmfold2,fast_loop10_samplingsteps68
4mvi,44,1,0.677,0.842,3.6261,0.531,3.626,2.354,0.459,esmfold2,fast_loop10_samplingsteps68
4mvi,44,2,0.6733,0.8276,4.4615,0.523,4.461,2.328,0.492,esmfold2,fast_loop10_samplingsteps68
4mvi,44,3,0.6838,0.8428,3.6208,0.557,3.621,2.207,0.508,esmfold2,fast_loop10_samplingsteps68
4mvi,44,4,0.6705,0.8363,3.9169,0.515,3.917,2.644,0.475,esmfold2,fast_loop10_samplingsteps68
4nuu,42,0,0.784,0.8905,1.7498,0.656,1.75,2.627,0.763,esmfold2,fast_loop10_samplingsteps68
4nuu,42,1,0.7853,0.8853,1.9711,0.648,1.971,2.543,0.737,esmfold2,fast_loop10_samplingsteps68
4nuu,42,2,0.7907,0.8905,1.4458,0.67,1.446,2.433,0.763,esmfold2,fast_loop10_samplingsteps68
4nuu,42,3,0.787,0.8917,1.4019,0.661,1.402,2.621,0.763,esmfold2,fast_loop10_samplingsteps68
4nuu,42,4,0.7805,0.8865,2.0803,0.647,2.08,2.534,0.737,esmfold2,fast_loop10_samplingsteps68
4nuu,43,0,0.798,0.8945,2.1228,0.653,2.123,2.568,0.763,esmfold2,fast_loop10_samplingsteps68
4nuu,43,1,0.7808,0.8888,1.6519,0.664,1.652,2.506,0.763,esmfold2,fast_loop10_samplingsteps68
4nuu,43,2,0.7989,0.8963,1.4157,0.673,1.416,2.381,0.763,esmfold2,fast_loop10_samplingsteps68
4nuu,43,3,0.7751,0.8856,1.5631,0.665,1.563,2.497,0.763,esmfold2,fast_loop10_samplingsteps68
4nuu,43,4,0.7805,0.8839,1.4287,0.674,1.429,2.525,0.789,esmfold2,fast_loop10_samplingsteps68
4nuu,44,0,0.7835,0.8866,1.4157,0.674,1.416,2.373,0.763,esmfold2,fast_loop10_samplingsteps68
4nuu,44,1,0.7693,0.8735,2.0407,0.652,2.041,2.436,0.737,esmfold2,fast_loop10_samplingsteps68
4nuu,44,2,0.7873,0.8849,1.7609,0.665,1.761,2.295,0.737,esmfold2,fast_loop10_samplingsteps68
4nuu,44,3,0.7923,0.8996,1.1414,0.662,1.141,2.321,0.711,esmfold2,fast_loop10_samplingsteps68
4nuu,44,4,0.7842,0.8908,1.1489,0.672,1.149,2.645,0.789,esmfold2,fast_loop10_samplingsteps68
4nxr,42,0,0.7525,0.7823,0.6945,0.721,0.694,2.3,0.872,esmfold2,fast_loop10_samplingsteps68
4nxr,42,1,0.7268,0.7928,3.5479,0.617,3.548,2.394,0.718,esmfold2,fast_loop10_samplingsteps68
4nxr,42,2,0.7491,0.7699,0.8614,0.793,0.861,1.375,0.846,esmfold2,fast_loop10_samplingsteps68
4nxr,42,3,0.737,0.7951,3.9523,0.605,3.952,2.446,0.718,esmfold2,fast_loop10_samplingsteps68
4nxr,42,4,0.7569,0.7894,0.8129,0.723,0.813,2.01,0.821,esmfold2,fast_loop10_samplingsteps68
4nxr,43,0,0.7588,0.7923,0.638,0.746,0.638,2.061,0.897,esmfold2,fast_loop10_samplingsteps68
4nxr,43,1,0.734,0.8028,3.7776,0.612,3.778,2.386,0.718,esmfold2,fast_loop10_samplingsteps68
4nxr,43,2,0.7284,0.7932,2.3121,0.65,2.312,2.284,0.718,esmfold2,fast_loop10_samplingsteps68
4nxr,43,3,0.7625,0.792,0.7387,0.726,0.739,2.091,0.846,esmfold2,fast_loop10_samplingsteps68
4nxr,43,4,0.7148,0.7842,2.7272,0.615,2.727,2.309,0.641,esmfold2,fast_loop10_samplingsteps68
4nxr,44,0,0.7334,0.7948,2.8983,0.657,2.898,2.263,0.769,esmfold2,fast_loop10_samplingsteps68
4nxr,44,1,0.7524,0.7846,0.7872,0.736,0.787,2.073,0.872,esmfold2,fast_loop10_samplingsteps68
4nxr,44,2,0.7625,0.7957,0.7245,0.742,0.725,2.0,0.872,esmfold2,fast_loop10_samplingsteps68
4nxr,44,3,0.7578,0.7945,0.7216,0.742,0.722,2.117,0.897,esmfold2,fast_loop10_samplingsteps68
4nxr,44,4,0.757,0.7934,0.937,0.727,0.937,2.052,0.846,esmfold2,fast_loop10_samplingsteps68
4ny3,42,0,0.7578,0.855,2.5076,0.7,2.508,2.064,0.833,esmfold2,fast_loop10_samplingsteps68
4ny3,42,1,0.7673,0.863,2.1861,0.704,2.186,2.092,0.833,esmfold2,fast_loop10_samplingsteps68
4ny3,42,2,0.7523,0.848,1.9112,0.728,1.911,2.08,0.889,esmfold2,fast_loop10_samplingsteps68
4ny3,42,3,0.7633,0.8602,2.5914,0.673,2.591,2.466,0.833,esmfold2,fast_loop10_samplingsteps68
4ny3,42,4,0.766,0.8589,2.3781,0.676,2.378,2.483,0.833,esmfold2,fast_loop10_samplingsteps68
4ny3,43,0,0.7559,0.8506,2.7514,0.69,2.751,2.136,0.833,esmfold2,fast_loop10_samplingsteps68
4ny3,43,1,0.765,0.8578,2.4096,0.699,2.41,2.102,0.833,esmfold2,fast_loop10_samplingsteps68
4ny3,43,2,0.7597,0.8541,2.4373,0.702,2.437,2.054,0.833,esmfold2,fast_loop10_samplingsteps68
4ny3,43,3,0.7291,0.8275,1.849,0.761,1.849,1.694,0.889,esmfold2,fast_loop10_samplingsteps68
4ny3,43,4,0.7331,0.8389,1.7842,0.827,1.784,1.278,0.944,esmfold2,fast_loop10_samplingsteps68
4ny3,44,0,0.7666,0.8605,2.5931,0.714,2.593,2.093,0.889,esmfold2,fast_loop10_samplingsteps68
4ny3,44,1,0.7745,0.8671,1.9468,0.709,1.947,2.07,0.833,esmfold2,fast_loop10_samplingsteps68
4ny3,44,2,0.7208,0.8283,1.7492,0.709,1.749,2.42,0.889,esmfold2,fast_loop10_samplingsteps68
4ny3,44,3,0.7622,0.8583,2.326,0.667,2.326,2.333,0.778,esmfold2,fast_loop10_samplingsteps68
4ny3,44,4,0.7614,0.8542,2.6294,0.693,2.629,2.121,0.833,esmfold2,fast_loop10_samplingsteps68
4odk,42,0,0.4411,0.3997,11.0991,0.426,11.099,3.793,0.774,esmfold2,fast_loop10_samplingsteps68
4odk,42,1,0.3464,0.2661,14.4642,0.237,14.464,5.566,0.387,esmfold2,fast_loop10_samplingsteps68
4odk,42,2,0.3503,0.2699,11.941,0.245,11.941,3.693,0.258,esmfold2,fast_loop10_samplingsteps68
4odk,42,3,0.3364,0.2792,11.0127,0.258,11.013,3.665,0.258,esmfold2,fast_loop10_samplingsteps68
4odk,42,4,0.3346,0.2699,13.6841,0.225,13.684,5.347,0.323,esmfold2,fast_loop10_samplingsteps68
4odk,43,0,0.3257,0.2446,14.6588,0.201,14.659,5.822,0.29,esmfold2,fast_loop10_samplingsteps68
4odk,43,1,0.4097,0.3716,6.4813,0.578,6.481,1.747,0.677,esmfold2,fast_loop10_samplingsteps68
4odk,43,2,0.3126,0.2052,14.7786,0.156,14.779,4.768,0.129,esmfold2,fast_loop10_samplingsteps68
4odk,43,3,0.3455,0.272,11.3884,0.238,11.388,3.865,0.226,esmfold2,fast_loop10_samplingsteps68
4odk,43,4,0.421,0.3672,6.8417,0.547,6.842,2.336,0.742,esmfold2,fast_loop10_samplingsteps68
4odk,44,0,0.3485,0.273,12.741,0.235,12.741,5.321,0.323,esmfold2,fast_loop10_samplingsteps68
4odk,44,1,0.4127,0.3647,9.1472,0.483,9.147,3.196,0.806,esmfold2,fast_loop10_samplingsteps68
4odk,44,2,0.3895,0.3328,7.0146,0.537,7.015,2.433,0.742,esmfold2,fast_loop10_samplingsteps68
4odk,44,3,0.4469,0.3953,4.1255,0.705,4.126,1.502,0.806,esmfold2,fast_loop10_samplingsteps68
4odk,44,4,0.4025,0.3528,8.893,0.464,8.893,2.944,0.71,esmfold2,fast_loop10_samplingsteps68
4ouc,42,0,0.3365,0.4146,12.3657,0.222,12.366,3.647,0.2,esmfold2,fast_loop10_samplingsteps68
4ouc,42,1,0.3325,0.4361,11.5044,0.201,11.504,3.37,0.086,esmfold2,fast_loop10_samplingsteps68
4ouc,42,2,0.3063,0.3901,9.514,0.24,9.514,2.823,0.057,esmfold2,fast_loop10_samplingsteps68
4ouc,42,3,0.3546,0.4667,11.3368,0.24,11.337,3.449,0.2,esmfold2,fast_loop10_samplingsteps68
4ouc,42,4,0.273,0.3481,7.3671,0.337,7.367,2.16,0.114,esmfold2,fast_loop10_samplingsteps68
4ouc,43,0,0.2672,0.3648,9.8614,0.278,9.861,2.941,0.2,esmfold2,fast_loop10_samplingsteps68
4ouc,43,1,0.3384,0.4488,10.8941,0.205,10.894,3.222,0.057,esmfold2,fast_loop10_samplingsteps68
4ouc,43,2,0.3008,0.3844,8.2136,0.32,8.214,2.45,0.171,esmfold2,fast_loop10_samplingsteps68
4ouc,43,3,0.3455,0.4559,11.4228,0.203,11.423,3.367,0.086,esmfold2,fast_loop10_samplingsteps68
4ouc,43,4,0.2915,0.4005,8.6264,0.356,8.626,2.531,0.314,esmfold2,fast_loop10_samplingsteps68
4ouc,44,0,0.354,0.455,12.0464,0.19,12.046,3.556,0.086,esmfold2,fast_loop10_samplingsteps68
4ouc,44,1,0.338,0.4297,12.8008,0.194,12.801,3.834,0.143,esmfold2,fast_loop10_samplingsteps68
4ouc,44,2,0.3058,0.4037,8.7254,0.428,8.725,2.565,0.543,esmfold2,fast_loop10_samplingsteps68
4ouc,44,3,0.344,0.4372,12.0166,0.218,12.017,3.585,0.171,esmfold2,fast_loop10_samplingsteps68
4ouc,44,4,0.32,0.4232,8.0813,0.354,8.081,2.4,0.257,esmfold2,fast_loop10_samplingsteps68
4oyk,42,0,0.8488,0.897,0.9069,0.933,0.907,0.472,0.9,esmfold2,fast_loop10_samplingsteps68
4oyk,42,1,0.8455,0.8916,0.9897,0.934,0.99,0.459,0.9,esmfold2,fast_loop10_samplingsteps68
4oyk,42,2,0.8464,0.8931,1.0465,0.938,1.047,0.49,0.925,esmfold2,fast_loop10_samplingsteps68
4oyk,42,3,0.8501,0.8994,1.2707,0.924,1.271,0.518,0.9,esmfold2,fast_loop10_samplingsteps68
4oyk,42,4,0.8503,0.8984,0.9171,0.935,0.917,0.451,0.9,esmfold2,fast_loop10_samplingsteps68
4oyk,43,0,0.8508,0.8994,0.951,0.932,0.951,0.478,0.9,esmfold2,fast_loop10_samplingsteps68
4oyk,43,1,0.8424,0.891,1.4882,0.918,1.488,0.543,0.9,esmfold2,fast_loop10_samplingsteps68
4oyk,43,2,0.8496,0.8977,0.8208,0.935,0.821,0.462,0.9,esmfold2,fast_loop10_samplingsteps68
4oyk,43,3,0.8442,0.8938,1.292,0.915,1.292,0.522,0.875,esmfold2,fast_loop10_samplingsteps68
4oyk,43,4,0.8483,0.8955,0.9651,0.933,0.965,0.463,0.9,esmfold2,fast_loop10_samplingsteps68
4oyk,44,0,0.8499,0.8976,0.9867,0.931,0.987,0.485,0.9,esmfold2,fast_loop10_samplingsteps68
4oyk,44,1,0.8429,0.891,0.8955,0.931,0.895,0.489,0.9,esmfold2,fast_loop10_samplingsteps68
4oyk,44,2,0.8414,0.89,1.113,0.917,1.113,0.519,0.875,esmfold2,fast_loop10_samplingsteps68
4oyk,44,3,0.8491,0.8993,1.123,0.93,1.123,0.482,0.9,esmfold2,fast_loop10_samplingsteps68
4oyk,44,4,0.8496,0.8958,0.7919,0.928,0.792,0.452,0.875,esmfold2,fast_loop10_samplingsteps68
4pd1,42,0,0.8411,0.9194,1.2406,0.943,1.241,0.331,0.896,esmfold2,fast_loop10_samplingsteps68
4pd1,42,1,0.8381,0.9171,0.9868,0.938,0.987,0.405,0.896,esmfold2,fast_loop10_samplingsteps68
4pd1,42,2,0.8379,0.9179,1.0832,0.933,1.083,0.443,0.896,esmfold2,fast_loop10_samplingsteps68
4pd1,42,3,0.839,0.9189,0.786,0.954,0.786,0.333,0.917,esmfold2,fast_loop10_samplingsteps68
4pd1,42,4,0.835,0.9134,0.765,0.94,0.765,0.33,0.875,esmfold2,fast_loop10_samplingsteps68
4pd1,43,0,0.8378,0.9157,1.2322,0.952,1.232,0.386,0.938,esmfold2,fast_loop10_samplingsteps68
4pd1,43,1,0.8087,0.8997,1.4643,0.897,1.464,0.641,0.875,esmfold2,fast_loop10_samplingsteps68
4pd1,43,2,0.8394,0.9169,0.7518,0.949,0.752,0.305,0.896,esmfold2,fast_loop10_samplingsteps68
4pd1,43,3,0.8405,0.9202,0.9908,0.939,0.991,0.4,0.896,esmfold2,fast_loop10_samplingsteps68
4pd1,43,4,0.8383,0.9173,0.742,0.933,0.742,0.406,0.875,esmfold2,fast_loop10_samplingsteps68
4pd1,44,0,0.8436,0.9215,1.0017,0.942,1.002,0.361,0.896,esmfold2,fast_loop10_samplingsteps68
4pd1,44,1,0.8446,0.9203,0.7376,0.941,0.738,0.321,0.875,esmfold2,fast_loop10_samplingsteps68
4pd1,44,2,0.8419,0.9207,1.0737,0.932,1.074,0.39,0.875,esmfold2,fast_loop10_samplingsteps68
4pd1,44,3,0.8421,0.9202,0.7617,0.939,0.762,0.339,0.875,esmfold2,fast_loop10_samplingsteps68
4pd1,44,4,0.8377,0.9159,0.8434,0.944,0.843,0.36,0.896,esmfold2,fast_loop10_samplingsteps68
4pge,42,0,0.9545,0.9772,0.9888,0.957,0.989,0.394,0.949,esmfold2,fast_loop10_samplingsteps68
4pge,42,1,0.953,0.9765,1.0408,0.969,1.041,0.381,0.983,esmfold2,fast_loop10_samplingsteps68
4pge,42,2,0.9552,0.9774,1.0601,0.969,1.06,0.386,0.983,esmfold2,fast_loop10_samplingsteps68
4pge,42,3,0.9548,0.9775,1.0309,0.969,1.031,0.38,0.983,esmfold2,fast_loop10_samplingsteps68
4pge,42,4,0.9534,0.9766,1.1444,0.966,1.144,0.404,0.983,esmfold2,fast_loop10_samplingsteps68
4pge,43,0,0.9537,0.9766,0.9882,0.962,0.988,0.399,0.966,esmfold2,fast_loop10_samplingsteps68
4pge,43,1,0.9548,0.9776,1.0012,0.965,1.001,0.372,0.966,esmfold2,fast_loop10_samplingsteps68
4pge,43,2,0.9547,0.9777,1.1511,0.966,1.151,0.403,0.983,esmfold2,fast_loop10_samplingsteps68
4pge,43,3,0.9548,0.9774,0.9737,0.971,0.974,0.373,0.983,esmfold2,fast_loop10_samplingsteps68
4pge,43,4,0.9546,0.9773,1.033,0.968,1.033,0.395,0.983,esmfold2,fast_loop10_samplingsteps68
4pge,44,0,0.954,0.9772,1.004,0.969,1.004,0.389,0.983,esmfold2,fast_loop10_samplingsteps68
4pge,44,1,0.9531,0.9757,1.0943,0.968,1.094,0.384,0.983,esmfold2,fast_loop10_samplingsteps68
4pge,44,2,0.9538,0.977,1.0304,0.969,1.03,0.384,0.983,esmfold2,fast_loop10_samplingsteps68
4pge,44,3,0.9548,0.9772,1.0647,0.968,1.065,0.39,0.983,esmfold2,fast_loop10_samplingsteps68
4pge,44,4,0.9533,0.9771,1.0115,0.969,1.012,0.387,0.983,esmfold2,fast_loop10_samplingsteps68
4qbr,42,0,0.8747,0.926,0.9923,0.948,0.992,0.405,0.925,esmfold2,fast_loop10_samplingsteps68
4qbr,42,1,0.8739,0.9248,1.0528,0.949,1.053,0.463,0.95,esmfold2,fast_loop10_samplingsteps68
4qbr,42,2,0.8808,0.9294,0.4269,0.985,0.427,0.312,1.0,esmfold2,fast_loop10_samplingsteps68
4qbr,42,3,0.8721,0.9241,1.0242,0.944,1.024,0.439,0.925,esmfold2,fast_loop10_samplingsteps68
4qbr,42,4,0.8824,0.9319,0.9053,0.958,0.905,0.392,0.95,esmfold2,fast_loop10_samplingsteps68
4qbr,43,0,0.876,0.9253,0.6235,0.957,0.623,0.343,0.925,esmfold2,fast_loop10_samplingsteps68
4qbr,43,1,0.8626,0.9048,2.0016,0.893,2.002,0.735,0.925,esmfold2,fast_loop10_samplingsteps68
4qbr,43,2,0.8806,0.93,0.6183,0.965,0.618,0.341,0.95,esmfold2,fast_loop10_samplingsteps68
4qbr,43,3,0.8817,0.9312,0.6402,0.973,0.64,0.349,0.975,esmfold2,fast_loop10_samplingsteps68
4qbr,43,4,0.8786,0.9282,0.8681,0.951,0.868,0.385,0.925,esmfold2,fast_loop10_samplingsteps68
4qbr,44,0,0.8592,0.9045,1.5735,0.911,1.574,0.593,0.9,esmfold2,fast_loop10_samplingsteps68
4qbr,44,1,0.85,0.8936,1.5748,0.919,1.575,0.595,0.925,esmfold2,fast_loop10_samplingsteps68
4qbr,44,2,0.8826,0.9316,0.8488,0.958,0.849,0.475,0.975,esmfold2,fast_loop10_samplingsteps68
4qbr,44,3,0.8803,0.9298,0.6891,0.97,0.689,0.375,0.975,esmfold2,fast_loop10_samplingsteps68
4qbr,44,4,0.8588,0.9163,1.1273,0.937,1.127,0.416,0.9,esmfold2,fast_loop10_samplingsteps68
4r5i,42,0,0.6261,0.7102,11.4345,0.27,11.434,3.172,0.273,esmfold2,fast_loop10_samplingsteps68
4r5i,42,1,0.6175,0.697,11.4678,0.27,11.468,3.172,0.273,esmfold2,fast_loop10_samplingsteps68
4r5i,42,2,0.6318,0.681,2.6394,0.792,2.639,1.056,0.795,esmfold2,fast_loop10_samplingsteps68
4r5i,42,3,0.6126,0.6891,11.4519,0.27,11.452,3.17,0.273,esmfold2,fast_loop10_samplingsteps68
4r5i,42,4,0.6196,0.7019,11.3599,0.273,11.36,3.129,0.273,esmfold2,fast_loop10_samplingsteps68
4r5i,43,0,0.6142,0.6925,11.3822,0.272,11.382,3.148,0.273,esmfold2,fast_loop10_samplingsteps68
4r5i,43,1,0.6219,0.7009,11.5244,0.269,11.524,3.166,0.273,esmfold2,fast_loop10_samplingsteps68
4r5i,43,2,0.4153,0.4717,2.2808,0.803,2.281,0.92,0.75,esmfold2,fast_loop10_samplingsteps68
4r5i,43,3,0.4822,0.5694,11.228,0.343,11.228,3.129,0.477,esmfold2,fast_loop10_samplingsteps68
4r5i,43,4,0.6112,0.6925,11.4573,0.27,11.457,3.167,0.273,esmfold2,fast_loop10_samplingsteps68
4r5i,44,0,0.6172,0.6965,11.3125,0.274,11.313,3.111,0.273,esmfold2,fast_loop10_samplingsteps68
4r5i,44,1,0.4264,0.4795,1.2783,0.891,1.278,0.677,0.864,esmfold2,fast_loop10_samplingsteps68
4r5i,44,2,0.6131,0.6929,11.5202,0.268,11.52,3.214,0.273,esmfold2,fast_loop10_samplingsteps68
4r5i,44,3,0.4277,0.4911,1.7389,0.839,1.739,0.787,0.773,esmfold2,fast_loop10_samplingsteps68
4r5i,44,4,0.6148,0.6915,11.4726,0.269,11.473,3.199,0.273,esmfold2,fast_loop10_samplingsteps68
4txr,42,0,0.8122,0.8764,3.1693,0.743,3.169,1.368,0.805,esmfold2,fast_loop10_samplingsteps68
4txr,42,1,0.8118,0.8735,3.0781,0.742,3.078,1.396,0.805,esmfold2,fast_loop10_samplingsteps68
4txr,42,2,0.7714,0.8668,2.0199,0.83,2.02,0.951,0.829,esmfold2,fast_loop10_samplingsteps68
4txr,42,3,0.7895,0.8735,3.0944,0.743,3.094,1.377,0.805,esmfold2,fast_loop10_samplingsteps68
4txr,42,4,0.8168,0.8772,3.2396,0.728,3.24,1.482,0.805,esmfold2,fast_loop10_samplingsteps68
4txr,43,0,0.8039,0.874,3.511,0.72,3.511,1.568,0.829,esmfold2,fast_loop10_samplingsteps68
4txr,43,1,0.82,0.8777,3.2457,0.734,3.246,1.427,0.805,esmfold2,fast_loop10_samplingsteps68
4txr,43,2,0.8723,0.9236,13.6363,0.152,13.636,6.184,0.122,esmfold2,fast_loop10_samplingsteps68
4txr,43,3,0.788,0.8768,1.8992,0.841,1.899,0.883,0.829,esmfold2,fast_loop10_samplingsteps68
4txr,43,4,0.76,0.8643,2.4797,0.805,2.48,1.122,0.854,esmfold2,fast_loop10_samplingsteps68
4txr,44,0,0.7637,0.867,2.7745,0.739,2.774,1.275,0.732,esmfold2,fast_loop10_samplingsteps68
4txr,44,1,0.871,0.924,13.6438,0.152,13.644,6.19,0.122,esmfold2,fast_loop10_samplingsteps68
4txr,44,2,0.8138,0.8714,3.343,0.745,3.343,1.454,0.854,esmfold2,fast_loop10_samplingsteps68
4txr,44,3,0.876,0.9279,13.5983,0.153,13.598,6.171,0.122,esmfold2,fast_loop10_samplingsteps68
4txr,44,4,0.7869,0.8768,1.8236,0.839,1.824,0.909,0.829,esmfold2,fast_loop10_samplingsteps68
4u0c,42,0,0.4123,0.38,19.1344,0.352,19.134,2.933,0.684,esmfold2,fast_loop10_samplingsteps68
4u0c,42,1,0.3881,0.3679,15.0156,0.294,15.016,3.37,0.474,esmfold2,fast_loop10_samplingsteps68
4u0c,42,2,0.4262,0.4129,8.7699,0.376,8.77,1.915,0.263,esmfold2,fast_loop10_samplingsteps68
4u0c,42,3,0.3452,0.32,17.6645,0.279,17.664,3.268,0.474,esmfold2,fast_loop10_samplingsteps68
4u0c,42,4,0.3468,0.3094,12.9492,0.208,12.949,2.854,0.105,esmfold2,fast_loop10_samplingsteps68
4u0c,43,0,0.3948,0.3704,15.1841,0.322,15.184,2.567,0.474,esmfold2,fast_loop10_samplingsteps68
4u0c,43,1,0.3588,0.3483,15.2223,0.296,15.222,3.232,0.474,esmfold2,fast_loop10_samplingsteps68
4u0c,43,2,0.3719,0.3444,12.3275,0.339,12.328,2.821,0.474,esmfold2,fast_loop10_samplingsteps68
4u0c,43,3,0.3376,0.2781,8.6091,0.377,8.609,2.186,0.316,esmfold2,fast_loop10_samplingsteps68
4u0c,43,4,0.3883,0.3901,16.5848,0.24,16.585,3.051,0.316,esmfold2,fast_loop10_samplingsteps68
4u0c,44,0,0.37,0.3623,16.5795,0.29,16.579,3.111,0.474,esmfold2,fast_loop10_samplingsteps68
4u0c,44,1,0.334,0.2879,10.6327,0.32,10.633,2.255,0.263,esmfold2,fast_loop10_samplingsteps68
4u0c,44,2,0.3588,0.3611,10.4768,0.317,10.477,3.145,0.368,esmfold2,fast_loop10_samplingsteps68
4u0c,44,3,0.3764,0.3528,24.6838,0.26,24.684,2.99,0.474,esmfold2,fast_loop10_samplingsteps68
4u0c,44,4,0.3843,0.3516,17.0663,0.288,17.066,3.095,0.474,esmfold2,fast_loop10_samplingsteps68
4uqy,42,0,0.6115,0.6502,0.8982,0.933,0.898,0.443,0.889,esmfold2,fast_loop10_samplingsteps68
4uqy,42,1,0.6108,0.6524,0.7582,0.945,0.758,0.398,0.907,esmfold2,fast_loop10_samplingsteps68
4uqy,42,2,0.6081,0.6683,1.6343,0.865,1.634,0.716,0.815,esmfold2,fast_loop10_samplingsteps68
4uqy,42,3,0.7698,0.8207,0.7068,0.94,0.707,0.389,0.889,esmfold2,fast_loop10_samplingsteps68
4uqy,42,4,0.6214,0.6655,1.1525,0.925,1.152,0.489,0.889,esmfold2,fast_loop10_samplingsteps68
4uqy,43,0,0.5281,0.5745,3.6508,0.683,3.651,1.289,0.63,esmfold2,fast_loop10_samplingsteps68
4uqy,43,1,0.6267,0.6779,1.0355,0.901,1.035,0.496,0.815,esmfold2,fast_loop10_samplingsteps68
4uqy,43,2,0.6147,0.6599,0.899,0.925,0.899,0.452,0.87,esmfold2,fast_loop10_samplingsteps68
4uqy,43,3,0.6771,0.7228,0.6665,0.961,0.666,0.365,0.944,esmfold2,fast_loop10_samplingsteps68
4uqy,43,4,0.6201,0.6736,1.2072,0.883,1.207,0.525,0.778,esmfold2,fast_loop10_samplingsteps68
4uqy,44,0,0.6059,0.646,0.9807,0.947,0.981,0.474,0.944,esmfold2,fast_loop10_samplingsteps68
4uqy,44,1,0.6315,0.6827,0.9236,0.926,0.924,0.444,0.87,esmfold2,fast_loop10_samplingsteps68
4uqy,44,2,0.6202,0.6684,0.9468,0.938,0.947,0.448,0.907,esmfold2,fast_loop10_samplingsteps68
4uqy,44,3,0.6245,0.6759,1.0877,0.924,1.088,0.499,0.889,esmfold2,fast_loop10_samplingsteps68
4uqy,44,4,0.6183,0.668,0.9941,0.891,0.994,0.474,0.778,esmfold2,fast_loop10_samplingsteps68
4x2h,42,0,0.844,0.9096,3.9236,0.583,3.924,8.518,0.895,esmfold2,fast_loop10_samplingsteps68
4x2h,42,1,0.8311,0.8789,3.886,0.611,3.886,8.413,0.974,esmfold2,fast_loop10_samplingsteps68
4x2h,42,2,0.8354,0.8884,4.2486,0.593,4.249,8.403,0.947,esmfold2,fast_loop10_samplingsteps68
4x2h,42,3,0.8441,0.9027,4.2093,0.594,4.209,8.446,0.947,esmfold2,fast_loop10_samplingsteps68
4x2h,42,4,0.836,0.8898,3.9189,0.601,3.919,8.372,0.947,esmfold2,fast_loop10_samplingsteps68
4x2h,43,0,0.8289,0.9093,3.7688,0.561,3.769,8.176,0.816,esmfold2,fast_loop10_samplingsteps68
4x2h,43,1,0.8413,0.8957,4.5172,0.577,4.517,8.49,0.921,esmfold2,fast_loop10_samplingsteps68
4x2h,43,2,0.832,0.8809,4.2454,0.593,4.245,8.447,0.947,esmfold2,fast_loop10_samplingsteps68
4x2h,43,3,0.8525,0.9098,5.5031,0.57,5.503,8.425,0.974,esmfold2,fast_loop10_samplingsteps68
4x2h,43,4,0.8362,0.8877,4.1178,0.605,4.118,8.425,0.974,esmfold2,fast_loop10_samplingsteps68
4x2h,44,0,0.8477,0.8913,4.3961,0.598,4.396,8.451,0.974,esmfold2,fast_loop10_samplingsteps68
4x2h,44,1,0.8584,0.8995,3.6639,0.616,3.664,8.4,0.974,esmfold2,fast_loop10_samplingsteps68
4x2h,44,2,0.8625,0.9058,3.6405,0.608,3.64,8.41,0.947,esmfold2,fast_loop10_samplingsteps68
4x2h,44,3,0.8434,0.9075,3.6958,0.589,3.696,8.473,0.895,esmfold2,fast_loop10_samplingsteps68
4x2h,44,4,0.8536,0.8977,3.5588,0.618,3.559,8.433,0.974,esmfold2,fast_loop10_samplingsteps68
4x3o,42,0,0.8706,0.9539,1.403,0.867,1.403,1.158,1.0,esmfold2,fast_loop10_samplingsteps68
4x3o,42,1,0.8725,0.9539,1.3778,0.84,1.378,1.368,1.0,esmfold2,fast_loop10_samplingsteps68
4x3o,42,2,0.8662,0.9547,1.2684,0.844,1.268,1.346,1.0,esmfold2,fast_loop10_samplingsteps68
4x3o,42,3,0.8678,0.9542,1.3275,0.895,1.328,0.958,1.0,esmfold2,fast_loop10_samplingsteps68
4x3o,42,4,0.8747,0.9554,1.4255,0.834,1.426,1.418,1.0,esmfold2,fast_loop10_samplingsteps68
4x3o,43,0,0.8665,0.9533,1.3837,0.789,1.384,1.869,1.0,esmfold2,fast_loop10_samplingsteps68
4x3o,43,1,0.8674,0.9536,1.2972,0.793,1.297,1.835,1.0,esmfold2,fast_loop10_samplingsteps68
4x3o,43,2,0.8657,0.9541,1.3773,0.782,1.377,1.947,1.0,esmfold2,fast_loop10_samplingsteps68
4x3o,43,3,0.869,0.9558,1.3732,0.797,1.373,1.779,1.0,esmfold2,fast_loop10_samplingsteps68
4x3o,43,4,0.8687,0.9548,1.2408,0.841,1.241,1.377,1.0,esmfold2,fast_loop10_samplingsteps68
4x3o,44,0,0.8726,0.9554,1.2391,0.841,1.239,1.371,1.0,esmfold2,fast_loop10_samplingsteps68
4x3o,44,1,0.8707,0.9551,1.0495,0.862,1.049,1.224,1.0,esmfold2,fast_loop10_samplingsteps68
4x3o,44,2,0.8653,0.9535,1.6735,0.754,1.674,2.295,1.0,esmfold2,fast_loop10_samplingsteps68
4x3o,44,3,0.8652,0.9525,1.2942,0.789,1.294,1.875,1.0,esmfold2,fast_loop10_samplingsteps68
4x3o,44,4,0.8614,0.9514,1.629,0.772,1.629,2.044,1.0,esmfold2,fast_loop10_samplingsteps68
4xc2,42,0,0.711,0.8001,3.1746,0.763,3.175,1.236,0.816,esmfold2,fast_loop10_samplingsteps68
4xc2,42,1,0.7243,0.822,3.5921,0.705,3.592,1.408,0.735,esmfold2,fast_loop10_samplingsteps68
4xc2,42,2,0.7245,0.8258,3.2597,0.721,3.26,1.281,0.714,esmfold2,fast_loop10_samplingsteps68
4xc2,42,3,0.7141,0.8028,3.0828,0.748,3.083,1.213,0.755,esmfold2,fast_loop10_samplingsteps68
4xc2,42,4,0.7253,0.8211,3.2904,0.731,3.29,1.304,0.755,esmfold2,fast_loop10_samplingsteps68
4xc2,43,0,0.6813,0.8015,6.6663,0.506,6.666,2.496,0.633,esmfold2,fast_loop10_samplingsteps68
4xc2,43,1,0.7098,0.8184,2.9556,0.732,2.956,1.151,0.673,esmfold2,fast_loop10_samplingsteps68
4xc2,43,2,0.6964,0.8099,5.2842,0.597,5.284,2.019,0.714,esmfold2,fast_loop10_samplingsteps68
4xc2,43,3,0.6629,0.8132,6.9434,0.493,6.943,2.617,0.633,esmfold2,fast_loop10_samplingsteps68
4xc2,43,4,0.7161,0.8085,3.6541,0.703,3.654,1.414,0.735,esmfold2,fast_loop10_samplingsteps68
4xc2,44,0,0.7065,0.7953,2.6683,0.776,2.668,1.07,0.755,esmfold2,fast_loop10_samplingsteps68
4xc2,44,1,0.7088,0.8149,3.2239,0.737,3.224,1.221,0.735,esmfold2,fast_loop10_samplingsteps68
4xc2,44,2,0.7236,0.8204,3.3051,0.726,3.305,1.288,0.735,esmfold2,fast_loop10_samplingsteps68
4xc2,44,3,0.6886,0.8115,6.9942,0.512,6.994,2.62,0.694,esmfold2,fast_loop10_samplingsteps68
4xc2,44,4,0.6927,0.816,6.2394,0.544,6.239,2.351,0.694,esmfold2,fast_loop10_samplingsteps68
4xek,42,0,0.8098,0.8232,0.8827,0.96,0.883,0.451,0.972,esmfold2,fast_loop10_samplingsteps68
4xek,42,1,0.8273,0.8552,2.9552,0.767,2.955,1.44,0.889,esmfold2,fast_loop10_samplingsteps68
4xek,42,2,0.8411,0.8696,2.8132,0.793,2.813,1.327,0.917,esmfold2,fast_loop10_samplingsteps68
4xek,42,3,0.8379,0.8662,2.5149,0.813,2.515,1.219,0.917,esmfold2,fast_loop10_samplingsteps68
4xek,42,4,0.826,0.8415,0.898,0.957,0.898,0.47,0.972,esmfold2,fast_loop10_samplingsteps68
4xek,43,0,0.825,0.8395,1.0411,0.947,1.041,0.542,0.972,esmfold2,fast_loop10_samplingsteps68
4xek,43,1,0.8358,0.865,2.6521,0.792,2.652,1.288,0.889,esmfold2,fast_loop10_samplingsteps68
4xek,43,2,0.8261,0.8416,0.6415,0.948,0.641,0.404,0.917,esmfold2,fast_loop10_samplingsteps68
4xek,43,3,0.8294,0.8438,0.8852,0.96,0.885,0.451,0.972,esmfold2,fast_loop10_samplingsteps68
4xek,43,4,0.8348,0.8647,2.7809,0.784,2.781,1.328,0.889,esmfold2,fast_loop10_samplingsteps68
4xek,44,0,0.8161,0.8505,2.9457,0.769,2.946,1.428,0.889,esmfold2,fast_loop10_samplingsteps68
4xek,44,1,0.834,0.8617,3.1762,0.754,3.176,1.51,0.889,esmfold2,fast_loop10_samplingsteps68
4xek,44,2,0.8386,0.8662,2.9336,0.775,2.934,1.38,0.889,esmfold2,fast_loop10_samplingsteps68
4xek,44,3,0.8317,0.8547,2.6564,0.793,2.656,1.279,0.889,esmfold2,fast_loop10_samplingsteps68
4xek,44,4,0.8387,0.8676,2.755,0.791,2.755,1.277,0.889,esmfold2,fast_loop10_samplingsteps68
4yje,42,0,0.686,0.7479,1.7656,0.89,1.766,0.621,0.857,esmfold2,fast_loop10_samplingsteps68
4yje,42,1,0.8501,0.9199,1.9145,0.87,1.914,0.649,0.816,esmfold2,fast_loop10_samplingsteps68
4yje,42,2,0.6572,0.7294,1.9611,0.876,1.961,0.65,0.837,esmfold2,fast_loop10_samplingsteps68
4yje,42,3,0.8221,0.8872,1.7344,0.88,1.734,0.644,0.837,esmfold2,fast_loop10_samplingsteps68
4yje,42,4,0.8363,0.9085,1.8948,0.878,1.895,0.644,0.837,esmfold2,fast_loop10_samplingsteps68
4yje,43,0,0.6733,0.738,1.8941,0.878,1.894,0.641,0.837,esmfold2,fast_loop10_samplingsteps68
4yje,43,1,0.8519,0.9159,1.7195,0.888,1.72,0.588,0.837,esmfold2,fast_loop10_samplingsteps68
4yje,43,2,0.8002,0.8714,1.7391,0.884,1.739,0.613,0.837,esmfold2,fast_loop10_samplingsteps68
4yje,43,3,0.7939,0.8637,1.8859,0.88,1.886,0.68,0.857,esmfold2,fast_loop10_samplingsteps68
4yje,43,4,0.7945,0.8617,1.9787,0.861,1.979,0.711,0.816,esmfold2,fast_loop10_samplingsteps68
4yje,44,0,0.8193,0.8819,1.8165,0.883,1.817,0.612,0.837,esmfold2,fast_loop10_samplingsteps68
4yje,44,1,0.7418,0.8055,1.7996,0.886,1.8,0.643,0.857,esmfold2,fast_loop10_samplingsteps68
4yje,44,2,0.8244,0.8883,1.6488,0.897,1.649,0.579,0.857,esmfold2,fast_loop10_samplingsteps68
4yje,44,3,0.7157,0.7812,1.7566,0.884,1.757,0.618,0.837,esmfold2,fast_loop10_samplingsteps68
4yje,44,4,0.8368,0.9004,1.736,0.884,1.736,0.613,0.837,esmfold2,fast_loop10_samplingsteps68
4z2o,42,0,0.3538,0.2424,18.4184,0.117,18.418,7.173,0.133,esmfold2,fast_loop10_samplingsteps68
4z2o,42,1,0.3811,0.2702,17.7809,0.135,17.781,7.127,0.178,esmfold2,fast_loop10_samplingsteps68
4z2o,42,2,0.3833,0.2821,10.3779,0.219,10.378,4.014,0.133,esmfold2,fast_loop10_samplingsteps68
4z2o,42,3,0.3445,0.248,12.216,0.215,12.216,4.607,0.222,esmfold2,fast_loop10_samplingsteps68
4z2o,42,4,0.3901,0.2929,11.0586,0.257,11.059,4.28,0.289,esmfold2,fast_loop10_samplingsteps68
4z2o,43,0,0.3586,0.2407,17.992,0.141,17.992,7.228,0.2,esmfold2,fast_loop10_samplingsteps68
4z2o,43,1,0.3713,0.2531,12.8703,0.196,12.87,4.915,0.2,esmfold2,fast_loop10_samplingsteps68
4z2o,43,2,0.344,0.2574,12.3466,0.228,12.347,4.646,0.267,esmfold2,fast_loop10_samplingsteps68
4z2o,43,3,0.3692,0.2573,5.7595,0.438,5.76,2.445,0.356,esmfold2,fast_loop10_samplingsteps68
4z2o,43,4,0.3685,0.258,14.2523,0.197,14.252,5.793,0.267,esmfold2,fast_loop10_samplingsteps68
4z2o,44,0,0.3677,0.2526,5.6633,0.458,5.663,2.39,0.4,esmfold2,fast_loop10_samplingsteps68
4z2o,44,1,0.3441,0.2296,12.4953,0.275,12.495,4.877,0.422,esmfold2,fast_loop10_samplingsteps68
4z2o,44,2,0.3255,0.2236,16.8328,0.136,16.833,6.505,0.156,esmfold2,fast_loop10_samplingsteps68
4z2o,44,3,0.3796,0.2861,16.006,0.172,16.006,6.424,0.244,esmfold2,fast_loop10_samplingsteps68
4z2o,44,4,0.3701,0.2499,13.5345,0.186,13.535,5.245,0.2,esmfold2,fast_loop10_samplingsteps68
4zoz,42,0,0.859,0.9444,2.6339,0.848,2.634,0.953,0.918,esmfold2,fast_loop10_samplingsteps68
4zoz,42,1,0.8476,0.9392,1.197,0.921,1.197,0.543,0.898,esmfold2,fast_loop10_samplingsteps68
4zoz,42,2,0.8387,0.9392,1.2092,0.927,1.209,0.551,0.918,esmfold2,fast_loop10_samplingsteps68
4zoz,42,3,0.8556,0.9412,2.5579,0.852,2.558,0.936,0.918,esmfold2,fast_loop10_samplingsteps68
4zoz,42,4,0.8442,0.9388,0.6827,0.938,0.683,0.439,0.898,esmfold2,fast_loop10_samplingsteps68
4zoz,43,0,0.8265,0.9317,1.1811,0.917,1.181,0.577,0.898,esmfold2,fast_loop10_samplingsteps68
4zoz,43,1,0.8623,0.9472,1.0716,0.93,1.072,0.534,0.918,esmfold2,fast_loop10_samplingsteps68
4zoz,43,2,0.8451,0.9385,0.9172,0.928,0.917,0.507,0.898,esmfold2,fast_loop10_samplingsteps68
4zoz,43,3,0.8386,0.9297,2.4939,0.854,2.494,0.883,0.898,esmfold2,fast_loop10_samplingsteps68
4zoz,43,4,0.8573,0.941,2.6283,0.848,2.628,0.951,0.918,esmfold2,fast_loop10_samplingsteps68
4zoz,44,0,0.8234,0.925,1.9449,0.888,1.945,0.759,0.918,esmfold2,fast_loop10_samplingsteps68
4zoz,44,1,0.8173,0.9212,1.1619,0.918,1.162,0.516,0.878,esmfold2,fast_loop10_samplingsteps68
4zoz,44,2,0.83,0.9293,0.8266,0.933,0.827,0.528,0.918,esmfold2,fast_loop10_samplingsteps68
4zoz,44,3,0.8451,0.9378,0.8701,0.937,0.87,0.488,0.918,esmfold2,fast_loop10_samplingsteps68
4zoz,44,4,0.8578,0.9485,1.1204,0.877,1.12,0.865,0.898,esmfold2,fast_loop10_samplingsteps68
5bs2,42,0,0.5298,0.4121,20.4216,0.069,20.422,5.956,0.0,esmfold2,fast_loop10_samplingsteps68
5bs2,42,1,0.5309,0.3911,20.3598,0.069,20.36,6.007,0.0,esmfold2,fast_loop10_samplingsteps68
5bs2,42,2,0.3289,0.1646,22.6087,0.055,22.609,7.248,0.0,esmfold2,fast_loop10_samplingsteps68
5bs2,42,3,0.4967,0.3689,20.048,0.071,20.048,5.979,0.0,esmfold2,fast_loop10_samplingsteps68
5bs2,42,4,0.5063,0.3655,20.1674,0.07,20.167,5.99,0.0,esmfold2,fast_loop10_samplingsteps68
5bs2,43,0,0.5987,0.5016,19.8061,0.071,19.806,6.023,0.0,esmfold2,fast_loop10_samplingsteps68
5bs2,43,1,0.3187,0.1472,22.7134,0.055,22.713,7.074,0.0,esmfold2,fast_loop10_samplingsteps68
5bs2,43,2,0.3656,0.2079,21.6906,0.062,21.691,6.272,0.0,esmfold2,fast_loop10_samplingsteps68
5bs2,43,3,0.3302,0.1416,24.4732,0.049,24.473,7.512,0.0,esmfold2,fast_loop10_samplingsteps68
5bs2,43,4,0.3363,0.1685,23.6792,0.052,23.679,7.171,0.0,esmfold2,fast_loop10_samplingsteps68
5bs2,44,0,0.5163,0.3756,20.4668,0.069,20.467,5.989,0.0,esmfold2,fast_loop10_samplingsteps68
5bs2,44,1,0.5458,0.4411,19.8332,0.072,19.833,5.933,0.0,esmfold2,fast_loop10_samplingsteps68
5bs2,44,2,0.3579,0.19,22.0928,0.059,22.093,6.652,0.0,esmfold2,fast_loop10_samplingsteps68
5bs2,44,3,0.3362,0.1541,24.0026,0.049,24.003,7.647,0.0,esmfold2,fast_loop10_samplingsteps68
5bs2,44,4,0.3926,0.2477,24.1715,0.05,24.171,7.294,0.0,esmfold2,fast_loop10_samplingsteps68
5crw,42,0,0.7473,0.8419,7.8772,0.702,7.877,1.053,0.897,esmfold2,fast_loop10_samplingsteps68
5crw,42,1,0.7026,0.8235,3.9588,0.778,3.959,1.101,0.862,esmfold2,fast_loop10_samplingsteps68
5crw,42,2,0.7151,0.8283,2.7132,0.816,2.713,1.115,0.897,esmfold2,fast_loop10_samplingsteps68
5crw,42,3,0.7044,0.8199,3.1519,0.81,3.152,1.088,0.897,esmfold2,fast_loop10_samplingsteps68
5crw,42,4,0.7038,0.8279,6.9511,0.723,6.951,1.046,0.897,esmfold2,fast_loop10_samplingsteps68
5crw,43,0,0.7591,0.853,9.557,0.645,9.557,1.145,0.862,esmfold2,fast_loop10_samplingsteps68
5crw,43,1,0.7059,0.8236,3.0658,0.807,3.066,1.126,0.897,esmfold2,fast_loop10_samplingsteps68
5crw,43,2,0.7048,0.8326,7.0718,0.712,7.072,1.101,0.897,esmfold2,fast_loop10_samplingsteps68
5crw,43,3,0.7172,0.8278,4.8452,0.768,4.845,1.093,0.897,esmfold2,fast_loop10_samplingsteps68
5crw,43,4,0.7426,0.8467,6.6961,0.719,6.696,1.12,0.897,esmfold2,fast_loop10_samplingsteps68
5crw,44,0,0.7129,0.8313,4.2974,0.779,4.297,1.114,0.897,esmfold2,fast_loop10_samplingsteps68
5crw,44,1,0.726,0.8327,6.2194,0.74,6.219,1.045,0.897,esmfold2,fast_loop10_samplingsteps68
5crw,44,2,0.7071,0.8259,4.7812,0.771,4.781,1.088,0.897,esmfold2,fast_loop10_samplingsteps68
5crw,44,3,0.7573,0.8516,9.1204,0.656,9.12,1.125,0.862,esmfold2,fast_loop10_samplingsteps68
5crw,44,4,0.7045,0.8214,3.8631,0.768,3.863,1.188,0.862,esmfold2,fast_loop10_samplingsteps68
5d94,42,0,0.8134,0.8384,0.6113,0.93,0.611,0.558,0.917,esmfold2,fast_loop10_samplingsteps68
5d94,42,1,0.8074,0.8319,0.7593,0.886,0.759,0.571,0.792,esmfold2,fast_loop10_samplingsteps68
5d94,42,2,0.8213,0.8456,0.6872,0.922,0.687,0.563,0.896,esmfold2,fast_loop10_samplingsteps68
5d94,42,3,0.8126,0.8387,0.5292,0.936,0.529,0.513,0.917,esmfold2,fast_loop10_samplingsteps68
5d94,42,4,0.8095,0.8316,1.4797,0.856,1.48,0.784,0.812,esmfold2,fast_loop10_samplingsteps68
5d94,43,0,0.8157,0.8397,0.648,0.933,0.648,0.536,0.917,esmfold2,fast_loop10_samplingsteps68
5d94,43,1,0.818,0.8428,0.9239,0.915,0.924,0.606,0.896,esmfold2,fast_loop10_samplingsteps68
5d94,43,2,0.8175,0.8441,0.6835,0.916,0.684,0.554,0.875,esmfold2,fast_loop10_samplingsteps68
5d94,43,3,0.8011,0.8302,0.8346,0.899,0.835,0.626,0.854,esmfold2,fast_loop10_samplingsteps68
5d94,43,4,0.8042,0.8272,1.4503,0.864,1.45,0.728,0.812,esmfold2,fast_loop10_samplingsteps68
5d94,44,0,0.7974,0.8215,1.4237,0.901,1.424,0.665,0.896,esmfold2,fast_loop10_samplingsteps68
5d94,44,1,0.8208,0.8469,0.6479,0.922,0.648,0.508,0.875,esmfold2,fast_loop10_samplingsteps68
5d94,44,2,0.8158,0.8409,0.6768,0.918,0.677,0.537,0.875,esmfold2,fast_loop10_samplingsteps68
5d94,44,3,0.808,0.8283,1.3395,0.879,1.339,0.68,0.833,esmfold2,fast_loop10_samplingsteps68
5d94,44,4,0.8174,0.8441,1.075,0.881,1.075,0.638,0.812,esmfold2,fast_loop10_samplingsteps68
5dai,42,0,0.8477,0.9495,0.9905,0.937,0.991,0.692,1.0,esmfold2,fast_loop10_samplingsteps68
5dai,42,1,0.8524,0.9558,1.0678,0.93,1.068,0.684,0.977,esmfold2,fast_loop10_samplingsteps68
5dai,42,2,0.8605,0.9576,0.8698,0.95,0.87,0.605,1.0,esmfold2,fast_loop10_samplingsteps68
5dai,42,3,0.8583,0.9571,0.8847,0.947,0.885,0.624,1.0,esmfold2,fast_loop10_samplingsteps68
5dai,42,4,0.8545,0.9568,0.9803,0.929,0.98,0.696,0.977,esmfold2,fast_loop10_samplingsteps68
5dai,43,0,0.8489,0.9505,0.8827,0.944,0.883,0.649,1.0,esmfold2,fast_loop10_samplingsteps68
5dai,43,1,0.8608,0.9581,0.7449,0.945,0.745,0.59,0.977,esmfold2,fast_loop10_samplingsteps68
5dai,43,2,0.8575,0.9562,0.7973,0.949,0.797,0.619,1.0,esmfold2,fast_loop10_samplingsteps68
5dai,43,3,0.8493,0.9512,0.8281,0.945,0.828,0.647,1.0,esmfold2,fast_loop10_samplingsteps68
5dai,43,4,0.8593,0.957,0.824,0.948,0.824,0.621,1.0,esmfold2,fast_loop10_samplingsteps68
5dai,44,0,0.8577,0.9563,0.9004,0.951,0.9,0.597,1.0,esmfold2,fast_loop10_samplingsteps68
5dai,44,1,0.8556,0.9565,0.6863,0.961,0.686,0.531,1.0,esmfold2,fast_loop10_samplingsteps68
5dai,44,2,0.8492,0.9512,0.8375,0.94,0.838,0.623,0.977,esmfold2,fast_loop10_samplingsteps68
5dai,44,3,0.8521,0.955,0.7536,0.925,0.754,0.739,0.977,esmfold2,fast_loop10_samplingsteps68
5dai,44,4,0.8489,0.9508,0.944,0.942,0.944,0.658,1.0,esmfold2,fast_loop10_samplingsteps68
5di8,42,0,0.958,0.9788,0.5638,0.974,0.564,0.423,1.0,esmfold2,fast_loop10_samplingsteps68
5di8,42,1,0.9588,0.9797,0.6304,0.97,0.63,0.457,1.0,esmfold2,fast_loop10_samplingsteps68
5di8,42,2,0.9583,0.9789,0.554,0.974,0.554,0.424,1.0,esmfold2,fast_loop10_samplingsteps68
5di8,42,3,0.9592,0.98,0.6666,0.968,0.667,0.47,1.0,esmfold2,fast_loop10_samplingsteps68
5di8,42,4,0.9581,0.979,0.6078,0.973,0.608,0.43,1.0,esmfold2,fast_loop10_samplingsteps68
5di8,43,0,0.9594,0.9803,0.5622,0.975,0.562,0.418,1.0,esmfold2,fast_loop10_samplingsteps68
5di8,43,1,0.9566,0.9757,0.5731,0.974,0.573,0.423,1.0,esmfold2,fast_loop10_samplingsteps68
5di8,43,2,0.9596,0.9805,0.5308,0.974,0.531,0.425,1.0,esmfold2,fast_loop10_samplingsteps68
5di8,43,3,0.958,0.9786,0.6013,0.976,0.601,0.402,1.0,esmfold2,fast_loop10_samplingsteps68
5di8,43,4,0.9582,0.9787,0.6404,0.972,0.64,0.433,1.0,esmfold2,fast_loop10_samplingsteps68
5di8,44,0,0.9582,0.9796,0.7768,0.97,0.777,0.443,1.0,esmfold2,fast_loop10_samplingsteps68
5di8,44,1,0.9599,0.9807,0.5611,0.974,0.561,0.424,1.0,esmfold2,fast_loop10_samplingsteps68
5di8,44,2,0.9598,0.9805,0.5544,0.976,0.554,0.402,1.0,esmfold2,fast_loop10_samplingsteps68
5di8,44,3,0.9582,0.979,0.7134,0.967,0.713,0.475,1.0,esmfold2,fast_loop10_samplingsteps68
5di8,44,4,0.9599,0.9804,0.5753,0.974,0.575,0.421,1.0,esmfold2,fast_loop10_samplingsteps68
5efi,42,0,0.3035,0.2852,18.4737,0.123,18.474,7.722,0.157,esmfold2,fast_loop10_samplingsteps68
5efi,42,1,0.3661,0.3582,6.5949,0.413,6.595,2.661,0.373,esmfold2,fast_loop10_samplingsteps68
5efi,42,2,0.308,0.2732,17.6518,0.102,17.652,7.517,0.078,esmfold2,fast_loop10_samplingsteps68
5efi,42,3,0.3322,0.3134,2.189,0.7,2.189,1.293,0.588,esmfold2,fast_loop10_samplingsteps68
5efi,42,4,0.3172,0.2909,17.4867,0.103,17.487,7.291,0.078,esmfold2,fast_loop10_samplingsteps68
5efi,43,0,0.3229,0.2977,2.0886,0.724,2.089,1.219,0.627,esmfold2,fast_loop10_samplingsteps68
5efi,43,1,0.3295,0.317,9.5189,0.282,9.519,3.598,0.255,esmfold2,fast_loop10_samplingsteps68
5efi,43,2,0.3381,0.3319,4.6116,0.485,4.612,1.96,0.314,esmfold2,fast_loop10_samplingsteps68
5efi,43,3,0.3124,0.2634,4.3606,0.61,4.361,1.865,0.647,esmfold2,fast_loop10_samplingsteps68
5efi,43,4,0.3031,0.2645,14.1206,0.122,14.121,5.886,0.039,esmfold2,fast_loop10_samplingsteps68
5efi,44,0,0.3706,0.3714,5.7759,0.442,5.776,2.353,0.353,esmfold2,fast_loop10_samplingsteps68
5efi,44,1,0.3284,0.307,4.3188,0.538,4.319,1.89,0.431,esmfold2,fast_loop10_samplingsteps68
5efi,44,2,0.3903,0.4055,6.2276,0.442,6.228,2.499,0.412,esmfold2,fast_loop10_samplingsteps68
5efi,44,3,0.3311,0.3086,8.2101,0.349,8.21,3.477,0.373,esmfold2,fast_loop10_samplingsteps68
5efi,44,4,0.3018,0.278,16.4842,0.117,16.484,6.982,0.098,esmfold2,fast_loop10_samplingsteps68
5ei3,42,0,0.8778,0.9518,0.7845,0.969,0.784,0.379,0.974,esmfold2,fast_loop10_samplingsteps68
5ei3,42,1,0.8773,0.9513,0.5273,0.972,0.527,0.357,0.974,esmfold2,fast_loop10_samplingsteps68
5ei3,42,2,0.8776,0.9514,0.8933,0.975,0.893,0.392,1.0,esmfold2,fast_loop10_samplingsteps68
5ei3,42,3,0.874,0.9505,0.8814,0.972,0.881,0.426,1.0,esmfold2,fast_loop10_samplingsteps68
5ei3,42,4,0.8764,0.9516,0.7175,0.962,0.718,0.362,0.949,esmfold2,fast_loop10_samplingsteps68
5ei3,43,0,0.8769,0.9506,0.6794,0.971,0.679,0.447,1.0,esmfold2,fast_loop10_samplingsteps68
5ei3,43,1,0.8764,0.9516,0.6068,0.98,0.607,0.366,1.0,esmfold2,fast_loop10_samplingsteps68
5ei3,43,2,0.8691,0.9447,1.1897,0.944,1.19,0.562,0.974,esmfold2,fast_loop10_samplingsteps68
5ei3,43,3,0.8786,0.9522,0.7852,0.966,0.785,0.405,0.974,esmfold2,fast_loop10_samplingsteps68
5ei3,43,4,0.877,0.9521,0.6855,0.972,0.685,0.354,0.974,esmfold2,fast_loop10_samplingsteps68
5ei3,44,0,0.872,0.9515,1.7587,0.821,1.759,1.486,1.0,esmfold2,fast_loop10_samplingsteps68
5ei3,44,1,0.8722,0.9497,0.9113,0.955,0.911,0.492,0.974,esmfold2,fast_loop10_samplingsteps68
5ei3,44,2,0.8698,0.9458,1.0426,0.939,1.043,0.547,0.949,esmfold2,fast_loop10_samplingsteps68
5ei3,44,3,0.8731,0.948,1.1457,0.945,1.146,0.558,0.974,esmfold2,fast_loop10_samplingsteps68
5ei3,44,4,0.8762,0.9513,0.5752,0.975,0.575,0.413,1.0,esmfold2,fast_loop10_samplingsteps68
5fml,42,0,0.3702,0.3041,29.6644,0.031,29.664,11.662,0.0,esmfold2,fast_loop10_samplingsteps68
5fml,42,1,0.3011,0.2176,24.7005,0.051,24.701,9.634,0.022,esmfold2,fast_loop10_samplingsteps68
5fml,42,2,0.3287,0.2733,29.6144,0.031,29.614,11.798,0.0,esmfold2,fast_loop10_samplingsteps68
5fml,42,3,0.3495,0.2772,24.5802,0.044,24.58,9.372,0.0,esmfold2,fast_loop10_samplingsteps68
5fml,42,4,0.3393,0.2473,24.7148,0.058,24.715,9.407,0.044,esmfold2,fast_loop10_samplingsteps68
5fml,43,0,0.3667,0.2878,34.2673,0.024,34.267,12.955,0.0,esmfold2,fast_loop10_samplingsteps68
5fml,43,1,0.319,0.2506,25.0017,0.05,25.002,9.635,0.022,esmfold2,fast_loop10_samplingsteps68
5fml,43,2,0.3517,0.2452,24.5279,0.044,24.528,9.565,0.0,esmfold2,fast_loop10_samplingsteps68
5fml,43,3,0.3144,0.2475,24.987,0.042,24.987,9.622,0.0,esmfold2,fast_loop10_samplingsteps68
5fml,43,4,0.339,0.2852,29.5684,0.031,29.568,11.144,0.0,esmfold2,fast_loop10_samplingsteps68
5fml,44,0,0.3571,0.2727,23.5316,0.047,23.532,9.096,0.0,esmfold2,fast_loop10_samplingsteps68
5fml,44,1,0.3302,0.2582,24.3835,0.044,24.383,9.465,0.0,esmfold2,fast_loop10_samplingsteps68
5fml,44,2,0.3525,0.2506,34.2317,0.024,34.232,13.222,0.0,esmfold2,fast_loop10_samplingsteps68
5fml,44,3,0.3488,0.3167,25.0176,0.042,25.018,9.772,0.0,esmfold2,fast_loop10_samplingsteps68
5fml,44,4,0.3699,0.3012,34.2832,0.024,34.283,13.039,0.0,esmfold2,fast_loop10_samplingsteps68
5fpx,42,0,0.3875,0.2826,4.7276,0.592,4.728,1.499,0.512,esmfold2,fast_loop10_samplingsteps68
5fpx,42,1,0.3475,0.2371,10.253,0.206,10.253,3.126,0.023,esmfold2,fast_loop10_samplingsteps68
5fpx,42,2,0.3769,0.2681,11.4756,0.217,11.476,3.464,0.14,esmfold2,fast_loop10_samplingsteps68
5fpx,42,3,0.364,0.2668,9.1311,0.252,9.131,2.802,0.07,esmfold2,fast_loop10_samplingsteps68
5fpx,42,4,0.3569,0.2491,10.2231,0.215,10.223,3.106,0.047,esmfold2,fast_loop10_samplingsteps68
5fpx,43,0,0.3621,0.2608,8.5578,0.263,8.558,2.624,0.047,esmfold2,fast_loop10_samplingsteps68
5fpx,43,1,0.2876,0.163,11.6834,0.185,11.683,3.392,0.047,esmfold2,fast_loop10_samplingsteps68
5fpx,43,2,0.3418,0.2298,11.1452,0.209,11.145,3.357,0.093,esmfold2,fast_loop10_samplingsteps68
5fpx,43,3,0.3581,0.2452,10.2619,0.197,10.262,3.161,0.0,esmfold2,fast_loop10_samplingsteps68
5fpx,43,4,0.3503,0.2382,10.197,0.215,10.197,3.1,0.047,esmfold2,fast_loop10_samplingsteps68
5fpx,44,0,0.3449,0.2335,10.5829,0.23,10.583,3.196,0.116,esmfold2,fast_loop10_samplingsteps68
5fpx,44,1,0.3367,0.2343,10.7227,0.21,10.723,3.255,0.07,esmfold2,fast_loop10_samplingsteps68
5fpx,44,2,0.3586,0.2627,7.1985,0.367,7.199,2.244,0.209,esmfold2,fast_loop10_samplingsteps68
5fpx,44,3,0.3621,0.2565,8.993,0.25,8.993,2.74,0.047,esmfold2,fast_loop10_samplingsteps68
5fpx,44,4,0.3812,0.2798,5.325,0.47,5.325,1.627,0.233,esmfold2,fast_loop10_samplingsteps68
5fv6,42,0,0.2498,0.1477,32.858,0.025,32.858,13.073,0.0,esmfold2,fast_loop10_samplingsteps68
5fv6,42,1,0.2654,0.1491,33.1726,0.025,33.173,13.476,0.0,esmfold2,fast_loop10_samplingsteps68
5fv6,42,2,0.2676,0.1863,28.0896,0.035,28.09,10.054,0.0,esmfold2,fast_loop10_samplingsteps68
5fv6,42,3,0.3419,0.2847,30.976,0.03,30.976,10.249,0.0,esmfold2,fast_loop10_samplingsteps68
5fv6,42,4,0.2169,0.105,35.1243,0.023,35.124,12.676,0.0,esmfold2,fast_loop10_samplingsteps68
5fv6,43,0,0.2926,0.2326,27.7741,0.053,27.774,9.82,0.05,esmfold2,fast_loop10_samplingsteps68
5fv6,43,1,0.2825,0.2227,27.5781,0.038,27.578,8.948,0.0,esmfold2,fast_loop10_samplingsteps68
5fv6,43,2,0.2171,0.0889,37.8164,0.02,37.816,13.534,0.0,esmfold2,fast_loop10_samplingsteps68
5fv6,43,3,0.2775,0.1831,28.2196,0.036,28.22,9.476,0.0,esmfold2,fast_loop10_samplingsteps68
5fv6,43,4,0.2948,0.1852,25.9088,0.042,25.909,8.532,0.0,esmfold2,fast_loop10_samplingsteps68
5fv6,44,0,0.285,0.2164,27.4884,0.036,27.488,10.154,0.0,esmfold2,fast_loop10_samplingsteps68
5fv6,44,1,0.271,0.1603,32.9203,0.025,32.92,13.71,0.0,esmfold2,fast_loop10_samplingsteps68
5fv6,44,2,0.2679,0.1686,25.6066,0.041,25.607,9.362,0.0,esmfold2,fast_loop10_samplingsteps68
5fv6,44,3,0.2854,0.2128,27.2315,0.038,27.232,9.534,0.0,esmfold2,fast_loop10_samplingsteps68
5fv6,44,4,0.2957,0.2352,27.0127,0.055,27.013,9.506,0.05,esmfold2,fast_loop10_samplingsteps68
5ggp,42,0,0.6346,0.5574,34.3036,0.024,34.304,11.901,0.0,esmfold2,fast_loop10_samplingsteps68
5ggp,42,1,0.668,0.6212,37.392,0.021,37.392,12.576,0.0,esmfold2,fast_loop10_samplingsteps68
5ggp,42,2,0.6647,0.6041,35.9816,0.023,35.982,12.251,0.0,esmfold2,fast_loop10_samplingsteps68
5ggp,42,3,0.6682,0.6232,37.2837,0.021,37.284,12.544,0.0,esmfold2,fast_loop10_samplingsteps68
5ggp,42,4,0.6495,0.5716,35.1917,0.023,35.192,12.074,0.0,esmfold2,fast_loop10_samplingsteps68
5ggp,43,0,0.6277,0.5572,36.2614,0.022,36.261,12.257,0.0,esmfold2,fast_loop10_samplingsteps68
5ggp,43,1,0.6296,0.5625,38.6284,0.02,38.628,12.676,0.0,esmfold2,fast_loop10_samplingsteps68
5ggp,43,2,0.6416,0.5971,38.5207,0.02,38.521,12.708,0.0,esmfold2,fast_loop10_samplingsteps68
5ggp,43,3,0.6568,0.5909,36.0825,0.022,36.083,12.282,0.0,esmfold2,fast_loop10_samplingsteps68
5ggp,43,4,0.6347,0.563,38.2375,0.02,38.237,12.495,0.0,esmfold2,fast_loop10_samplingsteps68
5ggp,44,0,0.6318,0.5905,37.573,0.021,37.573,12.633,0.0,esmfold2,fast_loop10_samplingsteps68
5ggp,44,1,0.6488,0.5932,36.4307,0.022,36.431,12.334,0.0,esmfold2,fast_loop10_samplingsteps68
5ggp,44,2,0.6478,0.5875,35.3252,0.023,35.325,12.083,0.0,esmfold2,fast_loop10_samplingsteps68
5ggp,44,3,0.6294,0.572,39.3387,0.019,39.339,12.926,0.0,esmfold2,fast_loop10_samplingsteps68
5ggp,44,4,0.657,0.5861,36.756,0.022,36.756,12.357,0.0,esmfold2,fast_loop10_samplingsteps68
5gu4,42,0,0.7315,0.8096,4.7019,0.617,4.702,1.523,0.593,esmfold2,fast_loop10_samplingsteps68
5gu4,42,1,0.7518,0.8363,4.5176,0.64,4.518,1.47,0.63,esmfold2,fast_loop10_samplingsteps68
5gu4,42,2,0.7385,0.819,4.906,0.604,4.906,1.592,0.593,esmfold2,fast_loop10_samplingsteps68
5gu4,42,3,0.7526,0.8348,4.8298,0.621,4.83,1.566,0.63,esmfold2,fast_loop10_samplingsteps68
5gu4,42,4,0.7472,0.8253,4.9943,0.611,4.994,1.621,0.63,esmfold2,fast_loop10_samplingsteps68
5gu4,43,0,0.7464,0.8202,4.4527,0.632,4.453,1.443,0.593,esmfold2,fast_loop10_samplingsteps68
5gu4,43,1,0.7473,0.8312,4.8035,0.611,4.803,1.557,0.593,esmfold2,fast_loop10_samplingsteps68
5gu4,43,2,0.7463,0.8221,4.8292,0.609,4.829,1.564,0.593,esmfold2,fast_loop10_samplingsteps68
5gu4,43,3,0.7504,0.836,4.4201,0.647,4.42,1.431,0.63,esmfold2,fast_loop10_samplingsteps68
5gu4,43,4,0.7586,0.8403,4.961,0.602,4.961,1.598,0.593,esmfold2,fast_loop10_samplingsteps68
5gu4,44,0,0.7397,0.8178,5.0012,0.611,5.001,1.62,0.63,esmfold2,fast_loop10_samplingsteps68
5gu4,44,1,0.752,0.8355,4.7327,0.627,4.733,1.535,0.63,esmfold2,fast_loop10_samplingsteps68
5gu4,44,2,0.7513,0.8359,4.8199,0.611,4.82,1.554,0.593,esmfold2,fast_loop10_samplingsteps68
5gu4,44,3,0.7234,0.7781,1.5779,0.851,1.578,0.545,0.704,esmfold2,fast_loop10_samplingsteps68
5gu4,44,4,0.7372,0.8062,2.8458,0.786,2.846,0.942,0.741,esmfold2,fast_loop10_samplingsteps68
5huw,42,0,0.906,0.9654,1.0371,0.919,1.037,0.594,0.907,esmfold2,fast_loop10_samplingsteps68
5huw,42,1,0.9035,0.9651,1.038,0.918,1.038,0.604,0.907,esmfold2,fast_loop10_samplingsteps68
5huw,42,2,0.9035,0.9653,0.9202,0.924,0.92,0.567,0.907,esmfold2,fast_loop10_samplingsteps68
5huw,42,3,0.9036,0.9656,0.949,0.928,0.949,0.577,0.926,esmfold2,fast_loop10_samplingsteps68
5huw,42,4,0.9029,0.9641,1.0349,0.92,1.035,0.586,0.907,esmfold2,fast_loop10_samplingsteps68
5huw,43,0,0.9018,0.9647,0.889,0.924,0.889,0.569,0.907,esmfold2,fast_loop10_samplingsteps68
5huw,43,1,0.9005,0.9637,0.8622,0.929,0.862,0.578,0.926,esmfold2,fast_loop10_samplingsteps68
5huw,43,2,0.9001,0.9639,0.9717,0.922,0.972,0.574,0.907,esmfold2,fast_loop10_samplingsteps68
5huw,43,3,0.9051,0.9653,1.0904,0.917,1.09,0.603,0.907,esmfold2,fast_loop10_samplingsteps68
5huw,43,4,0.8999,0.9631,0.9657,0.92,0.966,0.59,0.907,esmfold2,fast_loop10_samplingsteps68
5huw,44,0,0.9009,0.9643,0.9285,0.922,0.928,0.579,0.907,esmfold2,fast_loop10_samplingsteps68
5huw,44,1,0.9048,0.9656,1.0816,0.917,1.082,0.61,0.907,esmfold2,fast_loop10_samplingsteps68
5huw,44,2,0.9051,0.9656,0.9556,0.922,0.956,0.579,0.907,esmfold2,fast_loop10_samplingsteps68
5huw,44,3,0.8891,0.9606,1.006,0.927,1.006,0.584,0.926,esmfold2,fast_loop10_samplingsteps68
5huw,44,4,0.9019,0.9647,0.9581,0.921,0.958,0.584,0.907,esmfold2,fast_loop10_samplingsteps68
5i7z,42,0,0.8526,0.8823,5.118,0.687,5.118,1.781,0.912,esmfold2,fast_loop10_samplingsteps68
5i7z,42,1,0.8562,0.8826,5.1577,0.676,5.158,1.784,0.882,esmfold2,fast_loop10_samplingsteps68
5i7z,42,2,0.8597,0.8822,4.925,0.694,4.925,1.756,0.912,esmfold2,fast_loop10_samplingsteps68
5i7z,42,3,0.8615,0.8852,4.9853,0.684,4.985,1.744,0.882,esmfold2,fast_loop10_samplingsteps68
5i7z,42,4,0.8605,0.8828,5.174,0.682,5.174,1.816,0.912,esmfold2,fast_loop10_samplingsteps68
5i7z,43,0,0.8621,0.8824,5.2536,0.671,5.254,1.812,0.882,esmfold2,fast_loop10_samplingsteps68
5i7z,43,1,0.8571,0.8866,4.8659,0.699,4.866,1.723,0.912,esmfold2,fast_loop10_samplingsteps68
5i7z,43,2,0.8589,0.8862,4.7624,0.696,4.762,1.674,0.882,esmfold2,fast_loop10_samplingsteps68
5i7z,43,3,0.8504,0.8837,5.0306,0.691,5.031,1.755,0.912,esmfold2,fast_loop10_samplingsteps68
5i7z,43,4,0.835,0.8835,4.7875,0.705,4.788,1.675,0.912,esmfold2,fast_loop10_samplingsteps68
5i7z,44,0,0.8635,0.8852,4.8519,0.699,4.852,1.724,0.912,esmfold2,fast_loop10_samplingsteps68
5i7z,44,1,0.8492,0.8833,5.1724,0.682,5.172,1.82,0.912,esmfold2,fast_loop10_samplingsteps68
5i7z,44,2,0.8605,0.8636,5.1202,0.684,5.12,1.812,0.912,esmfold2,fast_loop10_samplingsteps68
5i7z,44,3,0.8542,0.8783,5.023,0.682,5.023,1.753,0.882,esmfold2,fast_loop10_samplingsteps68
5i7z,44,4,0.8616,0.8878,5.0493,0.689,5.049,1.774,0.912,esmfold2,fast_loop10_samplingsteps68
5j3q,42,0,0.8554,0.8845,1.8836,0.782,1.884,1.475,0.884,esmfold2,fast_loop10_samplingsteps68
5j3q,42,1,0.822,0.8416,2.6996,0.715,2.7,1.598,0.767,esmfold2,fast_loop10_samplingsteps68
5j3q,42,2,0.8526,0.8816,1.8323,0.784,1.832,1.464,0.884,esmfold2,fast_loop10_samplingsteps68
5j3q,42,3,0.8531,0.8838,1.864,0.774,1.864,1.407,0.837,esmfold2,fast_loop10_samplingsteps68
5j3q,42,4,0.8512,0.8817,1.9046,0.759,1.905,1.467,0.814,esmfold2,fast_loop10_samplingsteps68
5j3q,43,0,0.8543,0.8843,1.8179,0.793,1.818,1.449,0.907,esmfold2,fast_loop10_samplingsteps68
5j3q,43,1,0.8507,0.8796,1.8424,0.774,1.842,1.411,0.837,esmfold2,fast_loop10_samplingsteps68
5j3q,43,2,0.8545,0.8843,2.0755,0.788,2.076,1.328,0.86,esmfold2,fast_loop10_samplingsteps68
5j3q,43,3,0.8513,0.8806,1.8481,0.78,1.848,1.427,0.86,esmfold2,fast_loop10_samplingsteps68
5j3q,43,4,0.8542,0.8831,1.9269,0.781,1.927,1.477,0.884,esmfold2,fast_loop10_samplingsteps68
5j3q,44,0,0.857,0.8873,1.7085,0.783,1.708,1.359,0.837,esmfold2,fast_loop10_samplingsteps68
5j3q,44,1,0.8526,0.8831,1.8597,0.798,1.86,1.402,0.907,esmfold2,fast_loop10_samplingsteps68
5j3q,44,2,0.8393,0.8635,1.9941,0.756,1.994,1.479,0.814,esmfold2,fast_loop10_samplingsteps68
5j3q,44,3,0.8422,0.8706,1.645,0.759,1.645,1.435,0.791,esmfold2,fast_loop10_samplingsteps68
5j3q,44,4,0.8572,0.8864,1.9132,0.774,1.913,1.468,0.86,esmfold2,fast_loop10_samplingsteps68
5kds,42,0,0.2787,0.3583,8.3542,0.364,8.354,3.02,0.385,esmfold2,fast_loop10_samplingsteps68
5kds,42,1,0.3651,0.4583,15.9167,0.277,15.917,5.493,0.538,esmfold2,fast_loop10_samplingsteps68
5kds,42,2,0.2602,0.3048,9.8397,0.244,9.84,3.564,0.154,esmfold2,fast_loop10_samplingsteps68
5kds,42,3,0.3402,0.4363,15.4151,0.231,15.415,5.215,0.385,esmfold2,fast_loop10_samplingsteps68
5kds,42,4,0.357,0.46,15.1404,0.285,15.14,5.202,0.538,esmfold2,fast_loop10_samplingsteps68
5kds,43,0,0.2857,0.3553,10.465,0.229,10.465,3.768,0.154,esmfold2,fast_loop10_samplingsteps68
5kds,43,1,0.3078,0.3961,15.5176,0.205,15.518,5.2,0.308,esmfold2,fast_loop10_samplingsteps68
5kds,43,2,0.3458,0.4407,13.7895,0.25,13.789,4.74,0.385,esmfold2,fast_loop10_samplingsteps68
5kds,43,3,0.258,0.3128,8.9119,0.244,8.912,3.228,0.077,esmfold2,fast_loop10_samplingsteps68
5kds,43,4,0.3035,0.3824,8.3837,0.391,8.384,2.962,0.462,esmfold2,fast_loop10_samplingsteps68
5kds,44,0,0.2847,0.3844,8.6348,0.249,8.635,3.237,0.077,esmfold2,fast_loop10_samplingsteps68
5kds,44,1,0.3651,0.4637,15.5928,0.202,15.593,5.442,0.308,esmfold2,fast_loop10_samplingsteps68
5kds,44,2,0.3437,0.439,16.0898,0.224,16.09,5.478,0.385,esmfold2,fast_loop10_samplingsteps68
5kds,44,3,0.3242,0.4275,15.1226,0.311,15.123,5.122,0.615,esmfold2,fast_loop10_samplingsteps68
5kds,44,4,0.2805,0.3886,17.1493,0.19,17.149,5.679,0.308,esmfold2,fast_loop10_samplingsteps68
5lyn,42,0,0.7222,0.7213,1.3141,0.917,1.314,0.455,0.857,esmfold2,fast_loop10_samplingsteps68
5lyn,42,1,0.6275,0.6272,1.8386,0.845,1.839,0.591,0.714,esmfold2,fast_loop10_samplingsteps68
5lyn,42,2,0.7203,0.7208,1.3297,0.908,1.33,0.423,0.821,esmfold2,fast_loop10_samplingsteps68
5lyn,42,3,0.7297,0.7385,1.2612,0.919,1.261,0.441,0.857,esmfold2,fast_loop10_samplingsteps68
5lyn,42,4,0.7337,0.7352,1.2718,0.922,1.272,0.406,0.857,esmfold2,fast_loop10_samplingsteps68
5lyn,43,0,0.7284,0.7316,1.2407,0.922,1.241,0.413,0.857,esmfold2,fast_loop10_samplingsteps68
5lyn,43,1,0.7234,0.7281,1.2311,0.896,1.231,0.431,0.786,esmfold2,fast_loop10_samplingsteps68
5lyn,43,2,0.7293,0.7375,1.2141,0.921,1.214,0.424,0.857,esmfold2,fast_loop10_samplingsteps68
5lyn,43,3,0.7327,0.7354,1.3117,0.908,1.312,0.42,0.821,esmfold2,fast_loop10_samplingsteps68
5lyn,43,4,0.7258,0.7288,1.2784,0.921,1.278,0.419,0.857,esmfold2,fast_loop10_samplingsteps68
5lyn,44,0,0.7256,0.7233,1.4,0.942,1.4,0.434,0.929,esmfold2,fast_loop10_samplingsteps68
5lyn,44,1,0.7331,0.7364,1.2144,0.923,1.214,0.404,0.857,esmfold2,fast_loop10_samplingsteps68
5lyn,44,2,0.7313,0.7359,1.2344,0.921,1.234,0.422,0.857,esmfold2,fast_loop10_samplingsteps68
5lyn,44,3,0.7231,0.7275,1.1579,0.91,1.158,0.417,0.821,esmfold2,fast_loop10_samplingsteps68
5lyn,44,4,0.7355,0.7431,1.2223,0.922,1.222,0.413,0.857,esmfold2,fast_loop10_samplingsteps68
5m5r,42,0,0.4559,0.3322,49.2827,0.012,49.283,16.844,0.0,esmfold2,fast_loop10_samplingsteps68
5m5r,42,1,0.6009,0.5459,2.3984,0.836,2.398,0.94,0.865,esmfold2,fast_loop10_samplingsteps68
5m5r,42,2,0.628,0.5848,2.4347,0.827,2.435,0.94,0.838,esmfold2,fast_loop10_samplingsteps68
5m5r,42,3,0.4406,0.3423,49.5935,0.012,49.594,16.961,0.0,esmfold2,fast_loop10_samplingsteps68
5m5r,42,4,0.5726,0.5018,2.3324,0.831,2.332,0.924,0.838,esmfold2,fast_loop10_samplingsteps68
5m5r,43,0,0.4549,0.3363,49.341,0.012,49.341,16.876,0.0,esmfold2,fast_loop10_samplingsteps68
5m5r,43,1,0.4321,0.3248,49.2147,0.012,49.215,16.858,0.0,esmfold2,fast_loop10_samplingsteps68
5m5r,43,2,0.579,0.5062,2.5819,0.823,2.582,1.007,0.865,esmfold2,fast_loop10_samplingsteps68
5m5r,43,3,0.4575,0.3389,49.2273,0.012,49.227,16.851,0.0,esmfold2,fast_loop10_samplingsteps68
5m5r,43,4,0.5734,0.5035,2.586,0.822,2.586,1.019,0.865,esmfold2,fast_loop10_samplingsteps68
5m5r,44,0,0.6019,0.5414,2.2408,0.853,2.241,0.909,0.892,esmfold2,fast_loop10_samplingsteps68
5m5r,44,1,0.5701,0.5145,2.5417,0.833,2.542,1.009,0.892,esmfold2,fast_loop10_samplingsteps68
5m5r,44,2,0.591,0.5273,2.4474,0.86,2.447,0.96,0.946,esmfold2,fast_loop10_samplingsteps68
5m5r,44,3,0.5802,0.5097,2.1838,0.86,2.184,0.868,0.892,esmfold2,fast_loop10_samplingsteps68
5m5r,44,4,0.446,0.3378,49.4011,0.012,49.401,16.923,0.0,esmfold2,fast_loop10_samplingsteps68
5n22,42,0,0.3148,0.2364,16.5628,0.095,16.563,6.214,0.022,esmfold2,fast_loop10_samplingsteps68
5n22,42,1,0.3112,0.2409,16.0776,0.098,16.078,6.339,0.022,esmfold2,fast_loop10_samplingsteps68
5n22,42,2,0.3066,0.2214,16.1479,0.109,16.148,6.82,0.065,esmfold2,fast_loop10_samplingsteps68
5n22,42,3,0.3363,0.2684,15.0995,0.149,15.099,6.189,0.152,esmfold2,fast_loop10_samplingsteps68
5n22,42,4,0.3039,0.2265,30.06,0.031,30.06,10.543,0.0,esmfold2,fast_loop10_samplingsteps68
5n22,43,0,0.3165,0.2377,14.8021,0.128,14.802,5.487,0.065,esmfold2,fast_loop10_samplingsteps68
5n22,43,1,0.3288,0.2589,15.0492,0.158,15.049,5.998,0.174,esmfold2,fast_loop10_samplingsteps68
5n22,43,2,0.2996,0.2376,27.9787,0.035,27.979,10.101,0.0,esmfold2,fast_loop10_samplingsteps68
5n22,43,3,0.3036,0.2052,21.7219,0.098,21.722,8.323,0.13,esmfold2,fast_loop10_samplingsteps68
5n22,43,4,0.3447,0.2938,14.496,0.113,14.496,5.821,0.022,esmfold2,fast_loop10_samplingsteps68
5n22,44,0,0.3,0.2206,14.8435,0.115,14.844,5.216,0.022,esmfold2,fast_loop10_samplingsteps68
5n22,44,1,0.3164,0.2387,14.9955,0.107,14.996,6.212,0.022,esmfold2,fast_loop10_samplingsteps68
5n22,44,2,0.3018,0.2141,14.2359,0.132,14.236,5.566,0.065,esmfold2,fast_loop10_samplingsteps68
5n22,44,3,0.3475,0.2853,14.1776,0.117,14.178,5.736,0.022,esmfold2,fast_loop10_samplingsteps68
5n22,44,4,0.3159,0.2509,17.7856,0.085,17.786,6.811,0.022,esmfold2,fast_loop10_samplingsteps68
5n85,42,0,0.5964,0.5778,2.9193,0.74,2.919,1.323,0.763,esmfold2,fast_loop10_samplingsteps68
5n85,42,1,0.634,0.6235,3.2157,0.719,3.216,1.443,0.763,esmfold2,fast_loop10_samplingsteps68
5n85,42,2,0.628,0.6152,2.9687,0.711,2.969,1.334,0.684,esmfold2,fast_loop10_samplingsteps68
5n85,42,3,0.5884,0.5666,3.0364,0.709,3.036,1.41,0.711,esmfold2,fast_loop10_samplingsteps68
5n85,42,4,0.6331,0.6244,2.9053,0.732,2.905,1.321,0.737,esmfold2,fast_loop10_samplingsteps68
5n85,43,0,0.6325,0.6195,2.9582,0.739,2.958,1.322,0.763,esmfold2,fast_loop10_samplingsteps68
5n85,43,1,0.6438,0.6301,2.7393,0.734,2.739,1.266,0.711,esmfold2,fast_loop10_samplingsteps68
5n85,43,2,0.541,0.5185,4.4963,0.604,4.496,1.943,0.658,esmfold2,fast_loop10_samplingsteps68
5n85,43,3,0.5886,0.5641,2.6574,0.746,2.657,1.249,0.737,esmfold2,fast_loop10_samplingsteps68
5n85,43,4,0.6441,0.6322,2.975,0.748,2.975,1.319,0.789,esmfold2,fast_loop10_samplingsteps68
5n85,44,0,0.6394,0.6321,2.9539,0.728,2.954,1.345,0.737,esmfold2,fast_loop10_samplingsteps68
5n85,44,1,0.5827,0.5565,2.5313,0.739,2.531,1.254,0.711,esmfold2,fast_loop10_samplingsteps68
5n85,44,2,0.595,0.5795,2.8948,0.737,2.895,1.353,0.763,esmfold2,fast_loop10_samplingsteps68
5n85,44,3,0.5919,0.5742,2.9116,0.75,2.912,1.386,0.816,esmfold2,fast_loop10_samplingsteps68
5n85,44,4,0.5975,0.5758,2.1846,0.831,2.185,1.015,0.868,esmfold2,fast_loop10_samplingsteps68
5njc,42,0,0.5614,0.7066,0.8643,0.927,0.864,0.582,0.923,esmfold2,fast_loop10_samplingsteps68
5njc,42,1,0.5661,0.7126,0.6942,0.935,0.694,0.529,0.923,esmfold2,fast_loop10_samplingsteps68
5njc,42,2,0.5777,0.7189,0.8172,0.931,0.817,0.557,0.923,esmfold2,fast_loop10_samplingsteps68
5njc,42,3,0.5812,0.7233,0.8902,0.927,0.89,0.584,0.923,esmfold2,fast_loop10_samplingsteps68
5njc,42,4,0.5766,0.7229,0.8097,0.932,0.81,0.551,0.923,esmfold2,fast_loop10_samplingsteps68
5njc,43,0,0.5818,0.7264,0.831,0.925,0.831,0.602,0.923,esmfold2,fast_loop10_samplingsteps68
5njc,43,1,0.5747,0.7167,0.7938,0.928,0.794,0.581,0.923,esmfold2,fast_loop10_samplingsteps68
5njc,43,2,0.5859,0.7265,0.8156,0.931,0.816,0.558,0.923,esmfold2,fast_loop10_samplingsteps68
5njc,43,3,0.5832,0.7236,0.8417,0.938,0.842,0.564,0.949,esmfold2,fast_loop10_samplingsteps68
5njc,43,4,0.5867,0.7263,0.9827,0.921,0.983,0.558,0.897,esmfold2,fast_loop10_samplingsteps68
5njc,44,0,0.3417,0.5111,11.4659,0.308,11.466,3.152,0.385,esmfold2,fast_loop10_samplingsteps68
5njc,44,1,0.5734,0.715,0.9077,0.921,0.908,0.564,0.897,esmfold2,fast_loop10_samplingsteps68
5njc,44,2,0.5628,0.7057,0.8853,0.93,0.885,0.559,0.923,esmfold2,fast_loop10_samplingsteps68
5njc,44,3,0.5783,0.7205,0.8261,0.93,0.826,0.562,0.923,esmfold2,fast_loop10_samplingsteps68
5njc,44,4,0.587,0.7257,0.917,0.931,0.917,0.547,0.923,esmfold2,fast_loop10_samplingsteps68
5nqv,42,0,0.8394,0.9162,2.4646,0.849,2.465,0.879,0.881,esmfold2,fast_loop10_samplingsteps68
5nqv,42,1,0.8443,0.9206,2.4559,0.852,2.456,0.863,0.881,esmfold2,fast_loop10_samplingsteps68
5nqv,42,2,0.8447,0.9188,2.3589,0.856,2.359,0.846,0.881,esmfold2,fast_loop10_samplingsteps68
5nqv,42,3,0.8392,0.9135,2.4005,0.855,2.401,0.846,0.881,esmfold2,fast_loop10_samplingsteps68
5nqv,42,4,0.8403,0.9143,2.3096,0.86,2.31,0.822,0.881,esmfold2,fast_loop10_samplingsteps68
5nqv,43,0,0.8405,0.9151,2.2975,0.865,2.297,0.795,0.881,esmfold2,fast_loop10_samplingsteps68
5nqv,43,1,0.8407,0.9157,2.3519,0.858,2.352,0.833,0.881,esmfold2,fast_loop10_samplingsteps68
5nqv,43,2,0.8421,0.9166,2.3039,0.86,2.304,0.826,0.881,esmfold2,fast_loop10_samplingsteps68
5nqv,43,3,0.8266,0.9058,2.5464,0.847,2.546,0.883,0.881,esmfold2,fast_loop10_samplingsteps68
5nqv,43,4,0.8438,0.9172,2.3077,0.858,2.308,0.836,0.881,esmfold2,fast_loop10_samplingsteps68
5nqv,44,0,0.8435,0.9199,2.4699,0.851,2.47,0.869,0.881,esmfold2,fast_loop10_samplingsteps68
5nqv,44,1,0.8404,0.9157,2.3256,0.859,2.326,0.827,0.881,esmfold2,fast_loop10_samplingsteps68
5nqv,44,2,0.84,0.9144,2.3878,0.863,2.388,0.848,0.905,esmfold2,fast_loop10_samplingsteps68
5nqv,44,3,0.8437,0.9174,2.3848,0.862,2.385,0.857,0.905,esmfold2,fast_loop10_samplingsteps68
5nqv,44,4,0.8314,0.9104,2.4705,0.836,2.471,0.863,0.833,esmfold2,fast_loop10_samplingsteps68
5o9u,42,0,0.8448,0.9197,0.3477,0.983,0.348,0.294,0.986,esmfold2,fast_loop10_samplingsteps68
5o9u,42,1,0.8417,0.9181,0.5189,0.972,0.519,0.356,0.973,esmfold2,fast_loop10_samplingsteps68
5o9u,42,2,0.849,0.9238,0.2866,0.987,0.287,0.294,1.0,esmfold2,fast_loop10_samplingsteps68
5o9u,42,3,0.8376,0.9132,0.4695,0.981,0.469,0.313,0.986,esmfold2,fast_loop10_samplingsteps68
5o9u,42,4,0.8371,0.9138,0.3318,0.985,0.332,0.319,1.0,esmfold2,fast_loop10_samplingsteps68
5o9u,43,0,0.8395,0.9141,0.43,0.979,0.43,0.332,0.986,esmfold2,fast_loop10_samplingsteps68
5o9u,43,1,0.8313,0.9083,0.4821,0.973,0.482,0.341,0.973,esmfold2,fast_loop10_samplingsteps68
5o9u,43,2,0.8369,0.914,0.3324,0.98,0.332,0.322,0.986,esmfold2,fast_loop10_samplingsteps68
5o9u,43,3,0.8357,0.9122,0.3361,0.982,0.336,0.303,0.986,esmfold2,fast_loop10_samplingsteps68
5o9u,43,4,0.8349,0.9115,0.4484,0.973,0.448,0.352,0.973,esmfold2,fast_loop10_samplingsteps68
5o9u,44,0,0.8454,0.9207,0.4877,0.985,0.488,0.317,1.0,esmfold2,fast_loop10_samplingsteps68
5o9u,44,1,0.8417,0.9162,0.3135,0.985,0.314,0.319,1.0,esmfold2,fast_loop10_samplingsteps68
5o9u,44,2,0.8396,0.9151,0.468,0.974,0.468,0.34,0.973,esmfold2,fast_loop10_samplingsteps68
5o9u,44,3,0.84,0.9166,0.2966,0.981,0.297,0.319,0.986,esmfold2,fast_loop10_samplingsteps68
5o9u,44,4,0.8313,0.9082,0.3829,0.985,0.383,0.321,1.0,esmfold2,fast_loop10_samplingsteps68
5oj5,42,0,0.2152,0.1801,31.2679,0.03,31.268,10.138,0.0,esmfold2,fast_loop10_samplingsteps68
5oj5,42,1,0.1888,0.1446,39.9525,0.018,39.952,13.72,0.0,esmfold2,fast_loop10_samplingsteps68
5oj5,42,2,0.2354,0.22,29.4651,0.033,29.465,9.845,0.0,esmfold2,fast_loop10_samplingsteps68
5oj5,42,3,0.2328,0.1963,31.7453,0.028,31.745,10.966,0.0,esmfold2,fast_loop10_samplingsteps68
5oj5,42,4,0.2452,0.2607,1.9918,0.856,1.992,0.835,0.857,esmfold2,fast_loop10_samplingsteps68
5oj5,43,0,0.2277,0.2098,27.5225,0.038,27.522,8.849,0.0,esmfold2,fast_loop10_samplingsteps68
5oj5,43,1,0.3091,0.3119,4.4252,0.632,4.425,1.688,0.667,esmfold2,fast_loop10_samplingsteps68
5oj5,43,2,0.2352,0.1971,10.9973,0.273,10.997,4.214,0.333,esmfold2,fast_loop10_samplingsteps68
5oj5,43,3,0.275,0.3054,2.4848,0.818,2.485,0.927,0.81,esmfold2,fast_loop10_samplingsteps68
5oj5,43,4,0.1974,0.1447,35.7055,0.023,35.706,12.033,0.0,esmfold2,fast_loop10_samplingsteps68
5oj5,44,0,0.2466,0.2637,2.6568,0.841,2.657,0.962,0.905,esmfold2,fast_loop10_samplingsteps68
5oj5,44,1,0.2387,0.2137,28.7067,0.035,28.707,9.645,0.0,esmfold2,fast_loop10_samplingsteps68
5oj5,44,2,0.2376,0.215,28.1773,0.036,28.177,9.333,0.0,esmfold2,fast_loop10_samplingsteps68
5oj5,44,3,0.228,0.2012,29.3142,0.034,29.314,9.773,0.0,esmfold2,fast_loop10_samplingsteps68
5oj5,44,4,0.2208,0.1997,3.9938,0.602,3.994,1.62,0.524,esmfold2,fast_loop10_samplingsteps68
5onp,42,0,0.6126,0.7431,2.5605,0.874,2.56,0.665,0.868,esmfold2,fast_loop10_samplingsteps68
5onp,42,1,0.5822,0.7188,2.5158,0.876,2.516,0.656,0.868,esmfold2,fast_loop10_samplingsteps68
5onp,42,2,0.6083,0.7349,2.6417,0.869,2.642,0.685,0.868,esmfold2,fast_loop10_samplingsteps68
5onp,42,3,0.6033,0.7395,2.5406,0.875,2.541,0.657,0.868,esmfold2,fast_loop10_samplingsteps68
5onp,42,4,0.5834,0.7145,2.5733,0.873,2.573,0.666,0.868,esmfold2,fast_loop10_samplingsteps68
5onp,43,0,0.6113,0.742,2.5441,0.873,2.544,0.67,0.868,esmfold2,fast_loop10_samplingsteps68
5onp,43,1,0.6041,0.7297,2.5924,0.881,2.592,0.671,0.895,esmfold2,fast_loop10_samplingsteps68
5onp,43,2,0.6229,0.7539,2.5222,0.884,2.522,0.659,0.895,esmfold2,fast_loop10_samplingsteps68
5onp,43,3,0.5993,0.729,2.5185,0.876,2.518,0.652,0.868,esmfold2,fast_loop10_samplingsteps68
5onp,43,4,0.592,0.7295,2.4998,0.886,2.5,0.649,0.895,esmfold2,fast_loop10_samplingsteps68
5onp,44,0,0.5465,0.6838,2.5494,0.874,2.549,0.663,0.868,esmfold2,fast_loop10_samplingsteps68
5onp,44,1,0.6039,0.7335,2.5847,0.87,2.585,0.688,0.868,esmfold2,fast_loop10_samplingsteps68
5onp,44,2,0.5923,0.7221,2.5483,0.883,2.548,0.659,0.895,esmfold2,fast_loop10_samplingsteps68
5onp,44,3,0.6143,0.7402,2.513,0.875,2.513,0.658,0.868,esmfold2,fast_loop10_samplingsteps68
5onp,44,4,0.5661,0.6984,2.5558,0.883,2.556,0.665,0.895,esmfold2,fast_loop10_samplingsteps68
5t0k,42,0,0.8643,0.9326,1.4499,0.866,1.45,0.948,0.911,esmfold2,fast_loop10_samplingsteps68
5t0k,42,1,0.8623,0.9309,1.2029,0.865,1.203,0.93,0.893,esmfold2,fast_loop10_samplingsteps68
5t0k,42,2,0.865,0.9326,1.2091,0.869,1.209,0.904,0.893,esmfold2,fast_loop10_samplingsteps68
5t0k,42,3,0.867,0.935,1.3074,0.878,1.307,0.915,0.929,esmfold2,fast_loop10_samplingsteps68
5t0k,42,4,0.8636,0.9314,1.1773,0.87,1.177,0.9,0.893,esmfold2,fast_loop10_samplingsteps68
5t0k,43,0,0.8667,0.9338,1.3707,0.876,1.371,0.924,0.929,esmfold2,fast_loop10_samplingsteps68
5t0k,43,1,0.8592,0.9272,1.2283,0.876,1.228,0.895,0.911,esmfold2,fast_loop10_samplingsteps68
5t0k,43,2,0.865,0.9324,1.215,0.876,1.215,0.892,0.911,esmfold2,fast_loop10_samplingsteps68
5t0k,43,3,0.8655,0.9331,1.1813,0.87,1.181,0.895,0.893,esmfold2,fast_loop10_samplingsteps68
5t0k,43,4,0.8641,0.9304,1.3248,0.873,1.325,0.906,0.911,esmfold2,fast_loop10_samplingsteps68
5t0k,44,0,0.8583,0.9269,1.1608,0.881,1.161,0.903,0.929,esmfold2,fast_loop10_samplingsteps68
5t0k,44,1,0.8647,0.933,1.3892,0.866,1.389,0.912,0.893,esmfold2,fast_loop10_samplingsteps68
5t0k,44,2,0.8659,0.9338,1.2129,0.868,1.213,0.913,0.893,esmfold2,fast_loop10_samplingsteps68
5t0k,44,3,0.8639,0.9318,1.1624,0.877,1.162,0.89,0.911,esmfold2,fast_loop10_samplingsteps68
5t0k,44,4,0.8623,0.932,1.595,0.865,1.595,0.94,0.911,esmfold2,fast_loop10_samplingsteps68
5tgi,42,0,0.6289,0.6295,3.028,0.789,3.028,1.28,0.902,esmfold2,fast_loop10_samplingsteps68
5tgi,42,1,0.4301,0.3372,17.9848,0.106,17.985,7.53,0.098,esmfold2,fast_loop10_samplingsteps68
5tgi,42,2,0.4129,0.2876,18.7034,0.094,18.703,7.727,0.073,esmfold2,fast_loop10_samplingsteps68
5tgi,42,3,0.4768,0.3942,17.5802,0.101,17.58,7.456,0.073,esmfold2,fast_loop10_samplingsteps68
5tgi,42,4,0.4026,0.2831,20.2901,0.06,20.29,8.293,0.0,esmfold2,fast_loop10_samplingsteps68
5tgi,43,0,0.4233,0.3284,20.9429,0.074,20.943,8.404,0.049,esmfold2,fast_loop10_samplingsteps68
5tgi,43,1,0.4388,0.3734,20.3131,0.093,20.313,8.228,0.098,esmfold2,fast_loop10_samplingsteps68
5tgi,43,2,0.505,0.4551,4.5867,0.593,4.587,2.601,0.756,esmfold2,fast_loop10_samplingsteps68
5tgi,43,3,0.4183,0.3096,21.4442,0.063,21.444,8.516,0.024,esmfold2,fast_loop10_samplingsteps68
5tgi,43,4,0.4589,0.3704,19.913,0.087,19.913,8.138,0.073,esmfold2,fast_loop10_samplingsteps68
5tgi,44,0,0.3685,0.2436,6.1287,0.419,6.129,3.139,0.415,esmfold2,fast_loop10_samplingsteps68
5tgi,44,1,0.4987,0.4223,4.432,0.591,4.432,2.267,0.683,esmfold2,fast_loop10_samplingsteps68
5tgi,44,2,0.4265,0.3241,17.653,0.101,17.653,7.319,0.073,esmfold2,fast_loop10_samplingsteps68
5tgi,44,3,0.4288,0.3192,20.2539,0.069,20.254,8.1,0.024,esmfold2,fast_loop10_samplingsteps68
5tgi,44,4,0.4329,0.3349,20.4861,0.06,20.486,8.153,0.0,esmfold2,fast_loop10_samplingsteps68
5v2p,42,0,0.8799,0.939,1.1186,0.964,1.119,0.259,0.938,esmfold2,fast_loop10_samplingsteps68
5v2p,42,1,0.8796,0.939,1.0838,0.961,1.084,0.295,0.938,esmfold2,fast_loop10_samplingsteps68
5v2p,42,2,0.8761,0.9356,1.0207,0.971,1.021,0.275,0.958,esmfold2,fast_loop10_samplingsteps68
5v2p,42,3,0.8747,0.935,0.9378,0.968,0.938,0.31,0.958,esmfold2,fast_loop10_samplingsteps68
5v2p,42,4,0.8757,0.9381,1.0159,0.953,1.016,0.391,0.938,esmfold2,fast_loop10_samplingsteps68
5v2p,43,0,0.882,0.9419,0.9076,0.969,0.908,0.306,0.958,esmfold2,fast_loop10_samplingsteps68
5v2p,43,1,0.8741,0.9356,1.4176,0.948,1.418,0.333,0.917,esmfold2,fast_loop10_samplingsteps68
5v2p,43,2,0.8786,0.9382,0.9007,0.958,0.901,0.267,0.917,esmfold2,fast_loop10_samplingsteps68
5v2p,43,3,0.8782,0.9378,0.7519,0.971,0.752,0.292,0.958,esmfold2,fast_loop10_samplingsteps68
5v2p,43,4,0.8782,0.9366,1.0794,0.957,1.079,0.257,0.917,esmfold2,fast_loop10_samplingsteps68
5v2p,44,0,0.88,0.9396,1.1791,0.97,1.179,0.263,0.958,esmfold2,fast_loop10_samplingsteps68
5v2p,44,1,0.8772,0.9371,0.9134,0.964,0.913,0.281,0.938,esmfold2,fast_loop10_samplingsteps68
5v2p,44,2,0.8809,0.9404,0.9107,0.972,0.911,0.265,0.958,esmfold2,fast_loop10_samplingsteps68
5v2p,44,3,0.8676,0.9315,0.9524,0.956,0.952,0.296,0.917,esmfold2,fast_loop10_samplingsteps68
5v2p,44,4,0.8776,0.9367,0.7903,0.966,0.79,0.262,0.938,esmfold2,fast_loop10_samplingsteps68
5v3r,42,0,0.8478,0.9358,1.877,0.823,1.877,0.848,0.759,esmfold2,fast_loop10_samplingsteps68
5v3r,42,1,0.8051,0.9081,1.5111,0.872,1.511,0.704,0.828,esmfold2,fast_loop10_samplingsteps68
5v3r,42,2,0.7945,0.9024,1.7809,0.852,1.781,0.736,0.793,esmfold2,fast_loop10_samplingsteps68
5v3r,42,3,0.8507,0.9395,1.9175,0.82,1.917,0.866,0.759,esmfold2,fast_loop10_samplingsteps68
5v3r,42,4,0.8053,0.9045,1.7178,0.856,1.718,0.796,0.828,esmfold2,fast_loop10_samplingsteps68
5v3r,43,0,0.8506,0.9377,1.9095,0.833,1.909,0.858,0.793,esmfold2,fast_loop10_samplingsteps68
5v3r,43,1,0.8145,0.9123,1.1006,0.9,1.101,0.529,0.828,esmfold2,fast_loop10_samplingsteps68
5v3r,43,2,0.8234,0.9205,1.92,0.819,1.92,0.871,0.759,esmfold2,fast_loop10_samplingsteps68
5v3r,43,3,0.8428,0.9331,1.9772,0.821,1.977,0.853,0.759,esmfold2,fast_loop10_samplingsteps68
5v3r,43,4,0.8064,0.9106,1.3255,0.851,1.326,0.622,0.724,esmfold2,fast_loop10_samplingsteps68
5v3r,44,0,0.8099,0.9117,1.0184,0.899,1.018,0.542,0.828,esmfold2,fast_loop10_samplingsteps68
5v3r,44,1,0.8477,0.9374,1.9803,0.828,1.98,0.886,0.793,esmfold2,fast_loop10_samplingsteps68
5v3r,44,2,0.8067,0.9091,1.5178,0.893,1.518,0.639,0.862,esmfold2,fast_loop10_samplingsteps68
5v3r,44,3,0.8446,0.9354,1.9934,0.813,1.993,0.908,0.759,esmfold2,fast_loop10_samplingsteps68
5v3r,44,4,0.8121,0.9101,1.8259,0.826,1.826,0.833,0.759,esmfold2,fast_loop10_samplingsteps68
5wfv,42,0,0.8642,0.9356,0.525,0.939,0.525,0.34,0.87,esmfold2,fast_loop10_samplingsteps68
5wfv,42,1,0.8642,0.9356,0.5219,0.954,0.522,0.333,0.913,esmfold2,fast_loop10_samplingsteps68
5wfv,42,2,0.8547,0.9273,0.5976,0.946,0.598,0.34,0.891,esmfold2,fast_loop10_samplingsteps68
5wfv,42,3,0.8613,0.9345,0.5399,0.945,0.54,0.352,0.891,esmfold2,fast_loop10_samplingsteps68
5wfv,42,4,0.8607,0.934,0.5352,0.94,0.535,0.331,0.87,esmfold2,fast_loop10_samplingsteps68
5wfv,43,0,0.8442,0.9243,0.8531,0.938,0.853,0.403,0.891,esmfold2,fast_loop10_samplingsteps68
5wfv,43,1,0.8605,0.9317,0.5198,0.954,0.52,0.336,0.913,esmfold2,fast_loop10_samplingsteps68
5wfv,43,2,0.8562,0.9257,0.5489,0.944,0.549,0.36,0.891,esmfold2,fast_loop10_samplingsteps68
5wfv,43,3,0.8625,0.9355,0.5898,0.945,0.59,0.354,0.891,esmfold2,fast_loop10_samplingsteps68
5wfv,43,4,0.849,0.9287,1.0924,0.937,1.092,0.459,0.913,esmfold2,fast_loop10_samplingsteps68
5wfv,44,0,0.8582,0.9292,0.5146,0.955,0.515,0.319,0.913,esmfold2,fast_loop10_samplingsteps68
5wfv,44,1,0.8559,0.9299,0.657,0.943,0.657,0.371,0.891,esmfold2,fast_loop10_samplingsteps68
5wfv,44,2,0.8599,0.931,0.5281,0.946,0.528,0.342,0.891,esmfold2,fast_loop10_samplingsteps68
5wfv,44,3,0.8606,0.9349,0.5881,0.946,0.588,0.336,0.891,esmfold2,fast_loop10_samplingsteps68
5wfv,44,4,0.8622,0.937,0.6028,0.944,0.603,0.363,0.891,esmfold2,fast_loop10_samplingsteps68
5wyi,42,0,0.3806,0.3172,29.2852,0.033,29.285,10.305,0.0,esmfold2,fast_loop10_samplingsteps68
5wyi,42,1,0.3236,0.2027,28.8076,0.035,28.808,9.589,0.0,esmfold2,fast_loop10_samplingsteps68
5wyi,42,2,0.3312,0.2412,31.7394,0.028,31.739,11.102,0.0,esmfold2,fast_loop10_samplingsteps68
5wyi,42,3,0.3314,0.2279,29.8586,0.031,29.859,10.697,0.0,esmfold2,fast_loop10_samplingsteps68
5wyi,42,4,0.3301,0.2349,28.1034,0.035,28.103,10.051,0.0,esmfold2,fast_loop10_samplingsteps68
5wyi,43,0,0.35,0.2649,28.9778,0.033,28.978,10.314,0.0,esmfold2,fast_loop10_samplingsteps68
5wyi,43,1,0.4089,0.3489,27.9121,0.036,27.912,10.013,0.0,esmfold2,fast_loop10_samplingsteps68
5wyi,43,2,0.3625,0.277,28.1712,0.035,28.171,9.857,0.0,esmfold2,fast_loop10_samplingsteps68
5wyi,43,3,0.3245,0.1998,28.411,0.035,28.411,10.133,0.0,esmfold2,fast_loop10_samplingsteps68
5wyi,43,4,0.3111,0.1902,24.8699,0.045,24.87,8.678,0.0,esmfold2,fast_loop10_samplingsteps68
5wyi,44,0,0.3735,0.2801,24.8847,0.044,24.885,8.942,0.0,esmfold2,fast_loop10_samplingsteps68
5wyi,44,1,0.3412,0.2256,24.1216,0.047,24.122,8.385,0.0,esmfold2,fast_loop10_samplingsteps68
5wyi,44,2,0.3264,0.2503,28.4839,0.035,28.484,9.984,0.0,esmfold2,fast_loop10_samplingsteps68
5wyi,44,3,0.3514,0.2627,27.8547,0.036,27.855,9.739,0.0,esmfold2,fast_loop10_samplingsteps68
5wyi,44,4,0.3517,0.277,29.5537,0.032,29.554,10.349,0.0,esmfold2,fast_loop10_samplingsteps68
5xhz,42,0,0.8722,0.8519,1.2245,0.906,1.225,0.599,0.875,esmfold2,fast_loop10_samplingsteps68
5xhz,42,1,0.8826,0.8631,1.7247,0.852,1.725,0.761,0.8,esmfold2,fast_loop10_samplingsteps68
5xhz,42,2,0.8767,0.8576,1.5061,0.849,1.506,0.803,0.8,esmfold2,fast_loop10_samplingsteps68
5xhz,42,3,0.8773,0.8561,1.5362,0.889,1.536,0.756,0.9,esmfold2,fast_loop10_samplingsteps68
5xhz,42,4,0.8822,0.8625,1.6042,0.875,1.604,0.727,0.85,esmfold2,fast_loop10_samplingsteps68
5xhz,43,0,0.8868,0.8698,1.9407,0.878,1.941,0.786,0.9,esmfold2,fast_loop10_samplingsteps68
5xhz,43,1,0.8835,0.8652,1.6424,0.888,1.642,0.751,0.9,esmfold2,fast_loop10_samplingsteps68
5xhz,43,2,0.8819,0.8647,1.5812,0.884,1.581,0.787,0.9,esmfold2,fast_loop10_samplingsteps68
5xhz,43,3,0.884,0.8673,1.5709,0.881,1.571,0.809,0.9,esmfold2,fast_loop10_samplingsteps68
5xhz,43,4,0.8842,0.8683,1.5371,0.88,1.537,0.755,0.875,esmfold2,fast_loop10_samplingsteps68
5xhz,44,0,0.8717,0.8525,1.3127,0.865,1.313,0.703,0.8,esmfold2,fast_loop10_samplingsteps68
5xhz,44,1,0.8853,0.8683,1.7181,0.878,1.718,0.751,0.875,esmfold2,fast_loop10_samplingsteps68
5xhz,44,2,0.8838,0.8665,1.7067,0.86,1.707,0.762,0.825,esmfold2,fast_loop10_samplingsteps68
5xhz,44,3,0.8806,0.8616,1.7376,0.886,1.738,0.752,0.9,esmfold2,fast_loop10_samplingsteps68
5xhz,44,4,0.8826,0.8656,1.5158,0.888,1.516,0.76,0.9,esmfold2,fast_loop10_samplingsteps68
5xxq,42,0,0.8956,0.9769,0.9338,0.97,0.934,0.355,0.976,esmfold2,fast_loop10_samplingsteps68
5xxq,42,1,0.8442,0.9667,1.2723,0.949,1.272,0.446,0.951,esmfold2,fast_loop10_samplingsteps68
5xxq,42,2,0.8961,0.9768,0.8283,0.972,0.828,0.348,0.976,esmfold2,fast_loop10_samplingsteps68
5xxq,42,3,0.8939,0.9762,0.8768,0.971,0.877,0.354,0.976,esmfold2,fast_loop10_samplingsteps68
5xxq,42,4,0.8944,0.9761,0.9406,0.961,0.941,0.366,0.951,esmfold2,fast_loop10_samplingsteps68
5xxq,43,0,0.8949,0.9769,0.8576,0.967,0.858,0.393,0.976,esmfold2,fast_loop10_samplingsteps68
5xxq,43,1,0.8952,0.9768,0.9223,0.962,0.922,0.357,0.951,esmfold2,fast_loop10_samplingsteps68
5xxq,43,2,0.8892,0.9745,0.8557,0.98,0.856,0.339,1.0,esmfold2,fast_loop10_samplingsteps68
5xxq,43,3,0.8944,0.9762,0.8049,0.965,0.805,0.333,0.951,esmfold2,fast_loop10_samplingsteps68
5xxq,43,4,0.8617,0.9697,0.8224,0.972,0.822,0.349,0.976,esmfold2,fast_loop10_samplingsteps68
5xxq,44,0,0.861,0.9699,0.9388,0.97,0.939,0.353,0.976,esmfold2,fast_loop10_samplingsteps68
5xxq,44,1,0.8956,0.9771,0.9165,0.97,0.916,0.359,0.976,esmfold2,fast_loop10_samplingsteps68
5xxq,44,2,0.8954,0.9769,1.0282,0.97,1.028,0.353,0.976,esmfold2,fast_loop10_samplingsteps68
5xxq,44,3,0.8948,0.9762,0.8954,0.971,0.895,0.355,0.976,esmfold2,fast_loop10_samplingsteps68
5xxq,44,4,0.8942,0.9758,0.8732,0.97,0.873,0.361,0.976,esmfold2,fast_loop10_samplingsteps68
5yay,42,0,0.7112,0.8023,2.0433,0.798,2.043,0.888,0.71,esmfold2,fast_loop10_samplingsteps68
5yay,42,1,0.8961,0.9592,1.0137,0.941,1.014,0.498,0.935,esmfold2,fast_loop10_samplingsteps68
5yay,42,2,0.7288,0.8184,2.8243,0.749,2.824,1.174,0.726,esmfold2,fast_loop10_samplingsteps68
5yay,42,3,0.8933,0.9574,0.9616,0.935,0.962,0.55,0.935,esmfold2,fast_loop10_samplingsteps68
5yay,42,4,0.8876,0.9489,1.251,0.927,1.251,0.586,0.935,esmfold2,fast_loop10_samplingsteps68
5yay,43,0,0.8951,0.9598,1.1688,0.921,1.169,0.557,0.903,esmfold2,fast_loop10_samplingsteps68
5yay,43,1,0.8604,0.9352,1.0574,0.929,1.057,0.586,0.935,esmfold2,fast_loop10_samplingsteps68
5yay,43,2,0.8908,0.9556,1.0715,0.938,1.071,0.515,0.935,esmfold2,fast_loop10_samplingsteps68
5yay,43,3,0.8229,0.9069,1.0063,0.934,1.006,0.557,0.935,esmfold2,fast_loop10_samplingsteps68
5yay,43,4,0.891,0.9557,0.9662,0.938,0.966,0.521,0.935,esmfold2,fast_loop10_samplingsteps68
5yay,44,0,0.8852,0.9528,0.7432,0.949,0.743,0.398,0.919,esmfold2,fast_loop10_samplingsteps68
5yay,44,1,0.8941,0.9572,1.0369,0.937,1.037,0.478,0.919,esmfold2,fast_loop10_samplingsteps68
5yay,44,2,0.8826,0.9457,1.3398,0.92,1.34,0.547,0.903,esmfold2,fast_loop10_samplingsteps68
5yay,44,3,0.8903,0.9567,0.9226,0.939,0.923,0.522,0.935,esmfold2,fast_loop10_samplingsteps68
5yay,44,4,0.8842,0.9492,1.3221,0.898,1.322,0.64,0.871,esmfold2,fast_loop10_samplingsteps68
6b27,42,0,0.9027,0.9324,1.0591,0.954,1.059,0.471,0.968,esmfold2,fast_loop10_samplingsteps68
6b27,42,1,0.9024,0.9308,1.1713,0.961,1.171,0.494,1.0,esmfold2,fast_loop10_samplingsteps68
6b27,42,2,0.9033,0.9321,0.9759,0.946,0.976,0.459,0.935,esmfold2,fast_loop10_samplingsteps68
6b27,42,3,0.8958,0.9247,1.6339,0.953,1.634,0.513,1.0,esmfold2,fast_loop10_samplingsteps68
6b27,42,4,0.9025,0.9317,1.1537,0.951,1.154,0.489,0.968,esmfold2,fast_loop10_samplingsteps68
6b27,43,0,0.9013,0.9286,1.0082,0.962,1.008,0.498,1.0,esmfold2,fast_loop10_samplingsteps68
6b27,43,1,0.9016,0.9304,0.9583,0.964,0.958,0.483,1.0,esmfold2,fast_loop10_samplingsteps68
6b27,43,2,0.9003,0.9279,1.1839,0.961,1.184,0.49,1.0,esmfold2,fast_loop10_samplingsteps68
6b27,43,3,0.8976,0.9261,1.0191,0.939,1.019,0.509,0.935,esmfold2,fast_loop10_samplingsteps68
6b27,43,4,0.9001,0.9271,1.1065,0.949,1.106,0.511,0.968,esmfold2,fast_loop10_samplingsteps68
6b27,44,0,0.9036,0.9321,0.6695,0.945,0.669,0.483,0.935,esmfold2,fast_loop10_samplingsteps68
6b27,44,1,0.9025,0.9331,0.9703,0.96,0.97,0.523,1.0,esmfold2,fast_loop10_samplingsteps68
6b27,44,2,0.9017,0.9298,0.9798,0.938,0.98,0.527,0.935,esmfold2,fast_loop10_samplingsteps68
6b27,44,3,0.9019,0.9321,1.2316,0.959,1.232,0.505,1.0,esmfold2,fast_loop10_samplingsteps68
6b27,44,4,0.8956,0.9234,1.0193,0.936,1.019,0.537,0.935,esmfold2,fast_loop10_samplingsteps68
6co4,42,0,0.8725,0.9133,2.0972,0.809,2.097,1.247,0.894,esmfold2,fast_loop10_samplingsteps68
6co4,42,1,0.8713,0.9121,1.7307,0.835,1.731,1.095,0.894,esmfold2,fast_loop10_samplingsteps68
6co4,42,2,0.8698,0.9112,2.0921,0.834,2.092,1.171,0.936,esmfold2,fast_loop10_samplingsteps68
6co4,42,3,0.866,0.9088,1.8289,0.839,1.829,1.106,0.915,esmfold2,fast_loop10_samplingsteps68
6co4,42,4,0.8672,0.9057,1.9958,0.846,1.996,1.145,0.957,esmfold2,fast_loop10_samplingsteps68
6co4,43,0,0.8727,0.9126,2.024,0.842,2.024,1.167,0.957,esmfold2,fast_loop10_samplingsteps68
6co4,43,1,0.8631,0.9127,1.8234,0.831,1.823,1.172,0.915,esmfold2,fast_loop10_samplingsteps68
6co4,43,2,0.8708,0.9107,2.0839,0.823,2.084,1.249,0.936,esmfold2,fast_loop10_samplingsteps68
6co4,43,3,0.8622,0.9071,1.9881,0.827,1.988,1.235,0.936,esmfold2,fast_loop10_samplingsteps68
6co4,43,4,0.8696,0.9107,2.0913,0.815,2.091,1.203,0.894,esmfold2,fast_loop10_samplingsteps68
6co4,44,0,0.8651,0.911,2.2385,0.834,2.239,1.252,0.979,esmfold2,fast_loop10_samplingsteps68
6co4,44,1,0.8693,0.9104,2.021,0.855,2.021,1.129,0.979,esmfold2,fast_loop10_samplingsteps68
6co4,44,2,0.868,0.9163,2.1098,0.813,2.11,1.274,0.915,esmfold2,fast_loop10_samplingsteps68
6co4,44,3,0.8676,0.9093,2.1623,0.816,2.162,1.239,0.915,esmfold2,fast_loop10_samplingsteps68
6co4,44,4,0.87,0.9102,2.0528,0.838,2.053,1.146,0.936,esmfold2,fast_loop10_samplingsteps68
6dei,42,0,0.306,0.0847,19.469,0.064,19.469,14.341,0.021,esmfold2,fast_loop10_samplingsteps68
6dei,42,1,0.2823,0.0914,15.571,0.115,15.571,13.307,0.104,esmfold2,fast_loop10_samplingsteps68
6dei,42,2,0.2912,0.0916,22.9634,0.064,22.963,15.167,0.062,esmfold2,fast_loop10_samplingsteps68
6dei,42,3,0.3624,0.2519,23.1673,0.071,23.167,14.744,0.083,esmfold2,fast_loop10_samplingsteps68
6dei,42,4,0.296,0.1099,18.0958,0.077,18.096,15.721,0.042,esmfold2,fast_loop10_samplingsteps68
6dei,43,0,0.3483,0.1987,29.7538,0.049,29.754,16.535,0.062,esmfold2,fast_loop10_samplingsteps68
6dei,43,1,0.2941,0.0852,24.681,0.039,24.681,14.875,0.0,esmfold2,fast_loop10_samplingsteps68
6dei,43,2,0.2668,0.0782,19.7717,0.064,19.772,12.44,0.021,esmfold2,fast_loop10_samplingsteps68
6dei,43,3,0.4251,0.245,20.2166,0.074,20.217,16.039,0.062,esmfold2,fast_loop10_samplingsteps68
6dei,43,4,0.2965,0.0889,25.9489,0.042,25.949,15.159,0.021,esmfold2,fast_loop10_samplingsteps68
6dei,44,0,0.2818,0.0766,16.1284,0.105,16.128,13.158,0.083,esmfold2,fast_loop10_samplingsteps68
6dei,44,1,0.2856,0.0681,19.9959,0.097,19.996,13.634,0.125,esmfold2,fast_loop10_samplingsteps68
6dei,44,2,0.3171,0.0849,16.6585,0.072,16.659,15.125,0.0,esmfold2,fast_loop10_samplingsteps68
6dei,44,3,0.3048,0.0814,8.6421,0.216,8.642,14.51,0.146,esmfold2,fast_loop10_samplingsteps68
6dei,44,4,0.3413,0.1373,17.7304,0.079,17.73,17.429,0.042,esmfold2,fast_loop10_samplingsteps68
6e5x,42,0,0.8699,0.8741,5.9415,0.679,5.941,1.749,0.943,esmfold2,fast_loop10_samplingsteps68
6e5x,42,1,0.8697,0.8761,4.7304,0.712,4.73,1.728,0.943,esmfold2,fast_loop10_samplingsteps68
6e5x,42,2,0.8598,0.8654,4.4942,0.728,4.494,1.625,0.943,esmfold2,fast_loop10_samplingsteps68
6e5x,42,3,0.864,0.8714,6.2527,0.656,6.253,1.928,0.943,esmfold2,fast_loop10_samplingsteps68
6e5x,42,4,0.8619,0.87,5.0707,0.708,5.071,1.781,0.971,esmfold2,fast_loop10_samplingsteps68
6e5x,43,0,0.8699,0.876,6.087,0.665,6.087,1.874,0.943,esmfold2,fast_loop10_samplingsteps68
6e5x,43,1,0.8692,0.8769,4.5758,0.717,4.576,1.718,0.943,esmfold2,fast_loop10_samplingsteps68
6e5x,43,2,0.8699,0.8775,4.5598,0.719,4.56,1.699,0.943,esmfold2,fast_loop10_samplingsteps68
6e5x,43,3,0.8717,0.8796,5.9637,0.679,5.964,1.746,0.943,esmfold2,fast_loop10_samplingsteps68
6e5x,43,4,0.8639,0.8687,5.8534,0.679,5.853,1.777,0.943,esmfold2,fast_loop10_samplingsteps68
6e5x,44,0,0.8656,0.876,4.796,0.688,4.796,1.871,0.914,esmfold2,fast_loop10_samplingsteps68
6e5x,44,1,0.8674,0.8729,5.74,0.687,5.74,1.722,0.943,esmfold2,fast_loop10_samplingsteps68
6e5x,44,2,0.867,0.8721,6.4218,0.643,6.422,1.926,0.914,esmfold2,fast_loop10_samplingsteps68
6e5x,44,3,0.8662,0.8701,5.7996,0.685,5.8,1.729,0.943,esmfold2,fast_loop10_samplingsteps68
6e5x,44,4,0.8698,0.877,5.305,0.677,5.305,1.958,0.943,esmfold2,fast_loop10_samplingsteps68
6ej7,42,0,0.8188,0.9422,1.1456,0.895,1.146,0.765,0.911,esmfold2,fast_loop10_samplingsteps68
6ej7,42,1,0.8101,0.937,0.8484,0.928,0.848,0.679,0.964,esmfold2,fast_loop10_samplingsteps68
6ej7,42,2,0.8208,0.9431,1.2568,0.898,1.257,0.742,0.911,esmfold2,fast_loop10_samplingsteps68
6ej7,42,3,0.8155,0.9402,1.163,0.909,1.163,0.713,0.929,esmfold2,fast_loop10_samplingsteps68
6ej7,42,4,0.8198,0.9425,1.0792,0.909,1.079,0.714,0.929,esmfold2,fast_loop10_samplingsteps68
6ej7,43,0,0.8182,0.9418,1.0198,0.905,1.02,0.662,0.893,esmfold2,fast_loop10_samplingsteps68
6ej7,43,1,0.805,0.9355,1.0334,0.915,1.033,0.673,0.929,esmfold2,fast_loop10_samplingsteps68
6ej7,43,2,0.8205,0.9428,1.3694,0.893,1.369,0.766,0.911,esmfold2,fast_loop10_samplingsteps68
6ej7,43,3,0.8055,0.9354,1.0013,0.928,1.001,0.671,0.964,esmfold2,fast_loop10_samplingsteps68
6ej7,43,4,0.8187,0.9407,1.0505,0.891,1.051,0.723,0.875,esmfold2,fast_loop10_samplingsteps68
6ej7,44,0,0.814,0.9408,0.8771,0.914,0.877,0.692,0.929,esmfold2,fast_loop10_samplingsteps68
6ej7,44,1,0.8102,0.9378,1.0945,0.907,1.094,0.73,0.929,esmfold2,fast_loop10_samplingsteps68
6ej7,44,2,0.8197,0.9441,1.2735,0.898,1.274,0.74,0.911,esmfold2,fast_loop10_samplingsteps68
6ej7,44,3,0.8125,0.9387,1.0523,0.909,1.052,0.72,0.929,esmfold2,fast_loop10_samplingsteps68
6ej7,44,4,0.8179,0.9416,1.2106,0.903,1.211,0.705,0.911,esmfold2,fast_loop10_samplingsteps68
6f0w,42,0,0.9018,0.9574,0.4477,0.885,0.448,0.958,0.947,esmfold2,fast_loop10_samplingsteps68
6f0w,42,1,0.9034,0.9582,0.4713,0.88,0.471,0.993,0.947,esmfold2,fast_loop10_samplingsteps68
6f0w,42,2,0.8971,0.9539,0.5396,0.916,0.54,0.802,0.974,esmfold2,fast_loop10_samplingsteps68
6f0w,42,3,0.8992,0.9559,0.4661,0.875,0.466,0.994,0.934,esmfold2,fast_loop10_samplingsteps68
6f0w,42,4,0.9,0.9576,0.4905,0.911,0.491,0.803,0.961,esmfold2,fast_loop10_samplingsteps68
6f0w,43,0,0.9006,0.9572,0.6205,0.875,0.62,1.021,0.947,esmfold2,fast_loop10_samplingsteps68
6f0w,43,1,0.8928,0.9561,0.7929,0.835,0.793,1.281,0.934,esmfold2,fast_loop10_samplingsteps68
6f0w,43,2,0.8985,0.9541,0.6071,0.875,0.607,0.994,0.934,esmfold2,fast_loop10_samplingsteps68
6f0w,43,3,0.8957,0.9528,0.7997,0.911,0.8,0.826,0.974,esmfold2,fast_loop10_samplingsteps68
6f0w,43,4,0.8998,0.9572,0.5528,0.889,0.553,0.928,0.947,esmfold2,fast_loop10_samplingsteps68
6f0w,44,0,0.8981,0.9544,0.4083,0.908,0.408,0.831,0.961,esmfold2,fast_loop10_samplingsteps68
6f0w,44,1,0.8999,0.9576,0.4962,0.878,0.496,0.978,0.934,esmfold2,fast_loop10_samplingsteps68
6f0w,44,2,0.9009,0.957,0.5786,0.888,0.579,0.901,0.934,esmfold2,fast_loop10_samplingsteps68
6f0w,44,3,0.8999,0.9573,0.4753,0.879,0.475,1.002,0.947,esmfold2,fast_loop10_samplingsteps68
6f0w,44,4,0.8993,0.9564,0.5285,0.876,0.528,1.017,0.947,esmfold2,fast_loop10_samplingsteps68
6f0y,42,0,0.7727,0.8024,10.4718,0.432,10.472,5.032,0.818,esmfold2,fast_loop10_samplingsteps68
6f0y,42,1,0.7698,0.8029,10.3978,0.435,10.398,4.899,0.818,esmfold2,fast_loop10_samplingsteps68
6f0y,42,2,0.7388,0.7593,7.5367,0.517,7.537,3.562,0.841,esmfold2,fast_loop10_samplingsteps68
6f0y,42,3,0.7349,0.7643,8.2504,0.485,8.25,4.003,0.818,esmfold2,fast_loop10_samplingsteps68
6f0y,42,4,0.7815,0.8136,10.3185,0.428,10.318,4.933,0.795,esmfold2,fast_loop10_samplingsteps68
6f0y,43,0,0.7752,0.8042,9.8733,0.455,9.873,4.506,0.841,esmfold2,fast_loop10_samplingsteps68
6f0y,43,1,0.7752,0.8005,9.6522,0.453,9.652,4.373,0.818,esmfold2,fast_loop10_samplingsteps68
6f0y,43,2,0.779,0.8119,10.4114,0.427,10.411,4.879,0.795,esmfold2,fast_loop10_samplingsteps68
6f0y,43,3,0.779,0.8108,10.4152,0.445,10.415,4.646,0.841,esmfold2,fast_loop10_samplingsteps68
6f0y,43,4,0.7721,0.797,10.5435,0.427,10.544,4.749,0.795,esmfold2,fast_loop10_samplingsteps68
6f0y,44,0,0.7779,0.8058,10.0623,0.445,10.062,4.503,0.818,esmfold2,fast_loop10_samplingsteps68
6f0y,44,1,0.7786,0.8158,9.0185,0.448,9.018,4.448,0.773,esmfold2,fast_loop10_samplingsteps68
6f0y,44,2,0.7789,0.8071,9.4864,0.468,9.486,4.642,0.864,esmfold2,fast_loop10_samplingsteps68
6f0y,44,3,0.7545,0.7816,6.3884,0.548,6.388,2.919,0.795,esmfold2,fast_loop10_samplingsteps68
6f0y,44,4,0.7792,0.8136,9.2295,0.464,9.229,4.159,0.818,esmfold2,fast_loop10_samplingsteps68
6f4s,42,0,0.5513,0.6339,3.4556,0.744,3.456,0.916,0.645,esmfold2,fast_loop10_samplingsteps68
6f4s,42,1,0.5534,0.6482,3.6128,0.736,3.613,0.943,0.645,esmfold2,fast_loop10_samplingsteps68
6f4s,42,2,0.5423,0.6389,4.8427,0.631,4.843,1.255,0.548,esmfold2,fast_loop10_samplingsteps68
6f4s,42,3,0.5559,0.6408,3.857,0.744,3.857,1.001,0.71,esmfold2,fast_loop10_samplingsteps68
6f4s,42,4,0.5572,0.6497,4.2246,0.723,4.225,1.081,0.71,esmfold2,fast_loop10_samplingsteps68
6f4s,43,0,0.5594,0.6488,4.0721,0.711,4.072,1.041,0.645,esmfold2,fast_loop10_samplingsteps68
6f4s,43,1,0.5356,0.6166,3.1681,0.761,3.168,0.842,0.645,esmfold2,fast_loop10_samplingsteps68
6f4s,43,2,0.5016,0.6317,3.5465,0.818,3.547,0.913,0.871,esmfold2,fast_loop10_samplingsteps68
6f4s,43,3,0.5485,0.636,3.5245,0.73,3.525,0.927,0.613,esmfold2,fast_loop10_samplingsteps68
6f4s,43,4,0.5272,0.6119,3.2305,0.781,3.231,0.847,0.71,esmfold2,fast_loop10_samplingsteps68
6f4s,44,0,0.4698,0.5939,4.1418,0.739,4.142,1.061,0.742,esmfold2,fast_loop10_samplingsteps68
6f4s,44,1,0.5609,0.6498,3.4061,0.737,3.406,0.896,0.613,esmfold2,fast_loop10_samplingsteps68
6f4s,44,2,0.5526,0.6437,3.8872,0.709,3.887,1.013,0.613,esmfold2,fast_loop10_samplingsteps68
6f4s,44,3,0.4899,0.604,2.2864,0.831,2.286,0.631,0.71,esmfold2,fast_loop10_samplingsteps68
6f4s,44,4,0.5466,0.642,3.3745,0.738,3.375,0.893,0.613,esmfold2,fast_loop10_samplingsteps68
6f6d,42,0,0.872,0.9558,1.1596,0.864,1.16,0.952,0.897,esmfold2,fast_loop10_samplingsteps68
6f6d,42,1,0.8742,0.9574,1.1153,0.858,1.115,0.996,0.897,esmfold2,fast_loop10_samplingsteps68
6f6d,42,2,0.8667,0.9523,1.2583,0.873,1.258,0.83,0.874,esmfold2,fast_loop10_samplingsteps68
6f6d,42,3,0.8689,0.9554,1.2681,0.842,1.268,1.044,0.874,esmfold2,fast_loop10_samplingsteps68
6f6d,42,4,0.873,0.9571,1.318,0.866,1.318,0.843,0.862,esmfold2,fast_loop10_samplingsteps68
6f6d,43,0,0.8682,0.9533,0.9308,0.88,0.931,0.882,0.908,esmfold2,fast_loop10_samplingsteps68
6f6d,43,1,0.8696,0.9538,0.9415,0.888,0.942,0.85,0.92,esmfold2,fast_loop10_samplingsteps68
6f6d,43,2,0.8693,0.9529,0.9716,0.887,0.972,0.8,0.897,esmfold2,fast_loop10_samplingsteps68
6f6d,43,3,0.8761,0.9582,1.2417,0.857,1.242,1.05,0.92,esmfold2,fast_loop10_samplingsteps68
6f6d,43,4,0.8682,0.9544,1.1405,0.862,1.141,0.935,0.885,esmfold2,fast_loop10_samplingsteps68
6f6d,44,0,0.8748,0.9571,0.9801,0.879,0.98,0.86,0.897,esmfold2,fast_loop10_samplingsteps68
6f6d,44,1,0.8741,0.9573,1.1167,0.856,1.117,1.04,0.908,esmfold2,fast_loop10_samplingsteps68
6f6d,44,2,0.8719,0.9556,1.1044,0.857,1.104,1.0,0.897,esmfold2,fast_loop10_samplingsteps68
6f6d,44,3,0.8746,0.9577,1.1223,0.877,1.122,0.919,0.92,esmfold2,fast_loop10_samplingsteps68
6f6d,44,4,0.8743,0.9576,1.1216,0.853,1.122,0.951,0.862,esmfold2,fast_loop10_samplingsteps68
6fbk,42,0,0.8937,0.8995,1.6072,0.839,1.607,1.212,0.947,esmfold2,fast_loop10_samplingsteps68
6fbk,42,1,0.899,0.9037,1.2806,0.85,1.281,1.163,0.947,esmfold2,fast_loop10_samplingsteps68
6fbk,42,2,0.8954,0.9001,1.4473,0.859,1.447,1.147,0.974,esmfold2,fast_loop10_samplingsteps68
6fbk,42,3,0.8907,0.8955,1.7227,0.832,1.723,1.185,0.921,esmfold2,fast_loop10_samplingsteps68
6fbk,42,4,0.8913,0.896,1.4574,0.853,1.457,1.193,0.974,esmfold2,fast_loop10_samplingsteps68
6fbk,43,0,0.8962,0.9008,1.4387,0.856,1.439,1.101,0.947,esmfold2,fast_loop10_samplingsteps68
6fbk,43,1,0.8975,0.9033,1.4088,0.862,1.409,1.128,0.974,esmfold2,fast_loop10_samplingsteps68
6fbk,43,2,0.894,0.8985,1.4191,0.853,1.419,1.196,0.974,esmfold2,fast_loop10_samplingsteps68
6fbk,43,3,0.8821,0.8829,1.629,0.822,1.629,1.211,0.895,esmfold2,fast_loop10_samplingsteps68
6fbk,43,4,0.8946,0.9029,1.5191,0.86,1.519,1.134,0.974,esmfold2,fast_loop10_samplingsteps68
6fbk,44,0,0.8989,0.9046,1.5136,0.855,1.514,1.166,0.974,esmfold2,fast_loop10_samplingsteps68
6fbk,44,1,0.8904,0.8941,1.4401,0.873,1.44,0.982,0.947,esmfold2,fast_loop10_samplingsteps68
6fbk,44,2,0.8831,0.8837,1.7038,0.826,1.704,1.307,0.947,esmfold2,fast_loop10_samplingsteps68
6fbk,44,3,0.8933,0.8971,1.3979,0.838,1.398,1.179,0.921,esmfold2,fast_loop10_samplingsteps68
6fbk,44,4,0.8886,0.8897,1.3344,0.856,1.334,1.181,0.974,esmfold2,fast_loop10_samplingsteps68
6h7b,42,0,0.8894,0.8979,1.4303,0.921,1.43,0.715,0.977,esmfold2,fast_loop10_samplingsteps68
6h7b,42,1,0.8781,0.8868,1.8107,0.897,1.811,0.845,0.977,esmfold2,fast_loop10_samplingsteps68
6h7b,42,2,0.8881,0.8956,1.319,0.935,1.319,0.626,0.977,esmfold2,fast_loop10_samplingsteps68
6h7b,42,3,0.889,0.8969,1.3747,0.895,1.375,0.958,1.0,esmfold2,fast_loop10_samplingsteps68
6h7b,42,4,0.887,0.8968,1.1586,0.95,1.159,0.587,1.0,esmfold2,fast_loop10_samplingsteps68
6h7b,43,0,0.8862,0.8933,1.8016,0.892,1.802,0.886,0.977,esmfold2,fast_loop10_samplingsteps68
6h7b,43,1,0.8843,0.8921,1.2929,0.934,1.293,0.691,1.0,esmfold2,fast_loop10_samplingsteps68
6h7b,43,2,0.8851,0.8952,1.0154,0.906,1.015,0.8,0.953,esmfold2,fast_loop10_samplingsteps68
6h7b,43,3,0.8704,0.8859,1.7082,0.882,1.708,0.966,0.977,esmfold2,fast_loop10_samplingsteps68
6h7b,43,4,0.8803,0.887,1.7328,0.877,1.733,0.942,0.953,esmfold2,fast_loop10_samplingsteps68
6h7b,44,0,0.8823,0.8895,1.2843,0.925,1.284,0.645,0.953,esmfold2,fast_loop10_samplingsteps68
6h7b,44,1,0.8875,0.8966,1.5827,0.884,1.583,0.961,0.977,esmfold2,fast_loop10_samplingsteps68
6h7b,44,2,0.8883,0.8964,1.3182,0.906,1.318,0.83,0.977,esmfold2,fast_loop10_samplingsteps68
6h7b,44,3,0.8843,0.8937,1.5454,0.876,1.545,0.914,0.93,esmfold2,fast_loop10_samplingsteps68
6h7b,44,4,0.8858,0.8954,1.3343,0.907,1.334,0.826,0.977,esmfold2,fast_loop10_samplingsteps68
