complex,seed,id,pep_plddt,iptm,scRMSD,dockq_score,lrmsd,irmsd,fnat,model,method
1a0n,42,0,0.5933,0.3594,7.8837,0.507,7.884,2.983,0.783,esmfold2,nomsa_loop10_samples200
1a0n,42,1,0.6042,0.3851,6.9489,0.558,6.949,2.612,0.826,esmfold2,nomsa_loop10_samples200
1a0n,42,2,0.5934,0.3882,3.8426,0.699,3.843,1.686,0.826,esmfold2,nomsa_loop10_samples200
1a0n,42,3,0.5929,0.3766,5.5353,0.601,5.535,2.202,0.783,esmfold2,nomsa_loop10_samples200
1a0n,42,4,0.5982,0.3881,6.068,0.591,6.068,2.375,0.826,esmfold2,nomsa_loop10_samples200
1a0n,43,0,0.5994,0.3751,7.6938,0.523,7.694,3.059,0.826,esmfold2,nomsa_loop10_samples200
1a0n,43,1,0.6004,0.3756,8.618,0.498,8.618,3.245,0.826,esmfold2,nomsa_loop10_samples200
1a0n,43,2,0.596,0.3874,4.3388,0.662,4.339,1.968,0.826,esmfold2,nomsa_loop10_samples200
1a0n,43,3,0.6031,0.3869,8.2102,0.513,8.21,3.051,0.826,esmfold2,nomsa_loop10_samples200
1a0n,43,4,0.5985,0.3833,6.643,0.568,6.643,2.552,0.826,esmfold2,nomsa_loop10_samples200
1a0n,44,0,0.6029,0.3887,6.5962,0.572,6.596,2.5,0.826,esmfold2,nomsa_loop10_samples200
1a0n,44,1,0.597,0.3782,5.609,0.614,5.609,2.196,0.826,esmfold2,nomsa_loop10_samples200
1a0n,44,2,0.6022,0.393,7.4188,0.538,7.419,2.815,0.826,esmfold2,nomsa_loop10_samples200
1a0n,44,3,0.6053,0.3854,7.5478,0.534,7.548,2.859,0.826,esmfold2,nomsa_loop10_samples200
1a0n,44,4,0.6022,0.3807,6.2171,0.565,6.217,2.523,0.783,esmfold2,nomsa_loop10_samples200
1cqg,42,0,0.523,0.4387,9.6281,0.463,9.628,3.885,0.821,esmfold2,nomsa_loop10_samples200
1cqg,42,1,0.532,0.4591,7.1305,0.528,7.13,3.246,0.821,esmfold2,nomsa_loop10_samples200
1cqg,42,2,0.529,0.4621,8.5032,0.467,8.503,3.575,0.75,esmfold2,nomsa_loop10_samples200
1cqg,42,3,0.5094,0.4434,6.1138,0.553,6.114,2.604,0.75,esmfold2,nomsa_loop10_samples200
1cqg,42,4,0.5341,0.4424,7.4586,0.501,7.459,3.126,0.75,esmfold2,nomsa_loop10_samples200
1cqg,43,0,0.5375,0.4415,8.1832,0.483,8.183,3.642,0.786,esmfold2,nomsa_loop10_samples200
1cqg,43,1,0.5282,0.4495,10.0004,0.429,10.0,4.108,0.75,esmfold2,nomsa_loop10_samples200
1cqg,43,2,0.529,0.4268,7.5701,0.526,7.57,3.411,0.857,esmfold2,nomsa_loop10_samples200
1cqg,43,3,0.5135,0.4349,10.8183,0.399,10.818,4.495,0.714,esmfold2,nomsa_loop10_samples200
1cqg,43,4,0.5363,0.4379,7.0651,0.509,7.065,3.143,0.75,esmfold2,nomsa_loop10_samples200
1cqg,44,0,0.5286,0.44,5.2141,0.591,5.214,2.526,0.786,esmfold2,nomsa_loop10_samples200
1cqg,44,1,0.5274,0.4371,10.0456,0.423,10.046,3.752,0.714,esmfold2,nomsa_loop10_samples200
1cqg,44,2,0.5311,0.4557,9.161,0.447,9.161,3.933,0.75,esmfold2,nomsa_loop10_samples200
1cqg,44,3,0.5134,0.4349,7.0823,0.517,7.082,3.255,0.786,esmfold2,nomsa_loop10_samples200
1cqg,44,4,0.5362,0.4413,7.5688,0.493,7.569,3.317,0.75,esmfold2,nomsa_loop10_samples200
1czy,42,0,0.8116,0.8606,6.4817,0.437,6.482,1.992,0.318,esmfold2,nomsa_loop10_samples200
1czy,42,1,0.8159,0.8646,6.3734,0.444,6.373,1.939,0.318,esmfold2,nomsa_loop10_samples200
1czy,42,2,0.6612,0.7089,6.4418,0.432,6.442,1.973,0.295,esmfold2,nomsa_loop10_samples200
1czy,42,3,0.8129,0.8621,6.4309,0.449,6.431,1.963,0.341,esmfold2,nomsa_loop10_samples200
1czy,42,4,0.699,0.7454,6.7454,0.422,6.745,2.01,0.295,esmfold2,nomsa_loop10_samples200
1czy,43,0,0.4924,0.4866,3.1883,0.645,3.188,1.046,0.386,esmfold2,nomsa_loop10_samples200
1czy,43,1,0.694,0.7458,6.761,0.42,6.761,2.039,0.295,esmfold2,nomsa_loop10_samples200
1czy,43,2,0.8072,0.8588,6.5873,0.442,6.587,1.996,0.341,esmfold2,nomsa_loop10_samples200
1czy,43,3,0.805,0.8585,6.8184,0.416,6.818,2.075,0.295,esmfold2,nomsa_loop10_samples200
1czy,43,4,0.6965,0.746,6.2943,0.448,6.294,1.914,0.318,esmfold2,nomsa_loop10_samples200
1czy,44,0,0.6994,0.7549,6.354,0.442,6.354,1.971,0.318,esmfold2,nomsa_loop10_samples200
1czy,44,1,0.6139,0.6372,4.0628,0.602,4.063,1.266,0.409,esmfold2,nomsa_loop10_samples200
1czy,44,2,0.6955,0.7506,6.5524,0.427,6.552,2.014,0.295,esmfold2,nomsa_loop10_samples200
1czy,44,3,0.6749,0.7292,6.5557,0.421,6.556,1.982,0.273,esmfold2,nomsa_loop10_samples200
1czy,44,4,0.6974,0.7469,6.5598,0.435,6.56,2.002,0.318,esmfold2,nomsa_loop10_samples200
1ddv,42,0,0.5515,0.4456,6.8449,0.518,6.845,2.174,0.625,esmfold2,nomsa_loop10_samples200
1ddv,42,1,0.538,0.4175,6.4183,0.515,6.418,2.068,0.562,esmfold2,nomsa_loop10_samples200
1ddv,42,2,0.5453,0.4257,7.072,0.487,7.072,2.25,0.562,esmfold2,nomsa_loop10_samples200
1ddv,42,3,0.5418,0.4339,6.4833,0.512,6.483,2.084,0.562,esmfold2,nomsa_loop10_samples200
1ddv,42,4,0.5246,0.4065,7.0848,0.485,7.085,2.275,0.562,esmfold2,nomsa_loop10_samples200
1ddv,43,0,0.5492,0.4305,7.1511,0.504,7.151,2.279,0.625,esmfold2,nomsa_loop10_samples200
1ddv,43,1,0.5493,0.4306,6.7422,0.522,6.742,2.154,0.625,esmfold2,nomsa_loop10_samples200
1ddv,43,2,0.5326,0.414,7.609,0.466,7.609,2.404,0.562,esmfold2,nomsa_loop10_samples200
1ddv,43,3,0.5411,0.421,7.3102,0.478,7.31,2.304,0.562,esmfold2,nomsa_loop10_samples200
1ddv,43,4,0.4117,0.2319,4.9265,0.472,4.927,1.769,0.25,esmfold2,nomsa_loop10_samples200
1ddv,44,0,0.5547,0.4513,5.9923,0.535,5.992,1.933,0.562,esmfold2,nomsa_loop10_samples200
1ddv,44,1,0.5416,0.4238,6.733,0.503,6.733,2.122,0.562,esmfold2,nomsa_loop10_samples200
1ddv,44,2,0.5347,0.4176,7.1924,0.483,7.192,2.272,0.562,esmfold2,nomsa_loop10_samples200
1ddv,44,3,0.5255,0.4163,6.0114,0.536,6.011,1.915,0.562,esmfold2,nomsa_loop10_samples200
1ddv,44,4,0.5278,0.4123,6.7805,0.48,6.78,2.146,0.5,esmfold2,nomsa_loop10_samples200
1eg4,42,0,0.6742,0.7743,1.8374,0.849,1.837,0.87,0.844,esmfold2,nomsa_loop10_samples200
1eg4,42,1,0.6811,0.773,7.186,0.537,7.186,3.147,0.844,esmfold2,nomsa_loop10_samples200
1eg4,42,2,0.6601,0.7673,3.4666,0.717,3.467,1.465,0.781,esmfold2,nomsa_loop10_samples200
1eg4,42,3,0.6673,0.7725,4.0299,0.651,4.03,1.657,0.688,esmfold2,nomsa_loop10_samples200
1eg4,42,4,0.6826,0.7783,7.9581,0.489,7.958,3.544,0.781,esmfold2,nomsa_loop10_samples200
1eg4,43,0,0.6746,0.7724,3.6045,0.724,3.604,1.562,0.844,esmfold2,nomsa_loop10_samples200
1eg4,43,1,0.6851,0.7799,7.73,0.517,7.73,3.429,0.844,esmfold2,nomsa_loop10_samples200
1eg4,43,2,0.6609,0.7757,4.7351,0.625,4.735,1.989,0.75,esmfold2,nomsa_loop10_samples200
1eg4,43,3,0.6624,0.7727,4.6904,0.656,4.69,2.004,0.844,esmfold2,nomsa_loop10_samples200
1eg4,43,4,0.6679,0.7682,4.8356,0.634,4.836,2.119,0.812,esmfold2,nomsa_loop10_samples200
1eg4,44,0,0.6585,0.7592,5.7579,0.54,5.758,2.419,0.656,esmfold2,nomsa_loop10_samples200
1eg4,44,1,0.6776,0.7795,2.0714,0.835,2.071,0.945,0.844,esmfold2,nomsa_loop10_samples200
1eg4,44,2,0.6654,0.7722,6.758,0.514,6.758,2.909,0.719,esmfold2,nomsa_loop10_samples200
1eg4,44,3,0.6705,0.7743,2.135,0.802,2.135,1.017,0.781,esmfold2,nomsa_loop10_samples200
1eg4,44,4,0.6407,0.7827,8.4778,0.433,8.478,3.694,0.656,esmfold2,nomsa_loop10_samples200
1f47,42,0,0.8219,0.8525,2.1955,0.866,2.196,0.926,0.938,esmfold2,nomsa_loop10_samples200
1f47,42,1,0.8252,0.8576,1.8776,0.869,1.878,0.873,0.906,esmfold2,nomsa_loop10_samples200
1f47,42,2,0.8136,0.8442,1.6567,0.891,1.657,0.741,0.906,esmfold2,nomsa_loop10_samples200
1f47,42,3,0.8207,0.8527,1.9178,0.87,1.918,0.864,0.906,esmfold2,nomsa_loop10_samples200
1f47,42,4,0.8252,0.8576,2.1571,0.842,2.157,1.031,0.906,esmfold2,nomsa_loop10_samples200
1f47,43,0,0.827,0.8596,2.1118,0.862,2.112,0.891,0.906,esmfold2,nomsa_loop10_samples200
1f47,43,1,0.8124,0.847,2.4433,0.814,2.443,1.118,0.875,esmfold2,nomsa_loop10_samples200
1f47,43,2,0.826,0.8594,2.0027,0.86,2.003,0.921,0.906,esmfold2,nomsa_loop10_samples200
1f47,43,3,0.825,0.8568,1.8553,0.892,1.855,0.786,0.938,esmfold2,nomsa_loop10_samples200
1f47,43,4,0.8227,0.8565,2.2778,0.86,2.278,0.888,0.906,esmfold2,nomsa_loop10_samples200
1f47,44,0,0.8263,0.8594,2.0309,0.854,2.031,0.958,0.906,esmfold2,nomsa_loop10_samples200
1f47,44,1,0.8248,0.8566,2.2152,0.855,2.215,0.856,0.875,esmfold2,nomsa_loop10_samples200
1f47,44,2,0.8253,0.8562,2.4826,0.827,2.483,1.094,0.906,esmfold2,nomsa_loop10_samples200
1f47,44,3,0.8246,0.8577,2.1375,0.861,2.137,0.9,0.906,esmfold2,nomsa_loop10_samples200
1f47,44,4,0.8249,0.857,1.8851,0.878,1.885,0.806,0.906,esmfold2,nomsa_loop10_samples200
1f8h,42,0,0.7668,0.7704,1.928,0.786,1.928,1.054,0.739,esmfold2,nomsa_loop10_samples200
1f8h,42,1,0.7688,0.7817,2.0721,0.783,2.072,1.059,0.739,esmfold2,nomsa_loop10_samples200
1f8h,42,2,0.769,0.782,2.1389,0.777,2.139,1.1,0.739,esmfold2,nomsa_loop10_samples200
1f8h,42,3,0.7652,0.7733,1.9425,0.797,1.943,1.079,0.783,esmfold2,nomsa_loop10_samples200
1f8h,42,4,0.7386,0.7331,2.446,0.712,2.446,1.213,0.609,esmfold2,nomsa_loop10_samples200
1f8h,43,0,0.766,0.7732,1.6841,0.81,1.684,1.014,0.783,esmfold2,nomsa_loop10_samples200
1f8h,43,1,0.761,0.7717,1.8936,0.777,1.894,1.02,0.696,esmfold2,nomsa_loop10_samples200
1f8h,43,2,0.7614,0.7657,1.7726,0.822,1.773,1.024,0.826,esmfold2,nomsa_loop10_samples200
1f8h,43,3,0.7609,0.7723,1.7132,0.752,1.713,1.014,0.609,esmfold2,nomsa_loop10_samples200
1f8h,43,4,0.7618,0.7629,2.1207,0.748,2.121,1.1,0.652,esmfold2,nomsa_loop10_samples200
1f8h,44,0,0.7543,0.7636,1.5921,0.768,1.592,1.017,0.652,esmfold2,nomsa_loop10_samples200
1f8h,44,1,0.7596,0.759,2.4372,0.756,2.437,1.212,0.739,esmfold2,nomsa_loop10_samples200
1f8h,44,2,0.7629,0.7665,1.6591,0.816,1.659,0.977,0.783,esmfold2,nomsa_loop10_samples200
1f8h,44,3,0.7718,0.7741,2.3929,0.775,2.393,1.182,0.783,esmfold2,nomsa_loop10_samples200
1f8h,44,4,0.7732,0.7831,1.9413,0.756,1.941,1.066,0.652,esmfold2,nomsa_loop10_samples200
1j2x,42,0,0.7981,0.7948,4.523,0.631,4.523,2.194,0.795,esmfold2,nomsa_loop10_samples200
1j2x,42,1,0.7964,0.7993,5.8152,0.576,5.815,2.771,0.821,esmfold2,nomsa_loop10_samples200
1j2x,42,2,0.8018,0.7952,3.9234,0.661,3.923,1.983,0.795,esmfold2,nomsa_loop10_samples200
1j2x,42,3,0.7953,0.7881,3.5216,0.722,3.522,1.782,0.897,esmfold2,nomsa_loop10_samples200
1j2x,42,4,0.8032,0.7945,3.2735,0.721,3.273,1.671,0.846,esmfold2,nomsa_loop10_samples200
1j2x,43,0,0.7901,0.7864,3.4516,0.728,3.452,1.489,0.821,esmfold2,nomsa_loop10_samples200
1j2x,43,1,0.7849,0.7916,3.2514,0.735,3.251,1.62,0.872,esmfold2,nomsa_loop10_samples200
1j2x,43,2,0.8048,0.7964,3.9632,0.687,3.963,1.969,0.872,esmfold2,nomsa_loop10_samples200
1j2x,43,3,0.8066,0.7991,3.9196,0.678,3.92,1.988,0.846,esmfold2,nomsa_loop10_samples200
1j2x,43,4,0.7969,0.7908,5.7479,0.587,5.748,2.746,0.846,esmfold2,nomsa_loop10_samples200
1j2x,44,0,0.798,0.7918,3.8144,0.692,3.814,1.952,0.872,esmfold2,nomsa_loop10_samples200
1j2x,44,1,0.8038,0.7926,3.6553,0.693,3.655,1.882,0.846,esmfold2,nomsa_loop10_samples200
1j2x,44,2,0.7991,0.7833,3.8572,0.659,3.857,1.924,0.769,esmfold2,nomsa_loop10_samples200
1j2x,44,3,0.7835,0.7828,2.0082,0.823,2.008,1.038,0.846,esmfold2,nomsa_loop10_samples200
1j2x,44,4,0.7953,0.8028,4.5303,0.646,4.53,2.227,0.846,esmfold2,nomsa_loop10_samples200
1jd5,42,0,0.927,0.9618,1.2571,0.943,1.257,0.564,0.973,esmfold2,nomsa_loop10_samples200
1jd5,42,1,0.9266,0.9617,1.3361,0.944,1.336,0.549,0.973,esmfold2,nomsa_loop10_samples200
1jd5,42,2,0.9245,0.9588,1.1147,0.958,1.115,0.445,0.973,esmfold2,nomsa_loop10_samples200
1jd5,42,3,0.9246,0.9601,1.1795,0.949,1.18,0.517,0.973,esmfold2,nomsa_loop10_samples200
1jd5,42,4,0.9257,0.9608,1.3404,0.946,1.34,0.531,0.973,esmfold2,nomsa_loop10_samples200
1jd5,43,0,0.9229,0.9589,1.2567,0.943,1.257,0.564,0.973,esmfold2,nomsa_loop10_samples200
1jd5,43,1,0.9255,0.96,1.2098,0.945,1.21,0.547,0.973,esmfold2,nomsa_loop10_samples200
1jd5,43,2,0.9235,0.9592,1.0301,0.961,1.03,0.426,0.973,esmfold2,nomsa_loop10_samples200
1jd5,43,3,0.9241,0.9596,1.4278,0.946,1.428,0.523,0.973,esmfold2,nomsa_loop10_samples200
1jd5,43,4,0.9245,0.9603,1.1781,0.944,1.178,0.559,0.973,esmfold2,nomsa_loop10_samples200
1jd5,44,0,0.9231,0.9594,1.1218,0.945,1.122,0.552,0.973,esmfold2,nomsa_loop10_samples200
1jd5,44,1,0.9263,0.9621,1.2889,0.947,1.289,0.529,0.973,esmfold2,nomsa_loop10_samples200
1jd5,44,2,0.9252,0.9595,1.2325,0.952,1.232,0.488,0.973,esmfold2,nomsa_loop10_samples200
1jd5,44,3,0.922,0.9585,1.3716,0.93,1.372,0.649,0.973,esmfold2,nomsa_loop10_samples200
1jd5,44,4,0.9232,0.9583,1.0629,0.95,1.063,0.517,0.973,esmfold2,nomsa_loop10_samples200
1jq8,42,0,0.3861,0.3196,11.8117,0.303,11.812,3.185,0.386,esmfold2,nomsa_loop10_samples200
1jq8,42,1,0.4288,0.3883,4.5649,0.6,4.565,1.305,0.455,esmfold2,nomsa_loop10_samples200
1jq8,42,2,0.4578,0.415,9.0395,0.36,9.04,2.471,0.341,esmfold2,nomsa_loop10_samples200
1jq8,42,3,0.4475,0.3991,5.7528,0.513,5.753,1.606,0.386,esmfold2,nomsa_loop10_samples200
1jq8,42,4,0.4477,0.4127,7.9418,0.416,7.942,2.155,0.386,esmfold2,nomsa_loop10_samples200
1jq8,43,0,0.4464,0.4024,5.1009,0.546,5.101,1.449,0.386,esmfold2,nomsa_loop10_samples200
1jq8,43,1,0.4609,0.4282,9.2144,0.364,9.214,2.482,0.364,esmfold2,nomsa_loop10_samples200
1jq8,43,2,0.4407,0.3908,7.6222,0.421,7.622,2.073,0.364,esmfold2,nomsa_loop10_samples200
1jq8,43,3,0.3858,0.3131,10.351,0.299,10.351,2.817,0.273,esmfold2,nomsa_loop10_samples200
1jq8,43,4,0.4114,0.3542,10.5692,0.272,10.569,2.823,0.205,esmfold2,nomsa_loop10_samples200
1jq8,44,0,0.4507,0.4236,5.9879,0.472,5.988,1.654,0.295,esmfold2,nomsa_loop10_samples200
1jq8,44,1,0.4602,0.427,6.2211,0.481,6.221,1.735,0.364,esmfold2,nomsa_loop10_samples200
1jq8,44,2,0.4586,0.4232,6.3175,0.494,6.318,1.732,0.409,esmfold2,nomsa_loop10_samples200
1jq8,44,3,0.461,0.4232,4.2277,0.617,4.228,1.24,0.455,esmfold2,nomsa_loop10_samples200
1jq8,44,4,0.4505,0.4155,5.9275,0.475,5.927,1.638,0.295,esmfold2,nomsa_loop10_samples200
1jw6,42,0,0.4101,0.4374,44.7201,0.015,44.72,13.952,0.0,esmfold2,nomsa_loop10_samples200
1jw6,42,1,0.3638,0.357,42.4667,0.017,42.467,13.235,0.0,esmfold2,nomsa_loop10_samples200
1jw6,42,2,0.3941,0.4279,45.0468,0.015,45.047,14.048,0.0,esmfold2,nomsa_loop10_samples200
1jw6,42,3,0.3748,0.4009,45.658,0.015,45.658,14.217,0.0,esmfold2,nomsa_loop10_samples200
1jw6,42,4,0.3541,0.3615,44.7903,0.015,44.79,13.825,0.0,esmfold2,nomsa_loop10_samples200
1jw6,43,0,0.348,0.37,46.2333,0.015,46.233,14.234,0.0,esmfold2,nomsa_loop10_samples200
1jw6,43,1,0.3666,0.3999,45.2512,0.015,45.251,13.972,0.0,esmfold2,nomsa_loop10_samples200
1jw6,43,2,0.3373,0.3446,45.4577,0.015,45.458,13.969,0.0,esmfold2,nomsa_loop10_samples200
1jw6,43,3,0.3165,0.3307,47.8631,0.014,47.863,14.711,0.0,esmfold2,nomsa_loop10_samples200
1jw6,43,4,0.3818,0.3999,46.067,0.015,46.067,14.312,0.0,esmfold2,nomsa_loop10_samples200
1jw6,44,0,0.3543,0.3701,45.6689,0.015,45.669,14.104,0.0,esmfold2,nomsa_loop10_samples200
1jw6,44,1,0.205,0.0942,15.1716,0.136,15.172,4.414,0.067,esmfold2,nomsa_loop10_samples200
1jw6,44,2,0.3621,0.3609,43.911,0.016,43.911,13.617,0.0,esmfold2,nomsa_loop10_samples200
1jw6,44,3,0.3888,0.4244,45.6128,0.015,45.613,14.225,0.0,esmfold2,nomsa_loop10_samples200
1jw6,44,4,0.3744,0.4004,45.1115,0.015,45.111,14.082,0.0,esmfold2,nomsa_loop10_samples200
1l2z,42,0,0.5507,0.3521,4.5007,0.592,4.501,2.211,0.679,esmfold2,nomsa_loop10_samples200
1l2z,42,1,0.5578,0.351,2.59,0.718,2.59,1.428,0.714,esmfold2,nomsa_loop10_samples200
1l2z,42,2,0.5642,0.368,3.2357,0.684,3.236,1.733,0.75,esmfold2,nomsa_loop10_samples200
1l2z,42,3,0.557,0.3498,4.1893,0.65,4.189,2.001,0.786,esmfold2,nomsa_loop10_samples200
1l2z,42,4,0.5469,0.3444,3.7808,0.661,3.781,1.994,0.786,esmfold2,nomsa_loop10_samples200
1l2z,43,0,0.5482,0.3466,3.647,0.66,3.647,1.895,0.75,esmfold2,nomsa_loop10_samples200
1l2z,43,1,0.563,0.3694,3.5445,0.655,3.544,1.837,0.714,esmfold2,nomsa_loop10_samples200
1l2z,43,2,0.5491,0.3466,3.3987,0.667,3.399,1.742,0.714,esmfold2,nomsa_loop10_samples200
1l2z,43,3,0.5488,0.3391,3.9972,0.615,3.997,2.05,0.679,esmfold2,nomsa_loop10_samples200
1l2z,43,4,0.5513,0.3583,4.1093,0.607,4.109,2.126,0.679,esmfold2,nomsa_loop10_samples200
1l2z,44,0,0.5602,0.3612,4.2979,0.628,4.298,2.1,0.75,esmfold2,nomsa_loop10_samples200
1l2z,44,1,0.5505,0.35,3.5708,0.669,3.571,1.81,0.75,esmfold2,nomsa_loop10_samples200
1l2z,44,2,0.5515,0.3492,3.3117,0.685,3.312,1.701,0.75,esmfold2,nomsa_loop10_samples200
1l2z,44,3,0.5467,0.3429,4.264,0.613,4.264,2.154,0.714,esmfold2,nomsa_loop10_samples200
1l2z,44,4,0.553,0.3509,3.6398,0.694,3.64,1.774,0.821,esmfold2,nomsa_loop10_samples200
1lb6,42,0,0.8863,0.946,0.7423,0.958,0.742,0.39,0.946,esmfold2,nomsa_loop10_samples200
1lb6,42,1,0.8875,0.9447,0.762,0.962,0.762,0.35,0.946,esmfold2,nomsa_loop10_samples200
1lb6,42,2,0.8879,0.9468,1.0533,0.95,1.053,0.441,0.946,esmfold2,nomsa_loop10_samples200
1lb6,42,3,0.8827,0.9433,0.7865,0.954,0.786,0.426,0.946,esmfold2,nomsa_loop10_samples200
1lb6,42,4,0.8869,0.9451,0.8546,0.958,0.855,0.387,0.946,esmfold2,nomsa_loop10_samples200
1lb6,43,0,0.888,0.9444,0.6248,0.973,0.625,0.339,0.973,esmfold2,nomsa_loop10_samples200
1lb6,43,1,0.8887,0.9461,0.703,0.971,0.703,0.358,0.973,esmfold2,nomsa_loop10_samples200
1lb6,43,2,0.8855,0.9447,0.6874,0.958,0.687,0.392,0.946,esmfold2,nomsa_loop10_samples200
1lb6,43,3,0.8879,0.9452,0.8066,0.966,0.807,0.4,0.973,esmfold2,nomsa_loop10_samples200
1lb6,43,4,0.8886,0.9469,0.8321,0.959,0.832,0.375,0.946,esmfold2,nomsa_loop10_samples200
1lb6,44,0,0.8871,0.9458,0.7405,0.959,0.74,0.387,0.946,esmfold2,nomsa_loop10_samples200
1lb6,44,1,0.884,0.9431,0.8338,0.955,0.834,0.418,0.946,esmfold2,nomsa_loop10_samples200
1lb6,44,2,0.8873,0.9448,0.5404,0.965,0.54,0.336,0.946,esmfold2,nomsa_loop10_samples200
1lb6,44,3,0.8864,0.9451,0.6229,0.964,0.623,0.343,0.946,esmfold2,nomsa_loop10_samples200
1lb6,44,4,0.8794,0.9401,0.8394,0.953,0.839,0.436,0.946,esmfold2,nomsa_loop10_samples200
1mf4,42,0,0.4742,0.4764,6.5785,0.478,6.579,1.807,0.4,esmfold2,nomsa_loop10_samples200
1mf4,42,1,0.4657,0.4601,7.5471,0.446,7.547,2.042,0.429,esmfold2,nomsa_loop10_samples200
1mf4,42,2,0.4632,0.4556,5.7019,0.543,5.702,1.556,0.457,esmfold2,nomsa_loop10_samples200
1mf4,42,3,0.4226,0.41,3.5586,0.736,3.559,0.982,0.657,esmfold2,nomsa_loop10_samples200
1mf4,42,4,0.4395,0.421,8.6414,0.396,8.641,2.314,0.4,esmfold2,nomsa_loop10_samples200
1mf4,43,0,0.4185,0.3864,3.7143,0.749,3.714,0.996,0.714,esmfold2,nomsa_loop10_samples200
1mf4,43,1,0.4393,0.4317,6.0095,0.552,6.01,1.672,0.543,esmfold2,nomsa_loop10_samples200
1mf4,43,2,0.3561,0.339,6.9511,0.458,6.951,1.82,0.371,esmfold2,nomsa_loop10_samples200
1mf4,43,3,0.4293,0.4255,3.3427,0.768,3.343,0.929,0.714,esmfold2,nomsa_loop10_samples200
1mf4,43,4,0.4232,0.3999,2.9397,0.784,2.94,0.814,0.686,esmfold2,nomsa_loop10_samples200
1mf4,44,0,0.3441,0.2876,9.9489,0.336,9.949,2.654,0.343,esmfold2,nomsa_loop10_samples200
1mf4,44,1,0.4517,0.4457,5.4558,0.52,5.456,1.472,0.343,esmfold2,nomsa_loop10_samples200
1mf4,44,2,0.4405,0.4336,3.4134,0.716,3.413,0.943,0.571,esmfold2,nomsa_loop10_samples200
1mf4,44,3,0.4608,0.4527,5.3815,0.579,5.382,1.469,0.514,esmfold2,nomsa_loop10_samples200
1mf4,44,4,0.4561,0.443,6.5734,0.47,6.573,1.785,0.371,esmfold2,nomsa_loop10_samples200
1mv0,42,0,0.5112,0.3366,4.9593,0.486,4.959,2.329,0.419,esmfold2,nomsa_loop10_samples200
1mv0,42,1,0.5162,0.3373,7.2559,0.38,7.256,3.111,0.372,esmfold2,nomsa_loop10_samples200
1mv0,42,2,0.5151,0.3371,7.9698,0.353,7.97,3.52,0.372,esmfold2,nomsa_loop10_samples200
1mv0,42,3,0.5176,0.3374,11.0248,0.279,11.025,4.674,0.372,esmfold2,nomsa_loop10_samples200
1mv0,42,4,0.5188,0.3405,10.1492,0.297,10.149,4.334,0.372,esmfold2,nomsa_loop10_samples200
1mv0,43,0,0.516,0.3342,5.1134,0.51,5.113,2.247,0.488,esmfold2,nomsa_loop10_samples200
1mv0,43,1,0.5235,0.356,5.0519,0.515,5.052,2.315,0.512,esmfold2,nomsa_loop10_samples200
1mv0,43,2,0.5189,0.3407,9.6084,0.302,9.608,4.125,0.349,esmfold2,nomsa_loop10_samples200
1mv0,43,3,0.4961,0.2958,10.5895,0.258,10.589,3.93,0.256,esmfold2,nomsa_loop10_samples200
1mv0,43,4,0.5045,0.3301,7.7569,0.375,7.757,3.417,0.419,esmfold2,nomsa_loop10_samples200
1mv0,44,0,0.5104,0.3371,8.2452,0.356,8.245,3.47,0.395,esmfold2,nomsa_loop10_samples200
1mv0,44,1,0.5241,0.3394,6.1161,0.437,6.116,2.726,0.419,esmfold2,nomsa_loop10_samples200
1mv0,44,2,0.5082,0.3322,3.9596,0.545,3.96,2.055,0.465,esmfold2,nomsa_loop10_samples200
1mv0,44,3,0.5214,0.3467,9.8882,0.311,9.888,4.201,0.395,esmfold2,nomsa_loop10_samples200
1mv0,44,4,0.5186,0.3335,4.9773,0.468,4.977,2.231,0.349,esmfold2,nomsa_loop10_samples200
1nrl,42,0,0.9018,0.9752,2.5594,0.925,2.559,0.543,0.974,esmfold2,nomsa_loop10_samples200
1nrl,42,1,0.9026,0.9755,0.7143,0.954,0.714,0.516,0.974,esmfold2,nomsa_loop10_samples200
1nrl,42,2,0.9035,0.9752,0.6876,0.946,0.688,0.506,0.947,esmfold2,nomsa_loop10_samples200
1nrl,42,3,0.9026,0.9756,0.7311,0.957,0.731,0.559,1.0,esmfold2,nomsa_loop10_samples200
1nrl,42,4,0.9017,0.9745,0.8242,0.961,0.824,0.52,1.0,esmfold2,nomsa_loop10_samples200
1nrl,43,0,0.9036,0.9756,0.7914,0.934,0.791,0.66,0.974,esmfold2,nomsa_loop10_samples200
1nrl,43,1,0.9025,0.9755,0.7624,0.945,0.762,0.578,0.974,esmfold2,nomsa_loop10_samples200
1nrl,43,2,0.9024,0.9753,0.709,0.952,0.709,0.456,0.947,esmfold2,nomsa_loop10_samples200
1nrl,43,3,0.9018,0.9749,0.7215,0.948,0.722,0.494,0.947,esmfold2,nomsa_loop10_samples200
1nrl,43,4,0.9016,0.9744,0.8224,0.941,0.822,0.539,0.947,esmfold2,nomsa_loop10_samples200
1nrl,44,0,0.9027,0.9754,0.7667,0.954,0.767,0.507,0.974,esmfold2,nomsa_loop10_samples200
1nrl,44,1,0.9034,0.9754,0.7333,0.943,0.733,0.602,0.974,esmfold2,nomsa_loop10_samples200
1nrl,44,2,0.9035,0.9754,0.655,0.96,0.655,0.468,0.974,esmfold2,nomsa_loop10_samples200
1nrl,44,3,0.9044,0.9764,0.6322,0.95,0.632,0.55,0.974,esmfold2,nomsa_loop10_samples200
1nrl,44,4,0.9046,0.9771,1.5985,0.943,1.599,0.594,1.0,esmfold2,nomsa_loop10_samples200
1nvq,42,0,0.6028,0.6227,1.0003,0.954,1.0,0.458,0.96,esmfold2,nomsa_loop10_samples200
1nvq,42,1,0.5284,0.546,1.4836,0.904,1.484,0.601,0.88,esmfold2,nomsa_loop10_samples200
1nvq,42,2,0.2404,0.1262,24.9768,0.046,24.977,7.907,0.0,esmfold2,nomsa_loop10_samples200
1nvq,42,3,0.5425,0.5488,0.8299,0.96,0.83,0.415,0.96,esmfold2,nomsa_loop10_samples200
1nvq,42,4,0.5525,0.5716,0.9784,0.936,0.978,0.498,0.92,esmfold2,nomsa_loop10_samples200
1nvq,43,0,0.5445,0.5534,1.0672,0.926,1.067,0.463,0.88,esmfold2,nomsa_loop10_samples200
1nvq,43,1,0.5682,0.5917,1.2036,0.918,1.204,0.514,0.88,esmfold2,nomsa_loop10_samples200
1nvq,43,2,0.5563,0.5754,1.1539,0.923,1.154,0.48,0.88,esmfold2,nomsa_loop10_samples200
1nvq,43,3,0.5655,0.5911,1.0662,0.9,1.066,0.458,0.8,esmfold2,nomsa_loop10_samples200
1nvq,43,4,0.5468,0.5426,0.9482,0.931,0.948,0.422,0.88,esmfold2,nomsa_loop10_samples200
1nvq,44,0,0.5397,0.5431,0.971,0.942,0.971,0.444,0.92,esmfold2,nomsa_loop10_samples200
1nvq,44,1,0.5605,0.5861,1.0831,0.927,1.083,0.452,0.88,esmfold2,nomsa_loop10_samples200
1nvq,44,2,0.5557,0.5652,0.9799,0.953,0.98,0.467,0.96,esmfold2,nomsa_loop10_samples200
1nvq,44,3,0.5547,0.5806,1.2693,0.916,1.269,0.524,0.88,esmfold2,nomsa_loop10_samples200
1nvq,44,4,0.2697,0.1561,20.539,0.064,20.539,6.826,0.0,esmfold2,nomsa_loop10_samples200
1o0p,42,0,0.4914,0.3868,7.3255,0.416,7.326,3.258,0.5,esmfold2,nomsa_loop10_samples200
1o0p,42,1,0.496,0.3587,6.4869,0.47,6.487,2.77,0.55,esmfold2,nomsa_loop10_samples200
1o0p,42,2,0.4971,0.3821,7.0434,0.46,7.043,3.114,0.6,esmfold2,nomsa_loop10_samples200
1o0p,42,3,0.4812,0.3634,11.5955,0.311,11.595,4.929,0.5,esmfold2,nomsa_loop10_samples200
1o0p,42,4,0.4866,0.3735,7.4697,0.416,7.47,3.165,0.5,esmfold2,nomsa_loop10_samples200
1o0p,43,0,0.4821,0.3773,9.9767,0.335,9.977,4.272,0.475,esmfold2,nomsa_loop10_samples200
1o0p,43,1,0.4905,0.395,6.3952,0.487,6.395,2.814,0.6,esmfold2,nomsa_loop10_samples200
1o0p,43,2,0.5028,0.3762,4.1736,0.582,4.174,1.879,0.55,esmfold2,nomsa_loop10_samples200
1o0p,43,3,0.5001,0.385,8.3755,0.383,8.375,3.695,0.5,esmfold2,nomsa_loop10_samples200
1o0p,43,4,0.4935,0.3797,6.8377,0.461,6.838,2.979,0.575,esmfold2,nomsa_loop10_samples200
1o0p,44,0,0.4926,0.3795,5.9015,0.511,5.901,2.722,0.625,esmfold2,nomsa_loop10_samples200
1o0p,44,1,0.4883,0.3775,6.6221,0.45,6.622,2.965,0.525,esmfold2,nomsa_loop10_samples200
1o0p,44,2,0.497,0.3943,5.5829,0.535,5.583,2.402,0.625,esmfold2,nomsa_loop10_samples200
1o0p,44,3,0.4923,0.3615,6.7381,0.44,6.738,2.947,0.5,esmfold2,nomsa_loop10_samples200
1o0p,44,4,0.4923,0.3813,5.0139,0.55,5.014,2.12,0.575,esmfold2,nomsa_loop10_samples200
1p7v,42,0,0.4374,0.5389,4.7048,0.635,4.705,1.312,0.571,esmfold2,nomsa_loop10_samples200
1p7v,42,1,0.4324,0.5343,3.2946,0.742,3.295,0.928,0.633,esmfold2,nomsa_loop10_samples200
1p7v,42,2,0.458,0.5665,4.6114,0.64,4.611,1.29,0.571,esmfold2,nomsa_loop10_samples200
1p7v,42,3,0.3715,0.469,5.1024,0.557,5.102,1.419,0.408,esmfold2,nomsa_loop10_samples200
1p7v,42,4,0.4296,0.5188,4.4151,0.665,4.415,1.239,0.612,esmfold2,nomsa_loop10_samples200
1p7v,43,0,0.42,0.5121,4.3169,0.672,4.317,1.201,0.612,esmfold2,nomsa_loop10_samples200
1p7v,43,1,0.371,0.4571,3.7339,0.66,3.734,1.045,0.469,esmfold2,nomsa_loop10_samples200
1p7v,43,2,0.4243,0.5164,4.6032,0.647,4.603,1.285,0.592,esmfold2,nomsa_loop10_samples200
1p7v,43,3,0.4305,0.5194,3.7879,0.71,3.788,1.071,0.633,esmfold2,nomsa_loop10_samples200
1p7v,43,4,0.3618,0.4512,6.9637,0.414,6.964,1.92,0.265,esmfold2,nomsa_loop10_samples200
1p7v,44,0,0.4433,0.5355,4.4228,0.651,4.423,1.24,0.571,esmfold2,nomsa_loop10_samples200
1p7v,44,1,0.421,0.5128,4.8334,0.626,4.833,1.351,0.571,esmfold2,nomsa_loop10_samples200
1p7v,44,2,0.3552,0.4568,7.7492,0.359,7.749,2.15,0.204,esmfold2,nomsa_loop10_samples200
1p7v,44,3,0.4096,0.4964,5.131,0.603,5.131,1.428,0.551,esmfold2,nomsa_loop10_samples200
1p7v,44,4,0.3779,0.479,4.436,0.614,4.436,1.256,0.469,esmfold2,nomsa_loop10_samples200
1pmx,42,0,0.7563,0.6669,3.9325,0.805,3.932,0.933,0.87,esmfold2,nomsa_loop10_samples200
1pmx,42,1,0.7571,0.6664,3.8261,0.769,3.826,1.323,0.913,esmfold2,nomsa_loop10_samples200
1pmx,42,2,0.7535,0.6592,2.8011,0.822,2.801,0.996,0.87,esmfold2,nomsa_loop10_samples200
1pmx,42,3,0.7343,0.6067,5.3782,0.722,5.378,1.267,0.87,esmfold2,nomsa_loop10_samples200
1pmx,42,4,0.7505,0.6553,2.9634,0.822,2.963,1.076,0.913,esmfold2,nomsa_loop10_samples200
1pmx,43,0,0.7518,0.6549,6.0499,0.722,6.05,1.371,0.957,esmfold2,nomsa_loop10_samples200
1pmx,43,1,0.7537,0.6574,2.0034,0.815,2.003,1.264,0.913,esmfold2,nomsa_loop10_samples200
1pmx,43,2,0.7246,0.6152,4.3332,0.708,4.333,1.487,0.826,esmfold2,nomsa_loop10_samples200
1pmx,43,3,0.7494,0.6561,4.5231,0.782,4.523,0.989,0.87,esmfold2,nomsa_loop10_samples200
1pmx,43,4,0.7548,0.6596,3.2211,0.839,3.221,0.914,0.913,esmfold2,nomsa_loop10_samples200
1pmx,44,0,0.7497,0.653,4.2485,0.796,4.248,1.041,0.913,esmfold2,nomsa_loop10_samples200
1pmx,44,1,0.7281,0.62,3.0125,0.831,3.012,1.103,0.957,esmfold2,nomsa_loop10_samples200
1pmx,44,2,0.7402,0.6424,3.5589,0.783,3.559,1.151,0.87,esmfold2,nomsa_loop10_samples200
1pmx,44,3,0.7566,0.6647,3.6838,0.805,3.684,0.974,0.87,esmfold2,nomsa_loop10_samples200
1pmx,44,4,0.7532,0.6551,2.9897,0.822,2.99,0.967,0.87,esmfold2,nomsa_loop10_samples200
1r17,42,0,0.8542,0.958,0.7076,0.746,0.708,2.343,0.953,esmfold2,nomsa_loop10_samples200
1r17,42,1,0.8529,0.9606,0.7258,0.858,0.726,1.183,0.965,esmfold2,nomsa_loop10_samples200
1r17,42,2,0.8421,0.9568,0.6758,0.779,0.676,1.872,0.953,esmfold2,nomsa_loop10_samples200
1r17,42,3,0.8287,0.9442,1.3384,0.775,1.338,1.72,0.918,esmfold2,nomsa_loop10_samples200
1r17,42,4,0.8519,0.959,0.537,0.815,0.537,1.477,0.941,esmfold2,nomsa_loop10_samples200
1r17,43,0,0.8494,0.9579,0.836,0.772,0.836,1.899,0.941,esmfold2,nomsa_loop10_samples200
1r17,43,1,0.8481,0.9564,0.7704,0.748,0.77,2.112,0.918,esmfold2,nomsa_loop10_samples200
1r17,43,2,0.85,0.9579,0.7423,0.765,0.742,1.991,0.941,esmfold2,nomsa_loop10_samples200
1r17,43,3,0.8448,0.9557,0.7134,0.767,0.713,1.975,0.941,esmfold2,nomsa_loop10_samples200
1r17,43,4,0.8438,0.9548,0.6851,0.765,0.685,1.951,0.929,esmfold2,nomsa_loop10_samples200
1r17,44,0,0.8422,0.9571,0.5846,0.782,0.585,1.754,0.929,esmfold2,nomsa_loop10_samples200
1r17,44,1,0.8536,0.9607,0.5872,0.834,0.587,1.377,0.965,esmfold2,nomsa_loop10_samples200
1r17,44,2,0.8497,0.957,0.685,0.751,0.685,2.081,0.918,esmfold2,nomsa_loop10_samples200
1r17,44,3,0.8546,0.9606,0.5412,0.818,0.541,1.454,0.941,esmfold2,nomsa_loop10_samples200
1r17,44,4,0.8358,0.9535,0.6417,0.819,0.642,1.407,0.929,esmfold2,nomsa_loop10_samples200
1rxz,42,0,0.8663,0.9603,0.8985,0.887,0.899,0.749,0.87,esmfold2,nomsa_loop10_samples200
1rxz,42,1,0.8637,0.9596,0.9716,0.889,0.972,0.726,0.87,esmfold2,nomsa_loop10_samples200
1rxz,42,2,0.8637,0.9588,0.9833,0.878,0.983,0.806,0.87,esmfold2,nomsa_loop10_samples200
1rxz,42,3,0.8652,0.9594,1.1355,0.884,1.136,0.796,0.889,esmfold2,nomsa_loop10_samples200
1rxz,42,4,0.8648,0.9601,1.0174,0.894,1.017,0.687,0.87,esmfold2,nomsa_loop10_samples200
1rxz,43,0,0.8659,0.9613,1.2836,0.883,1.284,0.792,0.889,esmfold2,nomsa_loop10_samples200
1rxz,43,1,0.8607,0.9593,1.0955,0.92,1.096,0.674,0.944,esmfold2,nomsa_loop10_samples200
1rxz,43,2,0.8594,0.9573,1.1753,0.906,1.175,0.77,0.944,esmfold2,nomsa_loop10_samples200
1rxz,43,3,0.8628,0.9603,1.354,0.869,1.354,0.928,0.907,esmfold2,nomsa_loop10_samples200
1rxz,43,4,0.8558,0.9555,1.2624,0.89,1.262,0.873,0.944,esmfold2,nomsa_loop10_samples200
1rxz,44,0,0.8671,0.9606,1.1434,0.87,1.143,0.848,0.87,esmfold2,nomsa_loop10_samples200
1rxz,44,1,0.8662,0.9601,1.0641,0.888,1.064,0.816,0.907,esmfold2,nomsa_loop10_samples200
1rxz,44,2,0.8643,0.9593,0.9775,0.888,0.977,0.78,0.889,esmfold2,nomsa_loop10_samples200
1rxz,44,3,0.8596,0.9589,1.1494,0.883,1.149,0.888,0.926,esmfold2,nomsa_loop10_samples200
1rxz,44,4,0.8649,0.96,0.9218,0.886,0.922,0.752,0.87,esmfold2,nomsa_loop10_samples200
1t74,42,0,0.7823,0.8906,1.4449,0.905,1.445,0.539,0.857,esmfold2,nomsa_loop10_samples200
1t74,42,1,0.7685,0.8771,1.633,0.882,1.633,0.605,0.821,esmfold2,nomsa_loop10_samples200
1t74,42,2,0.7698,0.8798,1.5041,0.89,1.504,0.556,0.821,esmfold2,nomsa_loop10_samples200
1t74,42,3,0.7683,0.8792,1.1387,0.94,1.139,0.479,0.929,esmfold2,nomsa_loop10_samples200
1t74,42,4,0.7728,0.8823,1.4665,0.905,1.466,0.535,0.857,esmfold2,nomsa_loop10_samples200
1t74,43,0,0.7634,0.8727,1.9235,0.877,1.923,0.697,0.857,esmfold2,nomsa_loop10_samples200
1t74,43,1,0.7528,0.8665,1.8877,0.87,1.888,0.669,0.821,esmfold2,nomsa_loop10_samples200
1t74,43,2,0.7751,0.8858,1.5419,0.914,1.542,0.55,0.893,esmfold2,nomsa_loop10_samples200
1t74,43,3,0.7762,0.8837,1.3828,0.906,1.383,0.54,0.857,esmfold2,nomsa_loop10_samples200
1t74,43,4,0.7412,0.8563,0.7899,0.955,0.79,0.364,0.929,esmfold2,nomsa_loop10_samples200
1t74,44,0,0.7685,0.8806,1.7404,0.876,1.74,0.637,0.821,esmfold2,nomsa_loop10_samples200
1t74,44,1,0.7727,0.8831,1.5809,0.881,1.581,0.616,0.821,esmfold2,nomsa_loop10_samples200
1t74,44,2,0.7651,0.8771,2.0557,0.857,2.056,0.737,0.821,esmfold2,nomsa_loop10_samples200
1t74,44,3,0.7728,0.8846,1.5345,0.9,1.534,0.571,0.857,esmfold2,nomsa_loop10_samples200
1t74,44,4,0.7671,0.8767,1.1311,0.944,1.131,0.443,0.929,esmfold2,nomsa_loop10_samples200
1v1t,42,0,0.8649,0.9217,1.2171,0.967,1.217,0.443,1.0,esmfold2,nomsa_loop10_samples200
1v1t,42,1,0.875,0.9337,0.7245,0.965,0.725,0.373,0.96,esmfold2,nomsa_loop10_samples200
1v1t,42,2,0.8744,0.9296,1.1517,0.971,1.152,0.407,1.0,esmfold2,nomsa_loop10_samples200
1v1t,42,3,0.8761,0.9351,0.4392,0.983,0.439,0.338,1.0,esmfold2,nomsa_loop10_samples200
1v1t,42,4,0.8771,0.9357,0.6213,0.964,0.621,0.384,0.96,esmfold2,nomsa_loop10_samples200
1v1t,43,0,0.8582,0.9168,0.7354,0.963,0.735,0.394,0.96,esmfold2,nomsa_loop10_samples200
1v1t,43,1,0.8812,0.9357,0.6162,0.963,0.616,0.394,0.96,esmfold2,nomsa_loop10_samples200
1v1t,43,2,0.8716,0.9314,0.6221,0.983,0.622,0.323,1.0,esmfold2,nomsa_loop10_samples200
1v1t,43,3,0.8788,0.9366,0.854,0.981,0.854,0.333,1.0,esmfold2,nomsa_loop10_samples200
1v1t,43,4,0.8543,0.9111,0.7182,0.98,0.718,0.353,1.0,esmfold2,nomsa_loop10_samples200
1v1t,44,0,0.8572,0.9142,0.9476,0.972,0.948,0.413,1.0,esmfold2,nomsa_loop10_samples200
1v1t,44,1,0.8664,0.9233,0.5211,0.979,0.521,0.381,1.0,esmfold2,nomsa_loop10_samples200
1v1t,44,2,0.8649,0.9224,0.8528,0.975,0.853,0.4,1.0,esmfold2,nomsa_loop10_samples200
1v1t,44,3,0.8747,0.933,0.7415,0.963,0.741,0.393,0.96,esmfold2,nomsa_loop10_samples200
1v1t,44,4,0.873,0.929,0.7203,0.981,0.72,0.347,1.0,esmfold2,nomsa_loop10_samples200
1w80,42,0,0.8678,0.933,1.4882,0.931,1.488,0.599,0.962,esmfold2,nomsa_loop10_samples200
1w80,42,1,0.8592,0.9266,1.3343,0.925,1.334,0.564,0.923,esmfold2,nomsa_loop10_samples200
1w80,42,2,0.8669,0.9309,1.7588,0.908,1.759,0.647,0.923,esmfold2,nomsa_loop10_samples200
1w80,42,3,0.8681,0.9317,1.544,0.917,1.544,0.603,0.923,esmfold2,nomsa_loop10_samples200
1w80,42,4,0.8678,0.9324,1.5896,0.926,1.59,0.632,0.962,esmfold2,nomsa_loop10_samples200
1w80,43,0,0.8681,0.9331,1.642,0.924,1.642,0.641,0.962,esmfold2,nomsa_loop10_samples200
1w80,43,1,0.8659,0.9316,1.3935,0.935,1.394,0.577,0.962,esmfold2,nomsa_loop10_samples200
1w80,43,2,0.868,0.932,1.7106,0.923,1.711,0.64,0.962,esmfold2,nomsa_loop10_samples200
1w80,43,3,0.8561,0.9236,1.2842,0.946,1.284,0.502,0.962,esmfold2,nomsa_loop10_samples200
1w80,43,4,0.8675,0.9314,1.5475,0.916,1.547,0.615,0.923,esmfold2,nomsa_loop10_samples200
1w80,44,0,0.8669,0.9306,1.5853,0.925,1.585,0.634,0.962,esmfold2,nomsa_loop10_samples200
1w80,44,1,0.8659,0.9316,1.7199,0.921,1.72,0.655,0.962,esmfold2,nomsa_loop10_samples200
1w80,44,2,0.8669,0.9326,1.5906,0.915,1.591,0.616,0.923,esmfold2,nomsa_loop10_samples200
1w80,44,3,0.8675,0.9324,1.6446,0.92,1.645,0.668,0.962,esmfold2,nomsa_loop10_samples200
1w80,44,4,0.8692,0.9332,1.694,0.922,1.694,0.647,0.962,esmfold2,nomsa_loop10_samples200
1yfn,42,0,0.7373,0.8502,5.889,0.576,5.889,2.653,0.811,esmfold2,nomsa_loop10_samples200
1yfn,42,1,0.615,0.7213,6.8785,0.47,6.879,2.976,0.604,esmfold2,nomsa_loop10_samples200
1yfn,42,2,0.7618,0.8558,2.046,0.836,2.046,0.994,0.868,esmfold2,nomsa_loop10_samples200
1yfn,42,3,0.6071,0.6785,3.8644,0.609,3.864,1.789,0.585,esmfold2,nomsa_loop10_samples200
1yfn,42,4,0.8205,0.8545,0.5162,0.969,0.516,0.345,0.962,esmfold2,nomsa_loop10_samples200
1yfn,43,0,0.8464,0.8821,0.5023,0.982,0.502,0.346,1.0,esmfold2,nomsa_loop10_samples200
1yfn,43,1,0.7883,0.8298,1.5766,0.879,1.577,0.655,0.83,esmfold2,nomsa_loop10_samples200
1yfn,43,2,0.6133,0.7565,6.9952,0.47,6.995,3.084,0.623,esmfold2,nomsa_loop10_samples200
1yfn,43,3,0.6004,0.6856,2.6924,0.733,2.692,1.297,0.717,esmfold2,nomsa_loop10_samples200
1yfn,43,4,0.7306,0.8192,0.9376,0.9,0.938,0.497,0.811,esmfold2,nomsa_loop10_samples200
1yfn,44,0,0.8158,0.8454,0.4981,0.985,0.498,0.309,1.0,esmfold2,nomsa_loop10_samples200
1yfn,44,1,0.6237,0.7136,5.9473,0.506,5.947,2.641,0.604,esmfold2,nomsa_loop10_samples200
1yfn,44,2,0.6149,0.7484,1.8441,0.851,1.844,0.782,0.811,esmfold2,nomsa_loop10_samples200
1yfn,44,3,0.7833,0.8205,2.0251,0.848,2.025,0.872,0.849,esmfold2,nomsa_loop10_samples200
1yfn,44,4,0.6285,0.7437,3.6765,0.624,3.677,1.744,0.604,esmfold2,nomsa_loop10_samples200
1ywi,42,0,0.9364,0.767,1.3728,0.838,1.373,0.992,0.842,esmfold2,nomsa_loop10_samples200
1ywi,42,1,0.9336,0.7615,1.2923,0.86,1.292,0.963,0.895,esmfold2,nomsa_loop10_samples200
1ywi,42,2,0.9354,0.7645,1.4408,0.834,1.441,1.009,0.842,esmfold2,nomsa_loop10_samples200
1ywi,42,3,0.936,0.7667,1.1811,0.863,1.181,0.948,0.895,esmfold2,nomsa_loop10_samples200
1ywi,42,4,0.9389,0.7716,1.3917,0.835,1.392,1.009,0.842,esmfold2,nomsa_loop10_samples200
1ywi,43,0,0.9354,0.7654,1.3922,0.853,1.392,1.008,0.895,esmfold2,nomsa_loop10_samples200
1ywi,43,1,0.9363,0.7664,1.3764,0.858,1.376,0.973,0.895,esmfold2,nomsa_loop10_samples200
1ywi,43,2,0.9342,0.7626,1.2902,0.857,1.29,0.987,0.895,esmfold2,nomsa_loop10_samples200
1ywi,43,3,0.9352,0.7645,1.371,0.858,1.371,0.971,0.895,esmfold2,nomsa_loop10_samples200
1ywi,43,4,0.9383,0.7708,1.226,0.862,1.226,0.957,0.895,esmfold2,nomsa_loop10_samples200
1ywi,44,0,0.9359,0.7651,1.3974,0.858,1.397,0.971,0.895,esmfold2,nomsa_loop10_samples200
1ywi,44,1,0.9352,0.7646,1.2446,0.862,1.245,0.951,0.895,esmfold2,nomsa_loop10_samples200
1ywi,44,2,0.9348,0.7635,1.4339,0.85,1.434,1.019,0.895,esmfold2,nomsa_loop10_samples200
1ywi,44,3,0.937,0.7637,1.2791,0.857,1.279,0.984,0.895,esmfold2,nomsa_loop10_samples200
1ywi,44,4,0.9346,0.7641,1.3891,0.853,1.389,1.007,0.895,esmfold2,nomsa_loop10_samples200
1ywo,42,0,0.8471,0.7909,1.2292,0.936,1.229,0.581,0.96,esmfold2,nomsa_loop10_samples200
1ywo,42,1,0.8431,0.7867,1.0447,0.949,1.045,0.495,0.96,esmfold2,nomsa_loop10_samples200
1ywo,42,2,0.8539,0.8039,1.1467,0.939,1.147,0.57,0.96,esmfold2,nomsa_loop10_samples200
1ywo,42,3,0.7973,0.7027,3.0678,0.8,3.068,1.339,0.96,esmfold2,nomsa_loop10_samples200
1ywo,42,4,0.8401,0.7797,1.0793,0.946,1.079,0.518,0.96,esmfold2,nomsa_loop10_samples200
1ywo,43,0,0.8442,0.7896,1.1734,0.938,1.173,0.572,0.96,esmfold2,nomsa_loop10_samples200
1ywo,43,1,0.85,0.7932,1.4817,0.921,1.482,0.673,0.96,esmfold2,nomsa_loop10_samples200
1ywo,43,2,0.8464,0.7891,1.0699,0.945,1.07,0.524,0.96,esmfold2,nomsa_loop10_samples200
1ywo,43,3,0.8449,0.7865,1.5383,0.915,1.538,0.708,0.96,esmfold2,nomsa_loop10_samples200
1ywo,43,4,0.8505,0.7988,1.4685,0.917,1.469,0.701,0.96,esmfold2,nomsa_loop10_samples200
1ywo,44,0,0.844,0.7857,1.1254,0.942,1.125,0.548,0.96,esmfold2,nomsa_loop10_samples200
1ywo,44,1,0.8499,0.7962,1.1215,0.942,1.121,0.548,0.96,esmfold2,nomsa_loop10_samples200
1ywo,44,2,0.8518,0.7991,1.5068,0.917,1.507,0.698,0.96,esmfold2,nomsa_loop10_samples200
1ywo,44,3,0.8419,0.783,1.0946,0.944,1.095,0.533,0.96,esmfold2,nomsa_loop10_samples200
1ywo,44,4,0.8525,0.7987,1.1235,0.942,1.123,0.546,0.96,esmfold2,nomsa_loop10_samples200
1yy6,42,0,0.9382,0.9731,0.4481,0.881,0.448,0.833,0.882,esmfold2,nomsa_loop10_samples200
1yy6,42,1,0.9386,0.9732,0.4869,0.89,0.487,0.838,0.912,esmfold2,nomsa_loop10_samples200
1yy6,42,2,0.9279,0.9653,1.0757,0.867,1.076,0.902,0.882,esmfold2,nomsa_loop10_samples200
1yy6,42,3,0.9391,0.9728,0.4429,0.883,0.443,0.821,0.882,esmfold2,nomsa_loop10_samples200
1yy6,42,4,0.9371,0.9715,0.4976,0.882,0.498,0.826,0.882,esmfold2,nomsa_loop10_samples200
1yy6,43,0,0.9376,0.9723,0.4377,0.881,0.438,0.834,0.882,esmfold2,nomsa_loop10_samples200
1yy6,43,1,0.9375,0.9711,0.6024,0.904,0.602,0.808,0.941,esmfold2,nomsa_loop10_samples200
1yy6,43,2,0.9371,0.9713,0.7284,0.89,0.728,0.832,0.912,esmfold2,nomsa_loop10_samples200
1yy6,43,3,0.9343,0.9688,0.8094,0.874,0.809,0.869,0.882,esmfold2,nomsa_loop10_samples200
1yy6,43,4,0.9373,0.9725,0.3705,0.89,0.371,0.776,0.882,esmfold2,nomsa_loop10_samples200
1yy6,44,0,0.9382,0.9712,0.6747,0.886,0.675,0.862,0.912,esmfold2,nomsa_loop10_samples200
1yy6,44,1,0.9347,0.9696,0.5008,0.882,0.501,0.829,0.882,esmfold2,nomsa_loop10_samples200
1yy6,44,2,0.9375,0.972,0.6095,0.89,0.609,0.838,0.912,esmfold2,nomsa_loop10_samples200
1yy6,44,3,0.937,0.972,0.4931,0.879,0.493,0.847,0.882,esmfold2,nomsa_loop10_samples200
1yy6,44,4,0.9377,0.9721,0.6692,0.871,0.669,0.894,0.882,esmfold2,nomsa_loop10_samples200
2aij,42,0,0.8278,0.9257,0.877,0.721,0.877,2.209,0.857,esmfold2,nomsa_loop10_samples200
2aij,42,1,0.8134,0.9211,1.0467,0.71,1.047,2.365,0.857,esmfold2,nomsa_loop10_samples200
2aij,42,2,0.8217,0.9259,0.9552,0.745,0.955,1.968,0.881,esmfold2,nomsa_loop10_samples200
2aij,42,3,0.8211,0.9237,1.0056,0.7,1.006,2.041,0.762,esmfold2,nomsa_loop10_samples200
2aij,42,4,0.8217,0.9228,0.9672,0.703,0.967,2.108,0.786,esmfold2,nomsa_loop10_samples200
2aij,43,0,0.8282,0.9274,0.8462,0.729,0.846,1.987,0.833,esmfold2,nomsa_loop10_samples200
2aij,43,1,0.8306,0.9271,0.7174,0.732,0.717,2.065,0.857,esmfold2,nomsa_loop10_samples200
2aij,43,2,0.8279,0.9257,0.8579,0.713,0.858,2.098,0.81,esmfold2,nomsa_loop10_samples200
2aij,43,3,0.829,0.9278,1.0903,0.703,1.09,2.091,0.786,esmfold2,nomsa_loop10_samples200
2aij,43,4,0.8138,0.9187,1.0627,0.718,1.063,2.102,0.833,esmfold2,nomsa_loop10_samples200
2aij,44,0,0.824,0.9249,1.017,0.724,1.017,2.028,0.833,esmfold2,nomsa_loop10_samples200
2aij,44,1,0.8259,0.9253,0.9443,0.703,0.944,2.225,0.81,esmfold2,nomsa_loop10_samples200
2aij,44,2,0.8306,0.9285,0.8306,0.714,0.831,2.202,0.833,esmfold2,nomsa_loop10_samples200
2aij,44,3,0.8273,0.9248,0.7454,0.747,0.745,1.866,0.857,esmfold2,nomsa_loop10_samples200
2aij,44,4,0.8287,0.9267,1.0839,0.707,1.084,2.268,0.833,esmfold2,nomsa_loop10_samples200
2aq9,42,0,0.2742,0.1809,10.0372,0.206,10.037,4.751,0.111,esmfold2,nomsa_loop10_samples200
2aq9,42,1,0.3402,0.3407,30.8388,0.029,30.839,11.193,0.0,esmfold2,nomsa_loop10_samples200
2aq9,42,2,0.3517,0.3454,29.755,0.031,29.755,10.796,0.0,esmfold2,nomsa_loop10_samples200
2aq9,42,3,0.2872,0.2044,8.6637,0.277,8.664,4.104,0.222,esmfold2,nomsa_loop10_samples200
2aq9,42,4,0.3081,0.265,29.9457,0.031,29.946,11.318,0.0,esmfold2,nomsa_loop10_samples200
2aq9,43,0,0.3384,0.3169,29.1531,0.033,29.153,10.527,0.0,esmfold2,nomsa_loop10_samples200
2aq9,43,1,0.2625,0.1726,8.9628,0.291,8.963,4.046,0.278,esmfold2,nomsa_loop10_samples200
2aq9,43,2,0.3041,0.2633,32.1338,0.027,32.134,12.154,0.0,esmfold2,nomsa_loop10_samples200
2aq9,43,3,0.2866,0.1941,9.5796,0.205,9.58,4.08,0.056,esmfold2,nomsa_loop10_samples200
2aq9,43,4,0.3401,0.3178,30.681,0.029,30.681,11.376,0.0,esmfold2,nomsa_loop10_samples200
2aq9,44,0,0.3056,0.2554,30.5097,0.03,30.51,11.479,0.0,esmfold2,nomsa_loop10_samples200
2aq9,44,1,0.2983,0.2413,29.4996,0.031,29.5,11.404,0.0,esmfold2,nomsa_loop10_samples200
2aq9,44,2,0.3202,0.2667,30.6957,0.029,30.696,11.703,0.0,esmfold2,nomsa_loop10_samples200
2aq9,44,3,0.2726,0.1876,6.3064,0.458,6.306,2.753,0.5,esmfold2,nomsa_loop10_samples200
2aq9,44,4,0.2672,0.1791,8.3953,0.329,8.395,3.586,0.333,esmfold2,nomsa_loop10_samples200
2c3i,42,0,0.9046,0.9768,0.6201,0.973,0.62,0.24,0.949,esmfold2,nomsa_loop10_samples200
2c3i,42,1,0.9037,0.9777,0.6226,0.971,0.623,0.262,0.949,esmfold2,nomsa_loop10_samples200
2c3i,42,2,0.9039,0.9767,0.5309,0.966,0.531,0.219,0.923,esmfold2,nomsa_loop10_samples200
2c3i,42,3,0.8914,0.9776,0.7708,0.95,0.771,0.475,0.949,esmfold2,nomsa_loop10_samples200
2c3i,42,4,0.9051,0.9773,0.6896,0.971,0.69,0.265,0.949,esmfold2,nomsa_loop10_samples200
2c3i,43,0,0.9031,0.9773,0.7913,0.965,0.791,0.328,0.949,esmfold2,nomsa_loop10_samples200
2c3i,43,1,0.9025,0.9759,0.6377,0.964,0.638,0.246,0.923,esmfold2,nomsa_loop10_samples200
2c3i,43,2,0.9054,0.9781,0.6766,0.97,0.677,0.277,0.949,esmfold2,nomsa_loop10_samples200
2c3i,43,3,0.903,0.978,0.8687,0.96,0.869,0.373,0.949,esmfold2,nomsa_loop10_samples200
2c3i,43,4,0.9036,0.9765,0.5929,0.963,0.593,0.267,0.923,esmfold2,nomsa_loop10_samples200
2c3i,44,0,0.9032,0.9774,0.5666,0.964,0.567,0.253,0.923,esmfold2,nomsa_loop10_samples200
2c3i,44,1,0.9043,0.9777,0.6123,0.972,0.612,0.25,0.949,esmfold2,nomsa_loop10_samples200
2c3i,44,2,0.9063,0.9776,0.5797,0.973,0.58,0.235,0.949,esmfold2,nomsa_loop10_samples200
2c3i,44,3,0.9056,0.9771,0.6284,0.964,0.628,0.249,0.923,esmfold2,nomsa_loop10_samples200
2c3i,44,4,0.9042,0.9775,0.4494,0.984,0.449,0.212,0.974,esmfold2,nomsa_loop10_samples200
2cch,42,0,0.8246,0.9086,1.0888,0.968,1.089,0.441,1.0,esmfold2,nomsa_loop10_samples200
2cch,42,1,0.8251,0.9099,1.0029,0.972,1.003,0.335,0.977,esmfold2,nomsa_loop10_samples200
2cch,42,2,0.8145,0.9034,1.2758,0.98,1.276,0.294,1.0,esmfold2,nomsa_loop10_samples200
2cch,42,3,0.8268,0.9124,1.3203,0.973,1.32,0.366,1.0,esmfold2,nomsa_loop10_samples200
2cch,42,4,0.822,0.9071,1.6451,0.964,1.645,0.417,1.0,esmfold2,nomsa_loop10_samples200
2cch,43,0,0.8217,0.9065,1.4853,0.95,1.485,0.492,0.977,esmfold2,nomsa_loop10_samples200
2cch,43,1,0.8228,0.9094,1.456,0.971,1.456,0.293,0.977,esmfold2,nomsa_loop10_samples200
2cch,43,2,0.818,0.9054,0.9383,0.989,0.938,0.218,1.0,esmfold2,nomsa_loop10_samples200
2cch,43,3,0.8248,0.9104,0.8343,0.972,0.834,0.348,0.977,esmfold2,nomsa_loop10_samples200
2cch,43,4,0.8213,0.9075,1.0096,0.976,1.01,0.29,0.977,esmfold2,nomsa_loop10_samples200
2cch,44,0,0.8225,0.9085,0.9219,0.984,0.922,0.289,1.0,esmfold2,nomsa_loop10_samples200
2cch,44,1,0.8214,0.9063,1.0585,0.978,1.059,0.351,1.0,esmfold2,nomsa_loop10_samples200
2cch,44,2,0.8172,0.9039,0.8311,0.99,0.831,0.214,1.0,esmfold2,nomsa_loop10_samples200
2cch,44,3,0.822,0.9091,0.845,0.984,0.845,0.298,1.0,esmfold2,nomsa_loop10_samples200
2cch,44,4,0.8195,0.9079,0.5097,0.992,0.51,0.22,1.0,esmfold2,nomsa_loop10_samples200
2cny,42,0,0.9507,0.9614,0.4394,0.934,0.439,0.739,1.0,esmfold2,nomsa_loop10_samples200
2cny,42,1,0.9516,0.9619,0.4332,0.929,0.433,0.726,0.979,esmfold2,nomsa_loop10_samples200
2cny,42,2,0.951,0.9612,0.5026,0.921,0.503,0.755,0.969,esmfold2,nomsa_loop10_samples200
2cny,42,3,0.9511,0.9616,0.519,0.929,0.519,0.75,0.99,esmfold2,nomsa_loop10_samples200
2cny,42,4,0.9515,0.9619,0.4488,0.932,0.449,0.725,0.99,esmfold2,nomsa_loop10_samples200
2cny,43,0,0.9519,0.9619,0.508,0.924,0.508,0.755,0.979,esmfold2,nomsa_loop10_samples200
2cny,43,1,0.9495,0.9608,0.5494,0.925,0.549,0.774,0.99,esmfold2,nomsa_loop10_samples200
2cny,43,2,0.9516,0.9612,0.5033,0.92,0.503,0.784,0.979,esmfold2,nomsa_loop10_samples200
2cny,43,3,0.9495,0.9601,0.3949,0.939,0.395,0.677,0.99,esmfold2,nomsa_loop10_samples200
2cny,43,4,0.9508,0.9612,0.6108,0.922,0.611,0.746,0.969,esmfold2,nomsa_loop10_samples200
2cny,44,0,0.9516,0.9619,0.5431,0.923,0.543,0.761,0.979,esmfold2,nomsa_loop10_samples200
2cny,44,1,0.9499,0.9608,0.5285,0.924,0.528,0.78,0.99,esmfold2,nomsa_loop10_samples200
2cny,44,2,0.9526,0.9621,0.4643,0.926,0.464,0.743,0.979,esmfold2,nomsa_loop10_samples200
2cny,44,3,0.9507,0.962,0.5083,0.92,0.508,0.784,0.979,esmfold2,nomsa_loop10_samples200
2cny,44,4,0.9515,0.9614,0.4486,0.936,0.449,0.702,0.99,esmfold2,nomsa_loop10_samples200
2e4h,42,0,0.6142,0.8355,5.2486,0.594,5.249,1.92,0.68,esmfold2,nomsa_loop10_samples200
2e4h,42,1,0.6002,0.8302,5.1528,0.618,5.153,1.988,0.76,esmfold2,nomsa_loop10_samples200
2e4h,42,2,0.6041,0.8375,4.7379,0.63,4.738,1.813,0.72,esmfold2,nomsa_loop10_samples200
2e4h,42,3,0.5969,0.8259,7.12,0.512,7.12,2.475,0.68,esmfold2,nomsa_loop10_samples200
2e4h,42,4,0.6206,0.8342,5.2682,0.584,5.268,2.041,0.68,esmfold2,nomsa_loop10_samples200
2e4h,43,0,0.5807,0.8391,12.6937,0.382,12.694,4.15,0.72,esmfold2,nomsa_loop10_samples200
2e4h,43,1,0.5917,0.8309,4.9771,0.588,4.977,1.919,0.64,esmfold2,nomsa_loop10_samples200
2e4h,43,2,0.6209,0.8368,5.2154,0.585,5.215,2.052,0.68,esmfold2,nomsa_loop10_samples200
2e4h,43,3,0.616,0.8365,5.3125,0.584,5.312,2.037,0.68,esmfold2,nomsa_loop10_samples200
2e4h,43,4,0.6053,0.8404,9.2574,0.455,9.257,3.12,0.72,esmfold2,nomsa_loop10_samples200
2e4h,44,0,0.615,0.8395,6.5075,0.546,6.508,2.368,0.72,esmfold2,nomsa_loop10_samples200
2e4h,44,1,0.6036,0.8321,6.8072,0.529,6.807,2.538,0.72,esmfold2,nomsa_loop10_samples200
2e4h,44,2,0.6083,0.8408,7.6191,0.489,7.619,2.732,0.68,esmfold2,nomsa_loop10_samples200
2e4h,44,3,0.6115,0.8393,8.7412,0.478,8.741,3.103,0.76,esmfold2,nomsa_loop10_samples200
2e4h,44,4,0.6026,0.8353,9.2067,0.439,9.207,3.237,0.68,esmfold2,nomsa_loop10_samples200
2fgr,42,0,0.3255,0.4045,19.0609,0.067,19.061,7.705,0.0,esmfold2,nomsa_loop10_samples200
2fgr,42,1,0.3878,0.502,25.7577,0.04,25.758,10.342,0.0,esmfold2,nomsa_loop10_samples200
2fgr,42,2,0.3198,0.4117,25.2278,0.041,25.228,10.375,0.0,esmfold2,nomsa_loop10_samples200
2fgr,42,3,0.3544,0.4387,26.1939,0.038,26.194,10.626,0.0,esmfold2,nomsa_loop10_samples200
2fgr,42,4,0.3443,0.4306,21.7151,0.054,21.715,8.864,0.0,esmfold2,nomsa_loop10_samples200
2fgr,43,0,0.3567,0.4413,26.3917,0.038,26.392,10.645,0.0,esmfold2,nomsa_loop10_samples200
2fgr,43,1,0.3928,0.5098,25.4707,0.04,25.471,10.399,0.0,esmfold2,nomsa_loop10_samples200
2fgr,43,2,0.3062,0.3642,25.9632,0.039,25.963,10.715,0.0,esmfold2,nomsa_loop10_samples200
2fgr,43,3,0.299,0.3612,27.8751,0.034,27.875,11.396,0.0,esmfold2,nomsa_loop10_samples200
2fgr,43,4,0.3913,0.5033,26.223,0.038,26.223,10.592,0.0,esmfold2,nomsa_loop10_samples200
2fgr,44,0,0.3005,0.3734,18.3695,0.084,18.37,7.481,0.038,esmfold2,nomsa_loop10_samples200
2fgr,44,1,0.4015,0.5143,26.7408,0.037,26.741,10.848,0.0,esmfold2,nomsa_loop10_samples200
2fgr,44,2,0.3474,0.4338,27.265,0.036,27.265,10.763,0.0,esmfold2,nomsa_loop10_samples200
2fgr,44,3,0.3322,0.4146,21.5976,0.054,21.598,8.679,0.0,esmfold2,nomsa_loop10_samples200
2fgr,44,4,0.3868,0.5051,26.4641,0.038,26.464,10.537,0.0,esmfold2,nomsa_loop10_samples200
2fka,42,0,0.8335,0.8544,1.6256,0.895,1.626,0.826,0.952,esmfold2,nomsa_loop10_samples200
2fka,42,1,0.8705,0.8862,1.5888,0.884,1.589,0.905,0.952,esmfold2,nomsa_loop10_samples200
2fka,42,2,0.8739,0.8892,1.5043,0.887,1.504,0.893,0.952,esmfold2,nomsa_loop10_samples200
2fka,42,3,0.8697,0.8838,1.3404,0.895,1.34,0.851,0.952,esmfold2,nomsa_loop10_samples200
2fka,42,4,0.8695,0.8844,1.5448,0.893,1.545,0.847,0.952,esmfold2,nomsa_loop10_samples200
2fka,43,0,0.868,0.8831,1.4455,0.895,1.445,0.841,0.952,esmfold2,nomsa_loop10_samples200
2fka,43,1,0.8729,0.8885,1.6439,0.884,1.644,0.898,0.952,esmfold2,nomsa_loop10_samples200
2fka,43,2,0.8723,0.8902,1.852,0.87,1.852,0.974,0.952,esmfold2,nomsa_loop10_samples200
2fka,43,3,0.8724,0.8863,1.5347,0.895,1.535,0.837,0.952,esmfold2,nomsa_loop10_samples200
2fka,43,4,0.8627,0.8819,1.7343,0.895,1.734,0.812,0.952,esmfold2,nomsa_loop10_samples200
2fka,44,0,0.8681,0.8862,1.3902,0.889,1.39,0.891,0.952,esmfold2,nomsa_loop10_samples200
2fka,44,1,0.8689,0.8825,1.3528,0.896,1.353,0.844,0.952,esmfold2,nomsa_loop10_samples200
2fka,44,2,0.8633,0.8829,1.2628,0.922,1.263,0.666,0.952,esmfold2,nomsa_loop10_samples200
2fka,44,3,0.8415,0.8584,1.9813,0.859,1.981,0.929,0.905,esmfold2,nomsa_loop10_samples200
2fka,44,4,0.8721,0.8866,1.533,0.89,1.533,0.87,0.952,esmfold2,nomsa_loop10_samples200
2hpl,42,0,0.8709,0.8994,0.6455,0.942,0.646,0.293,0.87,esmfold2,nomsa_loop10_samples200
2hpl,42,1,0.8688,0.8979,0.6242,0.956,0.624,0.303,0.913,esmfold2,nomsa_loop10_samples200
2hpl,42,2,0.8656,0.8979,0.5383,0.961,0.538,0.245,0.913,esmfold2,nomsa_loop10_samples200
2hpl,42,3,0.8638,0.8965,0.7626,0.94,0.763,0.318,0.87,esmfold2,nomsa_loop10_samples200
2hpl,42,4,0.8649,0.8954,0.7547,0.94,0.755,0.314,0.87,esmfold2,nomsa_loop10_samples200
2hpl,43,0,0.8674,0.8983,0.6104,0.956,0.61,0.301,0.913,esmfold2,nomsa_loop10_samples200
2hpl,43,1,0.8657,0.8974,0.6988,0.968,0.699,0.33,0.957,esmfold2,nomsa_loop10_samples200
2hpl,43,2,0.847,0.893,1.3061,0.94,1.306,0.413,0.913,esmfold2,nomsa_loop10_samples200
2hpl,43,3,0.866,0.8963,0.637,0.944,0.637,0.276,0.87,esmfold2,nomsa_loop10_samples200
2hpl,43,4,0.8669,0.8964,0.9027,0.936,0.903,0.341,0.87,esmfold2,nomsa_loop10_samples200
2hpl,44,0,0.8338,0.8698,3.041,0.825,3.041,0.936,0.87,esmfold2,nomsa_loop10_samples200
2hpl,44,1,0.8426,0.8789,2.6434,0.846,2.643,0.849,0.87,esmfold2,nomsa_loop10_samples200
2hpl,44,2,0.8653,0.8943,0.5632,0.961,0.563,0.242,0.913,esmfold2,nomsa_loop10_samples200
2hpl,44,3,0.8328,0.868,3.0642,0.824,3.064,0.944,0.87,esmfold2,nomsa_loop10_samples200
2hpl,44,4,0.8586,0.8913,1.1499,0.926,1.15,0.424,0.87,esmfold2,nomsa_loop10_samples200
2ht9,42,0,0.3335,0.1903,16.5076,0.236,16.508,6.954,0.455,esmfold2,nomsa_loop10_samples200
2ht9,42,1,0.3356,0.1716,15.0398,0.157,15.04,6.754,0.182,esmfold2,nomsa_loop10_samples200
2ht9,42,2,0.3261,0.1699,20.1024,0.183,20.102,8.142,0.364,esmfold2,nomsa_loop10_samples200
2ht9,42,3,0.3375,0.1784,14.1454,0.229,14.145,5.991,0.364,esmfold2,nomsa_loop10_samples200
2ht9,42,4,0.3195,0.1425,18.5565,0.132,18.556,7.415,0.182,esmfold2,nomsa_loop10_samples200
2ht9,43,0,0.3478,0.1975,15.0082,0.31,15.008,6.52,0.636,esmfold2,nomsa_loop10_samples200
2ht9,43,1,0.3268,0.1675,18.8541,0.16,18.854,7.497,0.273,esmfold2,nomsa_loop10_samples200
2ht9,43,2,0.3492,0.2012,15.2069,0.189,15.207,6.158,0.273,esmfold2,nomsa_loop10_samples200
2ht9,43,3,0.3574,0.212,14.8079,0.192,14.808,6.206,0.273,esmfold2,nomsa_loop10_samples200
2ht9,43,4,0.323,0.1805,17.2677,0.2,17.268,7.276,0.364,esmfold2,nomsa_loop10_samples200
2ht9,44,0,0.3515,0.2066,14.0211,0.264,14.021,5.496,0.455,esmfold2,nomsa_loop10_samples200
2ht9,44,1,0.2772,0.0817,26.3827,0.039,26.383,9.634,0.0,esmfold2,nomsa_loop10_samples200
2ht9,44,2,0.3325,0.1803,16.8645,0.233,16.864,7.097,0.455,esmfold2,nomsa_loop10_samples200
2ht9,44,3,0.3323,0.182,16.5641,0.175,16.564,7.1,0.273,esmfold2,nomsa_loop10_samples200
2ht9,44,4,0.3295,0.1884,15.8015,0.212,15.802,6.724,0.364,esmfold2,nomsa_loop10_samples200
2i94,42,0,0.5903,0.6354,13.2387,0.143,13.239,6.404,0.085,esmfold2,nomsa_loop10_samples200
2i94,42,1,0.5927,0.6366,13.2026,0.143,13.203,6.484,0.085,esmfold2,nomsa_loop10_samples200
2i94,42,2,0.5961,0.6508,13.2713,0.15,13.271,6.369,0.106,esmfold2,nomsa_loop10_samples200
2i94,42,3,0.5907,0.6382,13.1412,0.151,13.141,6.369,0.106,esmfold2,nomsa_loop10_samples200
2i94,42,4,0.6087,0.6615,13.0751,0.152,13.075,6.365,0.106,esmfold2,nomsa_loop10_samples200
2i94,43,0,0.5942,0.6395,13.1274,0.144,13.127,6.427,0.085,esmfold2,nomsa_loop10_samples200
2i94,43,1,0.5958,0.646,12.7458,0.149,12.746,6.213,0.085,esmfold2,nomsa_loop10_samples200
2i94,43,2,0.5963,0.6481,13.0043,0.146,13.004,6.393,0.085,esmfold2,nomsa_loop10_samples200
2i94,43,3,0.5771,0.6237,14.1758,0.131,14.176,6.952,0.085,esmfold2,nomsa_loop10_samples200
2i94,43,4,0.5978,0.6453,13.1377,0.144,13.138,6.441,0.085,esmfold2,nomsa_loop10_samples200
2i94,44,0,0.5771,0.6259,13.3266,0.142,13.327,6.496,0.085,esmfold2,nomsa_loop10_samples200
2i94,44,1,0.5862,0.6266,13.2347,0.158,13.235,6.309,0.128,esmfold2,nomsa_loop10_samples200
2i94,44,2,0.5811,0.6293,14.2136,0.131,14.214,6.919,0.085,esmfold2,nomsa_loop10_samples200
2i94,44,3,0.5863,0.6342,12.8102,0.163,12.81,6.201,0.128,esmfold2,nomsa_loop10_samples200
2i94,44,4,0.5774,0.6402,14.3441,0.129,14.344,7.154,0.085,esmfold2,nomsa_loop10_samples200
2ivz,42,0,0.9187,0.9724,0.5465,0.932,0.547,0.707,0.981,esmfold2,nomsa_loop10_samples200
2ivz,42,1,0.9154,0.9697,0.8957,0.93,0.896,0.706,0.981,esmfold2,nomsa_loop10_samples200
2ivz,42,2,0.918,0.9708,0.8824,0.918,0.882,0.788,0.981,esmfold2,nomsa_loop10_samples200
2ivz,42,3,0.9037,0.9659,0.6754,0.922,0.675,0.77,0.981,esmfold2,nomsa_loop10_samples200
2ivz,42,4,0.9113,0.9684,0.8319,0.925,0.832,0.741,0.981,esmfold2,nomsa_loop10_samples200
2ivz,43,0,0.8845,0.9577,0.8952,0.923,0.895,0.754,0.981,esmfold2,nomsa_loop10_samples200
2ivz,43,1,0.9168,0.9702,0.891,0.923,0.891,0.756,0.981,esmfold2,nomsa_loop10_samples200
2ivz,43,2,0.8934,0.9611,0.9032,0.923,0.903,0.755,0.981,esmfold2,nomsa_loop10_samples200
2ivz,43,3,0.9191,0.9723,0.8199,0.922,0.82,0.764,0.981,esmfold2,nomsa_loop10_samples200
2ivz,43,4,0.8937,0.9612,0.8026,0.919,0.803,0.787,0.981,esmfold2,nomsa_loop10_samples200
2ivz,44,0,0.9013,0.965,0.7338,0.925,0.734,0.75,0.981,esmfold2,nomsa_loop10_samples200
2ivz,44,1,0.8994,0.9644,0.7795,0.927,0.779,0.732,0.981,esmfold2,nomsa_loop10_samples200
2ivz,44,2,0.9178,0.9711,0.6555,0.93,0.656,0.714,0.981,esmfold2,nomsa_loop10_samples200
2ivz,44,3,0.9032,0.9656,0.727,0.922,0.727,0.725,0.963,esmfold2,nomsa_loop10_samples200
2ivz,44,4,0.5285,0.6595,9.0623,0.44,9.062,3.354,0.685,esmfold2,nomsa_loop10_samples200
2jkg,42,0,0.429,0.2943,13.8197,0.19,13.82,5.849,0.235,esmfold2,nomsa_loop10_samples200
2jkg,42,1,0.4649,0.3527,5.6596,0.44,5.66,2.127,0.294,esmfold2,nomsa_loop10_samples200
2jkg,42,2,0.4361,0.2946,13.7395,0.152,13.739,5.828,0.118,esmfold2,nomsa_loop10_samples200
2jkg,42,3,0.4267,0.2989,13.4856,0.195,13.486,5.74,0.235,esmfold2,nomsa_loop10_samples200
2jkg,42,4,0.4614,0.3458,5.7035,0.435,5.704,2.178,0.294,esmfold2,nomsa_loop10_samples200
2jkg,43,0,0.435,0.2965,13.6924,0.191,13.692,5.886,0.235,esmfold2,nomsa_loop10_samples200
2jkg,43,1,0.4539,0.3384,4.6062,0.514,4.606,1.781,0.353,esmfold2,nomsa_loop10_samples200
2jkg,43,2,0.4044,0.251,14.7502,0.181,14.75,6.035,0.235,esmfold2,nomsa_loop10_samples200
2jkg,43,3,0.4238,0.2822,14.1822,0.186,14.182,5.943,0.235,esmfold2,nomsa_loop10_samples200
2jkg,43,4,0.4334,0.3232,6.2888,0.421,6.289,2.502,0.353,esmfold2,nomsa_loop10_samples200
2jkg,44,0,0.4259,0.2963,13.8648,0.249,13.865,5.825,0.412,esmfold2,nomsa_loop10_samples200
2jkg,44,1,0.419,0.2775,14.4542,0.203,14.454,6.04,0.294,esmfold2,nomsa_loop10_samples200
2jkg,44,2,0.4411,0.3028,13.6509,0.232,13.651,5.794,0.353,esmfold2,nomsa_loop10_samples200
2jkg,44,3,0.4205,0.2742,13.9308,0.189,13.931,5.896,0.235,esmfold2,nomsa_loop10_samples200
2jkg,44,4,0.4178,0.2613,15.1609,0.157,15.161,6.237,0.176,esmfold2,nomsa_loop10_samples200
2jnw,42,0,0.6545,0.8442,12.0603,0.412,12.06,4.858,0.816,esmfold2,nomsa_loop10_samples200
2jnw,42,1,0.6508,0.8408,12.3959,0.397,12.396,5.059,0.789,esmfold2,nomsa_loop10_samples200
2jnw,42,2,0.7071,0.8379,2.1504,0.819,2.15,1.172,0.895,esmfold2,nomsa_loop10_samples200
2jnw,42,3,0.8005,0.8472,2.1305,0.791,2.13,1.183,0.816,esmfold2,nomsa_loop10_samples200
2jnw,42,4,0.6736,0.8498,12.0247,0.421,12.025,4.838,0.842,esmfold2,nomsa_loop10_samples200
2jnw,43,0,0.726,0.8397,2.0817,0.815,2.082,1.14,0.868,esmfold2,nomsa_loop10_samples200
2jnw,43,1,0.713,0.8368,2.5378,0.778,2.538,1.289,0.842,esmfold2,nomsa_loop10_samples200
2jnw,43,2,0.8286,0.8614,2.1832,0.781,2.183,1.185,0.789,esmfold2,nomsa_loop10_samples200
2jnw,43,3,0.8379,0.8711,2.238,0.786,2.238,1.209,0.816,esmfold2,nomsa_loop10_samples200
2jnw,43,4,0.8069,0.8583,2.0544,0.796,2.054,1.155,0.816,esmfold2,nomsa_loop10_samples200
2jnw,44,0,0.6985,0.8247,2.936,0.751,2.936,1.447,0.842,esmfold2,nomsa_loop10_samples200
2jnw,44,1,0.8304,0.8685,2.3024,0.776,2.302,1.208,0.789,esmfold2,nomsa_loop10_samples200
2jnw,44,2,0.6734,0.848,12.7278,0.41,12.728,5.113,0.842,esmfold2,nomsa_loop10_samples200
2jnw,44,3,0.8363,0.8686,2.1642,0.781,2.164,1.185,0.789,esmfold2,nomsa_loop10_samples200
2jnw,44,4,0.6473,0.8454,13.3023,0.384,13.302,5.394,0.789,esmfold2,nomsa_loop10_samples200
2jqk,42,0,0.6985,0.6199,3.5483,0.74,3.548,1.652,0.917,esmfold2,nomsa_loop10_samples200
2jqk,42,1,0.6983,0.6227,3.6447,0.742,3.645,1.613,0.917,esmfold2,nomsa_loop10_samples200
2jqk,42,2,0.7012,0.6274,3.5585,0.739,3.558,1.663,0.917,esmfold2,nomsa_loop10_samples200
2jqk,42,3,0.685,0.6029,3.0343,0.769,3.034,1.488,0.917,esmfold2,nomsa_loop10_samples200
2jqk,42,4,0.7028,0.6353,2.7724,0.792,2.772,1.34,0.917,esmfold2,nomsa_loop10_samples200
2jqk,43,0,0.7106,0.6432,3.3312,0.759,3.331,1.515,0.917,esmfold2,nomsa_loop10_samples200
2jqk,43,1,0.6969,0.624,3.2131,0.763,3.213,1.504,0.917,esmfold2,nomsa_loop10_samples200
2jqk,43,2,0.701,0.6259,3.5936,0.726,3.594,1.646,0.875,esmfold2,nomsa_loop10_samples200
2jqk,43,3,0.705,0.6343,3.3096,0.756,3.31,1.553,0.917,esmfold2,nomsa_loop10_samples200
2jqk,43,4,0.7048,0.6342,3.1427,0.772,3.143,1.44,0.917,esmfold2,nomsa_loop10_samples200
2jqk,44,0,0.7069,0.6388,3.5777,0.738,3.578,1.664,0.917,esmfold2,nomsa_loop10_samples200
2jqk,44,1,0.7033,0.6362,3.3239,0.756,3.324,1.549,0.917,esmfold2,nomsa_loop10_samples200
2jqk,44,2,0.7049,0.6321,3.4956,0.743,3.496,1.638,0.917,esmfold2,nomsa_loop10_samples200
2jqk,44,3,0.7055,0.6355,2.8646,0.773,2.865,1.366,0.875,esmfold2,nomsa_loop10_samples200
2jqk,44,4,0.6899,0.6058,3.5504,0.742,3.55,1.636,0.917,esmfold2,nomsa_loop10_samples200
2ka9,42,0,0.5798,0.5552,35.5809,0.025,35.581,10.031,0.0,esmfold2,nomsa_loop10_samples200
2ka9,42,1,0.5759,0.5627,35.7715,0.026,35.771,9.636,0.0,esmfold2,nomsa_loop10_samples200
2ka9,42,2,0.5759,0.5625,33.1953,0.028,33.195,9.611,0.0,esmfold2,nomsa_loop10_samples200
2ka9,42,3,0.591,0.5921,40.3615,0.018,40.361,13.194,0.0,esmfold2,nomsa_loop10_samples200
2ka9,42,4,0.5882,0.5807,39.863,0.019,39.863,12.534,0.0,esmfold2,nomsa_loop10_samples200
2ka9,43,0,0.5962,0.5949,41.0998,0.019,41.1,12.136,0.0,esmfold2,nomsa_loop10_samples200
2ka9,43,1,0.5933,0.5889,43.9155,0.016,43.915,13.098,0.0,esmfold2,nomsa_loop10_samples200
2ka9,43,2,0.5968,0.5917,39.9993,0.019,39.999,12.708,0.0,esmfold2,nomsa_loop10_samples200
2ka9,43,3,0.5761,0.5598,33.7906,0.029,33.791,8.974,0.0,esmfold2,nomsa_loop10_samples200
2ka9,43,4,0.587,0.5724,38.6859,0.024,38.686,9.426,0.0,esmfold2,nomsa_loop10_samples200
2ka9,44,0,0.5963,0.5966,40.5043,0.018,40.504,13.028,0.0,esmfold2,nomsa_loop10_samples200
2ka9,44,1,0.5998,0.6067,55.5314,0.01,55.531,17.49,0.0,esmfold2,nomsa_loop10_samples200
2ka9,44,2,0.3999,0.3115,17.7742,0.469,17.774,2.039,0.87,esmfold2,nomsa_loop10_samples200
2ka9,44,3,0.5977,0.6034,40.7267,0.018,40.727,13.329,0.0,esmfold2,nomsa_loop10_samples200
2ka9,44,4,0.5699,0.5611,44.5616,0.017,44.562,11.817,0.0,esmfold2,nomsa_loop10_samples200
2kbr,42,0,0.6861,0.6475,3.3267,0.686,3.327,1.714,0.757,esmfold2,nomsa_loop10_samples200
2kbr,42,1,0.6823,0.6429,3.409,0.691,3.409,1.739,0.784,esmfold2,nomsa_loop10_samples200
2kbr,42,2,0.6904,0.6521,2.9137,0.745,2.914,1.497,0.838,esmfold2,nomsa_loop10_samples200
2kbr,42,3,0.6849,0.6488,3.3924,0.684,3.392,1.818,0.784,esmfold2,nomsa_loop10_samples200
2kbr,42,4,0.6877,0.6506,3.1202,0.701,3.12,1.605,0.757,esmfold2,nomsa_loop10_samples200
2kbr,43,0,0.6887,0.6537,2.8496,0.705,2.85,1.54,0.73,esmfold2,nomsa_loop10_samples200
2kbr,43,1,0.6831,0.6423,3.1719,0.712,3.172,1.667,0.811,esmfold2,nomsa_loop10_samples200
2kbr,43,2,0.6878,0.6497,3.4402,0.688,3.44,1.757,0.784,esmfold2,nomsa_loop10_samples200
2kbr,43,3,0.6808,0.641,3.5002,0.677,3.5,1.764,0.757,esmfold2,nomsa_loop10_samples200
2kbr,43,4,0.6847,0.6449,3.4772,0.668,3.477,1.768,0.73,esmfold2,nomsa_loop10_samples200
2kbr,44,0,0.6849,0.6425,3.0706,0.711,3.071,1.613,0.784,esmfold2,nomsa_loop10_samples200
2kbr,44,1,0.6804,0.6422,3.2252,0.701,3.225,1.674,0.784,esmfold2,nomsa_loop10_samples200
2kbr,44,2,0.6857,0.6448,3.4141,0.688,3.414,1.762,0.784,esmfold2,nomsa_loop10_samples200
2kbr,44,3,0.6826,0.6434,2.5879,0.749,2.588,1.359,0.784,esmfold2,nomsa_loop10_samples200
2kbr,44,4,0.6885,0.6465,3.3741,0.685,3.374,1.711,0.757,esmfold2,nomsa_loop10_samples200
2ke1,42,0,0.7058,0.6737,7.8346,0.541,7.835,2.524,0.82,esmfold2,nomsa_loop10_samples200
2ke1,42,1,0.7178,0.6911,5.9821,0.608,5.982,2.019,0.8,esmfold2,nomsa_loop10_samples200
2ke1,42,2,0.7019,0.6734,5.0784,0.602,5.078,2.61,0.82,esmfold2,nomsa_loop10_samples200
2ke1,42,3,0.7099,0.6758,2.7785,0.736,2.779,1.817,0.9,esmfold2,nomsa_loop10_samples200
2ke1,42,4,0.7077,0.6796,4.2358,0.669,4.236,1.979,0.84,esmfold2,nomsa_loop10_samples200
2ke1,43,0,0.7081,0.6808,4.0045,0.619,4.005,2.674,0.8,esmfold2,nomsa_loop10_samples200
2ke1,43,1,0.6907,0.6574,1.8991,0.65,1.899,2.678,0.76,esmfold2,nomsa_loop10_samples200
2ke1,43,2,0.7064,0.675,3.6112,0.665,3.611,2.245,0.84,esmfold2,nomsa_loop10_samples200
2ke1,43,3,0.6859,0.6694,4.1415,0.564,4.142,4.372,0.78,esmfold2,nomsa_loop10_samples200
2ke1,43,4,0.7181,0.6883,4.1912,0.631,4.191,2.36,0.8,esmfold2,nomsa_loop10_samples200
2ke1,44,0,0.6988,0.6705,3.665,0.674,3.665,2.19,0.86,esmfold2,nomsa_loop10_samples200
2ke1,44,1,0.7003,0.6683,5.0044,0.626,5.004,2.108,0.8,esmfold2,nomsa_loop10_samples200
2ke1,44,2,0.7041,0.6706,6.1226,0.592,6.123,2.106,0.78,esmfold2,nomsa_loop10_samples200
2ke1,44,3,0.7164,0.6869,3.2894,0.68,3.289,2.142,0.84,esmfold2,nomsa_loop10_samples200
2ke1,44,4,0.7121,0.6844,4.2117,0.684,4.212,1.599,0.78,esmfold2,nomsa_loop10_samples200
2khh,42,0,0.5633,0.375,3.1618,0.654,3.162,2.166,0.759,esmfold2,nomsa_loop10_samples200
2khh,42,1,0.5484,0.365,3.06,0.64,3.06,2.067,0.69,esmfold2,nomsa_loop10_samples200
2khh,42,2,0.5644,0.3761,3.1028,0.675,3.103,2.214,0.828,esmfold2,nomsa_loop10_samples200
2khh,42,3,0.5566,0.3701,3.3243,0.617,3.324,2.323,0.69,esmfold2,nomsa_loop10_samples200
2khh,42,4,0.5576,0.3668,3.9056,0.621,3.906,2.411,0.759,esmfold2,nomsa_loop10_samples200
2khh,43,0,0.5614,0.3759,3.0914,0.664,3.091,2.208,0.793,esmfold2,nomsa_loop10_samples200
2khh,43,1,0.5685,0.3815,3.2407,0.645,3.241,2.27,0.759,esmfold2,nomsa_loop10_samples200
2khh,43,2,0.5563,0.3667,4.0628,0.642,4.063,2.373,0.828,esmfold2,nomsa_loop10_samples200
2khh,43,3,0.5601,0.3763,2.4235,0.674,2.424,2.094,0.759,esmfold2,nomsa_loop10_samples200
2khh,43,4,0.5548,0.3543,3.2208,0.642,3.221,2.326,0.759,esmfold2,nomsa_loop10_samples200
2khh,44,0,0.5558,0.3578,2.5713,0.695,2.571,2.077,0.828,esmfold2,nomsa_loop10_samples200
2khh,44,1,0.5559,0.3668,2.8366,0.632,2.837,2.263,0.69,esmfold2,nomsa_loop10_samples200
2khh,44,2,0.5535,0.3633,2.4509,0.716,2.451,1.852,0.828,esmfold2,nomsa_loop10_samples200
2khh,44,3,0.5525,0.3632,4.5878,0.573,4.588,2.563,0.69,esmfold2,nomsa_loop10_samples200
2khh,44,4,0.5613,0.3677,3.5431,0.63,3.543,2.415,0.759,esmfold2,nomsa_loop10_samples200
2koh,42,0,0.5054,0.5951,12.3029,0.441,12.303,3.416,0.838,esmfold2,nomsa_loop10_samples200
2koh,42,1,0.4961,0.5832,9.3089,0.516,9.309,2.751,0.865,esmfold2,nomsa_loop10_samples200
2koh,42,2,0.5313,0.5854,8.7874,0.529,8.787,2.498,0.838,esmfold2,nomsa_loop10_samples200
2koh,42,3,0.4947,0.586,14.1023,0.42,14.102,3.179,0.811,esmfold2,nomsa_loop10_samples200
2koh,42,4,0.493,0.6022,14.6936,0.383,14.694,3.688,0.757,esmfold2,nomsa_loop10_samples200
2koh,43,0,0.4836,0.5982,14.0283,0.373,14.028,4.056,0.73,esmfold2,nomsa_loop10_samples200
2koh,43,1,0.5124,0.5734,10.2034,0.508,10.203,2.811,0.892,esmfold2,nomsa_loop10_samples200
2koh,43,2,0.5246,0.5868,5.7155,0.613,5.716,2.365,0.865,esmfold2,nomsa_loop10_samples200
2koh,43,3,0.5134,0.5831,6.7899,0.568,6.79,2.567,0.838,esmfold2,nomsa_loop10_samples200
2koh,43,4,0.4804,0.5931,16.8998,0.413,16.9,3.631,0.892,esmfold2,nomsa_loop10_samples200
2koh,44,0,0.513,0.5914,12.0656,0.442,12.066,3.178,0.811,esmfold2,nomsa_loop10_samples200
2koh,44,1,0.512,0.5786,11.728,0.46,11.728,3.027,0.838,esmfold2,nomsa_loop10_samples200
2koh,44,2,0.5167,0.5913,8.6193,0.507,8.619,2.854,0.811,esmfold2,nomsa_loop10_samples200
2koh,44,3,0.5028,0.5867,11.0325,0.485,11.032,2.856,0.865,esmfold2,nomsa_loop10_samples200
2koh,44,4,0.504,0.5942,9.6438,0.474,9.644,2.572,0.73,esmfold2,nomsa_loop10_samples200
2las,42,0,0.688,0.6761,4.3892,0.611,4.389,2.372,0.758,esmfold2,nomsa_loop10_samples200
2las,42,1,0.6913,0.6917,4.455,0.622,4.455,2.325,0.788,esmfold2,nomsa_loop10_samples200
2las,42,2,0.6819,0.6627,4.4436,0.614,4.444,2.294,0.758,esmfold2,nomsa_loop10_samples200
2las,42,3,0.6876,0.6841,4.2609,0.635,4.261,2.197,0.788,esmfold2,nomsa_loop10_samples200
2las,42,4,0.6918,0.6689,4.1337,0.627,4.134,2.213,0.758,esmfold2,nomsa_loop10_samples200
2las,43,0,0.6864,0.6653,4.4185,0.621,4.419,2.203,0.758,esmfold2,nomsa_loop10_samples200
2las,43,1,0.6752,0.6442,3.6179,0.671,3.618,1.928,0.788,esmfold2,nomsa_loop10_samples200
2las,43,2,0.692,0.6776,4.5147,0.618,4.515,2.37,0.788,esmfold2,nomsa_loop10_samples200
2las,43,3,0.6854,0.6735,3.8971,0.639,3.897,2.126,0.758,esmfold2,nomsa_loop10_samples200
2las,43,4,0.6753,0.6554,3.5338,0.668,3.534,1.988,0.788,esmfold2,nomsa_loop10_samples200
2las,44,0,0.6744,0.6663,3.7442,0.656,3.744,2.071,0.788,esmfold2,nomsa_loop10_samples200
2las,44,1,0.6783,0.6563,4.1423,0.638,4.142,2.19,0.788,esmfold2,nomsa_loop10_samples200
2las,44,2,0.6781,0.6717,4.089,0.63,4.089,2.184,0.758,esmfold2,nomsa_loop10_samples200
2las,44,3,0.6789,0.656,5.194,0.596,5.194,2.457,0.788,esmfold2,nomsa_loop10_samples200
2las,44,4,0.6873,0.6719,4.376,0.617,4.376,2.28,0.758,esmfold2,nomsa_loop10_samples200
2lsi,42,0,0.3758,0.1229,8.4433,0.276,8.443,5.545,0.257,esmfold2,nomsa_loop10_samples200
2lsi,42,1,0.42,0.1806,27.6234,0.034,27.623,12.058,0.0,esmfold2,nomsa_loop10_samples200
2lsi,42,2,0.4177,0.192,26.1756,0.038,26.176,10.502,0.0,esmfold2,nomsa_loop10_samples200
2lsi,42,3,0.4041,0.1483,24.2279,0.046,24.228,8.631,0.0,esmfold2,nomsa_loop10_samples200
2lsi,42,4,0.3851,0.1377,28.7099,0.032,28.71,12.334,0.0,esmfold2,nomsa_loop10_samples200
2lsi,43,0,0.4706,0.2792,25.3941,0.068,25.394,11.367,0.086,esmfold2,nomsa_loop10_samples200
2lsi,43,1,0.4286,0.2067,24.2643,0.071,24.264,11.313,0.086,esmfold2,nomsa_loop10_samples200
2lsi,43,2,0.3906,0.1401,25.1485,0.068,25.149,11.611,0.086,esmfold2,nomsa_loop10_samples200
2lsi,43,3,0.3809,0.1654,27.0577,0.064,27.058,11.661,0.086,esmfold2,nomsa_loop10_samples200
2lsi,43,4,0.3877,0.1262,28.8716,0.06,28.872,12.508,0.086,esmfold2,nomsa_loop10_samples200
2lsi,44,0,0.4136,0.1719,26.398,0.047,26.398,11.302,0.029,esmfold2,nomsa_loop10_samples200
2lsi,44,1,0.4469,0.2521,25.3703,0.068,25.37,11.071,0.086,esmfold2,nomsa_loop10_samples200
2lsi,44,2,0.423,0.1563,24.3838,0.061,24.384,10.959,0.057,esmfold2,nomsa_loop10_samples200
2lsi,44,3,0.3747,0.0904,26.4127,0.038,26.413,10.513,0.0,esmfold2,nomsa_loop10_samples200
2lsi,44,4,0.3822,0.0969,38.8525,0.019,38.852,15.004,0.0,esmfold2,nomsa_loop10_samples200
2m0v,42,0,0.8894,0.9596,2.6992,0.761,2.699,1.514,0.88,esmfold2,nomsa_loop10_samples200
2m0v,42,1,0.8955,0.9608,2.7467,0.755,2.747,1.562,0.88,esmfold2,nomsa_loop10_samples200
2m0v,42,2,0.8923,0.9593,3.2935,0.738,3.293,1.487,0.84,esmfold2,nomsa_loop10_samples200
2m0v,42,3,0.8932,0.959,3.2532,0.737,3.253,1.502,0.84,esmfold2,nomsa_loop10_samples200
2m0v,42,4,0.8934,0.9607,3.2138,0.751,3.214,1.502,0.88,esmfold2,nomsa_loop10_samples200
2m0v,43,0,0.8898,0.958,3.1342,0.737,3.134,1.529,0.84,esmfold2,nomsa_loop10_samples200
2m0v,43,1,0.8959,0.9615,2.8342,0.744,2.834,1.527,0.84,esmfold2,nomsa_loop10_samples200
2m0v,43,2,0.8949,0.9599,2.9854,0.737,2.985,1.557,0.84,esmfold2,nomsa_loop10_samples200
2m0v,43,3,0.891,0.9561,3.4483,0.758,3.448,1.513,0.92,esmfold2,nomsa_loop10_samples200
2m0v,43,4,0.8939,0.9586,2.8184,0.76,2.818,1.5,0.88,esmfold2,nomsa_loop10_samples200
2m0v,44,0,0.8903,0.9571,2.8435,0.791,2.843,1.457,0.96,esmfold2,nomsa_loop10_samples200
2m0v,44,1,0.8946,0.9603,2.907,0.768,2.907,1.531,0.92,esmfold2,nomsa_loop10_samples200
2m0v,44,2,0.8963,0.9599,3.1957,0.777,3.196,1.518,0.96,esmfold2,nomsa_loop10_samples200
2m0v,44,3,0.8901,0.959,2.963,0.739,2.963,1.54,0.84,esmfold2,nomsa_loop10_samples200
2m0v,44,4,0.8959,0.9606,2.9789,0.754,2.979,1.529,0.88,esmfold2,nomsa_loop10_samples200
2nnu,42,0,0.3447,0.1211,28.9801,0.086,28.98,13.36,0.167,esmfold2,nomsa_loop10_samples200
2nnu,42,1,0.3394,0.1109,12.5541,0.109,12.554,13.379,0.0,esmfold2,nomsa_loop10_samples200
2nnu,42,2,0.3529,0.1694,19.3815,0.086,19.382,13.294,0.083,esmfold2,nomsa_loop10_samples200
2nnu,42,3,0.3334,0.0923,14.5496,0.088,14.55,15.246,0.0,esmfold2,nomsa_loop10_samples200
2nnu,42,4,0.3604,0.141,20.6227,0.063,20.623,11.804,0.028,esmfold2,nomsa_loop10_samples200
2nnu,43,0,0.3649,0.1636,19.2992,0.078,19.299,11.942,0.056,esmfold2,nomsa_loop10_samples200
2nnu,43,1,0.3622,0.1493,26.4987,0.074,26.499,11.49,0.111,esmfold2,nomsa_loop10_samples200
2nnu,43,2,0.3541,0.1353,17.583,0.078,17.583,11.422,0.028,esmfold2,nomsa_loop10_samples200
2nnu,43,3,0.3623,0.1619,17.1094,0.108,17.109,12.066,0.111,esmfold2,nomsa_loop10_samples200
2nnu,43,4,0.2844,0.1094,31.3962,0.064,31.396,13.959,0.111,esmfold2,nomsa_loop10_samples200
2nnu,44,0,0.3638,0.169,29.6929,0.058,29.693,12.274,0.083,esmfold2,nomsa_loop10_samples200
2nnu,44,1,0.3434,0.1368,23.8957,0.069,23.896,14.631,0.083,esmfold2,nomsa_loop10_samples200
2nnu,44,2,0.3648,0.1805,20.5283,0.082,20.528,12.11,0.083,esmfold2,nomsa_loop10_samples200
2nnu,44,3,0.3646,0.1872,34.0777,0.05,34.078,17.068,0.083,esmfold2,nomsa_loop10_samples200
2nnu,44,4,0.3347,0.0837,32.546,0.027,32.546,11.101,0.0,esmfold2,nomsa_loop10_samples200
2o9v,42,0,0.9482,0.9342,0.9147,0.971,0.915,0.431,1.0,esmfold2,nomsa_loop10_samples200
2o9v,42,1,0.9485,0.9325,0.9672,0.956,0.967,0.444,0.96,esmfold2,nomsa_loop10_samples200
2o9v,42,2,0.9467,0.9302,0.8185,0.945,0.819,0.429,0.92,esmfold2,nomsa_loop10_samples200
2o9v,42,3,0.949,0.9334,0.9439,0.947,0.944,0.4,0.92,esmfold2,nomsa_loop10_samples200
2o9v,42,4,0.945,0.9288,0.768,0.951,0.768,0.376,0.92,esmfold2,nomsa_loop10_samples200
2o9v,43,0,0.9469,0.9294,0.7552,0.965,0.755,0.369,0.96,esmfold2,nomsa_loop10_samples200
2o9v,43,1,0.9481,0.9316,1.1209,0.951,1.121,0.468,0.96,esmfold2,nomsa_loop10_samples200
2o9v,43,2,0.9482,0.9331,0.8995,0.957,0.899,0.439,0.96,esmfold2,nomsa_loop10_samples200
2o9v,43,3,0.937,0.917,0.8083,0.96,0.808,0.419,0.96,esmfold2,nomsa_loop10_samples200
2o9v,43,4,0.9481,0.9312,0.943,0.973,0.943,0.406,1.0,esmfold2,nomsa_loop10_samples200
2o9v,44,0,0.9487,0.934,0.9875,0.953,0.987,0.468,0.96,esmfold2,nomsa_loop10_samples200
2o9v,44,1,0.949,0.9346,0.908,0.962,0.908,0.392,0.96,esmfold2,nomsa_loop10_samples200
2o9v,44,2,0.9489,0.9338,0.9024,0.96,0.902,0.406,0.96,esmfold2,nomsa_loop10_samples200
2o9v,44,3,0.9474,0.9316,0.7154,0.965,0.715,0.375,0.96,esmfold2,nomsa_loop10_samples200
2o9v,44,4,0.9463,0.9303,0.9683,0.953,0.968,0.469,0.96,esmfold2,nomsa_loop10_samples200
2p1o,42,0,0.6455,0.826,4.0783,0.714,4.078,1.479,0.822,esmfold2,nomsa_loop10_samples200
2p1o,42,1,0.4211,0.6572,8.4725,0.343,8.472,3.057,0.333,esmfold2,nomsa_loop10_samples200
2p1o,42,2,0.6348,0.8221,2.7526,0.784,2.753,1.058,0.778,esmfold2,nomsa_loop10_samples200
2p1o,42,3,0.6183,0.8048,2.4464,0.813,2.446,0.996,0.822,esmfold2,nomsa_loop10_samples200
2p1o,42,4,0.6439,0.8235,5.2815,0.635,5.281,1.901,0.8,esmfold2,nomsa_loop10_samples200
2p1o,43,0,0.6531,0.8337,6.9432,0.531,6.943,2.522,0.733,esmfold2,nomsa_loop10_samples200
2p1o,43,1,0.3784,0.5961,8.8691,0.318,8.869,3.133,0.289,esmfold2,nomsa_loop10_samples200
2p1o,43,2,0.6526,0.8202,8.7596,0.469,8.76,3.1,0.733,esmfold2,nomsa_loop10_samples200
2p1o,43,3,0.6404,0.8295,5.2036,0.644,5.204,1.912,0.822,esmfold2,nomsa_loop10_samples200
2p1o,43,4,0.6551,0.8402,4.382,0.672,4.382,1.593,0.756,esmfold2,nomsa_loop10_samples200
2p1o,44,0,0.6397,0.8238,4.3063,0.68,4.306,1.604,0.778,esmfold2,nomsa_loop10_samples200
2p1o,44,1,0.6592,0.8245,8.2202,0.494,8.22,2.922,0.756,esmfold2,nomsa_loop10_samples200
2p1o,44,2,0.3865,0.6184,9.0752,0.317,9.075,3.271,0.311,esmfold2,nomsa_loop10_samples200
2p1o,44,3,0.6468,0.83,4.7339,0.657,4.734,1.723,0.778,esmfold2,nomsa_loop10_samples200
2p1o,44,4,0.3336,0.5286,9.9822,0.285,9.982,3.643,0.289,esmfold2,nomsa_loop10_samples200
2qos,42,0,0.8883,0.9528,0.6355,0.927,0.636,0.504,0.887,esmfold2,nomsa_loop10_samples200
2qos,42,1,0.89,0.9544,0.5225,0.946,0.523,0.453,0.925,esmfold2,nomsa_loop10_samples200
2qos,42,2,0.8823,0.9497,0.6861,0.932,0.686,0.457,0.887,esmfold2,nomsa_loop10_samples200
2qos,42,3,0.887,0.9511,0.5892,0.947,0.589,0.442,0.925,esmfold2,nomsa_loop10_samples200
2qos,42,4,0.8796,0.9501,0.6689,0.918,0.669,0.621,0.906,esmfold2,nomsa_loop10_samples200
2qos,43,0,0.8871,0.9526,0.5587,0.938,0.559,0.463,0.906,esmfold2,nomsa_loop10_samples200
2qos,43,1,0.8875,0.9546,0.5752,0.936,0.575,0.48,0.906,esmfold2,nomsa_loop10_samples200
2qos,43,2,0.8895,0.9531,0.5977,0.934,0.598,0.494,0.906,esmfold2,nomsa_loop10_samples200
2qos,43,3,0.886,0.9531,0.5419,0.939,0.542,0.452,0.906,esmfold2,nomsa_loop10_samples200
2qos,43,4,0.8891,0.9546,0.5054,0.932,0.505,0.463,0.887,esmfold2,nomsa_loop10_samples200
2qos,44,0,0.8872,0.9523,0.5728,0.937,0.573,0.473,0.906,esmfold2,nomsa_loop10_samples200
2qos,44,1,0.8884,0.9529,0.5506,0.933,0.551,0.504,0.906,esmfold2,nomsa_loop10_samples200
2qos,44,2,0.8872,0.9523,0.6118,0.936,0.612,0.528,0.925,esmfold2,nomsa_loop10_samples200
2qos,44,3,0.8912,0.9566,0.5647,0.944,0.565,0.463,0.925,esmfold2,nomsa_loop10_samples200
2qos,44,4,0.8917,0.9561,0.7893,0.933,0.789,0.494,0.906,esmfold2,nomsa_loop10_samples200
2r7g,42,0,0.922,0.9735,0.681,0.894,0.681,0.631,0.84,esmfold2,nomsa_loop10_samples200
2r7g,42,1,0.9123,0.9711,0.5101,0.896,0.51,0.629,0.84,esmfold2,nomsa_loop10_samples200
2r7g,42,2,0.8688,0.9551,1.952,0.802,1.952,1.037,0.78,esmfold2,nomsa_loop10_samples200
2r7g,42,3,0.9193,0.9732,0.5112,0.889,0.511,0.68,0.84,esmfold2,nomsa_loop10_samples200
2r7g,42,4,0.9146,0.9705,0.4735,0.902,0.474,0.631,0.86,esmfold2,nomsa_loop10_samples200
2r7g,43,0,0.9232,0.9732,0.4759,0.893,0.476,0.646,0.84,esmfold2,nomsa_loop10_samples200
2r7g,43,1,0.9166,0.9706,0.3835,0.899,0.384,0.66,0.86,esmfold2,nomsa_loop10_samples200
2r7g,43,2,0.9214,0.9723,0.5328,0.891,0.533,0.66,0.84,esmfold2,nomsa_loop10_samples200
2r7g,43,3,0.9194,0.9746,0.8467,0.886,0.847,0.686,0.84,esmfold2,nomsa_loop10_samples200
2r7g,43,4,0.9196,0.973,0.4242,0.886,0.424,0.657,0.82,esmfold2,nomsa_loop10_samples200
2r7g,44,0,0.9198,0.9731,0.4344,0.887,0.434,0.692,0.84,esmfold2,nomsa_loop10_samples200
2r7g,44,1,0.9188,0.972,0.3998,0.901,0.4,0.642,0.86,esmfold2,nomsa_loop10_samples200
2r7g,44,2,0.9208,0.9721,0.4272,0.901,0.427,0.645,0.86,esmfold2,nomsa_loop10_samples200
2r7g,44,3,0.916,0.9712,0.4545,0.892,0.455,0.655,0.84,esmfold2,nomsa_loop10_samples200
2r7g,44,4,0.9244,0.9734,0.3545,0.899,0.355,0.611,0.84,esmfold2,nomsa_loop10_samples200
2rol,42,0,0.7876,0.7227,2.9893,0.734,2.989,1.408,0.781,esmfold2,nomsa_loop10_samples200
2rol,42,1,0.7825,0.7107,2.962,0.742,2.962,1.44,0.812,esmfold2,nomsa_loop10_samples200
2rol,42,2,0.7756,0.697,3.0991,0.754,3.099,1.401,0.844,esmfold2,nomsa_loop10_samples200
2rol,42,3,0.7765,0.6988,2.3326,0.779,2.333,1.235,0.812,esmfold2,nomsa_loop10_samples200
2rol,42,4,0.7725,0.6958,2.9644,0.773,2.964,1.189,0.812,esmfold2,nomsa_loop10_samples200
2rol,43,0,0.7665,0.6817,2.9668,0.759,2.967,1.381,0.844,esmfold2,nomsa_loop10_samples200
2rol,43,1,0.7804,0.7102,2.938,0.725,2.938,1.497,0.781,esmfold2,nomsa_loop10_samples200
2rol,43,2,0.7794,0.7068,2.9874,0.727,2.987,1.384,0.75,esmfold2,nomsa_loop10_samples200
2rol,43,3,0.7885,0.7227,2.8712,0.732,2.871,1.447,0.781,esmfold2,nomsa_loop10_samples200
2rol,43,4,0.7531,0.6561,2.8331,0.778,2.833,1.332,0.875,esmfold2,nomsa_loop10_samples200
2rol,44,0,0.7877,0.7206,2.8035,0.739,2.804,1.399,0.781,esmfold2,nomsa_loop10_samples200
2rol,44,1,0.7722,0.6962,2.7652,0.741,2.765,1.388,0.781,esmfold2,nomsa_loop10_samples200
2rol,44,2,0.7799,0.7088,2.7599,0.744,2.76,1.369,0.781,esmfold2,nomsa_loop10_samples200
2rol,44,3,0.7768,0.7037,2.9931,0.732,2.993,1.341,0.75,esmfold2,nomsa_loop10_samples200
2rol,44,4,0.7847,0.7161,3.1162,0.722,3.116,1.494,0.781,esmfold2,nomsa_loop10_samples200
2v8c,42,0,0.4644,0.2822,19.957,0.098,19.957,9.289,0.114,esmfold2,nomsa_loop10_samples200
2v8c,42,1,0.5391,0.4089,5.5446,0.507,5.545,2.265,0.514,esmfold2,nomsa_loop10_samples200
2v8c,42,2,0.5899,0.4867,5.5093,0.503,5.509,2.19,0.486,esmfold2,nomsa_loop10_samples200
2v8c,42,3,0.5966,0.4882,5.048,0.548,5.048,1.998,0.543,esmfold2,nomsa_loop10_samples200
2v8c,42,4,0.5759,0.4658,5.1276,0.542,5.128,2.172,0.571,esmfold2,nomsa_loop10_samples200
2v8c,43,0,0.5912,0.4729,4.9328,0.559,4.933,2.004,0.571,esmfold2,nomsa_loop10_samples200
2v8c,43,1,0.4456,0.2698,19.1906,0.121,19.191,8.948,0.171,esmfold2,nomsa_loop10_samples200
2v8c,43,2,0.5724,0.4555,5.2373,0.54,5.237,2.17,0.571,esmfold2,nomsa_loop10_samples200
2v8c,43,3,0.4198,0.2474,19.13,0.112,19.13,8.915,0.143,esmfold2,nomsa_loop10_samples200
2v8c,43,4,0.576,0.4548,4.921,0.559,4.921,2.014,0.571,esmfold2,nomsa_loop10_samples200
2v8c,44,0,0.5841,0.4668,5.5994,0.513,5.599,2.303,0.543,esmfold2,nomsa_loop10_samples200
2v8c,44,1,0.5582,0.4287,4.9219,0.56,4.922,1.997,0.571,esmfold2,nomsa_loop10_samples200
2v8c,44,2,0.4511,0.27,19.9212,0.127,19.921,9.239,0.2,esmfold2,nomsa_loop10_samples200
2v8c,44,3,0.5403,0.4,4.7039,0.568,4.704,1.976,0.571,esmfold2,nomsa_loop10_samples200
2v8c,44,4,0.5839,0.4626,5.0939,0.525,5.094,2.033,0.486,esmfold2,nomsa_loop10_samples200
2vzg,42,0,0.684,0.6705,14.5404,0.11,14.54,7.326,0.036,esmfold2,nomsa_loop10_samples200
2vzg,42,1,0.6322,0.5844,14.344,0.112,14.344,7.221,0.036,esmfold2,nomsa_loop10_samples200
2vzg,42,2,0.5287,0.33,2.9297,0.761,2.93,1.308,0.821,esmfold2,nomsa_loop10_samples200
2vzg,42,3,0.6716,0.6533,14.6375,0.109,14.637,7.373,0.036,esmfold2,nomsa_loop10_samples200
2vzg,42,4,0.6729,0.6532,14.5206,0.11,14.521,7.306,0.036,esmfold2,nomsa_loop10_samples200
2vzg,43,0,0.5242,0.3244,2.3469,0.802,2.347,1.172,0.857,esmfold2,nomsa_loop10_samples200
2vzg,43,1,0.639,0.5925,13.459,0.122,13.459,6.781,0.036,esmfold2,nomsa_loop10_samples200
2vzg,43,2,0.6421,0.5954,13.1451,0.127,13.145,6.6,0.036,esmfold2,nomsa_loop10_samples200
2vzg,43,3,0.6455,0.6024,14.522,0.11,14.522,7.315,0.036,esmfold2,nomsa_loop10_samples200
2vzg,43,4,0.6429,0.597,14.5546,0.11,14.555,7.318,0.036,esmfold2,nomsa_loop10_samples200
2vzg,44,0,0.638,0.5964,12.906,0.13,12.906,6.498,0.036,esmfold2,nomsa_loop10_samples200
2vzg,44,1,0.6487,0.6116,12.9918,0.129,12.992,6.53,0.036,esmfold2,nomsa_loop10_samples200
2vzg,44,2,0.6551,0.6166,13.4996,0.122,13.5,6.795,0.036,esmfold2,nomsa_loop10_samples200
2vzg,44,3,0.685,0.6648,13.5704,0.121,13.57,6.843,0.036,esmfold2,nomsa_loop10_samples200
2vzg,44,4,0.6485,0.6109,12.8898,0.13,12.89,6.481,0.036,esmfold2,nomsa_loop10_samples200
2xcb,42,0,0.8687,0.9416,1.0731,0.933,1.073,0.412,0.886,esmfold2,nomsa_loop10_samples200
2xcb,42,1,0.8686,0.9374,1.0245,0.947,1.025,0.373,0.914,esmfold2,nomsa_loop10_samples200
2xcb,42,2,0.8692,0.9434,1.0832,0.936,1.083,0.388,0.886,esmfold2,nomsa_loop10_samples200
2xcb,42,3,0.8689,0.9424,1.1489,0.933,1.149,0.408,0.886,esmfold2,nomsa_loop10_samples200
2xcb,42,4,0.8714,0.9429,0.9641,0.935,0.964,0.403,0.886,esmfold2,nomsa_loop10_samples200
2xcb,43,0,0.871,0.9428,1.3925,0.929,1.393,0.423,0.886,esmfold2,nomsa_loop10_samples200
2xcb,43,1,0.8663,0.9371,1.2893,0.933,1.289,0.393,0.886,esmfold2,nomsa_loop10_samples200
2xcb,43,2,0.8682,0.9369,1.0525,0.935,1.053,0.397,0.886,esmfold2,nomsa_loop10_samples200
2xcb,43,3,0.8717,0.9415,0.9747,0.939,0.975,0.36,0.886,esmfold2,nomsa_loop10_samples200
2xcb,43,4,0.8692,0.94,0.9278,0.938,0.928,0.378,0.886,esmfold2,nomsa_loop10_samples200
2xcb,44,0,0.8617,0.9362,1.3321,0.924,1.332,0.474,0.886,esmfold2,nomsa_loop10_samples200
2xcb,44,1,0.8711,0.9393,1.2538,0.93,1.254,0.427,0.886,esmfold2,nomsa_loop10_samples200
2xcb,44,2,0.8676,0.9404,1.0379,0.947,1.038,0.369,0.914,esmfold2,nomsa_loop10_samples200
2xcb,44,3,0.871,0.9435,1.1,0.934,1.1,0.405,0.886,esmfold2,nomsa_loop10_samples200
2xcb,44,4,0.8715,0.943,1.0179,0.938,1.018,0.372,0.886,esmfold2,nomsa_loop10_samples200
2xpn,42,0,0.8367,0.8905,2.2867,0.825,2.287,1.156,0.915,esmfold2,nomsa_loop10_samples200
2xpn,42,1,0.8333,0.8893,2.1436,0.836,2.144,1.097,0.915,esmfold2,nomsa_loop10_samples200
2xpn,42,2,0.8353,0.8913,2.1364,0.838,2.136,1.082,0.915,esmfold2,nomsa_loop10_samples200
2xpn,42,3,0.8349,0.8919,2.2567,0.825,2.257,1.158,0.915,esmfold2,nomsa_loop10_samples200
2xpn,42,4,0.8217,0.8765,2.6372,0.779,2.637,1.349,0.872,esmfold2,nomsa_loop10_samples200
2xpn,43,0,0.8382,0.8957,2.4505,0.813,2.45,1.219,0.915,esmfold2,nomsa_loop10_samples200
2xpn,43,1,0.8341,0.8887,2.4113,0.811,2.411,1.187,0.894,esmfold2,nomsa_loop10_samples200
2xpn,43,2,0.8171,0.8758,2.3932,0.824,2.393,1.256,0.957,esmfold2,nomsa_loop10_samples200
2xpn,43,3,0.8181,0.8763,2.7441,0.799,2.744,1.339,0.936,esmfold2,nomsa_loop10_samples200
2xpn,43,4,0.8389,0.8954,2.3769,0.811,2.377,1.195,0.894,esmfold2,nomsa_loop10_samples200
2xpn,44,0,0.8322,0.8866,1.5679,0.886,1.568,0.808,0.915,esmfold2,nomsa_loop10_samples200
2xpn,44,1,0.8383,0.8969,2.4868,0.8,2.487,1.264,0.894,esmfold2,nomsa_loop10_samples200
2xpn,44,2,0.8378,0.894,2.4644,0.798,2.464,1.23,0.872,esmfold2,nomsa_loop10_samples200
2xpn,44,3,0.8333,0.8914,2.6618,0.796,2.662,1.32,0.915,esmfold2,nomsa_loop10_samples200
2xpn,44,4,0.8318,0.8872,2.1346,0.844,2.135,1.085,0.936,esmfold2,nomsa_loop10_samples200
2xrw,42,0,0.7288,0.8011,3.2476,0.795,3.248,1.389,0.975,esmfold2,nomsa_loop10_samples200
2xrw,42,1,0.7279,0.8046,3.2483,0.779,3.248,1.455,0.95,esmfold2,nomsa_loop10_samples200
2xrw,42,2,0.7226,0.7923,3.1186,0.805,3.119,1.333,0.975,esmfold2,nomsa_loop10_samples200
2xrw,42,3,0.7258,0.8101,3.3925,0.776,3.393,1.381,0.925,esmfold2,nomsa_loop10_samples200
2xrw,42,4,0.7168,0.8011,3.4531,0.775,3.453,1.452,0.95,esmfold2,nomsa_loop10_samples200
2xrw,43,0,0.7243,0.7984,3.2137,0.782,3.214,1.37,0.925,esmfold2,nomsa_loop10_samples200
2xrw,43,1,0.7089,0.7786,3.2506,0.776,3.251,1.407,0.925,esmfold2,nomsa_loop10_samples200
2xrw,43,2,0.7081,0.7834,3.2051,0.797,3.205,1.381,0.975,esmfold2,nomsa_loop10_samples200
2xrw,43,3,0.7117,0.7957,2.8438,0.814,2.844,1.242,0.95,esmfold2,nomsa_loop10_samples200
2xrw,43,4,0.7327,0.8177,3.445,0.774,3.445,1.457,0.95,esmfold2,nomsa_loop10_samples200
2xrw,44,0,0.7231,0.7953,3.2941,0.786,3.294,1.392,0.95,esmfold2,nomsa_loop10_samples200
2xrw,44,1,0.7241,0.7988,3.2472,0.789,3.247,1.374,0.95,esmfold2,nomsa_loop10_samples200
2xrw,44,2,0.7255,0.8026,3.2595,0.796,3.26,1.382,0.975,esmfold2,nomsa_loop10_samples200
2xrw,44,3,0.7257,0.8045,3.3858,0.77,3.386,1.434,0.925,esmfold2,nomsa_loop10_samples200
2xrw,44,4,0.7193,0.7905,3.2507,0.767,3.251,1.412,0.9,esmfold2,nomsa_loop10_samples200
2ymt,42,0,0.9267,0.9589,0.7628,0.95,0.763,0.327,0.903,esmfold2,nomsa_loop10_samples200
2ymt,42,1,0.9305,0.9635,0.8925,0.958,0.893,0.351,0.935,esmfold2,nomsa_loop10_samples200
2ymt,42,2,0.9272,0.9592,0.7198,0.951,0.72,0.317,0.903,esmfold2,nomsa_loop10_samples200
2ymt,42,3,0.9274,0.9601,0.7519,0.959,0.752,0.342,0.935,esmfold2,nomsa_loop10_samples200
2ymt,42,4,0.9296,0.9572,0.635,0.967,0.635,0.262,0.935,esmfold2,nomsa_loop10_samples200
2ymt,43,0,0.9278,0.9596,0.7053,0.963,0.705,0.31,0.935,esmfold2,nomsa_loop10_samples200
2ymt,43,1,0.925,0.9593,0.6975,0.961,0.697,0.329,0.935,esmfold2,nomsa_loop10_samples200
2ymt,43,2,0.9307,0.959,0.5358,0.978,0.536,0.261,0.968,esmfold2,nomsa_loop10_samples200
2ymt,43,3,0.9293,0.9606,0.4836,0.98,0.484,0.244,0.968,esmfold2,nomsa_loop10_samples200
2ymt,43,4,0.9297,0.9622,0.4747,0.979,0.475,0.258,0.968,esmfold2,nomsa_loop10_samples200
2ymt,44,0,0.9279,0.9608,0.812,0.96,0.812,0.335,0.935,esmfold2,nomsa_loop10_samples200
2ymt,44,1,0.9259,0.9602,0.5425,0.976,0.542,0.29,0.968,esmfold2,nomsa_loop10_samples200
2ymt,44,2,0.9303,0.9591,0.5503,0.978,0.55,0.256,0.968,esmfold2,nomsa_loop10_samples200
2ymt,44,3,0.9313,0.9577,0.6004,0.966,0.6,0.279,0.935,esmfold2,nomsa_loop10_samples200
2ymt,44,4,0.9278,0.9612,0.8579,0.958,0.858,0.345,0.935,esmfold2,nomsa_loop10_samples200
3agy,42,0,0.8467,0.9146,1.5069,0.938,1.507,0.468,0.933,esmfold2,nomsa_loop10_samples200
3agy,42,1,0.8351,0.914,2.3988,0.887,2.399,0.748,0.933,esmfold2,nomsa_loop10_samples200
3agy,42,2,0.848,0.918,1.9317,0.913,1.932,0.53,0.9,esmfold2,nomsa_loop10_samples200
3agy,42,3,0.8449,0.9168,1.8488,0.913,1.849,0.541,0.9,esmfold2,nomsa_loop10_samples200
3agy,42,4,0.8493,0.9197,1.2585,0.951,1.259,0.375,0.933,esmfold2,nomsa_loop10_samples200
3agy,43,0,0.8475,0.9156,1.5759,0.94,1.576,0.447,0.933,esmfold2,nomsa_loop10_samples200
3agy,43,1,0.8466,0.9158,1.6144,0.936,1.614,0.471,0.933,esmfold2,nomsa_loop10_samples200
3agy,43,2,0.8485,0.9163,1.7605,0.919,1.761,0.504,0.9,esmfold2,nomsa_loop10_samples200
3agy,43,3,0.8426,0.9148,1.8518,0.904,1.852,0.609,0.9,esmfold2,nomsa_loop10_samples200
3agy,43,4,0.8453,0.9157,1.6186,0.932,1.619,0.507,0.933,esmfold2,nomsa_loop10_samples200
3agy,44,0,0.8457,0.9154,1.8604,0.915,1.86,0.526,0.9,esmfold2,nomsa_loop10_samples200
3agy,44,1,0.8468,0.916,1.2779,0.943,1.278,0.446,0.933,esmfold2,nomsa_loop10_samples200
3agy,44,2,0.8504,0.918,1.4297,0.928,1.43,0.466,0.9,esmfold2,nomsa_loop10_samples200
3agy,44,3,0.8466,0.9166,1.6795,0.929,1.68,0.525,0.933,esmfold2,nomsa_loop10_samples200
3agy,44,4,0.8429,0.9145,1.0713,0.952,1.071,0.38,0.933,esmfold2,nomsa_loop10_samples200
3bej,42,0,0.8175,0.9041,2.3651,0.75,2.365,1.128,0.684,esmfold2,nomsa_loop10_samples200
3bej,42,1,0.816,0.9077,2.1136,0.771,2.114,1.072,0.711,esmfold2,nomsa_loop10_samples200
3bej,42,2,0.8167,0.9031,2.0592,0.766,2.059,1.052,0.684,esmfold2,nomsa_loop10_samples200
3bej,42,3,0.8213,0.9069,2.4304,0.749,2.43,1.131,0.684,esmfold2,nomsa_loop10_samples200
3bej,42,4,0.8118,0.8986,2.2137,0.761,2.214,1.132,0.711,esmfold2,nomsa_loop10_samples200
3bej,43,0,0.8084,0.8954,2.371,0.737,2.371,1.164,0.658,esmfold2,nomsa_loop10_samples200
3bej,43,1,0.8211,0.9076,2.3219,0.754,2.322,1.106,0.684,esmfold2,nomsa_loop10_samples200
3bej,43,2,0.8151,0.9014,2.2297,0.766,2.23,1.098,0.711,esmfold2,nomsa_loop10_samples200
3bej,43,3,0.8188,0.9051,2.3403,0.769,2.34,1.121,0.737,esmfold2,nomsa_loop10_samples200
3bej,43,4,0.8189,0.9053,2.3248,0.749,2.325,1.146,0.684,esmfold2,nomsa_loop10_samples200
3bej,44,0,0.7995,0.8908,1.7861,0.777,1.786,1.008,0.684,esmfold2,nomsa_loop10_samples200
3bej,44,1,0.8131,0.8992,2.1703,0.782,2.17,1.055,0.737,esmfold2,nomsa_loop10_samples200
3bej,44,2,0.8228,0.9119,2.1815,0.778,2.181,1.076,0.737,esmfold2,nomsa_loop10_samples200
3bej,44,3,0.8197,0.9053,2.439,0.747,2.439,1.144,0.684,esmfold2,nomsa_loop10_samples200
3bej,44,4,0.8194,0.9087,2.0401,0.777,2.04,1.042,0.711,esmfold2,nomsa_loop10_samples200
3bqo,42,0,0.8323,0.9025,1.6945,0.88,1.694,0.707,0.859,esmfold2,nomsa_loop10_samples200
3bqo,42,1,0.8356,0.9092,2.1752,0.861,2.175,0.893,0.906,esmfold2,nomsa_loop10_samples200
3bqo,42,2,0.8263,0.8979,1.6062,0.896,1.606,0.634,0.875,esmfold2,nomsa_loop10_samples200
3bqo,42,3,0.8351,0.9042,1.5163,0.891,1.516,0.68,0.875,esmfold2,nomsa_loop10_samples200
3bqo,42,4,0.8302,0.9018,2.35,0.848,2.35,0.928,0.891,esmfold2,nomsa_loop10_samples200
3bqo,43,0,0.8256,0.8975,1.8121,0.87,1.812,0.726,0.844,esmfold2,nomsa_loop10_samples200
3bqo,43,1,0.8323,0.9028,1.7464,0.89,1.746,0.701,0.891,esmfold2,nomsa_loop10_samples200
3bqo,43,2,0.8365,0.9071,1.3133,0.915,1.313,0.563,0.891,esmfold2,nomsa_loop10_samples200
3bqo,43,3,0.8309,0.902,1.408,0.889,1.408,0.633,0.844,esmfold2,nomsa_loop10_samples200
3bqo,43,4,0.831,0.903,2.0783,0.854,2.078,0.81,0.844,esmfold2,nomsa_loop10_samples200
3bqo,44,0,0.8315,0.9016,1.6661,0.903,1.666,0.692,0.922,esmfold2,nomsa_loop10_samples200
3bqo,44,1,0.83,0.9021,1.9634,0.878,1.963,0.764,0.891,esmfold2,nomsa_loop10_samples200
3bqo,44,2,0.8305,0.9026,2.0764,0.884,2.076,0.783,0.922,esmfold2,nomsa_loop10_samples200
3bqo,44,3,0.836,0.9071,1.5459,0.887,1.546,0.631,0.844,esmfold2,nomsa_loop10_samples200
3bqo,44,4,0.8327,0.9034,1.6576,0.887,1.658,0.698,0.875,esmfold2,nomsa_loop10_samples200
3emh,42,0,0.8663,0.9543,0.6448,0.957,0.645,0.227,0.9,esmfold2,nomsa_loop10_samples200
3emh,42,1,0.8589,0.943,0.6836,0.957,0.684,0.23,0.9,esmfold2,nomsa_loop10_samples200
3emh,42,2,0.8706,0.9558,0.6178,0.958,0.618,0.217,0.9,esmfold2,nomsa_loop10_samples200
3emh,42,3,0.8695,0.9553,0.5899,0.958,0.59,0.215,0.9,esmfold2,nomsa_loop10_samples200
3emh,42,4,0.869,0.955,0.6733,0.957,0.673,0.23,0.9,esmfold2,nomsa_loop10_samples200
3emh,43,0,0.86,0.9512,0.5858,0.959,0.586,0.206,0.9,esmfold2,nomsa_loop10_samples200
3emh,43,1,0.8691,0.9552,0.5076,0.971,0.508,0.2,0.933,esmfold2,nomsa_loop10_samples200
3emh,43,2,0.8686,0.9552,0.9152,0.951,0.915,0.282,0.9,esmfold2,nomsa_loop10_samples200
3emh,43,3,0.8631,0.9524,0.6045,0.97,0.605,0.205,0.933,esmfold2,nomsa_loop10_samples200
3emh,43,4,0.852,0.9393,0.6732,0.957,0.673,0.222,0.9,esmfold2,nomsa_loop10_samples200
3emh,44,0,0.8713,0.9554,0.6174,0.958,0.617,0.212,0.9,esmfold2,nomsa_loop10_samples200
3emh,44,1,0.8731,0.9565,0.7141,0.957,0.714,0.231,0.9,esmfold2,nomsa_loop10_samples200
3emh,44,2,0.8714,0.9562,0.6032,0.958,0.603,0.215,0.9,esmfold2,nomsa_loop10_samples200
3emh,44,3,0.8665,0.9533,0.5539,0.96,0.554,0.197,0.9,esmfold2,nomsa_loop10_samples200
3emh,44,4,0.871,0.956,0.6403,0.947,0.64,0.222,0.867,esmfold2,nomsa_loop10_samples200
3emw,42,0,0.8492,0.9102,3.696,0.629,3.696,1.326,0.485,esmfold2,nomsa_loop10_samples200
3emw,42,1,0.8546,0.9155,3.3414,0.64,3.341,1.307,0.485,esmfold2,nomsa_loop10_samples200
3emw,42,2,0.8549,0.9148,3.5163,0.632,3.516,1.337,0.485,esmfold2,nomsa_loop10_samples200
3emw,42,3,0.7651,0.8369,3.6358,0.612,3.636,1.48,0.485,esmfold2,nomsa_loop10_samples200
3emw,42,4,0.8466,0.9049,3.4957,0.634,3.496,1.327,0.485,esmfold2,nomsa_loop10_samples200
3emw,43,0,0.8585,0.9194,3.4545,0.635,3.454,1.328,0.485,esmfold2,nomsa_loop10_samples200
3emw,43,1,0.8468,0.9059,3.4934,0.634,3.493,1.326,0.485,esmfold2,nomsa_loop10_samples200
3emw,43,2,0.7939,0.8629,4.7099,0.518,4.71,1.747,0.364,esmfold2,nomsa_loop10_samples200
3emw,43,3,0.8561,0.9176,3.4671,0.634,3.467,1.327,0.485,esmfold2,nomsa_loop10_samples200
3emw,43,4,0.8533,0.9169,3.4477,0.638,3.448,1.301,0.485,esmfold2,nomsa_loop10_samples200
3emw,44,0,0.7634,0.8493,4.9345,0.534,4.934,1.733,0.424,esmfold2,nomsa_loop10_samples200
3emw,44,1,0.8582,0.9176,3.6058,0.621,3.606,1.323,0.455,esmfold2,nomsa_loop10_samples200
3emw,44,2,0.8522,0.9142,3.3211,0.635,3.321,1.349,0.485,esmfold2,nomsa_loop10_samples200
3emw,44,3,0.8569,0.9172,3.4547,0.623,3.455,1.338,0.455,esmfold2,nomsa_loop10_samples200
3emw,44,4,0.7883,0.8557,3.3877,0.627,3.388,1.318,0.455,esmfold2,nomsa_loop10_samples200
3et3,42,0,0.8085,0.8951,1.1546,0.925,1.155,0.444,0.872,esmfold2,nomsa_loop10_samples200
3et3,42,1,0.8102,0.8969,2.0778,0.845,2.078,0.986,0.894,esmfold2,nomsa_loop10_samples200
3et3,42,2,0.8076,0.8954,1.0774,0.911,1.077,0.508,0.851,esmfold2,nomsa_loop10_samples200
3et3,42,3,0.8207,0.8993,2.7367,0.796,2.737,1.311,0.915,esmfold2,nomsa_loop10_samples200
3et3,42,4,0.8199,0.8985,2.5126,0.818,2.513,1.174,0.915,esmfold2,nomsa_loop10_samples200
3et3,43,0,0.8163,0.9008,0.9049,0.942,0.905,0.37,0.894,esmfold2,nomsa_loop10_samples200
3et3,43,1,0.818,0.8976,2.5791,0.812,2.579,1.208,0.915,esmfold2,nomsa_loop10_samples200
3et3,43,2,0.8095,0.8918,2.7609,0.811,2.761,1.187,0.915,esmfold2,nomsa_loop10_samples200
3et3,43,3,0.8183,0.9022,0.8449,0.94,0.845,0.393,0.894,esmfold2,nomsa_loop10_samples200
3et3,43,4,0.8154,0.8981,1.0555,0.938,1.055,0.46,0.915,esmfold2,nomsa_loop10_samples200
3et3,44,0,0.8024,0.8895,1.1205,0.913,1.121,0.546,0.872,esmfold2,nomsa_loop10_samples200
3et3,44,1,0.8097,0.8893,2.9293,0.784,2.929,1.319,0.894,esmfold2,nomsa_loop10_samples200
3et3,44,2,0.8142,0.8968,1.1459,0.945,1.146,0.451,0.936,esmfold2,nomsa_loop10_samples200
3et3,44,3,0.8187,0.9021,0.916,0.946,0.916,0.317,0.894,esmfold2,nomsa_loop10_samples200
3et3,44,4,0.8165,0.8993,1.046,0.938,1.046,0.396,0.894,esmfold2,nomsa_loop10_samples200
3fp2,42,0,0.6532,0.8553,22.6841,0.427,22.684,2.167,0.833,esmfold2,nomsa_loop10_samples200
3fp2,42,1,0.6466,0.8457,23.5818,0.38,23.582,2.204,0.708,esmfold2,nomsa_loop10_samples200
3fp2,42,2,0.6575,0.8403,20.2394,0.36,20.239,2.263,0.625,esmfold2,nomsa_loop10_samples200
3fp2,42,3,0.6536,0.8413,14.0547,0.432,14.055,2.422,0.75,esmfold2,nomsa_loop10_samples200
3fp2,42,4,0.6454,0.835,20.5716,0.404,20.572,2.443,0.792,esmfold2,nomsa_loop10_samples200
3fp2,43,0,0.6829,0.8494,21.4411,0.43,21.441,2.179,0.833,esmfold2,nomsa_loop10_samples200
3fp2,43,1,0.6612,0.8461,25.1303,0.416,25.13,2.23,0.833,esmfold2,nomsa_loop10_samples200
3fp2,43,2,0.6629,0.8476,19.8916,0.44,19.892,2.123,0.833,esmfold2,nomsa_loop10_samples200
3fp2,43,3,0.6723,0.8519,18.7077,0.421,18.708,2.285,0.792,esmfold2,nomsa_loop10_samples200
3fp2,43,4,0.6641,0.8615,22.8736,0.424,22.874,2.202,0.833,esmfold2,nomsa_loop10_samples200
3fp2,44,0,0.6662,0.8515,20.123,0.379,20.123,2.19,0.667,esmfold2,nomsa_loop10_samples200
3fp2,44,1,0.6665,0.8435,17.13,0.445,17.13,2.275,0.833,esmfold2,nomsa_loop10_samples200
3fp2,44,2,0.6766,0.8468,22.8066,0.409,22.807,2.219,0.792,esmfold2,nomsa_loop10_samples200
3fp2,44,3,0.6718,0.8534,20.0728,0.404,20.073,2.239,0.75,esmfold2,nomsa_loop10_samples200
3fp2,44,4,0.6622,0.8448,21.0616,0.424,21.062,2.306,0.833,esmfold2,nomsa_loop10_samples200
3g2s,42,0,0.8097,0.9046,5.5209,0.72,5.521,1.471,0.946,esmfold2,nomsa_loop10_samples200
3g2s,42,1,0.8045,0.9045,3.8549,0.792,3.855,1.219,0.946,esmfold2,nomsa_loop10_samples200
3g2s,42,2,0.8186,0.9032,5.5844,0.697,5.584,1.675,0.946,esmfold2,nomsa_loop10_samples200
3g2s,42,3,0.7972,0.9044,3.2733,0.83,3.273,1.113,0.973,esmfold2,nomsa_loop10_samples200
3g2s,42,4,0.8176,0.9034,5.2606,0.706,5.261,1.659,0.946,esmfold2,nomsa_loop10_samples200
3g2s,43,0,0.7698,0.9043,1.5885,0.896,1.589,0.746,0.919,esmfold2,nomsa_loop10_samples200
3g2s,43,1,0.809,0.9041,5.8236,0.699,5.824,1.594,0.946,esmfold2,nomsa_loop10_samples200
3g2s,43,2,0.8079,0.9025,5.7858,0.671,5.786,1.794,0.919,esmfold2,nomsa_loop10_samples200
3g2s,43,3,0.815,0.9003,5.1802,0.711,5.18,1.637,0.946,esmfold2,nomsa_loop10_samples200
3g2s,43,4,0.8138,0.899,4.7362,0.741,4.736,1.46,0.946,esmfold2,nomsa_loop10_samples200
3g2s,44,0,0.8197,0.899,5.534,0.705,5.534,1.603,0.946,esmfold2,nomsa_loop10_samples200
3g2s,44,1,0.8041,0.9022,5.3528,0.703,5.353,1.673,0.946,esmfold2,nomsa_loop10_samples200
3g2s,44,2,0.7682,0.9049,0.8694,0.921,0.869,0.687,0.946,esmfold2,nomsa_loop10_samples200
3g2s,44,3,0.8053,0.9032,4.3599,0.774,4.36,1.268,0.946,esmfold2,nomsa_loop10_samples200
3g2s,44,4,0.8132,0.9039,4.2287,0.761,4.229,1.394,0.946,esmfold2,nomsa_loop10_samples200
3h1z,42,0,0.4149,0.3931,20.8097,0.094,20.81,9.234,0.113,esmfold2,nomsa_loop10_samples200
3h1z,42,1,0.3967,0.3471,20.1268,0.103,20.127,9.05,0.132,esmfold2,nomsa_loop10_samples200
3h1z,42,2,0.3676,0.3147,14.739,0.122,14.739,5.983,0.057,esmfold2,nomsa_loop10_samples200
3h1z,42,3,0.3208,0.2628,21.6725,0.083,21.672,9.947,0.094,esmfold2,nomsa_loop10_samples200
3h1z,42,4,0.3901,0.3548,17.7895,0.111,17.79,7.944,0.113,esmfold2,nomsa_loop10_samples200
3h1z,43,0,0.3814,0.3379,12.4159,0.166,12.416,4.941,0.094,esmfold2,nomsa_loop10_samples200
3h1z,43,1,0.3744,0.329,11.5581,0.185,11.558,4.713,0.113,esmfold2,nomsa_loop10_samples200
3h1z,43,2,0.3703,0.3196,15.0913,0.113,15.091,5.85,0.038,esmfold2,nomsa_loop10_samples200
3h1z,43,3,0.354,0.3176,23.8747,0.094,23.875,10.613,0.151,esmfold2,nomsa_loop10_samples200
3h1z,43,4,0.3713,0.3406,22.1572,0.082,22.157,9.84,0.094,esmfold2,nomsa_loop10_samples200
3h1z,44,0,0.3558,0.3209,12.2286,0.175,12.229,4.891,0.113,esmfold2,nomsa_loop10_samples200
3h1z,44,1,0.3647,0.3019,13.6416,0.142,13.642,5.477,0.075,esmfold2,nomsa_loop10_samples200
3h1z,44,2,0.4126,0.3771,21.7578,0.077,21.758,9.619,0.075,esmfold2,nomsa_loop10_samples200
3h1z,44,3,0.394,0.3734,18.124,0.115,18.124,8.013,0.132,esmfold2,nomsa_loop10_samples200
3h1z,44,4,0.3832,0.3445,20.4437,0.102,20.444,8.996,0.132,esmfold2,nomsa_loop10_samples200
3i5r,42,0,0.8821,0.8711,1.0713,0.943,1.071,0.542,0.962,esmfold2,nomsa_loop10_samples200
3i5r,42,1,0.8915,0.8785,0.901,0.966,0.901,0.474,1.0,esmfold2,nomsa_loop10_samples200
3i5r,42,2,0.8842,0.8713,1.0585,0.923,1.059,0.603,0.923,esmfold2,nomsa_loop10_samples200
3i5r,42,3,0.8834,0.8711,1.3948,0.912,1.395,0.658,0.923,esmfold2,nomsa_loop10_samples200
3i5r,42,4,0.8867,0.875,0.9739,0.935,0.974,0.512,0.923,esmfold2,nomsa_loop10_samples200
3i5r,43,0,0.8762,0.8646,1.0511,0.943,1.051,0.55,0.962,esmfold2,nomsa_loop10_samples200
3i5r,43,1,0.8787,0.8633,1.322,0.921,1.322,0.596,0.923,esmfold2,nomsa_loop10_samples200
3i5r,43,2,0.888,0.8773,0.9595,0.945,0.96,0.54,0.962,esmfold2,nomsa_loop10_samples200
3i5r,43,3,0.8864,0.8679,0.7639,0.963,0.764,0.51,1.0,esmfold2,nomsa_loop10_samples200
3i5r,43,4,0.8859,0.8746,1.077,0.937,1.077,0.591,0.962,esmfold2,nomsa_loop10_samples200
3i5r,44,0,0.8888,0.8709,0.7631,0.952,0.763,0.492,0.962,esmfold2,nomsa_loop10_samples200
3i5r,44,1,0.8859,0.8714,1.0384,0.942,1.038,0.56,0.962,esmfold2,nomsa_loop10_samples200
3i5r,44,2,0.8886,0.878,1.0013,0.93,1.001,0.552,0.923,esmfold2,nomsa_loop10_samples200
3i5r,44,3,0.8769,0.8618,1.4168,0.911,1.417,0.662,0.923,esmfold2,nomsa_loop10_samples200
3i5r,44,4,0.8863,0.8756,0.9483,0.945,0.948,0.54,0.962,esmfold2,nomsa_loop10_samples200
3obq,42,0,0.9072,0.933,0.6133,0.945,0.613,0.428,0.917,esmfold2,nomsa_loop10_samples200
3obq,42,1,0.8915,0.9166,0.618,0.958,0.618,0.393,0.944,esmfold2,nomsa_loop10_samples200
3obq,42,2,0.9052,0.9307,0.8736,0.938,0.874,0.477,0.917,esmfold2,nomsa_loop10_samples200
3obq,42,3,0.9062,0.931,0.831,0.934,0.831,0.511,0.917,esmfold2,nomsa_loop10_samples200
3obq,42,4,0.9023,0.9279,1.3779,0.919,1.378,0.659,0.944,esmfold2,nomsa_loop10_samples200
3obq,43,0,0.8988,0.9256,0.6498,0.945,0.65,0.426,0.917,esmfold2,nomsa_loop10_samples200
3obq,43,1,0.905,0.9302,0.7666,0.949,0.767,0.471,0.944,esmfold2,nomsa_loop10_samples200
3obq,43,2,0.9041,0.9296,0.8428,0.946,0.843,0.495,0.944,esmfold2,nomsa_loop10_samples200
3obq,43,3,0.8793,0.9059,0.9864,0.912,0.986,0.604,0.889,esmfold2,nomsa_loop10_samples200
3obq,43,4,0.9076,0.9328,1.0782,0.932,1.078,0.515,0.917,esmfold2,nomsa_loop10_samples200
3obq,44,0,0.9053,0.9327,0.8148,0.955,0.815,0.41,0.944,esmfold2,nomsa_loop10_samples200
3obq,44,1,0.899,0.9285,1.2071,0.922,1.207,0.586,0.917,esmfold2,nomsa_loop10_samples200
3obq,44,2,0.8833,0.911,1.2435,0.91,1.243,0.6,0.889,esmfold2,nomsa_loop10_samples200
3obq,44,3,0.8974,0.9268,1.3759,0.915,1.376,0.624,0.917,esmfold2,nomsa_loop10_samples200
3obq,44,4,0.8997,0.9271,1.3712,0.918,1.371,0.669,0.944,esmfold2,nomsa_loop10_samples200
3p72,42,0,0.925,0.9697,0.718,0.949,0.718,0.421,0.927,esmfold2,nomsa_loop10_samples200
3p72,42,1,0.925,0.9696,0.5377,0.954,0.538,0.379,0.927,esmfold2,nomsa_loop10_samples200
3p72,42,2,0.9235,0.9696,0.4606,0.942,0.461,0.421,0.902,esmfold2,nomsa_loop10_samples200
3p72,42,3,0.9206,0.9687,0.7361,0.948,0.736,0.426,0.927,esmfold2,nomsa_loop10_samples200
3p72,42,4,0.9218,0.9699,0.6631,0.923,0.663,0.363,0.829,esmfold2,nomsa_loop10_samples200
3p72,43,0,0.9229,0.9689,0.5214,0.953,0.521,0.391,0.927,esmfold2,nomsa_loop10_samples200
3p72,43,1,0.9166,0.9674,0.7614,0.953,0.761,0.382,0.927,esmfold2,nomsa_loop10_samples200
3p72,43,2,0.9249,0.9697,0.6341,0.941,0.634,0.423,0.902,esmfold2,nomsa_loop10_samples200
3p72,43,3,0.9245,0.9694,0.5314,0.955,0.531,0.372,0.927,esmfold2,nomsa_loop10_samples200
3p72,43,4,0.9212,0.9681,0.3835,0.954,0.383,0.391,0.927,esmfold2,nomsa_loop10_samples200
3p72,44,0,0.9229,0.9687,0.4331,0.959,0.433,0.334,0.927,esmfold2,nomsa_loop10_samples200
3p72,44,1,0.9207,0.9683,0.7215,0.953,0.722,0.385,0.927,esmfold2,nomsa_loop10_samples200
3p72,44,2,0.9226,0.9688,0.821,0.947,0.821,0.436,0.927,esmfold2,nomsa_loop10_samples200
3p72,44,3,0.9222,0.9684,0.5011,0.966,0.501,0.341,0.951,esmfold2,nomsa_loop10_samples200
3p72,44,4,0.924,0.9694,0.5068,0.953,0.507,0.392,0.927,esmfold2,nomsa_loop10_samples200
3plu,42,0,0.9361,0.9452,0.3513,0.977,0.351,0.28,0.966,esmfold2,nomsa_loop10_samples200
3plu,42,1,0.9363,0.9462,0.5076,0.97,0.508,0.35,0.966,esmfold2,nomsa_loop10_samples200
3plu,42,2,0.9338,0.9436,0.5954,0.97,0.595,0.344,0.966,esmfold2,nomsa_loop10_samples200
3plu,42,3,0.9364,0.945,0.6006,0.968,0.601,0.363,0.966,esmfold2,nomsa_loop10_samples200
3plu,42,4,0.9365,0.9455,0.4352,0.966,0.435,0.269,0.931,esmfold2,nomsa_loop10_samples200
3plu,43,0,0.9361,0.9449,0.6135,0.971,0.613,0.33,0.966,esmfold2,nomsa_loop10_samples200
3plu,43,1,0.9341,0.9427,0.4081,0.986,0.408,0.31,1.0,esmfold2,nomsa_loop10_samples200
3plu,43,2,0.9374,0.9459,0.6049,0.97,0.605,0.349,0.966,esmfold2,nomsa_loop10_samples200
3plu,43,3,0.9364,0.9458,0.4193,0.976,0.419,0.289,0.966,esmfold2,nomsa_loop10_samples200
3plu,43,4,0.9361,0.9457,0.3315,0.975,0.332,0.302,0.966,esmfold2,nomsa_loop10_samples200
3plu,44,0,0.9375,0.9458,0.4494,0.969,0.449,0.364,0.966,esmfold2,nomsa_loop10_samples200
3plu,44,1,0.9357,0.9453,0.55,0.971,0.55,0.342,0.966,esmfold2,nomsa_loop10_samples200
3plu,44,2,0.938,0.9472,0.4763,0.975,0.476,0.301,0.966,esmfold2,nomsa_loop10_samples200
3plu,44,3,0.936,0.9463,0.5735,0.969,0.573,0.363,0.966,esmfold2,nomsa_loop10_samples200
3plu,44,4,0.9367,0.9458,0.4143,0.984,0.414,0.325,1.0,esmfold2,nomsa_loop10_samples200
3r42,42,0,0.7659,0.8071,4.3741,0.57,4.374,1.764,0.5,esmfold2,nomsa_loop10_samples200
3r42,42,1,0.7672,0.8108,4.4962,0.561,4.496,1.836,0.5,esmfold2,nomsa_loop10_samples200
3r42,42,2,0.7664,0.8085,3.9803,0.602,3.98,1.539,0.5,esmfold2,nomsa_loop10_samples200
3r42,42,3,0.7704,0.8101,4.4763,0.578,4.476,1.65,0.5,esmfold2,nomsa_loop10_samples200
3r42,42,4,0.7604,0.7989,4.4515,0.567,4.452,1.782,0.5,esmfold2,nomsa_loop10_samples200
3r42,43,0,0.7532,0.7923,4.2511,0.587,4.251,1.626,0.5,esmfold2,nomsa_loop10_samples200
3r42,43,1,0.7512,0.7962,3.9559,0.611,3.956,1.565,0.531,esmfold2,nomsa_loop10_samples200
3r42,43,2,0.77,0.8096,4.0627,0.598,4.063,1.564,0.5,esmfold2,nomsa_loop10_samples200
3r42,43,3,0.7369,0.7772,4.2981,0.565,4.298,1.844,0.5,esmfold2,nomsa_loop10_samples200
3r42,43,4,0.7676,0.8098,4.7518,0.547,4.752,1.921,0.5,esmfold2,nomsa_loop10_samples200
3r42,44,0,0.7583,0.7996,4.1188,0.597,4.119,1.56,0.5,esmfold2,nomsa_loop10_samples200
3r42,44,1,0.766,0.8063,4.7192,0.565,4.719,1.72,0.5,esmfold2,nomsa_loop10_samples200
3r42,44,2,0.7551,0.8012,4.4151,0.565,4.415,1.814,0.5,esmfold2,nomsa_loop10_samples200
3r42,44,3,0.5039,0.4558,7.8675,0.353,7.867,2.922,0.312,esmfold2,nomsa_loop10_samples200
3r42,44,4,0.7679,0.8129,4.2643,0.6,4.264,1.597,0.531,esmfold2,nomsa_loop10_samples200
3s9c,42,0,0.6209,0.725,5.9113,0.61,5.909,1.674,0.711,esmfold2,nomsa_loop10_samples200
3s9c,42,1,0.5375,0.6111,3.781,0.724,3.78,1.159,0.711,esmfold2,nomsa_loop10_samples200
3s9c,42,2,0.6044,0.7001,6.4083,0.568,6.406,1.835,0.667,esmfold2,nomsa_loop10_samples200
3s9c,42,3,0.6026,0.7021,6.15,0.589,6.148,1.757,0.689,esmfold2,nomsa_loop10_samples200
3s9c,42,4,0.5979,0.6999,5.8492,0.597,5.847,1.678,0.667,esmfold2,nomsa_loop10_samples200
3s9c,43,0,0.6268,0.7314,6.1005,0.6,6.099,1.728,0.711,esmfold2,nomsa_loop10_samples200
3s9c,43,1,0.626,0.7315,6.1673,0.598,6.165,1.739,0.711,esmfold2,nomsa_loop10_samples200
3s9c,43,2,0.6028,0.7035,6.2587,0.579,6.257,1.76,0.667,esmfold2,nomsa_loop10_samples200
3s9c,43,3,0.6058,0.7065,6.6124,0.547,6.61,2.039,0.667,esmfold2,nomsa_loop10_samples200
3s9c,43,4,0.6002,0.7019,6.2124,0.572,6.21,1.844,0.667,esmfold2,nomsa_loop10_samples200
3s9c,44,0,0.608,0.7077,6.3329,0.583,6.331,1.775,0.689,esmfold2,nomsa_loop10_samples200
3s9c,44,1,0.6024,0.7031,6.0138,0.594,6.012,1.737,0.689,esmfold2,nomsa_loop10_samples200
3s9c,44,2,0.5171,0.6013,3.0458,0.806,3.047,1.008,0.844,esmfold2,nomsa_loop10_samples200
3s9c,44,3,0.4988,0.6033,2.1435,0.881,2.146,0.768,0.911,esmfold2,nomsa_loop10_samples200
3s9c,44,4,0.6085,0.7092,6.3331,0.583,6.33,1.77,0.689,esmfold2,nomsa_loop10_samples200
3shb,42,0,0.8791,0.8762,5.2751,0.69,5.275,1.793,0.935,esmfold2,nomsa_loop10_samples200
3shb,42,1,0.8756,0.8714,4.4414,0.745,4.441,1.553,0.968,esmfold2,nomsa_loop10_samples200
3shb,42,2,0.7745,0.7461,4.1797,0.753,4.18,1.443,0.935,esmfold2,nomsa_loop10_samples200
3shb,42,3,0.8637,0.8542,4.6404,0.729,4.64,1.66,0.968,esmfold2,nomsa_loop10_samples200
3shb,42,4,0.8508,0.843,5.0783,0.7,5.078,1.741,0.935,esmfold2,nomsa_loop10_samples200
3shb,43,0,0.8595,0.8496,4.7913,0.722,4.791,1.69,0.968,esmfold2,nomsa_loop10_samples200
3shb,43,1,0.7263,0.716,4.8796,0.691,4.88,1.774,0.903,esmfold2,nomsa_loop10_samples200
3shb,43,2,0.7912,0.7629,5.0259,0.7,5.026,1.75,0.935,esmfold2,nomsa_loop10_samples200
3shb,43,3,0.8745,0.8687,4.9665,0.704,4.966,1.721,0.935,esmfold2,nomsa_loop10_samples200
3shb,43,4,0.8787,0.8739,4.6936,0.718,4.694,1.647,0.935,esmfold2,nomsa_loop10_samples200
3shb,44,0,0.8016,0.7755,4.8306,0.722,4.831,1.682,0.968,esmfold2,nomsa_loop10_samples200
3shb,44,1,0.8371,0.8179,4.7946,0.725,4.795,1.659,0.968,esmfold2,nomsa_loop10_samples200
3shb,44,2,0.873,0.868,4.9275,0.706,4.928,1.713,0.935,esmfold2,nomsa_loop10_samples200
3shb,44,3,0.8852,0.8842,4.6217,0.718,4.622,1.671,0.935,esmfold2,nomsa_loop10_samples200
3shb,44,4,0.8812,0.8785,4.9056,0.708,4.906,1.695,0.935,esmfold2,nomsa_loop10_samples200
3tiw,42,0,0.8382,0.8959,2.8442,0.86,2.844,0.907,0.95,esmfold2,nomsa_loop10_samples200
3tiw,42,1,0.8408,0.8973,2.881,0.858,2.881,0.917,0.95,esmfold2,nomsa_loop10_samples200
3tiw,42,2,0.8385,0.8962,2.8699,0.855,2.87,0.941,0.95,esmfold2,nomsa_loop10_samples200
3tiw,42,3,0.828,0.8883,3.0099,0.845,3.01,0.988,0.95,esmfold2,nomsa_loop10_samples200
3tiw,42,4,0.8398,0.8982,2.8158,0.852,2.816,0.915,0.925,esmfold2,nomsa_loop10_samples200
3tiw,43,0,0.8349,0.893,3.0422,0.853,3.042,0.928,0.95,esmfold2,nomsa_loop10_samples200
3tiw,43,1,0.8358,0.892,2.7922,0.862,2.792,0.901,0.95,esmfold2,nomsa_loop10_samples200
3tiw,43,2,0.8401,0.8994,2.8892,0.846,2.889,1.0,0.95,esmfold2,nomsa_loop10_samples200
3tiw,43,3,0.8347,0.8924,2.7503,0.87,2.75,0.912,0.975,esmfold2,nomsa_loop10_samples200
3tiw,43,4,0.8389,0.8964,2.7759,0.859,2.776,0.928,0.95,esmfold2,nomsa_loop10_samples200
3tiw,44,0,0.8388,0.8965,2.9304,0.856,2.93,0.928,0.95,esmfold2,nomsa_loop10_samples200
3tiw,44,1,0.8315,0.8878,3.102,0.838,3.102,1.026,0.95,esmfold2,nomsa_loop10_samples200
3tiw,44,2,0.8332,0.892,3.0022,0.841,3.002,0.962,0.925,esmfold2,nomsa_loop10_samples200
3tiw,44,3,0.8418,0.8988,2.9293,0.856,2.929,0.926,0.95,esmfold2,nomsa_loop10_samples200
3tiw,44,4,0.8272,0.8831,3.3304,0.81,3.33,1.253,0.975,esmfold2,nomsa_loop10_samples200
3v2o,42,0,0.6998,0.7364,2.9991,0.809,2.999,1.072,0.875,esmfold2,nomsa_loop10_samples200
3v2o,42,1,0.711,0.7476,2.9703,0.794,2.97,1.125,0.85,esmfold2,nomsa_loop10_samples200
3v2o,42,2,0.4288,0.3904,18.5574,0.14,18.557,6.809,0.2,esmfold2,nomsa_loop10_samples200
3v2o,42,3,0.3943,0.3304,18.6568,0.114,18.657,6.82,0.125,esmfold2,nomsa_loop10_samples200
3v2o,42,4,0.3999,0.3378,18.6847,0.122,18.685,6.831,0.15,esmfold2,nomsa_loop10_samples200
3v2o,43,0,0.8108,0.8537,9.106,0.259,9.106,3.121,0.125,esmfold2,nomsa_loop10_samples200
3v2o,43,1,0.8345,0.8756,9.0666,0.261,9.067,3.11,0.125,esmfold2,nomsa_loop10_samples200
3v2o,43,2,0.3833,0.3346,2.9648,0.793,2.965,1.132,0.85,esmfold2,nomsa_loop10_samples200
3v2o,43,3,0.7014,0.7386,2.7617,0.826,2.762,1.041,0.9,esmfold2,nomsa_loop10_samples200
3v2o,43,4,0.4289,0.388,18.515,0.14,18.515,6.785,0.2,esmfold2,nomsa_loop10_samples200
3v2o,44,0,0.7101,0.7455,3.0019,0.796,3.002,1.162,0.875,esmfold2,nomsa_loop10_samples200
3v2o,44,1,0.4214,0.3768,8.2638,0.302,8.264,2.849,0.175,esmfold2,nomsa_loop10_samples200
3v2o,44,2,0.7018,0.7337,2.781,0.834,2.781,1.045,0.925,esmfold2,nomsa_loop10_samples200
3v2o,44,3,0.7043,0.741,3.0565,0.783,3.056,1.194,0.85,esmfold2,nomsa_loop10_samples200
3v2o,44,4,0.4204,0.3818,18.7688,0.122,18.769,6.895,0.15,esmfold2,nomsa_loop10_samples200
3wgx,42,0,0.8959,0.927,1.0081,0.942,1.008,0.413,0.912,esmfold2,nomsa_loop10_samples200
3wgx,42,1,0.8996,0.9332,0.5215,0.981,0.521,0.241,0.971,esmfold2,nomsa_loop10_samples200
3wgx,42,2,0.8957,0.9288,0.6886,0.967,0.689,0.276,0.941,esmfold2,nomsa_loop10_samples200
3wgx,42,3,0.8933,0.9248,0.8149,0.973,0.815,0.321,0.971,esmfold2,nomsa_loop10_samples200
3wgx,42,4,0.8984,0.9311,0.6327,0.978,0.633,0.274,0.971,esmfold2,nomsa_loop10_samples200
3wgx,43,0,0.8988,0.9307,0.6388,0.967,0.639,0.286,0.941,esmfold2,nomsa_loop10_samples200
3wgx,43,1,0.8976,0.927,0.7431,0.975,0.743,0.302,0.971,esmfold2,nomsa_loop10_samples200
3wgx,43,2,0.8885,0.92,0.6662,0.958,0.666,0.272,0.912,esmfold2,nomsa_loop10_samples200
3wgx,43,3,0.8972,0.9288,0.6374,0.968,0.637,0.27,0.941,esmfold2,nomsa_loop10_samples200
3wgx,43,4,0.8951,0.9292,0.6306,0.97,0.631,0.241,0.941,esmfold2,nomsa_loop10_samples200
3wgx,44,0,0.8987,0.9308,0.6859,0.976,0.686,0.292,0.971,esmfold2,nomsa_loop10_samples200
3wgx,44,1,0.8978,0.9315,0.7415,0.966,0.742,0.29,0.941,esmfold2,nomsa_loop10_samples200
3wgx,44,2,0.8981,0.9305,0.5969,0.97,0.597,0.252,0.941,esmfold2,nomsa_loop10_samples200
3wgx,44,3,0.894,0.9227,0.9686,0.953,0.969,0.414,0.941,esmfold2,nomsa_loop10_samples200
3wgx,44,4,0.8962,0.9275,0.6295,0.97,0.629,0.25,0.941,esmfold2,nomsa_loop10_samples200
3zrj,42,0,0.7712,0.8209,1.6461,0.852,1.646,0.934,0.871,esmfold2,nomsa_loop10_samples200
3zrj,42,1,0.7745,0.8261,2.5203,0.807,2.52,1.309,0.935,esmfold2,nomsa_loop10_samples200
3zrj,42,2,0.7668,0.809,3.9969,0.709,3.997,1.943,0.935,esmfold2,nomsa_loop10_samples200
3zrj,42,3,0.776,0.8271,1.365,0.878,1.365,0.852,0.903,esmfold2,nomsa_loop10_samples200
3zrj,42,4,0.7729,0.8235,3.8553,0.721,3.855,1.847,0.935,esmfold2,nomsa_loop10_samples200
3zrj,43,0,0.7735,0.8229,2.0821,0.836,2.082,1.149,0.935,esmfold2,nomsa_loop10_samples200
3zrj,43,1,0.7706,0.8177,3.4215,0.748,3.421,1.665,0.935,esmfold2,nomsa_loop10_samples200
3zrj,43,2,0.7752,0.8198,2.8766,0.789,2.877,1.397,0.935,esmfold2,nomsa_loop10_samples200
3zrj,43,3,0.7697,0.818,2.7909,0.788,2.791,1.423,0.935,esmfold2,nomsa_loop10_samples200
3zrj,43,4,0.7693,0.8156,3.886,0.719,3.886,1.854,0.935,esmfold2,nomsa_loop10_samples200
3zrj,44,0,0.7696,0.8223,1.1845,0.899,1.184,0.793,0.935,esmfold2,nomsa_loop10_samples200
3zrj,44,1,0.7734,0.8218,3.8803,0.719,3.88,1.865,0.935,esmfold2,nomsa_loop10_samples200
3zrj,44,2,0.7755,0.8216,2.8524,0.811,2.852,1.232,0.935,esmfold2,nomsa_loop10_samples200
3zrj,44,3,0.7739,0.8245,1.4631,0.881,1.463,0.896,0.935,esmfold2,nomsa_loop10_samples200
3zrj,44,4,0.7766,0.8234,3.9038,0.721,3.904,1.829,0.935,esmfold2,nomsa_loop10_samples200
4a2a,42,0,0.8416,0.914,1.3246,0.913,1.325,0.519,0.868,esmfold2,nomsa_loop10_samples200
4a2a,42,1,0.8366,0.9119,1.13,0.926,1.13,0.421,0.868,esmfold2,nomsa_loop10_samples200
4a2a,42,2,0.8438,0.9179,0.9974,0.93,0.997,0.398,0.868,esmfold2,nomsa_loop10_samples200
4a2a,42,3,0.8431,0.9152,1.4732,0.914,1.473,0.489,0.868,esmfold2,nomsa_loop10_samples200
4a2a,42,4,0.8442,0.9159,0.7411,0.923,0.741,0.396,0.842,esmfold2,nomsa_loop10_samples200
4a2a,43,0,0.8434,0.9157,1.2957,0.918,1.296,0.477,0.868,esmfold2,nomsa_loop10_samples200
4a2a,43,1,0.8431,0.9156,0.8397,0.949,0.84,0.389,0.921,esmfold2,nomsa_loop10_samples200
4a2a,43,2,0.8435,0.9171,0.9377,0.926,0.938,0.435,0.868,esmfold2,nomsa_loop10_samples200
4a2a,43,3,0.8401,0.9153,0.9286,0.944,0.929,0.43,0.921,esmfold2,nomsa_loop10_samples200
4a2a,43,4,0.8279,0.9059,1.6637,0.897,1.664,0.61,0.868,esmfold2,nomsa_loop10_samples200
4a2a,44,0,0.8415,0.9135,1.1976,0.919,1.198,0.478,0.868,esmfold2,nomsa_loop10_samples200
4a2a,44,1,0.8459,0.9183,0.7778,0.933,0.778,0.379,0.868,esmfold2,nomsa_loop10_samples200
4a2a,44,2,0.8443,0.9171,1.3379,0.911,1.338,0.457,0.842,esmfold2,nomsa_loop10_samples200
4a2a,44,3,0.8346,0.9095,1.6204,0.892,1.62,0.581,0.842,esmfold2,nomsa_loop10_samples200
4a2a,44,4,0.8442,0.9162,1.412,0.91,1.412,0.532,0.868,esmfold2,nomsa_loop10_samples200
4bt9,42,0,0.8069,0.8367,2.2699,0.891,2.27,0.73,0.931,esmfold2,nomsa_loop10_samples200
4bt9,42,1,0.8086,0.8376,1.6105,0.91,1.61,0.671,0.931,esmfold2,nomsa_loop10_samples200
4bt9,42,2,0.8081,0.8364,1.4937,0.905,1.494,0.718,0.931,esmfold2,nomsa_loop10_samples200
4bt9,42,3,0.81,0.8401,1.3959,0.886,1.396,0.779,0.897,esmfold2,nomsa_loop10_samples200
4bt9,42,4,0.8041,0.8291,1.2678,0.91,1.268,0.705,0.931,esmfold2,nomsa_loop10_samples200
4bt9,43,0,0.8116,0.84,2.2591,0.884,2.259,0.778,0.931,esmfold2,nomsa_loop10_samples200
4bt9,43,1,0.8117,0.8394,2.0849,0.899,2.085,0.696,0.931,esmfold2,nomsa_loop10_samples200
4bt9,43,2,0.8148,0.846,2.0857,0.881,2.086,0.822,0.931,esmfold2,nomsa_loop10_samples200
4bt9,43,3,0.8119,0.8386,2.3035,0.897,2.303,0.681,0.931,esmfold2,nomsa_loop10_samples200
4bt9,43,4,0.8111,0.8413,2.1668,0.885,2.167,0.783,0.931,esmfold2,nomsa_loop10_samples200
4bt9,44,0,0.8081,0.8354,1.4864,0.894,1.486,0.714,0.897,esmfold2,nomsa_loop10_samples200
4bt9,44,1,0.7995,0.8252,2.1735,0.87,2.173,0.892,0.931,esmfold2,nomsa_loop10_samples200
4bt9,44,2,0.8107,0.84,2.735,0.873,2.735,0.794,0.931,esmfold2,nomsa_loop10_samples200
4bt9,44,3,0.8081,0.8359,1.5595,0.892,1.56,0.802,0.931,esmfold2,nomsa_loop10_samples200
4bt9,44,4,0.8063,0.8371,1.5318,0.883,1.532,0.786,0.897,esmfold2,nomsa_loop10_samples200
4c5a,42,0,0.3394,0.4552,42.8466,0.017,42.847,13.344,0.0,esmfold2,nomsa_loop10_samples200
4c5a,42,1,0.3107,0.4009,46.1447,0.015,46.145,14.077,0.0,esmfold2,nomsa_loop10_samples200
4c5a,42,2,0.3016,0.3881,44.3919,0.016,44.392,13.677,0.0,esmfold2,nomsa_loop10_samples200
4c5a,42,3,0.3328,0.4533,44.8513,0.015,44.851,14.016,0.0,esmfold2,nomsa_loop10_samples200
4c5a,42,4,0.2,0.2115,30.5787,0.03,30.579,10.807,0.0,esmfold2,nomsa_loop10_samples200
4c5a,43,0,0.3116,0.393,45.0375,0.015,45.037,13.789,0.0,esmfold2,nomsa_loop10_samples200
4c5a,43,1,0.3132,0.4416,38.9038,0.02,38.904,12.345,0.0,esmfold2,nomsa_loop10_samples200
4c5a,43,2,0.331,0.4273,43.4581,0.016,43.458,13.419,0.0,esmfold2,nomsa_loop10_samples200
4c5a,43,3,0.3501,0.4854,43.4151,0.016,43.415,13.536,0.0,esmfold2,nomsa_loop10_samples200
4c5a,43,4,0.34,0.4403,43.2798,0.017,43.28,13.39,0.0,esmfold2,nomsa_loop10_samples200
4c5a,44,0,0.275,0.3534,48.596,0.013,48.596,15.371,0.0,esmfold2,nomsa_loop10_samples200
4c5a,44,1,0.3286,0.441,44.0748,0.016,44.075,13.58,0.0,esmfold2,nomsa_loop10_samples200
4c5a,44,2,0.2918,0.3887,47.6977,0.014,47.698,14.963,0.0,esmfold2,nomsa_loop10_samples200
4c5a,44,3,0.338,0.4604,44.5925,0.015,44.592,14.019,0.0,esmfold2,nomsa_loop10_samples200
4c5a,44,4,0.2282,0.2688,31.5454,0.029,31.545,11.026,0.0,esmfold2,nomsa_loop10_samples200
4dg3,42,0,0.9111,0.971,0.5925,0.923,0.592,0.568,0.899,esmfold2,nomsa_loop10_samples200
4dg3,42,1,0.9112,0.9707,0.85,0.91,0.85,0.579,0.87,esmfold2,nomsa_loop10_samples200
4dg3,42,2,0.9158,0.9733,0.6132,0.927,0.613,0.53,0.899,esmfold2,nomsa_loop10_samples200
4dg3,42,3,0.9149,0.9724,0.5116,0.927,0.512,0.499,0.884,esmfold2,nomsa_loop10_samples200
4dg3,42,4,0.9153,0.9732,0.6068,0.929,0.607,0.522,0.899,esmfold2,nomsa_loop10_samples200
4dg3,43,0,0.9109,0.9718,0.9049,0.929,0.905,0.536,0.913,esmfold2,nomsa_loop10_samples200
4dg3,43,1,0.9117,0.9716,0.5571,0.932,0.557,0.497,0.899,esmfold2,nomsa_loop10_samples200
4dg3,43,2,0.9148,0.9724,0.5888,0.92,0.589,0.552,0.884,esmfold2,nomsa_loop10_samples200
4dg3,43,3,0.9129,0.9717,0.7815,0.915,0.781,0.579,0.884,esmfold2,nomsa_loop10_samples200
4dg3,43,4,0.914,0.9724,0.5656,0.931,0.566,0.502,0.899,esmfold2,nomsa_loop10_samples200
4dg3,44,0,0.9105,0.9708,0.488,0.936,0.488,0.42,0.884,esmfold2,nomsa_loop10_samples200
4dg3,44,1,0.913,0.9727,0.6262,0.93,0.626,0.55,0.913,esmfold2,nomsa_loop10_samples200
4dg3,44,2,0.9143,0.9725,0.6702,0.927,0.67,0.533,0.899,esmfold2,nomsa_loop10_samples200
4dg3,44,3,0.9146,0.9725,0.5054,0.928,0.505,0.53,0.899,esmfold2,nomsa_loop10_samples200
4dg3,44,4,0.9108,0.9712,0.8341,0.916,0.834,0.573,0.884,esmfold2,nomsa_loop10_samples200
4ep2,42,0,0.6719,0.6919,12.9565,0.204,12.956,3.6,0.162,esmfold2,nomsa_loop10_samples200
4ep2,42,1,0.674,0.6946,1.0839,0.946,1.084,0.394,0.919,esmfold2,nomsa_loop10_samples200
4ep2,42,2,0.6697,0.6939,0.8266,0.949,0.827,0.387,0.919,esmfold2,nomsa_loop10_samples200
4ep2,42,3,0.5378,0.582,0.8836,0.939,0.884,0.342,0.878,esmfold2,nomsa_loop10_samples200
4ep2,42,4,0.6718,0.6959,0.9656,0.946,0.966,0.408,0.919,esmfold2,nomsa_loop10_samples200
4ep2,43,0,0.5548,0.5887,13.1953,0.195,13.195,3.661,0.149,esmfold2,nomsa_loop10_samples200
4ep2,43,1,0.6684,0.6872,13.0434,0.202,13.043,3.617,0.162,esmfold2,nomsa_loop10_samples200
4ep2,43,2,0.6724,0.6913,12.9684,0.203,12.968,3.603,0.162,esmfold2,nomsa_loop10_samples200
4ep2,43,3,0.6724,0.6974,0.9378,0.945,0.938,0.414,0.919,esmfold2,nomsa_loop10_samples200
4ep2,43,4,0.6683,0.6912,12.9596,0.203,12.96,3.608,0.162,esmfold2,nomsa_loop10_samples200
4ep2,44,0,0.6729,0.6919,13.0729,0.202,13.073,3.631,0.162,esmfold2,nomsa_loop10_samples200
4ep2,44,1,0.5439,0.5991,13.0949,0.197,13.095,3.636,0.149,esmfold2,nomsa_loop10_samples200
4ep2,44,2,0.544,0.5911,1.0972,0.947,1.097,0.429,0.932,esmfold2,nomsa_loop10_samples200
4ep2,44,3,0.5592,0.5881,13.1615,0.196,13.161,3.659,0.149,esmfold2,nomsa_loop10_samples200
4ep2,44,4,0.6728,0.6882,0.9134,0.947,0.913,0.403,0.919,esmfold2,nomsa_loop10_samples200
4fii,42,0,0.8209,0.9431,0.651,0.9,0.651,0.784,0.921,esmfold2,nomsa_loop10_samples200
4fii,42,1,0.8275,0.9447,0.837,0.911,0.837,0.763,0.947,esmfold2,nomsa_loop10_samples200
4fii,42,2,0.8282,0.9449,0.6781,0.919,0.678,0.71,0.947,esmfold2,nomsa_loop10_samples200
4fii,42,3,0.8264,0.9443,0.7734,0.915,0.773,0.737,0.947,esmfold2,nomsa_loop10_samples200
4fii,42,4,0.8253,0.945,0.799,0.896,0.799,0.748,0.895,esmfold2,nomsa_loop10_samples200
4fii,43,0,0.8234,0.9437,0.6493,0.905,0.649,0.809,0.947,esmfold2,nomsa_loop10_samples200
4fii,43,1,0.8173,0.9409,0.7396,0.88,0.74,0.92,0.921,esmfold2,nomsa_loop10_samples200
4fii,43,2,0.8088,0.9396,1.2942,0.9,1.294,0.749,0.921,esmfold2,nomsa_loop10_samples200
4fii,43,3,0.832,0.9466,0.7241,0.931,0.724,0.684,0.974,esmfold2,nomsa_loop10_samples200
4fii,43,4,0.8276,0.9446,0.6955,0.903,0.696,0.759,0.921,esmfold2,nomsa_loop10_samples200
4fii,44,0,0.8251,0.9442,0.697,0.913,0.697,0.754,0.947,esmfold2,nomsa_loop10_samples200
4fii,44,1,0.8226,0.944,0.6737,0.907,0.674,0.736,0.921,esmfold2,nomsa_loop10_samples200
4fii,44,2,0.8273,0.9452,0.7032,0.914,0.703,0.744,0.947,esmfold2,nomsa_loop10_samples200
4fii,44,3,0.8268,0.9456,0.7181,0.912,0.718,0.699,0.921,esmfold2,nomsa_loop10_samples200
4fii,44,4,0.8236,0.9429,0.7614,0.905,0.761,0.745,0.921,esmfold2,nomsa_loop10_samples200
4gq6,42,0,0.7731,0.9166,2.1321,0.858,2.132,0.725,0.821,esmfold2,nomsa_loop10_samples200
4gq6,42,1,0.776,0.9126,1.617,0.907,1.617,0.551,0.875,esmfold2,nomsa_loop10_samples200
4gq6,42,2,0.7694,0.9145,2.083,0.877,2.083,0.719,0.875,esmfold2,nomsa_loop10_samples200
4gq6,42,3,0.7747,0.9175,1.5449,0.903,1.545,0.546,0.857,esmfold2,nomsa_loop10_samples200
4gq6,42,4,0.779,0.9133,1.9197,0.905,1.92,0.624,0.911,esmfold2,nomsa_loop10_samples200
4gq6,43,0,0.7783,0.9167,1.8478,0.889,1.848,0.66,0.875,esmfold2,nomsa_loop10_samples200
4gq6,43,1,0.7453,0.8958,3.7025,0.744,3.702,1.257,0.804,esmfold2,nomsa_loop10_samples200
4gq6,43,2,0.7756,0.9154,1.6539,0.925,1.654,0.546,0.929,esmfold2,nomsa_loop10_samples200
4gq6,43,3,0.7761,0.9129,2.6555,0.847,2.656,0.858,0.875,esmfold2,nomsa_loop10_samples200
4gq6,43,4,0.7826,0.9163,2.278,0.85,2.278,0.76,0.821,esmfold2,nomsa_loop10_samples200
4gq6,44,0,0.7437,0.9141,4.0217,0.71,4.022,1.321,0.75,esmfold2,nomsa_loop10_samples200
4gq6,44,1,0.7721,0.9078,1.7963,0.895,1.796,0.624,0.875,esmfold2,nomsa_loop10_samples200
4gq6,44,2,0.7795,0.9154,2.095,0.872,2.095,0.711,0.857,esmfold2,nomsa_loop10_samples200
4gq6,44,3,0.7715,0.914,1.8579,0.884,1.858,0.7,0.875,esmfold2,nomsa_loop10_samples200
4gq6,44,4,0.7781,0.9182,1.6674,0.923,1.667,0.56,0.929,esmfold2,nomsa_loop10_samples200
4hdq,42,0,0.7453,0.8958,1.7905,0.903,1.791,0.545,0.867,esmfold2,nomsa_loop10_samples200
4hdq,42,1,0.7545,0.8864,2.8934,0.857,2.893,0.811,0.9,esmfold2,nomsa_loop10_samples200
4hdq,42,2,0.7423,0.8838,2.2529,0.882,2.253,0.645,0.867,esmfold2,nomsa_loop10_samples200
4hdq,42,3,0.7624,0.8919,2.6902,0.857,2.69,0.764,0.867,esmfold2,nomsa_loop10_samples200
4hdq,42,4,0.7537,0.8928,2.6677,0.868,2.668,0.764,0.9,esmfold2,nomsa_loop10_samples200
4hdq,43,0,0.7548,0.888,2.7871,0.852,2.787,0.782,0.867,esmfold2,nomsa_loop10_samples200
4hdq,43,1,0.7586,0.8877,2.6912,0.868,2.691,0.763,0.9,esmfold2,nomsa_loop10_samples200
4hdq,43,2,0.7356,0.8769,1.5203,0.93,1.52,0.439,0.9,esmfold2,nomsa_loop10_samples200
4hdq,43,3,0.7613,0.8943,2.5259,0.866,2.526,0.718,0.867,esmfold2,nomsa_loop10_samples200
4hdq,43,4,0.7391,0.8803,1.1663,0.95,1.166,0.4,0.933,esmfold2,nomsa_loop10_samples200
4hdq,44,0,0.7615,0.8967,2.3132,0.9,2.313,0.668,0.933,esmfold2,nomsa_loop10_samples200
4hdq,44,1,0.7618,0.8971,2.3576,0.877,2.358,0.665,0.867,esmfold2,nomsa_loop10_samples200
4hdq,44,2,0.7574,0.8897,2.3407,0.866,2.341,0.665,0.833,esmfold2,nomsa_loop10_samples200
4hdq,44,3,0.7557,0.9024,2.3605,0.866,2.361,0.666,0.833,esmfold2,nomsa_loop10_samples200
4hdq,44,4,0.7585,0.8928,2.4929,0.86,2.493,0.692,0.833,esmfold2,nomsa_loop10_samples200
4iga,42,0,0.8675,0.8983,0.8207,0.97,0.821,0.353,0.972,esmfold2,nomsa_loop10_samples200
4iga,42,1,0.8624,0.8908,0.7763,0.958,0.776,0.381,0.944,esmfold2,nomsa_loop10_samples200
4iga,42,2,0.8727,0.9032,1.2609,0.96,1.261,0.414,0.972,esmfold2,nomsa_loop10_samples200
4iga,42,3,0.8756,0.9063,1.0705,0.964,1.071,0.394,0.972,esmfold2,nomsa_loop10_samples200
4iga,42,4,0.8731,0.9042,0.7631,0.957,0.763,0.398,0.944,esmfold2,nomsa_loop10_samples200
4iga,43,0,0.8736,0.9034,0.6772,0.968,0.677,0.388,0.972,esmfold2,nomsa_loop10_samples200
4iga,43,1,0.8737,0.9032,0.6117,0.974,0.612,0.329,0.972,esmfold2,nomsa_loop10_samples200
4iga,43,2,0.8726,0.9027,0.7728,0.966,0.773,0.401,0.972,esmfold2,nomsa_loop10_samples200
4iga,43,3,0.8763,0.9071,0.8539,0.963,0.854,0.417,0.972,esmfold2,nomsa_loop10_samples200
4iga,43,4,0.8742,0.9021,0.9473,0.97,0.947,0.347,0.972,esmfold2,nomsa_loop10_samples200
4iga,44,0,0.8723,0.9022,1.248,0.955,1.248,0.371,0.944,esmfold2,nomsa_loop10_samples200
4iga,44,1,0.8687,0.8991,0.6708,0.957,0.671,0.402,0.944,esmfold2,nomsa_loop10_samples200
4iga,44,2,0.8716,0.9027,1.2382,0.953,1.238,0.39,0.944,esmfold2,nomsa_loop10_samples200
4iga,44,3,0.8678,0.8981,0.7902,0.96,0.79,0.367,0.944,esmfold2,nomsa_loop10_samples200
4iga,44,4,0.87,0.8995,0.6044,0.971,0.604,0.358,0.972,esmfold2,nomsa_loop10_samples200
4j2c,42,0,0.8509,0.8924,2.1737,0.791,2.174,1.285,0.857,esmfold2,nomsa_loop10_samples200
4j2c,42,1,0.8759,0.9157,0.7642,0.868,0.764,1.054,0.943,esmfold2,nomsa_loop10_samples200
4j2c,42,2,0.876,0.9163,0.6454,0.864,0.645,0.953,0.886,esmfold2,nomsa_loop10_samples200
4j2c,42,3,0.8657,0.9094,0.902,0.864,0.902,1.077,0.943,esmfold2,nomsa_loop10_samples200
4j2c,42,4,0.8702,0.9094,0.6461,0.894,0.646,0.947,0.971,esmfold2,nomsa_loop10_samples200
4j2c,43,0,0.8741,0.9139,0.5939,0.889,0.594,0.918,0.943,esmfold2,nomsa_loop10_samples200
4j2c,43,1,0.872,0.914,0.8494,0.87,0.849,1.035,0.943,esmfold2,nomsa_loop10_samples200
4j2c,43,2,0.8725,0.9131,0.8347,0.872,0.835,1.02,0.943,esmfold2,nomsa_loop10_samples200
4j2c,43,3,0.874,0.9155,0.8545,0.863,0.855,1.02,0.914,esmfold2,nomsa_loop10_samples200
4j2c,43,4,0.8727,0.9128,0.8527,0.886,0.853,0.924,0.943,esmfold2,nomsa_loop10_samples200
4j2c,44,0,0.8726,0.9117,0.6694,0.876,0.669,1.004,0.943,esmfold2,nomsa_loop10_samples200
4j2c,44,1,0.8765,0.9157,0.7679,0.866,0.768,1.068,0.943,esmfold2,nomsa_loop10_samples200
4j2c,44,2,0.8687,0.9122,0.5838,0.883,0.584,0.825,0.886,esmfold2,nomsa_loop10_samples200
4j2c,44,3,0.854,0.8949,1.9076,0.787,1.908,1.199,0.8,esmfold2,nomsa_loop10_samples200
4j2c,44,4,0.8649,0.9056,1.2706,0.871,1.271,0.935,0.914,esmfold2,nomsa_loop10_samples200
4j8b,42,0,0.8885,0.9495,1.0369,0.965,1.037,0.372,0.969,esmfold2,nomsa_loop10_samples200
4j8b,42,1,0.8892,0.9485,0.9588,0.968,0.959,0.353,0.969,esmfold2,nomsa_loop10_samples200
4j8b,42,2,0.8852,0.9455,0.7761,0.961,0.776,0.326,0.938,esmfold2,nomsa_loop10_samples200
4j8b,42,3,0.8909,0.9495,0.9103,0.969,0.91,0.343,0.969,esmfold2,nomsa_loop10_samples200
4j8b,42,4,0.8848,0.9449,0.8969,0.97,0.897,0.331,0.969,esmfold2,nomsa_loop10_samples200
4j8b,43,0,0.8833,0.9421,0.814,0.961,0.814,0.328,0.938,esmfold2,nomsa_loop10_samples200
4j8b,43,1,0.8884,0.9475,0.8732,0.969,0.873,0.344,0.969,esmfold2,nomsa_loop10_samples200
4j8b,43,2,0.8861,0.9448,0.9297,0.957,0.93,0.358,0.938,esmfold2,nomsa_loop10_samples200
4j8b,43,3,0.887,0.9459,1.0601,0.966,1.06,0.365,0.969,esmfold2,nomsa_loop10_samples200
4j8b,43,4,0.8882,0.9476,0.8573,0.971,0.857,0.329,0.969,esmfold2,nomsa_loop10_samples200
4j8b,44,0,0.8911,0.9504,0.8861,0.97,0.886,0.342,0.969,esmfold2,nomsa_loop10_samples200
4j8b,44,1,0.8918,0.9515,1.0006,0.966,1.001,0.364,0.969,esmfold2,nomsa_loop10_samples200
4j8b,44,2,0.8856,0.9452,0.8643,0.97,0.864,0.335,0.969,esmfold2,nomsa_loop10_samples200
4j8b,44,3,0.8887,0.9483,0.9062,0.969,0.906,0.345,0.969,esmfold2,nomsa_loop10_samples200
4j8b,44,4,0.8874,0.9462,0.7842,0.961,0.784,0.327,0.938,esmfold2,nomsa_loop10_samples200
4leb,42,0,0.8314,0.9176,3.292,0.814,3.292,1.293,1.0,esmfold2,nomsa_loop10_samples200
4leb,42,1,0.8039,0.9049,3.1694,0.831,3.169,1.186,1.0,esmfold2,nomsa_loop10_samples200
4leb,42,2,0.7997,0.8977,3.3212,0.821,3.321,1.239,1.0,esmfold2,nomsa_loop10_samples200
4leb,42,3,0.8161,0.9005,2.9646,0.829,2.965,1.162,0.971,esmfold2,nomsa_loop10_samples200
4leb,42,4,0.796,0.8946,3.1163,0.823,3.116,1.184,0.971,esmfold2,nomsa_loop10_samples200
4leb,43,0,0.8154,0.9114,3.2661,0.818,3.266,1.196,0.971,esmfold2,nomsa_loop10_samples200
4leb,43,1,0.8313,0.9161,3.3569,0.799,3.357,1.25,0.941,esmfold2,nomsa_loop10_samples200
4leb,43,2,0.8262,0.9111,3.132,0.819,3.132,1.21,0.971,esmfold2,nomsa_loop10_samples200
4leb,43,3,0.753,0.855,3.2178,0.763,3.218,1.579,0.941,esmfold2,nomsa_loop10_samples200
4leb,43,4,0.8213,0.9079,3.0059,0.832,3.006,1.205,1.0,esmfold2,nomsa_loop10_samples200
4leb,44,0,0.8031,0.9042,3.0384,0.819,3.038,1.153,0.941,esmfold2,nomsa_loop10_samples200
4leb,44,1,0.8217,0.9071,3.1956,0.825,3.196,1.229,1.0,esmfold2,nomsa_loop10_samples200
4leb,44,2,0.7832,0.8814,3.1247,0.782,3.125,1.431,0.941,esmfold2,nomsa_loop10_samples200
4leb,44,3,0.7964,0.8961,2.7912,0.833,2.791,1.091,0.941,esmfold2,nomsa_loop10_samples200
4leb,44,4,0.8046,0.9026,3.1881,0.828,3.188,1.209,1.0,esmfold2,nomsa_loop10_samples200
4lk9,42,0,0.8485,0.8935,0.8266,0.865,0.827,0.822,0.837,esmfold2,nomsa_loop10_samples200
4lk9,42,1,0.8452,0.8917,0.451,0.866,0.451,0.787,0.816,esmfold2,nomsa_loop10_samples200
4lk9,42,2,0.8463,0.8925,0.7685,0.85,0.768,0.888,0.816,esmfold2,nomsa_loop10_samples200
4lk9,42,3,0.8505,0.8982,1.6651,0.817,1.665,1.051,0.816,esmfold2,nomsa_loop10_samples200
4lk9,42,4,0.845,0.8905,0.6225,0.861,0.623,0.769,0.796,esmfold2,nomsa_loop10_samples200
4lk9,43,0,0.8482,0.8967,2.2141,0.782,2.214,1.191,0.796,esmfold2,nomsa_loop10_samples200
4lk9,43,1,0.8474,0.8937,1.0742,0.84,1.074,0.939,0.816,esmfold2,nomsa_loop10_samples200
4lk9,43,2,0.8477,0.8941,0.6385,0.836,0.638,0.989,0.816,esmfold2,nomsa_loop10_samples200
4lk9,43,3,0.8485,0.8963,2.1939,0.791,2.194,1.174,0.816,esmfold2,nomsa_loop10_samples200
4lk9,43,4,0.8472,0.8923,0.803,0.849,0.803,0.891,0.816,esmfold2,nomsa_loop10_samples200
4lk9,44,0,0.8466,0.8937,1.6826,0.806,1.683,1.08,0.796,esmfold2,nomsa_loop10_samples200
4lk9,44,1,0.8455,0.8927,1.8998,0.804,1.9,1.115,0.816,esmfold2,nomsa_loop10_samples200
4lk9,44,2,0.8436,0.8891,2.3514,0.779,2.351,1.242,0.816,esmfold2,nomsa_loop10_samples200
4lk9,44,3,0.8482,0.8942,1.979,0.802,1.979,1.126,0.816,esmfold2,nomsa_loop10_samples200
4lk9,44,4,0.8477,0.8934,2.3292,0.772,2.329,1.306,0.816,esmfold2,nomsa_loop10_samples200
4lzf,42,0,0.814,0.8351,10.6311,0.399,10.631,3.689,0.667,esmfold2,nomsa_loop10_samples200
4lzf,42,1,0.8198,0.8369,11.6381,0.385,11.638,3.714,0.667,esmfold2,nomsa_loop10_samples200
4lzf,42,2,0.822,0.8413,10.8769,0.397,10.877,3.662,0.667,esmfold2,nomsa_loop10_samples200
4lzf,42,3,0.8042,0.8193,10.7897,0.449,10.79,3.609,0.818,esmfold2,nomsa_loop10_samples200
4lzf,42,4,0.8025,0.8163,10.7485,0.43,10.748,3.596,0.758,esmfold2,nomsa_loop10_samples200
4lzf,43,0,0.8167,0.8345,11.6797,0.385,11.68,3.686,0.667,esmfold2,nomsa_loop10_samples200
4lzf,43,1,0.8004,0.8188,10.6592,0.452,10.659,3.594,0.818,esmfold2,nomsa_loop10_samples200
4lzf,43,2,0.8138,0.8286,11.3751,0.37,11.375,3.618,0.606,esmfold2,nomsa_loop10_samples200
4lzf,43,3,0.8133,0.8336,10.9632,0.417,10.963,3.613,0.727,esmfold2,nomsa_loop10_samples200
4lzf,43,4,0.5264,0.4618,15.4231,0.147,15.423,4.9,0.121,esmfold2,nomsa_loop10_samples200
4lzf,44,0,0.8046,0.8168,10.9472,0.437,10.947,3.621,0.788,esmfold2,nomsa_loop10_samples200
4lzf,44,1,0.8081,0.8218,11.0892,0.445,11.089,3.618,0.818,esmfold2,nomsa_loop10_samples200
4lzf,44,2,0.8196,0.8371,10.6857,0.379,10.686,3.669,0.606,esmfold2,nomsa_loop10_samples200
4lzf,44,3,0.8121,0.8217,11.8037,0.376,11.804,3.555,0.636,esmfold2,nomsa_loop10_samples200
4lzf,44,4,0.8182,0.8385,11.2018,0.392,11.202,3.673,0.667,esmfold2,nomsa_loop10_samples200
4m5s,42,0,0.8081,0.8048,2.6899,0.831,2.69,0.97,0.878,esmfold2,nomsa_loop10_samples200
4m5s,42,1,0.8099,0.8036,2.3931,0.849,2.393,0.881,0.878,esmfold2,nomsa_loop10_samples200
4m5s,42,2,0.8066,0.7996,3.0059,0.813,3.006,1.05,0.878,esmfold2,nomsa_loop10_samples200
4m5s,42,3,0.8088,0.8063,2.5361,0.848,2.536,0.93,0.902,esmfold2,nomsa_loop10_samples200
4m5s,42,4,0.8078,0.7992,2.566,0.847,2.566,0.928,0.902,esmfold2,nomsa_loop10_samples200
4m5s,43,0,0.7752,0.7648,1.7445,0.889,1.744,0.683,0.878,esmfold2,nomsa_loop10_samples200
4m5s,43,1,0.8058,0.7964,2.5221,0.837,2.522,0.896,0.854,esmfold2,nomsa_loop10_samples200
4m5s,43,2,0.8019,0.7993,2.3726,0.852,2.373,0.866,0.878,esmfold2,nomsa_loop10_samples200
4m5s,43,3,0.7962,0.7858,2.1957,0.867,2.196,0.838,0.902,esmfold2,nomsa_loop10_samples200
4m5s,43,4,0.8001,0.7907,2.0994,0.872,2.099,0.759,0.878,esmfold2,nomsa_loop10_samples200
4m5s,44,0,0.8089,0.8053,2.5414,0.838,2.541,0.94,0.878,esmfold2,nomsa_loop10_samples200
4m5s,44,1,0.8037,0.7952,2.499,0.845,2.499,0.897,0.878,esmfold2,nomsa_loop10_samples200
4m5s,44,2,0.8087,0.8037,2.6225,0.827,2.622,1.007,0.878,esmfold2,nomsa_loop10_samples200
4m5s,44,3,0.8114,0.808,2.7628,0.83,2.763,1.022,0.902,esmfold2,nomsa_loop10_samples200
4m5s,44,4,0.8107,0.8078,2.5393,0.834,2.539,0.968,0.878,esmfold2,nomsa_loop10_samples200
4m91,42,0,0.761,0.837,4.6384,0.643,4.638,1.607,0.692,esmfold2,nomsa_loop10_samples200
4m91,42,1,0.768,0.8419,4.0418,0.702,4.042,1.436,0.769,esmfold2,nomsa_loop10_samples200
4m91,42,2,0.7421,0.8046,5.1761,0.581,5.176,1.846,0.615,esmfold2,nomsa_loop10_samples200
4m91,42,3,0.7194,0.795,5.6422,0.568,5.642,2.013,0.654,esmfold2,nomsa_loop10_samples200
4m91,42,4,0.7645,0.8405,4.2755,0.648,4.275,1.528,0.654,esmfold2,nomsa_loop10_samples200
4m91,43,0,0.7432,0.8113,5.034,0.588,5.034,1.801,0.615,esmfold2,nomsa_loop10_samples200
4m91,43,1,0.7567,0.8325,4.6754,0.636,4.675,1.66,0.692,esmfold2,nomsa_loop10_samples200
4m91,43,2,0.7684,0.8429,4.0372,0.691,4.037,1.425,0.731,esmfold2,nomsa_loop10_samples200
4m91,43,3,0.7567,0.8288,3.928,0.672,3.928,1.391,0.654,esmfold2,nomsa_loop10_samples200
4m91,43,4,0.7434,0.8272,5.0976,0.588,5.098,1.79,0.615,esmfold2,nomsa_loop10_samples200
4m91,44,0,0.7651,0.8401,4.6637,0.625,4.664,1.649,0.654,esmfold2,nomsa_loop10_samples200
4m91,44,1,0.759,0.8318,4.2007,0.655,4.201,1.48,0.654,esmfold2,nomsa_loop10_samples200
4m91,44,2,0.7646,0.8405,4.2973,0.688,4.297,1.503,0.769,esmfold2,nomsa_loop10_samples200
4m91,44,3,0.7525,0.8344,5.1326,0.596,5.133,1.837,0.654,esmfold2,nomsa_loop10_samples200
4m91,44,4,0.7661,0.8405,4.2482,0.649,4.248,1.521,0.654,esmfold2,nomsa_loop10_samples200
4mvi,42,0,0.5396,0.6171,4.2,0.52,4.2,2.312,0.459,esmfold2,nomsa_loop10_samples200
4mvi,42,1,0.5578,0.6369,4.7853,0.491,4.785,2.465,0.443,esmfold2,nomsa_loop10_samples200
4mvi,42,2,0.5477,0.6104,6.5083,0.411,6.508,2.914,0.393,esmfold2,nomsa_loop10_samples200
4mvi,42,3,0.519,0.5867,4.9489,0.488,4.949,2.247,0.41,esmfold2,nomsa_loop10_samples200
4mvi,42,4,0.5782,0.6565,4.5864,0.494,4.586,2.393,0.426,esmfold2,nomsa_loop10_samples200
4mvi,43,0,0.5821,0.6664,4.9962,0.476,4.996,2.432,0.41,esmfold2,nomsa_loop10_samples200
4mvi,43,1,0.5652,0.6391,5.2181,0.468,5.218,2.586,0.426,esmfold2,nomsa_loop10_samples200
4mvi,43,2,0.5903,0.6699,4.4223,0.491,4.422,2.425,0.41,esmfold2,nomsa_loop10_samples200
4mvi,43,3,0.5495,0.6364,4.6409,0.532,4.641,2.279,0.525,esmfold2,nomsa_loop10_samples200
4mvi,43,4,0.5378,0.5892,6.2131,0.403,6.213,2.75,0.328,esmfold2,nomsa_loop10_samples200
4mvi,44,0,0.5818,0.6682,4.4003,0.49,4.4,2.461,0.41,esmfold2,nomsa_loop10_samples200
4mvi,44,1,0.5659,0.6482,4.7264,0.488,4.726,2.353,0.41,esmfold2,nomsa_loop10_samples200
4mvi,44,2,0.5689,0.6564,4.561,0.474,4.561,2.695,0.41,esmfold2,nomsa_loop10_samples200
4mvi,44,3,0.5439,0.6093,5.3635,0.456,5.363,2.639,0.41,esmfold2,nomsa_loop10_samples200
4mvi,44,4,0.5875,0.6722,5.3331,0.442,5.333,2.853,0.393,esmfold2,nomsa_loop10_samples200
4nuu,42,0,0.6897,0.7636,1.5073,0.702,1.507,1.646,0.684,esmfold2,nomsa_loop10_samples200
4nuu,42,1,0.7175,0.779,1.2565,0.64,1.256,2.38,0.658,esmfold2,nomsa_loop10_samples200
4nuu,42,2,0.7214,0.7856,1.6521,0.653,1.652,2.379,0.711,esmfold2,nomsa_loop10_samples200
4nuu,42,3,0.7055,0.7659,1.7754,0.662,1.775,2.347,0.737,esmfold2,nomsa_loop10_samples200
4nuu,42,4,0.7223,0.792,1.7103,0.688,1.71,2.221,0.789,esmfold2,nomsa_loop10_samples200
4nuu,43,0,0.7255,0.7929,1.3011,0.664,1.301,2.577,0.763,esmfold2,nomsa_loop10_samples200
4nuu,43,1,0.7226,0.7894,0.8721,0.663,0.872,2.213,0.684,esmfold2,nomsa_loop10_samples200
4nuu,43,2,0.7215,0.7855,1.9811,0.668,1.981,2.33,0.763,esmfold2,nomsa_loop10_samples200
4nuu,43,3,0.7052,0.7721,0.8809,0.722,0.881,1.782,0.763,esmfold2,nomsa_loop10_samples200
4nuu,43,4,0.7089,0.7732,1.6918,0.655,1.692,2.664,0.763,esmfold2,nomsa_loop10_samples200
4nuu,44,0,0.7171,0.7814,1.3032,0.639,1.303,2.389,0.658,esmfold2,nomsa_loop10_samples200
4nuu,44,1,0.7282,0.7919,1.5482,0.65,1.548,2.46,0.711,esmfold2,nomsa_loop10_samples200
4nuu,44,2,0.7272,0.7923,1.7217,0.655,1.722,2.325,0.711,esmfold2,nomsa_loop10_samples200
4nuu,44,3,0.7192,0.7852,1.1513,0.665,1.151,2.428,0.737,esmfold2,nomsa_loop10_samples200
4nuu,44,4,0.7183,0.7851,1.6167,0.648,1.617,2.318,0.684,esmfold2,nomsa_loop10_samples200
4nxr,42,0,0.8048,0.8307,1.1353,0.83,1.135,1.197,0.897,esmfold2,nomsa_loop10_samples200
4nxr,42,1,0.7995,0.8264,1.1787,0.833,1.179,1.172,0.897,esmfold2,nomsa_loop10_samples200
4nxr,42,2,0.8029,0.8258,1.2069,0.829,1.207,1.197,0.897,esmfold2,nomsa_loop10_samples200
4nxr,42,3,0.802,0.8303,1.1719,0.832,1.172,1.18,0.897,esmfold2,nomsa_loop10_samples200
4nxr,42,4,0.8036,0.8331,1.3566,0.809,1.357,1.348,0.897,esmfold2,nomsa_loop10_samples200
4nxr,43,0,0.7954,0.8179,1.6287,0.796,1.629,1.356,0.872,esmfold2,nomsa_loop10_samples200
4nxr,43,1,0.8002,0.8319,1.3055,0.804,1.305,1.321,0.872,esmfold2,nomsa_loop10_samples200
4nxr,43,2,0.8016,0.8283,1.2731,0.815,1.273,1.235,0.872,esmfold2,nomsa_loop10_samples200
4nxr,43,3,0.7912,0.8224,1.8897,0.795,1.89,1.325,0.872,esmfold2,nomsa_loop10_samples200
4nxr,43,4,0.8084,0.8303,1.2445,0.83,1.245,1.254,0.923,esmfold2,nomsa_loop10_samples200
4nxr,44,0,0.7981,0.8265,1.3067,0.809,1.307,1.278,0.872,esmfold2,nomsa_loop10_samples200
4nxr,44,1,0.7912,0.8194,1.1393,0.838,1.139,1.074,0.872,esmfold2,nomsa_loop10_samples200
4nxr,44,2,0.7984,0.8269,1.2175,0.823,1.218,1.246,0.897,esmfold2,nomsa_loop10_samples200
4nxr,44,3,0.749,0.8294,2.5649,0.725,2.565,1.609,0.795,esmfold2,nomsa_loop10_samples200
4nxr,44,4,0.8,0.8286,1.1808,0.847,1.181,1.068,0.897,esmfold2,nomsa_loop10_samples200
4ny3,42,0,0.8262,0.9072,2.5798,0.665,2.58,2.618,0.833,esmfold2,nomsa_loop10_samples200
4ny3,42,1,0.8137,0.8986,2.8967,0.656,2.897,2.684,0.833,esmfold2,nomsa_loop10_samples200
4ny3,42,2,0.8227,0.9052,2.5231,0.679,2.523,2.38,0.833,esmfold2,nomsa_loop10_samples200
4ny3,42,3,0.8211,0.9037,2.5348,0.677,2.535,2.408,0.833,esmfold2,nomsa_loop10_samples200
4ny3,42,4,0.8239,0.9058,2.3301,0.678,2.33,2.456,0.833,esmfold2,nomsa_loop10_samples200
4ny3,43,0,0.8179,0.901,2.6372,0.668,2.637,2.532,0.833,esmfold2,nomsa_loop10_samples200
4ny3,43,1,0.821,0.9027,2.5384,0.667,2.538,2.604,0.833,esmfold2,nomsa_loop10_samples200
4ny3,43,2,0.8186,0.9016,2.556,0.676,2.556,2.423,0.833,esmfold2,nomsa_loop10_samples200
4ny3,43,3,0.8248,0.9074,2.4244,0.678,2.424,2.423,0.833,esmfold2,nomsa_loop10_samples200
4ny3,43,4,0.8229,0.9059,2.3521,0.69,2.352,2.251,0.833,esmfold2,nomsa_loop10_samples200
4ny3,44,0,0.8276,0.9088,1.9785,0.662,1.978,2.529,0.778,esmfold2,nomsa_loop10_samples200
4ny3,44,1,0.7871,0.8638,2.2513,0.655,2.251,2.574,0.778,esmfold2,nomsa_loop10_samples200
4ny3,44,2,0.8225,0.9055,2.3972,0.674,2.397,2.507,0.833,esmfold2,nomsa_loop10_samples200
4ny3,44,3,0.8117,0.8962,2.8282,0.693,2.828,2.059,0.833,esmfold2,nomsa_loop10_samples200
4ny3,44,4,0.8184,0.9045,2.458,0.705,2.458,2.007,0.833,esmfold2,nomsa_loop10_samples200
4odk,42,0,0.5853,0.5523,11.5408,0.247,11.541,3.845,0.258,esmfold2,nomsa_loop10_samples200
4odk,42,1,0.5907,0.5667,12.147,0.219,12.147,3.818,0.194,esmfold2,nomsa_loop10_samples200
4odk,42,2,0.5797,0.5348,9.377,0.284,9.377,3.666,0.258,esmfold2,nomsa_loop10_samples200
4odk,42,3,0.5933,0.5744,11.5173,0.236,11.517,3.91,0.226,esmfold2,nomsa_loop10_samples200
4odk,42,4,0.5924,0.5741,11.4471,0.227,11.447,3.87,0.194,esmfold2,nomsa_loop10_samples200
4odk,43,0,0.5814,0.5546,11.5616,0.237,11.562,3.825,0.226,esmfold2,nomsa_loop10_samples200
4odk,43,1,0.5906,0.5667,11.3175,0.228,11.317,3.888,0.194,esmfold2,nomsa_loop10_samples200
4odk,43,2,0.5944,0.5723,10.937,0.243,10.937,3.956,0.226,esmfold2,nomsa_loop10_samples200
4odk,43,3,0.5861,0.5622,11.6523,0.236,11.652,3.785,0.226,esmfold2,nomsa_loop10_samples200
4odk,43,4,0.591,0.5683,11.2943,0.241,11.294,3.805,0.226,esmfold2,nomsa_loop10_samples200
4odk,44,0,0.5921,0.5709,11.9469,0.219,11.947,3.91,0.194,esmfold2,nomsa_loop10_samples200
4odk,44,1,0.5926,0.5684,10.4727,0.251,10.473,3.855,0.226,esmfold2,nomsa_loop10_samples200
4odk,44,2,0.2493,0.1005,25.3998,0.042,25.4,9.256,0.0,esmfold2,nomsa_loop10_samples200
4odk,44,3,0.5898,0.5624,11.4452,0.238,11.445,3.854,0.226,esmfold2,nomsa_loop10_samples200
4odk,44,4,0.5699,0.5479,9.6661,0.269,9.666,3.635,0.226,esmfold2,nomsa_loop10_samples200
4ouc,42,0,0.3851,0.5402,11.9631,0.288,11.963,3.481,0.371,esmfold2,nomsa_loop10_samples200
4ouc,42,1,0.3698,0.5273,11.7791,0.254,11.779,3.424,0.257,esmfold2,nomsa_loop10_samples200
4ouc,42,2,0.3903,0.5472,11.4375,0.289,11.437,3.337,0.343,esmfold2,nomsa_loop10_samples200
4ouc,42,3,0.3568,0.5138,11.2756,0.245,11.276,3.295,0.2,esmfold2,nomsa_loop10_samples200
4ouc,42,4,0.3606,0.514,11.6239,0.218,11.624,3.406,0.143,esmfold2,nomsa_loop10_samples200
4ouc,43,0,0.3618,0.5099,12.1442,0.256,12.144,3.535,0.286,esmfold2,nomsa_loop10_samples200
4ouc,43,1,0.3837,0.5353,11.8161,0.243,11.816,3.439,0.229,esmfold2,nomsa_loop10_samples200
4ouc,43,2,0.3757,0.5159,12.563,0.191,12.563,3.662,0.114,esmfold2,nomsa_loop10_samples200
4ouc,43,3,0.3951,0.5491,12.4629,0.25,12.463,3.614,0.286,esmfold2,nomsa_loop10_samples200
4ouc,43,4,0.3602,0.5181,11.0255,0.288,11.025,3.223,0.314,esmfold2,nomsa_loop10_samples200
4ouc,44,0,0.3635,0.5202,10.6346,0.307,10.635,3.103,0.343,esmfold2,nomsa_loop10_samples200
4ouc,44,1,0.3559,0.4824,13.5068,0.176,13.507,3.887,0.114,esmfold2,nomsa_loop10_samples200
4ouc,44,2,0.3906,0.5391,11.8649,0.233,11.865,3.45,0.2,esmfold2,nomsa_loop10_samples200
4ouc,44,3,0.3922,0.5472,11.7678,0.273,11.768,3.409,0.314,esmfold2,nomsa_loop10_samples200
4ouc,44,4,0.391,0.5371,11.9319,0.268,11.932,3.512,0.314,esmfold2,nomsa_loop10_samples200
4oyk,42,0,0.4024,0.3228,14.3835,0.177,14.384,5.414,0.2,esmfold2,nomsa_loop10_samples200
4oyk,42,1,0.3837,0.3156,13.4421,0.175,13.442,5.753,0.175,esmfold2,nomsa_loop10_samples200
4oyk,42,2,0.4153,0.3443,13.4301,0.191,13.43,5.825,0.225,esmfold2,nomsa_loop10_samples200
4oyk,42,3,0.394,0.2966,12.8583,0.152,12.858,5.18,0.075,esmfold2,nomsa_loop10_samples200
4oyk,42,4,0.3989,0.3115,11.8301,0.166,11.83,4.98,0.075,esmfold2,nomsa_loop10_samples200
4oyk,43,0,0.433,0.3673,12.2546,0.208,12.255,5.304,0.225,esmfold2,nomsa_loop10_samples200
4oyk,43,1,0.4127,0.3255,11.3016,0.208,11.302,4.799,0.175,esmfold2,nomsa_loop10_samples200
4oyk,43,2,0.4111,0.3356,10.4475,0.225,10.448,4.466,0.175,esmfold2,nomsa_loop10_samples200
4oyk,43,3,0.4011,0.3048,12.6368,0.146,12.637,5.184,0.05,esmfold2,nomsa_loop10_samples200
4oyk,43,4,0.3667,0.2632,10.4332,0.294,10.433,4.321,0.375,esmfold2,nomsa_loop10_samples200
4oyk,44,0,0.392,0.3181,8.7411,0.246,8.741,3.911,0.125,esmfold2,nomsa_loop10_samples200
4oyk,44,1,0.4152,0.3555,11.6605,0.235,11.66,4.987,0.275,esmfold2,nomsa_loop10_samples200
4oyk,44,2,0.4194,0.3444,12.1648,0.234,12.165,5.313,0.3,esmfold2,nomsa_loop10_samples200
4oyk,44,3,0.3935,0.3042,7.2372,0.313,7.237,3.155,0.175,esmfold2,nomsa_loop10_samples200
4oyk,44,4,0.3994,0.3109,11.9485,0.165,11.948,4.95,0.075,esmfold2,nomsa_loop10_samples200
4pd1,42,0,0.8516,0.9369,0.7728,0.945,0.773,0.348,0.896,esmfold2,nomsa_loop10_samples200
4pd1,42,1,0.8498,0.9412,1.0186,0.937,1.019,0.413,0.896,esmfold2,nomsa_loop10_samples200
4pd1,42,2,0.8481,0.9331,0.9783,0.923,0.978,0.422,0.854,esmfold2,nomsa_loop10_samples200
4pd1,42,3,0.8517,0.9352,1.0385,0.924,1.038,0.408,0.854,esmfold2,nomsa_loop10_samples200
4pd1,42,4,0.8512,0.9365,0.8733,0.943,0.873,0.369,0.896,esmfold2,nomsa_loop10_samples200
4pd1,43,0,0.8526,0.9382,1.5162,0.927,1.516,0.39,0.875,esmfold2,nomsa_loop10_samples200
4pd1,43,1,0.8393,0.9341,1.4179,0.909,1.418,0.556,0.875,esmfold2,nomsa_loop10_samples200
4pd1,43,2,0.8548,0.9401,0.967,0.935,0.967,0.373,0.875,esmfold2,nomsa_loop10_samples200
4pd1,43,3,0.8528,0.936,0.8684,0.938,0.868,0.344,0.875,esmfold2,nomsa_loop10_samples200
4pd1,43,4,0.8529,0.9411,1.2749,0.933,1.275,0.488,0.917,esmfold2,nomsa_loop10_samples200
4pd1,44,0,0.8462,0.9391,1.1376,0.917,1.138,0.455,0.854,esmfold2,nomsa_loop10_samples200
4pd1,44,1,0.8464,0.9346,1.0545,0.937,1.054,0.407,0.896,esmfold2,nomsa_loop10_samples200
4pd1,44,2,0.8534,0.9377,0.8265,0.943,0.826,0.374,0.896,esmfold2,nomsa_loop10_samples200
4pd1,44,3,0.8567,0.9425,1.0532,0.926,1.053,0.447,0.875,esmfold2,nomsa_loop10_samples200
4pd1,44,4,0.8548,0.9421,1.0571,0.932,1.057,0.388,0.875,esmfold2,nomsa_loop10_samples200
4pge,42,0,0.9592,0.9834,1.1698,0.959,1.17,0.413,0.966,esmfold2,nomsa_loop10_samples200
4pge,42,1,0.958,0.9828,1.052,0.957,1.052,0.446,0.966,esmfold2,nomsa_loop10_samples200
4pge,42,2,0.9578,0.983,1.0461,0.959,1.046,0.422,0.966,esmfold2,nomsa_loop10_samples200
4pge,42,3,0.96,0.9835,1.1236,0.958,1.124,0.424,0.966,esmfold2,nomsa_loop10_samples200
4pge,42,4,0.9571,0.9827,1.2091,0.952,1.209,0.42,0.949,esmfold2,nomsa_loop10_samples200
4pge,43,0,0.9586,0.9832,1.2146,0.957,1.215,0.425,0.966,esmfold2,nomsa_loop10_samples200
4pge,43,1,0.9591,0.9833,1.1128,0.96,1.113,0.407,0.966,esmfold2,nomsa_loop10_samples200
4pge,43,2,0.9592,0.9832,1.1023,0.966,1.102,0.411,0.983,esmfold2,nomsa_loop10_samples200
4pge,43,3,0.9588,0.983,1.0539,0.963,1.054,0.44,0.983,esmfold2,nomsa_loop10_samples200
4pge,43,4,0.9581,0.9829,1.3416,0.955,1.342,0.433,0.966,esmfold2,nomsa_loop10_samples200
4pge,44,0,0.9593,0.9833,1.1473,0.958,1.147,0.423,0.966,esmfold2,nomsa_loop10_samples200
4pge,44,1,0.9584,0.9831,1.0549,0.964,1.055,0.427,0.983,esmfold2,nomsa_loop10_samples200
4pge,44,2,0.958,0.9827,1.1804,0.956,1.18,0.436,0.966,esmfold2,nomsa_loop10_samples200
4pge,44,3,0.958,0.9824,1.1292,0.958,1.129,0.428,0.966,esmfold2,nomsa_loop10_samples200
4pge,44,4,0.9599,0.9835,1.1435,0.956,1.143,0.439,0.966,esmfold2,nomsa_loop10_samples200
4qbr,42,0,0.8879,0.9423,0.7202,0.934,0.72,0.67,0.975,esmfold2,nomsa_loop10_samples200
4qbr,42,1,0.8917,0.9457,0.7772,0.934,0.777,0.667,0.975,esmfold2,nomsa_loop10_samples200
4qbr,42,2,0.8912,0.9443,0.6777,0.941,0.678,0.621,0.975,esmfold2,nomsa_loop10_samples200
4qbr,42,3,0.8898,0.9423,0.6723,0.94,0.672,0.626,0.975,esmfold2,nomsa_loop10_samples200
4qbr,42,4,0.8892,0.9426,0.629,0.936,0.629,0.658,0.975,esmfold2,nomsa_loop10_samples200
4qbr,43,0,0.8883,0.9422,0.6528,0.934,0.653,0.675,0.975,esmfold2,nomsa_loop10_samples200
4qbr,43,1,0.8678,0.9264,0.7804,0.934,0.78,0.666,0.975,esmfold2,nomsa_loop10_samples200
4qbr,43,2,0.888,0.9422,0.7646,0.93,0.765,0.639,0.95,esmfold2,nomsa_loop10_samples200
4qbr,43,3,0.8888,0.9404,0.6337,0.944,0.634,0.595,0.975,esmfold2,nomsa_loop10_samples200
4qbr,43,4,0.8607,0.9095,1.3893,0.898,1.389,0.764,0.925,esmfold2,nomsa_loop10_samples200
4qbr,44,0,0.8759,0.9306,0.7649,0.929,0.765,0.641,0.95,esmfold2,nomsa_loop10_samples200
4qbr,44,1,0.8913,0.9444,0.7478,0.924,0.748,0.619,0.925,esmfold2,nomsa_loop10_samples200
4qbr,44,2,0.8872,0.9403,0.5584,0.938,0.558,0.649,0.975,esmfold2,nomsa_loop10_samples200
4qbr,44,3,0.8897,0.9446,0.7294,0.939,0.729,0.629,0.975,esmfold2,nomsa_loop10_samples200
4qbr,44,4,0.8894,0.943,0.7823,0.928,0.782,0.711,0.975,esmfold2,nomsa_loop10_samples200
4r5i,42,0,0.7308,0.814,11.6246,0.265,11.625,3.256,0.273,esmfold2,nomsa_loop10_samples200
4r5i,42,1,0.7238,0.8104,11.5269,0.276,11.527,3.187,0.295,esmfold2,nomsa_loop10_samples200
4r5i,42,2,0.7165,0.8018,11.523,0.269,11.523,3.172,0.273,esmfold2,nomsa_loop10_samples200
4r5i,42,3,0.7179,0.8039,11.4996,0.269,11.5,3.19,0.273,esmfold2,nomsa_loop10_samples200
4r5i,42,4,0.7332,0.8153,11.5811,0.266,11.581,3.251,0.273,esmfold2,nomsa_loop10_samples200
4r5i,43,0,0.7214,0.805,11.519,0.269,11.519,3.17,0.273,esmfold2,nomsa_loop10_samples200
4r5i,43,1,0.7065,0.7916,11.4175,0.271,11.418,3.154,0.273,esmfold2,nomsa_loop10_samples200
4r5i,43,2,0.7205,0.8077,11.5988,0.266,11.599,3.257,0.273,esmfold2,nomsa_loop10_samples200
4r5i,43,3,0.7197,0.802,11.3037,0.274,11.304,3.104,0.273,esmfold2,nomsa_loop10_samples200
4r5i,43,4,0.706,0.7917,11.4851,0.269,11.485,3.182,0.273,esmfold2,nomsa_loop10_samples200
4r5i,44,0,0.7208,0.8053,11.5071,0.269,11.507,3.192,0.273,esmfold2,nomsa_loop10_samples200
4r5i,44,1,0.7207,0.8058,11.5062,0.269,11.506,3.186,0.273,esmfold2,nomsa_loop10_samples200
4r5i,44,2,0.7264,0.8121,11.6899,0.263,11.69,3.31,0.273,esmfold2,nomsa_loop10_samples200
4r5i,44,3,0.7182,0.8032,11.4148,0.279,11.415,3.14,0.295,esmfold2,nomsa_loop10_samples200
4r5i,44,4,0.7258,0.809,11.418,0.271,11.418,3.15,0.273,esmfold2,nomsa_loop10_samples200
4txr,42,0,0.8282,0.8908,1.0002,0.943,1.0,0.525,0.951,esmfold2,nomsa_loop10_samples200
4txr,42,1,0.8256,0.8898,1.1917,0.927,1.192,0.574,0.927,esmfold2,nomsa_loop10_samples200
4txr,42,2,0.8279,0.8892,1.2541,0.928,1.254,0.559,0.927,esmfold2,nomsa_loop10_samples200
4txr,42,3,0.8302,0.8972,0.9895,0.931,0.989,0.555,0.927,esmfold2,nomsa_loop10_samples200
4txr,42,4,0.8277,0.8941,1.4085,0.902,1.409,0.681,0.902,esmfold2,nomsa_loop10_samples200
4txr,43,0,0.8311,0.8955,0.9456,0.935,0.946,0.528,0.927,esmfold2,nomsa_loop10_samples200
4txr,43,1,0.8309,0.8964,1.0166,0.916,1.017,0.603,0.902,esmfold2,nomsa_loop10_samples200
4txr,43,2,0.8283,0.8929,1.0014,0.921,1.001,0.569,0.902,esmfold2,nomsa_loop10_samples200
4txr,43,3,0.827,0.8934,1.1359,0.923,1.136,0.602,0.927,esmfold2,nomsa_loop10_samples200
4txr,43,4,0.7931,0.8796,3.6418,0.709,3.642,1.654,0.829,esmfold2,nomsa_loop10_samples200
4txr,44,0,0.8311,0.8952,1.3152,0.92,1.315,0.612,0.927,esmfold2,nomsa_loop10_samples200
4txr,44,1,0.7946,0.8794,3.1561,0.754,3.156,1.41,0.854,esmfold2,nomsa_loop10_samples200
4txr,44,2,0.8306,0.8974,1.0418,0.918,1.042,0.593,0.902,esmfold2,nomsa_loop10_samples200
4txr,44,3,0.8084,0.8813,1.58,0.873,1.58,0.756,0.854,esmfold2,nomsa_loop10_samples200
4txr,44,4,0.8284,0.8936,0.8624,0.947,0.862,0.502,0.951,esmfold2,nomsa_loop10_samples200
4u0c,42,0,0.5561,0.5267,20.9778,0.486,20.978,1.75,0.895,esmfold2,nomsa_loop10_samples200
4u0c,42,1,0.5509,0.5403,8.0362,0.599,8.036,1.563,0.789,esmfold2,nomsa_loop10_samples200
4u0c,42,2,0.5603,0.5364,12.4617,0.514,12.462,1.911,0.842,esmfold2,nomsa_loop10_samples200
4u0c,42,3,0.5552,0.5423,18.5068,0.508,18.507,1.48,0.842,esmfold2,nomsa_loop10_samples200
4u0c,42,4,0.5525,0.5471,19.6176,0.5,19.618,1.35,0.789,esmfold2,nomsa_loop10_samples200
4u0c,43,0,0.5414,0.5156,19.9805,0.552,19.98,1.073,0.842,esmfold2,nomsa_loop10_samples200
4u0c,43,1,0.5489,0.545,17.8686,0.509,17.869,1.498,0.842,esmfold2,nomsa_loop10_samples200
4u0c,43,2,0.5665,0.5386,10.3152,0.594,10.315,1.401,0.842,esmfold2,nomsa_loop10_samples200
4u0c,43,3,0.5505,0.5199,23.3839,0.439,23.384,1.792,0.789,esmfold2,nomsa_loop10_samples200
4u0c,43,4,0.5601,0.538,7.9651,0.61,7.965,1.643,0.842,esmfold2,nomsa_loop10_samples200
4u0c,44,0,0.5448,0.5374,16.4641,0.515,16.464,1.369,0.789,esmfold2,nomsa_loop10_samples200
4u0c,44,1,0.5471,0.5316,8.9751,0.588,8.975,1.493,0.789,esmfold2,nomsa_loop10_samples200
4u0c,44,2,0.5341,0.5116,23.0257,0.464,23.026,1.558,0.789,esmfold2,nomsa_loop10_samples200
4u0c,44,3,0.5544,0.5522,18.8875,0.501,18.888,1.524,0.842,esmfold2,nomsa_loop10_samples200
4u0c,44,4,0.5624,0.5509,15.0807,0.484,15.081,1.758,0.789,esmfold2,nomsa_loop10_samples200
4uqy,42,0,0.7407,0.849,1.1236,0.911,1.124,0.555,0.87,esmfold2,nomsa_loop10_samples200
4uqy,42,1,0.7421,0.852,1.5032,0.887,1.503,0.613,0.833,esmfold2,nomsa_loop10_samples200
4uqy,42,2,0.7405,0.8481,1.4964,0.898,1.496,0.622,0.87,esmfold2,nomsa_loop10_samples200
4uqy,42,3,0.7404,0.8494,1.2903,0.911,1.29,0.543,0.87,esmfold2,nomsa_loop10_samples200
4uqy,42,4,0.7302,0.8414,1.0757,0.915,1.076,0.475,0.852,esmfold2,nomsa_loop10_samples200
4uqy,43,0,0.7371,0.8452,1.109,0.919,1.109,0.491,0.87,esmfold2,nomsa_loop10_samples200
4uqy,43,1,0.743,0.8494,1.523,0.879,1.523,0.619,0.815,esmfold2,nomsa_loop10_samples200
4uqy,43,2,0.7383,0.8451,1.6477,0.898,1.648,0.649,0.889,esmfold2,nomsa_loop10_samples200
4uqy,43,3,0.6344,0.7622,2.5506,0.754,2.551,0.946,0.63,esmfold2,nomsa_loop10_samples200
4uqy,43,4,0.7335,0.8422,1.3418,0.909,1.342,0.555,0.87,esmfold2,nomsa_loop10_samples200
4uqy,44,0,0.7427,0.851,1.4955,0.895,1.496,0.596,0.852,esmfold2,nomsa_loop10_samples200
4uqy,44,1,0.7385,0.8457,1.2948,0.899,1.295,0.538,0.833,esmfold2,nomsa_loop10_samples200
4uqy,44,2,0.7416,0.85,1.1119,0.913,1.112,0.49,0.852,esmfold2,nomsa_loop10_samples200
4uqy,44,3,0.7392,0.8523,1.2303,0.9,1.23,0.536,0.833,esmfold2,nomsa_loop10_samples200
4uqy,44,4,0.7301,0.839,1.3835,0.908,1.384,0.558,0.87,esmfold2,nomsa_loop10_samples200
4x2h,42,0,0.8779,0.9249,4.0288,0.545,4.029,8.476,0.789,esmfold2,nomsa_loop10_samples200
4x2h,42,1,0.2914,0.1724,4.4247,0.456,4.425,8.753,0.553,esmfold2,nomsa_loop10_samples200
4x2h,42,2,0.4032,0.3295,4.7367,0.571,4.737,8.537,0.921,esmfold2,nomsa_loop10_samples200
4x2h,42,3,0.8748,0.9299,4.2551,0.584,4.255,8.471,0.921,esmfold2,nomsa_loop10_samples200
4x2h,42,4,0.3536,0.2688,6.6267,0.393,6.627,8.574,0.526,esmfold2,nomsa_loop10_samples200
4x2h,43,0,0.2937,0.1738,23.1067,0.047,23.107,9.973,0.0,esmfold2,nomsa_loop10_samples200
4x2h,43,1,0.2854,0.1634,21.4889,0.062,21.489,9.629,0.026,esmfold2,nomsa_loop10_samples200
4x2h,43,2,0.8759,0.9231,4.3182,0.556,4.318,8.481,0.842,esmfold2,nomsa_loop10_samples200
4x2h,43,3,0.3233,0.216,3.4194,0.472,3.419,8.737,0.526,esmfold2,nomsa_loop10_samples200
4x2h,43,4,0.849,0.8811,4.2576,0.549,4.258,8.453,0.816,esmfold2,nomsa_loop10_samples200
4x2h,44,0,0.2369,0.1086,31.2365,0.029,31.237,11.115,0.0,esmfold2,nomsa_loop10_samples200
4x2h,44,1,0.3986,0.3253,13.5522,0.191,13.552,9.104,0.263,esmfold2,nomsa_loop10_samples200
4x2h,44,2,0.3421,0.2659,11.1856,0.21,11.186,9.116,0.237,esmfold2,nomsa_loop10_samples200
4x2h,44,3,0.2184,0.084,38.4597,0.021,38.46,11.568,0.0,esmfold2,nomsa_loop10_samples200
4x2h,44,4,0.3466,0.2611,10.5239,0.237,10.524,8.965,0.289,esmfold2,nomsa_loop10_samples200
4x3o,42,0,0.8364,0.9389,1.3395,0.829,1.339,1.469,1.0,esmfold2,nomsa_loop10_samples200
4x3o,42,1,0.848,0.9468,1.4154,0.777,1.415,2.003,1.0,esmfold2,nomsa_loop10_samples200
4x3o,42,2,0.8296,0.939,1.3122,0.828,1.312,1.479,1.0,esmfold2,nomsa_loop10_samples200
4x3o,42,3,0.841,0.9451,1.8872,0.795,1.887,1.718,1.0,esmfold2,nomsa_loop10_samples200
4x3o,42,4,0.8492,0.9455,1.4213,0.849,1.421,1.295,1.0,esmfold2,nomsa_loop10_samples200
4x3o,43,0,0.8291,0.9414,1.4828,0.828,1.483,1.369,0.967,esmfold2,nomsa_loop10_samples200
4x3o,43,1,0.8307,0.9404,1.4941,0.859,1.494,1.21,1.0,esmfold2,nomsa_loop10_samples200
4x3o,43,2,0.8443,0.9429,0.882,0.857,0.882,1.274,1.0,esmfold2,nomsa_loop10_samples200
4x3o,43,3,0.8408,0.9454,1.3648,0.892,1.365,0.978,1.0,esmfold2,nomsa_loop10_samples200
4x3o,43,4,0.8431,0.9444,1.2577,0.865,1.258,1.181,1.0,esmfold2,nomsa_loop10_samples200
4x3o,44,0,0.8428,0.9427,1.0228,0.841,1.023,1.396,1.0,esmfold2,nomsa_loop10_samples200
4x3o,44,1,0.8381,0.9439,1.1955,0.829,1.196,1.485,1.0,esmfold2,nomsa_loop10_samples200
4x3o,44,2,0.8452,0.943,1.434,0.826,1.434,1.48,1.0,esmfold2,nomsa_loop10_samples200
4x3o,44,3,0.8368,0.9388,1.3718,0.823,1.372,1.515,1.0,esmfold2,nomsa_loop10_samples200
4x3o,44,4,0.8414,0.94,1.3148,0.81,1.315,1.65,1.0,esmfold2,nomsa_loop10_samples200
4xc2,42,0,0.7091,0.8108,2.9925,0.748,2.993,1.177,0.735,esmfold2,nomsa_loop10_samples200
4xc2,42,1,0.7129,0.8153,3.1251,0.76,3.125,1.215,0.796,esmfold2,nomsa_loop10_samples200
4xc2,42,2,0.6876,0.8042,5.2468,0.56,5.247,1.989,0.592,esmfold2,nomsa_loop10_samples200
4xc2,42,3,0.7041,0.8102,3.3254,0.73,3.325,1.309,0.755,esmfold2,nomsa_loop10_samples200
4xc2,42,4,0.6996,0.8081,2.6029,0.807,2.603,1.05,0.837,esmfold2,nomsa_loop10_samples200
4xc2,43,0,0.7049,0.8076,4.3836,0.665,4.384,1.661,0.755,esmfold2,nomsa_loop10_samples200
4xc2,43,1,0.703,0.8054,3.4376,0.74,3.438,1.318,0.796,esmfold2,nomsa_loop10_samples200
4xc2,43,2,0.6992,0.8073,1.8936,0.85,1.894,0.748,0.796,esmfold2,nomsa_loop10_samples200
4xc2,43,3,0.675,0.8094,7.8395,0.446,7.839,2.942,0.592,esmfold2,nomsa_loop10_samples200
4xc2,43,4,0.6902,0.8057,2.914,0.745,2.914,1.162,0.714,esmfold2,nomsa_loop10_samples200
4xc2,44,0,0.6831,0.811,7.1145,0.5,7.114,2.687,0.673,esmfold2,nomsa_loop10_samples200
4xc2,44,1,0.704,0.805,2.3443,0.816,2.344,0.932,0.796,esmfold2,nomsa_loop10_samples200
4xc2,44,2,0.7113,0.8059,3.3209,0.739,3.321,1.293,0.776,esmfold2,nomsa_loop10_samples200
4xc2,44,3,0.6826,0.807,7.4557,0.467,7.456,2.796,0.612,esmfold2,nomsa_loop10_samples200
4xc2,44,4,0.7101,0.8008,3.2653,0.749,3.265,1.275,0.796,esmfold2,nomsa_loop10_samples200
4xek,42,0,0.8247,0.8671,0.9767,0.948,0.977,0.467,0.944,esmfold2,nomsa_loop10_samples200
4xek,42,1,0.8268,0.8692,1.0364,0.967,1.036,0.453,1.0,esmfold2,nomsa_loop10_samples200
4xek,42,2,0.827,0.8691,0.625,0.972,0.625,0.349,0.972,esmfold2,nomsa_loop10_samples200
4xek,42,3,0.8257,0.8695,0.8267,0.953,0.827,0.427,0.944,esmfold2,nomsa_loop10_samples200
4xek,42,4,0.8132,0.8555,1.117,0.936,1.117,0.549,0.944,esmfold2,nomsa_loop10_samples200
4xek,43,0,0.8306,0.8727,0.6349,0.964,0.635,0.328,0.944,esmfold2,nomsa_loop10_samples200
4xek,43,1,0.8193,0.8617,3.1316,0.748,3.132,1.493,0.861,esmfold2,nomsa_loop10_samples200
4xek,43,2,0.8124,0.8494,2.1541,0.828,2.154,1.019,0.861,esmfold2,nomsa_loop10_samples200
4xek,43,3,0.8307,0.8728,0.7246,0.959,0.725,0.383,0.944,esmfold2,nomsa_loop10_samples200
4xek,43,4,0.8174,0.8622,1.1209,0.948,1.121,0.448,0.944,esmfold2,nomsa_loop10_samples200
4xek,44,0,0.8157,0.8607,1.7276,0.929,1.728,0.62,0.972,esmfold2,nomsa_loop10_samples200
4xek,44,1,0.8186,0.8638,1.2555,0.942,1.256,0.568,0.972,esmfold2,nomsa_loop10_samples200
4xek,44,2,0.8156,0.8566,2.9709,0.773,2.971,1.388,0.889,esmfold2,nomsa_loop10_samples200
4xek,44,3,0.8281,0.8706,0.747,0.961,0.747,0.359,0.944,esmfold2,nomsa_loop10_samples200
4xek,44,4,0.8228,0.8653,0.9091,0.962,0.909,0.427,0.972,esmfold2,nomsa_loop10_samples200
4yje,42,0,0.7827,0.8863,2.0911,0.823,2.091,0.818,0.755,esmfold2,nomsa_loop10_samples200
4yje,42,1,0.3325,0.4234,2.4202,0.826,2.42,0.848,0.796,esmfold2,nomsa_loop10_samples200
4yje,42,2,0.7814,0.8806,2.5713,0.826,2.571,0.879,0.816,esmfold2,nomsa_loop10_samples200
4yje,42,3,0.7986,0.897,2.5668,0.826,2.567,0.874,0.816,esmfold2,nomsa_loop10_samples200
4yje,42,4,0.7977,0.8971,2.6274,0.821,2.627,0.901,0.816,esmfold2,nomsa_loop10_samples200
4yje,43,0,0.796,0.8968,2.4965,0.829,2.497,0.863,0.816,esmfold2,nomsa_loop10_samples200
4yje,43,1,0.7629,0.8663,2.4088,0.821,2.409,0.84,0.776,esmfold2,nomsa_loop10_samples200
4yje,43,2,0.7862,0.8894,2.1462,0.861,2.146,0.737,0.837,esmfold2,nomsa_loop10_samples200
4yje,43,3,0.7952,0.895,2.5587,0.82,2.559,0.871,0.796,esmfold2,nomsa_loop10_samples200
4yje,43,4,0.799,0.895,2.9087,0.797,2.909,0.981,0.796,esmfold2,nomsa_loop10_samples200
4yje,44,0,0.798,0.8942,2.223,0.848,2.223,0.816,0.837,esmfold2,nomsa_loop10_samples200
4yje,44,1,0.7965,0.8937,2.4567,0.827,2.457,0.838,0.796,esmfold2,nomsa_loop10_samples200
4yje,44,2,0.7934,0.8946,2.5781,0.818,2.578,0.933,0.816,esmfold2,nomsa_loop10_samples200
4yje,44,3,0.8002,0.896,2.6485,0.816,2.648,0.935,0.816,esmfold2,nomsa_loop10_samples200
4yje,44,4,0.8034,0.8996,2.6235,0.826,2.624,0.868,0.816,esmfold2,nomsa_loop10_samples200
4z2o,42,0,0.3503,0.2373,5.9961,0.43,5.996,2.483,0.356,esmfold2,nomsa_loop10_samples200
4z2o,42,1,0.6229,0.6014,12.524,0.138,12.524,5.239,0.022,esmfold2,nomsa_loop10_samples200
4z2o,42,2,0.6231,0.5966,12.6496,0.136,12.65,5.27,0.022,esmfold2,nomsa_loop10_samples200
4z2o,42,3,0.3593,0.2435,6.5187,0.411,6.519,2.779,0.378,esmfold2,nomsa_loop10_samples200
4z2o,42,4,0.4696,0.4047,15.5652,0.17,15.565,6.076,0.222,esmfold2,nomsa_loop10_samples200
4z2o,43,0,0.6127,0.5837,12.571,0.137,12.571,5.258,0.022,esmfold2,nomsa_loop10_samples200
4z2o,43,1,0.3541,0.227,14.0175,0.147,14.017,5.891,0.111,esmfold2,nomsa_loop10_samples200
4z2o,43,2,0.5795,0.5351,12.4552,0.139,12.455,5.217,0.022,esmfold2,nomsa_loop10_samples200
4z2o,43,3,0.3651,0.2549,13.8013,0.165,13.801,5.775,0.156,esmfold2,nomsa_loop10_samples200
4z2o,43,4,0.3494,0.2258,6.2092,0.506,6.209,2.65,0.622,esmfold2,nomsa_loop10_samples200
4z2o,44,0,0.3859,0.2608,11.9963,0.193,11.996,4.806,0.156,esmfold2,nomsa_loop10_samples200
4z2o,44,1,0.5997,0.5709,12.448,0.139,12.448,5.198,0.022,esmfold2,nomsa_loop10_samples200
4z2o,44,2,0.5926,0.556,12.5151,0.138,12.515,5.216,0.022,esmfold2,nomsa_loop10_samples200
4z2o,44,3,0.5712,0.5279,12.6123,0.136,12.612,5.299,0.022,esmfold2,nomsa_loop10_samples200
4z2o,44,4,0.3674,0.2397,11.9266,0.233,11.927,4.597,0.267,esmfold2,nomsa_loop10_samples200
4zoz,42,0,0.8665,0.9554,0.6963,0.938,0.696,0.434,0.898,esmfold2,nomsa_loop10_samples200
4zoz,42,1,0.8668,0.956,1.2433,0.915,1.243,0.588,0.898,esmfold2,nomsa_loop10_samples200
4zoz,42,2,0.8674,0.956,1.4774,0.896,1.477,0.607,0.857,esmfold2,nomsa_loop10_samples200
4zoz,42,3,0.8683,0.9565,1.4585,0.901,1.459,0.617,0.878,esmfold2,nomsa_loop10_samples200
4zoz,42,4,0.872,0.9582,1.5274,0.897,1.527,0.641,0.878,esmfold2,nomsa_loop10_samples200
4zoz,43,0,0.8722,0.9582,1.5427,0.901,1.543,0.662,0.898,esmfold2,nomsa_loop10_samples200
4zoz,43,1,0.8607,0.9543,1.4486,0.914,1.449,0.574,0.898,esmfold2,nomsa_loop10_samples200
4zoz,43,2,0.8519,0.9454,1.267,0.917,1.267,0.57,0.898,esmfold2,nomsa_loop10_samples200
4zoz,43,3,0.8725,0.9581,1.306,0.914,1.306,0.587,0.898,esmfold2,nomsa_loop10_samples200
4zoz,43,4,0.8559,0.9482,1.6266,0.912,1.627,0.625,0.918,esmfold2,nomsa_loop10_samples200
4zoz,44,0,0.8679,0.9561,1.1712,0.921,1.171,0.542,0.898,esmfold2,nomsa_loop10_samples200
4zoz,44,1,0.8673,0.956,1.4156,0.912,1.416,0.594,0.898,esmfold2,nomsa_loop10_samples200
4zoz,44,2,0.8669,0.9537,1.5583,0.906,1.558,0.624,0.898,esmfold2,nomsa_loop10_samples200
4zoz,44,3,0.868,0.957,1.3858,0.906,1.386,0.587,0.878,esmfold2,nomsa_loop10_samples200
4zoz,44,4,0.8631,0.9517,1.2404,0.911,1.24,0.56,0.878,esmfold2,nomsa_loop10_samples200
5bs2,42,0,0.4146,0.2691,22.906,0.057,22.906,6.523,0.0,esmfold2,nomsa_loop10_samples200
5bs2,42,1,0.4217,0.2612,21.9826,0.062,21.983,6.126,0.0,esmfold2,nomsa_loop10_samples200
5bs2,42,2,0.4264,0.2705,22.445,0.06,22.445,6.276,0.0,esmfold2,nomsa_loop10_samples200
5bs2,42,3,0.4313,0.2618,19.3163,0.079,19.316,5.318,0.0,esmfold2,nomsa_loop10_samples200
5bs2,42,4,0.4292,0.2569,18.9738,0.08,18.974,5.36,0.0,esmfold2,nomsa_loop10_samples200
5bs2,43,0,0.4085,0.2356,21.305,0.066,21.305,5.891,0.0,esmfold2,nomsa_loop10_samples200
5bs2,43,1,0.4188,0.2531,20.8144,0.069,20.814,5.719,0.0,esmfold2,nomsa_loop10_samples200
5bs2,43,2,0.43,0.2731,22.9425,0.057,22.942,6.562,0.0,esmfold2,nomsa_loop10_samples200
5bs2,43,3,0.4218,0.2449,19.2044,0.078,19.204,5.452,0.0,esmfold2,nomsa_loop10_samples200
5bs2,43,4,0.4019,0.1983,21.2384,0.065,21.238,6.039,0.0,esmfold2,nomsa_loop10_samples200
5bs2,44,0,0.3018,0.0864,7.0686,0.43,7.069,2.131,0.368,esmfold2,nomsa_loop10_samples200
5bs2,44,1,0.432,0.2659,22.23,0.06,22.23,6.448,0.0,esmfold2,nomsa_loop10_samples200
5bs2,44,2,0.3946,0.1959,20.8946,0.067,20.895,5.993,0.0,esmfold2,nomsa_loop10_samples200
5bs2,44,3,0.3976,0.1878,16.6336,0.101,16.634,4.603,0.0,esmfold2,nomsa_loop10_samples200
5bs2,44,4,0.386,0.1767,17.2916,0.132,17.292,4.629,0.105,esmfold2,nomsa_loop10_samples200
5crw,42,0,0.7673,0.8856,8.5356,0.676,8.536,1.061,0.862,esmfold2,nomsa_loop10_samples200
5crw,42,1,0.7362,0.8755,3.4613,0.796,3.461,1.054,0.862,esmfold2,nomsa_loop10_samples200
5crw,42,2,0.746,0.8794,6.28,0.735,6.28,0.991,0.862,esmfold2,nomsa_loop10_samples200
5crw,42,3,0.7332,0.8729,3.0812,0.827,3.081,0.983,0.897,esmfold2,nomsa_loop10_samples200
5crw,42,4,0.758,0.8811,6.495,0.738,6.495,1.018,0.897,esmfold2,nomsa_loop10_samples200
5crw,43,0,0.7527,0.8816,5.7048,0.757,5.705,1.015,0.897,esmfold2,nomsa_loop10_samples200
5crw,43,1,0.7327,0.8728,5.7193,0.751,5.719,1.056,0.897,esmfold2,nomsa_loop10_samples200
5crw,43,2,0.737,0.8724,4.5935,0.787,4.594,1.005,0.897,esmfold2,nomsa_loop10_samples200
5crw,43,3,0.7346,0.8664,5.9118,0.734,5.912,1.061,0.862,esmfold2,nomsa_loop10_samples200
5crw,43,4,0.7422,0.8786,4.8241,0.781,4.824,1.004,0.897,esmfold2,nomsa_loop10_samples200
5crw,44,0,0.7466,0.8787,4.9601,0.772,4.96,1.048,0.897,esmfold2,nomsa_loop10_samples200
5crw,44,1,0.7437,0.8786,4.1164,0.787,4.116,1.007,0.862,esmfold2,nomsa_loop10_samples200
5crw,44,2,0.7478,0.8785,6.1426,0.723,6.143,1.104,0.862,esmfold2,nomsa_loop10_samples200
5crw,44,3,0.7579,0.8815,6.3267,0.743,6.327,1.009,0.897,esmfold2,nomsa_loop10_samples200
5crw,44,4,0.7613,0.8792,7.8917,0.705,7.892,1.023,0.897,esmfold2,nomsa_loop10_samples200
5d94,42,0,0.8104,0.8419,1.208,0.865,1.208,0.742,0.812,esmfold2,nomsa_loop10_samples200
5d94,42,1,0.8242,0.8603,0.9638,0.892,0.964,0.67,0.854,esmfold2,nomsa_loop10_samples200
5d94,42,2,0.8238,0.8613,0.9614,0.902,0.961,0.644,0.875,esmfold2,nomsa_loop10_samples200
5d94,42,3,0.8279,0.8621,1.1846,0.883,1.185,0.717,0.854,esmfold2,nomsa_loop10_samples200
5d94,42,4,0.8196,0.8555,0.9519,0.914,0.952,0.609,0.896,esmfold2,nomsa_loop10_samples200
5d94,43,0,0.827,0.863,0.8747,0.903,0.875,0.646,0.875,esmfold2,nomsa_loop10_samples200
5d94,43,1,0.8202,0.8523,0.9465,0.909,0.947,0.594,0.875,esmfold2,nomsa_loop10_samples200
5d94,43,2,0.8173,0.8514,1.2635,0.881,1.264,0.676,0.833,esmfold2,nomsa_loop10_samples200
5d94,43,3,0.8169,0.8485,0.7011,0.916,0.701,0.556,0.875,esmfold2,nomsa_loop10_samples200
5d94,43,4,0.8193,0.8563,1.1181,0.897,1.118,0.67,0.875,esmfold2,nomsa_loop10_samples200
5d94,44,0,0.8269,0.8633,0.9551,0.898,0.955,0.675,0.875,esmfold2,nomsa_loop10_samples200
5d94,44,1,0.8173,0.8527,0.8724,0.906,0.872,0.624,0.875,esmfold2,nomsa_loop10_samples200
5d94,44,2,0.8215,0.858,1.2164,0.891,1.216,0.71,0.875,esmfold2,nomsa_loop10_samples200
5d94,44,3,0.8262,0.8596,1.1872,0.882,1.187,0.725,0.854,esmfold2,nomsa_loop10_samples200
5d94,44,4,0.8253,0.8588,1.2209,0.884,1.221,0.754,0.875,esmfold2,nomsa_loop10_samples200
5dai,42,0,0.8599,0.9583,0.8903,0.955,0.89,0.505,0.977,esmfold2,nomsa_loop10_samples200
5dai,42,1,0.8599,0.9574,0.7752,0.947,0.775,0.63,1.0,esmfold2,nomsa_loop10_samples200
5dai,42,2,0.8556,0.9549,0.7649,0.942,0.765,0.669,1.0,esmfold2,nomsa_loop10_samples200
5dai,42,3,0.857,0.9577,0.8059,0.938,0.806,0.585,0.953,esmfold2,nomsa_loop10_samples200
5dai,42,4,0.8573,0.9574,0.5329,0.952,0.533,0.543,0.977,esmfold2,nomsa_loop10_samples200
5dai,43,0,0.8569,0.9564,0.4425,0.952,0.443,0.607,1.0,esmfold2,nomsa_loop10_samples200
5dai,43,1,0.8597,0.9584,0.8052,0.943,0.805,0.657,1.0,esmfold2,nomsa_loop10_samples200
5dai,43,2,0.8592,0.9589,0.6405,0.952,0.64,0.602,1.0,esmfold2,nomsa_loop10_samples200
5dai,43,3,0.8588,0.9583,0.678,0.956,0.678,0.568,1.0,esmfold2,nomsa_loop10_samples200
5dai,43,4,0.8566,0.956,0.7321,0.947,0.732,0.635,1.0,esmfold2,nomsa_loop10_samples200
5dai,44,0,0.8606,0.9584,0.7431,0.935,0.743,0.666,0.977,esmfold2,nomsa_loop10_samples200
5dai,44,1,0.852,0.9549,0.6828,0.953,0.683,0.589,1.0,esmfold2,nomsa_loop10_samples200
5dai,44,2,0.858,0.9574,0.6494,0.957,0.649,0.558,1.0,esmfold2,nomsa_loop10_samples200
5dai,44,3,0.859,0.9572,0.6622,0.951,0.662,0.61,1.0,esmfold2,nomsa_loop10_samples200
5dai,44,4,0.8575,0.9581,0.6127,0.941,0.613,0.568,0.953,esmfold2,nomsa_loop10_samples200
5di8,42,0,0.9538,0.9789,0.8164,0.975,0.816,0.398,1.0,esmfold2,nomsa_loop10_samples200
5di8,42,1,0.9532,0.9787,1.0567,0.968,1.057,0.446,1.0,esmfold2,nomsa_loop10_samples200
5di8,42,2,0.9535,0.9791,0.798,0.97,0.798,0.444,1.0,esmfold2,nomsa_loop10_samples200
5di8,42,3,0.9534,0.9787,0.7281,0.975,0.728,0.408,1.0,esmfold2,nomsa_loop10_samples200
5di8,42,4,0.9542,0.9789,0.72,0.976,0.72,0.395,1.0,esmfold2,nomsa_loop10_samples200
5di8,43,0,0.9503,0.9751,0.7104,0.977,0.71,0.386,1.0,esmfold2,nomsa_loop10_samples200
5di8,43,1,0.9545,0.9792,0.6326,0.979,0.633,0.372,1.0,esmfold2,nomsa_loop10_samples200
5di8,43,2,0.9543,0.9793,0.5959,0.98,0.596,0.361,1.0,esmfold2,nomsa_loop10_samples200
5di8,43,3,0.9508,0.9785,0.682,0.975,0.682,0.407,1.0,esmfold2,nomsa_loop10_samples200
5di8,43,4,0.9538,0.9789,0.7915,0.969,0.791,0.458,1.0,esmfold2,nomsa_loop10_samples200
5di8,44,0,0.9545,0.9794,0.7587,0.975,0.759,0.407,1.0,esmfold2,nomsa_loop10_samples200
5di8,44,1,0.9521,0.9782,0.9463,0.97,0.946,0.433,1.0,esmfold2,nomsa_loop10_samples200
5di8,44,2,0.9537,0.9787,0.6863,0.979,0.686,0.364,1.0,esmfold2,nomsa_loop10_samples200
5di8,44,3,0.954,0.9791,0.6429,0.977,0.643,0.389,1.0,esmfold2,nomsa_loop10_samples200
5di8,44,4,0.9541,0.9793,0.8784,0.973,0.878,0.415,1.0,esmfold2,nomsa_loop10_samples200
5efi,42,0,0.3174,0.2732,16.7665,0.109,16.767,6.966,0.078,esmfold2,nomsa_loop10_samples200
5efi,42,1,0.311,0.2567,10.3403,0.264,10.34,4.206,0.275,esmfold2,nomsa_loop10_samples200
5efi,42,2,0.334,0.3245,5.9788,0.405,5.979,2.594,0.294,esmfold2,nomsa_loop10_samples200
5efi,42,3,0.3039,0.2685,18.8433,0.101,18.843,7.689,0.098,esmfold2,nomsa_loop10_samples200
5efi,42,4,0.3065,0.2745,9.4951,0.323,9.495,3.822,0.392,esmfold2,nomsa_loop10_samples200
5efi,43,0,0.3069,0.2676,10.9381,0.226,10.938,4.369,0.196,esmfold2,nomsa_loop10_samples200
5efi,43,1,0.3454,0.3455,5.9507,0.43,5.951,2.483,0.353,esmfold2,nomsa_loop10_samples200
5efi,43,2,0.3251,0.3307,7.3588,0.378,7.359,3.101,0.373,esmfold2,nomsa_loop10_samples200
5efi,43,3,0.3221,0.2963,2.4358,0.661,2.436,1.534,0.569,esmfold2,nomsa_loop10_samples200
5efi,43,4,0.3145,0.2802,16.9835,0.12,16.984,7.066,0.118,esmfold2,nomsa_loop10_samples200
5efi,44,0,0.3173,0.2753,8.6129,0.266,8.613,3.342,0.137,esmfold2,nomsa_loop10_samples200
5efi,44,1,0.3424,0.3488,4.5791,0.513,4.579,2.123,0.431,esmfold2,nomsa_loop10_samples200
5efi,44,2,0.332,0.3261,7.0642,0.428,7.064,2.813,0.471,esmfold2,nomsa_loop10_samples200
5efi,44,3,0.3178,0.3299,7.16,0.385,7.16,3.028,0.373,esmfold2,nomsa_loop10_samples200
5efi,44,4,0.2881,0.2598,19.0002,0.073,19.0,7.993,0.02,esmfold2,nomsa_loop10_samples200
5ei3,42,0,0.9032,0.966,0.5439,0.968,0.544,0.308,0.949,esmfold2,nomsa_loop10_samples200
5ei3,42,1,0.904,0.9667,0.5799,0.972,0.58,0.36,0.974,esmfold2,nomsa_loop10_samples200
5ei3,42,2,0.9022,0.9655,0.7072,0.97,0.707,0.369,0.974,esmfold2,nomsa_loop10_samples200
5ei3,42,3,0.9027,0.9665,0.5708,0.975,0.571,0.322,0.974,esmfold2,nomsa_loop10_samples200
5ei3,42,4,0.9031,0.9665,0.721,0.97,0.721,0.447,1.0,esmfold2,nomsa_loop10_samples200
5ei3,43,0,0.902,0.9658,0.5382,0.982,0.538,0.34,1.0,esmfold2,nomsa_loop10_samples200
5ei3,43,1,0.9036,0.9668,0.566,0.962,0.566,0.371,0.949,esmfold2,nomsa_loop10_samples200
5ei3,43,2,0.9017,0.9646,0.8276,0.977,0.828,0.374,1.0,esmfold2,nomsa_loop10_samples200
5ei3,43,3,0.9015,0.9643,0.9824,0.954,0.982,0.495,0.974,esmfold2,nomsa_loop10_samples200
5ei3,43,4,0.9029,0.9658,0.7767,0.971,0.777,0.356,0.974,esmfold2,nomsa_loop10_samples200
5ei3,44,0,0.9029,0.9659,0.8259,0.968,0.826,0.379,0.974,esmfold2,nomsa_loop10_samples200
5ei3,44,1,0.9023,0.9653,0.817,0.973,0.817,0.416,1.0,esmfold2,nomsa_loop10_samples200
5ei3,44,2,0.9022,0.9661,0.4947,0.969,0.495,0.396,0.974,esmfold2,nomsa_loop10_samples200
5ei3,44,3,0.9047,0.967,0.8451,0.98,0.845,0.348,1.0,esmfold2,nomsa_loop10_samples200
5ei3,44,4,0.9035,0.966,0.9663,0.976,0.966,0.376,1.0,esmfold2,nomsa_loop10_samples200
5fml,42,0,0.334,0.1997,24.3935,0.044,24.394,9.432,0.0,esmfold2,nomsa_loop10_samples200
5fml,42,1,0.3368,0.1757,24.7072,0.043,24.707,9.897,0.0,esmfold2,nomsa_loop10_samples200
5fml,42,2,0.3751,0.2577,35.8394,0.022,35.839,13.989,0.0,esmfold2,nomsa_loop10_samples200
5fml,42,3,0.3911,0.2709,35.532,0.022,35.532,13.841,0.0,esmfold2,nomsa_loop10_samples200
5fml,42,4,0.3566,0.2272,37.3837,0.02,37.384,15.092,0.0,esmfold2,nomsa_loop10_samples200
5fml,43,0,0.3536,0.1872,26.0087,0.038,26.009,10.779,0.0,esmfold2,nomsa_loop10_samples200
5fml,43,1,0.4128,0.3239,36.9835,0.02,36.984,14.695,0.0,esmfold2,nomsa_loop10_samples200
5fml,43,2,0.3991,0.2872,36.2947,0.021,36.295,14.364,0.0,esmfold2,nomsa_loop10_samples200
5fml,43,3,0.3534,0.226,35.4331,0.022,35.433,14.101,0.0,esmfold2,nomsa_loop10_samples200
5fml,43,4,0.3604,0.2175,24.316,0.045,24.316,9.385,0.0,esmfold2,nomsa_loop10_samples200
5fml,44,0,0.3459,0.2143,36.4975,0.021,36.497,14.435,0.0,esmfold2,nomsa_loop10_samples200
5fml,44,1,0.3407,0.2254,24.7752,0.043,24.775,9.571,0.0,esmfold2,nomsa_loop10_samples200
5fml,44,2,0.3695,0.2534,36.9512,0.02,36.951,14.658,0.0,esmfold2,nomsa_loop10_samples200
5fml,44,3,0.3069,0.0762,22.9804,0.049,22.98,8.852,0.0,esmfold2,nomsa_loop10_samples200
5fml,44,4,0.368,0.2365,36.8025,0.02,36.802,14.524,0.0,esmfold2,nomsa_loop10_samples200
5fpx,42,0,0.368,0.2574,4.436,0.604,4.436,1.393,0.488,esmfold2,nomsa_loop10_samples200
5fpx,42,1,0.3974,0.3129,4.9136,0.538,4.914,1.522,0.372,esmfold2,nomsa_loop10_samples200
5fpx,42,2,0.3862,0.2863,5.2046,0.521,5.205,1.611,0.372,esmfold2,nomsa_loop10_samples200
5fpx,42,3,0.304,0.1953,11.1725,0.197,11.173,3.241,0.047,esmfold2,nomsa_loop10_samples200
5fpx,42,4,0.3349,0.2135,13.1957,0.178,13.196,3.978,0.116,esmfold2,nomsa_loop10_samples200
5fpx,43,0,0.392,0.2959,4.3688,0.579,4.369,1.417,0.419,esmfold2,nomsa_loop10_samples200
5fpx,43,1,0.3891,0.3017,5.9224,0.488,5.922,1.77,0.372,esmfold2,nomsa_loop10_samples200
5fpx,43,2,0.3836,0.2892,6.2586,0.49,6.259,1.917,0.442,esmfold2,nomsa_loop10_samples200
5fpx,43,3,0.35,0.252,10.8333,0.215,10.833,3.299,0.093,esmfold2,nomsa_loop10_samples200
5fpx,43,4,0.3612,0.2552,9.3927,0.318,9.393,2.779,0.279,esmfold2,nomsa_loop10_samples200
5fpx,44,0,0.3262,0.2172,12.657,0.18,12.657,3.798,0.093,esmfold2,nomsa_loop10_samples200
5fpx,44,1,0.3868,0.2911,6.765,0.414,6.765,2.047,0.279,esmfold2,nomsa_loop10_samples200
5fpx,44,2,0.3867,0.2944,5.9442,0.438,5.944,1.795,0.233,esmfold2,nomsa_loop10_samples200
5fpx,44,3,0.3905,0.2957,6.4009,0.439,6.401,1.926,0.302,esmfold2,nomsa_loop10_samples200
5fpx,44,4,0.3487,0.2498,9.9815,0.259,9.981,3.053,0.163,esmfold2,nomsa_loop10_samples200
5fv6,42,0,0.2932,0.1914,22.5634,0.105,22.563,7.363,0.15,esmfold2,nomsa_loop10_samples200
5fv6,42,1,0.2848,0.153,25.4854,0.039,25.485,11.91,0.0,esmfold2,nomsa_loop10_samples200
5fv6,42,2,0.2551,0.1091,25.6174,0.058,25.617,9.686,0.05,esmfold2,nomsa_loop10_samples200
5fv6,42,3,0.2625,0.1059,30.7381,0.029,30.738,12.314,0.0,esmfold2,nomsa_loop10_samples200
5fv6,42,4,0.29,0.1704,29.8041,0.03,29.804,11.98,0.0,esmfold2,nomsa_loop10_samples200
5fv6,43,0,0.297,0.1758,21.6748,0.051,21.675,10.235,0.0,esmfold2,nomsa_loop10_samples200
5fv6,43,1,0.3736,0.3222,26.9385,0.055,26.939,9.562,0.05,esmfold2,nomsa_loop10_samples200
5fv6,43,2,0.2831,0.1575,24.4427,0.043,24.443,10.148,0.0,esmfold2,nomsa_loop10_samples200
5fv6,43,3,0.2475,0.0941,36.1604,0.022,36.16,13.22,0.0,esmfold2,nomsa_loop10_samples200
5fv6,43,4,0.2678,0.1369,32.2285,0.026,32.229,12.465,0.0,esmfold2,nomsa_loop10_samples200
5fv6,44,0,0.2967,0.1463,27.5751,0.034,27.575,12.003,0.0,esmfold2,nomsa_loop10_samples200
5fv6,44,1,0.2294,0.1042,15.2666,0.171,15.267,9.001,0.25,esmfold2,nomsa_loop10_samples200
5fv6,44,2,0.2904,0.1362,28.7428,0.032,28.743,12.502,0.0,esmfold2,nomsa_loop10_samples200
5fv6,44,3,0.2934,0.1646,26.6266,0.038,26.627,9.908,0.0,esmfold2,nomsa_loop10_samples200
5fv6,44,4,0.2489,0.0886,36.0756,0.022,36.076,13.475,0.0,esmfold2,nomsa_loop10_samples200
5ggp,42,0,0.4414,0.4302,35.4108,0.023,35.411,12.083,0.0,esmfold2,nomsa_loop10_samples200
5ggp,42,1,0.4093,0.3423,8.761,0.346,8.761,3.043,0.357,esmfold2,nomsa_loop10_samples200
5ggp,42,2,0.6037,0.5755,35.5613,0.023,35.561,12.117,0.0,esmfold2,nomsa_loop10_samples200
5ggp,42,3,0.4879,0.4583,9.6505,0.303,9.651,3.139,0.286,esmfold2,nomsa_loop10_samples200
5ggp,42,4,0.5743,0.5483,9.6768,0.302,9.677,3.159,0.286,esmfold2,nomsa_loop10_samples200
5ggp,43,0,0.4537,0.4368,35.6339,0.023,35.634,12.13,0.0,esmfold2,nomsa_loop10_samples200
5ggp,43,1,0.4791,0.4231,11.0926,0.231,11.093,4.267,0.214,esmfold2,nomsa_loop10_samples200
5ggp,43,2,0.4789,0.4373,12.8246,0.179,12.825,4.812,0.143,esmfold2,nomsa_loop10_samples200
5ggp,43,3,0.4572,0.4124,11.9235,0.199,11.923,4.138,0.143,esmfold2,nomsa_loop10_samples200
5ggp,43,4,0.4809,0.4279,8.5903,0.331,8.59,2.882,0.286,esmfold2,nomsa_loop10_samples200
5ggp,44,0,0.4239,0.3681,12.1554,0.238,12.155,4.507,0.286,esmfold2,nomsa_loop10_samples200
5ggp,44,1,0.4295,0.3669,8.4308,0.314,8.431,2.806,0.214,esmfold2,nomsa_loop10_samples200
5ggp,44,2,0.5115,0.4646,10.7969,0.271,10.797,3.639,0.286,esmfold2,nomsa_loop10_samples200
5ggp,44,3,0.5729,0.5405,9.5662,0.304,9.566,3.158,0.286,esmfold2,nomsa_loop10_samples200
5ggp,44,4,0.4215,0.3709,13.0585,0.176,13.059,4.882,0.143,esmfold2,nomsa_loop10_samples200
5gu4,42,0,0.2031,0.1106,33.6556,0.038,33.656,11.146,0.037,esmfold2,nomsa_loop10_samples200
5gu4,42,1,0.2515,0.1181,23.8433,0.058,23.843,9.327,0.037,esmfold2,nomsa_loop10_samples200
5gu4,42,2,0.2457,0.1761,17.9872,0.171,17.987,8.06,0.296,esmfold2,nomsa_loop10_samples200
5gu4,42,3,0.2117,0.1163,21.8437,0.136,21.844,11.507,0.259,esmfold2,nomsa_loop10_samples200
5gu4,42,4,0.2095,0.1101,21.1295,0.064,21.129,11.402,0.037,esmfold2,nomsa_loop10_samples200
5gu4,43,0,0.2433,0.1766,19.5355,0.179,19.535,6.981,0.333,esmfold2,nomsa_loop10_samples200
5gu4,43,1,0.219,0.1148,26.5526,0.035,26.553,13.838,0.0,esmfold2,nomsa_loop10_samples200
5gu4,43,2,0.209,0.1224,30.47,0.029,30.47,12.36,0.0,esmfold2,nomsa_loop10_samples200
5gu4,43,3,0.2275,0.1319,11.6536,0.255,11.654,6.714,0.37,esmfold2,nomsa_loop10_samples200
5gu4,43,4,0.2166,0.0998,26.2393,0.036,26.239,12.568,0.0,esmfold2,nomsa_loop10_samples200
5gu4,44,0,0.2305,0.1605,14.015,0.182,14.015,10.692,0.259,esmfold2,nomsa_loop10_samples200
5gu4,44,1,0.2172,0.0946,30.6294,0.029,30.629,11.958,0.0,esmfold2,nomsa_loop10_samples200
5gu4,44,2,0.2195,0.1049,17.3883,0.083,17.388,10.665,0.037,esmfold2,nomsa_loop10_samples200
5gu4,44,3,0.2261,0.1747,15.1065,0.2,15.107,9.234,0.333,esmfold2,nomsa_loop10_samples200
5gu4,44,4,0.2382,0.1061,25.8737,0.04,25.874,10.095,0.0,esmfold2,nomsa_loop10_samples200
5huw,42,0,0.8879,0.9674,1.3115,0.904,1.311,0.641,0.889,esmfold2,nomsa_loop10_samples200
5huw,42,1,0.8862,0.9656,1.1293,0.919,1.129,0.591,0.907,esmfold2,nomsa_loop10_samples200
5huw,42,2,0.8867,0.966,1.2293,0.913,1.229,0.622,0.907,esmfold2,nomsa_loop10_samples200
5huw,42,3,0.887,0.9668,1.3163,0.909,1.316,0.648,0.907,esmfold2,nomsa_loop10_samples200
5huw,42,4,0.8871,0.9673,1.1839,0.922,1.184,0.605,0.926,esmfold2,nomsa_loop10_samples200
5huw,43,0,0.8885,0.9667,1.1318,0.919,1.132,0.591,0.907,esmfold2,nomsa_loop10_samples200
5huw,43,1,0.8905,0.9694,1.3128,0.904,1.313,0.642,0.889,esmfold2,nomsa_loop10_samples200
5huw,43,2,0.8707,0.9613,1.0322,0.91,1.032,0.573,0.87,esmfold2,nomsa_loop10_samples200
5huw,43,3,0.8871,0.9664,1.0464,0.915,1.046,0.58,0.889,esmfold2,nomsa_loop10_samples200
5huw,43,4,0.8897,0.9664,1.115,0.923,1.115,0.604,0.926,esmfold2,nomsa_loop10_samples200
5huw,44,0,0.8868,0.9663,1.2338,0.914,1.234,0.618,0.907,esmfold2,nomsa_loop10_samples200
5huw,44,1,0.8874,0.9674,1.0235,0.916,1.024,0.568,0.889,esmfold2,nomsa_loop10_samples200
5huw,44,2,0.8959,0.9689,1.1499,0.91,1.15,0.605,0.889,esmfold2,nomsa_loop10_samples200
5huw,44,3,0.8882,0.9675,1.2077,0.915,1.208,0.613,0.907,esmfold2,nomsa_loop10_samples200
5huw,44,4,0.8875,0.9669,1.2555,0.906,1.255,0.631,0.889,esmfold2,nomsa_loop10_samples200
5i7z,42,0,0.8158,0.8891,5.1199,0.69,5.12,1.645,0.882,esmfold2,nomsa_loop10_samples200
5i7z,42,1,0.8119,0.8871,1.4554,0.912,1.455,0.623,0.912,esmfold2,nomsa_loop10_samples200
5i7z,42,2,0.8079,0.8899,5.8353,0.652,5.835,1.859,0.882,esmfold2,nomsa_loop10_samples200
5i7z,42,3,0.8285,0.8835,1.1816,0.911,1.182,0.582,0.882,esmfold2,nomsa_loop10_samples200
5i7z,42,4,0.8125,0.8923,4.8619,0.705,4.862,1.56,0.882,esmfold2,nomsa_loop10_samples200
5i7z,43,0,0.8384,0.8901,1.0997,0.933,1.1,0.493,0.912,esmfold2,nomsa_loop10_samples200
5i7z,43,1,0.8364,0.8911,0.6838,0.952,0.684,0.438,0.941,esmfold2,nomsa_loop10_samples200
5i7z,43,2,0.8242,0.8906,0.9015,0.941,0.902,0.515,0.941,esmfold2,nomsa_loop10_samples200
5i7z,43,3,0.8301,0.8914,0.7714,0.949,0.771,0.458,0.941,esmfold2,nomsa_loop10_samples200
5i7z,43,4,0.8188,0.8921,1.0988,0.941,1.099,0.507,0.941,esmfold2,nomsa_loop10_samples200
5i7z,44,0,0.8119,0.893,5.0276,0.696,5.028,1.61,0.882,esmfold2,nomsa_loop10_samples200
5i7z,44,1,0.823,0.8922,1.1054,0.942,1.105,0.495,0.941,esmfold2,nomsa_loop10_samples200
5i7z,44,2,0.8361,0.8928,0.7007,0.956,0.701,0.402,0.941,esmfold2,nomsa_loop10_samples200
5i7z,44,3,0.8253,0.894,0.9463,0.945,0.946,0.481,0.941,esmfold2,nomsa_loop10_samples200
5i7z,44,4,0.8289,0.8859,1.1865,0.929,1.186,0.519,0.912,esmfold2,nomsa_loop10_samples200
5j3q,42,0,0.831,0.8591,1.9022,0.811,1.902,1.296,0.907,esmfold2,nomsa_loop10_samples200
5j3q,42,1,0.8262,0.8552,2.036,0.786,2.036,1.348,0.86,esmfold2,nomsa_loop10_samples200
5j3q,42,2,0.8307,0.8597,1.9414,0.791,1.941,1.385,0.884,esmfold2,nomsa_loop10_samples200
5j3q,42,3,0.826,0.8546,1.8034,0.8,1.803,1.213,0.837,esmfold2,nomsa_loop10_samples200
5j3q,42,4,0.8246,0.8533,1.5103,0.803,1.51,1.219,0.837,esmfold2,nomsa_loop10_samples200
5j3q,43,0,0.8199,0.8478,1.9198,0.793,1.92,1.313,0.86,esmfold2,nomsa_loop10_samples200
5j3q,43,1,0.8306,0.8596,1.8853,0.777,1.885,1.451,0.86,esmfold2,nomsa_loop10_samples200
5j3q,43,2,0.8118,0.8393,2.1891,0.766,2.189,1.371,0.814,esmfold2,nomsa_loop10_samples200
5j3q,43,3,0.8275,0.858,1.6771,0.784,1.677,1.353,0.837,esmfold2,nomsa_loop10_samples200
5j3q,43,4,0.8242,0.8545,2.046,0.748,2.046,1.411,0.767,esmfold2,nomsa_loop10_samples200
5j3q,44,0,0.8285,0.8582,1.75,0.807,1.75,1.221,0.86,esmfold2,nomsa_loop10_samples200
5j3q,44,1,0.8302,0.8593,1.9709,0.76,1.971,1.385,0.791,esmfold2,nomsa_loop10_samples200
5j3q,44,2,0.8221,0.8472,1.6342,0.776,1.634,1.298,0.791,esmfold2,nomsa_loop10_samples200
5j3q,44,3,0.83,0.8577,2.077,0.786,2.077,1.343,0.86,esmfold2,nomsa_loop10_samples200
5j3q,44,4,0.8291,0.8581,1.9671,0.779,1.967,1.421,0.86,esmfold2,nomsa_loop10_samples200
5kds,42,0,0.3554,0.5244,6.7217,0.505,6.722,2.375,0.615,esmfold2,nomsa_loop10_samples200
5kds,42,1,0.3479,0.4702,13.5192,0.253,13.519,4.737,0.385,esmfold2,nomsa_loop10_samples200
5kds,42,2,0.3518,0.4879,9.5391,0.254,9.539,3.358,0.154,esmfold2,nomsa_loop10_samples200
5kds,42,3,0.3277,0.4846,4.7354,0.653,4.735,1.741,0.769,esmfold2,nomsa_loop10_samples200
5kds,42,4,0.346,0.5048,9.4558,0.286,9.456,3.192,0.231,esmfold2,nomsa_loop10_samples200
5kds,43,0,0.3286,0.4557,14.7478,0.239,14.748,4.942,0.385,esmfold2,nomsa_loop10_samples200
5kds,43,1,0.3454,0.5021,7.2793,0.46,7.279,2.508,0.538,esmfold2,nomsa_loop10_samples200
5kds,43,2,0.3326,0.498,6.6871,0.564,6.687,2.264,0.769,esmfold2,nomsa_loop10_samples200
5kds,43,3,0.3363,0.5059,6.8345,0.525,6.834,2.437,0.692,esmfold2,nomsa_loop10_samples200
5kds,43,4,0.3468,0.5045,7.9503,0.435,7.95,2.714,0.538,esmfold2,nomsa_loop10_samples200
5kds,44,0,0.3252,0.4814,4.7281,0.661,4.728,1.66,0.769,esmfold2,nomsa_loop10_samples200
5kds,44,1,0.3656,0.5313,7.3887,0.425,7.389,2.652,0.462,esmfold2,nomsa_loop10_samples200
5kds,44,2,0.3403,0.4921,8.709,0.411,8.709,2.947,0.538,esmfold2,nomsa_loop10_samples200
5kds,44,3,0.32,0.4574,7.6919,0.452,7.692,2.476,0.538,esmfold2,nomsa_loop10_samples200
5kds,44,4,0.3164,0.4694,6.0499,0.483,6.05,2.17,0.462,esmfold2,nomsa_loop10_samples200
5lyn,42,0,0.6594,0.6794,1.3509,0.906,1.351,0.436,0.821,esmfold2,nomsa_loop10_samples200
5lyn,42,1,0.6444,0.6637,1.1454,0.915,1.145,0.373,0.821,esmfold2,nomsa_loop10_samples200
5lyn,42,2,0.6419,0.6618,1.177,0.914,1.177,0.379,0.821,esmfold2,nomsa_loop10_samples200
5lyn,42,3,0.6573,0.6764,1.2935,0.932,1.293,0.424,0.893,esmfold2,nomsa_loop10_samples200
5lyn,42,4,0.6418,0.6627,1.2199,0.934,1.22,0.411,0.893,esmfold2,nomsa_loop10_samples200
5lyn,43,0,0.6345,0.655,1.1427,0.926,1.143,0.385,0.857,esmfold2,nomsa_loop10_samples200
5lyn,43,1,0.6553,0.6794,1.2226,0.913,1.223,0.384,0.821,esmfold2,nomsa_loop10_samples200
5lyn,43,2,0.6681,0.6914,1.1971,0.926,1.197,0.378,0.857,esmfold2,nomsa_loop10_samples200
5lyn,43,3,0.6212,0.6297,1.5165,0.884,1.517,0.51,0.786,esmfold2,nomsa_loop10_samples200
5lyn,43,4,0.6561,0.6835,1.0053,0.932,1.005,0.329,0.857,esmfold2,nomsa_loop10_samples200
5lyn,44,0,0.6482,0.6693,1.2803,0.92,1.28,0.423,0.857,esmfold2,nomsa_loop10_samples200
5lyn,44,1,0.6594,0.684,1.146,0.939,1.146,0.376,0.893,esmfold2,nomsa_loop10_samples200
5lyn,44,2,0.6473,0.67,1.3047,0.945,1.305,0.416,0.929,esmfold2,nomsa_loop10_samples200
5lyn,44,3,0.6489,0.6692,1.1192,0.915,1.119,0.38,0.821,esmfold2,nomsa_loop10_samples200
5lyn,44,4,0.6333,0.6532,1.0724,0.949,1.072,0.401,0.929,esmfold2,nomsa_loop10_samples200
5m5r,42,0,0.6455,0.6957,2.3684,0.844,2.368,0.89,0.865,esmfold2,nomsa_loop10_samples200
5m5r,42,1,0.669,0.7156,2.5157,0.822,2.516,0.962,0.838,esmfold2,nomsa_loop10_samples200
5m5r,42,2,0.6672,0.7104,2.3253,0.845,2.325,0.888,0.865,esmfold2,nomsa_loop10_samples200
5m5r,42,3,0.6253,0.6652,2.4965,0.846,2.497,0.923,0.892,esmfold2,nomsa_loop10_samples200
5m5r,42,4,0.64,0.6823,2.6117,0.833,2.612,0.998,0.892,esmfold2,nomsa_loop10_samples200
5m5r,43,0,0.6571,0.7084,2.3293,0.853,2.329,0.896,0.892,esmfold2,nomsa_loop10_samples200
5m5r,43,1,0.6565,0.7051,2.2197,0.849,2.22,0.875,0.865,esmfold2,nomsa_loop10_samples200
5m5r,43,2,0.5898,0.6224,2.2375,0.853,2.238,0.846,0.865,esmfold2,nomsa_loop10_samples200
5m5r,43,3,0.6588,0.707,2.405,0.838,2.405,0.931,0.865,esmfold2,nomsa_loop10_samples200
5m5r,43,4,0.6611,0.7162,2.4943,0.832,2.494,0.955,0.865,esmfold2,nomsa_loop10_samples200
5m5r,44,0,0.6332,0.6685,2.4327,0.832,2.433,0.963,0.865,esmfold2,nomsa_loop10_samples200
5m5r,44,1,0.6667,0.7094,2.4647,0.836,2.465,0.937,0.865,esmfold2,nomsa_loop10_samples200
5m5r,44,2,0.6537,0.6994,2.1693,0.837,2.169,0.904,0.838,esmfold2,nomsa_loop10_samples200
5m5r,44,3,0.6195,0.6617,2.5218,0.822,2.522,0.961,0.838,esmfold2,nomsa_loop10_samples200
5m5r,44,4,0.6708,0.7224,2.6178,0.837,2.618,0.971,0.892,esmfold2,nomsa_loop10_samples200
5n22,42,0,0.318,0.2377,16.408,0.087,16.408,6.503,0.0,esmfold2,nomsa_loop10_samples200
5n22,42,1,0.4185,0.3722,14.3923,0.174,14.392,5.61,0.196,esmfold2,nomsa_loop10_samples200
5n22,42,2,0.5448,0.5454,18.2662,0.081,18.266,6.998,0.022,esmfold2,nomsa_loop10_samples200
5n22,42,3,0.4133,0.3826,16.2447,0.098,16.245,6.022,0.022,esmfold2,nomsa_loop10_samples200
5n22,42,4,0.4107,0.3626,14.1944,0.185,14.194,5.278,0.217,esmfold2,nomsa_loop10_samples200
5n22,43,0,0.4278,0.3874,14.3612,0.159,14.361,5.652,0.152,esmfold2,nomsa_loop10_samples200
5n22,43,1,0.4158,0.3719,14.1766,0.176,14.177,5.5,0.196,esmfold2,nomsa_loop10_samples200
5n22,43,2,0.4031,0.337,14.6637,0.182,14.664,6.141,0.239,esmfold2,nomsa_loop10_samples200
5n22,43,3,0.5871,0.6098,18.0682,0.085,18.068,6.382,0.022,esmfold2,nomsa_loop10_samples200
5n22,43,4,0.3355,0.2642,13.9953,0.142,13.995,5.544,0.087,esmfold2,nomsa_loop10_samples200
5n22,44,0,0.5674,0.5826,17.2787,0.087,17.279,6.895,0.022,esmfold2,nomsa_loop10_samples200
5n22,44,1,0.3584,0.2842,15.4646,0.149,15.465,5.814,0.152,esmfold2,nomsa_loop10_samples200
5n22,44,2,0.3564,0.2957,16.2782,0.147,16.278,6.274,0.174,esmfold2,nomsa_loop10_samples200
5n22,44,3,0.4207,0.3664,14.258,0.176,14.258,5.44,0.196,esmfold2,nomsa_loop10_samples200
5n22,44,4,0.5758,0.5918,16.9764,0.089,16.976,6.887,0.022,esmfold2,nomsa_loop10_samples200
5n85,42,0,0.6653,0.7031,7.1034,0.368,7.103,2.786,0.289,esmfold2,nomsa_loop10_samples200
5n85,42,1,0.6362,0.6342,2.7284,0.756,2.728,1.227,0.763,esmfold2,nomsa_loop10_samples200
5n85,42,2,0.6287,0.6262,2.668,0.768,2.668,1.212,0.789,esmfold2,nomsa_loop10_samples200
5n85,42,3,0.6626,0.6762,2.6737,0.758,2.674,1.223,0.763,esmfold2,nomsa_loop10_samples200
5n85,42,4,0.7014,0.7317,3.0845,0.719,3.085,1.395,0.737,esmfold2,nomsa_loop10_samples200
5n85,43,0,0.7394,0.7737,2.6956,0.735,2.696,1.263,0.711,esmfold2,nomsa_loop10_samples200
5n85,43,1,0.6533,0.6645,2.3225,0.758,2.322,1.075,0.684,esmfold2,nomsa_loop10_samples200
5n85,43,2,0.6326,0.6364,2.7359,0.751,2.736,1.266,0.763,esmfold2,nomsa_loop10_samples200
5n85,43,3,0.7178,0.7518,2.8001,0.748,2.8,1.281,0.763,esmfold2,nomsa_loop10_samples200
5n85,43,4,0.6261,0.6203,2.6535,0.724,2.654,1.286,0.684,esmfold2,nomsa_loop10_samples200
5n85,44,0,0.6296,0.6251,2.7519,0.712,2.752,1.365,0.684,esmfold2,nomsa_loop10_samples200
5n85,44,1,0.6503,0.6518,2.8876,0.731,2.888,1.33,0.737,esmfold2,nomsa_loop10_samples200
5n85,44,2,0.6205,0.606,3.1057,0.718,3.106,1.4,0.737,esmfold2,nomsa_loop10_samples200
5n85,44,3,0.6642,0.6981,7.5015,0.363,7.501,2.913,0.316,esmfold2,nomsa_loop10_samples200
5n85,44,4,0.6287,0.6208,2.2731,0.783,2.273,1.092,0.763,esmfold2,nomsa_loop10_samples200
5njc,42,0,0.6769,0.8249,1.1834,0.927,1.183,0.559,0.923,esmfold2,nomsa_loop10_samples200
5njc,42,1,0.6681,0.8197,1.0557,0.93,1.056,0.552,0.923,esmfold2,nomsa_loop10_samples200
5njc,42,2,0.6648,0.8188,1.0983,0.931,1.098,0.534,0.923,esmfold2,nomsa_loop10_samples200
5njc,42,3,0.684,0.8343,1.2227,0.927,1.223,0.56,0.923,esmfold2,nomsa_loop10_samples200
5njc,42,4,0.6895,0.8353,1.0394,0.93,1.039,0.551,0.923,esmfold2,nomsa_loop10_samples200
5njc,43,0,0.6879,0.8358,1.1629,0.926,1.163,0.572,0.923,esmfold2,nomsa_loop10_samples200
5njc,43,1,0.6958,0.8404,0.9823,0.927,0.982,0.577,0.923,esmfold2,nomsa_loop10_samples200
5njc,43,2,0.6627,0.8173,1.0413,0.928,1.041,0.569,0.923,esmfold2,nomsa_loop10_samples200
5njc,43,3,0.6947,0.8447,1.2298,0.913,1.23,0.601,0.897,esmfold2,nomsa_loop10_samples200
5njc,43,4,0.6703,0.8194,1.2407,0.925,1.241,0.57,0.923,esmfold2,nomsa_loop10_samples200
5njc,44,0,0.6759,0.8253,1.1174,0.917,1.117,0.639,0.923,esmfold2,nomsa_loop10_samples200
5njc,44,1,0.6653,0.8154,1.2354,0.927,1.235,0.556,0.923,esmfold2,nomsa_loop10_samples200
5njc,44,2,0.6783,0.8258,1.1399,0.927,1.14,0.563,0.923,esmfold2,nomsa_loop10_samples200
5njc,44,3,0.6758,0.8253,0.9537,0.933,0.954,0.53,0.923,esmfold2,nomsa_loop10_samples200
5njc,44,4,0.6584,0.819,1.1704,0.927,1.17,0.562,0.923,esmfold2,nomsa_loop10_samples200
5nqv,42,0,0.8087,0.8995,2.3196,0.861,2.32,0.819,0.881,esmfold2,nomsa_loop10_samples200
5nqv,42,1,0.8141,0.8981,2.1815,0.877,2.181,0.775,0.905,esmfold2,nomsa_loop10_samples200
5nqv,42,2,0.816,0.8983,2.3481,0.861,2.348,0.81,0.881,esmfold2,nomsa_loop10_samples200
5nqv,42,3,0.8156,0.901,2.4493,0.847,2.449,0.899,0.881,esmfold2,nomsa_loop10_samples200
5nqv,42,4,0.8103,0.8976,2.3573,0.868,2.357,0.817,0.905,esmfold2,nomsa_loop10_samples200
5nqv,43,0,0.8123,0.8969,2.376,0.854,2.376,0.856,0.881,esmfold2,nomsa_loop10_samples200
5nqv,43,1,0.8104,0.8965,2.4813,0.847,2.481,0.894,0.881,esmfold2,nomsa_loop10_samples200
5nqv,43,2,0.8079,0.8949,2.4889,0.838,2.489,0.899,0.857,esmfold2,nomsa_loop10_samples200
5nqv,43,3,0.8048,0.8946,2.4313,0.856,2.431,0.838,0.881,esmfold2,nomsa_loop10_samples200
5nqv,43,4,0.8112,0.8972,2.101,0.872,2.101,0.769,0.881,esmfold2,nomsa_loop10_samples200
5nqv,44,0,0.815,0.8987,2.1572,0.871,2.157,0.765,0.881,esmfold2,nomsa_loop10_samples200
5nqv,44,1,0.7993,0.8927,2.3369,0.85,2.337,0.833,0.857,esmfold2,nomsa_loop10_samples200
5nqv,44,2,0.815,0.9016,2.4748,0.848,2.475,0.884,0.881,esmfold2,nomsa_loop10_samples200
5nqv,44,3,0.8108,0.8973,2.026,0.882,2.026,0.707,0.881,esmfold2,nomsa_loop10_samples200
5nqv,44,4,0.8092,0.895,2.2905,0.859,2.29,0.836,0.881,esmfold2,nomsa_loop10_samples200
5o9u,42,0,0.6801,0.8314,1.6684,0.897,1.668,0.558,0.849,esmfold2,nomsa_loop10_samples200
5o9u,42,1,0.6777,0.8265,0.9098,0.948,0.91,0.392,0.918,esmfold2,nomsa_loop10_samples200
5o9u,42,2,0.6801,0.8292,1.5191,0.898,1.519,0.494,0.822,esmfold2,nomsa_loop10_samples200
5o9u,42,3,0.6793,0.8311,0.4149,0.977,0.415,0.3,0.973,esmfold2,nomsa_loop10_samples200
5o9u,42,4,0.6857,0.8343,0.6773,0.95,0.677,0.335,0.904,esmfold2,nomsa_loop10_samples200
5o9u,43,0,0.683,0.8331,1.603,0.907,1.603,0.523,0.863,esmfold2,nomsa_loop10_samples200
5o9u,43,1,0.6803,0.8259,1.7902,0.897,1.79,0.579,0.863,esmfold2,nomsa_loop10_samples200
5o9u,43,2,0.6795,0.8338,1.7555,0.888,1.756,0.584,0.836,esmfold2,nomsa_loop10_samples200
5o9u,43,3,0.6915,0.8336,0.8763,0.943,0.876,0.35,0.89,esmfold2,nomsa_loop10_samples200
5o9u,43,4,0.6861,0.8316,0.6757,0.953,0.676,0.348,0.918,esmfold2,nomsa_loop10_samples200
5o9u,44,0,0.6792,0.8296,1.6015,0.902,1.601,0.524,0.849,esmfold2,nomsa_loop10_samples200
5o9u,44,1,0.6775,0.8293,1.6433,0.888,1.643,0.595,0.836,esmfold2,nomsa_loop10_samples200
5o9u,44,2,0.6806,0.8314,1.7076,0.901,1.708,0.557,0.863,esmfold2,nomsa_loop10_samples200
5o9u,44,3,0.6823,0.833,1.6646,0.903,1.665,0.542,0.863,esmfold2,nomsa_loop10_samples200
5o9u,44,4,0.6733,0.832,1.4806,0.916,1.481,0.499,0.877,esmfold2,nomsa_loop10_samples200
5oj5,42,0,0.2633,0.2565,30.4886,0.031,30.489,10.062,0.0,esmfold2,nomsa_loop10_samples200
5oj5,42,1,0.2542,0.2264,27.0557,0.04,27.056,8.523,0.0,esmfold2,nomsa_loop10_samples200
5oj5,42,2,0.2367,0.2148,30.1239,0.031,30.124,10.372,0.0,esmfold2,nomsa_loop10_samples200
5oj5,42,3,0.2564,0.2545,27.4679,0.038,27.468,9.098,0.0,esmfold2,nomsa_loop10_samples200
5oj5,42,4,0.2245,0.1996,31.4167,0.03,31.417,10.161,0.0,esmfold2,nomsa_loop10_samples200
5oj5,43,0,0.2452,0.1888,30.8759,0.03,30.876,10.655,0.0,esmfold2,nomsa_loop10_samples200
5oj5,43,1,0.2261,0.1936,28.353,0.035,28.353,9.893,0.0,esmfold2,nomsa_loop10_samples200
5oj5,43,2,0.2075,0.1572,42.339,0.017,42.339,14.158,0.0,esmfold2,nomsa_loop10_samples200
5oj5,43,3,0.2541,0.2161,30.8397,0.03,30.84,10.718,0.0,esmfold2,nomsa_loop10_samples200
5oj5,43,4,0.2556,0.2227,31.2555,0.029,31.256,10.789,0.0,esmfold2,nomsa_loop10_samples200
5oj5,44,0,0.2482,0.2301,32.6116,0.027,32.612,10.877,0.0,esmfold2,nomsa_loop10_samples200
5oj5,44,1,0.2448,0.239,31.9629,0.028,31.963,10.652,0.0,esmfold2,nomsa_loop10_samples200
5oj5,44,2,0.2455,0.1969,30.1165,0.031,30.117,10.478,0.0,esmfold2,nomsa_loop10_samples200
5oj5,44,3,0.2469,0.2286,29.522,0.034,29.522,9.505,0.0,esmfold2,nomsa_loop10_samples200
5oj5,44,4,0.2568,0.2095,29.1962,0.033,29.196,10.191,0.0,esmfold2,nomsa_loop10_samples200
5onp,42,0,0.5521,0.6972,7.5766,0.429,7.577,1.887,0.342,esmfold2,nomsa_loop10_samples200
5onp,42,1,0.5542,0.7054,7.8234,0.419,7.823,1.946,0.342,esmfold2,nomsa_loop10_samples200
5onp,42,2,0.534,0.6938,7.2008,0.437,7.201,1.793,0.316,esmfold2,nomsa_loop10_samples200
5onp,42,3,0.533,0.6827,8.0974,0.417,8.097,2.009,0.368,esmfold2,nomsa_loop10_samples200
5onp,42,4,0.5555,0.7048,7.579,0.438,7.579,1.887,0.368,esmfold2,nomsa_loop10_samples200
5onp,43,0,0.5498,0.7012,7.6099,0.428,7.61,1.89,0.342,esmfold2,nomsa_loop10_samples200
5onp,43,1,0.4574,0.619,6.7927,0.507,6.793,1.707,0.474,esmfold2,nomsa_loop10_samples200
5onp,43,2,0.4528,0.6123,2.7423,0.855,2.742,0.713,0.842,esmfold2,nomsa_loop10_samples200
5onp,43,3,0.5512,0.7001,6.8293,0.453,6.829,1.705,0.316,esmfold2,nomsa_loop10_samples200
5onp,43,4,0.5082,0.6826,5.9456,0.514,5.946,1.491,0.368,esmfold2,nomsa_loop10_samples200
5onp,44,0,0.5349,0.688,7.7446,0.439,7.745,1.928,0.395,esmfold2,nomsa_loop10_samples200
5onp,44,1,0.5353,0.6928,8.2086,0.412,8.209,2.038,0.368,esmfold2,nomsa_loop10_samples200
5onp,44,2,0.5536,0.7004,7.0875,0.442,7.087,1.767,0.316,esmfold2,nomsa_loop10_samples200
5onp,44,3,0.5549,0.6989,7.306,0.449,7.306,1.821,0.368,esmfold2,nomsa_loop10_samples200
5onp,44,4,0.4443,0.619,3.512,0.688,3.512,0.899,0.474,esmfold2,nomsa_loop10_samples200
5t0k,42,0,0.8954,0.9528,0.9352,0.899,0.935,0.837,0.946,esmfold2,nomsa_loop10_samples200
5t0k,42,1,0.8889,0.9513,0.7529,0.907,0.753,0.747,0.929,esmfold2,nomsa_loop10_samples200
5t0k,42,2,0.8925,0.9522,0.9905,0.898,0.99,0.759,0.911,esmfold2,nomsa_loop10_samples200
5t0k,42,3,0.8879,0.9475,0.9245,0.901,0.924,0.864,0.964,esmfold2,nomsa_loop10_samples200
5t0k,42,4,0.892,0.951,0.9476,0.882,0.948,0.871,0.911,esmfold2,nomsa_loop10_samples200
5t0k,43,0,0.8749,0.9434,1.0582,0.906,1.058,0.784,0.946,esmfold2,nomsa_loop10_samples200
5t0k,43,1,0.8908,0.9512,0.8283,0.899,0.828,0.842,0.946,esmfold2,nomsa_loop10_samples200
5t0k,43,2,0.8888,0.9473,0.9559,0.907,0.956,0.823,0.964,esmfold2,nomsa_loop10_samples200
5t0k,43,3,0.8914,0.9514,0.7499,0.906,0.75,0.754,0.929,esmfold2,nomsa_loop10_samples200
5t0k,43,4,0.8959,0.9542,1.236,0.9,1.236,0.813,0.946,esmfold2,nomsa_loop10_samples200
5t0k,44,0,0.8883,0.9471,0.9408,0.879,0.941,0.855,0.893,esmfold2,nomsa_loop10_samples200
5t0k,44,1,0.8806,0.9421,0.8559,0.905,0.856,0.758,0.929,esmfold2,nomsa_loop10_samples200
5t0k,44,2,0.893,0.9515,0.8719,0.905,0.872,0.837,0.964,esmfold2,nomsa_loop10_samples200
5t0k,44,3,0.8933,0.9526,1.0345,0.902,1.034,0.809,0.946,esmfold2,nomsa_loop10_samples200
5t0k,44,4,0.8869,0.9466,0.7134,0.891,0.713,0.866,0.929,esmfold2,nomsa_loop10_samples200
5tgi,42,0,0.8284,0.8808,1.2571,0.891,1.257,0.881,0.951,esmfold2,nomsa_loop10_samples200
5tgi,42,1,0.8334,0.8758,1.3103,0.939,1.31,0.597,0.976,esmfold2,nomsa_loop10_samples200
5tgi,42,2,0.8298,0.8689,2.3392,0.86,2.339,0.926,0.927,esmfold2,nomsa_loop10_samples200
5tgi,42,3,0.8362,0.8794,1.4816,0.903,1.482,0.719,0.927,esmfold2,nomsa_loop10_samples200
5tgi,42,4,0.8294,0.8729,1.5322,0.907,1.532,0.744,0.951,esmfold2,nomsa_loop10_samples200
5tgi,43,0,0.8356,0.875,2.3859,0.888,2.386,0.782,0.951,esmfold2,nomsa_loop10_samples200
5tgi,43,1,0.8337,0.8768,1.9347,0.89,1.935,0.824,0.951,esmfold2,nomsa_loop10_samples200
5tgi,43,2,0.8307,0.8776,1.8345,0.877,1.835,0.869,0.927,esmfold2,nomsa_loop10_samples200
5tgi,43,3,0.8333,0.8782,2.3435,0.875,2.343,0.881,0.951,esmfold2,nomsa_loop10_samples200
5tgi,43,4,0.8322,0.874,1.5613,0.891,1.561,0.856,0.951,esmfold2,nomsa_loop10_samples200
5tgi,44,0,0.8359,0.878,1.871,0.897,1.871,0.783,0.951,esmfold2,nomsa_loop10_samples200
5tgi,44,1,0.8221,0.8656,1.7493,0.878,1.749,0.873,0.927,esmfold2,nomsa_loop10_samples200
5tgi,44,2,0.8344,0.8767,1.8672,0.907,1.867,0.713,0.951,esmfold2,nomsa_loop10_samples200
5tgi,44,3,0.8239,0.8777,2.358,0.857,2.358,1.0,0.951,esmfold2,nomsa_loop10_samples200
5tgi,44,4,0.8327,0.8755,1.4845,0.892,1.484,0.854,0.951,esmfold2,nomsa_loop10_samples200
5v2p,42,0,0.8957,0.9568,0.7578,0.951,0.758,0.283,0.896,esmfold2,nomsa_loop10_samples200
5v2p,42,1,0.8928,0.9574,0.7836,0.971,0.784,0.292,0.958,esmfold2,nomsa_loop10_samples200
5v2p,42,2,0.8913,0.9577,0.9916,0.961,0.992,0.39,0.958,esmfold2,nomsa_loop10_samples200
5v2p,42,3,0.8992,0.9604,0.807,0.966,0.807,0.263,0.938,esmfold2,nomsa_loop10_samples200
5v2p,42,4,0.9003,0.9609,0.7533,0.967,0.753,0.263,0.938,esmfold2,nomsa_loop10_samples200
5v2p,43,0,0.8983,0.96,1.2218,0.966,1.222,0.31,0.958,esmfold2,nomsa_loop10_samples200
5v2p,43,1,0.8999,0.9608,1.1532,0.96,1.153,0.301,0.938,esmfold2,nomsa_loop10_samples200
5v2p,43,2,0.8963,0.9601,1.2459,0.956,1.246,0.335,0.938,esmfold2,nomsa_loop10_samples200
5v2p,43,3,0.8959,0.9596,0.7998,0.974,0.8,0.254,0.958,esmfold2,nomsa_loop10_samples200
5v2p,43,4,0.8889,0.9552,1.1752,0.955,1.175,0.36,0.938,esmfold2,nomsa_loop10_samples200
5v2p,44,0,0.898,0.9593,1.0916,0.96,1.092,0.312,0.938,esmfold2,nomsa_loop10_samples200
5v2p,44,1,0.8996,0.9609,0.9593,0.967,0.959,0.233,0.938,esmfold2,nomsa_loop10_samples200
5v2p,44,2,0.8955,0.959,0.8068,0.965,0.807,0.278,0.938,esmfold2,nomsa_loop10_samples200
5v2p,44,3,0.8934,0.9572,1.0046,0.973,1.005,0.25,0.958,esmfold2,nomsa_loop10_samples200
5v2p,44,4,0.8978,0.9604,0.7761,0.973,0.776,0.265,0.958,esmfold2,nomsa_loop10_samples200
5v3r,42,0,0.8122,0.9238,2.1307,0.858,2.131,0.819,0.862,esmfold2,nomsa_loop10_samples200
5v3r,42,1,0.8221,0.9283,2.276,0.847,2.276,0.798,0.828,esmfold2,nomsa_loop10_samples200
5v3r,42,2,0.8284,0.9335,1.3576,0.93,1.358,0.542,0.931,esmfold2,nomsa_loop10_samples200
5v3r,42,3,0.8309,0.9333,1.3058,0.907,1.306,0.548,0.862,esmfold2,nomsa_loop10_samples200
5v3r,42,4,0.831,0.9336,1.2507,0.894,1.251,0.562,0.828,esmfold2,nomsa_loop10_samples200
5v3r,43,0,0.8342,0.9354,1.7207,0.898,1.721,0.576,0.862,esmfold2,nomsa_loop10_samples200
5v3r,43,1,0.8198,0.927,2.006,0.881,2.006,0.673,0.862,esmfold2,nomsa_loop10_samples200
5v3r,43,2,0.8203,0.9227,1.7967,0.833,1.797,0.79,0.759,esmfold2,nomsa_loop10_samples200
5v3r,43,3,0.8256,0.9301,1.3499,0.905,1.35,0.56,0.862,esmfold2,nomsa_loop10_samples200
5v3r,43,4,0.8279,0.9326,1.3944,0.906,1.394,0.551,0.862,esmfold2,nomsa_loop10_samples200
5v3r,44,0,0.8283,0.9337,1.4939,0.905,1.494,0.543,0.862,esmfold2,nomsa_loop10_samples200
5v3r,44,1,0.8205,0.9205,1.8165,0.817,1.817,0.816,0.724,esmfold2,nomsa_loop10_samples200
5v3r,44,2,0.8264,0.9307,1.9662,0.883,1.966,0.662,0.862,esmfold2,nomsa_loop10_samples200
5v3r,44,3,0.8296,0.9329,1.6759,0.897,1.676,0.59,0.862,esmfold2,nomsa_loop10_samples200
5v3r,44,4,0.832,0.9343,1.4132,0.913,1.413,0.489,0.862,esmfold2,nomsa_loop10_samples200
5wfv,42,0,0.8835,0.962,0.4515,0.945,0.452,0.361,0.891,esmfold2,nomsa_loop10_samples200
5wfv,42,1,0.8847,0.9626,0.4846,0.955,0.485,0.322,0.913,esmfold2,nomsa_loop10_samples200
5wfv,42,2,0.8835,0.9617,0.4445,0.942,0.445,0.384,0.891,esmfold2,nomsa_loop10_samples200
5wfv,42,3,0.8837,0.9615,0.5333,0.957,0.533,0.376,0.935,esmfold2,nomsa_loop10_samples200
5wfv,42,4,0.8883,0.9645,0.532,0.95,0.532,0.379,0.913,esmfold2,nomsa_loop10_samples200
5wfv,43,0,0.8877,0.963,0.4067,0.949,0.407,0.387,0.913,esmfold2,nomsa_loop10_samples200
5wfv,43,1,0.886,0.9629,0.5417,0.954,0.542,0.407,0.935,esmfold2,nomsa_loop10_samples200
5wfv,43,2,0.8867,0.9637,0.4918,0.953,0.492,0.343,0.913,esmfold2,nomsa_loop10_samples200
5wfv,43,3,0.8856,0.9633,0.4931,0.958,0.493,0.373,0.935,esmfold2,nomsa_loop10_samples200
5wfv,43,4,0.8723,0.958,0.9919,0.932,0.992,0.444,0.891,esmfold2,nomsa_loop10_samples200
5wfv,44,0,0.8829,0.9614,0.4963,0.931,0.496,0.42,0.87,esmfold2,nomsa_loop10_samples200
5wfv,44,1,0.8916,0.9659,0.4178,0.949,0.418,0.386,0.913,esmfold2,nomsa_loop10_samples200
5wfv,44,2,0.8896,0.9656,0.419,0.954,0.419,0.344,0.913,esmfold2,nomsa_loop10_samples200
5wfv,44,3,0.8876,0.9633,0.3639,0.958,0.364,0.299,0.913,esmfold2,nomsa_loop10_samples200
5wfv,44,4,0.8714,0.9567,1.0136,0.946,1.014,0.455,0.935,esmfold2,nomsa_loop10_samples200
5wyi,42,0,0.4249,0.3368,34.0137,0.025,34.014,11.474,0.0,esmfold2,nomsa_loop10_samples200
5wyi,42,1,0.4374,0.3652,33.5276,0.026,33.528,11.324,0.0,esmfold2,nomsa_loop10_samples200
5wyi,42,2,0.3083,0.1813,24.6129,0.046,24.613,8.162,0.0,esmfold2,nomsa_loop10_samples200
5wyi,42,3,0.3459,0.2141,24.3088,0.047,24.309,8.071,0.0,esmfold2,nomsa_loop10_samples200
5wyi,42,4,0.4177,0.3467,34.1366,0.025,34.137,11.404,0.0,esmfold2,nomsa_loop10_samples200
5wyi,43,0,0.4591,0.396,33.7463,0.025,33.746,11.528,0.0,esmfold2,nomsa_loop10_samples200
5wyi,43,1,0.3264,0.2059,23.6246,0.05,23.625,7.94,0.0,esmfold2,nomsa_loop10_samples200
5wyi,43,2,0.4215,0.3416,34.0285,0.025,34.028,11.509,0.0,esmfold2,nomsa_loop10_samples200
5wyi,43,3,0.3792,0.2686,33.9587,0.025,33.959,11.527,0.0,esmfold2,nomsa_loop10_samples200
5wyi,43,4,0.4159,0.3457,32.3097,0.028,32.31,10.937,0.0,esmfold2,nomsa_loop10_samples200
5wyi,44,0,0.4176,0.3355,33.9587,0.025,33.959,11.498,0.0,esmfold2,nomsa_loop10_samples200
5wyi,44,1,0.3701,0.2581,27.9536,0.037,27.954,9.37,0.0,esmfold2,nomsa_loop10_samples200
5wyi,44,2,0.3843,0.3008,34.0476,0.025,34.048,11.463,0.0,esmfold2,nomsa_loop10_samples200
5wyi,44,3,0.3219,0.1919,23.6121,0.05,23.612,7.84,0.0,esmfold2,nomsa_loop10_samples200
5wyi,44,4,0.3988,0.32,28.0375,0.036,28.038,9.645,0.0,esmfold2,nomsa_loop10_samples200
5xhz,42,0,0.8936,0.8921,1.5777,0.906,1.578,0.626,0.9,esmfold2,nomsa_loop10_samples200
5xhz,42,1,0.8995,0.8976,1.7835,0.887,1.783,0.686,0.875,esmfold2,nomsa_loop10_samples200
5xhz,42,2,0.8979,0.8956,1.6245,0.901,1.625,0.656,0.9,esmfold2,nomsa_loop10_samples200
5xhz,42,3,0.8955,0.892,1.7618,0.893,1.762,0.642,0.875,esmfold2,nomsa_loop10_samples200
5xhz,42,4,0.8985,0.8965,1.7245,0.876,1.725,0.706,0.85,esmfold2,nomsa_loop10_samples200
5xhz,43,0,0.9017,0.8984,1.5775,0.894,1.578,0.651,0.875,esmfold2,nomsa_loop10_samples200
5xhz,43,1,0.8987,0.8968,1.7029,0.9,1.703,0.655,0.9,esmfold2,nomsa_loop10_samples200
5xhz,43,2,0.8947,0.8906,1.6166,0.901,1.617,0.662,0.9,esmfold2,nomsa_loop10_samples200
5xhz,43,3,0.9001,0.8959,1.4593,0.896,1.459,0.71,0.9,esmfold2,nomsa_loop10_samples200
5xhz,43,4,0.8982,0.895,1.7401,0.892,1.74,0.713,0.9,esmfold2,nomsa_loop10_samples200
5xhz,44,0,0.8962,0.8955,1.495,0.904,1.495,0.65,0.9,esmfold2,nomsa_loop10_samples200
5xhz,44,1,0.8967,0.892,1.6795,0.889,1.679,0.683,0.875,esmfold2,nomsa_loop10_samples200
5xhz,44,2,0.8963,0.895,1.5939,0.895,1.594,0.646,0.875,esmfold2,nomsa_loop10_samples200
5xhz,44,3,0.8983,0.8958,1.8082,0.893,1.808,0.698,0.9,esmfold2,nomsa_loop10_samples200
5xhz,44,4,0.8993,0.8954,1.6467,0.887,1.647,0.696,0.875,esmfold2,nomsa_loop10_samples200
5xxq,42,0,0.8621,0.9692,0.8459,0.984,0.846,0.303,1.0,esmfold2,nomsa_loop10_samples200
5xxq,42,1,0.8607,0.9689,0.9149,0.966,0.915,0.313,0.951,esmfold2,nomsa_loop10_samples200
5xxq,42,2,0.8571,0.9679,0.7607,0.969,0.761,0.291,0.951,esmfold2,nomsa_loop10_samples200
5xxq,42,3,0.8575,0.9682,0.9578,0.964,0.958,0.331,0.951,esmfold2,nomsa_loop10_samples200
5xxq,42,4,0.8606,0.9688,1.0202,0.979,1.02,0.339,1.0,esmfold2,nomsa_loop10_samples200
5xxq,43,0,0.86,0.9682,0.8002,0.984,0.8,0.297,1.0,esmfold2,nomsa_loop10_samples200
5xxq,43,1,0.8609,0.9691,0.9169,0.965,0.917,0.322,0.951,esmfold2,nomsa_loop10_samples200
5xxq,43,2,0.8603,0.9689,0.793,0.969,0.793,0.29,0.951,esmfold2,nomsa_loop10_samples200
5xxq,43,3,0.8605,0.9698,0.6915,0.97,0.692,0.289,0.951,esmfold2,nomsa_loop10_samples200
5xxq,43,4,0.8606,0.9693,0.8145,0.967,0.814,0.308,0.951,esmfold2,nomsa_loop10_samples200
5xxq,44,0,0.8539,0.9653,0.8864,0.965,0.886,0.322,0.951,esmfold2,nomsa_loop10_samples200
5xxq,44,1,0.8616,0.9685,0.8774,0.966,0.877,0.315,0.951,esmfold2,nomsa_loop10_samples200
5xxq,44,2,0.8583,0.9687,0.7922,0.968,0.792,0.299,0.951,esmfold2,nomsa_loop10_samples200
5xxq,44,3,0.8584,0.9687,0.8422,0.967,0.842,0.303,0.951,esmfold2,nomsa_loop10_samples200
5xxq,44,4,0.8521,0.9643,0.7281,0.969,0.728,0.298,0.951,esmfold2,nomsa_loop10_samples200
5yay,42,0,0.8758,0.9563,0.8007,0.96,0.801,0.389,0.952,esmfold2,nomsa_loop10_samples200
5yay,42,1,0.8778,0.9567,0.6905,0.957,0.691,0.421,0.952,esmfold2,nomsa_loop10_samples200
5yay,42,2,0.8771,0.9569,0.8081,0.957,0.808,0.365,0.935,esmfold2,nomsa_loop10_samples200
5yay,42,3,0.8812,0.9592,0.7714,0.948,0.771,0.453,0.935,esmfold2,nomsa_loop10_samples200
5yay,42,4,0.8804,0.9586,0.7813,0.956,0.781,0.374,0.935,esmfold2,nomsa_loop10_samples200
5yay,43,0,0.8741,0.9561,0.8721,0.952,0.872,0.455,0.952,esmfold2,nomsa_loop10_samples200
5yay,43,1,0.8766,0.9551,0.8686,0.961,0.869,0.371,0.952,esmfold2,nomsa_loop10_samples200
5yay,43,2,0.8703,0.954,1.0829,0.949,1.083,0.42,0.935,esmfold2,nomsa_loop10_samples200
5yay,43,3,0.8755,0.956,0.9785,0.949,0.978,0.427,0.935,esmfold2,nomsa_loop10_samples200
5yay,43,4,0.8757,0.9555,0.7727,0.964,0.773,0.348,0.952,esmfold2,nomsa_loop10_samples200
5yay,44,0,0.8814,0.9585,0.7055,0.963,0.705,0.369,0.952,esmfold2,nomsa_loop10_samples200
5yay,44,1,0.8745,0.9557,0.8172,0.96,0.817,0.384,0.952,esmfold2,nomsa_loop10_samples200
5yay,44,2,0.8785,0.9584,0.6842,0.964,0.684,0.356,0.952,esmfold2,nomsa_loop10_samples200
5yay,44,3,0.8755,0.9563,0.696,0.957,0.696,0.424,0.952,esmfold2,nomsa_loop10_samples200
5yay,44,4,0.8815,0.9593,0.7461,0.969,0.746,0.35,0.968,esmfold2,nomsa_loop10_samples200
6b27,42,0,0.9033,0.9408,1.0095,0.954,1.01,0.566,1.0,esmfold2,nomsa_loop10_samples200
6b27,42,1,0.9023,0.9375,0.9703,0.961,0.97,0.513,1.0,esmfold2,nomsa_loop10_samples200
6b27,42,2,0.9046,0.9402,1.0547,0.954,1.055,0.559,1.0,esmfold2,nomsa_loop10_samples200
6b27,42,3,0.8992,0.9347,1.0274,0.944,1.027,0.561,0.968,esmfold2,nomsa_loop10_samples200
6b27,42,4,0.9047,0.9398,1.0383,0.961,1.038,0.509,1.0,esmfold2,nomsa_loop10_samples200
6b27,43,0,0.9019,0.935,0.971,0.943,0.971,0.568,0.968,esmfold2,nomsa_loop10_samples200
6b27,43,1,0.9047,0.9398,1.1799,0.948,1.18,0.6,1.0,esmfold2,nomsa_loop10_samples200
6b27,43,2,0.9004,0.9354,1.1621,0.94,1.162,0.58,0.968,esmfold2,nomsa_loop10_samples200
6b27,43,3,0.9037,0.9383,0.9569,0.964,0.957,0.485,1.0,esmfold2,nomsa_loop10_samples200
6b27,43,4,0.9049,0.9389,1.0117,0.948,1.012,0.53,0.968,esmfold2,nomsa_loop10_samples200
6b27,44,0,0.9048,0.9397,1.0772,0.937,1.077,0.528,0.935,esmfold2,nomsa_loop10_samples200
6b27,44,1,0.9013,0.9338,0.9973,0.956,0.997,0.552,1.0,esmfold2,nomsa_loop10_samples200
6b27,44,2,0.9048,0.9388,1.2727,0.944,1.273,0.62,1.0,esmfold2,nomsa_loop10_samples200
6b27,44,3,0.9033,0.9383,1.2319,0.933,1.232,0.545,0.935,esmfold2,nomsa_loop10_samples200
6b27,44,4,0.9021,0.9375,1.2567,0.951,1.257,0.571,1.0,esmfold2,nomsa_loop10_samples200
6co4,42,0,0.9076,0.9355,2.1006,0.836,2.101,1.155,0.936,esmfold2,nomsa_loop10_samples200
6co4,42,1,0.9012,0.9268,2.2339,0.824,2.234,1.223,0.936,esmfold2,nomsa_loop10_samples200
6co4,42,2,0.9088,0.9353,2.1748,0.83,2.175,1.187,0.936,esmfold2,nomsa_loop10_samples200
6co4,42,3,0.9043,0.9316,2.1276,0.832,2.128,1.175,0.936,esmfold2,nomsa_loop10_samples200
6co4,42,4,0.9073,0.9331,2.0149,0.831,2.015,1.149,0.915,esmfold2,nomsa_loop10_samples200
6co4,43,0,0.9006,0.9277,2.1202,0.832,2.12,1.177,0.936,esmfold2,nomsa_loop10_samples200
6co4,43,1,0.905,0.9288,2.1346,0.829,2.135,1.199,0.936,esmfold2,nomsa_loop10_samples200
6co4,43,2,0.9043,0.9323,2.1368,0.825,2.137,1.175,0.915,esmfold2,nomsa_loop10_samples200
6co4,43,3,0.9055,0.9295,2.0904,0.832,2.09,1.181,0.936,esmfold2,nomsa_loop10_samples200
6co4,43,4,0.9084,0.9345,2.2894,0.822,2.289,1.23,0.936,esmfold2,nomsa_loop10_samples200
6co4,44,0,0.9089,0.9371,1.8508,0.847,1.851,1.099,0.936,esmfold2,nomsa_loop10_samples200
6co4,44,1,0.9069,0.9334,2.048,0.836,2.048,1.155,0.936,esmfold2,nomsa_loop10_samples200
6co4,44,2,0.9055,0.933,2.1264,0.825,2.126,1.177,0.915,esmfold2,nomsa_loop10_samples200
6co4,44,3,0.9084,0.9356,2.195,0.827,2.195,1.205,0.936,esmfold2,nomsa_loop10_samples200
6co4,44,4,0.9091,0.9364,2.305,0.822,2.305,1.231,0.936,esmfold2,nomsa_loop10_samples200
6dei,42,0,0.3113,0.1208,15.8083,0.086,15.808,13.539,0.021,esmfold2,nomsa_loop10_samples200
6dei,42,1,0.3208,0.1378,17.9605,0.079,17.96,13.08,0.042,esmfold2,nomsa_loop10_samples200
6dei,42,2,0.312,0.1241,21.7685,0.069,21.769,13.192,0.062,esmfold2,nomsa_loop10_samples200
6dei,42,3,0.328,0.137,10.6324,0.134,10.632,13.848,0.0,esmfold2,nomsa_loop10_samples200
6dei,42,4,0.3114,0.1052,9.6884,0.158,9.688,11.348,0.021,esmfold2,nomsa_loop10_samples200
6dei,43,0,0.3162,0.1405,16.6472,0.101,16.647,12.711,0.083,esmfold2,nomsa_loop10_samples200
6dei,43,1,0.3154,0.141,16.1946,0.083,16.195,13.881,0.021,esmfold2,nomsa_loop10_samples200
6dei,43,2,0.3196,0.137,21.3209,0.057,21.321,13.215,0.021,esmfold2,nomsa_loop10_samples200
6dei,43,3,0.3246,0.1368,19.3831,0.1,19.383,13.007,0.125,esmfold2,nomsa_loop10_samples200
6dei,43,4,0.3136,0.1318,14.4099,0.104,14.41,13.006,0.042,esmfold2,nomsa_loop10_samples200
6dei,44,0,0.3168,0.1292,24.1392,0.04,24.139,14.641,0.0,esmfold2,nomsa_loop10_samples200
6dei,44,1,0.2975,0.0671,19.4821,0.077,19.482,14.95,0.062,esmfold2,nomsa_loop10_samples200
6dei,44,2,0.2893,0.0871,23.4248,0.042,23.425,15.002,0.0,esmfold2,nomsa_loop10_samples200
6dei,44,3,0.321,0.1365,20.0419,0.062,20.042,13.691,0.021,esmfold2,nomsa_loop10_samples200
6dei,44,4,0.3034,0.0738,14.9932,0.12,14.993,12.712,0.104,esmfold2,nomsa_loop10_samples200
6e5x,42,0,0.8391,0.8359,4.9843,0.699,4.984,1.798,0.943,esmfold2,nomsa_loop10_samples200
6e5x,42,1,0.8603,0.8622,5.2875,0.692,5.288,1.793,0.943,esmfold2,nomsa_loop10_samples200
6e5x,42,2,0.8353,0.8317,4.8048,0.704,4.805,1.796,0.943,esmfold2,nomsa_loop10_samples200
6e5x,42,3,0.8342,0.8313,5.2113,0.697,5.211,1.763,0.943,esmfold2,nomsa_loop10_samples200
6e5x,42,4,0.8615,0.8602,4.6247,0.709,4.625,1.788,0.943,esmfold2,nomsa_loop10_samples200
6e5x,43,0,0.8485,0.8453,5.5671,0.674,5.567,1.914,0.943,esmfold2,nomsa_loop10_samples200
6e5x,43,1,0.8315,0.8268,5.538,0.696,5.538,1.677,0.943,esmfold2,nomsa_loop10_samples200
6e5x,43,2,0.8453,0.848,4.9198,0.689,4.92,1.94,0.943,esmfold2,nomsa_loop10_samples200
6e5x,43,3,0.8378,0.8362,5.0546,0.687,5.055,1.914,0.943,esmfold2,nomsa_loop10_samples200
6e5x,43,4,0.8622,0.8655,5.9874,0.669,5.987,1.854,0.943,esmfold2,nomsa_loop10_samples200
6e5x,44,0,0.8347,0.8299,4.4162,0.734,4.416,1.684,0.971,esmfold2,nomsa_loop10_samples200
6e5x,44,1,0.8572,0.8565,5.2729,0.695,5.273,1.761,0.943,esmfold2,nomsa_loop10_samples200
6e5x,44,2,0.8366,0.8354,5.525,0.688,5.525,1.77,0.943,esmfold2,nomsa_loop10_samples200
6e5x,44,3,0.8329,0.8278,4.8592,0.712,4.859,1.696,0.943,esmfold2,nomsa_loop10_samples200
6e5x,44,4,0.8346,0.8308,4.876,0.712,4.876,1.69,0.943,esmfold2,nomsa_loop10_samples200
6f0w,42,0,0.8638,0.9282,0.4645,0.902,0.465,0.84,0.947,esmfold2,nomsa_loop10_samples200
6f0w,42,1,0.8429,0.9147,0.9926,0.885,0.993,0.902,0.934,esmfold2,nomsa_loop10_samples200
6f0w,42,2,0.8645,0.9296,0.4371,0.9,0.437,0.823,0.934,esmfold2,nomsa_loop10_samples200
6f0w,42,3,0.8633,0.9279,0.514,0.91,0.514,0.811,0.961,esmfold2,nomsa_loop10_samples200
6f0w,42,4,0.8619,0.9272,0.5669,0.904,0.567,0.852,0.961,esmfold2,nomsa_loop10_samples200
6f0w,43,0,0.8616,0.927,0.694,0.897,0.694,0.866,0.947,esmfold2,nomsa_loop10_samples200
6f0w,43,1,0.8603,0.9287,0.5892,0.88,0.589,0.988,0.947,esmfold2,nomsa_loop10_samples200
6f0w,43,2,0.8636,0.9277,0.7474,0.905,0.747,0.84,0.961,esmfold2,nomsa_loop10_samples200
6f0w,43,3,0.8607,0.9268,0.5808,0.9,0.581,0.818,0.934,esmfold2,nomsa_loop10_samples200
6f0w,43,4,0.8644,0.9286,0.4529,0.906,0.453,0.84,0.961,esmfold2,nomsa_loop10_samples200
6f0w,44,0,0.8593,0.9241,0.6891,0.91,0.689,0.803,0.961,esmfold2,nomsa_loop10_samples200
6f0w,44,1,0.8576,0.9238,0.5648,0.897,0.565,0.867,0.947,esmfold2,nomsa_loop10_samples200
6f0w,44,2,0.8595,0.9253,0.4732,0.906,0.473,0.84,0.961,esmfold2,nomsa_loop10_samples200
6f0w,44,3,0.8591,0.9254,0.4548,0.909,0.455,0.787,0.947,esmfold2,nomsa_loop10_samples200
6f0w,44,4,0.863,0.9284,0.4874,0.92,0.487,0.771,0.974,esmfold2,nomsa_loop10_samples200
6f0y,42,0,0.7188,0.7399,6.0774,0.542,6.077,3.344,0.795,esmfold2,nomsa_loop10_samples200
6f0y,42,1,0.7362,0.7632,7.5491,0.504,7.549,3.477,0.795,esmfold2,nomsa_loop10_samples200
6f0y,42,2,0.7513,0.7734,9.5724,0.463,9.572,4.313,0.841,esmfold2,nomsa_loop10_samples200
6f0y,42,3,0.724,0.7496,7.0765,0.515,7.076,3.435,0.795,esmfold2,nomsa_loop10_samples200
6f0y,42,4,0.7506,0.7704,12.1038,0.409,12.104,5.181,0.818,esmfold2,nomsa_loop10_samples200
6f0y,43,0,0.7493,0.7646,9.9245,0.436,9.924,4.829,0.795,esmfold2,nomsa_loop10_samples200
6f0y,43,1,0.7501,0.7679,8.2005,0.479,8.2,3.614,0.773,esmfold2,nomsa_loop10_samples200
6f0y,43,2,0.7357,0.7635,7.0989,0.545,7.099,2.958,0.841,esmfold2,nomsa_loop10_samples200
6f0y,43,3,0.7509,0.7673,9.827,0.436,9.827,4.946,0.795,esmfold2,nomsa_loop10_samples200
6f0y,43,4,0.6859,0.7292,5.5065,0.534,5.507,3.065,0.705,esmfold2,nomsa_loop10_samples200
6f0y,44,0,0.7008,0.7237,6.6716,0.515,6.672,3.883,0.795,esmfold2,nomsa_loop10_samples200
6f0y,44,1,0.7493,0.7692,12.068,0.404,12.068,4.954,0.795,esmfold2,nomsa_loop10_samples200
6f0y,44,2,0.7435,0.7593,11.6172,0.405,11.617,5.38,0.795,esmfold2,nomsa_loop10_samples200
6f0y,44,3,0.7454,0.7659,10.0823,0.427,10.082,4.684,0.773,esmfold2,nomsa_loop10_samples200
6f0y,44,4,0.7505,0.7662,9.4811,0.459,9.481,4.202,0.818,esmfold2,nomsa_loop10_samples200
6f4s,42,0,0.4502,0.583,4.1397,0.65,4.14,1.084,0.484,esmfold2,nomsa_loop10_samples200
6f4s,42,1,0.4479,0.5748,4.9686,0.647,4.969,1.273,0.613,esmfold2,nomsa_loop10_samples200
6f4s,42,2,0.4268,0.5509,3.0368,0.76,3.037,0.797,0.613,esmfold2,nomsa_loop10_samples200
6f4s,42,3,0.4163,0.498,6.6077,0.494,6.608,1.693,0.419,esmfold2,nomsa_loop10_samples200
6f4s,42,4,0.4565,0.5712,5.2948,0.606,5.295,1.36,0.548,esmfold2,nomsa_loop10_samples200
6f4s,43,0,0.4461,0.5483,5.9767,0.569,5.977,1.534,0.548,esmfold2,nomsa_loop10_samples200
6f4s,43,1,0.4591,0.5755,5.8351,0.598,5.835,1.492,0.613,esmfold2,nomsa_loop10_samples200
6f4s,43,2,0.3903,0.4946,7.9262,0.455,7.926,2.057,0.484,esmfold2,nomsa_loop10_samples200
6f4s,43,3,0.46,0.5925,3.324,0.764,3.324,0.873,0.677,esmfold2,nomsa_loop10_samples200
6f4s,43,4,0.4618,0.5949,3.269,0.778,3.269,0.858,0.71,esmfold2,nomsa_loop10_samples200
6f4s,44,0,0.4683,0.5924,3.9315,0.717,3.931,1.024,0.645,esmfold2,nomsa_loop10_samples200
6f4s,44,1,0.4046,0.5015,7.6364,0.478,7.636,1.98,0.516,esmfold2,nomsa_loop10_samples200
6f4s,44,2,0.4598,0.5751,4.8679,0.672,4.868,1.261,0.677,esmfold2,nomsa_loop10_samples200
6f4s,44,3,0.3595,0.4643,6.519,0.507,6.519,1.694,0.452,esmfold2,nomsa_loop10_samples200
6f4s,44,4,0.4122,0.5417,3.8612,0.692,3.861,0.985,0.548,esmfold2,nomsa_loop10_samples200
6f6d,42,0,0.6988,0.8319,2.7937,0.71,2.794,1.39,0.69,esmfold2,nomsa_loop10_samples200
6f6d,42,1,0.706,0.8413,7.1808,0.511,7.181,2.53,0.69,esmfold2,nomsa_loop10_samples200
6f6d,42,2,0.7043,0.8346,7.5199,0.492,7.52,2.681,0.678,esmfold2,nomsa_loop10_samples200
6f6d,42,3,0.6845,0.8343,7.1486,0.489,7.149,2.598,0.632,esmfold2,nomsa_loop10_samples200
6f6d,42,4,0.7047,0.8413,7.1417,0.543,7.142,2.527,0.782,esmfold2,nomsa_loop10_samples200
6f6d,43,0,0.6992,0.8394,2.039,0.805,2.039,1.179,0.851,esmfold2,nomsa_loop10_samples200
6f6d,43,1,0.7335,0.8706,7.9295,0.443,7.93,2.821,0.575,esmfold2,nomsa_loop10_samples200
6f6d,43,2,0.6756,0.8154,1.6981,0.822,1.698,1.037,0.828,esmfold2,nomsa_loop10_samples200
6f6d,43,3,0.6891,0.8261,7.7012,0.478,7.701,2.741,0.655,esmfold2,nomsa_loop10_samples200
6f6d,43,4,0.7037,0.8422,2.1709,0.791,2.171,1.297,0.862,esmfold2,nomsa_loop10_samples200
6f6d,44,0,0.7027,0.8395,2.8356,0.765,2.836,1.311,0.828,esmfold2,nomsa_loop10_samples200
6f6d,44,1,0.7096,0.8538,4.4852,0.647,4.485,1.751,0.736,esmfold2,nomsa_loop10_samples200
6f6d,44,2,0.7116,0.8508,7.9402,0.46,7.94,2.774,0.621,esmfold2,nomsa_loop10_samples200
6f6d,44,3,0.7009,0.839,2.3778,0.787,2.378,1.155,0.805,esmfold2,nomsa_loop10_samples200
6f6d,44,4,0.669,0.8198,2.0261,0.804,2.026,1.105,0.816,esmfold2,nomsa_loop10_samples200
6fbk,42,0,0.7679,0.7592,1.3194,0.847,1.319,1.119,0.921,esmfold2,nomsa_loop10_samples200
6fbk,42,1,0.761,0.7506,1.3007,0.835,1.301,1.271,0.947,esmfold2,nomsa_loop10_samples200
6fbk,42,2,0.6155,0.6102,3.2138,0.733,3.214,1.553,0.842,esmfold2,nomsa_loop10_samples200
6fbk,42,3,0.6096,0.5884,2.6539,0.758,2.654,1.438,0.842,esmfold2,nomsa_loop10_samples200
6fbk,42,4,0.6071,0.6045,2.2879,0.752,2.288,1.477,0.816,esmfold2,nomsa_loop10_samples200
6fbk,43,0,0.6083,0.6016,2.7732,0.74,2.773,1.503,0.816,esmfold2,nomsa_loop10_samples200
6fbk,43,1,0.6089,0.6048,2.4219,0.75,2.422,1.473,0.816,esmfold2,nomsa_loop10_samples200
6fbk,43,2,0.6334,0.6484,1.4223,0.834,1.422,1.201,0.921,esmfold2,nomsa_loop10_samples200
6fbk,43,3,0.7167,0.7301,1.1165,0.85,1.116,1.11,0.921,esmfold2,nomsa_loop10_samples200
6fbk,43,4,0.6095,0.6136,2.4984,0.76,2.498,1.445,0.842,esmfold2,nomsa_loop10_samples200
6fbk,44,0,0.7633,0.7543,1.1934,0.86,1.193,1.099,0.947,esmfold2,nomsa_loop10_samples200
6fbk,44,1,0.6134,0.6002,2.27,0.757,2.27,1.437,0.816,esmfold2,nomsa_loop10_samples200
6fbk,44,2,0.7506,0.7483,1.3489,0.856,1.349,1.109,0.947,esmfold2,nomsa_loop10_samples200
6fbk,44,3,0.6077,0.5835,2.8227,0.743,2.823,1.462,0.816,esmfold2,nomsa_loop10_samples200
6fbk,44,4,0.6204,0.6157,2.8189,0.725,2.819,1.544,0.789,esmfold2,nomsa_loop10_samples200
6h7b,42,0,0.8775,0.8891,2.1463,0.842,2.146,1.142,0.953,esmfold2,nomsa_loop10_samples200
6h7b,42,1,0.8876,0.892,0.8813,0.964,0.881,0.491,1.0,esmfold2,nomsa_loop10_samples200
6h7b,42,2,0.8821,0.8933,1.2208,0.939,1.221,0.608,0.977,esmfold2,nomsa_loop10_samples200
6h7b,42,3,0.8815,0.8926,2.6267,0.83,2.627,1.283,1.0,esmfold2,nomsa_loop10_samples200
6h7b,42,4,0.8758,0.8914,2.0377,0.868,2.038,1.08,1.0,esmfold2,nomsa_loop10_samples200
6h7b,43,0,0.8912,0.8948,1.3602,0.929,1.36,0.724,1.0,esmfold2,nomsa_loop10_samples200
6h7b,43,1,0.8852,0.8921,2.1495,0.846,2.15,1.168,0.977,esmfold2,nomsa_loop10_samples200
6h7b,43,2,0.893,0.8977,1.2091,0.906,1.209,0.839,0.977,esmfold2,nomsa_loop10_samples200
6h7b,43,3,0.8904,0.8932,1.427,0.868,1.427,0.981,0.93,esmfold2,nomsa_loop10_samples200
6h7b,43,4,0.8898,0.8949,1.4589,0.901,1.459,0.905,1.0,esmfold2,nomsa_loop10_samples200
6h7b,44,0,0.8935,0.8962,1.9389,0.865,1.939,1.06,0.977,esmfold2,nomsa_loop10_samples200
6h7b,44,1,0.8824,0.8882,1.4728,0.921,1.473,0.712,0.977,esmfold2,nomsa_loop10_samples200
6h7b,44,2,0.8778,0.891,1.712,0.892,1.712,0.895,0.977,esmfold2,nomsa_loop10_samples200
6h7b,44,3,0.8807,0.8896,1.8595,0.859,1.859,1.112,0.977,esmfold2,nomsa_loop10_samples200
6h7b,44,4,0.8846,0.8922,1.9349,0.856,1.935,1.124,0.977,esmfold2,nomsa_loop10_samples200
