complex,seed,id,pep_plddt,iptm,scRMSD,dockq_score,lrmsd,irmsd,fnat,model,method
1a0n,42,0,0.6506,0.4608,23.2198,0.103,23.22,11.37,0.174,ptx,nomsa_notemplate
1a0n,42,1,0.6591,0.4566,26.8687,0.051,26.869,11.047,0.043,ptx,nomsa_notemplate
1a0n,42,2,0.6437,0.4539,23.1051,0.118,23.105,11.088,0.217,ptx,nomsa_notemplate
1a0n,42,3,0.643,0.4388,20.5119,0.114,20.512,10.139,0.174,ptx,nomsa_notemplate
1a0n,42,4,0.6564,0.4363,18.5893,0.109,18.589,9.825,0.13,ptx,nomsa_notemplate
1a0n,43,0,0.664,0.4871,18.2079,0.101,18.208,7.744,0.087,ptx,nomsa_notemplate
1a0n,43,1,0.6552,0.4875,10.4971,0.261,10.497,4.993,0.304,ptx,nomsa_notemplate
1a0n,43,2,0.6615,0.4794,18.1899,0.101,18.19,7.601,0.087,ptx,nomsa_notemplate
1a0n,43,3,0.6536,0.4788,10.0106,0.254,10.011,4.982,0.261,ptx,nomsa_notemplate
1a0n,43,4,0.6607,0.4678,19.9818,0.061,19.982,8.49,0.0,ptx,nomsa_notemplate
1a0n,44,0,0.6604,0.4684,9.1281,0.248,9.128,5.761,0.217,ptx,nomsa_notemplate
1a0n,44,1,0.6591,0.463,9.7582,0.237,9.758,5.855,0.217,ptx,nomsa_notemplate
1a0n,44,2,0.6502,0.4513,9.5108,0.285,9.511,5.811,0.348,ptx,nomsa_notemplate
1a0n,44,3,0.6485,0.4479,22.3731,0.092,22.373,10.826,0.13,ptx,nomsa_notemplate
1a0n,44,4,0.6574,0.4269,21.3719,0.054,21.372,9.325,0.0,ptx,nomsa_notemplate
1cqg,42,0,0.6965,0.7093,12.3767,0.271,12.377,5.674,0.429,ptx,nomsa_notemplate
1cqg,42,1,0.6971,0.7091,12.4523,0.27,12.452,5.724,0.429,ptx,nomsa_notemplate
1cqg,42,2,0.696,0.7083,13.2878,0.261,13.288,5.793,0.429,ptx,nomsa_notemplate
1cqg,42,3,0.695,0.705,12.4079,0.271,12.408,5.663,0.429,ptx,nomsa_notemplate
1cqg,42,4,0.6953,0.7048,12.5663,0.268,12.566,5.805,0.429,ptx,nomsa_notemplate
1cqg,43,0,0.6938,0.7002,12.609,0.279,12.609,5.886,0.464,ptx,nomsa_notemplate
1cqg,43,1,0.6917,0.6964,12.6965,0.255,12.696,5.857,0.393,ptx,nomsa_notemplate
1cqg,43,2,0.6907,0.6949,12.0549,0.277,12.055,5.514,0.429,ptx,nomsa_notemplate
1cqg,43,3,0.6909,0.6942,11.9065,0.254,11.906,5.588,0.357,ptx,nomsa_notemplate
1cqg,43,4,0.6896,0.6935,12.4377,0.271,12.438,5.611,0.429,ptx,nomsa_notemplate
1cqg,44,0,0.6651,0.6208,15.5021,0.161,15.502,7.553,0.214,ptx,nomsa_notemplate
1cqg,44,1,0.6601,0.6026,14.9917,0.156,14.992,6.844,0.179,ptx,nomsa_notemplate
1cqg,44,2,0.6556,0.6022,15.1707,0.193,15.171,6.245,0.286,ptx,nomsa_notemplate
1cqg,44,3,0.6421,0.5991,11.4676,0.291,11.468,4.802,0.429,ptx,nomsa_notemplate
1cqg,44,4,0.6378,0.5956,9.8944,0.293,9.894,4.551,0.357,ptx,nomsa_notemplate
1czy,42,0,0.3336,0.2093,23.1331,0.046,23.133,10.523,0.0,ptx,nomsa_notemplate
1czy,42,1,0.335,0.2021,20.5664,0.056,20.566,10.275,0.0,ptx,nomsa_notemplate
1czy,42,2,0.3233,0.2014,26.9616,0.036,26.962,11.03,0.0,ptx,nomsa_notemplate
1czy,42,3,0.3369,0.1983,27.6054,0.035,27.605,11.107,0.0,ptx,nomsa_notemplate
1czy,42,4,0.3359,0.1981,25.1797,0.039,25.18,11.955,0.0,ptx,nomsa_notemplate
1czy,43,0,0.3363,0.2274,25.6938,0.039,25.694,11.202,0.0,ptx,nomsa_notemplate
1czy,43,1,0.3375,0.2152,20.7493,0.055,20.749,9.941,0.0,ptx,nomsa_notemplate
1czy,43,2,0.3315,0.2136,25.1983,0.04,25.198,10.852,0.0,ptx,nomsa_notemplate
1czy,43,3,0.345,0.2073,27.9168,0.034,27.917,11.626,0.0,ptx,nomsa_notemplate
1czy,43,4,0.3151,0.1866,10.4309,0.147,10.431,10.905,0.023,ptx,nomsa_notemplate
1czy,44,0,0.3354,0.2196,21.9168,0.05,21.917,10.509,0.0,ptx,nomsa_notemplate
1czy,44,1,0.3332,0.2132,22.368,0.048,22.368,10.846,0.0,ptx,nomsa_notemplate
1czy,44,2,0.349,0.2094,25.6902,0.039,25.69,11.223,0.0,ptx,nomsa_notemplate
1czy,44,3,0.3459,0.2085,28.1637,0.033,28.164,11.902,0.0,ptx,nomsa_notemplate
1czy,44,4,0.342,0.2028,25.8305,0.046,25.831,11.444,0.023,ptx,nomsa_notemplate
1ddv,42,0,0.7748,0.794,1.1607,0.949,1.161,0.42,0.938,ptx,nomsa_notemplate
1ddv,42,1,0.7747,0.7929,0.5497,0.966,0.55,0.286,0.938,ptx,nomsa_notemplate
1ddv,42,2,0.7744,0.7924,1.0273,0.952,1.027,0.398,0.938,ptx,nomsa_notemplate
1ddv,42,3,0.7745,0.7923,1.0569,0.952,1.057,0.403,0.938,ptx,nomsa_notemplate
1ddv,42,4,0.7738,0.79,0.701,0.963,0.701,0.313,0.938,ptx,nomsa_notemplate
1ddv,43,0,0.7771,0.7982,0.5703,0.967,0.57,0.274,0.938,ptx,nomsa_notemplate
1ddv,43,1,0.7771,0.7982,1.3649,0.936,1.365,0.51,0.938,ptx,nomsa_notemplate
1ddv,43,2,0.7768,0.7974,0.4737,0.991,0.474,0.239,1.0,ptx,nomsa_notemplate
1ddv,43,3,0.7759,0.7951,0.6521,0.965,0.652,0.294,0.938,ptx,nomsa_notemplate
1ddv,43,4,0.7762,0.7951,0.9456,0.977,0.946,0.368,1.0,ptx,nomsa_notemplate
1ddv,44,0,0.7761,0.7989,0.4954,0.968,0.495,0.259,0.938,ptx,nomsa_notemplate
1ddv,44,1,0.7765,0.7982,0.8692,0.958,0.869,0.351,0.938,ptx,nomsa_notemplate
1ddv,44,2,0.7764,0.7976,0.5919,0.967,0.592,0.276,0.938,ptx,nomsa_notemplate
1ddv,44,3,0.7762,0.7968,0.7663,0.962,0.766,0.314,0.938,ptx,nomsa_notemplate
1ddv,44,4,0.7763,0.7967,1.0945,0.95,1.095,0.412,0.938,ptx,nomsa_notemplate
1eg4,42,0,0.307,0.2403,24.1839,0.038,24.184,25.739,0.0,ptx,nomsa_notemplate
1eg4,42,1,0.3194,0.231,27.3707,0.093,27.371,24.844,0.188,ptx,nomsa_notemplate
1eg4,42,2,0.2973,0.1937,28.5286,0.07,28.529,21.638,0.125,ptx,nomsa_notemplate
1eg4,42,3,0.3037,0.1891,29.0161,0.028,29.016,21.699,0.0,ptx,nomsa_notemplate
1eg4,42,4,0.2869,0.1954,26.7742,0.077,26.774,11.847,0.125,ptx,nomsa_notemplate
1eg4,43,0,0.3305,0.2354,44.4826,0.013,44.483,29.664,0.0,ptx,nomsa_notemplate
1eg4,43,1,0.3295,0.2336,44.4251,0.013,44.425,31.213,0.0,ptx,nomsa_notemplate
1eg4,43,2,0.3155,0.22,47.9167,0.011,47.917,26.644,0.0,ptx,nomsa_notemplate
1eg4,43,3,0.3154,0.2165,41.9113,0.015,41.911,23.553,0.0,ptx,nomsa_notemplate
1eg4,43,4,0.3226,0.2132,47.3271,0.011,47.327,27.254,0.0,ptx,nomsa_notemplate
1eg4,44,0,0.3106,0.2176,37.7674,0.08,37.767,25.929,0.188,ptx,nomsa_notemplate
1eg4,44,1,0.3124,0.2075,47.4961,0.011,47.496,27.469,0.0,ptx,nomsa_notemplate
1eg4,44,2,0.3072,0.2055,34.6401,0.167,34.64,20.395,0.438,ptx,nomsa_notemplate
1eg4,44,3,0.3078,0.2024,45.4233,0.013,45.423,20.59,0.0,ptx,nomsa_notemplate
1eg4,44,4,0.3004,0.195,44.9217,0.012,44.922,27.721,0.0,ptx,nomsa_notemplate
1f47,42,0,0.4211,0.2608,20.9467,0.052,20.947,12.526,0.0,ptx,nomsa_notemplate
1f47,42,1,0.4291,0.2572,20.5029,0.054,20.503,12.64,0.0,ptx,nomsa_notemplate
1f47,42,2,0.4253,0.257,22.7781,0.045,22.778,12.896,0.0,ptx,nomsa_notemplate
1f47,42,3,0.414,0.2572,34.7399,0.022,34.74,15.618,0.0,ptx,nomsa_notemplate
1f47,42,4,0.3853,0.2376,34.9324,0.022,34.932,14.477,0.0,ptx,nomsa_notemplate
1f47,43,0,0.4118,0.2919,24.8625,0.059,24.862,14.255,0.062,ptx,nomsa_notemplate
1f47,43,1,0.4171,0.2917,20.537,0.053,20.537,12.539,0.0,ptx,nomsa_notemplate
1f47,43,2,0.4085,0.2877,21.7107,0.07,21.711,12.835,0.062,ptx,nomsa_notemplate
1f47,43,3,0.411,0.2833,21.915,0.048,21.915,12.411,0.0,ptx,nomsa_notemplate
1f47,43,4,0.3934,0.268,24.8177,0.069,24.818,15.428,0.094,ptx,nomsa_notemplate
1f47,44,0,0.5016,0.4345,18.2809,0.063,18.281,13.987,0.0,ptx,nomsa_notemplate
1f47,44,1,0.4996,0.4357,19.3924,0.057,19.392,14.645,0.0,ptx,nomsa_notemplate
1f47,44,2,0.4922,0.434,17.215,0.08,17.215,13.869,0.031,ptx,nomsa_notemplate
1f47,44,3,0.5014,0.4335,20.3736,0.053,20.374,13.799,0.0,ptx,nomsa_notemplate
1f47,44,4,0.4826,0.4228,21.324,0.049,21.324,14.661,0.0,ptx,nomsa_notemplate
1f8h,42,0,0.6955,0.7394,4.5314,0.525,4.531,3.124,0.609,ptx,nomsa_notemplate
1f8h,42,1,0.6937,0.7391,4.105,0.562,4.105,2.79,0.652,ptx,nomsa_notemplate
1f8h,42,2,0.6995,0.7377,5.951,0.403,5.951,5.966,0.478,ptx,nomsa_notemplate
1f8h,42,3,0.6936,0.7337,5.141,0.503,5.141,2.908,0.565,ptx,nomsa_notemplate
1f8h,42,4,0.6824,0.7297,3.3914,0.523,3.391,3.686,0.565,ptx,nomsa_notemplate
1f8h,43,0,0.6761,0.7005,5.8351,0.392,5.835,5.828,0.435,ptx,nomsa_notemplate
1f8h,43,1,0.6736,0.6978,5.1862,0.408,5.186,5.911,0.435,ptx,nomsa_notemplate
1f8h,43,2,0.6696,0.6965,5.1155,0.41,5.116,5.931,0.435,ptx,nomsa_notemplate
1f8h,43,3,0.6747,0.6969,6.2059,0.397,6.206,5.99,0.478,ptx,nomsa_notemplate
1f8h,43,4,0.675,0.6962,6.207,0.384,6.207,5.673,0.435,ptx,nomsa_notemplate
1f8h,44,0,0.6884,0.7291,3.1133,0.48,3.113,5.125,0.478,ptx,nomsa_notemplate
1f8h,44,1,0.6963,0.7285,5.7086,0.4,5.709,5.269,0.435,ptx,nomsa_notemplate
1f8h,44,2,0.68,0.7285,5.0687,0.507,5.069,3.269,0.609,ptx,nomsa_notemplate
1f8h,44,3,0.6902,0.7273,5.6032,0.483,5.603,3.129,0.565,ptx,nomsa_notemplate
1f8h,44,4,0.6869,0.7275,6.4386,0.455,6.439,3.382,0.565,ptx,nomsa_notemplate
1j2x,42,0,0.8969,0.8879,3.9019,0.666,3.902,2.442,0.897,ptx,nomsa_notemplate
1j2x,42,1,0.8967,0.8877,3.4266,0.668,3.427,2.453,0.872,ptx,nomsa_notemplate
1j2x,42,2,0.8966,0.8872,3.3889,0.662,3.389,2.426,0.846,ptx,nomsa_notemplate
1j2x,42,3,0.8969,0.8872,3.1388,0.655,3.139,2.493,0.821,ptx,nomsa_notemplate
1j2x,42,4,0.8969,0.8872,3.4272,0.662,3.427,2.404,0.846,ptx,nomsa_notemplate
1j2x,43,0,0.9405,0.9241,4.4501,0.556,4.45,3.739,0.744,ptx,nomsa_notemplate
1j2x,43,1,0.9405,0.9238,4.4647,0.555,4.465,3.754,0.744,ptx,nomsa_notemplate
1j2x,43,2,0.9405,0.9237,4.4672,0.554,4.467,3.784,0.744,ptx,nomsa_notemplate
1j2x,43,3,0.9401,0.9236,4.3091,0.564,4.309,3.533,0.744,ptx,nomsa_notemplate
1j2x,43,4,0.9401,0.9236,4.2919,0.564,4.292,3.538,0.744,ptx,nomsa_notemplate
1j2x,44,0,0.9342,0.9142,4.5565,0.554,4.556,3.711,0.744,ptx,nomsa_notemplate
1j2x,44,1,0.9342,0.9141,4.4614,0.556,4.461,3.703,0.744,ptx,nomsa_notemplate
1j2x,44,2,0.9342,0.9141,4.4271,0.558,4.427,3.682,0.744,ptx,nomsa_notemplate
1j2x,44,3,0.9338,0.9139,4.3691,0.562,4.369,3.531,0.744,ptx,nomsa_notemplate
1j2x,44,4,0.9341,0.9137,4.3736,0.558,4.374,3.717,0.744,ptx,nomsa_notemplate
1jd5,42,0,0.5178,0.4081,21.1704,0.177,21.17,13.099,0.378,ptx,nomsa_notemplate
1jd5,42,1,0.5217,0.4055,21.6326,0.184,21.633,13.035,0.405,ptx,nomsa_notemplate
1jd5,42,2,0.5181,0.4055,24.0296,0.149,24.03,13.405,0.324,ptx,nomsa_notemplate
1jd5,42,3,0.5185,0.4031,14.8163,0.204,14.816,12.375,0.351,ptx,nomsa_notemplate
1jd5,42,4,0.4324,0.3715,23.807,0.042,23.807,12.992,0.0,ptx,nomsa_notemplate
1jd5,43,0,0.5316,0.421,19.5646,0.193,19.565,12.86,0.405,ptx,nomsa_notemplate
1jd5,43,1,0.534,0.4214,18.8846,0.169,18.885,12.626,0.324,ptx,nomsa_notemplate
1jd5,43,2,0.5291,0.4185,17.4276,0.276,17.428,12.543,0.622,ptx,nomsa_notemplate
1jd5,43,3,0.5309,0.4179,16.818,0.244,16.818,12.128,0.514,ptx,nomsa_notemplate
1jd5,43,4,0.5315,0.4164,22.4104,0.181,22.41,13.295,0.405,ptx,nomsa_notemplate
1jd5,44,0,0.5244,0.4133,19.2985,0.221,19.299,12.756,0.486,ptx,nomsa_notemplate
1jd5,44,1,0.5238,0.4146,15.6234,0.226,15.623,10.897,0.432,ptx,nomsa_notemplate
1jd5,44,2,0.5262,0.4125,18.5145,0.216,18.515,12.751,0.459,ptx,nomsa_notemplate
1jd5,44,3,0.5222,0.4107,17.2381,0.196,17.238,12.0,0.378,ptx,nomsa_notemplate
1jd5,44,4,0.5291,0.4083,10.4495,0.255,10.449,11.631,0.351,ptx,nomsa_notemplate
1jq8,42,0,0.3956,0.3178,20.4313,0.093,20.431,11.332,0.114,ptx,nomsa_notemplate
1jq8,42,1,0.3825,0.3046,19.883,0.088,19.883,10.982,0.091,ptx,nomsa_notemplate
1jq8,42,2,0.382,0.3021,20.3409,0.078,20.341,11.561,0.068,ptx,nomsa_notemplate
1jq8,42,3,0.3462,0.2694,14.0201,0.103,14.02,11.674,0.023,ptx,nomsa_notemplate
1jq8,42,4,0.3566,0.2582,15.7197,0.15,15.72,10.553,0.205,ptx,nomsa_notemplate
1jq8,43,0,0.3904,0.2703,18.1641,0.082,18.164,10.219,0.045,ptx,nomsa_notemplate
1jq8,43,1,0.3717,0.2638,15.2606,0.085,15.261,10.954,0.0,ptx,nomsa_notemplate
1jq8,43,2,0.3674,0.2628,22.2253,0.049,22.225,11.094,0.0,ptx,nomsa_notemplate
1jq8,43,3,0.3511,0.2391,17.0563,0.095,17.056,11.129,0.068,ptx,nomsa_notemplate
1jq8,43,4,0.3447,0.2233,18.5517,0.125,18.552,10.33,0.182,ptx,nomsa_notemplate
1jq8,44,0,0.3595,0.2802,23.2035,0.106,23.203,11.107,0.182,ptx,nomsa_notemplate
1jq8,44,1,0.3773,0.2763,17.5393,0.161,17.539,10.655,0.273,ptx,nomsa_notemplate
1jq8,44,2,0.4006,0.2718,18.3064,0.096,18.306,10.732,0.091,ptx,nomsa_notemplate
1jq8,44,3,0.3837,0.2604,18.7971,0.071,18.797,10.66,0.023,ptx,nomsa_notemplate
1jq8,44,4,0.4033,0.2594,16.5462,0.083,16.546,10.855,0.023,ptx,nomsa_notemplate
1jw6,42,0,0.3066,0.2872,33.0959,0.025,33.096,13.672,0.0,ptx,nomsa_notemplate
1jw6,42,1,0.3158,0.2815,28.5045,0.032,28.505,13.074,0.0,ptx,nomsa_notemplate
1jw6,42,2,0.2961,0.2797,32.7769,0.025,32.777,13.955,0.0,ptx,nomsa_notemplate
1jw6,42,3,0.2982,0.265,26.649,0.035,26.649,13.563,0.0,ptx,nomsa_notemplate
1jw6,42,4,0.2939,0.2478,14.8681,0.097,14.868,13.378,0.033,ptx,nomsa_notemplate
1jw6,43,0,0.3391,0.3161,26.7282,0.035,26.728,13.199,0.0,ptx,nomsa_notemplate
1jw6,43,1,0.3412,0.3164,27.4411,0.033,27.441,13.344,0.0,ptx,nomsa_notemplate
1jw6,43,2,0.3396,0.3124,26.4517,0.035,26.452,13.444,0.0,ptx,nomsa_notemplate
1jw6,43,3,0.3269,0.3095,26.9641,0.034,26.964,13.379,0.0,ptx,nomsa_notemplate
1jw6,43,4,0.331,0.3067,26.347,0.036,26.347,12.77,0.0,ptx,nomsa_notemplate
1jw6,44,0,0.3381,0.3136,25.1188,0.038,25.119,13.227,0.0,ptx,nomsa_notemplate
1jw6,44,1,0.3214,0.3125,30.0583,0.028,30.058,14.281,0.0,ptx,nomsa_notemplate
1jw6,44,2,0.3286,0.3087,24.7042,0.04,24.704,13.118,0.0,ptx,nomsa_notemplate
1jw6,44,3,0.3206,0.3068,29.1081,0.031,29.108,12.947,0.0,ptx,nomsa_notemplate
1jw6,44,4,0.331,0.3051,25.1808,0.038,25.181,13.595,0.0,ptx,nomsa_notemplate
1l2z,42,0,0.7096,0.6647,7.8362,0.368,7.836,3.805,0.429,ptx,nomsa_notemplate
1l2z,42,1,0.7083,0.6604,7.8591,0.331,7.859,3.815,0.321,ptx,nomsa_notemplate
1l2z,42,2,0.705,0.6603,7.3097,0.368,7.31,3.756,0.393,ptx,nomsa_notemplate
1l2z,42,3,0.7085,0.6596,6.494,0.41,6.494,3.31,0.429,ptx,nomsa_notemplate
1l2z,42,4,0.7089,0.6591,6.8252,0.383,6.825,3.584,0.393,ptx,nomsa_notemplate
1l2z,43,0,0.6857,0.5867,8.6641,0.338,8.664,4.633,0.429,ptx,nomsa_notemplate
1l2z,43,1,0.6868,0.5855,8.616,0.352,8.616,4.532,0.464,ptx,nomsa_notemplate
1l2z,43,2,0.6861,0.5851,8.8816,0.346,8.882,4.62,0.464,ptx,nomsa_notemplate
1l2z,43,3,0.6817,0.5702,9.2371,0.328,9.237,4.573,0.429,ptx,nomsa_notemplate
1l2z,43,4,0.6829,0.5655,8.6495,0.356,8.649,4.219,0.464,ptx,nomsa_notemplate
1l2z,44,0,0.6878,0.6106,15.6567,0.16,15.657,7.695,0.214,ptx,nomsa_notemplate
1l2z,44,1,0.6868,0.6078,15.8505,0.17,15.851,7.836,0.25,ptx,nomsa_notemplate
1l2z,44,2,0.6876,0.6009,9.2196,0.291,9.22,4.704,0.321,ptx,nomsa_notemplate
1l2z,44,3,0.6838,0.5829,10.0709,0.266,10.071,4.609,0.286,ptx,nomsa_notemplate
1l2z,44,4,0.6812,0.5796,8.6742,0.328,8.674,4.46,0.393,ptx,nomsa_notemplate
1lb6,42,0,0.4881,0.4487,14.1297,0.122,14.13,10.504,0.081,ptx,nomsa_notemplate
1lb6,42,1,0.4893,0.4465,15.1899,0.113,15.19,10.483,0.081,ptx,nomsa_notemplate
1lb6,42,2,0.489,0.4477,14.0277,0.123,14.028,10.497,0.081,ptx,nomsa_notemplate
1lb6,42,3,0.4856,0.4444,15.5001,0.101,15.5,10.745,0.054,ptx,nomsa_notemplate
1lb6,42,4,0.4863,0.4413,14.5431,0.118,14.543,10.656,0.081,ptx,nomsa_notemplate
1lb6,43,0,0.4824,0.4542,14.6274,0.099,14.627,10.8,0.027,ptx,nomsa_notemplate
1lb6,43,1,0.4791,0.4487,14.5113,0.1,14.511,10.791,0.027,ptx,nomsa_notemplate
1lb6,43,2,0.4795,0.4462,14.5592,0.1,14.559,10.601,0.027,ptx,nomsa_notemplate
1lb6,43,3,0.4731,0.4477,12.5531,0.12,12.553,10.69,0.027,ptx,nomsa_notemplate
1lb6,43,4,0.476,0.4468,12.4366,0.122,12.437,10.583,0.027,ptx,nomsa_notemplate
1lb6,44,0,0.5084,0.465,16.2856,0.096,16.286,10.805,0.054,ptx,nomsa_notemplate
1lb6,44,1,0.5082,0.4637,14.7377,0.117,14.738,10.523,0.081,ptx,nomsa_notemplate
1lb6,44,2,0.5029,0.4612,13.7602,0.125,13.76,10.754,0.081,ptx,nomsa_notemplate
1lb6,44,3,0.5049,0.4594,15.5253,0.11,15.525,10.56,0.081,ptx,nomsa_notemplate
1lb6,44,4,0.5001,0.4571,14.9121,0.115,14.912,10.494,0.081,ptx,nomsa_notemplate
1mf4,42,0,0.3993,0.2173,17.0623,0.08,17.062,13.42,0.029,ptx,nomsa_notemplate
1mf4,42,1,0.3939,0.211,17.3433,0.079,17.343,12.082,0.029,ptx,nomsa_notemplate
1mf4,42,2,0.3972,0.204,14.7155,0.098,14.715,12.176,0.029,ptx,nomsa_notemplate
1mf4,42,3,0.4001,0.1993,15.0506,0.085,15.051,13.283,0.0,ptx,nomsa_notemplate
1mf4,42,4,0.3554,0.1758,10.783,0.152,10.783,12.004,0.057,ptx,nomsa_notemplate
1mf4,43,0,0.3959,0.2181,15.7893,0.089,15.789,12.29,0.029,ptx,nomsa_notemplate
1mf4,43,1,0.3971,0.2178,17.3234,0.069,17.323,12.581,0.0,ptx,nomsa_notemplate
1mf4,43,2,0.3925,0.2164,15.5502,0.081,15.55,12.847,0.0,ptx,nomsa_notemplate
1mf4,43,3,0.3895,0.2121,14.0397,0.132,14.04,12.431,0.114,ptx,nomsa_notemplate
1mf4,43,4,0.3407,0.1991,22.5018,0.046,22.502,12.743,0.0,ptx,nomsa_notemplate
1mf4,44,0,0.3996,0.2329,17.7965,0.076,17.797,12.692,0.029,ptx,nomsa_notemplate
1mf4,44,1,0.401,0.2319,15.9151,0.088,15.915,12.852,0.029,ptx,nomsa_notemplate
1mf4,44,2,0.3954,0.2253,16.0478,0.087,16.048,12.905,0.029,ptx,nomsa_notemplate
1mf4,44,3,0.3684,0.2131,16.8308,0.091,16.831,12.783,0.057,ptx,nomsa_notemplate
1mf4,44,4,0.4,0.214,12.2242,0.122,12.224,13.517,0.029,ptx,nomsa_notemplate
1mv0,42,0,0.5811,0.4174,23.757,0.083,23.757,10.924,0.116,ptx,nomsa_notemplate
1mv0,42,1,0.5847,0.4138,24.0955,0.066,24.095,11.114,0.07,ptx,nomsa_notemplate
1mv0,42,2,0.5831,0.4108,22.4916,0.072,22.492,10.395,0.07,ptx,nomsa_notemplate
1mv0,42,3,0.5763,0.4025,24.2182,0.065,24.218,11.405,0.07,ptx,nomsa_notemplate
1mv0,42,4,0.584,0.3981,28.1388,0.033,28.139,12.098,0.0,ptx,nomsa_notemplate
1mv0,43,0,0.5775,0.4141,23.9861,0.067,23.986,10.894,0.07,ptx,nomsa_notemplate
1mv0,43,1,0.5763,0.4081,23.6117,0.076,23.612,10.846,0.093,ptx,nomsa_notemplate
1mv0,43,2,0.582,0.4078,23.9572,0.074,23.957,10.911,0.093,ptx,nomsa_notemplate
1mv0,43,3,0.5786,0.4055,24.3998,0.05,24.4,10.906,0.023,ptx,nomsa_notemplate
1mv0,43,4,0.5727,0.4012,15.0943,0.122,15.094,8.135,0.093,ptx,nomsa_notemplate
1mv0,44,0,0.5815,0.4212,16.7681,0.093,16.768,8.683,0.047,ptx,nomsa_notemplate
1mv0,44,1,0.584,0.4205,24.1062,0.051,24.106,11.056,0.023,ptx,nomsa_notemplate
1mv0,44,2,0.573,0.4074,17.6886,0.095,17.689,8.839,0.07,ptx,nomsa_notemplate
1mv0,44,3,0.5725,0.4073,14.765,0.117,14.765,8.071,0.07,ptx,nomsa_notemplate
1mv0,44,4,0.5699,0.4054,14.5289,0.128,14.529,7.909,0.093,ptx,nomsa_notemplate
1nrl,42,0,0.394,0.2011,32.1148,0.053,32.115,11.767,0.079,ptx,nomsa_notemplate
1nrl,42,1,0.3929,0.1947,30.1503,0.047,30.15,12.799,0.053,ptx,nomsa_notemplate
1nrl,42,2,0.3938,0.1815,15.7766,0.08,15.777,12.535,0.0,ptx,nomsa_notemplate
1nrl,42,3,0.3968,0.1685,21.1996,0.077,21.2,12.189,0.079,ptx,nomsa_notemplate
1nrl,42,4,0.3697,0.1638,21.2363,0.11,21.236,15.626,0.184,ptx,nomsa_notemplate
1nrl,43,0,0.3748,0.2037,36.4704,0.019,36.47,18.154,0.0,ptx,nomsa_notemplate
1nrl,43,1,0.3931,0.193,40.9824,0.016,40.982,16.839,0.0,ptx,nomsa_notemplate
1nrl,43,2,0.3814,0.1895,18.8838,0.059,18.884,17.253,0.0,ptx,nomsa_notemplate
1nrl,43,3,0.3694,0.1839,24.2962,0.058,24.296,12.715,0.053,ptx,nomsa_notemplate
1nrl,43,4,0.3661,0.1752,35.0656,0.021,35.066,19.043,0.0,ptx,nomsa_notemplate
1nrl,44,0,0.3887,0.1962,23.3733,0.096,23.373,12.895,0.158,ptx,nomsa_notemplate
1nrl,44,1,0.3899,0.1828,34.0459,0.059,34.046,12.947,0.105,ptx,nomsa_notemplate
1nrl,44,2,0.3546,0.1811,39.3284,0.018,39.328,16.615,0.0,ptx,nomsa_notemplate
1nrl,44,3,0.3706,0.1777,18.099,0.063,18.099,15.836,0.0,ptx,nomsa_notemplate
1nrl,44,4,0.3907,0.1651,13.8041,0.113,13.804,13.328,0.053,ptx,nomsa_notemplate
1nvq,42,0,0.2656,0.2035,26.9842,0.046,26.984,6.621,0.0,ptx,nomsa_notemplate
1nvq,42,1,0.2708,0.2038,12.4028,0.359,12.403,3.036,0.56,ptx,nomsa_notemplate
1nvq,42,2,0.2584,0.1971,21.0594,0.22,21.059,5.079,0.44,ptx,nomsa_notemplate
1nvq,42,3,0.2568,0.1963,29.4607,0.04,29.461,7.016,0.0,ptx,nomsa_notemplate
1nvq,42,4,0.2541,0.194,18.2343,0.113,18.234,5.062,0.08,ptx,nomsa_notemplate
1nvq,43,0,0.2766,0.2085,6.7937,0.599,6.794,2.057,0.84,ptx,nomsa_notemplate
1nvq,43,1,0.2737,0.2062,19.6064,0.209,19.606,3.104,0.28,ptx,nomsa_notemplate
1nvq,43,2,0.2592,0.2004,14.5404,0.379,14.54,2.394,0.6,ptx,nomsa_notemplate
1nvq,43,3,0.2692,0.199,15.9955,0.43,15.996,2.244,0.76,ptx,nomsa_notemplate
1nvq,43,4,0.2331,0.1639,40.272,0.02,40.272,11.072,0.0,ptx,nomsa_notemplate
1nvq,44,0,0.2613,0.1685,39.0967,0.062,39.097,10.636,0.12,ptx,nomsa_notemplate
1nvq,44,1,0.2421,0.1659,47.3079,0.027,47.308,14.592,0.04,ptx,nomsa_notemplate
1nvq,44,2,0.2599,0.1621,17.3606,0.298,17.361,10.031,0.68,ptx,nomsa_notemplate
1nvq,44,3,0.2374,0.1547,21.88,0.051,21.88,9.796,0.0,ptx,nomsa_notemplate
1nvq,44,4,0.2412,0.1518,27.9334,0.035,27.933,10.148,0.0,ptx,nomsa_notemplate
1o0p,42,0,0.3997,0.2004,15.241,0.122,15.241,8.948,0.1,ptx,nomsa_notemplate
1o0p,42,1,0.3969,0.1975,15.4322,0.123,15.432,7.891,0.1,ptx,nomsa_notemplate
1o0p,42,2,0.3865,0.1942,17.5005,0.106,17.501,8.947,0.1,ptx,nomsa_notemplate
1o0p,42,3,0.3973,0.193,7.8613,0.27,7.861,6.856,0.225,ptx,nomsa_notemplate
1o0p,42,4,0.3964,0.187,15.043,0.122,15.043,9.553,0.1,ptx,nomsa_notemplate
1o0p,43,0,0.4016,0.2078,21.7665,0.084,21.766,10.891,0.1,ptx,nomsa_notemplate
1o0p,43,1,0.3973,0.2038,21.4275,0.084,21.428,11.907,0.1,ptx,nomsa_notemplate
1o0p,43,2,0.3757,0.1936,7.0202,0.251,7.02,8.207,0.125,ptx,nomsa_notemplate
1o0p,43,3,0.391,0.1917,10.7312,0.161,10.731,6.82,0.05,ptx,nomsa_notemplate
1o0p,43,4,0.3572,0.1654,29.6557,0.063,29.656,13.847,0.1,ptx,nomsa_notemplate
1o0p,44,0,0.4029,0.2146,10.4889,0.196,10.489,7.186,0.15,ptx,nomsa_notemplate
1o0p,44,1,0.4093,0.2109,9.9349,0.164,9.935,10.625,0.05,ptx,nomsa_notemplate
1o0p,44,2,0.3753,0.1933,24.6183,0.048,24.618,13.273,0.025,ptx,nomsa_notemplate
1o0p,44,3,0.3862,0.1927,21.8489,0.057,21.849,11.852,0.025,ptx,nomsa_notemplate
1o0p,44,4,0.3699,0.1881,23.4691,0.051,23.469,13.806,0.025,ptx,nomsa_notemplate
1p7v,42,0,0.2619,0.196,27.4393,0.054,27.439,13.324,0.061,ptx,nomsa_notemplate
1p7v,42,1,0.2791,0.1939,14.5668,0.09,14.567,12.165,0.0,ptx,nomsa_notemplate
1p7v,42,2,0.2677,0.1735,20.5586,0.061,20.559,11.65,0.02,ptx,nomsa_notemplate
1p7v,42,3,0.26,0.1777,22.1,0.047,22.1,13.312,0.0,ptx,nomsa_notemplate
1p7v,42,4,0.2411,0.1729,24.0929,0.04,24.093,14.759,0.0,ptx,nomsa_notemplate
1p7v,43,0,0.2673,0.2206,30.9269,0.027,30.927,14.167,0.0,ptx,nomsa_notemplate
1p7v,43,1,0.2634,0.1934,24.9954,0.053,24.995,12.605,0.041,ptx,nomsa_notemplate
1p7v,43,2,0.2714,0.1951,18.2705,0.063,18.27,13.364,0.0,ptx,nomsa_notemplate
1p7v,43,3,0.2681,0.1798,10.1202,0.162,10.12,13.661,0.061,ptx,nomsa_notemplate
1p7v,43,4,0.2547,0.1694,18.5857,0.082,18.586,13.732,0.061,ptx,nomsa_notemplate
1p7v,44,0,0.2578,0.2128,30.9125,0.027,30.912,13.768,0.0,ptx,nomsa_notemplate
1p7v,44,1,0.2727,0.1893,13.5728,0.134,13.573,10.877,0.102,ptx,nomsa_notemplate
1p7v,44,2,0.2601,0.1912,13.1621,0.115,13.162,14.988,0.041,ptx,nomsa_notemplate
1p7v,44,3,0.2553,0.1752,19.5517,0.057,19.552,12.907,0.0,ptx,nomsa_notemplate
1p7v,44,4,0.2457,0.1618,23.7066,0.049,23.707,12.773,0.02,ptx,nomsa_notemplate
1pmx,42,0,0.8616,0.8683,22.6704,0.077,22.67,9.965,0.087,ptx,nomsa_notemplate
1pmx,42,1,0.8627,0.8681,18.1388,0.083,18.139,9.343,0.043,ptx,nomsa_notemplate
1pmx,42,2,0.8621,0.8683,21.7066,0.067,21.707,9.445,0.043,ptx,nomsa_notemplate
1pmx,42,3,0.8621,0.8679,23.3407,0.062,23.341,9.434,0.043,ptx,nomsa_notemplate
1pmx,42,4,0.8625,0.8679,22.154,0.065,22.154,9.461,0.043,ptx,nomsa_notemplate
1pmx,43,0,0.6974,0.5181,10.8995,0.211,10.9,7.663,0.217,ptx,nomsa_notemplate
1pmx,43,1,0.6986,0.5185,9.8567,0.227,9.857,7.781,0.217,ptx,nomsa_notemplate
1pmx,43,2,0.6899,0.5118,11.8401,0.196,11.84,8.323,0.217,ptx,nomsa_notemplate
1pmx,43,3,0.6963,0.5096,10.6397,0.214,10.64,7.965,0.217,ptx,nomsa_notemplate
1pmx,43,4,0.6936,0.5072,15.0431,0.164,15.043,8.172,0.217,ptx,nomsa_notemplate
1pmx,44,0,0.6584,0.4739,12.7465,0.155,12.747,9.086,0.13,ptx,nomsa_notemplate
1pmx,44,1,0.6502,0.4618,14.6399,0.121,14.64,9.838,0.087,ptx,nomsa_notemplate
1pmx,44,2,0.647,0.4603,18.5078,0.094,18.508,10.436,0.087,ptx,nomsa_notemplate
1pmx,44,3,0.6483,0.4597,16.2291,0.122,16.229,10.273,0.13,ptx,nomsa_notemplate
1pmx,44,4,0.6421,0.4541,21.754,0.079,21.754,11.271,0.087,ptx,nomsa_notemplate
1r17,42,0,0.2675,0.3223,23.0762,0.042,23.076,19.153,0.0,ptx,nomsa_notemplate
1r17,42,1,0.2495,0.2788,11.2183,0.139,11.218,18.364,0.047,ptx,nomsa_notemplate
1r17,42,2,0.2389,0.2687,22.6652,0.043,22.665,20.212,0.0,ptx,nomsa_notemplate
1r17,42,3,0.2382,0.2562,20.8444,0.073,20.844,18.902,0.071,ptx,nomsa_notemplate
1r17,42,4,0.2469,0.2133,28.1509,0.034,28.151,16.696,0.012,ptx,nomsa_notemplate
1r17,43,0,0.2557,0.2906,24.2519,0.039,24.252,17.792,0.0,ptx,nomsa_notemplate
1r17,43,1,0.2631,0.2347,26.9533,0.057,26.953,14.837,0.071,ptx,nomsa_notemplate
1r17,43,2,0.2579,0.231,23.8116,0.077,23.812,13.744,0.106,ptx,nomsa_notemplate
1r17,43,3,0.2572,0.2277,25.5493,0.067,25.549,16.737,0.094,ptx,nomsa_notemplate
1r17,43,4,0.233,0.2159,18.665,0.075,18.665,17.733,0.047,ptx,nomsa_notemplate
1r17,44,0,0.2586,0.3212,25.1618,0.036,25.162,18.095,0.0,ptx,nomsa_notemplate
1r17,44,1,0.261,0.3112,25.5282,0.036,25.528,16.259,0.0,ptx,nomsa_notemplate
1r17,44,2,0.246,0.2647,21.2159,0.056,21.216,18.169,0.024,ptx,nomsa_notemplate
1r17,44,3,0.2563,0.2202,26.6641,0.056,26.664,18.461,0.071,ptx,nomsa_notemplate
1r17,44,4,0.2461,0.2076,23.5323,0.049,23.532,17.263,0.024,ptx,nomsa_notemplate
1rxz,42,0,0.2842,0.2579,29.7858,0.028,29.786,14.783,0.0,ptx,nomsa_notemplate
1rxz,42,1,0.2785,0.2405,22.5478,0.045,22.548,14.918,0.0,ptx,nomsa_notemplate
1rxz,42,2,0.2687,0.2379,24.4869,0.065,24.487,12.698,0.074,ptx,nomsa_notemplate
1rxz,42,3,0.268,0.2349,21.2123,0.051,21.212,12.906,0.0,ptx,nomsa_notemplate
1rxz,42,4,0.2793,0.2275,28.3722,0.03,28.372,16.723,0.0,ptx,nomsa_notemplate
1rxz,43,0,0.465,0.5912,23.8991,0.041,23.899,15.269,0.0,ptx,nomsa_notemplate
1rxz,43,1,0.4566,0.5811,26.8021,0.034,26.802,14.989,0.0,ptx,nomsa_notemplate
1rxz,43,2,0.4477,0.5702,24.0553,0.047,24.055,14.513,0.019,ptx,nomsa_notemplate
1rxz,43,3,0.441,0.5667,26.5438,0.034,26.544,14.836,0.0,ptx,nomsa_notemplate
1rxz,43,4,0.4349,0.5603,30.2257,0.034,30.226,14.629,0.019,ptx,nomsa_notemplate
1rxz,44,0,0.2665,0.2087,23.9165,0.041,23.917,14.7,0.0,ptx,nomsa_notemplate
1rxz,44,1,0.2769,0.2019,33.2502,0.023,33.25,17.153,0.0,ptx,nomsa_notemplate
1rxz,44,2,0.2565,0.1878,21.4887,0.048,21.489,15.561,0.0,ptx,nomsa_notemplate
1rxz,44,3,0.2688,0.1876,26.2925,0.034,26.293,16.226,0.0,ptx,nomsa_notemplate
1rxz,44,4,0.2564,0.1764,25.1331,0.07,25.133,12.712,0.093,ptx,nomsa_notemplate
1t74,42,0,0.3644,0.2879,24.5087,0.151,24.509,9.362,0.321,ptx,nomsa_notemplate
1t74,42,1,0.3687,0.2866,23.6319,0.168,23.632,8.157,0.357,ptx,nomsa_notemplate
1t74,42,2,0.3622,0.2807,15.6017,0.204,15.602,9.2,0.357,ptx,nomsa_notemplate
1t74,42,3,0.3507,0.2683,22.3659,0.195,22.366,8.649,0.429,ptx,nomsa_notemplate
1t74,42,4,0.3236,0.2428,37.7812,0.046,37.781,10.972,0.071,ptx,nomsa_notemplate
1t74,43,0,0.377,0.3369,37.8207,0.193,37.821,8.224,0.5,ptx,nomsa_notemplate
1t74,43,1,0.3835,0.3329,36.6225,0.158,36.623,8.46,0.393,ptx,nomsa_notemplate
1t74,43,2,0.3614,0.2944,12.2567,0.235,12.257,5.961,0.321,ptx,nomsa_notemplate
1t74,43,3,0.3528,0.2939,27.6376,0.124,27.638,7.819,0.25,ptx,nomsa_notemplate
1t74,43,4,0.3458,0.2695,28.4363,0.035,28.436,9.762,0.0,ptx,nomsa_notemplate
1t74,44,0,0.385,0.3394,36.8148,0.159,36.815,8.23,0.393,ptx,nomsa_notemplate
1t74,44,1,0.3851,0.3409,36.7393,0.147,36.739,8.245,0.357,ptx,nomsa_notemplate
1t74,44,2,0.3844,0.3328,27.3194,0.159,27.319,8.185,0.357,ptx,nomsa_notemplate
1t74,44,3,0.3788,0.3357,34.5099,0.183,34.51,8.875,0.464,ptx,nomsa_notemplate
1t74,44,4,0.345,0.2601,23.7633,0.054,23.763,12.669,0.036,ptx,nomsa_notemplate
1v1t,42,0,0.2934,0.225,23.1024,0.046,23.102,11.17,0.0,ptx,nomsa_notemplate
1v1t,42,1,0.293,0.2194,31.8961,0.028,31.896,11.011,0.0,ptx,nomsa_notemplate
1v1t,42,2,0.2891,0.2118,35.3625,0.025,35.363,10.546,0.0,ptx,nomsa_notemplate
1v1t,42,3,0.3026,0.2135,23.4322,0.047,23.432,9.366,0.0,ptx,nomsa_notemplate
1v1t,42,4,0.2858,0.2118,19.5068,0.061,19.507,9.802,0.0,ptx,nomsa_notemplate
1v1t,43,0,0.2926,0.2489,27.502,0.053,27.502,8.456,0.04,ptx,nomsa_notemplate
1v1t,43,1,0.2944,0.2374,37.6494,0.021,37.649,12.278,0.0,ptx,nomsa_notemplate
1v1t,43,2,0.318,0.2306,28.5246,0.091,28.525,8.342,0.16,ptx,nomsa_notemplate
1v1t,43,3,0.2968,0.2179,30.1344,0.035,30.134,8.206,0.0,ptx,nomsa_notemplate
1v1t,43,4,0.2876,0.2153,28.1548,0.036,28.155,9.354,0.0,ptx,nomsa_notemplate
1v1t,44,0,0.3312,0.252,24.1213,0.042,24.121,12.275,0.0,ptx,nomsa_notemplate
1v1t,44,1,0.2742,0.2233,17.6258,0.068,17.626,11.69,0.0,ptx,nomsa_notemplate
1v1t,44,2,0.305,0.2249,25.8255,0.058,25.825,7.686,0.04,ptx,nomsa_notemplate
1v1t,44,3,0.2991,0.2181,30.4321,0.044,30.432,10.76,0.04,ptx,nomsa_notemplate
1v1t,44,4,0.2881,0.2049,22.2597,0.062,22.26,11.04,0.04,ptx,nomsa_notemplate
1w80,42,0,0.2758,0.2818,42.773,0.016,42.773,16.188,0.0,ptx,nomsa_notemplate
1w80,42,1,0.2657,0.2403,20.4538,0.066,20.454,13.135,0.038,ptx,nomsa_notemplate
1w80,42,2,0.2464,0.1989,22.3457,0.047,22.346,12.563,0.0,ptx,nomsa_notemplate
1w80,42,3,0.2418,0.1798,9.0439,0.214,9.044,10.855,0.154,ptx,nomsa_notemplate
1w80,42,4,0.2471,0.1794,17.5454,0.107,17.545,12.324,0.115,ptx,nomsa_notemplate
1w80,43,0,0.3191,0.3872,44.4549,0.014,44.455,18.57,0.0,ptx,nomsa_notemplate
1w80,43,1,0.314,0.379,44.3094,0.014,44.309,17.413,0.0,ptx,nomsa_notemplate
1w80,43,2,0.3097,0.3744,44.6895,0.014,44.69,16.197,0.0,ptx,nomsa_notemplate
1w80,43,3,0.3037,0.3702,44.0186,0.015,44.019,16.72,0.0,ptx,nomsa_notemplate
1w80,43,4,0.3102,0.368,42.2886,0.016,42.289,16.371,0.0,ptx,nomsa_notemplate
1w80,44,0,0.3029,0.3589,33.8573,0.023,33.857,14.947,0.0,ptx,nomsa_notemplate
1w80,44,1,0.3068,0.3536,39.078,0.018,39.078,16.39,0.0,ptx,nomsa_notemplate
1w80,44,2,0.2983,0.3497,33.3695,0.062,33.369,15.788,0.115,ptx,nomsa_notemplate
1w80,44,3,0.3033,0.3461,37.0111,0.02,37.011,14.399,0.0,ptx,nomsa_notemplate
1w80,44,4,0.2418,0.2036,31.4448,0.027,31.445,12.545,0.0,ptx,nomsa_notemplate
1yfn,42,0,0.4382,0.2656,21.0268,0.072,21.027,10.8,0.057,ptx,nomsa_notemplate
1yfn,42,1,0.4131,0.2474,16.0504,0.108,16.05,8.76,0.075,ptx,nomsa_notemplate
1yfn,42,2,0.4118,0.2374,20.665,0.07,20.665,8.842,0.038,ptx,nomsa_notemplate
1yfn,42,3,0.4318,0.2371,34.0765,0.023,34.077,15.274,0.0,ptx,nomsa_notemplate
1yfn,42,4,0.4365,0.2347,24.0181,0.043,24.018,10.735,0.0,ptx,nomsa_notemplate
1yfn,43,0,0.4223,0.2329,28.1934,0.039,28.193,12.819,0.019,ptx,nomsa_notemplate
1yfn,43,1,0.4163,0.2298,24.9004,0.042,24.9,9.851,0.0,ptx,nomsa_notemplate
1yfn,43,2,0.424,0.2273,26.7337,0.048,26.734,12.089,0.038,ptx,nomsa_notemplate
1yfn,43,3,0.4319,0.2244,26.8571,0.042,26.857,11.672,0.019,ptx,nomsa_notemplate
1yfn,43,4,0.4068,0.2253,28.8836,0.031,28.884,12.955,0.0,ptx,nomsa_notemplate
1yfn,44,0,0.4135,0.2594,20.6729,0.07,20.673,8.838,0.038,ptx,nomsa_notemplate
1yfn,44,1,0.4155,0.244,30.9737,0.027,30.974,13.805,0.0,ptx,nomsa_notemplate
1yfn,44,2,0.4334,0.2372,29.5427,0.03,29.543,13.092,0.0,ptx,nomsa_notemplate
1yfn,44,3,0.421,0.2358,25.9174,0.063,25.917,11.172,0.075,ptx,nomsa_notemplate
1yfn,44,4,0.4051,0.2321,24.1908,0.047,24.191,12.725,0.019,ptx,nomsa_notemplate
1ywi,42,0,0.9787,0.8724,1.4943,0.84,1.494,1.088,0.895,ptx,nomsa_notemplate
1ywi,42,1,0.9787,0.8723,1.5516,0.819,1.552,1.109,0.842,ptx,nomsa_notemplate
1ywi,42,2,0.9787,0.8723,1.5328,0.819,1.533,1.109,0.842,ptx,nomsa_notemplate
1ywi,42,3,0.9787,0.8721,1.5006,0.844,1.501,1.057,0.895,ptx,nomsa_notemplate
1ywi,42,4,0.9787,0.872,1.5376,0.824,1.538,1.072,0.842,ptx,nomsa_notemplate
1ywi,43,0,0.9812,0.8812,1.5045,0.839,1.504,1.098,0.895,ptx,nomsa_notemplate
1ywi,43,1,0.9812,0.8811,1.2964,0.851,1.296,1.024,0.895,ptx,nomsa_notemplate
1ywi,43,2,0.9812,0.881,1.3439,0.848,1.344,1.044,0.895,ptx,nomsa_notemplate
1ywi,43,3,0.9811,0.8809,1.4518,0.85,1.452,1.021,0.895,ptx,nomsa_notemplate
1ywi,43,4,0.9812,0.881,1.3339,0.853,1.334,1.012,0.895,ptx,nomsa_notemplate
1ywi,44,0,0.9796,0.8764,1.4477,0.843,1.448,1.073,0.895,ptx,nomsa_notemplate
1ywi,44,1,0.9796,0.8764,1.4319,0.842,1.432,1.077,0.895,ptx,nomsa_notemplate
1ywi,44,2,0.9796,0.8763,1.4459,0.826,1.446,1.07,0.842,ptx,nomsa_notemplate
1ywi,44,3,0.9796,0.8763,1.3966,0.849,1.397,1.029,0.895,ptx,nomsa_notemplate
1ywi,44,4,0.9796,0.8762,1.347,0.831,1.347,1.043,0.842,ptx,nomsa_notemplate
1ywo,42,0,0.7178,0.5248,15.2718,0.128,15.272,8.956,0.12,ptx,nomsa_notemplate
1ywo,42,1,0.7182,0.5232,14.8437,0.132,14.844,8.895,0.12,ptx,nomsa_notemplate
1ywo,42,2,0.7184,0.5209,14.9515,0.13,14.951,9.068,0.12,ptx,nomsa_notemplate
1ywo,42,3,0.7162,0.5162,15.0308,0.13,15.031,8.923,0.12,ptx,nomsa_notemplate
1ywo,42,4,0.7134,0.5103,15.877,0.123,15.877,9.235,0.12,ptx,nomsa_notemplate
1ywo,43,0,0.7168,0.5279,16.5756,0.131,16.576,9.377,0.16,ptx,nomsa_notemplate
1ywo,43,1,0.7158,0.5209,15.1416,0.129,15.142,9.005,0.12,ptx,nomsa_notemplate
1ywo,43,2,0.7151,0.5197,16.09,0.135,16.09,9.192,0.16,ptx,nomsa_notemplate
1ywo,43,3,0.715,0.5196,15.7648,0.124,15.765,9.212,0.12,ptx,nomsa_notemplate
1ywo,43,4,0.7147,0.5188,15.5964,0.125,15.596,9.21,0.12,ptx,nomsa_notemplate
1ywo,44,0,0.7167,0.5309,15.5294,0.126,15.529,9.038,0.12,ptx,nomsa_notemplate
1ywo,44,1,0.7169,0.5295,15.6312,0.125,15.631,8.99,0.12,ptx,nomsa_notemplate
1ywo,44,2,0.716,0.5259,16.8031,0.13,16.803,9.322,0.16,ptx,nomsa_notemplate
1ywo,44,3,0.7172,0.5223,14.8427,0.131,14.843,9.088,0.12,ptx,nomsa_notemplate
1ywo,44,4,0.7165,0.5188,16.3707,0.133,16.371,9.323,0.16,ptx,nomsa_notemplate
1yy6,42,0,0.4437,0.4267,12.3084,0.126,12.308,9.176,0.029,ptx,nomsa_notemplate
1yy6,42,1,0.4441,0.4245,10.9732,0.144,10.973,8.995,0.029,ptx,nomsa_notemplate
1yy6,42,2,0.4441,0.4236,12.1018,0.139,12.102,9.073,0.059,ptx,nomsa_notemplate
1yy6,42,3,0.4583,0.4232,5.8582,0.247,5.858,8.007,0.029,ptx,nomsa_notemplate
1yy6,42,4,0.4412,0.4207,12.6462,0.132,12.646,9.228,0.059,ptx,nomsa_notemplate
1yy6,43,0,0.4465,0.4236,12.494,0.144,12.494,9.043,0.088,ptx,nomsa_notemplate
1yy6,43,1,0.4498,0.4231,8.0059,0.187,8.006,8.479,0.0,ptx,nomsa_notemplate
1yy6,43,2,0.439,0.4196,11.9236,0.141,11.924,8.973,0.059,ptx,nomsa_notemplate
1yy6,43,3,0.4409,0.4177,11.7905,0.143,11.79,8.693,0.059,ptx,nomsa_notemplate
1yy6,43,4,0.4344,0.4124,12.4851,0.124,12.485,9.153,0.029,ptx,nomsa_notemplate
1yy6,44,0,0.4458,0.4254,12.6268,0.132,12.627,9.327,0.059,ptx,nomsa_notemplate
1yy6,44,1,0.4451,0.423,8.7564,0.181,8.756,8.713,0.029,ptx,nomsa_notemplate
1yy6,44,2,0.4432,0.4217,11.8484,0.142,11.848,9.106,0.059,ptx,nomsa_notemplate
1yy6,44,3,0.4416,0.4202,8.8271,0.229,8.827,8.468,0.176,ptx,nomsa_notemplate
1yy6,44,4,0.4411,0.4198,12.0547,0.139,12.055,9.17,0.059,ptx,nomsa_notemplate
2aij,42,0,0.315,0.31,10.4508,0.151,10.451,19.068,0.048,ptx,nomsa_notemplate
2aij,42,1,0.3059,0.3021,6.876,0.211,6.876,19.725,0.024,ptx,nomsa_notemplate
2aij,42,2,0.3044,0.2996,15.0013,0.099,15.001,17.807,0.048,ptx,nomsa_notemplate
2aij,42,3,0.3118,0.2959,16.661,0.079,16.661,19.252,0.024,ptx,nomsa_notemplate
2aij,42,4,0.2783,0.2276,27.4679,0.031,27.468,20.578,0.0,ptx,nomsa_notemplate
2aij,43,0,0.3198,0.3685,14.4799,0.112,14.48,17.409,0.071,ptx,nomsa_notemplate
2aij,43,1,0.3253,0.3554,16.1622,0.082,16.162,19.305,0.024,ptx,nomsa_notemplate
2aij,43,2,0.3134,0.3515,24.0095,0.048,24.01,15.837,0.024,ptx,nomsa_notemplate
2aij,43,3,0.3206,0.3508,7.6134,0.195,7.613,19.557,0.024,ptx,nomsa_notemplate
2aij,43,4,0.3339,0.3481,21.286,0.056,21.286,18.804,0.024,ptx,nomsa_notemplate
2aij,44,0,0.3144,0.3529,14.4965,0.103,14.497,18.955,0.048,ptx,nomsa_notemplate
2aij,44,1,0.3312,0.3506,19.8302,0.062,19.83,18.948,0.024,ptx,nomsa_notemplate
2aij,44,2,0.3094,0.3455,15.4761,0.111,15.476,18.363,0.095,ptx,nomsa_notemplate
2aij,44,3,0.3352,0.3439,20.6306,0.058,20.631,19.339,0.024,ptx,nomsa_notemplate
2aij,44,4,0.2914,0.3379,14.6742,0.118,14.674,17.839,0.095,ptx,nomsa_notemplate
2aq9,42,0,0.4039,0.3031,35.5302,0.024,35.53,11.333,0.0,ptx,nomsa_notemplate
2aq9,42,1,0.3969,0.276,30.2785,0.031,30.279,10.501,0.0,ptx,nomsa_notemplate
2aq9,42,2,0.3949,0.2765,36.1211,0.023,36.121,11.786,0.0,ptx,nomsa_notemplate
2aq9,42,3,0.393,0.2709,29.9563,0.033,29.956,9.745,0.0,ptx,nomsa_notemplate
2aq9,42,4,0.3886,0.2673,35.1466,0.024,35.147,11.777,0.0,ptx,nomsa_notemplate
2aq9,43,0,0.4002,0.2819,38.3751,0.021,38.375,11.331,0.0,ptx,nomsa_notemplate
2aq9,43,1,0.4115,0.2816,37.4451,0.022,37.445,11.106,0.0,ptx,nomsa_notemplate
2aq9,43,2,0.3976,0.2778,36.5783,0.023,36.578,11.29,0.0,ptx,nomsa_notemplate
2aq9,43,3,0.3813,0.2628,38.4608,0.021,38.461,11.749,0.0,ptx,nomsa_notemplate
2aq9,43,4,0.3952,0.2633,36.9548,0.022,36.955,12.131,0.0,ptx,nomsa_notemplate
2aq9,44,0,0.4004,0.2904,36.1414,0.023,36.141,11.082,0.0,ptx,nomsa_notemplate
2aq9,44,1,0.4023,0.2784,36.5619,0.022,36.562,12.393,0.0,ptx,nomsa_notemplate
2aq9,44,2,0.3983,0.2739,36.2477,0.024,36.248,10.812,0.0,ptx,nomsa_notemplate
2aq9,44,3,0.3946,0.2712,29.5511,0.087,29.551,10.766,0.167,ptx,nomsa_notemplate
2aq9,44,4,0.3894,0.2379,43.1784,0.016,43.178,13.936,0.0,ptx,nomsa_notemplate
2c3i,42,0,0.2537,0.181,21.4371,0.048,21.437,16.42,0.0,ptx,nomsa_notemplate
2c3i,42,1,0.2554,0.1803,24.4012,0.039,24.401,17.374,0.0,ptx,nomsa_notemplate
2c3i,42,2,0.25,0.1675,28.8606,0.063,28.861,16.762,0.103,ptx,nomsa_notemplate
2c3i,42,3,0.2456,0.1589,20.0947,0.079,20.095,15.606,0.077,ptx,nomsa_notemplate
2c3i,42,4,0.2371,0.1538,31.1296,0.026,31.13,15.537,0.0,ptx,nomsa_notemplate
2c3i,43,0,0.3079,0.3255,27.1452,0.032,27.145,17.396,0.0,ptx,nomsa_notemplate
2c3i,43,1,0.3185,0.3166,26.067,0.061,26.067,16.16,0.077,ptx,nomsa_notemplate
2c3i,43,2,0.3205,0.3136,22.9269,0.051,22.927,17.759,0.026,ptx,nomsa_notemplate
2c3i,43,3,0.3098,0.3037,23.9291,0.1,23.929,17.32,0.179,ptx,nomsa_notemplate
2c3i,43,4,0.2654,0.2352,22.7682,0.087,22.768,15.143,0.128,ptx,nomsa_notemplate
2c3i,44,0,0.298,0.3023,27.2295,0.032,27.229,18.562,0.0,ptx,nomsa_notemplate
2c3i,44,1,0.3072,0.3005,26.5097,0.034,26.51,16.521,0.0,ptx,nomsa_notemplate
2c3i,44,2,0.2693,0.2298,27.5169,0.083,27.517,16.384,0.154,ptx,nomsa_notemplate
2c3i,44,3,0.2699,0.2227,25.706,0.087,25.706,16.149,0.154,ptx,nomsa_notemplate
2c3i,44,4,0.2574,0.2065,18.5538,0.095,18.554,16.113,0.103,ptx,nomsa_notemplate
2cch,42,0,0.2714,0.2307,41.3675,0.016,41.367,16.903,0.0,ptx,nomsa_notemplate
2cch,42,1,0.2718,0.2241,34.2696,0.071,34.27,12.229,0.14,ptx,nomsa_notemplate
2cch,42,2,0.2734,0.2184,26.8103,0.058,26.81,13.301,0.07,ptx,nomsa_notemplate
2cch,42,3,0.2615,0.2098,32.1233,0.072,32.123,13.557,0.14,ptx,nomsa_notemplate
2cch,42,4,0.2506,0.1871,26.4245,0.073,26.425,15.014,0.116,ptx,nomsa_notemplate
2cch,43,0,0.2782,0.2444,24.1159,0.05,24.116,11.94,0.023,ptx,nomsa_notemplate
2cch,43,1,0.2775,0.2402,11.1553,0.221,11.155,11.683,0.279,ptx,nomsa_notemplate
2cch,43,2,0.2815,0.23,32.5889,0.095,32.589,14.192,0.209,ptx,nomsa_notemplate
2cch,43,3,0.2601,0.211,22.6252,0.084,22.625,13.075,0.116,ptx,nomsa_notemplate
2cch,43,4,0.26,0.2023,25.5037,0.037,25.504,13.609,0.0,ptx,nomsa_notemplate
2cch,44,0,0.2794,0.275,41.4659,0.048,41.466,14.735,0.093,ptx,nomsa_notemplate
2cch,44,1,0.2824,0.2521,34.6629,0.077,34.663,13.402,0.163,ptx,nomsa_notemplate
2cch,44,2,0.2764,0.242,14.0725,0.133,14.072,12.136,0.116,ptx,nomsa_notemplate
2cch,44,3,0.265,0.2418,16.4242,0.128,16.424,15.855,0.163,ptx,nomsa_notemplate
2cch,44,4,0.2724,0.2301,28.0553,0.04,28.055,13.092,0.023,ptx,nomsa_notemplate
2cny,42,0,0.6601,0.6727,8.194,0.313,8.194,7.753,0.385,ptx,nomsa_notemplate
2cny,42,1,0.6605,0.671,8.7063,0.296,8.706,7.7,0.365,ptx,nomsa_notemplate
2cny,42,2,0.6615,0.67,9.137,0.275,9.137,7.609,0.323,ptx,nomsa_notemplate
2cny,42,3,0.6609,0.6701,9.146,0.282,9.146,7.494,0.344,ptx,nomsa_notemplate
2cny,42,4,0.6607,0.6691,8.49,0.279,8.49,7.923,0.302,ptx,nomsa_notemplate
2cny,43,0,0.8237,0.9117,7.3301,0.35,7.33,7.318,0.438,ptx,nomsa_notemplate
2cny,43,1,0.8217,0.9112,6.7993,0.369,6.799,7.425,0.458,ptx,nomsa_notemplate
2cny,43,2,0.8226,0.9111,7.3536,0.353,7.354,7.363,0.448,ptx,nomsa_notemplate
2cny,43,3,0.8212,0.9104,6.4121,0.353,6.412,7.63,0.385,ptx,nomsa_notemplate
2cny,43,4,0.8208,0.9101,6.8489,0.365,6.849,7.329,0.448,ptx,nomsa_notemplate
2cny,44,0,0.8166,0.9058,6.7667,0.36,6.767,7.357,0.427,ptx,nomsa_notemplate
2cny,44,1,0.8176,0.9062,6.9093,0.356,6.909,7.375,0.427,ptx,nomsa_notemplate
2cny,44,2,0.8177,0.9055,7.0776,0.36,7.078,7.307,0.448,ptx,nomsa_notemplate
2cny,44,3,0.8189,0.9057,7.3224,0.351,7.322,7.298,0.438,ptx,nomsa_notemplate
2cny,44,4,0.8162,0.9049,6.2907,0.373,6.291,7.73,0.438,ptx,nomsa_notemplate
2e4h,42,0,0.5587,0.4056,19.0013,0.075,19.001,10.631,0.04,ptx,nomsa_notemplate
2e4h,42,1,0.5647,0.4042,19.661,0.073,19.661,10.202,0.04,ptx,nomsa_notemplate
2e4h,42,2,0.5478,0.3979,11.2998,0.235,11.3,9.534,0.32,ptx,nomsa_notemplate
2e4h,42,3,0.5066,0.3526,9.5558,0.196,9.556,8.892,0.12,ptx,nomsa_notemplate
2e4h,42,4,0.5011,0.3515,15.9476,0.16,15.948,10.46,0.24,ptx,nomsa_notemplate
2e4h,43,0,0.5488,0.4028,8.5187,0.255,8.519,9.334,0.24,ptx,nomsa_notemplate
2e4h,43,1,0.5701,0.3989,18.9858,0.103,18.986,9.89,0.12,ptx,nomsa_notemplate
2e4h,43,2,0.5726,0.3963,18.6209,0.078,18.621,9.978,0.04,ptx,nomsa_notemplate
2e4h,43,3,0.535,0.3774,10.2922,0.251,10.292,8.924,0.32,ptx,nomsa_notemplate
2e4h,43,4,0.4706,0.3246,12.9654,0.122,12.965,9.16,0.04,ptx,nomsa_notemplate
2e4h,44,0,0.5751,0.4202,19.7386,0.086,19.739,10.144,0.08,ptx,nomsa_notemplate
2e4h,44,1,0.571,0.4128,17.9589,0.081,17.959,10.125,0.04,ptx,nomsa_notemplate
2e4h,44,2,0.5536,0.4139,10.5431,0.169,10.543,7.958,0.08,ptx,nomsa_notemplate
2e4h,44,3,0.5718,0.3989,15.9996,0.121,16.0,9.981,0.12,ptx,nomsa_notemplate
2e4h,44,4,0.5387,0.3893,10.6171,0.299,10.617,9.316,0.48,ptx,nomsa_notemplate
2fgr,42,0,0.3935,0.5557,26.2487,0.037,26.249,11.7,0.0,ptx,nomsa_notemplate
2fgr,42,1,0.3736,0.5462,32.1147,0.026,32.115,13.505,0.0,ptx,nomsa_notemplate
2fgr,42,2,0.3653,0.5421,29.1472,0.031,29.147,13.0,0.0,ptx,nomsa_notemplate
2fgr,42,3,0.3686,0.5351,34.0583,0.024,34.058,13.0,0.0,ptx,nomsa_notemplate
2fgr,42,4,0.3519,0.5126,37.3084,0.02,37.308,15.021,0.0,ptx,nomsa_notemplate
2fgr,43,0,0.4345,0.6257,20.447,0.057,20.447,9.954,0.0,ptx,nomsa_notemplate
2fgr,43,1,0.4183,0.5932,21.8368,0.05,21.837,10.621,0.0,ptx,nomsa_notemplate
2fgr,43,2,0.4068,0.5845,26.7943,0.036,26.794,11.494,0.0,ptx,nomsa_notemplate
2fgr,43,3,0.399,0.5605,37.6355,0.02,37.636,14.159,0.0,ptx,nomsa_notemplate
2fgr,43,4,0.3657,0.5107,40.5322,0.017,40.532,15.03,0.0,ptx,nomsa_notemplate
2fgr,44,0,0.3906,0.5286,29.7695,0.031,29.769,11.657,0.0,ptx,nomsa_notemplate
2fgr,44,1,0.374,0.5226,30.2748,0.029,30.275,12.055,0.0,ptx,nomsa_notemplate
2fgr,44,2,0.3761,0.5183,31.0987,0.028,31.099,12.106,0.0,ptx,nomsa_notemplate
2fgr,44,3,0.3736,0.487,39.113,0.018,39.113,14.78,0.0,ptx,nomsa_notemplate
2fgr,44,4,0.3475,0.4513,38.424,0.019,38.424,15.351,0.0,ptx,nomsa_notemplate
2fka,42,0,0.553,0.5049,23.1851,0.052,23.185,7.725,0.0,ptx,nomsa_notemplate
2fka,42,1,0.563,0.5051,36.2539,0.022,36.254,12.918,0.0,ptx,nomsa_notemplate
2fka,42,2,0.5522,0.496,25.2732,0.049,25.273,6.929,0.0,ptx,nomsa_notemplate
2fka,42,3,0.5467,0.4973,26.648,0.071,26.648,9.235,0.095,ptx,nomsa_notemplate
2fka,42,4,0.5381,0.4859,32.4566,0.027,32.457,11.095,0.0,ptx,nomsa_notemplate
2fka,43,0,0.5479,0.4773,34.4881,0.024,34.488,11.76,0.0,ptx,nomsa_notemplate
2fka,43,1,0.5284,0.4681,31.5078,0.032,31.508,8.759,0.0,ptx,nomsa_notemplate
2fka,43,2,0.5418,0.4633,31.8357,0.063,31.836,8.831,0.095,ptx,nomsa_notemplate
2fka,43,3,0.5395,0.4716,26.3405,0.059,26.341,7.871,0.048,ptx,nomsa_notemplate
2fka,43,4,0.5256,0.4532,21.9231,0.074,21.923,6.963,0.048,ptx,nomsa_notemplate
2fka,44,0,0.5642,0.5021,26.7213,0.039,26.721,9.124,0.0,ptx,nomsa_notemplate
2fka,44,1,0.5634,0.5014,22.2914,0.054,22.291,8.033,0.0,ptx,nomsa_notemplate
2fka,44,2,0.5661,0.4986,17.8671,0.076,17.867,7.127,0.0,ptx,nomsa_notemplate
2fka,44,3,0.5646,0.492,36.2867,0.022,36.287,12.977,0.0,ptx,nomsa_notemplate
2fka,44,4,0.5319,0.4805,29.1555,0.113,29.156,9.871,0.238,ptx,nomsa_notemplate
2hpl,42,0,0.5023,0.46,26.5546,0.04,26.555,8.79,0.0,ptx,nomsa_notemplate
2hpl,42,1,0.4827,0.4583,26.0572,0.042,26.057,8.515,0.0,ptx,nomsa_notemplate
2hpl,42,2,0.4734,0.4495,27.5734,0.04,27.573,8.064,0.0,ptx,nomsa_notemplate
2hpl,42,3,0.539,0.4327,7.4241,0.315,7.424,2.957,0.174,ptx,nomsa_notemplate
2hpl,42,4,0.4893,0.3807,6.1541,0.344,6.154,4.165,0.261,ptx,nomsa_notemplate
2hpl,43,0,0.512,0.4162,10.5924,0.229,10.592,5.138,0.217,ptx,nomsa_notemplate
2hpl,43,1,0.5233,0.4157,7.9719,0.337,7.972,2.846,0.261,ptx,nomsa_notemplate
2hpl,43,2,0.4672,0.4123,29.172,0.034,29.172,9.751,0.0,ptx,nomsa_notemplate
2hpl,43,3,0.5136,0.4097,7.3197,0.398,7.32,3.158,0.435,ptx,nomsa_notemplate
2hpl,43,4,0.5195,0.4032,7.0116,0.384,7.012,2.575,0.304,ptx,nomsa_notemplate
2hpl,44,0,0.4506,0.4036,23.758,0.052,23.758,7.22,0.0,ptx,nomsa_notemplate
2hpl,44,1,0.4557,0.3999,26.3194,0.042,26.319,8.154,0.0,ptx,nomsa_notemplate
2hpl,44,2,0.4971,0.3934,7.1656,0.409,7.166,2.924,0.435,ptx,nomsa_notemplate
2hpl,44,3,0.4646,0.3812,25.3383,0.046,25.338,7.7,0.0,ptx,nomsa_notemplate
2hpl,44,4,0.4461,0.3803,26.7314,0.04,26.731,8.661,0.0,ptx,nomsa_notemplate
2ht9,42,0,0.4256,0.317,24.3893,0.074,24.389,9.791,0.091,ptx,nomsa_notemplate
2ht9,42,1,0.4139,0.309,23.0816,0.048,23.082,9.422,0.0,ptx,nomsa_notemplate
2ht9,42,2,0.4209,0.3058,26.6517,0.037,26.652,10.538,0.0,ptx,nomsa_notemplate
2ht9,42,3,0.4069,0.3045,28.553,0.066,28.553,9.445,0.091,ptx,nomsa_notemplate
2ht9,42,4,0.3992,0.2779,32.8221,0.028,32.822,10.138,0.0,ptx,nomsa_notemplate
2ht9,43,0,0.4375,0.3235,22.0986,0.051,22.099,9.412,0.0,ptx,nomsa_notemplate
2ht9,43,1,0.4322,0.3217,21.5697,0.053,21.57,9.606,0.0,ptx,nomsa_notemplate
2ht9,43,2,0.4212,0.3021,22.9117,0.047,22.912,10.709,0.0,ptx,nomsa_notemplate
2ht9,43,3,0.4325,0.2965,25.1985,0.073,25.199,9.318,0.091,ptx,nomsa_notemplate
2ht9,43,4,0.4232,0.2953,21.9955,0.049,21.995,11.578,0.0,ptx,nomsa_notemplate
2ht9,44,0,0.4207,0.3139,25.5834,0.041,25.583,9.885,0.0,ptx,nomsa_notemplate
2ht9,44,1,0.4164,0.3098,25.2894,0.042,25.289,9.193,0.0,ptx,nomsa_notemplate
2ht9,44,2,0.4212,0.3106,25.3254,0.041,25.325,9.835,0.0,ptx,nomsa_notemplate
2ht9,44,3,0.4153,0.3057,25.7055,0.04,25.705,10.153,0.0,ptx,nomsa_notemplate
2ht9,44,4,0.4031,0.2757,31.7922,0.03,31.792,9.951,0.0,ptx,nomsa_notemplate
2i94,42,0,0.5587,0.6406,20.0565,0.093,20.056,7.322,0.085,ptx,nomsa_notemplate
2i94,42,1,0.5316,0.63,15.7062,0.133,15.706,6.854,0.128,ptx,nomsa_notemplate
2i94,42,2,0.5305,0.6288,15.6938,0.133,15.694,7.015,0.128,ptx,nomsa_notemplate
2i94,42,3,0.53,0.6254,15.6628,0.135,15.663,6.606,0.128,ptx,nomsa_notemplate
2i94,42,4,0.5282,0.6241,16.5913,0.127,16.591,6.905,0.128,ptx,nomsa_notemplate
2i94,43,0,0.5283,0.6198,15.5108,0.135,15.511,6.825,0.128,ptx,nomsa_notemplate
2i94,43,1,0.5248,0.6193,9.4946,0.252,9.495,4.557,0.213,ptx,nomsa_notemplate
2i94,43,2,0.5225,0.6102,15.9252,0.131,15.925,6.918,0.128,ptx,nomsa_notemplate
2i94,43,3,0.5257,0.5913,15.2876,0.182,15.288,5.276,0.234,ptx,nomsa_notemplate
2i94,43,4,0.4978,0.5681,14.3982,0.119,14.398,7.781,0.064,ptx,nomsa_notemplate
2i94,44,0,0.5265,0.6231,14.8053,0.14,14.805,6.895,0.128,ptx,nomsa_notemplate
2i94,44,1,0.5284,0.6188,16.0141,0.125,16.014,6.609,0.106,ptx,nomsa_notemplate
2i94,44,2,0.5262,0.6113,17.5559,0.106,17.556,7.023,0.085,ptx,nomsa_notemplate
2i94,44,3,0.5155,0.6077,9.148,0.357,9.148,4.542,0.511,ptx,nomsa_notemplate
2i94,44,4,0.4853,0.5764,15.5184,0.093,15.518,8.835,0.021,ptx,nomsa_notemplate
2ivz,42,0,0.3326,0.3271,23.3545,0.047,23.355,9.837,0.0,ptx,nomsa_notemplate
2ivz,42,1,0.3341,0.3271,23.1213,0.047,23.121,9.801,0.0,ptx,nomsa_notemplate
2ivz,42,2,0.3306,0.327,14.0917,0.095,14.092,11.398,0.0,ptx,nomsa_notemplate
2ivz,42,3,0.3287,0.3209,18.04,0.067,18.04,11.045,0.0,ptx,nomsa_notemplate
2ivz,42,4,0.2561,0.2147,42.1246,0.017,42.125,14.05,0.0,ptx,nomsa_notemplate
2ivz,43,0,0.3544,0.3812,20.4616,0.054,20.462,11.69,0.0,ptx,nomsa_notemplate
2ivz,43,1,0.3526,0.3786,23.5287,0.045,23.529,10.29,0.0,ptx,nomsa_notemplate
2ivz,43,2,0.3524,0.3777,22.4715,0.05,22.471,9.556,0.0,ptx,nomsa_notemplate
2ivz,43,3,0.353,0.3771,23.5445,0.046,23.544,9.87,0.0,ptx,nomsa_notemplate
2ivz,43,4,0.3308,0.3605,21.2455,0.055,21.246,9.168,0.0,ptx,nomsa_notemplate
2ivz,44,0,0.2742,0.2459,24.3431,0.044,24.343,9.953,0.0,ptx,nomsa_notemplate
2ivz,44,1,0.2569,0.2207,30.8065,0.028,30.806,12.614,0.0,ptx,nomsa_notemplate
2ivz,44,2,0.2657,0.2128,42.7807,0.017,42.781,12.645,0.0,ptx,nomsa_notemplate
2ivz,44,3,0.2471,0.2054,28.2746,0.033,28.275,11.258,0.0,ptx,nomsa_notemplate
2ivz,44,4,0.2539,0.1864,39.3174,0.02,39.317,11.968,0.0,ptx,nomsa_notemplate
2jkg,42,0,0.4065,0.3218,20.1029,0.055,20.103,12.714,0.0,ptx,nomsa_notemplate
2jkg,42,1,0.4009,0.307,22.0182,0.048,22.018,12.487,0.0,ptx,nomsa_notemplate
2jkg,42,2,0.3967,0.2921,25.9039,0.038,25.904,11.1,0.0,ptx,nomsa_notemplate
2jkg,42,3,0.4105,0.2895,20.7375,0.21,20.738,12.443,0.471,ptx,nomsa_notemplate
2jkg,42,4,0.3676,0.2452,35.0819,0.023,35.082,12.211,0.0,ptx,nomsa_notemplate
2jkg,43,0,0.3686,0.2357,23.9603,0.043,23.96,11.569,0.0,ptx,nomsa_notemplate
2jkg,43,1,0.3709,0.207,17.524,0.07,17.524,10.874,0.0,ptx,nomsa_notemplate
2jkg,43,2,0.343,0.1852,25.8583,0.039,25.858,10.889,0.0,ptx,nomsa_notemplate
2jkg,43,3,0.3442,0.1852,25.039,0.04,25.039,11.373,0.0,ptx,nomsa_notemplate
2jkg,43,4,0.3305,0.1811,21.1241,0.052,21.124,11.662,0.0,ptx,nomsa_notemplate
2jkg,44,0,0.3489,0.2076,26.0834,0.214,26.083,11.507,0.529,ptx,nomsa_notemplate
2jkg,44,1,0.3711,0.2014,13.1896,0.142,13.19,11.886,0.118,ptx,nomsa_notemplate
2jkg,44,2,0.3634,0.1952,11.3329,0.3,11.333,14.017,0.529,ptx,nomsa_notemplate
2jkg,44,3,0.3568,0.1924,19.25,0.204,19.25,7.745,0.412,ptx,nomsa_notemplate
2jkg,44,4,0.3466,0.1785,33.0986,0.024,33.099,14.217,0.0,ptx,nomsa_notemplate
2jnw,42,0,0.6985,0.7286,25.9024,0.038,25.902,11.175,0.0,ptx,nomsa_notemplate
2jnw,42,1,0.6787,0.7167,23.5892,0.078,23.589,13.061,0.105,ptx,nomsa_notemplate
2jnw,42,2,0.6791,0.7167,24.8158,0.075,24.816,12.69,0.105,ptx,nomsa_notemplate
2jnw,42,3,0.674,0.7134,22.9286,0.097,22.929,12.794,0.158,ptx,nomsa_notemplate
2jnw,42,4,0.6658,0.6803,26.0583,0.045,26.058,12.899,0.026,ptx,nomsa_notemplate
2jnw,43,0,0.4121,0.3208,25.5528,0.056,25.553,11.643,0.053,ptx,nomsa_notemplate
2jnw,43,1,0.3921,0.3178,25.6787,0.038,25.679,11.653,0.0,ptx,nomsa_notemplate
2jnw,43,2,0.4094,0.3167,21.9884,0.051,21.988,9.592,0.0,ptx,nomsa_notemplate
2jnw,43,3,0.3771,0.2982,21.8391,0.048,21.839,12.711,0.0,ptx,nomsa_notemplate
2jnw,43,4,0.3596,0.2848,24.1205,0.061,24.12,10.341,0.053,ptx,nomsa_notemplate
2jnw,44,0,0.6699,0.7942,22.892,0.072,22.892,12.317,0.079,ptx,nomsa_notemplate
2jnw,44,1,0.6555,0.7834,22.8815,0.072,22.881,11.912,0.079,ptx,nomsa_notemplate
2jnw,44,2,0.6406,0.7752,21.8646,0.049,21.865,11.525,0.0,ptx,nomsa_notemplate
2jnw,44,3,0.6442,0.7722,21.3613,0.104,21.361,11.792,0.158,ptx,nomsa_notemplate
2jnw,44,4,0.6268,0.75,20.3852,0.074,20.385,10.324,0.053,ptx,nomsa_notemplate
2jqk,42,0,0.6801,0.4659,9.2417,0.391,9.242,3.853,0.583,ptx,nomsa_notemplate
2jqk,42,1,0.678,0.4632,9.7072,0.369,9.707,3.849,0.542,ptx,nomsa_notemplate
2jqk,42,2,0.6795,0.4616,9.2209,0.377,9.221,3.87,0.542,ptx,nomsa_notemplate
2jqk,42,3,0.6793,0.4597,8.6754,0.387,8.675,3.911,0.542,ptx,nomsa_notemplate
2jqk,42,4,0.6734,0.4318,3.768,0.608,3.768,2.181,0.667,ptx,nomsa_notemplate
2jqk,43,0,0.678,0.457,9.5038,0.359,9.504,3.844,0.5,ptx,nomsa_notemplate
2jqk,43,1,0.6789,0.4526,9.3632,0.332,9.363,3.934,0.417,ptx,nomsa_notemplate
2jqk,43,2,0.6746,0.4514,9.6373,0.356,9.637,3.859,0.5,ptx,nomsa_notemplate
2jqk,43,3,0.6732,0.4412,9.1523,0.268,9.152,3.854,0.208,ptx,nomsa_notemplate
2jqk,43,4,0.6698,0.4205,3.4945,0.643,3.495,2.167,0.75,ptx,nomsa_notemplate
2jqk,44,0,0.648,0.3797,3.5821,0.677,3.582,2.052,0.833,ptx,nomsa_notemplate
2jqk,44,1,0.6465,0.3668,3.5106,0.661,3.511,2.11,0.792,ptx,nomsa_notemplate
2jqk,44,2,0.6454,0.3644,3.5681,0.653,3.568,2.205,0.792,ptx,nomsa_notemplate
2jqk,44,3,0.6071,0.3539,21.5313,0.059,21.531,7.275,0.0,ptx,nomsa_notemplate
2jqk,44,4,0.5916,0.3503,24.7237,0.045,24.724,8.605,0.0,ptx,nomsa_notemplate
2ka9,42,0,0.2844,0.1724,35.4146,0.081,35.415,12.454,0.174,ptx,nomsa_notemplate
2ka9,42,1,0.2788,0.156,37.9346,0.023,37.935,10.398,0.0,ptx,nomsa_notemplate
2ka9,42,2,0.2775,0.1538,44.5694,0.015,44.569,14.55,0.0,ptx,nomsa_notemplate
2ka9,42,3,0.2804,0.1541,30.2162,0.057,30.216,13.617,0.087,ptx,nomsa_notemplate
2ka9,42,4,0.2732,0.1516,32.9404,0.04,32.94,13.227,0.043,ptx,nomsa_notemplate
2ka9,43,0,0.2826,0.1673,38.3473,0.02,38.347,13.153,0.0,ptx,nomsa_notemplate
2ka9,43,1,0.2819,0.1637,21.5215,0.065,21.521,11.986,0.043,ptx,nomsa_notemplate
2ka9,43,2,0.2761,0.1563,41.2681,0.017,41.268,15.46,0.0,ptx,nomsa_notemplate
2ka9,43,3,0.2726,0.1555,40.0669,0.018,40.067,13.497,0.0,ptx,nomsa_notemplate
2ka9,43,4,0.2747,0.151,44.0642,0.015,44.064,14.881,0.0,ptx,nomsa_notemplate
2ka9,44,0,0.2824,0.1694,44.0097,0.015,44.01,15.542,0.0,ptx,nomsa_notemplate
2ka9,44,1,0.2818,0.16,34.5113,0.022,34.511,14.841,0.0,ptx,nomsa_notemplate
2ka9,44,2,0.2749,0.1554,34.1673,0.023,34.167,13.964,0.0,ptx,nomsa_notemplate
2ka9,44,3,0.2764,0.1522,33.6509,0.024,33.651,13.173,0.0,ptx,nomsa_notemplate
2ka9,44,4,0.2641,0.1431,27.721,0.033,27.721,13.782,0.0,ptx,nomsa_notemplate
2kbr,42,0,0.8171,0.7778,6.457,0.456,6.457,4.867,0.649,ptx,nomsa_notemplate
2kbr,42,1,0.8165,0.7765,6.0169,0.459,6.017,4.787,0.622,ptx,nomsa_notemplate
2kbr,42,2,0.8173,0.7758,6.7765,0.439,6.777,4.956,0.622,ptx,nomsa_notemplate
2kbr,42,3,0.8168,0.7756,6.5462,0.447,6.546,4.744,0.622,ptx,nomsa_notemplate
2kbr,42,4,0.8107,0.7688,6.655,0.415,6.655,8.412,0.595,ptx,nomsa_notemplate
2kbr,43,0,0.8451,0.8252,3.5416,0.674,3.542,1.895,0.784,ptx,nomsa_notemplate
2kbr,43,1,0.8455,0.824,2.8843,0.727,2.884,1.673,0.838,ptx,nomsa_notemplate
2kbr,43,2,0.8449,0.8237,3.0255,0.711,3.026,1.617,0.784,ptx,nomsa_notemplate
2kbr,43,3,0.8449,0.8228,3.6578,0.663,3.658,1.999,0.784,ptx,nomsa_notemplate
2kbr,43,4,0.8444,0.8216,3.1342,0.692,3.134,1.7,0.757,ptx,nomsa_notemplate
2kbr,44,0,0.9188,0.9232,3.2068,0.696,3.207,1.736,0.784,ptx,nomsa_notemplate
2kbr,44,1,0.9187,0.923,3.2966,0.689,3.297,1.789,0.784,ptx,nomsa_notemplate
2kbr,44,2,0.9186,0.9229,2.9432,0.713,2.943,1.614,0.784,ptx,nomsa_notemplate
2kbr,44,3,0.9187,0.9227,3.0533,0.717,3.053,1.64,0.811,ptx,nomsa_notemplate
2kbr,44,4,0.9187,0.9222,3.2781,0.699,3.278,1.774,0.811,ptx,nomsa_notemplate
2ke1,42,0,0.4789,0.2119,22.14,0.048,22.14,11.399,0.0,ptx,nomsa_notemplate
2ke1,42,1,0.4663,0.2056,15.1836,0.171,15.184,7.972,0.24,ptx,nomsa_notemplate
2ke1,42,2,0.4859,0.2007,20.5456,0.068,20.546,11.553,0.04,ptx,nomsa_notemplate
2ke1,42,3,0.5045,0.1996,18.1858,0.232,18.186,11.298,0.5,ptx,nomsa_notemplate
2ke1,42,4,0.4792,0.1929,24.6057,0.04,24.606,12.317,0.0,ptx,nomsa_notemplate
2ke1,43,0,0.5013,0.204,18.86,0.23,18.86,10.404,0.5,ptx,nomsa_notemplate
2ke1,43,1,0.51,0.202,18.0714,0.233,18.071,11.629,0.5,ptx,nomsa_notemplate
2ke1,43,2,0.4672,0.1946,28.4703,0.032,28.47,12.011,0.0,ptx,nomsa_notemplate
2ke1,43,3,0.495,0.1948,18.0253,0.227,18.025,10.737,0.48,ptx,nomsa_notemplate
2ke1,43,4,0.4747,0.1906,28.3364,0.033,28.336,11.993,0.0,ptx,nomsa_notemplate
2ke1,44,0,0.4661,0.1976,27.0061,0.049,27.006,11.706,0.04,ptx,nomsa_notemplate
2ke1,44,1,0.4896,0.196,20.1931,0.063,20.193,10.929,0.02,ptx,nomsa_notemplate
2ke1,44,2,0.48,0.1923,15.0,0.262,15.0,10.007,0.52,ptx,nomsa_notemplate
2ke1,44,3,0.4784,0.1911,11.595,0.298,11.595,9.331,0.52,ptx,nomsa_notemplate
2ke1,44,4,0.4527,0.1773,10.8845,0.18,10.885,10.082,0.14,ptx,nomsa_notemplate
2khh,42,0,0.6346,0.4071,13.2381,0.129,13.238,9.084,0.069,ptx,nomsa_notemplate
2khh,42,1,0.6441,0.4025,17.153,0.136,17.153,7.359,0.172,ptx,nomsa_notemplate
2khh,42,2,0.65,0.4004,15.3919,0.116,15.392,6.774,0.069,ptx,nomsa_notemplate
2khh,42,3,0.6184,0.3982,14.544,0.105,14.544,9.338,0.034,ptx,nomsa_notemplate
2khh,42,4,0.6416,0.3929,14.041,0.181,14.041,7.917,0.241,ptx,nomsa_notemplate
2khh,43,0,0.6591,0.4196,15.5819,0.157,15.582,8.026,0.207,ptx,nomsa_notemplate
2khh,43,1,0.6532,0.4199,18.1224,0.106,18.122,8.027,0.103,ptx,nomsa_notemplate
2khh,43,2,0.6438,0.4112,18.1878,0.106,18.188,7.874,0.103,ptx,nomsa_notemplate
2khh,43,3,0.6513,0.4073,18.6247,0.149,18.625,8.098,0.241,ptx,nomsa_notemplate
2khh,43,4,0.6486,0.4057,17.9171,0.153,17.917,8.043,0.241,ptx,nomsa_notemplate
2khh,44,0,0.6419,0.3983,21.7823,0.076,21.782,9.294,0.069,ptx,nomsa_notemplate
2khh,44,1,0.6354,0.3774,21.2156,0.066,21.216,9.268,0.034,ptx,nomsa_notemplate
2khh,44,2,0.6425,0.3719,10.6659,0.193,10.666,6.401,0.138,ptx,nomsa_notemplate
2khh,44,3,0.6285,0.3645,17.2149,0.084,17.215,10.042,0.034,ptx,nomsa_notemplate
2khh,44,4,0.6309,0.3635,21.0888,0.055,21.089,9.096,0.0,ptx,nomsa_notemplate
2koh,42,0,0.4351,0.3225,19.674,0.186,19.674,9.922,0.378,ptx,nomsa_notemplate
2koh,42,1,0.4302,0.3224,24.3093,0.043,24.309,10.658,0.0,ptx,nomsa_notemplate
2koh,42,2,0.4383,0.3197,24.7171,0.195,24.717,10.307,0.459,ptx,nomsa_notemplate
2koh,42,3,0.4273,0.3155,23.4282,0.189,23.428,10.664,0.432,ptx,nomsa_notemplate
2koh,42,4,0.4325,0.3165,12.2878,0.218,12.288,8.292,0.297,ptx,nomsa_notemplate
2koh,43,0,0.4323,0.3612,22.9948,0.046,22.995,10.744,0.0,ptx,nomsa_notemplate
2koh,43,1,0.4349,0.351,29.2385,0.178,29.239,9.967,0.432,ptx,nomsa_notemplate
2koh,43,2,0.4455,0.3425,22.7648,0.167,22.765,8.744,0.351,ptx,nomsa_notemplate
2koh,43,3,0.4535,0.341,24.6867,0.186,24.687,10.457,0.432,ptx,nomsa_notemplate
2koh,43,4,0.4263,0.3221,21.786,0.104,21.786,10.83,0.162,ptx,nomsa_notemplate
2koh,44,0,0.4289,0.3254,17.9605,0.096,17.96,9.364,0.081,ptx,nomsa_notemplate
2koh,44,1,0.4291,0.323,17.9001,0.097,17.9,9.48,0.081,ptx,nomsa_notemplate
2koh,44,2,0.4323,0.3163,23.906,0.18,23.906,10.246,0.405,ptx,nomsa_notemplate
2koh,44,3,0.4249,0.3128,25.6256,0.174,25.626,10.839,0.405,ptx,nomsa_notemplate
2koh,44,4,0.4092,0.2942,14.9496,0.126,14.95,9.08,0.108,ptx,nomsa_notemplate
2las,42,0,0.5325,0.3457,26.4672,0.055,26.467,13.561,0.061,ptx,nomsa_notemplate
2las,42,1,0.5332,0.342,20.1209,0.074,20.121,14.233,0.061,ptx,nomsa_notemplate
2las,42,2,0.5254,0.3351,28.9416,0.06,28.942,14.177,0.091,ptx,nomsa_notemplate
2las,42,3,0.5385,0.3256,26.1463,0.066,26.146,14.73,0.091,ptx,nomsa_notemplate
2las,42,4,0.5218,0.3236,21.0356,0.051,21.036,12.639,0.0,ptx,nomsa_notemplate
2las,43,0,0.5361,0.3272,18.7423,0.091,18.742,13.667,0.091,ptx,nomsa_notemplate
2las,43,1,0.5384,0.3261,19.573,0.077,19.573,13.517,0.061,ptx,nomsa_notemplate
2las,43,2,0.5243,0.3215,23.2198,0.074,23.22,13.479,0.091,ptx,nomsa_notemplate
2las,43,3,0.5296,0.3182,22.8214,0.054,22.821,14.139,0.03,ptx,nomsa_notemplate
2las,43,4,0.4843,0.2834,21.0695,0.081,21.07,12.978,0.091,ptx,nomsa_notemplate
2las,44,0,0.5379,0.3406,20.5065,0.083,20.507,13.185,0.091,ptx,nomsa_notemplate
2las,44,1,0.5388,0.3338,21.7444,0.068,21.744,13.874,0.061,ptx,nomsa_notemplate
2las,44,2,0.5403,0.3325,21.0262,0.071,21.026,13.867,0.061,ptx,nomsa_notemplate
2las,44,3,0.5233,0.3246,22.873,0.106,22.873,12.499,0.182,ptx,nomsa_notemplate
2las,44,4,0.5305,0.3202,29.3742,0.05,29.374,13.826,0.061,ptx,nomsa_notemplate
2lsi,42,0,0.8611,0.8804,26.5216,0.037,26.522,11.414,0.0,ptx,nomsa_notemplate
2lsi,42,1,0.8608,0.8796,26.5536,0.037,26.554,10.864,0.0,ptx,nomsa_notemplate
2lsi,42,2,0.8605,0.878,26.8561,0.036,26.856,11.251,0.0,ptx,nomsa_notemplate
2lsi,42,3,0.8595,0.8772,26.2182,0.038,26.218,11.142,0.0,ptx,nomsa_notemplate
2lsi,42,4,0.8592,0.8767,26.3684,0.037,26.368,11.424,0.0,ptx,nomsa_notemplate
2lsi,43,0,0.8562,0.8717,26.3003,0.037,26.3,11.462,0.0,ptx,nomsa_notemplate
2lsi,43,1,0.8561,0.8715,26.7287,0.036,26.729,11.213,0.0,ptx,nomsa_notemplate
2lsi,43,2,0.856,0.8703,26.3038,0.037,26.304,11.251,0.0,ptx,nomsa_notemplate
2lsi,43,3,0.8564,0.8704,26.6117,0.037,26.612,11.161,0.0,ptx,nomsa_notemplate
2lsi,43,4,0.8561,0.8697,26.6657,0.037,26.666,11.092,0.0,ptx,nomsa_notemplate
2lsi,44,0,0.8579,0.8735,26.4626,0.037,26.463,11.488,0.0,ptx,nomsa_notemplate
2lsi,44,1,0.858,0.8734,26.617,0.036,26.617,11.444,0.0,ptx,nomsa_notemplate
2lsi,44,2,0.8576,0.8733,26.8473,0.036,26.847,11.455,0.0,ptx,nomsa_notemplate
2lsi,44,3,0.8577,0.8726,26.5865,0.037,26.587,11.369,0.0,ptx,nomsa_notemplate
2lsi,44,4,0.8576,0.8725,26.6217,0.036,26.622,11.539,0.0,ptx,nomsa_notemplate
2m0v,42,0,0.3935,0.251,32.6034,0.052,32.603,13.211,0.08,ptx,nomsa_notemplate
2m0v,42,1,0.3947,0.2452,20.6417,0.054,20.642,11.876,0.0,ptx,nomsa_notemplate
2m0v,42,2,0.3925,0.2425,17.3897,0.096,17.39,11.541,0.08,ptx,nomsa_notemplate
2m0v,42,3,0.4001,0.234,33.7099,0.05,33.71,15.146,0.08,ptx,nomsa_notemplate
2m0v,42,4,0.3769,0.2206,18.9137,0.074,18.914,12.54,0.04,ptx,nomsa_notemplate
2m0v,43,0,0.4021,0.2446,14.4229,0.091,14.423,12.143,0.0,ptx,nomsa_notemplate
2m0v,43,1,0.3967,0.2404,15.0139,0.086,15.014,12.464,0.0,ptx,nomsa_notemplate
2m0v,43,2,0.3833,0.2309,16.7971,0.086,16.797,12.797,0.04,ptx,nomsa_notemplate
2m0v,43,3,0.3647,0.2132,28.0952,0.033,28.095,12.73,0.0,ptx,nomsa_notemplate
2m0v,43,4,0.4019,0.2027,17.7324,0.133,17.732,14.031,0.2,ptx,nomsa_notemplate
2m0v,44,0,0.4196,0.2741,31.7673,0.026,31.767,14.016,0.0,ptx,nomsa_notemplate
2m0v,44,1,0.4213,0.2706,25.0371,0.038,25.037,14.23,0.0,ptx,nomsa_notemplate
2m0v,44,2,0.42,0.2653,25.5144,0.038,25.514,12.448,0.0,ptx,nomsa_notemplate
2m0v,44,3,0.4118,0.2557,13.1474,0.102,13.147,13.426,0.0,ptx,nomsa_notemplate
2m0v,44,4,0.4017,0.2483,13.9047,0.124,13.905,10.596,0.08,ptx,nomsa_notemplate
2nnu,42,0,0.5558,0.5461,20.3517,0.066,20.352,10.439,0.028,ptx,nomsa_notemplate
2nnu,42,1,0.5639,0.5446,18.6061,0.074,18.606,10.44,0.028,ptx,nomsa_notemplate
2nnu,42,2,0.5574,0.5418,21.4021,0.061,21.402,11.063,0.028,ptx,nomsa_notemplate
2nnu,42,3,0.5648,0.5409,12.7477,0.118,12.748,10.529,0.028,ptx,nomsa_notemplate
2nnu,42,4,0.5429,0.5093,18.2174,0.075,18.217,10.759,0.028,ptx,nomsa_notemplate
2nnu,43,0,0.5627,0.4722,15.6618,0.092,15.662,10.201,0.028,ptx,nomsa_notemplate
2nnu,43,1,0.5478,0.4575,17.093,0.083,17.093,10.115,0.028,ptx,nomsa_notemplate
2nnu,43,2,0.5404,0.4503,15.74,0.1,15.74,11.257,0.056,ptx,nomsa_notemplate
2nnu,43,3,0.5258,0.4294,21.5273,0.069,21.527,11.755,0.056,ptx,nomsa_notemplate
2nnu,43,4,0.5195,0.4295,21.9962,0.06,21.996,10.115,0.028,ptx,nomsa_notemplate
2nnu,44,0,0.5073,0.4595,19.8711,0.068,19.871,10.068,0.028,ptx,nomsa_notemplate
2nnu,44,1,0.5121,0.4571,22.2873,0.059,22.287,10.208,0.028,ptx,nomsa_notemplate
2nnu,44,2,0.5145,0.4485,18.2924,0.074,18.292,11.308,0.028,ptx,nomsa_notemplate
2nnu,44,3,0.5224,0.4422,20.3106,0.065,20.311,10.669,0.028,ptx,nomsa_notemplate
2nnu,44,4,0.5135,0.4253,17.0945,0.081,17.094,11.687,0.028,ptx,nomsa_notemplate
2o9v,42,0,0.6461,0.4334,16.2559,0.161,16.256,8.945,0.24,ptx,nomsa_notemplate
2o9v,42,1,0.6421,0.4231,13.6193,0.238,13.619,7.99,0.4,ptx,nomsa_notemplate
2o9v,42,2,0.6197,0.3911,11.6687,0.278,11.669,6.708,0.44,ptx,nomsa_notemplate
2o9v,42,3,0.6209,0.3839,13.6984,0.227,13.698,7.164,0.36,ptx,nomsa_notemplate
2o9v,42,4,0.617,0.3826,10.77,0.281,10.77,5.907,0.4,ptx,nomsa_notemplate
2o9v,43,0,0.6371,0.4544,9.1253,0.278,9.125,6.571,0.32,ptx,nomsa_notemplate
2o9v,43,1,0.6336,0.4496,9.192,0.278,9.192,6.347,0.32,ptx,nomsa_notemplate
2o9v,43,2,0.6293,0.4492,10.329,0.272,10.329,6.453,0.36,ptx,nomsa_notemplate
2o9v,43,3,0.6339,0.4468,9.7369,0.268,9.737,6.436,0.32,ptx,nomsa_notemplate
2o9v,43,4,0.6331,0.4438,9.3541,0.275,9.354,6.395,0.32,ptx,nomsa_notemplate
2o9v,44,0,0.6487,0.4493,18.1168,0.107,18.117,10.22,0.12,ptx,nomsa_notemplate
2o9v,44,1,0.6487,0.4491,17.8889,0.122,17.889,10.125,0.16,ptx,nomsa_notemplate
2o9v,44,2,0.6482,0.4416,16.7929,0.118,16.793,8.334,0.12,ptx,nomsa_notemplate
2o9v,44,3,0.6333,0.4358,9.5261,0.271,9.526,6.635,0.32,ptx,nomsa_notemplate
2o9v,44,4,0.6246,0.4204,19.0895,0.129,19.089,10.195,0.2,ptx,nomsa_notemplate
2p1o,42,0,0.2804,0.3548,15.5278,0.093,15.528,6.679,0.0,ptx,nomsa_notemplate
2p1o,42,1,0.278,0.3496,12.4795,0.148,12.479,5.949,0.067,ptx,nomsa_notemplate
2p1o,42,2,0.28,0.3462,17.1484,0.133,17.148,6.893,0.156,ptx,nomsa_notemplate
2p1o,42,3,0.2756,0.3433,14.5452,0.171,14.545,7.629,0.222,ptx,nomsa_notemplate
2p1o,42,4,0.2773,0.3416,18.7628,0.085,18.763,7.425,0.044,ptx,nomsa_notemplate
2p1o,43,0,0.262,0.3028,13.5574,0.152,13.557,7.207,0.133,ptx,nomsa_notemplate
2p1o,43,1,0.27,0.2986,18.3448,0.072,18.345,7.567,0.0,ptx,nomsa_notemplate
2p1o,43,2,0.2678,0.2988,18.9228,0.074,18.923,8.454,0.022,ptx,nomsa_notemplate
2p1o,43,3,0.2707,0.2946,21.4425,0.069,21.442,9.09,0.044,ptx,nomsa_notemplate
2p1o,43,4,0.2598,0.2826,12.3162,0.163,12.316,6.293,0.111,ptx,nomsa_notemplate
2p1o,44,0,0.2807,0.3431,14.8383,0.112,14.838,6.846,0.044,ptx,nomsa_notemplate
2p1o,44,1,0.2795,0.3384,17.3766,0.085,17.377,7.304,0.022,ptx,nomsa_notemplate
2p1o,44,2,0.2766,0.333,19.7718,0.076,19.772,8.929,0.044,ptx,nomsa_notemplate
2p1o,44,3,0.2766,0.3245,20.7266,0.065,20.727,8.817,0.022,ptx,nomsa_notemplate
2p1o,44,4,0.2788,0.3095,20.8881,0.058,20.888,8.193,0.0,ptx,nomsa_notemplate
2qos,42,0,0.4214,0.1828,28.5466,0.036,28.547,15.86,0.019,ptx,nomsa_notemplate
2qos,42,1,0.4272,0.1797,27.4516,0.039,27.452,15.277,0.019,ptx,nomsa_notemplate
2qos,42,2,0.4233,0.1777,29.1565,0.029,29.156,16.656,0.0,ptx,nomsa_notemplate
2qos,42,3,0.4316,0.1759,31.58,0.026,31.58,15.348,0.0,ptx,nomsa_notemplate
2qos,42,4,0.4009,0.1556,16.5576,0.092,16.558,14.455,0.057,ptx,nomsa_notemplate
2qos,43,0,0.4065,0.1836,21.9407,0.048,21.941,13.496,0.0,ptx,nomsa_notemplate
2qos,43,1,0.4213,0.1745,25.2726,0.044,25.273,13.882,0.019,ptx,nomsa_notemplate
2qos,43,2,0.403,0.1685,16.825,0.085,16.825,12.172,0.038,ptx,nomsa_notemplate
2qos,43,3,0.4101,0.1622,11.7941,0.137,11.794,13.304,0.057,ptx,nomsa_notemplate
2qos,43,4,0.4292,0.1498,28.9711,0.03,28.971,13.994,0.0,ptx,nomsa_notemplate
2qos,44,0,0.444,0.1971,29.206,0.03,29.206,13.831,0.0,ptx,nomsa_notemplate
2qos,44,1,0.4404,0.1892,29.2636,0.03,29.264,13.761,0.0,ptx,nomsa_notemplate
2qos,44,2,0.4228,0.1815,26.0085,0.049,26.008,13.507,0.038,ptx,nomsa_notemplate
2qos,44,3,0.4307,0.1798,31.3223,0.026,31.322,14.59,0.0,ptx,nomsa_notemplate
2qos,44,4,0.4084,0.1692,15.6323,0.087,15.632,12.476,0.019,ptx,nomsa_notemplate
2r7g,42,0,0.3068,0.2121,24.8751,0.039,24.875,12.742,0.0,ptx,nomsa_notemplate
2r7g,42,1,0.3072,0.2114,39.5718,0.018,39.572,15.387,0.0,ptx,nomsa_notemplate
2r7g,42,2,0.3045,0.2004,15.5497,0.08,15.55,14.489,0.0,ptx,nomsa_notemplate
2r7g,42,3,0.3034,0.1926,22.8322,0.051,22.832,14.648,0.02,ptx,nomsa_notemplate
2r7g,42,4,0.2915,0.1792,34.1548,0.056,34.155,15.76,0.1,ptx,nomsa_notemplate
2r7g,43,0,0.2982,0.2113,18.9572,0.059,18.957,14.36,0.0,ptx,nomsa_notemplate
2r7g,43,1,0.312,0.2045,26.5712,0.035,26.571,13.312,0.0,ptx,nomsa_notemplate
2r7g,43,2,0.2969,0.1951,21.1721,0.056,21.172,14.443,0.02,ptx,nomsa_notemplate
2r7g,43,3,0.2984,0.1801,11.9332,0.117,11.933,12.075,0.0,ptx,nomsa_notemplate
2r7g,43,4,0.3021,0.1744,22.2853,0.045,22.285,16.358,0.0,ptx,nomsa_notemplate
2r7g,44,0,0.2944,0.1981,24.1109,0.04,24.111,14.486,0.0,ptx,nomsa_notemplate
2r7g,44,1,0.3079,0.1864,24.9135,0.038,24.913,14.321,0.0,ptx,nomsa_notemplate
2r7g,44,2,0.3077,0.1845,23.28,0.042,23.28,16.575,0.0,ptx,nomsa_notemplate
2r7g,44,3,0.3059,0.1798,11.6815,0.126,11.682,13.397,0.02,ptx,nomsa_notemplate
2r7g,44,4,0.2962,0.1693,35.4296,0.047,35.43,17.797,0.08,ptx,nomsa_notemplate
2rol,42,0,0.6821,0.5661,7.6215,0.303,7.622,4.366,0.25,ptx,nomsa_notemplate
2rol,42,1,0.682,0.5632,7.4078,0.289,7.408,4.219,0.188,ptx,nomsa_notemplate
2rol,42,2,0.682,0.5611,6.6001,0.33,6.6,4.156,0.25,ptx,nomsa_notemplate
2rol,42,3,0.682,0.5585,6.7296,0.317,6.73,4.093,0.219,ptx,nomsa_notemplate
2rol,42,4,0.6899,0.5472,13.0102,0.179,13.01,6.494,0.188,ptx,nomsa_notemplate
2rol,43,0,0.7278,0.5717,15.5464,0.183,15.546,7.551,0.281,ptx,nomsa_notemplate
2rol,43,1,0.7294,0.5635,16.286,0.123,16.286,8.4,0.125,ptx,nomsa_notemplate
2rol,43,2,0.7172,0.5598,7.5305,0.311,7.531,3.992,0.25,ptx,nomsa_notemplate
2rol,43,3,0.7286,0.5596,16.6534,0.121,16.653,8.515,0.125,ptx,nomsa_notemplate
2rol,43,4,0.7302,0.5558,16.0824,0.105,16.082,8.088,0.062,ptx,nomsa_notemplate
2rol,44,0,0.663,0.4766,7.6935,0.281,7.693,4.367,0.188,ptx,nomsa_notemplate
2rol,44,1,0.6694,0.4737,16.3134,0.103,16.313,8.183,0.062,ptx,nomsa_notemplate
2rol,44,2,0.6638,0.47,6.2046,0.333,6.205,3.893,0.219,ptx,nomsa_notemplate
2rol,44,3,0.6605,0.4696,7.5932,0.315,7.593,4.344,0.281,ptx,nomsa_notemplate
2rol,44,4,0.6675,0.4697,16.192,0.114,16.192,8.193,0.094,ptx,nomsa_notemplate
2v8c,42,0,0.4309,0.2805,18.6026,0.103,18.603,9.808,0.114,ptx,nomsa_notemplate
2v8c,42,1,0.4317,0.2789,17.4261,0.119,17.426,9.852,0.143,ptx,nomsa_notemplate
2v8c,42,2,0.423,0.2747,14.2402,0.141,14.24,10.807,0.143,ptx,nomsa_notemplate
2v8c,42,3,0.4235,0.271,14.0066,0.183,14.007,9.666,0.257,ptx,nomsa_notemplate
2v8c,42,4,0.4208,0.2711,17.6653,0.118,17.665,9.782,0.143,ptx,nomsa_notemplate
2v8c,43,0,0.5256,0.4516,15.5211,0.175,15.521,5.725,0.229,ptx,nomsa_notemplate
2v8c,43,1,0.5257,0.4486,15.9577,0.18,15.958,5.87,0.257,ptx,nomsa_notemplate
2v8c,43,2,0.5224,0.4434,16.7114,0.161,16.711,6.611,0.229,ptx,nomsa_notemplate
2v8c,43,3,0.5158,0.4375,14.2058,0.196,14.206,5.625,0.257,ptx,nomsa_notemplate
2v8c,43,4,0.4653,0.4053,21.8938,0.108,21.894,10.406,0.171,ptx,nomsa_notemplate
2v8c,44,0,0.4329,0.2718,15.4312,0.143,15.431,9.161,0.171,ptx,nomsa_notemplate
2v8c,44,1,0.4222,0.268,14.6204,0.178,14.62,9.49,0.257,ptx,nomsa_notemplate
2v8c,44,2,0.4244,0.2673,17.0842,0.13,17.084,10.814,0.171,ptx,nomsa_notemplate
2v8c,44,3,0.4046,0.2604,21.7662,0.049,21.766,12.691,0.0,ptx,nomsa_notemplate
2v8c,44,4,0.4209,0.2572,17.8449,0.115,17.845,10.932,0.143,ptx,nomsa_notemplate
2vzg,42,0,0.5815,0.3347,17.8071,0.082,17.807,9.522,0.036,ptx,nomsa_notemplate
2vzg,42,1,0.5756,0.326,15.6188,0.109,15.619,8.76,0.071,ptx,nomsa_notemplate
2vzg,42,2,0.5545,0.3083,18.4024,0.066,18.402,10.235,0.0,ptx,nomsa_notemplate
2vzg,42,3,0.5363,0.2965,20.6875,0.079,20.688,10.005,0.071,ptx,nomsa_notemplate
2vzg,42,4,0.5352,0.294,11.5413,0.231,11.541,6.129,0.286,ptx,nomsa_notemplate
2vzg,43,0,0.5731,0.3298,15.9233,0.095,15.923,9.164,0.036,ptx,nomsa_notemplate
2vzg,43,1,0.5804,0.3281,17.4999,0.084,17.5,9.241,0.036,ptx,nomsa_notemplate
2vzg,43,2,0.5801,0.3193,16.1317,0.107,16.132,8.226,0.071,ptx,nomsa_notemplate
2vzg,43,3,0.5776,0.3136,16.1422,0.106,16.142,8.589,0.071,ptx,nomsa_notemplate
2vzg,43,4,0.5676,0.3109,16.2259,0.092,16.226,9.553,0.036,ptx,nomsa_notemplate
2vzg,44,0,0.6375,0.4241,15.2139,0.101,15.214,8.583,0.036,ptx,nomsa_notemplate
2vzg,44,1,0.6331,0.4201,15.3631,0.112,15.363,8.62,0.071,ptx,nomsa_notemplate
2vzg,44,2,0.6352,0.4204,15.4789,0.122,15.479,9.017,0.107,ptx,nomsa_notemplate
2vzg,44,3,0.63,0.4186,16.6945,0.101,16.694,8.977,0.071,ptx,nomsa_notemplate
2vzg,44,4,0.6268,0.4149,17.4796,0.096,17.48,9.598,0.071,ptx,nomsa_notemplate
2xcb,42,0,0.4209,0.3382,25.0326,0.078,25.033,11.804,0.114,ptx,nomsa_notemplate
2xcb,42,1,0.4211,0.3369,25.4031,0.077,25.403,11.96,0.114,ptx,nomsa_notemplate
2xcb,42,2,0.3786,0.2784,20.8678,0.055,20.868,9.73,0.0,ptx,nomsa_notemplate
2xcb,42,3,0.3792,0.2685,26.8589,0.035,26.859,13.012,0.0,ptx,nomsa_notemplate
2xcb,42,4,0.3808,0.2369,32.7959,0.027,32.796,11.519,0.0,ptx,nomsa_notemplate
2xcb,43,0,0.3975,0.3167,18.1792,0.067,18.179,10.286,0.0,ptx,nomsa_notemplate
2xcb,43,1,0.3882,0.3054,12.5546,0.122,12.555,9.732,0.029,ptx,nomsa_notemplate
2xcb,43,2,0.386,0.301,18.2323,0.064,18.232,12.545,0.0,ptx,nomsa_notemplate
2xcb,43,3,0.3849,0.284,18.2824,0.097,18.282,9.127,0.086,ptx,nomsa_notemplate
2xcb,43,4,0.3722,0.2602,26.7857,0.036,26.786,11.178,0.0,ptx,nomsa_notemplate
2xcb,44,0,0.4085,0.3549,11.8957,0.198,11.896,8.974,0.229,ptx,nomsa_notemplate
2xcb,44,1,0.4224,0.3425,14.0216,0.124,14.022,11.198,0.086,ptx,nomsa_notemplate
2xcb,44,2,0.4193,0.3423,21.3211,0.062,21.321,10.589,0.029,ptx,nomsa_notemplate
2xcb,44,3,0.4265,0.3387,23.5578,0.063,23.558,11.398,0.057,ptx,nomsa_notemplate
2xcb,44,4,0.3962,0.3016,23.4529,0.044,23.453,12.001,0.0,ptx,nomsa_notemplate
2xpn,42,0,0.3343,0.209,16.4692,0.11,16.469,13.463,0.106,ptx,nomsa_notemplate
2xpn,42,1,0.331,0.2083,17.1719,0.091,17.172,13.021,0.064,ptx,nomsa_notemplate
2xpn,42,2,0.3495,0.2062,22.1683,0.049,22.168,11.096,0.0,ptx,nomsa_notemplate
2xpn,42,3,0.3403,0.1991,22.1208,0.071,22.121,10.16,0.064,ptx,nomsa_notemplate
2xpn,42,4,0.3474,0.1917,22.82,0.052,22.82,13.462,0.021,ptx,nomsa_notemplate
2xpn,43,0,0.3747,0.2459,30.5069,0.08,30.507,11.224,0.149,ptx,nomsa_notemplate
2xpn,43,1,0.382,0.2382,29.0107,0.069,29.011,9.995,0.106,ptx,nomsa_notemplate
2xpn,43,2,0.3806,0.2395,20.569,0.069,20.569,10.5,0.043,ptx,nomsa_notemplate
2xpn,43,3,0.3833,0.2332,18.4059,0.115,18.406,10.735,0.149,ptx,nomsa_notemplate
2xpn,43,4,0.3719,0.2341,21.876,0.115,21.876,10.11,0.191,ptx,nomsa_notemplate
2xpn,44,0,0.4433,0.4302,10.1626,0.263,10.163,7.564,0.34,ptx,nomsa_notemplate
2xpn,44,1,0.4384,0.4249,10.3489,0.21,10.349,7.863,0.191,ptx,nomsa_notemplate
2xpn,44,2,0.4512,0.4234,12.4173,0.2,12.417,9.189,0.255,ptx,nomsa_notemplate
2xpn,44,3,0.4391,0.4184,9.6344,0.235,9.634,8.27,0.234,ptx,nomsa_notemplate
2xpn,44,4,0.3977,0.3659,18.4352,0.087,18.435,9.945,0.064,ptx,nomsa_notemplate
2xrw,42,0,0.2249,0.1639,37.1765,0.045,37.177,15.22,0.075,ptx,nomsa_notemplate
2xrw,42,1,0.2237,0.1596,18.5979,0.07,18.598,14.166,0.025,ptx,nomsa_notemplate
2xrw,42,2,0.2282,0.1587,17.5009,0.067,17.501,15.726,0.0,ptx,nomsa_notemplate
2xrw,42,3,0.2205,0.1567,32.2874,0.033,32.287,15.727,0.025,ptx,nomsa_notemplate
2xrw,42,4,0.2303,0.1559,35.2635,0.029,35.263,16.98,0.025,ptx,nomsa_notemplate
2xrw,43,0,0.2264,0.1923,25.0294,0.037,25.029,16.364,0.0,ptx,nomsa_notemplate
2xrw,43,1,0.2298,0.1943,27.37,0.066,27.37,14.451,0.1,ptx,nomsa_notemplate
2xrw,43,2,0.2282,0.1906,22.9386,0.094,22.939,13.982,0.15,ptx,nomsa_notemplate
2xrw,43,3,0.2278,0.1784,27.8304,0.031,27.83,16.921,0.0,ptx,nomsa_notemplate
2xrw,43,4,0.2259,0.1422,41.0996,0.016,41.1,17.297,0.0,ptx,nomsa_notemplate
2xrw,44,0,0.2294,0.1906,23.1754,0.042,23.175,17.303,0.0,ptx,nomsa_notemplate
2xrw,44,1,0.2272,0.1864,21.9214,0.073,21.921,13.616,0.075,ptx,nomsa_notemplate
2xrw,44,2,0.2252,0.1738,16.5607,0.082,16.561,13.77,0.025,ptx,nomsa_notemplate
2xrw,44,3,0.2246,0.1628,7.4643,0.193,7.464,12.79,0.0,ptx,nomsa_notemplate
2xrw,44,4,0.2188,0.1541,39.179,0.018,39.179,16.743,0.0,ptx,nomsa_notemplate
2ymt,42,0,0.9254,0.9727,2.3046,0.838,2.305,1.272,1.0,ptx,nomsa_notemplate
2ymt,42,1,0.924,0.9726,2.0728,0.84,2.073,1.289,1.0,ptx,nomsa_notemplate
2ymt,42,2,0.9238,0.9726,2.1873,0.819,2.187,1.356,0.968,ptx,nomsa_notemplate
2ymt,42,3,0.924,0.9727,3.0741,0.814,3.074,1.337,1.0,ptx,nomsa_notemplate
2ymt,42,4,0.9238,0.9726,3.1983,0.803,3.198,1.402,1.0,ptx,nomsa_notemplate
2ymt,43,0,0.9007,0.9632,2.026,0.809,2.026,1.37,0.935,ptx,nomsa_notemplate
2ymt,43,1,0.9003,0.9633,2.0167,0.818,2.017,1.297,0.935,ptx,nomsa_notemplate
2ymt,43,2,0.9006,0.9632,2.9102,0.79,2.91,1.383,0.935,ptx,nomsa_notemplate
2ymt,43,3,0.9006,0.9632,2.3153,0.833,2.315,1.306,1.0,ptx,nomsa_notemplate
2ymt,43,4,0.8984,0.9631,2.4619,0.817,2.462,1.326,0.968,ptx,nomsa_notemplate
2ymt,44,0,0.8583,0.9467,1.833,0.841,1.833,1.147,0.935,ptx,nomsa_notemplate
2ymt,44,1,0.8581,0.9465,1.8409,0.843,1.841,1.208,0.968,ptx,nomsa_notemplate
2ymt,44,2,0.8581,0.9463,1.882,0.83,1.882,1.225,0.935,ptx,nomsa_notemplate
2ymt,44,3,0.8576,0.9463,2.0442,0.832,2.044,1.267,0.968,ptx,nomsa_notemplate
2ymt,44,4,0.856,0.9446,2.7604,0.7,2.76,2.338,0.903,ptx,nomsa_notemplate
3agy,42,0,0.2918,0.2371,24.1706,0.046,24.171,8.654,0.0,ptx,nomsa_notemplate
3agy,42,1,0.3272,0.23,11.0363,0.425,11.036,3.769,0.767,ptx,nomsa_notemplate
3agy,42,2,0.2993,0.1874,30.129,0.068,30.129,8.538,0.1,ptx,nomsa_notemplate
3agy,42,3,0.2768,0.1843,36.9381,0.024,36.938,10.329,0.0,ptx,nomsa_notemplate
3agy,42,4,0.2808,0.1763,27.5867,0.045,27.587,11.776,0.033,ptx,nomsa_notemplate
3agy,43,0,0.3976,0.3554,24.6544,0.274,24.654,12.057,0.7,ptx,nomsa_notemplate
3agy,43,1,0.3758,0.353,20.9621,0.141,20.962,12.695,0.267,ptx,nomsa_notemplate
3agy,43,2,0.3877,0.3468,27.0122,0.269,27.012,11.81,0.7,ptx,nomsa_notemplate
3agy,43,3,0.3458,0.3349,34.9607,0.022,34.961,15.595,0.0,ptx,nomsa_notemplate
3agy,43,4,0.3439,0.3338,16.0231,0.077,16.023,13.138,0.0,ptx,nomsa_notemplate
3agy,44,0,0.3123,0.2203,21.7185,0.054,21.719,8.745,0.0,ptx,nomsa_notemplate
3agy,44,1,0.3005,0.2155,35.4997,0.022,35.5,14.517,0.0,ptx,nomsa_notemplate
3agy,44,2,0.2796,0.1958,35.7711,0.026,35.771,9.301,0.0,ptx,nomsa_notemplate
3agy,44,3,0.2706,0.194,39.653,0.021,39.653,10.485,0.0,ptx,nomsa_notemplate
3agy,44,4,0.282,0.1896,46.0367,0.016,46.037,12.488,0.0,ptx,nomsa_notemplate
3bej,42,0,0.4472,0.434,16.0432,0.087,16.043,7.248,0.0,ptx,nomsa_notemplate
3bej,42,1,0.4426,0.4284,15.9683,0.097,15.968,7.127,0.026,ptx,nomsa_notemplate
3bej,42,2,0.4432,0.426,15.4038,0.091,15.404,7.331,0.0,ptx,nomsa_notemplate
3bej,42,3,0.4367,0.4193,15.396,0.108,15.396,7.467,0.053,ptx,nomsa_notemplate
3bej,42,4,0.4392,0.407,31.1796,0.028,31.18,11.702,0.0,ptx,nomsa_notemplate
3bej,43,0,0.4532,0.4351,16.452,0.085,16.452,7.059,0.0,ptx,nomsa_notemplate
3bej,43,1,0.4483,0.4341,16.1292,0.087,16.129,7.037,0.0,ptx,nomsa_notemplate
3bej,43,2,0.4544,0.4326,16.5217,0.084,16.522,7.203,0.0,ptx,nomsa_notemplate
3bej,43,3,0.4267,0.4097,14.9478,0.095,14.948,7.409,0.0,ptx,nomsa_notemplate
3bej,43,4,0.3587,0.3132,18.1682,0.077,18.168,9.433,0.026,ptx,nomsa_notemplate
3bej,44,0,0.5064,0.5164,24.2562,0.044,24.256,10.029,0.0,ptx,nomsa_notemplate
3bej,44,1,0.4898,0.4875,15.6726,0.09,15.673,7.151,0.0,ptx,nomsa_notemplate
3bej,44,2,0.4886,0.487,14.2456,0.103,14.246,6.85,0.0,ptx,nomsa_notemplate
3bej,44,3,0.491,0.486,13.9404,0.105,13.94,6.991,0.0,ptx,nomsa_notemplate
3bej,44,4,0.486,0.4843,15.9349,0.087,15.935,7.348,0.0,ptx,nomsa_notemplate
3bqo,42,0,0.5327,0.5356,27.1308,0.033,27.131,16.192,0.0,ptx,nomsa_notemplate
3bqo,42,1,0.5324,0.5238,27.9001,0.036,27.9,15.879,0.016,ptx,nomsa_notemplate
3bqo,42,2,0.5318,0.5234,26.7596,0.033,26.76,16.522,0.0,ptx,nomsa_notemplate
3bqo,42,3,0.53,0.5232,28.6073,0.03,28.607,16.545,0.0,ptx,nomsa_notemplate
3bqo,42,4,0.528,0.5224,25.0877,0.037,25.088,16.161,0.0,ptx,nomsa_notemplate
3bqo,43,0,0.3873,0.2724,28.5655,0.052,28.565,13.387,0.062,ptx,nomsa_notemplate
3bqo,43,1,0.3877,0.266,32.3433,0.046,32.343,14.501,0.062,ptx,nomsa_notemplate
3bqo,43,2,0.4034,0.265,28.4646,0.041,28.465,14.052,0.031,ptx,nomsa_notemplate
3bqo,43,3,0.3759,0.2603,30.6937,0.044,30.694,13.011,0.047,ptx,nomsa_notemplate
3bqo,43,4,0.3462,0.2389,30.6373,0.059,30.637,13.782,0.094,ptx,nomsa_notemplate
3bqo,44,0,0.5434,0.5533,26.5444,0.034,26.544,15.945,0.0,ptx,nomsa_notemplate
3bqo,44,1,0.5442,0.5531,28.9558,0.029,28.956,15.818,0.0,ptx,nomsa_notemplate
3bqo,44,2,0.547,0.5532,28.4765,0.03,28.477,16.197,0.0,ptx,nomsa_notemplate
3bqo,44,3,0.5413,0.5457,28.9995,0.035,28.999,14.9,0.016,ptx,nomsa_notemplate
3bqo,44,4,0.5376,0.5486,29.0201,0.034,29.02,17.109,0.016,ptx,nomsa_notemplate
3emh,42,0,0.6315,0.8417,5.8668,0.452,5.867,2.412,0.4,ptx,nomsa_notemplate
3emh,42,1,0.6311,0.8401,5.0791,0.502,5.079,2.275,0.467,ptx,nomsa_notemplate
3emh,42,2,0.6253,0.8386,6.0736,0.43,6.074,2.525,0.367,ptx,nomsa_notemplate
3emh,42,3,0.617,0.83,5.9296,0.457,5.93,2.296,0.4,ptx,nomsa_notemplate
3emh,42,4,0.6211,0.828,6.5176,0.351,6.518,2.804,0.2,ptx,nomsa_notemplate
3emh,43,0,0.6345,0.8441,5.1693,0.477,5.169,2.291,0.4,ptx,nomsa_notemplate
3emh,43,1,0.616,0.8387,3.4931,0.571,3.493,2.163,0.533,ptx,nomsa_notemplate
3emh,43,2,0.6226,0.8315,6.0924,0.396,6.092,2.528,0.267,ptx,nomsa_notemplate
3emh,43,3,0.6255,0.8309,5.5801,0.473,5.58,2.189,0.4,ptx,nomsa_notemplate
3emh,43,4,0.6145,0.8269,4.8237,0.45,4.824,2.32,0.3,ptx,nomsa_notemplate
3emh,44,0,0.6248,0.8399,4.3164,0.5,4.316,1.823,0.3,ptx,nomsa_notemplate
3emh,44,1,0.6346,0.8395,6.3793,0.418,6.379,2.393,0.333,ptx,nomsa_notemplate
3emh,44,2,0.621,0.8357,4.1062,0.629,4.106,1.378,0.533,ptx,nomsa_notemplate
3emh,44,3,0.6149,0.8338,3.868,0.593,3.868,2.201,0.633,ptx,nomsa_notemplate
3emh,44,4,0.6187,0.8332,5.0911,0.464,5.091,2.343,0.367,ptx,nomsa_notemplate
3emw,42,0,0.3516,0.3104,31.1356,0.027,31.136,13.435,0.0,ptx,nomsa_notemplate
3emw,42,1,0.3352,0.301,27.496,0.033,27.496,13.114,0.0,ptx,nomsa_notemplate
3emw,42,2,0.3367,0.2973,19.7114,0.078,19.711,12.065,0.061,ptx,nomsa_notemplate
3emw,42,3,0.3263,0.2969,18.4677,0.074,18.468,11.106,0.03,ptx,nomsa_notemplate
3emw,42,4,0.3229,0.2949,19.5604,0.089,19.56,11.267,0.091,ptx,nomsa_notemplate
3emw,43,0,0.3396,0.2875,16.5557,0.095,16.556,11.868,0.061,ptx,nomsa_notemplate
3emw,43,1,0.3373,0.2854,17.3138,0.08,17.314,12.115,0.03,ptx,nomsa_notemplate
3emw,43,2,0.3349,0.2846,23.4666,0.053,23.467,12.779,0.03,ptx,nomsa_notemplate
3emw,43,3,0.3175,0.2813,16.449,0.096,16.449,11.464,0.061,ptx,nomsa_notemplate
3emw,43,4,0.3256,0.2722,29.1833,0.061,29.183,12.246,0.091,ptx,nomsa_notemplate
3emw,44,0,0.3478,0.2967,32.6462,0.025,32.646,13.816,0.0,ptx,nomsa_notemplate
3emw,44,1,0.3398,0.2878,20.705,0.063,20.705,12.986,0.03,ptx,nomsa_notemplate
3emw,44,2,0.3374,0.2874,23.2894,0.064,23.289,13.03,0.061,ptx,nomsa_notemplate
3emw,44,3,0.3314,0.2829,22.6908,0.065,22.691,13.401,0.061,ptx,nomsa_notemplate
3emw,44,4,0.3267,0.2818,24.7987,0.091,24.799,11.871,0.152,ptx,nomsa_notemplate
3et3,42,0,0.3757,0.2363,15.0628,0.083,15.063,15.948,0.0,ptx,nomsa_notemplate
3et3,42,1,0.3779,0.2363,42.4865,0.017,42.487,13.49,0.0,ptx,nomsa_notemplate
3et3,42,2,0.3612,0.1868,29.6384,0.028,29.638,18.47,0.0,ptx,nomsa_notemplate
3et3,42,3,0.3618,0.1881,36.5144,0.019,36.514,18.071,0.0,ptx,nomsa_notemplate
3et3,42,4,0.3607,0.1814,44.1545,0.015,44.154,15.372,0.0,ptx,nomsa_notemplate
3et3,43,0,0.3857,0.2236,36.6324,0.055,36.632,18.866,0.106,ptx,nomsa_notemplate
3et3,43,1,0.3491,0.2081,18.5523,0.06,18.552,17.243,0.0,ptx,nomsa_notemplate
3et3,43,2,0.3785,0.2022,44.3123,0.014,44.312,16.938,0.0,ptx,nomsa_notemplate
3et3,43,3,0.3503,0.2008,37.9069,0.019,37.907,15.3,0.0,ptx,nomsa_notemplate
3et3,43,4,0.3776,0.1978,51.3495,0.011,51.349,19.772,0.0,ptx,nomsa_notemplate
3et3,44,0,0.3629,0.207,27.9286,0.061,27.929,12.859,0.085,ptx,nomsa_notemplate
3et3,44,1,0.391,0.2025,38.1284,0.06,38.128,20.842,0.128,ptx,nomsa_notemplate
3et3,44,2,0.3708,0.1971,40.151,0.017,40.151,16.271,0.0,ptx,nomsa_notemplate
3et3,44,3,0.3622,0.1971,30.7711,0.077,30.771,13.817,0.149,ptx,nomsa_notemplate
3et3,44,4,0.3681,0.1907,37.4509,0.019,37.451,17.014,0.0,ptx,nomsa_notemplate
3fp2,42,0,0.3335,0.4346,34.9988,0.064,34.999,6.307,0.083,ptx,nomsa_notemplate
3fp2,42,1,0.3243,0.4172,37.2711,0.076,37.271,6.323,0.125,ptx,nomsa_notemplate
3fp2,42,2,0.3184,0.4054,35.9482,0.08,35.948,5.882,0.125,ptx,nomsa_notemplate
3fp2,42,3,0.317,0.406,33.2217,0.079,33.222,6.512,0.125,ptx,nomsa_notemplate
3fp2,42,4,0.2594,0.3316,17.6963,0.075,17.696,7.6,0.0,ptx,nomsa_notemplate
3fp2,43,0,0.3231,0.4203,30.2047,0.084,30.205,6.225,0.125,ptx,nomsa_notemplate
3fp2,43,1,0.3228,0.4146,36.7105,0.048,36.711,6.417,0.042,ptx,nomsa_notemplate
3fp2,43,2,0.3107,0.4065,34.3728,0.066,34.373,6.112,0.083,ptx,nomsa_notemplate
3fp2,43,3,0.307,0.3958,35.8903,0.035,35.89,6.324,0.0,ptx,nomsa_notemplate
3fp2,43,4,0.3124,0.3961,38.5648,0.076,38.565,6.139,0.125,ptx,nomsa_notemplate
3fp2,44,0,0.3238,0.4253,34.6865,0.038,34.687,6.092,0.0,ptx,nomsa_notemplate
3fp2,44,1,0.318,0.4233,29.8394,0.07,29.839,6.378,0.083,ptx,nomsa_notemplate
3fp2,44,2,0.3169,0.4111,36.3838,0.047,36.384,6.7,0.042,ptx,nomsa_notemplate
3fp2,44,3,0.2965,0.3947,34.1937,0.05,34.194,6.557,0.042,ptx,nomsa_notemplate
3fp2,44,4,0.268,0.3143,47.4292,0.017,47.429,10.34,0.0,ptx,nomsa_notemplate
3g2s,42,0,0.4722,0.3878,13.6063,0.149,13.606,8.563,0.135,ptx,nomsa_notemplate
3g2s,42,1,0.4701,0.3807,11.5147,0.172,11.515,8.987,0.135,ptx,nomsa_notemplate
3g2s,42,2,0.4759,0.3777,13.5952,0.147,13.595,9.363,0.135,ptx,nomsa_notemplate
3g2s,42,3,0.4398,0.3607,8.4315,0.252,8.432,7.7,0.216,ptx,nomsa_notemplate
3g2s,42,4,0.4185,0.361,25.4283,0.039,25.428,11.708,0.0,ptx,nomsa_notemplate
3g2s,43,0,0.5066,0.4572,14.2494,0.164,14.249,7.435,0.189,ptx,nomsa_notemplate
3g2s,43,1,0.5031,0.4555,14.6697,0.151,14.67,7.523,0.162,ptx,nomsa_notemplate
3g2s,43,2,0.4975,0.4537,14.1189,0.165,14.119,7.379,0.189,ptx,nomsa_notemplate
3g2s,43,3,0.4967,0.4498,14.9102,0.139,14.91,7.805,0.135,ptx,nomsa_notemplate
3g2s,43,4,0.4652,0.4311,13.3091,0.122,13.309,6.502,0.027,ptx,nomsa_notemplate
3g2s,44,0,0.4753,0.397,12.9293,0.156,12.929,8.419,0.135,ptx,nomsa_notemplate
3g2s,44,1,0.4742,0.3837,11.6341,0.178,11.634,9.361,0.162,ptx,nomsa_notemplate
3g2s,44,2,0.471,0.3807,12.971,0.163,12.971,8.966,0.162,ptx,nomsa_notemplate
3g2s,44,3,0.3909,0.32,20.163,0.063,20.163,7.393,0.0,ptx,nomsa_notemplate
3g2s,44,4,0.3708,0.3043,25.5836,0.048,25.584,11.171,0.027,ptx,nomsa_notemplate
3h1z,42,0,0.2638,0.2003,14.7098,0.14,14.71,7.692,0.132,ptx,nomsa_notemplate
3h1z,42,1,0.2635,0.1821,18.9469,0.109,18.947,8.752,0.132,ptx,nomsa_notemplate
3h1z,42,2,0.2655,0.1826,14.6458,0.179,14.646,7.248,0.245,ptx,nomsa_notemplate
3h1z,42,3,0.2678,0.1848,20.7337,0.099,20.734,10.323,0.132,ptx,nomsa_notemplate
3h1z,42,4,0.2512,0.1541,41.3662,0.018,41.366,12.857,0.0,ptx,nomsa_notemplate
3h1z,43,0,0.2564,0.187,12.9704,0.211,12.97,5.562,0.264,ptx,nomsa_notemplate
3h1z,43,1,0.2637,0.1799,13.9718,0.15,13.972,8.674,0.151,ptx,nomsa_notemplate
3h1z,43,2,0.2542,0.181,28.7786,0.038,28.779,12.547,0.019,ptx,nomsa_notemplate
3h1z,43,3,0.2566,0.1711,32.5571,0.026,32.557,12.786,0.0,ptx,nomsa_notemplate
3h1z,43,4,0.253,0.1531,44.0312,0.015,44.031,15.185,0.0,ptx,nomsa_notemplate
3h1z,44,0,0.2575,0.1801,11.7021,0.215,11.702,6.293,0.245,ptx,nomsa_notemplate
3h1z,44,1,0.2619,0.1778,11.6197,0.167,11.62,7.449,0.113,ptx,nomsa_notemplate
3h1z,44,2,0.2568,0.1704,9.7246,0.307,9.725,6.234,0.434,ptx,nomsa_notemplate
3h1z,44,3,0.2528,0.1463,31.9937,0.064,31.994,13.245,0.113,ptx,nomsa_notemplate
3h1z,44,4,0.2521,0.1415,41.3379,0.017,41.338,15.075,0.0,ptx,nomsa_notemplate
3i5r,42,0,0.5423,0.3798,19.2176,0.086,19.218,11.693,0.077,ptx,nomsa_notemplate
3i5r,42,1,0.5378,0.3708,19.8153,0.083,19.815,11.725,0.077,ptx,nomsa_notemplate
3i5r,42,2,0.5361,0.3676,18.5231,0.089,18.523,11.64,0.077,ptx,nomsa_notemplate
3i5r,42,3,0.5391,0.3657,19.666,0.083,19.666,11.828,0.077,ptx,nomsa_notemplate
3i5r,42,4,0.5331,0.3647,19.393,0.072,19.393,11.685,0.038,ptx,nomsa_notemplate
3i5r,43,0,0.4852,0.2829,20.4783,0.08,20.478,11.977,0.077,ptx,nomsa_notemplate
3i5r,43,1,0.4806,0.2824,19.8207,0.096,19.821,11.739,0.115,ptx,nomsa_notemplate
3i5r,43,2,0.4832,0.281,20.613,0.092,20.613,11.724,0.115,ptx,nomsa_notemplate
3i5r,43,3,0.483,0.2807,20.9028,0.065,20.903,11.93,0.038,ptx,nomsa_notemplate
3i5r,43,4,0.4897,0.2682,20.4146,0.08,20.415,11.692,0.077,ptx,nomsa_notemplate
3i5r,44,0,0.4726,0.3072,18.4353,0.089,18.435,12.064,0.077,ptx,nomsa_notemplate
3i5r,44,1,0.4845,0.3077,19.4596,0.097,19.46,11.785,0.115,ptx,nomsa_notemplate
3i5r,44,2,0.4769,0.2899,16.5847,0.128,16.585,10.042,0.154,ptx,nomsa_notemplate
3i5r,44,3,0.4811,0.2844,18.1285,0.078,18.129,11.789,0.038,ptx,nomsa_notemplate
3i5r,44,4,0.4692,0.2877,16.1289,0.118,16.129,10.201,0.115,ptx,nomsa_notemplate
3obq,42,0,0.3705,0.2258,26.2268,0.047,26.227,11.132,0.028,ptx,nomsa_notemplate
3obq,42,1,0.3672,0.2097,25.1978,0.075,25.198,13.555,0.111,ptx,nomsa_notemplate
3obq,42,2,0.3518,0.2091,22.9118,0.054,22.912,12.623,0.028,ptx,nomsa_notemplate
3obq,42,3,0.3651,0.2055,22.6919,0.074,22.692,11.952,0.083,ptx,nomsa_notemplate
3obq,42,4,0.3615,0.2049,26.5066,0.044,26.507,13.745,0.028,ptx,nomsa_notemplate
3obq,43,0,0.3589,0.2135,19.7844,0.124,19.784,9.82,0.194,ptx,nomsa_notemplate
3obq,43,1,0.3666,0.2106,20.6236,0.112,20.624,9.405,0.167,ptx,nomsa_notemplate
3obq,43,2,0.3665,0.2061,23.0591,0.056,23.059,10.188,0.028,ptx,nomsa_notemplate
3obq,43,3,0.3612,0.202,24.9214,0.041,24.921,10.488,0.0,ptx,nomsa_notemplate
3obq,43,4,0.3522,0.1859,30.158,0.067,30.158,11.972,0.111,ptx,nomsa_notemplate
3obq,44,0,0.4202,0.2759,20.4765,0.094,20.477,9.424,0.111,ptx,nomsa_notemplate
3obq,44,1,0.3914,0.2684,19.2171,0.109,19.217,9.673,0.139,ptx,nomsa_notemplate
3obq,44,2,0.3988,0.2647,29.406,0.03,29.406,12.805,0.0,ptx,nomsa_notemplate
3obq,44,3,0.4022,0.2639,14.7075,0.174,14.707,10.211,0.25,ptx,nomsa_notemplate
3obq,44,4,0.3837,0.2582,27.755,0.034,27.755,11.606,0.0,ptx,nomsa_notemplate
3p72,42,0,0.3939,0.1803,33.7365,0.022,33.736,17.734,0.0,ptx,nomsa_notemplate
3p72,42,1,0.3799,0.1794,14.9981,0.084,14.998,15.019,0.0,ptx,nomsa_notemplate
3p72,42,2,0.3961,0.1666,37.37,0.019,37.37,16.681,0.0,ptx,nomsa_notemplate
3p72,42,3,0.3801,0.1505,21.3422,0.106,21.342,14.258,0.171,ptx,nomsa_notemplate
3p72,42,4,0.3857,0.1478,22.2006,0.046,22.201,14.838,0.0,ptx,nomsa_notemplate
3p72,43,0,0.4145,0.2013,33.1022,0.048,33.102,16.121,0.073,ptx,nomsa_notemplate
3p72,43,1,0.3969,0.1929,28.7737,0.062,28.774,15.967,0.098,ptx,nomsa_notemplate
3p72,43,2,0.3923,0.1875,31.3029,0.026,31.303,16.617,0.0,ptx,nomsa_notemplate
3p72,43,3,0.413,0.1769,35.7626,0.021,35.763,15.544,0.0,ptx,nomsa_notemplate
3p72,43,4,0.3798,0.162,17.4932,0.067,17.493,15.178,0.0,ptx,nomsa_notemplate
3p72,44,0,0.3956,0.186,33.0557,0.032,33.056,15.942,0.024,ptx,nomsa_notemplate
3p72,44,1,0.3743,0.1735,33.1416,0.023,33.142,17.185,0.0,ptx,nomsa_notemplate
3p72,44,2,0.3755,0.1701,30.2811,0.036,30.281,15.363,0.024,ptx,nomsa_notemplate
3p72,44,3,0.3644,0.1697,11.4889,0.121,11.489,14.901,0.0,ptx,nomsa_notemplate
3p72,44,4,0.3752,0.1394,24.6296,0.055,24.63,16.156,0.049,ptx,nomsa_notemplate
3pe4,42,0,0.2345,0.3678,30.5853,0.026,30.585,18.93,0.0,ptx,nomsa_notemplate
3pe4,42,1,0.2303,0.3517,25.1061,0.037,25.106,15.812,0.0,ptx,nomsa_notemplate
3pe4,42,2,0.2369,0.2497,28.744,0.029,28.744,18.741,0.0,ptx,nomsa_notemplate
3pe4,42,3,0.2358,0.2423,31.4674,0.026,31.467,14.588,0.0,ptx,nomsa_notemplate
3pe4,42,4,0.2363,0.2315,29.9194,0.027,29.919,16.948,0.0,ptx,nomsa_notemplate
3pe4,43,0,0.2356,0.3552,26.227,0.034,26.227,20.254,0.0,ptx,nomsa_notemplate
3pe4,43,1,0.2338,0.3322,25.4433,0.036,25.443,17.505,0.0,ptx,nomsa_notemplate
3pe4,43,2,0.2297,0.3163,20.4382,0.051,20.438,20.194,0.0,ptx,nomsa_notemplate
3pe4,43,3,0.2361,0.282,24.9002,0.069,24.9,18.708,0.096,ptx,nomsa_notemplate
3pe4,43,4,0.2395,0.2555,26.8063,0.059,26.806,17.081,0.077,ptx,nomsa_notemplate
3pe4,44,0,0.23,0.3523,21.7833,0.046,21.783,18.964,0.0,ptx,nomsa_notemplate
3pe4,44,1,0.2275,0.3085,19.2086,0.057,19.209,18.041,0.0,ptx,nomsa_notemplate
3pe4,44,2,0.2343,0.2944,19.2142,0.057,19.214,16.986,0.0,ptx,nomsa_notemplate
3pe4,44,3,0.2278,0.2905,23.4659,0.047,23.466,18.163,0.019,ptx,nomsa_notemplate
3pe4,44,4,0.2359,0.274,25.0527,0.037,25.053,18.849,0.0,ptx,nomsa_notemplate
3plu,42,0,0.6662,0.2204,24.6768,0.087,24.677,6.479,0.103,ptx,nomsa_notemplate
3plu,42,1,0.658,0.2148,18.3018,0.07,18.302,8.263,0.0,ptx,nomsa_notemplate
3plu,42,2,0.6623,0.2132,26.0977,0.096,26.098,10.424,0.172,ptx,nomsa_notemplate
3plu,42,3,0.6428,0.2122,19.9227,0.057,19.923,11.082,0.0,ptx,nomsa_notemplate
3plu,42,4,0.6564,0.2108,25.2168,0.087,25.217,10.438,0.138,ptx,nomsa_notemplate
3plu,43,0,0.6637,0.2557,24.674,0.064,24.674,11.891,0.069,ptx,nomsa_notemplate
3plu,43,1,0.6514,0.2385,17.6671,0.101,17.667,6.715,0.069,ptx,nomsa_notemplate
3plu,43,2,0.6542,0.2289,20.1741,0.068,20.174,11.283,0.034,ptx,nomsa_notemplate
3plu,43,3,0.6525,0.2098,27.6504,0.058,27.65,10.796,0.069,ptx,nomsa_notemplate
3plu,43,4,0.6547,0.1987,23.659,0.055,23.659,11.62,0.034,ptx,nomsa_notemplate
3plu,44,0,0.6545,0.2335,16.8742,0.091,16.874,7.916,0.034,ptx,nomsa_notemplate
3plu,44,1,0.6447,0.2296,19.3042,0.161,19.304,5.154,0.241,ptx,nomsa_notemplate
3plu,44,2,0.6565,0.2283,25.9837,0.108,25.984,10.335,0.207,ptx,nomsa_notemplate
3plu,44,3,0.659,0.2275,24.7134,0.085,24.713,6.804,0.103,ptx,nomsa_notemplate
3plu,44,4,0.6496,0.2038,31.222,0.053,31.222,10.11,0.069,ptx,nomsa_notemplate
3r42,42,0,0.447,0.4145,18.3879,0.098,18.388,9.35,0.094,ptx,nomsa_notemplate
3r42,42,1,0.4511,0.4133,33.4643,0.047,33.464,11.101,0.062,ptx,nomsa_notemplate
3r42,42,2,0.4515,0.4108,24.9542,0.071,24.954,11.544,0.094,ptx,nomsa_notemplate
3r42,42,3,0.4535,0.4106,34.8344,0.046,34.834,11.137,0.062,ptx,nomsa_notemplate
3r42,42,4,0.4527,0.4078,24.0265,0.075,24.026,10.877,0.094,ptx,nomsa_notemplate
3r42,43,0,0.4599,0.4375,21.5099,0.084,21.51,10.046,0.094,ptx,nomsa_notemplate
3r42,43,1,0.4579,0.4323,28.6977,0.065,28.698,10.479,0.094,ptx,nomsa_notemplate
3r42,43,2,0.4577,0.4304,33.8036,0.047,33.804,11.206,0.062,ptx,nomsa_notemplate
3r42,43,3,0.4518,0.4299,33.8008,0.057,33.801,10.788,0.094,ptx,nomsa_notemplate
3r42,43,4,0.4426,0.4263,23.903,0.075,23.903,11.196,0.094,ptx,nomsa_notemplate
3r42,44,0,0.456,0.4234,24.0912,0.076,24.091,9.918,0.094,ptx,nomsa_notemplate
3r42,44,1,0.4566,0.4161,25.7488,0.07,25.749,11.546,0.094,ptx,nomsa_notemplate
3r42,44,2,0.4479,0.4129,35.148,0.055,35.148,11.742,0.094,ptx,nomsa_notemplate
3r42,44,3,0.4388,0.4067,34.2063,0.059,34.206,9.154,0.094,ptx,nomsa_notemplate
3r42,44,4,0.4153,0.3913,17.8217,0.104,17.822,7.985,0.094,ptx,nomsa_notemplate
3s9c,42,0,0.2428,0.1884,16.4462,0.111,16.446,14.598,0.111,ptx,nomsa_notemplate
3s9c,42,1,0.2393,0.1806,29.7543,0.029,29.754,14.808,0.0,ptx,nomsa_notemplate
3s9c,42,2,0.2376,0.1758,34.361,0.031,34.361,13.7,0.022,ptx,nomsa_notemplate
3s9c,42,3,0.2367,0.1731,22.0901,0.046,22.09,14.879,0.0,ptx,nomsa_notemplate
3s9c,42,4,0.2416,0.1567,17.701,0.098,17.701,11.65,0.089,ptx,nomsa_notemplate
3s9c,43,0,0.2428,0.1825,19.7574,0.057,19.757,12.735,0.0,ptx,nomsa_notemplate
3s9c,43,1,0.24,0.1806,32.4602,0.025,32.46,15.117,0.0,ptx,nomsa_notemplate
3s9c,43,2,0.2449,0.1797,25.1599,0.076,25.16,12.981,0.111,ptx,nomsa_notemplate
3s9c,43,3,0.2343,0.1731,8.042,0.181,8.042,12.633,0.0,ptx,nomsa_notemplate
3s9c,43,4,0.2419,0.1715,26.3628,0.057,26.363,14.109,0.067,ptx,nomsa_notemplate
3s9c,44,0,0.2597,0.1999,20.2214,0.069,20.221,13.712,0.044,ptx,nomsa_notemplate
3s9c,44,1,0.2491,0.1955,6.9918,0.21,6.992,13.295,0.022,ptx,nomsa_notemplate
3s9c,44,2,0.2366,0.1788,30.7516,0.027,30.752,14.009,0.0,ptx,nomsa_notemplate
3s9c,44,3,0.2406,0.181,22.7841,0.045,22.784,13.962,0.0,ptx,nomsa_notemplate
3s9c,44,4,0.2438,0.1785,26.2529,0.035,26.253,14.631,0.0,ptx,nomsa_notemplate
3shb,42,0,0.5023,0.2453,22.3352,0.123,22.335,11.706,0.226,ptx,nomsa_notemplate
3shb,42,1,0.5321,0.2412,12.5843,0.121,12.584,11.154,0.032,ptx,nomsa_notemplate
3shb,42,2,0.5297,0.2409,13.3274,0.112,13.327,11.96,0.032,ptx,nomsa_notemplate
3shb,42,3,0.5098,0.2346,19.698,0.208,19.698,11.623,0.452,ptx,nomsa_notemplate
3shb,42,4,0.5071,0.2168,15.7178,0.083,15.718,10.069,0.0,ptx,nomsa_notemplate
3shb,43,0,0.5291,0.2747,17.8578,0.11,17.858,12.069,0.129,ptx,nomsa_notemplate
3shb,43,1,0.5307,0.271,11.5201,0.155,11.52,11.453,0.097,ptx,nomsa_notemplate
3shb,43,2,0.523,0.2606,18.9417,0.202,18.942,10.998,0.419,ptx,nomsa_notemplate
3shb,43,3,0.529,0.2614,17.0077,0.115,17.008,12.14,0.129,ptx,nomsa_notemplate
3shb,43,4,0.5219,0.2578,17.8581,0.088,17.858,12.259,0.065,ptx,nomsa_notemplate
3shb,44,0,0.5048,0.2451,24.4496,0.105,24.45,12.288,0.194,ptx,nomsa_notemplate
3shb,44,1,0.4941,0.2441,24.1491,0.107,24.149,11.831,0.194,ptx,nomsa_notemplate
3shb,44,2,0.5047,0.2373,21.8669,0.059,21.867,12.364,0.032,ptx,nomsa_notemplate
3shb,44,3,0.5114,0.2319,16.51,0.204,16.51,11.826,0.387,ptx,nomsa_notemplate
3shb,44,4,0.5069,0.2285,19.8002,0.133,19.8,11.281,0.226,ptx,nomsa_notemplate
3tiw,42,0,0.4393,0.228,20.2167,0.071,20.217,12.819,0.05,ptx,nomsa_notemplate
3tiw,42,1,0.4481,0.221,17.3747,0.094,17.375,13.216,0.075,ptx,nomsa_notemplate
3tiw,42,2,0.4472,0.2213,16.6935,0.106,16.693,13.082,0.1,ptx,nomsa_notemplate
3tiw,42,3,0.4468,0.2154,18.8308,0.094,18.831,13.5,0.1,ptx,nomsa_notemplate
3tiw,42,4,0.4425,0.2176,29.9461,0.028,29.946,15.744,0.0,ptx,nomsa_notemplate
3tiw,43,0,0.4836,0.2536,13.6707,0.122,13.671,13.867,0.075,ptx,nomsa_notemplate
3tiw,43,1,0.4776,0.2405,31.3588,0.06,31.359,14.313,0.1,ptx,nomsa_notemplate
3tiw,43,2,0.4646,0.2383,34.3156,0.047,34.316,15.399,0.075,ptx,nomsa_notemplate
3tiw,43,3,0.4717,0.2281,5.0983,0.25,5.098,12.95,0.0,ptx,nomsa_notemplate
3tiw,43,4,0.4326,0.1729,24.625,0.039,24.625,15.279,0.0,ptx,nomsa_notemplate
3tiw,44,0,0.4718,0.246,27.5962,0.067,27.596,12.122,0.1,ptx,nomsa_notemplate
3tiw,44,1,0.4717,0.2432,14.3331,0.116,14.333,13.349,0.075,ptx,nomsa_notemplate
3tiw,44,2,0.4691,0.2417,30.9635,0.044,30.964,13.85,0.05,ptx,nomsa_notemplate
3tiw,44,3,0.453,0.2269,32.1003,0.076,32.1,14.07,0.15,ptx,nomsa_notemplate
3tiw,44,4,0.4529,0.2271,31.3006,0.051,31.301,16.238,0.075,ptx,nomsa_notemplate
3v2o,42,0,0.6291,0.7009,9.7043,0.233,9.704,4.733,0.175,ptx,nomsa_notemplate
3v2o,42,1,0.6231,0.6977,8.3488,0.272,8.349,4.362,0.2,ptx,nomsa_notemplate
3v2o,42,2,0.6279,0.698,9.9185,0.211,9.919,4.927,0.125,ptx,nomsa_notemplate
3v2o,42,3,0.6204,0.6935,10.2362,0.208,10.236,4.747,0.125,ptx,nomsa_notemplate
3v2o,42,4,0.6231,0.6921,11.0202,0.185,11.02,4.995,0.1,ptx,nomsa_notemplate
3v2o,43,0,0.6376,0.71,4.0793,0.567,4.079,2.359,0.6,ptx,nomsa_notemplate
3v2o,43,1,0.6204,0.6966,9.2018,0.221,9.202,4.466,0.1,ptx,nomsa_notemplate
3v2o,43,2,0.6192,0.6818,12.8939,0.124,12.894,5.544,0.0,ptx,nomsa_notemplate
3v2o,43,3,0.6153,0.6782,12.9218,0.132,12.922,5.559,0.025,ptx,nomsa_notemplate
3v2o,43,4,0.6048,0.6446,17.3559,0.08,17.356,6.685,0.0,ptx,nomsa_notemplate
3v2o,44,0,0.6258,0.7019,9.4905,0.221,9.49,4.705,0.125,ptx,nomsa_notemplate
3v2o,44,1,0.6272,0.6958,9.2271,0.226,9.227,4.627,0.125,ptx,nomsa_notemplate
3v2o,44,2,0.6215,0.6927,11.7472,0.147,11.747,5.351,0.025,ptx,nomsa_notemplate
3v2o,44,3,0.6224,0.6827,13.0035,0.122,13.004,5.659,0.0,ptx,nomsa_notemplate
3v2o,44,4,0.6186,0.6786,13.3615,0.117,13.362,5.742,0.0,ptx,nomsa_notemplate
3wgx,42,0,0.4111,0.2647,14.7827,0.089,14.783,11.076,0.0,ptx,nomsa_notemplate
3wgx,42,1,0.3811,0.2572,29.0514,0.031,29.051,12.119,0.0,ptx,nomsa_notemplate
3wgx,42,2,0.4014,0.2407,23.8688,0.062,23.869,12.03,0.059,ptx,nomsa_notemplate
3wgx,42,3,0.4029,0.2437,13.9488,0.117,13.949,10.454,0.059,ptx,nomsa_notemplate
3wgx,42,4,0.3779,0.2337,26.5465,0.035,26.547,12.818,0.0,ptx,nomsa_notemplate
3wgx,43,0,0.4107,0.2849,26.6758,0.035,26.676,13.059,0.0,ptx,nomsa_notemplate
3wgx,43,1,0.4419,0.2846,10.0759,0.244,10.076,9.95,0.294,ptx,nomsa_notemplate
3wgx,43,2,0.4424,0.2675,16.1199,0.148,16.12,10.073,0.206,ptx,nomsa_notemplate
3wgx,43,3,0.4339,0.2686,18.7993,0.074,18.799,9.641,0.029,ptx,nomsa_notemplate
3wgx,43,4,0.4077,0.2515,11.5901,0.152,11.59,10.83,0.088,ptx,nomsa_notemplate
3wgx,44,0,0.4146,0.2453,25.6751,0.038,25.675,12.369,0.0,ptx,nomsa_notemplate
3wgx,44,1,0.4495,0.246,11.343,0.337,11.343,7.858,0.618,ptx,nomsa_notemplate
3wgx,44,2,0.4153,0.2423,8.1838,0.241,8.184,9.163,0.176,ptx,nomsa_notemplate
3wgx,44,3,0.4032,0.2415,32.4968,0.025,32.497,13.894,0.0,ptx,nomsa_notemplate
3wgx,44,4,0.4187,0.2087,16.4542,0.096,16.454,11.02,0.059,ptx,nomsa_notemplate
3zrj,42,0,0.811,0.9055,21.4019,0.052,21.402,10.938,0.0,ptx,nomsa_notemplate
3zrj,42,1,0.8165,0.9039,24.6326,0.041,24.633,11.696,0.0,ptx,nomsa_notemplate
3zrj,42,2,0.8064,0.9021,17.641,0.069,17.641,10.86,0.0,ptx,nomsa_notemplate
3zrj,42,3,0.8105,0.9001,20.7712,0.053,20.771,11.626,0.0,ptx,nomsa_notemplate
3zrj,42,4,0.8122,0.8989,26.1075,0.038,26.107,10.887,0.0,ptx,nomsa_notemplate
3zrj,43,0,0.4327,0.2091,24.3585,0.04,24.359,13.528,0.0,ptx,nomsa_notemplate
3zrj,43,1,0.4433,0.2071,34.522,0.023,34.522,14.105,0.0,ptx,nomsa_notemplate
3zrj,43,2,0.4314,0.2022,27.6706,0.043,27.671,14.193,0.032,ptx,nomsa_notemplate
3zrj,43,3,0.4137,0.1988,25.2967,0.053,25.297,9.435,0.032,ptx,nomsa_notemplate
3zrj,43,4,0.4224,0.1899,12.8268,0.109,12.827,9.866,0.0,ptx,nomsa_notemplate
3zrj,44,0,0.4405,0.2179,21.6472,0.059,21.647,13.392,0.032,ptx,nomsa_notemplate
3zrj,44,1,0.4353,0.1974,21.3975,0.062,21.398,11.664,0.032,ptx,nomsa_notemplate
3zrj,44,2,0.4184,0.1974,22.4289,0.048,22.429,10.896,0.0,ptx,nomsa_notemplate
3zrj,44,3,0.4237,0.1937,23.9375,0.042,23.937,12.847,0.0,ptx,nomsa_notemplate
3zrj,44,4,0.4036,0.1787,22.0762,0.06,22.076,11.319,0.032,ptx,nomsa_notemplate
4a2a,42,0,0.2356,0.1927,35.2323,0.022,35.232,14.51,0.0,ptx,nomsa_notemplate
4a2a,42,1,0.2398,0.1907,30.4664,0.046,30.466,12.834,0.053,ptx,nomsa_notemplate
4a2a,42,2,0.2394,0.187,17.51,0.093,17.51,15.929,0.079,ptx,nomsa_notemplate
4a2a,42,3,0.2343,0.1793,24.4672,0.065,24.467,15.626,0.079,ptx,nomsa_notemplate
4a2a,42,4,0.2325,0.1722,42.9447,0.018,42.945,12.224,0.0,ptx,nomsa_notemplate
4a2a,43,0,0.2366,0.1856,31.1993,0.028,31.199,12.744,0.0,ptx,nomsa_notemplate
4a2a,43,1,0.2404,0.1844,23.7085,0.042,23.708,13.052,0.0,ptx,nomsa_notemplate
4a2a,43,2,0.2383,0.1828,32.4581,0.026,32.458,12.306,0.0,ptx,nomsa_notemplate
4a2a,43,3,0.2398,0.1772,34.2708,0.023,34.271,14.921,0.0,ptx,nomsa_notemplate
4a2a,43,4,0.2348,0.1699,40.6663,0.018,40.666,13.43,0.0,ptx,nomsa_notemplate
4a2a,44,0,0.2392,0.1874,33.3734,0.025,33.373,12.892,0.0,ptx,nomsa_notemplate
4a2a,44,1,0.2434,0.1844,29.0358,0.057,29.036,13.531,0.079,ptx,nomsa_notemplate
4a2a,44,2,0.2429,0.1741,32.0027,0.026,32.003,14.308,0.0,ptx,nomsa_notemplate
4a2a,44,3,0.2356,0.1712,47.4282,0.014,47.428,14.629,0.0,ptx,nomsa_notemplate
4a2a,44,4,0.2411,0.1701,40.312,0.017,40.312,15.34,0.0,ptx,nomsa_notemplate
4bt9,42,0,0.5199,0.6358,26.7688,0.097,26.769,5.909,0.138,ptx,nomsa_notemplate
4bt9,42,1,0.5172,0.6322,26.0252,0.095,26.025,6.502,0.138,ptx,nomsa_notemplate
4bt9,42,2,0.4962,0.6047,31.09,0.431,31.09,1.855,0.828,ptx,nomsa_notemplate
4bt9,42,3,0.5098,0.602,16.9459,0.144,16.946,4.654,0.138,ptx,nomsa_notemplate
4bt9,42,4,0.4866,0.5957,30.8266,0.166,30.827,3.143,0.241,ptx,nomsa_notemplate
4bt9,43,0,0.5499,0.6343,20.6212,0.064,20.621,6.807,0.0,ptx,nomsa_notemplate
4bt9,43,1,0.5194,0.6164,29.9165,0.11,29.916,4.991,0.172,ptx,nomsa_notemplate
4bt9,43,2,0.5173,0.6142,21.5859,0.114,21.586,5.454,0.138,ptx,nomsa_notemplate
4bt9,43,3,0.4885,0.586,33.6728,0.442,33.673,1.481,0.759,ptx,nomsa_notemplate
4bt9,43,4,0.4796,0.5854,32.5136,0.42,32.514,1.702,0.759,ptx,nomsa_notemplate
4bt9,44,0,0.5358,0.626,20.8774,0.116,20.877,5.569,0.138,ptx,nomsa_notemplate
4bt9,44,1,0.5224,0.6226,27.7188,0.133,27.719,3.698,0.172,ptx,nomsa_notemplate
4bt9,44,2,0.4944,0.6176,28.7022,0.043,28.702,6.747,0.0,ptx,nomsa_notemplate
4bt9,44,3,0.4873,0.5993,22.8645,0.1,22.864,7.412,0.138,ptx,nomsa_notemplate
4bt9,44,4,0.4901,0.5947,25.3457,0.095,25.346,6.862,0.138,ptx,nomsa_notemplate
4c5a,42,0,0.2413,0.2524,57.6759,0.009,57.676,20.217,0.0,ptx,nomsa_notemplate
4c5a,42,1,0.2444,0.2522,56.1206,0.009,56.121,19.302,0.0,ptx,nomsa_notemplate
4c5a,42,2,0.2387,0.2326,40.185,0.018,40.185,14.261,0.0,ptx,nomsa_notemplate
4c5a,42,3,0.2331,0.2101,34.3087,0.024,34.309,12.719,0.0,ptx,nomsa_notemplate
4c5a,42,4,0.2337,0.1885,41.2396,0.019,41.24,11.454,0.0,ptx,nomsa_notemplate
4c5a,43,0,0.3784,0.4501,23.1065,0.047,23.106,10.179,0.0,ptx,nomsa_notemplate
4c5a,43,1,0.3693,0.4423,26.1397,0.039,26.14,10.232,0.0,ptx,nomsa_notemplate
4c5a,43,2,0.3766,0.4373,24.6559,0.042,24.656,10.328,0.0,ptx,nomsa_notemplate
4c5a,43,3,0.3656,0.4392,24.6093,0.042,24.609,10.281,0.0,ptx,nomsa_notemplate
4c5a,43,4,0.3393,0.3795,28.4492,0.034,28.449,10.909,0.0,ptx,nomsa_notemplate
4c5a,44,0,0.3794,0.4552,21.2724,0.053,21.272,10.235,0.0,ptx,nomsa_notemplate
4c5a,44,1,0.367,0.4385,23.8879,0.044,23.888,10.318,0.0,ptx,nomsa_notemplate
4c5a,44,2,0.3627,0.4314,23.2737,0.046,23.274,10.295,0.0,ptx,nomsa_notemplate
4c5a,44,3,0.366,0.4293,25.8065,0.04,25.806,10.248,0.0,ptx,nomsa_notemplate
4c5a,44,4,0.3459,0.4149,27.0647,0.037,27.065,10.452,0.0,ptx,nomsa_notemplate
4dg3,42,0,0.2989,0.2468,28.4684,0.054,28.468,16.659,0.072,ptx,nomsa_notemplate
4dg3,42,1,0.3097,0.2461,29.1878,0.058,29.188,16.376,0.087,ptx,nomsa_notemplate
4dg3,42,2,0.3042,0.245,36.1583,0.044,36.158,17.573,0.072,ptx,nomsa_notemplate
4dg3,42,3,0.2989,0.2351,27.1947,0.047,27.195,15.509,0.043,ptx,nomsa_notemplate
4dg3,42,4,0.2853,0.21,8.9342,0.167,8.934,14.715,0.014,ptx,nomsa_notemplate
4dg3,43,0,0.3128,0.233,35.8779,0.039,35.878,18.142,0.058,ptx,nomsa_notemplate
4dg3,43,1,0.2986,0.2203,36.5159,0.029,36.516,18.119,0.029,ptx,nomsa_notemplate
4dg3,43,2,0.2931,0.2172,38.0687,0.028,38.069,16.841,0.029,ptx,nomsa_notemplate
4dg3,43,3,0.2947,0.2132,26.3925,0.059,26.392,14.576,0.072,ptx,nomsa_notemplate
4dg3,43,4,0.3164,0.198,26.2203,0.035,26.22,15.903,0.0,ptx,nomsa_notemplate
4dg3,44,0,0.3142,0.2568,27.1929,0.056,27.193,16.752,0.072,ptx,nomsa_notemplate
4dg3,44,1,0.3024,0.2564,25.6584,0.05,25.658,16.797,0.043,ptx,nomsa_notemplate
4dg3,44,2,0.3128,0.2538,30.2331,0.051,30.233,17.855,0.072,ptx,nomsa_notemplate
4dg3,44,3,0.2987,0.2424,29.5875,0.048,29.588,14.564,0.058,ptx,nomsa_notemplate
4dg3,44,4,0.2834,0.174,36.2283,0.02,36.228,18.171,0.0,ptx,nomsa_notemplate
4ep2,42,0,0.2639,0.1699,19.2962,0.062,19.296,15.809,0.014,ptx,nomsa_notemplate
4ep2,42,1,0.283,0.1606,15.7778,0.082,15.778,16.343,0.014,ptx,nomsa_notemplate
4ep2,42,2,0.2621,0.1591,23.1104,0.053,23.11,13.435,0.027,ptx,nomsa_notemplate
4ep2,42,3,0.2703,0.1544,24.1301,0.045,24.13,13.86,0.014,ptx,nomsa_notemplate
4ep2,42,4,0.2505,0.1429,15.5684,0.1,15.568,11.971,0.054,ptx,nomsa_notemplate
4ep2,43,0,0.2788,0.1744,6.0843,0.258,6.084,10.925,0.095,ptx,nomsa_notemplate
4ep2,43,1,0.2839,0.1661,9.3506,0.183,9.351,12.212,0.081,ptx,nomsa_notemplate
4ep2,43,2,0.2615,0.1638,26.6191,0.044,26.619,14.219,0.027,ptx,nomsa_notemplate
4ep2,43,3,0.2573,0.1517,19.7434,0.083,19.743,14.326,0.081,ptx,nomsa_notemplate
4ep2,43,4,0.258,0.1458,20.5341,0.057,20.534,14.384,0.014,ptx,nomsa_notemplate
4ep2,44,0,0.2675,0.1586,18.3104,0.109,18.31,12.382,0.135,ptx,nomsa_notemplate
4ep2,44,1,0.2525,0.1554,21.7897,0.048,21.79,13.596,0.0,ptx,nomsa_notemplate
4ep2,44,2,0.2643,0.1521,25.6993,0.049,25.699,16.985,0.041,ptx,nomsa_notemplate
4ep2,44,3,0.2555,0.1447,21.8055,0.06,21.805,16.067,0.041,ptx,nomsa_notemplate
4ep2,44,4,0.2708,0.1412,9.5855,0.169,9.585,13.042,0.054,ptx,nomsa_notemplate
4fii,42,0,0.2461,0.191,30.3054,0.028,30.305,14.575,0.0,ptx,nomsa_notemplate
4fii,42,1,0.25,0.1842,22.4121,0.047,22.412,12.625,0.0,ptx,nomsa_notemplate
4fii,42,2,0.2476,0.1797,30.0644,0.036,30.064,17.336,0.026,ptx,nomsa_notemplate
4fii,42,3,0.2538,0.1767,31.8511,0.026,31.851,13.984,0.0,ptx,nomsa_notemplate
4fii,42,4,0.2504,0.171,22.3305,0.055,22.331,13.297,0.026,ptx,nomsa_notemplate
4fii,43,0,0.2504,0.2394,32.1799,0.025,32.18,14.389,0.0,ptx,nomsa_notemplate
4fii,43,1,0.2569,0.2311,23.1217,0.069,23.122,14.927,0.079,ptx,nomsa_notemplate
4fii,43,2,0.2592,0.2169,30.0768,0.029,30.077,13.477,0.0,ptx,nomsa_notemplate
4fii,43,3,0.2529,0.2001,26.6463,0.052,26.646,14.306,0.053,ptx,nomsa_notemplate
4fii,43,4,0.2475,0.1928,31.7244,0.044,31.724,13.603,0.053,ptx,nomsa_notemplate
4fii,44,0,0.25,0.1915,30.6701,0.026,30.67,16.722,0.0,ptx,nomsa_notemplate
4fii,44,1,0.2402,0.1848,29.6366,0.029,29.637,14.7,0.0,ptx,nomsa_notemplate
4fii,44,2,0.2478,0.1793,26.265,0.034,26.265,16.385,0.0,ptx,nomsa_notemplate
4fii,44,3,0.2421,0.1776,17.5368,0.066,17.537,15.645,0.0,ptx,nomsa_notemplate
4fii,44,4,0.249,0.1726,25.8295,0.053,25.829,16.389,0.053,ptx,nomsa_notemplate
4gq6,42,0,0.27,0.3267,16.6496,0.082,16.65,10.247,0.018,ptx,nomsa_notemplate
4gq6,42,1,0.2665,0.3107,10.9892,0.15,10.989,10.246,0.054,ptx,nomsa_notemplate
4gq6,42,2,0.2554,0.3035,16.9985,0.1,16.998,15.013,0.089,ptx,nomsa_notemplate
4gq6,42,3,0.2511,0.2706,15.1436,0.089,15.144,14.34,0.018,ptx,nomsa_notemplate
4gq6,42,4,0.2335,0.1948,34.8662,0.021,34.866,17.187,0.0,ptx,nomsa_notemplate
4gq6,43,0,0.2736,0.3007,16.2712,0.086,16.271,16.12,0.036,ptx,nomsa_notemplate
4gq6,43,1,0.2727,0.2978,17.162,0.094,17.162,13.211,0.071,ptx,nomsa_notemplate
4gq6,43,2,0.2557,0.2716,13.7757,0.121,13.776,12.02,0.071,ptx,nomsa_notemplate
4gq6,43,3,0.258,0.2636,22.1978,0.071,22.198,12.985,0.071,ptx,nomsa_notemplate
4gq6,43,4,0.2506,0.2464,21.256,0.056,21.256,13.762,0.018,ptx,nomsa_notemplate
4gq6,44,0,0.2693,0.3252,13.3757,0.112,13.376,14.045,0.036,ptx,nomsa_notemplate
4gq6,44,1,0.2681,0.317,14.8974,0.086,14.897,13.68,0.0,ptx,nomsa_notemplate
4gq6,44,2,0.2555,0.3011,14.4554,0.125,14.455,14.691,0.107,ptx,nomsa_notemplate
4gq6,44,3,0.2628,0.2983,20.8828,0.051,20.883,14.205,0.0,ptx,nomsa_notemplate
4gq6,44,4,0.2433,0.241,26.041,0.041,26.041,15.118,0.018,ptx,nomsa_notemplate
4hdq,42,0,0.2489,0.2139,22.7172,0.044,22.717,14.837,0.0,ptx,nomsa_notemplate
4hdq,42,1,0.2408,0.2118,15.0148,0.084,15.015,15.401,0.0,ptx,nomsa_notemplate
4hdq,42,2,0.2467,0.2107,12.4457,0.109,12.446,16.499,0.0,ptx,nomsa_notemplate
4hdq,42,3,0.2386,0.2021,29.4901,0.029,29.49,14.294,0.0,ptx,nomsa_notemplate
4hdq,42,4,0.236,0.1762,34.5316,0.044,34.532,16.248,0.067,ptx,nomsa_notemplate
4hdq,43,0,0.2456,0.2173,25.8595,0.036,25.859,14.924,0.0,ptx,nomsa_notemplate
4hdq,43,1,0.2479,0.2145,21.7202,0.059,21.72,14.702,0.033,ptx,nomsa_notemplate
4hdq,43,2,0.234,0.2068,26.1953,0.046,26.195,14.399,0.033,ptx,nomsa_notemplate
4hdq,43,3,0.2492,0.2076,22.5994,0.045,22.599,14.142,0.0,ptx,nomsa_notemplate
4hdq,43,4,0.2404,0.2035,16.703,0.105,16.703,15.512,0.1,ptx,nomsa_notemplate
4hdq,44,0,0.2499,0.2192,24.438,0.051,24.438,14.695,0.033,ptx,nomsa_notemplate
4hdq,44,1,0.2407,0.214,19.9588,0.066,19.959,13.754,0.033,ptx,nomsa_notemplate
4hdq,44,2,0.2416,0.2104,12.6696,0.184,12.67,16.14,0.233,ptx,nomsa_notemplate
4hdq,44,3,0.2341,0.2083,25.4407,0.037,25.441,15.653,0.0,ptx,nomsa_notemplate
4hdq,44,4,0.2347,0.1975,15.2958,0.104,15.296,15.938,0.067,ptx,nomsa_notemplate
4hom,42,0,0.2745,0.4474,27.3134,0.031,27.313,20.648,0.0,ptx,nomsa_notemplate
4hom,42,1,0.3007,0.4388,30.1491,0.026,30.149,21.723,0.0,ptx,nomsa_notemplate
4hom,42,2,0.2737,0.4216,28.3883,0.029,28.388,19.305,0.0,ptx,nomsa_notemplate
4hom,42,3,0.2727,0.4095,27.2749,0.032,27.275,18.774,0.0,ptx,nomsa_notemplate
4hom,42,4,0.2509,0.3688,23.5546,0.041,23.555,16.574,0.0,ptx,nomsa_notemplate
4hom,43,0,0.3747,0.5373,38.8101,0.017,38.81,21.115,0.0,ptx,nomsa_notemplate
4hom,43,1,0.3455,0.5231,18.9676,0.058,18.968,17.867,0.0,ptx,nomsa_notemplate
4hom,43,2,0.3569,0.5118,26.4618,0.033,26.462,22.995,0.0,ptx,nomsa_notemplate
4hom,43,3,0.2725,0.4058,20.6132,0.051,20.613,15.727,0.0,ptx,nomsa_notemplate
4hom,43,4,0.2748,0.3105,32.7518,0.023,32.752,20.796,0.0,ptx,nomsa_notemplate
4hom,44,0,0.2812,0.422,21.1124,0.049,21.112,19.039,0.0,ptx,nomsa_notemplate
4hom,44,1,0.2939,0.4015,32.4737,0.023,32.474,22.486,0.0,ptx,nomsa_notemplate
4hom,44,2,0.2865,0.3983,31.6604,0.025,31.66,18.068,0.0,ptx,nomsa_notemplate
4hom,44,3,0.2576,0.3568,21.9541,0.046,21.954,16.744,0.0,ptx,nomsa_notemplate
4hom,44,4,0.2629,0.3435,23.7149,0.052,23.715,19.402,0.037,ptx,nomsa_notemplate
4iga,42,0,0.7701,0.7249,2.0677,0.655,2.068,1.606,0.556,ptx,nomsa_notemplate
4iga,42,1,0.7687,0.7243,2.7484,0.58,2.748,1.873,0.444,ptx,nomsa_notemplate
4iga,42,2,0.7698,0.7234,1.8691,0.66,1.869,1.594,0.556,ptx,nomsa_notemplate
4iga,42,3,0.7687,0.7223,1.8269,0.638,1.827,1.627,0.5,ptx,nomsa_notemplate
4iga,42,4,0.7652,0.72,4.2874,0.475,4.287,2.489,0.361,ptx,nomsa_notemplate
4iga,43,0,0.749,0.6976,4.0812,0.513,4.081,2.234,0.417,ptx,nomsa_notemplate
4iga,43,1,0.7486,0.696,3.4365,0.553,3.436,2.028,0.444,ptx,nomsa_notemplate
4iga,43,2,0.7472,0.6953,4.0644,0.486,4.064,2.386,0.361,ptx,nomsa_notemplate
4iga,43,3,0.7464,0.695,3.3872,0.529,3.387,2.109,0.389,ptx,nomsa_notemplate
4iga,43,4,0.7486,0.695,14.4011,0.126,14.401,7.843,0.083,ptx,nomsa_notemplate
4iga,44,0,0.7572,0.7151,3.6201,0.532,3.62,2.121,0.417,ptx,nomsa_notemplate
4iga,44,1,0.758,0.714,3.2495,0.547,3.249,2.037,0.417,ptx,nomsa_notemplate
4iga,44,2,0.7572,0.712,4.841,0.447,4.841,2.581,0.333,ptx,nomsa_notemplate
4iga,44,3,0.758,0.7109,4.5141,0.459,4.514,2.502,0.333,ptx,nomsa_notemplate
4iga,44,4,0.7578,0.7087,3.7786,0.516,3.779,2.161,0.389,ptx,nomsa_notemplate
4j2c,42,0,0.9287,0.951,0.686,0.899,0.686,0.84,0.943,ptx,nomsa_notemplate
4j2c,42,1,0.9285,0.9505,0.6618,0.933,0.662,0.667,0.971,ptx,nomsa_notemplate
4j2c,42,2,0.9285,0.9504,0.7239,0.918,0.724,0.777,0.971,ptx,nomsa_notemplate
4j2c,42,3,0.9285,0.9504,0.9341,0.888,0.934,0.972,0.971,ptx,nomsa_notemplate
4j2c,42,4,0.9283,0.9503,0.8635,0.89,0.863,0.894,0.943,ptx,nomsa_notemplate
4j2c,43,0,0.9364,0.9553,0.5056,0.93,0.506,0.701,0.971,ptx,nomsa_notemplate
4j2c,43,1,0.9364,0.9551,0.75,0.933,0.75,0.735,1.0,ptx,nomsa_notemplate
4j2c,43,2,0.9364,0.9551,0.8047,0.905,0.805,0.86,0.971,ptx,nomsa_notemplate
4j2c,43,3,0.9363,0.955,0.6923,0.928,0.692,0.771,1.0,ptx,nomsa_notemplate
4j2c,43,4,0.9364,0.955,0.7791,0.908,0.779,0.842,0.971,ptx,nomsa_notemplate
4j2c,44,0,0.9304,0.9519,0.9135,0.913,0.914,0.798,0.971,ptx,nomsa_notemplate
4j2c,44,1,0.9305,0.9519,0.8227,0.916,0.823,0.783,0.971,ptx,nomsa_notemplate
4j2c,44,2,0.9303,0.9518,0.9437,0.878,0.944,0.976,0.943,ptx,nomsa_notemplate
4j2c,44,3,0.9303,0.9518,0.7828,0.936,0.783,0.646,0.971,ptx,nomsa_notemplate
4j2c,44,4,0.9302,0.9517,0.8727,0.899,0.873,0.9,0.971,ptx,nomsa_notemplate
4j8b,42,0,0.4234,0.5618,27.1896,0.042,27.19,7.539,0.0,ptx,nomsa_notemplate
4j8b,42,1,0.4222,0.5604,27.267,0.042,27.267,7.566,0.0,ptx,nomsa_notemplate
4j8b,42,2,0.4239,0.5597,27.846,0.041,27.846,7.706,0.0,ptx,nomsa_notemplate
4j8b,42,3,0.4053,0.5444,29.897,0.035,29.897,8.31,0.0,ptx,nomsa_notemplate
4j8b,42,4,0.4208,0.5409,39.1757,0.021,39.176,11.12,0.0,ptx,nomsa_notemplate
4j8b,43,0,0.4493,0.6081,27.3951,0.042,27.395,7.598,0.0,ptx,nomsa_notemplate
4j8b,43,1,0.4464,0.6025,27.4511,0.042,27.451,7.606,0.0,ptx,nomsa_notemplate
4j8b,43,2,0.3782,0.4688,34.895,0.026,34.895,9.791,0.0,ptx,nomsa_notemplate
4j8b,43,3,0.3794,0.4631,34.2877,0.027,34.288,9.564,0.0,ptx,nomsa_notemplate
4j8b,43,4,0.3786,0.4602,35.5623,0.025,35.562,9.97,0.0,ptx,nomsa_notemplate
4j8b,44,0,0.3968,0.5612,28.0092,0.04,28.009,7.734,0.0,ptx,nomsa_notemplate
4j8b,44,1,0.4054,0.5611,27.0929,0.043,27.093,7.492,0.0,ptx,nomsa_notemplate
4j8b,44,2,0.37,0.5156,32.3472,0.03,32.347,9.286,0.0,ptx,nomsa_notemplate
4j8b,44,3,0.3843,0.4999,30.6422,0.034,30.642,8.458,0.0,ptx,nomsa_notemplate
4j8b,44,4,0.3947,0.4791,34.934,0.026,34.934,9.771,0.0,ptx,nomsa_notemplate
4leb,42,0,0.4049,0.3675,29.1905,0.029,29.191,16.126,0.0,ptx,nomsa_notemplate
4leb,42,1,0.3953,0.3571,15.1939,0.082,15.194,17.638,0.0,ptx,nomsa_notemplate
4leb,42,2,0.411,0.358,29.0113,0.03,29.011,14.88,0.0,ptx,nomsa_notemplate
4leb,42,3,0.3999,0.3495,29.3181,0.031,29.318,12.354,0.0,ptx,nomsa_notemplate
4leb,42,4,0.3353,0.311,15.3288,0.081,15.329,17.11,0.0,ptx,nomsa_notemplate
4leb,43,0,0.381,0.3391,23.219,0.043,23.219,14.423,0.0,ptx,nomsa_notemplate
4leb,43,1,0.3752,0.3302,16.5558,0.073,16.556,15.511,0.0,ptx,nomsa_notemplate
4leb,43,2,0.3792,0.3312,23.6237,0.042,23.624,13.42,0.0,ptx,nomsa_notemplate
4leb,43,3,0.3571,0.3175,17.8991,0.065,17.899,15.273,0.0,ptx,nomsa_notemplate
4leb,43,4,0.3529,0.3143,13.1594,0.101,13.159,15.358,0.0,ptx,nomsa_notemplate
4leb,44,0,0.3434,0.3027,31.315,0.026,31.315,14.565,0.0,ptx,nomsa_notemplate
4leb,44,1,0.2737,0.262,24.3082,0.089,24.308,14.243,0.147,ptx,nomsa_notemplate
4leb,44,2,0.2748,0.2625,20.2123,0.132,20.212,14.614,0.235,ptx,nomsa_notemplate
4leb,44,3,0.2542,0.2393,32.9838,0.024,32.984,14.413,0.0,ptx,nomsa_notemplate
4leb,44,4,0.2578,0.1852,25.2394,0.038,25.239,13.114,0.0,ptx,nomsa_notemplate
4lk9,42,0,0.4613,0.3057,27.281,0.149,27.281,13.446,0.347,ptx,nomsa_notemplate
4lk9,42,1,0.4072,0.2854,12.2335,0.195,12.234,7.941,0.224,ptx,nomsa_notemplate
4lk9,42,2,0.3705,0.2669,20.4498,0.055,20.45,11.413,0.0,ptx,nomsa_notemplate
4lk9,42,3,0.3814,0.2515,21.9986,0.074,21.999,13.898,0.082,ptx,nomsa_notemplate
4lk9,42,4,0.3696,0.239,14.8935,0.109,14.893,10.197,0.061,ptx,nomsa_notemplate
4lk9,43,0,0.4693,0.3172,20.3056,0.135,20.306,15.037,0.245,ptx,nomsa_notemplate
4lk9,43,1,0.4442,0.3004,23.0881,0.125,23.088,15.171,0.245,ptx,nomsa_notemplate
4lk9,43,2,0.4414,0.289,10.8071,0.245,10.807,9.018,0.327,ptx,nomsa_notemplate
4lk9,43,3,0.4527,0.2869,30.5643,0.061,30.564,14.564,0.102,ptx,nomsa_notemplate
4lk9,43,4,0.3735,0.224,17.7014,0.073,17.701,13.497,0.02,ptx,nomsa_notemplate
4lk9,44,0,0.4844,0.3434,22.9635,0.113,22.963,12.317,0.204,ptx,nomsa_notemplate
4lk9,44,1,0.4717,0.3146,19.5848,0.139,19.585,12.188,0.245,ptx,nomsa_notemplate
4lk9,44,2,0.4655,0.3002,16.2596,0.151,16.26,12.146,0.224,ptx,nomsa_notemplate
4lk9,44,3,0.404,0.2805,12.5844,0.19,12.584,8.127,0.224,ptx,nomsa_notemplate
4lk9,44,4,0.4401,0.2789,12.9521,0.191,12.952,9.028,0.245,ptx,nomsa_notemplate
4lzf,42,0,0.6114,0.6477,8.2853,0.393,8.285,3.546,0.515,ptx,nomsa_notemplate
4lzf,42,1,0.6083,0.6467,9.8915,0.349,9.892,3.769,0.485,ptx,nomsa_notemplate
4lzf,42,2,0.609,0.643,8.2465,0.429,8.246,3.366,0.606,ptx,nomsa_notemplate
4lzf,42,3,0.6072,0.643,8.6164,0.375,8.616,3.595,0.485,ptx,nomsa_notemplate
4lzf,42,4,0.6087,0.6408,8.2753,0.385,8.275,3.463,0.485,ptx,nomsa_notemplate
4lzf,43,0,0.6106,0.6467,7.9245,0.406,7.924,3.353,0.515,ptx,nomsa_notemplate
4lzf,43,1,0.6092,0.646,8.5413,0.4,8.541,3.476,0.545,ptx,nomsa_notemplate
4lzf,43,2,0.6044,0.6429,8.8532,0.405,8.853,3.426,0.576,ptx,nomsa_notemplate
4lzf,43,3,0.6121,0.6356,3.7494,0.642,3.749,1.553,0.606,ptx,nomsa_notemplate
4lzf,43,4,0.6014,0.6105,12.3704,0.209,12.37,4.643,0.212,ptx,nomsa_notemplate
4lzf,44,0,0.6095,0.6424,8.4599,0.4,8.46,3.531,0.545,ptx,nomsa_notemplate
4lzf,44,1,0.6064,0.6392,8.2895,0.402,8.289,3.208,0.515,ptx,nomsa_notemplate
4lzf,44,2,0.6088,0.624,10.2672,0.241,10.267,3.787,0.182,ptx,nomsa_notemplate
4lzf,44,3,0.6119,0.6216,10.119,0.221,10.119,3.915,0.121,ptx,nomsa_notemplate
4lzf,44,4,0.609,0.6169,9.2184,0.264,9.218,3.548,0.182,ptx,nomsa_notemplate
4m5s,42,0,0.9189,0.9381,18.1131,0.105,18.113,7.585,0.098,ptx,nomsa_notemplate
4m5s,42,1,0.9188,0.9381,18.0533,0.106,18.053,7.541,0.098,ptx,nomsa_notemplate
4m5s,42,2,0.9189,0.9382,18.1264,0.105,18.126,7.586,0.098,ptx,nomsa_notemplate
4m5s,42,3,0.9187,0.938,18.1219,0.105,18.122,7.566,0.098,ptx,nomsa_notemplate
4m5s,42,4,0.9189,0.9379,18.1198,0.105,18.12,7.567,0.098,ptx,nomsa_notemplate
4m5s,43,0,0.9177,0.9324,1.3616,0.926,1.362,0.684,0.976,ptx,nomsa_notemplate
4m5s,43,1,0.9178,0.9323,1.5159,0.906,1.516,0.758,0.951,ptx,nomsa_notemplate
4m5s,43,2,0.9177,0.9323,1.3451,0.919,1.345,0.679,0.951,ptx,nomsa_notemplate
4m5s,43,3,0.9176,0.9322,1.3375,0.912,1.337,0.731,0.951,ptx,nomsa_notemplate
4m5s,43,4,0.9178,0.932,1.2492,0.915,1.249,0.66,0.927,ptx,nomsa_notemplate
4m5s,44,0,0.9188,0.9333,1.4178,0.909,1.418,0.745,0.951,ptx,nomsa_notemplate
4m5s,44,1,0.9189,0.9334,1.3483,0.91,1.348,0.745,0.951,ptx,nomsa_notemplate
4m5s,44,2,0.9186,0.933,1.2038,0.929,1.204,0.674,0.976,ptx,nomsa_notemplate
4m5s,44,3,0.9187,0.9329,1.5896,0.884,1.59,0.73,0.878,ptx,nomsa_notemplate
4m5s,44,4,0.9185,0.9324,1.6719,0.924,1.672,0.61,0.951,ptx,nomsa_notemplate
4m91,42,0,0.4421,0.4777,10.9693,0.235,10.969,10.131,0.308,ptx,nomsa_notemplate
4m91,42,1,0.4409,0.477,11.3512,0.229,11.351,10.224,0.308,ptx,nomsa_notemplate
4m91,42,2,0.4477,0.4742,10.5328,0.227,10.533,10.891,0.269,ptx,nomsa_notemplate
4m91,42,3,0.4437,0.4675,11.0748,0.208,11.075,9.664,0.231,ptx,nomsa_notemplate
4m91,42,4,0.4372,0.4667,11.1037,0.218,11.104,11.902,0.269,ptx,nomsa_notemplate
4m91,43,0,0.4782,0.5502,13.1015,0.18,13.102,12.424,0.231,ptx,nomsa_notemplate
4m91,43,1,0.4752,0.5405,15.5344,0.147,15.534,11.31,0.192,ptx,nomsa_notemplate
4m91,43,2,0.4713,0.536,9.7288,0.252,9.729,11.791,0.308,ptx,nomsa_notemplate
4m91,43,3,0.4711,0.5329,10.5675,0.227,10.567,10.387,0.269,ptx,nomsa_notemplate
4m91,43,4,0.4517,0.5164,13.1118,0.211,13.112,8.836,0.308,ptx,nomsa_notemplate
4m91,44,0,0.4623,0.4967,10.5293,0.241,10.529,10.33,0.308,ptx,nomsa_notemplate
4m91,44,1,0.4587,0.492,10.7611,0.237,10.761,10.478,0.308,ptx,nomsa_notemplate
4m91,44,2,0.4598,0.4895,8.0296,0.259,8.03,11.042,0.231,ptx,nomsa_notemplate
4m91,44,3,0.4569,0.4827,10.2981,0.218,10.298,10.692,0.231,ptx,nomsa_notemplate
4m91,44,4,0.4642,0.4802,11.1961,0.218,11.196,10.465,0.269,ptx,nomsa_notemplate
4mvi,42,0,0.3199,0.2048,16.8789,0.094,16.879,12.9,0.066,ptx,nomsa_notemplate
4mvi,42,1,0.3092,0.202,23.4061,0.047,23.406,16.149,0.016,ptx,nomsa_notemplate
4mvi,42,2,0.2967,0.1912,14.7023,0.108,14.702,15.677,0.066,ptx,nomsa_notemplate
4mvi,42,3,0.3007,0.1875,16.4112,0.101,16.411,16.199,0.082,ptx,nomsa_notemplate
4mvi,42,4,0.3035,0.1818,13.3527,0.111,13.353,14.466,0.033,ptx,nomsa_notemplate
4mvi,43,0,0.3313,0.2356,19.0986,0.08,19.099,14.721,0.066,ptx,nomsa_notemplate
4mvi,43,1,0.3273,0.2272,15.555,0.103,15.555,13.6,0.066,ptx,nomsa_notemplate
4mvi,43,2,0.3219,0.2245,20.3688,0.075,20.369,13.547,0.066,ptx,nomsa_notemplate
4mvi,43,3,0.2921,0.194,20.3035,0.053,20.304,15.754,0.0,ptx,nomsa_notemplate
4mvi,43,4,0.3022,0.1955,16.6038,0.084,16.604,14.811,0.033,ptx,nomsa_notemplate
4mvi,44,0,0.3108,0.1931,20.6411,0.063,20.641,14.965,0.033,ptx,nomsa_notemplate
4mvi,44,1,0.3031,0.1786,17.2804,0.069,17.28,14.366,0.0,ptx,nomsa_notemplate
4mvi,44,2,0.3089,0.1817,21.3482,0.066,21.348,13.759,0.049,ptx,nomsa_notemplate
4mvi,44,3,0.3059,0.177,17.7341,0.098,17.734,15.033,0.098,ptx,nomsa_notemplate
4mvi,44,4,0.305,0.1838,20.6969,0.051,20.697,14.795,0.0,ptx,nomsa_notemplate
4nuu,42,0,0.3551,0.282,27.8895,0.032,27.89,13.477,0.0,ptx,nomsa_notemplate
4nuu,42,1,0.3629,0.2692,18.0455,0.066,18.046,11.984,0.0,ptx,nomsa_notemplate
4nuu,42,2,0.3467,0.2674,23.5578,0.062,23.558,10.834,0.053,ptx,nomsa_notemplate
4nuu,42,3,0.3188,0.252,38.3088,0.02,38.309,13.81,0.0,ptx,nomsa_notemplate
4nuu,42,4,0.3366,0.2168,23.1797,0.044,23.18,13.325,0.0,ptx,nomsa_notemplate
4nuu,43,0,0.3438,0.2648,33.3017,0.045,33.302,10.458,0.053,ptx,nomsa_notemplate
4nuu,43,1,0.3419,0.2514,18.0578,0.066,18.058,11.985,0.0,ptx,nomsa_notemplate
4nuu,43,2,0.3315,0.251,34.0554,0.023,34.055,14.62,0.0,ptx,nomsa_notemplate
4nuu,43,3,0.3515,0.1988,17.1365,0.07,17.136,13.097,0.0,ptx,nomsa_notemplate
4nuu,43,4,0.3288,0.1703,47.601,0.013,47.601,16.342,0.0,ptx,nomsa_notemplate
4nuu,44,0,0.3289,0.2376,17.3457,0.071,17.346,11.069,0.0,ptx,nomsa_notemplate
4nuu,44,1,0.3354,0.2339,38.6153,0.028,38.615,13.144,0.026,ptx,nomsa_notemplate
4nuu,44,2,0.3334,0.2135,39.4727,0.019,39.473,13.258,0.0,ptx,nomsa_notemplate
4nuu,44,3,0.3259,0.2098,37.9244,0.019,37.924,16.773,0.0,ptx,nomsa_notemplate
4nuu,44,4,0.3367,0.2073,30.9656,0.027,30.966,14.484,0.0,ptx,nomsa_notemplate
4nxr,42,0,0.5928,0.5114,23.1014,0.086,23.101,7.608,0.103,ptx,nomsa_notemplate
4nxr,42,1,0.5887,0.5065,23.5176,0.086,23.518,7.477,0.103,ptx,nomsa_notemplate
4nxr,42,2,0.589,0.5056,23.4325,0.085,23.433,7.829,0.103,ptx,nomsa_notemplate
4nxr,42,3,0.5826,0.4999,23.5962,0.085,23.596,7.636,0.103,ptx,nomsa_notemplate
4nxr,42,4,0.5799,0.4972,24.1158,0.075,24.116,7.582,0.077,ptx,nomsa_notemplate
4nxr,43,0,0.5811,0.477,23.3363,0.086,23.336,7.612,0.103,ptx,nomsa_notemplate
4nxr,43,1,0.5784,0.4768,23.4885,0.069,23.488,7.405,0.051,ptx,nomsa_notemplate
4nxr,43,2,0.578,0.4756,23.7881,0.083,23.788,7.972,0.103,ptx,nomsa_notemplate
4nxr,43,3,0.5737,0.4724,23.8139,0.067,23.814,7.565,0.051,ptx,nomsa_notemplate
4nxr,43,4,0.5775,0.4721,23.4384,0.077,23.438,7.654,0.077,ptx,nomsa_notemplate
4nxr,44,0,0.5971,0.5175,23.0807,0.087,23.081,7.377,0.103,ptx,nomsa_notemplate
4nxr,44,1,0.5946,0.5145,23.3192,0.086,23.319,7.449,0.103,ptx,nomsa_notemplate
4nxr,44,2,0.5936,0.5094,23.8208,0.067,23.821,7.629,0.051,ptx,nomsa_notemplate
4nxr,44,3,0.5856,0.5049,23.7655,0.076,23.765,7.603,0.077,ptx,nomsa_notemplate
4nxr,44,4,0.5777,0.4985,24.8254,0.055,24.825,7.776,0.026,ptx,nomsa_notemplate
4ny3,42,0,0.2683,0.2638,36.9417,0.022,36.942,12.428,0.0,ptx,nomsa_notemplate
4ny3,42,1,0.2676,0.2528,39.4168,0.018,39.417,15.035,0.0,ptx,nomsa_notemplate
4ny3,42,2,0.2567,0.2303,31.6796,0.026,31.68,14.207,0.0,ptx,nomsa_notemplate
4ny3,42,3,0.2563,0.2147,30.7682,0.029,30.768,11.973,0.0,ptx,nomsa_notemplate
4ny3,42,4,0.2483,0.1967,13.0331,0.105,13.033,11.685,0.0,ptx,nomsa_notemplate
4ny3,43,0,0.2716,0.2524,31.6769,0.027,31.677,12.071,0.0,ptx,nomsa_notemplate
4ny3,43,1,0.2617,0.2526,35.9617,0.022,35.962,12.649,0.0,ptx,nomsa_notemplate
4ny3,43,2,0.2631,0.2455,39.9326,0.018,39.933,13.844,0.0,ptx,nomsa_notemplate
4ny3,43,3,0.2532,0.209,36.3485,0.021,36.348,14.437,0.0,ptx,nomsa_notemplate
4ny3,43,4,0.2492,0.1877,12.1811,0.114,12.181,13.009,0.0,ptx,nomsa_notemplate
4ny3,44,0,0.2458,0.2001,14.9297,0.107,14.93,10.071,0.056,ptx,nomsa_notemplate
4ny3,44,1,0.2455,0.1951,12.0254,0.134,12.025,12.277,0.056,ptx,nomsa_notemplate
4ny3,44,2,0.2454,0.1923,24.0768,0.043,24.077,10.96,0.0,ptx,nomsa_notemplate
4ny3,44,3,0.2412,0.1863,12.8324,0.126,12.832,11.402,0.056,ptx,nomsa_notemplate
4ny3,44,4,0.2457,0.1665,9.8805,0.203,9.881,11.677,0.167,ptx,nomsa_notemplate
4odk,42,0,0.6753,0.8358,20.7249,0.168,20.725,3.789,0.226,ptx,nomsa_notemplate
4odk,42,1,0.67,0.8323,18.507,0.175,18.507,3.946,0.226,ptx,nomsa_notemplate
4odk,42,2,0.6709,0.8324,18.5393,0.174,18.539,4.033,0.226,ptx,nomsa_notemplate
4odk,42,3,0.6709,0.83,20.8118,0.167,20.812,3.845,0.226,ptx,nomsa_notemplate
4odk,42,4,0.6651,0.8275,19.6924,0.168,19.692,3.507,0.194,ptx,nomsa_notemplate
4odk,43,0,0.6863,0.8467,21.148,0.167,21.148,3.783,0.226,ptx,nomsa_notemplate
4odk,43,1,0.6856,0.8457,20.7626,0.168,20.763,3.783,0.226,ptx,nomsa_notemplate
4odk,43,2,0.6794,0.8412,20.7863,0.156,20.786,3.837,0.194,ptx,nomsa_notemplate
4odk,43,3,0.6732,0.8375,20.2689,0.167,20.269,3.457,0.194,ptx,nomsa_notemplate
4odk,43,4,0.674,0.8376,20.129,0.166,20.129,3.508,0.194,ptx,nomsa_notemplate
4odk,44,0,0.685,0.8406,20.4719,0.168,20.472,3.869,0.226,ptx,nomsa_notemplate
4odk,44,1,0.6849,0.8398,20.6356,0.169,20.636,3.769,0.226,ptx,nomsa_notemplate
4odk,44,2,0.68,0.8379,20.5039,0.169,20.504,3.796,0.226,ptx,nomsa_notemplate
4odk,44,3,0.6799,0.8372,20.8219,0.156,20.822,3.855,0.194,ptx,nomsa_notemplate
4odk,44,4,0.6688,0.8276,15.944,0.457,15.944,1.589,0.677,ptx,nomsa_notemplate
4ouc,42,0,0.254,0.1845,25.5652,0.036,25.565,15.544,0.0,ptx,nomsa_notemplate
4ouc,42,1,0.2523,0.1758,28.8572,0.03,28.857,15.368,0.0,ptx,nomsa_notemplate
4ouc,42,2,0.2439,0.1755,27.7022,0.041,27.702,16.531,0.029,ptx,nomsa_notemplate
4ouc,42,3,0.2472,0.1609,29.5949,0.028,29.595,17.066,0.0,ptx,nomsa_notemplate
4ouc,42,4,0.2529,0.1562,38.9919,0.027,38.992,18.576,0.029,ptx,nomsa_notemplate
4ouc,43,0,0.2518,0.1767,36.2164,0.02,36.216,16.652,0.0,ptx,nomsa_notemplate
4ouc,43,1,0.2505,0.1748,23.5974,0.07,23.597,14.413,0.086,ptx,nomsa_notemplate
4ouc,43,2,0.2494,0.1659,17.934,0.111,17.934,17.455,0.143,ptx,nomsa_notemplate
4ouc,43,3,0.2532,0.1627,39.4739,0.017,39.474,17.841,0.0,ptx,nomsa_notemplate
4ouc,43,4,0.2485,0.1593,36.9377,0.038,36.938,17.369,0.057,ptx,nomsa_notemplate
4ouc,44,0,0.2607,0.2008,29.1202,0.029,29.12,16.403,0.0,ptx,nomsa_notemplate
4ouc,44,1,0.2585,0.187,32.1464,0.025,32.146,16.126,0.0,ptx,nomsa_notemplate
4ouc,44,2,0.2565,0.1779,33.6211,0.099,33.621,17.358,0.229,ptx,nomsa_notemplate
4ouc,44,3,0.247,0.1666,34.2138,0.022,34.214,16.887,0.0,ptx,nomsa_notemplate
4ouc,44,4,0.2478,0.1624,35.8272,0.049,35.827,18.195,0.086,ptx,nomsa_notemplate
4oyk,42,0,0.4368,0.2962,37.6179,0.044,37.618,15.948,0.075,ptx,nomsa_notemplate
4oyk,42,1,0.4287,0.2868,37.8847,0.028,37.885,14.223,0.025,ptx,nomsa_notemplate
4oyk,42,2,0.4244,0.284,34.8973,0.031,34.897,12.992,0.025,ptx,nomsa_notemplate
4oyk,42,3,0.4201,0.2744,32.9666,0.05,32.967,13.569,0.075,ptx,nomsa_notemplate
4oyk,42,4,0.4209,0.2595,34.9096,0.049,34.91,12.343,0.075,ptx,nomsa_notemplate
4oyk,43,0,0.4877,0.299,31.449,0.031,31.449,9.387,0.0,ptx,nomsa_notemplate
4oyk,43,1,0.4716,0.2977,33.637,0.024,33.637,13.068,0.0,ptx,nomsa_notemplate
4oyk,43,2,0.4622,0.296,34.1302,0.025,34.13,11.053,0.0,ptx,nomsa_notemplate
4oyk,43,3,0.4639,0.2894,34.4453,0.024,34.445,13.015,0.0,ptx,nomsa_notemplate
4oyk,43,4,0.4594,0.2842,29.7272,0.029,29.727,13.412,0.0,ptx,nomsa_notemplate
4oyk,44,0,0.4348,0.2517,40.1546,0.051,40.155,15.295,0.1,ptx,nomsa_notemplate
4oyk,44,1,0.43,0.2541,37.6958,0.036,37.696,14.386,0.05,ptx,nomsa_notemplate
4oyk,44,2,0.4343,0.2543,40.2578,0.051,40.258,14.556,0.1,ptx,nomsa_notemplate
4oyk,44,3,0.426,0.2478,38.3081,0.019,38.308,15.297,0.0,ptx,nomsa_notemplate
4oyk,44,4,0.4189,0.2436,35.7789,0.022,35.779,13.285,0.0,ptx,nomsa_notemplate
4pd1,42,0,0.2411,0.2112,31.7351,0.04,31.735,14.273,0.042,ptx,nomsa_notemplate
4pd1,42,1,0.2252,0.2032,15.2773,0.089,15.277,14.277,0.021,ptx,nomsa_notemplate
4pd1,42,2,0.2246,0.2018,15.1178,0.097,15.118,14.891,0.042,ptx,nomsa_notemplate
4pd1,42,3,0.2237,0.2016,12.3194,0.126,12.319,12.648,0.042,ptx,nomsa_notemplate
4pd1,42,4,0.2185,0.1899,32.2373,0.025,32.237,15.249,0.0,ptx,nomsa_notemplate
4pd1,43,0,0.2397,0.2526,31.7391,0.026,31.739,14.719,0.0,ptx,nomsa_notemplate
4pd1,43,1,0.2314,0.2482,35.6775,0.02,35.678,17.069,0.0,ptx,nomsa_notemplate
4pd1,43,2,0.245,0.2377,32.4958,0.039,32.496,14.64,0.042,ptx,nomsa_notemplate
4pd1,43,3,0.2344,0.2367,37.9555,0.019,37.956,16.045,0.0,ptx,nomsa_notemplate
4pd1,43,4,0.2275,0.2347,21.2053,0.049,21.205,15.514,0.0,ptx,nomsa_notemplate
4pd1,44,0,0.2337,0.2137,26.1797,0.05,26.18,13.533,0.042,ptx,nomsa_notemplate
4pd1,44,1,0.223,0.2106,33.9776,0.023,33.978,15.865,0.0,ptx,nomsa_notemplate
4pd1,44,2,0.2211,0.2091,34.4194,0.036,34.419,15.952,0.042,ptx,nomsa_notemplate
4pd1,44,3,0.2196,0.2056,32.5034,0.024,32.503,16.712,0.0,ptx,nomsa_notemplate
4pd1,44,4,0.2273,0.186,37.0445,0.02,37.045,15.661,0.0,ptx,nomsa_notemplate
4pge,42,0,0.2981,0.2667,36.042,0.026,36.042,17.866,0.017,ptx,nomsa_notemplate
4pge,42,1,0.2889,0.2626,28.7363,0.042,28.736,14.417,0.034,ptx,nomsa_notemplate
4pge,42,2,0.2946,0.2607,20.3958,0.052,20.396,15.362,0.0,ptx,nomsa_notemplate
4pge,42,3,0.2868,0.2554,25.8112,0.041,25.811,15.928,0.017,ptx,nomsa_notemplate
4pge,42,4,0.2789,0.2325,27.0273,0.062,27.027,14.949,0.085,ptx,nomsa_notemplate
4pge,43,0,0.3021,0.2705,22.9163,0.049,22.916,16.187,0.017,ptx,nomsa_notemplate
4pge,43,1,0.298,0.2573,27.0669,0.033,27.067,15.366,0.0,ptx,nomsa_notemplate
4pge,43,2,0.2935,0.2553,22.0353,0.051,22.035,16.695,0.017,ptx,nomsa_notemplate
4pge,43,3,0.2904,0.2469,14.5444,0.093,14.544,15.842,0.017,ptx,nomsa_notemplate
4pge,43,4,0.2841,0.219,21.7439,0.071,21.744,12.624,0.068,ptx,nomsa_notemplate
4pge,44,0,0.3113,0.2919,31.22,0.026,31.22,15.908,0.0,ptx,nomsa_notemplate
4pge,44,1,0.3149,0.2856,25.7338,0.036,25.734,16.399,0.0,ptx,nomsa_notemplate
4pge,44,2,0.307,0.281,26.7509,0.034,26.751,15.425,0.0,ptx,nomsa_notemplate
4pge,44,3,0.3104,0.2716,28.2036,0.037,28.204,15.277,0.017,ptx,nomsa_notemplate
4pge,44,4,0.301,0.2713,28.5928,0.03,28.593,16.472,0.0,ptx,nomsa_notemplate
4qbr,42,0,0.407,0.2736,11.3431,0.151,11.343,7.107,0.05,ptx,nomsa_notemplate
4qbr,42,1,0.4027,0.269,15.1598,0.098,15.16,8.631,0.025,ptx,nomsa_notemplate
4qbr,42,2,0.3935,0.2635,10.5755,0.156,10.575,9.111,0.05,ptx,nomsa_notemplate
4qbr,42,3,0.3948,0.2575,12.3322,0.115,12.332,9.536,0.0,ptx,nomsa_notemplate
4qbr,42,4,0.4017,0.2552,14.1765,0.096,14.176,9.483,0.0,ptx,nomsa_notemplate
4qbr,43,0,0.411,0.3265,8.6497,0.2,8.65,8.131,0.075,ptx,nomsa_notemplate
4qbr,43,1,0.4064,0.3226,7.7356,0.223,7.736,6.681,0.075,ptx,nomsa_notemplate
4qbr,43,2,0.4082,0.3181,5.7909,0.273,5.791,7.896,0.1,ptx,nomsa_notemplate
4qbr,43,3,0.4005,0.3171,16.6778,0.086,16.678,8.83,0.025,ptx,nomsa_notemplate
4qbr,43,4,0.4187,0.3151,11.7211,0.135,11.721,7.859,0.025,ptx,nomsa_notemplate
4qbr,44,0,0.4028,0.3268,12.1321,0.139,12.132,7.436,0.05,ptx,nomsa_notemplate
4qbr,44,1,0.4101,0.3167,8.3497,0.204,8.35,8.731,0.075,ptx,nomsa_notemplate
4qbr,44,2,0.4028,0.3113,8.0256,0.204,8.026,8.262,0.05,ptx,nomsa_notemplate
4qbr,44,3,0.3862,0.3014,14.3754,0.095,14.375,8.935,0.0,ptx,nomsa_notemplate
4qbr,44,4,0.4022,0.2911,15.173,0.113,15.173,9.422,0.075,ptx,nomsa_notemplate
4r5i,42,0,0.3448,0.3224,30.6031,0.072,30.603,15.979,0.136,ptx,nomsa_notemplate
4r5i,42,1,0.3411,0.3227,18.8028,0.09,18.803,16.027,0.091,ptx,nomsa_notemplate
4r5i,42,2,0.3396,0.3206,24.3804,0.085,24.38,15.842,0.136,ptx,nomsa_notemplate
4r5i,42,3,0.3605,0.3225,20.6993,0.074,20.699,15.936,0.068,ptx,nomsa_notemplate
4r5i,42,4,0.3452,0.2758,28.1597,0.068,28.16,16.508,0.114,ptx,nomsa_notemplate
4r5i,43,0,0.411,0.328,15.7191,0.086,15.719,15.411,0.023,ptx,nomsa_notemplate
4r5i,43,1,0.4045,0.3198,23.4092,0.042,23.409,16.402,0.0,ptx,nomsa_notemplate
4r5i,43,2,0.3737,0.3205,24.2447,0.062,24.245,15.858,0.068,ptx,nomsa_notemplate
4r5i,43,3,0.3723,0.3093,30.1132,0.028,30.113,14.82,0.0,ptx,nomsa_notemplate
4r5i,43,4,0.3415,0.3075,19.2544,0.068,19.254,11.416,0.023,ptx,nomsa_notemplate
4r5i,44,0,0.3542,0.3429,29.4879,0.047,29.488,10.893,0.045,ptx,nomsa_notemplate
4r5i,44,1,0.3544,0.3388,27.4712,0.05,27.471,11.335,0.045,ptx,nomsa_notemplate
4r5i,44,2,0.3423,0.3338,27.827,0.05,27.827,10.667,0.045,ptx,nomsa_notemplate
4r5i,44,3,0.3479,0.3356,22.2953,0.061,22.295,15.49,0.045,ptx,nomsa_notemplate
4r5i,44,4,0.3525,0.3262,27.6627,0.035,27.663,10.801,0.0,ptx,nomsa_notemplate
4txr,42,0,0.6664,0.6401,5.3003,0.399,5.3,7.422,0.439,ptx,nomsa_notemplate
4txr,42,1,0.6757,0.6361,7.73,0.317,7.73,7.48,0.366,ptx,nomsa_notemplate
4txr,42,2,0.6721,0.6299,6.2858,0.356,6.286,8.513,0.39,ptx,nomsa_notemplate
4txr,42,3,0.6703,0.6269,3.3438,0.435,3.344,6.596,0.39,ptx,nomsa_notemplate
4txr,42,4,0.5305,0.465,29.2537,0.031,29.254,12.39,0.0,ptx,nomsa_notemplate
4txr,43,0,0.6156,0.5423,13.3987,0.127,13.399,10.102,0.073,ptx,nomsa_notemplate
4txr,43,1,0.5699,0.5384,20.3799,0.07,20.38,13.62,0.049,ptx,nomsa_notemplate
4txr,43,2,0.5671,0.5372,20.7847,0.068,20.785,13.802,0.049,ptx,nomsa_notemplate
4txr,43,3,0.6147,0.5323,14.7142,0.114,14.714,10.553,0.073,ptx,nomsa_notemplate
4txr,43,4,0.5934,0.5082,16.2319,0.111,16.232,10.256,0.098,ptx,nomsa_notemplate
4txr,44,0,0.5684,0.5067,22.8532,0.045,22.853,13.269,0.0,ptx,nomsa_notemplate
4txr,44,1,0.5746,0.5069,24.4198,0.048,24.42,13.357,0.024,ptx,nomsa_notemplate
4txr,44,2,0.5898,0.4949,14.4164,0.118,14.416,9.889,0.073,ptx,nomsa_notemplate
4txr,44,3,0.5495,0.4933,25.9896,0.036,25.99,14.082,0.0,ptx,nomsa_notemplate
4txr,44,4,0.52,0.4201,19.2554,0.06,19.255,11.019,0.0,ptx,nomsa_notemplate
4u0c,42,0,0.4081,0.4422,30.1121,0.031,30.112,11.036,0.0,ptx,nomsa_notemplate
4u0c,42,1,0.418,0.4391,33.6375,0.026,33.637,10.724,0.0,ptx,nomsa_notemplate
4u0c,42,2,0.4113,0.4393,34.7624,0.043,34.762,10.411,0.053,ptx,nomsa_notemplate
4u0c,42,3,0.4085,0.4307,35.8493,0.024,35.849,10.826,0.0,ptx,nomsa_notemplate
4u0c,42,4,0.3932,0.4059,35.9709,0.022,35.971,13.074,0.0,ptx,nomsa_notemplate
4u0c,43,0,0.4004,0.4638,38.6347,0.039,38.635,10.924,0.053,ptx,nomsa_notemplate
4u0c,43,1,0.4018,0.4432,37.0174,0.023,37.017,11.248,0.0,ptx,nomsa_notemplate
4u0c,43,2,0.3356,0.4028,17.2688,0.071,17.269,11.018,0.0,ptx,nomsa_notemplate
4u0c,43,3,0.3407,0.4012,18.0269,0.067,18.027,10.785,0.0,ptx,nomsa_notemplate
4u0c,43,4,0.3388,0.3996,19.4106,0.06,19.411,10.773,0.0,ptx,nomsa_notemplate
4u0c,44,0,0.3988,0.4557,37.0772,0.04,37.077,10.938,0.053,ptx,nomsa_notemplate
4u0c,44,1,0.395,0.4539,32.7135,0.026,32.713,11.718,0.0,ptx,nomsa_notemplate
4u0c,44,2,0.4084,0.4501,34.616,0.024,34.616,12.587,0.0,ptx,nomsa_notemplate
4u0c,44,3,0.3773,0.4464,41.2435,0.02,41.243,10.591,0.0,ptx,nomsa_notemplate
4u0c,44,4,0.3666,0.4132,39.152,0.02,39.152,11.696,0.0,ptx,nomsa_notemplate
4uqy,42,0,0.2648,0.189,32.7993,0.024,32.799,16.415,0.0,ptx,nomsa_notemplate
4uqy,42,1,0.2667,0.1792,24.2676,0.04,24.268,15.224,0.0,ptx,nomsa_notemplate
4uqy,42,2,0.2722,0.173,23.4296,0.043,23.43,12.944,0.0,ptx,nomsa_notemplate
4uqy,42,3,0.2648,0.1692,33.9159,0.023,33.916,14.924,0.0,ptx,nomsa_notemplate
4uqy,42,4,0.2578,0.1688,36.732,0.02,36.732,15.54,0.0,ptx,nomsa_notemplate
4uqy,43,0,0.2564,0.1767,22.2599,0.051,22.26,16.353,0.019,ptx,nomsa_notemplate
4uqy,43,1,0.2602,0.1737,23.9526,0.048,23.953,12.887,0.019,ptx,nomsa_notemplate
4uqy,43,2,0.2662,0.1707,19.18,0.059,19.18,12.967,0.0,ptx,nomsa_notemplate
4uqy,43,3,0.2685,0.1717,22.1794,0.046,22.179,16.072,0.0,ptx,nomsa_notemplate
4uqy,43,4,0.2663,0.1691,31.3937,0.032,31.394,14.511,0.019,ptx,nomsa_notemplate
4uqy,44,0,0.2734,0.1773,18.4995,0.068,18.5,14.405,0.019,ptx,nomsa_notemplate
4uqy,44,1,0.2699,0.1758,25.3895,0.056,25.389,14.355,0.056,ptx,nomsa_notemplate
4uqy,44,2,0.2597,0.1696,24.4435,0.04,24.444,14.45,0.0,ptx,nomsa_notemplate
4uqy,44,3,0.2638,0.1658,23.1489,0.048,23.149,17.487,0.019,ptx,nomsa_notemplate
4uqy,44,4,0.2595,0.1648,29.3881,0.035,29.388,16.086,0.019,ptx,nomsa_notemplate
4x2h,42,0,0.4101,0.3739,38.0438,0.054,38.044,16.652,0.105,ptx,nomsa_notemplate
4x2h,42,1,0.4029,0.3535,34.7463,0.057,34.746,16.493,0.105,ptx,nomsa_notemplate
4x2h,42,2,0.3834,0.3456,30.6727,0.053,30.673,15.788,0.079,ptx,nomsa_notemplate
4x2h,42,3,0.3671,0.2942,38.3398,0.02,38.34,13.586,0.0,ptx,nomsa_notemplate
4x2h,42,4,0.3312,0.2794,40.7244,0.018,40.724,14.038,0.0,ptx,nomsa_notemplate
4x2h,43,0,0.3688,0.3252,18.6259,0.107,18.626,11.416,0.132,ptx,nomsa_notemplate
4x2h,43,1,0.3802,0.3126,37.6947,0.02,37.695,13.568,0.0,ptx,nomsa_notemplate
4x2h,43,2,0.3734,0.3069,37.5589,0.021,37.559,12.942,0.0,ptx,nomsa_notemplate
4x2h,43,3,0.3762,0.2984,38.2415,0.019,38.242,14.302,0.0,ptx,nomsa_notemplate
4x2h,43,4,0.3905,0.2748,37.3877,0.02,37.388,15.028,0.0,ptx,nomsa_notemplate
4x2h,44,0,0.347,0.3153,24.8096,0.084,24.81,11.744,0.132,ptx,nomsa_notemplate
4x2h,44,1,0.3512,0.3126,20.7025,0.105,20.703,13.769,0.158,ptx,nomsa_notemplate
4x2h,44,2,0.3454,0.2642,41.0972,0.018,41.097,13.9,0.0,ptx,nomsa_notemplate
4x2h,44,3,0.3288,0.2632,21.0112,0.052,21.011,12.512,0.0,ptx,nomsa_notemplate
4x2h,44,4,0.3387,0.2589,38.1699,0.02,38.17,13.261,0.0,ptx,nomsa_notemplate
4x3o,42,0,0.3097,0.3447,37.077,0.021,37.077,12.917,0.0,ptx,nomsa_notemplate
4x3o,42,1,0.2817,0.3119,29.6487,0.031,29.649,11.697,0.0,ptx,nomsa_notemplate
4x3o,42,2,0.2928,0.2726,26.7319,0.037,26.732,10.368,0.0,ptx,nomsa_notemplate
4x3o,42,3,0.2858,0.2645,22.846,0.07,22.846,10.173,0.067,ptx,nomsa_notemplate
4x3o,42,4,0.2995,0.2193,29.1719,0.032,29.172,10.987,0.0,ptx,nomsa_notemplate
4x3o,43,0,0.2646,0.2892,27.7845,0.034,27.785,11.468,0.0,ptx,nomsa_notemplate
4x3o,43,1,0.2982,0.2731,17.5584,0.108,17.558,7.85,0.1,ptx,nomsa_notemplate
4x3o,43,2,0.2857,0.2303,8.3794,0.191,8.379,8.131,0.033,ptx,nomsa_notemplate
4x3o,43,3,0.2846,0.2305,11.4749,0.164,11.475,7.676,0.1,ptx,nomsa_notemplate
4x3o,43,4,0.2726,0.2197,18.7956,0.066,18.796,8.744,0.0,ptx,nomsa_notemplate
4x3o,44,0,0.3136,0.2935,22.0333,0.093,22.033,11.81,0.133,ptx,nomsa_notemplate
4x3o,44,1,0.2954,0.2823,25.9074,0.049,25.907,12.129,0.033,ptx,nomsa_notemplate
4x3o,44,2,0.2676,0.2669,29.6096,0.029,29.61,13.525,0.0,ptx,nomsa_notemplate
4x3o,44,3,0.2761,0.2308,16.4316,0.088,16.432,10.434,0.033,ptx,nomsa_notemplate
4x3o,44,4,0.2826,0.2073,13.2557,0.103,13.256,10.817,0.0,ptx,nomsa_notemplate
4xc2,42,0,0.6453,0.8654,14.9794,0.114,14.979,11.944,0.082,ptx,nomsa_notemplate
4xc2,42,1,0.6461,0.8654,15.3581,0.103,15.358,12.36,0.061,ptx,nomsa_notemplate
4xc2,42,2,0.6319,0.8641,17.6238,0.088,17.624,12.172,0.061,ptx,nomsa_notemplate
4xc2,42,3,0.6276,0.8633,18.0602,0.079,18.06,12.537,0.041,ptx,nomsa_notemplate
4xc2,42,4,0.6397,0.8598,12.7736,0.127,12.774,13.164,0.061,ptx,nomsa_notemplate
4xc2,43,0,0.3859,0.1949,18.032,0.081,18.032,10.261,0.041,ptx,nomsa_notemplate
4xc2,43,1,0.3713,0.1889,20.7446,0.075,20.745,10.53,0.061,ptx,nomsa_notemplate
4xc2,43,2,0.3842,0.1864,14.3138,0.113,14.314,11.31,0.061,ptx,nomsa_notemplate
4xc2,43,3,0.3581,0.1823,25.5713,0.037,25.571,13.332,0.0,ptx,nomsa_notemplate
4xc2,43,4,0.3663,0.1781,24.1956,0.061,24.196,13.396,0.061,ptx,nomsa_notemplate
4xc2,44,0,0.7253,0.8891,15.8523,0.1,15.852,12.325,0.061,ptx,nomsa_notemplate
4xc2,44,1,0.7221,0.8884,14.0201,0.115,14.02,12.048,0.061,ptx,nomsa_notemplate
4xc2,44,2,0.7247,0.8872,14.9355,0.107,14.936,12.434,0.061,ptx,nomsa_notemplate
4xc2,44,3,0.7268,0.8872,14.7443,0.109,14.744,12.178,0.061,ptx,nomsa_notemplate
4xc2,44,4,0.7236,0.8858,13.9922,0.115,13.992,12.283,0.061,ptx,nomsa_notemplate
4xek,42,0,0.6556,0.598,3.4317,0.562,3.432,3.457,0.667,ptx,nomsa_notemplate
4xek,42,1,0.6544,0.5884,5.4392,0.475,5.439,3.456,0.556,ptx,nomsa_notemplate
4xek,42,2,0.6548,0.5892,7.5163,0.353,7.516,5.069,0.417,ptx,nomsa_notemplate
4xek,42,3,0.6532,0.5826,7.2707,0.348,7.271,5.144,0.389,ptx,nomsa_notemplate
4xek,42,4,0.6521,0.5818,7.1033,0.363,7.103,4.967,0.417,ptx,nomsa_notemplate
4xek,43,0,0.6608,0.6017,5.5564,0.51,5.556,2.841,0.611,ptx,nomsa_notemplate
4xek,43,1,0.6578,0.5933,6.6988,0.365,6.699,4.831,0.389,ptx,nomsa_notemplate
4xek,43,2,0.6551,0.5931,7.5775,0.326,7.577,4.873,0.333,ptx,nomsa_notemplate
4xek,43,3,0.6568,0.5928,7.7864,0.36,7.786,4.737,0.444,ptx,nomsa_notemplate
4xek,43,4,0.6563,0.5886,7.412,0.359,7.412,4.698,0.417,ptx,nomsa_notemplate
4xek,44,0,0.8165,0.7854,2.4148,0.929,2.415,0.448,0.944,ptx,nomsa_notemplate
4xek,44,1,0.8153,0.783,2.1496,0.851,2.15,0.994,0.917,ptx,nomsa_notemplate
4xek,44,2,0.8109,0.7786,3.2446,0.764,3.245,1.409,0.889,ptx,nomsa_notemplate
4xek,44,3,0.8097,0.7782,3.339,0.711,3.339,1.719,0.833,ptx,nomsa_notemplate
4xek,44,4,0.8099,0.7762,3.0422,0.736,3.042,1.628,0.861,ptx,nomsa_notemplate
4yje,42,0,0.412,0.5208,7.6997,0.328,7.7,4.304,0.327,ptx,nomsa_notemplate
4yje,42,1,0.4047,0.5076,5.9074,0.419,5.907,4.178,0.469,ptx,nomsa_notemplate
4yje,42,2,0.4321,0.5016,26.7351,0.075,26.735,8.513,0.102,ptx,nomsa_notemplate
4yje,42,3,0.4318,0.481,27.6393,0.039,27.639,8.663,0.0,ptx,nomsa_notemplate
4yje,42,4,0.3628,0.4026,27.8965,0.037,27.897,9.009,0.0,ptx,nomsa_notemplate
4yje,43,0,0.3924,0.5128,5.0284,0.447,5.028,3.541,0.449,ptx,nomsa_notemplate
4yje,43,1,0.4421,0.5068,27.3862,0.039,27.386,8.517,0.0,ptx,nomsa_notemplate
4yje,43,2,0.451,0.5024,30.7038,0.032,30.704,9.407,0.0,ptx,nomsa_notemplate
4yje,43,3,0.4476,0.5021,30.113,0.033,30.113,9.242,0.0,ptx,nomsa_notemplate
4yje,43,4,0.3844,0.4866,6.001,0.406,6.001,4.031,0.429,ptx,nomsa_notemplate
4yje,44,0,0.4324,0.5586,5.196,0.462,5.196,3.117,0.469,ptx,nomsa_notemplate
4yje,44,1,0.4267,0.5567,4.2455,0.489,4.245,2.837,0.449,ptx,nomsa_notemplate
4yje,44,2,0.4319,0.5566,4.9589,0.482,4.959,3.115,0.51,ptx,nomsa_notemplate
4yje,44,3,0.4493,0.5373,19.4863,0.146,19.486,6.303,0.224,ptx,nomsa_notemplate
4yje,44,4,0.4626,0.5162,28.3514,0.038,28.351,8.47,0.0,ptx,nomsa_notemplate
4z2o,42,0,0.5146,0.5014,11.7056,0.24,11.706,4.877,0.289,ptx,nomsa_notemplate
4z2o,42,1,0.4939,0.4752,22.849,0.057,22.849,8.996,0.022,ptx,nomsa_notemplate
4z2o,42,2,0.5007,0.4662,23.672,0.061,23.672,9.523,0.044,ptx,nomsa_notemplate
4z2o,42,3,0.5094,0.4645,19.5326,0.064,19.533,8.308,0.0,ptx,nomsa_notemplate
4z2o,42,4,0.5013,0.4584,9.4038,0.33,9.404,4.1,0.422,ptx,nomsa_notemplate
4z2o,43,0,0.4833,0.4471,11.067,0.291,11.067,5.067,0.422,ptx,nomsa_notemplate
4z2o,43,1,0.4855,0.4414,11.1562,0.253,11.156,5.091,0.311,ptx,nomsa_notemplate
4z2o,43,2,0.474,0.4381,9.3953,0.345,9.395,4.614,0.489,ptx,nomsa_notemplate
4z2o,43,3,0.457,0.4117,18.974,0.083,18.974,7.754,0.044,ptx,nomsa_notemplate
4z2o,43,4,0.4765,0.4033,17.5529,0.083,17.553,7.623,0.022,ptx,nomsa_notemplate
4z2o,44,0,0.4557,0.4072,25.5495,0.062,25.549,10.538,0.067,ptx,nomsa_notemplate
4z2o,44,1,0.4425,0.4068,14.4098,0.156,14.41,6.281,0.156,ptx,nomsa_notemplate
4z2o,44,2,0.4382,0.4049,23.5231,0.068,23.523,10.014,0.067,ptx,nomsa_notemplate
4z2o,44,3,0.4512,0.3875,17.3887,0.091,17.389,7.95,0.044,ptx,nomsa_notemplate
4z2o,44,4,0.4544,0.385,20.2006,0.089,20.201,8.746,0.089,ptx,nomsa_notemplate
4zoz,42,0,0.2845,0.4151,16.0841,0.203,16.084,5.735,0.327,ptx,nomsa_notemplate
4zoz,42,1,0.2884,0.4063,19.0134,0.194,19.013,6.743,0.367,ptx,nomsa_notemplate
4zoz,42,2,0.27,0.3745,26.728,0.04,26.728,8.658,0.0,ptx,nomsa_notemplate
4zoz,42,3,0.2688,0.3711,27.8486,0.038,27.849,8.905,0.0,ptx,nomsa_notemplate
4zoz,42,4,0.2401,0.3129,33.1621,0.027,33.162,10.392,0.0,ptx,nomsa_notemplate
4zoz,43,0,0.3795,0.6444,18.5588,0.088,18.559,6.579,0.041,ptx,nomsa_notemplate
4zoz,43,1,0.3688,0.6396,18.016,0.098,18.016,6.593,0.061,ptx,nomsa_notemplate
4zoz,43,2,0.3708,0.6363,17.9437,0.096,17.944,6.961,0.061,ptx,nomsa_notemplate
4zoz,43,3,0.3674,0.6334,17.6463,0.094,17.646,6.413,0.041,ptx,nomsa_notemplate
4zoz,43,4,0.3648,0.6163,15.5234,0.152,15.523,5.787,0.163,ptx,nomsa_notemplate
4zoz,44,0,0.4183,0.5737,24.4617,0.072,24.462,8.879,0.082,ptx,nomsa_notemplate
4zoz,44,1,0.4184,0.5691,24.4441,0.052,24.444,8.869,0.02,ptx,nomsa_notemplate
4zoz,44,2,0.4172,0.5685,24.2701,0.053,24.27,8.472,0.02,ptx,nomsa_notemplate
4zoz,44,3,0.4137,0.5684,23.9137,0.074,23.914,8.631,0.082,ptx,nomsa_notemplate
4zoz,44,4,0.4187,0.5647,24.8255,0.051,24.826,8.696,0.02,ptx,nomsa_notemplate
5bs2,42,0,0.5299,0.4398,24.8848,0.043,24.885,9.354,0.0,ptx,nomsa_notemplate
5bs2,42,1,0.5201,0.4371,26.3954,0.039,26.395,9.901,0.0,ptx,nomsa_notemplate
5bs2,42,2,0.5264,0.4308,22.1096,0.05,22.11,9.953,0.0,ptx,nomsa_notemplate
5bs2,42,3,0.4901,0.3954,3.6602,0.483,3.66,5.13,0.526,ptx,nomsa_notemplate
5bs2,42,4,0.4834,0.3806,8.159,0.355,8.159,5.477,0.474,ptx,nomsa_notemplate
5bs2,43,0,0.5215,0.4533,19.9402,0.059,19.94,9.75,0.0,ptx,nomsa_notemplate
5bs2,43,1,0.5256,0.4479,25.513,0.041,25.513,9.53,0.0,ptx,nomsa_notemplate
5bs2,43,2,0.5285,0.4462,24.4957,0.044,24.496,9.318,0.0,ptx,nomsa_notemplate
5bs2,43,3,0.5214,0.4447,25.0748,0.042,25.075,9.489,0.0,ptx,nomsa_notemplate
5bs2,43,4,0.4782,0.3856,4.8572,0.431,4.857,5.697,0.474,ptx,nomsa_notemplate
5bs2,44,0,0.5144,0.4381,25.0167,0.042,25.017,9.597,0.0,ptx,nomsa_notemplate
5bs2,44,1,0.5206,0.4379,25.1131,0.042,25.113,9.92,0.0,ptx,nomsa_notemplate
5bs2,44,2,0.5086,0.431,21.3325,0.053,21.333,9.861,0.0,ptx,nomsa_notemplate
5bs2,44,3,0.5128,0.4048,24.7373,0.043,24.737,9.921,0.0,ptx,nomsa_notemplate
5bs2,44,4,0.4774,0.3892,3.7014,0.462,3.701,5.366,0.474,ptx,nomsa_notemplate
5crw,42,0,0.2694,0.2421,20.8667,0.067,20.867,9.66,0.034,ptx,nomsa_notemplate
5crw,42,1,0.2633,0.2324,28.8626,0.06,28.863,8.19,0.069,ptx,nomsa_notemplate
5crw,42,2,0.2612,0.2306,24.0455,0.07,24.046,8.543,0.069,ptx,nomsa_notemplate
5crw,42,3,0.2644,0.2251,26.7865,0.073,26.786,9.594,0.103,ptx,nomsa_notemplate
5crw,42,4,0.2511,0.2179,29.1448,0.031,29.145,12.058,0.0,ptx,nomsa_notemplate
5crw,43,0,0.3084,0.3273,21.0026,0.066,21.003,9.993,0.034,ptx,nomsa_notemplate
5crw,43,1,0.3017,0.3205,25.9799,0.056,25.98,7.615,0.034,ptx,nomsa_notemplate
5crw,43,2,0.2981,0.3173,16.7928,0.102,16.793,8.187,0.069,ptx,nomsa_notemplate
5crw,43,3,0.301,0.316,19.706,0.086,19.706,8.211,0.069,ptx,nomsa_notemplate
5crw,43,4,0.2943,0.3124,29.3059,0.07,29.306,8.466,0.103,ptx,nomsa_notemplate
5crw,44,0,0.2809,0.2598,18.1442,0.079,18.144,10.015,0.034,ptx,nomsa_notemplate
5crw,44,1,0.2744,0.2586,17.8302,0.095,17.83,8.29,0.069,ptx,nomsa_notemplate
5crw,44,2,0.2719,0.2476,28.8085,0.062,28.809,7.563,0.069,ptx,nomsa_notemplate
5crw,44,3,0.2496,0.2411,12.8631,0.12,12.863,9.811,0.034,ptx,nomsa_notemplate
5crw,44,4,0.2481,0.2178,29.7242,0.03,29.724,11.931,0.0,ptx,nomsa_notemplate
5d94,42,0,0.6629,0.6205,7.1827,0.421,7.183,12.493,0.667,ptx,nomsa_notemplate
5d94,42,1,0.6638,0.618,2.6746,0.495,2.675,12.984,0.562,ptx,nomsa_notemplate
5d94,42,2,0.6558,0.6127,7.786,0.374,7.786,11.951,0.562,ptx,nomsa_notemplate
5d94,42,3,0.6513,0.6084,21.8742,0.257,21.874,12.733,0.625,ptx,nomsa_notemplate
5d94,42,4,0.6621,0.6031,11.809,0.285,11.809,13.037,0.5,ptx,nomsa_notemplate
5d94,43,0,0.6681,0.5991,17.121,0.258,17.121,12.791,0.562,ptx,nomsa_notemplate
5d94,43,1,0.6699,0.5982,11.5996,0.315,11.6,12.903,0.583,ptx,nomsa_notemplate
5d94,43,2,0.6694,0.5985,26.658,0.229,26.658,13.194,0.583,ptx,nomsa_notemplate
5d94,43,3,0.6678,0.5967,24.7201,0.241,24.72,13.268,0.604,ptx,nomsa_notemplate
5d94,43,4,0.6719,0.5967,24.9356,0.226,24.936,13.601,0.562,ptx,nomsa_notemplate
5d94,44,0,0.7225,0.6988,9.0781,0.354,9.078,13.349,0.583,ptx,nomsa_notemplate
5d94,44,1,0.7178,0.6964,10.4818,0.331,10.482,12.961,0.583,ptx,nomsa_notemplate
5d94,44,2,0.7186,0.696,11.8918,0.305,11.892,12.942,0.562,ptx,nomsa_notemplate
5d94,44,3,0.715,0.6952,10.2622,0.321,10.262,12.746,0.542,ptx,nomsa_notemplate
5d94,44,4,0.7223,0.6943,7.9625,0.356,7.963,12.433,0.521,ptx,nomsa_notemplate
5dai,42,0,0.5732,0.7368,31.8417,0.026,31.842,13.871,0.0,ptx,nomsa_notemplate
5dai,42,1,0.5823,0.7351,28.0991,0.032,28.099,13.874,0.0,ptx,nomsa_notemplate
5dai,42,2,0.5746,0.733,28.1376,0.031,28.138,14.447,0.0,ptx,nomsa_notemplate
5dai,42,3,0.5611,0.7159,25.1169,0.047,25.117,12.4,0.023,ptx,nomsa_notemplate
5dai,42,4,0.5536,0.7133,25.0581,0.038,25.058,13.9,0.0,ptx,nomsa_notemplate
5dai,43,0,0.5466,0.6708,28.3907,0.031,28.391,13.783,0.0,ptx,nomsa_notemplate
5dai,43,1,0.5341,0.6485,25.8144,0.037,25.814,12.816,0.0,ptx,nomsa_notemplate
5dai,43,2,0.5206,0.6315,24.6833,0.039,24.683,13.36,0.0,ptx,nomsa_notemplate
5dai,43,3,0.523,0.6303,26.0643,0.045,26.064,12.26,0.023,ptx,nomsa_notemplate
5dai,43,4,0.5049,0.6144,24.5463,0.04,24.546,13.708,0.0,ptx,nomsa_notemplate
5dai,44,0,0.5733,0.7283,32.2443,0.025,32.244,14.97,0.0,ptx,nomsa_notemplate
5dai,44,1,0.5627,0.7146,27.2217,0.033,27.222,14.674,0.0,ptx,nomsa_notemplate
5dai,44,2,0.5598,0.7086,27.6944,0.033,27.694,12.781,0.0,ptx,nomsa_notemplate
5dai,44,3,0.5233,0.6646,20.4842,0.067,20.484,16.595,0.047,ptx,nomsa_notemplate
5dai,44,4,0.5208,0.6607,23.0553,0.044,23.055,14.102,0.0,ptx,nomsa_notemplate
5di8,42,0,0.5745,0.6199,30.9766,0.027,30.977,13.456,0.0,ptx,nomsa_notemplate
5di8,42,1,0.5589,0.6106,30.0654,0.029,30.065,12.384,0.0,ptx,nomsa_notemplate
5di8,42,2,0.5501,0.6038,32.9556,0.025,32.956,12.758,0.0,ptx,nomsa_notemplate
5di8,42,3,0.554,0.6018,30.7665,0.028,30.766,12.742,0.0,ptx,nomsa_notemplate
5di8,42,4,0.5548,0.6011,29.7398,0.03,29.74,12.493,0.0,ptx,nomsa_notemplate
5di8,43,0,0.5357,0.5572,30.5015,0.028,30.502,13.378,0.0,ptx,nomsa_notemplate
5di8,43,1,0.5325,0.5471,29.2004,0.031,29.2,12.472,0.0,ptx,nomsa_notemplate
5di8,43,2,0.5293,0.5448,30.1199,0.029,30.12,12.788,0.0,ptx,nomsa_notemplate
5di8,43,3,0.53,0.5398,30.2061,0.029,30.206,12.939,0.0,ptx,nomsa_notemplate
5di8,43,4,0.5183,0.5225,30.2224,0.029,30.222,12.647,0.0,ptx,nomsa_notemplate
5di8,44,0,0.5436,0.5528,28.3077,0.033,28.308,11.374,0.0,ptx,nomsa_notemplate
5di8,44,1,0.5397,0.5512,28.8187,0.032,28.819,12.028,0.0,ptx,nomsa_notemplate
5di8,44,2,0.5323,0.551,31.293,0.027,31.293,13.283,0.0,ptx,nomsa_notemplate
5di8,44,3,0.5337,0.5433,30.0232,0.029,30.023,12.477,0.0,ptx,nomsa_notemplate
5di8,44,4,0.5232,0.5156,30.0595,0.03,30.06,11.55,0.0,ptx,nomsa_notemplate
5e33,42,0,0.224,0.3261,13.3661,0.123,13.366,16.948,0.073,ptx,nomsa_notemplate
5e33,42,1,0.2255,0.3193,16.2859,0.073,16.286,18.699,0.0,ptx,nomsa_notemplate
5e33,42,2,0.2205,0.3006,14.2654,0.105,14.265,20.454,0.049,ptx,nomsa_notemplate
5e33,42,3,0.2254,0.2926,6.79,0.206,6.79,18.266,0.0,ptx,nomsa_notemplate
5e33,42,4,0.223,0.2745,13.4838,0.105,13.484,19.676,0.024,ptx,nomsa_notemplate
5e33,43,0,0.2217,0.272,10.354,0.145,10.354,18.357,0.024,ptx,nomsa_notemplate
5e33,43,1,0.2186,0.2634,13.7439,0.094,13.744,20.437,0.0,ptx,nomsa_notemplate
5e33,43,2,0.2202,0.2578,19.354,0.056,19.354,18.665,0.0,ptx,nomsa_notemplate
5e33,43,3,0.216,0.2398,25.7446,0.035,25.744,19.909,0.0,ptx,nomsa_notemplate
5e33,43,4,0.215,0.2221,25.7867,0.035,25.787,17.827,0.0,ptx,nomsa_notemplate
5e33,44,0,0.2237,0.2772,10.6503,0.14,10.65,17.878,0.024,ptx,nomsa_notemplate
5e33,44,1,0.2241,0.2762,11.7197,0.117,11.72,18.087,0.0,ptx,nomsa_notemplate
5e33,44,2,0.2221,0.2719,10.9823,0.136,10.982,16.295,0.024,ptx,nomsa_notemplate
5e33,44,3,0.22,0.2615,16.4728,0.08,16.473,18.172,0.024,ptx,nomsa_notemplate
5e33,44,4,0.2219,0.2538,14.1379,0.115,14.138,18.84,0.073,ptx,nomsa_notemplate
5efi,42,0,0.3184,0.2076,45.4717,0.014,45.472,17.429,0.0,ptx,nomsa_notemplate
5efi,42,1,0.3214,0.2044,37.3576,0.046,37.358,14.984,0.078,ptx,nomsa_notemplate
5efi,42,2,0.3222,0.1918,42.4162,0.024,42.416,13.372,0.02,ptx,nomsa_notemplate
5efi,42,3,0.3238,0.1895,36.4157,0.047,36.416,13.586,0.078,ptx,nomsa_notemplate
5efi,42,4,0.31,0.1827,36.1081,0.029,36.108,12.439,0.02,ptx,nomsa_notemplate
5efi,43,0,0.3296,0.2249,45.6631,0.021,45.663,15.328,0.02,ptx,nomsa_notemplate
5efi,43,1,0.3167,0.2052,34.0988,0.024,34.099,13.32,0.0,ptx,nomsa_notemplate
5efi,43,2,0.316,0.2035,37.3634,0.02,37.363,14.377,0.0,ptx,nomsa_notemplate
5efi,43,3,0.3118,0.2006,38.4837,0.018,38.484,17.375,0.0,ptx,nomsa_notemplate
5efi,43,4,0.3179,0.1871,37.3262,0.065,37.326,15.765,0.137,ptx,nomsa_notemplate
5efi,44,0,0.3087,0.1879,37.681,0.033,37.681,14.032,0.039,ptx,nomsa_notemplate
5efi,44,1,0.3063,0.1781,34.5232,0.023,34.523,14.386,0.0,ptx,nomsa_notemplate
5efi,44,2,0.3045,0.1724,33.7899,0.025,33.79,12.567,0.0,ptx,nomsa_notemplate
5efi,44,3,0.3003,0.1723,44.1012,0.014,44.101,17.467,0.0,ptx,nomsa_notemplate
5efi,44,4,0.3016,0.1655,40.9543,0.031,40.954,13.452,0.039,ptx,nomsa_notemplate
5ei3,42,0,0.316,0.2484,34.3656,0.022,34.366,15.176,0.0,ptx,nomsa_notemplate
5ei3,42,1,0.3028,0.2374,30.4361,0.028,30.436,14.79,0.0,ptx,nomsa_notemplate
5ei3,42,2,0.2983,0.226,32.1243,0.025,32.124,14.339,0.0,ptx,nomsa_notemplate
5ei3,42,3,0.2973,0.2301,31.874,0.026,31.874,14.566,0.0,ptx,nomsa_notemplate
5ei3,42,4,0.2888,0.2112,26.2808,0.036,26.281,12.24,0.0,ptx,nomsa_notemplate
5ei3,43,0,0.2999,0.2355,24.7982,0.039,24.798,13.874,0.0,ptx,nomsa_notemplate
5ei3,43,1,0.3035,0.2295,29.1035,0.03,29.103,13.261,0.0,ptx,nomsa_notemplate
5ei3,43,2,0.2912,0.2146,29.3619,0.03,29.362,14.083,0.0,ptx,nomsa_notemplate
5ei3,43,3,0.2775,0.2049,19.6495,0.065,19.65,13.72,0.026,ptx,nomsa_notemplate
5ei3,43,4,0.2777,0.2001,33.7931,0.023,33.793,14.628,0.0,ptx,nomsa_notemplate
5ei3,44,0,0.3067,0.2473,29.0156,0.03,29.016,14.392,0.0,ptx,nomsa_notemplate
5ei3,44,1,0.3093,0.2374,29.1968,0.03,29.197,14.057,0.0,ptx,nomsa_notemplate
5ei3,44,2,0.3093,0.2358,29.3735,0.029,29.374,14.373,0.0,ptx,nomsa_notemplate
5ei3,44,3,0.2994,0.2268,27.3489,0.042,27.349,13.793,0.026,ptx,nomsa_notemplate
5ei3,44,4,0.2872,0.2188,31.5688,0.026,31.569,14.143,0.0,ptx,nomsa_notemplate
5fml,42,0,0.3504,0.2103,30.3802,0.028,30.38,13.488,0.0,ptx,nomsa_notemplate
5fml,42,1,0.3186,0.1955,29.702,0.03,29.702,13.161,0.0,ptx,nomsa_notemplate
5fml,42,2,0.3486,0.1958,21.6918,0.055,21.692,15.536,0.022,ptx,nomsa_notemplate
5fml,42,3,0.3183,0.1903,20.3485,0.061,20.349,13.915,0.022,ptx,nomsa_notemplate
5fml,42,4,0.3282,0.1838,21.2772,0.071,21.277,15.812,0.067,ptx,nomsa_notemplate
5fml,43,0,0.3007,0.171,16.0119,0.143,16.012,15.09,0.2,ptx,nomsa_notemplate
5fml,43,1,0.307,0.1729,19.0931,0.126,19.093,13.788,0.2,ptx,nomsa_notemplate
5fml,43,2,0.3027,0.1668,14.537,0.134,14.537,13.367,0.133,ptx,nomsa_notemplate
5fml,43,3,0.291,0.1417,35.6371,0.02,35.637,17.506,0.0,ptx,nomsa_notemplate
5fml,43,4,0.2988,0.1403,28.6824,0.03,28.682,14.987,0.0,ptx,nomsa_notemplate
5fml,44,0,0.3357,0.1879,28.1935,0.039,28.193,13.401,0.022,ptx,nomsa_notemplate
5fml,44,1,0.3293,0.1873,29.1734,0.044,29.173,14.411,0.044,ptx,nomsa_notemplate
5fml,44,2,0.3198,0.1882,24.0932,0.077,24.093,16.384,0.111,ptx,nomsa_notemplate
5fml,44,3,0.3373,0.1755,23.6916,0.042,23.692,14.17,0.0,ptx,nomsa_notemplate
5fml,44,4,0.3286,0.1762,39.0339,0.018,39.034,16.656,0.0,ptx,nomsa_notemplate
5fpx,42,0,0.3989,0.271,21.6796,0.053,21.68,9.058,0.0,ptx,nomsa_notemplate
5fpx,42,1,0.3865,0.2706,23.1004,0.045,23.1,11.423,0.0,ptx,nomsa_notemplate
5fpx,42,2,0.4183,0.2679,21.5309,0.06,21.531,9.698,0.023,ptx,nomsa_notemplate
5fpx,42,3,0.4001,0.2521,20.4977,0.055,20.498,10.818,0.0,ptx,nomsa_notemplate
5fpx,42,4,0.3854,0.2313,24.1153,0.051,24.115,10.83,0.023,ptx,nomsa_notemplate
5fpx,43,0,0.4164,0.2769,22.3649,0.058,22.365,9.696,0.023,ptx,nomsa_notemplate
5fpx,43,1,0.4276,0.2753,20.5473,0.057,20.547,9.265,0.0,ptx,nomsa_notemplate
5fpx,43,2,0.3825,0.2591,22.7897,0.086,22.79,10.919,0.116,ptx,nomsa_notemplate
5fpx,43,3,0.3904,0.2572,22.2184,0.066,22.218,9.476,0.047,ptx,nomsa_notemplate
5fpx,43,4,0.3769,0.2522,20.3832,0.081,20.383,9.233,0.07,ptx,nomsa_notemplate
5fpx,44,0,0.4335,0.2798,19.2395,0.079,19.24,8.761,0.047,ptx,nomsa_notemplate
5fpx,44,1,0.396,0.2759,23.0897,0.046,23.09,10.908,0.0,ptx,nomsa_notemplate
5fpx,44,2,0.3989,0.2667,19.8753,0.084,19.875,8.845,0.07,ptx,nomsa_notemplate
5fpx,44,3,0.4042,0.265,20.4555,0.087,20.455,10.506,0.093,ptx,nomsa_notemplate
5fpx,44,4,0.393,0.2634,23.1154,0.045,23.115,11.279,0.0,ptx,nomsa_notemplate
5fv6,42,0,0.5983,0.6292,14.5717,0.143,14.572,9.238,0.15,ptx,nomsa_notemplate
5fv6,42,1,0.5922,0.6251,19.2553,0.113,19.255,9.031,0.15,ptx,nomsa_notemplate
5fv6,42,2,0.5896,0.6227,12.6771,0.162,12.677,9.205,0.15,ptx,nomsa_notemplate
5fv6,42,3,0.584,0.6201,18.1921,0.119,18.192,8.758,0.15,ptx,nomsa_notemplate
5fv6,42,4,0.5912,0.6195,19.7702,0.111,19.77,9.019,0.15,ptx,nomsa_notemplate
5fv6,43,0,0.4904,0.4653,22.1602,0.102,22.16,9.046,0.15,ptx,nomsa_notemplate
5fv6,43,1,0.4881,0.4621,20.4711,0.107,20.471,9.422,0.15,ptx,nomsa_notemplate
5fv6,43,2,0.4915,0.4623,18.5024,0.117,18.502,9.282,0.15,ptx,nomsa_notemplate
5fv6,43,3,0.4837,0.4546,12.9022,0.16,12.902,9.199,0.15,ptx,nomsa_notemplate
5fv6,43,4,0.3462,0.4082,47.7819,0.014,47.782,14.428,0.0,ptx,nomsa_notemplate
5fv6,44,0,0.3641,0.3483,41.9055,0.018,41.905,12.566,0.0,ptx,nomsa_notemplate
5fv6,44,1,0.359,0.343,43.6213,0.016,43.621,13.575,0.0,ptx,nomsa_notemplate
5fv6,44,2,0.3537,0.3226,43.5179,0.016,43.518,14.065,0.0,ptx,nomsa_notemplate
5fv6,44,3,0.3473,0.3204,44.2822,0.016,44.282,13.941,0.0,ptx,nomsa_notemplate
5fv6,44,4,0.3335,0.2996,39.0206,0.019,39.021,14.162,0.0,ptx,nomsa_notemplate
5ggp,42,0,0.4081,0.2582,15.7077,0.104,15.708,12.807,0.071,ptx,nomsa_notemplate
5ggp,42,1,0.4086,0.2577,10.759,0.156,10.759,13.472,0.071,ptx,nomsa_notemplate
5ggp,42,2,0.4128,0.2564,23.286,0.091,23.286,13.771,0.143,ptx,nomsa_notemplate
5ggp,42,3,0.3754,0.2235,27.6966,0.034,27.697,11.898,0.0,ptx,nomsa_notemplate
5ggp,42,4,0.3611,0.2198,35.3858,0.023,35.386,12.841,0.0,ptx,nomsa_notemplate
5ggp,43,0,0.4037,0.2752,18.3922,0.087,18.392,12.936,0.071,ptx,nomsa_notemplate
5ggp,43,1,0.4017,0.275,10.296,0.164,10.296,12.04,0.071,ptx,nomsa_notemplate
5ggp,43,2,0.3981,0.2723,37.4349,0.044,37.435,13.882,0.071,ptx,nomsa_notemplate
5ggp,43,3,0.3967,0.266,38.7024,0.043,38.702,13.194,0.071,ptx,nomsa_notemplate
5ggp,43,4,0.3318,0.1925,32.7676,0.026,32.768,12.168,0.0,ptx,nomsa_notemplate
5ggp,44,0,0.4254,0.2923,19.5133,0.105,19.513,13.614,0.143,ptx,nomsa_notemplate
5ggp,44,1,0.4156,0.2795,26.3279,0.083,26.328,13.075,0.143,ptx,nomsa_notemplate
5ggp,44,2,0.4152,0.2776,21.3302,0.097,21.33,13.773,0.143,ptx,nomsa_notemplate
5ggp,44,3,0.408,0.2758,37.5194,0.044,37.519,13.876,0.071,ptx,nomsa_notemplate
5ggp,44,4,0.4036,0.2691,23.7468,0.042,23.747,13.515,0.0,ptx,nomsa_notemplate
5gu4,42,0,0.3979,0.3998,28.0253,0.033,28.025,12.727,0.0,ptx,nomsa_notemplate
5gu4,42,1,0.3937,0.399,32.247,0.025,32.247,14.4,0.0,ptx,nomsa_notemplate
5gu4,42,2,0.3836,0.3938,35.6572,0.023,35.657,12.403,0.0,ptx,nomsa_notemplate
5gu4,42,3,0.3813,0.3795,27.3227,0.047,27.323,11.72,0.037,ptx,nomsa_notemplate
5gu4,42,4,0.3567,0.3517,20.4723,0.053,20.472,13.588,0.0,ptx,nomsa_notemplate
5gu4,43,0,0.3009,0.2888,40.0102,0.019,40.01,13.063,0.0,ptx,nomsa_notemplate
5gu4,43,1,0.3092,0.2652,35.4369,0.022,35.437,13.519,0.0,ptx,nomsa_notemplate
5gu4,43,2,0.3029,0.2591,43.1606,0.017,43.161,13.104,0.0,ptx,nomsa_notemplate
5gu4,43,3,0.2474,0.1942,22.463,0.06,22.463,11.28,0.037,ptx,nomsa_notemplate
5gu4,43,4,0.2494,0.1878,22.9383,0.049,22.938,9.144,0.0,ptx,nomsa_notemplate
5gu4,44,0,0.3033,0.2511,39.0463,0.019,39.046,13.645,0.0,ptx,nomsa_notemplate
5gu4,44,1,0.2921,0.2418,33.3988,0.024,33.399,13.78,0.0,ptx,nomsa_notemplate
5gu4,44,2,0.2955,0.2387,40.0621,0.018,40.062,13.646,0.0,ptx,nomsa_notemplate
5gu4,44,3,0.2881,0.2387,21.833,0.048,21.833,12.756,0.0,ptx,nomsa_notemplate
5gu4,44,4,0.2575,0.199,18.4202,0.115,18.42,10.192,0.148,ptx,nomsa_notemplate
5huw,42,0,0.731,0.8667,33.0102,0.028,33.01,9.762,0.0,ptx,nomsa_notemplate
5huw,42,1,0.7301,0.866,32.7595,0.029,32.759,9.694,0.0,ptx,nomsa_notemplate
5huw,42,2,0.7293,0.8656,32.9369,0.029,32.937,9.734,0.0,ptx,nomsa_notemplate
5huw,42,3,0.73,0.8651,33.1871,0.028,33.187,9.775,0.0,ptx,nomsa_notemplate
5huw,42,4,0.7297,0.865,32.9716,0.028,32.972,9.81,0.0,ptx,nomsa_notemplate
5huw,43,0,0.734,0.8688,32.8531,0.029,32.853,9.594,0.0,ptx,nomsa_notemplate
5huw,43,1,0.7332,0.8683,33.1906,0.028,33.191,9.826,0.0,ptx,nomsa_notemplate
5huw,43,2,0.7313,0.8669,33.4209,0.028,33.421,9.845,0.0,ptx,nomsa_notemplate
5huw,43,3,0.7279,0.8656,32.7538,0.029,32.754,9.628,0.0,ptx,nomsa_notemplate
5huw,43,4,0.7282,0.8655,33.0487,0.029,33.049,9.655,0.0,ptx,nomsa_notemplate
5huw,44,0,0.7288,0.8649,32.8476,0.029,32.848,9.702,0.0,ptx,nomsa_notemplate
5huw,44,1,0.7282,0.864,33.0661,0.028,33.066,9.711,0.0,ptx,nomsa_notemplate
5huw,44,2,0.728,0.8637,33.0735,0.028,33.073,9.666,0.0,ptx,nomsa_notemplate
5huw,44,3,0.7276,0.8628,33.4853,0.028,33.485,9.889,0.0,ptx,nomsa_notemplate
5huw,44,4,0.7265,0.8621,33.5584,0.028,33.558,9.951,0.0,ptx,nomsa_notemplate
5i7z,42,0,0.5091,0.3102,18.3084,0.095,18.308,10.338,0.088,ptx,nomsa_notemplate
5i7z,42,1,0.5037,0.3057,19.0921,0.081,19.092,10.802,0.059,ptx,nomsa_notemplate
5i7z,42,2,0.4437,0.2621,18.056,0.126,18.056,10.107,0.176,ptx,nomsa_notemplate
5i7z,42,3,0.384,0.2225,15.1243,0.127,15.124,9.494,0.118,ptx,nomsa_notemplate
5i7z,42,4,0.3747,0.2096,20.5807,0.063,20.581,13.35,0.029,ptx,nomsa_notemplate
5i7z,43,0,0.4794,0.2651,13.8209,0.106,13.821,12.48,0.029,ptx,nomsa_notemplate
5i7z,43,1,0.4785,0.2625,13.6042,0.108,13.604,12.56,0.029,ptx,nomsa_notemplate
5i7z,43,2,0.4768,0.2616,14.1141,0.103,14.114,12.447,0.029,ptx,nomsa_notemplate
5i7z,43,3,0.4771,0.2614,16.0021,0.088,16.002,12.727,0.029,ptx,nomsa_notemplate
5i7z,43,4,0.4733,0.2584,15.1912,0.094,15.191,12.389,0.029,ptx,nomsa_notemplate
5i7z,44,0,0.38,0.2338,18.1613,0.104,18.161,11.77,0.118,ptx,nomsa_notemplate
5i7z,44,1,0.4095,0.2234,18.217,0.126,18.217,9.695,0.176,ptx,nomsa_notemplate
5i7z,44,2,0.4096,0.2222,17.4331,0.15,17.433,9.672,0.235,ptx,nomsa_notemplate
5i7z,44,3,0.3966,0.21,21.76,0.196,21.76,11.986,0.441,ptx,nomsa_notemplate
5i7z,44,4,0.3953,0.2032,18.4067,0.105,18.407,9.829,0.118,ptx,nomsa_notemplate
5j3q,42,0,0.522,0.4841,20.7694,0.093,20.769,11.141,0.116,ptx,nomsa_notemplate
5j3q,42,1,0.5241,0.4832,20.6099,0.101,20.61,10.976,0.14,ptx,nomsa_notemplate
5j3q,42,2,0.5258,0.4832,20.5609,0.101,20.561,11.016,0.14,ptx,nomsa_notemplate
5j3q,42,3,0.5159,0.4791,20.5839,0.077,20.584,12.105,0.07,ptx,nomsa_notemplate
5j3q,42,4,0.5138,0.4765,20.3052,0.102,20.305,10.866,0.14,ptx,nomsa_notemplate
5j3q,43,0,0.4328,0.3574,20.8437,0.062,20.844,10.494,0.023,ptx,nomsa_notemplate
5j3q,43,1,0.4723,0.3504,17.7439,0.09,17.744,13.158,0.07,ptx,nomsa_notemplate
5j3q,43,2,0.4444,0.3481,18.3762,0.104,18.376,10.294,0.116,ptx,nomsa_notemplate
5j3q,43,3,0.4708,0.3484,18.0237,0.088,18.024,13.381,0.07,ptx,nomsa_notemplate
5j3q,43,4,0.4719,0.3461,17.4572,0.099,17.457,13.242,0.093,ptx,nomsa_notemplate
5j3q,44,0,0.8914,0.9276,2.1331,0.792,2.133,1.228,0.837,ptx,nomsa_notemplate
5j3q,44,1,0.8913,0.9275,1.8635,0.813,1.864,1.047,0.814,ptx,nomsa_notemplate
5j3q,44,2,0.8915,0.9274,2.1281,0.796,2.128,1.145,0.814,ptx,nomsa_notemplate
5j3q,44,3,0.8911,0.927,2.2283,0.807,2.228,1.224,0.884,ptx,nomsa_notemplate
5j3q,44,4,0.8905,0.9269,1.7445,0.783,1.744,1.06,0.721,ptx,nomsa_notemplate
5kds,42,0,0.2384,0.2478,24.852,0.064,24.852,14.095,0.077,ptx,nomsa_notemplate
5kds,42,1,0.2378,0.2451,8.6747,0.223,8.675,9.342,0.154,ptx,nomsa_notemplate
5kds,42,2,0.234,0.2415,9.3011,0.158,9.301,10.926,0.0,ptx,nomsa_notemplate
5kds,42,3,0.2338,0.2411,28.3994,0.035,28.399,10.036,0.0,ptx,nomsa_notemplate
5kds,42,4,0.2281,0.1866,35.2511,0.023,35.251,12.288,0.0,ptx,nomsa_notemplate
5kds,43,0,0.2369,0.2227,31.2351,0.031,31.235,9.745,0.0,ptx,nomsa_notemplate
5kds,43,1,0.2356,0.2216,23.1585,0.07,23.159,12.165,0.077,ptx,nomsa_notemplate
5kds,43,2,0.2308,0.2113,32.2304,0.026,32.23,13.606,0.0,ptx,nomsa_notemplate
5kds,43,3,0.2361,0.2095,7.9672,0.241,7.967,7.794,0.154,ptx,nomsa_notemplate
5kds,43,4,0.2284,0.1912,29.1011,0.03,29.101,13.23,0.0,ptx,nomsa_notemplate
5kds,44,0,0.2287,0.2309,29.5894,0.03,29.589,12.93,0.0,ptx,nomsa_notemplate
5kds,44,1,0.2271,0.2134,18.0811,0.064,18.081,13.352,0.0,ptx,nomsa_notemplate
5kds,44,2,0.2337,0.2047,17.5295,0.094,17.529,12.295,0.077,ptx,nomsa_notemplate
5kds,44,3,0.2317,0.2022,24.9552,0.04,24.955,11.262,0.0,ptx,nomsa_notemplate
5kds,44,4,0.2296,0.1992,30.2359,0.031,30.236,10.827,0.0,ptx,nomsa_notemplate
5lyn,42,0,0.6182,0.7028,6.1939,0.351,6.194,7.034,0.357,ptx,nomsa_notemplate
5lyn,42,1,0.6073,0.6897,5.2395,0.342,5.239,11.657,0.286,ptx,nomsa_notemplate
5lyn,42,2,0.6046,0.6826,4.7618,0.354,4.762,12.05,0.286,ptx,nomsa_notemplate
5lyn,42,3,0.601,0.6781,8.3259,0.279,8.326,7.234,0.286,ptx,nomsa_notemplate
5lyn,42,4,0.5913,0.6688,6.0451,0.322,6.045,11.902,0.286,ptx,nomsa_notemplate
5lyn,43,0,0.6038,0.6913,5.2947,0.364,5.295,11.919,0.357,ptx,nomsa_notemplate
5lyn,43,1,0.603,0.6908,7.668,0.269,7.668,7.256,0.214,ptx,nomsa_notemplate
5lyn,43,2,0.6014,0.6844,6.675,0.307,6.675,11.899,0.286,ptx,nomsa_notemplate
5lyn,43,3,0.5995,0.6807,5.9919,0.347,5.992,11.861,0.357,ptx,nomsa_notemplate
5lyn,43,4,0.5855,0.6611,6.0355,0.31,6.035,11.839,0.25,ptx,nomsa_notemplate
5lyn,44,0,0.6482,0.7642,7.4617,0.299,7.462,14.551,0.321,ptx,nomsa_notemplate
5lyn,44,1,0.6405,0.7609,7.3229,0.302,7.323,14.417,0.321,ptx,nomsa_notemplate
5lyn,44,2,0.6412,0.7591,7.8052,0.291,7.805,14.607,0.321,ptx,nomsa_notemplate
5lyn,44,3,0.6393,0.7579,7.5868,0.296,7.587,14.259,0.321,ptx,nomsa_notemplate
5lyn,44,4,0.6382,0.7529,8.5045,0.265,8.505,14.608,0.286,ptx,nomsa_notemplate
5m5r,42,0,0.387,0.5018,40.1401,0.017,40.14,15.663,0.0,ptx,nomsa_notemplate
5m5r,42,1,0.3413,0.4921,37.4298,0.02,37.43,14.326,0.0,ptx,nomsa_notemplate
5m5r,42,2,0.3671,0.4903,42.3479,0.016,42.348,15.765,0.0,ptx,nomsa_notemplate
5m5r,42,3,0.3633,0.4853,41.5363,0.017,41.536,15.449,0.0,ptx,nomsa_notemplate
5m5r,42,4,0.3284,0.4348,44.6849,0.014,44.685,16.802,0.0,ptx,nomsa_notemplate
5m5r,43,0,0.3146,0.5272,28.3154,0.036,28.315,9.161,0.0,ptx,nomsa_notemplate
5m5r,43,1,0.3695,0.4894,41.998,0.016,41.998,15.683,0.0,ptx,nomsa_notemplate
5m5r,43,2,0.3661,0.4878,41.2667,0.017,41.267,15.59,0.0,ptx,nomsa_notemplate
5m5r,43,3,0.3447,0.4678,42.1979,0.016,42.198,16.116,0.0,ptx,nomsa_notemplate
5m5r,43,4,0.3064,0.3399,62.5466,0.008,62.547,22.119,0.0,ptx,nomsa_notemplate
5m5r,44,0,0.3892,0.5145,40.7544,0.017,40.754,15.252,0.0,ptx,nomsa_notemplate
5m5r,44,1,0.3903,0.5126,40.7539,0.017,40.754,15.473,0.0,ptx,nomsa_notemplate
5m5r,44,2,0.382,0.5122,40.08,0.018,40.08,15.271,0.0,ptx,nomsa_notemplate
5m5r,44,3,0.3682,0.4946,41.5538,0.016,41.554,15.579,0.0,ptx,nomsa_notemplate
5m5r,44,4,0.3815,0.4948,41.3056,0.016,41.306,15.983,0.0,ptx,nomsa_notemplate
5n22,42,0,0.3,0.171,25.3077,0.074,25.308,14.094,0.109,ptx,nomsa_notemplate
5n22,42,1,0.2861,0.168,31.3919,0.063,31.392,13.73,0.109,ptx,nomsa_notemplate
5n22,42,2,0.2795,0.1628,29.8021,0.029,29.802,14.56,0.0,ptx,nomsa_notemplate
5n22,42,3,0.2765,0.1612,20.2817,0.054,20.282,13.761,0.0,ptx,nomsa_notemplate
5n22,42,4,0.2824,0.1608,32.7584,0.024,32.758,14.793,0.0,ptx,nomsa_notemplate
5n22,43,0,0.3188,0.2729,28.5605,0.045,28.561,14.631,0.043,ptx,nomsa_notemplate
5n22,43,1,0.3108,0.2683,29.1455,0.03,29.145,14.136,0.0,ptx,nomsa_notemplate
5n22,43,2,0.3106,0.2661,30.3445,0.042,30.345,15.308,0.043,ptx,nomsa_notemplate
5n22,43,3,0.3086,0.258,32.4807,0.025,32.481,14.797,0.0,ptx,nomsa_notemplate
5n22,43,4,0.3099,0.2439,28.7251,0.037,28.725,14.765,0.022,ptx,nomsa_notemplate
5n22,44,0,0.2812,0.1594,31.4481,0.041,31.448,14.401,0.043,ptx,nomsa_notemplate
5n22,44,1,0.285,0.1579,30.0057,0.028,30.006,14.21,0.0,ptx,nomsa_notemplate
5n22,44,2,0.2749,0.1566,33.4193,0.024,33.419,14.566,0.0,ptx,nomsa_notemplate
5n22,44,3,0.2942,0.1499,21.7105,0.049,21.71,13.187,0.0,ptx,nomsa_notemplate
5n22,44,4,0.2874,0.1464,33.9809,0.045,33.981,14.89,0.065,ptx,nomsa_notemplate
5n85,42,0,0.4141,0.347,10.8753,0.204,10.875,9.756,0.211,ptx,nomsa_notemplate
5n85,42,1,0.4222,0.341,28.4897,0.032,28.49,12.268,0.0,ptx,nomsa_notemplate
5n85,42,2,0.4121,0.3359,6.8623,0.219,6.862,9.16,0.026,ptx,nomsa_notemplate
5n85,42,3,0.396,0.3306,21.7935,0.068,21.793,11.074,0.053,ptx,nomsa_notemplate
5n85,42,4,0.4031,0.3273,19.381,0.078,19.381,10.452,0.053,ptx,nomsa_notemplate
5n85,43,0,0.4021,0.3547,19.2176,0.07,19.218,10.672,0.026,ptx,nomsa_notemplate
5n85,43,1,0.4155,0.3479,9.9422,0.21,9.942,9.711,0.184,ptx,nomsa_notemplate
5n85,43,2,0.412,0.3448,4.7971,0.289,4.797,8.729,0.079,ptx,nomsa_notemplate
5n85,43,3,0.4128,0.3417,12.5815,0.138,12.581,10.265,0.079,ptx,nomsa_notemplate
5n85,43,4,0.3963,0.331,8.6246,0.19,8.625,9.616,0.053,ptx,nomsa_notemplate
5n85,44,0,0.419,0.3384,26.0947,0.037,26.095,11.77,0.0,ptx,nomsa_notemplate
5n85,44,1,0.4144,0.3368,24.7997,0.041,24.8,11.595,0.0,ptx,nomsa_notemplate
5n85,44,2,0.4091,0.3265,22.9462,0.046,22.946,11.471,0.0,ptx,nomsa_notemplate
5n85,44,3,0.3883,0.3229,9.4393,0.167,9.439,9.163,0.026,ptx,nomsa_notemplate
5n85,44,4,0.4059,0.3252,16.9299,0.1,16.93,10.693,0.079,ptx,nomsa_notemplate
5njc,42,0,0.2397,0.2574,25.1976,0.036,25.198,18.497,0.0,ptx,nomsa_notemplate
5njc,42,1,0.2453,0.2381,37.4201,0.018,37.42,21.532,0.0,ptx,nomsa_notemplate
5njc,42,2,0.2401,0.1896,9.677,0.147,9.677,17.949,0.0,ptx,nomsa_notemplate
5njc,42,3,0.2373,0.1879,18.5414,0.06,18.541,18.987,0.0,ptx,nomsa_notemplate
5njc,42,4,0.2398,0.1872,34.0292,0.022,34.029,17.34,0.0,ptx,nomsa_notemplate
5njc,43,0,0.2294,0.248,31.634,0.024,31.634,20.812,0.0,ptx,nomsa_notemplate
5njc,43,1,0.227,0.2025,22.6168,0.043,22.617,20.049,0.0,ptx,nomsa_notemplate
5njc,43,2,0.2293,0.1999,21.3964,0.056,21.396,21.325,0.026,ptx,nomsa_notemplate
5njc,43,3,0.2281,0.1799,19.1855,0.057,19.186,18.097,0.0,ptx,nomsa_notemplate
5njc,43,4,0.2405,0.1756,34.7024,0.03,34.702,16.098,0.026,ptx,nomsa_notemplate
5njc,44,0,0.2514,0.2623,38.9631,0.018,38.963,15.852,0.0,ptx,nomsa_notemplate
5njc,44,1,0.2501,0.2596,36.9017,0.019,36.902,19.22,0.0,ptx,nomsa_notemplate
5njc,44,2,0.2397,0.2553,30.0182,0.026,30.018,20.748,0.0,ptx,nomsa_notemplate
5njc,44,3,0.2381,0.1796,9.4427,0.151,9.443,20.505,0.0,ptx,nomsa_notemplate
5njc,44,4,0.243,0.1671,14.603,0.086,14.603,19.752,0.0,ptx,nomsa_notemplate
5nqv,42,0,0.3626,0.3288,37.73,0.02,37.73,13.638,0.0,ptx,nomsa_notemplate
5nqv,42,1,0.37,0.316,30.7464,0.037,30.746,11.805,0.024,ptx,nomsa_notemplate
5nqv,42,2,0.3708,0.3125,29.5905,0.031,29.59,11.869,0.0,ptx,nomsa_notemplate
5nqv,42,3,0.3668,0.3142,42.1248,0.018,42.125,12.789,0.0,ptx,nomsa_notemplate
5nqv,42,4,0.3721,0.3123,42.2528,0.017,42.253,13.225,0.0,ptx,nomsa_notemplate
5nqv,43,0,0.3637,0.3283,38.411,0.02,38.411,13.613,0.0,ptx,nomsa_notemplate
5nqv,43,1,0.3581,0.315,31.6648,0.027,31.665,12.417,0.0,ptx,nomsa_notemplate
5nqv,43,2,0.3648,0.3084,33.8918,0.041,33.892,11.8,0.048,ptx,nomsa_notemplate
5nqv,43,3,0.3635,0.2953,30.2931,0.038,30.293,10.912,0.024,ptx,nomsa_notemplate
5nqv,43,4,0.3309,0.2532,27.2436,0.155,27.244,10.856,0.357,ptx,nomsa_notemplate
5nqv,44,0,0.3552,0.3396,35.4114,0.023,35.411,12.942,0.0,ptx,nomsa_notemplate
5nqv,44,1,0.3571,0.3252,43.019,0.016,43.019,13.675,0.0,ptx,nomsa_notemplate
5nqv,44,2,0.3608,0.3005,42.1428,0.017,42.143,12.946,0.0,ptx,nomsa_notemplate
5nqv,44,3,0.3583,0.2937,32.854,0.026,32.854,12.058,0.0,ptx,nomsa_notemplate
5nqv,44,4,0.3175,0.1954,20.7254,0.052,20.725,14.29,0.0,ptx,nomsa_notemplate
5o9u,42,0,0.2214,0.1944,36.6807,0.019,36.681,20.42,0.0,ptx,nomsa_notemplate
5o9u,42,1,0.2193,0.1931,29.4637,0.028,29.464,19.77,0.0,ptx,nomsa_notemplate
5o9u,42,2,0.2219,0.1889,24.1188,0.039,24.119,18.776,0.0,ptx,nomsa_notemplate
5o9u,42,3,0.2125,0.184,31.922,0.024,31.922,19.126,0.0,ptx,nomsa_notemplate
5o9u,42,4,0.2164,0.1832,38.3591,0.017,38.359,22.376,0.0,ptx,nomsa_notemplate
5o9u,43,0,0.2321,0.2343,37.2158,0.019,37.216,18.982,0.0,ptx,nomsa_notemplate
5o9u,43,1,0.226,0.2349,25.0282,0.036,25.028,20.487,0.0,ptx,nomsa_notemplate
5o9u,43,2,0.2235,0.2067,28.9708,0.028,28.971,20.858,0.0,ptx,nomsa_notemplate
5o9u,43,3,0.2244,0.1836,30.3279,0.035,30.328,19.556,0.027,ptx,nomsa_notemplate
5o9u,43,4,0.2166,0.178,25.1614,0.036,25.161,19.228,0.0,ptx,nomsa_notemplate
5o9u,44,0,0.2245,0.2015,33.8479,0.022,33.848,19.707,0.0,ptx,nomsa_notemplate
5o9u,44,1,0.2235,0.1829,29.9077,0.046,29.908,17.463,0.055,ptx,nomsa_notemplate
5o9u,44,2,0.2224,0.1742,21.2547,0.057,21.255,20.251,0.027,ptx,nomsa_notemplate
5o9u,44,3,0.2228,0.162,28.5108,0.029,28.511,18.944,0.0,ptx,nomsa_notemplate
5o9u,44,4,0.2236,0.1622,25.4061,0.054,25.406,18.991,0.055,ptx,nomsa_notemplate
5oj5,42,0,0.5359,0.7672,29.6585,0.032,29.659,10.246,0.0,ptx,nomsa_notemplate
5oj5,42,1,0.5592,0.7663,31.2613,0.029,31.261,10.836,0.0,ptx,nomsa_notemplate
5oj5,42,2,0.535,0.7446,31.8927,0.028,31.893,11.041,0.0,ptx,nomsa_notemplate
5oj5,42,3,0.5369,0.7441,33.2675,0.026,33.268,11.576,0.0,ptx,nomsa_notemplate
5oj5,42,4,0.4292,0.648,2.5706,0.804,2.571,1.011,0.81,ptx,nomsa_notemplate
5oj5,43,0,0.4949,0.7189,30.8907,0.03,30.891,10.603,0.0,ptx,nomsa_notemplate
5oj5,43,1,0.4791,0.7168,31.4026,0.029,31.403,10.648,0.0,ptx,nomsa_notemplate
5oj5,43,2,0.4774,0.7046,31.2373,0.029,31.237,10.715,0.0,ptx,nomsa_notemplate
5oj5,43,3,0.4446,0.653,39.5543,0.019,39.554,13.247,0.0,ptx,nomsa_notemplate
5oj5,43,4,0.427,0.6157,2.4189,0.827,2.419,0.872,0.81,ptx,nomsa_notemplate
5oj5,44,0,0.4739,0.6828,31.3973,0.029,31.397,10.745,0.0,ptx,nomsa_notemplate
5oj5,44,1,0.4774,0.6826,30.6844,0.03,30.684,10.725,0.0,ptx,nomsa_notemplate
5oj5,44,2,0.4435,0.5988,2.8626,0.799,2.863,1.119,0.857,ptx,nomsa_notemplate
5oj5,44,3,0.4424,0.5934,2.579,0.814,2.579,1.058,0.857,ptx,nomsa_notemplate
5oj5,44,4,0.4411,0.5904,2.5358,0.834,2.536,0.922,0.857,ptx,nomsa_notemplate
5onp,42,0,0.2498,0.2066,10.9685,0.137,10.968,14.342,0.026,ptx,nomsa_notemplate
5onp,42,1,0.237,0.1911,14.7068,0.099,14.707,10.537,0.026,ptx,nomsa_notemplate
5onp,42,2,0.2418,0.1888,20.9444,0.053,20.944,11.116,0.0,ptx,nomsa_notemplate
5onp,42,3,0.2351,0.1881,12.0105,0.115,12.01,14.056,0.0,ptx,nomsa_notemplate
5onp,42,4,0.2331,0.1768,25.5995,0.037,25.6,13.523,0.0,ptx,nomsa_notemplate
5onp,43,0,0.2374,0.2168,29.602,0.029,29.602,14.367,0.0,ptx,nomsa_notemplate
5onp,43,1,0.2658,0.2158,10.5321,0.171,10.532,13.668,0.105,ptx,nomsa_notemplate
5onp,43,2,0.2364,0.1971,19.6595,0.056,19.659,13.887,0.0,ptx,nomsa_notemplate
5onp,43,3,0.2282,0.1873,33.6119,0.024,33.612,14.549,0.0,ptx,nomsa_notemplate
5onp,43,4,0.2266,0.1714,25.0555,0.039,25.055,12.769,0.0,ptx,nomsa_notemplate
5onp,44,0,0.2426,0.22,21.5668,0.06,21.567,10.569,0.026,ptx,nomsa_notemplate
5onp,44,1,0.2363,0.2191,29.6627,0.039,29.663,12.894,0.026,ptx,nomsa_notemplate
5onp,44,2,0.2442,0.2009,21.7092,0.067,21.709,11.511,0.053,ptx,nomsa_notemplate
5onp,44,3,0.2385,0.1956,17.2618,0.079,17.262,11.722,0.026,ptx,nomsa_notemplate
5onp,44,4,0.24,0.1759,26.343,0.035,26.343,13.616,0.0,ptx,nomsa_notemplate
5t0k,42,0,0.2372,0.1625,32.9152,0.049,32.915,13.217,0.071,ptx,nomsa_notemplate
5t0k,42,1,0.2337,0.1616,31.2034,0.026,31.203,14.804,0.0,ptx,nomsa_notemplate
5t0k,42,2,0.2355,0.1597,14.9046,0.098,14.905,13.964,0.036,ptx,nomsa_notemplate
5t0k,42,3,0.2299,0.1539,26.4945,0.053,26.494,13.389,0.054,ptx,nomsa_notemplate
5t0k,42,4,0.2276,0.1536,27.76,0.032,27.76,14.082,0.0,ptx,nomsa_notemplate
5t0k,43,0,0.2522,0.186,15.4833,0.129,15.483,12.699,0.143,ptx,nomsa_notemplate
5t0k,43,1,0.2447,0.1851,8.3294,0.217,8.329,11.515,0.125,ptx,nomsa_notemplate
5t0k,43,2,0.2394,0.1802,23.7741,0.067,23.774,11.906,0.071,ptx,nomsa_notemplate
5t0k,43,3,0.2362,0.1764,24.2753,0.04,24.275,13.751,0.0,ptx,nomsa_notemplate
5t0k,43,4,0.2369,0.1502,26.0768,0.035,26.077,15.427,0.0,ptx,nomsa_notemplate
5t0k,44,0,0.2268,0.1681,28.8339,0.03,28.834,14.586,0.0,ptx,nomsa_notemplate
5t0k,44,1,0.2366,0.1667,12.628,0.127,12.628,11.941,0.054,ptx,nomsa_notemplate
5t0k,44,2,0.234,0.1641,14.2418,0.098,14.242,12.99,0.018,ptx,nomsa_notemplate
5t0k,44,3,0.2311,0.1575,23.4917,0.072,23.492,13.688,0.089,ptx,nomsa_notemplate
5t0k,44,4,0.2263,0.1389,24.5661,0.039,24.566,14.509,0.0,ptx,nomsa_notemplate
5tgi,42,0,0.3359,0.2325,20.7617,0.069,20.762,12.471,0.049,ptx,nomsa_notemplate
5tgi,42,1,0.3335,0.218,16.5554,0.177,16.555,8.733,0.293,ptx,nomsa_notemplate
5tgi,42,2,0.3406,0.2174,10.6441,0.172,10.644,8.633,0.098,ptx,nomsa_notemplate
5tgi,42,3,0.3321,0.1859,22.5642,0.063,22.564,11.489,0.049,ptx,nomsa_notemplate
5tgi,42,4,0.34,0.172,29.4016,0.03,29.402,13.314,0.0,ptx,nomsa_notemplate
5tgi,43,0,0.3467,0.2514,20.6292,0.069,20.629,12.881,0.049,ptx,nomsa_notemplate
5tgi,43,1,0.3433,0.247,21.8334,0.073,21.833,12.985,0.073,ptx,nomsa_notemplate
5tgi,43,2,0.3498,0.2355,11.2447,0.179,11.245,8.875,0.146,ptx,nomsa_notemplate
5tgi,43,3,0.3479,0.2331,11.0723,0.174,11.072,8.604,0.122,ptx,nomsa_notemplate
5tgi,43,4,0.3453,0.22,17.5291,0.087,17.529,10.036,0.049,ptx,nomsa_notemplate
5tgi,44,0,0.3425,0.235,21.7623,0.056,21.762,13.504,0.024,ptx,nomsa_notemplate
5tgi,44,1,0.3421,0.2282,9.0133,0.233,9.013,8.259,0.195,ptx,nomsa_notemplate
5tgi,44,2,0.3365,0.2303,22.9485,0.053,22.948,13.349,0.024,ptx,nomsa_notemplate
5tgi,44,3,0.3319,0.2267,22.1604,0.055,22.16,13.243,0.024,ptx,nomsa_notemplate
5tgi,44,4,0.3418,0.2239,9.784,0.226,9.784,8.609,0.22,ptx,nomsa_notemplate
5v2p,42,0,0.3785,0.2081,51.1951,0.025,51.195,18.047,0.042,ptx,nomsa_notemplate
5v2p,42,1,0.3761,0.204,17.1764,0.079,17.176,10.566,0.021,ptx,nomsa_notemplate
5v2p,42,2,0.3754,0.1997,45.7615,0.015,45.762,13.64,0.0,ptx,nomsa_notemplate
5v2p,42,3,0.3906,0.1959,59.4161,0.009,59.416,18.785,0.0,ptx,nomsa_notemplate
5v2p,42,4,0.4059,0.1949,56.0618,0.011,56.062,13.966,0.0,ptx,nomsa_notemplate
5v2p,43,0,0.3794,0.2271,30.3382,0.043,30.338,12.431,0.042,ptx,nomsa_notemplate
5v2p,43,1,0.3569,0.1981,29.6518,0.03,29.652,12.041,0.0,ptx,nomsa_notemplate
5v2p,43,2,0.3841,0.196,47.0836,0.014,47.084,13.897,0.0,ptx,nomsa_notemplate
5v2p,43,3,0.4054,0.1834,48.597,0.012,48.597,17.971,0.0,ptx,nomsa_notemplate
5v2p,43,4,0.3796,0.1824,40.8407,0.019,40.841,12.307,0.0,ptx,nomsa_notemplate
5v2p,44,0,0.3816,0.1946,18.3553,0.066,18.355,10.246,0.0,ptx,nomsa_notemplate
5v2p,44,1,0.3684,0.1935,36.8536,0.021,36.854,13.675,0.0,ptx,nomsa_notemplate
5v2p,44,2,0.3805,0.1915,51.7517,0.011,51.752,18.436,0.0,ptx,nomsa_notemplate
5v2p,44,3,0.3766,0.1909,36.6759,0.021,36.676,14.375,0.0,ptx,nomsa_notemplate
5v2p,44,4,0.3691,0.1777,45.7916,0.014,45.792,14.907,0.0,ptx,nomsa_notemplate
5v3r,42,0,0.3256,0.2395,39.7772,0.017,39.777,17.059,0.0,ptx,nomsa_notemplate
5v3r,42,1,0.297,0.2094,32.6912,0.036,32.691,14.178,0.034,ptx,nomsa_notemplate
5v3r,42,2,0.3041,0.1849,32.0863,0.026,32.086,13.28,0.0,ptx,nomsa_notemplate
5v3r,42,3,0.3058,0.1764,23.0968,0.078,23.097,14.624,0.103,ptx,nomsa_notemplate
5v3r,42,4,0.2963,0.1679,36.7807,0.033,36.781,12.815,0.034,ptx,nomsa_notemplate
5v3r,43,0,0.3468,0.2612,53.2694,0.01,53.269,23.791,0.0,ptx,nomsa_notemplate
5v3r,43,1,0.3363,0.2388,40.3647,0.018,40.365,14.292,0.0,ptx,nomsa_notemplate
5v3r,43,2,0.3323,0.2337,31.4734,0.028,31.473,12.297,0.0,ptx,nomsa_notemplate
5v3r,43,3,0.3038,0.2018,23.0762,0.125,23.076,12.127,0.241,ptx,nomsa_notemplate
5v3r,43,4,0.3133,0.2011,27.4489,0.092,27.449,12.069,0.172,ptx,nomsa_notemplate
5v3r,44,0,0.3363,0.2405,36.8511,0.02,36.851,15.246,0.0,ptx,nomsa_notemplate
5v3r,44,1,0.315,0.2174,31.7311,0.027,31.731,12.238,0.0,ptx,nomsa_notemplate
5v3r,44,2,0.3133,0.2104,39.1825,0.018,39.182,15.002,0.0,ptx,nomsa_notemplate
5v3r,44,3,0.3099,0.1835,18.5645,0.108,18.564,13.214,0.138,ptx,nomsa_notemplate
5v3r,44,4,0.3045,0.18,32.8822,0.025,32.882,13.621,0.0,ptx,nomsa_notemplate
5wfv,42,0,0.8819,0.9673,0.6105,0.892,0.61,0.673,0.848,ptx,nomsa_notemplate
5wfv,42,1,0.8816,0.9673,0.5326,0.914,0.533,0.622,0.891,ptx,nomsa_notemplate
5wfv,42,2,0.8814,0.9671,0.56,0.904,0.56,0.744,0.913,ptx,nomsa_notemplate
5wfv,42,3,0.8808,0.967,0.5832,0.841,0.583,0.931,0.804,ptx,nomsa_notemplate
5wfv,42,4,0.8806,0.9667,0.5938,0.871,0.594,0.821,0.848,ptx,nomsa_notemplate
5wfv,43,0,0.8819,0.9671,0.6994,0.861,0.699,0.832,0.826,ptx,nomsa_notemplate
5wfv,43,1,0.881,0.9669,0.6096,0.872,0.61,0.815,0.848,ptx,nomsa_notemplate
5wfv,43,2,0.8812,0.9669,0.5505,0.904,0.55,0.691,0.891,ptx,nomsa_notemplate
5wfv,43,3,0.8812,0.9669,0.5886,0.829,0.589,1.009,0.804,ptx,nomsa_notemplate
5wfv,43,4,0.8805,0.9667,0.6291,0.85,0.629,0.963,0.848,ptx,nomsa_notemplate
5wfv,44,0,0.7654,0.9217,1.2866,0.744,1.287,1.584,0.783,ptx,nomsa_notemplate
5wfv,44,1,0.7644,0.9214,0.7699,0.812,0.77,1.074,0.783,ptx,nomsa_notemplate
5wfv,44,2,0.7637,0.9205,1.0867,0.801,1.087,1.302,0.848,ptx,nomsa_notemplate
5wfv,44,3,0.7641,0.9201,0.5359,0.814,0.536,1.172,0.826,ptx,nomsa_notemplate
5wfv,44,4,0.7643,0.9193,1.6026,0.734,1.603,1.648,0.783,ptx,nomsa_notemplate
5wyi,42,0,0.432,0.3585,34.4429,0.047,34.443,15.884,0.074,ptx,nomsa_notemplate
5wyi,42,1,0.4284,0.3542,35.7598,0.058,35.76,15.555,0.111,ptx,nomsa_notemplate
5wyi,42,2,0.4234,0.3512,26.4876,0.034,26.488,15.993,0.0,ptx,nomsa_notemplate
5wyi,42,3,0.4256,0.3501,24.8924,0.038,24.892,15.661,0.0,ptx,nomsa_notemplate
5wyi,42,4,0.3991,0.299,32.3459,0.024,32.346,16.17,0.0,ptx,nomsa_notemplate
5wyi,43,0,0.3682,0.2325,34.0377,0.035,34.038,14.399,0.037,ptx,nomsa_notemplate
5wyi,43,1,0.3634,0.2307,29.7938,0.029,29.794,13.404,0.0,ptx,nomsa_notemplate
5wyi,43,2,0.3617,0.2284,33.1503,0.048,33.15,15.285,0.074,ptx,nomsa_notemplate
5wyi,43,3,0.3607,0.2227,27.4717,0.058,27.472,13.021,0.074,ptx,nomsa_notemplate
5wyi,43,4,0.3596,0.219,25.0052,0.039,25.005,13.396,0.0,ptx,nomsa_notemplate
5wyi,44,0,0.437,0.3546,35.7794,0.033,35.779,15.62,0.037,ptx,nomsa_notemplate
5wyi,44,1,0.4339,0.3513,34.2035,0.035,34.204,15.289,0.037,ptx,nomsa_notemplate
5wyi,44,2,0.4312,0.3494,28.6668,0.042,28.667,15.421,0.037,ptx,nomsa_notemplate
5wyi,44,3,0.43,0.3413,28.7564,0.03,28.756,15.555,0.0,ptx,nomsa_notemplate
5wyi,44,4,0.4313,0.3403,26.8987,0.033,26.899,15.86,0.0,ptx,nomsa_notemplate
5xhz,42,0,0.6274,0.3753,22.6745,0.048,22.675,10.666,0.0,ptx,nomsa_notemplate
5xhz,42,1,0.6147,0.375,23.2454,0.046,23.245,10.532,0.0,ptx,nomsa_notemplate
5xhz,42,2,0.6122,0.3741,21.3245,0.053,21.325,10.13,0.0,ptx,nomsa_notemplate
5xhz,42,3,0.6247,0.3715,22.5492,0.048,22.549,10.632,0.0,ptx,nomsa_notemplate
5xhz,42,4,0.587,0.3457,18.892,0.071,18.892,10.754,0.025,ptx,nomsa_notemplate
5xhz,43,0,0.7633,0.7979,19.2221,0.076,19.222,12.346,0.05,ptx,nomsa_notemplate
5xhz,43,1,0.7572,0.7967,18.7275,0.078,18.727,12.462,0.05,ptx,nomsa_notemplate
5xhz,43,2,0.7574,0.7952,18.52,0.088,18.52,12.581,0.075,ptx,nomsa_notemplate
5xhz,43,3,0.7563,0.7951,18.7676,0.078,18.768,12.442,0.05,ptx,nomsa_notemplate
5xhz,43,4,0.7516,0.7933,20.4277,0.062,20.428,13.077,0.025,ptx,nomsa_notemplate
5xhz,44,0,0.6925,0.5362,16.8267,0.133,16.827,6.807,0.15,ptx,nomsa_notemplate
5xhz,44,1,0.6923,0.5277,23.2854,0.055,23.285,9.975,0.025,ptx,nomsa_notemplate
5xhz,44,2,0.6875,0.5234,23.8106,0.054,23.811,9.884,0.025,ptx,nomsa_notemplate
5xhz,44,3,0.6875,0.5192,24.2712,0.044,24.271,10.081,0.0,ptx,nomsa_notemplate
5xhz,44,4,0.6855,0.5189,24.4376,0.043,24.438,10.245,0.0,ptx,nomsa_notemplate
5xxq,42,0,0.2696,0.3063,28.4634,0.034,28.463,10.439,0.0,ptx,nomsa_notemplate
5xxq,42,1,0.2712,0.3,33.7961,0.026,33.796,10.982,0.0,ptx,nomsa_notemplate
5xxq,42,2,0.2693,0.2996,34.3313,0.025,34.331,11.548,0.0,ptx,nomsa_notemplate
5xxq,42,3,0.2616,0.2881,23.5673,0.059,23.567,7.595,0.024,ptx,nomsa_notemplate
5xxq,42,4,0.2596,0.2831,24.9879,0.046,24.988,7.956,0.0,ptx,nomsa_notemplate
5xxq,43,0,0.269,0.3022,27.6276,0.047,27.628,8.304,0.024,ptx,nomsa_notemplate
5xxq,43,1,0.272,0.2993,26.0476,0.041,26.048,8.881,0.0,ptx,nomsa_notemplate
5xxq,43,2,0.2657,0.2953,32.1762,0.029,32.176,9.892,0.0,ptx,nomsa_notemplate
5xxq,43,3,0.2654,0.2936,28.4986,0.034,28.499,10.228,0.0,ptx,nomsa_notemplate
5xxq,43,4,0.2607,0.2765,23.1655,0.053,23.165,7.339,0.0,ptx,nomsa_notemplate
5xxq,44,0,0.2729,0.311,23.8454,0.047,23.845,8.787,0.0,ptx,nomsa_notemplate
5xxq,44,1,0.2756,0.3104,22.5328,0.052,22.533,8.2,0.0,ptx,nomsa_notemplate
5xxq,44,2,0.2653,0.2964,28.7492,0.034,28.749,10.16,0.0,ptx,nomsa_notemplate
5xxq,44,3,0.2647,0.2876,29.2448,0.033,29.245,9.918,0.0,ptx,nomsa_notemplate
5xxq,44,4,0.2551,0.2862,40.808,0.018,40.808,13.417,0.0,ptx,nomsa_notemplate
5yay,42,0,0.3944,0.4176,7.527,0.274,7.527,5.536,0.194,ptx,nomsa_notemplate
5yay,42,1,0.3956,0.4177,7.5701,0.267,7.57,5.588,0.177,ptx,nomsa_notemplate
5yay,42,2,0.3953,0.4142,6.2332,0.29,6.233,5.275,0.145,ptx,nomsa_notemplate
5yay,42,3,0.3882,0.414,8.7316,0.208,8.732,6.077,0.081,ptx,nomsa_notemplate
5yay,42,4,0.3954,0.3919,6.2451,0.286,6.245,5.084,0.129,ptx,nomsa_notemplate
5yay,43,0,0.3887,0.3895,7.5052,0.258,7.505,5.549,0.145,ptx,nomsa_notemplate
5yay,43,1,0.3891,0.3806,6.569,0.298,6.569,5.235,0.194,ptx,nomsa_notemplate
5yay,43,2,0.3846,0.3797,7.2825,0.242,7.283,5.474,0.081,ptx,nomsa_notemplate
5yay,43,3,0.3906,0.377,6.3671,0.291,6.367,5.398,0.161,ptx,nomsa_notemplate
5yay,43,4,0.3902,0.3774,6.5036,0.287,6.504,5.514,0.161,ptx,nomsa_notemplate
5yay,44,0,0.3898,0.3924,7.7033,0.248,7.703,5.58,0.129,ptx,nomsa_notemplate
5yay,44,1,0.3914,0.3875,7.2343,0.263,7.234,5.689,0.145,ptx,nomsa_notemplate
5yay,44,2,0.3946,0.3841,6.2882,0.293,6.288,5.383,0.161,ptx,nomsa_notemplate
5yay,44,3,0.3913,0.3818,5.6542,0.293,5.654,5.383,0.113,ptx,nomsa_notemplate
5yay,44,4,0.3887,0.3776,7.5755,0.229,7.575,5.652,0.065,ptx,nomsa_notemplate
6b27,42,0,0.3766,0.2467,23.2952,0.098,23.295,12.284,0.161,ptx,nomsa_notemplate
6b27,42,1,0.3702,0.2471,17.5216,0.122,17.522,12.942,0.161,ptx,nomsa_notemplate
6b27,42,2,0.3787,0.2383,17.1329,0.092,17.133,12.91,0.065,ptx,nomsa_notemplate
6b27,42,3,0.3674,0.2386,25.0023,0.093,25.002,12.531,0.161,ptx,nomsa_notemplate
6b27,42,4,0.3735,0.2322,28.7278,0.043,28.728,12.1,0.032,ptx,nomsa_notemplate
6b27,43,0,0.3648,0.2253,31.7063,0.027,31.706,13.348,0.0,ptx,nomsa_notemplate
6b27,43,1,0.3746,0.2152,27.203,0.078,27.203,12.23,0.129,ptx,nomsa_notemplate
6b27,43,2,0.3725,0.2094,22.7403,0.045,22.74,13.322,0.0,ptx,nomsa_notemplate
6b27,43,3,0.3682,0.2071,26.925,0.036,26.925,11.217,0.0,ptx,nomsa_notemplate
6b27,43,4,0.3575,0.1949,18.8278,0.082,18.828,13.007,0.065,ptx,nomsa_notemplate
6b27,44,0,0.3654,0.2261,35.2451,0.022,35.245,13.476,0.0,ptx,nomsa_notemplate
6b27,44,1,0.3605,0.2087,30.7148,0.029,30.715,11.863,0.0,ptx,nomsa_notemplate
6b27,44,2,0.3558,0.2034,13.4707,0.132,13.471,12.975,0.097,ptx,nomsa_notemplate
6b27,44,3,0.3567,0.204,28.5026,0.032,28.503,12.368,0.0,ptx,nomsa_notemplate
6b27,44,4,0.3572,0.2026,33.1171,0.025,33.117,12.414,0.0,ptx,nomsa_notemplate
6co4,42,0,0.4468,0.4227,11.0877,0.225,11.088,6.622,0.255,ptx,nomsa_notemplate
6co4,42,1,0.4516,0.4204,11.6733,0.192,11.673,5.916,0.17,ptx,nomsa_notemplate
6co4,42,2,0.4514,0.4151,17.2493,0.128,17.249,7.33,0.149,ptx,nomsa_notemplate
6co4,42,3,0.4395,0.4112,6.7984,0.286,6.798,5.152,0.17,ptx,nomsa_notemplate
6co4,42,4,0.4359,0.4043,4.9165,0.359,4.916,4.192,0.213,ptx,nomsa_notemplate
6co4,43,0,0.7597,0.8251,6.9935,0.462,6.994,3.566,0.638,ptx,nomsa_notemplate
6co4,43,1,0.7592,0.8249,7.1138,0.466,7.114,3.586,0.66,ptx,nomsa_notemplate
6co4,43,2,0.7553,0.8238,4.1162,0.584,4.116,2.835,0.723,ptx,nomsa_notemplate
6co4,43,3,0.7556,0.8237,5.4372,0.511,5.437,3.133,0.638,ptx,nomsa_notemplate
6co4,43,4,0.7539,0.8235,5.0317,0.536,5.032,2.929,0.66,ptx,nomsa_notemplate
6co4,44,0,0.7893,0.8484,7.8423,0.437,7.842,3.839,0.638,ptx,nomsa_notemplate
6co4,44,1,0.7887,0.8483,7.4246,0.456,7.425,3.713,0.66,ptx,nomsa_notemplate
6co4,44,2,0.7888,0.8479,7.6441,0.439,7.644,3.967,0.638,ptx,nomsa_notemplate
6co4,44,3,0.7881,0.8476,6.6282,0.479,6.628,3.509,0.66,ptx,nomsa_notemplate
6co4,44,4,0.78,0.8456,5.2682,0.499,5.268,3.223,0.596,ptx,nomsa_notemplate
6dei,42,0,0.4112,0.2516,14.7217,0.108,14.722,14.171,0.062,ptx,nomsa_notemplate
6dei,42,1,0.405,0.2505,15.5984,0.087,15.598,13.719,0.021,ptx,nomsa_notemplate
6dei,42,2,0.4221,0.2441,18.2365,0.077,18.237,15.14,0.042,ptx,nomsa_notemplate
6dei,42,3,0.4045,0.2469,21.9383,0.054,21.938,13.876,0.021,ptx,nomsa_notemplate
6dei,42,4,0.41,0.243,21.3061,0.063,21.306,15.726,0.042,ptx,nomsa_notemplate
6dei,43,0,0.5919,0.4182,19.864,0.07,19.864,13.36,0.042,ptx,nomsa_notemplate
6dei,43,1,0.5831,0.418,22.5172,0.045,22.517,13.798,0.0,ptx,nomsa_notemplate
6dei,43,2,0.5947,0.4151,21.8963,0.069,21.896,13.491,0.062,ptx,nomsa_notemplate
6dei,43,3,0.5918,0.4125,20.3276,0.068,20.328,13.461,0.042,ptx,nomsa_notemplate
6dei,43,4,0.5911,0.4104,19.2205,0.073,19.221,13.261,0.042,ptx,nomsa_notemplate
6dei,44,0,0.5567,0.4002,17.144,0.084,17.144,13.518,0.042,ptx,nomsa_notemplate
6dei,44,1,0.5754,0.3956,15.716,0.094,15.716,13.073,0.042,ptx,nomsa_notemplate
6dei,44,2,0.5756,0.3951,18.4986,0.083,18.499,13.689,0.062,ptx,nomsa_notemplate
6dei,44,3,0.5685,0.3892,14.8493,0.107,14.849,13.286,0.062,ptx,nomsa_notemplate
6dei,44,4,0.5329,0.3662,10.625,0.155,10.625,13.116,0.062,ptx,nomsa_notemplate
6e5x,42,0,0.9156,0.9169,4.5257,0.788,4.526,1.193,0.971,ptx,nomsa_notemplate
6e5x,42,1,0.9157,0.9166,4.6682,0.788,4.668,1.167,0.971,ptx,nomsa_notemplate
6e5x,42,2,0.9157,0.9163,4.4572,0.793,4.457,1.166,0.971,ptx,nomsa_notemplate
6e5x,42,3,0.916,0.9158,4.2562,0.807,4.256,1.103,0.971,ptx,nomsa_notemplate
6e5x,42,4,0.9161,0.9153,4.0592,0.804,4.059,1.091,0.943,ptx,nomsa_notemplate
6e5x,43,0,0.9135,0.9161,4.9866,0.764,4.987,1.285,0.971,ptx,nomsa_notemplate
6e5x,43,1,0.9141,0.9155,4.7846,0.761,4.785,1.271,0.943,ptx,nomsa_notemplate
6e5x,43,2,0.9138,0.9154,4.9648,0.76,4.965,1.249,0.943,ptx,nomsa_notemplate
6e5x,43,3,0.9141,0.9151,4.9257,0.766,4.926,1.21,0.943,ptx,nomsa_notemplate
6e5x,43,4,0.9142,0.9149,4.6743,0.777,4.674,1.173,0.943,ptx,nomsa_notemplate
6e5x,44,0,0.92,0.9272,5.4556,0.729,5.456,1.478,0.971,ptx,nomsa_notemplate
6e5x,44,1,0.9214,0.9263,3.7684,0.797,3.768,1.191,0.943,ptx,nomsa_notemplate
6e5x,44,2,0.9211,0.926,5.1083,0.764,5.108,1.258,0.971,ptx,nomsa_notemplate
6e5x,44,3,0.9217,0.9253,4.2855,0.815,4.285,1.041,0.971,ptx,nomsa_notemplate
6e5x,44,4,0.9211,0.9261,5.2251,0.747,5.225,1.298,0.943,ptx,nomsa_notemplate
6ej7,42,0,0.2319,0.4541,18.9673,0.076,18.967,16.644,0.054,ptx,nomsa_notemplate
6ej7,42,1,0.2363,0.4357,30.7473,0.025,30.747,20.231,0.0,ptx,nomsa_notemplate
6ej7,42,2,0.2393,0.3803,37.3545,0.018,37.354,21.099,0.0,ptx,nomsa_notemplate
6ej7,42,3,0.2348,0.3732,43.0927,0.015,43.093,18.956,0.0,ptx,nomsa_notemplate
6ej7,42,4,0.2298,0.3409,40.5184,0.016,40.518,19.249,0.0,ptx,nomsa_notemplate
6ej7,43,0,0.2503,0.2876,32.0173,0.024,32.017,18.313,0.0,ptx,nomsa_notemplate
6ej7,43,1,0.2527,0.2849,33.4401,0.022,33.44,21.063,0.0,ptx,nomsa_notemplate
6ej7,43,2,0.2504,0.2589,27.3331,0.032,27.333,17.685,0.0,ptx,nomsa_notemplate
6ej7,43,3,0.2527,0.2542,26.1107,0.034,26.111,18.402,0.0,ptx,nomsa_notemplate
6ej7,43,4,0.2457,0.2444,36.7004,0.025,36.7,18.529,0.018,ptx,nomsa_notemplate
6ej7,44,0,0.2395,0.4557,31.085,0.025,31.085,19.77,0.0,ptx,nomsa_notemplate
6ej7,44,1,0.2331,0.438,29.4324,0.027,29.432,20.605,0.0,ptx,nomsa_notemplate
6ej7,44,2,0.2332,0.3578,28.879,0.028,28.879,21.855,0.0,ptx,nomsa_notemplate
6ej7,44,3,0.2406,0.3551,24.1005,0.038,24.101,22.987,0.0,ptx,nomsa_notemplate
6ej7,44,4,0.2385,0.3377,34.5479,0.021,34.548,20.597,0.0,ptx,nomsa_notemplate
6f0w,42,0,0.2727,0.1599,11.8633,0.12,11.863,16.553,0.013,ptx,nomsa_notemplate
6f0w,42,1,0.2735,0.1588,14.154,0.118,14.154,14.465,0.079,ptx,nomsa_notemplate
6f0w,42,2,0.2822,0.1586,22.1075,0.064,22.107,14.968,0.053,ptx,nomsa_notemplate
6f0w,42,3,0.2784,0.1585,25.4591,0.041,25.459,16.268,0.013,ptx,nomsa_notemplate
6f0w,42,4,0.2731,0.1398,28.0756,0.031,28.076,15.619,0.0,ptx,nomsa_notemplate
6f0w,43,0,0.2869,0.159,26.8843,0.051,26.884,15.6,0.053,ptx,nomsa_notemplate
6f0w,43,1,0.284,0.1578,20.668,0.056,20.668,15.484,0.013,ptx,nomsa_notemplate
6f0w,43,2,0.2847,0.1569,32.9493,0.024,32.949,16.532,0.0,ptx,nomsa_notemplate
6f0w,43,3,0.2803,0.1527,23.0352,0.064,23.035,18.461,0.066,ptx,nomsa_notemplate
6f0w,43,4,0.2794,0.1438,24.562,0.038,24.562,18.179,0.0,ptx,nomsa_notemplate
6f0w,44,0,0.281,0.1592,24.7212,0.043,24.721,15.764,0.013,ptx,nomsa_notemplate
6f0w,44,1,0.2785,0.158,24.2341,0.07,24.234,17.381,0.092,ptx,nomsa_notemplate
6f0w,44,2,0.282,0.1535,31.7834,0.025,31.783,17.296,0.0,ptx,nomsa_notemplate
6f0w,44,3,0.2766,0.1535,23.4094,0.063,23.409,17.179,0.066,ptx,nomsa_notemplate
6f0w,44,4,0.2794,0.1472,29.2099,0.029,29.21,16.536,0.0,ptx,nomsa_notemplate
6f0y,42,0,0.3107,0.1915,25.1634,0.039,25.163,12.743,0.0,ptx,nomsa_notemplate
6f0y,42,1,0.2994,0.1833,30.8186,0.028,30.819,13.65,0.0,ptx,nomsa_notemplate
6f0y,42,2,0.2947,0.1837,26.5566,0.041,26.557,16.234,0.023,ptx,nomsa_notemplate
6f0y,42,3,0.2893,0.1808,22.8385,0.048,22.838,9.651,0.0,ptx,nomsa_notemplate
6f0y,42,4,0.2998,0.1777,32.6377,0.025,32.638,14.271,0.0,ptx,nomsa_notemplate
6f0y,43,0,0.3193,0.2245,20.2282,0.058,20.228,9.726,0.0,ptx,nomsa_notemplate
6f0y,43,1,0.3194,0.2244,19.2787,0.063,19.279,9.365,0.0,ptx,nomsa_notemplate
6f0y,43,2,0.3187,0.2227,17.8168,0.068,17.817,10.508,0.0,ptx,nomsa_notemplate
6f0y,43,3,0.3055,0.1854,31.5568,0.026,31.557,13.764,0.0,ptx,nomsa_notemplate
6f0y,43,4,0.3117,0.1821,35.2584,0.022,35.258,14.588,0.0,ptx,nomsa_notemplate
6f0y,44,0,0.3423,0.2496,24.4156,0.041,24.416,12.173,0.0,ptx,nomsa_notemplate
6f0y,44,1,0.3289,0.2407,23.7721,0.053,23.772,9.728,0.023,ptx,nomsa_notemplate
6f0y,44,2,0.3234,0.214,31.356,0.027,31.356,12.877,0.0,ptx,nomsa_notemplate
6f0y,44,3,0.311,0.2112,30.4367,0.028,30.437,13.889,0.0,ptx,nomsa_notemplate
6f0y,44,4,0.308,0.2046,30.1474,0.028,30.147,13.971,0.0,ptx,nomsa_notemplate
6f4s,42,0,0.2714,0.2165,13.5809,0.118,13.581,16.077,0.065,ptx,nomsa_notemplate
6f4s,42,1,0.2415,0.1999,23.3205,0.041,23.321,17.824,0.0,ptx,nomsa_notemplate
6f4s,42,2,0.2308,0.186,17.9621,0.064,17.962,14.684,0.0,ptx,nomsa_notemplate
6f4s,42,3,0.2286,0.1768,22.6337,0.044,22.634,15.943,0.0,ptx,nomsa_notemplate
6f4s,42,4,0.2293,0.1679,29.2888,0.051,29.289,15.073,0.065,ptx,nomsa_notemplate
6f4s,43,0,0.2257,0.1745,30.0473,0.06,30.047,15.586,0.097,ptx,nomsa_notemplate
6f4s,43,1,0.2246,0.1699,24.2407,0.039,24.241,16.731,0.0,ptx,nomsa_notemplate
6f4s,43,2,0.2349,0.1604,31.815,0.047,31.815,16.15,0.065,ptx,nomsa_notemplate
6f4s,43,3,0.2359,0.1572,31.3281,0.09,31.328,15.536,0.194,ptx,nomsa_notemplate
6f4s,43,4,0.2235,0.1502,31.8184,0.047,31.818,15.704,0.065,ptx,nomsa_notemplate
6f4s,44,0,0.2391,0.2001,10.5201,0.189,10.52,14.54,0.161,ptx,nomsa_notemplate
6f4s,44,1,0.2271,0.1872,14.0806,0.092,14.081,16.132,0.0,ptx,nomsa_notemplate
6f4s,44,2,0.2317,0.1817,18.7588,0.103,18.759,15.76,0.129,ptx,nomsa_notemplate
6f4s,44,3,0.2316,0.1755,16.1428,0.075,16.143,15.637,0.0,ptx,nomsa_notemplate
6f4s,44,4,0.2229,0.1624,17.9653,0.064,17.965,16.164,0.0,ptx,nomsa_notemplate
6f6d,42,0,0.3482,0.3413,39.563,0.032,39.563,21.26,0.046,ptx,nomsa_notemplate
6f6d,42,1,0.344,0.3375,40.5668,0.035,40.567,20.323,0.057,ptx,nomsa_notemplate
6f6d,42,2,0.3385,0.3276,27.1575,0.054,27.158,21.364,0.069,ptx,nomsa_notemplate
6f6d,42,3,0.335,0.3246,39.0637,0.04,39.064,22.026,0.069,ptx,nomsa_notemplate
6f6d,42,4,0.3332,0.317,43.1625,0.03,43.163,20.469,0.046,ptx,nomsa_notemplate
6f6d,43,0,0.3431,0.3291,36.1435,0.039,36.143,19.84,0.057,ptx,nomsa_notemplate
6f6d,43,1,0.3419,0.3216,40.6266,0.039,40.627,22.04,0.069,ptx,nomsa_notemplate
6f6d,43,2,0.2876,0.2437,36.56,0.023,36.56,18.988,0.011,ptx,nomsa_notemplate
6f6d,43,3,0.2948,0.2226,32.5554,0.027,32.555,20.023,0.011,ptx,nomsa_notemplate
6f6d,43,4,0.2737,0.2111,36.1262,0.019,36.126,19.725,0.0,ptx,nomsa_notemplate
6f6d,44,0,0.3415,0.3274,36.4835,0.046,36.484,20.084,0.08,ptx,nomsa_notemplate
6f6d,44,1,0.3388,0.3227,39.8392,0.035,39.839,20.424,0.057,ptx,nomsa_notemplate
6f6d,44,2,0.3228,0.3131,40.222,0.035,40.222,20.996,0.057,ptx,nomsa_notemplate
6f6d,44,3,0.3078,0.306,25.3475,0.059,25.348,18.4,0.069,ptx,nomsa_notemplate
6f6d,44,4,0.3193,0.3041,35.2915,0.039,35.291,20.899,0.057,ptx,nomsa_notemplate
6fbk,42,0,0.754,0.7004,24.6373,0.05,24.637,10.846,0.026,ptx,nomsa_notemplate
6fbk,42,1,0.7535,0.6999,24.69,0.05,24.69,10.916,0.026,ptx,nomsa_notemplate
6fbk,42,2,0.7503,0.6986,24.2774,0.051,24.277,10.783,0.026,ptx,nomsa_notemplate
6fbk,42,3,0.7487,0.6963,24.7179,0.05,24.718,10.878,0.026,ptx,nomsa_notemplate
6fbk,42,4,0.7483,0.6928,24.66,0.041,24.66,11.007,0.0,ptx,nomsa_notemplate
6fbk,43,0,0.7068,0.6689,24.6272,0.05,24.627,10.889,0.026,ptx,nomsa_notemplate
6fbk,43,1,0.7088,0.6677,24.6952,0.05,24.695,10.866,0.026,ptx,nomsa_notemplate
6fbk,43,2,0.7085,0.6664,24.5761,0.059,24.576,10.775,0.053,ptx,nomsa_notemplate
6fbk,43,3,0.7093,0.6662,24.7021,0.059,24.702,10.849,0.053,ptx,nomsa_notemplate
6fbk,43,4,0.7071,0.6642,24.4867,0.051,24.487,10.874,0.026,ptx,nomsa_notemplate
6fbk,44,0,0.6816,0.6,23.9166,0.044,23.917,10.661,0.0,ptx,nomsa_notemplate
6fbk,44,1,0.6798,0.5973,24.2836,0.043,24.284,10.802,0.0,ptx,nomsa_notemplate
6fbk,44,2,0.6743,0.5909,24.4686,0.042,24.469,10.831,0.0,ptx,nomsa_notemplate
6fbk,44,3,0.6734,0.5876,24.7852,0.05,24.785,10.841,0.026,ptx,nomsa_notemplate
6fbk,44,4,0.6727,0.5838,24.9032,0.05,24.903,10.948,0.026,ptx,nomsa_notemplate
6g5g,42,0,0.3188,0.2628,86.2072,0.004,86.207,24.512,0.0,ptx,nomsa_notemplate
6g5g,42,1,0.343,0.2623,66.5083,0.007,66.508,21.531,0.0,ptx,nomsa_notemplate
6g5g,42,2,0.326,0.2359,79.4329,0.006,79.433,19.301,0.0,ptx,nomsa_notemplate
6g5g,42,3,0.3172,0.2281,50.2428,0.012,50.243,17.002,0.0,ptx,nomsa_notemplate
6g5g,42,4,0.3155,0.2221,46.5979,0.014,46.598,14.626,0.0,ptx,nomsa_notemplate
6g5g,43,0,0.3469,0.3037,69.4992,0.007,69.499,18.973,0.0,ptx,nomsa_notemplate
6g5g,43,1,0.3505,0.2464,86.2673,0.004,86.267,26.662,0.0,ptx,nomsa_notemplate
6g5g,43,2,0.356,0.2433,80.5327,0.005,80.533,27.813,0.0,ptx,nomsa_notemplate
6g5g,43,3,0.3304,0.237,79.0028,0.006,79.003,20.017,0.0,ptx,nomsa_notemplate
6g5g,43,4,0.342,0.2279,70.8729,0.006,70.873,20.933,0.0,ptx,nomsa_notemplate
6g5g,44,0,0.3343,0.2733,91.7324,0.004,91.732,25.854,0.0,ptx,nomsa_notemplate
6g5g,44,1,0.3426,0.2648,84.5824,0.005,84.582,25.302,0.0,ptx,nomsa_notemplate
6g5g,44,2,0.3378,0.2614,25.7068,0.035,25.707,17.676,0.0,ptx,nomsa_notemplate
6g5g,44,3,0.3373,0.2597,32.4617,0.025,32.462,13.933,0.0,ptx,nomsa_notemplate
6g5g,44,4,0.3546,0.2289,87.9746,0.005,87.975,20.176,0.0,ptx,nomsa_notemplate
6h7b,42,0,0.7003,0.6959,12.5483,0.204,12.548,4.824,0.209,ptx,nomsa_notemplate
6h7b,42,1,0.6999,0.6943,12.6845,0.202,12.685,4.874,0.209,ptx,nomsa_notemplate
6h7b,42,2,0.6991,0.692,11.0666,0.199,11.067,4.243,0.116,ptx,nomsa_notemplate
6h7b,42,3,0.6978,0.691,10.2496,0.241,10.25,3.883,0.186,ptx,nomsa_notemplate
6h7b,42,4,0.6984,0.6868,11.962,0.162,11.962,4.435,0.047,ptx,nomsa_notemplate
6h7b,43,0,0.7066,0.7233,13.0296,0.19,13.03,4.868,0.186,ptx,nomsa_notemplate
6h7b,43,1,0.7054,0.7197,12.6204,0.203,12.62,4.801,0.209,ptx,nomsa_notemplate
6h7b,43,2,0.7052,0.716,12.8541,0.2,12.854,4.905,0.209,ptx,nomsa_notemplate
6h7b,43,3,0.7044,0.7137,13.1088,0.181,13.109,4.985,0.163,ptx,nomsa_notemplate
6h7b,43,4,0.6818,0.6303,27.792,0.035,27.792,10.683,0.0,ptx,nomsa_notemplate
6h7b,44,0,0.7116,0.7277,19.2255,0.136,19.225,7.943,0.209,ptx,nomsa_notemplate
6h7b,44,1,0.704,0.7135,13.023,0.19,13.023,4.931,0.186,ptx,nomsa_notemplate
6h7b,44,2,0.7032,0.7133,13.035,0.19,13.035,4.945,0.186,ptx,nomsa_notemplate
6h7b,44,3,0.7044,0.7014,20.3206,0.122,20.321,8.291,0.186,ptx,nomsa_notemplate
6h7b,44,4,0.7025,0.6634,24.944,0.05,24.944,9.553,0.023,ptx,nomsa_notemplate
