complex,seed,id,pep_plddt,iptm,scRMSD,dockq_score,lrmsd,irmsd,fnat,model,method
1a0n,42,0,0.8798,0.8361,3.3798,0.71,3.379,1.549,0.783,ptx,msa_template
1a0n,42,1,0.8785,0.833,4.5421,0.66,4.538,1.762,0.783,ptx,msa_template
1a0n,42,2,0.8802,0.8318,3.5954,0.735,2.992,1.406,0.783,ptx,msa_template
1a0n,42,3,0.8817,0.8312,2.9806,0.712,3.589,1.483,0.783,ptx,msa_template
1a0n,42,4,0.8786,0.8298,4.1223,0.701,4.111,1.603,0.826,ptx,msa_template
1a0n,43,0,0.8779,0.8383,4.3975,0.668,4.402,1.721,0.783,ptx,msa_template
1a0n,43,1,0.8776,0.8349,4.2535,0.679,4.252,1.639,0.783,ptx,msa_template
1a0n,43,2,0.8778,0.8345,4.2419,0.671,4.274,1.72,0.783,ptx,msa_template
1a0n,43,3,0.8786,0.831,3.9097,0.688,3.925,1.631,0.783,ptx,msa_template
1a0n,43,4,0.8782,0.8303,3.8147,0.705,3.74,1.514,0.783,ptx,msa_template
1a0n,44,0,0.8795,0.8367,4.1915,0.677,4.221,1.675,0.783,ptx,msa_template
1a0n,44,1,0.879,0.8362,4.2651,0.668,4.317,1.74,0.783,ptx,msa_template
1a0n,44,2,0.8786,0.8333,4.6868,0.655,4.719,1.768,0.783,ptx,msa_template
1a0n,44,3,0.8803,0.8315,3.6795,0.706,3.703,1.517,0.783,ptx,msa_template
1a0n,44,4,0.8809,0.8255,4.5574,0.65,4.662,1.844,0.783,ptx,msa_template
1cqg,42,0,0.8215,0.8587,16.7692,0.151,16.796,7.746,0.214,ptx,msa_template
1cqg,42,1,0.8116,0.8462,15.0086,0.191,15.108,6.783,0.286,ptx,msa_template
1cqg,42,2,0.8086,0.8396,14.309,0.174,14.315,6.713,0.214,ptx,msa_template
1cqg,42,3,0.8094,0.8395,16.5141,0.416,9.961,4.191,0.714,ptx,msa_template
1cqg,42,4,0.7901,0.831,9.468,0.177,16.623,7.475,0.286,ptx,msa_template
1cqg,43,0,0.822,0.86,16.6591,0.151,16.826,7.83,0.214,ptx,msa_template
1cqg,43,1,0.8207,0.8574,17.1441,0.147,17.237,8.22,0.214,ptx,msa_template
1cqg,43,2,0.8097,0.8465,15.0294,0.202,15.225,6.784,0.321,ptx,msa_template
1cqg,43,3,0.813,0.8441,14.9763,0.187,15.458,7.084,0.286,ptx,msa_template
1cqg,43,4,0.8052,0.8253,14.2702,0.168,16.182,7.586,0.25,ptx,msa_template
1cqg,44,0,0.8206,0.8599,16.5167,0.152,16.663,7.787,0.214,ptx,msa_template
1cqg,44,1,0.8225,0.8598,16.9742,0.154,16.451,7.709,0.214,ptx,msa_template
1cqg,44,2,0.8195,0.8483,18.8349,0.148,17.168,8.1,0.214,ptx,msa_template
1cqg,44,3,0.7826,0.8383,8.7099,0.14,18.45,8.611,0.214,ptx,msa_template
1cqg,44,4,0.7831,0.8334,9.4987,0.154,16.475,7.731,0.214,ptx,msa_template
1czy,42,0,0.8918,0.9568,0.5735,0.951,0.572,0.255,0.886,ptx,msa_template
1czy,42,1,0.8914,0.9564,0.7703,0.946,0.759,0.313,0.886,ptx,msa_template
1czy,42,2,0.8897,0.9552,1.0246,0.921,1.017,0.391,0.841,ptx,msa_template
1czy,42,3,0.8894,0.9551,1.2034,0.909,1.202,0.417,0.818,ptx,msa_template
1czy,42,4,0.8888,0.9549,1.0714,0.919,1.075,0.405,0.841,ptx,msa_template
1czy,43,0,0.8949,0.9574,0.6123,0.962,0.616,0.309,0.932,ptx,msa_template
1czy,43,1,0.8948,0.9572,0.837,0.943,0.823,0.335,0.886,ptx,msa_template
1czy,43,2,0.8943,0.9569,0.6918,0.954,0.693,0.314,0.909,ptx,msa_template
1czy,43,3,0.8934,0.9561,1.0274,0.939,1.027,0.364,0.886,ptx,msa_template
1czy,43,4,0.8929,0.9559,1.0718,0.927,1.078,0.401,0.864,ptx,msa_template
1czy,44,0,0.8941,0.9572,0.6929,0.953,0.695,0.314,0.909,ptx,msa_template
1czy,44,1,0.8935,0.9568,0.7446,0.947,0.748,0.302,0.886,ptx,msa_template
1czy,44,2,0.8929,0.9564,0.9569,0.931,0.957,0.373,0.864,ptx,msa_template
1czy,44,3,0.8925,0.956,1.0103,0.922,1.009,0.378,0.841,ptx,msa_template
1czy,44,4,0.8911,0.9557,1.3705,0.89,1.353,0.503,0.795,ptx,msa_template
1ddv,42,0,0.9394,0.9537,1.0433,0.976,1.052,0.369,1.0,ptx,msa_template
1ddv,42,1,0.9394,0.9535,0.9758,0.978,0.98,0.359,1.0,ptx,msa_template
1ddv,42,2,0.939,0.9535,0.6743,0.986,0.676,0.285,1.0,ptx,msa_template
1ddv,42,3,0.9391,0.9533,0.486,0.988,0.495,0.278,1.0,ptx,msa_template
1ddv,42,4,0.9391,0.9532,0.6707,0.985,0.677,0.296,1.0,ptx,msa_template
1ddv,43,0,0.9395,0.9535,1.1202,0.973,1.119,0.39,1.0,ptx,msa_template
1ddv,43,1,0.9389,0.9532,0.601,0.988,0.612,0.263,1.0,ptx,msa_template
1ddv,43,2,0.9389,0.9531,0.6801,0.986,0.686,0.292,1.0,ptx,msa_template
1ddv,43,3,0.939,0.953,0.954,0.975,0.957,0.391,1.0,ptx,msa_template
1ddv,43,4,0.9385,0.9529,0.5073,0.989,0.516,0.262,1.0,ptx,msa_template
1ddv,44,0,0.9389,0.9526,1.0346,0.977,1.031,0.365,1.0,ptx,msa_template
1ddv,44,1,0.9382,0.9526,0.7056,0.986,0.698,0.289,1.0,ptx,msa_template
1ddv,44,2,0.9381,0.9522,0.4567,0.985,0.81,0.288,1.0,ptx,msa_template
1ddv,44,3,0.9385,0.9522,0.8144,0.991,0.454,0.241,1.0,ptx,msa_template
1ddv,44,4,0.9381,0.952,0.3351,0.99,0.335,0.256,1.0,ptx,msa_template
1eg4,42,0,0.8162,0.9041,1.3586,0.922,1.346,0.622,0.938,ptx,msa_template
1eg4,42,1,0.8159,0.9021,1.2537,0.939,1.25,0.582,0.969,ptx,msa_template
1eg4,42,2,0.8157,0.9017,1.4826,0.923,1.478,0.682,0.969,ptx,msa_template
1eg4,42,3,0.8152,0.8998,1.3064,0.935,1.304,0.61,0.969,ptx,msa_template
1eg4,42,4,0.8144,0.8988,1.406,0.915,1.411,0.67,0.938,ptx,msa_template
1eg4,43,0,0.8208,0.9064,1.5919,0.913,1.565,0.666,0.938,ptx,msa_template
1eg4,43,1,0.8197,0.9057,1.2572,0.928,1.246,0.589,0.938,ptx,msa_template
1eg4,43,2,0.8209,0.9045,2.1157,0.855,2.045,0.876,0.875,ptx,msa_template
1eg4,43,3,0.8205,0.9043,1.8634,0.88,1.821,0.801,0.906,ptx,msa_template
1eg4,43,4,0.8186,0.9031,1.6311,0.905,1.638,0.719,0.938,ptx,msa_template
1eg4,44,0,0.8009,0.8926,1.6642,0.914,1.643,0.729,0.969,ptx,msa_template
1eg4,44,1,0.8009,0.8921,1.4951,0.904,1.478,0.668,0.906,ptx,msa_template
1eg4,44,2,0.8011,0.8897,1.4978,0.919,1.498,0.704,0.969,ptx,msa_template
1eg4,44,3,0.8003,0.8896,1.1433,0.923,1.139,0.552,0.906,ptx,msa_template
1eg4,44,4,0.8006,0.8861,1.7779,0.868,1.781,0.818,0.875,ptx,msa_template
1f47,42,0,0.9169,0.9428,0.9724,0.943,0.982,0.484,0.938,ptx,msa_template
1f47,42,1,0.9168,0.9426,1.2957,0.941,1.302,0.563,0.969,ptx,msa_template
1f47,42,2,0.9167,0.9422,1.1527,0.957,1.154,0.531,1.0,ptx,msa_template
1f47,42,3,0.9167,0.9421,1.0479,0.953,1.072,0.483,0.969,ptx,msa_template
1f47,42,4,0.9168,0.9421,1.2927,0.937,1.298,0.592,0.969,ptx,msa_template
1f47,43,0,0.9172,0.9429,1.1408,0.936,1.129,0.532,0.938,ptx,msa_template
1f47,43,1,0.9172,0.9427,1.0538,0.961,1.07,0.5,1.0,ptx,msa_template
1f47,43,2,0.9171,0.9425,1.2186,0.955,1.23,0.543,1.0,ptx,msa_template
1f47,43,3,0.9168,0.9423,0.8261,0.953,0.829,0.407,0.938,ptx,msa_template
1f47,43,4,0.917,0.9422,1.2727,0.939,1.277,0.578,0.969,ptx,msa_template
1f47,44,0,0.9166,0.9427,0.9909,0.952,1.002,0.497,0.969,ptx,msa_template
1f47,44,1,0.9166,0.9423,1.2743,0.942,1.281,0.557,0.969,ptx,msa_template
1f47,44,2,0.9164,0.9421,0.9707,0.953,0.972,0.492,0.969,ptx,msa_template
1f47,44,3,0.9165,0.9421,1.1292,0.959,1.136,0.512,1.0,ptx,msa_template
1f47,44,4,0.9166,0.942,1.5707,0.937,1.583,0.64,1.0,ptx,msa_template
1f8h,42,0,0.9258,0.9529,2.3586,0.791,2.353,1.176,0.826,ptx,msa_template
1f8h,42,1,0.9256,0.9526,2.3395,0.793,2.332,1.165,0.826,ptx,msa_template
1f8h,42,2,0.9255,0.9525,2.4765,0.773,2.475,1.185,0.783,ptx,msa_template
1f8h,42,3,0.9252,0.952,2.5619,0.741,2.56,1.199,0.696,ptx,msa_template
1f8h,42,4,0.9252,0.9519,2.3963,0.791,2.39,1.171,0.826,ptx,msa_template
1f8h,43,0,0.9248,0.9523,2.4553,0.787,2.449,1.194,0.826,ptx,msa_template
1f8h,43,1,0.9246,0.9522,2.3993,0.793,2.395,1.156,0.826,ptx,msa_template
1f8h,43,2,0.9242,0.9516,2.5037,0.758,2.505,1.189,0.739,ptx,msa_template
1f8h,43,3,0.9245,0.9516,2.3786,0.778,2.379,1.168,0.783,ptx,msa_template
1f8h,43,4,0.9243,0.9514,2.4362,0.747,2.434,1.17,0.696,ptx,msa_template
1f8h,44,0,0.9253,0.9529,2.5213,0.771,2.518,1.195,0.783,ptx,msa_template
1f8h,44,1,0.9251,0.9528,2.4296,0.79,2.427,1.176,0.826,ptx,msa_template
1f8h,44,2,0.9248,0.9524,2.4373,0.776,2.433,1.175,0.783,ptx,msa_template
1f8h,44,3,0.9247,0.9518,2.4101,0.792,2.414,1.16,0.826,ptx,msa_template
1f8h,44,4,0.9244,0.9514,2.5064,0.74,2.505,1.214,0.696,ptx,msa_template
1j2x,42,0,0.9178,0.8977,0.6384,0.971,0.626,0.271,0.949,ptx,msa_template
1j2x,42,1,0.9177,0.8973,0.8622,0.972,0.845,0.34,0.974,ptx,msa_template
1j2x,42,2,0.9177,0.897,0.8293,0.974,0.789,0.322,0.974,ptx,msa_template
1j2x,42,3,0.9178,0.8969,0.5436,0.985,0.527,0.305,1.0,ptx,msa_template
1j2x,42,4,0.9177,0.8968,0.5835,0.986,0.582,0.293,1.0,ptx,msa_template
1j2x,43,0,0.9249,0.9065,0.7855,0.986,0.781,0.276,1.0,ptx,msa_template
1j2x,43,1,0.925,0.9065,0.7525,0.972,0.748,0.345,0.974,ptx,msa_template
1j2x,43,2,0.9248,0.9061,0.7665,0.977,0.794,0.281,0.974,ptx,msa_template
1j2x,43,3,0.9247,0.906,0.7426,0.987,0.742,0.271,1.0,ptx,msa_template
1j2x,43,4,0.9245,0.9051,0.734,0.981,0.732,0.343,1.0,ptx,msa_template
1j2x,44,0,0.9243,0.906,0.7903,0.983,0.794,0.32,1.0,ptx,msa_template
1j2x,44,1,0.9245,0.9059,0.8917,0.986,0.862,0.277,1.0,ptx,msa_template
1j2x,44,2,0.9242,0.9057,0.7537,0.975,0.752,0.313,0.974,ptx,msa_template
1j2x,44,3,0.9242,0.9054,0.6433,0.987,0.642,0.285,1.0,ptx,msa_template
1j2x,44,4,0.9241,0.9048,0.6963,0.974,0.686,0.326,0.974,ptx,msa_template
1jd5,42,0,0.9579,0.9732,1.0466,0.929,1.049,0.679,0.973,ptx,msa_template
1jd5,42,1,0.9579,0.9732,1.126,0.954,0.948,0.5,0.973,ptx,msa_template
1jd5,42,2,0.958,0.9731,0.9647,0.935,1.13,0.7,1.0,ptx,msa_template
1jd5,42,3,0.9579,0.9731,0.9443,0.946,0.965,0.56,0.973,ptx,msa_template
1jd5,42,4,0.958,0.9732,0.9942,0.927,0.997,0.697,0.973,ptx,msa_template
1jd5,43,0,0.9581,0.9732,0.9573,0.956,0.898,0.487,0.973,ptx,msa_template
1jd5,43,1,0.9581,0.9732,0.8984,0.959,0.958,0.451,0.973,ptx,msa_template
1jd5,43,2,0.958,0.9732,0.9754,0.941,1.041,0.59,0.973,ptx,msa_template
1jd5,43,3,0.958,0.9731,1.0411,0.941,0.976,0.599,0.973,ptx,msa_template
1jd5,43,4,0.9582,0.9732,0.9313,0.95,0.93,0.531,0.973,ptx,msa_template
1jd5,44,0,0.9579,0.9731,1.0417,0.959,1.051,0.518,1.0,ptx,msa_template
1jd5,44,1,0.9579,0.9731,1.0645,0.923,1.076,0.724,0.973,ptx,msa_template
1jd5,44,2,0.958,0.9731,1.0464,0.945,1.061,0.56,0.973,ptx,msa_template
1jd5,44,3,0.9578,0.973,1.0534,0.932,1.053,0.658,0.973,ptx,msa_template
1jd5,44,4,0.9578,0.973,0.955,0.951,0.964,0.517,0.973,ptx,msa_template
1jq8,42,0,0.7505,0.8505,1.9216,0.836,1.928,0.621,0.705,ptx,msa_template
1jq8,42,1,0.7477,0.8467,2.778,0.805,2.764,0.842,0.75,ptx,msa_template
1jq8,42,2,0.7493,0.8466,2.388,0.84,2.362,0.703,0.773,ptx,msa_template
1jq8,42,3,0.7458,0.8434,2.8078,0.786,2.804,0.807,0.682,ptx,msa_template
1jq8,42,4,0.7459,0.8424,2.7567,0.805,2.742,0.841,0.75,ptx,msa_template
1jq8,43,0,0.7524,0.8477,2.1559,0.819,2.163,0.718,0.705,ptx,msa_template
1jq8,43,1,0.7513,0.8451,2.2019,0.82,2.185,0.709,0.705,ptx,msa_template
1jq8,43,2,0.751,0.8431,2.2482,0.825,2.231,0.72,0.727,ptx,msa_template
1jq8,43,3,0.7468,0.8406,2.5123,0.813,2.507,0.772,0.727,ptx,msa_template
1jq8,43,4,0.7472,0.8391,2.0298,0.858,2.023,0.62,0.773,ptx,msa_template
1jq8,44,0,0.7501,0.8378,2.4291,0.831,2.431,0.706,0.75,ptx,msa_template
1jq8,44,1,0.7475,0.8377,2.366,0.817,2.378,0.759,0.727,ptx,msa_template
1jq8,44,2,0.7469,0.8359,2.7428,0.806,2.755,0.784,0.727,ptx,msa_template
1jq8,44,3,0.7458,0.835,2.6044,0.83,2.614,0.791,0.795,ptx,msa_template
1jq8,44,4,0.7472,0.8339,2.6183,0.828,2.611,0.759,0.773,ptx,msa_template
1jw6,42,0,0.4584,0.5444,14.4673,0.26,14.482,4.774,0.433,ptx,msa_template
1jw6,42,1,0.455,0.5369,16.0399,0.188,15.917,5.203,0.267,ptx,msa_template
1jw6,42,2,0.4526,0.5345,15.2726,0.207,15.234,4.995,0.3,ptx,msa_template
1jw6,42,3,0.452,0.53,17.0759,0.2,15.893,5.171,0.3,ptx,msa_template
1jw6,42,4,0.4512,0.5288,15.9824,0.19,16.985,5.47,0.3,ptx,msa_template
1jw6,43,0,0.5634,0.5998,46.0531,0.028,31.468,11.876,0.0,ptx,msa_template
1jw6,43,1,0.5595,0.5994,45.7453,0.031,29.194,11.809,0.0,ptx,msa_template
1jw6,43,2,0.5567,0.5905,46.318,0.183,15.326,5.033,0.233,ptx,msa_template
1jw6,43,3,0.4424,0.5398,17.5806,0.129,17.576,5.684,0.133,ptx,msa_template
1jw6,43,4,0.4402,0.5354,17.2191,0.143,17.189,5.586,0.167,ptx,msa_template
1jw6,44,0,0.5776,0.6151,45.5202,0.03,29.923,11.877,0.0,ptx,msa_template
1jw6,44,1,0.5714,0.6091,45.698,0.037,26.067,11.805,0.0,ptx,msa_template
1jw6,44,2,0.5574,0.5929,45.8089,0.04,24.991,11.698,0.0,ptx,msa_template
1jw6,44,3,0.5633,0.5924,46.2952,0.061,18.907,11.85,0.0,ptx,msa_template
1jw6,44,4,0.4403,0.5427,15.8412,0.178,15.812,5.188,0.233,ptx,msa_template
1l2z,42,0,0.8682,0.8586,4.4481,0.602,4.451,2.253,0.714,ptx,msa_template
1l2z,42,1,0.8696,0.8545,3.8877,0.637,3.89,1.954,0.714,ptx,msa_template
1l2z,42,2,0.8694,0.8542,4.2749,0.601,4.276,2.152,0.679,ptx,msa_template
1l2z,42,3,0.8696,0.854,3.6458,0.639,3.647,1.859,0.679,ptx,msa_template
1l2z,42,4,0.87,0.8517,3.8899,0.621,3.89,2.011,0.679,ptx,msa_template
1l2z,43,0,0.8525,0.8403,4.0809,0.632,4.026,1.984,0.714,ptx,msa_template
1l2z,43,1,0.8525,0.8402,3.8703,0.643,3.868,1.886,0.714,ptx,msa_template
1l2z,43,2,0.8523,0.8398,3.8289,0.638,3.858,1.958,0.714,ptx,msa_template
1l2z,43,3,0.8526,0.8395,3.8441,0.623,3.863,1.991,0.679,ptx,msa_template
1l2z,43,4,0.8522,0.8393,3.6741,0.648,3.681,1.883,0.714,ptx,msa_template
1l2z,44,0,0.8715,0.857,3.8843,0.653,3.623,1.847,0.714,ptx,msa_template
1l2z,44,1,0.8712,0.857,3.6423,0.638,3.889,1.949,0.714,ptx,msa_template
1l2z,44,2,0.8715,0.8558,3.7584,0.64,3.767,1.958,0.714,ptx,msa_template
1l2z,44,3,0.8716,0.8553,3.6597,0.661,3.66,1.877,0.75,ptx,msa_template
1l2z,44,4,0.872,0.8549,4.0186,0.627,4.033,2.045,0.714,ptx,msa_template
1lb6,42,0,0.8974,0.9624,0.5462,0.973,0.545,0.342,0.973,ptx,msa_template
1lb6,42,1,0.8976,0.9624,0.7337,0.969,0.733,0.378,0.973,ptx,msa_template
1lb6,42,2,0.8976,0.9623,0.6944,0.971,0.689,0.351,0.973,ptx,msa_template
1lb6,42,3,0.8975,0.9624,0.5524,0.974,0.553,0.327,0.973,ptx,msa_template
1lb6,42,4,0.897,0.9622,0.4793,0.975,0.481,0.33,0.973,ptx,msa_template
1lb6,43,0,0.8974,0.9625,0.4906,0.976,0.495,0.307,0.973,ptx,msa_template
1lb6,43,1,0.8973,0.9624,0.5155,0.977,0.521,0.304,0.973,ptx,msa_template
1lb6,43,2,0.8972,0.9624,0.5164,0.985,0.518,0.311,1.0,ptx,msa_template
1lb6,43,3,0.8973,0.9623,0.508,0.976,0.508,0.307,0.973,ptx,msa_template
1lb6,43,4,0.8973,0.9621,0.5944,0.966,0.594,0.32,0.946,ptx,msa_template
1lb6,44,0,0.899,0.9618,0.6041,0.983,0.603,0.327,1.0,ptx,msa_template
1lb6,44,1,0.8988,0.9618,0.6805,0.978,0.744,0.371,1.0,ptx,msa_template
1lb6,44,2,0.8989,0.9618,0.7468,0.98,0.678,0.354,1.0,ptx,msa_template
1lb6,44,3,0.8989,0.9617,0.6375,0.972,0.637,0.346,0.973,ptx,msa_template
1lb6,44,4,0.8989,0.9617,0.7969,0.969,0.797,0.374,0.973,ptx,msa_template
1mf4,42,0,0.7531,0.8348,1.2975,0.948,1.297,0.434,0.943,ptx,msa_template
1mf4,42,1,0.7537,0.8337,1.5434,0.913,1.552,0.54,0.886,ptx,msa_template
1mf4,42,2,0.7516,0.8332,1.1117,0.927,1.132,0.371,0.857,ptx,msa_template
1mf4,42,3,0.7514,0.8325,1.354,0.916,1.362,0.455,0.857,ptx,msa_template
1mf4,42,4,0.7517,0.8325,1.1858,0.942,1.201,0.411,0.914,ptx,msa_template
1mf4,43,0,0.763,0.8447,2.9695,0.842,2.956,0.807,0.857,ptx,msa_template
1mf4,43,1,0.763,0.8436,1.3408,0.947,1.359,0.437,0.943,ptx,msa_template
1mf4,43,2,0.7552,0.8398,2.2794,0.869,2.283,0.643,0.829,ptx,msa_template
1mf4,43,3,0.7554,0.8393,0.9106,0.953,0.894,0.323,0.914,ptx,msa_template
1mf4,43,4,0.7498,0.8351,1.963,0.866,1.972,0.56,0.771,ptx,msa_template
1mf4,44,0,0.7591,0.8401,1.8365,0.888,1.815,0.554,0.829,ptx,msa_template
1mf4,44,1,0.7608,0.8398,1.261,0.949,1.271,0.424,0.943,ptx,msa_template
1mf4,44,2,0.7588,0.8396,0.8791,0.944,0.859,0.324,0.886,ptx,msa_template
1mf4,44,3,0.7577,0.8379,1.607,0.897,1.607,0.508,0.829,ptx,msa_template
1mf4,44,4,0.7514,0.8374,1.9532,0.893,1.954,0.571,0.857,ptx,msa_template
1mv0,42,0,0.8246,0.8189,7.2648,0.408,7.059,3.082,0.442,ptx,msa_template
1mv0,42,1,0.8247,0.8162,7.4,0.397,7.398,3.199,0.442,ptx,msa_template
1mv0,42,2,0.8259,0.8156,8.341,0.369,8.012,3.464,0.419,ptx,msa_template
1mv0,42,3,0.8257,0.8141,8.3395,0.38,7.693,3.306,0.419,ptx,msa_template
1mv0,42,4,0.8246,0.814,7.7702,0.361,8.28,3.57,0.419,ptx,msa_template
1mv0,43,0,0.8189,0.811,8.2553,0.362,8.188,3.58,0.419,ptx,msa_template
1mv0,43,1,0.8188,0.8104,8.4861,0.356,8.428,3.636,0.419,ptx,msa_template
1mv0,43,2,0.8198,0.8099,7.7682,0.386,7.677,3.37,0.442,ptx,msa_template
1mv0,43,3,0.8191,0.8095,7.8599,0.383,7.788,3.395,0.442,ptx,msa_template
1mv0,43,4,0.8186,0.8085,7.9178,0.382,7.853,3.39,0.442,ptx,msa_template
1mv0,44,0,0.8279,0.8218,7.4391,0.398,7.334,3.209,0.442,ptx,msa_template
1mv0,44,1,0.8277,0.8213,7.3554,0.386,7.726,3.323,0.442,ptx,msa_template
1mv0,44,2,0.828,0.821,7.8274,0.397,7.37,3.214,0.442,ptx,msa_template
1mv0,44,3,0.8283,0.8204,7.4909,0.382,7.615,3.284,0.419,ptx,msa_template
1mv0,44,4,0.8289,0.8189,7.837,0.385,7.721,3.356,0.442,ptx,msa_template
1nrl,42,0,0.8926,0.9713,0.5984,0.958,0.7,0.477,0.974,ptx,msa_template
1nrl,42,1,0.8925,0.9713,0.6896,0.98,0.582,0.358,1.0,ptx,msa_template
1nrl,42,2,0.8924,0.9712,0.6354,0.97,0.62,0.459,1.0,ptx,msa_template
1nrl,42,3,0.8923,0.9711,0.6464,0.976,0.635,0.401,1.0,ptx,msa_template
1nrl,42,4,0.8923,0.9711,0.5623,0.972,0.56,0.443,1.0,ptx,msa_template
1nrl,43,0,0.9006,0.9747,0.6698,0.965,0.938,0.476,1.0,ptx,msa_template
1nrl,43,1,0.9005,0.9748,0.9953,0.972,0.662,0.353,0.974,ptx,msa_template
1nrl,43,2,0.9004,0.9746,0.6052,0.969,0.717,0.376,0.974,ptx,msa_template
1nrl,43,3,0.9005,0.9747,0.7269,0.961,0.618,0.462,0.974,ptx,msa_template
1nrl,43,4,0.9004,0.9747,0.616,0.971,0.62,0.365,0.974,ptx,msa_template
1nrl,44,0,0.8971,0.9746,0.6226,0.969,0.625,0.469,1.0,ptx,msa_template
1nrl,44,1,0.8972,0.9747,0.6273,0.958,0.621,0.484,0.974,ptx,msa_template
1nrl,44,2,0.8971,0.9746,0.7026,0.956,0.671,0.499,0.974,ptx,msa_template
1nrl,44,3,0.8972,0.9746,0.6718,0.968,0.708,0.386,0.974,ptx,msa_template
1nrl,44,4,0.8967,0.9744,0.7392,0.96,0.684,0.468,0.974,ptx,msa_template
1nvq,42,0,0.5503,0.5781,0.8013,0.934,0.801,0.405,0.88,ptx,msa_template
1nvq,42,1,0.5496,0.5778,0.4518,0.972,0.457,0.311,0.96,ptx,msa_template
1nvq,42,2,0.5485,0.5775,0.6443,0.966,0.676,0.363,0.96,ptx,msa_template
1nvq,42,3,0.5488,0.5775,0.6767,0.969,0.647,0.338,0.96,ptx,msa_template
1nvq,42,4,0.549,0.5772,0.6858,0.968,0.683,0.345,0.96,ptx,msa_template
1nvq,43,0,0.5539,0.5736,0.7015,0.939,0.72,0.368,0.88,ptx,msa_template
1nvq,43,1,0.5505,0.5708,0.7891,0.949,0.796,0.397,0.92,ptx,msa_template
1nvq,43,2,0.5504,0.5691,0.5936,0.956,0.595,0.332,0.92,ptx,msa_template
1nvq,43,3,0.5506,0.5682,0.8212,0.949,0.821,0.39,0.92,ptx,msa_template
1nvq,43,4,0.5501,0.5664,0.4789,0.97,0.483,0.337,0.96,ptx,msa_template
1nvq,44,0,0.5061,0.5356,0.7542,0.938,0.759,0.374,0.88,ptx,msa_template
1nvq,44,1,0.5052,0.5346,0.7084,0.951,0.697,0.375,0.92,ptx,msa_template
1nvq,44,2,0.5045,0.5331,0.8543,0.928,0.858,0.458,0.88,ptx,msa_template
1nvq,44,3,0.5049,0.5319,0.9211,0.961,0.906,0.394,0.96,ptx,msa_template
1nvq,44,4,0.5041,0.5293,0.924,0.942,0.92,0.448,0.92,ptx,msa_template
1o0p,42,0,0.821,0.9059,4.6181,0.565,4.706,2.019,0.575,ptx,msa_template
1o0p,42,1,0.8212,0.9059,4.6231,0.563,4.7,2.059,0.575,ptx,msa_template
1o0p,42,2,0.8214,0.9057,5.8465,0.492,5.903,2.433,0.525,ptx,msa_template
1o0p,42,3,0.822,0.9058,5.8934,0.48,5.993,2.616,0.525,ptx,msa_template
1o0p,42,4,0.8198,0.9052,5.5855,0.54,5.591,2.302,0.625,ptx,msa_template
1o0p,43,0,0.8171,0.8957,5.6806,0.519,5.919,2.537,0.625,ptx,msa_template
1o0p,43,1,0.8167,0.8955,7.1346,0.435,7.249,3.256,0.55,ptx,msa_template
1o0p,43,2,0.8157,0.8954,4.9851,0.512,5.813,2.568,0.6,ptx,msa_template
1o0p,43,3,0.8164,0.8954,5.2254,0.52,5.296,2.219,0.525,ptx,msa_template
1o0p,43,4,0.8169,0.8954,5.6846,0.519,5.759,2.465,0.6,ptx,msa_template
1o0p,44,0,0.8204,0.9022,5.4716,0.505,5.573,2.35,0.525,ptx,msa_template
1o0p,44,1,0.8212,0.9021,5.5886,0.525,5.584,2.421,0.6,ptx,msa_template
1o0p,44,2,0.8209,0.902,6.1337,0.483,6.236,2.606,0.55,ptx,msa_template
1o0p,44,3,0.8224,0.9019,6.0628,0.494,6.082,2.632,0.575,ptx,msa_template
1o0p,44,4,0.822,0.9016,6.8237,0.434,6.916,2.99,0.5,ptx,msa_template
1p7v,42,0,0.7141,0.8581,3.0832,0.781,3.078,0.876,0.714,ptx,msa_template
1p7v,42,1,0.7151,0.8567,2.9497,0.811,2.935,0.837,0.776,ptx,msa_template
1p7v,42,2,0.7092,0.8541,3.9697,0.827,2.312,0.669,0.714,ptx,msa_template
1p7v,42,3,0.7134,0.8539,2.2569,0.706,3.981,1.113,0.653,ptx,msa_template
1p7v,42,4,0.7076,0.85,5.1639,0.62,5.175,1.442,0.612,ptx,msa_template
1p7v,43,0,0.7197,0.8628,2.9209,0.804,2.924,0.836,0.755,ptx,msa_template
1p7v,43,1,0.72,0.8622,2.7396,0.829,2.75,0.783,0.796,ptx,msa_template
1p7v,43,2,0.716,0.862,2.9434,0.804,2.941,0.832,0.755,ptx,msa_template
1p7v,43,3,0.7178,0.8594,2.8273,0.803,2.827,0.812,0.735,ptx,msa_template
1p7v,43,4,0.7161,0.8591,2.6489,0.813,2.647,0.768,0.735,ptx,msa_template
1p7v,44,0,0.7178,0.8612,3.5598,0.796,2.983,0.838,0.735,ptx,msa_template
1p7v,44,1,0.715,0.861,3.0684,0.811,2.704,0.775,0.735,ptx,msa_template
1p7v,44,2,0.7131,0.8591,3.0783,0.808,2.834,0.82,0.755,ptx,msa_template
1p7v,44,3,0.7137,0.8588,3.5568,0.79,2.964,0.836,0.714,ptx,msa_template
1p7v,44,4,0.7155,0.856,2.5302,0.846,2.454,0.707,0.796,ptx,msa_template
1pmx,42,0,0.906,0.8886,5.337,0.607,5.363,2.166,0.783,ptx,msa_template
1pmx,42,1,0.906,0.888,3.8891,0.635,3.906,2.085,0.739,ptx,msa_template
1pmx,42,2,0.906,0.8882,4.7712,0.658,4.681,1.915,0.826,ptx,msa_template
1pmx,42,3,0.906,0.8876,3.8133,0.65,3.968,1.875,0.739,ptx,msa_template
1pmx,42,4,0.9062,0.8878,4.2082,0.633,3.873,2.123,0.739,ptx,msa_template
1pmx,43,0,0.9157,0.9052,4.4915,0.645,4.476,1.963,0.783,ptx,msa_template
1pmx,43,1,0.9158,0.9051,4.2134,0.654,4.194,1.763,0.739,ptx,msa_template
1pmx,43,2,0.9156,0.905,4.5407,0.665,4.526,1.878,0.826,ptx,msa_template
1pmx,43,3,0.9157,0.905,4.682,0.678,4.675,1.693,0.826,ptx,msa_template
1pmx,43,4,0.9157,0.9046,5.5575,0.639,5.55,1.873,0.826,ptx,msa_template
1pmx,44,0,0.9158,0.9053,5.6051,0.62,5.615,1.912,0.783,ptx,msa_template
1pmx,44,1,0.9157,0.9052,6.0093,0.626,6.009,1.892,0.826,ptx,msa_template
1pmx,44,2,0.9157,0.9051,3.5603,0.696,3.555,1.799,0.826,ptx,msa_template
1pmx,44,3,0.9157,0.9048,4.9141,0.656,4.903,1.872,0.826,ptx,msa_template
1pmx,44,4,0.9158,0.9047,6.6328,0.585,6.676,2.024,0.783,ptx,msa_template
1r17,42,0,0.9183,0.9763,0.8036,0.919,0.805,0.8,0.988,ptx,msa_template
1r17,42,1,0.9186,0.9763,0.8488,0.925,0.851,0.7,0.965,ptx,msa_template
1r17,42,2,0.9183,0.9763,0.9055,0.909,0.908,0.838,0.976,ptx,msa_template
1r17,42,3,0.9185,0.9762,0.9461,0.919,0.798,0.802,0.988,ptx,msa_template
1r17,42,4,0.9183,0.9762,0.7971,0.899,0.949,0.903,0.976,ptx,msa_template
1r17,43,0,0.9193,0.9763,0.9711,0.929,0.955,0.726,0.988,ptx,msa_template
1r17,43,1,0.9191,0.9763,0.9527,0.887,0.933,0.964,0.965,ptx,msa_template
1r17,43,2,0.9189,0.9763,0.8954,0.956,0.971,0.518,0.988,ptx,msa_template
1r17,43,3,0.9188,0.9763,0.9897,0.916,0.879,0.763,0.965,ptx,msa_template
1r17,43,4,0.9193,0.9762,0.7917,0.895,0.773,0.946,0.976,ptx,msa_template
1r17,44,0,0.9038,0.9722,0.9374,0.903,0.942,0.821,0.953,ptx,msa_template
1r17,44,1,0.9037,0.9722,0.803,0.904,0.805,0.85,0.965,ptx,msa_template
1r17,44,2,0.9039,0.9721,0.9473,0.911,0.998,0.791,0.965,ptx,msa_template
1r17,44,3,0.9038,0.9721,0.7783,0.911,0.923,0.824,0.976,ptx,msa_template
1r17,44,4,0.9036,0.9721,1.0721,0.884,0.782,0.99,0.965,ptx,msa_template
1rxz,42,0,0.9191,0.9771,0.7557,0.888,0.768,0.872,0.926,ptx,msa_template
1rxz,42,1,0.9193,0.977,0.9071,0.924,0.889,0.661,0.944,ptx,msa_template
1rxz,42,2,0.9193,0.9768,0.7647,0.919,0.833,0.696,0.944,ptx,msa_template
1rxz,42,3,0.9187,0.9768,0.8591,0.848,0.794,1.114,0.907,ptx,msa_template
1rxz,42,4,0.9189,0.9768,0.8158,0.898,0.759,0.85,0.944,ptx,msa_template
1rxz,43,0,0.9117,0.9753,0.7265,0.919,1.003,0.775,0.981,ptx,msa_template
1rxz,43,1,0.9116,0.9753,0.5605,0.941,0.728,0.63,0.981,ptx,msa_template
1rxz,43,2,0.9111,0.9753,0.9983,0.884,0.579,0.908,0.926,ptx,msa_template
1rxz,43,3,0.9117,0.9753,0.7484,0.863,0.772,0.964,0.889,ptx,msa_template
1rxz,43,4,0.9115,0.9752,0.6969,0.901,0.701,0.834,0.944,ptx,msa_template
1rxz,44,0,0.924,0.9774,0.7611,0.93,0.696,0.673,0.963,ptx,msa_template
1rxz,44,1,0.9241,0.9773,0.7723,0.885,0.71,0.901,0.926,ptx,msa_template
1rxz,44,2,0.9241,0.9773,0.6945,0.901,0.646,0.748,0.907,ptx,msa_template
1rxz,44,3,0.9241,0.9773,0.9133,0.868,0.657,0.975,0.907,ptx,msa_template
1rxz,44,4,0.9238,0.9773,0.7144,0.857,0.94,1.036,0.907,ptx,msa_template
1t74,42,0,0.8538,0.9451,1.0968,0.956,1.121,0.437,0.964,ptx,msa_template
1t74,42,1,0.852,0.9442,0.9282,0.95,0.937,0.401,0.929,ptx,msa_template
1t74,42,2,0.8524,0.9436,1.1651,0.942,1.168,0.451,0.929,ptx,msa_template
1t74,42,3,0.8511,0.9423,0.9803,0.951,0.979,0.385,0.929,ptx,msa_template
1t74,42,4,0.8497,0.9415,0.847,0.931,0.848,0.359,0.857,ptx,msa_template
1t74,43,0,0.8673,0.9511,1.2959,0.943,1.3,0.536,0.964,ptx,msa_template
1t74,43,1,0.8677,0.9504,1.676,0.914,1.67,0.626,0.929,ptx,msa_template
1t74,43,2,0.8675,0.9504,1.4152,0.929,1.421,0.536,0.929,ptx,msa_template
1t74,43,3,0.8685,0.9497,1.8696,0.904,1.857,0.679,0.929,ptx,msa_template
1t74,43,4,0.8686,0.9491,1.097,0.933,1.095,0.431,0.893,ptx,msa_template
1t74,44,0,0.8717,0.9512,1.1431,0.955,1.136,0.446,0.964,ptx,msa_template
1t74,44,1,0.871,0.951,0.9831,0.962,0.976,0.395,0.964,ptx,msa_template
1t74,44,2,0.8691,0.9509,1.6976,0.91,1.678,0.655,0.929,ptx,msa_template
1t74,44,3,0.8706,0.9506,1.3615,0.921,1.302,0.515,0.893,ptx,msa_template
1t74,44,4,0.8706,0.9504,0.9825,0.939,0.985,0.388,0.893,ptx,msa_template
1v1t,42,0,0.9329,0.9806,0.9562,0.97,0.964,0.296,0.96,ptx,msa_template
1v1t,42,1,0.933,0.9806,0.7166,0.967,0.717,0.347,0.96,ptx,msa_template
1v1t,42,2,0.933,0.9807,0.7479,0.966,0.747,0.361,0.96,ptx,msa_template
1v1t,42,3,0.933,0.9806,0.7469,0.967,0.742,0.346,0.96,ptx,msa_template
1v1t,42,4,0.9329,0.9806,0.7484,0.967,0.755,0.35,0.96,ptx,msa_template
1v1t,43,0,0.9334,0.9807,0.8019,0.966,0.801,0.36,0.96,ptx,msa_template
1v1t,43,1,0.9333,0.9807,1.0081,0.981,1.009,0.322,1.0,ptx,msa_template
1v1t,43,2,0.9334,0.9807,0.6999,0.97,0.736,0.319,0.96,ptx,msa_template
1v1t,43,3,0.9334,0.9807,0.7339,0.968,0.703,0.341,0.96,ptx,msa_template
1v1t,43,4,0.9334,0.9807,0.673,0.967,0.672,0.358,0.96,ptx,msa_template
1v1t,44,0,0.9347,0.981,0.7429,0.969,0.744,0.332,0.96,ptx,msa_template
1v1t,44,1,0.9347,0.9811,0.7725,0.97,0.777,0.311,0.96,ptx,msa_template
1v1t,44,2,0.9347,0.981,0.839,0.968,0.84,0.328,0.96,ptx,msa_template
1v1t,44,3,0.9346,0.981,0.6817,0.972,0.684,0.293,0.96,ptx,msa_template
1v1t,44,4,0.9346,0.9811,0.6848,0.969,0.703,0.335,0.96,ptx,msa_template
1w80,42,0,0.8761,0.954,1.1099,0.942,1.111,0.44,0.923,ptx,msa_template
1w80,42,1,0.8754,0.9539,1.1671,0.913,1.169,0.472,0.846,ptx,msa_template
1w80,42,2,0.8756,0.9536,1.3584,0.936,1.364,0.474,0.923,ptx,msa_template
1w80,42,3,0.8753,0.9534,1.2024,0.917,1.206,0.431,0.846,ptx,msa_template
1w80,42,4,0.8744,0.9529,1.2684,0.91,1.272,0.486,0.846,ptx,msa_template
1w80,43,0,0.8608,0.9469,1.1127,0.901,1.117,0.463,0.808,ptx,msa_template
1w80,43,1,0.8605,0.9468,1.1674,0.897,1.178,0.497,0.808,ptx,msa_template
1w80,43,2,0.8597,0.9458,1.2251,0.9,1.224,0.467,0.808,ptx,msa_template
1w80,43,3,0.8597,0.9457,1.1075,0.944,1.106,0.425,0.923,ptx,msa_template
1w80,43,4,0.8593,0.945,1.156,0.932,1.156,0.417,0.885,ptx,msa_template
1w80,44,0,0.8574,0.9397,1.2122,0.924,1.211,0.478,0.885,ptx,msa_template
1w80,44,1,0.8559,0.9392,1.1361,0.902,1.136,0.454,0.808,ptx,msa_template
1w80,44,2,0.8566,0.9391,1.1313,0.93,1.131,0.436,0.885,ptx,msa_template
1w80,44,3,0.8565,0.9388,1.0908,0.933,1.09,0.411,0.885,ptx,msa_template
1w80,44,4,0.8565,0.9386,1.1738,0.941,1.175,0.45,0.923,ptx,msa_template
1yfn,42,0,0.6394,0.6412,8.6288,0.317,8.655,3.736,0.321,ptx,msa_template
1yfn,42,1,0.638,0.6309,8.3237,0.321,8.302,3.586,0.302,ptx,msa_template
1yfn,42,2,0.6372,0.6293,8.2992,0.328,8.274,3.566,0.321,ptx,msa_template
1yfn,42,3,0.6357,0.6285,9.1467,0.287,9.054,3.928,0.264,ptx,msa_template
1yfn,42,4,0.6343,0.6278,8.7604,0.303,8.732,3.735,0.283,ptx,msa_template
1yfn,43,0,0.6361,0.6382,7.7662,0.302,8.06,3.528,0.226,ptx,msa_template
1yfn,43,1,0.6281,0.6315,7.7303,0.32,8.26,3.665,0.302,ptx,msa_template
1yfn,43,2,0.6281,0.6313,7.8315,0.281,8.057,3.629,0.17,ptx,msa_template
1yfn,43,3,0.6285,0.6286,8.2338,0.291,8.848,3.903,0.264,ptx,msa_template
1yfn,43,4,0.6316,0.6277,7.8545,0.329,6.803,3.096,0.189,ptx,msa_template
1yfn,44,0,0.6405,0.6528,8.3872,0.333,8.331,3.585,0.34,ptx,msa_template
1yfn,44,1,0.6383,0.6456,7.9368,0.318,7.528,3.356,0.226,ptx,msa_template
1yfn,44,2,0.6375,0.6435,7.918,0.311,7.974,3.485,0.245,ptx,msa_template
1yfn,44,3,0.6271,0.6353,9.0299,0.306,8.379,3.631,0.264,ptx,msa_template
1yfn,44,4,0.6318,0.6322,8.3533,0.257,9.016,3.893,0.17,ptx,msa_template
1ywi,42,0,0.9799,0.8799,1.5806,0.811,1.579,1.166,0.842,ptx,msa_template
1ywi,42,1,0.9799,0.8798,1.508,0.833,1.505,1.141,0.895,ptx,msa_template
1ywi,42,2,0.9799,0.8797,1.4813,0.812,1.479,1.163,0.842,ptx,msa_template
1ywi,42,3,0.9799,0.8797,1.4315,0.816,1.462,1.14,0.842,ptx,msa_template
1ywi,42,4,0.9799,0.8798,1.4658,0.815,1.438,1.15,0.842,ptx,msa_template
1ywi,43,0,0.9817,0.8873,1.5076,0.833,1.506,1.141,0.895,ptx,msa_template
1ywi,43,1,0.9817,0.8872,1.6063,0.805,1.605,1.208,0.842,ptx,msa_template
1ywi,43,2,0.9817,0.8872,1.3845,0.841,1.382,1.094,0.895,ptx,msa_template
1ywi,43,3,0.9817,0.8871,1.3634,0.825,1.362,1.081,0.842,ptx,msa_template
1ywi,43,4,0.9817,0.8871,1.4183,0.821,1.396,1.108,0.842,ptx,msa_template
1ywi,44,0,0.981,0.8854,1.5226,0.814,1.525,1.146,0.842,ptx,msa_template
1ywi,44,1,0.981,0.8853,1.5395,0.811,1.543,1.166,0.842,ptx,msa_template
1ywi,44,2,0.981,0.8853,1.4687,0.836,1.469,1.123,0.895,ptx,msa_template
1ywi,44,3,0.981,0.8852,1.4995,0.816,1.498,1.136,0.842,ptx,msa_template
1ywi,44,4,0.9811,0.8852,1.5153,0.836,1.513,1.118,0.895,ptx,msa_template
1ywo,42,0,0.9388,0.9155,0.8785,0.975,0.872,0.398,1.0,ptx,msa_template
1ywo,42,1,0.9389,0.9154,0.8106,0.963,0.81,0.389,0.96,ptx,msa_template
1ywo,42,2,0.939,0.9153,0.8349,0.976,0.832,0.387,1.0,ptx,msa_template
1ywo,42,3,0.939,0.9152,0.9681,0.97,0.959,0.438,1.0,ptx,msa_template
1ywo,42,4,0.9389,0.9151,0.7564,0.979,0.753,0.364,1.0,ptx,msa_template
1ywo,43,0,0.9387,0.9156,0.8711,0.975,0.864,0.393,1.0,ptx,msa_template
1ywo,43,1,0.9389,0.9154,1.0879,0.964,1.086,0.473,1.0,ptx,msa_template
1ywo,43,2,0.9387,0.9152,0.8308,0.976,0.827,0.385,1.0,ptx,msa_template
1ywo,43,3,0.9389,0.915,0.8347,0.964,0.835,0.376,0.96,ptx,msa_template
1ywo,43,4,0.9388,0.9149,0.6365,0.983,0.637,0.328,1.0,ptx,msa_template
1ywo,44,0,0.939,0.9155,0.812,0.976,0.816,0.389,1.0,ptx,msa_template
1ywo,44,1,0.939,0.9155,0.7572,0.979,0.757,0.363,1.0,ptx,msa_template
1ywo,44,2,0.9388,0.9154,0.7643,0.978,0.766,0.367,1.0,ptx,msa_template
1ywo,44,3,0.9387,0.9153,0.7222,0.98,0.726,0.357,1.0,ptx,msa_template
1ywo,44,4,0.9387,0.9152,0.6711,0.981,0.666,0.343,1.0,ptx,msa_template
1yy6,42,0,0.9009,0.9536,0.5765,0.969,0.581,0.377,0.971,ptx,msa_template
1yy6,42,1,0.9007,0.9535,0.6519,0.957,0.662,0.394,0.941,ptx,msa_template
1yy6,42,2,0.9005,0.9534,0.7474,0.963,0.752,0.426,0.971,ptx,msa_template
1yy6,42,3,0.9003,0.953,0.7984,0.944,0.805,0.412,0.912,ptx,msa_template
1yy6,42,4,0.8999,0.9528,0.6648,0.96,0.676,0.358,0.941,ptx,msa_template
1yy6,43,0,0.902,0.9536,0.6189,0.961,0.612,0.351,0.941,ptx,msa_template
1yy6,43,1,0.9017,0.9534,0.7271,0.963,0.581,0.333,0.941,ptx,msa_template
1yy6,43,2,0.9018,0.9534,0.5858,0.957,0.724,0.385,0.941,ptx,msa_template
1yy6,43,3,0.9017,0.9533,0.6203,0.947,0.619,0.395,0.912,ptx,msa_template
1yy6,43,4,0.9016,0.9531,0.7487,0.953,0.744,0.425,0.941,ptx,msa_template
1yy6,44,0,0.9013,0.9535,0.5104,0.973,0.513,0.338,0.971,ptx,msa_template
1yy6,44,1,0.9009,0.9531,0.5098,0.97,0.508,0.364,0.971,ptx,msa_template
1yy6,44,2,0.9007,0.9531,0.7759,0.959,0.779,0.456,0.971,ptx,msa_template
1yy6,44,3,0.9007,0.953,0.6869,0.952,0.693,0.435,0.941,ptx,msa_template
1yy6,44,4,0.9002,0.9526,0.8126,0.959,0.815,0.451,0.971,ptx,msa_template
2aij,42,0,0.9121,0.9761,0.6454,0.73,0.647,2.091,0.857,ptx,msa_template
2aij,42,1,0.9127,0.976,0.6917,0.717,0.692,2.296,0.857,ptx,msa_template
2aij,42,2,0.9124,0.976,0.6527,0.723,0.653,2.2,0.857,ptx,msa_template
2aij,42,3,0.9109,0.976,0.8014,0.73,0.797,2.088,0.857,ptx,msa_template
2aij,42,4,0.9103,0.9758,0.8786,0.738,0.876,2.07,0.881,ptx,msa_template
2aij,43,0,0.9046,0.9773,0.7537,0.717,0.747,2.276,0.857,ptx,msa_template
2aij,43,1,0.9033,0.9773,0.7581,0.729,0.753,2.103,0.857,ptx,msa_template
2aij,43,2,0.9036,0.9773,0.7472,0.725,0.741,2.155,0.857,ptx,msa_template
2aij,43,3,0.9007,0.9771,0.9637,0.716,0.957,2.156,0.833,ptx,msa_template
2aij,43,4,0.9036,0.9769,0.8886,0.714,0.88,2.317,0.857,ptx,msa_template
2aij,44,0,0.8983,0.9762,0.9969,0.686,1.001,2.232,0.762,ptx,msa_template
2aij,44,1,0.9,0.976,0.9952,0.707,0.982,2.284,0.833,ptx,msa_template
2aij,44,2,0.8992,0.976,0.9614,0.718,0.939,2.128,0.833,ptx,msa_template
2aij,44,3,0.8996,0.9759,0.94,0.723,0.933,2.285,0.881,ptx,msa_template
2aij,44,4,0.8977,0.9757,1.032,0.714,1.02,2.165,0.833,ptx,msa_template
2aq9,42,0,0.9044,0.9645,31.9476,0.027,31.943,12.254,0.0,ptx,msa_template
2aq9,42,1,0.9044,0.9644,32.0312,0.027,32.019,12.303,0.0,ptx,msa_template
2aq9,42,2,0.9044,0.9644,31.9186,0.027,31.913,12.256,0.0,ptx,msa_template
2aq9,42,3,0.9044,0.9643,31.9877,0.027,31.982,12.29,0.0,ptx,msa_template
2aq9,42,4,0.9043,0.9643,32.0201,0.027,32.024,12.296,0.0,ptx,msa_template
2aq9,43,0,0.9046,0.9645,31.8986,0.027,31.894,12.265,0.0,ptx,msa_template
2aq9,43,1,0.9045,0.9645,31.8472,0.027,31.84,12.231,0.0,ptx,msa_template
2aq9,43,2,0.9045,0.9645,32.0123,0.027,32.005,12.32,0.0,ptx,msa_template
2aq9,43,3,0.9044,0.9643,32.0326,0.027,32.026,12.32,0.0,ptx,msa_template
2aq9,43,4,0.9043,0.9642,32.0681,0.027,32.061,12.315,0.0,ptx,msa_template
2aq9,44,0,0.9039,0.9646,31.9121,0.027,31.949,12.283,0.0,ptx,msa_template
2aq9,44,1,0.9038,0.9646,31.9539,0.027,31.907,12.268,0.0,ptx,msa_template
2aq9,44,2,0.9037,0.9646,31.9665,0.027,31.967,12.283,0.0,ptx,msa_template
2aq9,44,3,0.9036,0.9645,32.0003,0.027,32.004,12.296,0.0,ptx,msa_template
2aq9,44,4,0.9036,0.9644,31.9973,0.027,31.995,12.307,0.0,ptx,msa_template
2c3i,42,0,0.9189,0.9762,0.7089,0.986,0.711,0.286,1.0,ptx,msa_template
2c3i,42,1,0.9191,0.9761,0.5824,0.982,0.58,0.232,0.974,ptx,msa_template
2c3i,42,2,0.9189,0.9761,0.7627,0.986,0.76,0.278,1.0,ptx,msa_template
2c3i,42,3,0.9189,0.9761,0.7664,0.986,0.766,0.279,1.0,ptx,msa_template
2c3i,42,4,0.919,0.9761,0.6042,0.99,0.605,0.234,1.0,ptx,msa_template
2c3i,43,0,0.92,0.9785,0.6152,0.988,0.615,0.263,1.0,ptx,msa_template
2c3i,43,1,0.9201,0.9785,0.662,0.978,0.662,0.28,0.974,ptx,msa_template
2c3i,43,2,0.9201,0.9785,0.5591,0.99,0.558,0.247,1.0,ptx,msa_template
2c3i,43,3,0.9201,0.9785,0.5767,0.983,0.576,0.212,0.974,ptx,msa_template
2c3i,43,4,0.9199,0.9784,0.7286,0.97,0.726,0.276,0.949,ptx,msa_template
2c3i,44,0,0.9191,0.9788,0.6575,0.988,0.659,0.265,1.0,ptx,msa_template
2c3i,44,1,0.9191,0.9787,0.7351,0.984,0.74,0.304,1.0,ptx,msa_template
2c3i,44,2,0.9192,0.9786,0.6565,0.98,0.662,0.257,0.974,ptx,msa_template
2c3i,44,3,0.9193,0.9786,0.6291,0.981,0.634,0.24,0.974,ptx,msa_template
2c3i,44,4,0.9192,0.9786,0.6661,0.989,0.671,0.255,1.0,ptx,msa_template
2cch,42,0,0.8704,0.9609,0.7947,0.981,0.797,0.334,1.0,ptx,msa_template
2cch,42,1,0.8704,0.9605,0.6377,0.988,0.569,0.266,1.0,ptx,msa_template
2cch,42,2,0.8704,0.9605,0.5652,0.961,1.03,0.438,0.977,ptx,msa_template
2cch,42,3,0.8694,0.96,1.0273,0.992,0.606,0.213,1.0,ptx,msa_template
2cch,42,4,0.8699,0.9592,0.6188,0.989,0.621,0.247,1.0,ptx,msa_template
2cch,43,0,0.884,0.9668,0.7164,0.984,0.712,0.311,1.0,ptx,msa_template
2cch,43,1,0.8838,0.9668,0.8636,0.979,0.831,0.36,1.0,ptx,msa_template
2cch,43,2,0.8841,0.9662,0.6641,0.991,0.668,0.217,1.0,ptx,msa_template
2cch,43,3,0.8838,0.9661,0.6447,0.989,0.654,0.256,1.0,ptx,msa_template
2cch,43,4,0.8837,0.9657,0.448,0.992,0.448,0.217,1.0,ptx,msa_template
2cch,44,0,0.8838,0.9665,0.8329,0.979,0.842,0.353,1.0,ptx,msa_template
2cch,44,1,0.8843,0.9664,0.7617,0.974,0.831,0.323,0.977,ptx,msa_template
2cch,44,2,0.8813,0.9661,1.9153,0.987,0.763,0.266,1.0,ptx,msa_template
2cch,44,3,0.8839,0.9655,1.3337,0.933,1.342,0.579,0.953,ptx,msa_template
2cch,44,4,0.8811,0.9648,1.7107,0.901,1.708,0.723,0.93,ptx,msa_template
2cny,42,0,0.9699,0.9609,0.5264,0.932,0.483,0.678,0.969,ptx,msa_template
2cny,42,1,0.9699,0.9609,0.4811,0.944,0.521,0.59,0.969,ptx,msa_template
2cny,42,2,0.9699,0.9608,0.5009,0.937,0.494,0.642,0.969,ptx,msa_template
2cny,42,3,0.9699,0.9608,0.4795,0.942,0.481,0.603,0.969,ptx,msa_template
2cny,42,4,0.9699,0.9607,0.4178,0.943,0.417,0.598,0.969,ptx,msa_template
2cny,43,0,0.9698,0.9625,0.5,0.956,0.444,0.492,0.969,ptx,msa_template
2cny,43,1,0.9698,0.9625,0.4169,0.955,0.41,0.504,0.969,ptx,msa_template
2cny,43,2,0.9698,0.9625,0.4508,0.95,0.471,0.541,0.969,ptx,msa_template
2cny,43,3,0.9698,0.9624,0.3902,0.958,0.374,0.481,0.969,ptx,msa_template
2cny,43,4,0.9698,0.9624,0.436,0.954,0.424,0.512,0.969,ptx,msa_template
2cny,44,0,0.9689,0.9603,0.4474,0.941,0.448,0.636,0.979,ptx,msa_template
2cny,44,1,0.9689,0.9602,0.3997,0.947,0.398,0.566,0.969,ptx,msa_template
2cny,44,2,0.9689,0.9602,0.4408,0.942,0.435,0.603,0.969,ptx,msa_template
2cny,44,3,0.9689,0.9602,0.3859,0.95,0.386,0.571,0.979,ptx,msa_template
2cny,44,4,0.9689,0.9602,0.4436,0.94,0.443,0.621,0.969,ptx,msa_template
2e4h,42,0,0.8349,0.8859,10.7047,0.421,11.017,3.884,0.76,ptx,msa_template
2e4h,42,1,0.835,0.8858,11.0443,0.415,10.679,3.752,0.72,ptx,msa_template
2e4h,42,2,0.8344,0.8857,10.8738,0.411,10.871,3.84,0.72,ptx,msa_template
2e4h,42,3,0.835,0.8857,10.5324,0.419,10.491,3.711,0.72,ptx,msa_template
2e4h,42,4,0.8345,0.8855,11.2225,0.417,11.238,3.946,0.76,ptx,msa_template
2e4h,43,0,0.8364,0.8872,10.5227,0.419,10.536,3.694,0.72,ptx,msa_template
2e4h,43,1,0.8369,0.8869,10.5736,0.417,10.595,3.741,0.72,ptx,msa_template
2e4h,43,2,0.8364,0.8868,11.0425,0.407,11.04,3.885,0.72,ptx,msa_template
2e4h,43,3,0.8363,0.8868,10.8791,0.411,10.884,3.816,0.72,ptx,msa_template
2e4h,43,4,0.8361,0.8867,10.9405,0.409,10.942,3.854,0.72,ptx,msa_template
2e4h,44,0,0.8281,0.8858,10.5193,0.427,10.851,3.691,0.76,ptx,msa_template
2e4h,44,1,0.8331,0.8853,10.3981,0.422,10.393,3.656,0.72,ptx,msa_template
2e4h,44,2,0.8336,0.8853,10.6223,0.43,10.621,3.738,0.76,ptx,msa_template
2e4h,44,3,0.8335,0.8852,10.6666,0.415,10.677,3.762,0.72,ptx,msa_template
2e4h,44,4,0.8334,0.8852,11.0299,0.421,11.018,3.873,0.76,ptx,msa_template
2fgr,42,0,0.6332,0.7825,23.5901,0.053,21.943,8.923,0.0,ptx,msa_template
2fgr,42,1,0.625,0.771,21.9473,0.055,21.324,8.684,0.0,ptx,msa_template
2fgr,42,2,0.627,0.7687,21.3848,0.127,17.734,7.422,0.154,ptx,msa_template
2fgr,42,3,0.5682,0.7112,17.3122,0.117,17.28,7.201,0.115,ptx,msa_template
2fgr,42,4,0.5101,0.696,15.1383,0.097,15.161,6.341,0.0,ptx,msa_template
2fgr,43,0,0.6408,0.7945,23.2134,0.048,23.21,9.484,0.0,ptx,msa_template
2fgr,43,1,0.5842,0.7252,17.4815,0.103,17.482,7.173,0.077,ptx,msa_template
2fgr,43,2,0.5615,0.7208,16.9457,0.12,16.947,7.043,0.115,ptx,msa_template
2fgr,43,3,0.5803,0.7206,17.0727,0.106,17.052,7.038,0.077,ptx,msa_template
2fgr,43,4,0.5556,0.7087,17.7048,0.127,17.726,7.406,0.154,ptx,msa_template
2fgr,44,0,0.6025,0.7222,23.7755,0.045,23.91,9.826,0.0,ptx,msa_template
2fgr,44,1,0.5387,0.6416,18.1136,0.099,18.082,7.529,0.077,ptx,msa_template
2fgr,44,2,0.5257,0.6372,17.8643,0.076,17.752,7.294,0.0,ptx,msa_template
2fgr,44,3,0.5252,0.633,18.3775,0.072,18.315,7.599,0.0,ptx,msa_template
2fgr,44,4,0.5145,0.6172,15.3505,0.108,15.386,6.338,0.038,ptx,msa_template
2fka,42,0,0.9486,0.9549,1.3518,0.91,1.344,0.744,0.952,ptx,msa_template
2fka,42,1,0.9482,0.9549,1.0385,0.933,1.036,0.602,0.952,ptx,msa_template
2fka,42,2,0.9478,0.9549,0.9909,0.962,0.985,0.503,1.0,ptx,msa_template
2fka,42,3,0.9483,0.9548,0.9807,0.926,0.965,0.655,0.952,ptx,msa_template
2fka,42,4,0.9484,0.9546,1.2837,0.922,1.283,0.665,0.952,ptx,msa_template
2fka,43,0,0.9554,0.9601,1.2568,0.904,1.258,0.791,0.952,ptx,msa_template
2fka,43,1,0.9552,0.96,1.2154,0.924,1.217,0.658,0.952,ptx,msa_template
2fka,43,2,0.9554,0.96,1.3193,0.903,1.322,0.798,0.952,ptx,msa_template
2fka,43,3,0.9549,0.9599,0.9642,0.94,0.982,0.548,0.952,ptx,msa_template
2fka,43,4,0.9551,0.9597,1.1583,0.927,1.167,0.634,0.952,ptx,msa_template
2fka,44,0,0.9448,0.9507,1.21,0.917,1.213,0.703,0.952,ptx,msa_template
2fka,44,1,0.9444,0.9505,1.0381,0.935,1.117,0.578,0.952,ptx,msa_template
2fka,44,2,0.9443,0.9504,1.1143,0.915,1.244,0.721,0.952,ptx,msa_template
2fka,44,3,0.9446,0.9503,1.2471,0.914,1.166,0.734,0.952,ptx,msa_template
2fka,44,4,0.9447,0.9503,1.1628,0.943,1.016,0.523,0.952,ptx,msa_template
2hpl,42,0,0.9499,0.9554,0.5062,0.991,0.507,0.228,1.0,ptx,msa_template
2hpl,42,1,0.9499,0.9554,0.5229,0.991,0.523,0.228,1.0,ptx,msa_template
2hpl,42,2,0.9499,0.9554,0.5464,0.991,0.545,0.236,1.0,ptx,msa_template
2hpl,42,3,0.9499,0.9553,0.5062,0.991,0.507,0.228,1.0,ptx,msa_template
2hpl,42,4,0.9498,0.9552,0.5436,0.99,0.544,0.243,1.0,ptx,msa_template
2hpl,43,0,0.9495,0.9551,0.5027,0.991,0.503,0.233,1.0,ptx,msa_template
2hpl,43,1,0.9496,0.9551,0.4831,0.992,0.485,0.211,1.0,ptx,msa_template
2hpl,43,2,0.9495,0.955,0.5257,0.991,0.524,0.229,1.0,ptx,msa_template
2hpl,43,3,0.9495,0.9551,0.4895,0.992,0.489,0.213,1.0,ptx,msa_template
2hpl,43,4,0.9495,0.955,0.5547,0.991,0.555,0.235,1.0,ptx,msa_template
2hpl,44,0,0.9494,0.9555,0.4648,0.992,0.464,0.224,1.0,ptx,msa_template
2hpl,44,1,0.9494,0.9555,0.4966,0.992,0.495,0.222,1.0,ptx,msa_template
2hpl,44,2,0.9494,0.9554,0.5077,0.991,0.506,0.23,1.0,ptx,msa_template
2hpl,44,3,0.9494,0.9554,0.5492,0.991,0.547,0.23,1.0,ptx,msa_template
2hpl,44,4,0.9493,0.9554,0.5252,0.991,0.523,0.238,1.0,ptx,msa_template
2ht9,42,0,0.5987,0.6179,15.6254,0.444,8.242,3.195,0.636,ptx,msa_template
2ht9,42,1,0.5847,0.5803,5.3321,0.561,6.138,2.3,0.727,ptx,msa_template
2ht9,42,2,0.5947,0.5771,11.242,0.592,5.517,1.709,0.636,ptx,msa_template
2ht9,42,3,0.5842,0.5647,6.3462,0.563,5.908,1.927,0.636,ptx,msa_template
2ht9,42,4,0.5802,0.5579,4.4522,0.337,7.966,2.936,0.273,ptx,msa_template
2ht9,43,0,0.6167,0.6247,20.9033,0.647,4.646,1.683,0.727,ptx,msa_template
2ht9,43,1,0.6481,0.6222,27.4208,0.332,9.742,4.29,0.455,ptx,msa_template
2ht9,43,2,0.645,0.6206,28.1063,0.4,8.705,2.542,0.455,ptx,msa_template
2ht9,43,3,0.6469,0.6206,27.637,0.279,10.719,4.895,0.364,ptx,msa_template
2ht9,43,4,0.6466,0.6206,27.7742,0.508,6.534,2.043,0.545,ptx,msa_template
2ht9,44,0,0.6068,0.6117,18.1733,0.194,18.223,7.412,0.364,ptx,msa_template
2ht9,44,1,0.5988,0.5773,11.1483,0.332,11.277,4.848,0.545,ptx,msa_template
2ht9,44,2,0.5918,0.5764,11.2754,0.332,11.122,5.074,0.545,ptx,msa_template
2ht9,44,3,0.5955,0.5731,11.3015,0.328,11.343,5.093,0.545,ptx,msa_template
2ht9,44,4,0.574,0.538,7.7528,0.372,7.615,3.028,0.364,ptx,msa_template
2i94,42,0,0.834,0.9043,12.8655,0.155,12.862,6.189,0.106,ptx,msa_template
2i94,42,1,0.8348,0.9039,13.0362,0.153,13.043,6.249,0.106,ptx,msa_template
2i94,42,2,0.8348,0.9027,14.3388,0.137,14.395,6.867,0.106,ptx,msa_template
2i94,42,3,0.8347,0.9028,14.7057,0.126,14.756,7.081,0.085,ptx,msa_template
2i94,42,4,0.8344,0.9024,14.3396,0.144,14.375,6.89,0.128,ptx,msa_template
2i94,43,0,0.8356,0.9054,12.9303,0.168,12.939,6.246,0.149,ptx,msa_template
2i94,43,1,0.8347,0.9041,14.4462,0.155,12.853,6.185,0.106,ptx,msa_template
2i94,43,2,0.8339,0.9035,14.2836,0.145,14.321,6.822,0.128,ptx,msa_template
2i94,43,3,0.8323,0.9033,14.337,0.137,14.332,6.851,0.106,ptx,msa_template
2i94,43,4,0.834,0.9031,14.3148,0.137,14.343,6.824,0.106,ptx,msa_template
2i94,44,0,0.8243,0.8981,12.8447,0.17,12.864,6.133,0.149,ptx,msa_template
2i94,44,1,0.8241,0.8974,14.5285,0.142,14.539,6.99,0.128,ptx,msa_template
2i94,44,2,0.8239,0.8974,14.5497,0.143,14.48,6.905,0.128,ptx,msa_template
2i94,44,3,0.825,0.8971,14.5733,0.143,14.519,6.934,0.128,ptx,msa_template
2i94,44,4,0.8214,0.8951,14.319,0.138,14.321,6.848,0.106,ptx,msa_template
2ivz,42,0,0.4775,0.6152,7.4976,0.933,0.657,0.697,0.981,ptx,msa_template
2ivz,42,1,0.4422,0.6085,8.0296,0.926,0.615,0.747,0.981,ptx,msa_template
2ivz,42,2,0.475,0.6071,7.8409,0.919,0.606,0.796,0.981,ptx,msa_template
2ivz,42,3,0.4548,0.6066,6.234,0.937,0.586,0.67,0.981,ptx,msa_template
2ivz,42,4,0.4358,0.5977,7.6724,0.904,0.73,0.891,0.981,ptx,msa_template
2ivz,43,0,0.5324,0.6807,9.9836,0.923,0.543,0.768,0.981,ptx,msa_template
2ivz,43,1,0.4947,0.658,6.0011,0.918,0.73,0.8,0.981,ptx,msa_template
2ivz,43,2,0.4777,0.6547,5.3398,0.922,0.759,0.768,0.981,ptx,msa_template
2ivz,43,3,0.4883,0.6508,7.9636,0.922,0.627,0.776,0.981,ptx,msa_template
2ivz,43,4,0.4914,0.6345,8.7487,0.92,0.698,0.739,0.963,ptx,msa_template
2ivz,44,0,0.625,0.8067,6.589,0.913,0.682,0.834,0.981,ptx,msa_template
2ivz,44,1,0.6209,0.805,6.4524,0.922,0.577,0.778,0.981,ptx,msa_template
2ivz,44,2,0.621,0.8035,6.9306,0.917,0.815,0.801,0.981,ptx,msa_template
2ivz,44,3,0.6184,0.8034,6.3493,0.906,0.812,0.873,0.981,ptx,msa_template
2ivz,44,4,0.6169,0.8009,6.6137,0.921,0.595,0.784,0.981,ptx,msa_template
2jkg,42,0,0.7177,0.7844,1.8,0.89,1.792,0.675,0.882,ptx,msa_template
2jkg,42,1,0.7195,0.7838,1.8357,0.94,1.844,0.595,1.0,ptx,msa_template
2jkg,42,2,0.717,0.7824,1.6496,0.899,1.645,0.627,0.882,ptx,msa_template
2jkg,42,3,0.7152,0.781,1.7438,0.871,1.743,0.678,0.824,ptx,msa_template
2jkg,42,4,0.7165,0.7809,2.0276,0.88,2.033,0.726,0.882,ptx,msa_template
2jkg,43,0,0.7176,0.7658,2.0406,0.886,1.967,0.684,0.882,ptx,msa_template
2jkg,43,1,0.7166,0.765,1.4508,0.912,1.409,0.549,0.882,ptx,msa_template
2jkg,43,2,0.7155,0.7645,2.4142,0.852,2.36,0.874,0.882,ptx,msa_template
2jkg,43,3,0.715,0.7628,1.8497,0.855,1.798,0.645,0.765,ptx,msa_template
2jkg,43,4,0.7127,0.76,2.0346,0.858,2.012,0.739,0.824,ptx,msa_template
2jkg,44,0,0.7094,0.7827,1.2574,0.935,1.294,0.534,0.941,ptx,msa_template
2jkg,44,1,0.7089,0.7812,1.8995,0.904,1.94,0.703,0.941,ptx,msa_template
2jkg,44,2,0.7093,0.7804,2.078,0.852,2.123,0.773,0.824,ptx,msa_template
2jkg,44,3,0.7062,0.78,1.9892,0.848,2.006,0.81,0.824,ptx,msa_template
2jkg,44,4,0.7073,0.778,0.9864,0.905,0.996,0.482,0.824,ptx,msa_template
2jnw,42,0,0.9301,0.9422,2.4663,0.784,2.459,1.255,0.842,ptx,msa_template
2jnw,42,1,0.9303,0.9419,2.4035,0.79,2.402,1.224,0.842,ptx,msa_template
2jnw,42,2,0.93,0.9416,2.3833,0.791,2.373,1.219,0.842,ptx,msa_template
2jnw,42,3,0.9301,0.9414,2.0827,0.806,2.078,1.142,0.842,ptx,msa_template
2jnw,42,4,0.9301,0.9411,2.071,0.808,2.069,1.134,0.842,ptx,msa_template
2jnw,43,0,0.9362,0.9451,2.4149,0.789,2.425,1.226,0.842,ptx,msa_template
2jnw,43,1,0.936,0.9445,2.2184,0.789,2.238,1.181,0.816,ptx,msa_template
2jnw,43,2,0.9359,0.9443,2.1249,0.793,2.363,1.2,0.842,ptx,msa_template
2jnw,43,3,0.9359,0.9442,2.3472,0.803,2.14,1.156,0.842,ptx,msa_template
2jnw,43,4,0.9359,0.9442,2.2061,0.79,2.22,1.178,0.816,ptx,msa_template
2jnw,44,0,0.9337,0.9419,2.2694,0.795,2.252,1.203,0.842,ptx,msa_template
2jnw,44,1,0.9338,0.9419,2.2386,0.799,2.227,1.179,0.842,ptx,msa_template
2jnw,44,2,0.9339,0.9418,2.098,0.813,2.091,1.154,0.868,ptx,msa_template
2jnw,44,3,0.9337,0.9414,2.2125,0.791,2.206,1.175,0.816,ptx,msa_template
2jnw,44,4,0.9338,0.9413,1.9376,0.823,1.93,1.102,0.868,ptx,msa_template
2jqk,42,0,0.8804,0.8574,3.3488,0.717,3.389,1.645,0.833,ptx,msa_template
2jqk,42,1,0.8806,0.8572,3.2889,0.703,3.323,1.659,0.792,ptx,msa_template
2jqk,42,2,0.8805,0.8571,3.3417,0.718,3.386,1.631,0.833,ptx,msa_template
2jqk,42,3,0.8803,0.8567,3.1932,0.717,3.234,1.679,0.833,ptx,msa_template
2jqk,42,4,0.8805,0.8567,3.1789,0.721,3.205,1.649,0.833,ptx,msa_template
2jqk,43,0,0.8826,0.8599,3.213,0.707,3.238,1.639,0.792,ptx,msa_template
2jqk,43,1,0.8828,0.8597,3.2277,0.735,3.241,1.636,0.875,ptx,msa_template
2jqk,43,2,0.8828,0.8596,3.2005,0.719,3.228,1.66,0.833,ptx,msa_template
2jqk,43,3,0.8827,0.8595,3.2616,0.717,3.29,1.668,0.833,ptx,msa_template
2jqk,43,4,0.8826,0.8589,3.2758,0.718,3.304,1.65,0.833,ptx,msa_template
2jqk,44,0,0.8653,0.8386,3.4323,0.693,3.481,1.72,0.792,ptx,msa_template
2jqk,44,1,0.8653,0.8374,3.1766,0.721,3.208,1.646,0.833,ptx,msa_template
2jqk,44,2,0.8653,0.8371,3.1431,0.718,3.277,1.655,0.833,ptx,msa_template
2jqk,44,3,0.8656,0.8369,3.2212,0.709,3.207,1.624,0.792,ptx,msa_template
2jqk,44,4,0.8652,0.8366,3.4088,0.709,3.451,1.705,0.833,ptx,msa_template
2ka9,42,0,0.7556,0.8925,36.102,0.024,36.086,10.918,0.0,ptx,msa_template
2ka9,42,1,0.7491,0.8922,36.8553,0.022,36.868,11.569,0.0,ptx,msa_template
2ka9,42,2,0.7549,0.8918,35.8486,0.024,35.863,11.114,0.0,ptx,msa_template
2ka9,42,3,0.7523,0.8902,35.6305,0.024,35.58,11.134,0.0,ptx,msa_template
2ka9,42,4,0.7543,0.89,36.5272,0.023,36.515,11.4,0.0,ptx,msa_template
2ka9,43,0,0.7167,0.8568,36.3988,0.024,36.448,10.555,0.0,ptx,msa_template
2ka9,43,1,0.7122,0.8553,35.911,0.023,35.937,11.428,0.0,ptx,msa_template
2ka9,43,2,0.7136,0.8539,36.4432,0.023,36.462,11.193,0.0,ptx,msa_template
2ka9,43,3,0.7128,0.8537,36.5411,0.023,36.582,11.143,0.0,ptx,msa_template
2ka9,43,4,0.5292,0.7025,13.9685,0.442,13.979,2.744,0.826,ptx,msa_template
2ka9,44,0,0.7565,0.8941,35.6614,0.024,35.65,11.1,0.0,ptx,msa_template
2ka9,44,1,0.7567,0.8933,35.5834,0.024,35.408,10.92,0.0,ptx,msa_template
2ka9,44,2,0.7568,0.8937,35.3804,0.024,35.588,11.009,0.0,ptx,msa_template
2ka9,44,3,0.7543,0.8928,36.0867,0.023,36.092,11.43,0.0,ptx,msa_template
2ka9,44,4,0.755,0.8921,36.725,0.022,36.717,11.692,0.0,ptx,msa_template
2kbr,42,0,0.9245,0.927,3.272,0.692,3.269,1.859,0.811,ptx,msa_template
2kbr,42,1,0.9248,0.927,3.3326,0.686,3.33,1.813,0.784,ptx,msa_template
2kbr,42,2,0.9247,0.9265,3.2482,0.701,3.242,1.769,0.811,ptx,msa_template
2kbr,42,3,0.9246,0.9265,3.2284,0.689,3.224,1.711,0.757,ptx,msa_template
2kbr,42,4,0.9244,0.9264,2.9856,0.721,2.98,1.623,0.811,ptx,msa_template
2kbr,43,0,0.9288,0.9315,3.0503,0.716,3.04,1.652,0.811,ptx,msa_template
2kbr,43,1,0.9288,0.9316,3.0706,0.7,3.065,1.631,0.757,ptx,msa_template
2kbr,43,2,0.9286,0.9311,3.0886,0.714,3.077,1.667,0.811,ptx,msa_template
2kbr,43,3,0.9286,0.9308,3.0832,0.688,3.074,1.662,0.73,ptx,msa_template
2kbr,43,4,0.9288,0.9306,3.2095,0.688,3.193,1.719,0.757,ptx,msa_template
2kbr,44,0,0.9291,0.9311,3.3657,0.681,3.358,1.763,0.757,ptx,msa_template
2kbr,44,1,0.9292,0.9311,3.2103,0.699,3.203,1.701,0.784,ptx,msa_template
2kbr,44,2,0.9294,0.9308,3.2791,0.708,3.071,1.642,0.784,ptx,msa_template
2kbr,44,3,0.9293,0.9308,3.0773,0.67,3.254,1.714,0.703,ptx,msa_template
2kbr,44,4,0.9291,0.9307,3.281,0.685,3.27,1.734,0.757,ptx,msa_template
2ke1,42,0,0.9427,0.9438,5.1669,0.748,5.153,1.049,0.84,ptx,msa_template
2ke1,42,1,0.9427,0.9441,5.092,0.723,5.054,1.151,0.8,ptx,msa_template
2ke1,42,2,0.9425,0.9439,5.3611,0.741,5.335,1.014,0.82,ptx,msa_template
2ke1,42,3,0.9424,0.9438,5.7101,0.725,5.71,1.064,0.82,ptx,msa_template
2ke1,42,4,0.9426,0.9438,4.8464,0.753,4.836,1.07,0.84,ptx,msa_template
2ke1,43,0,0.9416,0.9436,5.6629,0.744,5.668,1.03,0.86,ptx,msa_template
2ke1,43,1,0.9417,0.9435,5.4669,0.733,5.478,1.048,0.82,ptx,msa_template
2ke1,43,2,0.9417,0.9434,5.2908,0.744,5.291,1.047,0.84,ptx,msa_template
2ke1,43,3,0.9421,0.9435,5.0329,0.741,5.023,1.124,0.84,ptx,msa_template
2ke1,43,4,0.9422,0.9434,4.8438,0.701,4.837,1.361,0.8,ptx,msa_template
2ke1,44,0,0.9421,0.9432,6.8057,0.716,6.832,1.031,0.86,ptx,msa_template
2ke1,44,1,0.9423,0.9437,5.0857,0.659,5.073,1.698,0.8,ptx,msa_template
2ke1,44,2,0.942,0.9434,7.7916,0.688,7.794,1.029,0.84,ptx,msa_template
2ke1,44,3,0.9421,0.9432,6.9368,0.687,6.969,1.116,0.82,ptx,msa_template
2ke1,44,4,0.9418,0.9433,6.5509,0.702,6.609,1.121,0.84,ptx,msa_template
2khh,42,0,0.8854,0.8805,2.2625,0.658,2.266,2.209,0.724,ptx,msa_template
2khh,42,1,0.8849,0.8802,3.0079,0.629,3.003,2.435,0.724,ptx,msa_template
2khh,42,2,0.8857,0.8801,2.7863,0.64,2.787,2.331,0.724,ptx,msa_template
2khh,42,3,0.8858,0.88,2.6647,0.637,2.615,2.446,0.724,ptx,msa_template
2khh,42,4,0.883,0.8802,3.7913,0.605,3.782,2.563,0.724,ptx,msa_template
2khh,43,0,0.8875,0.8829,2.3155,0.651,2.316,2.309,0.724,ptx,msa_template
2khh,43,1,0.8848,0.8782,3.0075,0.636,3.124,2.476,0.759,ptx,msa_template
2khh,43,2,0.8836,0.8783,3.0501,0.63,3.079,2.4,0.724,ptx,msa_template
2khh,43,3,0.8819,0.8785,4.4126,0.58,4.428,2.753,0.724,ptx,msa_template
2khh,43,4,0.8824,0.8781,3.8539,0.601,3.861,2.6,0.724,ptx,msa_template
2khh,44,0,0.8763,0.8755,2.9562,0.629,2.956,2.455,0.724,ptx,msa_template
2khh,44,1,0.8749,0.8755,4.0565,0.647,2.577,2.286,0.724,ptx,msa_template
2khh,44,2,0.8775,0.8752,2.5749,0.598,4.045,2.575,0.724,ptx,msa_template
2khh,44,3,0.8747,0.8752,4.3416,0.583,4.346,2.723,0.724,ptx,msa_template
2khh,44,4,0.8749,0.8753,3.0023,0.627,2.991,2.489,0.724,ptx,msa_template
2koh,42,0,0.7313,0.8754,12.3427,0.434,12.321,3.314,0.811,ptx,msa_template
2koh,42,1,0.7272,0.8754,11.1307,0.461,11.178,3.22,0.838,ptx,msa_template
2koh,42,2,0.7275,0.8751,11.4258,0.445,11.494,3.321,0.811,ptx,msa_template
2koh,42,3,0.729,0.8745,11.0343,0.453,11.081,3.24,0.811,ptx,msa_template
2koh,42,4,0.7273,0.8744,11.1915,0.438,11.242,3.354,0.784,ptx,msa_template
2koh,43,0,0.7319,0.868,10.6639,0.465,12.093,3.278,0.892,ptx,msa_template
2koh,43,1,0.732,0.8677,11.858,0.479,10.745,3.119,0.865,ptx,msa_template
2koh,43,2,0.7316,0.8674,10.9611,0.48,10.93,3.299,0.892,ptx,msa_template
2koh,43,3,0.7322,0.8667,10.6165,0.469,11.068,3.312,0.865,ptx,msa_template
2koh,43,4,0.7313,0.8662,10.5509,0.479,10.636,3.176,0.865,ptx,msa_template
2koh,44,0,0.728,0.8763,11.9097,0.434,12.075,3.451,0.811,ptx,msa_template
2koh,44,1,0.7276,0.8757,12.4833,0.417,12.735,3.449,0.784,ptx,msa_template
2koh,44,2,0.7267,0.8755,11.2152,0.448,11.276,3.307,0.811,ptx,msa_template
2koh,44,3,0.728,0.8751,11.0767,0.424,12.443,3.323,0.784,ptx,msa_template
2koh,44,4,0.7287,0.8746,11.0129,0.443,12.312,3.346,0.838,ptx,msa_template
2las,42,0,0.8933,0.9035,5.7842,0.616,5.763,2.571,0.909,ptx,msa_template
2las,42,1,0.8924,0.9033,5.7761,0.598,5.776,2.529,0.848,ptx,msa_template
2las,42,2,0.8923,0.9033,6.023,0.577,5.995,2.641,0.818,ptx,msa_template
2las,42,3,0.891,0.9028,6.3141,0.575,6.295,2.745,0.848,ptx,msa_template
2las,42,4,0.8931,0.9024,5.6724,0.607,5.654,2.406,0.848,ptx,msa_template
2las,43,0,0.8924,0.9026,5.3707,0.614,5.353,2.412,0.848,ptx,msa_template
2las,43,1,0.891,0.9016,6.2242,0.576,6.21,2.774,0.848,ptx,msa_template
2las,43,2,0.8908,0.9016,6.1397,0.572,6.109,2.674,0.818,ptx,msa_template
2las,43,3,0.8925,0.9015,5.7744,0.594,5.755,2.611,0.848,ptx,msa_template
2las,43,4,0.8926,0.9015,5.8169,0.591,5.813,2.646,0.848,ptx,msa_template
2las,44,0,0.8323,0.8771,6.98,0.399,6.988,3.237,0.424,ptx,msa_template
2las,44,1,0.8323,0.8765,7.2993,0.379,7.303,3.35,0.394,ptx,msa_template
2las,44,2,0.8316,0.876,7.2491,0.402,7.237,3.297,0.455,ptx,msa_template
2las,44,3,0.8324,0.8754,7.5057,0.39,7.516,3.53,0.455,ptx,msa_template
2las,44,4,0.8324,0.8747,6.5005,0.435,6.488,3.104,0.485,ptx,msa_template
2lsi,42,0,0.8564,0.9164,4.5894,0.645,4.568,2.448,0.886,ptx,msa_template
2lsi,42,1,0.8565,0.9165,4.4215,0.662,4.457,2.209,0.886,ptx,msa_template
2lsi,42,2,0.857,0.9164,4.4829,0.679,4.393,2.123,0.914,ptx,msa_template
2lsi,42,3,0.8571,0.9165,4.486,0.672,4.445,2.212,0.914,ptx,msa_template
2lsi,42,4,0.8567,0.9162,4.5863,0.654,4.581,2.287,0.886,ptx,msa_template
2lsi,43,0,0.8579,0.9167,4.1895,0.686,4.184,2.101,0.914,ptx,msa_template
2lsi,43,1,0.8577,0.9166,4.4832,0.665,4.483,2.298,0.914,ptx,msa_template
2lsi,43,2,0.8577,0.9166,3.9207,0.693,3.907,2.091,0.914,ptx,msa_template
2lsi,43,3,0.857,0.9165,3.99,0.658,4.249,2.201,0.857,ptx,msa_template
2lsi,43,4,0.8578,0.9161,4.1385,0.667,4.125,2.254,0.886,ptx,msa_template
2lsi,44,0,0.8567,0.917,4.6945,0.66,4.708,2.283,0.914,ptx,msa_template
2lsi,44,1,0.8568,0.9168,4.2465,0.66,4.255,2.321,0.886,ptx,msa_template
2lsi,44,2,0.8578,0.9168,4.0134,0.656,4.171,2.268,0.857,ptx,msa_template
2lsi,44,3,0.8573,0.9168,4.2032,0.675,3.995,2.183,0.886,ptx,msa_template
2lsi,44,4,0.8571,0.9165,4.98,0.644,4.998,2.441,0.914,ptx,msa_template
2m0v,42,0,0.9603,0.9848,3.9741,0.724,3.961,1.59,0.88,ptx,msa_template
2m0v,42,1,0.9606,0.9848,3.9883,0.726,3.991,1.566,0.88,ptx,msa_template
2m0v,42,2,0.9605,0.9848,4.0026,0.741,3.999,1.549,0.92,ptx,msa_template
2m0v,42,3,0.9606,0.9848,3.8108,0.747,3.776,1.541,0.92,ptx,msa_template
2m0v,42,4,0.9607,0.9848,3.6104,0.752,3.614,1.531,0.92,ptx,msa_template
2m0v,43,0,0.9609,0.9848,3.7801,0.744,3.822,1.559,0.92,ptx,msa_template
2m0v,43,1,0.9609,0.9848,3.8782,0.745,3.883,1.541,0.92,ptx,msa_template
2m0v,43,2,0.9609,0.9849,3.9008,0.743,3.912,1.548,0.92,ptx,msa_template
2m0v,43,3,0.9609,0.9848,3.876,0.746,3.875,1.531,0.92,ptx,msa_template
2m0v,43,4,0.9612,0.9849,3.6422,0.741,3.644,1.503,0.88,ptx,msa_template
2m0v,44,0,0.9618,0.9851,3.7266,0.749,3.701,1.538,0.92,ptx,msa_template
2m0v,44,1,0.9617,0.9851,3.839,0.745,3.839,1.544,0.92,ptx,msa_template
2m0v,44,2,0.9617,0.9851,3.5711,0.752,3.571,1.539,0.92,ptx,msa_template
2m0v,44,3,0.9618,0.9851,3.5616,0.741,3.566,1.52,0.88,ptx,msa_template
2m0v,44,4,0.9618,0.985,3.5268,0.751,3.534,1.56,0.92,ptx,msa_template
2nnu,42,0,0.8731,0.9325,7.0342,0.518,7.04,3.506,0.806,ptx,msa_template
2nnu,42,1,0.8728,0.932,6.8612,0.536,6.868,3.323,0.833,ptx,msa_template
2nnu,42,2,0.8727,0.9318,6.7789,0.538,6.785,3.312,0.833,ptx,msa_template
2nnu,42,3,0.8725,0.9314,7.2229,0.52,7.288,3.574,0.833,ptx,msa_template
2nnu,42,4,0.8723,0.9313,6.7233,0.533,6.677,3.273,0.806,ptx,msa_template
2nnu,43,0,0.8632,0.9222,6.7147,0.537,6.727,3.398,0.833,ptx,msa_template
2nnu,43,1,0.8629,0.9213,7.1005,0.517,7.11,3.488,0.806,ptx,msa_template
2nnu,43,2,0.8626,0.921,6.5827,0.532,6.593,3.347,0.806,ptx,msa_template
2nnu,43,3,0.8625,0.9205,6.6343,0.535,6.646,3.217,0.806,ptx,msa_template
2nnu,43,4,0.8622,0.9197,6.7239,0.531,6.722,3.299,0.806,ptx,msa_template
2nnu,44,0,0.8712,0.9319,6.8786,0.514,6.89,3.414,0.778,ptx,msa_template
2nnu,44,1,0.8712,0.9315,6.362,0.543,6.369,3.154,0.806,ptx,msa_template
2nnu,44,2,0.8718,0.9315,7.3777,0.507,7.375,3.622,0.806,ptx,msa_template
2nnu,44,3,0.8714,0.9313,6.8514,0.535,6.884,3.339,0.833,ptx,msa_template
2nnu,44,4,0.8715,0.9313,6.8836,0.524,6.913,3.378,0.806,ptx,msa_template
2o9v,42,0,0.9638,0.9445,0.4662,0.992,0.468,0.225,1.0,ptx,msa_template
2o9v,42,1,0.9639,0.9444,0.3736,0.992,0.446,0.222,1.0,ptx,msa_template
2o9v,42,2,0.9638,0.9444,0.4316,0.992,0.432,0.222,1.0,ptx,msa_template
2o9v,42,3,0.9639,0.9444,0.4409,0.992,0.375,0.232,1.0,ptx,msa_template
2o9v,42,4,0.9639,0.9443,0.475,0.988,0.471,0.271,1.0,ptx,msa_template
2o9v,43,0,0.9622,0.9435,0.4305,0.992,0.426,0.228,1.0,ptx,msa_template
2o9v,43,1,0.9621,0.9434,0.4112,0.991,0.408,0.246,1.0,ptx,msa_template
2o9v,43,2,0.9622,0.9434,0.3875,0.992,0.369,0.228,1.0,ptx,msa_template
2o9v,43,3,0.9622,0.9434,0.3701,0.99,0.444,0.248,1.0,ptx,msa_template
2o9v,43,4,0.9622,0.9434,0.448,0.993,0.383,0.215,1.0,ptx,msa_template
2o9v,44,0,0.9649,0.9458,0.475,0.991,0.476,0.228,1.0,ptx,msa_template
2o9v,44,1,0.9649,0.9457,0.6326,0.984,0.626,0.315,1.0,ptx,msa_template
2o9v,44,2,0.9649,0.9457,0.5674,0.989,0.569,0.259,1.0,ptx,msa_template
2o9v,44,3,0.9649,0.9456,0.5205,0.978,0.517,0.231,0.96,ptx,msa_template
2o9v,44,4,0.9649,0.9456,0.4921,0.988,0.492,0.272,1.0,ptx,msa_template
2p1o,42,0,0.541,0.7862,5.905,0.53,5.135,1.877,0.467,ptx,msa_template
2p1o,42,1,0.5402,0.7855,5.0592,0.48,7.043,2.345,0.556,ptx,msa_template
2p1o,42,2,0.5506,0.7817,6.9134,0.581,4.973,1.758,0.578,ptx,msa_template
2p1o,42,3,0.5347,0.7783,4.8076,0.57,5.399,1.94,0.622,ptx,msa_template
2p1o,42,4,0.5339,0.7754,5.2628,0.207,13.944,4.976,0.267,ptx,msa_template
2p1o,43,0,0.7741,0.9392,1.8776,0.892,1.964,0.769,0.933,ptx,msa_template
2p1o,43,1,0.7692,0.9382,3.4584,0.896,1.468,0.685,0.889,ptx,msa_template
2p1o,43,2,0.7709,0.9381,1.4607,0.78,3.364,1.256,0.889,ptx,msa_template
2p1o,43,3,0.7692,0.9373,1.2184,0.937,1.209,0.623,0.978,ptx,msa_template
2p1o,43,4,0.7675,0.9366,1.3198,0.92,1.319,0.632,0.933,ptx,msa_template
2p1o,44,0,0.5702,0.8067,5.0294,0.639,5.123,1.52,0.689,ptx,msa_template
2p1o,44,1,0.5745,0.8057,13.3407,0.607,4.405,1.567,0.556,ptx,msa_template
2p1o,44,2,0.5579,0.805,4.2772,0.67,4.337,1.487,0.711,ptx,msa_template
2p1o,44,3,0.5634,0.8043,4.3023,0.187,13.81,4.896,0.2,ptx,msa_template
2p1o,44,4,0.5619,0.8042,4.6114,0.61,4.802,1.732,0.644,ptx,msa_template
2qos,42,0,0.9402,0.9697,0.512,0.938,0.528,0.409,0.887,ptx,msa_template
2qos,42,1,0.9401,0.9696,0.4525,0.952,0.474,0.396,0.925,ptx,msa_template
2qos,42,2,0.9402,0.9696,0.4639,0.943,0.466,0.363,0.887,ptx,msa_template
2qos,42,3,0.9402,0.9696,0.5,0.94,0.515,0.385,0.887,ptx,msa_template
2qos,42,4,0.9403,0.9696,0.5359,0.948,0.549,0.432,0.925,ptx,msa_template
2qos,43,0,0.9411,0.9695,0.3963,0.964,0.417,0.341,0.943,ptx,msa_template
2qos,43,1,0.9411,0.9694,0.4787,0.946,0.498,0.392,0.906,ptx,msa_template
2qos,43,2,0.941,0.9694,0.4915,0.932,0.5,0.467,0.887,ptx,msa_template
2qos,43,3,0.9411,0.9694,0.503,0.924,0.518,0.419,0.849,ptx,msa_template
2qos,43,4,0.9408,0.9694,0.4963,0.928,0.508,0.501,0.887,ptx,msa_template
2qos,44,0,0.9351,0.9676,0.47,0.934,0.469,0.386,0.868,ptx,msa_template
2qos,44,1,0.9352,0.9676,0.5159,0.941,0.512,0.384,0.887,ptx,msa_template
2qos,44,2,0.9352,0.9675,0.5195,0.945,0.516,0.4,0.906,ptx,msa_template
2qos,44,3,0.9352,0.9675,0.4929,0.928,0.488,0.383,0.849,ptx,msa_template
2qos,44,4,0.9352,0.9675,0.4933,0.952,0.49,0.4,0.925,ptx,msa_template
2r7g,42,0,0.9509,0.9817,0.5899,0.89,0.589,0.618,0.82,ptx,msa_template
2r7g,42,1,0.9511,0.9817,0.5352,0.91,0.533,0.569,0.86,ptx,msa_template
2r7g,42,2,0.9508,0.9817,0.5942,0.884,0.595,0.661,0.82,ptx,msa_template
2r7g,42,3,0.9506,0.9816,0.6292,0.877,0.626,0.614,0.78,ptx,msa_template
2r7g,42,4,0.9508,0.9816,0.7048,0.89,0.696,0.662,0.84,ptx,msa_template
2r7g,43,0,0.9531,0.9823,0.4933,0.897,0.501,0.616,0.84,ptx,msa_template
2r7g,43,1,0.9533,0.9823,0.5003,0.896,0.494,0.58,0.82,ptx,msa_template
2r7g,43,2,0.953,0.9823,0.5125,0.88,0.513,0.642,0.8,ptx,msa_template
2r7g,43,3,0.9531,0.9823,0.476,0.885,0.474,0.656,0.82,ptx,msa_template
2r7g,43,4,0.953,0.9822,0.5857,0.908,0.588,0.585,0.86,ptx,msa_template
2r7g,44,0,0.9426,0.9781,0.5717,0.885,0.569,0.656,0.82,ptx,msa_template
2r7g,44,1,0.9424,0.978,0.5722,0.893,0.571,0.645,0.84,ptx,msa_template
2r7g,44,2,0.9422,0.978,0.6192,0.88,0.547,0.642,0.8,ptx,msa_template
2r7g,44,3,0.9422,0.978,0.5475,0.876,0.617,0.626,0.78,ptx,msa_template
2r7g,44,4,0.9419,0.9779,0.5917,0.888,0.591,0.63,0.82,ptx,msa_template
2rol,42,0,0.7126,0.643,5.9891,0.374,5.977,3.31,0.281,ptx,msa_template
2rol,42,1,0.7119,0.6415,8.0011,0.314,8.023,3.841,0.281,ptx,msa_template
2rol,42,2,0.7121,0.6408,6.5095,0.355,6.535,3.493,0.281,ptx,msa_template
2rol,42,3,0.7106,0.6329,5.3481,0.401,5.236,3.027,0.281,ptx,msa_template
2rol,42,4,0.7089,0.6313,5.4472,0.4,5.446,2.904,0.281,ptx,msa_template
2rol,43,0,0.7303,0.681,6.0754,0.369,6.007,3.44,0.281,ptx,msa_template
2rol,43,1,0.7297,0.6806,5.9831,0.388,6.233,3.311,0.344,ptx,msa_template
2rol,43,2,0.7268,0.6686,6.4829,0.347,6.517,3.428,0.25,ptx,msa_template
2rol,43,3,0.7268,0.6654,6.2574,0.358,6.225,3.265,0.25,ptx,msa_template
2rol,43,4,0.7241,0.6641,4.8304,0.448,4.773,2.666,0.344,ptx,msa_template
2rol,44,0,0.7355,0.7013,5.5556,0.421,5.56,3.117,0.375,ptx,msa_template
2rol,44,1,0.734,0.695,5.4141,0.454,5.368,2.913,0.438,ptx,msa_template
2rol,44,2,0.7298,0.6766,5.4168,0.344,6.586,3.468,0.25,ptx,msa_template
2rol,44,3,0.7301,0.6734,6.276,0.368,5.628,3.088,0.219,ptx,msa_template
2rol,44,4,0.7286,0.6707,6.3959,0.346,6.228,3.337,0.219,ptx,msa_template
2v8c,42,0,0.9121,0.9356,0.7504,0.951,0.755,0.53,0.971,ptx,msa_template
2v8c,42,1,0.9116,0.9355,0.9168,0.946,0.918,0.559,0.971,ptx,msa_template
2v8c,42,2,0.9119,0.9353,1.0303,0.938,1.034,0.612,0.971,ptx,msa_template
2v8c,42,3,0.9113,0.9352,0.5054,0.962,0.503,0.448,0.971,ptx,msa_template
2v8c,42,4,0.9112,0.9352,0.7925,0.952,0.796,0.52,0.971,ptx,msa_template
2v8c,43,0,0.911,0.935,0.8946,0.938,0.898,0.544,0.943,ptx,msa_template
2v8c,43,1,0.9108,0.9348,0.7293,0.948,0.73,0.556,0.971,ptx,msa_template
2v8c,43,2,0.9107,0.9346,0.8804,0.941,0.884,0.596,0.971,ptx,msa_template
2v8c,43,3,0.9102,0.9344,0.7734,0.961,0.775,0.521,1.0,ptx,msa_template
2v8c,43,4,0.9098,0.9334,0.9067,0.932,0.91,0.595,0.943,ptx,msa_template
2v8c,44,0,0.8969,0.9248,0.9183,0.942,0.99,0.583,0.971,ptx,msa_template
2v8c,44,1,0.8967,0.9244,0.9246,0.941,0.984,0.591,0.971,ptx,msa_template
2v8c,44,2,0.896,0.9242,0.7019,0.955,0.677,0.502,0.971,ptx,msa_template
2v8c,44,3,0.8957,0.9238,0.7484,0.955,0.736,0.498,0.971,ptx,msa_template
2v8c,44,4,0.896,0.9237,0.5942,0.961,0.632,0.447,0.971,ptx,msa_template
2vzg,42,0,0.909,0.9181,2.669,0.798,2.672,1.25,0.893,ptx,msa_template
2vzg,42,1,0.9088,0.918,2.7174,0.793,2.712,1.282,0.893,ptx,msa_template
2vzg,42,2,0.9091,0.9177,2.6812,0.795,2.677,1.267,0.893,ptx,msa_template
2vzg,42,3,0.909,0.9176,2.856,0.772,2.859,1.331,0.857,ptx,msa_template
2vzg,42,4,0.9091,0.9175,2.7699,0.79,2.764,1.298,0.893,ptx,msa_template
2vzg,43,0,0.8944,0.9079,2.771,0.808,2.654,1.267,0.929,ptx,msa_template
2vzg,43,1,0.8941,0.9077,2.7452,0.779,2.731,1.292,0.857,ptx,msa_template
2vzg,43,2,0.8941,0.9075,2.822,0.803,2.558,1.225,0.893,ptx,msa_template
2vzg,43,3,0.8941,0.9074,2.611,0.782,2.686,1.281,0.857,ptx,msa_template
2vzg,43,4,0.894,0.9073,2.7136,0.777,2.711,1.314,0.857,ptx,msa_template
2vzg,44,0,0.9134,0.9232,2.8607,0.779,2.934,1.356,0.893,ptx,msa_template
2vzg,44,1,0.9133,0.923,2.8301,0.788,2.856,1.298,0.893,ptx,msa_template
2vzg,44,2,0.9131,0.9229,2.6028,0.797,2.674,1.256,0.893,ptx,msa_template
2vzg,44,3,0.9132,0.9228,2.7533,0.785,2.821,1.325,0.893,ptx,msa_template
2vzg,44,4,0.9132,0.9228,2.7064,0.791,2.769,1.285,0.893,ptx,msa_template
2xcb,42,0,0.9473,0.9737,0.8713,0.952,0.871,0.34,0.914,ptx,msa_template
2xcb,42,1,0.9472,0.9737,0.9455,0.949,0.946,0.364,0.914,ptx,msa_template
2xcb,42,2,0.9472,0.9737,0.9291,0.949,0.914,0.361,0.914,ptx,msa_template
2xcb,42,3,0.9472,0.9737,0.9146,0.958,0.929,0.364,0.943,ptx,msa_template
2xcb,42,4,0.9473,0.9737,0.9102,0.95,0.911,0.351,0.914,ptx,msa_template
2xcb,43,0,0.9478,0.9735,0.9274,0.948,0.929,0.369,0.914,ptx,msa_template
2xcb,43,1,0.9476,0.9735,0.9194,0.95,0.918,0.353,0.914,ptx,msa_template
2xcb,43,2,0.9477,0.9735,0.9411,0.949,0.941,0.36,0.914,ptx,msa_template
2xcb,43,3,0.9477,0.9734,0.9494,0.95,0.949,0.355,0.914,ptx,msa_template
2xcb,43,4,0.9475,0.9733,0.9169,0.95,0.916,0.355,0.914,ptx,msa_template
2xcb,44,0,0.9478,0.9738,0.9059,0.941,0.909,0.352,0.886,ptx,msa_template
2xcb,44,1,0.9476,0.9737,0.8985,0.95,0.884,0.352,0.914,ptx,msa_template
2xcb,44,2,0.9474,0.9736,0.8853,0.96,0.898,0.349,0.943,ptx,msa_template
2xcb,44,3,0.9474,0.9736,0.8945,0.95,0.895,0.352,0.914,ptx,msa_template
2xcb,44,4,0.9474,0.9736,0.8984,0.96,0.9,0.355,0.943,ptx,msa_template
2xpn,42,0,0.9099,0.9454,1.0124,0.959,0.939,0.53,1.0,ptx,msa_template
2xpn,42,1,0.9098,0.9452,1.1906,0.957,1.002,0.54,1.0,ptx,msa_template
2xpn,42,2,0.9098,0.9452,1.06,0.949,1.01,0.548,0.979,ptx,msa_template
2xpn,42,3,0.9099,0.9452,0.9323,0.932,1.196,0.666,0.979,ptx,msa_template
2xpn,42,4,0.9098,0.9452,1.0163,0.856,2.181,1.099,0.979,ptx,msa_template
2xpn,43,0,0.9092,0.9473,2.4601,0.813,2.467,1.275,0.936,ptx,msa_template
2xpn,43,1,0.9097,0.9471,1.2367,0.932,1.207,0.607,0.957,ptx,msa_template
2xpn,43,2,0.9098,0.9468,1.1662,0.934,1.162,0.596,0.957,ptx,msa_template
2xpn,43,3,0.9099,0.9467,1.3077,0.941,0.957,0.616,0.979,ptx,msa_template
2xpn,43,4,0.9097,0.9466,0.9923,0.939,1.274,0.603,0.979,ptx,msa_template
2xpn,44,0,0.9002,0.9429,1.0797,0.95,1.075,0.592,1.0,ptx,msa_template
2xpn,44,1,0.9001,0.9426,0.9875,0.85,2.276,1.075,0.957,ptx,msa_template
2xpn,44,2,0.9003,0.9425,2.2564,0.852,2.156,1.078,0.957,ptx,msa_template
2xpn,44,3,0.8999,0.9421,1.0462,0.949,0.997,0.547,0.979,ptx,msa_template
2xpn,44,4,0.8999,0.9419,1.039,0.944,1.025,0.641,1.0,ptx,msa_template
2xrw,42,0,0.867,0.9639,3.43,0.77,3.418,1.432,0.925,ptx,msa_template
2xrw,42,1,0.8675,0.9637,3.5967,0.767,3.586,1.491,0.95,ptx,msa_template
2xrw,42,2,0.8672,0.9636,3.5607,0.768,3.555,1.491,0.95,ptx,msa_template
2xrw,42,3,0.8668,0.9634,3.358,0.78,3.374,1.421,0.95,ptx,msa_template
2xrw,42,4,0.8665,0.9631,3.3615,0.782,3.36,1.412,0.95,ptx,msa_template
2xrw,43,0,0.8651,0.9657,4.1104,0.727,4.106,1.678,0.925,ptx,msa_template
2xrw,43,1,0.8651,0.9655,3.511,0.774,3.502,1.453,0.95,ptx,msa_template
2xrw,43,2,0.8649,0.9654,3.6758,0.762,3.67,1.521,0.95,ptx,msa_template
2xrw,43,3,0.8646,0.9654,3.6411,0.749,3.688,1.558,0.925,ptx,msa_template
2xrw,43,4,0.8647,0.9654,3.6915,0.774,3.653,1.494,0.975,ptx,msa_template
2xrw,44,0,0.8676,0.9664,3.7492,0.76,3.758,1.521,0.95,ptx,msa_template
2xrw,44,1,0.8679,0.9661,3.8109,0.762,3.795,1.566,0.975,ptx,msa_template
2xrw,44,2,0.8675,0.966,3.5229,0.779,3.524,1.471,0.975,ptx,msa_template
2xrw,44,3,0.8674,0.9659,3.5502,0.773,3.554,1.447,0.95,ptx,msa_template
2xrw,44,4,0.867,0.9657,3.474,0.778,3.474,1.423,0.95,ptx,msa_template
2ymt,42,0,0.9637,0.9787,0.6119,0.976,0.613,0.284,0.968,ptx,msa_template
2ymt,42,1,0.9639,0.9787,0.6373,0.986,0.637,0.288,1.0,ptx,msa_template
2ymt,42,2,0.9637,0.9787,0.6028,0.976,0.602,0.28,0.968,ptx,msa_template
2ymt,42,3,0.9635,0.9786,0.6854,0.974,0.686,0.305,0.968,ptx,msa_template
2ymt,42,4,0.9634,0.9785,0.7657,0.971,0.764,0.33,0.968,ptx,msa_template
2ymt,43,0,0.9645,0.9785,0.7013,0.974,0.681,0.308,0.968,ptx,msa_template
2ymt,43,1,0.9644,0.9784,0.7991,0.97,0.79,0.341,0.968,ptx,msa_template
2ymt,43,2,0.9644,0.9784,0.7788,0.97,0.781,0.337,0.968,ptx,msa_template
2ymt,43,3,0.9646,0.9784,0.8306,0.969,0.839,0.353,0.968,ptx,msa_template
2ymt,43,4,0.9645,0.9784,0.8163,0.968,0.815,0.36,0.968,ptx,msa_template
2ymt,44,0,0.9642,0.9785,0.6019,0.976,0.601,0.283,0.968,ptx,msa_template
2ymt,44,1,0.9642,0.9784,0.6423,0.976,0.64,0.28,0.968,ptx,msa_template
2ymt,44,2,0.9639,0.9783,0.844,0.968,0.845,0.361,0.968,ptx,msa_template
2ymt,44,3,0.9638,0.9783,0.8665,0.968,0.868,0.358,0.968,ptx,msa_template
2ymt,44,4,0.9637,0.9783,0.8319,0.968,0.831,0.355,0.968,ptx,msa_template
3agy,42,0,0.939,0.9717,0.9806,0.958,0.979,0.438,0.967,ptx,msa_template
3agy,42,1,0.939,0.9717,1.2138,0.949,1.211,0.501,0.967,ptx,msa_template
3agy,42,2,0.9389,0.9717,1.4211,0.95,1.414,0.475,0.967,ptx,msa_template
3agy,42,3,0.939,0.9717,1.1206,0.959,1.122,0.42,0.967,ptx,msa_template
3agy,42,4,0.939,0.9717,1.1981,0.955,1.195,0.453,0.967,ptx,msa_template
3agy,43,0,0.9302,0.9692,1.1976,0.948,1.18,0.509,0.967,ptx,msa_template
3agy,43,1,0.9302,0.9692,1.0101,0.959,0.996,0.432,0.967,ptx,msa_template
3agy,43,2,0.93,0.9692,1.3307,0.95,1.318,0.479,0.967,ptx,msa_template
3agy,43,3,0.9301,0.9692,1.5652,0.947,1.54,0.486,0.967,ptx,msa_template
3agy,43,4,0.9301,0.9692,1.2783,0.949,1.256,0.499,0.967,ptx,msa_template
3agy,44,0,0.9455,0.9748,1.1128,0.957,1.115,0.438,0.967,ptx,msa_template
3agy,44,1,0.9454,0.9748,1.2048,0.954,1.209,0.456,0.967,ptx,msa_template
3agy,44,2,0.9455,0.9748,1.1539,0.946,1.466,0.498,0.967,ptx,msa_template
3agy,44,3,0.9453,0.9747,1.4655,0.954,1.155,0.462,0.967,ptx,msa_template
3agy,44,4,0.9454,0.9747,1.7224,0.946,1.723,0.468,0.967,ptx,msa_template
3bej,42,0,0.8823,0.9647,1.8958,0.842,1.83,0.915,0.842,ptx,msa_template
3bej,42,1,0.8818,0.964,2.1691,0.77,2.111,1.083,0.711,ptx,msa_template
3bej,42,2,0.8818,0.964,2.1614,0.772,2.199,1.058,0.711,ptx,msa_template
3bej,42,3,0.8817,0.964,1.9691,0.83,1.948,0.987,0.842,ptx,msa_template
3bej,42,4,0.8818,0.9636,2.0324,0.797,2.072,1.023,0.763,ptx,msa_template
3bej,43,0,0.8816,0.9639,2.2126,0.798,2.214,1.057,0.789,ptx,msa_template
3bej,43,1,0.8812,0.9638,1.9362,0.808,1.982,1.018,0.789,ptx,msa_template
3bej,43,2,0.8816,0.9636,2.2639,0.782,2.279,1.101,0.763,ptx,msa_template
3bej,43,3,0.8815,0.9635,2.0972,0.787,2.137,1.084,0.763,ptx,msa_template
3bej,43,4,0.881,0.9631,2.2182,0.782,2.22,1.108,0.763,ptx,msa_template
3bej,44,0,0.8767,0.9629,2.002,0.834,2.048,0.948,0.842,ptx,msa_template
3bej,44,1,0.8764,0.9617,1.9783,0.801,1.958,1.007,0.763,ptx,msa_template
3bej,44,2,0.8758,0.9616,2.5061,0.82,2.08,0.916,0.789,ptx,msa_template
3bej,44,3,0.8759,0.9612,2.0538,0.76,2.503,1.1,0.711,ptx,msa_template
3bej,44,4,0.8754,0.9608,1.7811,0.809,1.78,0.965,0.763,ptx,msa_template
3bqo,42,0,0.8945,0.9647,0.991,0.945,1.113,0.455,0.938,ptx,msa_template
3bqo,42,1,0.8936,0.9639,0.6893,0.959,0.791,0.348,0.938,ptx,msa_template
3bqo,42,2,0.8934,0.9637,0.7624,0.933,1.4,0.533,0.938,ptx,msa_template
3bqo,42,3,0.8942,0.9631,1.6199,0.909,1.523,0.587,0.891,ptx,msa_template
3bqo,42,4,0.894,0.9628,1.6468,0.915,1.617,0.608,0.922,ptx,msa_template
3bqo,43,0,0.6156,0.6998,5.0472,0.922,1.366,0.579,0.922,ptx,msa_template
3bqo,43,1,0.6159,0.6948,3.0114,0.923,1.346,0.533,0.906,ptx,msa_template
3bqo,43,2,0.5666,0.6905,15.4141,0.919,1.597,0.622,0.938,ptx,msa_template
3bqo,43,3,0.6114,0.6902,3.1702,0.909,1.547,0.625,0.906,ptx,msa_template
3bqo,43,4,0.6102,0.6888,2.9913,0.942,1.226,0.522,0.953,ptx,msa_template
3bqo,44,0,0.6325,0.7402,8.3539,0.97,0.77,0.345,0.969,ptx,msa_template
3bqo,44,1,0.6292,0.7369,9.6845,0.958,0.953,0.402,0.953,ptx,msa_template
3bqo,44,2,0.6319,0.7188,4.9315,0.918,1.584,0.594,0.922,ptx,msa_template
3bqo,44,3,0.6204,0.7076,4.69,0.919,1.58,0.619,0.938,ptx,msa_template
3bqo,44,4,0.5918,0.6925,12.8901,0.899,1.863,0.698,0.922,ptx,msa_template
3emh,42,0,0.9044,0.9771,0.922,0.963,0.923,0.277,0.933,ptx,msa_template
3emh,42,1,0.9053,0.9771,0.6058,0.948,0.606,0.209,0.867,ptx,msa_template
3emh,42,2,0.9045,0.9769,0.7344,0.945,0.735,0.241,0.867,ptx,msa_template
3emh,42,3,0.9044,0.9769,0.6355,0.947,0.638,0.21,0.867,ptx,msa_template
3emh,42,4,0.9045,0.9768,0.5597,0.937,0.562,0.198,0.833,ptx,msa_template
3emh,43,0,0.9019,0.9765,0.5854,0.959,0.583,0.199,0.9,ptx,msa_template
3emh,43,1,0.9015,0.9765,0.6719,0.958,0.67,0.211,0.9,ptx,msa_template
3emh,43,2,0.9009,0.9762,0.591,0.943,0.795,0.26,0.867,ptx,msa_template
3emh,43,3,0.9009,0.9761,0.594,0.948,0.591,0.202,0.867,ptx,msa_template
3emh,43,4,0.9007,0.9761,0.8038,0.948,0.595,0.207,0.867,ptx,msa_template
3emh,44,0,0.8761,0.9696,0.6473,0.958,0.683,0.216,0.9,ptx,msa_template
3emh,44,1,0.8765,0.9695,0.5511,0.96,0.558,0.198,0.9,ptx,msa_template
3emh,44,2,0.8748,0.9687,1.0038,0.928,1.016,0.291,0.833,ptx,msa_template
3emh,44,3,0.8732,0.968,0.9569,0.929,0.945,0.281,0.833,ptx,msa_template
3emh,44,4,0.8724,0.9677,1.1595,0.934,1.165,0.329,0.867,ptx,msa_template
3emw,42,0,0.929,0.9753,1.1404,0.953,1.147,0.479,0.97,ptx,msa_template
3emw,42,1,0.9278,0.9749,2.3318,0.869,2.344,0.961,0.97,ptx,msa_template
3emw,42,2,0.9282,0.9745,1.3848,0.941,1.387,0.555,0.97,ptx,msa_template
3emw,42,3,0.9281,0.9743,1.7059,0.918,1.719,0.692,0.97,ptx,msa_template
3emw,42,4,0.9281,0.9745,1.7686,0.918,1.766,0.69,0.97,ptx,msa_template
3emw,43,0,0.9167,0.9709,1.2134,0.949,1.229,0.507,0.97,ptx,msa_template
3emw,43,1,0.9163,0.9709,1.1731,0.952,1.18,0.486,0.97,ptx,msa_template
3emw,43,2,0.9166,0.9708,1.0528,0.956,1.06,0.461,0.97,ptx,msa_template
3emw,43,3,0.9164,0.9705,1.0523,0.959,1.057,0.431,0.97,ptx,msa_template
3emw,43,4,0.9159,0.9701,1.6595,0.927,1.661,0.631,0.97,ptx,msa_template
3emw,44,0,0.8991,0.965,1.268,0.942,1.319,0.555,0.97,ptx,msa_template
3emw,44,1,0.899,0.9649,1.3806,0.933,1.447,0.612,0.97,ptx,msa_template
3emw,44,2,0.8993,0.965,1.5319,0.94,1.393,0.566,0.97,ptx,msa_template
3emw,44,3,0.8991,0.965,1.3443,0.945,1.273,0.538,0.97,ptx,msa_template
3emw,44,4,0.8988,0.9638,1.2603,0.943,1.342,0.544,0.97,ptx,msa_template
3et3,42,0,0.8619,0.9555,0.5913,0.948,0.573,0.468,0.936,ptx,msa_template
3et3,42,1,0.8623,0.9552,0.7143,0.951,0.759,0.43,0.936,ptx,msa_template
3et3,42,2,0.8618,0.9546,0.5479,0.943,0.61,0.445,0.915,ptx,msa_template
3et3,42,3,0.8616,0.9544,1.1333,0.93,1.197,0.57,0.936,ptx,msa_template
3et3,42,4,0.8613,0.9544,0.8301,0.931,0.943,0.525,0.915,ptx,msa_template
3et3,43,0,0.8821,0.9638,0.6845,0.947,0.691,0.402,0.915,ptx,msa_template
3et3,43,1,0.882,0.9635,0.8706,0.924,0.89,0.53,0.894,ptx,msa_template
3et3,43,2,0.8824,0.9634,0.7046,0.946,0.854,0.463,0.936,ptx,msa_template
3et3,43,3,0.8822,0.9634,0.8565,0.952,0.721,0.42,0.936,ptx,msa_template
3et3,43,4,0.8823,0.9631,0.8676,0.945,0.866,0.472,0.936,ptx,msa_template
3et3,44,0,0.8687,0.9578,0.6621,0.945,0.699,0.481,0.936,ptx,msa_template
3et3,44,1,0.8691,0.9578,0.627,0.962,0.657,0.393,0.957,ptx,msa_template
3et3,44,2,0.8689,0.9575,0.8542,0.923,0.893,0.537,0.894,ptx,msa_template
3et3,44,3,0.8689,0.9575,0.9354,0.923,0.914,0.538,0.894,ptx,msa_template
3et3,44,4,0.8691,0.9572,0.6454,0.946,0.695,0.479,0.936,ptx,msa_template
3fp2,42,0,0.7495,0.9476,4.0987,0.717,4.112,1.362,0.792,ptx,msa_template
3fp2,42,1,0.749,0.9472,4.4029,0.746,3.843,1.187,0.792,ptx,msa_template
3fp2,42,2,0.7485,0.9471,4.7482,0.715,4.406,1.318,0.792,ptx,msa_template
3fp2,42,3,0.7487,0.9467,4.8491,0.719,4.755,1.324,0.833,ptx,msa_template
3fp2,42,4,0.7485,0.9469,3.8413,0.714,4.858,1.236,0.792,ptx,msa_template
3fp2,43,0,0.7725,0.9591,4.3208,0.717,4.322,1.32,0.792,ptx,msa_template
3fp2,43,1,0.7717,0.9587,4.0769,0.728,4.076,1.276,0.792,ptx,msa_template
3fp2,43,2,0.7714,0.9586,4.2908,0.723,4.29,1.273,0.792,ptx,msa_template
3fp2,43,3,0.7709,0.9585,4.1884,0.75,4.181,1.091,0.792,ptx,msa_template
3fp2,43,4,0.7703,0.9583,4.3543,0.755,4.322,1.131,0.833,ptx,msa_template
3fp2,44,0,0.781,0.9626,2.4166,0.856,2.414,1.019,0.958,ptx,msa_template
3fp2,44,1,0.7808,0.9622,4.481,0.71,4.478,1.344,0.792,ptx,msa_template
3fp2,44,2,0.7805,0.9619,3.6613,0.735,3.652,1.309,0.792,ptx,msa_template
3fp2,44,3,0.7795,0.9614,3.5399,0.737,3.534,1.314,0.792,ptx,msa_template
3fp2,44,4,0.7791,0.9612,3.5389,0.756,3.536,1.271,0.833,ptx,msa_template
3g2s,42,0,0.8974,0.9198,2.1368,0.91,2.155,0.771,1.0,ptx,msa_template
3g2s,42,1,0.8972,0.9198,1.6614,0.895,1.687,0.74,0.919,ptx,msa_template
3g2s,42,2,0.8987,0.9188,1.4347,0.913,1.439,0.704,0.946,ptx,msa_template
3g2s,42,3,0.8994,0.9182,0.7413,0.939,0.731,0.624,0.973,ptx,msa_template
3g2s,42,4,0.8991,0.9181,0.7895,0.923,0.794,0.739,0.973,ptx,msa_template
3g2s,43,0,0.8781,0.9193,4.9357,0.75,4.851,1.36,0.946,ptx,msa_template
3g2s,43,1,0.8796,0.9168,3.8904,0.834,3.344,1.008,0.946,ptx,msa_template
3g2s,43,2,0.8838,0.9112,1.6483,0.927,0.889,0.708,0.973,ptx,msa_template
3g2s,43,3,0.8848,0.911,1.0632,0.932,0.971,0.667,0.973,ptx,msa_template
3g2s,43,4,0.8858,0.9109,0.9027,0.917,1.323,0.743,0.973,ptx,msa_template
3g2s,44,0,0.8972,0.9197,2.1384,0.902,2.069,0.778,0.973,ptx,msa_template
3g2s,44,1,0.8981,0.9192,1.4929,0.926,1.458,0.733,1.0,ptx,msa_template
3g2s,44,2,0.8986,0.9188,1.3152,0.932,1.298,0.643,0.973,ptx,msa_template
3g2s,44,3,0.8989,0.9187,0.8914,0.921,0.875,0.683,0.946,ptx,msa_template
3g2s,44,4,0.8983,0.9185,1.53,0.922,1.495,0.696,0.973,ptx,msa_template
3h1z,42,0,0.5401,0.6333,2.2777,0.429,6.087,2.606,0.377,ptx,msa_template
3h1z,42,1,0.5375,0.6328,2.5738,0.829,2.174,0.937,0.83,ptx,msa_template
3h1z,42,2,0.5411,0.6325,2.718,0.849,2.225,0.929,0.887,ptx,msa_template
3h1z,42,3,0.5325,0.6287,4.771,0.733,3.436,1.415,0.811,ptx,msa_template
3h1z,42,4,0.5378,0.6279,3.8032,0.689,3.844,1.558,0.755,ptx,msa_template
3h1z,43,0,0.5089,0.5835,6.2508,0.847,2.213,0.85,0.849,ptx,msa_template
3h1z,43,1,0.5127,0.5832,2.165,0.747,2.919,1.196,0.736,ptx,msa_template
3h1z,43,2,0.5143,0.5796,3.2342,0.438,6.122,2.669,0.415,ptx,msa_template
3h1z,43,3,0.5073,0.5601,7.0399,0.51,5.086,2.169,0.472,ptx,msa_template
3h1z,43,4,0.4999,0.5331,10.9305,0.368,8.454,3.586,0.453,ptx,msa_template
3h1z,44,0,0.5277,0.5824,4.6531,0.715,3.456,1.459,0.774,ptx,msa_template
3h1z,44,1,0.5225,0.5702,5.1825,0.508,5.465,2.476,0.547,ptx,msa_template
3h1z,44,2,0.5194,0.5694,5.7396,0.479,5.761,2.656,0.509,ptx,msa_template
3h1z,44,3,0.5151,0.5672,4.3337,0.593,4.366,1.981,0.623,ptx,msa_template
3h1z,44,4,0.516,0.5552,5.3453,0.334,8.73,3.768,0.377,ptx,msa_template
3i5r,42,0,0.9445,0.9416,0.7038,0.981,0.7,0.344,1.0,ptx,msa_template
3i5r,42,1,0.9445,0.9416,0.7206,0.98,0.723,0.349,1.0,ptx,msa_template
3i5r,42,2,0.9446,0.9415,0.8399,0.977,0.846,0.379,1.0,ptx,msa_template
3i5r,42,3,0.9446,0.9413,0.7641,0.977,0.767,0.377,1.0,ptx,msa_template
3i5r,42,4,0.9446,0.9413,0.8391,0.977,0.844,0.377,1.0,ptx,msa_template
3i5r,43,0,0.9454,0.9403,0.7427,0.978,0.748,0.369,1.0,ptx,msa_template
3i5r,43,1,0.9455,0.9401,0.7838,0.976,0.783,0.389,1.0,ptx,msa_template
3i5r,43,2,0.9454,0.94,0.7416,0.979,0.744,0.363,1.0,ptx,msa_template
3i5r,43,3,0.9454,0.94,0.6848,0.981,0.687,0.347,1.0,ptx,msa_template
3i5r,43,4,0.9455,0.9399,0.8416,0.976,0.845,0.384,1.0,ptx,msa_template
3i5r,44,0,0.9487,0.9434,0.6981,0.981,0.703,0.35,1.0,ptx,msa_template
3i5r,44,1,0.9486,0.9433,0.6537,0.984,0.657,0.317,1.0,ptx,msa_template
3i5r,44,2,0.9488,0.9432,0.8304,0.978,0.836,0.364,1.0,ptx,msa_template
3i5r,44,3,0.9487,0.9432,0.715,0.981,0.719,0.342,1.0,ptx,msa_template
3i5r,44,4,0.9487,0.9432,0.7195,0.981,0.722,0.344,1.0,ptx,msa_template
3obq,42,0,0.9422,0.9621,0.669,0.965,0.669,0.415,0.972,ptx,msa_template
3obq,42,1,0.9418,0.9615,0.7625,0.954,0.759,0.424,0.944,ptx,msa_template
3obq,42,2,0.9417,0.9615,0.6711,0.965,0.67,0.419,0.972,ptx,msa_template
3obq,42,3,0.9417,0.9613,0.6449,0.958,0.645,0.391,0.944,ptx,msa_template
3obq,42,4,0.9419,0.9612,0.7382,0.955,0.737,0.421,0.944,ptx,msa_template
3obq,43,0,0.9351,0.9565,0.56,0.958,0.563,0.403,0.944,ptx,msa_template
3obq,43,1,0.9352,0.9564,0.6128,0.958,0.613,0.399,0.944,ptx,msa_template
3obq,43,2,0.9351,0.9563,0.5776,0.961,0.579,0.373,0.944,ptx,msa_template
3obq,43,3,0.9352,0.9563,0.5592,0.961,0.561,0.373,0.944,ptx,msa_template
3obq,43,4,0.9352,0.956,0.6164,0.96,0.615,0.372,0.944,ptx,msa_template
3obq,44,0,0.9373,0.958,0.6727,0.966,0.674,0.405,0.972,ptx,msa_template
3obq,44,1,0.9376,0.958,0.6732,0.959,0.674,0.387,0.944,ptx,msa_template
3obq,44,2,0.9372,0.9579,0.6689,0.958,0.664,0.389,0.944,ptx,msa_template
3obq,44,3,0.9372,0.9577,0.6207,0.961,0.62,0.362,0.944,ptx,msa_template
3obq,44,4,0.9372,0.9577,0.6118,0.959,0.612,0.386,0.944,ptx,msa_template
3p72,42,0,0.9489,0.9784,0.5565,0.957,0.803,0.332,0.927,ptx,msa_template
3p72,42,1,0.9491,0.9784,0.8035,0.936,0.557,0.312,0.854,ptx,msa_template
3p72,42,2,0.949,0.9783,0.8178,0.95,0.817,0.322,0.902,ptx,msa_template
3p72,42,3,0.949,0.9782,0.7115,0.938,0.711,0.365,0.878,ptx,msa_template
3p72,42,4,0.9489,0.9783,0.6097,0.952,0.611,0.311,0.902,ptx,msa_template
3p72,43,0,0.9568,0.9808,0.6123,0.952,0.611,0.309,0.902,ptx,msa_template
3p72,43,1,0.9572,0.9807,0.9327,0.96,0.557,0.316,0.927,ptx,msa_template
3p72,43,2,0.957,0.9807,0.5584,0.936,0.943,0.367,0.878,ptx,msa_template
3p72,43,3,0.9571,0.9807,0.7904,0.94,0.789,0.346,0.878,ptx,msa_template
3p72,43,4,0.957,0.9807,0.7997,0.95,0.791,0.321,0.902,ptx,msa_template
3p72,44,0,0.9442,0.9754,0.4743,0.954,0.475,0.295,0.902,ptx,msa_template
3p72,44,1,0.9446,0.9754,1.2428,0.894,1.228,0.51,0.805,ptx,msa_template
3p72,44,2,0.9442,0.9753,0.5447,0.936,0.545,0.313,0.854,ptx,msa_template
3p72,44,3,0.9445,0.9753,0.8531,0.926,0.857,0.402,0.854,ptx,msa_template
3p72,44,4,0.9443,0.9753,0.6319,0.941,0.645,0.342,0.878,ptx,msa_template
3pe4,42,0,0.6151,0.7718,23.234,0.054,23.232,7.09,0.0,ptx,msa_template
3pe4,42,1,0.6144,0.7715,22.4973,0.057,22.488,6.854,0.0,ptx,msa_template
3pe4,42,2,0.6128,0.7709,23.0126,0.055,23.014,7.018,0.0,ptx,msa_template
3pe4,42,3,0.6139,0.7704,23.1726,0.053,23.465,7.15,0.0,ptx,msa_template
3pe4,42,4,0.615,0.7703,23.4635,0.054,23.167,7.055,0.0,ptx,msa_template
3pe4,43,0,0.6282,0.7986,23.0189,0.055,22.966,7.039,0.0,ptx,msa_template
3pe4,43,1,0.6274,0.7976,23.0509,0.054,23.039,7.029,0.0,ptx,msa_template
3pe4,43,2,0.6254,0.7969,23.1586,0.054,23.157,7.065,0.0,ptx,msa_template
3pe4,43,3,0.6239,0.7946,23.0449,0.054,23.23,7.075,0.0,ptx,msa_template
3pe4,43,4,0.6127,0.7899,25.0302,0.047,25.048,7.657,0.0,ptx,msa_template
3pe4,44,0,0.6125,0.7679,23.1612,0.054,23.165,7.059,0.0,ptx,msa_template
3pe4,44,1,0.6137,0.7678,23.0075,0.055,23.0,7.004,0.0,ptx,msa_template
3pe4,44,2,0.6146,0.7676,23.2211,0.054,23.233,7.086,0.0,ptx,msa_template
3pe4,44,3,0.6138,0.7664,23.2815,0.053,23.37,7.111,0.0,ptx,msa_template
3pe4,44,4,0.6124,0.7662,23.38,0.053,23.32,7.098,0.0,ptx,msa_template
3plu,42,0,0.9643,0.9479,0.3628,0.99,0.381,0.25,1.0,ptx,msa_template
3plu,42,1,0.9643,0.9479,0.3679,0.991,0.389,0.246,1.0,ptx,msa_template
3plu,42,2,0.9643,0.9479,0.3797,0.979,0.371,0.245,0.966,ptx,msa_template
3plu,42,3,0.9643,0.9478,0.4122,0.987,0.42,0.296,1.0,ptx,msa_template
3plu,42,4,0.9643,0.9478,0.3743,0.989,0.384,0.264,1.0,ptx,msa_template
3plu,43,0,0.9625,0.944,0.4169,0.989,0.421,0.267,1.0,ptx,msa_template
3plu,43,1,0.9625,0.944,0.4354,0.988,0.449,0.283,1.0,ptx,msa_template
3plu,43,2,0.9625,0.9439,0.4221,0.988,0.429,0.28,1.0,ptx,msa_template
3plu,43,3,0.9625,0.9439,0.3844,0.99,0.399,0.249,1.0,ptx,msa_template
3plu,43,4,0.9625,0.9438,0.3828,0.99,0.388,0.254,1.0,ptx,msa_template
3plu,44,0,0.9607,0.9415,0.4668,0.989,0.457,0.266,1.0,ptx,msa_template
3plu,44,1,0.9607,0.9415,0.3707,0.985,0.374,0.316,1.0,ptx,msa_template
3plu,44,2,0.9607,0.9414,0.3783,0.976,0.378,0.291,0.966,ptx,msa_template
3plu,44,3,0.9607,0.9413,0.3482,0.964,0.348,0.292,0.931,ptx,msa_template
3plu,44,4,0.9607,0.9413,0.3492,0.991,0.357,0.234,1.0,ptx,msa_template
3r42,42,0,0.7602,0.8307,0.8585,0.657,3.538,1.423,0.594,ptx,msa_template
3r42,42,1,0.7595,0.8303,0.6444,0.666,3.444,1.37,0.594,ptx,msa_template
3r42,42,2,0.7601,0.8302,0.7267,0.938,0.693,0.362,0.875,ptx,msa_template
3r42,42,3,0.7593,0.8301,0.7519,0.926,0.732,0.374,0.844,ptx,msa_template
3r42,42,4,0.7594,0.8293,0.8515,0.934,0.702,0.399,0.875,ptx,msa_template
3r42,43,0,0.9147,0.965,0.6837,0.936,0.686,0.377,0.875,ptx,msa_template
3r42,43,1,0.9146,0.965,0.6746,0.929,0.677,0.444,0.875,ptx,msa_template
3r42,43,2,0.9146,0.9649,0.9163,0.938,0.924,0.343,0.875,ptx,msa_template
3r42,43,3,0.9145,0.9644,0.9148,0.915,0.92,0.463,0.844,ptx,msa_template
3r42,43,4,0.9144,0.9643,0.9408,0.913,0.944,0.479,0.844,ptx,msa_template
3r42,44,0,0.7669,0.8329,3.432,0.68,3.505,1.249,0.594,ptx,msa_template
3r42,44,1,0.7671,0.8302,2.0433,0.811,2.08,0.748,0.688,ptx,msa_template
3r42,44,2,0.7676,0.8301,3.0091,0.739,2.943,0.987,0.625,ptx,msa_template
3r42,44,3,0.7663,0.8287,2.0438,0.793,2.129,0.792,0.656,ptx,msa_template
3r42,44,4,0.7664,0.8272,2.2921,0.794,2.268,0.766,0.656,ptx,msa_template
3s9c,42,0,0.8691,0.9458,6.9449,0.562,6.863,2.054,0.733,ptx,msa_template
3s9c,42,1,0.8689,0.9457,6.7178,0.561,6.913,2.056,0.733,ptx,msa_template
3s9c,42,2,0.8689,0.9456,6.9323,0.581,6.788,1.933,0.756,ptx,msa_template
3s9c,42,3,0.8684,0.9451,6.7138,0.549,6.621,2.009,0.667,ptx,msa_template
3s9c,42,4,0.8685,0.9449,6.7927,0.564,6.729,2.068,0.733,ptx,msa_template
3s9c,43,0,0.902,0.9535,6.8307,0.557,6.836,2.137,0.733,ptx,msa_template
3s9c,43,1,0.9015,0.9532,6.6194,0.569,6.623,2.039,0.733,ptx,msa_template
3s9c,43,2,0.9017,0.9532,6.9586,0.547,6.961,2.135,0.711,ptx,msa_template
3s9c,43,3,0.9017,0.953,6.7281,0.548,6.733,2.082,0.689,ptx,msa_template
3s9c,43,4,0.8998,0.9508,6.9355,0.552,6.934,2.073,0.711,ptx,msa_template
3s9c,44,0,0.8841,0.95,6.8066,0.543,6.811,2.137,0.689,ptx,msa_template
3s9c,44,1,0.8831,0.9495,6.7452,0.559,6.748,2.136,0.733,ptx,msa_template
3s9c,44,2,0.8834,0.9495,6.9925,0.557,6.996,2.085,0.733,ptx,msa_template
3s9c,44,3,0.8824,0.9493,6.8039,0.565,6.8,1.94,0.711,ptx,msa_template
3s9c,44,4,0.8835,0.949,6.8941,0.542,6.897,2.116,0.689,ptx,msa_template
3shb,42,0,0.9304,0.9334,5.4321,0.673,5.442,1.936,0.935,ptx,msa_template
3shb,42,1,0.93,0.9328,5.5595,0.681,5.557,1.94,0.968,ptx,msa_template
3shb,42,2,0.9298,0.9327,5.2642,0.679,5.275,1.914,0.935,ptx,msa_template
3shb,42,3,0.9291,0.9315,5.5189,0.674,5.511,1.907,0.935,ptx,msa_template
3shb,42,4,0.9294,0.9293,5.2878,0.685,5.293,1.847,0.935,ptx,msa_template
3shb,43,0,0.9415,0.9471,1.0485,0.964,1.012,0.388,0.968,ptx,msa_template
3shb,43,1,0.9359,0.9364,5.3646,0.691,5.372,1.879,0.968,ptx,msa_template
3shb,43,2,0.9361,0.9359,5.3757,0.69,5.37,1.882,0.968,ptx,msa_template
3shb,43,3,0.9354,0.9355,5.3093,0.69,5.3,1.906,0.968,ptx,msa_template
3shb,43,4,0.9353,0.9347,5.0036,0.695,5.001,1.816,0.935,ptx,msa_template
3shb,44,0,0.9383,0.9453,0.9003,0.966,0.901,0.371,0.968,ptx,msa_template
3shb,44,1,0.9382,0.9449,1.127,0.957,1.126,0.443,0.968,ptx,msa_template
3shb,44,2,0.937,0.9426,1.7539,0.926,1.756,0.628,0.968,ptx,msa_template
3shb,44,3,0.9319,0.9315,5.6582,0.681,5.657,1.904,0.968,ptx,msa_template
3shb,44,4,0.9315,0.9306,5.0333,0.695,5.034,1.803,0.935,ptx,msa_template
3tiw,42,0,0.9035,0.947,2.82,0.846,2.823,0.897,0.9,ptx,msa_template
3tiw,42,1,0.9035,0.9467,2.7471,0.856,2.744,0.839,0.9,ptx,msa_template
3tiw,42,2,0.9035,0.9466,2.5539,0.851,2.553,0.898,0.9,ptx,msa_template
3tiw,42,3,0.9035,0.9466,2.7318,0.849,2.732,0.889,0.9,ptx,msa_template
3tiw,42,4,0.9028,0.9461,2.8706,0.862,2.895,0.892,0.95,ptx,msa_template
3tiw,43,0,0.9073,0.9524,2.841,0.833,2.838,0.929,0.875,ptx,msa_template
3tiw,43,1,0.9074,0.9523,2.6031,0.842,2.559,0.902,0.875,ptx,msa_template
3tiw,43,2,0.9074,0.9521,3.0603,0.841,3.059,0.897,0.9,ptx,msa_template
3tiw,43,3,0.9071,0.9519,2.9782,0.856,2.98,0.863,0.925,ptx,msa_template
3tiw,43,4,0.9065,0.9515,2.8306,0.853,2.85,0.902,0.925,ptx,msa_template
3tiw,44,0,0.9063,0.9519,2.8704,0.864,2.885,0.877,0.95,ptx,msa_template
3tiw,44,1,0.9059,0.9518,2.7509,0.85,2.759,0.876,0.9,ptx,msa_template
3tiw,44,2,0.9059,0.9517,2.6384,0.852,2.644,0.879,0.9,ptx,msa_template
3tiw,44,3,0.9058,0.9516,2.8758,0.855,2.881,0.879,0.925,ptx,msa_template
3tiw,44,4,0.9061,0.9516,2.9065,0.846,2.912,0.882,0.9,ptx,msa_template
3v2o,42,0,0.7639,0.8336,8.9604,0.263,8.975,3.081,0.125,ptx,msa_template
3v2o,42,1,0.7644,0.8335,8.835,0.275,8.857,3.028,0.15,ptx,msa_template
3v2o,42,2,0.7638,0.8327,9.0105,0.261,9.03,3.119,0.125,ptx,msa_template
3v2o,42,3,0.7642,0.8322,8.7502,0.278,8.778,3.005,0.15,ptx,msa_template
3v2o,42,4,0.7597,0.8283,9.342,0.261,9.356,3.196,0.15,ptx,msa_template
3v2o,43,0,0.7649,0.8318,8.7615,0.286,8.76,3.019,0.175,ptx,msa_template
3v2o,43,1,0.7652,0.8317,8.6946,0.288,8.698,2.991,0.175,ptx,msa_template
3v2o,43,2,0.765,0.8315,8.7723,0.269,8.763,3.017,0.125,ptx,msa_template
3v2o,43,3,0.7635,0.8308,8.9954,0.271,9.001,3.087,0.15,ptx,msa_template
3v2o,43,4,0.7622,0.8303,8.9736,0.271,8.976,3.08,0.15,ptx,msa_template
3v2o,44,0,0.7853,0.84,2.3997,0.269,9.053,3.1,0.15,ptx,msa_template
3v2o,44,1,0.783,0.8377,2.5916,0.257,9.178,3.142,0.125,ptx,msa_template
3v2o,44,2,0.7628,0.8312,9.0359,0.267,9.141,3.123,0.15,ptx,msa_template
3v2o,44,3,0.7635,0.8308,8.761,0.257,9.203,3.15,0.125,ptx,msa_template
3v2o,44,4,0.7615,0.8291,8.8329,0.265,9.204,3.15,0.15,ptx,msa_template
3wgx,42,0,0.9276,0.952,0.6794,0.963,0.68,0.333,0.941,ptx,msa_template
3wgx,42,1,0.9272,0.9519,0.697,0.962,0.689,0.342,0.941,ptx,msa_template
3wgx,42,2,0.9274,0.9518,0.8327,0.945,0.839,0.404,0.912,ptx,msa_template
3wgx,42,3,0.9274,0.9517,0.4841,0.967,0.483,0.295,0.941,ptx,msa_template
3wgx,42,4,0.9267,0.9513,1.1272,0.919,1.116,0.52,0.882,ptx,msa_template
3wgx,43,0,0.9295,0.9534,1.5207,0.908,1.54,0.648,0.912,ptx,msa_template
3wgx,43,1,0.93,0.9533,0.4535,0.966,0.456,0.307,0.941,ptx,msa_template
3wgx,43,2,0.9295,0.9531,0.5433,0.975,0.539,0.317,0.971,ptx,msa_template
3wgx,43,3,0.9289,0.9526,1.4137,0.924,1.408,0.609,0.941,ptx,msa_template
3wgx,43,4,0.9292,0.9526,0.5289,0.976,0.529,0.304,0.971,ptx,msa_template
3wgx,44,0,0.9307,0.9539,0.5045,0.975,0.508,0.317,0.971,ptx,msa_template
3wgx,44,1,0.9306,0.9539,0.6697,0.961,0.67,0.353,0.941,ptx,msa_template
3wgx,44,2,0.9305,0.9536,0.6072,0.963,0.609,0.337,0.941,ptx,msa_template
3wgx,44,3,0.9304,0.9535,0.5397,0.964,0.543,0.325,0.941,ptx,msa_template
3wgx,44,4,0.9296,0.9529,0.6815,0.951,0.672,0.35,0.912,ptx,msa_template
3zrj,42,0,0.8403,0.9028,1.2934,0.872,1.347,0.743,0.839,ptx,msa_template
3zrj,42,1,0.841,0.9026,1.3708,0.888,1.266,0.714,0.871,ptx,msa_template
3zrj,42,2,0.8405,0.9017,1.063,0.846,1.909,0.875,0.839,ptx,msa_template
3zrj,42,3,0.8404,0.9017,1.9433,0.938,0.845,0.617,0.968,ptx,msa_template
3zrj,42,4,0.8405,0.9015,0.8207,0.916,1.087,0.681,0.935,ptx,msa_template
3zrj,43,0,0.839,0.9027,1.4931,0.875,1.468,0.786,0.871,ptx,msa_template
3zrj,43,1,0.8393,0.9017,1.0597,0.92,1.088,0.65,0.935,ptx,msa_template
3zrj,43,2,0.8398,0.9013,1.6296,0.892,1.695,0.797,0.935,ptx,msa_template
3zrj,43,3,0.8393,0.9014,1.6877,0.9,1.65,0.822,0.968,ptx,msa_template
3zrj,43,4,0.8392,0.9007,0.9277,0.936,0.911,0.63,0.968,ptx,msa_template
3zrj,44,0,0.8465,0.9095,2.2981,0.793,2.378,1.194,0.839,ptx,msa_template
3zrj,44,1,0.846,0.9086,1.2421,0.901,1.25,0.778,0.935,ptx,msa_template
3zrj,44,2,0.8456,0.9081,0.9663,0.891,1.699,0.809,0.935,ptx,msa_template
3zrj,44,3,0.8455,0.9081,1.6592,0.874,2.007,0.891,0.935,ptx,msa_template
3zrj,44,4,0.8456,0.908,2.0061,0.91,0.948,0.733,0.935,ptx,msa_template
4a2a,42,0,0.896,0.9747,0.8251,0.928,0.826,0.431,0.868,ptx,msa_template
4a2a,42,1,0.8962,0.9747,0.9971,0.933,1.004,0.445,0.895,ptx,msa_template
4a2a,42,2,0.8959,0.9747,0.7376,0.937,0.749,0.426,0.895,ptx,msa_template
4a2a,42,3,0.896,0.9746,0.7282,0.92,0.731,0.427,0.842,ptx,msa_template
4a2a,42,4,0.8958,0.9746,1.0435,0.92,1.056,0.484,0.868,ptx,msa_template
4a2a,43,0,0.896,0.9748,0.5785,0.951,0.576,0.392,0.921,ptx,msa_template
4a2a,43,1,0.8963,0.9748,0.8032,0.937,0.805,0.426,0.895,ptx,msa_template
4a2a,43,2,0.896,0.9748,0.8958,0.926,0.894,0.44,0.868,ptx,msa_template
4a2a,43,3,0.896,0.9748,1.0396,0.916,1.042,0.444,0.842,ptx,msa_template
4a2a,43,4,0.8957,0.9747,0.9466,0.924,0.946,0.455,0.868,ptx,msa_template
4a2a,44,0,0.8934,0.9735,0.8465,0.941,0.851,0.383,0.895,ptx,msa_template
4a2a,44,1,0.8932,0.9735,0.8828,0.943,0.886,0.444,0.921,ptx,msa_template
4a2a,44,2,0.8934,0.9735,0.6706,0.941,0.668,0.402,0.895,ptx,msa_template
4a2a,44,3,0.8932,0.9734,0.9677,0.928,0.969,0.42,0.868,ptx,msa_template
4a2a,44,4,0.8934,0.9734,0.8254,0.928,0.825,0.425,0.868,ptx,msa_template
4bt9,42,0,0.8058,0.8862,6.2616,0.493,6.281,2.215,0.517,ptx,msa_template
4bt9,42,1,0.8049,0.886,7.7751,0.447,7.776,2.407,0.517,ptx,msa_template
4bt9,42,2,0.8096,0.885,5.0987,0.565,5.099,1.688,0.517,ptx,msa_template
4bt9,42,3,0.8045,0.8851,6.6046,0.481,6.6,2.274,0.517,ptx,msa_template
4bt9,42,4,0.8057,0.8819,5.9767,0.509,5.98,1.934,0.483,ptx,msa_template
4bt9,43,0,0.8003,0.8777,6.7958,0.476,6.795,2.286,0.517,ptx,msa_template
4bt9,43,1,0.8004,0.8768,5.8639,0.505,6.213,2.068,0.517,ptx,msa_template
4bt9,43,2,0.7993,0.8765,6.2039,0.515,5.873,1.889,0.483,ptx,msa_template
4bt9,43,3,0.7971,0.8751,6.2459,0.507,6.256,2.023,0.517,ptx,msa_template
4bt9,43,4,0.7925,0.8713,5.7396,0.539,5.758,1.912,0.552,ptx,msa_template
4bt9,44,0,0.8072,0.8856,5.8276,0.519,5.819,2.007,0.517,ptx,msa_template
4bt9,44,1,0.8039,0.886,7.0802,0.462,7.074,2.416,0.517,ptx,msa_template
4bt9,44,2,0.8067,0.8848,7.1242,0.469,7.115,2.278,0.517,ptx,msa_template
4bt9,44,3,0.8048,0.8836,6.3626,0.511,5.863,2.097,0.517,ptx,msa_template
4bt9,44,4,0.8048,0.8835,5.866,0.51,6.171,2.009,0.517,ptx,msa_template
4c5a,42,0,0.557,0.7659,42.6101,0.017,42.525,12.985,0.0,ptx,msa_template
4c5a,42,1,0.5528,0.7642,43.2768,0.017,43.245,13.288,0.0,ptx,msa_template
4c5a,42,2,0.5233,0.7339,34.2677,0.026,34.26,10.777,0.0,ptx,msa_template
4c5a,42,3,0.5255,0.7287,34.2619,0.026,34.251,10.682,0.0,ptx,msa_template
4c5a,42,4,0.5158,0.7185,34.1452,0.026,34.16,10.81,0.0,ptx,msa_template
4c5a,43,0,0.5781,0.7719,43.1275,0.017,43.124,13.216,0.0,ptx,msa_template
4c5a,43,1,0.582,0.7693,42.9393,0.017,42.963,13.275,0.0,ptx,msa_template
4c5a,43,2,0.5794,0.7684,42.3941,0.017,42.305,13.068,0.0,ptx,msa_template
4c5a,43,3,0.549,0.7328,34.0711,0.026,34.066,10.698,0.0,ptx,msa_template
4c5a,43,4,0.5355,0.7302,35.3669,0.024,35.382,11.193,0.0,ptx,msa_template
4c5a,44,0,0.5768,0.7732,43.4995,0.016,43.512,13.407,0.0,ptx,msa_template
4c5a,44,1,0.5901,0.7722,40.8817,0.019,40.898,12.543,0.0,ptx,msa_template
4c5a,44,2,0.5716,0.7697,43.7595,0.016,43.779,13.479,0.0,ptx,msa_template
4c5a,44,3,0.5703,0.7644,42.655,0.017,42.63,13.176,0.0,ptx,msa_template
4c5a,44,4,0.5491,0.7457,34.037,0.026,34.013,10.802,0.0,ptx,msa_template
4dg3,42,0,0.9182,0.9751,0.8254,0.913,1.161,0.645,0.913,ptx,msa_template
4dg3,42,1,0.9175,0.9749,0.6289,0.924,0.715,0.549,0.899,ptx,msa_template
4dg3,42,2,0.9172,0.9749,0.7796,0.904,0.922,0.618,0.87,ptx,msa_template
4dg3,42,3,0.9169,0.9748,0.7826,0.898,1.207,0.681,0.884,ptx,msa_template
4dg3,42,4,0.9169,0.9748,0.9797,0.881,1.384,0.752,0.87,ptx,msa_template
4dg3,43,0,0.9212,0.9747,0.718,0.921,1.047,0.591,0.913,ptx,msa_template
4dg3,43,1,0.921,0.9746,0.5481,0.933,0.836,0.512,0.913,ptx,msa_template
4dg3,43,2,0.9212,0.9746,0.7677,0.926,0.848,0.571,0.913,ptx,msa_template
4dg3,43,3,0.921,0.9745,0.8121,0.925,0.91,0.568,0.913,ptx,msa_template
4dg3,43,4,0.9206,0.9744,0.7926,0.91,1.12,0.631,0.899,ptx,msa_template
4dg3,44,0,0.918,0.975,0.7851,0.91,0.974,0.642,0.899,ptx,msa_template
4dg3,44,1,0.9178,0.9749,0.8073,0.913,1.089,0.652,0.913,ptx,msa_template
4dg3,44,2,0.9177,0.9749,0.6986,0.908,1.14,0.614,0.884,ptx,msa_template
4dg3,44,3,0.9176,0.9749,0.7635,0.932,0.71,0.485,0.899,ptx,msa_template
4dg3,44,4,0.9176,0.9748,0.6253,0.919,0.966,0.574,0.899,ptx,msa_template
4ep2,42,0,0.9071,0.9498,0.9421,0.948,0.941,0.389,0.919,ptx,msa_template
4ep2,42,1,0.9075,0.9495,0.8747,0.963,0.878,0.379,0.959,ptx,msa_template
4ep2,42,2,0.9058,0.949,0.86,0.965,0.865,0.357,0.959,ptx,msa_template
4ep2,42,3,0.9057,0.9486,0.8004,0.953,0.799,0.35,0.919,ptx,msa_template
4ep2,42,4,0.9054,0.9484,0.8076,0.961,0.806,0.357,0.946,ptx,msa_template
4ep2,43,0,0.9075,0.95,0.9153,0.954,0.915,0.376,0.932,ptx,msa_template
4ep2,43,1,0.9067,0.95,0.8853,0.944,0.882,0.384,0.905,ptx,msa_template
4ep2,43,2,0.9061,0.9493,0.8841,0.955,0.864,0.372,0.932,ptx,msa_template
4ep2,43,3,0.9061,0.9488,0.8234,0.96,0.823,0.367,0.946,ptx,msa_template
4ep2,43,4,0.9062,0.9485,0.8079,0.956,0.811,0.365,0.932,ptx,msa_template
4ep2,44,0,0.9068,0.9498,0.9227,0.95,0.923,0.368,0.919,ptx,msa_template
4ep2,44,1,0.9074,0.9497,0.9038,0.949,0.902,0.377,0.919,ptx,msa_template
4ep2,44,2,0.9058,0.9494,0.8353,0.955,0.836,0.367,0.932,ptx,msa_template
4ep2,44,3,0.9058,0.9486,0.7901,0.958,0.789,0.343,0.932,ptx,msa_template
4ep2,44,4,0.9054,0.9486,0.8218,0.97,0.822,0.36,0.973,ptx,msa_template
4fii,42,0,0.8613,0.967,0.5695,0.926,0.571,0.598,0.921,ptx,msa_template
4fii,42,1,0.8602,0.9667,0.5682,0.949,0.57,0.41,0.921,ptx,msa_template
4fii,42,2,0.8597,0.9665,0.5385,0.933,0.544,0.478,0.895,ptx,msa_template
4fii,42,3,0.8594,0.9664,0.5741,0.944,0.57,0.46,0.921,ptx,msa_template
4fii,42,4,0.8593,0.9664,0.7819,0.866,0.788,0.58,0.737,ptx,msa_template
4fii,43,0,0.8585,0.9666,0.8379,0.932,0.839,0.472,0.895,ptx,msa_template
4fii,43,1,0.859,0.9666,0.7866,0.93,0.791,0.488,0.895,ptx,msa_template
4fii,43,2,0.8591,0.9666,0.6873,0.934,0.694,0.462,0.895,ptx,msa_template
4fii,43,3,0.8599,0.9666,0.8053,0.894,0.809,0.697,0.868,ptx,msa_template
4fii,43,4,0.8591,0.9663,0.9116,0.931,0.923,0.471,0.895,ptx,msa_template
4fii,44,0,0.8592,0.9635,0.598,0.945,0.599,0.45,0.921,ptx,msa_template
4fii,44,1,0.8587,0.9634,0.5786,0.951,0.578,0.391,0.921,ptx,msa_template
4fii,44,2,0.8584,0.9631,0.7156,0.945,0.713,0.438,0.921,ptx,msa_template
4fii,44,3,0.8593,0.9631,0.8065,0.918,0.804,0.652,0.921,ptx,msa_template
4fii,44,4,0.8589,0.963,0.9578,0.944,0.956,0.428,0.921,ptx,msa_template
4gq6,42,0,0.6129,0.7693,4.7601,0.888,1.64,0.557,0.821,ptx,msa_template
4gq6,42,1,0.6057,0.7663,3.6712,0.917,1.545,0.525,0.893,ptx,msa_template
4gq6,42,2,0.6093,0.7659,3.2821,0.9,1.565,0.522,0.839,ptx,msa_template
4gq6,42,3,0.6083,0.7656,3.9395,0.918,0.872,0.37,0.821,ptx,msa_template
4gq6,42,4,0.608,0.7628,3.9432,0.877,1.881,0.612,0.821,ptx,msa_template
4gq6,43,0,0.8505,0.9606,1.2032,0.927,1.437,0.501,0.911,ptx,msa_template
4gq6,43,1,0.8495,0.9605,0.6072,0.926,1.609,0.547,0.929,ptx,msa_template
4gq6,43,2,0.8498,0.9605,1.4044,0.964,0.751,0.329,0.946,ptx,msa_template
4gq6,43,3,0.8503,0.9605,1.5158,0.944,1.488,0.51,0.964,ptx,msa_template
4gq6,43,4,0.8502,0.9602,1.7057,0.921,1.654,0.574,0.929,ptx,msa_template
4gq6,44,0,0.5906,0.7332,4.7722,0.84,2.559,0.831,0.839,ptx,msa_template
4gq6,44,1,0.5893,0.7316,4.3329,0.69,4.289,1.336,0.714,ptx,msa_template
4gq6,44,2,0.586,0.7309,4.3252,0.802,2.904,0.923,0.786,ptx,msa_template
4gq6,44,3,0.5862,0.7304,3.8134,0.711,4.13,1.289,0.75,ptx,msa_template
4gq6,44,4,0.5868,0.7304,3.89,0.731,3.902,1.225,0.768,ptx,msa_template
4hdq,42,0,0.892,0.9789,2.5124,0.895,2.514,0.674,0.933,ptx,msa_template
4hdq,42,1,0.8915,0.9785,2.938,0.858,2.938,0.795,0.9,ptx,msa_template
4hdq,42,2,0.8913,0.9785,2.6644,0.883,2.661,0.74,0.933,ptx,msa_template
4hdq,42,3,0.8911,0.9785,2.234,0.907,2.225,0.626,0.933,ptx,msa_template
4hdq,42,4,0.8914,0.9784,2.4448,0.884,2.448,0.683,0.9,ptx,msa_template
4hdq,43,0,0.8924,0.9789,2.593,0.874,2.59,0.731,0.9,ptx,msa_template
4hdq,43,1,0.8921,0.9788,2.5056,0.891,2.498,0.706,0.933,ptx,msa_template
4hdq,43,2,0.8924,0.9788,2.7454,0.879,2.745,0.756,0.933,ptx,msa_template
4hdq,43,3,0.8917,0.9787,2.0855,0.9,2.088,0.614,0.9,ptx,msa_template
4hdq,43,4,0.8921,0.9787,3.1439,0.855,3.144,0.865,0.933,ptx,msa_template
4hdq,44,0,0.8957,0.9802,1.5226,0.872,1.525,1.027,0.967,ptx,msa_template
4hdq,44,1,0.892,0.9789,1.8599,0.923,1.854,0.549,0.933,ptx,msa_template
4hdq,44,2,0.8927,0.9789,2.6072,0.819,2.603,1.199,0.933,ptx,msa_template
4hdq,44,3,0.8921,0.9788,2.5903,0.826,2.592,1.147,0.933,ptx,msa_template
4hdq,44,4,0.892,0.9787,2.7894,0.806,2.789,1.184,0.9,ptx,msa_template
4hom,42,0,0.6613,0.9016,10.702,0.345,9.039,2.607,0.317,ptx,msa_template
4hom,42,1,0.6586,0.8985,9.9258,0.328,9.211,2.648,0.28,ptx,msa_template
4hom,42,2,0.6535,0.8972,10.2493,0.322,9.279,2.663,0.268,ptx,msa_template
4hom,42,3,0.6465,0.8924,7.6326,0.357,8.49,2.272,0.268,ptx,msa_template
4hom,42,4,0.6426,0.8912,9.3021,0.377,8.403,2.252,0.317,ptx,msa_template
4hom,43,0,0.6287,0.8633,7.2994,0.445,7.243,1.922,0.378,ptx,msa_template
4hom,43,1,0.6246,0.8629,8.8754,0.374,8.523,2.251,0.317,ptx,msa_template
4hom,43,2,0.6268,0.86,5.9212,0.41,7.388,2.186,0.341,ptx,msa_template
4hom,43,3,0.6205,0.8516,7.2944,0.424,7.502,1.967,0.341,ptx,msa_template
4hom,43,4,0.6145,0.8424,5.2634,0.663,3.923,1.066,0.5,ptx,msa_template
4hom,44,0,0.6208,0.8597,8.5414,0.341,8.638,2.522,0.268,ptx,msa_template
4hom,44,1,0.6135,0.8539,8.8741,0.304,9.467,2.71,0.232,ptx,msa_template
4hom,44,2,0.6123,0.8498,8.4638,0.361,8.493,2.503,0.317,ptx,msa_template
4hom,44,3,0.6072,0.8471,6.1695,0.325,9.23,2.701,0.28,ptx,msa_template
4hom,44,4,0.611,0.8428,7.9219,0.327,8.916,2.601,0.256,ptx,msa_template
4iga,42,0,0.742,0.6884,14.0634,0.944,0.489,0.355,0.889,ptx,msa_template
4iga,42,1,0.7416,0.6881,14.0818,0.943,0.714,0.445,0.917,ptx,msa_template
4iga,42,2,0.7349,0.6759,1.4222,0.942,0.718,0.45,0.917,ptx,msa_template
4iga,42,3,0.734,0.6722,4.2964,0.946,0.651,0.419,0.917,ptx,msa_template
4iga,42,4,0.7327,0.6701,2.2198,0.951,0.571,0.381,0.917,ptx,msa_template
4iga,43,0,0.9542,0.9609,0.583,0.942,0.823,0.444,0.917,ptx,msa_template
4iga,43,1,0.9542,0.9608,0.6237,0.951,0.553,0.372,0.917,ptx,msa_template
4iga,43,2,0.9542,0.9607,0.6381,0.943,0.75,0.441,0.917,ptx,msa_template
4iga,43,3,0.9541,0.9607,0.4968,0.944,0.527,0.36,0.889,ptx,msa_template
4iga,43,4,0.954,0.9606,0.6528,0.934,0.762,0.439,0.889,ptx,msa_template
4iga,44,0,0.9566,0.9642,0.5255,0.952,0.75,0.446,0.944,ptx,msa_template
4iga,44,1,0.9565,0.9641,0.5406,0.952,0.553,0.372,0.917,ptx,msa_template
4iga,44,2,0.9564,0.9641,0.6734,0.956,0.645,0.416,0.944,ptx,msa_template
4iga,44,3,0.9564,0.9641,0.5384,0.949,0.596,0.391,0.917,ptx,msa_template
4iga,44,4,0.9563,0.964,0.546,0.95,0.554,0.39,0.917,ptx,msa_template
4j2c,42,0,0.9155,0.9415,0.6313,0.961,0.663,0.452,0.971,ptx,msa_template
4j2c,42,1,0.9155,0.9412,0.6448,0.941,0.881,0.599,0.971,ptx,msa_template
4j2c,42,2,0.9155,0.9411,0.6886,0.95,0.647,0.545,0.971,ptx,msa_template
4j2c,42,3,0.9153,0.9411,0.6555,0.944,0.798,0.578,0.971,ptx,msa_template
4j2c,42,4,0.9154,0.941,0.5578,0.949,0.57,0.55,0.971,ptx,msa_template
4j2c,43,0,0.9218,0.9465,0.5656,0.949,0.717,0.546,0.971,ptx,msa_template
4j2c,43,1,0.9219,0.9463,0.8068,0.946,0.566,0.576,0.971,ptx,msa_template
4j2c,43,2,0.9217,0.9461,0.6372,0.944,0.971,0.573,0.971,ptx,msa_template
4j2c,43,3,0.9216,0.946,0.9501,0.949,0.729,0.544,0.971,ptx,msa_template
4j2c,43,4,0.9217,0.9459,0.5625,0.951,0.495,0.542,0.971,ptx,msa_template
4j2c,44,0,0.9213,0.9462,0.7335,0.947,0.639,0.637,1.0,ptx,msa_template
4j2c,44,1,0.9212,0.9459,0.565,0.933,0.68,0.668,0.971,ptx,msa_template
4j2c,44,2,0.921,0.9457,0.6793,0.969,0.621,0.463,1.0,ptx,msa_template
4j2c,44,3,0.9209,0.9455,0.6787,0.949,0.681,0.547,0.971,ptx,msa_template
4j2c,44,4,0.9209,0.9454,0.711,0.941,0.94,0.669,1.0,ptx,msa_template
4j8b,42,0,0.8044,0.9262,1.089,0.975,1.08,0.379,1.0,ptx,msa_template
4j8b,42,1,0.8052,0.926,0.8025,0.967,0.908,0.372,0.969,ptx,msa_template
4j8b,42,2,0.8044,0.9253,0.7095,0.938,1.146,0.423,0.906,ptx,msa_template
4j8b,42,3,0.8041,0.9253,0.9688,0.932,1.051,0.396,0.875,ptx,msa_template
4j8b,42,4,0.804,0.9251,1.1006,0.935,1.208,0.451,0.906,ptx,msa_template
4j8b,43,0,0.7859,0.9201,0.959,0.942,0.684,0.312,0.875,ptx,msa_template
4j8b,43,1,0.7848,0.9191,0.9484,0.923,1.21,0.458,0.875,ptx,msa_template
4j8b,43,2,0.7846,0.9177,0.9563,0.945,1.263,0.443,0.938,ptx,msa_template
4j8b,43,3,0.7842,0.9177,0.9188,0.971,0.732,0.343,0.969,ptx,msa_template
4j8b,43,4,0.7837,0.9176,0.9588,0.94,1.374,0.481,0.938,ptx,msa_template
4j8b,44,0,0.7961,0.9213,0.6799,0.974,1.043,0.392,1.0,ptx,msa_template
4j8b,44,1,0.7955,0.9212,1.2842,0.941,1.017,0.41,0.906,ptx,msa_template
4j8b,44,2,0.7956,0.9208,0.8207,0.977,0.851,0.372,1.0,ptx,msa_template
4j8b,44,3,0.7949,0.9208,0.8611,0.953,0.967,0.393,0.938,ptx,msa_template
4j8b,44,4,0.7952,0.9208,0.9117,0.964,0.982,0.393,0.969,ptx,msa_template
4leb,42,0,0.9361,0.9824,3.0323,0.846,2.969,1.109,1.0,ptx,msa_template
4leb,42,1,0.9357,0.9823,2.9623,0.846,2.825,1.063,0.971,ptx,msa_template
4leb,42,2,0.9354,0.9821,2.8101,0.881,2.281,0.96,1.0,ptx,msa_template
4leb,42,3,0.9349,0.982,2.4747,0.873,2.482,0.987,1.0,ptx,msa_template
4leb,42,4,0.9345,0.9818,2.6454,0.861,2.755,1.035,1.0,ptx,msa_template
4leb,43,0,0.9331,0.9812,3.1089,0.844,2.839,1.07,0.971,ptx,msa_template
4leb,43,1,0.9329,0.9812,2.9779,0.864,2.671,1.025,1.0,ptx,msa_template
4leb,43,2,0.9328,0.9811,2.8612,0.793,3.763,1.293,0.971,ptx,msa_template
4leb,43,3,0.9325,0.9811,2.5165,0.876,2.36,0.984,1.0,ptx,msa_template
4leb,43,4,0.9321,0.9809,2.6007,0.887,2.2,0.924,1.0,ptx,msa_template
4leb,44,0,0.9355,0.9833,3.1412,0.829,3.137,1.137,0.971,ptx,msa_template
4leb,44,1,0.9353,0.9832,2.9805,0.857,2.759,1.059,1.0,ptx,msa_template
4leb,44,2,0.9354,0.9832,3.2452,0.812,3.391,1.218,0.971,ptx,msa_template
4leb,44,3,0.9351,0.9832,2.9012,0.862,2.65,1.04,1.0,ptx,msa_template
4leb,44,4,0.9349,0.9831,2.9331,0.868,2.559,1.013,1.0,ptx,msa_template
4lk9,42,0,0.925,0.9476,1.1669,0.87,0.803,0.792,0.837,ptx,msa_template
4lk9,42,1,0.9247,0.9475,0.9486,0.86,0.978,0.807,0.816,ptx,msa_template
4lk9,42,2,0.9244,0.9473,0.9347,0.849,0.983,0.879,0.816,ptx,msa_template
4lk9,42,3,0.9246,0.9472,0.9378,0.857,0.916,0.828,0.816,ptx,msa_template
4lk9,42,4,0.9245,0.9471,1.1248,0.851,0.852,0.873,0.816,ptx,msa_template
4lk9,43,0,0.9254,0.9478,1.0629,0.891,0.93,0.633,0.837,ptx,msa_template
4lk9,43,1,0.9252,0.9473,1.1753,0.894,1.026,0.659,0.857,ptx,msa_template
4lk9,43,2,0.9246,0.947,1.1205,0.881,1.012,0.701,0.837,ptx,msa_template
4lk9,43,3,0.9245,0.947,1.0725,0.893,1.045,0.609,0.837,ptx,msa_template
4lk9,43,4,0.9238,0.9457,1.4636,0.888,1.034,0.653,0.837,ptx,msa_template
4lk9,44,0,0.9248,0.9471,1.0082,0.886,0.974,0.671,0.837,ptx,msa_template
4lk9,44,1,0.9248,0.947,1.0395,0.898,0.855,0.589,0.837,ptx,msa_template
4lk9,44,2,0.9248,0.947,1.2145,0.883,0.981,0.737,0.857,ptx,msa_template
4lk9,44,3,0.9246,0.947,1.0566,0.895,1.028,0.65,0.857,ptx,msa_template
4lk9,44,4,0.9244,0.9466,1.178,0.897,1.007,0.633,0.857,ptx,msa_template
4lzf,42,0,0.9078,0.9357,10.1289,0.458,10.452,3.47,0.818,ptx,msa_template
4lzf,42,1,0.9075,0.9354,10.5268,0.457,10.435,3.507,0.818,ptx,msa_template
4lzf,42,2,0.9073,0.9353,9.9329,0.448,10.314,3.551,0.788,ptx,msa_template
4lzf,42,3,0.9074,0.9352,10.7658,0.467,10.535,3.45,0.848,ptx,msa_template
4lzf,42,4,0.9073,0.9351,10.6182,0.446,10.548,3.503,0.788,ptx,msa_template
4lzf,43,0,0.9107,0.9381,10.4589,0.463,10.104,3.466,0.818,ptx,msa_template
4lzf,43,1,0.9107,0.938,10.7427,0.443,10.674,3.53,0.788,ptx,msa_template
4lzf,43,2,0.9104,0.9378,10.8198,0.471,10.217,3.489,0.848,ptx,msa_template
4lzf,43,3,0.9099,0.9372,10.486,0.45,10.309,3.47,0.788,ptx,msa_template
4lzf,43,4,0.9099,0.937,10.7525,0.482,10.201,3.471,0.879,ptx,msa_template
4lzf,44,0,0.9101,0.9376,10.8926,0.451,10.25,3.45,0.788,ptx,msa_template
4lzf,44,1,0.9099,0.9373,10.5257,0.469,10.344,3.5,0.848,ptx,msa_template
4lzf,44,2,0.9097,0.9372,10.4128,0.44,10.949,3.495,0.788,ptx,msa_template
4lzf,44,3,0.9098,0.937,10.1904,0.473,10.097,3.493,0.848,ptx,msa_template
4lzf,44,4,0.9095,0.9368,10.5361,0.478,10.401,3.491,0.879,ptx,msa_template
4m5s,42,0,0.925,0.9444,2.1227,0.895,2.458,0.784,0.976,ptx,msa_template
4m5s,42,1,0.9248,0.9442,2.1167,0.895,2.258,0.749,0.951,ptx,msa_template
4m5s,42,2,0.9244,0.9441,1.7524,0.886,2.18,0.769,0.927,ptx,msa_template
4m5s,42,3,0.925,0.9443,1.8203,0.872,2.324,0.787,0.902,ptx,msa_template
4m5s,42,4,0.9249,0.944,2.2038,0.888,2.168,0.696,0.902,ptx,msa_template
4m5s,43,0,0.9255,0.9438,2.0498,0.917,1.967,0.628,0.951,ptx,msa_template
4m5s,43,1,0.9256,0.9438,2.1565,0.902,2.18,0.709,0.951,ptx,msa_template
4m5s,43,2,0.9253,0.9436,2.0801,0.912,2.027,0.657,0.951,ptx,msa_template
4m5s,43,3,0.9251,0.9436,2.0189,0.884,1.937,0.698,0.878,ptx,msa_template
4m5s,43,4,0.9253,0.9435,2.0875,0.88,2.155,0.695,0.878,ptx,msa_template
4m5s,44,0,0.9252,0.9439,2.3332,0.871,2.163,0.758,0.878,ptx,msa_template
4m5s,44,1,0.9253,0.9438,2.0555,0.898,2.124,0.69,0.927,ptx,msa_template
4m5s,44,2,0.9252,0.9436,2.0558,0.879,2.27,0.802,0.927,ptx,msa_template
4m5s,44,3,0.9254,0.9437,2.4019,0.888,2.255,0.743,0.927,ptx,msa_template
4m5s,44,4,0.9253,0.9435,2.3113,0.881,1.951,0.715,0.878,ptx,msa_template
4m91,42,0,0.906,0.9514,2.0146,0.784,2.756,1.037,0.769,ptx,msa_template
4m91,42,1,0.9059,0.9512,2.7398,0.816,2.416,0.949,0.808,ptx,msa_template
4m91,42,2,0.9061,0.951,2.7472,0.833,2.044,0.786,0.769,ptx,msa_template
4m91,42,3,0.9057,0.9505,2.6499,0.88,1.701,0.67,0.846,ptx,msa_template
4m91,42,4,0.9056,0.9504,1.3515,0.863,1.551,0.626,0.769,ptx,msa_template
4m91,43,0,0.8997,0.9482,3.1486,0.879,2.135,0.813,0.923,ptx,msa_template
4m91,43,1,0.8994,0.9481,3.3623,0.832,2.252,0.859,0.808,ptx,msa_template
4m91,43,2,0.8993,0.947,2.2385,0.908,1.21,0.508,0.846,ptx,msa_template
4m91,43,3,0.899,0.9469,1.863,0.876,1.534,0.628,0.808,ptx,msa_template
4m91,43,4,0.8988,0.9467,1.9857,0.919,1.452,0.6,0.923,ptx,msa_template
4m91,44,0,0.9017,0.9491,2.7893,0.798,2.731,1.028,0.808,ptx,msa_template
4m91,44,1,0.9016,0.949,1.9589,0.818,2.228,0.868,0.769,ptx,msa_template
4m91,44,2,0.9013,0.9489,2.0966,0.874,1.952,0.78,0.885,ptx,msa_template
4m91,44,3,0.9015,0.9484,1.7718,0.832,2.026,0.792,0.769,ptx,msa_template
4m91,44,4,0.9016,0.9483,1.6226,0.871,1.798,0.728,0.846,ptx,msa_template
4mvi,42,0,0.8066,0.9068,4.9816,0.586,4.038,2.032,0.59,ptx,msa_template
4mvi,42,1,0.8064,0.9056,4.3043,0.494,5.326,2.348,0.475,ptx,msa_template
4mvi,42,2,0.8039,0.905,4.3044,0.537,4.378,2.064,0.475,ptx,msa_template
4mvi,42,3,0.8015,0.9041,4.1408,0.544,4.423,2.027,0.492,ptx,msa_template
4mvi,42,4,0.8032,0.9036,4.6815,0.514,4.262,2.291,0.443,ptx,msa_template
4mvi,43,0,0.824,0.9215,3.8753,0.595,3.778,1.739,0.525,ptx,msa_template
4mvi,43,1,0.8245,0.9208,4.4759,0.646,3.635,1.884,0.705,ptx,msa_template
4mvi,43,2,0.8219,0.9203,3.8658,0.453,6.02,2.485,0.426,ptx,msa_template
4mvi,43,3,0.8231,0.9198,4.2392,0.697,3.479,1.608,0.77,ptx,msa_template
4mvi,43,4,0.8226,0.9192,4.4772,0.518,4.874,2.156,0.475,ptx,msa_template
4mvi,44,0,0.7362,0.8429,5.4266,0.547,4.611,2.151,0.541,ptx,msa_template
4mvi,44,1,0.7334,0.841,4.0448,0.513,4.457,2.234,0.443,ptx,msa_template
4mvi,44,2,0.7309,0.8406,4.4077,0.577,3.972,1.895,0.525,ptx,msa_template
4mvi,44,3,0.7313,0.8401,3.2313,0.514,4.663,2.217,0.459,ptx,msa_template
4mvi,44,4,0.7333,0.8388,4.3653,0.54,4.385,2.091,0.492,ptx,msa_template
4nuu,42,0,0.8303,0.9467,0.9901,0.707,1.222,2.039,0.789,ptx,msa_template
4nuu,42,1,0.8299,0.9464,1.1681,0.694,1.143,2.237,0.789,ptx,msa_template
4nuu,42,2,0.8299,0.9462,1.2807,0.664,1.114,2.457,0.737,ptx,msa_template
4nuu,42,3,0.8297,0.9461,1.3032,0.697,0.974,2.091,0.763,ptx,msa_template
4nuu,42,4,0.8293,0.9451,1.2291,0.736,1.153,1.701,0.789,ptx,msa_template
4nuu,43,0,0.8075,0.9303,1.24,0.692,0.811,2.314,0.789,ptx,msa_template
4nuu,43,1,0.8078,0.9303,1.1853,0.698,1.087,2.188,0.789,ptx,msa_template
4nuu,43,2,0.8071,0.9297,0.8232,0.706,0.634,1.998,0.763,ptx,msa_template
4nuu,43,3,0.8068,0.9297,1.1562,0.657,1.105,2.586,0.737,ptx,msa_template
4nuu,43,4,0.8071,0.9294,1.0298,0.701,0.798,2.179,0.789,ptx,msa_template
4nuu,44,0,0.8102,0.9331,1.0117,0.699,1.153,1.927,0.737,ptx,msa_template
4nuu,44,1,0.8099,0.933,0.7702,0.714,1.297,1.739,0.737,ptx,msa_template
4nuu,44,2,0.8096,0.9326,1.4115,0.706,1.209,1.831,0.737,ptx,msa_template
4nuu,44,3,0.8095,0.9325,0.6603,0.704,1.241,1.659,0.684,ptx,msa_template
4nuu,44,4,0.8091,0.932,1.2165,0.697,1.473,1.799,0.711,ptx,msa_template
4nxr,42,0,0.8968,0.9246,0.7849,0.939,0.738,0.494,0.923,ptx,msa_template
4nxr,42,1,0.8969,0.9247,0.7931,0.928,0.769,0.71,0.974,ptx,msa_template
4nxr,42,2,0.8968,0.9246,0.6855,0.927,0.854,0.584,0.923,ptx,msa_template
4nxr,42,3,0.8967,0.9243,0.7183,0.925,0.751,0.61,0.923,ptx,msa_template
4nxr,42,4,0.8967,0.9241,0.8659,0.924,0.815,0.676,0.949,ptx,msa_template
4nxr,43,0,0.8875,0.917,0.755,0.944,0.596,0.459,0.923,ptx,msa_template
4nxr,43,1,0.8873,0.9167,0.8275,0.946,0.793,0.43,0.923,ptx,msa_template
4nxr,43,2,0.8875,0.9166,0.8412,0.942,0.73,0.543,0.949,ptx,msa_template
4nxr,43,3,0.8873,0.9166,0.6911,0.938,0.765,0.433,0.897,ptx,msa_template
4nxr,43,4,0.8874,0.916,0.9576,0.933,0.827,0.539,0.923,ptx,msa_template
4nxr,44,0,0.8975,0.9239,0.8119,0.942,0.719,0.474,0.923,ptx,msa_template
4nxr,44,1,0.8973,0.9235,0.6459,0.942,0.778,0.604,0.974,ptx,msa_template
4nxr,44,2,0.8974,0.9234,0.8864,0.928,0.741,0.583,0.923,ptx,msa_template
4nxr,44,3,0.8974,0.9232,0.7092,0.93,0.748,0.565,0.923,ptx,msa_template
4nxr,44,4,0.8972,0.9231,0.8173,0.941,0.723,0.483,0.923,ptx,msa_template
4ny3,42,0,0.8844,0.9675,2.2146,0.736,2.522,1.464,0.778,ptx,msa_template
4ny3,42,1,0.8834,0.9672,2.2506,0.824,2.025,1.273,0.944,ptx,msa_template
4ny3,42,2,0.8831,0.9671,2.2976,0.789,2.334,1.361,0.889,ptx,msa_template
4ny3,42,3,0.881,0.9666,1.4701,0.741,2.403,1.439,0.778,ptx,msa_template
4ny3,42,4,0.876,0.9651,1.3605,0.85,1.535,1.129,0.944,ptx,msa_template
4ny3,43,0,0.8847,0.9683,2.2363,0.769,2.208,1.397,0.833,ptx,msa_template
4ny3,43,1,0.884,0.9681,2.4998,0.813,2.103,1.204,0.889,ptx,msa_template
4ny3,43,2,0.8836,0.968,2.1559,0.788,2.345,1.367,0.889,ptx,msa_template
4ny3,43,3,0.8829,0.9675,2.0827,0.792,2.203,1.209,0.833,ptx,msa_template
4ny3,43,4,0.8811,0.9669,2.0878,0.827,2.038,1.247,0.944,ptx,msa_template
4ny3,44,0,0.8832,0.9672,2.1127,0.799,2.161,1.305,0.889,ptx,msa_template
4ny3,44,1,0.8838,0.9672,2.4501,0.836,2.303,1.144,0.944,ptx,msa_template
4ny3,44,2,0.883,0.967,2.3006,0.833,2.048,1.2,0.944,ptx,msa_template
4ny3,44,3,0.8824,0.9667,2.0779,0.837,2.015,1.178,0.944,ptx,msa_template
4ny3,44,4,0.8799,0.9662,1.4313,0.824,2.25,1.241,0.944,ptx,msa_template
4odk,42,0,0.6907,0.8346,11.3716,0.244,11.921,3.778,0.258,ptx,msa_template
4odk,42,1,0.6895,0.8309,11.3634,0.257,11.555,3.865,0.29,ptx,msa_template
4odk,42,2,0.6892,0.8307,11.6397,0.258,10.275,3.711,0.226,ptx,msa_template
4odk,42,3,0.6928,0.8302,10.7625,0.243,11.177,3.788,0.226,ptx,msa_template
4odk,42,4,0.6913,0.8299,10.5874,0.261,10.579,3.827,0.258,ptx,msa_template
4odk,43,0,0.6215,0.7349,11.4351,0.259,11.355,3.456,0.258,ptx,msa_template
4odk,43,1,0.6079,0.7315,15.7626,0.245,11.544,3.469,0.226,ptx,msa_template
4odk,43,2,0.6032,0.7313,15.863,0.219,16.191,6.247,0.387,ptx,msa_template
4odk,43,3,0.6184,0.7234,1.328,0.785,2.068,1.13,0.774,ptx,msa_template
4odk,43,4,0.6146,0.7179,1.8377,0.725,3.052,1.28,0.71,ptx,msa_template
4odk,44,0,0.6406,0.777,10.3774,0.255,11.032,3.797,0.258,ptx,msa_template
4odk,44,1,0.6377,0.7757,11.7456,0.252,11.316,3.781,0.258,ptx,msa_template
4odk,44,2,0.6404,0.7674,2.2257,0.255,10.302,3.829,0.226,ptx,msa_template
4odk,44,3,0.6419,0.7647,1.5841,0.28,10.03,3.836,0.29,ptx,msa_template
4odk,44,4,0.6399,0.7648,2.2201,0.255,10.44,3.721,0.226,ptx,msa_template
4ouc,42,0,0.5795,0.7584,3.5719,0.838,2.834,0.849,0.857,ptx,msa_template
4ouc,42,1,0.5796,0.7541,3.8295,0.861,2.562,0.796,0.886,ptx,msa_template
4ouc,42,2,0.5772,0.7534,3.1504,0.796,3.134,0.967,0.8,ptx,msa_template
4ouc,42,3,0.5771,0.7528,2.7952,0.753,3.709,1.11,0.771,ptx,msa_template
4ouc,42,4,0.5772,0.7516,3.3,0.79,3.208,0.993,0.8,ptx,msa_template
4ouc,43,0,0.5825,0.7531,2.8976,0.814,3.195,0.962,0.857,ptx,msa_template
4ouc,43,1,0.5817,0.7495,3.4531,0.854,2.768,0.817,0.886,ptx,msa_template
4ouc,43,2,0.5788,0.7492,3.0648,0.814,3.2,0.963,0.857,ptx,msa_template
4ouc,43,3,0.5795,0.7481,3.8363,0.828,3.156,0.936,0.886,ptx,msa_template
4ouc,43,4,0.5757,0.7416,4.0514,0.805,3.495,1.043,0.886,ptx,msa_template
4ouc,44,0,0.5886,0.7629,3.7352,0.591,4.945,1.462,0.514,ptx,msa_template
4ouc,44,1,0.5825,0.7598,2.5424,0.856,2.584,0.759,0.857,ptx,msa_template
4ouc,44,2,0.5826,0.7567,4.2235,0.779,3.627,1.071,0.829,ptx,msa_template
4ouc,44,3,0.5813,0.7566,4.161,0.771,3.47,1.019,0.771,ptx,msa_template
4ouc,44,4,0.5841,0.7554,4.154,0.786,3.869,1.115,0.886,ptx,msa_template
4oyk,42,0,0.926,0.9617,0.9724,0.948,0.901,0.412,0.925,ptx,msa_template
4oyk,42,1,0.926,0.9617,0.9033,0.936,1.059,0.507,0.925,ptx,msa_template
4oyk,42,2,0.9258,0.9617,1.0962,0.94,1.061,0.47,0.925,ptx,msa_template
4oyk,42,3,0.9258,0.9617,1.1073,0.949,0.857,0.406,0.925,ptx,msa_template
4oyk,42,4,0.9259,0.9615,1.1076,0.949,0.861,0.402,0.925,ptx,msa_template
4oyk,43,0,0.9267,0.9603,0.9056,0.959,0.795,0.397,0.95,ptx,msa_template
4oyk,43,1,0.9267,0.9603,0.9781,0.947,0.876,0.418,0.925,ptx,msa_template
4oyk,43,2,0.9269,0.9602,0.8612,0.956,0.898,0.412,0.95,ptx,msa_template
4oyk,43,3,0.9264,0.9601,0.8687,0.946,0.938,0.424,0.925,ptx,msa_template
4oyk,43,4,0.9264,0.96,0.7801,0.953,0.77,0.372,0.925,ptx,msa_template
4oyk,44,0,0.9305,0.9644,0.9185,0.951,0.973,0.453,0.95,ptx,msa_template
4oyk,44,1,0.9305,0.9644,0.8767,0.94,1.149,0.462,0.925,ptx,msa_template
4oyk,44,2,0.9305,0.9643,0.8582,0.954,0.904,0.43,0.95,ptx,msa_template
4oyk,44,3,0.9304,0.9642,0.9212,0.942,1.104,0.45,0.925,ptx,msa_template
4oyk,44,4,0.9304,0.9641,1.0962,0.938,1.069,0.489,0.925,ptx,msa_template
4pd1,42,0,0.8668,0.969,1.2718,0.929,1.447,0.445,0.896,ptx,msa_template
4pd1,42,1,0.8669,0.969,1.1588,0.939,1.321,0.432,0.917,ptx,msa_template
4pd1,42,2,0.8666,0.9689,1.2365,0.935,1.398,0.46,0.917,ptx,msa_template
4pd1,42,3,0.8667,0.9689,1.3738,0.934,0.979,0.445,0.896,ptx,msa_template
4pd1,42,4,0.8672,0.9688,1.2782,0.93,1.166,0.467,0.896,ptx,msa_template
4pd1,43,0,0.8661,0.9687,1.3302,0.94,0.894,0.4,0.896,ptx,msa_template
4pd1,43,1,0.8659,0.9682,1.1224,0.943,1.185,0.405,0.917,ptx,msa_template
4pd1,43,2,0.8656,0.9682,0.9827,0.935,1.011,0.435,0.896,ptx,msa_template
4pd1,43,3,0.8657,0.968,1.3278,0.939,1.071,0.455,0.917,ptx,msa_template
4pd1,43,4,0.865,0.968,1.0265,0.936,1.117,0.474,0.917,ptx,msa_template
4pd1,44,0,0.8813,0.9752,0.9541,0.942,1.093,0.429,0.917,ptx,msa_template
4pd1,44,1,0.8812,0.9751,0.9968,0.945,1.094,0.399,0.917,ptx,msa_template
4pd1,44,2,0.8809,0.9749,0.9929,0.937,1.096,0.467,0.917,ptx,msa_template
4pd1,44,3,0.881,0.9748,1.0028,0.945,0.922,0.409,0.917,ptx,msa_template
4pd1,44,4,0.8811,0.9748,1.0642,0.942,1.008,0.436,0.917,ptx,msa_template
4pge,42,0,0.9285,0.9667,1.1051,0.98,0.954,0.338,1.0,ptx,msa_template
4pge,42,1,0.9283,0.9666,0.9144,0.981,0.882,0.333,1.0,ptx,msa_template
4pge,42,2,0.9284,0.9666,1.2273,0.975,0.973,0.329,0.983,ptx,msa_template
4pge,42,3,0.9283,0.9667,0.8606,0.966,0.804,0.317,0.949,ptx,msa_template
4pge,42,4,0.9283,0.9666,0.9607,0.977,0.81,0.317,0.983,ptx,msa_template
4pge,43,0,0.9169,0.9612,0.8517,0.977,0.849,0.317,0.983,ptx,msa_template
4pge,43,1,0.9167,0.9612,0.8733,0.969,0.92,0.335,0.966,ptx,msa_template
4pge,43,2,0.9168,0.9612,0.8084,0.977,0.85,0.315,0.983,ptx,msa_template
4pge,43,3,0.9168,0.9612,0.7745,0.966,0.684,0.323,0.949,ptx,msa_template
4pge,43,4,0.9166,0.9611,0.7741,0.974,0.985,0.34,0.983,ptx,msa_template
4pge,44,0,0.927,0.9641,1.1504,0.979,0.929,0.286,0.983,ptx,msa_template
4pge,44,1,0.9269,0.9641,1.003,0.983,1.125,0.274,1.0,ptx,msa_template
4pge,44,2,0.9269,0.9641,0.7819,0.984,1.055,0.277,1.0,ptx,msa_template
4pge,44,3,0.9269,0.964,0.9705,0.974,1.143,0.317,0.983,ptx,msa_template
4pge,44,4,0.9268,0.9639,1.0138,0.981,1.268,0.284,1.0,ptx,msa_template
4qbr,42,0,0.9357,0.973,0.5281,0.957,0.552,0.567,1.0,ptx,msa_template
4qbr,42,1,0.9356,0.973,0.6669,0.95,0.637,0.617,1.0,ptx,msa_template
4qbr,42,2,0.9355,0.973,0.6735,0.946,0.516,0.587,0.975,ptx,msa_template
4qbr,42,3,0.9355,0.973,0.6854,0.932,0.753,0.619,0.95,ptx,msa_template
4qbr,42,4,0.9355,0.9729,0.6945,0.924,0.709,0.618,0.925,ptx,msa_template
4qbr,43,0,0.9367,0.9733,0.6669,0.939,0.706,0.57,0.95,ptx,msa_template
4qbr,43,1,0.9367,0.9733,0.6667,0.946,0.646,0.581,0.975,ptx,msa_template
4qbr,43,2,0.9366,0.9733,0.6472,0.938,0.772,0.576,0.95,ptx,msa_template
4qbr,43,3,0.9366,0.9733,0.6098,0.933,0.737,0.615,0.95,ptx,msa_template
4qbr,43,4,0.9365,0.9731,0.8057,0.929,0.877,0.637,0.95,ptx,msa_template
4qbr,44,0,0.9364,0.9733,0.5884,0.932,0.805,0.615,0.95,ptx,msa_template
4qbr,44,1,0.9363,0.9732,0.6679,0.941,0.745,0.617,0.975,ptx,msa_template
4qbr,44,2,0.9364,0.9732,0.7492,0.921,0.794,0.639,0.925,ptx,msa_template
4qbr,44,3,0.9364,0.9732,0.7098,0.926,0.771,0.605,0.925,ptx,msa_template
4qbr,44,4,0.9363,0.9731,0.8043,0.918,0.88,0.597,0.9,ptx,msa_template
4r5i,42,0,0.762,0.9092,1.882,0.889,1.173,0.695,0.864,ptx,msa_template
4r5i,42,1,0.7624,0.9078,1.227,0.888,1.152,0.707,0.864,ptx,msa_template
4r5i,42,2,0.7615,0.9074,1.5719,0.883,1.439,0.77,0.886,ptx,msa_template
4r5i,42,3,0.7588,0.9065,1.3718,0.852,1.488,0.823,0.818,ptx,msa_template
4r5i,42,4,0.7595,0.9057,1.6556,0.856,1.128,0.826,0.818,ptx,msa_template
4r5i,43,0,0.7263,0.8902,1.6034,0.866,1.539,0.826,0.864,ptx,msa_template
4r5i,43,1,0.7248,0.8894,1.6941,0.845,1.826,0.89,0.841,ptx,msa_template
4r5i,43,2,0.7242,0.8892,1.3886,0.868,1.451,0.877,0.886,ptx,msa_template
4r5i,43,3,0.7232,0.8879,1.3573,0.875,1.321,0.787,0.864,ptx,msa_template
4r5i,43,4,0.7221,0.8861,2.1145,0.868,1.462,0.771,0.841,ptx,msa_template
4r5i,44,0,0.7268,0.8849,1.4281,0.871,1.501,0.8,0.864,ptx,msa_template
4r5i,44,1,0.7276,0.8848,1.3654,0.869,1.323,0.823,0.864,ptx,msa_template
4r5i,44,2,0.7266,0.8845,2.1537,0.838,1.434,0.877,0.795,ptx,msa_template
4r5i,44,3,0.7262,0.8839,1.8586,0.694,2.895,1.123,0.545,ptx,msa_template
4r5i,44,4,0.7255,0.8822,1.7176,0.676,2.497,1.515,0.614,ptx,msa_template
4txr,42,0,0.9062,0.9477,1.0,0.743,3.261,1.42,0.829,ptx,msa_template
4txr,42,1,0.9053,0.947,1.1676,0.76,2.974,1.331,0.829,ptx,msa_template
4txr,42,2,0.9053,0.9468,0.9819,0.738,3.143,1.411,0.805,ptx,msa_template
4txr,42,3,0.9012,0.9464,3.2988,0.739,3.277,1.452,0.829,ptx,msa_template
4txr,42,4,0.9013,0.9462,3.1914,0.746,3.044,1.368,0.805,ptx,msa_template
4txr,43,0,0.9062,0.9479,0.8716,0.739,3.32,1.444,0.829,ptx,msa_template
4txr,43,1,0.9015,0.9476,3.6239,0.929,1.001,0.503,0.902,ptx,msa_template
4txr,43,2,0.9018,0.947,3.3661,0.925,1.117,0.526,0.902,ptx,msa_template
4txr,43,3,0.9058,0.947,0.8109,0.738,3.317,1.449,0.829,ptx,msa_template
4txr,43,4,0.9064,0.9468,0.8403,0.753,2.921,1.329,0.805,ptx,msa_template
4txr,44,0,0.9067,0.948,1.3323,0.912,1.393,0.605,0.902,ptx,msa_template
4txr,44,1,0.9009,0.9477,3.1326,0.946,0.882,0.435,0.927,ptx,msa_template
4txr,44,2,0.9054,0.9475,1.0212,0.905,1.05,0.497,0.829,ptx,msa_template
4txr,44,3,0.9055,0.9469,0.6435,0.924,1.107,0.535,0.902,ptx,msa_template
4txr,44,4,0.901,0.9465,3.6462,0.942,0.938,0.468,0.927,ptx,msa_template
4u0c,42,0,0.6869,0.7576,10.2553,0.35,13.409,3.151,0.579,ptx,msa_template
4u0c,42,1,0.6754,0.7552,14.2916,0.268,13.396,2.981,0.316,ptx,msa_template
4u0c,42,2,0.6833,0.7528,11.0355,0.372,15.275,3.034,0.684,ptx,msa_template
4u0c,42,3,0.6646,0.7519,12.2242,0.149,12.623,3.791,0.0,ptx,msa_template
4u0c,42,4,0.6881,0.7428,8.9727,0.169,12.715,3.65,0.053,ptx,msa_template
4u0c,43,0,0.6499,0.7179,11.0936,0.363,14.628,2.952,0.632,ptx,msa_template
4u0c,43,1,0.6429,0.715,11.8767,0.357,15.317,2.956,0.632,ptx,msa_template
4u0c,43,2,0.6429,0.7148,12.1654,0.362,14.803,2.937,0.632,ptx,msa_template
4u0c,43,3,0.6414,0.7135,11.4123,0.395,14.901,2.977,0.737,ptx,msa_template
4u0c,43,4,0.6435,0.7067,10.0691,0.238,11.535,2.954,0.158,ptx,msa_template
4u0c,44,0,0.694,0.7655,14.4506,0.362,12.624,3.06,0.579,ptx,msa_template
4u0c,44,1,0.6931,0.7642,13.8874,0.27,14.85,3.045,0.368,ptx,msa_template
4u0c,44,2,0.6922,0.7624,13.3252,0.256,11.758,2.865,0.211,ptx,msa_template
4u0c,44,3,0.6909,0.7618,14.0272,0.357,14.973,3.042,0.632,ptx,msa_template
4u0c,44,4,0.6961,0.7597,10.5331,0.3,10.561,2.641,0.263,ptx,msa_template
4uqy,42,0,0.7299,0.8424,1.7631,0.881,1.829,0.664,0.852,ptx,msa_template
4uqy,42,1,0.7292,0.8424,2.0091,0.865,1.847,0.694,0.815,ptx,msa_template
4uqy,42,2,0.729,0.842,1.72,0.901,1.463,0.556,0.852,ptx,msa_template
4uqy,42,3,0.728,0.8412,1.3694,0.878,1.682,0.658,0.833,ptx,msa_template
4uqy,42,4,0.7279,0.8406,1.0936,0.877,1.62,0.629,0.815,ptx,msa_template
4uqy,43,0,0.7343,0.8525,1.6892,0.858,1.825,0.7,0.796,ptx,msa_template
4uqy,43,1,0.7351,0.8521,1.5383,0.872,2.004,0.757,0.87,ptx,msa_template
4uqy,43,2,0.7344,0.8521,1.412,0.906,1.473,0.564,0.87,ptx,msa_template
4uqy,43,3,0.7341,0.8518,1.5608,0.873,1.615,0.609,0.796,ptx,msa_template
4uqy,43,4,0.733,0.8515,1.3391,0.904,1.323,0.541,0.852,ptx,msa_template
4uqy,44,0,0.7366,0.853,1.6548,0.853,2.093,0.787,0.833,ptx,msa_template
4uqy,44,1,0.737,0.853,1.3328,0.858,1.846,0.696,0.796,ptx,msa_template
4uqy,44,2,0.7362,0.8529,1.488,0.916,1.367,0.544,0.889,ptx,msa_template
4uqy,44,3,0.7342,0.8519,1.6966,0.88,1.727,0.643,0.833,ptx,msa_template
4uqy,44,4,0.7347,0.851,1.1234,0.892,1.581,0.611,0.852,ptx,msa_template
4x2h,42,0,0.7762,0.8997,5.6197,0.486,4.648,8.631,0.658,ptx,msa_template
4x2h,42,1,0.7774,0.8982,5.4219,0.473,4.8,8.608,0.632,ptx,msa_template
4x2h,42,2,0.7766,0.8977,5.2592,0.478,4.944,8.69,0.658,ptx,msa_template
4x2h,42,3,0.7767,0.8968,4.8305,0.463,5.178,8.662,0.632,ptx,msa_template
4x2h,42,4,0.7741,0.8954,4.9803,0.495,4.636,8.562,0.684,ptx,msa_template
4x2h,43,0,0.7329,0.845,5.65,0.491,4.796,8.573,0.684,ptx,msa_template
4x2h,43,1,0.7328,0.8444,5.3305,0.472,4.853,8.692,0.632,ptx,msa_template
4x2h,43,2,0.7315,0.8424,3.9656,0.477,4.993,8.641,0.658,ptx,msa_template
4x2h,43,3,0.733,0.8419,3.3237,0.524,3.808,8.528,0.711,ptx,msa_template
4x2h,43,4,0.7257,0.8291,5.2605,0.538,3.983,8.449,0.763,ptx,msa_template
4x2h,44,0,0.7624,0.8827,5.5595,0.592,4.649,8.362,0.974,ptx,msa_template
4x2h,44,1,0.7617,0.8806,5.0881,0.601,4.62,8.357,1.0,ptx,msa_template
4x2h,44,2,0.7622,0.879,4.9597,0.609,4.296,8.361,1.0,ptx,msa_template
4x2h,44,3,0.7592,0.8766,4.995,0.598,4.409,8.353,0.974,ptx,msa_template
4x2h,44,4,0.7575,0.8734,5.1031,0.604,4.52,8.331,1.0,ptx,msa_template
4x3o,42,0,0.9276,0.9825,0.9123,0.935,0.825,0.633,0.967,ptx,msa_template
4x3o,42,1,0.9272,0.9824,0.7321,0.942,0.946,0.661,1.0,ptx,msa_template
4x3o,42,2,0.9277,0.9824,0.8881,0.849,1.198,1.229,0.967,ptx,msa_template
4x3o,42,3,0.9275,0.9824,0.9583,0.851,1.181,1.214,0.967,ptx,msa_template
4x3o,42,4,0.9273,0.9823,0.764,0.826,1.298,1.404,0.967,ptx,msa_template
4x3o,43,0,0.9282,0.9826,0.6739,0.956,0.766,0.476,0.967,ptx,msa_template
4x3o,43,1,0.9287,0.9826,0.7973,0.966,0.828,0.476,1.0,ptx,msa_template
4x3o,43,2,0.9287,0.9826,0.6963,0.961,0.988,0.512,1.0,ptx,msa_template
4x3o,43,3,0.9285,0.9826,0.773,0.967,0.762,0.479,1.0,ptx,msa_template
4x3o,43,4,0.9283,0.9825,0.6889,0.957,0.999,0.543,1.0,ptx,msa_template
4x3o,44,0,0.9285,0.9823,0.7335,0.948,0.898,0.618,1.0,ptx,msa_template
4x3o,44,1,0.9286,0.9823,0.8231,0.962,0.786,0.511,1.0,ptx,msa_template
4x3o,44,2,0.9287,0.9823,0.7325,0.968,0.84,0.463,1.0,ptx,msa_template
4x3o,44,3,0.9288,0.9823,0.9393,0.954,0.935,0.571,1.0,ptx,msa_template
4x3o,44,4,0.9286,0.9823,0.7235,0.961,1.059,0.504,1.0,ptx,msa_template
4xc2,42,0,0.8623,0.9145,1.0698,0.962,0.969,0.441,0.98,ptx,msa_template
4xc2,42,1,0.8621,0.9143,0.9427,0.956,0.938,0.443,0.959,ptx,msa_template
4xc2,42,2,0.8615,0.9127,1.1228,0.948,1.015,0.443,0.939,ptx,msa_template
4xc2,42,3,0.8611,0.9122,1.0928,0.959,0.885,0.419,0.959,ptx,msa_template
4xc2,42,4,0.8609,0.9118,1.2167,0.892,1.51,0.634,0.857,ptx,msa_template
4xc2,43,0,0.8614,0.9138,0.998,0.959,0.919,0.409,0.959,ptx,msa_template
4xc2,43,1,0.8611,0.9136,1.127,0.948,0.916,0.45,0.939,ptx,msa_template
4xc2,43,2,0.8608,0.9134,0.9814,0.96,0.906,0.407,0.959,ptx,msa_template
4xc2,43,3,0.8605,0.9126,1.1625,0.956,1.007,0.434,0.959,ptx,msa_template
4xc2,43,4,0.8596,0.9111,1.0805,0.945,1.042,0.47,0.939,ptx,msa_template
4xc2,44,0,0.8596,0.9129,1.0231,0.963,0.97,0.434,0.98,ptx,msa_template
4xc2,44,1,0.8597,0.9125,0.6969,0.968,0.832,0.403,0.98,ptx,msa_template
4xc2,44,2,0.8595,0.9125,0.7791,0.949,1.019,0.494,0.959,ptx,msa_template
4xc2,44,3,0.8594,0.9124,0.8679,0.949,0.905,0.447,0.939,ptx,msa_template
4xc2,44,4,0.8588,0.9117,0.9179,0.957,0.888,0.431,0.959,ptx,msa_template
4xek,42,0,0.8463,0.8631,3.1369,0.957,0.666,0.399,0.944,ptx,msa_template
4xek,42,1,0.8463,0.863,3.2196,0.777,2.74,1.316,0.861,ptx,msa_template
4xek,42,2,0.8463,0.8628,3.0769,0.722,3.522,1.649,0.861,ptx,msa_template
4xek,42,3,0.8464,0.8626,2.9061,0.745,3.202,1.508,0.861,ptx,msa_template
4xek,42,4,0.8456,0.8622,3.2632,0.767,2.877,1.375,0.861,ptx,msa_template
4xek,43,0,0.9038,0.9372,0.8093,0.957,0.67,0.398,0.944,ptx,msa_template
4xek,43,1,0.9036,0.9369,0.8772,0.756,3.014,1.444,0.861,ptx,msa_template
4xek,43,2,0.9033,0.9367,0.704,0.75,3.146,1.476,0.861,ptx,msa_template
4xek,43,3,0.8995,0.9353,3.2045,0.727,3.355,1.557,0.833,ptx,msa_template
4xek,43,4,0.8996,0.9351,2.9249,0.748,3.255,1.466,0.861,ptx,msa_template
4xek,44,0,0.8494,0.8701,3.3699,0.759,2.998,1.423,0.861,ptx,msa_template
4xek,44,1,0.8499,0.8698,3.201,0.769,3.013,1.415,0.889,ptx,msa_template
4xek,44,2,0.8495,0.8689,3.0447,0.77,2.87,1.355,0.861,ptx,msa_template
4xek,44,3,0.8491,0.8682,3.0398,0.748,3.139,1.489,0.861,ptx,msa_template
4xek,44,4,0.8486,0.8678,2.9803,0.737,3.265,1.484,0.833,ptx,msa_template
4yje,42,0,0.92,0.9786,1.8192,0.883,1.679,0.68,0.857,ptx,msa_template
4yje,42,1,0.9171,0.9783,2.6355,0.893,1.602,0.715,0.898,ptx,msa_template
4yje,42,2,0.9174,0.9783,2.4815,0.871,1.748,0.714,0.837,ptx,msa_template
4yje,42,3,0.9182,0.9783,1.5427,0.833,2.45,0.893,0.837,ptx,msa_template
4yje,42,4,0.9189,0.9782,2.4558,0.888,1.659,0.646,0.857,ptx,msa_template
4yje,43,0,0.9136,0.9783,1.4369,0.876,1.664,0.632,0.816,ptx,msa_template
4yje,43,1,0.9134,0.9779,1.7279,0.895,1.526,0.607,0.857,ptx,msa_template
4yje,43,2,0.9127,0.9775,1.8135,0.864,1.786,0.706,0.816,ptx,msa_template
4yje,43,3,0.9118,0.9775,1.7661,0.883,1.681,0.628,0.837,ptx,msa_template
4yje,43,4,0.913,0.9774,1.9482,0.913,1.376,0.539,0.878,ptx,msa_template
4yje,44,0,0.9127,0.9774,1.6346,0.901,1.634,0.605,0.878,ptx,msa_template
4yje,44,1,0.9134,0.9771,1.6996,0.881,1.582,0.655,0.837,ptx,msa_template
4yje,44,2,0.9124,0.977,1.6008,0.876,1.79,0.718,0.857,ptx,msa_template
4yje,44,3,0.9112,0.9768,1.377,0.827,2.53,0.877,0.816,ptx,msa_template
4yje,44,4,0.9117,0.9766,1.7465,0.876,1.65,0.686,0.837,ptx,msa_template
4z2o,42,0,0.6806,0.7522,10.176,0.906,1.203,0.578,0.867,ptx,msa_template
4z2o,42,1,0.6791,0.7519,2.3808,0.89,1.605,0.658,0.867,ptx,msa_template
4z2o,42,2,0.6774,0.7469,3.2986,0.924,1.054,0.508,0.889,ptx,msa_template
4z2o,42,3,0.6785,0.7361,9.3993,0.837,1.796,0.803,0.778,ptx,msa_template
4z2o,42,4,0.6755,0.7266,10.7698,0.604,4.535,1.797,0.622,ptx,msa_template
4z2o,43,0,0.6759,0.7235,8.2269,0.425,7.887,2.973,0.533,ptx,msa_template
4z2o,43,1,0.6777,0.7218,8.1963,0.388,8.093,3.278,0.467,ptx,msa_template
4z2o,43,2,0.6733,0.7207,6.985,0.457,7.142,2.739,0.556,ptx,msa_template
4z2o,43,3,0.6767,0.7184,9.0959,0.492,6.488,2.496,0.578,ptx,msa_template
4z2o,43,4,0.6754,0.7105,10.7209,0.559,5.232,2.032,0.6,ptx,msa_template
4z2o,44,0,0.6899,0.7653,10.5572,0.319,9.84,3.888,0.4,ptx,msa_template
4z2o,44,1,0.6856,0.7553,10.757,0.772,2.353,0.983,0.689,ptx,msa_template
4z2o,44,2,0.6815,0.753,9.2449,0.523,6.109,2.354,0.622,ptx,msa_template
4z2o,44,3,0.6809,0.7499,10.4989,0.438,8.192,3.264,0.622,ptx,msa_template
4z2o,44,4,0.6749,0.7442,9.8025,0.374,9.68,3.84,0.556,ptx,msa_template
4zoz,42,0,0.9166,0.9806,0.8634,0.95,0.854,0.294,0.898,ptx,msa_template
4zoz,42,1,0.9174,0.9806,0.7674,0.964,0.826,0.293,0.939,ptx,msa_template
4zoz,42,2,0.9174,0.9806,0.7862,0.959,0.812,0.275,0.918,ptx,msa_template
4zoz,42,3,0.9172,0.9805,0.7917,0.966,0.786,0.28,0.939,ptx,msa_template
4zoz,42,4,0.9168,0.9804,0.7407,0.96,0.744,0.267,0.918,ptx,msa_template
4zoz,43,0,0.9224,0.9791,2.2036,0.941,1.113,0.438,0.918,ptx,msa_template
4zoz,43,1,0.9184,0.9782,1.096,0.928,1.004,0.376,0.857,ptx,msa_template
4zoz,43,2,0.918,0.9781,0.7809,0.954,0.781,0.336,0.918,ptx,msa_template
4zoz,43,3,0.918,0.9781,0.8922,0.937,0.681,0.305,0.857,ptx,msa_template
4zoz,43,4,0.9176,0.978,0.7818,0.957,0.629,0.309,0.918,ptx,msa_template
4zoz,44,0,0.9182,0.9811,1.3264,0.922,1.616,0.55,0.918,ptx,msa_template
4zoz,44,1,0.9173,0.9806,0.8081,0.947,0.806,0.342,0.898,ptx,msa_template
4zoz,44,2,0.9164,0.9805,0.9135,0.945,0.799,0.356,0.898,ptx,msa_template
4zoz,44,3,0.9164,0.9804,1.5739,0.931,1.241,0.453,0.898,ptx,msa_template
4zoz,44,4,0.9163,0.9802,0.629,0.946,0.722,0.355,0.898,ptx,msa_template
5bs2,42,0,0.6486,0.685,2.7568,0.718,2.199,1.404,0.684,ptx,msa_template
5bs2,42,1,0.6476,0.6826,3.4869,0.795,2.416,1.052,0.789,ptx,msa_template
5bs2,42,2,0.6445,0.6811,2.685,0.714,2.621,1.37,0.684,ptx,msa_template
5bs2,42,3,0.6436,0.6795,2.7501,0.671,3.896,1.66,0.737,ptx,msa_template
5bs2,42,4,0.6443,0.6785,3.0345,0.583,4.556,1.862,0.579,ptx,msa_template
5bs2,43,0,0.651,0.691,2.3806,0.737,1.482,1.206,0.632,ptx,msa_template
5bs2,43,1,0.6484,0.6823,2.0831,0.797,1.634,1.008,0.737,ptx,msa_template
5bs2,43,2,0.6494,0.681,1.897,0.645,4.058,1.708,0.684,ptx,msa_template
5bs2,43,3,0.6472,0.6759,2.5412,0.643,3.953,1.751,0.684,ptx,msa_template
5bs2,43,4,0.6478,0.6729,1.8227,0.787,2.224,1.013,0.737,ptx,msa_template
5bs2,44,0,0.6682,0.7134,3.0505,0.722,3.062,1.523,0.789,ptx,msa_template
5bs2,44,1,0.6674,0.7096,2.9725,0.736,2.985,1.42,0.789,ptx,msa_template
5bs2,44,2,0.6634,0.708,3.2482,0.785,2.216,1.286,0.842,ptx,msa_template
5bs2,44,3,0.6632,0.7037,2.1834,0.772,2.285,1.24,0.789,ptx,msa_template
5bs2,44,4,0.6625,0.7027,1.9356,0.73,2.758,1.365,0.737,ptx,msa_template
5crw,42,0,0.8424,0.9494,6.0456,0.793,4.186,1.032,0.897,ptx,msa_template
5crw,42,1,0.8494,0.9503,3.6516,0.664,8.989,1.082,0.862,ptx,msa_template
5crw,42,2,0.8426,0.9494,6.0971,0.782,3.541,1.062,0.828,ptx,msa_template
5crw,42,3,0.8445,0.9496,5.2973,0.707,6.642,1.047,0.828,ptx,msa_template
5crw,42,4,0.8504,0.9507,6.5879,0.759,4.547,1.048,0.828,ptx,msa_template
5crw,43,0,0.679,0.8388,14.2284,0.639,10.462,1.002,0.828,ptx,msa_template
5crw,43,1,0.6697,0.8347,11.6133,0.745,5.053,1.055,0.828,ptx,msa_template
5crw,43,2,0.6739,0.8334,9.0925,0.776,3.982,1.031,0.828,ptx,msa_template
5crw,43,3,0.655,0.8282,1.9903,0.736,4.932,1.057,0.793,ptx,msa_template
5crw,43,4,0.6553,0.8245,2.3161,0.774,4.415,1.047,0.862,ptx,msa_template
5crw,44,0,0.85,0.9529,3.9833,0.237,11.443,5.081,0.276,ptx,msa_template
5crw,44,1,0.8477,0.9524,5.0495,0.253,11.451,4.66,0.31,ptx,msa_template
5crw,44,2,0.8463,0.9523,5.6197,0.5,6.427,2.652,0.621,ptx,msa_template
5crw,44,3,0.8505,0.9529,4.2225,0.457,7.821,2.637,0.586,ptx,msa_template
5crw,44,4,0.8392,0.9513,7.1477,0.461,12.118,1.845,0.655,ptx,msa_template
5d94,42,0,0.9291,0.9486,0.5862,0.931,0.544,0.435,0.875,ptx,msa_template
5d94,42,1,0.9289,0.9486,0.403,0.922,0.674,0.45,0.854,ptx,msa_template
5d94,42,2,0.9286,0.9484,0.705,0.918,0.534,0.428,0.833,ptx,msa_template
5d94,42,3,0.9286,0.9483,0.5617,0.945,0.658,0.434,0.917,ptx,msa_template
5d94,42,4,0.9281,0.9478,0.692,0.937,0.557,0.446,0.896,ptx,msa_template
5d94,43,0,0.929,0.9489,0.7167,0.898,1.039,0.569,0.833,ptx,msa_template
5d94,43,1,0.9285,0.9487,0.5255,0.937,0.616,0.442,0.896,ptx,msa_template
5d94,43,2,0.9285,0.9487,0.5467,0.942,0.578,0.463,0.917,ptx,msa_template
5d94,43,3,0.9285,0.9486,0.577,0.914,0.655,0.458,0.833,ptx,msa_template
5d94,43,4,0.9276,0.9476,0.568,0.924,0.471,0.441,0.854,ptx,msa_template
5d94,44,0,0.9292,0.9494,0.5372,0.938,0.53,0.439,0.896,ptx,msa_template
5d94,44,1,0.9288,0.9493,0.5261,0.942,0.591,0.457,0.917,ptx,msa_template
5d94,44,2,0.9287,0.949,0.6674,0.919,0.786,0.471,0.854,ptx,msa_template
5d94,44,3,0.9284,0.9486,0.674,0.922,0.687,0.445,0.854,ptx,msa_template
5d94,44,4,0.9283,0.9484,0.6132,0.925,0.629,0.486,0.875,ptx,msa_template
5dai,42,0,0.924,0.9788,1.0414,0.941,0.852,0.675,1.0,ptx,msa_template
5dai,42,1,0.9238,0.9788,0.7543,0.923,0.942,0.686,0.953,ptx,msa_template
5dai,42,2,0.9239,0.9788,0.8879,0.943,0.889,0.655,1.0,ptx,msa_template
5dai,42,3,0.9238,0.9787,0.8788,0.928,0.964,0.703,0.977,ptx,msa_template
5dai,42,4,0.9235,0.9785,0.6505,0.941,0.779,0.622,0.977,ptx,msa_template
5dai,43,0,0.9286,0.98,1.0865,0.942,0.827,0.667,1.0,ptx,msa_template
5dai,43,1,0.9287,0.98,0.9087,0.942,0.914,0.658,1.0,ptx,msa_template
5dai,43,2,0.9287,0.98,0.9461,0.936,0.674,0.661,0.977,ptx,msa_template
5dai,43,3,0.9286,0.9799,0.7841,0.938,0.589,0.651,0.977,ptx,msa_template
5dai,43,4,0.9286,0.98,0.7558,0.956,0.684,0.572,1.0,ptx,msa_template
5dai,44,0,0.9241,0.9788,0.8387,0.94,0.865,0.681,1.0,ptx,msa_template
5dai,44,1,0.9239,0.9787,0.7018,0.936,1.152,0.634,0.977,ptx,msa_template
5dai,44,2,0.9238,0.9787,0.7665,0.947,0.802,0.633,1.0,ptx,msa_template
5dai,44,3,0.924,0.9787,0.843,0.952,0.771,0.591,1.0,ptx,msa_template
5dai,44,4,0.9238,0.9787,0.9734,0.947,0.772,0.635,1.0,ptx,msa_template
5di8,42,0,0.9678,0.9771,0.7806,0.97,0.665,0.455,1.0,ptx,msa_template
5di8,42,1,0.9679,0.9771,0.707,0.964,0.783,0.501,1.0,ptx,msa_template
5di8,42,2,0.9679,0.9771,0.7076,0.965,0.661,0.494,1.0,ptx,msa_template
5di8,42,3,0.9679,0.9771,0.7073,0.966,0.698,0.483,1.0,ptx,msa_template
5di8,42,4,0.9678,0.977,0.6388,0.969,0.688,0.465,1.0,ptx,msa_template
5di8,43,0,0.9694,0.9783,0.5824,0.965,0.75,0.489,1.0,ptx,msa_template
5di8,43,1,0.9694,0.9783,0.6719,0.974,0.553,0.419,1.0,ptx,msa_template
5di8,43,2,0.9693,0.9782,0.7336,0.972,0.648,0.436,1.0,ptx,msa_template
5di8,43,3,0.9694,0.9783,0.6794,0.973,0.622,0.427,1.0,ptx,msa_template
5di8,43,4,0.9691,0.9781,0.9202,0.971,0.608,0.451,1.0,ptx,msa_template
5di8,44,0,0.9688,0.9783,0.6332,0.975,0.603,0.415,1.0,ptx,msa_template
5di8,44,1,0.9688,0.9782,0.6203,0.969,0.65,0.465,1.0,ptx,msa_template
5di8,44,2,0.9688,0.9783,0.658,0.969,0.656,0.465,1.0,ptx,msa_template
5di8,44,3,0.9688,0.9783,0.6274,0.976,0.62,0.4,1.0,ptx,msa_template
5di8,44,4,0.9686,0.9781,0.6597,0.974,0.557,0.425,1.0,ptx,msa_template
5e33,42,0,0.7541,0.9553,1.7638,0.927,1.798,0.635,0.976,ptx,msa_template
5e33,42,1,0.7545,0.9552,1.9562,0.931,1.826,0.603,0.976,ptx,msa_template
5e33,42,2,0.7535,0.9551,1.8161,0.927,1.942,0.616,0.976,ptx,msa_template
5e33,42,3,0.7539,0.9551,1.9458,0.929,1.949,0.601,0.976,ptx,msa_template
5e33,42,4,0.7539,0.9549,1.9274,0.926,1.943,0.622,0.976,ptx,msa_template
5e33,43,0,0.7715,0.965,1.9761,0.926,2.055,0.612,0.976,ptx,msa_template
5e33,43,1,0.771,0.9649,1.7667,0.938,1.796,0.611,1.0,ptx,msa_template
5e33,43,2,0.7713,0.9648,2.0324,0.936,1.627,0.585,0.976,ptx,msa_template
5e33,43,3,0.7707,0.9648,1.6879,0.934,1.746,0.584,0.976,ptx,msa_template
5e33,43,4,0.7708,0.9647,1.9117,0.925,1.765,0.595,0.951,ptx,msa_template
5e33,44,0,0.7713,0.9637,1.9037,0.934,1.832,0.576,0.976,ptx,msa_template
5e33,44,1,0.7711,0.9636,1.909,0.929,1.996,0.594,0.976,ptx,msa_template
5e33,44,2,0.772,0.9635,2.1911,0.937,1.765,0.565,0.976,ptx,msa_template
5e33,44,3,0.7706,0.9635,1.7756,0.922,1.847,0.662,0.976,ptx,msa_template
5e33,44,4,0.7709,0.9632,1.848,0.932,1.768,0.6,0.976,ptx,msa_template
5efi,42,0,0.5779,0.6599,1.9349,0.792,2.478,1.145,0.824,ptx,msa_template
5efi,42,1,0.5757,0.658,1.6122,0.801,2.157,1.123,0.824,ptx,msa_template
5efi,42,2,0.5734,0.6571,1.6358,0.799,2.155,1.141,0.824,ptx,msa_template
5efi,42,3,0.5719,0.6556,1.4063,0.801,1.979,1.102,0.804,ptx,msa_template
5efi,42,4,0.5663,0.6546,2.9019,0.628,3.437,1.703,0.588,ptx,msa_template
5efi,43,0,0.5655,0.6441,2.2662,0.81,1.777,1.106,0.824,ptx,msa_template
5efi,43,1,0.5629,0.6415,1.2227,0.777,1.717,1.116,0.725,ptx,msa_template
5efi,43,2,0.5617,0.6411,1.5838,0.834,1.176,0.987,0.824,ptx,msa_template
5efi,43,3,0.5614,0.6391,1.7877,0.807,1.538,1.106,0.804,ptx,msa_template
5efi,43,4,0.5481,0.6382,12.9391,0.593,3.606,1.619,0.471,ptx,msa_template
5efi,44,0,0.5797,0.6714,1.6411,0.793,2.066,1.145,0.804,ptx,msa_template
5efi,44,1,0.5743,0.6699,1.6128,0.813,1.481,1.065,0.804,ptx,msa_template
5efi,44,2,0.5742,0.6695,1.9451,0.8,1.658,1.05,0.765,ptx,msa_template
5efi,44,3,0.5743,0.6674,1.5075,0.674,2.867,1.29,0.549,ptx,msa_template
5efi,44,4,0.5734,0.6664,1.6318,0.597,3.942,1.635,0.51,ptx,msa_template
5ei3,42,0,0.9237,0.9748,0.6706,0.97,0.516,0.284,0.949,ptx,msa_template
5ei3,42,1,0.9239,0.9748,0.5398,0.967,0.583,0.321,0.949,ptx,msa_template
5ei3,42,2,0.9237,0.9748,0.6785,0.966,0.526,0.335,0.949,ptx,msa_template
5ei3,42,3,0.9238,0.9748,0.5592,0.967,0.554,0.315,0.949,ptx,msa_template
5ei3,42,4,0.9237,0.9747,0.5785,0.969,0.457,0.297,0.949,ptx,msa_template
5ei3,43,0,0.9237,0.9749,0.573,0.972,0.635,0.359,0.974,ptx,msa_template
5ei3,43,1,0.9239,0.9749,0.6161,0.975,0.594,0.32,0.974,ptx,msa_template
5ei3,43,2,0.9239,0.9749,0.5317,0.971,0.467,0.279,0.949,ptx,msa_template
5ei3,43,3,0.9239,0.9749,0.4573,0.976,0.574,0.319,0.974,ptx,msa_template
5ei3,43,4,0.924,0.9749,0.4656,0.971,0.428,0.274,0.949,ptx,msa_template
5ei3,44,0,0.9204,0.9732,0.5068,0.967,0.565,0.314,0.949,ptx,msa_template
5ei3,44,1,0.9202,0.9731,0.6615,0.971,0.643,0.366,0.974,ptx,msa_template
5ei3,44,2,0.9202,0.9731,0.5145,0.965,0.715,0.414,0.974,ptx,msa_template
5ei3,44,3,0.9204,0.9731,0.4323,0.977,0.484,0.304,0.974,ptx,msa_template
5ei3,44,4,0.9203,0.973,0.4422,0.971,0.454,0.28,0.949,ptx,msa_template
5fml,42,0,0.5312,0.6128,24.3575,0.045,24.153,9.286,0.0,ptx,msa_template
5fml,42,1,0.5301,0.6126,24.2243,0.042,25.238,9.748,0.0,ptx,msa_template
5fml,42,2,0.5326,0.6118,24.2063,0.04,25.769,9.948,0.0,ptx,msa_template
5fml,42,3,0.5252,0.6099,24.6713,0.908,1.228,0.671,0.911,ptx,msa_template
5fml,42,4,0.5212,0.5975,25.8549,0.316,6.82,2.955,0.133,ptx,msa_template
5fml,43,0,0.5639,0.6379,23.4151,0.042,25.058,9.601,0.0,ptx,msa_template
5fml,43,1,0.5661,0.6372,24.3892,0.046,24.013,9.243,0.0,ptx,msa_template
5fml,43,2,0.5565,0.6292,24.5057,0.041,25.372,9.749,0.0,ptx,msa_template
5fml,43,3,0.5591,0.6276,24.8908,0.041,25.506,9.817,0.0,ptx,msa_template
5fml,43,4,0.553,0.6253,25.411,0.04,25.727,9.895,0.0,ptx,msa_template
5fml,44,0,0.5199,0.571,24.7533,0.06,24.23,9.33,0.044,ptx,msa_template
5fml,44,1,0.5125,0.5705,24.1521,0.044,24.465,9.426,0.0,ptx,msa_template
5fml,44,2,0.5158,0.5681,24.6667,0.042,25.286,9.709,0.0,ptx,msa_template
5fml,44,3,0.4989,0.5483,0.937,0.041,25.429,9.776,0.0,ptx,msa_template
5fml,44,4,0.4976,0.5476,0.7636,0.04,25.713,9.846,0.0,ptx,msa_template
5fpx,42,0,0.6844,0.8079,3.0953,0.856,2.068,0.73,0.814,ptx,msa_template
5fpx,42,1,0.6827,0.8061,3.3823,0.664,3.71,1.18,0.535,ptx,msa_template
5fpx,42,2,0.6837,0.8053,2.9552,0.809,2.312,0.808,0.721,ptx,msa_template
5fpx,42,3,0.682,0.8048,2.8512,0.64,3.905,1.211,0.488,ptx,msa_template
5fpx,42,4,0.6786,0.7976,4.2495,0.557,4.366,1.347,0.326,ptx,msa_template
5fpx,43,0,0.6838,0.8068,3.8345,0.672,3.48,1.106,0.512,ptx,msa_template
5fpx,43,1,0.6793,0.8057,2.7847,0.86,1.952,0.714,0.814,ptx,msa_template
5fpx,43,2,0.6769,0.804,2.812,0.69,3.086,1.043,0.512,ptx,msa_template
5fpx,43,3,0.6757,0.8037,2.8692,0.7,3.656,1.155,0.628,ptx,msa_template
5fpx,43,4,0.6712,0.8031,1.3857,0.656,3.304,1.083,0.442,ptx,msa_template
5fpx,44,0,0.6949,0.8066,4.5438,0.73,3.123,1.026,0.628,ptx,msa_template
5fpx,44,1,0.6884,0.8064,2.8764,0.868,1.561,0.637,0.791,ptx,msa_template
5fpx,44,2,0.6881,0.8055,2.7523,0.874,1.506,0.658,0.814,ptx,msa_template
5fpx,44,3,0.6905,0.8044,2.7049,0.72,3.022,1.007,0.581,ptx,msa_template
5fpx,44,4,0.6854,0.8001,5.0355,0.724,2.936,0.99,0.581,ptx,msa_template
5fv6,42,0,0.5776,0.6548,31.8811,0.047,22.325,12.051,0.0,ptx,msa_template
5fv6,42,1,0.5696,0.6528,32.2943,0.029,30.598,12.608,0.0,ptx,msa_template
5fv6,42,2,0.5702,0.6527,31.6968,0.04,24.895,12.199,0.0,ptx,msa_template
5fv6,42,3,0.5665,0.6451,31.8949,0.027,33.167,11.048,0.0,ptx,msa_template
5fv6,42,4,0.5696,0.636,30.8274,0.029,31.71,10.646,0.0,ptx,msa_template
5fv6,43,0,0.5601,0.6385,30.6921,0.024,34.093,12.405,0.0,ptx,msa_template
5fv6,43,1,0.5612,0.6378,32.1976,0.023,34.852,12.464,0.0,ptx,msa_template
5fv6,43,2,0.551,0.6331,35.5885,0.025,33.605,12.52,0.0,ptx,msa_template
5fv6,43,3,0.5445,0.6293,37.8328,0.024,34.724,12.487,0.0,ptx,msa_template
5fv6,43,4,0.5492,0.6245,31.7172,0.025,33.029,12.418,0.0,ptx,msa_template
5fv6,44,0,0.6139,0.6744,39.1781,0.046,22.752,12.42,0.0,ptx,msa_template
5fv6,44,1,0.6105,0.6721,39.2791,0.029,31.983,10.546,0.0,ptx,msa_template
5fv6,44,2,0.6091,0.669,39.5212,0.028,32.514,10.903,0.0,ptx,msa_template
5fv6,44,3,0.6109,0.6683,39.4358,0.029,31.678,10.565,0.0,ptx,msa_template
5fv6,44,4,0.6073,0.6653,40.1218,0.024,34.765,11.738,0.0,ptx,msa_template
5ggp,42,0,0.8443,0.909,9.724,0.085,15.887,8.006,0.0,ptx,msa_template
5ggp,42,1,0.8447,0.909,9.6925,0.076,17.325,8.011,0.0,ptx,msa_template
5ggp,42,2,0.8443,0.909,9.6254,0.027,33.388,10.762,0.0,ptx,msa_template
5ggp,42,3,0.8442,0.9088,9.8642,0.045,23.325,11.014,0.0,ptx,msa_template
5ggp,42,4,0.8441,0.9087,9.6749,0.022,36.629,12.066,0.0,ptx,msa_template
5ggp,43,0,0.7718,0.8309,9.5121,0.092,15.141,7.881,0.0,ptx,msa_template
5ggp,43,1,0.773,0.8305,9.0718,0.062,19.984,8.07,0.0,ptx,msa_template
5ggp,43,2,0.7724,0.8302,9.0694,0.113,12.87,7.871,0.0,ptx,msa_template
5ggp,43,3,0.7714,0.8301,9.4141,0.023,35.697,12.135,0.0,ptx,msa_template
5ggp,43,4,0.77,0.8286,9.2293,0.022,36.714,12.271,0.0,ptx,msa_template
5ggp,44,0,0.8208,0.8836,34.5172,0.076,17.334,7.988,0.0,ptx,msa_template
5ggp,44,1,0.8212,0.8827,35.2967,0.075,17.398,8.133,0.0,ptx,msa_template
5ggp,44,2,0.8233,0.878,35.6552,0.046,24.791,8.168,0.0,ptx,msa_template
5ggp,44,3,0.8299,0.8728,36.0573,0.025,34.235,11.778,0.0,ptx,msa_template
5ggp,44,4,0.8299,0.8683,36.2897,0.022,36.384,12.245,0.0,ptx,msa_template
5gu4,42,0,0.8572,0.9388,1.117,0.939,1.014,0.373,0.889,ptx,msa_template
5gu4,42,1,0.857,0.9386,1.076,0.938,0.991,0.384,0.889,ptx,msa_template
5gu4,42,2,0.8564,0.9384,0.8821,0.946,0.795,0.317,0.889,ptx,msa_template
5gu4,42,3,0.8563,0.9381,0.8731,0.943,0.878,0.338,0.889,ptx,msa_template
5gu4,42,4,0.8559,0.9379,0.9416,0.955,0.902,0.345,0.926,ptx,msa_template
5gu4,43,0,0.8445,0.934,1.2261,0.921,1.094,0.417,0.852,ptx,msa_template
5gu4,43,1,0.8434,0.9334,0.9115,0.926,1.3,0.467,0.889,ptx,msa_template
5gu4,43,2,0.8437,0.9334,1.0154,0.956,1.17,0.431,0.963,ptx,msa_template
5gu4,43,3,0.8429,0.933,0.8153,0.952,0.961,0.371,0.926,ptx,msa_template
5gu4,43,4,0.843,0.9329,1.0243,0.92,1.161,0.42,0.852,ptx,msa_template
5gu4,44,0,0.8429,0.9336,1.3071,0.949,1.032,0.39,0.926,ptx,msa_template
5gu4,44,1,0.8426,0.9336,1.1358,0.95,1.029,0.381,0.926,ptx,msa_template
5gu4,44,2,0.842,0.9328,1.2437,0.924,1.018,0.394,0.852,ptx,msa_template
5gu4,44,3,0.8417,0.9325,1.0192,0.954,0.88,0.359,0.926,ptx,msa_template
5gu4,44,4,0.8418,0.9323,0.8679,0.957,1.132,0.422,0.963,ptx,msa_template
5huw,42,0,0.935,0.9869,0.952,0.929,1.053,0.611,0.944,ptx,msa_template
5huw,42,1,0.9356,0.9868,0.8592,0.92,1.014,0.634,0.926,ptx,msa_template
5huw,42,2,0.9345,0.9868,1.003,0.928,1.065,0.62,0.944,ptx,msa_template
5huw,42,3,0.9342,0.9867,0.9617,0.912,1.043,0.599,0.889,ptx,msa_template
5huw,42,4,0.9349,0.9867,1.1313,0.925,0.953,0.604,0.926,ptx,msa_template
5huw,43,0,0.9386,0.9878,1.0426,0.917,1.118,0.646,0.926,ptx,msa_template
5huw,43,1,0.9374,0.9876,0.9311,0.927,0.934,0.587,0.926,ptx,msa_template
5huw,43,2,0.9375,0.9876,1.2569,0.922,0.974,0.621,0.926,ptx,msa_template
5huw,43,3,0.9373,0.9876,0.921,0.923,1.172,0.649,0.944,ptx,msa_template
5huw,43,4,0.9381,0.9875,0.8135,0.933,0.942,0.586,0.944,ptx,msa_template
5huw,44,0,0.9309,0.9855,0.8318,0.933,0.939,0.587,0.944,ptx,msa_template
5huw,44,1,0.9306,0.9855,0.9793,0.928,0.928,0.625,0.944,ptx,msa_template
5huw,44,2,0.9307,0.9854,0.8111,0.925,0.949,0.6,0.926,ptx,msa_template
5huw,44,3,0.9305,0.9854,0.727,0.93,0.94,0.608,0.944,ptx,msa_template
5huw,44,4,0.9297,0.9851,1.1625,0.916,1.092,0.613,0.907,ptx,msa_template
5i7z,42,0,0.9451,0.9556,0.7804,0.977,0.619,0.389,1.0,ptx,msa_template
5i7z,42,1,0.9451,0.9555,0.5834,0.974,0.719,0.412,1.0,ptx,msa_template
5i7z,42,2,0.9455,0.9543,0.5733,0.97,0.575,0.364,0.971,ptx,msa_template
5i7z,42,3,0.9455,0.9542,0.5094,0.96,0.522,0.461,0.971,ptx,msa_template
5i7z,42,4,0.9456,0.9537,0.6106,0.956,0.573,0.407,0.941,ptx,msa_template
5i7z,43,0,0.9509,0.9596,0.5073,0.986,0.555,0.297,1.0,ptx,msa_template
5i7z,43,1,0.951,0.9591,0.5024,0.977,0.611,0.389,1.0,ptx,msa_template
5i7z,43,2,0.951,0.9591,0.5997,0.978,0.445,0.281,0.971,ptx,msa_template
5i7z,43,3,0.9511,0.9591,0.4836,0.976,0.437,0.311,0.971,ptx,msa_template
5i7z,43,4,0.9511,0.9587,0.5368,0.968,0.524,0.386,0.971,ptx,msa_template
5i7z,44,0,0.9485,0.9584,0.6631,0.973,0.767,0.419,1.0,ptx,msa_template
5i7z,44,1,0.9484,0.9583,0.7179,0.982,0.561,0.34,1.0,ptx,msa_template
5i7z,44,2,0.9486,0.9577,0.6042,0.978,0.706,0.371,1.0,ptx,msa_template
5i7z,44,3,0.9486,0.9577,0.5913,0.977,0.522,0.391,1.0,ptx,msa_template
5i7z,44,4,0.9488,0.9571,0.5233,0.979,0.554,0.372,1.0,ptx,msa_template
5j3q,42,0,0.9149,0.9448,1.8543,0.834,1.716,0.969,0.837,ptx,msa_template
5j3q,42,1,0.9151,0.9444,2.1059,0.827,2.177,1.137,0.907,ptx,msa_template
5j3q,42,2,0.9151,0.9441,2.0931,0.839,2.045,1.066,0.907,ptx,msa_template
5j3q,42,3,0.9152,0.9439,2.3003,0.787,2.415,1.229,0.837,ptx,msa_template
5j3q,42,4,0.9145,0.9431,2.1956,0.759,2.551,1.304,0.791,ptx,msa_template
5j3q,43,0,0.9171,0.9468,2.2515,0.794,1.992,1.172,0.814,ptx,msa_template
5j3q,43,1,0.9168,0.9466,2.138,0.8,2.258,1.097,0.814,ptx,msa_template
5j3q,43,2,0.9165,0.9464,2.1425,0.781,2.151,1.194,0.791,ptx,msa_template
5j3q,43,3,0.9167,0.9462,2.2945,0.8,2.285,1.146,0.837,ptx,msa_template
5j3q,43,4,0.9163,0.9455,2.5131,0.769,2.346,1.256,0.791,ptx,msa_template
5j3q,44,0,0.918,0.9477,2.1965,0.815,2.207,1.103,0.86,ptx,msa_template
5j3q,44,1,0.9179,0.9475,1.9196,0.825,2.05,1.053,0.86,ptx,msa_template
5j3q,44,2,0.9177,0.9473,2.1072,0.773,2.411,1.215,0.791,ptx,msa_template
5j3q,44,3,0.9174,0.9468,1.9646,0.79,2.445,1.145,0.814,ptx,msa_template
5j3q,44,4,0.917,0.946,2.2218,0.754,2.68,1.266,0.767,ptx,msa_template
5kds,42,0,0.6332,0.7814,10.9718,0.242,10.096,3.487,0.154,ptx,msa_template
5kds,42,1,0.6308,0.7786,10.465,0.203,10.665,3.669,0.077,ptx,msa_template
5kds,42,2,0.6231,0.7744,6.9196,0.462,7.245,2.48,0.538,ptx,msa_template
5kds,42,3,0.6196,0.774,11.1978,0.489,6.659,2.243,0.538,ptx,msa_template
5kds,42,4,0.6169,0.7721,6.8086,0.668,4.198,1.475,0.692,ptx,msa_template
5kds,43,0,0.614,0.7561,8.2192,0.245,16.836,5.477,0.462,ptx,msa_template
5kds,43,1,0.6016,0.751,7.4228,0.416,7.121,2.437,0.385,ptx,msa_template
5kds,43,2,0.5978,0.7477,6.7466,0.443,7.821,2.61,0.538,ptx,msa_template
5kds,43,3,0.598,0.7469,6.2945,0.531,6.227,2.152,0.615,ptx,msa_template
5kds,43,4,0.5938,0.7446,6.3356,0.553,5.832,1.99,0.615,ptx,msa_template
5kds,44,0,0.6246,0.7796,10.7595,0.301,9.796,3.374,0.308,ptx,msa_template
5kds,44,1,0.6218,0.7789,11.9842,0.209,10.399,3.56,0.077,ptx,msa_template
5kds,44,2,0.6237,0.7772,8.7841,0.128,13.479,4.492,0.0,ptx,msa_template
5kds,44,3,0.6247,0.7771,8.3144,0.219,16.853,5.518,0.385,ptx,msa_template
5kds,44,4,0.611,0.7643,7.8568,0.541,7.152,2.473,0.769,ptx,msa_template
5lyn,42,0,0.9313,0.9643,1.3313,0.922,1.289,0.409,0.857,ptx,msa_template
5lyn,42,1,0.9309,0.964,1.2253,0.919,1.344,0.43,0.857,ptx,msa_template
5lyn,42,2,0.9311,0.964,1.3223,0.933,1.309,0.416,0.893,ptx,msa_template
5lyn,42,3,0.931,0.964,1.2172,0.921,1.253,0.418,0.857,ptx,msa_template
5lyn,42,4,0.9306,0.9638,1.1659,0.921,1.249,0.417,0.857,ptx,msa_template
5lyn,43,0,0.9324,0.9649,1.3293,0.923,1.222,0.408,0.857,ptx,msa_template
5lyn,43,1,0.932,0.9648,1.2178,0.921,1.29,0.42,0.857,ptx,msa_template
5lyn,43,2,0.9322,0.9648,1.2227,0.923,1.215,0.408,0.857,ptx,msa_template
5lyn,43,3,0.9321,0.9647,1.2097,0.922,1.182,0.416,0.857,ptx,msa_template
5lyn,43,4,0.9321,0.9647,1.2649,0.923,1.238,0.406,0.857,ptx,msa_template
5lyn,44,0,0.9321,0.9649,1.241,0.915,1.27,0.47,0.857,ptx,msa_template
5lyn,44,1,0.9319,0.9648,1.2612,0.924,1.206,0.4,0.857,ptx,msa_template
5lyn,44,2,0.932,0.9648,1.2103,0.92,1.218,0.433,0.857,ptx,msa_template
5lyn,44,3,0.9317,0.9646,1.2277,0.916,1.229,0.469,0.857,ptx,msa_template
5lyn,44,4,0.9318,0.9646,1.2383,0.926,1.086,0.386,0.857,ptx,msa_template
5m5r,42,0,0.847,0.9525,2.9462,0.839,2.763,0.999,0.919,ptx,msa_template
5m5r,42,1,0.8472,0.9525,3.0452,0.833,2.83,1.032,0.919,ptx,msa_template
5m5r,42,2,0.8472,0.9523,3.0959,0.832,2.813,1.037,0.919,ptx,msa_template
5m5r,42,3,0.8466,0.9523,2.7979,0.811,2.94,1.105,0.892,ptx,msa_template
5m5r,42,4,0.8465,0.952,3.1255,0.816,2.931,1.07,0.892,ptx,msa_template
5m5r,43,0,0.8455,0.9536,3.0999,0.012,49.902,17.074,0.0,ptx,msa_template
5m5r,43,1,0.8422,0.9508,2.8899,0.012,49.887,17.072,0.0,ptx,msa_template
5m5r,43,2,0.8413,0.9504,2.8099,0.012,49.997,17.099,0.0,ptx,msa_template
5m5r,43,3,0.8407,0.95,2.9965,0.012,49.924,17.083,0.0,ptx,msa_template
5m5r,43,4,0.8406,0.95,2.9945,0.012,50.171,17.226,0.0,ptx,msa_template
5m5r,44,0,0.8452,0.9495,2.8329,0.811,3.233,1.127,0.919,ptx,msa_template
5m5r,44,1,0.8447,0.9493,2.8955,0.819,2.92,1.054,0.892,ptx,msa_template
5m5r,44,2,0.8437,0.9491,2.8082,0.807,2.824,1.026,0.838,ptx,msa_template
5m5r,44,3,0.8433,0.9488,2.7795,0.817,2.937,1.065,0.892,ptx,msa_template
5m5r,44,4,0.8427,0.9475,2.9974,0.813,2.87,1.038,0.865,ptx,msa_template
5n22,42,0,0.6425,0.686,13.8518,0.084,18.342,6.394,0.022,ptx,msa_template
5n22,42,1,0.6423,0.6855,13.9476,0.091,17.341,6.141,0.022,ptx,msa_template
5n22,42,2,0.6434,0.6851,14.0438,0.112,16.538,5.819,0.065,ptx,msa_template
5n22,42,3,0.6438,0.684,14.1321,0.098,16.479,5.851,0.022,ptx,msa_template
5n22,42,4,0.6428,0.6834,13.8766,0.173,13.976,5.303,0.174,ptx,msa_template
5n22,43,0,0.5911,0.6419,19.4943,0.083,18.37,6.477,0.022,ptx,msa_template
5n22,43,1,0.5984,0.6324,14.0388,0.122,16.227,5.778,0.087,ptx,msa_template
5n22,43,2,0.597,0.631,13.9152,0.089,17.584,6.118,0.022,ptx,msa_template
5n22,43,3,0.5875,0.6293,17.3429,0.073,18.751,6.595,0.0,ptx,msa_template
5n22,43,4,0.5875,0.6255,16.6031,0.074,18.714,6.527,0.0,ptx,msa_template
5n22,44,0,0.6377,0.6734,14.0567,0.1,16.225,5.821,0.022,ptx,msa_template
5n22,44,1,0.6379,0.6727,13.8122,0.182,13.75,5.336,0.196,ptx,msa_template
5n22,44,2,0.6376,0.6706,13.9352,0.164,14.031,5.462,0.152,ptx,msa_template
5n22,44,3,0.6367,0.6703,13.8091,0.195,13.865,5.317,0.239,ptx,msa_template
5n22,44,4,0.6375,0.6703,14.0996,0.167,13.778,5.335,0.152,ptx,msa_template
5n85,42,0,0.8381,0.8912,14.8684,0.162,14.808,6.354,0.184,ptx,msa_template
5n85,42,1,0.8375,0.8911,14.8633,0.171,14.73,6.32,0.211,ptx,msa_template
5n85,42,2,0.8374,0.8911,14.9069,0.17,14.812,6.348,0.211,ptx,msa_template
5n85,42,3,0.8368,0.8906,14.9037,0.161,14.902,6.394,0.184,ptx,msa_template
5n85,42,4,0.8371,0.8904,14.8173,0.161,14.855,6.371,0.184,ptx,msa_template
5n85,43,0,0.8439,0.8957,14.8325,0.162,14.768,6.332,0.184,ptx,msa_template
5n85,43,1,0.8428,0.8956,14.7714,0.169,14.938,6.413,0.211,ptx,msa_template
5n85,43,2,0.8438,0.8952,14.8388,0.162,14.771,6.339,0.184,ptx,msa_template
5n85,43,3,0.8423,0.8944,14.7372,0.162,14.8,6.344,0.184,ptx,msa_template
5n85,43,4,0.8426,0.894,14.909,0.171,14.741,6.316,0.211,ptx,msa_template
5n85,44,0,0.8435,0.8973,14.4272,0.179,14.799,6.351,0.237,ptx,msa_template
5n85,44,1,0.8421,0.8966,14.8331,0.18,14.702,6.321,0.237,ptx,msa_template
5n85,44,2,0.8421,0.8962,14.7142,0.179,14.799,6.354,0.237,ptx,msa_template
5n85,44,3,0.8425,0.896,14.5902,0.162,14.771,6.326,0.184,ptx,msa_template
5n85,44,4,0.841,0.8956,14.8581,0.171,14.766,6.332,0.211,ptx,msa_template
5njc,42,0,0.7025,0.868,0.8643,0.936,1.001,0.427,0.897,ptx,msa_template
5njc,42,1,0.7017,0.868,0.858,0.931,1.145,0.46,0.897,ptx,msa_template
5njc,42,2,0.7027,0.868,1.0299,0.94,0.936,0.397,0.897,ptx,msa_template
5njc,42,3,0.7007,0.8673,0.7266,0.948,0.832,0.412,0.923,ptx,msa_template
5njc,42,4,0.7016,0.866,1.0047,0.935,1.106,0.427,0.897,ptx,msa_template
5njc,43,0,0.7169,0.884,1.043,0.94,0.849,0.4,0.897,ptx,msa_template
5njc,43,1,0.7157,0.8838,0.8694,0.942,0.912,0.457,0.923,ptx,msa_template
5njc,43,2,0.7158,0.8836,0.966,0.946,0.961,0.416,0.923,ptx,msa_template
5njc,43,3,0.7154,0.8832,1.1022,0.935,1.012,0.436,0.897,ptx,msa_template
5njc,43,4,0.7155,0.8832,0.9986,0.935,0.995,0.439,0.897,ptx,msa_template
5njc,44,0,0.7034,0.8717,0.8771,0.939,0.925,0.408,0.897,ptx,msa_template
5njc,44,1,0.7036,0.8713,0.8976,0.947,0.986,0.408,0.923,ptx,msa_template
5njc,44,2,0.7038,0.8712,1.0547,0.944,1.109,0.426,0.923,ptx,msa_template
5njc,44,3,0.7031,0.8712,0.8521,0.94,1.096,0.459,0.923,ptx,msa_template
5njc,44,4,0.7034,0.8709,1.0332,0.942,1.039,0.447,0.923,ptx,msa_template
5nqv,42,0,0.8939,0.9593,2.4838,0.847,2.396,0.85,0.857,ptx,msa_template
5nqv,42,1,0.8939,0.9592,2.4109,0.862,2.388,0.857,0.905,ptx,msa_template
5nqv,42,2,0.8946,0.9589,2.4827,0.86,2.319,0.826,0.881,ptx,msa_template
5nqv,42,3,0.8942,0.9588,2.5092,0.857,2.378,0.835,0.881,ptx,msa_template
5nqv,42,4,0.8933,0.9581,2.1468,0.836,2.514,0.908,0.857,ptx,msa_template
5nqv,43,0,0.9049,0.9655,2.4858,0.869,2.28,0.818,0.905,ptx,msa_template
5nqv,43,1,0.905,0.9654,2.3326,0.855,2.351,0.852,0.881,ptx,msa_template
5nqv,43,2,0.9053,0.9654,2.3049,0.844,2.422,0.863,0.857,ptx,msa_template
5nqv,43,3,0.9049,0.9652,2.4558,0.856,2.377,0.847,0.881,ptx,msa_template
5nqv,43,4,0.9047,0.9651,2.2644,0.843,2.404,0.877,0.857,ptx,msa_template
5nqv,44,0,0.9043,0.9655,2.2232,0.844,2.582,0.902,0.881,ptx,msa_template
5nqv,44,1,0.9049,0.9655,2.4709,0.859,2.279,0.833,0.881,ptx,msa_template
5nqv,44,2,0.9044,0.9652,2.2067,0.862,2.453,0.849,0.905,ptx,msa_template
5nqv,44,3,0.904,0.9651,2.3782,0.847,2.558,0.88,0.881,ptx,msa_template
5nqv,44,4,0.9045,0.9651,2.4698,0.865,2.47,0.879,0.929,ptx,msa_template
5o9u,42,0,0.9249,0.9809,0.7596,0.984,0.464,0.266,0.986,ptx,msa_template
5o9u,42,1,0.9254,0.9809,0.4614,0.979,0.524,0.272,0.973,ptx,msa_template
5o9u,42,2,0.9253,0.9809,0.6032,0.983,0.537,0.281,0.986,ptx,msa_template
5o9u,42,3,0.9253,0.9808,0.5475,0.984,0.552,0.266,0.986,ptx,msa_template
5o9u,42,4,0.9253,0.9808,0.6118,0.98,0.596,0.258,0.973,ptx,msa_template
5o9u,43,0,0.8842,0.9634,0.5058,0.982,0.452,0.292,0.986,ptx,msa_template
5o9u,43,1,0.8838,0.9634,0.5276,0.983,0.518,0.277,0.986,ptx,msa_template
5o9u,43,2,0.884,0.9634,0.5039,0.98,0.455,0.261,0.973,ptx,msa_template
5o9u,43,3,0.8838,0.9633,0.5722,0.986,0.462,0.249,0.986,ptx,msa_template
5o9u,43,4,0.8838,0.9633,0.5085,0.976,0.472,0.252,0.959,ptx,msa_template
5o9u,44,0,0.9124,0.9756,0.5722,0.983,0.555,0.275,0.986,ptx,msa_template
5o9u,44,1,0.913,0.9755,0.4599,0.979,0.529,0.27,0.973,ptx,msa_template
5o9u,44,2,0.9128,0.9754,0.4746,0.978,0.512,0.285,0.973,ptx,msa_template
5o9u,44,3,0.9122,0.9754,0.6068,0.978,0.61,0.273,0.973,ptx,msa_template
5o9u,44,4,0.9124,0.9754,0.5033,0.984,0.532,0.267,0.986,ptx,msa_template
5oj5,42,0,0.4364,0.7058,2.767,0.044,25.332,8.219,0.0,ptx,msa_template
5oj5,42,1,0.4374,0.7054,3.0852,0.045,24.967,8.274,0.0,ptx,msa_template
5oj5,42,2,0.4362,0.7052,2.7771,0.045,24.973,8.278,0.0,ptx,msa_template
5oj5,42,3,0.4336,0.7017,2.4358,0.046,24.709,8.256,0.0,ptx,msa_template
5oj5,42,4,0.4326,0.7004,2.3057,0.045,24.949,8.261,0.0,ptx,msa_template
5oj5,43,0,0.6781,0.8615,30.1236,0.042,26.196,8.282,0.0,ptx,msa_template
5oj5,43,1,0.6776,0.8599,30.1738,0.044,25.448,8.182,0.0,ptx,msa_template
5oj5,43,2,0.6776,0.8592,29.696,0.033,29.311,9.816,0.0,ptx,msa_template
5oj5,43,3,0.6649,0.8509,25.6293,0.846,2.288,0.868,0.857,ptx,msa_template
5oj5,43,4,0.4575,0.741,2.879,0.808,2.68,0.967,0.81,ptx,msa_template
5oj5,44,0,0.6583,0.8412,29.3398,0.04,27.288,8.123,0.0,ptx,msa_template
5oj5,44,1,0.6576,0.8407,29.1957,0.043,25.894,8.173,0.0,ptx,msa_template
5oj5,44,2,0.6576,0.8401,29.7455,0.046,24.534,8.216,0.0,ptx,msa_template
5oj5,44,3,0.6565,0.8395,29.3989,0.049,23.912,8.076,0.0,ptx,msa_template
5oj5,44,4,0.4593,0.7356,2.8957,0.774,3.059,1.159,0.81,ptx,msa_template
5onp,42,0,0.9284,0.9863,2.4305,0.888,2.495,0.636,0.895,ptx,msa_template
5onp,42,1,0.9283,0.9863,2.4473,0.889,2.47,0.63,0.895,ptx,msa_template
5onp,42,2,0.9279,0.9863,2.4518,0.881,2.448,0.626,0.868,ptx,msa_template
5onp,42,3,0.928,0.9862,2.4778,0.89,2.45,0.626,0.895,ptx,msa_template
5onp,42,4,0.9278,0.9862,2.4715,0.889,2.467,0.632,0.895,ptx,msa_template
5onp,43,0,0.9277,0.986,2.4273,0.881,2.462,0.628,0.868,ptx,msa_template
5onp,43,1,0.9276,0.986,2.4739,0.89,2.448,0.624,0.895,ptx,msa_template
5onp,43,2,0.9275,0.986,2.4646,0.887,2.499,0.637,0.895,ptx,msa_template
5onp,43,3,0.9275,0.986,2.4119,0.881,2.443,0.625,0.868,ptx,msa_template
5onp,43,4,0.9274,0.986,2.4122,0.89,2.446,0.626,0.895,ptx,msa_template
5onp,44,0,0.9284,0.9863,2.4895,0.889,2.479,0.631,0.895,ptx,msa_template
5onp,44,1,0.9283,0.9863,2.4577,0.879,2.486,0.635,0.868,ptx,msa_template
5onp,44,2,0.9284,0.9863,2.4387,0.89,2.446,0.624,0.895,ptx,msa_template
5onp,44,3,0.9282,0.9863,2.4275,0.888,2.484,0.635,0.895,ptx,msa_template
5onp,44,4,0.928,0.9863,2.4605,0.89,2.45,0.626,0.895,ptx,msa_template
5t0k,42,0,0.8811,0.9648,0.8924,0.9,0.807,0.751,0.911,ptx,msa_template
5t0k,42,1,0.8813,0.9643,0.7555,0.896,0.895,0.775,0.911,ptx,msa_template
5t0k,42,2,0.8808,0.9642,0.6659,0.899,0.841,0.758,0.911,ptx,msa_template
5t0k,42,3,0.8815,0.9642,0.9552,0.9,0.737,0.757,0.911,ptx,msa_template
5t0k,42,4,0.8806,0.9642,0.6605,0.9,0.627,0.76,0.911,ptx,msa_template
5t0k,43,0,0.8731,0.9629,1.0659,0.894,0.772,0.842,0.929,ptx,msa_template
5t0k,43,1,0.8728,0.9622,0.6417,0.897,0.561,0.745,0.893,ptx,msa_template
5t0k,43,2,0.8729,0.9622,0.619,0.912,0.683,0.757,0.946,ptx,msa_template
5t0k,43,3,0.8734,0.9618,0.7077,0.909,0.7,0.736,0.929,ptx,msa_template
5t0k,43,4,0.8738,0.9618,0.7823,0.908,0.669,0.744,0.929,ptx,msa_template
5t0k,44,0,0.8834,0.9653,0.8196,0.904,0.767,0.731,0.911,ptx,msa_template
5t0k,44,1,0.8838,0.9653,0.6176,0.902,0.799,0.743,0.911,ptx,msa_template
5t0k,44,2,0.8833,0.9647,0.5876,0.895,0.732,0.754,0.893,ptx,msa_template
5t0k,44,3,0.8841,0.9647,0.6458,0.888,1.181,0.775,0.893,ptx,msa_template
5t0k,44,4,0.8843,0.9644,1.0289,0.905,0.603,0.73,0.911,ptx,msa_template
5tgi,42,0,0.7828,0.8278,20.7051,0.091,20.982,8.078,0.098,ptx,msa_template
5tgi,42,1,0.7832,0.8254,20.8707,0.09,21.155,8.141,0.098,ptx,msa_template
5tgi,42,2,0.7825,0.8252,20.8415,0.09,21.177,8.184,0.098,ptx,msa_template
5tgi,42,3,0.781,0.8247,20.3458,0.091,20.875,8.083,0.098,ptx,msa_template
5tgi,42,4,0.7812,0.8234,20.7677,0.09,21.042,8.136,0.098,ptx,msa_template
5tgi,43,0,0.8532,0.8812,21.1777,0.09,21.167,8.151,0.098,ptx,msa_template
5tgi,43,1,0.853,0.8809,20.9248,0.091,20.783,8.055,0.098,ptx,msa_template
5tgi,43,2,0.8533,0.8806,21.0561,0.089,21.192,8.217,0.098,ptx,msa_template
5tgi,43,3,0.8525,0.8805,20.6629,0.091,20.944,8.066,0.098,ptx,msa_template
5tgi,43,4,0.8529,0.8804,20.8647,0.09,21.032,8.1,0.098,ptx,msa_template
5tgi,44,0,0.7146,0.7478,20.8641,0.924,1.697,0.726,1.0,ptx,msa_template
5tgi,44,1,0.7168,0.7441,20.0436,0.916,1.739,0.776,1.0,ptx,msa_template
5tgi,44,2,0.7147,0.7435,20.6799,0.927,1.665,0.709,1.0,ptx,msa_template
5tgi,44,3,0.7169,0.7431,19.9506,0.89,1.775,0.783,0.927,ptx,msa_template
5tgi,44,4,0.701,0.7428,20.3605,0.903,1.659,0.705,0.927,ptx,msa_template
5v2p,42,0,0.9293,0.9743,1.2722,0.981,0.892,0.243,0.979,ptx,msa_template
5v2p,42,1,0.9293,0.9742,0.9698,0.971,1.05,0.262,0.958,ptx,msa_template
5v2p,42,2,0.9289,0.974,1.006,0.98,0.984,0.246,0.979,ptx,msa_template
5v2p,42,3,0.9291,0.9741,0.7881,0.98,0.929,0.255,0.979,ptx,msa_template
5v2p,42,4,0.9285,0.974,1.8935,0.952,1.33,0.291,0.917,ptx,msa_template
5v2p,43,0,0.9303,0.974,0.8096,0.973,1.066,0.242,0.958,ptx,msa_template
5v2p,43,1,0.9303,0.974,0.9479,0.97,1.032,0.278,0.958,ptx,msa_template
5v2p,43,2,0.9302,0.974,0.9898,0.97,1.365,0.225,0.958,ptx,msa_template
5v2p,43,3,0.9302,0.9739,0.8217,0.967,0.923,0.244,0.938,ptx,msa_template
5v2p,43,4,0.9301,0.9738,0.9275,0.973,1.121,0.23,0.958,ptx,msa_template
5v2p,44,0,0.9292,0.9739,1.0129,0.975,0.944,0.226,0.958,ptx,msa_template
5v2p,44,1,0.9291,0.9738,1.0613,0.969,0.868,0.222,0.938,ptx,msa_template
5v2p,44,2,0.9292,0.9738,0.8416,0.967,0.922,0.234,0.938,ptx,msa_template
5v2p,44,3,0.9292,0.9738,0.8001,0.97,0.718,0.223,0.938,ptx,msa_template
5v2p,44,4,0.9291,0.9738,1.0425,0.976,0.87,0.216,0.958,ptx,msa_template
5v3r,42,0,0.8584,0.9608,0.6545,0.942,1.342,0.538,0.966,ptx,msa_template
5v3r,42,1,0.8582,0.9606,0.5344,0.957,0.767,0.353,0.931,ptx,msa_template
5v3r,42,2,0.8578,0.9604,0.5777,0.938,1.176,0.496,0.931,ptx,msa_template
5v3r,42,3,0.8576,0.9604,0.9897,0.957,1.032,0.444,0.966,ptx,msa_template
5v3r,42,4,0.8576,0.9603,0.6458,0.954,1.002,0.475,0.966,ptx,msa_template
5v3r,43,0,0.8593,0.961,0.498,0.962,0.856,0.414,0.966,ptx,msa_template
5v3r,43,1,0.859,0.9607,0.6137,0.97,0.663,0.341,0.966,ptx,msa_template
5v3r,43,2,0.8587,0.9606,0.5451,0.965,0.741,0.392,0.966,ptx,msa_template
5v3r,43,3,0.8588,0.9606,0.6343,0.969,0.632,0.352,0.966,ptx,msa_template
5v3r,43,4,0.8587,0.9603,0.7999,0.959,0.669,0.336,0.931,ptx,msa_template
5v3r,44,0,0.8496,0.9569,0.7855,0.939,1.16,0.489,0.931,ptx,msa_template
5v3r,44,1,0.85,0.9569,0.7608,0.954,0.713,0.383,0.931,ptx,msa_template
5v3r,44,2,0.85,0.9568,0.6953,0.966,0.797,0.372,0.966,ptx,msa_template
5v3r,44,3,0.8492,0.9565,0.5195,0.952,0.867,0.395,0.931,ptx,msa_template
5v3r,44,4,0.8487,0.9562,0.6359,0.957,0.652,0.357,0.931,ptx,msa_template
5wfv,42,0,0.9433,0.9832,0.4802,0.941,0.565,0.315,0.87,ptx,msa_template
5wfv,42,1,0.9433,0.9831,0.5701,0.936,0.564,0.284,0.848,ptx,msa_template
5wfv,42,2,0.9432,0.9831,0.6048,0.957,0.524,0.297,0.913,ptx,msa_template
5wfv,42,3,0.9432,0.983,0.5361,0.943,0.596,0.294,0.87,ptx,msa_template
5wfv,42,4,0.9426,0.9827,0.6453,0.943,0.533,0.293,0.87,ptx,msa_template
5wfv,43,0,0.9438,0.9832,0.5286,0.949,0.539,0.307,0.891,ptx,msa_template
5wfv,43,1,0.9438,0.9832,0.6151,0.95,0.562,0.297,0.891,ptx,msa_template
5wfv,43,2,0.9434,0.9831,0.5194,0.942,0.548,0.299,0.87,ptx,msa_template
5wfv,43,3,0.9436,0.983,0.8036,0.964,0.586,0.297,0.935,ptx,msa_template
5wfv,43,4,0.9434,0.983,0.5349,0.956,0.589,0.303,0.913,ptx,msa_template
5wfv,44,0,0.9399,0.9821,0.6649,0.941,0.591,0.315,0.87,ptx,msa_template
5wfv,44,1,0.9399,0.9819,0.5646,0.943,0.542,0.295,0.87,ptx,msa_template
5wfv,44,2,0.9397,0.9819,0.555,0.933,0.6,0.326,0.848,ptx,msa_template
5wfv,44,3,0.9394,0.9818,0.694,0.941,0.587,0.309,0.87,ptx,msa_template
5wfv,44,4,0.9388,0.9818,0.5469,0.94,0.617,0.318,0.87,ptx,msa_template
5wyi,42,0,0.6654,0.7446,24.9919,0.041,26.01,9.313,0.0,ptx,msa_template
5wyi,42,1,0.6616,0.7292,25.877,0.039,26.65,9.529,0.0,ptx,msa_template
5wyi,42,2,0.6643,0.7278,25.4788,0.044,23.698,10.999,0.0,ptx,msa_template
5wyi,42,3,0.5445,0.6813,9.2005,0.056,20.182,10.933,0.0,ptx,msa_template
5wyi,42,4,0.5208,0.6566,13.609,0.381,6.843,2.985,0.333,ptx,msa_template
5wyi,43,0,0.6479,0.7036,25.6746,0.037,27.357,9.717,0.0,ptx,msa_template
5wyi,43,1,0.6414,0.6931,25.8572,0.037,27.188,9.693,0.0,ptx,msa_template
5wyi,43,2,0.645,0.6914,24.8892,0.037,27.401,9.723,0.0,ptx,msa_template
5wyi,43,3,0.6406,0.6907,25.3317,0.043,25.332,9.057,0.0,ptx,msa_template
5wyi,43,4,0.5145,0.635,4.5696,0.094,19.025,7.226,0.074,ptx,msa_template
5wyi,44,0,0.6596,0.7259,27.1058,0.038,26.952,9.611,0.0,ptx,msa_template
5wyi,44,1,0.6628,0.7249,25.7165,0.042,25.449,9.118,0.0,ptx,msa_template
5wyi,44,2,0.6602,0.7248,27.5523,0.047,24.065,8.592,0.0,ptx,msa_template
5wyi,44,3,0.6647,0.7173,24.1415,0.429,6.843,2.999,0.481,ptx,msa_template
5wyi,44,4,0.6523,0.7051,25.7233,0.407,6.854,2.929,0.407,ptx,msa_template
5xhz,42,0,0.9393,0.932,1.0934,0.897,0.902,0.624,0.85,ptx,msa_template
5xhz,42,1,0.9394,0.932,1.3085,0.887,1.091,0.682,0.85,ptx,msa_template
5xhz,42,2,0.9394,0.9319,1.2698,0.881,1.105,0.666,0.825,ptx,msa_template
5xhz,42,3,0.9393,0.9317,1.213,0.888,1.107,0.674,0.85,ptx,msa_template
5xhz,42,4,0.9393,0.9314,1.2935,0.897,1.028,0.68,0.875,ptx,msa_template
5xhz,43,0,0.9403,0.9326,1.2184,0.904,1.225,0.614,0.875,ptx,msa_template
5xhz,43,1,0.9401,0.9325,1.3805,0.891,1.38,0.694,0.875,ptx,msa_template
5xhz,43,2,0.9399,0.9323,1.2665,0.894,1.291,0.677,0.875,ptx,msa_template
5xhz,43,3,0.94,0.9323,1.1208,0.905,1.126,0.61,0.875,ptx,msa_template
5xhz,43,4,0.94,0.9321,1.2283,0.893,1.263,0.63,0.85,ptx,msa_template
5xhz,44,0,0.9415,0.9336,1.0622,0.912,0.974,0.566,0.875,ptx,msa_template
5xhz,44,1,0.9414,0.9332,1.293,0.893,1.284,0.624,0.85,ptx,msa_template
5xhz,44,2,0.9412,0.9329,1.3208,0.905,1.123,0.549,0.85,ptx,msa_template
5xhz,44,3,0.9411,0.9328,1.2428,0.903,1.143,0.559,0.85,ptx,msa_template
5xhz,44,4,0.9415,0.9329,1.2988,0.897,1.087,0.612,0.85,ptx,msa_template
5xxq,42,0,0.8684,0.979,0.5805,0.958,0.944,0.466,0.976,ptx,msa_template
5xxq,42,1,0.8667,0.9787,0.8116,0.961,0.652,0.385,0.951,ptx,msa_template
5xxq,42,2,0.867,0.9785,0.9173,0.952,0.95,0.449,0.951,ptx,msa_template
5xxq,42,3,0.867,0.9785,0.7799,0.938,1.02,0.424,0.902,ptx,msa_template
5xxq,42,4,0.867,0.9784,0.7265,0.955,0.729,0.363,0.927,ptx,msa_template
5xxq,43,0,0.8762,0.9816,0.7368,0.96,0.814,0.389,0.951,ptx,msa_template
5xxq,43,1,0.8756,0.9815,0.7743,0.958,0.962,0.467,0.976,ptx,msa_template
5xxq,43,2,0.8771,0.9815,0.8419,0.978,0.882,0.361,1.0,ptx,msa_template
5xxq,43,3,0.8771,0.9814,0.7253,0.959,0.867,0.394,0.951,ptx,msa_template
5xxq,43,4,0.8769,0.9814,0.8214,0.959,0.856,0.395,0.951,ptx,msa_template
5xxq,44,0,0.876,0.9812,0.9004,0.948,0.818,0.42,0.927,ptx,msa_template
5xxq,44,1,0.8764,0.981,0.8229,0.963,0.81,0.438,0.976,ptx,msa_template
5xxq,44,2,0.8761,0.981,1.009,0.956,0.925,0.418,0.951,ptx,msa_template
5xxq,44,3,0.8762,0.9809,0.8068,0.963,0.851,0.432,0.976,ptx,msa_template
5xxq,44,4,0.8759,0.9809,0.8231,0.96,0.801,0.383,0.951,ptx,msa_template
5yay,42,0,0.8724,0.9441,3.1899,0.688,3.634,1.377,0.677,ptx,msa_template
5yay,42,1,0.8734,0.9439,3.7535,0.705,3.558,1.345,0.71,ptx,msa_template
5yay,42,2,0.8704,0.9439,2.9547,0.703,3.438,1.295,0.677,ptx,msa_template
5yay,42,3,0.8737,0.9434,3.5938,0.698,3.625,1.345,0.694,ptx,msa_template
5yay,42,4,0.8727,0.9433,3.5973,0.715,3.434,1.289,0.71,ptx,msa_template
5yay,43,0,0.8712,0.9474,1.7568,0.716,3.021,1.148,0.629,ptx,msa_template
5yay,43,1,0.8736,0.9451,2.2624,0.914,1.199,0.523,0.871,ptx,msa_template
5yay,43,2,0.8735,0.9447,2.3089,0.884,1.353,0.582,0.806,ptx,msa_template
5yay,43,3,0.8703,0.9423,3.5486,0.682,3.724,1.41,0.677,ptx,msa_template
5yay,43,4,0.8707,0.9421,3.5587,0.699,3.557,1.35,0.694,ptx,msa_template
5yay,44,0,0.8739,0.9459,2.0997,0.904,1.231,0.599,0.871,ptx,msa_template
5yay,44,1,0.8717,0.9457,1.0296,0.817,2.251,0.887,0.774,ptx,msa_template
5yay,44,2,0.8746,0.9456,2.116,0.818,2.289,0.875,0.774,ptx,msa_template
5yay,44,3,0.8721,0.9433,3.9614,0.697,3.577,1.365,0.694,ptx,msa_template
5yay,44,4,0.8714,0.9431,3.4327,0.713,3.355,1.276,0.694,ptx,msa_template
6b27,42,0,0.9542,0.9657,0.8387,0.963,1.013,0.39,0.968,ptx,msa_template
6b27,42,1,0.954,0.9656,0.9226,0.948,1.015,0.435,0.935,ptx,msa_template
6b27,42,2,0.9538,0.9655,0.899,0.963,0.957,0.395,0.968,ptx,msa_template
6b27,42,3,0.954,0.9655,0.8338,0.961,1.061,0.409,0.968,ptx,msa_template
6b27,42,4,0.9538,0.9654,0.8123,0.958,1.012,0.439,0.968,ptx,msa_template
6b27,43,0,0.9542,0.9658,0.9924,0.959,1.117,0.421,0.968,ptx,msa_template
6b27,43,1,0.9541,0.9657,0.8642,0.953,1.048,0.381,0.935,ptx,msa_template
6b27,43,2,0.9541,0.9657,1.1084,0.95,1.077,0.407,0.935,ptx,msa_template
6b27,43,3,0.954,0.9656,1.123,0.958,0.997,0.44,0.968,ptx,msa_template
6b27,43,4,0.954,0.9656,1.0078,0.937,1.082,0.428,0.903,ptx,msa_template
6b27,44,0,0.9494,0.9632,0.8487,0.943,0.935,0.383,0.903,ptx,msa_template
6b27,44,1,0.9494,0.9631,0.8961,0.958,0.888,0.45,0.968,ptx,msa_template
6b27,44,2,0.9493,0.963,0.8106,0.953,0.952,0.394,0.935,ptx,msa_template
6b27,44,3,0.9494,0.963,1.0486,0.944,0.989,0.375,0.903,ptx,msa_template
6b27,44,4,0.9492,0.963,1.1337,0.951,1.201,0.386,0.935,ptx,msa_template
6co4,42,0,0.9315,0.9473,1.8674,0.825,2.089,1.18,0.915,ptx,msa_template
6co4,42,1,0.9315,0.9473,1.9711,0.823,2.018,1.206,0.915,ptx,msa_template
6co4,42,2,0.9314,0.9469,2.1563,0.837,2.025,1.157,0.936,ptx,msa_template
6co4,42,3,0.9313,0.9468,2.0475,0.838,1.789,1.121,0.915,ptx,msa_template
6co4,42,4,0.9313,0.9464,1.9418,0.85,1.915,1.121,0.957,ptx,msa_template
6co4,43,0,0.9297,0.9466,1.9178,0.81,2.159,1.236,0.894,ptx,msa_template
6co4,43,1,0.9299,0.9463,1.9903,0.824,1.944,1.157,0.894,ptx,msa_template
6co4,43,2,0.9299,0.9463,1.9278,0.853,1.866,1.107,0.957,ptx,msa_template
6co4,43,3,0.9298,0.9462,1.8382,0.835,1.909,1.133,0.915,ptx,msa_template
6co4,43,4,0.9297,0.9461,1.8789,0.829,2.138,1.199,0.936,ptx,msa_template
6co4,44,0,0.9288,0.9461,2.291,0.837,1.716,1.188,0.936,ptx,msa_template
6co4,44,1,0.9288,0.9457,2.0751,0.834,2.071,1.167,0.936,ptx,msa_template
6co4,44,2,0.9287,0.9457,2.1671,0.81,1.95,1.262,0.894,ptx,msa_template
6co4,44,3,0.9285,0.9455,1.8656,0.825,1.832,1.159,0.894,ptx,msa_template
6co4,44,4,0.9287,0.9451,2.0664,0.815,2.05,1.21,0.894,ptx,msa_template
6dei,42,0,0.4971,0.3924,32.7145,0.043,23.855,11.45,0.0,ptx,msa_template
6dei,42,1,0.4967,0.3858,32.6451,0.447,6.321,3.016,0.5,ptx,msa_template
6dei,42,2,0.4915,0.3432,7.5738,0.364,7.754,3.301,0.375,ptx,msa_template
6dei,42,3,0.4913,0.3293,15.1544,0.31,10.739,4.918,0.458,ptx,msa_template
6dei,42,4,0.4951,0.3105,26.3048,0.315,10.901,4.818,0.479,ptx,msa_template
6dei,43,0,0.5056,0.4175,30.9844,0.052,21.204,10.931,0.0,ptx,msa_template
6dei,43,1,0.5027,0.4163,29.576,0.053,20.945,10.883,0.0,ptx,msa_template
6dei,43,2,0.5129,0.4139,32.4983,0.053,20.963,10.917,0.0,ptx,msa_template
6dei,43,3,0.5144,0.4033,30.5279,0.049,21.769,11.89,0.0,ptx,msa_template
6dei,43,4,0.5083,0.3918,30.962,0.026,32.801,12.342,0.0,ptx,msa_template
6dei,44,0,0.5157,0.4161,31.3053,0.059,19.563,11.113,0.0,ptx,msa_template
6dei,44,1,0.5165,0.4142,31.0915,0.053,20.89,11.133,0.0,ptx,msa_template
6dei,44,2,0.513,0.3941,31.9017,0.036,26.839,11.407,0.0,ptx,msa_template
6dei,44,3,0.5042,0.3702,20.6491,0.037,26.349,11.233,0.0,ptx,msa_template
6dei,44,4,0.4858,0.3703,23.9503,0.039,25.767,10.923,0.0,ptx,msa_template
6e5x,42,0,0.9324,0.9324,1.2977,0.971,0.949,0.423,1.0,ptx,msa_template
6e5x,42,1,0.9319,0.9325,1.528,0.859,2.468,1.024,0.971,ptx,msa_template
6e5x,42,2,0.9321,0.9322,1.2984,0.947,1.188,0.534,0.971,ptx,msa_template
6e5x,42,3,0.9326,0.9321,1.5574,0.977,0.794,0.38,1.0,ptx,msa_template
6e5x,42,4,0.9326,0.9316,1.08,0.936,1.283,0.61,0.971,ptx,msa_template
6e5x,43,0,0.9403,0.9383,3.1473,0.83,2.826,1.182,0.971,ptx,msa_template
6e5x,43,1,0.9405,0.9378,2.8343,0.815,3.066,1.257,0.971,ptx,msa_template
6e5x,43,2,0.9406,0.9377,2.7819,0.809,3.094,1.297,0.971,ptx,msa_template
6e5x,43,3,0.9408,0.9369,2.6836,0.921,1.686,0.684,0.971,ptx,msa_template
6e5x,43,4,0.9408,0.9367,2.668,0.825,2.873,1.212,0.971,ptx,msa_template
6e5x,44,0,0.9437,0.9415,2.6384,0.814,3.053,1.267,0.971,ptx,msa_template
6e5x,44,1,0.9438,0.9413,2.6742,0.828,2.813,1.196,0.971,ptx,msa_template
6e5x,44,2,0.944,0.9411,2.6085,0.834,2.75,1.158,0.971,ptx,msa_template
6e5x,44,3,0.9442,0.9408,2.781,0.931,1.494,0.628,0.971,ptx,msa_template
6e5x,44,4,0.9441,0.9407,2.709,0.838,2.687,1.142,0.971,ptx,msa_template
6ej7,42,0,0.6953,0.9223,2.2989,0.941,1.262,0.454,0.929,ptx,msa_template
6ej7,42,1,0.6881,0.9218,3.7084,0.958,0.842,0.324,0.929,ptx,msa_template
6ej7,42,2,0.6949,0.9217,1.867,0.953,1.16,0.405,0.946,ptx,msa_template
6ej7,42,3,0.6882,0.9212,3.8301,0.94,1.304,0.461,0.929,ptx,msa_template
6ej7,42,4,0.6928,0.9205,2.0247,0.955,0.948,0.346,0.929,ptx,msa_template
6ej7,43,0,0.6711,0.9159,3.958,0.93,1.41,0.528,0.929,ptx,msa_template
6ej7,43,1,0.6721,0.9154,3.8625,0.94,1.28,0.459,0.929,ptx,msa_template
6ej7,43,2,0.6718,0.9151,3.7412,0.947,1.079,0.418,0.929,ptx,msa_template
6ej7,43,3,0.6714,0.9133,3.6513,0.962,0.831,0.343,0.946,ptx,msa_template
6ej7,43,4,0.6723,0.9125,1.9041,0.964,0.769,0.332,0.946,ptx,msa_template
6ej7,44,0,0.8938,0.986,1.4972,0.954,1.266,0.449,0.964,ptx,msa_template
6ej7,44,1,0.8937,0.9858,1.2178,0.946,1.179,0.419,0.929,ptx,msa_template
6ej7,44,2,0.8931,0.9858,0.9181,0.941,1.272,0.456,0.929,ptx,msa_template
6ej7,44,3,0.8932,0.9858,1.1126,0.94,1.309,0.456,0.929,ptx,msa_template
6ej7,44,4,0.8939,0.9858,1.4377,0.93,1.494,0.525,0.929,ptx,msa_template
6f0w,42,0,0.9187,0.9708,0.5864,0.949,0.539,0.598,0.987,ptx,msa_template
6f0w,42,1,0.9185,0.9708,0.4204,0.908,0.606,0.796,0.947,ptx,msa_template
6f0w,42,2,0.9183,0.9708,0.5669,0.92,0.72,0.766,0.974,ptx,msa_template
6f0w,42,3,0.9185,0.9707,0.6033,0.923,0.687,0.714,0.961,ptx,msa_template
6f0w,42,4,0.9185,0.9707,0.6214,0.921,0.709,0.761,0.974,ptx,msa_template
6f0w,43,0,0.9109,0.968,0.6379,0.934,0.511,0.643,0.961,ptx,msa_template
6f0w,43,1,0.911,0.968,0.5655,0.92,0.565,0.771,0.974,ptx,msa_template
6f0w,43,2,0.9112,0.968,0.5746,0.939,0.706,0.628,0.974,ptx,msa_template
6f0w,43,3,0.911,0.968,0.7246,0.914,0.558,0.814,0.974,ptx,msa_template
6f0w,43,4,0.9103,0.968,0.7399,0.919,0.632,0.684,0.934,ptx,msa_template
6f0w,44,0,0.9195,0.9712,0.6118,0.935,0.537,0.668,0.974,ptx,msa_template
6f0w,44,1,0.9193,0.9712,0.5067,0.905,0.757,0.897,0.987,ptx,msa_template
6f0w,44,2,0.9192,0.9711,0.6778,0.931,0.725,0.684,0.974,ptx,msa_template
6f0w,44,3,0.9192,0.9711,0.5883,0.953,0.717,0.524,0.974,ptx,msa_template
6f0w,44,4,0.9195,0.9711,0.5694,0.928,0.615,0.712,0.974,ptx,msa_template
6f0y,42,0,0.8468,0.9169,8.9287,0.485,8.319,3.95,0.818,ptx,msa_template
6f0y,42,1,0.8464,0.916,8.3827,0.486,8.344,3.853,0.818,ptx,msa_template
6f0y,42,2,0.8465,0.9143,7.8811,0.511,7.263,3.452,0.795,ptx,msa_template
6f0y,42,3,0.851,0.9099,7.9836,0.506,7.484,3.442,0.795,ptx,msa_template
6f0y,42,4,0.8506,0.9078,8.2533,0.45,8.756,4.141,0.75,ptx,msa_template
6f0y,43,0,0.8515,0.9103,9.3282,0.476,8.432,3.905,0.795,ptx,msa_template
6f0y,43,1,0.8514,0.9102,9.6109,0.503,7.869,3.541,0.818,ptx,msa_template
6f0y,43,2,0.8516,0.9099,9.3198,0.44,9.502,4.424,0.773,ptx,msa_template
6f0y,43,3,0.8514,0.9096,9.4583,0.455,8.855,4.186,0.773,ptx,msa_template
6f0y,43,4,0.8518,0.9092,9.0516,0.452,9.119,4.102,0.773,ptx,msa_template
6f0y,44,0,0.8495,0.912,7.2107,0.5,7.938,3.623,0.818,ptx,msa_template
6f0y,44,1,0.852,0.9098,7.0813,0.503,7.62,3.451,0.795,ptx,msa_template
6f0y,44,2,0.8512,0.9094,9.4711,0.487,8.355,3.789,0.818,ptx,msa_template
6f0y,44,3,0.8512,0.9084,8.4674,0.442,9.538,4.259,0.773,ptx,msa_template
6f0y,44,4,0.8515,0.9084,8.7783,0.45,8.892,4.504,0.773,ptx,msa_template
6f4s,42,0,0.7301,0.9153,3.096,0.841,3.366,0.854,0.903,ptx,msa_template
6f4s,42,1,0.7235,0.9133,2.8,0.868,2.872,0.742,0.903,ptx,msa_template
6f4s,42,2,0.718,0.9114,1.7017,0.887,2.481,0.66,0.903,ptx,msa_template
6f4s,42,3,0.7156,0.9109,1.9939,0.845,3.106,0.795,0.871,ptx,msa_template
6f4s,42,4,0.7166,0.9104,2.1276,0.898,2.089,0.556,0.871,ptx,msa_template
6f4s,43,0,0.7303,0.921,1.6521,0.856,2.911,0.748,0.871,ptx,msa_template
6f4s,43,1,0.7303,0.9208,2.5131,0.882,2.375,0.636,0.871,ptx,msa_template
6f4s,43,2,0.7315,0.9207,2.4275,0.872,2.605,0.679,0.871,ptx,msa_template
6f4s,43,3,0.7312,0.9203,2.5236,0.86,2.794,0.733,0.871,ptx,msa_template
6f4s,43,4,0.7295,0.9202,2.5139,0.881,2.376,0.642,0.871,ptx,msa_template
6f4s,44,0,0.743,0.9189,1.314,0.839,3.176,0.822,0.871,ptx,msa_template
6f4s,44,1,0.7453,0.9186,2.2537,0.942,1.573,0.429,0.935,ptx,msa_template
6f4s,44,2,0.7424,0.918,1.6902,0.916,1.946,0.513,0.903,ptx,msa_template
6f4s,44,3,0.7414,0.9171,2.4614,0.873,2.593,0.672,0.871,ptx,msa_template
6f4s,44,4,0.7401,0.9162,1.5917,0.871,2.627,0.679,0.871,ptx,msa_template
6f6d,42,0,0.8369,0.9315,1.165,0.878,1.066,0.915,0.92,ptx,msa_template
6f6d,42,1,0.8369,0.9313,1.0925,0.893,1.015,0.813,0.92,ptx,msa_template
6f6d,42,2,0.8363,0.931,1.1035,0.896,0.951,0.821,0.931,ptx,msa_template
6f6d,42,3,0.837,0.9309,1.1592,0.879,1.016,0.911,0.92,ptx,msa_template
6f6d,42,4,0.8362,0.9308,1.1845,0.871,0.855,1.0,0.931,ptx,msa_template
6f6d,43,0,0.8273,0.9268,1.0943,0.914,0.978,0.723,0.943,ptx,msa_template
6f6d,43,1,0.8266,0.9266,0.9759,0.894,1.036,0.828,0.931,ptx,msa_template
6f6d,43,2,0.8271,0.9264,1.2183,0.887,1.035,0.908,0.943,ptx,msa_template
6f6d,43,3,0.8265,0.926,1.0942,0.903,0.917,0.803,0.943,ptx,msa_template
6f6d,43,4,0.8255,0.9253,0.9721,0.865,0.798,1.021,0.92,ptx,msa_template
6f6d,44,0,0.8396,0.9324,1.2671,0.874,1.116,0.991,0.943,ptx,msa_template
6f6d,44,1,0.8387,0.9322,0.9327,0.892,0.817,0.855,0.931,ptx,msa_template
6f6d,44,2,0.8388,0.9319,0.9947,0.907,0.811,0.751,0.931,ptx,msa_template
6f6d,44,3,0.8389,0.9317,1.149,0.886,0.909,0.893,0.931,ptx,msa_template
6f6d,44,4,0.837,0.9308,1.2209,0.868,1.028,0.933,0.897,ptx,msa_template
6fbk,42,0,0.9411,0.9428,1.1581,0.872,1.176,1.009,0.947,ptx,msa_template
6fbk,42,1,0.9411,0.9427,1.2577,0.817,2.066,1.331,0.947,ptx,msa_template
6fbk,42,2,0.9411,0.9427,1.307,0.81,2.258,1.359,0.947,ptx,msa_template
6fbk,42,3,0.9412,0.9428,1.1988,0.828,1.976,1.252,0.947,ptx,msa_template
6fbk,42,4,0.9406,0.942,2.0137,0.83,2.021,1.237,0.947,ptx,msa_template
6fbk,43,0,0.9372,0.9393,1.1554,0.871,1.179,1.017,0.947,ptx,msa_template
6fbk,43,1,0.9372,0.9391,1.1024,0.885,1.104,0.988,0.974,ptx,msa_template
6fbk,43,2,0.9373,0.939,1.1822,0.831,2.153,1.278,0.974,ptx,msa_template
6fbk,43,3,0.9373,0.939,1.062,0.841,1.84,1.177,0.947,ptx,msa_template
6fbk,43,4,0.9371,0.9389,1.0567,0.821,2.03,1.3,0.947,ptx,msa_template
6fbk,44,0,0.9411,0.9431,1.0838,0.888,1.179,0.962,0.974,ptx,msa_template
6fbk,44,1,0.9413,0.9431,1.1353,0.88,1.139,0.96,0.947,ptx,msa_template
6fbk,44,2,0.9412,0.9429,1.0944,0.832,2.038,1.22,0.947,ptx,msa_template
6fbk,44,3,0.9407,0.9421,2.0993,0.828,1.998,1.252,0.947,ptx,msa_template
6fbk,44,4,0.9407,0.9419,1.8823,0.816,2.128,1.334,0.947,ptx,msa_template
6g5g,42,0,0.8487,0.9815,2.4588,0.759,2.485,1.501,0.857,ptx,msa_template
6g5g,42,1,0.8486,0.9815,2.6044,0.743,2.777,1.539,0.837,ptx,msa_template
6g5g,42,2,0.8486,0.9814,2.6538,0.765,2.141,1.509,0.857,ptx,msa_template
6g5g,42,3,0.8485,0.9815,2.3434,0.759,1.999,1.463,0.816,ptx,msa_template
6g5g,42,4,0.8484,0.9813,2.6556,0.749,2.431,1.541,0.837,ptx,msa_template
6g5g,43,0,0.8451,0.9787,2.0883,0.783,2.349,1.437,0.898,ptx,msa_template
6g5g,43,1,0.8449,0.9785,2.4342,0.778,1.862,1.433,0.857,ptx,msa_template
6g5g,43,2,0.8449,0.9785,2.032,0.785,1.483,1.36,0.837,ptx,msa_template
6g5g,43,3,0.8451,0.9785,2.0449,0.775,2.013,1.381,0.837,ptx,msa_template
6g5g,43,4,0.8449,0.9785,1.6262,0.773,1.815,1.426,0.837,ptx,msa_template
6g5g,44,0,0.8458,0.9785,2.0698,0.768,2.086,1.485,0.857,ptx,msa_template
6g5g,44,1,0.8459,0.9785,2.0836,0.755,2.374,1.498,0.837,ptx,msa_template
6g5g,44,2,0.8456,0.9784,2.2646,0.751,2.425,1.53,0.837,ptx,msa_template
6g5g,44,3,0.8458,0.9784,2.3972,0.769,2.645,1.447,0.878,ptx,msa_template
6g5g,44,4,0.8456,0.9784,2.5041,0.739,2.513,1.496,0.796,ptx,msa_template
6h7b,42,0,0.9441,0.9575,1.2995,0.938,1.187,0.553,0.953,ptx,msa_template
6h7b,42,1,0.9442,0.9573,1.1216,0.938,1.148,0.561,0.953,ptx,msa_template
6h7b,42,2,0.9441,0.9572,1.1403,0.933,1.256,0.59,0.953,ptx,msa_template
6h7b,42,3,0.944,0.957,0.954,0.96,0.941,0.458,0.977,ptx,msa_template
6h7b,42,4,0.944,0.9569,1.1451,0.946,1.016,0.507,0.953,ptx,msa_template
6h7b,43,0,0.9438,0.9574,1.1524,0.945,1.167,0.562,0.977,ptx,msa_template
6h7b,43,1,0.9436,0.9573,1.0632,0.934,1.215,0.586,0.953,ptx,msa_template
6h7b,43,2,0.9436,0.9571,1.0794,0.932,1.09,0.547,0.93,ptx,msa_template
6h7b,43,3,0.9436,0.957,1.2078,0.951,1.09,0.524,0.977,ptx,msa_template
6h7b,43,4,0.9434,0.9569,1.2222,0.946,1.06,0.561,0.977,ptx,msa_template
6h7b,44,0,0.9442,0.9578,1.0684,0.944,1.087,0.519,0.953,ptx,msa_template
6h7b,44,1,0.9437,0.9573,1.2535,0.944,1.137,0.515,0.953,ptx,msa_template
6h7b,44,2,0.9436,0.957,1.0129,0.95,1.085,0.533,0.977,ptx,msa_template
6h7b,44,3,0.9436,0.9569,1.0083,0.935,1.232,0.574,0.953,ptx,msa_template
6h7b,44,4,0.9435,0.9568,1.1211,0.943,1.054,0.525,0.953,ptx,msa_template
