complex,seed,id,pep_plddt,iptm,scRMSD,dockq_score,lrmsd,irmsd,fnat,model,method
1a0n,42,0,0.881,0.8396,3.2438,0.715,3.244,1.535,0.783,ptx,msa_notemplate
1a0n,42,1,0.8805,0.8373,4.3966,0.665,4.397,1.751,0.783,ptx,msa_notemplate
1a0n,42,2,0.8814,0.8354,3.5585,0.714,3.558,1.477,0.783,ptx,msa_notemplate
1a0n,42,3,0.8816,0.8346,3.8098,0.713,3.81,1.557,0.826,ptx,msa_notemplate
1a0n,42,4,0.884,0.8314,2.9116,0.736,2.912,1.408,0.783,ptx,msa_notemplate
1a0n,43,0,0.8818,0.8409,4.1789,0.675,4.179,1.707,0.783,ptx,msa_notemplate
1a0n,43,1,0.8814,0.8399,4.358,0.663,4.358,1.781,0.783,ptx,msa_notemplate
1a0n,43,2,0.8814,0.8386,4.1772,0.681,4.177,1.637,0.783,ptx,msa_notemplate
1a0n,43,3,0.8822,0.8359,3.9266,0.687,3.927,1.639,0.783,ptx,msa_notemplate
1a0n,43,4,0.8822,0.8353,3.7491,0.7,3.749,1.564,0.783,ptx,msa_notemplate
1a0n,44,0,0.881,0.8411,4.2243,0.675,4.224,1.692,0.783,ptx,msa_notemplate
1a0n,44,1,0.8812,0.8389,4.0049,0.684,4.005,1.658,0.783,ptx,msa_notemplate
1a0n,44,2,0.8805,0.8367,4.489,0.665,4.489,1.724,0.783,ptx,msa_notemplate
1a0n,44,3,0.8813,0.835,3.7955,0.7,3.795,1.553,0.783,ptx,msa_notemplate
1a0n,44,4,0.8831,0.8303,3.9151,0.688,3.915,1.635,0.783,ptx,msa_notemplate
1cqg,42,0,0.8344,0.869,16.7948,0.151,16.795,7.745,0.214,ptx,msa_notemplate
1cqg,42,1,0.8312,0.861,18.2791,0.141,18.279,8.611,0.214,ptx,msa_notemplate
1cqg,42,2,0.8263,0.8589,15.2968,0.189,15.297,6.889,0.286,ptx,msa_notemplate
1cqg,42,3,0.8258,0.8546,15.21,0.201,15.21,6.944,0.321,ptx,msa_notemplate
1cqg,42,4,0.8244,0.8505,14.3658,0.174,14.366,6.621,0.214,ptx,msa_notemplate
1cqg,43,0,0.836,0.8727,16.6642,0.152,16.664,7.721,0.214,ptx,msa_notemplate
1cqg,43,1,0.8345,0.8693,17.1508,0.148,17.151,8.129,0.214,ptx,msa_notemplate
1cqg,43,2,0.8246,0.8616,15.3061,0.201,15.306,6.84,0.321,ptx,msa_notemplate
1cqg,43,3,0.8269,0.8566,14.9253,0.192,14.925,6.83,0.286,ptx,msa_notemplate
1cqg,43,4,0.8207,0.8428,14.7622,0.169,14.762,6.95,0.214,ptx,msa_notemplate
1cqg,44,0,0.8366,0.8736,16.7522,0.152,16.752,7.79,0.214,ptx,msa_notemplate
1cqg,44,1,0.8349,0.871,16.2986,0.155,16.299,7.517,0.214,ptx,msa_notemplate
1cqg,44,2,0.8335,0.8613,18.4193,0.152,18.419,8.512,0.25,ptx,msa_notemplate
1cqg,44,3,0.8236,0.8528,14.3892,0.187,14.389,6.394,0.25,ptx,msa_notemplate
1cqg,44,4,0.8205,0.8407,14.0647,0.177,14.065,6.644,0.214,ptx,msa_notemplate
1czy,42,0,0.8953,0.9582,0.6695,0.948,0.669,0.296,0.886,ptx,msa_notemplate
1czy,42,1,0.893,0.9568,1.1895,0.909,1.189,0.419,0.818,ptx,msa_notemplate
1czy,42,2,0.8932,0.9568,1.0141,0.921,1.014,0.395,0.841,ptx,msa_notemplate
1czy,42,3,0.8931,0.9566,1.0875,0.912,1.087,0.397,0.818,ptx,msa_notemplate
1czy,42,4,0.892,0.9563,1.1169,0.917,1.117,0.416,0.841,ptx,msa_notemplate
1czy,43,0,0.8976,0.9587,0.6331,0.953,0.633,0.322,0.909,ptx,msa_notemplate
1czy,43,1,0.8969,0.9582,1.0601,0.923,1.06,0.368,0.841,ptx,msa_notemplate
1czy,43,2,0.8968,0.9581,0.6994,0.953,0.699,0.319,0.909,ptx,msa_notemplate
1czy,43,3,0.8968,0.9581,1.1913,0.916,1.191,0.419,0.841,ptx,msa_notemplate
1czy,43,4,0.8955,0.9573,1.0969,0.933,1.097,0.412,0.886,ptx,msa_notemplate
1czy,44,0,0.8967,0.9582,0.9397,0.931,0.94,0.371,0.864,ptx,msa_notemplate
1czy,44,1,0.8965,0.9582,0.9782,0.923,0.978,0.377,0.841,ptx,msa_notemplate
1czy,44,2,0.8958,0.9578,1.0319,0.937,1.032,0.377,0.886,ptx,msa_notemplate
1czy,44,3,0.8958,0.9578,1.0285,0.922,1.028,0.385,0.841,ptx,msa_notemplate
1czy,44,4,0.8945,0.9574,1.3326,0.891,1.333,0.497,0.795,ptx,msa_notemplate
1ddv,42,0,0.9432,0.9554,1.0754,0.975,1.075,0.376,1.0,ptx,msa_notemplate
1ddv,42,1,0.9432,0.9552,1.008,0.977,1.008,0.367,1.0,ptx,msa_notemplate
1ddv,42,2,0.9428,0.9552,0.6885,0.986,0.689,0.288,1.0,ptx,msa_notemplate
1ddv,42,3,0.9428,0.955,0.495,0.988,0.495,0.277,1.0,ptx,msa_notemplate
1ddv,42,4,0.9429,0.9549,0.7057,0.985,0.706,0.304,1.0,ptx,msa_notemplate
1ddv,43,0,0.9437,0.9555,1.1635,0.971,1.163,0.411,1.0,ptx,msa_notemplate
1ddv,43,1,0.9431,0.9553,0.6084,0.988,0.608,0.266,1.0,ptx,msa_notemplate
1ddv,43,2,0.9432,0.9552,0.7046,0.985,0.705,0.3,1.0,ptx,msa_notemplate
1ddv,43,3,0.9432,0.9551,0.9589,0.975,0.959,0.387,1.0,ptx,msa_notemplate
1ddv,43,4,0.9428,0.955,0.5133,0.989,0.513,0.256,1.0,ptx,msa_notemplate
1ddv,44,0,0.9406,0.9533,1.0505,0.976,1.051,0.371,1.0,ptx,msa_notemplate
1ddv,44,1,0.94,0.9533,0.7155,0.986,0.716,0.289,1.0,ptx,msa_notemplate
1ddv,44,2,0.9399,0.9528,0.4719,0.99,0.472,0.245,1.0,ptx,msa_notemplate
1ddv,44,3,0.9402,0.9529,0.8365,0.985,0.837,0.29,1.0,ptx,msa_notemplate
1ddv,44,4,0.9398,0.9527,0.3355,0.991,0.335,0.248,1.0,ptx,msa_notemplate
1eg4,42,0,0.8468,0.9276,3.745,0.734,3.745,1.635,0.906,ptx,msa_notemplate
1eg4,42,1,0.8439,0.9248,2.9025,0.808,2.902,1.244,0.938,ptx,msa_notemplate
1eg4,42,2,0.8428,0.9226,2.8692,0.784,2.869,1.275,0.875,ptx,msa_notemplate
1eg4,42,3,0.8442,0.9206,1.3845,0.923,1.384,0.615,0.938,ptx,msa_notemplate
1eg4,42,4,0.8448,0.9187,1.1242,0.91,1.124,0.574,0.875,ptx,msa_notemplate
1eg4,43,0,0.8229,0.9071,1.5669,0.913,1.567,0.668,0.938,ptx,msa_notemplate
1eg4,43,1,0.8214,0.9059,1.2288,0.929,1.229,0.581,0.938,ptx,msa_notemplate
1eg4,43,2,0.8229,0.9051,2.0524,0.855,2.052,0.877,0.875,ptx,msa_notemplate
1eg4,43,3,0.8225,0.905,1.7412,0.886,1.741,0.768,0.906,ptx,msa_notemplate
1eg4,43,4,0.8208,0.9039,1.6062,0.906,1.606,0.713,0.938,ptx,msa_notemplate
1eg4,44,0,0.8102,0.8986,1.4836,0.925,1.484,0.662,0.969,ptx,msa_notemplate
1eg4,44,1,0.81,0.8977,1.354,0.922,1.354,0.621,0.938,ptx,msa_notemplate
1eg4,44,2,0.8115,0.8959,1.2497,0.945,1.25,0.616,1.0,ptx,msa_notemplate
1eg4,44,3,0.8113,0.8957,1.0657,0.916,1.066,0.528,0.875,ptx,msa_notemplate
1eg4,44,4,0.8121,0.8929,1.5793,0.893,1.579,0.738,0.906,ptx,msa_notemplate
1f47,42,0,0.9183,0.9428,1.0006,0.953,1.001,0.486,0.969,ptx,msa_notemplate
1f47,42,1,0.9183,0.9426,1.3021,0.942,1.302,0.557,0.969,ptx,msa_notemplate
1f47,42,2,0.9182,0.9422,1.0525,0.955,1.052,0.468,0.969,ptx,msa_notemplate
1f47,42,3,0.9182,0.9422,1.1557,0.958,1.156,0.52,1.0,ptx,msa_notemplate
1f47,42,4,0.9183,0.9421,1.2772,0.95,1.277,0.577,1.0,ptx,msa_notemplate
1f47,43,0,0.9186,0.9429,1.1117,0.938,1.112,0.518,0.938,ptx,msa_notemplate
1f47,43,1,0.9185,0.9426,1.0643,0.963,1.064,0.489,1.0,ptx,msa_notemplate
1f47,43,2,0.9184,0.9424,1.2213,0.956,1.221,0.53,1.0,ptx,msa_notemplate
1f47,43,3,0.9185,0.9423,1.2813,0.951,1.281,0.569,1.0,ptx,msa_notemplate
1f47,43,4,0.9182,0.9422,0.8681,0.963,0.868,0.408,0.969,ptx,msa_notemplate
1f47,44,0,0.9182,0.9429,1.0188,0.962,1.019,0.496,1.0,ptx,msa_notemplate
1f47,44,1,0.9182,0.9426,1.2844,0.942,1.284,0.554,0.969,ptx,msa_notemplate
1f47,44,2,0.9181,0.9424,0.9582,0.965,0.958,0.478,1.0,ptx,msa_notemplate
1f47,44,3,0.9182,0.9423,1.5757,0.938,1.576,0.634,1.0,ptx,msa_notemplate
1f47,44,4,0.9181,0.9422,1.1304,0.961,1.13,0.502,1.0,ptx,msa_notemplate
1f8h,42,0,0.9255,0.9526,2.3603,0.79,2.36,1.182,0.826,ptx,msa_notemplate
1f8h,42,1,0.9253,0.9523,2.3414,0.792,2.341,1.17,0.826,ptx,msa_notemplate
1f8h,42,2,0.9253,0.9522,2.4899,0.772,2.49,1.192,0.783,ptx,msa_notemplate
1f8h,42,3,0.9249,0.9517,2.3994,0.791,2.399,1.174,0.826,ptx,msa_notemplate
1f8h,42,4,0.925,0.9517,2.5673,0.74,2.567,1.203,0.696,ptx,msa_notemplate
1f8h,43,0,0.9243,0.9519,2.4666,0.786,2.467,1.202,0.826,ptx,msa_notemplate
1f8h,43,1,0.9241,0.9518,2.4004,0.793,2.4,1.16,0.826,ptx,msa_notemplate
1f8h,43,2,0.9237,0.9512,2.5073,0.757,2.507,1.194,0.739,ptx,msa_notemplate
1f8h,43,3,0.9239,0.9512,2.3847,0.777,2.385,1.171,0.783,ptx,msa_notemplate
1f8h,43,4,0.9238,0.9509,2.4484,0.746,2.448,1.176,0.696,ptx,msa_notemplate
1f8h,44,0,0.9252,0.9528,2.5128,0.786,2.513,1.197,0.826,ptx,msa_notemplate
1f8h,44,1,0.925,0.9527,2.4259,0.79,2.426,1.178,0.826,ptx,msa_notemplate
1f8h,44,2,0.9247,0.9523,2.432,0.79,2.432,1.176,0.826,ptx,msa_notemplate
1f8h,44,3,0.9246,0.9518,2.4014,0.793,2.401,1.16,0.826,ptx,msa_notemplate
1f8h,44,4,0.9243,0.9513,2.502,0.754,2.502,1.219,0.739,ptx,msa_notemplate
1j2x,42,0,0.9188,0.8982,0.6448,0.97,0.645,0.272,0.949,ptx,msa_notemplate
1j2x,42,1,0.9187,0.8978,0.8674,0.972,0.867,0.336,0.974,ptx,msa_notemplate
1j2x,42,2,0.9187,0.8975,0.5294,0.986,0.529,0.296,1.0,ptx,msa_notemplate
1j2x,42,3,0.9186,0.8975,0.7973,0.974,0.797,0.319,0.974,ptx,msa_notemplate
1j2x,42,4,0.9186,0.8973,0.6216,0.977,0.622,0.294,0.974,ptx,msa_notemplate
1j2x,43,0,0.9263,0.9072,0.7968,0.986,0.797,0.275,1.0,ptx,msa_notemplate
1j2x,43,1,0.9264,0.9072,0.7476,0.981,0.748,0.342,1.0,ptx,msa_notemplate
1j2x,43,2,0.9262,0.9068,0.7945,0.978,0.794,0.276,0.974,ptx,msa_notemplate
1j2x,43,3,0.9261,0.9067,0.7591,0.987,0.759,0.271,1.0,ptx,msa_notemplate
1j2x,43,4,0.9259,0.9059,0.7339,0.981,0.734,0.342,1.0,ptx,msa_notemplate
1j2x,44,0,0.926,0.9069,0.8172,0.982,0.817,0.321,1.0,ptx,msa_notemplate
1j2x,44,1,0.9261,0.9069,0.8875,0.985,0.888,0.285,1.0,ptx,msa_notemplate
1j2x,44,2,0.9258,0.9066,0.7725,0.975,0.773,0.312,0.974,ptx,msa_notemplate
1j2x,44,3,0.9258,0.9064,0.6536,0.986,0.654,0.285,1.0,ptx,msa_notemplate
1j2x,44,4,0.9257,0.9059,0.7042,0.975,0.704,0.319,0.974,ptx,msa_notemplate
1jd5,42,0,0.9581,0.9733,1.0318,0.93,1.032,0.676,0.973,ptx,msa_notemplate
1jd5,42,1,0.958,0.9733,1.1116,0.936,1.112,0.694,1.0,ptx,msa_notemplate
1jd5,42,2,0.9581,0.9732,0.9536,0.947,0.954,0.556,0.973,ptx,msa_notemplate
1jd5,42,3,0.958,0.9732,0.9333,0.954,0.933,0.496,0.973,ptx,msa_notemplate
1jd5,42,4,0.9582,0.9733,0.982,0.929,0.982,0.685,0.973,ptx,msa_notemplate
1jd5,43,0,0.9582,0.9732,0.8872,0.956,0.887,0.482,0.973,ptx,msa_notemplate
1jd5,43,1,0.9581,0.9732,0.9433,0.958,0.943,0.458,0.973,ptx,msa_notemplate
1jd5,43,2,0.958,0.9732,1.0277,0.942,1.028,0.584,0.973,ptx,msa_notemplate
1jd5,43,3,0.9581,0.9732,0.9582,0.943,0.958,0.583,0.973,ptx,msa_notemplate
1jd5,43,4,0.9582,0.9732,0.9233,0.951,0.923,0.525,0.973,ptx,msa_notemplate
1jd5,44,0,0.958,0.9732,1.0326,0.96,1.033,0.513,1.0,ptx,msa_notemplate
1jd5,44,1,0.958,0.9732,1.0549,0.924,1.055,0.716,0.973,ptx,msa_notemplate
1jd5,44,2,0.958,0.9731,0.9458,0.952,0.946,0.51,0.973,ptx,msa_notemplate
1jd5,44,3,0.9579,0.9731,1.0423,0.946,1.042,0.557,0.973,ptx,msa_notemplate
1jd5,44,4,0.9581,0.9732,1.0359,0.933,1.036,0.652,0.973,ptx,msa_notemplate
1jq8,42,0,0.7536,0.8518,1.8882,0.844,1.888,0.625,0.727,ptx,msa_notemplate
1jq8,42,1,0.7507,0.8482,2.7732,0.803,2.773,0.856,0.75,ptx,msa_notemplate
1jq8,42,2,0.7525,0.8478,2.3243,0.833,2.324,0.705,0.75,ptx,msa_notemplate
1jq8,42,3,0.7483,0.8443,2.8042,0.792,2.804,0.821,0.705,ptx,msa_notemplate
1jq8,42,4,0.7486,0.8433,2.6802,0.807,2.68,0.837,0.75,ptx,msa_notemplate
1jq8,43,0,0.7542,0.8528,2.1665,0.808,2.167,0.743,0.682,ptx,msa_notemplate
1jq8,43,1,0.7544,0.8518,2.038,0.832,2.038,0.694,0.727,ptx,msa_notemplate
1jq8,43,2,0.7537,0.8495,2.1053,0.836,2.105,0.713,0.75,ptx,msa_notemplate
1jq8,43,3,0.7505,0.8464,1.7233,0.868,1.723,0.576,0.773,ptx,msa_notemplate
1jq8,43,4,0.7481,0.8463,2.4967,0.811,2.497,0.783,0.727,ptx,msa_notemplate
1jq8,44,0,0.7569,0.8481,2.3041,0.826,2.304,0.756,0.75,ptx,msa_notemplate
1jq8,44,1,0.7586,0.8475,2.319,0.843,2.319,0.692,0.773,ptx,msa_notemplate
1jq8,44,2,0.7556,0.8465,2.7287,0.807,2.729,0.782,0.727,ptx,msa_notemplate
1jq8,44,3,0.7549,0.8457,2.5207,0.834,2.521,0.782,0.795,ptx,msa_notemplate
1jq8,44,4,0.7567,0.845,2.5811,0.828,2.581,0.759,0.773,ptx,msa_notemplate
1jw6,42,0,0.6125,0.7649,17.8289,0.11,17.829,5.201,0.067,ptx,msa_notemplate
1jw6,42,1,0.6092,0.7617,18.1817,0.107,18.182,5.32,0.067,ptx,msa_notemplate
1jw6,42,2,0.6088,0.7599,18.5392,0.104,18.539,5.403,0.067,ptx,msa_notemplate
1jw6,42,3,0.6086,0.7597,17.2295,0.115,17.23,5.037,0.067,ptx,msa_notemplate
1jw6,42,4,0.6087,0.7593,17.6653,0.111,17.665,5.176,0.067,ptx,msa_notemplate
1jw6,43,0,0.619,0.7759,17.1618,0.126,17.162,5.014,0.1,ptx,msa_notemplate
1jw6,43,1,0.6209,0.7739,17.0951,0.092,17.095,5.187,0.0,ptx,msa_notemplate
1jw6,43,2,0.6167,0.7677,18.6034,0.104,18.603,5.391,0.067,ptx,msa_notemplate
1jw6,43,3,0.6154,0.7675,17.5101,0.123,17.51,5.123,0.1,ptx,msa_notemplate
1jw6,43,4,0.6139,0.7602,16.8459,0.129,16.846,4.912,0.1,ptx,msa_notemplate
1jw6,44,0,0.6255,0.7764,18.7939,0.102,18.794,5.531,0.067,ptx,msa_notemplate
1jw6,44,1,0.6263,0.7761,19.8058,0.095,19.806,5.828,0.067,ptx,msa_notemplate
1jw6,44,2,0.6239,0.775,17.9992,0.119,17.999,5.31,0.1,ptx,msa_notemplate
1jw6,44,3,0.6162,0.7583,18.2789,0.106,18.279,5.295,0.067,ptx,msa_notemplate
1jw6,44,4,0.6133,0.7497,13.9953,0.17,13.995,4.317,0.133,ptx,msa_notemplate
1l2z,42,0,0.8659,0.8565,4.449,0.602,4.449,2.254,0.714,ptx,msa_notemplate
1l2z,42,1,0.8673,0.8524,3.8809,0.638,3.881,1.952,0.714,ptx,msa_notemplate
1l2z,42,2,0.8672,0.8521,4.3046,0.6,4.305,2.165,0.679,ptx,msa_notemplate
1l2z,42,3,0.8673,0.8521,3.6578,0.639,3.658,1.862,0.679,ptx,msa_notemplate
1l2z,42,4,0.8677,0.8495,3.8849,0.621,3.885,2.01,0.679,ptx,msa_notemplate
1l2z,43,0,0.869,0.8578,4.0291,0.631,4.029,1.987,0.714,ptx,msa_notemplate
1l2z,43,1,0.8692,0.8576,3.8717,0.643,3.872,1.886,0.714,ptx,msa_notemplate
1l2z,43,2,0.8692,0.8575,3.8656,0.623,3.866,1.994,0.679,ptx,msa_notemplate
1l2z,43,3,0.8692,0.8572,3.8796,0.636,3.88,1.969,0.714,ptx,msa_notemplate
1l2z,43,4,0.8689,0.8569,3.6698,0.661,3.67,1.877,0.75,ptx,msa_notemplate
1l2z,44,0,0.8721,0.8586,3.5795,0.656,3.58,1.821,0.714,ptx,msa_notemplate
1l2z,44,1,0.8725,0.8586,3.8731,0.638,3.873,1.95,0.714,ptx,msa_notemplate
1l2z,44,2,0.8726,0.8576,3.7544,0.641,3.754,1.952,0.714,ptx,msa_notemplate
1l2z,44,3,0.8723,0.8574,3.657,0.661,3.657,1.875,0.75,ptx,msa_notemplate
1l2z,44,4,0.8729,0.8567,4.0123,0.628,4.012,2.04,0.714,ptx,msa_notemplate
1lb6,42,0,0.898,0.9626,0.5578,0.974,0.558,0.336,0.973,ptx,msa_notemplate
1lb6,42,1,0.8981,0.9625,0.7077,0.97,0.708,0.366,0.973,ptx,msa_notemplate
1lb6,42,2,0.8982,0.9625,0.6591,0.972,0.659,0.344,0.973,ptx,msa_notemplate
1lb6,42,3,0.8981,0.9624,0.5376,0.975,0.538,0.317,0.973,ptx,msa_notemplate
1lb6,42,4,0.8976,0.9623,0.4762,0.976,0.476,0.319,0.973,ptx,msa_notemplate
1lb6,43,0,0.8971,0.9622,0.4882,0.977,0.488,0.3,0.973,ptx,msa_notemplate
1lb6,43,1,0.8969,0.9621,0.5167,0.977,0.517,0.296,0.973,ptx,msa_notemplate
1lb6,43,2,0.8968,0.962,0.5022,0.986,0.502,0.301,1.0,ptx,msa_notemplate
1lb6,43,3,0.8968,0.962,0.4944,0.977,0.494,0.298,0.973,ptx,msa_notemplate
1lb6,43,4,0.8969,0.9618,0.5788,0.967,0.579,0.31,0.946,ptx,msa_notemplate
1lb6,44,0,0.8983,0.9599,0.7965,0.96,0.797,0.374,0.946,ptx,msa_notemplate
1lb6,44,1,0.8982,0.9598,0.605,0.984,0.605,0.32,1.0,ptx,msa_notemplate
1lb6,44,2,0.8981,0.9598,0.7414,0.979,0.741,0.364,1.0,ptx,msa_notemplate
1lb6,44,3,0.8981,0.9597,0.6406,0.973,0.641,0.342,0.973,ptx,msa_notemplate
1lb6,44,4,0.898,0.9597,0.6658,0.982,0.666,0.336,1.0,ptx,msa_notemplate
1mf4,42,0,0.7497,0.8311,1.3159,0.947,1.316,0.437,0.943,ptx,msa_notemplate
1mf4,42,1,0.7502,0.8295,1.5108,0.895,1.511,0.531,0.829,ptx,msa_notemplate
1mf4,42,2,0.7492,0.8289,1.0989,0.947,1.099,0.371,0.914,ptx,msa_notemplate
1mf4,42,3,0.7483,0.8287,1.4325,0.903,1.433,0.477,0.829,ptx,msa_notemplate
1mf4,42,4,0.7482,0.8285,1.1669,0.942,1.167,0.41,0.914,ptx,msa_notemplate
1mf4,43,0,0.7692,0.8487,1.3306,0.947,1.331,0.432,0.943,ptx,msa_notemplate
1mf4,43,1,0.7681,0.8486,2.9134,0.834,2.913,0.799,0.829,ptx,msa_notemplate
1mf4,43,2,0.7611,0.8443,2.2087,0.863,2.209,0.622,0.8,ptx,msa_notemplate
1mf4,43,3,0.7619,0.8443,0.9141,0.962,0.914,0.323,0.943,ptx,msa_notemplate
1mf4,43,4,0.7558,0.8401,1.9288,0.878,1.929,0.548,0.8,ptx,msa_notemplate
1mf4,44,0,0.7627,0.8443,1.9027,0.875,1.903,0.572,0.8,ptx,msa_notemplate
1mf4,44,1,0.7647,0.844,1.3034,0.948,1.303,0.432,0.943,ptx,msa_notemplate
1mf4,44,2,0.7645,0.8435,1.0634,0.938,1.063,0.367,0.886,ptx,msa_notemplate
1mf4,44,3,0.7554,0.8425,2.0186,0.89,2.019,0.591,0.857,ptx,msa_notemplate
1mf4,44,4,0.762,0.8422,1.6353,0.896,1.635,0.515,0.829,ptx,msa_notemplate
1mv0,42,0,0.8152,0.8094,8.2985,0.359,8.299,3.606,0.419,ptx,msa_notemplate
1mv0,42,1,0.8146,0.8076,7.247,0.404,7.247,3.101,0.442,ptx,msa_notemplate
1mv0,42,2,0.814,0.8067,7.3418,0.39,7.342,3.215,0.419,ptx,msa_notemplate
1mv0,42,3,0.8147,0.8059,7.9761,0.378,7.976,3.42,0.442,ptx,msa_notemplate
1mv0,42,4,0.8142,0.8052,7.905,0.365,7.905,3.383,0.395,ptx,msa_notemplate
1mv0,43,0,0.8791,0.8502,11.111,0.224,11.111,4.153,0.186,ptx,msa_notemplate
1mv0,43,1,0.8794,0.8492,12.1221,0.196,12.122,4.58,0.163,ptx,msa_notemplate
1mv0,43,2,0.8801,0.8492,11.2193,0.211,11.219,4.358,0.163,ptx,msa_notemplate
1mv0,43,3,0.8789,0.8488,11.8276,0.211,11.828,4.324,0.186,ptx,msa_notemplate
1mv0,43,4,0.8795,0.8484,11.8235,0.216,11.823,4.563,0.209,ptx,msa_notemplate
1mv0,44,0,0.8051,0.7959,7.754,0.39,7.754,3.43,0.465,ptx,msa_notemplate
1mv0,44,1,0.8055,0.7954,8.3232,0.36,8.323,3.57,0.419,ptx,msa_notemplate
1mv0,44,2,0.8057,0.7951,7.6332,0.381,7.633,3.3,0.419,ptx,msa_notemplate
1mv0,44,3,0.8053,0.7951,7.497,0.392,7.497,3.304,0.442,ptx,msa_notemplate
1mv0,44,4,0.8055,0.7941,7.7706,0.383,7.771,3.41,0.442,ptx,msa_notemplate
1nrl,42,0,0.9138,0.9793,0.5241,0.979,0.524,0.379,1.0,ptx,msa_notemplate
1nrl,42,1,0.9139,0.9793,0.5599,0.979,0.56,0.38,1.0,ptx,msa_notemplate
1nrl,42,2,0.914,0.9793,0.5666,0.98,0.567,0.364,1.0,ptx,msa_notemplate
1nrl,42,3,0.9138,0.9792,0.7058,0.975,0.706,0.404,1.0,ptx,msa_notemplate
1nrl,42,4,0.9137,0.9792,0.7034,0.974,0.703,0.416,1.0,ptx,msa_notemplate
1nrl,43,0,0.9159,0.9798,0.626,0.981,0.626,0.352,1.0,ptx,msa_notemplate
1nrl,43,1,0.9157,0.9798,1.0202,0.962,1.02,0.5,1.0,ptx,msa_notemplate
1nrl,43,2,0.9159,0.9797,0.6634,0.97,0.663,0.368,0.974,ptx,msa_notemplate
1nrl,43,3,0.9159,0.9797,0.6555,0.97,0.655,0.369,0.974,ptx,msa_notemplate
1nrl,43,4,0.9158,0.9796,0.5629,0.977,0.563,0.394,1.0,ptx,msa_notemplate
1nrl,44,0,0.9119,0.9794,0.5886,0.976,0.589,0.398,1.0,ptx,msa_notemplate
1nrl,44,1,0.9116,0.9793,0.5658,0.973,0.566,0.349,0.974,ptx,msa_notemplate
1nrl,44,2,0.9116,0.9793,0.5346,0.979,0.535,0.373,1.0,ptx,msa_notemplate
1nrl,44,3,0.9117,0.9793,0.6477,0.967,0.648,0.398,0.974,ptx,msa_notemplate
1nrl,44,4,0.9116,0.9792,0.6207,0.976,0.621,0.397,1.0,ptx,msa_notemplate
1nvq,42,0,0.5005,0.5457,0.9353,0.929,0.935,0.45,0.88,ptx,msa_notemplate
1nvq,42,1,0.5007,0.5444,0.6075,0.941,0.608,0.354,0.88,ptx,msa_notemplate
1nvq,42,2,0.4999,0.5434,0.6935,0.969,0.693,0.334,0.96,ptx,msa_notemplate
1nvq,42,3,0.4994,0.5429,0.7844,0.948,0.784,0.406,0.92,ptx,msa_notemplate
1nvq,42,4,0.5,0.5424,0.7603,0.968,0.76,0.341,0.96,ptx,msa_notemplate
1nvq,43,0,0.5039,0.55,0.8462,0.949,0.846,0.392,0.92,ptx,msa_notemplate
1nvq,43,1,0.5016,0.545,0.8252,0.946,0.825,0.417,0.92,ptx,msa_notemplate
1nvq,43,2,0.5017,0.5444,0.7196,0.938,0.72,0.371,0.88,ptx,msa_notemplate
1nvq,43,3,0.5009,0.5404,1.0134,0.939,1.013,0.469,0.92,ptx,msa_notemplate
1nvq,43,4,0.5006,0.5403,0.5409,0.956,0.541,0.333,0.92,ptx,msa_notemplate
1nvq,44,0,0.5393,0.5532,0.6919,0.94,0.692,0.359,0.88,ptx,msa_notemplate
1nvq,44,1,0.5384,0.5509,0.8863,0.963,0.886,0.375,0.96,ptx,msa_notemplate
1nvq,44,2,0.5381,0.5506,0.8963,0.925,0.896,0.483,0.88,ptx,msa_notemplate
1nvq,44,3,0.5378,0.5499,0.6587,0.952,0.659,0.368,0.92,ptx,msa_notemplate
1nvq,44,4,0.5374,0.547,0.8427,0.943,0.843,0.446,0.92,ptx,msa_notemplate
1o0p,42,0,0.8215,0.9056,4.5732,0.57,4.573,2.002,0.575,ptx,msa_notemplate
1o0p,42,1,0.8214,0.9056,4.6475,0.563,4.648,2.07,0.575,ptx,msa_notemplate
1o0p,42,2,0.8215,0.9054,5.7749,0.497,5.775,2.392,0.525,ptx,msa_notemplate
1o0p,42,3,0.8223,0.9055,5.9515,0.481,5.952,2.613,0.525,ptx,msa_notemplate
1o0p,42,4,0.82,0.9049,5.5656,0.55,5.566,2.297,0.65,ptx,msa_notemplate
1o0p,43,0,0.8178,0.8968,5.624,0.532,5.624,2.434,0.625,ptx,msa_notemplate
1o0p,43,1,0.8173,0.8966,6.7999,0.459,6.8,3.088,0.575,ptx,msa_notemplate
1o0p,43,2,0.8164,0.8965,5.0223,0.546,5.022,2.304,0.6,ptx,msa_notemplate
1o0p,43,3,0.8173,0.8965,5.6801,0.491,5.68,2.392,0.5,ptx,msa_notemplate
1o0p,43,4,0.8179,0.8965,5.6766,0.538,5.677,2.456,0.65,ptx,msa_notemplate
1o0p,44,0,0.8198,0.9015,5.3647,0.522,5.365,2.28,0.55,ptx,msa_notemplate
1o0p,44,1,0.8211,0.9014,5.7689,0.515,5.769,2.527,0.6,ptx,msa_notemplate
1o0p,44,2,0.8215,0.9013,5.8675,0.496,5.867,2.52,0.55,ptx,msa_notemplate
1o0p,44,3,0.8221,0.9011,6.0358,0.495,6.036,2.626,0.575,ptx,msa_notemplate
1o0p,44,4,0.8213,0.9009,6.9412,0.432,6.941,3.025,0.5,ptx,msa_notemplate
1p7v,42,0,0.7223,0.8728,3.0426,0.783,3.043,0.867,0.714,ptx,msa_notemplate
1p7v,42,1,0.7237,0.8725,2.9466,0.796,2.947,0.84,0.735,ptx,msa_notemplate
1p7v,42,2,0.7154,0.8691,4.4715,0.669,4.472,1.249,0.633,ptx,msa_notemplate
1p7v,42,3,0.7221,0.8688,2.2214,0.838,2.221,0.647,0.735,ptx,msa_notemplate
1p7v,42,4,0.715,0.8658,5.6003,0.59,5.6,1.56,0.592,ptx,msa_notemplate
1p7v,43,0,0.7215,0.8688,2.8968,0.806,2.897,0.826,0.755,ptx,msa_notemplate
1p7v,43,1,0.7223,0.8686,2.7536,0.829,2.754,0.783,0.796,ptx,msa_notemplate
1p7v,43,2,0.718,0.8685,2.9751,0.796,2.975,0.84,0.735,ptx,msa_notemplate
1p7v,43,3,0.7194,0.8659,2.8677,0.793,2.868,0.824,0.714,ptx,msa_notemplate
1p7v,43,4,0.7179,0.8655,2.6936,0.817,2.694,0.78,0.755,ptx,msa_notemplate
1p7v,44,0,0.7222,0.8722,3.0221,0.777,3.022,0.865,0.694,ptx,msa_notemplate
1p7v,44,1,0.7243,0.8717,4.0701,0.702,4.07,1.129,0.653,ptx,msa_notemplate
1p7v,44,2,0.7198,0.8702,3.3076,0.762,3.308,0.929,0.694,ptx,msa_notemplate
1p7v,44,3,0.7215,0.8699,3.2353,0.752,3.235,0.913,0.653,ptx,msa_notemplate
1p7v,44,4,0.7208,0.8645,2.1075,0.859,2.107,0.61,0.776,ptx,msa_notemplate
1pmx,42,0,0.9164,0.9017,5.1968,0.614,5.197,1.938,0.739,ptx,msa_notemplate
1pmx,42,1,0.9164,0.9014,4.5236,0.629,4.524,1.965,0.739,ptx,msa_notemplate
1pmx,42,2,0.9166,0.9012,5.2737,0.634,5.274,1.843,0.783,ptx,msa_notemplate
1pmx,42,3,0.9163,0.901,3.7865,0.662,3.786,1.961,0.783,ptx,msa_notemplate
1pmx,42,4,0.9164,0.901,4.7994,0.631,4.799,1.852,0.739,ptx,msa_notemplate
1pmx,43,0,0.9206,0.9098,4.1971,0.678,4.197,1.818,0.826,ptx,msa_notemplate
1pmx,43,1,0.9207,0.9097,4.4612,0.647,4.461,1.935,0.783,ptx,msa_notemplate
1pmx,43,2,0.9207,0.9095,4.4982,0.666,4.498,1.876,0.826,ptx,msa_notemplate
1pmx,43,3,0.9207,0.9094,4.7046,0.677,4.705,1.689,0.826,ptx,msa_notemplate
1pmx,43,4,0.9206,0.9091,5.6872,0.637,5.687,1.857,0.826,ptx,msa_notemplate
1pmx,44,0,0.9212,0.9105,5.4834,0.641,5.483,1.877,0.826,ptx,msa_notemplate
1pmx,44,1,0.9211,0.9103,3.5096,0.698,3.51,1.781,0.826,ptx,msa_notemplate
1pmx,44,2,0.9211,0.9103,5.886,0.631,5.886,1.868,0.826,ptx,msa_notemplate
1pmx,44,3,0.9211,0.91,4.835,0.658,4.835,1.869,0.826,ptx,msa_notemplate
1pmx,44,4,0.9212,0.9097,5.9616,0.608,5.962,1.951,0.783,ptx,msa_notemplate
1r17,42,0,0.8934,0.9689,0.7513,0.898,0.751,0.872,0.953,ptx,msa_notemplate
1r17,42,1,0.8936,0.9688,0.7653,0.9,0.765,0.879,0.965,ptx,msa_notemplate
1r17,42,2,0.8934,0.9687,0.8519,0.909,0.852,0.871,0.988,ptx,msa_notemplate
1r17,42,3,0.8935,0.9686,0.9161,0.885,0.916,0.978,0.965,ptx,msa_notemplate
1r17,42,4,0.8934,0.9685,0.8233,0.906,0.823,0.89,0.988,ptx,msa_notemplate
1r17,43,0,0.919,0.9767,0.8902,0.909,0.89,0.84,0.976,ptx,msa_notemplate
1r17,43,1,0.9191,0.9767,0.9959,0.879,0.996,1.046,0.976,ptx,msa_notemplate
1r17,43,2,0.9194,0.9767,0.9686,0.857,0.969,1.149,0.953,ptx,msa_notemplate
1r17,43,3,0.9192,0.9767,0.9498,0.874,0.95,1.055,0.965,ptx,msa_notemplate
1r17,43,4,0.9192,0.9766,0.807,0.886,0.807,1.004,0.976,ptx,msa_notemplate
1r17,44,0,0.8904,0.9668,0.9185,0.911,0.919,0.77,0.953,ptx,msa_notemplate
1r17,44,1,0.8905,0.9669,0.7902,0.883,0.79,1.025,0.976,ptx,msa_notemplate
1r17,44,2,0.8905,0.9667,0.9838,0.866,0.984,1.078,0.953,ptx,msa_notemplate
1r17,44,3,0.8904,0.9667,0.7882,0.865,0.788,1.068,0.941,ptx,msa_notemplate
1r17,44,4,0.89,0.9663,1.1512,0.846,1.151,1.155,0.929,ptx,msa_notemplate
1rxz,42,0,0.9197,0.9772,0.8005,0.882,0.8,0.917,0.926,ptx,msa_notemplate
1rxz,42,1,0.9198,0.9772,0.9309,0.928,0.931,0.674,0.963,ptx,msa_notemplate
1rxz,42,2,0.9193,0.977,0.9017,0.919,0.902,0.691,0.944,ptx,msa_notemplate
1rxz,42,3,0.9194,0.9769,0.8732,0.845,0.873,1.132,0.907,ptx,msa_notemplate
1rxz,42,4,0.9199,0.9769,0.7937,0.899,0.794,0.841,0.944,ptx,msa_notemplate
1rxz,43,0,0.9128,0.9766,1.1727,0.908,1.173,0.8,0.963,ptx,msa_notemplate
1rxz,43,1,0.9131,0.9765,0.9366,0.938,0.937,0.599,0.963,ptx,msa_notemplate
1rxz,43,2,0.9129,0.9764,0.6962,0.91,0.696,0.728,0.926,ptx,msa_notemplate
1rxz,43,3,0.9132,0.9764,0.9247,0.897,0.925,0.805,0.926,ptx,msa_notemplate
1rxz,43,4,0.9125,0.9763,0.8469,0.875,0.847,0.92,0.907,ptx,msa_notemplate
1rxz,44,0,0.9214,0.9771,0.8324,0.919,0.832,0.701,0.944,ptx,msa_notemplate
1rxz,44,1,0.9215,0.977,0.7957,0.877,0.796,0.951,0.926,ptx,msa_notemplate
1rxz,44,2,0.9215,0.977,0.7076,0.867,0.708,0.982,0.907,ptx,msa_notemplate
1rxz,44,3,0.9212,0.977,0.7317,0.9,0.732,0.752,0.907,ptx,msa_notemplate
1rxz,44,4,0.9214,0.9769,1.0481,0.864,1.048,1.026,0.926,ptx,msa_notemplate
1t74,42,0,0.8516,0.9396,1.3194,0.947,1.319,0.496,0.964,ptx,msa_notemplate
1t74,42,1,0.8496,0.9375,0.9644,0.948,0.964,0.414,0.929,ptx,msa_notemplate
1t74,42,2,0.8505,0.9373,1.1374,0.943,1.137,0.451,0.929,ptx,msa_notemplate
1t74,42,3,0.8485,0.9354,1.0505,0.948,1.05,0.412,0.929,ptx,msa_notemplate
1t74,42,4,0.847,0.9348,0.9691,0.914,0.969,0.398,0.821,ptx,msa_notemplate
1t74,43,0,0.8568,0.9445,1.4651,0.938,1.465,0.561,0.964,ptx,msa_notemplate
1t74,43,1,0.8572,0.9445,1.6773,0.914,1.677,0.63,0.929,ptx,msa_notemplate
1t74,43,2,0.8563,0.9443,1.4812,0.926,1.481,0.558,0.929,ptx,msa_notemplate
1t74,43,3,0.8578,0.9441,1.7941,0.908,1.794,0.658,0.929,ptx,msa_notemplate
1t74,43,4,0.8575,0.9429,1.0901,0.947,1.09,0.413,0.929,ptx,msa_notemplate
1t74,44,0,0.8598,0.946,1.286,0.948,1.286,0.492,0.964,ptx,msa_notemplate
1t74,44,1,0.8578,0.9455,1.7317,0.924,1.732,0.64,0.964,ptx,msa_notemplate
1t74,44,2,0.8585,0.9453,1.4308,0.928,1.431,0.545,0.929,ptx,msa_notemplate
1t74,44,3,0.8592,0.9452,1.0837,0.95,1.084,0.388,0.929,ptx,msa_notemplate
1t74,44,4,0.8583,0.944,1.2113,0.932,1.211,0.434,0.893,ptx,msa_notemplate
1v1t,42,0,0.9309,0.9804,1.1336,0.977,1.134,0.352,1.0,ptx,msa_notemplate
1v1t,42,1,0.931,0.9804,0.7953,0.966,0.795,0.361,0.96,ptx,msa_notemplate
1v1t,42,2,0.9311,0.9804,0.8918,0.963,0.892,0.378,0.96,ptx,msa_notemplate
1v1t,42,3,0.9309,0.9803,0.9367,0.964,0.937,0.364,0.96,ptx,msa_notemplate
1v1t,42,4,0.931,0.9804,0.7399,0.966,0.74,0.362,0.96,ptx,msa_notemplate
1v1t,43,0,0.9314,0.9805,0.8339,0.964,0.834,0.376,0.96,ptx,msa_notemplate
1v1t,43,1,0.9313,0.9804,1.2047,0.977,1.205,0.343,1.0,ptx,msa_notemplate
1v1t,43,2,0.9315,0.9805,0.9937,0.966,0.994,0.343,0.96,ptx,msa_notemplate
1v1t,43,3,0.9314,0.9805,0.8924,0.979,0.892,0.35,1.0,ptx,msa_notemplate
1v1t,43,4,0.9315,0.9805,0.7016,0.965,0.702,0.375,0.96,ptx,msa_notemplate
1v1t,44,0,0.933,0.9807,0.9458,0.966,0.946,0.339,0.96,ptx,msa_notemplate
1v1t,44,1,0.933,0.9807,0.7036,0.969,0.704,0.328,0.96,ptx,msa_notemplate
1v1t,44,2,0.9331,0.9806,0.8634,0.966,0.863,0.347,0.96,ptx,msa_notemplate
1v1t,44,3,0.933,0.9806,0.7451,0.97,0.745,0.316,0.96,ptx,msa_notemplate
1v1t,44,4,0.933,0.9807,0.6994,0.968,0.699,0.345,0.96,ptx,msa_notemplate
1w80,42,0,0.8692,0.9464,1.3791,0.889,1.379,0.542,0.808,ptx,msa_notemplate
1w80,42,1,0.8688,0.946,1.1879,0.91,1.188,0.492,0.846,ptx,msa_notemplate
1w80,42,2,0.8689,0.946,1.4513,0.904,1.451,0.514,0.846,ptx,msa_notemplate
1w80,42,3,0.8676,0.9452,1.3354,0.902,1.335,0.545,0.846,ptx,msa_notemplate
1w80,42,4,0.8682,0.945,1.3319,0.936,1.332,0.472,0.923,ptx,msa_notemplate
1w80,43,0,0.8597,0.9436,1.2301,0.894,1.23,0.515,0.808,ptx,msa_notemplate
1w80,43,1,0.86,0.9434,1.1436,0.9,1.144,0.473,0.808,ptx,msa_notemplate
1w80,43,2,0.859,0.9426,1.2525,0.911,1.253,0.479,0.846,ptx,msa_notemplate
1w80,43,3,0.8589,0.9422,1.0942,0.945,1.094,0.418,0.923,ptx,msa_notemplate
1w80,43,4,0.8587,0.9417,1.1666,0.931,1.167,0.423,0.885,ptx,msa_notemplate
1w80,44,0,0.8632,0.9416,1.2085,0.939,1.208,0.464,0.923,ptx,msa_notemplate
1w80,44,1,0.8623,0.9415,1.1437,0.902,1.144,0.452,0.808,ptx,msa_notemplate
1w80,44,2,0.8625,0.941,1.1355,0.93,1.135,0.436,0.885,ptx,msa_notemplate
1w80,44,3,0.8623,0.9407,1.11,0.933,1.11,0.41,0.885,ptx,msa_notemplate
1w80,44,4,0.8624,0.9406,1.1894,0.941,1.189,0.449,0.923,ptx,msa_notemplate
1yfn,42,0,0.632,0.6334,7.6461,0.341,7.646,3.329,0.302,ptx,msa_notemplate
1yfn,42,1,0.628,0.6282,8.7427,0.296,8.743,3.739,0.264,ptx,msa_notemplate
1yfn,42,2,0.6301,0.6256,8.8241,0.281,8.824,3.793,0.226,ptx,msa_notemplate
1yfn,42,3,0.6267,0.6141,9.1047,0.285,9.105,3.976,0.264,ptx,msa_notemplate
1yfn,42,4,0.623,0.6045,9.23,0.276,9.23,3.979,0.245,ptx,msa_notemplate
1yfn,43,0,0.6449,0.6567,7.8209,0.309,7.821,3.438,0.226,ptx,msa_notemplate
1yfn,43,1,0.6376,0.6509,7.8435,0.338,7.844,3.528,0.321,ptx,msa_notemplate
1yfn,43,2,0.6375,0.6508,7.8086,0.327,7.809,3.486,0.283,ptx,msa_notemplate
1yfn,43,3,0.6364,0.6469,8.3172,0.305,8.317,3.707,0.264,ptx,msa_notemplate
1yfn,43,4,0.6399,0.6461,7.7955,0.341,7.796,3.463,0.321,ptx,msa_notemplate
1yfn,44,0,0.6406,0.6476,7.9693,0.324,7.969,3.481,0.283,ptx,msa_notemplate
1yfn,44,1,0.6344,0.6437,8.5532,0.307,8.553,3.68,0.283,ptx,msa_notemplate
1yfn,44,2,0.6356,0.6431,7.4213,0.362,7.421,3.2,0.34,ptx,msa_notemplate
1yfn,44,3,0.6329,0.6397,5.0393,0.419,5.039,2.24,0.208,ptx,msa_notemplate
1yfn,44,4,0.6302,0.6326,2.8794,0.619,2.879,1.372,0.415,ptx,msa_notemplate
1ywi,42,0,0.9799,0.8812,1.6,0.808,1.6,1.185,0.842,ptx,msa_notemplate
1ywi,42,1,0.9798,0.881,1.4955,0.813,1.496,1.158,0.842,ptx,msa_notemplate
1ywi,42,2,0.9799,0.881,1.4634,0.814,1.463,1.152,0.842,ptx,msa_notemplate
1ywi,42,3,0.9798,0.8809,1.4756,0.81,1.476,1.178,0.842,ptx,msa_notemplate
1ywi,42,4,0.9798,0.8809,1.4406,0.813,1.441,1.165,0.842,ptx,msa_notemplate
1ywi,43,0,0.9817,0.8854,1.5035,0.815,1.503,1.145,0.842,ptx,msa_notemplate
1ywi,43,1,0.9816,0.8854,1.613,0.804,1.613,1.215,0.842,ptx,msa_notemplate
1ywi,43,2,0.9816,0.8853,1.3901,0.822,1.39,1.102,0.842,ptx,msa_notemplate
1ywi,43,3,0.9816,0.8853,1.3811,0.824,1.381,1.089,0.842,ptx,msa_notemplate
1ywi,43,4,0.9816,0.8852,1.452,0.817,1.452,1.128,0.842,ptx,msa_notemplate
1ywi,44,0,0.9809,0.8832,1.5224,0.814,1.522,1.147,0.842,ptx,msa_notemplate
1ywi,44,1,0.9809,0.8831,1.4648,0.818,1.465,1.125,0.842,ptx,msa_notemplate
1ywi,44,2,0.9809,0.8831,1.5374,0.811,1.537,1.166,0.842,ptx,msa_notemplate
1ywi,44,3,0.9809,0.883,1.4948,0.816,1.495,1.137,0.842,ptx,msa_notemplate
1ywi,44,4,0.981,0.8831,1.5155,0.835,1.515,1.121,0.895,ptx,msa_notemplate
1ywo,42,0,0.939,0.9159,0.895,0.974,0.895,0.406,1.0,ptx,msa_notemplate
1ywo,42,1,0.9391,0.9159,0.8213,0.962,0.821,0.394,0.96,ptx,msa_notemplate
1ywo,42,2,0.9392,0.9158,0.8656,0.974,0.866,0.402,1.0,ptx,msa_notemplate
1ywo,42,3,0.9393,0.9157,0.9942,0.968,0.994,0.451,1.0,ptx,msa_notemplate
1ywo,42,4,0.9391,0.9156,0.7587,0.979,0.759,0.367,1.0,ptx,msa_notemplate
1ywo,43,0,0.9393,0.9164,0.9007,0.973,0.901,0.407,1.0,ptx,msa_notemplate
1ywo,43,1,0.9395,0.9162,1.1158,0.963,1.116,0.487,1.0,ptx,msa_notemplate
1ywo,43,2,0.9392,0.9161,0.8427,0.976,0.843,0.391,1.0,ptx,msa_notemplate
1ywo,43,3,0.9394,0.9159,0.8604,0.962,0.86,0.387,0.96,ptx,msa_notemplate
1ywo,43,4,0.9394,0.9158,0.6463,0.982,0.646,0.333,1.0,ptx,msa_notemplate
1ywo,44,0,0.9395,0.9159,0.8339,0.975,0.834,0.396,1.0,ptx,msa_notemplate
1ywo,44,1,0.9395,0.9159,0.7697,0.979,0.77,0.366,1.0,ptx,msa_notemplate
1ywo,44,2,0.9393,0.9158,0.7789,0.978,0.779,0.373,1.0,ptx,msa_notemplate
1ywo,44,3,0.9392,0.9157,0.7341,0.979,0.734,0.359,1.0,ptx,msa_notemplate
1ywo,44,4,0.9393,0.9156,0.6738,0.981,0.674,0.345,1.0,ptx,msa_notemplate
1yy6,42,0,0.9131,0.9631,0.5326,0.95,0.533,0.371,0.912,ptx,msa_notemplate
1yy6,42,1,0.913,0.963,0.6214,0.949,0.621,0.374,0.912,ptx,msa_notemplate
1yy6,42,2,0.9129,0.963,0.6399,0.948,0.64,0.387,0.912,ptx,msa_notemplate
1yy6,42,3,0.9126,0.9629,0.5904,0.947,0.59,0.4,0.912,ptx,msa_notemplate
1yy6,42,4,0.9126,0.9627,0.6788,0.958,0.679,0.383,0.941,ptx,msa_notemplate
1yy6,43,0,0.9058,0.9555,0.5709,0.962,0.571,0.342,0.941,ptx,msa_notemplate
1yy6,43,1,0.9057,0.9554,0.5879,0.962,0.588,0.343,0.941,ptx,msa_notemplate
1yy6,43,2,0.9055,0.9552,0.717,0.951,0.717,0.446,0.941,ptx,msa_notemplate
1yy6,43,3,0.9054,0.955,0.7185,0.943,0.719,0.432,0.912,ptx,msa_notemplate
1yy6,43,4,0.9055,0.955,0.5599,0.948,0.56,0.389,0.912,ptx,msa_notemplate
1yy6,44,0,0.9087,0.9575,0.5391,0.97,0.539,0.368,0.971,ptx,msa_notemplate
1yy6,44,1,0.9084,0.9572,0.5695,0.959,0.569,0.38,0.941,ptx,msa_notemplate
1yy6,44,2,0.908,0.957,0.6801,0.955,0.68,0.41,0.941,ptx,msa_notemplate
1yy6,44,3,0.9077,0.9566,0.5737,0.94,0.574,0.464,0.912,ptx,msa_notemplate
1yy6,44,4,0.9075,0.9566,0.7004,0.965,0.7,0.408,0.971,ptx,msa_notemplate
2aij,42,0,0.934,0.9799,0.8828,0.73,0.883,2.075,0.857,ptx,msa_notemplate
2aij,42,1,0.9354,0.9799,0.7181,0.712,0.718,2.237,0.833,ptx,msa_notemplate
2aij,42,2,0.9334,0.9799,0.8203,0.745,0.82,1.882,0.857,ptx,msa_notemplate
2aij,42,3,0.9347,0.9799,0.7276,0.729,0.728,2.11,0.857,ptx,msa_notemplate
2aij,42,4,0.9341,0.9799,0.8447,0.729,0.845,2.087,0.857,ptx,msa_notemplate
2aij,43,0,0.9291,0.9808,0.8365,0.731,0.836,1.96,0.833,ptx,msa_notemplate
2aij,43,1,0.9293,0.9807,0.816,0.734,0.816,2.022,0.857,ptx,msa_notemplate
2aij,43,2,0.931,0.9807,0.8714,0.726,0.871,2.129,0.857,ptx,msa_notemplate
2aij,43,3,0.9321,0.9807,0.9234,0.71,0.923,2.374,0.857,ptx,msa_notemplate
2aij,43,4,0.9295,0.9806,0.8523,0.722,0.852,2.074,0.833,ptx,msa_notemplate
2aij,44,0,0.9269,0.9796,0.9137,0.723,0.914,2.167,0.857,ptx,msa_notemplate
2aij,44,1,0.9276,0.9796,0.8314,0.714,0.831,2.323,0.857,ptx,msa_notemplate
2aij,44,2,0.9269,0.9795,0.9023,0.719,0.902,2.227,0.857,ptx,msa_notemplate
2aij,44,3,0.9273,0.9796,0.8065,0.72,0.806,2.235,0.857,ptx,msa_notemplate
2aij,44,4,0.9271,0.9796,0.8438,0.721,0.844,2.214,0.857,ptx,msa_notemplate
2aq9,42,0,0.911,0.967,31.8971,0.027,31.897,12.249,0.0,ptx,msa_notemplate
2aq9,42,1,0.911,0.967,31.867,0.027,31.867,12.255,0.0,ptx,msa_notemplate
2aq9,42,2,0.911,0.967,31.9784,0.027,31.978,12.3,0.0,ptx,msa_notemplate
2aq9,42,3,0.9109,0.9669,31.9644,0.027,31.964,12.284,0.0,ptx,msa_notemplate
2aq9,42,4,0.9109,0.9669,31.9624,0.027,31.962,12.295,0.0,ptx,msa_notemplate
2aq9,43,0,0.9157,0.9688,31.8365,0.027,31.836,12.264,0.0,ptx,msa_notemplate
2aq9,43,1,0.9155,0.9687,31.7893,0.027,31.789,12.228,0.0,ptx,msa_notemplate
2aq9,43,2,0.9155,0.9686,31.9494,0.027,31.949,12.313,0.0,ptx,msa_notemplate
2aq9,43,3,0.9154,0.9686,31.9771,0.027,31.977,12.322,0.0,ptx,msa_notemplate
2aq9,43,4,0.9153,0.9685,32.0021,0.027,32.002,12.311,0.0,ptx,msa_notemplate
2aq9,44,0,0.9124,0.9679,31.8981,0.027,31.898,12.279,0.0,ptx,msa_notemplate
2aq9,44,1,0.9122,0.9678,31.9233,0.027,31.923,12.283,0.0,ptx,msa_notemplate
2aq9,44,2,0.9124,0.9678,31.8581,0.027,31.858,12.262,0.0,ptx,msa_notemplate
2aq9,44,3,0.9121,0.9676,31.9466,0.027,31.947,12.303,0.0,ptx,msa_notemplate
2aq9,44,4,0.9121,0.9676,32.0006,0.027,32.001,12.315,0.0,ptx,msa_notemplate
2c3i,42,0,0.9209,0.9756,0.7576,0.986,0.758,0.285,1.0,ptx,msa_notemplate
2c3i,42,1,0.921,0.9755,0.5839,0.983,0.584,0.222,0.974,ptx,msa_notemplate
2c3i,42,2,0.9209,0.9755,0.7706,0.986,0.771,0.28,1.0,ptx,msa_notemplate
2c3i,42,3,0.9209,0.9755,0.775,0.987,0.775,0.268,1.0,ptx,msa_notemplate
2c3i,42,4,0.921,0.9755,0.6173,0.989,0.617,0.256,1.0,ptx,msa_notemplate
2c3i,43,0,0.9233,0.9768,0.5871,0.991,0.587,0.228,1.0,ptx,msa_notemplate
2c3i,43,1,0.9234,0.9767,0.6506,0.989,0.651,0.251,1.0,ptx,msa_notemplate
2c3i,43,2,0.9234,0.9768,0.5319,0.991,0.532,0.226,1.0,ptx,msa_notemplate
2c3i,43,3,0.9235,0.9767,0.5451,0.983,0.545,0.214,0.974,ptx,msa_notemplate
2c3i,43,4,0.9233,0.9765,0.7252,0.978,0.725,0.28,0.974,ptx,msa_notemplate
2c3i,44,0,0.923,0.9767,0.6946,0.987,0.695,0.27,1.0,ptx,msa_notemplate
2c3i,44,1,0.9232,0.9767,0.6075,0.982,0.607,0.225,0.974,ptx,msa_notemplate
2c3i,44,2,0.9231,0.9767,0.6268,0.982,0.627,0.232,0.974,ptx,msa_notemplate
2c3i,44,3,0.9231,0.9766,0.6141,0.99,0.614,0.234,1.0,ptx,msa_notemplate
2c3i,44,4,0.923,0.9766,0.6664,0.989,0.666,0.246,1.0,ptx,msa_notemplate
2cch,42,0,0.8743,0.9612,0.6498,0.988,0.65,0.259,1.0,ptx,msa_notemplate
2cch,42,1,0.8732,0.9606,1.0229,0.962,1.023,0.43,0.977,ptx,msa_notemplate
2cch,42,2,0.8739,0.9606,0.5859,0.991,0.586,0.227,1.0,ptx,msa_notemplate
2cch,42,3,0.8742,0.9605,0.6785,0.991,0.678,0.221,1.0,ptx,msa_notemplate
2cch,42,4,0.8741,0.9602,1.0987,0.986,1.099,0.237,1.0,ptx,msa_notemplate
2cch,43,0,0.8844,0.965,0.8623,0.982,0.862,0.319,1.0,ptx,msa_notemplate
2cch,43,1,0.8845,0.9644,1.1585,0.987,1.159,0.219,1.0,ptx,msa_notemplate
2cch,43,2,0.8842,0.9643,0.7557,0.989,0.756,0.234,1.0,ptx,msa_notemplate
2cch,43,3,0.8842,0.964,0.6254,0.992,0.625,0.204,1.0,ptx,msa_notemplate
2cch,43,4,0.8842,0.9639,0.6748,0.99,0.675,0.235,1.0,ptx,msa_notemplate
2cch,44,0,0.8853,0.9648,1.0323,0.984,1.032,0.273,1.0,ptx,msa_notemplate
2cch,44,1,0.8851,0.9644,0.9891,0.989,0.989,0.22,1.0,ptx,msa_notemplate
2cch,44,2,0.8821,0.9643,1.9415,0.887,1.941,0.793,0.93,ptx,msa_notemplate
2cch,44,3,0.8852,0.9641,1.3175,0.943,1.318,0.563,0.977,ptx,msa_notemplate
2cch,44,4,0.8822,0.9631,1.7494,0.901,1.749,0.717,0.93,ptx,msa_notemplate
2cny,42,0,0.9695,0.9601,0.4695,0.931,0.47,0.686,0.969,ptx,msa_notemplate
2cny,42,1,0.9695,0.9601,0.5294,0.934,0.529,0.658,0.969,ptx,msa_notemplate
2cny,42,2,0.9695,0.9601,0.5056,0.935,0.506,0.658,0.969,ptx,msa_notemplate
2cny,42,3,0.9695,0.96,0.485,0.934,0.485,0.664,0.969,ptx,msa_notemplate
2cny,42,4,0.9695,0.96,0.4078,0.941,0.408,0.617,0.969,ptx,msa_notemplate
2cny,43,0,0.9697,0.9612,0.4002,0.943,0.4,0.597,0.969,ptx,msa_notemplate
2cny,43,1,0.9697,0.9612,0.4917,0.938,0.492,0.631,0.969,ptx,msa_notemplate
2cny,43,2,0.9697,0.9612,0.4362,0.943,0.436,0.601,0.969,ptx,msa_notemplate
2cny,43,3,0.9697,0.9612,0.374,0.947,0.374,0.57,0.969,ptx,msa_notemplate
2cny,43,4,0.9697,0.9611,0.4273,0.943,0.427,0.596,0.969,ptx,msa_notemplate
2cny,44,0,0.9309,0.9494,5.4446,0.491,5.445,2.321,0.469,ptx,msa_notemplate
2cny,44,1,0.9308,0.9494,5.4218,0.491,5.422,2.324,0.469,ptx,msa_notemplate
2cny,44,2,0.9307,0.9493,5.4166,0.49,5.417,2.339,0.469,ptx,msa_notemplate
2cny,44,3,0.9306,0.9493,5.4243,0.492,5.424,2.314,0.469,ptx,msa_notemplate
2cny,44,4,0.9307,0.9492,5.4398,0.487,5.44,2.325,0.458,ptx,msa_notemplate
2e4h,42,0,0.8302,0.8832,11.1044,0.419,11.104,3.915,0.76,ptx,msa_notemplate
2e4h,42,1,0.8298,0.8831,11.3194,0.415,11.319,3.97,0.76,ptx,msa_notemplate
2e4h,42,2,0.8297,0.8831,10.7296,0.414,10.73,3.791,0.72,ptx,msa_notemplate
2e4h,42,3,0.8298,0.8831,10.8519,0.411,10.852,3.812,0.72,ptx,msa_notemplate
2e4h,42,4,0.8293,0.8829,11.3658,0.401,11.366,3.998,0.72,ptx,msa_notemplate
2e4h,43,0,0.8299,0.8845,10.8106,0.413,10.811,3.789,0.72,ptx,msa_notemplate
2e4h,43,1,0.8304,0.8843,10.8098,0.412,10.81,3.812,0.72,ptx,msa_notemplate
2e4h,43,2,0.8298,0.8843,11.1346,0.405,11.135,3.917,0.72,ptx,msa_notemplate
2e4h,43,3,0.8298,0.8843,11.0281,0.408,11.028,3.867,0.72,ptx,msa_notemplate
2e4h,43,4,0.8303,0.8842,11.3141,0.402,11.314,3.982,0.72,ptx,msa_notemplate
2e4h,44,0,0.828,0.8835,10.5736,0.417,10.574,3.72,0.72,ptx,msa_notemplate
2e4h,44,1,0.8288,0.8835,11.2008,0.417,11.201,3.941,0.76,ptx,msa_notemplate
2e4h,44,2,0.8287,0.8834,10.7942,0.412,10.794,3.805,0.72,ptx,msa_notemplate
2e4h,44,3,0.8287,0.8834,10.7885,0.426,10.788,3.794,0.76,ptx,msa_notemplate
2e4h,44,4,0.8286,0.8834,11.2232,0.403,11.223,3.954,0.72,ptx,msa_notemplate
2fgr,42,0,0.641,0.8092,23.4542,0.047,23.454,9.593,0.0,ptx,msa_notemplate
2fgr,42,1,0.6424,0.8058,23.6239,0.046,23.624,9.71,0.0,ptx,msa_notemplate
2fgr,42,2,0.6446,0.805,23.378,0.047,23.378,9.615,0.0,ptx,msa_notemplate
2fgr,42,3,0.6311,0.8048,29.1955,0.032,29.195,11.578,0.0,ptx,msa_notemplate
2fgr,42,4,0.6318,0.8023,23.0993,0.048,23.099,9.501,0.0,ptx,msa_notemplate
2fgr,43,0,0.6508,0.8193,23.1416,0.048,23.142,9.507,0.0,ptx,msa_notemplate
2fgr,43,1,0.609,0.7708,18.5382,0.133,18.538,7.956,0.192,ptx,msa_notemplate
2fgr,43,2,0.5912,0.7689,17.4415,0.09,17.442,7.252,0.038,ptx,msa_notemplate
2fgr,43,3,0.5808,0.7614,17.1487,0.118,17.149,7.214,0.115,ptx,msa_notemplate
2fgr,43,4,0.5306,0.7518,15.4138,0.094,15.414,6.527,0.0,ptx,msa_notemplate
2fgr,44,0,0.5766,0.7422,20.2413,0.061,20.241,8.18,0.0,ptx,msa_notemplate
2fgr,44,1,0.5578,0.7323,17.5231,0.077,17.523,7.364,0.0,ptx,msa_notemplate
2fgr,44,2,0.5299,0.7246,15.7366,0.104,15.737,6.734,0.038,ptx,msa_notemplate
2fgr,44,3,0.554,0.7103,15.5388,0.093,15.539,6.561,0.0,ptx,msa_notemplate
2fgr,44,4,0.4913,0.5922,12.8687,0.199,12.869,5.744,0.231,ptx,msa_notemplate
2fka,42,0,0.952,0.9572,1.3526,0.907,1.353,0.766,0.952,ptx,msa_notemplate
2fka,42,1,0.9518,0.9572,1.1528,0.917,1.153,0.709,0.952,ptx,msa_notemplate
2fka,42,2,0.9519,0.9571,1.3535,0.91,1.354,0.748,0.952,ptx,msa_notemplate
2fka,42,3,0.9514,0.9571,1.0718,0.953,1.072,0.568,1.0,ptx,msa_notemplate
2fka,42,4,0.9517,0.9571,1.0302,0.918,1.03,0.711,0.952,ptx,msa_notemplate
2fka,43,0,0.9569,0.9612,1.2836,0.906,1.284,0.782,0.952,ptx,msa_notemplate
2fka,43,1,0.9568,0.9611,1.3221,0.904,1.322,0.788,0.952,ptx,msa_notemplate
2fka,43,2,0.9567,0.961,1.1813,0.916,1.181,0.714,0.952,ptx,msa_notemplate
2fka,43,3,0.9567,0.9609,1.2556,0.912,1.256,0.74,0.952,ptx,msa_notemplate
2fka,43,4,0.9567,0.9609,1.2761,0.909,1.276,0.757,0.952,ptx,msa_notemplate
2fka,44,0,0.9476,0.9523,1.2201,0.914,1.22,0.725,0.952,ptx,msa_notemplate
2fka,44,1,0.9475,0.9521,1.1864,0.913,1.186,0.735,0.952,ptx,msa_notemplate
2fka,44,2,0.9474,0.9521,1.2308,0.914,1.231,0.724,0.952,ptx,msa_notemplate
2fka,44,3,0.9474,0.9521,1.2694,0.913,1.269,0.733,0.952,ptx,msa_notemplate
2fka,44,4,0.9471,0.952,1.0387,0.939,1.039,0.554,0.952,ptx,msa_notemplate
2hpl,42,0,0.95,0.9554,0.5113,0.991,0.511,0.232,1.0,ptx,msa_notemplate
2hpl,42,1,0.95,0.9553,0.5152,0.992,0.515,0.217,1.0,ptx,msa_notemplate
2hpl,42,2,0.95,0.9553,0.5453,0.991,0.545,0.227,1.0,ptx,msa_notemplate
2hpl,42,3,0.95,0.9553,0.5048,0.992,0.505,0.219,1.0,ptx,msa_notemplate
2hpl,42,4,0.9499,0.9552,0.5372,0.991,0.537,0.234,1.0,ptx,msa_notemplate
2hpl,43,0,0.9499,0.9556,0.5048,0.991,0.505,0.225,1.0,ptx,msa_notemplate
2hpl,43,1,0.9499,0.9556,0.4775,0.993,0.478,0.203,1.0,ptx,msa_notemplate
2hpl,43,2,0.9498,0.9555,0.4846,0.993,0.485,0.203,1.0,ptx,msa_notemplate
2hpl,43,3,0.9498,0.9555,0.5296,0.992,0.53,0.221,1.0,ptx,msa_notemplate
2hpl,43,4,0.9499,0.9555,0.5381,0.992,0.538,0.221,1.0,ptx,msa_notemplate
2hpl,44,0,0.9491,0.9552,0.4962,0.992,0.496,0.217,1.0,ptx,msa_notemplate
2hpl,44,1,0.9491,0.9552,0.4617,0.992,0.462,0.218,1.0,ptx,msa_notemplate
2hpl,44,2,0.9491,0.9551,0.5034,0.992,0.503,0.221,1.0,ptx,msa_notemplate
2hpl,44,3,0.9491,0.955,0.5368,0.992,0.537,0.219,1.0,ptx,msa_notemplate
2hpl,44,4,0.949,0.955,0.5123,0.991,0.512,0.229,1.0,ptx,msa_notemplate
2ht9,42,0,0.6616,0.6545,27.8696,0.036,27.87,9.503,0.0,ptx,msa_notemplate
2ht9,42,1,0.6631,0.6515,27.7866,0.037,27.787,9.476,0.0,ptx,msa_notemplate
2ht9,42,2,0.663,0.6493,27.752,0.037,27.752,9.532,0.0,ptx,msa_notemplate
2ht9,42,3,0.6622,0.647,27.4019,0.038,27.402,9.416,0.0,ptx,msa_notemplate
2ht9,42,4,0.6635,0.6454,24.868,0.047,24.868,7.833,0.0,ptx,msa_notemplate
2ht9,43,0,0.6636,0.6501,27.0747,0.038,27.075,9.547,0.0,ptx,msa_notemplate
2ht9,43,1,0.6494,0.6375,28.1442,0.036,28.144,9.373,0.0,ptx,msa_notemplate
2ht9,43,2,0.6512,0.6346,27.6802,0.037,27.68,9.347,0.0,ptx,msa_notemplate
2ht9,43,3,0.6528,0.6332,27.7777,0.036,27.778,9.593,0.0,ptx,msa_notemplate
2ht9,43,4,0.6511,0.6321,27.688,0.037,27.688,9.361,0.0,ptx,msa_notemplate
2ht9,44,0,0.6627,0.6509,27.7856,0.037,27.786,9.487,0.0,ptx,msa_notemplate
2ht9,44,1,0.6589,0.6481,27.643,0.037,27.643,9.348,0.0,ptx,msa_notemplate
2ht9,44,2,0.658,0.6466,28.1648,0.036,28.165,9.462,0.0,ptx,msa_notemplate
2ht9,44,3,0.6579,0.6461,27.8266,0.037,27.827,9.399,0.0,ptx,msa_notemplate
2ht9,44,4,0.653,0.642,28.5295,0.036,28.53,9.216,0.0,ptx,msa_notemplate
2i94,42,0,0.821,0.8966,12.8736,0.155,12.874,6.203,0.106,ptx,msa_notemplate
2i94,42,1,0.822,0.8962,13.0442,0.153,13.044,6.262,0.106,ptx,msa_notemplate
2i94,42,2,0.8234,0.8958,14.716,0.126,14.716,7.059,0.085,ptx,msa_notemplate
2i94,42,3,0.8231,0.8956,14.3329,0.145,14.333,6.834,0.128,ptx,msa_notemplate
2i94,42,4,0.8221,0.895,14.3468,0.144,14.347,6.873,0.128,ptx,msa_notemplate
2i94,43,0,0.8396,0.9075,13.175,0.158,13.175,6.284,0.128,ptx,msa_notemplate
2i94,43,1,0.8386,0.9073,13.1305,0.16,13.131,6.184,0.128,ptx,msa_notemplate
2i94,43,2,0.8436,0.907,14.6067,0.128,14.607,6.943,0.085,ptx,msa_notemplate
2i94,43,3,0.8437,0.907,14.5248,0.136,14.525,6.874,0.106,ptx,msa_notemplate
2i94,43,4,0.8382,0.9068,13.0633,0.16,13.063,6.216,0.128,ptx,msa_notemplate
2i94,44,0,0.834,0.9052,12.8438,0.17,12.844,6.13,0.149,ptx,msa_notemplate
2i94,44,1,0.8347,0.9053,12.9369,0.162,12.937,6.199,0.128,ptx,msa_notemplate
2i94,44,2,0.8306,0.903,14.4902,0.136,14.49,6.981,0.106,ptx,msa_notemplate
2i94,44,3,0.8311,0.9026,14.3866,0.137,14.387,6.882,0.106,ptx,msa_notemplate
2i94,44,4,0.8294,0.901,14.242,0.138,14.242,6.838,0.106,ptx,msa_notemplate
2ivz,42,0,0.4884,0.6529,5.9694,0.491,5.969,2.267,0.5,ptx,msa_notemplate
2ivz,42,1,0.4643,0.6381,2.0402,0.771,2.04,1.11,0.722,ptx,msa_notemplate
2ivz,42,2,0.4443,0.6368,5.9307,0.409,5.931,2.312,0.259,ptx,msa_notemplate
2ivz,42,3,0.4716,0.6353,6.9686,0.439,6.969,2.693,0.481,ptx,msa_notemplate
2ivz,42,4,0.444,0.6344,6.2421,0.39,6.242,2.402,0.241,ptx,msa_notemplate
2ivz,43,0,0.5926,0.7634,11.2435,0.24,11.243,4.179,0.241,ptx,msa_notemplate
2ivz,43,1,0.5891,0.7588,8.5886,0.266,8.589,3.279,0.13,ptx,msa_notemplate
2ivz,43,2,0.5922,0.7585,12.4094,0.194,12.409,4.609,0.167,ptx,msa_notemplate
2ivz,43,3,0.5849,0.7536,11.7169,0.181,11.717,4.387,0.093,ptx,msa_notemplate
2ivz,43,4,0.5553,0.7328,3.4277,0.624,3.428,1.461,0.5,ptx,msa_notemplate
2ivz,44,0,0.558,0.7431,6.4251,0.406,6.425,2.488,0.315,ptx,msa_notemplate
2ivz,44,1,0.5507,0.7392,5.9254,0.433,5.925,2.329,0.333,ptx,msa_notemplate
2ivz,44,2,0.5459,0.7341,6.4215,0.406,6.421,2.489,0.315,ptx,msa_notemplate
2ivz,44,3,0.548,0.7338,6.1911,0.415,6.191,2.427,0.315,ptx,msa_notemplate
2ivz,44,4,0.5444,0.7327,6.5502,0.388,6.55,2.544,0.278,ptx,msa_notemplate
2jkg,42,0,0.723,0.7874,1.7637,0.893,1.764,0.66,0.882,ptx,msa_notemplate
2jkg,42,1,0.7248,0.7868,1.9285,0.936,1.929,0.611,1.0,ptx,msa_notemplate
2jkg,42,2,0.7225,0.7856,1.7451,0.896,1.745,0.638,0.882,ptx,msa_notemplate
2jkg,42,3,0.7205,0.7843,1.8389,0.868,1.839,0.69,0.824,ptx,msa_notemplate
2jkg,42,4,0.7221,0.7841,2.1347,0.875,2.135,0.744,0.882,ptx,msa_notemplate
2jkg,43,0,0.718,0.7643,1.9976,0.909,1.998,0.662,0.941,ptx,msa_notemplate
2jkg,43,1,0.7169,0.7635,1.4433,0.912,1.443,0.55,0.882,ptx,msa_notemplate
2jkg,43,2,0.7161,0.7635,2.4352,0.85,2.435,0.881,0.882,ptx,msa_notemplate
2jkg,43,3,0.7154,0.7612,2.0425,0.844,2.043,0.698,0.765,ptx,msa_notemplate
2jkg,43,4,0.7127,0.7585,2.0674,0.856,2.067,0.752,0.824,ptx,msa_notemplate
2jkg,44,0,0.7143,0.7849,1.486,0.926,1.486,0.586,0.941,ptx,msa_notemplate
2jkg,44,1,0.7135,0.7833,2.0559,0.897,2.056,0.738,0.941,ptx,msa_notemplate
2jkg,44,2,0.714,0.7826,2.2925,0.882,2.293,0.815,0.941,ptx,msa_notemplate
2jkg,44,3,0.7107,0.7824,2.0818,0.863,2.082,0.837,0.882,ptx,msa_notemplate
2jkg,44,4,0.7115,0.78,1.0192,0.905,1.019,0.488,0.824,ptx,msa_notemplate
2jnw,42,0,0.9296,0.9429,2.4169,0.787,2.417,1.244,0.842,ptx,msa_notemplate
2jnw,42,1,0.9297,0.9425,2.3697,0.791,2.37,1.216,0.842,ptx,msa_notemplate
2jnw,42,2,0.9295,0.9422,2.3514,0.792,2.351,1.214,0.842,ptx,msa_notemplate
2jnw,42,3,0.9296,0.9421,2.0727,0.806,2.073,1.142,0.842,ptx,msa_notemplate
2jnw,42,4,0.9296,0.9418,2.0692,0.799,2.069,1.133,0.816,ptx,msa_notemplate
2jnw,43,0,0.9374,0.9466,2.3889,0.791,2.389,1.217,0.842,ptx,msa_notemplate
2jnw,43,1,0.9373,0.9461,2.2325,0.79,2.232,1.18,0.816,ptx,msa_notemplate
2jnw,43,2,0.9372,0.9459,2.1308,0.795,2.131,1.154,0.816,ptx,msa_notemplate
2jnw,43,3,0.9372,0.9458,2.3438,0.794,2.344,1.196,0.842,ptx,msa_notemplate
2jnw,43,4,0.9372,0.9458,2.2141,0.79,2.214,1.178,0.816,ptx,msa_notemplate
2jnw,44,0,0.9357,0.9434,2.2756,0.794,2.276,1.21,0.842,ptx,msa_notemplate
2jnw,44,1,0.9357,0.9433,2.2086,0.8,2.209,1.174,0.842,ptx,msa_notemplate
2jnw,44,2,0.9358,0.9432,2.0829,0.814,2.083,1.152,0.868,ptx,msa_notemplate
2jnw,44,3,0.9357,0.9429,2.2105,0.79,2.21,1.177,0.816,ptx,msa_notemplate
2jnw,44,4,0.9357,0.9428,1.9356,0.823,1.936,1.104,0.868,ptx,msa_notemplate
2jqk,42,0,0.869,0.8383,3.3143,0.717,3.314,1.659,0.833,ptx,msa_notemplate
2jqk,42,1,0.8692,0.8381,3.2763,0.705,3.276,1.648,0.792,ptx,msa_notemplate
2jqk,42,2,0.8688,0.8381,3.3071,0.721,3.307,1.623,0.833,ptx,msa_notemplate
2jqk,42,3,0.8687,0.8371,3.2086,0.718,3.209,1.677,0.833,ptx,msa_notemplate
2jqk,42,4,0.8691,0.837,3.1672,0.722,3.167,1.639,0.833,ptx,msa_notemplate
2jqk,43,0,0.8728,0.8424,3.2015,0.708,3.202,1.634,0.792,ptx,msa_notemplate
2jqk,43,1,0.8731,0.8422,3.1984,0.737,3.198,1.629,0.875,ptx,msa_notemplate
2jqk,43,2,0.8729,0.842,3.2511,0.718,3.251,1.659,0.833,ptx,msa_notemplate
2jqk,43,3,0.8729,0.8419,3.1861,0.721,3.186,1.65,0.833,ptx,msa_notemplate
2jqk,43,4,0.8728,0.8412,3.2521,0.721,3.252,1.635,0.833,ptx,msa_notemplate
2jqk,44,0,0.8427,0.7988,3.2826,0.719,3.283,1.649,0.833,ptx,msa_notemplate
2jqk,44,1,0.8422,0.7979,3.4369,0.696,3.437,1.705,0.792,ptx,msa_notemplate
2jqk,44,2,0.8423,0.7971,3.1751,0.712,3.175,1.6,0.792,ptx,msa_notemplate
2jqk,44,3,0.8423,0.797,3.1435,0.738,3.143,1.625,0.875,ptx,msa_notemplate
2jqk,44,4,0.8422,0.7959,3.4272,0.698,3.427,1.686,0.792,ptx,msa_notemplate
2ka9,42,0,0.7479,0.8899,36.9344,0.022,36.934,11.676,0.0,ptx,msa_notemplate
2ka9,42,1,0.7537,0.89,36.1158,0.024,36.116,11.043,0.0,ptx,msa_notemplate
2ka9,42,2,0.7534,0.8894,35.989,0.023,35.989,11.247,0.0,ptx,msa_notemplate
2ka9,42,3,0.7469,0.8861,36.2554,0.023,36.255,11.567,0.0,ptx,msa_notemplate
2ka9,42,4,0.7499,0.8858,36.9089,0.022,36.909,11.651,0.0,ptx,msa_notemplate
2ka9,43,0,0.7181,0.8526,36.9554,0.023,36.955,10.818,0.0,ptx,msa_notemplate
2ka9,43,1,0.7069,0.8498,36.7149,0.022,36.715,11.912,0.0,ptx,msa_notemplate
2ka9,43,2,0.7137,0.8485,36.7212,0.023,36.721,11.459,0.0,ptx,msa_notemplate
2ka9,43,3,0.7118,0.8468,37.1198,0.022,37.12,11.588,0.0,ptx,msa_notemplate
2ka9,43,4,0.5513,0.6988,13.9571,0.455,13.957,2.486,0.826,ptx,msa_notemplate
2ka9,44,0,0.754,0.8894,35.7849,0.024,35.785,11.164,0.0,ptx,msa_notemplate
2ka9,44,1,0.7536,0.888,35.6726,0.024,35.673,11.112,0.0,ptx,msa_notemplate
2ka9,44,2,0.7511,0.8873,36.2964,0.023,36.296,11.551,0.0,ptx,msa_notemplate
2ka9,44,3,0.7524,0.8873,36.7576,0.022,36.758,11.807,0.0,ptx,msa_notemplate
2ka9,44,4,0.7473,0.8768,32.9442,0.027,32.944,10.595,0.0,ptx,msa_notemplate
2kbr,42,0,0.9218,0.9253,3.2625,0.693,3.262,1.748,0.784,ptx,msa_notemplate
2kbr,42,1,0.922,0.9252,3.3183,0.686,3.318,1.807,0.784,ptx,msa_notemplate
2kbr,42,2,0.9218,0.9248,3.2308,0.693,3.231,1.76,0.784,ptx,msa_notemplate
2kbr,42,3,0.9218,0.9247,3.2241,0.689,3.224,1.711,0.757,ptx,msa_notemplate
2kbr,42,4,0.9216,0.9246,2.98,0.721,2.98,1.623,0.811,ptx,msa_notemplate
2kbr,43,0,0.9267,0.9305,3.074,0.699,3.074,1.634,0.757,ptx,msa_notemplate
2kbr,43,1,0.9266,0.9305,3.0479,0.716,3.048,1.655,0.811,ptx,msa_notemplate
2kbr,43,2,0.9266,0.9301,3.0899,0.713,3.09,1.673,0.811,ptx,msa_notemplate
2kbr,43,3,0.9264,0.9298,3.082,0.687,3.082,1.664,0.73,ptx,msa_notemplate
2kbr,43,4,0.9267,0.9298,3.2123,0.687,3.212,1.725,0.757,ptx,msa_notemplate
2kbr,44,0,0.9273,0.9301,3.3592,0.681,3.359,1.762,0.757,ptx,msa_notemplate
2kbr,44,1,0.9274,0.9301,3.2033,0.699,3.203,1.7,0.784,ptx,msa_notemplate
2kbr,44,2,0.9276,0.9298,3.2651,0.669,3.265,1.72,0.703,ptx,msa_notemplate
2kbr,44,3,0.9275,0.9298,3.0689,0.708,3.069,1.639,0.784,ptx,msa_notemplate
2kbr,44,4,0.9273,0.9297,3.2697,0.685,3.27,1.733,0.757,ptx,msa_notemplate
2ke1,42,0,0.9432,0.9441,5.1776,0.747,5.178,1.051,0.84,ptx,msa_notemplate
2ke1,42,1,0.9433,0.9444,5.1221,0.72,5.122,1.162,0.8,ptx,msa_notemplate
2ke1,42,2,0.9431,0.9442,5.3694,0.74,5.369,1.014,0.82,ptx,msa_notemplate
2ke1,42,3,0.943,0.9441,5.7605,0.723,5.76,1.068,0.82,ptx,msa_notemplate
2ke1,42,4,0.9432,0.9441,4.8595,0.751,4.859,1.077,0.84,ptx,msa_notemplate
2ke1,43,0,0.9423,0.9439,5.4522,0.733,5.452,1.05,0.82,ptx,msa_notemplate
2ke1,43,1,0.9421,0.9439,5.7655,0.741,5.766,1.03,0.86,ptx,msa_notemplate
2ke1,43,2,0.9423,0.9438,5.3709,0.742,5.371,1.048,0.84,ptx,msa_notemplate
2ke1,43,3,0.9427,0.9439,5.0589,0.74,5.059,1.124,0.84,ptx,msa_notemplate
2ke1,43,4,0.9428,0.9438,4.8844,0.701,4.884,1.355,0.8,ptx,msa_notemplate
2ke1,44,0,0.9427,0.9436,6.6645,0.712,6.664,1.035,0.84,ptx,msa_notemplate
2ke1,44,1,0.9429,0.944,5.1029,0.696,5.103,1.347,0.8,ptx,msa_notemplate
2ke1,44,2,0.9426,0.9437,7.7919,0.687,7.792,1.033,0.84,ptx,msa_notemplate
2ke1,44,3,0.9423,0.9436,5.3058,0.735,5.306,1.113,0.84,ptx,msa_notemplate
2ke1,44,4,0.9426,0.9436,6.953,0.687,6.953,1.119,0.82,ptx,msa_notemplate
2khh,42,0,0.8835,0.8798,2.2986,0.657,2.299,2.218,0.724,ptx,msa_notemplate
2khh,42,1,0.883,0.8796,3.0206,0.629,3.021,2.444,0.724,ptx,msa_notemplate
2khh,42,2,0.8838,0.8794,2.7887,0.64,2.789,2.338,0.724,ptx,msa_notemplate
2khh,42,3,0.884,0.8793,2.6659,0.636,2.666,2.453,0.724,ptx,msa_notemplate
2khh,42,4,0.8811,0.8796,3.8011,0.604,3.801,2.569,0.724,ptx,msa_notemplate
2khh,43,0,0.8862,0.8813,2.3096,0.65,2.31,2.315,0.724,ptx,msa_notemplate
2khh,43,1,0.8833,0.8778,3.0622,0.638,3.062,2.471,0.759,ptx,msa_notemplate
2khh,43,2,0.8821,0.8779,3.0822,0.629,3.082,2.405,0.724,ptx,msa_notemplate
2khh,43,3,0.8806,0.8779,4.3711,0.581,4.371,2.755,0.724,ptx,msa_notemplate
2khh,43,4,0.8811,0.8777,3.833,0.601,3.833,2.604,0.724,ptx,msa_notemplate
2khh,44,0,0.8742,0.8753,2.9382,0.629,2.938,2.46,0.724,ptx,msa_notemplate
2khh,44,1,0.8728,0.8753,3.9765,0.599,3.977,2.573,0.724,ptx,msa_notemplate
2khh,44,2,0.8754,0.875,2.5699,0.647,2.57,2.291,0.724,ptx,msa_notemplate
2khh,44,3,0.8726,0.875,4.3173,0.584,4.317,2.726,0.724,ptx,msa_notemplate
2khh,44,4,0.8728,0.8752,2.959,0.627,2.959,2.491,0.724,ptx,msa_notemplate
2koh,42,0,0.7395,0.8789,12.302,0.435,12.302,3.318,0.811,ptx,msa_notemplate
2koh,42,1,0.7354,0.879,11.0821,0.463,11.082,3.206,0.838,ptx,msa_notemplate
2koh,42,2,0.7354,0.8787,11.3773,0.446,11.377,3.31,0.811,ptx,msa_notemplate
2koh,42,3,0.7378,0.8784,11.0267,0.462,11.027,3.241,0.838,ptx,msa_notemplate
2koh,42,4,0.7356,0.8782,11.1705,0.448,11.171,3.35,0.811,ptx,msa_notemplate
2koh,43,0,0.7396,0.8709,10.6834,0.472,10.683,3.105,0.838,ptx,msa_notemplate
2koh,43,1,0.7354,0.8707,9.2044,0.515,9.204,2.821,0.865,ptx,msa_notemplate
2koh,43,2,0.7388,0.8703,11.7993,0.461,11.799,3.23,0.865,ptx,msa_notemplate
2koh,43,3,0.7399,0.8694,10.746,0.458,10.746,3.23,0.811,ptx,msa_notemplate
2koh,43,4,0.7389,0.8686,10.5715,0.48,10.572,3.18,0.865,ptx,msa_notemplate
2koh,44,0,0.7347,0.8805,11.5143,0.45,11.514,3.44,0.838,ptx,msa_notemplate
2koh,44,1,0.7336,0.8794,12.5083,0.438,12.508,3.423,0.838,ptx,msa_notemplate
2koh,44,2,0.7371,0.8791,12.5397,0.44,12.54,3.345,0.838,ptx,msa_notemplate
2koh,44,3,0.7346,0.8791,11.0958,0.452,11.096,3.242,0.811,ptx,msa_notemplate
2koh,44,4,0.7326,0.8791,11.2071,0.449,11.207,3.302,0.811,ptx,msa_notemplate
2las,42,0,0.8934,0.9035,5.7904,0.615,5.79,2.579,0.909,ptx,msa_notemplate
2las,42,1,0.8924,0.9033,5.7841,0.597,5.784,2.533,0.848,ptx,msa_notemplate
2las,42,2,0.8923,0.9033,6.0253,0.575,6.025,2.65,0.818,ptx,msa_notemplate
2las,42,3,0.891,0.9028,6.3223,0.574,6.322,2.753,0.848,ptx,msa_notemplate
2las,42,4,0.8932,0.9024,5.6828,0.606,5.683,2.417,0.848,ptx,msa_notemplate
2las,43,0,0.8919,0.9016,5.3314,0.615,5.331,2.407,0.848,ptx,msa_notemplate
2las,43,1,0.8905,0.9006,6.2041,0.576,6.204,2.778,0.848,ptx,msa_notemplate
2las,43,2,0.8903,0.9006,6.1185,0.572,6.118,2.682,0.818,ptx,msa_notemplate
2las,43,3,0.892,0.9005,5.7357,0.595,5.736,2.607,0.848,ptx,msa_notemplate
2las,43,4,0.8922,0.9006,5.7988,0.591,5.799,2.643,0.848,ptx,msa_notemplate
2las,44,0,0.831,0.876,6.9972,0.399,6.997,3.242,0.424,ptx,msa_notemplate
2las,44,1,0.831,0.8755,7.3125,0.388,7.313,3.358,0.424,ptx,msa_notemplate
2las,44,2,0.8303,0.875,7.2477,0.402,7.248,3.303,0.455,ptx,msa_notemplate
2las,44,3,0.8312,0.8742,7.506,0.39,7.506,3.532,0.455,ptx,msa_notemplate
2las,44,4,0.8312,0.8734,6.4845,0.435,6.484,3.106,0.485,ptx,msa_notemplate
2lsi,42,0,0.8587,0.9154,4.5791,0.646,4.579,2.413,0.886,ptx,msa_notemplate
2lsi,42,1,0.8588,0.9155,4.4301,0.678,4.43,2.124,0.914,ptx,msa_notemplate
2lsi,42,2,0.8593,0.9155,4.4814,0.661,4.481,2.217,0.886,ptx,msa_notemplate
2lsi,42,3,0.8594,0.9154,4.4924,0.661,4.492,2.203,0.886,ptx,msa_notemplate
2lsi,42,4,0.859,0.9153,4.6247,0.652,4.625,2.295,0.886,ptx,msa_notemplate
2lsi,43,0,0.8601,0.916,4.2056,0.675,4.206,2.105,0.886,ptx,msa_notemplate
2lsi,43,1,0.86,0.9159,4.4835,0.666,4.484,2.282,0.914,ptx,msa_notemplate
2lsi,43,2,0.8599,0.9159,3.9281,0.692,3.928,2.094,0.914,ptx,msa_notemplate
2lsi,43,3,0.8593,0.9158,3.9825,0.671,3.982,2.107,0.857,ptx,msa_notemplate
2lsi,43,4,0.8601,0.9154,4.1422,0.676,4.142,2.261,0.914,ptx,msa_notemplate
2lsi,44,0,0.8591,0.9161,4.6012,0.666,4.601,2.239,0.914,ptx,msa_notemplate
2lsi,44,1,0.8601,0.916,4.0163,0.675,4.016,2.174,0.886,ptx,msa_notemplate
2lsi,44,2,0.8597,0.9159,4.1853,0.647,4.185,2.25,0.829,ptx,msa_notemplate
2lsi,44,3,0.8589,0.9159,4.3366,0.658,4.337,2.325,0.886,ptx,msa_notemplate
2lsi,44,4,0.8595,0.9157,4.976,0.645,4.976,2.421,0.914,ptx,msa_notemplate
2m0v,42,0,0.9611,0.9846,3.3681,0.743,3.368,1.548,0.88,ptx,msa_notemplate
2m0v,42,1,0.9611,0.9845,3.532,0.753,3.532,1.539,0.92,ptx,msa_notemplate
2m0v,42,2,0.961,0.9845,3.7688,0.747,3.769,1.549,0.92,ptx,msa_notemplate
2m0v,42,3,0.9608,0.9845,3.5885,0.721,3.589,1.583,0.84,ptx,msa_notemplate
2m0v,42,4,0.9609,0.9845,3.5647,0.751,3.565,1.549,0.92,ptx,msa_notemplate
2m0v,43,0,0.961,0.9846,3.7251,0.75,3.725,1.526,0.92,ptx,msa_notemplate
2m0v,43,1,0.9609,0.9845,3.176,0.763,3.176,1.523,0.92,ptx,msa_notemplate
2m0v,43,2,0.9608,0.9845,3.8953,0.731,3.895,1.537,0.88,ptx,msa_notemplate
2m0v,43,3,0.9608,0.9845,3.8212,0.748,3.821,1.523,0.92,ptx,msa_notemplate
2m0v,43,4,0.9608,0.9845,3.8048,0.718,3.805,1.555,0.84,ptx,msa_notemplate
2m0v,44,0,0.9613,0.9847,3.2578,0.759,3.258,1.545,0.92,ptx,msa_notemplate
2m0v,44,1,0.9613,0.9847,3.4349,0.756,3.435,1.536,0.92,ptx,msa_notemplate
2m0v,44,2,0.9612,0.9847,3.6309,0.739,3.631,1.523,0.88,ptx,msa_notemplate
2m0v,44,3,0.9613,0.9847,3.7939,0.733,3.794,1.547,0.88,ptx,msa_notemplate
2m0v,44,4,0.9613,0.9847,3.1492,0.763,3.149,1.535,0.92,ptx,msa_notemplate
2nnu,42,0,0.8753,0.9335,7.0321,0.518,7.032,3.506,0.806,ptx,msa_notemplate
2nnu,42,1,0.8751,0.9329,6.8679,0.535,6.868,3.342,0.833,ptx,msa_notemplate
2nnu,42,2,0.875,0.9329,6.765,0.539,6.765,3.307,0.833,ptx,msa_notemplate
2nnu,42,3,0.8747,0.9326,7.3084,0.519,7.308,3.588,0.833,ptx,msa_notemplate
2nnu,42,4,0.8748,0.9326,6.763,0.529,6.763,3.314,0.806,ptx,msa_notemplate
2nnu,43,0,0.8638,0.9219,6.7085,0.538,6.709,3.381,0.833,ptx,msa_notemplate
2nnu,43,1,0.8636,0.9212,7.1337,0.516,7.134,3.494,0.806,ptx,msa_notemplate
2nnu,43,2,0.8632,0.9208,6.5849,0.533,6.585,3.339,0.806,ptx,msa_notemplate
2nnu,43,3,0.8631,0.9203,6.6522,0.535,6.652,3.22,0.806,ptx,msa_notemplate
2nnu,43,4,0.8628,0.9194,6.7634,0.529,6.763,3.317,0.806,ptx,msa_notemplate
2nnu,44,0,0.8731,0.9333,6.8893,0.514,6.889,3.413,0.778,ptx,msa_notemplate
2nnu,44,1,0.8731,0.9328,6.3675,0.544,6.368,3.154,0.806,ptx,msa_notemplate
2nnu,44,2,0.8737,0.9328,7.4015,0.507,7.401,3.637,0.806,ptx,msa_notemplate
2nnu,44,3,0.8733,0.9325,6.8737,0.535,6.874,3.337,0.833,ptx,msa_notemplate
2nnu,44,4,0.8733,0.9325,6.8875,0.525,6.887,3.359,0.806,ptx,msa_notemplate
2o9v,42,0,0.9636,0.9441,0.4661,0.992,0.466,0.226,1.0,ptx,msa_notemplate
2o9v,42,1,0.9636,0.944,0.4308,0.992,0.431,0.222,1.0,ptx,msa_notemplate
2o9v,42,2,0.9637,0.944,0.3675,0.992,0.368,0.231,1.0,ptx,msa_notemplate
2o9v,42,3,0.9637,0.944,0.4389,0.992,0.439,0.223,1.0,ptx,msa_notemplate
2o9v,42,4,0.9637,0.944,0.4652,0.988,0.465,0.271,1.0,ptx,msa_notemplate
2o9v,43,0,0.9623,0.9434,0.4346,0.992,0.435,0.229,1.0,ptx,msa_notemplate
2o9v,43,1,0.9622,0.9433,0.414,0.99,0.414,0.248,1.0,ptx,msa_notemplate
2o9v,43,2,0.9623,0.9433,0.3685,0.992,0.369,0.23,1.0,ptx,msa_notemplate
2o9v,43,3,0.9623,0.9433,0.3906,0.993,0.391,0.215,1.0,ptx,msa_notemplate
2o9v,43,4,0.9623,0.9433,0.4436,0.99,0.444,0.249,1.0,ptx,msa_notemplate
2o9v,44,0,0.965,0.9456,0.4693,0.992,0.469,0.227,1.0,ptx,msa_notemplate
2o9v,44,1,0.9649,0.9456,0.6278,0.984,0.628,0.316,1.0,ptx,msa_notemplate
2o9v,44,2,0.965,0.9456,0.5603,0.989,0.56,0.257,1.0,ptx,msa_notemplate
2o9v,44,3,0.9649,0.9455,0.5098,0.978,0.51,0.231,0.96,ptx,msa_notemplate
2o9v,44,4,0.965,0.9455,0.4842,0.988,0.484,0.27,1.0,ptx,msa_notemplate
2p1o,42,0,0.7697,0.9364,2.5813,0.828,2.581,0.923,0.844,ptx,msa_notemplate
2p1o,42,1,0.7683,0.9345,2.5417,0.849,2.542,0.887,0.889,ptx,msa_notemplate
2p1o,42,2,0.7643,0.9344,1.3724,0.928,1.372,0.567,0.933,ptx,msa_notemplate
2p1o,42,3,0.7669,0.9331,2.6038,0.821,2.604,0.969,0.844,ptx,msa_notemplate
2p1o,42,4,0.7653,0.9331,1.8761,0.899,1.876,0.673,0.911,ptx,msa_notemplate
2p1o,43,0,0.7614,0.9329,2.1932,0.855,2.193,0.79,0.844,ptx,msa_notemplate
2p1o,43,1,0.7584,0.9312,1.4094,0.941,1.409,0.516,0.956,ptx,msa_notemplate
2p1o,43,2,0.7618,0.9314,2.11,0.875,2.11,0.813,0.911,ptx,msa_notemplate
2p1o,43,3,0.7592,0.9312,2.2646,0.863,2.265,0.721,0.844,ptx,msa_notemplate
2p1o,43,4,0.7573,0.9306,1.8592,0.888,1.859,0.704,0.889,ptx,msa_notemplate
2p1o,44,0,0.7642,0.931,2.3062,0.858,2.306,0.803,0.867,ptx,msa_notemplate
2p1o,44,1,0.7621,0.9303,1.9907,0.878,1.991,0.756,0.889,ptx,msa_notemplate
2p1o,44,2,0.7623,0.9294,2.9523,0.839,2.952,1.003,0.933,ptx,msa_notemplate
2p1o,44,3,0.761,0.9286,2.0708,0.891,2.071,0.757,0.933,ptx,msa_notemplate
2p1o,44,4,0.7582,0.9285,1.2778,0.937,1.278,0.505,0.933,ptx,msa_notemplate
2qos,42,0,0.9442,0.9698,0.5104,0.937,0.51,0.42,0.887,ptx,msa_notemplate
2qos,42,1,0.9441,0.9698,0.4707,0.944,0.471,0.416,0.906,ptx,msa_notemplate
2qos,42,2,0.9442,0.9698,0.4599,0.943,0.46,0.427,0.906,ptx,msa_notemplate
2qos,42,3,0.9442,0.9698,0.4878,0.934,0.488,0.392,0.868,ptx,msa_notemplate
2qos,42,4,0.9443,0.9698,0.5351,0.939,0.535,0.458,0.906,ptx,msa_notemplate
2qos,43,0,0.9446,0.9695,0.3863,0.956,0.386,0.362,0.925,ptx,msa_notemplate
2qos,43,1,0.9446,0.9695,0.4714,0.951,0.471,0.411,0.925,ptx,msa_notemplate
2qos,43,2,0.9446,0.9695,0.4781,0.945,0.478,0.459,0.925,ptx,msa_notemplate
2qos,43,3,0.9444,0.9695,0.489,0.927,0.489,0.51,0.887,ptx,msa_notemplate
2qos,43,4,0.9446,0.9695,0.4902,0.923,0.49,0.43,0.849,ptx,msa_notemplate
2qos,44,0,0.941,0.9693,0.444,0.94,0.444,0.388,0.887,ptx,msa_notemplate
2qos,44,1,0.941,0.9692,0.4966,0.946,0.497,0.395,0.906,ptx,msa_notemplate
2qos,44,2,0.941,0.9692,0.467,0.952,0.467,0.393,0.925,ptx,msa_notemplate
2qos,44,3,0.9411,0.9692,0.4826,0.945,0.483,0.4,0.906,ptx,msa_notemplate
2qos,44,4,0.9411,0.9692,0.4711,0.935,0.471,0.374,0.868,ptx,msa_notemplate
2r7g,42,0,0.9306,0.9748,0.6243,0.876,0.624,0.719,0.82,ptx,msa_notemplate
2r7g,42,1,0.9308,0.9748,0.5188,0.89,0.519,0.62,0.82,ptx,msa_notemplate
2r7g,42,2,0.9303,0.9748,0.6453,0.881,0.645,0.73,0.84,ptx,msa_notemplate
2r7g,42,3,0.9305,0.9747,0.7203,0.88,0.72,0.683,0.82,ptx,msa_notemplate
2r7g,42,4,0.9301,0.9747,0.5991,0.861,0.599,0.685,0.76,ptx,msa_notemplate
2r7g,43,0,0.9469,0.9783,0.4833,0.894,0.483,0.645,0.84,ptx,msa_notemplate
2r7g,43,1,0.9467,0.9783,0.5279,0.882,0.528,0.632,0.8,ptx,msa_notemplate
2r7g,43,2,0.9469,0.9783,0.4904,0.893,0.49,0.698,0.86,ptx,msa_notemplate
2r7g,43,3,0.9465,0.9782,0.5539,0.871,0.554,0.662,0.78,ptx,msa_notemplate
2r7g,43,4,0.9464,0.9782,0.5852,0.879,0.585,0.65,0.8,ptx,msa_notemplate
2r7g,44,0,0.94,0.9762,0.5671,0.88,0.567,0.644,0.8,ptx,msa_notemplate
2r7g,44,1,0.9399,0.9761,0.6261,0.888,0.626,0.681,0.84,ptx,msa_notemplate
2r7g,44,2,0.9396,0.976,0.6389,0.869,0.639,0.671,0.78,ptx,msa_notemplate
2r7g,44,3,0.9396,0.976,0.542,0.874,0.542,0.687,0.8,ptx,msa_notemplate
2r7g,44,4,0.9394,0.9758,0.587,0.898,0.587,0.611,0.84,ptx,msa_notemplate
2rol,42,0,0.7254,0.6566,5.6869,0.381,5.687,3.304,0.281,ptx,msa_notemplate
2rol,42,1,0.7251,0.6538,8.1391,0.301,8.139,3.875,0.25,ptx,msa_notemplate
2rol,42,2,0.7237,0.6521,6.9177,0.331,6.918,3.688,0.25,ptx,msa_notemplate
2rol,42,3,0.724,0.6481,5.0321,0.404,5.032,3.082,0.281,ptx,msa_notemplate
2rol,42,4,0.7225,0.6441,5.5038,0.397,5.504,2.954,0.281,ptx,msa_notemplate
2rol,43,0,0.7435,0.7086,5.9353,0.411,5.935,3.493,0.406,ptx,msa_notemplate
2rol,43,1,0.7453,0.7021,6.7575,0.349,6.757,3.546,0.281,ptx,msa_notemplate
2rol,43,2,0.7411,0.6888,6.4877,0.348,6.488,3.428,0.25,ptx,msa_notemplate
2rol,43,3,0.7414,0.6883,5.4768,0.366,5.477,3.281,0.219,ptx,msa_notemplate
2rol,43,4,0.7378,0.6847,5.334,0.424,5.334,2.908,0.344,ptx,msa_notemplate
2rol,44,0,0.7425,0.7108,5.5408,0.422,5.541,3.113,0.375,ptx,msa_notemplate
2rol,44,1,0.7415,0.7056,5.9658,0.439,5.966,3.234,0.469,ptx,msa_notemplate
2rol,44,2,0.7404,0.7039,5.5718,0.414,5.572,3.002,0.344,ptx,msa_notemplate
2rol,44,3,0.7364,0.6867,5.2054,0.392,5.205,2.998,0.25,ptx,msa_notemplate
2rol,44,4,0.736,0.6827,6.3998,0.36,6.4,3.411,0.281,ptx,msa_notemplate
2v8c,42,0,0.736,0.7542,1.187,0.924,1.187,0.631,0.943,ptx,msa_notemplate
2v8c,42,1,0.7452,0.7526,7.4983,0.378,7.498,2.763,0.343,ptx,msa_notemplate
2v8c,42,2,0.733,0.7494,0.8933,0.94,0.893,0.531,0.943,ptx,msa_notemplate
2v8c,42,3,0.7414,0.7471,6.6154,0.41,6.615,2.496,0.343,ptx,msa_notemplate
2v8c,42,4,0.7092,0.7254,19.7796,0.127,19.78,9.131,0.2,ptx,msa_notemplate
2v8c,43,0,0.7298,0.7377,7.6239,0.372,7.624,2.84,0.343,ptx,msa_notemplate
2v8c,43,1,0.7305,0.7375,7.5902,0.372,7.59,2.858,0.343,ptx,msa_notemplate
2v8c,43,2,0.7247,0.7366,4.8238,0.55,4.824,1.916,0.514,ptx,msa_notemplate
2v8c,43,3,0.7265,0.7343,7.704,0.369,7.704,2.87,0.343,ptx,msa_notemplate
2v8c,43,4,0.7001,0.7177,19.7373,0.128,19.737,9.118,0.2,ptx,msa_notemplate
2v8c,44,0,0.9046,0.931,0.8622,0.948,0.862,0.544,0.971,ptx,msa_notemplate
2v8c,44,1,0.9042,0.9305,0.9002,0.947,0.9,0.553,0.971,ptx,msa_notemplate
2v8c,44,2,0.9037,0.9304,0.7166,0.953,0.717,0.514,0.971,ptx,msa_notemplate
2v8c,44,3,0.9033,0.93,0.7237,0.954,0.724,0.509,0.971,ptx,msa_notemplate
2v8c,44,4,0.9036,0.9299,0.558,0.973,0.558,0.432,1.0,ptx,msa_notemplate
2vzg,42,0,0.9053,0.9156,2.6804,0.797,2.68,1.254,0.893,ptx,msa_notemplate
2vzg,42,1,0.905,0.9155,2.7173,0.792,2.717,1.289,0.893,ptx,msa_notemplate
2vzg,42,2,0.9054,0.9152,2.6849,0.795,2.685,1.27,0.893,ptx,msa_notemplate
2vzg,42,3,0.9052,0.9151,2.8735,0.77,2.874,1.339,0.857,ptx,msa_notemplate
2vzg,42,4,0.9053,0.9151,2.7777,0.789,2.778,1.305,0.893,ptx,msa_notemplate
2vzg,43,0,0.8923,0.9068,2.7723,0.801,2.772,1.3,0.929,ptx,msa_notemplate
2vzg,43,1,0.8919,0.9066,2.7505,0.789,2.75,1.304,0.893,ptx,msa_notemplate
2vzg,43,2,0.8919,0.9064,2.8225,0.786,2.823,1.314,0.893,ptx,msa_notemplate
2vzg,43,3,0.892,0.9063,2.6114,0.813,2.611,1.23,0.929,ptx,msa_notemplate
2vzg,43,4,0.8919,0.9061,2.7244,0.793,2.724,1.28,0.893,ptx,msa_notemplate
2vzg,44,0,0.9122,0.9219,2.8643,0.785,2.864,1.319,0.893,ptx,msa_notemplate
2vzg,44,1,0.9121,0.9217,2.8202,0.79,2.82,1.288,0.893,ptx,msa_notemplate
2vzg,44,2,0.9119,0.9215,2.6166,0.801,2.617,1.232,0.893,ptx,msa_notemplate
2vzg,44,3,0.912,0.9215,2.7015,0.796,2.702,1.256,0.893,ptx,msa_notemplate
2vzg,44,4,0.912,0.9215,2.746,0.791,2.746,1.292,0.893,ptx,msa_notemplate
2xcb,42,0,0.9489,0.9737,0.9483,0.949,0.948,0.366,0.914,ptx,msa_notemplate
2xcb,42,1,0.949,0.9737,0.8702,0.952,0.87,0.341,0.914,ptx,msa_notemplate
2xcb,42,2,0.9489,0.9737,0.9285,0.958,0.928,0.364,0.943,ptx,msa_notemplate
2xcb,42,3,0.949,0.9737,0.9129,0.949,0.913,0.363,0.914,ptx,msa_notemplate
2xcb,42,4,0.949,0.9737,0.9111,0.95,0.911,0.351,0.914,ptx,msa_notemplate
2xcb,43,0,0.9487,0.9736,0.9384,0.948,0.938,0.372,0.914,ptx,msa_notemplate
2xcb,43,1,0.9486,0.9736,0.9328,0.949,0.933,0.36,0.914,ptx,msa_notemplate
2xcb,43,2,0.9486,0.9736,0.9484,0.949,0.948,0.361,0.914,ptx,msa_notemplate
2xcb,43,3,0.9486,0.9735,0.9582,0.95,0.958,0.355,0.914,ptx,msa_notemplate
2xcb,43,4,0.9484,0.9735,0.9186,0.95,0.919,0.355,0.914,ptx,msa_notemplate
2xcb,44,0,0.9497,0.9741,0.9117,0.941,0.912,0.353,0.886,ptx,msa_notemplate
2xcb,44,1,0.9493,0.974,0.889,0.951,0.889,0.351,0.914,ptx,msa_notemplate
2xcb,44,2,0.9493,0.974,0.9048,0.95,0.905,0.354,0.914,ptx,msa_notemplate
2xcb,44,3,0.9494,0.974,0.9111,0.96,0.911,0.352,0.943,ptx,msa_notemplate
2xcb,44,4,0.9492,0.9739,0.9086,0.95,0.909,0.353,0.914,ptx,msa_notemplate
2xpn,42,0,0.9078,0.9446,0.9992,0.957,0.999,0.538,1.0,ptx,msa_notemplate
2xpn,42,1,0.9076,0.9445,1.1828,0.94,1.183,0.659,1.0,ptx,msa_notemplate
2xpn,42,2,0.9077,0.9445,0.9375,0.959,0.938,0.531,1.0,ptx,msa_notemplate
2xpn,42,3,0.9077,0.9445,1.0111,0.956,1.011,0.548,1.0,ptx,msa_notemplate
2xpn,42,4,0.908,0.9442,2.2013,0.854,2.201,1.107,0.979,ptx,msa_notemplate
2xpn,43,0,0.9069,0.9468,2.4694,0.813,2.469,1.275,0.936,ptx,msa_notemplate
2xpn,43,1,0.9074,0.9466,1.2138,0.933,1.214,0.6,0.957,ptx,msa_notemplate
2xpn,43,2,0.9075,0.9463,1.1678,0.935,1.168,0.589,0.957,ptx,msa_notemplate
2xpn,43,3,0.9077,0.9462,1.3146,0.946,1.315,0.604,1.0,ptx,msa_notemplate
2xpn,43,4,0.9074,0.9462,0.987,0.94,0.987,0.618,0.979,ptx,msa_notemplate
2xpn,44,0,0.8789,0.9361,2.3356,0.789,2.336,1.156,0.809,ptx,msa_notemplate
2xpn,44,1,0.8787,0.936,2.4325,0.781,2.432,1.197,0.809,ptx,msa_notemplate
2xpn,44,2,0.8785,0.9355,2.5266,0.772,2.527,1.25,0.809,ptx,msa_notemplate
2xpn,44,3,0.8784,0.9353,2.5514,0.767,2.551,1.291,0.809,ptx,msa_notemplate
2xpn,44,4,0.8782,0.9351,2.328,0.787,2.328,1.172,0.809,ptx,msa_notemplate
2xrw,42,0,0.8583,0.9651,3.1678,0.752,3.168,1.83,0.975,ptx,msa_notemplate
2xrw,42,1,0.8578,0.965,3.3507,0.756,3.351,1.733,0.975,ptx,msa_notemplate
2xrw,42,2,0.8571,0.9649,3.1649,0.742,3.165,1.749,0.925,ptx,msa_notemplate
2xrw,42,3,0.8579,0.9648,3.2272,0.742,3.227,1.835,0.95,ptx,msa_notemplate
2xrw,42,4,0.858,0.9648,3.1802,0.752,3.18,1.731,0.95,ptx,msa_notemplate
2xrw,43,0,0.8657,0.968,3.7469,0.711,3.747,1.954,0.925,ptx,msa_notemplate
2xrw,43,1,0.8663,0.968,3.331,0.726,3.331,1.889,0.925,ptx,msa_notemplate
2xrw,43,2,0.8655,0.9678,3.4105,0.751,3.411,1.871,1.0,ptx,msa_notemplate
2xrw,43,3,0.8659,0.9678,3.22,0.741,3.22,1.844,0.95,ptx,msa_notemplate
2xrw,43,4,0.8658,0.9677,3.5648,0.718,3.565,1.924,0.925,ptx,msa_notemplate
2xrw,44,0,0.8697,0.9692,3.3175,0.747,3.317,1.84,0.975,ptx,msa_notemplate
2xrw,44,1,0.8694,0.9691,3.5869,0.718,3.587,1.92,0.925,ptx,msa_notemplate
2xrw,44,2,0.8692,0.9687,3.3406,0.745,3.341,1.857,0.975,ptx,msa_notemplate
2xrw,44,3,0.8693,0.9688,3.3159,0.729,3.316,1.856,0.925,ptx,msa_notemplate
2xrw,44,4,0.8686,0.9685,3.4122,0.737,3.412,1.842,0.95,ptx,msa_notemplate
2ymt,42,0,0.9638,0.9787,0.6206,0.976,0.621,0.286,0.968,ptx,msa_notemplate
2ymt,42,1,0.9639,0.9788,0.6436,0.986,0.644,0.288,1.0,ptx,msa_notemplate
2ymt,42,2,0.9638,0.9787,0.6132,0.976,0.613,0.281,0.968,ptx,msa_notemplate
2ymt,42,3,0.9636,0.9786,0.6549,0.975,0.655,0.294,0.968,ptx,msa_notemplate
2ymt,42,4,0.9634,0.9786,0.7596,0.971,0.76,0.329,0.968,ptx,msa_notemplate
2ymt,43,0,0.9647,0.9787,0.6109,0.976,0.611,0.287,0.968,ptx,msa_notemplate
2ymt,43,1,0.9644,0.9786,0.7727,0.971,0.773,0.334,0.968,ptx,msa_notemplate
2ymt,43,2,0.9644,0.9786,0.7864,0.97,0.786,0.336,0.968,ptx,msa_notemplate
2ymt,43,3,0.9646,0.9786,0.8469,0.968,0.847,0.354,0.968,ptx,msa_notemplate
2ymt,43,4,0.9645,0.9785,0.8069,0.969,0.807,0.353,0.968,ptx,msa_notemplate
2ymt,44,0,0.9638,0.9783,0.6524,0.975,0.652,0.294,0.968,ptx,msa_notemplate
2ymt,44,1,0.9639,0.9783,0.6335,0.975,0.633,0.296,0.968,ptx,msa_notemplate
2ymt,44,2,0.9635,0.9782,0.8721,0.966,0.872,0.373,0.968,ptx,msa_notemplate
2ymt,44,3,0.9634,0.9782,0.8964,0.967,0.896,0.367,0.968,ptx,msa_notemplate
2ymt,44,4,0.9633,0.9781,0.8546,0.967,0.855,0.364,0.968,ptx,msa_notemplate
3agy,42,0,0.9381,0.9712,0.9892,0.957,0.989,0.453,0.967,ptx,msa_notemplate
3agy,42,1,0.938,0.9712,1.201,0.947,1.201,0.519,0.967,ptx,msa_notemplate
3agy,42,2,0.938,0.9712,1.421,0.947,1.421,0.494,0.967,ptx,msa_notemplate
3agy,42,3,0.9381,0.9712,1.1435,0.957,1.144,0.435,0.967,ptx,msa_notemplate
3agy,42,4,0.938,0.9712,1.209,0.953,1.209,0.469,0.967,ptx,msa_notemplate
3agy,43,0,0.9291,0.969,1.1949,0.946,1.195,0.527,0.967,ptx,msa_notemplate
3agy,43,1,0.9291,0.9691,1.0189,0.957,1.019,0.447,0.967,ptx,msa_notemplate
3agy,43,2,0.929,0.969,1.3204,0.948,1.32,0.493,0.967,ptx,msa_notemplate
3agy,43,3,0.929,0.969,1.2786,0.946,1.279,0.518,0.967,ptx,msa_notemplate
3agy,43,4,0.929,0.969,1.5036,0.946,1.504,0.494,0.967,ptx,msa_notemplate
3agy,44,0,0.9449,0.9744,1.1111,0.956,1.111,0.45,0.967,ptx,msa_notemplate
3agy,44,1,0.9449,0.9744,1.1945,0.953,1.194,0.466,0.967,ptx,msa_notemplate
3agy,44,2,0.945,0.9744,1.1525,0.953,1.153,0.471,0.967,ptx,msa_notemplate
3agy,44,3,0.9448,0.9744,1.4486,0.945,1.449,0.508,0.967,ptx,msa_notemplate
3agy,44,4,0.9449,0.9743,1.7048,0.945,1.705,0.478,0.967,ptx,msa_notemplate
3bej,42,0,0.8735,0.9609,1.8344,0.853,1.834,0.899,0.868,ptx,msa_notemplate
3bej,42,1,0.873,0.9604,2.0499,0.79,2.05,1.008,0.737,ptx,msa_notemplate
3bej,42,2,0.8728,0.9601,2.0754,0.792,2.075,1.058,0.763,ptx,msa_notemplate
3bej,42,3,0.8729,0.9598,1.9557,0.814,1.956,0.973,0.789,ptx,msa_notemplate
3bej,42,4,0.8727,0.9598,1.9769,0.831,1.977,0.976,0.842,ptx,msa_notemplate
3bej,43,0,0.8706,0.9595,2.172,0.804,2.172,1.021,0.789,ptx,msa_notemplate
3bej,43,1,0.8701,0.9594,1.7476,0.834,1.748,0.918,0.816,ptx,msa_notemplate
3bej,43,2,0.8707,0.9591,2.2324,0.786,2.232,1.075,0.763,ptx,msa_notemplate
3bej,43,3,0.8705,0.9589,1.9792,0.806,1.979,1.032,0.789,ptx,msa_notemplate
3bej,43,4,0.8699,0.9586,2.1261,0.79,2.126,1.062,0.763,ptx,msa_notemplate
3bej,44,0,0.8664,0.9577,1.9861,0.838,1.986,0.928,0.842,ptx,msa_notemplate
3bej,44,1,0.8658,0.9564,1.8637,0.807,1.864,0.977,0.763,ptx,msa_notemplate
3bej,44,2,0.8648,0.9561,2.4191,0.765,2.419,1.076,0.711,ptx,msa_notemplate
3bej,44,3,0.8651,0.956,2.0436,0.824,2.044,0.895,0.789,ptx,msa_notemplate
3bej,44,4,0.8647,0.9553,1.903,0.806,1.903,0.973,0.763,ptx,msa_notemplate
3bqo,42,0,0.8964,0.9623,0.6328,0.964,0.633,0.42,0.969,ptx,msa_notemplate
3bqo,42,1,0.8959,0.9619,0.6833,0.974,0.683,0.368,0.984,ptx,msa_notemplate
3bqo,42,2,0.8959,0.9619,0.7481,0.952,0.748,0.424,0.938,ptx,msa_notemplate
3bqo,42,3,0.896,0.9619,1.0056,0.944,1.006,0.475,0.938,ptx,msa_notemplate
3bqo,42,4,0.8969,0.9615,1.714,0.897,1.714,0.696,0.906,ptx,msa_notemplate
3bqo,43,0,0.8959,0.9612,1.4861,0.918,1.486,0.601,0.922,ptx,msa_notemplate
3bqo,43,1,0.8957,0.9608,1.1206,0.935,1.121,0.538,0.938,ptx,msa_notemplate
3bqo,43,2,0.8949,0.9601,0.8332,0.947,0.833,0.46,0.938,ptx,msa_notemplate
3bqo,43,3,0.8953,0.9595,1.6554,0.911,1.655,0.677,0.938,ptx,msa_notemplate
3bqo,43,4,0.8941,0.9593,1.2636,0.924,1.264,0.572,0.922,ptx,msa_notemplate
3bqo,44,0,0.8985,0.9639,1.0276,0.948,1.028,0.489,0.953,ptx,msa_notemplate
3bqo,44,1,0.8979,0.9637,1.1137,0.952,1.114,0.49,0.969,ptx,msa_notemplate
3bqo,44,2,0.8976,0.9634,0.9514,0.948,0.951,0.45,0.938,ptx,msa_notemplate
3bqo,44,3,0.8974,0.9631,1.1184,0.94,1.118,0.541,0.953,ptx,msa_notemplate
3bqo,44,4,0.8965,0.9625,0.9938,0.95,0.994,0.425,0.938,ptx,msa_notemplate
3emh,42,0,0.9051,0.9775,0.9071,0.963,0.907,0.272,0.933,ptx,msa_notemplate
3emh,42,1,0.9059,0.9775,0.6172,0.947,0.617,0.211,0.867,ptx,msa_notemplate
3emh,42,2,0.9052,0.9773,0.7407,0.945,0.741,0.242,0.867,ptx,msa_notemplate
3emh,42,3,0.9051,0.9773,0.6431,0.947,0.643,0.209,0.867,ptx,msa_notemplate
3emh,42,4,0.9052,0.9772,0.5621,0.937,0.562,0.198,0.833,ptx,msa_notemplate
3emh,43,0,0.9031,0.9772,0.6486,0.958,0.649,0.208,0.9,ptx,msa_notemplate
3emh,43,1,0.9033,0.9772,0.5856,0.959,0.586,0.199,0.9,ptx,msa_notemplate
3emh,43,2,0.9022,0.9769,0.5906,0.948,0.591,0.202,0.867,ptx,msa_notemplate
3emh,43,3,0.9021,0.9768,0.6074,0.947,0.607,0.21,0.867,ptx,msa_notemplate
3emh,43,4,0.9012,0.9765,0.8273,0.931,0.827,0.268,0.833,ptx,msa_notemplate
3emh,44,0,0.8779,0.9705,0.6233,0.959,0.623,0.206,0.9,ptx,msa_notemplate
3emh,44,1,0.8782,0.9704,0.55,0.96,0.55,0.197,0.9,ptx,msa_notemplate
3emh,44,2,0.8764,0.9696,1.019,0.927,1.019,0.293,0.833,ptx,msa_notemplate
3emh,44,3,0.875,0.9692,0.9873,0.939,0.987,0.287,0.867,ptx,msa_notemplate
3emh,44,4,0.8749,0.9689,0.9703,0.928,0.97,0.286,0.833,ptx,msa_notemplate
3emw,42,0,0.9065,0.9681,1.2819,0.945,1.282,0.534,0.97,ptx,msa_notemplate
3emw,42,1,0.9065,0.968,1.3539,0.933,1.354,0.539,0.939,ptx,msa_notemplate
3emw,42,2,0.9059,0.9678,1.3816,0.94,1.382,0.562,0.97,ptx,msa_notemplate
3emw,42,3,0.9063,0.9679,1.1576,0.952,1.158,0.487,0.97,ptx,msa_notemplate
3emw,42,4,0.9053,0.9667,1.6655,0.925,1.665,0.648,0.97,ptx,msa_notemplate
3emw,43,0,0.9002,0.9653,1.5587,0.934,1.559,0.595,0.97,ptx,msa_notemplate
3emw,43,1,0.9001,0.9651,1.1017,0.951,1.102,0.498,0.97,ptx,msa_notemplate
3emw,43,2,0.8998,0.9649,0.9424,0.961,0.942,0.424,0.97,ptx,msa_notemplate
3emw,43,3,0.9,0.9648,1.0731,0.956,1.073,0.462,0.97,ptx,msa_notemplate
3emw,43,4,0.8998,0.9645,0.8055,0.955,0.805,0.396,0.939,ptx,msa_notemplate
3emw,44,0,0.8381,0.9274,5.8079,0.444,5.808,2.201,0.333,ptx,msa_notemplate
3emw,44,1,0.837,0.926,6.2154,0.423,6.215,2.374,0.333,ptx,msa_notemplate
3emw,44,2,0.8374,0.9259,6.03,0.431,6.03,2.328,0.333,ptx,msa_notemplate
3emw,44,3,0.837,0.9253,5.823,0.439,5.823,2.272,0.333,ptx,msa_notemplate
3emw,44,4,0.8354,0.9249,6.0349,0.424,6.035,2.268,0.303,ptx,msa_notemplate
3et3,42,0,0.8578,0.9533,0.6025,0.959,0.602,0.429,0.957,ptx,msa_notemplate
3et3,42,1,0.858,0.9529,0.7018,0.958,0.702,0.363,0.936,ptx,msa_notemplate
3et3,42,2,0.8575,0.9524,0.561,0.952,0.561,0.429,0.936,ptx,msa_notemplate
3et3,42,3,0.8573,0.9523,1.1325,0.942,1.132,0.539,0.957,ptx,msa_notemplate
3et3,42,4,0.8571,0.9523,0.7727,0.952,0.773,0.42,0.936,ptx,msa_notemplate
3et3,43,0,0.8792,0.9626,0.6415,0.963,0.642,0.317,0.936,ptx,msa_notemplate
3et3,43,1,0.8795,0.9621,0.6119,0.967,0.612,0.346,0.957,ptx,msa_notemplate
3et3,43,2,0.879,0.9619,0.8825,0.933,0.882,0.511,0.915,ptx,msa_notemplate
3et3,43,3,0.8792,0.9619,0.8179,0.958,0.818,0.424,0.957,ptx,msa_notemplate
3et3,43,4,0.8793,0.9618,0.8453,0.955,0.845,0.383,0.936,ptx,msa_notemplate
3et3,44,0,0.8682,0.9577,0.942,0.944,0.942,0.41,0.915,ptx,msa_notemplate
3et3,44,1,0.8685,0.9575,0.6218,0.965,0.622,0.37,0.957,ptx,msa_notemplate
3et3,44,2,0.8684,0.9572,0.8517,0.933,0.852,0.513,0.915,ptx,msa_notemplate
3et3,44,3,0.8686,0.9572,0.6928,0.955,0.693,0.395,0.936,ptx,msa_notemplate
3et3,44,4,0.8686,0.9569,0.6249,0.951,0.625,0.432,0.936,ptx,msa_notemplate
3fp2,42,0,0.7171,0.9337,4.6173,0.71,4.617,1.314,0.792,ptx,msa_notemplate
3fp2,42,1,0.7171,0.9338,5.3852,0.697,5.385,1.373,0.833,ptx,msa_notemplate
3fp2,42,2,0.7176,0.9331,6.2953,0.68,6.295,1.218,0.792,ptx,msa_notemplate
3fp2,42,3,0.7192,0.9317,19.1713,0.423,19.171,2.227,0.792,ptx,msa_notemplate
3fp2,42,4,0.7153,0.9291,20.7379,0.427,20.738,2.268,0.833,ptx,msa_notemplate
3fp2,43,0,0.7381,0.9422,20.2233,0.426,20.223,2.323,0.833,ptx,msa_notemplate
3fp2,43,1,0.7365,0.9409,21.4319,0.411,21.432,2.267,0.792,ptx,msa_notemplate
3fp2,43,2,0.7361,0.9408,19.8797,0.431,19.88,2.256,0.833,ptx,msa_notemplate
3fp2,43,3,0.7345,0.9401,20.6051,0.415,20.605,2.256,0.792,ptx,msa_notemplate
3fp2,43,4,0.7308,0.9399,11.6993,0.586,11.699,1.279,0.833,ptx,msa_notemplate
3fp2,44,0,0.747,0.9489,17.8723,0.439,17.872,2.297,0.833,ptx,msa_notemplate
3fp2,44,1,0.7457,0.9488,3.9339,0.704,3.934,1.389,0.75,ptx,msa_notemplate
3fp2,44,2,0.7474,0.9471,19.2215,0.436,19.222,2.233,0.833,ptx,msa_notemplate
3fp2,44,3,0.7477,0.9475,18.9082,0.425,18.908,2.213,0.792,ptx,msa_notemplate
3fp2,44,4,0.7338,0.9361,26.0492,0.415,26.049,2.215,0.833,ptx,msa_notemplate
3g2s,42,0,0.8999,0.9224,1.9078,0.912,1.908,0.727,0.973,ptx,msa_notemplate
3g2s,42,1,0.9002,0.922,1.2545,0.907,1.255,0.696,0.919,ptx,msa_notemplate
3g2s,42,2,0.901,0.9215,1.3904,0.905,1.39,0.695,0.919,ptx,msa_notemplate
3g2s,42,3,0.9015,0.921,0.9122,0.928,0.912,0.629,0.946,ptx,msa_notemplate
3g2s,42,4,0.9013,0.9209,0.7149,0.915,0.715,0.734,0.946,ptx,msa_notemplate
3g2s,43,0,0.8775,0.9179,4.9162,0.746,4.916,1.374,0.946,ptx,msa_notemplate
3g2s,43,1,0.8786,0.9159,4.133,0.781,4.133,1.188,0.919,ptx,msa_notemplate
3g2s,43,2,0.8831,0.9101,1.7066,0.907,1.707,0.782,0.973,ptx,msa_notemplate
3g2s,43,3,0.8852,0.9098,0.9107,0.926,0.911,0.712,0.973,ptx,msa_notemplate
3g2s,43,4,0.8843,0.9098,0.9977,0.931,0.998,0.67,0.973,ptx,msa_notemplate
3g2s,44,0,0.8984,0.9203,2.0119,0.904,2.012,0.766,0.973,ptx,msa_notemplate
3g2s,44,1,0.8992,0.9199,1.4521,0.918,1.452,0.728,0.973,ptx,msa_notemplate
3g2s,44,2,0.8996,0.9195,1.2786,0.933,1.279,0.636,0.973,ptx,msa_notemplate
3g2s,44,3,0.8998,0.9195,0.8256,0.923,0.826,0.675,0.946,ptx,msa_notemplate
3g2s,44,4,0.8994,0.9192,1.4439,0.924,1.444,0.688,0.973,ptx,msa_notemplate
3h1z,42,0,0.5361,0.6278,2.2379,0.832,2.238,0.913,0.83,ptx,msa_notemplate
3h1z,42,1,0.5369,0.6272,2.6486,0.814,2.649,1.072,0.868,ptx,msa_notemplate
3h1z,42,2,0.5334,0.6272,2.581,0.81,2.581,1.019,0.83,ptx,msa_notemplate
3h1z,42,3,0.5301,0.6251,4.4121,0.605,4.412,1.971,0.66,ptx,msa_notemplate
3h1z,42,4,0.5335,0.6228,3.9644,0.651,3.964,1.654,0.679,ptx,msa_notemplate
3h1z,43,0,0.5316,0.6117,2.2558,0.838,2.256,0.869,0.83,ptx,msa_notemplate
3h1z,43,1,0.5334,0.6085,3.2616,0.725,3.262,1.357,0.755,ptx,msa_notemplate
3h1z,43,2,0.5231,0.6078,5.9081,0.445,5.908,2.624,0.415,ptx,msa_notemplate
3h1z,43,3,0.5228,0.5888,6.1615,0.454,6.162,2.574,0.453,ptx,msa_notemplate
3h1z,43,4,0.5135,0.5607,10.4554,0.286,10.455,4.459,0.358,ptx,msa_notemplate
3h1z,44,0,0.5308,0.6105,3.4607,0.688,3.461,1.473,0.698,ptx,msa_notemplate
3h1z,44,1,0.528,0.5992,5.1463,0.511,5.146,2.33,0.509,ptx,msa_notemplate
3h1z,44,2,0.5215,0.5923,4.0675,0.616,4.068,1.862,0.642,ptx,msa_notemplate
3h1z,44,3,0.516,0.5762,6.5171,0.416,6.517,2.969,0.415,ptx,msa_notemplate
3h1z,44,4,0.5163,0.5707,8.2673,0.348,8.267,3.549,0.377,ptx,msa_notemplate
3i5r,42,0,0.9449,0.9415,0.6914,0.982,0.691,0.337,1.0,ptx,msa_notemplate
3i5r,42,1,0.9449,0.9415,0.726,0.981,0.726,0.346,1.0,ptx,msa_notemplate
3i5r,42,2,0.945,0.9414,0.8425,0.977,0.843,0.375,1.0,ptx,msa_notemplate
3i5r,42,3,0.945,0.9413,0.7608,0.978,0.761,0.372,1.0,ptx,msa_notemplate
3i5r,42,4,0.9451,0.9413,0.8376,0.977,0.838,0.372,1.0,ptx,msa_notemplate
3i5r,43,0,0.9461,0.9405,0.7352,0.979,0.735,0.362,1.0,ptx,msa_notemplate
3i5r,43,1,0.9461,0.9403,0.7713,0.977,0.771,0.382,1.0,ptx,msa_notemplate
3i5r,43,2,0.9461,0.9403,0.7295,0.98,0.729,0.356,1.0,ptx,msa_notemplate
3i5r,43,3,0.9462,0.9402,0.8319,0.977,0.832,0.379,1.0,ptx,msa_notemplate
3i5r,43,4,0.9461,0.9402,0.6758,0.981,0.676,0.342,1.0,ptx,msa_notemplate
3i5r,44,0,0.9495,0.9437,0.6845,0.981,0.685,0.348,1.0,ptx,msa_notemplate
3i5r,44,1,0.9494,0.9435,0.6439,0.984,0.644,0.313,1.0,ptx,msa_notemplate
3i5r,44,2,0.9496,0.9436,0.8134,0.979,0.813,0.356,1.0,ptx,msa_notemplate
3i5r,44,3,0.9495,0.9435,0.7047,0.982,0.705,0.337,1.0,ptx,msa_notemplate
3i5r,44,4,0.9495,0.9435,0.7021,0.982,0.702,0.337,1.0,ptx,msa_notemplate
3obq,42,0,0.9504,0.9647,0.704,0.964,0.704,0.423,0.972,ptx,msa_notemplate
3obq,42,1,0.9499,0.9644,0.7723,0.954,0.772,0.429,0.944,ptx,msa_notemplate
3obq,42,2,0.9497,0.9643,0.7085,0.964,0.709,0.426,0.972,ptx,msa_notemplate
3obq,42,3,0.9499,0.9641,0.7879,0.953,0.788,0.431,0.944,ptx,msa_notemplate
3obq,42,4,0.9497,0.9641,0.6805,0.957,0.68,0.402,0.944,ptx,msa_notemplate
3obq,43,0,0.9384,0.9579,0.6283,0.958,0.628,0.398,0.944,ptx,msa_notemplate
3obq,43,1,0.9383,0.9578,0.5847,0.958,0.585,0.403,0.944,ptx,msa_notemplate
3obq,43,2,0.9383,0.9578,0.5993,0.96,0.599,0.373,0.944,ptx,msa_notemplate
3obq,43,3,0.9384,0.9577,0.5665,0.961,0.567,0.373,0.944,ptx,msa_notemplate
3obq,43,4,0.9384,0.9575,0.6029,0.961,0.603,0.366,0.944,ptx,msa_notemplate
3obq,44,0,0.9391,0.9583,0.692,0.957,0.692,0.406,0.944,ptx,msa_notemplate
3obq,44,1,0.9391,0.9582,0.6788,0.958,0.679,0.39,0.944,ptx,msa_notemplate
3obq,44,2,0.9393,0.9582,0.7234,0.956,0.723,0.408,0.944,ptx,msa_notemplate
3obq,44,3,0.939,0.958,0.6358,0.961,0.636,0.364,0.944,ptx,msa_notemplate
3obq,44,4,0.9389,0.958,0.5789,0.96,0.579,0.38,0.944,ptx,msa_notemplate
3p72,42,0,0.9457,0.9765,0.5674,0.951,0.567,0.32,0.902,ptx,msa_notemplate
3p72,42,1,0.9457,0.9765,0.8142,0.949,0.814,0.326,0.902,ptx,msa_notemplate
3p72,42,2,0.9457,0.9763,0.8493,0.948,0.849,0.336,0.902,ptx,msa_notemplate
3p72,42,3,0.9457,0.9763,0.7257,0.938,0.726,0.37,0.878,ptx,msa_notemplate
3p72,42,4,0.9456,0.9763,0.6177,0.951,0.618,0.319,0.902,ptx,msa_notemplate
3p72,43,0,0.9554,0.9792,0.9263,0.945,0.926,0.367,0.902,ptx,msa_notemplate
3p72,43,1,0.9552,0.9792,0.6585,0.959,0.659,0.318,0.927,ptx,msa_notemplate
3p72,43,2,0.9552,0.9792,0.5668,0.968,0.567,0.316,0.951,ptx,msa_notemplate
3p72,43,3,0.9554,0.9791,0.736,0.95,0.736,0.324,0.902,ptx,msa_notemplate
3p72,43,4,0.9552,0.9791,0.7824,0.949,0.782,0.328,0.902,ptx,msa_notemplate
3p72,44,0,0.9421,0.974,0.4584,0.954,0.458,0.298,0.902,ptx,msa_notemplate
3p72,44,1,0.9421,0.974,0.4362,0.961,0.436,0.309,0.927,ptx,msa_notemplate
3p72,44,2,0.9426,0.974,1.1147,0.917,1.115,0.455,0.854,ptx,msa_notemplate
3p72,44,3,0.9424,0.9739,0.6793,0.948,0.679,0.35,0.902,ptx,msa_notemplate
3p72,44,4,0.9421,0.9738,1.0268,0.944,1.027,0.37,0.902,ptx,msa_notemplate
3pe4,42,0,0.5036,0.7144,12.0392,0.187,12.039,3.854,0.096,ptx,msa_notemplate
3pe4,42,1,0.5005,0.7134,12.4877,0.179,12.488,3.971,0.096,ptx,msa_notemplate
3pe4,42,2,0.5014,0.7129,12.8312,0.148,12.831,4.06,0.019,ptx,msa_notemplate
3pe4,42,3,0.4322,0.6482,25.8907,0.044,25.891,7.962,0.0,ptx,msa_notemplate
3pe4,42,4,0.4255,0.6401,26.0494,0.043,26.049,7.994,0.0,ptx,msa_notemplate
3pe4,43,0,0.4436,0.7142,12.5039,0.172,12.504,4.013,0.077,ptx,msa_notemplate
3pe4,43,1,0.4416,0.7136,14.4858,0.125,14.486,4.544,0.019,ptx,msa_notemplate
3pe4,43,2,0.4241,0.7085,15.4052,0.12,15.405,4.831,0.038,ptx,msa_notemplate
3pe4,43,3,0.4145,0.696,20.4436,0.067,20.444,6.339,0.0,ptx,msa_notemplate
3pe4,43,4,0.407,0.6934,19.7265,0.071,19.726,6.111,0.0,ptx,msa_notemplate
3pe4,44,0,0.4452,0.7024,14.4683,0.144,14.468,4.535,0.077,ptx,msa_notemplate
3pe4,44,1,0.4375,0.6909,7.3396,0.382,7.34,2.377,0.288,ptx,msa_notemplate
3pe4,44,2,0.4277,0.6905,18.3731,0.1,18.373,5.707,0.058,ptx,msa_notemplate
3pe4,44,3,0.4128,0.6796,21.9694,0.059,21.969,6.76,0.0,ptx,msa_notemplate
3pe4,44,4,0.4256,0.6764,3.1079,0.818,3.108,1.01,0.885,ptx,msa_notemplate
3plu,42,0,0.9641,0.9481,0.4111,0.989,0.411,0.261,1.0,ptx,msa_notemplate
3plu,42,1,0.9641,0.948,0.4201,0.989,0.42,0.265,1.0,ptx,msa_notemplate
3plu,42,2,0.9641,0.948,0.3767,0.987,0.377,0.294,1.0,ptx,msa_notemplate
3plu,42,3,0.9641,0.948,0.4086,0.986,0.409,0.303,1.0,ptx,msa_notemplate
3plu,42,4,0.9641,0.948,0.3903,0.987,0.39,0.289,1.0,ptx,msa_notemplate
3plu,43,0,0.9619,0.9435,0.4158,0.989,0.416,0.263,1.0,ptx,msa_notemplate
3plu,43,1,0.9619,0.9434,0.4393,0.988,0.439,0.276,1.0,ptx,msa_notemplate
3plu,43,2,0.9619,0.9434,0.4213,0.988,0.421,0.277,1.0,ptx,msa_notemplate
3plu,43,3,0.9618,0.9433,0.3859,0.991,0.386,0.245,1.0,ptx,msa_notemplate
3plu,43,4,0.9619,0.9433,0.3812,0.99,0.381,0.249,1.0,ptx,msa_notemplate
3plu,44,0,0.9606,0.9421,0.4653,0.989,0.465,0.266,1.0,ptx,msa_notemplate
3plu,44,1,0.9606,0.9421,0.3705,0.985,0.37,0.314,1.0,ptx,msa_notemplate
3plu,44,2,0.9607,0.942,0.3802,0.976,0.38,0.29,0.966,ptx,msa_notemplate
3plu,44,3,0.9607,0.9419,0.3464,0.987,0.346,0.29,1.0,ptx,msa_notemplate
3plu,44,4,0.9606,0.9419,0.3514,0.992,0.351,0.232,1.0,ptx,msa_notemplate
3r42,42,0,0.8979,0.9532,3.7043,0.651,3.704,1.444,0.594,ptx,msa_notemplate
3r42,42,1,0.8987,0.9528,3.8457,0.624,3.846,1.469,0.531,ptx,msa_notemplate
3r42,42,2,0.8989,0.9528,3.7058,0.638,3.706,1.465,0.562,ptx,msa_notemplate
3r42,42,3,0.8977,0.9526,3.7434,0.628,3.743,1.458,0.531,ptx,msa_notemplate
3r42,42,4,0.8981,0.9525,3.7336,0.637,3.734,1.47,0.562,ptx,msa_notemplate
3r42,43,0,0.9139,0.9652,0.6946,0.936,0.695,0.381,0.875,ptx,msa_notemplate
3r42,43,1,0.9139,0.9652,0.689,0.928,0.689,0.453,0.875,ptx,msa_notemplate
3r42,43,2,0.9138,0.965,0.9382,0.937,0.938,0.354,0.875,ptx,msa_notemplate
3r42,43,3,0.9138,0.9645,0.923,0.915,0.923,0.462,0.844,ptx,msa_notemplate
3r42,43,4,0.9136,0.9644,0.9465,0.913,0.947,0.479,0.844,ptx,msa_notemplate
3r42,44,0,0.8305,0.898,3.4025,0.66,3.403,1.255,0.531,ptx,msa_notemplate
3r42,44,1,0.8311,0.8978,3.179,0.671,3.179,1.211,0.531,ptx,msa_notemplate
3r42,44,2,0.8304,0.8971,3.5207,0.675,3.521,1.28,0.594,ptx,msa_notemplate
3r42,44,3,0.8306,0.8967,3.3261,0.68,3.326,1.279,0.594,ptx,msa_notemplate
3r42,44,4,0.8311,0.8967,3.412,0.663,3.412,1.234,0.531,ptx,msa_notemplate
3s9c,42,0,0.8866,0.9505,6.5142,0.578,6.514,1.861,0.711,ptx,msa_notemplate
3s9c,42,1,0.8881,0.9501,6.7355,0.559,6.735,1.937,0.689,ptx,msa_notemplate
3s9c,42,2,0.8865,0.9499,6.7854,0.564,6.785,1.871,0.689,ptx,msa_notemplate
3s9c,42,3,0.8861,0.9498,6.735,0.58,6.735,1.871,0.733,ptx,msa_notemplate
3s9c,42,4,0.887,0.9493,7.1195,0.554,7.12,1.981,0.711,ptx,msa_notemplate
3s9c,43,0,0.8665,0.9433,7.0614,0.543,7.061,2.052,0.689,ptx,msa_notemplate
3s9c,43,1,0.8659,0.9426,6.975,0.562,6.975,1.927,0.711,ptx,msa_notemplate
3s9c,43,2,0.8663,0.9423,6.8699,0.545,6.87,2.193,0.711,ptx,msa_notemplate
3s9c,43,3,0.8638,0.9393,7.1011,0.526,7.101,2.174,0.667,ptx,msa_notemplate
3s9c,43,4,0.8556,0.9382,5.0073,0.703,5.007,1.433,0.844,ptx,msa_notemplate
3s9c,44,0,0.8587,0.9412,6.6702,0.532,6.67,2.491,0.711,ptx,msa_notemplate
3s9c,44,1,0.8579,0.9401,6.6063,0.52,6.606,2.476,0.667,ptx,msa_notemplate
3s9c,44,2,0.8574,0.9399,6.9261,0.517,6.926,2.516,0.689,ptx,msa_notemplate
3s9c,44,3,0.8578,0.9398,6.5639,0.518,6.564,2.52,0.667,ptx,msa_notemplate
3s9c,44,4,0.8575,0.9397,6.7816,0.527,6.782,2.529,0.711,ptx,msa_notemplate
3shb,42,0,0.9283,0.929,5.3064,0.681,5.306,1.889,0.935,ptx,msa_notemplate
3shb,42,1,0.9282,0.9283,5.0333,0.693,5.033,1.826,0.935,ptx,msa_notemplate
3shb,42,2,0.9291,0.9281,5.2671,0.685,5.267,1.844,0.935,ptx,msa_notemplate
3shb,42,3,0.9282,0.9277,5.0566,0.693,5.057,1.816,0.935,ptx,msa_notemplate
3shb,42,4,0.9283,0.9277,4.909,0.708,4.909,1.817,0.968,ptx,msa_notemplate
3shb,43,0,0.9344,0.9348,5.5199,0.67,5.52,1.95,0.935,ptx,msa_notemplate
3shb,43,1,0.9344,0.9346,5.3572,0.691,5.357,1.881,0.968,ptx,msa_notemplate
3shb,43,2,0.9347,0.9342,5.3561,0.69,5.356,1.885,0.968,ptx,msa_notemplate
3shb,43,3,0.934,0.9338,5.2961,0.679,5.296,1.912,0.935,ptx,msa_notemplate
3shb,43,4,0.9339,0.9332,5.0494,0.691,5.049,1.841,0.935,ptx,msa_notemplate
3shb,44,0,0.9379,0.9447,0.8978,0.966,0.898,0.38,0.968,ptx,msa_notemplate
3shb,44,1,0.9378,0.9444,1.1386,0.955,1.139,0.454,0.968,ptx,msa_notemplate
3shb,44,2,0.9366,0.9421,1.7444,0.925,1.744,0.633,0.968,ptx,msa_notemplate
3shb,44,3,0.9315,0.9309,5.6263,0.682,5.626,1.9,0.968,ptx,msa_notemplate
3shb,44,4,0.9312,0.9301,5.0099,0.695,5.01,1.805,0.935,ptx,msa_notemplate
3tiw,42,0,0.9076,0.947,2.774,0.871,2.774,0.842,0.95,ptx,msa_notemplate
3tiw,42,1,0.9077,0.9469,2.7946,0.87,2.795,0.849,0.95,ptx,msa_notemplate
3tiw,42,2,0.9077,0.9468,2.7424,0.868,2.742,0.873,0.95,ptx,msa_notemplate
3tiw,42,3,0.9077,0.9468,2.7355,0.857,2.735,0.888,0.925,ptx,msa_notemplate
3tiw,42,4,0.9071,0.9463,2.5594,0.88,2.559,0.81,0.95,ptx,msa_notemplate
3tiw,43,0,0.9119,0.9518,2.8418,0.849,2.842,0.928,0.925,ptx,msa_notemplate
3tiw,43,1,0.9119,0.9516,2.6564,0.85,2.656,0.89,0.9,ptx,msa_notemplate
3tiw,43,2,0.912,0.9515,3.0427,0.85,3.043,0.893,0.925,ptx,msa_notemplate
3tiw,43,3,0.9117,0.9514,2.9683,0.858,2.968,0.849,0.925,ptx,msa_notemplate
3tiw,43,4,0.9111,0.9508,2.7316,0.857,2.732,0.888,0.925,ptx,msa_notemplate
3tiw,44,0,0.9117,0.9519,2.7397,0.869,2.74,0.866,0.95,ptx,msa_notemplate
3tiw,44,1,0.9121,0.9518,2.9187,0.865,2.919,0.863,0.95,ptx,msa_notemplate
3tiw,44,2,0.9117,0.9518,2.6457,0.861,2.646,0.876,0.925,ptx,msa_notemplate
3tiw,44,3,0.9117,0.9517,2.8899,0.876,2.89,0.853,0.975,ptx,msa_notemplate
3tiw,44,4,0.9116,0.9517,2.7573,0.858,2.757,0.882,0.925,ptx,msa_notemplate
3v2o,42,0,0.7599,0.83,8.7989,0.269,8.799,3.011,0.125,ptx,msa_notemplate
3v2o,42,1,0.7584,0.8287,8.9272,0.265,8.927,3.062,0.125,ptx,msa_notemplate
3v2o,42,2,0.7589,0.8286,8.7803,0.278,8.78,3.006,0.15,ptx,msa_notemplate
3v2o,42,3,0.7588,0.8281,8.9086,0.273,8.909,3.073,0.15,ptx,msa_notemplate
3v2o,42,4,0.7571,0.827,9.1041,0.259,9.104,3.13,0.125,ptx,msa_notemplate
3v2o,43,0,0.7657,0.8332,8.758,0.286,8.758,3.019,0.175,ptx,msa_notemplate
3v2o,43,1,0.7659,0.8331,8.7136,0.279,8.714,2.995,0.15,ptx,msa_notemplate
3v2o,43,2,0.7658,0.8328,8.7876,0.269,8.788,3.025,0.125,ptx,msa_notemplate
3v2o,43,3,0.7642,0.832,8.9993,0.271,8.999,3.086,0.15,ptx,msa_notemplate
3v2o,43,4,0.763,0.8317,8.9908,0.271,8.991,3.091,0.15,ptx,msa_notemplate
3v2o,44,0,0.7858,0.8403,2.4051,0.862,2.405,0.955,0.95,ptx,msa_notemplate
3v2o,44,1,0.7834,0.8378,2.6436,0.844,2.644,1.055,0.95,ptx,msa_notemplate
3v2o,44,2,0.7627,0.832,9.0388,0.261,9.039,3.105,0.125,ptx,msa_notemplate
3v2o,44,3,0.7634,0.8316,8.7624,0.278,8.762,3.009,0.15,ptx,msa_notemplate
3v2o,44,4,0.7616,0.83,8.801,0.277,8.801,3.024,0.15,ptx,msa_notemplate
3wgx,42,0,0.9253,0.9506,1.3207,0.918,1.321,0.589,0.912,ptx,msa_notemplate
3wgx,42,1,0.9254,0.9505,0.6904,0.958,0.69,0.376,0.941,ptx,msa_notemplate
3wgx,42,2,0.9252,0.9504,0.6595,0.95,0.659,0.368,0.912,ptx,msa_notemplate
3wgx,42,3,0.9253,0.9504,1.2461,0.932,1.246,0.563,0.941,ptx,msa_notemplate
3wgx,42,4,0.9247,0.9498,1.039,0.935,1.039,0.478,0.912,ptx,msa_notemplate
3wgx,43,0,0.9297,0.9531,0.4588,0.976,0.459,0.301,0.971,ptx,msa_notemplate
3wgx,43,1,0.9292,0.9531,1.5831,0.906,1.583,0.658,0.912,ptx,msa_notemplate
3wgx,43,2,0.9293,0.9528,0.5291,0.976,0.529,0.307,0.971,ptx,msa_notemplate
3wgx,43,3,0.9287,0.9524,1.394,0.926,1.394,0.601,0.941,ptx,msa_notemplate
3wgx,43,4,0.929,0.9524,0.5213,0.976,0.521,0.297,0.971,ptx,msa_notemplate
3wgx,44,0,0.9305,0.9534,0.6074,0.973,0.607,0.335,0.971,ptx,msa_notemplate
3wgx,44,1,0.9302,0.9533,0.6573,0.962,0.657,0.34,0.941,ptx,msa_notemplate
3wgx,44,2,0.9301,0.9531,0.5911,0.974,0.591,0.321,0.971,ptx,msa_notemplate
3wgx,44,3,0.9301,0.9529,0.5329,0.965,0.533,0.316,0.941,ptx,msa_notemplate
3wgx,44,4,0.9293,0.9524,0.6542,0.952,0.654,0.338,0.912,ptx,msa_notemplate
3zrj,42,0,0.8507,0.913,1.8149,0.887,1.815,0.824,0.935,ptx,msa_notemplate
3zrj,42,1,0.8509,0.9129,1.5292,0.9,1.529,0.837,0.968,ptx,msa_notemplate
3zrj,42,2,0.8507,0.9123,1.0522,0.914,1.052,0.698,0.935,ptx,msa_notemplate
3zrj,42,3,0.8495,0.912,2.4531,0.836,2.453,0.95,0.871,ptx,msa_notemplate
3zrj,42,4,0.851,0.9119,1.6026,0.907,1.603,0.776,0.968,ptx,msa_notemplate
3zrj,43,0,0.843,0.9133,1.4595,0.887,1.459,0.782,0.903,ptx,msa_notemplate
3zrj,43,1,0.8433,0.9123,1.087,0.92,1.087,0.655,0.935,ptx,msa_notemplate
3zrj,43,2,0.8432,0.912,1.6193,0.904,1.619,0.802,0.968,ptx,msa_notemplate
3zrj,43,3,0.8435,0.9118,1.6457,0.9,1.646,0.824,0.968,ptx,msa_notemplate
3zrj,43,4,0.8433,0.9112,0.7703,0.925,0.77,0.636,0.935,ptx,msa_notemplate
3zrj,44,0,0.8508,0.9163,2.15,0.838,2.15,1.125,0.935,ptx,msa_notemplate
3zrj,44,1,0.8503,0.9155,1.2303,0.902,1.23,0.768,0.935,ptx,msa_notemplate
3zrj,44,2,0.8501,0.9152,0.9044,0.929,0.904,0.68,0.968,ptx,msa_notemplate
3zrj,44,3,0.8499,0.9149,1.0578,0.906,1.058,0.756,0.935,ptx,msa_notemplate
3zrj,44,4,0.8498,0.9148,1.6545,0.893,1.654,0.799,0.935,ptx,msa_notemplate
4a2a,42,0,0.8901,0.9716,1.1168,0.922,1.117,0.459,0.868,ptx,msa_notemplate
4a2a,42,1,0.8901,0.9715,1.3456,0.909,1.346,0.475,0.842,ptx,msa_notemplate
4a2a,42,2,0.8898,0.9715,0.7815,0.947,0.781,0.415,0.921,ptx,msa_notemplate
4a2a,42,3,0.89,0.9714,1.0686,0.923,1.069,0.456,0.868,ptx,msa_notemplate
4a2a,42,4,0.8896,0.9714,0.756,0.92,0.756,0.427,0.842,ptx,msa_notemplate
4a2a,43,0,0.8953,0.9729,0.8909,0.927,0.891,0.429,0.868,ptx,msa_notemplate
4a2a,43,1,0.8955,0.9728,0.939,0.924,0.939,0.453,0.868,ptx,msa_notemplate
4a2a,43,2,0.8952,0.9728,0.9654,0.928,0.965,0.416,0.868,ptx,msa_notemplate
4a2a,43,3,0.8953,0.9728,1.0982,0.916,1.098,0.433,0.842,ptx,msa_notemplate
4a2a,43,4,0.895,0.9727,1.1098,0.92,1.11,0.475,0.868,ptx,msa_notemplate
4a2a,44,0,0.884,0.9698,1.0615,0.945,1.062,0.417,0.921,ptx,msa_notemplate
4a2a,44,1,0.8842,0.9697,0.96,0.934,0.96,0.445,0.895,ptx,msa_notemplate
4a2a,44,2,0.8838,0.9697,1.1227,0.923,1.123,0.449,0.868,ptx,msa_notemplate
4a2a,44,3,0.8837,0.9696,0.9929,0.932,0.993,0.457,0.895,ptx,msa_notemplate
4a2a,44,4,0.8836,0.9696,0.6903,0.938,0.69,0.427,0.895,ptx,msa_notemplate
4bt9,42,0,0.8282,0.9007,1.4175,0.928,1.418,0.551,0.931,ptx,msa_notemplate
4bt9,42,1,0.8278,0.9011,3.7486,0.71,3.749,1.306,0.724,ptx,msa_notemplate
4bt9,42,2,0.8281,0.9004,1.7161,0.935,1.716,0.554,0.966,ptx,msa_notemplate
4bt9,42,3,0.8285,0.8999,1.4562,0.925,1.456,0.574,0.931,ptx,msa_notemplate
4bt9,42,4,0.8282,0.8995,1.6672,0.915,1.667,0.626,0.931,ptx,msa_notemplate
4bt9,43,0,0.8279,0.8985,1.3505,0.954,1.351,0.438,0.966,ptx,msa_notemplate
4bt9,43,1,0.8284,0.8983,1.9974,0.938,1.997,0.497,0.966,ptx,msa_notemplate
4bt9,43,2,0.8282,0.898,2.4962,0.899,2.496,0.639,0.931,ptx,msa_notemplate
4bt9,43,3,0.8289,0.8982,1.9706,0.93,1.971,0.569,0.966,ptx,msa_notemplate
4bt9,43,4,0.8285,0.8977,2.2829,0.89,2.283,0.651,0.897,ptx,msa_notemplate
4bt9,44,0,0.807,0.8845,5.6668,0.527,5.667,1.95,0.517,ptx,msa_notemplate
4bt9,44,1,0.8013,0.8841,6.982,0.466,6.982,2.377,0.517,ptx,msa_notemplate
4bt9,44,2,0.8038,0.8824,5.7308,0.518,5.731,2.047,0.517,ptx,msa_notemplate
4bt9,44,3,0.8056,0.8821,7.6953,0.339,7.695,2.786,0.241,ptx,msa_notemplate
4bt9,44,4,0.7919,0.8726,5.9122,0.496,5.912,2.126,0.483,ptx,msa_notemplate
4c5a,42,0,0.5686,0.7836,43.2848,0.017,43.285,13.259,0.0,ptx,msa_notemplate
4c5a,42,1,0.5778,0.7815,41.9905,0.018,41.99,12.92,0.0,ptx,msa_notemplate
4c5a,42,2,0.5629,0.7799,43.9129,0.016,43.913,13.47,0.0,ptx,msa_notemplate
4c5a,42,3,0.5739,0.78,40.3174,0.019,40.317,12.815,0.0,ptx,msa_notemplate
4c5a,42,4,0.5466,0.7607,35.0987,0.024,35.099,11.125,0.0,ptx,msa_notemplate
4c5a,43,0,0.5591,0.7633,43.0801,0.017,43.08,13.216,0.0,ptx,msa_notemplate
4c5a,43,1,0.5654,0.7633,41.0568,0.018,41.057,12.746,0.0,ptx,msa_notemplate
4c5a,43,2,0.5485,0.7582,43.8457,0.016,43.846,13.482,0.0,ptx,msa_notemplate
4c5a,43,3,0.5799,0.7508,37.2247,0.022,37.225,11.491,0.0,ptx,msa_notemplate
4c5a,43,4,0.5324,0.7394,34.5624,0.025,34.562,10.781,0.0,ptx,msa_notemplate
4c5a,44,0,0.579,0.7701,42.0446,0.018,42.045,12.837,0.0,ptx,msa_notemplate
4c5a,44,1,0.5603,0.7675,43.6207,0.016,43.621,13.352,0.0,ptx,msa_notemplate
4c5a,44,2,0.5556,0.7632,43.5879,0.016,43.588,13.447,0.0,ptx,msa_notemplate
4c5a,44,3,0.5551,0.7527,34.1767,0.026,34.177,10.783,0.0,ptx,msa_notemplate
4c5a,44,4,0.5432,0.7357,34.2089,0.026,34.209,10.763,0.0,ptx,msa_notemplate
4dg3,42,0,0.9244,0.9744,1.1705,0.911,1.17,0.658,0.913,ptx,msa_notemplate
4dg3,42,1,0.9239,0.9743,0.9434,0.902,0.943,0.631,0.87,ptx,msa_notemplate
4dg3,42,2,0.9239,0.9743,0.8956,0.902,0.896,0.672,0.884,ptx,msa_notemplate
4dg3,42,3,0.9235,0.9742,0.7648,0.918,0.765,0.556,0.884,ptx,msa_notemplate
4dg3,42,4,0.9235,0.9742,0.8812,0.913,0.881,0.59,0.884,ptx,msa_notemplate
4dg3,43,0,0.9157,0.9712,0.6284,0.937,0.628,0.494,0.913,ptx,msa_notemplate
4dg3,43,1,0.9155,0.9711,0.5386,0.943,0.539,0.446,0.913,ptx,msa_notemplate
4dg3,43,2,0.9156,0.9711,0.7048,0.929,0.705,0.552,0.913,ptx,msa_notemplate
4dg3,43,3,0.9151,0.971,0.7106,0.926,0.711,0.541,0.899,ptx,msa_notemplate
4dg3,43,4,0.9154,0.9709,0.7661,0.925,0.766,0.545,0.899,ptx,msa_notemplate
4dg3,44,0,0.9244,0.9744,0.8198,0.922,0.82,0.563,0.899,ptx,msa_notemplate
4dg3,44,1,0.9241,0.9743,0.8395,0.922,0.84,0.599,0.913,ptx,msa_notemplate
4dg3,44,2,0.9242,0.9742,0.7567,0.921,0.757,0.573,0.899,ptx,msa_notemplate
4dg3,44,3,0.924,0.9742,0.8513,0.92,0.851,0.537,0.884,ptx,msa_notemplate
4dg3,44,4,0.924,0.9742,0.7097,0.931,0.71,0.5,0.899,ptx,msa_notemplate
4ep2,42,0,0.9112,0.9504,12.8635,0.205,12.863,3.581,0.162,ptx,msa_notemplate
4ep2,42,1,0.9109,0.9504,12.8528,0.205,12.853,3.579,0.162,ptx,msa_notemplate
4ep2,42,2,0.9094,0.95,12.8021,0.206,12.802,3.566,0.162,ptx,msa_notemplate
4ep2,42,3,0.9094,0.9499,12.7734,0.207,12.773,3.558,0.162,ptx,msa_notemplate
4ep2,42,4,0.9096,0.9498,12.7843,0.206,12.784,3.561,0.162,ptx,msa_notemplate
4ep2,43,0,0.9087,0.9489,12.8251,0.206,12.825,3.572,0.162,ptx,msa_notemplate
4ep2,43,1,0.9094,0.9489,12.8624,0.205,12.862,3.583,0.162,ptx,msa_notemplate
4ep2,43,2,0.909,0.9487,12.8381,0.206,12.838,3.575,0.162,ptx,msa_notemplate
4ep2,43,3,0.9076,0.9484,12.7604,0.207,12.76,3.556,0.162,ptx,msa_notemplate
4ep2,43,4,0.9077,0.9483,12.8255,0.206,12.826,3.571,0.162,ptx,msa_notemplate
4ep2,44,0,0.9113,0.9502,12.8371,0.21,12.837,3.575,0.176,ptx,msa_notemplate
4ep2,44,1,0.9111,0.95,12.9045,0.204,12.905,3.592,0.162,ptx,msa_notemplate
4ep2,44,2,0.9097,0.9498,12.8053,0.206,12.805,3.567,0.162,ptx,msa_notemplate
4ep2,44,3,0.9108,0.9498,12.9056,0.204,12.906,3.593,0.162,ptx,msa_notemplate
4ep2,44,4,0.9095,0.9498,12.7854,0.206,12.785,3.561,0.162,ptx,msa_notemplate
4fii,42,0,0.7733,0.9232,3.3003,0.69,3.3,1.039,0.526,ptx,msa_notemplate
4fii,42,1,0.7747,0.9226,3.6921,0.641,3.692,1.073,0.421,ptx,msa_notemplate
4fii,42,2,0.7734,0.9224,3.2531,0.652,3.253,1.134,0.447,ptx,msa_notemplate
4fii,42,3,0.7704,0.9217,3.4401,0.643,3.44,1.04,0.395,ptx,msa_notemplate
4fii,42,4,0.7715,0.9213,3.6344,0.64,3.634,1.031,0.395,ptx,msa_notemplate
4fii,43,0,0.8767,0.9705,0.7885,0.937,0.788,0.5,0.921,ptx,msa_notemplate
4fii,43,1,0.876,0.9705,0.8498,0.938,0.85,0.496,0.921,ptx,msa_notemplate
4fii,43,2,0.8773,0.9705,0.83,0.901,0.83,0.648,0.868,ptx,msa_notemplate
4fii,43,3,0.8765,0.9704,0.7329,0.933,0.733,0.469,0.895,ptx,msa_notemplate
4fii,43,4,0.8759,0.9701,0.9521,0.929,0.952,0.49,0.895,ptx,msa_notemplate
4fii,44,0,0.8789,0.9695,0.6429,0.947,0.643,0.423,0.921,ptx,msa_notemplate
4fii,44,1,0.8792,0.9695,0.681,0.942,0.681,0.467,0.921,ptx,msa_notemplate
4fii,44,2,0.8791,0.9692,0.8379,0.924,0.838,0.602,0.921,ptx,msa_notemplate
4fii,44,3,0.8785,0.9692,0.7312,0.941,0.731,0.475,0.921,ptx,msa_notemplate
4fii,44,4,0.8785,0.9692,0.9938,0.925,0.994,0.517,0.895,ptx,msa_notemplate
4gq6,42,0,0.8706,0.9677,1.6183,0.929,1.618,0.522,0.929,ptx,msa_notemplate
4gq6,42,1,0.8713,0.9677,1.6273,0.916,1.627,0.57,0.911,ptx,msa_notemplate
4gq6,42,2,0.8708,0.9677,1.5645,0.924,1.564,0.561,0.929,ptx,msa_notemplate
4gq6,42,3,0.8713,0.9676,1.5693,0.907,1.569,0.559,0.875,ptx,msa_notemplate
4gq6,42,4,0.8712,0.9674,1.8219,0.89,1.822,0.614,0.857,ptx,msa_notemplate
4gq6,43,0,0.8588,0.9636,1.1586,0.936,1.159,0.456,0.911,ptx,msa_notemplate
4gq6,43,1,0.8595,0.9635,1.6432,0.916,1.643,0.568,0.911,ptx,msa_notemplate
4gq6,43,2,0.8592,0.9634,1.4806,0.914,1.481,0.513,0.875,ptx,msa_notemplate
4gq6,43,3,0.859,0.9633,1.5623,0.902,1.562,0.551,0.857,ptx,msa_notemplate
4gq6,43,4,0.8602,0.9633,2.0853,0.89,2.085,0.715,0.911,ptx,msa_notemplate
4gq6,44,0,0.8671,0.9667,1.5331,0.885,1.533,0.678,0.857,ptx,msa_notemplate
4gq6,44,1,0.867,0.9666,2.0056,0.874,2.006,0.712,0.857,ptx,msa_notemplate
4gq6,44,2,0.8659,0.9665,1.4319,0.895,1.432,0.658,0.875,ptx,msa_notemplate
4gq6,44,3,0.8658,0.9663,1.5123,0.897,1.512,0.683,0.893,ptx,msa_notemplate
4gq6,44,4,0.866,0.9662,1.4465,0.897,1.447,0.646,0.875,ptx,msa_notemplate
4hdq,42,0,0.8969,0.9799,2.3651,0.793,2.365,1.177,0.833,ptx,msa_notemplate
4hdq,42,1,0.8972,0.9794,2.779,0.804,2.779,1.203,0.9,ptx,msa_notemplate
4hdq,42,2,0.8966,0.9794,2.6112,0.81,2.611,1.185,0.9,ptx,msa_notemplate
4hdq,42,3,0.8967,0.9794,2.5019,0.837,2.502,1.085,0.933,ptx,msa_notemplate
4hdq,42,4,0.8969,0.9793,2.5666,0.823,2.567,1.173,0.933,ptx,msa_notemplate
4hdq,43,0,0.896,0.9791,2.4799,0.816,2.48,1.159,0.9,ptx,msa_notemplate
4hdq,43,1,0.8961,0.979,2.7099,0.82,2.71,1.178,0.933,ptx,msa_notemplate
4hdq,43,2,0.8955,0.979,2.3507,0.835,2.351,1.117,0.933,ptx,msa_notemplate
4hdq,43,3,0.8955,0.979,2.0143,0.83,2.014,1.118,0.9,ptx,msa_notemplate
4hdq,43,4,0.8958,0.9789,3.1404,0.806,3.14,1.214,0.933,ptx,msa_notemplate
4hdq,44,0,0.8995,0.9805,1.6121,0.868,1.612,1.046,0.967,ptx,msa_notemplate
4hdq,44,1,0.8957,0.9793,1.5877,0.857,1.588,1.05,0.933,ptx,msa_notemplate
4hdq,44,2,0.8963,0.9793,2.5607,0.823,2.561,1.179,0.933,ptx,msa_notemplate
4hdq,44,3,0.8956,0.9791,2.4932,0.833,2.493,1.112,0.933,ptx,msa_notemplate
4hdq,44,4,0.8956,0.979,2.7508,0.809,2.751,1.171,0.9,ptx,msa_notemplate
4hom,42,0,0.674,0.9072,9.14,0.352,9.14,2.511,0.329,ptx,msa_notemplate
4hom,42,1,0.6772,0.9061,9.9953,0.316,9.995,2.793,0.305,ptx,msa_notemplate
4hom,42,2,0.6737,0.9053,10.1465,0.313,10.147,2.8,0.305,ptx,msa_notemplate
4hom,42,3,0.6694,0.9014,9.2549,0.339,9.255,2.567,0.305,ptx,msa_notemplate
4hom,42,4,0.6635,0.8999,9.6625,0.325,9.663,2.633,0.293,ptx,msa_notemplate
4hom,43,0,0.6963,0.913,10.9374,0.272,10.937,3.053,0.244,ptx,msa_notemplate
4hom,43,1,0.676,0.9036,9.0421,0.336,9.042,2.534,0.28,ptx,msa_notemplate
4hom,43,2,0.6855,0.903,7.2928,0.406,7.293,2.155,0.317,ptx,msa_notemplate
4hom,43,3,0.6815,0.8995,7.4093,0.391,7.409,2.229,0.293,ptx,msa_notemplate
4hom,43,4,0.6733,0.8992,7.7546,0.422,7.755,2.074,0.378,ptx,msa_notemplate
4hom,44,0,0.6737,0.9031,8.9633,0.353,8.963,2.485,0.317,ptx,msa_notemplate
4hom,44,1,0.6745,0.9013,9.1382,0.33,9.138,2.623,0.28,ptx,msa_notemplate
4hom,44,2,0.6774,0.9009,8.7149,0.376,8.715,2.509,0.378,ptx,msa_notemplate
4hom,44,3,0.6706,0.9011,9.3182,0.374,9.318,2.498,0.402,ptx,msa_notemplate
4hom,44,4,0.659,0.8983,8.6277,0.34,8.628,2.387,0.244,ptx,msa_notemplate
4iga,42,0,0.9576,0.9644,0.472,0.973,0.472,0.345,0.972,ptx,msa_notemplate
4iga,42,1,0.9573,0.9642,0.6429,0.956,0.643,0.413,0.944,ptx,msa_notemplate
4iga,42,2,0.9574,0.9642,0.7242,0.944,0.724,0.433,0.917,ptx,msa_notemplate
4iga,42,3,0.9574,0.9642,0.7413,0.96,0.741,0.459,0.972,ptx,msa_notemplate
4iga,42,4,0.9573,0.9641,0.5895,0.949,0.589,0.395,0.917,ptx,msa_notemplate
4iga,43,0,0.9512,0.9566,0.8312,0.942,0.831,0.449,0.917,ptx,msa_notemplate
4iga,43,1,0.9511,0.9565,0.5617,0.951,0.562,0.376,0.917,ptx,msa_notemplate
4iga,43,2,0.9509,0.9563,0.7559,0.943,0.756,0.442,0.917,ptx,msa_notemplate
4iga,43,3,0.951,0.9563,0.5209,0.944,0.521,0.358,0.889,ptx,msa_notemplate
4iga,43,4,0.9509,0.9562,0.8138,0.933,0.814,0.446,0.889,ptx,msa_notemplate
4iga,44,0,0.9573,0.9642,0.74,0.952,0.74,0.445,0.944,ptx,msa_notemplate
4iga,44,1,0.9572,0.9641,0.5882,0.95,0.588,0.382,0.917,ptx,msa_notemplate
4iga,44,2,0.9571,0.964,0.6543,0.956,0.654,0.414,0.944,ptx,msa_notemplate
4iga,44,3,0.9571,0.964,0.6191,0.949,0.619,0.397,0.917,ptx,msa_notemplate
4iga,44,4,0.957,0.9639,0.5678,0.949,0.568,0.394,0.917,ptx,msa_notemplate
4j2c,42,0,0.9215,0.9462,0.6383,0.946,0.638,0.576,0.971,ptx,msa_notemplate
4j2c,42,1,0.9215,0.9459,0.6543,0.947,0.654,0.568,0.971,ptx,msa_notemplate
4j2c,42,2,0.9214,0.9459,0.6248,0.943,0.625,0.597,0.971,ptx,msa_notemplate
4j2c,42,3,0.9214,0.9457,0.6856,0.947,0.686,0.567,0.971,ptx,msa_notemplate
4j2c,42,4,0.9212,0.9455,0.6156,0.944,0.616,0.593,0.971,ptx,msa_notemplate
4j2c,43,0,0.9248,0.947,0.7012,0.95,0.701,0.538,0.971,ptx,msa_notemplate
4j2c,43,1,0.9247,0.947,0.5549,0.946,0.555,0.576,0.971,ptx,msa_notemplate
4j2c,43,2,0.9247,0.9469,0.9549,0.943,0.955,0.583,0.971,ptx,msa_notemplate
4j2c,43,3,0.9247,0.9469,0.7085,0.949,0.709,0.546,0.971,ptx,msa_notemplate
4j2c,43,4,0.9245,0.9467,0.4878,0.951,0.488,0.542,0.971,ptx,msa_notemplate
4j2c,44,0,0.9228,0.9468,0.6921,0.944,0.692,0.591,0.971,ptx,msa_notemplate
4j2c,44,1,0.9228,0.9468,0.6364,0.967,0.636,0.394,0.971,ptx,msa_notemplate
4j2c,44,2,0.9226,0.9465,0.8795,0.943,0.88,0.657,1.0,ptx,msa_notemplate
4j2c,44,3,0.9226,0.9464,0.6424,0.943,0.642,0.6,0.971,ptx,msa_notemplate
4j2c,44,4,0.9225,0.9462,0.7346,0.944,0.735,0.512,0.943,ptx,msa_notemplate
4j8b,42,0,0.8099,0.9268,0.8772,0.958,0.877,0.352,0.938,ptx,msa_notemplate
4j8b,42,1,0.8089,0.9259,0.8405,0.968,0.841,0.367,0.969,ptx,msa_notemplate
4j8b,42,2,0.8087,0.9256,0.9387,0.945,0.939,0.378,0.906,ptx,msa_notemplate
4j8b,42,3,0.8079,0.9255,0.8309,0.958,0.831,0.357,0.938,ptx,msa_notemplate
4j8b,42,4,0.8083,0.9254,0.8106,0.969,0.811,0.355,0.969,ptx,msa_notemplate
4j8b,43,0,0.7958,0.9193,0.6976,0.953,0.698,0.311,0.906,ptx,msa_notemplate
4j8b,43,1,0.7943,0.9178,0.7844,0.96,0.784,0.346,0.938,ptx,msa_notemplate
4j8b,43,2,0.7937,0.9177,1.2415,0.946,1.241,0.436,0.938,ptx,msa_notemplate
4j8b,43,3,0.793,0.9172,1.3399,0.929,1.34,0.487,0.906,ptx,msa_notemplate
4j8b,43,4,0.7931,0.9167,1.3093,0.943,1.309,0.462,0.938,ptx,msa_notemplate
4j8b,44,0,0.8048,0.9269,1.049,0.974,1.049,0.391,1.0,ptx,msa_notemplate
4j8b,44,1,0.8059,0.9266,0.8747,0.977,0.875,0.374,1.0,ptx,msa_notemplate
4j8b,44,2,0.8055,0.9265,1.0679,0.94,1.068,0.416,0.906,ptx,msa_notemplate
4j8b,44,3,0.8052,0.9264,0.9821,0.953,0.982,0.393,0.938,ptx,msa_notemplate
4j8b,44,4,0.8043,0.9261,1.0055,0.963,1.006,0.395,0.969,ptx,msa_notemplate
4leb,42,0,0.9369,0.9821,3.0956,0.839,3.096,1.137,1.0,ptx,msa_notemplate
4leb,42,1,0.937,0.9821,3.2587,0.831,3.259,1.169,1.0,ptx,msa_notemplate
4leb,42,2,0.9369,0.982,3.2541,0.834,3.254,1.152,1.0,ptx,msa_notemplate
4leb,42,3,0.9368,0.982,3.1791,0.832,3.179,1.179,1.0,ptx,msa_notemplate
4leb,42,4,0.9367,0.9819,2.9864,0.845,2.986,1.112,1.0,ptx,msa_notemplate
4leb,43,0,0.9354,0.9826,3.2637,0.831,3.264,1.167,1.0,ptx,msa_notemplate
4leb,43,1,0.9352,0.9825,2.9149,0.839,2.915,1.093,0.971,ptx,msa_notemplate
4leb,43,2,0.935,0.9824,2.7658,0.858,2.766,1.056,1.0,ptx,msa_notemplate
4leb,43,3,0.9343,0.9823,2.2152,0.886,2.215,0.93,1.0,ptx,msa_notemplate
4leb,43,4,0.9344,0.9822,2.4624,0.869,2.462,1.015,1.0,ptx,msa_notemplate
4leb,44,0,0.9352,0.9819,3.2347,0.823,3.235,1.164,0.971,ptx,msa_notemplate
4leb,44,1,0.9349,0.9817,2.8351,0.852,2.835,1.084,1.0,ptx,msa_notemplate
4leb,44,2,0.9343,0.9815,3.0925,0.838,3.092,1.149,1.0,ptx,msa_notemplate
4leb,44,3,0.9342,0.9814,2.7316,0.857,2.732,1.065,1.0,ptx,msa_notemplate
4leb,44,4,0.9339,0.9813,2.459,0.862,2.459,0.998,0.971,ptx,msa_notemplate
4lk9,42,0,0.9271,0.9446,0.7611,0.862,0.761,0.803,0.816,ptx,msa_notemplate
4lk9,42,1,0.927,0.9444,0.8462,0.858,0.846,0.823,0.816,ptx,msa_notemplate
4lk9,42,2,0.927,0.9443,0.8471,0.854,0.847,0.853,0.816,ptx,msa_notemplate
4lk9,42,3,0.9268,0.9442,0.8675,0.86,0.868,0.808,0.816,ptx,msa_notemplate
4lk9,42,4,0.9267,0.9438,1.0743,0.85,1.074,0.914,0.837,ptx,msa_notemplate
4lk9,43,0,0.9184,0.9423,1.0913,0.882,1.091,0.688,0.837,ptx,msa_notemplate
4lk9,43,1,0.9182,0.9419,1.2063,0.851,1.206,0.757,0.776,ptx,msa_notemplate
4lk9,43,2,0.9179,0.9416,1.2125,0.876,1.213,0.677,0.816,ptx,msa_notemplate
4lk9,43,3,0.9179,0.9413,1.143,0.859,1.143,0.751,0.796,ptx,msa_notemplate
4lk9,43,4,0.9177,0.9411,1.3474,0.855,1.347,0.767,0.796,ptx,msa_notemplate
4lk9,44,0,0.9168,0.9402,0.8511,0.896,0.851,0.603,0.837,ptx,msa_notemplate
4lk9,44,1,0.9171,0.9401,0.9967,0.824,0.997,0.958,0.776,ptx,msa_notemplate
4lk9,44,2,0.9168,0.94,1.042,0.886,1.042,0.664,0.837,ptx,msa_notemplate
4lk9,44,3,0.9167,0.9401,1.1664,0.882,1.166,0.686,0.837,ptx,msa_notemplate
4lk9,44,4,0.9167,0.9398,1.051,0.887,1.051,0.655,0.837,ptx,msa_notemplate
4lzf,42,0,0.9126,0.9396,10.4813,0.448,10.481,3.448,0.788,ptx,msa_notemplate
4lzf,42,1,0.9125,0.9393,10.0982,0.452,10.098,3.517,0.788,ptx,msa_notemplate
4lzf,42,2,0.9125,0.9391,10.3991,0.447,10.399,3.525,0.788,ptx,msa_notemplate
4lzf,42,3,0.9121,0.9387,10.5932,0.446,10.593,3.464,0.788,ptx,msa_notemplate
4lzf,42,4,0.9119,0.9388,10.1997,0.463,10.2,3.43,0.818,ptx,msa_notemplate
4lzf,43,0,0.9114,0.938,10.1967,0.452,10.197,3.464,0.788,ptx,msa_notemplate
4lzf,43,1,0.9118,0.938,10.8259,0.431,10.826,3.521,0.758,ptx,msa_notemplate
4lzf,43,2,0.9114,0.9378,10.3686,0.459,10.369,3.49,0.818,ptx,msa_notemplate
4lzf,43,3,0.9113,0.9377,10.4431,0.448,10.443,3.471,0.788,ptx,msa_notemplate
4lzf,43,4,0.9112,0.9376,10.4131,0.479,10.413,3.465,0.879,ptx,msa_notemplate
4lzf,44,0,0.9143,0.9403,10.3351,0.44,10.335,3.456,0.758,ptx,msa_notemplate
4lzf,44,1,0.9142,0.9402,10.2006,0.471,10.201,3.501,0.848,ptx,msa_notemplate
4lzf,44,2,0.9144,0.9401,10.4407,0.457,10.441,3.499,0.818,ptx,msa_notemplate
4lzf,44,3,0.9142,0.9402,11.0286,0.428,11.029,3.503,0.758,ptx,msa_notemplate
4lzf,44,4,0.9137,0.9395,10.5292,0.476,10.529,3.503,0.879,ptx,msa_notemplate
4m5s,42,0,0.9324,0.9461,2.0995,0.901,2.099,0.671,0.927,ptx,msa_notemplate
4m5s,42,1,0.9325,0.946,2.3789,0.893,2.379,0.809,0.976,ptx,msa_notemplate
4m5s,42,2,0.9325,0.9461,2.1597,0.896,2.16,0.7,0.927,ptx,msa_notemplate
4m5s,42,3,0.9324,0.946,2.085,0.885,2.085,0.731,0.902,ptx,msa_notemplate
4m5s,42,4,0.9324,0.946,2.1282,0.889,2.128,0.694,0.902,ptx,msa_notemplate
4m5s,43,0,0.9308,0.9457,1.9916,0.917,1.992,0.627,0.951,ptx,msa_notemplate
4m5s,43,1,0.9309,0.9455,2.1307,0.906,2.131,0.689,0.951,ptx,msa_notemplate
4m5s,43,2,0.9308,0.9455,2.0371,0.91,2.037,0.671,0.951,ptx,msa_notemplate
4m5s,43,3,0.9306,0.9453,2.0859,0.894,2.086,0.66,0.902,ptx,msa_notemplate
4m5s,43,4,0.9307,0.9453,1.9325,0.886,1.932,0.68,0.878,ptx,msa_notemplate
4m5s,44,0,0.9305,0.9453,2.1562,0.896,2.156,0.7,0.927,ptx,msa_notemplate
4m5s,44,1,0.9306,0.9454,2.1615,0.872,2.161,0.751,0.878,ptx,msa_notemplate
4m5s,44,2,0.9306,0.9454,2.0394,0.885,2.039,0.736,0.902,ptx,msa_notemplate
4m5s,44,3,0.9306,0.9453,2.2085,0.878,2.209,0.762,0.902,ptx,msa_notemplate
4m5s,44,4,0.9304,0.9452,2.1246,0.906,2.125,0.693,0.951,ptx,msa_notemplate
4m91,42,0,0.9099,0.9536,2.8882,0.785,2.888,1.098,0.808,ptx,msa_notemplate
4m91,42,1,0.9097,0.9533,2.6162,0.789,2.616,1.019,0.769,ptx,msa_notemplate
4m91,42,2,0.9096,0.9531,2.7217,0.795,2.722,1.051,0.808,ptx,msa_notemplate
4m91,42,3,0.9095,0.9529,3.0839,0.784,3.084,1.171,0.846,ptx,msa_notemplate
4m91,42,4,0.909,0.9522,1.8086,0.884,1.809,0.724,0.885,ptx,msa_notemplate
4m91,43,0,0.9044,0.9499,2.4169,0.845,2.417,0.926,0.885,ptx,msa_notemplate
4m91,43,1,0.9043,0.9499,2.6069,0.819,2.607,0.988,0.846,ptx,msa_notemplate
4m91,43,2,0.9035,0.9487,1.7138,0.892,1.714,0.677,0.885,ptx,msa_notemplate
4m91,43,3,0.9038,0.9487,1.2799,0.928,1.28,0.543,0.923,ptx,msa_notemplate
4m91,43,4,0.9036,0.9485,1.8118,0.882,1.812,0.739,0.885,ptx,msa_notemplate
4m91,44,0,0.9101,0.9535,2.864,0.79,2.864,1.068,0.808,ptx,msa_notemplate
4m91,44,1,0.9095,0.9529,2.3029,0.825,2.303,0.901,0.808,ptx,msa_notemplate
4m91,44,2,0.9099,0.9527,2.1355,0.861,2.135,0.845,0.885,ptx,msa_notemplate
4m91,44,3,0.9094,0.9523,2.0438,0.843,2.044,0.807,0.808,ptx,msa_notemplate
4m91,44,4,0.9093,0.9522,1.9144,0.874,1.914,0.78,0.885,ptx,msa_notemplate
4mvi,42,0,0.817,0.9135,4.0387,0.586,4.039,1.773,0.525,ptx,msa_notemplate
4mvi,42,1,0.8161,0.9118,3.8619,0.575,3.862,1.89,0.508,ptx,msa_notemplate
4mvi,42,2,0.8164,0.9113,4.501,0.525,4.501,2.111,0.459,ptx,msa_notemplate
4mvi,42,3,0.8166,0.9114,4.3701,0.53,4.37,2.013,0.443,ptx,msa_notemplate
4mvi,42,4,0.8157,0.9103,4.3795,0.535,4.379,2.177,0.492,ptx,msa_notemplate
4mvi,43,0,0.8199,0.9129,4.0283,0.592,4.028,1.769,0.541,ptx,msa_notemplate
4mvi,43,1,0.8207,0.9107,4.6945,0.521,4.694,2.183,0.475,ptx,msa_notemplate
4mvi,43,2,0.8176,0.9098,4.2935,0.534,4.294,2.135,0.475,ptx,msa_notemplate
4mvi,43,3,0.8169,0.9094,3.942,0.553,3.942,2.065,0.492,ptx,msa_notemplate
4mvi,43,4,0.8171,0.9092,4.1342,0.564,4.134,1.865,0.492,ptx,msa_notemplate
4mvi,44,0,0.8292,0.9202,4.5509,0.545,4.551,2.117,0.525,ptx,msa_notemplate
4mvi,44,1,0.8274,0.9193,4.3541,0.521,4.354,2.225,0.459,ptx,msa_notemplate
4mvi,44,2,0.8261,0.9187,3.9771,0.569,3.977,1.985,0.525,ptx,msa_notemplate
4mvi,44,3,0.8273,0.9182,4.5054,0.52,4.505,2.184,0.459,ptx,msa_notemplate
4mvi,44,4,0.8278,0.9181,4.6941,0.514,4.694,2.204,0.459,ptx,msa_notemplate
4nuu,42,0,0.8452,0.9556,1.2142,0.696,1.214,1.753,0.684,ptx,msa_notemplate
4nuu,42,1,0.8442,0.9551,1.1181,0.705,1.118,1.855,0.737,ptx,msa_notemplate
4nuu,42,2,0.844,0.955,0.9655,0.686,0.965,1.886,0.684,ptx,msa_notemplate
4nuu,42,3,0.8442,0.955,1.2168,0.68,1.217,1.937,0.684,ptx,msa_notemplate
4nuu,42,4,0.8439,0.9549,1.1421,0.711,1.142,1.781,0.737,ptx,msa_notemplate
4nuu,43,0,0.8119,0.9399,0.8698,0.693,0.87,2.295,0.789,ptx,msa_notemplate
4nuu,43,1,0.8117,0.9397,0.9757,0.719,0.976,2.024,0.816,ptx,msa_notemplate
4nuu,43,2,0.8124,0.9397,1.2084,0.7,1.208,2.134,0.789,ptx,msa_notemplate
4nuu,43,3,0.8118,0.9396,0.7534,0.715,0.753,1.88,0.763,ptx,msa_notemplate
4nuu,43,4,0.811,0.939,0.8728,0.702,0.873,2.158,0.789,ptx,msa_notemplate
4nuu,44,0,0.8342,0.9508,0.9084,0.715,0.908,1.869,0.763,ptx,msa_notemplate
4nuu,44,1,0.8337,0.9505,1.0279,0.748,1.028,1.594,0.789,ptx,msa_notemplate
4nuu,44,2,0.8338,0.9502,0.9787,0.7,0.979,1.833,0.711,ptx,msa_notemplate
4nuu,44,3,0.8335,0.95,1.0485,0.72,1.048,1.695,0.737,ptx,msa_notemplate
4nuu,44,4,0.8319,0.9493,1.0754,0.699,1.075,1.644,0.658,ptx,msa_notemplate
4nxr,42,0,0.9003,0.9258,0.8945,0.941,0.895,0.608,0.974,ptx,msa_notemplate
4nxr,42,1,0.9,0.9258,0.7502,0.937,0.75,0.579,0.949,ptx,msa_notemplate
4nxr,42,2,0.8998,0.9255,0.6764,0.947,0.676,0.5,0.949,ptx,msa_notemplate
4nxr,42,3,0.8999,0.9254,0.7251,0.938,0.725,0.576,0.949,ptx,msa_notemplate
4nxr,42,4,0.8998,0.9251,0.683,0.947,0.683,0.431,0.923,ptx,msa_notemplate
4nxr,43,0,0.8942,0.9216,0.6075,0.946,0.608,0.446,0.923,ptx,msa_notemplate
4nxr,43,1,0.8942,0.9211,0.8022,0.947,0.802,0.424,0.923,ptx,msa_notemplate
4nxr,43,2,0.8943,0.9211,0.7301,0.943,0.73,0.532,0.949,ptx,msa_notemplate
4nxr,43,3,0.8942,0.921,0.805,0.935,0.805,0.525,0.923,ptx,msa_notemplate
4nxr,43,4,0.8941,0.9209,0.7786,0.946,0.779,0.433,0.923,ptx,msa_notemplate
4nxr,44,0,0.8997,0.9249,0.7776,0.936,0.778,0.587,0.949,ptx,msa_notemplate
4nxr,44,1,0.8999,0.9249,0.723,0.943,0.723,0.46,0.923,ptx,msa_notemplate
4nxr,44,2,0.8997,0.9244,0.7382,0.932,0.738,0.555,0.923,ptx,msa_notemplate
4nxr,44,3,0.8999,0.9245,0.736,0.933,0.736,0.546,0.923,ptx,msa_notemplate
4nxr,44,4,0.8997,0.9244,0.7234,0.943,0.723,0.465,0.923,ptx,msa_notemplate
4ny3,42,0,0.8806,0.9653,2.2066,0.829,2.207,1.213,0.944,ptx,msa_notemplate
4ny3,42,1,0.8809,0.9653,2.4747,0.804,2.475,1.372,0.944,ptx,msa_notemplate
4ny3,42,2,0.8792,0.9652,2.2141,0.742,2.214,1.839,0.889,ptx,msa_notemplate
4ny3,42,3,0.8787,0.9648,2.2825,0.764,2.282,1.78,0.944,ptx,msa_notemplate
4ny3,42,4,0.8749,0.9636,1.7732,0.76,1.773,1.715,0.889,ptx,msa_notemplate
4ny3,43,0,0.883,0.9668,2.0315,0.825,2.031,1.265,0.944,ptx,msa_notemplate
4ny3,43,1,0.8829,0.9666,2.1359,0.792,2.136,1.368,0.889,ptx,msa_notemplate
4ny3,43,2,0.8826,0.9664,2.2881,0.795,2.288,1.319,0.889,ptx,msa_notemplate
4ny3,43,3,0.8817,0.9663,2.2425,0.815,2.243,1.313,0.944,ptx,msa_notemplate
4ny3,43,4,0.8816,0.9662,2.1211,0.799,2.121,1.309,0.889,ptx,msa_notemplate
4ny3,44,0,0.8676,0.9621,2.0934,0.792,2.093,1.374,0.889,ptx,msa_notemplate
4ny3,44,1,0.8672,0.962,2.0426,0.828,2.043,1.238,0.944,ptx,msa_notemplate
4ny3,44,2,0.8677,0.962,2.0328,0.788,2.033,1.263,0.833,ptx,msa_notemplate
4ny3,44,3,0.8673,0.9619,2.2902,0.827,2.29,1.215,0.944,ptx,msa_notemplate
4ny3,44,4,0.8661,0.9616,2.2225,0.761,2.223,1.833,0.944,ptx,msa_notemplate
4odk,42,0,0.6845,0.8248,11.6162,0.248,11.616,3.746,0.258,ptx,msa_notemplate
4odk,42,1,0.6854,0.8238,10.5518,0.261,10.552,3.834,0.258,ptx,msa_notemplate
4odk,42,2,0.6845,0.8235,10.7641,0.268,10.764,3.9,0.29,ptx,msa_notemplate
4odk,42,3,0.6856,0.8235,10.6548,0.258,10.655,3.955,0.258,ptx,msa_notemplate
4odk,42,4,0.6765,0.8007,2.3812,0.75,2.381,1.272,0.742,ptx,msa_notemplate
4odk,43,0,0.6623,0.8044,10.8822,0.266,10.882,3.44,0.258,ptx,msa_notemplate
4odk,43,1,0.6595,0.8044,10.3623,0.263,10.362,3.433,0.226,ptx,msa_notemplate
4odk,43,2,0.6422,0.7996,16.0204,0.22,16.02,6.242,0.387,ptx,msa_notemplate
4odk,43,3,0.6587,0.797,1.9971,0.786,1.997,1.133,0.774,ptx,msa_notemplate
4odk,43,4,0.638,0.7879,16.461,0.228,16.461,6.327,0.419,ptx,msa_notemplate
4odk,44,0,0.6828,0.8216,10.213,0.277,10.213,3.865,0.29,ptx,msa_notemplate
4odk,44,1,0.6844,0.8206,10.4379,0.263,10.438,3.868,0.258,ptx,msa_notemplate
4odk,44,2,0.6822,0.8197,11.2136,0.253,11.214,3.8,0.258,ptx,msa_notemplate
4odk,44,3,0.6834,0.8188,10.7407,0.27,10.741,3.816,0.29,ptx,msa_notemplate
4odk,44,4,0.6741,0.8068,1.2492,0.78,1.249,1.094,0.71,ptx,msa_notemplate
4ouc,42,0,0.5582,0.7571,3.5596,0.787,3.56,1.023,0.829,ptx,msa_notemplate
4ouc,42,1,0.5565,0.7545,2.8317,0.842,2.832,0.886,0.886,ptx,msa_notemplate
4ouc,42,2,0.5581,0.7544,3.9359,0.771,3.936,1.146,0.857,ptx,msa_notemplate
4ouc,42,3,0.5563,0.7542,3.269,0.772,3.269,1.046,0.771,ptx,msa_notemplate
4ouc,42,4,0.5562,0.7539,4.2847,0.738,4.285,1.258,0.829,ptx,msa_notemplate
4ouc,43,0,0.57,0.7605,3.4108,0.793,3.411,1.01,0.829,ptx,msa_notemplate
4ouc,43,1,0.5711,0.7599,3.6651,0.768,3.665,1.074,0.8,ptx,msa_notemplate
4ouc,43,2,0.5691,0.7596,3.4874,0.782,3.487,1.006,0.8,ptx,msa_notemplate
4ouc,43,3,0.5686,0.7593,3.5117,0.798,3.512,1.021,0.857,ptx,msa_notemplate
4ouc,43,4,0.5683,0.7575,3.8752,0.745,3.875,1.133,0.771,ptx,msa_notemplate
4ouc,44,0,0.5706,0.757,4.8425,0.596,4.842,1.442,0.514,ptx,msa_notemplate
4ouc,44,1,0.5694,0.7555,3.4389,0.716,3.439,1.08,0.629,ptx,msa_notemplate
4ouc,44,2,0.5635,0.7489,3.7519,0.751,3.752,1.113,0.771,ptx,msa_notemplate
4ouc,44,3,0.5583,0.7414,4.0121,0.738,4.012,1.161,0.771,ptx,msa_notemplate
4ouc,44,4,0.5558,0.7402,3.9254,0.773,3.925,1.127,0.857,ptx,msa_notemplate
4oyk,42,0,0.9279,0.963,0.6799,0.947,0.68,0.354,0.9,ptx,msa_notemplate
4oyk,42,1,0.928,0.9629,0.8705,0.96,0.871,0.375,0.95,ptx,msa_notemplate
4oyk,42,2,0.9279,0.9628,0.9868,0.943,0.987,0.451,0.925,ptx,msa_notemplate
4oyk,42,3,0.9279,0.9628,1.014,0.941,1.014,0.462,0.925,ptx,msa_notemplate
4oyk,42,4,0.9277,0.9627,0.8139,0.95,0.814,0.394,0.925,ptx,msa_notemplate
4oyk,43,0,0.9253,0.9615,0.7764,0.951,0.776,0.391,0.925,ptx,msa_notemplate
4oyk,43,1,0.9254,0.9614,0.8567,0.948,0.857,0.412,0.925,ptx,msa_notemplate
4oyk,43,2,0.9253,0.9613,0.8824,0.957,0.882,0.406,0.95,ptx,msa_notemplate
4oyk,43,3,0.9253,0.9613,0.9187,0.947,0.919,0.419,0.925,ptx,msa_notemplate
4oyk,43,4,0.9249,0.9609,0.7563,0.953,0.756,0.372,0.925,ptx,msa_notemplate
4oyk,44,0,0.9291,0.9641,0.9909,0.95,0.991,0.459,0.95,ptx,msa_notemplate
4oyk,44,1,0.9292,0.9641,0.898,0.954,0.898,0.433,0.95,ptx,msa_notemplate
4oyk,44,2,0.9291,0.9641,1.1393,0.94,1.139,0.461,0.925,ptx,msa_notemplate
4oyk,44,3,0.929,0.964,1.0763,0.943,1.076,0.444,0.925,ptx,msa_notemplate
4oyk,44,4,0.9288,0.9638,1.0772,0.938,1.077,0.488,0.925,ptx,msa_notemplate
4pd1,42,0,0.8657,0.9678,1.219,0.926,1.219,0.495,0.896,ptx,msa_notemplate
4pd1,42,1,0.8658,0.9679,1.057,0.933,1.057,0.447,0.896,ptx,msa_notemplate
4pd1,42,2,0.8658,0.9678,1.4965,0.929,1.497,0.436,0.896,ptx,msa_notemplate
4pd1,42,3,0.8657,0.9677,1.0158,0.927,1.016,0.501,0.896,ptx,msa_notemplate
4pd1,42,4,0.8656,0.9674,1.1415,0.922,1.141,0.536,0.896,ptx,msa_notemplate
4pd1,43,0,0.8588,0.9656,1.2272,0.941,1.227,0.419,0.917,ptx,msa_notemplate
4pd1,43,1,0.8589,0.9656,0.8809,0.946,0.881,0.401,0.917,ptx,msa_notemplate
4pd1,43,2,0.8587,0.9653,0.9794,0.934,0.979,0.443,0.896,ptx,msa_notemplate
4pd1,43,3,0.8588,0.9651,1.1234,0.929,1.123,0.48,0.896,ptx,msa_notemplate
4pd1,43,4,0.8588,0.965,1.1186,0.934,1.119,0.493,0.917,ptx,msa_notemplate
4pd1,44,0,0.8728,0.9699,1.1003,0.928,1.1,0.486,0.896,ptx,msa_notemplate
4pd1,44,1,0.8725,0.9697,1.3237,0.931,1.324,0.437,0.896,ptx,msa_notemplate
4pd1,44,2,0.8726,0.9696,1.3039,0.926,1.304,0.487,0.896,ptx,msa_notemplate
4pd1,44,3,0.8727,0.9696,1.0713,0.93,1.071,0.469,0.896,ptx,msa_notemplate
4pd1,44,4,0.8725,0.9697,0.9834,0.937,0.983,0.42,0.896,ptx,msa_notemplate
4pge,42,0,0.9313,0.9677,1.0748,0.977,1.075,0.293,0.983,ptx,msa_notemplate
4pge,42,1,0.9312,0.9676,1.218,0.969,1.218,0.361,0.983,ptx,msa_notemplate
4pge,42,2,0.9312,0.9676,0.7394,0.978,0.739,0.307,0.983,ptx,msa_notemplate
4pge,42,3,0.9311,0.9675,1.0616,0.97,1.062,0.373,0.983,ptx,msa_notemplate
4pge,42,4,0.9312,0.9675,0.7815,0.976,0.782,0.333,0.983,ptx,msa_notemplate
4pge,43,0,0.9274,0.9648,0.8887,0.982,0.889,0.322,1.0,ptx,msa_notemplate
4pge,43,1,0.9272,0.9648,0.9163,0.976,0.916,0.319,0.983,ptx,msa_notemplate
4pge,43,2,0.9273,0.9648,0.9345,0.968,0.935,0.34,0.966,ptx,msa_notemplate
4pge,43,3,0.9272,0.9648,0.7186,0.972,0.719,0.321,0.966,ptx,msa_notemplate
4pge,43,4,0.9273,0.9648,1.0169,0.973,1.017,0.34,0.983,ptx,msa_notemplate
4pge,44,0,0.9323,0.968,1.0962,0.976,1.096,0.3,0.983,ptx,msa_notemplate
4pge,44,1,0.9323,0.968,0.9889,0.973,0.989,0.352,0.983,ptx,msa_notemplate
4pge,44,2,0.9323,0.9681,0.7522,0.984,0.752,0.302,1.0,ptx,msa_notemplate
4pge,44,3,0.9323,0.968,0.8777,0.973,0.878,0.29,0.966,ptx,msa_notemplate
4pge,44,4,0.9322,0.968,0.9291,0.979,0.929,0.284,0.983,ptx,msa_notemplate
4qbr,42,0,0.9374,0.9723,0.5982,0.939,0.598,0.64,0.975,ptx,msa_notemplate
4qbr,42,1,0.9373,0.9723,0.6175,0.925,0.617,0.62,0.925,ptx,msa_notemplate
4qbr,42,2,0.9373,0.9723,0.6471,0.911,0.647,0.66,0.9,ptx,msa_notemplate
4qbr,42,3,0.9373,0.9722,0.6503,0.936,0.65,0.599,0.95,ptx,msa_notemplate
4qbr,42,4,0.9373,0.9721,0.8027,0.912,0.803,0.646,0.9,ptx,msa_notemplate
4qbr,43,0,0.9399,0.9731,0.6668,0.938,0.667,0.582,0.95,ptx,msa_notemplate
4qbr,43,1,0.9399,0.973,0.6059,0.946,0.606,0.582,0.975,ptx,msa_notemplate
4qbr,43,2,0.9399,0.973,0.7374,0.937,0.737,0.584,0.95,ptx,msa_notemplate
4qbr,43,3,0.9398,0.973,0.7002,0.933,0.7,0.616,0.95,ptx,msa_notemplate
4qbr,43,4,0.9398,0.9729,0.8603,0.928,0.86,0.644,0.95,ptx,msa_notemplate
4qbr,44,0,0.9385,0.9726,0.6916,0.94,0.692,0.627,0.975,ptx,msa_notemplate
4qbr,44,1,0.9385,0.9726,0.7595,0.923,0.76,0.627,0.925,ptx,msa_notemplate
4qbr,44,2,0.9384,0.9726,0.7594,0.928,0.759,0.652,0.95,ptx,msa_notemplate
4qbr,44,3,0.9384,0.9725,0.733,0.931,0.733,0.631,0.95,ptx,msa_notemplate
4qbr,44,4,0.9382,0.9723,0.8495,0.924,0.849,0.611,0.925,ptx,msa_notemplate
4r5i,42,0,0.7373,0.892,1.6377,0.87,1.638,0.843,0.886,ptx,msa_notemplate
4r5i,42,1,0.736,0.8898,1.3777,0.874,1.378,0.733,0.841,ptx,msa_notemplate
4r5i,42,2,0.7357,0.8898,1.5517,0.882,1.552,0.769,0.886,ptx,msa_notemplate
4r5i,42,3,0.735,0.8895,1.3873,0.852,1.387,0.838,0.818,ptx,msa_notemplate
4r5i,42,4,0.7352,0.8887,0.9753,0.878,0.975,0.68,0.818,ptx,msa_notemplate
4r5i,43,0,0.7742,0.9174,1.6144,0.867,1.614,0.816,0.864,ptx,msa_notemplate
4r5i,43,1,0.7729,0.9169,1.7391,0.85,1.739,0.865,0.841,ptx,msa_notemplate
4r5i,43,2,0.772,0.916,1.3073,0.868,1.307,0.782,0.841,ptx,msa_notemplate
4r5i,43,3,0.7719,0.916,1.367,0.867,1.367,0.839,0.864,ptx,msa_notemplate
4r5i,43,4,0.7687,0.9145,1.4549,0.875,1.455,0.774,0.864,ptx,msa_notemplate
4r5i,44,0,0.7799,0.9247,2.1245,0.814,2.125,1.189,0.886,ptx,msa_notemplate
4r5i,44,1,0.7803,0.9245,1.5642,0.869,1.564,0.808,0.864,ptx,msa_notemplate
4r5i,44,2,0.778,0.9226,1.3807,0.854,1.381,0.821,0.818,ptx,msa_notemplate
4r5i,44,3,0.7767,0.9217,1.44,0.838,1.44,0.872,0.795,ptx,msa_notemplate
4r5i,44,4,0.776,0.9199,2.9203,0.702,2.92,1.115,0.568,ptx,msa_notemplate
4txr,42,0,0.9006,0.9471,3.1801,0.745,3.18,1.42,0.829,ptx,msa_notemplate
4txr,42,1,0.9015,0.9469,3.065,0.755,3.065,1.358,0.829,ptx,msa_notemplate
4txr,42,2,0.901,0.9468,3.2316,0.734,3.232,1.429,0.805,ptx,msa_notemplate
4txr,42,3,0.9048,0.9465,0.9208,0.932,0.921,0.416,0.878,ptx,msa_notemplate
4txr,42,4,0.9053,0.9463,0.9543,0.917,0.954,0.47,0.854,ptx,msa_notemplate
4txr,43,0,0.9157,0.952,3.3102,0.74,3.31,1.434,0.829,ptx,msa_notemplate
4txr,43,1,0.9156,0.9516,3.4589,0.729,3.459,1.499,0.829,ptx,msa_notemplate
4txr,43,2,0.9157,0.9514,3.1792,0.735,3.179,1.431,0.805,ptx,msa_notemplate
4txr,43,3,0.9154,0.9512,3.1888,0.739,3.189,1.396,0.805,ptx,msa_notemplate
4txr,43,4,0.9153,0.9512,3.2272,0.751,3.227,1.424,0.854,ptx,msa_notemplate
4txr,44,0,0.9053,0.9476,1.3857,0.912,1.386,0.605,0.902,ptx,msa_notemplate
4txr,44,1,0.9048,0.9472,1.0076,0.939,1.008,0.491,0.927,ptx,msa_notemplate
4txr,44,2,0.9044,0.9468,1.1201,0.924,1.12,0.54,0.902,ptx,msa_notemplate
4txr,44,3,0.9052,0.9467,0.9754,0.934,0.975,0.463,0.902,ptx,msa_notemplate
4txr,44,4,0.9044,0.9466,0.9473,0.925,0.947,0.473,0.878,ptx,msa_notemplate
4u0c,42,0,0.6555,0.731,13.2559,0.283,13.256,3.111,0.368,ptx,msa_notemplate
4u0c,42,1,0.6516,0.7263,11.137,0.263,11.137,2.912,0.211,ptx,msa_notemplate
4u0c,42,2,0.6445,0.7171,14.5593,0.273,14.559,3.024,0.368,ptx,msa_notemplate
4u0c,42,3,0.642,0.7159,11.619,0.324,11.619,2.988,0.421,ptx,msa_notemplate
4u0c,42,4,0.6441,0.7158,11.8242,0.274,11.824,2.847,0.263,ptx,msa_notemplate
4u0c,43,0,0.667,0.751,16.4979,0.331,16.498,2.965,0.579,ptx,msa_notemplate
4u0c,43,1,0.6604,0.7399,17.565,0.34,17.565,3.007,0.632,ptx,msa_notemplate
4u0c,43,2,0.6371,0.7333,10.6112,0.249,10.611,3.003,0.158,ptx,msa_notemplate
4u0c,43,3,0.6377,0.7199,13.6482,0.339,13.648,2.502,0.474,ptx,msa_notemplate
4u0c,43,4,0.6363,0.719,13.0055,0.341,13.006,2.59,0.474,ptx,msa_notemplate
4u0c,44,0,0.664,0.745,15.57,0.38,15.57,2.781,0.684,ptx,msa_notemplate
4u0c,44,1,0.6641,0.7442,16.671,0.348,16.671,2.939,0.632,ptx,msa_notemplate
4u0c,44,2,0.6682,0.745,15.7747,0.39,15.775,2.921,0.737,ptx,msa_notemplate
4u0c,44,3,0.6645,0.7438,15.8587,0.374,15.859,2.869,0.684,ptx,msa_notemplate
4u0c,44,4,0.6635,0.7426,17.4293,0.365,17.429,2.833,0.684,ptx,msa_notemplate
4uqy,42,0,0.7368,0.8562,2.2873,0.856,2.287,0.834,0.87,ptx,msa_notemplate
4uqy,42,1,0.7353,0.856,1.7645,0.856,1.764,0.676,0.778,ptx,msa_notemplate
4uqy,42,2,0.7335,0.854,1.6358,0.884,1.636,0.617,0.833,ptx,msa_notemplate
4uqy,42,3,0.7324,0.853,2.0715,0.849,2.071,0.775,0.815,ptx,msa_notemplate
4uqy,42,4,0.7314,0.852,1.8518,0.855,1.852,0.714,0.796,ptx,msa_notemplate
4uqy,43,0,0.7286,0.8462,1.9137,0.84,1.914,0.732,0.759,ptx,msa_notemplate
4uqy,43,1,0.7272,0.8459,2.201,0.846,2.201,0.828,0.833,ptx,msa_notemplate
4uqy,43,2,0.727,0.8456,1.7228,0.861,1.723,0.646,0.778,ptx,msa_notemplate
4uqy,43,3,0.7266,0.8452,1.6351,0.877,1.635,0.622,0.815,ptx,msa_notemplate
4uqy,43,4,0.7275,0.8443,1.3068,0.899,1.307,0.538,0.833,ptx,msa_notemplate
4uqy,44,0,0.732,0.8496,1.4671,0.911,1.467,0.573,0.889,ptx,msa_notemplate
4uqy,44,1,0.7307,0.8494,2.199,0.84,2.199,0.827,0.815,ptx,msa_notemplate
4uqy,44,2,0.7304,0.8494,1.9736,0.844,1.974,0.737,0.778,ptx,msa_notemplate
4uqy,44,3,0.7288,0.8483,1.9121,0.877,1.912,0.729,0.87,ptx,msa_notemplate
4uqy,44,4,0.7281,0.8481,1.7188,0.874,1.719,0.642,0.815,ptx,msa_notemplate
4x2h,42,0,0.6869,0.725,36.1205,0.023,36.12,11.551,0.0,ptx,msa_notemplate
4x2h,42,1,0.6869,0.7245,37.7577,0.022,37.758,11.561,0.0,ptx,msa_notemplate
4x2h,42,2,0.6841,0.7228,36.228,0.023,36.228,11.526,0.0,ptx,msa_notemplate
4x2h,42,3,0.6859,0.7189,36.4293,0.023,36.429,11.704,0.0,ptx,msa_notemplate
4x2h,42,4,0.6834,0.7185,37.2621,0.022,37.262,11.601,0.0,ptx,msa_notemplate
4x2h,43,0,0.6665,0.7068,37.8202,0.021,37.82,11.716,0.0,ptx,msa_notemplate
4x2h,43,1,0.5316,0.6184,39.7642,0.02,39.764,11.673,0.0,ptx,msa_notemplate
4x2h,43,2,0.5111,0.5949,12.4297,0.194,12.43,9.178,0.237,ptx,msa_notemplate
4x2h,43,3,0.4968,0.5882,14.8083,0.17,14.808,9.267,0.237,ptx,msa_notemplate
4x2h,43,4,0.4885,0.5633,30.3215,0.032,30.322,9.744,0.0,ptx,msa_notemplate
4x2h,44,0,0.76,0.8662,5.5014,0.473,5.501,8.654,0.684,ptx,msa_notemplate
4x2h,44,1,0.7614,0.866,4.4145,0.509,4.414,8.621,0.711,ptx,msa_notemplate
4x2h,44,2,0.7586,0.8647,4.9591,0.487,4.959,8.626,0.684,ptx,msa_notemplate
4x2h,44,3,0.7613,0.8647,5.2529,0.409,5.253,8.686,0.474,ptx,msa_notemplate
4x2h,44,4,0.7642,0.8595,3.8425,0.506,3.842,8.433,0.658,ptx,msa_notemplate
4x3o,42,0,0.9195,0.98,0.8182,0.843,0.818,1.391,1.0,ptx,msa_notemplate
4x3o,42,1,0.9199,0.9801,0.7266,0.851,0.727,1.332,1.0,ptx,msa_notemplate
4x3o,42,2,0.9195,0.9799,1.0373,0.843,1.037,1.377,1.0,ptx,msa_notemplate
4x3o,42,3,0.9194,0.9799,0.9997,0.845,1.0,1.357,1.0,ptx,msa_notemplate
4x3o,42,4,0.9193,0.9798,1.0983,0.844,1.098,1.271,0.967,ptx,msa_notemplate
4x3o,43,0,0.9201,0.9799,0.9302,0.852,0.93,1.308,1.0,ptx,msa_notemplate
4x3o,43,1,0.9201,0.9798,0.7155,0.845,0.715,1.377,1.0,ptx,msa_notemplate
4x3o,43,2,0.9193,0.9798,1.0229,0.822,1.023,1.463,0.967,ptx,msa_notemplate
4x3o,43,3,0.9193,0.9797,0.9838,0.871,0.984,1.158,1.0,ptx,msa_notemplate
4x3o,43,4,0.9199,0.9797,1.0183,0.839,1.018,1.321,0.967,ptx,msa_notemplate
4x3o,44,0,0.9132,0.9789,1.1009,0.837,1.101,1.422,1.0,ptx,msa_notemplate
4x3o,44,1,0.9131,0.979,1.0502,0.825,1.05,1.528,1.0,ptx,msa_notemplate
4x3o,44,2,0.9131,0.9789,1.0516,0.84,1.052,1.394,1.0,ptx,msa_notemplate
4x3o,44,3,0.9133,0.9789,1.0985,0.853,1.098,1.29,1.0,ptx,msa_notemplate
4x3o,44,4,0.9114,0.9788,1.2396,0.831,1.24,1.458,1.0,ptx,msa_notemplate
4xc2,42,0,0.8692,0.9187,0.881,0.959,0.881,0.416,0.959,ptx,msa_notemplate
4xc2,42,1,0.8685,0.9185,1.1081,0.938,1.108,0.524,0.939,ptx,msa_notemplate
4xc2,42,2,0.8683,0.9177,0.8517,0.954,0.852,0.403,0.939,ptx,msa_notemplate
4xc2,42,3,0.8685,0.9175,0.9916,0.947,0.992,0.456,0.939,ptx,msa_notemplate
4xc2,42,4,0.868,0.9172,1.0435,0.962,1.044,0.442,0.98,ptx,msa_notemplate
4xc2,43,0,0.8638,0.9147,0.9341,0.958,0.934,0.425,0.959,ptx,msa_notemplate
4xc2,43,1,0.8631,0.9135,0.9287,0.958,0.929,0.421,0.959,ptx,msa_notemplate
4xc2,43,2,0.8628,0.9135,0.9468,0.945,0.947,0.473,0.939,ptx,msa_notemplate
4xc2,43,3,0.8626,0.9134,1.0222,0.955,1.022,0.443,0.959,ptx,msa_notemplate
4xc2,43,4,0.8619,0.9119,1.0705,0.942,1.071,0.488,0.939,ptx,msa_notemplate
4xc2,44,0,0.8688,0.9179,0.9491,0.964,0.949,0.431,0.98,ptx,msa_notemplate
4xc2,44,1,0.8685,0.9171,0.8474,0.966,0.847,0.414,0.98,ptx,msa_notemplate
4xc2,44,2,0.8681,0.9162,0.8895,0.948,0.889,0.452,0.939,ptx,msa_notemplate
4xc2,44,3,0.8675,0.9162,1.0268,0.947,1.027,0.507,0.959,ptx,msa_notemplate
4xc2,44,4,0.8675,0.9154,0.9004,0.956,0.9,0.439,0.959,ptx,msa_notemplate
4xek,42,0,0.8468,0.8655,3.3904,0.731,3.39,1.592,0.861,ptx,msa_notemplate
4xek,42,1,0.8475,0.8652,2.9035,0.766,2.903,1.377,0.861,ptx,msa_notemplate
4xek,42,2,0.8467,0.8652,3.2297,0.745,3.23,1.497,0.861,ptx,msa_notemplate
4xek,42,3,0.8466,0.8647,3.3193,0.739,3.319,1.538,0.861,ptx,msa_notemplate
4xek,42,4,0.8463,0.8641,3.1959,0.745,3.196,1.507,0.861,ptx,msa_notemplate
4xek,43,0,0.8541,0.8691,0.6925,0.957,0.693,0.404,0.944,ptx,msa_notemplate
4xek,43,1,0.8479,0.8657,3.0249,0.755,3.025,1.449,0.861,ptx,msa_notemplate
4xek,43,2,0.8478,0.8656,3.1687,0.748,3.169,1.486,0.861,ptx,msa_notemplate
4xek,43,3,0.8475,0.8654,3.3676,0.726,3.368,1.562,0.833,ptx,msa_notemplate
4xek,43,4,0.8472,0.8649,3.2708,0.747,3.271,1.473,0.861,ptx,msa_notemplate
4xek,44,0,0.8283,0.838,3.0151,0.758,3.015,1.432,0.861,ptx,msa_notemplate
4xek,44,1,0.8289,0.8379,2.8165,0.774,2.816,1.331,0.861,ptx,msa_notemplate
4xek,44,2,0.8281,0.8377,3.0705,0.755,3.07,1.44,0.861,ptx,msa_notemplate
4xek,44,3,0.8277,0.8376,3.2697,0.736,3.27,1.488,0.833,ptx,msa_notemplate
4xek,44,4,0.8281,0.8375,3.1928,0.744,3.193,1.514,0.861,ptx,msa_notemplate
4yje,42,0,0.9294,0.981,2.1553,0.839,2.155,0.793,0.796,ptx,msa_notemplate
4yje,42,1,0.9283,0.9803,1.907,0.867,1.907,0.722,0.837,ptx,msa_notemplate
4yje,42,2,0.9284,0.9803,1.6851,0.888,1.685,0.641,0.857,ptx,msa_notemplate
4yje,42,3,0.9275,0.9802,1.7844,0.871,1.784,0.709,0.837,ptx,msa_notemplate
4yje,42,4,0.9283,0.9802,1.9353,0.865,1.935,0.731,0.837,ptx,msa_notemplate
4yje,43,0,0.9159,0.978,1.4969,0.894,1.497,0.62,0.857,ptx,msa_notemplate
4yje,43,1,0.9158,0.978,1.6723,0.888,1.672,0.647,0.857,ptx,msa_notemplate
4yje,43,2,0.9152,0.9777,1.7346,0.872,1.735,0.708,0.837,ptx,msa_notemplate
4yje,43,3,0.9146,0.9776,1.3836,0.897,1.384,0.557,0.837,ptx,msa_notemplate
4yje,43,4,0.9165,0.9775,1.6523,0.882,1.652,0.637,0.837,ptx,msa_notemplate
4yje,44,0,0.9191,0.9794,1.6736,0.902,1.674,0.589,0.878,ptx,msa_notemplate
4yje,44,1,0.9205,0.9792,1.5527,0.893,1.553,0.618,0.857,ptx,msa_notemplate
4yje,44,2,0.9191,0.9791,1.682,0.891,1.682,0.672,0.878,ptx,msa_notemplate
4yje,44,3,0.9183,0.9787,1.6056,0.882,1.606,0.642,0.837,ptx,msa_notemplate
4yje,44,4,0.9184,0.9786,1.6535,0.878,1.654,0.667,0.837,ptx,msa_notemplate
4z2o,42,0,0.6723,0.7462,1.6221,0.882,1.622,0.771,0.889,ptx,msa_notemplate
4z2o,42,1,0.6701,0.7366,10.4945,0.259,10.494,4.19,0.267,ptx,msa_notemplate
4z2o,42,2,0.6671,0.7305,7.4042,0.439,7.404,2.854,0.533,ptx,msa_notemplate
4z2o,42,3,0.6685,0.7299,7.886,0.443,7.886,3.075,0.6,ptx,msa_notemplate
4z2o,42,4,0.6696,0.7193,11.5604,0.351,11.56,4.484,0.6,ptx,msa_notemplate
4z2o,43,0,0.6737,0.7215,8.2284,0.414,8.228,3.079,0.533,ptx,msa_notemplate
4z2o,43,1,0.6728,0.7168,7.8514,0.439,7.851,2.999,0.578,ptx,msa_notemplate
4z2o,43,2,0.6728,0.716,6.8665,0.482,6.866,2.67,0.6,ptx,msa_notemplate
4z2o,43,3,0.6712,0.7142,5.7071,0.543,5.707,2.192,0.622,ptx,msa_notemplate
4z2o,43,4,0.6719,0.7126,7.2706,0.482,7.271,2.783,0.644,ptx,msa_notemplate
4z2o,44,0,0.6741,0.7477,3.2892,0.722,3.289,1.32,0.733,ptx,msa_notemplate
4z2o,44,1,0.6733,0.7466,9.2913,0.355,9.291,3.693,0.467,ptx,msa_notemplate
4z2o,44,2,0.6791,0.7416,8.6568,0.402,8.657,3.457,0.556,ptx,msa_notemplate
4z2o,44,3,0.6713,0.7366,8.0204,0.433,8.02,3.067,0.578,ptx,msa_notemplate
4z2o,44,4,0.669,0.7364,6.3032,0.515,6.303,2.414,0.622,ptx,msa_notemplate
4zoz,42,0,0.9263,0.9779,1.2557,0.918,1.256,0.505,0.878,ptx,msa_notemplate
4zoz,42,1,0.925,0.9778,1.3066,0.917,1.307,0.509,0.878,ptx,msa_notemplate
4zoz,42,2,0.9252,0.9775,0.9592,0.936,0.959,0.437,0.898,ptx,msa_notemplate
4zoz,42,3,0.9252,0.9775,1.0482,0.926,1.048,0.453,0.878,ptx,msa_notemplate
4zoz,42,4,0.9258,0.9774,0.9854,0.922,0.985,0.432,0.857,ptx,msa_notemplate
4zoz,43,0,0.921,0.9765,1.0909,0.918,1.091,0.459,0.857,ptx,msa_notemplate
4zoz,43,1,0.9223,0.9763,1.1496,0.921,1.15,0.544,0.898,ptx,msa_notemplate
4zoz,43,2,0.9209,0.9761,0.834,0.943,0.834,0.443,0.918,ptx,msa_notemplate
4zoz,43,3,0.9201,0.976,0.7435,0.926,0.744,0.412,0.857,ptx,msa_notemplate
4zoz,43,4,0.92,0.9759,0.7063,0.947,0.706,0.414,0.918,ptx,msa_notemplate
4zoz,44,0,0.9202,0.9774,0.8734,0.931,0.873,0.422,0.878,ptx,msa_notemplate
4zoz,44,1,0.9197,0.9773,0.8556,0.937,0.856,0.437,0.898,ptx,msa_notemplate
4zoz,44,2,0.9201,0.9773,1.1447,0.916,1.145,0.479,0.857,ptx,msa_notemplate
4zoz,44,3,0.9197,0.9773,0.9308,0.932,0.931,0.406,0.878,ptx,msa_notemplate
4zoz,44,4,0.9195,0.9773,0.806,0.931,0.806,0.432,0.878,ptx,msa_notemplate
5bs2,42,0,0.6613,0.7215,4.0482,0.664,4.048,1.697,0.737,ptx,msa_notemplate
5bs2,42,1,0.6592,0.7093,2.4749,0.732,2.475,1.115,0.632,ptx,msa_notemplate
5bs2,42,2,0.6621,0.7072,2.0153,0.736,2.015,1.281,0.684,ptx,msa_notemplate
5bs2,42,3,0.6598,0.7033,3.999,0.609,3.999,1.734,0.579,ptx,msa_notemplate
5bs2,42,4,0.6607,0.7022,1.7633,0.841,1.763,0.931,0.842,ptx,msa_notemplate
5bs2,43,0,0.6594,0.6989,1.9878,0.816,1.988,0.957,0.789,ptx,msa_notemplate
5bs2,43,1,0.6569,0.697,2.8402,0.762,2.84,1.37,0.842,ptx,msa_notemplate
5bs2,43,2,0.6565,0.6935,3.1608,0.727,3.161,1.46,0.789,ptx,msa_notemplate
5bs2,43,3,0.6554,0.6916,2.7774,0.736,2.777,1.311,0.737,ptx,msa_notemplate
5bs2,43,4,0.6529,0.6915,4.0322,0.656,4.032,1.605,0.684,ptx,msa_notemplate
5bs2,44,0,0.6427,0.683,3.391,0.706,3.391,1.603,0.789,ptx,msa_notemplate
5bs2,44,1,0.6441,0.6788,3.1892,0.725,3.189,1.473,0.789,ptx,msa_notemplate
5bs2,44,2,0.6421,0.6732,2.7363,0.748,2.736,1.361,0.789,ptx,msa_notemplate
5bs2,44,3,0.6444,0.6723,2.3774,0.774,2.377,1.348,0.842,ptx,msa_notemplate
5bs2,44,4,0.6411,0.666,3.0548,0.716,3.055,1.428,0.737,ptx,msa_notemplate
5crw,42,0,0.8416,0.9507,12.1795,0.629,12.179,1.067,0.897,ptx,msa_notemplate
5crw,42,1,0.8393,0.9492,5.1365,0.742,5.137,1.06,0.828,ptx,msa_notemplate
5crw,42,2,0.8344,0.9484,6.2244,0.7,6.224,1.085,0.793,ptx,msa_notemplate
5crw,42,3,0.8347,0.9484,6.3264,0.712,6.326,1.063,0.828,ptx,msa_notemplate
5crw,42,4,0.8323,0.9484,6.8959,0.725,6.896,1.043,0.897,ptx,msa_notemplate
5crw,43,0,0.8443,0.9518,10.5923,0.637,10.592,1.002,0.828,ptx,msa_notemplate
5crw,43,1,0.8406,0.9502,5.3051,0.739,5.305,1.055,0.828,ptx,msa_notemplate
5crw,43,2,0.8462,0.9513,4.0083,0.775,4.008,1.031,0.828,ptx,msa_notemplate
5crw,43,3,0.846,0.9518,7.5618,0.674,7.562,1.053,0.793,ptx,msa_notemplate
5crw,43,4,0.8427,0.9504,4.539,0.771,4.539,1.047,0.862,ptx,msa_notemplate
5crw,44,0,0.6319,0.8004,11.7213,0.233,11.721,5.11,0.276,ptx,msa_notemplate
5crw,44,1,0.6314,0.7956,12.7992,0.234,12.799,4.895,0.31,ptx,msa_notemplate
5crw,44,2,0.6272,0.7907,13.2862,0.228,13.286,4.939,0.31,ptx,msa_notemplate
5crw,44,3,0.6114,0.789,6.7068,0.481,6.707,2.663,0.586,ptx,msa_notemplate
5crw,44,4,0.6182,0.7825,12.7718,0.459,12.772,1.777,0.655,ptx,msa_notemplate
5d94,42,0,0.9282,0.9491,0.6218,0.953,0.622,0.424,0.938,ptx,msa_notemplate
5d94,42,1,0.928,0.9491,0.7788,0.934,0.779,0.457,0.896,ptx,msa_notemplate
5d94,42,2,0.9282,0.9489,0.5369,0.948,0.537,0.408,0.917,ptx,msa_notemplate
5d94,42,3,0.9282,0.9489,0.5675,0.948,0.567,0.466,0.938,ptx,msa_notemplate
5d94,42,4,0.928,0.9487,0.6045,0.923,0.605,0.44,0.854,ptx,msa_notemplate
5d94,43,0,0.9301,0.9496,1.0466,0.905,1.047,0.564,0.854,ptx,msa_notemplate
5d94,43,1,0.9294,0.9494,0.6223,0.951,0.622,0.436,0.938,ptx,msa_notemplate
5d94,43,2,0.9293,0.9492,0.5876,0.942,0.588,0.462,0.917,ptx,msa_notemplate
5d94,43,3,0.9298,0.9494,0.6563,0.914,0.656,0.457,0.833,ptx,msa_notemplate
5d94,43,4,0.9288,0.9486,0.4708,0.924,0.471,0.435,0.854,ptx,msa_notemplate
5d94,44,0,0.9297,0.9501,0.5386,0.938,0.539,0.437,0.896,ptx,msa_notemplate
5d94,44,1,0.9295,0.9499,0.5788,0.936,0.579,0.45,0.896,ptx,msa_notemplate
5d94,44,2,0.9292,0.9492,0.7825,0.919,0.783,0.465,0.854,ptx,msa_notemplate
5d94,44,3,0.9289,0.9492,0.6859,0.923,0.686,0.442,0.854,ptx,msa_notemplate
5d94,44,4,0.9294,0.9491,0.6145,0.926,0.615,0.481,0.875,ptx,msa_notemplate
5dai,42,0,0.9254,0.9795,0.8646,0.936,0.865,0.703,1.0,ptx,msa_notemplate
5dai,42,1,0.9253,0.9795,0.8696,0.94,0.87,0.677,1.0,ptx,msa_notemplate
5dai,42,2,0.9251,0.9794,0.707,0.937,0.707,0.65,0.977,ptx,msa_notemplate
5dai,42,3,0.9252,0.9794,0.8805,0.949,0.88,0.611,1.0,ptx,msa_notemplate
5dai,42,4,0.9253,0.9793,0.8137,0.945,0.814,0.648,1.0,ptx,msa_notemplate
5dai,43,0,0.9274,0.9799,0.7736,0.941,0.774,0.679,1.0,ptx,msa_notemplate
5dai,43,1,0.9274,0.9798,0.8106,0.944,0.811,0.652,1.0,ptx,msa_notemplate
5dai,43,2,0.9273,0.9798,0.9108,0.942,0.911,0.66,1.0,ptx,msa_notemplate
5dai,43,3,0.9274,0.9798,0.6527,0.937,0.653,0.656,0.977,ptx,msa_notemplate
5dai,43,4,0.9274,0.9798,0.58,0.945,0.58,0.653,1.0,ptx,msa_notemplate
5dai,44,0,0.9221,0.9783,0.8512,0.94,0.851,0.682,1.0,ptx,msa_notemplate
5dai,44,1,0.9219,0.9783,1.1445,0.936,1.145,0.633,0.977,ptx,msa_notemplate
5dai,44,2,0.922,0.9782,0.7953,0.947,0.795,0.633,1.0,ptx,msa_notemplate
5dai,44,3,0.922,0.9782,0.7713,0.952,0.771,0.592,1.0,ptx,msa_notemplate
5dai,44,4,0.922,0.9782,0.7584,0.946,0.758,0.64,1.0,ptx,msa_notemplate
5di8,42,0,0.9662,0.9759,0.6646,0.967,0.665,0.478,1.0,ptx,msa_notemplate
5di8,42,1,0.9662,0.9759,0.7801,0.964,0.78,0.495,1.0,ptx,msa_notemplate
5di8,42,2,0.9661,0.9758,0.7307,0.965,0.731,0.49,1.0,ptx,msa_notemplate
5di8,42,3,0.9661,0.9758,0.6777,0.967,0.678,0.48,1.0,ptx,msa_notemplate
5di8,42,4,0.9661,0.9757,1.0422,0.968,1.042,0.443,1.0,ptx,msa_notemplate
5di8,43,0,0.9691,0.9774,0.7383,0.964,0.738,0.5,1.0,ptx,msa_notemplate
5di8,43,1,0.9691,0.9774,0.5785,0.973,0.579,0.427,1.0,ptx,msa_notemplate
5di8,43,2,0.969,0.9774,0.6551,0.971,0.655,0.442,1.0,ptx,msa_notemplate
5di8,43,3,0.9691,0.9774,0.6561,0.971,0.656,0.442,1.0,ptx,msa_notemplate
5di8,43,4,0.9691,0.9774,0.6915,0.968,0.692,0.469,1.0,ptx,msa_notemplate
5di8,44,0,0.9679,0.977,0.7205,0.966,0.72,0.489,1.0,ptx,msa_notemplate
5di8,44,1,0.9678,0.977,0.7165,0.966,0.717,0.488,1.0,ptx,msa_notemplate
5di8,44,2,0.9678,0.9769,0.6629,0.974,0.663,0.418,1.0,ptx,msa_notemplate
5di8,44,3,0.9678,0.9769,0.6269,0.973,0.627,0.431,1.0,ptx,msa_notemplate
5di8,44,4,0.9678,0.9769,0.5907,0.972,0.591,0.442,1.0,ptx,msa_notemplate
5e33,42,0,0.7824,0.966,1.969,0.915,1.969,0.704,0.976,ptx,msa_notemplate
5e33,42,1,0.7822,0.9659,1.8769,0.91,1.877,0.691,0.951,ptx,msa_notemplate
5e33,42,2,0.782,0.9658,1.993,0.918,1.993,0.681,0.976,ptx,msa_notemplate
5e33,42,3,0.7815,0.9656,1.9427,0.911,1.943,0.676,0.951,ptx,msa_notemplate
5e33,42,4,0.7811,0.9655,1.8447,0.927,1.845,0.628,0.976,ptx,msa_notemplate
5e33,43,0,0.7699,0.9675,1.5912,0.922,1.591,0.635,0.951,ptx,msa_notemplate
5e33,43,1,0.7704,0.9673,1.84,0.917,1.84,0.701,0.976,ptx,msa_notemplate
5e33,43,2,0.7698,0.9673,1.6742,0.93,1.674,0.624,0.976,ptx,msa_notemplate
5e33,43,3,0.7698,0.9671,1.79,0.927,1.79,0.638,0.976,ptx,msa_notemplate
5e33,43,4,0.77,0.9664,2.1288,0.919,2.129,0.651,0.976,ptx,msa_notemplate
5e33,44,0,0.7691,0.9669,1.7453,0.919,1.745,0.643,0.951,ptx,msa_notemplate
5e33,44,1,0.7694,0.9669,1.824,0.924,1.824,0.654,0.976,ptx,msa_notemplate
5e33,44,2,0.7686,0.9667,1.7295,0.926,1.73,0.648,0.976,ptx,msa_notemplate
5e33,44,3,0.7688,0.9666,1.8839,0.913,1.884,0.723,0.976,ptx,msa_notemplate
5e33,44,4,0.7695,0.9665,1.9902,0.928,1.99,0.664,1.0,ptx,msa_notemplate
5efi,42,0,0.5438,0.6378,1.7425,0.81,1.742,1.061,0.804,ptx,msa_notemplate
5efi,42,1,0.5447,0.6373,2.1818,0.788,2.182,1.168,0.804,ptx,msa_notemplate
5efi,42,2,0.5426,0.6347,1.6994,0.815,1.699,1.032,0.804,ptx,msa_notemplate
5efi,42,3,0.5406,0.6294,3.2224,0.669,3.222,1.372,0.588,ptx,msa_notemplate
5efi,42,4,0.5351,0.6233,3.3652,0.616,3.365,1.521,0.49,ptx,msa_notemplate
5efi,43,0,0.5588,0.6391,1.0525,0.838,1.052,0.97,0.824,ptx,msa_notemplate
5efi,43,1,0.5595,0.6391,1.8064,0.774,1.806,1.124,0.725,ptx,msa_notemplate
5efi,43,2,0.5567,0.6384,3.2824,0.673,3.282,1.679,0.706,ptx,msa_notemplate
5efi,43,3,0.5564,0.637,5.7066,0.453,5.707,2.424,0.392,ptx,msa_notemplate
5efi,43,4,0.5525,0.6279,3.5442,0.612,3.544,1.522,0.49,ptx,msa_notemplate
5efi,44,0,0.5579,0.6314,2.1097,0.781,2.11,1.23,0.804,ptx,msa_notemplate
5efi,44,1,0.5595,0.6305,2.2834,0.786,2.283,1.171,0.804,ptx,msa_notemplate
5efi,44,2,0.5592,0.6291,2.4837,0.787,2.484,1.182,0.824,ptx,msa_notemplate
5efi,44,3,0.5593,0.6289,2.6516,0.79,2.652,1.14,0.824,ptx,msa_notemplate
5efi,44,4,0.5591,0.6289,2.253,0.787,2.253,1.166,0.804,ptx,msa_notemplate
5ei3,42,0,0.9242,0.9734,0.6791,0.973,0.679,0.344,0.974,ptx,msa_notemplate
5ei3,42,1,0.9244,0.9734,0.5579,0.976,0.558,0.316,0.974,ptx,msa_notemplate
5ei3,42,2,0.9242,0.9733,0.5386,0.977,0.539,0.304,0.974,ptx,msa_notemplate
5ei3,42,3,0.9239,0.9733,0.5694,0.968,0.569,0.306,0.949,ptx,msa_notemplate
5ei3,42,4,0.9244,0.9733,0.4054,0.973,0.405,0.252,0.949,ptx,msa_notemplate
5ei3,43,0,0.9249,0.9735,0.5325,0.976,0.533,0.31,0.974,ptx,msa_notemplate
5ei3,43,1,0.925,0.9735,0.5027,0.962,0.503,0.279,0.923,ptx,msa_notemplate
5ei3,43,2,0.925,0.9735,0.5773,0.97,0.577,0.379,0.974,ptx,msa_notemplate
5ei3,43,3,0.9249,0.9734,0.5096,0.971,0.51,0.28,0.949,ptx,msa_notemplate
5ei3,43,4,0.9251,0.9734,0.503,0.962,0.503,0.375,0.949,ptx,msa_notemplate
5ei3,44,0,0.9248,0.9736,0.4999,0.975,0.5,0.327,0.974,ptx,msa_notemplate
5ei3,44,1,0.9245,0.9735,0.5469,0.972,0.547,0.358,0.974,ptx,msa_notemplate
5ei3,44,2,0.9247,0.9735,0.5257,0.971,0.526,0.271,0.949,ptx,msa_notemplate
5ei3,44,3,0.9248,0.9735,0.451,0.988,0.451,0.277,1.0,ptx,msa_notemplate
5ei3,44,4,0.9247,0.9734,0.3663,0.971,0.366,0.279,0.949,ptx,msa_notemplate
5fml,42,0,0.5186,0.6033,25.0004,0.043,25.0,9.582,0.0,ptx,msa_notemplate
5fml,42,1,0.5178,0.6027,24.8677,0.043,24.868,9.577,0.0,ptx,msa_notemplate
5fml,42,2,0.5163,0.6022,24.5049,0.044,24.505,9.438,0.0,ptx,msa_notemplate
5fml,42,3,0.5182,0.6008,24.7536,0.043,24.754,9.439,0.0,ptx,msa_notemplate
5fml,42,4,0.4969,0.549,16.4607,0.106,16.461,7.238,0.067,ptx,msa_notemplate
5fml,43,0,0.5223,0.617,23.6722,0.047,23.672,9.108,0.0,ptx,msa_notemplate
5fml,43,1,0.52,0.6127,24.5104,0.044,24.51,9.442,0.0,ptx,msa_notemplate
5fml,43,2,0.5176,0.6096,24.4025,0.044,24.402,9.389,0.0,ptx,msa_notemplate
5fml,43,3,0.5169,0.6082,25.0763,0.042,25.076,9.606,0.0,ptx,msa_notemplate
5fml,43,4,0.481,0.5706,8.1752,0.264,8.175,3.437,0.111,ptx,msa_notemplate
5fml,44,0,0.5177,0.5735,24.4121,0.044,24.412,9.332,0.0,ptx,msa_notemplate
5fml,44,1,0.5169,0.5712,24.2368,0.045,24.237,9.275,0.0,ptx,msa_notemplate
5fml,44,2,0.507,0.565,1.0779,0.895,1.078,0.617,0.844,ptx,msa_notemplate
5fml,44,3,0.5084,0.5649,1.1005,0.93,1.101,0.573,0.933,ptx,msa_notemplate
5fml,44,4,0.5097,0.5633,24.9575,0.043,24.957,9.524,0.0,ptx,msa_notemplate
5fpx,42,0,0.6756,0.8031,3.8444,0.649,3.844,1.208,0.512,ptx,msa_notemplate
5fpx,42,1,0.6739,0.8026,3.5332,0.652,3.533,1.126,0.465,ptx,msa_notemplate
5fpx,42,2,0.6689,0.7933,4.602,0.52,4.602,1.474,0.279,ptx,msa_notemplate
5fpx,42,3,0.6653,0.7825,6.0261,0.476,6.026,1.872,0.372,ptx,msa_notemplate
5fpx,42,4,0.6629,0.7723,6.6283,0.426,6.628,2.031,0.302,ptx,msa_notemplate
5fpx,43,0,0.6948,0.81,5.02,0.51,5.02,1.541,0.302,ptx,msa_notemplate
5fpx,43,1,0.6896,0.809,3.3341,0.676,3.334,1.105,0.512,ptx,msa_notemplate
5fpx,43,2,0.6906,0.8084,2.2052,0.78,2.205,0.806,0.628,ptx,msa_notemplate
5fpx,43,3,0.6926,0.8083,2.9116,0.778,2.912,0.939,0.721,ptx,msa_notemplate
5fpx,43,4,0.6915,0.8081,3.459,0.688,3.459,1.103,0.558,ptx,msa_notemplate
5fpx,44,0,0.6829,0.8083,2.7869,0.737,2.787,0.917,0.581,ptx,msa_notemplate
5fpx,44,1,0.6853,0.8063,3.8575,0.657,3.857,1.211,0.535,ptx,msa_notemplate
5fpx,44,2,0.6779,0.8056,1.6469,0.898,1.647,0.642,0.884,ptx,msa_notemplate
5fpx,44,3,0.6734,0.8001,4.3472,0.578,4.347,1.364,0.395,ptx,msa_notemplate
5fpx,44,4,0.6687,0.7907,4.8199,0.52,4.82,1.495,0.302,ptx,msa_notemplate
5fv6,42,0,0.5695,0.6394,30.8657,0.03,30.866,10.435,0.0,ptx,msa_notemplate
5fv6,42,1,0.5668,0.6389,31.6791,0.029,31.679,10.722,0.0,ptx,msa_notemplate
5fv6,42,2,0.5669,0.6311,32.4924,0.028,32.492,10.863,0.0,ptx,msa_notemplate
5fv6,42,3,0.5577,0.6288,30.8957,0.031,30.896,10.176,0.0,ptx,msa_notemplate
5fv6,42,4,0.5546,0.609,32.8092,0.027,32.809,10.855,0.0,ptx,msa_notemplate
5fv6,43,0,0.6058,0.6867,26.4452,0.038,26.445,10.507,0.0,ptx,msa_notemplate
5fv6,43,1,0.6039,0.6852,26.7784,0.037,26.778,10.601,0.0,ptx,msa_notemplate
5fv6,43,2,0.5744,0.648,31.6801,0.029,31.68,10.495,0.0,ptx,msa_notemplate
5fv6,43,3,0.5685,0.6406,31.0686,0.03,31.069,10.324,0.0,ptx,msa_notemplate
5fv6,43,4,0.5755,0.6352,29.5545,0.033,29.555,9.686,0.0,ptx,msa_notemplate
5fv6,44,0,0.526,0.6043,32.0827,0.028,32.083,10.874,0.0,ptx,msa_notemplate
5fv6,44,1,0.5252,0.6031,31.4493,0.029,31.449,10.548,0.0,ptx,msa_notemplate
5fv6,44,2,0.5322,0.6023,31.5402,0.029,31.54,10.603,0.0,ptx,msa_notemplate
5fv6,44,3,0.5258,0.5956,31.4804,0.029,31.48,10.368,0.0,ptx,msa_notemplate
5fv6,44,4,0.5144,0.5868,32.6517,0.027,32.652,11.149,0.0,ptx,msa_notemplate
5ggp,42,0,0.8066,0.8711,9.6144,0.304,9.614,3.119,0.286,ptx,msa_notemplate
5ggp,42,1,0.8061,0.87,9.3569,0.31,9.357,3.067,0.286,ptx,msa_notemplate
5ggp,42,2,0.8048,0.8687,9.3873,0.31,9.387,3.053,0.286,ptx,msa_notemplate
5ggp,42,3,0.8051,0.8687,9.3736,0.31,9.374,3.059,0.286,ptx,msa_notemplate
5ggp,42,4,0.8047,0.8682,9.2424,0.314,9.242,3.024,0.286,ptx,msa_notemplate
5ggp,43,0,0.7772,0.8372,9.2213,0.315,9.221,3.01,0.286,ptx,msa_notemplate
5ggp,43,1,0.7768,0.8371,9.3919,0.31,9.392,3.065,0.286,ptx,msa_notemplate
5ggp,43,2,0.7766,0.8365,9.2251,0.315,9.225,3.006,0.286,ptx,msa_notemplate
5ggp,43,3,0.7759,0.8359,9.1992,0.314,9.199,3.027,0.286,ptx,msa_notemplate
5ggp,43,4,0.7759,0.8358,9.1491,0.317,9.149,2.994,0.286,ptx,msa_notemplate
5ggp,44,0,0.7666,0.7957,9.046,0.339,9.046,3.079,0.357,ptx,msa_notemplate
5ggp,44,1,0.765,0.7927,8.8111,0.346,8.811,3.006,0.357,ptx,msa_notemplate
5ggp,44,2,0.7643,0.7925,8.8287,0.346,8.829,2.991,0.357,ptx,msa_notemplate
5ggp,44,3,0.7637,0.7909,8.4278,0.357,8.428,2.905,0.357,ptx,msa_notemplate
5ggp,44,4,0.7622,0.7898,8.5142,0.357,8.514,2.874,0.357,ptx,msa_notemplate
5gu4,42,0,0.864,0.943,1.0375,0.925,1.038,0.389,0.852,ptx,msa_notemplate
5gu4,42,1,0.8639,0.9429,0.9268,0.94,0.927,0.366,0.889,ptx,msa_notemplate
5gu4,42,2,0.8638,0.9428,1.1608,0.92,1.161,0.426,0.852,ptx,msa_notemplate
5gu4,42,3,0.8637,0.9426,1.0289,0.95,1.029,0.381,0.926,ptx,msa_notemplate
5gu4,42,4,0.8632,0.9423,0.9657,0.942,0.966,0.348,0.889,ptx,msa_notemplate
5gu4,43,0,0.8277,0.9254,1.3121,0.937,1.312,0.476,0.926,ptx,msa_notemplate
5gu4,43,1,0.8277,0.9252,1.0985,0.934,1.099,0.417,0.889,ptx,msa_notemplate
5gu4,43,2,0.8276,0.9251,1.1607,0.956,1.161,0.431,0.963,ptx,msa_notemplate
5gu4,43,3,0.827,0.9245,0.9755,0.963,0.976,0.378,0.963,ptx,msa_notemplate
5gu4,43,4,0.8265,0.9241,1.1654,0.92,1.165,0.423,0.852,ptx,msa_notemplate
5gu4,44,0,0.834,0.9259,1.1167,0.946,1.117,0.418,0.926,ptx,msa_notemplate
5gu4,44,1,0.8338,0.9259,1.0945,0.947,1.095,0.403,0.926,ptx,msa_notemplate
5gu4,44,2,0.8336,0.9255,0.8998,0.953,0.9,0.37,0.926,ptx,msa_notemplate
5gu4,44,3,0.8335,0.9254,0.9898,0.926,0.99,0.384,0.852,ptx,msa_notemplate
5gu4,44,4,0.8327,0.9248,1.1455,0.957,1.146,0.421,0.963,ptx,msa_notemplate
5huw,42,0,0.9346,0.9865,1.0249,0.925,1.025,0.645,0.944,ptx,msa_notemplate
5huw,42,1,0.9349,0.9864,0.8569,0.924,0.857,0.617,0.926,ptx,msa_notemplate
5huw,42,2,0.9346,0.9864,0.882,0.935,0.882,0.58,0.944,ptx,msa_notemplate
5huw,42,3,0.9343,0.9863,1.0153,0.922,1.015,0.621,0.926,ptx,msa_notemplate
5huw,42,4,0.9344,0.9863,0.8526,0.932,0.853,0.599,0.944,ptx,msa_notemplate
5huw,43,0,0.9402,0.9876,1.0923,0.918,1.092,0.643,0.926,ptx,msa_notemplate
5huw,43,1,0.9401,0.9876,1.0146,0.925,1.015,0.6,0.926,ptx,msa_notemplate
5huw,43,2,0.9402,0.9875,0.8953,0.924,0.895,0.611,0.926,ptx,msa_notemplate
5huw,43,3,0.9396,0.9875,1.1758,0.916,1.176,0.654,0.926,ptx,msa_notemplate
5huw,43,4,0.94,0.9875,0.8588,0.929,0.859,0.575,0.926,ptx,msa_notemplate
5huw,44,0,0.9393,0.9873,1.0607,0.924,1.061,0.605,0.926,ptx,msa_notemplate
5huw,44,1,0.9392,0.9872,0.8694,0.929,0.869,0.62,0.944,ptx,msa_notemplate
5huw,44,2,0.9381,0.9871,0.9098,0.926,0.91,0.595,0.926,ptx,msa_notemplate
5huw,44,3,0.939,0.9871,0.8665,0.926,0.866,0.599,0.926,ptx,msa_notemplate
5huw,44,4,0.9388,0.9871,1.0031,0.925,1.003,0.598,0.926,ptx,msa_notemplate
5i7z,42,0,0.948,0.9582,0.6554,0.974,0.655,0.417,1.0,ptx,msa_notemplate
5i7z,42,1,0.9482,0.9579,0.5845,0.983,0.584,0.33,1.0,ptx,msa_notemplate
5i7z,42,2,0.9483,0.9575,0.7784,0.978,0.778,0.376,1.0,ptx,msa_notemplate
5i7z,42,3,0.9485,0.9569,0.5239,0.974,0.524,0.324,0.971,ptx,msa_notemplate
5i7z,42,4,0.9485,0.9566,0.6075,0.976,0.607,0.297,0.971,ptx,msa_notemplate
5i7z,43,0,0.9512,0.9603,0.5742,0.986,0.574,0.297,1.0,ptx,msa_notemplate
5i7z,43,1,0.9514,0.9597,0.6184,0.978,0.618,0.384,1.0,ptx,msa_notemplate
5i7z,43,2,0.9515,0.9597,0.4442,0.978,0.444,0.28,0.971,ptx,msa_notemplate
5i7z,43,3,0.9515,0.9596,0.4368,0.976,0.437,0.309,0.971,ptx,msa_notemplate
5i7z,43,4,0.9516,0.9595,0.5146,0.969,0.515,0.375,0.971,ptx,msa_notemplate
5i7z,44,0,0.9508,0.9606,0.7886,0.973,0.789,0.42,1.0,ptx,msa_notemplate
5i7z,44,1,0.9511,0.9601,0.5851,0.983,0.585,0.336,1.0,ptx,msa_notemplate
5i7z,44,2,0.951,0.96,0.7142,0.979,0.714,0.366,1.0,ptx,msa_notemplate
5i7z,44,3,0.9511,0.96,0.5357,0.978,0.536,0.383,1.0,ptx,msa_notemplate
5i7z,44,4,0.9512,0.9597,0.5656,0.98,0.566,0.362,1.0,ptx,msa_notemplate
5j3q,42,0,0.9109,0.9422,2.0076,0.808,2.008,1.122,0.837,ptx,msa_notemplate
5j3q,42,1,0.9102,0.9416,2.176,0.802,2.176,1.151,0.837,ptx,msa_notemplate
5j3q,42,2,0.9104,0.9414,1.7385,0.807,1.739,1.111,0.814,ptx,msa_notemplate
5j3q,42,3,0.91,0.9408,1.9434,0.82,1.943,0.941,0.791,ptx,msa_notemplate
5j3q,42,4,0.9097,0.9399,2.6703,0.751,2.67,1.292,0.767,ptx,msa_notemplate
5j3q,43,0,0.9173,0.9476,1.9857,0.794,1.986,1.172,0.814,ptx,msa_notemplate
5j3q,43,1,0.9172,0.9473,2.2361,0.806,2.236,1.11,0.837,ptx,msa_notemplate
5j3q,43,2,0.9168,0.9467,2.1156,0.795,2.116,1.208,0.837,ptx,msa_notemplate
5j3q,43,3,0.9166,0.9463,2.2583,0.799,2.258,1.16,0.837,ptx,msa_notemplate
5j3q,43,4,0.9163,0.9453,2.2899,0.772,2.29,1.245,0.791,ptx,msa_notemplate
5j3q,44,0,0.9175,0.9471,2.2124,0.815,2.212,1.107,0.86,ptx,msa_notemplate
5j3q,44,1,0.9171,0.9457,2.0362,0.826,2.036,1.05,0.86,ptx,msa_notemplate
5j3q,44,2,0.9164,0.9452,2.406,0.772,2.406,1.225,0.791,ptx,msa_notemplate
5j3q,44,3,0.9166,0.9448,2.4205,0.791,2.421,1.137,0.814,ptx,msa_notemplate
5j3q,44,4,0.9165,0.9447,2.6271,0.757,2.627,1.246,0.767,ptx,msa_notemplate
5kds,42,0,0.6485,0.8142,9.7839,0.247,9.784,3.477,0.154,ptx,msa_notemplate
5kds,42,1,0.6448,0.8121,10.8156,0.198,10.816,3.801,0.077,ptx,msa_notemplate
5kds,42,2,0.6433,0.8092,6.574,0.563,6.574,2.325,0.769,ptx,msa_notemplate
5kds,42,3,0.6397,0.8074,5.9812,0.592,5.981,2.101,0.769,ptx,msa_notemplate
5kds,42,4,0.6359,0.8022,5.5265,0.617,5.526,1.919,0.769,ptx,msa_notemplate
5kds,43,0,0.6416,0.8135,10.4748,0.206,10.475,3.656,0.077,ptx,msa_notemplate
5kds,43,1,0.642,0.8134,10.6909,0.228,10.691,3.69,0.154,ptx,msa_notemplate
5kds,43,2,0.6437,0.813,10.4356,0.233,10.436,3.61,0.154,ptx,msa_notemplate
5kds,43,3,0.6427,0.8114,9.337,0.258,9.337,3.356,0.154,ptx,msa_notemplate
5kds,43,4,0.6394,0.8109,10.194,0.214,10.194,3.493,0.077,ptx,msa_notemplate
5kds,44,0,0.6059,0.7795,10.4537,0.206,10.454,3.656,0.077,ptx,msa_notemplate
5kds,44,1,0.6033,0.7792,11.1941,0.191,11.194,3.878,0.077,ptx,msa_notemplate
5kds,44,2,0.5976,0.7761,11.5972,0.159,11.597,3.924,0.0,ptx,msa_notemplate
5kds,44,3,0.6022,0.7746,9.8002,0.248,9.8,3.425,0.154,ptx,msa_notemplate
5kds,44,4,0.6022,0.7744,8.7449,0.328,8.745,3.102,0.308,ptx,msa_notemplate
5lyn,42,0,0.9305,0.9644,1.2466,0.919,1.247,0.443,0.857,ptx,msa_notemplate
5lyn,42,1,0.9307,0.9643,1.2182,0.923,1.218,0.41,0.857,ptx,msa_notemplate
5lyn,42,2,0.9302,0.9643,1.2923,0.915,1.292,0.47,0.857,ptx,msa_notemplate
5lyn,42,3,0.9302,0.9643,1.1997,0.922,1.2,0.413,0.857,ptx,msa_notemplate
5lyn,42,4,0.9298,0.9641,1.1493,0.92,1.149,0.438,0.857,ptx,msa_notemplate
5lyn,43,0,0.9291,0.9638,1.2215,0.923,1.222,0.408,0.857,ptx,msa_notemplate
5lyn,43,1,0.9294,0.9638,1.2912,0.92,1.291,0.423,0.857,ptx,msa_notemplate
5lyn,43,2,0.9291,0.9637,1.2158,0.923,1.216,0.409,0.857,ptx,msa_notemplate
5lyn,43,3,0.9292,0.9637,1.2127,0.924,1.213,0.399,0.857,ptx,msa_notemplate
5lyn,43,4,0.9289,0.9637,1.1841,0.922,1.184,0.417,0.857,ptx,msa_notemplate
5lyn,44,0,0.9264,0.9617,1.2734,0.915,1.273,0.474,0.857,ptx,msa_notemplate
5lyn,44,1,0.9261,0.9615,1.2109,0.923,1.211,0.403,0.857,ptx,msa_notemplate
5lyn,44,2,0.9259,0.9615,1.2208,0.92,1.221,0.435,0.857,ptx,msa_notemplate
5lyn,44,3,0.9259,0.9614,1.1822,0.918,1.182,0.458,0.857,ptx,msa_notemplate
5lyn,44,4,0.9259,0.9613,1.0889,0.926,1.089,0.388,0.857,ptx,msa_notemplate
5m5r,42,0,0.8449,0.9519,2.9233,0.827,2.923,1.06,0.919,ptx,msa_notemplate
5m5r,42,1,0.8457,0.9518,2.9049,0.83,2.905,1.038,0.919,ptx,msa_notemplate
5m5r,42,2,0.8451,0.9517,2.8768,0.83,2.877,1.045,0.919,ptx,msa_notemplate
5m5r,42,3,0.845,0.9516,2.8465,0.824,2.846,1.027,0.892,ptx,msa_notemplate
5m5r,42,4,0.8442,0.9513,2.852,0.831,2.852,1.038,0.919,ptx,msa_notemplate
5m5r,43,0,0.8407,0.95,2.847,0.822,2.847,1.042,0.892,ptx,msa_notemplate
5m5r,43,1,0.84,0.9499,2.6505,0.835,2.65,0.976,0.892,ptx,msa_notemplate
5m5r,43,2,0.8397,0.9498,2.8101,0.835,2.81,1.017,0.919,ptx,msa_notemplate
5m5r,43,3,0.8395,0.9496,2.9878,0.823,2.988,1.075,0.919,ptx,msa_notemplate
5m5r,43,4,0.8395,0.9494,2.7996,0.835,2.8,1.02,0.919,ptx,msa_notemplate
5m5r,44,0,0.8582,0.9579,3.2651,0.799,3.265,1.139,0.892,ptx,msa_notemplate
5m5r,44,1,0.854,0.9544,2.9244,0.819,2.924,1.052,0.892,ptx,msa_notemplate
5m5r,44,2,0.8539,0.9544,2.8297,0.807,2.83,1.023,0.838,ptx,msa_notemplate
5m5r,44,3,0.8532,0.9543,2.8758,0.813,2.876,1.037,0.865,ptx,msa_notemplate
5m5r,44,4,0.8535,0.9543,2.9479,0.825,2.948,1.066,0.919,ptx,msa_notemplate
5n22,42,0,0.6281,0.6763,13.8715,0.174,13.872,5.311,0.174,ptx,msa_notemplate
5n22,42,1,0.6263,0.674,14.0373,0.172,14.037,5.352,0.174,ptx,msa_notemplate
5n22,42,2,0.6278,0.6731,13.9136,0.166,13.914,5.362,0.152,ptx,msa_notemplate
5n22,42,3,0.6289,0.6714,14.0253,0.178,14.025,5.47,0.196,ptx,msa_notemplate
5n22,42,4,0.6005,0.6498,16.6783,0.129,16.678,8.738,0.152,ptx,msa_notemplate
5n22,43,0,0.5686,0.6441,16.8048,0.095,16.805,5.966,0.022,ptx,msa_notemplate
5n22,43,1,0.5693,0.6411,16.6279,0.096,16.628,5.982,0.022,ptx,msa_notemplate
5n22,43,2,0.5856,0.6251,13.9879,0.179,13.988,5.435,0.196,ptx,msa_notemplate
5n22,43,3,0.5862,0.6249,13.9754,0.164,13.975,5.448,0.152,ptx,msa_notemplate
5n22,43,4,0.5838,0.6236,13.892,0.173,13.892,5.361,0.174,ptx,msa_notemplate
5n22,44,0,0.5754,0.5987,14.1991,0.176,14.199,5.529,0.196,ptx,msa_notemplate
5n22,44,1,0.5758,0.5964,13.8017,0.167,13.802,5.367,0.152,ptx,msa_notemplate
5n22,44,2,0.5744,0.5941,13.9009,0.187,13.901,5.418,0.217,ptx,msa_notemplate
5n22,44,3,0.576,0.5931,13.7851,0.175,13.785,5.286,0.174,ptx,msa_notemplate
5n22,44,4,0.5747,0.5891,13.9228,0.172,13.923,5.401,0.174,ptx,msa_notemplate
5n85,42,0,0.7592,0.8213,14.6112,0.181,14.611,6.25,0.237,ptx,msa_notemplate
5n85,42,1,0.7588,0.8202,14.6296,0.181,14.63,6.275,0.237,ptx,msa_notemplate
5n85,42,2,0.7359,0.8151,3.5923,0.699,3.592,1.463,0.737,ptx,msa_notemplate
5n85,42,3,0.734,0.8134,3.8636,0.691,3.864,1.554,0.763,ptx,msa_notemplate
5n85,42,4,0.7358,0.8129,3.6303,0.694,3.63,1.499,0.737,ptx,msa_notemplate
5n85,43,0,0.7467,0.8296,4.0192,0.673,4.019,1.609,0.737,ptx,msa_notemplate
5n85,43,1,0.746,0.8276,3.463,0.732,3.463,1.436,0.816,ptx,msa_notemplate
5n85,43,2,0.7461,0.8207,1.3054,0.913,1.305,0.653,0.921,ptx,msa_notemplate
5n85,43,3,0.7468,0.8206,1.189,0.929,1.189,0.605,0.947,ptx,msa_notemplate
5n85,43,4,0.7456,0.819,1.467,0.903,1.467,0.713,0.921,ptx,msa_notemplate
5n85,44,0,0.8212,0.8842,1.2483,0.93,1.248,0.658,0.974,ptx,msa_notemplate
5n85,44,1,0.8211,0.8839,1.2281,0.929,1.228,0.67,0.974,ptx,msa_notemplate
5n85,44,2,0.8208,0.8836,1.2824,0.935,1.282,0.623,0.974,ptx,msa_notemplate
5n85,44,3,0.8208,0.8835,1.2236,0.928,1.224,0.615,0.947,ptx,msa_notemplate
5n85,44,4,0.8206,0.8828,1.2898,0.928,1.29,0.671,0.974,ptx,msa_notemplate
5njc,42,0,0.6755,0.8328,0.8285,0.913,0.829,0.627,0.897,ptx,msa_notemplate
5njc,42,1,0.6758,0.8323,0.9509,0.919,0.951,0.577,0.897,ptx,msa_notemplate
5njc,42,2,0.6737,0.8316,0.8699,0.917,0.87,0.599,0.897,ptx,msa_notemplate
5njc,42,3,0.6745,0.8314,0.8941,0.916,0.894,0.605,0.897,ptx,msa_notemplate
5njc,42,4,0.6732,0.8296,0.9087,0.91,0.909,0.584,0.872,ptx,msa_notemplate
5njc,43,0,0.6768,0.8462,0.8336,0.926,0.834,0.53,0.897,ptx,msa_notemplate
5njc,43,1,0.6763,0.8454,0.8324,0.918,0.832,0.592,0.897,ptx,msa_notemplate
5njc,43,2,0.6769,0.8452,0.8928,0.923,0.893,0.549,0.897,ptx,msa_notemplate
5njc,43,3,0.6766,0.845,0.9019,0.919,0.902,0.579,0.897,ptx,msa_notemplate
5njc,43,4,0.6763,0.8448,0.9946,0.919,0.995,0.574,0.897,ptx,msa_notemplate
5njc,44,0,0.6816,0.8466,0.8484,0.916,0.848,0.606,0.897,ptx,msa_notemplate
5njc,44,1,0.681,0.8457,0.9741,0.918,0.974,0.578,0.897,ptx,msa_notemplate
5njc,44,2,0.6811,0.8455,1.0015,0.916,1.002,0.598,0.897,ptx,msa_notemplate
5njc,44,3,0.6802,0.8438,1.0013,0.913,1.001,0.619,0.897,ptx,msa_notemplate
5njc,44,4,0.6792,0.8436,0.9432,0.92,0.943,0.63,0.923,ptx,msa_notemplate
5nqv,42,0,0.8956,0.9592,2.6232,0.834,2.623,0.91,0.857,ptx,msa_notemplate
5nqv,42,1,0.8957,0.9594,2.5413,0.849,2.541,0.872,0.881,ptx,msa_notemplate
5nqv,42,2,0.8946,0.9591,2.3484,0.864,2.348,0.844,0.905,ptx,msa_notemplate
5nqv,42,3,0.8948,0.9588,2.4608,0.855,2.461,0.896,0.905,ptx,msa_notemplate
5nqv,42,4,0.895,0.9587,2.5298,0.839,2.53,0.89,0.857,ptx,msa_notemplate
5nqv,43,0,0.9051,0.9641,2.248,0.868,2.248,0.832,0.905,ptx,msa_notemplate
5nqv,43,1,0.9041,0.9636,2.3839,0.863,2.384,0.853,0.905,ptx,msa_notemplate
5nqv,43,2,0.9049,0.9634,2.3862,0.852,2.386,0.869,0.881,ptx,msa_notemplate
5nqv,43,3,0.9043,0.9631,2.3174,0.88,2.317,0.85,0.952,ptx,msa_notemplate
5nqv,43,4,0.9045,0.9631,2.3797,0.847,2.38,0.909,0.881,ptx,msa_notemplate
5nqv,44,0,0.8962,0.9602,2.55,0.842,2.55,0.92,0.881,ptx,msa_notemplate
5nqv,44,1,0.8959,0.9601,2.501,0.866,2.501,0.866,0.929,ptx,msa_notemplate
5nqv,44,2,0.8953,0.96,2.3265,0.864,2.326,0.849,0.905,ptx,msa_notemplate
5nqv,44,3,0.8958,0.9598,2.5522,0.852,2.552,0.903,0.905,ptx,msa_notemplate
5nqv,44,4,0.8954,0.9596,2.45,0.873,2.45,0.882,0.952,ptx,msa_notemplate
5o9u,42,0,0.9205,0.9779,0.6166,0.975,0.617,0.316,0.973,ptx,msa_notemplate
5o9u,42,1,0.9207,0.9779,0.5066,0.983,0.507,0.284,0.986,ptx,msa_notemplate
5o9u,42,2,0.9203,0.9778,0.657,0.971,0.657,0.304,0.959,ptx,msa_notemplate
5o9u,42,3,0.9201,0.9778,0.6289,0.981,0.629,0.296,0.986,ptx,msa_notemplate
5o9u,42,4,0.9199,0.9776,0.7854,0.948,0.785,0.351,0.904,ptx,msa_notemplate
5o9u,43,0,0.9016,0.9678,0.4437,0.982,0.444,0.301,0.986,ptx,msa_notemplate
5o9u,43,1,0.9013,0.9677,0.5598,0.982,0.56,0.287,0.986,ptx,msa_notemplate
5o9u,43,2,0.9014,0.9677,0.449,0.984,0.449,0.267,0.986,ptx,msa_notemplate
5o9u,43,3,0.9013,0.9676,0.4537,0.985,0.454,0.26,0.986,ptx,msa_notemplate
5o9u,43,4,0.901,0.9676,0.4667,0.975,0.467,0.264,0.959,ptx,msa_notemplate
5o9u,44,0,0.9269,0.9796,0.582,0.981,0.582,0.302,0.986,ptx,msa_notemplate
5o9u,44,1,0.927,0.9795,0.6219,0.977,0.622,0.296,0.973,ptx,msa_notemplate
5o9u,44,2,0.9272,0.9795,0.5657,0.981,0.566,0.302,0.986,ptx,msa_notemplate
5o9u,44,3,0.9271,0.9795,0.5271,0.976,0.527,0.306,0.973,ptx,msa_notemplate
5o9u,44,4,0.927,0.9795,0.582,0.982,0.582,0.285,0.986,ptx,msa_notemplate
5oj5,42,0,0.4396,0.6859,2.9137,0.802,2.914,1.09,0.857,ptx,msa_notemplate
5oj5,42,1,0.4373,0.6831,2.5172,0.806,2.517,1.005,0.81,ptx,msa_notemplate
5oj5,42,2,0.4362,0.6808,2.6965,0.814,2.696,1.036,0.857,ptx,msa_notemplate
5oj5,42,3,0.4377,0.6797,2.8126,0.811,2.813,1.045,0.857,ptx,msa_notemplate
5oj5,42,4,0.4345,0.6795,2.5518,0.807,2.552,0.995,0.81,ptx,msa_notemplate
5oj5,43,0,0.6219,0.7917,29.6951,0.033,29.695,9.481,0.0,ptx,msa_notemplate
5oj5,43,1,0.4442,0.6942,2.4974,0.84,2.497,0.996,0.905,ptx,msa_notemplate
5oj5,43,2,0.4438,0.6912,2.9639,0.784,2.964,1.099,0.81,ptx,msa_notemplate
5oj5,43,3,0.4435,0.6911,2.2657,0.827,2.266,0.896,0.81,ptx,msa_notemplate
5oj5,43,4,0.44,0.6861,2.7426,0.831,2.743,1.02,0.905,ptx,msa_notemplate
5oj5,44,0,0.6977,0.8726,28.8358,0.035,28.836,9.217,0.0,ptx,msa_notemplate
5oj5,44,1,0.6962,0.8709,28.9348,0.035,28.935,9.228,0.0,ptx,msa_notemplate
5oj5,44,2,0.695,0.8698,29.7811,0.033,29.781,9.557,0.0,ptx,msa_notemplate
5oj5,44,3,0.695,0.8647,25.5643,0.044,25.564,8.215,0.0,ptx,msa_notemplate
5oj5,44,4,0.4836,0.7677,3.0115,0.771,3.011,1.186,0.81,ptx,msa_notemplate
5onp,42,0,0.9331,0.985,2.435,0.89,2.435,0.624,0.895,ptx,msa_notemplate
5onp,42,1,0.9329,0.9849,2.4509,0.889,2.451,0.629,0.895,ptx,msa_notemplate
5onp,42,2,0.933,0.9849,2.4725,0.888,2.473,0.634,0.895,ptx,msa_notemplate
5onp,42,3,0.9326,0.9849,2.4046,0.891,2.405,0.621,0.895,ptx,msa_notemplate
5onp,42,4,0.9328,0.9849,2.4539,0.889,2.454,0.633,0.895,ptx,msa_notemplate
5onp,43,0,0.9324,0.9849,2.426,0.891,2.426,0.621,0.895,ptx,msa_notemplate
5onp,43,1,0.9326,0.9849,2.4425,0.881,2.442,0.627,0.868,ptx,msa_notemplate
5onp,43,2,0.9325,0.9849,2.4886,0.888,2.489,0.637,0.895,ptx,msa_notemplate
5onp,43,3,0.9324,0.9849,2.4284,0.882,2.428,0.626,0.868,ptx,msa_notemplate
5onp,43,4,0.9322,0.9849,2.4243,0.891,2.424,0.623,0.895,ptx,msa_notemplate
5onp,44,0,0.9316,0.9847,2.487,0.888,2.487,0.637,0.895,ptx,msa_notemplate
5onp,44,1,0.9316,0.9847,2.4864,0.879,2.486,0.638,0.868,ptx,msa_notemplate
5onp,44,2,0.9314,0.9847,2.461,0.889,2.461,0.63,0.895,ptx,msa_notemplate
5onp,44,3,0.9313,0.9847,2.4936,0.887,2.494,0.639,0.895,ptx,msa_notemplate
5onp,44,4,0.9313,0.9846,2.4593,0.889,2.459,0.63,0.895,ptx,msa_notemplate
5t0k,42,0,0.8694,0.9605,0.7474,0.91,0.747,0.769,0.946,ptx,msa_notemplate
5t0k,42,1,0.8692,0.9602,0.8455,0.903,0.846,0.774,0.929,ptx,msa_notemplate
5t0k,42,2,0.8691,0.9599,0.7329,0.907,0.733,0.752,0.929,ptx,msa_notemplate
5t0k,42,3,0.8699,0.9597,0.8013,0.912,0.801,0.756,0.946,ptx,msa_notemplate
5t0k,42,4,0.8696,0.9595,0.7253,0.914,0.725,0.745,0.946,ptx,msa_notemplate
5t0k,43,0,0.8787,0.961,1.1129,0.907,1.113,0.769,0.946,ptx,msa_notemplate
5t0k,43,1,0.8782,0.9607,0.991,0.911,0.991,0.748,0.946,ptx,msa_notemplate
5t0k,43,2,0.8784,0.9606,0.8538,0.92,0.854,0.737,0.964,ptx,msa_notemplate
5t0k,43,3,0.8788,0.9605,0.9221,0.913,0.922,0.744,0.946,ptx,msa_notemplate
5t0k,43,4,0.8788,0.9605,0.9562,0.914,0.956,0.733,0.946,ptx,msa_notemplate
5t0k,44,0,0.8774,0.964,0.6973,0.908,0.697,0.701,0.911,ptx,msa_notemplate
5t0k,44,1,0.8775,0.9639,0.9313,0.9,0.931,0.749,0.911,ptx,msa_notemplate
5t0k,44,2,0.8781,0.9636,1.2168,0.895,1.217,0.766,0.911,ptx,msa_notemplate
5t0k,44,3,0.8776,0.9635,0.7361,0.902,0.736,0.745,0.911,ptx,msa_notemplate
5t0k,44,4,0.8771,0.9634,0.6627,0.912,0.663,0.721,0.929,ptx,msa_notemplate
5tgi,42,0,0.9015,0.9439,1.6985,0.919,1.698,0.707,0.976,ptx,msa_notemplate
5tgi,42,1,0.9014,0.9438,1.8244,0.908,1.824,0.709,0.951,ptx,msa_notemplate
5tgi,42,2,0.9014,0.9436,1.8214,0.923,1.821,0.659,0.976,ptx,msa_notemplate
5tgi,42,3,0.9014,0.9433,1.9506,0.914,1.951,0.708,0.976,ptx,msa_notemplate
5tgi,42,4,0.9016,0.9429,1.481,0.914,1.481,0.701,0.951,ptx,msa_notemplate
5tgi,43,0,0.9007,0.9427,2.1023,0.913,2.102,0.759,1.0,ptx,msa_notemplate
5tgi,43,1,0.9007,0.9425,1.7986,0.924,1.799,0.717,1.0,ptx,msa_notemplate
5tgi,43,2,0.9008,0.9424,1.9233,0.909,1.923,0.751,0.976,ptx,msa_notemplate
5tgi,43,3,0.9008,0.9424,1.8685,0.923,1.868,0.712,1.0,ptx,msa_notemplate
5tgi,43,4,0.9009,0.9423,2.0457,0.899,2.046,0.86,1.0,ptx,msa_notemplate
5tgi,44,0,0.9013,0.9435,1.7286,0.926,1.729,0.71,1.0,ptx,msa_notemplate
5tgi,44,1,0.9013,0.9435,1.9288,0.918,1.929,0.744,1.0,ptx,msa_notemplate
5tgi,44,2,0.9012,0.9435,1.7437,0.916,1.744,0.719,0.976,ptx,msa_notemplate
5tgi,44,3,0.9013,0.9433,1.7542,0.909,1.754,0.713,0.951,ptx,msa_notemplate
5tgi,44,4,0.9012,0.9429,1.5983,0.932,1.598,0.618,0.976,ptx,msa_notemplate
5v2p,42,0,0.9253,0.9716,1.023,0.971,1.023,0.27,0.958,ptx,msa_notemplate
5v2p,42,1,0.9253,0.9716,1.2918,0.966,1.292,0.296,0.958,ptx,msa_notemplate
5v2p,42,2,0.9253,0.9716,0.9853,0.973,0.985,0.251,0.958,ptx,msa_notemplate
5v2p,42,3,0.9252,0.9715,0.7784,0.968,0.778,0.242,0.938,ptx,msa_notemplate
5v2p,42,4,0.9252,0.9715,0.7173,0.975,0.717,0.253,0.958,ptx,msa_notemplate
5v2p,43,0,0.9246,0.9715,0.9678,0.971,0.968,0.273,0.958,ptx,msa_notemplate
5v2p,43,1,0.9246,0.9715,0.9562,0.97,0.956,0.289,0.958,ptx,msa_notemplate
5v2p,43,2,0.9245,0.9714,1.091,0.971,1.091,0.257,0.958,ptx,msa_notemplate
5v2p,43,3,0.9245,0.9714,0.8191,0.967,0.819,0.253,0.938,ptx,msa_notemplate
5v2p,43,4,0.9243,0.9713,0.8624,0.971,0.862,0.282,0.958,ptx,msa_notemplate
5v2p,44,0,0.9245,0.9714,0.9117,0.974,0.912,0.241,0.958,ptx,msa_notemplate
5v2p,44,1,0.9244,0.9713,0.814,0.974,0.814,0.247,0.958,ptx,msa_notemplate
5v2p,44,2,0.9244,0.9713,0.8929,0.966,0.893,0.255,0.938,ptx,msa_notemplate
5v2p,44,3,0.9244,0.9713,0.9278,0.966,0.928,0.253,0.938,ptx,msa_notemplate
5v2p,44,4,0.9243,0.9713,0.681,0.975,0.681,0.243,0.958,ptx,msa_notemplate
5v3r,42,0,0.8666,0.963,0.5571,0.964,0.557,0.285,0.931,ptx,msa_notemplate
5v3r,42,1,0.8665,0.9629,0.5126,0.965,0.513,0.279,0.931,ptx,msa_notemplate
5v3r,42,2,0.8664,0.9629,0.4708,0.967,0.471,0.254,0.931,ptx,msa_notemplate
5v3r,42,3,0.8665,0.9628,0.5525,0.977,0.553,0.264,0.966,ptx,msa_notemplate
5v3r,42,4,0.866,0.9625,0.5626,0.965,0.563,0.268,0.931,ptx,msa_notemplate
5v3r,43,0,0.8663,0.9626,0.6804,0.972,0.68,0.317,0.966,ptx,msa_notemplate
5v3r,43,1,0.8661,0.9622,0.5467,0.977,0.547,0.26,0.966,ptx,msa_notemplate
5v3r,43,2,0.8659,0.9622,0.5611,0.977,0.561,0.267,0.966,ptx,msa_notemplate
5v3r,43,3,0.8662,0.9622,0.6194,0.963,0.619,0.294,0.931,ptx,msa_notemplate
5v3r,43,4,0.8659,0.9622,0.5959,0.964,0.596,0.279,0.931,ptx,msa_notemplate
5v3r,44,0,0.8658,0.9625,0.9614,0.953,0.961,0.374,0.931,ptx,msa_notemplate
5v3r,44,1,0.8658,0.9624,0.6353,0.963,0.635,0.295,0.931,ptx,msa_notemplate
5v3r,44,2,0.8653,0.9622,0.5355,0.975,0.535,0.291,0.966,ptx,msa_notemplate
5v3r,44,3,0.8653,0.9622,0.5611,0.964,0.561,0.282,0.931,ptx,msa_notemplate
5v3r,44,4,0.8651,0.962,0.8524,0.958,0.852,0.336,0.931,ptx,msa_notemplate
5wfv,42,0,0.9463,0.9822,0.531,0.952,0.531,0.276,0.891,ptx,msa_notemplate
5wfv,42,1,0.9462,0.9822,0.5286,0.958,0.529,0.286,0.913,ptx,msa_notemplate
5wfv,42,2,0.9461,0.9821,0.516,0.945,0.516,0.268,0.87,ptx,msa_notemplate
5wfv,42,3,0.946,0.9819,0.686,0.948,0.686,0.31,0.891,ptx,msa_notemplate
5wfv,42,4,0.946,0.9818,0.7083,0.954,0.708,0.319,0.913,ptx,msa_notemplate
5wfv,43,0,0.9457,0.9823,0.5323,0.95,0.532,0.296,0.891,ptx,msa_notemplate
5wfv,43,1,0.9458,0.9823,0.5741,0.965,0.574,0.281,0.935,ptx,msa_notemplate
5wfv,43,2,0.9458,0.9823,0.5618,0.958,0.562,0.282,0.913,ptx,msa_notemplate
5wfv,43,3,0.9458,0.9823,0.5299,0.951,0.53,0.285,0.891,ptx,msa_notemplate
5wfv,43,4,0.9458,0.9823,0.5829,0.957,0.583,0.292,0.913,ptx,msa_notemplate
5wfv,44,0,0.9479,0.9819,0.5278,0.944,0.528,0.284,0.87,ptx,msa_notemplate
5wfv,44,1,0.9481,0.9819,0.5833,0.942,0.583,0.305,0.87,ptx,msa_notemplate
5wfv,44,2,0.948,0.9819,0.5681,0.949,0.568,0.308,0.891,ptx,msa_notemplate
5wfv,44,3,0.948,0.9819,0.6129,0.935,0.613,0.295,0.848,ptx,msa_notemplate
5wfv,44,4,0.9479,0.9818,0.5953,0.949,0.595,0.304,0.891,ptx,msa_notemplate
5wyi,42,0,0.6596,0.7314,28.7861,0.034,28.786,10.17,0.0,ptx,msa_notemplate
5wyi,42,1,0.6602,0.7289,25.8384,0.041,25.838,9.227,0.0,ptx,msa_notemplate
5wyi,42,2,0.6613,0.7212,25.5335,0.042,25.533,9.046,0.0,ptx,msa_notemplate
5wyi,42,3,0.6558,0.7191,26.0864,0.041,26.086,9.165,0.0,ptx,msa_notemplate
5wyi,42,4,0.5156,0.6355,8.0885,0.289,8.088,3.462,0.185,ptx,msa_notemplate
5wyi,43,0,0.6585,0.7312,27.3554,0.037,27.355,9.705,0.0,ptx,msa_notemplate
5wyi,43,1,0.6601,0.7285,27.2482,0.037,27.248,9.71,0.0,ptx,msa_notemplate
5wyi,43,2,0.6574,0.7265,27.4123,0.037,27.412,9.721,0.0,ptx,msa_notemplate
5wyi,43,3,0.6577,0.722,26.0524,0.04,26.052,9.314,0.0,ptx,msa_notemplate
5wyi,43,4,0.5242,0.6536,4.9388,0.465,4.939,2.427,0.37,ptx,msa_notemplate
5wyi,44,0,0.6393,0.6956,27.0487,0.038,27.049,9.636,0.0,ptx,msa_notemplate
5wyi,44,1,0.6394,0.6882,25.5685,0.042,25.569,9.152,0.0,ptx,msa_notemplate
5wyi,44,2,0.6421,0.6878,24.1647,0.046,24.165,8.648,0.0,ptx,msa_notemplate
5wyi,44,3,0.5148,0.6538,6.8204,0.43,6.82,2.993,0.481,ptx,msa_notemplate
5wyi,44,4,0.513,0.6516,6.8498,0.433,6.85,2.901,0.481,ptx,msa_notemplate
5xhz,42,0,0.9332,0.9295,1.2522,0.885,1.252,0.63,0.825,ptx,msa_notemplate
5xhz,42,1,0.933,0.9295,1.1685,0.887,1.168,0.62,0.825,ptx,msa_notemplate
5xhz,42,2,0.9331,0.9295,1.151,0.904,1.151,0.621,0.875,ptx,msa_notemplate
5xhz,42,3,0.933,0.9292,1.322,0.892,1.322,0.628,0.85,ptx,msa_notemplate
5xhz,42,4,0.9326,0.9289,1.6152,0.877,1.615,0.709,0.85,ptx,msa_notemplate
5xhz,43,0,0.9393,0.932,1.3632,0.891,1.363,0.692,0.875,ptx,msa_notemplate
5xhz,43,1,0.9392,0.932,1.21,0.904,1.21,0.611,0.875,ptx,msa_notemplate
5xhz,43,2,0.939,0.9319,1.2567,0.894,1.257,0.68,0.875,ptx,msa_notemplate
5xhz,43,3,0.939,0.9318,1.1243,0.897,1.124,0.613,0.85,ptx,msa_notemplate
5xhz,43,4,0.9393,0.9318,1.2474,0.885,1.247,0.628,0.825,ptx,msa_notemplate
5xhz,44,0,0.9298,0.9277,1.0581,0.891,1.058,0.662,0.85,ptx,msa_notemplate
5xhz,44,1,0.9298,0.9277,0.9682,0.898,0.968,0.614,0.85,ptx,msa_notemplate
5xhz,44,2,0.93,0.9277,0.924,0.898,0.924,0.615,0.85,ptx,msa_notemplate
5xhz,44,3,0.9298,0.9276,1.0099,0.893,1.01,0.649,0.85,ptx,msa_notemplate
5xhz,44,4,0.9298,0.9274,0.9322,0.898,0.932,0.612,0.85,ptx,msa_notemplate
5xxq,42,0,0.8788,0.9806,0.5621,0.978,0.562,0.382,1.0,ptx,msa_notemplate
5xxq,42,1,0.8794,0.9805,0.6061,0.973,0.606,0.354,0.976,ptx,msa_notemplate
5xxq,42,2,0.8794,0.9805,0.6409,0.964,0.641,0.435,0.976,ptx,msa_notemplate
5xxq,42,3,0.8792,0.9804,0.957,0.94,0.957,0.407,0.902,ptx,msa_notemplate
5xxq,42,4,0.8785,0.9803,0.7687,0.963,0.769,0.435,0.976,ptx,msa_notemplate
5xxq,43,0,0.8845,0.9811,0.7701,0.965,0.77,0.338,0.951,ptx,msa_notemplate
5xxq,43,1,0.8845,0.981,0.8745,0.956,0.874,0.417,0.951,ptx,msa_notemplate
5xxq,43,2,0.884,0.981,0.8277,0.969,0.828,0.372,0.976,ptx,msa_notemplate
5xxq,43,3,0.884,0.981,0.8272,0.959,0.827,0.399,0.951,ptx,msa_notemplate
5xxq,43,4,0.8839,0.9809,0.807,0.963,0.807,0.353,0.951,ptx,msa_notemplate
5xxq,44,0,0.8833,0.9808,0.6755,0.968,0.675,0.311,0.951,ptx,msa_notemplate
5xxq,44,1,0.8833,0.9808,0.6954,0.969,0.695,0.387,0.976,ptx,msa_notemplate
5xxq,44,2,0.8823,0.9808,0.8826,0.964,0.883,0.422,0.976,ptx,msa_notemplate
5xxq,44,3,0.8826,0.9808,0.7836,0.966,0.784,0.404,0.976,ptx,msa_notemplate
5xxq,44,4,0.882,0.9807,0.9576,0.946,0.958,0.432,0.927,ptx,msa_notemplate
5yay,42,0,0.8687,0.9413,1.0122,0.919,1.012,0.452,0.855,ptx,msa_notemplate
5yay,42,1,0.8685,0.9406,0.7795,0.946,0.78,0.371,0.903,ptx,msa_notemplate
5yay,42,2,0.8681,0.9403,0.9869,0.937,0.987,0.436,0.903,ptx,msa_notemplate
5yay,42,3,0.8662,0.94,1.0129,0.925,1.013,0.444,0.871,ptx,msa_notemplate
5yay,42,4,0.8628,0.9355,3.0499,0.724,3.05,1.166,0.661,ptx,msa_notemplate
5yay,43,0,0.8701,0.9425,1.1365,0.925,1.136,0.485,0.887,ptx,msa_notemplate
5yay,43,1,0.8688,0.9408,1.1511,0.899,1.151,0.519,0.823,ptx,msa_notemplate
5yay,43,2,0.8642,0.9393,2.6402,0.756,2.64,1.03,0.677,ptx,msa_notemplate
5yay,43,3,0.8684,0.9393,3.6007,0.689,3.601,1.376,0.677,ptx,msa_notemplate
5yay,43,4,0.8688,0.9387,3.4647,0.71,3.465,1.319,0.71,ptx,msa_notemplate
5yay,44,0,0.8705,0.9426,1.0608,0.918,1.061,0.501,0.871,ptx,msa_notemplate
5yay,44,1,0.8699,0.9423,1.0308,0.928,1.031,0.468,0.887,ptx,msa_notemplate
5yay,44,2,0.8691,0.9421,1.1348,0.914,1.135,0.53,0.871,ptx,msa_notemplate
5yay,44,3,0.8675,0.9388,3.3798,0.697,3.38,1.311,0.661,ptx,msa_notemplate
5yay,44,4,0.8666,0.9379,2.8996,0.739,2.9,1.115,0.677,ptx,msa_notemplate
6b27,42,0,0.9549,0.9655,0.7818,0.965,0.782,0.394,0.968,ptx,msa_notemplate
6b27,42,1,0.955,0.9654,0.9062,0.952,0.906,0.402,0.935,ptx,msa_notemplate
6b27,42,2,0.9547,0.9652,0.7756,0.966,0.776,0.386,0.968,ptx,msa_notemplate
6b27,42,3,0.9547,0.9652,0.7881,0.944,0.788,0.386,0.903,ptx,msa_notemplate
6b27,42,4,0.9546,0.9651,0.7524,0.944,0.752,0.388,0.903,ptx,msa_notemplate
6b27,43,0,0.9544,0.9652,0.7578,0.955,0.758,0.383,0.935,ptx,msa_notemplate
6b27,43,1,0.9544,0.9652,0.7929,0.955,0.793,0.387,0.935,ptx,msa_notemplate
6b27,43,2,0.9546,0.9653,0.8413,0.962,0.841,0.421,0.968,ptx,msa_notemplate
6b27,43,3,0.9544,0.9652,0.9125,0.959,0.913,0.444,0.968,ptx,msa_notemplate
6b27,43,4,0.9543,0.9651,0.9534,0.938,0.953,0.437,0.903,ptx,msa_notemplate
6b27,44,0,0.9542,0.9652,0.9262,0.953,0.926,0.394,0.935,ptx,msa_notemplate
6b27,44,1,0.9542,0.9652,0.9262,0.951,0.926,0.419,0.935,ptx,msa_notemplate
6b27,44,2,0.9542,0.9651,0.7727,0.946,0.773,0.366,0.903,ptx,msa_notemplate
6b27,44,3,0.9543,0.9652,1.0932,0.956,1.093,0.455,0.968,ptx,msa_notemplate
6b27,44,4,0.9542,0.9652,0.8544,0.942,0.854,0.402,0.903,ptx,msa_notemplate
6co4,42,0,0.9306,0.9472,2.1253,0.828,2.125,1.207,0.936,ptx,msa_notemplate
6co4,42,1,0.9304,0.947,2.0634,0.816,2.063,1.201,0.894,ptx,msa_notemplate
6co4,42,2,0.9305,0.9467,2.0481,0.831,2.048,1.197,0.936,ptx,msa_notemplate
6co4,42,3,0.9307,0.9467,2.0974,0.803,2.097,1.298,0.894,ptx,msa_notemplate
6co4,42,4,0.9307,0.9466,2.0149,0.807,2.015,1.277,0.894,ptx,msa_notemplate
6co4,43,0,0.9309,0.9468,2.1797,0.818,2.18,1.223,0.915,ptx,msa_notemplate
6co4,43,1,0.9309,0.9467,1.9679,0.838,1.968,1.151,0.936,ptx,msa_notemplate
6co4,43,2,0.9309,0.9465,1.9231,0.851,1.923,1.115,0.957,ptx,msa_notemplate
6co4,43,3,0.9309,0.9464,2.1491,0.829,2.149,1.198,0.936,ptx,msa_notemplate
6co4,43,4,0.9308,0.9463,1.9477,0.841,1.948,1.13,0.936,ptx,msa_notemplate
6co4,44,0,0.9249,0.944,1.8217,0.847,1.822,1.102,0.936,ptx,msa_notemplate
6co4,44,1,0.9249,0.9439,2.1161,0.831,2.116,1.183,0.936,ptx,msa_notemplate
6co4,44,2,0.9247,0.9435,1.8719,0.823,1.872,1.172,0.894,ptx,msa_notemplate
6co4,44,3,0.9247,0.9433,1.9607,0.817,1.961,1.205,0.894,ptx,msa_notemplate
6co4,44,4,0.9248,0.9433,2.0713,0.821,2.071,1.216,0.915,ptx,msa_notemplate
6dei,42,0,0.6674,0.6054,30.9826,0.028,30.983,12.455,0.0,ptx,msa_notemplate
6dei,42,1,0.6673,0.603,30.9031,0.028,30.903,12.465,0.0,ptx,msa_notemplate
6dei,42,2,0.6657,0.603,30.6038,0.029,30.604,12.325,0.0,ptx,msa_notemplate
6dei,42,3,0.6634,0.5986,30.7615,0.029,30.761,12.316,0.0,ptx,msa_notemplate
6dei,42,4,0.6654,0.5876,32.0996,0.026,32.1,12.895,0.0,ptx,msa_notemplate
6dei,43,0,0.7114,0.6732,30.9782,0.028,30.978,12.54,0.0,ptx,msa_notemplate
6dei,43,1,0.7112,0.671,30.6266,0.029,30.627,12.347,0.0,ptx,msa_notemplate
6dei,43,2,0.7077,0.6606,31.5936,0.027,31.594,12.691,0.0,ptx,msa_notemplate
6dei,43,3,0.7022,0.6606,28.8312,0.032,28.831,11.466,0.0,ptx,msa_notemplate
6dei,43,4,0.7059,0.6433,33.6362,0.024,33.636,13.741,0.0,ptx,msa_notemplate
6dei,44,0,0.881,0.9184,2.1334,0.743,2.133,1.71,0.854,ptx,msa_notemplate
6dei,44,1,0.8803,0.9179,1.7964,0.774,1.796,1.598,0.896,ptx,msa_notemplate
6dei,44,2,0.8796,0.9178,1.2001,0.804,1.2,1.392,0.896,ptx,msa_notemplate
6dei,44,3,0.8801,0.9177,1.7912,0.784,1.791,1.507,0.896,ptx,msa_notemplate
6dei,44,4,0.8798,0.9177,1.2929,0.802,1.293,1.346,0.875,ptx,msa_notemplate
6e5x,42,0,0.936,0.933,3.0625,0.811,3.062,1.286,0.971,ptx,msa_notemplate
6e5x,42,1,0.9361,0.9315,2.7008,0.839,2.701,1.129,0.971,ptx,msa_notemplate
6e5x,42,2,0.9356,0.9315,1.7724,0.905,1.772,0.783,0.971,ptx,msa_notemplate
6e5x,42,3,0.936,0.9313,2.2393,0.871,2.239,0.969,0.971,ptx,msa_notemplate
6e5x,42,4,0.935,0.9302,0.9891,0.974,0.989,0.398,1.0,ptx,msa_notemplate
6e5x,43,0,0.9134,0.9086,2.7958,0.82,2.796,1.115,0.914,ptx,msa_notemplate
6e5x,43,1,0.9136,0.9085,2.9071,0.813,2.907,1.148,0.914,ptx,msa_notemplate
6e5x,43,2,0.9134,0.9084,2.9085,0.82,2.908,1.101,0.914,ptx,msa_notemplate
6e5x,43,3,0.9119,0.9078,0.8688,0.97,0.869,0.347,0.971,ptx,msa_notemplate
6e5x,43,4,0.9123,0.9077,1.5426,0.921,1.543,0.628,0.943,ptx,msa_notemplate
6e5x,44,0,0.9299,0.9241,3.0757,0.812,3.076,1.275,0.971,ptx,msa_notemplate
6e5x,44,1,0.9304,0.9231,2.8758,0.823,2.876,1.224,0.971,ptx,msa_notemplate
6e5x,44,2,0.9304,0.9226,2.7717,0.83,2.772,1.187,0.971,ptx,msa_notemplate
6e5x,44,3,0.9296,0.9224,1.8821,0.904,1.882,0.783,0.971,ptx,msa_notemplate
6e5x,44,4,0.9307,0.9223,2.6513,0.84,2.651,1.13,0.971,ptx,msa_notemplate
6ej7,42,0,0.8759,0.9802,1.4019,0.927,1.402,0.559,0.929,ptx,msa_notemplate
6ej7,42,1,0.876,0.9801,1.0911,0.943,1.091,0.455,0.929,ptx,msa_notemplate
6ej7,42,2,0.8759,0.9801,1.565,0.922,1.565,0.583,0.929,ptx,msa_notemplate
6ej7,42,3,0.8757,0.9801,1.347,0.934,1.347,0.508,0.929,ptx,msa_notemplate
6ej7,42,4,0.8757,0.98,1.1736,0.938,1.174,0.484,0.929,ptx,msa_notemplate
6ej7,43,0,0.6759,0.9183,4.0326,0.674,4.033,1.322,0.643,ptx,msa_notemplate
6ej7,43,1,0.6747,0.9178,3.6579,0.699,3.658,1.241,0.661,ptx,msa_notemplate
6ej7,43,2,0.6718,0.917,3.6707,0.712,3.671,1.234,0.696,ptx,msa_notemplate
6ej7,43,3,0.672,0.9167,3.6996,0.706,3.7,1.273,0.696,ptx,msa_notemplate
6ej7,43,4,0.677,0.9163,1.8925,0.886,1.892,0.72,0.893,ptx,msa_notemplate
6ej7,44,0,0.6757,0.9184,3.9133,0.673,3.913,1.309,0.625,ptx,msa_notemplate
6ej7,44,1,0.6771,0.9184,3.7478,0.703,3.748,1.24,0.679,ptx,msa_notemplate
6ej7,44,2,0.675,0.9182,3.9315,0.685,3.931,1.298,0.661,ptx,msa_notemplate
6ej7,44,3,0.6744,0.9156,2.0128,0.863,2.013,0.741,0.839,ptx,msa_notemplate
6ej7,44,4,0.6813,0.9148,3.5162,0.699,3.516,1.177,0.625,ptx,msa_notemplate
6f0w,42,0,0.9111,0.9687,0.5842,0.923,0.584,0.721,0.961,ptx,msa_notemplate
6f0w,42,1,0.911,0.9686,0.6183,0.918,0.618,0.751,0.961,ptx,msa_notemplate
6f0w,42,2,0.911,0.9687,0.6378,0.907,0.638,0.889,0.987,ptx,msa_notemplate
6f0w,42,3,0.9111,0.9686,0.6783,0.911,0.678,0.831,0.974,ptx,msa_notemplate
6f0w,42,4,0.9107,0.9685,0.589,0.926,0.589,0.73,0.974,ptx,msa_notemplate
6f0w,43,0,0.9057,0.9652,0.5195,0.934,0.519,0.641,0.961,ptx,msa_notemplate
6f0w,43,1,0.9058,0.9651,0.7002,0.958,0.7,0.481,0.974,ptx,msa_notemplate
6f0w,43,2,0.9057,0.9652,0.579,0.921,0.579,0.764,0.974,ptx,msa_notemplate
6f0w,43,3,0.9054,0.965,0.6363,0.924,0.636,0.68,0.947,ptx,msa_notemplate
6f0w,43,4,0.9055,0.9651,0.5861,0.919,0.586,0.78,0.974,ptx,msa_notemplate
6f0w,44,0,0.9069,0.9653,0.7815,0.91,0.782,0.859,0.987,ptx,msa_notemplate
6f0w,44,1,0.907,0.9653,0.5801,0.94,0.58,0.659,0.987,ptx,msa_notemplate
6f0w,44,2,0.907,0.9653,0.7632,0.932,0.763,0.676,0.974,ptx,msa_notemplate
6f0w,44,3,0.907,0.9653,0.7636,0.954,0.764,0.507,0.974,ptx,msa_notemplate
6f0w,44,4,0.9068,0.9652,0.682,0.936,0.682,0.65,0.974,ptx,msa_notemplate
6f0y,42,0,0.8531,0.9203,8.5961,0.481,8.596,3.856,0.818,ptx,msa_notemplate
6f0y,42,1,0.8566,0.9151,7.8763,0.505,7.876,3.794,0.841,ptx,msa_notemplate
6f0y,42,2,0.8572,0.9133,7.281,0.522,7.281,3.286,0.818,ptx,msa_notemplate
6f0y,42,3,0.8573,0.9128,7.075,0.521,7.075,3.23,0.795,ptx,msa_notemplate
6f0y,42,4,0.8571,0.9103,8.3367,0.479,8.337,3.872,0.795,ptx,msa_notemplate
6f0y,43,0,0.8527,0.9214,8.5409,0.488,8.541,3.933,0.841,ptx,msa_notemplate
6f0y,43,1,0.8542,0.9163,8.0942,0.495,8.094,3.671,0.818,ptx,msa_notemplate
6f0y,43,2,0.8552,0.9141,7.7994,0.505,7.799,3.514,0.818,ptx,msa_notemplate
6f0y,43,3,0.8562,0.9119,9.1187,0.458,9.119,4.178,0.795,ptx,msa_notemplate
6f0y,43,4,0.8561,0.9118,8.5781,0.461,8.578,4.153,0.773,ptx,msa_notemplate
6f0y,44,0,0.8524,0.9174,8.3315,0.492,8.332,3.954,0.841,ptx,msa_notemplate
6f0y,44,1,0.852,0.9171,8.0198,0.499,8.02,3.586,0.818,ptx,msa_notemplate
6f0y,44,2,0.8523,0.9164,8.3212,0.487,8.321,3.829,0.818,ptx,msa_notemplate
6f0y,44,3,0.8528,0.9159,8.2761,0.48,8.276,3.84,0.795,ptx,msa_notemplate
6f0y,44,4,0.8553,0.9138,7.7722,0.499,7.772,3.489,0.795,ptx,msa_notemplate
6f4s,42,0,0.7337,0.9249,3.0851,0.844,3.085,0.801,0.871,ptx,msa_notemplate
6f4s,42,1,0.7338,0.9247,2.5089,0.866,2.509,0.653,0.839,ptx,msa_notemplate
6f4s,42,2,0.7288,0.924,1.3058,0.961,1.306,0.387,0.968,ptx,msa_notemplate
6f4s,42,3,0.7291,0.9232,2.4221,0.882,2.422,0.628,0.871,ptx,msa_notemplate
6f4s,42,4,0.7247,0.9227,1.6425,0.926,1.642,0.471,0.903,ptx,msa_notemplate
6f4s,43,0,0.7351,0.9257,2.5633,0.851,2.563,0.678,0.806,ptx,msa_notemplate
6f4s,43,1,0.7312,0.9231,1.9083,0.903,1.908,0.539,0.871,ptx,msa_notemplate
6f4s,43,2,0.73,0.9229,2.3018,0.897,2.302,0.612,0.903,ptx,msa_notemplate
6f4s,43,3,0.7286,0.9223,2.4994,0.886,2.499,0.671,0.903,ptx,msa_notemplate
6f4s,43,4,0.7272,0.9213,1.8023,0.896,1.802,0.522,0.839,ptx,msa_notemplate
6f4s,44,0,0.7481,0.9264,1.7182,0.924,1.718,0.479,0.903,ptx,msa_notemplate
6f4s,44,1,0.7419,0.9261,2.1513,0.894,2.151,0.58,0.871,ptx,msa_notemplate
6f4s,44,2,0.7416,0.9257,1.2283,0.942,1.228,0.37,0.903,ptx,msa_notemplate
6f4s,44,3,0.7452,0.925,2.3998,0.893,2.4,0.631,0.903,ptx,msa_notemplate
6f4s,44,4,0.7415,0.9243,2.2043,0.903,2.204,0.583,0.903,ptx,msa_notemplate
6f6d,42,0,0.9021,0.964,1.1155,0.894,1.116,0.824,0.931,ptx,msa_notemplate
6f6d,42,1,0.9016,0.9637,1.0175,0.879,1.018,0.909,0.92,ptx,msa_notemplate
6f6d,42,2,0.9014,0.9637,1.0518,0.912,1.052,0.733,0.943,ptx,msa_notemplate
6f6d,42,3,0.9015,0.9637,1.0175,0.869,1.018,0.927,0.897,ptx,msa_notemplate
6f6d,42,4,0.9013,0.9636,1.0328,0.903,1.033,0.714,0.908,ptx,msa_notemplate
6f6d,43,0,0.9026,0.9644,1.0591,0.914,1.059,0.686,0.931,ptx,msa_notemplate
6f6d,43,1,0.9025,0.9644,1.0574,0.895,1.057,0.796,0.92,ptx,msa_notemplate
6f6d,43,2,0.902,0.9643,0.8697,0.866,0.87,0.951,0.897,ptx,msa_notemplate
6f6d,43,3,0.9026,0.9643,0.9261,0.902,0.926,0.727,0.908,ptx,msa_notemplate
6f6d,43,4,0.9023,0.9642,1.0379,0.888,1.038,0.847,0.92,ptx,msa_notemplate
6f6d,44,0,0.8996,0.9622,0.9323,0.901,0.932,0.737,0.908,ptx,msa_notemplate
6f6d,44,1,0.8993,0.9622,1.0901,0.892,1.09,0.865,0.943,ptx,msa_notemplate
6f6d,44,2,0.8997,0.9622,0.9323,0.913,0.932,0.703,0.931,ptx,msa_notemplate
6f6d,44,3,0.8991,0.9618,0.9312,0.895,0.931,0.8,0.92,ptx,msa_notemplate
6f6d,44,4,0.8986,0.9617,1.0389,0.891,1.039,0.822,0.92,ptx,msa_notemplate
6fbk,42,0,0.9441,0.9443,1.2561,0.869,1.256,1.023,0.947,ptx,msa_notemplate
6fbk,42,1,0.944,0.9441,1.2086,0.884,1.209,0.923,0.947,ptx,msa_notemplate
6fbk,42,2,0.9441,0.9441,1.2298,0.861,1.23,1.084,0.947,ptx,msa_notemplate
6fbk,42,3,0.944,0.9441,1.2034,0.883,1.203,0.93,0.947,ptx,msa_notemplate
6fbk,42,4,0.9433,0.9438,2.1184,0.823,2.118,1.275,0.947,ptx,msa_notemplate
6fbk,43,0,0.9319,0.9364,1.3686,0.847,1.369,1.05,0.895,ptx,msa_notemplate
6fbk,43,1,0.9319,0.9363,1.2409,0.855,1.241,1.002,0.895,ptx,msa_notemplate
6fbk,43,2,0.9318,0.9363,1.1461,0.849,1.146,0.991,0.868,ptx,msa_notemplate
6fbk,43,3,0.9318,0.9362,1.0985,0.874,1.098,0.939,0.921,ptx,msa_notemplate
6fbk,43,4,0.932,0.9362,1.12,0.862,1.12,1.022,0.921,ptx,msa_notemplate
6fbk,44,0,0.9444,0.9443,1.2524,0.876,1.252,0.975,0.947,ptx,msa_notemplate
6fbk,44,1,0.9442,0.9443,1.1747,0.881,1.175,0.945,0.947,ptx,msa_notemplate
6fbk,44,2,0.9441,0.9442,1.1496,0.882,1.15,0.94,0.947,ptx,msa_notemplate
6fbk,44,3,0.9444,0.9442,1.1556,0.873,1.156,1.009,0.947,ptx,msa_notemplate
6fbk,44,4,0.9443,0.9442,1.0774,0.883,1.077,0.942,0.947,ptx,msa_notemplate
6g5g,42,0,0.8415,0.9785,45.1748,0.606,45.175,0.541,0.898,ptx,msa_notemplate
6g5g,42,1,0.8411,0.9784,45.5229,0.585,45.523,0.645,0.878,ptx,msa_notemplate
6g5g,42,2,0.8407,0.9786,17.0692,0.662,17.069,0.579,0.918,ptx,msa_notemplate
6g5g,42,3,0.8403,0.9784,13.2245,0.677,13.225,0.551,0.857,ptx,msa_notemplate
6g5g,42,4,0.8407,0.9785,35.3474,0.604,35.347,0.608,0.898,ptx,msa_notemplate
6g5g,43,0,0.8195,0.9746,5.8555,0.729,5.855,1.099,0.857,ptx,msa_notemplate
6g5g,43,1,0.8197,0.9745,11.1198,0.631,11.12,1.061,0.857,ptx,msa_notemplate
6g5g,43,2,0.8189,0.9745,9.0451,0.629,9.045,1.325,0.857,ptx,msa_notemplate
6g5g,43,3,0.8201,0.9747,11.8572,0.637,11.857,1.044,0.898,ptx,msa_notemplate
6g5g,43,4,0.8196,0.9746,9.1038,0.671,9.104,1.056,0.878,ptx,msa_notemplate
6g5g,44,0,0.8276,0.9772,16.8811,0.643,16.881,0.584,0.857,ptx,msa_notemplate
6g5g,44,1,0.8261,0.9772,16.3411,0.492,16.341,1.743,0.837,ptx,msa_notemplate
6g5g,44,2,0.8272,0.9771,15.2183,0.659,15.218,0.546,0.857,ptx,msa_notemplate
6g5g,44,3,0.8268,0.9772,6.2585,0.797,6.258,0.543,0.857,ptx,msa_notemplate
6g5g,44,4,0.8268,0.9769,16.6932,0.64,16.693,0.614,0.857,ptx,msa_notemplate
6h7b,42,0,0.9439,0.9573,1.1426,0.949,1.143,0.532,0.977,ptx,msa_notemplate
6h7b,42,1,0.9435,0.9568,1.1457,0.949,1.146,0.534,0.977,ptx,msa_notemplate
6h7b,42,2,0.9433,0.9566,1.0445,0.944,1.045,0.516,0.953,ptx,msa_notemplate
6h7b,42,3,0.9433,0.9565,1.1129,0.939,1.113,0.551,0.953,ptx,msa_notemplate
6h7b,42,4,0.9432,0.9564,1.1661,0.946,1.166,0.553,0.977,ptx,msa_notemplate
6h7b,43,0,0.9449,0.958,1.1914,0.944,1.191,0.569,0.977,ptx,msa_notemplate
6h7b,43,1,0.9441,0.9571,1.2074,0.942,1.207,0.583,0.977,ptx,msa_notemplate
6h7b,43,2,0.944,0.957,1.0755,0.949,1.075,0.542,0.977,ptx,msa_notemplate
6h7b,43,3,0.9442,0.957,1.0784,0.951,1.078,0.519,0.977,ptx,msa_notemplate
6h7b,43,4,0.944,0.9568,1.0453,0.947,1.045,0.557,0.977,ptx,msa_notemplate
6h7b,44,0,0.9436,0.9565,1.112,0.953,1.112,0.505,0.977,ptx,msa_notemplate
6h7b,44,1,0.9434,0.9564,1.0385,0.954,1.038,0.503,0.977,ptx,msa_notemplate
6h7b,44,2,0.9433,0.9562,1.0564,0.951,1.056,0.523,0.977,ptx,msa_notemplate
6h7b,44,3,0.9433,0.9562,1.2149,0.952,1.215,0.568,1.0,ptx,msa_notemplate
6h7b,44,4,0.9433,0.9561,1.0282,0.953,1.028,0.512,0.977,ptx,msa_notemplate
