complex,seed,id,pep_plddt,iptm,scRMSD,dockq_score,lrmsd,irmsd,fnat,model,method
1a0n,42,0,0.8704,0.8295,4.8114,0.65,4.811,1.804,0.783,ptx,nomsa_template
1a0n,42,1,0.8699,0.8271,5.066,0.637,5.066,1.875,0.783,ptx,nomsa_template
1a0n,42,2,0.8715,0.8255,4.2702,0.678,4.27,1.649,0.783,ptx,nomsa_template
1a0n,42,3,0.8713,0.8254,4.4409,0.679,4.441,1.739,0.826,ptx,nomsa_template
1a0n,42,4,0.8738,0.8217,2.9164,0.733,2.916,1.436,0.783,ptx,nomsa_template
1a0n,43,0,0.8697,0.8276,4.2475,0.679,4.248,1.641,0.783,ptx,nomsa_template
1a0n,43,1,0.8676,0.8267,4.6955,0.657,4.696,1.758,0.783,ptx,nomsa_template
1a0n,43,2,0.8701,0.8225,3.6944,0.71,3.694,1.483,0.783,ptx,nomsa_template
1a0n,43,3,0.8699,0.8213,3.9516,0.699,3.952,1.522,0.783,ptx,nomsa_template
1a0n,43,4,0.8683,0.8196,4.5182,0.665,4.518,1.721,0.783,ptx,nomsa_template
1a0n,44,0,0.8702,0.8298,5.3852,0.616,5.385,2.04,0.783,ptx,nomsa_template
1a0n,44,1,0.8712,0.8273,4.8805,0.641,4.88,1.884,0.783,ptx,nomsa_template
1a0n,44,2,0.8724,0.8222,3.5125,0.715,3.512,1.48,0.783,ptx,nomsa_template
1a0n,44,3,0.8726,0.8214,4.3142,0.668,4.314,1.736,0.783,ptx,nomsa_template
1a0n,44,4,0.8734,0.8211,4.2387,0.675,4.239,1.688,0.783,ptx,nomsa_template
1cqg,42,0,0.8027,0.8437,16.9256,0.15,16.926,7.886,0.214,ptx,nomsa_template
1cqg,42,1,0.7961,0.8311,16.729,0.175,16.729,7.862,0.286,ptx,nomsa_template
1cqg,42,2,0.7961,0.831,15.4144,0.163,15.414,7.188,0.214,ptx,nomsa_template
1cqg,42,3,0.7921,0.8228,15.5474,0.198,15.547,7.037,0.321,ptx,nomsa_template
1cqg,42,4,0.7931,0.8187,16.6906,0.176,16.691,7.787,0.286,ptx,nomsa_template
1cqg,43,0,0.8038,0.8422,18.5212,0.139,18.521,8.733,0.214,ptx,nomsa_template
1cqg,43,1,0.8005,0.8402,16.2785,0.167,16.279,7.725,0.25,ptx,nomsa_template
1cqg,43,2,0.8043,0.8398,18.1835,0.141,18.183,8.584,0.214,ptx,nomsa_template
1cqg,43,3,0.8042,0.8388,18.5801,0.139,18.58,8.714,0.214,ptx,nomsa_template
1cqg,43,4,0.7933,0.8239,14.6754,0.171,14.675,6.674,0.214,ptx,nomsa_template
1cqg,44,0,0.8049,0.8429,17.909,0.155,17.909,8.383,0.25,ptx,nomsa_template
1cqg,44,1,0.7984,0.8428,16.9964,0.162,16.996,7.915,0.25,ptx,nomsa_template
1cqg,44,2,0.8018,0.8364,18.1193,0.142,18.119,8.542,0.214,ptx,nomsa_template
1cqg,44,3,0.7962,0.8353,15.0262,0.192,15.026,6.683,0.286,ptx,nomsa_template
1cqg,44,4,0.7922,0.8292,14.2341,0.177,14.234,6.249,0.214,ptx,nomsa_template
1czy,42,0,0.8469,0.9395,0.5876,0.945,0.588,0.333,0.886,ptx,nomsa_template
1czy,42,1,0.8457,0.9389,1.2659,0.929,1.266,0.432,0.886,ptx,nomsa_template
1czy,42,2,0.8456,0.9387,1.3746,0.892,1.375,0.543,0.818,ptx,nomsa_template
1czy,42,3,0.8457,0.9384,0.9691,0.928,0.969,0.406,0.864,ptx,nomsa_template
1czy,42,4,0.8445,0.9376,1.0898,0.933,1.09,0.415,0.886,ptx,nomsa_template
1czy,43,0,0.8625,0.9449,0.7384,0.944,0.738,0.338,0.886,ptx,nomsa_template
1czy,43,1,0.8624,0.9449,0.6873,0.962,0.687,0.309,0.932,ptx,nomsa_template
1czy,43,2,0.8618,0.9444,0.5318,0.954,0.532,0.322,0.909,ptx,nomsa_template
1czy,43,3,0.8604,0.9442,3.3498,0.896,3.35,0.393,0.886,ptx,nomsa_template
1czy,43,4,0.8595,0.9435,3.2843,0.889,3.284,0.398,0.864,ptx,nomsa_template
1czy,44,0,0.861,0.9441,0.9863,0.946,0.986,0.371,0.909,ptx,nomsa_template
1czy,44,1,0.8601,0.9436,1.0812,0.936,1.081,0.39,0.886,ptx,nomsa_template
1czy,44,2,0.8582,0.9434,3.2209,0.892,3.221,0.458,0.886,ptx,nomsa_template
1czy,44,3,0.8602,0.9435,0.9442,0.921,0.944,0.398,0.841,ptx,nomsa_template
1czy,44,4,0.858,0.9425,1.397,0.903,1.397,0.513,0.841,ptx,nomsa_template
1ddv,42,0,0.8578,0.8905,0.6354,0.966,0.635,0.279,0.938,ptx,nomsa_template
1ddv,42,1,0.8583,0.8905,0.4739,0.99,0.474,0.252,1.0,ptx,nomsa_template
1ddv,42,2,0.8569,0.8894,0.6079,0.987,0.608,0.277,1.0,ptx,nomsa_template
1ddv,42,3,0.8568,0.8893,0.597,0.987,0.597,0.283,1.0,ptx,nomsa_template
1ddv,42,4,0.8567,0.8882,0.4931,0.99,0.493,0.254,1.0,ptx,nomsa_template
1ddv,43,0,0.8771,0.9074,0.7167,0.985,0.717,0.298,1.0,ptx,nomsa_template
1ddv,43,1,0.8762,0.9073,0.6896,0.987,0.69,0.281,1.0,ptx,nomsa_template
1ddv,43,2,0.8768,0.9073,0.6758,0.986,0.676,0.289,1.0,ptx,nomsa_template
1ddv,43,3,0.8758,0.9062,0.4881,0.99,0.488,0.255,1.0,ptx,nomsa_template
1ddv,43,4,0.8757,0.906,0.2873,0.993,0.287,0.218,1.0,ptx,nomsa_template
1ddv,44,0,0.8529,0.8863,0.5258,0.99,0.526,0.245,1.0,ptx,nomsa_template
1ddv,44,1,0.8529,0.8861,0.5385,0.989,0.538,0.254,1.0,ptx,nomsa_template
1ddv,44,2,0.8524,0.8852,0.755,0.982,0.755,0.329,1.0,ptx,nomsa_template
1ddv,44,3,0.8524,0.8849,0.7536,0.983,0.754,0.319,1.0,ptx,nomsa_template
1ddv,44,4,0.8528,0.8846,0.4928,0.991,0.493,0.234,1.0,ptx,nomsa_template
1eg4,42,0,0.6193,0.8017,31.971,0.221,31.971,26.498,0.594,ptx,nomsa_template
1eg4,42,1,0.6002,0.7907,31.6172,0.222,31.617,24.949,0.594,ptx,nomsa_template
1eg4,42,2,0.5946,0.793,37.4641,0.226,37.464,29.49,0.625,ptx,nomsa_template
1eg4,42,3,0.5844,0.7833,36.8942,0.216,36.894,26.788,0.594,ptx,nomsa_template
1eg4,42,4,0.5857,0.783,36.5821,0.216,36.582,28.46,0.594,ptx,nomsa_template
1eg4,43,0,0.5923,0.7939,30.0788,0.213,30.079,24.078,0.562,ptx,nomsa_template
1eg4,43,1,0.5418,0.7547,14.2123,0.279,14.212,14.937,0.562,ptx,nomsa_template
1eg4,43,2,0.5403,0.7542,16.1893,0.263,16.189,14.856,0.562,ptx,nomsa_template
1eg4,43,3,0.5369,0.7514,14.1687,0.28,14.169,13.96,0.562,ptx,nomsa_template
1eg4,43,4,0.5377,0.7506,11.7497,0.309,11.75,10.166,0.562,ptx,nomsa_template
1eg4,44,0,0.6257,0.8037,8.3986,0.385,8.399,9.352,0.625,ptx,nomsa_template
1eg4,44,1,0.6246,0.8027,6.47,0.439,6.47,9.064,0.656,ptx,nomsa_template
1eg4,44,2,0.6173,0.8012,15.6471,0.291,15.647,10.649,0.625,ptx,nomsa_template
1eg4,44,3,0.6238,0.7997,11.7779,0.332,11.778,8.526,0.625,ptx,nomsa_template
1eg4,44,4,0.6091,0.7911,5.8388,0.446,5.839,8.225,0.625,ptx,nomsa_template
1f47,42,0,0.9035,0.9329,0.7309,0.967,0.731,0.377,0.969,ptx,nomsa_template
1f47,42,1,0.9035,0.9329,0.6404,0.966,0.64,0.397,0.969,ptx,nomsa_template
1f47,42,2,0.9035,0.9328,0.7193,0.943,0.719,0.414,0.906,ptx,nomsa_template
1f47,42,3,0.9032,0.932,0.8659,0.956,0.866,0.47,0.969,ptx,nomsa_template
1f47,42,4,0.9032,0.9317,1.0204,0.95,1.02,0.51,0.969,ptx,nomsa_template
1f47,43,0,0.9032,0.9328,0.6443,0.967,0.644,0.385,0.969,ptx,nomsa_template
1f47,43,1,0.9034,0.9325,0.8258,0.963,0.826,0.41,0.969,ptx,nomsa_template
1f47,43,2,0.9031,0.9322,1.1371,0.951,1.137,0.577,1.0,ptx,nomsa_template
1f47,43,3,0.9032,0.932,0.9917,0.954,0.992,0.485,0.969,ptx,nomsa_template
1f47,43,4,0.9031,0.9317,0.7854,0.963,0.785,0.417,0.969,ptx,nomsa_template
1f47,44,0,0.9036,0.9325,1.0055,0.953,1.006,0.485,0.969,ptx,nomsa_template
1f47,44,1,0.9036,0.9324,1.0431,0.949,1.043,0.517,0.969,ptx,nomsa_template
1f47,44,2,0.9036,0.9323,1.0314,0.955,1.031,0.469,0.969,ptx,nomsa_template
1f47,44,3,0.9035,0.9322,0.691,0.946,0.691,0.385,0.906,ptx,nomsa_template
1f47,44,4,0.9035,0.9322,0.8239,0.96,0.824,0.444,0.969,ptx,nomsa_template
1f8h,42,0,0.9111,0.9394,2.2469,0.74,2.247,1.139,0.652,ptx,nomsa_template
1f8h,42,1,0.9112,0.9392,2.307,0.768,2.307,1.145,0.739,ptx,nomsa_template
1f8h,42,2,0.9112,0.9391,2.2509,0.756,2.251,1.132,0.696,ptx,nomsa_template
1f8h,42,3,0.9102,0.9381,2.2229,0.756,2.223,1.137,0.696,ptx,nomsa_template
1f8h,42,4,0.9103,0.9374,1.7516,0.784,1.752,0.986,0.696,ptx,nomsa_template
1f8h,43,0,0.9116,0.94,2.3914,0.762,2.391,1.17,0.739,ptx,nomsa_template
1f8h,43,1,0.9114,0.94,2.361,0.748,2.361,1.172,0.696,ptx,nomsa_template
1f8h,43,2,0.9114,0.9398,2.3917,0.748,2.392,1.172,0.696,ptx,nomsa_template
1f8h,43,3,0.9114,0.9396,2.4062,0.773,2.406,1.195,0.783,ptx,nomsa_template
1f8h,43,4,0.911,0.9389,2.2531,0.769,2.253,1.139,0.739,ptx,nomsa_template
1f8h,44,0,0.9117,0.9406,2.4925,0.758,2.493,1.188,0.739,ptx,nomsa_template
1f8h,44,1,0.9117,0.94,2.3906,0.792,2.391,1.167,0.826,ptx,nomsa_template
1f8h,44,2,0.9112,0.9399,2.4196,0.747,2.42,1.177,0.696,ptx,nomsa_template
1f8h,44,3,0.911,0.9399,2.5353,0.727,2.535,1.198,0.652,ptx,nomsa_template
1f8h,44,4,0.9116,0.9398,2.3605,0.777,2.36,1.178,0.783,ptx,nomsa_template
1j2x,42,0,0.9056,0.8792,0.7375,0.966,0.737,0.313,0.949,ptx,nomsa_template
1j2x,42,1,0.9058,0.8788,0.9237,0.981,0.924,0.326,1.0,ptx,nomsa_template
1j2x,42,2,0.906,0.8787,1.0868,0.947,1.087,0.548,0.974,ptx,nomsa_template
1j2x,42,3,0.9059,0.8786,0.4208,0.988,0.421,0.281,1.0,ptx,nomsa_template
1j2x,42,4,0.9056,0.8782,1.0221,0.978,1.022,0.348,1.0,ptx,nomsa_template
1j2x,43,0,0.9077,0.8841,0.6933,0.987,0.693,0.279,1.0,ptx,nomsa_template
1j2x,43,1,0.9074,0.8832,0.8743,0.973,0.874,0.328,0.974,ptx,nomsa_template
1j2x,43,2,0.9074,0.8833,0.7825,0.973,0.783,0.333,0.974,ptx,nomsa_template
1j2x,43,3,0.9075,0.883,0.7758,0.971,0.776,0.358,0.974,ptx,nomsa_template
1j2x,43,4,0.9073,0.8825,0.771,0.983,0.771,0.317,1.0,ptx,nomsa_template
1j2x,44,0,0.9071,0.884,0.6988,0.986,0.699,0.282,1.0,ptx,nomsa_template
1j2x,44,1,0.9075,0.8836,0.7809,0.974,0.781,0.319,0.974,ptx,nomsa_template
1j2x,44,2,0.9073,0.8834,0.741,0.967,0.741,0.309,0.949,ptx,nomsa_template
1j2x,44,3,0.9074,0.8827,0.7464,0.971,0.746,0.355,0.974,ptx,nomsa_template
1j2x,44,4,0.9071,0.8825,0.9519,0.961,0.952,0.359,0.949,ptx,nomsa_template
1jd5,42,0,0.8915,0.9392,1.6335,0.909,1.633,0.711,0.946,ptx,nomsa_template
1jd5,42,1,0.8918,0.9391,1.1682,0.946,1.168,0.61,1.0,ptx,nomsa_template
1jd5,42,2,0.8915,0.9391,1.4244,0.929,1.424,0.583,0.946,ptx,nomsa_template
1jd5,42,3,0.8915,0.939,1.1131,0.91,1.113,0.808,0.973,ptx,nomsa_template
1jd5,42,4,0.8916,0.9388,1.0754,0.939,1.075,0.669,1.0,ptx,nomsa_template
1jd5,43,0,0.9079,0.9417,8.2563,0.472,8.256,2.782,0.676,ptx,nomsa_template
1jd5,43,1,0.8912,0.9386,0.9979,0.949,0.998,0.533,0.973,ptx,nomsa_template
1jd5,43,2,0.8915,0.9385,0.9814,0.945,0.981,0.635,1.0,ptx,nomsa_template
1jd5,43,3,0.8911,0.9385,1.0963,0.953,1.096,0.492,0.973,ptx,nomsa_template
1jd5,43,4,0.8912,0.9383,1.2147,0.941,1.215,0.578,0.973,ptx,nomsa_template
1jd5,44,0,0.8923,0.9391,0.7962,0.969,0.796,0.453,1.0,ptx,nomsa_template
1jd5,44,1,0.891,0.9387,1.1882,0.951,1.188,0.576,1.0,ptx,nomsa_template
1jd5,44,2,0.8913,0.9386,0.9038,0.95,0.904,0.532,0.973,ptx,nomsa_template
1jd5,44,3,0.8908,0.9384,1.0947,0.944,1.095,0.566,0.973,ptx,nomsa_template
1jd5,44,4,0.8907,0.9381,1.1967,0.934,1.197,0.632,0.973,ptx,nomsa_template
1jq8,42,0,0.7402,0.8234,2.274,0.823,2.274,0.731,0.727,ptx,nomsa_template
1jq8,42,1,0.7418,0.8225,2.3522,0.824,2.352,0.769,0.75,ptx,nomsa_template
1jq8,42,2,0.7416,0.8194,2.5688,0.818,2.569,0.78,0.75,ptx,nomsa_template
1jq8,42,3,0.738,0.8166,2.3287,0.823,2.329,0.775,0.75,ptx,nomsa_template
1jq8,42,4,0.737,0.8162,2.7561,0.801,2.756,0.873,0.75,ptx,nomsa_template
1jq8,43,0,0.7285,0.8043,2.1306,0.831,2.131,0.69,0.727,ptx,nomsa_template
1jq8,43,1,0.7274,0.8039,2.2568,0.836,2.257,0.746,0.773,ptx,nomsa_template
1jq8,43,2,0.7249,0.8009,2.4353,0.826,2.435,0.744,0.75,ptx,nomsa_template
1jq8,43,3,0.7238,0.8008,2.6534,0.811,2.653,0.866,0.773,ptx,nomsa_template
1jq8,43,4,0.7243,0.8007,2.862,0.81,2.862,0.901,0.795,ptx,nomsa_template
1jq8,44,0,0.7469,0.8187,2.5061,0.816,2.506,0.801,0.75,ptx,nomsa_template
1jq8,44,1,0.7449,0.8149,2.633,0.79,2.633,0.803,0.682,ptx,nomsa_template
1jq8,44,2,0.7432,0.8115,2.0287,0.829,2.029,0.72,0.727,ptx,nomsa_template
1jq8,44,3,0.7442,0.8115,2.3537,0.821,2.354,0.789,0.75,ptx,nomsa_template
1jq8,44,4,0.7422,0.8082,2.5866,0.806,2.587,0.808,0.727,ptx,nomsa_template
1jw6,42,0,0.5937,0.6848,45.455,0.015,45.455,14.2,0.0,ptx,nomsa_template
1jw6,42,1,0.5913,0.6806,45.7537,0.015,45.754,14.269,0.0,ptx,nomsa_template
1jw6,42,2,0.5823,0.6739,46.0422,0.015,46.042,14.307,0.0,ptx,nomsa_template
1jw6,42,3,0.5786,0.6699,46.0683,0.015,46.068,14.287,0.0,ptx,nomsa_template
1jw6,42,4,0.5745,0.6666,46.0782,0.015,46.078,14.289,0.0,ptx,nomsa_template
1jw6,43,0,0.5959,0.675,44.8989,0.015,44.899,14.064,0.0,ptx,nomsa_template
1jw6,43,1,0.5959,0.6739,45.1556,0.015,45.156,14.126,0.0,ptx,nomsa_template
1jw6,43,2,0.5921,0.6694,45.3865,0.015,45.386,14.15,0.0,ptx,nomsa_template
1jw6,43,3,0.5858,0.6663,45.4083,0.015,45.408,14.184,0.0,ptx,nomsa_template
1jw6,43,4,0.5882,0.6645,45.7887,0.015,45.789,14.271,0.0,ptx,nomsa_template
1jw6,44,0,0.594,0.6723,45.2221,0.015,45.222,14.134,0.0,ptx,nomsa_template
1jw6,44,1,0.5921,0.6698,45.3574,0.015,45.357,14.178,0.0,ptx,nomsa_template
1jw6,44,2,0.576,0.6466,46.4698,0.014,46.47,14.323,0.0,ptx,nomsa_template
1jw6,44,3,0.5745,0.6434,46.9338,0.014,46.934,14.508,0.0,ptx,nomsa_template
1jw6,44,4,0.5687,0.6357,47.3666,0.014,47.367,14.595,0.0,ptx,nomsa_template
1l2z,42,0,0.6972,0.6878,14.4519,0.207,14.452,7.037,0.321,ptx,nomsa_template
1l2z,42,1,0.6961,0.6833,15.329,0.162,15.329,7.574,0.214,ptx,nomsa_template
1l2z,42,2,0.7132,0.6815,8.2577,0.369,8.258,3.918,0.464,ptx,nomsa_template
1l2z,42,3,0.7077,0.6672,7.2893,0.372,7.289,3.612,0.393,ptx,nomsa_template
1l2z,42,4,0.6908,0.6608,15.6062,0.159,15.606,7.942,0.214,ptx,nomsa_template
1l2z,43,0,0.7096,0.6514,7.4014,0.379,7.401,3.704,0.429,ptx,nomsa_template
1l2z,43,1,0.7077,0.6483,9.1647,0.321,9.165,4.313,0.393,ptx,nomsa_template
1l2z,43,2,0.7066,0.647,7.9894,0.36,7.989,4.042,0.429,ptx,nomsa_template
1l2z,43,3,0.7068,0.6444,7.4623,0.365,7.462,3.747,0.393,ptx,nomsa_template
1l2z,43,4,0.7075,0.6417,6.5826,0.407,6.583,3.348,0.429,ptx,nomsa_template
1l2z,44,0,0.7155,0.6563,7.6827,0.411,7.683,3.628,0.536,ptx,nomsa_template
1l2z,44,1,0.7138,0.6539,7.5112,0.453,7.511,3.517,0.643,ptx,nomsa_template
1l2z,44,2,0.7134,0.6505,6.9167,0.413,6.917,3.267,0.464,ptx,nomsa_template
1l2z,44,3,0.7107,0.6499,7.2414,0.416,7.241,3.337,0.5,ptx,nomsa_template
1l2z,44,4,0.7104,0.646,6.6042,0.446,6.604,3.221,0.536,ptx,nomsa_template
1lb6,42,0,0.8883,0.9601,0.5566,0.972,0.557,0.358,0.973,ptx,nomsa_template
1lb6,42,1,0.8883,0.96,0.5834,0.972,0.583,0.348,0.973,ptx,nomsa_template
1lb6,42,2,0.888,0.9598,0.4707,0.973,0.471,0.347,0.973,ptx,nomsa_template
1lb6,42,3,0.8879,0.9598,0.4471,0.976,0.447,0.316,0.973,ptx,nomsa_template
1lb6,42,4,0.8879,0.9598,0.4664,0.976,0.466,0.309,0.973,ptx,nomsa_template
1lb6,43,0,0.8882,0.9601,0.4786,0.975,0.479,0.327,0.973,ptx,nomsa_template
1lb6,43,1,0.888,0.96,0.5204,0.974,0.52,0.334,0.973,ptx,nomsa_template
1lb6,43,2,0.8877,0.9598,0.4945,0.975,0.495,0.319,0.973,ptx,nomsa_template
1lb6,43,3,0.8881,0.9599,0.5016,0.975,0.502,0.329,0.973,ptx,nomsa_template
1lb6,43,4,0.8875,0.9595,0.6091,0.964,0.609,0.344,0.946,ptx,nomsa_template
1lb6,44,0,0.8852,0.9572,0.6991,0.98,0.699,0.359,1.0,ptx,nomsa_template
1lb6,44,1,0.8844,0.9571,0.5298,0.975,0.53,0.317,0.973,ptx,nomsa_template
1lb6,44,2,0.8848,0.9569,0.5596,0.982,0.56,0.345,1.0,ptx,nomsa_template
1lb6,44,3,0.8847,0.9568,0.7431,0.958,0.743,0.397,0.946,ptx,nomsa_template
1lb6,44,4,0.8846,0.9567,0.5081,0.976,0.508,0.31,0.973,ptx,nomsa_template
1mf4,42,0,0.7385,0.8207,1.2602,0.924,1.26,0.559,0.914,ptx,nomsa_template
1mf4,42,1,0.7382,0.8192,0.9682,0.934,0.968,0.495,0.914,ptx,nomsa_template
1mf4,42,2,0.7397,0.8191,1.4328,0.924,1.433,0.542,0.914,ptx,nomsa_template
1mf4,42,3,0.7412,0.819,1.5811,0.904,1.581,0.608,0.886,ptx,nomsa_template
1mf4,42,4,0.7354,0.8175,1.1423,0.923,1.142,0.57,0.914,ptx,nomsa_template
1mf4,43,0,0.7582,0.8291,1.3238,0.929,1.324,0.514,0.914,ptx,nomsa_template
1mf4,43,1,0.7556,0.8282,1.2841,0.934,1.284,0.55,0.943,ptx,nomsa_template
1mf4,43,2,0.7562,0.828,1.1479,0.948,1.148,0.444,0.943,ptx,nomsa_template
1mf4,43,3,0.7534,0.8269,0.9473,0.933,0.947,0.506,0.914,ptx,nomsa_template
1mf4,43,4,0.7499,0.8231,1.0992,0.913,1.099,0.502,0.857,ptx,nomsa_template
1mf4,44,0,0.7584,0.8312,1.6254,0.929,1.625,0.557,0.943,ptx,nomsa_template
1mf4,44,1,0.7557,0.8299,1.3435,0.915,1.343,0.544,0.886,ptx,nomsa_template
1mf4,44,2,0.7537,0.8298,1.4515,0.892,1.451,0.563,0.829,ptx,nomsa_template
1mf4,44,3,0.7573,0.8297,1.4528,0.922,1.453,0.553,0.914,ptx,nomsa_template
1mf4,44,4,0.7528,0.8281,1.4615,0.917,1.462,0.516,0.886,ptx,nomsa_template
1mv0,42,0,0.8468,0.8201,11.4742,0.216,11.474,4.332,0.186,ptx,nomsa_template
1mv0,42,1,0.8481,0.818,10.7308,0.23,10.731,4.084,0.186,ptx,nomsa_template
1mv0,42,2,0.8484,0.8168,11.9521,0.198,11.952,4.604,0.163,ptx,nomsa_template
1mv0,42,3,0.8488,0.8166,11.5138,0.206,11.514,4.424,0.163,ptx,nomsa_template
1mv0,42,4,0.8482,0.8161,11.0264,0.217,11.026,4.155,0.163,ptx,nomsa_template
1mv0,43,0,0.8443,0.8224,10.9703,0.235,10.97,4.031,0.209,ptx,nomsa_template
1mv0,43,1,0.8463,0.8217,11.7186,0.21,11.719,4.533,0.186,ptx,nomsa_template
1mv0,43,2,0.8471,0.8191,11.0219,0.225,11.022,4.145,0.186,ptx,nomsa_template
1mv0,43,3,0.8479,0.8159,11.4742,0.209,11.474,4.3,0.163,ptx,nomsa_template
1mv0,43,4,0.8482,0.8156,11.8934,0.199,11.893,4.561,0.163,ptx,nomsa_template
1mv0,44,0,0.8459,0.8212,11.2154,0.213,11.215,4.241,0.163,ptx,nomsa_template
1mv0,44,1,0.8447,0.8209,12.3178,0.194,12.318,4.622,0.163,ptx,nomsa_template
1mv0,44,2,0.8468,0.8176,11.9118,0.201,11.912,4.417,0.163,ptx,nomsa_template
1mv0,44,3,0.8475,0.8159,11.8014,0.194,11.801,4.458,0.14,ptx,nomsa_template
1mv0,44,4,0.8484,0.8154,11.811,0.216,11.811,4.543,0.209,ptx,nomsa_template
1nrl,42,0,0.8725,0.9653,0.5991,0.971,0.599,0.368,0.974,ptx,nomsa_template
1nrl,42,1,0.8724,0.9651,0.6804,0.972,0.68,0.354,0.974,ptx,nomsa_template
1nrl,42,2,0.8728,0.9652,0.7729,0.97,0.773,0.365,0.974,ptx,nomsa_template
1nrl,42,3,0.8723,0.965,0.6903,0.972,0.69,0.346,0.974,ptx,nomsa_template
1nrl,42,4,0.8723,0.965,0.5757,0.972,0.576,0.357,0.974,ptx,nomsa_template
1nrl,43,0,0.8827,0.9688,0.6286,0.972,0.629,0.435,1.0,ptx,nomsa_template
1nrl,43,1,0.8829,0.9689,0.6663,0.98,0.666,0.354,1.0,ptx,nomsa_template
1nrl,43,2,0.8821,0.9687,0.6395,0.973,0.639,0.344,0.974,ptx,nomsa_template
1nrl,43,3,0.8826,0.9686,0.5604,0.973,0.56,0.43,1.0,ptx,nomsa_template
1nrl,43,4,0.8821,0.9684,0.6837,0.973,0.684,0.339,0.974,ptx,nomsa_template
1nrl,44,0,0.8815,0.9684,0.5649,0.98,0.565,0.368,1.0,ptx,nomsa_template
1nrl,44,1,0.8815,0.9684,0.5654,0.959,0.565,0.478,0.974,ptx,nomsa_template
1nrl,44,2,0.8813,0.9684,0.582,0.965,0.582,0.425,0.974,ptx,nomsa_template
1nrl,44,3,0.8815,0.9685,0.6041,0.982,0.604,0.338,1.0,ptx,nomsa_template
1nrl,44,4,0.8814,0.9682,0.6369,0.96,0.637,0.466,0.974,ptx,nomsa_template
1nvq,42,0,0.5287,0.531,0.5999,0.958,0.6,0.306,0.92,ptx,nomsa_template
1nvq,42,1,0.5268,0.5305,0.5187,0.969,0.519,0.34,0.96,ptx,nomsa_template
1nvq,42,2,0.5279,0.529,0.5223,0.972,0.522,0.313,0.96,ptx,nomsa_template
1nvq,42,3,0.527,0.5272,0.5688,0.956,0.569,0.331,0.92,ptx,nomsa_template
1nvq,42,4,0.5236,0.5236,0.8347,0.949,0.835,0.386,0.92,ptx,nomsa_template
1nvq,43,0,0.5285,0.5293,0.8126,0.939,0.813,0.355,0.88,ptx,nomsa_template
1nvq,43,1,0.5275,0.5292,0.5437,0.944,0.544,0.319,0.88,ptx,nomsa_template
1nvq,43,2,0.5284,0.5287,0.4827,0.971,0.483,0.318,0.96,ptx,nomsa_template
1nvq,43,3,0.5288,0.5282,0.605,0.953,0.605,0.368,0.92,ptx,nomsa_template
1nvq,43,4,0.525,0.5247,1.0524,0.932,1.052,0.412,0.88,ptx,nomsa_template
1nvq,44,0,0.51,0.5297,0.7863,0.951,0.786,0.375,0.92,ptx,nomsa_template
1nvq,44,1,0.5119,0.529,0.7234,0.952,0.723,0.372,0.92,ptx,nomsa_template
1nvq,44,2,0.5108,0.5266,0.6338,0.97,0.634,0.318,0.96,ptx,nomsa_template
1nvq,44,3,0.508,0.5241,0.9004,0.949,0.9,0.389,0.92,ptx,nomsa_template
1nvq,44,4,0.5092,0.5235,0.7963,0.95,0.796,0.386,0.92,ptx,nomsa_template
1o0p,42,0,0.8118,0.8883,5.6863,0.503,5.686,2.33,0.525,ptx,nomsa_template
1o0p,42,1,0.8126,0.8884,6.2283,0.47,6.228,2.721,0.525,ptx,nomsa_template
1o0p,42,2,0.8131,0.888,5.5292,0.514,5.529,2.358,0.55,ptx,nomsa_template
1o0p,42,3,0.8129,0.8879,5.364,0.512,5.364,2.321,0.525,ptx,nomsa_template
1o0p,42,4,0.8125,0.8879,6.6097,0.456,6.61,2.82,0.525,ptx,nomsa_template
1o0p,43,0,0.8079,0.8728,6.8436,0.461,6.844,2.987,0.575,ptx,nomsa_template
1o0p,43,1,0.8072,0.8724,5.5814,0.51,5.581,2.393,0.55,ptx,nomsa_template
1o0p,43,2,0.8065,0.8718,4.9936,0.559,4.994,2.117,0.6,ptx,nomsa_template
1o0p,43,3,0.8072,0.8717,5.3971,0.526,5.397,2.214,0.55,ptx,nomsa_template
1o0p,43,4,0.8069,0.8716,5.4469,0.5,5.447,2.337,0.5,ptx,nomsa_template
1o0p,44,0,0.8023,0.8785,4.934,0.544,4.934,2.119,0.55,ptx,nomsa_template
1o0p,44,1,0.8029,0.8783,7.1402,0.447,7.14,3.2,0.575,ptx,nomsa_template
1o0p,44,2,0.8022,0.8782,5.6388,0.519,5.639,2.36,0.575,ptx,nomsa_template
1o0p,44,3,0.8029,0.8778,5.0319,0.542,5.032,2.23,0.575,ptx,nomsa_template
1o0p,44,4,0.8012,0.878,5.0922,0.523,5.092,2.246,0.525,ptx,nomsa_template
1p7v,42,0,0.7506,0.8701,2.9768,0.795,2.977,0.845,0.735,ptx,nomsa_template
1p7v,42,1,0.7468,0.8653,2.2236,0.839,2.224,0.642,0.735,ptx,nomsa_template
1p7v,42,2,0.7469,0.865,2.7008,0.791,2.701,0.772,0.673,ptx,nomsa_template
1p7v,42,3,0.7485,0.8647,2.0112,0.836,2.011,0.586,0.694,ptx,nomsa_template
1p7v,42,4,0.7447,0.8634,2.1197,0.865,2.12,0.61,0.796,ptx,nomsa_template
1p7v,43,0,0.7516,0.8696,2.6212,0.823,2.621,0.746,0.755,ptx,nomsa_template
1p7v,43,1,0.7517,0.8691,2.9702,0.808,2.97,0.847,0.776,ptx,nomsa_template
1p7v,43,2,0.7496,0.8685,2.6227,0.822,2.623,0.753,0.755,ptx,nomsa_template
1p7v,43,3,0.749,0.8672,2.7165,0.79,2.717,0.777,0.673,ptx,nomsa_template
1p7v,43,4,0.7467,0.8619,2.2126,0.819,2.213,0.64,0.673,ptx,nomsa_template
1p7v,44,0,0.7535,0.8707,2.2185,0.866,2.219,0.638,0.816,ptx,nomsa_template
1p7v,44,1,0.7504,0.8688,2.7496,0.814,2.75,0.795,0.755,ptx,nomsa_template
1p7v,44,2,0.7492,0.8667,2.498,0.823,2.498,0.714,0.735,ptx,nomsa_template
1p7v,44,3,0.7462,0.8649,2.8807,0.773,2.881,0.823,0.653,ptx,nomsa_template
1p7v,44,4,0.7485,0.8647,2.3913,0.842,2.391,0.691,0.776,ptx,nomsa_template
1pmx,42,0,0.9191,0.9016,2.9554,0.778,2.955,1.3,0.87,ptx,nomsa_template
1pmx,42,1,0.9191,0.9012,3.2011,0.759,3.201,1.292,0.826,ptx,nomsa_template
1pmx,42,2,0.9189,0.9003,4.2916,0.731,4.292,1.299,0.826,ptx,nomsa_template
1pmx,42,3,0.9188,0.9003,3.4846,0.752,3.485,1.296,0.826,ptx,nomsa_template
1pmx,42,4,0.9189,0.9006,3.279,0.751,3.279,1.341,0.826,ptx,nomsa_template
1pmx,43,0,0.9242,0.9107,3.0005,0.796,3.0,1.26,0.913,ptx,nomsa_template
1pmx,43,1,0.924,0.9101,3.6119,0.745,3.612,1.323,0.826,ptx,nomsa_template
1pmx,43,2,0.924,0.91,4.1556,0.721,4.156,1.41,0.826,ptx,nomsa_template
1pmx,43,3,0.9238,0.9101,2.9987,0.74,2.999,1.488,0.826,ptx,nomsa_template
1pmx,43,4,0.9239,0.9097,3.5423,0.74,3.542,1.502,0.87,ptx,nomsa_template
1pmx,44,0,0.9249,0.9109,3.4395,0.75,3.439,1.314,0.826,ptx,nomsa_template
1pmx,44,1,0.9244,0.9105,3.3376,0.718,3.338,1.616,0.826,ptx,nomsa_template
1pmx,44,2,0.9246,0.9103,3.3679,0.759,3.368,1.373,0.87,ptx,nomsa_template
1pmx,44,3,0.9247,0.9104,3.1527,0.758,3.153,1.304,0.826,ptx,nomsa_template
1pmx,44,4,0.9242,0.9099,3.1971,0.737,3.197,1.47,0.826,ptx,nomsa_template
1r17,42,0,0.8116,0.9269,0.9383,0.945,0.938,0.515,0.953,ptx,nomsa_template
1r17,42,1,0.812,0.9266,1.0056,0.92,1.006,0.729,0.965,ptx,nomsa_template
1r17,42,2,0.8121,0.9265,0.8511,0.953,0.851,0.551,0.988,ptx,nomsa_template
1r17,42,3,0.8123,0.9264,1.1194,0.947,1.119,0.546,0.976,ptx,nomsa_template
1r17,42,4,0.8113,0.9258,0.9194,0.947,0.919,0.537,0.965,ptx,nomsa_template
1r17,43,0,0.8316,0.9436,1.0984,0.927,1.098,0.703,0.976,ptx,nomsa_template
1r17,43,1,0.8309,0.9432,0.9824,0.95,0.982,0.532,0.976,ptx,nomsa_template
1r17,43,2,0.831,0.9431,1.0313,0.95,1.031,0.502,0.965,ptx,nomsa_template
1r17,43,3,0.8297,0.943,0.9506,0.885,0.951,0.946,0.953,ptx,nomsa_template
1r17,43,4,0.831,0.9429,1.0074,0.958,1.007,0.5,0.988,ptx,nomsa_template
1r17,44,0,0.831,0.9398,0.8244,0.942,0.824,0.607,0.976,ptx,nomsa_template
1r17,44,1,0.8313,0.9396,1.0312,0.947,1.031,0.495,0.953,ptx,nomsa_template
1r17,44,2,0.8311,0.9394,0.9706,0.961,0.971,0.446,0.976,ptx,nomsa_template
1r17,44,3,0.8308,0.9394,0.9826,0.951,0.983,0.461,0.953,ptx,nomsa_template
1r17,44,4,0.8308,0.9393,1.1156,0.921,1.116,0.689,0.953,ptx,nomsa_template
1rxz,42,0,0.8942,0.9737,0.9177,0.921,0.918,0.682,0.944,ptx,nomsa_template
1rxz,42,1,0.8935,0.9733,1.1804,0.917,1.18,0.687,0.944,ptx,nomsa_template
1rxz,42,2,0.8936,0.9734,0.9631,0.896,0.963,0.763,0.907,ptx,nomsa_template
1rxz,42,3,0.8932,0.9732,1.3331,0.903,1.333,0.735,0.926,ptx,nomsa_template
1rxz,42,4,0.8933,0.9731,0.8297,0.933,0.83,0.643,0.963,ptx,nomsa_template
1rxz,43,0,0.89,0.9717,1.1799,0.899,1.18,0.686,0.889,ptx,nomsa_template
1rxz,43,1,0.8899,0.9717,0.9016,0.926,0.902,0.6,0.926,ptx,nomsa_template
1rxz,43,2,0.8898,0.9716,1.2454,0.91,1.245,0.691,0.926,ptx,nomsa_template
1rxz,43,3,0.8897,0.9715,0.7796,0.941,0.78,0.58,0.963,ptx,nomsa_template
1rxz,43,4,0.8893,0.9713,1.3464,0.921,1.346,0.6,0.926,ptx,nomsa_template
1rxz,44,0,0.8941,0.9737,0.9429,0.938,0.943,0.597,0.963,ptx,nomsa_template
1rxz,44,1,0.8941,0.9736,1.1691,0.919,1.169,0.633,0.926,ptx,nomsa_template
1rxz,44,2,0.8945,0.9735,0.7643,0.931,0.764,0.612,0.944,ptx,nomsa_template
1rxz,44,3,0.8942,0.9734,1.0027,0.933,1.003,0.584,0.944,ptx,nomsa_template
1rxz,44,4,0.8937,0.9734,0.9023,0.9,0.902,0.743,0.907,ptx,nomsa_template
1t74,42,0,0.8496,0.9378,1.0219,0.958,1.022,0.429,0.964,ptx,nomsa_template
1t74,42,1,0.8495,0.9374,1.0441,0.958,1.044,0.433,0.964,ptx,nomsa_template
1t74,42,2,0.8491,0.9373,0.9256,0.962,0.926,0.4,0.964,ptx,nomsa_template
1t74,42,3,0.8495,0.9372,0.9301,0.963,0.93,0.394,0.964,ptx,nomsa_template
1t74,42,4,0.8486,0.9373,0.9359,0.962,0.936,0.395,0.964,ptx,nomsa_template
1t74,43,0,0.8594,0.9438,1.0258,0.958,1.026,0.434,0.964,ptx,nomsa_template
1t74,43,1,0.8593,0.9439,0.8796,0.963,0.88,0.393,0.964,ptx,nomsa_template
1t74,43,2,0.8597,0.9438,0.8667,0.964,0.867,0.386,0.964,ptx,nomsa_template
1t74,43,3,0.8594,0.9437,0.9605,0.961,0.96,0.406,0.964,ptx,nomsa_template
1t74,43,4,0.8594,0.9437,1.0068,0.96,1.007,0.417,0.964,ptx,nomsa_template
1t74,44,0,0.8602,0.9441,0.9966,0.959,0.997,0.42,0.964,ptx,nomsa_template
1t74,44,1,0.8601,0.9441,1.0476,0.956,1.048,0.448,0.964,ptx,nomsa_template
1t74,44,2,0.8603,0.9441,1.1306,0.954,1.131,0.461,0.964,ptx,nomsa_template
1t74,44,3,0.8605,0.944,1.134,0.954,1.134,0.453,0.964,ptx,nomsa_template
1t74,44,4,0.8601,0.944,0.9962,0.959,0.996,0.425,0.964,ptx,nomsa_template
1v1t,42,0,0.9256,0.9802,0.7586,0.969,0.759,0.327,0.96,ptx,nomsa_template
1v1t,42,1,0.9255,0.9802,0.7502,0.983,0.75,0.32,1.0,ptx,nomsa_template
1v1t,42,2,0.9254,0.9802,0.7327,0.984,0.733,0.312,1.0,ptx,nomsa_template
1v1t,42,3,0.9256,0.9802,1.0018,0.968,1.002,0.311,0.96,ptx,nomsa_template
1v1t,42,4,0.9255,0.9802,0.9402,0.979,0.94,0.351,1.0,ptx,nomsa_template
1v1t,43,0,0.9254,0.9801,0.7414,0.982,0.741,0.333,1.0,ptx,nomsa_template
1v1t,43,1,0.9252,0.9801,0.8318,0.969,0.832,0.321,0.96,ptx,nomsa_template
1v1t,43,2,0.9253,0.9801,0.7928,0.953,0.793,0.352,0.92,ptx,nomsa_template
1v1t,43,3,0.9253,0.9801,0.6155,0.973,0.615,0.286,0.96,ptx,nomsa_template
1v1t,43,4,0.9253,0.9801,0.6378,0.957,0.638,0.316,0.92,ptx,nomsa_template
1v1t,44,0,0.9256,0.9801,0.7576,0.969,0.758,0.323,0.96,ptx,nomsa_template
1v1t,44,1,0.9256,0.9801,0.7225,0.971,0.723,0.3,0.96,ptx,nomsa_template
1v1t,44,2,0.9256,0.9801,0.6476,0.974,0.648,0.268,0.96,ptx,nomsa_template
1v1t,44,3,0.9255,0.9801,0.8278,0.972,0.828,0.28,0.96,ptx,nomsa_template
1v1t,44,4,0.9255,0.9801,0.7616,0.97,0.762,0.316,0.96,ptx,nomsa_template
1w80,42,0,0.8042,0.9014,1.3402,0.914,1.34,0.55,0.885,ptx,nomsa_template
1w80,42,1,0.804,0.9014,1.3241,0.908,1.324,0.496,0.846,ptx,nomsa_template
1w80,42,2,0.8033,0.9003,1.2995,0.926,1.3,0.455,0.885,ptx,nomsa_template
1w80,42,3,0.8038,0.9,1.1885,0.923,1.188,0.489,0.885,ptx,nomsa_template
1w80,42,4,0.8032,0.8997,1.2593,0.938,1.259,0.463,0.923,ptx,nomsa_template
1w80,43,0,0.7966,0.8862,0.9034,0.954,0.903,0.349,0.923,ptx,nomsa_template
1w80,43,1,0.7953,0.885,1.2978,0.942,1.298,0.531,0.962,ptx,nomsa_template
1w80,43,2,0.7951,0.8849,1.0272,0.93,1.027,0.439,0.885,ptx,nomsa_template
1w80,43,3,0.7956,0.8849,1.4584,0.908,1.458,0.583,0.885,ptx,nomsa_template
1w80,43,4,0.7937,0.8835,1.1569,0.901,1.157,0.458,0.808,ptx,nomsa_template
1w80,44,0,0.7901,0.8827,1.3344,0.924,1.334,0.575,0.923,ptx,nomsa_template
1w80,44,1,0.7878,0.8815,1.337,0.905,1.337,0.52,0.846,ptx,nomsa_template
1w80,44,2,0.7878,0.8809,1.2653,0.952,1.265,0.453,0.962,ptx,nomsa_template
1w80,44,3,0.7873,0.8808,1.0548,0.938,1.055,0.479,0.923,ptx,nomsa_template
1w80,44,4,0.7874,0.8806,1.0896,0.963,1.09,0.366,0.962,ptx,nomsa_template
1yfn,42,0,0.5931,0.5857,21.9285,0.072,21.929,8.908,0.057,ptx,nomsa_template
1yfn,42,1,0.5857,0.5746,21.4164,0.06,21.416,9.425,0.019,ptx,nomsa_template
1yfn,42,2,0.5872,0.5592,23.7814,0.051,23.781,9.921,0.019,ptx,nomsa_template
1yfn,42,3,0.5874,0.5552,22.9856,0.06,22.986,9.972,0.038,ptx,nomsa_template
1yfn,42,4,0.5996,0.5302,24.3651,0.044,24.365,9.959,0.0,ptx,nomsa_template
1yfn,43,0,0.6221,0.6217,14.7281,0.131,14.728,5.622,0.075,ptx,nomsa_template
1yfn,43,1,0.6063,0.607,12.5614,0.139,12.561,4.974,0.019,ptx,nomsa_template
1yfn,43,2,0.5831,0.5902,20.3301,0.084,20.33,9.056,0.075,ptx,nomsa_template
1yfn,43,3,0.5873,0.5784,19.1123,0.084,19.112,8.369,0.057,ptx,nomsa_template
1yfn,43,4,0.5868,0.5773,19.345,0.083,19.345,8.492,0.057,ptx,nomsa_template
1yfn,44,0,0.599,0.6041,7.7319,0.349,7.732,3.029,0.302,ptx,nomsa_template
1yfn,44,1,0.585,0.5573,19.7644,0.081,19.764,8.481,0.057,ptx,nomsa_template
1yfn,44,2,0.5837,0.5514,20.4157,0.065,20.416,8.76,0.019,ptx,nomsa_template
1yfn,44,3,0.5892,0.526,24.488,0.068,24.488,10.2,0.075,ptx,nomsa_template
1yfn,44,4,0.5896,0.5215,26.1379,0.044,26.138,11.432,0.019,ptx,nomsa_template
1ywi,42,0,0.9786,0.871,1.5603,0.818,1.56,1.113,0.842,ptx,nomsa_template
1ywi,42,1,0.9786,0.8709,1.4964,0.84,1.496,1.091,0.895,ptx,nomsa_template
1ywi,42,2,0.9786,0.8709,1.5468,0.818,1.547,1.116,0.842,ptx,nomsa_template
1ywi,42,3,0.9786,0.8708,1.4124,0.844,1.412,1.07,0.895,ptx,nomsa_template
1ywi,42,4,0.9786,0.8707,1.4468,0.825,1.447,1.076,0.842,ptx,nomsa_template
1ywi,43,0,0.9811,0.8806,1.5057,0.839,1.506,1.097,0.895,ptx,nomsa_template
1ywi,43,1,0.9811,0.8804,1.2989,0.851,1.299,1.025,0.895,ptx,nomsa_template
1ywi,43,2,0.9811,0.8803,1.3637,0.85,1.364,1.03,0.895,ptx,nomsa_template
1ywi,43,3,0.9811,0.8803,1.3477,0.848,1.348,1.045,0.895,ptx,nomsa_template
1ywi,43,4,0.9812,0.8803,1.3353,0.853,1.335,1.011,0.895,ptx,nomsa_template
1ywi,44,0,0.9796,0.8763,1.4523,0.842,1.452,1.08,0.895,ptx,nomsa_template
1ywi,44,1,0.9796,0.8762,1.4392,0.841,1.439,1.083,0.895,ptx,nomsa_template
1ywi,44,2,0.9796,0.8761,1.4485,0.825,1.449,1.076,0.842,ptx,nomsa_template
1ywi,44,3,0.9796,0.8761,1.3643,0.829,1.364,1.051,0.842,ptx,nomsa_template
1ywi,44,4,0.9796,0.8761,1.41,0.848,1.41,1.038,0.895,ptx,nomsa_template
1ywo,42,0,0.9226,0.9,0.6862,0.981,0.686,0.341,1.0,ptx,nomsa_template
1ywo,42,1,0.9226,0.8997,0.6879,0.979,0.688,0.37,1.0,ptx,nomsa_template
1ywo,42,2,0.9226,0.8995,0.6641,0.982,0.664,0.332,1.0,ptx,nomsa_template
1ywo,42,3,0.9228,0.8993,0.6116,0.982,0.612,0.335,1.0,ptx,nomsa_template
1ywo,42,4,0.9227,0.899,0.5359,0.985,0.536,0.304,1.0,ptx,nomsa_template
1ywo,43,0,0.9229,0.9005,0.9344,0.97,0.934,0.435,1.0,ptx,nomsa_template
1ywo,43,1,0.9226,0.9002,0.7625,0.975,0.762,0.406,1.0,ptx,nomsa_template
1ywo,43,2,0.9225,0.9001,0.7027,0.979,0.703,0.369,1.0,ptx,nomsa_template
1ywo,43,3,0.9228,0.8998,0.7922,0.977,0.792,0.382,1.0,ptx,nomsa_template
1ywo,43,4,0.9226,0.8994,0.5681,0.985,0.568,0.313,1.0,ptx,nomsa_template
1ywo,44,0,0.9227,0.9002,0.7659,0.976,0.766,0.388,1.0,ptx,nomsa_template
1ywo,44,1,0.9227,0.9001,0.792,0.976,0.792,0.393,1.0,ptx,nomsa_template
1ywo,44,2,0.9229,0.8998,0.6421,0.981,0.642,0.345,1.0,ptx,nomsa_template
1ywo,44,3,0.9231,0.8997,0.7145,0.979,0.714,0.366,1.0,ptx,nomsa_template
1ywo,44,4,0.923,0.8996,0.6478,0.982,0.648,0.342,1.0,ptx,nomsa_template
1yy6,42,0,0.8835,0.9474,0.5182,0.961,0.518,0.363,0.941,ptx,nomsa_template
1yy6,42,1,0.8836,0.9474,0.7318,0.963,0.732,0.427,0.971,ptx,nomsa_template
1yy6,42,2,0.8833,0.9473,0.6842,0.975,0.684,0.404,1.0,ptx,nomsa_template
1yy6,42,3,0.8828,0.9469,0.5576,0.98,0.558,0.365,1.0,ptx,nomsa_template
1yy6,42,4,0.8825,0.9463,0.7739,0.969,0.774,0.452,1.0,ptx,nomsa_template
1yy6,43,0,0.885,0.9485,0.7326,0.95,0.733,0.454,0.941,ptx,nomsa_template
1yy6,43,1,0.8838,0.9475,0.547,0.949,0.547,0.382,0.912,ptx,nomsa_template
1yy6,43,2,0.8836,0.9474,0.7933,0.94,0.793,0.451,0.912,ptx,nomsa_template
1yy6,43,3,0.8833,0.9467,0.5975,0.947,0.597,0.397,0.912,ptx,nomsa_template
1yy6,43,4,0.8829,0.9465,0.5994,0.946,0.599,0.409,0.912,ptx,nomsa_template
1yy6,44,0,0.8834,0.9475,0.5415,0.962,0.541,0.348,0.941,ptx,nomsa_template
1yy6,44,1,0.8833,0.9474,0.5301,0.957,0.53,0.397,0.941,ptx,nomsa_template
1yy6,44,2,0.8831,0.9472,0.5842,0.961,0.584,0.357,0.941,ptx,nomsa_template
1yy6,44,3,0.883,0.947,0.5595,0.955,0.56,0.417,0.941,ptx,nomsa_template
1yy6,44,4,0.8828,0.9468,0.6999,0.954,0.7,0.421,0.941,ptx,nomsa_template
2aij,42,0,0.8549,0.9517,0.5551,0.731,0.555,2.202,0.881,ptx,nomsa_template
2aij,42,1,0.8535,0.9515,0.7121,0.72,0.712,2.239,0.857,ptx,nomsa_template
2aij,42,2,0.8542,0.9516,0.7077,0.724,0.708,2.172,0.857,ptx,nomsa_template
2aij,42,3,0.8535,0.9513,0.7842,0.722,0.784,2.322,0.881,ptx,nomsa_template
2aij,42,4,0.8534,0.9513,0.816,0.727,0.816,2.248,0.881,ptx,nomsa_template
2aij,43,0,0.8757,0.9638,0.7901,0.714,0.79,2.321,0.857,ptx,nomsa_template
2aij,43,1,0.8754,0.9636,0.8146,0.718,0.815,2.138,0.833,ptx,nomsa_template
2aij,43,2,0.8756,0.9637,0.6712,0.72,0.671,2.25,0.857,ptx,nomsa_template
2aij,43,3,0.8748,0.9636,0.783,0.724,0.783,2.163,0.857,ptx,nomsa_template
2aij,43,4,0.8745,0.9636,0.7742,0.717,0.774,2.276,0.857,ptx,nomsa_template
2aij,44,0,0.876,0.9639,0.6196,0.711,0.62,2.394,0.857,ptx,nomsa_template
2aij,44,1,0.8756,0.964,0.7596,0.72,0.76,2.235,0.857,ptx,nomsa_template
2aij,44,2,0.8758,0.9639,0.6058,0.723,0.606,2.209,0.857,ptx,nomsa_template
2aij,44,3,0.8755,0.9637,0.7275,0.713,0.728,2.353,0.857,ptx,nomsa_template
2aij,44,4,0.8746,0.9637,0.8959,0.727,0.896,2.239,0.881,ptx,nomsa_template
2aq9,42,0,0.6056,0.7299,31.482,0.028,31.482,11.949,0.0,ptx,nomsa_template
2aq9,42,1,0.6032,0.7285,30.0288,0.03,30.029,11.441,0.0,ptx,nomsa_template
2aq9,42,2,0.604,0.7268,30.0893,0.03,30.089,11.479,0.0,ptx,nomsa_template
2aq9,42,3,0.6041,0.7254,29.6852,0.031,29.685,11.433,0.0,ptx,nomsa_template
2aq9,42,4,0.5227,0.6521,12.297,0.134,12.297,5.113,0.0,ptx,nomsa_template
2aq9,43,0,0.6031,0.7335,30.3936,0.03,30.394,11.546,0.0,ptx,nomsa_template
2aq9,43,1,0.6027,0.7312,32.3452,0.026,32.345,12.22,0.0,ptx,nomsa_template
2aq9,43,2,0.6007,0.7306,30.0921,0.03,30.092,11.561,0.0,ptx,nomsa_template
2aq9,43,3,0.6021,0.7249,29.7622,0.031,29.762,11.303,0.0,ptx,nomsa_template
2aq9,43,4,0.5313,0.6594,12.9756,0.124,12.976,5.368,0.0,ptx,nomsa_template
2aq9,44,0,0.6018,0.732,31.2586,0.028,31.259,11.797,0.0,ptx,nomsa_template
2aq9,44,1,0.6012,0.7299,31.2129,0.028,31.213,12.034,0.0,ptx,nomsa_template
2aq9,44,2,0.6021,0.7294,31.4312,0.028,31.431,11.851,0.0,ptx,nomsa_template
2aq9,44,3,0.6002,0.7275,31.3822,0.028,31.382,11.857,0.0,ptx,nomsa_template
2aq9,44,4,0.5205,0.653,11.3797,0.149,11.38,4.805,0.0,ptx,nomsa_template
2c3i,42,0,0.873,0.963,0.6283,0.981,0.628,0.251,0.974,ptx,nomsa_template
2c3i,42,1,0.873,0.963,0.6264,0.989,0.626,0.257,1.0,ptx,nomsa_template
2c3i,42,2,0.8732,0.963,0.5367,0.975,0.537,0.216,0.949,ptx,nomsa_template
2c3i,42,3,0.8731,0.9629,0.517,0.983,0.517,0.227,0.974,ptx,nomsa_template
2c3i,42,4,0.8729,0.9625,0.5272,0.983,0.527,0.222,0.974,ptx,nomsa_template
2c3i,43,0,0.8815,0.9678,0.6702,0.981,0.67,0.245,0.974,ptx,nomsa_template
2c3i,43,1,0.8815,0.9678,0.5984,0.974,0.598,0.228,0.949,ptx,nomsa_template
2c3i,43,2,0.8815,0.9678,0.6357,0.981,0.636,0.24,0.974,ptx,nomsa_template
2c3i,43,3,0.8816,0.9678,0.6178,0.972,0.618,0.255,0.949,ptx,nomsa_template
2c3i,43,4,0.8816,0.9677,0.6874,0.98,0.687,0.255,0.974,ptx,nomsa_template
2c3i,44,0,0.8815,0.9679,0.594,0.983,0.594,0.223,0.974,ptx,nomsa_template
2c3i,44,1,0.8815,0.9679,0.6275,0.988,0.627,0.26,1.0,ptx,nomsa_template
2c3i,44,2,0.8815,0.9679,0.5745,0.991,0.574,0.225,1.0,ptx,nomsa_template
2c3i,44,3,0.8814,0.9678,0.5636,0.982,0.564,0.24,0.974,ptx,nomsa_template
2c3i,44,4,0.8814,0.9677,0.5208,0.991,0.521,0.226,1.0,ptx,nomsa_template
2cch,42,0,0.8242,0.9367,1.5901,0.912,1.59,0.658,0.93,ptx,nomsa_template
2cch,42,1,0.8251,0.9363,0.9497,0.968,0.95,0.38,0.977,ptx,nomsa_template
2cch,42,2,0.8246,0.9362,1.2685,0.963,1.269,0.397,0.977,ptx,nomsa_template
2cch,42,3,0.8244,0.936,1.609,0.94,1.609,0.498,0.953,ptx,nomsa_template
2cch,42,4,0.8236,0.935,0.9055,0.969,0.906,0.375,0.977,ptx,nomsa_template
2cch,43,0,0.8412,0.9491,0.8939,0.969,0.894,0.373,0.977,ptx,nomsa_template
2cch,43,1,0.8412,0.9486,0.8693,0.971,0.869,0.359,0.977,ptx,nomsa_template
2cch,43,2,0.8416,0.9481,0.9624,0.986,0.962,0.256,1.0,ptx,nomsa_template
2cch,43,3,0.8411,0.9474,0.7111,0.978,0.711,0.292,0.977,ptx,nomsa_template
2cch,43,4,0.841,0.9474,0.6325,0.987,0.632,0.273,1.0,ptx,nomsa_template
2cch,44,0,0.8415,0.9493,1.0192,0.972,1.019,0.416,1.0,ptx,nomsa_template
2cch,44,1,0.8414,0.9487,0.9903,0.973,0.99,0.402,1.0,ptx,nomsa_template
2cch,44,2,0.8412,0.9477,0.4622,0.992,0.462,0.212,1.0,ptx,nomsa_template
2cch,44,3,0.8414,0.9477,0.8806,0.987,0.881,0.256,1.0,ptx,nomsa_template
2cch,44,4,0.8387,0.9458,1.6702,0.904,1.67,0.706,0.93,ptx,nomsa_template
2cny,42,0,0.9662,0.9576,0.4704,0.949,0.47,0.549,0.969,ptx,nomsa_template
2cny,42,1,0.9662,0.9575,0.4493,0.948,0.449,0.557,0.969,ptx,nomsa_template
2cny,42,2,0.9662,0.9575,0.5136,0.942,0.514,0.607,0.969,ptx,nomsa_template
2cny,42,3,0.9662,0.9575,0.4471,0.956,0.447,0.496,0.969,ptx,nomsa_template
2cny,42,4,0.9662,0.9575,0.3514,0.967,0.351,0.488,1.0,ptx,nomsa_template
2cny,43,0,0.9667,0.9603,0.4413,0.954,0.441,0.514,0.969,ptx,nomsa_template
2cny,43,1,0.9667,0.9603,0.3847,0.956,0.385,0.526,0.979,ptx,nomsa_template
2cny,43,2,0.9667,0.9603,0.4552,0.953,0.455,0.52,0.969,ptx,nomsa_template
2cny,43,3,0.9667,0.9603,0.4675,0.953,0.468,0.522,0.969,ptx,nomsa_template
2cny,43,4,0.9667,0.9603,0.4372,0.957,0.437,0.489,0.969,ptx,nomsa_template
2cny,44,0,0.9634,0.9565,0.3971,0.957,0.397,0.484,0.969,ptx,nomsa_template
2cny,44,1,0.9634,0.9565,0.4908,0.944,0.491,0.592,0.969,ptx,nomsa_template
2cny,44,2,0.9634,0.9565,0.4141,0.954,0.414,0.511,0.969,ptx,nomsa_template
2cny,44,3,0.9634,0.9564,0.3951,0.962,0.395,0.446,0.969,ptx,nomsa_template
2cny,44,4,0.9634,0.9564,0.3967,0.958,0.397,0.506,0.979,ptx,nomsa_template
2e4h,42,0,0.8203,0.8385,11.3743,0.387,11.374,4.006,0.68,ptx,nomsa_template
2e4h,42,1,0.821,0.8383,11.9001,0.377,11.9,4.186,0.68,ptx,nomsa_template
2e4h,42,2,0.8147,0.8379,9.7009,0.467,9.701,3.357,0.8,ptx,nomsa_template
2e4h,42,3,0.8131,0.8378,14.3936,0.369,14.394,4.816,0.76,ptx,nomsa_template
2e4h,42,4,0.8096,0.8372,15.0112,0.348,15.011,5.044,0.72,ptx,nomsa_template
2e4h,43,0,0.8187,0.8395,11.2731,0.402,11.273,3.969,0.72,ptx,nomsa_template
2e4h,43,1,0.8209,0.8394,11.5128,0.385,11.513,4.035,0.68,ptx,nomsa_template
2e4h,43,2,0.8198,0.8392,11.1397,0.405,11.14,3.914,0.72,ptx,nomsa_template
2e4h,43,3,0.8192,0.839,11.0051,0.421,11.005,3.872,0.76,ptx,nomsa_template
2e4h,43,4,0.8074,0.8383,7.953,0.525,7.953,2.654,0.8,ptx,nomsa_template
2e4h,44,0,0.8185,0.8384,11.004,0.422,11.004,3.851,0.76,ptx,nomsa_template
2e4h,44,1,0.8191,0.8381,10.3399,0.421,10.34,3.71,0.72,ptx,nomsa_template
2e4h,44,2,0.8199,0.838,10.8719,0.41,10.872,3.848,0.72,ptx,nomsa_template
2e4h,44,3,0.8109,0.8374,7.8722,0.522,7.872,2.753,0.8,ptx,nomsa_template
2e4h,44,4,0.8126,0.8371,9.4538,0.473,9.454,3.281,0.8,ptx,nomsa_template
2fgr,42,0,0.482,0.6932,18.4572,0.071,18.457,7.52,0.0,ptx,nomsa_template
2fgr,42,1,0.5055,0.6863,27.7975,0.034,27.798,11.355,0.0,ptx,nomsa_template
2fgr,42,2,0.4789,0.6857,18.3258,0.071,18.326,7.768,0.0,ptx,nomsa_template
2fgr,42,3,0.4598,0.6798,17.6784,0.089,17.678,7.293,0.038,ptx,nomsa_template
2fgr,42,4,0.4744,0.6792,18.0926,0.112,18.093,7.465,0.115,ptx,nomsa_template
2fgr,43,0,0.5093,0.7369,19.1828,0.078,19.183,8.135,0.038,ptx,nomsa_template
2fgr,43,1,0.4899,0.7318,18.1797,0.072,18.18,7.562,0.0,ptx,nomsa_template
2fgr,43,2,0.4787,0.7244,19.3314,0.078,19.331,8.071,0.038,ptx,nomsa_template
2fgr,43,3,0.4951,0.7222,17.8161,0.113,17.816,7.424,0.115,ptx,nomsa_template
2fgr,43,4,0.4697,0.7209,18.3275,0.072,18.328,7.479,0.0,ptx,nomsa_template
2fgr,44,0,0.5193,0.6981,19.6177,0.064,19.618,8.125,0.0,ptx,nomsa_template
2fgr,44,1,0.515,0.6925,18.5576,0.083,18.558,7.714,0.038,ptx,nomsa_template
2fgr,44,2,0.495,0.6822,17.3832,0.078,17.383,7.212,0.0,ptx,nomsa_template
2fgr,44,3,0.4885,0.6818,18.7454,0.081,18.745,7.867,0.038,ptx,nomsa_template
2fgr,44,4,0.4842,0.6783,18.0426,0.073,18.043,7.507,0.0,ptx,nomsa_template
2fka,42,0,0.9214,0.934,1.083,0.963,1.083,0.487,1.0,ptx,nomsa_template
2fka,42,1,0.9218,0.9339,0.6854,0.96,0.685,0.399,0.952,ptx,nomsa_template
2fka,42,2,0.9211,0.9336,1.2428,0.957,1.243,0.524,1.0,ptx,nomsa_template
2fka,42,3,0.9212,0.9334,1.0071,0.965,1.007,0.479,1.0,ptx,nomsa_template
2fka,42,4,0.9209,0.9332,1.1434,0.96,1.143,0.508,1.0,ptx,nomsa_template
2fka,43,0,0.9338,0.9456,0.7578,0.974,0.758,0.413,1.0,ptx,nomsa_template
2fka,43,1,0.9334,0.9453,0.6656,0.976,0.666,0.402,1.0,ptx,nomsa_template
2fka,43,2,0.933,0.9452,1.1171,0.961,1.117,0.499,1.0,ptx,nomsa_template
2fka,43,3,0.9333,0.9452,0.879,0.971,0.879,0.434,1.0,ptx,nomsa_template
2fka,43,4,0.9332,0.9451,0.7327,0.976,0.733,0.397,1.0,ptx,nomsa_template
2fka,44,0,0.9202,0.9357,0.6925,0.954,0.692,0.455,0.952,ptx,nomsa_template
2fka,44,1,0.9205,0.9357,0.6897,0.976,0.69,0.394,1.0,ptx,nomsa_template
2fka,44,2,0.9205,0.9356,0.7808,0.957,0.781,0.418,0.952,ptx,nomsa_template
2fka,44,3,0.9203,0.9355,1.1169,0.958,1.117,0.522,1.0,ptx,nomsa_template
2fka,44,4,0.9203,0.9355,0.6717,0.975,0.672,0.405,1.0,ptx,nomsa_template
2hpl,42,0,0.9366,0.9458,0.5014,0.991,0.501,0.233,1.0,ptx,nomsa_template
2hpl,42,1,0.9365,0.9458,0.5513,0.99,0.551,0.248,1.0,ptx,nomsa_template
2hpl,42,2,0.9365,0.9457,0.4979,0.99,0.498,0.243,1.0,ptx,nomsa_template
2hpl,42,3,0.9365,0.9456,0.5295,0.99,0.53,0.252,1.0,ptx,nomsa_template
2hpl,42,4,0.9365,0.9456,0.5278,0.99,0.528,0.242,1.0,ptx,nomsa_template
2hpl,43,0,0.9368,0.946,0.491,0.991,0.491,0.241,1.0,ptx,nomsa_template
2hpl,43,1,0.9367,0.9458,0.5635,0.989,0.564,0.254,1.0,ptx,nomsa_template
2hpl,43,2,0.9368,0.9458,0.4969,0.99,0.497,0.242,1.0,ptx,nomsa_template
2hpl,43,3,0.9367,0.9458,0.5257,0.989,0.526,0.254,1.0,ptx,nomsa_template
2hpl,43,4,0.9367,0.9458,0.566,0.989,0.566,0.255,1.0,ptx,nomsa_template
2hpl,44,0,0.9368,0.9459,0.5244,0.989,0.524,0.264,1.0,ptx,nomsa_template
2hpl,44,1,0.9367,0.9459,0.5477,0.989,0.548,0.254,1.0,ptx,nomsa_template
2hpl,44,2,0.9367,0.9459,0.5118,0.991,0.512,0.239,1.0,ptx,nomsa_template
2hpl,44,3,0.9368,0.9458,0.5085,0.989,0.508,0.264,1.0,ptx,nomsa_template
2hpl,44,4,0.9367,0.9458,0.5329,0.99,0.533,0.249,1.0,ptx,nomsa_template
2ht9,42,0,0.5944,0.5689,16.2459,0.24,16.246,6.529,0.455,ptx,nomsa_template
2ht9,42,1,0.6017,0.5651,21.5028,0.117,21.503,8.142,0.182,ptx,nomsa_template
2ht9,42,2,0.5841,0.5176,3.9912,0.7,3.991,1.619,0.818,ptx,nomsa_template
2ht9,42,3,0.5799,0.5069,6.9363,0.408,6.936,2.533,0.364,ptx,nomsa_template
2ht9,42,4,0.5817,0.5023,7.1243,0.375,7.124,2.506,0.273,ptx,nomsa_template
2ht9,43,0,0.6067,0.5782,16.2771,0.212,16.277,6.095,0.364,ptx,nomsa_template
2ht9,43,1,0.6062,0.571,14.132,0.261,14.132,5.728,0.455,ptx,nomsa_template
2ht9,43,2,0.581,0.4946,3.9216,0.601,3.922,1.429,0.455,ptx,nomsa_template
2ht9,43,3,0.5845,0.4913,6.3476,0.43,6.348,2.384,0.364,ptx,nomsa_template
2ht9,43,4,0.5828,0.4913,5.9213,0.459,5.921,2.087,0.364,ptx,nomsa_template
2ht9,44,0,0.6002,0.5761,14.6962,0.284,14.696,6.132,0.545,ptx,nomsa_template
2ht9,44,1,0.5944,0.5613,13.975,0.292,13.975,5.96,0.545,ptx,nomsa_template
2ht9,44,2,0.6039,0.5559,12.178,0.231,12.178,4.69,0.273,ptx,nomsa_template
2ht9,44,3,0.588,0.5492,13.8282,0.117,13.828,5.231,0.0,ptx,nomsa_template
2ht9,44,4,0.5835,0.5017,6.6341,0.404,6.634,2.765,0.364,ptx,nomsa_template
2i94,42,0,0.8278,0.8963,14.7369,0.133,14.737,7.009,0.106,ptx,nomsa_template
2i94,42,1,0.8245,0.8946,12.8699,0.163,12.87,6.146,0.128,ptx,nomsa_template
2i94,42,2,0.8267,0.8942,14.4721,0.136,14.472,6.97,0.106,ptx,nomsa_template
2i94,42,3,0.8255,0.893,14.4603,0.136,14.46,6.895,0.106,ptx,nomsa_template
2i94,42,4,0.8257,0.8925,13.996,0.148,13.996,6.817,0.128,ptx,nomsa_template
2i94,43,0,0.8247,0.8952,12.9457,0.161,12.946,6.235,0.128,ptx,nomsa_template
2i94,43,1,0.8267,0.8928,14.3436,0.145,14.344,6.82,0.128,ptx,nomsa_template
2i94,43,2,0.8236,0.8924,14.2995,0.138,14.3,6.833,0.106,ptx,nomsa_template
2i94,43,3,0.8262,0.8923,14.2108,0.139,14.211,6.788,0.106,ptx,nomsa_template
2i94,43,4,0.8212,0.891,14.3564,0.137,14.356,6.868,0.106,ptx,nomsa_template
2i94,44,0,0.8223,0.894,12.9153,0.154,12.915,6.288,0.106,ptx,nomsa_template
2i94,44,1,0.8231,0.8934,14.9846,0.138,14.985,7.176,0.128,ptx,nomsa_template
2i94,44,2,0.8235,0.8934,15.02,0.13,15.02,7.167,0.106,ptx,nomsa_template
2i94,44,3,0.8257,0.8925,14.3108,0.145,14.311,6.83,0.128,ptx,nomsa_template
2i94,44,4,0.8226,0.8911,14.1758,0.139,14.176,6.822,0.106,ptx,nomsa_template
2ivz,42,0,0.4791,0.543,34.9607,0.024,34.961,11.867,0.0,ptx,nomsa_template
2ivz,42,1,0.471,0.5335,33.9932,0.025,33.993,11.538,0.0,ptx,nomsa_template
2ivz,42,2,0.4699,0.5297,34.5352,0.024,34.535,11.748,0.0,ptx,nomsa_template
2ivz,42,3,0.4704,0.5271,32.8076,0.027,32.808,11.251,0.0,ptx,nomsa_template
2ivz,42,4,0.4466,0.5141,32.4068,0.028,32.407,10.985,0.0,ptx,nomsa_template
2ivz,43,0,0.5535,0.6743,33.976,0.025,33.976,11.527,0.0,ptx,nomsa_template
2ivz,43,1,0.5484,0.672,35.209,0.024,35.209,11.933,0.0,ptx,nomsa_template
2ivz,43,2,0.5482,0.6717,34.5663,0.024,34.566,11.697,0.0,ptx,nomsa_template
2ivz,43,3,0.5399,0.6638,35.2619,0.023,35.262,11.981,0.0,ptx,nomsa_template
2ivz,43,4,0.5348,0.647,34.4535,0.024,34.454,11.745,0.0,ptx,nomsa_template
2ivz,44,0,0.5585,0.6916,33.976,0.025,33.976,11.552,0.0,ptx,nomsa_template
2ivz,44,1,0.5489,0.6864,34.4466,0.025,34.447,11.702,0.0,ptx,nomsa_template
2ivz,44,2,0.5468,0.6836,34.8512,0.024,34.851,11.837,0.0,ptx,nomsa_template
2ivz,44,3,0.5366,0.665,33.8219,0.025,33.822,11.495,0.0,ptx,nomsa_template
2ivz,44,4,0.5138,0.6486,32.6239,0.027,32.624,11.12,0.0,ptx,nomsa_template
2jkg,42,0,0.6876,0.7316,1.292,0.921,1.292,0.641,0.941,ptx,nomsa_template
2jkg,42,1,0.6881,0.7308,1.2274,0.912,1.227,0.572,0.882,ptx,nomsa_template
2jkg,42,2,0.6866,0.7306,1.0824,0.928,1.082,0.607,0.941,ptx,nomsa_template
2jkg,42,3,0.6872,0.729,1.7837,0.877,1.784,0.768,0.882,ptx,nomsa_template
2jkg,42,4,0.6844,0.7263,1.2175,0.887,1.217,0.609,0.824,ptx,nomsa_template
2jkg,43,0,0.6866,0.7184,1.4193,0.897,1.419,0.662,0.882,ptx,nomsa_template
2jkg,43,1,0.6869,0.718,2.0546,0.878,2.055,0.87,0.941,ptx,nomsa_template
2jkg,43,2,0.6866,0.7178,1.74,0.873,1.74,0.804,0.882,ptx,nomsa_template
2jkg,43,3,0.6851,0.7159,1.4596,0.919,1.46,0.644,0.941,ptx,nomsa_template
2jkg,43,4,0.6838,0.7155,1.4525,0.916,1.453,0.666,0.941,ptx,nomsa_template
2jkg,44,0,0.6839,0.7191,1.5218,0.893,1.522,0.684,0.882,ptx,nomsa_template
2jkg,44,1,0.6826,0.7186,1.1886,0.931,1.189,0.578,0.941,ptx,nomsa_template
2jkg,44,2,0.6803,0.7149,1.0136,0.934,1.014,0.566,0.941,ptx,nomsa_template
2jkg,44,3,0.6799,0.7122,1.2769,0.918,1.277,0.514,0.882,ptx,nomsa_template
2jkg,44,4,0.6751,0.7116,4.2244,0.62,4.224,1.594,0.588,ptx,nomsa_template
2jnw,42,0,0.786,0.8696,26.6926,0.036,26.693,11.82,0.0,ptx,nomsa_template
2jnw,42,1,0.7854,0.8689,26.5085,0.037,26.509,11.584,0.0,ptx,nomsa_template
2jnw,42,2,0.7831,0.8683,25.8584,0.039,25.858,11.001,0.0,ptx,nomsa_template
2jnw,42,3,0.7693,0.8664,23.9829,0.043,23.983,11.732,0.0,ptx,nomsa_template
2jnw,42,4,0.748,0.8418,25.7173,0.047,25.717,11.592,0.026,ptx,nomsa_template
2jnw,43,0,0.3659,0.2751,23.1975,0.046,23.198,10.747,0.0,ptx,nomsa_template
2jnw,43,1,0.3688,0.2679,24.135,0.043,24.135,11.302,0.0,ptx,nomsa_template
2jnw,43,2,0.3688,0.2593,25.0228,0.049,25.023,11.676,0.026,ptx,nomsa_template
2jnw,43,3,0.3679,0.2567,24.4466,0.05,24.447,12.201,0.026,ptx,nomsa_template
2jnw,43,4,0.3598,0.2486,23.327,0.053,23.327,11.779,0.026,ptx,nomsa_template
2jnw,44,0,0.4333,0.3204,25.5255,0.065,25.525,11.815,0.079,ptx,nomsa_template
2jnw,44,1,0.4154,0.3101,22.366,0.057,22.366,11.239,0.026,ptx,nomsa_template
2jnw,44,2,0.4199,0.3114,19.4493,0.07,19.449,9.842,0.026,ptx,nomsa_template
2jnw,44,3,0.4174,0.3051,23.2397,0.054,23.24,11.54,0.026,ptx,nomsa_template
2jnw,44,4,0.3771,0.2894,24.8444,0.041,24.844,11.3,0.0,ptx,nomsa_template
2jqk,42,0,0.85,0.8167,3.4563,0.71,3.456,1.702,0.833,ptx,nomsa_template
2jqk,42,1,0.8501,0.8162,3.3504,0.715,3.35,1.673,0.833,ptx,nomsa_template
2jqk,42,2,0.8499,0.816,3.3484,0.702,3.348,1.666,0.792,ptx,nomsa_template
2jqk,42,3,0.8501,0.8159,3.4614,0.709,3.461,1.701,0.833,ptx,nomsa_template
2jqk,42,4,0.8459,0.803,3.7498,0.717,3.75,1.691,0.875,ptx,nomsa_template
2jqk,43,0,0.8499,0.8158,3.3017,0.718,3.302,1.648,0.833,ptx,nomsa_template
2jqk,43,1,0.8494,0.8155,3.2557,0.721,3.256,1.629,0.833,ptx,nomsa_template
2jqk,43,2,0.8494,0.8145,3.3169,0.704,3.317,1.655,0.792,ptx,nomsa_template
2jqk,43,3,0.8491,0.8145,3.2788,0.71,3.279,1.602,0.792,ptx,nomsa_template
2jqk,43,4,0.8491,0.8129,3.199,0.709,3.199,1.625,0.792,ptx,nomsa_template
2jqk,44,0,0.8455,0.8181,3.4329,0.712,3.433,1.679,0.833,ptx,nomsa_template
2jqk,44,1,0.8456,0.8174,3.4661,0.707,3.466,1.722,0.833,ptx,nomsa_template
2jqk,44,2,0.845,0.8161,3.2196,0.731,3.22,1.685,0.875,ptx,nomsa_template
2jqk,44,3,0.8448,0.8152,3.2791,0.714,3.279,1.7,0.833,ptx,nomsa_template
2jqk,44,4,0.8418,0.804,3.2033,0.733,3.203,1.53,0.833,ptx,nomsa_template
2ka9,42,0,0.731,0.8686,18.1817,0.441,18.182,2.437,0.87,ptx,nomsa_template
2ka9,42,1,0.7167,0.8682,12.2029,0.46,12.203,2.76,0.826,ptx,nomsa_template
2ka9,42,2,0.717,0.8682,12.5265,0.467,12.526,2.849,0.87,ptx,nomsa_template
2ka9,42,3,0.7311,0.8673,9.297,0.517,9.297,2.478,0.826,ptx,nomsa_template
2ka9,42,4,0.6963,0.8507,20.2028,0.443,20.203,2.502,0.913,ptx,nomsa_template
2ka9,43,0,0.6995,0.8286,16.4525,0.448,16.452,2.506,0.87,ptx,nomsa_template
2ka9,43,1,0.6976,0.831,15.9873,0.443,15.987,2.668,0.87,ptx,nomsa_template
2ka9,43,2,0.6271,0.7946,23.043,0.419,23.043,2.476,0.87,ptx,nomsa_template
2ka9,43,3,0.5642,0.6795,31.4329,0.053,31.433,6.806,0.043,ptx,nomsa_template
2ka9,43,4,0.5169,0.6288,33.0332,0.063,33.033,7.319,0.087,ptx,nomsa_template
2ka9,44,0,0.7218,0.8699,8.1571,0.542,8.157,2.414,0.826,ptx,nomsa_template
2ka9,44,1,0.7147,0.8671,10.2684,0.484,10.268,2.834,0.826,ptx,nomsa_template
2ka9,44,2,0.6967,0.8567,18.1533,0.41,18.153,2.793,0.826,ptx,nomsa_template
2ka9,44,3,0.6672,0.8413,22.0771,0.423,22.077,2.464,0.87,ptx,nomsa_template
2ka9,44,4,0.6572,0.8362,19.9507,0.422,19.951,2.659,0.87,ptx,nomsa_template
2kbr,42,0,0.922,0.9249,3.0579,0.721,3.058,1.691,0.838,ptx,nomsa_template
2kbr,42,1,0.9219,0.9247,3.1495,0.684,3.15,1.678,0.73,ptx,nomsa_template
2kbr,42,2,0.9219,0.9245,3.1472,0.71,3.147,1.696,0.811,ptx,nomsa_template
2kbr,42,3,0.9216,0.9241,3.0414,0.684,3.041,1.709,0.73,ptx,nomsa_template
2kbr,42,4,0.9219,0.9239,3.258,0.702,3.258,1.751,0.811,ptx,nomsa_template
2kbr,43,0,0.921,0.9243,3.2127,0.704,3.213,1.745,0.811,ptx,nomsa_template
2kbr,43,1,0.9211,0.924,3.0609,0.706,3.061,1.664,0.784,ptx,nomsa_template
2kbr,43,2,0.921,0.9238,2.9764,0.709,2.976,1.654,0.784,ptx,nomsa_template
2kbr,43,3,0.9212,0.9238,3.0731,0.707,3.073,1.645,0.784,ptx,nomsa_template
2kbr,43,4,0.9211,0.9234,3.0284,0.715,3.028,1.67,0.811,ptx,nomsa_template
2kbr,44,0,0.9214,0.9245,3.1929,0.687,3.193,1.734,0.757,ptx,nomsa_template
2kbr,44,1,0.9213,0.9244,3.3057,0.688,3.306,1.792,0.784,ptx,nomsa_template
2kbr,44,2,0.9212,0.9243,2.9686,0.711,2.969,1.629,0.784,ptx,nomsa_template
2kbr,44,3,0.9213,0.924,3.0514,0.708,3.051,1.643,0.784,ptx,nomsa_template
2kbr,44,4,0.9213,0.9237,3.2628,0.7,3.263,1.773,0.811,ptx,nomsa_template
2ke1,42,0,0.9257,0.9375,5.1307,0.605,5.131,2.397,0.8,ptx,nomsa_template
2ke1,42,1,0.9257,0.9381,5.0422,0.6,5.042,2.524,0.8,ptx,nomsa_template
2ke1,42,2,0.9261,0.9374,5.4707,0.563,5.471,2.989,0.78,ptx,nomsa_template
2ke1,42,3,0.9256,0.9374,6.886,0.533,6.886,2.852,0.78,ptx,nomsa_template
2ke1,42,4,0.9254,0.9372,7.5011,0.525,7.501,2.733,0.78,ptx,nomsa_template
2ke1,43,0,0.926,0.9381,4.8212,0.596,4.821,2.584,0.78,ptx,nomsa_template
2ke1,43,1,0.9255,0.9383,5.0227,0.592,5.023,2.57,0.78,ptx,nomsa_template
2ke1,43,2,0.926,0.9376,5.1347,0.618,5.135,2.276,0.82,ptx,nomsa_template
2ke1,43,3,0.926,0.9377,5.0224,0.578,5.022,2.882,0.78,ptx,nomsa_template
2ke1,43,4,0.9255,0.9374,4.5206,0.596,4.521,2.751,0.78,ptx,nomsa_template
2ke1,44,0,0.9257,0.9376,4.6,0.616,4.6,2.445,0.8,ptx,nomsa_template
2ke1,44,1,0.9255,0.9374,5.1062,0.587,5.106,2.487,0.76,ptx,nomsa_template
2ke1,44,2,0.9252,0.9375,4.862,0.596,4.862,2.57,0.78,ptx,nomsa_template
2ke1,44,3,0.9256,0.9374,4.7057,0.585,4.706,2.908,0.78,ptx,nomsa_template
2ke1,44,4,0.9261,0.9373,5.2349,0.55,5.235,3.39,0.76,ptx,nomsa_template
2khh,42,0,0.7538,0.7261,19.7044,0.067,19.704,6.935,0.0,ptx,nomsa_template
2khh,42,1,0.7513,0.6986,21.5459,0.057,21.546,7.768,0.0,ptx,nomsa_template
2khh,42,2,0.6955,0.6514,7.3042,0.393,7.304,3.506,0.448,ptx,nomsa_template
2khh,42,3,0.6894,0.6461,13.9505,0.223,13.951,6.25,0.345,ptx,nomsa_template
2khh,42,4,0.6895,0.6398,14.6031,0.193,14.603,6.443,0.276,ptx,nomsa_template
2khh,43,0,0.7668,0.7105,22.6945,0.051,22.694,8.506,0.0,ptx,nomsa_template
2khh,43,1,0.7211,0.6653,17.229,0.106,17.229,6.41,0.069,ptx,nomsa_template
2khh,43,2,0.692,0.6484,14.5251,0.229,14.525,6.418,0.379,ptx,nomsa_template
2khh,43,3,0.6885,0.6484,13.688,0.25,13.688,6.039,0.414,ptx,nomsa_template
2khh,43,4,0.6932,0.6407,14.9373,0.213,14.937,6.527,0.345,ptx,nomsa_template
2khh,44,0,0.7874,0.7603,23.738,0.047,23.738,8.925,0.0,ptx,nomsa_template
2khh,44,1,0.7831,0.7578,22.1381,0.054,22.138,7.882,0.0,ptx,nomsa_template
2khh,44,2,0.7614,0.7542,21.2952,0.058,21.295,7.708,0.0,ptx,nomsa_template
2khh,44,3,0.7843,0.7535,22.1615,0.053,22.161,8.222,0.0,ptx,nomsa_template
2khh,44,4,0.7658,0.7437,21.8985,0.054,21.898,8.205,0.0,ptx,nomsa_template
2koh,42,0,0.7156,0.8635,12.3036,0.442,12.304,3.37,0.838,ptx,nomsa_template
2koh,42,1,0.7136,0.8628,12.2059,0.426,12.206,3.329,0.784,ptx,nomsa_template
2koh,42,2,0.7169,0.8623,13.1028,0.418,13.103,3.605,0.811,ptx,nomsa_template
2koh,42,3,0.7145,0.8623,12.82,0.424,12.82,3.501,0.811,ptx,nomsa_template
2koh,42,4,0.6901,0.8605,17.7532,0.336,17.753,4.758,0.73,ptx,nomsa_template
2koh,43,0,0.7226,0.8604,12.4708,0.437,12.471,3.506,0.838,ptx,nomsa_template
2koh,43,1,0.7214,0.8603,12.216,0.424,12.216,3.43,0.784,ptx,nomsa_template
2koh,43,2,0.7236,0.86,12.7197,0.416,12.72,3.476,0.784,ptx,nomsa_template
2koh,43,3,0.726,0.8599,12.2958,0.459,12.296,3.41,0.892,ptx,nomsa_template
2koh,43,4,0.7187,0.8594,11.9431,0.439,11.943,3.32,0.811,ptx,nomsa_template
2koh,44,0,0.7156,0.8644,12.1822,0.453,12.182,3.344,0.865,ptx,nomsa_template
2koh,44,1,0.7169,0.8627,13.013,0.414,13.013,3.466,0.784,ptx,nomsa_template
2koh,44,2,0.7155,0.8627,12.4953,0.42,12.495,3.434,0.784,ptx,nomsa_template
2koh,44,3,0.7155,0.8625,12.5137,0.42,12.514,3.446,0.784,ptx,nomsa_template
2koh,44,4,0.691,0.8587,17.264,0.35,17.264,4.516,0.757,ptx,nomsa_template
2las,42,0,0.711,0.6683,6.5711,0.428,6.571,2.712,0.424,ptx,nomsa_template
2las,42,1,0.7101,0.6681,6.2612,0.467,6.261,2.684,0.515,ptx,nomsa_template
2las,42,2,0.7098,0.6659,5.5322,0.465,5.532,2.476,0.424,ptx,nomsa_template
2las,42,3,0.7097,0.6636,5.6755,0.464,5.676,2.43,0.424,ptx,nomsa_template
2las,42,4,0.7076,0.6619,5.7273,0.478,5.727,2.526,0.485,ptx,nomsa_template
2las,43,0,0.7092,0.6691,6.2174,0.486,6.217,2.999,0.606,ptx,nomsa_template
2las,43,1,0.7074,0.6612,6.0935,0.496,6.093,2.594,0.576,ptx,nomsa_template
2las,43,2,0.7056,0.6576,6.7706,0.428,6.771,2.842,0.455,ptx,nomsa_template
2las,43,3,0.7047,0.6546,6.5757,0.393,6.576,3.087,0.364,ptx,nomsa_template
2las,43,4,0.7052,0.6535,5.7131,0.47,5.713,2.48,0.455,ptx,nomsa_template
2las,44,0,0.7054,0.6675,6.5742,0.424,6.574,3.068,0.455,ptx,nomsa_template
2las,44,1,0.7057,0.6638,6.5812,0.439,6.581,2.688,0.455,ptx,nomsa_template
2las,44,2,0.7029,0.6603,6.9501,0.414,6.95,2.827,0.424,ptx,nomsa_template
2las,44,3,0.7061,0.6582,4.9682,0.477,4.968,2.331,0.394,ptx,nomsa_template
2las,44,4,0.6769,0.6524,23.0812,0.096,23.081,11.49,0.152,ptx,nomsa_template
2lsi,42,0,0.8467,0.9049,4.5628,0.667,4.563,2.231,0.914,ptx,nomsa_template
2lsi,42,1,0.8498,0.9049,4.5437,0.661,4.544,2.341,0.914,ptx,nomsa_template
2lsi,42,2,0.8495,0.9048,4.4422,0.679,4.442,2.25,0.943,ptx,nomsa_template
2lsi,42,3,0.8495,0.9046,4.2343,0.677,4.234,2.209,0.914,ptx,nomsa_template
2lsi,42,4,0.8484,0.9045,4.3747,0.663,4.375,2.384,0.914,ptx,nomsa_template
2lsi,43,0,0.8487,0.905,4.5588,0.675,4.559,2.265,0.943,ptx,nomsa_template
2lsi,43,1,0.8495,0.9049,4.0893,0.679,4.089,2.238,0.914,ptx,nomsa_template
2lsi,43,2,0.8483,0.9048,4.3193,0.681,4.319,2.114,0.914,ptx,nomsa_template
2lsi,43,3,0.8491,0.9047,4.3032,0.619,4.303,2.356,0.771,ptx,nomsa_template
2lsi,43,4,0.8478,0.9045,5.3308,0.597,5.331,2.446,0.8,ptx,nomsa_template
2lsi,44,0,0.8495,0.9049,4.03,0.674,4.03,2.183,0.886,ptx,nomsa_template
2lsi,44,1,0.849,0.9047,4.3973,0.67,4.397,2.261,0.914,ptx,nomsa_template
2lsi,44,2,0.849,0.9047,4.6297,0.659,4.63,2.337,0.914,ptx,nomsa_template
2lsi,44,3,0.8487,0.9047,4.764,0.624,4.764,2.386,0.829,ptx,nomsa_template
2lsi,44,4,0.8498,0.9046,4.1821,0.679,4.182,2.202,0.914,ptx,nomsa_template
2m0v,42,0,0.9539,0.9829,4.0481,0.725,4.048,1.561,0.88,ptx,nomsa_template
2m0v,42,1,0.9539,0.9828,4.278,0.723,4.278,1.53,0.88,ptx,nomsa_template
2m0v,42,2,0.9541,0.9829,4.0937,0.728,4.094,1.52,0.88,ptx,nomsa_template
2m0v,42,3,0.9541,0.9829,3.8535,0.73,3.853,1.558,0.88,ptx,nomsa_template
2m0v,42,4,0.9541,0.9828,3.8559,0.733,3.856,1.536,0.88,ptx,nomsa_template
2m0v,43,0,0.9541,0.9828,4.0416,0.739,4.042,1.56,0.92,ptx,nomsa_template
2m0v,43,1,0.954,0.9828,3.9761,0.743,3.976,1.532,0.92,ptx,nomsa_template
2m0v,43,2,0.9541,0.9828,3.7953,0.733,3.795,1.542,0.88,ptx,nomsa_template
2m0v,43,3,0.9542,0.9828,3.9266,0.733,3.927,1.518,0.88,ptx,nomsa_template
2m0v,43,4,0.9542,0.9828,3.9469,0.73,3.947,1.54,0.88,ptx,nomsa_template
2m0v,44,0,0.9539,0.9828,3.8243,0.747,3.824,1.535,0.92,ptx,nomsa_template
2m0v,44,1,0.954,0.9828,4.0818,0.727,4.082,1.533,0.88,ptx,nomsa_template
2m0v,44,2,0.9539,0.9828,3.7785,0.73,3.779,1.578,0.88,ptx,nomsa_template
2m0v,44,3,0.9538,0.9827,3.8443,0.746,3.844,1.535,0.92,ptx,nomsa_template
2m0v,44,4,0.9541,0.9827,3.8282,0.734,3.828,1.524,0.88,ptx,nomsa_template
2nnu,42,0,0.6534,0.6887,3.2641,0.774,3.264,1.398,0.917,ptx,nomsa_template
2nnu,42,1,0.6616,0.6884,8.0841,0.373,8.084,4.027,0.472,ptx,nomsa_template
2nnu,42,2,0.6492,0.6872,5.303,0.493,5.303,2.734,0.528,ptx,nomsa_template
2nnu,42,3,0.6536,0.6834,4.4082,0.558,4.408,2.282,0.583,ptx,nomsa_template
2nnu,42,4,0.6543,0.6766,7.7153,0.366,7.715,3.829,0.417,ptx,nomsa_template
2nnu,43,0,0.8731,0.9387,3.5307,0.751,3.531,1.549,0.917,ptx,nomsa_template
2nnu,43,1,0.8723,0.9384,2.9043,0.802,2.904,1.316,0.944,ptx,nomsa_template
2nnu,43,2,0.8722,0.9383,3.0691,0.776,3.069,1.506,0.944,ptx,nomsa_template
2nnu,43,3,0.8697,0.9369,2.4108,0.828,2.411,1.192,0.944,ptx,nomsa_template
2nnu,43,4,0.8683,0.9351,1.7919,0.879,1.792,0.902,0.944,ptx,nomsa_template
2nnu,44,0,0.6482,0.6886,6.0259,0.486,6.026,2.925,0.583,ptx,nomsa_template
2nnu,44,1,0.6466,0.6833,5.6361,0.462,5.636,2.828,0.472,ptx,nomsa_template
2nnu,44,2,0.6477,0.6827,4.5107,0.678,4.511,1.975,0.889,ptx,nomsa_template
2nnu,44,3,0.6443,0.6814,3.1488,0.747,3.149,1.498,0.861,ptx,nomsa_template
2nnu,44,4,0.6446,0.673,4.8749,0.523,4.875,2.522,0.556,ptx,nomsa_template
2o9v,42,0,0.9584,0.9385,0.465,0.99,0.465,0.253,1.0,ptx,nomsa_template
2o9v,42,1,0.9587,0.9384,0.5532,0.93,0.553,0.763,1.0,ptx,nomsa_template
2o9v,42,2,0.9584,0.9383,0.5663,0.976,0.566,0.25,0.96,ptx,nomsa_template
2o9v,42,3,0.9584,0.9384,0.5105,0.989,0.511,0.265,1.0,ptx,nomsa_template
2o9v,42,4,0.9584,0.9383,0.4186,0.976,0.419,0.26,0.96,ptx,nomsa_template
2o9v,43,0,0.9561,0.9379,0.459,0.99,0.459,0.244,1.0,ptx,nomsa_template
2o9v,43,1,0.9561,0.9378,0.5639,0.987,0.564,0.284,1.0,ptx,nomsa_template
2o9v,43,2,0.9561,0.9378,0.3862,0.991,0.386,0.241,1.0,ptx,nomsa_template
2o9v,43,3,0.9561,0.9378,0.4593,0.99,0.459,0.245,1.0,ptx,nomsa_template
2o9v,43,4,0.9561,0.9378,0.4313,0.988,0.431,0.279,1.0,ptx,nomsa_template
2o9v,44,0,0.9593,0.9402,0.5617,0.987,0.562,0.283,1.0,ptx,nomsa_template
2o9v,44,1,0.9593,0.9401,0.4179,0.992,0.418,0.223,1.0,ptx,nomsa_template
2o9v,44,2,0.9593,0.9401,0.4907,0.989,0.491,0.266,1.0,ptx,nomsa_template
2o9v,44,3,0.9595,0.9402,0.5206,0.987,0.521,0.289,1.0,ptx,nomsa_template
2o9v,44,4,0.9594,0.9401,0.4486,0.989,0.449,0.259,1.0,ptx,nomsa_template
2p1o,42,0,0.4395,0.6844,8.1512,0.353,8.151,3.747,0.4,ptx,nomsa_template
2p1o,42,1,0.4303,0.6824,8.487,0.339,8.487,3.747,0.378,ptx,nomsa_template
2p1o,42,2,0.4294,0.6824,8.4433,0.331,8.443,3.8,0.356,ptx,nomsa_template
2p1o,42,3,0.428,0.6789,8.6336,0.299,8.634,3.761,0.267,ptx,nomsa_template
2p1o,42,4,0.4182,0.6744,8.2336,0.286,8.234,3.694,0.2,ptx,nomsa_template
2p1o,43,0,0.4524,0.6957,8.3345,0.364,8.335,3.746,0.444,ptx,nomsa_template
2p1o,43,1,0.4447,0.6888,7.9121,0.355,7.912,3.546,0.378,ptx,nomsa_template
2p1o,43,2,0.4434,0.6863,7.4493,0.35,7.449,3.283,0.311,ptx,nomsa_template
2p1o,43,3,0.4382,0.6855,7.4554,0.376,7.455,3.399,0.4,ptx,nomsa_template
2p1o,43,4,0.4392,0.6854,7.6719,0.358,7.672,3.36,0.356,ptx,nomsa_template
2p1o,44,0,0.4456,0.6888,7.5585,0.393,7.558,3.007,0.422,ptx,nomsa_template
2p1o,44,1,0.4363,0.6821,7.4006,0.355,7.401,3.15,0.311,ptx,nomsa_template
2p1o,44,2,0.43,0.6785,7.1378,0.363,7.138,3.095,0.311,ptx,nomsa_template
2p1o,44,3,0.4257,0.6762,7.1441,0.367,7.144,3.183,0.333,ptx,nomsa_template
2p1o,44,4,0.4281,0.6746,6.4083,0.409,6.408,2.885,0.378,ptx,nomsa_template
2qos,42,0,0.9077,0.9587,0.3998,0.932,0.4,0.572,0.925,ptx,nomsa_template
2qos,42,1,0.9077,0.9586,0.4111,0.943,0.411,0.483,0.925,ptx,nomsa_template
2qos,42,2,0.9072,0.9585,0.4324,0.945,0.432,0.402,0.906,ptx,nomsa_template
2qos,42,3,0.9075,0.9585,0.3821,0.949,0.382,0.371,0.906,ptx,nomsa_template
2qos,42,4,0.9072,0.9584,0.5215,0.948,0.521,0.369,0.906,ptx,nomsa_template
2qos,43,0,0.9077,0.9587,0.4323,0.943,0.432,0.425,0.906,ptx,nomsa_template
2qos,43,1,0.9077,0.9587,0.4403,0.956,0.44,0.418,0.943,ptx,nomsa_template
2qos,43,2,0.9079,0.9586,0.4172,0.946,0.417,0.392,0.906,ptx,nomsa_template
2qos,43,3,0.9074,0.9585,0.4286,0.945,0.429,0.407,0.906,ptx,nomsa_template
2qos,43,4,0.9069,0.9585,0.4101,0.952,0.41,0.454,0.943,ptx,nomsa_template
2qos,44,0,0.8887,0.9509,0.4957,0.942,0.496,0.431,0.906,ptx,nomsa_template
2qos,44,1,0.8886,0.9507,0.4244,0.967,0.424,0.379,0.962,ptx,nomsa_template
2qos,44,2,0.8884,0.9506,0.3584,0.961,0.358,0.372,0.943,ptx,nomsa_template
2qos,44,3,0.8885,0.9506,0.4209,0.955,0.421,0.369,0.925,ptx,nomsa_template
2qos,44,4,0.8881,0.9506,0.4489,0.962,0.449,0.365,0.943,ptx,nomsa_template
2r7g,42,0,0.9118,0.9715,0.5185,0.893,0.519,0.646,0.84,ptx,nomsa_template
2r7g,42,1,0.912,0.9715,0.4898,0.901,0.49,0.586,0.84,ptx,nomsa_template
2r7g,42,2,0.9115,0.9713,0.5985,0.877,0.598,0.666,0.8,ptx,nomsa_template
2r7g,42,3,0.9118,0.9713,0.5299,0.911,0.53,0.613,0.88,ptx,nomsa_template
2r7g,42,4,0.9117,0.9712,0.5533,0.889,0.553,0.63,0.82,ptx,nomsa_template
2r7g,43,0,0.9124,0.9716,0.5992,0.886,0.599,0.644,0.82,ptx,nomsa_template
2r7g,43,1,0.9125,0.9715,0.4828,0.897,0.483,0.62,0.84,ptx,nomsa_template
2r7g,43,2,0.9125,0.9715,0.5087,0.892,0.509,0.604,0.82,ptx,nomsa_template
2r7g,43,3,0.9121,0.9715,0.615,0.923,0.615,0.519,0.88,ptx,nomsa_template
2r7g,43,4,0.9119,0.9712,0.6527,0.885,0.653,0.653,0.82,ptx,nomsa_template
2r7g,44,0,0.8817,0.9565,0.5207,0.892,0.521,0.654,0.84,ptx,nomsa_template
2r7g,44,1,0.8813,0.9565,0.5407,0.901,0.541,0.59,0.84,ptx,nomsa_template
2r7g,44,2,0.8812,0.9562,0.5635,0.881,0.564,0.686,0.82,ptx,nomsa_template
2r7g,44,3,0.8804,0.956,0.6295,0.877,0.629,0.666,0.8,ptx,nomsa_template
2r7g,44,4,0.881,0.9558,0.5742,0.904,0.574,0.616,0.86,ptx,nomsa_template
2rol,42,0,0.7326,0.6392,8.1848,0.301,8.185,3.812,0.25,ptx,nomsa_template
2rol,42,1,0.7316,0.6346,7.8517,0.319,7.852,3.789,0.281,ptx,nomsa_template
2rol,42,2,0.7316,0.6303,7.8433,0.308,7.843,3.808,0.25,ptx,nomsa_template
2rol,42,3,0.7308,0.6302,5.3477,0.382,5.348,3.203,0.25,ptx,nomsa_template
2rol,42,4,0.7307,0.6258,7.2397,0.315,7.24,3.638,0.219,ptx,nomsa_template
2rol,43,0,0.7347,0.6726,16.0038,0.136,16.004,8.285,0.156,ptx,nomsa_template
2rol,43,1,0.7335,0.6492,8.915,0.282,8.915,4.053,0.25,ptx,nomsa_template
2rol,43,2,0.7332,0.6472,8.3399,0.317,8.34,3.875,0.312,ptx,nomsa_template
2rol,43,3,0.7332,0.646,8.968,0.281,8.968,4.08,0.25,ptx,nomsa_template
2rol,43,4,0.7332,0.6451,7.7843,0.322,7.784,3.691,0.281,ptx,nomsa_template
2rol,44,0,0.724,0.6325,16.1748,0.124,16.175,8.442,0.125,ptx,nomsa_template
2rol,44,1,0.729,0.6279,7.4303,0.315,7.43,3.924,0.25,ptx,nomsa_template
2rol,44,2,0.7273,0.6276,8.8188,0.27,8.819,4.256,0.219,ptx,nomsa_template
2rol,44,3,0.7264,0.6161,8.6645,0.288,8.665,3.976,0.25,ptx,nomsa_template
2rol,44,4,0.7352,0.5839,16.6887,0.155,16.689,7.444,0.219,ptx,nomsa_template
2v8c,42,0,0.7032,0.7048,0.9967,0.936,0.997,0.628,0.971,ptx,nomsa_template
2v8c,42,1,0.704,0.7013,3.3484,0.695,3.348,1.4,0.686,ptx,nomsa_template
2v8c,42,2,0.7134,0.6985,8.0652,0.357,8.065,2.984,0.343,ptx,nomsa_template
2v8c,42,3,0.7054,0.6942,5.7806,0.475,5.781,2.226,0.429,ptx,nomsa_template
2v8c,42,4,0.6799,0.6674,19.8458,0.118,19.846,9.142,0.171,ptx,nomsa_template
2v8c,43,0,0.7436,0.7228,20.0483,0.117,20.048,9.15,0.171,ptx,nomsa_template
2v8c,43,1,0.7084,0.6934,7.9711,0.359,7.971,2.985,0.343,ptx,nomsa_template
2v8c,43,2,0.7045,0.6878,7.9996,0.359,8.0,2.964,0.343,ptx,nomsa_template
2v8c,43,3,0.7046,0.6861,7.1182,0.39,7.118,2.676,0.343,ptx,nomsa_template
2v8c,43,4,0.7059,0.684,5.3347,0.522,5.335,2.118,0.514,ptx,nomsa_template
2v8c,44,0,0.6979,0.6972,1.132,0.929,1.132,0.67,0.971,ptx,nomsa_template
2v8c,44,1,0.6969,0.6933,0.9123,0.929,0.912,0.618,0.943,ptx,nomsa_template
2v8c,44,2,0.6931,0.693,1.7161,0.862,1.716,0.823,0.857,ptx,nomsa_template
2v8c,44,3,0.7027,0.6865,7.2749,0.384,7.275,2.741,0.343,ptx,nomsa_template
2v8c,44,4,0.7027,0.6854,7.8857,0.362,7.886,2.952,0.343,ptx,nomsa_template
2vzg,42,0,0.6879,0.6577,14.2665,0.125,14.266,7.237,0.071,ptx,nomsa_template
2vzg,42,1,0.6865,0.6553,13.9832,0.128,13.983,7.078,0.071,ptx,nomsa_template
2vzg,42,2,0.668,0.636,3.5048,0.693,3.505,1.825,0.821,ptx,nomsa_template
2vzg,42,3,0.6674,0.6348,3.5578,0.691,3.558,1.836,0.821,ptx,nomsa_template
2vzg,42,4,0.6671,0.6343,3.4321,0.685,3.432,1.799,0.786,ptx,nomsa_template
2vzg,43,0,0.7038,0.6686,3.0651,0.738,3.065,1.71,0.893,ptx,nomsa_template
2vzg,43,1,0.7039,0.6684,2.6421,0.741,2.642,1.533,0.821,ptx,nomsa_template
2vzg,43,2,0.7033,0.668,3.203,0.724,3.203,1.697,0.857,ptx,nomsa_template
2vzg,43,3,0.7026,0.6679,2.4677,0.741,2.468,1.456,0.786,ptx,nomsa_template
2vzg,43,4,0.6739,0.6503,14.1442,0.126,14.144,7.173,0.071,ptx,nomsa_template
2vzg,44,0,0.7098,0.6819,2.9314,0.733,2.931,1.666,0.857,ptx,nomsa_template
2vzg,44,1,0.7095,0.6802,2.8952,0.733,2.895,1.674,0.857,ptx,nomsa_template
2vzg,44,2,0.7082,0.6796,2.5468,0.762,2.547,1.467,0.857,ptx,nomsa_template
2vzg,44,3,0.7085,0.6793,3.2462,0.707,3.246,1.734,0.821,ptx,nomsa_template
2vzg,44,4,0.7073,0.6787,3.2547,0.711,3.255,1.695,0.821,ptx,nomsa_template
2xcb,42,0,0.9364,0.97,0.854,0.962,0.854,0.33,0.943,ptx,nomsa_template
2xcb,42,1,0.9362,0.9698,0.9147,0.95,0.915,0.358,0.914,ptx,nomsa_template
2xcb,42,2,0.9363,0.9698,0.8915,0.951,0.891,0.348,0.914,ptx,nomsa_template
2xcb,42,3,0.9363,0.9698,0.9283,0.959,0.928,0.354,0.943,ptx,nomsa_template
2xcb,42,4,0.9363,0.9698,0.8908,0.96,0.891,0.352,0.943,ptx,nomsa_template
2xcb,43,0,0.9337,0.9683,0.8723,0.952,0.872,0.337,0.914,ptx,nomsa_template
2xcb,43,1,0.9333,0.9681,0.8735,0.951,0.874,0.352,0.914,ptx,nomsa_template
2xcb,43,2,0.9331,0.9681,0.877,0.961,0.877,0.342,0.943,ptx,nomsa_template
2xcb,43,3,0.9332,0.9681,0.9308,0.949,0.931,0.364,0.914,ptx,nomsa_template
2xcb,43,4,0.9333,0.9681,0.8897,0.96,0.89,0.348,0.943,ptx,nomsa_template
2xcb,44,0,0.9362,0.9699,0.881,0.95,0.881,0.362,0.914,ptx,nomsa_template
2xcb,44,1,0.9363,0.9699,0.9189,0.95,0.919,0.359,0.914,ptx,nomsa_template
2xcb,44,2,0.9363,0.9699,0.8714,0.962,0.871,0.336,0.943,ptx,nomsa_template
2xcb,44,3,0.9365,0.97,0.959,0.948,0.959,0.37,0.914,ptx,nomsa_template
2xcb,44,4,0.9366,0.9699,0.8872,0.95,0.887,0.353,0.914,ptx,nomsa_template
2xpn,42,0,0.9019,0.9403,2.2716,0.839,2.272,1.109,0.936,ptx,nomsa_template
2xpn,42,1,0.9015,0.9402,1.1428,0.927,1.143,0.601,0.936,ptx,nomsa_template
2xpn,42,2,0.9015,0.9401,1.6551,0.894,1.655,0.79,0.936,ptx,nomsa_template
2xpn,42,3,0.9016,0.94,1.2685,0.929,1.269,0.681,0.979,ptx,nomsa_template
2xpn,42,4,0.9016,0.9399,1.3042,0.914,1.304,0.684,0.936,ptx,nomsa_template
2xpn,43,0,0.8961,0.9369,1.3347,0.923,1.335,0.716,0.979,ptx,nomsa_template
2xpn,43,1,0.8958,0.9366,1.2804,0.938,1.28,0.664,1.0,ptx,nomsa_template
2xpn,43,2,0.8959,0.9365,1.1789,0.943,1.179,0.583,0.979,ptx,nomsa_template
2xpn,43,3,0.8959,0.9363,1.1523,0.939,1.152,0.615,0.979,ptx,nomsa_template
2xpn,43,4,0.896,0.936,2.3712,0.857,2.371,1.066,0.979,ptx,nomsa_template
2xpn,44,0,0.9007,0.9419,2.0745,0.853,2.074,1.034,0.936,ptx,nomsa_template
2xpn,44,1,0.9009,0.9417,2.5866,0.832,2.587,1.221,0.979,ptx,nomsa_template
2xpn,44,2,0.9006,0.9416,1.3142,0.926,1.314,0.695,0.979,ptx,nomsa_template
2xpn,44,3,0.9007,0.9414,2.3025,0.844,2.302,1.121,0.957,ptx,nomsa_template
2xpn,44,4,0.9006,0.9413,2.3185,0.837,2.318,1.116,0.936,ptx,nomsa_template
2xrw,42,0,0.8255,0.9523,3.3457,0.791,3.346,1.402,0.975,ptx,nomsa_template
2xrw,42,1,0.8261,0.9524,3.3273,0.783,3.327,1.411,0.95,ptx,nomsa_template
2xrw,42,2,0.826,0.9524,3.3512,0.777,3.351,1.379,0.925,ptx,nomsa_template
2xrw,42,3,0.8255,0.952,3.3284,0.786,3.328,1.384,0.95,ptx,nomsa_template
2xrw,42,4,0.8257,0.952,3.2289,0.783,3.229,1.353,0.925,ptx,nomsa_template
2xrw,43,0,0.8447,0.9583,3.5647,0.769,3.565,1.477,0.95,ptx,nomsa_template
2xrw,43,1,0.8451,0.9583,3.7307,0.758,3.731,1.545,0.95,ptx,nomsa_template
2xrw,43,2,0.845,0.9582,3.4441,0.777,3.444,1.434,0.95,ptx,nomsa_template
2xrw,43,3,0.8448,0.9582,3.5802,0.777,3.58,1.48,0.975,ptx,nomsa_template
2xrw,43,4,0.8449,0.9582,4.953,0.673,4.953,2.053,0.925,ptx,nomsa_template
2xrw,44,0,0.8449,0.9583,3.558,0.779,3.558,1.468,0.975,ptx,nomsa_template
2xrw,44,1,0.8446,0.9583,3.6979,0.754,3.698,1.509,0.925,ptx,nomsa_template
2xrw,44,2,0.845,0.9582,3.4447,0.77,3.445,1.421,0.925,ptx,nomsa_template
2xrw,44,3,0.8447,0.9584,3.6547,0.755,3.655,1.512,0.925,ptx,nomsa_template
2xrw,44,4,0.8444,0.9579,3.6053,0.771,3.605,1.452,0.95,ptx,nomsa_template
2ymt,42,0,0.9566,0.9755,0.575,0.988,0.575,0.276,1.0,ptx,nomsa_template
2ymt,42,1,0.9566,0.9755,0.5735,0.987,0.574,0.277,1.0,ptx,nomsa_template
2ymt,42,2,0.9562,0.9754,0.8409,0.979,0.841,0.354,1.0,ptx,nomsa_template
2ymt,42,3,0.9563,0.9754,0.8593,0.979,0.859,0.354,1.0,ptx,nomsa_template
2ymt,42,4,0.9562,0.9753,0.7846,0.97,0.785,0.337,0.968,ptx,nomsa_template
2ymt,43,0,0.9559,0.976,0.6292,0.986,0.629,0.29,1.0,ptx,nomsa_template
2ymt,43,1,0.9559,0.976,0.5686,0.988,0.569,0.266,1.0,ptx,nomsa_template
2ymt,43,2,0.9558,0.9759,0.5371,0.988,0.537,0.273,1.0,ptx,nomsa_template
2ymt,43,3,0.9557,0.9759,0.7242,0.984,0.724,0.307,1.0,ptx,nomsa_template
2ymt,43,4,0.9557,0.9758,0.8177,0.982,0.818,0.33,1.0,ptx,nomsa_template
2ymt,44,0,0.9546,0.9755,0.5992,0.987,0.599,0.288,1.0,ptx,nomsa_template
2ymt,44,1,0.9544,0.9754,0.562,0.987,0.562,0.28,1.0,ptx,nomsa_template
2ymt,44,2,0.9544,0.9753,0.5381,0.987,0.538,0.287,1.0,ptx,nomsa_template
2ymt,44,3,0.9544,0.9753,0.6837,0.973,0.684,0.313,0.968,ptx,nomsa_template
2ymt,44,4,0.9541,0.9752,0.8038,0.981,0.804,0.332,1.0,ptx,nomsa_template
3agy,42,0,0.9053,0.9578,1.4803,0.899,1.48,0.845,0.967,ptx,nomsa_template
3agy,42,1,0.9052,0.9577,1.6098,0.914,1.61,0.724,0.967,ptx,nomsa_template
3agy,42,2,0.9052,0.9576,1.679,0.912,1.679,0.732,0.967,ptx,nomsa_template
3agy,42,3,0.9051,0.9576,1.9209,0.888,1.921,0.795,0.933,ptx,nomsa_template
3agy,42,4,0.9052,0.9577,1.307,0.902,1.307,0.912,1.0,ptx,nomsa_template
3agy,43,0,0.91,0.9599,1.1199,0.91,1.12,0.794,0.967,ptx,nomsa_template
3agy,43,1,0.9099,0.9599,1.623,0.907,1.623,0.777,0.967,ptx,nomsa_template
3agy,43,2,0.91,0.9599,1.0897,0.918,1.09,0.742,0.967,ptx,nomsa_template
3agy,43,3,0.9099,0.9599,1.0343,0.905,1.034,0.838,0.967,ptx,nomsa_template
3agy,43,4,0.9099,0.9598,1.6534,0.892,1.653,0.801,0.933,ptx,nomsa_template
3agy,44,0,0.9203,0.9636,1.1474,0.926,1.147,0.763,1.0,ptx,nomsa_template
3agy,44,1,0.9204,0.9636,1.3164,0.909,1.316,0.789,0.967,ptx,nomsa_template
3agy,44,2,0.9204,0.9636,1.2822,0.918,1.282,0.807,1.0,ptx,nomsa_template
3agy,44,3,0.9204,0.9636,1.3105,0.91,1.31,0.779,0.967,ptx,nomsa_template
3agy,44,4,0.9205,0.9635,0.9039,0.925,0.904,0.704,0.967,ptx,nomsa_template
3bej,42,0,0.8624,0.957,1.775,0.831,1.775,0.936,0.816,ptx,nomsa_template
3bej,42,1,0.862,0.9565,1.9533,0.823,1.953,0.977,0.816,ptx,nomsa_template
3bej,42,2,0.8619,0.9562,2.0172,0.796,2.017,1.031,0.763,ptx,nomsa_template
3bej,42,3,0.8617,0.9557,2.2433,0.795,2.243,1.014,0.763,ptx,nomsa_template
3bej,42,4,0.8616,0.9556,2.3166,0.778,2.317,1.126,0.763,ptx,nomsa_template
3bej,43,0,0.862,0.9568,1.6669,0.832,1.667,0.94,0.816,ptx,nomsa_template
3bej,43,1,0.8624,0.9565,2.0976,0.809,2.098,0.997,0.789,ptx,nomsa_template
3bej,43,2,0.862,0.9564,2.1181,0.796,2.118,1.022,0.763,ptx,nomsa_template
3bej,43,3,0.8614,0.9558,2.0611,0.793,2.061,1.048,0.763,ptx,nomsa_template
3bej,43,4,0.8613,0.9547,2.0928,0.783,2.093,1.051,0.737,ptx,nomsa_template
3bej,44,0,0.8531,0.9531,1.9106,0.806,1.911,0.979,0.763,ptx,nomsa_template
3bej,44,1,0.8532,0.9527,2.0869,0.796,2.087,1.026,0.763,ptx,nomsa_template
3bej,44,2,0.8521,0.951,2.0025,0.806,2.003,1.028,0.789,ptx,nomsa_template
3bej,44,3,0.8523,0.9508,2.3223,0.798,2.322,1.041,0.789,ptx,nomsa_template
3bej,44,4,0.8522,0.9507,2.0055,0.814,2.006,0.966,0.789,ptx,nomsa_template
3bqo,42,0,0.8853,0.9638,1.5732,0.926,1.573,0.611,0.953,ptx,nomsa_template
3bqo,42,1,0.8851,0.9633,0.8478,0.961,0.848,0.377,0.953,ptx,nomsa_template
3bqo,42,2,0.8843,0.9627,1.2276,0.943,1.228,0.468,0.938,ptx,nomsa_template
3bqo,42,3,0.8856,0.9624,1.4602,0.915,1.46,0.583,0.906,ptx,nomsa_template
3bqo,42,4,0.8854,0.961,1.5686,0.912,1.569,0.595,0.906,ptx,nomsa_template
3bqo,43,0,0.5952,0.6168,15.7506,0.159,15.751,5.727,0.188,ptx,nomsa_template
3bqo,43,1,0.5882,0.6037,14.4129,0.237,14.413,5.207,0.375,ptx,nomsa_template
3bqo,43,2,0.5717,0.591,5.3658,0.521,5.366,1.985,0.484,ptx,nomsa_template
3bqo,43,3,0.5674,0.5897,3.7727,0.665,3.773,1.442,0.641,ptx,nomsa_template
3bqo,43,4,0.5711,0.5877,6.2499,0.46,6.25,2.327,0.438,ptx,nomsa_template
3bqo,44,0,0.8847,0.9631,1.1233,0.944,1.123,0.466,0.938,ptx,nomsa_template
3bqo,44,1,0.8845,0.9615,1.455,0.92,1.455,0.588,0.922,ptx,nomsa_template
3bqo,44,2,0.8854,0.9614,1.5456,0.913,1.546,0.592,0.906,ptx,nomsa_template
3bqo,44,3,0.8847,0.9613,1.7673,0.907,1.767,0.693,0.938,ptx,nomsa_template
3bqo,44,4,0.8828,0.9597,1.1641,0.943,1.164,0.473,0.938,ptx,nomsa_template
3emh,42,0,0.5986,0.8199,8.0732,0.394,8.073,2.549,0.4,ptx,nomsa_template
3emh,42,1,0.5899,0.81,4.7907,0.476,4.791,2.106,0.333,ptx,nomsa_template
3emh,42,2,0.5849,0.808,5.683,0.465,5.683,1.96,0.333,ptx,nomsa_template
3emh,42,3,0.5877,0.804,6.2251,0.385,6.225,2.466,0.233,ptx,nomsa_template
3emh,42,4,0.566,0.7891,4.1686,0.605,4.169,1.806,0.6,ptx,nomsa_template
3emh,43,0,0.5899,0.8127,5.1388,0.46,5.139,2.223,0.333,ptx,nomsa_template
3emh,43,1,0.5882,0.81,5.2597,0.512,5.26,1.793,0.4,ptx,nomsa_template
3emh,43,2,0.5786,0.8028,4.8878,0.539,4.888,1.97,0.5,ptx,nomsa_template
3emh,43,3,0.5721,0.8026,4.9701,0.475,4.97,2.059,0.333,ptx,nomsa_template
3emh,43,4,0.5761,0.7985,5.4474,0.469,5.447,2.136,0.367,ptx,nomsa_template
3emh,44,0,0.6221,0.8303,5.7582,0.463,5.758,2.278,0.4,ptx,nomsa_template
3emh,44,1,0.6188,0.8293,4.7051,0.492,4.705,1.925,0.333,ptx,nomsa_template
3emh,44,2,0.6125,0.8262,5.0167,0.485,5.017,2.22,0.4,ptx,nomsa_template
3emh,44,3,0.6153,0.826,4.7339,0.586,4.734,1.513,0.5,ptx,nomsa_template
3emh,44,4,0.6106,0.8237,4.7652,0.533,4.765,2.094,0.5,ptx,nomsa_template
3emw,42,0,0.8646,0.939,5.5044,0.451,5.504,2.067,0.303,ptx,nomsa_template
3emw,42,1,0.8642,0.9385,5.4618,0.454,5.462,2.038,0.303,ptx,nomsa_template
3emw,42,2,0.8636,0.9375,5.4131,0.454,5.413,2.056,0.303,ptx,nomsa_template
3emw,42,3,0.8634,0.9375,5.5018,0.441,5.502,2.071,0.273,ptx,nomsa_template
3emw,42,4,0.862,0.9365,5.5481,0.44,5.548,2.06,0.273,ptx,nomsa_template
3emw,43,0,0.5571,0.6195,2.069,0.859,2.069,0.855,0.879,ptx,nomsa_template
3emw,43,1,0.5525,0.6147,1.7529,0.852,1.753,0.726,0.788,ptx,nomsa_template
3emw,43,2,0.5517,0.6143,2.627,0.778,2.627,1.065,0.758,ptx,nomsa_template
3emw,43,3,0.549,0.612,2.9028,0.715,2.903,1.117,0.606,ptx,nomsa_template
3emw,43,4,0.5463,0.6099,3.9695,0.587,3.969,1.453,0.424,ptx,nomsa_template
3emw,44,0,0.8069,0.9105,6.0803,0.435,6.08,2.244,0.333,ptx,nomsa_template
3emw,44,1,0.8064,0.9097,5.9311,0.452,5.931,2.193,0.364,ptx,nomsa_template
3emw,44,2,0.806,0.9092,6.1277,0.43,6.128,2.298,0.333,ptx,nomsa_template
3emw,44,3,0.807,0.9085,5.8657,0.44,5.866,2.247,0.333,ptx,nomsa_template
3emw,44,4,0.8042,0.908,5.806,0.447,5.806,2.152,0.333,ptx,nomsa_template
3et3,42,0,0.8233,0.9335,0.9244,0.948,0.924,0.443,0.936,ptx,nomsa_template
3et3,42,1,0.8232,0.9331,0.799,0.935,0.799,0.503,0.915,ptx,nomsa_template
3et3,42,2,0.8233,0.933,0.8865,0.938,0.887,0.475,0.915,ptx,nomsa_template
3et3,42,3,0.8224,0.9325,1.0114,0.93,1.011,0.533,0.915,ptx,nomsa_template
3et3,42,4,0.8231,0.9324,1.0348,0.926,1.035,0.558,0.915,ptx,nomsa_template
3et3,43,0,0.5894,0.6107,4.6526,0.456,4.653,2.184,0.277,ptx,nomsa_template
3et3,43,1,0.5884,0.6102,4.6259,0.463,4.626,2.183,0.298,ptx,nomsa_template
3et3,43,2,0.5851,0.6064,4.5137,0.454,4.514,2.149,0.255,ptx,nomsa_template
3et3,43,3,0.4856,0.5318,34.8227,0.023,34.823,13.28,0.0,ptx,nomsa_template
3et3,43,4,0.4554,0.5083,37.8456,0.02,37.846,14.531,0.0,ptx,nomsa_template
3et3,44,0,0.8156,0.9304,1.1419,0.932,1.142,0.557,0.936,ptx,nomsa_template
3et3,44,1,0.8148,0.9299,1.5305,0.894,1.531,0.707,0.894,ptx,nomsa_template
3et3,44,2,0.8153,0.9295,0.5988,0.937,0.599,0.497,0.915,ptx,nomsa_template
3et3,44,3,0.8156,0.9294,0.8858,0.939,0.886,0.523,0.936,ptx,nomsa_template
3et3,44,4,0.8151,0.929,0.9042,0.933,0.904,0.516,0.915,ptx,nomsa_template
3fp2,42,0,0.7196,0.9195,4.6309,0.707,4.631,1.333,0.792,ptx,nomsa_template
3fp2,42,1,0.7192,0.9194,4.5983,0.717,4.598,1.262,0.792,ptx,nomsa_template
3fp2,42,2,0.7181,0.9183,4.9755,0.706,4.976,1.271,0.792,ptx,nomsa_template
3fp2,42,3,0.7169,0.9178,3.7588,0.774,3.759,0.999,0.792,ptx,nomsa_template
3fp2,42,4,0.6914,0.899,28.397,0.397,28.397,2.208,0.792,ptx,nomsa_template
3fp2,43,0,0.7623,0.9459,4.9735,0.695,4.973,1.359,0.792,ptx,nomsa_template
3fp2,43,1,0.7604,0.9449,3.7156,0.757,3.716,1.129,0.792,ptx,nomsa_template
3fp2,43,2,0.7601,0.9446,3.5827,0.767,3.583,1.074,0.792,ptx,nomsa_template
3fp2,43,3,0.7594,0.9441,3.8567,0.756,3.857,1.106,0.792,ptx,nomsa_template
3fp2,43,4,0.7595,0.9441,4.26,0.75,4.26,1.08,0.792,ptx,nomsa_template
3fp2,44,0,0.7619,0.9456,3.3848,0.804,3.385,1.041,0.875,ptx,nomsa_template
3fp2,44,1,0.76,0.9447,4.7346,0.708,4.735,1.304,0.792,ptx,nomsa_template
3fp2,44,2,0.7601,0.9446,3.7345,0.765,3.735,1.064,0.792,ptx,nomsa_template
3fp2,44,3,0.7601,0.9446,4.2609,0.744,4.261,1.121,0.792,ptx,nomsa_template
3fp2,44,4,0.7598,0.9442,4.4034,0.738,4.403,1.142,0.792,ptx,nomsa_template
3g2s,42,0,0.8141,0.8747,4.6752,0.61,4.675,1.601,0.595,ptx,nomsa_template
3g2s,42,1,0.8144,0.8743,4.9087,0.59,4.909,1.738,0.595,ptx,nomsa_template
3g2s,42,2,0.815,0.8729,4.827,0.61,4.827,1.651,0.622,ptx,nomsa_template
3g2s,42,3,0.8139,0.8716,4.9053,0.588,4.905,1.766,0.595,ptx,nomsa_template
3g2s,42,4,0.8139,0.8703,4.5724,0.599,4.572,1.736,0.595,ptx,nomsa_template
3g2s,43,0,0.7801,0.8448,4.5632,0.607,4.563,1.663,0.595,ptx,nomsa_template
3g2s,43,1,0.7812,0.843,4.3021,0.623,4.302,1.649,0.622,ptx,nomsa_template
3g2s,43,2,0.7808,0.8429,4.7925,0.591,4.793,1.768,0.595,ptx,nomsa_template
3g2s,43,3,0.7841,0.8386,3.3275,0.67,3.328,1.434,0.622,ptx,nomsa_template
3g2s,43,4,0.784,0.8362,3.819,0.642,3.819,1.585,0.622,ptx,nomsa_template
3g2s,44,0,0.8082,0.8692,4.62,0.605,4.62,1.661,0.595,ptx,nomsa_template
3g2s,44,1,0.8077,0.8677,5.0212,0.578,5.021,1.748,0.568,ptx,nomsa_template
3g2s,44,2,0.8079,0.8676,4.6658,0.589,4.666,1.722,0.568,ptx,nomsa_template
3g2s,44,3,0.8113,0.86,3.6173,0.64,3.617,1.567,0.595,ptx,nomsa_template
3g2s,44,4,0.8101,0.8572,3.9638,0.623,3.964,1.651,0.595,ptx,nomsa_template
3h1z,42,0,0.2905,0.2658,41.5952,0.016,41.595,16.723,0.0,ptx,nomsa_template
3h1z,42,1,0.29,0.2622,43.2387,0.015,43.239,17.574,0.0,ptx,nomsa_template
3h1z,42,2,0.2666,0.2441,41.4817,0.015,41.482,19.108,0.0,ptx,nomsa_template
3h1z,42,3,0.263,0.2416,40.2644,0.016,40.264,18.646,0.0,ptx,nomsa_template
3h1z,42,4,0.2666,0.2218,42.2666,0.016,42.267,16.69,0.0,ptx,nomsa_template
3h1z,43,0,0.2879,0.2566,46.3276,0.013,46.328,18.338,0.0,ptx,nomsa_template
3h1z,43,1,0.2844,0.2553,46.3842,0.013,46.384,18.491,0.0,ptx,nomsa_template
3h1z,43,2,0.2902,0.2557,44.5859,0.014,44.586,19.586,0.0,ptx,nomsa_template
3h1z,43,3,0.2817,0.2519,44.154,0.014,44.154,19.1,0.0,ptx,nomsa_template
3h1z,43,4,0.2588,0.2296,38.4646,0.018,38.465,18.368,0.0,ptx,nomsa_template
3h1z,44,0,0.2647,0.2185,41.2667,0.017,41.267,14.365,0.0,ptx,nomsa_template
3h1z,44,1,0.2738,0.2191,42.5477,0.016,42.548,15.74,0.0,ptx,nomsa_template
3h1z,44,2,0.2703,0.2165,44.1082,0.015,44.108,16.88,0.0,ptx,nomsa_template
3h1z,44,3,0.2721,0.2098,37.2198,0.027,37.22,14.032,0.019,ptx,nomsa_template
3h1z,44,4,0.2562,0.1775,18.1924,0.096,18.192,12.301,0.094,ptx,nomsa_template
3i5r,42,0,0.9362,0.9303,0.8764,0.973,0.876,0.417,1.0,ptx,nomsa_template
3i5r,42,1,0.9362,0.9303,0.8619,0.975,0.862,0.399,1.0,ptx,nomsa_template
3i5r,42,2,0.9362,0.9303,0.9375,0.973,0.937,0.408,1.0,ptx,nomsa_template
3i5r,42,3,0.9362,0.9302,1.042,0.969,1.042,0.441,1.0,ptx,nomsa_template
3i5r,42,4,0.9363,0.9302,0.8366,0.977,0.837,0.381,1.0,ptx,nomsa_template
3i5r,43,0,0.936,0.9305,1.1329,0.962,1.133,0.49,1.0,ptx,nomsa_template
3i5r,43,1,0.9361,0.9303,1.0645,0.965,1.065,0.467,1.0,ptx,nomsa_template
3i5r,43,2,0.9361,0.93,1.1975,0.958,1.198,0.518,1.0,ptx,nomsa_template
3i5r,43,3,0.9361,0.93,1.5534,0.937,1.553,0.648,1.0,ptx,nomsa_template
3i5r,43,4,0.9363,0.93,1.0804,0.968,1.08,0.446,1.0,ptx,nomsa_template
3i5r,44,0,0.9396,0.9351,1.3104,0.953,1.31,0.547,1.0,ptx,nomsa_template
3i5r,44,1,0.9398,0.9349,1.0969,0.967,1.097,0.454,1.0,ptx,nomsa_template
3i5r,44,2,0.94,0.9344,0.7518,0.98,0.752,0.353,1.0,ptx,nomsa_template
3i5r,44,3,0.94,0.9344,0.8651,0.977,0.865,0.38,1.0,ptx,nomsa_template
3i5r,44,4,0.9399,0.9343,0.8105,0.979,0.81,0.363,1.0,ptx,nomsa_template
3obq,42,0,0.7494,0.7836,3.5414,0.695,3.541,1.466,0.722,ptx,nomsa_template
3obq,42,1,0.7489,0.7831,4.1451,0.657,4.145,1.686,0.722,ptx,nomsa_template
3obq,42,2,0.7492,0.7822,4.0565,0.671,4.057,1.664,0.75,ptx,nomsa_template
3obq,42,3,0.7494,0.7814,3.7659,0.68,3.766,1.553,0.722,ptx,nomsa_template
3obq,42,4,0.7456,0.7772,3.925,0.645,3.925,1.588,0.639,ptx,nomsa_template
3obq,43,0,0.7518,0.7866,3.4471,0.712,3.447,1.425,0.75,ptx,nomsa_template
3obq,43,1,0.7516,0.7862,3.4325,0.713,3.432,1.415,0.75,ptx,nomsa_template
3obq,43,2,0.7506,0.7852,3.2628,0.705,3.263,1.361,0.694,ptx,nomsa_template
3obq,43,3,0.7507,0.7851,3.6923,0.687,3.692,1.508,0.722,ptx,nomsa_template
3obq,43,4,0.7452,0.7804,1.1331,0.903,1.133,0.521,0.833,ptx,nomsa_template
3obq,44,0,0.7445,0.7694,3.6287,0.687,3.629,1.519,0.722,ptx,nomsa_template
3obq,44,1,0.7454,0.7684,3.8948,0.672,3.895,1.597,0.722,ptx,nomsa_template
3obq,44,2,0.7438,0.7683,3.7871,0.676,3.787,1.586,0.722,ptx,nomsa_template
3obq,44,3,0.7438,0.7679,3.8512,0.676,3.851,1.571,0.722,ptx,nomsa_template
3obq,44,4,0.7446,0.7678,3.9235,0.661,3.923,1.611,0.694,ptx,nomsa_template
3p72,42,0,0.8213,0.9256,8.1605,0.322,8.161,2.987,0.244,ptx,nomsa_template
3p72,42,1,0.8207,0.9252,8.0445,0.324,8.044,2.987,0.244,ptx,nomsa_template
3p72,42,2,0.8193,0.925,8.1053,0.315,8.105,2.971,0.22,ptx,nomsa_template
3p72,42,3,0.8199,0.9245,8.049,0.317,8.049,2.954,0.22,ptx,nomsa_template
3p72,42,4,0.8184,0.9238,8.0356,0.325,8.036,2.978,0.244,ptx,nomsa_template
3p72,43,0,0.8278,0.9336,8.077,0.314,8.077,3.029,0.22,ptx,nomsa_template
3p72,43,1,0.8277,0.9335,8.0534,0.315,8.053,3.018,0.22,ptx,nomsa_template
3p72,43,2,0.8267,0.9332,8.0593,0.331,8.059,3.012,0.268,ptx,nomsa_template
3p72,43,3,0.8264,0.933,8.0413,0.323,8.041,3.03,0.244,ptx,nomsa_template
3p72,43,4,0.8258,0.9324,8.0319,0.332,8.032,2.999,0.268,ptx,nomsa_template
3p72,44,0,0.7288,0.8441,8.1735,0.329,8.173,3.004,0.268,ptx,nomsa_template
3p72,44,1,0.7284,0.8433,8.2979,0.309,8.298,3.033,0.22,ptx,nomsa_template
3p72,44,2,0.726,0.8419,8.1168,0.322,8.117,3.004,0.244,ptx,nomsa_template
3p72,44,3,0.7271,0.8418,7.9741,0.319,7.974,2.941,0.22,ptx,nomsa_template
3p72,44,4,0.7254,0.8401,8.0419,0.325,8.042,2.96,0.244,ptx,nomsa_template
3pe4,42,0,0.5172,0.673,6.5751,0.432,6.575,2.076,0.327,ptx,nomsa_template
3pe4,42,1,0.5057,0.6661,6.6248,0.423,6.625,2.091,0.308,ptx,nomsa_template
3pe4,42,2,0.5125,0.6636,4.36,0.618,4.36,1.43,0.538,ptx,nomsa_template
3pe4,42,3,0.4905,0.645,4.2605,0.661,4.261,1.414,0.654,ptx,nomsa_template
3pe4,42,4,0.484,0.6435,3.6412,0.763,3.641,1.183,0.827,ptx,nomsa_template
3pe4,43,0,0.4685,0.6703,3.9808,0.722,3.981,1.288,0.769,ptx,nomsa_template
3pe4,43,1,0.4686,0.67,3.9336,0.732,3.934,1.263,0.788,ptx,nomsa_template
3pe4,43,2,0.4648,0.6695,5.7973,0.473,5.797,1.805,0.327,ptx,nomsa_template
3pe4,43,3,0.4662,0.6653,5.2178,0.522,5.218,1.637,0.385,ptx,nomsa_template
3pe4,43,4,0.455,0.653,4.4631,0.573,4.463,1.411,0.404,ptx,nomsa_template
3pe4,44,0,0.5186,0.6756,6.2765,0.452,6.277,1.99,0.346,ptx,nomsa_template
3pe4,44,1,0.5163,0.6713,6.3077,0.451,6.308,1.997,0.346,ptx,nomsa_template
3pe4,44,2,0.5111,0.6677,6.0903,0.474,6.09,1.933,0.385,ptx,nomsa_template
3pe4,44,3,0.4848,0.6445,2.5822,0.789,2.582,0.888,0.712,ptx,nomsa_template
3pe4,44,4,0.4842,0.6423,2.9433,0.788,2.943,0.979,0.769,ptx,nomsa_template
3plu,42,0,0.9617,0.9448,0.4553,0.98,0.455,0.371,1.0,ptx,nomsa_template
3plu,42,1,0.9618,0.9447,0.382,0.986,0.382,0.304,1.0,ptx,nomsa_template
3plu,42,2,0.9618,0.9447,0.3576,0.984,0.358,0.334,1.0,ptx,nomsa_template
3plu,42,3,0.9618,0.9447,0.3518,0.969,0.352,0.368,0.966,ptx,nomsa_template
3plu,42,4,0.9618,0.9446,0.4453,0.972,0.445,0.337,0.966,ptx,nomsa_template
3plu,43,0,0.957,0.9354,0.3385,0.985,0.339,0.322,1.0,ptx,nomsa_template
3plu,43,1,0.957,0.9353,0.402,0.982,0.402,0.348,1.0,ptx,nomsa_template
3plu,43,2,0.9569,0.9352,0.3227,0.99,0.323,0.259,1.0,ptx,nomsa_template
3plu,43,3,0.957,0.9352,0.33,0.984,0.33,0.333,1.0,ptx,nomsa_template
3plu,43,4,0.9569,0.935,0.3188,0.976,0.319,0.295,0.966,ptx,nomsa_template
3plu,44,0,0.9595,0.9409,0.449,0.979,0.449,0.376,1.0,ptx,nomsa_template
3plu,44,1,0.9595,0.9409,0.3732,0.987,0.373,0.297,1.0,ptx,nomsa_template
3plu,44,2,0.9596,0.9409,0.3913,0.98,0.391,0.373,1.0,ptx,nomsa_template
3plu,44,3,0.9595,0.9408,0.449,0.98,0.449,0.37,1.0,ptx,nomsa_template
3plu,44,4,0.9595,0.9407,0.3629,0.96,0.363,0.346,0.931,ptx,nomsa_template
3r42,42,0,0.6744,0.7056,2.9808,0.688,2.981,1.199,0.562,ptx,nomsa_template
3r42,42,1,0.6727,0.6995,3.5839,0.644,3.584,1.356,0.531,ptx,nomsa_template
3r42,42,2,0.6734,0.6992,2.3296,0.785,2.33,0.894,0.688,ptx,nomsa_template
3r42,42,3,0.6718,0.6949,1.9879,0.76,1.988,0.818,0.562,ptx,nomsa_template
3r42,42,4,0.5715,0.6709,23.4764,0.05,23.476,8.145,0.0,ptx,nomsa_template
3r42,43,0,0.6949,0.7029,3.2785,0.66,3.279,1.282,0.531,ptx,nomsa_template
3r42,43,1,0.6952,0.6993,2.0557,0.778,2.056,0.831,0.625,ptx,nomsa_template
3r42,43,2,0.6929,0.6974,2.7519,0.734,2.752,1.123,0.656,ptx,nomsa_template
3r42,43,3,0.6919,0.6953,2.9922,0.705,2.992,1.149,0.594,ptx,nomsa_template
3r42,43,4,0.5923,0.6774,23.7485,0.048,23.749,8.271,0.0,ptx,nomsa_template
3r42,44,0,0.6752,0.7065,3.0151,0.701,3.015,1.17,0.594,ptx,nomsa_template
3r42,44,1,0.6752,0.7065,2.9523,0.713,2.952,1.174,0.625,ptx,nomsa_template
3r42,44,2,0.6744,0.7052,3.3454,0.659,3.345,1.278,0.531,ptx,nomsa_template
3r42,44,3,0.6735,0.7024,3.2296,0.68,3.23,1.294,0.594,ptx,nomsa_template
3r42,44,4,0.6743,0.7,1.9547,0.786,1.955,0.859,0.656,ptx,nomsa_template
3s9c,42,0,0.7699,0.8841,7.2018,0.551,7.202,2.101,0.733,ptx,nomsa_template
3s9c,42,1,0.7702,0.8825,7.2231,0.571,7.223,2.022,0.778,ptx,nomsa_template
3s9c,42,2,0.768,0.8809,7.4804,0.542,7.48,2.136,0.733,ptx,nomsa_template
3s9c,42,3,0.7681,0.8808,7.0389,0.572,7.039,2.07,0.778,ptx,nomsa_template
3s9c,42,4,0.7662,0.8799,7.4561,0.553,7.456,2.103,0.756,ptx,nomsa_template
3s9c,43,0,0.7744,0.8874,7.5696,0.548,7.57,2.131,0.756,ptx,nomsa_template
3s9c,43,1,0.7743,0.8871,6.6813,0.579,6.681,1.989,0.756,ptx,nomsa_template
3s9c,43,2,0.7728,0.8864,7.0617,0.571,7.062,1.979,0.756,ptx,nomsa_template
3s9c,43,3,0.7681,0.8814,6.0629,0.617,6.063,1.723,0.756,ptx,nomsa_template
3s9c,43,4,0.748,0.8787,1.137,0.877,1.137,0.79,0.867,ptx,nomsa_template
3s9c,44,0,0.7738,0.8916,5.0891,0.685,5.089,1.511,0.822,ptx,nomsa_template
3s9c,44,1,0.7729,0.8897,5.5681,0.659,5.568,1.637,0.822,ptx,nomsa_template
3s9c,44,2,0.7755,0.8877,7.0584,0.549,7.058,2.177,0.733,ptx,nomsa_template
3s9c,44,3,0.7765,0.887,8.0364,0.517,8.036,2.348,0.733,ptx,nomsa_template
3s9c,44,4,0.7713,0.8862,6.9371,0.573,6.937,1.989,0.756,ptx,nomsa_template
3shb,42,0,0.8976,0.9342,1.9193,0.785,1.919,1.704,0.968,ptx,nomsa_template
3shb,42,1,0.8996,0.9343,1.4099,0.842,1.41,1.352,1.0,ptx,nomsa_template
3shb,42,2,0.9026,0.9344,1.1986,0.871,1.199,1.143,1.0,ptx,nomsa_template
3shb,42,3,0.8997,0.9337,1.2971,0.855,1.297,1.171,0.968,ptx,nomsa_template
3shb,42,4,0.8924,0.9175,4.7536,0.666,4.754,2.285,0.935,ptx,nomsa_template
3shb,43,0,0.9092,0.9394,1.537,0.813,1.537,1.397,0.935,ptx,nomsa_template
3shb,43,1,0.9104,0.9395,1.079,0.904,1.079,0.919,1.0,ptx,nomsa_template
3shb,43,2,0.9085,0.9388,1.3583,0.844,1.358,1.171,0.935,ptx,nomsa_template
3shb,43,3,0.9099,0.939,1.0691,0.842,1.069,1.126,0.903,ptx,nomsa_template
3shb,43,4,0.9022,0.9222,4.8072,0.677,4.807,2.105,0.935,ptx,nomsa_template
3shb,44,0,0.9029,0.9358,1.5755,0.84,1.575,1.262,0.968,ptx,nomsa_template
3shb,44,1,0.9017,0.9354,1.3585,0.846,1.359,1.323,1.0,ptx,nomsa_template
3shb,44,2,0.9007,0.9351,1.6079,0.816,1.608,1.364,0.935,ptx,nomsa_template
3shb,44,3,0.9025,0.9354,1.4029,0.847,1.403,1.31,1.0,ptx,nomsa_template
3shb,44,4,0.9026,0.9353,1.367,0.849,1.367,1.212,0.968,ptx,nomsa_template
3tiw,42,0,0.8922,0.9447,2.9069,0.856,2.907,0.871,0.925,ptx,nomsa_template
3tiw,42,1,0.8918,0.9442,2.7371,0.855,2.737,0.843,0.9,ptx,nomsa_template
3tiw,42,2,0.8921,0.9435,2.7579,0.856,2.758,0.89,0.925,ptx,nomsa_template
3tiw,42,3,0.8922,0.9434,2.9283,0.86,2.928,0.842,0.925,ptx,nomsa_template
3tiw,42,4,0.8905,0.9414,1.4452,0.919,1.445,0.607,0.925,ptx,nomsa_template
3tiw,43,0,0.8931,0.9473,2.7713,0.847,2.771,0.896,0.9,ptx,nomsa_template
3tiw,43,1,0.8931,0.9471,2.8346,0.839,2.835,0.942,0.9,ptx,nomsa_template
3tiw,43,2,0.8928,0.9467,2.9075,0.844,2.907,0.897,0.9,ptx,nomsa_template
3tiw,43,3,0.8925,0.9466,2.7021,0.875,2.702,0.827,0.95,ptx,nomsa_template
3tiw,43,4,0.8918,0.9451,1.456,0.889,1.456,0.7,0.875,ptx,nomsa_template
3tiw,44,0,0.893,0.9471,2.7951,0.835,2.795,0.92,0.875,ptx,nomsa_template
3tiw,44,1,0.8931,0.947,2.5793,0.862,2.579,0.879,0.925,ptx,nomsa_template
3tiw,44,2,0.8927,0.9467,2.7539,0.87,2.754,0.852,0.95,ptx,nomsa_template
3tiw,44,3,0.8925,0.9465,2.9297,0.832,2.93,0.919,0.875,ptx,nomsa_template
3tiw,44,4,0.8925,0.9464,2.6617,0.844,2.662,0.872,0.875,ptx,nomsa_template
3v2o,42,0,0.7447,0.8147,19.0049,0.129,19.005,6.968,0.175,ptx,nomsa_template
3v2o,42,1,0.6872,0.7948,2.9287,0.805,2.929,1.107,0.875,ptx,nomsa_template
3v2o,42,2,0.6881,0.7937,3.0067,0.821,3.007,1.166,0.95,ptx,nomsa_template
3v2o,42,3,0.6775,0.7924,9.159,0.256,9.159,3.186,0.125,ptx,nomsa_template
3v2o,42,4,0.6855,0.7921,2.595,0.842,2.595,1.016,0.925,ptx,nomsa_template
3v2o,43,0,0.7468,0.8142,18.4948,0.124,18.495,6.779,0.15,ptx,nomsa_template
3v2o,43,1,0.686,0.7988,8.8297,0.284,8.83,3.033,0.175,ptx,nomsa_template
3v2o,43,2,0.6868,0.7982,9.1158,0.267,9.116,3.151,0.15,ptx,nomsa_template
3v2o,43,3,0.6894,0.7954,3.1949,0.819,3.195,1.207,0.975,ptx,nomsa_template
3v2o,43,4,0.6881,0.7937,2.7076,0.848,2.708,1.072,0.975,ptx,nomsa_template
3v2o,44,0,0.7472,0.8159,18.5604,0.132,18.56,6.81,0.175,ptx,nomsa_template
3v2o,44,1,0.6872,0.7972,9.0646,0.259,9.065,3.143,0.125,ptx,nomsa_template
3v2o,44,2,0.6872,0.7945,3.375,0.769,3.375,1.307,0.875,ptx,nomsa_template
3v2o,44,3,0.6891,0.7931,3.0807,0.81,3.081,1.168,0.925,ptx,nomsa_template
3v2o,44,4,0.6865,0.792,2.4198,0.847,2.42,0.943,0.9,ptx,nomsa_template
3wgx,42,0,0.8996,0.9343,1.1772,0.935,1.177,0.546,0.941,ptx,nomsa_template
3wgx,42,1,0.8992,0.934,1.4165,0.921,1.417,0.634,0.941,ptx,nomsa_template
3wgx,42,2,0.8991,0.9335,1.0444,0.934,1.044,0.483,0.912,ptx,nomsa_template
3wgx,42,3,0.8986,0.9333,1.2059,0.924,1.206,0.553,0.912,ptx,nomsa_template
3wgx,42,4,0.8983,0.9332,1.1892,0.934,1.189,0.553,0.941,ptx,nomsa_template
3wgx,43,0,0.9084,0.9411,1.1475,0.94,1.147,0.507,0.941,ptx,nomsa_template
3wgx,43,1,0.9081,0.9409,1.2775,0.933,1.278,0.557,0.941,ptx,nomsa_template
3wgx,43,2,0.908,0.9407,1.1271,0.938,1.127,0.53,0.941,ptx,nomsa_template
3wgx,43,3,0.9073,0.9402,1.3815,0.92,1.381,0.568,0.912,ptx,nomsa_template
3wgx,43,4,0.907,0.9401,1.601,0.893,1.601,0.675,0.882,ptx,nomsa_template
3wgx,44,0,0.9083,0.9413,0.7173,0.948,0.717,0.379,0.912,ptx,nomsa_template
3wgx,44,1,0.9079,0.9412,1.6037,0.904,1.604,0.67,0.912,ptx,nomsa_template
3wgx,44,2,0.9081,0.941,1.2407,0.932,1.241,0.569,0.941,ptx,nomsa_template
3wgx,44,3,0.9081,0.9408,1.18,0.944,1.18,0.55,0.971,ptx,nomsa_template
3wgx,44,4,0.9075,0.9406,1.296,0.918,1.296,0.593,0.912,ptx,nomsa_template
3zrj,42,0,0.825,0.8848,2.3285,0.818,2.329,1.253,0.935,ptx,nomsa_template
3zrj,42,1,0.8243,0.8847,2.3278,0.821,2.328,1.229,0.935,ptx,nomsa_template
3zrj,42,2,0.8233,0.882,1.3909,0.893,1.391,0.82,0.935,ptx,nomsa_template
3zrj,42,3,0.8226,0.8819,1.2827,0.895,1.283,0.817,0.935,ptx,nomsa_template
3zrj,42,4,0.8237,0.8818,0.9807,0.923,0.981,0.639,0.935,ptx,nomsa_template
3zrj,43,0,0.8387,0.9,2.6615,0.809,2.661,1.273,0.935,ptx,nomsa_template
3zrj,43,1,0.8383,0.8996,2.4384,0.826,2.438,1.258,0.968,ptx,nomsa_template
3zrj,43,2,0.837,0.8994,1.3673,0.891,1.367,0.838,0.935,ptx,nomsa_template
3zrj,43,3,0.8372,0.8987,1.6358,0.877,1.636,0.913,0.935,ptx,nomsa_template
3zrj,43,4,0.8368,0.8986,1.2737,0.908,1.274,0.8,0.968,ptx,nomsa_template
3zrj,44,0,0.8127,0.8722,2.4803,0.816,2.48,1.246,0.935,ptx,nomsa_template
3zrj,44,1,0.8132,0.8712,2.8066,0.807,2.807,1.264,0.935,ptx,nomsa_template
3zrj,44,2,0.8131,0.8705,2.3909,0.82,2.391,1.227,0.935,ptx,nomsa_template
3zrj,44,3,0.8123,0.8698,2.3155,0.83,2.315,1.164,0.935,ptx,nomsa_template
3zrj,44,4,0.8125,0.8696,1.9234,0.853,1.923,1.048,0.935,ptx,nomsa_template
4a2a,42,0,0.4901,0.6537,29.5556,0.031,29.556,11.935,0.0,ptx,nomsa_template
4a2a,42,1,0.492,0.6536,29.4427,0.031,29.443,11.879,0.0,ptx,nomsa_template
4a2a,42,2,0.4904,0.651,29.6391,0.03,29.639,12.113,0.0,ptx,nomsa_template
4a2a,42,3,0.4957,0.6484,28.0345,0.034,28.034,11.502,0.0,ptx,nomsa_template
4a2a,42,4,0.3528,0.4714,51.5083,0.011,51.508,19.492,0.0,ptx,nomsa_template
4a2a,43,0,0.4964,0.6455,28.5291,0.033,28.529,11.483,0.0,ptx,nomsa_template
4a2a,43,1,0.4895,0.6453,28.5982,0.033,28.598,11.472,0.0,ptx,nomsa_template
4a2a,43,2,0.489,0.6407,27.8482,0.034,27.848,11.319,0.0,ptx,nomsa_template
4a2a,43,3,0.4541,0.615,29.2495,0.031,29.249,12.312,0.0,ptx,nomsa_template
4a2a,43,4,0.3384,0.4855,49.9919,0.012,49.992,17.85,0.0,ptx,nomsa_template
4a2a,44,0,0.4955,0.6537,29.0949,0.031,29.095,11.907,0.0,ptx,nomsa_template
4a2a,44,1,0.4938,0.6504,29.6955,0.03,29.695,12.115,0.0,ptx,nomsa_template
4a2a,44,2,0.4895,0.6484,28.7368,0.032,28.737,11.487,0.0,ptx,nomsa_template
4a2a,44,3,0.4958,0.6465,28.6507,0.032,28.651,11.873,0.0,ptx,nomsa_template
4a2a,44,4,0.4866,0.6372,28.2058,0.033,28.206,11.852,0.0,ptx,nomsa_template
4bt9,42,0,0.7797,0.878,17.5824,0.673,17.582,0.501,0.931,ptx,nomsa_template
4bt9,42,1,0.7806,0.8778,19.1542,0.674,19.154,0.418,0.931,ptx,nomsa_template
4bt9,42,2,0.775,0.8779,12.7524,0.73,12.752,0.449,0.966,ptx,nomsa_template
4bt9,42,3,0.7499,0.8566,33.8627,0.625,33.863,0.541,0.931,ptx,nomsa_template
4bt9,42,4,0.7343,0.848,32.5286,0.638,32.529,0.539,0.966,ptx,nomsa_template
4bt9,43,0,0.7757,0.8762,14.286,0.704,14.286,0.544,0.966,ptx,nomsa_template
4bt9,43,1,0.7797,0.8744,17.247,0.675,17.247,0.505,0.931,ptx,nomsa_template
4bt9,43,2,0.7749,0.8734,11.1389,0.743,11.139,0.516,0.966,ptx,nomsa_template
4bt9,43,3,0.7541,0.857,31.4106,0.639,31.411,0.545,0.966,ptx,nomsa_template
4bt9,43,4,0.7449,0.848,32.1716,0.624,32.172,0.567,0.931,ptx,nomsa_template
4bt9,44,0,0.786,0.8816,18.1529,0.678,18.153,0.531,0.966,ptx,nomsa_template
4bt9,44,1,0.7801,0.8792,8.1065,0.791,8.106,0.445,0.931,ptx,nomsa_template
4bt9,44,2,0.7737,0.8788,13.8235,0.698,13.823,0.535,0.931,ptx,nomsa_template
4bt9,44,3,0.7493,0.8627,30.676,0.631,30.676,0.524,0.931,ptx,nomsa_template
4bt9,44,4,0.742,0.8542,31.8702,0.606,31.87,0.619,0.897,ptx,nomsa_template
4c5a,42,0,0.5128,0.6163,39.5973,0.019,39.597,13.386,0.0,ptx,nomsa_template
4c5a,42,1,0.5099,0.6126,40.5306,0.018,40.531,13.605,0.0,ptx,nomsa_template
4c5a,42,2,0.5052,0.6121,39.6029,0.019,39.603,13.302,0.0,ptx,nomsa_template
4c5a,42,3,0.5085,0.6072,38.5701,0.02,38.57,12.725,0.0,ptx,nomsa_template
4c5a,42,4,0.5079,0.6018,42.8727,0.016,42.873,14.142,0.0,ptx,nomsa_template
4c5a,43,0,0.474,0.6734,34.0074,0.026,34.007,10.873,0.0,ptx,nomsa_template
4c5a,43,1,0.4584,0.666,34.235,0.025,34.235,11.149,0.0,ptx,nomsa_template
4c5a,43,2,0.4614,0.6626,33.7234,0.026,33.723,10.954,0.0,ptx,nomsa_template
4c5a,43,3,0.4602,0.6449,35.8227,0.023,35.823,11.939,0.0,ptx,nomsa_template
4c5a,43,4,0.4427,0.6282,36.5512,0.022,36.551,12.385,0.0,ptx,nomsa_template
4c5a,44,0,0.4792,0.6817,34.2798,0.025,34.28,11.127,0.0,ptx,nomsa_template
4c5a,44,1,0.4811,0.6722,33.9188,0.026,33.919,10.924,0.0,ptx,nomsa_template
4c5a,44,2,0.4593,0.6613,33.5743,0.026,33.574,10.87,0.0,ptx,nomsa_template
4c5a,44,3,0.4585,0.6553,33.9611,0.026,33.961,10.84,0.0,ptx,nomsa_template
4c5a,44,4,0.4462,0.648,34.2728,0.025,34.273,11.382,0.0,ptx,nomsa_template
4dg3,42,0,0.8829,0.9648,1.1689,0.921,1.169,0.617,0.928,ptx,nomsa_template
4dg3,42,1,0.8831,0.9648,1.1846,0.909,1.185,0.637,0.899,ptx,nomsa_template
4dg3,42,2,0.8828,0.9647,0.7932,0.948,0.793,0.513,0.957,ptx,nomsa_template
4dg3,42,3,0.8825,0.9646,1.1339,0.914,1.134,0.599,0.899,ptx,nomsa_template
4dg3,42,4,0.882,0.9645,1.5002,0.872,1.5,0.736,0.841,ptx,nomsa_template
4dg3,43,0,0.867,0.9558,0.8221,0.946,0.822,0.527,0.957,ptx,nomsa_template
4dg3,43,1,0.8668,0.9555,0.5929,0.956,0.593,0.498,0.971,ptx,nomsa_template
4dg3,43,2,0.8669,0.9555,1.1088,0.918,1.109,0.577,0.899,ptx,nomsa_template
4dg3,43,3,0.8669,0.9555,0.9155,0.927,0.915,0.513,0.899,ptx,nomsa_template
4dg3,43,4,0.8664,0.9554,0.6996,0.928,0.7,0.519,0.899,ptx,nomsa_template
4dg3,44,0,0.882,0.9641,0.8793,0.924,0.879,0.546,0.899,ptx,nomsa_template
4dg3,44,1,0.8815,0.964,1.1909,0.909,1.191,0.704,0.928,ptx,nomsa_template
4dg3,44,2,0.8815,0.964,1.2851,0.889,1.285,0.672,0.855,ptx,nomsa_template
4dg3,44,3,0.8814,0.9639,1.0814,0.895,1.081,0.709,0.884,ptx,nomsa_template
4dg3,44,4,0.8804,0.9638,1.3437,0.886,1.344,0.651,0.841,ptx,nomsa_template
4ep2,42,0,0.8853,0.9422,12.8635,0.205,12.864,3.575,0.162,ptx,nomsa_template
4ep2,42,1,0.8844,0.9413,12.7547,0.207,12.755,3.543,0.162,ptx,nomsa_template
4ep2,42,2,0.884,0.9412,12.8011,0.206,12.801,3.557,0.162,ptx,nomsa_template
4ep2,42,3,0.8842,0.9408,12.7972,0.206,12.797,3.558,0.162,ptx,nomsa_template
4ep2,42,4,0.884,0.9407,12.8424,0.206,12.842,3.567,0.162,ptx,nomsa_template
4ep2,43,0,0.8855,0.9418,12.8739,0.205,12.874,3.582,0.162,ptx,nomsa_template
4ep2,43,1,0.8851,0.9415,12.8284,0.206,12.828,3.564,0.162,ptx,nomsa_template
4ep2,43,2,0.8837,0.9408,12.7766,0.207,12.777,3.552,0.162,ptx,nomsa_template
4ep2,43,3,0.8836,0.9407,12.8495,0.205,12.849,3.576,0.162,ptx,nomsa_template
4ep2,43,4,0.8838,0.9399,12.7998,0.206,12.8,3.558,0.162,ptx,nomsa_template
4ep2,44,0,0.8868,0.9426,0.9054,0.949,0.905,0.378,0.919,ptx,nomsa_template
4ep2,44,1,0.8871,0.9425,0.896,0.953,0.896,0.383,0.932,ptx,nomsa_template
4ep2,44,2,0.8852,0.9416,0.7764,0.961,0.776,0.36,0.946,ptx,nomsa_template
4ep2,44,3,0.8852,0.9415,0.7728,0.951,0.773,0.373,0.919,ptx,nomsa_template
4ep2,44,4,0.8852,0.9414,0.7643,0.947,0.764,0.369,0.905,ptx,nomsa_template
4fii,42,0,0.5399,0.6079,31.8678,0.032,31.868,8.446,0.0,ptx,nomsa_template
4fii,42,1,0.5392,0.607,32.2629,0.032,32.263,8.499,0.0,ptx,nomsa_template
4fii,42,2,0.5347,0.6024,32.5251,0.031,32.525,8.511,0.0,ptx,nomsa_template
4fii,42,3,0.4347,0.5948,0.8202,0.937,0.82,0.503,0.921,ptx,nomsa_template
4fii,42,4,0.4442,0.5808,13.4957,0.215,13.496,3.562,0.211,ptx,nomsa_template
4fii,43,0,0.555,0.6868,32.1755,0.032,32.176,8.479,0.0,ptx,nomsa_template
4fii,43,1,0.5824,0.6844,33.0687,0.03,33.069,8.767,0.0,ptx,nomsa_template
4fii,43,2,0.5794,0.6806,31.8676,0.033,31.868,8.372,0.0,ptx,nomsa_template
4fii,43,3,0.4386,0.6364,14.5418,0.208,14.542,3.856,0.237,ptx,nomsa_template
4fii,43,4,0.4168,0.6013,0.8822,0.873,0.882,0.516,0.737,ptx,nomsa_template
4fii,44,0,0.4744,0.6412,0.6876,0.893,0.688,0.508,0.789,ptx,nomsa_template
4fii,44,1,0.477,0.6378,0.8775,0.92,0.878,0.568,0.895,ptx,nomsa_template
4fii,44,2,0.4716,0.6359,0.9492,0.911,0.949,0.628,0.895,ptx,nomsa_template
4fii,44,3,0.4579,0.6081,14.8434,0.186,14.843,3.954,0.184,ptx,nomsa_template
4fii,44,4,0.5241,0.5839,32.4724,0.031,32.472,8.567,0.0,ptx,nomsa_template
4gq6,42,0,0.5872,0.7147,4.7547,0.614,4.755,1.474,0.571,ptx,nomsa_template
4gq6,42,1,0.5823,0.7117,3.6766,0.752,3.677,1.155,0.786,ptx,nomsa_template
4gq6,42,2,0.581,0.711,2.5828,0.839,2.583,0.837,0.839,ptx,nomsa_template
4gq6,42,3,0.5814,0.7098,1.6853,0.891,1.685,0.576,0.839,ptx,nomsa_template
4gq6,42,4,0.5809,0.7085,1.113,0.926,1.113,0.446,0.875,ptx,nomsa_template
4gq6,43,0,0.5787,0.7275,2.5038,0.856,2.504,0.813,0.875,ptx,nomsa_template
4gq6,43,1,0.5743,0.7222,4.2783,0.672,4.278,1.336,0.661,ptx,nomsa_template
4gq6,43,2,0.5723,0.7215,2.3407,0.781,2.341,0.777,0.625,ptx,nomsa_template
4gq6,43,3,0.5734,0.7206,1.9687,0.861,1.969,0.679,0.804,ptx,nomsa_template
4gq6,43,4,0.5691,0.7192,3.7986,0.737,3.799,1.202,0.768,ptx,nomsa_template
4gq6,44,0,0.5858,0.7138,4.8789,0.636,4.879,1.514,0.661,ptx,nomsa_template
4gq6,44,1,0.5822,0.7112,3.9223,0.711,3.922,1.242,0.714,ptx,nomsa_template
4gq6,44,2,0.5803,0.7097,4.2486,0.694,4.249,1.311,0.714,ptx,nomsa_template
4gq6,44,3,0.5816,0.7087,3.671,0.749,3.671,1.176,0.786,ptx,nomsa_template
4gq6,44,4,0.5798,0.7056,1.1815,0.921,1.181,0.432,0.857,ptx,nomsa_template
4hdq,42,0,0.8591,0.9732,2.1531,0.897,2.153,0.625,0.9,ptx,nomsa_template
4hdq,42,1,0.8585,0.9731,1.8352,0.914,1.835,0.533,0.9,ptx,nomsa_template
4hdq,42,2,0.8587,0.973,0.9827,0.964,0.983,0.383,0.967,ptx,nomsa_template
4hdq,42,3,0.8587,0.973,1.0935,0.963,1.093,0.387,0.967,ptx,nomsa_template
4hdq,42,4,0.8574,0.9725,0.9492,0.965,0.949,0.376,0.967,ptx,nomsa_template
4hdq,43,0,0.8581,0.973,1.5276,0.936,1.528,0.483,0.933,ptx,nomsa_template
4hdq,43,1,0.8566,0.9726,1.9863,0.905,1.986,0.591,0.9,ptx,nomsa_template
4hdq,43,2,0.8561,0.9725,1.0641,0.977,1.064,0.352,1.0,ptx,nomsa_template
4hdq,43,3,0.8557,0.9723,1.3162,0.972,1.316,0.385,1.0,ptx,nomsa_template
4hdq,43,4,0.8531,0.9709,2.7715,0.866,2.772,0.765,0.9,ptx,nomsa_template
4hdq,44,0,0.8592,0.9734,2.0866,0.91,2.087,0.623,0.933,ptx,nomsa_template
4hdq,44,1,0.8593,0.9734,1.3927,0.939,1.393,0.474,0.933,ptx,nomsa_template
4hdq,44,2,0.8538,0.9716,1.1013,0.975,1.101,0.378,1.0,ptx,nomsa_template
4hdq,44,3,0.8539,0.9714,2.2338,0.893,2.234,0.648,0.9,ptx,nomsa_template
4hdq,44,4,0.8535,0.971,2.1531,0.897,2.153,0.625,0.9,ptx,nomsa_template
4hom,42,0,0.5955,0.829,9.674,0.327,9.674,2.667,0.305,ptx,nomsa_template
4hom,42,1,0.6246,0.8263,2.8963,0.754,2.896,0.793,0.585,ptx,nomsa_template
4hom,42,2,0.5986,0.8257,8.3134,0.384,8.313,2.362,0.354,ptx,nomsa_template
4hom,42,3,0.6004,0.8252,7.8995,0.395,7.899,2.079,0.305,ptx,nomsa_template
4hom,42,4,0.5946,0.814,7.3668,0.422,7.367,1.929,0.317,ptx,nomsa_template
4hom,43,0,0.6227,0.8503,5.0228,0.56,5.023,1.616,0.476,ptx,nomsa_template
4hom,43,1,0.6373,0.849,3.6677,0.694,3.668,0.979,0.537,ptx,nomsa_template
4hom,43,2,0.634,0.8473,2.8367,0.758,2.837,0.779,0.585,ptx,nomsa_template
4hom,43,3,0.6228,0.8466,4.9343,0.598,4.934,1.298,0.476,ptx,nomsa_template
4hom,43,4,0.6194,0.8458,5.844,0.517,5.844,1.593,0.402,ptx,nomsa_template
4hom,44,0,0.6043,0.8266,3.6796,0.689,3.68,0.979,0.524,ptx,nomsa_template
4hom,44,1,0.5988,0.8234,2.6727,0.767,2.673,0.735,0.585,ptx,nomsa_template
4hom,44,2,0.5849,0.822,6.5636,0.483,6.564,1.759,0.402,ptx,nomsa_template
4hom,44,3,0.5827,0.8182,6.187,0.485,6.187,1.627,0.341,ptx,nomsa_template
4hom,44,4,0.5857,0.817,8.6336,0.398,8.634,2.294,0.402,ptx,nomsa_template
4iga,42,0,0.7383,0.6823,14.0702,0.129,14.07,7.709,0.083,ptx,nomsa_template
4iga,42,1,0.7372,0.6788,14.1029,0.11,14.103,7.715,0.028,ptx,nomsa_template
4iga,42,2,0.7393,0.6784,3.6178,0.527,3.618,2.195,0.417,ptx,nomsa_template
4iga,42,3,0.7349,0.6749,14.2299,0.118,14.23,7.811,0.056,ptx,nomsa_template
4iga,42,4,0.7373,0.67,3.0722,0.53,3.072,1.947,0.333,ptx,nomsa_template
4iga,43,0,0.7363,0.6862,14.1782,0.128,14.178,7.78,0.083,ptx,nomsa_template
4iga,43,1,0.7372,0.6833,14.1978,0.128,14.198,7.796,0.083,ptx,nomsa_template
4iga,43,2,0.7371,0.6827,4.0258,0.497,4.026,2.221,0.361,ptx,nomsa_template
4iga,43,3,0.7375,0.6825,4.0305,0.502,4.03,2.285,0.389,ptx,nomsa_template
4iga,43,4,0.7376,0.6818,3.8389,0.525,3.839,2.154,0.417,ptx,nomsa_template
4iga,44,0,0.7403,0.6834,14.4339,0.144,14.434,7.897,0.139,ptx,nomsa_template
4iga,44,1,0.7355,0.681,1.6595,0.678,1.659,1.456,0.556,ptx,nomsa_template
4iga,44,2,0.7404,0.6734,14.1099,0.11,14.11,7.75,0.028,ptx,nomsa_template
4iga,44,3,0.731,0.6668,2.7968,0.572,2.797,1.85,0.417,ptx,nomsa_template
4iga,44,4,0.7316,0.6647,3.3938,0.532,3.394,2.069,0.389,ptx,nomsa_template
4j2c,42,0,0.9031,0.9315,0.5866,0.931,0.587,0.685,0.971,ptx,nomsa_template
4j2c,42,1,0.9029,0.9313,0.5013,0.935,0.501,0.727,1.0,ptx,nomsa_template
4j2c,42,2,0.9029,0.9312,0.7058,0.942,0.706,0.603,0.971,ptx,nomsa_template
4j2c,42,3,0.9028,0.931,0.6528,0.914,0.653,0.803,0.971,ptx,nomsa_template
4j2c,42,4,0.9026,0.9308,0.6704,0.902,0.67,0.888,0.971,ptx,nomsa_template
4j2c,43,0,0.9064,0.9381,0.8973,0.915,0.897,0.784,0.971,ptx,nomsa_template
4j2c,43,1,0.9064,0.938,0.8438,0.925,0.844,0.72,0.971,ptx,nomsa_template
4j2c,43,2,0.9063,0.938,0.744,0.918,0.744,0.77,0.971,ptx,nomsa_template
4j2c,43,3,0.9062,0.9376,0.8958,0.883,0.896,0.944,0.943,ptx,nomsa_template
4j2c,43,4,0.9061,0.9374,0.7643,0.911,0.764,0.818,0.971,ptx,nomsa_template
4j2c,44,0,0.9064,0.938,0.8494,0.932,0.849,0.735,1.0,ptx,nomsa_template
4j2c,44,1,0.9064,0.9379,0.8138,0.892,0.814,0.951,0.971,ptx,nomsa_template
4j2c,44,2,0.9062,0.9377,0.7518,0.907,0.752,0.846,0.971,ptx,nomsa_template
4j2c,44,3,0.9062,0.9375,0.9374,0.91,0.937,0.815,0.971,ptx,nomsa_template
4j2c,44,4,0.9062,0.9372,0.7075,0.913,0.707,0.813,0.971,ptx,nomsa_template
4j8b,42,0,0.7449,0.894,3.7632,0.686,3.763,1.156,0.594,ptx,nomsa_template
4j8b,42,1,0.7437,0.8939,3.1426,0.723,3.143,0.989,0.594,ptx,nomsa_template
4j8b,42,2,0.7437,0.8929,3.5834,0.708,3.583,1.103,0.625,ptx,nomsa_template
4j8b,42,3,0.7418,0.8921,3.8767,0.689,3.877,1.185,0.625,ptx,nomsa_template
4j8b,42,4,0.74,0.8909,3.3546,0.7,3.355,1.045,0.562,ptx,nomsa_template
4j8b,43,0,0.7643,0.8992,3.5937,0.687,3.594,1.101,0.562,ptx,nomsa_template
4j8b,43,1,0.7641,0.8984,3.4838,0.702,3.484,1.086,0.594,ptx,nomsa_template
4j8b,43,2,0.763,0.8974,3.8214,0.673,3.821,1.166,0.562,ptx,nomsa_template
4j8b,43,3,0.7615,0.897,3.8179,0.668,3.818,1.197,0.562,ptx,nomsa_template
4j8b,43,4,0.7597,0.8946,3.0758,0.728,3.076,0.971,0.594,ptx,nomsa_template
4j8b,44,0,0.7462,0.897,3.9037,0.678,3.904,1.188,0.594,ptx,nomsa_template
4j8b,44,1,0.7471,0.8963,2.8113,0.775,2.811,0.895,0.688,ptx,nomsa_template
4j8b,44,2,0.7455,0.8956,3.0902,0.769,3.09,0.97,0.719,ptx,nomsa_template
4j8b,44,3,0.7417,0.8923,3.2132,0.71,3.213,1.002,0.562,ptx,nomsa_template
4j8b,44,4,0.7399,0.8915,3.4796,0.693,3.48,1.075,0.562,ptx,nomsa_template
4leb,42,0,0.9001,0.9753,2.9647,0.837,2.965,1.102,0.971,ptx,nomsa_template
4leb,42,1,0.9,0.9753,3.1587,0.827,3.159,1.147,0.971,ptx,nomsa_template
4leb,42,2,0.9,0.9751,3.0613,0.842,3.061,1.121,1.0,ptx,nomsa_template
4leb,42,3,0.8993,0.9749,3.5786,0.816,3.579,1.228,1.0,ptx,nomsa_template
4leb,42,4,0.8976,0.9744,2.5135,0.873,2.514,0.983,1.0,ptx,nomsa_template
4leb,43,0,0.8851,0.9718,3.2044,0.836,3.204,1.144,1.0,ptx,nomsa_template
4leb,43,1,0.8852,0.9716,3.3149,0.833,3.315,1.15,1.0,ptx,nomsa_template
4leb,43,2,0.8845,0.9716,3.097,0.844,3.097,1.1,1.0,ptx,nomsa_template
4leb,43,3,0.8848,0.9715,3.3374,0.83,3.337,1.167,1.0,ptx,nomsa_template
4leb,43,4,0.8824,0.9707,2.8712,0.857,2.871,1.042,1.0,ptx,nomsa_template
4leb,44,0,0.9042,0.9771,3.1391,0.842,3.139,1.108,1.0,ptx,nomsa_template
4leb,44,1,0.9042,0.9769,3.1817,0.839,3.182,1.125,1.0,ptx,nomsa_template
4leb,44,2,0.904,0.9769,3.2943,0.832,3.294,1.159,1.0,ptx,nomsa_template
4leb,44,3,0.9035,0.9766,3.6688,0.811,3.669,1.249,1.0,ptx,nomsa_template
4leb,44,4,0.9006,0.9758,2.6021,0.862,2.602,0.978,0.971,ptx,nomsa_template
4lk9,42,0,0.9154,0.9383,1.1205,0.844,1.12,0.905,0.816,ptx,nomsa_template
4lk9,42,1,0.9151,0.9381,1.0884,0.827,1.088,0.883,0.755,ptx,nomsa_template
4lk9,42,2,0.9151,0.938,1.0306,0.844,1.031,0.91,0.816,ptx,nomsa_template
4lk9,42,3,0.915,0.9379,0.9008,0.854,0.901,0.852,0.816,ptx,nomsa_template
4lk9,42,4,0.9154,0.9378,1.6342,0.81,1.634,1.054,0.796,ptx,nomsa_template
4lk9,43,0,0.9152,0.9383,1.0914,0.88,1.091,0.703,0.837,ptx,nomsa_template
4lk9,43,1,0.9157,0.9381,1.3604,0.82,1.36,1.011,0.796,ptx,nomsa_template
4lk9,43,2,0.9151,0.938,0.9578,0.897,0.958,0.641,0.857,ptx,nomsa_template
4lk9,43,3,0.9156,0.9379,1.0814,0.838,1.081,0.951,0.816,ptx,nomsa_template
4lk9,43,4,0.915,0.9373,1.0777,0.835,1.078,0.973,0.816,ptx,nomsa_template
4lk9,44,0,0.9159,0.9383,0.8996,0.893,0.9,0.622,0.837,ptx,nomsa_template
4lk9,44,1,0.916,0.938,0.9736,0.855,0.974,0.883,0.837,ptx,nomsa_template
4lk9,44,2,0.9152,0.9378,0.7215,0.888,0.721,0.671,0.837,ptx,nomsa_template
4lk9,44,3,0.9158,0.9376,1.0547,0.836,1.055,0.918,0.796,ptx,nomsa_template
4lk9,44,4,0.9157,0.9374,1.1469,0.841,1.147,0.876,0.796,ptx,nomsa_template
4lzf,42,0,0.8367,0.8675,9.6693,0.469,9.669,3.531,0.818,ptx,nomsa_template
4lzf,42,1,0.8366,0.8674,9.4838,0.461,9.484,3.588,0.788,ptx,nomsa_template
4lzf,42,2,0.8362,0.8671,9.3582,0.462,9.358,3.637,0.788,ptx,nomsa_template
4lzf,42,3,0.8363,0.8671,9.9923,0.463,9.992,3.538,0.818,ptx,nomsa_template
4lzf,42,4,0.8364,0.8669,9.9106,0.475,9.911,3.536,0.848,ptx,nomsa_template
4lzf,43,0,0.8363,0.8691,9.2837,0.413,9.284,3.623,0.636,ptx,nomsa_template
4lzf,43,1,0.8363,0.8681,9.5003,0.47,9.5,3.611,0.818,ptx,nomsa_template
4lzf,43,2,0.8364,0.8679,9.5745,0.458,9.575,3.638,0.788,ptx,nomsa_template
4lzf,43,3,0.836,0.8672,9.5781,0.467,9.578,3.665,0.818,ptx,nomsa_template
4lzf,43,4,0.836,0.8669,9.7139,0.477,9.714,3.596,0.848,ptx,nomsa_template
4lzf,44,0,0.8482,0.8874,9.6491,0.479,9.649,3.55,0.848,ptx,nomsa_template
4lzf,44,1,0.8475,0.8863,9.4374,0.46,9.437,3.639,0.788,ptx,nomsa_template
4lzf,44,2,0.8479,0.8859,9.7805,0.476,9.78,3.589,0.848,ptx,nomsa_template
4lzf,44,3,0.8476,0.8858,9.8014,0.465,9.801,3.588,0.818,ptx,nomsa_template
4lzf,44,4,0.8475,0.8858,9.5723,0.48,9.572,3.568,0.848,ptx,nomsa_template
4m5s,42,0,0.9153,0.9381,1.7929,0.926,1.793,0.583,0.951,ptx,nomsa_template
4m5s,42,1,0.9156,0.9382,1.9978,0.9,1.998,0.634,0.902,ptx,nomsa_template
4m5s,42,2,0.9158,0.9382,2.1354,0.904,2.135,0.704,0.951,ptx,nomsa_template
4m5s,42,3,0.9154,0.9381,1.8171,0.94,1.817,0.535,0.976,ptx,nomsa_template
4m5s,42,4,0.9153,0.9378,2.0626,0.919,2.063,0.6,0.951,ptx,nomsa_template
4m5s,43,0,0.9157,0.9383,2.0995,0.9,2.1,0.676,0.927,ptx,nomsa_template
4m5s,43,1,0.9155,0.9382,2.1646,0.901,2.165,0.662,0.927,ptx,nomsa_template
4m5s,43,2,0.9152,0.9381,1.7517,0.919,1.752,0.516,0.902,ptx,nomsa_template
4m5s,43,3,0.9156,0.9379,2.1222,0.892,2.122,0.672,0.902,ptx,nomsa_template
4m5s,43,4,0.9151,0.938,1.1986,0.942,1.199,0.578,0.976,ptx,nomsa_template
4m5s,44,0,0.9159,0.9384,2.2168,0.904,2.217,0.689,0.951,ptx,nomsa_template
4m5s,44,1,0.9157,0.9382,1.9767,0.903,1.977,0.609,0.902,ptx,nomsa_template
4m5s,44,2,0.9158,0.9382,2.1761,0.892,2.176,0.665,0.902,ptx,nomsa_template
4m5s,44,3,0.9158,0.9382,2.2162,0.897,2.216,0.687,0.927,ptx,nomsa_template
4m5s,44,4,0.916,0.9382,2.2493,0.895,2.249,0.693,0.927,ptx,nomsa_template
4m91,42,0,0.8721,0.9312,2.446,0.844,2.446,0.927,0.885,ptx,nomsa_template
4m91,42,1,0.8721,0.9311,2.3545,0.848,2.354,0.914,0.885,ptx,nomsa_template
4m91,42,2,0.8723,0.9308,2.3227,0.851,2.323,0.896,0.885,ptx,nomsa_template
4m91,42,3,0.8719,0.9306,2.5054,0.842,2.505,0.932,0.885,ptx,nomsa_template
4m91,42,4,0.8721,0.9304,2.1635,0.861,2.164,0.847,0.885,ptx,nomsa_template
4m91,43,0,0.8598,0.9206,2.745,0.781,2.745,1.058,0.769,ptx,nomsa_template
4m91,43,1,0.8597,0.9199,2.3986,0.793,2.399,0.932,0.731,ptx,nomsa_template
4m91,43,2,0.8591,0.9194,2.077,0.817,2.077,0.804,0.731,ptx,nomsa_template
4m91,43,3,0.8594,0.9181,1.9104,0.879,1.91,0.752,0.885,ptx,nomsa_template
4m91,43,4,0.8592,0.9179,2.0622,0.852,2.062,0.828,0.846,ptx,nomsa_template
4m91,44,0,0.8601,0.9219,2.4151,0.847,2.415,0.913,0.885,ptx,nomsa_template
4m91,44,1,0.8601,0.9217,2.5093,0.828,2.509,0.939,0.846,ptx,nomsa_template
4m91,44,2,0.8603,0.9217,2.4208,0.846,2.421,0.914,0.885,ptx,nomsa_template
4m91,44,3,0.8602,0.9216,2.5056,0.83,2.506,0.925,0.846,ptx,nomsa_template
4m91,44,4,0.86,0.9208,2.4114,0.848,2.411,0.904,0.885,ptx,nomsa_template
4mvi,42,0,0.7983,0.8941,4.4021,0.53,4.402,2.324,0.508,ptx,nomsa_template
4mvi,42,1,0.8015,0.8939,5.2595,0.485,5.259,2.452,0.459,ptx,nomsa_template
4mvi,42,2,0.8006,0.8936,5.018,0.52,5.018,2.235,0.508,ptx,nomsa_template
4mvi,42,3,0.7971,0.8925,5.2768,0.51,5.277,2.117,0.475,ptx,nomsa_template
4mvi,42,4,0.7956,0.8918,4.1343,0.54,4.134,2.104,0.475,ptx,nomsa_template
4mvi,43,0,0.7956,0.8959,4.5636,0.521,4.564,2.326,0.492,ptx,nomsa_template
4mvi,43,1,0.7938,0.8958,4.6744,0.505,4.674,2.354,0.459,ptx,nomsa_template
4mvi,43,2,0.7943,0.8956,4.1416,0.53,4.142,2.177,0.459,ptx,nomsa_template
4mvi,43,3,0.7929,0.8955,4.2361,0.533,4.236,2.251,0.492,ptx,nomsa_template
4mvi,43,4,0.7925,0.8949,4.3974,0.513,4.397,2.339,0.459,ptx,nomsa_template
4mvi,44,0,0.7971,0.8925,4.0792,0.532,4.079,2.242,0.475,ptx,nomsa_template
4mvi,44,1,0.7988,0.8922,4.8282,0.526,4.828,2.22,0.508,ptx,nomsa_template
4mvi,44,2,0.7963,0.8914,4.2271,0.579,4.227,1.921,0.557,ptx,nomsa_template
4mvi,44,3,0.7935,0.891,3.9334,0.545,3.933,2.183,0.492,ptx,nomsa_template
4mvi,44,4,0.7942,0.8906,4.5634,0.507,4.563,2.377,0.459,ptx,nomsa_template
4nuu,42,0,0.4147,0.4154,2.2198,0.633,2.22,2.263,0.658,ptx,nomsa_template
4nuu,42,1,0.4105,0.4103,2.319,0.613,2.319,2.43,0.632,ptx,nomsa_template
4nuu,42,2,0.4106,0.4078,12.2965,0.154,12.297,5.956,0.079,ptx,nomsa_template
4nuu,42,3,0.4171,0.402,12.5344,0.15,12.534,6.144,0.079,ptx,nomsa_template
4nuu,42,4,0.4398,0.3738,29.0015,0.032,29.001,11.477,0.0,ptx,nomsa_template
4nuu,43,0,0.4052,0.4099,9.9704,0.25,9.97,4.738,0.237,ptx,nomsa_template
4nuu,43,1,0.4003,0.4085,4.0568,0.475,4.057,2.861,0.395,ptx,nomsa_template
4nuu,43,2,0.4015,0.4076,11.4162,0.187,11.416,5.299,0.132,ptx,nomsa_template
4nuu,43,3,0.3977,0.4014,7.4221,0.344,7.422,3.999,0.342,ptx,nomsa_template
4nuu,43,4,0.389,0.4002,4.8975,0.45,4.897,2.956,0.395,ptx,nomsa_template
4nuu,44,0,0.4154,0.42,3.4798,0.535,3.48,2.616,0.5,ptx,nomsa_template
4nuu,44,1,0.4237,0.4193,10.3303,0.235,10.33,4.78,0.211,ptx,nomsa_template
4nuu,44,2,0.4195,0.4181,10.9862,0.193,10.986,5.301,0.132,ptx,nomsa_template
4nuu,44,3,0.4204,0.4155,9.9501,0.242,9.95,4.671,0.211,ptx,nomsa_template
4nuu,44,4,0.4373,0.3768,28.6695,0.033,28.669,11.404,0.0,ptx,nomsa_template
4nxr,42,0,0.8888,0.9149,0.9585,0.898,0.959,0.905,0.974,ptx,nomsa_template
4nxr,42,1,0.8888,0.9145,0.9165,0.893,0.917,0.887,0.949,ptx,nomsa_template
4nxr,42,2,0.8887,0.9138,1.1471,0.879,1.147,0.911,0.923,ptx,nomsa_template
4nxr,42,3,0.8884,0.9137,0.93,0.913,0.93,0.747,0.949,ptx,nomsa_template
4nxr,42,4,0.8886,0.9134,1.0273,0.874,1.027,0.95,0.923,ptx,nomsa_template
4nxr,43,0,0.8795,0.9074,0.9872,0.879,0.987,0.863,0.897,ptx,nomsa_template
4nxr,43,1,0.8793,0.9071,1.2801,0.867,1.28,0.925,0.897,ptx,nomsa_template
4nxr,43,2,0.8794,0.9068,1.0443,0.865,1.044,1.013,0.923,ptx,nomsa_template
4nxr,43,3,0.8793,0.9067,0.829,0.912,0.829,0.819,0.974,ptx,nomsa_template
4nxr,43,4,0.8793,0.9062,0.8972,0.875,0.897,0.951,0.923,ptx,nomsa_template
4nxr,44,0,0.8883,0.9147,0.8733,0.91,0.873,0.712,0.923,ptx,nomsa_template
4nxr,44,1,0.8884,0.9144,0.9215,0.889,0.922,0.852,0.923,ptx,nomsa_template
4nxr,44,2,0.8885,0.9143,1.0178,0.875,1.018,0.943,0.923,ptx,nomsa_template
4nxr,44,3,0.8883,0.9141,1.2443,0.916,1.244,0.765,0.974,ptx,nomsa_template
4nxr,44,4,0.8884,0.914,0.9995,0.875,1.0,0.945,0.923,ptx,nomsa_template
4ny3,42,0,0.8339,0.9504,1.9635,0.804,1.964,1.154,0.833,ptx,nomsa_template
4ny3,42,1,0.8335,0.9496,2.0678,0.778,2.068,1.338,0.833,ptx,nomsa_template
4ny3,42,2,0.8325,0.9485,2.1862,0.798,2.186,1.307,0.889,ptx,nomsa_template
4ny3,42,3,0.8318,0.9481,1.8613,0.792,1.861,1.258,0.833,ptx,nomsa_template
4ny3,42,4,0.8285,0.9463,1.8136,0.848,1.814,1.115,0.944,ptx,nomsa_template
4ny3,43,0,0.8336,0.9502,1.9962,0.868,1.996,0.823,0.889,ptx,nomsa_template
4ny3,43,1,0.833,0.9498,1.9455,0.802,1.946,1.17,0.833,ptx,nomsa_template
4ny3,43,2,0.8316,0.9495,2.2149,0.763,2.215,1.805,0.944,ptx,nomsa_template
4ny3,43,3,0.8325,0.9492,1.824,0.816,1.824,1.216,0.889,ptx,nomsa_template
4ny3,43,4,0.8323,0.9492,2.1369,0.793,2.137,1.214,0.833,ptx,nomsa_template
4ny3,44,0,0.8347,0.9499,2.3725,0.788,2.373,1.221,0.833,ptx,nomsa_template
4ny3,44,1,0.8348,0.9499,2.2669,0.825,2.267,1.091,0.889,ptx,nomsa_template
4ny3,44,2,0.8338,0.9494,2.3094,0.803,2.309,1.255,0.889,ptx,nomsa_template
4ny3,44,3,0.834,0.9494,2.2764,0.783,2.276,1.272,0.833,ptx,nomsa_template
4ny3,44,4,0.8273,0.9469,1.6524,0.83,1.652,1.131,0.889,ptx,nomsa_template
4odk,42,0,0.692,0.8252,11.52,0.237,11.52,3.836,0.226,ptx,nomsa_template
4odk,42,1,0.6889,0.8246,12.6916,0.211,12.692,3.871,0.194,ptx,nomsa_template
4odk,42,2,0.6926,0.8249,10.5219,0.25,10.522,3.881,0.226,ptx,nomsa_template
4odk,42,3,0.6916,0.8246,11.2343,0.253,11.234,3.777,0.258,ptx,nomsa_template
4odk,42,4,0.6914,0.8237,11.8368,0.233,11.837,3.809,0.226,ptx,nomsa_template
4odk,43,0,0.6353,0.7718,11.7819,0.229,11.782,3.542,0.194,ptx,nomsa_template
4odk,43,1,0.6357,0.7717,10.963,0.251,10.963,3.532,0.226,ptx,nomsa_template
4odk,43,2,0.6136,0.7662,16.5237,0.206,16.524,6.288,0.355,ptx,nomsa_template
4odk,43,3,0.6358,0.7648,3.4042,0.782,3.404,1.114,0.839,ptx,nomsa_template
4odk,43,4,0.6295,0.7616,3.9075,0.747,3.907,1.201,0.806,ptx,nomsa_template
4odk,44,0,0.6544,0.7884,10.7442,0.263,10.744,3.62,0.258,ptx,nomsa_template
4odk,44,1,0.6523,0.7875,11.3167,0.245,11.317,3.586,0.226,ptx,nomsa_template
4odk,44,2,0.6493,0.7856,11.904,0.25,11.904,3.528,0.258,ptx,nomsa_template
4odk,44,3,0.6511,0.7851,11.9747,0.25,11.975,3.485,0.258,ptx,nomsa_template
4odk,44,4,0.65,0.7801,12.4654,0.222,12.465,3.493,0.194,ptx,nomsa_template
4ouc,42,0,0.5859,0.7501,12.4716,0.231,12.472,3.623,0.229,ptx,nomsa_template
4ouc,42,1,0.5538,0.7261,8.1698,0.361,8.17,2.412,0.286,ptx,nomsa_template
4ouc,42,2,0.527,0.7154,2.735,0.817,2.735,0.879,0.8,ptx,nomsa_template
4ouc,42,3,0.5232,0.7083,2.9153,0.754,2.915,0.955,0.657,ptx,nomsa_template
4ouc,42,4,0.521,0.7021,4.7892,0.657,4.789,1.42,0.686,ptx,nomsa_template
4ouc,43,0,0.5979,0.7587,12.429,0.212,12.429,3.608,0.171,ptx,nomsa_template
4ouc,43,1,0.5379,0.7093,4.0623,0.646,4.062,1.204,0.514,ptx,nomsa_template
4ouc,43,2,0.5282,0.709,3.244,0.688,3.244,1.034,0.514,ptx,nomsa_template
4ouc,43,3,0.5316,0.7055,4.4835,0.648,4.483,1.325,0.6,ptx,nomsa_template
4ouc,43,4,0.5187,0.7044,3.133,0.791,3.133,0.997,0.8,ptx,nomsa_template
4ouc,44,0,0.5643,0.7477,9.6639,0.304,9.664,2.847,0.257,ptx,nomsa_template
4ouc,44,1,0.5469,0.7189,5.661,0.494,5.661,1.675,0.343,ptx,nomsa_template
4ouc,44,2,0.5459,0.7129,6.0099,0.459,6.01,1.745,0.286,ptx,nomsa_template
4ouc,44,3,0.5202,0.7067,2.197,0.809,2.197,0.807,0.714,ptx,nomsa_template
4ouc,44,4,0.5338,0.7062,4.4233,0.584,4.423,1.316,0.4,ptx,nomsa_template
4oyk,42,0,0.5344,0.622,13.6938,0.15,13.694,5.358,0.1,ptx,nomsa_template
4oyk,42,1,0.5343,0.622,14.3514,0.144,14.351,5.383,0.1,ptx,nomsa_template
4oyk,42,2,0.5267,0.6176,15.565,0.188,15.565,5.925,0.275,ptx,nomsa_template
4oyk,42,3,0.5284,0.6138,15.7224,0.18,15.722,5.816,0.25,ptx,nomsa_template
4oyk,42,4,0.5232,0.5865,14.6005,0.12,14.601,6.183,0.05,ptx,nomsa_template
4oyk,43,0,0.5665,0.6495,10.3592,0.176,10.359,5.234,0.05,ptx,nomsa_template
4oyk,43,1,0.5605,0.6428,13.0199,0.142,13.02,5.155,0.05,ptx,nomsa_template
4oyk,43,2,0.555,0.6394,13.6035,0.136,13.603,5.191,0.05,ptx,nomsa_template
4oyk,43,3,0.5545,0.6385,13.8469,0.133,13.847,5.259,0.05,ptx,nomsa_template
4oyk,43,4,0.5522,0.6288,17.1721,0.159,17.172,6.28,0.225,ptx,nomsa_template
4oyk,44,0,0.5379,0.6143,12.8847,0.144,12.885,5.111,0.05,ptx,nomsa_template
4oyk,44,1,0.5396,0.6138,13.2867,0.139,13.287,5.258,0.05,ptx,nomsa_template
4oyk,44,2,0.5349,0.6122,13.1901,0.141,13.19,5.127,0.05,ptx,nomsa_template
4oyk,44,3,0.5384,0.6075,15.939,0.185,15.939,5.999,0.275,ptx,nomsa_template
4oyk,44,4,0.4128,0.4451,40.6949,0.018,40.695,13.994,0.0,ptx,nomsa_template
4pd1,42,0,0.8433,0.9627,1.2173,0.94,1.217,0.43,0.917,ptx,nomsa_template
4pd1,42,1,0.8429,0.9627,1.1763,0.935,1.176,0.479,0.917,ptx,nomsa_template
4pd1,42,2,0.8424,0.9627,0.9812,0.937,0.981,0.414,0.896,ptx,nomsa_template
4pd1,42,3,0.8444,0.9627,0.9849,0.947,0.985,0.456,0.938,ptx,nomsa_template
4pd1,42,4,0.8426,0.9626,0.9833,0.933,0.983,0.456,0.896,ptx,nomsa_template
4pd1,43,0,0.8372,0.962,1.0678,0.944,1.068,0.412,0.917,ptx,nomsa_template
4pd1,43,1,0.8374,0.962,1.2407,0.937,1.241,0.46,0.917,ptx,nomsa_template
4pd1,43,2,0.8369,0.9619,1.4089,0.932,1.409,0.425,0.896,ptx,nomsa_template
4pd1,43,3,0.8375,0.9619,1.1675,0.924,1.168,0.512,0.896,ptx,nomsa_template
4pd1,43,4,0.8369,0.9618,0.9151,0.954,0.915,0.397,0.938,ptx,nomsa_template
4pd1,44,0,0.8619,0.9709,1.0721,0.939,1.072,0.456,0.917,ptx,nomsa_template
4pd1,44,1,0.8619,0.9709,0.9983,0.933,0.998,0.449,0.896,ptx,nomsa_template
4pd1,44,2,0.8615,0.9708,1.0671,0.943,1.067,0.416,0.917,ptx,nomsa_template
4pd1,44,3,0.8618,0.9707,1.0659,0.942,1.066,0.429,0.917,ptx,nomsa_template
4pd1,44,4,0.8614,0.9706,1.1308,0.936,1.131,0.477,0.917,ptx,nomsa_template
4pge,42,0,0.9022,0.9501,0.8582,0.978,0.858,0.296,0.983,ptx,nomsa_template
4pge,42,1,0.9022,0.9501,0.88,0.976,0.88,0.32,0.983,ptx,nomsa_template
4pge,42,2,0.9022,0.95,0.843,0.959,0.843,0.383,0.949,ptx,nomsa_template
4pge,42,3,0.9022,0.95,0.8755,0.981,0.876,0.332,1.0,ptx,nomsa_template
4pge,42,4,0.9022,0.9501,0.5604,0.971,0.56,0.337,0.966,ptx,nomsa_template
4pge,43,0,0.8504,0.9195,1.0006,0.965,1.001,0.366,0.966,ptx,nomsa_template
4pge,43,1,0.8505,0.9195,0.698,0.962,0.698,0.363,0.949,ptx,nomsa_template
4pge,43,2,0.8501,0.9192,0.8457,0.972,0.846,0.366,0.983,ptx,nomsa_template
4pge,43,3,0.8501,0.9191,0.7024,0.975,0.702,0.35,0.983,ptx,nomsa_template
4pge,43,4,0.8504,0.9192,0.5953,0.977,0.595,0.338,0.983,ptx,nomsa_template
4pge,44,0,0.8859,0.9405,0.8825,0.971,0.883,0.314,0.966,ptx,nomsa_template
4pge,44,1,0.8858,0.9403,0.7098,0.984,0.71,0.314,1.0,ptx,nomsa_template
4pge,44,2,0.8857,0.9403,0.7778,0.981,0.778,0.335,1.0,ptx,nomsa_template
4pge,44,3,0.8857,0.9403,0.7722,0.97,0.772,0.332,0.966,ptx,nomsa_template
4pge,44,4,0.8855,0.9401,0.6762,0.982,0.676,0.331,1.0,ptx,nomsa_template
4qbr,42,0,0.9264,0.9694,0.809,0.957,0.809,0.553,1.0,ptx,nomsa_template
4qbr,42,1,0.9264,0.9694,0.5703,0.953,0.57,0.594,1.0,ptx,nomsa_template
4qbr,42,2,0.9263,0.9694,0.7955,0.945,0.795,0.585,0.975,ptx,nomsa_template
4qbr,42,3,0.9264,0.9694,0.7731,0.966,0.773,0.485,1.0,ptx,nomsa_template
4qbr,42,4,0.9264,0.9693,0.6914,0.953,0.691,0.523,0.975,ptx,nomsa_template
4qbr,43,0,0.9263,0.9699,0.5619,0.957,0.562,0.569,1.0,ptx,nomsa_template
4qbr,43,1,0.9261,0.9696,0.9153,0.923,0.915,0.62,0.925,ptx,nomsa_template
4qbr,43,2,0.9262,0.9697,0.7084,0.95,0.708,0.611,1.0,ptx,nomsa_template
4qbr,43,3,0.926,0.9695,0.7818,0.923,0.782,0.621,0.925,ptx,nomsa_template
4qbr,43,4,0.9262,0.9695,0.7563,0.955,0.756,0.576,1.0,ptx,nomsa_template
4qbr,44,0,0.9262,0.9696,0.5722,0.96,0.572,0.541,1.0,ptx,nomsa_template
4qbr,44,1,0.926,0.9694,0.6485,0.968,0.648,0.394,0.975,ptx,nomsa_template
4qbr,44,2,0.9259,0.9692,0.7316,0.924,0.732,0.622,0.925,ptx,nomsa_template
4qbr,44,3,0.926,0.9691,0.7482,0.94,0.748,0.558,0.95,ptx,nomsa_template
4qbr,44,4,0.9259,0.9691,0.7237,0.932,0.724,0.623,0.95,ptx,nomsa_template
4r5i,42,0,0.6934,0.8543,1.9629,0.802,1.963,0.913,0.727,ptx,nomsa_template
4r5i,42,1,0.6918,0.8533,1.4829,0.865,1.483,0.788,0.841,ptx,nomsa_template
4r5i,42,2,0.6913,0.8502,2.0271,0.82,2.027,0.937,0.795,ptx,nomsa_template
4r5i,42,3,0.6882,0.85,1.9943,0.822,1.994,0.931,0.795,ptx,nomsa_template
4r5i,42,4,0.6868,0.8482,1.7985,0.832,1.799,0.931,0.818,ptx,nomsa_template
4r5i,43,0,0.6862,0.8514,2.4923,0.809,2.492,0.959,0.795,ptx,nomsa_template
4r5i,43,1,0.6845,0.8495,1.9708,0.796,1.971,0.951,0.727,ptx,nomsa_template
4r5i,43,2,0.6822,0.8474,1.4123,0.886,1.412,0.808,0.909,ptx,nomsa_template
4r5i,43,3,0.6848,0.8468,1.6345,0.876,1.635,0.751,0.864,ptx,nomsa_template
4r5i,43,4,0.6779,0.8453,1.5591,0.855,1.559,0.801,0.818,ptx,nomsa_template
4r5i,44,0,0.6864,0.8509,3.0593,0.767,3.059,1.229,0.818,ptx,nomsa_template
4r5i,44,1,0.6854,0.851,1.8591,0.831,1.859,0.881,0.795,ptx,nomsa_template
4r5i,44,2,0.6846,0.849,1.1945,0.845,1.195,0.791,0.773,ptx,nomsa_template
4r5i,44,3,0.6862,0.8487,1.5016,0.851,1.502,0.78,0.795,ptx,nomsa_template
4r5i,44,4,0.4867,0.7354,30.6721,0.035,30.672,7.988,0.0,ptx,nomsa_template
4txr,42,0,0.8123,0.9076,4.1532,0.502,4.153,4.198,0.585,ptx,nomsa_template
4txr,42,1,0.8045,0.9035,5.8337,0.489,5.834,4.364,0.683,ptx,nomsa_template
4txr,42,2,0.8113,0.905,4.2678,0.545,4.268,3.876,0.707,ptx,nomsa_template
4txr,42,3,0.8066,0.9037,4.9816,0.498,4.982,4.153,0.634,ptx,nomsa_template
4txr,42,4,0.804,0.9023,5.3893,0.506,5.389,3.607,0.659,ptx,nomsa_template
4txr,43,0,0.8051,0.9042,4.9746,0.511,4.975,3.882,0.659,ptx,nomsa_template
4txr,43,1,0.808,0.904,4.7136,0.529,4.714,4.191,0.707,ptx,nomsa_template
4txr,43,2,0.808,0.9042,4.3896,0.533,4.39,3.942,0.683,ptx,nomsa_template
4txr,43,3,0.8056,0.9036,4.0128,0.52,4.013,3.858,0.61,ptx,nomsa_template
4txr,43,4,0.8102,0.9055,4.1613,0.532,4.161,3.871,0.659,ptx,nomsa_template
4txr,44,0,0.8002,0.9046,14.6736,0.33,14.674,6.231,0.683,ptx,nomsa_template
4txr,44,1,0.8131,0.905,2.9596,0.593,2.96,3.192,0.707,ptx,nomsa_template
4txr,44,2,0.8078,0.903,5.3749,0.56,5.375,2.534,0.707,ptx,nomsa_template
4txr,44,3,0.7972,0.9026,15.4737,0.336,15.474,5.469,0.707,ptx,nomsa_template
4txr,44,4,0.8121,0.9034,4.844,0.601,4.844,2.342,0.756,ptx,nomsa_template
4u0c,42,0,0.6792,0.7464,10.8485,0.525,10.848,1.816,0.789,ptx,nomsa_template
4u0c,42,1,0.6784,0.7454,10.3998,0.529,10.4,1.843,0.789,ptx,nomsa_template
4u0c,42,2,0.6769,0.7442,11.0194,0.525,11.019,1.794,0.789,ptx,nomsa_template
4u0c,42,3,0.6778,0.7432,10.5067,0.529,10.507,1.825,0.789,ptx,nomsa_template
4u0c,42,4,0.6638,0.7391,18.995,0.451,18.995,1.855,0.789,ptx,nomsa_template
4u0c,43,0,0.6998,0.775,10.5333,0.524,10.533,1.882,0.789,ptx,nomsa_template
4u0c,43,1,0.7001,0.7753,10.9306,0.529,10.931,1.764,0.789,ptx,nomsa_template
4u0c,43,2,0.7028,0.776,11.267,0.508,11.267,1.952,0.789,ptx,nomsa_template
4u0c,43,3,0.7003,0.7751,10.1177,0.538,10.118,1.796,0.789,ptx,nomsa_template
4u0c,43,4,0.6996,0.7741,11.1798,0.518,11.18,1.845,0.789,ptx,nomsa_template
4u0c,44,0,0.6917,0.7664,16.2051,0.465,16.205,1.872,0.789,ptx,nomsa_template
4u0c,44,1,0.6957,0.7674,10.8863,0.521,10.886,1.854,0.789,ptx,nomsa_template
4u0c,44,2,0.69,0.7646,15.6378,0.493,15.638,1.808,0.842,ptx,nomsa_template
4u0c,44,3,0.6967,0.7674,10.6496,0.528,10.65,1.818,0.789,ptx,nomsa_template
4u0c,44,4,0.6965,0.7627,11.9438,0.509,11.944,1.829,0.789,ptx,nomsa_template
4uqy,42,0,0.4007,0.5324,15.3012,0.093,15.301,9.17,0.019,ptx,nomsa_template
4uqy,42,1,0.4012,0.5306,14.4354,0.093,14.435,9.8,0.0,ptx,nomsa_template
4uqy,42,2,0.3857,0.5201,13.5796,0.102,13.58,9.692,0.0,ptx,nomsa_template
4uqy,42,3,0.3777,0.5119,11.9874,0.141,11.987,8.1,0.056,ptx,nomsa_template
4uqy,42,4,0.3831,0.5056,9.8816,0.159,9.882,7.928,0.019,ptx,nomsa_template
4uqy,43,0,0.4154,0.5436,6.0491,0.331,6.049,8.101,0.296,ptx,nomsa_template
4uqy,43,1,0.4066,0.5339,5.4155,0.342,5.416,7.734,0.278,ptx,nomsa_template
4uqy,43,2,0.4047,0.5236,18.0595,0.074,18.059,10.043,0.019,ptx,nomsa_template
4uqy,43,3,0.3714,0.5029,9.9537,0.176,9.954,8.103,0.074,ptx,nomsa_template
4uqy,43,4,0.368,0.4892,11.0111,0.151,11.011,7.234,0.037,ptx,nomsa_template
4uqy,44,0,0.4154,0.5371,6.0027,0.344,6.003,8.329,0.333,ptx,nomsa_template
4uqy,44,1,0.3999,0.5345,13.8272,0.106,13.827,9.607,0.019,ptx,nomsa_template
4uqy,44,2,0.3951,0.527,14.3902,0.102,14.39,8.808,0.019,ptx,nomsa_template
4uqy,44,3,0.4147,0.5214,11.6512,0.182,11.651,8.417,0.167,ptx,nomsa_template
4uqy,44,4,0.3821,0.4932,11.1636,0.134,11.164,7.846,0.0,ptx,nomsa_template
4x2h,42,0,0.7217,0.7636,37.4073,0.022,37.407,11.607,0.0,ptx,nomsa_template
4x2h,42,1,0.5886,0.6548,21.3279,0.088,21.328,10.242,0.105,ptx,nomsa_template
4x2h,42,2,0.4827,0.6321,21.4725,0.055,21.473,8.4,0.0,ptx,nomsa_template
4x2h,42,3,0.5271,0.6218,13.3976,0.2,13.398,9.463,0.289,ptx,nomsa_template
4x2h,42,4,0.4841,0.6116,16.8492,0.079,16.849,7.959,0.0,ptx,nomsa_template
4x2h,43,0,0.6116,0.6474,29.4448,0.032,29.445,10.989,0.0,ptx,nomsa_template
4x2h,43,1,0.4708,0.6206,22.389,0.052,22.389,8.466,0.0,ptx,nomsa_template
4x2h,43,2,0.4585,0.5775,18.0332,0.072,18.033,8.117,0.0,ptx,nomsa_template
4x2h,43,3,0.523,0.5696,15.4264,0.112,15.426,9.796,0.079,ptx,nomsa_template
4x2h,43,4,0.4638,0.5077,8.8417,0.239,8.842,8.967,0.211,ptx,nomsa_template
4x2h,44,0,0.6961,0.7297,37.3575,0.022,37.358,11.714,0.0,ptx,nomsa_template
4x2h,44,1,0.5622,0.6268,22.66,0.101,22.66,10.06,0.158,ptx,nomsa_template
4x2h,44,2,0.4754,0.5807,23.0639,0.065,23.064,9.919,0.053,ptx,nomsa_template
4x2h,44,3,0.4677,0.5089,8.8002,0.258,8.8,8.743,0.263,ptx,nomsa_template
4x2h,44,4,0.4664,0.5078,8.7809,0.25,8.781,8.775,0.237,ptx,nomsa_template
4x3o,42,0,0.6381,0.8285,8.2325,0.373,8.232,2.968,0.4,ptx,nomsa_template
4x3o,42,1,0.6432,0.8284,7.8668,0.38,7.867,2.996,0.4,ptx,nomsa_template
4x3o,42,2,0.6464,0.8265,7.8673,0.376,7.867,3.114,0.4,ptx,nomsa_template
4x3o,42,3,0.6444,0.8256,7.9171,0.38,7.917,2.688,0.367,ptx,nomsa_template
4x3o,42,4,0.6458,0.8236,7.5485,0.4,7.548,2.669,0.4,ptx,nomsa_template
4x3o,43,0,0.639,0.8326,7.6732,0.389,7.673,2.858,0.4,ptx,nomsa_template
4x3o,43,1,0.6472,0.8276,7.6554,0.395,7.655,2.483,0.367,ptx,nomsa_template
4x3o,43,2,0.6493,0.8269,7.6904,0.413,7.69,2.798,0.467,ptx,nomsa_template
4x3o,43,3,0.6494,0.8262,7.5574,0.402,7.557,2.882,0.433,ptx,nomsa_template
4x3o,43,4,0.6486,0.8241,7.8667,0.373,7.867,2.885,0.367,ptx,nomsa_template
4x3o,44,0,0.6625,0.8588,7.5943,0.383,7.594,2.763,0.367,ptx,nomsa_template
4x3o,44,1,0.6631,0.8573,7.8595,0.382,7.86,2.942,0.4,ptx,nomsa_template
4x3o,44,2,0.6689,0.8574,7.3247,0.386,7.325,2.849,0.367,ptx,nomsa_template
4x3o,44,3,0.6658,0.8562,7.6819,0.405,7.682,2.502,0.4,ptx,nomsa_template
4x3o,44,4,0.6695,0.8558,7.0697,0.423,7.07,2.414,0.4,ptx,nomsa_template
4xc2,42,0,0.8565,0.9124,0.6702,0.955,0.67,0.336,0.918,ptx,nomsa_template
4xc2,42,1,0.8562,0.9118,0.8134,0.969,0.813,0.392,0.98,ptx,nomsa_template
4xc2,42,2,0.8558,0.9103,0.7729,0.965,0.773,0.364,0.959,ptx,nomsa_template
4xc2,42,3,0.8554,0.9103,0.8102,0.967,0.81,0.345,0.959,ptx,nomsa_template
4xc2,42,4,0.8547,0.909,1.1431,0.959,1.143,0.453,0.98,ptx,nomsa_template
4xc2,43,0,0.8547,0.9126,0.9903,0.961,0.99,0.453,0.98,ptx,nomsa_template
4xc2,43,1,0.8549,0.912,0.9372,0.961,0.937,0.398,0.959,ptx,nomsa_template
4xc2,43,2,0.8549,0.911,0.6639,0.97,0.664,0.318,0.959,ptx,nomsa_template
4xc2,43,3,0.8542,0.9105,0.795,0.974,0.795,0.338,0.98,ptx,nomsa_template
4xc2,43,4,0.8538,0.9101,0.8368,0.964,0.837,0.37,0.959,ptx,nomsa_template
4xc2,44,0,0.8559,0.9115,0.8775,0.955,0.877,0.388,0.939,ptx,nomsa_template
4xc2,44,1,0.8555,0.9113,0.845,0.957,0.845,0.369,0.939,ptx,nomsa_template
4xc2,44,2,0.8556,0.9113,0.9534,0.96,0.953,0.397,0.959,ptx,nomsa_template
4xc2,44,3,0.8557,0.9108,0.7329,0.968,0.733,0.336,0.959,ptx,nomsa_template
4xc2,44,4,0.8547,0.9098,0.8506,0.969,0.851,0.39,0.98,ptx,nomsa_template
4xek,42,0,0.8303,0.8221,0.7155,0.943,0.716,0.351,0.889,ptx,nomsa_template
4xek,42,1,0.8311,0.822,2.9451,0.921,2.945,0.421,0.944,ptx,nomsa_template
4xek,42,2,0.8248,0.8185,3.3841,0.736,3.384,1.55,0.861,ptx,nomsa_template
4xek,42,3,0.8246,0.8178,3.286,0.754,3.286,1.409,0.861,ptx,nomsa_template
4xek,42,4,0.7282,0.7418,30.529,0.03,30.529,11.092,0.0,ptx,nomsa_template
4xek,43,0,0.8255,0.8187,3.3347,0.758,3.335,1.444,0.889,ptx,nomsa_template
4xek,43,1,0.8246,0.8172,3.3476,0.765,3.348,1.311,0.861,ptx,nomsa_template
4xek,43,2,0.8243,0.8169,3.3386,0.734,3.339,1.416,0.806,ptx,nomsa_template
4xek,43,3,0.8244,0.8169,3.3326,0.753,3.333,1.408,0.861,ptx,nomsa_template
4xek,43,4,0.8243,0.8164,3.0779,0.768,3.078,1.331,0.861,ptx,nomsa_template
4xek,44,0,0.8301,0.8213,2.578,0.933,2.578,0.383,0.944,ptx,nomsa_template
4xek,44,1,0.8243,0.8176,3.6762,0.727,3.676,1.566,0.861,ptx,nomsa_template
4xek,44,2,0.824,0.8172,3.6108,0.729,3.611,1.564,0.861,ptx,nomsa_template
4xek,44,3,0.824,0.8171,3.3515,0.745,3.352,1.472,0.861,ptx,nomsa_template
4xek,44,4,0.8242,0.8167,3.3653,0.752,3.365,1.407,0.861,ptx,nomsa_template
4yje,42,0,0.5545,0.7056,25.8212,0.046,25.821,7.383,0.0,ptx,nomsa_template
4yje,42,1,0.5489,0.7016,24.9753,0.049,24.975,7.16,0.0,ptx,nomsa_template
4yje,42,2,0.5146,0.6969,24.1689,0.092,24.169,7.109,0.122,ptx,nomsa_template
4yje,42,3,0.5079,0.692,18.8099,0.08,18.81,5.394,0.0,ptx,nomsa_template
4yje,42,4,0.4826,0.6829,13.6418,0.162,13.642,3.95,0.082,ptx,nomsa_template
4yje,43,0,0.5732,0.7704,21.2519,0.065,21.252,6.105,0.0,ptx,nomsa_template
4yje,43,1,0.5748,0.7649,22.9439,0.057,22.944,6.607,0.0,ptx,nomsa_template
4yje,43,2,0.5475,0.7606,18.7269,0.081,18.727,5.369,0.0,ptx,nomsa_template
4yje,43,3,0.5827,0.7517,29.0691,0.037,29.069,8.324,0.0,ptx,nomsa_template
4yje,43,4,0.5864,0.7462,31.0917,0.032,31.092,8.936,0.0,ptx,nomsa_template
4yje,44,0,0.5943,0.7846,23.7038,0.053,23.704,6.799,0.0,ptx,nomsa_template
4yje,44,1,0.5972,0.7821,25.8974,0.046,25.897,7.418,0.0,ptx,nomsa_template
4yje,44,2,0.5864,0.7698,27.5,0.041,27.5,7.894,0.0,ptx,nomsa_template
4yje,44,3,0.5861,0.7667,27.3345,0.041,27.335,7.837,0.0,ptx,nomsa_template
4yje,44,4,0.5947,0.7654,30.2392,0.034,30.239,8.661,0.0,ptx,nomsa_template
4z2o,42,0,0.661,0.7216,9.1927,0.389,9.193,3.575,0.556,ptx,nomsa_template
4z2o,42,1,0.6553,0.7167,8.0233,0.447,8.023,3.093,0.622,ptx,nomsa_template
4z2o,42,2,0.6552,0.7149,8.3588,0.422,8.359,3.203,0.578,ptx,nomsa_template
4z2o,42,3,0.6543,0.7147,8.1003,0.423,8.1,3.095,0.556,ptx,nomsa_template
4z2o,42,4,0.661,0.7126,10.5318,0.37,10.532,4.125,0.6,ptx,nomsa_template
4z2o,43,0,0.6637,0.7209,9.5437,0.392,9.544,3.829,0.6,ptx,nomsa_template
4z2o,43,1,0.662,0.72,9.4824,0.386,9.482,3.825,0.578,ptx,nomsa_template
4z2o,43,2,0.6558,0.7172,9.1716,0.405,9.172,3.513,0.6,ptx,nomsa_template
4z2o,43,3,0.6569,0.7149,9.0101,0.389,9.01,3.412,0.533,ptx,nomsa_template
4z2o,43,4,0.6522,0.7137,6.4622,0.523,6.462,2.477,0.667,ptx,nomsa_template
4z2o,44,0,0.6603,0.7215,9.1826,0.357,9.183,3.684,0.467,ptx,nomsa_template
4z2o,44,1,0.6609,0.7168,9.6553,0.374,9.655,3.874,0.556,ptx,nomsa_template
4z2o,44,2,0.6547,0.7155,7.0778,0.481,7.078,2.748,0.622,ptx,nomsa_template
4z2o,44,3,0.657,0.7131,9.3589,0.407,9.359,3.616,0.622,ptx,nomsa_template
4z2o,44,4,0.6585,0.7118,9.7239,0.388,9.724,3.887,0.6,ptx,nomsa_template
4zoz,42,0,0.9132,0.9807,2.3475,0.885,2.347,0.777,0.939,ptx,nomsa_template
4zoz,42,1,0.914,0.9807,2.5101,0.884,2.51,0.813,0.959,ptx,nomsa_template
4zoz,42,2,0.9119,0.9805,1.9712,0.91,1.971,0.646,0.939,ptx,nomsa_template
4zoz,42,3,0.9127,0.9805,2.1007,0.909,2.101,0.691,0.959,ptx,nomsa_template
4zoz,42,4,0.9121,0.9803,1.837,0.925,1.837,0.605,0.959,ptx,nomsa_template
4zoz,43,0,0.9111,0.978,2.1876,0.896,2.188,0.726,0.939,ptx,nomsa_template
4zoz,43,1,0.9127,0.978,2.4519,0.878,2.452,0.814,0.939,ptx,nomsa_template
4zoz,43,2,0.9122,0.9779,2.4645,0.863,2.464,0.822,0.898,ptx,nomsa_template
4zoz,43,3,0.9102,0.9778,2.1901,0.9,2.19,0.742,0.959,ptx,nomsa_template
4zoz,43,4,0.9124,0.9778,2.4889,0.882,2.489,0.83,0.959,ptx,nomsa_template
4zoz,44,0,0.9148,0.9808,2.3583,0.88,2.358,0.767,0.918,ptx,nomsa_template
4zoz,44,1,0.9139,0.9806,2.1469,0.892,2.147,0.707,0.918,ptx,nomsa_template
4zoz,44,2,0.9146,0.9806,2.3378,0.88,2.338,0.768,0.918,ptx,nomsa_template
4zoz,44,3,0.9141,0.9806,1.9597,0.904,1.96,0.646,0.918,ptx,nomsa_template
4zoz,44,4,0.9108,0.98,1.533,0.92,1.533,0.516,0.898,ptx,nomsa_template
5bs2,42,0,0.6273,0.5806,3.7125,0.676,3.713,1.658,0.737,ptx,nomsa_template
5bs2,42,1,0.626,0.5805,4.3002,0.664,4.3,1.81,0.789,ptx,nomsa_template
5bs2,42,2,0.6266,0.5784,3.1989,0.692,3.199,1.802,0.789,ptx,nomsa_template
5bs2,42,3,0.6257,0.5724,4.1617,0.67,4.162,1.79,0.789,ptx,nomsa_template
5bs2,42,4,0.6256,0.5653,4.8175,0.653,4.818,1.609,0.737,ptx,nomsa_template
5bs2,43,0,0.6262,0.5857,3.8146,0.645,3.815,1.587,0.632,ptx,nomsa_template
5bs2,43,1,0.621,0.5772,5.0295,0.684,5.029,1.592,0.842,ptx,nomsa_template
5bs2,43,2,0.6244,0.5758,6.3517,0.594,6.352,1.821,0.737,ptx,nomsa_template
5bs2,43,3,0.6222,0.5758,4.6046,0.708,4.605,1.329,0.789,ptx,nomsa_template
5bs2,43,4,0.6178,0.5631,4.1508,0.72,4.151,1.32,0.789,ptx,nomsa_template
5bs2,44,0,0.6296,0.5899,3.3415,0.702,3.342,1.655,0.789,ptx,nomsa_template
5bs2,44,1,0.6305,0.5845,3.1881,0.759,3.188,1.198,0.789,ptx,nomsa_template
5bs2,44,2,0.6265,0.582,2.8737,0.706,2.874,1.72,0.789,ptx,nomsa_template
5bs2,44,3,0.628,0.5821,4.5046,0.677,4.505,1.627,0.789,ptx,nomsa_template
5bs2,44,4,0.6177,0.5626,4.1509,0.671,4.151,1.777,0.789,ptx,nomsa_template
5crw,42,0,0.8376,0.9452,15.062,0.603,15.062,1.053,0.897,ptx,nomsa_template
5crw,42,1,0.8434,0.945,4.5877,0.779,4.588,1.062,0.897,ptx,nomsa_template
5crw,42,2,0.8432,0.9449,4.4874,0.783,4.487,1.05,0.897,ptx,nomsa_template
5crw,42,3,0.8418,0.9448,4.9779,0.756,4.978,1.074,0.862,ptx,nomsa_template
5crw,42,4,0.8454,0.9451,3.875,0.792,3.875,1.094,0.897,ptx,nomsa_template
5crw,43,0,0.8275,0.9436,11.6985,0.631,11.698,1.099,0.897,ptx,nomsa_template
5crw,43,1,0.8307,0.9433,4.209,0.787,4.209,1.074,0.897,ptx,nomsa_template
5crw,43,2,0.8323,0.9434,2.8345,0.816,2.834,1.096,0.897,ptx,nomsa_template
5crw,43,3,0.8022,0.9394,10.381,0.644,10.381,1.059,0.862,ptx,nomsa_template
5crw,43,4,0.8008,0.9388,10.3302,0.653,10.33,1.077,0.897,ptx,nomsa_template
5crw,44,0,0.8324,0.945,14.4319,0.59,14.432,1.097,0.862,ptx,nomsa_template
5crw,44,1,0.8352,0.9454,11.3073,0.63,11.307,1.063,0.862,ptx,nomsa_template
5crw,44,2,0.84,0.9449,2.8307,0.817,2.831,1.089,0.897,ptx,nomsa_template
5crw,44,3,0.8191,0.9418,8.4201,0.679,8.42,1.054,0.862,ptx,nomsa_template
5crw,44,4,0.8104,0.9411,10.2039,0.654,10.204,1.007,0.862,ptx,nomsa_template
5d94,42,0,0.9178,0.9413,0.4984,0.923,0.498,0.445,0.854,ptx,nomsa_template
5d94,42,1,0.9173,0.9411,0.6823,0.911,0.682,0.542,0.854,ptx,nomsa_template
5d94,42,2,0.9176,0.9409,0.5491,0.915,0.549,0.516,0.854,ptx,nomsa_template
5d94,42,3,0.9171,0.9407,0.4469,0.935,0.447,0.47,0.896,ptx,nomsa_template
5d94,42,4,0.9171,0.9406,0.4326,0.922,0.433,0.519,0.875,ptx,nomsa_template
5d94,43,0,0.9172,0.9416,0.6786,0.902,0.679,0.499,0.812,ptx,nomsa_template
5d94,43,1,0.9172,0.9414,0.5711,0.925,0.571,0.488,0.875,ptx,nomsa_template
5d94,43,2,0.9169,0.9413,0.6444,0.922,0.644,0.511,0.875,ptx,nomsa_template
5d94,43,3,0.9168,0.9411,0.7707,0.922,0.771,0.559,0.896,ptx,nomsa_template
5d94,43,4,0.9167,0.9406,0.7309,0.897,0.731,0.535,0.812,ptx,nomsa_template
5d94,44,0,0.9176,0.9419,0.6151,0.905,0.615,0.54,0.833,ptx,nomsa_template
5d94,44,1,0.9175,0.9418,0.6156,0.916,0.616,0.499,0.854,ptx,nomsa_template
5d94,44,2,0.9169,0.9415,0.5181,0.909,0.518,0.511,0.833,ptx,nomsa_template
5d94,44,3,0.9169,0.9415,0.553,0.9,0.553,0.576,0.833,ptx,nomsa_template
5d94,44,4,0.9163,0.941,0.6024,0.908,0.602,0.513,0.833,ptx,nomsa_template
5dai,42,0,0.9124,0.9766,0.8132,0.933,0.813,0.679,0.977,ptx,nomsa_template
5dai,42,1,0.9124,0.9765,1.215,0.932,1.215,0.713,1.0,ptx,nomsa_template
5dai,42,2,0.9123,0.9765,1.1511,0.929,1.151,0.685,0.977,ptx,nomsa_template
5dai,42,3,0.9123,0.9764,1.0325,0.942,1.033,0.65,1.0,ptx,nomsa_template
5dai,42,4,0.9121,0.9764,1.1432,0.921,1.143,0.737,0.977,ptx,nomsa_template
5dai,43,0,0.9072,0.9761,0.7361,0.943,0.736,0.664,1.0,ptx,nomsa_template
5dai,43,1,0.9071,0.976,0.8613,0.925,0.861,0.728,0.977,ptx,nomsa_template
5dai,43,2,0.907,0.976,1.1051,0.931,1.105,0.673,0.977,ptx,nomsa_template
5dai,43,3,0.9069,0.9759,0.7271,0.943,0.727,0.664,1.0,ptx,nomsa_template
5dai,43,4,0.9069,0.9759,0.6449,0.952,0.645,0.601,1.0,ptx,nomsa_template
5dai,44,0,0.9044,0.9753,0.8172,0.925,0.817,0.735,0.977,ptx,nomsa_template
5dai,44,1,0.9045,0.9753,1.0982,0.921,1.098,0.74,0.977,ptx,nomsa_template
5dai,44,2,0.9043,0.9752,0.6702,0.951,0.67,0.61,1.0,ptx,nomsa_template
5dai,44,3,0.9043,0.9752,0.973,0.931,0.973,0.678,0.977,ptx,nomsa_template
5dai,44,4,0.904,0.975,0.9128,0.917,0.913,0.785,0.977,ptx,nomsa_template
5di8,42,0,0.6775,0.7337,32.0576,0.027,32.058,12.023,0.0,ptx,nomsa_template
5di8,42,1,0.6769,0.7334,33.5514,0.025,33.551,12.221,0.0,ptx,nomsa_template
5di8,42,2,0.6761,0.7316,32.3628,0.027,32.363,12.026,0.0,ptx,nomsa_template
5di8,42,3,0.6745,0.7263,32.7941,0.026,32.794,12.128,0.0,ptx,nomsa_template
5di8,42,4,0.6516,0.7124,30.1881,0.031,30.188,10.964,0.0,ptx,nomsa_template
5di8,43,0,0.9603,0.9741,0.7067,0.966,0.707,0.485,1.0,ptx,nomsa_template
5di8,43,1,0.9603,0.9741,0.7571,0.963,0.757,0.512,1.0,ptx,nomsa_template
5di8,43,2,0.9602,0.9741,0.7327,0.964,0.733,0.501,1.0,ptx,nomsa_template
5di8,43,3,0.9603,0.9741,0.7438,0.96,0.744,0.534,1.0,ptx,nomsa_template
5di8,43,4,0.9601,0.9737,0.8732,0.959,0.873,0.537,1.0,ptx,nomsa_template
5di8,44,0,0.9601,0.9741,0.7112,0.966,0.711,0.487,1.0,ptx,nomsa_template
5di8,44,1,0.9601,0.974,0.7131,0.969,0.713,0.463,1.0,ptx,nomsa_template
5di8,44,2,0.9601,0.9739,0.7491,0.959,0.749,0.541,1.0,ptx,nomsa_template
5di8,44,3,0.9599,0.9736,1.0889,0.949,1.089,0.599,1.0,ptx,nomsa_template
5di8,44,4,0.9599,0.9736,1.081,0.95,1.081,0.592,1.0,ptx,nomsa_template
5e33,42,0,0.5889,0.879,2.1467,0.9,2.147,0.668,0.927,ptx,nomsa_template
5e33,42,1,0.5861,0.8783,1.3929,0.942,1.393,0.562,0.976,ptx,nomsa_template
5e33,42,2,0.5883,0.878,1.3668,0.92,1.367,0.55,0.902,ptx,nomsa_template
5e33,42,3,0.5838,0.8775,1.2064,0.94,1.206,0.529,0.951,ptx,nomsa_template
5e33,42,4,0.5869,0.8775,1.1281,0.924,1.128,0.537,0.902,ptx,nomsa_template
5e33,43,0,0.6751,0.9086,1.9606,0.93,1.961,0.593,0.976,ptx,nomsa_template
5e33,43,1,0.6737,0.9079,1.4307,0.946,1.431,0.527,0.976,ptx,nomsa_template
5e33,43,2,0.6722,0.9077,1.4241,0.93,1.424,0.591,0.951,ptx,nomsa_template
5e33,43,3,0.6719,0.9066,1.3386,0.939,1.338,0.529,0.951,ptx,nomsa_template
5e33,43,4,0.6713,0.906,1.2773,0.94,1.277,0.525,0.951,ptx,nomsa_template
5e33,44,0,0.6764,0.9085,1.6669,0.928,1.667,0.581,0.951,ptx,nomsa_template
5e33,44,1,0.674,0.9083,1.6025,0.925,1.602,0.544,0.927,ptx,nomsa_template
5e33,44,2,0.6734,0.9082,1.9166,0.925,1.917,0.573,0.951,ptx,nomsa_template
5e33,44,3,0.6736,0.9079,1.7419,0.934,1.742,0.587,0.976,ptx,nomsa_template
5e33,44,4,0.6738,0.9077,1.7157,0.932,1.716,0.608,0.976,ptx,nomsa_template
5efi,42,0,0.5214,0.5766,2.1386,0.784,2.139,1.308,0.843,ptx,nomsa_template
5efi,42,1,0.5163,0.5703,6.8208,0.394,6.821,2.827,0.353,ptx,nomsa_template
5efi,42,2,0.5191,0.5699,3.8964,0.605,3.896,1.763,0.569,ptx,nomsa_template
5efi,42,3,0.5165,0.5658,2.9196,0.646,2.92,1.512,0.549,ptx,nomsa_template
5efi,42,4,0.5136,0.5608,3.6247,0.583,3.625,1.723,0.471,ptx,nomsa_template
5efi,43,0,0.5285,0.5834,8.7149,0.311,8.715,3.564,0.294,ptx,nomsa_template
5efi,43,1,0.5217,0.5764,1.9266,0.774,1.927,1.263,0.784,ptx,nomsa_template
5efi,43,2,0.5183,0.569,4.0069,0.566,4.007,1.798,0.471,ptx,nomsa_template
5efi,43,3,0.4957,0.5498,15.8719,0.129,15.872,6.77,0.118,ptx,nomsa_template
5efi,43,4,0.4219,0.4971,31.0911,0.029,31.091,11.641,0.0,ptx,nomsa_template
5efi,44,0,0.5209,0.5718,1.4239,0.775,1.424,1.205,0.745,ptx,nomsa_template
5efi,44,1,0.5155,0.5689,1.5946,0.748,1.595,1.244,0.686,ptx,nomsa_template
5efi,44,2,0.5209,0.5678,6.8025,0.396,6.802,2.769,0.353,ptx,nomsa_template
5efi,44,3,0.4858,0.5469,18.623,0.102,18.623,7.911,0.098,ptx,nomsa_template
5efi,44,4,0.4327,0.4976,30.8239,0.029,30.824,11.598,0.0,ptx,nomsa_template
5ei3,42,0,0.904,0.9687,0.5886,0.974,0.589,0.34,0.974,ptx,nomsa_template
5ei3,42,1,0.9039,0.9684,0.689,0.965,0.689,0.33,0.949,ptx,nomsa_template
5ei3,42,2,0.9038,0.9683,0.6622,0.963,0.662,0.361,0.949,ptx,nomsa_template
5ei3,42,3,0.9036,0.9683,0.6571,0.951,0.657,0.39,0.923,ptx,nomsa_template
5ei3,42,4,0.9036,0.9683,0.6427,0.952,0.643,0.38,0.923,ptx,nomsa_template
5ei3,43,0,0.9038,0.9687,0.5822,0.963,0.582,0.365,0.949,ptx,nomsa_template
5ei3,43,1,0.9038,0.9687,0.6222,0.958,0.622,0.407,0.949,ptx,nomsa_template
5ei3,43,2,0.9039,0.9687,0.5611,0.965,0.561,0.341,0.949,ptx,nomsa_template
5ei3,43,3,0.9038,0.9686,0.6094,0.962,0.609,0.371,0.949,ptx,nomsa_template
5ei3,43,4,0.9039,0.9686,0.7467,0.957,0.747,0.412,0.949,ptx,nomsa_template
5ei3,44,0,0.8845,0.9586,0.7745,0.958,0.774,0.48,0.974,ptx,nomsa_template
5ei3,44,1,0.8847,0.9585,0.721,0.956,0.721,0.426,0.949,ptx,nomsa_template
5ei3,44,2,0.8848,0.9584,0.5986,0.965,0.599,0.343,0.949,ptx,nomsa_template
5ei3,44,3,0.8844,0.9583,0.5501,0.955,0.55,0.362,0.923,ptx,nomsa_template
5ei3,44,4,0.8846,0.9581,0.6222,0.952,0.622,0.385,0.923,ptx,nomsa_template
5fml,42,0,0.5914,0.6757,23.5619,0.047,23.562,9.124,0.0,ptx,nomsa_template
5fml,42,1,0.5778,0.6661,23.5538,0.047,23.554,9.005,0.0,ptx,nomsa_template
5fml,42,2,0.5744,0.6644,24.5185,0.051,24.519,9.481,0.022,ptx,nomsa_template
5fml,42,3,0.5685,0.6636,24.3102,0.045,24.31,9.299,0.0,ptx,nomsa_template
5fml,42,4,0.5596,0.6505,25.5336,0.041,25.534,9.805,0.0,ptx,nomsa_template
5fml,43,0,0.5922,0.6896,23.3707,0.048,23.371,8.992,0.0,ptx,nomsa_template
5fml,43,1,0.5968,0.6894,24.2073,0.045,24.207,9.467,0.0,ptx,nomsa_template
5fml,43,2,0.5862,0.6826,25.4241,0.041,25.424,9.832,0.0,ptx,nomsa_template
5fml,43,3,0.5897,0.6825,24.8311,0.043,24.831,9.555,0.0,ptx,nomsa_template
5fml,43,4,0.5806,0.6789,25.543,0.041,25.543,9.877,0.0,ptx,nomsa_template
5fml,44,0,0.5848,0.6725,23.8391,0.046,23.839,9.136,0.0,ptx,nomsa_template
5fml,44,1,0.5751,0.6668,23.8317,0.046,23.832,9.169,0.0,ptx,nomsa_template
5fml,44,2,0.5737,0.6631,23.561,0.047,23.561,8.992,0.0,ptx,nomsa_template
5fml,44,3,0.5645,0.6565,25.2543,0.042,25.254,9.709,0.0,ptx,nomsa_template
5fml,44,4,0.5396,0.6285,26.6803,0.038,26.68,10.227,0.0,ptx,nomsa_template
5fpx,42,0,0.661,0.7538,2.5915,0.812,2.591,0.909,0.791,ptx,nomsa_template
5fpx,42,1,0.6493,0.7454,3.7267,0.667,3.727,1.274,0.581,ptx,nomsa_template
5fpx,42,2,0.6533,0.7446,2.3592,0.828,2.359,0.828,0.791,ptx,nomsa_template
5fpx,42,3,0.6469,0.7434,2.101,0.835,2.101,0.761,0.767,ptx,nomsa_template
5fpx,42,4,0.647,0.7417,3.1708,0.698,3.171,1.141,0.581,ptx,nomsa_template
5fpx,43,0,0.6605,0.7553,2.9051,0.706,2.905,1.122,0.581,ptx,nomsa_template
5fpx,43,1,0.6526,0.75,1.7689,0.873,1.769,0.692,0.837,ptx,nomsa_template
5fpx,43,2,0.6554,0.7458,2.7934,0.761,2.793,0.971,0.674,ptx,nomsa_template
5fpx,43,3,0.6519,0.7434,3.7963,0.639,3.796,1.36,0.535,ptx,nomsa_template
5fpx,43,4,0.6272,0.7018,7.122,0.427,7.122,2.186,0.372,ptx,nomsa_template
5fpx,44,0,0.6581,0.7501,2.1915,0.833,2.192,0.821,0.791,ptx,nomsa_template
5fpx,44,1,0.6517,0.749,2.1259,0.849,2.126,0.826,0.837,ptx,nomsa_template
5fpx,44,2,0.65,0.7455,1.9215,0.837,1.922,0.823,0.791,ptx,nomsa_template
5fpx,44,3,0.6566,0.7453,3.8322,0.641,3.832,1.341,0.535,ptx,nomsa_template
5fpx,44,4,0.6379,0.7204,6.4953,0.462,6.495,1.997,0.395,ptx,nomsa_template
5fv6,42,0,0.6241,0.6559,38.7364,0.019,38.736,13.568,0.0,ptx,nomsa_template
5fv6,42,1,0.6229,0.6551,38.4075,0.02,38.407,13.352,0.0,ptx,nomsa_template
5fv6,42,2,0.6211,0.6547,38.184,0.02,38.184,13.345,0.0,ptx,nomsa_template
5fv6,42,3,0.6201,0.652,39.5913,0.019,39.591,13.738,0.0,ptx,nomsa_template
5fv6,42,4,0.622,0.6519,39.3914,0.019,39.391,13.821,0.0,ptx,nomsa_template
5fv6,43,0,0.5892,0.6318,37.9278,0.02,37.928,13.361,0.0,ptx,nomsa_template
5fv6,43,1,0.5799,0.6137,39.5171,0.018,39.517,14.131,0.0,ptx,nomsa_template
5fv6,43,2,0.5748,0.6099,38.9868,0.019,38.987,13.759,0.0,ptx,nomsa_template
5fv6,43,3,0.5775,0.6092,39.1331,0.019,39.133,13.841,0.0,ptx,nomsa_template
5fv6,43,4,0.5727,0.6043,37.193,0.021,37.193,13.059,0.0,ptx,nomsa_template
5fv6,44,0,0.5812,0.6284,38.7986,0.019,38.799,13.702,0.0,ptx,nomsa_template
5fv6,44,1,0.5758,0.6206,38.8626,0.019,38.863,13.835,0.0,ptx,nomsa_template
5fv6,44,2,0.5839,0.6191,37.9272,0.02,37.927,13.279,0.0,ptx,nomsa_template
5fv6,44,3,0.5808,0.6176,39.092,0.019,39.092,13.906,0.0,ptx,nomsa_template
5fv6,44,4,0.5697,0.6144,36.1884,0.022,36.188,13.104,0.0,ptx,nomsa_template
5ggp,42,0,0.8027,0.8698,35.2359,0.024,35.236,11.75,0.0,ptx,nomsa_template
5ggp,42,1,0.824,0.8585,35.0712,0.024,35.071,11.787,0.0,ptx,nomsa_template
5ggp,42,2,0.821,0.8571,35.3647,0.023,35.365,11.9,0.0,ptx,nomsa_template
5ggp,42,3,0.8236,0.8558,36.2556,0.022,36.256,12.026,0.0,ptx,nomsa_template
5ggp,42,4,0.8233,0.8548,35.4061,0.023,35.406,11.929,0.0,ptx,nomsa_template
5ggp,43,0,0.8354,0.8723,35.4657,0.023,35.466,11.809,0.0,ptx,nomsa_template
5ggp,43,1,0.8355,0.8706,35.3976,0.023,35.398,11.906,0.0,ptx,nomsa_template
5ggp,43,2,0.8353,0.8702,35.5421,0.023,35.542,11.907,0.0,ptx,nomsa_template
5ggp,43,3,0.8351,0.8687,35.2675,0.024,35.267,11.911,0.0,ptx,nomsa_template
5ggp,43,4,0.8363,0.8674,35.925,0.023,35.925,12.04,0.0,ptx,nomsa_template
5ggp,44,0,0.816,0.8533,34.3678,0.025,34.368,11.709,0.0,ptx,nomsa_template
5ggp,44,1,0.8189,0.8525,35.2223,0.024,35.222,11.804,0.0,ptx,nomsa_template
5ggp,44,2,0.819,0.852,35.5736,0.023,35.574,11.831,0.0,ptx,nomsa_template
5ggp,44,3,0.8184,0.8515,34.979,0.024,34.979,11.851,0.0,ptx,nomsa_template
5ggp,44,4,0.8184,0.8506,35.1624,0.024,35.162,11.774,0.0,ptx,nomsa_template
5gu4,42,0,0.8394,0.9312,1.2743,0.925,1.274,0.474,0.889,ptx,nomsa_template
5gu4,42,1,0.8396,0.9312,1.3089,0.922,1.309,0.499,0.889,ptx,nomsa_template
5gu4,42,2,0.8392,0.9312,0.9954,0.926,0.995,0.381,0.852,ptx,nomsa_template
5gu4,42,3,0.839,0.931,1.2645,0.927,1.265,0.457,0.889,ptx,nomsa_template
5gu4,42,4,0.8392,0.9308,1.1471,0.944,1.147,0.427,0.926,ptx,nomsa_template
5gu4,43,0,0.8218,0.9214,1.0656,0.948,1.066,0.397,0.926,ptx,nomsa_template
5gu4,43,1,0.8218,0.921,1.2774,0.924,1.277,0.485,0.889,ptx,nomsa_template
5gu4,43,2,0.8207,0.9202,1.1698,0.931,1.17,0.436,0.889,ptx,nomsa_template
5gu4,43,3,0.8205,0.92,1.0952,0.934,1.095,0.413,0.889,ptx,nomsa_template
5gu4,43,4,0.8203,0.9199,1.2584,0.914,1.258,0.47,0.852,ptx,nomsa_template
5gu4,44,0,0.8086,0.9132,1.0333,0.95,1.033,0.388,0.926,ptx,nomsa_template
5gu4,44,1,0.8084,0.913,1.0864,0.933,1.086,0.425,0.889,ptx,nomsa_template
5gu4,44,2,0.808,0.9129,1.3174,0.924,1.317,0.483,0.889,ptx,nomsa_template
5gu4,44,3,0.8079,0.9128,1.0596,0.936,1.06,0.398,0.889,ptx,nomsa_template
5gu4,44,4,0.8078,0.9126,1.018,0.925,1.018,0.389,0.852,ptx,nomsa_template
5huw,42,0,0.9144,0.9836,1.1446,0.925,1.145,0.632,0.944,ptx,nomsa_template
5huw,42,1,0.9149,0.9836,1.3314,0.904,1.331,0.685,0.907,ptx,nomsa_template
5huw,42,2,0.9136,0.9835,1.1937,0.919,1.194,0.674,0.944,ptx,nomsa_template
5huw,42,3,0.9135,0.9834,1.2239,0.907,1.224,0.671,0.907,ptx,nomsa_template
5huw,42,4,0.9134,0.9834,1.3118,0.909,1.312,0.648,0.907,ptx,nomsa_template
5huw,43,0,0.9203,0.9854,1.1455,0.909,1.145,0.658,0.907,ptx,nomsa_template
5huw,43,1,0.9199,0.9853,1.1503,0.92,1.15,0.624,0.926,ptx,nomsa_template
5huw,43,2,0.9203,0.9853,1.2929,0.916,1.293,0.644,0.926,ptx,nomsa_template
5huw,43,3,0.9209,0.9852,1.1514,0.919,1.151,0.634,0.926,ptx,nomsa_template
5huw,43,4,0.9198,0.9851,1.3129,0.917,1.313,0.635,0.926,ptx,nomsa_template
5huw,44,0,0.9115,0.9834,1.3379,0.899,1.338,0.675,0.889,ptx,nomsa_template
5huw,44,1,0.9117,0.9833,1.1159,0.919,1.116,0.634,0.926,ptx,nomsa_template
5huw,44,2,0.9123,0.9833,1.2242,0.915,1.224,0.656,0.926,ptx,nomsa_template
5huw,44,3,0.9114,0.9833,1.3548,0.91,1.355,0.68,0.926,ptx,nomsa_template
5huw,44,4,0.9114,0.9831,1.0342,0.924,1.034,0.603,0.926,ptx,nomsa_template
5i7z,42,0,0.9359,0.9518,0.7129,0.98,0.713,0.356,1.0,ptx,nomsa_template
5i7z,42,1,0.9362,0.9509,0.4692,0.976,0.469,0.299,0.971,ptx,nomsa_template
5i7z,42,2,0.9362,0.9509,0.4736,0.98,0.474,0.365,1.0,ptx,nomsa_template
5i7z,42,3,0.9365,0.9504,0.5135,0.972,0.513,0.35,0.971,ptx,nomsa_template
5i7z,42,4,0.9365,0.9503,0.5454,0.97,0.545,0.366,0.971,ptx,nomsa_template
5i7z,43,0,0.9403,0.956,0.8953,0.968,0.895,0.455,1.0,ptx,nomsa_template
5i7z,43,1,0.9403,0.9555,0.6274,0.97,0.627,0.46,1.0,ptx,nomsa_template
5i7z,43,2,0.9405,0.9548,0.5884,0.967,0.588,0.395,0.971,ptx,nomsa_template
5i7z,43,3,0.9406,0.9549,0.509,0.976,0.509,0.405,1.0,ptx,nomsa_template
5i7z,43,4,0.9408,0.9543,0.4912,0.972,0.491,0.349,0.971,ptx,nomsa_template
5i7z,44,0,0.9376,0.9541,0.6693,0.977,0.669,0.393,1.0,ptx,nomsa_template
5i7z,44,1,0.9378,0.954,0.6343,0.978,0.634,0.378,1.0,ptx,nomsa_template
5i7z,44,2,0.9376,0.9539,0.7197,0.976,0.72,0.394,1.0,ptx,nomsa_template
5i7z,44,3,0.9378,0.9536,0.6741,0.98,0.674,0.354,1.0,ptx,nomsa_template
5i7z,44,4,0.9379,0.9534,0.4684,0.983,0.468,0.336,1.0,ptx,nomsa_template
5j3q,42,0,0.8905,0.9273,1.6109,0.83,1.611,0.959,0.814,ptx,nomsa_template
5j3q,42,1,0.89,0.9264,1.8938,0.807,1.894,1.088,0.814,ptx,nomsa_template
5j3q,42,2,0.8894,0.9258,1.7346,0.815,1.735,1.053,0.814,ptx,nomsa_template
5j3q,42,3,0.8898,0.9254,2.089,0.787,2.089,1.155,0.791,ptx,nomsa_template
5j3q,42,4,0.8874,0.9222,2.9363,0.71,2.936,1.456,0.721,ptx,nomsa_template
5j3q,43,0,0.9031,0.9368,1.702,0.819,1.702,1.081,0.837,ptx,nomsa_template
5j3q,43,1,0.9028,0.9366,2.0385,0.774,2.039,1.206,0.767,ptx,nomsa_template
5j3q,43,2,0.9029,0.9358,2.0442,0.797,2.044,1.143,0.814,ptx,nomsa_template
5j3q,43,3,0.9027,0.9357,1.9254,0.81,1.925,1.068,0.814,ptx,nomsa_template
5j3q,43,4,0.9014,0.9337,2.8545,0.727,2.855,1.388,0.744,ptx,nomsa_template
5j3q,44,0,0.9037,0.9373,2.1521,0.802,2.152,1.212,0.86,ptx,nomsa_template
5j3q,44,1,0.9031,0.9362,2.4259,0.785,2.426,1.239,0.837,ptx,nomsa_template
5j3q,44,2,0.9031,0.9363,2.1763,0.784,2.176,1.225,0.814,ptx,nomsa_template
5j3q,44,3,0.9024,0.935,2.6016,0.765,2.602,1.249,0.791,ptx,nomsa_template
5j3q,44,4,0.9021,0.9344,2.444,0.764,2.444,1.285,0.791,ptx,nomsa_template
5kds,42,0,0.6235,0.7357,17.7316,0.211,17.732,5.887,0.385,ptx,nomsa_template
5kds,42,1,0.6227,0.7343,18.3395,0.206,18.339,6.099,0.385,ptx,nomsa_template
5kds,42,2,0.6051,0.723,17.5599,0.264,17.56,5.724,0.538,ptx,nomsa_template
5kds,42,3,0.6032,0.7222,17.5865,0.213,17.587,5.742,0.385,ptx,nomsa_template
5kds,42,4,0.5768,0.7002,7.5059,0.503,7.506,2.56,0.692,ptx,nomsa_template
5kds,43,0,0.6269,0.7384,17.4266,0.213,17.427,5.812,0.385,ptx,nomsa_template
5kds,43,1,0.6228,0.737,17.2168,0.266,17.217,5.771,0.538,ptx,nomsa_template
5kds,43,2,0.624,0.7363,17.7449,0.262,17.745,5.95,0.538,ptx,nomsa_template
5kds,43,3,0.6213,0.735,17.5384,0.212,17.538,5.867,0.385,ptx,nomsa_template
5kds,43,4,0.611,0.7264,17.9976,0.183,17.998,5.923,0.308,ptx,nomsa_template
5kds,44,0,0.5974,0.715,18.206,0.207,18.206,6.017,0.385,ptx,nomsa_template
5kds,44,1,0.598,0.7131,17.5128,0.238,17.513,5.864,0.462,ptx,nomsa_template
5kds,44,2,0.5956,0.7126,17.8718,0.21,17.872,5.933,0.385,ptx,nomsa_template
5kds,44,3,0.5786,0.7038,16.209,0.275,16.209,5.451,0.538,ptx,nomsa_template
5kds,44,4,0.5681,0.6954,13.7683,0.304,13.768,4.557,0.538,ptx,nomsa_template
5lyn,42,0,0.8828,0.9362,1.3746,0.915,1.375,0.462,0.857,ptx,nomsa_template
5lyn,42,1,0.883,0.9362,1.3359,0.919,1.336,0.434,0.857,ptx,nomsa_template
5lyn,42,2,0.8823,0.936,1.2537,0.921,1.254,0.418,0.857,ptx,nomsa_template
5lyn,42,3,0.8819,0.9357,1.3054,0.917,1.305,0.447,0.857,ptx,nomsa_template
5lyn,42,4,0.8817,0.9357,1.2389,0.91,1.239,0.417,0.821,ptx,nomsa_template
5lyn,43,0,0.8822,0.9357,1.3586,0.916,1.359,0.453,0.857,ptx,nomsa_template
5lyn,43,1,0.8823,0.9354,1.3157,0.919,1.316,0.437,0.857,ptx,nomsa_template
5lyn,43,2,0.8817,0.9353,1.2552,0.922,1.255,0.412,0.857,ptx,nomsa_template
5lyn,43,3,0.8814,0.9352,1.3106,0.92,1.311,0.423,0.857,ptx,nomsa_template
5lyn,43,4,0.8819,0.9351,1.2557,0.923,1.256,0.4,0.857,ptx,nomsa_template
5lyn,44,0,0.8823,0.9359,1.417,0.904,1.417,0.45,0.821,ptx,nomsa_template
5lyn,44,1,0.8822,0.9357,1.2465,0.921,1.247,0.419,0.857,ptx,nomsa_template
5lyn,44,2,0.8824,0.9357,1.2367,0.92,1.237,0.43,0.857,ptx,nomsa_template
5lyn,44,3,0.8823,0.9356,1.3368,0.92,1.337,0.425,0.857,ptx,nomsa_template
5lyn,44,4,0.8814,0.9354,1.1956,0.922,1.196,0.413,0.857,ptx,nomsa_template
5m5r,42,0,0.5245,0.7662,50.7608,0.012,50.761,16.623,0.0,ptx,nomsa_template
5m5r,42,1,0.5286,0.7656,50.6146,0.012,50.615,16.487,0.0,ptx,nomsa_template
5m5r,42,2,0.5263,0.7632,51.473,0.011,51.473,16.914,0.0,ptx,nomsa_template
5m5r,42,3,0.5263,0.7619,51.3159,0.012,51.316,16.666,0.0,ptx,nomsa_template
5m5r,42,4,0.5266,0.7583,51.4083,0.012,51.408,16.746,0.0,ptx,nomsa_template
5m5r,43,0,0.5121,0.7566,50.5028,0.012,50.503,16.358,0.0,ptx,nomsa_template
5m5r,43,1,0.5113,0.755,50.2518,0.012,50.252,16.389,0.0,ptx,nomsa_template
5m5r,43,2,0.5058,0.7543,51.2205,0.012,51.221,16.653,0.0,ptx,nomsa_template
5m5r,43,3,0.5106,0.7536,51.1942,0.012,51.194,16.539,0.0,ptx,nomsa_template
5m5r,43,4,0.5048,0.7534,50.9306,0.012,50.931,16.669,0.0,ptx,nomsa_template
5m5r,44,0,0.6667,0.8496,50.5784,0.012,50.578,16.72,0.0,ptx,nomsa_template
5m5r,44,1,0.6666,0.8491,50.9668,0.012,50.967,16.559,0.0,ptx,nomsa_template
5m5r,44,2,0.6646,0.8477,50.2736,0.012,50.274,16.442,0.0,ptx,nomsa_template
5m5r,44,3,0.661,0.8456,51.8188,0.011,51.819,16.861,0.0,ptx,nomsa_template
5m5r,44,4,0.6545,0.841,51.5523,0.011,51.552,16.8,0.0,ptx,nomsa_template
5n22,42,0,0.6234,0.7588,18.1072,0.084,18.107,6.483,0.022,ptx,nomsa_template
5n22,42,1,0.6252,0.7574,18.2021,0.084,18.202,6.544,0.022,ptx,nomsa_template
5n22,42,2,0.625,0.7566,18.3327,0.083,18.333,6.563,0.022,ptx,nomsa_template
5n22,42,3,0.625,0.7551,18.5597,0.074,18.56,6.58,0.0,ptx,nomsa_template
5n22,42,4,0.6259,0.7538,18.7392,0.081,18.739,6.593,0.022,ptx,nomsa_template
5n22,43,0,0.6029,0.7401,16.4122,0.098,16.412,5.909,0.022,ptx,nomsa_template
5n22,43,1,0.5989,0.7309,17.8016,0.086,17.802,6.446,0.022,ptx,nomsa_template
5n22,43,2,0.6031,0.729,18.5734,0.082,18.573,6.565,0.022,ptx,nomsa_template
5n22,43,3,0.6001,0.7265,18.1989,0.084,18.199,6.476,0.022,ptx,nomsa_template
5n22,43,4,0.6053,0.7258,18.5124,0.082,18.512,6.573,0.022,ptx,nomsa_template
5n22,44,0,0.6225,0.7588,17.9685,0.085,17.968,6.464,0.022,ptx,nomsa_template
5n22,44,1,0.6235,0.7585,17.9944,0.085,17.994,6.417,0.022,ptx,nomsa_template
5n22,44,2,0.6241,0.7573,18.056,0.078,18.056,6.444,0.0,ptx,nomsa_template
5n22,44,3,0.6215,0.756,17.8613,0.086,17.861,6.523,0.022,ptx,nomsa_template
5n22,44,4,0.6259,0.7548,19.3873,0.076,19.387,6.862,0.022,ptx,nomsa_template
5n85,42,0,0.7963,0.8677,1.3635,0.911,1.363,0.722,0.947,ptx,nomsa_template
5n85,42,1,0.7969,0.8676,1.2373,0.931,1.237,0.657,0.974,ptx,nomsa_template
5n85,42,2,0.7964,0.8674,1.3722,0.919,1.372,0.731,0.974,ptx,nomsa_template
5n85,42,3,0.7957,0.8659,1.1975,0.929,1.198,0.671,0.974,ptx,nomsa_template
5n85,42,4,0.7948,0.8652,1.1052,0.923,1.105,0.656,0.947,ptx,nomsa_template
5n85,43,0,0.6381,0.705,3.9778,0.704,3.978,1.665,0.842,ptx,nomsa_template
5n85,43,1,0.6345,0.6936,1.5411,0.915,1.541,0.742,0.974,ptx,nomsa_template
5n85,43,2,0.6327,0.6932,1.3369,0.938,1.337,0.662,1.0,ptx,nomsa_template
5n85,43,3,0.6325,0.6926,1.3408,0.934,1.341,0.685,1.0,ptx,nomsa_template
5n85,43,4,0.6314,0.6897,1.1561,0.944,1.156,0.632,1.0,ptx,nomsa_template
5n85,44,0,0.6411,0.7083,3.7251,0.731,3.725,1.54,0.868,ptx,nomsa_template
5n85,44,1,0.6351,0.6953,1.5838,0.891,1.584,0.783,0.921,ptx,nomsa_template
5n85,44,2,0.6344,0.6936,1.2218,0.939,1.222,0.664,1.0,ptx,nomsa_template
5n85,44,3,0.6341,0.6933,1.5192,0.895,1.519,0.762,0.921,ptx,nomsa_template
5n85,44,4,0.6329,0.6913,1.1217,0.936,1.122,0.626,0.974,ptx,nomsa_template
5njc,42,0,0.7114,0.8616,1.1216,0.942,1.122,0.444,0.923,ptx,nomsa_template
5njc,42,1,0.7102,0.8593,1.1748,0.928,1.175,0.481,0.897,ptx,nomsa_template
5njc,42,2,0.7083,0.8584,0.5116,0.981,0.512,0.355,1.0,ptx,nomsa_template
5njc,42,3,0.7077,0.8581,0.5536,0.982,0.554,0.343,1.0,ptx,nomsa_template
5njc,42,4,0.7078,0.857,0.6889,0.967,0.689,0.4,0.974,ptx,nomsa_template
5njc,43,0,0.6941,0.8537,1.2312,0.933,1.231,0.506,0.923,ptx,nomsa_template
5njc,43,1,0.6924,0.8529,1.251,0.932,1.251,0.514,0.923,ptx,nomsa_template
5njc,43,2,0.6926,0.8528,1.1146,0.93,1.115,0.472,0.897,ptx,nomsa_template
5njc,43,3,0.6894,0.8511,0.6978,0.96,0.698,0.389,0.949,ptx,nomsa_template
5njc,43,4,0.6885,0.8499,0.671,0.974,0.671,0.334,0.974,ptx,nomsa_template
5njc,44,0,0.7115,0.8606,1.0953,0.93,1.095,0.476,0.897,ptx,nomsa_template
5njc,44,1,0.7099,0.86,0.733,0.959,0.733,0.397,0.949,ptx,nomsa_template
5njc,44,2,0.7089,0.8584,0.5842,0.963,0.584,0.441,0.974,ptx,nomsa_template
5njc,44,3,0.7083,0.858,0.5052,0.971,0.505,0.374,0.974,ptx,nomsa_template
5njc,44,4,0.7079,0.8577,0.5976,0.98,0.598,0.361,1.0,ptx,nomsa_template
5nqv,42,0,0.8676,0.9492,2.436,0.872,2.436,0.78,0.905,ptx,nomsa_template
5nqv,42,1,0.8673,0.9484,2.4231,0.861,2.423,0.861,0.905,ptx,nomsa_template
5nqv,42,2,0.867,0.9478,2.7886,0.836,2.789,0.923,0.881,ptx,nomsa_template
5nqv,42,3,0.8666,0.9475,2.3732,0.861,2.373,0.863,0.905,ptx,nomsa_template
5nqv,42,4,0.8651,0.9472,2.5996,0.843,2.6,0.906,0.881,ptx,nomsa_template
5nqv,43,0,0.8776,0.9532,2.587,0.867,2.587,0.847,0.929,ptx,nomsa_template
5nqv,43,1,0.8779,0.953,2.438,0.857,2.438,0.827,0.881,ptx,nomsa_template
5nqv,43,2,0.8772,0.9531,2.5686,0.859,2.569,0.851,0.905,ptx,nomsa_template
5nqv,43,3,0.8771,0.9526,2.6436,0.856,2.644,0.861,0.905,ptx,nomsa_template
5nqv,43,4,0.8772,0.9525,2.5869,0.854,2.587,0.887,0.905,ptx,nomsa_template
5nqv,44,0,0.8769,0.9528,2.5035,0.879,2.503,0.833,0.952,ptx,nomsa_template
5nqv,44,1,0.8776,0.9527,2.8951,0.853,2.895,0.902,0.929,ptx,nomsa_template
5nqv,44,2,0.8768,0.9524,2.512,0.842,2.512,0.868,0.857,ptx,nomsa_template
5nqv,44,3,0.8768,0.9523,2.5781,0.853,2.578,0.892,0.905,ptx,nomsa_template
5nqv,44,4,0.8762,0.9521,2.4125,0.861,2.413,0.804,0.881,ptx,nomsa_template
5o9u,42,0,0.5501,0.7615,3.8879,0.582,3.888,2.13,0.589,ptx,nomsa_template
5o9u,42,1,0.5484,0.7616,3.1699,0.601,3.17,2.249,0.616,ptx,nomsa_template
5o9u,42,2,0.5519,0.7578,2.0648,0.688,2.065,1.811,0.712,ptx,nomsa_template
5o9u,42,3,0.5478,0.7581,1.8597,0.712,1.86,1.733,0.753,ptx,nomsa_template
5o9u,42,4,0.5455,0.7566,2.6139,0.669,2.614,1.912,0.712,ptx,nomsa_template
5o9u,43,0,0.5012,0.7244,3.2342,0.573,3.234,2.377,0.562,ptx,nomsa_template
5o9u,43,1,0.4998,0.718,3.1625,0.608,3.163,1.951,0.575,ptx,nomsa_template
5o9u,43,2,0.4961,0.7123,3.0331,0.626,3.033,1.937,0.616,ptx,nomsa_template
5o9u,43,3,0.4937,0.7117,2.8459,0.63,2.846,1.94,0.616,ptx,nomsa_template
5o9u,43,4,0.4882,0.7027,5.673,0.485,5.673,2.306,0.466,ptx,nomsa_template
5o9u,44,0,0.5176,0.7215,3.3079,0.617,3.308,1.977,0.616,ptx,nomsa_template
5o9u,44,1,0.525,0.7194,18.4539,0.137,18.454,5.408,0.164,ptx,nomsa_template
5o9u,44,2,0.5149,0.7145,2.5576,0.651,2.558,1.714,0.603,ptx,nomsa_template
5o9u,44,3,0.5228,0.7127,18.8424,0.139,18.842,5.435,0.178,ptx,nomsa_template
5o9u,44,4,0.5097,0.7115,3.2207,0.602,3.221,1.955,0.562,ptx,nomsa_template
5oj5,42,0,0.453,0.5899,29.8266,0.032,29.827,10.448,0.0,ptx,nomsa_template
5oj5,42,1,0.4638,0.5318,3.1584,0.787,3.158,1.164,0.857,ptx,nomsa_template
5oj5,42,2,0.4667,0.5275,3.4078,0.766,3.408,1.155,0.81,ptx,nomsa_template
5oj5,42,3,0.4643,0.525,2.9782,0.788,2.978,1.067,0.81,ptx,nomsa_template
5oj5,42,4,0.4665,0.5202,2.7338,0.822,2.734,0.973,0.857,ptx,nomsa_template
5oj5,43,0,0.4576,0.595,29.6335,0.032,29.633,10.382,0.0,ptx,nomsa_template
5oj5,43,1,0.4477,0.5928,31.0536,0.029,31.054,10.868,0.0,ptx,nomsa_template
5oj5,43,2,0.4656,0.5293,3.1018,0.78,3.102,1.103,0.81,ptx,nomsa_template
5oj5,43,3,0.4641,0.5213,2.4979,0.818,2.498,0.927,0.81,ptx,nomsa_template
5oj5,43,4,0.4195,0.5195,40.4082,0.018,40.408,13.526,0.0,ptx,nomsa_template
5oj5,44,0,0.4588,0.583,31.9413,0.028,31.941,11.201,0.0,ptx,nomsa_template
5oj5,44,1,0.4657,0.5302,2.8297,0.82,2.83,0.975,0.857,ptx,nomsa_template
5oj5,44,2,0.4623,0.53,2.5616,0.834,2.562,0.917,0.857,ptx,nomsa_template
5oj5,44,3,0.4658,0.5285,3.3476,0.772,3.348,1.124,0.81,ptx,nomsa_template
5oj5,44,4,0.4632,0.5276,2.6758,0.83,2.676,0.927,0.857,ptx,nomsa_template
5onp,42,0,0.8672,0.9734,2.3787,0.893,2.379,0.61,0.895,ptx,nomsa_template
5onp,42,1,0.867,0.9732,2.3979,0.893,2.398,0.611,0.895,ptx,nomsa_template
5onp,42,2,0.8668,0.9732,2.4017,0.883,2.402,0.618,0.868,ptx,nomsa_template
5onp,42,3,0.8666,0.9732,2.2522,0.9,2.252,0.577,0.895,ptx,nomsa_template
5onp,42,4,0.8656,0.9731,2.0777,0.899,2.078,0.543,0.868,ptx,nomsa_template
5onp,43,0,0.8659,0.9731,2.134,0.897,2.134,0.549,0.868,ptx,nomsa_template
5onp,43,1,0.866,0.9731,2.2749,0.89,2.275,0.586,0.868,ptx,nomsa_template
5onp,43,2,0.8661,0.973,2.3579,0.885,2.358,0.613,0.868,ptx,nomsa_template
5onp,43,3,0.8662,0.9729,2.3564,0.886,2.356,0.606,0.868,ptx,nomsa_template
5onp,43,4,0.8654,0.9729,2.1411,0.896,2.141,0.558,0.868,ptx,nomsa_template
5onp,44,0,0.8666,0.9733,2.4249,0.883,2.425,0.616,0.868,ptx,nomsa_template
5onp,44,1,0.8661,0.9732,2.399,0.891,2.399,0.622,0.895,ptx,nomsa_template
5onp,44,2,0.866,0.9731,2.3732,0.893,2.373,0.611,0.895,ptx,nomsa_template
5onp,44,3,0.8659,0.973,2.3962,0.883,2.396,0.617,0.868,ptx,nomsa_template
5onp,44,4,0.8658,0.973,2.2962,0.888,2.296,0.598,0.868,ptx,nomsa_template
5t0k,42,0,0.8583,0.9566,1.0688,0.883,1.069,0.895,0.929,ptx,nomsa_template
5t0k,42,1,0.8584,0.9564,0.5922,0.893,0.592,0.851,0.929,ptx,nomsa_template
5t0k,42,2,0.8587,0.9562,1.0282,0.892,1.028,0.883,0.946,ptx,nomsa_template
5t0k,42,3,0.8584,0.956,0.6956,0.896,0.696,0.873,0.946,ptx,nomsa_template
5t0k,42,4,0.858,0.9559,0.6247,0.894,0.625,0.849,0.929,ptx,nomsa_template
5t0k,43,0,0.8505,0.9538,0.5337,0.907,0.534,0.76,0.929,ptx,nomsa_template
5t0k,43,1,0.8507,0.9538,1.0985,0.872,1.098,0.929,0.911,ptx,nomsa_template
5t0k,43,2,0.8505,0.9536,0.5881,0.898,0.588,0.858,0.946,ptx,nomsa_template
5t0k,43,3,0.8503,0.9535,0.5971,0.889,0.597,0.84,0.911,ptx,nomsa_template
5t0k,43,4,0.8506,0.9534,0.6228,0.891,0.623,0.867,0.929,ptx,nomsa_template
5t0k,44,0,0.8593,0.9588,0.6155,0.889,0.615,0.841,0.911,ptx,nomsa_template
5t0k,44,1,0.8591,0.9585,0.6497,0.89,0.65,0.833,0.911,ptx,nomsa_template
5t0k,44,2,0.8594,0.9584,0.5342,0.889,0.534,0.839,0.911,ptx,nomsa_template
5t0k,44,3,0.8597,0.9583,0.6026,0.896,0.603,0.831,0.929,ptx,nomsa_template
5t0k,44,4,0.8585,0.9582,0.9098,0.879,0.91,0.892,0.911,ptx,nomsa_template
5tgi,42,0,0.8961,0.9409,1.4144,0.909,1.414,0.688,0.927,ptx,nomsa_template
5tgi,42,1,0.8958,0.9409,2.0631,0.89,2.063,0.752,0.927,ptx,nomsa_template
5tgi,42,2,0.8967,0.9407,1.6964,0.878,1.696,0.99,0.976,ptx,nomsa_template
5tgi,42,3,0.8967,0.9406,1.4759,0.872,1.476,0.884,0.902,ptx,nomsa_template
5tgi,42,4,0.896,0.9405,1.7173,0.886,1.717,0.821,0.927,ptx,nomsa_template
5tgi,43,0,0.8975,0.9376,1.9018,0.875,1.902,0.93,0.951,ptx,nomsa_template
5tgi,43,1,0.8972,0.9374,1.7553,0.893,1.755,0.88,0.976,ptx,nomsa_template
5tgi,43,2,0.8967,0.9373,1.7221,0.89,1.722,0.73,0.902,ptx,nomsa_template
5tgi,43,3,0.8977,0.9373,1.9455,0.886,1.945,0.966,1.0,ptx,nomsa_template
5tgi,43,4,0.8976,0.9371,1.6308,0.875,1.631,0.96,0.951,ptx,nomsa_template
5tgi,44,0,0.8972,0.9372,2.0109,0.872,2.011,0.994,0.976,ptx,nomsa_template
5tgi,44,1,0.8969,0.9371,1.6811,0.925,1.681,0.723,1.0,ptx,nomsa_template
5tgi,44,2,0.897,0.937,1.7002,0.88,1.7,0.864,0.927,ptx,nomsa_template
5tgi,44,3,0.8972,0.9369,1.8873,0.898,1.887,0.886,1.0,ptx,nomsa_template
5tgi,44,4,0.8969,0.9366,1.6892,0.869,1.689,0.882,0.902,ptx,nomsa_template
5v2p,42,0,0.521,0.5228,51.3608,0.011,51.361,18.333,0.0,ptx,nomsa_template
5v2p,42,1,0.4882,0.4939,48.858,0.012,48.858,19.256,0.0,ptx,nomsa_template
5v2p,42,2,0.4241,0.439,17.4226,0.11,17.423,7.919,0.104,ptx,nomsa_template
5v2p,42,3,0.4242,0.4351,17.4331,0.103,17.433,7.887,0.083,ptx,nomsa_template
5v2p,42,4,0.417,0.4323,7.5462,0.343,7.546,2.817,0.25,ptx,nomsa_template
5v2p,43,0,0.7167,0.784,52.3771,0.011,52.377,19.225,0.0,ptx,nomsa_template
5v2p,43,1,0.7147,0.7838,52.6538,0.01,52.654,19.236,0.0,ptx,nomsa_template
5v2p,43,2,0.716,0.783,52.4563,0.011,52.456,19.281,0.0,ptx,nomsa_template
5v2p,43,3,0.6488,0.7394,51.4015,0.011,51.402,18.375,0.0,ptx,nomsa_template
5v2p,43,4,0.4288,0.5939,6.635,0.317,6.635,2.789,0.104,ptx,nomsa_template
5v2p,44,0,0.5044,0.523,49.9063,0.012,49.906,18.0,0.0,ptx,nomsa_template
5v2p,44,1,0.4835,0.5101,49.7551,0.012,49.755,18.875,0.0,ptx,nomsa_template
5v2p,44,2,0.4167,0.4368,17.2741,0.105,17.274,7.798,0.083,ptx,nomsa_template
5v2p,44,3,0.413,0.4285,1.1757,0.94,1.176,0.435,0.917,ptx,nomsa_template
5v2p,44,4,0.4124,0.4282,1.4967,0.929,1.497,0.441,0.896,ptx,nomsa_template
5v3r,42,0,0.8272,0.9436,1.3516,0.926,1.352,0.578,0.931,ptx,nomsa_template
5v3r,42,1,0.8272,0.9436,1.1982,0.94,1.198,0.566,0.966,ptx,nomsa_template
5v3r,42,2,0.8272,0.9435,1.4089,0.94,1.409,0.55,0.966,ptx,nomsa_template
5v3r,42,3,0.8263,0.943,1.6132,0.859,1.613,0.709,0.793,ptx,nomsa_template
5v3r,42,4,0.8259,0.9427,1.8887,0.901,1.889,0.707,0.931,ptx,nomsa_template
5v3r,43,0,0.828,0.9443,1.4803,0.914,1.48,0.651,0.931,ptx,nomsa_template
5v3r,43,1,0.8279,0.9443,1.3982,0.916,1.398,0.65,0.931,ptx,nomsa_template
5v3r,43,2,0.8277,0.9441,1.5576,0.924,1.558,0.569,0.931,ptx,nomsa_template
5v3r,43,3,0.8272,0.9439,1.1646,0.946,1.165,0.527,0.966,ptx,nomsa_template
5v3r,43,4,0.8265,0.9434,1.1808,0.945,1.181,0.53,0.966,ptx,nomsa_template
5v3r,44,0,0.8275,0.9427,1.5349,0.929,1.535,0.624,0.966,ptx,nomsa_template
5v3r,44,1,0.8266,0.9425,1.1102,0.952,1.11,0.476,0.966,ptx,nomsa_template
5v3r,44,2,0.8271,0.9425,1.1858,0.944,1.186,0.536,0.966,ptx,nomsa_template
5v3r,44,3,0.8268,0.9425,1.427,0.934,1.427,0.595,0.966,ptx,nomsa_template
5v3r,44,4,0.8263,0.9421,1.3286,0.931,1.329,0.624,0.966,ptx,nomsa_template
5wfv,42,0,0.9314,0.9787,0.5501,0.946,0.55,0.342,0.891,ptx,nomsa_template
5wfv,42,1,0.9314,0.9787,0.489,0.949,0.489,0.312,0.891,ptx,nomsa_template
5wfv,42,2,0.9314,0.9786,0.5646,0.932,0.565,0.335,0.848,ptx,nomsa_template
5wfv,42,3,0.9312,0.9786,0.5208,0.949,0.521,0.31,0.891,ptx,nomsa_template
5wfv,42,4,0.931,0.9785,0.564,0.955,0.564,0.319,0.913,ptx,nomsa_template
5wfv,43,0,0.9315,0.9789,0.464,0.949,0.464,0.309,0.891,ptx,nomsa_template
5wfv,43,1,0.9314,0.9788,0.5236,0.948,0.524,0.322,0.891,ptx,nomsa_template
5wfv,43,2,0.9313,0.9787,0.5395,0.941,0.54,0.316,0.87,ptx,nomsa_template
5wfv,43,3,0.9312,0.9787,0.5851,0.946,0.585,0.343,0.891,ptx,nomsa_template
5wfv,43,4,0.9312,0.9787,0.5809,0.955,0.581,0.322,0.913,ptx,nomsa_template
5wfv,44,0,0.9246,0.9765,0.6686,0.936,0.669,0.359,0.87,ptx,nomsa_template
5wfv,44,1,0.9247,0.9764,0.5657,0.948,0.566,0.323,0.891,ptx,nomsa_template
5wfv,44,2,0.9246,0.9764,0.6488,0.932,0.649,0.331,0.848,ptx,nomsa_template
5wfv,44,3,0.9247,0.9762,0.8611,0.946,0.861,0.394,0.913,ptx,nomsa_template
5wfv,44,4,0.9246,0.9761,0.8315,0.924,0.832,0.397,0.848,ptx,nomsa_template
5wyi,42,0,0.6733,0.7194,29.242,0.033,29.242,10.394,0.0,ptx,nomsa_template
5wyi,42,1,0.6699,0.716,28.6911,0.034,28.691,10.314,0.0,ptx,nomsa_template
5wyi,42,2,0.6707,0.7158,28.572,0.034,28.572,10.302,0.0,ptx,nomsa_template
5wyi,42,3,0.6705,0.7153,28.9917,0.033,28.992,10.364,0.0,ptx,nomsa_template
5wyi,42,4,0.6721,0.7153,29.4645,0.032,29.465,10.499,0.0,ptx,nomsa_template
5wyi,43,0,0.6665,0.703,28.8738,0.033,28.874,10.325,0.0,ptx,nomsa_template
5wyi,43,1,0.6668,0.7003,29.2595,0.033,29.26,10.397,0.0,ptx,nomsa_template
5wyi,43,2,0.6624,0.7,28.6302,0.034,28.63,10.216,0.0,ptx,nomsa_template
5wyi,43,3,0.6645,0.6992,28.6606,0.034,28.661,10.273,0.0,ptx,nomsa_template
5wyi,43,4,0.6625,0.6972,28.9234,0.033,28.923,10.347,0.0,ptx,nomsa_template
5wyi,44,0,0.6832,0.7299,28.1305,0.035,28.131,10.142,0.0,ptx,nomsa_template
5wyi,44,1,0.6827,0.7281,28.6715,0.034,28.672,10.266,0.0,ptx,nomsa_template
5wyi,44,2,0.6823,0.7277,28.8559,0.033,28.856,10.366,0.0,ptx,nomsa_template
5wyi,44,3,0.6839,0.7243,29.2685,0.033,29.269,10.524,0.0,ptx,nomsa_template
5wyi,44,4,0.6816,0.7221,28.9646,0.033,28.965,10.333,0.0,ptx,nomsa_template
5xhz,42,0,0.7085,0.5992,19.1914,0.068,19.191,7.398,0.0,ptx,nomsa_template
5xhz,42,1,0.7126,0.597,16.1068,0.102,16.107,5.822,0.025,ptx,nomsa_template
5xhz,42,2,0.7124,0.5901,16.257,0.101,16.257,5.813,0.025,ptx,nomsa_template
5xhz,42,3,0.7098,0.5822,16.8188,0.095,16.819,6.123,0.025,ptx,nomsa_template
5xhz,42,4,0.7072,0.5794,18.0447,0.092,18.045,6.847,0.05,ptx,nomsa_template
5xhz,43,0,0.7094,0.5983,16.0336,0.101,16.034,5.956,0.025,ptx,nomsa_template
5xhz,43,1,0.7097,0.587,16.7735,0.096,16.773,6.089,0.025,ptx,nomsa_template
5xhz,43,2,0.7074,0.5864,16.5143,0.106,16.514,6.071,0.05,ptx,nomsa_template
5xhz,43,3,0.7068,0.5734,16.8388,0.103,16.839,6.172,0.05,ptx,nomsa_template
5xhz,43,4,0.6898,0.5565,18.0677,0.092,18.068,6.82,0.05,ptx,nomsa_template
5xhz,44,0,0.7109,0.5959,16.6181,0.105,16.618,5.991,0.05,ptx,nomsa_template
5xhz,44,1,0.7117,0.5925,17.0759,0.093,17.076,6.199,0.025,ptx,nomsa_template
5xhz,44,2,0.7099,0.5901,16.6501,0.097,16.65,5.986,0.025,ptx,nomsa_template
5xhz,44,3,0.7104,0.5867,17.1987,0.084,17.199,6.178,0.0,ptx,nomsa_template
5xhz,44,4,0.7089,0.5846,17.419,0.089,17.419,6.462,0.025,ptx,nomsa_template
5xxq,42,0,0.6578,0.8198,5.0144,0.591,5.014,1.669,0.585,ptx,nomsa_template
5xxq,42,1,0.6547,0.8166,4.9633,0.609,4.963,1.664,0.634,ptx,nomsa_template
5xxq,42,2,0.6549,0.8165,5.3718,0.588,5.372,1.783,0.634,ptx,nomsa_template
5xxq,42,3,0.6522,0.8156,4.4926,0.635,4.493,1.534,0.634,ptx,nomsa_template
5xxq,42,4,0.6565,0.815,5.4626,0.576,5.463,1.799,0.61,ptx,nomsa_template
5xxq,43,0,0.6795,0.8473,4.4738,0.655,4.474,1.502,0.683,ptx,nomsa_template
5xxq,43,1,0.6805,0.847,4.6102,0.641,4.61,1.523,0.659,ptx,nomsa_template
5xxq,43,2,0.6767,0.8448,5.0723,0.606,5.072,1.672,0.634,ptx,nomsa_template
5xxq,43,3,0.6768,0.8448,4.9693,0.61,4.969,1.656,0.634,ptx,nomsa_template
5xxq,43,4,0.6742,0.8437,5.2774,0.603,5.277,1.731,0.659,ptx,nomsa_template
5xxq,44,0,0.6793,0.847,5.1457,0.628,5.146,1.677,0.707,ptx,nomsa_template
5xxq,44,1,0.6783,0.8469,4.7923,0.619,4.792,1.612,0.634,ptx,nomsa_template
5xxq,44,2,0.6797,0.8468,5.3778,0.604,5.378,1.784,0.683,ptx,nomsa_template
5xxq,44,3,0.675,0.8444,5.1443,0.596,5.144,1.752,0.634,ptx,nomsa_template
5xxq,44,4,0.6718,0.8412,4.8877,0.557,4.888,1.642,0.463,ptx,nomsa_template
5yay,42,0,0.8152,0.9091,3.233,0.731,3.233,1.243,0.726,ptx,nomsa_template
5yay,42,1,0.8153,0.9087,3.1202,0.723,3.12,1.2,0.677,ptx,nomsa_template
5yay,42,2,0.8135,0.9084,3.212,0.725,3.212,1.247,0.71,ptx,nomsa_template
5yay,42,3,0.8148,0.9084,3.34,0.712,3.34,1.289,0.694,ptx,nomsa_template
5yay,42,4,0.8139,0.9074,3.5579,0.698,3.558,1.361,0.694,ptx,nomsa_template
5yay,43,0,0.8143,0.9101,1.9066,0.829,1.907,0.727,0.726,ptx,nomsa_template
5yay,43,1,0.8158,0.9086,3.8122,0.665,3.812,1.447,0.645,ptx,nomsa_template
5yay,43,2,0.8146,0.9084,3.5935,0.689,3.594,1.382,0.677,ptx,nomsa_template
5yay,43,3,0.8129,0.9082,3.2275,0.719,3.227,1.252,0.694,ptx,nomsa_template
5yay,43,4,0.8089,0.9071,2.786,0.749,2.786,1.059,0.677,ptx,nomsa_template
5yay,44,0,0.8201,0.9118,0.9098,0.946,0.91,0.413,0.919,ptx,nomsa_template
5yay,44,1,0.8168,0.9111,0.7995,0.924,0.8,0.426,0.855,ptx,nomsa_template
5yay,44,2,0.8183,0.9105,2.1536,0.821,2.154,0.829,0.758,ptx,nomsa_template
5yay,44,3,0.8154,0.9103,0.8416,0.942,0.842,0.401,0.903,ptx,nomsa_template
5yay,44,4,0.8137,0.9084,3.3619,0.704,3.362,1.304,0.677,ptx,nomsa_template
6b27,42,0,0.9426,0.9592,0.9853,0.947,0.985,0.338,0.903,ptx,nomsa_template
6b27,42,1,0.9427,0.9592,1.2425,0.941,1.243,0.48,0.935,ptx,nomsa_template
6b27,42,2,0.9428,0.9592,0.976,0.935,0.976,0.459,0.903,ptx,nomsa_template
6b27,42,3,0.9426,0.9591,1.0305,0.963,1.03,0.395,0.968,ptx,nomsa_template
6b27,42,4,0.9426,0.9591,0.9254,0.942,0.925,0.394,0.903,ptx,nomsa_template
6b27,43,0,0.9432,0.9595,1.2371,0.955,1.237,0.453,0.968,ptx,nomsa_template
6b27,43,1,0.9429,0.9593,1.1085,0.944,1.108,0.363,0.903,ptx,nomsa_template
6b27,43,2,0.9428,0.9592,0.9946,0.933,0.995,0.472,0.903,ptx,nomsa_template
6b27,43,3,0.9429,0.9592,0.9561,0.92,0.956,0.398,0.839,ptx,nomsa_template
6b27,43,4,0.9427,0.9589,1.2343,0.93,1.234,0.481,0.903,ptx,nomsa_template
6b27,44,0,0.9369,0.9565,0.8492,0.95,0.849,0.427,0.935,ptx,nomsa_template
6b27,44,1,0.9373,0.9566,0.9166,0.934,0.917,0.471,0.903,ptx,nomsa_template
6b27,44,2,0.937,0.9565,0.6954,0.959,0.695,0.349,0.935,ptx,nomsa_template
6b27,44,3,0.937,0.9565,0.8245,0.947,0.824,0.456,0.935,ptx,nomsa_template
6b27,44,4,0.9371,0.9565,0.7311,0.935,0.731,0.471,0.903,ptx,nomsa_template
6co4,42,0,0.9123,0.9338,2.0661,0.802,2.066,1.306,0.894,ptx,nomsa_template
6co4,42,1,0.9124,0.9336,1.82,0.828,1.82,1.189,0.915,ptx,nomsa_template
6co4,42,2,0.9124,0.9333,1.8337,0.825,1.834,1.209,0.915,ptx,nomsa_template
6co4,42,3,0.9125,0.9333,1.9383,0.819,1.938,1.243,0.915,ptx,nomsa_template
6co4,42,4,0.9124,0.933,2.4516,0.797,2.452,1.408,0.936,ptx,nomsa_template
6co4,43,0,0.9126,0.9345,1.8819,0.823,1.882,1.225,0.915,ptx,nomsa_template
6co4,43,1,0.9125,0.934,1.8591,0.823,1.859,1.223,0.915,ptx,nomsa_template
6co4,43,2,0.9124,0.9336,1.7895,0.826,1.79,1.21,0.915,ptx,nomsa_template
6co4,43,3,0.9124,0.9336,1.8245,0.824,1.825,1.221,0.915,ptx,nomsa_template
6co4,43,4,0.9127,0.9334,2.0836,0.814,2.084,1.265,0.915,ptx,nomsa_template
6co4,44,0,0.9124,0.9343,2.0841,0.812,2.084,1.281,0.915,ptx,nomsa_template
6co4,44,1,0.9124,0.9337,1.8189,0.824,1.819,1.224,0.915,ptx,nomsa_template
6co4,44,2,0.9124,0.9334,2.1585,0.809,2.159,1.295,0.915,ptx,nomsa_template
6co4,44,3,0.9124,0.9333,2.2977,0.8,2.298,1.35,0.915,ptx,nomsa_template
6co4,44,4,0.9122,0.933,1.7211,0.829,1.721,1.194,0.915,ptx,nomsa_template
6dei,42,0,0.5751,0.4244,21.827,0.053,21.827,9.097,0.0,ptx,nomsa_template
6dei,42,1,0.5889,0.4116,23.93,0.044,23.93,10.461,0.0,ptx,nomsa_template
6dei,42,2,0.5884,0.4112,23.6058,0.045,23.606,10.336,0.0,ptx,nomsa_template
6dei,42,3,0.5878,0.4072,28.732,0.032,28.732,12.36,0.0,ptx,nomsa_template
6dei,42,4,0.5918,0.4021,26.904,0.036,26.904,11.263,0.0,ptx,nomsa_template
6dei,43,0,0.5986,0.4381,28.2413,0.047,28.241,11.993,0.042,ptx,nomsa_template
6dei,43,1,0.5973,0.4329,28.3253,0.047,28.325,12.061,0.042,ptx,nomsa_template
6dei,43,2,0.5964,0.4298,28.0911,0.047,28.091,11.837,0.042,ptx,nomsa_template
6dei,43,3,0.5973,0.4263,26.8341,0.043,26.834,11.371,0.021,ptx,nomsa_template
6dei,43,4,0.5899,0.4095,23.8896,0.044,23.89,10.386,0.0,ptx,nomsa_template
6dei,44,0,0.5738,0.4201,21.0078,0.07,21.008,8.837,0.042,ptx,nomsa_template
6dei,44,1,0.5398,0.4165,21.3019,0.067,21.302,9.888,0.042,ptx,nomsa_template
6dei,44,2,0.5887,0.4121,23.9043,0.044,23.904,10.465,0.0,ptx,nomsa_template
6dei,44,3,0.5869,0.4086,23.7128,0.045,23.713,10.264,0.0,ptx,nomsa_template
6dei,44,4,0.5713,0.3826,22.8616,0.048,22.862,10.145,0.0,ptx,nomsa_template
6e5x,42,0,0.9229,0.9252,2.3143,0.926,2.314,0.639,1.0,ptx,nomsa_template
6e5x,42,1,0.9227,0.9246,2.0179,0.949,2.018,0.503,1.0,ptx,nomsa_template
6e5x,42,2,0.9238,0.9247,3.4529,0.83,3.453,1.073,0.971,ptx,nomsa_template
6e5x,42,3,0.923,0.924,2.4734,0.915,2.473,0.623,0.971,ptx,nomsa_template
6e5x,42,4,0.9241,0.9239,3.3083,0.824,3.308,1.072,0.943,ptx,nomsa_template
6e5x,43,0,0.9222,0.9282,4.4675,0.773,4.467,1.317,0.971,ptx,nomsa_template
6e5x,43,1,0.9221,0.9277,4.4272,0.781,4.427,1.265,0.971,ptx,nomsa_template
6e5x,43,2,0.9223,0.9259,3.9124,0.806,3.912,1.1,0.943,ptx,nomsa_template
6e5x,43,3,0.9227,0.926,3.064,0.869,3.064,0.865,0.971,ptx,nomsa_template
6e5x,43,4,0.923,0.9258,2.6432,0.9,2.643,0.714,0.971,ptx,nomsa_template
6e5x,44,0,0.9215,0.9281,4.6465,0.767,4.647,1.33,0.971,ptx,nomsa_template
6e5x,44,1,0.9217,0.9262,3.6172,0.867,3.617,0.793,0.971,ptx,nomsa_template
6e5x,44,2,0.9217,0.9264,4.2861,0.8,4.286,1.146,0.971,ptx,nomsa_template
6e5x,44,3,0.9227,0.9264,3.0272,0.858,3.027,0.944,0.971,ptx,nomsa_template
6e5x,44,4,0.9218,0.9261,2.1379,0.945,2.138,0.512,1.0,ptx,nomsa_template
6ej7,42,0,0.5955,0.8624,11.1137,0.362,11.114,3.635,0.571,ptx,nomsa_template
6ej7,42,1,0.5934,0.8611,12.3136,0.351,12.314,4.018,0.607,ptx,nomsa_template
6ej7,42,2,0.5908,0.861,11.6104,0.335,11.61,3.763,0.518,ptx,nomsa_template
6ej7,42,3,0.5916,0.8601,11.4594,0.355,11.459,3.749,0.571,ptx,nomsa_template
6ej7,42,4,0.5911,0.8587,11.3719,0.357,11.372,3.715,0.571,ptx,nomsa_template
6ej7,43,0,0.5841,0.8586,5.2392,0.542,5.239,1.704,0.464,ptx,nomsa_template
6ej7,43,1,0.5779,0.8496,1.8922,0.875,1.892,0.675,0.839,ptx,nomsa_template
6ej7,43,2,0.5779,0.8468,2.8448,0.752,2.845,0.993,0.661,ptx,nomsa_template
6ej7,43,3,0.5752,0.8466,2.4188,0.83,2.419,0.84,0.804,ptx,nomsa_template
6ej7,43,4,0.5754,0.8459,2.6344,0.795,2.634,0.891,0.732,ptx,nomsa_template
6ej7,44,0,0.5883,0.8585,11.7231,0.35,11.723,3.827,0.571,ptx,nomsa_template
6ej7,44,1,0.5549,0.838,2.4007,0.823,2.401,0.806,0.768,ptx,nomsa_template
6ej7,44,2,0.5557,0.8361,1.995,0.86,1.995,0.68,0.804,ptx,nomsa_template
6ej7,44,3,0.5531,0.8339,2.2689,0.864,2.269,0.747,0.857,ptx,nomsa_template
6ej7,44,4,0.5532,0.8333,2.1197,0.858,2.12,0.722,0.821,ptx,nomsa_template
6f0w,42,0,0.5561,0.6665,3.1537,0.624,3.154,2.247,0.684,ptx,nomsa_template
6f0w,42,1,0.5589,0.6654,2.9792,0.715,2.979,1.483,0.75,ptx,nomsa_template
6f0w,42,2,0.5559,0.6637,2.9312,0.752,2.931,1.364,0.816,ptx,nomsa_template
6f0w,42,3,0.5551,0.662,2.9101,0.7,2.91,1.64,0.75,ptx,nomsa_template
6f0w,42,4,0.5523,0.6609,1.2474,0.874,1.247,0.958,0.934,ptx,nomsa_template
6f0w,43,0,0.5489,0.6519,4.3212,0.601,4.321,2.044,0.658,ptx,nomsa_template
6f0w,43,1,0.5457,0.6498,3.1732,0.665,3.173,1.812,0.711,ptx,nomsa_template
6f0w,43,2,0.5474,0.6478,2.9053,0.644,2.905,2.087,0.697,ptx,nomsa_template
6f0w,43,3,0.5443,0.6465,2.7358,0.698,2.736,1.573,0.711,ptx,nomsa_template
6f0w,43,4,0.5477,0.6466,1.7268,0.714,1.727,2.152,0.855,ptx,nomsa_template
6f0w,44,0,0.5527,0.6631,3.8948,0.628,3.895,2.062,0.711,ptx,nomsa_template
6f0w,44,1,0.5508,0.6612,3.217,0.632,3.217,2.234,0.711,ptx,nomsa_template
6f0w,44,2,0.5485,0.6574,2.761,0.698,2.761,1.69,0.75,ptx,nomsa_template
6f0w,44,3,0.5469,0.6559,2.7576,0.748,2.758,1.361,0.789,ptx,nomsa_template
6f0w,44,4,0.5458,0.6556,2.6774,0.751,2.677,1.311,0.776,ptx,nomsa_template
6f0y,42,0,0.8436,0.9142,9.17,0.464,9.17,3.79,0.795,ptx,nomsa_template
6f0y,42,1,0.8447,0.912,8.376,0.487,8.376,3.802,0.818,ptx,nomsa_template
6f0y,42,2,0.8459,0.911,7.8614,0.498,7.861,3.457,0.795,ptx,nomsa_template
6f0y,42,3,0.8467,0.9091,9.4044,0.453,9.404,4.182,0.795,ptx,nomsa_template
6f0y,42,4,0.847,0.9087,9.8675,0.436,9.868,4.29,0.773,ptx,nomsa_template
6f0y,43,0,0.8451,0.9161,8.7751,0.476,8.775,3.978,0.818,ptx,nomsa_template
6f0y,43,1,0.8446,0.9126,8.6354,0.481,8.635,3.818,0.818,ptx,nomsa_template
6f0y,43,2,0.8446,0.912,8.26,0.489,8.26,3.795,0.818,ptx,nomsa_template
6f0y,43,3,0.8469,0.9099,8.9942,0.462,8.994,4.073,0.795,ptx,nomsa_template
6f0y,43,4,0.8469,0.9086,9.3453,0.461,9.345,4.219,0.818,ptx,nomsa_template
6f0y,44,0,0.8452,0.9156,8.8385,0.481,8.838,4.034,0.841,ptx,nomsa_template
6f0y,44,1,0.8421,0.9132,9.5039,0.468,9.504,3.675,0.818,ptx,nomsa_template
6f0y,44,2,0.8436,0.9116,8.6133,0.483,8.613,3.773,0.818,ptx,nomsa_template
6f0y,44,3,0.8449,0.9091,8.4256,0.492,8.426,3.505,0.818,ptx,nomsa_template
6f0y,44,4,0.8468,0.9077,8.9131,0.466,8.913,3.959,0.795,ptx,nomsa_template
6f4s,42,0,0.6854,0.8708,6.3022,0.436,6.302,2.093,0.323,ptx,nomsa_template
6f4s,42,1,0.6922,0.8693,7.1077,0.465,7.108,2.166,0.484,ptx,nomsa_template
6f4s,42,2,0.6914,0.8679,7.2208,0.458,7.221,1.943,0.419,ptx,nomsa_template
6f4s,42,3,0.6509,0.8441,4.3222,0.608,4.322,1.283,0.452,ptx,nomsa_template
6f4s,42,4,0.6518,0.8436,4.9412,0.559,4.941,1.378,0.387,ptx,nomsa_template
6f4s,43,0,0.6931,0.8677,6.9919,0.423,6.992,2.192,0.355,ptx,nomsa_template
6f4s,43,1,0.6776,0.8627,5.9552,0.455,5.955,1.95,0.323,ptx,nomsa_template
6f4s,43,2,0.6774,0.8591,6.4956,0.46,6.496,2.135,0.419,ptx,nomsa_template
6f4s,43,3,0.6433,0.8351,4.0174,0.596,4.017,1.271,0.387,ptx,nomsa_template
6f4s,43,4,0.6421,0.8346,4.6816,0.556,4.682,1.369,0.355,ptx,nomsa_template
6f4s,44,0,0.6702,0.8545,6.427,0.488,6.427,1.804,0.419,ptx,nomsa_template
6f4s,44,1,0.6681,0.8513,6.82,0.47,6.82,1.902,0.419,ptx,nomsa_template
6f4s,44,2,0.6531,0.8415,6.4133,0.415,6.413,2.197,0.29,ptx,nomsa_template
6f4s,44,3,0.6437,0.8395,5.8608,0.457,5.861,1.823,0.29,ptx,nomsa_template
6f4s,44,4,0.6382,0.8351,5.9427,0.413,5.943,2.235,0.258,ptx,nomsa_template
6f6d,42,0,0.6896,0.8372,7.5956,0.449,7.596,2.68,0.552,ptx,nomsa_template
6f6d,42,1,0.6754,0.8267,1.7114,0.787,1.711,1.177,0.782,ptx,nomsa_template
6f6d,42,2,0.6699,0.8264,1.8248,0.779,1.825,1.082,0.724,ptx,nomsa_template
6f6d,42,3,0.6715,0.8261,1.6822,0.81,1.682,1.069,0.805,ptx,nomsa_template
6f6d,42,4,0.6689,0.8256,1.5738,0.798,1.574,1.169,0.805,ptx,nomsa_template
6f6d,43,0,0.6731,0.8286,2.0654,0.756,2.065,1.223,0.724,ptx,nomsa_template
6f6d,43,1,0.6698,0.8271,2.0238,0.764,2.024,1.198,0.736,ptx,nomsa_template
6f6d,43,2,0.6716,0.8265,1.7316,0.783,1.732,1.265,0.805,ptx,nomsa_template
6f6d,43,3,0.6699,0.8263,1.1446,0.843,1.145,0.936,0.828,ptx,nomsa_template
6f6d,43,4,0.6643,0.8252,2.0688,0.758,2.069,1.156,0.701,ptx,nomsa_template
6f6d,44,0,0.6756,0.8293,1.8879,0.761,1.888,1.393,0.793,ptx,nomsa_template
6f6d,44,1,0.674,0.8291,2.0649,0.749,2.065,1.435,0.782,ptx,nomsa_template
6f6d,44,2,0.6746,0.8279,1.4851,0.844,1.485,0.956,0.851,ptx,nomsa_template
6f6d,44,3,0.6724,0.8269,1.2548,0.839,1.255,0.959,0.828,ptx,nomsa_template
6f6d,44,4,0.6739,0.8269,1.4233,0.824,1.423,1.129,0.862,ptx,nomsa_template
6fbk,42,0,0.9353,0.9373,1.2085,0.881,1.208,1.009,0.974,ptx,nomsa_template
6fbk,42,1,0.9353,0.9372,1.3316,0.866,1.332,1.041,0.947,ptx,nomsa_template
6fbk,42,2,0.9347,0.9366,1.9137,0.833,1.914,1.224,0.947,ptx,nomsa_template
6fbk,42,3,0.9348,0.9367,2.0071,0.831,2.007,1.297,0.974,ptx,nomsa_template
6fbk,42,4,0.9349,0.9364,1.9139,0.83,1.914,1.246,0.947,ptx,nomsa_template
6fbk,43,0,0.9316,0.9337,1.1518,0.886,1.152,0.918,0.947,ptx,nomsa_template
6fbk,43,1,0.9318,0.9337,1.1444,0.872,1.144,1.017,0.947,ptx,nomsa_template
6fbk,43,2,0.9317,0.9335,1.1386,0.883,1.139,0.874,0.921,ptx,nomsa_template
6fbk,43,3,0.9316,0.9334,1.1128,0.883,1.113,0.94,0.947,ptx,nomsa_template
6fbk,43,4,0.9313,0.9326,2.0711,0.824,2.071,1.273,0.947,ptx,nomsa_template
6fbk,44,0,0.9353,0.9372,1.0715,0.875,1.072,1.0,0.947,ptx,nomsa_template
6fbk,44,1,0.9353,0.9372,1.1337,0.884,1.134,0.99,0.974,ptx,nomsa_template
6fbk,44,2,0.9348,0.9367,1.9112,0.83,1.911,1.248,0.947,ptx,nomsa_template
6fbk,44,3,0.9347,0.9366,2.0002,0.835,2.0,1.27,0.974,ptx,nomsa_template
6fbk,44,4,0.9349,0.9362,2.1467,0.827,2.147,1.308,0.974,ptx,nomsa_template
6g5g,42,0,0.84,0.9779,2.544,0.739,2.544,1.556,0.816,ptx,nomsa_template
6g5g,42,1,0.8396,0.9778,2.1397,0.766,2.14,1.561,0.878,ptx,nomsa_template
6g5g,42,2,0.8394,0.9777,2.3101,0.759,2.31,1.469,0.837,ptx,nomsa_template
6g5g,42,3,0.8393,0.9776,2.0075,0.767,2.007,1.507,0.857,ptx,nomsa_template
6g5g,42,4,0.8398,0.9776,3.0323,0.735,3.032,1.554,0.837,ptx,nomsa_template
6g5g,43,0,0.835,0.9733,2.1343,0.756,2.134,1.529,0.837,ptx,nomsa_template
6g5g,43,1,0.8345,0.9733,2.7434,0.757,2.743,1.479,0.857,ptx,nomsa_template
6g5g,43,2,0.8344,0.9732,2.1452,0.76,2.145,1.55,0.857,ptx,nomsa_template
6g5g,43,3,0.8344,0.9732,2.0454,0.741,2.045,1.559,0.796,ptx,nomsa_template
6g5g,43,4,0.8345,0.9731,2.8724,0.738,2.872,1.564,0.837,ptx,nomsa_template
6g5g,44,0,0.8416,0.9753,2.4752,0.744,2.475,1.52,0.816,ptx,nomsa_template
6g5g,44,1,0.8416,0.9753,2.5384,0.749,2.538,1.521,0.837,ptx,nomsa_template
6g5g,44,2,0.8417,0.9753,3.4756,0.722,3.476,1.585,0.837,ptx,nomsa_template
6g5g,44,3,0.8413,0.9752,1.8139,0.754,1.814,1.53,0.816,ptx,nomsa_template
6g5g,44,4,0.8414,0.9752,2.2772,0.743,2.277,1.563,0.816,ptx,nomsa_template
6h7b,42,0,0.6988,0.7128,12.6466,0.196,12.647,4.778,0.186,ptx,nomsa_template
6h7b,42,1,0.6994,0.7125,12.6239,0.203,12.624,4.795,0.209,ptx,nomsa_template
6h7b,42,2,0.6981,0.7117,12.467,0.198,12.467,4.748,0.186,ptx,nomsa_template
6h7b,42,3,0.6979,0.7096,12.6701,0.196,12.67,4.764,0.186,ptx,nomsa_template
6h7b,42,4,0.6946,0.6881,11.426,0.178,11.426,4.286,0.07,ptx,nomsa_template
6h7b,43,0,0.6991,0.7178,12.543,0.198,12.543,4.69,0.186,ptx,nomsa_template
6h7b,43,1,0.7005,0.7154,12.6553,0.188,12.655,4.787,0.163,ptx,nomsa_template
6h7b,43,2,0.6999,0.7143,12.8886,0.199,12.889,4.93,0.209,ptx,nomsa_template
6h7b,43,3,0.7002,0.712,12.5997,0.195,12.6,4.869,0.186,ptx,nomsa_template
6h7b,43,4,0.6974,0.7116,12.3891,0.207,12.389,4.688,0.209,ptx,nomsa_template
6h7b,44,0,0.7013,0.7216,12.6528,0.211,12.653,4.814,0.233,ptx,nomsa_template
6h7b,44,1,0.6991,0.7126,12.8905,0.192,12.89,4.888,0.186,ptx,nomsa_template
6h7b,44,2,0.6984,0.7119,12.4555,0.206,12.456,4.735,0.209,ptx,nomsa_template
6h7b,44,3,0.6993,0.7114,12.499,0.197,12.499,4.812,0.186,ptx,nomsa_template
6h7b,44,4,0.6941,0.7015,10.4321,0.198,10.432,3.977,0.07,ptx,nomsa_template
