method,native,pdb,seed,id,dockq_score,fnat,lrmsd,irmsd
nomsa_notemplate,1a0n,1a0n,42,0,0.565,0.826,6.647,2.617
nomsa_notemplate,1a0n,1a0n,42,3,0.537,0.783,7.03,2.709
nomsa_notemplate,1a0n,1a0n,42,2,0.677,0.826,4.001,1.889
nomsa_notemplate,1a0n,1a0n,42,4,0.669,0.783,4.16,1.77
nomsa_notemplate,1a0n,1a0n,42,1,0.573,0.826,6.355,2.598
nomsa_notemplate,1a0n,1a0n,43,0,0.593,0.826,5.82,2.462
nomsa_notemplate,1a0n,1a0n,43,1,0.675,0.739,3.607,1.696
nomsa_notemplate,1a0n,1a0n,43,2,0.709,0.826,3.799,1.603
nomsa_notemplate,1a0n,1a0n,43,3,0.67,0.783,3.99,1.802
nomsa_notemplate,1a0n,1a0n,44,0,0.637,0.826,4.859,2.134
nomsa_notemplate,1a0n,1a0n,43,4,0.666,0.826,4.603,1.847
nomsa_notemplate,1a0n,1a0n,44,4,0.611,0.826,5.69,2.205
nomsa_notemplate,1a0n,1a0n,44,3,0.607,0.826,5.805,2.221
nomsa_notemplate,1a0n,1a0n,44,1,0.616,0.826,5.365,2.257
nomsa_notemplate,1cqg,1cqg,42,0,0.071,0.071,23.65,8.973
nomsa_notemplate,1a0n,1a0n,44,2,0.75,0.826,3.208,1.364
nomsa_notemplate,1cqg,1cqg,42,1,0.048,0.0,23.412,8.871
nomsa_notemplate,1cqg,1cqg,42,2,0.06,0.036,23.341,8.959
nomsa_notemplate,1cqg,1cqg,43,2,0.087,0.107,22.61,8.542
nomsa_notemplate,1cqg,1cqg,42,4,0.071,0.071,23.697,9.138
nomsa_notemplate,1cqg,1cqg,42,3,0.059,0.036,23.714,9.106
nomsa_notemplate,1cqg,1cqg,43,1,0.147,0.179,15.325,9.206
nomsa_notemplate,1cqg,1cqg,43,4,0.076,0.071,22.306,8.355
nomsa_notemplate,1cqg,1cqg,43,0,0.059,0.036,23.407,9.162
nomsa_notemplate,1cqg,1cqg,44,1,0.071,0.071,23.623,9.24
nomsa_notemplate,1cqg,1cqg,44,2,0.059,0.036,23.869,8.772
nomsa_notemplate,1cqg,1cqg,43,3,0.067,0.071,24.805,9.221
nomsa_notemplate,1cqg,1cqg,44,3,0.067,0.071,24.922,9.591
nomsa_notemplate,1cqg,1cqg,44,0,0.079,0.107,24.163,10.575
nomsa_notemplate,1czy,1czy,42,0,0.278,0.159,6.805,5.7
nomsa_notemplate,1cqg,1cqg,44,4,0.062,0.036,22.715,8.899
nomsa_notemplate,1czy,1czy,42,2,0.074,0.0,17.547,8.464
nomsa_notemplate,1czy,1czy,44,0,0.113,0.023,13.368,8.732
nomsa_notemplate,1czy,1czy,42,1,0.13,0.045,12.606,8.304
nomsa_notemplate,1czy,1czy,43,0,0.111,0.045,14.606,7.995
nomsa_notemplate,1czy,1czy,43,1,0.104,0.023,14.273,8.9
nomsa_notemplate,1czy,1czy,43,2,0.188,0.114,10.125,7.526
nomsa_notemplate,1czy,1czy,42,4,0.086,0.068,19.2,9.215
nomsa_notemplate,1czy,1czy,42,3,0.135,0.068,12.91,7.847
nomsa_notemplate,1czy,1czy,43,3,0.01,0.0,53.973,18.113
nomsa_notemplate,1czy,1czy,44,4,0.072,0.0,17.45,9.639
nomsa_notemplate,1ddv,1ddv,42,0,0.376,0.5,9.451,3.189
nomsa_notemplate,1czy,1czy,44,1,0.065,0.0,18.735,9.304
nomsa_notemplate,1czy,1czy,43,4,0.126,0.045,12.967,8.152
nomsa_notemplate,1czy,1czy,44,3,0.127,0.0,11.582,8.297
nomsa_notemplate,1ddv,1ddv,42,1,0.778,0.75,2.796,1.028
nomsa_notemplate,1ddv,1ddv,42,3,0.672,0.688,4.047,1.457
nomsa_notemplate,1ddv,1ddv,44,2,0.58,0.625,5.472,1.812
nomsa_notemplate,1ddv,1ddv,42,2,0.975,1.0,0.773,0.401
nomsa_notemplate,1ddv,1ddv,43,0,0.564,0.562,5.373,1.783
nomsa_notemplate,1ddv,1ddv,43,1,0.585,0.562,4.988,1.663
nomsa_notemplate,1ddv,1ddv,44,1,0.569,0.562,5.322,1.742
nomsa_notemplate,1czy,1czy,44,2,0.116,0.0,12.487,8.233
nomsa_notemplate,1ddv,1ddv,43,4,0.564,0.562,5.436,1.759
nomsa_notemplate,1ddv,1ddv,42,4,0.94,1.0,1.438,0.634
nomsa_notemplate,1ddv,1ddv,43,2,0.737,0.688,3.083,1.129
nomsa_notemplate,1eg4,1eg4,42,2,0.015,0.0,40.289,31.897
nomsa_notemplate,1ddv,1ddv,44,3,0.688,0.688,3.759,1.383
nomsa_notemplate,1eg4,1eg4,42,0,0.033,0.031,31.969,28.076
nomsa_notemplate,1ddv,1ddv,43,3,0.929,1.0,1.784,0.682
nomsa_notemplate,1eg4,1eg4,43,0,0.013,0.0,42.908,29.972
nomsa_notemplate,1ddv,1ddv,44,4,0.893,0.938,1.961,0.768
nomsa_notemplate,1eg4,1eg4,42,1,0.028,0.0,29.088,22.556
nomsa_notemplate,1ddv,1ddv,44,0,0.832,0.812,2.305,0.862
nomsa_notemplate,1eg4,1eg4,44,0,0.024,0.031,44.194,18.706
nomsa_notemplate,1eg4,1eg4,43,4,0.011,0.0,47.357,34.135
nomsa_notemplate,1eg4,1eg4,43,3,0.044,0.094,43.917,32.454
nomsa_notemplate,1f47,1f47,42,2,0.047,0.031,25.527,15.557
nomsa_notemplate,1eg4,1eg4,42,4,0.018,0.0,37.052,29.638
nomsa_notemplate,1f47,1f47,42,3,0.064,0.031,20.216,13.79
nomsa_notemplate,1f47,1f47,42,0,0.067,0.0,17.642,12.695
nomsa_notemplate,1eg4,1eg4,44,1,0.021,0.0,33.492,29.148
nomsa_notemplate,1f47,1f47,42,1,0.046,0.062,33.192,12.979
nomsa_notemplate,1f47,1f47,43,0,0.06,0.031,21.245,13.558
nomsa_notemplate,1f47,1f47,42,4,0.045,0.0,22.785,13.27
nomsa_notemplate,1f47,1f47,44,3,0.047,0.031,25.845,14.265
nomsa_notemplate,1eg4,1eg4,43,1,0.019,0.0,35.899,30.461
nomsa_notemplate,1eg4,1eg4,44,4,0.072,0.125,27.208,27.866
nomsa_notemplate,1f8h,1f8h,44,4,0.857,0.913,2.164,0.939
nomsa_notemplate,1f47,1f47,43,1,0.046,0.031,26.843,11.906
nomsa_notemplate,1j2x,1j2x,42,2,0.641,0.872,4.138,2.643
nomsa_notemplate,1f8h,1f8h,44,0,0.827,0.826,1.967,0.967
nomsa_notemplate,1f47,1f47,44,4,0.038,0.031,30.953,13.297
nomsa_notemplate,1eg4,1eg4,42,3,0.041,0.031,27.321,26.855
nomsa_notemplate,1f47,1f47,44,1,0.038,0.0,25.322,13.974
nomsa_notemplate,1j2x,1j2x,42,4,0.584,0.795,4.801,3.019
nomsa_notemplate,1eg4,1eg4,44,2,0.02,0.0,33.983,29.737
nomsa_notemplate,1f47,1f47,43,3,0.037,0.031,31.25,14.41
nomsa_notemplate,1f47,1f47,43,2,0.043,0.0,23.159,14.313
nomsa_notemplate,1f8h,1f8h,42,1,0.836,0.87,2.128,0.989
nomsa_notemplate,1f8h,1f8h,42,2,0.858,0.913,2.251,0.921
nomsa_notemplate,1f8h,1f8h,42,0,0.851,0.913,2.112,0.988
nomsa_notemplate,1f8h,1f8h,42,4,0.839,0.87,1.842,1.002
nomsa_notemplate,1eg4,1eg4,44,3,0.013,0.0,42.719,32.289
nomsa_notemplate,1f8h,1f8h,43,0,0.808,0.826,2.437,1.041
nomsa_notemplate,1eg4,1eg4,43,2,0.042,0.0,23.111,18.864
nomsa_notemplate,1f47,1f47,44,2,0.043,0.031,27.592,14.388
nomsa_notemplate,1f47,1f47,44,0,0.037,0.031,32.133,12.793
nomsa_notemplate,1f8h,1f8h,42,3,0.819,0.826,2.065,1.011
nomsa_notemplate,1f47,1f47,43,4,0.028,0.0,30.465,14.422
nomsa_notemplate,1f8h,1f8h,43,1,0.824,0.826,2.165,0.967
nomsa_notemplate,1f8h,1f8h,43,3,0.812,0.87,2.571,1.104
nomsa_notemplate,1f8h,1f8h,43,4,0.792,0.826,2.662,1.13
nomsa_notemplate,1f8h,1f8h,44,1,0.847,0.826,1.759,0.849
nomsa_notemplate,1jd5,1jd5,42,2,0.04,0.0,24.328,14.61
nomsa_notemplate,1j2x,1j2x,42,0,0.619,0.872,4.688,2.847
nomsa_notemplate,1f8h,1f8h,43,2,0.826,0.87,2.401,1.02
nomsa_notemplate,1j2x,1j2x,44,4,0.687,0.821,3.489,1.892
nomsa_notemplate,1jd5,1jd5,42,1,0.04,0.0,24.417,12.944
nomsa_notemplate,1j2x,1j2x,43,0,0.517,0.769,6.041,4.143
nomsa_notemplate,1f8h,1f8h,44,2,0.875,0.957,1.958,0.935
nomsa_notemplate,1j2x,1j2x,43,4,0.501,0.692,5.668,4.111
nomsa_notemplate,1f8h,1f8h,44,3,0.855,0.87,1.93,0.88
nomsa_notemplate,1j2x,1j2x,42,1,0.595,0.846,4.896,3.107
nomsa_notemplate,1jd5,1jd5,42,0,0.047,0.0,21.862,14.17
nomsa_notemplate,1jd5,1jd5,43,2,0.097,0.108,19.184,11.196
nomsa_notemplate,1j2x,1j2x,43,2,0.503,0.744,6.185,4.209
nomsa_notemplate,1jd5,1jd5,43,4,0.037,0.0,26.023,11.932
nomsa_notemplate,1j2x,1j2x,44,1,0.69,0.795,3.396,1.791
nomsa_notemplate,1j2x,1j2x,42,3,0.563,0.795,5.027,3.515
nomsa_notemplate,1j2x,1j2x,43,1,0.552,0.846,5.714,4.045
nomsa_notemplate,1j2x,1j2x,44,0,0.633,0.821,4.409,2.342
nomsa_notemplate,1j2x,1j2x,44,3,0.662,0.641,2.724,1.698
nomsa_notemplate,1jq8,1jq8,44,0,0.115,0.023,12.827,11.467
nomsa_notemplate,1j2x,1j2x,44,2,0.742,0.744,2.549,1.32
nomsa_notemplate,1j2x,1j2x,43,3,0.551,0.718,4.708,3.312
nomsa_notemplate,1jd5,1jd5,42,3,0.028,0.0,30.615,13.785
nomsa_notemplate,1jq8,1jq8,43,2,0.142,0.136,13.954,10.686
nomsa_notemplate,1jq8,1jq8,44,2,0.072,0.068,21.794,12.424
nomsa_notemplate,1jq8,1jq8,44,1,0.112,0.045,13.983,10.385
nomsa_notemplate,1jd5,1jd5,43,1,0.054,0.054,25.723,15.456
nomsa_notemplate,1jd5,1jd5,43,3,0.081,0.0,15.649,12.495
nomsa_notemplate,1jq8,1jq8,43,4,0.177,0.295,16.105,10.854
nomsa_notemplate,1jq8,1jq8,42,4,0.193,0.068,8.607,11.452
nomsa_notemplate,1jd5,1jd5,43,0,0.045,0.0,22.777,13.512
nomsa_notemplate,1jd5,1jd5,44,2,0.061,0.0,18.722,14.251
nomsa_notemplate,1jq8,1jq8,42,1,0.107,0.136,19.017,11.413
nomsa_notemplate,1jd5,1jd5,44,4,0.047,0.0,22.108,12.948
nomsa_notemplate,1jd5,1jd5,42,4,0.034,0.0,27.311,12.644
nomsa_notemplate,1jd5,1jd5,44,3,0.029,0.0,29.77,13.948
nomsa_notemplate,1jd5,1jd5,44,1,0.048,0.0,21.991,12.515
nomsa_notemplate,1jq8,1jq8,42,0,0.185,0.227,12.489,13.44
nomsa_notemplate,1jd5,1jd5,44,0,0.089,0.027,15.666,14.14
nomsa_notemplate,1jq8,1jq8,43,0,0.11,0.136,17.99,13.286
nomsa_notemplate,1jq8,1jq8,42,2,0.106,0.045,14.799,9.424
nomsa_notemplate,1jw6,1jw6,42,0,0.019,0.0,39.27,13.672
nomsa_notemplate,1jq8,1jq8,42,3,0.201,0.114,8.955,12.088
nomsa_notemplate,1jq8,1jq8,43,3,0.084,0.0,15.217,12.856
nomsa_notemplate,1jw6,1jw6,42,4,0.016,0.0,42.833,15.17
nomsa_notemplate,1jq8,1jq8,44,4,0.058,0.0,19.366,12.966
nomsa_notemplate,1jq8,1jq8,43,1,0.07,0.0,17.162,12.862
nomsa_notemplate,1jq8,1jq8,44,3,0.207,0.159,9.382,13.731
nomsa_notemplate,1jw6,1jw6,43,4,0.068,0.033,19.818,12.315
nomsa_notemplate,1jw6,1jw6,42,1,0.09,0.067,17.859,11.0
nomsa_notemplate,1jw6,1jw6,42,2,0.044,0.0,23.239,12.663
nomsa_notemplate,1jw6,1jw6,43,0,0.074,0.167,39.649,13.23
nomsa_notemplate,1l2z,1l2z,42,2,0.433,0.5,6.576,3.282
nomsa_notemplate,1jw6,1jw6,44,0,0.069,0.133,33.32,12.899
nomsa_notemplate,1l2z,1l2z,42,1,0.473,0.464,4.802,3.029
nomsa_notemplate,1jw6,1jw6,43,3,0.054,0.0,20.394,12.355
nomsa_notemplate,1l2z,1l2z,42,3,0.43,0.393,5.621,2.996
nomsa_notemplate,1jw6,1jw6,43,1,0.012,0.0,50.666,17.16
nomsa_notemplate,1jw6,1jw6,42,3,0.074,0.167,39.272,13.977
nomsa_notemplate,1jw6,1jw6,43,2,0.023,0.0,34.92,12.965
nomsa_notemplate,1l2z,1l2z,42,0,0.467,0.464,4.92,3.121
nomsa_notemplate,1l2z,1l2z,43,0,0.45,0.571,6.639,3.473
nomsa_notemplate,1l2z,1l2z,43,2,0.505,0.571,4.934,3.029
nomsa_notemplate,1l2z,1l2z,42,4,0.477,0.571,6.014,3.077
nomsa_notemplate,1l2z,1l2z,44,4,0.473,0.5,5.303,3.008
nomsa_notemplate,1l2z,1l2z,43,3,0.505,0.607,5.424,3.032
nomsa_notemplate,1l2z,1l2z,43,1,0.391,0.357,6.399,3.213
nomsa_notemplate,1l2z,1l2z,44,2,0.546,0.643,4.369,2.966
nomsa_notemplate,1l2z,1l2z,43,4,0.471,0.571,6.026,3.25
nomsa_notemplate,1l2z,1l2z,44,1,0.402,0.464,6.82,3.816
nomsa_notemplate,1jw6,1jw6,44,4,0.069,0.033,19.609,12.198
nomsa_notemplate,1l2z,1l2z,44,3,0.498,0.607,5.452,3.221
nomsa_notemplate,1jw6,1jw6,44,1,0.027,0.0,30.974,14.782
nomsa_notemplate,1jw6,1jw6,44,2,0.135,0.067,12.247,12.393
nomsa_notemplate,1lb6,1lb6,43,2,0.293,0.324,7.957,9.953
nomsa_notemplate,1l2z,1l2z,44,0,0.449,0.464,5.502,3.219
nomsa_notemplate,1lb6,1lb6,42,3,0.088,0.027,16.777,8.024
nomsa_notemplate,1lb6,1lb6,42,4,0.104,0.081,16.848,8.916
nomsa_notemplate,1lb6,1lb6,42,1,0.042,0.027,28.654,11.107
nomsa_notemplate,1lb6,1lb6,42,2,0.043,0.0,23.884,11.443
nomsa_notemplate,1lb6,1lb6,43,0,0.11,0.081,15.383,11.944
nomsa_notemplate,1jw6,1jw6,44,3,0.02,0.0,37.188,15.606
nomsa_notemplate,1lb6,1lb6,43,4,0.334,0.378,6.935,9.939
nomsa_notemplate,1lb6,1lb6,44,0,0.31,0.324,7.163,10.255
nomsa_notemplate,1mf4,1mf4,42,2,0.107,0.171,21.349,13.761
nomsa_notemplate,1lb6,1lb6,42,0,0.389,0.297,4.033,6.265
nomsa_notemplate,1lb6,1lb6,44,2,0.057,0.054,25.745,10.62
nomsa_notemplate,1lb6,1lb6,43,1,0.328,0.378,7.19,10.154
nomsa_notemplate,1mf4,1mf4,43,3,0.048,0.0,21.5,17.014
nomsa_notemplate,1lb6,1lb6,43,3,0.322,0.378,7.457,10.115
nomsa_notemplate,1mf4,1mf4,42,4,0.067,0.057,21.608,15.717
nomsa_notemplate,1mf4,1mf4,43,0,0.1,0.086,16.958,13.142
nomsa_notemplate,1mf4,1mf4,42,0,0.088,0.114,20.98,15.381
nomsa_notemplate,1mf4,1mf4,42,3,0.07,0.086,23.475,15.043
nomsa_notemplate,1mf4,1mf4,43,1,0.052,0.029,23.766,13.12
nomsa_notemplate,1mf4,1mf4,43,4,0.034,0.0,26.572,14.997
nomsa_notemplate,1lb6,1lb6,44,1,0.141,0.081,12.155,12.392
nomsa_notemplate,1mf4,1mf4,44,0,0.069,0.057,21.065,15.251
nomsa_notemplate,1mv0,1mv0,42,2,0.255,0.14,7.111,7.762
nomsa_notemplate,1mf4,1mf4,42,1,0.043,0.0,23.372,13.125
nomsa_notemplate,1mv0,1mv0,43,0,0.215,0.116,8.552,8.379
nomsa_notemplate,1lb6,1lb6,44,4,0.086,0.162,28.05,13.822
nomsa_notemplate,1mf4,1mf4,43,2,0.061,0.057,23.739,14.2
nomsa_notemplate,1mf4,1mf4,44,3,0.059,0.057,24.208,14.963
nomsa_notemplate,1mf4,1mf4,44,1,0.043,0.029,26.811,15.409
nomsa_notemplate,1mv0,1mv0,42,3,0.331,0.209,4.879,8.52
nomsa_notemplate,1lb6,1lb6,44,3,0.266,0.081,5.659,9.689
nomsa_notemplate,1mv0,1mv0,42,1,0.28,0.14,5.944,8.596
nomsa_notemplate,1mv0,1mv0,43,4,0.19,0.14,10.439,8.302
nomsa_notemplate,1mv0,1mv0,42,0,0.17,0.07,10.203,8.429
nomsa_notemplate,1mf4,1mf4,44,4,0.134,0.086,12.761,14.858
nomsa_notemplate,1mf4,1mf4,44,2,0.084,0.057,18.069,13.427
nomsa_notemplate,1mv0,1mv0,43,2,0.165,0.0,9.108,8.687
nomsa_notemplate,1mv0,1mv0,44,0,0.048,0.0,21.887,12.613
nomsa_notemplate,1mv0,1mv0,42,4,0.215,0.093,8.19,8.217
nomsa_notemplate,1mv0,1mv0,43,1,0.202,0.047,8.027,8.496
nomsa_notemplate,1mv0,1mv0,43,3,0.189,0.093,9.508,8.583
nomsa_notemplate,1mv0,1mv0,44,2,0.24,0.14,7.683,8.468
nomsa_notemplate,1mv0,1mv0,44,3,0.15,0.07,11.513,9.086
nomsa_notemplate,1mv0,1mv0,44,4,0.257,0.163,7.326,7.877
nomsa_notemplate,1mv0,1mv0,44,1,0.252,0.186,7.876,8.446
nomsa_notemplate,1nrl,1nrl,42,1,0.022,0.0,34.486,14.769
nomsa_notemplate,1nrl,1nrl,43,3,0.073,0.079,22.118,14.874
nomsa_notemplate,1nrl,1nrl,42,3,0.034,0.026,32.424,14.255
nomsa_notemplate,1nrl,1nrl,42,0,0.052,0.053,26.138,17.146
nomsa_notemplate,1nrl,1nrl,43,1,0.064,0.132,38.127,13.502
nomsa_notemplate,1nrl,1nrl,42,2,0.086,0.158,27.263,14.673
nomsa_notemplate,1nrl,1nrl,43,4,0.041,0.0,23.365,19.645
nomsa_notemplate,1nrl,1nrl,42,4,0.019,0.0,38.374,14.574
nomsa_notemplate,1nrl,1nrl,43,0,0.016,0.0,40.695,19.172
nomsa_notemplate,1o0p,1o0p,42,0,0.073,0.025,19.276,8.349
nomsa_notemplate,1nvq,1nvq,42,1,0.089,0.0,15.289,8.494
nomsa_notemplate,1nrl,1nrl,44,0,0.021,0.0,35.108,15.818
nomsa_notemplate,1nvq,1nvq,44,4,0.062,0.0,22.647,5.756
nomsa_notemplate,1o0p,1o0p,42,1,0.069,0.025,20.1,8.311
nomsa_notemplate,1nvq,1nvq,43,0,0.024,0.0,36.898,9.889
nomsa_notemplate,1nrl,1nrl,44,4,0.014,0.0,45.645,15.717
nomsa_notemplate,1nrl,1nrl,44,3,0.031,0.0,27.941,17.062
nomsa_notemplate,1nvq,1nvq,42,4,0.013,0.0,50.309,14.355
nomsa_notemplate,1o0p,1o0p,42,2,0.053,0.0,22.02,8.597
nomsa_notemplate,1o0p,1o0p,43,0,0.255,0.275,10.144,5.132
nomsa_notemplate,1o0p,1o0p,42,4,0.108,0.05,15.297,7.39
nomsa_notemplate,1o0p,1o0p,43,3,0.353,0.35,6.68,4.762
nomsa_notemplate,1nvq,1nvq,44,3,0.018,0.0,43.669,11.101
nomsa_notemplate,1nrl,1nrl,44,1,0.048,0.0,21.675,14.126
nomsa_notemplate,1o0p,1o0p,42,3,0.106,0.125,19.188,8.487
nomsa_notemplate,1nvq,1nvq,42,0,0.024,0.0,35.116,11.594
nomsa_notemplate,1o0p,1o0p,43,4,0.271,0.275,9.31,4.973
nomsa_notemplate,1o0p,1o0p,43,2,0.337,0.35,7.428,4.664
nomsa_notemplate,1nvq,1nvq,43,3,0.018,0.0,41.896,12.04
nomsa_notemplate,1nrl,1nrl,44,2,0.018,0.0,38.545,15.982
nomsa_notemplate,1nvq,1nvq,44,0,0.013,0.0,50.538,13.466
nomsa_notemplate,1nvq,1nvq,43,4,0.132,0.0,12.091,5.613
nomsa_notemplate,1o0p,1o0p,43,1,0.302,0.35,9.101,4.768
nomsa_notemplate,1nvq,1nvq,43,2,0.124,0.0,12.262,6.755
nomsa_notemplate,1nvq,1nvq,42,3,0.011,0.0,54.935,16.445
nomsa_notemplate,1o0p,1o0p,44,1,0.054,0.0,21.454,9.35
nomsa_notemplate,1nvq,1nvq,42,2,0.007,0.0,64.835,20.446
nomsa_notemplate,1nrl,1nrl,43,2,0.025,0.026,42.977,14.78
nomsa_notemplate,1nvq,1nvq,44,2,0.036,0.0,31.398,7.382
nomsa_notemplate,1o0p,1o0p,44,0,0.059,0.025,22.175,9.427
nomsa_notemplate,1nvq,1nvq,43,1,0.103,0.0,14.376,6.512
nomsa_notemplate,1nvq,1nvq,44,1,0.03,0.0,31.718,9.735
nomsa_notemplate,1o0p,1o0p,44,4,0.045,0.0,24.247,9.461
nomsa_notemplate,1o0p,1o0p,44,2,0.045,0.0,23.872,10.103
nomsa_notemplate,1pmx,1pmx,42,0,0.185,0.261,14.868,6.677
nomsa_notemplate,1p7v,1p7v,44,3,0.027,0.0,31.185,13.677
nomsa_notemplate,1p7v,1p7v,44,1,0.023,0.0,34.298,14.729
nomsa_notemplate,1pmx,1pmx,42,1,0.163,0.217,15.644,6.965
nomsa_notemplate,1pmx,1pmx,44,4,0.24,0.261,10.619,5.564
nomsa_notemplate,1o0p,1o0p,44,3,0.045,0.0,23.781,10.066
nomsa_notemplate,1p7v,1p7v,42,2,0.032,0.0,27.79,15.634
nomsa_notemplate,1p7v,1p7v,44,4,0.026,0.0,31.793,13.47
nomsa_notemplate,1pmx,1pmx,42,3,0.171,0.217,14.711,6.82
nomsa_notemplate,1pmx,1pmx,43,2,0.183,0.261,15.042,6.942
nomsa_notemplate,1p7v,1p7v,43,0,0.031,0.02,31.935,16.938
nomsa_notemplate,1pmx,1pmx,42,4,0.169,0.217,15.114,6.508
nomsa_notemplate,1pmx,1pmx,43,3,0.156,0.13,13.254,6.741
nomsa_notemplate,1pmx,1pmx,43,1,0.168,0.217,15.142,6.864
nomsa_notemplate,1pmx,1pmx,43,0,0.199,0.261,13.381,6.731
nomsa_notemplate,1pmx,1pmx,43,4,0.149,0.13,13.957,6.805
nomsa_notemplate,1r17,1r17,42,4,0.021,0.0,34.429,23.36
nomsa_notemplate,1pmx,1pmx,42,2,0.173,0.217,14.653,6.517
nomsa_notemplate,1pmx,1pmx,44,2,0.166,0.217,15.452,6.596
nomsa_notemplate,1pmx,1pmx,44,1,0.268,0.304,9.968,5.123
nomsa_notemplate,1p7v,1p7v,42,4,0.043,0.02,26.088,13.347
nomsa_notemplate,1r17,1r17,44,0,0.019,0.0,36.145,25.209
nomsa_notemplate,1pmx,1pmx,44,0,0.263,0.435,14.359,4.663
nomsa_notemplate,1p7v,1p7v,44,0,0.036,0.02,29.783,13.478
nomsa_notemplate,1p7v,1p7v,42,0,0.098,0.041,15.004,15.94
nomsa_notemplate,1p7v,1p7v,43,4,0.024,0.0,33.261,14.194
nomsa_notemplate,1p7v,1p7v,42,1,0.082,0.0,15.483,13.037
nomsa_notemplate,1p7v,1p7v,43,1,0.034,0.0,27.109,12.858
nomsa_notemplate,1p7v,1p7v,42,3,0.081,0.0,15.527,12.999
nomsa_notemplate,1pmx,1pmx,44,3,0.117,0.13,18.516,6.813
nomsa_notemplate,1p7v,1p7v,44,2,0.026,0.0,31.807,14.904
nomsa_notemplate,1p7v,1p7v,43,3,0.115,0.082,14.527,15.318
nomsa_notemplate,1p7v,1p7v,43,2,0.02,0.0,37.272,15.388
nomsa_notemplate,1r17,1r17,42,2,0.08,0.165,31.086,20.913
nomsa_notemplate,1r17,1r17,42,1,0.026,0.0,30.14,23.209
nomsa_notemplate,1r17,1r17,42,3,0.024,0.0,31.431,22.964
nomsa_notemplate,1r17,1r17,42,0,0.019,0.0,36.578,22.866
nomsa_notemplate,1r17,1r17,43,1,0.026,0.035,42.083,23.184
nomsa_notemplate,1r17,1r17,43,0,0.082,0.141,25.599,20.568
nomsa_notemplate,1r17,1r17,44,2,0.025,0.0,31.164,22.81
nomsa_notemplate,1r17,1r17,43,4,0.03,0.0,27.734,22.147
nomsa_notemplate,1r17,1r17,43,3,0.021,0.012,37.877,24.188
nomsa_notemplate,1r17,1r17,43,2,0.008,0.0,57.216,28.234
nomsa_notemplate,1r17,1r17,44,1,0.016,0.0,40.548,20.881
nomsa_notemplate,1rxz,1rxz,42,3,0.036,0.019,30.075,11.998
nomsa_notemplate,1r17,1r17,44,3,0.017,0.0,38.085,25.381
nomsa_notemplate,1t74,1t74,42,2,0.026,0.0,32.096,13.101
nomsa_notemplate,1rxz,1rxz,42,1,0.016,0.0,40.929,17.613
nomsa_notemplate,1r17,1r17,44,4,0.018,0.0,36.984,22.631
nomsa_notemplate,1rxz,1rxz,42,0,0.035,0.019,29.819,13.856
nomsa_notemplate,1rxz,1rxz,42,2,0.092,0.0,14.512,10.726
nomsa_notemplate,1rxz,1rxz,44,4,0.056,0.056,25.856,12.508
nomsa_notemplate,1rxz,1rxz,44,3,0.024,0.0,33.699,13.697
nomsa_notemplate,1t74,1t74,42,3,0.019,0.0,39.248,12.86
nomsa_notemplate,1rxz,1rxz,44,1,0.021,0.0,35.179,16.683
nomsa_notemplate,1t74,1t74,42,1,0.175,0.071,10.03,7.959
nomsa_notemplate,1rxz,1rxz,43,1,0.121,0.185,19.68,10.337
nomsa_notemplate,1rxz,1rxz,43,3,0.025,0.0,33.118,13.583
nomsa_notemplate,1rxz,1rxz,43,4,0.13,0.111,15.182,7.314
nomsa_notemplate,1rxz,1rxz,42,4,0.025,0.019,39.013,15.024
nomsa_notemplate,1t74,1t74,43,2,0.404,0.429,6.014,4.108
nomsa_notemplate,1rxz,1rxz,44,0,0.113,0.037,13.559,10.753
nomsa_notemplate,1rxz,1rxz,43,2,0.062,0.111,33.077,13.661
nomsa_notemplate,1rxz,1rxz,44,2,0.014,0.0,45.974,16.46
nomsa_notemplate,1rxz,1rxz,43,0,0.024,0.019,41.072,13.628
nomsa_notemplate,1t74,1t74,43,4,0.156,0.0,9.338,12.789
nomsa_notemplate,1t74,1t74,43,0,0.022,0.0,35.177,14.697
nomsa_notemplate,1t74,1t74,44,0,0.017,0.0,41.545,14.121
nomsa_notemplate,1t74,1t74,42,4,0.049,0.0,22.187,11.079
nomsa_notemplate,1t74,1t74,42,0,0.148,0.357,31.486,11.006
nomsa_notemplate,1t74,1t74,43,1,0.127,0.286,29.148,10.953
nomsa_notemplate,1t74,1t74,43,3,0.141,0.0,10.147,13.66
nomsa_notemplate,1v1t,1v1t,42,2,0.957,0.96,1.037,0.428
nomsa_notemplate,1t74,1t74,44,2,0.082,0.107,23.646,9.354
nomsa_notemplate,1v1t,1v1t,44,1,0.969,1.0,0.799,0.452
nomsa_notemplate,1t74,1t74,44,1,0.144,0.321,25.868,12.7
nomsa_notemplate,1v1t,1v1t,43,3,0.967,1.0,1.098,0.451
nomsa_notemplate,1v1t,1v1t,42,1,0.97,1.0,1.128,0.417
nomsa_notemplate,1v1t,1v1t,43,0,0.952,0.96,0.964,0.474
nomsa_notemplate,1v1t,1v1t,42,0,0.963,0.96,0.837,0.383
nomsa_notemplate,1v1t,1v1t,42,4,0.973,1.0,0.974,0.408
nomsa_notemplate,1t74,1t74,44,3,0.204,0.464,21.678,12.393
nomsa_notemplate,1v1t,1v1t,43,2,0.941,0.92,1.314,0.421
nomsa_notemplate,1v1t,1v1t,42,3,0.971,1.0,0.689,0.441
nomsa_notemplate,1v1t,1v1t,43,1,0.964,0.96,0.818,0.377
nomsa_notemplate,1v1t,1v1t,44,0,0.969,1.0,1.042,0.433
nomsa_notemplate,1t74,1t74,44,4,0.191,0.429,21.898,12.76
nomsa_notemplate,1v1t,1v1t,44,3,0.952,0.96,1.235,0.448
nomsa_notemplate,1v1t,1v1t,43,4,0.975,1.0,0.778,0.398
nomsa_notemplate,1v1t,1v1t,44,4,0.972,1.0,0.905,0.417
nomsa_notemplate,1v1t,1v1t,44,2,0.964,0.96,0.792,0.381
nomsa_notemplate,1yfn,1yfn,42,0,0.039,0.019,28.12,12.971
nomsa_notemplate,1w80,1w80,42,2,0.026,0.0,35.701,9.74
nomsa_notemplate,1w80,1w80,43,0,0.017,0.0,40.835,14.755
nomsa_notemplate,1w80,1w80,42,1,0.031,0.0,29.936,11.131
nomsa_notemplate,1yfn,1yfn,42,2,0.115,0.075,14.718,10.976
nomsa_notemplate,1w80,1w80,42,3,0.017,0.0,42.388,14.258
nomsa_notemplate,1w80,1w80,44,1,0.02,0.0,36.96,15.169
nomsa_notemplate,1yfn,1yfn,42,3,0.048,0.038,27.224,10.985
nomsa_notemplate,1w80,1w80,43,2,0.016,0.0,42.23,15.551
nomsa_notemplate,1w80,1w80,44,4,0.017,0.0,41.313,14.901
nomsa_notemplate,1yfn,1yfn,42,1,0.077,0.038,18.997,9.362
nomsa_notemplate,1yfn,1yfn,43,1,0.039,0.038,31.444,14.718
nomsa_notemplate,1w80,1w80,42,0,0.035,0.0,28.22,10.23
nomsa_notemplate,1yfn,1yfn,42,4,0.058,0.057,25.586,11.325
nomsa_notemplate,1yfn,1yfn,43,3,0.039,0.0,24.491,14.697
nomsa_notemplate,1w80,1w80,44,0,0.02,0.0,37.164,13.947
nomsa_notemplate,1yfn,1yfn,43,2,0.024,0.0,33.465,14.559
nomsa_notemplate,1w80,1w80,43,3,0.019,0.0,38.595,15.153
nomsa_notemplate,1yfn,1yfn,43,0,0.028,0.0,30.954,13.362
nomsa_notemplate,1yfn,1yfn,43,4,0.03,0.0,29.756,12.54
nomsa_notemplate,1w80,1w80,42,4,0.025,0.0,34.213,11.506
nomsa_notemplate,1w80,1w80,44,3,0.015,0.0,43.492,16.957
nomsa_notemplate,1yfn,1yfn,44,4,0.031,0.0,29.176,12.481
nomsa_notemplate,1w80,1w80,43,1,0.014,0.0,44.791,18.028
nomsa_notemplate,1yfn,1yfn,44,0,0.062,0.038,21.313,14.366
nomsa_notemplate,1w80,1w80,44,2,0.019,0.0,38.088,14.795
nomsa_notemplate,1yfn,1yfn,44,1,0.048,0.038,26.841,11.718
nomsa_notemplate,1ywi,1ywi,42,1,0.89,0.947,1.28,0.881
nomsa_notemplate,1ywi,1ywi,42,0,0.867,0.895,1.449,0.904
nomsa_notemplate,1yfn,1yfn,44,3,0.08,0.057,18.915,11.511
nomsa_notemplate,1w80,1w80,43,4,0.019,0.0,38.158,14.766
nomsa_notemplate,1ywi,1ywi,43,0,0.894,0.947,1.271,0.853
nomsa_notemplate,1ywi,1ywi,42,4,0.867,0.895,1.395,0.906
nomsa_notemplate,1ywi,1ywi,42,3,0.87,0.895,1.404,0.888
nomsa_notemplate,1ywi,1ywi,42,2,0.892,0.895,0.975,0.76
nomsa_notemplate,1yfn,1yfn,44,2,0.081,0.019,17.037,9.235
nomsa_notemplate,1ywi,1ywi,43,1,0.913,1.0,1.279,0.842
nomsa_notemplate,1ywi,1ywi,43,3,0.883,0.895,1.161,0.813
nomsa_notemplate,1ywi,1ywi,43,2,0.854,0.842,1.249,0.885
nomsa_notemplate,1ywi,1ywi,43,4,0.879,0.895,1.18,0.838
nomsa_notemplate,1ywi,1ywi,44,1,0.909,0.947,1.047,0.761
nomsa_notemplate,1ywo,1ywo,42,2,0.125,0.16,17.733,8.877
nomsa_notemplate,1ywi,1ywi,44,0,0.885,0.895,1.122,0.803
nomsa_notemplate,1ywo,1ywo,43,0,0.112,0.08,15.526,9.407
nomsa_notemplate,1ywo,1ywo,42,1,0.408,0.44,6.155,3.909
nomsa_notemplate,1ywi,1ywi,44,3,0.863,0.895,1.51,0.922
nomsa_notemplate,1ywi,1ywi,44,2,0.888,0.947,1.352,0.887
nomsa_notemplate,1ywo,1ywo,42,0,0.313,0.36,8.787,4.624
nomsa_notemplate,1ywo,1ywo,44,1,0.173,0.28,16.543,8.387
nomsa_notemplate,1ywo,1ywo,42,3,0.094,0.12,21.282,9.563
nomsa_notemplate,1ywo,1ywo,43,2,0.104,0.08,16.407,10.044
nomsa_notemplate,1ywo,1ywo,43,1,0.108,0.12,17.939,10.601
nomsa_notemplate,1ywo,1ywo,43,4,0.097,0.08,17.512,10.405
nomsa_notemplate,1ywo,1ywo,42,4,0.16,0.24,16.509,8.347
nomsa_notemplate,1ywi,1ywi,44,4,0.911,0.947,0.998,0.749
nomsa_notemplate,1ywo,1ywo,44,2,0.13,0.2,19.356,8.777
nomsa_notemplate,1ywo,1ywo,44,3,0.48,0.52,4.798,3.409
nomsa_notemplate,1yy6,1yy6,42,0,0.139,0.029,11.435,8.384
nomsa_notemplate,1yy6,1yy6,42,1,0.152,0.147,13.667,8.654
nomsa_notemplate,1ywo,1ywo,44,4,0.393,0.48,7.106,4.246
nomsa_notemplate,1ywo,1ywo,43,3,0.122,0.12,15.988,9.41
nomsa_notemplate,1ywo,1ywo,44,0,0.123,0.16,18.422,8.216
nomsa_notemplate,1yy6,1yy6,42,3,0.125,0.088,14.593,8.139
nomsa_notemplate,1yy6,1yy6,44,1,0.14,0.029,11.626,7.13
nomsa_notemplate,1yy6,1yy6,44,4,0.122,0.059,13.512,9.589
nomsa_notemplate,1yy6,1yy6,43,2,0.154,0.176,14.443,8.928
nomsa_notemplate,1yy6,1yy6,43,4,0.159,0.176,13.964,8.389
nomsa_notemplate,1yy6,1yy6,42,4,0.139,0.029,11.52,7.948
nomsa_notemplate,1yy6,1yy6,42,2,0.034,0.0,27.875,11.752
nomsa_notemplate,1yy6,1yy6,43,0,0.062,0.029,21.334,10.279
nomsa_notemplate,1yy6,1yy6,43,1,0.137,0.118,14.064,9.384
nomsa_notemplate,1yy6,1yy6,43,3,0.175,0.235,14.377,8.644
nomsa_notemplate,2aij,2aij,42,0,0.036,0.024,29.439,19.101
nomsa_notemplate,1yy6,1yy6,44,0,0.17,0.088,10.521,9.002
nomsa_notemplate,2aij,2aij,43,3,0.021,0.024,43.425,25.231
nomsa_notemplate,2aij,2aij,44,0,0.035,0.024,29.096,23.621
nomsa_notemplate,1yy6,1yy6,44,3,0.058,0.029,23.302,9.213
nomsa_notemplate,1yy6,1yy6,44,2,0.109,0.0,12.961,9.278
nomsa_notemplate,2aij,2aij,42,4,0.03,0.024,33.69,21.412
nomsa_notemplate,2aij,2aij,42,3,0.028,0.024,35.35,23.509
nomsa_notemplate,2aij,2aij,44,1,0.007,0.0,62.84,26.212
nomsa_notemplate,2aq9,2aq9,44,2,0.056,0.0,20.213,11.433
nomsa_notemplate,2aij,2aij,42,2,0.026,0.024,37.497,22.005
nomsa_notemplate,2aij,2aij,42,1,0.043,0.024,25.159,23.283
nomsa_notemplate,2aij,2aij,43,1,0.03,0.024,33.638,21.081
nomsa_notemplate,2aq9,2aq9,42,0,0.016,0.0,44.605,13.794
nomsa_notemplate,2aij,2aij,43,2,0.033,0.024,30.631,21.465
nomsa_notemplate,2aq9,2aq9,43,2,0.04,0.0,25.744,10.417
nomsa_notemplate,2aq9,2aq9,42,2,0.025,0.0,35.05,10.287
nomsa_notemplate,2aq9,2aq9,42,4,0.046,0.0,22.566,12.994
nomsa_notemplate,2aij,2aij,44,4,0.021,0.024,45.15,23.462
nomsa_notemplate,2aq9,2aq9,43,0,0.111,0.0,12.501,11.069
nomsa_notemplate,2c3i,2c3i,42,0,0.022,0.0,34.684,16.522
nomsa_notemplate,2aij,2aij,43,0,0.034,0.024,30.044,20.753
nomsa_notemplate,2aij,2aij,43,4,0.053,0.024,21.943,22.816
nomsa_notemplate,2aij,2aij,44,2,0.067,0.024,18.667,22.588
nomsa_notemplate,2aq9,2aq9,44,1,0.059,0.0,19.373,12.255
nomsa_notemplate,2aq9,2aq9,44,0,0.046,0.0,22.485,12.803
nomsa_notemplate,2aq9,2aq9,42,1,0.081,0.0,15.715,11.649
nomsa_notemplate,2aq9,2aq9,43,1,0.016,0.0,43.602,13.187
nomsa_notemplate,2c3i,2c3i,44,2,0.013,0.0,46.188,19.069
nomsa_notemplate,2aq9,2aq9,42,3,0.032,0.0,27.944,14.268
nomsa_notemplate,2aq9,2aq9,43,4,0.059,0.0,19.278,12.058
nomsa_notemplate,2aij,2aij,44,3,0.024,0.024,40.01,20.367
nomsa_notemplate,2aq9,2aq9,43,3,0.03,0.0,30.059,12.169
nomsa_notemplate,2c3i,2c3i,42,2,0.036,0.026,30.21,16.411
nomsa_notemplate,2aq9,2aq9,44,3,0.077,0.0,16.225,11.477
nomsa_notemplate,2c3i,2c3i,42,1,0.098,0.128,19.467,18.609
nomsa_notemplate,2aq9,2aq9,44,4,0.02,0.0,37.877,14.443
nomsa_notemplate,2c3i,2c3i,43,3,0.033,0.0,26.684,16.695
nomsa_notemplate,2c3i,2c3i,42,3,0.063,0.0,18.308,14.026
nomsa_notemplate,2c3i,2c3i,43,0,0.017,0.0,39.91,16.16
nomsa_notemplate,2c3i,2c3i,43,2,0.015,0.0,42.57,19.409
nomsa_notemplate,2c3i,2c3i,42,4,0.065,0.051,21.588,14.266
nomsa_notemplate,2c3i,2c3i,43,1,0.012,0.0,49.432,18.89
nomsa_notemplate,2c3i,2c3i,44,1,0.024,0.0,32.79,16.5
nomsa_notemplate,2c3i,2c3i,43,4,0.035,0.026,30.602,16.935
nomsa_notemplate,2cch,2cch,44,1,0.013,0.0,46.508,18.842
nomsa_notemplate,2cch,2cch,42,0,0.017,0.0,42.274,14.33
nomsa_notemplate,2c3i,2c3i,44,4,0.015,0.0,43.5,17.496
nomsa_notemplate,2cch,2cch,42,3,0.012,0.0,49.229,19.206
nomsa_notemplate,2cch,2cch,44,3,0.083,0.047,17.642,12.217
nomsa_notemplate,2cny,2cny,42,2,0.246,0.24,8.998,8.951
nomsa_notemplate,2cch,2cch,44,0,0.012,0.0,50.308,17.033
nomsa_notemplate,2cch,2cch,42,4,0.019,0.0,38.851,14.12
nomsa_notemplate,2cch,2cch,43,0,0.013,0.0,45.216,20.375
nomsa_notemplate,2cch,2cch,43,4,0.023,0.0,33.33,18.06
nomsa_notemplate,2cch,2cch,42,1,0.233,0.186,8.607,10.893
nomsa_notemplate,2cny,2cny,42,0,0.3,0.292,7.27,8.275
nomsa_notemplate,2c3i,2c3i,44,0,0.016,0.0,40.952,16.975
nomsa_notemplate,2cch,2cch,42,2,0.03,0.0,28.615,15.431
nomsa_notemplate,2cny,2cny,43,3,0.282,0.292,8.148,8.235
nomsa_notemplate,2cny,2cny,43,0,0.256,0.25,8.72,8.537
nomsa_notemplate,2cch,2cch,43,1,0.02,0.0,35.226,19.809
nomsa_notemplate,2cch,2cch,43,3,0.043,0.023,26.41,13.725
nomsa_notemplate,2cch,2cch,44,2,0.02,0.0,36.204,18.287
nomsa_notemplate,2e4h,2e4h,42,0,0.116,0.16,18.672,11.264
nomsa_notemplate,2cch,2cch,43,2,0.031,0.047,41.553,21.385
nomsa_notemplate,2cny,2cny,43,2,0.285,0.281,7.839,8.156
nomsa_notemplate,2cch,2cch,44,4,0.039,0.023,27.862,15.43
nomsa_notemplate,2c3i,2c3i,44,3,0.026,0.0,30.713,16.403
nomsa_notemplate,2cny,2cny,42,3,0.25,0.25,9.083,8.192
nomsa_notemplate,2cny,2cny,42,1,0.224,0.24,10.334,8.83
nomsa_notemplate,2cny,2cny,44,2,0.251,0.25,9.061,8.038
nomsa_notemplate,2cny,2cny,43,1,0.287,0.26,7.422,7.963
nomsa_notemplate,2cny,2cny,44,0,0.228,0.25,10.381,8.053
nomsa_notemplate,2e4h,2e4h,43,0,0.111,0.16,20.115,10.159
nomsa_notemplate,2cny,2cny,42,4,0.225,0.219,9.955,8.067
nomsa_notemplate,2cny,2cny,44,3,0.204,0.219,11.177,8.926
nomsa_notemplate,2cny,2cny,43,4,0.289,0.292,7.816,8.102
nomsa_notemplate,2e4h,2e4h,42,3,0.213,0.28,11.861,10.36
nomsa_notemplate,2cny,2cny,44,1,0.219,0.25,10.889,8.943
nomsa_notemplate,2e4h,2e4h,42,1,0.085,0.04,17.477,9.505
nomsa_notemplate,2cny,2cny,44,4,0.294,0.302,7.717,8.161
nomsa_notemplate,2e4h,2e4h,42,4,0.214,0.24,10.85,9.866
nomsa_notemplate,2e4h,2e4h,43,1,0.076,0.0,17.659,7.327
nomsa_notemplate,2e4h,2e4h,42,2,0.112,0.16,19.973,9.972
nomsa_notemplate,2e4h,2e4h,43,2,0.141,0.12,13.541,10.797
nomsa_notemplate,2e4h,2e4h,43,3,0.081,0.04,18.372,9.319
nomsa_notemplate,2e4h,2e4h,44,3,0.07,0.04,20.076,11.083
nomsa_notemplate,2e4h,2e4h,43,4,0.071,0.04,20.293,9.742
nomsa_notemplate,2e4h,2e4h,44,4,0.086,0.12,22.879,11.121
nomsa_notemplate,2e4h,2e4h,44,0,0.092,0.12,21.289,10.97
nomsa_notemplate,2e4h,2e4h,44,1,0.209,0.28,12.174,10.791
nomsa_notemplate,2e4h,2e4h,44,2,0.095,0.08,17.927,9.931
nomsa_notemplate,2fka,2fka,42,1,0.924,0.952,1.493,0.634
nomsa_notemplate,2fgr,2fgr,42,2,0.119,0.077,15.566,6.589
nomsa_notemplate,2fka,2fka,42,3,0.921,0.952,1.495,0.656
nomsa_notemplate,2fgr,2fgr,42,3,0.093,0.038,17.026,7.205
nomsa_notemplate,2fka,2fka,42,2,0.927,0.952,1.468,0.613
nomsa_notemplate,2fka,2fka,43,1,0.956,1.0,1.25,0.527
nomsa_notemplate,2fka,2fka,42,4,0.914,0.905,1.419,0.593
nomsa_notemplate,2fka,2fka,42,0,0.942,1.0,1.404,0.622
nomsa_notemplate,2fgr,2fgr,42,0,0.119,0.115,17.004,7.176
nomsa_notemplate,2fka,2fka,43,2,0.917,0.952,1.651,0.665
nomsa_notemplate,2fgr,2fgr,42,4,0.115,0.115,17.552,7.321
nomsa_notemplate,2fgr,2fgr,43,2,0.09,0.038,17.523,7.299
nomsa_notemplate,2fgr,2fgr,44,0,0.087,0.038,17.978,7.444
nomsa_notemplate,2hpl,2hpl,42,1,0.043,0.0,25.808,8.49
nomsa_notemplate,2fka,2fka,43,3,0.938,0.952,1.29,0.545
nomsa_notemplate,2fka,2fka,43,0,0.929,0.952,1.411,0.6
nomsa_notemplate,2hpl,2hpl,42,2,0.318,0.087,5.502,3.4
nomsa_notemplate,2fka,2fka,44,1,0.953,1.0,1.186,0.557
nomsa_notemplate,2fka,2fka,44,0,0.936,0.952,1.297,0.557
nomsa_notemplate,2fgr,2fgr,43,1,0.094,0.077,18.83,7.926
nomsa_notemplate,2fka,2fka,43,4,0.956,1.0,1.162,0.536
nomsa_notemplate,2fgr,2fgr,42,1,0.108,0.077,16.865,6.923
nomsa_notemplate,2fgr,2fgr,43,0,0.107,0.077,16.947,7.052
nomsa_notemplate,2fka,2fka,44,4,0.947,1.0,1.394,0.59
nomsa_notemplate,2fgr,2fgr,44,2,0.093,0.038,17.156,7.075
nomsa_notemplate,2hpl,2hpl,42,0,0.115,0.087,17.341,5.709
nomsa_notemplate,2fgr,2fgr,43,3,0.091,0.038,17.34,7.21
nomsa_notemplate,2fgr,2fgr,44,4,0.09,0.038,17.507,7.243
nomsa_notemplate,2fgr,2fgr,44,1,0.093,0.038,17.118,7.096
nomsa_notemplate,2fka,2fka,44,3,0.931,0.952,1.359,0.587
nomsa_notemplate,2hpl,2hpl,43,3,0.267,0.217,9.407,3.796
nomsa_notemplate,2fka,2fka,44,2,0.926,0.952,1.442,0.623
nomsa_notemplate,2fgr,2fgr,43,4,0.096,0.077,18.394,7.832
nomsa_notemplate,2hpl,2hpl,42,3,0.169,0.217,16.159,5.361
nomsa_notemplate,2hpl,2hpl,42,4,0.202,0.087,9.831,4.768
nomsa_notemplate,2hpl,2hpl,43,4,0.284,0.087,6.871,3.433
nomsa_notemplate,2fgr,2fgr,44,3,0.084,0.038,18.359,7.643
nomsa_notemplate,2hpl,2hpl,43,2,0.32,0.174,6.333,3.655
nomsa_notemplate,2hpl,2hpl,43,1,0.326,0.348,8.947,3.509
nomsa_notemplate,2hpl,2hpl,43,0,0.178,0.13,12.575,4.758
nomsa_notemplate,2hpl,2hpl,44,1,0.239,0.304,12.693,4.46
nomsa_notemplate,2hpl,2hpl,44,0,0.256,0.087,7.372,4.234
nomsa_notemplate,2ht9,2ht9,43,2,0.035,0.0,28.269,10.185
nomsa_notemplate,2hpl,2hpl,44,2,0.2,0.217,13.332,4.688
nomsa_notemplate,2hpl,2hpl,44,4,0.276,0.043,6.475,3.563
nomsa_notemplate,2hpl,2hpl,44,3,0.191,0.174,12.649,4.785
nomsa_notemplate,2ht9,2ht9,42,4,0.038,0.0,26.954,9.7
nomsa_notemplate,2ht9,2ht9,43,0,0.109,0.091,17.383,7.017
nomsa_notemplate,2ht9,2ht9,42,0,0.033,0.0,28.935,10.643
nomsa_notemplate,2ht9,2ht9,42,1,0.193,0.364,18.136,7.724
nomsa_notemplate,2ht9,2ht9,42,3,0.038,0.0,27.235,9.403
nomsa_notemplate,2ht9,2ht9,43,3,0.047,0.0,25.149,7.626
nomsa_notemplate,2ht9,2ht9,44,3,0.051,0.0,23.99,7.167
nomsa_notemplate,2ht9,2ht9,44,2,0.061,0.0,20.773,7.261
nomsa_notemplate,2ht9,2ht9,44,1,0.043,0.0,25.473,8.638
nomsa_notemplate,2ht9,2ht9,43,1,0.038,0.0,26.846,9.55
nomsa_notemplate,2ht9,2ht9,43,4,0.037,0.0,27.82,9.043
nomsa_notemplate,2ht9,2ht9,44,4,0.047,0.0,24.861,7.587
nomsa_notemplate,2ht9,2ht9,42,2,0.034,0.0,28.681,9.851
nomsa_notemplate,2i94,2i94,43,1,0.15,0.043,10.67,10.72
nomsa_notemplate,2i94,2i94,44,0,0.134,0.064,12.691,8.846
nomsa_notemplate,2i94,2i94,43,0,0.071,0.085,24.399,10.46
nomsa_notemplate,2ht9,2ht9,44,0,0.052,0.0,23.545,7.276
nomsa_notemplate,2i94,2i94,44,2,0.134,0.043,11.882,10.024
nomsa_notemplate,2i94,2i94,42,1,0.156,0.043,10.344,9.669
nomsa_notemplate,2i94,2i94,44,3,0.044,0.021,26.58,10.729
nomsa_notemplate,2i94,2i94,42,4,0.139,0.064,12.013,10.343
nomsa_notemplate,2i94,2i94,44,1,0.129,0.064,13.077,8.919
nomsa_notemplate,2i94,2i94,43,2,0.069,0.043,20.852,9.686
nomsa_notemplate,2i94,2i94,42,2,0.086,0.043,17.1,10.892
nomsa_notemplate,2i94,2i94,43,3,0.131,0.043,12.249,9.549
nomsa_notemplate,2i94,2i94,42,0,0.141,0.064,11.847,11.005
nomsa_notemplate,2i94,2i94,44,4,0.124,0.043,12.721,10.357
nomsa_notemplate,2ivz,2ivz,42,3,0.337,0.463,10.262,3.695
nomsa_notemplate,2ivz,2ivz,42,1,0.368,0.519,9.55,3.684
nomsa_notemplate,2i94,2i94,43,4,0.11,0.021,13.43,9.942
nomsa_notemplate,2ivz,2ivz,43,3,0.486,0.685,8.279,2.529
nomsa_notemplate,2i94,2i94,42,3,0.097,0.085,17.544,11.397
nomsa_notemplate,2ivz,2ivz,43,2,0.343,0.5,10.537,3.817
nomsa_notemplate,2ivz,2ivz,44,4,0.326,0.444,10.554,3.698
nomsa_notemplate,2jkg,2jkg,44,0,0.022,0.0,37.758,11.552
nomsa_notemplate,2jkg,2jkg,44,4,0.068,0.0,17.505,12.969
nomsa_notemplate,2ivz,2ivz,42,0,0.264,0.296,11.029,4.024
nomsa_notemplate,2jkg,2jkg,42,0,0.132,0.235,20.388,13.477
nomsa_notemplate,2jkg,2jkg,44,3,0.112,0.235,28.297,11.24
nomsa_notemplate,2jkg,2jkg,42,4,0.019,0.0,39.045,14.209
nomsa_notemplate,2ivz,2ivz,42,2,0.354,0.481,9.713,3.632
nomsa_notemplate,2ivz,2ivz,43,0,0.332,0.481,10.884,3.788
nomsa_notemplate,2ivz,2ivz,43,1,0.321,0.426,10.558,3.68
nomsa_notemplate,2jnw,2jnw,44,3,0.035,0.0,27.071,12.0
nomsa_notemplate,2jkg,2jkg,42,1,0.125,0.294,32.046,11.795
nomsa_notemplate,2ivz,2ivz,42,4,0.345,0.481,10.163,3.672
nomsa_notemplate,2jkg,2jkg,43,0,0.19,0.412,21.395,9.926
nomsa_notemplate,2jkg,2jkg,42,2,0.099,0.118,19.189,12.274
nomsa_notemplate,2jkg,2jkg,43,1,0.093,0.176,28.541,10.373
nomsa_notemplate,2jkg,2jkg,44,1,0.128,0.0,11.112,11.676
nomsa_notemplate,2jkg,2jkg,42,3,0.228,0.529,21.458,10.875
nomsa_notemplate,2jkg,2jkg,44,2,0.058,0.0,19.359,13.923
nomsa_notemplate,2ivz,2ivz,44,2,0.329,0.444,10.395,3.684
nomsa_notemplate,2jkg,2jkg,43,2,0.094,0.0,14.027,12.935
nomsa_notemplate,2jnw,2jnw,42,1,0.053,0.053,26.858,12.095
nomsa_notemplate,2jqk,2jqk,42,0,0.792,0.875,2.732,1.235
nomsa_notemplate,2ivz,2ivz,43,4,0.423,0.667,10.181,3.089
nomsa_notemplate,2jnw,2jnw,42,0,0.038,0.0,25.582,12.692
nomsa_notemplate,2jnw,2jnw,42,2,0.037,0.0,26.147,11.559
nomsa_notemplate,2jnw,2jnw,42,3,0.035,0.0,27.384,11.743
nomsa_notemplate,2ivz,2ivz,44,3,0.295,0.463,12.206,4.613
nomsa_notemplate,2jkg,2jkg,43,3,0.173,0.412,26.198,13.508
nomsa_notemplate,2jkg,2jkg,43,4,0.025,0.0,33.242,12.399
nomsa_notemplate,2jnw,2jnw,43,4,0.035,0.0,27.246,11.215
nomsa_notemplate,2ivz,2ivz,44,1,0.343,0.463,9.88,3.69
nomsa_notemplate,2ivz,2ivz,44,0,0.2,0.315,15.861,5.787
nomsa_notemplate,2jnw,2jnw,42,4,0.037,0.0,26.679,11.007
nomsa_notemplate,2jnw,2jnw,44,2,0.037,0.0,26.454,11.071
nomsa_notemplate,2jnw,2jnw,43,0,0.036,0.0,26.847,11.005
nomsa_notemplate,2jnw,2jnw,43,3,0.036,0.0,26.766,11.287
nomsa_notemplate,2jqk,2jqk,42,1,0.806,0.833,2.326,1.088
nomsa_notemplate,2jnw,2jnw,43,1,0.037,0.0,26.464,11.662
nomsa_notemplate,2jnw,2jnw,44,4,0.035,0.0,26.766,12.223
nomsa_notemplate,2jnw,2jnw,43,2,0.151,0.158,14.372,7.681
nomsa_notemplate,2jnw,2jnw,44,1,0.034,0.0,27.386,12.307
nomsa_notemplate,2jqk,2jqk,42,2,0.817,0.833,2.162,1.036
nomsa_notemplate,2jqk,2jqk,42,4,0.774,0.792,2.641,1.18
nomsa_notemplate,2jnw,2jnw,44,0,0.038,0.0,26.05,11.627
nomsa_notemplate,2jqk,2jqk,42,3,0.793,0.792,2.316,1.086
nomsa_notemplate,2jqk,2jqk,43,2,0.778,0.875,2.861,1.331
nomsa_notemplate,2jqk,2jqk,43,0,0.789,0.917,2.877,1.347
nomsa_notemplate,2jqk,2jqk,43,3,0.794,0.833,2.453,1.159
nomsa_notemplate,2jqk,2jqk,43,1,0.741,0.792,2.971,1.382
nomsa_notemplate,2jqk,2jqk,43,4,0.804,0.833,2.421,1.093
nomsa_notemplate,2jqk,2jqk,44,1,0.8,0.875,2.636,1.194
nomsa_notemplate,2jqk,2jqk,44,0,0.757,0.792,2.805,1.279
nomsa_notemplate,2jqk,2jqk,44,2,0.765,0.75,2.54,1.158
nomsa_notemplate,2jqk,2jqk,44,3,0.785,0.833,2.59,1.21
nomsa_notemplate,2jqk,2jqk,44,4,0.782,0.833,2.665,1.219
nomsa_notemplate,2ka9,2ka9,44,4,0.011,0.0,54.101,16.542
nomsa_notemplate,2kbr,2kbr,43,4,0.726,0.757,2.725,1.455
nomsa_notemplate,2kbr,2kbr,43,1,0.743,0.784,2.5,1.423
nomsa_notemplate,2kbr,2kbr,43,3,0.787,0.838,2.177,1.264
nomsa_notemplate,2ka9,2ka9,42,0,0.012,0.0,53.266,14.11
nomsa_notemplate,2kbr,2kbr,43,2,0.738,0.622,2.146,1.097
nomsa_notemplate,2ka9,2ka9,43,4,0.014,0.0,46.745,16.147
nomsa_notemplate,2kbr,2kbr,42,0,0.751,0.784,2.459,1.365
nomsa_notemplate,2ka9,2ka9,44,2,0.013,0.0,48.669,15.502
nomsa_notemplate,2kbr,2kbr,43,0,0.704,0.703,2.805,1.477
nomsa_notemplate,2ke1,2ke1,42,0,0.087,0.06,18.049,10.894
nomsa_notemplate,2ka9,2ka9,44,1,0.013,0.0,48.935,15.138
nomsa_notemplate,2ka9,2ka9,43,1,0.012,0.0,52.297,15.275
nomsa_notemplate,2ka9,2ka9,43,2,0.018,0.0,41.836,13.077
nomsa_notemplate,2kbr,2kbr,42,1,0.739,0.676,2.115,1.226
nomsa_notemplate,2ka9,2ka9,44,3,0.015,0.0,46.128,13.76
nomsa_notemplate,2kbr,2kbr,42,2,0.769,0.757,2.01,1.218
nomsa_notemplate,2kbr,2kbr,44,0,0.769,0.784,2.187,1.263
nomsa_notemplate,2kbr,2kbr,44,2,0.787,0.784,1.939,1.157
nomsa_notemplate,2ka9,2ka9,42,1,0.016,0.0,45.328,12.985
nomsa_notemplate,2ka9,2ka9,42,4,0.012,0.0,50.079,15.729
nomsa_notemplate,2ka9,2ka9,43,0,0.016,0.0,43.021,15.261
nomsa_notemplate,2kbr,2kbr,42,4,0.742,0.73,2.311,1.319
nomsa_notemplate,2kbr,2kbr,44,1,0.725,0.757,2.513,1.501
nomsa_notemplate,2ka9,2ka9,42,3,0.014,0.0,47.582,14.13
nomsa_notemplate,2kbr,2kbr,42,3,0.782,0.784,1.966,1.195
nomsa_notemplate,2ka9,2ka9,44,0,0.011,0.0,54.197,15.625
nomsa_notemplate,2ka9,2ka9,43,3,0.014,0.0,48.004,13.385
nomsa_notemplate,2ka9,2ka9,42,2,0.016,0.0,43.881,14.581
nomsa_notemplate,2ke1,2ke1,42,2,0.057,0.02,21.916,10.297
nomsa_notemplate,2kbr,2kbr,44,3,0.707,0.676,2.243,1.469
nomsa_notemplate,2kbr,2kbr,44,4,0.788,0.784,1.908,1.151
nomsa_notemplate,2ke1,2ke1,42,4,0.064,0.02,20.305,9.619
nomsa_notemplate,2ke1,2ke1,42,3,0.121,0.08,14.352,9.471
nomsa_notemplate,2ke1,2ke1,43,0,0.083,0.0,15.837,9.561
nomsa_notemplate,2ke1,2ke1,42,1,0.051,0.0,21.285,12.215
nomsa_notemplate,2ke1,2ke1,43,2,0.047,0.02,24.839,12.142
nomsa_notemplate,2ke1,2ke1,43,1,0.154,0.04,10.535,9.11
nomsa_notemplate,2ke1,2ke1,43,3,0.05,0.02,23.718,11.185
nomsa_notemplate,2khh,2khh,44,0,0.071,0.034,19.492,10.874
nomsa_notemplate,2khh,2khh,42,4,0.103,0.103,17.785,10.23
nomsa_notemplate,2ke1,2ke1,43,4,0.095,0.02,14.971,10.265
nomsa_notemplate,2khh,2khh,42,1,0.1,0.103,19.357,7.962
nomsa_notemplate,2khh,2khh,42,2,0.083,0.034,17.382,9.931
nomsa_notemplate,2khh,2khh,43,4,0.084,0.069,19.184,10.429
nomsa_notemplate,2khh,2khh,42,3,0.126,0.138,16.481,8.746
nomsa_notemplate,2khh,2khh,42,0,0.14,0.138,14.487,9.054
nomsa_notemplate,2ke1,2ke1,44,3,0.102,0.12,19.023,10.858
nomsa_notemplate,2khh,2khh,43,1,0.141,0.138,14.643,8.041
nomsa_notemplate,2ke1,2ke1,44,2,0.035,0.0,26.661,13.219
nomsa_notemplate,2khh,2khh,44,2,0.094,0.034,16.272,8.209
nomsa_notemplate,2ke1,2ke1,44,1,0.07,0.04,20.047,10.875
nomsa_notemplate,2khh,2khh,43,0,0.082,0.034,17.992,8.764
nomsa_notemplate,2khh,2khh,44,1,0.125,0.103,15.13,8.356
nomsa_notemplate,2koh,2koh,42,2,0.176,0.405,24.609,11.874
nomsa_notemplate,2khh,2khh,43,3,0.072,0.034,20.469,8.058
nomsa_notemplate,2khh,2khh,43,2,0.117,0.172,19.74,10.177
nomsa_notemplate,2koh,2koh,42,3,0.264,0.405,11.558,7.93
nomsa_notemplate,2ke1,2ke1,44,4,0.082,0.04,17.734,11.105
nomsa_notemplate,2koh,2koh,44,1,0.024,0.0,33.301,13.923
nomsa_notemplate,2ke1,2ke1,44,0,0.087,0.06,17.867,11.369
nomsa_notemplate,2khh,2khh,44,4,0.119,0.103,15.953,8.215
nomsa_notemplate,2koh,2koh,44,0,0.189,0.432,23.556,10.33
nomsa_notemplate,2koh,2koh,43,2,0.173,0.378,22.825,10.425
nomsa_notemplate,2koh,2koh,42,0,0.221,0.378,14.615,8.336
nomsa_notemplate,2khh,2khh,44,3,0.132,0.138,15.695,8.41
nomsa_notemplate,2koh,2koh,44,2,0.132,0.297,28.291,11.75
nomsa_notemplate,2koh,2koh,42,1,0.213,0.432,18.195,9.005
nomsa_notemplate,2koh,2koh,43,4,0.264,0.378,10.733,8.661
nomsa_notemplate,2koh,2koh,44,4,0.145,0.297,23.41,10.305
nomsa_notemplate,2koh,2koh,43,3,0.188,0.432,23.899,11.102
nomsa_notemplate,2koh,2koh,42,4,0.159,0.297,19.588,10.145
nomsa_notemplate,2koh,2koh,43,0,0.137,0.27,23.415,9.689
nomsa_notemplate,2koh,2koh,44,3,0.149,0.324,24.985,10.808
nomsa_notemplate,2koh,2koh,43,1,0.196,0.432,20.804,13.168
nomsa_notemplate,2las,2las,42,1,0.047,0.0,23.141,9.799
nomsa_notemplate,2las,2las,42,0,0.045,0.0,23.895,9.72
nomsa_notemplate,2las,2las,42,2,0.05,0.0,22.14,10.074
nomsa_notemplate,2las,2las,42,3,0.043,0.0,24.209,10.509
nomsa_notemplate,2las,2las,43,1,0.056,0.0,20.467,9.942
nomsa_notemplate,2las,2las,43,2,0.06,0.0,19.563,10.085
nomsa_notemplate,2lsi,2lsi,42,1,0.062,0.057,24.297,10.877
nomsa_notemplate,2lsi,2lsi,42,3,0.061,0.057,24.407,10.786
nomsa_notemplate,2las,2las,43,4,0.065,0.0,18.534,10.173
nomsa_notemplate,2las,2las,43,0,0.049,0.0,22.596,10.089
nomsa_notemplate,2las,2las,44,3,0.051,0.0,21.922,9.959
nomsa_notemplate,2las,2las,42,4,0.045,0.0,23.931,10.019
nomsa_notemplate,2lsi,2lsi,42,0,0.037,0.0,26.205,11.439
nomsa_notemplate,2las,2las,44,4,0.037,0.0,27.104,10.297
nomsa_notemplate,2las,2las,44,2,0.046,0.0,23.388,9.868
nomsa_notemplate,2las,2las,43,3,0.044,0.0,23.931,10.48
nomsa_notemplate,2lsi,2lsi,42,4,0.073,0.086,23.634,10.627
nomsa_notemplate,2las,2las,44,0,0.05,0.0,22.098,10.242
nomsa_notemplate,2las,2las,44,1,0.04,0.0,25.802,9.945
nomsa_notemplate,2m0v,2m0v,42,0,0.008,0.0,63.046,21.575
nomsa_notemplate,2lsi,2lsi,43,0,0.076,0.086,22.597,10.58
nomsa_notemplate,2lsi,2lsi,44,4,0.074,0.086,23.491,10.689
nomsa_notemplate,2lsi,2lsi,44,2,0.071,0.086,24.05,11.379
nomsa_notemplate,2lsi,2lsi,43,1,0.07,0.086,24.689,10.951
nomsa_notemplate,2lsi,2lsi,44,3,0.067,0.086,25.754,11.485
nomsa_notemplate,2lsi,2lsi,44,1,0.061,0.057,24.37,11.194
nomsa_notemplate,2lsi,2lsi,43,3,0.071,0.086,24.116,11.2
nomsa_notemplate,2lsi,2lsi,44,0,0.071,0.086,24.184,11.152
nomsa_notemplate,2m0v,2m0v,43,1,0.011,0.0,51.255,19.416
nomsa_notemplate,2lsi,2lsi,43,4,0.072,0.086,23.682,11.239
nomsa_notemplate,2lsi,2lsi,43,2,0.075,0.086,22.929,10.879
nomsa_notemplate,2lsi,2lsi,42,2,0.075,0.086,23.148,10.665
nomsa_notemplate,2m0v,2m0v,43,0,0.004,0.0,92.912,26.819
nomsa_notemplate,2m0v,2m0v,42,3,0.01,0.0,54.998,18.873
nomsa_notemplate,2m0v,2m0v,42,1,0.005,0.0,82.093,24.222
nomsa_notemplate,2m0v,2m0v,42,2,0.007,0.0,69.36,21.173
nomsa_notemplate,2m0v,2m0v,43,4,0.012,0.0,50.02,18.625
nomsa_notemplate,2m0v,2m0v,44,0,0.007,0.0,67.709,20.224
nomsa_notemplate,2m0v,2m0v,42,4,0.007,0.0,65.3,20.849
nomsa_notemplate,2m0v,2m0v,43,2,0.01,0.0,54.28,19.705
nomsa_notemplate,2m0v,2m0v,44,4,0.006,0.0,72.794,21.842
nomsa_notemplate,2m0v,2m0v,43,3,0.006,0.0,72.13,22.61
nomsa_notemplate,2m0v,2m0v,44,2,0.014,0.0,45.815,17.2
nomsa_notemplate,2m0v,2m0v,44,3,0.014,0.0,45.308,17.837
nomsa_notemplate,2m0v,2m0v,44,1,0.007,0.0,68.761,21.884
nomsa_notemplate,2o9v,2o9v,42,1,0.968,0.96,0.61,0.342
nomsa_notemplate,2o9v,2o9v,42,0,0.961,0.96,0.897,0.401
nomsa_notemplate,2nnu,2nnu,43,2,0.069,0.111,28.354,12.93
nomsa_notemplate,2o9v,2o9v,44,1,0.972,0.96,0.504,0.305
nomsa_notemplate,2nnu,2nnu,42,3,0.067,0.111,30.131,12.122
nomsa_notemplate,2nnu,2nnu,43,3,0.035,0.0,27.209,11.681
nomsa_notemplate,2o9v,2o9v,43,0,0.966,0.96,0.674,0.366
nomsa_notemplate,2nnu,2nnu,42,0,0.11,0.167,19.861,16.146
nomsa_notemplate,2o9v,2o9v,44,2,0.985,1.0,0.494,0.31
nomsa_notemplate,2o9v,2o9v,44,4,0.971,0.96,0.603,0.315
nomsa_notemplate,2o9v,2o9v,43,3,0.97,0.96,0.604,0.33
nomsa_notemplate,2o9v,2o9v,42,3,0.963,0.96,0.709,0.391
nomsa_notemplate,2nnu,2nnu,43,1,0.029,0.0,30.065,13.005
nomsa_notemplate,2nnu,2nnu,42,4,0.117,0.083,14.484,13.105
nomsa_notemplate,2o9v,2o9v,44,0,0.988,1.0,0.412,0.277
nomsa_notemplate,2nnu,2nnu,42,1,0.077,0.139,29.227,12.051
nomsa_notemplate,2o9v,2o9v,43,1,0.97,0.96,0.597,0.321
nomsa_notemplate,2o9v,2o9v,42,2,0.974,0.96,0.45,0.289
nomsa_notemplate,2nnu,2nnu,44,3,0.061,0.056,23.686,12.349
nomsa_notemplate,2o9v,2o9v,43,2,0.972,0.96,0.645,0.304
nomsa_notemplate,2o9v,2o9v,44,3,0.96,0.92,0.456,0.295
nomsa_notemplate,2nnu,2nnu,42,2,0.12,0.056,13.334,11.941
nomsa_notemplate,2o9v,2o9v,43,4,0.967,0.96,0.689,0.354
nomsa_notemplate,2nnu,2nnu,44,4,0.013,0.0,46.733,16.847
nomsa_notemplate,2o9v,2o9v,42,4,0.972,0.96,0.451,0.31
nomsa_notemplate,2nnu,2nnu,44,2,0.06,0.083,27.887,14.3
nomsa_notemplate,2nnu,2nnu,44,0,0.027,0.0,31.259,14.187
nomsa_notemplate,2nnu,2nnu,43,0,0.026,0.028,42.174,13.72
nomsa_notemplate,2nnu,2nnu,43,4,0.081,0.028,17.109,11.089
nomsa_notemplate,2p1o,2p1o,44,2,0.134,0.156,16.801,7.141
nomsa_notemplate,2qos,2qos,44,1,0.058,0.0,19.349,13.783
nomsa_notemplate,2nnu,2nnu,44,1,0.125,0.056,13.009,10.623
nomsa_notemplate,2p1o,2p1o,44,1,0.265,0.267,9.048,6.022
nomsa_notemplate,2p1o,2p1o,44,0,0.191,0.156,11.184,6.375
nomsa_notemplate,2qos,2qos,42,2,0.059,0.019,20.487,14.113
nomsa_notemplate,2qos,2qos,44,3,0.079,0.057,19.199,12.016
nomsa_notemplate,2qos,2qos,44,4,0.045,0.0,22.743,13.87
nomsa_notemplate,2p1o,2p1o,42,2,0.11,0.156,19.984,10.285
nomsa_notemplate,2qos,2qos,43,4,0.086,0.0,14.909,12.726
nomsa_notemplate,2qos,2qos,44,0,0.117,0.113,15.896,11.726
nomsa_notemplate,2qos,2qos,42,0,0.101,0.075,16.025,15.414
nomsa_notemplate,2p1o,2p1o,42,1,0.077,0.111,25.473,11.008
nomsa_notemplate,2qos,2qos,43,1,0.087,0.038,16.396,13.156
nomsa_notemplate,2qos,2qos,42,1,0.052,0.0,20.647,13.608
nomsa_notemplate,2qos,2qos,43,3,0.041,0.0,23.819,14.349
nomsa_notemplate,2qos,2qos,42,4,0.092,0.019,15.046,12.704
nomsa_notemplate,2qos,2qos,42,3,0.074,0.019,17.298,15.033
nomsa_notemplate,2qos,2qos,43,2,0.073,0.0,16.72,13.272
nomsa_notemplate,2p1o,2p1o,42,4,0.105,0.089,17.492,8.023
nomsa_notemplate,2p1o,2p1o,42,0,0.084,0.0,16.248,7.616
nomsa_notemplate,2qos,2qos,43,0,0.066,0.057,22.136,13.184
nomsa_notemplate,2qos,2qos,44,2,0.06,0.0,18.928,13.763
nomsa_notemplate,2p1o,2p1o,42,3,0.14,0.156,15.84,7.392
nomsa_notemplate,2rol,2rol,42,0,0.519,0.469,3.788,2.575
nomsa_notemplate,2p1o,2p1o,43,0,0.118,0.133,17.403,8.982
nomsa_notemplate,2p1o,2p1o,43,4,0.162,0.111,12.351,6.223
nomsa_notemplate,2rol,2rol,42,3,0.681,0.75,2.257,2.0
nomsa_notemplate,2p1o,2p1o,43,3,0.308,0.289,7.513,5.302
nomsa_notemplate,2p1o,2p1o,43,1,0.181,0.067,9.926,6.391
nomsa_notemplate,2r7g,2r7g,42,0,0.032,0.0,28.1,13.239
nomsa_notemplate,2p1o,2p1o,43,2,0.135,0.111,14.994,6.407
nomsa_notemplate,2r7g,2r7g,42,2,0.017,0.0,41.277,15.229
nomsa_notemplate,2rol,2rol,42,1,0.547,0.562,4.112,2.473
nomsa_notemplate,2rol,2rol,42,2,0.641,0.719,2.936,2.239
nomsa_notemplate,2r7g,2r7g,43,0,0.009,0.0,55.641,20.192
nomsa_notemplate,2r7g,2r7g,43,4,0.016,0.0,42.453,16.644
nomsa_notemplate,2r7g,2r7g,44,1,0.036,0.0,26.089,13.851
nomsa_notemplate,2r7g,2r7g,43,1,0.026,0.0,31.537,15.001
nomsa_notemplate,2rol,2rol,43,1,0.604,0.625,3.336,2.178
nomsa_notemplate,2r7g,2r7g,43,3,0.022,0.0,35.321,14.708
nomsa_notemplate,2r7g,2r7g,42,1,0.025,0.0,31.907,16.539
nomsa_notemplate,2r7g,2r7g,42,4,0.021,0.0,34.997,17.297
nomsa_notemplate,2rol,2rol,43,0,0.401,0.5,7.575,3.64
nomsa_notemplate,2rol,2rol,42,4,0.692,0.75,1.994,1.92
nomsa_notemplate,2r7g,2r7g,44,3,0.065,0.0,17.906,14.003
nomsa_notemplate,2p1o,2p1o,44,3,0.205,0.267,12.84,6.915
nomsa_notemplate,2r7g,2r7g,43,2,0.024,0.0,33.437,14.824
nomsa_notemplate,2r7g,2r7g,44,0,0.017,0.0,40.064,15.748
nomsa_notemplate,2rol,2rol,43,3,0.515,0.531,4.996,2.468
nomsa_notemplate,2rol,2rol,44,0,0.47,0.562,6.184,3.048
nomsa_notemplate,2rol,2rol,43,2,0.556,0.625,4.187,2.678
nomsa_notemplate,2rol,2rol,44,1,0.528,0.594,4.556,2.891
nomsa_notemplate,2rol,2rol,44,2,0.424,0.406,5.795,3.155
nomsa_notemplate,2rol,2rol,43,4,0.582,0.719,4.443,2.649
nomsa_notemplate,2p1o,2p1o,44,4,0.124,0.156,17.989,8.132
nomsa_notemplate,2r7g,2r7g,42,3,0.056,0.0,20.123,11.685
nomsa_notemplate,2r7g,2r7g,44,2,0.031,0.0,28.835,13.165
nomsa_notemplate,2rol,2rol,44,3,0.64,0.688,2.719,2.167
nomsa_notemplate,2rol,2rol,44,4,0.565,0.625,3.939,2.624
nomsa_notemplate,2r7g,2r7g,44,4,0.05,0.0,21.559,12.259
nomsa_notemplate,2v8c,2v8c,42,2,0.08,0.029,18.494,7.736
nomsa_notemplate,2v8c,2v8c,42,3,0.056,0.0,21.247,8.548
nomsa_notemplate,2vzg,2vzg,42,0,0.041,0.0,24.008,13.491
nomsa_notemplate,2v8c,2v8c,42,4,0.142,0.029,11.929,5.91
nomsa_notemplate,2v8c,2v8c,42,0,0.065,0.0,19.738,7.423
nomsa_notemplate,2v8c,2v8c,44,2,0.162,0.114,12.771,5.691
nomsa_notemplate,2v8c,2v8c,42,1,0.087,0.086,19.79,10.652
nomsa_notemplate,2v8c,2v8c,43,0,0.087,0.029,17.445,7.37
nomsa_notemplate,2vzg,2vzg,42,3,0.039,0.0,24.824,13.01
nomsa_notemplate,2v8c,2v8c,43,3,0.129,0.086,14.23,7.373
nomsa_notemplate,2v8c,2v8c,43,1,0.094,0.0,15.375,6.75
nomsa_notemplate,2v8c,2v8c,43,2,0.066,0.029,20.379,9.967
nomsa_notemplate,2vzg,2vzg,43,0,0.075,0.107,24.557,14.101
nomsa_notemplate,2v8c,2v8c,44,1,0.131,0.029,12.749,6.121
nomsa_notemplate,2vzg,2vzg,44,2,0.073,0.107,26.216,11.839
nomsa_notemplate,2vzg,2vzg,42,2,0.163,0.357,24.317,10.016
nomsa_notemplate,2v8c,2v8c,44,3,0.134,0.086,14.291,6.193
nomsa_notemplate,2v8c,2v8c,43,4,0.044,0.029,28.458,9.963
nomsa_notemplate,2vzg,2vzg,42,4,0.118,0.071,14.228,10.887
nomsa_notemplate,2xcb,2xcb,43,0,0.944,0.914,0.95,0.41
nomsa_notemplate,2vzg,2vzg,43,2,0.092,0.0,14.841,8.728
nomsa_notemplate,2xcb,2xcb,42,2,0.946,0.914,0.955,0.387
nomsa_notemplate,2xcb,2xcb,42,0,0.939,0.886,0.948,0.368
nomsa_notemplate,2xcb,2xcb,42,3,0.941,0.914,1.01,0.435
nomsa_notemplate,2xcb,2xcb,42,4,0.944,0.914,0.973,0.412
nomsa_notemplate,2vzg,2vzg,42,1,0.425,0.357,3.73,5.131
nomsa_notemplate,2v8c,2v8c,44,0,0.063,0.0,18.741,10.874
nomsa_notemplate,2v8c,2v8c,44,4,0.063,0.0,19.875,7.835
nomsa_notemplate,2vzg,2vzg,44,4,0.129,0.143,15.989,9.916
nomsa_notemplate,2vzg,2vzg,43,3,0.12,0.071,14.108,10.039
nomsa_notemplate,2vzg,2vzg,44,1,0.037,0.0,26.719,11.154
nomsa_notemplate,2xcb,2xcb,42,1,0.936,0.886,0.992,0.394
nomsa_notemplate,2vzg,2vzg,43,4,0.083,0.036,17.018,12.948
nomsa_notemplate,2vzg,2vzg,43,1,0.059,0.071,26.393,14.446
nomsa_notemplate,2vzg,2vzg,44,0,0.041,0.0,24.085,13.146
nomsa_notemplate,2vzg,2vzg,44,3,0.059,0.107,33.65,14.859
nomsa_notemplate,2xcb,2xcb,43,3,0.948,0.914,0.946,0.377
nomsa_notemplate,2xcb,2xcb,43,2,0.937,0.886,0.972,0.383
nomsa_notemplate,2xcb,2xcb,43,1,0.927,0.857,0.981,0.385
nomsa_notemplate,2xcb,2xcb,43,4,0.947,0.914,0.971,0.381
nomsa_notemplate,2xcb,2xcb,44,2,0.938,0.886,0.973,0.376
nomsa_notemplate,2xcb,2xcb,44,1,0.933,0.886,1.018,0.42
nomsa_notemplate,2xcb,2xcb,44,0,0.951,0.914,0.876,0.35
nomsa_notemplate,2xcb,2xcb,44,3,0.941,0.914,0.993,0.435
nomsa_notemplate,2xpn,2xpn,42,2,0.084,0.043,16.991,15.885
nomsa_notemplate,2xpn,2xpn,42,4,0.069,0.043,19.939,14.556
nomsa_notemplate,2xpn,2xpn,42,3,0.087,0.064,18.202,11.111
nomsa_notemplate,2xpn,2xpn,43,0,0.058,0.064,25.473,14.456
nomsa_notemplate,2xpn,2xpn,42,0,0.062,0.085,27.134,14.211
nomsa_notemplate,2xcb,2xcb,44,4,0.937,0.886,0.983,0.386
nomsa_notemplate,2xpn,2xpn,43,4,0.055,0.043,24.138,13.827
nomsa_notemplate,2xpn,2xpn,44,3,0.08,0.043,17.627,16.889
nomsa_notemplate,2xpn,2xpn,44,0,0.055,0.043,23.729,16.998
nomsa_notemplate,2xpn,2xpn,44,1,0.071,0.064,21.374,13.786
nomsa_notemplate,2xpn,2xpn,42,1,0.051,0.043,25.673,14.186
nomsa_notemplate,2xpn,2xpn,43,1,0.062,0.064,24.222,12.881
nomsa_notemplate,2xpn,2xpn,43,3,0.073,0.064,20.495,15.437
nomsa_notemplate,2xpn,2xpn,44,2,0.083,0.085,19.979,14.771
nomsa_notemplate,2xpn,2xpn,43,2,0.069,0.085,23.746,16.753
nomsa_notemplate,2ymt,2ymt,42,3,0.961,0.935,0.573,0.342
nomsa_notemplate,2xrw,2xrw,43,1,0.014,0.0,45.213,17.525
nomsa_notemplate,2ymt,2ymt,42,4,0.959,0.935,0.598,0.354
nomsa_notemplate,2xrw,2xrw,44,0,0.029,0.0,29.108,15.426
nomsa_notemplate,2xrw,2xrw,42,0,0.054,0.0,20.075,15.02
nomsa_notemplate,2xrw,2xrw,42,1,0.044,0.0,23.207,13.358
nomsa_notemplate,2ymt,2ymt,42,0,0.972,0.968,0.621,0.333
nomsa_notemplate,2xpn,2xpn,44,4,0.088,0.106,20.591,13.882
nomsa_notemplate,2ymt,2ymt,42,1,0.972,0.968,0.675,0.332
nomsa_notemplate,2ymt,2ymt,43,2,0.968,0.968,0.536,0.377
nomsa_notemplate,2ymt,2ymt,42,2,0.972,0.968,0.613,0.336
nomsa_notemplate,2ymt,2ymt,43,1,0.97,0.968,0.536,0.354
nomsa_notemplate,2xrw,2xrw,42,2,0.015,0.0,43.527,15.272
nomsa_notemplate,2xrw,2xrw,43,4,0.038,0.0,25.279,13.485
nomsa_notemplate,2xrw,2xrw,44,3,0.08,0.0,15.794,11.896
nomsa_notemplate,2ymt,2ymt,43,0,0.981,1.0,0.625,0.348
nomsa_notemplate,2xrw,2xrw,43,2,0.011,0.0,51.063,17.568
nomsa_notemplate,2xrw,2xrw,44,2,0.034,0.0,27.457,12.392
nomsa_notemplate,2ymt,2ymt,43,3,0.959,0.935,0.565,0.356
nomsa_notemplate,2xrw,2xrw,43,0,0.016,0.0,41.547,16.645
nomsa_notemplate,3agy,3agy,42,0,0.311,0.7,16.164,12.033
nomsa_notemplate,2xrw,2xrw,42,3,0.032,0.025,32.548,16.278
nomsa_notemplate,2ymt,2ymt,44,4,0.895,0.968,1.449,0.875
nomsa_notemplate,2ymt,2ymt,44,2,0.873,1.0,1.904,1.059
nomsa_notemplate,2xrw,2xrw,42,4,0.034,0.05,41.184,14.082
nomsa_notemplate,2ymt,2ymt,43,4,0.972,0.968,0.526,0.34
nomsa_notemplate,2xrw,2xrw,43,3,0.028,0.0,29.492,16.906
nomsa_notemplate,2ymt,2ymt,44,1,0.881,0.968,1.599,0.961
nomsa_notemplate,2ymt,2ymt,44,3,0.908,1.0,1.396,0.864
nomsa_notemplate,3agy,3agy,42,1,0.284,0.667,18.733,12.153
nomsa_notemplate,2xrw,2xrw,44,1,0.011,0.0,50.337,18.83
nomsa_notemplate,2xrw,2xrw,44,4,0.048,0.025,24.473,13.99
nomsa_notemplate,2ymt,2ymt,44,0,0.894,1.0,1.546,0.953
nomsa_notemplate,3agy,3agy,42,3,0.299,0.7,17.993,11.966
nomsa_notemplate,3agy,3agy,43,3,0.307,0.7,16.577,12.492
nomsa_notemplate,3agy,3agy,42,2,0.294,0.733,21.63,12.679
nomsa_notemplate,3agy,3agy,43,2,0.276,0.7,23.624,13.128
nomsa_notemplate,3agy,3agy,43,0,0.276,0.667,20.523,12.067
nomsa_notemplate,3agy,3agy,44,4,0.305,0.7,17.072,12.172
nomsa_notemplate,3agy,3agy,43,4,0.307,0.733,18.589,12.376
nomsa_notemplate,3bej,3bej,42,0,0.057,0.079,29.06,13.162
nomsa_notemplate,3agy,3agy,42,4,0.298,0.7,18.121,12.534
nomsa_notemplate,3bej,3bej,43,0,0.02,0.0,37.765,14.418
nomsa_notemplate,3agy,3agy,44,1,0.294,0.7,18.979,12.768
nomsa_notemplate,3agy,3agy,43,1,0.259,0.667,26.237,11.474
nomsa_notemplate,3agy,3agy,44,2,0.29,0.7,19.802,12.265
nomsa_notemplate,3agy,3agy,44,0,0.311,0.733,17.956,11.601
nomsa_notemplate,3bej,3bej,42,3,0.025,0.0,32.881,13.528
nomsa_notemplate,3agy,3agy,44,3,0.305,0.7,16.995,11.658
nomsa_notemplate,3bej,3bej,43,4,0.063,0.0,18.557,12.287
nomsa_notemplate,3bej,3bej,42,1,0.023,0.0,34.243,14.308
nomsa_notemplate,3bej,3bej,42,2,0.115,0.158,19.393,8.974
nomsa_notemplate,3bej,3bej,43,1,0.028,0.0,30.713,13.717
nomsa_notemplate,3bej,3bej,43,3,0.055,0.079,30.082,12.993
nomsa_notemplate,3bej,3bej,42,4,0.022,0.0,34.596,14.748
nomsa_notemplate,3bej,3bej,44,2,0.154,0.053,10.658,10.596
nomsa_notemplate,3bej,3bej,44,0,0.024,0.0,33.571,13.591
nomsa_notemplate,3bej,3bej,44,3,0.029,0.0,29.841,13.413
nomsa_notemplate,3bej,3bej,43,2,0.057,0.079,29.041,12.815
nomsa_notemplate,3bqo,3bqo,44,1,0.024,0.0,33.296,13.591
nomsa_notemplate,3bej,3bej,44,1,0.023,0.0,34.592,14.124
nomsa_notemplate,3bej,3bej,44,4,0.023,0.0,34.556,14.325
nomsa_notemplate,3bqo,3bqo,42,0,0.065,0.062,23.32,12.363
nomsa_notemplate,3bqo,3bqo,42,2,0.038,0.016,28.107,12.631
nomsa_notemplate,3bqo,3bqo,44,0,0.035,0.016,29.826,12.548
nomsa_notemplate,3emh,3emh,43,4,0.927,0.867,1.338,0.38
nomsa_notemplate,3bqo,3bqo,42,1,0.038,0.031,30.74,13.459
nomsa_notemplate,3bqo,3bqo,43,2,0.06,0.078,26.94,13.372
nomsa_notemplate,3bqo,3bqo,43,0,0.042,0.016,26.328,11.762
nomsa_notemplate,3bqo,3bqo,43,1,0.04,0.031,29.295,13.845
nomsa_notemplate,3bqo,3bqo,42,4,0.037,0.016,28.426,12.399
nomsa_notemplate,3bqo,3bqo,43,3,0.034,0.0,26.63,14.865
nomsa_notemplate,3bqo,3bqo,43,4,0.045,0.016,24.923,12.473
nomsa_notemplate,3bqo,3bqo,42,3,0.046,0.047,29.185,12.927
nomsa_notemplate,3emh,3emh,43,2,0.963,0.933,0.938,0.28
nomsa_notemplate,3emh,3emh,44,0,0.979,0.967,0.656,0.237
nomsa_notemplate,3emh,3emh,44,1,0.95,0.9,0.958,0.294
nomsa_notemplate,3bqo,3bqo,44,3,0.066,0.078,25.225,11.467
nomsa_notemplate,3emh,3emh,43,1,0.923,0.9,1.747,0.471
nomsa_notemplate,3emh,3emh,42,0,0.885,0.833,2.074,0.556
nomsa_notemplate,3bqo,3bqo,44,2,0.089,0.094,20.784,8.739
nomsa_notemplate,3bqo,3bqo,44,4,0.04,0.047,33.151,13.48
nomsa_notemplate,3emh,3emh,42,2,0.947,0.867,0.52,0.231
nomsa_notemplate,3emh,3emh,44,2,0.949,0.867,0.361,0.202
nomsa_notemplate,3emh,3emh,42,3,0.891,0.833,1.924,0.529
nomsa_notemplate,3emw,3emw,42,4,0.023,0.0,34.341,13.743
nomsa_notemplate,3emh,3emh,42,4,0.981,0.967,0.542,0.205
nomsa_notemplate,3emh,3emh,42,1,0.957,0.9,0.589,0.232
nomsa_notemplate,3emh,3emh,43,3,0.975,0.967,0.874,0.263
nomsa_notemplate,3emh,3emh,43,0,0.971,0.933,0.48,0.192
nomsa_notemplate,3emh,3emh,44,3,0.965,0.933,0.763,0.267
nomsa_notemplate,3emw,3emw,44,0,0.054,0.03,23.336,12.606
nomsa_notemplate,3emw,3emw,43,2,0.07,0.03,19.269,11.832
nomsa_notemplate,3emh,3emh,44,4,0.964,0.933,0.816,0.275
nomsa_notemplate,3emw,3emw,42,1,0.106,0.03,13.976,10.846
nomsa_notemplate,3emw,3emw,42,3,0.075,0.091,22.656,13.658
nomsa_notemplate,3emw,3emw,42,0,0.115,0.061,14.064,11.273
nomsa_notemplate,3emw,3emw,43,0,0.078,0.061,19.626,11.68
nomsa_notemplate,3emw,3emw,43,4,0.099,0.0,13.666,11.452
nomsa_notemplate,3et3,3et3,42,2,0.025,0.0,31.17,18.435
nomsa_notemplate,3et3,3et3,43,1,0.023,0.0,32.849,19.885
nomsa_notemplate,3emw,3emw,43,3,0.059,0.03,21.871,12.161
nomsa_notemplate,3emw,3emw,44,2,0.036,0.0,26.367,13.407
nomsa_notemplate,3emw,3emw,44,3,0.028,0.0,30.756,13.844
nomsa_notemplate,3emw,3emw,42,2,0.098,0.0,13.677,11.574
nomsa_notemplate,3emw,3emw,44,1,0.035,0.0,26.564,13.112
nomsa_notemplate,3emw,3emw,43,1,0.067,0.0,17.903,11.743
nomsa_notemplate,3et3,3et3,42,3,0.109,0.0,12.481,14.739
nomsa_notemplate,3emw,3emw,44,4,0.038,0.0,25.47,12.514
nomsa_notemplate,3et3,3et3,42,1,0.014,0.0,43.441,21.315
nomsa_notemplate,3et3,3et3,43,0,0.041,0.0,23.558,15.89
nomsa_notemplate,3et3,3et3,43,3,0.035,0.064,43.342,19.953
nomsa_notemplate,3et3,3et3,42,0,0.046,0.085,38.992,17.291
nomsa_notemplate,3et3,3et3,43,4,0.013,0.0,45.875,20.462
nomsa_notemplate,3et3,3et3,42,4,0.055,0.085,29.601,21.359
nomsa_notemplate,3et3,3et3,43,2,0.058,0.0,19.075,16.704
nomsa_notemplate,3et3,3et3,44,0,0.024,0.0,31.873,18.607
nomsa_notemplate,3et3,3et3,44,2,0.045,0.0,21.802,23.837
nomsa_notemplate,3et3,3et3,44,1,0.016,0.0,40.764,17.366
nomsa_notemplate,3g2s,3g2s,42,0,0.16,0.054,10.806,6.966
nomsa_notemplate,3et3,3et3,44,3,0.04,0.0,24.067,15.449
nomsa_notemplate,3g2s,3g2s,42,1,0.022,0.0,35.615,12.801
nomsa_notemplate,3g2s,3g2s,43,0,0.113,0.027,13.87,7.406
nomsa_notemplate,3g2s,3g2s,42,2,0.089,0.0,14.733,11.181
nomsa_notemplate,3et3,3et3,44,4,0.015,0.0,43.618,17.964
nomsa_notemplate,3fp2,3fp2,43,0,0.374,0.75,29.717,2.319
nomsa_notemplate,3fp2,3fp2,42,1,0.393,0.75,24.119,2.2
nomsa_notemplate,3g2s,3g2s,42,3,0.123,0.081,14.189,9.335
nomsa_notemplate,3g2s,3g2s,44,1,0.03,0.0,32.063,9.811
nomsa_notemplate,3g2s,3g2s,43,1,0.266,0.243,8.301,7.11
nomsa_notemplate,3fp2,3fp2,42,3,0.389,0.792,30.765,2.272
nomsa_notemplate,3g2s,3g2s,43,2,0.062,0.0,19.09,10.347
nomsa_notemplate,3fp2,3fp2,44,2,0.41,0.792,19.551,2.413
nomsa_notemplate,3g2s,3g2s,44,2,0.127,0.135,16.417,7.815
nomsa_notemplate,3fp2,3fp2,43,2,0.384,0.792,31.477,2.335
nomsa_notemplate,3fp2,3fp2,42,0,0.387,0.75,23.825,2.302
nomsa_notemplate,3fp2,3fp2,44,0,0.375,0.75,26.906,2.375
nomsa_notemplate,3fp2,3fp2,43,1,0.38,0.792,31.439,2.4
nomsa_notemplate,3fp2,3fp2,44,1,0.187,0.333,35.345,3.273
nomsa_notemplate,3fp2,3fp2,43,4,0.394,0.792,27.34,2.279
nomsa_notemplate,3g2s,3g2s,43,4,0.151,0.189,16.449,6.328
nomsa_notemplate,3fp2,3fp2,42,2,0.376,0.75,29.955,2.265
nomsa_notemplate,3g2s,3g2s,42,4,0.076,0.054,19.916,10.226
nomsa_notemplate,3g2s,3g2s,44,0,0.038,0.0,26.245,11.151
nomsa_notemplate,3g2s,3g2s,44,3,0.028,0.0,31.223,12.082
nomsa_notemplate,3fp2,3fp2,43,3,0.389,0.792,30.156,2.287
nomsa_notemplate,3fp2,3fp2,42,4,0.373,0.75,29.972,2.328
nomsa_notemplate,3h1z,3h1z,42,3,0.029,0.019,34.501,14.597
nomsa_notemplate,3g2s,3g2s,43,3,0.095,0.162,24.46,12.679
nomsa_notemplate,3g2s,3g2s,44,4,0.03,0.0,29.884,11.65
nomsa_notemplate,3fp2,3fp2,44,3,0.384,0.75,25.707,2.275
nomsa_notemplate,3h1z,3h1z,42,0,0.015,0.0,43.32,18.246
nomsa_notemplate,3fp2,3fp2,44,4,0.403,0.792,24.053,2.252
nomsa_notemplate,3h1z,3h1z,42,4,0.016,0.0,41.323,16.498
nomsa_notemplate,3h1z,3h1z,42,2,0.093,0.038,15.334,18.296
nomsa_notemplate,3h1z,3h1z,42,1,0.021,0.0,36.237,14.468
nomsa_notemplate,3i5r,3i5r,43,2,0.818,0.885,0.883,1.276
nomsa_notemplate,3i5r,3i5r,43,0,0.84,0.923,0.968,1.199
nomsa_notemplate,3h1z,3h1z,44,1,0.034,0.038,34.429,17.51
nomsa_notemplate,3i5r,3i5r,43,3,0.863,0.923,0.758,1.043
nomsa_notemplate,3i5r,3i5r,42,3,0.843,0.923,0.912,1.181
nomsa_notemplate,3i5r,3i5r,44,0,0.138,0.231,18.992,11.606
nomsa_notemplate,3h1z,3h1z,43,0,0.028,0.0,31.281,12.397
nomsa_notemplate,3i5r,3i5r,42,4,0.858,0.962,1.091,1.155
nomsa_notemplate,3i5r,3i5r,42,2,0.849,0.962,0.98,1.229
nomsa_notemplate,3i5r,3i5r,43,1,0.806,0.885,1.124,1.351
nomsa_notemplate,3i5r,3i5r,42,1,0.859,0.923,0.663,1.079
nomsa_notemplate,3i5r,3i5r,42,0,0.843,0.962,1.139,1.261
nomsa_notemplate,3h1z,3h1z,43,3,0.018,0.0,40.126,13.706
nomsa_notemplate,3h1z,3h1z,43,4,0.02,0.0,37.007,15.637
nomsa_notemplate,3i5r,3i5r,44,3,0.062,0.077,26.336,11.816
nomsa_notemplate,3i5r,3i5r,44,1,0.121,0.154,17.81,9.953
nomsa_notemplate,3h1z,3h1z,43,1,0.056,0.019,20.812,18.171
nomsa_notemplate,3i5r,3i5r,43,4,0.864,0.962,0.813,1.126
nomsa_notemplate,3h1z,3h1z,43,2,0.015,0.0,43.426,15.486
nomsa_notemplate,3h1z,3h1z,44,3,0.014,0.0,43.321,18.836
nomsa_notemplate,3h1z,3h1z,44,4,0.036,0.038,34.067,14.158
nomsa_notemplate,3i5r,3i5r,44,2,0.039,0.0,25.02,12.526
nomsa_notemplate,3h1z,3h1z,44,0,0.013,0.0,46.067,18.51
nomsa_notemplate,3obq,3obq,42,2,0.051,0.083,34.089,14.342
nomsa_notemplate,3obq,3obq,42,4,0.035,0.0,26.866,13.309
nomsa_notemplate,3obq,3obq,44,0,0.024,0.0,33.282,13.655
nomsa_notemplate,3obq,3obq,43,0,0.095,0.056,16.216,12.831
nomsa_notemplate,3obq,3obq,43,1,0.032,0.0,28.097,13.94
nomsa_notemplate,3obq,3obq,44,1,0.053,0.056,26.928,12.717
nomsa_notemplate,3i5r,3i5r,44,4,0.078,0.115,25.44,11.414
nomsa_notemplate,3obq,3obq,42,1,0.042,0.028,28.379,12.281
nomsa_notemplate,3obq,3obq,42,0,0.028,0.0,30.729,13.741
nomsa_notemplate,3obq,3obq,43,4,0.031,0.0,29.187,12.442
nomsa_notemplate,3obq,3obq,44,3,0.101,0.111,18.603,11.032
nomsa_notemplate,3obq,3obq,43,2,0.031,0.028,35.251,14.551
nomsa_notemplate,3obq,3obq,42,3,0.061,0.028,21.262,11.031
nomsa_notemplate,3obq,3obq,43,3,0.049,0.0,21.532,13.614
nomsa_notemplate,3obq,3obq,44,4,0.047,0.056,30.595,12.076
nomsa_notemplate,3p72,3p72,43,1,0.262,0.171,7.603,5.983
nomsa_notemplate,3p72,3p72,43,2,0.258,0.171,7.445,7.629
nomsa_notemplate,3p72,3p72,42,4,0.213,0.146,9.151,8.421
nomsa_notemplate,3obq,3obq,44,2,0.048,0.0,22.054,12.887
nomsa_notemplate,3h1z,3h1z,44,2,0.017,0.0,39.758,16.362
nomsa_notemplate,3p72,3p72,42,1,0.204,0.146,9.688,8.267
nomsa_notemplate,3p72,3p72,43,4,0.234,0.171,8.388,9.215
nomsa_notemplate,3p72,3p72,43,0,0.261,0.171,7.548,6.297
nomsa_notemplate,3p72,3p72,42,3,0.236,0.171,8.74,6.45
nomsa_notemplate,3p72,3p72,42,2,0.265,0.171,7.109,7.779
nomsa_notemplate,3plu,3plu,42,0,0.077,0.103,24.781,9.896
nomsa_notemplate,3p72,3p72,44,2,0.205,0.146,9.815,7.276
nomsa_notemplate,3p72,3p72,42,0,0.209,0.146,9.551,7.349
nomsa_notemplate,3p72,3p72,44,0,0.217,0.146,9.096,7.493
nomsa_notemplate,3plu,3plu,43,2,0.039,0.0,26.12,10.132
nomsa_notemplate,3p72,3p72,44,4,0.232,0.171,9.49,5.068
nomsa_notemplate,3plu,3plu,42,1,0.029,0.0,30.885,11.769
nomsa_notemplate,3pe4,3pe4,43,2,0.026,0.0,30.655,20.423
nomsa_notemplate,3p72,3p72,43,3,0.242,0.171,8.029,9.091
nomsa_notemplate,3plu,3plu,43,0,0.056,0.0,22.11,7.396
nomsa_notemplate,3plu,3plu,42,4,0.035,0.0,27.394,11.379
nomsa_notemplate,3plu,3plu,42,3,0.064,0.103,30.748,11.736
nomsa_notemplate,3r42,3r42,42,0,0.073,0.031,18.957,10.767
nomsa_notemplate,3p72,3p72,44,1,0.214,0.122,9.229,5.817
nomsa_notemplate,3plu,3plu,43,1,0.056,0.069,28.727,10.561
nomsa_notemplate,3r42,3r42,43,1,0.077,0.062,19.92,11.816
nomsa_notemplate,3plu,3plu,42,2,0.085,0.138,26.753,9.107
nomsa_notemplate,3p72,3p72,44,3,0.207,0.171,10.004,8.202
nomsa_notemplate,3plu,3plu,44,3,0.1,0.034,16.379,6.403
nomsa_notemplate,3r42,3r42,43,0,0.03,0.0,30.086,12.058
nomsa_notemplate,3plu,3plu,43,3,0.035,0.0,27.929,10.503
nomsa_notemplate,3plu,3plu,44,2,0.127,0.276,31.155,7.831
nomsa_notemplate,3plu,3plu,44,0,0.071,0.103,26.508,11.483
nomsa_notemplate,3plu,3plu,43,4,0.044,0.0,24.156,10.32
nomsa_notemplate,3plu,3plu,44,1,0.044,0.034,29.692,9.998
nomsa_notemplate,3pe4,3pe4,44,4,0.02,0.0,35.216,20.655
nomsa_notemplate,3plu,3plu,44,4,0.086,0.103,21.482,10.672
nomsa_notemplate,3r42,3r42,42,1,0.084,0.062,18.6,11.212
nomsa_notemplate,3r42,3r42,43,3,0.072,0.031,18.95,11.295
nomsa_notemplate,3pe4,3pe4,43,1,0.023,0.0,33.191,18.698
nomsa_notemplate,3pe4,3pe4,44,1,0.023,0.0,33.206,16.239
nomsa_notemplate,3pe4,3pe4,43,4,0.025,0.0,31.326,16.938
nomsa_notemplate,3r42,3r42,42,2,0.066,0.031,20.356,11.2
nomsa_notemplate,3r42,3r42,42,3,0.06,0.062,25.622,11.293
nomsa_notemplate,3pe4,3pe4,43,0,0.025,0.0,30.864,20.505
nomsa_notemplate,3r42,3r42,42,4,0.059,0.0,19.752,10.316
nomsa_notemplate,3pe4,3pe4,44,2,0.027,0.0,30.814,15.136
nomsa_notemplate,3r42,3r42,43,4,0.103,0.094,17.164,10.954
nomsa_notemplate,3pe4,3pe4,44,0,0.03,0.0,29.15,14.144
nomsa_notemplate,3r42,3r42,44,0,0.049,0.0,21.993,11.54
nomsa_notemplate,3pe4,3pe4,42,0,0.026,0.0,31.304,15.348
nomsa_notemplate,3r42,3r42,44,1,0.117,0.125,16.598,11.22
nomsa_notemplate,3r42,3r42,44,3,0.073,0.031,18.766,11.368
nomsa_notemplate,3pe4,3pe4,42,1,0.026,0.0,32.111,13.667
nomsa_notemplate,3pe4,3pe4,44,3,0.027,0.0,31.447,13.853
nomsa_notemplate,3r42,3r42,44,4,0.08,0.0,15.807,12.305
nomsa_notemplate,3r42,3r42,43,2,0.072,0.031,18.87,11.36
nomsa_notemplate,3r42,3r42,44,2,0.046,0.0,22.13,14.376
nomsa_notemplate,3pe4,3pe4,42,4,0.024,0.0,32.616,16.006
nomsa_notemplate,3s9c,3s9c,43,2,0.012,0.0,48.559,20.074
nomsa_notemplate,3pe4,3pe4,42,2,0.029,0.0,28.755,18.423
nomsa_notemplate,3s9c,3s9c,42,2,0.029,0.0,29.023,17.914
nomsa_notemplate,3s9c,3s9c,42,3,0.022,0.0,35.346,14.497
nomsa_notemplate,3pe4,3pe4,42,3,0.037,0.019,27.771,18.646
nomsa_notemplate,3pe4,3pe4,43,3,0.035,0.038,34.767,14.534
nomsa_notemplate,3shb,3shb,42,0,0.332,0.548,10.135,8.033
nomsa_notemplate,3s9c,3s9c,42,1,0.021,0.0,34.875,17.157
nomsa_notemplate,3s9c,3s9c,43,0,0.009,0.0,57.456,19.63
nomsa_notemplate,3s9c,3s9c,42,0,0.05,0.0,21.269,14.355
nomsa_notemplate,3shb,3shb,42,1,0.338,0.484,8.587,7.72
nomsa_notemplate,3shb,3shb,42,3,0.244,0.548,19.527,9.794
nomsa_notemplate,3s9c,3s9c,42,4,0.037,0.0,25.078,17.688
nomsa_notemplate,3shb,3shb,42,4,0.392,0.516,6.542,8.187
nomsa_notemplate,3s9c,3s9c,43,3,0.017,0.0,39.682,16.565
nomsa_notemplate,3s9c,3s9c,43,1,0.018,0.0,38.163,17.588
nomsa_notemplate,3s9c,3s9c,44,1,0.01,0.0,54.303,19.641
nomsa_notemplate,3s9c,3s9c,44,2,0.013,0.0,47.16,17.776
nomsa_notemplate,3shb,3shb,43,2,0.203,0.194,10.915,7.6
nomsa_notemplate,3shb,3shb,42,2,0.338,0.484,8.505,8.426
nomsa_notemplate,3s9c,3s9c,44,0,0.012,0.0,47.005,21.278
nomsa_notemplate,3s9c,3s9c,43,4,0.04,0.022,28.062,13.414
nomsa_notemplate,3shb,3shb,43,0,0.372,0.484,6.91,8.737
nomsa_notemplate,3shb,3shb,44,4,0.391,0.645,8.635,7.736
nomsa_notemplate,3shb,3shb,44,3,0.384,0.613,8.278,9.371
nomsa_notemplate,3shb,3shb,43,1,0.208,0.452,20.083,10.651
nomsa_notemplate,3shb,3shb,43,3,0.227,0.452,16.551,10.035
nomsa_notemplate,3s9c,3s9c,44,3,0.02,0.0,37.752,14.238
nomsa_notemplate,3shb,3shb,43,4,0.282,0.484,11.934,9.369
nomsa_notemplate,3tiw,3tiw,42,0,0.017,0.0,39.546,17.859
nomsa_notemplate,3shb,3shb,44,1,0.323,0.516,10.036,7.773
nomsa_notemplate,3tiw,3tiw,43,1,0.036,0.025,30.649,13.575
nomsa_notemplate,3tiw,3tiw,43,3,0.026,0.0,31.697,14.571
nomsa_notemplate,3s9c,3s9c,44,4,0.038,0.0,24.728,17.096
nomsa_notemplate,3shb,3shb,44,0,0.375,0.548,7.712,8.876
nomsa_notemplate,3shb,3shb,44,2,0.072,0.065,22.639,9.067
nomsa_notemplate,3tiw,3tiw,43,0,0.028,0.0,29.581,15.898
nomsa_notemplate,3tiw,3tiw,42,3,0.026,0.0,31.568,15.647
nomsa_notemplate,3tiw,3tiw,42,1,0.056,0.025,22.09,12.794
nomsa_notemplate,3tiw,3tiw,44,1,0.026,0.0,31.085,15.282
nomsa_notemplate,3tiw,3tiw,43,2,0.132,0.025,11.501,11.621
nomsa_notemplate,3v2o,3v2o,42,4,0.859,0.975,2.766,0.987
nomsa_notemplate,3tiw,3tiw,44,0,0.039,0.025,28.008,16.288
nomsa_notemplate,3v2o,3v2o,42,2,0.851,0.975,2.847,1.03
nomsa_notemplate,3v2o,3v2o,42,0,0.824,0.95,3.151,1.119
nomsa_notemplate,3tiw,3tiw,42,2,0.086,0.025,16.213,11.735
nomsa_notemplate,3v2o,3v2o,42,3,0.859,0.975,2.758,0.988
nomsa_notemplate,3wgx,3wgx,42,1,0.06,0.0,19.371,10.628
nomsa_notemplate,3tiw,3tiw,44,3,0.025,0.0,31.832,15.339
nomsa_notemplate,3tiw,3tiw,44,4,0.201,0.025,7.461,12.936
nomsa_notemplate,3tiw,3tiw,44,2,0.044,0.05,30.231,15.101
nomsa_notemplate,3tiw,3tiw,42,4,0.174,0.025,8.81,12.317
nomsa_notemplate,3v2o,3v2o,42,1,0.843,0.975,2.973,1.068
nomsa_notemplate,3wgx,3wgx,42,2,0.042,0.0,26.514,8.301
nomsa_notemplate,3tiw,3tiw,43,4,0.036,0.05,36.83,17.019
nomsa_notemplate,3v2o,3v2o,43,0,0.802,0.875,2.92,1.133
nomsa_notemplate,3wgx,3wgx,42,0,0.089,0.088,20.03,9.103
nomsa_notemplate,3v2o,3v2o,44,3,0.813,0.875,2.833,1.069
nomsa_notemplate,3v2o,3v2o,43,1,0.84,0.9,2.667,0.96
nomsa_notemplate,3v2o,3v2o,43,4,0.825,0.875,2.808,0.984
nomsa_notemplate,3v2o,3v2o,43,2,0.823,0.9,2.914,1.043
nomsa_notemplate,3v2o,3v2o,43,3,0.837,0.9,2.702,0.972
nomsa_notemplate,3v2o,3v2o,44,2,0.851,0.975,2.847,1.033
nomsa_notemplate,3v2o,3v2o,44,0,0.859,0.95,2.625,0.949
nomsa_notemplate,3v2o,3v2o,44,4,0.848,0.975,2.881,1.046
nomsa_notemplate,3wgx,3wgx,43,0,0.172,0.294,18.749,6.499
nomsa_notemplate,3wgx,3wgx,42,4,0.102,0.088,17.99,7.996
nomsa_notemplate,3wgx,3wgx,43,1,0.052,0.029,26.003,8.316
nomsa_notemplate,3wgx,3wgx,42,3,0.106,0.059,15.344,9.747
nomsa_notemplate,3v2o,3v2o,44,1,0.851,0.975,2.895,1.026
nomsa_notemplate,3wgx,3wgx,44,2,0.04,0.0,26.248,9.633
nomsa_notemplate,3wgx,3wgx,43,2,0.039,0.0,25.389,11.214
nomsa_notemplate,3wgx,3wgx,44,3,0.051,0.0,23.304,7.838
nomsa_notemplate,3wgx,3wgx,43,3,0.079,0.059,20.304,8.614
nomsa_notemplate,3wgx,3wgx,44,0,0.099,0.088,18.886,7.406
nomsa_notemplate,3wgx,3wgx,44,4,0.049,0.0,21.874,11.577
nomsa_notemplate,3zrj,3zrj,42,1,0.057,0.0,20.161,10.354
nomsa_notemplate,3wgx,3wgx,43,4,0.17,0.147,11.696,10.919
nomsa_notemplate,3wgx,3wgx,44,1,0.05,0.029,25.048,11.538
nomsa_notemplate,3zrj,3zrj,42,0,0.051,0.065,32.1,9.517
nomsa_notemplate,3zrj,3zrj,42,4,0.045,0.0,23.98,9.599
nomsa_notemplate,3zrj,3zrj,43,4,0.243,0.194,8.51,7.769
nomsa_notemplate,3zrj,3zrj,43,2,0.1,0.0,14.274,7.576
nomsa_notemplate,3zrj,3zrj,42,3,0.087,0.065,18.85,8.778
nomsa_notemplate,3zrj,3zrj,42,2,0.071,0.032,19.208,11.516
nomsa_notemplate,3zrj,3zrj,44,4,0.09,0.032,16.517,8.788
nomsa_notemplate,3zrj,3zrj,43,3,0.014,0.0,45.463,17.219
nomsa_notemplate,3zrj,3zrj,43,1,0.04,0.0,24.725,12.256
nomsa_notemplate,3zrj,3zrj,43,0,0.018,0.0,40.099,14.988
nomsa_notemplate,3zrj,3zrj,44,0,0.048,0.0,23.909,8.439
nomsa_notemplate,3zrj,3zrj,44,2,0.02,0.0,37.628,13.882
nomsa_notemplate,3zrj,3zrj,44,3,0.057,0.032,22.615,12.161
nomsa_notemplate,3zrj,3zrj,44,1,0.021,0.0,37.43,12.299
nomsa_notemplate,4a2a,4a2a,42,1,0.013,0.0,46.345,16.886
nomsa_notemplate,4a2a,4a2a,43,3,0.055,0.026,22.337,13.599
nomsa_notemplate,4a2a,4a2a,42,2,0.079,0.026,16.984,13.936
nomsa_notemplate,4bt9,4bt9,42,2,0.677,0.931,15.969,0.557
nomsa_notemplate,4a2a,4a2a,44,4,0.074,0.053,19.905,12.745
nomsa_notemplate,4bt9,4bt9,44,4,0.644,0.931,21.612,0.589
nomsa_notemplate,4a2a,4a2a,43,4,0.02,0.0,37.014,14.578
nomsa_notemplate,4a2a,4a2a,44,2,0.028,0.0,30.848,12.266
nomsa_notemplate,4a2a,4a2a,44,3,0.012,0.0,51.051,15.615
nomsa_notemplate,4a2a,4a2a,42,3,0.018,0.0,39.606,15.27
nomsa_notemplate,4a2a,4a2a,43,0,0.015,0.0,45.097,14.55
nomsa_notemplate,4bt9,4bt9,42,1,0.799,0.931,6.971,0.582
nomsa_notemplate,4a2a,4a2a,42,4,0.025,0.0,31.675,16.455
nomsa_notemplate,4a2a,4a2a,43,1,0.045,0.026,26.12,13.106
nomsa_notemplate,4a2a,4a2a,43,2,0.043,0.0,23.402,13.511
nomsa_notemplate,4bt9,4bt9,42,0,0.643,0.931,21.776,0.591
nomsa_notemplate,4a2a,4a2a,42,0,0.035,0.0,26.467,14.381
nomsa_notemplate,4a2a,4a2a,44,0,0.041,0.026,27.534,14.299
nomsa_notemplate,4a2a,4a2a,44,1,0.014,0.0,44.754,17.904
nomsa_notemplate,4bt9,4bt9,42,4,0.646,0.931,22.278,0.555
nomsa_notemplate,4bt9,4bt9,42,3,0.745,0.931,9.581,0.599
nomsa_notemplate,4bt9,4bt9,43,4,0.651,0.931,19.634,0.593
nomsa_notemplate,4bt9,4bt9,43,1,0.807,0.931,5.827,0.726
nomsa_notemplate,4c5a,4c5a,42,3,0.015,0.0,45.35,14.031
nomsa_notemplate,4bt9,4bt9,44,1,0.671,0.931,16.237,0.591
nomsa_notemplate,4bt9,4bt9,44,3,0.663,0.931,18.507,0.545
nomsa_notemplate,4bt9,4bt9,43,0,0.65,0.931,21.215,0.552
nomsa_notemplate,4bt9,4bt9,44,0,0.672,0.931,15.622,0.612
nomsa_notemplate,4bt9,4bt9,43,2,0.649,0.931,20.381,0.587
nomsa_notemplate,4c5a,4c5a,43,1,0.014,0.0,46.303,14.721
nomsa_notemplate,4bt9,4bt9,44,2,0.701,0.931,12.285,0.637
nomsa_notemplate,4bt9,4bt9,43,3,0.658,0.931,19.593,0.544
nomsa_notemplate,4c5a,4c5a,42,2,0.014,0.0,46.343,14.512
nomsa_notemplate,4c5a,4c5a,42,1,0.012,0.0,51.236,15.93
nomsa_notemplate,4c5a,4c5a,43,3,0.017,0.0,43.077,13.553
nomsa_notemplate,4c5a,4c5a,42,0,0.014,0.0,46.949,14.616
nomsa_notemplate,4c5a,4c5a,43,0,0.012,0.0,51.537,16.263
nomsa_notemplate,4c5a,4c5a,43,4,0.011,0.0,53.02,16.764
nomsa_notemplate,4c5a,4c5a,42,4,0.015,0.0,45.404,14.327
nomsa_notemplate,4c5a,4c5a,44,1,0.018,0.0,41.95,12.922
nomsa_notemplate,4dg3,4dg3,43,2,0.025,0.0,31.353,18.505
nomsa_notemplate,4c5a,4c5a,43,2,0.034,0.0,28.544,10.307
nomsa_notemplate,4c5a,4c5a,44,4,0.016,0.0,42.99,13.95
nomsa_notemplate,4c5a,4c5a,44,3,0.015,0.0,45.624,14.377
nomsa_notemplate,4dg3,4dg3,42,1,0.04,0.058,35.814,17.543
nomsa_notemplate,4dg3,4dg3,43,3,0.034,0.014,28.631,18.186
nomsa_notemplate,4dg3,4dg3,42,0,0.042,0.043,29.725,17.256
nomsa_notemplate,4dg3,4dg3,43,0,0.019,0.0,36.033,20.382
nomsa_notemplate,4ep2,4ep2,42,4,0.071,0.054,20.218,17.461
nomsa_notemplate,4c5a,4c5a,44,2,0.015,0.0,45.468,14.305
nomsa_notemplate,4dg3,4dg3,43,1,0.021,0.0,34.191,19.284
nomsa_notemplate,4dg3,4dg3,43,4,0.044,0.0,22.504,16.88
nomsa_notemplate,4ep2,4ep2,44,0,0.078,0.014,16.309,18.163
nomsa_notemplate,4dg3,4dg3,44,1,0.078,0.0,15.749,17.875
nomsa_notemplate,4dg3,4dg3,42,3,0.036,0.043,34.37,18.036
nomsa_notemplate,4dg3,4dg3,44,0,0.039,0.0,24.098,17.495
nomsa_notemplate,4dg3,4dg3,44,2,0.04,0.014,25.655,17.293
nomsa_notemplate,4dg3,4dg3,42,2,0.072,0.072,21.581,16.523
nomsa_notemplate,4ep2,4ep2,43,2,0.041,0.014,25.836,14.147
nomsa_notemplate,4ep2,4ep2,42,2,0.079,0.014,16.218,17.182
nomsa_notemplate,4ep2,4ep2,42,3,0.057,0.0,19.48,15.023
nomsa_notemplate,4ep2,4ep2,42,1,0.062,0.014,19.293,15.24
nomsa_notemplate,4ep2,4ep2,43,1,0.113,0.081,14.987,13.015
nomsa_notemplate,4ep2,4ep2,42,0,0.059,0.027,21.171,14.629
nomsa_notemplate,4ep2,4ep2,44,1,0.061,0.027,20.247,18.691
nomsa_notemplate,4ep2,4ep2,43,0,0.043,0.0,23.782,11.994
nomsa_notemplate,4c5a,4c5a,44,0,0.018,0.0,40.795,13.013
nomsa_notemplate,4dg3,4dg3,42,4,0.025,0.014,36.772,16.307
nomsa_notemplate,4ep2,4ep2,43,4,0.072,0.0,16.98,11.879
nomsa_notemplate,4dg3,4dg3,44,3,0.014,0.0,43.8,20.126
nomsa_notemplate,4ep2,4ep2,43,3,0.034,0.0,27.189,13.186
nomsa_notemplate,4ep2,4ep2,44,2,0.078,0.027,17.011,17.788
nomsa_notemplate,4ep2,4ep2,44,4,0.032,0.0,27.477,16.951
nomsa_notemplate,4fii,4fii,42,0,0.05,0.0,20.91,15.761
nomsa_notemplate,4dg3,4dg3,44,4,0.024,0.0,32.375,18.174
nomsa_notemplate,4ep2,4ep2,44,3,0.039,0.0,24.063,19.747
nomsa_notemplate,4fii,4fii,43,0,0.023,0.0,33.349,17.84
nomsa_notemplate,4fii,4fii,42,1,0.027,0.0,30.153,16.659
nomsa_notemplate,4fii,4fii,44,4,0.038,0.0,24.67,16.35
nomsa_notemplate,4fii,4fii,42,4,0.019,0.0,37.665,16.199
nomsa_notemplate,4fii,4fii,42,2,0.021,0.0,34.773,17.747
nomsa_notemplate,4fii,4fii,43,4,0.021,0.0,34.813,16.648
nomsa_notemplate,4fii,4fii,43,3,0.079,0.0,15.62,15.314
nomsa_notemplate,4fii,4fii,42,3,0.02,0.0,36.281,16.548
nomsa_notemplate,4fii,4fii,44,0,0.022,0.0,33.597,17.697
nomsa_notemplate,4fii,4fii,43,1,0.021,0.0,36.141,14.896
nomsa_notemplate,4fii,4fii,44,1,0.009,0.0,57.267,19.78
nomsa_notemplate,4fii,4fii,44,2,0.044,0.0,22.54,16.028
nomsa_notemplate,4fii,4fii,43,2,0.018,0.0,38.85,16.399
nomsa_notemplate,4fii,4fii,44,3,0.051,0.0,20.628,15.565
nomsa_notemplate,4gq6,4gq6,42,2,0.063,0.0,18.228,15.411
nomsa_notemplate,4hdq,4hdq,42,0,0.009,0.0,56.887,21.298
nomsa_notemplate,4gq6,4gq6,42,1,0.076,0.018,17.039,14.803
nomsa_notemplate,4gq6,4gq6,42,0,0.067,0.0,17.574,13.58
nomsa_notemplate,4gq6,4gq6,43,2,0.083,0.018,16.023,13.334
nomsa_notemplate,4hdq,4hdq,42,2,0.101,0.0,13.306,12.903
nomsa_notemplate,4hdq,4hdq,44,1,0.023,0.0,33.587,15.264
nomsa_notemplate,4gq6,4gq6,42,3,0.062,0.0,18.436,15.259
nomsa_notemplate,4hdq,4hdq,44,3,0.082,0.0,15.26,16.01
nomsa_notemplate,4hdq,4hdq,44,4,0.035,0.0,26.57,14.437
nomsa_notemplate,4hdq,4hdq,43,2,0.03,0.0,29.173,14.032
nomsa_notemplate,4gq6,4gq6,43,0,0.081,0.018,16.313,14.079
nomsa_notemplate,4gq6,4gq6,44,2,0.064,0.0,18.092,14.621
nomsa_notemplate,4hdq,4hdq,42,1,0.03,0.0,29.12,13.924
nomsa_notemplate,4gq6,4gq6,44,1,0.079,0.018,16.579,13.414
nomsa_notemplate,4gq6,4gq6,44,3,0.065,0.018,19.0,14.001
nomsa_notemplate,4hdq,4hdq,42,3,0.007,0.0,66.863,21.061
nomsa_notemplate,4hdq,4hdq,44,2,0.015,0.0,41.388,19.862
nomsa_notemplate,4gq6,4gq6,43,4,0.083,0.036,16.876,13.849
nomsa_notemplate,4hdq,4hdq,43,1,0.085,0.0,14.878,15.325
nomsa_notemplate,4gq6,4gq6,43,1,0.065,0.018,18.99,14.212
nomsa_notemplate,4hdq,4hdq,42,4,0.025,0.0,31.999,16.086
nomsa_notemplate,4hdq,4hdq,43,3,0.009,0.0,57.488,17.892
nomsa_notemplate,4gq6,4gq6,44,0,0.085,0.036,16.651,13.416
nomsa_notemplate,4hdq,4hdq,43,0,0.053,0.067,27.535,18.137
nomsa_notemplate,4hdq,4hdq,44,0,0.062,0.033,20.789,14.873
nomsa_notemplate,4gq6,4gq6,44,4,0.07,0.018,18.169,14.163
nomsa_notemplate,4gq6,4gq6,42,4,0.079,0.036,17.465,14.427
nomsa_notemplate,4hdq,4hdq,43,4,0.028,0.0,29.192,17.759
nomsa_notemplate,4gq6,4gq6,43,3,0.068,0.018,18.613,13.308
nomsa_notemplate,4iga,4iga,42,2,0.133,0.111,14.581,7.916
nomsa_notemplate,4iga,4iga,42,1,0.122,0.083,14.836,7.986
nomsa_notemplate,4iga,4iga,42,3,0.135,0.111,14.42,7.748
nomsa_notemplate,4iga,4iga,42,0,0.577,0.528,3.662,1.997
nomsa_notemplate,4iga,4iga,44,2,0.116,0.056,14.433,7.793
nomsa_notemplate,4iga,4iga,43,4,0.108,0.028,14.365,7.798
nomsa_notemplate,4iga,4iga,44,4,0.119,0.083,15.115,8.091
nomsa_notemplate,4iga,4iga,43,0,0.148,0.139,14.125,7.405
nomsa_notemplate,4iga,4iga,44,3,0.12,0.083,15.016,7.981
nomsa_notemplate,4iga,4iga,43,1,0.13,0.111,14.881,8.014
nomsa_notemplate,4iga,4iga,43,2,0.141,0.111,13.84,7.423
nomsa_notemplate,4iga,4iga,42,4,0.11,0.083,16.236,8.461
nomsa_notemplate,4iga,4iga,44,1,0.114,0.056,14.689,7.811
nomsa_notemplate,4j2c,4j2c,42,3,0.942,1.0,0.671,0.675
nomsa_notemplate,4j2c,4j2c,42,1,0.922,0.914,0.834,0.599
nomsa_notemplate,4j2c,4j2c,42,2,0.943,0.943,0.548,0.529
nomsa_notemplate,4iga,4iga,44,0,0.125,0.083,14.549,7.794
nomsa_notemplate,4j2c,4j2c,42,4,0.866,0.886,0.633,0.941
nomsa_notemplate,4iga,4iga,43,3,0.147,0.111,13.393,7.066
nomsa_notemplate,4j2c,4j2c,42,0,0.914,0.886,0.591,0.605
nomsa_notemplate,4j2c,4j2c,43,2,0.914,0.943,0.631,0.737
nomsa_notemplate,4j2c,4j2c,43,0,0.919,0.943,0.929,0.691
nomsa_notemplate,4hom,4hom,42,0,0.044,0.049,29.378,19.975
nomsa_notemplate,4j2c,4j2c,43,3,0.896,0.886,0.643,0.73
nomsa_notemplate,4j2c,4j2c,43,1,0.904,0.943,0.68,0.807
nomsa_notemplate,4hom,4hom,43,3,0.044,0.0,22.137,23.69
nomsa_notemplate,4j2c,4j2c,43,4,0.915,0.971,0.897,0.783
nomsa_notemplate,4hom,4hom,42,2,0.019,0.0,36.458,20.271
nomsa_notemplate,4hom,4hom,43,4,0.028,0.0,29.494,17.807
nomsa_notemplate,4hom,4hom,43,2,0.012,0.0,47.279,24.782
nomsa_notemplate,4j2c,4j2c,44,3,0.913,0.943,1.056,0.726
nomsa_notemplate,4hom,4hom,43,0,0.019,0.0,36.436,21.828
nomsa_notemplate,4hom,4hom,42,4,0.016,0.0,40.436,22.383
nomsa_notemplate,4j2c,4j2c,44,4,0.81,0.914,0.924,1.422
nomsa_notemplate,4hom,4hom,42,1,0.064,0.0,17.619,21.957
nomsa_notemplate,4j2c,4j2c,44,1,0.944,0.943,0.806,0.505
nomsa_notemplate,4hom,4hom,43,1,0.008,0.0,58.556,24.232
nomsa_notemplate,4j2c,4j2c,44,0,0.932,0.971,0.681,0.678
nomsa_notemplate,4j2c,4j2c,44,2,0.929,0.971,0.679,0.698
nomsa_notemplate,4hom,4hom,42,3,0.012,0.0,48.731,21.206
nomsa_notemplate,4hom,4hom,44,0,0.014,0.0,43.091,20.759
nomsa_notemplate,4j8b,4j8b,42,0,0.02,0.0,40.216,11.32
nomsa_notemplate,4j8b,4j8b,42,1,0.02,0.0,39.852,11.262
nomsa_notemplate,4hom,4hom,44,1,0.084,0.049,17.048,23.348
nomsa_notemplate,4j8b,4j8b,43,3,0.016,0.0,44.569,12.822
nomsa_notemplate,4j8b,4j8b,42,4,0.02,0.0,39.816,11.433
nomsa_notemplate,4j8b,4j8b,42,2,0.011,0.0,53.149,15.292
nomsa_notemplate,4hom,4hom,44,4,0.036,0.0,25.048,21.959
nomsa_notemplate,4j8b,4j8b,44,0,0.012,0.0,52.207,14.982
nomsa_notemplate,4hom,4hom,44,2,0.032,0.024,32.082,21.84
nomsa_notemplate,4j8b,4j8b,43,0,0.02,0.0,39.958,11.233
nomsa_notemplate,4j8b,4j8b,43,1,0.04,0.0,28.207,7.763
nomsa_notemplate,4j8b,4j8b,43,2,0.028,0.0,33.418,9.589
nomsa_notemplate,4hom,4hom,44,3,0.042,0.0,22.904,19.566
nomsa_notemplate,4j8b,4j8b,44,1,0.012,0.0,52.171,15.007
nomsa_notemplate,4leb,4leb,43,1,0.015,0.0,43.149,18.347
nomsa_notemplate,4j8b,4j8b,43,4,0.024,0.0,36.362,10.259
nomsa_notemplate,4leb,4leb,43,0,0.033,0.0,27.627,13.309
nomsa_notemplate,4j8b,4j8b,42,3,0.016,0.0,44.443,12.642
nomsa_notemplate,4leb,4leb,43,3,0.046,0.059,31.522,14.533
nomsa_notemplate,4j8b,4j8b,44,3,0.016,0.0,45.507,13.009
nomsa_notemplate,4j8b,4j8b,44,4,0.024,0.0,36.016,10.347
nomsa_notemplate,4leb,4leb,42,0,0.021,0.0,35.354,15.683
nomsa_notemplate,4j8b,4j8b,44,2,0.024,0.0,36.448,10.453
nomsa_notemplate,4leb,4leb,42,1,0.026,0.0,32.199,13.14
nomsa_notemplate,4leb,4leb,42,4,0.022,0.0,35.175,15.023
nomsa_notemplate,4leb,4leb,44,2,0.017,0.0,38.871,19.496
nomsa_notemplate,4lk9,4lk9,42,0,0.012,0.0,49.239,17.614
nomsa_notemplate,4leb,4leb,43,2,0.029,0.0,30.323,12.354
nomsa_notemplate,4leb,4leb,42,2,0.05,0.0,21.984,10.923
nomsa_notemplate,4lk9,4lk9,42,2,0.029,0.0,30.261,12.111
nomsa_notemplate,4leb,4leb,42,3,0.031,0.029,35.308,15.24
nomsa_notemplate,4lk9,4lk9,42,1,0.013,0.0,46.604,17.232
nomsa_notemplate,4lk9,4lk9,43,0,0.012,0.0,49.181,18.253
nomsa_notemplate,4lk9,4lk9,43,3,0.056,0.0,20.924,8.914
nomsa_notemplate,4leb,4leb,43,4,0.127,0.0,11.189,12.121
nomsa_notemplate,4lk9,4lk9,43,2,0.019,0.0,38.711,13.534
nomsa_notemplate,4leb,4leb,44,0,0.048,0.029,25.701,12.315
nomsa_notemplate,4lk9,4lk9,42,3,0.122,0.204,20.606,11.22
nomsa_notemplate,4lk9,4lk9,44,1,0.008,0.0,61.064,21.14
nomsa_notemplate,4leb,4leb,44,3,0.114,0.265,31.662,13.881
nomsa_notemplate,4lk9,4lk9,43,1,0.015,0.0,43.689,15.548
nomsa_notemplate,4lzf,4lzf,44,1,0.841,0.788,2.324,0.738
nomsa_notemplate,4leb,4leb,44,1,0.027,0.0,30.401,16.975
nomsa_notemplate,4lk9,4lk9,43,4,0.084,0.082,20.527,9.713
nomsa_notemplate,4lk9,4lk9,42,4,0.025,0.0,33.225,12.375
nomsa_notemplate,4lzf,4lzf,42,1,0.763,0.939,3.186,1.58
nomsa_notemplate,4m5s,4m5s,42,0,0.106,0.098,17.955,7.509
nomsa_notemplate,4lzf,4lzf,44,3,0.789,0.909,4.055,1.114
nomsa_notemplate,4lzf,4lzf,42,2,0.372,0.424,7.905,3.489
nomsa_notemplate,4lk9,4lk9,44,2,0.19,0.122,10.359,6.999
nomsa_notemplate,4lzf,4lzf,44,0,0.457,0.545,6.695,2.927
nomsa_notemplate,4m5s,4m5s,42,2,0.106,0.098,17.941,7.5
nomsa_notemplate,4m5s,4m5s,42,1,0.107,0.098,17.859,7.469
nomsa_notemplate,4lk9,4lk9,44,0,0.006,0.0,72.809,26.278
nomsa_notemplate,4leb,4leb,44,4,0.032,0.0,27.67,14.884
nomsa_notemplate,4lzf,4lzf,43,0,0.429,0.606,8.096,3.471
nomsa_notemplate,4m5s,4m5s,43,4,0.107,0.098,17.913,7.484
nomsa_notemplate,4lzf,4lzf,42,4,0.855,0.848,2.86,0.71
nomsa_notemplate,4lk9,4lk9,44,3,0.173,0.245,14.946,8.391
nomsa_notemplate,4m5s,4m5s,44,3,0.106,0.098,17.955,7.51
nomsa_notemplate,4m5s,4m5s,44,0,0.107,0.098,17.906,7.491
nomsa_notemplate,4m91,4m91,42,2,0.178,0.308,16.891,9.801
nomsa_notemplate,4lk9,4lk9,44,4,0.06,0.061,25.635,10.533
nomsa_notemplate,4lzf,4lzf,42,0,0.841,0.788,2.405,0.728
nomsa_notemplate,4lzf,4lzf,42,3,0.107,0.061,16.308,6.815
nomsa_notemplate,4lzf,4lzf,43,2,0.138,0.03,12.472,5.564
nomsa_notemplate,4lzf,4lzf,44,2,0.792,0.909,3.684,1.159
nomsa_notemplate,4lzf,4lzf,44,4,0.874,0.818,1.509,0.671
nomsa_notemplate,4m5s,4m5s,42,4,0.106,0.098,17.941,7.508
nomsa_notemplate,4m5s,4m5s,42,3,0.107,0.098,17.89,7.48
nomsa_notemplate,4lzf,4lzf,43,3,0.507,0.788,7.549,3.278
nomsa_notemplate,4m5s,4m5s,44,1,0.107,0.098,17.925,7.497
nomsa_notemplate,4lzf,4lzf,43,1,0.759,0.848,2.984,1.388
nomsa_notemplate,4m5s,4m5s,43,1,0.107,0.098,17.827,7.467
nomsa_notemplate,4lzf,4lzf,43,4,0.468,0.515,6.302,2.647
nomsa_notemplate,4m5s,4m5s,44,2,0.107,0.098,17.856,7.463
nomsa_notemplate,4m91,4m91,42,0,0.104,0.154,20.834,12.542
nomsa_notemplate,4m5s,4m5s,43,3,0.107,0.098,17.817,7.467
nomsa_notemplate,4m91,4m91,42,1,0.093,0.154,24.449,11.215
nomsa_notemplate,4m5s,4m5s,43,0,0.107,0.098,17.844,7.464
nomsa_notemplate,4m5s,4m5s,43,2,0.107,0.098,17.914,7.492
nomsa_notemplate,4m5s,4m5s,44,4,0.106,0.098,18.015,7.529
nomsa_notemplate,4mvi,4mvi,43,3,0.08,0.033,17.5,11.363
nomsa_notemplate,4m91,4m91,43,0,0.175,0.231,13.92,9.895
nomsa_notemplate,4mvi,4mvi,42,0,0.092,0.066,17.179,12.192
nomsa_notemplate,4mvi,4mvi,42,2,0.048,0.016,23.163,15.593
nomsa_notemplate,4mvi,4mvi,42,4,0.047,0.033,25.432,15.627
nomsa_notemplate,4mvi,4mvi,42,1,0.047,0.016,23.597,16.161
nomsa_notemplate,4mvi,4mvi,44,1,0.107,0.082,15.671,13.376
nomsa_notemplate,4m91,4m91,42,3,0.056,0.115,40.671,14.029
nomsa_notemplate,4mvi,4mvi,42,3,0.179,0.066,9.438,9.929
nomsa_notemplate,4m91,4m91,42,4,0.127,0.308,32.841,15.62
nomsa_notemplate,4mvi,4mvi,43,2,0.123,0.148,16.462,14.818
nomsa_notemplate,4m91,4m91,43,4,0.104,0.231,31.713,12.223
nomsa_notemplate,4m91,4m91,43,3,0.131,0.308,29.783,14.891
nomsa_notemplate,4m91,4m91,44,2,0.13,0.231,20.826,11.111
nomsa_notemplate,4m91,4m91,43,2,0.103,0.192,25.346,12.242
nomsa_notemplate,4m91,4m91,44,0,0.113,0.231,26.337,12.752
nomsa_notemplate,4m91,4m91,44,1,0.097,0.154,23.936,9.071
nomsa_notemplate,4m91,4m91,43,1,0.09,0.115,21.98,9.545
nomsa_notemplate,4mvi,4mvi,43,4,0.08,0.0,15.969,10.413
nomsa_notemplate,4m91,4m91,44,3,0.172,0.269,15.921,9.675
nomsa_notemplate,4m91,4m91,44,4,0.183,0.385,20.653,11.04
nomsa_notemplate,4mvi,4mvi,44,0,0.117,0.098,15.143,12.414
nomsa_notemplate,4nxr,4nxr,42,0,0.862,0.974,1.064,1.155
nomsa_notemplate,4mvi,4mvi,43,0,0.052,0.016,22.017,15.606
nomsa_notemplate,4mvi,4mvi,44,2,0.104,0.082,16.492,10.755
nomsa_notemplate,4mvi,4mvi,44,4,0.089,0.066,17.547,14.175
nomsa_notemplate,4mvi,4mvi,43,1,0.078,0.098,22.197,15.557
nomsa_notemplate,4mvi,4mvi,44,3,0.107,0.049,14.323,13.79
nomsa_notemplate,4nuu,4nuu,43,0,0.02,0.0,36.602,16.601
nomsa_notemplate,4nuu,4nuu,44,1,0.058,0.105,32.75,17.733
nomsa_notemplate,4nuu,4nuu,44,3,0.039,0.0,24.128,19.013
nomsa_notemplate,4nuu,4nuu,44,0,0.033,0.0,26.581,18.078
nomsa_notemplate,4nxr,4nxr,42,4,0.849,0.974,1.044,1.257
nomsa_notemplate,4nxr,4nxr,42,2,0.623,0.718,4.57,1.932
nomsa_notemplate,4nxr,4nxr,43,0,0.631,0.667,3.08,2.072
nomsa_notemplate,4nuu,4nuu,42,4,0.023,0.0,33.913,14.41
nomsa_notemplate,4nxr,4nxr,43,1,0.686,0.744,3.576,1.607
nomsa_notemplate,4nuu,4nuu,42,0,0.059,0.026,21.206,13.227
nomsa_notemplate,4nuu,4nuu,42,1,0.014,0.0,47.432,14.991
nomsa_notemplate,4nxr,4nxr,42,3,0.602,0.692,4.881,1.993
nomsa_notemplate,4nuu,4nuu,44,2,0.08,0.132,25.043,19.219
nomsa_notemplate,4nuu,4nuu,43,4,0.054,0.105,37.221,19.109
nomsa_notemplate,4nxr,4nxr,43,4,0.597,0.718,4.477,2.343
nomsa_notemplate,4nuu,4nuu,42,2,0.025,0.0,32.809,13.987
nomsa_notemplate,4nxr,4nxr,44,0,0.664,0.795,4.237,1.851
nomsa_notemplate,4nxr,4nxr,44,1,0.619,0.769,5.161,2.018
nomsa_notemplate,4nuu,4nuu,44,4,0.02,0.0,36.407,15.192
nomsa_notemplate,4nxr,4nxr,42,1,0.664,0.718,3.765,1.698
nomsa_notemplate,4nuu,4nuu,42,3,0.023,0.026,44.924,17.99
nomsa_notemplate,4nxr,4nxr,43,3,0.601,0.718,4.207,2.389
nomsa_notemplate,4nuu,4nuu,43,3,0.047,0.053,32.397,9.854
nomsa_notemplate,4nxr,4nxr,43,2,0.607,0.718,3.976,2.386
nomsa_notemplate,4nxr,4nxr,44,3,0.634,0.769,4.64,1.988
nomsa_notemplate,4nxr,4nxr,44,4,0.834,0.974,1.365,1.35
nomsa_notemplate,4nuu,4nuu,43,1,0.101,0.211,28.155,14.724
nomsa_notemplate,4nxr,4nxr,44,2,0.703,0.795,3.533,1.616
nomsa_notemplate,4ny3,4ny3,42,1,0.024,0.0,35.784,11.33
nomsa_notemplate,4ny3,4ny3,42,3,0.019,0.0,39.022,13.869
nomsa_notemplate,4nuu,4nuu,43,2,0.113,0.0,12.061,17.26
nomsa_notemplate,4ny3,4ny3,42,0,0.038,0.0,25.416,12.354
nomsa_notemplate,4ny3,4ny3,42,2,0.012,0.0,50.331,16.88
nomsa_notemplate,4ny3,4ny3,43,0,0.02,0.0,38.356,13.135
nomsa_notemplate,4ny3,4ny3,44,1,0.035,0.0,30.234,8.14
nomsa_notemplate,4ny3,4ny3,44,3,0.067,0.0,17.62,12.989
nomsa_notemplate,4odk,4odk,42,0,0.253,0.226,10.198,4.016
nomsa_notemplate,4ny3,4ny3,43,4,0.051,0.0,21.293,11.806
nomsa_notemplate,4odk,4odk,42,1,0.063,0.032,22.931,7.67
nomsa_notemplate,4odk,4odk,42,4,0.069,0.065,24.356,7.928
nomsa_notemplate,4ny3,4ny3,43,1,0.023,0.0,33.297,16.245
nomsa_notemplate,4ny3,4ny3,42,4,0.066,0.056,22.139,12.212
nomsa_notemplate,4ny3,4ny3,44,2,0.013,0.0,46.84,16.4
nomsa_notemplate,4ny3,4ny3,43,2,0.022,0.0,35.853,13.315
nomsa_notemplate,4odk,4odk,44,4,0.041,0.0,25.735,9.448
nomsa_notemplate,4odk,4odk,44,1,0.038,0.0,27.415,9.148
nomsa_notemplate,4odk,4odk,42,3,0.059,0.0,20.544,8.308
nomsa_notemplate,4odk,4odk,42,2,0.042,0.0,25.39,9.11
nomsa_notemplate,4odk,4odk,43,0,0.051,0.0,23.423,7.814
nomsa_notemplate,4ny3,4ny3,44,0,0.026,0.0,33.035,12.268
nomsa_notemplate,4odk,4odk,44,3,0.028,0.0,31.559,11.603
nomsa_notemplate,4odk,4odk,44,0,0.04,0.0,26.037,9.525
nomsa_notemplate,4ny3,4ny3,43,3,0.04,0.0,24.241,13.766
nomsa_notemplate,4ny3,4ny3,44,4,0.079,0.056,19.027,12.26
nomsa_notemplate,4odk,4odk,43,4,0.047,0.0,24.317,8.353
nomsa_notemplate,4odk,4odk,43,3,0.039,0.0,26.446,9.413
nomsa_notemplate,4ouc,4ouc,42,4,0.046,0.029,24.976,19.128
nomsa_notemplate,4ouc,4ouc,42,0,0.028,0.0,29.21,18.593
nomsa_notemplate,4ouc,4ouc,43,0,0.03,0.029,35.4,18.128
nomsa_notemplate,4odk,4odk,44,2,0.055,0.032,24.553,9.027
nomsa_notemplate,4ouc,4ouc,42,2,0.054,0.0,19.926,15.82
nomsa_notemplate,4odk,4odk,43,2,0.07,0.065,24.178,7.901
nomsa_notemplate,4ouc,4ouc,42,1,0.027,0.0,29.761,19.418
nomsa_notemplate,4odk,4odk,43,1,0.045,0.0,24.931,8.306
nomsa_notemplate,4ouc,4ouc,43,1,0.108,0.229,27.286,17.393
nomsa_notemplate,4ouc,4ouc,44,2,0.052,0.057,26.604,18.067
nomsa_notemplate,4ouc,4ouc,43,3,0.022,0.0,33.682,18.536
nomsa_notemplate,4ouc,4ouc,43,4,0.017,0.0,39.332,19.891
nomsa_notemplate,4ouc,4ouc,42,3,0.02,0.0,35.931,19.469
nomsa_notemplate,4oyk,4oyk,42,0,0.188,0.125,10.246,8.492
nomsa_notemplate,4oyk,4oyk,42,1,0.132,0.15,16.26,8.402
nomsa_notemplate,4oyk,4oyk,44,0,0.099,0.075,17.354,8.557
nomsa_notemplate,4oyk,4oyk,42,2,0.152,0.15,13.892,8.001
nomsa_notemplate,4ouc,4ouc,43,2,0.01,0.0,53.91,21.106
nomsa_notemplate,4ouc,4ouc,44,1,0.024,0.0,31.948,19.781
nomsa_notemplate,4oyk,4oyk,44,3,0.122,0.1,15.261,8.779
nomsa_notemplate,4ouc,4ouc,44,3,0.047,0.057,29.583,17.066
nomsa_notemplate,4oyk,4oyk,43,2,0.116,0.075,15.008,8.599
nomsa_notemplate,4oyk,4oyk,43,4,0.109,0.1,16.945,8.994
nomsa_notemplate,4oyk,4oyk,42,4,0.114,0.075,15.088,9.297
nomsa_notemplate,4oyk,4oyk,44,1,0.119,0.1,15.636,8.562
nomsa_notemplate,4oyk,4oyk,44,2,0.118,0.075,14.624,8.842
nomsa_notemplate,4ouc,4ouc,44,0,0.037,0.029,30.359,16.1
nomsa_notemplate,4oyk,4oyk,42,3,0.107,0.1,17.474,8.541
nomsa_notemplate,4oyk,4oyk,43,3,0.104,0.05,15.373,8.795
nomsa_notemplate,4oyk,4oyk,43,1,0.126,0.125,15.922,8.532
nomsa_notemplate,4oyk,4oyk,43,0,0.126,0.125,15.99,8.206
nomsa_notemplate,4ouc,4ouc,44,4,0.08,0.114,23.382,17.046
nomsa_notemplate,4oyk,4oyk,44,4,0.096,0.05,16.318,9.423
nomsa_notemplate,4pd1,4pd1,42,3,0.015,0.0,42.69,18.239
nomsa_notemplate,4pd1,4pd1,42,1,0.059,0.0,19.233,13.293
nomsa_notemplate,4pd1,4pd1,44,1,0.017,0.0,39.316,17.631
nomsa_notemplate,4pd1,4pd1,43,3,0.009,0.0,53.222,25.046
nomsa_notemplate,4pge,4pge,44,0,0.027,0.017,35.029,15.387
nomsa_notemplate,4pd1,4pd1,44,3,0.193,0.125,9.415,18.751
nomsa_notemplate,4pd1,4pd1,42,4,0.021,0.0,35.207,17.21
nomsa_notemplate,4pd1,4pd1,44,4,0.053,0.062,27.393,16.999
nomsa_notemplate,4pd1,4pd1,43,1,0.014,0.0,44.351,19.593
nomsa_notemplate,4pge,4pge,43,4,0.059,0.034,22.172,12.354
nomsa_notemplate,4qbr,4qbr,42,2,0.086,0.1,24.739,6.449
nomsa_notemplate,4pge,4pge,43,1,0.017,0.0,39.703,18.575
nomsa_notemplate,4pd1,4pd1,42,2,0.019,0.0,36.767,18.878
nomsa_notemplate,4pge,4pge,43,0,0.036,0.0,25.693,14.639
nomsa_notemplate,4pd1,4pd1,42,0,0.029,0.0,28.94,17.209
nomsa_notemplate,4pge,4pge,42,1,0.057,0.068,26.272,16.643
nomsa_notemplate,4qbr,4qbr,42,1,0.251,0.125,8.839,3.586
nomsa_notemplate,4pd1,4pd1,43,4,0.029,0.0,28.941,17.581
nomsa_notemplate,4pd1,4pd1,44,0,0.008,0.0,61.512,22.9
nomsa_notemplate,4pge,4pge,42,0,0.04,0.034,29.095,15.909
nomsa_notemplate,4pge,4pge,44,3,0.097,0.034,14.865,14.271
nomsa_notemplate,4pge,4pge,42,2,0.095,0.136,21.112,16.046
nomsa_notemplate,4pge,4pge,42,3,0.072,0.102,24.918,15.863
nomsa_notemplate,4qbr,4qbr,42,0,0.099,0.125,23.559,6.048
nomsa_notemplate,4pd1,4pd1,43,0,0.047,0.0,21.616,18.348
nomsa_notemplate,4qbr,4qbr,44,0,0.053,0.0,23.479,7.008
nomsa_notemplate,4pd1,4pd1,43,2,0.048,0.042,26.016,19.508
nomsa_notemplate,4pge,4pge,44,4,0.082,0.051,17.756,16.181
nomsa_notemplate,4pd1,4pd1,44,2,0.071,0.0,16.844,14.25
nomsa_notemplate,4qbr,4qbr,43,1,0.046,0.0,24.932,7.856
nomsa_notemplate,4qbr,4qbr,43,0,0.053,0.0,22.702,7.704
nomsa_notemplate,4pge,4pge,42,4,0.05,0.017,22.622,15.825
nomsa_notemplate,4pge,4pge,44,2,0.037,0.017,27.567,16.357
nomsa_notemplate,4qbr,4qbr,43,4,0.064,0.025,23.034,6.75
nomsa_notemplate,4qbr,4qbr,43,2,0.046,0.0,24.516,8.382
nomsa_notemplate,4qbr,4qbr,42,4,0.108,0.125,21.219,5.902
nomsa_notemplate,4pge,4pge,44,1,0.088,0.034,16.031,15.384
nomsa_notemplate,4r5i,4r5i,42,2,0.061,0.136,39.382,26.28
nomsa_notemplate,4qbr,4qbr,42,3,0.151,0.225,20.278,5.127
nomsa_notemplate,4qbr,4qbr,43,3,0.024,0.0,35.186,11.531
nomsa_notemplate,4pge,4pge,43,2,0.035,0.0,26.142,16.164
nomsa_notemplate,4pge,4pge,43,3,0.026,0.0,30.874,15.77
nomsa_notemplate,4qbr,4qbr,44,1,0.161,0.1,13.167,4.837
nomsa_notemplate,4txr,4txr,43,1,0.041,0.024,27.772,13.538
nomsa_notemplate,4txr,4txr,43,2,0.034,0.024,32.008,13.531
nomsa_notemplate,4qbr,4qbr,44,4,0.098,0.1,22.148,5.68
nomsa_notemplate,4txr,4txr,43,3,0.026,0.0,32.289,12.688
nomsa_notemplate,4r5i,4r5i,43,2,0.072,0.0,16.413,26.022
nomsa_notemplate,4qbr,4qbr,44,3,0.096,0.1,21.681,6.266
nomsa_notemplate,4qbr,4qbr,44,2,0.196,0.175,12.448,4.666
nomsa_notemplate,4r5i,4r5i,43,4,0.045,0.0,21.916,25.823
nomsa_notemplate,4txr,4txr,44,3,0.032,0.0,28.646,12.539
nomsa_notemplate,4txr,4txr,42,2,0.058,0.073,27.568,12.652
nomsa_notemplate,4txr,4txr,43,0,0.067,0.073,24.511,10.392
nomsa_notemplate,4r5i,4r5i,43,1,0.101,0.205,26.998,16.943
nomsa_notemplate,4txr,4txr,42,4,0.064,0.049,22.402,11.391
nomsa_notemplate,4r5i,4r5i,43,0,0.072,0.0,16.373,21.211
nomsa_notemplate,4r5i,4r5i,42,1,0.023,0.0,31.687,30.507
nomsa_notemplate,4r5i,4r5i,44,1,0.067,0.091,25.471,15.448
nomsa_notemplate,4txr,4txr,42,3,0.047,0.024,26.451,9.815
nomsa_notemplate,4r5i,4r5i,42,4,0.065,0.0,17.41,27.125
nomsa_notemplate,4txr,4txr,44,2,0.146,0.293,23.316,9.037
nomsa_notemplate,4r5i,4r5i,42,3,0.055,0.0,19.362,25.909
nomsa_notemplate,4r5i,4r5i,44,2,0.067,0.0,17.203,19.115
nomsa_notemplate,4r5i,4r5i,44,4,0.026,0.0,30.528,18.992
nomsa_notemplate,4txr,4txr,42,0,0.029,0.024,36.339,14.395
nomsa_notemplate,4r5i,4r5i,42,0,0.216,0.25,13.064,4.471
nomsa_notemplate,4txr,4txr,43,4,0.037,0.024,30.61,11.87
nomsa_notemplate,4txr,4txr,44,0,0.036,0.0,26.358,13.099
nomsa_notemplate,4r5i,4r5i,43,3,0.037,0.0,24.506,25.931
nomsa_notemplate,4r5i,4r5i,44,3,0.044,0.0,22.501,16.232
nomsa_notemplate,4txr,4txr,42,1,0.043,0.024,27.024,12.743
nomsa_notemplate,4txr,4txr,44,1,0.027,0.0,31.072,13.957
nomsa_notemplate,4r5i,4r5i,44,0,0.232,0.227,9.68,7.996
nomsa_notemplate,4txr,4txr,44,4,0.263,0.439,12.118,10.529
nomsa_notemplate,4u0c,4u0c,42,3,0.135,0.316,30.708,11.362
nomsa_notemplate,4u0c,4u0c,43,3,0.129,0.105,14.349,10.206
nomsa_notemplate,4u0c,4u0c,44,3,0.061,0.0,19.25,10.528
nomsa_notemplate,4u0c,4u0c,42,1,0.081,0.0,15.937,9.806
nomsa_notemplate,4u0c,4u0c,43,4,0.115,0.158,19.012,10.301
nomsa_notemplate,4u0c,4u0c,43,0,0.094,0.211,36.31,10.577
nomsa_notemplate,4u0c,4u0c,42,2,0.06,0.053,24.465,10.823
nomsa_notemplate,4u0c,4u0c,42,0,0.023,0.0,34.766,12.907
nomsa_notemplate,4u0c,4u0c,43,1,0.079,0.105,24.44,9.346
nomsa_notemplate,4u0c,4u0c,42,4,0.096,0.0,14.428,8.411
nomsa_notemplate,4u0c,4u0c,43,2,0.043,0.0,24.18,10.491
nomsa_notemplate,4u0c,4u0c,44,2,0.119,0.105,15.135,12.852
nomsa_notemplate,4uqy,4uqy,42,1,0.061,0.0,18.661,14.93
nomsa_notemplate,4u0c,4u0c,44,1,0.054,0.105,38.307,15.615
nomsa_notemplate,4u0c,4u0c,44,0,0.036,0.0,27.103,11.304
nomsa_notemplate,4uqy,4uqy,42,2,0.056,0.0,19.622,14.301
nomsa_notemplate,4u0c,4u0c,44,4,0.099,0.211,33.935,9.022
nomsa_notemplate,4uqy,4uqy,43,0,0.081,0.074,20.058,11.72
nomsa_notemplate,4x2h,4x2h,42,1,0.072,0.053,20.068,13.618
nomsa_notemplate,4x2h,4x2h,42,0,0.023,0.0,34.394,13.933
nomsa_notemplate,4uqy,4uqy,43,2,0.043,0.0,23.395,12.758
nomsa_notemplate,4uqy,4uqy,42,0,0.043,0.0,23.17,13.682
nomsa_notemplate,4uqy,4uqy,43,1,0.054,0.019,21.954,12.455
nomsa_notemplate,4x2h,4x2h,43,2,0.02,0.0,37.392,14.494
nomsa_notemplate,4uqy,4uqy,42,3,0.038,0.0,25.047,13.483
nomsa_notemplate,4x2h,4x2h,42,2,0.038,0.0,25.767,11.597
nomsa_notemplate,4x2h,4x2h,42,3,0.034,0.0,26.985,13.379
nomsa_notemplate,4uqy,4uqy,43,4,0.091,0.019,14.954,14.512
nomsa_notemplate,4x2h,4x2h,43,3,0.022,0.0,36.462,12.201
nomsa_notemplate,4uqy,4uqy,44,4,0.036,0.0,25.891,14.317
nomsa_notemplate,4x2h,4x2h,42,4,0.085,0.0,15.7,8.946
nomsa_notemplate,4uqy,4uqy,44,2,0.132,0.074,12.655,14.853
nomsa_notemplate,4x2h,4x2h,43,4,0.017,0.0,42.068,13.533
nomsa_notemplate,4uqy,4uqy,43,3,0.054,0.019,21.658,15.429
nomsa_notemplate,4uqy,4uqy,44,0,0.103,0.0,13.031,15.12
nomsa_notemplate,4x2h,4x2h,44,2,0.036,0.0,26.248,12.857
nomsa_notemplate,4uqy,4uqy,42,4,0.03,0.0,28.575,15.407
nomsa_notemplate,4uqy,4uqy,44,3,0.085,0.0,14.98,13.959
nomsa_notemplate,4x2h,4x2h,43,0,0.019,0.0,39.953,13.161
nomsa_notemplate,4uqy,4uqy,44,1,0.074,0.037,18.401,14.504
nomsa_notemplate,4x2h,4x2h,44,0,0.043,0.0,24.106,11.027
nomsa_notemplate,4x2h,4x2h,43,1,0.079,0.053,19.194,10.396
nomsa_notemplate,4x2h,4x2h,44,3,0.057,0.053,24.672,12.975
nomsa_notemplate,4x2h,4x2h,44,1,0.116,0.053,13.656,11.305
nomsa_notemplate,4x2h,4x2h,44,4,0.056,0.0,19.864,12.967
nomsa_notemplate,4x3o,4x3o,42,1,0.036,0.0,27.02,11.008
nomsa_notemplate,4x3o,4x3o,43,0,0.051,0.0,21.602,10.741
nomsa_notemplate,4x3o,4x3o,44,0,0.019,0.0,40.255,12.818
nomsa_notemplate,4x3o,4x3o,42,2,0.026,0.0,33.947,11.066
nomsa_notemplate,4x3o,4x3o,42,0,0.157,0.033,10.209,8.622
nomsa_notemplate,4xc2,4xc2,42,0,0.454,0.633,5.809,6.681
nomsa_notemplate,4x3o,4x3o,43,1,0.052,0.0,21.666,10.096
nomsa_notemplate,4xc2,4xc2,43,2,0.439,0.612,6.256,6.234
nomsa_notemplate,4x3o,4x3o,42,4,0.026,0.0,33.199,11.39
nomsa_notemplate,4x3o,4x3o,43,2,0.027,0.0,32.13,11.647
nomsa_notemplate,4x3o,4x3o,43,3,0.032,0.0,29.375,11.301
nomsa_notemplate,4xc2,4xc2,43,0,0.505,0.551,2.801,5.776
nomsa_notemplate,4x3o,4x3o,43,4,0.029,0.0,31.042,11.533
nomsa_notemplate,4x3o,4x3o,44,3,0.032,0.0,28.953,11.439
nomsa_notemplate,4xc2,4xc2,42,4,0.462,0.551,4.623,5.734
nomsa_notemplate,4x3o,4x3o,44,1,0.079,0.0,16.715,8.368
nomsa_notemplate,4x3o,4x3o,42,3,0.047,0.0,23.184,9.634
nomsa_notemplate,4xc2,4xc2,43,4,0.438,0.592,6.058,5.985
nomsa_notemplate,4xc2,4xc2,44,4,0.459,0.612,5.094,8.874
nomsa_notemplate,4xc2,4xc2,44,3,0.429,0.469,4.412,8.618
nomsa_notemplate,4x3o,4x3o,44,4,0.149,0.033,10.912,7.906
nomsa_notemplate,4xc2,4xc2,42,1,0.548,0.653,2.274,6.117
nomsa_notemplate,4xc2,4xc2,44,0,0.37,0.49,7.105,8.487
nomsa_notemplate,4xc2,4xc2,44,1,0.514,0.592,3.015,5.879
nomsa_notemplate,4xek,4xek,43,0,0.338,0.417,8.365,4.823
nomsa_notemplate,4xek,4xek,42,1,0.343,0.417,8.082,4.876
nomsa_notemplate,4xc2,4xc2,43,1,0.569,0.714,2.586,5.187
nomsa_notemplate,4xek,4xek,42,2,0.345,0.417,8.08,4.675
nomsa_notemplate,4xek,4xek,42,3,0.346,0.417,7.96,4.83
nomsa_notemplate,4xc2,4xc2,42,3,0.508,0.612,3.377,6.604
nomsa_notemplate,4xek,4xek,43,3,0.348,0.417,7.861,4.837
nomsa_notemplate,4xc2,4xc2,44,2,0.46,0.571,4.505,8.732
nomsa_notemplate,4xek,4xek,42,0,0.351,0.417,7.684,4.877
nomsa_notemplate,4xc2,4xc2,43,3,0.469,0.653,5.651,5.847
nomsa_notemplate,4xc2,4xc2,42,2,0.434,0.592,6.147,6.219
nomsa_notemplate,4xek,4xek,44,0,0.352,0.417,7.618,4.949
nomsa_notemplate,4xek,4xek,43,2,0.357,0.444,7.831,4.913
nomsa_notemplate,4xek,4xek,42,4,0.339,0.389,7.791,4.898
nomsa_notemplate,4x3o,4x3o,44,2,0.045,0.0,23.26,11.001
nomsa_notemplate,4xek,4xek,43,1,0.371,0.417,6.878,4.671
nomsa_notemplate,4xek,4xek,43,4,0.363,0.444,7.597,4.83
nomsa_notemplate,4xek,4xek,44,1,0.373,0.417,6.84,4.618
nomsa_notemplate,4xek,4xek,44,3,0.344,0.444,8.406,5.068
nomsa_notemplate,4xek,4xek,44,2,0.359,0.444,7.775,4.858
nomsa_notemplate,4xek,4xek,44,4,0.359,0.417,7.349,4.858
nomsa_notemplate,4z2o,4z2o,43,2,0.035,0.022,30.919,14.147
nomsa_notemplate,4yje,4yje,42,2,0.093,0.0,17.098,5.051
nomsa_notemplate,4yje,4yje,44,2,0.095,0.0,16.901,5.026
nomsa_notemplate,4z2o,4z2o,43,3,0.029,0.0,30.16,12.924
nomsa_notemplate,4z2o,4z2o,42,0,0.035,0.0,26.915,12.23
nomsa_notemplate,4yje,4yje,42,0,0.096,0.0,16.767,4.975
nomsa_notemplate,4z2o,4z2o,44,0,0.046,0.0,23.102,10.78
nomsa_notemplate,4yje,4yje,44,1,0.097,0.0,16.708,4.955
nomsa_notemplate,4z2o,4z2o,42,1,0.041,0.0,24.637,11.622
nomsa_notemplate,4yje,4yje,43,1,0.094,0.0,16.963,5.038
nomsa_notemplate,4z2o,4z2o,42,2,0.043,0.022,26.322,12.96
nomsa_notemplate,4z2o,4z2o,43,4,0.036,0.0,26.578,12.427
nomsa_notemplate,4z2o,4z2o,44,2,0.032,0.0,28.451,12.348
nomsa_notemplate,4z2o,4z2o,43,0,0.034,0.0,27.862,11.92
nomsa_notemplate,4yje,4yje,42,3,0.093,0.0,17.12,5.056
nomsa_notemplate,4z2o,4z2o,44,4,0.042,0.0,24.428,11.538
nomsa_notemplate,4yje,4yje,43,4,0.099,0.0,16.479,4.879
nomsa_notemplate,4z2o,4z2o,43,1,0.031,0.0,29.382,12.226
nomsa_notemplate,4yje,4yje,43,3,0.097,0.0,16.641,4.956
nomsa_notemplate,4z2o,4z2o,44,3,0.043,0.0,24.309,10.775
nomsa_notemplate,4z2o,4z2o,42,3,0.032,0.0,28.639,12.238
nomsa_notemplate,4yje,4yje,42,1,0.094,0.0,17.019,5.046
nomsa_notemplate,4yje,4yje,44,3,0.091,0.0,17.272,5.107
nomsa_notemplate,4yje,4yje,44,0,0.093,0.0,17.074,5.032
nomsa_notemplate,4z2o,4z2o,42,4,0.043,0.0,23.997,10.943
nomsa_notemplate,4z2o,4z2o,44,1,0.033,0.0,28.431,11.623
nomsa_notemplate,4yje,4yje,42,4,0.096,0.0,16.799,4.986
nomsa_notemplate,4yje,4yje,43,0,0.094,0.0,16.986,5.059
nomsa_notemplate,4zoz,4zoz,44,1,0.946,0.918,0.986,0.406
nomsa_notemplate,4yje,4yje,44,4,0.094,0.0,16.972,5.02
nomsa_notemplate,4zoz,4zoz,44,2,0.936,0.918,0.986,0.492
nomsa_notemplate,4zoz,4zoz,42,2,0.922,0.878,0.926,0.499
nomsa_notemplate,4yje,4yje,43,2,0.096,0.0,16.818,4.973
nomsa_notemplate,4zoz,4zoz,42,4,0.931,0.898,0.997,0.478
nomsa_notemplate,4zoz,4zoz,42,0,0.915,0.918,2.0,0.558
nomsa_notemplate,4zoz,4zoz,42,3,0.941,0.918,0.902,0.456
nomsa_notemplate,4zoz,4zoz,42,1,0.932,0.878,0.686,0.425
nomsa_notemplate,4zoz,4zoz,43,1,0.94,0.918,0.926,0.463
nomsa_notemplate,4zoz,4zoz,43,3,0.926,0.939,1.452,0.582
nomsa_notemplate,5bs2,5bs2,42,1,0.04,0.0,25.194,10.798
nomsa_notemplate,4zoz,4zoz,43,0,0.927,0.898,1.128,0.503
nomsa_notemplate,5bs2,5bs2,42,2,0.037,0.0,26.954,10.55
nomsa_notemplate,5bs2,5bs2,43,2,0.037,0.0,26.322,11.072
nomsa_notemplate,5bs2,5bs2,42,0,0.038,0.0,26.445,10.48
nomsa_notemplate,5bs2,5bs2,42,3,0.052,0.0,21.522,10.324
nomsa_notemplate,5bs2,5bs2,43,0,0.344,0.368,7.119,5.239
nomsa_notemplate,5bs2,5bs2,44,1,0.036,0.0,26.881,11.295
nomsa_notemplate,5bs2,5bs2,43,1,0.041,0.0,25.107,10.311
nomsa_notemplate,5bs2,5bs2,43,3,0.04,0.0,26.584,9.115
nomsa_notemplate,5bs2,5bs2,43,4,0.038,0.0,26.48,10.383
nomsa_notemplate,4zoz,4zoz,44,0,0.913,0.878,1.413,0.535
nomsa_notemplate,4zoz,4zoz,43,2,0.941,0.918,1.037,0.441
nomsa_notemplate,5bs2,5bs2,44,3,0.125,0.053,13.242,8.441
nomsa_notemplate,5bs2,5bs2,42,4,0.032,0.0,29.696,10.433
nomsa_notemplate,4zoz,4zoz,44,3,0.914,0.878,1.272,0.537
nomsa_notemplate,5bs2,5bs2,44,4,0.042,0.0,25.22,9.306
nomsa_notemplate,5bs2,5bs2,44,0,0.038,0.0,27.106,9.712
nomsa_notemplate,5crw,5crw,42,4,0.614,0.862,12.727,1.053
nomsa_notemplate,4zoz,4zoz,43,4,0.946,0.918,0.573,0.433
nomsa_notemplate,5crw,5crw,42,0,0.647,0.862,10.162,1.061
nomsa_notemplate,4zoz,4zoz,44,4,0.933,0.898,1.044,0.455
nomsa_notemplate,5bs2,5bs2,44,2,0.038,0.0,26.5,10.499
nomsa_notemplate,5crw,5crw,42,1,0.633,0.862,11.004,1.071
nomsa_notemplate,5crw,5crw,43,2,0.657,0.862,9.723,1.04
nomsa_notemplate,5crw,5crw,42,3,0.63,0.897,12.522,1.037
nomsa_notemplate,5crw,5crw,43,3,0.622,0.828,10.482,1.124
nomsa_notemplate,5crw,5crw,43,1,0.645,0.897,11.116,1.051
nomsa_notemplate,5crw,5crw,42,2,0.632,0.828,10.062,1.099
nomsa_notemplate,5crw,5crw,43,0,0.636,0.897,12.22,1.014
nomsa_notemplate,5d94,5d94,42,0,0.416,0.542,5.994,7.456
nomsa_notemplate,5crw,5crw,44,2,0.62,0.897,13.118,1.059
nomsa_notemplate,5d94,5d94,42,2,0.465,0.604,4.865,7.621
nomsa_notemplate,5crw,5crw,43,4,0.618,0.793,10.617,1.051
nomsa_notemplate,5d94,5d94,43,0,0.431,0.604,6.172,7.966
nomsa_notemplate,5crw,5crw,44,1,0.634,0.828,9.916,1.098
nomsa_notemplate,5crw,5crw,44,0,0.632,0.862,10.448,1.132
nomsa_notemplate,5d94,5d94,42,3,0.464,0.521,3.77,7.678
nomsa_notemplate,5d94,5d94,42,1,0.441,0.583,5.544,7.446
nomsa_notemplate,5d94,5d94,42,4,0.452,0.646,5.945,7.519
nomsa_notemplate,5crw,5crw,44,4,0.605,0.897,14.555,1.07
nomsa_notemplate,5d94,5d94,44,0,0.458,0.562,4.544,7.848
nomsa_notemplate,5d94,5d94,44,2,0.479,0.604,4.268,7.819
nomsa_notemplate,5d94,5d94,43,2,0.454,0.604,5.237,8.227
nomsa_notemplate,5d94,5d94,43,3,0.453,0.604,5.358,7.461
nomsa_notemplate,5d94,5d94,43,1,0.49,0.604,3.861,7.614
nomsa_notemplate,5d94,5d94,44,1,0.44,0.562,5.266,7.753
nomsa_notemplate,5d94,5d94,44,4,0.433,0.562,5.624,7.361
nomsa_notemplate,5d94,5d94,43,4,0.493,0.583,3.421,7.711
nomsa_notemplate,5d94,5d94,44,3,0.488,0.625,4.244,7.599
nomsa_notemplate,5crw,5crw,44,3,0.673,0.897,9.253,1.063
nomsa_notemplate,5dai,5dai,43,2,0.897,0.977,1.704,0.862
nomsa_notemplate,5dai,5dai,42,3,0.929,0.977,0.919,0.699
nomsa_notemplate,5dai,5dai,42,0,0.943,0.977,0.693,0.609
nomsa_notemplate,5dai,5dai,43,1,0.896,0.953,1.531,0.828
nomsa_notemplate,5dai,5dai,43,4,0.896,0.953,1.157,0.858
nomsa_notemplate,5dai,5dai,42,1,0.943,0.977,1.033,0.59
nomsa_notemplate,5dai,5dai,42,2,0.933,0.977,0.939,0.665
nomsa_notemplate,5dai,5dai,43,0,0.873,0.93,1.091,0.973
nomsa_notemplate,5dai,5dai,44,0,0.937,0.977,1.078,0.633
nomsa_notemplate,5dai,5dai,44,3,0.95,1.0,0.635,0.62
nomsa_notemplate,5dai,5dai,44,1,0.932,0.977,0.91,0.681
nomsa_notemplate,5di8,5di8,42,1,0.035,0.0,26.888,12.246
nomsa_notemplate,5dai,5dai,42,4,0.917,0.953,1.25,0.709
nomsa_notemplate,5dai,5dai,43,3,0.883,0.953,1.41,0.93
nomsa_notemplate,5dai,5dai,44,2,0.954,1.0,0.749,0.581
nomsa_notemplate,5di8,5di8,43,4,0.13,0.0,11.069,11.181
nomsa_notemplate,5di8,5di8,42,0,0.111,0.0,12.513,11.457
nomsa_notemplate,5dai,5dai,44,4,0.916,0.977,1.086,0.781
nomsa_notemplate,5di8,5di8,43,3,0.111,0.0,12.484,11.663
nomsa_notemplate,5di8,5di8,44,3,0.115,0.0,12.172,11.208
nomsa_notemplate,5di8,5di8,44,1,0.051,0.0,21.021,12.975
nomsa_notemplate,5di8,5di8,43,1,0.104,0.0,13.093,11.839
nomsa_notemplate,5di8,5di8,43,2,0.031,0.0,28.463,13.637
nomsa_notemplate,5di8,5di8,42,3,0.112,0.0,12.403,11.479
nomsa_notemplate,5di8,5di8,43,0,0.045,0.0,23.256,11.839
nomsa_notemplate,5di8,5di8,42,2,0.015,0.0,43.244,18.466
nomsa_notemplate,5di8,5di8,42,4,0.026,0.0,31.892,14.16
nomsa_notemplate,5di8,5di8,44,4,0.027,0.0,31.451,13.532
nomsa_notemplate,5di8,5di8,44,0,0.127,0.0,11.24,11.46
nomsa_notemplate,5di8,5di8,44,2,0.097,0.0,13.803,12.05
nomsa_notemplate,5efi,5efi,43,3,0.014,0.0,45.361,15.934
nomsa_notemplate,5e33,5e33,42,1,0.016,0.0,39.66,20.893
nomsa_notemplate,5efi,5efi,42,3,0.036,0.0,25.897,14.434
nomsa_notemplate,5efi,5efi,42,0,0.038,0.02,28.162,13.423
nomsa_notemplate,5efi,5efi,44,3,0.013,0.0,47.505,16.975
nomsa_notemplate,5efi,5efi,44,2,0.012,0.0,49.324,18.766
nomsa_notemplate,5efi,5efi,42,1,0.038,0.039,31.667,16.396
nomsa_notemplate,5efi,5efi,43,2,0.018,0.0,40.344,14.39
nomsa_notemplate,5efi,5efi,43,4,0.018,0.02,51.538,16.358
nomsa_notemplate,5efi,5efi,42,2,0.033,0.0,26.606,17.265
nomsa_notemplate,5ei3,5ei3,43,1,0.025,0.0,32.188,14.398
nomsa_notemplate,5e33,5e33,42,0,0.017,0.0,38.153,20.829
nomsa_notemplate,5efi,5efi,42,4,0.033,0.02,31.641,14.488
nomsa_notemplate,5efi,5efi,43,0,0.013,0.0,44.844,21.838
nomsa_notemplate,5e33,5e33,43,0,0.153,0.049,10.315,17.791
nomsa_notemplate,5e33,5e33,43,1,0.015,0.0,40.721,22.962
nomsa_notemplate,5efi,5efi,43,1,0.031,0.0,27.266,21.664
nomsa_notemplate,5e33,5e33,44,2,0.02,0.0,34.891,25.124
nomsa_notemplate,5efi,5efi,44,1,0.016,0.0,41.68,16.085
nomsa_notemplate,5efi,5efi,44,4,0.017,0.0,40.21,17.383
nomsa_notemplate,5e33,5e33,42,4,0.054,0.024,21.693,21.51
nomsa_notemplate,5ei3,5ei3,42,2,0.028,0.0,30.629,13.591
nomsa_notemplate,5e33,5e33,44,3,0.077,0.049,18.499,17.416
nomsa_notemplate,5e33,5e33,42,3,0.012,0.0,47.115,20.922
nomsa_notemplate,5e33,5e33,43,4,0.033,0.024,31.578,19.802
nomsa_notemplate,5ei3,5ei3,43,2,0.019,0.0,37.931,15.68
nomsa_notemplate,5e33,5e33,42,2,0.039,0.0,23.986,21.023
nomsa_notemplate,5e33,5e33,43,3,0.034,0.024,30.697,20.747
nomsa_notemplate,5efi,5efi,44,0,0.025,0.02,39.448,14.006
nomsa_notemplate,5ei3,5ei3,43,0,0.032,0.0,28.304,13.232
nomsa_notemplate,5fml,5fml,42,2,0.054,0.044,24.528,15.76
nomsa_notemplate,5ei3,5ei3,44,4,0.025,0.0,32.121,14.728
nomsa_notemplate,5fml,5fml,42,1,0.021,0.0,35.743,16.241
nomsa_notemplate,5ei3,5ei3,42,3,0.031,0.0,28.693,13.447
nomsa_notemplate,5ei3,5ei3,42,4,0.029,0.0,29.58,13.693
nomsa_notemplate,5ei3,5ei3,43,4,0.035,0.0,26.587,13.878
nomsa_notemplate,5ei3,5ei3,42,0,0.019,0.0,36.926,16.707
nomsa_notemplate,5e33,5e33,44,1,0.04,0.0,23.707,17.83
nomsa_notemplate,5e33,5e33,44,0,0.108,0.073,14.837,22.001
nomsa_notemplate,5fml,5fml,44,0,0.016,0.0,41.128,17.466
nomsa_notemplate,5e33,5e33,43,2,0.018,0.0,37.397,19.786
nomsa_notemplate,5fpx,5fpx,42,2,0.175,0.07,10.157,7.03
nomsa_notemplate,5fpx,5fpx,42,3,0.069,0.0,18.514,8.279
nomsa_notemplate,5ei3,5ei3,42,1,0.021,0.0,35.77,14.92
nomsa_notemplate,5e33,5e33,44,4,0.016,0.0,39.923,19.241
nomsa_notemplate,5fpx,5fpx,42,4,0.048,0.0,22.944,9.433
nomsa_notemplate,5fml,5fml,42,4,0.017,0.0,40.014,16.248
nomsa_notemplate,5ei3,5ei3,43,3,0.019,0.0,38.306,15.623
nomsa_notemplate,5fpx,5fpx,44,3,0.06,0.023,21.416,10.561
nomsa_notemplate,5fpx,5fpx,44,0,0.06,0.0,20.372,8.477
nomsa_notemplate,5fpx,5fpx,44,1,0.055,0.0,21.245,9.243
nomsa_notemplate,5fpx,5fpx,44,4,0.052,0.0,22.08,8.911
nomsa_notemplate,5ei3,5ei3,44,2,0.026,0.0,31.592,14.543
nomsa_notemplate,5fml,5fml,43,0,0.113,0.022,13.077,10.862
nomsa_notemplate,5fpx,5fpx,43,1,0.116,0.07,15.1,7.604
nomsa_notemplate,5fml,5fml,43,2,0.073,0.133,29.751,15.351
nomsa_notemplate,5ei3,5ei3,44,0,0.027,0.0,30.748,14.614
nomsa_notemplate,5ei3,5ei3,44,3,0.025,0.0,32.151,14.967
nomsa_notemplate,5fml,5fml,42,3,0.015,0.0,42.42,19.017
nomsa_notemplate,5fv6,5fv6,42,0,0.034,0.0,29.224,9.612
nomsa_notemplate,5fml,5fml,43,4,0.029,0.0,28.962,15.753
nomsa_notemplate,5fml,5fml,42,0,0.015,0.0,41.861,18.459
nomsa_notemplate,5ei3,5ei3,44,1,0.026,0.0,31.476,14.763
nomsa_notemplate,5fml,5fml,43,1,0.021,0.0,36.265,15.245
nomsa_notemplate,5fpx,5fpx,42,0,0.068,0.0,18.662,8.322
nomsa_notemplate,5fpx,5fpx,42,1,0.053,0.0,21.632,9.097
nomsa_notemplate,5fpx,5fpx,43,2,0.079,0.023,18.05,8.28
nomsa_notemplate,5fpx,5fpx,43,3,0.113,0.023,13.522,7.999
nomsa_notemplate,5fpx,5fpx,43,0,0.085,0.0,16.215,7.551
nomsa_notemplate,5fml,5fml,44,2,0.081,0.044,17.587,15.439
nomsa_notemplate,5fpx,5fpx,43,4,0.08,0.047,19.173,8.622
nomsa_notemplate,5fml,5fml,44,3,0.019,0.0,36.669,17.859
nomsa_notemplate,5fml,5fml,43,3,0.055,0.022,21.861,13.645
nomsa_notemplate,5fml,5fml,44,4,0.039,0.0,24.672,14.523
nomsa_notemplate,5fml,5fml,44,1,0.078,0.0,15.78,17.003
nomsa_notemplate,5fv6,5fv6,42,2,0.028,0.0,31.938,11.434
nomsa_notemplate,5fpx,5fpx,44,2,0.051,0.0,22.48,9.065
nomsa_notemplate,5fv6,5fv6,42,1,0.031,0.0,29.536,11.42
nomsa_notemplate,5ggp,5ggp,42,1,0.026,0.0,31.56,14.942
nomsa_notemplate,5fv6,5fv6,43,4,0.062,0.05,24.689,8.667
nomsa_notemplate,5fv6,5fv6,42,4,0.04,0.0,25.684,10.434
nomsa_notemplate,5fv6,5fv6,43,0,0.04,0.0,26.716,9.03
nomsa_notemplate,5fv6,5fv6,42,3,0.037,0.0,27.295,9.632
nomsa_notemplate,5ggp,5ggp,42,4,0.017,0.0,42.566,13.766
nomsa_notemplate,5fv6,5fv6,43,1,0.051,0.0,22.372,9.178
nomsa_notemplate,5fv6,5fv6,44,0,0.151,0.25,18.558,8.587
nomsa_notemplate,5fv6,5fv6,44,4,0.14,0.2,17.114,9.825
nomsa_notemplate,5fv6,5fv6,43,3,0.039,0.0,25.819,10.801
nomsa_notemplate,5fv6,5fv6,43,2,0.035,0.0,26.969,12.06
nomsa_notemplate,5ggp,5ggp,42,0,0.028,0.0,31.652,11.272
nomsa_notemplate,5ggp,5ggp,42,3,0.088,0.0,15.298,8.956
nomsa_notemplate,5fv6,5fv6,44,1,0.069,0.0,17.893,9.946
nomsa_notemplate,5fv6,5fv6,44,3,0.037,0.0,28.397,8.92
nomsa_notemplate,5ggp,5ggp,42,2,0.022,0.0,36.628,11.762
nomsa_notemplate,5fv6,5fv6,44,2,0.027,0.0,31.657,12.28
nomsa_notemplate,5ggp,5ggp,43,3,0.023,0.0,34.57,13.266
nomsa_notemplate,5ggp,5ggp,43,1,0.036,0.0,28.12,9.626
nomsa_notemplate,5ggp,5ggp,43,0,0.055,0.0,20.105,12.737
nomsa_notemplate,5ggp,5ggp,44,3,0.043,0.0,25.34,8.86
nomsa_notemplate,5ggp,5ggp,44,2,0.025,0.0,33.739,11.533
nomsa_notemplate,5ggp,5ggp,44,0,0.071,0.0,18.376,7.808
nomsa_notemplate,5ggp,5ggp,43,4,0.022,0.0,35.661,13.731
nomsa_notemplate,5ggp,5ggp,44,1,0.025,0.0,34.248,11.753
nomsa_notemplate,5gu4,5gu4,43,2,0.166,0.296,17.854,11.414
nomsa_notemplate,5ggp,5ggp,44,4,0.036,0.0,27.748,9.882
nomsa_notemplate,5ggp,5ggp,43,2,0.025,0.0,32.838,14.411
nomsa_notemplate,5gu4,5gu4,42,3,0.014,0.0,45.148,16.842
nomsa_notemplate,5gu4,5gu4,42,1,0.026,0.0,35.235,9.715
nomsa_notemplate,5gu4,5gu4,42,0,0.03,0.0,28.797,15.564
nomsa_notemplate,5gu4,5gu4,42,4,0.02,0.0,38.586,13.22
nomsa_notemplate,5gu4,5gu4,43,3,0.051,0.037,24.946,14.387
nomsa_notemplate,5gu4,5gu4,43,4,0.04,0.0,24.229,13.983
nomsa_notemplate,5gu4,5gu4,43,0,0.033,0.0,27.826,12.984
nomsa_notemplate,5gu4,5gu4,43,1,0.079,0.037,17.555,14.088
nomsa_notemplate,5gu4,5gu4,42,2,0.04,0.037,30.579,13.224
nomsa_notemplate,5gu4,5gu4,44,2,0.027,0.037,44.532,16.046
nomsa_notemplate,5gu4,5gu4,44,0,0.029,0.0,32.27,9.987
nomsa_notemplate,5gu4,5gu4,44,1,0.12,0.074,13.771,15.526
nomsa_notemplate,5huw,5huw,42,1,0.905,0.926,1.319,0.718
nomsa_notemplate,5i7z,5i7z,42,4,0.171,0.382,23.433,12.724
nomsa_notemplate,5gu4,5gu4,44,4,0.027,0.0,31.879,12.674
nomsa_notemplate,5i7z,5i7z,42,0,0.134,0.029,11.392,12.177
nomsa_notemplate,5i7z,5i7z,43,1,0.056,0.029,22.609,12.743
nomsa_notemplate,5i7z,5i7z,42,2,0.061,0.088,28.067,13.979
nomsa_notemplate,5i7z,5i7z,43,0,0.048,0.029,24.97,13.773
nomsa_notemplate,5i7z,5i7z,42,1,0.117,0.147,17.473,13.093
nomsa_notemplate,5i7z,5i7z,42,3,0.04,0.0,24.674,13.126
nomsa_notemplate,5huw,5huw,42,0,0.904,0.926,1.298,0.726
nomsa_notemplate,5gu4,5gu4,44,3,0.031,0.0,29.47,12.226
nomsa_notemplate,5i7z,5i7z,43,3,0.053,0.029,23.684,11.856
nomsa_notemplate,5i7z,5i7z,43,4,0.063,0.059,23.23,12.936
nomsa_notemplate,5i7z,5i7z,44,1,0.052,0.029,24.25,11.848
nomsa_notemplate,5i7z,5i7z,43,2,0.032,0.0,28.608,12.293
nomsa_notemplate,5i7z,5i7z,44,2,0.039,0.0,24.751,13.208
nomsa_notemplate,5i7z,5i7z,44,3,0.052,0.0,20.899,12.17
nomsa_notemplate,5i7z,5i7z,44,0,0.063,0.088,27.021,13.533
nomsa_notemplate,5huw,5huw,44,0,0.887,0.944,1.344,0.884
nomsa_notemplate,5huw,5huw,43,4,0.84,0.87,1.656,1.017
nomsa_notemplate,5j3q,5j3q,42,3,0.651,0.721,3.613,1.891
nomsa_notemplate,5huw,5huw,42,2,0.903,0.926,1.29,0.736
nomsa_notemplate,5huw,5huw,43,3,0.879,0.926,1.305,0.901
nomsa_notemplate,5i7z,5i7z,44,4,0.085,0.118,22.71,12.122
nomsa_notemplate,5j3q,5j3q,42,4,0.742,0.767,2.168,1.446
nomsa_notemplate,5huw,5huw,43,2,0.885,0.944,1.351,0.899
nomsa_notemplate,5huw,5huw,42,3,0.834,0.926,1.376,1.222
nomsa_notemplate,5j3q,5j3q,42,0,0.764,0.791,1.854,1.369
nomsa_notemplate,5j3q,5j3q,42,1,0.682,0.744,3.099,1.77
nomsa_notemplate,5huw,5huw,43,0,0.848,0.926,1.386,1.119
nomsa_notemplate,5j3q,5j3q,43,2,0.682,0.744,3.142,1.75
nomsa_notemplate,5huw,5huw,44,1,0.921,0.944,1.375,0.644
nomsa_notemplate,5huw,5huw,44,4,0.873,0.944,1.364,0.986
nomsa_notemplate,5huw,5huw,44,2,0.84,0.907,1.289,1.141
nomsa_notemplate,5j3q,5j3q,43,0,0.643,0.721,3.65,1.98
nomsa_notemplate,5huw,5huw,42,4,0.918,0.926,1.336,0.622
nomsa_notemplate,5j3q,5j3q,42,2,0.662,0.721,3.371,1.835
nomsa_notemplate,5huw,5huw,44,3,0.87,0.944,1.19,1.016
nomsa_notemplate,5huw,5huw,43,1,0.854,0.926,1.33,1.076
nomsa_notemplate,5j3q,5j3q,43,3,0.672,0.744,3.227,1.841
nomsa_notemplate,5j3q,5j3q,43,1,0.781,0.814,1.89,1.285
nomsa_notemplate,5j3q,5j3q,44,0,0.677,0.698,3.071,1.666
nomsa_notemplate,5j3q,5j3q,44,1,0.715,0.791,2.794,1.654
nomsa_notemplate,5j3q,5j3q,43,4,0.719,0.744,2.441,1.533
nomsa_notemplate,5j3q,5j3q,44,4,0.794,0.86,1.98,1.293
nomsa_notemplate,5j3q,5j3q,44,3,0.816,0.837,1.468,1.126
nomsa_notemplate,5j3q,5j3q,44,2,0.782,0.837,1.88,1.343
nomsa_notemplate,5lyn,5lyn,42,1,0.944,0.929,1.31,0.422
nomsa_notemplate,5lyn,5lyn,42,3,0.887,0.786,1.487,0.488
nomsa_notemplate,5lyn,5lyn,42,2,0.925,0.857,1.089,0.396
nomsa_notemplate,5lyn,5lyn,42,0,0.919,0.857,1.365,0.429
nomsa_notemplate,5lyn,5lyn,43,4,0.547,0.536,3.573,2.564
nomsa_notemplate,5lyn,5lyn,43,3,0.525,0.429,3.23,2.445
nomsa_notemplate,5lyn,5lyn,44,0,0.942,0.893,1.051,0.351
nomsa_notemplate,5lyn,5lyn,42,4,0.91,0.821,1.188,0.417
nomsa_notemplate,5lyn,5lyn,44,2,0.934,0.893,1.258,0.408
nomsa_notemplate,5lyn,5lyn,44,1,0.92,0.857,1.344,0.422
nomsa_notemplate,5kds,5kds,43,3,0.129,0.0,11.16,10.609
nomsa_notemplate,5kds,5kds,42,0,0.04,0.0,24.511,12.543
nomsa_notemplate,5lyn,5lyn,43,0,0.49,0.429,4.208,2.691
nomsa_notemplate,5kds,5kds,42,1,0.032,0.0,28.459,12.015
nomsa_notemplate,5kds,5kds,43,4,0.058,0.0,19.721,11.028
nomsa_notemplate,5kds,5kds,43,0,0.048,0.0,21.998,11.959
nomsa_notemplate,5lyn,5lyn,43,1,0.432,0.429,5.815,3.122
nomsa_notemplate,5lyn,5lyn,43,2,0.529,0.5,3.045,3.002
nomsa_notemplate,5lyn,5lyn,44,3,0.824,0.643,1.782,0.574
nomsa_notemplate,5kds,5kds,42,2,0.079,0.0,15.714,13.659
nomsa_notemplate,5kds,5kds,43,1,0.069,0.077,24.016,10.604
nomsa_notemplate,5kds,5kds,43,2,0.068,0.0,17.946,10.381
nomsa_notemplate,5lyn,5lyn,44,4,0.842,0.714,1.926,0.603
nomsa_notemplate,5kds,5kds,42,3,0.07,0.0,17.316,11.913
nomsa_notemplate,5kds,5kds,44,0,0.032,0.0,30.305,10.072
nomsa_notemplate,5kds,5kds,44,1,0.024,0.0,35.331,11.622
nomsa_notemplate,5m5r,5m5r,42,1,0.015,0.0,45.61,14.635
nomsa_notemplate,5kds,5kds,44,4,0.023,0.0,34.829,13.04
nomsa_notemplate,5m5r,5m5r,42,0,0.033,0.0,29.85,9.305
nomsa_notemplate,5m5r,5m5r,44,1,0.33,0.081,5.903,2.723
nomsa_notemplate,5kds,5kds,42,4,0.032,0.0,29.364,10.653
nomsa_notemplate,5kds,5kds,44,2,0.039,0.0,25.634,11.499
nomsa_notemplate,5n22,5n22,42,2,0.02,0.0,36.625,15.053
nomsa_notemplate,5n22,5n22,42,1,0.016,0.0,41.535,17.072
nomsa_notemplate,5m5r,5m5r,43,0,0.012,0.0,49.861,15.63
nomsa_notemplate,5m5r,5m5r,43,2,0.012,0.0,49.459,16.693
nomsa_notemplate,5m5r,5m5r,42,4,0.014,0.0,46.235,14.787
nomsa_notemplate,5m5r,5m5r,42,3,0.023,0.0,36.252,11.791
nomsa_notemplate,5m5r,5m5r,43,3,0.025,0.0,34.254,11.488
nomsa_notemplate,5m5r,5m5r,43,1,0.011,0.0,50.9,17.475
nomsa_notemplate,5m5r,5m5r,42,2,0.013,0.0,48.363,15.803
nomsa_notemplate,5m5r,5m5r,43,4,0.011,0.0,51.297,16.997
nomsa_notemplate,5kds,5kds,44,3,0.061,0.0,19.145,11.253
nomsa_notemplate,5m5r,5m5r,44,3,0.027,0.0,32.844,10.933
nomsa_notemplate,5n22,5n22,42,3,0.021,0.0,35.448,15.71
nomsa_notemplate,5m5r,5m5r,44,0,0.025,0.0,33.585,11.726
nomsa_notemplate,5n22,5n22,44,2,0.014,0.0,44.449,18.32
nomsa_notemplate,5n22,5n22,42,4,0.069,0.022,18.416,14.511
nomsa_notemplate,5m5r,5m5r,44,4,0.037,0.0,27.292,9.842
nomsa_notemplate,5n22,5n22,42,0,0.061,0.065,24.526,14.493
nomsa_notemplate,5n85,5n85,42,3,0.11,0.026,13.388,11.682
nomsa_notemplate,5m5r,5m5r,44,2,0.01,0.0,54.001,17.635
nomsa_notemplate,5n22,5n22,44,4,0.066,0.065,22.889,14.21
nomsa_notemplate,5n85,5n85,42,2,0.087,0.0,15.047,10.522
nomsa_notemplate,5n22,5n22,43,1,0.026,0.0,31.379,16.286
nomsa_notemplate,5n85,5n85,43,4,0.257,0.079,5.917,10.946
nomsa_notemplate,5n22,5n22,44,3,0.034,0.022,30.528,16.668
nomsa_notemplate,5n85,5n85,42,4,0.083,0.0,15.551,11.078
nomsa_notemplate,5n85,5n85,43,2,0.062,0.0,18.659,11.988
nomsa_notemplate,5n85,5n85,44,2,0.182,0.079,9.543,9.492
nomsa_notemplate,5n85,5n85,44,3,0.105,0.0,13.093,10.733
nomsa_notemplate,5n85,5n85,42,0,0.127,0.0,11.18,11.924
nomsa_notemplate,5n22,5n22,44,1,0.081,0.065,19.046,14.12
nomsa_notemplate,5n85,5n85,43,0,0.223,0.026,6.59,11.161
nomsa_notemplate,5n22,5n22,43,0,0.019,0.0,37.0,16.355
nomsa_notemplate,5n22,5n22,43,3,0.032,0.0,27.836,15.402
nomsa_notemplate,5n22,5n22,44,0,0.02,0.0,36.831,16.212
nomsa_notemplate,5n85,5n85,44,4,0.112,0.079,15.235,10.492
nomsa_notemplate,5n22,5n22,43,2,0.023,0.0,34.016,14.825
nomsa_notemplate,5n85,5n85,42,1,0.079,0.0,16.057,11.265
nomsa_notemplate,5n22,5n22,43,4,0.024,0.0,32.657,16.221
nomsa_notemplate,5n85,5n85,44,1,0.049,0.0,21.553,13.384
nomsa_notemplate,5n85,5n85,43,1,0.041,0.0,23.88,13.928
nomsa_notemplate,5n85,5n85,44,0,0.215,0.079,7.656,12.245
nomsa_notemplate,5n85,5n85,43,3,0.264,0.079,5.608,11.294
nomsa_notemplate,5njc,5njc,42,3,0.022,0.0,32.9,24.527
nomsa_notemplate,5nqv,5nqv,42,2,0.028,0.0,31.168,12.683
nomsa_notemplate,5nqv,5nqv,42,0,0.062,0.095,28.871,13.337
nomsa_notemplate,5njc,5njc,43,4,0.01,0.0,51.775,25.61
nomsa_notemplate,5njc,5njc,42,0,0.013,0.0,44.481,24.706
nomsa_notemplate,5nqv,5nqv,42,4,0.026,0.0,31.958,13.048
nomsa_notemplate,5njc,5njc,42,2,0.053,0.0,20.164,18.289
nomsa_notemplate,5njc,5njc,42,4,0.008,0.0,56.585,29.027
nomsa_notemplate,5nqv,5nqv,42,3,0.081,0.0,15.575,13.278
nomsa_notemplate,5njc,5njc,43,0,0.013,0.0,44.064,23.815
nomsa_notemplate,5nqv,5nqv,43,0,0.094,0.143,22.96,10.909
nomsa_notemplate,5nqv,5nqv,43,2,0.021,0.0,36.807,13.693
nomsa_notemplate,5njc,5njc,43,3,0.007,0.0,62.674,26.879
nomsa_notemplate,5nqv,5nqv,42,1,0.06,0.0,18.9,14.049
nomsa_notemplate,5nqv,5nqv,43,4,0.052,0.048,26.605,12.411
nomsa_notemplate,5njc,5njc,44,3,0.019,0.0,36.479,21.152
nomsa_notemplate,5njc,5njc,44,1,0.017,0.0,38.899,19.573
nomsa_notemplate,5nqv,5nqv,43,3,0.016,0.0,44.194,14.301
nomsa_notemplate,5njc,5njc,43,2,0.016,0.0,39.525,23.942
nomsa_notemplate,5nqv,5nqv,43,1,0.018,0.0,40.924,13.888
nomsa_notemplate,5nqv,5nqv,44,0,0.057,0.071,28.035,12.531
nomsa_notemplate,5nqv,5nqv,44,1,0.017,0.0,41.041,14.047
nomsa_notemplate,5njc,5njc,42,1,0.014,0.0,42.15,23.898
nomsa_notemplate,5nqv,5nqv,44,2,0.054,0.024,22.685,12.309
nomsa_notemplate,5njc,5njc,43,1,0.009,0.0,56.836,23.39
nomsa_notemplate,5njc,5njc,44,2,0.112,0.0,12.125,18.934
nomsa_notemplate,5o9u,5o9u,42,1,0.065,0.014,18.513,16.389
nomsa_notemplate,5njc,5njc,44,0,0.038,0.026,28.175,20.926
nomsa_notemplate,5njc,5njc,44,4,0.013,0.0,44.52,26.048
nomsa_notemplate,5o9u,5o9u,43,2,0.048,0.0,21.395,18.125
nomsa_notemplate,5o9u,5o9u,42,4,0.091,0.096,18.742,17.643
nomsa_notemplate,5nqv,5nqv,44,4,0.023,0.0,34.584,14.438
nomsa_notemplate,5nqv,5nqv,44,3,0.063,0.095,28.62,13.051
nomsa_notemplate,5o9u,5o9u,43,0,0.058,0.014,19.751,22.011
nomsa_notemplate,5o9u,5o9u,43,1,0.041,0.0,23.262,20.227
nomsa_notemplate,5o9u,5o9u,42,0,0.033,0.0,26.709,17.991
nomsa_notemplate,5o9u,5o9u,42,3,0.039,0.014,25.765,19.294
nomsa_notemplate,5o9u,5o9u,43,3,0.055,0.014,20.626,17.87
nomsa_notemplate,5o9u,5o9u,42,2,0.038,0.014,26.593,17.65
nomsa_notemplate,5o9u,5o9u,43,4,0.061,0.0,18.405,16.018
nomsa_notemplate,5oj5,5oj5,42,3,0.861,0.857,2.412,0.747
nomsa_notemplate,5o9u,5o9u,44,3,0.151,0.014,9.736,19.552
nomsa_notemplate,5o9u,5o9u,44,0,0.144,0.0,9.932,16.207
nomsa_notemplate,5onp,5onp,42,1,0.034,0.0,27.491,11.782
nomsa_notemplate,5oj5,5oj5,44,0,0.853,0.905,3.454,0.759
nomsa_notemplate,5oj5,5oj5,42,4,0.886,0.952,2.926,0.72
nomsa_notemplate,5o9u,5o9u,44,2,0.024,0.0,31.633,19.729
nomsa_notemplate,5onp,5onp,43,0,0.147,0.132,13.428,9.896
nomsa_notemplate,5oj5,5oj5,44,4,0.886,0.905,2.132,0.722
nomsa_notemplate,5oj5,5oj5,43,2,0.854,0.857,2.749,0.753
nomsa_notemplate,5onp,5onp,42,4,0.038,0.026,29.875,12.49
nomsa_notemplate,5oj5,5oj5,42,0,0.849,0.857,2.826,0.772
nomsa_notemplate,5o9u,5o9u,44,4,0.027,0.014,33.333,19.922
nomsa_notemplate,5oj5,5oj5,43,3,0.866,0.905,3.196,0.71
nomsa_notemplate,5oj5,5oj5,43,1,0.91,0.952,1.986,0.681
nomsa_notemplate,5onp,5onp,44,0,0.054,0.053,26.918,10.811
nomsa_notemplate,5oj5,5oj5,43,4,0.9,0.952,2.129,0.733
nomsa_notemplate,5onp,5onp,42,2,0.038,0.0,26.04,11.615
nomsa_notemplate,5onp,5onp,42,3,0.04,0.026,29.794,11.113
nomsa_notemplate,5oj5,5oj5,44,1,0.863,0.905,3.15,0.739
nomsa_notemplate,5oj5,5oj5,44,2,0.907,0.952,1.965,0.707
nomsa_notemplate,5oj5,5oj5,42,1,0.864,0.905,2.872,0.777
nomsa_notemplate,5oj5,5oj5,43,0,0.938,0.952,1.518,0.522
nomsa_notemplate,5onp,5onp,43,3,0.144,0.079,12.185,9.221
nomsa_notemplate,5t0k,5t0k,42,3,0.013,0.0,46.748,19.074
nomsa_notemplate,5oj5,5oj5,42,2,0.889,0.952,3.097,0.674
nomsa_notemplate,5onp,5onp,43,1,0.229,0.079,7.391,7.586
nomsa_notemplate,5onp,5onp,43,2,0.034,0.0,27.612,11.536
nomsa_notemplate,5o9u,5o9u,44,1,0.099,0.041,14.755,17.049
nomsa_notemplate,5oj5,5oj5,44,3,0.023,0.0,35.662,11.795
nomsa_notemplate,5onp,5onp,42,0,0.102,0.053,15.399,10.478
nomsa_notemplate,5onp,5onp,43,4,0.031,0.0,30.332,10.463
nomsa_notemplate,5t0k,5t0k,42,4,0.066,0.018,18.859,14.446
nomsa_notemplate,5onp,5onp,44,2,0.212,0.289,12.108,11.402
nomsa_notemplate,5t0k,5t0k,42,1,0.015,0.0,42.063,19.391
nomsa_notemplate,5t0k,5t0k,43,3,0.042,0.0,23.125,16.399
nomsa_notemplate,5t0k,5t0k,42,2,0.068,0.018,18.784,11.807
nomsa_notemplate,5t0k,5t0k,42,0,0.023,0.0,33.343,16.399
nomsa_notemplate,5onp,5onp,44,4,0.042,0.0,24.593,10.594
nomsa_notemplate,5t0k,5t0k,43,0,0.058,0.0,19.279,13.416
nomsa_notemplate,5onp,5onp,44,1,0.026,0.0,33.841,10.57
nomsa_notemplate,5onp,5onp,44,3,0.027,0.0,30.789,15.209
nomsa_notemplate,5t0k,5t0k,43,1,0.016,0.0,40.673,17.821
nomsa_notemplate,5t0k,5t0k,43,2,0.016,0.0,41.606,17.034
nomsa_notemplate,5t0k,5t0k,44,1,0.042,0.0,23.641,13.316
nomsa_notemplate,5tgi,5tgi,42,1,0.091,0.122,22.02,10.259
nomsa_notemplate,5tgi,5tgi,43,0,0.046,0.024,24.857,15.196
nomsa_notemplate,5tgi,5tgi,42,2,0.022,0.0,34.325,16.392
nomsa_notemplate,5tgi,5tgi,42,4,0.036,0.0,25.703,14.746
nomsa_notemplate,5tgi,5tgi,42,3,0.026,0.0,31.671,15.325
nomsa_notemplate,5t0k,5t0k,43,4,0.058,0.018,20.616,14.985
nomsa_notemplate,5tgi,5tgi,43,2,0.016,0.0,40.559,18.31
nomsa_notemplate,5t0k,5t0k,44,2,0.02,0.0,36.377,15.345
nomsa_notemplate,5t0k,5t0k,44,3,0.021,0.0,35.986,15.743
nomsa_notemplate,5tgi,5tgi,42,0,0.015,0.0,41.892,20.007
nomsa_notemplate,5tgi,5tgi,44,2,0.033,0.0,27.638,13.519
nomsa_notemplate,5t0k,5t0k,44,0,0.088,0.036,16.116,14.165
nomsa_notemplate,5t0k,5t0k,44,4,0.013,0.0,45.499,20.05
nomsa_notemplate,5tgi,5tgi,43,1,0.012,0.0,47.604,22.724
nomsa_notemplate,5tgi,5tgi,44,4,0.065,0.049,21.601,13.32
nomsa_notemplate,5tgi,5tgi,43,3,0.036,0.0,26.162,12.768
nomsa_notemplate,5tgi,5tgi,44,0,0.017,0.0,40.052,17.727
nomsa_notemplate,5tgi,5tgi,44,1,0.021,0.0,35.933,16.121
nomsa_notemplate,5tgi,5tgi,43,4,0.032,0.024,32.847,16.215
nomsa_notemplate,5tgi,5tgi,44,3,0.019,0.0,37.279,16.839
nomsa_notemplate,5v2p,5v2p,43,0,0.011,0.0,51.169,17.505
nomsa_notemplate,5v2p,5v2p,42,4,0.04,0.0,24.267,13.751
nomsa_notemplate,5v2p,5v2p,42,0,0.04,0.083,51.493,15.501
nomsa_notemplate,5v2p,5v2p,44,1,0.05,0.0,20.879,16.038
nomsa_notemplate,5v2p,5v2p,42,3,0.009,0.0,58.697,18.85
nomsa_notemplate,5v2p,5v2p,42,2,0.029,0.0,30.194,13.024
nomsa_notemplate,5v2p,5v2p,44,4,0.017,0.0,40.081,16.675
nomsa_notemplate,5v2p,5v2p,44,3,0.013,0.0,52.017,13.494
nomsa_notemplate,5v2p,5v2p,43,1,0.01,0.0,58.784,15.691
nomsa_notemplate,5v2p,5v2p,43,3,0.023,0.0,34.791,13.981
nomsa_notemplate,5v2p,5v2p,42,1,0.023,0.0,34.462,13.263
nomsa_notemplate,5wfv,5wfv,42,0,0.867,0.848,2.081,0.728
nomsa_notemplate,5v2p,5v2p,44,0,0.034,0.0,28.46,10.666
nomsa_notemplate,5v3r,5v3r,43,3,0.374,0.345,5.125,7.113
nomsa_notemplate,5wfv,5wfv,43,0,0.948,0.913,0.517,0.393
nomsa_notemplate,5v2p,5v2p,44,2,0.015,0.0,45.349,13.971
nomsa_notemplate,5v2p,5v2p,43,4,0.026,0.021,41.841,11.356
nomsa_notemplate,5v2p,5v2p,43,2,0.108,0.0,13.118,8.867
nomsa_notemplate,5v3r,5v3r,43,2,0.352,0.345,5.912,7.713
nomsa_notemplate,5wfv,5wfv,42,4,0.942,0.891,0.657,0.378
nomsa_notemplate,5v3r,5v3r,44,0,0.299,0.345,8.381,7.003
nomsa_notemplate,5v3r,5v3r,42,4,0.329,0.379,7.454,7.152
nomsa_notemplate,5wyi,5wyi,42,1,0.029,0.0,30.304,12.531
nomsa_notemplate,5v3r,5v3r,42,2,0.33,0.345,6.729,8.544
nomsa_notemplate,5v3r,5v3r,42,0,0.352,0.379,6.094,11.904
nomsa_notemplate,5v3r,5v3r,43,0,0.236,0.379,13.352,7.191
nomsa_notemplate,5wyi,5wyi,42,3,0.025,0.0,31.899,15.297
nomsa_notemplate,5v3r,5v3r,42,1,0.41,0.379,4.184,6.916
nomsa_notemplate,5wfv,5wfv,43,2,0.912,0.826,0.879,0.445
nomsa_notemplate,5v3r,5v3r,44,1,0.436,0.345,2.518,6.917
nomsa_notemplate,5wfv,5wfv,42,1,0.942,0.891,0.531,0.388
nomsa_notemplate,5wfv,5wfv,42,2,0.922,0.87,1.014,0.473
nomsa_notemplate,5v3r,5v3r,42,3,0.362,0.345,5.388,8.964
nomsa_notemplate,5wyi,5wyi,42,0,0.044,0.0,23.397,12.045
nomsa_notemplate,5wfv,5wfv,44,0,0.932,0.891,0.961,0.453
nomsa_notemplate,5v3r,5v3r,43,4,0.267,0.379,10.719,7.659
nomsa_notemplate,5v3r,5v3r,44,3,0.337,0.379,7.091,7.121
nomsa_notemplate,5v3r,5v3r,43,1,0.247,0.379,12.304,7.388
nomsa_notemplate,5v3r,5v3r,44,2,0.383,0.379,5.232,6.863
nomsa_notemplate,5wfv,5wfv,42,3,0.934,0.913,1.034,0.492
nomsa_notemplate,5v3r,5v3r,44,4,0.397,0.379,4.618,7.404
nomsa_notemplate,5wfv,5wfv,43,1,0.942,0.913,0.9,0.433
nomsa_notemplate,5wfv,5wfv,43,3,0.934,0.891,0.88,0.439
nomsa_notemplate,5wfv,5wfv,44,3,0.933,0.891,0.953,0.446
nomsa_notemplate,5wfv,5wfv,43,4,0.948,0.913,0.67,0.384
nomsa_notemplate,5wyi,5wyi,43,1,0.052,0.0,20.77,13.543
nomsa_notemplate,5wfv,5wfv,44,2,0.925,0.848,0.757,0.396
nomsa_notemplate,5wyi,5wyi,42,2,0.072,0.0,16.668,15.871
nomsa_notemplate,5wyi,5wyi,43,2,0.031,0.0,28.886,12.407
nomsa_notemplate,5wyi,5wyi,42,4,0.191,0.148,10.313,10.697
nomsa_notemplate,5wyi,5wyi,43,0,0.023,0.0,33.497,15.774
nomsa_notemplate,5wfv,5wfv,44,1,0.919,0.848,0.915,0.441
nomsa_notemplate,5wyi,5wyi,44,2,0.063,0.037,21.438,11.336
nomsa_notemplate,5xhz,5xhz,43,1,0.287,0.35,10.567,4.116
nomsa_notemplate,5wyi,5wyi,44,0,0.12,0.074,13.838,13.013
nomsa_notemplate,5xhz,5xhz,42,3,0.261,0.3,11.011,4.269
nomsa_notemplate,5wyi,5wyi,43,3,0.063,0.037,21.052,13.452
nomsa_notemplate,5wyi,5wyi,43,4,0.082,0.185,36.033,15.616
nomsa_notemplate,5xhz,5xhz,42,2,0.233,0.175,10.07,4.345
nomsa_notemplate,5xhz,5xhz,42,4,0.298,0.4,10.635,4.373
nomsa_notemplate,5wyi,5wyi,44,1,0.136,0.333,32.9,12.931
nomsa_notemplate,5xhz,5xhz,43,2,0.291,0.375,10.535,4.404
nomsa_notemplate,5xhz,5xhz,42,1,0.239,0.225,10.809,4.25
nomsa_notemplate,5xhz,5xhz,42,0,0.243,0.225,10.647,4.194
nomsa_notemplate,5xhz,5xhz,43,0,0.267,0.3,10.498,4.352
nomsa_notemplate,5xhz,5xhz,44,0,0.233,0.225,11.155,4.314
nomsa_notemplate,5wfv,5wfv,44,4,0.922,0.848,0.788,0.426
nomsa_notemplate,5xhz,5xhz,43,3,0.319,0.45,10.555,4.213
nomsa_notemplate,5wyi,5wyi,44,3,0.034,0.0,26.866,13.602
nomsa_notemplate,5wyi,5wyi,44,4,0.133,0.037,11.637,13.128
nomsa_notemplate,5xhz,5xhz,43,4,0.26,0.275,10.493,4.319
nomsa_notemplate,5xhz,5xhz,44,3,0.232,0.2,10.546,4.461
nomsa_notemplate,5xhz,5xhz,44,1,0.222,0.2,11.276,4.43
nomsa_notemplate,5xhz,5xhz,44,4,0.26,0.275,10.664,4.104
nomsa_notemplate,5xhz,5xhz,44,2,0.239,0.25,11.349,4.317
nomsa_notemplate,5xxq,5xxq,42,2,0.403,0.244,6.555,2.099
nomsa_notemplate,5xxq,5xxq,42,1,0.765,0.634,2.514,0.888
nomsa_notemplate,5xxq,5xxq,43,0,0.669,0.463,2.732,1.133
nomsa_notemplate,5xxq,5xxq,42,0,0.018,0.0,41.196,13.027
nomsa_notemplate,5xxq,5xxq,43,4,0.552,0.341,4.178,1.471
nomsa_notemplate,5xxq,5xxq,44,0,0.512,0.293,4.588,1.598
nomsa_notemplate,5yay,5yay,43,2,0.289,0.242,7.679,5.273
nomsa_notemplate,5yay,5yay,42,3,0.327,0.258,6.522,4.709
nomsa_notemplate,5xxq,5xxq,42,3,0.487,0.244,4.557,1.691
nomsa_notemplate,6b27,6b27,42,1,0.048,0.065,30.963,15.733
nomsa_notemplate,6b27,6b27,43,2,0.273,0.645,19.299,13.631
nomsa_notemplate,5yay,5yay,43,3,0.338,0.29,6.428,4.863
nomsa_notemplate,5yay,5yay,44,1,0.263,0.097,6.877,4.795
nomsa_notemplate,5yay,5yay,42,4,0.246,0.194,8.959,5.408
nomsa_notemplate,5yay,5yay,44,2,0.307,0.161,6.089,4.513
nomsa_notemplate,5yay,5yay,43,4,0.259,0.21,8.593,5.395
nomsa_notemplate,6b27,6b27,42,0,0.121,0.194,19.481,14.681
nomsa_notemplate,5yay,5yay,43,1,0.325,0.242,6.308,4.822
nomsa_notemplate,6b27,6b27,42,2,0.061,0.097,29.294,15.352
nomsa_notemplate,6b27,6b27,42,4,0.046,0.065,32.816,15.371
nomsa_notemplate,5yay,5yay,44,3,0.191,0.21,12.685,6.392
nomsa_notemplate,5xxq,5xxq,44,1,0.625,0.366,2.978,1.18
nomsa_notemplate,5xxq,5xxq,44,4,0.451,0.22,5.406,1.76
nomsa_notemplate,5xxq,5xxq,42,4,0.252,0.171,10.323,3.203
nomsa_notemplate,6b27,6b27,42,3,0.057,0.097,31.929,15.756
nomsa_notemplate,5yay,5yay,44,4,0.152,0.129,13.86,6.371
nomsa_notemplate,5xxq,5xxq,43,2,0.602,0.366,3.294,1.303
nomsa_notemplate,5xxq,5xxq,43,3,0.674,0.439,2.877,1.016
nomsa_notemplate,5xxq,5xxq,43,1,0.473,0.39,5.941,2.011
nomsa_notemplate,5yay,5yay,44,0,0.276,0.081,6.232,4.606
nomsa_notemplate,5xxq,5xxq,44,3,0.069,0.073,25.369,7.965
nomsa_notemplate,5xxq,5xxq,44,2,0.297,0.073,7.856,2.419
nomsa_notemplate,6b27,6b27,43,1,0.271,0.613,17.773,13.347
nomsa_notemplate,6b27,6b27,43,0,0.237,0.581,23.55,12.662
nomsa_notemplate,6b27,6b27,43,4,0.251,0.613,22.538,12.453
nomsa_notemplate,5yay,5yay,42,1,0.306,0.21,6.609,4.947
nomsa_notemplate,6b27,6b27,44,1,0.115,0.194,20.86,14.815
nomsa_notemplate,5yay,5yay,42,0,0.111,0.048,15.094,7.002
nomsa_notemplate,5yay,5yay,42,2,0.317,0.274,7.13,4.796
nomsa_notemplate,5yay,5yay,43,0,0.02,0.0,38.587,13.393
nomsa_notemplate,6b27,6b27,43,3,0.281,0.645,17.951,12.177
nomsa_notemplate,6co4,6co4,43,4,0.06,0.0,19.119,12.292
nomsa_notemplate,6b27,6b27,44,0,0.091,0.194,31.01,15.399
nomsa_notemplate,6co4,6co4,44,2,0.044,0.021,25.502,13.969
nomsa_notemplate,6co4,6co4,43,3,0.064,0.021,19.71,12.332
nomsa_notemplate,6b27,6b27,44,3,0.088,0.161,26.35,15.386
nomsa_notemplate,6co4,6co4,43,0,0.063,0.0,18.502,12.097
nomsa_notemplate,6co4,6co4,43,1,0.068,0.021,18.997,12.16
nomsa_notemplate,6dei,6dei,43,4,0.033,0.021,31.977,14.385
nomsa_notemplate,6co4,6co4,42,4,0.055,0.0,20.091,12.972
nomsa_notemplate,6b27,6b27,44,2,0.034,0.032,33.732,15.161
nomsa_notemplate,6co4,6co4,44,0,0.085,0.064,18.335,12.313
nomsa_notemplate,6b27,6b27,44,4,0.173,0.29,16.092,14.025
nomsa_notemplate,6dei,6dei,44,1,0.042,0.021,26.406,14.816
nomsa_notemplate,6co4,6co4,42,2,0.066,0.021,19.273,12.249
nomsa_notemplate,6co4,6co4,42,1,0.062,0.0,18.631,12.272
nomsa_notemplate,6dei,6dei,42,2,0.049,0.021,23.826,13.08
nomsa_notemplate,6co4,6co4,42,3,0.09,0.128,22.019,13.672
nomsa_notemplate,6co4,6co4,42,0,0.073,0.043,19.42,12.353
nomsa_notemplate,6dei,6dei,44,2,0.079,0.104,22.829,14.552
nomsa_notemplate,6co4,6co4,44,1,0.067,0.021,19.085,12.165
nomsa_notemplate,6co4,6co4,44,4,0.063,0.021,19.957,12.517
nomsa_notemplate,6dei,6dei,43,3,0.027,0.0,30.761,14.569
nomsa_notemplate,6dei,6dei,42,1,0.036,0.0,25.795,14.4
nomsa_notemplate,6co4,6co4,43,2,0.056,0.043,23.739,13.799
nomsa_notemplate,6dei,6dei,42,4,0.082,0.083,20.126,13.833
nomsa_notemplate,6co4,6co4,44,3,0.11,0.149,18.985,12.353
nomsa_notemplate,6dei,6dei,42,0,0.084,0.083,19.603,13.9
nomsa_notemplate,6dei,6dei,44,0,0.074,0.146,32.079,15.535
nomsa_notemplate,6dei,6dei,43,2,0.033,0.021,31.311,14.494
nomsa_notemplate,6dei,6dei,42,3,0.04,0.021,27.163,14.817
nomsa_notemplate,6dei,6dei,43,1,0.042,0.0,23.404,16.556
nomsa_notemplate,6dei,6dei,44,3,0.119,0.042,12.947,13.198
nomsa_notemplate,6dei,6dei,43,0,0.062,0.042,21.636,13.816
nomsa_notemplate,6e5x,6e5x,42,0,0.84,0.943,2.577,1.073
nomsa_notemplate,6e5x,6e5x,42,4,0.799,0.943,4.136,1.11
nomsa_notemplate,6dei,6dei,44,4,0.069,0.062,21.681,13.754
nomsa_notemplate,6e5x,6e5x,42,3,0.852,0.943,2.443,1.008
nomsa_notemplate,6e5x,6e5x,43,0,0.829,0.914,2.626,1.076
nomsa_notemplate,6e5x,6e5x,43,4,0.834,0.943,2.71,1.098
nomsa_notemplate,6e5x,6e5x,43,1,0.818,0.943,3.653,1.057
nomsa_notemplate,6e5x,6e5x,42,1,0.851,0.943,2.277,1.032
nomsa_notemplate,6e5x,6e5x,44,2,0.839,0.943,2.421,1.1
nomsa_notemplate,6e5x,6e5x,42,2,0.815,0.943,3.761,1.066
nomsa_notemplate,6e5x,6e5x,44,3,0.84,0.943,2.536,1.078
nomsa_notemplate,6e5x,6e5x,43,2,0.833,0.943,2.78,1.093
nomsa_notemplate,6e5x,6e5x,44,0,0.834,0.943,3.064,1.04
nomsa_notemplate,6e5x,6e5x,44,1,0.847,0.943,2.506,1.037
nomsa_notemplate,6e5x,6e5x,44,4,0.965,1.0,1.237,0.457
nomsa_notemplate,6e5x,6e5x,43,3,0.851,0.943,2.741,0.973
nomsa_notemplate,6f0w,6f0w,42,4,0.06,0.013,19.594,16.782
nomsa_notemplate,6f0w,6f0w,42,2,0.025,0.0,31.663,16.227
nomsa_notemplate,6f0w,6f0w,44,0,0.018,0.0,37.889,17.187
nomsa_notemplate,6f0w,6f0w,43,0,0.027,0.0,30.086,18.248
nomsa_notemplate,6f0w,6f0w,42,0,0.033,0.013,29.424,16.042
nomsa_notemplate,6f0w,6f0w,44,4,0.036,0.0,25.326,17.215
nomsa_notemplate,6f0w,6f0w,43,2,0.02,0.0,35.569,17.887
nomsa_notemplate,6f0w,6f0w,42,1,0.087,0.026,15.819,15.282
nomsa_notemplate,6f0w,6f0w,42,3,0.02,0.0,35.972,19.203
nomsa_notemplate,6f0w,6f0w,44,1,0.029,0.0,28.362,19.681
nomsa_notemplate,6f0y,6f0y,42,1,0.437,0.818,10.453,4.67
nomsa_notemplate,6ej7,6ej7,42,2,0.032,0.0,26.863,22.626
nomsa_notemplate,6f0w,6f0w,43,1,0.021,0.0,34.742,17.426
nomsa_notemplate,6f0w,6f0w,44,2,0.036,0.053,38.608,16.987
nomsa_notemplate,6ej7,6ej7,43,3,0.01,0.0,52.468,20.674
nomsa_notemplate,6ej7,6ej7,43,0,0.021,0.0,33.671,23.344
nomsa_notemplate,6f0y,6f0y,43,0,0.481,0.818,8.368,4.142
nomsa_notemplate,6f0y,6f0y,42,4,0.463,0.818,8.873,4.7
nomsa_notemplate,6ej7,6ej7,42,0,0.012,0.0,48.048,19.662
nomsa_notemplate,6ej7,6ej7,44,3,0.015,0.0,42.299,21.506
nomsa_notemplate,6f0y,6f0y,42,3,0.443,0.818,9.954,4.792
nomsa_notemplate,6f0y,6f0y,42,0,0.444,0.818,9.889,4.769
nomsa_notemplate,6f0w,6f0w,43,3,0.037,0.013,27.344,15.958
nomsa_notemplate,6f0y,6f0y,43,4,0.405,0.818,12.178,5.481
nomsa_notemplate,6f0y,6f0y,43,2,0.492,0.818,7.663,4.384
nomsa_notemplate,6f0y,6f0y,42,2,0.427,0.773,10.14,4.604
nomsa_notemplate,6f0y,6f0y,43,3,0.437,0.818,10.346,4.819
nomsa_notemplate,6f0y,6f0y,43,1,0.432,0.818,10.585,4.861
nomsa_notemplate,6ej7,6ej7,42,1,0.014,0.0,43.276,25.009
nomsa_notemplate,6ej7,6ej7,44,2,0.009,0.0,55.342,24.854
nomsa_notemplate,6f0w,6f0w,43,4,0.183,0.0,7.826,18.28
nomsa_notemplate,6ej7,6ej7,44,4,0.016,0.0,40.135,22.424
nomsa_notemplate,6ej7,6ej7,44,0,0.008,0.0,60.343,25.293
nomsa_notemplate,6f0w,6f0w,44,3,0.016,0.0,40.56,19.073
nomsa_notemplate,6ej7,6ej7,42,3,0.015,0.0,41.489,21.118
nomsa_notemplate,6ej7,6ej7,43,1,0.02,0.0,35.177,22.176
nomsa_notemplate,6ej7,6ej7,42,4,0.033,0.0,26.22,21.359
nomsa_notemplate,6ej7,6ej7,43,2,0.006,0.0,70.226,26.509
nomsa_notemplate,6f0y,6f0y,44,1,0.491,0.841,8.362,3.98
nomsa_notemplate,6f0y,6f0y,44,0,0.498,0.818,8.175,3.479
nomsa_notemplate,6f4s,6f4s,42,4,0.075,0.065,20.143,15.821
nomsa_notemplate,6ej7,6ej7,44,1,0.085,0.0,14.741,22.19
nomsa_notemplate,6f4s,6f4s,42,2,0.042,0.0,23.381,14.491
nomsa_notemplate,6f0y,6f0y,44,2,0.474,0.841,9.233,4.04
nomsa_notemplate,6ej7,6ej7,43,4,0.022,0.0,33.411,21.866
nomsa_notemplate,6f4s,6f4s,44,0,0.046,0.0,22.344,14.308
nomsa_notemplate,6f0y,6f0y,44,3,0.478,0.841,8.862,4.18
nomsa_notemplate,6f0y,6f0y,44,4,0.461,0.795,8.582,4.664
nomsa_notemplate,6f4s,6f4s,42,3,0.086,0.0,14.906,13.247
nomsa_notemplate,6f4s,6f4s,42,0,0.092,0.0,14.17,13.693
nomsa_notemplate,6f4s,6f4s,43,0,0.069,0.0,17.074,15.796
nomsa_notemplate,6f4s,6f4s,42,1,0.05,0.0,20.91,15.552
nomsa_notemplate,6f4s,6f4s,43,1,0.053,0.065,27.641,16.236
nomsa_notemplate,6f6d,6f6d,43,2,0.028,0.0,29.005,22.441
nomsa_notemplate,6f4s,6f4s,43,2,0.032,0.0,27.596,16.141
nomsa_notemplate,6f4s,6f4s,44,1,0.056,0.032,22.28,15.741
nomsa_notemplate,6f6d,6f6d,43,1,0.013,0.0,44.665,20.869
nomsa_notemplate,6f6d,6f6d,44,1,0.024,0.0,32.121,18.762
nomsa_notemplate,6f4s,6f4s,43,3,0.086,0.065,17.778,16.3
nomsa_notemplate,6fbk,6fbk,42,1,0.569,0.711,4.746,2.71
nomsa_notemplate,6f6d,6f6d,43,0,0.036,0.011,26.8,19.295
nomsa_notemplate,6fbk,6fbk,42,0,0.631,0.737,4.389,1.972
nomsa_notemplate,6f4s,6f4s,43,4,0.107,0.065,14.941,13.997
nomsa_notemplate,6f4s,6f4s,44,2,0.096,0.0,13.698,14.181
nomsa_notemplate,6f4s,6f4s,44,3,0.032,0.0,27.417,16.465
nomsa_notemplate,6f4s,6f4s,44,4,0.078,0.032,17.368,16.399
nomsa_notemplate,6fbk,6fbk,43,1,0.619,0.737,3.374,2.551
nomsa_notemplate,6fbk,6fbk,44,1,0.595,0.737,4.193,2.647
nomsa_notemplate,6fbk,6fbk,42,3,0.576,0.684,5.029,2.272
nomsa_notemplate,6fbk,6fbk,43,3,0.581,0.658,4.443,2.296
nomsa_notemplate,6fbk,6fbk,43,4,0.529,0.684,6.167,2.614
nomsa_notemplate,6fbk,6fbk,42,4,0.513,0.605,5.181,2.962
nomsa_notemplate,6fbk,6fbk,42,2,0.587,0.684,4.447,2.337
nomsa_notemplate,6fbk,6fbk,43,0,0.635,0.737,3.856,2.091
nomsa_notemplate,6f6d,6f6d,44,0,0.03,0.0,28.12,18.698
nomsa_notemplate,6fbk,6fbk,43,2,0.565,0.711,5.21,2.546
nomsa_notemplate,6fbk,6fbk,44,0,0.551,0.711,5.369,2.768
nomsa_notemplate,6f6d,6f6d,42,2,0.02,0.0,35.185,20.623
nomsa_notemplate,6f6d,6f6d,42,4,0.063,0.023,19.593,16.423
nomsa_notemplate,6f6d,6f6d,43,4,0.007,0.0,63.176,24.139
nomsa_notemplate,6fbk,6fbk,44,2,0.591,0.737,4.496,2.563
nomsa_notemplate,6f6d,6f6d,42,0,0.018,0.0,38.571,18.792
nomsa_notemplate,6fbk,6fbk,44,3,0.581,0.737,4.752,2.638
nomsa_notemplate,6f6d,6f6d,42,3,0.039,0.0,24.27,17.064
nomsa_notemplate,6f6d,6f6d,43,3,0.015,0.0,42.739,20.119
nomsa_notemplate,6f6d,6f6d,42,1,0.044,0.057,31.198,18.874
nomsa_notemplate,6fbk,6fbk,44,4,0.586,0.711,3.897,2.807
nomsa_notemplate,6f6d,6f6d,44,2,0.021,0.0,34.657,19.656
nomsa_notemplate,6h7b,6h7b,42,0,0.057,0.0,21.706,7.666
nomsa_notemplate,6f6d,6f6d,44,4,0.066,0.057,21.609,18.511
nomsa_notemplate,6h7b,6h7b,42,1,0.1,0.023,15.98,6.12
nomsa_notemplate,6h7b,6h7b,42,4,0.072,0.0,18.814,6.875
nomsa_notemplate,6h7b,6h7b,42,3,0.061,0.0,20.839,7.338
nomsa_notemplate,6f6d,6f6d,44,3,0.018,0.0,38.612,18.835
nomsa_notemplate,6h7b,6h7b,43,2,0.057,0.0,21.679,7.63
nomsa_notemplate,6h7b,6h7b,43,1,0.061,0.0,20.785,7.441
nomsa_notemplate,6h7b,6h7b,44,2,0.064,0.0,20.256,7.171
nomsa_notemplate,6h7b,6h7b,42,2,0.07,0.0,19.174,6.97
nomsa_notemplate,6h7b,6h7b,43,4,0.074,0.0,18.628,6.587
nomsa_notemplate,6h7b,6h7b,43,3,0.072,0.0,18.656,7.031
nomsa_notemplate,6h7b,6h7b,43,0,0.054,0.0,22.311,7.981
nomsa_notemplate,6h7b,6h7b,44,1,0.054,0.0,22.193,8.137
nomsa_notemplate,6h7b,6h7b,44,4,0.095,0.023,16.681,6.239
nomsa_notemplate,6h7b,6h7b,44,3,0.062,0.0,20.733,7.246
nomsa_notemplate,6h7b,6h7b,44,0,0.108,0.047,16.161,5.893
nomsa_notemplate,6g5g,6g5g,42,1,0.004,0.0,82.526,31.024
nomsa_notemplate,6g5g,6g5g,42,0,0.009,0.0,57.173,20.467
nomsa_notemplate,6g5g,6g5g,42,3,0.006,0.0,68.229,25.213
nomsa_notemplate,6g5g,6g5g,42,2,0.003,0.0,98.827,30.911
nomsa_notemplate,6g5g,6g5g,43,2,0.003,0.0,95.37,35.086
nomsa_notemplate,6g5g,6g5g,43,0,0.006,0.0,70.785,25.722
nomsa_notemplate,6g5g,6g5g,43,1,0.005,0.0,81.148,28.822
nomsa_notemplate,6g5g,6g5g,43,3,0.038,0.0,24.775,17.284
nomsa_notemplate,6g5g,6g5g,44,4,0.003,0.0,109.33,36.549
nomsa_notemplate,6g5g,6g5g,43,4,0.005,0.0,80.479,27.648
nomsa_notemplate,6g5g,6g5g,42,4,0.003,0.0,100.438,31.45
nomsa_notemplate,6g5g,6g5g,44,2,0.004,0.0,86.946,28.566
nomsa_notemplate,6g5g,6g5g,44,0,0.006,0.0,66.484,26.449
nomsa_notemplate,6g5g,6g5g,44,3,0.003,0.0,105.7,35.453
nomsa_notemplate,6g5g,6g5g,44,1,0.008,0.0,61.475,21.65
