Total DockQ over 1 native interfaces: 0.753 with BA:LB model:native mapping
DockQ 0.753 iRMSD 1.325 LRMSD 2.579 fnat 0.783 fnonnat 0.280 F1 0.750 clashes 0 mapping BA:LB /home/junjiechen/1_work/250401-Dpepalign/Benchmark/protenix/PepSet/pred/1a0n/seed_43/predictions/1a0n_sample_0.cif B A -> /home/junjiechen/1_work/250401-Dpepalign/Benchmark/dataset/PepSet_dimer/1a0n.pdb L B
Total DockQ over 1 native interfaces: 0.519 with BA:LB model:native mapping
DockQ 0.519 iRMSD 2.920 LRMSD 7.442 fnat 0.783 fnonnat 0.308 F1 0.735 clashes 0 mapping BA:LB /home/junjiechen/1_work/250401-Dpepalign/Benchmark/protenix/PepSet/pred/1a0n/seed_42/predictions/1a0n_sample_0.cif B A -> /home/junjiechen/1_work/250401-Dpepalign/Benchmark/dataset/PepSet_dimer/1a0n.pdb L B
Total DockQ over 1 native interfaces: 0.622 with BA:LB model:native mapping
DockQ 0.622 iRMSD 2.101 LRMSD 4.949 fnat 0.783 fnonnat 0.333 F1 0.720 clashes 0 mapping BA:LB /home/junjiechen/1_work/250401-Dpepalign/Benchmark/protenix/PepSet/pred/1a0n/seed_43/predictions/1a0n_sample_2.cif B A -> /home/junjiechen/1_work/250401-Dpepalign/Benchmark/dataset/PepSet_dimer/1a0n.pdb L B
Total DockQ over 1 native interfaces: 0.614 with BA:LB model:native mapping
DockQ 0.614 iRMSD 2.306 LRMSD 5.330 fnat 0.826 fnonnat 0.472 F1 0.644 clashes 0 mapping BA:LB /home/junjiechen/1_work/250401-Dpepalign/Benchmark/protenix/PepSet/pred/1a0n/seed_43/predictions/1a0n_sample_4.cif B A -> /home/junjiechen/1_work/250401-Dpepalign/Benchmark/dataset/PepSet_dimer/1a0n.pdb L B
Total DockQ over 1 native interfaces: 0.564 with BA:LB model:native mapping
DockQ 0.564 iRMSD 2.413 LRMSD 6.493 fnat 0.783 fnonnat 0.471 F1 0.632 clashes 0 mapping BA:LB /home/junjiechen/1_work/250401-Dpepalign/Benchmark/protenix/PepSet/pred/1a0n/seed_43/predictions/1a0n_sample_3.cif B A -> /home/junjiechen/1_work/250401-Dpepalign/Benchmark/dataset/PepSet_dimer/1a0n.pdb L B
Total DockQ over 1 native interfaces: 0.686 with BA:LB model:native mapping
DockQ 0.686 iRMSD 1.692 LRMSD 3.772 fnat 0.783 fnonnat 0.280 F1 0.750 clashes 0 mapping BA:LB /home/junjiechen/1_work/250401-Dpepalign/Benchmark/protenix/PepSet/pred/1a0n/seed_42/predictions/1a0n_sample_1.cif B A -> /home/junjiechen/1_work/250401-Dpepalign/Benchmark/dataset/PepSet_dimer/1a0n.pdb L B
Total DockQ over 1 native interfaces: 0.728 with BA:LB model:native mapping
DockQ 0.728 iRMSD 1.479 LRMSD 2.912 fnat 0.783 fnonnat 0.280 F1 0.750 clashes 0 mapping BA:LB /home/junjiechen/1_work/250401-Dpepalign/Benchmark/protenix/PepSet/pred/1a0n/seed_43/predictions/1a0n_sample_1.cif B A -> /home/junjiechen/1_work/250401-Dpepalign/Benchmark/dataset/PepSet_dimer/1a0n.pdb L B
Total DockQ over 1 native interfaces: 0.719 with BA:LB model:native mapping
DockQ 0.719 iRMSD 1.531 LRMSD 3.055 fnat 0.783 fnonnat 0.280 F1 0.750 clashes 0 mapping BA:LB /home/junjiechen/1_work/250401-Dpepalign/Benchmark/protenix/PepSet/pred/1a0n/seed_42/predictions/1a0n_sample_2.cif B A -> /home/junjiechen/1_work/250401-Dpepalign/Benchmark/dataset/PepSet_dimer/1a0n.pdb L B
Total DockQ over 1 native interfaces: 0.715 with BA:LB model:native mapping
DockQ 0.715 iRMSD 1.547 LRMSD 3.177 fnat 0.783 fnonnat 0.308 F1 0.735 clashes 0 mapping BA:LB /home/junjiechen/1_work/250401-Dpepalign/Benchmark/protenix/PepSet/pred/1a0n/seed_42/predictions/1a0n_sample_3.cif B A -> /home/junjiechen/1_work/250401-Dpepalign/Benchmark/dataset/PepSet_dimer/1a0n.pdb L B
Total DockQ over 1 native interfaces: 0.487 with BA:LB model:native mapping
DockQ 0.487 iRMSD 3.214 LRMSD 8.496 fnat 0.783 fnonnat 0.400 F1 0.679 clashes 0 mapping BA:LB /home/junjiechen/1_work/250401-Dpepalign/Benchmark/protenix/PepSet/pred/1a0n/seed_42/predictions/1a0n_sample_4.cif B A -> /home/junjiechen/1_work/250401-Dpepalign/Benchmark/dataset/PepSet_dimer/1a0n.pdb L B
Total DockQ over 1 native interfaces: 0.159 with BA:LA model:native mapping
DockQ 0.159 iRMSD 7.390 LRMSD 15.827 fnat 0.214 fnonnat 0.887 F1 0.148 clashes 1 mapping BA:LA /home/junjiechen/1_work/250401-Dpepalign/Benchmark/protenix/PepSet/pred/1cqg/seed_42/predictions/1cqg_sample_0.cif B A -> /home/junjiechen/1_work/250401-Dpepalign/Benchmark/dataset/PepSet_dimer/1cqg.pdb L A
Total DockQ over 1 native interfaces: 0.156 with BA:LA model:native mapping
DockQ 0.156 iRMSD 7.559 LRMSD 16.263 fnat 0.214 fnonnat 0.887 F1 0.148 clashes 0 mapping BA:LA /home/junjiechen/1_work/250401-Dpepalign/Benchmark/protenix/PepSet/pred/1cqg/seed_42/predictions/1cqg_sample_1.cif B A -> /home/junjiechen/1_work/250401-Dpepalign/Benchmark/dataset/PepSet_dimer/1cqg.pdb L A
Total DockQ over 1 native interfaces: 0.478 with BA:LB model:native mapping
DockQ 0.478 iRMSD 3.381 LRMSD 8.702 fnat 0.783 fnonnat 0.400 F1 0.679 clashes 0 mapping BA:LB /home/junjiechen/1_work/250401-Dpepalign/Benchmark/protenix/PepSet/pred/1a0n/seed_44/predictions/1a0n_sample_4.cif B A -> /home/junjiechen/1_work/250401-Dpepalign/Benchmark/dataset/PepSet_dimer/1a0n.pdb L B
Total DockQ over 1 native interfaces: 0.578 with BA:LB model:native mapping
DockQ 0.578 iRMSD 2.295 LRMSD 6.228 fnat 0.783 fnonnat 0.500 F1 0.610 clashes 0 mapping BA:LB /home/junjiechen/1_work/250401-Dpepalign/Benchmark/protenix/PepSet/pred/1a0n/seed_44/predictions/1a0n_sample_1.cif B A -> /home/junjiechen/1_work/250401-Dpepalign/Benchmark/dataset/PepSet_dimer/1a0n.pdb L B
Total DockQ over 1 native interfaces: 0.498 with BA:LB model:native mapping
DockQ 0.498 iRMSD 3.166 LRMSD 8.054 fnat 0.783 fnonnat 0.280 F1 0.750 clashes 0 mapping BA:LB /home/junjiechen/1_work/250401-Dpepalign/Benchmark/protenix/PepSet/pred/1a0n/seed_44/predictions/1a0n_sample_3.cif B A -> /home/junjiechen/1_work/250401-Dpepalign/Benchmark/dataset/PepSet_dimer/1a0n.pdb L B
Total DockQ over 1 native interfaces: 0.162 with BA:LA model:native mapping
DockQ 0.162 iRMSD 7.268 LRMSD 15.540 fnat 0.214 fnonnat 0.878 F1 0.156 clashes 1 mapping BA:LA /home/junjiechen/1_work/250401-Dpepalign/Benchmark/protenix/PepSet/pred/1cqg/seed_42/predictions/1cqg_sample_3.cif B A -> /home/junjiechen/1_work/250401-Dpepalign/Benchmark/dataset/PepSet_dimer/1cqg.pdb L A
Total DockQ over 1 native interfaces: 0.720 with BA:LB model:native mapping
DockQ 0.720 iRMSD 1.514 LRMSD 3.119 fnat 0.783 fnonnat 0.250 F1 0.766 clashes 0 mapping BA:LB /home/junjiechen/1_work/250401-Dpepalign/Benchmark/protenix/PepSet/pred/1a0n/seed_44/predictions/1a0n_sample_0.cif B A -> /home/junjiechen/1_work/250401-Dpepalign/Benchmark/dataset/PepSet_dimer/1a0n.pdb L B
Total DockQ over 1 native interfaces: 0.162 with BA:LA model:native mapping
DockQ 0.162 iRMSD 7.235 LRMSD 15.568 fnat 0.214 fnonnat 0.870 F1 0.162 clashes 0 mapping BA:LA /home/junjiechen/1_work/250401-Dpepalign/Benchmark/protenix/PepSet/pred/1cqg/seed_42/predictions/1cqg_sample_4.cif B A -> /home/junjiechen/1_work/250401-Dpepalign/Benchmark/dataset/PepSet_dimer/1cqg.pdb L A
Total DockQ over 1 native interfaces: 0.155 with BA:LA model:native mapping
DockQ 0.155 iRMSD 7.590 LRMSD 16.270 fnat 0.214 fnonnat 0.889 F1 0.146 clashes 0 mapping BA:LA /home/junjiechen/1_work/250401-Dpepalign/Benchmark/protenix/PepSet/pred/1cqg/seed_42/predictions/1cqg_sample_2.cif B A -> /home/junjiechen/1_work/250401-Dpepalign/Benchmark/dataset/PepSet_dimer/1cqg.pdb L A
Total DockQ over 1 native interfaces: 0.730 with BA:LB model:native mapping
DockQ 0.730 iRMSD 1.463 LRMSD 2.898 fnat 0.783 fnonnat 0.280 F1 0.750 clashes 0 mapping BA:LB /home/junjiechen/1_work/250401-Dpepalign/Benchmark/protenix/PepSet/pred/1a0n/seed_44/predictions/1a0n_sample_2.cif B A -> /home/junjiechen/1_work/250401-Dpepalign/Benchmark/dataset/PepSet_dimer/1a0n.pdb L B
Total DockQ over 1 native interfaces: 0.166 with BA:LA model:native mapping
DockQ 0.166 iRMSD 7.083 LRMSD 15.107 fnat 0.214 fnonnat 0.885 F1 0.150 clashes 1 mapping BA:LA /home/junjiechen/1_work/250401-Dpepalign/Benchmark/protenix/PepSet/pred/1cqg/seed_43/predictions/1cqg_sample_1.cif B A -> /home/junjiechen/1_work/250401-Dpepalign/Benchmark/dataset/PepSet_dimer/1cqg.pdb L A
Total DockQ over 1 native interfaces: 0.152 with BA:LA model:native mapping
DockQ 0.152 iRMSD 7.828 LRMSD 16.725 fnat 0.214 fnonnat 0.872 F1 0.160 clashes 1 mapping BA:LA /home/junjiechen/1_work/250401-Dpepalign/Benchmark/protenix/PepSet/pred/1cqg/seed_44/predictions/1cqg_sample_3.cif B A -> /home/junjiechen/1_work/250401-Dpepalign/Benchmark/dataset/PepSet_dimer/1cqg.pdb L A
Total DockQ over 1 native interfaces: 0.166 with BA:LA model:native mapping
DockQ 0.166 iRMSD 7.059 LRMSD 15.067 fnat 0.214 fnonnat 0.882 F1 0.152 clashes 1 mapping BA:LA /home/junjiechen/1_work/250401-Dpepalign/Benchmark/protenix/PepSet/pred/1cqg/seed_43/predictions/1cqg_sample_4.cif B A -> /home/junjiechen/1_work/250401-Dpepalign/Benchmark/dataset/PepSet_dimer/1cqg.pdb L A
Total DockQ over 1 native interfaces: 0.162 with BA:LA model:native mapping
DockQ 0.162 iRMSD 7.300 LRMSD 15.559 fnat 0.214 fnonnat 0.880 F1 0.154 clashes 0 mapping BA:LA /home/junjiechen/1_work/250401-Dpepalign/Benchmark/protenix/PepSet/pred/1cqg/seed_44/predictions/1cqg_sample_4.cif B A -> /home/junjiechen/1_work/250401-Dpepalign/Benchmark/dataset/PepSet_dimer/1cqg.pdb L A
Total DockQ over 1 native interfaces: 0.162 with BA:LA model:native mapping
DockQ 0.162 iRMSD 7.243 LRMSD 15.478 fnat 0.214 fnonnat 0.882 F1 0.152 clashes 1 mapping BA:LA /home/junjiechen/1_work/250401-Dpepalign/Benchmark/protenix/PepSet/pred/1cqg/seed_43/predictions/1cqg_sample_3.cif B A -> /home/junjiechen/1_work/250401-Dpepalign/Benchmark/dataset/PepSet_dimer/1cqg.pdb L A
Total DockQ over 1 native interfaces: 0.152 with BA:LA model:native mapping
DockQ 0.152 iRMSD 7.846 LRMSD 16.680 fnat 0.214 fnonnat 0.842 F1 0.182 clashes 1 mapping BA:LA /home/junjiechen/1_work/250401-Dpepalign/Benchmark/protenix/PepSet/pred/1cqg/seed_43/predictions/1cqg_sample_2.cif B A -> /home/junjiechen/1_work/250401-Dpepalign/Benchmark/dataset/PepSet_dimer/1cqg.pdb L A
Total DockQ over 1 native interfaces: 0.156 with BA:LA model:native mapping
DockQ 0.156 iRMSD 7.568 LRMSD 16.167 fnat 0.214 fnonnat 0.872 F1 0.160 clashes 1 mapping BA:LA /home/junjiechen/1_work/250401-Dpepalign/Benchmark/protenix/PepSet/pred/1cqg/seed_44/predictions/1cqg_sample_0.cif B A -> /home/junjiechen/1_work/250401-Dpepalign/Benchmark/dataset/PepSet_dimer/1cqg.pdb L A
Total DockQ over 1 native interfaces: 0.151 with BA:LA model:native mapping
DockQ 0.151 iRMSD 7.849 LRMSD 16.847 fnat 0.214 fnonnat 0.878 F1 0.156 clashes 1 mapping BA:LA /home/junjiechen/1_work/250401-Dpepalign/Benchmark/protenix/PepSet/pred/1cqg/seed_43/predictions/1cqg_sample_0.cif B A -> /home/junjiechen/1_work/250401-Dpepalign/Benchmark/dataset/PepSet_dimer/1cqg.pdb L A
Total DockQ over 1 native interfaces: 0.157 with BA:LA model:native mapping
DockQ 0.157 iRMSD 7.491 LRMSD 16.147 fnat 0.214 fnonnat 0.878 F1 0.156 clashes 1 mapping BA:LA /home/junjiechen/1_work/250401-Dpepalign/Benchmark/protenix/PepSet/pred/1cqg/seed_44/predictions/1cqg_sample_1.cif B A -> /home/junjiechen/1_work/250401-Dpepalign/Benchmark/dataset/PepSet_dimer/1cqg.pdb L A
Total DockQ over 1 native interfaces: 0.156 with BA:LA model:native mapping
DockQ 0.156 iRMSD 7.561 LRMSD 16.190 fnat 0.214 fnonnat 0.882 F1 0.152 clashes 0 mapping BA:LA /home/junjiechen/1_work/250401-Dpepalign/Benchmark/protenix/PepSet/pred/1cqg/seed_44/predictions/1cqg_sample_2.cif B A -> /home/junjiechen/1_work/250401-Dpepalign/Benchmark/dataset/PepSet_dimer/1cqg.pdb L A
Total DockQ over 1 native interfaces: 0.809 with BA:LA model:native mapping
DockQ 0.809 iRMSD 0.970 LRMSD 2.786 fnat 0.818 fnonnat 0.122 F1 0.847 clashes 0 mapping BA:LA /home/junjiechen/1_work/250401-Dpepalign/Benchmark/protenix/PepSet/pred/1czy/seed_42/predictions/1czy_sample_4.cif B A -> /home/junjiechen/1_work/250401-Dpepalign/Benchmark/dataset/PepSet_dimer/1czy.pdb L A
Total DockQ over 1 native interfaces: 0.954 with BA:LA model:native mapping
DockQ 0.954 iRMSD 0.364 LRMSD 0.974 fnat 0.932 fnonnat 0.000 F1 0.965 clashes 0 mapping BA:LA /home/junjiechen/1_work/250401-Dpepalign/Benchmark/protenix/PepSet/pred/1czy/seed_42/predictions/1czy_sample_0.cif B A -> /home/junjiechen/1_work/250401-Dpepalign/Benchmark/dataset/PepSet_dimer/1czy.pdb L A
Total DockQ over 1 native interfaces: 0.935 with BA:LA model:native mapping
DockQ 0.935 iRMSD 0.399 LRMSD 1.098 fnat 0.886 fnonnat 0.000 F1 0.940 clashes 0 mapping BA:LA /home/junjiechen/1_work/250401-Dpepalign/Benchmark/protenix/PepSet/pred/1czy/seed_43/predictions/1czy_sample_1.cif B A -> /home/junjiechen/1_work/250401-Dpepalign/Benchmark/dataset/PepSet_dimer/1czy.pdb L A
Total DockQ over 1 native interfaces: 0.872 with BA:LA model:native mapping
DockQ 0.872 iRMSD 0.606 LRMSD 1.707 fnat 0.795 fnonnat 0.054 F1 0.864 clashes 0 mapping BA:LA /home/junjiechen/1_work/250401-Dpepalign/Benchmark/protenix/PepSet/pred/1czy/seed_42/predictions/1czy_sample_3.cif B A -> /home/junjiechen/1_work/250401-Dpepalign/Benchmark/dataset/PepSet_dimer/1czy.pdb L A
Total DockQ over 1 native interfaces: 0.962 with BA:LA model:native mapping
DockQ 0.962 iRMSD 0.379 LRMSD 0.832 fnat 0.955 fnonnat 0.000 F1 0.977 clashes 0 mapping BA:LA /home/junjiechen/1_work/250401-Dpepalign/Benchmark/protenix/PepSet/pred/1czy/seed_42/predictions/1czy_sample_1.cif B A -> /home/junjiechen/1_work/250401-Dpepalign/Benchmark/dataset/PepSet_dimer/1czy.pdb L A
Total DockQ over 1 native interfaces: 0.915 with BA:LA model:native mapping
DockQ 0.915 iRMSD 0.428 LRMSD 1.208 fnat 0.841 fnonnat 0.026 F1 0.902 clashes 0 mapping BA:LA /home/junjiechen/1_work/250401-Dpepalign/Benchmark/protenix/PepSet/pred/1czy/seed_42/predictions/1czy_sample_2.cif B A -> /home/junjiechen/1_work/250401-Dpepalign/Benchmark/dataset/PepSet_dimer/1czy.pdb L A
Total DockQ over 1 native interfaces: 0.941 with BA:LA model:native mapping
DockQ 0.941 iRMSD 0.407 LRMSD 1.093 fnat 0.909 fnonnat 0.000 F1 0.952 clashes 0 mapping BA:LA /home/junjiechen/1_work/250401-Dpepalign/Benchmark/protenix/PepSet/pred/1czy/seed_43/predictions/1czy_sample_0.cif B A -> /home/junjiechen/1_work/250401-Dpepalign/Benchmark/dataset/PepSet_dimer/1czy.pdb L A
Total DockQ over 1 native interfaces: 0.951 with BA:LA model:native mapping
DockQ 0.951 iRMSD 0.399 LRMSD 1.022 fnat 0.932 fnonnat 0.000 F1 0.965 clashes 0 mapping BA:LA /home/junjiechen/1_work/250401-Dpepalign/Benchmark/protenix/PepSet/pred/1czy/seed_43/predictions/1czy_sample_2.cif B A -> /home/junjiechen/1_work/250401-Dpepalign/Benchmark/dataset/PepSet_dimer/1czy.pdb L A
Total DockQ over 1 native interfaces: 0.809 with BA:LA model:native mapping
DockQ 0.809 iRMSD 0.931 LRMSD 2.702 fnat 0.795 fnonnat 0.146 F1 0.824 clashes 0 mapping BA:LA /home/junjiechen/1_work/250401-Dpepalign/Benchmark/protenix/PepSet/pred/1czy/seed_43/predictions/1czy_sample_4.cif B A -> /home/junjiechen/1_work/250401-Dpepalign/Benchmark/dataset/PepSet_dimer/1czy.pdb L A
Total DockQ over 1 native interfaces: 0.935 with BA:LA model:native mapping
DockQ 0.935 iRMSD 0.334 LRMSD 0.857 fnat 0.864 fnonnat 0.026 F1 0.916 clashes 0 mapping BA:LA /home/junjiechen/1_work/250401-Dpepalign/Benchmark/protenix/PepSet/pred/1czy/seed_43/predictions/1czy_sample_3.cif B A -> /home/junjiechen/1_work/250401-Dpepalign/Benchmark/dataset/PepSet_dimer/1czy.pdb L A
Total DockQ over 1 native interfaces: 0.588 with BA:LA model:native mapping
DockQ 0.588 iRMSD 1.869 LRMSD 5.769 fnat 0.688 fnonnat 0.593 F1 0.512 clashes 0 mapping BA:LA /home/junjiechen/1_work/250401-Dpepalign/Benchmark/protenix/PepSet/pred/1ddv/seed_42/predictions/1ddv_sample_0.cif B A -> /home/junjiechen/1_work/250401-Dpepalign/Benchmark/dataset/PepSet_dimer/1ddv.pdb L A
Total DockQ over 1 native interfaces: 0.587 with BA:LA model:native mapping
DockQ 0.587 iRMSD 1.897 LRMSD 5.722 fnat 0.688 fnonnat 0.593 F1 0.512 clashes 0 mapping BA:LA /home/junjiechen/1_work/250401-Dpepalign/Benchmark/protenix/PepSet/pred/1ddv/seed_42/predictions/1ddv_sample_3.cif B A -> /home/junjiechen/1_work/250401-Dpepalign/Benchmark/dataset/PepSet_dimer/1ddv.pdb L A
Total DockQ over 1 native interfaces: 0.924 with BA:LA model:native mapping
DockQ 0.924 iRMSD 0.426 LRMSD 1.158 fnat 0.864 fnonnat 0.000 F1 0.927 clashes 0 mapping BA:LA /home/junjiechen/1_work/250401-Dpepalign/Benchmark/protenix/PepSet/pred/1czy/seed_44/predictions/1czy_sample_0.cif B A -> /home/junjiechen/1_work/250401-Dpepalign/Benchmark/dataset/PepSet_dimer/1czy.pdb L A
Total DockQ over 1 native interfaces: 0.922 with BA:LA model:native mapping
DockQ 0.922 iRMSD 0.484 LRMSD 1.388 fnat 0.886 fnonnat 0.000 F1 0.940 clashes 0 mapping BA:LA /home/junjiechen/1_work/250401-Dpepalign/Benchmark/protenix/PepSet/pred/1czy/seed_44/predictions/1czy_sample_2.cif B A -> /home/junjiechen/1_work/250401-Dpepalign/Benchmark/dataset/PepSet_dimer/1czy.pdb L A
Total DockQ over 1 native interfaces: 0.954 with BA:LA model:native mapping
DockQ 0.954 iRMSD 0.372 LRMSD 0.949 fnat 0.932 fnonnat 0.024 F1 0.953 clashes 1 mapping BA:LA /home/junjiechen/1_work/250401-Dpepalign/Benchmark/protenix/PepSet/pred/1czy/seed_44/predictions/1czy_sample_4.cif B A -> /home/junjiechen/1_work/250401-Dpepalign/Benchmark/dataset/PepSet_dimer/1czy.pdb L A
Total DockQ over 1 native interfaces: 0.919 with BA:LA model:native mapping
DockQ 0.919 iRMSD 0.413 LRMSD 0.976 fnat 0.841 fnonnat 0.000 F1 0.914 clashes 0 mapping BA:LA /home/junjiechen/1_work/250401-Dpepalign/Benchmark/protenix/PepSet/pred/1czy/seed_44/predictions/1czy_sample_3.cif B A -> /home/junjiechen/1_work/250401-Dpepalign/Benchmark/dataset/PepSet_dimer/1czy.pdb L A
Total DockQ over 1 native interfaces: 0.933 with BA:LA model:native mapping
DockQ 0.933 iRMSD 0.409 LRMSD 1.118 fnat 0.886 fnonnat 0.000 F1 0.940 clashes 0 mapping BA:LA /home/junjiechen/1_work/250401-Dpepalign/Benchmark/protenix/PepSet/pred/1czy/seed_44/predictions/1czy_sample_1.cif B A -> /home/junjiechen/1_work/250401-Dpepalign/Benchmark/dataset/PepSet_dimer/1czy.pdb L A
Total DockQ over 1 native interfaces: 0.589 with BA:LA model:native mapping
DockQ 0.589 iRMSD 1.870 LRMSD 5.731 fnat 0.688 fnonnat 0.593 F1 0.512 clashes 0 mapping BA:LA /home/junjiechen/1_work/250401-Dpepalign/Benchmark/protenix/PepSet/pred/1ddv/seed_42/predictions/1ddv_sample_1.cif B A -> /home/junjiechen/1_work/250401-Dpepalign/Benchmark/dataset/PepSet_dimer/1ddv.pdb L A
Total DockQ over 1 native interfaces: 0.588 with BA:LA model:native mapping
DockQ 0.588 iRMSD 1.764 LRMSD 5.300 fnat 0.625 fnonnat 0.615 F1 0.476 clashes 0 mapping BA:LA /home/junjiechen/1_work/250401-Dpepalign/Benchmark/protenix/PepSet/pred/1ddv/seed_42/predictions/1ddv_sample_4.cif B A -> /home/junjiechen/1_work/250401-Dpepalign/Benchmark/dataset/PepSet_dimer/1ddv.pdb L A
Total DockQ over 1 native interfaces: 0.587 with BA:LA model:native mapping
DockQ 0.587 iRMSD 1.880 LRMSD 5.759 fnat 0.688 fnonnat 0.593 F1 0.512 clashes 0 mapping BA:LA /home/junjiechen/1_work/250401-Dpepalign/Benchmark/protenix/PepSet/pred/1ddv/seed_42/predictions/1ddv_sample_2.cif B A -> /home/junjiechen/1_work/250401-Dpepalign/Benchmark/dataset/PepSet_dimer/1ddv.pdb L A
Total DockQ over 1 native interfaces: 0.586 with BA:LA model:native mapping
DockQ 0.586 iRMSD 1.880 LRMSD 5.822 fnat 0.688 fnonnat 0.607 F1 0.500 clashes 0 mapping BA:LA /home/junjiechen/1_work/250401-Dpepalign/Benchmark/protenix/PepSet/pred/1ddv/seed_43/predictions/1ddv_sample_0.cif B A -> /home/junjiechen/1_work/250401-Dpepalign/Benchmark/dataset/PepSet_dimer/1ddv.pdb L A
Total DockQ over 1 native interfaces: 0.570 with BA:LA model:native mapping
DockQ 0.570 iRMSD 1.870 LRMSD 5.663 fnat 0.625 fnonnat 0.615 F1 0.476 clashes 0 mapping BA:LA /home/junjiechen/1_work/250401-Dpepalign/Benchmark/protenix/PepSet/pred/1ddv/seed_43/predictions/1ddv_sample_4.cif B A -> /home/junjiechen/1_work/250401-Dpepalign/Benchmark/dataset/PepSet_dimer/1ddv.pdb L A
Total DockQ over 1 native interfaces: 0.594 with BA:LA model:native mapping
DockQ 0.594 iRMSD 1.847 LRMSD 5.614 fnat 0.688 fnonnat 0.593 F1 0.512 clashes 0 mapping BA:LA /home/junjiechen/1_work/250401-Dpepalign/Benchmark/protenix/PepSet/pred/1ddv/seed_43/predictions/1ddv_sample_3.cif B A -> /home/junjiechen/1_work/250401-Dpepalign/Benchmark/dataset/PepSet_dimer/1ddv.pdb L A
Total DockQ over 1 native interfaces: 0.589 with BA:LA model:native mapping
DockQ 0.589 iRMSD 1.865 LRMSD 5.734 fnat 0.688 fnonnat 0.593 F1 0.512 clashes 0 mapping BA:LA /home/junjiechen/1_work/250401-Dpepalign/Benchmark/protenix/PepSet/pred/1ddv/seed_43/predictions/1ddv_sample_2.cif B A -> /home/junjiechen/1_work/250401-Dpepalign/Benchmark/dataset/PepSet_dimer/1ddv.pdb L A
Total DockQ over 1 native interfaces: 0.589 with BA:LA model:native mapping
DockQ 0.589 iRMSD 1.859 LRMSD 5.756 fnat 0.688 fnonnat 0.577 F1 0.524 clashes 0 mapping BA:LA /home/junjiechen/1_work/250401-Dpepalign/Benchmark/protenix/PepSet/pred/1ddv/seed_44/predictions/1ddv_sample_2.cif B A -> /home/junjiechen/1_work/250401-Dpepalign/Benchmark/dataset/PepSet_dimer/1ddv.pdb L A
Total DockQ over 1 native interfaces: 0.568 with BA:LA model:native mapping
DockQ 0.568 iRMSD 1.870 LRMSD 5.731 fnat 0.625 fnonnat 0.615 F1 0.476 clashes 0 mapping BA:LA /home/junjiechen/1_work/250401-Dpepalign/Benchmark/protenix/PepSet/pred/1ddv/seed_43/predictions/1ddv_sample_1.cif B A -> /home/junjiechen/1_work/250401-Dpepalign/Benchmark/dataset/PepSet_dimer/1ddv.pdb L A
Total DockQ over 1 native interfaces: 0.600 with BA:LA model:native mapping
DockQ 0.600 iRMSD 1.813 LRMSD 5.474 fnat 0.688 fnonnat 0.593 F1 0.512 clashes 0 mapping BA:LA /home/junjiechen/1_work/250401-Dpepalign/Benchmark/protenix/PepSet/pred/1ddv/seed_44/predictions/1ddv_sample_0.cif B A -> /home/junjiechen/1_work/250401-Dpepalign/Benchmark/dataset/PepSet_dimer/1ddv.pdb L A
Total DockQ over 1 native interfaces: 0.589 with BA:LA model:native mapping
DockQ 0.589 iRMSD 1.874 LRMSD 5.702 fnat 0.688 fnonnat 0.593 F1 0.512 clashes 0 mapping BA:LA /home/junjiechen/1_work/250401-Dpepalign/Benchmark/protenix/PepSet/pred/1ddv/seed_44/predictions/1ddv_sample_1.cif B A -> /home/junjiechen/1_work/250401-Dpepalign/Benchmark/dataset/PepSet_dimer/1ddv.pdb L A
Total DockQ over 1 native interfaces: 0.591 with BA:LA model:native mapping
DockQ 0.591 iRMSD 1.868 LRMSD 5.661 fnat 0.688 fnonnat 0.593 F1 0.512 clashes 0 mapping BA:LA /home/junjiechen/1_work/250401-Dpepalign/Benchmark/protenix/PepSet/pred/1ddv/seed_44/predictions/1ddv_sample_3.cif B A -> /home/junjiechen/1_work/250401-Dpepalign/Benchmark/dataset/PepSet_dimer/1ddv.pdb L A
Total DockQ over 1 native interfaces: 0.573 with BA:LA model:native mapping
DockQ 0.573 iRMSD 1.840 LRMSD 5.634 fnat 0.625 fnonnat 0.600 F1 0.488 clashes 0 mapping BA:LA /home/junjiechen/1_work/250401-Dpepalign/Benchmark/protenix/PepSet/pred/1ddv/seed_44/predictions/1ddv_sample_4.cif B A -> /home/junjiechen/1_work/250401-Dpepalign/Benchmark/dataset/PepSet_dimer/1ddv.pdb L A
Total DockQ over 1 native interfaces: 0.571 with BA:LA model:native mapping
DockQ 0.571 iRMSD 2.260 LRMSD 5.306 fnat 0.688 fnonnat 0.371 F1 0.657 clashes 0 mapping BA:LA /home/junjiechen/1_work/250401-Dpepalign/Benchmark/protenix/PepSet/pred/1eg4/seed_42/predictions/1eg4_sample_3.cif B A -> /home/junjiechen/1_work/250401-Dpepalign/Benchmark/dataset/PepSet_dimer/1eg4.pdb L A
Total DockQ over 1 native interfaces: 0.535 with BA:LA model:native mapping
DockQ 0.535 iRMSD 2.944 LRMSD 6.697 fnat 0.781 fnonnat 0.359 F1 0.704 clashes 0 mapping BA:LA /home/junjiechen/1_work/250401-Dpepalign/Benchmark/protenix/PepSet/pred/1eg4/seed_43/predictions/1eg4_sample_3.cif B A -> /home/junjiechen/1_work/250401-Dpepalign/Benchmark/dataset/PepSet_dimer/1eg4.pdb L A
Total DockQ over 1 native interfaces: 0.542 with BA:LA model:native mapping
DockQ 0.542 iRMSD 3.092 LRMSD 7.041 fnat 0.844 fnonnat 0.372 F1 0.720 clashes 0 mapping BA:LA /home/junjiechen/1_work/250401-Dpepalign/Benchmark/protenix/PepSet/pred/1eg4/seed_42/predictions/1eg4_sample_2.cif B A -> /home/junjiechen/1_work/250401-Dpepalign/Benchmark/dataset/PepSet_dimer/1eg4.pdb L A
Total DockQ over 1 native interfaces: 0.553 with BA:LA model:native mapping
DockQ 0.553 iRMSD 2.968 LRMSD 6.774 fnat 0.844 fnonnat 0.357 F1 0.730 clashes 0 mapping BA:LA /home/junjiechen/1_work/250401-Dpepalign/Benchmark/protenix/PepSet/pred/1eg4/seed_42/predictions/1eg4_sample_0.cif B A -> /home/junjiechen/1_work/250401-Dpepalign/Benchmark/dataset/PepSet_dimer/1eg4.pdb L A
Total DockQ over 1 native interfaces: 0.574 with BA:LA model:native mapping
DockQ 0.574 iRMSD 2.639 LRMSD 6.048 fnat 0.812 fnonnat 0.297 F1 0.754 clashes 0 mapping BA:LA /home/junjiechen/1_work/250401-Dpepalign/Benchmark/protenix/PepSet/pred/1eg4/seed_43/predictions/1eg4_sample_0.cif B A -> /home/junjiechen/1_work/250401-Dpepalign/Benchmark/dataset/PepSet_dimer/1eg4.pdb L A
Total DockQ over 1 native interfaces: 0.547 with BA:LA model:native mapping
DockQ 0.547 iRMSD 2.594 LRMSD 5.922 fnat 0.719 fnonnat 0.303 F1 0.708 clashes 1 mapping BA:LA /home/junjiechen/1_work/250401-Dpepalign/Benchmark/protenix/PepSet/pred/1eg4/seed_43/predictions/1eg4_sample_1.cif B A -> /home/junjiechen/1_work/250401-Dpepalign/Benchmark/dataset/PepSet_dimer/1eg4.pdb L A
Total DockQ over 1 native interfaces: 0.751 with BA:LA model:native mapping
DockQ 0.751 iRMSD 1.473 LRMSD 3.301 fnat 0.875 fnonnat 0.429 F1 0.691 clashes 0 mapping BA:LA /home/junjiechen/1_work/250401-Dpepalign/Benchmark/protenix/PepSet/pred/1eg4/seed_43/predictions/1eg4_sample_2.cif B A -> /home/junjiechen/1_work/250401-Dpepalign/Benchmark/dataset/PepSet_dimer/1eg4.pdb L A
Total DockQ over 1 native interfaces: 0.487 with BA:LA model:native mapping
DockQ 0.487 iRMSD 3.246 LRMSD 7.446 fnat 0.719 fnonnat 0.395 F1 0.657 clashes 0 mapping BA:LA /home/junjiechen/1_work/250401-Dpepalign/Benchmark/protenix/PepSet/pred/1eg4/seed_42/predictions/1eg4_sample_4.cif B A -> /home/junjiechen/1_work/250401-Dpepalign/Benchmark/dataset/PepSet_dimer/1eg4.pdb L A
Total DockQ over 1 native interfaces: 0.507 with BA:LA model:native mapping
DockQ 0.507 iRMSD 3.134 LRMSD 7.177 fnat 0.750 fnonnat 0.385 F1 0.676 clashes 0 mapping BA:LA /home/junjiechen/1_work/250401-Dpepalign/Benchmark/protenix/PepSet/pred/1eg4/seed_43/predictions/1eg4_sample_4.cif B A -> /home/junjiechen/1_work/250401-Dpepalign/Benchmark/dataset/PepSet_dimer/1eg4.pdb L A
Total DockQ over 1 native interfaces: 0.495 with BA:LA model:native mapping
DockQ 0.495 iRMSD 3.275 LRMSD 7.493 fnat 0.750 fnonnat 0.385 F1 0.676 clashes 0 mapping BA:LA /home/junjiechen/1_work/250401-Dpepalign/Benchmark/protenix/PepSet/pred/1eg4/seed_42/predictions/1eg4_sample_1.cif B A -> /home/junjiechen/1_work/250401-Dpepalign/Benchmark/dataset/PepSet_dimer/1eg4.pdb L A
Total DockQ over 1 native interfaces: 0.955 with BA:LB model:native mapping
DockQ 0.955 iRMSD 0.560 LRMSD 0.986 fnat 1.000 fnonnat 0.086 F1 0.955 clashes 0 mapping BA:LB /home/junjiechen/1_work/250401-Dpepalign/Benchmark/protenix/PepSet/pred/1f47/seed_42/predictions/1f47_sample_1.cif B A -> /home/junjiechen/1_work/250401-Dpepalign/Benchmark/dataset/PepSet_dimer/1f47.pdb L B
Total DockQ over 1 native interfaces: 0.564 with BA:LA model:native mapping
DockQ 0.564 iRMSD 2.474 LRMSD 5.525 fnat 0.719 fnonnat 0.324 F1 0.697 clashes 0 mapping BA:LA /home/junjiechen/1_work/250401-Dpepalign/Benchmark/protenix/PepSet/pred/1eg4/seed_44/predictions/1eg4_sample_0.cif B A -> /home/junjiechen/1_work/250401-Dpepalign/Benchmark/dataset/PepSet_dimer/1eg4.pdb L A
Total DockQ over 1 native interfaces: 0.945 with BA:LB model:native mapping
DockQ 0.945 iRMSD 0.613 LRMSD 1.257 fnat 1.000 fnonnat 0.135 F1 0.928 clashes 0 mapping BA:LB /home/junjiechen/1_work/250401-Dpepalign/Benchmark/protenix/PepSet/pred/1f47/seed_42/predictions/1f47_sample_0.cif B A -> /home/junjiechen/1_work/250401-Dpepalign/Benchmark/dataset/PepSet_dimer/1f47.pdb L B
Total DockQ over 1 native interfaces: 0.518 with BA:LA model:native mapping
DockQ 0.518 iRMSD 3.019 LRMSD 6.865 fnat 0.750 fnonnat 0.400 F1 0.667 clashes 0 mapping BA:LA /home/junjiechen/1_work/250401-Dpepalign/Benchmark/protenix/PepSet/pred/1eg4/seed_44/predictions/1eg4_sample_4.cif B A -> /home/junjiechen/1_work/250401-Dpepalign/Benchmark/dataset/PepSet_dimer/1eg4.pdb L A
Total DockQ over 1 native interfaces: 0.546 with BA:LA model:native mapping
DockQ 0.546 iRMSD 3.187 LRMSD 7.227 fnat 0.875 fnonnat 0.333 F1 0.757 clashes 0 mapping BA:LA /home/junjiechen/1_work/250401-Dpepalign/Benchmark/protenix/PepSet/pred/1eg4/seed_44/predictions/1eg4_sample_3.cif B A -> /home/junjiechen/1_work/250401-Dpepalign/Benchmark/dataset/PepSet_dimer/1eg4.pdb L A
Total DockQ over 1 native interfaces: 0.595 with BA:LA model:native mapping
DockQ 0.595 iRMSD 2.750 LRMSD 6.234 fnat 0.906 fnonnat 0.275 F1 0.806 clashes 0 mapping BA:LA /home/junjiechen/1_work/250401-Dpepalign/Benchmark/protenix/PepSet/pred/1eg4/seed_44/predictions/1eg4_sample_2.cif B A -> /home/junjiechen/1_work/250401-Dpepalign/Benchmark/dataset/PepSet_dimer/1eg4.pdb L A
Total DockQ over 1 native interfaces: 0.947 with BA:LB model:native mapping
DockQ 0.947 iRMSD 0.617 LRMSD 0.993 fnat 1.000 fnonnat 0.135 F1 0.928 clashes 0 mapping BA:LB /home/junjiechen/1_work/250401-Dpepalign/Benchmark/protenix/PepSet/pred/1f47/seed_42/predictions/1f47_sample_2.cif B A -> /home/junjiechen/1_work/250401-Dpepalign/Benchmark/dataset/PepSet_dimer/1f47.pdb L B
Total DockQ over 1 native interfaces: 0.563 with BA:LA model:native mapping
DockQ 0.563 iRMSD 2.771 LRMSD 6.245 fnat 0.812 fnonnat 0.350 F1 0.722 clashes 0 mapping BA:LA /home/junjiechen/1_work/250401-Dpepalign/Benchmark/protenix/PepSet/pred/1eg4/seed_44/predictions/1eg4_sample_1.cif B A -> /home/junjiechen/1_work/250401-Dpepalign/Benchmark/dataset/PepSet_dimer/1eg4.pdb L A
Total DockQ over 1 native interfaces: 0.971 with BA:LB model:native mapping
DockQ 0.971 iRMSD 0.438 LRMSD 0.738 fnat 1.000 fnonnat 0.135 F1 0.928 clashes 0 mapping BA:LB /home/junjiechen/1_work/250401-Dpepalign/Benchmark/protenix/PepSet/pred/1f47/seed_42/predictions/1f47_sample_3.cif B A -> /home/junjiechen/1_work/250401-Dpepalign/Benchmark/dataset/PepSet_dimer/1f47.pdb L B
Total DockQ over 1 native interfaces: 0.954 with BA:LB model:native mapping
DockQ 0.954 iRMSD 0.562 LRMSD 1.077 fnat 1.000 fnonnat 0.135 F1 0.928 clashes 0 mapping BA:LB /home/junjiechen/1_work/250401-Dpepalign/Benchmark/protenix/PepSet/pred/1f47/seed_42/predictions/1f47_sample_4.cif B A -> /home/junjiechen/1_work/250401-Dpepalign/Benchmark/dataset/PepSet_dimer/1f47.pdb L B
Total DockQ over 1 native interfaces: 0.943 with BA:LB model:native mapping
DockQ 0.943 iRMSD 0.620 LRMSD 1.375 fnat 1.000 fnonnat 0.158 F1 0.914 clashes 0 mapping BA:LB /home/junjiechen/1_work/250401-Dpepalign/Benchmark/protenix/PepSet/pred/1f47/seed_44/predictions/1f47_sample_0.cif B A -> /home/junjiechen/1_work/250401-Dpepalign/Benchmark/dataset/PepSet_dimer/1f47.pdb L B
Total DockQ over 1 native interfaces: 0.934 with BA:LB model:native mapping
DockQ 0.934 iRMSD 0.684 LRMSD 1.381 fnat 1.000 fnonnat 0.158 F1 0.914 clashes 0 mapping BA:LB /home/junjiechen/1_work/250401-Dpepalign/Benchmark/protenix/PepSet/pred/1f47/seed_43/predictions/1f47_sample_1.cif B A -> /home/junjiechen/1_work/250401-Dpepalign/Benchmark/dataset/PepSet_dimer/1f47.pdb L B
Total DockQ over 1 native interfaces: 0.956 with BA:LB model:native mapping
DockQ 0.956 iRMSD 0.549 LRMSD 0.960 fnat 1.000 fnonnat 0.135 F1 0.928 clashes 0 mapping BA:LB /home/junjiechen/1_work/250401-Dpepalign/Benchmark/protenix/PepSet/pred/1f47/seed_43/predictions/1f47_sample_2.cif B A -> /home/junjiechen/1_work/250401-Dpepalign/Benchmark/dataset/PepSet_dimer/1f47.pdb L B
Total DockQ over 1 native interfaces: 0.958 with BA:LB model:native mapping
DockQ 0.958 iRMSD 0.523 LRMSD 1.188 fnat 1.000 fnonnat 0.059 F1 0.970 clashes 0 mapping BA:LB /home/junjiechen/1_work/250401-Dpepalign/Benchmark/protenix/PepSet/pred/1f47/seed_43/predictions/1f47_sample_0.cif B A -> /home/junjiechen/1_work/250401-Dpepalign/Benchmark/dataset/PepSet_dimer/1f47.pdb L B
Total DockQ over 1 native interfaces: 0.963 with BA:LB model:native mapping
DockQ 0.963 iRMSD 0.511 LRMSD 0.648 fnat 1.000 fnonnat 0.135 F1 0.928 clashes 0 mapping BA:LB /home/junjiechen/1_work/250401-Dpepalign/Benchmark/protenix/PepSet/pred/1f47/seed_44/predictions/1f47_sample_2.cif B A -> /home/junjiechen/1_work/250401-Dpepalign/Benchmark/dataset/PepSet_dimer/1f47.pdb L B
Total DockQ over 1 native interfaces: 0.880 with BA:LB model:native mapping
DockQ 0.880 iRMSD 0.927 LRMSD 1.971 fnat 0.969 fnonnat 0.139 F1 0.912 clashes 0 mapping BA:LB /home/junjiechen/1_work/250401-Dpepalign/Benchmark/protenix/PepSet/pred/1f47/seed_43/predictions/1f47_sample_3.cif B A -> /home/junjiechen/1_work/250401-Dpepalign/Benchmark/dataset/PepSet_dimer/1f47.pdb L B
Total DockQ over 1 native interfaces: 0.969 with BA:LB model:native mapping
DockQ 0.969 iRMSD 0.456 LRMSD 0.830 fnat 1.000 fnonnat 0.158 F1 0.914 clashes 0 mapping BA:LB /home/junjiechen/1_work/250401-Dpepalign/Benchmark/protenix/PepSet/pred/1f47/seed_44/predictions/1f47_sample_4.cif B A -> /home/junjiechen/1_work/250401-Dpepalign/Benchmark/dataset/PepSet_dimer/1f47.pdb L B
Total DockQ over 1 native interfaces: 0.910 with BA:LB model:native mapping
DockQ 0.910 iRMSD 0.823 LRMSD 1.710 fnat 1.000 fnonnat 0.200 F1 0.889 clashes 0 mapping BA:LB /home/junjiechen/1_work/250401-Dpepalign/Benchmark/protenix/PepSet/pred/1f47/seed_43/predictions/1f47_sample_4.cif B A -> /home/junjiechen/1_work/250401-Dpepalign/Benchmark/dataset/PepSet_dimer/1f47.pdb L B
Total DockQ over 1 native interfaces: 0.951 with BA:LB model:native mapping
DockQ 0.951 iRMSD 0.574 LRMSD 1.152 fnat 1.000 fnonnat 0.158 F1 0.914 clashes 0 mapping BA:LB /home/junjiechen/1_work/250401-Dpepalign/Benchmark/protenix/PepSet/pred/1f47/seed_44/predictions/1f47_sample_1.cif B A -> /home/junjiechen/1_work/250401-Dpepalign/Benchmark/dataset/PepSet_dimer/1f47.pdb L B
Total DockQ over 1 native interfaces: 0.936 with BA:LB model:native mapping
DockQ 0.936 iRMSD 0.668 LRMSD 1.379 fnat 1.000 fnonnat 0.111 F1 0.941 clashes 0 mapping BA:LB /home/junjiechen/1_work/250401-Dpepalign/Benchmark/protenix/PepSet/pred/1f47/seed_44/predictions/1f47_sample_3.cif B A -> /home/junjiechen/1_work/250401-Dpepalign/Benchmark/dataset/PepSet_dimer/1f47.pdb L B
Total DockQ over 1 native interfaces: 0.811 with BA:LA model:native mapping
DockQ 0.811 iRMSD 1.153 LRMSD 2.237 fnat 0.870 fnonnat 0.130 F1 0.870 clashes 0 mapping BA:LA /home/junjiechen/1_work/250401-Dpepalign/Benchmark/protenix/PepSet/pred/1f8h/seed_42/predictions/1f8h_sample_0.cif B A -> /home/junjiechen/1_work/250401-Dpepalign/Benchmark/dataset/PepSet_dimer/1f8h.pdb L A
Total DockQ over 1 native interfaces: 0.791 with BA:LA model:native mapping
DockQ 0.791 iRMSD 1.190 LRMSD 2.264 fnat 0.826 fnonnat 0.174 F1 0.826 clashes 0 mapping BA:LA /home/junjiechen/1_work/250401-Dpepalign/Benchmark/protenix/PepSet/pred/1f8h/seed_42/predictions/1f8h_sample_1.cif B A -> /home/junjiechen/1_work/250401-Dpepalign/Benchmark/dataset/PepSet_dimer/1f8h.pdb L A
Total DockQ over 1 native interfaces: 0.797 with BA:LA model:native mapping
DockQ 0.797 iRMSD 1.159 LRMSD 2.149 fnat 0.826 fnonnat 0.136 F1 0.844 clashes 0 mapping BA:LA /home/junjiechen/1_work/250401-Dpepalign/Benchmark/protenix/PepSet/pred/1f8h/seed_43/predictions/1f8h_sample_0.cif B A -> /home/junjiechen/1_work/250401-Dpepalign/Benchmark/dataset/PepSet_dimer/1f8h.pdb L A
Total DockQ over 1 native interfaces: 0.792 with BA:LA model:native mapping
DockQ 0.792 iRMSD 1.197 LRMSD 2.196 fnat 0.826 fnonnat 0.240 F1 0.792 clashes 0 mapping BA:LA /home/junjiechen/1_work/250401-Dpepalign/Benchmark/protenix/PepSet/pred/1f8h/seed_42/predictions/1f8h_sample_4.cif B A -> /home/junjiechen/1_work/250401-Dpepalign/Benchmark/dataset/PepSet_dimer/1f8h.pdb L A
Total DockQ over 1 native interfaces: 0.786 with BA:LA model:native mapping
DockQ 0.786 iRMSD 1.236 LRMSD 2.242 fnat 0.826 fnonnat 0.208 F1 0.809 clashes 0 mapping BA:LA /home/junjiechen/1_work/250401-Dpepalign/Benchmark/protenix/PepSet/pred/1f8h/seed_42/predictions/1f8h_sample_3.cif B A -> /home/junjiechen/1_work/250401-Dpepalign/Benchmark/dataset/PepSet_dimer/1f8h.pdb L A
Total DockQ over 1 native interfaces: 0.787 with BA:LA model:native mapping
DockQ 0.787 iRMSD 1.214 LRMSD 2.335 fnat 0.826 fnonnat 0.208 F1 0.809 clashes 0 mapping BA:LA /home/junjiechen/1_work/250401-Dpepalign/Benchmark/protenix/PepSet/pred/1f8h/seed_42/predictions/1f8h_sample_2.cif B A -> /home/junjiechen/1_work/250401-Dpepalign/Benchmark/dataset/PepSet_dimer/1f8h.pdb L A
Total DockQ over 1 native interfaces: 0.794 with BA:LA model:native mapping
DockQ 0.794 iRMSD 1.262 LRMSD 2.408 fnat 0.870 fnonnat 0.231 F1 0.816 clashes 0 mapping BA:LA /home/junjiechen/1_work/250401-Dpepalign/Benchmark/protenix/PepSet/pred/1f8h/seed_43/predictions/1f8h_sample_4.cif B A -> /home/junjiechen/1_work/250401-Dpepalign/Benchmark/dataset/PepSet_dimer/1f8h.pdb L A
Total DockQ over 1 native interfaces: 0.806 with BA:LA model:native mapping
DockQ 0.806 iRMSD 1.114 LRMSD 2.001 fnat 0.826 fnonnat 0.174 F1 0.826 clashes 1 mapping BA:LA /home/junjiechen/1_work/250401-Dpepalign/Benchmark/protenix/PepSet/pred/1f8h/seed_43/predictions/1f8h_sample_2.cif B A -> /home/junjiechen/1_work/250401-Dpepalign/Benchmark/dataset/PepSet_dimer/1f8h.pdb L A
Total DockQ over 1 native interfaces: 0.796 with BA:LA model:native mapping
DockQ 0.796 iRMSD 1.163 LRMSD 2.215 fnat 0.826 fnonnat 0.208 F1 0.809 clashes 0 mapping BA:LA /home/junjiechen/1_work/250401-Dpepalign/Benchmark/protenix/PepSet/pred/1f8h/seed_43/predictions/1f8h_sample_1.cif B A -> /home/junjiechen/1_work/250401-Dpepalign/Benchmark/dataset/PepSet_dimer/1f8h.pdb L A
Total DockQ over 1 native interfaces: 0.788 with BA:LA model:native mapping
DockQ 0.788 iRMSD 1.139 LRMSD 1.995 fnat 0.783 fnonnat 0.182 F1 0.800 clashes 0 mapping BA:LA /home/junjiechen/1_work/250401-Dpepalign/Benchmark/protenix/PepSet/pred/1f8h/seed_43/predictions/1f8h_sample_3.cif B A -> /home/junjiechen/1_work/250401-Dpepalign/Benchmark/dataset/PepSet_dimer/1f8h.pdb L A
Total DockQ over 1 native interfaces: 0.795 with BA:LA model:native mapping
DockQ 0.795 iRMSD 1.162 LRMSD 2.244 fnat 0.826 fnonnat 0.136 F1 0.844 clashes 0 mapping BA:LA /home/junjiechen/1_work/250401-Dpepalign/Benchmark/protenix/PepSet/pred/1f8h/seed_44/predictions/1f8h_sample_0.cif B A -> /home/junjiechen/1_work/250401-Dpepalign/Benchmark/dataset/PepSet_dimer/1f8h.pdb L A
Total DockQ over 1 native interfaces: 0.796 with BA:LA model:native mapping
DockQ 0.796 iRMSD 1.174 LRMSD 2.125 fnat 0.826 fnonnat 0.174 F1 0.826 clashes 0 mapping BA:LA /home/junjiechen/1_work/250401-Dpepalign/Benchmark/protenix/PepSet/pred/1f8h/seed_44/predictions/1f8h_sample_1.cif B A -> /home/junjiechen/1_work/250401-Dpepalign/Benchmark/dataset/PepSet_dimer/1f8h.pdb L A
Total DockQ over 1 native interfaces: 0.775 with BA:LA model:native mapping
DockQ 0.775 iRMSD 1.275 LRMSD 2.517 fnat 0.826 fnonnat 0.240 F1 0.792 clashes 0 mapping BA:LA /home/junjiechen/1_work/250401-Dpepalign/Benchmark/protenix/PepSet/pred/1f8h/seed_44/predictions/1f8h_sample_4.cif B A -> /home/junjiechen/1_work/250401-Dpepalign/Benchmark/dataset/PepSet_dimer/1f8h.pdb L A
Total DockQ over 1 native interfaces: 0.816 with BA:LA model:native mapping
DockQ 0.816 iRMSD 1.143 LRMSD 2.061 fnat 0.870 fnonnat 0.167 F1 0.851 clashes 0 mapping BA:LA /home/junjiechen/1_work/250401-Dpepalign/Benchmark/protenix/PepSet/pred/1f8h/seed_44/predictions/1f8h_sample_2.cif B A -> /home/junjiechen/1_work/250401-Dpepalign/Benchmark/dataset/PepSet_dimer/1f8h.pdb L A
Total DockQ over 1 native interfaces: 0.772 with BA:LA model:native mapping
DockQ 0.772 iRMSD 1.218 LRMSD 2.327 fnat 0.783 fnonnat 0.280 F1 0.750 clashes 0 mapping BA:LA /home/junjiechen/1_work/250401-Dpepalign/Benchmark/protenix/PepSet/pred/1f8h/seed_44/predictions/1f8h_sample_3.cif B A -> /home/junjiechen/1_work/250401-Dpepalign/Benchmark/dataset/PepSet_dimer/1f8h.pdb L A
Total DockQ over 1 native interfaces: 0.849 with BA:LA model:native mapping
DockQ 0.849 iRMSD 0.901 LRMSD 2.151 fnat 0.872 fnonnat 0.081 F1 0.895 clashes 0 mapping BA:LA /home/junjiechen/1_work/250401-Dpepalign/Benchmark/protenix/PepSet/pred/1j2x/seed_42/predictions/1j2x_sample_0.cif B A -> /home/junjiechen/1_work/250401-Dpepalign/Benchmark/dataset/PepSet_dimer/1j2x.pdb L A
Total DockQ over 1 native interfaces: 0.810 with BA:LA model:native mapping
DockQ 0.810 iRMSD 1.146 LRMSD 2.410 fnat 0.872 fnonnat 0.081 F1 0.895 clashes 0 mapping BA:LA /home/junjiechen/1_work/250401-Dpepalign/Benchmark/protenix/PepSet/pred/1j2x/seed_42/predictions/1j2x_sample_2.cif B A -> /home/junjiechen/1_work/250401-Dpepalign/Benchmark/dataset/PepSet_dimer/1j2x.pdb L A
Total DockQ over 1 native interfaces: 0.858 with BA:LA model:native mapping
DockQ 0.858 iRMSD 0.808 LRMSD 1.914 fnat 0.846 fnonnat 0.083 F1 0.880 clashes 0 mapping BA:LA /home/junjiechen/1_work/250401-Dpepalign/Benchmark/protenix/PepSet/pred/1j2x/seed_42/predictions/1j2x_sample_3.cif B A -> /home/junjiechen/1_work/250401-Dpepalign/Benchmark/dataset/PepSet_dimer/1j2x.pdb L A
Total DockQ over 1 native interfaces: 0.855 with BA:LA model:native mapping
DockQ 0.855 iRMSD 0.895 LRMSD 2.346 fnat 0.897 fnonnat 0.028 F1 0.933 clashes 0 mapping BA:LA /home/junjiechen/1_work/250401-Dpepalign/Benchmark/protenix/PepSet/pred/1j2x/seed_42/predictions/1j2x_sample_1.cif B A -> /home/junjiechen/1_work/250401-Dpepalign/Benchmark/dataset/PepSet_dimer/1j2x.pdb L A
Total DockQ over 1 native interfaces: 0.847 with BA:LA model:native mapping
DockQ 0.847 iRMSD 0.902 LRMSD 2.228 fnat 0.872 fnonnat 0.081 F1 0.895 clashes 0 mapping BA:LA /home/junjiechen/1_work/250401-Dpepalign/Benchmark/protenix/PepSet/pred/1j2x/seed_43/predictions/1j2x_sample_0.cif B A -> /home/junjiechen/1_work/250401-Dpepalign/Benchmark/dataset/PepSet_dimer/1j2x.pdb L A
Total DockQ over 1 native interfaces: 0.920 with BA:LA model:native mapping
DockQ 0.920 iRMSD 0.584 LRMSD 1.548 fnat 0.923 fnonnat 0.077 F1 0.923 clashes 0 mapping BA:LA /home/junjiechen/1_work/250401-Dpepalign/Benchmark/protenix/PepSet/pred/1j2x/seed_42/predictions/1j2x_sample_4.cif B A -> /home/junjiechen/1_work/250401-Dpepalign/Benchmark/dataset/PepSet_dimer/1j2x.pdb L A
Total DockQ over 1 native interfaces: 0.831 with BA:LA model:native mapping
DockQ 0.831 iRMSD 0.989 LRMSD 2.454 fnat 0.872 fnonnat 0.056 F1 0.907 clashes 0 mapping BA:LA /home/junjiechen/1_work/250401-Dpepalign/Benchmark/protenix/PepSet/pred/1j2x/seed_43/predictions/1j2x_sample_1.cif B A -> /home/junjiechen/1_work/250401-Dpepalign/Benchmark/dataset/PepSet_dimer/1j2x.pdb L A
Total DockQ over 1 native interfaces: 0.865 with BA:LA model:native mapping
DockQ 0.865 iRMSD 0.873 LRMSD 1.942 fnat 0.897 fnonnat 0.125 F1 0.886 clashes 0 mapping BA:LA /home/junjiechen/1_work/250401-Dpepalign/Benchmark/protenix/PepSet/pred/1j2x/seed_43/predictions/1j2x_sample_2.cif B A -> /home/junjiechen/1_work/250401-Dpepalign/Benchmark/dataset/PepSet_dimer/1j2x.pdb L A
Total DockQ over 1 native interfaces: 0.828 with BA:LA model:native mapping
DockQ 0.828 iRMSD 1.080 LRMSD 2.348 fnat 0.897 fnonnat 0.079 F1 0.909 clashes 0 mapping BA:LA /home/junjiechen/1_work/250401-Dpepalign/Benchmark/protenix/PepSet/pred/1j2x/seed_43/predictions/1j2x_sample_4.cif B A -> /home/junjiechen/1_work/250401-Dpepalign/Benchmark/dataset/PepSet_dimer/1j2x.pdb L A
Total DockQ over 1 native interfaces: 0.893 with BA:LA model:native mapping
DockQ 0.893 iRMSD 0.749 LRMSD 1.869 fnat 0.923 fnonnat 0.122 F1 0.900 clashes 0 mapping BA:LA /home/junjiechen/1_work/250401-Dpepalign/Benchmark/protenix/PepSet/pred/1j2x/seed_43/predictions/1j2x_sample_3.cif B A -> /home/junjiechen/1_work/250401-Dpepalign/Benchmark/dataset/PepSet_dimer/1j2x.pdb L A
Total DockQ over 1 native interfaces: 0.868 with BA:LA model:native mapping
DockQ 0.868 iRMSD 0.804 LRMSD 1.843 fnat 0.872 fnonnat 0.029 F1 0.919 clashes 0 mapping BA:LA /home/junjiechen/1_work/250401-Dpepalign/Benchmark/protenix/PepSet/pred/1j2x/seed_44/predictions/1j2x_sample_3.cif B A -> /home/junjiechen/1_work/250401-Dpepalign/Benchmark/dataset/PepSet_dimer/1j2x.pdb L A
Total DockQ over 1 native interfaces: 0.852 with BA:LA model:native mapping
DockQ 0.852 iRMSD 0.938 LRMSD 2.140 fnat 0.897 fnonnat 0.054 F1 0.921 clashes 0 mapping BA:LA /home/junjiechen/1_work/250401-Dpepalign/Benchmark/protenix/PepSet/pred/1j2x/seed_44/predictions/1j2x_sample_2.cif B A -> /home/junjiechen/1_work/250401-Dpepalign/Benchmark/dataset/PepSet_dimer/1j2x.pdb L A
Total DockQ over 1 native interfaces: 0.843 with BA:LA model:native mapping
DockQ 0.843 iRMSD 0.970 LRMSD 2.373 fnat 0.897 fnonnat 0.028 F1 0.933 clashes 0 mapping BA:LA /home/junjiechen/1_work/250401-Dpepalign/Benchmark/protenix/PepSet/pred/1j2x/seed_44/predictions/1j2x_sample_1.cif B A -> /home/junjiechen/1_work/250401-Dpepalign/Benchmark/dataset/PepSet_dimer/1j2x.pdb L A
Total DockQ over 1 native interfaces: 0.825 with BA:LA model:native mapping
DockQ 0.825 iRMSD 1.015 LRMSD 2.562 fnat 0.872 fnonnat 0.056 F1 0.907 clashes 0 mapping BA:LA /home/junjiechen/1_work/250401-Dpepalign/Benchmark/protenix/PepSet/pred/1j2x/seed_44/predictions/1j2x_sample_0.cif B A -> /home/junjiechen/1_work/250401-Dpepalign/Benchmark/dataset/PepSet_dimer/1j2x.pdb L A
Total DockQ over 1 native interfaces: 0.830 with BA:LA model:native mapping
DockQ 0.830 iRMSD 1.032 LRMSD 2.180 fnat 0.872 fnonnat 0.150 F1 0.861 clashes 0 mapping BA:LA /home/junjiechen/1_work/250401-Dpepalign/Benchmark/protenix/PepSet/pred/1j2x/seed_44/predictions/1j2x_sample_4.cif B A -> /home/junjiechen/1_work/250401-Dpepalign/Benchmark/dataset/PepSet_dimer/1j2x.pdb L A
Total DockQ over 1 native interfaces: 0.945 with BA:LA model:native mapping
DockQ 0.945 iRMSD 0.559 LRMSD 1.105 fnat 0.973 fnonnat 0.053 F1 0.960 clashes 0 mapping BA:LA /home/junjiechen/1_work/250401-Dpepalign/Benchmark/protenix/PepSet/pred/1jd5/seed_42/predictions/1jd5_sample_0.cif B A -> /home/junjiechen/1_work/250401-Dpepalign/Benchmark/dataset/PepSet_dimer/1jd5.pdb L A
Total DockQ over 1 native interfaces: 0.944 with BA:LA model:native mapping
DockQ 0.944 iRMSD 0.557 LRMSD 1.188 fnat 0.973 fnonnat 0.053 F1 0.960 clashes 0 mapping BA:LA /home/junjiechen/1_work/250401-Dpepalign/Benchmark/protenix/PepSet/pred/1jd5/seed_42/predictions/1jd5_sample_1.cif B A -> /home/junjiechen/1_work/250401-Dpepalign/Benchmark/dataset/PepSet_dimer/1jd5.pdb L A
Total DockQ over 1 native interfaces: 0.942 with BA:LA model:native mapping
DockQ 0.942 iRMSD 0.572 LRMSD 1.207 fnat 0.973 fnonnat 0.053 F1 0.960 clashes 0 mapping BA:LA /home/junjiechen/1_work/250401-Dpepalign/Benchmark/protenix/PepSet/pred/1jd5/seed_42/predictions/1jd5_sample_2.cif B A -> /home/junjiechen/1_work/250401-Dpepalign/Benchmark/dataset/PepSet_dimer/1jd5.pdb L A
Total DockQ over 1 native interfaces: 0.949 with BA:LA model:native mapping
DockQ 0.949 iRMSD 0.527 LRMSD 1.125 fnat 0.973 fnonnat 0.027 F1 0.973 clashes 0 mapping BA:LA /home/junjiechen/1_work/250401-Dpepalign/Benchmark/protenix/PepSet/pred/1jd5/seed_42/predictions/1jd5_sample_3.cif B A -> /home/junjiechen/1_work/250401-Dpepalign/Benchmark/dataset/PepSet_dimer/1jd5.pdb L A
Total DockQ over 1 native interfaces: 0.958 with BA:LA model:native mapping
DockQ 0.958 iRMSD 0.454 LRMSD 1.049 fnat 0.973 fnonnat 0.053 F1 0.960 clashes 0 mapping BA:LA /home/junjiechen/1_work/250401-Dpepalign/Benchmark/protenix/PepSet/pred/1jd5/seed_42/predictions/1jd5_sample_4.cif B A -> /home/junjiechen/1_work/250401-Dpepalign/Benchmark/dataset/PepSet_dimer/1jd5.pdb L A
Total DockQ over 1 native interfaces: 0.946 with BA:LA model:native mapping
DockQ 0.946 iRMSD 0.544 LRMSD 1.158 fnat 0.973 fnonnat 0.053 F1 0.960 clashes 0 mapping BA:LA /home/junjiechen/1_work/250401-Dpepalign/Benchmark/protenix/PepSet/pred/1jd5/seed_43/predictions/1jd5_sample_0.cif B A -> /home/junjiechen/1_work/250401-Dpepalign/Benchmark/dataset/PepSet_dimer/1jd5.pdb L A
Total DockQ over 1 native interfaces: 0.939 with BA:LA model:native mapping
DockQ 0.939 iRMSD 0.593 LRMSD 1.279 fnat 0.973 fnonnat 0.077 F1 0.947 clashes 0 mapping BA:LA /home/junjiechen/1_work/250401-Dpepalign/Benchmark/protenix/PepSet/pred/1jd5/seed_43/predictions/1jd5_sample_2.cif B A -> /home/junjiechen/1_work/250401-Dpepalign/Benchmark/dataset/PepSet_dimer/1jd5.pdb L A
Total DockQ over 1 native interfaces: 0.944 with BA:LA model:native mapping
DockQ 0.944 iRMSD 0.563 LRMSD 1.111 fnat 0.973 fnonnat 0.053 F1 0.960 clashes 0 mapping BA:LA /home/junjiechen/1_work/250401-Dpepalign/Benchmark/protenix/PepSet/pred/1jd5/seed_43/predictions/1jd5_sample_3.cif B A -> /home/junjiechen/1_work/250401-Dpepalign/Benchmark/dataset/PepSet_dimer/1jd5.pdb L A
Total DockQ over 1 native interfaces: 0.944 with BA:LA model:native mapping
DockQ 0.944 iRMSD 0.556 LRMSD 1.225 fnat 0.973 fnonnat 0.053 F1 0.960 clashes 0 mapping BA:LA /home/junjiechen/1_work/250401-Dpepalign/Benchmark/protenix/PepSet/pred/1jd5/seed_43/predictions/1jd5_sample_1.cif B A -> /home/junjiechen/1_work/250401-Dpepalign/Benchmark/dataset/PepSet_dimer/1jd5.pdb L A
Total DockQ over 1 native interfaces: 0.940 with BA:LA model:native mapping
DockQ 0.940 iRMSD 0.596 LRMSD 1.052 fnat 0.973 fnonnat 0.077 F1 0.947 clashes 0 mapping BA:LA /home/junjiechen/1_work/250401-Dpepalign/Benchmark/protenix/PepSet/pred/1jd5/seed_44/predictions/1jd5_sample_0.cif B A -> /home/junjiechen/1_work/250401-Dpepalign/Benchmark/dataset/PepSet_dimer/1jd5.pdb L A
Total DockQ over 1 native interfaces: 0.946 with BA:LA model:native mapping
DockQ 0.946 iRMSD 0.545 LRMSD 1.156 fnat 0.973 fnonnat 0.053 F1 0.960 clashes 0 mapping BA:LA /home/junjiechen/1_work/250401-Dpepalign/Benchmark/protenix/PepSet/pred/1jd5/seed_43/predictions/1jd5_sample_4.cif B A -> /home/junjiechen/1_work/250401-Dpepalign/Benchmark/dataset/PepSet_dimer/1jd5.pdb L A
Total DockQ over 1 native interfaces: 0.943 with BA:LA model:native mapping
DockQ 0.943 iRMSD 0.571 LRMSD 1.112 fnat 0.973 fnonnat 0.077 F1 0.947 clashes 0 mapping BA:LA /home/junjiechen/1_work/250401-Dpepalign/Benchmark/protenix/PepSet/pred/1jd5/seed_44/predictions/1jd5_sample_1.cif B A -> /home/junjiechen/1_work/250401-Dpepalign/Benchmark/dataset/PepSet_dimer/1jd5.pdb L A
Total DockQ over 1 native interfaces: 0.947 with BA:LA model:native mapping
DockQ 0.947 iRMSD 0.544 LRMSD 1.096 fnat 0.973 fnonnat 0.053 F1 0.960 clashes 0 mapping BA:LA /home/junjiechen/1_work/250401-Dpepalign/Benchmark/protenix/PepSet/pred/1jd5/seed_44/predictions/1jd5_sample_2.cif B A -> /home/junjiechen/1_work/250401-Dpepalign/Benchmark/dataset/PepSet_dimer/1jd5.pdb L A
Total DockQ over 1 native interfaces: 0.537 with BA:LA model:native mapping
DockQ 0.537 iRMSD 1.554 LRMSD 5.610 fnat 0.432 fnonnat 0.387 F1 0.507 clashes 1 mapping BA:LA /home/junjiechen/1_work/250401-Dpepalign/Benchmark/protenix/PepSet/pred/1jq8/seed_42/predictions/1jq8_sample_0.cif B A -> /home/junjiechen/1_work/250401-Dpepalign/Benchmark/dataset/PepSet_dimer/1jq8.pdb L A
Total DockQ over 1 native interfaces: 0.939 with BA:LA model:native mapping
DockQ 0.939 iRMSD 0.589 LRMSD 1.323 fnat 0.973 fnonnat 0.053 F1 0.960 clashes 0 mapping BA:LA /home/junjiechen/1_work/250401-Dpepalign/Benchmark/protenix/PepSet/pred/1jd5/seed_44/predictions/1jd5_sample_4.cif B A -> /home/junjiechen/1_work/250401-Dpepalign/Benchmark/dataset/PepSet_dimer/1jd5.pdb L A
Total DockQ over 1 native interfaces: 0.944 with BA:LA model:native mapping
DockQ 0.944 iRMSD 0.562 LRMSD 1.095 fnat 0.973 fnonnat 0.053 F1 0.960 clashes 0 mapping BA:LA /home/junjiechen/1_work/250401-Dpepalign/Benchmark/protenix/PepSet/pred/1jd5/seed_44/predictions/1jd5_sample_3.cif B A -> /home/junjiechen/1_work/250401-Dpepalign/Benchmark/dataset/PepSet_dimer/1jd5.pdb L A
Total DockQ over 1 native interfaces: 0.544 with BA:LA model:native mapping
DockQ 0.544 iRMSD 1.592 LRMSD 5.766 fnat 0.477 fnonnat 0.417 F1 0.525 clashes 0 mapping BA:LA /home/junjiechen/1_work/250401-Dpepalign/Benchmark/protenix/PepSet/pred/1jq8/seed_42/predictions/1jq8_sample_3.cif B A -> /home/junjiechen/1_work/250401-Dpepalign/Benchmark/dataset/PepSet_dimer/1jq8.pdb L A
Total DockQ over 1 native interfaces: 0.529 with BA:LA model:native mapping
DockQ 0.529 iRMSD 1.600 LRMSD 5.716 fnat 0.432 fnonnat 0.424 F1 0.494 clashes 2 mapping BA:LA /home/junjiechen/1_work/250401-Dpepalign/Benchmark/protenix/PepSet/pred/1jq8/seed_42/predictions/1jq8_sample_1.cif B A -> /home/junjiechen/1_work/250401-Dpepalign/Benchmark/dataset/PepSet_dimer/1jq8.pdb L A
Total DockQ over 1 native interfaces: 0.676 with BA:LA model:native mapping
DockQ 0.676 iRMSD 1.092 LRMSD 3.529 fnat 0.523 fnonnat 0.395 F1 0.561 clashes 4 mapping BA:LA /home/junjiechen/1_work/250401-Dpepalign/Benchmark/protenix/PepSet/pred/1jq8/seed_42/predictions/1jq8_sample_4.cif B A -> /home/junjiechen/1_work/250401-Dpepalign/Benchmark/dataset/PepSet_dimer/1jq8.pdb L A
Total DockQ over 1 native interfaces: 0.552 with BA:LA model:native mapping
DockQ 0.552 iRMSD 1.548 LRMSD 5.655 fnat 0.477 fnonnat 0.400 F1 0.532 clashes 1 mapping BA:LA /home/junjiechen/1_work/250401-Dpepalign/Benchmark/protenix/PepSet/pred/1jq8/seed_42/predictions/1jq8_sample_2.cif B A -> /home/junjiechen/1_work/250401-Dpepalign/Benchmark/dataset/PepSet_dimer/1jq8.pdb L A
Total DockQ over 1 native interfaces: 0.542 with BA:LA model:native mapping
DockQ 0.542 iRMSD 1.573 LRMSD 5.628 fnat 0.455 fnonnat 0.412 F1 0.513 clashes 2 mapping BA:LA /home/junjiechen/1_work/250401-Dpepalign/Benchmark/protenix/PepSet/pred/1jq8/seed_43/predictions/1jq8_sample_0.cif B A -> /home/junjiechen/1_work/250401-Dpepalign/Benchmark/dataset/PepSet_dimer/1jq8.pdb L A
Total DockQ over 1 native interfaces: 0.586 with BA:LA model:native mapping
DockQ 0.586 iRMSD 1.425 LRMSD 5.154 fnat 0.500 fnonnat 0.389 F1 0.550 clashes 0 mapping BA:LA /home/junjiechen/1_work/250401-Dpepalign/Benchmark/protenix/PepSet/pred/1jq8/seed_43/predictions/1jq8_sample_2.cif B A -> /home/junjiechen/1_work/250401-Dpepalign/Benchmark/dataset/PepSet_dimer/1jq8.pdb L A
Total DockQ over 1 native interfaces: 0.637 with BA:LA model:native mapping
DockQ 0.637 iRMSD 1.260 LRMSD 4.235 fnat 0.523 fnonnat 0.425 F1 0.548 clashes 1 mapping BA:LA /home/junjiechen/1_work/250401-Dpepalign/Benchmark/protenix/PepSet/pred/1jq8/seed_43/predictions/1jq8_sample_1.cif B A -> /home/junjiechen/1_work/250401-Dpepalign/Benchmark/dataset/PepSet_dimer/1jq8.pdb L A
Total DockQ over 1 native interfaces: 0.542 with BA:LA model:native mapping
DockQ 0.542 iRMSD 1.533 LRMSD 5.482 fnat 0.432 fnonnat 0.406 F1 0.500 clashes 0 mapping BA:LA /home/junjiechen/1_work/250401-Dpepalign/Benchmark/protenix/PepSet/pred/1jq8/seed_43/predictions/1jq8_sample_3.cif B A -> /home/junjiechen/1_work/250401-Dpepalign/Benchmark/dataset/PepSet_dimer/1jq8.pdb L A
Total DockQ over 1 native interfaces: 0.540 with BA:LA model:native mapping
DockQ 0.540 iRMSD 1.549 LRMSD 5.512 fnat 0.432 fnonnat 0.457 F1 0.481 clashes 1 mapping BA:LA /home/junjiechen/1_work/250401-Dpepalign/Benchmark/protenix/PepSet/pred/1jq8/seed_43/predictions/1jq8_sample_4.cif B A -> /home/junjiechen/1_work/250401-Dpepalign/Benchmark/dataset/PepSet_dimer/1jq8.pdb L A
Total DockQ over 1 native interfaces: 0.648 with BA:LA model:native mapping
DockQ 0.648 iRMSD 1.256 LRMSD 4.406 fnat 0.568 fnonnat 0.306 F1 0.625 clashes 0 mapping BA:LA /home/junjiechen/1_work/250401-Dpepalign/Benchmark/protenix/PepSet/pred/1jq8/seed_44/predictions/1jq8_sample_0.cif B A -> /home/junjiechen/1_work/250401-Dpepalign/Benchmark/dataset/PepSet_dimer/1jq8.pdb L A
Total DockQ over 1 native interfaces: 0.548 with BA:LA model:native mapping
DockQ 0.548 iRMSD 1.490 LRMSD 5.445 fnat 0.432 fnonnat 0.486 F1 0.469 clashes 1 mapping BA:LA /home/junjiechen/1_work/250401-Dpepalign/Benchmark/protenix/PepSet/pred/1jq8/seed_44/predictions/1jq8_sample_2.cif B A -> /home/junjiechen/1_work/250401-Dpepalign/Benchmark/dataset/PepSet_dimer/1jq8.pdb L A
Total DockQ over 1 native interfaces: 0.628 with BA:LA model:native mapping
DockQ 0.628 iRMSD 1.123 LRMSD 3.774 fnat 0.409 fnonnat 0.419 F1 0.480 clashes 1 mapping BA:LA /home/junjiechen/1_work/250401-Dpepalign/Benchmark/protenix/PepSet/pred/1jq8/seed_44/predictions/1jq8_sample_4.cif B A -> /home/junjiechen/1_work/250401-Dpepalign/Benchmark/dataset/PepSet_dimer/1jq8.pdb L A
Total DockQ over 1 native interfaces: 0.723 with BA:LA model:native mapping
DockQ 0.723 iRMSD 0.974 LRMSD 3.234 fnat 0.591 fnonnat 0.366 F1 0.612 clashes 1 mapping BA:LA /home/junjiechen/1_work/250401-Dpepalign/Benchmark/protenix/PepSet/pred/1jq8/seed_44/predictions/1jq8_sample_1.cif B A -> /home/junjiechen/1_work/250401-Dpepalign/Benchmark/dataset/PepSet_dimer/1jq8.pdb L A
Total DockQ over 1 native interfaces: 0.729 with BA:LA model:native mapping
DockQ 0.729 iRMSD 0.972 LRMSD 2.975 fnat 0.591 fnonnat 0.316 F1 0.634 clashes 2 mapping BA:LA /home/junjiechen/1_work/250401-Dpepalign/Benchmark/protenix/PepSet/pred/1jq8/seed_44/predictions/1jq8_sample_3.cif B A -> /home/junjiechen/1_work/250401-Dpepalign/Benchmark/dataset/PepSet_dimer/1jq8.pdb L A
Total DockQ over 1 native interfaces: 0.015 with BA:LA model:native mapping
DockQ 0.015 iRMSD 14.053 LRMSD 44.893 fnat 0.000 fnonnat 1.000 F1 0.000 clashes 0 mapping BA:LA /home/junjiechen/1_work/250401-Dpepalign/Benchmark/protenix/PepSet/pred/1jw6/seed_42/predictions/1jw6_sample_0.cif B A -> /home/junjiechen/1_work/250401-Dpepalign/Benchmark/dataset/PepSet_dimer/1jw6.pdb L A
Total DockQ over 1 native interfaces: 0.200 with BA:LA model:native mapping
DockQ 0.200 iRMSD 3.978 LRMSD 11.778 fnat 0.133 fnonnat 0.846 F1 0.143 clashes 1 mapping BA:LA /home/junjiechen/1_work/250401-Dpepalign/Benchmark/protenix/PepSet/pred/1jw6/seed_42/predictions/1jw6_sample_1.cif B A -> /home/junjiechen/1_work/250401-Dpepalign/Benchmark/dataset/PepSet_dimer/1jw6.pdb L A
Total DockQ over 1 native interfaces: 0.016 with BA:LA model:native mapping
DockQ 0.016 iRMSD 13.894 LRMSD 44.391 fnat 0.000 fnonnat 1.000 F1 0.000 clashes 0 mapping BA:LA /home/junjiechen/1_work/250401-Dpepalign/Benchmark/protenix/PepSet/pred/1jw6/seed_43/predictions/1jw6_sample_1.cif B A -> /home/junjiechen/1_work/250401-Dpepalign/Benchmark/dataset/PepSet_dimer/1jw6.pdb L A
Total DockQ over 1 native interfaces: 0.336 with BA:LA model:native mapping
DockQ 0.336 iRMSD 2.827 LRMSD 8.144 fnat 0.267 fnonnat 0.579 F1 0.327 clashes 0 mapping BA:LA /home/junjiechen/1_work/250401-Dpepalign/Benchmark/protenix/PepSet/pred/1jw6/seed_42/predictions/1jw6_sample_4.cif B A -> /home/junjiechen/1_work/250401-Dpepalign/Benchmark/dataset/PepSet_dimer/1jw6.pdb L A
Total DockQ over 1 native interfaces: 0.147 with BA:LA model:native mapping
DockQ 0.147 iRMSD 5.296 LRMSD 17.048 fnat 0.167 fnonnat 0.848 F1 0.159 clashes 2 mapping BA:LA /home/junjiechen/1_work/250401-Dpepalign/Benchmark/protenix/PepSet/pred/1jw6/seed_42/predictions/1jw6_sample_3.cif B A -> /home/junjiechen/1_work/250401-Dpepalign/Benchmark/dataset/PepSet_dimer/1jw6.pdb L A
Total DockQ over 1 native interfaces: 0.033 with BA:LA model:native mapping
DockQ 0.033 iRMSD 9.063 LRMSD 30.424 fnat 0.000 fnonnat 1.000 F1 0.000 clashes 0 mapping BA:LA /home/junjiechen/1_work/250401-Dpepalign/Benchmark/protenix/PepSet/pred/1jw6/seed_42/predictions/1jw6_sample_2.cif B A -> /home/junjiechen/1_work/250401-Dpepalign/Benchmark/dataset/PepSet_dimer/1jw6.pdb L A
Total DockQ over 1 native interfaces: 0.016 with BA:LA model:native mapping
DockQ 0.016 iRMSD 13.807 LRMSD 44.160 fnat 0.000 fnonnat 1.000 F1 0.000 clashes 0 mapping BA:LA /home/junjiechen/1_work/250401-Dpepalign/Benchmark/protenix/PepSet/pred/1jw6/seed_43/predictions/1jw6_sample_0.cif B A -> /home/junjiechen/1_work/250401-Dpepalign/Benchmark/dataset/PepSet_dimer/1jw6.pdb L A
Total DockQ over 1 native interfaces: 0.255 with BA:LA model:native mapping
DockQ 0.255 iRMSD 3.669 LRMSD 10.685 fnat 0.233 fnonnat 0.759 F1 0.237 clashes 1 mapping BA:LA /home/junjiechen/1_work/250401-Dpepalign/Benchmark/protenix/PepSet/pred/1jw6/seed_43/predictions/1jw6_sample_3.cif B A -> /home/junjiechen/1_work/250401-Dpepalign/Benchmark/dataset/PepSet_dimer/1jw6.pdb L A
Total DockQ over 1 native interfaces: 0.014 with BA:LA model:native mapping
DockQ 0.014 iRMSD 14.381 LRMSD 47.022 fnat 0.000 fnonnat 1.000 F1 0.000 clashes 0 mapping BA:LA /home/junjiechen/1_work/250401-Dpepalign/Benchmark/protenix/PepSet/pred/1jw6/seed_43/predictions/1jw6_sample_2.cif B A -> /home/junjiechen/1_work/250401-Dpepalign/Benchmark/dataset/PepSet_dimer/1jw6.pdb L A
Total DockQ over 1 native interfaces: 0.192 with BA:LA model:native mapping
DockQ 0.192 iRMSD 4.105 LRMSD 12.243 fnat 0.133 fnonnat 0.810 F1 0.157 clashes 1 mapping BA:LA /home/junjiechen/1_work/250401-Dpepalign/Benchmark/protenix/PepSet/pred/1jw6/seed_43/predictions/1jw6_sample_4.cif B A -> /home/junjiechen/1_work/250401-Dpepalign/Benchmark/dataset/PepSet_dimer/1jw6.pdb L A
Total DockQ over 1 native interfaces: 0.015 with BA:LA model:native mapping
DockQ 0.015 iRMSD 13.978 LRMSD 44.625 fnat 0.000 fnonnat 1.000 F1 0.000 clashes 0 mapping BA:LA /home/junjiechen/1_work/250401-Dpepalign/Benchmark/protenix/PepSet/pred/1jw6/seed_44/predictions/1jw6_sample_0.cif B A -> /home/junjiechen/1_work/250401-Dpepalign/Benchmark/dataset/PepSet_dimer/1jw6.pdb L A
Total DockQ over 1 native interfaces: 0.016 with BA:LA model:native mapping
DockQ 0.016 iRMSD 13.896 LRMSD 44.162 fnat 0.000 fnonnat 1.000 F1 0.000 clashes 0 mapping BA:LA /home/junjiechen/1_work/250401-Dpepalign/Benchmark/protenix/PepSet/pred/1jw6/seed_44/predictions/1jw6_sample_1.cif B A -> /home/junjiechen/1_work/250401-Dpepalign/Benchmark/dataset/PepSet_dimer/1jw6.pdb L A
Total DockQ over 1 native interfaces: 0.015 with BA:LA model:native mapping
DockQ 0.015 iRMSD 14.000 LRMSD 44.830 fnat 0.000 fnonnat 1.000 F1 0.000 clashes 0 mapping BA:LA /home/junjiechen/1_work/250401-Dpepalign/Benchmark/protenix/PepSet/pred/1jw6/seed_44/predictions/1jw6_sample_2.cif B A -> /home/junjiechen/1_work/250401-Dpepalign/Benchmark/dataset/PepSet_dimer/1jw6.pdb L A
Total DockQ over 1 native interfaces: 0.032 with BA:LA model:native mapping
DockQ 0.032 iRMSD 9.244 LRMSD 30.597 fnat 0.000 fnonnat 1.000 F1 0.000 clashes 0 mapping BA:LA /home/junjiechen/1_work/250401-Dpepalign/Benchmark/protenix/PepSet/pred/1jw6/seed_44/predictions/1jw6_sample_3.cif B A -> /home/junjiechen/1_work/250401-Dpepalign/Benchmark/dataset/PepSet_dimer/1jw6.pdb L A
Total DockQ over 1 native interfaces: 0.139 with BA:LA model:native mapping
DockQ 0.139 iRMSD 8.542 LRMSD 16.514 fnat 0.179 fnonnat 0.800 F1 0.189 clashes 1 mapping BA:LA /home/junjiechen/1_work/250401-Dpepalign/Benchmark/protenix/PepSet/pred/1l2z/seed_42/predictions/1l2z_sample_0.cif B A -> /home/junjiechen/1_work/250401-Dpepalign/Benchmark/dataset/PepSet_dimer/1l2z.pdb L A
Total DockQ over 1 native interfaces: 0.168 with BA:LA model:native mapping
DockQ 0.168 iRMSD 7.403 LRMSD 14.707 fnat 0.214 fnonnat 0.806 F1 0.203 clashes 0 mapping BA:LA /home/junjiechen/1_work/250401-Dpepalign/Benchmark/protenix/PepSet/pred/1l2z/seed_42/predictions/1l2z_sample_1.cif B A -> /home/junjiechen/1_work/250401-Dpepalign/Benchmark/dataset/PepSet_dimer/1l2z.pdb L A
Total DockQ over 1 native interfaces: 0.315 with BA:LA model:native mapping
DockQ 0.315 iRMSD 3.039 LRMSD 9.419 fnat 0.300 fnonnat 0.710 F1 0.295 clashes 1 mapping BA:LA /home/junjiechen/1_work/250401-Dpepalign/Benchmark/protenix/PepSet/pred/1jw6/seed_44/predictions/1jw6_sample_4.cif B A -> /home/junjiechen/1_work/250401-Dpepalign/Benchmark/dataset/PepSet_dimer/1jw6.pdb L A
Total DockQ over 1 native interfaces: 0.157 with BA:LA model:native mapping
DockQ 0.157 iRMSD 8.073 LRMSD 15.879 fnat 0.214 fnonnat 0.793 F1 0.211 clashes 1 mapping BA:LA /home/junjiechen/1_work/250401-Dpepalign/Benchmark/protenix/PepSet/pred/1l2z/seed_42/predictions/1l2z_sample_2.cif B A -> /home/junjiechen/1_work/250401-Dpepalign/Benchmark/dataset/PepSet_dimer/1l2z.pdb L A
Total DockQ over 1 native interfaces: 0.507 with BA:LA model:native mapping
DockQ 0.507 iRMSD 2.891 LRMSD 5.556 fnat 0.607 fnonnat 0.414 F1 0.596 clashes 0 mapping BA:LA /home/junjiechen/1_work/250401-Dpepalign/Benchmark/protenix/PepSet/pred/1l2z/seed_42/predictions/1l2z_sample_3.cif B A -> /home/junjiechen/1_work/250401-Dpepalign/Benchmark/dataset/PepSet_dimer/1l2z.pdb L A
Total DockQ over 1 native interfaces: 0.616 with BA:LA model:native mapping
DockQ 0.616 iRMSD 2.314 LRMSD 4.695 fnat 0.786 fnonnat 0.154 F1 0.815 clashes 0 mapping BA:LA /home/junjiechen/1_work/250401-Dpepalign/Benchmark/protenix/PepSet/pred/1l2z/seed_42/predictions/1l2z_sample_4.cif B A -> /home/junjiechen/1_work/250401-Dpepalign/Benchmark/dataset/PepSet_dimer/1l2z.pdb L A
Total DockQ over 1 native interfaces: 0.164 with BA:LA model:native mapping
DockQ 0.164 iRMSD 7.605 LRMSD 15.092 fnat 0.214 fnonnat 0.769 F1 0.222 clashes 0 mapping BA:LA /home/junjiechen/1_work/250401-Dpepalign/Benchmark/protenix/PepSet/pred/1l2z/seed_43/predictions/1l2z_sample_1.cif B A -> /home/junjiechen/1_work/250401-Dpepalign/Benchmark/dataset/PepSet_dimer/1l2z.pdb L A
Total DockQ over 1 native interfaces: 0.142 with BA:LA model:native mapping
DockQ 0.142 iRMSD 8.299 LRMSD 16.138 fnat 0.179 fnonnat 0.833 F1 0.172 clashes 0 mapping BA:LA /home/junjiechen/1_work/250401-Dpepalign/Benchmark/protenix/PepSet/pred/1l2z/seed_43/predictions/1l2z_sample_0.cif B A -> /home/junjiechen/1_work/250401-Dpepalign/Benchmark/dataset/PepSet_dimer/1l2z.pdb L A
Total DockQ over 1 native interfaces: 0.152 with BA:LA model:native mapping
DockQ 0.152 iRMSD 7.650 LRMSD 15.084 fnat 0.179 fnonnat 0.839 F1 0.169 clashes 0 mapping BA:LA /home/junjiechen/1_work/250401-Dpepalign/Benchmark/protenix/PepSet/pred/1l2z/seed_43/predictions/1l2z_sample_2.cif B A -> /home/junjiechen/1_work/250401-Dpepalign/Benchmark/dataset/PepSet_dimer/1l2z.pdb L A
Total DockQ over 1 native interfaces: 0.147 with BA:LA model:native mapping
DockQ 0.147 iRMSD 8.064 LRMSD 15.618 fnat 0.179 fnonnat 0.773 F1 0.200 clashes 0 mapping BA:LA /home/junjiechen/1_work/250401-Dpepalign/Benchmark/protenix/PepSet/pred/1l2z/seed_43/predictions/1l2z_sample_3.cif B A -> /home/junjiechen/1_work/250401-Dpepalign/Benchmark/dataset/PepSet_dimer/1l2z.pdb L A
Total DockQ over 1 native interfaces: 0.132 with BA:LA model:native mapping
DockQ 0.132 iRMSD 9.053 LRMSD 17.434 fnat 0.179 fnonnat 0.844 F1 0.167 clashes 0 mapping BA:LA /home/junjiechen/1_work/250401-Dpepalign/Benchmark/protenix/PepSet/pred/1l2z/seed_44/predictions/1l2z_sample_0.cif B A -> /home/junjiechen/1_work/250401-Dpepalign/Benchmark/dataset/PepSet_dimer/1l2z.pdb L A
Total DockQ over 1 native interfaces: 0.204 with BA:LA model:native mapping
DockQ 0.204 iRMSD 6.738 LRMSD 13.696 fnat 0.286 fnonnat 0.652 F1 0.314 clashes 0 mapping BA:LA /home/junjiechen/1_work/250401-Dpepalign/Benchmark/protenix/PepSet/pred/1l2z/seed_43/predictions/1l2z_sample_4.cif B A -> /home/junjiechen/1_work/250401-Dpepalign/Benchmark/dataset/PepSet_dimer/1l2z.pdb L A
Total DockQ over 1 native interfaces: 0.145 with BA:LA model:native mapping
DockQ 0.145 iRMSD 8.083 LRMSD 15.904 fnat 0.179 fnonnat 0.821 F1 0.179 clashes 0 mapping BA:LA /home/junjiechen/1_work/250401-Dpepalign/Benchmark/protenix/PepSet/pred/1l2z/seed_44/predictions/1l2z_sample_1.cif B A -> /home/junjiechen/1_work/250401-Dpepalign/Benchmark/dataset/PepSet_dimer/1l2z.pdb L A
Total DockQ over 1 native interfaces: 0.583 with BA:LA model:native mapping
DockQ 0.583 iRMSD 2.340 LRMSD 4.544 fnat 0.679 fnonnat 0.174 F1 0.745 clashes 1 mapping BA:LA /home/junjiechen/1_work/250401-Dpepalign/Benchmark/protenix/PepSet/pred/1l2z/seed_44/predictions/1l2z_sample_3.cif B A -> /home/junjiechen/1_work/250401-Dpepalign/Benchmark/dataset/PepSet_dimer/1l2z.pdb L A
Total DockQ over 1 native interfaces: 0.168 with BA:LA model:native mapping
DockQ 0.168 iRMSD 7.472 LRMSD 14.739 fnat 0.214 fnonnat 0.778 F1 0.218 clashes 0 mapping BA:LA /home/junjiechen/1_work/250401-Dpepalign/Benchmark/protenix/PepSet/pred/1l2z/seed_44/predictions/1l2z_sample_2.cif B A -> /home/junjiechen/1_work/250401-Dpepalign/Benchmark/dataset/PepSet_dimer/1l2z.pdb L A
Total DockQ over 1 native interfaces: 0.617 with BA:LA model:native mapping
DockQ 0.617 iRMSD 2.116 LRMSD 4.235 fnat 0.714 fnonnat 0.231 F1 0.741 clashes 0 mapping BA:LA /home/junjiechen/1_work/250401-Dpepalign/Benchmark/protenix/PepSet/pred/1l2z/seed_44/predictions/1l2z_sample_4.cif B A -> /home/junjiechen/1_work/250401-Dpepalign/Benchmark/dataset/PepSet_dimer/1l2z.pdb L A
Total DockQ over 1 native interfaces: 0.952 with BA:LA model:native mapping
DockQ 0.952 iRMSD 0.513 LRMSD 0.982 fnat 0.973 fnonnat 0.122 F1 0.923 clashes 0 mapping BA:LA /home/junjiechen/1_work/250401-Dpepalign/Benchmark/protenix/PepSet/pred/1lb6/seed_42/predictions/1lb6_sample_0.cif B A -> /home/junjiechen/1_work/250401-Dpepalign/Benchmark/dataset/PepSet_dimer/1lb6.pdb L A
Total DockQ over 1 native interfaces: 0.954 with BA:LA model:native mapping
DockQ 0.954 iRMSD 0.439 LRMSD 0.683 fnat 0.946 fnonnat 0.125 F1 0.909 clashes 0 mapping BA:LA /home/junjiechen/1_work/250401-Dpepalign/Benchmark/protenix/PepSet/pred/1lb6/seed_42/predictions/1lb6_sample_1.cif B A -> /home/junjiechen/1_work/250401-Dpepalign/Benchmark/dataset/PepSet_dimer/1lb6.pdb L A
Total DockQ over 1 native interfaces: 0.964 with BA:LA model:native mapping
DockQ 0.964 iRMSD 0.425 LRMSD 0.641 fnat 0.973 fnonnat 0.143 F1 0.911 clashes 0 mapping BA:LA /home/junjiechen/1_work/250401-Dpepalign/Benchmark/protenix/PepSet/pred/1lb6/seed_42/predictions/1lb6_sample_3.cif B A -> /home/junjiechen/1_work/250401-Dpepalign/Benchmark/dataset/PepSet_dimer/1lb6.pdb L A
Total DockQ over 1 native interfaces: 0.975 with BA:LA model:native mapping
DockQ 0.975 iRMSD 0.420 LRMSD 0.507 fnat 1.000 fnonnat 0.098 F1 0.949 clashes 0 mapping BA:LA /home/junjiechen/1_work/250401-Dpepalign/Benchmark/protenix/PepSet/pred/1lb6/seed_42/predictions/1lb6_sample_2.cif B A -> /home/junjiechen/1_work/250401-Dpepalign/Benchmark/dataset/PepSet_dimer/1lb6.pdb L A
Total DockQ over 1 native interfaces: 0.984 with BA:LA model:native mapping
DockQ 0.984 iRMSD 0.320 LRMSD 0.520 fnat 1.000 fnonnat 0.140 F1 0.925 clashes 0 mapping BA:LA /home/junjiechen/1_work/250401-Dpepalign/Benchmark/protenix/PepSet/pred/1lb6/seed_43/predictions/1lb6_sample_3.cif B A -> /home/junjiechen/1_work/250401-Dpepalign/Benchmark/dataset/PepSet_dimer/1lb6.pdb L A
Total DockQ over 1 native interfaces: 0.971 with BA:LA model:native mapping
DockQ 0.971 iRMSD 0.350 LRMSD 0.774 fnat 0.973 fnonnat 0.143 F1 0.911 clashes 0 mapping BA:LA /home/junjiechen/1_work/250401-Dpepalign/Benchmark/protenix/PepSet/pred/1lb6/seed_43/predictions/1lb6_sample_1.cif B A -> /home/junjiechen/1_work/250401-Dpepalign/Benchmark/dataset/PepSet_dimer/1lb6.pdb L A
Total DockQ over 1 native interfaces: 0.969 with BA:LA model:native mapping
DockQ 0.969 iRMSD 0.373 LRMSD 0.788 fnat 0.973 fnonnat 0.077 F1 0.947 clashes 0 mapping BA:LA /home/junjiechen/1_work/250401-Dpepalign/Benchmark/protenix/PepSet/pred/1lb6/seed_43/predictions/1lb6_sample_0.cif B A -> /home/junjiechen/1_work/250401-Dpepalign/Benchmark/dataset/PepSet_dimer/1lb6.pdb L A
Total DockQ over 1 native interfaces: 0.981 with BA:LA model:native mapping
DockQ 0.981 iRMSD 0.357 LRMSD 0.390 fnat 1.000 fnonnat 0.159 F1 0.914 clashes 0 mapping BA:LA /home/junjiechen/1_work/250401-Dpepalign/Benchmark/protenix/PepSet/pred/1lb6/seed_42/predictions/1lb6_sample_4.cif B A -> /home/junjiechen/1_work/250401-Dpepalign/Benchmark/dataset/PepSet_dimer/1lb6.pdb L A
Total DockQ over 1 native interfaces: 0.976 with BA:LA model:native mapping
DockQ 0.976 iRMSD 0.394 LRMSD 0.747 fnat 1.000 fnonnat 0.119 F1 0.937 clashes 0 mapping BA:LA /home/junjiechen/1_work/250401-Dpepalign/Benchmark/protenix/PepSet/pred/1lb6/seed_43/predictions/1lb6_sample_2.cif B A -> /home/junjiechen/1_work/250401-Dpepalign/Benchmark/dataset/PepSet_dimer/1lb6.pdb L A
Total DockQ over 1 native interfaces: 0.982 with BA:LA model:native mapping
DockQ 0.982 iRMSD 0.334 LRMSD 0.748 fnat 1.000 fnonnat 0.140 F1 0.925 clashes 0 mapping BA:LA /home/junjiechen/1_work/250401-Dpepalign/Benchmark/protenix/PepSet/pred/1lb6/seed_43/predictions/1lb6_sample_4.cif B A -> /home/junjiechen/1_work/250401-Dpepalign/Benchmark/dataset/PepSet_dimer/1lb6.pdb L A
Total DockQ over 1 native interfaces: 0.983 with BA:LA model:native mapping
DockQ 0.983 iRMSD 0.325 LRMSD 0.664 fnat 1.000 fnonnat 0.178 F1 0.902 clashes 0 mapping BA:LA /home/junjiechen/1_work/250401-Dpepalign/Benchmark/protenix/PepSet/pred/1lb6/seed_44/predictions/1lb6_sample_0.cif B A -> /home/junjiechen/1_work/250401-Dpepalign/Benchmark/dataset/PepSet_dimer/1lb6.pdb L A
Total DockQ over 1 native interfaces: 0.963 with BA:LA model:native mapping
DockQ 0.963 iRMSD 0.426 LRMSD 0.888 fnat 0.973 fnonnat 0.122 F1 0.923 clashes 0 mapping BA:LA /home/junjiechen/1_work/250401-Dpepalign/Benchmark/protenix/PepSet/pred/1lb6/seed_44/predictions/1lb6_sample_1.cif B A -> /home/junjiechen/1_work/250401-Dpepalign/Benchmark/dataset/PepSet_dimer/1lb6.pdb L A
Total DockQ over 1 native interfaces: 0.468 with BA:LA model:native mapping
DockQ 0.468 iRMSD 1.814 LRMSD 6.579 fnat 0.371 fnonnat 0.618 F1 0.377 clashes 1 mapping BA:LA /home/junjiechen/1_work/250401-Dpepalign/Benchmark/protenix/PepSet/pred/1mf4/seed_42/predictions/1mf4_sample_1.cif B A -> /home/junjiechen/1_work/250401-Dpepalign/Benchmark/dataset/PepSet_dimer/1mf4.pdb L A
Total DockQ over 1 native interfaces: 0.985 with BA:LA model:native mapping
DockQ 0.985 iRMSD 0.304 LRMSD 0.539 fnat 1.000 fnonnat 0.140 F1 0.925 clashes 0 mapping BA:LA /home/junjiechen/1_work/250401-Dpepalign/Benchmark/protenix/PepSet/pred/1lb6/seed_44/predictions/1lb6_sample_3.cif B A -> /home/junjiechen/1_work/250401-Dpepalign/Benchmark/dataset/PepSet_dimer/1lb6.pdb L A
Total DockQ over 1 native interfaces: 0.968 with BA:LA model:native mapping
DockQ 0.968 iRMSD 0.380 LRMSD 0.792 fnat 0.973 fnonnat 0.182 F1 0.889 clashes 0 mapping BA:LA /home/junjiechen/1_work/250401-Dpepalign/Benchmark/protenix/PepSet/pred/1lb6/seed_44/predictions/1lb6_sample_2.cif B A -> /home/junjiechen/1_work/250401-Dpepalign/Benchmark/dataset/PepSet_dimer/1lb6.pdb L A
Total DockQ over 1 native interfaces: 0.566 with BA:LA model:native mapping
DockQ 0.566 iRMSD 1.493 LRMSD 5.420 fnat 0.486 fnonnat 0.469 F1 0.507 clashes 2 mapping BA:LA /home/junjiechen/1_work/250401-Dpepalign/Benchmark/protenix/PepSet/pred/1mf4/seed_42/predictions/1mf4_sample_0.cif B A -> /home/junjiechen/1_work/250401-Dpepalign/Benchmark/dataset/PepSet_dimer/1mf4.pdb L A
Total DockQ over 1 native interfaces: 0.974 with BA:LA model:native mapping
DockQ 0.974 iRMSD 0.398 LRMSD 0.900 fnat 1.000 fnonnat 0.159 F1 0.914 clashes 1 mapping BA:LA /home/junjiechen/1_work/250401-Dpepalign/Benchmark/protenix/PepSet/pred/1lb6/seed_44/predictions/1lb6_sample_4.cif B A -> /home/junjiechen/1_work/250401-Dpepalign/Benchmark/dataset/PepSet_dimer/1lb6.pdb L A
Total DockQ over 1 native interfaces: 0.461 with BA:LA model:native mapping
DockQ 0.461 iRMSD 1.835 LRMSD 6.784 fnat 0.371 fnonnat 0.606 F1 0.382 clashes 2 mapping BA:LA /home/junjiechen/1_work/250401-Dpepalign/Benchmark/protenix/PepSet/pred/1mf4/seed_42/predictions/1mf4_sample_2.cif B A -> /home/junjiechen/1_work/250401-Dpepalign/Benchmark/dataset/PepSet_dimer/1mf4.pdb L A
Total DockQ over 1 native interfaces: 0.646 with BA:LA model:native mapping
DockQ 0.646 iRMSD 1.212 LRMSD 4.392 fnat 0.543 fnonnat 0.525 F1 0.507 clashes 1 mapping BA:LA /home/junjiechen/1_work/250401-Dpepalign/Benchmark/protenix/PepSet/pred/1mf4/seed_42/predictions/1mf4_sample_3.cif B A -> /home/junjiechen/1_work/250401-Dpepalign/Benchmark/dataset/PepSet_dimer/1mf4.pdb L A
Total DockQ over 1 native interfaces: 0.466 with BA:LA model:native mapping
DockQ 0.466 iRMSD 1.859 LRMSD 6.877 fnat 0.400 fnonnat 0.600 F1 0.400 clashes 0 mapping BA:LA /home/junjiechen/1_work/250401-Dpepalign/Benchmark/protenix/PepSet/pred/1mf4/seed_43/predictions/1mf4_sample_0.cif B A -> /home/junjiechen/1_work/250401-Dpepalign/Benchmark/dataset/PepSet_dimer/1mf4.pdb L A
Total DockQ over 1 native interfaces: 0.577 with BA:LA model:native mapping
DockQ 0.577 iRMSD 1.356 LRMSD 4.880 fnat 0.429 fnonnat 0.516 F1 0.455 clashes 2 mapping BA:LA /home/junjiechen/1_work/250401-Dpepalign/Benchmark/protenix/PepSet/pred/1mf4/seed_43/predictions/1mf4_sample_1.cif B A -> /home/junjiechen/1_work/250401-Dpepalign/Benchmark/dataset/PepSet_dimer/1mf4.pdb L A
Total DockQ over 1 native interfaces: 0.466 with BA:LA model:native mapping
DockQ 0.466 iRMSD 1.753 LRMSD 6.496 fnat 0.343 fnonnat 0.571 F1 0.381 clashes 0 mapping BA:LA /home/junjiechen/1_work/250401-Dpepalign/Benchmark/protenix/PepSet/pred/1mf4/seed_42/predictions/1mf4_sample_4.cif B A -> /home/junjiechen/1_work/250401-Dpepalign/Benchmark/dataset/PepSet_dimer/1mf4.pdb L A
Total DockQ over 1 native interfaces: 0.513 with BA:LA model:native mapping
DockQ 0.513 iRMSD 1.620 LRMSD 5.848 fnat 0.400 fnonnat 0.622 F1 0.389 clashes 2 mapping BA:LA /home/junjiechen/1_work/250401-Dpepalign/Benchmark/protenix/PepSet/pred/1mf4/seed_43/predictions/1mf4_sample_2.cif B A -> /home/junjiechen/1_work/250401-Dpepalign/Benchmark/dataset/PepSet_dimer/1mf4.pdb L A
Total DockQ over 1 native interfaces: 0.440 with BA:LA model:native mapping
DockQ 0.440 iRMSD 1.851 LRMSD 6.789 fnat 0.314 fnonnat 0.621 F1 0.344 clashes 1 mapping BA:LA /home/junjiechen/1_work/250401-Dpepalign/Benchmark/protenix/PepSet/pred/1mf4/seed_43/predictions/1mf4_sample_4.cif B A -> /home/junjiechen/1_work/250401-Dpepalign/Benchmark/dataset/PepSet_dimer/1mf4.pdb L A
Total DockQ over 1 native interfaces: 0.598 with BA:LA model:native mapping
DockQ 0.598 iRMSD 1.336 LRMSD 4.887 fnat 0.486 fnonnat 0.500 F1 0.493 clashes 1 mapping BA:LA /home/junjiechen/1_work/250401-Dpepalign/Benchmark/protenix/PepSet/pred/1mf4/seed_44/predictions/1mf4_sample_2.cif B A -> /home/junjiechen/1_work/250401-Dpepalign/Benchmark/dataset/PepSet_dimer/1mf4.pdb L A
Total DockQ over 1 native interfaces: 0.619 with BA:LA model:native mapping
DockQ 0.619 iRMSD 1.199 LRMSD 4.369 fnat 0.457 fnonnat 0.484 F1 0.485 clashes 2 mapping BA:LA /home/junjiechen/1_work/250401-Dpepalign/Benchmark/protenix/PepSet/pred/1mf4/seed_43/predictions/1mf4_sample_3.cif B A -> /home/junjiechen/1_work/250401-Dpepalign/Benchmark/dataset/PepSet_dimer/1mf4.pdb L A
Total DockQ over 1 native interfaces: 0.612 with BA:LA model:native mapping
DockQ 0.612 iRMSD 1.282 LRMSD 4.627 fnat 0.486 fnonnat 0.469 F1 0.507 clashes 0 mapping BA:LA /home/junjiechen/1_work/250401-Dpepalign/Benchmark/protenix/PepSet/pred/1mf4/seed_44/predictions/1mf4_sample_1.cif B A -> /home/junjiechen/1_work/250401-Dpepalign/Benchmark/dataset/PepSet_dimer/1mf4.pdb L A
Total DockQ over 1 native interfaces: 0.453 with BA:LA model:native mapping
DockQ 0.453 iRMSD 1.884 LRMSD 6.947 fnat 0.371 fnonnat 0.567 F1 0.400 clashes 1 mapping BA:LA /home/junjiechen/1_work/250401-Dpepalign/Benchmark/protenix/PepSet/pred/1mf4/seed_44/predictions/1mf4_sample_3.cif B A -> /home/junjiechen/1_work/250401-Dpepalign/Benchmark/dataset/PepSet_dimer/1mf4.pdb L A
Total DockQ over 1 native interfaces: 0.780 with BA:LA model:native mapping
DockQ 0.780 iRMSD 0.911 LRMSD 3.327 fnat 0.743 fnonnat 0.188 F1 0.776 clashes 1 mapping BA:LA /home/junjiechen/1_work/250401-Dpepalign/Benchmark/protenix/PepSet/pred/1mf4/seed_44/predictions/1mf4_sample_4.cif B A -> /home/junjiechen/1_work/250401-Dpepalign/Benchmark/dataset/PepSet_dimer/1mf4.pdb L A
Total DockQ over 1 native interfaces: 0.538 with BA:LA model:native mapping
DockQ 0.538 iRMSD 1.580 LRMSD 5.781 fnat 0.457 fnonnat 0.500 F1 0.478 clashes 0 mapping BA:LA /home/junjiechen/1_work/250401-Dpepalign/Benchmark/protenix/PepSet/pred/1mf4/seed_44/predictions/1mf4_sample_0.cif B A -> /home/junjiechen/1_work/250401-Dpepalign/Benchmark/dataset/PepSet_dimer/1mf4.pdb L A
Total DockQ over 1 native interfaces: 0.225 with BA:LB model:native mapping
DockQ 0.225 iRMSD 4.023 LRMSD 11.183 fnat 0.186 fnonnat 0.784 F1 0.200 clashes 1 mapping BA:LB /home/junjiechen/1_work/250401-Dpepalign/Benchmark/protenix/PepSet/pred/1mv0/seed_42/predictions/1mv0_sample_1.cif B A -> /home/junjiechen/1_work/250401-Dpepalign/Benchmark/dataset/PepSet_dimer/1mv0.pdb L B
Total DockQ over 1 native interfaces: 0.220 with BA:LB model:native mapping
DockQ 0.220 iRMSD 4.179 LRMSD 11.368 fnat 0.186 fnonnat 0.771 F1 0.205 clashes 0 mapping BA:LB /home/junjiechen/1_work/250401-Dpepalign/Benchmark/protenix/PepSet/pred/1mv0/seed_42/predictions/1mv0_sample_0.cif B A -> /home/junjiechen/1_work/250401-Dpepalign/Benchmark/dataset/PepSet_dimer/1mv0.pdb L B
Total DockQ over 1 native interfaces: 0.228 with BA:LB model:native mapping
DockQ 0.228 iRMSD 4.154 LRMSD 11.374 fnat 0.209 fnonnat 0.757 F1 0.225 clashes 0 mapping BA:LB /home/junjiechen/1_work/250401-Dpepalign/Benchmark/protenix/PepSet/pred/1mv0/seed_42/predictions/1mv0_sample_2.cif B A -> /home/junjiechen/1_work/250401-Dpepalign/Benchmark/dataset/PepSet_dimer/1mv0.pdb L B
Total DockQ over 1 native interfaces: 0.215 with BA:LB model:native mapping
DockQ 0.215 iRMSD 4.248 LRMSD 11.626 fnat 0.186 fnonnat 0.778 F1 0.203 clashes 0 mapping BA:LB /home/junjiechen/1_work/250401-Dpepalign/Benchmark/protenix/PepSet/pred/1mv0/seed_42/predictions/1mv0_sample_3.cif B A -> /home/junjiechen/1_work/250401-Dpepalign/Benchmark/dataset/PepSet_dimer/1mv0.pdb L B
Total DockQ over 1 native interfaces: 0.226 with BA:LB model:native mapping
DockQ 0.226 iRMSD 4.275 LRMSD 11.369 fnat 0.209 fnonnat 0.757 F1 0.225 clashes 1 mapping BA:LB /home/junjiechen/1_work/250401-Dpepalign/Benchmark/protenix/PepSet/pred/1mv0/seed_43/predictions/1mv0_sample_0.cif B A -> /home/junjiechen/1_work/250401-Dpepalign/Benchmark/dataset/PepSet_dimer/1mv0.pdb L B
Total DockQ over 1 native interfaces: 0.217 with BA:LB model:native mapping
DockQ 0.217 iRMSD 4.356 LRMSD 11.338 fnat 0.186 fnonnat 0.778 F1 0.203 clashes 0 mapping BA:LB /home/junjiechen/1_work/250401-Dpepalign/Benchmark/protenix/PepSet/pred/1mv0/seed_42/predictions/1mv0_sample_4.cif B A -> /home/junjiechen/1_work/250401-Dpepalign/Benchmark/dataset/PepSet_dimer/1mv0.pdb L B
Total DockQ over 1 native interfaces: 0.221 with BA:LB model:native mapping
DockQ 0.221 iRMSD 4.169 LRMSD 11.285 fnat 0.186 fnonnat 0.765 F1 0.208 clashes 0 mapping BA:LB /home/junjiechen/1_work/250401-Dpepalign/Benchmark/protenix/PepSet/pred/1mv0/seed_43/predictions/1mv0_sample_1.cif B A -> /home/junjiechen/1_work/250401-Dpepalign/Benchmark/dataset/PepSet_dimer/1mv0.pdb L B
Total DockQ over 1 native interfaces: 0.223 with BA:LB model:native mapping
DockQ 0.223 iRMSD 4.080 LRMSD 11.204 fnat 0.186 fnonnat 0.778 F1 0.203 clashes 0 mapping BA:LB /home/junjiechen/1_work/250401-Dpepalign/Benchmark/protenix/PepSet/pred/1mv0/seed_43/predictions/1mv0_sample_2.cif B A -> /home/junjiechen/1_work/250401-Dpepalign/Benchmark/dataset/PepSet_dimer/1mv0.pdb L B
Total DockQ over 1 native interfaces: 0.235 with BA:LB model:native mapping
DockQ 0.235 iRMSD 4.040 LRMSD 10.986 fnat 0.209 fnonnat 0.757 F1 0.225 clashes 0 mapping BA:LB /home/junjiechen/1_work/250401-Dpepalign/Benchmark/protenix/PepSet/pred/1mv0/seed_43/predictions/1mv0_sample_3.cif B A -> /home/junjiechen/1_work/250401-Dpepalign/Benchmark/dataset/PepSet_dimer/1mv0.pdb L B
Total DockQ over 1 native interfaces: 0.227 with BA:LB model:native mapping
DockQ 0.227 iRMSD 4.168 LRMSD 10.821 fnat 0.186 fnonnat 0.784 F1 0.200 clashes 0 mapping BA:LB /home/junjiechen/1_work/250401-Dpepalign/Benchmark/protenix/PepSet/pred/1mv0/seed_44/predictions/1mv0_sample_0.cif B A -> /home/junjiechen/1_work/250401-Dpepalign/Benchmark/dataset/PepSet_dimer/1mv0.pdb L B
Total DockQ over 1 native interfaces: 0.235 with BA:LB model:native mapping
DockQ 0.235 iRMSD 3.995 LRMSD 11.031 fnat 0.209 fnonnat 0.757 F1 0.225 clashes 1 mapping BA:LB /home/junjiechen/1_work/250401-Dpepalign/Benchmark/protenix/PepSet/pred/1mv0/seed_43/predictions/1mv0_sample_4.cif B A -> /home/junjiechen/1_work/250401-Dpepalign/Benchmark/dataset/PepSet_dimer/1mv0.pdb L B
Total DockQ over 1 native interfaces: 0.233 with BA:LB model:native mapping
DockQ 0.233 iRMSD 4.037 LRMSD 10.626 fnat 0.186 fnonnat 0.765 F1 0.208 clashes 0 mapping BA:LB /home/junjiechen/1_work/250401-Dpepalign/Benchmark/protenix/PepSet/pred/1mv0/seed_44/predictions/1mv0_sample_1.cif B A -> /home/junjiechen/1_work/250401-Dpepalign/Benchmark/dataset/PepSet_dimer/1mv0.pdb L B
Total DockQ over 1 native interfaces: 0.239 with BA:LB model:native mapping
DockQ 0.239 iRMSD 4.031 LRMSD 10.722 fnat 0.209 fnonnat 0.750 F1 0.228 clashes 0 mapping BA:LB /home/junjiechen/1_work/250401-Dpepalign/Benchmark/protenix/PepSet/pred/1mv0/seed_44/predictions/1mv0_sample_2.cif B A -> /home/junjiechen/1_work/250401-Dpepalign/Benchmark/dataset/PepSet_dimer/1mv0.pdb L B
Total DockQ over 1 native interfaces: 0.236 with BA:LB model:native mapping
DockQ 0.236 iRMSD 4.113 LRMSD 10.797 fnat 0.209 fnonnat 0.769 F1 0.220 clashes 0 mapping BA:LB /home/junjiechen/1_work/250401-Dpepalign/Benchmark/protenix/PepSet/pred/1mv0/seed_44/predictions/1mv0_sample_3.cif B A -> /home/junjiechen/1_work/250401-Dpepalign/Benchmark/dataset/PepSet_dimer/1mv0.pdb L B
Total DockQ over 1 native interfaces: 0.232 with BA:LB model:native mapping
DockQ 0.232 iRMSD 4.020 LRMSD 10.694 fnat 0.186 fnonnat 0.765 F1 0.208 clashes 0 mapping BA:LB /home/junjiechen/1_work/250401-Dpepalign/Benchmark/protenix/PepSet/pred/1mv0/seed_44/predictions/1mv0_sample_4.cif B A -> /home/junjiechen/1_work/250401-Dpepalign/Benchmark/dataset/PepSet_dimer/1mv0.pdb L B
Total DockQ over 1 native interfaces: 0.971 with BA:LA model:native mapping
DockQ 0.971 iRMSD 0.451 LRMSD 0.625 fnat 1.000 fnonnat 0.026 F1 0.987 clashes 0 mapping BA:LA /home/junjiechen/1_work/250401-Dpepalign/Benchmark/protenix/PepSet/pred/1nrl/seed_42/predictions/1nrl_sample_1.cif B A -> /home/junjiechen/1_work/250401-Dpepalign/Benchmark/dataset/PepSet_dimer/1nrl.pdb L A
Total DockQ over 1 native interfaces: 0.966 with BA:LA model:native mapping
DockQ 0.966 iRMSD 0.487 LRMSD 0.703 fnat 1.000 fnonnat 0.026 F1 0.987 clashes 0 mapping BA:LA /home/junjiechen/1_work/250401-Dpepalign/Benchmark/protenix/PepSet/pred/1nrl/seed_42/predictions/1nrl_sample_2.cif B A -> /home/junjiechen/1_work/250401-Dpepalign/Benchmark/dataset/PepSet_dimer/1nrl.pdb L A
Total DockQ over 1 native interfaces: 0.974 with BA:LA model:native mapping
DockQ 0.974 iRMSD 0.422 LRMSD 0.654 fnat 1.000 fnonnat 0.026 F1 0.987 clashes 0 mapping BA:LA /home/junjiechen/1_work/250401-Dpepalign/Benchmark/protenix/PepSet/pred/1nrl/seed_42/predictions/1nrl_sample_3.cif B A -> /home/junjiechen/1_work/250401-Dpepalign/Benchmark/dataset/PepSet_dimer/1nrl.pdb L A
Total DockQ over 1 native interfaces: 0.976 with BA:LA model:native mapping
DockQ 0.976 iRMSD 0.402 LRMSD 0.650 fnat 1.000 fnonnat 0.050 F1 0.974 clashes 0 mapping BA:LA /home/junjiechen/1_work/250401-Dpepalign/Benchmark/protenix/PepSet/pred/1nrl/seed_42/predictions/1nrl_sample_4.cif B A -> /home/junjiechen/1_work/250401-Dpepalign/Benchmark/dataset/PepSet_dimer/1nrl.pdb L A
Total DockQ over 1 native interfaces: 0.974 with BA:LA model:native mapping
DockQ 0.974 iRMSD 0.412 LRMSD 0.719 fnat 1.000 fnonnat 0.000 F1 1.000 clashes 0 mapping BA:LA /home/junjiechen/1_work/250401-Dpepalign/Benchmark/protenix/PepSet/pred/1nrl/seed_42/predictions/1nrl_sample_0.cif B A -> /home/junjiechen/1_work/250401-Dpepalign/Benchmark/dataset/PepSet_dimer/1nrl.pdb L A
Total DockQ over 1 native interfaces: 0.975 with BA:LA model:native mapping
DockQ 0.975 iRMSD 0.412 LRMSD 0.607 fnat 1.000 fnonnat 0.026 F1 0.987 clashes 0 mapping BA:LA /home/junjiechen/1_work/250401-Dpepalign/Benchmark/protenix/PepSet/pred/1nrl/seed_43/predictions/1nrl_sample_1.cif B A -> /home/junjiechen/1_work/250401-Dpepalign/Benchmark/dataset/PepSet_dimer/1nrl.pdb L A
Total DockQ over 1 native interfaces: 0.971 with BA:LA model:native mapping
DockQ 0.971 iRMSD 0.447 LRMSD 0.679 fnat 1.000 fnonnat 0.050 F1 0.974 clashes 0 mapping BA:LA /home/junjiechen/1_work/250401-Dpepalign/Benchmark/protenix/PepSet/pred/1nrl/seed_43/predictions/1nrl_sample_2.cif B A -> /home/junjiechen/1_work/250401-Dpepalign/Benchmark/dataset/PepSet_dimer/1nrl.pdb L A
Total DockQ over 1 native interfaces: 0.971 with BA:LA model:native mapping
DockQ 0.971 iRMSD 0.438 LRMSD 0.744 fnat 1.000 fnonnat 0.050 F1 0.974 clashes 0 mapping BA:LA /home/junjiechen/1_work/250401-Dpepalign/Benchmark/protenix/PepSet/pred/1nrl/seed_43/predictions/1nrl_sample_0.cif B A -> /home/junjiechen/1_work/250401-Dpepalign/Benchmark/dataset/PepSet_dimer/1nrl.pdb L A
Total DockQ over 1 native interfaces: 0.962 with BA:LA model:native mapping
DockQ 0.962 iRMSD 0.525 LRMSD 0.676 fnat 1.000 fnonnat 0.000 F1 1.000 clashes 0 mapping BA:LA /home/junjiechen/1_work/250401-Dpepalign/Benchmark/protenix/PepSet/pred/1nrl/seed_43/predictions/1nrl_sample_3.cif B A -> /home/junjiechen/1_work/250401-Dpepalign/Benchmark/dataset/PepSet_dimer/1nrl.pdb L A
Total DockQ over 1 native interfaces: 0.973 with BA:LA model:native mapping
DockQ 0.973 iRMSD 0.418 LRMSD 0.788 fnat 1.000 fnonnat 0.073 F1 0.962 clashes 0 mapping BA:LA /home/junjiechen/1_work/250401-Dpepalign/Benchmark/protenix/PepSet/pred/1nrl/seed_43/predictions/1nrl_sample_4.cif B A -> /home/junjiechen/1_work/250401-Dpepalign/Benchmark/dataset/PepSet_dimer/1nrl.pdb L A
Total DockQ over 1 native interfaces: 0.964 with BA:LA model:native mapping
DockQ 0.964 iRMSD 0.499 LRMSD 0.832 fnat 1.000 fnonnat 0.073 F1 0.962 clashes 0 mapping BA:LA /home/junjiechen/1_work/250401-Dpepalign/Benchmark/protenix/PepSet/pred/1nrl/seed_44/predictions/1nrl_sample_0.cif B A -> /home/junjiechen/1_work/250401-Dpepalign/Benchmark/dataset/PepSet_dimer/1nrl.pdb L A
Total DockQ over 1 native interfaces: 0.978 with BA:LA model:native mapping
DockQ 0.978 iRMSD 0.381 LRMSD 0.677 fnat 1.000 fnonnat 0.000 F1 1.000 clashes 0 mapping BA:LA /home/junjiechen/1_work/250401-Dpepalign/Benchmark/protenix/PepSet/pred/1nrl/seed_44/predictions/1nrl_sample_2.cif B A -> /home/junjiechen/1_work/250401-Dpepalign/Benchmark/dataset/PepSet_dimer/1nrl.pdb L A
Total DockQ over 1 native interfaces: 0.971 with BA:LA model:native mapping
DockQ 0.971 iRMSD 0.444 LRMSD 0.619 fnat 1.000 fnonnat 0.050 F1 0.974 clashes 0 mapping BA:LA /home/junjiechen/1_work/250401-Dpepalign/Benchmark/protenix/PepSet/pred/1nrl/seed_44/predictions/1nrl_sample_1.cif B A -> /home/junjiechen/1_work/250401-Dpepalign/Benchmark/dataset/PepSet_dimer/1nrl.pdb L A
Total DockQ over 1 native interfaces: 0.975 with BA:LA model:native mapping
DockQ 0.975 iRMSD 0.403 LRMSD 0.715 fnat 1.000 fnonnat 0.026 F1 0.987 clashes 0 mapping BA:LA /home/junjiechen/1_work/250401-Dpepalign/Benchmark/protenix/PepSet/pred/1nrl/seed_44/predictions/1nrl_sample_3.cif B A -> /home/junjiechen/1_work/250401-Dpepalign/Benchmark/dataset/PepSet_dimer/1nrl.pdb L A
Total DockQ over 1 native interfaces: 0.932 with BA:LA model:native mapping
DockQ 0.932 iRMSD 0.426 LRMSD 0.884 fnat 0.880 fnonnat 0.000 F1 0.936 clashes 0 mapping BA:LA /home/junjiechen/1_work/250401-Dpepalign/Benchmark/protenix/PepSet/pred/1nvq/seed_42/predictions/1nvq_sample_0.cif B A -> /home/junjiechen/1_work/250401-Dpepalign/Benchmark/dataset/PepSet_dimer/1nvq.pdb L A
Total DockQ over 1 native interfaces: 0.973 with BA:LA model:native mapping
DockQ 0.973 iRMSD 0.426 LRMSD 0.646 fnat 1.000 fnonnat 0.026 F1 0.987 clashes 0 mapping BA:LA /home/junjiechen/1_work/250401-Dpepalign/Benchmark/protenix/PepSet/pred/1nrl/seed_44/predictions/1nrl_sample_4.cif B A -> /home/junjiechen/1_work/250401-Dpepalign/Benchmark/dataset/PepSet_dimer/1nrl.pdb L A
Total DockQ over 1 native interfaces: 0.895 with BA:LA model:native mapping
DockQ 0.895 iRMSD 0.479 LRMSD 1.288 fnat 0.800 fnonnat 0.091 F1 0.851 clashes 0 mapping BA:LA /home/junjiechen/1_work/250401-Dpepalign/Benchmark/protenix/PepSet/pred/1nvq/seed_42/predictions/1nvq_sample_1.cif B A -> /home/junjiechen/1_work/250401-Dpepalign/Benchmark/dataset/PepSet_dimer/1nvq.pdb L A
Total DockQ over 1 native interfaces: 0.932 with BA:LA model:native mapping
DockQ 0.932 iRMSD 0.413 LRMSD 0.950 fnat 0.880 fnonnat 0.043 F1 0.917 clashes 0 mapping BA:LA /home/junjiechen/1_work/250401-Dpepalign/Benchmark/protenix/PepSet/pred/1nvq/seed_42/predictions/1nvq_sample_2.cif B A -> /home/junjiechen/1_work/250401-Dpepalign/Benchmark/dataset/PepSet_dimer/1nvq.pdb L A
Total DockQ over 1 native interfaces: 0.234 with BA:LA model:native mapping
DockQ 0.234 iRMSD 4.112 LRMSD 12.840 fnat 0.280 fnonnat 0.750 F1 0.264 clashes 0 mapping BA:LA /home/junjiechen/1_work/250401-Dpepalign/Benchmark/protenix/PepSet/pred/1nvq/seed_42/predictions/1nvq_sample_3.cif B A -> /home/junjiechen/1_work/250401-Dpepalign/Benchmark/dataset/PepSet_dimer/1nvq.pdb L A
Total DockQ over 1 native interfaces: 0.023 with BA:LA model:native mapping
DockQ 0.023 iRMSD 11.254 LRMSD 35.968 fnat 0.000 fnonnat 1.000 F1 0.000 clashes 1 mapping BA:LA /home/junjiechen/1_work/250401-Dpepalign/Benchmark/protenix/PepSet/pred/1nvq/seed_42/predictions/1nvq_sample_4.cif B A -> /home/junjiechen/1_work/250401-Dpepalign/Benchmark/dataset/PepSet_dimer/1nvq.pdb L A
Total DockQ over 1 native interfaces: 0.926 with BA:LA model:native mapping
DockQ 0.926 iRMSD 0.369 LRMSD 0.654 fnat 0.840 fnonnat 0.045 F1 0.894 clashes 0 mapping BA:LA /home/junjiechen/1_work/250401-Dpepalign/Benchmark/protenix/PepSet/pred/1nvq/seed_43/predictions/1nvq_sample_0.cif B A -> /home/junjiechen/1_work/250401-Dpepalign/Benchmark/dataset/PepSet_dimer/1nvq.pdb L A
Total DockQ over 1 native interfaces: 0.944 with BA:LA model:native mapping
DockQ 0.944 iRMSD 0.428 LRMSD 0.954 fnat 0.920 fnonnat 0.080 F1 0.920 clashes 0 mapping BA:LA /home/junjiechen/1_work/250401-Dpepalign/Benchmark/protenix/PepSet/pred/1nvq/seed_43/predictions/1nvq_sample_1.cif B A -> /home/junjiechen/1_work/250401-Dpepalign/Benchmark/dataset/PepSet_dimer/1nvq.pdb L A
Total DockQ over 1 native interfaces: 0.916 with BA:LA model:native mapping
DockQ 0.916 iRMSD 0.443 LRMSD 0.874 fnat 0.840 fnonnat 0.125 F1 0.857 clashes 0 mapping BA:LA /home/junjiechen/1_work/250401-Dpepalign/Benchmark/protenix/PepSet/pred/1nvq/seed_43/predictions/1nvq_sample_3.cif B A -> /home/junjiechen/1_work/250401-Dpepalign/Benchmark/dataset/PepSet_dimer/1nvq.pdb L A
Total DockQ over 1 native interfaces: 0.029 with BA:LA model:native mapping
DockQ 0.029 iRMSD 10.076 LRMSD 32.359 fnat 0.000 fnonnat 1.000 F1 0.000 clashes 0 mapping BA:LA /home/junjiechen/1_work/250401-Dpepalign/Benchmark/protenix/PepSet/pred/1nvq/seed_43/predictions/1nvq_sample_4.cif B A -> /home/junjiechen/1_work/250401-Dpepalign/Benchmark/dataset/PepSet_dimer/1nvq.pdb L A
Total DockQ over 1 native interfaces: 0.929 with BA:LA model:native mapping
DockQ 0.929 iRMSD 0.442 LRMSD 1.019 fnat 0.880 fnonnat 0.120 F1 0.880 clashes 0 mapping BA:LA /home/junjiechen/1_work/250401-Dpepalign/Benchmark/protenix/PepSet/pred/1nvq/seed_43/predictions/1nvq_sample_2.cif B A -> /home/junjiechen/1_work/250401-Dpepalign/Benchmark/dataset/PepSet_dimer/1nvq.pdb L A
Total DockQ over 1 native interfaces: 0.935 with BA:LA model:native mapping
DockQ 0.935 iRMSD 0.392 LRMSD 0.945 fnat 0.880 fnonnat 0.083 F1 0.898 clashes 0 mapping BA:LA /home/junjiechen/1_work/250401-Dpepalign/Benchmark/protenix/PepSet/pred/1nvq/seed_44/predictions/1nvq_sample_0.cif B A -> /home/junjiechen/1_work/250401-Dpepalign/Benchmark/dataset/PepSet_dimer/1nvq.pdb L A
Total DockQ over 1 native interfaces: 0.914 with BA:LA model:native mapping
DockQ 0.914 iRMSD 0.460 LRMSD 0.913 fnat 0.840 fnonnat 0.087 F1 0.875 clashes 0 mapping BA:LA /home/junjiechen/1_work/250401-Dpepalign/Benchmark/protenix/PepSet/pred/1nvq/seed_44/predictions/1nvq_sample_1.cif B A -> /home/junjiechen/1_work/250401-Dpepalign/Benchmark/dataset/PepSet_dimer/1nvq.pdb L A
Total DockQ over 1 native interfaces: 0.947 with BA:LA model:native mapping
DockQ 0.947 iRMSD 0.401 LRMSD 0.929 fnat 0.920 fnonnat 0.080 F1 0.920 clashes 0 mapping BA:LA /home/junjiechen/1_work/250401-Dpepalign/Benchmark/protenix/PepSet/pred/1nvq/seed_44/predictions/1nvq_sample_2.cif B A -> /home/junjiechen/1_work/250401-Dpepalign/Benchmark/dataset/PepSet_dimer/1nvq.pdb L A
Total DockQ over 1 native interfaces: 0.440 with BA:LA model:native mapping
DockQ 0.440 iRMSD 3.294 LRMSD 7.355 fnat 0.575 fnonnat 0.303 F1 0.630 clashes 0 mapping BA:LA /home/junjiechen/1_work/250401-Dpepalign/Benchmark/protenix/PepSet/pred/1o0p/seed_42/predictions/1o0p_sample_0.cif B A -> /home/junjiechen/1_work/250401-Dpepalign/Benchmark/dataset/PepSet_dimer/1o0p.pdb L A
Total DockQ over 1 native interfaces: 0.025 with BA:LA model:native mapping
DockQ 0.025 iRMSD 10.880 LRMSD 34.561 fnat 0.000 fnonnat 1.000 F1 0.000 clashes 0 mapping BA:LA /home/junjiechen/1_work/250401-Dpepalign/Benchmark/protenix/PepSet/pred/1nvq/seed_44/predictions/1nvq_sample_4.cif B A -> /home/junjiechen/1_work/250401-Dpepalign/Benchmark/dataset/PepSet_dimer/1nvq.pdb L A
Total DockQ over 1 native interfaces: 0.400 with BA:LA model:native mapping
DockQ 0.400 iRMSD 3.136 LRMSD 7.472 fnat 0.450 fnonnat 0.308 F1 0.545 clashes 1 mapping BA:LA /home/junjiechen/1_work/250401-Dpepalign/Benchmark/protenix/PepSet/pred/1o0p/seed_42/predictions/1o0p_sample_3.cif B A -> /home/junjiechen/1_work/250401-Dpepalign/Benchmark/dataset/PepSet_dimer/1o0p.pdb L A
Total DockQ over 1 native interfaces: 0.379 with BA:LA model:native mapping
DockQ 0.379 iRMSD 3.621 LRMSD 8.246 fnat 0.475 fnonnat 0.321 F1 0.559 clashes 0 mapping BA:LA /home/junjiechen/1_work/250401-Dpepalign/Benchmark/protenix/PepSet/pred/1o0p/seed_42/predictions/1o0p_sample_1.cif B A -> /home/junjiechen/1_work/250401-Dpepalign/Benchmark/dataset/PepSet_dimer/1o0p.pdb L A
Total DockQ over 1 native interfaces: 0.453 with BA:LA model:native mapping
DockQ 0.453 iRMSD 2.845 LRMSD 6.345 fnat 0.500 fnonnat 0.429 F1 0.533 clashes 0 mapping BA:LA /home/junjiechen/1_work/250401-Dpepalign/Benchmark/protenix/PepSet/pred/1o0p/seed_42/predictions/1o0p_sample_2.cif B A -> /home/junjiechen/1_work/250401-Dpepalign/Benchmark/dataset/PepSet_dimer/1o0p.pdb L A
Total DockQ over 1 native interfaces: 0.933 with BA:LA model:native mapping
DockQ 0.933 iRMSD 0.412 LRMSD 0.944 fnat 0.880 fnonnat 0.043 F1 0.917 clashes 0 mapping BA:LA /home/junjiechen/1_work/250401-Dpepalign/Benchmark/protenix/PepSet/pred/1nvq/seed_44/predictions/1nvq_sample_3.cif B A -> /home/junjiechen/1_work/250401-Dpepalign/Benchmark/dataset/PepSet_dimer/1nvq.pdb L A
Total DockQ over 1 native interfaces: 0.406 with BA:LA model:native mapping
DockQ 0.406 iRMSD 3.336 LRMSD 7.671 fnat 0.500 fnonnat 0.394 F1 0.548 clashes 0 mapping BA:LA /home/junjiechen/1_work/250401-Dpepalign/Benchmark/protenix/PepSet/pred/1o0p/seed_43/predictions/1o0p_sample_0.cif B A -> /home/junjiechen/1_work/250401-Dpepalign/Benchmark/dataset/PepSet_dimer/1o0p.pdb L A
Total DockQ over 1 native interfaces: 0.384 with BA:LA model:native mapping
DockQ 0.384 iRMSD 3.456 LRMSD 7.786 fnat 0.450 fnonnat 0.400 F1 0.514 clashes 0 mapping BA:LA /home/junjiechen/1_work/250401-Dpepalign/Benchmark/protenix/PepSet/pred/1o0p/seed_42/predictions/1o0p_sample_4.cif B A -> /home/junjiechen/1_work/250401-Dpepalign/Benchmark/dataset/PepSet_dimer/1o0p.pdb L A
Total DockQ over 1 native interfaces: 0.360 with BA:LA model:native mapping
DockQ 0.360 iRMSD 3.734 LRMSD 8.660 fnat 0.450 fnonnat 0.308 F1 0.545 clashes 0 mapping BA:LA /home/junjiechen/1_work/250401-Dpepalign/Benchmark/protenix/PepSet/pred/1o0p/seed_43/predictions/1o0p_sample_1.cif B A -> /home/junjiechen/1_work/250401-Dpepalign/Benchmark/dataset/PepSet_dimer/1o0p.pdb L A
Total DockQ over 1 native interfaces: 0.395 with BA:LA model:native mapping
DockQ 0.395 iRMSD 3.318 LRMSD 7.842 fnat 0.475 fnonnat 0.345 F1 0.551 clashes 0 mapping BA:LA /home/junjiechen/1_work/250401-Dpepalign/Benchmark/protenix/PepSet/pred/1o0p/seed_43/predictions/1o0p_sample_2.cif B A -> /home/junjiechen/1_work/250401-Dpepalign/Benchmark/dataset/PepSet_dimer/1o0p.pdb L A
Total DockQ over 1 native interfaces: 0.397 with BA:LA model:native mapping
DockQ 0.397 iRMSD 3.400 LRMSD 7.640 fnat 0.475 fnonnat 0.321 F1 0.559 clashes 1 mapping BA:LA /home/junjiechen/1_work/250401-Dpepalign/Benchmark/protenix/PepSet/pred/1o0p/seed_44/predictions/1o0p_sample_3.cif B A -> /home/junjiechen/1_work/250401-Dpepalign/Benchmark/dataset/PepSet_dimer/1o0p.pdb L A
Total DockQ over 1 native interfaces: 0.439 with BA:LA model:native mapping
DockQ 0.439 iRMSD 2.925 LRMSD 6.828 fnat 0.500 fnonnat 0.286 F1 0.588 clashes 0 mapping BA:LA /home/junjiechen/1_work/250401-Dpepalign/Benchmark/protenix/PepSet/pred/1o0p/seed_44/predictions/1o0p_sample_4.cif B A -> /home/junjiechen/1_work/250401-Dpepalign/Benchmark/dataset/PepSet_dimer/1o0p.pdb L A
Total DockQ over 1 native interfaces: 0.375 with BA:LA model:native mapping
DockQ 0.375 iRMSD 3.778 LRMSD 8.685 fnat 0.500 fnonnat 0.355 F1 0.563 clashes 1 mapping BA:LA /home/junjiechen/1_work/250401-Dpepalign/Benchmark/protenix/PepSet/pred/1o0p/seed_44/predictions/1o0p_sample_0.cif B A -> /home/junjiechen/1_work/250401-Dpepalign/Benchmark/dataset/PepSet_dimer/1o0p.pdb L A
Total DockQ over 1 native interfaces: 0.478 with BA:LA model:native mapping
DockQ 0.478 iRMSD 2.868 LRMSD 6.324 fnat 0.575 fnonnat 0.395 F1 0.590 clashes 0 mapping BA:LA /home/junjiechen/1_work/250401-Dpepalign/Benchmark/protenix/PepSet/pred/1o0p/seed_43/predictions/1o0p_sample_3.cif B A -> /home/junjiechen/1_work/250401-Dpepalign/Benchmark/dataset/PepSet_dimer/1o0p.pdb L A
Total DockQ over 1 native interfaces: 0.425 with BA:LA model:native mapping
DockQ 0.425 iRMSD 2.925 LRMSD 6.709 fnat 0.450 fnonnat 0.333 F1 0.537 clashes 0 mapping BA:LA /home/junjiechen/1_work/250401-Dpepalign/Benchmark/protenix/PepSet/pred/1o0p/seed_44/predictions/1o0p_sample_1.cif B A -> /home/junjiechen/1_work/250401-Dpepalign/Benchmark/dataset/PepSet_dimer/1o0p.pdb L A
Total DockQ over 1 native interfaces: 0.435 with BA:LA model:native mapping
DockQ 0.435 iRMSD 3.244 LRMSD 7.264 fnat 0.550 fnonnat 0.463 F1 0.543 clashes 0 mapping BA:LA /home/junjiechen/1_work/250401-Dpepalign/Benchmark/protenix/PepSet/pred/1o0p/seed_43/predictions/1o0p_sample_4.cif B A -> /home/junjiechen/1_work/250401-Dpepalign/Benchmark/dataset/PepSet_dimer/1o0p.pdb L A
Total DockQ over 1 native interfaces: 0.443 with BA:LA model:native mapping
DockQ 0.443 iRMSD 2.912 LRMSD 6.647 fnat 0.500 fnonnat 0.355 F1 0.563 clashes 0 mapping BA:LA /home/junjiechen/1_work/250401-Dpepalign/Benchmark/protenix/PepSet/pred/1o0p/seed_44/predictions/1o0p_sample_2.cif B A -> /home/junjiechen/1_work/250401-Dpepalign/Benchmark/dataset/PepSet_dimer/1o0p.pdb L A
Total DockQ over 1 native interfaces: 0.710 with BA:LA model:native mapping
DockQ 0.710 iRMSD 1.095 LRMSD 3.930 fnat 0.653 fnonnat 0.396 F1 0.627 clashes 0 mapping BA:LA /home/junjiechen/1_work/250401-Dpepalign/Benchmark/protenix/PepSet/pred/1p7v/seed_42/predictions/1p7v_sample_0.cif B A -> /home/junjiechen/1_work/250401-Dpepalign/Benchmark/dataset/PepSet_dimer/1p7v.pdb L A
Total DockQ over 1 native interfaces: 0.697 with BA:LA model:native mapping
DockQ 0.697 iRMSD 1.089 LRMSD 3.915 fnat 0.612 fnonnat 0.412 F1 0.600 clashes 0 mapping BA:LA /home/junjiechen/1_work/250401-Dpepalign/Benchmark/protenix/PepSet/pred/1p7v/seed_42/predictions/1p7v_sample_1.cif B A -> /home/junjiechen/1_work/250401-Dpepalign/Benchmark/dataset/PepSet_dimer/1p7v.pdb L A
Total DockQ over 1 native interfaces: 0.702 with BA:LA model:native mapping
DockQ 0.702 iRMSD 1.100 LRMSD 3.935 fnat 0.633 fnonnat 0.392 F1 0.620 clashes 0 mapping BA:LA /home/junjiechen/1_work/250401-Dpepalign/Benchmark/protenix/PepSet/pred/1p7v/seed_42/predictions/1p7v_sample_3.cif B A -> /home/junjiechen/1_work/250401-Dpepalign/Benchmark/dataset/PepSet_dimer/1p7v.pdb L A
Total DockQ over 1 native interfaces: 0.771 with BA:LA model:native mapping
DockQ 0.771 iRMSD 0.857 LRMSD 3.040 fnat 0.673 fnonnat 0.353 F1 0.660 clashes 1 mapping BA:LA /home/junjiechen/1_work/250401-Dpepalign/Benchmark/protenix/PepSet/pred/1p7v/seed_42/predictions/1p7v_sample_2.cif B A -> /home/junjiechen/1_work/250401-Dpepalign/Benchmark/dataset/PepSet_dimer/1p7v.pdb L A
Total DockQ over 1 native interfaces: 0.706 with BA:LA model:native mapping
DockQ 0.706 iRMSD 1.080 LRMSD 3.900 fnat 0.633 fnonnat 0.404 F1 0.614 clashes 0 mapping BA:LA /home/junjiechen/1_work/250401-Dpepalign/Benchmark/protenix/PepSet/pred/1p7v/seed_43/predictions/1p7v_sample_0.cif B A -> /home/junjiechen/1_work/250401-Dpepalign/Benchmark/dataset/PepSet_dimer/1p7v.pdb L A
Total DockQ over 1 native interfaces: 0.649 with BA:LA model:native mapping
DockQ 0.649 iRMSD 1.301 LRMSD 4.738 fnat 0.612 fnonnat 0.412 F1 0.600 clashes 0 mapping BA:LA /home/junjiechen/1_work/250401-Dpepalign/Benchmark/protenix/PepSet/pred/1p7v/seed_42/predictions/1p7v_sample_4.cif B A -> /home/junjiechen/1_work/250401-Dpepalign/Benchmark/dataset/PepSet_dimer/1p7v.pdb L A
Total DockQ over 1 native interfaces: 0.737 with BA:LA model:native mapping
DockQ 0.737 iRMSD 1.006 LRMSD 3.608 fnat 0.673 fnonnat 0.365 F1 0.653 clashes 0 mapping BA:LA /home/junjiechen/1_work/250401-Dpepalign/Benchmark/protenix/PepSet/pred/1p7v/seed_43/predictions/1p7v_sample_1.cif B A -> /home/junjiechen/1_work/250401-Dpepalign/Benchmark/dataset/PepSet_dimer/1p7v.pdb L A
Total DockQ over 1 native interfaces: 0.752 with BA:LA model:native mapping
DockQ 0.752 iRMSD 1.001 LRMSD 3.559 fnat 0.714 fnonnat 0.327 F1 0.693 clashes 0 mapping BA:LA /home/junjiechen/1_work/250401-Dpepalign/Benchmark/protenix/PepSet/pred/1p7v/seed_43/predictions/1p7v_sample_3.cif B A -> /home/junjiechen/1_work/250401-Dpepalign/Benchmark/dataset/PepSet_dimer/1p7v.pdb L A
Total DockQ over 1 native interfaces: 0.721 with BA:LA model:native mapping
DockQ 0.721 iRMSD 1.016 LRMSD 3.620 fnat 0.633 fnonnat 0.380 F1 0.626 clashes 0 mapping BA:LA /home/junjiechen/1_work/250401-Dpepalign/Benchmark/protenix/PepSet/pred/1p7v/seed_43/predictions/1p7v_sample_2.cif B A -> /home/junjiechen/1_work/250401-Dpepalign/Benchmark/dataset/PepSet_dimer/1p7v.pdb L A
Total DockQ over 1 native interfaces: 0.647 with BA:LA model:native mapping
DockQ 0.647 iRMSD 1.315 LRMSD 4.753 fnat 0.612 fnonnat 0.375 F1 0.619 clashes 0 mapping BA:LA /home/junjiechen/1_work/250401-Dpepalign/Benchmark/protenix/PepSet/pred/1p7v/seed_43/predictions/1p7v_sample_4.cif B A -> /home/junjiechen/1_work/250401-Dpepalign/Benchmark/dataset/PepSet_dimer/1p7v.pdb L A
Total DockQ over 1 native interfaces: 0.681 with BA:LA model:native mapping
DockQ 0.681 iRMSD 1.158 LRMSD 4.200 fnat 0.612 fnonnat 0.412 F1 0.600 clashes 0 mapping BA:LA /home/junjiechen/1_work/250401-Dpepalign/Benchmark/protenix/PepSet/pred/1p7v/seed_44/predictions/1p7v_sample_0.cif B A -> /home/junjiechen/1_work/250401-Dpepalign/Benchmark/dataset/PepSet_dimer/1p7v.pdb L A
Total DockQ over 1 native interfaces: 0.753 with BA:LA model:native mapping
DockQ 0.753 iRMSD 0.973 LRMSD 3.423 fnat 0.694 fnonnat 0.382 F1 0.654 clashes 0 mapping BA:LA /home/junjiechen/1_work/250401-Dpepalign/Benchmark/protenix/PepSet/pred/1p7v/seed_44/predictions/1p7v_sample_1.cif B A -> /home/junjiechen/1_work/250401-Dpepalign/Benchmark/dataset/PepSet_dimer/1p7v.pdb L A
Total DockQ over 1 native interfaces: 0.042 with BA:LA model:native mapping
DockQ 0.042 iRMSD 9.333 LRMSD 25.294 fnat 0.000 fnonnat 1.000 F1 0.000 clashes 0 mapping BA:LA /home/junjiechen/1_work/250401-Dpepalign/Benchmark/protenix/PepSet/pred/1pmx/seed_42/predictions/1pmx_sample_1.cif B A -> /home/junjiechen/1_work/250401-Dpepalign/Benchmark/dataset/PepSet_dimer/1pmx.pdb L A
Total DockQ over 1 native interfaces: 0.682 with BA:LA model:native mapping
DockQ 0.682 iRMSD 1.160 LRMSD 4.161 fnat 0.612 fnonnat 0.412 F1 0.600 clashes 0 mapping BA:LA /home/junjiechen/1_work/250401-Dpepalign/Benchmark/protenix/PepSet/pred/1p7v/seed_44/predictions/1p7v_sample_3.cif B A -> /home/junjiechen/1_work/250401-Dpepalign/Benchmark/dataset/PepSet_dimer/1p7v.pdb L A
Total DockQ over 1 native interfaces: 0.322 with BA:LA model:native mapping
DockQ 0.322 iRMSD 4.213 LRMSD 8.398 fnat 0.348 fnonnat 0.758 F1 0.286 clashes 0 mapping BA:LA /home/junjiechen/1_work/250401-Dpepalign/Benchmark/protenix/PepSet/pred/1pmx/seed_42/predictions/1pmx_sample_3.cif B A -> /home/junjiechen/1_work/250401-Dpepalign/Benchmark/dataset/PepSet_dimer/1pmx.pdb L A
Total DockQ over 1 native interfaces: 0.326 with BA:LA model:native mapping
DockQ 0.326 iRMSD 3.970 LRMSD 8.389 fnat 0.348 fnonnat 0.778 F1 0.271 clashes 0 mapping BA:LA /home/junjiechen/1_work/250401-Dpepalign/Benchmark/protenix/PepSet/pred/1pmx/seed_42/predictions/1pmx_sample_4.cif B A -> /home/junjiechen/1_work/250401-Dpepalign/Benchmark/dataset/PepSet_dimer/1pmx.pdb L A
Total DockQ over 1 native interfaces: 0.044 with BA:LA model:native mapping
DockQ 0.044 iRMSD 9.286 LRMSD 24.711 fnat 0.000 fnonnat 1.000 F1 0.000 clashes 1 mapping BA:LA /home/junjiechen/1_work/250401-Dpepalign/Benchmark/protenix/PepSet/pred/1pmx/seed_42/predictions/1pmx_sample_0.cif B A -> /home/junjiechen/1_work/250401-Dpepalign/Benchmark/dataset/PepSet_dimer/1pmx.pdb L A
Total DockQ over 1 native interfaces: 0.044 with BA:LA model:native mapping
DockQ 0.044 iRMSD 9.504 LRMSD 24.620 fnat 0.000 fnonnat 1.000 F1 0.000 clashes 0 mapping BA:LA /home/junjiechen/1_work/250401-Dpepalign/Benchmark/protenix/PepSet/pred/1pmx/seed_42/predictions/1pmx_sample_2.cif B A -> /home/junjiechen/1_work/250401-Dpepalign/Benchmark/dataset/PepSet_dimer/1pmx.pdb L A
Total DockQ over 1 native interfaces: 0.685 with BA:LA model:native mapping
DockQ 0.685 iRMSD 1.172 LRMSD 4.217 fnat 0.633 fnonnat 0.392 F1 0.620 clashes 0 mapping BA:LA /home/junjiechen/1_work/250401-Dpepalign/Benchmark/protenix/PepSet/pred/1p7v/seed_44/predictions/1p7v_sample_2.cif B A -> /home/junjiechen/1_work/250401-Dpepalign/Benchmark/dataset/PepSet_dimer/1p7v.pdb L A
Total DockQ over 1 native interfaces: 0.679 with BA:LA model:native mapping
DockQ 0.679 iRMSD 1.146 LRMSD 4.068 fnat 0.592 fnonnat 0.442 F1 0.574 clashes 0 mapping BA:LA /home/junjiechen/1_work/250401-Dpepalign/Benchmark/protenix/PepSet/pred/1p7v/seed_44/predictions/1p7v_sample_4.cif B A -> /home/junjiechen/1_work/250401-Dpepalign/Benchmark/dataset/PepSet_dimer/1p7v.pdb L A
Total DockQ over 1 native interfaces: 0.600 with BA:LA model:native mapping
DockQ 0.600 iRMSD 2.335 LRMSD 4.651 fnat 0.739 fnonnat 0.433 F1 0.642 clashes 0 mapping BA:LA /home/junjiechen/1_work/250401-Dpepalign/Benchmark/protenix/PepSet/pred/1pmx/seed_43/predictions/1pmx_sample_0.cif B A -> /home/junjiechen/1_work/250401-Dpepalign/Benchmark/dataset/PepSet_dimer/1pmx.pdb L A
Total DockQ over 1 native interfaces: 0.590 with BA:LA model:native mapping
DockQ 0.590 iRMSD 1.889 LRMSD 6.911 fnat 0.783 fnonnat 0.400 F1 0.679 clashes 0 mapping BA:LA /home/junjiechen/1_work/250401-Dpepalign/Benchmark/protenix/PepSet/pred/1pmx/seed_43/predictions/1pmx_sample_1.cif B A -> /home/junjiechen/1_work/250401-Dpepalign/Benchmark/dataset/PepSet_dimer/1pmx.pdb L A
Total DockQ over 1 native interfaces: 0.573 with BA:LA model:native mapping
DockQ 0.573 iRMSD 2.093 LRMSD 6.997 fnat 0.783 fnonnat 0.400 F1 0.679 clashes 1 mapping BA:LA /home/junjiechen/1_work/250401-Dpepalign/Benchmark/protenix/PepSet/pred/1pmx/seed_43/predictions/1pmx_sample_2.cif B A -> /home/junjiechen/1_work/250401-Dpepalign/Benchmark/dataset/PepSet_dimer/1pmx.pdb L A
Total DockQ over 1 native interfaces: 0.603 with BA:LA model:native mapping
DockQ 0.603 iRMSD 2.074 LRMSD 5.226 fnat 0.739 fnonnat 0.469 F1 0.618 clashes 0 mapping BA:LA /home/junjiechen/1_work/250401-Dpepalign/Benchmark/protenix/PepSet/pred/1pmx/seed_44/predictions/1pmx_sample_1.cif B A -> /home/junjiechen/1_work/250401-Dpepalign/Benchmark/dataset/PepSet_dimer/1pmx.pdb L A
Total DockQ over 1 native interfaces: 0.601 with BA:LA model:native mapping
DockQ 0.601 iRMSD 2.053 LRMSD 5.341 fnat 0.739 fnonnat 0.433 F1 0.642 clashes 0 mapping BA:LA /home/junjiechen/1_work/250401-Dpepalign/Benchmark/protenix/PepSet/pred/1pmx/seed_43/predictions/1pmx_sample_3.cif B A -> /home/junjiechen/1_work/250401-Dpepalign/Benchmark/dataset/PepSet_dimer/1pmx.pdb L A
Total DockQ over 1 native interfaces: 0.616 with BA:LA model:native mapping
DockQ 0.616 iRMSD 2.041 LRMSD 5.380 fnat 0.783 fnonnat 0.438 F1 0.655 clashes 0 mapping BA:LA /home/junjiechen/1_work/250401-Dpepalign/Benchmark/protenix/PepSet/pred/1pmx/seed_44/predictions/1pmx_sample_4.cif B A -> /home/junjiechen/1_work/250401-Dpepalign/Benchmark/dataset/PepSet_dimer/1pmx.pdb L A
Total DockQ over 1 native interfaces: 0.613 with BA:LA model:native mapping
DockQ 0.613 iRMSD 2.418 LRMSD 3.939 fnat 0.739 fnonnat 0.452 F1 0.630 clashes 0 mapping BA:LA /home/junjiechen/1_work/250401-Dpepalign/Benchmark/protenix/PepSet/pred/1pmx/seed_43/predictions/1pmx_sample_4.cif B A -> /home/junjiechen/1_work/250401-Dpepalign/Benchmark/dataset/PepSet_dimer/1pmx.pdb L A
Total DockQ over 1 native interfaces: 0.606 with BA:LA model:native mapping
DockQ 0.606 iRMSD 2.141 LRMSD 5.499 fnat 0.783 fnonnat 0.455 F1 0.643 clashes 0 mapping BA:LA /home/junjiechen/1_work/250401-Dpepalign/Benchmark/protenix/PepSet/pred/1pmx/seed_44/predictions/1pmx_sample_0.cif B A -> /home/junjiechen/1_work/250401-Dpepalign/Benchmark/dataset/PepSet_dimer/1pmx.pdb L A
Total DockQ over 1 native interfaces: 0.553 with BA:LA model:native mapping
DockQ 0.553 iRMSD 2.311 LRMSD 6.596 fnat 0.739 fnonnat 0.452 F1 0.630 clashes 0 mapping BA:LA /home/junjiechen/1_work/250401-Dpepalign/Benchmark/protenix/PepSet/pred/1pmx/seed_44/predictions/1pmx_sample_2.cif B A -> /home/junjiechen/1_work/250401-Dpepalign/Benchmark/dataset/PepSet_dimer/1pmx.pdb L A
Total DockQ over 1 native interfaces: 0.603 with BA:LA model:native mapping
DockQ 0.603 iRMSD 2.074 LRMSD 5.781 fnat 0.783 fnonnat 0.419 F1 0.667 clashes 0 mapping BA:LA /home/junjiechen/1_work/250401-Dpepalign/Benchmark/protenix/PepSet/pred/1pmx/seed_44/predictions/1pmx_sample_3.cif B A -> /home/junjiechen/1_work/250401-Dpepalign/Benchmark/dataset/PepSet_dimer/1pmx.pdb L A
Total DockQ over 1 native interfaces: 0.894 with BA:LA model:native mapping
DockQ 0.894 iRMSD 0.856 LRMSD 1.370 fnat 0.953 fnonnat 0.090 F1 0.931 clashes 0 mapping BA:LA /home/junjiechen/1_work/250401-Dpepalign/Benchmark/protenix/PepSet/pred/1r17/seed_42/predictions/1r17_sample_0.cif B A -> /home/junjiechen/1_work/250401-Dpepalign/Benchmark/dataset/PepSet_dimer/1r17.pdb L A
Total DockQ over 1 native interfaces: 0.912 with BA:LA model:native mapping
DockQ 0.912 iRMSD 0.780 LRMSD 1.054 fnat 0.965 fnonnat 0.068 F1 0.948 clashes 0 mapping BA:LA /home/junjiechen/1_work/250401-Dpepalign/Benchmark/protenix/PepSet/pred/1r17/seed_42/predictions/1r17_sample_1.cif B A -> /home/junjiechen/1_work/250401-Dpepalign/Benchmark/dataset/PepSet_dimer/1r17.pdb L A
Total DockQ over 1 native interfaces: 0.886 with BA:LA model:native mapping
DockQ 0.886 iRMSD 0.909 LRMSD 1.431 fnat 0.953 fnonnat 0.129 F1 0.910 clashes 0 mapping BA:LA /home/junjiechen/1_work/250401-Dpepalign/Benchmark/protenix/PepSet/pred/1r17/seed_42/predictions/1r17_sample_2.cif B A -> /home/junjiechen/1_work/250401-Dpepalign/Benchmark/dataset/PepSet_dimer/1r17.pdb L A
Total DockQ over 1 native interfaces: 0.900 with BA:LA model:native mapping
DockQ 0.900 iRMSD 0.797 LRMSD 0.745 fnat 0.929 fnonnat 0.081 F1 0.924 clashes 0 mapping BA:LA /home/junjiechen/1_work/250401-Dpepalign/Benchmark/protenix/PepSet/pred/1r17/seed_43/predictions/1r17_sample_1.cif B A -> /home/junjiechen/1_work/250401-Dpepalign/Benchmark/dataset/PepSet_dimer/1r17.pdb L A
Total DockQ over 1 native interfaces: 0.902 with BA:LA model:native mapping
DockQ 0.902 iRMSD 0.800 LRMSD 0.942 fnat 0.941 fnonnat 0.111 F1 0.914 clashes 0 mapping BA:LA /home/junjiechen/1_work/250401-Dpepalign/Benchmark/protenix/PepSet/pred/1r17/seed_43/predictions/1r17_sample_2.cif B A -> /home/junjiechen/1_work/250401-Dpepalign/Benchmark/dataset/PepSet_dimer/1r17.pdb L A
Total DockQ over 1 native interfaces: 0.903 with BA:LA model:native mapping
DockQ 0.903 iRMSD 0.828 LRMSD 0.812 fnat 0.953 fnonnat 0.080 F1 0.936 clashes 0 mapping BA:LA /home/junjiechen/1_work/250401-Dpepalign/Benchmark/protenix/PepSet/pred/1r17/seed_42/predictions/1r17_sample_3.cif B A -> /home/junjiechen/1_work/250401-Dpepalign/Benchmark/dataset/PepSet_dimer/1r17.pdb L A
Total DockQ over 1 native interfaces: 0.892 with BA:LA model:native mapping
DockQ 0.892 iRMSD 0.858 LRMSD 1.138 fnat 0.941 fnonnat 0.111 F1 0.914 clashes 0 mapping BA:LA /home/junjiechen/1_work/250401-Dpepalign/Benchmark/protenix/PepSet/pred/1r17/seed_43/predictions/1r17_sample_4.cif B A -> /home/junjiechen/1_work/250401-Dpepalign/Benchmark/dataset/PepSet_dimer/1r17.pdb L A
Total DockQ over 1 native interfaces: 0.883 with BA:LA model:native mapping
DockQ 0.883 iRMSD 0.918 LRMSD 1.548 fnat 0.953 fnonnat 0.147 F1 0.900 clashes 0 mapping BA:LA /home/junjiechen/1_work/250401-Dpepalign/Benchmark/protenix/PepSet/pred/1r17/seed_42/predictions/1r17_sample_4.cif B A -> /home/junjiechen/1_work/250401-Dpepalign/Benchmark/dataset/PepSet_dimer/1r17.pdb L A
Total DockQ over 1 native interfaces: 0.894 with BA:LA model:native mapping
DockQ 0.894 iRMSD 0.808 LRMSD 0.863 fnat 0.918 fnonnat 0.093 F1 0.912 clashes 0 mapping BA:LA /home/junjiechen/1_work/250401-Dpepalign/Benchmark/protenix/PepSet/pred/1r17/seed_43/predictions/1r17_sample_0.cif B A -> /home/junjiechen/1_work/250401-Dpepalign/Benchmark/dataset/PepSet_dimer/1r17.pdb L A
Total DockQ over 1 native interfaces: 0.905 with BA:LA model:native mapping
DockQ 0.905 iRMSD 0.810 LRMSD 0.930 fnat 0.953 fnonnat 0.110 F1 0.920 clashes 0 mapping BA:LA /home/junjiechen/1_work/250401-Dpepalign/Benchmark/protenix/PepSet/pred/1r17/seed_43/predictions/1r17_sample_3.cif B A -> /home/junjiechen/1_work/250401-Dpepalign/Benchmark/dataset/PepSet_dimer/1r17.pdb L A
Total DockQ over 1 native interfaces: 0.852 with BA:LA model:native mapping
DockQ 0.852 iRMSD 1.107 LRMSD 1.549 fnat 0.941 fnonnat 0.140 F1 0.899 clashes 0 mapping BA:LA /home/junjiechen/1_work/250401-Dpepalign/Benchmark/protenix/PepSet/pred/1r17/seed_44/predictions/1r17_sample_0.cif B A -> /home/junjiechen/1_work/250401-Dpepalign/Benchmark/dataset/PepSet_dimer/1r17.pdb L A
Total DockQ over 1 native interfaces: 0.885 with BA:LA model:native mapping
DockQ 0.885 iRMSD 0.907 LRMSD 1.153 fnat 0.941 fnonnat 0.111 F1 0.914 clashes 0 mapping BA:LA /home/junjiechen/1_work/250401-Dpepalign/Benchmark/protenix/PepSet/pred/1r17/seed_44/predictions/1r17_sample_1.cif B A -> /home/junjiechen/1_work/250401-Dpepalign/Benchmark/dataset/PepSet_dimer/1r17.pdb L A
Total DockQ over 1 native interfaces: 0.875 with BA:LA model:native mapping
DockQ 0.875 iRMSD 0.800 LRMSD 1.345 fnat 0.870 fnonnat 0.113 F1 0.879 clashes 0 mapping BA:LA /home/junjiechen/1_work/250401-Dpepalign/Benchmark/protenix/PepSet/pred/1rxz/seed_42/predictions/1rxz_sample_3.cif B A -> /home/junjiechen/1_work/250401-Dpepalign/Benchmark/dataset/PepSet_dimer/1rxz.pdb L A
Total DockQ over 1 native interfaces: 0.835 with BA:LA model:native mapping
DockQ 0.835 iRMSD 1.210 LRMSD 1.527 fnat 0.929 fnonnat 0.122 F1 0.903 clashes 0 mapping BA:LA /home/junjiechen/1_work/250401-Dpepalign/Benchmark/protenix/PepSet/pred/1r17/seed_44/predictions/1r17_sample_3.cif B A -> /home/junjiechen/1_work/250401-Dpepalign/Benchmark/dataset/PepSet_dimer/1r17.pdb L A
Total DockQ over 1 native interfaces: 0.876 with BA:LA model:native mapping
DockQ 0.876 iRMSD 0.791 LRMSD 1.346 fnat 0.870 fnonnat 0.145 F1 0.862 clashes 0 mapping BA:LA /home/junjiechen/1_work/250401-Dpepalign/Benchmark/protenix/PepSet/pred/1rxz/seed_42/predictions/1rxz_sample_4.cif B A -> /home/junjiechen/1_work/250401-Dpepalign/Benchmark/dataset/PepSet_dimer/1rxz.pdb L A
Total DockQ over 1 native interfaces: 0.870 with BA:LA model:native mapping
DockQ 0.870 iRMSD 0.842 LRMSD 1.282 fnat 0.870 fnonnat 0.060 F1 0.904 clashes 0 mapping BA:LA /home/junjiechen/1_work/250401-Dpepalign/Benchmark/protenix/PepSet/pred/1rxz/seed_42/predictions/1rxz_sample_1.cif B A -> /home/junjiechen/1_work/250401-Dpepalign/Benchmark/dataset/PepSet_dimer/1rxz.pdb L A
Total DockQ over 1 native interfaces: 0.872 with BA:LA model:native mapping
DockQ 0.872 iRMSD 0.980 LRMSD 1.044 fnat 0.929 fnonnat 0.071 F1 0.929 clashes 0 mapping BA:LA /home/junjiechen/1_work/250401-Dpepalign/Benchmark/protenix/PepSet/pred/1r17/seed_44/predictions/1r17_sample_2.cif B A -> /home/junjiechen/1_work/250401-Dpepalign/Benchmark/dataset/PepSet_dimer/1r17.pdb L A
Total DockQ over 1 native interfaces: 0.853 with BA:LA model:native mapping
DockQ 0.853 iRMSD 0.895 LRMSD 1.513 fnat 0.852 fnonnat 0.098 F1 0.876 clashes 0 mapping BA:LA /home/junjiechen/1_work/250401-Dpepalign/Benchmark/protenix/PepSet/pred/1rxz/seed_42/predictions/1rxz_sample_0.cif B A -> /home/junjiechen/1_work/250401-Dpepalign/Benchmark/dataset/PepSet_dimer/1rxz.pdb L A
Total DockQ over 1 native interfaces: 0.865 with BA:LA model:native mapping
DockQ 0.865 iRMSD 1.030 LRMSD 1.410 fnat 0.941 fnonnat 0.111 F1 0.914 clashes 0 mapping BA:LA /home/junjiechen/1_work/250401-Dpepalign/Benchmark/protenix/PepSet/pred/1r17/seed_44/predictions/1r17_sample_4.cif B A -> /home/junjiechen/1_work/250401-Dpepalign/Benchmark/dataset/PepSet_dimer/1r17.pdb L A
Total DockQ over 1 native interfaces: 0.872 with BA:LA model:native mapping
DockQ 0.872 iRMSD 0.809 LRMSD 1.449 fnat 0.870 fnonnat 0.096 F1 0.887 clashes 0 mapping BA:LA /home/junjiechen/1_work/250401-Dpepalign/Benchmark/protenix/PepSet/pred/1rxz/seed_42/predictions/1rxz_sample_2.cif B A -> /home/junjiechen/1_work/250401-Dpepalign/Benchmark/dataset/PepSet_dimer/1rxz.pdb L A
Total DockQ over 1 native interfaces: 0.874 with BA:LA model:native mapping
DockQ 0.874 iRMSD 0.809 LRMSD 1.329 fnat 0.870 fnonnat 0.078 F1 0.895 clashes 0 mapping BA:LA /home/junjiechen/1_work/250401-Dpepalign/Benchmark/protenix/PepSet/pred/1rxz/seed_43/predictions/1rxz_sample_0.cif B A -> /home/junjiechen/1_work/250401-Dpepalign/Benchmark/dataset/PepSet_dimer/1rxz.pdb L A
Total DockQ over 1 native interfaces: 0.867 with BA:LA model:native mapping
DockQ 0.867 iRMSD 0.911 LRMSD 1.190 fnat 0.889 fnonnat 0.111 F1 0.889 clashes 0 mapping BA:LA /home/junjiechen/1_work/250401-Dpepalign/Benchmark/protenix/PepSet/pred/1rxz/seed_43/predictions/1rxz_sample_3.cif B A -> /home/junjiechen/1_work/250401-Dpepalign/Benchmark/dataset/PepSet_dimer/1rxz.pdb L A
Total DockQ over 1 native interfaces: 0.872 with BA:LA model:native mapping
DockQ 0.872 iRMSD 0.822 LRMSD 1.271 fnat 0.870 fnonnat 0.078 F1 0.895 clashes 0 mapping BA:LA /home/junjiechen/1_work/250401-Dpepalign/Benchmark/protenix/PepSet/pred/1rxz/seed_43/predictions/1rxz_sample_2.cif B A -> /home/junjiechen/1_work/250401-Dpepalign/Benchmark/dataset/PepSet_dimer/1rxz.pdb L A
Total DockQ over 1 native interfaces: 0.863 with BA:LA model:native mapping
DockQ 0.863 iRMSD 0.919 LRMSD 1.388 fnat 0.889 fnonnat 0.094 F1 0.897 clashes 0 mapping BA:LA /home/junjiechen/1_work/250401-Dpepalign/Benchmark/protenix/PepSet/pred/1rxz/seed_43/predictions/1rxz_sample_1.cif B A -> /home/junjiechen/1_work/250401-Dpepalign/Benchmark/dataset/PepSet_dimer/1rxz.pdb L A
Total DockQ over 1 native interfaces: 0.887 with BA:LA model:native mapping
DockQ 0.887 iRMSD 0.768 LRMSD 1.251 fnat 0.889 fnonnat 0.094 F1 0.897 clashes 0 mapping BA:LA /home/junjiechen/1_work/250401-Dpepalign/Benchmark/protenix/PepSet/pred/1rxz/seed_44/predictions/1rxz_sample_0.cif B A -> /home/junjiechen/1_work/250401-Dpepalign/Benchmark/dataset/PepSet_dimer/1rxz.pdb L A
Total DockQ over 1 native interfaces: 0.876 with BA:LA model:native mapping
DockQ 0.876 iRMSD 0.822 LRMSD 1.504 fnat 0.889 fnonnat 0.111 F1 0.889 clashes 0 mapping BA:LA /home/junjiechen/1_work/250401-Dpepalign/Benchmark/protenix/PepSet/pred/1rxz/seed_43/predictions/1rxz_sample_4.cif B A -> /home/junjiechen/1_work/250401-Dpepalign/Benchmark/dataset/PepSet_dimer/1rxz.pdb L A
Total DockQ over 1 native interfaces: 0.849 with BA:LA model:native mapping
DockQ 0.849 iRMSD 0.994 LRMSD 1.666 fnat 0.889 fnonnat 0.094 F1 0.897 clashes 0 mapping BA:LA /home/junjiechen/1_work/250401-Dpepalign/Benchmark/protenix/PepSet/pred/1rxz/seed_44/predictions/1rxz_sample_2.cif B A -> /home/junjiechen/1_work/250401-Dpepalign/Benchmark/dataset/PepSet_dimer/1rxz.pdb L A
Total DockQ over 1 native interfaces: 0.855 with BA:LA model:native mapping
DockQ 0.855 iRMSD 0.976 LRMSD 1.402 fnat 0.889 fnonnat 0.077 F1 0.906 clashes 0 mapping BA:LA /home/junjiechen/1_work/250401-Dpepalign/Benchmark/protenix/PepSet/pred/1rxz/seed_44/predictions/1rxz_sample_1.cif B A -> /home/junjiechen/1_work/250401-Dpepalign/Benchmark/dataset/PepSet_dimer/1rxz.pdb L A
Total DockQ over 1 native interfaces: 0.830 with BA:LA model:native mapping
DockQ 0.830 iRMSD 1.064 LRMSD 1.413 fnat 0.852 fnonnat 0.098 F1 0.876 clashes 0 mapping BA:LA /home/junjiechen/1_work/250401-Dpepalign/Benchmark/protenix/PepSet/pred/1rxz/seed_44/predictions/1rxz_sample_4.cif B A -> /home/junjiechen/1_work/250401-Dpepalign/Benchmark/dataset/PepSet_dimer/1rxz.pdb L A
Total DockQ over 1 native interfaces: 0.840 with BA:LA model:native mapping
DockQ 0.840 iRMSD 1.042 LRMSD 1.364 fnat 0.870 fnonnat 0.078 F1 0.895 clashes 0 mapping BA:LA /home/junjiechen/1_work/250401-Dpepalign/Benchmark/protenix/PepSet/pred/1rxz/seed_44/predictions/1rxz_sample_3.cif B A -> /home/junjiechen/1_work/250401-Dpepalign/Benchmark/dataset/PepSet_dimer/1rxz.pdb L A
Total DockQ over 1 native interfaces: 0.950 with BA:LA model:native mapping
DockQ 0.950 iRMSD 0.298 LRMSD 0.652 fnat 0.893 fnonnat 0.038 F1 0.926 clashes 0 mapping BA:LA /home/junjiechen/1_work/250401-Dpepalign/Benchmark/protenix/PepSet/pred/1t74/seed_42/predictions/1t74_sample_0.cif B A -> /home/junjiechen/1_work/250401-Dpepalign/Benchmark/dataset/PepSet_dimer/1t74.pdb L A
Total DockQ over 1 native interfaces: 0.957 with BA:LA model:native mapping
DockQ 0.957 iRMSD 0.435 LRMSD 1.117 fnat 0.964 fnonnat 0.069 F1 0.947 clashes 0 mapping BA:LA /home/junjiechen/1_work/250401-Dpepalign/Benchmark/protenix/PepSet/pred/1t74/seed_42/predictions/1t74_sample_3.cif B A -> /home/junjiechen/1_work/250401-Dpepalign/Benchmark/dataset/PepSet_dimer/1t74.pdb L A
Total DockQ over 1 native interfaces: 0.946 with BA:LA model:native mapping
DockQ 0.946 iRMSD 0.422 LRMSD 1.097 fnat 0.929 fnonnat 0.037 F1 0.945 clashes 0 mapping BA:LA /home/junjiechen/1_work/250401-Dpepalign/Benchmark/protenix/PepSet/pred/1t74/seed_43/predictions/1t74_sample_0.cif B A -> /home/junjiechen/1_work/250401-Dpepalign/Benchmark/dataset/PepSet_dimer/1t74.pdb L A
Total DockQ over 1 native interfaces: 0.943 with BA:LA model:native mapping
DockQ 0.943 iRMSD 0.345 LRMSD 0.943 fnat 0.893 fnonnat 0.038 F1 0.926 clashes 0 mapping BA:LA /home/junjiechen/1_work/250401-Dpepalign/Benchmark/protenix/PepSet/pred/1t74/seed_42/predictions/1t74_sample_1.cif B A -> /home/junjiechen/1_work/250401-Dpepalign/Benchmark/dataset/PepSet_dimer/1t74.pdb L A
Total DockQ over 1 native interfaces: 0.944 with BA:LA model:native mapping
DockQ 0.944 iRMSD 0.346 LRMSD 0.848 fnat 0.893 fnonnat 0.000 F1 0.943 clashes 0 mapping BA:LA /home/junjiechen/1_work/250401-Dpepalign/Benchmark/protenix/PepSet/pred/1t74/seed_42/predictions/1t74_sample_2.cif B A -> /home/junjiechen/1_work/250401-Dpepalign/Benchmark/dataset/PepSet_dimer/1t74.pdb L A
Total DockQ over 1 native interfaces: 0.925 with BA:LA model:native mapping
DockQ 0.925 iRMSD 0.400 LRMSD 1.091 fnat 0.857 fnonnat 0.040 F1 0.906 clashes 0 mapping BA:LA /home/junjiechen/1_work/250401-Dpepalign/Benchmark/protenix/PepSet/pred/1t74/seed_42/predictions/1t74_sample_4.cif B A -> /home/junjiechen/1_work/250401-Dpepalign/Benchmark/dataset/PepSet_dimer/1t74.pdb L A
Total DockQ over 1 native interfaces: 0.946 with BA:LA model:native mapping
DockQ 0.946 iRMSD 0.332 LRMSD 0.809 fnat 0.893 fnonnat 0.038 F1 0.926 clashes 0 mapping BA:LA /home/junjiechen/1_work/250401-Dpepalign/Benchmark/protenix/PepSet/pred/1t74/seed_43/predictions/1t74_sample_1.cif B A -> /home/junjiechen/1_work/250401-Dpepalign/Benchmark/dataset/PepSet_dimer/1t74.pdb L A
Total DockQ over 1 native interfaces: 0.939 with BA:LA model:native mapping
DockQ 0.939 iRMSD 0.389 LRMSD 0.982 fnat 0.893 fnonnat 0.000 F1 0.943 clashes 0 mapping BA:LA /home/junjiechen/1_work/250401-Dpepalign/Benchmark/protenix/PepSet/pred/1t74/seed_43/predictions/1t74_sample_2.cif B A -> /home/junjiechen/1_work/250401-Dpepalign/Benchmark/dataset/PepSet_dimer/1t74.pdb L A
Total DockQ over 1 native interfaces: 0.950 with BA:LA model:native mapping
DockQ 0.950 iRMSD 0.393 LRMSD 0.976 fnat 0.929 fnonnat 0.037 F1 0.945 clashes 0 mapping BA:LA /home/junjiechen/1_work/250401-Dpepalign/Benchmark/protenix/PepSet/pred/1t74/seed_44/predictions/1t74_sample_0.cif B A -> /home/junjiechen/1_work/250401-Dpepalign/Benchmark/dataset/PepSet_dimer/1t74.pdb L A
Total DockQ over 1 native interfaces: 0.950 with BA:LA model:native mapping
DockQ 0.950 iRMSD 0.300 LRMSD 0.635 fnat 0.893 fnonnat 0.038 F1 0.926 clashes 0 mapping BA:LA /home/junjiechen/1_work/250401-Dpepalign/Benchmark/protenix/PepSet/pred/1t74/seed_43/predictions/1t74_sample_3.cif B A -> /home/junjiechen/1_work/250401-Dpepalign/Benchmark/dataset/PepSet_dimer/1t74.pdb L A
Total DockQ over 1 native interfaces: 0.948 with BA:LA model:native mapping
DockQ 0.948 iRMSD 0.303 LRMSD 0.776 fnat 0.893 fnonnat 0.038 F1 0.926 clashes 0 mapping BA:LA /home/junjiechen/1_work/250401-Dpepalign/Benchmark/protenix/PepSet/pred/1t74/seed_43/predictions/1t74_sample_4.cif B A -> /home/junjiechen/1_work/250401-Dpepalign/Benchmark/dataset/PepSet_dimer/1t74.pdb L A
Total DockQ over 1 native interfaces: 0.935 with BA:LA model:native mapping
DockQ 0.935 iRMSD 0.420 LRMSD 1.062 fnat 0.893 fnonnat 0.038 F1 0.926 clashes 0 mapping BA:LA /home/junjiechen/1_work/250401-Dpepalign/Benchmark/protenix/PepSet/pred/1t74/seed_44/predictions/1t74_sample_1.cif B A -> /home/junjiechen/1_work/250401-Dpepalign/Benchmark/dataset/PepSet_dimer/1t74.pdb L A
Total DockQ over 1 native interfaces: 0.930 with BA:LA model:native mapping
DockQ 0.930 iRMSD 0.361 LRMSD 0.918 fnat 0.857 fnonnat 0.000 F1 0.923 clashes 0 mapping BA:LA /home/junjiechen/1_work/250401-Dpepalign/Benchmark/protenix/PepSet/pred/1t74/seed_44/predictions/1t74_sample_3.cif B A -> /home/junjiechen/1_work/250401-Dpepalign/Benchmark/dataset/PepSet_dimer/1t74.pdb L A
Total DockQ over 1 native interfaces: 0.946 with BA:LA model:native mapping
DockQ 0.946 iRMSD 0.423 LRMSD 1.167 fnat 0.929 fnonnat 0.071 F1 0.929 clashes 0 mapping BA:LA /home/junjiechen/1_work/250401-Dpepalign/Benchmark/protenix/PepSet/pred/1t74/seed_44/predictions/1t74_sample_4.cif B A -> /home/junjiechen/1_work/250401-Dpepalign/Benchmark/dataset/PepSet_dimer/1t74.pdb L A
Total DockQ over 1 native interfaces: 0.956 with BA:LB model:native mapping
DockQ 0.956 iRMSD 0.319 LRMSD 0.782 fnat 0.920 fnonnat 0.042 F1 0.939 clashes 0 mapping BA:LB /home/junjiechen/1_work/250401-Dpepalign/Benchmark/protenix/PepSet/pred/1v1t/seed_43/predictions/1v1t_sample_0.cif B A -> /home/junjiechen/1_work/250401-Dpepalign/Benchmark/dataset/PepSet_dimer/1v1t.pdb L B
Total DockQ over 1 native interfaces: 0.970 with BA:LB model:native mapping
DockQ 0.970 iRMSD 0.332 LRMSD 0.560 fnat 0.960 fnonnat 0.077 F1 0.941 clashes 0 mapping BA:LB /home/junjiechen/1_work/250401-Dpepalign/Benchmark/protenix/PepSet/pred/1v1t/seed_42/predictions/1v1t_sample_0.cif B A -> /home/junjiechen/1_work/250401-Dpepalign/Benchmark/dataset/PepSet_dimer/1v1t.pdb L B
Total DockQ over 1 native interfaces: 0.985 with BA:LB model:native mapping
DockQ 0.985 iRMSD 0.302 LRMSD 0.730 fnat 1.000 fnonnat 0.038 F1 0.980 clashes 0 mapping BA:LB /home/junjiechen/1_work/250401-Dpepalign/Benchmark/protenix/PepSet/pred/1v1t/seed_42/predictions/1v1t_sample_3.cif B A -> /home/junjiechen/1_work/250401-Dpepalign/Benchmark/dataset/PepSet_dimer/1v1t.pdb L B
Total DockQ over 1 native interfaces: 0.958 with BA:LA model:native mapping
DockQ 0.958 iRMSD 0.322 LRMSD 0.865 fnat 0.929 fnonnat 0.000 F1 0.963 clashes 0 mapping BA:LA /home/junjiechen/1_work/250401-Dpepalign/Benchmark/protenix/PepSet/pred/1t74/seed_44/predictions/1t74_sample_2.cif B A -> /home/junjiechen/1_work/250401-Dpepalign/Benchmark/dataset/PepSet_dimer/1t74.pdb L A
Total DockQ over 1 native interfaces: 0.972 with BA:LB model:native mapping
DockQ 0.972 iRMSD 0.314 LRMSD 0.354 fnat 0.960 fnonnat 0.040 F1 0.960 clashes 0 mapping BA:LB /home/junjiechen/1_work/250401-Dpepalign/Benchmark/protenix/PepSet/pred/1v1t/seed_42/predictions/1v1t_sample_1.cif B A -> /home/junjiechen/1_work/250401-Dpepalign/Benchmark/dataset/PepSet_dimer/1v1t.pdb L B
Total DockQ over 1 native interfaces: 0.967 with BA:LB model:native mapping
DockQ 0.967 iRMSD 0.354 LRMSD 0.640 fnat 0.960 fnonnat 0.111 F1 0.923 clashes 0 mapping BA:LB /home/junjiechen/1_work/250401-Dpepalign/Benchmark/protenix/PepSet/pred/1v1t/seed_42/predictions/1v1t_sample_2.cif B A -> /home/junjiechen/1_work/250401-Dpepalign/Benchmark/dataset/PepSet_dimer/1v1t.pdb L B
Total DockQ over 1 native interfaces: 0.971 with BA:LB model:native mapping
DockQ 0.971 iRMSD 0.300 LRMSD 0.761 fnat 0.960 fnonnat 0.077 F1 0.941 clashes 0 mapping BA:LB /home/junjiechen/1_work/250401-Dpepalign/Benchmark/protenix/PepSet/pred/1v1t/seed_42/predictions/1v1t_sample_4.cif B A -> /home/junjiechen/1_work/250401-Dpepalign/Benchmark/dataset/PepSet_dimer/1v1t.pdb L B
Total DockQ over 1 native interfaces: 0.972 with BA:LB model:native mapping
DockQ 0.972 iRMSD 0.302 LRMSD 0.633 fnat 0.960 fnonnat 0.111 F1 0.923 clashes 0 mapping BA:LB /home/junjiechen/1_work/250401-Dpepalign/Benchmark/protenix/PepSet/pred/1v1t/seed_43/predictions/1v1t_sample_1.cif B A -> /home/junjiechen/1_work/250401-Dpepalign/Benchmark/dataset/PepSet_dimer/1v1t.pdb L B
Total DockQ over 1 native interfaces: 0.985 with BA:LB model:native mapping
DockQ 0.985 iRMSD 0.301 LRMSD 0.709 fnat 1.000 fnonnat 0.038 F1 0.980 clashes 0 mapping BA:LB /home/junjiechen/1_work/250401-Dpepalign/Benchmark/protenix/PepSet/pred/1v1t/seed_43/predictions/1v1t_sample_2.cif B A -> /home/junjiechen/1_work/250401-Dpepalign/Benchmark/dataset/PepSet_dimer/1v1t.pdb L B
Total DockQ over 1 native interfaces: 0.971 with BA:LB model:native mapping
DockQ 0.971 iRMSD 0.319 LRMSD 0.426 fnat 0.960 fnonnat 0.040 F1 0.960 clashes 0 mapping BA:LB /home/junjiechen/1_work/250401-Dpepalign/Benchmark/protenix/PepSet/pred/1v1t/seed_43/predictions/1v1t_sample_3.cif B A -> /home/junjiechen/1_work/250401-Dpepalign/Benchmark/dataset/PepSet_dimer/1v1t.pdb L B
Total DockQ over 1 native interfaces: 0.960 with BA:LB model:native mapping
DockQ 0.960 iRMSD 0.290 LRMSD 0.538 fnat 0.920 fnonnat 0.042 F1 0.939 clashes 0 mapping BA:LB /home/junjiechen/1_work/250401-Dpepalign/Benchmark/protenix/PepSet/pred/1v1t/seed_43/predictions/1v1t_sample_4.cif B A -> /home/junjiechen/1_work/250401-Dpepalign/Benchmark/dataset/PepSet_dimer/1v1t.pdb L B
Total DockQ over 1 native interfaces: 0.985 with BA:LB model:native mapping
DockQ 0.985 iRMSD 0.304 LRMSD 0.678 fnat 1.000 fnonnat 0.038 F1 0.980 clashes 0 mapping BA:LB /home/junjiechen/1_work/250401-Dpepalign/Benchmark/protenix/PepSet/pred/1v1t/seed_44/predictions/1v1t_sample_1.cif B A -> /home/junjiechen/1_work/250401-Dpepalign/Benchmark/dataset/PepSet_dimer/1v1t.pdb L B
Total DockQ over 1 native interfaces: 0.976 with BA:LB model:native mapping
DockQ 0.976 iRMSD 0.249 LRMSD 0.582 fnat 0.960 fnonnat 0.040 F1 0.960 clashes 0 mapping BA:LB /home/junjiechen/1_work/250401-Dpepalign/Benchmark/protenix/PepSet/pred/1v1t/seed_44/predictions/1v1t_sample_3.cif B A -> /home/junjiechen/1_work/250401-Dpepalign/Benchmark/dataset/PepSet_dimer/1v1t.pdb L B
Total DockQ over 1 native interfaces: 0.962 with BA:LB model:native mapping
DockQ 0.962 iRMSD 0.265 LRMSD 0.470 fnat 0.920 fnonnat 0.042 F1 0.939 clashes 0 mapping BA:LB /home/junjiechen/1_work/250401-Dpepalign/Benchmark/protenix/PepSet/pred/1v1t/seed_44/predictions/1v1t_sample_0.cif B A -> /home/junjiechen/1_work/250401-Dpepalign/Benchmark/dataset/PepSet_dimer/1v1t.pdb L B
Total DockQ over 1 native interfaces: 0.975 with BA:LB model:native mapping
DockQ 0.975 iRMSD 0.277 LRMSD 0.396 fnat 0.960 fnonnat 0.040 F1 0.960 clashes 0 mapping BA:LB /home/junjiechen/1_work/250401-Dpepalign/Benchmark/protenix/PepSet/pred/1v1t/seed_44/predictions/1v1t_sample_2.cif B A -> /home/junjiechen/1_work/250401-Dpepalign/Benchmark/dataset/PepSet_dimer/1v1t.pdb L B
Total DockQ over 1 native interfaces: 0.970 with BA:LB model:native mapping
DockQ 0.970 iRMSD 0.282 LRMSD 1.063 fnat 0.960 fnonnat 0.040 F1 0.960 clashes 0 mapping BA:LB /home/junjiechen/1_work/250401-Dpepalign/Benchmark/protenix/PepSet/pred/1v1t/seed_44/predictions/1v1t_sample_4.cif B A -> /home/junjiechen/1_work/250401-Dpepalign/Benchmark/dataset/PepSet_dimer/1v1t.pdb L B
Total DockQ over 1 native interfaces: 0.926 with BA:LA model:native mapping
DockQ 0.926 iRMSD 0.623 LRMSD 1.679 fnat 0.962 fnonnat 0.107 F1 0.926 clashes 0 mapping BA:LA /home/junjiechen/1_work/250401-Dpepalign/Benchmark/protenix/PepSet/pred/1w80/seed_42/predictions/1w80_sample_0.cif B A -> /home/junjiechen/1_work/250401-Dpepalign/Benchmark/dataset/PepSet_dimer/1w80.pdb L A
Total DockQ over 1 native interfaces: 0.917 with BA:LA model:native mapping
DockQ 0.917 iRMSD 0.669 LRMSD 1.812 fnat 0.962 fnonnat 0.107 F1 0.926 clashes 0 mapping BA:LA /home/junjiechen/1_work/250401-Dpepalign/Benchmark/protenix/PepSet/pred/1w80/seed_42/predictions/1w80_sample_1.cif B A -> /home/junjiechen/1_work/250401-Dpepalign/Benchmark/dataset/PepSet_dimer/1w80.pdb L A
Total DockQ over 1 native interfaces: 0.914 with BA:LA model:native mapping
DockQ 0.914 iRMSD 0.703 LRMSD 1.709 fnat 0.962 fnonnat 0.107 F1 0.926 clashes 0 mapping BA:LA /home/junjiechen/1_work/250401-Dpepalign/Benchmark/protenix/PepSet/pred/1w80/seed_42/predictions/1w80_sample_2.cif B A -> /home/junjiechen/1_work/250401-Dpepalign/Benchmark/dataset/PepSet_dimer/1w80.pdb L A
Total DockQ over 1 native interfaces: 0.930 with BA:LA model:native mapping
DockQ 0.930 iRMSD 0.682 LRMSD 1.696 fnat 1.000 fnonnat 0.133 F1 0.929 clashes 0 mapping BA:LA /home/junjiechen/1_work/250401-Dpepalign/Benchmark/protenix/PepSet/pred/1w80/seed_42/predictions/1w80_sample_4.cif B A -> /home/junjiechen/1_work/250401-Dpepalign/Benchmark/dataset/PepSet_dimer/1w80.pdb L A
Total DockQ over 1 native interfaces: 0.975 with BA:LA model:native mapping
DockQ 0.975 iRMSD 0.394 LRMSD 0.923 fnat 1.000 fnonnat 0.037 F1 0.981 clashes 0 mapping BA:LA /home/junjiechen/1_work/250401-Dpepalign/Benchmark/protenix/PepSet/pred/1w80/seed_43/predictions/1w80_sample_0.cif B A -> /home/junjiechen/1_work/250401-Dpepalign/Benchmark/dataset/PepSet_dimer/1w80.pdb L A
Total DockQ over 1 native interfaces: 0.937 with BA:LA model:native mapping
DockQ 0.937 iRMSD 0.568 LRMSD 1.391 fnat 0.962 fnonnat 0.074 F1 0.943 clashes 0 mapping BA:LA /home/junjiechen/1_work/250401-Dpepalign/Benchmark/protenix/PepSet/pred/1w80/seed_43/predictions/1w80_sample_4.cif B A -> /home/junjiechen/1_work/250401-Dpepalign/Benchmark/dataset/PepSet_dimer/1w80.pdb L A
Total DockQ over 1 native interfaces: 0.922 with BA:LA model:native mapping
DockQ 0.922 iRMSD 0.647 LRMSD 1.685 fnat 0.962 fnonnat 0.107 F1 0.926 clashes 0 mapping BA:LA /home/junjiechen/1_work/250401-Dpepalign/Benchmark/protenix/PepSet/pred/1w80/seed_43/predictions/1w80_sample_3.cif B A -> /home/junjiechen/1_work/250401-Dpepalign/Benchmark/dataset/PepSet_dimer/1w80.pdb L A
Total DockQ over 1 native interfaces: 0.926 with BA:LA model:native mapping
DockQ 0.926 iRMSD 0.625 LRMSD 1.606 fnat 0.962 fnonnat 0.107 F1 0.926 clashes 0 mapping BA:LA /home/junjiechen/1_work/250401-Dpepalign/Benchmark/protenix/PepSet/pred/1w80/seed_42/predictions/1w80_sample_3.cif B A -> /home/junjiechen/1_work/250401-Dpepalign/Benchmark/dataset/PepSet_dimer/1w80.pdb L A
Total DockQ over 1 native interfaces: 0.932 with BA:LA model:native mapping
DockQ 0.932 iRMSD 0.583 LRMSD 1.570 fnat 0.962 fnonnat 0.107 F1 0.926 clashes 0 mapping BA:LA /home/junjiechen/1_work/250401-Dpepalign/Benchmark/protenix/PepSet/pred/1w80/seed_43/predictions/1w80_sample_1.cif B A -> /home/junjiechen/1_work/250401-Dpepalign/Benchmark/dataset/PepSet_dimer/1w80.pdb L A
Total DockQ over 1 native interfaces: 0.913 with BA:LA model:native mapping
DockQ 0.913 iRMSD 0.708 LRMSD 1.765 fnat 0.962 fnonnat 0.138 F1 0.909 clashes 0 mapping BA:LA /home/junjiechen/1_work/250401-Dpepalign/Benchmark/protenix/PepSet/pred/1w80/seed_43/predictions/1w80_sample_2.cif B A -> /home/junjiechen/1_work/250401-Dpepalign/Benchmark/dataset/PepSet_dimer/1w80.pdb L A
Total DockQ over 1 native interfaces: 0.921 with BA:LA model:native mapping
DockQ 0.921 iRMSD 0.657 LRMSD 1.679 fnat 0.962 fnonnat 0.107 F1 0.926 clashes 0 mapping BA:LA /home/junjiechen/1_work/250401-Dpepalign/Benchmark/protenix/PepSet/pred/1w80/seed_44/predictions/1w80_sample_0.cif B A -> /home/junjiechen/1_work/250401-Dpepalign/Benchmark/dataset/PepSet_dimer/1w80.pdb L A
Total DockQ over 1 native interfaces: 0.951 with BA:LA model:native mapping
DockQ 0.951 iRMSD 0.463 LRMSD 1.221 fnat 0.962 fnonnat 0.074 F1 0.943 clashes 0 mapping BA:LA /home/junjiechen/1_work/250401-Dpepalign/Benchmark/protenix/PepSet/pred/1w80/seed_44/predictions/1w80_sample_1.cif B A -> /home/junjiechen/1_work/250401-Dpepalign/Benchmark/dataset/PepSet_dimer/1w80.pdb L A
Total DockQ over 1 native interfaces: 0.927 with BA:LA model:native mapping
DockQ 0.927 iRMSD 0.622 LRMSD 1.568 fnat 0.962 fnonnat 0.138 F1 0.909 clashes 0 mapping BA:LA /home/junjiechen/1_work/250401-Dpepalign/Benchmark/protenix/PepSet/pred/1w80/seed_44/predictions/1w80_sample_2.cif B A -> /home/junjiechen/1_work/250401-Dpepalign/Benchmark/dataset/PepSet_dimer/1w80.pdb L A
Total DockQ over 1 native interfaces: 0.602 with BA:LA model:native mapping
DockQ 0.602 iRMSD 2.006 LRMSD 4.402 fnat 0.660 fnonnat 0.375 F1 0.642 clashes 0 mapping BA:LA /home/junjiechen/1_work/250401-Dpepalign/Benchmark/protenix/PepSet/pred/1yfn/seed_42/predictions/1yfn_sample_0.cif B A -> /home/junjiechen/1_work/250401-Dpepalign/Benchmark/dataset/PepSet_dimer/1yfn.pdb L A
Total DockQ over 1 native interfaces: 0.579 with BA:LA model:native mapping
DockQ 0.579 iRMSD 2.176 LRMSD 5.093 fnat 0.679 fnonnat 0.446 F1 0.610 clashes 1 mapping BA:LA /home/junjiechen/1_work/250401-Dpepalign/Benchmark/protenix/PepSet/pred/1yfn/seed_42/predictions/1yfn_sample_1.cif B A -> /home/junjiechen/1_work/250401-Dpepalign/Benchmark/dataset/PepSet_dimer/1yfn.pdb L A
Total DockQ over 1 native interfaces: 0.585 with BA:LA model:native mapping
DockQ 0.585 iRMSD 2.061 LRMSD 4.676 fnat 0.642 fnonnat 0.393 F1 0.624 clashes 0 mapping BA:LA /home/junjiechen/1_work/250401-Dpepalign/Benchmark/protenix/PepSet/pred/1yfn/seed_42/predictions/1yfn_sample_2.cif B A -> /home/junjiechen/1_work/250401-Dpepalign/Benchmark/dataset/PepSet_dimer/1yfn.pdb L A
Total DockQ over 1 native interfaces: 0.963 with BA:LA model:native mapping
DockQ 0.963 iRMSD 0.365 LRMSD 1.067 fnat 0.962 fnonnat 0.000 F1 0.980 clashes 0 mapping BA:LA /home/junjiechen/1_work/250401-Dpepalign/Benchmark/protenix/PepSet/pred/1w80/seed_44/predictions/1w80_sample_3.cif B A -> /home/junjiechen/1_work/250401-Dpepalign/Benchmark/dataset/PepSet_dimer/1w80.pdb L A
Total DockQ over 1 native interfaces: 0.530 with BA:LA model:native mapping
DockQ 0.530 iRMSD 2.370 LRMSD 5.327 fnat 0.585 fnonnat 0.436 F1 0.574 clashes 0 mapping BA:LA /home/junjiechen/1_work/250401-Dpepalign/Benchmark/protenix/PepSet/pred/1yfn/seed_42/predictions/1yfn_sample_3.cif B A -> /home/junjiechen/1_work/250401-Dpepalign/Benchmark/dataset/PepSet_dimer/1yfn.pdb L A
Total DockQ over 1 native interfaces: 0.930 with BA:LA model:native mapping
DockQ 0.930 iRMSD 0.605 LRMSD 1.566 fnat 0.962 fnonnat 0.107 F1 0.926 clashes 0 mapping BA:LA /home/junjiechen/1_work/250401-Dpepalign/Benchmark/protenix/PepSet/pred/1w80/seed_44/predictions/1w80_sample_4.cif B A -> /home/junjiechen/1_work/250401-Dpepalign/Benchmark/dataset/PepSet_dimer/1w80.pdb L A
Total DockQ over 1 native interfaces: 0.600 with BA:LA model:native mapping
DockQ 0.600 iRMSD 1.984 LRMSD 4.319 fnat 0.642 fnonnat 0.370 F1 0.636 clashes 0 mapping BA:LA /home/junjiechen/1_work/250401-Dpepalign/Benchmark/protenix/PepSet/pred/1yfn/seed_42/predictions/1yfn_sample_4.cif B A -> /home/junjiechen/1_work/250401-Dpepalign/Benchmark/dataset/PepSet_dimer/1yfn.pdb L A
Total DockQ over 1 native interfaces: 0.541 with BA:LA model:native mapping
DockQ 0.541 iRMSD 2.402 LRMSD 5.307 fnat 0.623 fnonnat 0.389 F1 0.617 clashes 0 mapping BA:LA /home/junjiechen/1_work/250401-Dpepalign/Benchmark/protenix/PepSet/pred/1yfn/seed_43/predictions/1yfn_sample_0.cif B A -> /home/junjiechen/1_work/250401-Dpepalign/Benchmark/dataset/PepSet_dimer/1yfn.pdb L A
Total DockQ over 1 native interfaces: 0.575 with BA:LA model:native mapping
DockQ 0.575 iRMSD 2.159 LRMSD 4.804 fnat 0.642 fnonnat 0.358 F1 0.642 clashes 0 mapping BA:LA /home/junjiechen/1_work/250401-Dpepalign/Benchmark/protenix/PepSet/pred/1yfn/seed_43/predictions/1yfn_sample_1.cif B A -> /home/junjiechen/1_work/250401-Dpepalign/Benchmark/dataset/PepSet_dimer/1yfn.pdb L A
Total DockQ over 1 native interfaces: 0.549 with BA:LA model:native mapping
DockQ 0.549 iRMSD 2.311 LRMSD 5.439 fnat 0.642 fnonnat 0.393 F1 0.624 clashes 0 mapping BA:LA /home/junjiechen/1_work/250401-Dpepalign/Benchmark/protenix/PepSet/pred/1yfn/seed_43/predictions/1yfn_sample_2.cif B A -> /home/junjiechen/1_work/250401-Dpepalign/Benchmark/dataset/PepSet_dimer/1yfn.pdb L A
Total DockQ over 1 native interfaces: 0.600 with BA:LA model:native mapping
DockQ 0.600 iRMSD 1.958 LRMSD 4.412 fnat 0.642 fnonnat 0.404 F1 0.618 clashes 0 mapping BA:LA /home/junjiechen/1_work/250401-Dpepalign/Benchmark/protenix/PepSet/pred/1yfn/seed_44/predictions/1yfn_sample_2.cif B A -> /home/junjiechen/1_work/250401-Dpepalign/Benchmark/dataset/PepSet_dimer/1yfn.pdb L A
Total DockQ over 1 native interfaces: 0.541 with BA:LA model:native mapping
DockQ 0.541 iRMSD 2.375 LRMSD 5.379 fnat 0.623 fnonnat 0.377 F1 0.623 clashes 0 mapping BA:LA /home/junjiechen/1_work/250401-Dpepalign/Benchmark/protenix/PepSet/pred/1yfn/seed_44/predictions/1yfn_sample_1.cif B A -> /home/junjiechen/1_work/250401-Dpepalign/Benchmark/dataset/PepSet_dimer/1yfn.pdb L A
Total DockQ over 1 native interfaces: 0.592 with BA:LA model:native mapping
DockQ 0.592 iRMSD 2.126 LRMSD 4.720 fnat 0.679 fnonnat 0.368 F1 0.655 clashes 0 mapping BA:LA /home/junjiechen/1_work/250401-Dpepalign/Benchmark/protenix/PepSet/pred/1yfn/seed_44/predictions/1yfn_sample_0.cif B A -> /home/junjiechen/1_work/250401-Dpepalign/Benchmark/dataset/PepSet_dimer/1yfn.pdb L A
Total DockQ over 1 native interfaces: 0.563 with BA:LA model:native mapping
DockQ 0.563 iRMSD 2.243 LRMSD 5.063 fnat 0.642 fnonnat 0.404 F1 0.618 clashes 1 mapping BA:LA /home/junjiechen/1_work/250401-Dpepalign/Benchmark/protenix/PepSet/pred/1yfn/seed_44/predictions/1yfn_sample_3.cif B A -> /home/junjiechen/1_work/250401-Dpepalign/Benchmark/dataset/PepSet_dimer/1yfn.pdb L A
Total DockQ over 1 native interfaces: 0.571 with BA:LA model:native mapping
DockQ 0.571 iRMSD 2.192 LRMSD 5.101 fnat 0.660 fnonnat 0.375 F1 0.642 clashes 0 mapping BA:LA /home/junjiechen/1_work/250401-Dpepalign/Benchmark/protenix/PepSet/pred/1yfn/seed_43/predictions/1yfn_sample_3.cif B A -> /home/junjiechen/1_work/250401-Dpepalign/Benchmark/dataset/PepSet_dimer/1yfn.pdb L A
Total DockQ over 1 native interfaces: 0.561 with BA:LA model:native mapping
DockQ 0.561 iRMSD 2.214 LRMSD 5.227 fnat 0.642 fnonnat 0.370 F1 0.636 clashes 0 mapping BA:LA /home/junjiechen/1_work/250401-Dpepalign/Benchmark/protenix/PepSet/pred/1yfn/seed_43/predictions/1yfn_sample_4.cif B A -> /home/junjiechen/1_work/250401-Dpepalign/Benchmark/dataset/PepSet_dimer/1yfn.pdb L A
Total DockQ over 1 native interfaces: 0.588 with BA:LA model:native mapping
DockQ 0.588 iRMSD 2.126 LRMSD 4.644 fnat 0.660 fnonnat 0.417 F1 0.619 clashes 0 mapping BA:LA /home/junjiechen/1_work/250401-Dpepalign/Benchmark/protenix/PepSet/pred/1yfn/seed_44/predictions/1yfn_sample_4.cif B A -> /home/junjiechen/1_work/250401-Dpepalign/Benchmark/dataset/PepSet_dimer/1yfn.pdb L A
Total DockQ over 1 native interfaces: 0.821 with BA:LA model:native mapping
DockQ 0.821 iRMSD 1.101 LRMSD 1.449 fnat 0.842 fnonnat 0.158 F1 0.842 clashes 0 mapping BA:LA /home/junjiechen/1_work/250401-Dpepalign/Benchmark/protenix/PepSet/pred/1ywi/seed_42/predictions/1ywi_sample_0.cif B A -> /home/junjiechen/1_work/250401-Dpepalign/Benchmark/dataset/PepSet_dimer/1ywi.pdb L A
Total DockQ over 1 native interfaces: 0.851 with BA:LA model:native mapping
DockQ 0.851 iRMSD 1.035 LRMSD 1.183 fnat 0.895 fnonnat 0.190 F1 0.850 clashes 0 mapping BA:LA /home/junjiechen/1_work/250401-Dpepalign/Benchmark/protenix/PepSet/pred/1ywi/seed_42/predictions/1ywi_sample_1.cif B A -> /home/junjiechen/1_work/250401-Dpepalign/Benchmark/dataset/PepSet_dimer/1ywi.pdb L A
Total DockQ over 1 native interfaces: 0.837 with BA:LA model:native mapping
DockQ 0.837 iRMSD 1.017 LRMSD 1.127 fnat 0.842 fnonnat 0.158 F1 0.842 clashes 0 mapping BA:LA /home/junjiechen/1_work/250401-Dpepalign/Benchmark/protenix/PepSet/pred/1ywi/seed_42/predictions/1ywi_sample_2.cif B A -> /home/junjiechen/1_work/250401-Dpepalign/Benchmark/dataset/PepSet_dimer/1ywi.pdb L A
Total DockQ over 1 native interfaces: 0.833 with BA:LA model:native mapping
DockQ 0.833 iRMSD 1.041 LRMSD 1.142 fnat 0.842 fnonnat 0.158 F1 0.842 clashes 0 mapping BA:LA /home/junjiechen/1_work/250401-Dpepalign/Benchmark/protenix/PepSet/pred/1ywi/seed_42/predictions/1ywi_sample_3.cif B A -> /home/junjiechen/1_work/250401-Dpepalign/Benchmark/dataset/PepSet_dimer/1ywi.pdb L A
Total DockQ over 1 native interfaces: 0.844 with BA:LA model:native mapping
DockQ 0.844 iRMSD 1.076 LRMSD 1.324 fnat 0.895 fnonnat 0.190 F1 0.850 clashes 0 mapping BA:LA /home/junjiechen/1_work/250401-Dpepalign/Benchmark/protenix/PepSet/pred/1ywi/seed_43/predictions/1ywi_sample_0.cif B A -> /home/junjiechen/1_work/250401-Dpepalign/Benchmark/dataset/PepSet_dimer/1ywi.pdb L A
Total DockQ over 1 native interfaces: 0.830 with BA:LA model:native mapping
DockQ 0.830 iRMSD 1.059 LRMSD 1.225 fnat 0.842 fnonnat 0.158 F1 0.842 clashes 0 mapping BA:LA /home/junjiechen/1_work/250401-Dpepalign/Benchmark/protenix/PepSet/pred/1ywi/seed_42/predictions/1ywi_sample_4.cif B A -> /home/junjiechen/1_work/250401-Dpepalign/Benchmark/dataset/PepSet_dimer/1ywi.pdb L A
Total DockQ over 1 native interfaces: 0.860 with BA:LA model:native mapping
DockQ 0.860 iRMSD 0.983 LRMSD 1.038 fnat 0.895 fnonnat 0.190 F1 0.850 clashes 0 mapping BA:LA /home/junjiechen/1_work/250401-Dpepalign/Benchmark/protenix/PepSet/pred/1ywi/seed_43/predictions/1ywi_sample_3.cif B A -> /home/junjiechen/1_work/250401-Dpepalign/Benchmark/dataset/PepSet_dimer/1ywi.pdb L A
Total DockQ over 1 native interfaces: 0.853 with BA:LA model:native mapping
DockQ 0.853 iRMSD 1.024 LRMSD 1.160 fnat 0.895 fnonnat 0.150 F1 0.872 clashes 0 mapping BA:LA /home/junjiechen/1_work/250401-Dpepalign/Benchmark/protenix/PepSet/pred/1ywi/seed_43/predictions/1ywi_sample_2.cif B A -> /home/junjiechen/1_work/250401-Dpepalign/Benchmark/dataset/PepSet_dimer/1ywi.pdb L A
Total DockQ over 1 native interfaces: 0.813 with BA:LA model:native mapping
DockQ 0.813 iRMSD 1.158 LRMSD 1.475 fnat 0.842 fnonnat 0.200 F1 0.821 clashes 0 mapping BA:LA /home/junjiechen/1_work/250401-Dpepalign/Benchmark/protenix/PepSet/pred/1ywi/seed_44/predictions/1ywi_sample_0.cif B A -> /home/junjiechen/1_work/250401-Dpepalign/Benchmark/dataset/PepSet_dimer/1ywi.pdb L A
Total DockQ over 1 native interfaces: 0.832 with BA:LA model:native mapping
DockQ 0.832 iRMSD 1.043 LRMSD 1.248 fnat 0.842 fnonnat 0.158 F1 0.842 clashes 0 mapping BA:LA /home/junjiechen/1_work/250401-Dpepalign/Benchmark/protenix/PepSet/pred/1ywi/seed_43/predictions/1ywi_sample_1.cif B A -> /home/junjiechen/1_work/250401-Dpepalign/Benchmark/dataset/PepSet_dimer/1ywi.pdb L A
Total DockQ over 1 native interfaces: 0.855 with BA:LA model:native mapping
DockQ 0.855 iRMSD 1.011 LRMSD 1.130 fnat 0.895 fnonnat 0.150 F1 0.872 clashes 0 mapping BA:LA /home/junjiechen/1_work/250401-Dpepalign/Benchmark/protenix/PepSet/pred/1ywi/seed_43/predictions/1ywi_sample_4.cif B A -> /home/junjiechen/1_work/250401-Dpepalign/Benchmark/dataset/PepSet_dimer/1ywi.pdb L A
Total DockQ over 1 native interfaces: 0.824 with BA:LA model:native mapping
DockQ 0.824 iRMSD 1.088 LRMSD 1.400 fnat 0.842 fnonnat 0.158 F1 0.842 clashes 0 mapping BA:LA /home/junjiechen/1_work/250401-Dpepalign/Benchmark/protenix/PepSet/pred/1ywi/seed_44/predictions/1ywi_sample_1.cif B A -> /home/junjiechen/1_work/250401-Dpepalign/Benchmark/dataset/PepSet_dimer/1ywi.pdb L A
Total DockQ over 1 native interfaces: 0.954 with BA:LA model:native mapping
DockQ 0.954 iRMSD 0.553 LRMSD 1.147 fnat 1.000 fnonnat 0.038 F1 0.980 clashes 0 mapping BA:LA /home/junjiechen/1_work/250401-Dpepalign/Benchmark/protenix/PepSet/pred/1ywo/seed_42/predictions/1ywo_sample_2.cif B A -> /home/junjiechen/1_work/250401-Dpepalign/Benchmark/dataset/PepSet_dimer/1ywo.pdb L A
Total DockQ over 1 native interfaces: 0.827 with BA:LA model:native mapping
DockQ 0.827 iRMSD 1.073 LRMSD 1.321 fnat 0.842 fnonnat 0.200 F1 0.821 clashes 0 mapping BA:LA /home/junjiechen/1_work/250401-Dpepalign/Benchmark/protenix/PepSet/pred/1ywi/seed_44/predictions/1ywi_sample_2.cif B A -> /home/junjiechen/1_work/250401-Dpepalign/Benchmark/dataset/PepSet_dimer/1ywi.pdb L A
Total DockQ over 1 native interfaces: 0.834 with BA:LA model:native mapping
DockQ 0.834 iRMSD 1.023 LRMSD 1.248 fnat 0.842 fnonnat 0.158 F1 0.842 clashes 0 mapping BA:LA /home/junjiechen/1_work/250401-Dpepalign/Benchmark/protenix/PepSet/pred/1ywi/seed_44/predictions/1ywi_sample_4.cif B A -> /home/junjiechen/1_work/250401-Dpepalign/Benchmark/dataset/PepSet_dimer/1ywi.pdb L A
Total DockQ over 1 native interfaces: 0.826 with BA:LA model:native mapping
DockQ 0.826 iRMSD 1.073 LRMSD 1.399 fnat 0.842 fnonnat 0.158 F1 0.842 clashes 0 mapping BA:LA /home/junjiechen/1_work/250401-Dpepalign/Benchmark/protenix/PepSet/pred/1ywi/seed_44/predictions/1ywi_sample_3.cif B A -> /home/junjiechen/1_work/250401-Dpepalign/Benchmark/dataset/PepSet_dimer/1ywi.pdb L A
Total DockQ over 1 native interfaces: 0.972 with BA:LA model:native mapping
DockQ 0.972 iRMSD 0.423 LRMSD 0.842 fnat 1.000 fnonnat 0.074 F1 0.962 clashes 0 mapping BA:LA /home/junjiechen/1_work/250401-Dpepalign/Benchmark/protenix/PepSet/pred/1ywo/seed_42/predictions/1ywo_sample_3.cif B A -> /home/junjiechen/1_work/250401-Dpepalign/Benchmark/dataset/PepSet_dimer/1ywo.pdb L A
Total DockQ over 1 native interfaces: 0.974 with BA:LA model:native mapping
DockQ 0.974 iRMSD 0.405 LRMSD 0.801 fnat 1.000 fnonnat 0.074 F1 0.962 clashes 0 mapping BA:LA /home/junjiechen/1_work/250401-Dpepalign/Benchmark/protenix/PepSet/pred/1ywo/seed_42/predictions/1ywo_sample_0.cif B A -> /home/junjiechen/1_work/250401-Dpepalign/Benchmark/dataset/PepSet_dimer/1ywo.pdb L A
Total DockQ over 1 native interfaces: 0.970 with BA:LA model:native mapping
DockQ 0.970 iRMSD 0.443 LRMSD 0.888 fnat 1.000 fnonnat 0.038 F1 0.980 clashes 0 mapping BA:LA /home/junjiechen/1_work/250401-Dpepalign/Benchmark/protenix/PepSet/pred/1ywo/seed_42/predictions/1ywo_sample_4.cif B A -> /home/junjiechen/1_work/250401-Dpepalign/Benchmark/dataset/PepSet_dimer/1ywo.pdb L A
Total DockQ over 1 native interfaces: 0.962 with BA:LA model:native mapping
DockQ 0.962 iRMSD 0.502 LRMSD 1.019 fnat 1.000 fnonnat 0.074 F1 0.962 clashes 0 mapping BA:LA /home/junjiechen/1_work/250401-Dpepalign/Benchmark/protenix/PepSet/pred/1ywo/seed_42/predictions/1ywo_sample_1.cif B A -> /home/junjiechen/1_work/250401-Dpepalign/Benchmark/dataset/PepSet_dimer/1ywo.pdb L A
Total DockQ over 1 native interfaces: 0.958 with BA:LA model:native mapping
DockQ 0.958 iRMSD 0.528 LRMSD 1.106 fnat 1.000 fnonnat 0.074 F1 0.962 clashes 0 mapping BA:LA /home/junjiechen/1_work/250401-Dpepalign/Benchmark/protenix/PepSet/pred/1ywo/seed_43/predictions/1ywo_sample_0.cif B A -> /home/junjiechen/1_work/250401-Dpepalign/Benchmark/dataset/PepSet_dimer/1ywo.pdb L A
Total DockQ over 1 native interfaces: 0.963 with BA:LA model:native mapping
DockQ 0.963 iRMSD 0.493 LRMSD 0.992 fnat 1.000 fnonnat 0.107 F1 0.943 clashes 0 mapping BA:LA /home/junjiechen/1_work/250401-Dpepalign/Benchmark/protenix/PepSet/pred/1ywo/seed_43/predictions/1ywo_sample_1.cif B A -> /home/junjiechen/1_work/250401-Dpepalign/Benchmark/dataset/PepSet_dimer/1ywo.pdb L A
Total DockQ over 1 native interfaces: 0.980 with BA:LA model:native mapping
DockQ 0.980 iRMSD 0.358 LRMSD 0.741 fnat 1.000 fnonnat 0.038 F1 0.980 clashes 0 mapping BA:LA /home/junjiechen/1_work/250401-Dpepalign/Benchmark/protenix/PepSet/pred/1ywo/seed_43/predictions/1ywo_sample_2.cif B A -> /home/junjiechen/1_work/250401-Dpepalign/Benchmark/dataset/PepSet_dimer/1ywo.pdb L A
Total DockQ over 1 native interfaces: 0.966 with BA:LA model:native mapping
DockQ 0.966 iRMSD 0.471 LRMSD 0.987 fnat 1.000 fnonnat 0.074 F1 0.962 clashes 0 mapping BA:LA /home/junjiechen/1_work/250401-Dpepalign/Benchmark/protenix/PepSet/pred/1ywo/seed_43/predictions/1ywo_sample_4.cif B A -> /home/junjiechen/1_work/250401-Dpepalign/Benchmark/dataset/PepSet_dimer/1ywo.pdb L A
Total DockQ over 1 native interfaces: 0.956 with BA:LA model:native mapping
DockQ 0.956 iRMSD 0.445 LRMSD 0.917 fnat 0.960 fnonnat 0.077 F1 0.941 clashes 0 mapping BA:LA /home/junjiechen/1_work/250401-Dpepalign/Benchmark/protenix/PepSet/pred/1ywo/seed_44/predictions/1ywo_sample_0.cif B A -> /home/junjiechen/1_work/250401-Dpepalign/Benchmark/dataset/PepSet_dimer/1ywo.pdb L A
Total DockQ over 1 native interfaces: 0.956 with BA:LA model:native mapping
DockQ 0.956 iRMSD 0.539 LRMSD 1.122 fnat 1.000 fnonnat 0.038 F1 0.980 clashes 0 mapping BA:LA /home/junjiechen/1_work/250401-Dpepalign/Benchmark/protenix/PepSet/pred/1ywo/seed_43/predictions/1ywo_sample_3.cif B A -> /home/junjiechen/1_work/250401-Dpepalign/Benchmark/dataset/PepSet_dimer/1ywo.pdb L A
Total DockQ over 1 native interfaces: 0.969 with BA:LA model:native mapping
DockQ 0.969 iRMSD 0.447 LRMSD 0.896 fnat 1.000 fnonnat 0.000 F1 1.000 clashes 0 mapping BA:LA /home/junjiechen/1_work/250401-Dpepalign/Benchmark/protenix/PepSet/pred/1ywo/seed_44/predictions/1ywo_sample_3.cif B A -> /home/junjiechen/1_work/250401-Dpepalign/Benchmark/dataset/PepSet_dimer/1ywo.pdb L A
Total DockQ over 1 native interfaces: 0.966 with BA:LA model:native mapping
DockQ 0.966 iRMSD 0.468 LRMSD 0.978 fnat 1.000 fnonnat 0.107 F1 0.943 clashes 0 mapping BA:LA /home/junjiechen/1_work/250401-Dpepalign/Benchmark/protenix/PepSet/pred/1ywo/seed_44/predictions/1ywo_sample_2.cif B A -> /home/junjiechen/1_work/250401-Dpepalign/Benchmark/dataset/PepSet_dimer/1ywo.pdb L A
Total DockQ over 1 native interfaces: 0.964 with BA:LA model:native mapping
DockQ 0.964 iRMSD 0.482 LRMSD 1.016 fnat 1.000 fnonnat 0.000 F1 1.000 clashes 0 mapping BA:LA /home/junjiechen/1_work/250401-Dpepalign/Benchmark/protenix/PepSet/pred/1ywo/seed_44/predictions/1ywo_sample_1.cif B A -> /home/junjiechen/1_work/250401-Dpepalign/Benchmark/dataset/PepSet_dimer/1ywo.pdb L A
Total DockQ over 1 native interfaces: 0.944 with BA:LA model:native mapping
DockQ 0.944 iRMSD 0.425 LRMSD 0.584 fnat 0.912 fnonnat 0.000 F1 0.954 clashes 0 mapping BA:LA /home/junjiechen/1_work/250401-Dpepalign/Benchmark/protenix/PepSet/pred/1yy6/seed_42/predictions/1yy6_sample_2.cif B A -> /home/junjiechen/1_work/250401-Dpepalign/Benchmark/dataset/PepSet_dimer/1yy6.pdb L A
Total DockQ over 1 native interfaces: 0.948 with BA:LA model:native mapping
DockQ 0.948 iRMSD 0.389 LRMSD 0.583 fnat 0.912 fnonnat 0.031 F1 0.939 clashes 0 mapping BA:LA /home/junjiechen/1_work/250401-Dpepalign/Benchmark/protenix/PepSet/pred/1yy6/seed_42/predictions/1yy6_sample_0.cif B A -> /home/junjiechen/1_work/250401-Dpepalign/Benchmark/dataset/PepSet_dimer/1yy6.pdb L A
Total DockQ over 1 native interfaces: 0.975 with BA:LA model:native mapping
DockQ 0.975 iRMSD 0.397 LRMSD 0.814 fnat 1.000 fnonnat 0.074 F1 0.962 clashes 0 mapping BA:LA /home/junjiechen/1_work/250401-Dpepalign/Benchmark/protenix/PepSet/pred/1ywo/seed_44/predictions/1ywo_sample_4.cif B A -> /home/junjiechen/1_work/250401-Dpepalign/Benchmark/dataset/PepSet_dimer/1ywo.pdb L A
Total DockQ over 1 native interfaces: 0.944 with BA:LA model:native mapping
DockQ 0.944 iRMSD 0.430 LRMSD 0.612 fnat 0.912 fnonnat 0.000 F1 0.954 clashes 0 mapping BA:LA /home/junjiechen/1_work/250401-Dpepalign/Benchmark/protenix/PepSet/pred/1yy6/seed_42/predictions/1yy6_sample_1.cif B A -> /home/junjiechen/1_work/250401-Dpepalign/Benchmark/dataset/PepSet_dimer/1yy6.pdb L A
Total DockQ over 1 native interfaces: 0.939 with BA:LA model:native mapping
DockQ 0.939 iRMSD 0.461 LRMSD 0.748 fnat 0.912 fnonnat 0.000 F1 0.954 clashes 0 mapping BA:LA /home/junjiechen/1_work/250401-Dpepalign/Benchmark/protenix/PepSet/pred/1yy6/seed_42/predictions/1yy6_sample_3.cif B A -> /home/junjiechen/1_work/250401-Dpepalign/Benchmark/dataset/PepSet_dimer/1yy6.pdb L A
Total DockQ over 1 native interfaces: 0.943 with BA:LA model:native mapping
DockQ 0.943 iRMSD 0.429 LRMSD 0.644 fnat 0.912 fnonnat 0.000 F1 0.954 clashes 0 mapping BA:LA /home/junjiechen/1_work/250401-Dpepalign/Benchmark/protenix/PepSet/pred/1yy6/seed_42/predictions/1yy6_sample_4.cif B A -> /home/junjiechen/1_work/250401-Dpepalign/Benchmark/dataset/PepSet_dimer/1yy6.pdb L A
Total DockQ over 1 native interfaces: 0.955 with BA:LA model:native mapping
DockQ 0.955 iRMSD 0.316 LRMSD 0.510 fnat 0.912 fnonnat 0.000 F1 0.954 clashes 0 mapping BA:LA /home/junjiechen/1_work/250401-Dpepalign/Benchmark/protenix/PepSet/pred/1yy6/seed_43/predictions/1yy6_sample_0.cif B A -> /home/junjiechen/1_work/250401-Dpepalign/Benchmark/dataset/PepSet_dimer/1yy6.pdb L A
Total DockQ over 1 native interfaces: 0.951 with BA:LA model:native mapping
DockQ 0.951 iRMSD 0.355 LRMSD 0.697 fnat 0.912 fnonnat 0.031 F1 0.939 clashes 0 mapping BA:LA /home/junjiechen/1_work/250401-Dpepalign/Benchmark/protenix/PepSet/pred/1yy6/seed_43/predictions/1yy6_sample_1.cif B A -> /home/junjiechen/1_work/250401-Dpepalign/Benchmark/dataset/PepSet_dimer/1yy6.pdb L A
Total DockQ over 1 native interfaces: 0.954 with BA:LA model:native mapping
DockQ 0.954 iRMSD 0.424 LRMSD 0.587 fnat 0.941 fnonnat 0.000 F1 0.970 clashes 0 mapping BA:LA /home/junjiechen/1_work/250401-Dpepalign/Benchmark/protenix/PepSet/pred/1yy6/seed_43/predictions/1yy6_sample_2.cif B A -> /home/junjiechen/1_work/250401-Dpepalign/Benchmark/dataset/PepSet_dimer/1yy6.pdb L A
Total DockQ over 1 native interfaces: 0.941 with BA:LA model:native mapping
DockQ 0.941 iRMSD 0.452 LRMSD 0.561 fnat 0.912 fnonnat 0.000 F1 0.954 clashes 0 mapping BA:LA /home/junjiechen/1_work/250401-Dpepalign/Benchmark/protenix/PepSet/pred/1yy6/seed_44/predictions/1yy6_sample_0.cif B A -> /home/junjiechen/1_work/250401-Dpepalign/Benchmark/dataset/PepSet_dimer/1yy6.pdb L A
Total DockQ over 1 native interfaces: 0.945 with BA:LA model:native mapping
DockQ 0.945 iRMSD 0.410 LRMSD 0.707 fnat 0.912 fnonnat 0.000 F1 0.954 clashes 0 mapping BA:LA /home/junjiechen/1_work/250401-Dpepalign/Benchmark/protenix/PepSet/pred/1yy6/seed_43/predictions/1yy6_sample_3.cif B A -> /home/junjiechen/1_work/250401-Dpepalign/Benchmark/dataset/PepSet_dimer/1yy6.pdb L A
Total DockQ over 1 native interfaces: 0.942 with BA:LA model:native mapping
DockQ 0.942 iRMSD 0.434 LRMSD 0.724 fnat 0.912 fnonnat 0.000 F1 0.954 clashes 0 mapping BA:LA /home/junjiechen/1_work/250401-Dpepalign/Benchmark/protenix/PepSet/pred/1yy6/seed_43/predictions/1yy6_sample_4.cif B A -> /home/junjiechen/1_work/250401-Dpepalign/Benchmark/dataset/PepSet_dimer/1yy6.pdb L A
Total DockQ over 1 native interfaces: 0.955 with BA:LA model:native mapping
DockQ 0.955 iRMSD 0.321 LRMSD 0.537 fnat 0.912 fnonnat 0.000 F1 0.954 clashes 0 mapping BA:LA /home/junjiechen/1_work/250401-Dpepalign/Benchmark/protenix/PepSet/pred/1yy6/seed_44/predictions/1yy6_sample_1.cif B A -> /home/junjiechen/1_work/250401-Dpepalign/Benchmark/dataset/PepSet_dimer/1yy6.pdb L A
Total DockQ over 1 native interfaces: 0.928 with BA:LA model:native mapping
DockQ 0.928 iRMSD 0.561 LRMSD 0.624 fnat 0.912 fnonnat 0.000 F1 0.954 clashes 0 mapping BA:LA /home/junjiechen/1_work/250401-Dpepalign/Benchmark/protenix/PepSet/pred/1yy6/seed_44/predictions/1yy6_sample_2.cif B A -> /home/junjiechen/1_work/250401-Dpepalign/Benchmark/dataset/PepSet_dimer/1yy6.pdb L A
Total DockQ over 1 native interfaces: 0.946 with BA:LA model:native mapping
DockQ 0.946 iRMSD 0.404 LRMSD 0.645 fnat 0.912 fnonnat 0.000 F1 0.954 clashes 0 mapping BA:LA /home/junjiechen/1_work/250401-Dpepalign/Benchmark/protenix/PepSet/pred/1yy6/seed_44/predictions/1yy6_sample_3.cif B A -> /home/junjiechen/1_work/250401-Dpepalign/Benchmark/dataset/PepSet_dimer/1yy6.pdb L A
Total DockQ over 1 native interfaces: 0.943 with BA:LA model:native mapping
DockQ 0.943 iRMSD 0.428 LRMSD 0.743 fnat 0.912 fnonnat 0.000 F1 0.954 clashes 0 mapping BA:LA /home/junjiechen/1_work/250401-Dpepalign/Benchmark/protenix/PepSet/pred/1yy6/seed_44/predictions/1yy6_sample_4.cif B A -> /home/junjiechen/1_work/250401-Dpepalign/Benchmark/dataset/PepSet_dimer/1yy6.pdb L A
Total DockQ over 1 native interfaces: 0.694 with BA:LX model:native mapping
DockQ 0.694 iRMSD 2.253 LRMSD 0.938 fnat 0.786 fnonnat 0.057 F1 0.857 clashes 1 mapping BA:LX /home/junjiechen/1_work/250401-Dpepalign/Benchmark/protenix/PepSet/pred/2aij/seed_42/predictions/2aij_sample_0.cif B A -> /home/junjiechen/1_work/250401-Dpepalign/Benchmark/dataset/PepSet_dimer/2aij.pdb L X
Total DockQ over 1 native interfaces: 0.681 with BA:LX model:native mapping
DockQ 0.681 iRMSD 2.059 LRMSD 1.119 fnat 0.714 fnonnat 0.062 F1 0.811 clashes 1 mapping BA:LX /home/junjiechen/1_work/250401-Dpepalign/Benchmark/protenix/PepSet/pred/2aij/seed_42/predictions/2aij_sample_2.cif B A -> /home/junjiechen/1_work/250401-Dpepalign/Benchmark/dataset/PepSet_dimer/2aij.pdb L X
Total DockQ over 1 native interfaces: 0.711 with BA:LX model:native mapping
DockQ 0.711 iRMSD 2.117 LRMSD 0.902 fnat 0.810 fnonnat 0.056 F1 0.872 clashes 1 mapping BA:LX /home/junjiechen/1_work/250401-Dpepalign/Benchmark/protenix/PepSet/pred/2aij/seed_42/predictions/2aij_sample_1.cif B A -> /home/junjiechen/1_work/250401-Dpepalign/Benchmark/dataset/PepSet_dimer/2aij.pdb L X
Total DockQ over 1 native interfaces: 0.679 with BA:LX model:native mapping
DockQ 0.679 iRMSD 2.471 LRMSD 1.171 fnat 0.786 fnonnat 0.057 F1 0.857 clashes 0 mapping BA:LX /home/junjiechen/1_work/250401-Dpepalign/Benchmark/protenix/PepSet/pred/2aij/seed_43/predictions/2aij_sample_0.cif B A -> /home/junjiechen/1_work/250401-Dpepalign/Benchmark/dataset/PepSet_dimer/2aij.pdb L X
Total DockQ over 1 native interfaces: 0.682 with BA:LX model:native mapping
DockQ 0.682 iRMSD 2.167 LRMSD 1.042 fnat 0.738 fnonnat 0.061 F1 0.827 clashes 0 mapping BA:LX /home/junjiechen/1_work/250401-Dpepalign/Benchmark/protenix/PepSet/pred/2aij/seed_42/predictions/2aij_sample_4.cif B A -> /home/junjiechen/1_work/250401-Dpepalign/Benchmark/dataset/PepSet_dimer/2aij.pdb L X
Total DockQ over 1 native interfaces: 0.705 with BA:LX model:native mapping
DockQ 0.705 iRMSD 2.043 LRMSD 1.249 fnat 0.786 fnonnat 0.083 F1 0.846 clashes 0 mapping BA:LX /home/junjiechen/1_work/250401-Dpepalign/Benchmark/protenix/PepSet/pred/2aij/seed_42/predictions/2aij_sample_3.cif B A -> /home/junjiechen/1_work/250401-Dpepalign/Benchmark/dataset/PepSet_dimer/2aij.pdb L X
Total DockQ over 1 native interfaces: 0.684 with BA:LX model:native mapping
DockQ 0.684 iRMSD 2.277 LRMSD 0.989 fnat 0.762 fnonnat 0.059 F1 0.842 clashes 1 mapping BA:LX /home/junjiechen/1_work/250401-Dpepalign/Benchmark/protenix/PepSet/pred/2aij/seed_43/predictions/2aij_sample_3.cif B A -> /home/junjiechen/1_work/250401-Dpepalign/Benchmark/dataset/PepSet_dimer/2aij.pdb L X
Total DockQ over 1 native interfaces: 0.672 with BA:LX model:native mapping
DockQ 0.672 iRMSD 2.459 LRMSD 1.090 fnat 0.762 fnonnat 0.059 F1 0.842 clashes 0 mapping BA:LX /home/junjiechen/1_work/250401-Dpepalign/Benchmark/protenix/PepSet/pred/2aij/seed_43/predictions/2aij_sample_1.cif B A -> /home/junjiechen/1_work/250401-Dpepalign/Benchmark/dataset/PepSet_dimer/2aij.pdb L X
Total DockQ over 1 native interfaces: 0.670 with BA:LX model:native mapping
DockQ 0.670 iRMSD 2.437 LRMSD 1.380 fnat 0.762 fnonnat 0.086 F1 0.831 clashes 0 mapping BA:LX /home/junjiechen/1_work/250401-Dpepalign/Benchmark/protenix/PepSet/pred/2aij/seed_43/predictions/2aij_sample_4.cif B A -> /home/junjiechen/1_work/250401-Dpepalign/Benchmark/dataset/PepSet_dimer/2aij.pdb L X
Total DockQ over 1 native interfaces: 0.690 with BA:LX model:native mapping
DockQ 0.690 iRMSD 2.012 LRMSD 1.331 fnat 0.738 fnonnat 0.088 F1 0.816 clashes 0 mapping BA:LX /home/junjiechen/1_work/250401-Dpepalign/Benchmark/protenix/PepSet/pred/2aij/seed_43/predictions/2aij_sample_2.cif B A -> /home/junjiechen/1_work/250401-Dpepalign/Benchmark/dataset/PepSet_dimer/2aij.pdb L X
Total DockQ over 1 native interfaces: 0.714 with BA:LX model:native mapping
DockQ 0.714 iRMSD 2.198 LRMSD 0.866 fnat 0.833 fnonnat 0.054 F1 0.886 clashes 1 mapping BA:LX /home/junjiechen/1_work/250401-Dpepalign/Benchmark/protenix/PepSet/pred/2aij/seed_44/predictions/2aij_sample_0.cif B A -> /home/junjiechen/1_work/250401-Dpepalign/Benchmark/dataset/PepSet_dimer/2aij.pdb L X
Total DockQ over 1 native interfaces: 0.688 with BA:LX model:native mapping
DockQ 0.688 iRMSD 2.473 LRMSD 1.077 fnat 0.810 fnonnat 0.056 F1 0.872 clashes 0 mapping BA:LX /home/junjiechen/1_work/250401-Dpepalign/Benchmark/protenix/PepSet/pred/2aij/seed_44/predictions/2aij_sample_1.cif B A -> /home/junjiechen/1_work/250401-Dpepalign/Benchmark/dataset/PepSet_dimer/2aij.pdb L X
Total DockQ over 1 native interfaces: 0.690 with BA:LX model:native mapping
DockQ 0.690 iRMSD 2.252 LRMSD 1.295 fnat 0.786 fnonnat 0.057 F1 0.857 clashes 0 mapping BA:LX /home/junjiechen/1_work/250401-Dpepalign/Benchmark/protenix/PepSet/pred/2aij/seed_44/predictions/2aij_sample_2.cif B A -> /home/junjiechen/1_work/250401-Dpepalign/Benchmark/dataset/PepSet_dimer/2aij.pdb L X
Total DockQ over 1 native interfaces: 0.648 with BA:LX model:native mapping
DockQ 0.648 iRMSD 2.503 LRMSD 1.629 fnat 0.714 fnonnat 0.118 F1 0.789 clashes 0 mapping BA:LX /home/junjiechen/1_work/250401-Dpepalign/Benchmark/protenix/PepSet/pred/2aij/seed_44/predictions/2aij_sample_4.cif B A -> /home/junjiechen/1_work/250401-Dpepalign/Benchmark/dataset/PepSet_dimer/2aij.pdb L X
Total DockQ over 1 native interfaces: 0.021 with BA:LA model:native mapping
DockQ 0.021 iRMSD 13.594 LRMSD 37.212 fnat 0.000 fnonnat 1.000 F1 0.000 clashes 0 mapping BA:LA /home/junjiechen/1_work/250401-Dpepalign/Benchmark/protenix/PepSet/pred/2aq9/seed_42/predictions/2aq9_sample_0.cif B A -> /home/junjiechen/1_work/250401-Dpepalign/Benchmark/dataset/PepSet_dimer/2aq9.pdb L A
Total DockQ over 1 native interfaces: 0.687 with BA:LX model:native mapping
DockQ 0.687 iRMSD 2.133 LRMSD 1.562 fnat 0.762 fnonnat 0.086 F1 0.831 clashes 0 mapping BA:LX /home/junjiechen/1_work/250401-Dpepalign/Benchmark/protenix/PepSet/pred/2aij/seed_44/predictions/2aij_sample_3.cif B A -> /home/junjiechen/1_work/250401-Dpepalign/Benchmark/dataset/PepSet_dimer/2aij.pdb L X
Total DockQ over 1 native interfaces: 0.021 with BA:LA model:native mapping
DockQ 0.021 iRMSD 13.532 LRMSD 36.792 fnat 0.000 fnonnat 1.000 F1 0.000 clashes 0 mapping BA:LA /home/junjiechen/1_work/250401-Dpepalign/Benchmark/protenix/PepSet/pred/2aq9/seed_42/predictions/2aq9_sample_1.cif B A -> /home/junjiechen/1_work/250401-Dpepalign/Benchmark/dataset/PepSet_dimer/2aq9.pdb L A
Total DockQ over 1 native interfaces: 0.026 with BA:LA model:native mapping
DockQ 0.026 iRMSD 12.460 LRMSD 32.345 fnat 0.000 fnonnat 1.000 F1 0.000 clashes 0 mapping BA:LA /home/junjiechen/1_work/250401-Dpepalign/Benchmark/protenix/PepSet/pred/2aq9/seed_43/predictions/2aq9_sample_0.cif B A -> /home/junjiechen/1_work/250401-Dpepalign/Benchmark/dataset/PepSet_dimer/2aq9.pdb L A
Total DockQ over 1 native interfaces: 0.021 with BA:LA model:native mapping
DockQ 0.021 iRMSD 13.601 LRMSD 37.206 fnat 0.000 fnonnat 1.000 F1 0.000 clashes 0 mapping BA:LA /home/junjiechen/1_work/250401-Dpepalign/Benchmark/protenix/PepSet/pred/2aq9/seed_42/predictions/2aq9_sample_3.cif B A -> /home/junjiechen/1_work/250401-Dpepalign/Benchmark/dataset/PepSet_dimer/2aq9.pdb L A
Total DockQ over 1 native interfaces: 0.021 with BA:LA model:native mapping
DockQ 0.021 iRMSD 13.544 LRMSD 37.141 fnat 0.000 fnonnat 1.000 F1 0.000 clashes 1 mapping BA:LA /home/junjiechen/1_work/250401-Dpepalign/Benchmark/protenix/PepSet/pred/2aq9/seed_42/predictions/2aq9_sample_2.cif B A -> /home/junjiechen/1_work/250401-Dpepalign/Benchmark/dataset/PepSet_dimer/2aq9.pdb L A
Total DockQ over 1 native interfaces: 0.026 with BA:LA model:native mapping
DockQ 0.026 iRMSD 12.422 LRMSD 32.259 fnat 0.000 fnonnat 1.000 F1 0.000 clashes 0 mapping BA:LA /home/junjiechen/1_work/250401-Dpepalign/Benchmark/protenix/PepSet/pred/2aq9/seed_43/predictions/2aq9_sample_1.cif B A -> /home/junjiechen/1_work/250401-Dpepalign/Benchmark/dataset/PepSet_dimer/2aq9.pdb L A
Total DockQ over 1 native interfaces: 0.021 with BA:LA model:native mapping
DockQ 0.021 iRMSD 13.552 LRMSD 37.015 fnat 0.000 fnonnat 1.000 F1 0.000 clashes 0 mapping BA:LA /home/junjiechen/1_work/250401-Dpepalign/Benchmark/protenix/PepSet/pred/2aq9/seed_42/predictions/2aq9_sample_4.cif B A -> /home/junjiechen/1_work/250401-Dpepalign/Benchmark/dataset/PepSet_dimer/2aq9.pdb L A
Total DockQ over 1 native interfaces: 0.027 with BA:LA model:native mapping
DockQ 0.027 iRMSD 12.369 LRMSD 32.111 fnat 0.000 fnonnat 1.000 F1 0.000 clashes 0 mapping BA:LA /home/junjiechen/1_work/250401-Dpepalign/Benchmark/protenix/PepSet/pred/2aq9/seed_43/predictions/2aq9_sample_2.cif B A -> /home/junjiechen/1_work/250401-Dpepalign/Benchmark/dataset/PepSet_dimer/2aq9.pdb L A
Total DockQ over 1 native interfaces: 0.026 with BA:LA model:native mapping
DockQ 0.026 iRMSD 12.390 LRMSD 32.224 fnat 0.000 fnonnat 1.000 F1 0.000 clashes 0 mapping BA:LA /home/junjiechen/1_work/250401-Dpepalign/Benchmark/protenix/PepSet/pred/2aq9/seed_43/predictions/2aq9_sample_3.cif B A -> /home/junjiechen/1_work/250401-Dpepalign/Benchmark/dataset/PepSet_dimer/2aq9.pdb L A
Total DockQ over 1 native interfaces: 0.026 with BA:LA model:native mapping
DockQ 0.026 iRMSD 12.429 LRMSD 32.205 fnat 0.000 fnonnat 1.000 F1 0.000 clashes 0 mapping BA:LA /home/junjiechen/1_work/250401-Dpepalign/Benchmark/protenix/PepSet/pred/2aq9/seed_43/predictions/2aq9_sample_4.cif B A -> /home/junjiechen/1_work/250401-Dpepalign/Benchmark/dataset/PepSet_dimer/2aq9.pdb L A
Total DockQ over 1 native interfaces: 0.027 with BA:LA model:native mapping
DockQ 0.027 iRMSD 12.413 LRMSD 32.207 fnat 0.000 fnonnat 1.000 F1 0.000 clashes 0 mapping BA:LA /home/junjiechen/1_work/250401-Dpepalign/Benchmark/protenix/PepSet/pred/2aq9/seed_44/predictions/2aq9_sample_0.cif B A -> /home/junjiechen/1_work/250401-Dpepalign/Benchmark/dataset/PepSet_dimer/2aq9.pdb L A
Total DockQ over 1 native interfaces: 0.026 with BA:LA model:native mapping
DockQ 0.026 iRMSD 12.433 LRMSD 32.262 fnat 0.000 fnonnat 1.000 F1 0.000 clashes 0 mapping BA:LA /home/junjiechen/1_work/250401-Dpepalign/Benchmark/protenix/PepSet/pred/2aq9/seed_44/predictions/2aq9_sample_1.cif B A -> /home/junjiechen/1_work/250401-Dpepalign/Benchmark/dataset/PepSet_dimer/2aq9.pdb L A
Total DockQ over 1 native interfaces: 0.027 with BA:LA model:native mapping
DockQ 0.027 iRMSD 12.389 LRMSD 32.136 fnat 0.000 fnonnat 1.000 F1 0.000 clashes 0 mapping BA:LA /home/junjiechen/1_work/250401-Dpepalign/Benchmark/protenix/PepSet/pred/2aq9/seed_44/predictions/2aq9_sample_2.cif B A -> /home/junjiechen/1_work/250401-Dpepalign/Benchmark/dataset/PepSet_dimer/2aq9.pdb L A
Total DockQ over 1 native interfaces: 0.027 with BA:LA model:native mapping
DockQ 0.027 iRMSD 12.313 LRMSD 32.053 fnat 0.000 fnonnat 1.000 F1 0.000 clashes 0 mapping BA:LA /home/junjiechen/1_work/250401-Dpepalign/Benchmark/protenix/PepSet/pred/2aq9/seed_44/predictions/2aq9_sample_3.cif B A -> /home/junjiechen/1_work/250401-Dpepalign/Benchmark/dataset/PepSet_dimer/2aq9.pdb L A
Total DockQ over 1 native interfaces: 0.985 with BA:LB model:native mapping
DockQ 0.985 iRMSD 0.193 LRMSD 0.513 fnat 0.974 fnonnat 0.026 F1 0.974 clashes 0 mapping BA:LB /home/junjiechen/1_work/250401-Dpepalign/Benchmark/protenix/PepSet/pred/2c3i/seed_42/predictions/2c3i_sample_0.cif B A -> /home/junjiechen/1_work/250401-Dpepalign/Benchmark/dataset/PepSet_dimer/2c3i.pdb L B
Total DockQ over 1 native interfaces: 0.984 with BA:LB model:native mapping
DockQ 0.984 iRMSD 0.212 LRMSD 0.438 fnat 0.974 fnonnat 0.073 F1 0.950 clashes 0 mapping BA:LB /home/junjiechen/1_work/250401-Dpepalign/Benchmark/protenix/PepSet/pred/2c3i/seed_42/predictions/2c3i_sample_1.cif B A -> /home/junjiechen/1_work/250401-Dpepalign/Benchmark/dataset/PepSet_dimer/2c3i.pdb L B
Total DockQ over 1 native interfaces: 0.027 with BA:LA model:native mapping
DockQ 0.027 iRMSD 12.380 LRMSD 32.171 fnat 0.000 fnonnat 1.000 F1 0.000 clashes 0 mapping BA:LA /home/junjiechen/1_work/250401-Dpepalign/Benchmark/protenix/PepSet/pred/2aq9/seed_44/predictions/2aq9_sample_4.cif B A -> /home/junjiechen/1_work/250401-Dpepalign/Benchmark/dataset/PepSet_dimer/2aq9.pdb L A
Total DockQ over 1 native interfaces: 0.975 with BA:LB model:native mapping
DockQ 0.975 iRMSD 0.376 LRMSD 1.130 fnat 1.000 fnonnat 0.049 F1 0.975 clashes 0 mapping BA:LB /home/junjiechen/1_work/250401-Dpepalign/Benchmark/protenix/PepSet/pred/2c3i/seed_42/predictions/2c3i_sample_3.cif B A -> /home/junjiechen/1_work/250401-Dpepalign/Benchmark/dataset/PepSet_dimer/2c3i.pdb L B
Total DockQ over 1 native interfaces: 0.993 with BA:LB model:native mapping
DockQ 0.993 iRMSD 0.197 LRMSD 0.452 fnat 1.000 fnonnat 0.000 F1 1.000 clashes 0 mapping BA:LB /home/junjiechen/1_work/250401-Dpepalign/Benchmark/protenix/PepSet/pred/2c3i/seed_42/predictions/2c3i_sample_2.cif B A -> /home/junjiechen/1_work/250401-Dpepalign/Benchmark/dataset/PepSet_dimer/2c3i.pdb L B
Total DockQ over 1 native interfaces: 0.993 with BA:LB model:native mapping
DockQ 0.993 iRMSD 0.196 LRMSD 0.582 fnat 1.000 fnonnat 0.049 F1 0.975 clashes 0 mapping BA:LB /home/junjiechen/1_work/250401-Dpepalign/Benchmark/protenix/PepSet/pred/2c3i/seed_42/predictions/2c3i_sample_4.cif B A -> /home/junjiechen/1_work/250401-Dpepalign/Benchmark/dataset/PepSet_dimer/2c3i.pdb L B
Total DockQ over 1 native interfaces: 0.992 with BA:LB model:native mapping
DockQ 0.992 iRMSD 0.224 LRMSD 0.481 fnat 1.000 fnonnat 0.071 F1 0.963 clashes 0 mapping BA:LB /home/junjiechen/1_work/250401-Dpepalign/Benchmark/protenix/PepSet/pred/2c3i/seed_43/predictions/2c3i_sample_0.cif B A -> /home/junjiechen/1_work/250401-Dpepalign/Benchmark/dataset/PepSet_dimer/2c3i.pdb L B
Total DockQ over 1 native interfaces: 0.983 with BA:LB model:native mapping
DockQ 0.983 iRMSD 0.223 LRMSD 0.556 fnat 0.974 fnonnat 0.026 F1 0.974 clashes 0 mapping BA:LB /home/junjiechen/1_work/250401-Dpepalign/Benchmark/protenix/PepSet/pred/2c3i/seed_43/predictions/2c3i_sample_1.cif B A -> /home/junjiechen/1_work/250401-Dpepalign/Benchmark/dataset/PepSet_dimer/2c3i.pdb L B
Total DockQ over 1 native interfaces: 0.993 with BA:LB model:native mapping
DockQ 0.993 iRMSD 0.209 LRMSD 0.491 fnat 1.000 fnonnat 0.000 F1 1.000 clashes 0 mapping BA:LB /home/junjiechen/1_work/250401-Dpepalign/Benchmark/protenix/PepSet/pred/2c3i/seed_43/predictions/2c3i_sample_2.cif B A -> /home/junjiechen/1_work/250401-Dpepalign/Benchmark/dataset/PepSet_dimer/2c3i.pdb L B
Total DockQ over 1 native interfaces: 0.991 with BA:LB model:native mapping
DockQ 0.991 iRMSD 0.222 LRMSD 0.561 fnat 1.000 fnonnat 0.025 F1 0.987 clashes 0 mapping BA:LB /home/junjiechen/1_work/250401-Dpepalign/Benchmark/protenix/PepSet/pred/2c3i/seed_43/predictions/2c3i_sample_3.cif B A -> /home/junjiechen/1_work/250401-Dpepalign/Benchmark/dataset/PepSet_dimer/2c3i.pdb L B
Total DockQ over 1 native interfaces: 0.984 with BA:LB model:native mapping
DockQ 0.984 iRMSD 0.201 LRMSD 0.558 fnat 0.974 fnonnat 0.050 F1 0.962 clashes 0 mapping BA:LB /home/junjiechen/1_work/250401-Dpepalign/Benchmark/protenix/PepSet/pred/2c3i/seed_44/predictions/2c3i_sample_0.cif B A -> /home/junjiechen/1_work/250401-Dpepalign/Benchmark/dataset/PepSet_dimer/2c3i.pdb L B
Total DockQ over 1 native interfaces: 0.972 with BA:LB model:native mapping
DockQ 0.972 iRMSD 0.251 LRMSD 0.657 fnat 0.949 fnonnat 0.051 F1 0.949 clashes 0 mapping BA:LB /home/junjiechen/1_work/250401-Dpepalign/Benchmark/protenix/PepSet/pred/2c3i/seed_44/predictions/2c3i_sample_1.cif B A -> /home/junjiechen/1_work/250401-Dpepalign/Benchmark/dataset/PepSet_dimer/2c3i.pdb L B
Total DockQ over 1 native interfaces: 0.991 with BA:LB model:native mapping
DockQ 0.991 iRMSD 0.232 LRMSD 0.544 fnat 1.000 fnonnat 0.049 F1 0.975 clashes 0 mapping BA:LB /home/junjiechen/1_work/250401-Dpepalign/Benchmark/protenix/PepSet/pred/2c3i/seed_44/predictions/2c3i_sample_2.cif B A -> /home/junjiechen/1_work/250401-Dpepalign/Benchmark/dataset/PepSet_dimer/2c3i.pdb L B
Total DockQ over 1 native interfaces: 0.993 with BA:LB model:native mapping
DockQ 0.993 iRMSD 0.206 LRMSD 0.470 fnat 1.000 fnonnat 0.049 F1 0.975 clashes 0 mapping BA:LB /home/junjiechen/1_work/250401-Dpepalign/Benchmark/protenix/PepSet/pred/2c3i/seed_44/predictions/2c3i_sample_3.cif B A -> /home/junjiechen/1_work/250401-Dpepalign/Benchmark/dataset/PepSet_dimer/2c3i.pdb L B
Total DockQ over 1 native interfaces: 0.992 with BA:LB model:native mapping
DockQ 0.992 iRMSD 0.213 LRMSD 0.549 fnat 1.000 fnonnat 0.025 F1 0.987 clashes 0 mapping BA:LB /home/junjiechen/1_work/250401-Dpepalign/Benchmark/protenix/PepSet/pred/2c3i/seed_43/predictions/2c3i_sample_4.cif B A -> /home/junjiechen/1_work/250401-Dpepalign/Benchmark/dataset/PepSet_dimer/2c3i.pdb L B
Total DockQ over 1 native interfaces: 0.953 with BA:LB model:native mapping
DockQ 0.953 iRMSD 0.384 LRMSD 0.890 fnat 0.930 fnonnat 0.048 F1 0.941 clashes 0 mapping BA:LB /home/junjiechen/1_work/250401-Dpepalign/Benchmark/protenix/PepSet/pred/2cch/seed_42/predictions/2cch_sample_0.cif B A -> /home/junjiechen/1_work/250401-Dpepalign/Benchmark/dataset/PepSet_dimer/2cch.pdb L B
Total DockQ over 1 native interfaces: 0.991 with BA:LB model:native mapping
DockQ 0.991 iRMSD 0.225 LRMSD 0.551 fnat 1.000 fnonnat 0.049 F1 0.975 clashes 0 mapping BA:LB /home/junjiechen/1_work/250401-Dpepalign/Benchmark/protenix/PepSet/pred/2c3i/seed_44/predictions/2c3i_sample_4.cif B A -> /home/junjiechen/1_work/250401-Dpepalign/Benchmark/dataset/PepSet_dimer/2c3i.pdb L B
Total DockQ over 1 native interfaces: 0.946 with BA:LB model:native mapping
DockQ 0.946 iRMSD 0.438 LRMSD 1.049 fnat 0.930 fnonnat 0.024 F1 0.952 clashes 0 mapping BA:LB /home/junjiechen/1_work/250401-Dpepalign/Benchmark/protenix/PepSet/pred/2cch/seed_42/predictions/2cch_sample_1.cif B A -> /home/junjiechen/1_work/250401-Dpepalign/Benchmark/dataset/PepSet_dimer/2cch.pdb L B
Total DockQ over 1 native interfaces: 0.980 with BA:LB model:native mapping
DockQ 0.980 iRMSD 0.270 LRMSD 0.692 fnat 0.977 fnonnat 0.023 F1 0.977 clashes 0 mapping BA:LB /home/junjiechen/1_work/250401-Dpepalign/Benchmark/protenix/PepSet/pred/2cch/seed_42/predictions/2cch_sample_3.cif B A -> /home/junjiechen/1_work/250401-Dpepalign/Benchmark/dataset/PepSet_dimer/2cch.pdb L B
Total DockQ over 1 native interfaces: 0.976 with BA:LB model:native mapping
DockQ 0.976 iRMSD 0.302 LRMSD 0.813 fnat 0.977 fnonnat 0.045 F1 0.966 clashes 0 mapping BA:LB /home/junjiechen/1_work/250401-Dpepalign/Benchmark/protenix/PepSet/pred/2cch/seed_42/predictions/2cch_sample_2.cif B A -> /home/junjiechen/1_work/250401-Dpepalign/Benchmark/dataset/PepSet_dimer/2cch.pdb L B
Total DockQ over 1 native interfaces: 0.948 with BA:LB model:native mapping
DockQ 0.948 iRMSD 0.353 LRMSD 0.850 fnat 0.907 fnonnat 0.049 F1 0.929 clashes 0 mapping BA:LB /home/junjiechen/1_work/250401-Dpepalign/Benchmark/protenix/PepSet/pred/2cch/seed_42/predictions/2cch_sample_4.cif B A -> /home/junjiechen/1_work/250401-Dpepalign/Benchmark/dataset/PepSet_dimer/2cch.pdb L B
Total DockQ over 1 native interfaces: 0.978 with BA:LB model:native mapping
DockQ 0.978 iRMSD 0.284 LRMSD 0.728 fnat 0.977 fnonnat 0.023 F1 0.977 clashes 0 mapping BA:LB /home/junjiechen/1_work/250401-Dpepalign/Benchmark/protenix/PepSet/pred/2cch/seed_43/predictions/2cch_sample_0.cif B A -> /home/junjiechen/1_work/250401-Dpepalign/Benchmark/dataset/PepSet_dimer/2cch.pdb L B
Total DockQ over 1 native interfaces: 0.965 with BA:LB model:native mapping
DockQ 0.965 iRMSD 0.338 LRMSD 0.819 fnat 0.953 fnonnat 0.068 F1 0.943 clashes 0 mapping BA:LB /home/junjiechen/1_work/250401-Dpepalign/Benchmark/protenix/PepSet/pred/2cch/seed_43/predictions/2cch_sample_2.cif B A -> /home/junjiechen/1_work/250401-Dpepalign/Benchmark/dataset/PepSet_dimer/2cch.pdb L B
Total DockQ over 1 native interfaces: 0.974 with BA:LB model:native mapping
DockQ 0.974 iRMSD 0.325 LRMSD 0.817 fnat 0.977 fnonnat 0.087 F1 0.944 clashes 0 mapping BA:LB /home/junjiechen/1_work/250401-Dpepalign/Benchmark/protenix/PepSet/pred/2cch/seed_43/predictions/2cch_sample_1.cif B A -> /home/junjiechen/1_work/250401-Dpepalign/Benchmark/dataset/PepSet_dimer/2cch.pdb L B
Total DockQ over 1 native interfaces: 0.964 with BA:LB model:native mapping
DockQ 0.964 iRMSD 0.348 LRMSD 0.892 fnat 0.953 fnonnat 0.047 F1 0.953 clashes 0 mapping BA:LB /home/junjiechen/1_work/250401-Dpepalign/Benchmark/protenix/PepSet/pred/2cch/seed_43/predictions/2cch_sample_3.cif B A -> /home/junjiechen/1_work/250401-Dpepalign/Benchmark/dataset/PepSet_dimer/2cch.pdb L B
Total DockQ over 1 native interfaces: 0.972 with BA:LB model:native mapping
DockQ 0.972 iRMSD 0.340 LRMSD 0.874 fnat 0.977 fnonnat 0.067 F1 0.955 clashes 0 mapping BA:LB /home/junjiechen/1_work/250401-Dpepalign/Benchmark/protenix/PepSet/pred/2cch/seed_44/predictions/2cch_sample_0.cif B A -> /home/junjiechen/1_work/250401-Dpepalign/Benchmark/dataset/PepSet_dimer/2cch.pdb L B
Total DockQ over 1 native interfaces: 0.973 with BA:LB model:native mapping
DockQ 0.973 iRMSD 0.338 LRMSD 0.820 fnat 0.977 fnonnat 0.067 F1 0.955 clashes 0 mapping BA:LB /home/junjiechen/1_work/250401-Dpepalign/Benchmark/protenix/PepSet/pred/2cch/seed_43/predictions/2cch_sample_4.cif B A -> /home/junjiechen/1_work/250401-Dpepalign/Benchmark/dataset/PepSet_dimer/2cch.pdb L B
Total DockQ over 1 native interfaces: 0.968 with BA:LB model:native mapping
DockQ 0.968 iRMSD 0.301 LRMSD 0.824 fnat 0.953 fnonnat 0.024 F1 0.965 clashes 0 mapping BA:LB /home/junjiechen/1_work/250401-Dpepalign/Benchmark/protenix/PepSet/pred/2cch/seed_44/predictions/2cch_sample_1.cif B A -> /home/junjiechen/1_work/250401-Dpepalign/Benchmark/dataset/PepSet_dimer/2cch.pdb L B
Total DockQ over 1 native interfaces: 0.951 with BA:LB model:native mapping
DockQ 0.951 iRMSD 0.455 LRMSD 1.110 fnat 0.953 fnonnat 0.089 F1 0.932 clashes 0 mapping BA:LB /home/junjiechen/1_work/250401-Dpepalign/Benchmark/protenix/PepSet/pred/2cch/seed_44/predictions/2cch_sample_2.cif B A -> /home/junjiechen/1_work/250401-Dpepalign/Benchmark/dataset/PepSet_dimer/2cch.pdb L B
Total DockQ over 1 native interfaces: 0.971 with BA:LB model:native mapping
DockQ 0.971 iRMSD 0.354 LRMSD 0.947 fnat 0.977 fnonnat 0.125 F1 0.923 clashes 0 mapping BA:LB /home/junjiechen/1_work/250401-Dpepalign/Benchmark/protenix/PepSet/pred/2cch/seed_44/predictions/2cch_sample_4.cif B A -> /home/junjiechen/1_work/250401-Dpepalign/Benchmark/dataset/PepSet_dimer/2cch.pdb L B
Total DockQ over 1 native interfaces: 0.932 with BA:LA model:native mapping
DockQ 0.932 iRMSD 0.677 LRMSD 0.429 fnat 0.969 fnonnat 0.079 F1 0.944 clashes 0 mapping BA:LA /home/junjiechen/1_work/250401-Dpepalign/Benchmark/protenix/PepSet/pred/2cny/seed_42/predictions/2cny_sample_0.cif B A -> /home/junjiechen/1_work/250401-Dpepalign/Benchmark/dataset/PepSet_dimer/2cny.pdb L A
Total DockQ over 1 native interfaces: 0.934 with BA:LA model:native mapping
DockQ 0.934 iRMSD 0.666 LRMSD 0.367 fnat 0.969 fnonnat 0.051 F1 0.959 clashes 0 mapping BA:LA /home/junjiechen/1_work/250401-Dpepalign/Benchmark/protenix/PepSet/pred/2cny/seed_42/predictions/2cny_sample_3.cif B A -> /home/junjiechen/1_work/250401-Dpepalign/Benchmark/dataset/PepSet_dimer/2cny.pdb L A
Total DockQ over 1 native interfaces: 0.926 with BA:LA model:native mapping
DockQ 0.926 iRMSD 0.698 LRMSD 0.443 fnat 0.958 fnonnat 0.032 F1 0.963 clashes 0 mapping BA:LA /home/junjiechen/1_work/250401-Dpepalign/Benchmark/protenix/PepSet/pred/2cny/seed_42/predictions/2cny_sample_1.cif B A -> /home/junjiechen/1_work/250401-Dpepalign/Benchmark/dataset/PepSet_dimer/2cny.pdb L A
Total DockQ over 1 native interfaces: 0.969 with BA:LB model:native mapping
DockQ 0.969 iRMSD 0.304 LRMSD 0.741 fnat 0.953 fnonnat 0.047 F1 0.953 clashes 0 mapping BA:LB /home/junjiechen/1_work/250401-Dpepalign/Benchmark/protenix/PepSet/pred/2cch/seed_44/predictions/2cch_sample_3.cif B A -> /home/junjiechen/1_work/250401-Dpepalign/Benchmark/dataset/PepSet_dimer/2cch.pdb L B
Total DockQ over 1 native interfaces: 0.928 with BA:LA model:native mapping
DockQ 0.928 iRMSD 0.734 LRMSD 0.488 fnat 0.979 fnonnat 0.041 F1 0.969 clashes 0 mapping BA:LA /home/junjiechen/1_work/250401-Dpepalign/Benchmark/protenix/PepSet/pred/2cny/seed_42/predictions/2cny_sample_2.cif B A -> /home/junjiechen/1_work/250401-Dpepalign/Benchmark/dataset/PepSet_dimer/2cny.pdb L A
Total DockQ over 1 native interfaces: 0.922 with BA:LA model:native mapping
DockQ 0.922 iRMSD 0.724 LRMSD 0.458 fnat 0.958 fnonnat 0.052 F1 0.953 clashes 0 mapping BA:LA /home/junjiechen/1_work/250401-Dpepalign/Benchmark/protenix/PepSet/pred/2cny/seed_43/predictions/2cny_sample_1.cif B A -> /home/junjiechen/1_work/250401-Dpepalign/Benchmark/dataset/PepSet_dimer/2cny.pdb L A
Total DockQ over 1 native interfaces: 0.932 with BA:LA model:native mapping
DockQ 0.932 iRMSD 0.703 LRMSD 0.425 fnat 0.979 fnonnat 0.060 F1 0.959 clashes 0 mapping BA:LA /home/junjiechen/1_work/250401-Dpepalign/Benchmark/protenix/PepSet/pred/2cny/seed_42/predictions/2cny_sample_4.cif B A -> /home/junjiechen/1_work/250401-Dpepalign/Benchmark/dataset/PepSet_dimer/2cny.pdb L A
Total DockQ over 1 native interfaces: 0.934 with BA:LA model:native mapping
DockQ 0.934 iRMSD 0.689 LRMSD 0.474 fnat 0.979 fnonnat 0.069 F1 0.954 clashes 0 mapping BA:LA /home/junjiechen/1_work/250401-Dpepalign/Benchmark/protenix/PepSet/pred/2cny/seed_43/predictions/2cny_sample_0.cif B A -> /home/junjiechen/1_work/250401-Dpepalign/Benchmark/dataset/PepSet_dimer/2cny.pdb L A
Total DockQ over 1 native interfaces: 0.938 with BA:LA model:native mapping
DockQ 0.938 iRMSD 0.660 LRMSD 0.397 fnat 0.979 fnonnat 0.041 F1 0.969 clashes 0 mapping BA:LA /home/junjiechen/1_work/250401-Dpepalign/Benchmark/protenix/PepSet/pred/2cny/seed_43/predictions/2cny_sample_2.cif B A -> /home/junjiechen/1_work/250401-Dpepalign/Benchmark/dataset/PepSet_dimer/2cny.pdb L A
Total DockQ over 1 native interfaces: 0.932 with BA:LA model:native mapping
DockQ 0.932 iRMSD 0.709 LRMSD 0.340 fnat 0.979 fnonnat 0.051 F1 0.964 clashes 0 mapping BA:LA /home/junjiechen/1_work/250401-Dpepalign/Benchmark/protenix/PepSet/pred/2cny/seed_43/predictions/2cny_sample_3.cif B A -> /home/junjiechen/1_work/250401-Dpepalign/Benchmark/dataset/PepSet_dimer/2cny.pdb L A
Total DockQ over 1 native interfaces: 0.933 with BA:LA model:native mapping
DockQ 0.933 iRMSD 0.670 LRMSD 0.397 fnat 0.969 fnonnat 0.021 F1 0.974 clashes 0 mapping BA:LA /home/junjiechen/1_work/250401-Dpepalign/Benchmark/protenix/PepSet/pred/2cny/seed_43/predictions/2cny_sample_4.cif B A -> /home/junjiechen/1_work/250401-Dpepalign/Benchmark/dataset/PepSet_dimer/2cny.pdb L A
Total DockQ over 1 native interfaces: 0.933 with BA:LA model:native mapping
DockQ 0.933 iRMSD 0.649 LRMSD 0.348 fnat 0.958 fnonnat 0.052 F1 0.953 clashes 0 mapping BA:LA /home/junjiechen/1_work/250401-Dpepalign/Benchmark/protenix/PepSet/pred/2cny/seed_44/predictions/2cny_sample_2.cif B A -> /home/junjiechen/1_work/250401-Dpepalign/Benchmark/dataset/PepSet_dimer/2cny.pdb L A
Total DockQ over 1 native interfaces: 0.931 with BA:LA model:native mapping
DockQ 0.931 iRMSD 0.685 LRMSD 0.396 fnat 0.969 fnonnat 0.031 F1 0.969 clashes 0 mapping BA:LA /home/junjiechen/1_work/250401-Dpepalign/Benchmark/protenix/PepSet/pred/2cny/seed_44/predictions/2cny_sample_0.cif B A -> /home/junjiechen/1_work/250401-Dpepalign/Benchmark/dataset/PepSet_dimer/2cny.pdb L A
Total DockQ over 1 native interfaces: 0.924 with BA:LA model:native mapping
DockQ 0.924 iRMSD 0.715 LRMSD 0.418 fnat 0.958 fnonnat 0.061 F1 0.948 clashes 0 mapping BA:LA /home/junjiechen/1_work/250401-Dpepalign/Benchmark/protenix/PepSet/pred/2cny/seed_44/predictions/2cny_sample_1.cif B A -> /home/junjiechen/1_work/250401-Dpepalign/Benchmark/dataset/PepSet_dimer/2cny.pdb L A
Total DockQ over 1 native interfaces: 0.938 with BA:LA model:native mapping
DockQ 0.938 iRMSD 0.611 LRMSD 0.335 fnat 0.958 fnonnat 0.021 F1 0.968 clashes 0 mapping BA:LA /home/junjiechen/1_work/250401-Dpepalign/Benchmark/protenix/PepSet/pred/2cny/seed_44/predictions/2cny_sample_3.cif B A -> /home/junjiechen/1_work/250401-Dpepalign/Benchmark/dataset/PepSet_dimer/2cny.pdb L A
Total DockQ over 1 native interfaces: 0.937 with BA:LA model:native mapping
DockQ 0.937 iRMSD 0.641 LRMSD 0.399 fnat 0.969 fnonnat 0.051 F1 0.959 clashes 0 mapping BA:LA /home/junjiechen/1_work/250401-Dpepalign/Benchmark/protenix/PepSet/pred/2cny/seed_44/predictions/2cny_sample_4.cif B A -> /home/junjiechen/1_work/250401-Dpepalign/Benchmark/dataset/PepSet_dimer/2cny.pdb L A
Total DockQ over 1 native interfaces: 0.425 with BA:LA model:native mapping
DockQ 0.425 iRMSD 3.490 LRMSD 9.625 fnat 0.680 fnonnat 0.500 F1 0.576 clashes 0 mapping BA:LA /home/junjiechen/1_work/250401-Dpepalign/Benchmark/protenix/PepSet/pred/2e4h/seed_42/predictions/2e4h_sample_0.cif B A -> /home/junjiechen/1_work/250401-Dpepalign/Benchmark/dataset/PepSet_dimer/2e4h.pdb L A
Total DockQ over 1 native interfaces: 0.432 with BA:LA model:native mapping
DockQ 0.432 iRMSD 3.561 LRMSD 9.861 fnat 0.720 fnonnat 0.500 F1 0.590 clashes 0 mapping BA:LA /home/junjiechen/1_work/250401-Dpepalign/Benchmark/protenix/PepSet/pred/2e4h/seed_42/predictions/2e4h_sample_1.cif B A -> /home/junjiechen/1_work/250401-Dpepalign/Benchmark/dataset/PepSet_dimer/2e4h.pdb L A
Total DockQ over 1 native interfaces: 0.404 with BA:LA model:native mapping
DockQ 0.404 iRMSD 3.594 LRMSD 9.900 fnat 0.640 fnonnat 0.568 F1 0.516 clashes 1 mapping BA:LA /home/junjiechen/1_work/250401-Dpepalign/Benchmark/protenix/PepSet/pred/2e4h/seed_42/predictions/2e4h_sample_2.cif B A -> /home/junjiechen/1_work/250401-Dpepalign/Benchmark/dataset/PepSet_dimer/2e4h.pdb L A
Total DockQ over 1 native interfaces: 0.429 with BA:LA model:native mapping
DockQ 0.429 iRMSD 3.450 LRMSD 9.425 fnat 0.680 fnonnat 0.485 F1 0.586 clashes 0 mapping BA:LA /home/junjiechen/1_work/250401-Dpepalign/Benchmark/protenix/PepSet/pred/2e4h/seed_42/predictions/2e4h_sample_3.cif B A -> /home/junjiechen/1_work/250401-Dpepalign/Benchmark/dataset/PepSet_dimer/2e4h.pdb L A
Total DockQ over 1 native interfaces: 0.418 with BA:LA model:native mapping
DockQ 0.418 iRMSD 3.420 LRMSD 9.324 fnat 0.640 fnonnat 0.529 F1 0.542 clashes 0 mapping BA:LA /home/junjiechen/1_work/250401-Dpepalign/Benchmark/protenix/PepSet/pred/2e4h/seed_42/predictions/2e4h_sample_4.cif B A -> /home/junjiechen/1_work/250401-Dpepalign/Benchmark/dataset/PepSet_dimer/2e4h.pdb L A
Total DockQ over 1 native interfaces: 0.437 with BA:LA model:native mapping
DockQ 0.437 iRMSD 3.269 LRMSD 9.272 fnat 0.680 fnonnat 0.469 F1 0.596 clashes 0 mapping BA:LA /home/junjiechen/1_work/250401-Dpepalign/Benchmark/protenix/PepSet/pred/2e4h/seed_43/predictions/2e4h_sample_0.cif B A -> /home/junjiechen/1_work/250401-Dpepalign/Benchmark/dataset/PepSet_dimer/2e4h.pdb L A
Total DockQ over 1 native interfaces: 0.421 with BA:LA model:native mapping
DockQ 0.421 iRMSD 3.526 LRMSD 9.784 fnat 0.680 fnonnat 0.541 F1 0.548 clashes 0 mapping BA:LA /home/junjiechen/1_work/250401-Dpepalign/Benchmark/protenix/PepSet/pred/2e4h/seed_43/predictions/2e4h_sample_1.cif B A -> /home/junjiechen/1_work/250401-Dpepalign/Benchmark/dataset/PepSet_dimer/2e4h.pdb L A
Total DockQ over 1 native interfaces: 0.424 with BA:LA model:native mapping
DockQ 0.424 iRMSD 3.505 LRMSD 9.669 fnat 0.680 fnonnat 0.528 F1 0.557 clashes 0 mapping BA:LA /home/junjiechen/1_work/250401-Dpepalign/Benchmark/protenix/PepSet/pred/2e4h/seed_43/predictions/2e4h_sample_2.cif B A -> /home/junjiechen/1_work/250401-Dpepalign/Benchmark/dataset/PepSet_dimer/2e4h.pdb L A
Total DockQ over 1 native interfaces: 0.414 with BA:LA model:native mapping
DockQ 0.414 iRMSD 3.652 LRMSD 10.059 fnat 0.680 fnonnat 0.528 F1 0.557 clashes 0 mapping BA:LA /home/junjiechen/1_work/250401-Dpepalign/Benchmark/protenix/PepSet/pred/2e4h/seed_43/predictions/2e4h_sample_3.cif B A -> /home/junjiechen/1_work/250401-Dpepalign/Benchmark/dataset/PepSet_dimer/2e4h.pdb L A
Total DockQ over 1 native interfaces: 0.395 with BA:LA model:native mapping
DockQ 0.395 iRMSD 3.714 LRMSD 10.339 fnat 0.640 fnonnat 0.579 F1 0.508 clashes 0 mapping BA:LA /home/junjiechen/1_work/250401-Dpepalign/Benchmark/protenix/PepSet/pred/2e4h/seed_43/predictions/2e4h_sample_4.cif B A -> /home/junjiechen/1_work/250401-Dpepalign/Benchmark/dataset/PepSet_dimer/2e4h.pdb L A
Total DockQ over 1 native interfaces: 0.430 with BA:LA model:native mapping
DockQ 0.430 iRMSD 3.540 LRMSD 10.025 fnat 0.720 fnonnat 0.486 F1 0.600 clashes 0 mapping BA:LA /home/junjiechen/1_work/250401-Dpepalign/Benchmark/protenix/PepSet/pred/2e4h/seed_44/predictions/2e4h_sample_1.cif B A -> /home/junjiechen/1_work/250401-Dpepalign/Benchmark/dataset/PepSet_dimer/2e4h.pdb L A
Total DockQ over 1 native interfaces: 0.418 with BA:LA model:native mapping
DockQ 0.418 iRMSD 3.520 LRMSD 9.966 fnat 0.680 fnonnat 0.500 F1 0.576 clashes 0 mapping BA:LA /home/junjiechen/1_work/250401-Dpepalign/Benchmark/protenix/PepSet/pred/2e4h/seed_44/predictions/2e4h_sample_0.cif B A -> /home/junjiechen/1_work/250401-Dpepalign/Benchmark/dataset/PepSet_dimer/2e4h.pdb L A
Total DockQ over 1 native interfaces: 0.406 with BA:LA model:native mapping
DockQ 0.406 iRMSD 3.563 LRMSD 9.829 fnat 0.640 fnonnat 0.484 F1 0.571 clashes 0 mapping BA:LA /home/junjiechen/1_work/250401-Dpepalign/Benchmark/protenix/PepSet/pred/2e4h/seed_44/predictions/2e4h_sample_2.cif B A -> /home/junjiechen/1_work/250401-Dpepalign/Benchmark/dataset/PepSet_dimer/2e4h.pdb L A
Total DockQ over 1 native interfaces: 0.418 with BA:LA model:native mapping
DockQ 0.418 iRMSD 3.609 LRMSD 9.825 fnat 0.680 fnonnat 0.528 F1 0.557 clashes 0 mapping BA:LA /home/junjiechen/1_work/250401-Dpepalign/Benchmark/protenix/PepSet/pred/2e4h/seed_44/predictions/2e4h_sample_3.cif B A -> /home/junjiechen/1_work/250401-Dpepalign/Benchmark/dataset/PepSet_dimer/2e4h.pdb L A
Total DockQ over 1 native interfaces: 0.427 with BA:LA model:native mapping
DockQ 0.427 iRMSD 3.485 LRMSD 9.471 fnat 0.680 fnonnat 0.514 F1 0.567 clashes 0 mapping BA:LA /home/junjiechen/1_work/250401-Dpepalign/Benchmark/protenix/PepSet/pred/2e4h/seed_44/predictions/2e4h_sample_4.cif B A -> /home/junjiechen/1_work/250401-Dpepalign/Benchmark/dataset/PepSet_dimer/2e4h.pdb L A
Total DockQ over 1 native interfaces: 0.029 with BA:LA model:native mapping
DockQ 0.029 iRMSD 12.253 LRMSD 30.128 fnat 0.000 fnonnat 1.000 F1 0.000 clashes 3 mapping BA:LA /home/junjiechen/1_work/250401-Dpepalign/Benchmark/protenix/PepSet/pred/2fgr/seed_42/predictions/2fgr_sample_0.cif B A -> /home/junjiechen/1_work/250401-Dpepalign/Benchmark/dataset/PepSet_dimer/2fgr.pdb L A
Total DockQ over 1 native interfaces: 0.029 with BA:LA model:native mapping
DockQ 0.029 iRMSD 12.347 LRMSD 30.434 fnat 0.000 fnonnat 1.000 F1 0.000 clashes 0 mapping BA:LA /home/junjiechen/1_work/250401-Dpepalign/Benchmark/protenix/PepSet/pred/2fgr/seed_42/predictions/2fgr_sample_1.cif B A -> /home/junjiechen/1_work/250401-Dpepalign/Benchmark/dataset/PepSet_dimer/2fgr.pdb L A
Total DockQ over 1 native interfaces: 0.032 with BA:LA model:native mapping
DockQ 0.032 iRMSD 11.763 LRMSD 28.650 fnat 0.000 fnonnat 1.000 F1 0.000 clashes 1 mapping BA:LA /home/junjiechen/1_work/250401-Dpepalign/Benchmark/protenix/PepSet/pred/2fgr/seed_42/predictions/2fgr_sample_3.cif B A -> /home/junjiechen/1_work/250401-Dpepalign/Benchmark/dataset/PepSet_dimer/2fgr.pdb L A
Total DockQ over 1 native interfaces: 0.039 with BA:LA model:native mapping
DockQ 0.039 iRMSD 10.680 LRMSD 25.850 fnat 0.000 fnonnat 1.000 F1 0.000 clashes 2 mapping BA:LA /home/junjiechen/1_work/250401-Dpepalign/Benchmark/protenix/PepSet/pred/2fgr/seed_42/predictions/2fgr_sample_4.cif B A -> /home/junjiechen/1_work/250401-Dpepalign/Benchmark/dataset/PepSet_dimer/2fgr.pdb L A
Total DockQ over 1 native interfaces: 0.029 with BA:LA model:native mapping
DockQ 0.029 iRMSD 12.307 LRMSD 30.102 fnat 0.000 fnonnat 1.000 F1 0.000 clashes 2 mapping BA:LA /home/junjiechen/1_work/250401-Dpepalign/Benchmark/protenix/PepSet/pred/2fgr/seed_42/predictions/2fgr_sample_2.cif B A -> /home/junjiechen/1_work/250401-Dpepalign/Benchmark/dataset/PepSet_dimer/2fgr.pdb L A
Total DockQ over 1 native interfaces: 0.115 with BA:LA model:native mapping
DockQ 0.115 iRMSD 7.480 LRMSD 17.448 fnat 0.115 fnonnat 0.914 F1 0.098 clashes 1 mapping BA:LA /home/junjiechen/1_work/250401-Dpepalign/Benchmark/protenix/PepSet/pred/2fgr/seed_43/predictions/2fgr_sample_0.cif B A -> /home/junjiechen/1_work/250401-Dpepalign/Benchmark/dataset/PepSet_dimer/2fgr.pdb L A
Total DockQ over 1 native interfaces: 0.031 with BA:LA model:native mapping
DockQ 0.031 iRMSD 11.999 LRMSD 29.190 fnat 0.000 fnonnat 1.000 F1 0.000 clashes 0 mapping BA:LA /home/junjiechen/1_work/250401-Dpepalign/Benchmark/protenix/PepSet/pred/2fgr/seed_43/predictions/2fgr_sample_2.cif B A -> /home/junjiechen/1_work/250401-Dpepalign/Benchmark/dataset/PepSet_dimer/2fgr.pdb L A
Total DockQ over 1 native interfaces: 0.061 with BA:LA model:native mapping
DockQ 0.061 iRMSD 8.316 LRMSD 20.033 fnat 0.000 fnonnat 1.000 F1 0.000 clashes 1 mapping BA:LA /home/junjiechen/1_work/250401-Dpepalign/Benchmark/protenix/PepSet/pred/2fgr/seed_43/predictions/2fgr_sample_1.cif B A -> /home/junjiechen/1_work/250401-Dpepalign/Benchmark/dataset/PepSet_dimer/2fgr.pdb L A
Total DockQ over 1 native interfaces: 0.033 with BA:LA model:native mapping
DockQ 0.033 iRMSD 11.603 LRMSD 28.534 fnat 0.000 fnonnat 1.000 F1 0.000 clashes 2 mapping BA:LA /home/junjiechen/1_work/250401-Dpepalign/Benchmark/protenix/PepSet/pred/2fgr/seed_43/predictions/2fgr_sample_3.cif B A -> /home/junjiechen/1_work/250401-Dpepalign/Benchmark/dataset/PepSet_dimer/2fgr.pdb L A
Total DockQ over 1 native interfaces: 0.028 with BA:LA model:native mapping
DockQ 0.028 iRMSD 12.479 LRMSD 30.780 fnat 0.000 fnonnat 1.000 F1 0.000 clashes 1 mapping BA:LA /home/junjiechen/1_work/250401-Dpepalign/Benchmark/protenix/PepSet/pred/2fgr/seed_43/predictions/2fgr_sample_4.cif B A -> /home/junjiechen/1_work/250401-Dpepalign/Benchmark/dataset/PepSet_dimer/2fgr.pdb L A
Total DockQ over 1 native interfaces: 0.909 with BA:LA model:native mapping
DockQ 0.909 iRMSD 0.762 LRMSD 1.195 fnat 0.952 fnonnat 0.167 F1 0.889 clashes 0 mapping BA:LA /home/junjiechen/1_work/250401-Dpepalign/Benchmark/protenix/PepSet/pred/2fka/seed_42/predictions/2fka_sample_0.cif B A -> /home/junjiechen/1_work/250401-Dpepalign/Benchmark/dataset/PepSet_dimer/2fka.pdb L A
Total DockQ over 1 native interfaces: 0.083 with BA:LA model:native mapping
DockQ 0.083 iRMSD 7.795 LRMSD 18.535 fnat 0.038 fnonnat 0.964 F1 0.037 clashes 0 mapping BA:LA /home/junjiechen/1_work/250401-Dpepalign/Benchmark/protenix/PepSet/pred/2fgr/seed_44/predictions/2fgr_sample_0.cif B A -> /home/junjiechen/1_work/250401-Dpepalign/Benchmark/dataset/PepSet_dimer/2fgr.pdb L A
Total DockQ over 1 native interfaces: 0.172 with BA:LA model:native mapping
DockQ 0.172 iRMSD 7.294 LRMSD 16.625 fnat 0.269 fnonnat 0.854 F1 0.189 clashes 0 mapping BA:LA /home/junjiechen/1_work/250401-Dpepalign/Benchmark/protenix/PepSet/pred/2fgr/seed_44/predictions/2fgr_sample_1.cif B A -> /home/junjiechen/1_work/250401-Dpepalign/Benchmark/dataset/PepSet_dimer/2fgr.pdb L A
Total DockQ over 1 native interfaces: 0.906 with BA:LA model:native mapping
DockQ 0.906 iRMSD 0.779 LRMSD 1.238 fnat 0.952 fnonnat 0.231 F1 0.851 clashes 0 mapping BA:LA /home/junjiechen/1_work/250401-Dpepalign/Benchmark/protenix/PepSet/pred/2fka/seed_42/predictions/2fka_sample_2.cif B A -> /home/junjiechen/1_work/250401-Dpepalign/Benchmark/dataset/PepSet_dimer/2fka.pdb L A
Total DockQ over 1 native interfaces: 0.102 with BA:LA model:native mapping
DockQ 0.102 iRMSD 7.397 LRMSD 17.531 fnat 0.077 fnonnat 0.950 F1 0.061 clashes 0 mapping BA:LA /home/junjiechen/1_work/250401-Dpepalign/Benchmark/protenix/PepSet/pred/2fgr/seed_44/predictions/2fgr_sample_3.cif B A -> /home/junjiechen/1_work/250401-Dpepalign/Benchmark/dataset/PepSet_dimer/2fgr.pdb L A
Total DockQ over 1 native interfaces: 0.905 with BA:LA model:native mapping
DockQ 0.905 iRMSD 0.792 LRMSD 1.223 fnat 0.952 fnonnat 0.231 F1 0.851 clashes 0 mapping BA:LA /home/junjiechen/1_work/250401-Dpepalign/Benchmark/protenix/PepSet/pred/2fka/seed_42/predictions/2fka_sample_1.cif B A -> /home/junjiechen/1_work/250401-Dpepalign/Benchmark/dataset/PepSet_dimer/2fka.pdb L A
Total DockQ over 1 native interfaces: 0.111 with BA:LA model:native mapping
DockQ 0.111 iRMSD 7.785 LRMSD 18.069 fnat 0.115 fnonnat 0.935 F1 0.083 clashes 0 mapping BA:LA /home/junjiechen/1_work/250401-Dpepalign/Benchmark/protenix/PepSet/pred/2fgr/seed_44/predictions/2fgr_sample_4.cif B A -> /home/junjiechen/1_work/250401-Dpepalign/Benchmark/dataset/PepSet_dimer/2fgr.pdb L A
Total DockQ over 1 native interfaces: 0.101 with BA:LA model:native mapping
DockQ 0.101 iRMSD 7.441 LRMSD 17.714 fnat 0.077 fnonnat 0.941 F1 0.067 clashes 0 mapping BA:LA /home/junjiechen/1_work/250401-Dpepalign/Benchmark/protenix/PepSet/pred/2fgr/seed_44/predictions/2fgr_sample_2.cif B A -> /home/junjiechen/1_work/250401-Dpepalign/Benchmark/dataset/PepSet_dimer/2fgr.pdb L A
Total DockQ over 1 native interfaces: 0.898 with BA:LA model:native mapping
DockQ 0.898 iRMSD 0.823 LRMSD 1.393 fnat 0.952 fnonnat 0.259 F1 0.833 clashes 0 mapping BA:LA /home/junjiechen/1_work/250401-Dpepalign/Benchmark/protenix/PepSet/pred/2fka/seed_42/predictions/2fka_sample_3.cif B A -> /home/junjiechen/1_work/250401-Dpepalign/Benchmark/dataset/PepSet_dimer/2fka.pdb L A
Total DockQ over 1 native interfaces: 0.902 with BA:LA model:native mapping
DockQ 0.902 iRMSD 0.797 LRMSD 1.359 fnat 0.952 fnonnat 0.259 F1 0.833 clashes 0 mapping BA:LA /home/junjiechen/1_work/250401-Dpepalign/Benchmark/protenix/PepSet/pred/2fka/seed_42/predictions/2fka_sample_4.cif B A -> /home/junjiechen/1_work/250401-Dpepalign/Benchmark/dataset/PepSet_dimer/2fka.pdb L A
Total DockQ over 1 native interfaces: 0.914 with BA:LA model:native mapping
DockQ 0.914 iRMSD 0.716 LRMSD 1.374 fnat 0.952 fnonnat 0.231 F1 0.851 clashes 0 mapping BA:LA /home/junjiechen/1_work/250401-Dpepalign/Benchmark/protenix/PepSet/pred/2fka/seed_43/predictions/2fka_sample_0.cif B A -> /home/junjiechen/1_work/250401-Dpepalign/Benchmark/dataset/PepSet_dimer/2fka.pdb L A
Total DockQ over 1 native interfaces: 0.923 with BA:LA model:native mapping
DockQ 0.923 iRMSD 0.779 LRMSD 1.172 fnat 1.000 fnonnat 0.276 F1 0.840 clashes 0 mapping BA:LA /home/junjiechen/1_work/250401-Dpepalign/Benchmark/protenix/PepSet/pred/2fka/seed_43/predictions/2fka_sample_2.cif B A -> /home/junjiechen/1_work/250401-Dpepalign/Benchmark/dataset/PepSet_dimer/2fka.pdb L A
Total DockQ over 1 native interfaces: 0.904 with BA:LA model:native mapping
DockQ 0.904 iRMSD 0.788 LRMSD 1.305 fnat 0.952 fnonnat 0.259 F1 0.833 clashes 0 mapping BA:LA /home/junjiechen/1_work/250401-Dpepalign/Benchmark/protenix/PepSet/pred/2fka/seed_43/predictions/2fka_sample_1.cif B A -> /home/junjiechen/1_work/250401-Dpepalign/Benchmark/dataset/PepSet_dimer/2fka.pdb L A
Total DockQ over 1 native interfaces: 0.932 with BA:LA model:native mapping
DockQ 0.932 iRMSD 0.707 LRMSD 1.306 fnat 1.000 fnonnat 0.276 F1 0.840 clashes 0 mapping BA:LA /home/junjiechen/1_work/250401-Dpepalign/Benchmark/protenix/PepSet/pred/2fka/seed_43/predictions/2fka_sample_3.cif B A -> /home/junjiechen/1_work/250401-Dpepalign/Benchmark/dataset/PepSet_dimer/2fka.pdb L A
Total DockQ over 1 native interfaces: 0.907 with BA:LA model:native mapping
DockQ 0.907 iRMSD 0.777 LRMSD 1.207 fnat 0.952 fnonnat 0.286 F1 0.816 clashes 0 mapping BA:LA /home/junjiechen/1_work/250401-Dpepalign/Benchmark/protenix/PepSet/pred/2fka/seed_44/predictions/2fka_sample_1.cif B A -> /home/junjiechen/1_work/250401-Dpepalign/Benchmark/dataset/PepSet_dimer/2fka.pdb L A
Total DockQ over 1 native interfaces: 0.911 with BA:LA model:native mapping
DockQ 0.911 iRMSD 0.756 LRMSD 1.154 fnat 0.952 fnonnat 0.200 F1 0.870 clashes 0 mapping BA:LA /home/junjiechen/1_work/250401-Dpepalign/Benchmark/protenix/PepSet/pred/2fka/seed_44/predictions/2fka_sample_0.cif B A -> /home/junjiechen/1_work/250401-Dpepalign/Benchmark/dataset/PepSet_dimer/2fka.pdb L A
Total DockQ over 1 native interfaces: 0.894 with BA:LA model:native mapping
DockQ 0.894 iRMSD 0.851 LRMSD 1.425 fnat 0.952 fnonnat 0.259 F1 0.833 clashes 0 mapping BA:LA /home/junjiechen/1_work/250401-Dpepalign/Benchmark/protenix/PepSet/pred/2fka/seed_43/predictions/2fka_sample_4.cif B A -> /home/junjiechen/1_work/250401-Dpepalign/Benchmark/dataset/PepSet_dimer/2fka.pdb L A
Total DockQ over 1 native interfaces: 0.900 with BA:LA model:native mapping
DockQ 0.900 iRMSD 0.815 LRMSD 1.329 fnat 0.952 fnonnat 0.286 F1 0.816 clashes 0 mapping BA:LA /home/junjiechen/1_work/250401-Dpepalign/Benchmark/protenix/PepSet/pred/2fka/seed_44/predictions/2fka_sample_2.cif B A -> /home/junjiechen/1_work/250401-Dpepalign/Benchmark/dataset/PepSet_dimer/2fka.pdb L A
Total DockQ over 1 native interfaces: 0.908 with BA:LA model:native mapping
DockQ 0.908 iRMSD 0.762 LRMSD 1.315 fnat 0.952 fnonnat 0.310 F1 0.800 clashes 0 mapping BA:LA /home/junjiechen/1_work/250401-Dpepalign/Benchmark/protenix/PepSet/pred/2fka/seed_44/predictions/2fka_sample_3.cif B A -> /home/junjiechen/1_work/250401-Dpepalign/Benchmark/dataset/PepSet_dimer/2fka.pdb L A
Total DockQ over 1 native interfaces: 0.890 with BA:LA model:native mapping
DockQ 0.890 iRMSD 0.860 LRMSD 1.597 fnat 0.952 fnonnat 0.231 F1 0.851 clashes 0 mapping BA:LA /home/junjiechen/1_work/250401-Dpepalign/Benchmark/protenix/PepSet/pred/2fka/seed_44/predictions/2fka_sample_4.cif B A -> /home/junjiechen/1_work/250401-Dpepalign/Benchmark/dataset/PepSet_dimer/2fka.pdb L A
Total DockQ over 1 native interfaces: 0.939 with BA:LA model:native mapping
DockQ 0.939 iRMSD 0.444 LRMSD 1.027 fnat 0.913 fnonnat 0.087 F1 0.913 clashes 0 mapping BA:LA /home/junjiechen/1_work/250401-Dpepalign/Benchmark/protenix/PepSet/pred/2hpl/seed_42/predictions/2hpl_sample_1.cif B A -> /home/junjiechen/1_work/250401-Dpepalign/Benchmark/dataset/PepSet_dimer/2hpl.pdb L A
Total DockQ over 1 native interfaces: 0.929 with BA:LA model:native mapping
DockQ 0.929 iRMSD 0.417 LRMSD 0.831 fnat 0.870 fnonnat 0.130 F1 0.870 clashes 0 mapping BA:LA /home/junjiechen/1_work/250401-Dpepalign/Benchmark/protenix/PepSet/pred/2hpl/seed_42/predictions/2hpl_sample_0.cif B A -> /home/junjiechen/1_work/250401-Dpepalign/Benchmark/dataset/PepSet_dimer/2hpl.pdb L A
Total DockQ over 1 native interfaces: 0.944 with BA:LA model:native mapping
DockQ 0.944 iRMSD 0.415 LRMSD 0.904 fnat 0.913 fnonnat 0.125 F1 0.894 clashes 0 mapping BA:LA /home/junjiechen/1_work/250401-Dpepalign/Benchmark/protenix/PepSet/pred/2hpl/seed_43/predictions/2hpl_sample_1.cif B A -> /home/junjiechen/1_work/250401-Dpepalign/Benchmark/dataset/PepSet_dimer/2hpl.pdb L A
Total DockQ over 1 native interfaces: 0.904 with BA:LA model:native mapping
DockQ 0.904 iRMSD 0.481 LRMSD 1.226 fnat 0.826 fnonnat 0.095 F1 0.864 clashes 0 mapping BA:LA /home/junjiechen/1_work/250401-Dpepalign/Benchmark/protenix/PepSet/pred/2hpl/seed_42/predictions/2hpl_sample_4.cif B A -> /home/junjiechen/1_work/250401-Dpepalign/Benchmark/dataset/PepSet_dimer/2hpl.pdb L A
Total DockQ over 1 native interfaces: 0.934 with BA:LA model:native mapping
DockQ 0.934 iRMSD 0.381 LRMSD 0.689 fnat 0.870 fnonnat 0.091 F1 0.889 clashes 0 mapping BA:LA /home/junjiechen/1_work/250401-Dpepalign/Benchmark/protenix/PepSet/pred/2hpl/seed_43/predictions/2hpl_sample_0.cif B A -> /home/junjiechen/1_work/250401-Dpepalign/Benchmark/dataset/PepSet_dimer/2hpl.pdb L A
Total DockQ over 1 native interfaces: 0.947 with BA:LA model:native mapping
DockQ 0.947 iRMSD 0.397 LRMSD 0.764 fnat 0.913 fnonnat 0.125 F1 0.894 clashes 0 mapping BA:LA /home/junjiechen/1_work/250401-Dpepalign/Benchmark/protenix/PepSet/pred/2hpl/seed_43/predictions/2hpl_sample_2.cif B A -> /home/junjiechen/1_work/250401-Dpepalign/Benchmark/dataset/PepSet_dimer/2hpl.pdb L A
Total DockQ over 1 native interfaces: 0.911 with BA:LA model:native mapping
DockQ 0.911 iRMSD 0.531 LRMSD 1.412 fnat 0.870 fnonnat 0.130 F1 0.870 clashes 0 mapping BA:LA /home/junjiechen/1_work/250401-Dpepalign/Benchmark/protenix/PepSet/pred/2hpl/seed_42/predictions/2hpl_sample_3.cif B A -> /home/junjiechen/1_work/250401-Dpepalign/Benchmark/dataset/PepSet_dimer/2hpl.pdb L A
Total DockQ over 1 native interfaces: 0.922 with BA:LA model:native mapping
DockQ 0.922 iRMSD 0.462 LRMSD 1.104 fnat 0.870 fnonnat 0.048 F1 0.909 clashes 0 mapping BA:LA /home/junjiechen/1_work/250401-Dpepalign/Benchmark/protenix/PepSet/pred/2hpl/seed_43/predictions/2hpl_sample_3.cif B A -> /home/junjiechen/1_work/250401-Dpepalign/Benchmark/dataset/PepSet_dimer/2hpl.pdb L A
Total DockQ over 1 native interfaces: 0.944 with BA:LA model:native mapping
DockQ 0.944 iRMSD 0.408 LRMSD 0.931 fnat 0.913 fnonnat 0.125 F1 0.894 clashes 0 mapping BA:LA /home/junjiechen/1_work/250401-Dpepalign/Benchmark/protenix/PepSet/pred/2hpl/seed_42/predictions/2hpl_sample_2.cif B A -> /home/junjiechen/1_work/250401-Dpepalign/Benchmark/dataset/PepSet_dimer/2hpl.pdb L A
Total DockQ over 1 native interfaces: 0.927 with BA:LA model:native mapping
DockQ 0.927 iRMSD 0.433 LRMSD 0.919 fnat 0.870 fnonnat 0.167 F1 0.851 clashes 0 mapping BA:LA /home/junjiechen/1_work/250401-Dpepalign/Benchmark/protenix/PepSet/pred/2hpl/seed_43/predictions/2hpl_sample_4.cif B A -> /home/junjiechen/1_work/250401-Dpepalign/Benchmark/dataset/PepSet_dimer/2hpl.pdb L A
Total DockQ over 1 native interfaces: 0.948 with BA:LA model:native mapping
DockQ 0.948 iRMSD 0.389 LRMSD 0.614 fnat 0.913 fnonnat 0.160 F1 0.875 clashes 0 mapping BA:LA /home/junjiechen/1_work/250401-Dpepalign/Benchmark/protenix/PepSet/pred/2hpl/seed_44/predictions/2hpl_sample_0.cif B A -> /home/junjiechen/1_work/250401-Dpepalign/Benchmark/dataset/PepSet_dimer/2hpl.pdb L A
Total DockQ over 1 native interfaces: 0.935 with BA:LA model:native mapping
DockQ 0.935 iRMSD 0.371 LRMSD 0.783 fnat 0.870 fnonnat 0.091 F1 0.889 clashes 0 mapping BA:LA /home/junjiechen/1_work/250401-Dpepalign/Benchmark/protenix/PepSet/pred/2hpl/seed_44/predictions/2hpl_sample_1.cif B A -> /home/junjiechen/1_work/250401-Dpepalign/Benchmark/dataset/PepSet_dimer/2hpl.pdb L A
Total DockQ over 1 native interfaces: 0.879 with BA:LA model:native mapping
DockQ 0.879 iRMSD 0.541 LRMSD 1.513 fnat 0.783 fnonnat 0.143 F1 0.818 clashes 0 mapping BA:LA /home/junjiechen/1_work/250401-Dpepalign/Benchmark/protenix/PepSet/pred/2hpl/seed_44/predictions/2hpl_sample_4.cif B A -> /home/junjiechen/1_work/250401-Dpepalign/Benchmark/dataset/PepSet_dimer/2hpl.pdb L A
Total DockQ over 1 native interfaces: 0.962 with BA:LA model:native mapping
DockQ 0.962 iRMSD 0.390 LRMSD 0.793 fnat 0.957 fnonnat 0.083 F1 0.936 clashes 0 mapping BA:LA /home/junjiechen/1_work/250401-Dpepalign/Benchmark/protenix/PepSet/pred/2hpl/seed_44/predictions/2hpl_sample_2.cif B A -> /home/junjiechen/1_work/250401-Dpepalign/Benchmark/dataset/PepSet_dimer/2hpl.pdb L A
Total DockQ over 1 native interfaces: 0.919 with BA:LA model:native mapping
DockQ 0.919 iRMSD 0.474 LRMSD 1.234 fnat 0.870 fnonnat 0.091 F1 0.889 clashes 0 mapping BA:LA /home/junjiechen/1_work/250401-Dpepalign/Benchmark/protenix/PepSet/pred/2hpl/seed_44/predictions/2hpl_sample_3.cif B A -> /home/junjiechen/1_work/250401-Dpepalign/Benchmark/dataset/PepSet_dimer/2hpl.pdb L A
Total DockQ over 1 native interfaces: 0.045 with BA:LA model:native mapping
DockQ 0.045 iRMSD 8.060 LRMSD 25.189 fnat 0.000 fnonnat 1.000 F1 0.000 clashes 1 mapping BA:LA /home/junjiechen/1_work/250401-Dpepalign/Benchmark/protenix/PepSet/pred/2ht9/seed_42/predictions/2ht9_sample_0.cif B A -> /home/junjiechen/1_work/250401-Dpepalign/Benchmark/dataset/PepSet_dimer/2ht9.pdb L A
Total DockQ over 1 native interfaces: 0.045 with BA:LA model:native mapping
DockQ 0.045 iRMSD 8.042 LRMSD 25.327 fnat 0.000 fnonnat 1.000 F1 0.000 clashes 1 mapping BA:LA /home/junjiechen/1_work/250401-Dpepalign/Benchmark/protenix/PepSet/pred/2ht9/seed_42/predictions/2ht9_sample_2.cif B A -> /home/junjiechen/1_work/250401-Dpepalign/Benchmark/dataset/PepSet_dimer/2ht9.pdb L A
Total DockQ over 1 native interfaces: 0.045 with BA:LA model:native mapping
DockQ 0.045 iRMSD 8.080 LRMSD 25.286 fnat 0.000 fnonnat 1.000 F1 0.000 clashes 1 mapping BA:LA /home/junjiechen/1_work/250401-Dpepalign/Benchmark/protenix/PepSet/pred/2ht9/seed_42/predictions/2ht9_sample_1.cif B A -> /home/junjiechen/1_work/250401-Dpepalign/Benchmark/dataset/PepSet_dimer/2ht9.pdb L A
Total DockQ over 1 native interfaces: 0.043 with BA:LA model:native mapping
DockQ 0.043 iRMSD 8.271 LRMSD 26.018 fnat 0.000 fnonnat 1.000 F1 0.000 clashes 2 mapping BA:LA /home/junjiechen/1_work/250401-Dpepalign/Benchmark/protenix/PepSet/pred/2ht9/seed_42/predictions/2ht9_sample_3.cif B A -> /home/junjiechen/1_work/250401-Dpepalign/Benchmark/dataset/PepSet_dimer/2ht9.pdb L A
Total DockQ over 1 native interfaces: 0.131 with BA:LA model:native mapping
DockQ 0.131 iRMSD 7.155 LRMSD 18.782 fnat 0.182 fnonnat 0.947 F1 0.082 clashes 0 mapping BA:LA /home/junjiechen/1_work/250401-Dpepalign/Benchmark/protenix/PepSet/pred/2ht9/seed_43/predictions/2ht9_sample_0.cif B A -> /home/junjiechen/1_work/250401-Dpepalign/Benchmark/dataset/PepSet_dimer/2ht9.pdb L A
Total DockQ over 1 native interfaces: 0.047 with BA:LA model:native mapping
DockQ 0.047 iRMSD 7.793 LRMSD 24.852 fnat 0.000 fnonnat 1.000 F1 0.000 clashes 1 mapping BA:LA /home/junjiechen/1_work/250401-Dpepalign/Benchmark/protenix/PepSet/pred/2ht9/seed_42/predictions/2ht9_sample_4.cif B A -> /home/junjiechen/1_work/250401-Dpepalign/Benchmark/dataset/PepSet_dimer/2ht9.pdb L A
Total DockQ over 1 native interfaces: 0.201 with BA:LA model:native mapping
DockQ 0.201 iRMSD 6.908 LRMSD 17.342 fnat 0.364 fnonnat 0.922 F1 0.129 clashes 3 mapping BA:LA /home/junjiechen/1_work/250401-Dpepalign/Benchmark/protenix/PepSet/pred/2ht9/seed_43/predictions/2ht9_sample_1.cif B A -> /home/junjiechen/1_work/250401-Dpepalign/Benchmark/dataset/PepSet_dimer/2ht9.pdb L A
Total DockQ over 1 native interfaces: 0.045 with BA:LA model:native mapping
DockQ 0.045 iRMSD 8.496 LRMSD 24.949 fnat 0.000 fnonnat 1.000 F1 0.000 clashes 0 mapping BA:LA /home/junjiechen/1_work/250401-Dpepalign/Benchmark/protenix/PepSet/pred/2ht9/seed_43/predictions/2ht9_sample_3.cif B A -> /home/junjiechen/1_work/250401-Dpepalign/Benchmark/dataset/PepSet_dimer/2ht9.pdb L A
Total DockQ over 1 native interfaces: 0.167 with BA:LA model:native mapping
DockQ 0.167 iRMSD 7.292 LRMSD 17.627 fnat 0.273 fnonnat 0.930 F1 0.111 clashes 1 mapping BA:LA /home/junjiechen/1_work/250401-Dpepalign/Benchmark/protenix/PepSet/pred/2ht9/seed_43/predictions/2ht9_sample_2.cif B A -> /home/junjiechen/1_work/250401-Dpepalign/Benchmark/dataset/PepSet_dimer/2ht9.pdb L A
Total DockQ over 1 native interfaces: 0.040 with BA:LA model:native mapping
DockQ 0.040 iRMSD 8.763 LRMSD 26.589 fnat 0.000 fnonnat 1.000 F1 0.000 clashes 1 mapping BA:LA /home/junjiechen/1_work/250401-Dpepalign/Benchmark/protenix/PepSet/pred/2ht9/seed_44/predictions/2ht9_sample_1.cif B A -> /home/junjiechen/1_work/250401-Dpepalign/Benchmark/dataset/PepSet_dimer/2ht9.pdb L A
Total DockQ over 1 native interfaces: 0.039 with BA:LA model:native mapping
DockQ 0.039 iRMSD 9.882 LRMSD 26.512 fnat 0.000 fnonnat 1.000 F1 0.000 clashes 0 mapping BA:LA /home/junjiechen/1_work/250401-Dpepalign/Benchmark/protenix/PepSet/pred/2ht9/seed_43/predictions/2ht9_sample_4.cif B A -> /home/junjiechen/1_work/250401-Dpepalign/Benchmark/dataset/PepSet_dimer/2ht9.pdb L A
Total DockQ over 1 native interfaces: 0.040 with BA:LA model:native mapping
DockQ 0.040 iRMSD 8.778 LRMSD 26.922 fnat 0.000 fnonnat 1.000 F1 0.000 clashes 1 mapping BA:LA /home/junjiechen/1_work/250401-Dpepalign/Benchmark/protenix/PepSet/pred/2ht9/seed_44/predictions/2ht9_sample_2.cif B A -> /home/junjiechen/1_work/250401-Dpepalign/Benchmark/dataset/PepSet_dimer/2ht9.pdb L A
Total DockQ over 1 native interfaces: 0.035 with BA:LA model:native mapping
DockQ 0.035 iRMSD 9.560 LRMSD 28.515 fnat 0.000 fnonnat 1.000 F1 0.000 clashes 0 mapping BA:LA /home/junjiechen/1_work/250401-Dpepalign/Benchmark/protenix/PepSet/pred/2ht9/seed_44/predictions/2ht9_sample_0.cif B A -> /home/junjiechen/1_work/250401-Dpepalign/Benchmark/dataset/PepSet_dimer/2ht9.pdb L A
Total DockQ over 1 native interfaces: 0.301 with BA:LA model:native mapping
DockQ 0.301 iRMSD 5.374 LRMSD 13.426 fnat 0.545 fnonnat 0.878 F1 0.200 clashes 0 mapping BA:LA /home/junjiechen/1_work/250401-Dpepalign/Benchmark/protenix/PepSet/pred/2ht9/seed_44/predictions/2ht9_sample_3.cif B A -> /home/junjiechen/1_work/250401-Dpepalign/Benchmark/dataset/PepSet_dimer/2ht9.pdb L A
Total DockQ over 1 native interfaces: 0.037 with BA:LA model:native mapping
DockQ 0.037 iRMSD 10.422 LRMSD 26.674 fnat 0.000 fnonnat 1.000 F1 0.000 clashes 2 mapping BA:LA /home/junjiechen/1_work/250401-Dpepalign/Benchmark/protenix/PepSet/pred/2ht9/seed_44/predictions/2ht9_sample_4.cif B A -> /home/junjiechen/1_work/250401-Dpepalign/Benchmark/dataset/PepSet_dimer/2ht9.pdb L A
Total DockQ over 1 native interfaces: 0.154 with BA:LA model:native mapping
DockQ 0.154 iRMSD 6.161 LRMSD 12.973 fnat 0.106 fnonnat 0.921 F1 0.091 clashes 1 mapping BA:LA /home/junjiechen/1_work/250401-Dpepalign/Benchmark/protenix/PepSet/pred/2i94/seed_42/predictions/2i94_sample_0.cif B A -> /home/junjiechen/1_work/250401-Dpepalign/Benchmark/dataset/PepSet_dimer/2i94.pdb L A
Total DockQ over 1 native interfaces: 0.129 with BA:LA model:native mapping
DockQ 0.129 iRMSD 7.169 LRMSD 15.170 fnat 0.106 fnonnat 0.930 F1 0.085 clashes 0 mapping BA:LA /home/junjiechen/1_work/250401-Dpepalign/Benchmark/protenix/PepSet/pred/2i94/seed_42/predictions/2i94_sample_1.cif B A -> /home/junjiechen/1_work/250401-Dpepalign/Benchmark/dataset/PepSet_dimer/2i94.pdb L A
Total DockQ over 1 native interfaces: 0.144 with BA:LA model:native mapping
DockQ 0.144 iRMSD 6.223 LRMSD 13.197 fnat 0.085 fnonnat 0.938 F1 0.071 clashes 2 mapping BA:LA /home/junjiechen/1_work/250401-Dpepalign/Benchmark/protenix/PepSet/pred/2i94/seed_42/predictions/2i94_sample_2.cif B A -> /home/junjiechen/1_work/250401-Dpepalign/Benchmark/dataset/PepSet_dimer/2i94.pdb L A
Total DockQ over 1 native interfaces: 0.152 with BA:LA model:native mapping
DockQ 0.152 iRMSD 6.244 LRMSD 13.094 fnat 0.106 fnonnat 0.918 F1 0.093 clashes 1 mapping BA:LA /home/junjiechen/1_work/250401-Dpepalign/Benchmark/protenix/PepSet/pred/2i94/seed_42/predictions/2i94_sample_4.cif B A -> /home/junjiechen/1_work/250401-Dpepalign/Benchmark/dataset/PepSet_dimer/2i94.pdb L A
Total DockQ over 1 native interfaces: 0.154 with BA:LA model:native mapping
DockQ 0.154 iRMSD 6.185 LRMSD 13.023 fnat 0.106 fnonnat 0.922 F1 0.090 clashes 1 mapping BA:LA /home/junjiechen/1_work/250401-Dpepalign/Benchmark/protenix/PepSet/pred/2i94/seed_42/predictions/2i94_sample_3.cif B A -> /home/junjiechen/1_work/250401-Dpepalign/Benchmark/dataset/PepSet_dimer/2i94.pdb L A
Total DockQ over 1 native interfaces: 0.157 with BA:LA model:native mapping
DockQ 0.157 iRMSD 6.284 LRMSD 13.356 fnat 0.128 fnonnat 0.908 F1 0.107 clashes 1 mapping BA:LA /home/junjiechen/1_work/250401-Dpepalign/Benchmark/protenix/PepSet/pred/2i94/seed_43/predictions/2i94_sample_0.cif B A -> /home/junjiechen/1_work/250401-Dpepalign/Benchmark/dataset/PepSet_dimer/2i94.pdb L A
Total DockQ over 1 native interfaces: 0.150 with BA:LA model:native mapping
DockQ 0.150 iRMSD 6.288 LRMSD 13.350 fnat 0.106 fnonnat 0.919 F1 0.092 clashes 1 mapping BA:LA /home/junjiechen/1_work/250401-Dpepalign/Benchmark/protenix/PepSet/pred/2i94/seed_43/predictions/2i94_sample_1.cif B A -> /home/junjiechen/1_work/250401-Dpepalign/Benchmark/dataset/PepSet_dimer/2i94.pdb L A
Total DockQ over 1 native interfaces: 0.151 with BA:LA model:native mapping
DockQ 0.151 iRMSD 6.218 LRMSD 13.204 fnat 0.106 fnonnat 0.921 F1 0.091 clashes 1 mapping BA:LA /home/junjiechen/1_work/250401-Dpepalign/Benchmark/protenix/PepSet/pred/2i94/seed_43/predictions/2i94_sample_2.cif B A -> /home/junjiechen/1_work/250401-Dpepalign/Benchmark/dataset/PepSet_dimer/2i94.pdb L A
Total DockQ over 1 native interfaces: 0.143 with BA:LA model:native mapping
DockQ 0.143 iRMSD 6.855 LRMSD 14.498 fnat 0.128 fnonnat 0.919 F1 0.099 clashes 0 mapping BA:LA /home/junjiechen/1_work/250401-Dpepalign/Benchmark/protenix/PepSet/pred/2i94/seed_43/predictions/2i94_sample_4.cif B A -> /home/junjiechen/1_work/250401-Dpepalign/Benchmark/dataset/PepSet_dimer/2i94.pdb L A
Total DockQ over 1 native interfaces: 0.135 with BA:LA model:native mapping
DockQ 0.135 iRMSD 6.954 LRMSD 14.566 fnat 0.106 fnonnat 0.931 F1 0.084 clashes 0 mapping BA:LA /home/junjiechen/1_work/250401-Dpepalign/Benchmark/protenix/PepSet/pred/2i94/seed_43/predictions/2i94_sample_3.cif B A -> /home/junjiechen/1_work/250401-Dpepalign/Benchmark/dataset/PepSet_dimer/2i94.pdb L A
Total DockQ over 1 native interfaces: 0.159 with BA:LA model:native mapping
DockQ 0.159 iRMSD 6.299 LRMSD 13.145 fnat 0.128 fnonnat 0.912 F1 0.104 clashes 1 mapping BA:LA /home/junjiechen/1_work/250401-Dpepalign/Benchmark/protenix/PepSet/pred/2i94/seed_44/predictions/2i94_sample_0.cif B A -> /home/junjiechen/1_work/250401-Dpepalign/Benchmark/dataset/PepSet_dimer/2i94.pdb L A
Total DockQ over 1 native interfaces: 0.144 with BA:LA model:native mapping
DockQ 0.144 iRMSD 6.297 LRMSD 13.240 fnat 0.085 fnonnat 0.942 F1 0.069 clashes 1 mapping BA:LA /home/junjiechen/1_work/250401-Dpepalign/Benchmark/protenix/PepSet/pred/2i94/seed_44/predictions/2i94_sample_1.cif B A -> /home/junjiechen/1_work/250401-Dpepalign/Benchmark/dataset/PepSet_dimer/2i94.pdb L A
Total DockQ over 1 native interfaces: 0.160 with BA:LA model:native mapping
DockQ 0.160 iRMSD 6.225 LRMSD 13.056 fnat 0.128 fnonnat 0.903 F1 0.110 clashes 1 mapping BA:LA /home/junjiechen/1_work/250401-Dpepalign/Benchmark/protenix/PepSet/pred/2i94/seed_44/predictions/2i94_sample_2.cif B A -> /home/junjiechen/1_work/250401-Dpepalign/Benchmark/dataset/PepSet_dimer/2i94.pdb L A
Total DockQ over 1 native interfaces: 0.159 with BA:LA model:native mapping
DockQ 0.159 iRMSD 6.282 LRMSD 13.155 fnat 0.128 fnonnat 0.908 F1 0.107 clashes 1 mapping BA:LA /home/junjiechen/1_work/250401-Dpepalign/Benchmark/protenix/PepSet/pred/2i94/seed_44/predictions/2i94_sample_4.cif B A -> /home/junjiechen/1_work/250401-Dpepalign/Benchmark/dataset/PepSet_dimer/2i94.pdb L A
Total DockQ over 1 native interfaces: 0.161 with BA:LA model:native mapping
DockQ 0.161 iRMSD 6.198 LRMSD 12.982 fnat 0.128 fnonnat 0.912 F1 0.104 clashes 0 mapping BA:LA /home/junjiechen/1_work/250401-Dpepalign/Benchmark/protenix/PepSet/pred/2i94/seed_44/predictions/2i94_sample_3.cif B A -> /home/junjiechen/1_work/250401-Dpepalign/Benchmark/dataset/PepSet_dimer/2i94.pdb L A
Total DockQ over 1 native interfaces: 0.208 with BA:LA model:native mapping
DockQ 0.208 iRMSD 3.902 LRMSD 10.347 fnat 0.093 fnonnat 0.923 F1 0.084 clashes 0 mapping BA:LA /home/junjiechen/1_work/250401-Dpepalign/Benchmark/protenix/PepSet/pred/2ivz/seed_42/predictions/2ivz_sample_0.cif B A -> /home/junjiechen/1_work/250401-Dpepalign/Benchmark/dataset/PepSet_dimer/2ivz.pdb L A
Total DockQ over 1 native interfaces: 0.201 with BA:LA model:native mapping
DockQ 0.201 iRMSD 3.915 LRMSD 10.414 fnat 0.074 fnonnat 0.934 F1 0.070 clashes 0 mapping BA:LA /home/junjiechen/1_work/250401-Dpepalign/Benchmark/protenix/PepSet/pred/2ivz/seed_42/predictions/2ivz_sample_2.cif B A -> /home/junjiechen/1_work/250401-Dpepalign/Benchmark/dataset/PepSet_dimer/2ivz.pdb L A
Total DockQ over 1 native interfaces: 0.191 with BA:LA model:native mapping
DockQ 0.191 iRMSD 4.075 LRMSD 10.844 fnat 0.074 fnonnat 0.947 F1 0.062 clashes 0 mapping BA:LA /home/junjiechen/1_work/250401-Dpepalign/Benchmark/protenix/PepSet/pred/2ivz/seed_42/predictions/2ivz_sample_3.cif B A -> /home/junjiechen/1_work/250401-Dpepalign/Benchmark/dataset/PepSet_dimer/2ivz.pdb L A
Total DockQ over 1 native interfaces: 0.224 with BA:LA model:native mapping
DockQ 0.224 iRMSD 3.680 LRMSD 9.667 fnat 0.093 fnonnat 0.923 F1 0.084 clashes 1 mapping BA:LA /home/junjiechen/1_work/250401-Dpepalign/Benchmark/protenix/PepSet/pred/2ivz/seed_42/predictions/2ivz_sample_4.cif B A -> /home/junjiechen/1_work/250401-Dpepalign/Benchmark/dataset/PepSet_dimer/2ivz.pdb L A
Total DockQ over 1 native interfaces: 0.192 with BA:LA model:native mapping
DockQ 0.192 iRMSD 4.072 LRMSD 10.817 fnat 0.074 fnonnat 0.942 F1 0.065 clashes 0 mapping BA:LA /home/junjiechen/1_work/250401-Dpepalign/Benchmark/protenix/PepSet/pred/2ivz/seed_42/predictions/2ivz_sample_1.cif B A -> /home/junjiechen/1_work/250401-Dpepalign/Benchmark/dataset/PepSet_dimer/2ivz.pdb L A
Total DockQ over 1 native interfaces: 0.192 with BA:LA model:native mapping
DockQ 0.192 iRMSD 4.089 LRMSD 10.815 fnat 0.074 fnonnat 0.935 F1 0.069 clashes 0 mapping BA:LA /home/junjiechen/1_work/250401-Dpepalign/Benchmark/protenix/PepSet/pred/2ivz/seed_43/predictions/2ivz_sample_0.cif B A -> /home/junjiechen/1_work/250401-Dpepalign/Benchmark/dataset/PepSet_dimer/2ivz.pdb L A
Total DockQ over 1 native interfaces: 0.233 with BA:LA model:native mapping
DockQ 0.233 iRMSD 3.542 LRMSD 9.339 fnat 0.093 fnonnat 0.919 F1 0.086 clashes 0 mapping BA:LA /home/junjiechen/1_work/250401-Dpepalign/Benchmark/protenix/PepSet/pred/2ivz/seed_43/predictions/2ivz_sample_1.cif B A -> /home/junjiechen/1_work/250401-Dpepalign/Benchmark/dataset/PepSet_dimer/2ivz.pdb L A
Total DockQ over 1 native interfaces: 0.187 with BA:LA model:native mapping
DockQ 0.187 iRMSD 4.151 LRMSD 11.036 fnat 0.074 fnonnat 0.939 F1 0.067 clashes 0 mapping BA:LA /home/junjiechen/1_work/250401-Dpepalign/Benchmark/protenix/PepSet/pred/2ivz/seed_43/predictions/2ivz_sample_3.cif B A -> /home/junjiechen/1_work/250401-Dpepalign/Benchmark/dataset/PepSet_dimer/2ivz.pdb L A
Total DockQ over 1 native interfaces: 0.225 with BA:LA model:native mapping
DockQ 0.225 iRMSD 3.708 LRMSD 9.900 fnat 0.111 fnonnat 0.900 F1 0.105 clashes 0 mapping BA:LA /home/junjiechen/1_work/250401-Dpepalign/Benchmark/protenix/PepSet/pred/2ivz/seed_43/predictions/2ivz_sample_4.cif B A -> /home/junjiechen/1_work/250401-Dpepalign/Benchmark/dataset/PepSet_dimer/2ivz.pdb L A
Total DockQ over 1 native interfaces: 0.179 with BA:LA model:native mapping
DockQ 0.179 iRMSD 4.316 LRMSD 11.434 fnat 0.074 fnonnat 0.941 F1 0.066 clashes 2 mapping BA:LA /home/junjiechen/1_work/250401-Dpepalign/Benchmark/protenix/PepSet/pred/2ivz/seed_43/predictions/2ivz_sample_2.cif B A -> /home/junjiechen/1_work/250401-Dpepalign/Benchmark/dataset/PepSet_dimer/2ivz.pdb L A
Total DockQ over 1 native interfaces: 0.819 with BA:LA model:native mapping
DockQ 0.819 iRMSD 1.076 LRMSD 2.058 fnat 0.852 fnonnat 0.233 F1 0.807 clashes 0 mapping BA:LA /home/junjiechen/1_work/250401-Dpepalign/Benchmark/protenix/PepSet/pred/2ivz/seed_44/predictions/2ivz_sample_0.cif B A -> /home/junjiechen/1_work/250401-Dpepalign/Benchmark/dataset/PepSet_dimer/2ivz.pdb L A
Total DockQ over 1 native interfaces: 0.802 with BA:LA model:native mapping
DockQ 0.802 iRMSD 1.106 LRMSD 2.091 fnat 0.815 fnonnat 0.279 F1 0.765 clashes 0 mapping BA:LA /home/junjiechen/1_work/250401-Dpepalign/Benchmark/protenix/PepSet/pred/2ivz/seed_44/predictions/2ivz_sample_2.cif B A -> /home/junjiechen/1_work/250401-Dpepalign/Benchmark/dataset/PepSet_dimer/2ivz.pdb L A
Total DockQ over 1 native interfaces: 0.823 with BA:LA model:native mapping
DockQ 0.823 iRMSD 1.089 LRMSD 2.057 fnat 0.870 fnonnat 0.242 F1 0.810 clashes 0 mapping BA:LA /home/junjiechen/1_work/250401-Dpepalign/Benchmark/protenix/PepSet/pred/2ivz/seed_44/predictions/2ivz_sample_1.cif B A -> /home/junjiechen/1_work/250401-Dpepalign/Benchmark/dataset/PepSet_dimer/2ivz.pdb L A
Total DockQ over 1 native interfaces: 0.428 with BA:LA model:native mapping
DockQ 0.428 iRMSD 2.740 LRMSD 7.182 fnat 0.471 fnonnat 0.667 F1 0.390 clashes 0 mapping BA:LA /home/junjiechen/1_work/250401-Dpepalign/Benchmark/protenix/PepSet/pred/2jkg/seed_42/predictions/2jkg_sample_0.cif B A -> /home/junjiechen/1_work/250401-Dpepalign/Benchmark/dataset/PepSet_dimer/2jkg.pdb L A
Total DockQ over 1 native interfaces: 0.382 with BA:LA model:native mapping
DockQ 0.382 iRMSD 2.989 LRMSD 7.975 fnat 0.412 fnonnat 0.720 F1 0.333 clashes 0 mapping BA:LA /home/junjiechen/1_work/250401-Dpepalign/Benchmark/protenix/PepSet/pred/2jkg/seed_42/predictions/2jkg_sample_1.cif B A -> /home/junjiechen/1_work/250401-Dpepalign/Benchmark/dataset/PepSet_dimer/2jkg.pdb L A
Total DockQ over 1 native interfaces: 0.785 with BA:LA model:native mapping
DockQ 0.785 iRMSD 1.187 LRMSD 2.427 fnat 0.815 fnonnat 0.267 F1 0.772 clashes 0 mapping BA:LA /home/junjiechen/1_work/250401-Dpepalign/Benchmark/protenix/PepSet/pred/2ivz/seed_44/predictions/2ivz_sample_3.cif B A -> /home/junjiechen/1_work/250401-Dpepalign/Benchmark/dataset/PepSet_dimer/2ivz.pdb L A
Total DockQ over 1 native interfaces: 0.825 with BA:LA model:native mapping
DockQ 0.825 iRMSD 1.043 LRMSD 1.975 fnat 0.852 fnonnat 0.207 F1 0.821 clashes 0 mapping BA:LA /home/junjiechen/1_work/250401-Dpepalign/Benchmark/protenix/PepSet/pred/2ivz/seed_44/predictions/2ivz_sample_4.cif B A -> /home/junjiechen/1_work/250401-Dpepalign/Benchmark/dataset/PepSet_dimer/2ivz.pdb L A
Total DockQ over 1 native interfaces: 0.499 with BA:LA model:native mapping
DockQ 0.499 iRMSD 1.913 LRMSD 4.736 fnat 0.353 fnonnat 0.739 F1 0.300 clashes 0 mapping BA:LA /home/junjiechen/1_work/250401-Dpepalign/Benchmark/protenix/PepSet/pred/2jkg/seed_42/predictions/2jkg_sample_2.cif B A -> /home/junjiechen/1_work/250401-Dpepalign/Benchmark/dataset/PepSet_dimer/2jkg.pdb L A
Total DockQ over 1 native interfaces: 0.910 with BA:LA model:native mapping
DockQ 0.910 iRMSD 0.610 LRMSD 0.917 fnat 0.882 fnonnat 0.211 F1 0.833 clashes 0 mapping BA:LA /home/junjiechen/1_work/250401-Dpepalign/Benchmark/protenix/PepSet/pred/2jkg/seed_42/predictions/2jkg_sample_3.cif B A -> /home/junjiechen/1_work/250401-Dpepalign/Benchmark/dataset/PepSet_dimer/2jkg.pdb L A
Total DockQ over 1 native interfaces: 0.162 with BA:LA model:native mapping
DockQ 0.162 iRMSD 6.069 LRMSD 14.693 fnat 0.176 fnonnat 0.870 F1 0.150 clashes 0 mapping BA:LA /home/junjiechen/1_work/250401-Dpepalign/Benchmark/protenix/PepSet/pred/2jkg/seed_42/predictions/2jkg_sample_4.cif B A -> /home/junjiechen/1_work/250401-Dpepalign/Benchmark/dataset/PepSet_dimer/2jkg.pdb L A
Total DockQ over 1 native interfaces: 0.412 with BA:LA model:native mapping
DockQ 0.412 iRMSD 2.748 LRMSD 7.001 fnat 0.412 fnonnat 0.696 F1 0.350 clashes 0 mapping BA:LA /home/junjiechen/1_work/250401-Dpepalign/Benchmark/protenix/PepSet/pred/2jkg/seed_43/predictions/2jkg_sample_1.cif B A -> /home/junjiechen/1_work/250401-Dpepalign/Benchmark/dataset/PepSet_dimer/2jkg.pdb L A
Total DockQ over 1 native interfaces: 0.436 with BA:LA model:native mapping
DockQ 0.436 iRMSD 2.690 LRMSD 6.946 fnat 0.471 fnonnat 0.667 F1 0.390 clashes 0 mapping BA:LA /home/junjiechen/1_work/250401-Dpepalign/Benchmark/protenix/PepSet/pred/2jkg/seed_43/predictions/2jkg_sample_0.cif B A -> /home/junjiechen/1_work/250401-Dpepalign/Benchmark/dataset/PepSet_dimer/2jkg.pdb L A
Total DockQ over 1 native interfaces: 0.539 with BA:LA model:native mapping
DockQ 0.539 iRMSD 1.784 LRMSD 4.368 fnat 0.412 fnonnat 0.682 F1 0.359 clashes 0 mapping BA:LA /home/junjiechen/1_work/250401-Dpepalign/Benchmark/protenix/PepSet/pred/2jkg/seed_43/predictions/2jkg_sample_2.cif B A -> /home/junjiechen/1_work/250401-Dpepalign/Benchmark/dataset/PepSet_dimer/2jkg.pdb L A
Total DockQ over 1 native interfaces: 0.626 with BA:LA model:native mapping
DockQ 0.626 iRMSD 1.494 LRMSD 3.620 fnat 0.529 fnonnat 0.400 F1 0.562 clashes 0 mapping BA:LA /home/junjiechen/1_work/250401-Dpepalign/Benchmark/protenix/PepSet/pred/2jkg/seed_43/predictions/2jkg_sample_3.cif B A -> /home/junjiechen/1_work/250401-Dpepalign/Benchmark/dataset/PepSet_dimer/2jkg.pdb L A
Total DockQ over 1 native interfaces: 0.211 with BA:LA model:native mapping
DockQ 0.211 iRMSD 5.852 LRMSD 13.706 fnat 0.294 fnonnat 0.762 F1 0.263 clashes 0 mapping BA:LA /home/junjiechen/1_work/250401-Dpepalign/Benchmark/protenix/PepSet/pred/2jkg/seed_43/predictions/2jkg_sample_4.cif B A -> /home/junjiechen/1_work/250401-Dpepalign/Benchmark/dataset/PepSet_dimer/2jkg.pdb L A
Total DockQ over 1 native interfaces: 0.471 with BA:LA model:native mapping
DockQ 0.471 iRMSD 2.380 LRMSD 6.111 fnat 0.471 fnonnat 0.636 F1 0.410 clashes 0 mapping BA:LA /home/junjiechen/1_work/250401-Dpepalign/Benchmark/protenix/PepSet/pred/2jkg/seed_44/predictions/2jkg_sample_0.cif B A -> /home/junjiechen/1_work/250401-Dpepalign/Benchmark/dataset/PepSet_dimer/2jkg.pdb L A
Total DockQ over 1 native interfaces: 0.152 with BA:LA model:native mapping
DockQ 0.152 iRMSD 6.418 LRMSD 15.660 fnat 0.176 fnonnat 0.833 F1 0.171 clashes 0 mapping BA:LA /home/junjiechen/1_work/250401-Dpepalign/Benchmark/protenix/PepSet/pred/2jkg/seed_44/predictions/2jkg_sample_4.cif B A -> /home/junjiechen/1_work/250401-Dpepalign/Benchmark/dataset/PepSet_dimer/2jkg.pdb L A
Total DockQ over 1 native interfaces: 0.420 with BA:LA model:native mapping
DockQ 0.420 iRMSD 2.823 LRMSD 7.398 fnat 0.471 fnonnat 0.556 F1 0.457 clashes 0 mapping BA:LA /home/junjiechen/1_work/250401-Dpepalign/Benchmark/protenix/PepSet/pred/2jkg/seed_44/predictions/2jkg_sample_1.cif B A -> /home/junjiechen/1_work/250401-Dpepalign/Benchmark/dataset/PepSet_dimer/2jkg.pdb L A
Total DockQ over 1 native interfaces: 0.924 with BA:LA model:native mapping
DockQ 0.924 iRMSD 0.619 LRMSD 1.326 fnat 0.941 fnonnat 0.158 F1 0.889 clashes 0 mapping BA:LA /home/junjiechen/1_work/250401-Dpepalign/Benchmark/protenix/PepSet/pred/2jkg/seed_44/predictions/2jkg_sample_3.cif B A -> /home/junjiechen/1_work/250401-Dpepalign/Benchmark/dataset/PepSet_dimer/2jkg.pdb L A
Total DockQ over 1 native interfaces: 0.675 with BA:LA model:native mapping
DockQ 0.675 iRMSD 1.178 LRMSD 3.168 fnat 0.529 fnonnat 0.471 F1 0.529 clashes 0 mapping BA:LA /home/junjiechen/1_work/250401-Dpepalign/Benchmark/protenix/PepSet/pred/2jkg/seed_44/predictions/2jkg_sample_2.cif B A -> /home/junjiechen/1_work/250401-Dpepalign/Benchmark/dataset/PepSet_dimer/2jkg.pdb L A
Total DockQ over 1 native interfaces: 0.376 with BA:LA model:native mapping
DockQ 0.376 iRMSD 3.153 LRMSD 7.328 fnat 0.368 fnonnat 0.576 F1 0.394 clashes 1 mapping BA:LA /home/junjiechen/1_work/250401-Dpepalign/Benchmark/protenix/PepSet/pred/2jnw/seed_42/predictions/2jnw_sample_0.cif B A -> /home/junjiechen/1_work/250401-Dpepalign/Benchmark/dataset/PepSet_dimer/2jnw.pdb L A
Total DockQ over 1 native interfaces: 0.383 with BA:LA model:native mapping
DockQ 0.383 iRMSD 3.162 LRMSD 7.388 fnat 0.395 fnonnat 0.595 F1 0.400 clashes 1 mapping BA:LA /home/junjiechen/1_work/250401-Dpepalign/Benchmark/protenix/PepSet/pred/2jnw/seed_42/predictions/2jnw_sample_1.cif B A -> /home/junjiechen/1_work/250401-Dpepalign/Benchmark/dataset/PepSet_dimer/2jnw.pdb L A
Total DockQ over 1 native interfaces: 0.419 with BA:LA model:native mapping
DockQ 0.419 iRMSD 2.990 LRMSD 6.834 fnat 0.447 fnonnat 0.485 F1 0.479 clashes 0 mapping BA:LA /home/junjiechen/1_work/250401-Dpepalign/Benchmark/protenix/PepSet/pred/2jnw/seed_42/predictions/2jnw_sample_3.cif B A -> /home/junjiechen/1_work/250401-Dpepalign/Benchmark/dataset/PepSet_dimer/2jnw.pdb L A
Total DockQ over 1 native interfaces: 0.392 with BA:LA model:native mapping
DockQ 0.392 iRMSD 3.081 LRMSD 7.077 fnat 0.395 fnonnat 0.545 F1 0.423 clashes 1 mapping BA:LA /home/junjiechen/1_work/250401-Dpepalign/Benchmark/protenix/PepSet/pred/2jnw/seed_42/predictions/2jnw_sample_2.cif B A -> /home/junjiechen/1_work/250401-Dpepalign/Benchmark/dataset/PepSet_dimer/2jnw.pdb L A
Total DockQ over 1 native interfaces: 0.405 with BA:LA model:native mapping
DockQ 0.405 iRMSD 3.024 LRMSD 6.975 fnat 0.421 fnonnat 0.515 F1 0.451 clashes 0 mapping BA:LA /home/junjiechen/1_work/250401-Dpepalign/Benchmark/protenix/PepSet/pred/2jnw/seed_42/predictions/2jnw_sample_4.cif B A -> /home/junjiechen/1_work/250401-Dpepalign/Benchmark/dataset/PepSet_dimer/2jnw.pdb L A
Total DockQ over 1 native interfaces: 0.376 with BA:LA model:native mapping
DockQ 0.376 iRMSD 3.232 LRMSD 7.589 fnat 0.395 fnonnat 0.531 F1 0.429 clashes 1 mapping BA:LA /home/junjiechen/1_work/250401-Dpepalign/Benchmark/protenix/PepSet/pred/2jnw/seed_43/predictions/2jnw_sample_2.cif B A -> /home/junjiechen/1_work/250401-Dpepalign/Benchmark/dataset/PepSet_dimer/2jnw.pdb L A
Total DockQ over 1 native interfaces: 0.414 with BA:LA model:native mapping
DockQ 0.414 iRMSD 2.953 LRMSD 6.730 fnat 0.421 fnonnat 0.515 F1 0.451 clashes 0 mapping BA:LA /home/junjiechen/1_work/250401-Dpepalign/Benchmark/protenix/PepSet/pred/2jnw/seed_43/predictions/2jnw_sample_0.cif B A -> /home/junjiechen/1_work/250401-Dpepalign/Benchmark/dataset/PepSet_dimer/2jnw.pdb L A
Total DockQ over 1 native interfaces: 0.419 with BA:LA model:native mapping
DockQ 0.419 iRMSD 2.904 LRMSD 6.587 fnat 0.421 fnonnat 0.515 F1 0.451 clashes 0 mapping BA:LA /home/junjiechen/1_work/250401-Dpepalign/Benchmark/protenix/PepSet/pred/2jnw/seed_43/predictions/2jnw_sample_1.cif B A -> /home/junjiechen/1_work/250401-Dpepalign/Benchmark/dataset/PepSet_dimer/2jnw.pdb L A
Total DockQ over 1 native interfaces: 0.398 with BA:LA model:native mapping
DockQ 0.398 iRMSD 3.205 LRMSD 7.449 fnat 0.447 fnonnat 0.500 F1 0.472 clashes 0 mapping BA:LA /home/junjiechen/1_work/250401-Dpepalign/Benchmark/protenix/PepSet/pred/2jnw/seed_43/predictions/2jnw_sample_3.cif B A -> /home/junjiechen/1_work/250401-Dpepalign/Benchmark/dataset/PepSet_dimer/2jnw.pdb L A
Total DockQ over 1 native interfaces: 0.381 with BA:LA model:native mapping
DockQ 0.381 iRMSD 3.177 LRMSD 7.451 fnat 0.395 fnonnat 0.545 F1 0.423 clashes 0 mapping BA:LA /home/junjiechen/1_work/250401-Dpepalign/Benchmark/protenix/PepSet/pred/2jnw/seed_43/predictions/2jnw_sample_4.cif B A -> /home/junjiechen/1_work/250401-Dpepalign/Benchmark/dataset/PepSet_dimer/2jnw.pdb L A
Total DockQ over 1 native interfaces: 0.411 with BA:LA model:native mapping
DockQ 0.411 iRMSD 2.968 LRMSD 6.823 fnat 0.421 fnonnat 0.556 F1 0.432 clashes 2 mapping BA:LA /home/junjiechen/1_work/250401-Dpepalign/Benchmark/protenix/PepSet/pred/2jnw/seed_44/predictions/2jnw_sample_1.cif B A -> /home/junjiechen/1_work/250401-Dpepalign/Benchmark/dataset/PepSet_dimer/2jnw.pdb L A
Total DockQ over 1 native interfaces: 0.379 with BA:LA model:native mapping
DockQ 0.379 iRMSD 3.197 LRMSD 7.496 fnat 0.395 fnonnat 0.545 F1 0.423 clashes 1 mapping BA:LA /home/junjiechen/1_work/250401-Dpepalign/Benchmark/protenix/PepSet/pred/2jnw/seed_44/predictions/2jnw_sample_0.cif B A -> /home/junjiechen/1_work/250401-Dpepalign/Benchmark/dataset/PepSet_dimer/2jnw.pdb L A
Total DockQ over 1 native interfaces: 0.376 with BA:LA model:native mapping
DockQ 0.376 iRMSD 3.213 LRMSD 7.634 fnat 0.395 fnonnat 0.545 F1 0.423 clashes 1 mapping BA:LA /home/junjiechen/1_work/250401-Dpepalign/Benchmark/protenix/PepSet/pred/2jnw/seed_44/predictions/2jnw_sample_2.cif B A -> /home/junjiechen/1_work/250401-Dpepalign/Benchmark/dataset/PepSet_dimer/2jnw.pdb L A
Total DockQ over 1 native interfaces: 0.723 with BA:LA model:native mapping
DockQ 0.723 iRMSD 1.735 LRMSD 3.338 fnat 0.875 fnonnat 0.323 F1 0.764 clashes 0 mapping BA:LA /home/junjiechen/1_work/250401-Dpepalign/Benchmark/protenix/PepSet/pred/2jqk/seed_42/predictions/2jqk_sample_1.cif B A -> /home/junjiechen/1_work/250401-Dpepalign/Benchmark/dataset/PepSet_dimer/2jqk.pdb L A
Total DockQ over 1 native interfaces: 0.726 with BA:LA model:native mapping
DockQ 0.726 iRMSD 1.720 LRMSD 3.266 fnat 0.875 fnonnat 0.344 F1 0.750 clashes 0 mapping BA:LA /home/junjiechen/1_work/250401-Dpepalign/Benchmark/protenix/PepSet/pred/2jqk/seed_42/predictions/2jqk_sample_0.cif B A -> /home/junjiechen/1_work/250401-Dpepalign/Benchmark/dataset/PepSet_dimer/2jqk.pdb L A
Total DockQ over 1 native interfaces: 0.380 with BA:LA model:native mapping
DockQ 0.380 iRMSD 3.290 LRMSD 7.744 fnat 0.421 fnonnat 0.500 F1 0.457 clashes 0 mapping BA:LA /home/junjiechen/1_work/250401-Dpepalign/Benchmark/protenix/PepSet/pred/2jnw/seed_44/predictions/2jnw_sample_4.cif B A -> /home/junjiechen/1_work/250401-Dpepalign/Benchmark/dataset/PepSet_dimer/2jnw.pdb L A
Total DockQ over 1 native interfaces: 0.731 with BA:LA model:native mapping
DockQ 0.731 iRMSD 1.678 LRMSD 3.247 fnat 0.875 fnonnat 0.344 F1 0.750 clashes 0 mapping BA:LA /home/junjiechen/1_work/250401-Dpepalign/Benchmark/protenix/PepSet/pred/2jqk/seed_42/predictions/2jqk_sample_2.cif B A -> /home/junjiechen/1_work/250401-Dpepalign/Benchmark/dataset/PepSet_dimer/2jqk.pdb L A
Total DockQ over 1 native interfaces: 0.373 with BA:LA model:native mapping
DockQ 0.373 iRMSD 3.227 LRMSD 7.727 fnat 0.395 fnonnat 0.516 F1 0.435 clashes 0 mapping BA:LA /home/junjiechen/1_work/250401-Dpepalign/Benchmark/protenix/PepSet/pred/2jnw/seed_44/predictions/2jnw_sample_3.cif B A -> /home/junjiechen/1_work/250401-Dpepalign/Benchmark/dataset/PepSet_dimer/2jnw.pdb L A
Total DockQ over 1 native interfaces: 0.710 with BA:LA model:native mapping
DockQ 0.710 iRMSD 1.723 LRMSD 3.335 fnat 0.833 fnonnat 0.355 F1 0.727 clashes 0 mapping BA:LA /home/junjiechen/1_work/250401-Dpepalign/Benchmark/protenix/PepSet/pred/2jqk/seed_42/predictions/2jqk_sample_3.cif B A -> /home/junjiechen/1_work/250401-Dpepalign/Benchmark/dataset/PepSet_dimer/2jqk.pdb L A
Total DockQ over 1 native interfaces: 0.708 with BA:LA model:native mapping
DockQ 0.708 iRMSD 1.744 LRMSD 3.373 fnat 0.833 fnonnat 0.355 F1 0.727 clashes 0 mapping BA:LA /home/junjiechen/1_work/250401-Dpepalign/Benchmark/protenix/PepSet/pred/2jqk/seed_42/predictions/2jqk_sample_4.cif B A -> /home/junjiechen/1_work/250401-Dpepalign/Benchmark/dataset/PepSet_dimer/2jqk.pdb L A
Total DockQ over 1 native interfaces: 0.720 with BA:LA model:native mapping
DockQ 0.720 iRMSD 1.763 LRMSD 3.359 fnat 0.875 fnonnat 0.364 F1 0.737 clashes 0 mapping BA:LA /home/junjiechen/1_work/250401-Dpepalign/Benchmark/protenix/PepSet/pred/2jqk/seed_43/predictions/2jqk_sample_0.cif B A -> /home/junjiechen/1_work/250401-Dpepalign/Benchmark/dataset/PepSet_dimer/2jqk.pdb L A
Total DockQ over 1 native interfaces: 0.715 with BA:LA model:native mapping
DockQ 0.715 iRMSD 1.690 LRMSD 3.285 fnat 0.833 fnonnat 0.375 F1 0.714 clashes 0 mapping BA:LA /home/junjiechen/1_work/250401-Dpepalign/Benchmark/protenix/PepSet/pred/2jqk/seed_43/predictions/2jqk_sample_3.cif B A -> /home/junjiechen/1_work/250401-Dpepalign/Benchmark/dataset/PepSet_dimer/2jqk.pdb L A
Total DockQ over 1 native interfaces: 0.691 with BA:LA model:native mapping
DockQ 0.691 iRMSD 1.774 LRMSD 3.387 fnat 0.792 fnonnat 0.367 F1 0.704 clashes 1 mapping BA:LA /home/junjiechen/1_work/250401-Dpepalign/Benchmark/protenix/PepSet/pred/2jqk/seed_43/predictions/2jqk_sample_1.cif B A -> /home/junjiechen/1_work/250401-Dpepalign/Benchmark/dataset/PepSet_dimer/2jqk.pdb L A
Total DockQ over 1 native interfaces: 0.712 with BA:LA model:native mapping
DockQ 0.712 iRMSD 1.710 LRMSD 3.330 fnat 0.833 fnonnat 0.355 F1 0.727 clashes 0 mapping BA:LA /home/junjiechen/1_work/250401-Dpepalign/Benchmark/protenix/PepSet/pred/2jqk/seed_43/predictions/2jqk_sample_2.cif B A -> /home/junjiechen/1_work/250401-Dpepalign/Benchmark/dataset/PepSet_dimer/2jqk.pdb L A
Total DockQ over 1 native interfaces: 0.701 with BA:LA model:native mapping
DockQ 0.701 iRMSD 1.790 LRMSD 3.484 fnat 0.833 fnonnat 0.355 F1 0.727 clashes 0 mapping BA:LA /home/junjiechen/1_work/250401-Dpepalign/Benchmark/protenix/PepSet/pred/2jqk/seed_43/predictions/2jqk_sample_4.cif B A -> /home/junjiechen/1_work/250401-Dpepalign/Benchmark/dataset/PepSet_dimer/2jqk.pdb L A
Total DockQ over 1 native interfaces: 0.693 with BA:LA model:native mapping
DockQ 0.693 iRMSD 1.748 LRMSD 3.385 fnat 0.792 fnonnat 0.367 F1 0.704 clashes 0 mapping BA:LA /home/junjiechen/1_work/250401-Dpepalign/Benchmark/protenix/PepSet/pred/2jqk/seed_44/predictions/2jqk_sample_2.cif B A -> /home/junjiechen/1_work/250401-Dpepalign/Benchmark/dataset/PepSet_dimer/2jqk.pdb L A
Total DockQ over 1 native interfaces: 0.709 with BA:LA model:native mapping
DockQ 0.709 iRMSD 1.733 LRMSD 3.335 fnat 0.833 fnonnat 0.355 F1 0.727 clashes 0 mapping BA:LA /home/junjiechen/1_work/250401-Dpepalign/Benchmark/protenix/PepSet/pred/2jqk/seed_44/predictions/2jqk_sample_0.cif B A -> /home/junjiechen/1_work/250401-Dpepalign/Benchmark/dataset/PepSet_dimer/2jqk.pdb L A
Total DockQ over 1 native interfaces: 0.708 with BA:LA model:native mapping
DockQ 0.708 iRMSD 1.743 LRMSD 3.361 fnat 0.833 fnonnat 0.355 F1 0.727 clashes 0 mapping BA:LA /home/junjiechen/1_work/250401-Dpepalign/Benchmark/protenix/PepSet/pred/2jqk/seed_44/predictions/2jqk_sample_1.cif B A -> /home/junjiechen/1_work/250401-Dpepalign/Benchmark/dataset/PepSet_dimer/2jqk.pdb L A
Total DockQ over 1 native interfaces: 0.712 with BA:LA model:native mapping
DockQ 0.712 iRMSD 1.814 LRMSD 3.519 fnat 0.875 fnonnat 0.344 F1 0.750 clashes 0 mapping BA:LA /home/junjiechen/1_work/250401-Dpepalign/Benchmark/protenix/PepSet/pred/2jqk/seed_44/predictions/2jqk_sample_4.cif B A -> /home/junjiechen/1_work/250401-Dpepalign/Benchmark/dataset/PepSet_dimer/2jqk.pdb L A
Total DockQ over 1 native interfaces: 0.721 with BA:LA model:native mapping
DockQ 0.721 iRMSD 1.748 LRMSD 3.363 fnat 0.875 fnonnat 0.344 F1 0.750 clashes 0 mapping BA:LA /home/junjiechen/1_work/250401-Dpepalign/Benchmark/protenix/PepSet/pred/2jqk/seed_44/predictions/2jqk_sample_3.cif B A -> /home/junjiechen/1_work/250401-Dpepalign/Benchmark/dataset/PepSet_dimer/2jqk.pdb L A
Total DockQ over 1 native interfaces: 0.040 with BA:LA model:native mapping
DockQ 0.040 iRMSD 7.487 LRMSD 28.715 fnat 0.000 fnonnat 1.000 F1 0.000 clashes 0 mapping BA:LA /home/junjiechen/1_work/250401-Dpepalign/Benchmark/protenix/PepSet/pred/2ka9/seed_42/predictions/2ka9_sample_2.cif B A -> /home/junjiechen/1_work/250401-Dpepalign/Benchmark/dataset/PepSet_dimer/2ka9.pdb L A
Total DockQ over 1 native interfaces: 0.025 with BA:LA model:native mapping
DockQ 0.025 iRMSD 11.214 LRMSD 34.191 fnat 0.000 fnonnat 1.000 F1 0.000 clashes 1 mapping BA:LA /home/junjiechen/1_work/250401-Dpepalign/Benchmark/protenix/PepSet/pred/2ka9/seed_42/predictions/2ka9_sample_0.cif B A -> /home/junjiechen/1_work/250401-Dpepalign/Benchmark/dataset/PepSet_dimer/2ka9.pdb L A
Total DockQ over 1 native interfaces: 0.045 with BA:LA model:native mapping
DockQ 0.045 iRMSD 6.657 LRMSD 27.726 fnat 0.000 fnonnat 1.000 F1 0.000 clashes 0 mapping BA:LA /home/junjiechen/1_work/250401-Dpepalign/Benchmark/protenix/PepSet/pred/2ka9/seed_42/predictions/2ka9_sample_3.cif B A -> /home/junjiechen/1_work/250401-Dpepalign/Benchmark/dataset/PepSet_dimer/2ka9.pdb L A
Total DockQ over 1 native interfaces: 0.029 with BA:LA model:native mapping
DockQ 0.029 iRMSD 9.314 LRMSD 33.221 fnat 0.000 fnonnat 1.000 F1 0.000 clashes 0 mapping BA:LA /home/junjiechen/1_work/250401-Dpepalign/Benchmark/protenix/PepSet/pred/2ka9/seed_42/predictions/2ka9_sample_1.cif B A -> /home/junjiechen/1_work/250401-Dpepalign/Benchmark/dataset/PepSet_dimer/2ka9.pdb L A
Total DockQ over 1 native interfaces: 0.020 with BA:LA model:native mapping
DockQ 0.020 iRMSD 11.770 LRMSD 39.031 fnat 0.000 fnonnat 1.000 F1 0.000 clashes 0 mapping BA:LA /home/junjiechen/1_work/250401-Dpepalign/Benchmark/protenix/PepSet/pred/2ka9/seed_42/predictions/2ka9_sample_4.cif B A -> /home/junjiechen/1_work/250401-Dpepalign/Benchmark/dataset/PepSet_dimer/2ka9.pdb L A
Total DockQ over 1 native interfaces: 0.025 with BA:LA model:native mapping
DockQ 0.025 iRMSD 10.293 LRMSD 35.855 fnat 0.000 fnonnat 1.000 F1 0.000 clashes 0 mapping BA:LA /home/junjiechen/1_work/250401-Dpepalign/Benchmark/protenix/PepSet/pred/2ka9/seed_43/predictions/2ka9_sample_0.cif B A -> /home/junjiechen/1_work/250401-Dpepalign/Benchmark/dataset/PepSet_dimer/2ka9.pdb L A
Total DockQ over 1 native interfaces: 0.034 with BA:LA model:native mapping
DockQ 0.034 iRMSD 8.468 LRMSD 30.278 fnat 0.000 fnonnat 1.000 F1 0.000 clashes 0 mapping BA:LA /home/junjiechen/1_work/250401-Dpepalign/Benchmark/protenix/PepSet/pred/2ka9/seed_43/predictions/2ka9_sample_2.cif B A -> /home/junjiechen/1_work/250401-Dpepalign/Benchmark/dataset/PepSet_dimer/2ka9.pdb L A
Total DockQ over 1 native interfaces: 0.392 with BA:LA model:native mapping
DockQ 0.392 iRMSD 2.717 LRMSD 23.311 fnat 0.826 fnonnat 0.568 F1 0.567 clashes 0 mapping BA:LA /home/junjiechen/1_work/250401-Dpepalign/Benchmark/protenix/PepSet/pred/2ka9/seed_43/predictions/2ka9_sample_4.cif B A -> /home/junjiechen/1_work/250401-Dpepalign/Benchmark/dataset/PepSet_dimer/2ka9.pdb L A
Total DockQ over 1 native interfaces: 0.051 with BA:LA model:native mapping
DockQ 0.051 iRMSD 5.820 LRMSD 26.770 fnat 0.000 fnonnat 1.000 F1 0.000 clashes 0 mapping BA:LA /home/junjiechen/1_work/250401-Dpepalign/Benchmark/protenix/PepSet/pred/2ka9/seed_43/predictions/2ka9_sample_1.cif B A -> /home/junjiechen/1_work/250401-Dpepalign/Benchmark/dataset/PepSet_dimer/2ka9.pdb L A
Total DockQ over 1 native interfaces: 0.052 with BA:LA model:native mapping
DockQ 0.052 iRMSD 5.903 LRMSD 26.131 fnat 0.000 fnonnat 1.000 F1 0.000 clashes 0 mapping BA:LA /home/junjiechen/1_work/250401-Dpepalign/Benchmark/protenix/PepSet/pred/2ka9/seed_43/predictions/2ka9_sample_3.cif B A -> /home/junjiechen/1_work/250401-Dpepalign/Benchmark/dataset/PepSet_dimer/2ka9.pdb L A
Total DockQ over 1 native interfaces: 0.437 with BA:LA model:native mapping
DockQ 0.437 iRMSD 2.505 LRMSD 15.984 fnat 0.826 fnonnat 0.424 F1 0.679 clashes 0 mapping BA:LA /home/junjiechen/1_work/250401-Dpepalign/Benchmark/protenix/PepSet/pred/2ka9/seed_44/predictions/2ka9_sample_4.cif B A -> /home/junjiechen/1_work/250401-Dpepalign/Benchmark/dataset/PepSet_dimer/2ka9.pdb L A
Total DockQ over 1 native interfaces: 0.014 with BA:LA model:native mapping
DockQ 0.014 iRMSD 13.599 LRMSD 47.669 fnat 0.000 fnonnat 1.000 F1 0.000 clashes 0 mapping BA:LA /home/junjiechen/1_work/250401-Dpepalign/Benchmark/protenix/PepSet/pred/2ka9/seed_44/predictions/2ka9_sample_2.cif B A -> /home/junjiechen/1_work/250401-Dpepalign/Benchmark/dataset/PepSet_dimer/2ka9.pdb L A
Total DockQ over 1 native interfaces: 0.028 with BA:LA model:native mapping
DockQ 0.028 iRMSD 9.077 LRMSD 34.414 fnat 0.000 fnonnat 1.000 F1 0.000 clashes 0 mapping BA:LA /home/junjiechen/1_work/250401-Dpepalign/Benchmark/protenix/PepSet/pred/2ka9/seed_44/predictions/2ka9_sample_0.cif B A -> /home/junjiechen/1_work/250401-Dpepalign/Benchmark/dataset/PepSet_dimer/2ka9.pdb L A
Total DockQ over 1 native interfaces: 0.021 with BA:LA model:native mapping
DockQ 0.021 iRMSD 11.271 LRMSD 38.327 fnat 0.000 fnonnat 1.000 F1 0.000 clashes 0 mapping BA:LA /home/junjiechen/1_work/250401-Dpepalign/Benchmark/protenix/PepSet/pred/2ka9/seed_44/predictions/2ka9_sample_1.cif B A -> /home/junjiechen/1_work/250401-Dpepalign/Benchmark/dataset/PepSet_dimer/2ka9.pdb L A
Total DockQ over 1 native interfaces: 0.027 with BA:LA model:native mapping
DockQ 0.027 iRMSD 9.920 LRMSD 34.039 fnat 0.000 fnonnat 1.000 F1 0.000 clashes 0 mapping BA:LA /home/junjiechen/1_work/250401-Dpepalign/Benchmark/protenix/PepSet/pred/2ka9/seed_44/predictions/2ka9_sample_3.cif B A -> /home/junjiechen/1_work/250401-Dpepalign/Benchmark/dataset/PepSet_dimer/2ka9.pdb L A
Total DockQ over 1 native interfaces: 0.707 with BA:LA model:native mapping
DockQ 0.707 iRMSD 1.679 LRMSD 2.932 fnat 0.784 fnonnat 0.310 F1 0.734 clashes 0 mapping BA:LA /home/junjiechen/1_work/250401-Dpepalign/Benchmark/protenix/PepSet/pred/2kbr/seed_43/predictions/2kbr_sample_3.cif B A -> /home/junjiechen/1_work/250401-Dpepalign/Benchmark/dataset/PepSet_dimer/2kbr.pdb L A
Total DockQ over 1 native interfaces: 0.707 with BA:LA model:native mapping
DockQ 0.707 iRMSD 1.649 LRMSD 3.070 fnat 0.784 fnonnat 0.275 F1 0.753 clashes 1 mapping BA:LA /home/junjiechen/1_work/250401-Dpepalign/Benchmark/protenix/PepSet/pred/2kbr/seed_42/predictions/2kbr_sample_0.cif B A -> /home/junjiechen/1_work/250401-Dpepalign/Benchmark/dataset/PepSet_dimer/2kbr.pdb L A
Total DockQ over 1 native interfaces: 0.720 with BA:LA model:native mapping
DockQ 0.720 iRMSD 1.673 LRMSD 2.758 fnat 0.811 fnonnat 0.302 F1 0.750 clashes 0 mapping BA:LA /home/junjiechen/1_work/250401-Dpepalign/Benchmark/protenix/PepSet/pred/2kbr/seed_43/predictions/2kbr_sample_4.cif B A -> /home/junjiechen/1_work/250401-Dpepalign/Benchmark/dataset/PepSet_dimer/2kbr.pdb L A
Total DockQ over 1 native interfaces: 0.718 with BA:LA model:native mapping
DockQ 0.718 iRMSD 1.667 LRMSD 2.887 fnat 0.811 fnonnat 0.348 F1 0.723 clashes 0 mapping BA:LA /home/junjiechen/1_work/250401-Dpepalign/Benchmark/protenix/PepSet/pred/2kbr/seed_42/predictions/2kbr_sample_1.cif B A -> /home/junjiechen/1_work/250401-Dpepalign/Benchmark/dataset/PepSet_dimer/2kbr.pdb L A
Total DockQ over 1 native interfaces: 0.683 with BA:LA model:native mapping
DockQ 0.683 iRMSD 1.836 LRMSD 3.344 fnat 0.784 fnonnat 0.326 F1 0.725 clashes 0 mapping BA:LA /home/junjiechen/1_work/250401-Dpepalign/Benchmark/protenix/PepSet/pred/2kbr/seed_42/predictions/2kbr_sample_3.cif B A -> /home/junjiechen/1_work/250401-Dpepalign/Benchmark/dataset/PepSet_dimer/2kbr.pdb L A
Total DockQ over 1 native interfaces: 0.666 with BA:LA model:native mapping
DockQ 0.666 iRMSD 1.835 LRMSD 3.315 fnat 0.730 fnonnat 0.357 F1 0.684 clashes 0 mapping BA:LA /home/junjiechen/1_work/250401-Dpepalign/Benchmark/protenix/PepSet/pred/2kbr/seed_42/predictions/2kbr_sample_4.cif B A -> /home/junjiechen/1_work/250401-Dpepalign/Benchmark/dataset/PepSet_dimer/2kbr.pdb L A
Total DockQ over 1 native interfaces: 0.707 with BA:LA model:native mapping
DockQ 0.707 iRMSD 1.728 LRMSD 3.114 fnat 0.811 fnonnat 0.348 F1 0.723 clashes 1 mapping BA:LA /home/junjiechen/1_work/250401-Dpepalign/Benchmark/protenix/PepSet/pred/2kbr/seed_42/predictions/2kbr_sample_2.cif B A -> /home/junjiechen/1_work/250401-Dpepalign/Benchmark/dataset/PepSet_dimer/2kbr.pdb L A
Total DockQ over 1 native interfaces: 0.695 with BA:LA model:native mapping
DockQ 0.695 iRMSD 1.736 LRMSD 3.236 fnat 0.784 fnonnat 0.256 F1 0.763 clashes 0 mapping BA:LA /home/junjiechen/1_work/250401-Dpepalign/Benchmark/protenix/PepSet/pred/2kbr/seed_43/predictions/2kbr_sample_1.cif B A -> /home/junjiechen/1_work/250401-Dpepalign/Benchmark/dataset/PepSet_dimer/2kbr.pdb L A
Total DockQ over 1 native interfaces: 0.714 with BA:LA model:native mapping
DockQ 0.714 iRMSD 1.739 LRMSD 3.193 fnat 0.838 fnonnat 0.262 F1 0.785 clashes 0 mapping BA:LA /home/junjiechen/1_work/250401-Dpepalign/Benchmark/protenix/PepSet/pred/2kbr/seed_43/predictions/2kbr_sample_0.cif B A -> /home/junjiechen/1_work/250401-Dpepalign/Benchmark/dataset/PepSet_dimer/2kbr.pdb L A
Total DockQ over 1 native interfaces: 0.683 with BA:LA model:native mapping
DockQ 0.683 iRMSD 1.772 LRMSD 3.231 fnat 0.757 fnonnat 0.333 F1 0.709 clashes 0 mapping BA:LA /home/junjiechen/1_work/250401-Dpepalign/Benchmark/protenix/PepSet/pred/2kbr/seed_43/predictions/2kbr_sample_2.cif B A -> /home/junjiechen/1_work/250401-Dpepalign/Benchmark/dataset/PepSet_dimer/2kbr.pdb L A
Total DockQ over 1 native interfaces: 0.688 with BA:LA model:native mapping
DockQ 0.688 iRMSD 1.794 LRMSD 3.323 fnat 0.784 fnonnat 0.256 F1 0.763 clashes 0 mapping BA:LA /home/junjiechen/1_work/250401-Dpepalign/Benchmark/protenix/PepSet/pred/2kbr/seed_44/predictions/2kbr_sample_0.cif B A -> /home/junjiechen/1_work/250401-Dpepalign/Benchmark/dataset/PepSet_dimer/2kbr.pdb L A
Total DockQ over 1 native interfaces: 0.713 with BA:LA model:native mapping
DockQ 0.713 iRMSD 1.708 LRMSD 2.942 fnat 0.811 fnonnat 0.302 F1 0.750 clashes 0 mapping BA:LA /home/junjiechen/1_work/250401-Dpepalign/Benchmark/protenix/PepSet/pred/2kbr/seed_44/predictions/2kbr_sample_3.cif B A -> /home/junjiechen/1_work/250401-Dpepalign/Benchmark/dataset/PepSet_dimer/2kbr.pdb L A
Total DockQ over 1 native interfaces: 0.709 with BA:LA model:native mapping
DockQ 0.709 iRMSD 1.721 LRMSD 3.051 fnat 0.811 fnonnat 0.333 F1 0.732 clashes 0 mapping BA:LA /home/junjiechen/1_work/250401-Dpepalign/Benchmark/protenix/PepSet/pred/2kbr/seed_44/predictions/2kbr_sample_4.cif B A -> /home/junjiechen/1_work/250401-Dpepalign/Benchmark/dataset/PepSet_dimer/2kbr.pdb L A
Total DockQ over 1 native interfaces: 0.713 with BA:LA model:native mapping
DockQ 0.713 iRMSD 1.748 LRMSD 3.175 fnat 0.838 fnonnat 0.326 F1 0.747 clashes 0 mapping BA:LA /home/junjiechen/1_work/250401-Dpepalign/Benchmark/protenix/PepSet/pred/2kbr/seed_44/predictions/2kbr_sample_2.cif B A -> /home/junjiechen/1_work/250401-Dpepalign/Benchmark/dataset/PepSet_dimer/2kbr.pdb L A
Total DockQ over 1 native interfaces: 0.711 with BA:LA model:native mapping
DockQ 0.711 iRMSD 1.699 LRMSD 3.074 fnat 0.811 fnonnat 0.250 F1 0.779 clashes 1 mapping BA:LA /home/junjiechen/1_work/250401-Dpepalign/Benchmark/protenix/PepSet/pred/2kbr/seed_44/predictions/2kbr_sample_1.cif B A -> /home/junjiechen/1_work/250401-Dpepalign/Benchmark/dataset/PepSet_dimer/2kbr.pdb L A
Total DockQ over 1 native interfaces: 0.761 with BA:LA model:native mapping
DockQ 0.761 iRMSD 1.128 LRMSD 4.477 fnat 0.860 fnonnat 0.122 F1 0.869 clashes 0 mapping BA:LA /home/junjiechen/1_work/250401-Dpepalign/Benchmark/protenix/PepSet/pred/2ke1/seed_42/predictions/2ke1_sample_3.cif B A -> /home/junjiechen/1_work/250401-Dpepalign/Benchmark/dataset/PepSet_dimer/2ke1.pdb L A
Total DockQ over 1 native interfaces: 0.753 with BA:LA model:native mapping
DockQ 0.753 iRMSD 1.217 LRMSD 4.289 fnat 0.860 fnonnat 0.065 F1 0.896 clashes 0 mapping BA:LA /home/junjiechen/1_work/250401-Dpepalign/Benchmark/protenix/PepSet/pred/2ke1/seed_42/predictions/2ke1_sample_0.cif B A -> /home/junjiechen/1_work/250401-Dpepalign/Benchmark/dataset/PepSet_dimer/2ke1.pdb L A
Total DockQ over 1 native interfaces: 0.731 with BA:LA model:native mapping
DockQ 0.731 iRMSD 1.241 LRMSD 4.771 fnat 0.840 fnonnat 0.087 F1 0.875 clashes 0 mapping BA:LA /home/junjiechen/1_work/250401-Dpepalign/Benchmark/protenix/PepSet/pred/2ke1/seed_42/predictions/2ke1_sample_1.cif B A -> /home/junjiechen/1_work/250401-Dpepalign/Benchmark/dataset/PepSet_dimer/2ke1.pdb L A
Total DockQ over 1 native interfaces: 0.782 with BA:LA model:native mapping
DockQ 0.782 iRMSD 1.035 LRMSD 4.685 fnat 0.900 fnonnat 0.100 F1 0.900 clashes 0 mapping BA:LA /home/junjiechen/1_work/250401-Dpepalign/Benchmark/protenix/PepSet/pred/2ke1/seed_42/predictions/2ke1_sample_2.cif B A -> /home/junjiechen/1_work/250401-Dpepalign/Benchmark/dataset/PepSet_dimer/2ke1.pdb L A
Total DockQ over 1 native interfaces: 0.636 with BA:LA model:native mapping
DockQ 0.636 iRMSD 2.363 LRMSD 5.013 fnat 0.880 fnonnat 0.120 F1 0.880 clashes 0 mapping BA:LA /home/junjiechen/1_work/250401-Dpepalign/Benchmark/protenix/PepSet/pred/2ke1/seed_42/predictions/2ke1_sample_4.cif B A -> /home/junjiechen/1_work/250401-Dpepalign/Benchmark/dataset/PepSet_dimer/2ke1.pdb L A
Total DockQ over 1 native interfaces: 0.768 with BA:LA model:native mapping
DockQ 0.768 iRMSD 1.123 LRMSD 4.483 fnat 0.880 fnonnat 0.083 F1 0.898 clashes 0 mapping BA:LA /home/junjiechen/1_work/250401-Dpepalign/Benchmark/protenix/PepSet/pred/2ke1/seed_43/predictions/2ke1_sample_0.cif B A -> /home/junjiechen/1_work/250401-Dpepalign/Benchmark/dataset/PepSet_dimer/2ke1.pdb L A
Total DockQ over 1 native interfaces: 0.725 with BA:LA model:native mapping
DockQ 0.725 iRMSD 1.394 LRMSD 4.804 fnat 0.880 fnonnat 0.064 F1 0.907 clashes 0 mapping BA:LA /home/junjiechen/1_work/250401-Dpepalign/Benchmark/protenix/PepSet/pred/2ke1/seed_43/predictions/2ke1_sample_1.cif B A -> /home/junjiechen/1_work/250401-Dpepalign/Benchmark/dataset/PepSet_dimer/2ke1.pdb L A
Total DockQ over 1 native interfaces: 0.761 with BA:LA model:native mapping
DockQ 0.761 iRMSD 1.226 LRMSD 4.207 fnat 0.880 fnonnat 0.064 F1 0.907 clashes 0 mapping BA:LA /home/junjiechen/1_work/250401-Dpepalign/Benchmark/protenix/PepSet/pred/2ke1/seed_43/predictions/2ke1_sample_2.cif B A -> /home/junjiechen/1_work/250401-Dpepalign/Benchmark/dataset/PepSet_dimer/2ke1.pdb L A
Total DockQ over 1 native interfaces: 0.726 with BA:LA model:native mapping
DockQ 0.726 iRMSD 1.261 LRMSD 5.137 fnat 0.860 fnonnat 0.104 F1 0.878 clashes 0 mapping BA:LA /home/junjiechen/1_work/250401-Dpepalign/Benchmark/protenix/PepSet/pred/2ke1/seed_43/predictions/2ke1_sample_3.cif B A -> /home/junjiechen/1_work/250401-Dpepalign/Benchmark/dataset/PepSet_dimer/2ke1.pdb L A
Total DockQ over 1 native interfaces: 0.757 with BA:LA model:native mapping
DockQ 0.757 iRMSD 1.278 LRMSD 3.843 fnat 0.860 fnonnat 0.065 F1 0.896 clashes 0 mapping BA:LA /home/junjiechen/1_work/250401-Dpepalign/Benchmark/protenix/PepSet/pred/2ke1/seed_44/predictions/2ke1_sample_0.cif B A -> /home/junjiechen/1_work/250401-Dpepalign/Benchmark/dataset/PepSet_dimer/2ke1.pdb L A
Total DockQ over 1 native interfaces: 0.740 with BA:LA model:native mapping
DockQ 0.740 iRMSD 1.231 LRMSD 5.005 fnat 0.880 fnonnat 0.102 F1 0.889 clashes 0 mapping BA:LA /home/junjiechen/1_work/250401-Dpepalign/Benchmark/protenix/PepSet/pred/2ke1/seed_44/predictions/2ke1_sample_3.cif B A -> /home/junjiechen/1_work/250401-Dpepalign/Benchmark/dataset/PepSet_dimer/2ke1.pdb L A
Total DockQ over 1 native interfaces: 0.729 with BA:LA model:native mapping
DockQ 0.729 iRMSD 1.043 LRMSD 6.468 fnat 0.880 fnonnat 0.083 F1 0.898 clashes 1 mapping BA:LA /home/junjiechen/1_work/250401-Dpepalign/Benchmark/protenix/PepSet/pred/2ke1/seed_44/predictions/2ke1_sample_1.cif B A -> /home/junjiechen/1_work/250401-Dpepalign/Benchmark/dataset/PepSet_dimer/2ke1.pdb L A
Total DockQ over 1 native interfaces: 0.745 with BA:LA model:native mapping
DockQ 0.745 iRMSD 1.209 LRMSD 4.656 fnat 0.860 fnonnat 0.065 F1 0.896 clashes 0 mapping BA:LA /home/junjiechen/1_work/250401-Dpepalign/Benchmark/protenix/PepSet/pred/2ke1/seed_43/predictions/2ke1_sample_4.cif B A -> /home/junjiechen/1_work/250401-Dpepalign/Benchmark/dataset/PepSet_dimer/2ke1.pdb L A
Total DockQ over 1 native interfaces: 0.628 with BA:LA model:native mapping
DockQ 0.628 iRMSD 1.529 LRMSD 7.935 fnat 0.860 fnonnat 0.140 F1 0.860 clashes 1 mapping BA:LA /home/junjiechen/1_work/250401-Dpepalign/Benchmark/protenix/PepSet/pred/2ke1/seed_44/predictions/2ke1_sample_4.cif B A -> /home/junjiechen/1_work/250401-Dpepalign/Benchmark/dataset/PepSet_dimer/2ke1.pdb L A
Total DockQ over 1 native interfaces: 0.516 with BA:LA model:native mapping
DockQ 0.516 iRMSD 3.192 LRMSD 5.415 fnat 0.655 fnonnat 0.174 F1 0.731 clashes 0 mapping BA:LA /home/junjiechen/1_work/250401-Dpepalign/Benchmark/protenix/PepSet/pred/2khh/seed_42/predictions/2khh_sample_0.cif B A -> /home/junjiechen/1_work/250401-Dpepalign/Benchmark/dataset/PepSet_dimer/2khh.pdb L A
Total DockQ over 1 native interfaces: 0.722 with BA:LA model:native mapping
DockQ 0.722 iRMSD 1.490 LRMSD 4.211 fnat 0.860 fnonnat 0.085 F1 0.887 clashes 0 mapping BA:LA /home/junjiechen/1_work/250401-Dpepalign/Benchmark/protenix/PepSet/pred/2ke1/seed_44/predictions/2ke1_sample_2.cif B A -> /home/junjiechen/1_work/250401-Dpepalign/Benchmark/dataset/PepSet_dimer/2ke1.pdb L A
Total DockQ over 1 native interfaces: 0.506 with BA:LA model:native mapping
DockQ 0.506 iRMSD 3.261 LRMSD 5.708 fnat 0.655 fnonnat 0.174 F1 0.731 clashes 0 mapping BA:LA /home/junjiechen/1_work/250401-Dpepalign/Benchmark/protenix/PepSet/pred/2khh/seed_42/predictions/2khh_sample_1.cif B A -> /home/junjiechen/1_work/250401-Dpepalign/Benchmark/dataset/PepSet_dimer/2khh.pdb L A
Total DockQ over 1 native interfaces: 0.510 with BA:LA model:native mapping
DockQ 0.510 iRMSD 3.234 LRMSD 5.593 fnat 0.655 fnonnat 0.174 F1 0.731 clashes 0 mapping BA:LA /home/junjiechen/1_work/250401-Dpepalign/Benchmark/protenix/PepSet/pred/2khh/seed_42/predictions/2khh_sample_4.cif B A -> /home/junjiechen/1_work/250401-Dpepalign/Benchmark/dataset/PepSet_dimer/2khh.pdb L A
Total DockQ over 1 native interfaces: 0.510 with BA:LA model:native mapping
DockQ 0.510 iRMSD 3.265 LRMSD 6.001 fnat 0.690 fnonnat 0.167 F1 0.755 clashes 0 mapping BA:LA /home/junjiechen/1_work/250401-Dpepalign/Benchmark/protenix/PepSet/pred/2khh/seed_42/predictions/2khh_sample_2.cif B A -> /home/junjiechen/1_work/250401-Dpepalign/Benchmark/dataset/PepSet_dimer/2khh.pdb L A
Total DockQ over 1 native interfaces: 0.513 with BA:LA model:native mapping
DockQ 0.513 iRMSD 3.270 LRMSD 5.892 fnat 0.690 fnonnat 0.200 F1 0.741 clashes 0 mapping BA:LA /home/junjiechen/1_work/250401-Dpepalign/Benchmark/protenix/PepSet/pred/2khh/seed_42/predictions/2khh_sample_3.cif B A -> /home/junjiechen/1_work/250401-Dpepalign/Benchmark/dataset/PepSet_dimer/2khh.pdb L A
Total DockQ over 1 native interfaces: 0.503 with BA:LA model:native mapping
DockQ 0.503 iRMSD 3.313 LRMSD 5.762 fnat 0.655 fnonnat 0.174 F1 0.731 clashes 0 mapping BA:LA /home/junjiechen/1_work/250401-Dpepalign/Benchmark/protenix/PepSet/pred/2khh/seed_43/predictions/2khh_sample_0.cif B A -> /home/junjiechen/1_work/250401-Dpepalign/Benchmark/dataset/PepSet_dimer/2khh.pdb L A
Total DockQ over 1 native interfaces: 0.576 with BA:LA model:native mapping
DockQ 0.576 iRMSD 2.842 LRMSD 3.995 fnat 0.690 fnonnat 0.231 F1 0.727 clashes 0 mapping BA:LA /home/junjiechen/1_work/250401-Dpepalign/Benchmark/protenix/PepSet/pred/2khh/seed_43/predictions/2khh_sample_1.cif B A -> /home/junjiechen/1_work/250401-Dpepalign/Benchmark/dataset/PepSet_dimer/2khh.pdb L A
Total DockQ over 1 native interfaces: 0.558 with BA:LA model:native mapping
DockQ 0.558 iRMSD 2.910 LRMSD 4.571 fnat 0.690 fnonnat 0.167 F1 0.755 clashes 0 mapping BA:LA /home/junjiechen/1_work/250401-Dpepalign/Benchmark/protenix/PepSet/pred/2khh/seed_43/predictions/2khh_sample_2.cif B A -> /home/junjiechen/1_work/250401-Dpepalign/Benchmark/dataset/PepSet_dimer/2khh.pdb L A
Total DockQ over 1 native interfaces: 0.661 with BA:LA model:native mapping
DockQ 0.661 iRMSD 2.261 LRMSD 2.521 fnat 0.759 fnonnat 0.185 F1 0.786 clashes 0 mapping BA:LA /home/junjiechen/1_work/250401-Dpepalign/Benchmark/protenix/PepSet/pred/2khh/seed_43/predictions/2khh_sample_4.cif B A -> /home/junjiechen/1_work/250401-Dpepalign/Benchmark/dataset/PepSet_dimer/2khh.pdb L A
Total DockQ over 1 native interfaces: 0.560 with BA:LA model:native mapping
DockQ 0.560 iRMSD 2.972 LRMSD 4.432 fnat 0.690 fnonnat 0.130 F1 0.769 clashes 0 mapping BA:LA /home/junjiechen/1_work/250401-Dpepalign/Benchmark/protenix/PepSet/pred/2khh/seed_44/predictions/2khh_sample_0.cif B A -> /home/junjiechen/1_work/250401-Dpepalign/Benchmark/dataset/PepSet_dimer/2khh.pdb L A
Total DockQ over 1 native interfaces: 0.552 with BA:LA model:native mapping
DockQ 0.552 iRMSD 2.883 LRMSD 4.423 fnat 0.655 fnonnat 0.240 F1 0.704 clashes 0 mapping BA:LA /home/junjiechen/1_work/250401-Dpepalign/Benchmark/protenix/PepSet/pred/2khh/seed_43/predictions/2khh_sample_3.cif B A -> /home/junjiechen/1_work/250401-Dpepalign/Benchmark/dataset/PepSet_dimer/2khh.pdb L A
Total DockQ over 1 native interfaces: 0.542 with BA:LA model:native mapping
DockQ 0.542 iRMSD 3.010 LRMSD 5.067 fnat 0.690 fnonnat 0.130 F1 0.769 clashes 0 mapping BA:LA /home/junjiechen/1_work/250401-Dpepalign/Benchmark/protenix/PepSet/pred/2khh/seed_44/predictions/2khh_sample_1.cif B A -> /home/junjiechen/1_work/250401-Dpepalign/Benchmark/dataset/PepSet_dimer/2khh.pdb L A
Total DockQ over 1 native interfaces: 0.644 with BA:LA model:native mapping
DockQ 0.644 iRMSD 2.556 LRMSD 2.580 fnat 0.759 fnonnat 0.185 F1 0.786 clashes 0 mapping BA:LA /home/junjiechen/1_work/250401-Dpepalign/Benchmark/protenix/PepSet/pred/2khh/seed_44/predictions/2khh_sample_4.cif B A -> /home/junjiechen/1_work/250401-Dpepalign/Benchmark/dataset/PepSet_dimer/2khh.pdb L A
Total DockQ over 1 native interfaces: 0.569 with BA:LA model:native mapping
DockQ 0.569 iRMSD 2.833 LRMSD 4.253 fnat 0.690 fnonnat 0.130 F1 0.769 clashes 0 mapping BA:LA /home/junjiechen/1_work/250401-Dpepalign/Benchmark/protenix/PepSet/pred/2khh/seed_44/predictions/2khh_sample_2.cif B A -> /home/junjiechen/1_work/250401-Dpepalign/Benchmark/dataset/PepSet_dimer/2khh.pdb L A
Total DockQ over 1 native interfaces: 0.534 with BA:LA model:native mapping
DockQ 0.534 iRMSD 3.106 LRMSD 5.256 fnat 0.690 fnonnat 0.231 F1 0.727 clashes 0 mapping BA:LA /home/junjiechen/1_work/250401-Dpepalign/Benchmark/protenix/PepSet/pred/2khh/seed_44/predictions/2khh_sample_3.cif B A -> /home/junjiechen/1_work/250401-Dpepalign/Benchmark/dataset/PepSet_dimer/2khh.pdb L A
Total DockQ over 1 native interfaces: 0.470 with BA:LA model:native mapping
DockQ 0.470 iRMSD 2.856 LRMSD 10.218 fnat 0.784 fnonnat 0.554 F1 0.569 clashes 2 mapping BA:LA /home/junjiechen/1_work/250401-Dpepalign/Benchmark/protenix/PepSet/pred/2koh/seed_42/predictions/2koh_sample_1.cif B A -> /home/junjiechen/1_work/250401-Dpepalign/Benchmark/dataset/PepSet_dimer/2koh.pdb L A
Total DockQ over 1 native interfaces: 0.440 with BA:LA model:native mapping
DockQ 0.440 iRMSD 2.851 LRMSD 10.418 fnat 0.703 fnonnat 0.639 F1 0.477 clashes 0 mapping BA:LA /home/junjiechen/1_work/250401-Dpepalign/Benchmark/protenix/PepSet/pred/2koh/seed_42/predictions/2koh_sample_2.cif B A -> /home/junjiechen/1_work/250401-Dpepalign/Benchmark/dataset/PepSet_dimer/2koh.pdb L A
Total DockQ over 1 native interfaces: 0.505 with BA:LA model:native mapping
DockQ 0.505 iRMSD 2.767 LRMSD 9.955 fnat 0.865 fnonnat 0.562 F1 0.582 clashes 0 mapping BA:LA /home/junjiechen/1_work/250401-Dpepalign/Benchmark/protenix/PepSet/pred/2koh/seed_42/predictions/2koh_sample_0.cif B A -> /home/junjiechen/1_work/250401-Dpepalign/Benchmark/dataset/PepSet_dimer/2koh.pdb L A
Total DockQ over 1 native interfaces: 0.480 with BA:LA model:native mapping
DockQ 0.480 iRMSD 2.907 LRMSD 10.599 fnat 0.838 fnonnat 0.569 F1 0.569 clashes 0 mapping BA:LA /home/junjiechen/1_work/250401-Dpepalign/Benchmark/protenix/PepSet/pred/2koh/seed_43/predictions/2koh_sample_0.cif B A -> /home/junjiechen/1_work/250401-Dpepalign/Benchmark/dataset/PepSet_dimer/2koh.pdb L A
Total DockQ over 1 native interfaces: 0.447 with BA:LA model:native mapping
DockQ 0.447 iRMSD 2.676 LRMSD 10.424 fnat 0.703 fnonnat 0.594 F1 0.515 clashes 0 mapping BA:LA /home/junjiechen/1_work/250401-Dpepalign/Benchmark/protenix/PepSet/pred/2koh/seed_42/predictions/2koh_sample_3.cif B A -> /home/junjiechen/1_work/250401-Dpepalign/Benchmark/dataset/PepSet_dimer/2koh.pdb L A
Total DockQ over 1 native interfaces: 0.304 with BA:LA model:native mapping
DockQ 0.304 iRMSD 5.755 LRMSD 18.517 fnat 0.676 fnonnat 0.621 F1 0.485 clashes 0 mapping BA:LA /home/junjiechen/1_work/250401-Dpepalign/Benchmark/protenix/PepSet/pred/2koh/seed_42/predictions/2koh_sample_4.cif B A -> /home/junjiechen/1_work/250401-Dpepalign/Benchmark/dataset/PepSet_dimer/2koh.pdb L A
Total DockQ over 1 native interfaces: 0.508 with BA:LA model:native mapping
DockQ 0.508 iRMSD 2.734 LRMSD 10.426 fnat 0.892 fnonnat 0.554 F1 0.595 clashes 0 mapping BA:LA /home/junjiechen/1_work/250401-Dpepalign/Benchmark/protenix/PepSet/pred/2koh/seed_43/predictions/2koh_sample_1.cif B A -> /home/junjiechen/1_work/250401-Dpepalign/Benchmark/dataset/PepSet_dimer/2koh.pdb L A
Total DockQ over 1 native interfaces: 0.511 with BA:LA model:native mapping
DockQ 0.511 iRMSD 2.754 LRMSD 9.596 fnat 0.865 fnonnat 0.500 F1 0.634 clashes 1 mapping BA:LA /home/junjiechen/1_work/250401-Dpepalign/Benchmark/protenix/PepSet/pred/2koh/seed_43/predictions/2koh_sample_2.cif B A -> /home/junjiechen/1_work/250401-Dpepalign/Benchmark/dataset/PepSet_dimer/2koh.pdb L A
Total DockQ over 1 native interfaces: 0.480 with BA:LA model:native mapping
DockQ 0.480 iRMSD 2.875 LRMSD 9.549 fnat 0.784 fnonnat 0.561 F1 0.563 clashes 0 mapping BA:LA /home/junjiechen/1_work/250401-Dpepalign/Benchmark/protenix/PepSet/pred/2koh/seed_43/predictions/2koh_sample_3.cif B A -> /home/junjiechen/1_work/250401-Dpepalign/Benchmark/dataset/PepSet_dimer/2koh.pdb L A
Total DockQ over 1 native interfaces: 0.404 with BA:LA model:native mapping
DockQ 0.404 iRMSD 2.875 LRMSD 10.336 fnat 0.595 fnonnat 0.651 F1 0.440 clashes 1 mapping BA:LA /home/junjiechen/1_work/250401-Dpepalign/Benchmark/protenix/PepSet/pred/2koh/seed_43/predictions/2koh_sample_4.cif B A -> /home/junjiechen/1_work/250401-Dpepalign/Benchmark/dataset/PepSet_dimer/2koh.pdb L A
Total DockQ over 1 native interfaces: 0.435 with BA:LA model:native mapping
DockQ 0.435 iRMSD 2.889 LRMSD 10.645 fnat 0.703 fnonnat 0.612 F1 0.500 clashes 0 mapping BA:LA /home/junjiechen/1_work/250401-Dpepalign/Benchmark/protenix/PepSet/pred/2koh/seed_44/predictions/2koh_sample_3.cif B A -> /home/junjiechen/1_work/250401-Dpepalign/Benchmark/dataset/PepSet_dimer/2koh.pdb L A
Total DockQ over 1 native interfaces: 0.449 with BA:LA model:native mapping
DockQ 0.449 iRMSD 2.894 LRMSD 10.290 fnat 0.730 fnonnat 0.571 F1 0.540 clashes 2 mapping BA:LA /home/junjiechen/1_work/250401-Dpepalign/Benchmark/protenix/PepSet/pred/2koh/seed_44/predictions/2koh_sample_2.cif B A -> /home/junjiechen/1_work/250401-Dpepalign/Benchmark/dataset/PepSet_dimer/2koh.pdb L A
Total DockQ over 1 native interfaces: 0.455 with BA:LA model:native mapping
DockQ 0.455 iRMSD 2.985 LRMSD 10.272 fnat 0.757 fnonnat 0.588 F1 0.533 clashes 1 mapping BA:LA /home/junjiechen/1_work/250401-Dpepalign/Benchmark/protenix/PepSet/pred/2koh/seed_44/predictions/2koh_sample_4.cif B A -> /home/junjiechen/1_work/250401-Dpepalign/Benchmark/dataset/PepSet_dimer/2koh.pdb L A
Total DockQ over 1 native interfaces: 0.448 with BA:LA model:native mapping
DockQ 0.448 iRMSD 2.861 LRMSD 9.881 fnat 0.703 fnonnat 0.600 F1 0.510 clashes 2 mapping BA:LA /home/junjiechen/1_work/250401-Dpepalign/Benchmark/protenix/PepSet/pred/2koh/seed_44/predictions/2koh_sample_0.cif B A -> /home/junjiechen/1_work/250401-Dpepalign/Benchmark/dataset/PepSet_dimer/2koh.pdb L A
Total DockQ over 1 native interfaces: 0.501 with BA:LA model:native mapping
DockQ 0.501 iRMSD 2.850 LRMSD 10.557 fnat 0.892 fnonnat 0.515 F1 0.629 clashes 0 mapping BA:LA /home/junjiechen/1_work/250401-Dpepalign/Benchmark/protenix/PepSet/pred/2koh/seed_44/predictions/2koh_sample_1.cif B A -> /home/junjiechen/1_work/250401-Dpepalign/Benchmark/dataset/PepSet_dimer/2koh.pdb L A
Total DockQ over 1 native interfaces: 0.429 with BA:LA model:native mapping
DockQ 0.429 iRMSD 3.214 LRMSD 6.587 fnat 0.485 fnonnat 0.667 F1 0.395 clashes 0 mapping BA:LA /home/junjiechen/1_work/250401-Dpepalign/Benchmark/protenix/PepSet/pred/2las/seed_42/predictions/2las_sample_0.cif B A -> /home/junjiechen/1_work/250401-Dpepalign/Benchmark/dataset/PepSet_dimer/2las.pdb L A
Total DockQ over 1 native interfaces: 0.416 with BA:LA model:native mapping
DockQ 0.416 iRMSD 3.326 LRMSD 7.014 fnat 0.485 fnonnat 0.652 F1 0.405 clashes 0 mapping BA:LA /home/junjiechen/1_work/250401-Dpepalign/Benchmark/protenix/PepSet/pred/2las/seed_42/predictions/2las_sample_2.cif B A -> /home/junjiechen/1_work/250401-Dpepalign/Benchmark/dataset/PepSet_dimer/2las.pdb L A
Total DockQ over 1 native interfaces: 0.407 with BA:LA model:native mapping
DockQ 0.407 iRMSD 3.476 LRMSD 7.250 fnat 0.485 fnonnat 0.673 F1 0.390 clashes 0 mapping BA:LA /home/junjiechen/1_work/250401-Dpepalign/Benchmark/protenix/PepSet/pred/2las/seed_42/predictions/2las_sample_1.cif B A -> /home/junjiechen/1_work/250401-Dpepalign/Benchmark/dataset/PepSet_dimer/2las.pdb L A
Total DockQ over 1 native interfaces: 0.414 with BA:LA model:native mapping
DockQ 0.414 iRMSD 3.257 LRMSD 6.767 fnat 0.455 fnonnat 0.688 F1 0.370 clashes 0 mapping BA:LA /home/junjiechen/1_work/250401-Dpepalign/Benchmark/protenix/PepSet/pred/2las/seed_42/predictions/2las_sample_4.cif B A -> /home/junjiechen/1_work/250401-Dpepalign/Benchmark/dataset/PepSet_dimer/2las.pdb L A
Total DockQ over 1 native interfaces: 0.421 with BA:LA model:native mapping
DockQ 0.421 iRMSD 3.427 LRMSD 7.112 fnat 0.515 fnonnat 0.673 F1 0.400 clashes 1 mapping BA:LA /home/junjiechen/1_work/250401-Dpepalign/Benchmark/protenix/PepSet/pred/2las/seed_42/predictions/2las_sample_3.cif B A -> /home/junjiechen/1_work/250401-Dpepalign/Benchmark/dataset/PepSet_dimer/2las.pdb L A
Total DockQ over 1 native interfaces: 0.418 with BA:LA model:native mapping
DockQ 0.418 iRMSD 3.218 LRMSD 6.633 fnat 0.455 fnonnat 0.681 F1 0.375 clashes 0 mapping BA:LA /home/junjiechen/1_work/250401-Dpepalign/Benchmark/protenix/PepSet/pred/2las/seed_43/predictions/2las_sample_0.cif B A -> /home/junjiechen/1_work/250401-Dpepalign/Benchmark/dataset/PepSet_dimer/2las.pdb L A
Total DockQ over 1 native interfaces: 0.420 with BA:LA model:native mapping
DockQ 0.420 iRMSD 3.220 LRMSD 6.565 fnat 0.455 fnonnat 0.706 F1 0.357 clashes 0 mapping BA:LA /home/junjiechen/1_work/250401-Dpepalign/Benchmark/protenix/PepSet/pred/2las/seed_43/predictions/2las_sample_1.cif B A -> /home/junjiechen/1_work/250401-Dpepalign/Benchmark/dataset/PepSet_dimer/2las.pdb L A
Total DockQ over 1 native interfaces: 0.403 with BA:LA model:native mapping
DockQ 0.403 iRMSD 3.391 LRMSD 7.074 fnat 0.455 fnonnat 0.694 F1 0.366 clashes 0 mapping BA:LA /home/junjiechen/1_work/250401-Dpepalign/Benchmark/protenix/PepSet/pred/2las/seed_43/predictions/2las_sample_2.cif B A -> /home/junjiechen/1_work/250401-Dpepalign/Benchmark/dataset/PepSet_dimer/2las.pdb L A
Total DockQ over 1 native interfaces: 0.427 with BA:LA model:native mapping
DockQ 0.427 iRMSD 3.101 LRMSD 6.411 fnat 0.455 fnonnat 0.674 F1 0.380 clashes 0 mapping BA:LA /home/junjiechen/1_work/250401-Dpepalign/Benchmark/protenix/PepSet/pred/2las/seed_43/predictions/2las_sample_4.cif B A -> /home/junjiechen/1_work/250401-Dpepalign/Benchmark/dataset/PepSet_dimer/2las.pdb L A
Total DockQ over 1 native interfaces: 0.419 with BA:LA model:native mapping
DockQ 0.419 iRMSD 3.191 LRMSD 6.624 fnat 0.455 fnonnat 0.681 F1 0.375 clashes 0 mapping BA:LA /home/junjiechen/1_work/250401-Dpepalign/Benchmark/protenix/PepSet/pred/2las/seed_43/predictions/2las_sample_3.cif B A -> /home/junjiechen/1_work/250401-Dpepalign/Benchmark/dataset/PepSet_dimer/2las.pdb L A
Total DockQ over 1 native interfaces: 0.423 with BA:LA model:native mapping
DockQ 0.423 iRMSD 3.290 LRMSD 6.767 fnat 0.485 fnonnat 0.680 F1 0.386 clashes 0 mapping BA:LA /home/junjiechen/1_work/250401-Dpepalign/Benchmark/protenix/PepSet/pred/2las/seed_44/predictions/2las_sample_2.cif B A -> /home/junjiechen/1_work/250401-Dpepalign/Benchmark/dataset/PepSet_dimer/2las.pdb L A
Total DockQ over 1 native interfaces: 0.423 with BA:LA model:native mapping
DockQ 0.423 iRMSD 3.311 LRMSD 6.726 fnat 0.485 fnonnat 0.680 F1 0.386 clashes 0 mapping BA:LA /home/junjiechen/1_work/250401-Dpepalign/Benchmark/protenix/PepSet/pred/2las/seed_44/predictions/2las_sample_0.cif B A -> /home/junjiechen/1_work/250401-Dpepalign/Benchmark/dataset/PepSet_dimer/2las.pdb L A
Total DockQ over 1 native interfaces: 0.408 with BA:LA model:native mapping
DockQ 0.408 iRMSD 3.326 LRMSD 6.954 fnat 0.455 fnonnat 0.706 F1 0.357 clashes 0 mapping BA:LA /home/junjiechen/1_work/250401-Dpepalign/Benchmark/protenix/PepSet/pred/2las/seed_44/predictions/2las_sample_1.cif B A -> /home/junjiechen/1_work/250401-Dpepalign/Benchmark/dataset/PepSet_dimer/2las.pdb L A
Total DockQ over 1 native interfaces: 0.414 with BA:LA model:native mapping
DockQ 0.414 iRMSD 3.258 LRMSD 6.747 fnat 0.455 fnonnat 0.659 F1 0.390 clashes 0 mapping BA:LA /home/junjiechen/1_work/250401-Dpepalign/Benchmark/protenix/PepSet/pred/2las/seed_44/predictions/2las_sample_3.cif B A -> /home/junjiechen/1_work/250401-Dpepalign/Benchmark/dataset/PepSet_dimer/2las.pdb L A
Total DockQ over 1 native interfaces: 0.419 with BA:LA model:native mapping
DockQ 0.419 iRMSD 3.177 LRMSD 6.656 fnat 0.455 fnonnat 0.667 F1 0.385 clashes 0 mapping BA:LA /home/junjiechen/1_work/250401-Dpepalign/Benchmark/protenix/PepSet/pred/2las/seed_44/predictions/2las_sample_4.cif B A -> /home/junjiechen/1_work/250401-Dpepalign/Benchmark/dataset/PepSet_dimer/2las.pdb L A
Total DockQ over 1 native interfaces: 0.582 with BA:LA model:native mapping
DockQ 0.582 iRMSD 2.442 LRMSD 5.166 fnat 0.743 fnonnat 0.297 F1 0.722 clashes 0 mapping BA:LA /home/junjiechen/1_work/250401-Dpepalign/Benchmark/protenix/PepSet/pred/2lsi/seed_42/predictions/2lsi_sample_2.cif B A -> /home/junjiechen/1_work/250401-Dpepalign/Benchmark/dataset/PepSet_dimer/2lsi.pdb L A
Total DockQ over 1 native interfaces: 0.620 with BA:LA model:native mapping
DockQ 0.620 iRMSD 2.342 LRMSD 4.297 fnat 0.771 fnonnat 0.325 F1 0.720 clashes 0 mapping BA:LA /home/junjiechen/1_work/250401-Dpepalign/Benchmark/protenix/PepSet/pred/2lsi/seed_42/predictions/2lsi_sample_0.cif B A -> /home/junjiechen/1_work/250401-Dpepalign/Benchmark/dataset/PepSet_dimer/2lsi.pdb L A
Total DockQ over 1 native interfaces: 0.555 with BA:LA model:native mapping
DockQ 0.555 iRMSD 2.777 LRMSD 5.979 fnat 0.771 fnonnat 0.325 F1 0.720 clashes 0 mapping BA:LA /home/junjiechen/1_work/250401-Dpepalign/Benchmark/protenix/PepSet/pred/2lsi/seed_42/predictions/2lsi_sample_3.cif B A -> /home/junjiechen/1_work/250401-Dpepalign/Benchmark/dataset/PepSet_dimer/2lsi.pdb L A
Total DockQ over 1 native interfaces: 0.616 with BA:LA model:native mapping
DockQ 0.616 iRMSD 2.275 LRMSD 4.605 fnat 0.771 fnonnat 0.308 F1 0.730 clashes 0 mapping BA:LA /home/junjiechen/1_work/250401-Dpepalign/Benchmark/protenix/PepSet/pred/2lsi/seed_42/predictions/2lsi_sample_1.cif B A -> /home/junjiechen/1_work/250401-Dpepalign/Benchmark/dataset/PepSet_dimer/2lsi.pdb L A
Total DockQ over 1 native interfaces: 0.545 with BA:LA model:native mapping
DockQ 0.545 iRMSD 2.870 LRMSD 5.883 fnat 0.743 fnonnat 0.257 F1 0.743 clashes 0 mapping BA:LA /home/junjiechen/1_work/250401-Dpepalign/Benchmark/protenix/PepSet/pred/2lsi/seed_42/predictions/2lsi_sample_4.cif B A -> /home/junjiechen/1_work/250401-Dpepalign/Benchmark/dataset/PepSet_dimer/2lsi.pdb L A
Total DockQ over 1 native interfaces: 0.709 with BA:LA model:native mapping
DockQ 0.709 iRMSD 1.807 LRMSD 3.399 fnat 0.857 fnonnat 0.118 F1 0.870 clashes 0 mapping BA:LA /home/junjiechen/1_work/250401-Dpepalign/Benchmark/protenix/PepSet/pred/2lsi/seed_43/predictions/2lsi_sample_0.cif B A -> /home/junjiechen/1_work/250401-Dpepalign/Benchmark/dataset/PepSet_dimer/2lsi.pdb L A
Total DockQ over 1 native interfaces: 0.577 with BA:LA model:native mapping
DockQ 0.577 iRMSD 2.484 LRMSD 5.277 fnat 0.743 fnonnat 0.333 F1 0.703 clashes 0 mapping BA:LA /home/junjiechen/1_work/250401-Dpepalign/Benchmark/protenix/PepSet/pred/2lsi/seed_43/predictions/2lsi_sample_4.cif B A -> /home/junjiechen/1_work/250401-Dpepalign/Benchmark/dataset/PepSet_dimer/2lsi.pdb L A
Total DockQ over 1 native interfaces: 0.573 with BA:LA model:native mapping
DockQ 0.573 iRMSD 2.486 LRMSD 5.424 fnat 0.743 fnonnat 0.297 F1 0.722 clashes 0 mapping BA:LA /home/junjiechen/1_work/250401-Dpepalign/Benchmark/protenix/PepSet/pred/2lsi/seed_43/predictions/2lsi_sample_2.cif B A -> /home/junjiechen/1_work/250401-Dpepalign/Benchmark/dataset/PepSet_dimer/2lsi.pdb L A
Total DockQ over 1 native interfaces: 0.624 with BA:LA model:native mapping
DockQ 0.624 iRMSD 2.371 LRMSD 5.170 fnat 0.857 fnonnat 0.211 F1 0.822 clashes 0 mapping BA:LA /home/junjiechen/1_work/250401-Dpepalign/Benchmark/protenix/PepSet/pred/2lsi/seed_43/predictions/2lsi_sample_1.cif B A -> /home/junjiechen/1_work/250401-Dpepalign/Benchmark/dataset/PepSet_dimer/2lsi.pdb L A
Total DockQ over 1 native interfaces: 0.590 with BA:LA model:native mapping
DockQ 0.590 iRMSD 2.414 LRMSD 5.282 fnat 0.771 fnonnat 0.289 F1 0.740 clashes 0 mapping BA:LA /home/junjiechen/1_work/250401-Dpepalign/Benchmark/protenix/PepSet/pred/2lsi/seed_43/predictions/2lsi_sample_3.cif B A -> /home/junjiechen/1_work/250401-Dpepalign/Benchmark/dataset/PepSet_dimer/2lsi.pdb L A
Total DockQ over 1 native interfaces: 0.625 with BA:LA model:native mapping
DockQ 0.625 iRMSD 2.208 LRMSD 4.406 fnat 0.771 fnonnat 0.325 F1 0.720 clashes 0 mapping BA:LA /home/junjiechen/1_work/250401-Dpepalign/Benchmark/protenix/PepSet/pred/2lsi/seed_44/predictions/2lsi_sample_0.cif B A -> /home/junjiechen/1_work/250401-Dpepalign/Benchmark/dataset/PepSet_dimer/2lsi.pdb L A
Total DockQ over 1 native interfaces: 0.554 with BA:LA model:native mapping
DockQ 0.554 iRMSD 2.631 LRMSD 5.900 fnat 0.743 fnonnat 0.333 F1 0.703 clashes 0 mapping BA:LA /home/junjiechen/1_work/250401-Dpepalign/Benchmark/protenix/PepSet/pred/2lsi/seed_44/predictions/2lsi_sample_1.cif B A -> /home/junjiechen/1_work/250401-Dpepalign/Benchmark/dataset/PepSet_dimer/2lsi.pdb L A
Total DockQ over 1 native interfaces: 0.582 with BA:LA model:native mapping
DockQ 0.582 iRMSD 2.549 LRMSD 5.324 fnat 0.771 fnonnat 0.308 F1 0.730 clashes 0 mapping BA:LA /home/junjiechen/1_work/250401-Dpepalign/Benchmark/protenix/PepSet/pred/2lsi/seed_44/predictions/2lsi_sample_3.cif B A -> /home/junjiechen/1_work/250401-Dpepalign/Benchmark/dataset/PepSet_dimer/2lsi.pdb L A
Total DockQ over 1 native interfaces: 0.594 with BA:LA model:native mapping
DockQ 0.594 iRMSD 2.359 LRMSD 4.889 fnat 0.743 fnonnat 0.297 F1 0.722 clashes 0 mapping BA:LA /home/junjiechen/1_work/250401-Dpepalign/Benchmark/protenix/PepSet/pred/2lsi/seed_44/predictions/2lsi_sample_2.cif B A -> /home/junjiechen/1_work/250401-Dpepalign/Benchmark/dataset/PepSet_dimer/2lsi.pdb L A
Total DockQ over 1 native interfaces: 0.610 with BA:LA model:native mapping
DockQ 0.610 iRMSD 2.440 LRMSD 4.821 fnat 0.800 fnonnat 0.333 F1 0.727 clashes 0 mapping BA:LA /home/junjiechen/1_work/250401-Dpepalign/Benchmark/protenix/PepSet/pred/2lsi/seed_44/predictions/2lsi_sample_4.cif B A -> /home/junjiechen/1_work/250401-Dpepalign/Benchmark/dataset/PepSet_dimer/2lsi.pdb L A
Total DockQ over 1 native interfaces: 0.746 with BA:LA model:native mapping
DockQ 0.746 iRMSD 1.532 LRMSD 3.308 fnat 0.880 fnonnat 0.333 F1 0.759 clashes 0 mapping BA:LA /home/junjiechen/1_work/250401-Dpepalign/Benchmark/protenix/PepSet/pred/2m0v/seed_42/predictions/2m0v_sample_1.cif B A -> /home/junjiechen/1_work/250401-Dpepalign/Benchmark/dataset/PepSet_dimer/2m0v.pdb L A
Total DockQ over 1 native interfaces: 0.752 with BA:LA model:native mapping
DockQ 0.752 iRMSD 1.502 LRMSD 3.199 fnat 0.880 fnonnat 0.333 F1 0.759 clashes 0 mapping BA:LA /home/junjiechen/1_work/250401-Dpepalign/Benchmark/protenix/PepSet/pred/2m0v/seed_42/predictions/2m0v_sample_0.cif B A -> /home/junjiechen/1_work/250401-Dpepalign/Benchmark/dataset/PepSet_dimer/2m0v.pdb L A
Total DockQ over 1 native interfaces: 0.729 with BA:LA model:native mapping
DockQ 0.729 iRMSD 1.525 LRMSD 3.488 fnat 0.840 fnonnat 0.323 F1 0.750 clashes 0 mapping BA:LA /home/junjiechen/1_work/250401-Dpepalign/Benchmark/protenix/PepSet/pred/2m0v/seed_42/predictions/2m0v_sample_3.cif B A -> /home/junjiechen/1_work/250401-Dpepalign/Benchmark/dataset/PepSet_dimer/2m0v.pdb L A
Total DockQ over 1 native interfaces: 0.749 with BA:LA model:native mapping
DockQ 0.749 iRMSD 1.523 LRMSD 3.220 fnat 0.880 fnonnat 0.290 F1 0.786 clashes 0 mapping BA:LA /home/junjiechen/1_work/250401-Dpepalign/Benchmark/protenix/PepSet/pred/2m0v/seed_42/predictions/2m0v_sample_2.cif B A -> /home/junjiechen/1_work/250401-Dpepalign/Benchmark/dataset/PepSet_dimer/2m0v.pdb L A
Total DockQ over 1 native interfaces: 0.739 with BA:LA model:native mapping
DockQ 0.739 iRMSD 1.497 LRMSD 3.181 fnat 0.840 fnonnat 0.300 F1 0.764 clashes 0 mapping BA:LA /home/junjiechen/1_work/250401-Dpepalign/Benchmark/protenix/PepSet/pred/2m0v/seed_42/predictions/2m0v_sample_4.cif B A -> /home/junjiechen/1_work/250401-Dpepalign/Benchmark/dataset/PepSet_dimer/2m0v.pdb L A
Total DockQ over 1 native interfaces: 0.746 with BA:LA model:native mapping
DockQ 0.746 iRMSD 1.519 LRMSD 3.358 fnat 0.880 fnonnat 0.312 F1 0.772 clashes 0 mapping BA:LA /home/junjiechen/1_work/250401-Dpepalign/Benchmark/protenix/PepSet/pred/2m0v/seed_43/predictions/2m0v_sample_0.cif B A -> /home/junjiechen/1_work/250401-Dpepalign/Benchmark/dataset/PepSet_dimer/2m0v.pdb L A
Total DockQ over 1 native interfaces: 0.734 with BA:LA model:native mapping
DockQ 0.734 iRMSD 1.507 LRMSD 3.374 fnat 0.840 fnonnat 0.323 F1 0.750 clashes 0 mapping BA:LA /home/junjiechen/1_work/250401-Dpepalign/Benchmark/protenix/PepSet/pred/2m0v/seed_43/predictions/2m0v_sample_2.cif B A -> /home/junjiechen/1_work/250401-Dpepalign/Benchmark/dataset/PepSet_dimer/2m0v.pdb L A
Total DockQ over 1 native interfaces: 0.763 with BA:LA model:native mapping
DockQ 0.763 iRMSD 1.487 LRMSD 3.358 fnat 0.920 fnonnat 0.303 F1 0.793 clashes 0 mapping BA:LA /home/junjiechen/1_work/250401-Dpepalign/Benchmark/protenix/PepSet/pred/2m0v/seed_43/predictions/2m0v_sample_1.cif B A -> /home/junjiechen/1_work/250401-Dpepalign/Benchmark/dataset/PepSet_dimer/2m0v.pdb L A
Total DockQ over 1 native interfaces: 0.749 with BA:LA model:native mapping
DockQ 0.749 iRMSD 1.517 LRMSD 3.231 fnat 0.880 fnonnat 0.333 F1 0.759 clashes 0 mapping BA:LA /home/junjiechen/1_work/250401-Dpepalign/Benchmark/protenix/PepSet/pred/2m0v/seed_43/predictions/2m0v_sample_4.cif B A -> /home/junjiechen/1_work/250401-Dpepalign/Benchmark/dataset/PepSet_dimer/2m0v.pdb L A
Total DockQ over 1 native interfaces: 0.750 with BA:LA model:native mapping
DockQ 0.750 iRMSD 1.495 LRMSD 3.294 fnat 0.880 fnonnat 0.312 F1 0.772 clashes 0 mapping BA:LA /home/junjiechen/1_work/250401-Dpepalign/Benchmark/protenix/PepSet/pred/2m0v/seed_43/predictions/2m0v_sample_3.cif B A -> /home/junjiechen/1_work/250401-Dpepalign/Benchmark/dataset/PepSet_dimer/2m0v.pdb L A
Total DockQ over 1 native interfaces: 0.732 with BA:LA model:native mapping
DockQ 0.732 iRMSD 1.519 LRMSD 3.393 fnat 0.840 fnonnat 0.300 F1 0.764 clashes 0 mapping BA:LA /home/junjiechen/1_work/250401-Dpepalign/Benchmark/protenix/PepSet/pred/2m0v/seed_44/predictions/2m0v_sample_2.cif B A -> /home/junjiechen/1_work/250401-Dpepalign/Benchmark/dataset/PepSet_dimer/2m0v.pdb L A
Total DockQ over 1 native interfaces: 0.747 with BA:LA model:native mapping
DockQ 0.747 iRMSD 1.510 LRMSD 3.355 fnat 0.880 fnonnat 0.290 F1 0.786 clashes 0 mapping BA:LA /home/junjiechen/1_work/250401-Dpepalign/Benchmark/protenix/PepSet/pred/2m0v/seed_44/predictions/2m0v_sample_1.cif B A -> /home/junjiechen/1_work/250401-Dpepalign/Benchmark/dataset/PepSet_dimer/2m0v.pdb L A
Total DockQ over 1 native interfaces: 0.730 with BA:LA model:native mapping
DockQ 0.730 iRMSD 1.506 LRMSD 3.532 fnat 0.840 fnonnat 0.323 F1 0.750 clashes 0 mapping BA:LA /home/junjiechen/1_work/250401-Dpepalign/Benchmark/protenix/PepSet/pred/2m0v/seed_44/predictions/2m0v_sample_4.cif B A -> /home/junjiechen/1_work/250401-Dpepalign/Benchmark/dataset/PepSet_dimer/2m0v.pdb L A
Total DockQ over 1 native interfaces: 0.735 with BA:LA model:native mapping
DockQ 0.735 iRMSD 1.486 LRMSD 3.415 fnat 0.840 fnonnat 0.344 F1 0.737 clashes 0 mapping BA:LA /home/junjiechen/1_work/250401-Dpepalign/Benchmark/protenix/PepSet/pred/2m0v/seed_44/predictions/2m0v_sample_0.cif B A -> /home/junjiechen/1_work/250401-Dpepalign/Benchmark/dataset/PepSet_dimer/2m0v.pdb L A
Total DockQ over 1 native interfaces: 0.735 with BA:LA model:native mapping
DockQ 0.735 iRMSD 1.573 LRMSD 4.096 fnat 0.917 fnonnat 0.298 F1 0.795 clashes 0 mapping BA:LA /home/junjiechen/1_work/250401-Dpepalign/Benchmark/protenix/PepSet/pred/2nnu/seed_42/predictions/2nnu_sample_0.cif B A -> /home/junjiechen/1_work/250401-Dpepalign/Benchmark/dataset/PepSet_dimer/2nnu.pdb L A
Total DockQ over 1 native interfaces: 0.744 with BA:LA model:native mapping
DockQ 0.744 iRMSD 1.567 LRMSD 3.744 fnat 0.917 fnonnat 0.340 F1 0.767 clashes 0 mapping BA:LA /home/junjiechen/1_work/250401-Dpepalign/Benchmark/protenix/PepSet/pred/2nnu/seed_42/predictions/2nnu_sample_1.cif B A -> /home/junjiechen/1_work/250401-Dpepalign/Benchmark/dataset/PepSet_dimer/2nnu.pdb L A
Total DockQ over 1 native interfaces: 0.750 with BA:LA model:native mapping
DockQ 0.750 iRMSD 1.490 LRMSD 3.318 fnat 0.880 fnonnat 0.333 F1 0.759 clashes 0 mapping BA:LA /home/junjiechen/1_work/250401-Dpepalign/Benchmark/protenix/PepSet/pred/2m0v/seed_44/predictions/2m0v_sample_3.cif B A -> /home/junjiechen/1_work/250401-Dpepalign/Benchmark/dataset/PepSet_dimer/2m0v.pdb L A
Total DockQ over 1 native interfaces: 0.741 with BA:LA model:native mapping
DockQ 0.741 iRMSD 1.486 LRMSD 3.480 fnat 0.861 fnonnat 0.311 F1 0.765 clashes 0 mapping BA:LA /home/junjiechen/1_work/250401-Dpepalign/Benchmark/protenix/PepSet/pred/2nnu/seed_42/predictions/2nnu_sample_3.cif B A -> /home/junjiechen/1_work/250401-Dpepalign/Benchmark/dataset/PepSet_dimer/2nnu.pdb L A
Total DockQ over 1 native interfaces: 0.747 with BA:LA model:native mapping
DockQ 0.747 iRMSD 1.489 LRMSD 3.585 fnat 0.889 fnonnat 0.333 F1 0.762 clashes 0 mapping BA:LA /home/junjiechen/1_work/250401-Dpepalign/Benchmark/protenix/PepSet/pred/2nnu/seed_42/predictions/2nnu_sample_4.cif B A -> /home/junjiechen/1_work/250401-Dpepalign/Benchmark/dataset/PepSet_dimer/2nnu.pdb L A
Total DockQ over 1 native interfaces: 0.765 with BA:LA model:native mapping
DockQ 0.765 iRMSD 1.459 LRMSD 3.379 fnat 0.917 fnonnat 0.327 F1 0.776 clashes 0 mapping BA:LA /home/junjiechen/1_work/250401-Dpepalign/Benchmark/protenix/PepSet/pred/2nnu/seed_42/predictions/2nnu_sample_2.cif B A -> /home/junjiechen/1_work/250401-Dpepalign/Benchmark/dataset/PepSet_dimer/2nnu.pdb L A
Total DockQ over 1 native interfaces: 0.735 with BA:LA model:native mapping
DockQ 0.735 iRMSD 1.510 LRMSD 3.603 fnat 0.861 fnonnat 0.354 F1 0.738 clashes 0 mapping BA:LA /home/junjiechen/1_work/250401-Dpepalign/Benchmark/protenix/PepSet/pred/2nnu/seed_43/predictions/2nnu_sample_0.cif B A -> /home/junjiechen/1_work/250401-Dpepalign/Benchmark/dataset/PepSet_dimer/2nnu.pdb L A
Total DockQ over 1 native interfaces: 0.734 with BA:LA model:native mapping
DockQ 0.734 iRMSD 1.490 LRMSD 3.763 fnat 0.861 fnonnat 0.340 F1 0.747 clashes 0 mapping BA:LA /home/junjiechen/1_work/250401-Dpepalign/Benchmark/protenix/PepSet/pred/2nnu/seed_43/predictions/2nnu_sample_1.cif B A -> /home/junjiechen/1_work/250401-Dpepalign/Benchmark/dataset/PepSet_dimer/2nnu.pdb L A
Total DockQ over 1 native interfaces: 0.745 with BA:LA model:native mapping
DockQ 0.745 iRMSD 1.479 LRMSD 3.717 fnat 0.889 fnonnat 0.347 F1 0.753 clashes 0 mapping BA:LA /home/junjiechen/1_work/250401-Dpepalign/Benchmark/protenix/PepSet/pred/2nnu/seed_43/predictions/2nnu_sample_3.cif B A -> /home/junjiechen/1_work/250401-Dpepalign/Benchmark/dataset/PepSet_dimer/2nnu.pdb L A
Total DockQ over 1 native interfaces: 0.758 with BA:LA model:native mapping
DockQ 0.758 iRMSD 1.432 LRMSD 3.422 fnat 0.889 fnonnat 0.347 F1 0.753 clashes 0 mapping BA:LA /home/junjiechen/1_work/250401-Dpepalign/Benchmark/protenix/PepSet/pred/2nnu/seed_44/predictions/2nnu_sample_1.cif B A -> /home/junjiechen/1_work/250401-Dpepalign/Benchmark/dataset/PepSet_dimer/2nnu.pdb L A
Total DockQ over 1 native interfaces: 0.752 with BA:LA model:native mapping
DockQ 0.752 iRMSD 1.489 LRMSD 3.774 fnat 0.917 fnonnat 0.327 F1 0.776 clashes 0 mapping BA:LA /home/junjiechen/1_work/250401-Dpepalign/Benchmark/protenix/PepSet/pred/2nnu/seed_44/predictions/2nnu_sample_0.cif B A -> /home/junjiechen/1_work/250401-Dpepalign/Benchmark/dataset/PepSet_dimer/2nnu.pdb L A
Total DockQ over 1 native interfaces: 0.752 with BA:LA model:native mapping
DockQ 0.752 iRMSD 1.448 LRMSD 3.562 fnat 0.889 fnonnat 0.347 F1 0.753 clashes 0 mapping BA:LA /home/junjiechen/1_work/250401-Dpepalign/Benchmark/protenix/PepSet/pred/2nnu/seed_43/predictions/2nnu_sample_2.cif B A -> /home/junjiechen/1_work/250401-Dpepalign/Benchmark/dataset/PepSet_dimer/2nnu.pdb L A
Total DockQ over 1 native interfaces: 0.747 with BA:LA model:native mapping
DockQ 0.747 iRMSD 1.490 LRMSD 3.967 fnat 0.917 fnonnat 0.340 F1 0.767 clashes 0 mapping BA:LA /home/junjiechen/1_work/250401-Dpepalign/Benchmark/protenix/PepSet/pred/2nnu/seed_43/predictions/2nnu_sample_4.cif B A -> /home/junjiechen/1_work/250401-Dpepalign/Benchmark/dataset/PepSet_dimer/2nnu.pdb L A
Total DockQ over 1 native interfaces: 0.760 with BA:LA model:native mapping
DockQ 0.760 iRMSD 1.380 LRMSD 3.566 fnat 0.889 fnonnat 0.347 F1 0.753 clashes 0 mapping BA:LA /home/junjiechen/1_work/250401-Dpepalign/Benchmark/protenix/PepSet/pred/2nnu/seed_44/predictions/2nnu_sample_3.cif B A -> /home/junjiechen/1_work/250401-Dpepalign/Benchmark/dataset/PepSet_dimer/2nnu.pdb L A
Total DockQ over 1 native interfaces: 0.763 with BA:LA model:native mapping
DockQ 0.763 iRMSD 1.419 LRMSD 3.637 fnat 0.917 fnonnat 0.340 F1 0.767 clashes 0 mapping BA:LA /home/junjiechen/1_work/250401-Dpepalign/Benchmark/protenix/PepSet/pred/2nnu/seed_44/predictions/2nnu_sample_2.cif B A -> /home/junjiechen/1_work/250401-Dpepalign/Benchmark/dataset/PepSet_dimer/2nnu.pdb L A
Total DockQ over 1 native interfaces: 0.973 with BA:LA model:native mapping
DockQ 0.973 iRMSD 0.297 LRMSD 0.547 fnat 0.960 fnonnat 0.040 F1 0.960 clashes 0 mapping BA:LA /home/junjiechen/1_work/250401-Dpepalign/Benchmark/protenix/PepSet/pred/2o9v/seed_42/predictions/2o9v_sample_0.cif B A -> /home/junjiechen/1_work/250401-Dpepalign/Benchmark/dataset/PepSet_dimer/2o9v.pdb L A
Total DockQ over 1 native interfaces: 0.987 with BA:LA model:native mapping
DockQ 0.987 iRMSD 0.286 LRMSD 0.511 fnat 1.000 fnonnat 0.038 F1 0.980 clashes 0 mapping BA:LA /home/junjiechen/1_work/250401-Dpepalign/Benchmark/protenix/PepSet/pred/2o9v/seed_42/predictions/2o9v_sample_1.cif B A -> /home/junjiechen/1_work/250401-Dpepalign/Benchmark/dataset/PepSet_dimer/2o9v.pdb L A
Total DockQ over 1 native interfaces: 0.983 with BA:LA model:native mapping
DockQ 0.983 iRMSD 0.323 LRMSD 0.641 fnat 1.000 fnonnat 0.038 F1 0.980 clashes 0 mapping BA:LA /home/junjiechen/1_work/250401-Dpepalign/Benchmark/protenix/PepSet/pred/2o9v/seed_42/predictions/2o9v_sample_3.cif B A -> /home/junjiechen/1_work/250401-Dpepalign/Benchmark/dataset/PepSet_dimer/2o9v.pdb L A
Total DockQ over 1 native interfaces: 0.983 with BA:LA model:native mapping
DockQ 0.983 iRMSD 0.325 LRMSD 0.629 fnat 1.000 fnonnat 0.038 F1 0.980 clashes 0 mapping BA:LA /home/junjiechen/1_work/250401-Dpepalign/Benchmark/protenix/PepSet/pred/2o9v/seed_42/predictions/2o9v_sample_2.cif B A -> /home/junjiechen/1_work/250401-Dpepalign/Benchmark/dataset/PepSet_dimer/2o9v.pdb L A
Total DockQ over 1 native interfaces: 0.756 with BA:LA model:native mapping
DockQ 0.756 iRMSD 1.450 LRMSD 3.803 fnat 0.917 fnonnat 0.340 F1 0.767 clashes 0 mapping BA:LA /home/junjiechen/1_work/250401-Dpepalign/Benchmark/protenix/PepSet/pred/2nnu/seed_44/predictions/2nnu_sample_4.cif B A -> /home/junjiechen/1_work/250401-Dpepalign/Benchmark/dataset/PepSet_dimer/2nnu.pdb L A
Total DockQ over 1 native interfaces: 0.969 with BA:LA model:native mapping
DockQ 0.969 iRMSD 0.329 LRMSD 0.656 fnat 0.960 fnonnat 0.000 F1 0.980 clashes 0 mapping BA:LA /home/junjiechen/1_work/250401-Dpepalign/Benchmark/protenix/PepSet/pred/2o9v/seed_42/predictions/2o9v_sample_4.cif B A -> /home/junjiechen/1_work/250401-Dpepalign/Benchmark/dataset/PepSet_dimer/2o9v.pdb L A
Total DockQ over 1 native interfaces: 0.985 with BA:LA model:native mapping
DockQ 0.985 iRMSD 0.309 LRMSD 0.621 fnat 1.000 fnonnat 0.038 F1 0.980 clashes 0 mapping BA:LA /home/junjiechen/1_work/250401-Dpepalign/Benchmark/protenix/PepSet/pred/2o9v/seed_43/predictions/2o9v_sample_0.cif B A -> /home/junjiechen/1_work/250401-Dpepalign/Benchmark/dataset/PepSet_dimer/2o9v.pdb L A
Total DockQ over 1 native interfaces: 0.965 with BA:LA model:native mapping
DockQ 0.965 iRMSD 0.372 LRMSD 0.738 fnat 0.960 fnonnat 0.040 F1 0.960 clashes 0 mapping BA:LA /home/junjiechen/1_work/250401-Dpepalign/Benchmark/protenix/PepSet/pred/2o9v/seed_43/predictions/2o9v_sample_3.cif B A -> /home/junjiechen/1_work/250401-Dpepalign/Benchmark/dataset/PepSet_dimer/2o9v.pdb L A
Total DockQ over 1 native interfaces: 0.971 with BA:LA model:native mapping
DockQ 0.971 iRMSD 0.318 LRMSD 0.563 fnat 0.960 fnonnat 0.000 F1 0.980 clashes 0 mapping BA:LA /home/junjiechen/1_work/250401-Dpepalign/Benchmark/protenix/PepSet/pred/2o9v/seed_43/predictions/2o9v_sample_2.cif B A -> /home/junjiechen/1_work/250401-Dpepalign/Benchmark/dataset/PepSet_dimer/2o9v.pdb L A
Total DockQ over 1 native interfaces: 0.986 with BA:LA model:native mapping
DockQ 0.986 iRMSD 0.296 LRMSD 0.489 fnat 1.000 fnonnat 0.038 F1 0.980 clashes 0 mapping BA:LA /home/junjiechen/1_work/250401-Dpepalign/Benchmark/protenix/PepSet/pred/2o9v/seed_43/predictions/2o9v_sample_1.cif B A -> /home/junjiechen/1_work/250401-Dpepalign/Benchmark/dataset/PepSet_dimer/2o9v.pdb L A
Total DockQ over 1 native interfaces: 0.969 with BA:LA model:native mapping
DockQ 0.969 iRMSD 0.331 LRMSD 0.703 fnat 0.960 fnonnat 0.000 F1 0.980 clashes 0 mapping BA:LA /home/junjiechen/1_work/250401-Dpepalign/Benchmark/protenix/PepSet/pred/2o9v/seed_43/predictions/2o9v_sample_4.cif B A -> /home/junjiechen/1_work/250401-Dpepalign/Benchmark/dataset/PepSet_dimer/2o9v.pdb L A
Total DockQ over 1 native interfaces: 0.981 with BA:LA model:native mapping
DockQ 0.981 iRMSD 0.347 LRMSD 0.684 fnat 1.000 fnonnat 0.038 F1 0.980 clashes 0 mapping BA:LA /home/junjiechen/1_work/250401-Dpepalign/Benchmark/protenix/PepSet/pred/2o9v/seed_44/predictions/2o9v_sample_1.cif B A -> /home/junjiechen/1_work/250401-Dpepalign/Benchmark/dataset/PepSet_dimer/2o9v.pdb L A
Total DockQ over 1 native interfaces: 0.951 with BA:LA model:native mapping
DockQ 0.951 iRMSD 0.485 LRMSD 0.977 fnat 0.960 fnonnat 0.040 F1 0.960 clashes 0 mapping BA:LA /home/junjiechen/1_work/250401-Dpepalign/Benchmark/protenix/PepSet/pred/2o9v/seed_44/predictions/2o9v_sample_4.cif B A -> /home/junjiechen/1_work/250401-Dpepalign/Benchmark/dataset/PepSet_dimer/2o9v.pdb L A
Total DockQ over 1 native interfaces: 0.981 with BA:LA model:native mapping
DockQ 0.981 iRMSD 0.352 LRMSD 0.647 fnat 1.000 fnonnat 0.038 F1 0.980 clashes 0 mapping BA:LA /home/junjiechen/1_work/250401-Dpepalign/Benchmark/protenix/PepSet/pred/2o9v/seed_44/predictions/2o9v_sample_3.cif B A -> /home/junjiechen/1_work/250401-Dpepalign/Benchmark/dataset/PepSet_dimer/2o9v.pdb L A
Total DockQ over 1 native interfaces: 0.971 with BA:LA model:native mapping
DockQ 0.971 iRMSD 0.318 LRMSD 0.599 fnat 0.960 fnonnat 0.040 F1 0.960 clashes 0 mapping BA:LA /home/junjiechen/1_work/250401-Dpepalign/Benchmark/protenix/PepSet/pred/2o9v/seed_44/predictions/2o9v_sample_2.cif B A -> /home/junjiechen/1_work/250401-Dpepalign/Benchmark/dataset/PepSet_dimer/2o9v.pdb L A
Total DockQ over 1 native interfaces: 0.971 with BA:LA model:native mapping
DockQ 0.971 iRMSD 0.312 LRMSD 0.622 fnat 0.960 fnonnat 0.040 F1 0.960 clashes 0 mapping BA:LA /home/junjiechen/1_work/250401-Dpepalign/Benchmark/protenix/PepSet/pred/2o9v/seed_44/predictions/2o9v_sample_0.cif B A -> /home/junjiechen/1_work/250401-Dpepalign/Benchmark/dataset/PepSet_dimer/2o9v.pdb L A
Total DockQ over 1 native interfaces: 0.738 with BA:LB model:native mapping
DockQ 0.738 iRMSD 1.364 LRMSD 3.643 fnat 0.822 fnonnat 0.327 F1 0.740 clashes 0 mapping BA:LB /home/junjiechen/1_work/250401-Dpepalign/Benchmark/protenix/PepSet/pred/2p1o/seed_42/predictions/2p1o_sample_0.cif B A -> /home/junjiechen/1_work/250401-Dpepalign/Benchmark/dataset/PepSet_dimer/2p1o.pdb L B
Total DockQ over 1 native interfaces: 0.688 with BA:LB model:native mapping
DockQ 0.688 iRMSD 1.588 LRMSD 4.362 fnat 0.800 fnonnat 0.357 F1 0.713 clashes 0 mapping BA:LB /home/junjiechen/1_work/250401-Dpepalign/Benchmark/protenix/PepSet/pred/2p1o/seed_42/predictions/2p1o_sample_4.cif B A -> /home/junjiechen/1_work/250401-Dpepalign/Benchmark/dataset/PepSet_dimer/2p1o.pdb L B
Total DockQ over 1 native interfaces: 0.770 with BA:LB model:native mapping
DockQ 0.770 iRMSD 1.180 LRMSD 2.969 fnat 0.800 fnonnat 0.368 F1 0.706 clashes 1 mapping BA:LB /home/junjiechen/1_work/250401-Dpepalign/Benchmark/protenix/PepSet/pred/2p1o/seed_43/predictions/2p1o_sample_3.cif B A -> /home/junjiechen/1_work/250401-Dpepalign/Benchmark/dataset/PepSet_dimer/2p1o.pdb L B
Total DockQ over 1 native interfaces: 0.738 with BA:LB model:native mapping
DockQ 0.738 iRMSD 1.390 LRMSD 3.813 fnat 0.844 fnonnat 0.296 F1 0.768 clashes 0 mapping BA:LB /home/junjiechen/1_work/250401-Dpepalign/Benchmark/protenix/PepSet/pred/2p1o/seed_42/predictions/2p1o_sample_1.cif B A -> /home/junjiechen/1_work/250401-Dpepalign/Benchmark/dataset/PepSet_dimer/2p1o.pdb L B
Total DockQ over 1 native interfaces: 0.740 with BA:LB model:native mapping
DockQ 0.740 iRMSD 1.307 LRMSD 3.527 fnat 0.800 fnonnat 0.357 F1 0.713 clashes 0 mapping BA:LB /home/junjiechen/1_work/250401-Dpepalign/Benchmark/protenix/PepSet/pred/2p1o/seed_42/predictions/2p1o_sample_2.cif B A -> /home/junjiechen/1_work/250401-Dpepalign/Benchmark/dataset/PepSet_dimer/2p1o.pdb L B
Total DockQ over 1 native interfaces: 0.743 with BA:LB model:native mapping
DockQ 0.743 iRMSD 1.332 LRMSD 3.611 fnat 0.822 fnonnat 0.362 F1 0.718 clashes 1 mapping BA:LB /home/junjiechen/1_work/250401-Dpepalign/Benchmark/protenix/PepSet/pred/2p1o/seed_42/predictions/2p1o_sample_3.cif B A -> /home/junjiechen/1_work/250401-Dpepalign/Benchmark/dataset/PepSet_dimer/2p1o.pdb L B
Total DockQ over 1 native interfaces: 0.732 with BA:LB model:native mapping
DockQ 0.732 iRMSD 1.392 LRMSD 3.770 fnat 0.822 fnonnat 0.315 F1 0.747 clashes 1 mapping BA:LB /home/junjiechen/1_work/250401-Dpepalign/Benchmark/protenix/PepSet/pred/2p1o/seed_43/predictions/2p1o_sample_0.cif B A -> /home/junjiechen/1_work/250401-Dpepalign/Benchmark/dataset/PepSet_dimer/2p1o.pdb L B
Total DockQ over 1 native interfaces: 0.704 with BA:LB model:native mapping
DockQ 0.704 iRMSD 1.455 LRMSD 3.999 fnat 0.778 fnonnat 0.364 F1 0.700 clashes 0 mapping BA:LB /home/junjiechen/1_work/250401-Dpepalign/Benchmark/protenix/PepSet/pred/2p1o/seed_43/predictions/2p1o_sample_4.cif B A -> /home/junjiechen/1_work/250401-Dpepalign/Benchmark/dataset/PepSet_dimer/2p1o.pdb L B
Total DockQ over 1 native interfaces: 0.748 with BA:LB model:native mapping
DockQ 0.748 iRMSD 1.308 LRMSD 3.505 fnat 0.822 fnonnat 0.373 F1 0.712 clashes 0 mapping BA:LB /home/junjiechen/1_work/250401-Dpepalign/Benchmark/protenix/PepSet/pred/2p1o/seed_43/predictions/2p1o_sample_1.cif B A -> /home/junjiechen/1_work/250401-Dpepalign/Benchmark/dataset/PepSet_dimer/2p1o.pdb L B
Total DockQ over 1 native interfaces: 0.777 with BA:LB model:native mapping
DockQ 0.777 iRMSD 1.202 LRMSD 3.179 fnat 0.844 fnonnat 0.321 F1 0.752 clashes 0 mapping BA:LB /home/junjiechen/1_work/250401-Dpepalign/Benchmark/protenix/PepSet/pred/2p1o/seed_43/predictions/2p1o_sample_2.cif B A -> /home/junjiechen/1_work/250401-Dpepalign/Benchmark/dataset/PepSet_dimer/2p1o.pdb L B
Total DockQ over 1 native interfaces: 0.354 with BA:LB model:native mapping
DockQ 0.354 iRMSD 2.981 LRMSD 8.420 fnat 0.356 fnonnat 0.784 F1 0.269 clashes 2 mapping BA:LB /home/junjiechen/1_work/250401-Dpepalign/Benchmark/protenix/PepSet/pred/2p1o/seed_44/predictions/2p1o_sample_1.cif B A -> /home/junjiechen/1_work/250401-Dpepalign/Benchmark/dataset/PepSet_dimer/2p1o.pdb L B
Total DockQ over 1 native interfaces: 0.927 with BA:LC model:native mapping
DockQ 0.927 iRMSD 0.561 LRMSD 0.404 fnat 0.906 fnonnat 0.094 F1 0.906 clashes 0 mapping BA:LC /home/junjiechen/1_work/250401-Dpepalign/Benchmark/protenix/PepSet/pred/2qos/seed_42/predictions/2qos_sample_0.cif B A -> /home/junjiechen/1_work/250401-Dpepalign/Benchmark/dataset/PepSet_dimer/2qos.pdb L C
Total DockQ over 1 native interfaces: 0.942 with BA:LC model:native mapping
DockQ 0.942 iRMSD 0.540 LRMSD 0.336 fnat 0.943 fnonnat 0.123 F1 0.909 clashes 0 mapping BA:LC /home/junjiechen/1_work/250401-Dpepalign/Benchmark/protenix/PepSet/pred/2qos/seed_42/predictions/2qos_sample_1.cif B A -> /home/junjiechen/1_work/250401-Dpepalign/Benchmark/dataset/PepSet_dimer/2qos.pdb L C
Total DockQ over 1 native interfaces: 0.935 with BA:LC model:native mapping
DockQ 0.935 iRMSD 0.551 LRMSD 0.382 fnat 0.925 fnonnat 0.140 F1 0.891 clashes 0 mapping BA:LC /home/junjiechen/1_work/250401-Dpepalign/Benchmark/protenix/PepSet/pred/2qos/seed_42/predictions/2qos_sample_4.cif B A -> /home/junjiechen/1_work/250401-Dpepalign/Benchmark/dataset/PepSet_dimer/2qos.pdb L C
Total DockQ over 1 native interfaces: 0.339 with BA:LB model:native mapping
DockQ 0.339 iRMSD 2.998 LRMSD 8.386 fnat 0.311 fnonnat 0.800 F1 0.243 clashes 1 mapping BA:LB /home/junjiechen/1_work/250401-Dpepalign/Benchmark/protenix/PepSet/pred/2p1o/seed_44/predictions/2p1o_sample_0.cif B A -> /home/junjiechen/1_work/250401-Dpepalign/Benchmark/dataset/PepSet_dimer/2p1o.pdb L B
Total DockQ over 1 native interfaces: 0.934 with BA:LC model:native mapping
DockQ 0.934 iRMSD 0.504 LRMSD 0.429 fnat 0.906 fnonnat 0.077 F1 0.914 clashes 0 mapping BA:LC /home/junjiechen/1_work/250401-Dpepalign/Benchmark/protenix/PepSet/pred/2qos/seed_42/predictions/2qos_sample_2.cif B A -> /home/junjiechen/1_work/250401-Dpepalign/Benchmark/dataset/PepSet_dimer/2qos.pdb L C
Total DockQ over 1 native interfaces: 0.370 with BA:LB model:native mapping
DockQ 0.370 iRMSD 2.827 LRMSD 7.923 fnat 0.356 fnonnat 0.771 F1 0.278 clashes 1 mapping BA:LB /home/junjiechen/1_work/250401-Dpepalign/Benchmark/protenix/PepSet/pred/2p1o/seed_44/predictions/2p1o_sample_3.cif B A -> /home/junjiechen/1_work/250401-Dpepalign/Benchmark/dataset/PepSet_dimer/2p1o.pdb L B
Total DockQ over 1 native interfaces: 0.939 with BA:LC model:native mapping
DockQ 0.939 iRMSD 0.565 LRMSD 0.346 fnat 0.943 fnonnat 0.074 F1 0.935 clashes 0 mapping BA:LC /home/junjiechen/1_work/250401-Dpepalign/Benchmark/protenix/PepSet/pred/2qos/seed_42/predictions/2qos_sample_3.cif B A -> /home/junjiechen/1_work/250401-Dpepalign/Benchmark/dataset/PepSet_dimer/2qos.pdb L C
Total DockQ over 1 native interfaces: 0.524 with BA:LB model:native mapping
DockQ 0.524 iRMSD 1.906 LRMSD 5.254 fnat 0.467 fnonnat 0.672 F1 0.385 clashes 1 mapping BA:LB /home/junjiechen/1_work/250401-Dpepalign/Benchmark/protenix/PepSet/pred/2p1o/seed_44/predictions/2p1o_sample_2.cif B A -> /home/junjiechen/1_work/250401-Dpepalign/Benchmark/dataset/PepSet_dimer/2p1o.pdb L B
Total DockQ over 1 native interfaces: 0.395 with BA:LB model:native mapping
DockQ 0.395 iRMSD 2.878 LRMSD 8.065 fnat 0.444 fnonnat 0.649 F1 0.392 clashes 2 mapping BA:LB /home/junjiechen/1_work/250401-Dpepalign/Benchmark/protenix/PepSet/pred/2p1o/seed_44/predictions/2p1o_sample_4.cif B A -> /home/junjiechen/1_work/250401-Dpepalign/Benchmark/dataset/PepSet_dimer/2p1o.pdb L B
Total DockQ over 1 native interfaces: 0.940 with BA:LC model:native mapping
DockQ 0.940 iRMSD 0.562 LRMSD 0.356 fnat 0.943 fnonnat 0.074 F1 0.935 clashes 0 mapping BA:LC /home/junjiechen/1_work/250401-Dpepalign/Benchmark/protenix/PepSet/pred/2qos/seed_43/predictions/2qos_sample_0.cif B A -> /home/junjiechen/1_work/250401-Dpepalign/Benchmark/dataset/PepSet_dimer/2qos.pdb L C
Total DockQ over 1 native interfaces: 0.939 with BA:LC model:native mapping
DockQ 0.939 iRMSD 0.511 LRMSD 0.484 fnat 0.925 fnonnat 0.125 F1 0.899 clashes 0 mapping BA:LC /home/junjiechen/1_work/250401-Dpepalign/Benchmark/protenix/PepSet/pred/2qos/seed_43/predictions/2qos_sample_2.cif B A -> /home/junjiechen/1_work/250401-Dpepalign/Benchmark/dataset/PepSet_dimer/2qos.pdb L C
Total DockQ over 1 native interfaces: 0.927 with BA:LC model:native mapping
DockQ 0.927 iRMSD 0.513 LRMSD 0.379 fnat 0.887 fnonnat 0.096 F1 0.895 clashes 0 mapping BA:LC /home/junjiechen/1_work/250401-Dpepalign/Benchmark/protenix/PepSet/pred/2qos/seed_43/predictions/2qos_sample_1.cif B A -> /home/junjiechen/1_work/250401-Dpepalign/Benchmark/dataset/PepSet_dimer/2qos.pdb L C
Total DockQ over 1 native interfaces: 0.952 with BA:LC model:native mapping
DockQ 0.952 iRMSD 0.462 LRMSD 0.366 fnat 0.943 fnonnat 0.107 F1 0.917 clashes 0 mapping BA:LC /home/junjiechen/1_work/250401-Dpepalign/Benchmark/protenix/PepSet/pred/2qos/seed_43/predictions/2qos_sample_3.cif B A -> /home/junjiechen/1_work/250401-Dpepalign/Benchmark/dataset/PepSet_dimer/2qos.pdb L C
Total DockQ over 1 native interfaces: 0.939 with BA:LC model:native mapping
DockQ 0.939 iRMSD 0.564 LRMSD 0.316 fnat 0.943 fnonnat 0.091 F1 0.926 clashes 0 mapping BA:LC /home/junjiechen/1_work/250401-Dpepalign/Benchmark/protenix/PepSet/pred/2qos/seed_43/predictions/2qos_sample_4.cif B A -> /home/junjiechen/1_work/250401-Dpepalign/Benchmark/dataset/PepSet_dimer/2qos.pdb L C
Total DockQ over 1 native interfaces: 0.935 with BA:LC model:native mapping
DockQ 0.935 iRMSD 0.549 LRMSD 0.431 fnat 0.925 fnonnat 0.093 F1 0.916 clashes 0 mapping BA:LC /home/junjiechen/1_work/250401-Dpepalign/Benchmark/protenix/PepSet/pred/2qos/seed_44/predictions/2qos_sample_1.cif B A -> /home/junjiechen/1_work/250401-Dpepalign/Benchmark/dataset/PepSet_dimer/2qos.pdb L C
Total DockQ over 1 native interfaces: 0.929 with BA:LC model:native mapping
DockQ 0.929 iRMSD 0.593 LRMSD 0.432 fnat 0.925 fnonnat 0.093 F1 0.916 clashes 0 mapping BA:LC /home/junjiechen/1_work/250401-Dpepalign/Benchmark/protenix/PepSet/pred/2qos/seed_44/predictions/2qos_sample_3.cif B A -> /home/junjiechen/1_work/250401-Dpepalign/Benchmark/dataset/PepSet_dimer/2qos.pdb L C
Total DockQ over 1 native interfaces: 0.916 with BA:LC model:native mapping
DockQ 0.916 iRMSD 0.597 LRMSD 0.432 fnat 0.887 fnonnat 0.096 F1 0.895 clashes 0 mapping BA:LC /home/junjiechen/1_work/250401-Dpepalign/Benchmark/protenix/PepSet/pred/2qos/seed_44/predictions/2qos_sample_4.cif B A -> /home/junjiechen/1_work/250401-Dpepalign/Benchmark/dataset/PepSet_dimer/2qos.pdb L C
Total DockQ over 1 native interfaces: 0.942 with BA:LC model:native mapping
DockQ 0.942 iRMSD 0.591 LRMSD 0.450 fnat 0.962 fnonnat 0.089 F1 0.936 clashes 0 mapping BA:LC /home/junjiechen/1_work/250401-Dpepalign/Benchmark/protenix/PepSet/pred/2qos/seed_44/predictions/2qos_sample_2.cif B A -> /home/junjiechen/1_work/250401-Dpepalign/Benchmark/dataset/PepSet_dimer/2qos.pdb L C
Total DockQ over 1 native interfaces: 0.941 with BA:LC model:native mapping
DockQ 0.941 iRMSD 0.552 LRMSD 0.336 fnat 0.943 fnonnat 0.138 F1 0.901 clashes 0 mapping BA:LC /home/junjiechen/1_work/250401-Dpepalign/Benchmark/protenix/PepSet/pred/2qos/seed_44/predictions/2qos_sample_0.cif B A -> /home/junjiechen/1_work/250401-Dpepalign/Benchmark/dataset/PepSet_dimer/2qos.pdb L C
Total DockQ over 1 native interfaces: 0.870 with BA:LA model:native mapping
DockQ 0.870 iRMSD 0.712 LRMSD 0.656 fnat 0.800 fnonnat 0.111 F1 0.842 clashes 0 mapping BA:LA /home/junjiechen/1_work/250401-Dpepalign/Benchmark/protenix/PepSet/pred/2r7g/seed_42/predictions/2r7g_sample_1.cif B A -> /home/junjiechen/1_work/250401-Dpepalign/Benchmark/dataset/PepSet_dimer/2r7g.pdb L A
Total DockQ over 1 native interfaces: 0.876 with BA:LA model:native mapping
DockQ 0.876 iRMSD 0.665 LRMSD 0.759 fnat 0.800 fnonnat 0.048 F1 0.870 clashes 0 mapping BA:LA /home/junjiechen/1_work/250401-Dpepalign/Benchmark/protenix/PepSet/pred/2r7g/seed_42/predictions/2r7g_sample_0.cif B A -> /home/junjiechen/1_work/250401-Dpepalign/Benchmark/dataset/PepSet_dimer/2r7g.pdb L A
Total DockQ over 1 native interfaces: 0.875 with BA:LA model:native mapping
DockQ 0.875 iRMSD 0.718 LRMSD 0.722 fnat 0.820 fnonnat 0.109 F1 0.854 clashes 0 mapping BA:LA /home/junjiechen/1_work/250401-Dpepalign/Benchmark/protenix/PepSet/pred/2r7g/seed_42/predictions/2r7g_sample_3.cif B A -> /home/junjiechen/1_work/250401-Dpepalign/Benchmark/dataset/PepSet_dimer/2r7g.pdb L A
Total DockQ over 1 native interfaces: 0.871 with BA:LA model:native mapping
DockQ 0.871 iRMSD 0.666 LRMSD 0.465 fnat 0.780 fnonnat 0.049 F1 0.857 clashes 0 mapping BA:LA /home/junjiechen/1_work/250401-Dpepalign/Benchmark/protenix/PepSet/pred/2r7g/seed_42/predictions/2r7g_sample_2.cif B A -> /home/junjiechen/1_work/250401-Dpepalign/Benchmark/dataset/PepSet_dimer/2r7g.pdb L A
Total DockQ over 1 native interfaces: 0.883 with BA:LA model:native mapping
DockQ 0.883 iRMSD 0.677 LRMSD 0.474 fnat 0.820 fnonnat 0.089 F1 0.863 clashes 0 mapping BA:LA /home/junjiechen/1_work/250401-Dpepalign/Benchmark/protenix/PepSet/pred/2r7g/seed_42/predictions/2r7g_sample_4.cif B A -> /home/junjiechen/1_work/250401-Dpepalign/Benchmark/dataset/PepSet_dimer/2r7g.pdb L A
Total DockQ over 1 native interfaces: 0.862 with BA:LA model:native mapping
DockQ 0.862 iRMSD 0.759 LRMSD 0.826 fnat 0.800 fnonnat 0.091 F1 0.851 clashes 0 mapping BA:LA /home/junjiechen/1_work/250401-Dpepalign/Benchmark/protenix/PepSet/pred/2r7g/seed_43/predictions/2r7g_sample_2.cif B A -> /home/junjiechen/1_work/250401-Dpepalign/Benchmark/dataset/PepSet_dimer/2r7g.pdb L A
Total DockQ over 1 native interfaces: 0.827 with BA:LA model:native mapping
DockQ 0.827 iRMSD 0.895 LRMSD 1.100 fnat 0.760 fnonnat 0.073 F1 0.835 clashes 0 mapping BA:LA /home/junjiechen/1_work/250401-Dpepalign/Benchmark/protenix/PepSet/pred/2r7g/seed_43/predictions/2r7g_sample_1.cif B A -> /home/junjiechen/1_work/250401-Dpepalign/Benchmark/dataset/PepSet_dimer/2r7g.pdb L A
Total DockQ over 1 native interfaces: 0.872 with BA:LA model:native mapping
DockQ 0.872 iRMSD 0.696 LRMSD 0.681 fnat 0.800 fnonnat 0.091 F1 0.851 clashes 0 mapping BA:LA /home/junjiechen/1_work/250401-Dpepalign/Benchmark/protenix/PepSet/pred/2r7g/seed_43/predictions/2r7g_sample_0.cif B A -> /home/junjiechen/1_work/250401-Dpepalign/Benchmark/dataset/PepSet_dimer/2r7g.pdb L A
Total DockQ over 1 native interfaces: 0.856 with BA:LA model:native mapping
DockQ 0.856 iRMSD 0.763 LRMSD 0.625 fnat 0.780 fnonnat 0.071 F1 0.848 clashes 0 mapping BA:LA /home/junjiechen/1_work/250401-Dpepalign/Benchmark/protenix/PepSet/pred/2r7g/seed_43/predictions/2r7g_sample_3.cif B A -> /home/junjiechen/1_work/250401-Dpepalign/Benchmark/dataset/PepSet_dimer/2r7g.pdb L A
Total DockQ over 1 native interfaces: 0.848 with BA:LA model:native mapping
DockQ 0.848 iRMSD 0.804 LRMSD 0.920 fnat 0.780 fnonnat 0.114 F1 0.830 clashes 0 mapping BA:LA /home/junjiechen/1_work/250401-Dpepalign/Benchmark/protenix/PepSet/pred/2r7g/seed_43/predictions/2r7g_sample_4.cif B A -> /home/junjiechen/1_work/250401-Dpepalign/Benchmark/dataset/PepSet_dimer/2r7g.pdb L A
Total DockQ over 1 native interfaces: 0.892 with BA:LA model:native mapping
DockQ 0.892 iRMSD 0.660 LRMSD 0.443 fnat 0.840 fnonnat 0.045 F1 0.894 clashes 0 mapping BA:LA /home/junjiechen/1_work/250401-Dpepalign/Benchmark/protenix/PepSet/pred/2r7g/seed_44/predictions/2r7g_sample_1.cif B A -> /home/junjiechen/1_work/250401-Dpepalign/Benchmark/dataset/PepSet_dimer/2r7g.pdb L A
Total DockQ over 1 native interfaces: 0.869 with BA:LA model:native mapping
DockQ 0.869 iRMSD 0.704 LRMSD 0.910 fnat 0.800 fnonnat 0.091 F1 0.851 clashes 0 mapping BA:LA /home/junjiechen/1_work/250401-Dpepalign/Benchmark/protenix/PepSet/pred/2r7g/seed_44/predictions/2r7g_sample_0.cif B A -> /home/junjiechen/1_work/250401-Dpepalign/Benchmark/dataset/PepSet_dimer/2r7g.pdb L A
Total DockQ over 1 native interfaces: 0.878 with BA:LA model:native mapping
DockQ 0.878 iRMSD 0.714 LRMSD 0.445 fnat 0.820 fnonnat 0.047 F1 0.882 clashes 0 mapping BA:LA /home/junjiechen/1_work/250401-Dpepalign/Benchmark/protenix/PepSet/pred/2r7g/seed_44/predictions/2r7g_sample_3.cif B A -> /home/junjiechen/1_work/250401-Dpepalign/Benchmark/dataset/PepSet_dimer/2r7g.pdb L A
Total DockQ over 1 native interfaces: 0.327 with BA:LA model:native mapping
DockQ 0.327 iRMSD 3.264 LRMSD 7.108 fnat 0.219 fnonnat 0.708 F1 0.250 clashes 0 mapping BA:LA /home/junjiechen/1_work/250401-Dpepalign/Benchmark/protenix/PepSet/pred/2rol/seed_42/predictions/2rol_sample_1.cif B A -> /home/junjiechen/1_work/250401-Dpepalign/Benchmark/dataset/PepSet_dimer/2rol.pdb L A
Total DockQ over 1 native interfaces: 0.415 with BA:LA model:native mapping
DockQ 0.415 iRMSD 2.983 LRMSD 5.989 fnat 0.375 fnonnat 0.600 F1 0.387 clashes 0 mapping BA:LA /home/junjiechen/1_work/250401-Dpepalign/Benchmark/protenix/PepSet/pred/2rol/seed_42/predictions/2rol_sample_2.cif B A -> /home/junjiechen/1_work/250401-Dpepalign/Benchmark/dataset/PepSet_dimer/2rol.pdb L A
Total DockQ over 1 native interfaces: 0.129 with BA:LA model:native mapping
DockQ 0.129 iRMSD 8.459 LRMSD 16.937 fnat 0.156 fnonnat 0.815 F1 0.169 clashes 1 mapping BA:LA /home/junjiechen/1_work/250401-Dpepalign/Benchmark/protenix/PepSet/pred/2rol/seed_42/predictions/2rol_sample_3.cif B A -> /home/junjiechen/1_work/250401-Dpepalign/Benchmark/dataset/PepSet_dimer/2rol.pdb L A
Total DockQ over 1 native interfaces: 0.128 with BA:LA model:native mapping
DockQ 0.128 iRMSD 8.784 LRMSD 17.051 fnat 0.156 fnonnat 0.839 F1 0.159 clashes 0 mapping BA:LA /home/junjiechen/1_work/250401-Dpepalign/Benchmark/protenix/PepSet/pred/2rol/seed_42/predictions/2rol_sample_4.cif B A -> /home/junjiechen/1_work/250401-Dpepalign/Benchmark/dataset/PepSet_dimer/2rol.pdb L A
Total DockQ over 1 native interfaces: 0.870 with BA:LA model:native mapping
DockQ 0.870 iRMSD 0.672 LRMSD 0.574 fnat 0.780 fnonnat 0.071 F1 0.848 clashes 0 mapping BA:LA /home/junjiechen/1_work/250401-Dpepalign/Benchmark/protenix/PepSet/pred/2r7g/seed_44/predictions/2r7g_sample_2.cif B A -> /home/junjiechen/1_work/250401-Dpepalign/Benchmark/dataset/PepSet_dimer/2r7g.pdb L A
Total DockQ over 1 native interfaces: 0.853 with BA:LA model:native mapping
DockQ 0.853 iRMSD 0.773 LRMSD 0.954 fnat 0.780 fnonnat 0.071 F1 0.848 clashes 0 mapping BA:LA /home/junjiechen/1_work/250401-Dpepalign/Benchmark/protenix/PepSet/pred/2r7g/seed_44/predictions/2r7g_sample_4.cif B A -> /home/junjiechen/1_work/250401-Dpepalign/Benchmark/dataset/PepSet_dimer/2r7g.pdb L A
Total DockQ over 1 native interfaces: 0.367 with BA:LA model:native mapping
DockQ 0.367 iRMSD 3.063 LRMSD 7.029 fnat 0.312 fnonnat 0.697 F1 0.308 clashes 1 mapping BA:LA /home/junjiechen/1_work/250401-Dpepalign/Benchmark/protenix/PepSet/pred/2rol/seed_42/predictions/2rol_sample_0.cif B A -> /home/junjiechen/1_work/250401-Dpepalign/Benchmark/dataset/PepSet_dimer/2rol.pdb L A
Total DockQ over 1 native interfaces: 0.122 with BA:LA model:native mapping
DockQ 0.122 iRMSD 8.546 LRMSD 16.456 fnat 0.125 fnonnat 0.892 F1 0.116 clashes 0 mapping BA:LA /home/junjiechen/1_work/250401-Dpepalign/Benchmark/protenix/PepSet/pred/2rol/seed_43/predictions/2rol_sample_0.cif B A -> /home/junjiechen/1_work/250401-Dpepalign/Benchmark/dataset/PepSet_dimer/2rol.pdb L A
Total DockQ over 1 native interfaces: 0.269 with BA:LA model:native mapping
DockQ 0.269 iRMSD 3.720 LRMSD 8.323 fnat 0.156 fnonnat 0.762 F1 0.189 clashes 0 mapping BA:LA /home/junjiechen/1_work/250401-Dpepalign/Benchmark/protenix/PepSet/pred/2rol/seed_43/predictions/2rol_sample_2.cif B A -> /home/junjiechen/1_work/250401-Dpepalign/Benchmark/dataset/PepSet_dimer/2rol.pdb L A
Total DockQ over 1 native interfaces: 0.408 with BA:LA model:native mapping
DockQ 0.408 iRMSD 2.834 LRMSD 6.100 fnat 0.344 fnonnat 0.522 F1 0.400 clashes 0 mapping BA:LA /home/junjiechen/1_work/250401-Dpepalign/Benchmark/protenix/PepSet/pred/2rol/seed_43/predictions/2rol_sample_1.cif B A -> /home/junjiechen/1_work/250401-Dpepalign/Benchmark/dataset/PepSet_dimer/2rol.pdb L A
Total DockQ over 1 native interfaces: 0.138 with BA:LA model:native mapping
DockQ 0.138 iRMSD 8.617 LRMSD 17.124 fnat 0.188 fnonnat 0.793 F1 0.197 clashes 0 mapping BA:LA /home/junjiechen/1_work/250401-Dpepalign/Benchmark/protenix/PepSet/pred/2rol/seed_43/predictions/2rol_sample_4.cif B A -> /home/junjiechen/1_work/250401-Dpepalign/Benchmark/dataset/PepSet_dimer/2rol.pdb L A
Total DockQ over 1 native interfaces: 0.260 with BA:LA model:native mapping
DockQ 0.260 iRMSD 4.053 LRMSD 8.985 fnat 0.188 fnonnat 0.793 F1 0.197 clashes 0 mapping BA:LA /home/junjiechen/1_work/250401-Dpepalign/Benchmark/protenix/PepSet/pred/2rol/seed_43/predictions/2rol_sample_3.cif B A -> /home/junjiechen/1_work/250401-Dpepalign/Benchmark/dataset/PepSet_dimer/2rol.pdb L A
Total DockQ over 1 native interfaces: 0.434 with BA:LA model:native mapping
DockQ 0.434 iRMSD 2.602 LRMSD 5.439 fnat 0.344 fnonnat 0.607 F1 0.367 clashes 0 mapping BA:LA /home/junjiechen/1_work/250401-Dpepalign/Benchmark/protenix/PepSet/pred/2rol/seed_44/predictions/2rol_sample_1.cif B A -> /home/junjiechen/1_work/250401-Dpepalign/Benchmark/dataset/PepSet_dimer/2rol.pdb L A
Total DockQ over 1 native interfaces: 0.135 with BA:LA model:native mapping
DockQ 0.135 iRMSD 8.796 LRMSD 17.677 fnat 0.188 fnonnat 0.750 F1 0.214 clashes 1 mapping BA:LA /home/junjiechen/1_work/250401-Dpepalign/Benchmark/protenix/PepSet/pred/2rol/seed_44/predictions/2rol_sample_4.cif B A -> /home/junjiechen/1_work/250401-Dpepalign/Benchmark/dataset/PepSet_dimer/2rol.pdb L A
Total DockQ over 1 native interfaces: 0.359 with BA:LA model:native mapping
DockQ 0.359 iRMSD 3.102 LRMSD 6.842 fnat 0.281 fnonnat 0.690 F1 0.295 clashes 0 mapping BA:LA /home/junjiechen/1_work/250401-Dpepalign/Benchmark/protenix/PepSet/pred/2rol/seed_44/predictions/2rol_sample_0.cif B A -> /home/junjiechen/1_work/250401-Dpepalign/Benchmark/dataset/PepSet_dimer/2rol.pdb L A
Total DockQ over 1 native interfaces: 0.440 with BA:LA model:native mapping
DockQ 0.440 iRMSD 2.647 LRMSD 5.544 fnat 0.375 fnonnat 0.538 F1 0.414 clashes 0 mapping BA:LA /home/junjiechen/1_work/250401-Dpepalign/Benchmark/protenix/PepSet/pred/2rol/seed_44/predictions/2rol_sample_2.cif B A -> /home/junjiechen/1_work/250401-Dpepalign/Benchmark/dataset/PepSet_dimer/2rol.pdb L A
Total DockQ over 1 native interfaces: 0.436 with BA:LA model:native mapping
DockQ 0.436 iRMSD 2.949 LRMSD 6.482 fnat 0.469 fnonnat 0.516 F1 0.476 clashes 2 mapping BA:LA /home/junjiechen/1_work/250401-Dpepalign/Benchmark/protenix/PepSet/pred/2rol/seed_44/predictions/2rol_sample_3.cif B A -> /home/junjiechen/1_work/250401-Dpepalign/Benchmark/dataset/PepSet_dimer/2rol.pdb L A
Total DockQ over 1 native interfaces: 0.874 with BA:LA model:native mapping
DockQ 0.874 iRMSD 0.930 LRMSD 1.830 fnat 0.943 fnonnat 0.132 F1 0.904 clashes 1 mapping BA:LA /home/junjiechen/1_work/250401-Dpepalign/Benchmark/protenix/PepSet/pred/2v8c/seed_42/predictions/2v8c_sample_0.cif B A -> /home/junjiechen/1_work/250401-Dpepalign/Benchmark/dataset/PepSet_dimer/2v8c.pdb L A
Total DockQ over 1 native interfaces: 0.830 with BA:LA model:native mapping
DockQ 0.830 iRMSD 1.093 LRMSD 2.461 fnat 0.914 fnonnat 0.179 F1 0.865 clashes 1 mapping BA:LA /home/junjiechen/1_work/250401-Dpepalign/Benchmark/protenix/PepSet/pred/2v8c/seed_42/predictions/2v8c_sample_4.cif B A -> /home/junjiechen/1_work/250401-Dpepalign/Benchmark/dataset/PepSet_dimer/2v8c.pdb L A
Total DockQ over 1 native interfaces: 0.388 with BA:LA model:native mapping
DockQ 0.388 iRMSD 2.716 LRMSD 7.142 fnat 0.343 fnonnat 0.625 F1 0.358 clashes 1 mapping BA:LA /home/junjiechen/1_work/250401-Dpepalign/Benchmark/protenix/PepSet/pred/2v8c/seed_43/predictions/2v8c_sample_0.cif B A -> /home/junjiechen/1_work/250401-Dpepalign/Benchmark/dataset/PepSet_dimer/2v8c.pdb L A
Total DockQ over 1 native interfaces: 0.878 with BA:LA model:native mapping
DockQ 0.878 iRMSD 0.914 LRMSD 1.723 fnat 0.943 fnonnat 0.083 F1 0.930 clashes 0 mapping BA:LA /home/junjiechen/1_work/250401-Dpepalign/Benchmark/protenix/PepSet/pred/2v8c/seed_42/predictions/2v8c_sample_1.cif B A -> /home/junjiechen/1_work/250401-Dpepalign/Benchmark/dataset/PepSet_dimer/2v8c.pdb L A
Total DockQ over 1 native interfaces: 0.480 with BA:LA model:native mapping
DockQ 0.480 iRMSD 2.374 LRMSD 5.966 fnat 0.486 fnonnat 0.485 F1 0.500 clashes 2 mapping BA:LA /home/junjiechen/1_work/250401-Dpepalign/Benchmark/protenix/PepSet/pred/2v8c/seed_43/predictions/2v8c_sample_1.cif B A -> /home/junjiechen/1_work/250401-Dpepalign/Benchmark/dataset/PepSet_dimer/2v8c.pdb L A
Total DockQ over 1 native interfaces: 0.901 with BA:LA model:native mapping
DockQ 0.901 iRMSD 0.762 LRMSD 1.622 fnat 0.943 fnonnat 0.108 F1 0.917 clashes 0 mapping BA:LA /home/junjiechen/1_work/250401-Dpepalign/Benchmark/protenix/PepSet/pred/2v8c/seed_42/predictions/2v8c_sample_3.cif B A -> /home/junjiechen/1_work/250401-Dpepalign/Benchmark/dataset/PepSet_dimer/2v8c.pdb L A
Total DockQ over 1 native interfaces: 0.820 with BA:LA model:native mapping
DockQ 0.820 iRMSD 1.214 LRMSD 2.634 fnat 0.943 fnonnat 0.250 F1 0.835 clashes 0 mapping BA:LA /home/junjiechen/1_work/250401-Dpepalign/Benchmark/protenix/PepSet/pred/2v8c/seed_42/predictions/2v8c_sample_2.cif B A -> /home/junjiechen/1_work/250401-Dpepalign/Benchmark/dataset/PepSet_dimer/2v8c.pdb L A
Total DockQ over 1 native interfaces: 0.851 with BA:LA model:native mapping
DockQ 0.851 iRMSD 1.044 LRMSD 2.202 fnat 0.943 fnonnat 0.195 F1 0.868 clashes 0 mapping BA:LA /home/junjiechen/1_work/250401-Dpepalign/Benchmark/protenix/PepSet/pred/2v8c/seed_43/predictions/2v8c_sample_2.cif B A -> /home/junjiechen/1_work/250401-Dpepalign/Benchmark/dataset/PepSet_dimer/2v8c.pdb L A
Total DockQ over 1 native interfaces: 0.889 with BA:LA model:native mapping
DockQ 0.889 iRMSD 0.791 LRMSD 1.484 fnat 0.914 fnonnat 0.158 F1 0.877 clashes 0 mapping BA:LA /home/junjiechen/1_work/250401-Dpepalign/Benchmark/protenix/PepSet/pred/2v8c/seed_43/predictions/2v8c_sample_3.cif B A -> /home/junjiechen/1_work/250401-Dpepalign/Benchmark/dataset/PepSet_dimer/2v8c.pdb L A
Total DockQ over 1 native interfaces: 0.753 with BA:LA model:native mapping
DockQ 0.753 iRMSD 1.255 LRMSD 2.819 fnat 0.771 fnonnat 0.308 F1 0.730 clashes 1 mapping BA:LA /home/junjiechen/1_work/250401-Dpepalign/Benchmark/protenix/PepSet/pred/2v8c/seed_43/predictions/2v8c_sample_4.cif B A -> /home/junjiechen/1_work/250401-Dpepalign/Benchmark/dataset/PepSet_dimer/2v8c.pdb L A
Total DockQ over 1 native interfaces: 0.863 with BA:LA model:native mapping
DockQ 0.863 iRMSD 0.980 LRMSD 2.033 fnat 0.943 fnonnat 0.108 F1 0.917 clashes 0 mapping BA:LA /home/junjiechen/1_work/250401-Dpepalign/Benchmark/protenix/PepSet/pred/2v8c/seed_44/predictions/2v8c_sample_1.cif B A -> /home/junjiechen/1_work/250401-Dpepalign/Benchmark/dataset/PepSet_dimer/2v8c.pdb L A
Total DockQ over 1 native interfaces: 0.883 with BA:LA model:native mapping
DockQ 0.883 iRMSD 0.884 LRMSD 1.644 fnat 0.943 fnonnat 0.108 F1 0.917 clashes 1 mapping BA:LA /home/junjiechen/1_work/250401-Dpepalign/Benchmark/protenix/PepSet/pred/2v8c/seed_44/predictions/2v8c_sample_0.cif B A -> /home/junjiechen/1_work/250401-Dpepalign/Benchmark/dataset/PepSet_dimer/2v8c.pdb L A
Total DockQ over 1 native interfaces: 0.847 with BA:LA model:native mapping
DockQ 0.847 iRMSD 1.024 LRMSD 2.068 fnat 0.914 fnonnat 0.158 F1 0.877 clashes 0 mapping BA:LA /home/junjiechen/1_work/250401-Dpepalign/Benchmark/protenix/PepSet/pred/2v8c/seed_44/predictions/2v8c_sample_2.cif B A -> /home/junjiechen/1_work/250401-Dpepalign/Benchmark/dataset/PepSet_dimer/2v8c.pdb L A
Total DockQ over 1 native interfaces: 0.123 with BA:LA model:native mapping
DockQ 0.123 iRMSD 8.769 LRMSD 18.807 fnat 0.171 fnonnat 0.833 F1 0.169 clashes 0 mapping BA:LA /home/junjiechen/1_work/250401-Dpepalign/Benchmark/protenix/PepSet/pred/2v8c/seed_44/predictions/2v8c_sample_4.cif B A -> /home/junjiechen/1_work/250401-Dpepalign/Benchmark/dataset/PepSet_dimer/2v8c.pdb L A
Total DockQ over 1 native interfaces: 0.870 with BA:LA model:native mapping
DockQ 0.870 iRMSD 0.948 LRMSD 1.914 fnat 0.943 fnonnat 0.108 F1 0.917 clashes 0 mapping BA:LA /home/junjiechen/1_work/250401-Dpepalign/Benchmark/protenix/PepSet/pred/2v8c/seed_44/predictions/2v8c_sample_3.cif B A -> /home/junjiechen/1_work/250401-Dpepalign/Benchmark/dataset/PepSet_dimer/2v8c.pdb L A
Total DockQ over 1 native interfaces: 0.780 with BA:LB model:native mapping
DockQ 0.780 iRMSD 1.275 LRMSD 2.779 fnat 0.857 fnonnat 0.172 F1 0.842 clashes 0 mapping BA:LB /home/junjiechen/1_work/250401-Dpepalign/Benchmark/protenix/PepSet/pred/2vzg/seed_42/predictions/2vzg_sample_1.cif B A -> /home/junjiechen/1_work/250401-Dpepalign/Benchmark/dataset/PepSet_dimer/2vzg.pdb L B
Total DockQ over 1 native interfaces: 0.758 with BA:LB model:native mapping
DockQ 0.758 iRMSD 1.403 LRMSD 3.091 fnat 0.857 fnonnat 0.226 F1 0.814 clashes 0 mapping BA:LB /home/junjiechen/1_work/250401-Dpepalign/Benchmark/protenix/PepSet/pred/2vzg/seed_42/predictions/2vzg_sample_0.cif B A -> /home/junjiechen/1_work/250401-Dpepalign/Benchmark/dataset/PepSet_dimer/2vzg.pdb L B
Total DockQ over 1 native interfaces: 0.776 with BA:LB model:native mapping
DockQ 0.776 iRMSD 1.359 LRMSD 3.046 fnat 0.893 fnonnat 0.219 F1 0.833 clashes 0 mapping BA:LB /home/junjiechen/1_work/250401-Dpepalign/Benchmark/protenix/PepSet/pred/2vzg/seed_42/predictions/2vzg_sample_3.cif B A -> /home/junjiechen/1_work/250401-Dpepalign/Benchmark/dataset/PepSet_dimer/2vzg.pdb L B
Total DockQ over 1 native interfaces: 0.819 with BA:LB model:native mapping
DockQ 0.819 iRMSD 1.133 LRMSD 2.393 fnat 0.893 fnonnat 0.167 F1 0.862 clashes 0 mapping BA:LB /home/junjiechen/1_work/250401-Dpepalign/Benchmark/protenix/PepSet/pred/2vzg/seed_42/predictions/2vzg_sample_2.cif B A -> /home/junjiechen/1_work/250401-Dpepalign/Benchmark/dataset/PepSet_dimer/2vzg.pdb L B
Total DockQ over 1 native interfaces: 0.807 with BA:LB model:native mapping
DockQ 0.807 iRMSD 1.220 LRMSD 2.392 fnat 0.893 fnonnat 0.265 F1 0.806 clashes 0 mapping BA:LB /home/junjiechen/1_work/250401-Dpepalign/Benchmark/protenix/PepSet/pred/2vzg/seed_42/predictions/2vzg_sample_4.cif B A -> /home/junjiechen/1_work/250401-Dpepalign/Benchmark/dataset/PepSet_dimer/2vzg.pdb L B
Total DockQ over 1 native interfaces: 0.791 with BA:LB model:native mapping
DockQ 0.791 iRMSD 1.359 LRMSD 2.899 fnat 0.929 fnonnat 0.188 F1 0.867 clashes 0 mapping BA:LB /home/junjiechen/1_work/250401-Dpepalign/Benchmark/protenix/PepSet/pred/2vzg/seed_43/predictions/2vzg_sample_1.cif B A -> /home/junjiechen/1_work/250401-Dpepalign/Benchmark/dataset/PepSet_dimer/2vzg.pdb L B
Total DockQ over 1 native interfaces: 0.788 with BA:LB model:native mapping
DockQ 0.788 iRMSD 1.298 LRMSD 2.842 fnat 0.893 fnonnat 0.242 F1 0.820 clashes 0 mapping BA:LB /home/junjiechen/1_work/250401-Dpepalign/Benchmark/protenix/PepSet/pred/2vzg/seed_43/predictions/2vzg_sample_2.cif B A -> /home/junjiechen/1_work/250401-Dpepalign/Benchmark/dataset/PepSet_dimer/2vzg.pdb L B
Total DockQ over 1 native interfaces: 0.798 with BA:LB model:native mapping
DockQ 0.798 iRMSD 1.255 LRMSD 2.649 fnat 0.893 fnonnat 0.194 F1 0.847 clashes 0 mapping BA:LB /home/junjiechen/1_work/250401-Dpepalign/Benchmark/protenix/PepSet/pred/2vzg/seed_43/predictions/2vzg_sample_0.cif B A -> /home/junjiechen/1_work/250401-Dpepalign/Benchmark/dataset/PepSet_dimer/2vzg.pdb L B
Total DockQ over 1 native interfaces: 0.767 with BA:LB model:native mapping
DockQ 0.767 iRMSD 1.348 LRMSD 2.963 fnat 0.857 fnonnat 0.143 F1 0.857 clashes 0 mapping BA:LB /home/junjiechen/1_work/250401-Dpepalign/Benchmark/protenix/PepSet/pred/2vzg/seed_43/predictions/2vzg_sample_3.cif B A -> /home/junjiechen/1_work/250401-Dpepalign/Benchmark/dataset/PepSet_dimer/2vzg.pdb L B
Total DockQ over 1 native interfaces: 0.800 with BA:LB model:native mapping
DockQ 0.800 iRMSD 1.169 LRMSD 2.496 fnat 0.857 fnonnat 0.200 F1 0.828 clashes 0 mapping BA:LB /home/junjiechen/1_work/250401-Dpepalign/Benchmark/protenix/PepSet/pred/2vzg/seed_43/predictions/2vzg_sample_4.cif B A -> /home/junjiechen/1_work/250401-Dpepalign/Benchmark/dataset/PepSet_dimer/2vzg.pdb L B
Total DockQ over 1 native interfaces: 0.799 with BA:LB model:native mapping
DockQ 0.799 iRMSD 1.242 LRMSD 2.660 fnat 0.893 fnonnat 0.167 F1 0.862 clashes 0 mapping BA:LB /home/junjiechen/1_work/250401-Dpepalign/Benchmark/protenix/PepSet/pred/2vzg/seed_44/predictions/2vzg_sample_4.cif B A -> /home/junjiechen/1_work/250401-Dpepalign/Benchmark/dataset/PepSet_dimer/2vzg.pdb L B
Total DockQ over 1 native interfaces: 0.790 with BA:LB model:native mapping
DockQ 0.790 iRMSD 1.298 LRMSD 2.773 fnat 0.893 fnonnat 0.167 F1 0.862 clashes 0 mapping BA:LB /home/junjiechen/1_work/250401-Dpepalign/Benchmark/protenix/PepSet/pred/2vzg/seed_44/predictions/2vzg_sample_0.cif B A -> /home/junjiechen/1_work/250401-Dpepalign/Benchmark/dataset/PepSet_dimer/2vzg.pdb L B
Total DockQ over 1 native interfaces: 0.786 with BA:LB model:native mapping
DockQ 0.786 iRMSD 1.324 LRMSD 2.782 fnat 0.893 fnonnat 0.138 F1 0.877 clashes 0 mapping BA:LB /home/junjiechen/1_work/250401-Dpepalign/Benchmark/protenix/PepSet/pred/2vzg/seed_44/predictions/2vzg_sample_3.cif B A -> /home/junjiechen/1_work/250401-Dpepalign/Benchmark/dataset/PepSet_dimer/2vzg.pdb L B
Total DockQ over 1 native interfaces: 0.770 with BA:LB model:native mapping
DockQ 0.770 iRMSD 1.329 LRMSD 2.950 fnat 0.857 fnonnat 0.200 F1 0.828 clashes 0 mapping BA:LB /home/junjiechen/1_work/250401-Dpepalign/Benchmark/protenix/PepSet/pred/2vzg/seed_44/predictions/2vzg_sample_2.cif B A -> /home/junjiechen/1_work/250401-Dpepalign/Benchmark/dataset/PepSet_dimer/2vzg.pdb L B
Total DockQ over 1 native interfaces: 0.788 with BA:LB model:native mapping
DockQ 0.788 iRMSD 1.310 LRMSD 2.794 fnat 0.893 fnonnat 0.167 F1 0.862 clashes 0 mapping BA:LB /home/junjiechen/1_work/250401-Dpepalign/Benchmark/protenix/PepSet/pred/2vzg/seed_44/predictions/2vzg_sample_1.cif B A -> /home/junjiechen/1_work/250401-Dpepalign/Benchmark/dataset/PepSet_dimer/2vzg.pdb L B
Total DockQ over 1 native interfaces: 0.937 with BA:LA model:native mapping
DockQ 0.937 iRMSD 0.463 LRMSD 1.095 fnat 0.914 fnonnat 0.179 F1 0.865 clashes 0 mapping BA:LA /home/junjiechen/1_work/250401-Dpepalign/Benchmark/protenix/PepSet/pred/2xcb/seed_42/predictions/2xcb_sample_0.cif B A -> /home/junjiechen/1_work/250401-Dpepalign/Benchmark/dataset/PepSet_dimer/2xcb.pdb L A
Total DockQ over 1 native interfaces: 0.948 with BA:LA model:native mapping
DockQ 0.948 iRMSD 0.371 LRMSD 0.975 fnat 0.914 fnonnat 0.111 F1 0.901 clashes 0 mapping BA:LA /home/junjiechen/1_work/250401-Dpepalign/Benchmark/protenix/PepSet/pred/2xcb/seed_42/predictions/2xcb_sample_1.cif B A -> /home/junjiechen/1_work/250401-Dpepalign/Benchmark/dataset/PepSet_dimer/2xcb.pdb L A
Total DockQ over 1 native interfaces: 0.942 with BA:LA model:native mapping
DockQ 0.942 iRMSD 0.419 LRMSD 1.076 fnat 0.914 fnonnat 0.179 F1 0.865 clashes 0 mapping BA:LA /home/junjiechen/1_work/250401-Dpepalign/Benchmark/protenix/PepSet/pred/2xcb/seed_42/predictions/2xcb_sample_2.cif B A -> /home/junjiechen/1_work/250401-Dpepalign/Benchmark/dataset/PepSet_dimer/2xcb.pdb L A
Total DockQ over 1 native interfaces: 0.945 with BA:LA model:native mapping
DockQ 0.945 iRMSD 0.388 LRMSD 1.060 fnat 0.914 fnonnat 0.200 F1 0.853 clashes 0 mapping BA:LA /home/junjiechen/1_work/250401-Dpepalign/Benchmark/protenix/PepSet/pred/2xcb/seed_42/predictions/2xcb_sample_4.cif B A -> /home/junjiechen/1_work/250401-Dpepalign/Benchmark/dataset/PepSet_dimer/2xcb.pdb L A
Total DockQ over 1 native interfaces: 0.934 with BA:LA model:native mapping
DockQ 0.934 iRMSD 0.410 LRMSD 1.048 fnat 0.886 fnonnat 0.184 F1 0.849 clashes 0 mapping BA:LA /home/junjiechen/1_work/250401-Dpepalign/Benchmark/protenix/PepSet/pred/2xcb/seed_42/predictions/2xcb_sample_3.cif B A -> /home/junjiechen/1_work/250401-Dpepalign/Benchmark/dataset/PepSet_dimer/2xcb.pdb L A
Total DockQ over 1 native interfaces: 0.939 with BA:LA model:native mapping
DockQ 0.939 iRMSD 0.364 LRMSD 0.958 fnat 0.886 fnonnat 0.205 F1 0.838 clashes 0 mapping BA:LA /home/junjiechen/1_work/250401-Dpepalign/Benchmark/protenix/PepSet/pred/2xcb/seed_43/predictions/2xcb_sample_1.cif B A -> /home/junjiechen/1_work/250401-Dpepalign/Benchmark/dataset/PepSet_dimer/2xcb.pdb L A
Total DockQ over 1 native interfaces: 0.946 with BA:LA model:native mapping
DockQ 0.946 iRMSD 0.382 LRMSD 1.006 fnat 0.914 fnonnat 0.111 F1 0.901 clashes 0 mapping BA:LA /home/junjiechen/1_work/250401-Dpepalign/Benchmark/protenix/PepSet/pred/2xcb/seed_43/predictions/2xcb_sample_0.cif B A -> /home/junjiechen/1_work/250401-Dpepalign/Benchmark/dataset/PepSet_dimer/2xcb.pdb L A
Total DockQ over 1 native interfaces: 0.941 with BA:LA model:native mapping
DockQ 0.941 iRMSD 0.426 LRMSD 1.058 fnat 0.914 fnonnat 0.135 F1 0.889 clashes 0 mapping BA:LA /home/junjiechen/1_work/250401-Dpepalign/Benchmark/protenix/PepSet/pred/2xcb/seed_43/predictions/2xcb_sample_4.cif B A -> /home/junjiechen/1_work/250401-Dpepalign/Benchmark/dataset/PepSet_dimer/2xcb.pdb L A
Total DockQ over 1 native interfaces: 0.936 with BA:LA model:native mapping
DockQ 0.936 iRMSD 0.394 LRMSD 1.033 fnat 0.886 fnonnat 0.162 F1 0.861 clashes 0 mapping BA:LA /home/junjiechen/1_work/250401-Dpepalign/Benchmark/protenix/PepSet/pred/2xcb/seed_43/predictions/2xcb_sample_3.cif B A -> /home/junjiechen/1_work/250401-Dpepalign/Benchmark/dataset/PepSet_dimer/2xcb.pdb L A
Total DockQ over 1 native interfaces: 0.946 with BA:LA model:native mapping
DockQ 0.946 iRMSD 0.389 LRMSD 1.018 fnat 0.914 fnonnat 0.135 F1 0.889 clashes 0 mapping BA:LA /home/junjiechen/1_work/250401-Dpepalign/Benchmark/protenix/PepSet/pred/2xcb/seed_43/predictions/2xcb_sample_2.cif B A -> /home/junjiechen/1_work/250401-Dpepalign/Benchmark/dataset/PepSet_dimer/2xcb.pdb L A
Total DockQ over 1 native interfaces: 0.930 with BA:LA model:native mapping
DockQ 0.930 iRMSD 0.448 LRMSD 1.049 fnat 0.886 fnonnat 0.139 F1 0.873 clashes 0 mapping BA:LA /home/junjiechen/1_work/250401-Dpepalign/Benchmark/protenix/PepSet/pred/2xcb/seed_44/predictions/2xcb_sample_0.cif B A -> /home/junjiechen/1_work/250401-Dpepalign/Benchmark/dataset/PepSet_dimer/2xcb.pdb L A
Total DockQ over 1 native interfaces: 0.947 with BA:LA model:native mapping
DockQ 0.947 iRMSD 0.378 LRMSD 0.991 fnat 0.914 fnonnat 0.179 F1 0.865 clashes 0 mapping BA:LA /home/junjiechen/1_work/250401-Dpepalign/Benchmark/protenix/PepSet/pred/2xcb/seed_44/predictions/2xcb_sample_3.cif B A -> /home/junjiechen/1_work/250401-Dpepalign/Benchmark/dataset/PepSet_dimer/2xcb.pdb L A
Total DockQ over 1 native interfaces: 0.938 with BA:LA model:native mapping
DockQ 0.938 iRMSD 0.375 LRMSD 0.982 fnat 0.886 fnonnat 0.114 F1 0.886 clashes 0 mapping BA:LA /home/junjiechen/1_work/250401-Dpepalign/Benchmark/protenix/PepSet/pred/2xcb/seed_44/predictions/2xcb_sample_2.cif B A -> /home/junjiechen/1_work/250401-Dpepalign/Benchmark/dataset/PepSet_dimer/2xcb.pdb L A
Total DockQ over 1 native interfaces: 0.946 with BA:LA model:native mapping
DockQ 0.946 iRMSD 0.387 LRMSD 1.032 fnat 0.914 fnonnat 0.200 F1 0.853 clashes 0 mapping BA:LA /home/junjiechen/1_work/250401-Dpepalign/Benchmark/protenix/PepSet/pred/2xcb/seed_44/predictions/2xcb_sample_1.cif B A -> /home/junjiechen/1_work/250401-Dpepalign/Benchmark/dataset/PepSet_dimer/2xcb.pdb L A
Total DockQ over 1 native interfaces: 0.858 with BA:LA model:native mapping
DockQ 0.858 iRMSD 0.998 LRMSD 2.060 fnat 0.936 fnonnat 0.064 F1 0.936 clashes 0 mapping BA:LA /home/junjiechen/1_work/250401-Dpepalign/Benchmark/protenix/PepSet/pred/2xpn/seed_42/predictions/2xpn_sample_0.cif B A -> /home/junjiechen/1_work/250401-Dpepalign/Benchmark/dataset/PepSet_dimer/2xpn.pdb L A
Total DockQ over 1 native interfaces: 0.947 with BA:LA model:native mapping
DockQ 0.947 iRMSD 0.380 LRMSD 0.968 fnat 0.914 fnonnat 0.111 F1 0.901 clashes 0 mapping BA:LA /home/junjiechen/1_work/250401-Dpepalign/Benchmark/protenix/PepSet/pred/2xcb/seed_44/predictions/2xcb_sample_4.cif B A -> /home/junjiechen/1_work/250401-Dpepalign/Benchmark/dataset/PepSet_dimer/2xcb.pdb L A
Total DockQ over 1 native interfaces: 0.849 with BA:LA model:native mapping
DockQ 0.849 iRMSD 1.087 LRMSD 2.255 fnat 0.957 fnonnat 0.062 F1 0.947 clashes 0 mapping BA:LA /home/junjiechen/1_work/250401-Dpepalign/Benchmark/protenix/PepSet/pred/2xpn/seed_42/predictions/2xpn_sample_4.cif B A -> /home/junjiechen/1_work/250401-Dpepalign/Benchmark/dataset/PepSet_dimer/2xpn.pdb L A
Total DockQ over 1 native interfaces: 0.849 with BA:LA model:native mapping
DockQ 0.849 iRMSD 1.046 LRMSD 2.198 fnat 0.936 fnonnat 0.064 F1 0.936 clashes 0 mapping BA:LA /home/junjiechen/1_work/250401-Dpepalign/Benchmark/protenix/PepSet/pred/2xpn/seed_42/predictions/2xpn_sample_1.cif B A -> /home/junjiechen/1_work/250401-Dpepalign/Benchmark/dataset/PepSet_dimer/2xpn.pdb L A
Total DockQ over 1 native interfaces: 0.859 with BA:LA model:native mapping
DockQ 0.859 iRMSD 1.024 LRMSD 2.194 fnat 0.957 fnonnat 0.043 F1 0.957 clashes 0 mapping BA:LA /home/junjiechen/1_work/250401-Dpepalign/Benchmark/protenix/PepSet/pred/2xpn/seed_42/predictions/2xpn_sample_2.cif B A -> /home/junjiechen/1_work/250401-Dpepalign/Benchmark/dataset/PepSet_dimer/2xpn.pdb L A
Total DockQ over 1 native interfaces: 0.837 with BA:LA model:native mapping
DockQ 0.837 iRMSD 1.043 LRMSD 2.114 fnat 0.894 fnonnat 0.106 F1 0.894 clashes 0 mapping BA:LA /home/junjiechen/1_work/250401-Dpepalign/Benchmark/protenix/PepSet/pred/2xpn/seed_43/predictions/2xpn_sample_3.cif B A -> /home/junjiechen/1_work/250401-Dpepalign/Benchmark/dataset/PepSet_dimer/2xpn.pdb L A
Total DockQ over 1 native interfaces: 0.856 with BA:LA model:native mapping
DockQ 0.856 iRMSD 1.050 LRMSD 2.175 fnat 0.957 fnonnat 0.062 F1 0.947 clashes 0 mapping BA:LA /home/junjiechen/1_work/250401-Dpepalign/Benchmark/protenix/PepSet/pred/2xpn/seed_42/predictions/2xpn_sample_3.cif B A -> /home/junjiechen/1_work/250401-Dpepalign/Benchmark/dataset/PepSet_dimer/2xpn.pdb L A
Total DockQ over 1 native interfaces: 0.843 with BA:LA model:native mapping
DockQ 0.843 iRMSD 1.004 LRMSD 2.039 fnat 0.894 fnonnat 0.067 F1 0.913 clashes 0 mapping BA:LA /home/junjiechen/1_work/250401-Dpepalign/Benchmark/protenix/PepSet/pred/2xpn/seed_43/predictions/2xpn_sample_2.cif B A -> /home/junjiechen/1_work/250401-Dpepalign/Benchmark/dataset/PepSet_dimer/2xpn.pdb L A
Total DockQ over 1 native interfaces: 0.844 with BA:LA model:native mapping
DockQ 0.844 iRMSD 1.027 LRMSD 2.189 fnat 0.915 fnonnat 0.044 F1 0.935 clashes 0 mapping BA:LA /home/junjiechen/1_work/250401-Dpepalign/Benchmark/protenix/PepSet/pred/2xpn/seed_43/predictions/2xpn_sample_1.cif B A -> /home/junjiechen/1_work/250401-Dpepalign/Benchmark/dataset/PepSet_dimer/2xpn.pdb L A
Total DockQ over 1 native interfaces: 0.831 with BA:LA model:native mapping
DockQ 0.831 iRMSD 1.061 LRMSD 2.265 fnat 0.894 fnonnat 0.045 F1 0.923 clashes 0 mapping BA:LA /home/junjiechen/1_work/250401-Dpepalign/Benchmark/protenix/PepSet/pred/2xpn/seed_43/predictions/2xpn_sample_0.cif B A -> /home/junjiechen/1_work/250401-Dpepalign/Benchmark/dataset/PepSet_dimer/2xpn.pdb L A
Total DockQ over 1 native interfaces: 0.833 with BA:LA model:native mapping
DockQ 0.833 iRMSD 1.061 LRMSD 2.185 fnat 0.894 fnonnat 0.106 F1 0.894 clashes 0 mapping BA:LA /home/junjiechen/1_work/250401-Dpepalign/Benchmark/protenix/PepSet/pred/2xpn/seed_43/predictions/2xpn_sample_4.cif B A -> /home/junjiechen/1_work/250401-Dpepalign/Benchmark/dataset/PepSet_dimer/2xpn.pdb L A
Total DockQ over 1 native interfaces: 0.859 with BA:LA model:native mapping
DockQ 0.859 iRMSD 1.031 LRMSD 2.148 fnat 0.957 fnonnat 0.062 F1 0.947 clashes 0 mapping BA:LA /home/junjiechen/1_work/250401-Dpepalign/Benchmark/protenix/PepSet/pred/2xpn/seed_44/predictions/2xpn_sample_0.cif B A -> /home/junjiechen/1_work/250401-Dpepalign/Benchmark/dataset/PepSet_dimer/2xpn.pdb L A
Total DockQ over 1 native interfaces: 0.840 with BA:LA model:native mapping
DockQ 0.840 iRMSD 1.019 LRMSD 2.128 fnat 0.894 fnonnat 0.067 F1 0.913 clashes 0 mapping BA:LA /home/junjiechen/1_work/250401-Dpepalign/Benchmark/protenix/PepSet/pred/2xpn/seed_44/predictions/2xpn_sample_1.cif B A -> /home/junjiechen/1_work/250401-Dpepalign/Benchmark/dataset/PepSet_dimer/2xpn.pdb L A
Total DockQ over 1 native interfaces: 0.857 with BA:LA model:native mapping
DockQ 0.857 iRMSD 0.970 LRMSD 1.897 fnat 0.915 fnonnat 0.023 F1 0.945 clashes 0 mapping BA:LA /home/junjiechen/1_work/250401-Dpepalign/Benchmark/protenix/PepSet/pred/2xpn/seed_44/predictions/2xpn_sample_2.cif B A -> /home/junjiechen/1_work/250401-Dpepalign/Benchmark/dataset/PepSet_dimer/2xpn.pdb L A
Total DockQ over 1 native interfaces: 0.876 with BA:LA model:native mapping
DockQ 0.876 iRMSD 0.912 LRMSD 1.718 fnat 0.936 fnonnat 0.043 F1 0.946 clashes 0 mapping BA:LA /home/junjiechen/1_work/250401-Dpepalign/Benchmark/protenix/PepSet/pred/2xpn/seed_44/predictions/2xpn_sample_3.cif B A -> /home/junjiechen/1_work/250401-Dpepalign/Benchmark/dataset/PepSet_dimer/2xpn.pdb L A
Total DockQ over 1 native interfaces: 0.858 with BA:LA model:native mapping
DockQ 0.858 iRMSD 0.959 LRMSD 1.991 fnat 0.915 fnonnat 0.044 F1 0.935 clashes 0 mapping BA:LA /home/junjiechen/1_work/250401-Dpepalign/Benchmark/protenix/PepSet/pred/2xpn/seed_44/predictions/2xpn_sample_4.cif B A -> /home/junjiechen/1_work/250401-Dpepalign/Benchmark/dataset/PepSet_dimer/2xpn.pdb L A
Total DockQ over 1 native interfaces: 0.746 with BA:LA model:native mapping
DockQ 0.746 iRMSD 1.535 LRMSD 3.558 fnat 0.900 fnonnat 0.265 F1 0.809 clashes 0 mapping BA:LA /home/junjiechen/1_work/250401-Dpepalign/Benchmark/protenix/PepSet/pred/2xrw/seed_42/predictions/2xrw_sample_0.cif B A -> /home/junjiechen/1_work/250401-Dpepalign/Benchmark/dataset/PepSet_dimer/2xrw.pdb L A
Total DockQ over 1 native interfaces: 0.774 with BA:LA model:native mapping
DockQ 0.774 iRMSD 1.457 LRMSD 3.446 fnat 0.950 fnonnat 0.156 F1 0.894 clashes 0 mapping BA:LA /home/junjiechen/1_work/250401-Dpepalign/Benchmark/protenix/PepSet/pred/2xrw/seed_42/predictions/2xrw_sample_2.cif B A -> /home/junjiechen/1_work/250401-Dpepalign/Benchmark/dataset/PepSet_dimer/2xrw.pdb L A
Total DockQ over 1 native interfaces: 0.761 with BA:LA model:native mapping
DockQ 0.761 iRMSD 1.501 LRMSD 3.468 fnat 0.925 fnonnat 0.229 F1 0.841 clashes 0 mapping BA:LA /home/junjiechen/1_work/250401-Dpepalign/Benchmark/protenix/PepSet/pred/2xrw/seed_42/predictions/2xrw_sample_1.cif B A -> /home/junjiechen/1_work/250401-Dpepalign/Benchmark/dataset/PepSet_dimer/2xrw.pdb L A
Total DockQ over 1 native interfaces: 0.771 with BA:LA model:native mapping
DockQ 0.771 iRMSD 1.485 LRMSD 3.440 fnat 0.950 fnonnat 0.240 F1 0.844 clashes 0 mapping BA:LA /home/junjiechen/1_work/250401-Dpepalign/Benchmark/protenix/PepSet/pred/2xrw/seed_42/predictions/2xrw_sample_3.cif B A -> /home/junjiechen/1_work/250401-Dpepalign/Benchmark/dataset/PepSet_dimer/2xrw.pdb L A
Total DockQ over 1 native interfaces: 0.761 with BA:LA model:native mapping
DockQ 0.761 iRMSD 1.562 LRMSD 3.528 fnat 0.950 fnonnat 0.255 F1 0.835 clashes 0 mapping BA:LA /home/junjiechen/1_work/250401-Dpepalign/Benchmark/protenix/PepSet/pred/2xrw/seed_42/predictions/2xrw_sample_4.cif B A -> /home/junjiechen/1_work/250401-Dpepalign/Benchmark/dataset/PepSet_dimer/2xrw.pdb L A
Total DockQ over 1 native interfaces: 0.757 with BA:LA model:native mapping
DockQ 0.757 iRMSD 1.453 LRMSD 3.482 fnat 0.900 fnonnat 0.265 F1 0.809 clashes 0 mapping BA:LA /home/junjiechen/1_work/250401-Dpepalign/Benchmark/protenix/PepSet/pred/2xrw/seed_43/predictions/2xrw_sample_0.cif B A -> /home/junjiechen/1_work/250401-Dpepalign/Benchmark/dataset/PepSet_dimer/2xrw.pdb L A
Total DockQ over 1 native interfaces: 0.774 with BA:LA model:native mapping
DockQ 0.774 iRMSD 1.504 LRMSD 3.578 fnat 0.975 fnonnat 0.220 F1 0.867 clashes 0 mapping BA:LA /home/junjiechen/1_work/250401-Dpepalign/Benchmark/protenix/PepSet/pred/2xrw/seed_43/predictions/2xrw_sample_2.cif B A -> /home/junjiechen/1_work/250401-Dpepalign/Benchmark/dataset/PepSet_dimer/2xrw.pdb L A
Total DockQ over 1 native interfaces: 0.753 with BA:LA model:native mapping
DockQ 0.753 iRMSD 1.491 LRMSD 3.477 fnat 0.900 fnonnat 0.234 F1 0.828 clashes 0 mapping BA:LA /home/junjiechen/1_work/250401-Dpepalign/Benchmark/protenix/PepSet/pred/2xrw/seed_43/predictions/2xrw_sample_1.cif B A -> /home/junjiechen/1_work/250401-Dpepalign/Benchmark/dataset/PepSet_dimer/2xrw.pdb L A
Total DockQ over 1 native interfaces: 0.766 with BA:LA model:native mapping
DockQ 0.766 iRMSD 1.467 LRMSD 3.391 fnat 0.925 fnonnat 0.260 F1 0.822 clashes 0 mapping BA:LA /home/junjiechen/1_work/250401-Dpepalign/Benchmark/protenix/PepSet/pred/2xrw/seed_43/predictions/2xrw_sample_3.cif B A -> /home/junjiechen/1_work/250401-Dpepalign/Benchmark/dataset/PepSet_dimer/2xrw.pdb L A
Total DockQ over 1 native interfaces: 0.791 with BA:LA model:native mapping
DockQ 0.791 iRMSD 1.408 LRMSD 3.349 fnat 0.975 fnonnat 0.235 F1 0.857 clashes 0 mapping BA:LA /home/junjiechen/1_work/250401-Dpepalign/Benchmark/protenix/PepSet/pred/2xrw/seed_44/predictions/2xrw_sample_4.cif B A -> /home/junjiechen/1_work/250401-Dpepalign/Benchmark/dataset/PepSet_dimer/2xrw.pdb L A
Total DockQ over 1 native interfaces: 0.766 with BA:LA model:native mapping
DockQ 0.766 iRMSD 1.456 LRMSD 3.444 fnat 0.925 fnonnat 0.178 F1 0.871 clashes 0 mapping BA:LA /home/junjiechen/1_work/250401-Dpepalign/Benchmark/protenix/PepSet/pred/2xrw/seed_43/predictions/2xrw_sample_4.cif B A -> /home/junjiechen/1_work/250401-Dpepalign/Benchmark/dataset/PepSet_dimer/2xrw.pdb L A
Total DockQ over 1 native interfaces: 0.775 with BA:LA model:native mapping
DockQ 0.775 iRMSD 1.405 LRMSD 3.325 fnat 0.925 fnonnat 0.245 F1 0.831 clashes 0 mapping BA:LA /home/junjiechen/1_work/250401-Dpepalign/Benchmark/protenix/PepSet/pred/2xrw/seed_44/predictions/2xrw_sample_0.cif B A -> /home/junjiechen/1_work/250401-Dpepalign/Benchmark/dataset/PepSet_dimer/2xrw.pdb L A
Total DockQ over 1 native interfaces: 0.767 with BA:LA model:native mapping
DockQ 0.767 iRMSD 1.447 LRMSD 3.438 fnat 0.925 fnonnat 0.229 F1 0.841 clashes 0 mapping BA:LA /home/junjiechen/1_work/250401-Dpepalign/Benchmark/protenix/PepSet/pred/2xrw/seed_44/predictions/2xrw_sample_1.cif B A -> /home/junjiechen/1_work/250401-Dpepalign/Benchmark/dataset/PepSet_dimer/2xrw.pdb L A
Total DockQ over 1 native interfaces: 0.990 with BA:LA model:native mapping
DockQ 0.990 iRMSD 0.247 LRMSD 0.417 fnat 1.000 fnonnat 0.088 F1 0.954 clashes 0 mapping BA:LA /home/junjiechen/1_work/250401-Dpepalign/Benchmark/protenix/PepSet/pred/2ymt/seed_42/predictions/2ymt_sample_0.cif B A -> /home/junjiechen/1_work/250401-Dpepalign/Benchmark/dataset/PepSet_dimer/2ymt.pdb L A
Total DockQ over 1 native interfaces: 0.766 with BA:LA model:native mapping
DockQ 0.766 iRMSD 1.463 LRMSD 3.423 fnat 0.925 fnonnat 0.245 F1 0.831 clashes 0 mapping BA:LA /home/junjiechen/1_work/250401-Dpepalign/Benchmark/protenix/PepSet/pred/2xrw/seed_44/predictions/2xrw_sample_2.cif B A -> /home/junjiechen/1_work/250401-Dpepalign/Benchmark/dataset/PepSet_dimer/2xrw.pdb L A
Total DockQ over 1 native interfaces: 0.748 with BA:LA model:native mapping
DockQ 0.748 iRMSD 1.540 LRMSD 3.812 fnat 0.925 fnonnat 0.229 F1 0.841 clashes 0 mapping BA:LA /home/junjiechen/1_work/250401-Dpepalign/Benchmark/protenix/PepSet/pred/2xrw/seed_44/predictions/2xrw_sample_3.cif B A -> /home/junjiechen/1_work/250401-Dpepalign/Benchmark/dataset/PepSet_dimer/2xrw.pdb L A
Total DockQ over 1 native interfaces: 0.988 with BA:LA model:native mapping
DockQ 0.988 iRMSD 0.274 LRMSD 0.579 fnat 1.000 fnonnat 0.088 F1 0.954 clashes 0 mapping BA:LA /home/junjiechen/1_work/250401-Dpepalign/Benchmark/protenix/PepSet/pred/2ymt/seed_42/predictions/2ymt_sample_1.cif B A -> /home/junjiechen/1_work/250401-Dpepalign/Benchmark/dataset/PepSet_dimer/2ymt.pdb L A
Total DockQ over 1 native interfaces: 0.959 with BA:LA model:native mapping
DockQ 0.959 iRMSD 0.342 LRMSD 0.838 fnat 0.935 fnonnat 0.033 F1 0.951 clashes 0 mapping BA:LA /home/junjiechen/1_work/250401-Dpepalign/Benchmark/protenix/PepSet/pred/2ymt/seed_42/predictions/2ymt_sample_3.cif B A -> /home/junjiechen/1_work/250401-Dpepalign/Benchmark/dataset/PepSet_dimer/2ymt.pdb L A
Total DockQ over 1 native interfaces: 0.980 with BA:LA model:native mapping
DockQ 0.980 iRMSD 0.235 LRMSD 0.441 fnat 0.968 fnonnat 0.032 F1 0.968 clashes 0 mapping BA:LA /home/junjiechen/1_work/250401-Dpepalign/Benchmark/protenix/PepSet/pred/2ymt/seed_42/predictions/2ymt_sample_2.cif B A -> /home/junjiechen/1_work/250401-Dpepalign/Benchmark/dataset/PepSet_dimer/2ymt.pdb L A
Total DockQ over 1 native interfaces: 0.968 with BA:LA model:native mapping
DockQ 0.968 iRMSD 0.360 LRMSD 0.885 fnat 0.968 fnonnat 0.091 F1 0.938 clashes 0 mapping BA:LA /home/junjiechen/1_work/250401-Dpepalign/Benchmark/protenix/PepSet/pred/2ymt/seed_42/predictions/2ymt_sample_4.cif B A -> /home/junjiechen/1_work/250401-Dpepalign/Benchmark/dataset/PepSet_dimer/2ymt.pdb L A
Total DockQ over 1 native interfaces: 0.965 with BA:LA model:native mapping
DockQ 0.965 iRMSD 0.289 LRMSD 0.655 fnat 0.935 fnonnat 0.000 F1 0.967 clashes 0 mapping BA:LA /home/junjiechen/1_work/250401-Dpepalign/Benchmark/protenix/PepSet/pred/2ymt/seed_43/predictions/2ymt_sample_3.cif B A -> /home/junjiechen/1_work/250401-Dpepalign/Benchmark/dataset/PepSet_dimer/2ymt.pdb L A
Total DockQ over 1 native interfaces: 0.960 with BA:LA model:native mapping
DockQ 0.960 iRMSD 0.328 LRMSD 0.807 fnat 0.935 fnonnat 0.000 F1 0.967 clashes 0 mapping BA:LA /home/junjiechen/1_work/250401-Dpepalign/Benchmark/protenix/PepSet/pred/2ymt/seed_43/predictions/2ymt_sample_1.cif B A -> /home/junjiechen/1_work/250401-Dpepalign/Benchmark/dataset/PepSet_dimer/2ymt.pdb L A
Total DockQ over 1 native interfaces: 0.960 with BA:LA model:native mapping
DockQ 0.960 iRMSD 0.331 LRMSD 0.750 fnat 0.935 fnonnat 0.000 F1 0.967 clashes 0 mapping BA:LA /home/junjiechen/1_work/250401-Dpepalign/Benchmark/protenix/PepSet/pred/2ymt/seed_43/predictions/2ymt_sample_4.cif B A -> /home/junjiechen/1_work/250401-Dpepalign/Benchmark/dataset/PepSet_dimer/2ymt.pdb L A
Total DockQ over 1 native interfaces: 0.970 with BA:LA model:native mapping
DockQ 0.970 iRMSD 0.336 LRMSD 0.863 fnat 0.968 fnonnat 0.062 F1 0.952 clashes 0 mapping BA:LA /home/junjiechen/1_work/250401-Dpepalign/Benchmark/protenix/PepSet/pred/2ymt/seed_43/predictions/2ymt_sample_0.cif B A -> /home/junjiechen/1_work/250401-Dpepalign/Benchmark/dataset/PepSet_dimer/2ymt.pdb L A
Total DockQ over 1 native interfaces: 0.972 with BA:LA model:native mapping
DockQ 0.972 iRMSD 0.320 LRMSD 0.709 fnat 0.968 fnonnat 0.000 F1 0.984 clashes 0 mapping BA:LA /home/junjiechen/1_work/250401-Dpepalign/Benchmark/protenix/PepSet/pred/2ymt/seed_43/predictions/2ymt_sample_2.cif B A -> /home/junjiechen/1_work/250401-Dpepalign/Benchmark/dataset/PepSet_dimer/2ymt.pdb L A
Total DockQ over 1 native interfaces: 0.970 with BA:LA model:native mapping
DockQ 0.970 iRMSD 0.338 LRMSD 0.825 fnat 0.968 fnonnat 0.032 F1 0.968 clashes 0 mapping BA:LA /home/junjiechen/1_work/250401-Dpepalign/Benchmark/protenix/PepSet/pred/2ymt/seed_44/predictions/2ymt_sample_0.cif B A -> /home/junjiechen/1_work/250401-Dpepalign/Benchmark/dataset/PepSet_dimer/2ymt.pdb L A
Total DockQ over 1 native interfaces: 0.969 with BA:LA model:native mapping
DockQ 0.969 iRMSD 0.233 LRMSD 0.516 fnat 0.935 fnonnat 0.033 F1 0.951 clashes 0 mapping BA:LA /home/junjiechen/1_work/250401-Dpepalign/Benchmark/protenix/PepSet/pred/2ymt/seed_44/predictions/2ymt_sample_1.cif B A -> /home/junjiechen/1_work/250401-Dpepalign/Benchmark/dataset/PepSet_dimer/2ymt.pdb L A
Total DockQ over 1 native interfaces: 0.982 with BA:LA model:native mapping
DockQ 0.982 iRMSD 0.327 LRMSD 0.793 fnat 1.000 fnonnat 0.061 F1 0.969 clashes 0 mapping BA:LA /home/junjiechen/1_work/250401-Dpepalign/Benchmark/protenix/PepSet/pred/2ymt/seed_44/predictions/2ymt_sample_2.cif B A -> /home/junjiechen/1_work/250401-Dpepalign/Benchmark/dataset/PepSet_dimer/2ymt.pdb L A
Total DockQ over 1 native interfaces: 0.992 with BA:LA model:native mapping
DockQ 0.992 iRMSD 0.224 LRMSD 0.363 fnat 1.000 fnonnat 0.031 F1 0.984 clashes 0 mapping BA:LA /home/junjiechen/1_work/250401-Dpepalign/Benchmark/protenix/PepSet/pred/2ymt/seed_44/predictions/2ymt_sample_3.cif B A -> /home/junjiechen/1_work/250401-Dpepalign/Benchmark/dataset/PepSet_dimer/2ymt.pdb L A
Total DockQ over 1 native interfaces: 0.990 with BA:LA model:native mapping
DockQ 0.990 iRMSD 0.253 LRMSD 0.463 fnat 1.000 fnonnat 0.061 F1 0.969 clashes 0 mapping BA:LA /home/junjiechen/1_work/250401-Dpepalign/Benchmark/protenix/PepSet/pred/2ymt/seed_44/predictions/2ymt_sample_4.cif B A -> /home/junjiechen/1_work/250401-Dpepalign/Benchmark/dataset/PepSet_dimer/2ymt.pdb L A
Total DockQ over 1 native interfaces: 0.060 with BA:LA model:native mapping
DockQ 0.060 iRMSD 7.279 LRMSD 21.023 fnat 0.000 fnonnat 1.000 F1 0.000 clashes 0 mapping BA:LA /home/junjiechen/1_work/250401-Dpepalign/Benchmark/protenix/PepSet/pred/3agy/seed_42/predictions/3agy_sample_0.cif B A -> /home/junjiechen/1_work/250401-Dpepalign/Benchmark/dataset/PepSet_dimer/3agy.pdb L A
Total DockQ over 1 native interfaces: 0.060 with BA:LA model:native mapping
DockQ 0.060 iRMSD 7.282 LRMSD 21.070 fnat 0.000 fnonnat 1.000 F1 0.000 clashes 0 mapping BA:LA /home/junjiechen/1_work/250401-Dpepalign/Benchmark/protenix/PepSet/pred/3agy/seed_42/predictions/3agy_sample_3.cif B A -> /home/junjiechen/1_work/250401-Dpepalign/Benchmark/dataset/PepSet_dimer/3agy.pdb L A
Total DockQ over 1 native interfaces: 0.061 with BA:LA model:native mapping
DockQ 0.061 iRMSD 7.281 LRMSD 20.958 fnat 0.000 fnonnat 1.000 F1 0.000 clashes 0 mapping BA:LA /home/junjiechen/1_work/250401-Dpepalign/Benchmark/protenix/PepSet/pred/3agy/seed_42/predictions/3agy_sample_1.cif B A -> /home/junjiechen/1_work/250401-Dpepalign/Benchmark/dataset/PepSet_dimer/3agy.pdb L A
Total DockQ over 1 native interfaces: 0.061 with BA:LA model:native mapping
DockQ 0.061 iRMSD 7.273 LRMSD 20.856 fnat 0.000 fnonnat 1.000 F1 0.000 clashes 0 mapping BA:LA /home/junjiechen/1_work/250401-Dpepalign/Benchmark/protenix/PepSet/pred/3agy/seed_42/predictions/3agy_sample_4.cif B A -> /home/junjiechen/1_work/250401-Dpepalign/Benchmark/dataset/PepSet_dimer/3agy.pdb L A
Total DockQ over 1 native interfaces: 0.060 with BA:LA model:native mapping
DockQ 0.060 iRMSD 7.275 LRMSD 21.026 fnat 0.000 fnonnat 1.000 F1 0.000 clashes 0 mapping BA:LA /home/junjiechen/1_work/250401-Dpepalign/Benchmark/protenix/PepSet/pred/3agy/seed_42/predictions/3agy_sample_2.cif B A -> /home/junjiechen/1_work/250401-Dpepalign/Benchmark/dataset/PepSet_dimer/3agy.pdb L A
Total DockQ over 1 native interfaces: 0.061 with BA:LA model:native mapping
DockQ 0.061 iRMSD 7.266 LRMSD 20.971 fnat 0.000 fnonnat 1.000 F1 0.000 clashes 0 mapping BA:LA /home/junjiechen/1_work/250401-Dpepalign/Benchmark/protenix/PepSet/pred/3agy/seed_43/predictions/3agy_sample_0.cif B A -> /home/junjiechen/1_work/250401-Dpepalign/Benchmark/dataset/PepSet_dimer/3agy.pdb L A
Total DockQ over 1 native interfaces: 0.060 with BA:LA model:native mapping
DockQ 0.060 iRMSD 7.291 LRMSD 21.081 fnat 0.000 fnonnat 1.000 F1 0.000 clashes 0 mapping BA:LA /home/junjiechen/1_work/250401-Dpepalign/Benchmark/protenix/PepSet/pred/3agy/seed_43/predictions/3agy_sample_3.cif B A -> /home/junjiechen/1_work/250401-Dpepalign/Benchmark/dataset/PepSet_dimer/3agy.pdb L A
Total DockQ over 1 native interfaces: 0.060 with BA:LA model:native mapping
DockQ 0.060 iRMSD 7.286 LRMSD 21.156 fnat 0.000 fnonnat 1.000 F1 0.000 clashes 0 mapping BA:LA /home/junjiechen/1_work/250401-Dpepalign/Benchmark/protenix/PepSet/pred/3agy/seed_43/predictions/3agy_sample_1.cif B A -> /home/junjiechen/1_work/250401-Dpepalign/Benchmark/dataset/PepSet_dimer/3agy.pdb L A
Total DockQ over 1 native interfaces: 0.060 with BA:LA model:native mapping
DockQ 0.060 iRMSD 7.309 LRMSD 21.040 fnat 0.000 fnonnat 1.000 F1 0.000 clashes 0 mapping BA:LA /home/junjiechen/1_work/250401-Dpepalign/Benchmark/protenix/PepSet/pred/3agy/seed_43/predictions/3agy_sample_2.cif B A -> /home/junjiechen/1_work/250401-Dpepalign/Benchmark/dataset/PepSet_dimer/3agy.pdb L A
Total DockQ over 1 native interfaces: 0.061 with BA:LA model:native mapping
DockQ 0.061 iRMSD 7.276 LRMSD 20.995 fnat 0.000 fnonnat 1.000 F1 0.000 clashes 0 mapping BA:LA /home/junjiechen/1_work/250401-Dpepalign/Benchmark/protenix/PepSet/pred/3agy/seed_43/predictions/3agy_sample_4.cif B A -> /home/junjiechen/1_work/250401-Dpepalign/Benchmark/dataset/PepSet_dimer/3agy.pdb L A
Total DockQ over 1 native interfaces: 0.060 with BA:LA model:native mapping
DockQ 0.060 iRMSD 7.288 LRMSD 21.129 fnat 0.000 fnonnat 1.000 F1 0.000 clashes 0 mapping BA:LA /home/junjiechen/1_work/250401-Dpepalign/Benchmark/protenix/PepSet/pred/3agy/seed_44/predictions/3agy_sample_0.cif B A -> /home/junjiechen/1_work/250401-Dpepalign/Benchmark/dataset/PepSet_dimer/3agy.pdb L A
Total DockQ over 1 native interfaces: 0.059 with BA:LA model:native mapping
DockQ 0.059 iRMSD 7.327 LRMSD 21.381 fnat 0.000 fnonnat 1.000 F1 0.000 clashes 0 mapping BA:LA /home/junjiechen/1_work/250401-Dpepalign/Benchmark/protenix/PepSet/pred/3agy/seed_44/predictions/3agy_sample_2.cif B A -> /home/junjiechen/1_work/250401-Dpepalign/Benchmark/dataset/PepSet_dimer/3agy.pdb L A
Total DockQ over 1 native interfaces: 0.060 with BA:LA model:native mapping
DockQ 0.060 iRMSD 7.273 LRMSD 21.031 fnat 0.000 fnonnat 1.000 F1 0.000 clashes 0 mapping BA:LA /home/junjiechen/1_work/250401-Dpepalign/Benchmark/protenix/PepSet/pred/3agy/seed_44/predictions/3agy_sample_1.cif B A -> /home/junjiechen/1_work/250401-Dpepalign/Benchmark/dataset/PepSet_dimer/3agy.pdb L A
Total DockQ over 1 native interfaces: 0.060 with BA:LA model:native mapping
DockQ 0.060 iRMSD 7.298 LRMSD 21.232 fnat 0.000 fnonnat 1.000 F1 0.000 clashes 0 mapping BA:LA /home/junjiechen/1_work/250401-Dpepalign/Benchmark/protenix/PepSet/pred/3agy/seed_44/predictions/3agy_sample_4.cif B A -> /home/junjiechen/1_work/250401-Dpepalign/Benchmark/dataset/PepSet_dimer/3agy.pdb L A
Total DockQ over 1 native interfaces: 0.060 with BA:LA model:native mapping
DockQ 0.060 iRMSD 7.287 LRMSD 21.112 fnat 0.000 fnonnat 1.000 F1 0.000 clashes 0 mapping BA:LA /home/junjiechen/1_work/250401-Dpepalign/Benchmark/protenix/PepSet/pred/3agy/seed_44/predictions/3agy_sample_3.cif B A -> /home/junjiechen/1_work/250401-Dpepalign/Benchmark/dataset/PepSet_dimer/3agy.pdb L A
Total DockQ over 1 native interfaces: 0.787 with BA:LA model:native mapping
DockQ 0.787 iRMSD 1.081 LRMSD 2.162 fnat 0.763 fnonnat 0.121 F1 0.817 clashes 0 mapping BA:LA /home/junjiechen/1_work/250401-Dpepalign/Benchmark/protenix/PepSet/pred/3bej/seed_42/predictions/3bej_sample_0.cif B A -> /home/junjiechen/1_work/250401-Dpepalign/Benchmark/dataset/PepSet_dimer/3bej.pdb L A
Total DockQ over 1 native interfaces: 0.807 with BA:LA model:native mapping
DockQ 0.807 iRMSD 0.980 LRMSD 1.775 fnat 0.763 fnonnat 0.121 F1 0.817 clashes 0 mapping BA:LA /home/junjiechen/1_work/250401-Dpepalign/Benchmark/protenix/PepSet/pred/3bej/seed_42/predictions/3bej_sample_2.cif B A -> /home/junjiechen/1_work/250401-Dpepalign/Benchmark/dataset/PepSet_dimer/3bej.pdb L A
Total DockQ over 1 native interfaces: 0.809 with BA:LA model:native mapping
DockQ 0.809 iRMSD 1.076 LRMSD 1.951 fnat 0.816 fnonnat 0.114 F1 0.849 clashes 0 mapping BA:LA /home/junjiechen/1_work/250401-Dpepalign/Benchmark/protenix/PepSet/pred/3bej/seed_42/predictions/3bej_sample_3.cif B A -> /home/junjiechen/1_work/250401-Dpepalign/Benchmark/dataset/PepSet_dimer/3bej.pdb L A
Total DockQ over 1 native interfaces: 0.815 with BA:LA model:native mapping
DockQ 0.815 iRMSD 1.026 LRMSD 1.973 fnat 0.816 fnonnat 0.088 F1 0.861 clashes 0 mapping BA:LA /home/junjiechen/1_work/250401-Dpepalign/Benchmark/protenix/PepSet/pred/3bej/seed_42/predictions/3bej_sample_4.cif B A -> /home/junjiechen/1_work/250401-Dpepalign/Benchmark/dataset/PepSet_dimer/3bej.pdb L A
Total DockQ over 1 native interfaces: 0.803 with BA:LA model:native mapping
DockQ 0.803 iRMSD 0.955 LRMSD 1.683 fnat 0.737 fnonnat 0.125 F1 0.800 clashes 0 mapping BA:LA /home/junjiechen/1_work/250401-Dpepalign/Benchmark/protenix/PepSet/pred/3bej/seed_42/predictions/3bej_sample_1.cif B A -> /home/junjiechen/1_work/250401-Dpepalign/Benchmark/dataset/PepSet_dimer/3bej.pdb L A
Total DockQ over 1 native interfaces: 0.780 with BA:LA model:native mapping
DockQ 0.780 iRMSD 1.067 LRMSD 2.169 fnat 0.737 fnonnat 0.125 F1 0.800 clashes 0 mapping BA:LA /home/junjiechen/1_work/250401-Dpepalign/Benchmark/protenix/PepSet/pred/3bej/seed_43/predictions/3bej_sample_2.cif B A -> /home/junjiechen/1_work/250401-Dpepalign/Benchmark/dataset/PepSet_dimer/3bej.pdb L A
Total DockQ over 1 native interfaces: 0.788 with BA:LA model:native mapping
DockQ 0.788 iRMSD 1.089 LRMSD 2.043 fnat 0.763 fnonnat 0.094 F1 0.829 clashes 0 mapping BA:LA /home/junjiechen/1_work/250401-Dpepalign/Benchmark/protenix/PepSet/pred/3bej/seed_43/predictions/3bej_sample_0.cif B A -> /home/junjiechen/1_work/250401-Dpepalign/Benchmark/dataset/PepSet_dimer/3bej.pdb L A
Total DockQ over 1 native interfaces: 0.820 with BA:LA model:native mapping
DockQ 0.820 iRMSD 0.948 LRMSD 1.835 fnat 0.789 fnonnat 0.118 F1 0.833 clashes 0 mapping BA:LA /home/junjiechen/1_work/250401-Dpepalign/Benchmark/protenix/PepSet/pred/3bej/seed_43/predictions/3bej_sample_1.cif B A -> /home/junjiechen/1_work/250401-Dpepalign/Benchmark/dataset/PepSet_dimer/3bej.pdb L A
Total DockQ over 1 native interfaces: 0.794 with BA:LA model:native mapping
DockQ 0.794 iRMSD 1.057 LRMSD 1.945 fnat 0.763 fnonnat 0.121 F1 0.817 clashes 0 mapping BA:LA /home/junjiechen/1_work/250401-Dpepalign/Benchmark/protenix/PepSet/pred/3bej/seed_43/predictions/3bej_sample_3.cif B A -> /home/junjiechen/1_work/250401-Dpepalign/Benchmark/dataset/PepSet_dimer/3bej.pdb L A
Total DockQ over 1 native interfaces: 0.773 with BA:LA model:native mapping
DockQ 0.773 iRMSD 1.094 LRMSD 2.364 fnat 0.737 fnonnat 0.097 F1 0.812 clashes 0 mapping BA:LA /home/junjiechen/1_work/250401-Dpepalign/Benchmark/protenix/PepSet/pred/3bej/seed_43/predictions/3bej_sample_4.cif B A -> /home/junjiechen/1_work/250401-Dpepalign/Benchmark/dataset/PepSet_dimer/3bej.pdb L A
Total DockQ over 1 native interfaces: 0.804 with BA:LA model:native mapping
DockQ 0.804 iRMSD 1.048 LRMSD 1.946 fnat 0.789 fnonnat 0.118 F1 0.833 clashes 0 mapping BA:LA /home/junjiechen/1_work/250401-Dpepalign/Benchmark/protenix/PepSet/pred/3bej/seed_44/predictions/3bej_sample_1.cif B A -> /home/junjiechen/1_work/250401-Dpepalign/Benchmark/dataset/PepSet_dimer/3bej.pdb L A
Total DockQ over 1 native interfaces: 0.791 with BA:LA model:native mapping
DockQ 0.791 iRMSD 1.110 LRMSD 2.186 fnat 0.789 fnonnat 0.118 F1 0.833 clashes 0 mapping BA:LA /home/junjiechen/1_work/250401-Dpepalign/Benchmark/protenix/PepSet/pred/3bej/seed_44/predictions/3bej_sample_4.cif B A -> /home/junjiechen/1_work/250401-Dpepalign/Benchmark/dataset/PepSet_dimer/3bej.pdb L A
Total DockQ over 1 native interfaces: 0.805 with BA:LA model:native mapping
DockQ 0.805 iRMSD 1.035 LRMSD 1.970 fnat 0.789 fnonnat 0.143 F1 0.822 clashes 0 mapping BA:LA /home/junjiechen/1_work/250401-Dpepalign/Benchmark/protenix/PepSet/pred/3bej/seed_44/predictions/3bej_sample_0.cif B A -> /home/junjiechen/1_work/250401-Dpepalign/Benchmark/dataset/PepSet_dimer/3bej.pdb L A
Total DockQ over 1 native interfaces: 0.803 with BA:LA model:native mapping
DockQ 0.803 iRMSD 1.059 LRMSD 1.925 fnat 0.789 fnonnat 0.118 F1 0.833 clashes 0 mapping BA:LA /home/junjiechen/1_work/250401-Dpepalign/Benchmark/protenix/PepSet/pred/3bej/seed_44/predictions/3bej_sample_3.cif B A -> /home/junjiechen/1_work/250401-Dpepalign/Benchmark/dataset/PepSet_dimer/3bej.pdb L A
Total DockQ over 1 native interfaces: 0.826 with BA:LA model:native mapping
DockQ 0.826 iRMSD 0.967 LRMSD 1.832 fnat 0.816 fnonnat 0.114 F1 0.849 clashes 0 mapping BA:LA /home/junjiechen/1_work/250401-Dpepalign/Benchmark/protenix/PepSet/pred/3bej/seed_44/predictions/3bej_sample_2.cif B A -> /home/junjiechen/1_work/250401-Dpepalign/Benchmark/dataset/PepSet_dimer/3bej.pdb L A
Total DockQ over 1 native interfaces: 0.875 with BA:LA model:native mapping
DockQ 0.875 iRMSD 0.699 LRMSD 1.740 fnat 0.844 fnonnat 0.085 F1 0.878 clashes 0 mapping BA:LA /home/junjiechen/1_work/250401-Dpepalign/Benchmark/protenix/PepSet/pred/3bqo/seed_42/predictions/3bqo_sample_0.cif B A -> /home/junjiechen/1_work/250401-Dpepalign/Benchmark/dataset/PepSet_dimer/3bqo.pdb L A
Total DockQ over 1 native interfaces: 0.873 with BA:LA model:native mapping
DockQ 0.873 iRMSD 0.772 LRMSD 1.857 fnat 0.875 fnonnat 0.097 F1 0.889 clashes 0 mapping BA:LA /home/junjiechen/1_work/250401-Dpepalign/Benchmark/protenix/PepSet/pred/3bqo/seed_42/predictions/3bqo_sample_1.cif B A -> /home/junjiechen/1_work/250401-Dpepalign/Benchmark/dataset/PepSet_dimer/3bqo.pdb L A
Total DockQ over 1 native interfaces: 0.867 with BA:LA model:native mapping
DockQ 0.867 iRMSD 0.755 LRMSD 1.757 fnat 0.844 fnonnat 0.085 F1 0.878 clashes 0 mapping BA:LA /home/junjiechen/1_work/250401-Dpepalign/Benchmark/protenix/PepSet/pred/3bqo/seed_42/predictions/3bqo_sample_2.cif B A -> /home/junjiechen/1_work/250401-Dpepalign/Benchmark/dataset/PepSet_dimer/3bqo.pdb L A
Total DockQ over 1 native interfaces: 0.893 with BA:LA model:native mapping
DockQ 0.893 iRMSD 0.722 LRMSD 1.704 fnat 0.906 fnonnat 0.065 F1 0.921 clashes 0 mapping BA:LA /home/junjiechen/1_work/250401-Dpepalign/Benchmark/protenix/PepSet/pred/3bqo/seed_42/predictions/3bqo_sample_4.cif B A -> /home/junjiechen/1_work/250401-Dpepalign/Benchmark/dataset/PepSet_dimer/3bqo.pdb L A
Total DockQ over 1 native interfaces: 0.907 with BA:LA model:native mapping
DockQ 0.907 iRMSD 0.652 LRMSD 1.390 fnat 0.906 fnonnat 0.108 F1 0.899 clashes 0 mapping BA:LA /home/junjiechen/1_work/250401-Dpepalign/Benchmark/protenix/PepSet/pred/3bqo/seed_42/predictions/3bqo_sample_3.cif B A -> /home/junjiechen/1_work/250401-Dpepalign/Benchmark/dataset/PepSet_dimer/3bqo.pdb L A
Total DockQ over 1 native interfaces: 0.906 with BA:LA model:native mapping
DockQ 0.906 iRMSD 0.635 LRMSD 1.654 fnat 0.906 fnonnat 0.033 F1 0.935 clashes 0 mapping BA:LA /home/junjiechen/1_work/250401-Dpepalign/Benchmark/protenix/PepSet/pred/3bqo/seed_43/predictions/3bqo_sample_0.cif B A -> /home/junjiechen/1_work/250401-Dpepalign/Benchmark/dataset/PepSet_dimer/3bqo.pdb L A
Total DockQ over 1 native interfaces: 0.915 with BA:LA model:native mapping
DockQ 0.915 iRMSD 0.567 LRMSD 1.655 fnat 0.906 fnonnat 0.065 F1 0.921 clashes 0 mapping BA:LA /home/junjiechen/1_work/250401-Dpepalign/Benchmark/protenix/PepSet/pred/3bqo/seed_43/predictions/3bqo_sample_1.cif B A -> /home/junjiechen/1_work/250401-Dpepalign/Benchmark/dataset/PepSet_dimer/3bqo.pdb L A
Total DockQ over 1 native interfaces: 0.901 with BA:LA model:native mapping
DockQ 0.901 iRMSD 0.657 LRMSD 1.764 fnat 0.906 fnonnat 0.049 F1 0.928 clashes 0 mapping BA:LA /home/junjiechen/1_work/250401-Dpepalign/Benchmark/protenix/PepSet/pred/3bqo/seed_43/predictions/3bqo_sample_3.cif B A -> /home/junjiechen/1_work/250401-Dpepalign/Benchmark/dataset/PepSet_dimer/3bqo.pdb L A
Total DockQ over 1 native interfaces: 0.910 with BA:LA model:native mapping
DockQ 0.910 iRMSD 0.595 LRMSD 1.757 fnat 0.906 fnonnat 0.079 F1 0.913 clashes 0 mapping BA:LA /home/junjiechen/1_work/250401-Dpepalign/Benchmark/protenix/PepSet/pred/3bqo/seed_44/predictions/3bqo_sample_1.cif B A -> /home/junjiechen/1_work/250401-Dpepalign/Benchmark/dataset/PepSet_dimer/3bqo.pdb L A
Total DockQ over 1 native interfaces: 0.900 with BA:LA model:native mapping
DockQ 0.900 iRMSD 0.712 LRMSD 2.017 fnat 0.938 fnonnat 0.062 F1 0.938 clashes 0 mapping BA:LA /home/junjiechen/1_work/250401-Dpepalign/Benchmark/protenix/PepSet/pred/3bqo/seed_44/predictions/3bqo_sample_0.cif B A -> /home/junjiechen/1_work/250401-Dpepalign/Benchmark/dataset/PepSet_dimer/3bqo.pdb L A
Total DockQ over 1 native interfaces: 0.893 with BA:LA model:native mapping
DockQ 0.893 iRMSD 0.729 LRMSD 1.969 fnat 0.922 fnonnat 0.092 F1 0.915 clashes 0 mapping BA:LA /home/junjiechen/1_work/250401-Dpepalign/Benchmark/protenix/PepSet/pred/3bqo/seed_43/predictions/3bqo_sample_4.cif B A -> /home/junjiechen/1_work/250401-Dpepalign/Benchmark/dataset/PepSet_dimer/3bqo.pdb L A
Total DockQ over 1 native interfaces: 0.904 with BA:LA model:native mapping
DockQ 0.904 iRMSD 0.607 LRMSD 1.696 fnat 0.891 fnonnat 0.017 F1 0.934 clashes 0 mapping BA:LA /home/junjiechen/1_work/250401-Dpepalign/Benchmark/protenix/PepSet/pred/3bqo/seed_43/predictions/3bqo_sample_2.cif B A -> /home/junjiechen/1_work/250401-Dpepalign/Benchmark/dataset/PepSet_dimer/3bqo.pdb L A
Total DockQ over 1 native interfaces: 0.907 with BA:LA model:native mapping
DockQ 0.907 iRMSD 0.638 LRMSD 1.883 fnat 0.922 fnonnat 0.033 F1 0.944 clashes 0 mapping BA:LA /home/junjiechen/1_work/250401-Dpepalign/Benchmark/protenix/PepSet/pred/3bqo/seed_44/predictions/3bqo_sample_2.cif B A -> /home/junjiechen/1_work/250401-Dpepalign/Benchmark/dataset/PepSet_dimer/3bqo.pdb L A
Total DockQ over 1 native interfaces: 0.899 with BA:LA model:native mapping
DockQ 0.899 iRMSD 0.665 LRMSD 1.809 fnat 0.906 fnonnat 0.079 F1 0.913 clashes 0 mapping BA:LA /home/junjiechen/1_work/250401-Dpepalign/Benchmark/protenix/PepSet/pred/3bqo/seed_44/predictions/3bqo_sample_3.cif B A -> /home/junjiechen/1_work/250401-Dpepalign/Benchmark/dataset/PepSet_dimer/3bqo.pdb L A
Total DockQ over 1 native interfaces: 0.903 with BA:LA model:native mapping
DockQ 0.903 iRMSD 0.643 LRMSD 1.762 fnat 0.906 fnonnat 0.065 F1 0.921 clashes 0 mapping BA:LA /home/junjiechen/1_work/250401-Dpepalign/Benchmark/protenix/PepSet/pred/3bqo/seed_44/predictions/3bqo_sample_4.cif B A -> /home/junjiechen/1_work/250401-Dpepalign/Benchmark/dataset/PepSet_dimer/3bqo.pdb L A
Total DockQ over 1 native interfaces: 0.956 with BA:LA model:native mapping
DockQ 0.956 iRMSD 0.237 LRMSD 0.741 fnat 0.900 fnonnat 0.206 F1 0.844 clashes 0 mapping BA:LA /home/junjiechen/1_work/250401-Dpepalign/Benchmark/protenix/PepSet/pred/3emh/seed_42/predictions/3emh_sample_1.cif B A -> /home/junjiechen/1_work/250401-Dpepalign/Benchmark/dataset/PepSet_dimer/3emh.pdb L A
Total DockQ over 1 native interfaces: 0.944 with BA:LA model:native mapping
DockQ 0.944 iRMSD 0.251 LRMSD 0.722 fnat 0.867 fnonnat 0.103 F1 0.881 clashes 0 mapping BA:LA /home/junjiechen/1_work/250401-Dpepalign/Benchmark/protenix/PepSet/pred/3emh/seed_42/predictions/3emh_sample_0.cif B A -> /home/junjiechen/1_work/250401-Dpepalign/Benchmark/dataset/PepSet_dimer/3emh.pdb L A
Total DockQ over 1 native interfaces: 0.733 with BA:LA model:native mapping
DockQ 0.733 iRMSD 1.122 LRMSD 4.365 fnat 0.767 fnonnat 0.378 F1 0.687 clashes 1 mapping BA:LA /home/junjiechen/1_work/250401-Dpepalign/Benchmark/protenix/PepSet/pred/3emh/seed_42/predictions/3emh_sample_4.cif B A -> /home/junjiechen/1_work/250401-Dpepalign/Benchmark/dataset/PepSet_dimer/3emh.pdb L A
Total DockQ over 1 native interfaces: 0.941 with BA:LA model:native mapping
DockQ 0.941 iRMSD 0.281 LRMSD 0.880 fnat 0.867 fnonnat 0.161 F1 0.852 clashes 0 mapping BA:LA /home/junjiechen/1_work/250401-Dpepalign/Benchmark/protenix/PepSet/pred/3emh/seed_42/predictions/3emh_sample_2.cif B A -> /home/junjiechen/1_work/250401-Dpepalign/Benchmark/dataset/PepSet_dimer/3emh.pdb L A
Total DockQ over 1 native interfaces: 0.953 with BA:LA model:native mapping
DockQ 0.953 iRMSD 0.265 LRMSD 0.892 fnat 0.900 fnonnat 0.229 F1 0.831 clashes 0 mapping BA:LA /home/junjiechen/1_work/250401-Dpepalign/Benchmark/protenix/PepSet/pred/3emh/seed_42/predictions/3emh_sample_3.cif B A -> /home/junjiechen/1_work/250401-Dpepalign/Benchmark/dataset/PepSet_dimer/3emh.pdb L A
Total DockQ over 1 native interfaces: 0.944 with BA:LA model:native mapping
DockQ 0.944 iRMSD 0.249 LRMSD 0.783 fnat 0.867 fnonnat 0.188 F1 0.839 clashes 0 mapping BA:LA /home/junjiechen/1_work/250401-Dpepalign/Benchmark/protenix/PepSet/pred/3emh/seed_43/predictions/3emh_sample_0.cif B A -> /home/junjiechen/1_work/250401-Dpepalign/Benchmark/dataset/PepSet_dimer/3emh.pdb L A
Total DockQ over 1 native interfaces: 0.943 with BA:LA model:native mapping
DockQ 0.943 iRMSD 0.253 LRMSD 0.848 fnat 0.867 fnonnat 0.188 F1 0.839 clashes 0 mapping BA:LA /home/junjiechen/1_work/250401-Dpepalign/Benchmark/protenix/PepSet/pred/3emh/seed_43/predictions/3emh_sample_1.cif B A -> /home/junjiechen/1_work/250401-Dpepalign/Benchmark/dataset/PepSet_dimer/3emh.pdb L A
Total DockQ over 1 native interfaces: 0.925 with BA:LA model:native mapping
DockQ 0.925 iRMSD 0.313 LRMSD 1.084 fnat 0.833 fnonnat 0.242 F1 0.794 clashes 0 mapping BA:LA /home/junjiechen/1_work/250401-Dpepalign/Benchmark/protenix/PepSet/pred/3emh/seed_43/predictions/3emh_sample_2.cif B A -> /home/junjiechen/1_work/250401-Dpepalign/Benchmark/dataset/PepSet_dimer/3emh.pdb L A
Total DockQ over 1 native interfaces: 0.917 with BA:LA model:native mapping
DockQ 0.917 iRMSD 0.370 LRMSD 1.362 fnat 0.833 fnonnat 0.242 F1 0.794 clashes 0 mapping BA:LA /home/junjiechen/1_work/250401-Dpepalign/Benchmark/protenix/PepSet/pred/3emh/seed_43/predictions/3emh_sample_4.cif B A -> /home/junjiechen/1_work/250401-Dpepalign/Benchmark/dataset/PepSet_dimer/3emh.pdb L A
Total DockQ over 1 native interfaces: 0.944 with BA:LA model:native mapping
DockQ 0.944 iRMSD 0.243 LRMSD 0.809 fnat 0.867 fnonnat 0.133 F1 0.867 clashes 0 mapping BA:LA /home/junjiechen/1_work/250401-Dpepalign/Benchmark/protenix/PepSet/pred/3emh/seed_43/predictions/3emh_sample_3.cif B A -> /home/junjiechen/1_work/250401-Dpepalign/Benchmark/dataset/PepSet_dimer/3emh.pdb L A
Total DockQ over 1 native interfaces: 0.955 with BA:LA model:native mapping
DockQ 0.955 iRMSD 0.251 LRMSD 0.814 fnat 0.900 fnonnat 0.206 F1 0.844 clashes 0 mapping BA:LA /home/junjiechen/1_work/250401-Dpepalign/Benchmark/protenix/PepSet/pred/3emh/seed_44/predictions/3emh_sample_0.cif B A -> /home/junjiechen/1_work/250401-Dpepalign/Benchmark/dataset/PepSet_dimer/3emh.pdb L A
Total DockQ over 1 native interfaces: 0.941 with BA:LA model:native mapping
DockQ 0.941 iRMSD 0.280 LRMSD 0.916 fnat 0.867 fnonnat 0.212 F1 0.825 clashes 0 mapping BA:LA /home/junjiechen/1_work/250401-Dpepalign/Benchmark/protenix/PepSet/pred/3emh/seed_44/predictions/3emh_sample_1.cif B A -> /home/junjiechen/1_work/250401-Dpepalign/Benchmark/dataset/PepSet_dimer/3emh.pdb L A
Total DockQ over 1 native interfaces: 0.911 with BA:LA model:native mapping
DockQ 0.911 iRMSD 0.407 LRMSD 1.512 fnat 0.833 fnonnat 0.167 F1 0.833 clashes 0 mapping BA:LA /home/junjiechen/1_work/250401-Dpepalign/Benchmark/protenix/PepSet/pred/3emh/seed_44/predictions/3emh_sample_4.cif B A -> /home/junjiechen/1_work/250401-Dpepalign/Benchmark/dataset/PepSet_dimer/3emh.pdb L A
Total DockQ over 1 native interfaces: 0.939 with BA:LA model:native mapping
DockQ 0.939 iRMSD 0.293 LRMSD 0.992 fnat 0.867 fnonnat 0.235 F1 0.812 clashes 0 mapping BA:LA /home/junjiechen/1_work/250401-Dpepalign/Benchmark/protenix/PepSet/pred/3emh/seed_44/predictions/3emh_sample_2.cif B A -> /home/junjiechen/1_work/250401-Dpepalign/Benchmark/dataset/PepSet_dimer/3emh.pdb L A
Total DockQ over 1 native interfaces: 0.926 with BA:LA model:native mapping
DockQ 0.926 iRMSD 0.305 LRMSD 1.067 fnat 0.833 fnonnat 0.242 F1 0.794 clashes 0 mapping BA:LA /home/junjiechen/1_work/250401-Dpepalign/Benchmark/protenix/PepSet/pred/3emh/seed_44/predictions/3emh_sample_3.cif B A -> /home/junjiechen/1_work/250401-Dpepalign/Benchmark/dataset/PepSet_dimer/3emh.pdb L A
Total DockQ over 1 native interfaces: 0.824 with BA:LA model:native mapping
DockQ 0.824 iRMSD 1.039 LRMSD 2.570 fnat 0.879 fnonnat 0.094 F1 0.892 clashes 0 mapping BA:LA /home/junjiechen/1_work/250401-Dpepalign/Benchmark/protenix/PepSet/pred/3emw/seed_42/predictions/3emw_sample_1.cif B A -> /home/junjiechen/1_work/250401-Dpepalign/Benchmark/dataset/PepSet_dimer/3emw.pdb L A
Total DockQ over 1 native interfaces: 0.793 with BA:LA model:native mapping
DockQ 0.793 iRMSD 1.145 LRMSD 2.836 fnat 0.848 fnonnat 0.097 F1 0.875 clashes 0 mapping BA:LA /home/junjiechen/1_work/250401-Dpepalign/Benchmark/protenix/PepSet/pred/3emw/seed_42/predictions/3emw_sample_0.cif B A -> /home/junjiechen/1_work/250401-Dpepalign/Benchmark/dataset/PepSet_dimer/3emw.pdb L A
Total DockQ over 1 native interfaces: 0.870 with BA:LA model:native mapping
DockQ 0.870 iRMSD 0.793 LRMSD 1.936 fnat 0.879 fnonnat 0.065 F1 0.906 clashes 0 mapping BA:LA /home/junjiechen/1_work/250401-Dpepalign/Benchmark/protenix/PepSet/pred/3emw/seed_42/predictions/3emw_sample_2.cif B A -> /home/junjiechen/1_work/250401-Dpepalign/Benchmark/dataset/PepSet_dimer/3emw.pdb L A
Total DockQ over 1 native interfaces: 0.864 with BA:LA model:native mapping
DockQ 0.864 iRMSD 0.717 LRMSD 1.770 fnat 0.818 fnonnat 0.069 F1 0.871 clashes 1 mapping BA:LA /home/junjiechen/1_work/250401-Dpepalign/Benchmark/protenix/PepSet/pred/3emw/seed_42/predictions/3emw_sample_4.cif B A -> /home/junjiechen/1_work/250401-Dpepalign/Benchmark/dataset/PepSet_dimer/3emw.pdb L A
Total DockQ over 1 native interfaces: 0.867 with BA:LA model:native mapping
DockQ 0.867 iRMSD 0.805 LRMSD 2.055 fnat 0.879 fnonnat 0.065 F1 0.906 clashes 0 mapping BA:LA /home/junjiechen/1_work/250401-Dpepalign/Benchmark/protenix/PepSet/pred/3emw/seed_42/predictions/3emw_sample_3.cif B A -> /home/junjiechen/1_work/250401-Dpepalign/Benchmark/dataset/PepSet_dimer/3emw.pdb L A
Total DockQ over 1 native interfaces: 0.871 with BA:LA model:native mapping
DockQ 0.871 iRMSD 0.727 LRMSD 1.877 fnat 0.848 fnonnat 0.067 F1 0.889 clashes 0 mapping BA:LA /home/junjiechen/1_work/250401-Dpepalign/Benchmark/protenix/PepSet/pred/3emw/seed_43/predictions/3emw_sample_3.cif B A -> /home/junjiechen/1_work/250401-Dpepalign/Benchmark/dataset/PepSet_dimer/3emw.pdb L A
Total DockQ over 1 native interfaces: 0.842 with BA:LA model:native mapping
DockQ 0.842 iRMSD 0.882 LRMSD 2.250 fnat 0.848 fnonnat 0.067 F1 0.889 clashes 0 mapping BA:LA /home/junjiechen/1_work/250401-Dpepalign/Benchmark/protenix/PepSet/pred/3emw/seed_43/predictions/3emw_sample_1.cif B A -> /home/junjiechen/1_work/250401-Dpepalign/Benchmark/dataset/PepSet_dimer/3emw.pdb L A
Total DockQ over 1 native interfaces: 0.818 with BA:LA model:native mapping
DockQ 0.818 iRMSD 1.007 LRMSD 2.551 fnat 0.848 fnonnat 0.097 F1 0.875 clashes 0 mapping BA:LA /home/junjiechen/1_work/250401-Dpepalign/Benchmark/protenix/PepSet/pred/3emw/seed_43/predictions/3emw_sample_0.cif B A -> /home/junjiechen/1_work/250401-Dpepalign/Benchmark/dataset/PepSet_dimer/3emw.pdb L A
Total DockQ over 1 native interfaces: 0.859 with BA:LA model:native mapping
DockQ 0.859 iRMSD 0.859 LRMSD 2.024 fnat 0.879 fnonnat 0.065 F1 0.906 clashes 0 mapping BA:LA /home/junjiechen/1_work/250401-Dpepalign/Benchmark/protenix/PepSet/pred/3emw/seed_43/predictions/3emw_sample_2.cif B A -> /home/junjiechen/1_work/250401-Dpepalign/Benchmark/dataset/PepSet_dimer/3emw.pdb L A
Total DockQ over 1 native interfaces: 0.801 with BA:LA model:native mapping
DockQ 0.801 iRMSD 1.237 LRMSD 3.291 fnat 0.939 fnonnat 0.000 F1 0.969 clashes 0 mapping BA:LA /home/junjiechen/1_work/250401-Dpepalign/Benchmark/protenix/PepSet/pred/3emw/seed_44/predictions/3emw_sample_0.cif B A -> /home/junjiechen/1_work/250401-Dpepalign/Benchmark/dataset/PepSet_dimer/3emw.pdb L A
Total DockQ over 1 native interfaces: 0.839 with BA:LA model:native mapping
DockQ 0.839 iRMSD 0.832 LRMSD 2.237 fnat 0.818 fnonnat 0.036 F1 0.885 clashes 0 mapping BA:LA /home/junjiechen/1_work/250401-Dpepalign/Benchmark/protenix/PepSet/pred/3emw/seed_43/predictions/3emw_sample_4.cif B A -> /home/junjiechen/1_work/250401-Dpepalign/Benchmark/dataset/PepSet_dimer/3emw.pdb L A
Total DockQ over 1 native interfaces: 0.834 with BA:LA model:native mapping
DockQ 0.834 iRMSD 0.876 LRMSD 2.189 fnat 0.818 fnonnat 0.069 F1 0.871 clashes 0 mapping BA:LA /home/junjiechen/1_work/250401-Dpepalign/Benchmark/protenix/PepSet/pred/3emw/seed_44/predictions/3emw_sample_1.cif B A -> /home/junjiechen/1_work/250401-Dpepalign/Benchmark/dataset/PepSet_dimer/3emw.pdb L A
Total DockQ over 1 native interfaces: 0.844 with BA:LA model:native mapping
DockQ 0.844 iRMSD 0.924 LRMSD 2.351 fnat 0.879 fnonnat 0.065 F1 0.906 clashes 0 mapping BA:LA /home/junjiechen/1_work/250401-Dpepalign/Benchmark/protenix/PepSet/pred/3emw/seed_44/predictions/3emw_sample_2.cif B A -> /home/junjiechen/1_work/250401-Dpepalign/Benchmark/dataset/PepSet_dimer/3emw.pdb L A
Total DockQ over 1 native interfaces: 0.874 with BA:LA model:native mapping
DockQ 0.874 iRMSD 0.821 LRMSD 2.109 fnat 0.909 fnonnat 0.062 F1 0.923 clashes 0 mapping BA:LA /home/junjiechen/1_work/250401-Dpepalign/Benchmark/protenix/PepSet/pred/3emw/seed_44/predictions/3emw_sample_3.cif B A -> /home/junjiechen/1_work/250401-Dpepalign/Benchmark/dataset/PepSet_dimer/3emw.pdb L A
Total DockQ over 1 native interfaces: 0.938 with BA:LA model:native mapping
DockQ 0.938 iRMSD 0.465 LRMSD 1.028 fnat 0.915 fnonnat 0.023 F1 0.945 clashes 1 mapping BA:LA /home/junjiechen/1_work/250401-Dpepalign/Benchmark/protenix/PepSet/pred/3et3/seed_42/predictions/3et3_sample_0.cif B A -> /home/junjiechen/1_work/250401-Dpepalign/Benchmark/dataset/PepSet_dimer/3et3.pdb L A
Total DockQ over 1 native interfaces: 0.922 with BA:LA model:native mapping
DockQ 0.922 iRMSD 0.491 LRMSD 1.054 fnat 0.879 fnonnat 0.065 F1 0.906 clashes 0 mapping BA:LA /home/junjiechen/1_work/250401-Dpepalign/Benchmark/protenix/PepSet/pred/3emw/seed_44/predictions/3emw_sample_4.cif B A -> /home/junjiechen/1_work/250401-Dpepalign/Benchmark/dataset/PepSet_dimer/3emw.pdb L A
Total DockQ over 1 native interfaces: 0.944 with BA:LA model:native mapping
DockQ 0.944 iRMSD 0.368 LRMSD 0.601 fnat 0.894 fnonnat 0.000 F1 0.944 clashes 0 mapping BA:LA /home/junjiechen/1_work/250401-Dpepalign/Benchmark/protenix/PepSet/pred/3et3/seed_42/predictions/3et3_sample_1.cif B A -> /home/junjiechen/1_work/250401-Dpepalign/Benchmark/dataset/PepSet_dimer/3et3.pdb L A
Total DockQ over 1 native interfaces: 0.933 with BA:LA model:native mapping
DockQ 0.933 iRMSD 0.471 LRMSD 1.366 fnat 0.915 fnonnat 0.023 F1 0.945 clashes 0 mapping BA:LA /home/junjiechen/1_work/250401-Dpepalign/Benchmark/protenix/PepSet/pred/3et3/seed_42/predictions/3et3_sample_2.cif B A -> /home/junjiechen/1_work/250401-Dpepalign/Benchmark/dataset/PepSet_dimer/3et3.pdb L A
Total DockQ over 1 native interfaces: 0.931 with BA:LA model:native mapping
DockQ 0.931 iRMSD 0.486 LRMSD 1.441 fnat 0.915 fnonnat 0.000 F1 0.956 clashes 0 mapping BA:LA /home/junjiechen/1_work/250401-Dpepalign/Benchmark/protenix/PepSet/pred/3et3/seed_42/predictions/3et3_sample_3.cif B A -> /home/junjiechen/1_work/250401-Dpepalign/Benchmark/dataset/PepSet_dimer/3et3.pdb L A
Total DockQ over 1 native interfaces: 0.924 with BA:LA model:native mapping
DockQ 0.924 iRMSD 0.577 LRMSD 1.599 fnat 0.936 fnonnat 0.022 F1 0.957 clashes 0 mapping BA:LA /home/junjiechen/1_work/250401-Dpepalign/Benchmark/protenix/PepSet/pred/3et3/seed_42/predictions/3et3_sample_4.cif B A -> /home/junjiechen/1_work/250401-Dpepalign/Benchmark/dataset/PepSet_dimer/3et3.pdb L A
Total DockQ over 1 native interfaces: 0.922 with BA:LA model:native mapping
DockQ 0.922 iRMSD 0.563 LRMSD 1.408 fnat 0.915 fnonnat 0.000 F1 0.956 clashes 0 mapping BA:LA /home/junjiechen/1_work/250401-Dpepalign/Benchmark/protenix/PepSet/pred/3et3/seed_43/predictions/3et3_sample_0.cif B A -> /home/junjiechen/1_work/250401-Dpepalign/Benchmark/dataset/PepSet_dimer/3et3.pdb L A
Total DockQ over 1 native interfaces: 0.907 with BA:LA model:native mapping
DockQ 0.907 iRMSD 0.687 LRMSD 1.792 fnat 0.936 fnonnat 0.000 F1 0.967 clashes 0 mapping BA:LA /home/junjiechen/1_work/250401-Dpepalign/Benchmark/protenix/PepSet/pred/3et3/seed_43/predictions/3et3_sample_3.cif B A -> /home/junjiechen/1_work/250401-Dpepalign/Benchmark/dataset/PepSet_dimer/3et3.pdb L A
Total DockQ over 1 native interfaces: 0.921 with BA:LA model:native mapping
DockQ 0.921 iRMSD 0.567 LRMSD 1.417 fnat 0.915 fnonnat 0.044 F1 0.935 clashes 0 mapping BA:LA /home/junjiechen/1_work/250401-Dpepalign/Benchmark/protenix/PepSet/pred/3et3/seed_43/predictions/3et3_sample_1.cif B A -> /home/junjiechen/1_work/250401-Dpepalign/Benchmark/dataset/PepSet_dimer/3et3.pdb L A
Total DockQ over 1 native interfaces: 0.922 with BA:LA model:native mapping
DockQ 0.922 iRMSD 0.560 LRMSD 1.379 fnat 0.915 fnonnat 0.000 F1 0.956 clashes 0 mapping BA:LA /home/junjiechen/1_work/250401-Dpepalign/Benchmark/protenix/PepSet/pred/3et3/seed_43/predictions/3et3_sample_2.cif B A -> /home/junjiechen/1_work/250401-Dpepalign/Benchmark/dataset/PepSet_dimer/3et3.pdb L A
Total DockQ over 1 native interfaces: 0.901 with BA:LA model:native mapping
DockQ 0.901 iRMSD 0.638 LRMSD 1.651 fnat 0.894 fnonnat 0.023 F1 0.933 clashes 1 mapping BA:LA /home/junjiechen/1_work/250401-Dpepalign/Benchmark/protenix/PepSet/pred/3et3/seed_43/predictions/3et3_sample_4.cif B A -> /home/junjiechen/1_work/250401-Dpepalign/Benchmark/dataset/PepSet_dimer/3et3.pdb L A
Total DockQ over 1 native interfaces: 0.931 with BA:LA model:native mapping
DockQ 0.931 iRMSD 0.507 LRMSD 1.190 fnat 0.915 fnonnat 0.023 F1 0.945 clashes 0 mapping BA:LA /home/junjiechen/1_work/250401-Dpepalign/Benchmark/protenix/PepSet/pred/3et3/seed_44/predictions/3et3_sample_0.cif B A -> /home/junjiechen/1_work/250401-Dpepalign/Benchmark/dataset/PepSet_dimer/3et3.pdb L A
Total DockQ over 1 native interfaces: 0.931 with BA:LA model:native mapping
DockQ 0.931 iRMSD 0.540 LRMSD 1.451 fnat 0.936 fnonnat 0.000 F1 0.967 clashes 0 mapping BA:LA /home/junjiechen/1_work/250401-Dpepalign/Benchmark/protenix/PepSet/pred/3et3/seed_44/predictions/3et3_sample_4.cif B A -> /home/junjiechen/1_work/250401-Dpepalign/Benchmark/dataset/PepSet_dimer/3et3.pdb L A
Total DockQ over 1 native interfaces: 0.931 with BA:LA model:native mapping
DockQ 0.931 iRMSD 0.498 LRMSD 1.278 fnat 0.915 fnonnat 0.023 F1 0.945 clashes 0 mapping BA:LA /home/junjiechen/1_work/250401-Dpepalign/Benchmark/protenix/PepSet/pred/3et3/seed_44/predictions/3et3_sample_1.cif B A -> /home/junjiechen/1_work/250401-Dpepalign/Benchmark/dataset/PepSet_dimer/3et3.pdb L A
Total DockQ over 1 native interfaces: 0.925 with BA:LA model:native mapping
DockQ 0.925 iRMSD 0.543 LRMSD 1.324 fnat 0.915 fnonnat 0.044 F1 0.935 clashes 0 mapping BA:LA /home/junjiechen/1_work/250401-Dpepalign/Benchmark/protenix/PepSet/pred/3et3/seed_44/predictions/3et3_sample_3.cif B A -> /home/junjiechen/1_work/250401-Dpepalign/Benchmark/dataset/PepSet_dimer/3et3.pdb L A
Total DockQ over 1 native interfaces: 0.942 with BA:LA model:native mapping
DockQ 0.942 iRMSD 0.425 LRMSD 1.063 fnat 0.915 fnonnat 0.000 F1 0.956 clashes 0 mapping BA:LA /home/junjiechen/1_work/250401-Dpepalign/Benchmark/protenix/PepSet/pred/3et3/seed_44/predictions/3et3_sample_2.cif B A -> /home/junjiechen/1_work/250401-Dpepalign/Benchmark/dataset/PepSet_dimer/3et3.pdb L A
Total DockQ over 1 native interfaces: 0.427 with BA:LA model:native mapping
DockQ 0.427 iRMSD 2.194 LRMSD 18.726 fnat 0.792 fnonnat 0.321 F1 0.731 clashes 0 mapping BA:LA /home/junjiechen/1_work/250401-Dpepalign/Benchmark/protenix/PepSet/pred/3fp2/seed_42/predictions/3fp2_sample_2.cif B A -> /home/junjiechen/1_work/250401-Dpepalign/Benchmark/dataset/PepSet_dimer/3fp2.pdb L A
Total DockQ over 1 native interfaces: 0.407 with BA:LA model:native mapping
DockQ 0.407 iRMSD 2.470 LRMSD 23.278 fnat 0.833 fnonnat 0.310 F1 0.755 clashes 0 mapping BA:LA /home/junjiechen/1_work/250401-Dpepalign/Benchmark/protenix/PepSet/pred/3fp2/seed_42/predictions/3fp2_sample_0.cif B A -> /home/junjiechen/1_work/250401-Dpepalign/Benchmark/dataset/PepSet_dimer/3fp2.pdb L A
Total DockQ over 1 native interfaces: 0.423 with BA:LA model:native mapping
DockQ 0.423 iRMSD 2.356 LRMSD 20.471 fnat 0.833 fnonnat 0.429 F1 0.678 clashes 1 mapping BA:LA /home/junjiechen/1_work/250401-Dpepalign/Benchmark/protenix/PepSet/pred/3fp2/seed_42/predictions/3fp2_sample_3.cif B A -> /home/junjiechen/1_work/250401-Dpepalign/Benchmark/dataset/PepSet_dimer/3fp2.pdb L A
Total DockQ over 1 native interfaces: 0.431 with BA:LA model:native mapping
DockQ 0.431 iRMSD 2.191 LRMSD 17.944 fnat 0.792 fnonnat 0.345 F1 0.717 clashes 1 mapping BA:LA /home/junjiechen/1_work/250401-Dpepalign/Benchmark/protenix/PepSet/pred/3fp2/seed_42/predictions/3fp2_sample_1.cif B A -> /home/junjiechen/1_work/250401-Dpepalign/Benchmark/dataset/PepSet_dimer/3fp2.pdb L A
Total DockQ over 1 native interfaces: 0.438 with BA:LA model:native mapping
DockQ 0.438 iRMSD 2.236 LRMSD 18.778 fnat 0.833 fnonnat 0.286 F1 0.769 clashes 0 mapping BA:LA /home/junjiechen/1_work/250401-Dpepalign/Benchmark/protenix/PepSet/pred/3fp2/seed_43/predictions/3fp2_sample_0.cif B A -> /home/junjiechen/1_work/250401-Dpepalign/Benchmark/dataset/PepSet_dimer/3fp2.pdb L A
Total DockQ over 1 native interfaces: 0.428 with BA:LA model:native mapping
DockQ 0.428 iRMSD 2.251 LRMSD 17.790 fnat 0.792 fnonnat 0.240 F1 0.776 clashes 0 mapping BA:LA /home/junjiechen/1_work/250401-Dpepalign/Benchmark/protenix/PepSet/pred/3fp2/seed_42/predictions/3fp2_sample_4.cif B A -> /home/junjiechen/1_work/250401-Dpepalign/Benchmark/dataset/PepSet_dimer/3fp2.pdb L A
Total DockQ over 1 native interfaces: 0.436 with BA:LA model:native mapping
DockQ 0.436 iRMSD 2.277 LRMSD 18.577 fnat 0.833 fnonnat 0.310 F1 0.755 clashes 0 mapping BA:LA /home/junjiechen/1_work/250401-Dpepalign/Benchmark/protenix/PepSet/pred/3fp2/seed_43/predictions/3fp2_sample_3.cif B A -> /home/junjiechen/1_work/250401-Dpepalign/Benchmark/dataset/PepSet_dimer/3fp2.pdb L A
Total DockQ over 1 native interfaces: 0.436 with BA:LA model:native mapping
DockQ 0.436 iRMSD 2.331 LRMSD 18.052 fnat 0.833 fnonnat 0.167 F1 0.833 clashes 0 mapping BA:LA /home/junjiechen/1_work/250401-Dpepalign/Benchmark/protenix/PepSet/pred/3fp2/seed_43/predictions/3fp2_sample_2.cif B A -> /home/junjiechen/1_work/250401-Dpepalign/Benchmark/dataset/PepSet_dimer/3fp2.pdb L A
Total DockQ over 1 native interfaces: 0.426 with BA:LA model:native mapping
DockQ 0.426 iRMSD 2.189 LRMSD 18.909 fnat 0.792 fnonnat 0.269 F1 0.760 clashes 0 mapping BA:LA /home/junjiechen/1_work/250401-Dpepalign/Benchmark/protenix/PepSet/pred/3fp2/seed_43/predictions/3fp2_sample_1.cif B A -> /home/junjiechen/1_work/250401-Dpepalign/Benchmark/dataset/PepSet_dimer/3fp2.pdb L A
Total DockQ over 1 native interfaces: 0.711 with BA:LA model:native mapping
DockQ 0.711 iRMSD 1.384 LRMSD 4.788 fnat 0.833 fnonnat 0.286 F1 0.769 clashes 0 mapping BA:LA /home/junjiechen/1_work/250401-Dpepalign/Benchmark/protenix/PepSet/pred/3fp2/seed_44/predictions/3fp2_sample_1.cif B A -> /home/junjiechen/1_work/250401-Dpepalign/Benchmark/dataset/PepSet_dimer/3fp2.pdb L A
Total DockQ over 1 native interfaces: 0.424 with BA:LA model:native mapping
DockQ 0.424 iRMSD 2.277 LRMSD 18.192 fnat 0.792 fnonnat 0.208 F1 0.792 clashes 0 mapping BA:LA /home/junjiechen/1_work/250401-Dpepalign/Benchmark/protenix/PepSet/pred/3fp2/seed_43/predictions/3fp2_sample_4.cif B A -> /home/junjiechen/1_work/250401-Dpepalign/Benchmark/dataset/PepSet_dimer/3fp2.pdb L A
Total DockQ over 1 native interfaces: 0.709 with BA:LA model:native mapping
DockQ 0.709 iRMSD 1.493 LRMSD 4.356 fnat 0.833 fnonnat 0.286 F1 0.769 clashes 0 mapping BA:LA /home/junjiechen/1_work/250401-Dpepalign/Benchmark/protenix/PepSet/pred/3fp2/seed_44/predictions/3fp2_sample_0.cif B A -> /home/junjiechen/1_work/250401-Dpepalign/Benchmark/dataset/PepSet_dimer/3fp2.pdb L A
Total DockQ over 1 native interfaces: 0.937 with BA:LA model:native mapping
DockQ 0.937 iRMSD 0.635 LRMSD 0.901 fnat 0.973 fnonnat 0.053 F1 0.960 clashes 0 mapping BA:LA /home/junjiechen/1_work/250401-Dpepalign/Benchmark/protenix/PepSet/pred/3g2s/seed_42/predictions/3g2s_sample_1.cif B A -> /home/junjiechen/1_work/250401-Dpepalign/Benchmark/dataset/PepSet_dimer/3g2s.pdb L A
Total DockQ over 1 native interfaces: 0.912 with BA:LA model:native mapping
DockQ 0.912 iRMSD 0.707 LRMSD 2.053 fnat 0.973 fnonnat 0.053 F1 0.960 clashes 0 mapping BA:LA /home/junjiechen/1_work/250401-Dpepalign/Benchmark/protenix/PepSet/pred/3g2s/seed_42/predictions/3g2s_sample_0.cif B A -> /home/junjiechen/1_work/250401-Dpepalign/Benchmark/dataset/PepSet_dimer/3g2s.pdb L A
Total DockQ over 1 native interfaces: 0.411 with BA:LA model:native mapping
DockQ 0.411 iRMSD 2.328 LRMSD 24.635 fnat 0.833 fnonnat 0.375 F1 0.714 clashes 0 mapping BA:LA /home/junjiechen/1_work/250401-Dpepalign/Benchmark/protenix/PepSet/pred/3fp2/seed_44/predictions/3fp2_sample_3.cif B A -> /home/junjiechen/1_work/250401-Dpepalign/Benchmark/dataset/PepSet_dimer/3fp2.pdb L A
Total DockQ over 1 native interfaces: 0.689 with BA:LA model:native mapping
DockQ 0.689 iRMSD 1.612 LRMSD 4.643 fnat 0.833 fnonnat 0.310 F1 0.755 clashes 0 mapping BA:LA /home/junjiechen/1_work/250401-Dpepalign/Benchmark/protenix/PepSet/pred/3fp2/seed_44/predictions/3fp2_sample_2.cif B A -> /home/junjiechen/1_work/250401-Dpepalign/Benchmark/dataset/PepSet_dimer/3fp2.pdb L A
Total DockQ over 1 native interfaces: 0.858 with BA:LA model:native mapping
DockQ 0.858 iRMSD 0.915 LRMSD 2.376 fnat 0.919 fnonnat 0.105 F1 0.907 clashes 0 mapping BA:LA /home/junjiechen/1_work/250401-Dpepalign/Benchmark/protenix/PepSet/pred/3g2s/seed_42/predictions/3g2s_sample_2.cif B A -> /home/junjiechen/1_work/250401-Dpepalign/Benchmark/dataset/PepSet_dimer/3g2s.pdb L A
Total DockQ over 1 native interfaces: 0.908 with BA:LA model:native mapping
DockQ 0.908 iRMSD 0.742 LRMSD 1.985 fnat 0.973 fnonnat 0.053 F1 0.960 clashes 0 mapping BA:LA /home/junjiechen/1_work/250401-Dpepalign/Benchmark/protenix/PepSet/pred/3g2s/seed_42/predictions/3g2s_sample_3.cif B A -> /home/junjiechen/1_work/250401-Dpepalign/Benchmark/dataset/PepSet_dimer/3g2s.pdb L A
Total DockQ over 1 native interfaces: 0.685 with BA:LA model:native mapping
DockQ 0.685 iRMSD 1.107 LRMSD 6.718 fnat 0.792 fnonnat 0.208 F1 0.792 clashes 0 mapping BA:LA /home/junjiechen/1_work/250401-Dpepalign/Benchmark/protenix/PepSet/pred/3fp2/seed_44/predictions/3fp2_sample_4.cif B A -> /home/junjiechen/1_work/250401-Dpepalign/Benchmark/dataset/PepSet_dimer/3fp2.pdb L A
Total DockQ over 1 native interfaces: 0.877 with BA:LA model:native mapping
DockQ 0.877 iRMSD 0.830 LRMSD 2.539 fnat 0.946 fnonnat 0.079 F1 0.933 clashes 0 mapping BA:LA /home/junjiechen/1_work/250401-Dpepalign/Benchmark/protenix/PepSet/pred/3g2s/seed_43/predictions/3g2s_sample_1.cif B A -> /home/junjiechen/1_work/250401-Dpepalign/Benchmark/dataset/PepSet_dimer/3g2s.pdb L A
Total DockQ over 1 native interfaces: 0.908 with BA:LA model:native mapping
DockQ 0.908 iRMSD 0.808 LRMSD 1.954 fnat 1.000 fnonnat 0.051 F1 0.974 clashes 0 mapping BA:LA /home/junjiechen/1_work/250401-Dpepalign/Benchmark/protenix/PepSet/pred/3g2s/seed_42/predictions/3g2s_sample_4.cif B A -> /home/junjiechen/1_work/250401-Dpepalign/Benchmark/dataset/PepSet_dimer/3g2s.pdb L A
Total DockQ over 1 native interfaces: 0.938 with BA:LA model:native mapping
DockQ 0.938 iRMSD 0.654 LRMSD 1.413 fnat 1.000 fnonnat 0.075 F1 0.961 clashes 0 mapping BA:LA /home/junjiechen/1_work/250401-Dpepalign/Benchmark/protenix/PepSet/pred/3g2s/seed_43/predictions/3g2s_sample_0.cif B A -> /home/junjiechen/1_work/250401-Dpepalign/Benchmark/dataset/PepSet_dimer/3g2s.pdb L A
Total DockQ over 1 native interfaces: 0.886 with BA:LA model:native mapping
DockQ 0.886 iRMSD 0.832 LRMSD 2.493 fnat 0.973 fnonnat 0.077 F1 0.947 clashes 0 mapping BA:LA /home/junjiechen/1_work/250401-Dpepalign/Benchmark/protenix/PepSet/pred/3g2s/seed_43/predictions/3g2s_sample_2.cif B A -> /home/junjiechen/1_work/250401-Dpepalign/Benchmark/dataset/PepSet_dimer/3g2s.pdb L A
Total DockQ over 1 native interfaces: 0.884 with BA:LA model:native mapping
DockQ 0.884 iRMSD 0.837 LRMSD 2.569 fnat 0.973 fnonnat 0.053 F1 0.960 clashes 0 mapping BA:LA /home/junjiechen/1_work/250401-Dpepalign/Benchmark/protenix/PepSet/pred/3g2s/seed_43/predictions/3g2s_sample_3.cif B A -> /home/junjiechen/1_work/250401-Dpepalign/Benchmark/dataset/PepSet_dimer/3g2s.pdb L A
Total DockQ over 1 native interfaces: 0.870 with BA:LA model:native mapping
DockQ 0.870 iRMSD 0.816 LRMSD 2.526 fnat 0.919 fnonnat 0.056 F1 0.932 clashes 0 mapping BA:LA /home/junjiechen/1_work/250401-Dpepalign/Benchmark/protenix/PepSet/pred/3g2s/seed_43/predictions/3g2s_sample_4.cif B A -> /home/junjiechen/1_work/250401-Dpepalign/Benchmark/dataset/PepSet_dimer/3g2s.pdb L A
Total DockQ over 1 native interfaces: 0.877 with BA:LA model:native mapping
DockQ 0.877 iRMSD 0.875 LRMSD 2.661 fnat 0.973 fnonnat 0.053 F1 0.960 clashes 0 mapping BA:LA /home/junjiechen/1_work/250401-Dpepalign/Benchmark/protenix/PepSet/pred/3g2s/seed_44/predictions/3g2s_sample_0.cif B A -> /home/junjiechen/1_work/250401-Dpepalign/Benchmark/dataset/PepSet_dimer/3g2s.pdb L A
Total DockQ over 1 native interfaces: 0.907 with BA:LA model:native mapping
DockQ 0.907 iRMSD 0.801 LRMSD 1.513 fnat 0.973 fnonnat 0.053 F1 0.960 clashes 0 mapping BA:LA /home/junjiechen/1_work/250401-Dpepalign/Benchmark/protenix/PepSet/pred/3g2s/seed_44/predictions/3g2s_sample_3.cif B A -> /home/junjiechen/1_work/250401-Dpepalign/Benchmark/dataset/PepSet_dimer/3g2s.pdb L A
Total DockQ over 1 native interfaces: 0.947 with BA:LA model:native mapping
DockQ 0.947 iRMSD 0.618 LRMSD 0.985 fnat 1.000 fnonnat 0.051 F1 0.974 clashes 0 mapping BA:LA /home/junjiechen/1_work/250401-Dpepalign/Benchmark/protenix/PepSet/pred/3g2s/seed_44/predictions/3g2s_sample_1.cif B A -> /home/junjiechen/1_work/250401-Dpepalign/Benchmark/dataset/PepSet_dimer/3g2s.pdb L A
Total DockQ over 1 native interfaces: 0.852 with BA:LA model:native mapping
DockQ 0.852 iRMSD 0.940 LRMSD 3.342 fnat 0.973 fnonnat 0.100 F1 0.935 clashes 1 mapping BA:LA /home/junjiechen/1_work/250401-Dpepalign/Benchmark/protenix/PepSet/pred/3g2s/seed_44/predictions/3g2s_sample_2.cif B A -> /home/junjiechen/1_work/250401-Dpepalign/Benchmark/dataset/PepSet_dimer/3g2s.pdb L A
Total DockQ over 1 native interfaces: 0.904 with BA:LA model:native mapping
DockQ 0.904 iRMSD 0.819 LRMSD 1.546 fnat 0.973 fnonnat 0.053 F1 0.960 clashes 0 mapping BA:LA /home/junjiechen/1_work/250401-Dpepalign/Benchmark/protenix/PepSet/pred/3g2s/seed_44/predictions/3g2s_sample_4.cif B A -> /home/junjiechen/1_work/250401-Dpepalign/Benchmark/dataset/PepSet_dimer/3g2s.pdb L A
Total DockQ over 1 native interfaces: 0.810 with BA:LA model:native mapping
DockQ 0.810 iRMSD 1.132 LRMSD 2.398 fnat 0.868 fnonnat 0.207 F1 0.829 clashes 0 mapping BA:LA /home/junjiechen/1_work/250401-Dpepalign/Benchmark/protenix/PepSet/pred/3h1z/seed_42/predictions/3h1z_sample_1.cif B A -> /home/junjiechen/1_work/250401-Dpepalign/Benchmark/dataset/PepSet_dimer/3h1z.pdb L A
Total DockQ over 1 native interfaces: 0.812 with BA:LA model:native mapping
DockQ 0.812 iRMSD 1.133 LRMSD 2.325 fnat 0.868 fnonnat 0.179 F1 0.844 clashes 0 mapping BA:LA /home/junjiechen/1_work/250401-Dpepalign/Benchmark/protenix/PepSet/pred/3h1z/seed_42/predictions/3h1z_sample_0.cif B A -> /home/junjiechen/1_work/250401-Dpepalign/Benchmark/dataset/PepSet_dimer/3h1z.pdb L A
Total DockQ over 1 native interfaces: 0.811 with BA:LA model:native mapping
DockQ 0.811 iRMSD 1.170 LRMSD 2.402 fnat 0.887 fnonnat 0.175 F1 0.855 clashes 0 mapping BA:LA /home/junjiechen/1_work/250401-Dpepalign/Benchmark/protenix/PepSet/pred/3h1z/seed_42/predictions/3h1z_sample_2.cif B A -> /home/junjiechen/1_work/250401-Dpepalign/Benchmark/dataset/PepSet_dimer/3h1z.pdb L A
Total DockQ over 1 native interfaces: 0.817 with BA:LA model:native mapping
DockQ 0.817 iRMSD 1.166 LRMSD 2.458 fnat 0.906 fnonnat 0.200 F1 0.850 clashes 0 mapping BA:LA /home/junjiechen/1_work/250401-Dpepalign/Benchmark/protenix/PepSet/pred/3h1z/seed_42/predictions/3h1z_sample_3.cif B A -> /home/junjiechen/1_work/250401-Dpepalign/Benchmark/dataset/PepSet_dimer/3h1z.pdb L A
Total DockQ over 1 native interfaces: 0.112 with BA:LA model:native mapping
DockQ 0.112 iRMSD 8.769 LRMSD 19.806 fnat 0.151 fnonnat 0.810 F1 0.168 clashes 0 mapping BA:LA /home/junjiechen/1_work/250401-Dpepalign/Benchmark/protenix/PepSet/pred/3h1z/seed_43/predictions/3h1z_sample_0.cif B A -> /home/junjiechen/1_work/250401-Dpepalign/Benchmark/dataset/PepSet_dimer/3h1z.pdb L A
Total DockQ over 1 native interfaces: 0.114 with BA:LA model:native mapping
DockQ 0.114 iRMSD 8.593 LRMSD 19.472 fnat 0.151 fnonnat 0.818 F1 0.165 clashes 0 mapping BA:LA /home/junjiechen/1_work/250401-Dpepalign/Benchmark/protenix/PepSet/pred/3h1z/seed_43/predictions/3h1z_sample_1.cif B A -> /home/junjiechen/1_work/250401-Dpepalign/Benchmark/dataset/PepSet_dimer/3h1z.pdb L A
Total DockQ over 1 native interfaces: 0.091 with BA:LA model:native mapping
DockQ 0.091 iRMSD 8.643 LRMSD 18.962 fnat 0.075 fnonnat 0.933 F1 0.071 clashes 1 mapping BA:LA /home/junjiechen/1_work/250401-Dpepalign/Benchmark/protenix/PepSet/pred/3h1z/seed_42/predictions/3h1z_sample_4.cif B A -> /home/junjiechen/1_work/250401-Dpepalign/Benchmark/dataset/PepSet_dimer/3h1z.pdb L A
Total DockQ over 1 native interfaces: 0.110 with BA:LA model:native mapping
DockQ 0.110 iRMSD 8.923 LRMSD 20.159 fnat 0.151 fnonnat 0.810 F1 0.168 clashes 0 mapping BA:LA /home/junjiechen/1_work/250401-Dpepalign/Benchmark/protenix/PepSet/pred/3h1z/seed_43/predictions/3h1z_sample_2.cif B A -> /home/junjiechen/1_work/250401-Dpepalign/Benchmark/dataset/PepSet_dimer/3h1z.pdb L A
Total DockQ over 1 native interfaces: 0.112 with BA:LA model:native mapping
DockQ 0.112 iRMSD 8.725 LRMSD 19.704 fnat 0.151 fnonnat 0.800 F1 0.172 clashes 0 mapping BA:LA /home/junjiechen/1_work/250401-Dpepalign/Benchmark/protenix/PepSet/pred/3h1z/seed_43/predictions/3h1z_sample_3.cif B A -> /home/junjiechen/1_work/250401-Dpepalign/Benchmark/dataset/PepSet_dimer/3h1z.pdb L A
Total DockQ over 1 native interfaces: 0.010 with BA:LA model:native mapping
DockQ 0.010 iRMSD 20.778 LRMSD 54.773 fnat 0.000 fnonnat 1.000 F1 0.000 clashes 0 mapping BA:LA /home/junjiechen/1_work/250401-Dpepalign/Benchmark/protenix/PepSet/pred/3h1z/seed_43/predictions/3h1z_sample_4.cif B A -> /home/junjiechen/1_work/250401-Dpepalign/Benchmark/dataset/PepSet_dimer/3h1z.pdb L A
Total DockQ over 1 native interfaces: 0.108 with BA:LA model:native mapping
DockQ 0.108 iRMSD 8.522 LRMSD 19.300 fnat 0.132 fnonnat 0.811 F1 0.156 clashes 1 mapping BA:LA /home/junjiechen/1_work/250401-Dpepalign/Benchmark/protenix/PepSet/pred/3h1z/seed_44/predictions/3h1z_sample_2.cif B A -> /home/junjiechen/1_work/250401-Dpepalign/Benchmark/dataset/PepSet_dimer/3h1z.pdb L A
Total DockQ over 1 native interfaces: 0.968 with BA:LA model:native mapping
DockQ 0.968 iRMSD 0.464 LRMSD 0.761 fnat 1.000 fnonnat 0.133 F1 0.929 clashes 0 mapping BA:LA /home/junjiechen/1_work/250401-Dpepalign/Benchmark/protenix/PepSet/pred/3i5r/seed_42/predictions/3i5r_sample_1.cif B A -> /home/junjiechen/1_work/250401-Dpepalign/Benchmark/dataset/PepSet_dimer/3i5r.pdb L A
Total DockQ over 1 native interfaces: 0.113 with BA:LA model:native mapping
DockQ 0.113 iRMSD 8.619 LRMSD 19.563 fnat 0.151 fnonnat 0.784 F1 0.178 clashes 0 mapping BA:LA /home/junjiechen/1_work/250401-Dpepalign/Benchmark/protenix/PepSet/pred/3h1z/seed_44/predictions/3h1z_sample_0.cif B A -> /home/junjiechen/1_work/250401-Dpepalign/Benchmark/dataset/PepSet_dimer/3h1z.pdb L A
Total DockQ over 1 native interfaces: 0.114 with BA:LA model:native mapping
DockQ 0.114 iRMSD 8.576 LRMSD 19.346 fnat 0.151 fnonnat 0.789 F1 0.176 clashes 2 mapping BA:LA /home/junjiechen/1_work/250401-Dpepalign/Benchmark/protenix/PepSet/pred/3h1z/seed_44/predictions/3h1z_sample_1.cif B A -> /home/junjiechen/1_work/250401-Dpepalign/Benchmark/dataset/PepSet_dimer/3h1z.pdb L A
Total DockQ over 1 native interfaces: 0.118 with BA:LA model:native mapping
DockQ 0.118 iRMSD 8.285 LRMSD 18.716 fnat 0.151 fnonnat 0.742 F1 0.190 clashes 0 mapping BA:LA /home/junjiechen/1_work/250401-Dpepalign/Benchmark/protenix/PepSet/pred/3h1z/seed_44/predictions/3h1z_sample_3.cif B A -> /home/junjiechen/1_work/250401-Dpepalign/Benchmark/dataset/PepSet_dimer/3h1z.pdb L A
Total DockQ over 1 native interfaces: 0.011 with BA:LA model:native mapping
DockQ 0.011 iRMSD 19.909 LRMSD 51.447 fnat 0.000 fnonnat 1.000 F1 0.000 clashes 0 mapping BA:LA /home/junjiechen/1_work/250401-Dpepalign/Benchmark/protenix/PepSet/pred/3h1z/seed_44/predictions/3h1z_sample_4.cif B A -> /home/junjiechen/1_work/250401-Dpepalign/Benchmark/dataset/PepSet_dimer/3h1z.pdb L A
Total DockQ over 1 native interfaces: 0.950 with BA:LA model:native mapping
DockQ 0.950 iRMSD 0.505 LRMSD 0.891 fnat 0.962 fnonnat 0.038 F1 0.962 clashes 0 mapping BA:LA /home/junjiechen/1_work/250401-Dpepalign/Benchmark/protenix/PepSet/pred/3i5r/seed_42/predictions/3i5r_sample_0.cif B A -> /home/junjiechen/1_work/250401-Dpepalign/Benchmark/dataset/PepSet_dimer/3i5r.pdb L A
Total DockQ over 1 native interfaces: 0.956 with BA:LA model:native mapping
DockQ 0.956 iRMSD 0.456 LRMSD 0.745 fnat 0.962 fnonnat 0.074 F1 0.943 clashes 0 mapping BA:LA /home/junjiechen/1_work/250401-Dpepalign/Benchmark/protenix/PepSet/pred/3i5r/seed_42/predictions/3i5r_sample_2.cif B A -> /home/junjiechen/1_work/250401-Dpepalign/Benchmark/dataset/PepSet_dimer/3i5r.pdb L A
Total DockQ over 1 native interfaces: 0.961 with BA:LA model:native mapping
DockQ 0.961 iRMSD 0.519 LRMSD 0.896 fnat 1.000 fnonnat 0.103 F1 0.945 clashes 0 mapping BA:LA /home/junjiechen/1_work/250401-Dpepalign/Benchmark/protenix/PepSet/pred/3i5r/seed_42/predictions/3i5r_sample_3.cif B A -> /home/junjiechen/1_work/250401-Dpepalign/Benchmark/dataset/PepSet_dimer/3i5r.pdb L A
Total DockQ over 1 native interfaces: 0.933 with BA:LA model:native mapping
DockQ 0.933 iRMSD 0.611 LRMSD 1.229 fnat 0.962 fnonnat 0.038 F1 0.962 clashes 0 mapping BA:LA /home/junjiechen/1_work/250401-Dpepalign/Benchmark/protenix/PepSet/pred/3i5r/seed_42/predictions/3i5r_sample_4.cif B A -> /home/junjiechen/1_work/250401-Dpepalign/Benchmark/dataset/PepSet_dimer/3i5r.pdb L A
Total DockQ over 1 native interfaces: 0.967 with BA:LA model:native mapping
DockQ 0.967 iRMSD 0.466 LRMSD 0.831 fnat 1.000 fnonnat 0.133 F1 0.929 clashes 0 mapping BA:LA /home/junjiechen/1_work/250401-Dpepalign/Benchmark/protenix/PepSet/pred/3i5r/seed_43/predictions/3i5r_sample_3.cif B A -> /home/junjiechen/1_work/250401-Dpepalign/Benchmark/dataset/PepSet_dimer/3i5r.pdb L A
Total DockQ over 1 native interfaces: 0.963 with BA:LA model:native mapping
DockQ 0.963 iRMSD 0.500 LRMSD 0.958 fnat 1.000 fnonnat 0.071 F1 0.963 clashes 0 mapping BA:LA /home/junjiechen/1_work/250401-Dpepalign/Benchmark/protenix/PepSet/pred/3i5r/seed_43/predictions/3i5r_sample_1.cif B A -> /home/junjiechen/1_work/250401-Dpepalign/Benchmark/dataset/PepSet_dimer/3i5r.pdb L A
Total DockQ over 1 native interfaces: 0.960 with BA:LA model:native mapping
DockQ 0.960 iRMSD 0.412 LRMSD 0.891 fnat 0.962 fnonnat 0.000 F1 0.980 clashes 0 mapping BA:LA /home/junjiechen/1_work/250401-Dpepalign/Benchmark/protenix/PepSet/pred/3i5r/seed_43/predictions/3i5r_sample_0.cif B A -> /home/junjiechen/1_work/250401-Dpepalign/Benchmark/dataset/PepSet_dimer/3i5r.pdb L A
Total DockQ over 1 native interfaces: 0.955 with BA:LA model:native mapping
DockQ 0.955 iRMSD 0.471 LRMSD 0.696 fnat 0.962 fnonnat 0.038 F1 0.962 clashes 0 mapping BA:LA /home/junjiechen/1_work/250401-Dpepalign/Benchmark/protenix/PepSet/pred/3i5r/seed_43/predictions/3i5r_sample_2.cif B A -> /home/junjiechen/1_work/250401-Dpepalign/Benchmark/dataset/PepSet_dimer/3i5r.pdb L A
Total DockQ over 1 native interfaces: 0.970 with BA:LA model:native mapping
DockQ 0.970 iRMSD 0.441 LRMSD 0.841 fnat 1.000 fnonnat 0.103 F1 0.945 clashes 0 mapping BA:LA /home/junjiechen/1_work/250401-Dpepalign/Benchmark/protenix/PepSet/pred/3i5r/seed_44/predictions/3i5r_sample_3.cif B A -> /home/junjiechen/1_work/250401-Dpepalign/Benchmark/dataset/PepSet_dimer/3i5r.pdb L A
Total DockQ over 1 native interfaces: 0.969 with BA:LA model:native mapping
DockQ 0.969 iRMSD 0.443 LRMSD 0.918 fnat 1.000 fnonnat 0.037 F1 0.981 clashes 0 mapping BA:LA /home/junjiechen/1_work/250401-Dpepalign/Benchmark/protenix/PepSet/pred/3i5r/seed_43/predictions/3i5r_sample_4.cif B A -> /home/junjiechen/1_work/250401-Dpepalign/Benchmark/dataset/PepSet_dimer/3i5r.pdb L A
Total DockQ over 1 native interfaces: 0.957 with BA:LA model:native mapping
DockQ 0.957 iRMSD 0.445 LRMSD 0.818 fnat 0.962 fnonnat 0.074 F1 0.943 clashes 0 mapping BA:LA /home/junjiechen/1_work/250401-Dpepalign/Benchmark/protenix/PepSet/pred/3i5r/seed_44/predictions/3i5r_sample_0.cif B A -> /home/junjiechen/1_work/250401-Dpepalign/Benchmark/dataset/PepSet_dimer/3i5r.pdb L A
Total DockQ over 1 native interfaces: 0.961 with BA:LA model:native mapping
DockQ 0.961 iRMSD 0.516 LRMSD 0.843 fnat 1.000 fnonnat 0.071 F1 0.963 clashes 0 mapping BA:LA /home/junjiechen/1_work/250401-Dpepalign/Benchmark/protenix/PepSet/pred/3i5r/seed_44/predictions/3i5r_sample_2.cif B A -> /home/junjiechen/1_work/250401-Dpepalign/Benchmark/dataset/PepSet_dimer/3i5r.pdb L A
Total DockQ over 1 native interfaces: 0.956 with BA:LA model:native mapping
DockQ 0.956 iRMSD 0.457 LRMSD 0.840 fnat 0.962 fnonnat 0.038 F1 0.962 clashes 0 mapping BA:LA /home/junjiechen/1_work/250401-Dpepalign/Benchmark/protenix/PepSet/pred/3i5r/seed_44/predictions/3i5r_sample_1.cif B A -> /home/junjiechen/1_work/250401-Dpepalign/Benchmark/dataset/PepSet_dimer/3i5r.pdb L A
Total DockQ over 1 native interfaces: 0.954 with BA:LA model:native mapping
DockQ 0.954 iRMSD 0.424 LRMSD 0.804 fnat 0.944 fnonnat 0.105 F1 0.919 clashes 0 mapping BA:LA /home/junjiechen/1_work/250401-Dpepalign/Benchmark/protenix/PepSet/pred/3obq/seed_42/predictions/3obq_sample_4.cif B A -> /home/junjiechen/1_work/250401-Dpepalign/Benchmark/dataset/PepSet_dimer/3obq.pdb L A
Total DockQ over 1 native interfaces: 0.937 with BA:LA model:native mapping
DockQ 0.937 iRMSD 0.412 LRMSD 0.740 fnat 0.889 fnonnat 0.086 F1 0.901 clashes 1 mapping BA:LA /home/junjiechen/1_work/250401-Dpepalign/Benchmark/protenix/PepSet/pred/3obq/seed_42/predictions/3obq_sample_3.cif B A -> /home/junjiechen/1_work/250401-Dpepalign/Benchmark/dataset/PepSet_dimer/3obq.pdb L A
Total DockQ over 1 native interfaces: 0.967 with BA:LA model:native mapping
DockQ 0.967 iRMSD 0.471 LRMSD 0.769 fnat 1.000 fnonnat 0.071 F1 0.963 clashes 0 mapping BA:LA /home/junjiechen/1_work/250401-Dpepalign/Benchmark/protenix/PepSet/pred/3i5r/seed_44/predictions/3i5r_sample_4.cif B A -> /home/junjiechen/1_work/250401-Dpepalign/Benchmark/dataset/PepSet_dimer/3i5r.pdb L A
Total DockQ over 1 native interfaces: 0.913 with BA:LA model:native mapping
DockQ 0.913 iRMSD 0.514 LRMSD 1.168 fnat 0.861 fnonnat 0.088 F1 0.886 clashes 1 mapping BA:LA /home/junjiechen/1_work/250401-Dpepalign/Benchmark/protenix/PepSet/pred/3obq/seed_43/predictions/3obq_sample_0.cif B A -> /home/junjiechen/1_work/250401-Dpepalign/Benchmark/dataset/PepSet_dimer/3obq.pdb L A
Total DockQ over 1 native interfaces: 0.926 with BA:LA model:native mapping
DockQ 0.926 iRMSD 0.486 LRMSD 1.024 fnat 0.889 fnonnat 0.086 F1 0.901 clashes 0 mapping BA:LA /home/junjiechen/1_work/250401-Dpepalign/Benchmark/protenix/PepSet/pred/3obq/seed_42/predictions/3obq_sample_0.cif B A -> /home/junjiechen/1_work/250401-Dpepalign/Benchmark/dataset/PepSet_dimer/3obq.pdb L A
Total DockQ over 1 native interfaces: 0.949 with BA:LA model:native mapping
DockQ 0.949 iRMSD 0.391 LRMSD 0.715 fnat 0.917 fnonnat 0.108 F1 0.904 clashes 0 mapping BA:LA /home/junjiechen/1_work/250401-Dpepalign/Benchmark/protenix/PepSet/pred/3obq/seed_42/predictions/3obq_sample_1.cif B A -> /home/junjiechen/1_work/250401-Dpepalign/Benchmark/dataset/PepSet_dimer/3obq.pdb L A
Total DockQ over 1 native interfaces: 0.920 with BA:LA model:native mapping
DockQ 0.920 iRMSD 0.530 LRMSD 1.126 fnat 0.889 fnonnat 0.086 F1 0.901 clashes 0 mapping BA:LA /home/junjiechen/1_work/250401-Dpepalign/Benchmark/protenix/PepSet/pred/3obq/seed_42/predictions/3obq_sample_2.cif B A -> /home/junjiechen/1_work/250401-Dpepalign/Benchmark/dataset/PepSet_dimer/3obq.pdb L A
Total DockQ over 1 native interfaces: 0.947 with BA:LA model:native mapping
DockQ 0.947 iRMSD 0.404 LRMSD 0.703 fnat 0.917 fnonnat 0.132 F1 0.892 clashes 1 mapping BA:LA /home/junjiechen/1_work/250401-Dpepalign/Benchmark/protenix/PepSet/pred/3obq/seed_43/predictions/3obq_sample_3.cif B A -> /home/junjiechen/1_work/250401-Dpepalign/Benchmark/dataset/PepSet_dimer/3obq.pdb L A
Total DockQ over 1 native interfaces: 0.949 with BA:LA model:native mapping
DockQ 0.949 iRMSD 0.454 LRMSD 0.952 fnat 0.944 fnonnat 0.081 F1 0.932 clashes 0 mapping BA:LA /home/junjiechen/1_work/250401-Dpepalign/Benchmark/protenix/PepSet/pred/3obq/seed_43/predictions/3obq_sample_2.cif B A -> /home/junjiechen/1_work/250401-Dpepalign/Benchmark/dataset/PepSet_dimer/3obq.pdb L A
Total DockQ over 1 native interfaces: 0.945 with BA:LA model:native mapping
DockQ 0.945 iRMSD 0.420 LRMSD 0.788 fnat 0.917 fnonnat 0.057 F1 0.930 clashes 0 mapping BA:LA /home/junjiechen/1_work/250401-Dpepalign/Benchmark/protenix/PepSet/pred/3obq/seed_43/predictions/3obq_sample_1.cif B A -> /home/junjiechen/1_work/250401-Dpepalign/Benchmark/dataset/PepSet_dimer/3obq.pdb L A
Total DockQ over 1 native interfaces: 0.946 with BA:LA model:native mapping
DockQ 0.946 iRMSD 0.407 LRMSD 0.822 fnat 0.917 fnonnat 0.083 F1 0.917 clashes 0 mapping BA:LA /home/junjiechen/1_work/250401-Dpepalign/Benchmark/protenix/PepSet/pred/3obq/seed_44/predictions/3obq_sample_1.cif B A -> /home/junjiechen/1_work/250401-Dpepalign/Benchmark/dataset/PepSet_dimer/3obq.pdb L A
Total DockQ over 1 native interfaces: 0.935 with BA:LA model:native mapping
DockQ 0.935 iRMSD 0.495 LRMSD 1.029 fnat 0.917 fnonnat 0.108 F1 0.904 clashes 0 mapping BA:LA /home/junjiechen/1_work/250401-Dpepalign/Benchmark/protenix/PepSet/pred/3obq/seed_44/predictions/3obq_sample_0.cif B A -> /home/junjiechen/1_work/250401-Dpepalign/Benchmark/dataset/PepSet_dimer/3obq.pdb L A
Total DockQ over 1 native interfaces: 0.947 with BA:LA model:native mapping
DockQ 0.947 iRMSD 0.480 LRMSD 0.896 fnat 0.944 fnonnat 0.105 F1 0.919 clashes 0 mapping BA:LA /home/junjiechen/1_work/250401-Dpepalign/Benchmark/protenix/PepSet/pred/3obq/seed_43/predictions/3obq_sample_4.cif B A -> /home/junjiechen/1_work/250401-Dpepalign/Benchmark/dataset/PepSet_dimer/3obq.pdb L A
Total DockQ over 1 native interfaces: 0.913 with BA:LA model:native mapping
DockQ 0.913 iRMSD 0.578 LRMSD 1.221 fnat 0.889 fnonnat 0.111 F1 0.889 clashes 0 mapping BA:LA /home/junjiechen/1_work/250401-Dpepalign/Benchmark/protenix/PepSet/pred/3obq/seed_44/predictions/3obq_sample_2.cif B A -> /home/junjiechen/1_work/250401-Dpepalign/Benchmark/dataset/PepSet_dimer/3obq.pdb L A
Total DockQ over 1 native interfaces: 0.958 with BA:LA model:native mapping
DockQ 0.958 iRMSD 0.393 LRMSD 0.745 fnat 0.944 fnonnat 0.105 F1 0.919 clashes 0 mapping BA:LA /home/junjiechen/1_work/250401-Dpepalign/Benchmark/protenix/PepSet/pred/3obq/seed_44/predictions/3obq_sample_3.cif B A -> /home/junjiechen/1_work/250401-Dpepalign/Benchmark/dataset/PepSet_dimer/3obq.pdb L A
Total DockQ over 1 native interfaces: 0.943 with BA:LA model:native mapping
DockQ 0.943 iRMSD 0.430 LRMSD 0.912 fnat 0.917 fnonnat 0.108 F1 0.904 clashes 0 mapping BA:LA /home/junjiechen/1_work/250401-Dpepalign/Benchmark/protenix/PepSet/pred/3obq/seed_44/predictions/3obq_sample_4.cif B A -> /home/junjiechen/1_work/250401-Dpepalign/Benchmark/dataset/PepSet_dimer/3obq.pdb L A
Total DockQ over 1 native interfaces: 0.905 with BA:LA model:native mapping
DockQ 0.905 iRMSD 0.374 LRMSD 0.789 fnat 0.780 fnonnat 0.059 F1 0.853 clashes 0 mapping BA:LA /home/junjiechen/1_work/250401-Dpepalign/Benchmark/protenix/PepSet/pred/3p72/seed_42/predictions/3p72_sample_0.cif B A -> /home/junjiechen/1_work/250401-Dpepalign/Benchmark/dataset/PepSet_dimer/3p72.pdb L A
Total DockQ over 1 native interfaces: 0.946 with BA:LA model:native mapping
DockQ 0.946 iRMSD 0.370 LRMSD 0.656 fnat 0.902 fnonnat 0.051 F1 0.925 clashes 0 mapping BA:LA /home/junjiechen/1_work/250401-Dpepalign/Benchmark/protenix/PepSet/pred/3p72/seed_42/predictions/3p72_sample_1.cif B A -> /home/junjiechen/1_work/250401-Dpepalign/Benchmark/dataset/PepSet_dimer/3p72.pdb L A
Total DockQ over 1 native interfaces: 0.930 with BA:LA model:native mapping
DockQ 0.930 iRMSD 0.374 LRMSD 0.673 fnat 0.854 fnonnat 0.079 F1 0.886 clashes 0 mapping BA:LA /home/junjiechen/1_work/250401-Dpepalign/Benchmark/protenix/PepSet/pred/3p72/seed_42/predictions/3p72_sample_2.cif B A -> /home/junjiechen/1_work/250401-Dpepalign/Benchmark/dataset/PepSet_dimer/3p72.pdb L A
Total DockQ over 1 native interfaces: 0.945 with BA:LA model:native mapping
DockQ 0.945 iRMSD 0.374 LRMSD 0.741 fnat 0.902 fnonnat 0.119 F1 0.892 clashes 0 mapping BA:LA /home/junjiechen/1_work/250401-Dpepalign/Benchmark/protenix/PepSet/pred/3p72/seed_42/predictions/3p72_sample_3.cif B A -> /home/junjiechen/1_work/250401-Dpepalign/Benchmark/dataset/PepSet_dimer/3p72.pdb L A
Total DockQ over 1 native interfaces: 0.938 with BA:LA model:native mapping
DockQ 0.938 iRMSD 0.372 LRMSD 0.682 fnat 0.878 fnonnat 0.077 F1 0.900 clashes 0 mapping BA:LA /home/junjiechen/1_work/250401-Dpepalign/Benchmark/protenix/PepSet/pred/3p72/seed_42/predictions/3p72_sample_4.cif B A -> /home/junjiechen/1_work/250401-Dpepalign/Benchmark/dataset/PepSet_dimer/3p72.pdb L A
Total DockQ over 1 native interfaces: 0.939 with BA:LA model:native mapping
DockQ 0.939 iRMSD 0.362 LRMSD 0.572 fnat 0.878 fnonnat 0.077 F1 0.900 clashes 0 mapping BA:LA /home/junjiechen/1_work/250401-Dpepalign/Benchmark/protenix/PepSet/pred/3p72/seed_43/predictions/3p72_sample_3.cif B A -> /home/junjiechen/1_work/250401-Dpepalign/Benchmark/dataset/PepSet_dimer/3p72.pdb L A
Total DockQ over 1 native interfaces: 0.931 with BA:LA model:native mapping
DockQ 0.931 iRMSD 0.357 LRMSD 0.650 fnat 0.854 fnonnat 0.054 F1 0.897 clashes 0 mapping BA:LA /home/junjiechen/1_work/250401-Dpepalign/Benchmark/protenix/PepSet/pred/3p72/seed_43/predictions/3p72_sample_2.cif B A -> /home/junjiechen/1_work/250401-Dpepalign/Benchmark/dataset/PepSet_dimer/3p72.pdb L A
Total DockQ over 1 native interfaces: 0.938 with BA:LA model:native mapping
DockQ 0.938 iRMSD 0.374 LRMSD 0.648 fnat 0.878 fnonnat 0.077 F1 0.900 clashes 0 mapping BA:LA /home/junjiechen/1_work/250401-Dpepalign/Benchmark/protenix/PepSet/pred/3p72/seed_43/predictions/3p72_sample_4.cif B A -> /home/junjiechen/1_work/250401-Dpepalign/Benchmark/dataset/PepSet_dimer/3p72.pdb L A
Total DockQ over 1 native interfaces: 0.942 with BA:LA model:native mapping
DockQ 0.942 iRMSD 0.340 LRMSD 0.504 fnat 0.878 fnonnat 0.027 F1 0.923 clashes 0 mapping BA:LA /home/junjiechen/1_work/250401-Dpepalign/Benchmark/protenix/PepSet/pred/3p72/seed_43/predictions/3p72_sample_0.cif B A -> /home/junjiechen/1_work/250401-Dpepalign/Benchmark/dataset/PepSet_dimer/3p72.pdb L A
Total DockQ over 1 native interfaces: 0.344 with BA:LA model:native mapping
DockQ 0.344 iRMSD 3.020 LRMSD 8.206 fnat 0.317 fnonnat 0.675 F1 0.321 clashes 0 mapping BA:LA /home/junjiechen/1_work/250401-Dpepalign/Benchmark/protenix/PepSet/pred/3p72/seed_44/predictions/3p72_sample_0.cif B A -> /home/junjiechen/1_work/250401-Dpepalign/Benchmark/dataset/PepSet_dimer/3p72.pdb L A
Total DockQ over 1 native interfaces: 0.952 with BA:LA model:native mapping
DockQ 0.952 iRMSD 0.398 LRMSD 0.674 fnat 0.927 fnonnat 0.136 F1 0.894 clashes 0 mapping BA:LA /home/junjiechen/1_work/250401-Dpepalign/Benchmark/protenix/PepSet/pred/3p72/seed_43/predictions/3p72_sample_1.cif B A -> /home/junjiechen/1_work/250401-Dpepalign/Benchmark/dataset/PepSet_dimer/3p72.pdb L A
Total DockQ over 1 native interfaces: 0.339 with BA:LA model:native mapping
DockQ 0.339 iRMSD 2.992 LRMSD 8.098 fnat 0.293 fnonnat 0.684 F1 0.304 clashes 1 mapping BA:LA /home/junjiechen/1_work/250401-Dpepalign/Benchmark/protenix/PepSet/pred/3p72/seed_44/predictions/3p72_sample_1.cif B A -> /home/junjiechen/1_work/250401-Dpepalign/Benchmark/dataset/PepSet_dimer/3p72.pdb L A
Total DockQ over 1 native interfaces: 0.343 with BA:LA model:native mapping
DockQ 0.343 iRMSD 3.018 LRMSD 8.244 fnat 0.317 fnonnat 0.683 F1 0.317 clashes 0 mapping BA:LA /home/junjiechen/1_work/250401-Dpepalign/Benchmark/protenix/PepSet/pred/3p72/seed_44/predictions/3p72_sample_2.cif B A -> /home/junjiechen/1_work/250401-Dpepalign/Benchmark/dataset/PepSet_dimer/3p72.pdb L A
Total DockQ over 1 native interfaces: 0.343 with BA:LA model:native mapping
DockQ 0.343 iRMSD 3.019 LRMSD 8.290 fnat 0.317 fnonnat 0.649 F1 0.333 clashes 0 mapping BA:LA /home/junjiechen/1_work/250401-Dpepalign/Benchmark/protenix/PepSet/pred/3p72/seed_44/predictions/3p72_sample_3.cif B A -> /home/junjiechen/1_work/250401-Dpepalign/Benchmark/dataset/PepSet_dimer/3p72.pdb L A
Total DockQ over 1 native interfaces: 0.336 with BA:LA model:native mapping
DockQ 0.336 iRMSD 3.009 LRMSD 8.224 fnat 0.293 fnonnat 0.714 F1 0.289 clashes 1 mapping BA:LA /home/junjiechen/1_work/250401-Dpepalign/Benchmark/protenix/PepSet/pred/3p72/seed_44/predictions/3p72_sample_4.cif B A -> /home/junjiechen/1_work/250401-Dpepalign/Benchmark/dataset/PepSet_dimer/3p72.pdb L A
Total DockQ over 1 native interfaces: 0.103 with BA:LA model:native mapping
DockQ 0.103 iRMSD 7.343 LRMSD 23.407 fnat 0.154 fnonnat 0.901 F1 0.120 clashes 3 mapping BA:LA /home/junjiechen/1_work/250401-Dpepalign/Benchmark/protenix/PepSet/pred/3pe4/seed_42/predictions/3pe4_sample_3.cif B A -> /home/junjiechen/1_work/250401-Dpepalign/Benchmark/dataset/PepSet_dimer/3pe4.pdb L A
Total DockQ over 1 native interfaces: 0.095 with BA:LA model:native mapping
DockQ 0.095 iRMSD 7.014 LRMSD 22.488 fnat 0.115 fnonnat 0.915 F1 0.098 clashes 1 mapping BA:LA /home/junjiechen/1_work/250401-Dpepalign/Benchmark/protenix/PepSet/pred/3pe4/seed_43/predictions/3pe4_sample_1.cif B A -> /home/junjiechen/1_work/250401-Dpepalign/Benchmark/dataset/PepSet_dimer/3pe4.pdb L A
Total DockQ over 1 native interfaces: 0.097 with BA:LA model:native mapping
DockQ 0.097 iRMSD 6.883 LRMSD 22.032 fnat 0.115 fnonnat 0.920 F1 0.094 clashes 1 mapping BA:LA /home/junjiechen/1_work/250401-Dpepalign/Benchmark/protenix/PepSet/pred/3pe4/seed_42/predictions/3pe4_sample_1.cif B A -> /home/junjiechen/1_work/250401-Dpepalign/Benchmark/dataset/PepSet_dimer/3pe4.pdb L A
Total DockQ over 1 native interfaces: 0.092 with BA:LA model:native mapping
DockQ 0.092 iRMSD 7.212 LRMSD 23.054 fnat 0.115 fnonnat 0.920 F1 0.094 clashes 2 mapping BA:LA /home/junjiechen/1_work/250401-Dpepalign/Benchmark/protenix/PepSet/pred/3pe4/seed_43/predictions/3pe4_sample_0.cif B A -> /home/junjiechen/1_work/250401-Dpepalign/Benchmark/dataset/PepSet_dimer/3pe4.pdb L A
Total DockQ over 1 native interfaces: 0.099 with BA:LA model:native mapping
DockQ 0.099 iRMSD 7.165 LRMSD 22.815 fnat 0.135 fnonnat 0.907 F1 0.110 clashes 1 mapping BA:LA /home/junjiechen/1_work/250401-Dpepalign/Benchmark/protenix/PepSet/pred/3pe4/seed_42/predictions/3pe4_sample_0.cif B A -> /home/junjiechen/1_work/250401-Dpepalign/Benchmark/dataset/PepSet_dimer/3pe4.pdb L A
Total DockQ over 1 native interfaces: 0.095 with BA:LA model:native mapping
DockQ 0.095 iRMSD 7.010 LRMSD 22.537 fnat 0.115 fnonnat 0.915 F1 0.098 clashes 0 mapping BA:LA /home/junjiechen/1_work/250401-Dpepalign/Benchmark/protenix/PepSet/pred/3pe4/seed_42/predictions/3pe4_sample_2.cif B A -> /home/junjiechen/1_work/250401-Dpepalign/Benchmark/dataset/PepSet_dimer/3pe4.pdb L A
Total DockQ over 1 native interfaces: 0.100 with BA:LA model:native mapping
DockQ 0.100 iRMSD 7.088 LRMSD 22.711 fnat 0.135 fnonnat 0.924 F1 0.097 clashes 1 mapping BA:LA /home/junjiechen/1_work/250401-Dpepalign/Benchmark/protenix/PepSet/pred/3pe4/seed_42/predictions/3pe4_sample_4.cif B A -> /home/junjiechen/1_work/250401-Dpepalign/Benchmark/dataset/PepSet_dimer/3pe4.pdb L A
Total DockQ over 1 native interfaces: 0.239 with BA:LA model:native mapping
DockQ 0.239 iRMSD 3.350 LRMSD 10.501 fnat 0.154 fnonnat 0.895 F1 0.125 clashes 1 mapping BA:LA /home/junjiechen/1_work/250401-Dpepalign/Benchmark/protenix/PepSet/pred/3pe4/seed_43/predictions/3pe4_sample_2.cif B A -> /home/junjiechen/1_work/250401-Dpepalign/Benchmark/dataset/PepSet_dimer/3pe4.pdb L A
Total DockQ over 1 native interfaces: 0.275 with BA:LA model:native mapping
DockQ 0.275 iRMSD 3.026 LRMSD 9.314 fnat 0.173 fnonnat 0.877 F1 0.144 clashes 2 mapping BA:LA /home/junjiechen/1_work/250401-Dpepalign/Benchmark/protenix/PepSet/pred/3pe4/seed_43/predictions/3pe4_sample_3.cif B A -> /home/junjiechen/1_work/250401-Dpepalign/Benchmark/dataset/PepSet_dimer/3pe4.pdb L A
Total DockQ over 1 native interfaces: 0.203 with BA:LA model:native mapping
DockQ 0.203 iRMSD 3.313 LRMSD 10.423 fnat 0.038 fnonnat 0.968 F1 0.035 clashes 1 mapping BA:LA /home/junjiechen/1_work/250401-Dpepalign/Benchmark/protenix/PepSet/pred/3pe4/seed_43/predictions/3pe4_sample_4.cif B A -> /home/junjiechen/1_work/250401-Dpepalign/Benchmark/dataset/PepSet_dimer/3pe4.pdb L A
Total DockQ over 1 native interfaces: 0.993 with BA:LA model:native mapping
DockQ 0.993 iRMSD 0.216 LRMSD 0.339 fnat 1.000 fnonnat 0.147 F1 0.921 clashes 0 mapping BA:LA /home/junjiechen/1_work/250401-Dpepalign/Benchmark/protenix/PepSet/pred/3plu/seed_42/predictions/3plu_sample_0.cif B A -> /home/junjiechen/1_work/250401-Dpepalign/Benchmark/dataset/PepSet_dimer/3plu.pdb L A
Total DockQ over 1 native interfaces: 0.982 with BA:LA model:native mapping
DockQ 0.982 iRMSD 0.205 LRMSD 0.279 fnat 0.966 fnonnat 0.097 F1 0.933 clashes 0 mapping BA:LA /home/junjiechen/1_work/250401-Dpepalign/Benchmark/protenix/PepSet/pred/3plu/seed_42/predictions/3plu_sample_2.cif B A -> /home/junjiechen/1_work/250401-Dpepalign/Benchmark/dataset/PepSet_dimer/3plu.pdb L A
Total DockQ over 1 native interfaces: 0.989 with BA:LA model:native mapping
DockQ 0.989 iRMSD 0.265 LRMSD 0.421 fnat 1.000 fnonnat 0.121 F1 0.935 clashes 0 mapping BA:LA /home/junjiechen/1_work/250401-Dpepalign/Benchmark/protenix/PepSet/pred/3plu/seed_42/predictions/3plu_sample_1.cif B A -> /home/junjiechen/1_work/250401-Dpepalign/Benchmark/dataset/PepSet_dimer/3plu.pdb L A
Total DockQ over 1 native interfaces: 0.091 with BA:LA model:native mapping
DockQ 0.091 iRMSD 6.837 LRMSD 21.917 fnat 0.096 fnonnat 0.940 F1 0.074 clashes 1 mapping BA:LA /home/junjiechen/1_work/250401-Dpepalign/Benchmark/protenix/PepSet/pred/3pe4/seed_44/predictions/3pe4_sample_2.cif B A -> /home/junjiechen/1_work/250401-Dpepalign/Benchmark/dataset/PepSet_dimer/3pe4.pdb L A
Total DockQ over 1 native interfaces: 0.982 with BA:LA model:native mapping
DockQ 0.982 iRMSD 0.212 LRMSD 0.321 fnat 0.966 fnonnat 0.097 F1 0.933 clashes 0 mapping BA:LA /home/junjiechen/1_work/250401-Dpepalign/Benchmark/protenix/PepSet/pred/3plu/seed_42/predictions/3plu_sample_3.cif B A -> /home/junjiechen/1_work/250401-Dpepalign/Benchmark/dataset/PepSet_dimer/3plu.pdb L A
Total DockQ over 1 native interfaces: 0.094 with BA:LA model:native mapping
DockQ 0.094 iRMSD 7.049 LRMSD 22.560 fnat 0.115 fnonnat 0.920 F1 0.094 clashes 0 mapping BA:LA /home/junjiechen/1_work/250401-Dpepalign/Benchmark/protenix/PepSet/pred/3pe4/seed_44/predictions/3pe4_sample_0.cif B A -> /home/junjiechen/1_work/250401-Dpepalign/Benchmark/dataset/PepSet_dimer/3pe4.pdb L A
Total DockQ over 1 native interfaces: 0.064 with BA:LA model:native mapping
DockQ 0.064 iRMSD 6.470 LRMSD 20.965 fnat 0.000 fnonnat 1.000 F1 0.000 clashes 1 mapping BA:LA /home/junjiechen/1_work/250401-Dpepalign/Benchmark/protenix/PepSet/pred/3pe4/seed_44/predictions/3pe4_sample_4.cif B A -> /home/junjiechen/1_work/250401-Dpepalign/Benchmark/dataset/PepSet_dimer/3pe4.pdb L A
Total DockQ over 1 native interfaces: 0.981 with BA:LA model:native mapping
DockQ 0.981 iRMSD 0.220 LRMSD 0.394 fnat 0.966 fnonnat 0.125 F1 0.918 clashes 0 mapping BA:LA /home/junjiechen/1_work/250401-Dpepalign/Benchmark/protenix/PepSet/pred/3plu/seed_42/predictions/3plu_sample_4.cif B A -> /home/junjiechen/1_work/250401-Dpepalign/Benchmark/dataset/PepSet_dimer/3plu.pdb L A
Total DockQ over 1 native interfaces: 0.093 with BA:LA model:native mapping
DockQ 0.093 iRMSD 7.139 LRMSD 22.761 fnat 0.115 fnonnat 0.926 F1 0.090 clashes 1 mapping BA:LA /home/junjiechen/1_work/250401-Dpepalign/Benchmark/protenix/PepSet/pred/3pe4/seed_44/predictions/3pe4_sample_1.cif B A -> /home/junjiechen/1_work/250401-Dpepalign/Benchmark/dataset/PepSet_dimer/3pe4.pdb L A
Total DockQ over 1 native interfaces: 0.099 with BA:LA model:native mapping
DockQ 0.099 iRMSD 7.180 LRMSD 22.814 fnat 0.135 fnonnat 0.925 F1 0.097 clashes 2 mapping BA:LA /home/junjiechen/1_work/250401-Dpepalign/Benchmark/protenix/PepSet/pred/3pe4/seed_44/predictions/3pe4_sample_3.cif B A -> /home/junjiechen/1_work/250401-Dpepalign/Benchmark/dataset/PepSet_dimer/3pe4.pdb L A
Total DockQ over 1 native interfaces: 0.982 with BA:LA model:native mapping
DockQ 0.982 iRMSD 0.212 LRMSD 0.301 fnat 0.966 fnonnat 0.097 F1 0.933 clashes 0 mapping BA:LA /home/junjiechen/1_work/250401-Dpepalign/Benchmark/protenix/PepSet/pred/3plu/seed_43/predictions/3plu_sample_0.cif B A -> /home/junjiechen/1_work/250401-Dpepalign/Benchmark/dataset/PepSet_dimer/3plu.pdb L A
Total DockQ over 1 native interfaces: 0.981 with BA:LA model:native mapping
DockQ 0.981 iRMSD 0.217 LRMSD 0.279 fnat 0.966 fnonnat 0.097 F1 0.933 clashes 0 mapping BA:LA /home/junjiechen/1_work/250401-Dpepalign/Benchmark/protenix/PepSet/pred/3plu/seed_43/predictions/3plu_sample_2.cif B A -> /home/junjiechen/1_work/250401-Dpepalign/Benchmark/dataset/PepSet_dimer/3plu.pdb L A
Total DockQ over 1 native interfaces: 0.982 with BA:LA model:native mapping
DockQ 0.982 iRMSD 0.204 LRMSD 0.291 fnat 0.966 fnonnat 0.097 F1 0.933 clashes 0 mapping BA:LA /home/junjiechen/1_work/250401-Dpepalign/Benchmark/protenix/PepSet/pred/3plu/seed_43/predictions/3plu_sample_1.cif B A -> /home/junjiechen/1_work/250401-Dpepalign/Benchmark/dataset/PepSet_dimer/3plu.pdb L A
Total DockQ over 1 native interfaces: 0.976 with BA:LA model:native mapping
DockQ 0.976 iRMSD 0.279 LRMSD 0.449 fnat 0.966 fnonnat 0.067 F1 0.949 clashes 0 mapping BA:LA /home/junjiechen/1_work/250401-Dpepalign/Benchmark/protenix/PepSet/pred/3plu/seed_43/predictions/3plu_sample_4.cif B A -> /home/junjiechen/1_work/250401-Dpepalign/Benchmark/dataset/PepSet_dimer/3plu.pdb L A
Total DockQ over 1 native interfaces: 0.977 with BA:LA model:native mapping
DockQ 0.977 iRMSD 0.268 LRMSD 0.491 fnat 0.966 fnonnat 0.125 F1 0.918 clashes 0 mapping BA:LA /home/junjiechen/1_work/250401-Dpepalign/Benchmark/protenix/PepSet/pred/3plu/seed_43/predictions/3plu_sample_3.cif B A -> /home/junjiechen/1_work/250401-Dpepalign/Benchmark/dataset/PepSet_dimer/3plu.pdb L A
Total DockQ over 1 native interfaces: 0.980 with BA:LA model:native mapping
DockQ 0.980 iRMSD 0.228 LRMSD 0.329 fnat 0.966 fnonnat 0.097 F1 0.933 clashes 0 mapping BA:LA /home/junjiechen/1_work/250401-Dpepalign/Benchmark/protenix/PepSet/pred/3plu/seed_44/predictions/3plu_sample_3.cif B A -> /home/junjiechen/1_work/250401-Dpepalign/Benchmark/dataset/PepSet_dimer/3plu.pdb L A
Total DockQ over 1 native interfaces: 0.976 with BA:LA model:native mapping
DockQ 0.976 iRMSD 0.285 LRMSD 0.430 fnat 0.966 fnonnat 0.000 F1 0.982 clashes 0 mapping BA:LA /home/junjiechen/1_work/250401-Dpepalign/Benchmark/protenix/PepSet/pred/3plu/seed_44/predictions/3plu_sample_1.cif B A -> /home/junjiechen/1_work/250401-Dpepalign/Benchmark/dataset/PepSet_dimer/3plu.pdb L A
Total DockQ over 1 native interfaces: 0.980 with BA:LA model:native mapping
DockQ 0.980 iRMSD 0.229 LRMSD 0.347 fnat 0.966 fnonnat 0.097 F1 0.933 clashes 0 mapping BA:LA /home/junjiechen/1_work/250401-Dpepalign/Benchmark/protenix/PepSet/pred/3plu/seed_44/predictions/3plu_sample_0.cif B A -> /home/junjiechen/1_work/250401-Dpepalign/Benchmark/dataset/PepSet_dimer/3plu.pdb L A
Total DockQ over 1 native interfaces: 0.982 with BA:LA model:native mapping
DockQ 0.982 iRMSD 0.203 LRMSD 0.278 fnat 0.966 fnonnat 0.097 F1 0.933 clashes 1 mapping BA:LA /home/junjiechen/1_work/250401-Dpepalign/Benchmark/protenix/PepSet/pred/3plu/seed_44/predictions/3plu_sample_4.cif B A -> /home/junjiechen/1_work/250401-Dpepalign/Benchmark/dataset/PepSet_dimer/3plu.pdb L A
Total DockQ over 1 native interfaces: 0.607 with BA:LA model:native mapping
DockQ 0.607 iRMSD 1.554 LRMSD 4.139 fnat 0.531 fnonnat 0.370 F1 0.576 clashes 0 mapping BA:LA /home/junjiechen/1_work/250401-Dpepalign/Benchmark/protenix/PepSet/pred/3r42/seed_42/predictions/3r42_sample_0.cif B A -> /home/junjiechen/1_work/250401-Dpepalign/Benchmark/dataset/PepSet_dimer/3r42.pdb L A
Total DockQ over 1 native interfaces: 0.981 with BA:LA model:native mapping
DockQ 0.981 iRMSD 0.224 LRMSD 0.300 fnat 0.966 fnonnat 0.097 F1 0.933 clashes 0 mapping BA:LA /home/junjiechen/1_work/250401-Dpepalign/Benchmark/protenix/PepSet/pred/3plu/seed_44/predictions/3plu_sample_2.cif B A -> /home/junjiechen/1_work/250401-Dpepalign/Benchmark/dataset/PepSet_dimer/3plu.pdb L A
Total DockQ over 1 native interfaces: 0.626 with BA:LA model:native mapping
DockQ 0.626 iRMSD 1.482 LRMSD 3.718 fnat 0.531 fnonnat 0.320 F1 0.596 clashes 0 mapping BA:LA /home/junjiechen/1_work/250401-Dpepalign/Benchmark/protenix/PepSet/pred/3r42/seed_42/predictions/3r42_sample_2.cif B A -> /home/junjiechen/1_work/250401-Dpepalign/Benchmark/dataset/PepSet_dimer/3r42.pdb L A
Total DockQ over 1 native interfaces: 0.616 with BA:LA model:native mapping
DockQ 0.616 iRMSD 1.538 LRMSD 3.841 fnat 0.531 fnonnat 0.320 F1 0.596 clashes 0 mapping BA:LA /home/junjiechen/1_work/250401-Dpepalign/Benchmark/protenix/PepSet/pred/3r42/seed_42/predictions/3r42_sample_1.cif B A -> /home/junjiechen/1_work/250401-Dpepalign/Benchmark/dataset/PepSet_dimer/3r42.pdb L A
Total DockQ over 1 native interfaces: 0.626 with BA:LA model:native mapping
DockQ 0.626 iRMSD 1.505 LRMSD 3.580 fnat 0.531 fnonnat 0.370 F1 0.576 clashes 0 mapping BA:LA /home/junjiechen/1_work/250401-Dpepalign/Benchmark/protenix/PepSet/pred/3r42/seed_42/predictions/3r42_sample_3.cif B A -> /home/junjiechen/1_work/250401-Dpepalign/Benchmark/dataset/PepSet_dimer/3r42.pdb L A
Total DockQ over 1 native interfaces: 0.644 with BA:LA model:native mapping
DockQ 0.644 iRMSD 1.450 LRMSD 3.518 fnat 0.562 fnonnat 0.357 F1 0.600 clashes 0 mapping BA:LA /home/junjiechen/1_work/250401-Dpepalign/Benchmark/protenix/PepSet/pred/3r42/seed_42/predictions/3r42_sample_4.cif B A -> /home/junjiechen/1_work/250401-Dpepalign/Benchmark/dataset/PepSet_dimer/3r42.pdb L A
Total DockQ over 1 native interfaces: 0.628 with BA:LA model:native mapping
DockQ 0.628 iRMSD 1.521 LRMSD 3.868 fnat 0.562 fnonnat 0.357 F1 0.600 clashes 0 mapping BA:LA /home/junjiechen/1_work/250401-Dpepalign/Benchmark/protenix/PepSet/pred/3r42/seed_43/predictions/3r42_sample_1.cif B A -> /home/junjiechen/1_work/250401-Dpepalign/Benchmark/dataset/PepSet_dimer/3r42.pdb L A
Total DockQ over 1 native interfaces: 0.637 with BA:LA model:native mapping
DockQ 0.637 iRMSD 1.465 LRMSD 3.763 fnat 0.562 fnonnat 0.357 F1 0.600 clashes 0 mapping BA:LA /home/junjiechen/1_work/250401-Dpepalign/Benchmark/protenix/PepSet/pred/3r42/seed_43/predictions/3r42_sample_2.cif B A -> /home/junjiechen/1_work/250401-Dpepalign/Benchmark/dataset/PepSet_dimer/3r42.pdb L A
Total DockQ over 1 native interfaces: 0.633 with BA:LA model:native mapping
DockQ 0.633 iRMSD 1.510 LRMSD 3.728 fnat 0.562 fnonnat 0.280 F1 0.632 clashes 0 mapping BA:LA /home/junjiechen/1_work/250401-Dpepalign/Benchmark/protenix/PepSet/pred/3r42/seed_43/predictions/3r42_sample_3.cif B A -> /home/junjiechen/1_work/250401-Dpepalign/Benchmark/dataset/PepSet_dimer/3r42.pdb L A
Total DockQ over 1 native interfaces: 0.652 with BA:LA model:native mapping
DockQ 0.652 iRMSD 1.395 LRMSD 3.448 fnat 0.562 fnonnat 0.357 F1 0.600 clashes 0 mapping BA:LA /home/junjiechen/1_work/250401-Dpepalign/Benchmark/protenix/PepSet/pred/3r42/seed_43/predictions/3r42_sample_4.cif B A -> /home/junjiechen/1_work/250401-Dpepalign/Benchmark/dataset/PepSet_dimer/3r42.pdb L A
Total DockQ over 1 native interfaces: 0.635 with BA:LA model:native mapping
DockQ 0.635 iRMSD 1.439 LRMSD 3.524 fnat 0.531 fnonnat 0.320 F1 0.596 clashes 0 mapping BA:LA /home/junjiechen/1_work/250401-Dpepalign/Benchmark/protenix/PepSet/pred/3r42/seed_43/predictions/3r42_sample_0.cif B A -> /home/junjiechen/1_work/250401-Dpepalign/Benchmark/dataset/PepSet_dimer/3r42.pdb L A
Total DockQ over 1 native interfaces: 0.654 with BA:LA model:native mapping
DockQ 0.654 iRMSD 1.366 LRMSD 3.530 fnat 0.562 fnonnat 0.308 F1 0.621 clashes 0 mapping BA:LA /home/junjiechen/1_work/250401-Dpepalign/Benchmark/protenix/PepSet/pred/3r42/seed_44/predictions/3r42_sample_0.cif B A -> /home/junjiechen/1_work/250401-Dpepalign/Benchmark/dataset/PepSet_dimer/3r42.pdb L A
Total DockQ over 1 native interfaces: 0.614 with BA:LA model:native mapping
DockQ 0.614 iRMSD 1.544 LRMSD 3.919 fnat 0.531 fnonnat 0.320 F1 0.596 clashes 0 mapping BA:LA /home/junjiechen/1_work/250401-Dpepalign/Benchmark/protenix/PepSet/pred/3r42/seed_44/predictions/3r42_sample_1.cif B A -> /home/junjiechen/1_work/250401-Dpepalign/Benchmark/dataset/PepSet_dimer/3r42.pdb L A
Total DockQ over 1 native interfaces: 0.617 with BA:LA model:native mapping
DockQ 0.617 iRMSD 1.512 LRMSD 3.948 fnat 0.531 fnonnat 0.320 F1 0.596 clashes 0 mapping BA:LA /home/junjiechen/1_work/250401-Dpepalign/Benchmark/protenix/PepSet/pred/3r42/seed_44/predictions/3r42_sample_2.cif B A -> /home/junjiechen/1_work/250401-Dpepalign/Benchmark/dataset/PepSet_dimer/3r42.pdb L A
Total DockQ over 1 native interfaces: 0.650 with BA:LA model:native mapping
DockQ 0.650 iRMSD 1.390 LRMSD 3.570 fnat 0.562 fnonnat 0.308 F1 0.621 clashes 0 mapping BA:LA /home/junjiechen/1_work/250401-Dpepalign/Benchmark/protenix/PepSet/pred/3r42/seed_44/predictions/3r42_sample_3.cif B A -> /home/junjiechen/1_work/250401-Dpepalign/Benchmark/dataset/PepSet_dimer/3r42.pdb L A
Total DockQ over 1 native interfaces: 0.605 with BA:LA model:native mapping
DockQ 0.605 iRMSD 1.643 LRMSD 4.262 fnat 0.562 fnonnat 0.280 F1 0.632 clashes 0 mapping BA:LA /home/junjiechen/1_work/250401-Dpepalign/Benchmark/protenix/PepSet/pred/3r42/seed_44/predictions/3r42_sample_4.cif B A -> /home/junjiechen/1_work/250401-Dpepalign/Benchmark/dataset/PepSet_dimer/3r42.pdb L A
Total DockQ over 1 native interfaces: 0.542 with BA:LA model:native mapping
DockQ 0.542 iRMSD 2.330 LRMSD 6.620 fnat 0.711 fnonnat 0.385 F1 0.660 clashes 1 mapping BA:LA /home/junjiechen/1_work/250401-Dpepalign/Benchmark/protenix/PepSet/pred/3s9c/seed_42/predictions/3s9c_sample_0.cif B A -> /home/junjiechen/1_work/250401-Dpepalign/Benchmark/dataset/PepSet_dimer/3s9c.pdb L A
Total DockQ over 1 native interfaces: 0.537 with BA:LA model:native mapping
DockQ 0.537 iRMSD 2.395 LRMSD 6.666 fnat 0.711 fnonnat 0.396 F1 0.653 clashes 1 mapping BA:LA /home/junjiechen/1_work/250401-Dpepalign/Benchmark/protenix/PepSet/pred/3s9c/seed_42/predictions/3s9c_sample_2.cif B A -> /home/junjiechen/1_work/250401-Dpepalign/Benchmark/dataset/PepSet_dimer/3s9c.pdb L A
Total DockQ over 1 native interfaces: 0.579 with BA:LA model:native mapping
DockQ 0.579 iRMSD 2.023 LRMSD 6.252 fnat 0.733 fnonnat 0.377 F1 0.673 clashes 1 mapping BA:LA /home/junjiechen/1_work/250401-Dpepalign/Benchmark/protenix/PepSet/pred/3s9c/seed_42/predictions/3s9c_sample_1.cif B A -> /home/junjiechen/1_work/250401-Dpepalign/Benchmark/dataset/PepSet_dimer/3s9c.pdb L A
Total DockQ over 1 native interfaces: 0.561 with BA:LA model:native mapping
DockQ 0.561 iRMSD 1.934 LRMSD 6.364 fnat 0.667 fnonnat 0.375 F1 0.645 clashes 1 mapping BA:LA /home/junjiechen/1_work/250401-Dpepalign/Benchmark/protenix/PepSet/pred/3s9c/seed_42/predictions/3s9c_sample_3.cif B A -> /home/junjiechen/1_work/250401-Dpepalign/Benchmark/dataset/PepSet_dimer/3s9c.pdb L A
Total DockQ over 1 native interfaces: 0.576 with BA:LA model:native mapping
DockQ 0.576 iRMSD 2.025 LRMSD 6.378 fnat 0.733 fnonnat 0.353 F1 0.688 clashes 1 mapping BA:LA /home/junjiechen/1_work/250401-Dpepalign/Benchmark/protenix/PepSet/pred/3s9c/seed_42/predictions/3s9c_sample_4.cif B A -> /home/junjiechen/1_work/250401-Dpepalign/Benchmark/dataset/PepSet_dimer/3s9c.pdb L A
Total DockQ over 1 native interfaces: 0.545 with BA:LA model:native mapping
DockQ 0.545 iRMSD 2.432 LRMSD 6.573 fnat 0.733 fnonnat 0.365 F1 0.680 clashes 1 mapping BA:LA /home/junjiechen/1_work/250401-Dpepalign/Benchmark/protenix/PepSet/pred/3s9c/seed_43/predictions/3s9c_sample_0.cif B A -> /home/junjiechen/1_work/250401-Dpepalign/Benchmark/dataset/PepSet_dimer/3s9c.pdb L A
Total DockQ over 1 native interfaces: 0.577 with BA:LA model:native mapping
DockQ 0.577 iRMSD 2.194 LRMSD 5.824 fnat 0.733 fnonnat 0.377 F1 0.673 clashes 1 mapping BA:LA /home/junjiechen/1_work/250401-Dpepalign/Benchmark/protenix/PepSet/pred/3s9c/seed_43/predictions/3s9c_sample_2.cif B A -> /home/junjiechen/1_work/250401-Dpepalign/Benchmark/dataset/PepSet_dimer/3s9c.pdb L A
Total DockQ over 1 native interfaces: 0.580 with BA:LA model:native mapping
DockQ 0.580 iRMSD 2.340 LRMSD 5.965 fnat 0.778 fnonnat 0.375 F1 0.693 clashes 2 mapping BA:LA /home/junjiechen/1_work/250401-Dpepalign/Benchmark/protenix/PepSet/pred/3s9c/seed_43/predictions/3s9c_sample_1.cif B A -> /home/junjiechen/1_work/250401-Dpepalign/Benchmark/dataset/PepSet_dimer/3s9c.pdb L A
Total DockQ over 1 native interfaces: 0.523 with BA:LA model:native mapping
DockQ 0.523 iRMSD 2.588 LRMSD 6.547 fnat 0.689 fnonnat 0.340 F1 0.674 clashes 1 mapping BA:LA /home/junjiechen/1_work/250401-Dpepalign/Benchmark/protenix/PepSet/pred/3s9c/seed_43/predictions/3s9c_sample_3.cif B A -> /home/junjiechen/1_work/250401-Dpepalign/Benchmark/dataset/PepSet_dimer/3s9c.pdb L A
Total DockQ over 1 native interfaces: 0.546 with BA:LA model:native mapping
DockQ 0.546 iRMSD 2.459 LRMSD 6.463 fnat 0.733 fnonnat 0.377 F1 0.673 clashes 0 mapping BA:LA /home/junjiechen/1_work/250401-Dpepalign/Benchmark/protenix/PepSet/pred/3s9c/seed_43/predictions/3s9c_sample_4.cif B A -> /home/junjiechen/1_work/250401-Dpepalign/Benchmark/dataset/PepSet_dimer/3s9c.pdb L A
Total DockQ over 1 native interfaces: 0.525 with BA:LA model:native mapping
DockQ 0.525 iRMSD 2.640 LRMSD 6.991 fnat 0.733 fnonnat 0.377 F1 0.673 clashes 1 mapping BA:LA /home/junjiechen/1_work/250401-Dpepalign/Benchmark/protenix/PepSet/pred/3s9c/seed_44/predictions/3s9c_sample_0.cif B A -> /home/junjiechen/1_work/250401-Dpepalign/Benchmark/dataset/PepSet_dimer/3s9c.pdb L A
Total DockQ over 1 native interfaces: 0.985 with BA:LA model:native mapping
DockQ 0.985 iRMSD 0.297 LRMSD 0.645 fnat 1.000 fnonnat 0.031 F1 0.984 clashes 0 mapping BA:LA /home/junjiechen/1_work/250401-Dpepalign/Benchmark/protenix/PepSet/pred/3shb/seed_42/predictions/3shb_sample_0.cif B A -> /home/junjiechen/1_work/250401-Dpepalign/Benchmark/dataset/PepSet_dimer/3shb.pdb L A
Total DockQ over 1 native interfaces: 0.596 with BA:LA model:native mapping
DockQ 0.596 iRMSD 1.833 LRMSD 6.186 fnat 0.733 fnonnat 0.377 F1 0.673 clashes 1 mapping BA:LA /home/junjiechen/1_work/250401-Dpepalign/Benchmark/protenix/PepSet/pred/3s9c/seed_44/predictions/3s9c_sample_4.cif B A -> /home/junjiechen/1_work/250401-Dpepalign/Benchmark/dataset/PepSet_dimer/3s9c.pdb L A
Total DockQ over 1 native interfaces: 0.588 with BA:LA model:native mapping
DockQ 0.588 iRMSD 2.015 LRMSD 6.515 fnat 0.778 fnonnat 0.386 F1 0.686 clashes 1 mapping BA:LA /home/junjiechen/1_work/250401-Dpepalign/Benchmark/protenix/PepSet/pred/3s9c/seed_44/predictions/3s9c_sample_1.cif B A -> /home/junjiechen/1_work/250401-Dpepalign/Benchmark/dataset/PepSet_dimer/3s9c.pdb L A
Total DockQ over 1 native interfaces: 0.578 with BA:LA model:native mapping
DockQ 0.578 iRMSD 1.987 LRMSD 6.406 fnat 0.733 fnonnat 0.365 F1 0.680 clashes 1 mapping BA:LA /home/junjiechen/1_work/250401-Dpepalign/Benchmark/protenix/PepSet/pred/3s9c/seed_44/predictions/3s9c_sample_2.cif B A -> /home/junjiechen/1_work/250401-Dpepalign/Benchmark/dataset/PepSet_dimer/3s9c.pdb L A
Total DockQ over 1 native interfaces: 0.586 with BA:LA model:native mapping
DockQ 0.586 iRMSD 1.964 LRMSD 5.863 fnat 0.711 fnonnat 0.373 F1 0.667 clashes 1 mapping BA:LA /home/junjiechen/1_work/250401-Dpepalign/Benchmark/protenix/PepSet/pred/3s9c/seed_44/predictions/3s9c_sample_3.cif B A -> /home/junjiechen/1_work/250401-Dpepalign/Benchmark/dataset/PepSet_dimer/3s9c.pdb L A
Total DockQ over 1 native interfaces: 0.984 with BA:LA model:native mapping
DockQ 0.984 iRMSD 0.314 LRMSD 0.656 fnat 1.000 fnonnat 0.031 F1 0.984 clashes 0 mapping BA:LA /home/junjiechen/1_work/250401-Dpepalign/Benchmark/protenix/PepSet/pred/3shb/seed_42/predictions/3shb_sample_1.cif B A -> /home/junjiechen/1_work/250401-Dpepalign/Benchmark/dataset/PepSet_dimer/3shb.pdb L A
Total DockQ over 1 native interfaces: 0.986 with BA:LA model:native mapping
DockQ 0.986 iRMSD 0.295 LRMSD 0.669 fnat 1.000 fnonnat 0.031 F1 0.984 clashes 0 mapping BA:LA /home/junjiechen/1_work/250401-Dpepalign/Benchmark/protenix/PepSet/pred/3shb/seed_42/predictions/3shb_sample_2.cif B A -> /home/junjiechen/1_work/250401-Dpepalign/Benchmark/dataset/PepSet_dimer/3shb.pdb L A
Total DockQ over 1 native interfaces: 0.972 with BA:LA model:native mapping
DockQ 0.972 iRMSD 0.416 LRMSD 0.945 fnat 1.000 fnonnat 0.031 F1 0.984 clashes 0 mapping BA:LA /home/junjiechen/1_work/250401-Dpepalign/Benchmark/protenix/PepSet/pred/3shb/seed_42/predictions/3shb_sample_3.cif B A -> /home/junjiechen/1_work/250401-Dpepalign/Benchmark/dataset/PepSet_dimer/3shb.pdb L A
Total DockQ over 1 native interfaces: 0.968 with BA:LA model:native mapping
DockQ 0.968 iRMSD 0.454 LRMSD 0.995 fnat 1.000 fnonnat 0.031 F1 0.984 clashes 0 mapping BA:LA /home/junjiechen/1_work/250401-Dpepalign/Benchmark/protenix/PepSet/pred/3shb/seed_42/predictions/3shb_sample_4.cif B A -> /home/junjiechen/1_work/250401-Dpepalign/Benchmark/dataset/PepSet_dimer/3shb.pdb L A
Total DockQ over 1 native interfaces: 0.986 with BA:LA model:native mapping
DockQ 0.986 iRMSD 0.297 LRMSD 0.553 fnat 1.000 fnonnat 0.031 F1 0.984 clashes 0 mapping BA:LA /home/junjiechen/1_work/250401-Dpepalign/Benchmark/protenix/PepSet/pred/3shb/seed_43/predictions/3shb_sample_0.cif B A -> /home/junjiechen/1_work/250401-Dpepalign/Benchmark/dataset/PepSet_dimer/3shb.pdb L A
Total DockQ over 1 native interfaces: 0.986 with BA:LA model:native mapping
DockQ 0.986 iRMSD 0.296 LRMSD 0.585 fnat 1.000 fnonnat 0.031 F1 0.984 clashes 0 mapping BA:LA /home/junjiechen/1_work/250401-Dpepalign/Benchmark/protenix/PepSet/pred/3shb/seed_43/predictions/3shb_sample_2.cif B A -> /home/junjiechen/1_work/250401-Dpepalign/Benchmark/dataset/PepSet_dimer/3shb.pdb L A
Total DockQ over 1 native interfaces: 0.990 with BA:LA model:native mapping
DockQ 0.990 iRMSD 0.244 LRMSD 0.457 fnat 1.000 fnonnat 0.031 F1 0.984 clashes 0 mapping BA:LA /home/junjiechen/1_work/250401-Dpepalign/Benchmark/protenix/PepSet/pred/3shb/seed_43/predictions/3shb_sample_3.cif B A -> /home/junjiechen/1_work/250401-Dpepalign/Benchmark/dataset/PepSet_dimer/3shb.pdb L A
Total DockQ over 1 native interfaces: 0.989 with BA:LA model:native mapping
DockQ 0.989 iRMSD 0.263 LRMSD 0.523 fnat 1.000 fnonnat 0.031 F1 0.984 clashes 0 mapping BA:LA /home/junjiechen/1_work/250401-Dpepalign/Benchmark/protenix/PepSet/pred/3shb/seed_43/predictions/3shb_sample_1.cif B A -> /home/junjiechen/1_work/250401-Dpepalign/Benchmark/dataset/PepSet_dimer/3shb.pdb L A
Total DockQ over 1 native interfaces: 0.989 with BA:LA model:native mapping
DockQ 0.989 iRMSD 0.266 LRMSD 0.529 fnat 1.000 fnonnat 0.031 F1 0.984 clashes 0 mapping BA:LA /home/junjiechen/1_work/250401-Dpepalign/Benchmark/protenix/PepSet/pred/3shb/seed_44/predictions/3shb_sample_0.cif B A -> /home/junjiechen/1_work/250401-Dpepalign/Benchmark/dataset/PepSet_dimer/3shb.pdb L A
Total DockQ over 1 native interfaces: 0.989 with BA:LA model:native mapping
DockQ 0.989 iRMSD 0.275 LRMSD 0.370 fnat 1.000 fnonnat 0.031 F1 0.984 clashes 0 mapping BA:LA /home/junjiechen/1_work/250401-Dpepalign/Benchmark/protenix/PepSet/pred/3shb/seed_43/predictions/3shb_sample_4.cif B A -> /home/junjiechen/1_work/250401-Dpepalign/Benchmark/dataset/PepSet_dimer/3shb.pdb L A
Total DockQ over 1 native interfaces: 0.980 with BA:LA model:native mapping
DockQ 0.980 iRMSD 0.355 LRMSD 0.648 fnat 1.000 fnonnat 0.031 F1 0.984 clashes 0 mapping BA:LA /home/junjiechen/1_work/250401-Dpepalign/Benchmark/protenix/PepSet/pred/3shb/seed_44/predictions/3shb_sample_1.cif B A -> /home/junjiechen/1_work/250401-Dpepalign/Benchmark/dataset/PepSet_dimer/3shb.pdb L A
Total DockQ over 1 native interfaces: 0.983 with BA:LA model:native mapping
DockQ 0.983 iRMSD 0.327 LRMSD 0.664 fnat 1.000 fnonnat 0.000 F1 1.000 clashes 0 mapping BA:LA /home/junjiechen/1_work/250401-Dpepalign/Benchmark/protenix/PepSet/pred/3shb/seed_44/predictions/3shb_sample_2.cif B A -> /home/junjiechen/1_work/250401-Dpepalign/Benchmark/dataset/PepSet_dimer/3shb.pdb L A
Total DockQ over 1 native interfaces: 0.958 with BA:LA model:native mapping
DockQ 0.958 iRMSD 0.522 LRMSD 1.109 fnat 1.000 fnonnat 0.031 F1 0.984 clashes 0 mapping BA:LA /home/junjiechen/1_work/250401-Dpepalign/Benchmark/protenix/PepSet/pred/3shb/seed_44/predictions/3shb_sample_4.cif B A -> /home/junjiechen/1_work/250401-Dpepalign/Benchmark/dataset/PepSet_dimer/3shb.pdb L A
Total DockQ over 1 native interfaces: 0.986 with BA:LA model:native mapping
DockQ 0.986 iRMSD 0.290 LRMSD 0.690 fnat 1.000 fnonnat 0.031 F1 0.984 clashes 0 mapping BA:LA /home/junjiechen/1_work/250401-Dpepalign/Benchmark/protenix/PepSet/pred/3shb/seed_44/predictions/3shb_sample_3.cif B A -> /home/junjiechen/1_work/250401-Dpepalign/Benchmark/dataset/PepSet_dimer/3shb.pdb L A
Total DockQ over 1 native interfaces: 0.864 with BA:LA model:native mapping
DockQ 0.864 iRMSD 0.869 LRMSD 2.952 fnat 0.950 fnonnat 0.116 F1 0.916 clashes 0 mapping BA:LA /home/junjiechen/1_work/250401-Dpepalign/Benchmark/protenix/PepSet/pred/3tiw/seed_42/predictions/3tiw_sample_0.cif B A -> /home/junjiechen/1_work/250401-Dpepalign/Benchmark/dataset/PepSet_dimer/3tiw.pdb L A
Total DockQ over 1 native interfaces: 0.880 with BA:LA model:native mapping
DockQ 0.880 iRMSD 0.834 LRMSD 2.833 fnat 0.975 fnonnat 0.114 F1 0.929 clashes 0 mapping BA:LA /home/junjiechen/1_work/250401-Dpepalign/Benchmark/protenix/PepSet/pred/3tiw/seed_42/predictions/3tiw_sample_2.cif B A -> /home/junjiechen/1_work/250401-Dpepalign/Benchmark/dataset/PepSet_dimer/3tiw.pdb L A
Total DockQ over 1 native interfaces: 0.882 with BA:LA model:native mapping
DockQ 0.882 iRMSD 0.826 LRMSD 2.781 fnat 0.975 fnonnat 0.114 F1 0.929 clashes 0 mapping BA:LA /home/junjiechen/1_work/250401-Dpepalign/Benchmark/protenix/PepSet/pred/3tiw/seed_42/predictions/3tiw_sample_1.cif B A -> /home/junjiechen/1_work/250401-Dpepalign/Benchmark/dataset/PepSet_dimer/3tiw.pdb L A
Total DockQ over 1 native interfaces: 0.871 with BA:LA model:native mapping
DockQ 0.871 iRMSD 0.840 LRMSD 2.822 fnat 0.950 fnonnat 0.136 F1 0.905 clashes 0 mapping BA:LA /home/junjiechen/1_work/250401-Dpepalign/Benchmark/protenix/PepSet/pred/3tiw/seed_42/predictions/3tiw_sample_3.cif B A -> /home/junjiechen/1_work/250401-Dpepalign/Benchmark/dataset/PepSet_dimer/3tiw.pdb L A
Total DockQ over 1 native interfaces: 0.863 with BA:LA model:native mapping
DockQ 0.863 iRMSD 0.823 LRMSD 2.902 fnat 0.925 fnonnat 0.119 F1 0.902 clashes 0 mapping BA:LA /home/junjiechen/1_work/250401-Dpepalign/Benchmark/protenix/PepSet/pred/3tiw/seed_43/predictions/3tiw_sample_0.cif B A -> /home/junjiechen/1_work/250401-Dpepalign/Benchmark/dataset/PepSet_dimer/3tiw.pdb L A
Total DockQ over 1 native interfaces: 0.873 with BA:LA model:native mapping
DockQ 0.873 iRMSD 0.872 LRMSD 2.882 fnat 0.975 fnonnat 0.133 F1 0.918 clashes 0 mapping BA:LA /home/junjiechen/1_work/250401-Dpepalign/Benchmark/protenix/PepSet/pred/3tiw/seed_42/predictions/3tiw_sample_4.cif B A -> /home/junjiechen/1_work/250401-Dpepalign/Benchmark/dataset/PepSet_dimer/3tiw.pdb L A
Total DockQ over 1 native interfaces: 0.830 with BA:LA model:native mapping
DockQ 0.830 iRMSD 0.877 LRMSD 2.912 fnat 0.850 fnonnat 0.150 F1 0.850 clashes 0 mapping BA:LA /home/junjiechen/1_work/250401-Dpepalign/Benchmark/protenix/PepSet/pred/3tiw/seed_43/predictions/3tiw_sample_4.cif B A -> /home/junjiechen/1_work/250401-Dpepalign/Benchmark/dataset/PepSet_dimer/3tiw.pdb L A
Total DockQ over 1 native interfaces: 0.875 with BA:LA model:native mapping
DockQ 0.875 iRMSD 0.868 LRMSD 2.813 fnat 0.975 fnonnat 0.114 F1 0.929 clashes 0 mapping BA:LA /home/junjiechen/1_work/250401-Dpepalign/Benchmark/protenix/PepSet/pred/3tiw/seed_43/predictions/3tiw_sample_3.cif B A -> /home/junjiechen/1_work/250401-Dpepalign/Benchmark/dataset/PepSet_dimer/3tiw.pdb L A
Total DockQ over 1 native interfaces: 0.872 with BA:LA model:native mapping
DockQ 0.872 iRMSD 0.837 LRMSD 2.795 fnat 0.950 fnonnat 0.136 F1 0.905 clashes 1 mapping BA:LA /home/junjiechen/1_work/250401-Dpepalign/Benchmark/protenix/PepSet/pred/3tiw/seed_43/predictions/3tiw_sample_2.cif B A -> /home/junjiechen/1_work/250401-Dpepalign/Benchmark/dataset/PepSet_dimer/3tiw.pdb L A
Total DockQ over 1 native interfaces: 0.873 with BA:LA model:native mapping
DockQ 0.873 iRMSD 0.865 LRMSD 2.928 fnat 0.975 fnonnat 0.170 F1 0.897 clashes 0 mapping BA:LA /home/junjiechen/1_work/250401-Dpepalign/Benchmark/protenix/PepSet/pred/3tiw/seed_44/predictions/3tiw_sample_0.cif B A -> /home/junjiechen/1_work/250401-Dpepalign/Benchmark/dataset/PepSet_dimer/3tiw.pdb L A
Total DockQ over 1 native interfaces: 0.857 with BA:LA model:native mapping
DockQ 0.857 iRMSD 0.876 LRMSD 2.839 fnat 0.925 fnonnat 0.159 F1 0.881 clashes 0 mapping BA:LA /home/junjiechen/1_work/250401-Dpepalign/Benchmark/protenix/PepSet/pred/3tiw/seed_44/predictions/3tiw_sample_1.cif B A -> /home/junjiechen/1_work/250401-Dpepalign/Benchmark/dataset/PepSet_dimer/3tiw.pdb L A
Total DockQ over 1 native interfaces: 0.871 with BA:LA model:native mapping
DockQ 0.871 iRMSD 0.836 LRMSD 2.849 fnat 0.950 fnonnat 0.116 F1 0.916 clashes 0 mapping BA:LA /home/junjiechen/1_work/250401-Dpepalign/Benchmark/protenix/PepSet/pred/3tiw/seed_43/predictions/3tiw_sample_1.cif B A -> /home/junjiechen/1_work/250401-Dpepalign/Benchmark/dataset/PepSet_dimer/3tiw.pdb L A
Total DockQ over 1 native interfaces: 0.875 with BA:LA model:native mapping
DockQ 0.875 iRMSD 0.856 LRMSD 2.889 fnat 0.975 fnonnat 0.170 F1 0.897 clashes 0 mapping BA:LA /home/junjiechen/1_work/250401-Dpepalign/Benchmark/protenix/PepSet/pred/3tiw/seed_44/predictions/3tiw_sample_2.cif B A -> /home/junjiechen/1_work/250401-Dpepalign/Benchmark/dataset/PepSet_dimer/3tiw.pdb L A
Total DockQ over 1 native interfaces: 0.866 with BA:LA model:native mapping
DockQ 0.866 iRMSD 0.914 LRMSD 2.938 fnat 0.975 fnonnat 0.114 F1 0.929 clashes 0 mapping BA:LA /home/junjiechen/1_work/250401-Dpepalign/Benchmark/protenix/PepSet/pred/3tiw/seed_44/predictions/3tiw_sample_3.cif B A -> /home/junjiechen/1_work/250401-Dpepalign/Benchmark/dataset/PepSet_dimer/3tiw.pdb L A
Total DockQ over 1 native interfaces: 0.884 with BA:LA model:native mapping
DockQ 0.884 iRMSD 0.836 LRMSD 2.609 fnat 0.975 fnonnat 0.133 F1 0.918 clashes 0 mapping BA:LA /home/junjiechen/1_work/250401-Dpepalign/Benchmark/protenix/PepSet/pred/3tiw/seed_44/predictions/3tiw_sample_4.cif B A -> /home/junjiechen/1_work/250401-Dpepalign/Benchmark/dataset/PepSet_dimer/3tiw.pdb L A
Total DockQ over 1 native interfaces: 0.270 with BA:LA model:native mapping
DockQ 0.270 iRMSD 3.106 LRMSD 9.015 fnat 0.150 fnonnat 0.872 F1 0.138 clashes 0 mapping BA:LA /home/junjiechen/1_work/250401-Dpepalign/Benchmark/protenix/PepSet/pred/3v2o/seed_42/predictions/3v2o_sample_0.cif B A -> /home/junjiechen/1_work/250401-Dpepalign/Benchmark/dataset/PepSet_dimer/3v2o.pdb L A
Total DockQ over 1 native interfaces: 0.268 with BA:LA model:native mapping
DockQ 0.268 iRMSD 3.135 LRMSD 9.092 fnat 0.150 fnonnat 0.870 F1 0.140 clashes 0 mapping BA:LA /home/junjiechen/1_work/250401-Dpepalign/Benchmark/protenix/PepSet/pred/3v2o/seed_42/predictions/3v2o_sample_3.cif B A -> /home/junjiechen/1_work/250401-Dpepalign/Benchmark/dataset/PepSet_dimer/3v2o.pdb L A
Total DockQ over 1 native interfaces: 0.268 with BA:LA model:native mapping
DockQ 0.268 iRMSD 3.125 LRMSD 9.094 fnat 0.150 fnonnat 0.875 F1 0.136 clashes 0 mapping BA:LA /home/junjiechen/1_work/250401-Dpepalign/Benchmark/protenix/PepSet/pred/3v2o/seed_42/predictions/3v2o_sample_2.cif B A -> /home/junjiechen/1_work/250401-Dpepalign/Benchmark/dataset/PepSet_dimer/3v2o.pdb L A
Total DockQ over 1 native interfaces: 0.268 with BA:LA model:native mapping
DockQ 0.268 iRMSD 3.123 LRMSD 9.081 fnat 0.150 fnonnat 0.870 F1 0.140 clashes 0 mapping BA:LA /home/junjiechen/1_work/250401-Dpepalign/Benchmark/protenix/PepSet/pred/3v2o/seed_42/predictions/3v2o_sample_1.cif B A -> /home/junjiechen/1_work/250401-Dpepalign/Benchmark/dataset/PepSet_dimer/3v2o.pdb L A
Total DockQ over 1 native interfaces: 0.268 with BA:LA model:native mapping
DockQ 0.268 iRMSD 3.119 LRMSD 9.119 fnat 0.150 fnonnat 0.870 F1 0.140 clashes 0 mapping BA:LA /home/junjiechen/1_work/250401-Dpepalign/Benchmark/protenix/PepSet/pred/3v2o/seed_43/predictions/3v2o_sample_1.cif B A -> /home/junjiechen/1_work/250401-Dpepalign/Benchmark/dataset/PepSet_dimer/3v2o.pdb L A
Total DockQ over 1 native interfaces: 0.268 with BA:LA model:native mapping
DockQ 0.268 iRMSD 3.120 LRMSD 9.111 fnat 0.150 fnonnat 0.860 F1 0.145 clashes 0 mapping BA:LA /home/junjiechen/1_work/250401-Dpepalign/Benchmark/protenix/PepSet/pred/3v2o/seed_43/predictions/3v2o_sample_0.cif B A -> /home/junjiechen/1_work/250401-Dpepalign/Benchmark/dataset/PepSet_dimer/3v2o.pdb L A
Total DockQ over 1 native interfaces: 0.266 with BA:LA model:native mapping
DockQ 0.266 iRMSD 3.143 LRMSD 9.167 fnat 0.150 fnonnat 0.872 F1 0.138 clashes 0 mapping BA:LA /home/junjiechen/1_work/250401-Dpepalign/Benchmark/protenix/PepSet/pred/3v2o/seed_43/predictions/3v2o_sample_2.cif B A -> /home/junjiechen/1_work/250401-Dpepalign/Benchmark/dataset/PepSet_dimer/3v2o.pdb L A
Total DockQ over 1 native interfaces: 0.270 with BA:LA model:native mapping
DockQ 0.270 iRMSD 3.105 LRMSD 9.009 fnat 0.150 fnonnat 0.872 F1 0.138 clashes 0 mapping BA:LA /home/junjiechen/1_work/250401-Dpepalign/Benchmark/protenix/PepSet/pred/3v2o/seed_42/predictions/3v2o_sample_4.cif B A -> /home/junjiechen/1_work/250401-Dpepalign/Benchmark/dataset/PepSet_dimer/3v2o.pdb L A
Total DockQ over 1 native interfaces: 0.265 with BA:LA model:native mapping
DockQ 0.265 iRMSD 3.159 LRMSD 9.207 fnat 0.150 fnonnat 0.870 F1 0.140 clashes 0 mapping BA:LA /home/junjiechen/1_work/250401-Dpepalign/Benchmark/protenix/PepSet/pred/3v2o/seed_43/predictions/3v2o_sample_3.cif B A -> /home/junjiechen/1_work/250401-Dpepalign/Benchmark/dataset/PepSet_dimer/3v2o.pdb L A
Total DockQ over 1 native interfaces: 0.265 with BA:LA model:native mapping
DockQ 0.265 iRMSD 3.143 LRMSD 9.193 fnat 0.150 fnonnat 0.870 F1 0.140 clashes 0 mapping BA:LA /home/junjiechen/1_work/250401-Dpepalign/Benchmark/protenix/PepSet/pred/3v2o/seed_43/predictions/3v2o_sample_4.cif B A -> /home/junjiechen/1_work/250401-Dpepalign/Benchmark/dataset/PepSet_dimer/3v2o.pdb L A
Total DockQ over 1 native interfaces: 0.267 with BA:LA model:native mapping
DockQ 0.267 iRMSD 3.135 LRMSD 9.136 fnat 0.150 fnonnat 0.870 F1 0.140 clashes 0 mapping BA:LA /home/junjiechen/1_work/250401-Dpepalign/Benchmark/protenix/PepSet/pred/3v2o/seed_44/predictions/3v2o_sample_0.cif B A -> /home/junjiechen/1_work/250401-Dpepalign/Benchmark/dataset/PepSet_dimer/3v2o.pdb L A
Total DockQ over 1 native interfaces: 0.908 with BA:LA model:native mapping
DockQ 0.908 iRMSD 0.517 LRMSD 1.295 fnat 0.853 fnonnat 0.000 F1 0.921 clashes 0 mapping BA:LA /home/junjiechen/1_work/250401-Dpepalign/Benchmark/protenix/PepSet/pred/3wgx/seed_42/predictions/3wgx_sample_1.cif B A -> /home/junjiechen/1_work/250401-Dpepalign/Benchmark/dataset/PepSet_dimer/3wgx.pdb L A
Total DockQ over 1 native interfaces: 0.267 with BA:LA model:native mapping
DockQ 0.267 iRMSD 3.133 LRMSD 9.113 fnat 0.150 fnonnat 0.875 F1 0.136 clashes 0 mapping BA:LA /home/junjiechen/1_work/250401-Dpepalign/Benchmark/protenix/PepSet/pred/3v2o/seed_44/predictions/3v2o_sample_3.cif B A -> /home/junjiechen/1_work/250401-Dpepalign/Benchmark/dataset/PepSet_dimer/3v2o.pdb L A
Total DockQ over 1 native interfaces: 0.892 with BA:LA model:native mapping
DockQ 0.892 iRMSD 0.614 LRMSD 1.586 fnat 0.853 fnonnat 0.033 F1 0.906 clashes 0 mapping BA:LA /home/junjiechen/1_work/250401-Dpepalign/Benchmark/protenix/PepSet/pred/3wgx/seed_42/predictions/3wgx_sample_2.cif B A -> /home/junjiechen/1_work/250401-Dpepalign/Benchmark/dataset/PepSet_dimer/3wgx.pdb L A
Total DockQ over 1 native interfaces: 0.265 with BA:LA model:native mapping
DockQ 0.265 iRMSD 3.154 LRMSD 9.215 fnat 0.150 fnonnat 0.870 F1 0.140 clashes 0 mapping BA:LA /home/junjiechen/1_work/250401-Dpepalign/Benchmark/protenix/PepSet/pred/3v2o/seed_44/predictions/3v2o_sample_1.cif B A -> /home/junjiechen/1_work/250401-Dpepalign/Benchmark/dataset/PepSet_dimer/3v2o.pdb L A
Total DockQ over 1 native interfaces: 0.277 with BA:LA model:native mapping
DockQ 0.277 iRMSD 3.123 LRMSD 9.080 fnat 0.175 fnonnat 0.854 F1 0.159 clashes 0 mapping BA:LA /home/junjiechen/1_work/250401-Dpepalign/Benchmark/protenix/PepSet/pred/3v2o/seed_44/predictions/3v2o_sample_2.cif B A -> /home/junjiechen/1_work/250401-Dpepalign/Benchmark/dataset/PepSet_dimer/3v2o.pdb L A
Total DockQ over 1 native interfaces: 0.894 with BA:LA model:native mapping
DockQ 0.894 iRMSD 0.713 LRMSD 1.829 fnat 0.912 fnonnat 0.031 F1 0.939 clashes 0 mapping BA:LA /home/junjiechen/1_work/250401-Dpepalign/Benchmark/protenix/PepSet/pred/3wgx/seed_42/predictions/3wgx_sample_0.cif B A -> /home/junjiechen/1_work/250401-Dpepalign/Benchmark/dataset/PepSet_dimer/3wgx.pdb L A
Total DockQ over 1 native interfaces: 0.895 with BA:LA model:native mapping
DockQ 0.895 iRMSD 0.594 LRMSD 1.518 fnat 0.853 fnonnat 0.065 F1 0.892 clashes 0 mapping BA:LA /home/junjiechen/1_work/250401-Dpepalign/Benchmark/protenix/PepSet/pred/3wgx/seed_42/predictions/3wgx_sample_3.cif B A -> /home/junjiechen/1_work/250401-Dpepalign/Benchmark/dataset/PepSet_dimer/3wgx.pdb L A
Total DockQ over 1 native interfaces: 0.266 with BA:LA model:native mapping
DockQ 0.266 iRMSD 3.135 LRMSD 9.154 fnat 0.150 fnonnat 0.872 F1 0.138 clashes 0 mapping BA:LA /home/junjiechen/1_work/250401-Dpepalign/Benchmark/protenix/PepSet/pred/3v2o/seed_44/predictions/3v2o_sample_4.cif B A -> /home/junjiechen/1_work/250401-Dpepalign/Benchmark/dataset/PepSet_dimer/3v2o.pdb L A
Total DockQ over 1 native interfaces: 0.919 with BA:LA model:native mapping
DockQ 0.919 iRMSD 0.569 LRMSD 1.441 fnat 0.912 fnonnat 0.031 F1 0.939 clashes 0 mapping BA:LA /home/junjiechen/1_work/250401-Dpepalign/Benchmark/protenix/PepSet/pred/3wgx/seed_42/predictions/3wgx_sample_4.cif B A -> /home/junjiechen/1_work/250401-Dpepalign/Benchmark/dataset/PepSet_dimer/3wgx.pdb L A
Total DockQ over 1 native interfaces: 0.900 with BA:LA model:native mapping
DockQ 0.900 iRMSD 0.567 LRMSD 1.447 fnat 0.853 fnonnat 0.033 F1 0.906 clashes 0 mapping BA:LA /home/junjiechen/1_work/250401-Dpepalign/Benchmark/protenix/PepSet/pred/3wgx/seed_43/predictions/3wgx_sample_0.cif B A -> /home/junjiechen/1_work/250401-Dpepalign/Benchmark/dataset/PepSet_dimer/3wgx.pdb L A
Total DockQ over 1 native interfaces: 0.939 with BA:LA model:native mapping
DockQ 0.939 iRMSD 0.510 LRMSD 1.224 fnat 0.941 fnonnat 0.059 F1 0.941 clashes 0 mapping BA:LA /home/junjiechen/1_work/250401-Dpepalign/Benchmark/protenix/PepSet/pred/3wgx/seed_43/predictions/3wgx_sample_3.cif B A -> /home/junjiechen/1_work/250401-Dpepalign/Benchmark/dataset/PepSet_dimer/3wgx.pdb L A
Total DockQ over 1 native interfaces: 0.951 with BA:LA model:native mapping
DockQ 0.951 iRMSD 0.421 LRMSD 1.016 fnat 0.941 fnonnat 0.000 F1 0.970 clashes 0 mapping BA:LA /home/junjiechen/1_work/250401-Dpepalign/Benchmark/protenix/PepSet/pred/3wgx/seed_43/predictions/3wgx_sample_2.cif B A -> /home/junjiechen/1_work/250401-Dpepalign/Benchmark/dataset/PepSet_dimer/3wgx.pdb L A
Total DockQ over 1 native interfaces: 0.809 with BA:LA model:native mapping
DockQ 0.809 iRMSD 0.950 LRMSD 2.509 fnat 0.794 fnonnat 0.036 F1 0.871 clashes 0 mapping BA:LA /home/junjiechen/1_work/250401-Dpepalign/Benchmark/protenix/PepSet/pred/3wgx/seed_43/predictions/3wgx_sample_4.cif B A -> /home/junjiechen/1_work/250401-Dpepalign/Benchmark/dataset/PepSet_dimer/3wgx.pdb L A
Total DockQ over 1 native interfaces: 0.949 with BA:LA model:native mapping
DockQ 0.949 iRMSD 0.364 LRMSD 0.813 fnat 0.912 fnonnat 0.031 F1 0.939 clashes 0 mapping BA:LA /home/junjiechen/1_work/250401-Dpepalign/Benchmark/protenix/PepSet/pred/3wgx/seed_43/predictions/3wgx_sample_1.cif B A -> /home/junjiechen/1_work/250401-Dpepalign/Benchmark/dataset/PepSet_dimer/3wgx.pdb L A
Total DockQ over 1 native interfaces: 0.904 with BA:LA model:native mapping
DockQ 0.904 iRMSD 0.598 LRMSD 1.560 fnat 0.882 fnonnat 0.062 F1 0.909 clashes 0 mapping BA:LA /home/junjiechen/1_work/250401-Dpepalign/Benchmark/protenix/PepSet/pred/3wgx/seed_44/predictions/3wgx_sample_0.cif B A -> /home/junjiechen/1_work/250401-Dpepalign/Benchmark/dataset/PepSet_dimer/3wgx.pdb L A
Total DockQ over 1 native interfaces: 0.954 with BA:LA model:native mapping
DockQ 0.954 iRMSD 0.473 LRMSD 1.193 fnat 0.971 fnonnat 0.029 F1 0.971 clashes 0 mapping BA:LA /home/junjiechen/1_work/250401-Dpepalign/Benchmark/protenix/PepSet/pred/3wgx/seed_44/predictions/3wgx_sample_1.cif B A -> /home/junjiechen/1_work/250401-Dpepalign/Benchmark/dataset/PepSet_dimer/3wgx.pdb L A
Total DockQ over 1 native interfaces: 0.893 with BA:LA model:native mapping
DockQ 0.893 iRMSD 0.604 LRMSD 1.602 fnat 0.853 fnonnat 0.065 F1 0.892 clashes 0 mapping BA:LA /home/junjiechen/1_work/250401-Dpepalign/Benchmark/protenix/PepSet/pred/3wgx/seed_44/predictions/3wgx_sample_3.cif B A -> /home/junjiechen/1_work/250401-Dpepalign/Benchmark/dataset/PepSet_dimer/3wgx.pdb L A
Total DockQ over 1 native interfaces: 0.921 with BA:LA model:native mapping
DockQ 0.921 iRMSD 0.496 LRMSD 1.221 fnat 0.882 fnonnat 0.032 F1 0.923 clashes 0 mapping BA:LA /home/junjiechen/1_work/250401-Dpepalign/Benchmark/protenix/PepSet/pred/3wgx/seed_44/predictions/3wgx_sample_2.cif B A -> /home/junjiechen/1_work/250401-Dpepalign/Benchmark/dataset/PepSet_dimer/3wgx.pdb L A
Total DockQ over 1 native interfaces: 0.919 with BA:LA model:native mapping
DockQ 0.919 iRMSD 0.629 LRMSD 1.628 fnat 0.941 fnonnat 0.030 F1 0.955 clashes 0 mapping BA:LA /home/junjiechen/1_work/250401-Dpepalign/Benchmark/protenix/PepSet/pred/3wgx/seed_44/predictions/3wgx_sample_4.cif B A -> /home/junjiechen/1_work/250401-Dpepalign/Benchmark/dataset/PepSet_dimer/3wgx.pdb L A
Total DockQ over 1 native interfaces: 0.709 with BA:LA model:native mapping
DockQ 0.709 iRMSD 1.987 LRMSD 3.885 fnat 0.935 fnonnat 0.171 F1 0.879 clashes 0 mapping BA:LA /home/junjiechen/1_work/250401-Dpepalign/Benchmark/protenix/PepSet/pred/3zrj/seed_42/predictions/3zrj_sample_0.cif B A -> /home/junjiechen/1_work/250401-Dpepalign/Benchmark/dataset/PepSet_dimer/3zrj.pdb L A
Total DockQ over 1 native interfaces: 0.717 with BA:LA model:native mapping
DockQ 0.717 iRMSD 1.891 LRMSD 3.857 fnat 0.935 fnonnat 0.171 F1 0.879 clashes 0 mapping BA:LA /home/junjiechen/1_work/250401-Dpepalign/Benchmark/protenix/PepSet/pred/3zrj/seed_42/predictions/3zrj_sample_2.cif B A -> /home/junjiechen/1_work/250401-Dpepalign/Benchmark/dataset/PepSet_dimer/3zrj.pdb L A
Total DockQ over 1 native interfaces: 0.726 with BA:LA model:native mapping
DockQ 0.726 iRMSD 1.833 LRMSD 3.698 fnat 0.935 fnonnat 0.171 F1 0.879 clashes 0 mapping BA:LA /home/junjiechen/1_work/250401-Dpepalign/Benchmark/protenix/PepSet/pred/3zrj/seed_42/predictions/3zrj_sample_1.cif B A -> /home/junjiechen/1_work/250401-Dpepalign/Benchmark/dataset/PepSet_dimer/3zrj.pdb L A
Total DockQ over 1 native interfaces: 0.825 with BA:LA model:native mapping
DockQ 0.825 iRMSD 1.231 LRMSD 2.109 fnat 0.935 fnonnat 0.094 F1 0.921 clashes 0 mapping BA:LA /home/junjiechen/1_work/250401-Dpepalign/Benchmark/protenix/PepSet/pred/3zrj/seed_43/predictions/3zrj_sample_0.cif B A -> /home/junjiechen/1_work/250401-Dpepalign/Benchmark/dataset/PepSet_dimer/3zrj.pdb L A
Total DockQ over 1 native interfaces: 0.709 with BA:LA model:native mapping
DockQ 0.709 iRMSD 1.953 LRMSD 3.960 fnat 0.935 fnonnat 0.194 F1 0.866 clashes 0 mapping BA:LA /home/junjiechen/1_work/250401-Dpepalign/Benchmark/protenix/PepSet/pred/3zrj/seed_42/predictions/3zrj_sample_4.cif B A -> /home/junjiechen/1_work/250401-Dpepalign/Benchmark/dataset/PepSet_dimer/3zrj.pdb L A
Total DockQ over 1 native interfaces: 0.716 with BA:LA model:native mapping
DockQ 0.716 iRMSD 1.901 LRMSD 3.848 fnat 0.935 fnonnat 0.194 F1 0.866 clashes 1 mapping BA:LA /home/junjiechen/1_work/250401-Dpepalign/Benchmark/protenix/PepSet/pred/3zrj/seed_42/predictions/3zrj_sample_3.cif B A -> /home/junjiechen/1_work/250401-Dpepalign/Benchmark/dataset/PepSet_dimer/3zrj.pdb L A
Total DockQ over 1 native interfaces: 0.719 with BA:LA model:native mapping
DockQ 0.719 iRMSD 1.879 LRMSD 3.818 fnat 0.935 fnonnat 0.094 F1 0.921 clashes 0 mapping BA:LA /home/junjiechen/1_work/250401-Dpepalign/Benchmark/protenix/PepSet/pred/3zrj/seed_43/predictions/3zrj_sample_2.cif B A -> /home/junjiechen/1_work/250401-Dpepalign/Benchmark/dataset/PepSet_dimer/3zrj.pdb L A
Total DockQ over 1 native interfaces: 0.719 with BA:LA model:native mapping
DockQ 0.719 iRMSD 1.873 LRMSD 3.827 fnat 0.935 fnonnat 0.194 F1 0.866 clashes 0 mapping BA:LA /home/junjiechen/1_work/250401-Dpepalign/Benchmark/protenix/PepSet/pred/3zrj/seed_43/predictions/3zrj_sample_1.cif B A -> /home/junjiechen/1_work/250401-Dpepalign/Benchmark/dataset/PepSet_dimer/3zrj.pdb L A
Total DockQ over 1 native interfaces: 0.822 with BA:LA model:native mapping
DockQ 0.822 iRMSD 1.207 LRMSD 2.422 fnat 0.935 fnonnat 0.194 F1 0.866 clashes 0 mapping BA:LA /home/junjiechen/1_work/250401-Dpepalign/Benchmark/protenix/PepSet/pred/3zrj/seed_43/predictions/3zrj_sample_3.cif B A -> /home/junjiechen/1_work/250401-Dpepalign/Benchmark/dataset/PepSet_dimer/3zrj.pdb L A
Total DockQ over 1 native interfaces: 0.820 with BA:LA model:native mapping
DockQ 0.820 iRMSD 1.249 LRMSD 2.270 fnat 0.935 fnonnat 0.094 F1 0.921 clashes 0 mapping BA:LA /home/junjiechen/1_work/250401-Dpepalign/Benchmark/protenix/PepSet/pred/3zrj/seed_44/predictions/3zrj_sample_0.cif B A -> /home/junjiechen/1_work/250401-Dpepalign/Benchmark/dataset/PepSet_dimer/3zrj.pdb L A
Total DockQ over 1 native interfaces: 0.715 with BA:LA model:native mapping
DockQ 0.715 iRMSD 1.824 LRMSD 3.727 fnat 0.903 fnonnat 0.176 F1 0.862 clashes 0 mapping BA:LA /home/junjiechen/1_work/250401-Dpepalign/Benchmark/protenix/PepSet/pred/3zrj/seed_43/predictions/3zrj_sample_4.cif B A -> /home/junjiechen/1_work/250401-Dpepalign/Benchmark/dataset/PepSet_dimer/3zrj.pdb L A
Total DockQ over 1 native interfaces: 0.812 with BA:LA model:native mapping
DockQ 0.812 iRMSD 1.296 LRMSD 2.355 fnat 0.935 fnonnat 0.121 F1 0.906 clashes 0 mapping BA:LA /home/junjiechen/1_work/250401-Dpepalign/Benchmark/protenix/PepSet/pred/3zrj/seed_44/predictions/3zrj_sample_1.cif B A -> /home/junjiechen/1_work/250401-Dpepalign/Benchmark/dataset/PepSet_dimer/3zrj.pdb L A
Total DockQ over 1 native interfaces: 0.818 with BA:LA model:native mapping
DockQ 0.818 iRMSD 1.246 LRMSD 2.373 fnat 0.935 fnonnat 0.121 F1 0.906 clashes 1 mapping BA:LA /home/junjiechen/1_work/250401-Dpepalign/Benchmark/protenix/PepSet/pred/3zrj/seed_44/predictions/3zrj_sample_2.cif B A -> /home/junjiechen/1_work/250401-Dpepalign/Benchmark/dataset/PepSet_dimer/3zrj.pdb L A
Total DockQ over 1 native interfaces: 0.809 with BA:LA model:native mapping
DockQ 0.809 iRMSD 1.232 LRMSD 2.413 fnat 0.903 fnonnat 0.125 F1 0.889 clashes 0 mapping BA:LA /home/junjiechen/1_work/250401-Dpepalign/Benchmark/protenix/PepSet/pred/3zrj/seed_44/predictions/3zrj_sample_3.cif B A -> /home/junjiechen/1_work/250401-Dpepalign/Benchmark/dataset/PepSet_dimer/3zrj.pdb L A
Total DockQ over 1 native interfaces: 0.713 with BA:LA model:native mapping
DockQ 0.713 iRMSD 1.848 LRMSD 3.722 fnat 0.903 fnonnat 0.176 F1 0.862 clashes 0 mapping BA:LA /home/junjiechen/1_work/250401-Dpepalign/Benchmark/protenix/PepSet/pred/3zrj/seed_44/predictions/3zrj_sample_4.cif B A -> /home/junjiechen/1_work/250401-Dpepalign/Benchmark/dataset/PepSet_dimer/3zrj.pdb L A
Total DockQ over 1 native interfaces: 0.934 with BA:LA model:native mapping
DockQ 0.934 iRMSD 0.430 LRMSD 1.059 fnat 0.895 fnonnat 0.029 F1 0.932 clashes 0 mapping BA:LA /home/junjiechen/1_work/250401-Dpepalign/Benchmark/protenix/PepSet/pred/4a2a/seed_42/predictions/4a2a_sample_0.cif B A -> /home/junjiechen/1_work/250401-Dpepalign/Benchmark/dataset/PepSet_dimer/4a2a.pdb L A
Total DockQ over 1 native interfaces: 0.914 with BA:LA model:native mapping
DockQ 0.914 iRMSD 0.470 LRMSD 0.941 fnat 0.842 fnonnat 0.030 F1 0.901 clashes 1 mapping BA:LA /home/junjiechen/1_work/250401-Dpepalign/Benchmark/protenix/PepSet/pred/4a2a/seed_42/predictions/4a2a_sample_2.cif B A -> /home/junjiechen/1_work/250401-Dpepalign/Benchmark/dataset/PepSet_dimer/4a2a.pdb L A
Total DockQ over 1 native interfaces: 0.942 with BA:LA model:native mapping
DockQ 0.942 iRMSD 0.439 LRMSD 1.110 fnat 0.921 fnonnat 0.028 F1 0.946 clashes 0 mapping BA:LA /home/junjiechen/1_work/250401-Dpepalign/Benchmark/protenix/PepSet/pred/4a2a/seed_42/predictions/4a2a_sample_3.cif B A -> /home/junjiechen/1_work/250401-Dpepalign/Benchmark/dataset/PepSet_dimer/4a2a.pdb L A
Total DockQ over 1 native interfaces: 0.939 with BA:LA model:native mapping
DockQ 0.939 iRMSD 0.410 LRMSD 0.794 fnat 0.895 fnonnat 0.029 F1 0.932 clashes 0 mapping BA:LA /home/junjiechen/1_work/250401-Dpepalign/Benchmark/protenix/PepSet/pred/4a2a/seed_43/predictions/4a2a_sample_0.cif B A -> /home/junjiechen/1_work/250401-Dpepalign/Benchmark/dataset/PepSet_dimer/4a2a.pdb L A
Total DockQ over 1 native interfaces: 0.935 with BA:LA model:native mapping
DockQ 0.935 iRMSD 0.445 LRMSD 0.837 fnat 0.895 fnonnat 0.029 F1 0.932 clashes 0 mapping BA:LA /home/junjiechen/1_work/250401-Dpepalign/Benchmark/protenix/PepSet/pred/4a2a/seed_42/predictions/4a2a_sample_4.cif B A -> /home/junjiechen/1_work/250401-Dpepalign/Benchmark/dataset/PepSet_dimer/4a2a.pdb L A
Total DockQ over 1 native interfaces: 0.897 with BA:LA model:native mapping
DockQ 0.897 iRMSD 0.514 LRMSD 1.163 fnat 0.816 fnonnat 0.061 F1 0.873 clashes 0 mapping BA:LA /home/junjiechen/1_work/250401-Dpepalign/Benchmark/protenix/PepSet/pred/4a2a/seed_42/predictions/4a2a_sample_1.cif B A -> /home/junjiechen/1_work/250401-Dpepalign/Benchmark/dataset/PepSet_dimer/4a2a.pdb L A
Total DockQ over 1 native interfaces: 0.942 with BA:LA model:native mapping
DockQ 0.942 iRMSD 0.384 LRMSD 0.654 fnat 0.895 fnonnat 0.029 F1 0.932 clashes 0 mapping BA:LA /home/junjiechen/1_work/250401-Dpepalign/Benchmark/protenix/PepSet/pred/4a2a/seed_43/predictions/4a2a_sample_2.cif B A -> /home/junjiechen/1_work/250401-Dpepalign/Benchmark/dataset/PepSet_dimer/4a2a.pdb L A
Total DockQ over 1 native interfaces: 0.942 with BA:LA model:native mapping
DockQ 0.942 iRMSD 0.444 LRMSD 1.012 fnat 0.921 fnonnat 0.028 F1 0.946 clashes 1 mapping BA:LA /home/junjiechen/1_work/250401-Dpepalign/Benchmark/protenix/PepSet/pred/4a2a/seed_43/predictions/4a2a_sample_3.cif B A -> /home/junjiechen/1_work/250401-Dpepalign/Benchmark/dataset/PepSet_dimer/4a2a.pdb L A
Total DockQ over 1 native interfaces: 0.930 with BA:LA model:native mapping
DockQ 0.930 iRMSD 0.416 LRMSD 0.744 fnat 0.868 fnonnat 0.057 F1 0.904 clashes 1 mapping BA:LA /home/junjiechen/1_work/250401-Dpepalign/Benchmark/protenix/PepSet/pred/4a2a/seed_43/predictions/4a2a_sample_1.cif B A -> /home/junjiechen/1_work/250401-Dpepalign/Benchmark/dataset/PepSet_dimer/4a2a.pdb L A
Total DockQ over 1 native interfaces: 0.944 with BA:LA model:native mapping
DockQ 0.944 iRMSD 0.429 LRMSD 0.948 fnat 0.921 fnonnat 0.028 F1 0.946 clashes 0 mapping BA:LA /home/junjiechen/1_work/250401-Dpepalign/Benchmark/protenix/PepSet/pred/4a2a/seed_43/predictions/4a2a_sample_4.cif B A -> /home/junjiechen/1_work/250401-Dpepalign/Benchmark/dataset/PepSet_dimer/4a2a.pdb L A
Total DockQ over 1 native interfaces: 0.953 with BA:LA model:native mapping
DockQ 0.953 iRMSD 0.375 LRMSD 0.565 fnat 0.921 fnonnat 0.028 F1 0.946 clashes 0 mapping BA:LA /home/junjiechen/1_work/250401-Dpepalign/Benchmark/protenix/PepSet/pred/4a2a/seed_44/predictions/4a2a_sample_0.cif B A -> /home/junjiechen/1_work/250401-Dpepalign/Benchmark/dataset/PepSet_dimer/4a2a.pdb L A
Total DockQ over 1 native interfaces: 0.949 with BA:LA model:native mapping
DockQ 0.949 iRMSD 0.384 LRMSD 0.924 fnat 0.921 fnonnat 0.028 F1 0.946 clashes 0 mapping BA:LA /home/junjiechen/1_work/250401-Dpepalign/Benchmark/protenix/PepSet/pred/4a2a/seed_44/predictions/4a2a_sample_1.cif B A -> /home/junjiechen/1_work/250401-Dpepalign/Benchmark/dataset/PepSet_dimer/4a2a.pdb L A
Total DockQ over 1 native interfaces: 0.942 with BA:LA model:native mapping
DockQ 0.942 iRMSD 0.387 LRMSD 0.697 fnat 0.895 fnonnat 0.029 F1 0.932 clashes 0 mapping BA:LA /home/junjiechen/1_work/250401-Dpepalign/Benchmark/protenix/PepSet/pred/4a2a/seed_44/predictions/4a2a_sample_2.cif B A -> /home/junjiechen/1_work/250401-Dpepalign/Benchmark/dataset/PepSet_dimer/4a2a.pdb L A
Total DockQ over 1 native interfaces: 0.810 with BA:LA model:native mapping
DockQ 0.810 iRMSD 0.858 LRMSD 4.503 fnat 0.897 fnonnat 0.071 F1 0.912 clashes 0 mapping BA:LA /home/junjiechen/1_work/250401-Dpepalign/Benchmark/protenix/PepSet/pred/4bt9/seed_42/predictions/4bt9_sample_0.cif B A -> /home/junjiechen/1_work/250401-Dpepalign/Benchmark/dataset/PepSet_dimer/4bt9.pdb L A
Total DockQ over 1 native interfaces: 0.948 with BA:LA model:native mapping
DockQ 0.948 iRMSD 0.392 LRMSD 0.998 fnat 0.921 fnonnat 0.028 F1 0.946 clashes 0 mapping BA:LA /home/junjiechen/1_work/250401-Dpepalign/Benchmark/protenix/PepSet/pred/4a2a/seed_44/predictions/4a2a_sample_3.cif B A -> /home/junjiechen/1_work/250401-Dpepalign/Benchmark/dataset/PepSet_dimer/4a2a.pdb L A
Total DockQ over 1 native interfaces: 0.815 with BA:LA model:native mapping
DockQ 0.815 iRMSD 0.662 LRMSD 6.359 fnat 0.966 fnonnat 0.067 F1 0.949 clashes 0 mapping BA:LA /home/junjiechen/1_work/250401-Dpepalign/Benchmark/protenix/PepSet/pred/4bt9/seed_42/predictions/4bt9_sample_1.cif B A -> /home/junjiechen/1_work/250401-Dpepalign/Benchmark/dataset/PepSet_dimer/4bt9.pdb L A
Total DockQ over 1 native interfaces: 0.947 with BA:LA model:native mapping
DockQ 0.947 iRMSD 0.391 LRMSD 1.132 fnat 0.921 fnonnat 0.028 F1 0.946 clashes 1 mapping BA:LA /home/junjiechen/1_work/250401-Dpepalign/Benchmark/protenix/PepSet/pred/4a2a/seed_44/predictions/4a2a_sample_4.cif B A -> /home/junjiechen/1_work/250401-Dpepalign/Benchmark/dataset/PepSet_dimer/4a2a.pdb L A
Total DockQ over 1 native interfaces: 0.856 with BA:LA model:native mapping
DockQ 0.856 iRMSD 0.655 LRMSD 4.726 fnat 0.966 fnonnat 0.034 F1 0.966 clashes 0 mapping BA:LA /home/junjiechen/1_work/250401-Dpepalign/Benchmark/protenix/PepSet/pred/4bt9/seed_42/predictions/4bt9_sample_2.cif B A -> /home/junjiechen/1_work/250401-Dpepalign/Benchmark/dataset/PepSet_dimer/4bt9.pdb L A
Total DockQ over 1 native interfaces: 0.835 with BA:LA model:native mapping
DockQ 0.835 iRMSD 0.674 LRMSD 5.482 fnat 0.966 fnonnat 0.067 F1 0.949 clashes 0 mapping BA:LA /home/junjiechen/1_work/250401-Dpepalign/Benchmark/protenix/PepSet/pred/4bt9/seed_42/predictions/4bt9_sample_3.cif B A -> /home/junjiechen/1_work/250401-Dpepalign/Benchmark/dataset/PepSet_dimer/4bt9.pdb L A
Total DockQ over 1 native interfaces: 0.839 with BA:LA model:native mapping
DockQ 0.839 iRMSD 0.859 LRMSD 3.310 fnat 0.897 fnonnat 0.071 F1 0.912 clashes 0 mapping BA:LA /home/junjiechen/1_work/250401-Dpepalign/Benchmark/protenix/PepSet/pred/4bt9/seed_42/predictions/4bt9_sample_4.cif B A -> /home/junjiechen/1_work/250401-Dpepalign/Benchmark/dataset/PepSet_dimer/4bt9.pdb L A
Total DockQ over 1 native interfaces: 0.805 with BA:LA model:native mapping
DockQ 0.805 iRMSD 0.630 LRMSD 6.935 fnat 0.966 fnonnat 0.034 F1 0.966 clashes 0 mapping BA:LA /home/junjiechen/1_work/250401-Dpepalign/Benchmark/protenix/PepSet/pred/4bt9/seed_43/predictions/4bt9_sample_2.cif B A -> /home/junjiechen/1_work/250401-Dpepalign/Benchmark/dataset/PepSet_dimer/4bt9.pdb L A
Total DockQ over 1 native interfaces: 0.785 with BA:LA model:native mapping
DockQ 0.785 iRMSD 0.656 LRMSD 7.163 fnat 0.931 fnonnat 0.069 F1 0.931 clashes 0 mapping BA:LA /home/junjiechen/1_work/250401-Dpepalign/Benchmark/protenix/PepSet/pred/4bt9/seed_43/predictions/4bt9_sample_1.cif B A -> /home/junjiechen/1_work/250401-Dpepalign/Benchmark/dataset/PepSet_dimer/4bt9.pdb L A
Total DockQ over 1 native interfaces: 0.780 with BA:LA model:native mapping
DockQ 0.780 iRMSD 0.838 LRMSD 5.351 fnat 0.862 fnonnat 0.074 F1 0.893 clashes 0 mapping BA:LA /home/junjiechen/1_work/250401-Dpepalign/Benchmark/protenix/PepSet/pred/4bt9/seed_43/predictions/4bt9_sample_0.cif B A -> /home/junjiechen/1_work/250401-Dpepalign/Benchmark/dataset/PepSet_dimer/4bt9.pdb L A
Total DockQ over 1 native interfaces: 0.915 with BA:LA model:native mapping
DockQ 0.915 iRMSD 0.640 LRMSD 2.291 fnat 0.966 fnonnat 0.034 F1 0.966 clashes 0 mapping BA:LA /home/junjiechen/1_work/250401-Dpepalign/Benchmark/protenix/PepSet/pred/4bt9/seed_43/predictions/4bt9_sample_3.cif B A -> /home/junjiechen/1_work/250401-Dpepalign/Benchmark/dataset/PepSet_dimer/4bt9.pdb L A
Total DockQ over 1 native interfaces: 0.853 with BA:LA model:native mapping
DockQ 0.853 iRMSD 0.735 LRMSD 3.967 fnat 0.931 fnonnat 0.036 F1 0.947 clashes 0 mapping BA:LA /home/junjiechen/1_work/250401-Dpepalign/Benchmark/protenix/PepSet/pred/4bt9/seed_44/predictions/4bt9_sample_1.cif B A -> /home/junjiechen/1_work/250401-Dpepalign/Benchmark/dataset/PepSet_dimer/4bt9.pdb L A
Total DockQ over 1 native interfaces: 0.786 with BA:LA model:native mapping
DockQ 0.786 iRMSD 0.794 LRMSD 5.837 fnat 0.897 fnonnat 0.071 F1 0.912 clashes 0 mapping BA:LA /home/junjiechen/1_work/250401-Dpepalign/Benchmark/protenix/PepSet/pred/4bt9/seed_43/predictions/4bt9_sample_4.cif B A -> /home/junjiechen/1_work/250401-Dpepalign/Benchmark/dataset/PepSet_dimer/4bt9.pdb L A
Total DockQ over 1 native interfaces: 0.818 with BA:LA model:native mapping
DockQ 0.818 iRMSD 0.792 LRMSD 4.581 fnat 0.897 fnonnat 0.071 F1 0.912 clashes 0 mapping BA:LA /home/junjiechen/1_work/250401-Dpepalign/Benchmark/protenix/PepSet/pred/4bt9/seed_44/predictions/4bt9_sample_0.cif B A -> /home/junjiechen/1_work/250401-Dpepalign/Benchmark/dataset/PepSet_dimer/4bt9.pdb L A
Total DockQ over 1 native interfaces: 0.876 with BA:LA model:native mapping
DockQ 0.876 iRMSD 0.782 LRMSD 2.667 fnat 0.931 fnonnat 0.069 F1 0.931 clashes 0 mapping BA:LA /home/junjiechen/1_work/250401-Dpepalign/Benchmark/protenix/PepSet/pred/4bt9/seed_44/predictions/4bt9_sample_2.cif B A -> /home/junjiechen/1_work/250401-Dpepalign/Benchmark/dataset/PepSet_dimer/4bt9.pdb L A
Total DockQ over 1 native interfaces: 0.887 with BA:LA model:native mapping
DockQ 0.887 iRMSD 0.614 LRMSD 3.240 fnat 0.931 fnonnat 0.036 F1 0.947 clashes 0 mapping BA:LA /home/junjiechen/1_work/250401-Dpepalign/Benchmark/protenix/PepSet/pred/4bt9/seed_44/predictions/4bt9_sample_4.cif B A -> /home/junjiechen/1_work/250401-Dpepalign/Benchmark/dataset/PepSet_dimer/4bt9.pdb L A
Total DockQ over 1 native interfaces: 0.826 with BA:LA model:native mapping
DockQ 0.826 iRMSD 0.654 LRMSD 5.460 fnat 0.931 fnonnat 0.069 F1 0.931 clashes 0 mapping BA:LA /home/junjiechen/1_work/250401-Dpepalign/Benchmark/protenix/PepSet/pred/4bt9/seed_44/predictions/4bt9_sample_3.cif B A -> /home/junjiechen/1_work/250401-Dpepalign/Benchmark/dataset/PepSet_dimer/4bt9.pdb L A
Total DockQ over 1 native interfaces: 0.025 with BA:LA model:native mapping
DockQ 0.025 iRMSD 11.432 LRMSD 34.669 fnat 0.000 fnonnat 1.000 F1 0.000 clashes 0 mapping BA:LA /home/junjiechen/1_work/250401-Dpepalign/Benchmark/protenix/PepSet/pred/4c5a/seed_42/predictions/4c5a_sample_0.cif B A -> /home/junjiechen/1_work/250401-Dpepalign/Benchmark/dataset/PepSet_dimer/4c5a.pdb L A
Total DockQ over 1 native interfaces: 0.024 with BA:LA model:native mapping
DockQ 0.024 iRMSD 11.492 LRMSD 34.846 fnat 0.000 fnonnat 1.000 F1 0.000 clashes 1 mapping BA:LA /home/junjiechen/1_work/250401-Dpepalign/Benchmark/protenix/PepSet/pred/4c5a/seed_42/predictions/4c5a_sample_1.cif B A -> /home/junjiechen/1_work/250401-Dpepalign/Benchmark/dataset/PepSet_dimer/4c5a.pdb L A
Total DockQ over 1 native interfaces: 0.025 with BA:LA model:native mapping
DockQ 0.025 iRMSD 11.388 LRMSD 34.448 fnat 0.000 fnonnat 1.000 F1 0.000 clashes 1 mapping BA:LA /home/junjiechen/1_work/250401-Dpepalign/Benchmark/protenix/PepSet/pred/4c5a/seed_42/predictions/4c5a_sample_2.cif B A -> /home/junjiechen/1_work/250401-Dpepalign/Benchmark/dataset/PepSet_dimer/4c5a.pdb L A
Total DockQ over 1 native interfaces: 0.024 with BA:LA model:native mapping
DockQ 0.024 iRMSD 11.425 LRMSD 34.985 fnat 0.000 fnonnat 1.000 F1 0.000 clashes 2 mapping BA:LA /home/junjiechen/1_work/250401-Dpepalign/Benchmark/protenix/PepSet/pred/4c5a/seed_42/predictions/4c5a_sample_4.cif B A -> /home/junjiechen/1_work/250401-Dpepalign/Benchmark/dataset/PepSet_dimer/4c5a.pdb L A
Total DockQ over 1 native interfaces: 0.025 with BA:LA model:native mapping
DockQ 0.025 iRMSD 11.297 LRMSD 34.189 fnat 0.000 fnonnat 1.000 F1 0.000 clashes 1 mapping BA:LA /home/junjiechen/1_work/250401-Dpepalign/Benchmark/protenix/PepSet/pred/4c5a/seed_43/predictions/4c5a_sample_0.cif B A -> /home/junjiechen/1_work/250401-Dpepalign/Benchmark/dataset/PepSet_dimer/4c5a.pdb L A
Total DockQ over 1 native interfaces: 0.025 with BA:LA model:native mapping
DockQ 0.025 iRMSD 11.400 LRMSD 34.671 fnat 0.000 fnonnat 1.000 F1 0.000 clashes 1 mapping BA:LA /home/junjiechen/1_work/250401-Dpepalign/Benchmark/protenix/PepSet/pred/4c5a/seed_42/predictions/4c5a_sample_3.cif B A -> /home/junjiechen/1_work/250401-Dpepalign/Benchmark/dataset/PepSet_dimer/4c5a.pdb L A
Total DockQ over 1 native interfaces: 0.023 with BA:LA model:native mapping
DockQ 0.023 iRMSD 11.329 LRMSD 35.930 fnat 0.000 fnonnat 1.000 F1 0.000 clashes 1 mapping BA:LA /home/junjiechen/1_work/250401-Dpepalign/Benchmark/protenix/PepSet/pred/4c5a/seed_43/predictions/4c5a_sample_1.cif B A -> /home/junjiechen/1_work/250401-Dpepalign/Benchmark/dataset/PepSet_dimer/4c5a.pdb L A
Total DockQ over 1 native interfaces: 0.024 with BA:LA model:native mapping
DockQ 0.024 iRMSD 11.422 LRMSD 34.848 fnat 0.000 fnonnat 1.000 F1 0.000 clashes 0 mapping BA:LA /home/junjiechen/1_work/250401-Dpepalign/Benchmark/protenix/PepSet/pred/4c5a/seed_43/predictions/4c5a_sample_2.cif B A -> /home/junjiechen/1_work/250401-Dpepalign/Benchmark/dataset/PepSet_dimer/4c5a.pdb L A
Total DockQ over 1 native interfaces: 0.022 with BA:LA model:native mapping
DockQ 0.022 iRMSD 11.931 LRMSD 37.116 fnat 0.000 fnonnat 1.000 F1 0.000 clashes 3 mapping BA:LA /home/junjiechen/1_work/250401-Dpepalign/Benchmark/protenix/PepSet/pred/4c5a/seed_43/predictions/4c5a_sample_3.cif B A -> /home/junjiechen/1_work/250401-Dpepalign/Benchmark/dataset/PepSet_dimer/4c5a.pdb L A
Total DockQ over 1 native interfaces: 0.025 with BA:LA model:native mapping
DockQ 0.025 iRMSD 11.302 LRMSD 34.370 fnat 0.000 fnonnat 1.000 F1 0.000 clashes 1 mapping BA:LA /home/junjiechen/1_work/250401-Dpepalign/Benchmark/protenix/PepSet/pred/4c5a/seed_44/predictions/4c5a_sample_1.cif B A -> /home/junjiechen/1_work/250401-Dpepalign/Benchmark/dataset/PepSet_dimer/4c5a.pdb L A
Total DockQ over 1 native interfaces: 0.022 with BA:LA model:native mapping
DockQ 0.022 iRMSD 12.037 LRMSD 37.273 fnat 0.000 fnonnat 1.000 F1 0.000 clashes 3 mapping BA:LA /home/junjiechen/1_work/250401-Dpepalign/Benchmark/protenix/PepSet/pred/4c5a/seed_43/predictions/4c5a_sample_4.cif B A -> /home/junjiechen/1_work/250401-Dpepalign/Benchmark/dataset/PepSet_dimer/4c5a.pdb L A
Total DockQ over 1 native interfaces: 0.024 with BA:LA model:native mapping
DockQ 0.024 iRMSD 11.428 LRMSD 34.727 fnat 0.000 fnonnat 1.000 F1 0.000 clashes 0 mapping BA:LA /home/junjiechen/1_work/250401-Dpepalign/Benchmark/protenix/PepSet/pred/4c5a/seed_44/predictions/4c5a_sample_0.cif B A -> /home/junjiechen/1_work/250401-Dpepalign/Benchmark/dataset/PepSet_dimer/4c5a.pdb L A
Total DockQ over 1 native interfaces: 0.025 with BA:LA model:native mapping
DockQ 0.025 iRMSD 11.204 LRMSD 34.013 fnat 0.000 fnonnat 1.000 F1 0.000 clashes 1 mapping BA:LA /home/junjiechen/1_work/250401-Dpepalign/Benchmark/protenix/PepSet/pred/4c5a/seed_44/predictions/4c5a_sample_2.cif B A -> /home/junjiechen/1_work/250401-Dpepalign/Benchmark/dataset/PepSet_dimer/4c5a.pdb L A
Total DockQ over 1 native interfaces: 0.025 with BA:LA model:native mapping
DockQ 0.025 iRMSD 11.125 LRMSD 34.216 fnat 0.000 fnonnat 1.000 F1 0.000 clashes 0 mapping BA:LA /home/junjiechen/1_work/250401-Dpepalign/Benchmark/protenix/PepSet/pred/4c5a/seed_44/predictions/4c5a_sample_3.cif B A -> /home/junjiechen/1_work/250401-Dpepalign/Benchmark/dataset/PepSet_dimer/4c5a.pdb L A
Total DockQ over 1 native interfaces: 0.024 with BA:LA model:native mapping
DockQ 0.024 iRMSD 11.010 LRMSD 35.372 fnat 0.000 fnonnat 1.000 F1 0.000 clashes 1 mapping BA:LA /home/junjiechen/1_work/250401-Dpepalign/Benchmark/protenix/PepSet/pred/4c5a/seed_44/predictions/4c5a_sample_4.cif B A -> /home/junjiechen/1_work/250401-Dpepalign/Benchmark/dataset/PepSet_dimer/4c5a.pdb L A
Total DockQ over 1 native interfaces: 0.907 with BA:LE model:native mapping
DockQ 0.907 iRMSD 0.617 LRMSD 1.148 fnat 0.884 fnonnat 0.062 F1 0.910 clashes 0 mapping BA:LE /home/junjiechen/1_work/250401-Dpepalign/Benchmark/protenix/PepSet/pred/4dg3/seed_42/predictions/4dg3_sample_0.cif B A -> /home/junjiechen/1_work/250401-Dpepalign/Benchmark/dataset/PepSet_dimer/4dg3.pdb L E
Total DockQ over 1 native interfaces: 0.920 with BA:LE model:native mapping
DockQ 0.920 iRMSD 0.567 LRMSD 1.014 fnat 0.899 fnonnat 0.075 F1 0.912 clashes 0 mapping BA:LE /home/junjiechen/1_work/250401-Dpepalign/Benchmark/protenix/PepSet/pred/4dg3/seed_42/predictions/4dg3_sample_2.cif B A -> /home/junjiechen/1_work/250401-Dpepalign/Benchmark/dataset/PepSet_dimer/4dg3.pdb L E
Total DockQ over 1 native interfaces: 0.905 with BA:LE model:native mapping
DockQ 0.905 iRMSD 0.561 LRMSD 1.079 fnat 0.855 fnonnat 0.063 F1 0.894 clashes 0 mapping BA:LE /home/junjiechen/1_work/250401-Dpepalign/Benchmark/protenix/PepSet/pred/4dg3/seed_42/predictions/4dg3_sample_3.cif B A -> /home/junjiechen/1_work/250401-Dpepalign/Benchmark/dataset/PepSet_dimer/4dg3.pdb L E
Total DockQ over 1 native interfaces: 0.895 with BA:LE model:native mapping
DockQ 0.895 iRMSD 0.709 LRMSD 1.479 fnat 0.899 fnonnat 0.075 F1 0.912 clashes 0 mapping BA:LE /home/junjiechen/1_work/250401-Dpepalign/Benchmark/protenix/PepSet/pred/4dg3/seed_42/predictions/4dg3_sample_1.cif B A -> /home/junjiechen/1_work/250401-Dpepalign/Benchmark/dataset/PepSet_dimer/4dg3.pdb L E
Total DockQ over 1 native interfaces: 0.918 with BA:LE model:native mapping
DockQ 0.918 iRMSD 0.578 LRMSD 1.107 fnat 0.899 fnonnat 0.061 F1 0.919 clashes 0 mapping BA:LE /home/junjiechen/1_work/250401-Dpepalign/Benchmark/protenix/PepSet/pred/4dg3/seed_43/predictions/4dg3_sample_1.cif B A -> /home/junjiechen/1_work/250401-Dpepalign/Benchmark/dataset/PepSet_dimer/4dg3.pdb L E
Total DockQ over 1 native interfaces: 0.917 with BA:LE model:native mapping
DockQ 0.917 iRMSD 0.621 LRMSD 1.022 fnat 0.913 fnonnat 0.074 F1 0.920 clashes 0 mapping BA:LE /home/junjiechen/1_work/250401-Dpepalign/Benchmark/protenix/PepSet/pred/4dg3/seed_43/predictions/4dg3_sample_0.cif B A -> /home/junjiechen/1_work/250401-Dpepalign/Benchmark/dataset/PepSet_dimer/4dg3.pdb L E
Total DockQ over 1 native interfaces: 0.911 with BA:LE model:native mapping
DockQ 0.911 iRMSD 0.591 LRMSD 1.084 fnat 0.884 fnonnat 0.076 F1 0.904 clashes 0 mapping BA:LE /home/junjiechen/1_work/250401-Dpepalign/Benchmark/protenix/PepSet/pred/4dg3/seed_42/predictions/4dg3_sample_4.cif B A -> /home/junjiechen/1_work/250401-Dpepalign/Benchmark/dataset/PepSet_dimer/4dg3.pdb L E
Total DockQ over 1 native interfaces: 0.930 with BA:LE model:native mapping
DockQ 0.930 iRMSD 0.504 LRMSD 0.674 fnat 0.899 fnonnat 0.061 F1 0.919 clashes 0 mapping BA:LE /home/junjiechen/1_work/250401-Dpepalign/Benchmark/protenix/PepSet/pred/4dg3/seed_43/predictions/4dg3_sample_3.cif B A -> /home/junjiechen/1_work/250401-Dpepalign/Benchmark/dataset/PepSet_dimer/4dg3.pdb L E
Total DockQ over 1 native interfaces: 0.930 with BA:LE model:native mapping
DockQ 0.930 iRMSD 0.479 LRMSD 0.456 fnat 0.884 fnonnat 0.062 F1 0.910 clashes 0 mapping BA:LE /home/junjiechen/1_work/250401-Dpepalign/Benchmark/protenix/PepSet/pred/4dg3/seed_43/predictions/4dg3_sample_2.cif B A -> /home/junjiechen/1_work/250401-Dpepalign/Benchmark/dataset/PepSet_dimer/4dg3.pdb L E
Total DockQ over 1 native interfaces: 0.926 with BA:LE model:native mapping
DockQ 0.926 iRMSD 0.532 LRMSD 0.841 fnat 0.899 fnonnat 0.088 F1 0.905 clashes 0 mapping BA:LE /home/junjiechen/1_work/250401-Dpepalign/Benchmark/protenix/PepSet/pred/4dg3/seed_43/predictions/4dg3_sample_4.cif B A -> /home/junjiechen/1_work/250401-Dpepalign/Benchmark/dataset/PepSet_dimer/4dg3.pdb L E
Total DockQ over 1 native interfaces: 0.916 with BA:LE model:native mapping
DockQ 0.916 iRMSD 0.505 LRMSD 0.582 fnat 0.855 fnonnat 0.078 F1 0.887 clashes 0 mapping BA:LE /home/junjiechen/1_work/250401-Dpepalign/Benchmark/protenix/PepSet/pred/4dg3/seed_44/predictions/4dg3_sample_0.cif B A -> /home/junjiechen/1_work/250401-Dpepalign/Benchmark/dataset/PepSet_dimer/4dg3.pdb L E
Total DockQ over 1 native interfaces: 0.208 with BA:LA model:native mapping
DockQ 0.208 iRMSD 3.538 LRMSD 12.733 fnat 0.162 fnonnat 0.833 F1 0.164 clashes 0 mapping BA:LA /home/junjiechen/1_work/250401-Dpepalign/Benchmark/protenix/PepSet/pred/4ep2/seed_42/predictions/4ep2_sample_2.cif B A -> /home/junjiechen/1_work/250401-Dpepalign/Benchmark/dataset/PepSet_dimer/4ep2.pdb L A
Total DockQ over 1 native interfaces: 0.925 with BA:LE model:native mapping
DockQ 0.925 iRMSD 0.537 LRMSD 0.806 fnat 0.899 fnonnat 0.075 F1 0.912 clashes 0 mapping BA:LE /home/junjiechen/1_work/250401-Dpepalign/Benchmark/protenix/PepSet/pred/4dg3/seed_44/predictions/4dg3_sample_2.cif B A -> /home/junjiechen/1_work/250401-Dpepalign/Benchmark/dataset/PepSet_dimer/4dg3.pdb L E
Total DockQ over 1 native interfaces: 0.931 with BA:LE model:native mapping
DockQ 0.931 iRMSD 0.458 LRMSD 0.650 fnat 0.884 fnonnat 0.062 F1 0.910 clashes 0 mapping BA:LE /home/junjiechen/1_work/250401-Dpepalign/Benchmark/protenix/PepSet/pred/4dg3/seed_44/predictions/4dg3_sample_4.cif B A -> /home/junjiechen/1_work/250401-Dpepalign/Benchmark/dataset/PepSet_dimer/4dg3.pdb L E
Total DockQ over 1 native interfaces: 0.205 with BA:LA model:native mapping
DockQ 0.205 iRMSD 3.575 LRMSD 12.874 fnat 0.162 fnonnat 0.821 F1 0.170 clashes 0 mapping BA:LA /home/junjiechen/1_work/250401-Dpepalign/Benchmark/protenix/PepSet/pred/4ep2/seed_42/predictions/4ep2_sample_0.cif B A -> /home/junjiechen/1_work/250401-Dpepalign/Benchmark/dataset/PepSet_dimer/4ep2.pdb L A
Total DockQ over 1 native interfaces: 0.206 with BA:LA model:native mapping
DockQ 0.206 iRMSD 3.564 LRMSD 12.840 fnat 0.162 fnonnat 0.826 F1 0.168 clashes 0 mapping BA:LA /home/junjiechen/1_work/250401-Dpepalign/Benchmark/protenix/PepSet/pred/4ep2/seed_42/predictions/4ep2_sample_4.cif B A -> /home/junjiechen/1_work/250401-Dpepalign/Benchmark/dataset/PepSet_dimer/4ep2.pdb L A
Total DockQ over 1 native interfaces: 0.206 with BA:LA model:native mapping
DockQ 0.206 iRMSD 3.568 LRMSD 12.842 fnat 0.162 fnonnat 0.836 F1 0.163 clashes 0 mapping BA:LA /home/junjiechen/1_work/250401-Dpepalign/Benchmark/protenix/PepSet/pred/4ep2/seed_42/predictions/4ep2_sample_3.cif B A -> /home/junjiechen/1_work/250401-Dpepalign/Benchmark/dataset/PepSet_dimer/4ep2.pdb L A
Total DockQ over 1 native interfaces: 0.206 with BA:LA model:native mapping
DockQ 0.206 iRMSD 3.558 LRMSD 12.801 fnat 0.162 fnonnat 0.831 F1 0.166 clashes 0 mapping BA:LA /home/junjiechen/1_work/250401-Dpepalign/Benchmark/protenix/PepSet/pred/4ep2/seed_42/predictions/4ep2_sample_1.cif B A -> /home/junjiechen/1_work/250401-Dpepalign/Benchmark/dataset/PepSet_dimer/4ep2.pdb L A
Total DockQ over 1 native interfaces: 0.920 with BA:LE model:native mapping
DockQ 0.920 iRMSD 0.598 LRMSD 1.080 fnat 0.913 fnonnat 0.074 F1 0.920 clashes 0 mapping BA:LE /home/junjiechen/1_work/250401-Dpepalign/Benchmark/protenix/PepSet/pred/4dg3/seed_44/predictions/4dg3_sample_1.cif B A -> /home/junjiechen/1_work/250401-Dpepalign/Benchmark/dataset/PepSet_dimer/4dg3.pdb L E
Total DockQ over 1 native interfaces: 0.931 with BA:LE model:native mapping
DockQ 0.931 iRMSD 0.499 LRMSD 0.605 fnat 0.899 fnonnat 0.075 F1 0.912 clashes 0 mapping BA:LE /home/junjiechen/1_work/250401-Dpepalign/Benchmark/protenix/PepSet/pred/4dg3/seed_44/predictions/4dg3_sample_3.cif B A -> /home/junjiechen/1_work/250401-Dpepalign/Benchmark/dataset/PepSet_dimer/4dg3.pdb L E
Total DockQ over 1 native interfaces: 0.203 with BA:LA model:native mapping
DockQ 0.203 iRMSD 3.608 LRMSD 12.978 fnat 0.162 fnonnat 0.826 F1 0.168 clashes 0 mapping BA:LA /home/junjiechen/1_work/250401-Dpepalign/Benchmark/protenix/PepSet/pred/4ep2/seed_43/predictions/4ep2_sample_0.cif B A -> /home/junjiechen/1_work/250401-Dpepalign/Benchmark/dataset/PepSet_dimer/4ep2.pdb L A
Total DockQ over 1 native interfaces: 0.938 with BA:LA model:native mapping
DockQ 0.938 iRMSD 0.472 LRMSD 1.067 fnat 0.919 fnonnat 0.029 F1 0.944 clashes 0 mapping BA:LA /home/junjiechen/1_work/250401-Dpepalign/Benchmark/protenix/PepSet/pred/4ep2/seed_43/predictions/4ep2_sample_2.cif B A -> /home/junjiechen/1_work/250401-Dpepalign/Benchmark/dataset/PepSet_dimer/4ep2.pdb L A
Total DockQ over 1 native interfaces: 0.205 with BA:LA model:native mapping
DockQ 0.205 iRMSD 3.575 LRMSD 12.858 fnat 0.162 fnonnat 0.821 F1 0.170 clashes 0 mapping BA:LA /home/junjiechen/1_work/250401-Dpepalign/Benchmark/protenix/PepSet/pred/4ep2/seed_43/predictions/4ep2_sample_1.cif B A -> /home/junjiechen/1_work/250401-Dpepalign/Benchmark/dataset/PepSet_dimer/4ep2.pdb L A
Total DockQ over 1 native interfaces: 0.940 with BA:LA model:native mapping
DockQ 0.940 iRMSD 0.462 LRMSD 0.945 fnat 0.919 fnonnat 0.014 F1 0.951 clashes 1 mapping BA:LA /home/junjiechen/1_work/250401-Dpepalign/Benchmark/protenix/PepSet/pred/4ep2/seed_43/predictions/4ep2_sample_4.cif B A -> /home/junjiechen/1_work/250401-Dpepalign/Benchmark/dataset/PepSet_dimer/4ep2.pdb L A
Total DockQ over 1 native interfaces: 0.207 with BA:LA model:native mapping
DockQ 0.207 iRMSD 3.553 LRMSD 12.777 fnat 0.162 fnonnat 0.829 F1 0.167 clashes 0 mapping BA:LA /home/junjiechen/1_work/250401-Dpepalign/Benchmark/protenix/PepSet/pred/4ep2/seed_44/predictions/4ep2_sample_2.cif B A -> /home/junjiechen/1_work/250401-Dpepalign/Benchmark/dataset/PepSet_dimer/4ep2.pdb L A
Total DockQ over 1 native interfaces: 0.206 with BA:LA model:native mapping
DockQ 0.206 iRMSD 3.570 LRMSD 12.832 fnat 0.162 fnonnat 0.833 F1 0.164 clashes 0 mapping BA:LA /home/junjiechen/1_work/250401-Dpepalign/Benchmark/protenix/PepSet/pred/4ep2/seed_44/predictions/4ep2_sample_0.cif B A -> /home/junjiechen/1_work/250401-Dpepalign/Benchmark/dataset/PepSet_dimer/4ep2.pdb L A
Total DockQ over 1 native interfaces: 0.207 with BA:LA model:native mapping
DockQ 0.207 iRMSD 3.549 LRMSD 12.761 fnat 0.162 fnonnat 0.829 F1 0.167 clashes 0 mapping BA:LA /home/junjiechen/1_work/250401-Dpepalign/Benchmark/protenix/PepSet/pred/4ep2/seed_44/predictions/4ep2_sample_1.cif B A -> /home/junjiechen/1_work/250401-Dpepalign/Benchmark/dataset/PepSet_dimer/4ep2.pdb L A
Total DockQ over 1 native interfaces: 0.206 with BA:LA model:native mapping
DockQ 0.206 iRMSD 3.563 LRMSD 12.811 fnat 0.162 fnonnat 0.831 F1 0.166 clashes 0 mapping BA:LA /home/junjiechen/1_work/250401-Dpepalign/Benchmark/protenix/PepSet/pred/4ep2/seed_44/predictions/4ep2_sample_3.cif B A -> /home/junjiechen/1_work/250401-Dpepalign/Benchmark/dataset/PepSet_dimer/4ep2.pdb L A
Total DockQ over 1 native interfaces: 0.932 with BA:LA model:native mapping
DockQ 0.932 iRMSD 0.419 LRMSD 0.911 fnat 0.878 fnonnat 0.000 F1 0.935 clashes 0 mapping BA:LA /home/junjiechen/1_work/250401-Dpepalign/Benchmark/protenix/PepSet/pred/4ep2/seed_43/predictions/4ep2_sample_3.cif B A -> /home/junjiechen/1_work/250401-Dpepalign/Benchmark/dataset/PepSet_dimer/4ep2.pdb L A
Total DockQ over 1 native interfaces: 0.929 with BA:LA model:native mapping
DockQ 0.929 iRMSD 0.442 LRMSD 0.917 fnat 0.878 fnonnat 0.000 F1 0.935 clashes 0 mapping BA:LA /home/junjiechen/1_work/250401-Dpepalign/Benchmark/protenix/PepSet/pred/4ep2/seed_44/predictions/4ep2_sample_4.cif B A -> /home/junjiechen/1_work/250401-Dpepalign/Benchmark/dataset/PepSet_dimer/4ep2.pdb L A
Total DockQ over 1 native interfaces: 0.964 with BA:LA model:native mapping
DockQ 0.964 iRMSD 0.429 LRMSD 0.622 fnat 0.974 fnonnat 0.098 F1 0.937 clashes 0 mapping BA:LA /home/junjiechen/1_work/250401-Dpepalign/Benchmark/protenix/PepSet/pred/4fii/seed_42/predictions/4fii_sample_0.cif B A -> /home/junjiechen/1_work/250401-Dpepalign/Benchmark/dataset/PepSet_dimer/4fii.pdb L A
Total DockQ over 1 native interfaces: 0.961 with BA:LA model:native mapping
DockQ 0.961 iRMSD 0.458 LRMSD 0.683 fnat 0.974 fnonnat 0.119 F1 0.925 clashes 0 mapping BA:LA /home/junjiechen/1_work/250401-Dpepalign/Benchmark/protenix/PepSet/pred/4fii/seed_42/predictions/4fii_sample_2.cif B A -> /home/junjiechen/1_work/250401-Dpepalign/Benchmark/dataset/PepSet_dimer/4fii.pdb L A
Total DockQ over 1 native interfaces: 0.960 with BA:LA model:native mapping
DockQ 0.960 iRMSD 0.467 LRMSD 0.704 fnat 0.974 fnonnat 0.075 F1 0.949 clashes 0 mapping BA:LA /home/junjiechen/1_work/250401-Dpepalign/Benchmark/protenix/PepSet/pred/4fii/seed_42/predictions/4fii_sample_3.cif B A -> /home/junjiechen/1_work/250401-Dpepalign/Benchmark/dataset/PepSet_dimer/4fii.pdb L A
Total DockQ over 1 native interfaces: 0.973 with BA:LA model:native mapping
DockQ 0.973 iRMSD 0.352 LRMSD 0.530 fnat 0.974 fnonnat 0.051 F1 0.961 clashes 0 mapping BA:LA /home/junjiechen/1_work/250401-Dpepalign/Benchmark/protenix/PepSet/pred/4fii/seed_42/predictions/4fii_sample_4.cif B A -> /home/junjiechen/1_work/250401-Dpepalign/Benchmark/dataset/PepSet_dimer/4fii.pdb L A
Total DockQ over 1 native interfaces: 0.932 with BA:LA model:native mapping
DockQ 0.932 iRMSD 0.614 LRMSD 0.748 fnat 0.947 fnonnat 0.122 F1 0.911 clashes 0 mapping BA:LA /home/junjiechen/1_work/250401-Dpepalign/Benchmark/protenix/PepSet/pred/4fii/seed_43/predictions/4fii_sample_0.cif B A -> /home/junjiechen/1_work/250401-Dpepalign/Benchmark/dataset/PepSet_dimer/4fii.pdb L A
Total DockQ over 1 native interfaces: 0.969 with BA:LA model:native mapping
DockQ 0.969 iRMSD 0.382 LRMSD 0.700 fnat 0.974 fnonnat 0.051 F1 0.961 clashes 0 mapping BA:LA /home/junjiechen/1_work/250401-Dpepalign/Benchmark/protenix/PepSet/pred/4fii/seed_42/predictions/4fii_sample_1.cif B A -> /home/junjiechen/1_work/250401-Dpepalign/Benchmark/dataset/PepSet_dimer/4fii.pdb L A
Total DockQ over 1 native interfaces: 0.964 with BA:LA model:native mapping
DockQ 0.964 iRMSD 0.427 LRMSD 0.702 fnat 0.974 fnonnat 0.075 F1 0.949 clashes 0 mapping BA:LA /home/junjiechen/1_work/250401-Dpepalign/Benchmark/protenix/PepSet/pred/4fii/seed_43/predictions/4fii_sample_3.cif B A -> /home/junjiechen/1_work/250401-Dpepalign/Benchmark/dataset/PepSet_dimer/4fii.pdb L A
Total DockQ over 1 native interfaces: 0.951 with BA:LA model:native mapping
DockQ 0.951 iRMSD 0.468 LRMSD 0.638 fnat 0.947 fnonnat 0.077 F1 0.935 clashes 0 mapping BA:LA /home/junjiechen/1_work/250401-Dpepalign/Benchmark/protenix/PepSet/pred/4fii/seed_43/predictions/4fii_sample_1.cif B A -> /home/junjiechen/1_work/250401-Dpepalign/Benchmark/dataset/PepSet_dimer/4fii.pdb L A
Total DockQ over 1 native interfaces: 0.966 with BA:LA model:native mapping
DockQ 0.966 iRMSD 0.414 LRMSD 0.605 fnat 0.974 fnonnat 0.098 F1 0.937 clashes 0 mapping BA:LA /home/junjiechen/1_work/250401-Dpepalign/Benchmark/protenix/PepSet/pred/4fii/seed_43/predictions/4fii_sample_2.cif B A -> /home/junjiechen/1_work/250401-Dpepalign/Benchmark/dataset/PepSet_dimer/4fii.pdb L A
Total DockQ over 1 native interfaces: 0.967 with BA:LA model:native mapping
DockQ 0.967 iRMSD 0.397 LRMSD 0.680 fnat 0.974 fnonnat 0.098 F1 0.937 clashes 0 mapping BA:LA /home/junjiechen/1_work/250401-Dpepalign/Benchmark/protenix/PepSet/pred/4fii/seed_43/predictions/4fii_sample_4.cif B A -> /home/junjiechen/1_work/250401-Dpepalign/Benchmark/dataset/PepSet_dimer/4fii.pdb L A
Total DockQ over 1 native interfaces: 0.948 with BA:LA model:native mapping
DockQ 0.948 iRMSD 0.485 LRMSD 0.733 fnat 0.947 fnonnat 0.100 F1 0.923 clashes 0 mapping BA:LA /home/junjiechen/1_work/250401-Dpepalign/Benchmark/protenix/PepSet/pred/4fii/seed_44/predictions/4fii_sample_1.cif B A -> /home/junjiechen/1_work/250401-Dpepalign/Benchmark/dataset/PepSet_dimer/4fii.pdb L A
Total DockQ over 1 native interfaces: 0.953 with BA:LA model:native mapping
DockQ 0.953 iRMSD 0.523 LRMSD 0.657 fnat 0.974 fnonnat 0.051 F1 0.961 clashes 0 mapping BA:LA /home/junjiechen/1_work/250401-Dpepalign/Benchmark/protenix/PepSet/pred/4fii/seed_44/predictions/4fii_sample_0.cif B A -> /home/junjiechen/1_work/250401-Dpepalign/Benchmark/dataset/PepSet_dimer/4fii.pdb L A
Total DockQ over 1 native interfaces: 0.959 with BA:LA model:native mapping
DockQ 0.959 iRMSD 0.391 LRMSD 0.704 fnat 0.947 fnonnat 0.077 F1 0.935 clashes 0 mapping BA:LA /home/junjiechen/1_work/250401-Dpepalign/Benchmark/protenix/PepSet/pred/4fii/seed_44/predictions/4fii_sample_2.cif B A -> /home/junjiechen/1_work/250401-Dpepalign/Benchmark/dataset/PepSet_dimer/4fii.pdb L A
Total DockQ over 1 native interfaces: 0.968 with BA:LA model:native mapping
DockQ 0.968 iRMSD 0.396 LRMSD 0.580 fnat 0.974 fnonnat 0.098 F1 0.937 clashes 0 mapping BA:LA /home/junjiechen/1_work/250401-Dpepalign/Benchmark/protenix/PepSet/pred/4fii/seed_44/predictions/4fii_sample_3.cif B A -> /home/junjiechen/1_work/250401-Dpepalign/Benchmark/dataset/PepSet_dimer/4fii.pdb L A
Total DockQ over 1 native interfaces: 0.869 with BA:LA model:native mapping
DockQ 0.869 iRMSD 0.649 LRMSD 2.070 fnat 0.821 fnonnat 0.220 F1 0.800 clashes 0 mapping BA:LA /home/junjiechen/1_work/250401-Dpepalign/Benchmark/protenix/PepSet/pred/4gq6/seed_42/predictions/4gq6_sample_1.cif B A -> /home/junjiechen/1_work/250401-Dpepalign/Benchmark/dataset/PepSet_dimer/4gq6.pdb L A
Total DockQ over 1 native interfaces: 0.968 with BA:LA model:native mapping
DockQ 0.968 iRMSD 0.394 LRMSD 0.610 fnat 0.974 fnonnat 0.051 F1 0.961 clashes 0 mapping BA:LA /home/junjiechen/1_work/250401-Dpepalign/Benchmark/protenix/PepSet/pred/4fii/seed_44/predictions/4fii_sample_4.cif B A -> /home/junjiechen/1_work/250401-Dpepalign/Benchmark/dataset/PepSet_dimer/4fii.pdb L A
Total DockQ over 1 native interfaces: 0.872 with BA:LA model:native mapping
DockQ 0.872 iRMSD 0.671 LRMSD 2.072 fnat 0.839 fnonnat 0.175 F1 0.832 clashes 1 mapping BA:LA /home/junjiechen/1_work/250401-Dpepalign/Benchmark/protenix/PepSet/pred/4gq6/seed_42/predictions/4gq6_sample_0.cif B A -> /home/junjiechen/1_work/250401-Dpepalign/Benchmark/dataset/PepSet_dimer/4gq6.pdb L A
Total DockQ over 1 native interfaces: 0.888 with BA:LA model:native mapping
DockQ 0.888 iRMSD 0.588 LRMSD 1.800 fnat 0.839 fnonnat 0.145 F1 0.847 clashes 0 mapping BA:LA /home/junjiechen/1_work/250401-Dpepalign/Benchmark/protenix/PepSet/pred/4gq6/seed_42/predictions/4gq6_sample_2.cif B A -> /home/junjiechen/1_work/250401-Dpepalign/Benchmark/dataset/PepSet_dimer/4gq6.pdb L A
Total DockQ over 1 native interfaces: 0.868 with BA:LA model:native mapping
DockQ 0.868 iRMSD 0.721 LRMSD 2.247 fnat 0.857 fnonnat 0.186 F1 0.835 clashes 0 mapping BA:LA /home/junjiechen/1_work/250401-Dpepalign/Benchmark/protenix/PepSet/pred/4gq6/seed_42/predictions/4gq6_sample_3.cif B A -> /home/junjiechen/1_work/250401-Dpepalign/Benchmark/dataset/PepSet_dimer/4gq6.pdb L A
Total DockQ over 1 native interfaces: 0.884 with BA:LA model:native mapping
DockQ 0.884 iRMSD 0.576 LRMSD 1.728 fnat 0.821 fnonnat 0.132 F1 0.844 clashes 0 mapping BA:LA /home/junjiechen/1_work/250401-Dpepalign/Benchmark/protenix/PepSet/pred/4gq6/seed_42/predictions/4gq6_sample_4.cif B A -> /home/junjiechen/1_work/250401-Dpepalign/Benchmark/dataset/PepSet_dimer/4gq6.pdb L A
Total DockQ over 1 native interfaces: 0.875 with BA:LA model:native mapping
DockQ 0.875 iRMSD 0.626 LRMSD 1.890 fnat 0.821 fnonnat 0.220 F1 0.800 clashes 0 mapping BA:LA /home/junjiechen/1_work/250401-Dpepalign/Benchmark/protenix/PepSet/pred/4gq6/seed_43/predictions/4gq6_sample_0.cif B A -> /home/junjiechen/1_work/250401-Dpepalign/Benchmark/dataset/PepSet_dimer/4gq6.pdb L A
Total DockQ over 1 native interfaces: 0.859 with BA:LA model:native mapping
DockQ 0.859 iRMSD 0.714 LRMSD 2.146 fnat 0.821 fnonnat 0.193 F1 0.814 clashes 0 mapping BA:LA /home/junjiechen/1_work/250401-Dpepalign/Benchmark/protenix/PepSet/pred/4gq6/seed_43/predictions/4gq6_sample_1.cif B A -> /home/junjiechen/1_work/250401-Dpepalign/Benchmark/dataset/PepSet_dimer/4gq6.pdb L A
Total DockQ over 1 native interfaces: 0.857 with BA:LA model:native mapping
DockQ 0.857 iRMSD 0.655 LRMSD 2.013 fnat 0.786 fnonnat 0.254 F1 0.765 clashes 0 mapping BA:LA /home/junjiechen/1_work/250401-Dpepalign/Benchmark/protenix/PepSet/pred/4gq6/seed_43/predictions/4gq6_sample_3.cif B A -> /home/junjiechen/1_work/250401-Dpepalign/Benchmark/dataset/PepSet_dimer/4gq6.pdb L A
Total DockQ over 1 native interfaces: 0.889 with BA:LA model:native mapping
DockQ 0.889 iRMSD 0.587 LRMSD 1.704 fnat 0.839 fnonnat 0.145 F1 0.847 clashes 1 mapping BA:LA /home/junjiechen/1_work/250401-Dpepalign/Benchmark/protenix/PepSet/pred/4gq6/seed_43/predictions/4gq6_sample_2.cif B A -> /home/junjiechen/1_work/250401-Dpepalign/Benchmark/dataset/PepSet_dimer/4gq6.pdb L A
Total DockQ over 1 native interfaces: 0.865 with BA:LA model:native mapping
DockQ 0.865 iRMSD 0.687 LRMSD 2.020 fnat 0.821 fnonnat 0.148 F1 0.836 clashes 0 mapping BA:LA /home/junjiechen/1_work/250401-Dpepalign/Benchmark/protenix/PepSet/pred/4gq6/seed_43/predictions/4gq6_sample_4.cif B A -> /home/junjiechen/1_work/250401-Dpepalign/Benchmark/dataset/PepSet_dimer/4gq6.pdb L A
Total DockQ over 1 native interfaces: 0.874 with BA:LA model:native mapping
DockQ 0.874 iRMSD 0.659 LRMSD 2.073 fnat 0.839 fnonnat 0.161 F1 0.839 clashes 1 mapping BA:LA /home/junjiechen/1_work/250401-Dpepalign/Benchmark/protenix/PepSet/pred/4gq6/seed_44/predictions/4gq6_sample_0.cif B A -> /home/junjiechen/1_work/250401-Dpepalign/Benchmark/dataset/PepSet_dimer/4gq6.pdb L A
Total DockQ over 1 native interfaces: 0.891 with BA:LA model:native mapping
DockQ 0.891 iRMSD 0.663 LRMSD 2.105 fnat 0.893 fnonnat 0.167 F1 0.862 clashes 0 mapping BA:LA /home/junjiechen/1_work/250401-Dpepalign/Benchmark/protenix/PepSet/pred/4gq6/seed_44/predictions/4gq6_sample_1.cif B A -> /home/junjiechen/1_work/250401-Dpepalign/Benchmark/dataset/PepSet_dimer/4gq6.pdb L A
Total DockQ over 1 native interfaces: 0.912 with BA:LA model:native mapping
DockQ 0.912 iRMSD 0.586 LRMSD 1.800 fnat 0.911 fnonnat 0.136 F1 0.887 clashes 0 mapping BA:LA /home/junjiechen/1_work/250401-Dpepalign/Benchmark/protenix/PepSet/pred/4gq6/seed_44/predictions/4gq6_sample_2.cif B A -> /home/junjiechen/1_work/250401-Dpepalign/Benchmark/dataset/PepSet_dimer/4gq6.pdb L A
Total DockQ over 1 native interfaces: 0.879 with BA:LA model:native mapping
DockQ 0.879 iRMSD 0.703 LRMSD 2.097 fnat 0.875 fnonnat 0.183 F1 0.845 clashes 1 mapping BA:LA /home/junjiechen/1_work/250401-Dpepalign/Benchmark/protenix/PepSet/pred/4gq6/seed_44/predictions/4gq6_sample_3.cif B A -> /home/junjiechen/1_work/250401-Dpepalign/Benchmark/dataset/PepSet_dimer/4gq6.pdb L A
Total DockQ over 1 native interfaces: 0.820 with BA:LA model:native mapping
DockQ 0.820 iRMSD 1.181 LRMSD 2.700 fnat 0.933 fnonnat 0.200 F1 0.862 clashes 0 mapping BA:LA /home/junjiechen/1_work/250401-Dpepalign/Benchmark/protenix/PepSet/pred/4hdq/seed_42/predictions/4hdq_sample_0.cif B A -> /home/junjiechen/1_work/250401-Dpepalign/Benchmark/dataset/PepSet_dimer/4hdq.pdb L A
Total DockQ over 1 native interfaces: 0.888 with BA:LA model:native mapping
DockQ 0.888 iRMSD 0.683 LRMSD 2.068 fnat 0.893 fnonnat 0.180 F1 0.855 clashes 1 mapping BA:LA /home/junjiechen/1_work/250401-Dpepalign/Benchmark/protenix/PepSet/pred/4gq6/seed_44/predictions/4gq6_sample_4.cif B A -> /home/junjiechen/1_work/250401-Dpepalign/Benchmark/dataset/PepSet_dimer/4gq6.pdb L A
Total DockQ over 1 native interfaces: 0.812 with BA:LA model:native mapping
DockQ 0.812 iRMSD 1.216 LRMSD 2.860 fnat 0.933 fnonnat 0.263 F1 0.824 clashes 0 mapping BA:LA /home/junjiechen/1_work/250401-Dpepalign/Benchmark/protenix/PepSet/pred/4hdq/seed_42/predictions/4hdq_sample_1.cif B A -> /home/junjiechen/1_work/250401-Dpepalign/Benchmark/dataset/PepSet_dimer/4hdq.pdb L A
Total DockQ over 1 native interfaces: 0.868 with BA:LA model:native mapping
DockQ 0.868 iRMSD 1.053 LRMSD 1.529 fnat 0.967 fnonnat 0.237 F1 0.853 clashes 0 mapping BA:LA /home/junjiechen/1_work/250401-Dpepalign/Benchmark/protenix/PepSet/pred/4hdq/seed_42/predictions/4hdq_sample_4.cif B A -> /home/junjiechen/1_work/250401-Dpepalign/Benchmark/dataset/PepSet_dimer/4hdq.pdb L A
Total DockQ over 1 native interfaces: 0.865 with BA:LA model:native mapping
DockQ 0.865 iRMSD 0.852 LRMSD 2.757 fnat 0.933 fnonnat 0.282 F1 0.812 clashes 0 mapping BA:LA /home/junjiechen/1_work/250401-Dpepalign/Benchmark/protenix/PepSet/pred/4hdq/seed_42/predictions/4hdq_sample_2.cif B A -> /home/junjiechen/1_work/250401-Dpepalign/Benchmark/dataset/PepSet_dimer/4hdq.pdb L A
Total DockQ over 1 native interfaces: 0.796 with BA:LA model:native mapping
DockQ 0.796 iRMSD 1.233 LRMSD 2.977 fnat 0.900 fnonnat 0.206 F1 0.844 clashes 0 mapping BA:LA /home/junjiechen/1_work/250401-Dpepalign/Benchmark/protenix/PepSet/pred/4hdq/seed_42/predictions/4hdq_sample_3.cif B A -> /home/junjiechen/1_work/250401-Dpepalign/Benchmark/dataset/PepSet_dimer/4hdq.pdb L A
Total DockQ over 1 native interfaces: 0.806 with BA:LA model:native mapping
DockQ 0.806 iRMSD 1.200 LRMSD 2.699 fnat 0.900 fnonnat 0.182 F1 0.857 clashes 0 mapping BA:LA /home/junjiechen/1_work/250401-Dpepalign/Benchmark/protenix/PepSet/pred/4hdq/seed_43/predictions/4hdq_sample_1.cif B A -> /home/junjiechen/1_work/250401-Dpepalign/Benchmark/dataset/PepSet_dimer/4hdq.pdb L A
Total DockQ over 1 native interfaces: 0.811 with BA:LA model:native mapping
DockQ 0.811 iRMSD 1.189 LRMSD 2.525 fnat 0.900 fnonnat 0.250 F1 0.818 clashes 0 mapping BA:LA /home/junjiechen/1_work/250401-Dpepalign/Benchmark/protenix/PepSet/pred/4hdq/seed_43/predictions/4hdq_sample_0.cif B A -> /home/junjiechen/1_work/250401-Dpepalign/Benchmark/dataset/PepSet_dimer/4hdq.pdb L A
Total DockQ over 1 native interfaces: 0.841 with BA:LA model:native mapping
DockQ 0.841 iRMSD 1.112 LRMSD 2.066 fnat 0.933 fnonnat 0.152 F1 0.889 clashes 1 mapping BA:LA /home/junjiechen/1_work/250401-Dpepalign/Benchmark/protenix/PepSet/pred/4hdq/seed_43/predictions/4hdq_sample_2.cif B A -> /home/junjiechen/1_work/250401-Dpepalign/Benchmark/dataset/PepSet_dimer/4hdq.pdb L A
Total DockQ over 1 native interfaces: 0.833 with BA:LA model:native mapping
DockQ 0.833 iRMSD 1.088 LRMSD 2.054 fnat 0.900 fnonnat 0.289 F1 0.794 clashes 1 mapping BA:LA /home/junjiechen/1_work/250401-Dpepalign/Benchmark/protenix/PepSet/pred/4hdq/seed_43/predictions/4hdq_sample_4.cif B A -> /home/junjiechen/1_work/250401-Dpepalign/Benchmark/dataset/PepSet_dimer/4hdq.pdb L A
Total DockQ over 1 native interfaces: 0.798 with BA:LA model:native mapping
DockQ 0.798 iRMSD 1.233 LRMSD 2.898 fnat 0.900 fnonnat 0.308 F1 0.783 clashes 0 mapping BA:LA /home/junjiechen/1_work/250401-Dpepalign/Benchmark/protenix/PepSet/pred/4hdq/seed_44/predictions/4hdq_sample_1.cif B A -> /home/junjiechen/1_work/250401-Dpepalign/Benchmark/dataset/PepSet_dimer/4hdq.pdb L A
Total DockQ over 1 native interfaces: 0.810 with BA:LA model:native mapping
DockQ 0.810 iRMSD 1.174 LRMSD 2.692 fnat 0.900 fnonnat 0.308 F1 0.783 clashes 0 mapping BA:LA /home/junjiechen/1_work/250401-Dpepalign/Benchmark/protenix/PepSet/pred/4hdq/seed_44/predictions/4hdq_sample_0.cif B A -> /home/junjiechen/1_work/250401-Dpepalign/Benchmark/dataset/PepSet_dimer/4hdq.pdb L A
Total DockQ over 1 native interfaces: 0.848 with BA:LA model:native mapping
DockQ 0.848 iRMSD 1.093 LRMSD 1.791 fnat 0.933 fnonnat 0.243 F1 0.836 clashes 0 mapping BA:LA /home/junjiechen/1_work/250401-Dpepalign/Benchmark/protenix/PepSet/pred/4hdq/seed_43/predictions/4hdq_sample_3.cif B A -> /home/junjiechen/1_work/250401-Dpepalign/Benchmark/dataset/PepSet_dimer/4hdq.pdb L A
Total DockQ over 1 native interfaces: 0.813 with BA:LA model:native mapping
DockQ 0.813 iRMSD 1.220 LRMSD 2.796 fnat 0.933 fnonnat 0.200 F1 0.862 clashes 0 mapping BA:LA /home/junjiechen/1_work/250401-Dpepalign/Benchmark/protenix/PepSet/pred/4hdq/seed_44/predictions/4hdq_sample_2.cif B A -> /home/junjiechen/1_work/250401-Dpepalign/Benchmark/dataset/PepSet_dimer/4hdq.pdb L A
Total DockQ over 1 native interfaces: 0.799 with BA:LA model:native mapping
DockQ 0.799 iRMSD 1.180 LRMSD 2.654 fnat 0.867 fnonnat 0.235 F1 0.812 clashes 0 mapping BA:LA /home/junjiechen/1_work/250401-Dpepalign/Benchmark/protenix/PepSet/pred/4hdq/seed_44/predictions/4hdq_sample_4.cif B A -> /home/junjiechen/1_work/250401-Dpepalign/Benchmark/dataset/PepSet_dimer/4hdq.pdb L A
Total DockQ over 1 native interfaces: 0.780 with BA:LA model:native mapping
DockQ 0.780 iRMSD 1.261 LRMSD 3.027 fnat 0.867 fnonnat 0.333 F1 0.754 clashes 0 mapping BA:LA /home/junjiechen/1_work/250401-Dpepalign/Benchmark/protenix/PepSet/pred/4hdq/seed_44/predictions/4hdq_sample_3.cif B A -> /home/junjiechen/1_work/250401-Dpepalign/Benchmark/dataset/PepSet_dimer/4hdq.pdb L A
Total DockQ over 1 native interfaces: 0.360 with BA:LA model:native mapping
DockQ 0.360 iRMSD 2.514 LRMSD 8.693 fnat 0.329 fnonnat 0.578 F1 0.370 clashes 1 mapping BA:LA /home/junjiechen/1_work/250401-Dpepalign/Benchmark/protenix/PepSet/pred/4hom/seed_42/predictions/4hom_sample_0.cif B A -> /home/junjiechen/1_work/250401-Dpepalign/Benchmark/dataset/PepSet_dimer/4hom.pdb L A
Total DockQ over 1 native interfaces: 0.358 with BA:LA model:native mapping
DockQ 0.358 iRMSD 2.476 LRMSD 8.481 fnat 0.305 fnonnat 0.638 F1 0.331 clashes 0 mapping BA:LA /home/junjiechen/1_work/250401-Dpepalign/Benchmark/protenix/PepSet/pred/4hom/seed_42/predictions/4hom_sample_1.cif B A -> /home/junjiechen/1_work/250401-Dpepalign/Benchmark/dataset/PepSet_dimer/4hom.pdb L A
Total DockQ over 1 native interfaces: 0.303 with BA:LA model:native mapping
DockQ 0.303 iRMSD 2.888 LRMSD 10.348 fnat 0.293 fnonnat 0.647 F1 0.320 clashes 2 mapping BA:LA /home/junjiechen/1_work/250401-Dpepalign/Benchmark/protenix/PepSet/pred/4hom/seed_42/predictions/4hom_sample_4.cif B A -> /home/junjiechen/1_work/250401-Dpepalign/Benchmark/dataset/PepSet_dimer/4hom.pdb L A
Total DockQ over 1 native interfaces: 0.322 with BA:LA model:native mapping
DockQ 0.322 iRMSD 2.735 LRMSD 9.761 fnat 0.305 fnonnat 0.643 F1 0.329 clashes 0 mapping BA:LA /home/junjiechen/1_work/250401-Dpepalign/Benchmark/protenix/PepSet/pred/4hom/seed_42/predictions/4hom_sample_2.cif B A -> /home/junjiechen/1_work/250401-Dpepalign/Benchmark/dataset/PepSet_dimer/4hom.pdb L A
Total DockQ over 1 native interfaces: 0.375 with BA:LA model:native mapping
DockQ 0.375 iRMSD 2.334 LRMSD 8.055 fnat 0.305 fnonnat 0.648 F1 0.327 clashes 0 mapping BA:LA /home/junjiechen/1_work/250401-Dpepalign/Benchmark/protenix/PepSet/pred/4hom/seed_43/predictions/4hom_sample_2.cif B A -> /home/junjiechen/1_work/250401-Dpepalign/Benchmark/dataset/PepSet_dimer/4hom.pdb L A
Total DockQ over 1 native interfaces: 0.396 with BA:LA model:native mapping
DockQ 0.396 iRMSD 2.245 LRMSD 7.672 fnat 0.329 fnonnat 0.625 F1 0.351 clashes 1 mapping BA:LA /home/junjiechen/1_work/250401-Dpepalign/Benchmark/protenix/PepSet/pred/4hom/seed_43/predictions/4hom_sample_0.cif B A -> /home/junjiechen/1_work/250401-Dpepalign/Benchmark/dataset/PepSet_dimer/4hom.pdb L A
Total DockQ over 1 native interfaces: 0.327 with BA:LA model:native mapping
DockQ 0.327 iRMSD 2.701 LRMSD 9.571 fnat 0.305 fnonnat 0.638 F1 0.331 clashes 0 mapping BA:LA /home/junjiechen/1_work/250401-Dpepalign/Benchmark/protenix/PepSet/pred/4hom/seed_42/predictions/4hom_sample_3.cif B A -> /home/junjiechen/1_work/250401-Dpepalign/Benchmark/dataset/PepSet_dimer/4hom.pdb L A
Total DockQ over 1 native interfaces: 0.314 with BA:LA model:native mapping
DockQ 0.314 iRMSD 2.713 LRMSD 9.604 fnat 0.268 fnonnat 0.690 F1 0.288 clashes 0 mapping BA:LA /home/junjiechen/1_work/250401-Dpepalign/Benchmark/protenix/PepSet/pred/4hom/seed_43/predictions/4hom_sample_1.cif B A -> /home/junjiechen/1_work/250401-Dpepalign/Benchmark/dataset/PepSet_dimer/4hom.pdb L A
Total DockQ over 1 native interfaces: 0.339 with BA:LA model:native mapping
DockQ 0.339 iRMSD 2.591 LRMSD 9.182 fnat 0.305 fnonnat 0.648 F1 0.327 clashes 0 mapping BA:LA /home/junjiechen/1_work/250401-Dpepalign/Benchmark/protenix/PepSet/pred/4hom/seed_43/predictions/4hom_sample_3.cif B A -> /home/junjiechen/1_work/250401-Dpepalign/Benchmark/dataset/PepSet_dimer/4hom.pdb L A
Total DockQ over 1 native interfaces: 0.385 with BA:LA model:native mapping
DockQ 0.385 iRMSD 2.326 LRMSD 7.983 fnat 0.329 fnonnat 0.620 F1 0.353 clashes 0 mapping BA:LA /home/junjiechen/1_work/250401-Dpepalign/Benchmark/protenix/PepSet/pred/4hom/seed_43/predictions/4hom_sample_4.cif B A -> /home/junjiechen/1_work/250401-Dpepalign/Benchmark/dataset/PepSet_dimer/4hom.pdb L A
Total DockQ over 1 native interfaces: 0.970 with BA:LA model:native mapping
DockQ 0.970 iRMSD 0.372 LRMSD 0.621 fnat 0.972 fnonnat 0.054 F1 0.959 clashes 0 mapping BA:LA /home/junjiechen/1_work/250401-Dpepalign/Benchmark/protenix/PepSet/pred/4iga/seed_42/predictions/4iga_sample_0.cif B A -> /home/junjiechen/1_work/250401-Dpepalign/Benchmark/dataset/PepSet_dimer/4iga.pdb L A
Total DockQ over 1 native interfaces: 0.964 with BA:LA model:native mapping
DockQ 0.964 iRMSD 0.344 LRMSD 0.530 fnat 0.944 fnonnat 0.105 F1 0.919 clashes 0 mapping BA:LA /home/junjiechen/1_work/250401-Dpepalign/Benchmark/protenix/PepSet/pred/4iga/seed_42/predictions/4iga_sample_1.cif B A -> /home/junjiechen/1_work/250401-Dpepalign/Benchmark/dataset/PepSet_dimer/4iga.pdb L A
Total DockQ over 1 native interfaces: 0.331 with BA:LA model:native mapping
DockQ 0.331 iRMSD 2.703 LRMSD 9.579 fnat 0.317 fnonnat 0.653 F1 0.331 clashes 0 mapping BA:LA /home/junjiechen/1_work/250401-Dpepalign/Benchmark/protenix/PepSet/pred/4hom/seed_44/predictions/4hom_sample_0.cif B A -> /home/junjiechen/1_work/250401-Dpepalign/Benchmark/dataset/PepSet_dimer/4hom.pdb L A
Total DockQ over 1 native interfaces: 0.960 with BA:LA model:native mapping
DockQ 0.960 iRMSD 0.381 LRMSD 0.587 fnat 0.944 fnonnat 0.105 F1 0.919 clashes 0 mapping BA:LA /home/junjiechen/1_work/250401-Dpepalign/Benchmark/protenix/PepSet/pred/4iga/seed_42/predictions/4iga_sample_2.cif B A -> /home/junjiechen/1_work/250401-Dpepalign/Benchmark/dataset/PepSet_dimer/4iga.pdb L A
Total DockQ over 1 native interfaces: 0.330 with BA:LA model:native mapping
DockQ 0.330 iRMSD 2.653 LRMSD 9.310 fnat 0.293 fnonnat 0.662 F1 0.314 clashes 1 mapping BA:LA /home/junjiechen/1_work/250401-Dpepalign/Benchmark/protenix/PepSet/pred/4hom/seed_44/predictions/4hom_sample_1.cif B A -> /home/junjiechen/1_work/250401-Dpepalign/Benchmark/dataset/PepSet_dimer/4hom.pdb L A
Total DockQ over 1 native interfaces: 0.963 with BA:LA model:native mapping
DockQ 0.963 iRMSD 0.353 LRMSD 0.556 fnat 0.944 fnonnat 0.128 F1 0.907 clashes 0 mapping BA:LA /home/junjiechen/1_work/250401-Dpepalign/Benchmark/protenix/PepSet/pred/4iga/seed_42/predictions/4iga_sample_3.cif B A -> /home/junjiechen/1_work/250401-Dpepalign/Benchmark/dataset/PepSet_dimer/4iga.pdb L A
Total DockQ over 1 native interfaces: 0.965 with BA:LA model:native mapping
DockQ 0.965 iRMSD 0.407 LRMSD 0.723 fnat 0.972 fnonnat 0.028 F1 0.972 clashes 0 mapping BA:LA /home/junjiechen/1_work/250401-Dpepalign/Benchmark/protenix/PepSet/pred/4iga/seed_42/predictions/4iga_sample_4.cif B A -> /home/junjiechen/1_work/250401-Dpepalign/Benchmark/dataset/PepSet_dimer/4iga.pdb L A
Total DockQ over 1 native interfaces: 0.334 with BA:LA model:native mapping
DockQ 0.334 iRMSD 2.649 LRMSD 9.292 fnat 0.305 fnonnat 0.632 F1 0.333 clashes 0 mapping BA:LA /home/junjiechen/1_work/250401-Dpepalign/Benchmark/protenix/PepSet/pred/4hom/seed_44/predictions/4hom_sample_2.cif B A -> /home/junjiechen/1_work/250401-Dpepalign/Benchmark/dataset/PepSet_dimer/4hom.pdb L A
Total DockQ over 1 native interfaces: 0.321 with BA:LA model:native mapping
DockQ 0.321 iRMSD 2.778 LRMSD 9.965 fnat 0.317 fnonnat 0.675 F1 0.321 clashes 2 mapping BA:LA /home/junjiechen/1_work/250401-Dpepalign/Benchmark/protenix/PepSet/pred/4hom/seed_44/predictions/4hom_sample_3.cif B A -> /home/junjiechen/1_work/250401-Dpepalign/Benchmark/dataset/PepSet_dimer/4hom.pdb L A
Total DockQ over 1 native interfaces: 0.961 with BA:LA model:native mapping
DockQ 0.961 iRMSD 0.369 LRMSD 0.575 fnat 0.944 fnonnat 0.105 F1 0.919 clashes 0 mapping BA:LA /home/junjiechen/1_work/250401-Dpepalign/Benchmark/protenix/PepSet/pred/4iga/seed_43/predictions/4iga_sample_0.cif B A -> /home/junjiechen/1_work/250401-Dpepalign/Benchmark/dataset/PepSet_dimer/4iga.pdb L A
Total DockQ over 1 native interfaces: 0.397 with BA:LA model:native mapping
DockQ 0.397 iRMSD 2.182 LRMSD 7.826 fnat 0.329 fnonnat 0.645 F1 0.342 clashes 0 mapping BA:LA /home/junjiechen/1_work/250401-Dpepalign/Benchmark/protenix/PepSet/pred/4hom/seed_44/predictions/4hom_sample_4.cif B A -> /home/junjiechen/1_work/250401-Dpepalign/Benchmark/dataset/PepSet_dimer/4hom.pdb L A
Total DockQ over 1 native interfaces: 0.960 with BA:LA model:native mapping
DockQ 0.960 iRMSD 0.379 LRMSD 0.608 fnat 0.944 fnonnat 0.081 F1 0.932 clashes 0 mapping BA:LA /home/junjiechen/1_work/250401-Dpepalign/Benchmark/protenix/PepSet/pred/4iga/seed_43/predictions/4iga_sample_1.cif B A -> /home/junjiechen/1_work/250401-Dpepalign/Benchmark/dataset/PepSet_dimer/4iga.pdb L A
Total DockQ over 1 native interfaces: 0.969 with BA:LA model:native mapping
DockQ 0.969 iRMSD 0.384 LRMSD 0.617 fnat 0.972 fnonnat 0.103 F1 0.933 clashes 0 mapping BA:LA /home/junjiechen/1_work/250401-Dpepalign/Benchmark/protenix/PepSet/pred/4iga/seed_43/predictions/4iga_sample_4.cif B A -> /home/junjiechen/1_work/250401-Dpepalign/Benchmark/dataset/PepSet_dimer/4iga.pdb L A
Total DockQ over 1 native interfaces: 0.969 with BA:LA model:native mapping
DockQ 0.969 iRMSD 0.381 LRMSD 0.648 fnat 0.972 fnonnat 0.054 F1 0.959 clashes 0 mapping BA:LA /home/junjiechen/1_work/250401-Dpepalign/Benchmark/protenix/PepSet/pred/4iga/seed_43/predictions/4iga_sample_3.cif B A -> /home/junjiechen/1_work/250401-Dpepalign/Benchmark/dataset/PepSet_dimer/4iga.pdb L A
Total DockQ over 1 native interfaces: 0.954 with BA:LA model:native mapping
DockQ 0.954 iRMSD 0.428 LRMSD 0.653 fnat 0.944 fnonnat 0.105 F1 0.919 clashes 0 mapping BA:LA /home/junjiechen/1_work/250401-Dpepalign/Benchmark/protenix/PepSet/pred/4iga/seed_43/predictions/4iga_sample_2.cif B A -> /home/junjiechen/1_work/250401-Dpepalign/Benchmark/dataset/PepSet_dimer/4iga.pdb L A
Total DockQ over 1 native interfaces: 0.973 with BA:LA model:native mapping
DockQ 0.973 iRMSD 0.346 LRMSD 0.538 fnat 0.972 fnonnat 0.103 F1 0.933 clashes 0 mapping BA:LA /home/junjiechen/1_work/250401-Dpepalign/Benchmark/protenix/PepSet/pred/4iga/seed_44/predictions/4iga_sample_1.cif B A -> /home/junjiechen/1_work/250401-Dpepalign/Benchmark/dataset/PepSet_dimer/4iga.pdb L A
Total DockQ over 1 native interfaces: 0.959 with BA:LA model:native mapping
DockQ 0.959 iRMSD 0.389 LRMSD 0.587 fnat 0.944 fnonnat 0.081 F1 0.932 clashes 0 mapping BA:LA /home/junjiechen/1_work/250401-Dpepalign/Benchmark/protenix/PepSet/pred/4iga/seed_44/predictions/4iga_sample_2.cif B A -> /home/junjiechen/1_work/250401-Dpepalign/Benchmark/dataset/PepSet_dimer/4iga.pdb L A
Total DockQ over 1 native interfaces: 0.960 with BA:LA model:native mapping
DockQ 0.960 iRMSD 0.381 LRMSD 0.556 fnat 0.944 fnonnat 0.105 F1 0.919 clashes 0 mapping BA:LA /home/junjiechen/1_work/250401-Dpepalign/Benchmark/protenix/PepSet/pred/4iga/seed_44/predictions/4iga_sample_0.cif B A -> /home/junjiechen/1_work/250401-Dpepalign/Benchmark/dataset/PepSet_dimer/4iga.pdb L A
Total DockQ over 1 native interfaces: 0.973 with BA:LA model:native mapping
DockQ 0.973 iRMSD 0.341 LRMSD 0.541 fnat 0.972 fnonnat 0.103 F1 0.933 clashes 0 mapping BA:LA /home/junjiechen/1_work/250401-Dpepalign/Benchmark/protenix/PepSet/pred/4iga/seed_44/predictions/4iga_sample_4.cif B A -> /home/junjiechen/1_work/250401-Dpepalign/Benchmark/dataset/PepSet_dimer/4iga.pdb L A
Total DockQ over 1 native interfaces: 0.972 with BA:LA model:native mapping
DockQ 0.972 iRMSD 0.357 LRMSD 0.533 fnat 0.972 fnonnat 0.054 F1 0.959 clashes 0 mapping BA:LA /home/junjiechen/1_work/250401-Dpepalign/Benchmark/protenix/PepSet/pred/4iga/seed_44/predictions/4iga_sample_3.cif B A -> /home/junjiechen/1_work/250401-Dpepalign/Benchmark/dataset/PepSet_dimer/4iga.pdb L A
Total DockQ over 1 native interfaces: 0.901 with BA:LA model:native mapping
DockQ 0.901 iRMSD 0.876 LRMSD 0.964 fnat 0.971 fnonnat 0.081 F1 0.944 clashes 0 mapping BA:LA /home/junjiechen/1_work/250401-Dpepalign/Benchmark/protenix/PepSet/pred/4j2c/seed_42/predictions/4j2c_sample_0.cif B A -> /home/junjiechen/1_work/250401-Dpepalign/Benchmark/dataset/PepSet_dimer/4j2c.pdb L A
Total DockQ over 1 native interfaces: 0.915 with BA:LA model:native mapping
DockQ 0.915 iRMSD 0.792 LRMSD 0.750 fnat 0.971 fnonnat 0.105 F1 0.932 clashes 0 mapping BA:LA /home/junjiechen/1_work/250401-Dpepalign/Benchmark/protenix/PepSet/pred/4j2c/seed_42/predictions/4j2c_sample_1.cif B A -> /home/junjiechen/1_work/250401-Dpepalign/Benchmark/dataset/PepSet_dimer/4j2c.pdb L A
Total DockQ over 1 native interfaces: 0.876 with BA:LA model:native mapping
DockQ 0.876 iRMSD 1.063 LRMSD 0.816 fnat 0.971 fnonnat 0.081 F1 0.944 clashes 0 mapping BA:LA /home/junjiechen/1_work/250401-Dpepalign/Benchmark/protenix/PepSet/pred/4j2c/seed_42/predictions/4j2c_sample_3.cif B A -> /home/junjiechen/1_work/250401-Dpepalign/Benchmark/dataset/PepSet_dimer/4j2c.pdb L A
Total DockQ over 1 native interfaces: 0.900 with BA:LA model:native mapping
DockQ 0.900 iRMSD 0.893 LRMSD 0.835 fnat 0.971 fnonnat 0.105 F1 0.932 clashes 0 mapping BA:LA /home/junjiechen/1_work/250401-Dpepalign/Benchmark/protenix/PepSet/pred/4j2c/seed_42/predictions/4j2c_sample_2.cif B A -> /home/junjiechen/1_work/250401-Dpepalign/Benchmark/dataset/PepSet_dimer/4j2c.pdb L A
Total DockQ over 1 native interfaces: 0.928 with BA:LA model:native mapping
DockQ 0.928 iRMSD 0.702 LRMSD 0.737 fnat 0.971 fnonnat 0.105 F1 0.932 clashes 0 mapping BA:LA /home/junjiechen/1_work/250401-Dpepalign/Benchmark/protenix/PepSet/pred/4j2c/seed_43/predictions/4j2c_sample_1.cif B A -> /home/junjiechen/1_work/250401-Dpepalign/Benchmark/dataset/PepSet_dimer/4j2c.pdb L A
Total DockQ over 1 native interfaces: 0.891 with BA:LA model:native mapping
DockQ 0.891 iRMSD 0.965 LRMSD 0.702 fnat 0.971 fnonnat 0.128 F1 0.919 clashes 0 mapping BA:LA /home/junjiechen/1_work/250401-Dpepalign/Benchmark/protenix/PepSet/pred/4j2c/seed_43/predictions/4j2c_sample_2.cif B A -> /home/junjiechen/1_work/250401-Dpepalign/Benchmark/dataset/PepSet_dimer/4j2c.pdb L A
Total DockQ over 1 native interfaces: 0.937 with BA:LA model:native mapping
DockQ 0.937 iRMSD 0.639 LRMSD 0.629 fnat 0.971 fnonnat 0.128 F1 0.919 clashes 0 mapping BA:LA /home/junjiechen/1_work/250401-Dpepalign/Benchmark/protenix/PepSet/pred/4j2c/seed_43/predictions/4j2c_sample_0.cif B A -> /home/junjiechen/1_work/250401-Dpepalign/Benchmark/dataset/PepSet_dimer/4j2c.pdb L A
Total DockQ over 1 native interfaces: 0.925 with BA:LA model:native mapping
DockQ 0.925 iRMSD 0.721 LRMSD 0.820 fnat 0.971 fnonnat 0.105 F1 0.932 clashes 0 mapping BA:LA /home/junjiechen/1_work/250401-Dpepalign/Benchmark/protenix/PepSet/pred/4j2c/seed_42/predictions/4j2c_sample_4.cif B A -> /home/junjiechen/1_work/250401-Dpepalign/Benchmark/dataset/PepSet_dimer/4j2c.pdb L A
Total DockQ over 1 native interfaces: 0.923 with BA:LA model:native mapping
DockQ 0.923 iRMSD 0.670 LRMSD 0.759 fnat 0.943 fnonnat 0.083 F1 0.930 clashes 0 mapping BA:LA /home/junjiechen/1_work/250401-Dpepalign/Benchmark/protenix/PepSet/pred/4j2c/seed_43/predictions/4j2c_sample_4.cif B A -> /home/junjiechen/1_work/250401-Dpepalign/Benchmark/dataset/PepSet_dimer/4j2c.pdb L A
Total DockQ over 1 native interfaces: 0.921 with BA:LA model:native mapping
DockQ 0.921 iRMSD 0.747 LRMSD 0.783 fnat 0.971 fnonnat 0.128 F1 0.919 clashes 0 mapping BA:LA /home/junjiechen/1_work/250401-Dpepalign/Benchmark/protenix/PepSet/pred/4j2c/seed_44/predictions/4j2c_sample_0.cif B A -> /home/junjiechen/1_work/250401-Dpepalign/Benchmark/dataset/PepSet_dimer/4j2c.pdb L A
Total DockQ over 1 native interfaces: 0.885 with BA:LA model:native mapping
DockQ 0.885 iRMSD 0.994 LRMSD 0.892 fnat 0.971 fnonnat 0.128 F1 0.919 clashes 0 mapping BA:LA /home/junjiechen/1_work/250401-Dpepalign/Benchmark/protenix/PepSet/pred/4j2c/seed_43/predictions/4j2c_sample_3.cif B A -> /home/junjiechen/1_work/250401-Dpepalign/Benchmark/dataset/PepSet_dimer/4j2c.pdb L A
Total DockQ over 1 native interfaces: 0.925 with BA:LA model:native mapping
DockQ 0.925 iRMSD 0.721 LRMSD 0.751 fnat 0.971 fnonnat 0.105 F1 0.932 clashes 0 mapping BA:LA /home/junjiechen/1_work/250401-Dpepalign/Benchmark/protenix/PepSet/pred/4j2c/seed_44/predictions/4j2c_sample_1.cif B A -> /home/junjiechen/1_work/250401-Dpepalign/Benchmark/dataset/PepSet_dimer/4j2c.pdb L A
Total DockQ over 1 native interfaces: 0.895 with BA:LA model:native mapping
DockQ 0.895 iRMSD 0.932 LRMSD 0.725 fnat 0.971 fnonnat 0.128 F1 0.919 clashes 0 mapping BA:LA /home/junjiechen/1_work/250401-Dpepalign/Benchmark/protenix/PepSet/pred/4j2c/seed_44/predictions/4j2c_sample_3.cif B A -> /home/junjiechen/1_work/250401-Dpepalign/Benchmark/dataset/PepSet_dimer/4j2c.pdb L A
Total DockQ over 1 native interfaces: 0.902 with BA:LA model:native mapping
DockQ 0.902 iRMSD 0.887 LRMSD 0.736 fnat 0.971 fnonnat 0.056 F1 0.958 clashes 0 mapping BA:LA /home/junjiechen/1_work/250401-Dpepalign/Benchmark/protenix/PepSet/pred/4j2c/seed_44/predictions/4j2c_sample_4.cif B A -> /home/junjiechen/1_work/250401-Dpepalign/Benchmark/dataset/PepSet_dimer/4j2c.pdb L A
Total DockQ over 1 native interfaces: 0.901 with BA:LA model:native mapping
DockQ 0.901 iRMSD 0.887 LRMSD 0.885 fnat 0.971 fnonnat 0.056 F1 0.958 clashes 0 mapping BA:LA /home/junjiechen/1_work/250401-Dpepalign/Benchmark/protenix/PepSet/pred/4j2c/seed_44/predictions/4j2c_sample_2.cif B A -> /home/junjiechen/1_work/250401-Dpepalign/Benchmark/dataset/PepSet_dimer/4j2c.pdb L A
Total DockQ over 1 native interfaces: 0.943 with BA:LA model:native mapping
DockQ 0.943 iRMSD 0.387 LRMSD 1.073 fnat 0.906 fnonnat 0.065 F1 0.921 clashes 0 mapping BA:LA /home/junjiechen/1_work/250401-Dpepalign/Benchmark/protenix/PepSet/pred/4j8b/seed_42/predictions/4j8b_sample_0.cif B A -> /home/junjiechen/1_work/250401-Dpepalign/Benchmark/dataset/PepSet_dimer/4j8b.pdb L A
Total DockQ over 1 native interfaces: 0.942 with BA:LA model:native mapping
DockQ 0.942 iRMSD 0.393 LRMSD 1.039 fnat 0.906 fnonnat 0.065 F1 0.921 clashes 0 mapping BA:LA /home/junjiechen/1_work/250401-Dpepalign/Benchmark/protenix/PepSet/pred/4j8b/seed_42/predictions/4j8b_sample_1.cif B A -> /home/junjiechen/1_work/250401-Dpepalign/Benchmark/dataset/PepSet_dimer/4j8b.pdb L A
Total DockQ over 1 native interfaces: 0.935 with BA:LA model:native mapping
DockQ 0.935 iRMSD 0.456 LRMSD 1.081 fnat 0.906 fnonnat 0.065 F1 0.921 clashes 0 mapping BA:LA /home/junjiechen/1_work/250401-Dpepalign/Benchmark/protenix/PepSet/pred/4j8b/seed_42/predictions/4j8b_sample_3.cif B A -> /home/junjiechen/1_work/250401-Dpepalign/Benchmark/dataset/PepSet_dimer/4j8b.pdb L A
Total DockQ over 1 native interfaces: 0.927 with BA:LA model:native mapping
DockQ 0.927 iRMSD 0.432 LRMSD 1.111 fnat 0.875 fnonnat 0.034 F1 0.918 clashes 0 mapping BA:LA /home/junjiechen/1_work/250401-Dpepalign/Benchmark/protenix/PepSet/pred/4j8b/seed_43/predictions/4j8b_sample_0.cif B A -> /home/junjiechen/1_work/250401-Dpepalign/Benchmark/dataset/PepSet_dimer/4j8b.pdb L A
Total DockQ over 1 native interfaces: 0.938 with BA:LA model:native mapping
DockQ 0.938 iRMSD 0.426 LRMSD 1.134 fnat 0.906 fnonnat 0.065 F1 0.921 clashes 0 mapping BA:LA /home/junjiechen/1_work/250401-Dpepalign/Benchmark/protenix/PepSet/pred/4j8b/seed_42/predictions/4j8b_sample_2.cif B A -> /home/junjiechen/1_work/250401-Dpepalign/Benchmark/dataset/PepSet_dimer/4j8b.pdb L A
Total DockQ over 1 native interfaces: 0.954 with BA:LA model:native mapping
DockQ 0.954 iRMSD 0.391 LRMSD 0.942 fnat 0.938 fnonnat 0.062 F1 0.938 clashes 0 mapping BA:LA /home/junjiechen/1_work/250401-Dpepalign/Benchmark/protenix/PepSet/pred/4j8b/seed_42/predictions/4j8b_sample_4.cif B A -> /home/junjiechen/1_work/250401-Dpepalign/Benchmark/dataset/PepSet_dimer/4j8b.pdb L A
Total DockQ over 1 native interfaces: 0.937 with BA:LA model:native mapping
DockQ 0.937 iRMSD 0.439 LRMSD 1.063 fnat 0.906 fnonnat 0.033 F1 0.935 clashes 0 mapping BA:LA /home/junjiechen/1_work/250401-Dpepalign/Benchmark/protenix/PepSet/pred/4j8b/seed_43/predictions/4j8b_sample_1.cif B A -> /home/junjiechen/1_work/250401-Dpepalign/Benchmark/dataset/PepSet_dimer/4j8b.pdb L A
Total DockQ over 1 native interfaces: 0.943 with BA:LA model:native mapping
DockQ 0.943 iRMSD 0.394 LRMSD 0.984 fnat 0.906 fnonnat 0.065 F1 0.921 clashes 0 mapping BA:LA /home/junjiechen/1_work/250401-Dpepalign/Benchmark/protenix/PepSet/pred/4j8b/seed_43/predictions/4j8b_sample_2.cif B A -> /home/junjiechen/1_work/250401-Dpepalign/Benchmark/dataset/PepSet_dimer/4j8b.pdb L A
Total DockQ over 1 native interfaces: 0.951 with BA:LA model:native mapping
DockQ 0.951 iRMSD 0.414 LRMSD 0.945 fnat 0.938 fnonnat 0.062 F1 0.938 clashes 0 mapping BA:LA /home/junjiechen/1_work/250401-Dpepalign/Benchmark/protenix/PepSet/pred/4j8b/seed_43/predictions/4j8b_sample_4.cif B A -> /home/junjiechen/1_work/250401-Dpepalign/Benchmark/dataset/PepSet_dimer/4j8b.pdb L A
Total DockQ over 1 native interfaces: 0.942 with BA:LA model:native mapping
DockQ 0.942 iRMSD 0.394 LRMSD 1.105 fnat 0.906 fnonnat 0.065 F1 0.921 clashes 0 mapping BA:LA /home/junjiechen/1_work/250401-Dpepalign/Benchmark/protenix/PepSet/pred/4j8b/seed_44/predictions/4j8b_sample_0.cif B A -> /home/junjiechen/1_work/250401-Dpepalign/Benchmark/dataset/PepSet_dimer/4j8b.pdb L A
Total DockQ over 1 native interfaces: 0.946 with BA:LA model:native mapping
DockQ 0.946 iRMSD 0.377 LRMSD 0.853 fnat 0.906 fnonnat 0.065 F1 0.921 clashes 0 mapping BA:LA /home/junjiechen/1_work/250401-Dpepalign/Benchmark/protenix/PepSet/pred/4j8b/seed_43/predictions/4j8b_sample_3.cif B A -> /home/junjiechen/1_work/250401-Dpepalign/Benchmark/dataset/PepSet_dimer/4j8b.pdb L A
Total DockQ over 1 native interfaces: 0.942 with BA:LA model:native mapping
DockQ 0.942 iRMSD 0.405 LRMSD 0.995 fnat 0.906 fnonnat 0.065 F1 0.921 clashes 0 mapping BA:LA /home/junjiechen/1_work/250401-Dpepalign/Benchmark/protenix/PepSet/pred/4j8b/seed_44/predictions/4j8b_sample_1.cif B A -> /home/junjiechen/1_work/250401-Dpepalign/Benchmark/dataset/PepSet_dimer/4j8b.pdb L A
Total DockQ over 1 native interfaces: 0.941 with BA:LA model:native mapping
DockQ 0.941 iRMSD 0.415 LRMSD 0.982 fnat 0.906 fnonnat 0.065 F1 0.921 clashes 1 mapping BA:LA /home/junjiechen/1_work/250401-Dpepalign/Benchmark/protenix/PepSet/pred/4j8b/seed_44/predictions/4j8b_sample_3.cif B A -> /home/junjiechen/1_work/250401-Dpepalign/Benchmark/dataset/PepSet_dimer/4j8b.pdb L A
Total DockQ over 1 native interfaces: 0.907 with BA:LA model:native mapping
DockQ 0.907 iRMSD 0.497 LRMSD 1.325 fnat 0.844 fnonnat 0.069 F1 0.885 clashes 0 mapping BA:LA /home/junjiechen/1_work/250401-Dpepalign/Benchmark/protenix/PepSet/pred/4j8b/seed_44/predictions/4j8b_sample_4.cif B A -> /home/junjiechen/1_work/250401-Dpepalign/Benchmark/dataset/PepSet_dimer/4j8b.pdb L A
Total DockQ over 1 native interfaces: 0.819 with BA:LA model:native mapping
DockQ 0.819 iRMSD 1.245 LRMSD 3.345 fnat 1.000 fnonnat 0.227 F1 0.872 clashes 0 mapping BA:LA /home/junjiechen/1_work/250401-Dpepalign/Benchmark/protenix/PepSet/pred/4leb/seed_42/predictions/4leb_sample_1.cif B A -> /home/junjiechen/1_work/250401-Dpepalign/Benchmark/dataset/PepSet_dimer/4leb.pdb L A
Total DockQ over 1 native interfaces: 0.949 with BA:LA model:native mapping
DockQ 0.949 iRMSD 0.342 LRMSD 0.836 fnat 0.906 fnonnat 0.065 F1 0.921 clashes 0 mapping BA:LA /home/junjiechen/1_work/250401-Dpepalign/Benchmark/protenix/PepSet/pred/4j8b/seed_44/predictions/4j8b_sample_2.cif B A -> /home/junjiechen/1_work/250401-Dpepalign/Benchmark/dataset/PepSet_dimer/4j8b.pdb L A
Total DockQ over 1 native interfaces: 0.797 with BA:LA model:native mapping
DockQ 0.797 iRMSD 1.291 LRMSD 3.621 fnat 0.971 fnonnat 0.195 F1 0.880 clashes 0 mapping BA:LA /home/junjiechen/1_work/250401-Dpepalign/Benchmark/protenix/PepSet/pred/4leb/seed_42/predictions/4leb_sample_2.cif B A -> /home/junjiechen/1_work/250401-Dpepalign/Benchmark/dataset/PepSet_dimer/4leb.pdb L A
Total DockQ over 1 native interfaces: 0.821 with BA:LA model:native mapping
DockQ 0.821 iRMSD 1.240 LRMSD 3.289 fnat 1.000 fnonnat 0.244 F1 0.861 clashes 0 mapping BA:LA /home/junjiechen/1_work/250401-Dpepalign/Benchmark/protenix/PepSet/pred/4leb/seed_42/predictions/4leb_sample_0.cif B A -> /home/junjiechen/1_work/250401-Dpepalign/Benchmark/dataset/PepSet_dimer/4leb.pdb L A
Total DockQ over 1 native interfaces: 0.804 with BA:LA model:native mapping
DockQ 0.804 iRMSD 1.282 LRMSD 3.361 fnat 0.971 fnonnat 0.214 F1 0.868 clashes 0 mapping BA:LA /home/junjiechen/1_work/250401-Dpepalign/Benchmark/protenix/PepSet/pred/4leb/seed_42/predictions/4leb_sample_4.cif B A -> /home/junjiechen/1_work/250401-Dpepalign/Benchmark/dataset/PepSet_dimer/4leb.pdb L A
Total DockQ over 1 native interfaces: 0.801 with BA:LA model:native mapping
DockQ 0.801 iRMSD 1.286 LRMSD 3.469 fnat 0.971 fnonnat 0.214 F1 0.868 clashes 0 mapping BA:LA /home/junjiechen/1_work/250401-Dpepalign/Benchmark/protenix/PepSet/pred/4leb/seed_43/predictions/4leb_sample_0.cif B A -> /home/junjiechen/1_work/250401-Dpepalign/Benchmark/dataset/PepSet_dimer/4leb.pdb L A
Total DockQ over 1 native interfaces: 0.824 with BA:LA model:native mapping
DockQ 0.824 iRMSD 1.222 LRMSD 3.264 fnat 1.000 fnonnat 0.227 F1 0.872 clashes 0 mapping BA:LA /home/junjiechen/1_work/250401-Dpepalign/Benchmark/protenix/PepSet/pred/4leb/seed_42/predictions/4leb_sample_3.cif B A -> /home/junjiechen/1_work/250401-Dpepalign/Benchmark/dataset/PepSet_dimer/4leb.pdb L A
Total DockQ over 1 native interfaces: 0.814 with BA:LA model:native mapping
DockQ 0.814 iRMSD 1.271 LRMSD 3.415 fnat 1.000 fnonnat 0.227 F1 0.872 clashes 0 mapping BA:LA /home/junjiechen/1_work/250401-Dpepalign/Benchmark/protenix/PepSet/pred/4leb/seed_43/predictions/4leb_sample_1.cif B A -> /home/junjiechen/1_work/250401-Dpepalign/Benchmark/dataset/PepSet_dimer/4leb.pdb L A
Total DockQ over 1 native interfaces: 0.825 with BA:LA model:native mapping
DockQ 0.825 iRMSD 1.218 LRMSD 3.265 fnat 1.000 fnonnat 0.190 F1 0.895 clashes 0 mapping BA:LA /home/junjiechen/1_work/250401-Dpepalign/Benchmark/protenix/PepSet/pred/4leb/seed_43/predictions/4leb_sample_3.cif B A -> /home/junjiechen/1_work/250401-Dpepalign/Benchmark/dataset/PepSet_dimer/4leb.pdb L A
Total DockQ over 1 native interfaces: 0.816 with BA:LA model:native mapping
DockQ 0.816 iRMSD 1.249 LRMSD 3.444 fnat 1.000 fnonnat 0.227 F1 0.872 clashes 0 mapping BA:LA /home/junjiechen/1_work/250401-Dpepalign/Benchmark/protenix/PepSet/pred/4leb/seed_43/predictions/4leb_sample_2.cif B A -> /home/junjiechen/1_work/250401-Dpepalign/Benchmark/dataset/PepSet_dimer/4leb.pdb L A
Total DockQ over 1 native interfaces: 0.852 with BA:LA model:native mapping
DockQ 0.852 iRMSD 0.870 LRMSD 0.845 fnat 0.816 fnonnat 0.130 F1 0.842 clashes 0 mapping BA:LA /home/junjiechen/1_work/250401-Dpepalign/Benchmark/protenix/PepSet/pred/4lk9/seed_42/predictions/4lk9_sample_0.cif B A -> /home/junjiechen/1_work/250401-Dpepalign/Benchmark/dataset/PepSet_dimer/4lk9.pdb L A
Total DockQ over 1 native interfaces: 0.809 with BA:LA model:native mapping
DockQ 0.809 iRMSD 1.282 LRMSD 3.587 fnat 1.000 fnonnat 0.171 F1 0.907 clashes 0 mapping BA:LA /home/junjiechen/1_work/250401-Dpepalign/Benchmark/protenix/PepSet/pred/4leb/seed_43/predictions/4leb_sample_4.cif B A -> /home/junjiechen/1_work/250401-Dpepalign/Benchmark/dataset/PepSet_dimer/4leb.pdb L A
Total DockQ over 1 native interfaces: 0.819 with BA:LA model:native mapping
DockQ 0.819 iRMSD 1.239 LRMSD 3.381 fnat 1.000 fnonnat 0.227 F1 0.872 clashes 0 mapping BA:LA /home/junjiechen/1_work/250401-Dpepalign/Benchmark/protenix/PepSet/pred/4leb/seed_44/predictions/4leb_sample_0.cif B A -> /home/junjiechen/1_work/250401-Dpepalign/Benchmark/dataset/PepSet_dimer/4leb.pdb L A
Total DockQ over 1 native interfaces: 0.792 with BA:LA model:native mapping
DockQ 0.792 iRMSD 1.296 LRMSD 3.405 fnat 0.941 fnonnat 0.256 F1 0.831 clashes 0 mapping BA:LA /home/junjiechen/1_work/250401-Dpepalign/Benchmark/protenix/PepSet/pred/4leb/seed_44/predictions/4leb_sample_3.cif B A -> /home/junjiechen/1_work/250401-Dpepalign/Benchmark/dataset/PepSet_dimer/4leb.pdb L A
Total DockQ over 1 native interfaces: 0.798 with BA:LA model:native mapping
DockQ 0.798 iRMSD 1.305 LRMSD 3.494 fnat 0.971 fnonnat 0.233 F1 0.857 clashes 0 mapping BA:LA /home/junjiechen/1_work/250401-Dpepalign/Benchmark/protenix/PepSet/pred/4leb/seed_44/predictions/4leb_sample_2.cif B A -> /home/junjiechen/1_work/250401-Dpepalign/Benchmark/dataset/PepSet_dimer/4leb.pdb L A
Total DockQ over 1 native interfaces: 0.804 with BA:LA model:native mapping
DockQ 0.804 iRMSD 1.270 LRMSD 3.462 fnat 0.971 fnonnat 0.233 F1 0.857 clashes 0 mapping BA:LA /home/junjiechen/1_work/250401-Dpepalign/Benchmark/protenix/PepSet/pred/4leb/seed_44/predictions/4leb_sample_1.cif B A -> /home/junjiechen/1_work/250401-Dpepalign/Benchmark/dataset/PepSet_dimer/4leb.pdb L A
Total DockQ over 1 native interfaces: 0.809 with BA:LA model:native mapping
DockQ 0.809 iRMSD 1.291 LRMSD 3.552 fnat 1.000 fnonnat 0.227 F1 0.872 clashes 0 mapping BA:LA /home/junjiechen/1_work/250401-Dpepalign/Benchmark/protenix/PepSet/pred/4leb/seed_44/predictions/4leb_sample_4.cif B A -> /home/junjiechen/1_work/250401-Dpepalign/Benchmark/dataset/PepSet_dimer/4leb.pdb L A
Total DockQ over 1 native interfaces: 0.857 with BA:LA model:native mapping
DockQ 0.857 iRMSD 0.792 LRMSD 0.749 fnat 0.796 fnonnat 0.133 F1 0.830 clashes 0 mapping BA:LA /home/junjiechen/1_work/250401-Dpepalign/Benchmark/protenix/PepSet/pred/4lk9/seed_42/predictions/4lk9_sample_2.cif B A -> /home/junjiechen/1_work/250401-Dpepalign/Benchmark/dataset/PepSet_dimer/4lk9.pdb L A
Total DockQ over 1 native interfaces: 0.852 with BA:LA model:native mapping
DockQ 0.852 iRMSD 0.822 LRMSD 0.755 fnat 0.796 fnonnat 0.133 F1 0.830 clashes 0 mapping BA:LA /home/junjiechen/1_work/250401-Dpepalign/Benchmark/protenix/PepSet/pred/4lk9/seed_42/predictions/4lk9_sample_1.cif B A -> /home/junjiechen/1_work/250401-Dpepalign/Benchmark/dataset/PepSet_dimer/4lk9.pdb L A
Total DockQ over 1 native interfaces: 0.843 with BA:LA model:native mapping
DockQ 0.843 iRMSD 0.886 LRMSD 0.833 fnat 0.796 fnonnat 0.170 F1 0.812 clashes 0 mapping BA:LA /home/junjiechen/1_work/250401-Dpepalign/Benchmark/protenix/PepSet/pred/4lk9/seed_42/predictions/4lk9_sample_3.cif B A -> /home/junjiechen/1_work/250401-Dpepalign/Benchmark/dataset/PepSet_dimer/4lk9.pdb L A
Total DockQ over 1 native interfaces: 0.815 with BA:LA model:native mapping
DockQ 0.815 iRMSD 1.022 LRMSD 1.619 fnat 0.796 fnonnat 0.170 F1 0.812 clashes 0 mapping BA:LA /home/junjiechen/1_work/250401-Dpepalign/Benchmark/protenix/PepSet/pred/4lk9/seed_42/predictions/4lk9_sample_4.cif B A -> /home/junjiechen/1_work/250401-Dpepalign/Benchmark/dataset/PepSet_dimer/4lk9.pdb L A
Total DockQ over 1 native interfaces: 0.893 with BA:LA model:native mapping
DockQ 0.893 iRMSD 0.632 LRMSD 0.744 fnat 0.837 fnonnat 0.068 F1 0.882 clashes 0 mapping BA:LA /home/junjiechen/1_work/250401-Dpepalign/Benchmark/protenix/PepSet/pred/4lk9/seed_43/predictions/4lk9_sample_0.cif B A -> /home/junjiechen/1_work/250401-Dpepalign/Benchmark/dataset/PepSet_dimer/4lk9.pdb L A
Total DockQ over 1 native interfaces: 0.893 with BA:LA model:native mapping
DockQ 0.893 iRMSD 0.622 LRMSD 0.837 fnat 0.837 fnonnat 0.047 F1 0.891 clashes 0 mapping BA:LA /home/junjiechen/1_work/250401-Dpepalign/Benchmark/protenix/PepSet/pred/4lk9/seed_44/predictions/4lk9_sample_0.cif B A -> /home/junjiechen/1_work/250401-Dpepalign/Benchmark/dataset/PepSet_dimer/4lk9.pdb L A
Total DockQ over 1 native interfaces: 0.846 with BA:LA model:native mapping
DockQ 0.846 iRMSD 0.849 LRMSD 1.034 fnat 0.796 fnonnat 0.114 F1 0.839 clashes 0 mapping BA:LA /home/junjiechen/1_work/250401-Dpepalign/Benchmark/protenix/PepSet/pred/4lk9/seed_43/predictions/4lk9_sample_4.cif B A -> /home/junjiechen/1_work/250401-Dpepalign/Benchmark/dataset/PepSet_dimer/4lk9.pdb L A
Total DockQ over 1 native interfaces: 0.897 with BA:LA model:native mapping
DockQ 0.897 iRMSD 0.648 LRMSD 0.795 fnat 0.857 fnonnat 0.045 F1 0.903 clashes 0 mapping BA:LA /home/junjiechen/1_work/250401-Dpepalign/Benchmark/protenix/PepSet/pred/4lk9/seed_43/predictions/4lk9_sample_3.cif B A -> /home/junjiechen/1_work/250401-Dpepalign/Benchmark/dataset/PepSet_dimer/4lk9.pdb L A
Total DockQ over 1 native interfaces: 0.912 with BA:LA model:native mapping
DockQ 0.912 iRMSD 0.642 LRMSD 0.699 fnat 0.898 fnonnat 0.043 F1 0.926 clashes 0 mapping BA:LA /home/junjiechen/1_work/250401-Dpepalign/Benchmark/protenix/PepSet/pred/4lk9/seed_43/predictions/4lk9_sample_1.cif B A -> /home/junjiechen/1_work/250401-Dpepalign/Benchmark/dataset/PepSet_dimer/4lk9.pdb L A
Total DockQ over 1 native interfaces: 0.901 with BA:LA model:native mapping
DockQ 0.901 iRMSD 0.620 LRMSD 0.730 fnat 0.857 fnonnat 0.045 F1 0.903 clashes 0 mapping BA:LA /home/junjiechen/1_work/250401-Dpepalign/Benchmark/protenix/PepSet/pred/4lk9/seed_43/predictions/4lk9_sample_2.cif B A -> /home/junjiechen/1_work/250401-Dpepalign/Benchmark/dataset/PepSet_dimer/4lk9.pdb L A
Total DockQ over 1 native interfaces: 0.892 with BA:LA model:native mapping
DockQ 0.892 iRMSD 0.676 LRMSD 0.954 fnat 0.857 fnonnat 0.023 F1 0.913 clashes 0 mapping BA:LA /home/junjiechen/1_work/250401-Dpepalign/Benchmark/protenix/PepSet/pred/4lk9/seed_44/predictions/4lk9_sample_1.cif B A -> /home/junjiechen/1_work/250401-Dpepalign/Benchmark/dataset/PepSet_dimer/4lk9.pdb L A
Total DockQ over 1 native interfaces: 0.895 with BA:LA model:native mapping
DockQ 0.895 iRMSD 0.616 LRMSD 0.744 fnat 0.837 fnonnat 0.089 F1 0.872 clashes 0 mapping BA:LA /home/junjiechen/1_work/250401-Dpepalign/Benchmark/protenix/PepSet/pred/4lk9/seed_44/predictions/4lk9_sample_2.cif B A -> /home/junjiechen/1_work/250401-Dpepalign/Benchmark/dataset/PepSet_dimer/4lk9.pdb L A
Total DockQ over 1 native interfaces: 0.875 with BA:LA model:native mapping
DockQ 0.875 iRMSD 0.729 LRMSD 1.252 fnat 0.837 fnonnat 0.068 F1 0.882 clashes 0 mapping BA:LA /home/junjiechen/1_work/250401-Dpepalign/Benchmark/protenix/PepSet/pred/4lk9/seed_44/predictions/4lk9_sample_3.cif B A -> /home/junjiechen/1_work/250401-Dpepalign/Benchmark/dataset/PepSet_dimer/4lk9.pdb L A
Total DockQ over 1 native interfaces: 0.409 with BA:LA model:native mapping
DockQ 0.409 iRMSD 3.661 LRMSD 10.708 fnat 0.697 fnonnat 0.452 F1 0.613 clashes 0 mapping BA:LA /home/junjiechen/1_work/250401-Dpepalign/Benchmark/protenix/PepSet/pred/4lzf/seed_42/predictions/4lzf_sample_0.cif B A -> /home/junjiechen/1_work/250401-Dpepalign/Benchmark/dataset/PepSet_dimer/4lzf.pdb L A
Total DockQ over 1 native interfaces: 0.893 with BA:LA model:native mapping
DockQ 0.893 iRMSD 0.674 LRMSD 0.846 fnat 0.857 fnonnat 0.087 F1 0.884 clashes 0 mapping BA:LA /home/junjiechen/1_work/250401-Dpepalign/Benchmark/protenix/PepSet/pred/4lk9/seed_44/predictions/4lk9_sample_4.cif B A -> /home/junjiechen/1_work/250401-Dpepalign/Benchmark/dataset/PepSet_dimer/4lk9.pdb L A
Total DockQ over 1 native interfaces: 0.411 with BA:LA model:native mapping
DockQ 0.411 iRMSD 3.671 LRMSD 10.566 fnat 0.697 fnonnat 0.452 F1 0.613 clashes 0 mapping BA:LA /home/junjiechen/1_work/250401-Dpepalign/Benchmark/protenix/PepSet/pred/4lzf/seed_42/predictions/4lzf_sample_2.cif B A -> /home/junjiechen/1_work/250401-Dpepalign/Benchmark/dataset/PepSet_dimer/4lzf.pdb L A
Total DockQ over 1 native interfaces: 0.411 with BA:LA model:native mapping
DockQ 0.411 iRMSD 3.655 LRMSD 10.574 fnat 0.697 fnonnat 0.465 F1 0.605 clashes 0 mapping BA:LA /home/junjiechen/1_work/250401-Dpepalign/Benchmark/protenix/PepSet/pred/4lzf/seed_42/predictions/4lzf_sample_1.cif B A -> /home/junjiechen/1_work/250401-Dpepalign/Benchmark/dataset/PepSet_dimer/4lzf.pdb L A
Total DockQ over 1 native interfaces: 0.425 with BA:LA model:native mapping
DockQ 0.425 iRMSD 3.641 LRMSD 11.039 fnat 0.758 fnonnat 0.444 F1 0.641 clashes 0 mapping BA:LA /home/junjiechen/1_work/250401-Dpepalign/Benchmark/protenix/PepSet/pred/4lzf/seed_42/predictions/4lzf_sample_3.cif B A -> /home/junjiechen/1_work/250401-Dpepalign/Benchmark/dataset/PepSet_dimer/4lzf.pdb L A
Total DockQ over 1 native interfaces: 0.421 with BA:LA model:native mapping
DockQ 0.421 iRMSD 3.642 LRMSD 11.290 fnat 0.758 fnonnat 0.444 F1 0.641 clashes 0 mapping BA:LA /home/junjiechen/1_work/250401-Dpepalign/Benchmark/protenix/PepSet/pred/4lzf/seed_42/predictions/4lzf_sample_4.cif B A -> /home/junjiechen/1_work/250401-Dpepalign/Benchmark/dataset/PepSet_dimer/4lzf.pdb L A
Total DockQ over 1 native interfaces: 0.417 with BA:LA model:native mapping
DockQ 0.417 iRMSD 3.665 LRMSD 10.861 fnat 0.727 fnonnat 0.455 F1 0.623 clashes 0 mapping BA:LA /home/junjiechen/1_work/250401-Dpepalign/Benchmark/protenix/PepSet/pred/4lzf/seed_43/predictions/4lzf_sample_0.cif B A -> /home/junjiechen/1_work/250401-Dpepalign/Benchmark/dataset/PepSet_dimer/4lzf.pdb L A
Total DockQ over 1 native interfaces: 0.435 with BA:LA model:native mapping
DockQ 0.435 iRMSD 3.660 LRMSD 10.345 fnat 0.758 fnonnat 0.419 F1 0.658 clashes 0 mapping BA:LA /home/junjiechen/1_work/250401-Dpepalign/Benchmark/protenix/PepSet/pred/4lzf/seed_43/predictions/4lzf_sample_1.cif B A -> /home/junjiechen/1_work/250401-Dpepalign/Benchmark/dataset/PepSet_dimer/4lzf.pdb L A
Total DockQ over 1 native interfaces: 0.420 with BA:LA model:native mapping
DockQ 0.420 iRMSD 3.647 LRMSD 10.672 fnat 0.727 fnonnat 0.455 F1 0.623 clashes 0 mapping BA:LA /home/junjiechen/1_work/250401-Dpepalign/Benchmark/protenix/PepSet/pred/4lzf/seed_43/predictions/4lzf_sample_3.cif B A -> /home/junjiechen/1_work/250401-Dpepalign/Benchmark/dataset/PepSet_dimer/4lzf.pdb L A
Total DockQ over 1 native interfaces: 0.400 with BA:LA model:native mapping
DockQ 0.400 iRMSD 3.656 LRMSD 10.634 fnat 0.667 fnonnat 0.450 F1 0.603 clashes 0 mapping BA:LA /home/junjiechen/1_work/250401-Dpepalign/Benchmark/protenix/PepSet/pred/4lzf/seed_43/predictions/4lzf_sample_2.cif B A -> /home/junjiechen/1_work/250401-Dpepalign/Benchmark/dataset/PepSet_dimer/4lzf.pdb L A
Total DockQ over 1 native interfaces: 0.420 with BA:LA model:native mapping
DockQ 0.420 iRMSD 3.667 LRMSD 10.633 fnat 0.727 fnonnat 0.455 F1 0.623 clashes 0 mapping BA:LA /home/junjiechen/1_work/250401-Dpepalign/Benchmark/protenix/PepSet/pred/4lzf/seed_44/predictions/4lzf_sample_0.cif B A -> /home/junjiechen/1_work/250401-Dpepalign/Benchmark/dataset/PepSet_dimer/4lzf.pdb L A
Total DockQ over 1 native interfaces: 0.427 with BA:LA model:native mapping
DockQ 0.427 iRMSD 3.644 LRMSD 10.881 fnat 0.758 fnonnat 0.432 F1 0.649 clashes 0 mapping BA:LA /home/junjiechen/1_work/250401-Dpepalign/Benchmark/protenix/PepSet/pred/4lzf/seed_44/predictions/4lzf_sample_2.cif B A -> /home/junjiechen/1_work/250401-Dpepalign/Benchmark/dataset/PepSet_dimer/4lzf.pdb L A
Total DockQ over 1 native interfaces: 0.467 with BA:LA model:native mapping
DockQ 0.467 iRMSD 3.560 LRMSD 10.374 fnat 0.848 fnonnat 0.404 F1 0.700 clashes 0 mapping BA:LA /home/junjiechen/1_work/250401-Dpepalign/Benchmark/protenix/PepSet/pred/4lzf/seed_43/predictions/4lzf_sample_4.cif B A -> /home/junjiechen/1_work/250401-Dpepalign/Benchmark/dataset/PepSet_dimer/4lzf.pdb L A
Total DockQ over 1 native interfaces: 0.898 with BA:LA model:native mapping
DockQ 0.898 iRMSD 0.797 LRMSD 2.612 fnat 1.000 fnonnat 0.089 F1 0.953 clashes 0 mapping BA:LA /home/junjiechen/1_work/250401-Dpepalign/Benchmark/protenix/PepSet/pred/4m5s/seed_42/predictions/4m5s_sample_0.cif B A -> /home/junjiechen/1_work/250401-Dpepalign/Benchmark/dataset/PepSet_dimer/4m5s.pdb L A
Total DockQ over 1 native interfaces: 0.418 with BA:LA model:native mapping
DockQ 0.418 iRMSD 3.608 LRMSD 10.852 fnat 0.727 fnonnat 0.455 F1 0.623 clashes 0 mapping BA:LA /home/junjiechen/1_work/250401-Dpepalign/Benchmark/protenix/PepSet/pred/4lzf/seed_44/predictions/4lzf_sample_1.cif B A -> /home/junjiechen/1_work/250401-Dpepalign/Benchmark/dataset/PepSet_dimer/4lzf.pdb L A
Total DockQ over 1 native interfaces: 0.424 with BA:LA model:native mapping
DockQ 0.424 iRMSD 3.635 LRMSD 11.107 fnat 0.758 fnonnat 0.457 F1 0.633 clashes 0 mapping BA:LA /home/junjiechen/1_work/250401-Dpepalign/Benchmark/protenix/PepSet/pred/4lzf/seed_44/predictions/4lzf_sample_4.cif B A -> /home/junjiechen/1_work/250401-Dpepalign/Benchmark/dataset/PepSet_dimer/4lzf.pdb L A
Total DockQ over 1 native interfaces: 0.418 with BA:LA model:native mapping
DockQ 0.418 iRMSD 3.665 LRMSD 10.094 fnat 0.697 fnonnat 0.477 F1 0.597 clashes 0 mapping BA:LA /home/junjiechen/1_work/250401-Dpepalign/Benchmark/protenix/PepSet/pred/4lzf/seed_44/predictions/4lzf_sample_3.cif B A -> /home/junjiechen/1_work/250401-Dpepalign/Benchmark/dataset/PepSet_dimer/4lzf.pdb L A
Total DockQ over 1 native interfaces: 0.907 with BA:LA model:native mapping
DockQ 0.907 iRMSD 0.712 LRMSD 2.336 fnat 0.976 fnonnat 0.091 F1 0.941 clashes 0 mapping BA:LA /home/junjiechen/1_work/250401-Dpepalign/Benchmark/protenix/PepSet/pred/4m5s/seed_42/predictions/4m5s_sample_1.cif B A -> /home/junjiechen/1_work/250401-Dpepalign/Benchmark/dataset/PepSet_dimer/4m5s.pdb L A
Total DockQ over 1 native interfaces: 0.919 with BA:LA model:native mapping
DockQ 0.919 iRMSD 0.652 LRMSD 2.133 fnat 0.976 fnonnat 0.111 F1 0.930 clashes 0 mapping BA:LA /home/junjiechen/1_work/250401-Dpepalign/Benchmark/protenix/PepSet/pred/4m5s/seed_42/predictions/4m5s_sample_2.cif B A -> /home/junjiechen/1_work/250401-Dpepalign/Benchmark/dataset/PepSet_dimer/4m5s.pdb L A
Total DockQ over 1 native interfaces: 0.903 with BA:LA model:native mapping
DockQ 0.903 iRMSD 0.661 LRMSD 2.054 fnat 0.927 fnonnat 0.116 F1 0.905 clashes 0 mapping BA:LA /home/junjiechen/1_work/250401-Dpepalign/Benchmark/protenix/PepSet/pred/4m5s/seed_42/predictions/4m5s_sample_3.cif B A -> /home/junjiechen/1_work/250401-Dpepalign/Benchmark/dataset/PepSet_dimer/4m5s.pdb L A
Total DockQ over 1 native interfaces: 0.879 with BA:LA model:native mapping
DockQ 0.879 iRMSD 0.879 LRMSD 2.564 fnat 0.976 fnonnat 0.091 F1 0.941 clashes 0 mapping BA:LA /home/junjiechen/1_work/250401-Dpepalign/Benchmark/protenix/PepSet/pred/4m5s/seed_43/predictions/4m5s_sample_0.cif B A -> /home/junjiechen/1_work/250401-Dpepalign/Benchmark/dataset/PepSet_dimer/4m5s.pdb L A
Total DockQ over 1 native interfaces: 0.910 with BA:LA model:native mapping
DockQ 0.910 iRMSD 0.753 LRMSD 2.281 fnat 1.000 fnonnat 0.109 F1 0.943 clashes 0 mapping BA:LA /home/junjiechen/1_work/250401-Dpepalign/Benchmark/protenix/PepSet/pred/4m5s/seed_43/predictions/4m5s_sample_2.cif B A -> /home/junjiechen/1_work/250401-Dpepalign/Benchmark/dataset/PepSet_dimer/4m5s.pdb L A
Total DockQ over 1 native interfaces: 0.896 with BA:LA model:native mapping
DockQ 0.896 iRMSD 0.776 LRMSD 2.442 fnat 0.976 fnonnat 0.091 F1 0.941 clashes 0 mapping BA:LA /home/junjiechen/1_work/250401-Dpepalign/Benchmark/protenix/PepSet/pred/4m5s/seed_43/predictions/4m5s_sample_1.cif B A -> /home/junjiechen/1_work/250401-Dpepalign/Benchmark/dataset/PepSet_dimer/4m5s.pdb L A
Total DockQ over 1 native interfaces: 0.935 with BA:LA model:native mapping
DockQ 0.935 iRMSD 0.615 LRMSD 1.944 fnat 1.000 fnonnat 0.109 F1 0.943 clashes 0 mapping BA:LA /home/junjiechen/1_work/250401-Dpepalign/Benchmark/protenix/PepSet/pred/4m5s/seed_44/predictions/4m5s_sample_0.cif B A -> /home/junjiechen/1_work/250401-Dpepalign/Benchmark/dataset/PepSet_dimer/4m5s.pdb L A
Total DockQ over 1 native interfaces: 0.905 with BA:LA model:native mapping
DockQ 0.905 iRMSD 0.695 LRMSD 2.116 fnat 0.951 fnonnat 0.114 F1 0.918 clashes 0 mapping BA:LA /home/junjiechen/1_work/250401-Dpepalign/Benchmark/protenix/PepSet/pred/4m5s/seed_43/predictions/4m5s_sample_3.cif B A -> /home/junjiechen/1_work/250401-Dpepalign/Benchmark/dataset/PepSet_dimer/4m5s.pdb L A
Total DockQ over 1 native interfaces: 0.929 with BA:LA model:native mapping
DockQ 0.929 iRMSD 0.660 LRMSD 1.982 fnat 1.000 fnonnat 0.089 F1 0.953 clashes 0 mapping BA:LA /home/junjiechen/1_work/250401-Dpepalign/Benchmark/protenix/PepSet/pred/4m5s/seed_42/predictions/4m5s_sample_4.cif B A -> /home/junjiechen/1_work/250401-Dpepalign/Benchmark/dataset/PepSet_dimer/4m5s.pdb L A
Total DockQ over 1 native interfaces: 0.932 with BA:LA model:native mapping
DockQ 0.932 iRMSD 0.642 LRMSD 1.908 fnat 1.000 fnonnat 0.128 F1 0.932 clashes 0 mapping BA:LA /home/junjiechen/1_work/250401-Dpepalign/Benchmark/protenix/PepSet/pred/4m5s/seed_43/predictions/4m5s_sample_4.cif B A -> /home/junjiechen/1_work/250401-Dpepalign/Benchmark/dataset/PepSet_dimer/4m5s.pdb L A
Total DockQ over 1 native interfaces: 0.868 with BA:LA model:native mapping
DockQ 0.868 iRMSD 0.843 LRMSD 2.568 fnat 0.927 fnonnat 0.073 F1 0.927 clashes 0 mapping BA:LA /home/junjiechen/1_work/250401-Dpepalign/Benchmark/protenix/PepSet/pred/4m5s/seed_44/predictions/4m5s_sample_1.cif B A -> /home/junjiechen/1_work/250401-Dpepalign/Benchmark/dataset/PepSet_dimer/4m5s.pdb L A
Total DockQ over 1 native interfaces: 0.882 with BA:LA model:native mapping
DockQ 0.882 iRMSD 0.854 LRMSD 2.605 fnat 0.976 fnonnat 0.111 F1 0.930 clashes 0 mapping BA:LA /home/junjiechen/1_work/250401-Dpepalign/Benchmark/protenix/PepSet/pred/4m5s/seed_44/predictions/4m5s_sample_3.cif B A -> /home/junjiechen/1_work/250401-Dpepalign/Benchmark/dataset/PepSet_dimer/4m5s.pdb L A
Total DockQ over 1 native interfaces: 0.905 with BA:LA model:native mapping
DockQ 0.905 iRMSD 0.707 LRMSD 2.019 fnat 0.951 fnonnat 0.049 F1 0.951 clashes 0 mapping BA:LA /home/junjiechen/1_work/250401-Dpepalign/Benchmark/protenix/PepSet/pred/4m5s/seed_44/predictions/4m5s_sample_2.cif B A -> /home/junjiechen/1_work/250401-Dpepalign/Benchmark/dataset/PepSet_dimer/4m5s.pdb L A
Total DockQ over 1 native interfaces: 0.929 with BA:LA model:native mapping
DockQ 0.929 iRMSD 0.640 LRMSD 2.123 fnat 1.000 fnonnat 0.068 F1 0.965 clashes 0 mapping BA:LA /home/junjiechen/1_work/250401-Dpepalign/Benchmark/protenix/PepSet/pred/4m5s/seed_44/predictions/4m5s_sample_4.cif B A -> /home/junjiechen/1_work/250401-Dpepalign/Benchmark/dataset/PepSet_dimer/4m5s.pdb L A
Total DockQ over 1 native interfaces: 0.678 with BA:LA model:native mapping
DockQ 0.678 iRMSD 1.372 LRMSD 3.773 fnat 0.654 fnonnat 0.292 F1 0.680 clashes 0 mapping BA:LA /home/junjiechen/1_work/250401-Dpepalign/Benchmark/protenix/PepSet/pred/4m91/seed_42/predictions/4m91_sample_1.cif B A -> /home/junjiechen/1_work/250401-Dpepalign/Benchmark/dataset/PepSet_dimer/4m91.pdb L A
Total DockQ over 1 native interfaces: 0.658 with BA:LA model:native mapping
DockQ 0.658 iRMSD 1.482 LRMSD 4.068 fnat 0.654 fnonnat 0.346 F1 0.654 clashes 0 mapping BA:LA /home/junjiechen/1_work/250401-Dpepalign/Benchmark/protenix/PepSet/pred/4m91/seed_42/predictions/4m91_sample_0.cif B A -> /home/junjiechen/1_work/250401-Dpepalign/Benchmark/dataset/PepSet_dimer/4m91.pdb L A
Total DockQ over 1 native interfaces: 0.737 with BA:LA model:native mapping
DockQ 0.737 iRMSD 1.213 LRMSD 3.206 fnat 0.731 fnonnat 0.240 F1 0.745 clashes 0 mapping BA:LA /home/junjiechen/1_work/250401-Dpepalign/Benchmark/protenix/PepSet/pred/4m91/seed_42/predictions/4m91_sample_2.cif B A -> /home/junjiechen/1_work/250401-Dpepalign/Benchmark/dataset/PepSet_dimer/4m91.pdb L A
Total DockQ over 1 native interfaces: 0.682 with BA:LA model:native mapping
DockQ 0.682 iRMSD 1.483 LRMSD 4.116 fnat 0.731 fnonnat 0.296 F1 0.717 clashes 0 mapping BA:LA /home/junjiechen/1_work/250401-Dpepalign/Benchmark/protenix/PepSet/pred/4m91/seed_43/predictions/4m91_sample_0.cif B A -> /home/junjiechen/1_work/250401-Dpepalign/Benchmark/dataset/PepSet_dimer/4m91.pdb L A
Total DockQ over 1 native interfaces: 0.691 with BA:LA model:native mapping
DockQ 0.691 iRMSD 1.443 LRMSD 3.925 fnat 0.731 fnonnat 0.296 F1 0.717 clashes 0 mapping BA:LA /home/junjiechen/1_work/250401-Dpepalign/Benchmark/protenix/PepSet/pred/4m91/seed_42/predictions/4m91_sample_3.cif B A -> /home/junjiechen/1_work/250401-Dpepalign/Benchmark/dataset/PepSet_dimer/4m91.pdb L A
Total DockQ over 1 native interfaces: 0.739 with BA:LA model:native mapping
DockQ 0.739 iRMSD 1.198 LRMSD 3.186 fnat 0.731 fnonnat 0.296 F1 0.717 clashes 0 mapping BA:LA /home/junjiechen/1_work/250401-Dpepalign/Benchmark/protenix/PepSet/pred/4m91/seed_42/predictions/4m91_sample_4.cif B A -> /home/junjiechen/1_work/250401-Dpepalign/Benchmark/dataset/PepSet_dimer/4m91.pdb L A
Total DockQ over 1 native interfaces: 0.716 with BA:LA model:native mapping
DockQ 0.716 iRMSD 1.382 LRMSD 3.759 fnat 0.769 fnonnat 0.259 F1 0.755 clashes 0 mapping BA:LA /home/junjiechen/1_work/250401-Dpepalign/Benchmark/protenix/PepSet/pred/4m91/seed_43/predictions/4m91_sample_2.cif B A -> /home/junjiechen/1_work/250401-Dpepalign/Benchmark/dataset/PepSet_dimer/4m91.pdb L A
Total DockQ over 1 native interfaces: 0.783 with BA:LA model:native mapping
DockQ 0.783 iRMSD 1.159 LRMSD 3.190 fnat 0.846 fnonnat 0.214 F1 0.815 clashes 0 mapping BA:LA /home/junjiechen/1_work/250401-Dpepalign/Benchmark/protenix/PepSet/pred/4m91/seed_43/predictions/4m91_sample_1.cif B A -> /home/junjiechen/1_work/250401-Dpepalign/Benchmark/dataset/PepSet_dimer/4m91.pdb L A
Total DockQ over 1 native interfaces: 0.726 with BA:LA model:native mapping
DockQ 0.726 iRMSD 1.197 LRMSD 3.210 fnat 0.692 fnonnat 0.308 F1 0.692 clashes 0 mapping BA:LA /home/junjiechen/1_work/250401-Dpepalign/Benchmark/protenix/PepSet/pred/4m91/seed_43/predictions/4m91_sample_3.cif B A -> /home/junjiechen/1_work/250401-Dpepalign/Benchmark/dataset/PepSet_dimer/4m91.pdb L A
Total DockQ over 1 native interfaces: 0.776 with BA:LA model:native mapping
DockQ 0.776 iRMSD 1.210 LRMSD 3.199 fnat 0.846 fnonnat 0.312 F1 0.759 clashes 0 mapping BA:LA /home/junjiechen/1_work/250401-Dpepalign/Benchmark/protenix/PepSet/pred/4m91/seed_43/predictions/4m91_sample_4.cif B A -> /home/junjiechen/1_work/250401-Dpepalign/Benchmark/dataset/PepSet_dimer/4m91.pdb L A
Total DockQ over 1 native interfaces: 0.683 with BA:LA model:native mapping
DockQ 0.683 iRMSD 1.418 LRMSD 3.876 fnat 0.692 fnonnat 0.357 F1 0.667 clashes 0 mapping BA:LA /home/junjiechen/1_work/250401-Dpepalign/Benchmark/protenix/PepSet/pred/4m91/seed_44/predictions/4m91_sample_0.cif B A -> /home/junjiechen/1_work/250401-Dpepalign/Benchmark/dataset/PepSet_dimer/4m91.pdb L A
Total DockQ over 1 native interfaces: 0.783 with BA:LA model:native mapping
DockQ 0.783 iRMSD 1.095 LRMSD 2.989 fnat 0.808 fnonnat 0.250 F1 0.778 clashes 0 mapping BA:LA /home/junjiechen/1_work/250401-Dpepalign/Benchmark/protenix/PepSet/pred/4m91/seed_44/predictions/4m91_sample_2.cif B A -> /home/junjiechen/1_work/250401-Dpepalign/Benchmark/dataset/PepSet_dimer/4m91.pdb L A
Total DockQ over 1 native interfaces: 0.754 with BA:LA model:native mapping
DockQ 0.754 iRMSD 1.245 LRMSD 3.382 fnat 0.808 fnonnat 0.300 F1 0.750 clashes 0 mapping BA:LA /home/junjiechen/1_work/250401-Dpepalign/Benchmark/protenix/PepSet/pred/4m91/seed_44/predictions/4m91_sample_1.cif B A -> /home/junjiechen/1_work/250401-Dpepalign/Benchmark/dataset/PepSet_dimer/4m91.pdb L A
Total DockQ over 1 native interfaces: 0.776 with BA:LA model:native mapping
DockQ 0.776 iRMSD 1.199 LRMSD 3.279 fnat 0.846 fnonnat 0.241 F1 0.800 clashes 0 mapping BA:LA /home/junjiechen/1_work/250401-Dpepalign/Benchmark/protenix/PepSet/pred/4m91/seed_44/predictions/4m91_sample_3.cif B A -> /home/junjiechen/1_work/250401-Dpepalign/Benchmark/dataset/PepSet_dimer/4m91.pdb L A
Total DockQ over 1 native interfaces: 0.777 with BA:LA model:native mapping
DockQ 0.777 iRMSD 1.264 LRMSD 3.425 fnat 0.885 fnonnat 0.281 F1 0.793 clashes 0 mapping BA:LA /home/junjiechen/1_work/250401-Dpepalign/Benchmark/protenix/PepSet/pred/4m91/seed_44/predictions/4m91_sample_4.cif B A -> /home/junjiechen/1_work/250401-Dpepalign/Benchmark/dataset/PepSet_dimer/4m91.pdb L A
Total DockQ over 1 native interfaces: 0.499 with BA:LA model:native mapping
DockQ 0.499 iRMSD 2.519 LRMSD 4.793 fnat 0.475 fnonnat 0.561 F1 0.457 clashes 1 mapping BA:LA /home/junjiechen/1_work/250401-Dpepalign/Benchmark/protenix/PepSet/pred/4mvi/seed_42/predictions/4mvi_sample_0.cif B A -> /home/junjiechen/1_work/250401-Dpepalign/Benchmark/dataset/PepSet_dimer/4mvi.pdb L A
Total DockQ over 1 native interfaces: 0.470 with BA:LA model:native mapping
DockQ 0.470 iRMSD 2.602 LRMSD 5.131 fnat 0.426 fnonnat 0.574 F1 0.426 clashes 0 mapping BA:LA /home/junjiechen/1_work/250401-Dpepalign/Benchmark/protenix/PepSet/pred/4mvi/seed_42/predictions/4mvi_sample_1.cif B A -> /home/junjiechen/1_work/250401-Dpepalign/Benchmark/dataset/PepSet_dimer/4mvi.pdb L A
Total DockQ over 1 native interfaces: 0.464 with BA:LA model:native mapping
DockQ 0.464 iRMSD 2.581 LRMSD 5.380 fnat 0.426 fnonnat 0.587 F1 0.419 clashes 0 mapping BA:LA /home/junjiechen/1_work/250401-Dpepalign/Benchmark/protenix/PepSet/pred/4mvi/seed_42/predictions/4mvi_sample_2.cif B A -> /home/junjiechen/1_work/250401-Dpepalign/Benchmark/dataset/PepSet_dimer/4mvi.pdb L A
Total DockQ over 1 native interfaces: 0.463 with BA:LA model:native mapping
DockQ 0.463 iRMSD 2.634 LRMSD 5.336 fnat 0.426 fnonnat 0.612 F1 0.406 clashes 0 mapping BA:LA /home/junjiechen/1_work/250401-Dpepalign/Benchmark/protenix/PepSet/pred/4mvi/seed_42/predictions/4mvi_sample_3.cif B A -> /home/junjiechen/1_work/250401-Dpepalign/Benchmark/dataset/PepSet_dimer/4mvi.pdb L A
Total DockQ over 1 native interfaces: 0.524 with BA:LA model:native mapping
DockQ 0.524 iRMSD 2.415 LRMSD 4.208 fnat 0.492 fnonnat 0.595 F1 0.444 clashes 1 mapping BA:LA /home/junjiechen/1_work/250401-Dpepalign/Benchmark/protenix/PepSet/pred/4mvi/seed_42/predictions/4mvi_sample_4.cif B A -> /home/junjiechen/1_work/250401-Dpepalign/Benchmark/dataset/PepSet_dimer/4mvi.pdb L A
Total DockQ over 1 native interfaces: 0.400 with BA:LA model:native mapping
DockQ 0.400 iRMSD 2.700 LRMSD 5.967 fnat 0.295 fnonnat 0.705 F1 0.295 clashes 1 mapping BA:LA /home/junjiechen/1_work/250401-Dpepalign/Benchmark/protenix/PepSet/pred/4mvi/seed_43/predictions/4mvi_sample_0.cif B A -> /home/junjiechen/1_work/250401-Dpepalign/Benchmark/dataset/PepSet_dimer/4mvi.pdb L A
Total DockQ over 1 native interfaces: 0.517 with BA:LA model:native mapping
DockQ 0.517 iRMSD 2.189 LRMSD 4.194 fnat 0.426 fnonnat 0.527 F1 0.448 clashes 2 mapping BA:LA /home/junjiechen/1_work/250401-Dpepalign/Benchmark/protenix/PepSet/pred/4mvi/seed_43/predictions/4mvi_sample_1.cif B A -> /home/junjiechen/1_work/250401-Dpepalign/Benchmark/dataset/PepSet_dimer/4mvi.pdb L A
Total DockQ over 1 native interfaces: 0.407 with BA:LA model:native mapping
DockQ 0.407 iRMSD 2.651 LRMSD 6.222 fnat 0.328 fnonnat 0.677 F1 0.325 clashes 1 mapping BA:LA /home/junjiechen/1_work/250401-Dpepalign/Benchmark/protenix/PepSet/pred/4mvi/seed_43/predictions/4mvi_sample_2.cif B A -> /home/junjiechen/1_work/250401-Dpepalign/Benchmark/dataset/PepSet_dimer/4mvi.pdb L A
Total DockQ over 1 native interfaces: 0.477 with BA:LA model:native mapping
DockQ 0.477 iRMSD 2.576 LRMSD 5.120 fnat 0.443 fnonnat 0.571 F1 0.435 clashes 0 mapping BA:LA /home/junjiechen/1_work/250401-Dpepalign/Benchmark/protenix/PepSet/pred/4mvi/seed_43/predictions/4mvi_sample_4.cif B A -> /home/junjiechen/1_work/250401-Dpepalign/Benchmark/dataset/PepSet_dimer/4mvi.pdb L A
Total DockQ over 1 native interfaces: 0.471 with BA:LA model:native mapping
DockQ 0.471 iRMSD 2.370 LRMSD 4.927 fnat 0.377 fnonnat 0.574 F1 0.400 clashes 1 mapping BA:LA /home/junjiechen/1_work/250401-Dpepalign/Benchmark/protenix/PepSet/pred/4mvi/seed_43/predictions/4mvi_sample_3.cif B A -> /home/junjiechen/1_work/250401-Dpepalign/Benchmark/dataset/PepSet_dimer/4mvi.pdb L A
Total DockQ over 1 native interfaces: 0.527 with BA:LA model:native mapping
DockQ 0.527 iRMSD 2.331 LRMSD 4.938 fnat 0.541 fnonnat 0.515 F1 0.512 clashes 0 mapping BA:LA /home/junjiechen/1_work/250401-Dpepalign/Benchmark/protenix/PepSet/pred/4mvi/seed_44/predictions/4mvi_sample_1.cif B A -> /home/junjiechen/1_work/250401-Dpepalign/Benchmark/dataset/PepSet_dimer/4mvi.pdb L A
Total DockQ over 1 native interfaces: 0.498 with BA:LA model:native mapping
DockQ 0.498 iRMSD 2.566 LRMSD 5.157 fnat 0.508 fnonnat 0.508 F1 0.500 clashes 0 mapping BA:LA /home/junjiechen/1_work/250401-Dpepalign/Benchmark/protenix/PepSet/pred/4mvi/seed_44/predictions/4mvi_sample_0.cif B A -> /home/junjiechen/1_work/250401-Dpepalign/Benchmark/dataset/PepSet_dimer/4mvi.pdb L A
Total DockQ over 1 native interfaces: 0.538 with BA:LA model:native mapping
DockQ 0.538 iRMSD 2.285 LRMSD 4.198 fnat 0.508 fnonnat 0.492 F1 0.508 clashes 0 mapping BA:LA /home/junjiechen/1_work/250401-Dpepalign/Benchmark/protenix/PepSet/pred/4mvi/seed_44/predictions/4mvi_sample_2.cif B A -> /home/junjiechen/1_work/250401-Dpepalign/Benchmark/dataset/PepSet_dimer/4mvi.pdb L A
Total DockQ over 1 native interfaces: 0.372 with BA:LA model:native mapping
DockQ 0.372 iRMSD 3.033 LRMSD 7.808 fnat 0.377 fnonnat 0.582 F1 0.397 clashes 0 mapping BA:LA /home/junjiechen/1_work/250401-Dpepalign/Benchmark/protenix/PepSet/pred/4mvi/seed_44/predictions/4mvi_sample_4.cif B A -> /home/junjiechen/1_work/250401-Dpepalign/Benchmark/dataset/PepSet_dimer/4mvi.pdb L A
Total DockQ over 1 native interfaces: 0.529 with BA:LA model:native mapping
DockQ 0.529 iRMSD 2.470 LRMSD 4.136 fnat 0.508 fnonnat 0.537 F1 0.484 clashes 2 mapping BA:LA /home/junjiechen/1_work/250401-Dpepalign/Benchmark/protenix/PepSet/pred/4mvi/seed_44/predictions/4mvi_sample_3.cif B A -> /home/junjiechen/1_work/250401-Dpepalign/Benchmark/dataset/PepSet_dimer/4mvi.pdb L A
Total DockQ over 1 native interfaces: 0.758 with BA:LA model:native mapping
DockQ 0.758 iRMSD 1.593 LRMSD 0.957 fnat 0.816 fnonnat 0.139 F1 0.838 clashes 0 mapping BA:LA /home/junjiechen/1_work/250401-Dpepalign/Benchmark/protenix/PepSet/pred/4nuu/seed_42/predictions/4nuu_sample_0.cif B A -> /home/junjiechen/1_work/250401-Dpepalign/Benchmark/dataset/PepSet_dimer/4nuu.pdb L A
Total DockQ over 1 native interfaces: 0.750 with BA:LA model:native mapping
DockQ 0.750 iRMSD 1.601 LRMSD 0.742 fnat 0.789 fnonnat 0.143 F1 0.822 clashes 0 mapping BA:LA /home/junjiechen/1_work/250401-Dpepalign/Benchmark/protenix/PepSet/pred/4nuu/seed_42/predictions/4nuu_sample_4.cif B A -> /home/junjiechen/1_work/250401-Dpepalign/Benchmark/dataset/PepSet_dimer/4nuu.pdb L A
Total DockQ over 1 native interfaces: 0.731 with BA:LA model:native mapping
DockQ 0.731 iRMSD 1.598 LRMSD 1.003 fnat 0.737 fnonnat 0.097 F1 0.812 clashes 0 mapping BA:LA /home/junjiechen/1_work/250401-Dpepalign/Benchmark/protenix/PepSet/pred/4nuu/seed_42/predictions/4nuu_sample_3.cif B A -> /home/junjiechen/1_work/250401-Dpepalign/Benchmark/dataset/PepSet_dimer/4nuu.pdb L A
Total DockQ over 1 native interfaces: 0.733 with BA:LA model:native mapping
DockQ 0.733 iRMSD 1.761 LRMSD 0.894 fnat 0.789 fnonnat 0.167 F1 0.811 clashes 0 mapping BA:LA /home/junjiechen/1_work/250401-Dpepalign/Benchmark/protenix/PepSet/pred/4nuu/seed_42/predictions/4nuu_sample_1.cif B A -> /home/junjiechen/1_work/250401-Dpepalign/Benchmark/dataset/PepSet_dimer/4nuu.pdb L A
Total DockQ over 1 native interfaces: 0.711 with BA:LA model:native mapping
DockQ 0.711 iRMSD 1.860 LRMSD 1.348 fnat 0.763 fnonnat 0.171 F1 0.795 clashes 1 mapping BA:LA /home/junjiechen/1_work/250401-Dpepalign/Benchmark/protenix/PepSet/pred/4nuu/seed_43/predictions/4nuu_sample_0.cif B A -> /home/junjiechen/1_work/250401-Dpepalign/Benchmark/dataset/PepSet_dimer/4nuu.pdb L A
Total DockQ over 1 native interfaces: 0.720 with BA:LA model:native mapping
DockQ 0.720 iRMSD 1.709 LRMSD 0.953 fnat 0.737 fnonnat 0.097 F1 0.812 clashes 0 mapping BA:LA /home/junjiechen/1_work/250401-Dpepalign/Benchmark/protenix/PepSet/pred/4nuu/seed_42/predictions/4nuu_sample_2.cif B A -> /home/junjiechen/1_work/250401-Dpepalign/Benchmark/dataset/PepSet_dimer/4nuu.pdb L A
Total DockQ over 1 native interfaces: 0.739 with BA:LA model:native mapping
DockQ 0.739 iRMSD 1.791 LRMSD 0.897 fnat 0.816 fnonnat 0.205 F1 0.805 clashes 1 mapping BA:LA /home/junjiechen/1_work/250401-Dpepalign/Benchmark/protenix/PepSet/pred/4nuu/seed_43/predictions/4nuu_sample_2.cif B A -> /home/junjiechen/1_work/250401-Dpepalign/Benchmark/dataset/PepSet_dimer/4nuu.pdb L A
Total DockQ over 1 native interfaces: 0.651 with BA:LA model:native mapping
DockQ 0.651 iRMSD 2.533 LRMSD 1.133 fnat 0.711 fnonnat 0.182 F1 0.761 clashes 0 mapping BA:LA /home/junjiechen/1_work/250401-Dpepalign/Benchmark/protenix/PepSet/pred/4nuu/seed_43/predictions/4nuu_sample_1.cif B A -> /home/junjiechen/1_work/250401-Dpepalign/Benchmark/dataset/PepSet_dimer/4nuu.pdb L A
Total DockQ over 1 native interfaces: 0.649 with BA:LA model:native mapping
DockQ 0.649 iRMSD 2.589 LRMSD 1.078 fnat 0.711 fnonnat 0.129 F1 0.783 clashes 1 mapping BA:LA /home/junjiechen/1_work/250401-Dpepalign/Benchmark/protenix/PepSet/pred/4nuu/seed_43/predictions/4nuu_sample_3.cif B A -> /home/junjiechen/1_work/250401-Dpepalign/Benchmark/dataset/PepSet_dimer/4nuu.pdb L A
Total DockQ over 1 native interfaces: 0.650 with BA:LA model:native mapping
DockQ 0.650 iRMSD 2.800 LRMSD 0.883 fnat 0.737 fnonnat 0.243 F1 0.747 clashes 0 mapping BA:LA /home/junjiechen/1_work/250401-Dpepalign/Benchmark/protenix/PepSet/pred/4nuu/seed_43/predictions/4nuu_sample_4.cif B A -> /home/junjiechen/1_work/250401-Dpepalign/Benchmark/dataset/PepSet_dimer/4nuu.pdb L A
Total DockQ over 1 native interfaces: 0.652 with BA:LA model:native mapping
DockQ 0.652 iRMSD 2.707 LRMSD 1.041 fnat 0.737 fnonnat 0.200 F1 0.767 clashes 0 mapping BA:LA /home/junjiechen/1_work/250401-Dpepalign/Benchmark/protenix/PepSet/pred/4nuu/seed_44/predictions/4nuu_sample_0.cif B A -> /home/junjiechen/1_work/250401-Dpepalign/Benchmark/dataset/PepSet_dimer/4nuu.pdb L A
Total DockQ over 1 native interfaces: 0.651 with BA:LA model:native mapping
DockQ 0.651 iRMSD 2.675 LRMSD 1.346 fnat 0.737 fnonnat 0.222 F1 0.757 clashes 0 mapping BA:LA /home/junjiechen/1_work/250401-Dpepalign/Benchmark/protenix/PepSet/pred/4nuu/seed_44/predictions/4nuu_sample_1.cif B A -> /home/junjiechen/1_work/250401-Dpepalign/Benchmark/dataset/PepSet_dimer/4nuu.pdb L A
Total DockQ over 1 native interfaces: 0.894 with BA:LA model:native mapping
DockQ 0.894 iRMSD 0.669 LRMSD 1.307 fnat 0.872 fnonnat 0.056 F1 0.907 clashes 0 mapping BA:LA /home/junjiechen/1_work/250401-Dpepalign/Benchmark/protenix/PepSet/pred/4nxr/seed_42/predictions/4nxr_sample_0.cif B A -> /home/junjiechen/1_work/250401-Dpepalign/Benchmark/dataset/PepSet_dimer/4nxr.pdb L A
Total DockQ over 1 native interfaces: 0.645 with BA:LA model:native mapping
DockQ 0.645 iRMSD 2.801 LRMSD 1.353 fnat 0.737 fnonnat 0.176 F1 0.778 clashes 0 mapping BA:LA /home/junjiechen/1_work/250401-Dpepalign/Benchmark/protenix/PepSet/pred/4nuu/seed_44/predictions/4nuu_sample_2.cif B A -> /home/junjiechen/1_work/250401-Dpepalign/Benchmark/dataset/PepSet_dimer/4nuu.pdb L A
Total DockQ over 1 native interfaces: 0.932 with BA:LA model:native mapping
DockQ 0.932 iRMSD 0.619 LRMSD 0.686 fnat 0.949 fnonnat 0.098 F1 0.925 clashes 0 mapping BA:LA /home/junjiechen/1_work/250401-Dpepalign/Benchmark/protenix/PepSet/pred/4nxr/seed_42/predictions/4nxr_sample_1.cif B A -> /home/junjiechen/1_work/250401-Dpepalign/Benchmark/dataset/PepSet_dimer/4nxr.pdb L A
Total DockQ over 1 native interfaces: 0.642 with BA:LA model:native mapping
DockQ 0.642 iRMSD 2.765 LRMSD 0.974 fnat 0.711 fnonnat 0.250 F1 0.730 clashes 0 mapping BA:LA /home/junjiechen/1_work/250401-Dpepalign/Benchmark/protenix/PepSet/pred/4nuu/seed_44/predictions/4nuu_sample_3.cif B A -> /home/junjiechen/1_work/250401-Dpepalign/Benchmark/dataset/PepSet_dimer/4nuu.pdb L A
Total DockQ over 1 native interfaces: 0.884 with BA:LA model:native mapping
DockQ 0.884 iRMSD 0.688 LRMSD 1.250 fnat 0.846 fnonnat 0.108 F1 0.868 clashes 2 mapping BA:LA /home/junjiechen/1_work/250401-Dpepalign/Benchmark/protenix/PepSet/pred/4nxr/seed_42/predictions/4nxr_sample_3.cif B A -> /home/junjiechen/1_work/250401-Dpepalign/Benchmark/dataset/PepSet_dimer/4nxr.pdb L A
Total DockQ over 1 native interfaces: 0.877 with BA:LA model:native mapping
DockQ 0.877 iRMSD 0.732 LRMSD 1.329 fnat 0.846 fnonnat 0.083 F1 0.880 clashes 0 mapping BA:LA /home/junjiechen/1_work/250401-Dpepalign/Benchmark/protenix/PepSet/pred/4nxr/seed_42/predictions/4nxr_sample_4.cif B A -> /home/junjiechen/1_work/250401-Dpepalign/Benchmark/dataset/PepSet_dimer/4nxr.pdb L A
Total DockQ over 1 native interfaces: 0.910 with BA:LA model:native mapping
DockQ 0.910 iRMSD 0.698 LRMSD 1.073 fnat 0.923 fnonnat 0.077 F1 0.923 clashes 1 mapping BA:LA /home/junjiechen/1_work/250401-Dpepalign/Benchmark/protenix/PepSet/pred/4nxr/seed_42/predictions/4nxr_sample_2.cif B A -> /home/junjiechen/1_work/250401-Dpepalign/Benchmark/dataset/PepSet_dimer/4nxr.pdb L A
Total DockQ over 1 native interfaces: 0.658 with BA:LA model:native mapping
DockQ 0.658 iRMSD 2.557 LRMSD 1.216 fnat 0.737 fnonnat 0.097 F1 0.812 clashes 0 mapping BA:LA /home/junjiechen/1_work/250401-Dpepalign/Benchmark/protenix/PepSet/pred/4nuu/seed_44/predictions/4nuu_sample_4.cif B A -> /home/junjiechen/1_work/250401-Dpepalign/Benchmark/dataset/PepSet_dimer/4nuu.pdb L A
Total DockQ over 1 native interfaces: 0.883 with BA:LA model:native mapping
DockQ 0.883 iRMSD 0.764 LRMSD 1.157 fnat 0.872 fnonnat 0.128 F1 0.872 clashes 0 mapping BA:LA /home/junjiechen/1_work/250401-Dpepalign/Benchmark/protenix/PepSet/pred/4nxr/seed_43/predictions/4nxr_sample_0.cif B A -> /home/junjiechen/1_work/250401-Dpepalign/Benchmark/dataset/PepSet_dimer/4nxr.pdb L A
Total DockQ over 1 native interfaces: 0.895 with BA:LA model:native mapping
DockQ 0.895 iRMSD 0.747 LRMSD 0.979 fnat 0.897 fnonnat 0.079 F1 0.909 clashes 0 mapping BA:LA /home/junjiechen/1_work/250401-Dpepalign/Benchmark/protenix/PepSet/pred/4nxr/seed_44/predictions/4nxr_sample_0.cif B A -> /home/junjiechen/1_work/250401-Dpepalign/Benchmark/dataset/PepSet_dimer/4nxr.pdb L A
Total DockQ over 1 native interfaces: 0.924 with BA:LA model:native mapping
DockQ 0.924 iRMSD 0.618 LRMSD 0.650 fnat 0.923 fnonnat 0.077 F1 0.923 clashes 0 mapping BA:LA /home/junjiechen/1_work/250401-Dpepalign/Benchmark/protenix/PepSet/pred/4nxr/seed_43/predictions/4nxr_sample_1.cif B A -> /home/junjiechen/1_work/250401-Dpepalign/Benchmark/dataset/PepSet_dimer/4nxr.pdb L A
Total DockQ over 1 native interfaces: 0.895 with BA:LA model:native mapping
DockQ 0.895 iRMSD 0.724 LRMSD 1.289 fnat 0.897 fnonnat 0.079 F1 0.909 clashes 0 mapping BA:LA /home/junjiechen/1_work/250401-Dpepalign/Benchmark/protenix/PepSet/pred/4nxr/seed_43/predictions/4nxr_sample_2.cif B A -> /home/junjiechen/1_work/250401-Dpepalign/Benchmark/dataset/PepSet_dimer/4nxr.pdb L A
Total DockQ over 1 native interfaces: 0.847 with BA:LA model:native mapping
DockQ 0.847 iRMSD 0.836 LRMSD 1.798 fnat 0.821 fnonnat 0.111 F1 0.853 clashes 1 mapping BA:LA /home/junjiechen/1_work/250401-Dpepalign/Benchmark/protenix/PepSet/pred/4nxr/seed_43/predictions/4nxr_sample_4.cif B A -> /home/junjiechen/1_work/250401-Dpepalign/Benchmark/dataset/PepSet_dimer/4nxr.pdb L A
Total DockQ over 1 native interfaces: 0.906 with BA:LA model:native mapping
DockQ 0.906 iRMSD 0.729 LRMSD 0.999 fnat 0.923 fnonnat 0.143 F1 0.889 clashes 1 mapping BA:LA /home/junjiechen/1_work/250401-Dpepalign/Benchmark/protenix/PepSet/pred/4nxr/seed_43/predictions/4nxr_sample_3.cif B A -> /home/junjiechen/1_work/250401-Dpepalign/Benchmark/dataset/PepSet_dimer/4nxr.pdb L A
Total DockQ over 1 native interfaces: 0.899 with BA:LA model:native mapping
DockQ 0.899 iRMSD 0.721 LRMSD 0.960 fnat 0.897 fnonnat 0.103 F1 0.897 clashes 1 mapping BA:LA /home/junjiechen/1_work/250401-Dpepalign/Benchmark/protenix/PepSet/pred/4nxr/seed_44/predictions/4nxr_sample_3.cif B A -> /home/junjiechen/1_work/250401-Dpepalign/Benchmark/dataset/PepSet_dimer/4nxr.pdb L A
Total DockQ over 1 native interfaces: 0.907 with BA:LA model:native mapping
DockQ 0.907 iRMSD 0.658 LRMSD 1.057 fnat 0.897 fnonnat 0.103 F1 0.897 clashes 0 mapping BA:LA /home/junjiechen/1_work/250401-Dpepalign/Benchmark/protenix/PepSet/pred/4nxr/seed_44/predictions/4nxr_sample_4.cif B A -> /home/junjiechen/1_work/250401-Dpepalign/Benchmark/dataset/PepSet_dimer/4nxr.pdb L A
Total DockQ over 1 native interfaces: 0.921 with BA:LA model:native mapping
DockQ 0.921 iRMSD 0.690 LRMSD 0.861 fnat 0.949 fnonnat 0.119 F1 0.914 clashes 0 mapping BA:LA /home/junjiechen/1_work/250401-Dpepalign/Benchmark/protenix/PepSet/pred/4nxr/seed_44/predictions/4nxr_sample_1.cif B A -> /home/junjiechen/1_work/250401-Dpepalign/Benchmark/dataset/PepSet_dimer/4nxr.pdb L A
Total DockQ over 1 native interfaces: 0.874 with BA:LA model:native mapping
DockQ 0.874 iRMSD 0.796 LRMSD 1.478 fnat 0.872 fnonnat 0.171 F1 0.850 clashes 0 mapping BA:LA /home/junjiechen/1_work/250401-Dpepalign/Benchmark/protenix/PepSet/pred/4nxr/seed_44/predictions/4nxr_sample_2.cif B A -> /home/junjiechen/1_work/250401-Dpepalign/Benchmark/dataset/PepSet_dimer/4nxr.pdb L A
Total DockQ over 1 native interfaces: 0.726 with BA:LA model:native mapping
DockQ 0.726 iRMSD 1.609 LRMSD 2.263 fnat 0.778 fnonnat 0.067 F1 0.848 clashes 0 mapping BA:LA /home/junjiechen/1_work/250401-Dpepalign/Benchmark/protenix/PepSet/pred/4ny3/seed_42/predictions/4ny3_sample_0.cif B A -> /home/junjiechen/1_work/250401-Dpepalign/Benchmark/dataset/PepSet_dimer/4ny3.pdb L A
Total DockQ over 1 native interfaces: 0.758 with BA:LA model:native mapping
DockQ 0.758 iRMSD 1.633 LRMSD 2.394 fnat 0.889 fnonnat 0.059 F1 0.914 clashes 0 mapping BA:LA /home/junjiechen/1_work/250401-Dpepalign/Benchmark/protenix/PepSet/pred/4ny3/seed_42/predictions/4ny3_sample_1.cif B A -> /home/junjiechen/1_work/250401-Dpepalign/Benchmark/dataset/PepSet_dimer/4ny3.pdb L A
Total DockQ over 1 native interfaces: 0.714 with BA:LA model:native mapping
DockQ 0.714 iRMSD 1.949 LRMSD 3.100 fnat 0.889 fnonnat 0.059 F1 0.914 clashes 0 mapping BA:LA /home/junjiechen/1_work/250401-Dpepalign/Benchmark/protenix/PepSet/pred/4ny3/seed_42/predictions/4ny3_sample_2.cif B A -> /home/junjiechen/1_work/250401-Dpepalign/Benchmark/dataset/PepSet_dimer/4ny3.pdb L A
Total DockQ over 1 native interfaces: 0.715 with BA:LA model:native mapping
DockQ 0.715 iRMSD 1.952 LRMSD 2.150 fnat 0.833 fnonnat 0.062 F1 0.882 clashes 0 mapping BA:LA /home/junjiechen/1_work/250401-Dpepalign/Benchmark/protenix/PepSet/pred/4ny3/seed_42/predictions/4ny3_sample_4.cif B A -> /home/junjiechen/1_work/250401-Dpepalign/Benchmark/dataset/PepSet_dimer/4ny3.pdb L A
Total DockQ over 1 native interfaces: 0.695 with BA:LA model:native mapping
DockQ 0.695 iRMSD 2.087 LRMSD 2.631 fnat 0.833 fnonnat 0.118 F1 0.857 clashes 0 mapping BA:LA /home/junjiechen/1_work/250401-Dpepalign/Benchmark/protenix/PepSet/pred/4ny3/seed_42/predictions/4ny3_sample_3.cif B A -> /home/junjiechen/1_work/250401-Dpepalign/Benchmark/dataset/PepSet_dimer/4ny3.pdb L A
Total DockQ over 1 native interfaces: 0.760 with BA:LA model:native mapping
DockQ 0.760 iRMSD 1.357 LRMSD 1.891 fnat 0.778 fnonnat 0.000 F1 0.875 clashes 0 mapping BA:LA /home/junjiechen/1_work/250401-Dpepalign/Benchmark/protenix/PepSet/pred/4ny3/seed_43/predictions/4ny3_sample_3.cif B A -> /home/junjiechen/1_work/250401-Dpepalign/Benchmark/dataset/PepSet_dimer/4ny3.pdb L A
Total DockQ over 1 native interfaces: 0.740 with BA:LA model:native mapping
DockQ 0.740 iRMSD 1.799 LRMSD 2.489 fnat 0.889 fnonnat 0.059 F1 0.914 clashes 0 mapping BA:LA /home/junjiechen/1_work/250401-Dpepalign/Benchmark/protenix/PepSet/pred/4ny3/seed_43/predictions/4ny3_sample_2.cif B A -> /home/junjiechen/1_work/250401-Dpepalign/Benchmark/dataset/PepSet_dimer/4ny3.pdb L A
Total DockQ over 1 native interfaces: 0.757 with BA:LA model:native mapping
DockQ 0.757 iRMSD 1.692 LRMSD 2.121 fnat 0.889 fnonnat 0.111 F1 0.889 clashes 0 mapping BA:LA /home/junjiechen/1_work/250401-Dpepalign/Benchmark/protenix/PepSet/pred/4ny3/seed_43/predictions/4ny3_sample_1.cif B A -> /home/junjiechen/1_work/250401-Dpepalign/Benchmark/dataset/PepSet_dimer/4ny3.pdb L A
Total DockQ over 1 native interfaces: 0.765 with BA:LA model:native mapping
DockQ 0.765 iRMSD 1.613 LRMSD 2.087 fnat 0.889 fnonnat 0.059 F1 0.914 clashes 0 mapping BA:LA /home/junjiechen/1_work/250401-Dpepalign/Benchmark/protenix/PepSet/pred/4ny3/seed_43/predictions/4ny3_sample_0.cif B A -> /home/junjiechen/1_work/250401-Dpepalign/Benchmark/dataset/PepSet_dimer/4ny3.pdb L A
Total DockQ over 1 native interfaces: 0.709 with BA:LA model:native mapping
DockQ 0.709 iRMSD 1.970 LRMSD 2.369 fnat 0.833 fnonnat 0.062 F1 0.882 clashes 0 mapping BA:LA /home/junjiechen/1_work/250401-Dpepalign/Benchmark/protenix/PepSet/pred/4ny3/seed_43/predictions/4ny3_sample_4.cif B A -> /home/junjiechen/1_work/250401-Dpepalign/Benchmark/dataset/PepSet_dimer/4ny3.pdb L A
Total DockQ over 1 native interfaces: 0.719 with BA:LA model:native mapping
DockQ 0.719 iRMSD 2.061 LRMSD 2.450 fnat 0.889 fnonnat 0.158 F1 0.865 clashes 1 mapping BA:LA /home/junjiechen/1_work/250401-Dpepalign/Benchmark/protenix/PepSet/pred/4ny3/seed_44/predictions/4ny3_sample_0.cif B A -> /home/junjiechen/1_work/250401-Dpepalign/Benchmark/dataset/PepSet_dimer/4ny3.pdb L A
Total DockQ over 1 native interfaces: 0.701 with BA:LA model:native mapping
DockQ 0.701 iRMSD 1.775 LRMSD 2.695 fnat 0.778 fnonnat 0.067 F1 0.848 clashes 0 mapping BA:LA /home/junjiechen/1_work/250401-Dpepalign/Benchmark/protenix/PepSet/pred/4ny3/seed_44/predictions/4ny3_sample_2.cif B A -> /home/junjiechen/1_work/250401-Dpepalign/Benchmark/dataset/PepSet_dimer/4ny3.pdb L A
Total DockQ over 1 native interfaces: 0.703 with BA:LA model:native mapping
DockQ 0.703 iRMSD 1.775 LRMSD 2.578 fnat 0.778 fnonnat 0.067 F1 0.848 clashes 0 mapping BA:LA /home/junjiechen/1_work/250401-Dpepalign/Benchmark/protenix/PepSet/pred/4ny3/seed_44/predictions/4ny3_sample_1.cif B A -> /home/junjiechen/1_work/250401-Dpepalign/Benchmark/dataset/PepSet_dimer/4ny3.pdb L A
Total DockQ over 1 native interfaces: 0.040 with BA:LA model:native mapping
DockQ 0.040 iRMSD 9.481 LRMSD 25.951 fnat 0.000 fnonnat 1.000 F1 0.000 clashes 1 mapping BA:LA /home/junjiechen/1_work/250401-Dpepalign/Benchmark/protenix/PepSet/pred/4odk/seed_42/predictions/4odk_sample_0.cif B A -> /home/junjiechen/1_work/250401-Dpepalign/Benchmark/dataset/PepSet_dimer/4odk.pdb L A
Total DockQ over 1 native interfaces: 0.041 with BA:LA model:native mapping
DockQ 0.041 iRMSD 9.315 LRMSD 25.775 fnat 0.000 fnonnat 1.000 F1 0.000 clashes 1 mapping BA:LA /home/junjiechen/1_work/250401-Dpepalign/Benchmark/protenix/PepSet/pred/4odk/seed_42/predictions/4odk_sample_1.cif B A -> /home/junjiechen/1_work/250401-Dpepalign/Benchmark/dataset/PepSet_dimer/4odk.pdb L A
Total DockQ over 1 native interfaces: 0.043 with BA:LA model:native mapping
DockQ 0.043 iRMSD 9.310 LRMSD 25.155 fnat 0.000 fnonnat 1.000 F1 0.000 clashes 0 mapping BA:LA /home/junjiechen/1_work/250401-Dpepalign/Benchmark/protenix/PepSet/pred/4odk/seed_42/predictions/4odk_sample_2.cif B A -> /home/junjiechen/1_work/250401-Dpepalign/Benchmark/dataset/PepSet_dimer/4odk.pdb L A
Total DockQ over 1 native interfaces: 0.047 with BA:LA model:native mapping
DockQ 0.047 iRMSD 8.614 LRMSD 23.865 fnat 0.000 fnonnat 1.000 F1 0.000 clashes 0 mapping BA:LA /home/junjiechen/1_work/250401-Dpepalign/Benchmark/protenix/PepSet/pred/4odk/seed_42/predictions/4odk_sample_4.cif B A -> /home/junjiechen/1_work/250401-Dpepalign/Benchmark/dataset/PepSet_dimer/4odk.pdb L A
Total DockQ over 1 native interfaces: 0.049 with BA:LA model:native mapping
DockQ 0.049 iRMSD 8.123 LRMSD 23.708 fnat 0.000 fnonnat 1.000 F1 0.000 clashes 1 mapping BA:LA /home/junjiechen/1_work/250401-Dpepalign/Benchmark/protenix/PepSet/pred/4odk/seed_42/predictions/4odk_sample_3.cif B A -> /home/junjiechen/1_work/250401-Dpepalign/Benchmark/dataset/PepSet_dimer/4odk.pdb L A
Total DockQ over 1 native interfaces: 0.695 with BA:LA model:native mapping
DockQ 0.695 iRMSD 2.048 LRMSD 2.804 fnat 0.833 fnonnat 0.118 F1 0.857 clashes 0 mapping BA:LA /home/junjiechen/1_work/250401-Dpepalign/Benchmark/protenix/PepSet/pred/4ny3/seed_44/predictions/4ny3_sample_4.cif B A -> /home/junjiechen/1_work/250401-Dpepalign/Benchmark/dataset/PepSet_dimer/4ny3.pdb L A
Total DockQ over 1 native interfaces: 0.737 with BA:LA model:native mapping
DockQ 0.737 iRMSD 1.530 LRMSD 3.030 fnat 0.833 fnonnat 0.062 F1 0.882 clashes 0 mapping BA:LA /home/junjiechen/1_work/250401-Dpepalign/Benchmark/protenix/PepSet/pred/4ny3/seed_44/predictions/4ny3_sample_3.cif B A -> /home/junjiechen/1_work/250401-Dpepalign/Benchmark/dataset/PepSet_dimer/4ny3.pdb L A
Total DockQ over 1 native interfaces: 0.072 with BA:LA model:native mapping
DockQ 0.072 iRMSD 8.198 LRMSD 23.258 fnat 0.065 fnonnat 0.944 F1 0.060 clashes 0 mapping BA:LA /home/junjiechen/1_work/250401-Dpepalign/Benchmark/protenix/PepSet/pred/4odk/seed_43/predictions/4odk_sample_0.cif B A -> /home/junjiechen/1_work/250401-Dpepalign/Benchmark/dataset/PepSet_dimer/4odk.pdb L A
Total DockQ over 1 native interfaces: 0.040 with BA:LA model:native mapping
DockQ 0.040 iRMSD 9.468 LRMSD 26.085 fnat 0.000 fnonnat 1.000 F1 0.000 clashes 1 mapping BA:LA /home/junjiechen/1_work/250401-Dpepalign/Benchmark/protenix/PepSet/pred/4odk/seed_43/predictions/4odk_sample_2.cif B A -> /home/junjiechen/1_work/250401-Dpepalign/Benchmark/dataset/PepSet_dimer/4odk.pdb L A
Total DockQ over 1 native interfaces: 0.041 with BA:LA model:native mapping
DockQ 0.041 iRMSD 9.902 LRMSD 25.607 fnat 0.000 fnonnat 1.000 F1 0.000 clashes 0 mapping BA:LA /home/junjiechen/1_work/250401-Dpepalign/Benchmark/protenix/PepSet/pred/4odk/seed_43/predictions/4odk_sample_1.cif B A -> /home/junjiechen/1_work/250401-Dpepalign/Benchmark/dataset/PepSet_dimer/4odk.pdb L A
Total DockQ over 1 native interfaces: 0.038 with BA:LA model:native mapping
DockQ 0.038 iRMSD 9.929 LRMSD 26.619 fnat 0.000 fnonnat 1.000 F1 0.000 clashes 1 mapping BA:LA /home/junjiechen/1_work/250401-Dpepalign/Benchmark/protenix/PepSet/pred/4odk/seed_43/predictions/4odk_sample_3.cif B A -> /home/junjiechen/1_work/250401-Dpepalign/Benchmark/dataset/PepSet_dimer/4odk.pdb L A
Total DockQ over 1 native interfaces: 0.040 with BA:LA model:native mapping
DockQ 0.040 iRMSD 10.010 LRMSD 25.847 fnat 0.000 fnonnat 1.000 F1 0.000 clashes 1 mapping BA:LA /home/junjiechen/1_work/250401-Dpepalign/Benchmark/protenix/PepSet/pred/4odk/seed_43/predictions/4odk_sample_4.cif B A -> /home/junjiechen/1_work/250401-Dpepalign/Benchmark/dataset/PepSet_dimer/4odk.pdb L A
Total DockQ over 1 native interfaces: 0.041 with BA:LA model:native mapping
DockQ 0.041 iRMSD 9.593 LRMSD 25.696 fnat 0.000 fnonnat 1.000 F1 0.000 clashes 1 mapping BA:LA /home/junjiechen/1_work/250401-Dpepalign/Benchmark/protenix/PepSet/pred/4odk/seed_44/predictions/4odk_sample_0.cif B A -> /home/junjiechen/1_work/250401-Dpepalign/Benchmark/dataset/PepSet_dimer/4odk.pdb L A
Total DockQ over 1 native interfaces: 0.041 with BA:LA model:native mapping
DockQ 0.041 iRMSD 9.360 LRMSD 25.954 fnat 0.000 fnonnat 1.000 F1 0.000 clashes 0 mapping BA:LA /home/junjiechen/1_work/250401-Dpepalign/Benchmark/protenix/PepSet/pred/4odk/seed_44/predictions/4odk_sample_2.cif B A -> /home/junjiechen/1_work/250401-Dpepalign/Benchmark/dataset/PepSet_dimer/4odk.pdb L A
Total DockQ over 1 native interfaces: 0.042 with BA:LA model:native mapping
DockQ 0.042 iRMSD 9.274 LRMSD 25.476 fnat 0.000 fnonnat 1.000 F1 0.000 clashes 2 mapping BA:LA /home/junjiechen/1_work/250401-Dpepalign/Benchmark/protenix/PepSet/pred/4odk/seed_44/predictions/4odk_sample_1.cif B A -> /home/junjiechen/1_work/250401-Dpepalign/Benchmark/dataset/PepSet_dimer/4odk.pdb L A
Total DockQ over 1 native interfaces: 0.039 with BA:LA model:native mapping
DockQ 0.039 iRMSD 10.014 LRMSD 26.444 fnat 0.000 fnonnat 1.000 F1 0.000 clashes 2 mapping BA:LA /home/junjiechen/1_work/250401-Dpepalign/Benchmark/protenix/PepSet/pred/4odk/seed_44/predictions/4odk_sample_3.cif B A -> /home/junjiechen/1_work/250401-Dpepalign/Benchmark/dataset/PepSet_dimer/4odk.pdb L A
Total DockQ over 1 native interfaces: 0.037 with BA:LA model:native mapping
DockQ 0.037 iRMSD 10.148 LRMSD 27.246 fnat 0.000 fnonnat 1.000 F1 0.000 clashes 1 mapping BA:LA /home/junjiechen/1_work/250401-Dpepalign/Benchmark/protenix/PepSet/pred/4odk/seed_44/predictions/4odk_sample_4.cif B A -> /home/junjiechen/1_work/250401-Dpepalign/Benchmark/dataset/PepSet_dimer/4odk.pdb L A
Total DockQ over 1 native interfaces: 0.198 with BA:LA model:native mapping
DockQ 0.198 iRMSD 3.580 LRMSD 12.134 fnat 0.114 fnonnat 0.927 F1 0.089 clashes 0 mapping BA:LA /home/junjiechen/1_work/250401-Dpepalign/Benchmark/protenix/PepSet/pred/4ouc/seed_42/predictions/4ouc_sample_0.cif B A -> /home/junjiechen/1_work/250401-Dpepalign/Benchmark/dataset/PepSet_dimer/4ouc.pdb L A
Total DockQ over 1 native interfaces: 0.198 with BA:LA model:native mapping
DockQ 0.198 iRMSD 3.677 LRMSD 12.714 fnat 0.143 fnonnat 0.922 F1 0.101 clashes 1 mapping BA:LA /home/junjiechen/1_work/250401-Dpepalign/Benchmark/protenix/PepSet/pred/4ouc/seed_42/predictions/4ouc_sample_1.cif B A -> /home/junjiechen/1_work/250401-Dpepalign/Benchmark/dataset/PepSet_dimer/4ouc.pdb L A
Total DockQ over 1 native interfaces: 0.239 with BA:LA model:native mapping
DockQ 0.239 iRMSD 3.494 LRMSD 11.998 fnat 0.229 fnonnat 0.867 F1 0.168 clashes 1 mapping BA:LA /home/junjiechen/1_work/250401-Dpepalign/Benchmark/protenix/PepSet/pred/4ouc/seed_42/predictions/4ouc_sample_3.cif B A -> /home/junjiechen/1_work/250401-Dpepalign/Benchmark/dataset/PepSet_dimer/4ouc.pdb L A
Total DockQ over 1 native interfaces: 0.234 with BA:LA model:native mapping
DockQ 0.234 iRMSD 3.554 LRMSD 12.352 fnat 0.229 fnonnat 0.875 F1 0.162 clashes 1 mapping BA:LA /home/junjiechen/1_work/250401-Dpepalign/Benchmark/protenix/PepSet/pred/4ouc/seed_42/predictions/4ouc_sample_2.cif B A -> /home/junjiechen/1_work/250401-Dpepalign/Benchmark/dataset/PepSet_dimer/4ouc.pdb L A
Total DockQ over 1 native interfaces: 0.243 with BA:LA model:native mapping
DockQ 0.243 iRMSD 3.602 LRMSD 12.265 fnat 0.257 fnonnat 0.850 F1 0.189 clashes 1 mapping BA:LA /home/junjiechen/1_work/250401-Dpepalign/Benchmark/protenix/PepSet/pred/4ouc/seed_42/predictions/4ouc_sample_4.cif B A -> /home/junjiechen/1_work/250401-Dpepalign/Benchmark/dataset/PepSet_dimer/4ouc.pdb L A
Total DockQ over 1 native interfaces: 0.550 with BA:LA model:native mapping
DockQ 0.550 iRMSD 1.476 LRMSD 5.000 fnat 0.400 fnonnat 0.641 F1 0.378 clashes 1 mapping BA:LA /home/junjiechen/1_work/250401-Dpepalign/Benchmark/protenix/PepSet/pred/4ouc/seed_43/predictions/4ouc_sample_2.cif B A -> /home/junjiechen/1_work/250401-Dpepalign/Benchmark/dataset/PepSet_dimer/4ouc.pdb L A
Total DockQ over 1 native interfaces: 0.208 with BA:LA model:native mapping
DockQ 0.208 iRMSD 3.399 LRMSD 11.680 fnat 0.114 fnonnat 0.925 F1 0.091 clashes 0 mapping BA:LA /home/junjiechen/1_work/250401-Dpepalign/Benchmark/protenix/PepSet/pred/4ouc/seed_43/predictions/4ouc_sample_0.cif B A -> /home/junjiechen/1_work/250401-Dpepalign/Benchmark/dataset/PepSet_dimer/4ouc.pdb L A
Total DockQ over 1 native interfaces: 0.201 with BA:LA model:native mapping
DockQ 0.201 iRMSD 3.674 LRMSD 12.437 fnat 0.143 fnonnat 0.907 F1 0.112 clashes 0 mapping BA:LA /home/junjiechen/1_work/250401-Dpepalign/Benchmark/protenix/PepSet/pred/4ouc/seed_44/predictions/4ouc_sample_0.cif B A -> /home/junjiechen/1_work/250401-Dpepalign/Benchmark/dataset/PepSet_dimer/4ouc.pdb L A
Total DockQ over 1 native interfaces: 0.204 with BA:LA model:native mapping
DockQ 0.204 iRMSD 3.586 LRMSD 12.352 fnat 0.143 fnonnat 0.909 F1 0.111 clashes 1 mapping BA:LA /home/junjiechen/1_work/250401-Dpepalign/Benchmark/protenix/PepSet/pred/4ouc/seed_43/predictions/4ouc_sample_3.cif B A -> /home/junjiechen/1_work/250401-Dpepalign/Benchmark/dataset/PepSet_dimer/4ouc.pdb L A
Total DockQ over 1 native interfaces: 0.197 with BA:LA model:native mapping
DockQ 0.197 iRMSD 3.584 LRMSD 12.163 fnat 0.114 fnonnat 0.923 F1 0.092 clashes 0 mapping BA:LA /home/junjiechen/1_work/250401-Dpepalign/Benchmark/protenix/PepSet/pred/4ouc/seed_43/predictions/4ouc_sample_1.cif B A -> /home/junjiechen/1_work/250401-Dpepalign/Benchmark/dataset/PepSet_dimer/4ouc.pdb L A
Total DockQ over 1 native interfaces: 0.237 with BA:LA model:native mapping
DockQ 0.237 iRMSD 3.514 LRMSD 12.139 fnat 0.229 fnonnat 0.871 F1 0.165 clashes 1 mapping BA:LA /home/junjiechen/1_work/250401-Dpepalign/Benchmark/protenix/PepSet/pred/4ouc/seed_43/predictions/4ouc_sample_4.cif B A -> /home/junjiechen/1_work/250401-Dpepalign/Benchmark/dataset/PepSet_dimer/4ouc.pdb L A
Total DockQ over 1 native interfaces: 0.202 with BA:LA model:native mapping
DockQ 0.202 iRMSD 3.666 LRMSD 12.441 fnat 0.143 fnonnat 0.918 F1 0.104 clashes 0 mapping BA:LA /home/junjiechen/1_work/250401-Dpepalign/Benchmark/protenix/PepSet/pred/4ouc/seed_44/predictions/4ouc_sample_1.cif B A -> /home/junjiechen/1_work/250401-Dpepalign/Benchmark/dataset/PepSet_dimer/4ouc.pdb L A
Total DockQ over 1 native interfaces: 0.930 with BA:LA model:native mapping
DockQ 0.930 iRMSD 0.496 LRMSD 0.935 fnat 0.900 fnonnat 0.100 F1 0.900 clashes 0 mapping BA:LA /home/junjiechen/1_work/250401-Dpepalign/Benchmark/protenix/PepSet/pred/4oyk/seed_42/predictions/4oyk_sample_0.cif B A -> /home/junjiechen/1_work/250401-Dpepalign/Benchmark/dataset/PepSet_dimer/4oyk.pdb L A
Total DockQ over 1 native interfaces: 0.932 with BA:LA model:native mapping
DockQ 0.932 iRMSD 0.486 LRMSD 0.846 fnat 0.900 fnonnat 0.077 F1 0.911 clashes 0 mapping BA:LA /home/junjiechen/1_work/250401-Dpepalign/Benchmark/protenix/PepSet/pred/4oyk/seed_42/predictions/4oyk_sample_1.cif B A -> /home/junjiechen/1_work/250401-Dpepalign/Benchmark/dataset/PepSet_dimer/4oyk.pdb L A
Total DockQ over 1 native interfaces: 0.218 with BA:LA model:native mapping
DockQ 0.218 iRMSD 3.559 LRMSD 12.028 fnat 0.171 fnonnat 0.898 F1 0.128 clashes 0 mapping BA:LA /home/junjiechen/1_work/250401-Dpepalign/Benchmark/protenix/PepSet/pred/4ouc/seed_44/predictions/4ouc_sample_2.cif B A -> /home/junjiechen/1_work/250401-Dpepalign/Benchmark/dataset/PepSet_dimer/4ouc.pdb L A
Total DockQ over 1 native interfaces: 0.933 with BA:LA model:native mapping
DockQ 0.933 iRMSD 0.521 LRMSD 1.190 fnat 0.925 fnonnat 0.075 F1 0.925 clashes 0 mapping BA:LA /home/junjiechen/1_work/250401-Dpepalign/Benchmark/protenix/PepSet/pred/4oyk/seed_43/predictions/4oyk_sample_0.cif B A -> /home/junjiechen/1_work/250401-Dpepalign/Benchmark/dataset/PepSet_dimer/4oyk.pdb L A
Total DockQ over 1 native interfaces: 0.923 with BA:LA model:native mapping
DockQ 0.923 iRMSD 0.492 LRMSD 0.840 fnat 0.875 fnonnat 0.054 F1 0.909 clashes 0 mapping BA:LA /home/junjiechen/1_work/250401-Dpepalign/Benchmark/protenix/PepSet/pred/4oyk/seed_42/predictions/4oyk_sample_2.cif B A -> /home/junjiechen/1_work/250401-Dpepalign/Benchmark/dataset/PepSet_dimer/4oyk.pdb L A
Total DockQ over 1 native interfaces: 0.935 with BA:LA model:native mapping
DockQ 0.935 iRMSD 0.464 LRMSD 0.740 fnat 0.900 fnonnat 0.053 F1 0.923 clashes 0 mapping BA:LA /home/junjiechen/1_work/250401-Dpepalign/Benchmark/protenix/PepSet/pred/4oyk/seed_42/predictions/4oyk_sample_4.cif B A -> /home/junjiechen/1_work/250401-Dpepalign/Benchmark/dataset/PepSet_dimer/4oyk.pdb L A
Total DockQ over 1 native interfaces: 0.232 with BA:LA model:native mapping
DockQ 0.232 iRMSD 2.909 LRMSD 9.796 fnat 0.057 fnonnat 0.962 F1 0.046 clashes 1 mapping BA:LA /home/junjiechen/1_work/250401-Dpepalign/Benchmark/protenix/PepSet/pred/4ouc/seed_44/predictions/4ouc_sample_3.cif B A -> /home/junjiechen/1_work/250401-Dpepalign/Benchmark/dataset/PepSet_dimer/4ouc.pdb L A
Total DockQ over 1 native interfaces: 0.936 with BA:LA model:native mapping
DockQ 0.936 iRMSD 0.521 LRMSD 0.813 fnat 0.925 fnonnat 0.051 F1 0.937 clashes 0 mapping BA:LA /home/junjiechen/1_work/250401-Dpepalign/Benchmark/protenix/PepSet/pred/4oyk/seed_42/predictions/4oyk_sample_3.cif B A -> /home/junjiechen/1_work/250401-Dpepalign/Benchmark/dataset/PepSet_dimer/4oyk.pdb L A
Total DockQ over 1 native interfaces: 0.928 with BA:LA model:native mapping
DockQ 0.928 iRMSD 0.558 LRMSD 1.238 fnat 0.925 fnonnat 0.051 F1 0.937 clashes 0 mapping BA:LA /home/junjiechen/1_work/250401-Dpepalign/Benchmark/protenix/PepSet/pred/4oyk/seed_43/predictions/4oyk_sample_1.cif B A -> /home/junjiechen/1_work/250401-Dpepalign/Benchmark/dataset/PepSet_dimer/4oyk.pdb L A
Total DockQ over 1 native interfaces: 0.190 with BA:LA model:native mapping
DockQ 0.190 iRMSD 3.140 LRMSD 10.752 fnat 0.000 fnonnat 1.000 F1 0.000 clashes 0 mapping BA:LA /home/junjiechen/1_work/250401-Dpepalign/Benchmark/protenix/PepSet/pred/4ouc/seed_44/predictions/4ouc_sample_4.cif B A -> /home/junjiechen/1_work/250401-Dpepalign/Benchmark/dataset/PepSet_dimer/4ouc.pdb L A
Total DockQ over 1 native interfaces: 0.930 with BA:LA model:native mapping
DockQ 0.930 iRMSD 0.528 LRMSD 1.366 fnat 0.925 fnonnat 0.075 F1 0.925 clashes 0 mapping BA:LA /home/junjiechen/1_work/250401-Dpepalign/Benchmark/protenix/PepSet/pred/4oyk/seed_43/predictions/4oyk_sample_4.cif B A -> /home/junjiechen/1_work/250401-Dpepalign/Benchmark/dataset/PepSet_dimer/4oyk.pdb L A
Total DockQ over 1 native interfaces: 0.927 with BA:LA model:native mapping
DockQ 0.927 iRMSD 0.519 LRMSD 0.892 fnat 0.900 fnonnat 0.053 F1 0.923 clashes 0 mapping BA:LA /home/junjiechen/1_work/250401-Dpepalign/Benchmark/protenix/PepSet/pred/4oyk/seed_43/predictions/4oyk_sample_3.cif B A -> /home/junjiechen/1_work/250401-Dpepalign/Benchmark/dataset/PepSet_dimer/4oyk.pdb L A
Total DockQ over 1 native interfaces: 0.939 with BA:LA model:native mapping
DockQ 0.939 iRMSD 0.494 LRMSD 0.848 fnat 0.925 fnonnat 0.051 F1 0.937 clashes 0 mapping BA:LA /home/junjiechen/1_work/250401-Dpepalign/Benchmark/protenix/PepSet/pred/4oyk/seed_43/predictions/4oyk_sample_2.cif B A -> /home/junjiechen/1_work/250401-Dpepalign/Benchmark/dataset/PepSet_dimer/4oyk.pdb L A
Total DockQ over 1 native interfaces: 0.938 with BA:LA model:native mapping
DockQ 0.938 iRMSD 0.496 LRMSD 0.918 fnat 0.925 fnonnat 0.051 F1 0.937 clashes 0 mapping BA:LA /home/junjiechen/1_work/250401-Dpepalign/Benchmark/protenix/PepSet/pred/4oyk/seed_44/predictions/4oyk_sample_1.cif B A -> /home/junjiechen/1_work/250401-Dpepalign/Benchmark/dataset/PepSet_dimer/4oyk.pdb L A
Total DockQ over 1 native interfaces: 0.920 with BA:LA model:native mapping
DockQ 0.920 iRMSD 0.503 LRMSD 0.966 fnat 0.875 fnonnat 0.054 F1 0.909 clashes 0 mapping BA:LA /home/junjiechen/1_work/250401-Dpepalign/Benchmark/protenix/PepSet/pred/4oyk/seed_44/predictions/4oyk_sample_4.cif B A -> /home/junjiechen/1_work/250401-Dpepalign/Benchmark/dataset/PepSet_dimer/4oyk.pdb L A
Total DockQ over 1 native interfaces: 0.923 with BA:LA model:native mapping
DockQ 0.923 iRMSD 0.526 LRMSD 1.226 fnat 0.900 fnonnat 0.077 F1 0.911 clashes 0 mapping BA:LA /home/junjiechen/1_work/250401-Dpepalign/Benchmark/protenix/PepSet/pred/4oyk/seed_44/predictions/4oyk_sample_0.cif B A -> /home/junjiechen/1_work/250401-Dpepalign/Benchmark/dataset/PepSet_dimer/4oyk.pdb L A
Total DockQ over 1 native interfaces: 0.933 with BA:LA model:native mapping
DockQ 0.933 iRMSD 0.439 LRMSD 1.726 fnat 0.917 fnonnat 0.022 F1 0.946 clashes 0 mapping BA:LA /home/junjiechen/1_work/250401-Dpepalign/Benchmark/protenix/PepSet/pred/4pd1/seed_42/predictions/4pd1_sample_0.cif B A -> /home/junjiechen/1_work/250401-Dpepalign/Benchmark/dataset/PepSet_dimer/4pd1.pdb L A
Total DockQ over 1 native interfaces: 0.932 with BA:LA model:native mapping
DockQ 0.932 iRMSD 0.485 LRMSD 1.416 fnat 0.917 fnonnat 0.022 F1 0.946 clashes 0 mapping BA:LA /home/junjiechen/1_work/250401-Dpepalign/Benchmark/protenix/PepSet/pred/4pd1/seed_42/predictions/4pd1_sample_1.cif B A -> /home/junjiechen/1_work/250401-Dpepalign/Benchmark/dataset/PepSet_dimer/4pd1.pdb L A
Total DockQ over 1 native interfaces: 0.937 with BA:LA model:native mapping
DockQ 0.937 iRMSD 0.493 LRMSD 1.100 fnat 0.925 fnonnat 0.075 F1 0.925 clashes 0 mapping BA:LA /home/junjiechen/1_work/250401-Dpepalign/Benchmark/protenix/PepSet/pred/4oyk/seed_44/predictions/4oyk_sample_2.cif B A -> /home/junjiechen/1_work/250401-Dpepalign/Benchmark/dataset/PepSet_dimer/4oyk.pdb L A
Total DockQ over 1 native interfaces: 0.930 with BA:LA model:native mapping
DockQ 0.930 iRMSD 0.494 LRMSD 0.970 fnat 0.900 fnonnat 0.053 F1 0.923 clashes 0 mapping BA:LA /home/junjiechen/1_work/250401-Dpepalign/Benchmark/protenix/PepSet/pred/4oyk/seed_44/predictions/4oyk_sample_3.cif B A -> /home/junjiechen/1_work/250401-Dpepalign/Benchmark/dataset/PepSet_dimer/4oyk.pdb L A
Total DockQ over 1 native interfaces: 0.935 with BA:LA model:native mapping
DockQ 0.935 iRMSD 0.428 LRMSD 1.050 fnat 0.896 fnonnat 0.000 F1 0.945 clashes 0 mapping BA:LA /home/junjiechen/1_work/250401-Dpepalign/Benchmark/protenix/PepSet/pred/4pd1/seed_42/predictions/4pd1_sample_2.cif B A -> /home/junjiechen/1_work/250401-Dpepalign/Benchmark/dataset/PepSet_dimer/4pd1.pdb L A
Total DockQ over 1 native interfaces: 0.920 with BA:LA model:native mapping
DockQ 0.920 iRMSD 0.525 LRMSD 1.375 fnat 0.896 fnonnat 0.044 F1 0.925 clashes 0 mapping BA:LA /home/junjiechen/1_work/250401-Dpepalign/Benchmark/protenix/PepSet/pred/4pd1/seed_42/predictions/4pd1_sample_4.cif B A -> /home/junjiechen/1_work/250401-Dpepalign/Benchmark/dataset/PepSet_dimer/4pd1.pdb L A
Total DockQ over 1 native interfaces: 0.897 with BA:LA model:native mapping
DockQ 0.897 iRMSD 0.556 LRMSD 2.212 fnat 0.875 fnonnat 0.045 F1 0.913 clashes 0 mapping BA:LA /home/junjiechen/1_work/250401-Dpepalign/Benchmark/protenix/PepSet/pred/4pd1/seed_43/predictions/4pd1_sample_3.cif B A -> /home/junjiechen/1_work/250401-Dpepalign/Benchmark/dataset/PepSet_dimer/4pd1.pdb L A
Total DockQ over 1 native interfaces: 0.938 with BA:LA model:native mapping
DockQ 0.938 iRMSD 0.415 LRMSD 0.928 fnat 0.896 fnonnat 0.044 F1 0.925 clashes 0 mapping BA:LA /home/junjiechen/1_work/250401-Dpepalign/Benchmark/protenix/PepSet/pred/4pd1/seed_43/predictions/4pd1_sample_2.cif B A -> /home/junjiechen/1_work/250401-Dpepalign/Benchmark/dataset/PepSet_dimer/4pd1.pdb L A
Total DockQ over 1 native interfaces: 0.901 with BA:LA model:native mapping
DockQ 0.901 iRMSD 0.565 LRMSD 2.677 fnat 0.917 fnonnat 0.043 F1 0.936 clashes 0 mapping BA:LA /home/junjiechen/1_work/250401-Dpepalign/Benchmark/protenix/PepSet/pred/4pd1/seed_43/predictions/4pd1_sample_0.cif B A -> /home/junjiechen/1_work/250401-Dpepalign/Benchmark/dataset/PepSet_dimer/4pd1.pdb L A
Total DockQ over 1 native interfaces: 0.932 with BA:LA model:native mapping
DockQ 0.932 iRMSD 0.504 LRMSD 1.146 fnat 0.917 fnonnat 0.064 F1 0.926 clashes 0 mapping BA:LA /home/junjiechen/1_work/250401-Dpepalign/Benchmark/protenix/PepSet/pred/4pd1/seed_42/predictions/4pd1_sample_3.cif B A -> /home/junjiechen/1_work/250401-Dpepalign/Benchmark/dataset/PepSet_dimer/4pd1.pdb L A
Total DockQ over 1 native interfaces: 0.926 with BA:LA model:native mapping
DockQ 0.926 iRMSD 0.457 LRMSD 1.599 fnat 0.896 fnonnat 0.044 F1 0.925 clashes 0 mapping BA:LA /home/junjiechen/1_work/250401-Dpepalign/Benchmark/protenix/PepSet/pred/4pd1/seed_44/predictions/4pd1_sample_0.cif B A -> /home/junjiechen/1_work/250401-Dpepalign/Benchmark/dataset/PepSet_dimer/4pd1.pdb L A
Total DockQ over 1 native interfaces: 0.942 with BA:LA model:native mapping
DockQ 0.942 iRMSD 0.419 LRMSD 1.156 fnat 0.917 fnonnat 0.043 F1 0.936 clashes 0 mapping BA:LA /home/junjiechen/1_work/250401-Dpepalign/Benchmark/protenix/PepSet/pred/4pd1/seed_43/predictions/4pd1_sample_1.cif B A -> /home/junjiechen/1_work/250401-Dpepalign/Benchmark/dataset/PepSet_dimer/4pd1.pdb L A
Total DockQ over 1 native interfaces: 0.929 with BA:LA model:native mapping
DockQ 0.929 iRMSD 0.483 LRMSD 1.647 fnat 0.917 fnonnat 0.064 F1 0.926 clashes 0 mapping BA:LA /home/junjiechen/1_work/250401-Dpepalign/Benchmark/protenix/PepSet/pred/4pd1/seed_43/predictions/4pd1_sample_4.cif B A -> /home/junjiechen/1_work/250401-Dpepalign/Benchmark/dataset/PepSet_dimer/4pd1.pdb L A
Total DockQ over 1 native interfaces: 0.923 with BA:LA model:native mapping
DockQ 0.923 iRMSD 0.422 LRMSD 2.387 fnat 0.917 fnonnat 0.022 F1 0.946 clashes 0 mapping BA:LA /home/junjiechen/1_work/250401-Dpepalign/Benchmark/protenix/PepSet/pred/4pd1/seed_44/predictions/4pd1_sample_1.cif B A -> /home/junjiechen/1_work/250401-Dpepalign/Benchmark/dataset/PepSet_dimer/4pd1.pdb L A
Total DockQ over 1 native interfaces: 0.916 with BA:LA model:native mapping
DockQ 0.916 iRMSD 0.468 LRMSD 1.706 fnat 0.875 fnonnat 0.045 F1 0.913 clashes 0 mapping BA:LA /home/junjiechen/1_work/250401-Dpepalign/Benchmark/protenix/PepSet/pred/4pd1/seed_44/predictions/4pd1_sample_2.cif B A -> /home/junjiechen/1_work/250401-Dpepalign/Benchmark/dataset/PepSet_dimer/4pd1.pdb L A
Total DockQ over 1 native interfaces: 0.906 with BA:LA model:native mapping
DockQ 0.906 iRMSD 0.554 LRMSD 1.674 fnat 0.875 fnonnat 0.067 F1 0.903 clashes 0 mapping BA:LA /home/junjiechen/1_work/250401-Dpepalign/Benchmark/protenix/PepSet/pred/4pd1/seed_44/predictions/4pd1_sample_3.cif B A -> /home/junjiechen/1_work/250401-Dpepalign/Benchmark/dataset/PepSet_dimer/4pd1.pdb L A
Total DockQ over 1 native interfaces: 0.963 with BA:LA model:native mapping
DockQ 0.963 iRMSD 0.398 LRMSD 0.881 fnat 0.966 fnonnat 0.034 F1 0.966 clashes 0 mapping BA:LA /home/junjiechen/1_work/250401-Dpepalign/Benchmark/protenix/PepSet/pred/4pge/seed_42/predictions/4pge_sample_0.cif B A -> /home/junjiechen/1_work/250401-Dpepalign/Benchmark/dataset/PepSet_dimer/4pge.pdb L A
Total DockQ over 1 native interfaces: 0.916 with BA:LA model:native mapping
DockQ 0.916 iRMSD 0.512 LRMSD 2.606 fnat 0.938 fnonnat 0.062 F1 0.938 clashes 0 mapping BA:LA /home/junjiechen/1_work/250401-Dpepalign/Benchmark/protenix/PepSet/pred/4pd1/seed_44/predictions/4pd1_sample_4.cif B A -> /home/junjiechen/1_work/250401-Dpepalign/Benchmark/dataset/PepSet_dimer/4pd1.pdb L A
Total DockQ over 1 native interfaces: 0.959 with BA:LA model:native mapping
DockQ 0.959 iRMSD 0.389 LRMSD 0.851 fnat 0.949 fnonnat 0.067 F1 0.941 clashes 0 mapping BA:LA /home/junjiechen/1_work/250401-Dpepalign/Benchmark/protenix/PepSet/pred/4pge/seed_43/predictions/4pge_sample_0.cif B A -> /home/junjiechen/1_work/250401-Dpepalign/Benchmark/dataset/PepSet_dimer/4pge.pdb L A
Total DockQ over 1 native interfaces: 0.956 with BA:LA model:native mapping
DockQ 0.956 iRMSD 0.410 LRMSD 0.912 fnat 0.949 fnonnat 0.067 F1 0.941 clashes 0 mapping BA:LA /home/junjiechen/1_work/250401-Dpepalign/Benchmark/protenix/PepSet/pred/4pge/seed_42/predictions/4pge_sample_3.cif B A -> /home/junjiechen/1_work/250401-Dpepalign/Benchmark/dataset/PepSet_dimer/4pge.pdb L A
Total DockQ over 1 native interfaces: 0.956 with BA:LA model:native mapping
DockQ 0.956 iRMSD 0.413 LRMSD 0.874 fnat 0.949 fnonnat 0.034 F1 0.957 clashes 0 mapping BA:LA /home/junjiechen/1_work/250401-Dpepalign/Benchmark/protenix/PepSet/pred/4pge/seed_42/predictions/4pge_sample_2.cif B A -> /home/junjiechen/1_work/250401-Dpepalign/Benchmark/dataset/PepSet_dimer/4pge.pdb L A
Total DockQ over 1 native interfaces: 0.970 with BA:LA model:native mapping
DockQ 0.970 iRMSD 0.397 LRMSD 0.810 fnat 0.983 fnonnat 0.065 F1 0.959 clashes 0 mapping BA:LA /home/junjiechen/1_work/250401-Dpepalign/Benchmark/protenix/PepSet/pred/4pge/seed_43/predictions/4pge_sample_1.cif B A -> /home/junjiechen/1_work/250401-Dpepalign/Benchmark/dataset/PepSet_dimer/4pge.pdb L A
Total DockQ over 1 native interfaces: 0.972 with BA:LA model:native mapping
DockQ 0.972 iRMSD 0.369 LRMSD 0.875 fnat 0.983 fnonnat 0.033 F1 0.975 clashes 0 mapping BA:LA /home/junjiechen/1_work/250401-Dpepalign/Benchmark/protenix/PepSet/pred/4pge/seed_42/predictions/4pge_sample_1.cif B A -> /home/junjiechen/1_work/250401-Dpepalign/Benchmark/dataset/PepSet_dimer/4pge.pdb L A
Total DockQ over 1 native interfaces: 0.959 with BA:LA model:native mapping
DockQ 0.959 iRMSD 0.437 LRMSD 0.875 fnat 0.966 fnonnat 0.066 F1 0.950 clashes 0 mapping BA:LA /home/junjiechen/1_work/250401-Dpepalign/Benchmark/protenix/PepSet/pred/4pge/seed_42/predictions/4pge_sample_4.cif B A -> /home/junjiechen/1_work/250401-Dpepalign/Benchmark/dataset/PepSet_dimer/4pge.pdb L A
Total DockQ over 1 native interfaces: 0.959 with BA:LA model:native mapping
DockQ 0.959 iRMSD 0.385 LRMSD 0.839 fnat 0.949 fnonnat 0.067 F1 0.941 clashes 0 mapping BA:LA /home/junjiechen/1_work/250401-Dpepalign/Benchmark/protenix/PepSet/pred/4pge/seed_43/predictions/4pge_sample_2.cif B A -> /home/junjiechen/1_work/250401-Dpepalign/Benchmark/dataset/PepSet_dimer/4pge.pdb L A
Total DockQ over 1 native interfaces: 0.959 with BA:LA model:native mapping
DockQ 0.959 iRMSD 0.431 LRMSD 0.932 fnat 0.966 fnonnat 0.095 F1 0.934 clashes 0 mapping BA:LA /home/junjiechen/1_work/250401-Dpepalign/Benchmark/protenix/PepSet/pred/4pge/seed_43/predictions/4pge_sample_3.cif B A -> /home/junjiechen/1_work/250401-Dpepalign/Benchmark/dataset/PepSet_dimer/4pge.pdb L A
Total DockQ over 1 native interfaces: 0.957 with BA:LA model:native mapping
DockQ 0.957 iRMSD 0.407 LRMSD 0.870 fnat 0.949 fnonnat 0.051 F1 0.949 clashes 0 mapping BA:LA /home/junjiechen/1_work/250401-Dpepalign/Benchmark/protenix/PepSet/pred/4pge/seed_44/predictions/4pge_sample_0.cif B A -> /home/junjiechen/1_work/250401-Dpepalign/Benchmark/dataset/PepSet_dimer/4pge.pdb L A
Total DockQ over 1 native interfaces: 0.958 with BA:LA model:native mapping
DockQ 0.958 iRMSD 0.394 LRMSD 0.868 fnat 0.949 fnonnat 0.034 F1 0.957 clashes 0 mapping BA:LA /home/junjiechen/1_work/250401-Dpepalign/Benchmark/protenix/PepSet/pred/4pge/seed_44/predictions/4pge_sample_3.cif B A -> /home/junjiechen/1_work/250401-Dpepalign/Benchmark/dataset/PepSet_dimer/4pge.pdb L A
Total DockQ over 1 native interfaces: 0.951 with BA:LA model:native mapping
DockQ 0.951 iRMSD 0.453 LRMSD 0.914 fnat 0.949 fnonnat 0.051 F1 0.949 clashes 0 mapping BA:LA /home/junjiechen/1_work/250401-Dpepalign/Benchmark/protenix/PepSet/pred/4pge/seed_44/predictions/4pge_sample_2.cif B A -> /home/junjiechen/1_work/250401-Dpepalign/Benchmark/dataset/PepSet_dimer/4pge.pdb L A
Total DockQ over 1 native interfaces: 0.967 with BA:LA model:native mapping
DockQ 0.967 iRMSD 0.359 LRMSD 0.924 fnat 0.966 fnonnat 0.095 F1 0.934 clashes 0 mapping BA:LA /home/junjiechen/1_work/250401-Dpepalign/Benchmark/protenix/PepSet/pred/4pge/seed_43/predictions/4pge_sample_4.cif B A -> /home/junjiechen/1_work/250401-Dpepalign/Benchmark/dataset/PepSet_dimer/4pge.pdb L A
Total DockQ over 1 native interfaces: 0.959 with BA:LA model:native mapping
DockQ 0.959 iRMSD 0.553 LRMSD 0.590 fnat 1.000 fnonnat 0.070 F1 0.964 clashes 0 mapping BA:LA /home/junjiechen/1_work/250401-Dpepalign/Benchmark/protenix/PepSet/pred/4qbr/seed_42/predictions/4qbr_sample_0.cif B A -> /home/junjiechen/1_work/250401-Dpepalign/Benchmark/dataset/PepSet_dimer/4qbr.pdb L A
Total DockQ over 1 native interfaces: 0.953 with BA:LA model:native mapping
DockQ 0.953 iRMSD 0.444 LRMSD 0.881 fnat 0.949 fnonnat 0.051 F1 0.949 clashes 0 mapping BA:LA /home/junjiechen/1_work/250401-Dpepalign/Benchmark/protenix/PepSet/pred/4pge/seed_44/predictions/4pge_sample_4.cif B A -> /home/junjiechen/1_work/250401-Dpepalign/Benchmark/dataset/PepSet_dimer/4pge.pdb L A
Total DockQ over 1 native interfaces: 0.930 with BA:LA model:native mapping
DockQ 0.930 iRMSD 0.564 LRMSD 0.913 fnat 0.925 fnonnat 0.051 F1 0.937 clashes 0 mapping BA:LA /home/junjiechen/1_work/250401-Dpepalign/Benchmark/protenix/PepSet/pred/4qbr/seed_42/predictions/4qbr_sample_1.cif B A -> /home/junjiechen/1_work/250401-Dpepalign/Benchmark/dataset/PepSet_dimer/4qbr.pdb L A
Total DockQ over 1 native interfaces: 0.949 with BA:LA model:native mapping
DockQ 0.949 iRMSD 0.629 LRMSD 0.545 fnat 1.000 fnonnat 0.091 F1 0.952 clashes 0 mapping BA:LA /home/junjiechen/1_work/250401-Dpepalign/Benchmark/protenix/PepSet/pred/4qbr/seed_42/predictions/4qbr_sample_2.cif B A -> /home/junjiechen/1_work/250401-Dpepalign/Benchmark/dataset/PepSet_dimer/4qbr.pdb L A
Total DockQ over 1 native interfaces: 0.950 with BA:LA model:native mapping
DockQ 0.950 iRMSD 0.466 LRMSD 0.904 fnat 0.949 fnonnat 0.034 F1 0.957 clashes 0 mapping BA:LA /home/junjiechen/1_work/250401-Dpepalign/Benchmark/protenix/PepSet/pred/4pge/seed_44/predictions/4pge_sample_1.cif B A -> /home/junjiechen/1_work/250401-Dpepalign/Benchmark/dataset/PepSet_dimer/4pge.pdb L A
Total DockQ over 1 native interfaces: 0.950 with BA:LA model:native mapping
DockQ 0.950 iRMSD 0.613 LRMSD 0.661 fnat 1.000 fnonnat 0.091 F1 0.952 clashes 0 mapping BA:LA /home/junjiechen/1_work/250401-Dpepalign/Benchmark/protenix/PepSet/pred/4qbr/seed_42/predictions/4qbr_sample_4.cif B A -> /home/junjiechen/1_work/250401-Dpepalign/Benchmark/dataset/PepSet_dimer/4qbr.pdb L A
Total DockQ over 1 native interfaces: 0.949 with BA:LA model:native mapping
DockQ 0.949 iRMSD 0.626 LRMSD 0.652 fnat 1.000 fnonnat 0.048 F1 0.976 clashes 0 mapping BA:LA /home/junjiechen/1_work/250401-Dpepalign/Benchmark/protenix/PepSet/pred/4qbr/seed_42/predictions/4qbr_sample_3.cif B A -> /home/junjiechen/1_work/250401-Dpepalign/Benchmark/dataset/PepSet_dimer/4qbr.pdb L A
Total DockQ over 1 native interfaces: 0.928 with BA:LA model:native mapping
DockQ 0.928 iRMSD 0.678 LRMSD 1.300 fnat 0.975 fnonnat 0.071 F1 0.951 clashes 0 mapping BA:LA /home/junjiechen/1_work/250401-Dpepalign/Benchmark/protenix/PepSet/pred/4qbr/seed_43/predictions/4qbr_sample_1.cif B A -> /home/junjiechen/1_work/250401-Dpepalign/Benchmark/dataset/PepSet_dimer/4qbr.pdb L A
Total DockQ over 1 native interfaces: 0.956 with BA:LA model:native mapping
DockQ 0.956 iRMSD 0.569 LRMSD 0.705 fnat 1.000 fnonnat 0.070 F1 0.964 clashes 0 mapping BA:LA /home/junjiechen/1_work/250401-Dpepalign/Benchmark/protenix/PepSet/pred/4qbr/seed_43/predictions/4qbr_sample_4.cif B A -> /home/junjiechen/1_work/250401-Dpepalign/Benchmark/dataset/PepSet_dimer/4qbr.pdb L A
Total DockQ over 1 native interfaces: 0.881 with BA:LA model:native mapping
DockQ 0.881 iRMSD 0.847 LRMSD 1.718 fnat 0.925 fnonnat 0.098 F1 0.914 clashes 0 mapping BA:LA /home/junjiechen/1_work/250401-Dpepalign/Benchmark/protenix/PepSet/pred/4qbr/seed_43/predictions/4qbr_sample_0.cif B A -> /home/junjiechen/1_work/250401-Dpepalign/Benchmark/dataset/PepSet_dimer/4qbr.pdb L A
Total DockQ over 1 native interfaces: 0.961 with BA:LA model:native mapping
DockQ 0.961 iRMSD 0.530 LRMSD 0.683 fnat 1.000 fnonnat 0.070 F1 0.964 clashes 0 mapping BA:LA /home/junjiechen/1_work/250401-Dpepalign/Benchmark/protenix/PepSet/pred/4qbr/seed_43/predictions/4qbr_sample_3.cif B A -> /home/junjiechen/1_work/250401-Dpepalign/Benchmark/dataset/PepSet_dimer/4qbr.pdb L A
Total DockQ over 1 native interfaces: 0.960 with BA:LA model:native mapping
DockQ 0.960 iRMSD 0.545 LRMSD 0.487 fnat 1.000 fnonnat 0.070 F1 0.964 clashes 0 mapping BA:LA /home/junjiechen/1_work/250401-Dpepalign/Benchmark/protenix/PepSet/pred/4qbr/seed_43/predictions/4qbr_sample_2.cif B A -> /home/junjiechen/1_work/250401-Dpepalign/Benchmark/dataset/PepSet_dimer/4qbr.pdb L A
Total DockQ over 1 native interfaces: 0.949 with BA:LA model:native mapping
DockQ 0.949 iRMSD 0.555 LRMSD 0.737 fnat 0.975 fnonnat 0.071 F1 0.951 clashes 0 mapping BA:LA /home/junjiechen/1_work/250401-Dpepalign/Benchmark/protenix/PepSet/pred/4qbr/seed_44/predictions/4qbr_sample_1.cif B A -> /home/junjiechen/1_work/250401-Dpepalign/Benchmark/dataset/PepSet_dimer/4qbr.pdb L A
Total DockQ over 1 native interfaces: 0.958 with BA:LA model:native mapping
DockQ 0.958 iRMSD 0.553 LRMSD 0.712 fnat 1.000 fnonnat 0.111 F1 0.941 clashes 0 mapping BA:LA /home/junjiechen/1_work/250401-Dpepalign/Benchmark/protenix/PepSet/pred/4qbr/seed_44/predictions/4qbr_sample_2.cif B A -> /home/junjiechen/1_work/250401-Dpepalign/Benchmark/dataset/PepSet_dimer/4qbr.pdb L A
Total DockQ over 1 native interfaces: 0.944 with BA:LA model:native mapping
DockQ 0.944 iRMSD 0.630 LRMSD 1.109 fnat 1.000 fnonnat 0.070 F1 0.964 clashes 0 mapping BA:LA /home/junjiechen/1_work/250401-Dpepalign/Benchmark/protenix/PepSet/pred/4qbr/seed_44/predictions/4qbr_sample_0.cif B A -> /home/junjiechen/1_work/250401-Dpepalign/Benchmark/dataset/PepSet_dimer/4qbr.pdb L A
Total DockQ over 1 native interfaces: 0.961 with BA:LA model:native mapping
DockQ 0.961 iRMSD 0.533 LRMSD 0.635 fnat 1.000 fnonnat 0.111 F1 0.941 clashes 0 mapping BA:LA /home/junjiechen/1_work/250401-Dpepalign/Benchmark/protenix/PepSet/pred/4qbr/seed_44/predictions/4qbr_sample_3.cif B A -> /home/junjiechen/1_work/250401-Dpepalign/Benchmark/dataset/PepSet_dimer/4qbr.pdb L A
Total DockQ over 1 native interfaces: 0.958 with BA:LA model:native mapping
DockQ 0.958 iRMSD 0.555 LRMSD 0.656 fnat 1.000 fnonnat 0.091 F1 0.952 clashes 0 mapping BA:LA /home/junjiechen/1_work/250401-Dpepalign/Benchmark/protenix/PepSet/pred/4qbr/seed_44/predictions/4qbr_sample_4.cif B A -> /home/junjiechen/1_work/250401-Dpepalign/Benchmark/dataset/PepSet_dimer/4qbr.pdb L A
Total DockQ over 1 native interfaces: 0.588 with BA:LA model:native mapping
DockQ 0.588 iRMSD 1.364 LRMSD 5.064 fnat 0.477 fnonnat 0.488 F1 0.494 clashes 0 mapping BA:LA /home/junjiechen/1_work/250401-Dpepalign/Benchmark/protenix/PepSet/pred/4r5i/seed_42/predictions/4r5i_sample_1.cif B A -> /home/junjiechen/1_work/250401-Dpepalign/Benchmark/dataset/PepSet_dimer/4r5i.pdb L A
Total DockQ over 1 native interfaces: 0.577 with BA:LA model:native mapping
DockQ 0.577 iRMSD 1.422 LRMSD 5.205 fnat 0.477 fnonnat 0.488 F1 0.494 clashes 0 mapping BA:LA /home/junjiechen/1_work/250401-Dpepalign/Benchmark/protenix/PepSet/pred/4r5i/seed_42/predictions/4r5i_sample_2.cif B A -> /home/junjiechen/1_work/250401-Dpepalign/Benchmark/dataset/PepSet_dimer/4r5i.pdb L A
Total DockQ over 1 native interfaces: 0.603 with BA:LA model:native mapping
DockQ 0.603 iRMSD 1.302 LRMSD 4.764 fnat 0.477 fnonnat 0.462 F1 0.506 clashes 0 mapping BA:LA /home/junjiechen/1_work/250401-Dpepalign/Benchmark/protenix/PepSet/pred/4r5i/seed_42/predictions/4r5i_sample_0.cif B A -> /home/junjiechen/1_work/250401-Dpepalign/Benchmark/dataset/PepSet_dimer/4r5i.pdb L A
Total DockQ over 1 native interfaces: 0.592 with BA:LA model:native mapping
DockQ 0.592 iRMSD 1.355 LRMSD 4.921 fnat 0.477 fnonnat 0.475 F1 0.500 clashes 0 mapping BA:LA /home/junjiechen/1_work/250401-Dpepalign/Benchmark/protenix/PepSet/pred/4r5i/seed_42/predictions/4r5i_sample_3.cif B A -> /home/junjiechen/1_work/250401-Dpepalign/Benchmark/dataset/PepSet_dimer/4r5i.pdb L A
Total DockQ over 1 native interfaces: 0.576 with BA:LA model:native mapping
DockQ 0.576 iRMSD 1.441 LRMSD 5.146 fnat 0.477 fnonnat 0.488 F1 0.494 clashes 0 mapping BA:LA /home/junjiechen/1_work/250401-Dpepalign/Benchmark/protenix/PepSet/pred/4r5i/seed_42/predictions/4r5i_sample_4.cif B A -> /home/junjiechen/1_work/250401-Dpepalign/Benchmark/dataset/PepSet_dimer/4r5i.pdb L A
Total DockQ over 1 native interfaces: 0.605 with BA:LA model:native mapping
DockQ 0.605 iRMSD 1.285 LRMSD 4.754 fnat 0.477 fnonnat 0.475 F1 0.500 clashes 0 mapping BA:LA /home/junjiechen/1_work/250401-Dpepalign/Benchmark/protenix/PepSet/pred/4r5i/seed_43/predictions/4r5i_sample_0.cif B A -> /home/junjiechen/1_work/250401-Dpepalign/Benchmark/dataset/PepSet_dimer/4r5i.pdb L A
Total DockQ over 1 native interfaces: 0.617 with BA:LA model:native mapping
DockQ 0.617 iRMSD 1.259 LRMSD 4.428 fnat 0.477 fnonnat 0.500 F1 0.488 clashes 0 mapping BA:LA /home/junjiechen/1_work/250401-Dpepalign/Benchmark/protenix/PepSet/pred/4r5i/seed_43/predictions/4r5i_sample_1.cif B A -> /home/junjiechen/1_work/250401-Dpepalign/Benchmark/dataset/PepSet_dimer/4r5i.pdb L A
Total DockQ over 1 native interfaces: 0.600 with BA:LA model:native mapping
DockQ 0.600 iRMSD 1.321 LRMSD 4.764 fnat 0.477 fnonnat 0.462 F1 0.506 clashes 0 mapping BA:LA /home/junjiechen/1_work/250401-Dpepalign/Benchmark/protenix/PepSet/pred/4r5i/seed_43/predictions/4r5i_sample_3.cif B A -> /home/junjiechen/1_work/250401-Dpepalign/Benchmark/dataset/PepSet_dimer/4r5i.pdb L A
Total DockQ over 1 native interfaces: 0.579 with BA:LA model:native mapping
DockQ 0.579 iRMSD 1.428 LRMSD 5.098 fnat 0.477 fnonnat 0.488 F1 0.494 clashes 0 mapping BA:LA /home/junjiechen/1_work/250401-Dpepalign/Benchmark/protenix/PepSet/pred/4r5i/seed_43/predictions/4r5i_sample_2.cif B A -> /home/junjiechen/1_work/250401-Dpepalign/Benchmark/dataset/PepSet_dimer/4r5i.pdb L A
Total DockQ over 1 native interfaces: 0.581 with BA:LA model:native mapping
DockQ 0.581 iRMSD 1.391 LRMSD 5.198 fnat 0.477 fnonnat 0.488 F1 0.494 clashes 0 mapping BA:LA /home/junjiechen/1_work/250401-Dpepalign/Benchmark/protenix/PepSet/pred/4r5i/seed_43/predictions/4r5i_sample_4.cif B A -> /home/junjiechen/1_work/250401-Dpepalign/Benchmark/dataset/PepSet_dimer/4r5i.pdb L A
Total DockQ over 1 native interfaces: 0.590 with BA:LA model:native mapping
DockQ 0.590 iRMSD 1.349 LRMSD 5.020 fnat 0.477 fnonnat 0.488 F1 0.494 clashes 0 mapping BA:LA /home/junjiechen/1_work/250401-Dpepalign/Benchmark/protenix/PepSet/pred/4r5i/seed_44/predictions/4r5i_sample_2.cif B A -> /home/junjiechen/1_work/250401-Dpepalign/Benchmark/dataset/PepSet_dimer/4r5i.pdb L A
Total DockQ over 1 native interfaces: 0.575 with BA:LA model:native mapping
DockQ 0.575 iRMSD 1.420 LRMSD 5.285 fnat 0.477 fnonnat 0.488 F1 0.494 clashes 0 mapping BA:LA /home/junjiechen/1_work/250401-Dpepalign/Benchmark/protenix/PepSet/pred/4r5i/seed_44/predictions/4r5i_sample_1.cif B A -> /home/junjiechen/1_work/250401-Dpepalign/Benchmark/dataset/PepSet_dimer/4r5i.pdb L A
Total DockQ over 1 native interfaces: 0.577 with BA:LA model:native mapping
DockQ 0.577 iRMSD 1.426 LRMSD 5.170 fnat 0.477 fnonnat 0.488 F1 0.494 clashes 0 mapping BA:LA /home/junjiechen/1_work/250401-Dpepalign/Benchmark/protenix/PepSet/pred/4r5i/seed_44/predictions/4r5i_sample_3.cif B A -> /home/junjiechen/1_work/250401-Dpepalign/Benchmark/dataset/PepSet_dimer/4r5i.pdb L A
Total DockQ over 1 native interfaces: 0.567 with BA:LA model:native mapping
DockQ 0.567 iRMSD 1.460 LRMSD 5.441 fnat 0.477 fnonnat 0.488 F1 0.494 clashes 0 mapping BA:LA /home/junjiechen/1_work/250401-Dpepalign/Benchmark/protenix/PepSet/pred/4r5i/seed_44/predictions/4r5i_sample_4.cif B A -> /home/junjiechen/1_work/250401-Dpepalign/Benchmark/dataset/PepSet_dimer/4r5i.pdb L A
Total DockQ over 1 native interfaces: 0.594 with BA:LA model:native mapping
DockQ 0.594 iRMSD 1.330 LRMSD 4.962 fnat 0.477 fnonnat 0.488 F1 0.494 clashes 0 mapping BA:LA /home/junjiechen/1_work/250401-Dpepalign/Benchmark/protenix/PepSet/pred/4r5i/seed_44/predictions/4r5i_sample_0.cif B A -> /home/junjiechen/1_work/250401-Dpepalign/Benchmark/dataset/PepSet_dimer/4r5i.pdb L A
Total DockQ over 1 native interfaces: 0.690 with BA:LA model:native mapping
DockQ 0.690 iRMSD 1.657 LRMSD 3.719 fnat 0.780 fnonnat 0.158 F1 0.810 clashes 0 mapping BA:LA /home/junjiechen/1_work/250401-Dpepalign/Benchmark/protenix/PepSet/pred/4txr/seed_42/predictions/4txr_sample_0.cif B A -> /home/junjiechen/1_work/250401-Dpepalign/Benchmark/dataset/PepSet_dimer/4txr.pdb L A
Total DockQ over 1 native interfaces: 0.713 with BA:LA model:native mapping
DockQ 0.713 iRMSD 1.458 LRMSD 3.302 fnat 0.756 fnonnat 0.114 F1 0.816 clashes 0 mapping BA:LA /home/junjiechen/1_work/250401-Dpepalign/Benchmark/protenix/PepSet/pred/4txr/seed_42/predictions/4txr_sample_2.cif B A -> /home/junjiechen/1_work/250401-Dpepalign/Benchmark/dataset/PepSet_dimer/4txr.pdb L A
Total DockQ over 1 native interfaces: 0.710 with BA:LA model:native mapping
DockQ 0.710 iRMSD 1.574 LRMSD 3.587 fnat 0.805 fnonnat 0.132 F1 0.835 clashes 0 mapping BA:LA /home/junjiechen/1_work/250401-Dpepalign/Benchmark/protenix/PepSet/pred/4txr/seed_42/predictions/4txr_sample_3.cif B A -> /home/junjiechen/1_work/250401-Dpepalign/Benchmark/dataset/PepSet_dimer/4txr.pdb L A
Total DockQ over 1 native interfaces: 0.764 with BA:LA model:native mapping
DockQ 0.764 iRMSD 1.265 LRMSD 2.769 fnat 0.805 fnonnat 0.057 F1 0.868 clashes 0 mapping BA:LA /home/junjiechen/1_work/250401-Dpepalign/Benchmark/protenix/PepSet/pred/4txr/seed_42/predictions/4txr_sample_1.cif B A -> /home/junjiechen/1_work/250401-Dpepalign/Benchmark/dataset/PepSet_dimer/4txr.pdb L A
Total DockQ over 1 native interfaces: 0.725 with BA:LA model:native mapping
DockQ 0.725 iRMSD 1.391 LRMSD 3.137 fnat 0.756 fnonnat 0.184 F1 0.785 clashes 0 mapping BA:LA /home/junjiechen/1_work/250401-Dpepalign/Benchmark/protenix/PepSet/pred/4txr/seed_42/predictions/4txr_sample_4.cif B A -> /home/junjiechen/1_work/250401-Dpepalign/Benchmark/dataset/PepSet_dimer/4txr.pdb L A
Total DockQ over 1 native interfaces: 0.769 with BA:LA model:native mapping
DockQ 0.769 iRMSD 1.325 LRMSD 2.943 fnat 0.854 fnonnat 0.079 F1 0.886 clashes 0 mapping BA:LA /home/junjiechen/1_work/250401-Dpepalign/Benchmark/protenix/PepSet/pred/4txr/seed_43/predictions/4txr_sample_0.cif B A -> /home/junjiechen/1_work/250401-Dpepalign/Benchmark/dataset/PepSet_dimer/4txr.pdb L A
Total DockQ over 1 native interfaces: 0.727 with BA:LA model:native mapping
DockQ 0.727 iRMSD 1.485 LRMSD 3.281 fnat 0.805 fnonnat 0.057 F1 0.868 clashes 0 mapping BA:LA /home/junjiechen/1_work/250401-Dpepalign/Benchmark/protenix/PepSet/pred/4txr/seed_43/predictions/4txr_sample_1.cif B A -> /home/junjiechen/1_work/250401-Dpepalign/Benchmark/dataset/PepSet_dimer/4txr.pdb L A
Total DockQ over 1 native interfaces: 0.714 with BA:LA model:native mapping
DockQ 0.714 iRMSD 1.499 LRMSD 3.403 fnat 0.780 fnonnat 0.158 F1 0.810 clashes 0 mapping BA:LA /home/junjiechen/1_work/250401-Dpepalign/Benchmark/protenix/PepSet/pred/4txr/seed_43/predictions/4txr_sample_3.cif B A -> /home/junjiechen/1_work/250401-Dpepalign/Benchmark/dataset/PepSet_dimer/4txr.pdb L A
Total DockQ over 1 native interfaces: 0.704 with BA:LA model:native mapping
DockQ 0.704 iRMSD 1.525 LRMSD 3.383 fnat 0.756 fnonnat 0.184 F1 0.785 clashes 0 mapping BA:LA /home/junjiechen/1_work/250401-Dpepalign/Benchmark/protenix/PepSet/pred/4txr/seed_43/predictions/4txr_sample_2.cif B A -> /home/junjiechen/1_work/250401-Dpepalign/Benchmark/dataset/PepSet_dimer/4txr.pdb L A
Total DockQ over 1 native interfaces: 0.708 with BA:LA model:native mapping
DockQ 0.708 iRMSD 1.422 LRMSD 3.337 fnat 0.732 fnonnat 0.118 F1 0.800 clashes 0 mapping BA:LA /home/junjiechen/1_work/250401-Dpepalign/Benchmark/protenix/PepSet/pred/4txr/seed_43/predictions/4txr_sample_4.cif B A -> /home/junjiechen/1_work/250401-Dpepalign/Benchmark/dataset/PepSet_dimer/4txr.pdb L A
Total DockQ over 1 native interfaces: 0.725 with BA:LA model:native mapping
DockQ 0.725 iRMSD 1.483 LRMSD 3.360 fnat 0.805 fnonnat 0.108 F1 0.846 clashes 0 mapping BA:LA /home/junjiechen/1_work/250401-Dpepalign/Benchmark/protenix/PepSet/pred/4txr/seed_44/predictions/4txr_sample_0.cif B A -> /home/junjiechen/1_work/250401-Dpepalign/Benchmark/dataset/PepSet_dimer/4txr.pdb L A
Total DockQ over 1 native interfaces: 0.717 with BA:LA model:native mapping
DockQ 0.717 iRMSD 1.479 LRMSD 3.393 fnat 0.780 fnonnat 0.111 F1 0.831 clashes 0 mapping BA:LA /home/junjiechen/1_work/250401-Dpepalign/Benchmark/protenix/PepSet/pred/4txr/seed_44/predictions/4txr_sample_1.cif B A -> /home/junjiechen/1_work/250401-Dpepalign/Benchmark/dataset/PepSet_dimer/4txr.pdb L A
Total DockQ over 1 native interfaces: 0.697 with BA:LA model:native mapping
DockQ 0.697 iRMSD 1.551 LRMSD 3.528 fnat 0.756 fnonnat 0.162 F1 0.795 clashes 1 mapping BA:LA /home/junjiechen/1_work/250401-Dpepalign/Benchmark/protenix/PepSet/pred/4txr/seed_44/predictions/4txr_sample_2.cif B A -> /home/junjiechen/1_work/250401-Dpepalign/Benchmark/dataset/PepSet_dimer/4txr.pdb L A
Total DockQ over 1 native interfaces: 0.689 with BA:LA model:native mapping
DockQ 0.689 iRMSD 1.720 LRMSD 3.865 fnat 0.805 fnonnat 0.175 F1 0.815 clashes 1 mapping BA:LA /home/junjiechen/1_work/250401-Dpepalign/Benchmark/protenix/PepSet/pred/4txr/seed_44/predictions/4txr_sample_3.cif B A -> /home/junjiechen/1_work/250401-Dpepalign/Benchmark/dataset/PepSet_dimer/4txr.pdb L A
Total DockQ over 1 native interfaces: 0.640 with BA:LA model:native mapping
DockQ 0.640 iRMSD 1.531 LRMSD 5.657 fnat 0.737 fnonnat 0.333 F1 0.700 clashes 0 mapping BA:LA /home/junjiechen/1_work/250401-Dpepalign/Benchmark/protenix/PepSet/pred/4u0c/seed_42/predictions/4u0c_sample_0.cif B A -> /home/junjiechen/1_work/250401-Dpepalign/Benchmark/dataset/PepSet_dimer/4u0c.pdb L A
Total DockQ over 1 native interfaces: 0.708 with BA:LA model:native mapping
DockQ 0.708 iRMSD 1.593 LRMSD 3.595 fnat 0.805 fnonnat 0.108 F1 0.846 clashes 0 mapping BA:LA /home/junjiechen/1_work/250401-Dpepalign/Benchmark/protenix/PepSet/pred/4txr/seed_44/predictions/4txr_sample_4.cif B A -> /home/junjiechen/1_work/250401-Dpepalign/Benchmark/dataset/PepSet_dimer/4txr.pdb L A
Total DockQ over 1 native interfaces: 0.663 with BA:LA model:native mapping
DockQ 0.663 iRMSD 1.583 LRMSD 5.203 fnat 0.789 fnonnat 0.348 F1 0.714 clashes 0 mapping BA:LA /home/junjiechen/1_work/250401-Dpepalign/Benchmark/protenix/PepSet/pred/4u0c/seed_42/predictions/4u0c_sample_1.cif B A -> /home/junjiechen/1_work/250401-Dpepalign/Benchmark/dataset/PepSet_dimer/4u0c.pdb L A
Total DockQ over 1 native interfaces: 0.616 with BA:LA model:native mapping
DockQ 0.616 iRMSD 1.328 LRMSD 8.517 fnat 0.789 fnonnat 0.464 F1 0.638 clashes 1 mapping BA:LA /home/junjiechen/1_work/250401-Dpepalign/Benchmark/protenix/PepSet/pred/4u0c/seed_42/predictions/4u0c_sample_3.cif B A -> /home/junjiechen/1_work/250401-Dpepalign/Benchmark/dataset/PepSet_dimer/4u0c.pdb L A
Total DockQ over 1 native interfaces: 0.693 with BA:LA model:native mapping
DockQ 0.693 iRMSD 1.471 LRMSD 4.528 fnat 0.789 fnonnat 0.348 F1 0.714 clashes 0 mapping BA:LA /home/junjiechen/1_work/250401-Dpepalign/Benchmark/protenix/PepSet/pred/4u0c/seed_42/predictions/4u0c_sample_2.cif B A -> /home/junjiechen/1_work/250401-Dpepalign/Benchmark/dataset/PepSet_dimer/4u0c.pdb L A
Total DockQ over 1 native interfaces: 0.372 with BA:LA model:native mapping
DockQ 0.372 iRMSD 1.787 LRMSD 9.572 fnat 0.263 fnonnat 0.865 F1 0.179 clashes 0 mapping BA:LA /home/junjiechen/1_work/250401-Dpepalign/Benchmark/protenix/PepSet/pred/4u0c/seed_42/predictions/4u0c_sample_4.cif B A -> /home/junjiechen/1_work/250401-Dpepalign/Benchmark/dataset/PepSet_dimer/4u0c.pdb L A
Total DockQ over 1 native interfaces: 0.578 with BA:LA model:native mapping
DockQ 0.578 iRMSD 1.616 LRMSD 8.828 fnat 0.789 fnonnat 0.464 F1 0.638 clashes 0 mapping BA:LA /home/junjiechen/1_work/250401-Dpepalign/Benchmark/protenix/PepSet/pred/4u0c/seed_43/predictions/4u0c_sample_0.cif B A -> /home/junjiechen/1_work/250401-Dpepalign/Benchmark/dataset/PepSet_dimer/4u0c.pdb L A
Total DockQ over 1 native interfaces: 0.546 with BA:LA model:native mapping
DockQ 0.546 iRMSD 1.702 LRMSD 9.135 fnat 0.737 fnonnat 0.600 F1 0.519 clashes 0 mapping BA:LA /home/junjiechen/1_work/250401-Dpepalign/Benchmark/protenix/PepSet/pred/4u0c/seed_43/predictions/4u0c_sample_4.cif B A -> /home/junjiechen/1_work/250401-Dpepalign/Benchmark/dataset/PepSet_dimer/4u0c.pdb L A
Total DockQ over 1 native interfaces: 0.648 with BA:LA model:native mapping
DockQ 0.648 iRMSD 1.677 LRMSD 5.424 fnat 0.789 fnonnat 0.348 F1 0.714 clashes 0 mapping BA:LA /home/junjiechen/1_work/250401-Dpepalign/Benchmark/protenix/PepSet/pred/4u0c/seed_43/predictions/4u0c_sample_1.cif B A -> /home/junjiechen/1_work/250401-Dpepalign/Benchmark/dataset/PepSet_dimer/4u0c.pdb L A
Total DockQ over 1 native interfaces: 0.700 with BA:LA model:native mapping
DockQ 0.700 iRMSD 1.420 LRMSD 4.491 fnat 0.789 fnonnat 0.348 F1 0.714 clashes 0 mapping BA:LA /home/junjiechen/1_work/250401-Dpepalign/Benchmark/protenix/PepSet/pred/4u0c/seed_43/predictions/4u0c_sample_3.cif B A -> /home/junjiechen/1_work/250401-Dpepalign/Benchmark/dataset/PepSet_dimer/4u0c.pdb L A
Total DockQ over 1 native interfaces: 0.621 with BA:LA model:native mapping
DockQ 0.621 iRMSD 1.545 LRMSD 6.357 fnat 0.737 fnonnat 0.300 F1 0.718 clashes 0 mapping BA:LA /home/junjiechen/1_work/250401-Dpepalign/Benchmark/protenix/PepSet/pred/4u0c/seed_43/predictions/4u0c_sample_2.cif B A -> /home/junjiechen/1_work/250401-Dpepalign/Benchmark/dataset/PepSet_dimer/4u0c.pdb L A
Total DockQ over 1 native interfaces: 0.604 with BA:LA model:native mapping
DockQ 0.604 iRMSD 1.506 LRMSD 9.000 fnat 0.842 fnonnat 0.556 F1 0.582 clashes 0 mapping BA:LA /home/junjiechen/1_work/250401-Dpepalign/Benchmark/protenix/PepSet/pred/4u0c/seed_44/predictions/4u0c_sample_1.cif B A -> /home/junjiechen/1_work/250401-Dpepalign/Benchmark/dataset/PepSet_dimer/4u0c.pdb L A
Total DockQ over 1 native interfaces: 0.658 with BA:LA model:native mapping
DockQ 0.658 iRMSD 1.569 LRMSD 4.769 fnat 0.737 fnonnat 0.364 F1 0.683 clashes 0 mapping BA:LA /home/junjiechen/1_work/250401-Dpepalign/Benchmark/protenix/PepSet/pred/4u0c/seed_44/predictions/4u0c_sample_3.cif B A -> /home/junjiechen/1_work/250401-Dpepalign/Benchmark/dataset/PepSet_dimer/4u0c.pdb L A
Total DockQ over 1 native interfaces: 0.671 with BA:LA model:native mapping
DockQ 0.671 iRMSD 1.581 LRMSD 4.909 fnat 0.789 fnonnat 0.318 F1 0.732 clashes 0 mapping BA:LA /home/junjiechen/1_work/250401-Dpepalign/Benchmark/protenix/PepSet/pred/4u0c/seed_44/predictions/4u0c_sample_0.cif B A -> /home/junjiechen/1_work/250401-Dpepalign/Benchmark/dataset/PepSet_dimer/4u0c.pdb L A
Total DockQ over 1 native interfaces: 0.628 with BA:LA model:native mapping
DockQ 0.628 iRMSD 1.646 LRMSD 5.658 fnat 0.737 fnonnat 0.333 F1 0.700 clashes 0 mapping BA:LA /home/junjiechen/1_work/250401-Dpepalign/Benchmark/protenix/PepSet/pred/4u0c/seed_44/predictions/4u0c_sample_2.cif B A -> /home/junjiechen/1_work/250401-Dpepalign/Benchmark/dataset/PepSet_dimer/4u0c.pdb L A
Total DockQ over 1 native interfaces: 0.698 with BA:LA model:native mapping
DockQ 0.698 iRMSD 1.303 LRMSD 5.101 fnat 0.789 fnonnat 0.250 F1 0.769 clashes 0 mapping BA:LA /home/junjiechen/1_work/250401-Dpepalign/Benchmark/protenix/PepSet/pred/4u0c/seed_44/predictions/4u0c_sample_4.cif B A -> /home/junjiechen/1_work/250401-Dpepalign/Benchmark/dataset/PepSet_dimer/4u0c.pdb L A
Total DockQ over 1 native interfaces: 0.872 with BA:LA model:native mapping
DockQ 0.872 iRMSD 0.703 LRMSD 1.701 fnat 0.833 fnonnat 0.151 F1 0.841 clashes 0 mapping BA:LA /home/junjiechen/1_work/250401-Dpepalign/Benchmark/protenix/PepSet/pred/4uqy/seed_42/predictions/4uqy_sample_1.cif B A -> /home/junjiechen/1_work/250401-Dpepalign/Benchmark/dataset/PepSet_dimer/4uqy.pdb L A
Total DockQ over 1 native interfaces: 0.862 with BA:LA model:native mapping
DockQ 0.862 iRMSD 0.755 LRMSD 1.829 fnat 0.833 fnonnat 0.135 F1 0.849 clashes 1 mapping BA:LA /home/junjiechen/1_work/250401-Dpepalign/Benchmark/protenix/PepSet/pred/4uqy/seed_42/predictions/4uqy_sample_0.cif B A -> /home/junjiechen/1_work/250401-Dpepalign/Benchmark/dataset/PepSet_dimer/4uqy.pdb L A
Total DockQ over 1 native interfaces: 0.960 with BA:LA model:native mapping
DockQ 0.960 iRMSD 0.431 LRMSD 0.757 fnat 0.963 fnonnat 0.119 F1 0.920 clashes 0 mapping BA:LA /home/junjiechen/1_work/250401-Dpepalign/Benchmark/protenix/PepSet/pred/4uqy/seed_42/predictions/4uqy_sample_2.cif B A -> /home/junjiechen/1_work/250401-Dpepalign/Benchmark/dataset/PepSet_dimer/4uqy.pdb L A
Total DockQ over 1 native interfaces: 0.874 with BA:LA model:native mapping
DockQ 0.874 iRMSD 0.693 LRMSD 1.638 fnat 0.833 fnonnat 0.167 F1 0.833 clashes 0 mapping BA:LA /home/junjiechen/1_work/250401-Dpepalign/Benchmark/protenix/PepSet/pred/4uqy/seed_42/predictions/4uqy_sample_4.cif B A -> /home/junjiechen/1_work/250401-Dpepalign/Benchmark/dataset/PepSet_dimer/4uqy.pdb L A
Total DockQ over 1 native interfaces: 0.938 with BA:LA model:native mapping
DockQ 0.938 iRMSD 0.494 LRMSD 0.990 fnat 0.926 fnonnat 0.153 F1 0.885 clashes 0 mapping BA:LA /home/junjiechen/1_work/250401-Dpepalign/Benchmark/protenix/PepSet/pred/4uqy/seed_42/predictions/4uqy_sample_3.cif B A -> /home/junjiechen/1_work/250401-Dpepalign/Benchmark/dataset/PepSet_dimer/4uqy.pdb L A
Total DockQ over 1 native interfaces: 0.800 with BA:LA model:native mapping
DockQ 0.800 iRMSD 0.861 LRMSD 2.052 fnat 0.704 fnonnat 0.136 F1 0.776 clashes 0 mapping BA:LA /home/junjiechen/1_work/250401-Dpepalign/Benchmark/protenix/PepSet/pred/4uqy/seed_43/predictions/4uqy_sample_0.cif B A -> /home/junjiechen/1_work/250401-Dpepalign/Benchmark/dataset/PepSet_dimer/4uqy.pdb L A
Total DockQ over 1 native interfaces: 0.854 with BA:LA model:native mapping
DockQ 0.854 iRMSD 0.741 LRMSD 1.697 fnat 0.796 fnonnat 0.157 F1 0.819 clashes 0 mapping BA:LA /home/junjiechen/1_work/250401-Dpepalign/Benchmark/protenix/PepSet/pred/4uqy/seed_43/predictions/4uqy_sample_1.cif B A -> /home/junjiechen/1_work/250401-Dpepalign/Benchmark/dataset/PepSet_dimer/4uqy.pdb L A
Total DockQ over 1 native interfaces: 0.821 with BA:LA model:native mapping
DockQ 0.821 iRMSD 0.858 LRMSD 1.928 fnat 0.759 fnonnat 0.212 F1 0.774 clashes 1 mapping BA:LA /home/junjiechen/1_work/250401-Dpepalign/Benchmark/protenix/PepSet/pred/4uqy/seed_43/predictions/4uqy_sample_2.cif B A -> /home/junjiechen/1_work/250401-Dpepalign/Benchmark/dataset/PepSet_dimer/4uqy.pdb L A
Total DockQ over 1 native interfaces: 0.669 with BA:LA model:native mapping
DockQ 0.669 iRMSD 1.520 LRMSD 4.124 fnat 0.704 fnonnat 0.387 F1 0.655 clashes 1 mapping BA:LA /home/junjiechen/1_work/250401-Dpepalign/Benchmark/protenix/PepSet/pred/4uqy/seed_43/predictions/4uqy_sample_3.cif B A -> /home/junjiechen/1_work/250401-Dpepalign/Benchmark/dataset/PepSet_dimer/4uqy.pdb L A
Total DockQ over 1 native interfaces: 0.947 with BA:LA model:native mapping
DockQ 0.947 iRMSD 0.428 LRMSD 0.823 fnat 0.926 fnonnat 0.123 F1 0.901 clashes 0 mapping BA:LA /home/junjiechen/1_work/250401-Dpepalign/Benchmark/protenix/PepSet/pred/4uqy/seed_43/predictions/4uqy_sample_4.cif B A -> /home/junjiechen/1_work/250401-Dpepalign/Benchmark/dataset/PepSet_dimer/4uqy.pdb L A
Total DockQ over 1 native interfaces: 0.841 with BA:LA model:native mapping
DockQ 0.841 iRMSD 0.767 LRMSD 1.911 fnat 0.778 fnonnat 0.288 F1 0.743 clashes 1 mapping BA:LA /home/junjiechen/1_work/250401-Dpepalign/Benchmark/protenix/PepSet/pred/4uqy/seed_44/predictions/4uqy_sample_0.cif B A -> /home/junjiechen/1_work/250401-Dpepalign/Benchmark/dataset/PepSet_dimer/4uqy.pdb L A
Total DockQ over 1 native interfaces: 0.768 with BA:LA model:native mapping
DockQ 0.768 iRMSD 1.045 LRMSD 2.721 fnat 0.722 fnonnat 0.291 F1 0.716 clashes 0 mapping BA:LA /home/junjiechen/1_work/250401-Dpepalign/Benchmark/protenix/PepSet/pred/4uqy/seed_44/predictions/4uqy_sample_3.cif B A -> /home/junjiechen/1_work/250401-Dpepalign/Benchmark/dataset/PepSet_dimer/4uqy.pdb L A
Total DockQ over 1 native interfaces: 0.881 with BA:LA model:native mapping
DockQ 0.881 iRMSD 0.709 LRMSD 1.837 fnat 0.870 fnonnat 0.242 F1 0.810 clashes 1 mapping BA:LA /home/junjiechen/1_work/250401-Dpepalign/Benchmark/protenix/PepSet/pred/4uqy/seed_44/predictions/4uqy_sample_1.cif B A -> /home/junjiechen/1_work/250401-Dpepalign/Benchmark/dataset/PepSet_dimer/4uqy.pdb L A
Total DockQ over 1 native interfaces: 0.024 with BA:LA model:native mapping
DockQ 0.024 iRMSD 12.157 LRMSD 35.060 fnat 0.000 fnonnat 1.000 F1 0.000 clashes 0 mapping BA:LA /home/junjiechen/1_work/250401-Dpepalign/Benchmark/protenix/PepSet/pred/4uqy/seed_44/predictions/4uqy_sample_4.cif B A -> /home/junjiechen/1_work/250401-Dpepalign/Benchmark/dataset/PepSet_dimer/4uqy.pdb L A
Total DockQ over 1 native interfaces: 0.891 with BA:LA model:native mapping
DockQ 0.891 iRMSD 0.641 LRMSD 1.362 fnat 0.852 fnonnat 0.132 F1 0.860 clashes 0 mapping BA:LA /home/junjiechen/1_work/250401-Dpepalign/Benchmark/protenix/PepSet/pred/4uqy/seed_44/predictions/4uqy_sample_2.cif B A -> /home/junjiechen/1_work/250401-Dpepalign/Benchmark/dataset/PepSet_dimer/4uqy.pdb L A
Total DockQ over 1 native interfaces: 0.191 with BA:LA model:native mapping
DockQ 0.191 iRMSD 9.081 LRMSD 13.526 fnat 0.263 fnonnat 0.706 F1 0.278 clashes 0 mapping BA:LA /home/junjiechen/1_work/250401-Dpepalign/Benchmark/protenix/PepSet/pred/4x2h/seed_42/predictions/4x2h_sample_0.cif B A -> /home/junjiechen/1_work/250401-Dpepalign/Benchmark/dataset/PepSet_dimer/4x2h.pdb L A
Total DockQ over 1 native interfaces: 0.194 with BA:LA model:native mapping
DockQ 0.194 iRMSD 9.249 LRMSD 13.174 fnat 0.263 fnonnat 0.714 F1 0.274 clashes 0 mapping BA:LA /home/junjiechen/1_work/250401-Dpepalign/Benchmark/protenix/PepSet/pred/4x2h/seed_42/predictions/4x2h_sample_2.cif B A -> /home/junjiechen/1_work/250401-Dpepalign/Benchmark/dataset/PepSet_dimer/4x2h.pdb L A
Total DockQ over 1 native interfaces: 0.190 with BA:LA model:native mapping
DockQ 0.190 iRMSD 9.172 LRMSD 13.626 fnat 0.263 fnonnat 0.714 F1 0.274 clashes 0 mapping BA:LA /home/junjiechen/1_work/250401-Dpepalign/Benchmark/protenix/PepSet/pred/4x2h/seed_42/predictions/4x2h_sample_1.cif B A -> /home/junjiechen/1_work/250401-Dpepalign/Benchmark/dataset/PepSet_dimer/4x2h.pdb L A
Total DockQ over 1 native interfaces: 0.209 with BA:LA model:native mapping
DockQ 0.209 iRMSD 9.224 LRMSD 13.418 fnat 0.316 fnonnat 0.667 F1 0.324 clashes 0 mapping BA:LA /home/junjiechen/1_work/250401-Dpepalign/Benchmark/protenix/PepSet/pred/4x2h/seed_42/predictions/4x2h_sample_4.cif B A -> /home/junjiechen/1_work/250401-Dpepalign/Benchmark/dataset/PepSet_dimer/4x2h.pdb L A
Total DockQ over 1 native interfaces: 0.206 with BA:LA model:native mapping
DockQ 0.206 iRMSD 9.186 LRMSD 12.897 fnat 0.289 fnonnat 0.703 F1 0.293 clashes 0 mapping BA:LA /home/junjiechen/1_work/250401-Dpepalign/Benchmark/protenix/PepSet/pred/4x2h/seed_42/predictions/4x2h_sample_3.cif B A -> /home/junjiechen/1_work/250401-Dpepalign/Benchmark/dataset/PepSet_dimer/4x2h.pdb L A
Total DockQ over 1 native interfaces: 0.389 with BA:LA model:native mapping
DockQ 0.389 iRMSD 8.845 LRMSD 6.028 fnat 0.474 fnonnat 0.400 F1 0.529 clashes 0 mapping BA:LA /home/junjiechen/1_work/250401-Dpepalign/Benchmark/protenix/PepSet/pred/4x2h/seed_43/predictions/4x2h_sample_4.cif B A -> /home/junjiechen/1_work/250401-Dpepalign/Benchmark/dataset/PepSet_dimer/4x2h.pdb L A
Total DockQ over 1 native interfaces: 0.406 with BA:LA model:native mapping
DockQ 0.406 iRMSD 8.838 LRMSD 4.989 fnat 0.447 fnonnat 0.414 F1 0.507 clashes 0 mapping BA:LA /home/junjiechen/1_work/250401-Dpepalign/Benchmark/protenix/PepSet/pred/4x2h/seed_43/predictions/4x2h_sample_3.cif B A -> /home/junjiechen/1_work/250401-Dpepalign/Benchmark/dataset/PepSet_dimer/4x2h.pdb L A
Total DockQ over 1 native interfaces: 0.433 with BA:LA model:native mapping
DockQ 0.433 iRMSD 8.682 LRMSD 4.983 fnat 0.526 fnonnat 0.444 F1 0.541 clashes 0 mapping BA:LA /home/junjiechen/1_work/250401-Dpepalign/Benchmark/protenix/PepSet/pred/4x2h/seed_43/predictions/4x2h_sample_2.cif B A -> /home/junjiechen/1_work/250401-Dpepalign/Benchmark/dataset/PepSet_dimer/4x2h.pdb L A
Total DockQ over 1 native interfaces: 0.440 with BA:LA model:native mapping
DockQ 0.440 iRMSD 8.753 LRMSD 4.362 fnat 0.500 fnonnat 0.367 F1 0.559 clashes 0 mapping BA:LA /home/junjiechen/1_work/250401-Dpepalign/Benchmark/protenix/PepSet/pred/4x2h/seed_43/predictions/4x2h_sample_0.cif B A -> /home/junjiechen/1_work/250401-Dpepalign/Benchmark/dataset/PepSet_dimer/4x2h.pdb L A
Total DockQ over 1 native interfaces: 0.439 with BA:LA model:native mapping
DockQ 0.439 iRMSD 8.714 LRMSD 3.705 fnat 0.447 fnonnat 0.320 F1 0.540 clashes 0 mapping BA:LA /home/junjiechen/1_work/250401-Dpepalign/Benchmark/protenix/PepSet/pred/4x2h/seed_43/predictions/4x2h_sample_1.cif B A -> /home/junjiechen/1_work/250401-Dpepalign/Benchmark/dataset/PepSet_dimer/4x2h.pdb L A
Total DockQ over 1 native interfaces: 0.416 with BA:LA model:native mapping
DockQ 0.416 iRMSD 9.146 LRMSD 4.601 fnat 0.447 fnonnat 0.227 F1 0.567 clashes 0 mapping BA:LA /home/junjiechen/1_work/250401-Dpepalign/Benchmark/protenix/PepSet/pred/4x2h/seed_44/predictions/4x2h_sample_0.cif B A -> /home/junjiechen/1_work/250401-Dpepalign/Benchmark/dataset/PepSet_dimer/4x2h.pdb L A
Total DockQ over 1 native interfaces: 0.455 with BA:LA model:native mapping
DockQ 0.455 iRMSD 8.722 LRMSD 3.375 fnat 0.474 fnonnat 0.400 F1 0.529 clashes 0 mapping BA:LA /home/junjiechen/1_work/250401-Dpepalign/Benchmark/protenix/PepSet/pred/4x2h/seed_44/predictions/4x2h_sample_1.cif B A -> /home/junjiechen/1_work/250401-Dpepalign/Benchmark/dataset/PepSet_dimer/4x2h.pdb L A
Total DockQ over 1 native interfaces: 0.392 with BA:LA model:native mapping
DockQ 0.392 iRMSD 8.986 LRMSD 5.555 fnat 0.447 fnonnat 0.292 F1 0.548 clashes 0 mapping BA:LA /home/junjiechen/1_work/250401-Dpepalign/Benchmark/protenix/PepSet/pred/4x2h/seed_44/predictions/4x2h_sample_2.cif B A -> /home/junjiechen/1_work/250401-Dpepalign/Benchmark/dataset/PepSet_dimer/4x2h.pdb L A
Total DockQ over 1 native interfaces: 0.310 with BA:LA model:native mapping
DockQ 0.310 iRMSD 9.249 LRMSD 7.926 fnat 0.368 fnonnat 0.364 F1 0.467 clashes 0 mapping BA:LA /home/junjiechen/1_work/250401-Dpepalign/Benchmark/protenix/PepSet/pred/4x2h/seed_44/predictions/4x2h_sample_4.cif B A -> /home/junjiechen/1_work/250401-Dpepalign/Benchmark/dataset/PepSet_dimer/4x2h.pdb L A
Total DockQ over 1 native interfaces: 0.459 with BA:LA model:native mapping
DockQ 0.459 iRMSD 8.743 LRMSD 3.213 fnat 0.474 fnonnat 0.250 F1 0.581 clashes 0 mapping BA:LA /home/junjiechen/1_work/250401-Dpepalign/Benchmark/protenix/PepSet/pred/4x2h/seed_44/predictions/4x2h_sample_3.cif B A -> /home/junjiechen/1_work/250401-Dpepalign/Benchmark/dataset/PepSet_dimer/4x2h.pdb L A
Total DockQ over 1 native interfaces: 0.885 with BA:LA model:native mapping
DockQ 0.885 iRMSD 1.006 LRMSD 1.592 fnat 1.000 fnonnat 0.091 F1 0.952 clashes 0 mapping BA:LA /home/junjiechen/1_work/250401-Dpepalign/Benchmark/protenix/PepSet/pred/4x3o/seed_42/predictions/4x3o_sample_1.cif B A -> /home/junjiechen/1_work/250401-Dpepalign/Benchmark/dataset/PepSet_dimer/4x3o.pdb L A
Total DockQ over 1 native interfaces: 0.869 with BA:LA model:native mapping
DockQ 0.869 iRMSD 1.117 LRMSD 1.635 fnat 1.000 fnonnat 0.091 F1 0.952 clashes 0 mapping BA:LA /home/junjiechen/1_work/250401-Dpepalign/Benchmark/protenix/PepSet/pred/4x3o/seed_42/predictions/4x3o_sample_0.cif B A -> /home/junjiechen/1_work/250401-Dpepalign/Benchmark/dataset/PepSet_dimer/4x3o.pdb L A
Total DockQ over 1 native interfaces: 0.850 with BA:LA model:native mapping
DockQ 0.850 iRMSD 1.253 LRMSD 1.683 fnat 1.000 fnonnat 0.091 F1 0.952 clashes 0 mapping BA:LA /home/junjiechen/1_work/250401-Dpepalign/Benchmark/protenix/PepSet/pred/4x3o/seed_42/predictions/4x3o_sample_3.cif B A -> /home/junjiechen/1_work/250401-Dpepalign/Benchmark/dataset/PepSet_dimer/4x3o.pdb L A
Total DockQ over 1 native interfaces: 0.865 with BA:LA model:native mapping
DockQ 0.865 iRMSD 1.171 LRMSD 1.372 fnat 1.000 fnonnat 0.091 F1 0.952 clashes 0 mapping BA:LA /home/junjiechen/1_work/250401-Dpepalign/Benchmark/protenix/PepSet/pred/4x3o/seed_42/predictions/4x3o_sample_4.cif B A -> /home/junjiechen/1_work/250401-Dpepalign/Benchmark/dataset/PepSet_dimer/4x3o.pdb L A
Total DockQ over 1 native interfaces: 0.896 with BA:LA model:native mapping
DockQ 0.896 iRMSD 0.912 LRMSD 1.748 fnat 1.000 fnonnat 0.062 F1 0.968 clashes 0 mapping BA:LA /home/junjiechen/1_work/250401-Dpepalign/Benchmark/protenix/PepSet/pred/4x3o/seed_42/predictions/4x3o_sample_2.cif B A -> /home/junjiechen/1_work/250401-Dpepalign/Benchmark/dataset/PepSet_dimer/4x3o.pdb L A
Total DockQ over 1 native interfaces: 0.889 with BA:LA model:native mapping
DockQ 0.889 iRMSD 1.005 LRMSD 1.311 fnat 1.000 fnonnat 0.062 F1 0.968 clashes 0 mapping BA:LA /home/junjiechen/1_work/250401-Dpepalign/Benchmark/protenix/PepSet/pred/4x3o/seed_43/predictions/4x3o_sample_0.cif B A -> /home/junjiechen/1_work/250401-Dpepalign/Benchmark/dataset/PepSet_dimer/4x3o.pdb L A
Total DockQ over 1 native interfaces: 0.839 with BA:LA model:native mapping
DockQ 0.839 iRMSD 1.362 LRMSD 1.531 fnat 1.000 fnonnat 0.062 F1 0.968 clashes 0 mapping BA:LA /home/junjiechen/1_work/250401-Dpepalign/Benchmark/protenix/PepSet/pred/4x3o/seed_43/predictions/4x3o_sample_1.cif B A -> /home/junjiechen/1_work/250401-Dpepalign/Benchmark/dataset/PepSet_dimer/4x3o.pdb L A
Total DockQ over 1 native interfaces: 0.825 with BA:LA model:native mapping
DockQ 0.825 iRMSD 1.465 LRMSD 1.670 fnat 1.000 fnonnat 0.062 F1 0.968 clashes 0 mapping BA:LA /home/junjiechen/1_work/250401-Dpepalign/Benchmark/protenix/PepSet/pred/4x3o/seed_43/predictions/4x3o_sample_2.cif B A -> /home/junjiechen/1_work/250401-Dpepalign/Benchmark/dataset/PepSet_dimer/4x3o.pdb L A
Total DockQ over 1 native interfaces: 0.873 with BA:LA model:native mapping
DockQ 0.873 iRMSD 1.092 LRMSD 1.588 fnat 1.000 fnonnat 0.062 F1 0.968 clashes 0 mapping BA:LA /home/junjiechen/1_work/250401-Dpepalign/Benchmark/protenix/PepSet/pred/4x3o/seed_43/predictions/4x3o_sample_4.cif B A -> /home/junjiechen/1_work/250401-Dpepalign/Benchmark/dataset/PepSet_dimer/4x3o.pdb L A
Total DockQ over 1 native interfaces: 0.871 with BA:LA model:native mapping
DockQ 0.871 iRMSD 1.080 LRMSD 1.850 fnat 1.000 fnonnat 0.062 F1 0.968 clashes 0 mapping BA:LA /home/junjiechen/1_work/250401-Dpepalign/Benchmark/protenix/PepSet/pred/4x3o/seed_43/predictions/4x3o_sample_3.cif B A -> /home/junjiechen/1_work/250401-Dpepalign/Benchmark/dataset/PepSet_dimer/4x3o.pdb L A
Total DockQ over 1 native interfaces: 0.879 with BA:LA model:native mapping
DockQ 0.879 iRMSD 1.052 LRMSD 1.563 fnat 1.000 fnonnat 0.032 F1 0.984 clashes 0 mapping BA:LA /home/junjiechen/1_work/250401-Dpepalign/Benchmark/protenix/PepSet/pred/4x3o/seed_44/predictions/4x3o_sample_0.cif B A -> /home/junjiechen/1_work/250401-Dpepalign/Benchmark/dataset/PepSet_dimer/4x3o.pdb L A
Total DockQ over 1 native interfaces: 0.923 with BA:LA model:native mapping
DockQ 0.923 iRMSD 0.651 LRMSD 1.552 fnat 0.959 fnonnat 0.041 F1 0.959 clashes 0 mapping BA:LA /home/junjiechen/1_work/250401-Dpepalign/Benchmark/protenix/PepSet/pred/4xc2/seed_42/predictions/4xc2_sample_0.cif B A -> /home/junjiechen/1_work/250401-Dpepalign/Benchmark/dataset/PepSet_dimer/4xc2.pdb L A
Total DockQ over 1 native interfaces: 0.871 with BA:LA model:native mapping
DockQ 0.871 iRMSD 1.120 LRMSD 1.445 fnat 1.000 fnonnat 0.062 F1 0.968 clashes 0 mapping BA:LA /home/junjiechen/1_work/250401-Dpepalign/Benchmark/protenix/PepSet/pred/4x3o/seed_44/predictions/4x3o_sample_3.cif B A -> /home/junjiechen/1_work/250401-Dpepalign/Benchmark/dataset/PepSet_dimer/4x3o.pdb L A
Total DockQ over 1 native interfaces: 0.940 with BA:LA model:native mapping
DockQ 0.940 iRMSD 0.561 LRMSD 1.123 fnat 0.959 fnonnat 0.021 F1 0.969 clashes 0 mapping BA:LA /home/junjiechen/1_work/250401-Dpepalign/Benchmark/protenix/PepSet/pred/4xc2/seed_42/predictions/4xc2_sample_1.cif B A -> /home/junjiechen/1_work/250401-Dpepalign/Benchmark/dataset/PepSet_dimer/4xc2.pdb L A
Total DockQ over 1 native interfaces: 0.847 with BA:LA model:native mapping
DockQ 0.847 iRMSD 1.264 LRMSD 1.843 fnat 1.000 fnonnat 0.062 F1 0.968 clashes 0 mapping BA:LA /home/junjiechen/1_work/250401-Dpepalign/Benchmark/protenix/PepSet/pred/4x3o/seed_44/predictions/4x3o_sample_1.cif B A -> /home/junjiechen/1_work/250401-Dpepalign/Benchmark/dataset/PepSet_dimer/4x3o.pdb L A
Total DockQ over 1 native interfaces: 0.913 with BA:LA model:native mapping
DockQ 0.913 iRMSD 0.837 LRMSD 1.334 fnat 1.000 fnonnat 0.062 F1 0.968 clashes 0 mapping BA:LA /home/junjiechen/1_work/250401-Dpepalign/Benchmark/protenix/PepSet/pred/4x3o/seed_44/predictions/4x3o_sample_2.cif B A -> /home/junjiechen/1_work/250401-Dpepalign/Benchmark/dataset/PepSet_dimer/4x3o.pdb L A
Total DockQ over 1 native interfaces: 0.903 with BA:LA model:native mapping
DockQ 0.903 iRMSD 0.888 LRMSD 1.562 fnat 1.000 fnonnat 0.091 F1 0.952 clashes 0 mapping BA:LA /home/junjiechen/1_work/250401-Dpepalign/Benchmark/protenix/PepSet/pred/4x3o/seed_44/predictions/4x3o_sample_4.cif B A -> /home/junjiechen/1_work/250401-Dpepalign/Benchmark/dataset/PepSet_dimer/4x3o.pdb L A
Total DockQ over 1 native interfaces: 0.872 with BA:LA model:native mapping
DockQ 0.872 iRMSD 0.784 LRMSD 1.896 fnat 0.878 fnonnat 0.065 F1 0.905 clashes 0 mapping BA:LA /home/junjiechen/1_work/250401-Dpepalign/Benchmark/protenix/PepSet/pred/4xc2/seed_42/predictions/4xc2_sample_2.cif B A -> /home/junjiechen/1_work/250401-Dpepalign/Benchmark/dataset/PepSet_dimer/4xc2.pdb L A
Total DockQ over 1 native interfaces: 0.933 with BA:LA model:native mapping
DockQ 0.933 iRMSD 0.554 LRMSD 1.222 fnat 0.939 fnonnat 0.021 F1 0.958 clashes 0 mapping BA:LA /home/junjiechen/1_work/250401-Dpepalign/Benchmark/protenix/PepSet/pred/4xc2/seed_42/predictions/4xc2_sample_3.cif B A -> /home/junjiechen/1_work/250401-Dpepalign/Benchmark/dataset/PepSet_dimer/4xc2.pdb L A
Total DockQ over 1 native interfaces: 0.889 with BA:LA model:native mapping
DockQ 0.889 iRMSD 0.655 LRMSD 1.503 fnat 0.857 fnonnat 0.087 F1 0.884 clashes 0 mapping BA:LA /home/junjiechen/1_work/250401-Dpepalign/Benchmark/protenix/PepSet/pred/4xc2/seed_42/predictions/4xc2_sample_4.cif B A -> /home/junjiechen/1_work/250401-Dpepalign/Benchmark/dataset/PepSet_dimer/4xc2.pdb L A
Total DockQ over 1 native interfaces: 0.946 with BA:LA model:native mapping
DockQ 0.946 iRMSD 0.517 LRMSD 1.041 fnat 0.959 fnonnat 0.000 F1 0.979 clashes 0 mapping BA:LA /home/junjiechen/1_work/250401-Dpepalign/Benchmark/protenix/PepSet/pred/4xc2/seed_43/predictions/4xc2_sample_0.cif B A -> /home/junjiechen/1_work/250401-Dpepalign/Benchmark/dataset/PepSet_dimer/4xc2.pdb L A
Total DockQ over 1 native interfaces: 0.877 with BA:LA model:native mapping
DockQ 0.877 iRMSD 0.718 LRMSD 1.730 fnat 0.857 fnonnat 0.000 F1 0.923 clashes 0 mapping BA:LA /home/junjiechen/1_work/250401-Dpepalign/Benchmark/protenix/PepSet/pred/4xc2/seed_43/predictions/4xc2_sample_4.cif B A -> /home/junjiechen/1_work/250401-Dpepalign/Benchmark/dataset/PepSet_dimer/4xc2.pdb L A
Total DockQ over 1 native interfaces: 0.937 with BA:LA model:native mapping
DockQ 0.937 iRMSD 0.532 LRMSD 1.064 fnat 0.939 fnonnat 0.021 F1 0.958 clashes 0 mapping BA:LA /home/junjiechen/1_work/250401-Dpepalign/Benchmark/protenix/PepSet/pred/4xc2/seed_43/predictions/4xc2_sample_2.cif B A -> /home/junjiechen/1_work/250401-Dpepalign/Benchmark/dataset/PepSet_dimer/4xc2.pdb L A
Total DockQ over 1 native interfaces: 0.940 with BA:LA model:native mapping
DockQ 0.940 iRMSD 0.563 LRMSD 1.073 fnat 0.959 fnonnat 0.000 F1 0.979 clashes 0 mapping BA:LA /home/junjiechen/1_work/250401-Dpepalign/Benchmark/protenix/PepSet/pred/4xc2/seed_43/predictions/4xc2_sample_1.cif B A -> /home/junjiechen/1_work/250401-Dpepalign/Benchmark/dataset/PepSet_dimer/4xc2.pdb L A
Total DockQ over 1 native interfaces: 0.894 with BA:LA model:native mapping
DockQ 0.894 iRMSD 0.713 LRMSD 1.545 fnat 0.898 fnonnat 0.043 F1 0.926 clashes 0 mapping BA:LA /home/junjiechen/1_work/250401-Dpepalign/Benchmark/protenix/PepSet/pred/4xc2/seed_43/predictions/4xc2_sample_3.cif B A -> /home/junjiechen/1_work/250401-Dpepalign/Benchmark/dataset/PepSet_dimer/4xc2.pdb L A
Total DockQ over 1 native interfaces: 0.951 with BA:LA model:native mapping
DockQ 0.951 iRMSD 0.481 LRMSD 1.005 fnat 0.959 fnonnat 0.000 F1 0.979 clashes 0 mapping BA:LA /home/junjiechen/1_work/250401-Dpepalign/Benchmark/protenix/PepSet/pred/4xc2/seed_44/predictions/4xc2_sample_0.cif B A -> /home/junjiechen/1_work/250401-Dpepalign/Benchmark/dataset/PepSet_dimer/4xc2.pdb L A
Total DockQ over 1 native interfaces: 0.938 with BA:LA model:native mapping
DockQ 0.938 iRMSD 0.522 LRMSD 1.098 fnat 0.939 fnonnat 0.021 F1 0.958 clashes 0 mapping BA:LA /home/junjiechen/1_work/250401-Dpepalign/Benchmark/protenix/PepSet/pred/4xc2/seed_44/predictions/4xc2_sample_1.cif B A -> /home/junjiechen/1_work/250401-Dpepalign/Benchmark/dataset/PepSet_dimer/4xc2.pdb L A
Total DockQ over 1 native interfaces: 0.923 with BA:LA model:native mapping
DockQ 0.923 iRMSD 0.578 LRMSD 1.195 fnat 0.918 fnonnat 0.043 F1 0.938 clashes 0 mapping BA:LA /home/junjiechen/1_work/250401-Dpepalign/Benchmark/protenix/PepSet/pred/4xc2/seed_44/predictions/4xc2_sample_3.cif B A -> /home/junjiechen/1_work/250401-Dpepalign/Benchmark/dataset/PepSet_dimer/4xc2.pdb L A
Total DockQ over 1 native interfaces: 0.927 with BA:LA model:native mapping
DockQ 0.927 iRMSD 0.589 LRMSD 1.368 fnat 0.939 fnonnat 0.021 F1 0.958 clashes 0 mapping BA:LA /home/junjiechen/1_work/250401-Dpepalign/Benchmark/protenix/PepSet/pred/4xc2/seed_44/predictions/4xc2_sample_2.cif B A -> /home/junjiechen/1_work/250401-Dpepalign/Benchmark/dataset/PepSet_dimer/4xc2.pdb L A
Total DockQ over 1 native interfaces: 0.951 with BA:LA model:native mapping
DockQ 0.951 iRMSD 0.373 LRMSD 0.539 fnat 0.917 fnonnat 0.029 F1 0.943 clashes 0 mapping BA:LA /home/junjiechen/1_work/250401-Dpepalign/Benchmark/protenix/PepSet/pred/4xek/seed_42/predictions/4xek_sample_0.cif B A -> /home/junjiechen/1_work/250401-Dpepalign/Benchmark/dataset/PepSet_dimer/4xek.pdb L A
Total DockQ over 1 native interfaces: 0.945 with BA:LA model:native mapping
DockQ 0.945 iRMSD 0.487 LRMSD 0.840 fnat 0.939 fnonnat 0.000 F1 0.968 clashes 0 mapping BA:LA /home/junjiechen/1_work/250401-Dpepalign/Benchmark/protenix/PepSet/pred/4xc2/seed_44/predictions/4xc2_sample_4.cif B A -> /home/junjiechen/1_work/250401-Dpepalign/Benchmark/dataset/PepSet_dimer/4xc2.pdb L A
Total DockQ over 1 native interfaces: 0.936 with BA:LA model:native mapping
DockQ 0.936 iRMSD 0.419 LRMSD 0.854 fnat 0.889 fnonnat 0.030 F1 0.928 clashes 0 mapping BA:LA /home/junjiechen/1_work/250401-Dpepalign/Benchmark/protenix/PepSet/pred/4xek/seed_42/predictions/4xek_sample_1.cif B A -> /home/junjiechen/1_work/250401-Dpepalign/Benchmark/dataset/PepSet_dimer/4xek.pdb L A
Total DockQ over 1 native interfaces: 0.961 with BA:LA model:native mapping
DockQ 0.961 iRMSD 0.372 LRMSD 0.576 fnat 0.944 fnonnat 0.081 F1 0.932 clashes 0 mapping BA:LA /home/junjiechen/1_work/250401-Dpepalign/Benchmark/protenix/PepSet/pred/4xek/seed_42/predictions/4xek_sample_2.cif B A -> /home/junjiechen/1_work/250401-Dpepalign/Benchmark/dataset/PepSet_dimer/4xek.pdb L A
Total DockQ over 1 native interfaces: 0.951 with BA:LA model:native mapping
DockQ 0.951 iRMSD 0.455 LRMSD 0.753 fnat 0.944 fnonnat 0.150 F1 0.895 clashes 0 mapping BA:LA /home/junjiechen/1_work/250401-Dpepalign/Benchmark/protenix/PepSet/pred/4xek/seed_42/predictions/4xek_sample_3.cif B A -> /home/junjiechen/1_work/250401-Dpepalign/Benchmark/dataset/PepSet_dimer/4xek.pdb L A
Total DockQ over 1 native interfaces: 0.957 with BA:LA model:native mapping
DockQ 0.957 iRMSD 0.388 LRMSD 0.845 fnat 0.944 fnonnat 0.056 F1 0.944 clashes 0 mapping BA:LA /home/junjiechen/1_work/250401-Dpepalign/Benchmark/protenix/PepSet/pred/4xek/seed_43/predictions/4xek_sample_1.cif B A -> /home/junjiechen/1_work/250401-Dpepalign/Benchmark/dataset/PepSet_dimer/4xek.pdb L A
Total DockQ over 1 native interfaces: 0.968 with BA:LA model:native mapping
DockQ 0.968 iRMSD 0.377 LRMSD 0.776 fnat 0.972 fnonnat 0.103 F1 0.933 clashes 0 mapping BA:LA /home/junjiechen/1_work/250401-Dpepalign/Benchmark/protenix/PepSet/pred/4xek/seed_43/predictions/4xek_sample_0.cif B A -> /home/junjiechen/1_work/250401-Dpepalign/Benchmark/dataset/PepSet_dimer/4xek.pdb L A
Total DockQ over 1 native interfaces: 0.963 with BA:LA model:native mapping
DockQ 0.963 iRMSD 0.418 LRMSD 0.841 fnat 0.972 fnonnat 0.125 F1 0.921 clashes 0 mapping BA:LA /home/junjiechen/1_work/250401-Dpepalign/Benchmark/protenix/PepSet/pred/4xek/seed_42/predictions/4xek_sample_4.cif B A -> /home/junjiechen/1_work/250401-Dpepalign/Benchmark/dataset/PepSet_dimer/4xek.pdb L A
Total DockQ over 1 native interfaces: 0.960 with BA:LA model:native mapping
DockQ 0.960 iRMSD 0.374 LRMSD 0.652 fnat 0.944 fnonnat 0.128 F1 0.907 clashes 0 mapping BA:LA /home/junjiechen/1_work/250401-Dpepalign/Benchmark/protenix/PepSet/pred/4xek/seed_43/predictions/4xek_sample_4.cif B A -> /home/junjiechen/1_work/250401-Dpepalign/Benchmark/dataset/PepSet_dimer/4xek.pdb L A
Total DockQ over 1 native interfaces: 0.955 with BA:LA model:native mapping
DockQ 0.955 iRMSD 0.421 LRMSD 0.737 fnat 0.944 fnonnat 0.081 F1 0.932 clashes 0 mapping BA:LA /home/junjiechen/1_work/250401-Dpepalign/Benchmark/protenix/PepSet/pred/4xek/seed_43/predictions/4xek_sample_3.cif B A -> /home/junjiechen/1_work/250401-Dpepalign/Benchmark/dataset/PepSet_dimer/4xek.pdb L A
Total DockQ over 1 native interfaces: 0.957 with BA:LA model:native mapping
DockQ 0.957 iRMSD 0.394 LRMSD 0.748 fnat 0.944 fnonnat 0.081 F1 0.932 clashes 0 mapping BA:LA /home/junjiechen/1_work/250401-Dpepalign/Benchmark/protenix/PepSet/pred/4xek/seed_43/predictions/4xek_sample_2.cif B A -> /home/junjiechen/1_work/250401-Dpepalign/Benchmark/dataset/PepSet_dimer/4xek.pdb L A
Total DockQ over 1 native interfaces: 0.948 with BA:LA model:native mapping
DockQ 0.948 iRMSD 0.398 LRMSD 0.756 fnat 0.917 fnonnat 0.108 F1 0.904 clashes 0 mapping BA:LA /home/junjiechen/1_work/250401-Dpepalign/Benchmark/protenix/PepSet/pred/4xek/seed_44/predictions/4xek_sample_1.cif B A -> /home/junjiechen/1_work/250401-Dpepalign/Benchmark/dataset/PepSet_dimer/4xek.pdb L A
Total DockQ over 1 native interfaces: 0.953 with BA:LA model:native mapping
DockQ 0.953 iRMSD 0.441 LRMSD 0.682 fnat 0.944 fnonnat 0.081 F1 0.932 clashes 0 mapping BA:LA /home/junjiechen/1_work/250401-Dpepalign/Benchmark/protenix/PepSet/pred/4xek/seed_44/predictions/4xek_sample_0.cif B A -> /home/junjiechen/1_work/250401-Dpepalign/Benchmark/dataset/PepSet_dimer/4xek.pdb L A
Total DockQ over 1 native interfaces: 0.968 with BA:LA model:native mapping
DockQ 0.968 iRMSD 0.383 LRMSD 0.766 fnat 0.972 fnonnat 0.103 F1 0.933 clashes 0 mapping BA:LA /home/junjiechen/1_work/250401-Dpepalign/Benchmark/protenix/PepSet/pred/4xek/seed_44/predictions/4xek_sample_2.cif B A -> /home/junjiechen/1_work/250401-Dpepalign/Benchmark/dataset/PepSet_dimer/4xek.pdb L A
Total DockQ over 1 native interfaces: 0.961 with BA:LA model:native mapping
DockQ 0.961 iRMSD 0.355 LRMSD 0.720 fnat 0.944 fnonnat 0.105 F1 0.919 clashes 0 mapping BA:LA /home/junjiechen/1_work/250401-Dpepalign/Benchmark/protenix/PepSet/pred/4xek/seed_44/predictions/4xek_sample_3.cif B A -> /home/junjiechen/1_work/250401-Dpepalign/Benchmark/dataset/PepSet_dimer/4xek.pdb L A
Total DockQ over 1 native interfaces: 0.967 with BA:LA model:native mapping
DockQ 0.967 iRMSD 0.385 LRMSD 0.777 fnat 0.972 fnonnat 0.079 F1 0.946 clashes 0 mapping BA:LA /home/junjiechen/1_work/250401-Dpepalign/Benchmark/protenix/PepSet/pred/4xek/seed_44/predictions/4xek_sample_4.cif B A -> /home/junjiechen/1_work/250401-Dpepalign/Benchmark/dataset/PepSet_dimer/4xek.pdb L A
Total DockQ over 1 native interfaces: 0.873 with BA:LA model:native mapping
DockQ 0.873 iRMSD 0.672 LRMSD 1.935 fnat 0.837 fnonnat 0.163 F1 0.837 clashes 0 mapping BA:LA /home/junjiechen/1_work/250401-Dpepalign/Benchmark/protenix/PepSet/pred/4yje/seed_42/predictions/4yje_sample_0.cif B A -> /home/junjiechen/1_work/250401-Dpepalign/Benchmark/dataset/PepSet_dimer/4yje.pdb L A
Total DockQ over 1 native interfaces: 0.873 with BA:LA model:native mapping
DockQ 0.873 iRMSD 0.631 LRMSD 1.878 fnat 0.816 fnonnat 0.231 F1 0.792 clashes 0 mapping BA:LA /home/junjiechen/1_work/250401-Dpepalign/Benchmark/protenix/PepSet/pred/4yje/seed_42/predictions/4yje_sample_3.cif B A -> /home/junjiechen/1_work/250401-Dpepalign/Benchmark/dataset/PepSet_dimer/4yje.pdb L A
Total DockQ over 1 native interfaces: 0.931 with BA:LA model:native mapping
DockQ 0.931 iRMSD 0.478 LRMSD 0.999 fnat 0.898 fnonnat 0.137 F1 0.880 clashes 0 mapping BA:LA /home/junjiechen/1_work/250401-Dpepalign/Benchmark/protenix/PepSet/pred/4yje/seed_42/predictions/4yje_sample_4.cif B A -> /home/junjiechen/1_work/250401-Dpepalign/Benchmark/dataset/PepSet_dimer/4yje.pdb L A
Total DockQ over 1 native interfaces: 0.889 with BA:LA model:native mapping
DockQ 0.889 iRMSD 0.623 LRMSD 1.809 fnat 0.857 fnonnat 0.143 F1 0.857 clashes 0 mapping BA:LA /home/junjiechen/1_work/250401-Dpepalign/Benchmark/protenix/PepSet/pred/4yje/seed_42/predictions/4yje_sample_2.cif B A -> /home/junjiechen/1_work/250401-Dpepalign/Benchmark/dataset/PepSet_dimer/4yje.pdb L A
Total DockQ over 1 native interfaces: 0.871 with BA:LA model:native mapping
DockQ 0.871 iRMSD 0.691 LRMSD 1.945 fnat 0.837 fnonnat 0.180 F1 0.828 clashes 0 mapping BA:LA /home/junjiechen/1_work/250401-Dpepalign/Benchmark/protenix/PepSet/pred/4yje/seed_42/predictions/4yje_sample_1.cif B A -> /home/junjiechen/1_work/250401-Dpepalign/Benchmark/dataset/PepSet_dimer/4yje.pdb L A
Total DockQ over 1 native interfaces: 0.882 with BA:LA model:native mapping
DockQ 0.882 iRMSD 0.620 LRMSD 1.853 fnat 0.837 fnonnat 0.241 F1 0.796 clashes 0 mapping BA:LA /home/junjiechen/1_work/250401-Dpepalign/Benchmark/protenix/PepSet/pred/4yje/seed_43/predictions/4yje_sample_0.cif B A -> /home/junjiechen/1_work/250401-Dpepalign/Benchmark/dataset/PepSet_dimer/4yje.pdb L A
Total DockQ over 1 native interfaces: 0.864 with BA:LA model:native mapping
DockQ 0.864 iRMSD 0.638 LRMSD 1.942 fnat 0.796 fnonnat 0.235 F1 0.780 clashes 0 mapping BA:LA /home/junjiechen/1_work/250401-Dpepalign/Benchmark/protenix/PepSet/pred/4yje/seed_43/predictions/4yje_sample_2.cif B A -> /home/junjiechen/1_work/250401-Dpepalign/Benchmark/dataset/PepSet_dimer/4yje.pdb L A
Total DockQ over 1 native interfaces: 0.892 with BA:LA model:native mapping
DockQ 0.892 iRMSD 0.603 LRMSD 1.811 fnat 0.857 fnonnat 0.250 F1 0.800 clashes 0 mapping BA:LA /home/junjiechen/1_work/250401-Dpepalign/Benchmark/protenix/PepSet/pred/4yje/seed_43/predictions/4yje_sample_1.cif B A -> /home/junjiechen/1_work/250401-Dpepalign/Benchmark/dataset/PepSet_dimer/4yje.pdb L A
Total DockQ over 1 native interfaces: 0.882 with BA:LA model:native mapping
DockQ 0.882 iRMSD 0.627 LRMSD 1.743 fnat 0.837 fnonnat 0.241 F1 0.796 clashes 0 mapping BA:LA /home/junjiechen/1_work/250401-Dpepalign/Benchmark/protenix/PepSet/pred/4yje/seed_43/predictions/4yje_sample_4.cif B A -> /home/junjiechen/1_work/250401-Dpepalign/Benchmark/dataset/PepSet_dimer/4yje.pdb L A
Total DockQ over 1 native interfaces: 0.872 with BA:LA model:native mapping
DockQ 0.872 iRMSD 0.679 LRMSD 1.982 fnat 0.837 fnonnat 0.180 F1 0.828 clashes 0 mapping BA:LA /home/junjiechen/1_work/250401-Dpepalign/Benchmark/protenix/PepSet/pred/4yje/seed_43/predictions/4yje_sample_3.cif B A -> /home/junjiechen/1_work/250401-Dpepalign/Benchmark/dataset/PepSet_dimer/4yje.pdb L A
Total DockQ over 1 native interfaces: 0.884 with BA:LA model:native mapping
DockQ 0.884 iRMSD 0.608 LRMSD 1.842 fnat 0.837 fnonnat 0.212 F1 0.812 clashes 0 mapping BA:LA /home/junjiechen/1_work/250401-Dpepalign/Benchmark/protenix/PepSet/pred/4yje/seed_44/predictions/4yje_sample_0.cif B A -> /home/junjiechen/1_work/250401-Dpepalign/Benchmark/dataset/PepSet_dimer/4yje.pdb L A
Total DockQ over 1 native interfaces: 0.924 with BA:LA model:native mapping
DockQ 0.924 iRMSD 0.463 LRMSD 1.131 fnat 0.878 fnonnat 0.140 F1 0.869 clashes 0 mapping BA:LA /home/junjiechen/1_work/250401-Dpepalign/Benchmark/protenix/PepSet/pred/4yje/seed_44/predictions/4yje_sample_3.cif B A -> /home/junjiechen/1_work/250401-Dpepalign/Benchmark/dataset/PepSet_dimer/4yje.pdb L A
Total DockQ over 1 native interfaces: 0.877 with BA:LA model:native mapping
DockQ 0.877 iRMSD 0.648 LRMSD 1.901 fnat 0.837 fnonnat 0.212 F1 0.812 clashes 0 mapping BA:LA /home/junjiechen/1_work/250401-Dpepalign/Benchmark/protenix/PepSet/pred/4yje/seed_44/predictions/4yje_sample_2.cif B A -> /home/junjiechen/1_work/250401-Dpepalign/Benchmark/dataset/PepSet_dimer/4yje.pdb L A
Total DockQ over 1 native interfaces: 0.146 with BA:LA model:native mapping
DockQ 0.146 iRMSD 5.831 LRMSD 14.168 fnat 0.111 fnonnat 0.918 F1 0.094 clashes 0 mapping BA:LA /home/junjiechen/1_work/250401-Dpepalign/Benchmark/protenix/PepSet/pred/4z2o/seed_42/predictions/4z2o_sample_0.cif B A -> /home/junjiechen/1_work/250401-Dpepalign/Benchmark/dataset/PepSet_dimer/4z2o.pdb L A
Total DockQ over 1 native interfaces: 0.859 with BA:LA model:native mapping
DockQ 0.859 iRMSD 0.670 LRMSD 1.991 fnat 0.796 fnonnat 0.204 F1 0.796 clashes 0 mapping BA:LA /home/junjiechen/1_work/250401-Dpepalign/Benchmark/protenix/PepSet/pred/4yje/seed_44/predictions/4yje_sample_4.cif B A -> /home/junjiechen/1_work/250401-Dpepalign/Benchmark/dataset/PepSet_dimer/4yje.pdb L A
Total DockQ over 1 native interfaces: 0.219 with BA:LA model:native mapping
DockQ 0.219 iRMSD 5.821 LRMSD 14.291 fnat 0.333 fnonnat 0.615 F1 0.357 clashes 0 mapping BA:LA /home/junjiechen/1_work/250401-Dpepalign/Benchmark/protenix/PepSet/pred/4z2o/seed_42/predictions/4z2o_sample_1.cif B A -> /home/junjiechen/1_work/250401-Dpepalign/Benchmark/dataset/PepSet_dimer/4z2o.pdb L A
Total DockQ over 1 native interfaces: 0.386 with BA:LA model:native mapping
DockQ 0.386 iRMSD 2.966 LRMSD 6.944 fnat 0.356 fnonnat 0.673 F1 0.340 clashes 1 mapping BA:LA /home/junjiechen/1_work/250401-Dpepalign/Benchmark/protenix/PepSet/pred/4z2o/seed_42/predictions/4z2o_sample_3.cif B A -> /home/junjiechen/1_work/250401-Dpepalign/Benchmark/dataset/PepSet_dimer/4z2o.pdb L A
Total DockQ over 1 native interfaces: 0.872 with BA:LA model:native mapping
DockQ 0.872 iRMSD 0.634 LRMSD 1.899 fnat 0.816 fnonnat 0.216 F1 0.800 clashes 0 mapping BA:LA /home/junjiechen/1_work/250401-Dpepalign/Benchmark/protenix/PepSet/pred/4yje/seed_44/predictions/4yje_sample_1.cif B A -> /home/junjiechen/1_work/250401-Dpepalign/Benchmark/dataset/PepSet_dimer/4yje.pdb L A
Total DockQ over 1 native interfaces: 0.206 with BA:LA model:native mapping
DockQ 0.206 iRMSD 5.777 LRMSD 14.096 fnat 0.289 fnonnat 0.649 F1 0.317 clashes 0 mapping BA:LA /home/junjiechen/1_work/250401-Dpepalign/Benchmark/protenix/PepSet/pred/4z2o/seed_42/predictions/4z2o_sample_2.cif B A -> /home/junjiechen/1_work/250401-Dpepalign/Benchmark/dataset/PepSet_dimer/4z2o.pdb L A
Total DockQ over 1 native interfaces: 0.196 with BA:LA model:native mapping
DockQ 0.196 iRMSD 5.844 LRMSD 14.397 fnat 0.267 fnonnat 0.647 F1 0.304 clashes 0 mapping BA:LA /home/junjiechen/1_work/250401-Dpepalign/Benchmark/protenix/PepSet/pred/4z2o/seed_43/predictions/4z2o_sample_0.cif B A -> /home/junjiechen/1_work/250401-Dpepalign/Benchmark/dataset/PepSet_dimer/4z2o.pdb L A
Total DockQ over 1 native interfaces: 0.138 with BA:LA model:native mapping
DockQ 0.138 iRMSD 7.925 LRMSD 19.595 fnat 0.222 fnonnat 0.821 F1 0.198 clashes 1 mapping BA:LA /home/junjiechen/1_work/250401-Dpepalign/Benchmark/protenix/PepSet/pred/4z2o/seed_42/predictions/4z2o_sample_4.cif B A -> /home/junjiechen/1_work/250401-Dpepalign/Benchmark/dataset/PepSet_dimer/4z2o.pdb L A
Total DockQ over 1 native interfaces: 0.324 with BA:LA model:native mapping
DockQ 0.324 iRMSD 3.408 LRMSD 8.906 fnat 0.333 fnonnat 0.674 F1 0.330 clashes 0 mapping BA:LA /home/junjiechen/1_work/250401-Dpepalign/Benchmark/protenix/PepSet/pred/4z2o/seed_43/predictions/4z2o_sample_2.cif B A -> /home/junjiechen/1_work/250401-Dpepalign/Benchmark/dataset/PepSet_dimer/4z2o.pdb L A
Total DockQ over 1 native interfaces: 0.400 with BA:LA model:native mapping
DockQ 0.400 iRMSD 2.884 LRMSD 7.129 fnat 0.400 fnonnat 0.419 F1 0.474 clashes 0 mapping BA:LA /home/junjiechen/1_work/250401-Dpepalign/Benchmark/protenix/PepSet/pred/4z2o/seed_43/predictions/4z2o_sample_1.cif B A -> /home/junjiechen/1_work/250401-Dpepalign/Benchmark/dataset/PepSet_dimer/4z2o.pdb L A
Total DockQ over 1 native interfaces: 0.358 with BA:LA model:native mapping
DockQ 0.358 iRMSD 3.865 LRMSD 9.740 fnat 0.511 fnonnat 0.343 F1 0.575 clashes 0 mapping BA:LA /home/junjiechen/1_work/250401-Dpepalign/Benchmark/protenix/PepSet/pred/4z2o/seed_43/predictions/4z2o_sample_3.cif B A -> /home/junjiechen/1_work/250401-Dpepalign/Benchmark/dataset/PepSet_dimer/4z2o.pdb L A
Total DockQ over 1 native interfaces: 0.124 with BA:LA model:native mapping
DockQ 0.124 iRMSD 6.923 LRMSD 17.362 fnat 0.133 fnonnat 0.887 F1 0.122 clashes 0 mapping BA:LA /home/junjiechen/1_work/250401-Dpepalign/Benchmark/protenix/PepSet/pred/4z2o/seed_44/predictions/4z2o_sample_3.cif B A -> /home/junjiechen/1_work/250401-Dpepalign/Benchmark/dataset/PepSet_dimer/4z2o.pdb L A
Total DockQ over 1 native interfaces: 0.215 with BA:LA model:native mapping
DockQ 0.215 iRMSD 5.710 LRMSD 14.036 fnat 0.311 fnonnat 0.622 F1 0.341 clashes 0 mapping BA:LA /home/junjiechen/1_work/250401-Dpepalign/Benchmark/protenix/PepSet/pred/4z2o/seed_44/predictions/4z2o_sample_0.cif B A -> /home/junjiechen/1_work/250401-Dpepalign/Benchmark/dataset/PepSet_dimer/4z2o.pdb L A
Total DockQ over 1 native interfaces: 0.170 with BA:LA model:native mapping
DockQ 0.170 iRMSD 6.505 LRMSD 16.249 fnat 0.244 fnonnat 0.814 F1 0.212 clashes 0 mapping BA:LA /home/junjiechen/1_work/250401-Dpepalign/Benchmark/protenix/PepSet/pred/4z2o/seed_44/predictions/4z2o_sample_2.cif B A -> /home/junjiechen/1_work/250401-Dpepalign/Benchmark/dataset/PepSet_dimer/4z2o.pdb L A
Total DockQ over 1 native interfaces: 0.352 with BA:LA model:native mapping
DockQ 0.352 iRMSD 3.688 LRMSD 9.052 fnat 0.444 fnonnat 0.600 F1 0.421 clashes 0 mapping BA:LA /home/junjiechen/1_work/250401-Dpepalign/Benchmark/protenix/PepSet/pred/4z2o/seed_43/predictions/4z2o_sample_4.cif B A -> /home/junjiechen/1_work/250401-Dpepalign/Benchmark/dataset/PepSet_dimer/4z2o.pdb L A
Total DockQ over 1 native interfaces: 0.119 with BA:LA model:native mapping
DockQ 0.119 iRMSD 7.282 LRMSD 18.047 fnat 0.133 fnonnat 0.905 F1 0.111 clashes 0 mapping BA:LA /home/junjiechen/1_work/250401-Dpepalign/Benchmark/protenix/PepSet/pred/4z2o/seed_44/predictions/4z2o_sample_1.cif B A -> /home/junjiechen/1_work/250401-Dpepalign/Benchmark/dataset/PepSet_dimer/4z2o.pdb L A
Total DockQ over 1 native interfaces: 0.322 with BA:LA model:native mapping
DockQ 0.322 iRMSD 3.337 LRMSD 7.993 fnat 0.267 fnonnat 0.727 F1 0.270 clashes 1 mapping BA:LA /home/junjiechen/1_work/250401-Dpepalign/Benchmark/protenix/PepSet/pred/4z2o/seed_44/predictions/4z2o_sample_4.cif B A -> /home/junjiechen/1_work/250401-Dpepalign/Benchmark/dataset/PepSet_dimer/4z2o.pdb L A
Total DockQ over 1 native interfaces: 0.857 with BA:LA model:native mapping
DockQ 0.857 iRMSD 0.984 LRMSD 1.378 fnat 0.898 fnonnat 0.254 F1 0.815 clashes 1 mapping BA:LA /home/junjiechen/1_work/250401-Dpepalign/Benchmark/protenix/PepSet/pred/4zoz/seed_42/predictions/4zoz_sample_0.cif B A -> /home/junjiechen/1_work/250401-Dpepalign/Benchmark/dataset/PepSet_dimer/4zoz.pdb L A
Total DockQ over 1 native interfaces: 0.853 with BA:LA model:native mapping
DockQ 0.853 iRMSD 0.917 LRMSD 1.409 fnat 0.857 fnonnat 0.276 F1 0.785 clashes 2 mapping BA:LA /home/junjiechen/1_work/250401-Dpepalign/Benchmark/protenix/PepSet/pred/4zoz/seed_42/predictions/4zoz_sample_2.cif B A -> /home/junjiechen/1_work/250401-Dpepalign/Benchmark/dataset/PepSet_dimer/4zoz.pdb L A
Total DockQ over 1 native interfaces: 0.893 with BA:LA model:native mapping
DockQ 0.893 iRMSD 0.681 LRMSD 1.452 fnat 0.878 fnonnat 0.232 F1 0.819 clashes 1 mapping BA:LA /home/junjiechen/1_work/250401-Dpepalign/Benchmark/protenix/PepSet/pred/4zoz/seed_43/predictions/4zoz_sample_4.cif B A -> /home/junjiechen/1_work/250401-Dpepalign/Benchmark/dataset/PepSet_dimer/4zoz.pdb L A
Total DockQ over 1 native interfaces: 0.868 with BA:LA model:native mapping
DockQ 0.868 iRMSD 0.905 LRMSD 1.423 fnat 0.898 fnonnat 0.214 F1 0.838 clashes 0 mapping BA:LA /home/junjiechen/1_work/250401-Dpepalign/Benchmark/protenix/PepSet/pred/4zoz/seed_43/predictions/4zoz_sample_0.cif B A -> /home/junjiechen/1_work/250401-Dpepalign/Benchmark/dataset/PepSet_dimer/4zoz.pdb L A
Total DockQ over 1 native interfaces: 0.887 with BA:LA model:native mapping
DockQ 0.887 iRMSD 0.769 LRMSD 1.464 fnat 0.898 fnonnat 0.200 F1 0.846 clashes 0 mapping BA:LA /home/junjiechen/1_work/250401-Dpepalign/Benchmark/protenix/PepSet/pred/4zoz/seed_42/predictions/4zoz_sample_3.cif B A -> /home/junjiechen/1_work/250401-Dpepalign/Benchmark/dataset/PepSet_dimer/4zoz.pdb L A
Total DockQ over 1 native interfaces: 0.889 with BA:LA model:native mapping
DockQ 0.889 iRMSD 0.745 LRMSD 1.569 fnat 0.898 fnonnat 0.214 F1 0.838 clashes 0 mapping BA:LA /home/junjiechen/1_work/250401-Dpepalign/Benchmark/protenix/PepSet/pred/4zoz/seed_42/predictions/4zoz_sample_4.cif B A -> /home/junjiechen/1_work/250401-Dpepalign/Benchmark/dataset/PepSet_dimer/4zoz.pdb L A
Total DockQ over 1 native interfaces: 0.886 with BA:LA model:native mapping
DockQ 0.886 iRMSD 0.733 LRMSD 1.444 fnat 0.878 fnonnat 0.232 F1 0.819 clashes 1 mapping BA:LA /home/junjiechen/1_work/250401-Dpepalign/Benchmark/protenix/PepSet/pred/4zoz/seed_42/predictions/4zoz_sample_1.cif B A -> /home/junjiechen/1_work/250401-Dpepalign/Benchmark/dataset/PepSet_dimer/4zoz.pdb L A
Total DockQ over 1 native interfaces: 0.856 with BA:LA model:native mapping
DockQ 0.856 iRMSD 0.941 LRMSD 1.419 fnat 0.878 fnonnat 0.232 F1 0.819 clashes 1 mapping BA:LA /home/junjiechen/1_work/250401-Dpepalign/Benchmark/protenix/PepSet/pred/4zoz/seed_43/predictions/4zoz_sample_2.cif B A -> /home/junjiechen/1_work/250401-Dpepalign/Benchmark/dataset/PepSet_dimer/4zoz.pdb L A
Total DockQ over 1 native interfaces: 0.869 with BA:LA model:native mapping
DockQ 0.869 iRMSD 0.858 LRMSD 1.366 fnat 0.878 fnonnat 0.189 F1 0.843 clashes 0 mapping BA:LA /home/junjiechen/1_work/250401-Dpepalign/Benchmark/protenix/PepSet/pred/4zoz/seed_43/predictions/4zoz_sample_1.cif B A -> /home/junjiechen/1_work/250401-Dpepalign/Benchmark/dataset/PepSet_dimer/4zoz.pdb L A
Total DockQ over 1 native interfaces: 0.860 with BA:LA model:native mapping
DockQ 0.860 iRMSD 0.926 LRMSD 1.281 fnat 0.878 fnonnat 0.232 F1 0.819 clashes 0 mapping BA:LA /home/junjiechen/1_work/250401-Dpepalign/Benchmark/protenix/PepSet/pred/4zoz/seed_44/predictions/4zoz_sample_0.cif B A -> /home/junjiechen/1_work/250401-Dpepalign/Benchmark/dataset/PepSet_dimer/4zoz.pdb L A
Total DockQ over 1 native interfaces: 0.865 with BA:LA model:native mapping
DockQ 0.865 iRMSD 0.817 LRMSD 1.573 fnat 0.857 fnonnat 0.208 F1 0.824 clashes 0 mapping BA:LA /home/junjiechen/1_work/250401-Dpepalign/Benchmark/protenix/PepSet/pred/4zoz/seed_43/predictions/4zoz_sample_3.cif B A -> /home/junjiechen/1_work/250401-Dpepalign/Benchmark/dataset/PepSet_dimer/4zoz.pdb L A
Total DockQ over 1 native interfaces: 0.894 with BA:LA model:native mapping
DockQ 0.894 iRMSD 0.708 LRMSD 1.564 fnat 0.898 fnonnat 0.185 F1 0.854 clashes 0 mapping BA:LA /home/junjiechen/1_work/250401-Dpepalign/Benchmark/protenix/PepSet/pred/4zoz/seed_44/predictions/4zoz_sample_1.cif B A -> /home/junjiechen/1_work/250401-Dpepalign/Benchmark/dataset/PepSet_dimer/4zoz.pdb L A
Total DockQ over 1 native interfaces: 0.065 with BA:LB model:native mapping
DockQ 0.065 iRMSD 6.258 LRMSD 21.071 fnat 0.000 fnonnat 1.000 F1 0.000 clashes 0 mapping BA:LB /home/junjiechen/1_work/250401-Dpepalign/Benchmark/protenix/PepSet/pred/5bs2/seed_42/predictions/5bs2_sample_1.cif B A -> /home/junjiechen/1_work/250401-Dpepalign/Benchmark/dataset/PepSet_dimer/5bs2.pdb L B
Total DockQ over 1 native interfaces: 0.064 with BA:LB model:native mapping
DockQ 0.064 iRMSD 6.219 LRMSD 21.233 fnat 0.000 fnonnat 1.000 F1 0.000 clashes 0 mapping BA:LB /home/junjiechen/1_work/250401-Dpepalign/Benchmark/protenix/PepSet/pred/5bs2/seed_42/predictions/5bs2_sample_0.cif B A -> /home/junjiechen/1_work/250401-Dpepalign/Benchmark/dataset/PepSet_dimer/5bs2.pdb L B
Total DockQ over 1 native interfaces: 0.875 with BA:LA model:native mapping
DockQ 0.875 iRMSD 0.789 LRMSD 1.004 fnat 0.857 fnonnat 0.208 F1 0.824 clashes 0 mapping BA:LA /home/junjiechen/1_work/250401-Dpepalign/Benchmark/protenix/PepSet/pred/4zoz/seed_44/predictions/4zoz_sample_4.cif B A -> /home/junjiechen/1_work/250401-Dpepalign/Benchmark/dataset/PepSet_dimer/4zoz.pdb L A
Total DockQ over 1 native interfaces: 0.065 with BA:LB model:native mapping
DockQ 0.065 iRMSD 6.206 LRMSD 21.035 fnat 0.000 fnonnat 1.000 F1 0.000 clashes 0 mapping BA:LB /home/junjiechen/1_work/250401-Dpepalign/Benchmark/protenix/PepSet/pred/5bs2/seed_43/predictions/5bs2_sample_0.cif B A -> /home/junjiechen/1_work/250401-Dpepalign/Benchmark/dataset/PepSet_dimer/5bs2.pdb L B
Total DockQ over 1 native interfaces: 0.067 with BA:LB model:native mapping
DockQ 0.067 iRMSD 6.136 LRMSD 20.748 fnat 0.000 fnonnat 1.000 F1 0.000 clashes 0 mapping BA:LB /home/junjiechen/1_work/250401-Dpepalign/Benchmark/protenix/PepSet/pred/5bs2/seed_42/predictions/5bs2_sample_3.cif B A -> /home/junjiechen/1_work/250401-Dpepalign/Benchmark/dataset/PepSet_dimer/5bs2.pdb L B
Total DockQ over 1 native interfaces: 0.899 with BA:LA model:native mapping
DockQ 0.899 iRMSD 0.733 LRMSD 0.785 fnat 0.898 fnonnat 0.200 F1 0.846 clashes 0 mapping BA:LA /home/junjiechen/1_work/250401-Dpepalign/Benchmark/protenix/PepSet/pred/4zoz/seed_44/predictions/4zoz_sample_3.cif B A -> /home/junjiechen/1_work/250401-Dpepalign/Benchmark/dataset/PepSet_dimer/4zoz.pdb L A
Total DockQ over 1 native interfaces: 0.065 with BA:LB model:native mapping
DockQ 0.065 iRMSD 6.288 LRMSD 20.934 fnat 0.000 fnonnat 1.000 F1 0.000 clashes 0 mapping BA:LB /home/junjiechen/1_work/250401-Dpepalign/Benchmark/protenix/PepSet/pred/5bs2/seed_42/predictions/5bs2_sample_2.cif B A -> /home/junjiechen/1_work/250401-Dpepalign/Benchmark/dataset/PepSet_dimer/5bs2.pdb L B
Total DockQ over 1 native interfaces: 0.892 with BA:LA model:native mapping
DockQ 0.892 iRMSD 0.701 LRMSD 1.257 fnat 0.878 fnonnat 0.173 F1 0.851 clashes 0 mapping BA:LA /home/junjiechen/1_work/250401-Dpepalign/Benchmark/protenix/PepSet/pred/4zoz/seed_44/predictions/4zoz_sample_2.cif B A -> /home/junjiechen/1_work/250401-Dpepalign/Benchmark/dataset/PepSet_dimer/4zoz.pdb L A
Total DockQ over 1 native interfaces: 0.066 with BA:LB model:native mapping
DockQ 0.066 iRMSD 6.140 LRMSD 21.021 fnat 0.000 fnonnat 1.000 F1 0.000 clashes 0 mapping BA:LB /home/junjiechen/1_work/250401-Dpepalign/Benchmark/protenix/PepSet/pred/5bs2/seed_42/predictions/5bs2_sample_4.cif B A -> /home/junjiechen/1_work/250401-Dpepalign/Benchmark/dataset/PepSet_dimer/5bs2.pdb L B
Total DockQ over 1 native interfaces: 0.066 with BA:LB model:native mapping
DockQ 0.066 iRMSD 6.171 LRMSD 20.859 fnat 0.000 fnonnat 1.000 F1 0.000 clashes 0 mapping BA:LB /home/junjiechen/1_work/250401-Dpepalign/Benchmark/protenix/PepSet/pred/5bs2/seed_43/predictions/5bs2_sample_1.cif B A -> /home/junjiechen/1_work/250401-Dpepalign/Benchmark/dataset/PepSet_dimer/5bs2.pdb L B
Total DockQ over 1 native interfaces: 0.066 with BA:LB model:native mapping
DockQ 0.066 iRMSD 6.128 LRMSD 21.066 fnat 0.000 fnonnat 1.000 F1 0.000 clashes 0 mapping BA:LB /home/junjiechen/1_work/250401-Dpepalign/Benchmark/protenix/PepSet/pred/5bs2/seed_43/predictions/5bs2_sample_2.cif B A -> /home/junjiechen/1_work/250401-Dpepalign/Benchmark/dataset/PepSet_dimer/5bs2.pdb L B
Total DockQ over 1 native interfaces: 0.070 with BA:LB model:native mapping
DockQ 0.070 iRMSD 6.189 LRMSD 19.863 fnat 0.000 fnonnat 1.000 F1 0.000 clashes 0 mapping BA:LB /home/junjiechen/1_work/250401-Dpepalign/Benchmark/protenix/PepSet/pred/5bs2/seed_43/predictions/5bs2_sample_4.cif B A -> /home/junjiechen/1_work/250401-Dpepalign/Benchmark/dataset/PepSet_dimer/5bs2.pdb L B
Total DockQ over 1 native interfaces: 0.065 with BA:LB model:native mapping
DockQ 0.065 iRMSD 6.122 LRMSD 21.132 fnat 0.000 fnonnat 1.000 F1 0.000 clashes 0 mapping BA:LB /home/junjiechen/1_work/250401-Dpepalign/Benchmark/protenix/PepSet/pred/5bs2/seed_44/predictions/5bs2_sample_1.cif B A -> /home/junjiechen/1_work/250401-Dpepalign/Benchmark/dataset/PepSet_dimer/5bs2.pdb L B
Total DockQ over 1 native interfaces: 0.065 with BA:LB model:native mapping
DockQ 0.065 iRMSD 6.263 LRMSD 21.064 fnat 0.000 fnonnat 1.000 F1 0.000 clashes 0 mapping BA:LB /home/junjiechen/1_work/250401-Dpepalign/Benchmark/protenix/PepSet/pred/5bs2/seed_44/predictions/5bs2_sample_0.cif B A -> /home/junjiechen/1_work/250401-Dpepalign/Benchmark/dataset/PepSet_dimer/5bs2.pdb L B
Total DockQ over 1 native interfaces: 0.065 with BA:LB model:native mapping
DockQ 0.065 iRMSD 6.174 LRMSD 21.050 fnat 0.000 fnonnat 1.000 F1 0.000 clashes 0 mapping BA:LB /home/junjiechen/1_work/250401-Dpepalign/Benchmark/protenix/PepSet/pred/5bs2/seed_43/predictions/5bs2_sample_3.cif B A -> /home/junjiechen/1_work/250401-Dpepalign/Benchmark/dataset/PepSet_dimer/5bs2.pdb L B
Total DockQ over 1 native interfaces: 0.066 with BA:LB model:native mapping
DockQ 0.066 iRMSD 6.104 LRMSD 20.943 fnat 0.000 fnonnat 1.000 F1 0.000 clashes 0 mapping BA:LB /home/junjiechen/1_work/250401-Dpepalign/Benchmark/protenix/PepSet/pred/5bs2/seed_44/predictions/5bs2_sample_2.cif B A -> /home/junjiechen/1_work/250401-Dpepalign/Benchmark/dataset/PepSet_dimer/5bs2.pdb L B
Total DockQ over 1 native interfaces: 0.654 with BA:LA model:native mapping
DockQ 0.654 iRMSD 1.052 LRMSD 9.808 fnat 0.862 fnonnat 0.359 F1 0.735 clashes 1 mapping BA:LA /home/junjiechen/1_work/250401-Dpepalign/Benchmark/protenix/PepSet/pred/5crw/seed_42/predictions/5crw_sample_0.cif B A -> /home/junjiechen/1_work/250401-Dpepalign/Benchmark/dataset/PepSet_dimer/5crw.pdb L A
Total DockQ over 1 native interfaces: 0.066 with BA:LB model:native mapping
DockQ 0.066 iRMSD 6.147 LRMSD 21.019 fnat 0.000 fnonnat 1.000 F1 0.000 clashes 0 mapping BA:LB /home/junjiechen/1_work/250401-Dpepalign/Benchmark/protenix/PepSet/pred/5bs2/seed_44/predictions/5bs2_sample_3.cif B A -> /home/junjiechen/1_work/250401-Dpepalign/Benchmark/dataset/PepSet_dimer/5bs2.pdb L B
Total DockQ over 1 native interfaces: 0.066 with BA:LB model:native mapping
DockQ 0.066 iRMSD 6.133 LRMSD 20.885 fnat 0.000 fnonnat 1.000 F1 0.000 clashes 0 mapping BA:LB /home/junjiechen/1_work/250401-Dpepalign/Benchmark/protenix/PepSet/pred/5bs2/seed_44/predictions/5bs2_sample_4.cif B A -> /home/junjiechen/1_work/250401-Dpepalign/Benchmark/dataset/PepSet_dimer/5bs2.pdb L B
Total DockQ over 1 native interfaces: 0.653 with BA:LA model:native mapping
DockQ 0.653 iRMSD 1.029 LRMSD 10.063 fnat 0.862 fnonnat 0.375 F1 0.725 clashes 1 mapping BA:LA /home/junjiechen/1_work/250401-Dpepalign/Benchmark/protenix/PepSet/pred/5crw/seed_42/predictions/5crw_sample_1.cif B A -> /home/junjiechen/1_work/250401-Dpepalign/Benchmark/dataset/PepSet_dimer/5crw.pdb L A
Total DockQ over 1 native interfaces: 0.670 with BA:LA model:native mapping
DockQ 0.670 iRMSD 0.977 LRMSD 9.487 fnat 0.862 fnonnat 0.342 F1 0.746 clashes 0 mapping BA:LA /home/junjiechen/1_work/250401-Dpepalign/Benchmark/protenix/PepSet/pred/5crw/seed_42/predictions/5crw_sample_2.cif B A -> /home/junjiechen/1_work/250401-Dpepalign/Benchmark/dataset/PepSet_dimer/5crw.pdb L A
Total DockQ over 1 native interfaces: 0.650 with BA:LA model:native mapping
DockQ 0.650 iRMSD 1.066 LRMSD 9.943 fnat 0.862 fnonnat 0.405 F1 0.704 clashes 0 mapping BA:LA /home/junjiechen/1_work/250401-Dpepalign/Benchmark/protenix/PepSet/pred/5crw/seed_42/predictions/5crw_sample_3.cif B A -> /home/junjiechen/1_work/250401-Dpepalign/Benchmark/dataset/PepSet_dimer/5crw.pdb L A
Total DockQ over 1 native interfaces: 0.635 with BA:LA model:native mapping
DockQ 0.635 iRMSD 1.105 LRMSD 9.117 fnat 0.793 fnonnat 0.395 F1 0.687 clashes 0 mapping BA:LA /home/junjiechen/1_work/250401-Dpepalign/Benchmark/protenix/PepSet/pred/5crw/seed_42/predictions/5crw_sample_4.cif B A -> /home/junjiechen/1_work/250401-Dpepalign/Benchmark/dataset/PepSet_dimer/5crw.pdb L A
Total DockQ over 1 native interfaces: 0.631 with BA:LA model:native mapping
DockQ 0.631 iRMSD 1.084 LRMSD 9.559 fnat 0.793 fnonnat 0.343 F1 0.719 clashes 1 mapping BA:LA /home/junjiechen/1_work/250401-Dpepalign/Benchmark/protenix/PepSet/pred/5crw/seed_43/predictions/5crw_sample_2.cif B A -> /home/junjiechen/1_work/250401-Dpepalign/Benchmark/dataset/PepSet_dimer/5crw.pdb L A
Total DockQ over 1 native interfaces: 0.654 with BA:LA model:native mapping
DockQ 0.654 iRMSD 1.096 LRMSD 9.409 fnat 0.862 fnonnat 0.359 F1 0.735 clashes 0 mapping BA:LA /home/junjiechen/1_work/250401-Dpepalign/Benchmark/protenix/PepSet/pred/5crw/seed_43/predictions/5crw_sample_4.cif B A -> /home/junjiechen/1_work/250401-Dpepalign/Benchmark/dataset/PepSet_dimer/5crw.pdb L A
Total DockQ over 1 native interfaces: 0.644 with BA:LA model:native mapping
DockQ 0.644 iRMSD 0.976 LRMSD 9.669 fnat 0.793 fnonnat 0.425 F1 0.667 clashes 0 mapping BA:LA /home/junjiechen/1_work/250401-Dpepalign/Benchmark/protenix/PepSet/pred/5crw/seed_43/predictions/5crw_sample_3.cif B A -> /home/junjiechen/1_work/250401-Dpepalign/Benchmark/dataset/PepSet_dimer/5crw.pdb L A
Total DockQ over 1 native interfaces: 0.691 with BA:LA model:native mapping
DockQ 0.691 iRMSD 1.037 LRMSD 8.504 fnat 0.897 fnonnat 0.297 F1 0.788 clashes 0 mapping BA:LA /home/junjiechen/1_work/250401-Dpepalign/Benchmark/protenix/PepSet/pred/5crw/seed_43/predictions/5crw_sample_1.cif B A -> /home/junjiechen/1_work/250401-Dpepalign/Benchmark/dataset/PepSet_dimer/5crw.pdb L A
Total DockQ over 1 native interfaces: 0.606 with BA:LA model:native mapping
DockQ 0.606 iRMSD 1.072 LRMSD 9.760 fnat 0.724 fnonnat 0.400 F1 0.656 clashes 1 mapping BA:LA /home/junjiechen/1_work/250401-Dpepalign/Benchmark/protenix/PepSet/pred/5crw/seed_43/predictions/5crw_sample_0.cif B A -> /home/junjiechen/1_work/250401-Dpepalign/Benchmark/dataset/PepSet_dimer/5crw.pdb L A
Total DockQ over 1 native interfaces: 0.650 with BA:LA model:native mapping
DockQ 0.650 iRMSD 1.101 LRMSD 9.658 fnat 0.862 fnonnat 0.342 F1 0.746 clashes 0 mapping BA:LA /home/junjiechen/1_work/250401-Dpepalign/Benchmark/protenix/PepSet/pred/5crw/seed_44/predictions/5crw_sample_0.cif B A -> /home/junjiechen/1_work/250401-Dpepalign/Benchmark/dataset/PepSet_dimer/5crw.pdb L A
Total DockQ over 1 native interfaces: 0.630 with BA:LA model:native mapping
DockQ 0.630 iRMSD 1.114 LRMSD 10.048 fnat 0.828 fnonnat 0.385 F1 0.706 clashes 1 mapping BA:LA /home/junjiechen/1_work/250401-Dpepalign/Benchmark/protenix/PepSet/pred/5crw/seed_44/predictions/5crw_sample_1.cif B A -> /home/junjiechen/1_work/250401-Dpepalign/Benchmark/dataset/PepSet_dimer/5crw.pdb L A
Total DockQ over 1 native interfaces: 0.643 with BA:LA model:native mapping
DockQ 0.643 iRMSD 1.101 LRMSD 8.769 fnat 0.793 fnonnat 0.361 F1 0.708 clashes 0 mapping BA:LA /home/junjiechen/1_work/250401-Dpepalign/Benchmark/protenix/PepSet/pred/5crw/seed_44/predictions/5crw_sample_2.cif B A -> /home/junjiechen/1_work/250401-Dpepalign/Benchmark/dataset/PepSet_dimer/5crw.pdb L A
Total DockQ over 1 native interfaces: 0.582 with BA:LA model:native mapping
DockQ 0.582 iRMSD 1.280 LRMSD 9.525 fnat 0.724 fnonnat 0.417 F1 0.646 clashes 0 mapping BA:LA /home/junjiechen/1_work/250401-Dpepalign/Benchmark/protenix/PepSet/pred/5crw/seed_44/predictions/5crw_sample_4.cif B A -> /home/junjiechen/1_work/250401-Dpepalign/Benchmark/dataset/PepSet_dimer/5crw.pdb L A
Total DockQ over 1 native interfaces: 0.921 with BA:LA model:native mapping
DockQ 0.921 iRMSD 0.513 LRMSD 0.697 fnat 0.875 fnonnat 0.067 F1 0.903 clashes 1 mapping BA:LA /home/junjiechen/1_work/250401-Dpepalign/Benchmark/protenix/PepSet/pred/5d94/seed_42/predictions/5d94_sample_0.cif B A -> /home/junjiechen/1_work/250401-Dpepalign/Benchmark/dataset/PepSet_dimer/5d94.pdb L A
Total DockQ over 1 native interfaces: 0.569 with BA:LA model:native mapping
DockQ 0.569 iRMSD 1.180 LRMSD 12.137 fnat 0.759 fnonnat 0.476 F1 0.620 clashes 0 mapping BA:LA /home/junjiechen/1_work/250401-Dpepalign/Benchmark/protenix/PepSet/pred/5crw/seed_44/predictions/5crw_sample_3.cif B A -> /home/junjiechen/1_work/250401-Dpepalign/Benchmark/dataset/PepSet_dimer/5crw.pdb L A
Total DockQ over 1 native interfaces: 0.941 with BA:LA model:native mapping
DockQ 0.941 iRMSD 0.467 LRMSD 0.676 fnat 0.917 fnonnat 0.064 F1 0.926 clashes 0 mapping BA:LA /home/junjiechen/1_work/250401-Dpepalign/Benchmark/protenix/PepSet/pred/5d94/seed_42/predictions/5d94_sample_2.cif B A -> /home/junjiechen/1_work/250401-Dpepalign/Benchmark/dataset/PepSet_dimer/5d94.pdb L A
Total DockQ over 1 native interfaces: 0.907 with BA:LA model:native mapping
DockQ 0.907 iRMSD 0.595 LRMSD 1.128 fnat 0.875 fnonnat 0.087 F1 0.894 clashes 1 mapping BA:LA /home/junjiechen/1_work/250401-Dpepalign/Benchmark/protenix/PepSet/pred/5d94/seed_42/predictions/5d94_sample_1.cif B A -> /home/junjiechen/1_work/250401-Dpepalign/Benchmark/dataset/PepSet_dimer/5d94.pdb L A
Total DockQ over 1 native interfaces: 0.928 with BA:LA model:native mapping
DockQ 0.928 iRMSD 0.506 LRMSD 0.853 fnat 0.896 fnonnat 0.065 F1 0.915 clashes 0 mapping BA:LA /home/junjiechen/1_work/250401-Dpepalign/Benchmark/protenix/PepSet/pred/5d94/seed_42/predictions/5d94_sample_4.cif B A -> /home/junjiechen/1_work/250401-Dpepalign/Benchmark/dataset/PepSet_dimer/5d94.pdb L A
Total DockQ over 1 native interfaces: 0.944 with BA:LA model:native mapping
DockQ 0.944 iRMSD 0.508 LRMSD 0.427 fnat 0.938 fnonnat 0.043 F1 0.947 clashes 0 mapping BA:LA /home/junjiechen/1_work/250401-Dpepalign/Benchmark/protenix/PepSet/pred/5d94/seed_42/predictions/5d94_sample_3.cif B A -> /home/junjiechen/1_work/250401-Dpepalign/Benchmark/dataset/PepSet_dimer/5d94.pdb L A
Total DockQ over 1 native interfaces: 0.888 with BA:LA model:native mapping
DockQ 0.888 iRMSD 0.705 LRMSD 1.490 fnat 0.875 fnonnat 0.106 F1 0.884 clashes 0 mapping BA:LA /home/junjiechen/1_work/250401-Dpepalign/Benchmark/protenix/PepSet/pred/5d94/seed_43/predictions/5d94_sample_0.cif B A -> /home/junjiechen/1_work/250401-Dpepalign/Benchmark/dataset/PepSet_dimer/5d94.pdb L A
Total DockQ over 1 native interfaces: 0.914 with BA:LA model:native mapping
DockQ 0.914 iRMSD 0.599 LRMSD 1.088 fnat 0.896 fnonnat 0.085 F1 0.905 clashes 0 mapping BA:LA /home/junjiechen/1_work/250401-Dpepalign/Benchmark/protenix/PepSet/pred/5d94/seed_43/predictions/5d94_sample_1.cif B A -> /home/junjiechen/1_work/250401-Dpepalign/Benchmark/dataset/PepSet_dimer/5d94.pdb L A
Total DockQ over 1 native interfaces: 0.907 with BA:LA model:native mapping
DockQ 0.907 iRMSD 0.607 LRMSD 0.998 fnat 0.875 fnonnat 0.067 F1 0.903 clashes 1 mapping BA:LA /home/junjiechen/1_work/250401-Dpepalign/Benchmark/protenix/PepSet/pred/5d94/seed_43/predictions/5d94_sample_2.cif B A -> /home/junjiechen/1_work/250401-Dpepalign/Benchmark/dataset/PepSet_dimer/5d94.pdb L A
Total DockQ over 1 native interfaces: 0.934 with BA:LA model:native mapping
DockQ 0.934 iRMSD 0.520 LRMSD 0.667 fnat 0.917 fnonnat 0.083 F1 0.917 clashes 0 mapping BA:LA /home/junjiechen/1_work/250401-Dpepalign/Benchmark/protenix/PepSet/pred/5d94/seed_43/predictions/5d94_sample_3.cif B A -> /home/junjiechen/1_work/250401-Dpepalign/Benchmark/dataset/PepSet_dimer/5d94.pdb L A
Total DockQ over 1 native interfaces: 0.877 with BA:LA model:native mapping
DockQ 0.877 iRMSD 0.732 LRMSD 1.516 fnat 0.854 fnonnat 0.109 F1 0.872 clashes 0 mapping BA:LA /home/junjiechen/1_work/250401-Dpepalign/Benchmark/protenix/PepSet/pred/5d94/seed_44/predictions/5d94_sample_0.cif B A -> /home/junjiechen/1_work/250401-Dpepalign/Benchmark/dataset/PepSet_dimer/5d94.pdb L A
Total DockQ over 1 native interfaces: 0.910 with BA:LA model:native mapping
DockQ 0.910 iRMSD 0.541 LRMSD 0.865 fnat 0.854 fnonnat 0.109 F1 0.872 clashes 1 mapping BA:LA /home/junjiechen/1_work/250401-Dpepalign/Benchmark/protenix/PepSet/pred/5d94/seed_43/predictions/5d94_sample_4.cif B A -> /home/junjiechen/1_work/250401-Dpepalign/Benchmark/dataset/PepSet_dimer/5d94.pdb L A
Total DockQ over 1 native interfaces: 0.926 with BA:LA model:native mapping
DockQ 0.926 iRMSD 0.421 LRMSD 0.515 fnat 0.854 fnonnat 0.047 F1 0.901 clashes 0 mapping BA:LA /home/junjiechen/1_work/250401-Dpepalign/Benchmark/protenix/PepSet/pred/5d94/seed_44/predictions/5d94_sample_4.cif B A -> /home/junjiechen/1_work/250401-Dpepalign/Benchmark/dataset/PepSet_dimer/5d94.pdb L A
Total DockQ over 1 native interfaces: 0.935 with BA:LA model:native mapping
DockQ 0.935 iRMSD 0.513 LRMSD 0.651 fnat 0.917 fnonnat 0.083 F1 0.917 clashes 1 mapping BA:LA /home/junjiechen/1_work/250401-Dpepalign/Benchmark/protenix/PepSet/pred/5d94/seed_44/predictions/5d94_sample_1.cif B A -> /home/junjiechen/1_work/250401-Dpepalign/Benchmark/dataset/PepSet_dimer/5d94.pdb L A
Total DockQ over 1 native interfaces: 0.954 with BA:LA model:native mapping
DockQ 0.954 iRMSD 0.585 LRMSD 0.681 fnat 1.000 fnonnat 0.044 F1 0.977 clashes 0 mapping BA:LA /home/junjiechen/1_work/250401-Dpepalign/Benchmark/protenix/PepSet/pred/5dai/seed_42/predictions/5dai_sample_0.cif B A -> /home/junjiechen/1_work/250401-Dpepalign/Benchmark/dataset/PepSet_dimer/5dai.pdb L A
Total DockQ over 1 native interfaces: 0.926 with BA:LA model:native mapping
DockQ 0.926 iRMSD 0.484 LRMSD 0.529 fnat 0.875 fnonnat 0.067 F1 0.903 clashes 0 mapping BA:LA /home/junjiechen/1_work/250401-Dpepalign/Benchmark/protenix/PepSet/pred/5d94/seed_44/predictions/5d94_sample_2.cif B A -> /home/junjiechen/1_work/250401-Dpepalign/Benchmark/dataset/PepSet_dimer/5d94.pdb L A
Total DockQ over 1 native interfaces: 0.927 with BA:LA model:native mapping
DockQ 0.927 iRMSD 0.524 LRMSD 0.645 fnat 0.896 fnonnat 0.065 F1 0.915 clashes 0 mapping BA:LA /home/junjiechen/1_work/250401-Dpepalign/Benchmark/protenix/PepSet/pred/5d94/seed_44/predictions/5d94_sample_3.cif B A -> /home/junjiechen/1_work/250401-Dpepalign/Benchmark/dataset/PepSet_dimer/5d94.pdb L A
Total DockQ over 1 native interfaces: 0.951 with BA:LA model:native mapping
DockQ 0.951 iRMSD 0.607 LRMSD 0.622 fnat 1.000 fnonnat 0.044 F1 0.977 clashes 0 mapping BA:LA /home/junjiechen/1_work/250401-Dpepalign/Benchmark/protenix/PepSet/pred/5dai/seed_42/predictions/5dai_sample_1.cif B A -> /home/junjiechen/1_work/250401-Dpepalign/Benchmark/dataset/PepSet_dimer/5dai.pdb L A
Total DockQ over 1 native interfaces: 0.955 with BA:LA model:native mapping
DockQ 0.955 iRMSD 0.581 LRMSD 0.634 fnat 1.000 fnonnat 0.065 F1 0.966 clashes 0 mapping BA:LA /home/junjiechen/1_work/250401-Dpepalign/Benchmark/protenix/PepSet/pred/5dai/seed_42/predictions/5dai_sample_2.cif B A -> /home/junjiechen/1_work/250401-Dpepalign/Benchmark/dataset/PepSet_dimer/5dai.pdb L A
Total DockQ over 1 native interfaces: 0.956 with BA:LA model:native mapping
DockQ 0.956 iRMSD 0.571 LRMSD 0.679 fnat 1.000 fnonnat 0.044 F1 0.977 clashes 0 mapping BA:LA /home/junjiechen/1_work/250401-Dpepalign/Benchmark/protenix/PepSet/pred/5dai/seed_42/predictions/5dai_sample_3.cif B A -> /home/junjiechen/1_work/250401-Dpepalign/Benchmark/dataset/PepSet_dimer/5dai.pdb L A
Total DockQ over 1 native interfaces: 0.961 with BA:LA model:native mapping
DockQ 0.961 iRMSD 0.522 LRMSD 0.761 fnat 1.000 fnonnat 0.044 F1 0.977 clashes 0 mapping BA:LA /home/junjiechen/1_work/250401-Dpepalign/Benchmark/protenix/PepSet/pred/5dai/seed_43/predictions/5dai_sample_0.cif B A -> /home/junjiechen/1_work/250401-Dpepalign/Benchmark/dataset/PepSet_dimer/5dai.pdb L A
Total DockQ over 1 native interfaces: 0.951 with BA:LA model:native mapping
DockQ 0.951 iRMSD 0.604 LRMSD 0.752 fnat 1.000 fnonnat 0.065 F1 0.966 clashes 0 mapping BA:LA /home/junjiechen/1_work/250401-Dpepalign/Benchmark/protenix/PepSet/pred/5dai/seed_42/predictions/5dai_sample_4.cif B A -> /home/junjiechen/1_work/250401-Dpepalign/Benchmark/dataset/PepSet_dimer/5dai.pdb L A
Total DockQ over 1 native interfaces: 0.952 with BA:LA model:native mapping
DockQ 0.952 iRMSD 0.600 LRMSD 0.640 fnat 1.000 fnonnat 0.044 F1 0.977 clashes 0 mapping BA:LA /home/junjiechen/1_work/250401-Dpepalign/Benchmark/protenix/PepSet/pred/5dai/seed_43/predictions/5dai_sample_1.cif B A -> /home/junjiechen/1_work/250401-Dpepalign/Benchmark/dataset/PepSet_dimer/5dai.pdb L A
Total DockQ over 1 native interfaces: 0.950 with BA:LA model:native mapping
DockQ 0.950 iRMSD 0.613 LRMSD 0.700 fnat 1.000 fnonnat 0.044 F1 0.977 clashes 0 mapping BA:LA /home/junjiechen/1_work/250401-Dpepalign/Benchmark/protenix/PepSet/pred/5dai/seed_43/predictions/5dai_sample_3.cif B A -> /home/junjiechen/1_work/250401-Dpepalign/Benchmark/dataset/PepSet_dimer/5dai.pdb L A
Total DockQ over 1 native interfaces: 0.954 with BA:LA model:native mapping
DockQ 0.954 iRMSD 0.592 LRMSD 0.514 fnat 1.000 fnonnat 0.065 F1 0.966 clashes 0 mapping BA:LA /home/junjiechen/1_work/250401-Dpepalign/Benchmark/protenix/PepSet/pred/5dai/seed_43/predictions/5dai_sample_2.cif B A -> /home/junjiechen/1_work/250401-Dpepalign/Benchmark/dataset/PepSet_dimer/5dai.pdb L A
Total DockQ over 1 native interfaces: 0.948 with BA:LA model:native mapping
DockQ 0.948 iRMSD 0.629 LRMSD 0.720 fnat 1.000 fnonnat 0.044 F1 0.977 clashes 0 mapping BA:LA /home/junjiechen/1_work/250401-Dpepalign/Benchmark/protenix/PepSet/pred/5dai/seed_44/predictions/5dai_sample_1.cif B A -> /home/junjiechen/1_work/250401-Dpepalign/Benchmark/dataset/PepSet_dimer/5dai.pdb L A
Total DockQ over 1 native interfaces: 0.953 with BA:LA model:native mapping
DockQ 0.953 iRMSD 0.594 LRMSD 0.604 fnat 1.000 fnonnat 0.065 F1 0.966 clashes 0 mapping BA:LA /home/junjiechen/1_work/250401-Dpepalign/Benchmark/protenix/PepSet/pred/5dai/seed_43/predictions/5dai_sample_4.cif B A -> /home/junjiechen/1_work/250401-Dpepalign/Benchmark/dataset/PepSet_dimer/5dai.pdb L A
Total DockQ over 1 native interfaces: 0.967 with BA:LA model:native mapping
DockQ 0.967 iRMSD 0.489 LRMSD 0.504 fnat 1.000 fnonnat 0.044 F1 0.977 clashes 0 mapping BA:LA /home/junjiechen/1_work/250401-Dpepalign/Benchmark/protenix/PepSet/pred/5dai/seed_44/predictions/5dai_sample_0.cif B A -> /home/junjiechen/1_work/250401-Dpepalign/Benchmark/dataset/PepSet_dimer/5dai.pdb L A
Total DockQ over 1 native interfaces: 0.941 with BA:LA model:native mapping
DockQ 0.941 iRMSD 0.681 LRMSD 0.608 fnat 1.000 fnonnat 0.044 F1 0.977 clashes 0 mapping BA:LA /home/junjiechen/1_work/250401-Dpepalign/Benchmark/protenix/PepSet/pred/5dai/seed_44/predictions/5dai_sample_2.cif B A -> /home/junjiechen/1_work/250401-Dpepalign/Benchmark/dataset/PepSet_dimer/5dai.pdb L A
Total DockQ over 1 native interfaces: 0.962 with BA:LA model:native mapping
DockQ 0.962 iRMSD 0.519 LRMSD 0.643 fnat 1.000 fnonnat 0.044 F1 0.977 clashes 0 mapping BA:LA /home/junjiechen/1_work/250401-Dpepalign/Benchmark/protenix/PepSet/pred/5dai/seed_44/predictions/5dai_sample_3.cif B A -> /home/junjiechen/1_work/250401-Dpepalign/Benchmark/dataset/PepSet_dimer/5dai.pdb L A
Total DockQ over 1 native interfaces: 0.956 with BA:LA model:native mapping
DockQ 0.956 iRMSD 0.578 LRMSD 0.434 fnat 1.000 fnonnat 0.044 F1 0.977 clashes 0 mapping BA:LA /home/junjiechen/1_work/250401-Dpepalign/Benchmark/protenix/PepSet/pred/5dai/seed_44/predictions/5dai_sample_4.cif B A -> /home/junjiechen/1_work/250401-Dpepalign/Benchmark/dataset/PepSet_dimer/5dai.pdb L A
Total DockQ over 1 native interfaces: 0.964 with BA:LA model:native mapping
DockQ 0.964 iRMSD 0.441 LRMSD 0.698 fnat 0.977 fnonnat 0.023 F1 0.977 clashes 0 mapping BA:LA /home/junjiechen/1_work/250401-Dpepalign/Benchmark/protenix/PepSet/pred/5di8/seed_42/predictions/5di8_sample_0.cif B A -> /home/junjiechen/1_work/250401-Dpepalign/Benchmark/dataset/PepSet_dimer/5di8.pdb L A
Total DockQ over 1 native interfaces: 0.958 with BA:LA model:native mapping
DockQ 0.958 iRMSD 0.484 LRMSD 0.752 fnat 0.977 fnonnat 0.065 F1 0.956 clashes 0 mapping BA:LA /home/junjiechen/1_work/250401-Dpepalign/Benchmark/protenix/PepSet/pred/5di8/seed_42/predictions/5di8_sample_1.cif B A -> /home/junjiechen/1_work/250401-Dpepalign/Benchmark/dataset/PepSet_dimer/5di8.pdb L A
Total DockQ over 1 native interfaces: 0.958 with BA:LA model:native mapping
DockQ 0.958 iRMSD 0.483 LRMSD 0.860 fnat 0.977 fnonnat 0.023 F1 0.977 clashes 0 mapping BA:LA /home/junjiechen/1_work/250401-Dpepalign/Benchmark/protenix/PepSet/pred/5di8/seed_42/predictions/5di8_sample_2.cif B A -> /home/junjiechen/1_work/250401-Dpepalign/Benchmark/dataset/PepSet_dimer/5di8.pdb L A
Total DockQ over 1 native interfaces: 0.950 with BA:LA model:native mapping
DockQ 0.950 iRMSD 0.488 LRMSD 0.835 fnat 0.955 fnonnat 0.045 F1 0.955 clashes 0 mapping BA:LA /home/junjiechen/1_work/250401-Dpepalign/Benchmark/protenix/PepSet/pred/5di8/seed_42/predictions/5di8_sample_3.cif B A -> /home/junjiechen/1_work/250401-Dpepalign/Benchmark/dataset/PepSet_dimer/5di8.pdb L A
Total DockQ over 1 native interfaces: 0.960 with BA:LA model:native mapping
DockQ 0.960 iRMSD 0.469 LRMSD 0.719 fnat 0.977 fnonnat 0.023 F1 0.977 clashes 0 mapping BA:LA /home/junjiechen/1_work/250401-Dpepalign/Benchmark/protenix/PepSet/pred/5di8/seed_42/predictions/5di8_sample_4.cif B A -> /home/junjiechen/1_work/250401-Dpepalign/Benchmark/dataset/PepSet_dimer/5di8.pdb L A
Total DockQ over 1 native interfaces: 0.968 with BA:LA model:native mapping
DockQ 0.968 iRMSD 0.403 LRMSD 0.598 fnat 0.977 fnonnat 0.023 F1 0.977 clashes 0 mapping BA:LA /home/junjiechen/1_work/250401-Dpepalign/Benchmark/protenix/PepSet/pred/5di8/seed_43/predictions/5di8_sample_0.cif B A -> /home/junjiechen/1_work/250401-Dpepalign/Benchmark/dataset/PepSet_dimer/5di8.pdb L A
Total DockQ over 1 native interfaces: 0.962 with BA:LA model:native mapping
DockQ 0.962 iRMSD 0.520 LRMSD 0.759 fnat 1.000 fnonnat 0.022 F1 0.989 clashes 0 mapping BA:LA /home/junjiechen/1_work/250401-Dpepalign/Benchmark/protenix/PepSet/pred/5di8/seed_43/predictions/5di8_sample_1.cif B A -> /home/junjiechen/1_work/250401-Dpepalign/Benchmark/dataset/PepSet_dimer/5di8.pdb L A
Total DockQ over 1 native interfaces: 0.954 with BA:LA model:native mapping
DockQ 0.954 iRMSD 0.524 LRMSD 0.726 fnat 0.977 fnonnat 0.023 F1 0.977 clashes 0 mapping BA:LA /home/junjiechen/1_work/250401-Dpepalign/Benchmark/protenix/PepSet/pred/5di8/seed_43/predictions/5di8_sample_4.cif B A -> /home/junjiechen/1_work/250401-Dpepalign/Benchmark/dataset/PepSet_dimer/5di8.pdb L A
Total DockQ over 1 native interfaces: 0.970 with BA:LA model:native mapping
DockQ 0.970 iRMSD 0.449 LRMSD 0.775 fnat 1.000 fnonnat 0.043 F1 0.978 clashes 0 mapping BA:LA /home/junjiechen/1_work/250401-Dpepalign/Benchmark/protenix/PepSet/pred/5di8/seed_43/predictions/5di8_sample_2.cif B A -> /home/junjiechen/1_work/250401-Dpepalign/Benchmark/dataset/PepSet_dimer/5di8.pdb L A
Total DockQ over 1 native interfaces: 0.950 with BA:LA model:native mapping
DockQ 0.950 iRMSD 0.543 LRMSD 0.855 fnat 0.977 fnonnat 0.023 F1 0.977 clashes 0 mapping BA:LA /home/junjiechen/1_work/250401-Dpepalign/Benchmark/protenix/PepSet/pred/5di8/seed_43/predictions/5di8_sample_3.cif B A -> /home/junjiechen/1_work/250401-Dpepalign/Benchmark/dataset/PepSet_dimer/5di8.pdb L A
Total DockQ over 1 native interfaces: 0.950 with BA:LA model:native mapping
DockQ 0.950 iRMSD 0.549 LRMSD 0.867 fnat 0.977 fnonnat 0.023 F1 0.977 clashes 0 mapping BA:LA /home/junjiechen/1_work/250401-Dpepalign/Benchmark/protenix/PepSet/pred/5di8/seed_44/predictions/5di8_sample_0.cif B A -> /home/junjiechen/1_work/250401-Dpepalign/Benchmark/dataset/PepSet_dimer/5di8.pdb L A
Total DockQ over 1 native interfaces: 0.957 with BA:LA model:native mapping
DockQ 0.957 iRMSD 0.494 LRMSD 0.801 fnat 0.977 fnonnat 0.044 F1 0.966 clashes 0 mapping BA:LA /home/junjiechen/1_work/250401-Dpepalign/Benchmark/protenix/PepSet/pred/5di8/seed_44/predictions/5di8_sample_1.cif B A -> /home/junjiechen/1_work/250401-Dpepalign/Benchmark/dataset/PepSet_dimer/5di8.pdb L A
Total DockQ over 1 native interfaces: 0.972 with BA:LA model:native mapping
DockQ 0.972 iRMSD 0.433 LRMSD 0.670 fnat 1.000 fnonnat 0.043 F1 0.978 clashes 0 mapping BA:LA /home/junjiechen/1_work/250401-Dpepalign/Benchmark/protenix/PepSet/pred/5di8/seed_44/predictions/5di8_sample_3.cif B A -> /home/junjiechen/1_work/250401-Dpepalign/Benchmark/dataset/PepSet_dimer/5di8.pdb L A
Total DockQ over 1 native interfaces: 0.961 with BA:LA model:native mapping
DockQ 0.961 iRMSD 0.463 LRMSD 0.752 fnat 0.977 fnonnat 0.023 F1 0.977 clashes 0 mapping BA:LA /home/junjiechen/1_work/250401-Dpepalign/Benchmark/protenix/PepSet/pred/5di8/seed_44/predictions/5di8_sample_2.cif B A -> /home/junjiechen/1_work/250401-Dpepalign/Benchmark/dataset/PepSet_dimer/5di8.pdb L A
Total DockQ over 1 native interfaces: 0.951 with BA:LA model:native mapping
DockQ 0.951 iRMSD 0.476 LRMSD 0.797 fnat 0.955 fnonnat 0.000 F1 0.977 clashes 0 mapping BA:LA /home/junjiechen/1_work/250401-Dpepalign/Benchmark/protenix/PepSet/pred/5di8/seed_44/predictions/5di8_sample_4.cif B A -> /home/junjiechen/1_work/250401-Dpepalign/Benchmark/dataset/PepSet_dimer/5di8.pdb L A
Total DockQ over 1 native interfaces: 0.938 with BA:LA model:native mapping
DockQ 0.938 iRMSD 0.590 LRMSD 1.426 fnat 0.976 fnonnat 0.167 F1 0.899 clashes 0 mapping BA:LA /home/junjiechen/1_work/250401-Dpepalign/Benchmark/protenix/PepSet/pred/5e33/seed_42/predictions/5e33_sample_0.cif B A -> /home/junjiechen/1_work/250401-Dpepalign/Benchmark/dataset/PepSet_dimer/5e33.pdb L A
Total DockQ over 1 native interfaces: 0.915 with BA:LA model:native mapping
DockQ 0.915 iRMSD 0.742 LRMSD 1.604 fnat 0.976 fnonnat 0.200 F1 0.879 clashes 0 mapping BA:LA /home/junjiechen/1_work/250401-Dpepalign/Benchmark/protenix/PepSet/pred/5e33/seed_42/predictions/5e33_sample_4.cif B A -> /home/junjiechen/1_work/250401-Dpepalign/Benchmark/dataset/PepSet_dimer/5e33.pdb L A
Total DockQ over 1 native interfaces: 0.922 with BA:LA model:native mapping
DockQ 0.922 iRMSD 0.640 LRMSD 1.527 fnat 0.951 fnonnat 0.188 F1 0.876 clashes 0 mapping BA:LA /home/junjiechen/1_work/250401-Dpepalign/Benchmark/protenix/PepSet/pred/5e33/seed_42/predictions/5e33_sample_1.cif B A -> /home/junjiechen/1_work/250401-Dpepalign/Benchmark/dataset/PepSet_dimer/5e33.pdb L A
Total DockQ over 1 native interfaces: 0.945 with BA:LA model:native mapping
DockQ 0.945 iRMSD 0.590 LRMSD 1.511 fnat 1.000 fnonnat 0.089 F1 0.953 clashes 0 mapping BA:LA /home/junjiechen/1_work/250401-Dpepalign/Benchmark/protenix/PepSet/pred/5e33/seed_43/predictions/5e33_sample_0.cif B A -> /home/junjiechen/1_work/250401-Dpepalign/Benchmark/dataset/PepSet_dimer/5e33.pdb L A
Total DockQ over 1 native interfaces: 0.933 with BA:LA model:native mapping
DockQ 0.933 iRMSD 0.615 LRMSD 1.565 fnat 0.976 fnonnat 0.167 F1 0.899 clashes 0 mapping BA:LA /home/junjiechen/1_work/250401-Dpepalign/Benchmark/protenix/PepSet/pred/5e33/seed_42/predictions/5e33_sample_2.cif B A -> /home/junjiechen/1_work/250401-Dpepalign/Benchmark/dataset/PepSet_dimer/5e33.pdb L A
Total DockQ over 1 native interfaces: 0.924 with BA:LA model:native mapping
DockQ 0.924 iRMSD 0.661 LRMSD 1.769 fnat 0.976 fnonnat 0.167 F1 0.899 clashes 0 mapping BA:LA /home/junjiechen/1_work/250401-Dpepalign/Benchmark/protenix/PepSet/pred/5e33/seed_43/predictions/5e33_sample_3.cif B A -> /home/junjiechen/1_work/250401-Dpepalign/Benchmark/dataset/PepSet_dimer/5e33.pdb L A
Total DockQ over 1 native interfaces: 0.929 with BA:LA model:native mapping
DockQ 0.929 iRMSD 0.641 LRMSD 1.621 fnat 0.976 fnonnat 0.149 F1 0.909 clashes 0 mapping BA:LA /home/junjiechen/1_work/250401-Dpepalign/Benchmark/protenix/PepSet/pred/5e33/seed_43/predictions/5e33_sample_1.cif B A -> /home/junjiechen/1_work/250401-Dpepalign/Benchmark/dataset/PepSet_dimer/5e33.pdb L A
Total DockQ over 1 native interfaces: 0.933 with BA:LA model:native mapping
DockQ 0.933 iRMSD 0.567 LRMSD 1.451 fnat 0.951 fnonnat 0.114 F1 0.918 clashes 0 mapping BA:LA /home/junjiechen/1_work/250401-Dpepalign/Benchmark/protenix/PepSet/pred/5e33/seed_43/predictions/5e33_sample_2.cif B A -> /home/junjiechen/1_work/250401-Dpepalign/Benchmark/dataset/PepSet_dimer/5e33.pdb L A
Total DockQ over 1 native interfaces: 0.933 with BA:LA model:native mapping
DockQ 0.933 iRMSD 0.612 LRMSD 1.581 fnat 0.976 fnonnat 0.130 F1 0.920 clashes 0 mapping BA:LA /home/junjiechen/1_work/250401-Dpepalign/Benchmark/protenix/PepSet/pred/5e33/seed_42/predictions/5e33_sample_3.cif B A -> /home/junjiechen/1_work/250401-Dpepalign/Benchmark/dataset/PepSet_dimer/5e33.pdb L A
Total DockQ over 1 native interfaces: 0.929 with BA:LA model:native mapping
DockQ 0.929 iRMSD 0.625 LRMSD 1.720 fnat 0.976 fnonnat 0.111 F1 0.930 clashes 0 mapping BA:LA /home/junjiechen/1_work/250401-Dpepalign/Benchmark/protenix/PepSet/pred/5e33/seed_43/predictions/5e33_sample_4.cif B A -> /home/junjiechen/1_work/250401-Dpepalign/Benchmark/dataset/PepSet_dimer/5e33.pdb L A
Total DockQ over 1 native interfaces: 0.930 with BA:LA model:native mapping
DockQ 0.930 iRMSD 0.626 LRMSD 1.707 fnat 0.976 fnonnat 0.184 F1 0.889 clashes 0 mapping BA:LA /home/junjiechen/1_work/250401-Dpepalign/Benchmark/protenix/PepSet/pred/5e33/seed_44/predictions/5e33_sample_4.cif B A -> /home/junjiechen/1_work/250401-Dpepalign/Benchmark/dataset/PepSet_dimer/5e33.pdb L A
Total DockQ over 1 native interfaces: 0.409 with BA:LA model:native mapping
DockQ 0.409 iRMSD 2.729 LRMSD 6.910 fnat 0.392 fnonnat 0.623 F1 0.385 clashes 1 mapping BA:LA /home/junjiechen/1_work/250401-Dpepalign/Benchmark/protenix/PepSet/pred/5efi/seed_42/predictions/5efi_sample_0.cif B A -> /home/junjiechen/1_work/250401-Dpepalign/Benchmark/dataset/PepSet_dimer/5efi.pdb L A
Total DockQ over 1 native interfaces: 0.375 with BA:LA model:native mapping
DockQ 0.375 iRMSD 2.920 LRMSD 7.468 fnat 0.353 fnonnat 0.633 F1 0.360 clashes 1 mapping BA:LA /home/junjiechen/1_work/250401-Dpepalign/Benchmark/protenix/PepSet/pred/5efi/seed_42/predictions/5efi_sample_2.cif B A -> /home/junjiechen/1_work/250401-Dpepalign/Benchmark/dataset/PepSet_dimer/5efi.pdb L A
Total DockQ over 1 native interfaces: 0.939 with BA:LA model:native mapping
DockQ 0.939 iRMSD 0.635 LRMSD 1.494 fnat 1.000 fnonnat 0.163 F1 0.911 clashes 0 mapping BA:LA /home/junjiechen/1_work/250401-Dpepalign/Benchmark/protenix/PepSet/pred/5e33/seed_44/predictions/5e33_sample_3.cif B A -> /home/junjiechen/1_work/250401-Dpepalign/Benchmark/dataset/PepSet_dimer/5e33.pdb L A
Total DockQ over 1 native interfaces: 0.940 with BA:LA model:native mapping
DockQ 0.940 iRMSD 0.602 LRMSD 1.156 fnat 0.976 fnonnat 0.149 F1 0.909 clashes 0 mapping BA:LA /home/junjiechen/1_work/250401-Dpepalign/Benchmark/protenix/PepSet/pred/5e33/seed_44/predictions/5e33_sample_0.cif B A -> /home/junjiechen/1_work/250401-Dpepalign/Benchmark/dataset/PepSet_dimer/5e33.pdb L A
Total DockQ over 1 native interfaces: 0.120 with BA:LA model:native mapping
DockQ 0.120 iRMSD 6.580 LRMSD 15.485 fnat 0.078 fnonnat 0.944 F1 0.066 clashes 2 mapping BA:LA /home/junjiechen/1_work/250401-Dpepalign/Benchmark/protenix/PepSet/pred/5efi/seed_42/predictions/5efi_sample_4.cif B A -> /home/junjiechen/1_work/250401-Dpepalign/Benchmark/dataset/PepSet_dimer/5efi.pdb L A
Total DockQ over 1 native interfaces: 0.927 with BA:LA model:native mapping
DockQ 0.927 iRMSD 0.593 LRMSD 1.597 fnat 0.951 fnonnat 0.133 F1 0.907 clashes 0 mapping BA:LA /home/junjiechen/1_work/250401-Dpepalign/Benchmark/protenix/PepSet/pred/5e33/seed_44/predictions/5e33_sample_1.cif B A -> /home/junjiechen/1_work/250401-Dpepalign/Benchmark/dataset/PepSet_dimer/5e33.pdb L A
Total DockQ over 1 native interfaces: 0.431 with BA:LA model:native mapping
DockQ 0.431 iRMSD 2.728 LRMSD 6.817 fnat 0.451 fnonnat 0.603 F1 0.422 clashes 1 mapping BA:LA /home/junjiechen/1_work/250401-Dpepalign/Benchmark/protenix/PepSet/pred/5efi/seed_42/predictions/5efi_sample_1.cif B A -> /home/junjiechen/1_work/250401-Dpepalign/Benchmark/dataset/PepSet_dimer/5efi.pdb L A
Total DockQ over 1 native interfaces: 0.573 with BA:LA model:native mapping
DockQ 0.573 iRMSD 1.884 LRMSD 3.986 fnat 0.510 fnonnat 0.458 F1 0.525 clashes 0 mapping BA:LA /home/junjiechen/1_work/250401-Dpepalign/Benchmark/protenix/PepSet/pred/5efi/seed_42/predictions/5efi_sample_3.cif B A -> /home/junjiechen/1_work/250401-Dpepalign/Benchmark/dataset/PepSet_dimer/5efi.pdb L A
Total DockQ over 1 native interfaces: 0.911 with BA:LA model:native mapping
DockQ 0.911 iRMSD 0.676 LRMSD 1.349 fnat 0.927 fnonnat 0.156 F1 0.884 clashes 0 mapping BA:LA /home/junjiechen/1_work/250401-Dpepalign/Benchmark/protenix/PepSet/pred/5e33/seed_44/predictions/5e33_sample_2.cif B A -> /home/junjiechen/1_work/250401-Dpepalign/Benchmark/dataset/PepSet_dimer/5e33.pdb L A
Total DockQ over 1 native interfaces: 0.399 with BA:LA model:native mapping
DockQ 0.399 iRMSD 2.684 LRMSD 6.857 fnat 0.353 fnonnat 0.667 F1 0.343 clashes 0 mapping BA:LA /home/junjiechen/1_work/250401-Dpepalign/Benchmark/protenix/PepSet/pred/5efi/seed_43/predictions/5efi_sample_0.cif B A -> /home/junjiechen/1_work/250401-Dpepalign/Benchmark/dataset/PepSet_dimer/5efi.pdb L A
Total DockQ over 1 native interfaces: 0.475 with BA:LA model:native mapping
DockQ 0.475 iRMSD 2.294 LRMSD 5.654 fnat 0.431 fnonnat 0.607 F1 0.411 clashes 0 mapping BA:LA /home/junjiechen/1_work/250401-Dpepalign/Benchmark/protenix/PepSet/pred/5efi/seed_43/predictions/5efi_sample_1.cif B A -> /home/junjiechen/1_work/250401-Dpepalign/Benchmark/dataset/PepSet_dimer/5efi.pdb L A
Total DockQ over 1 native interfaces: 0.438 with BA:LA model:native mapping
DockQ 0.438 iRMSD 2.432 LRMSD 6.284 fnat 0.392 fnonnat 0.623 F1 0.385 clashes 0 mapping BA:LA /home/junjiechen/1_work/250401-Dpepalign/Benchmark/protenix/PepSet/pred/5efi/seed_43/predictions/5efi_sample_3.cif B A -> /home/junjiechen/1_work/250401-Dpepalign/Benchmark/dataset/PepSet_dimer/5efi.pdb L A
Total DockQ over 1 native interfaces: 0.393 with BA:LA model:native mapping
DockQ 0.393 iRMSD 2.682 LRMSD 6.822 fnat 0.333 fnonnat 0.667 F1 0.333 clashes 0 mapping BA:LA /home/junjiechen/1_work/250401-Dpepalign/Benchmark/protenix/PepSet/pred/5efi/seed_44/predictions/5efi_sample_0.cif B A -> /home/junjiechen/1_work/250401-Dpepalign/Benchmark/dataset/PepSet_dimer/5efi.pdb L A
Total DockQ over 1 native interfaces: 0.115 with BA:LA model:native mapping
DockQ 0.115 iRMSD 6.791 LRMSD 15.951 fnat 0.078 fnonnat 0.938 F1 0.070 clashes 3 mapping BA:LA /home/junjiechen/1_work/250401-Dpepalign/Benchmark/protenix/PepSet/pred/5efi/seed_43/predictions/5efi_sample_4.cif B A -> /home/junjiechen/1_work/250401-Dpepalign/Benchmark/dataset/PepSet_dimer/5efi.pdb L A
Total DockQ over 1 native interfaces: 0.393 with BA:LA model:native mapping
DockQ 0.393 iRMSD 2.713 LRMSD 6.774 fnat 0.333 fnonnat 0.667 F1 0.333 clashes 0 mapping BA:LA /home/junjiechen/1_work/250401-Dpepalign/Benchmark/protenix/PepSet/pred/5efi/seed_44/predictions/5efi_sample_3.cif B A -> /home/junjiechen/1_work/250401-Dpepalign/Benchmark/dataset/PepSet_dimer/5efi.pdb L A
Total DockQ over 1 native interfaces: 0.379 with BA:LA model:native mapping
DockQ 0.379 iRMSD 2.775 LRMSD 7.287 fnat 0.333 fnonnat 0.653 F1 0.340 clashes 0 mapping BA:LA /home/junjiechen/1_work/250401-Dpepalign/Benchmark/protenix/PepSet/pred/5efi/seed_44/predictions/5efi_sample_2.cif B A -> /home/junjiechen/1_work/250401-Dpepalign/Benchmark/dataset/PepSet_dimer/5efi.pdb L A
Total DockQ over 1 native interfaces: 0.411 with BA:LA model:native mapping
DockQ 0.411 iRMSD 2.607 LRMSD 6.774 fnat 0.373 fnonnat 0.642 F1 0.365 clashes 0 mapping BA:LA /home/junjiechen/1_work/250401-Dpepalign/Benchmark/protenix/PepSet/pred/5efi/seed_43/predictions/5efi_sample_2.cif B A -> /home/junjiechen/1_work/250401-Dpepalign/Benchmark/dataset/PepSet_dimer/5efi.pdb L A
Total DockQ over 1 native interfaces: 0.392 with BA:LA model:native mapping
DockQ 0.392 iRMSD 2.708 LRMSD 6.846 fnat 0.333 fnonnat 0.679 F1 0.327 clashes 0 mapping BA:LA /home/junjiechen/1_work/250401-Dpepalign/Benchmark/protenix/PepSet/pred/5efi/seed_44/predictions/5efi_sample_1.cif B A -> /home/junjiechen/1_work/250401-Dpepalign/Benchmark/dataset/PepSet_dimer/5efi.pdb L A
Total DockQ over 1 native interfaces: 0.427 with BA:LA model:native mapping
DockQ 0.427 iRMSD 2.537 LRMSD 6.239 fnat 0.373 fnonnat 0.627 F1 0.373 clashes 0 mapping BA:LA /home/junjiechen/1_work/250401-Dpepalign/Benchmark/protenix/PepSet/pred/5efi/seed_44/predictions/5efi_sample_4.cif B A -> /home/junjiechen/1_work/250401-Dpepalign/Benchmark/dataset/PepSet_dimer/5efi.pdb L A
Total DockQ over 1 native interfaces: 0.977 with BA:LA model:native mapping
DockQ 0.977 iRMSD 0.309 LRMSD 0.532 fnat 0.974 fnonnat 0.073 F1 0.950 clashes 0 mapping BA:LA /home/junjiechen/1_work/250401-Dpepalign/Benchmark/protenix/PepSet/pred/5ei3/seed_42/predictions/5ei3_sample_0.cif B A -> /home/junjiechen/1_work/250401-Dpepalign/Benchmark/dataset/PepSet_dimer/5ei3.pdb L A
Total DockQ over 1 native interfaces: 0.978 with BA:LA model:native mapping
DockQ 0.978 iRMSD 0.293 LRMSD 0.456 fnat 0.974 fnonnat 0.073 F1 0.950 clashes 0 mapping BA:LA /home/junjiechen/1_work/250401-Dpepalign/Benchmark/protenix/PepSet/pred/5ei3/seed_42/predictions/5ei3_sample_1.cif B A -> /home/junjiechen/1_work/250401-Dpepalign/Benchmark/dataset/PepSet_dimer/5ei3.pdb L A
Total DockQ over 1 native interfaces: 0.958 with BA:LA model:native mapping
DockQ 0.958 iRMSD 0.471 LRMSD 0.826 fnat 0.974 fnonnat 0.050 F1 0.962 clashes 0 mapping BA:LA /home/junjiechen/1_work/250401-Dpepalign/Benchmark/protenix/PepSet/pred/5ei3/seed_42/predictions/5ei3_sample_2.cif B A -> /home/junjiechen/1_work/250401-Dpepalign/Benchmark/dataset/PepSet_dimer/5ei3.pdb L A
Total DockQ over 1 native interfaces: 0.987 with BA:LA model:native mapping
DockQ 0.987 iRMSD 0.286 LRMSD 0.504 fnat 1.000 fnonnat 0.049 F1 0.975 clashes 0 mapping BA:LA /home/junjiechen/1_work/250401-Dpepalign/Benchmark/protenix/PepSet/pred/5ei3/seed_42/predictions/5ei3_sample_3.cif B A -> /home/junjiechen/1_work/250401-Dpepalign/Benchmark/dataset/PepSet_dimer/5ei3.pdb L A
Total DockQ over 1 native interfaces: 0.984 with BA:LA model:native mapping
DockQ 0.984 iRMSD 0.321 LRMSD 0.454 fnat 1.000 fnonnat 0.114 F1 0.940 clashes 0 mapping BA:LA /home/junjiechen/1_work/250401-Dpepalign/Benchmark/protenix/PepSet/pred/5ei3/seed_42/predictions/5ei3_sample_4.cif B A -> /home/junjiechen/1_work/250401-Dpepalign/Benchmark/dataset/PepSet_dimer/5ei3.pdb L A
Total DockQ over 1 native interfaces: 0.980 with BA:LA model:native mapping
DockQ 0.980 iRMSD 0.371 LRMSD 0.511 fnat 1.000 fnonnat 0.049 F1 0.975 clashes 0 mapping BA:LA /home/junjiechen/1_work/250401-Dpepalign/Benchmark/protenix/PepSet/pred/5ei3/seed_43/predictions/5ei3_sample_0.cif B A -> /home/junjiechen/1_work/250401-Dpepalign/Benchmark/dataset/PepSet_dimer/5ei3.pdb L A
Total DockQ over 1 native interfaces: 0.972 with BA:LA model:native mapping
DockQ 0.972 iRMSD 0.355 LRMSD 0.645 fnat 0.974 fnonnat 0.026 F1 0.974 clashes 0 mapping BA:LA /home/junjiechen/1_work/250401-Dpepalign/Benchmark/protenix/PepSet/pred/5ei3/seed_43/predictions/5ei3_sample_2.cif B A -> /home/junjiechen/1_work/250401-Dpepalign/Benchmark/dataset/PepSet_dimer/5ei3.pdb L A
Total DockQ over 1 native interfaces: 0.963 with BA:LA model:native mapping
DockQ 0.963 iRMSD 0.441 LRMSD 0.682 fnat 0.974 fnonnat 0.000 F1 0.987 clashes 0 mapping BA:LA /home/junjiechen/1_work/250401-Dpepalign/Benchmark/protenix/PepSet/pred/5ei3/seed_43/predictions/5ei3_sample_1.cif B A -> /home/junjiechen/1_work/250401-Dpepalign/Benchmark/dataset/PepSet_dimer/5ei3.pdb L A
Total DockQ over 1 native interfaces: 0.970 with BA:LA model:native mapping
DockQ 0.970 iRMSD 0.380 LRMSD 0.603 fnat 0.974 fnonnat 0.095 F1 0.938 clashes 0 mapping BA:LA /home/junjiechen/1_work/250401-Dpepalign/Benchmark/protenix/PepSet/pred/5ei3/seed_43/predictions/5ei3_sample_3.cif B A -> /home/junjiechen/1_work/250401-Dpepalign/Benchmark/dataset/PepSet_dimer/5ei3.pdb L A
Total DockQ over 1 native interfaces: 0.970 with BA:LA model:native mapping
DockQ 0.970 iRMSD 0.377 LRMSD 0.684 fnat 0.974 fnonnat 0.073 F1 0.950 clashes 0 mapping BA:LA /home/junjiechen/1_work/250401-Dpepalign/Benchmark/protenix/PepSet/pred/5ei3/seed_43/predictions/5ei3_sample_4.cif B A -> /home/junjiechen/1_work/250401-Dpepalign/Benchmark/dataset/PepSet_dimer/5ei3.pdb L A
Total DockQ over 1 native interfaces: 0.975 with BA:LA model:native mapping
DockQ 0.975 iRMSD 0.416 LRMSD 0.573 fnat 1.000 fnonnat 0.049 F1 0.975 clashes 0 mapping BA:LA /home/junjiechen/1_work/250401-Dpepalign/Benchmark/protenix/PepSet/pred/5ei3/seed_44/predictions/5ei3_sample_0.cif B A -> /home/junjiechen/1_work/250401-Dpepalign/Benchmark/dataset/PepSet_dimer/5ei3.pdb L A
Total DockQ over 1 native interfaces: 0.941 with BA:LA model:native mapping
DockQ 0.941 iRMSD 0.589 LRMSD 1.164 fnat 0.974 fnonnat 0.026 F1 0.974 clashes 0 mapping BA:LA /home/junjiechen/1_work/250401-Dpepalign/Benchmark/protenix/PepSet/pred/5ei3/seed_44/predictions/5ei3_sample_1.cif B A -> /home/junjiechen/1_work/250401-Dpepalign/Benchmark/dataset/PepSet_dimer/5ei3.pdb L A
Total DockQ over 1 native interfaces: 0.974 with BA:LA model:native mapping
DockQ 0.974 iRMSD 0.336 LRMSD 0.640 fnat 0.974 fnonnat 0.050 F1 0.962 clashes 0 mapping BA:LA /home/junjiechen/1_work/250401-Dpepalign/Benchmark/protenix/PepSet/pred/5ei3/seed_44/predictions/5ei3_sample_2.cif B A -> /home/junjiechen/1_work/250401-Dpepalign/Benchmark/dataset/PepSet_dimer/5ei3.pdb L A
Total DockQ over 1 native interfaces: 0.048 with BA:LB model:native mapping
DockQ 0.048 iRMSD 9.103 LRMSD 23.385 fnat 0.000 fnonnat 1.000 F1 0.000 clashes 0 mapping BA:LB /home/junjiechen/1_work/250401-Dpepalign/Benchmark/protenix/PepSet/pred/5fml/seed_42/predictions/5fml_sample_1.cif B A -> /home/junjiechen/1_work/250401-Dpepalign/Benchmark/dataset/PepSet_dimer/5fml.pdb L B
Total DockQ over 1 native interfaces: 0.976 with BA:LA model:native mapping
DockQ 0.976 iRMSD 0.321 LRMSD 0.504 fnat 0.974 fnonnat 0.026 F1 0.974 clashes 0 mapping BA:LA /home/junjiechen/1_work/250401-Dpepalign/Benchmark/protenix/PepSet/pred/5ei3/seed_44/predictions/5ei3_sample_3.cif B A -> /home/junjiechen/1_work/250401-Dpepalign/Benchmark/dataset/PepSet_dimer/5ei3.pdb L A
Total DockQ over 1 native interfaces: 0.048 with BA:LB model:native mapping
DockQ 0.048 iRMSD 8.969 LRMSD 23.222 fnat 0.000 fnonnat 1.000 F1 0.000 clashes 0 mapping BA:LB /home/junjiechen/1_work/250401-Dpepalign/Benchmark/protenix/PepSet/pred/5fml/seed_42/predictions/5fml_sample_2.cif B A -> /home/junjiechen/1_work/250401-Dpepalign/Benchmark/dataset/PepSet_dimer/5fml.pdb L B
Total DockQ over 1 native interfaces: 0.957 with BA:LA model:native mapping
DockQ 0.957 iRMSD 0.485 LRMSD 0.837 fnat 0.974 fnonnat 0.050 F1 0.962 clashes 0 mapping BA:LA /home/junjiechen/1_work/250401-Dpepalign/Benchmark/protenix/PepSet/pred/5ei3/seed_44/predictions/5ei3_sample_4.cif B A -> /home/junjiechen/1_work/250401-Dpepalign/Benchmark/dataset/PepSet_dimer/5ei3.pdb L A
Total DockQ over 1 native interfaces: 0.044 with BA:LB model:native mapping
DockQ 0.044 iRMSD 9.444 LRMSD 24.385 fnat 0.000 fnonnat 1.000 F1 0.000 clashes 2 mapping BA:LB /home/junjiechen/1_work/250401-Dpepalign/Benchmark/protenix/PepSet/pred/5fml/seed_42/predictions/5fml_sample_3.cif B A -> /home/junjiechen/1_work/250401-Dpepalign/Benchmark/dataset/PepSet_dimer/5fml.pdb L B
Total DockQ over 1 native interfaces: 0.043 with BA:LB model:native mapping
DockQ 0.043 iRMSD 9.624 LRMSD 24.913 fnat 0.000 fnonnat 1.000 F1 0.000 clashes 2 mapping BA:LB /home/junjiechen/1_work/250401-Dpepalign/Benchmark/protenix/PepSet/pred/5fml/seed_42/predictions/5fml_sample_0.cif B A -> /home/junjiechen/1_work/250401-Dpepalign/Benchmark/dataset/PepSet_dimer/5fml.pdb L B
Total DockQ over 1 native interfaces: 0.032 with BA:LB model:native mapping
DockQ 0.032 iRMSD 11.183 LRMSD 29.140 fnat 0.000 fnonnat 1.000 F1 0.000 clashes 3 mapping BA:LB /home/junjiechen/1_work/250401-Dpepalign/Benchmark/protenix/PepSet/pred/5fml/seed_42/predictions/5fml_sample_4.cif B A -> /home/junjiechen/1_work/250401-Dpepalign/Benchmark/dataset/PepSet_dimer/5fml.pdb L B
Total DockQ over 1 native interfaces: 0.048 with BA:LB model:native mapping
DockQ 0.048 iRMSD 8.981 LRMSD 23.411 fnat 0.000 fnonnat 1.000 F1 0.000 clashes 2 mapping BA:LB /home/junjiechen/1_work/250401-Dpepalign/Benchmark/protenix/PepSet/pred/5fml/seed_43/predictions/5fml_sample_0.cif B A -> /home/junjiechen/1_work/250401-Dpepalign/Benchmark/dataset/PepSet_dimer/5fml.pdb L B
Total DockQ over 1 native interfaces: 0.046 with BA:LB model:native mapping
DockQ 0.046 iRMSD 9.187 LRMSD 23.948 fnat 0.000 fnonnat 1.000 F1 0.000 clashes 1 mapping BA:LB /home/junjiechen/1_work/250401-Dpepalign/Benchmark/protenix/PepSet/pred/5fml/seed_43/predictions/5fml_sample_1.cif B A -> /home/junjiechen/1_work/250401-Dpepalign/Benchmark/dataset/PepSet_dimer/5fml.pdb L B
Total DockQ over 1 native interfaces: 0.030 with BA:LB model:native mapping
DockQ 0.030 iRMSD 12.010 LRMSD 29.888 fnat 0.000 fnonnat 1.000 F1 0.000 clashes 2 mapping BA:LB /home/junjiechen/1_work/250401-Dpepalign/Benchmark/protenix/PepSet/pred/5fml/seed_43/predictions/5fml_sample_4.cif B A -> /home/junjiechen/1_work/250401-Dpepalign/Benchmark/dataset/PepSet_dimer/5fml.pdb L B
Total DockQ over 1 native interfaces: 0.047 with BA:LB model:native mapping
DockQ 0.047 iRMSD 9.018 LRMSD 23.586 fnat 0.000 fnonnat 1.000 F1 0.000 clashes 1 mapping BA:LB /home/junjiechen/1_work/250401-Dpepalign/Benchmark/protenix/PepSet/pred/5fml/seed_43/predictions/5fml_sample_2.cif B A -> /home/junjiechen/1_work/250401-Dpepalign/Benchmark/dataset/PepSet_dimer/5fml.pdb L B
Total DockQ over 1 native interfaces: 0.045 with BA:LB model:native mapping
DockQ 0.045 iRMSD 9.248 LRMSD 24.108 fnat 0.000 fnonnat 1.000 F1 0.000 clashes 0 mapping BA:LB /home/junjiechen/1_work/250401-Dpepalign/Benchmark/protenix/PepSet/pred/5fml/seed_43/predictions/5fml_sample_3.cif B A -> /home/junjiechen/1_work/250401-Dpepalign/Benchmark/dataset/PepSet_dimer/5fml.pdb L B
Total DockQ over 1 native interfaces: 0.050 with BA:LB model:native mapping
DockQ 0.050 iRMSD 8.763 LRMSD 22.759 fnat 0.000 fnonnat 1.000 F1 0.000 clashes 1 mapping BA:LB /home/junjiechen/1_work/250401-Dpepalign/Benchmark/protenix/PepSet/pred/5fml/seed_44/predictions/5fml_sample_1.cif B A -> /home/junjiechen/1_work/250401-Dpepalign/Benchmark/dataset/PepSet_dimer/5fml.pdb L B
Total DockQ over 1 native interfaces: 0.048 with BA:LB model:native mapping
DockQ 0.048 iRMSD 8.941 LRMSD 23.271 fnat 0.000 fnonnat 1.000 F1 0.000 clashes 3 mapping BA:LB /home/junjiechen/1_work/250401-Dpepalign/Benchmark/protenix/PepSet/pred/5fml/seed_44/predictions/5fml_sample_2.cif B A -> /home/junjiechen/1_work/250401-Dpepalign/Benchmark/dataset/PepSet_dimer/5fml.pdb L B
Total DockQ over 1 native interfaces: 0.543 with BA:LA model:native mapping
DockQ 0.543 iRMSD 1.572 LRMSD 5.414 fnat 0.442 fnonnat 0.568 F1 0.437 clashes 1 mapping BA:LA /home/junjiechen/1_work/250401-Dpepalign/Benchmark/protenix/PepSet/pred/5fpx/seed_42/predictions/5fpx_sample_0.cif B A -> /home/junjiechen/1_work/250401-Dpepalign/Benchmark/dataset/PepSet_dimer/5fpx.pdb L A
Total DockQ over 1 native interfaces: 0.047 with BA:LB model:native mapping
DockQ 0.047 iRMSD 9.012 LRMSD 23.641 fnat 0.000 fnonnat 1.000 F1 0.000 clashes 1 mapping BA:LB /home/junjiechen/1_work/250401-Dpepalign/Benchmark/protenix/PepSet/pred/5fml/seed_44/predictions/5fml_sample_3.cif B A -> /home/junjiechen/1_work/250401-Dpepalign/Benchmark/dataset/PepSet_dimer/5fml.pdb L B
Total DockQ over 1 native interfaces: 0.045 with BA:LB model:native mapping
DockQ 0.045 iRMSD 9.380 LRMSD 24.306 fnat 0.000 fnonnat 1.000 F1 0.000 clashes 0 mapping BA:LB /home/junjiechen/1_work/250401-Dpepalign/Benchmark/protenix/PepSet/pred/5fml/seed_44/predictions/5fml_sample_0.cif B A -> /home/junjiechen/1_work/250401-Dpepalign/Benchmark/dataset/PepSet_dimer/5fml.pdb L B
Total DockQ over 1 native interfaces: 0.047 with BA:LB model:native mapping
DockQ 0.047 iRMSD 9.066 LRMSD 23.696 fnat 0.000 fnonnat 1.000 F1 0.000 clashes 1 mapping BA:LB /home/junjiechen/1_work/250401-Dpepalign/Benchmark/protenix/PepSet/pred/5fml/seed_44/predictions/5fml_sample_4.cif B A -> /home/junjiechen/1_work/250401-Dpepalign/Benchmark/dataset/PepSet_dimer/5fml.pdb L B
Total DockQ over 1 native interfaces: 0.619 with BA:LA model:native mapping
DockQ 0.619 iRMSD 1.252 LRMSD 4.203 fnat 0.465 fnonnat 0.333 F1 0.548 clashes 1 mapping BA:LA /home/junjiechen/1_work/250401-Dpepalign/Benchmark/protenix/PepSet/pred/5fpx/seed_42/predictions/5fpx_sample_1.cif B A -> /home/junjiechen/1_work/250401-Dpepalign/Benchmark/dataset/PepSet_dimer/5fpx.pdb L A
Total DockQ over 1 native interfaces: 0.601 with BA:LA model:native mapping
DockQ 0.601 iRMSD 1.480 LRMSD 5.064 fnat 0.558 fnonnat 0.500 F1 0.527 clashes 1 mapping BA:LA /home/junjiechen/1_work/250401-Dpepalign/Benchmark/protenix/PepSet/pred/5fpx/seed_42/predictions/5fpx_sample_2.cif B A -> /home/junjiechen/1_work/250401-Dpepalign/Benchmark/dataset/PepSet_dimer/5fpx.pdb L A
Total DockQ over 1 native interfaces: 0.664 with BA:LA model:native mapping
DockQ 0.664 iRMSD 1.201 LRMSD 3.609 fnat 0.535 fnonnat 0.500 F1 0.517 clashes 1 mapping BA:LA /home/junjiechen/1_work/250401-Dpepalign/Benchmark/protenix/PepSet/pred/5fpx/seed_43/predictions/5fpx_sample_3.cif B A -> /home/junjiechen/1_work/250401-Dpepalign/Benchmark/dataset/PepSet_dimer/5fpx.pdb L A
Total DockQ over 1 native interfaces: 0.578 with BA:LA model:native mapping
DockQ 0.578 iRMSD 1.488 LRMSD 5.032 fnat 0.488 fnonnat 0.562 F1 0.462 clashes 0 mapping BA:LA /home/junjiechen/1_work/250401-Dpepalign/Benchmark/protenix/PepSet/pred/5fpx/seed_43/predictions/5fpx_sample_0.cif B A -> /home/junjiechen/1_work/250401-Dpepalign/Benchmark/dataset/PepSet_dimer/5fpx.pdb L A
Total DockQ over 1 native interfaces: 0.740 with BA:LA model:native mapping
DockQ 0.740 iRMSD 1.063 LRMSD 3.491 fnat 0.698 fnonnat 0.375 F1 0.659 clashes 2 mapping BA:LA /home/junjiechen/1_work/250401-Dpepalign/Benchmark/protenix/PepSet/pred/5fpx/seed_42/predictions/5fpx_sample_3.cif B A -> /home/junjiechen/1_work/250401-Dpepalign/Benchmark/dataset/PepSet_dimer/5fpx.pdb L A
Total DockQ over 1 native interfaces: 0.638 with BA:LA model:native mapping
DockQ 0.638 iRMSD 1.139 LRMSD 3.402 fnat 0.419 fnonnat 0.561 F1 0.429 clashes 1 mapping BA:LA /home/junjiechen/1_work/250401-Dpepalign/Benchmark/protenix/PepSet/pred/5fpx/seed_42/predictions/5fpx_sample_4.cif B A -> /home/junjiechen/1_work/250401-Dpepalign/Benchmark/dataset/PepSet_dimer/5fpx.pdb L A
Total DockQ over 1 native interfaces: 0.230 with BA:LA model:native mapping
DockQ 0.230 iRMSD 3.200 LRMSD 10.575 fnat 0.116 fnonnat 0.857 F1 0.128 clashes 0 mapping BA:LA /home/junjiechen/1_work/250401-Dpepalign/Benchmark/protenix/PepSet/pred/5fpx/seed_43/predictions/5fpx_sample_2.cif B A -> /home/junjiechen/1_work/250401-Dpepalign/Benchmark/dataset/PepSet_dimer/5fpx.pdb L A
Total DockQ over 1 native interfaces: 0.693 with BA:LA model:native mapping
DockQ 0.693 iRMSD 1.121 LRMSD 3.488 fnat 0.581 fnonnat 0.479 F1 0.549 clashes 1 mapping BA:LA /home/junjiechen/1_work/250401-Dpepalign/Benchmark/protenix/PepSet/pred/5fpx/seed_43/predictions/5fpx_sample_4.cif B A -> /home/junjiechen/1_work/250401-Dpepalign/Benchmark/dataset/PepSet_dimer/5fpx.pdb L A
Total DockQ over 1 native interfaces: 0.617 with BA:LA model:native mapping
DockQ 0.617 iRMSD 1.257 LRMSD 3.944 fnat 0.442 fnonnat 0.548 F1 0.447 clashes 1 mapping BA:LA /home/junjiechen/1_work/250401-Dpepalign/Benchmark/protenix/PepSet/pred/5fpx/seed_43/predictions/5fpx_sample_1.cif B A -> /home/junjiechen/1_work/250401-Dpepalign/Benchmark/dataset/PepSet_dimer/5fpx.pdb L A
Total DockQ over 1 native interfaces: 0.488 with BA:LA model:native mapping
DockQ 0.488 iRMSD 1.717 LRMSD 5.807 fnat 0.349 fnonnat 0.615 F1 0.366 clashes 1 mapping BA:LA /home/junjiechen/1_work/250401-Dpepalign/Benchmark/protenix/PepSet/pred/5fpx/seed_44/predictions/5fpx_sample_0.cif B A -> /home/junjiechen/1_work/250401-Dpepalign/Benchmark/dataset/PepSet_dimer/5fpx.pdb L A
Total DockQ over 1 native interfaces: 0.539 with BA:LA model:native mapping
DockQ 0.539 iRMSD 1.615 LRMSD 5.419 fnat 0.442 fnonnat 0.620 F1 0.409 clashes 1 mapping BA:LA /home/junjiechen/1_work/250401-Dpepalign/Benchmark/protenix/PepSet/pred/5fpx/seed_44/predictions/5fpx_sample_1.cif B A -> /home/junjiechen/1_work/250401-Dpepalign/Benchmark/dataset/PepSet_dimer/5fpx.pdb L A
Total DockQ over 1 native interfaces: 0.556 with BA:LA model:native mapping
DockQ 0.556 iRMSD 1.592 LRMSD 5.435 fnat 0.488 fnonnat 0.500 F1 0.494 clashes 0 mapping BA:LA /home/junjiechen/1_work/250401-Dpepalign/Benchmark/protenix/PepSet/pred/5fpx/seed_44/predictions/5fpx_sample_3.cif B A -> /home/junjiechen/1_work/250401-Dpepalign/Benchmark/dataset/PepSet_dimer/5fpx.pdb L A
Total DockQ over 1 native interfaces: 0.556 with BA:LA model:native mapping
DockQ 0.556 iRMSD 1.498 LRMSD 4.909 fnat 0.419 fnonnat 0.550 F1 0.434 clashes 2 mapping BA:LA /home/junjiechen/1_work/250401-Dpepalign/Benchmark/protenix/PepSet/pred/5fpx/seed_44/predictions/5fpx_sample_2.cif B A -> /home/junjiechen/1_work/250401-Dpepalign/Benchmark/dataset/PepSet_dimer/5fpx.pdb L A
Total DockQ over 1 native interfaces: 0.656 with BA:LA model:native mapping
DockQ 0.656 iRMSD 1.203 LRMSD 3.595 fnat 0.512 fnonnat 0.476 F1 0.518 clashes 1 mapping BA:LA /home/junjiechen/1_work/250401-Dpepalign/Benchmark/protenix/PepSet/pred/5fpx/seed_44/predictions/5fpx_sample_4.cif B A -> /home/junjiechen/1_work/250401-Dpepalign/Benchmark/dataset/PepSet_dimer/5fpx.pdb L A
Total DockQ over 1 native interfaces: 0.031 with BA:LB model:native mapping
DockQ 0.031 iRMSD 11.764 LRMSD 29.355 fnat 0.000 fnonnat 1.000 F1 0.000 clashes 0 mapping BA:LB /home/junjiechen/1_work/250401-Dpepalign/Benchmark/protenix/PepSet/pred/5fv6/seed_42/predictions/5fv6_sample_0.cif B A -> /home/junjiechen/1_work/250401-Dpepalign/Benchmark/dataset/PepSet_dimer/5fv6.pdb L B
Total DockQ over 1 native interfaces: 0.028 with BA:LB model:native mapping
DockQ 0.028 iRMSD 12.034 LRMSD 31.371 fnat 0.000 fnonnat 1.000 F1 0.000 clashes 0 mapping BA:LB /home/junjiechen/1_work/250401-Dpepalign/Benchmark/protenix/PepSet/pred/5fv6/seed_42/predictions/5fv6_sample_2.cif B A -> /home/junjiechen/1_work/250401-Dpepalign/Benchmark/dataset/PepSet_dimer/5fv6.pdb L B
Total DockQ over 1 native interfaces: 0.018 with BA:LB model:native mapping
DockQ 0.018 iRMSD 14.155 LRMSD 39.495 fnat 0.000 fnonnat 1.000 F1 0.000 clashes 0 mapping BA:LB /home/junjiechen/1_work/250401-Dpepalign/Benchmark/protenix/PepSet/pred/5fv6/seed_42/predictions/5fv6_sample_4.cif B A -> /home/junjiechen/1_work/250401-Dpepalign/Benchmark/dataset/PepSet_dimer/5fv6.pdb L B
Total DockQ over 1 native interfaces: 0.030 with BA:LB model:native mapping
DockQ 0.030 iRMSD 11.136 LRMSD 30.619 fnat 0.000 fnonnat 1.000 F1 0.000 clashes 0 mapping BA:LB /home/junjiechen/1_work/250401-Dpepalign/Benchmark/protenix/PepSet/pred/5fv6/seed_43/predictions/5fv6_sample_0.cif B A -> /home/junjiechen/1_work/250401-Dpepalign/Benchmark/dataset/PepSet_dimer/5fv6.pdb L B
Total DockQ over 1 native interfaces: 0.029 with BA:LB model:native mapping
DockQ 0.029 iRMSD 11.911 LRMSD 30.567 fnat 0.000 fnonnat 1.000 F1 0.000 clashes 1 mapping BA:LB /home/junjiechen/1_work/250401-Dpepalign/Benchmark/protenix/PepSet/pred/5fv6/seed_42/predictions/5fv6_sample_1.cif B A -> /home/junjiechen/1_work/250401-Dpepalign/Benchmark/dataset/PepSet_dimer/5fv6.pdb L B
Total DockQ over 1 native interfaces: 0.028 with BA:LB model:native mapping
DockQ 0.028 iRMSD 12.032 LRMSD 31.450 fnat 0.000 fnonnat 1.000 F1 0.000 clashes 0 mapping BA:LB /home/junjiechen/1_work/250401-Dpepalign/Benchmark/protenix/PepSet/pred/5fv6/seed_42/predictions/5fv6_sample_3.cif B A -> /home/junjiechen/1_work/250401-Dpepalign/Benchmark/dataset/PepSet_dimer/5fv6.pdb L B
Total DockQ over 1 native interfaces: 0.030 with BA:LB model:native mapping
DockQ 0.030 iRMSD 11.237 LRMSD 30.538 fnat 0.000 fnonnat 1.000 F1 0.000 clashes 0 mapping BA:LB /home/junjiechen/1_work/250401-Dpepalign/Benchmark/protenix/PepSet/pred/5fv6/seed_43/predictions/5fv6_sample_1.cif B A -> /home/junjiechen/1_work/250401-Dpepalign/Benchmark/dataset/PepSet_dimer/5fv6.pdb L B
Total DockQ over 1 native interfaces: 0.030 with BA:LB model:native mapping
DockQ 0.030 iRMSD 11.221 LRMSD 30.242 fnat 0.000 fnonnat 1.000 F1 0.000 clashes 0 mapping BA:LB /home/junjiechen/1_work/250401-Dpepalign/Benchmark/protenix/PepSet/pred/5fv6/seed_43/predictions/5fv6_sample_2.cif B A -> /home/junjiechen/1_work/250401-Dpepalign/Benchmark/dataset/PepSet_dimer/5fv6.pdb L B
Total DockQ over 1 native interfaces: 0.030 with BA:LB model:native mapping
DockQ 0.030 iRMSD 11.165 LRMSD 30.699 fnat 0.000 fnonnat 1.000 F1 0.000 clashes 0 mapping BA:LB /home/junjiechen/1_work/250401-Dpepalign/Benchmark/protenix/PepSet/pred/5fv6/seed_43/predictions/5fv6_sample_3.cif B A -> /home/junjiechen/1_work/250401-Dpepalign/Benchmark/dataset/PepSet_dimer/5fv6.pdb L B
Total DockQ over 1 native interfaces: 0.031 with BA:LB model:native mapping
DockQ 0.031 iRMSD 11.755 LRMSD 29.586 fnat 0.000 fnonnat 1.000 F1 0.000 clashes 0 mapping BA:LB /home/junjiechen/1_work/250401-Dpepalign/Benchmark/protenix/PepSet/pred/5fv6/seed_44/predictions/5fv6_sample_0.cif B A -> /home/junjiechen/1_work/250401-Dpepalign/Benchmark/dataset/PepSet_dimer/5fv6.pdb L B
Total DockQ over 1 native interfaces: 0.029 with BA:LB model:native mapping
DockQ 0.029 iRMSD 11.669 LRMSD 31.149 fnat 0.000 fnonnat 1.000 F1 0.000 clashes 0 mapping BA:LB /home/junjiechen/1_work/250401-Dpepalign/Benchmark/protenix/PepSet/pred/5fv6/seed_43/predictions/5fv6_sample_4.cif B A -> /home/junjiechen/1_work/250401-Dpepalign/Benchmark/dataset/PepSet_dimer/5fv6.pdb L B
Total DockQ over 1 native interfaces: 0.030 with BA:LB model:native mapping
DockQ 0.030 iRMSD 12.009 LRMSD 30.168 fnat 0.000 fnonnat 1.000 F1 0.000 clashes 0 mapping BA:LB /home/junjiechen/1_work/250401-Dpepalign/Benchmark/protenix/PepSet/pred/5fv6/seed_44/predictions/5fv6_sample_3.cif B A -> /home/junjiechen/1_work/250401-Dpepalign/Benchmark/dataset/PepSet_dimer/5fv6.pdb L B
Total DockQ over 1 native interfaces: 0.030 with BA:LB model:native mapping
DockQ 0.030 iRMSD 11.986 LRMSD 30.146 fnat 0.000 fnonnat 1.000 F1 0.000 clashes 0 mapping BA:LB /home/junjiechen/1_work/250401-Dpepalign/Benchmark/protenix/PepSet/pred/5fv6/seed_44/predictions/5fv6_sample_1.cif B A -> /home/junjiechen/1_work/250401-Dpepalign/Benchmark/dataset/PepSet_dimer/5fv6.pdb L B
Total DockQ over 1 native interfaces: 0.030 with BA:LB model:native mapping
DockQ 0.030 iRMSD 11.988 LRMSD 30.020 fnat 0.000 fnonnat 1.000 F1 0.000 clashes 0 mapping BA:LB /home/junjiechen/1_work/250401-Dpepalign/Benchmark/protenix/PepSet/pred/5fv6/seed_44/predictions/5fv6_sample_2.cif B A -> /home/junjiechen/1_work/250401-Dpepalign/Benchmark/dataset/PepSet_dimer/5fv6.pdb L B
Total DockQ over 1 native interfaces: 0.028 with BA:LA model:native mapping
DockQ 0.028 iRMSD 11.312 LRMSD 31.566 fnat 0.000 fnonnat 1.000 F1 0.000 clashes 0 mapping BA:LA /home/junjiechen/1_work/250401-Dpepalign/Benchmark/protenix/PepSet/pred/5ggp/seed_42/predictions/5ggp_sample_1.cif B A -> /home/junjiechen/1_work/250401-Dpepalign/Benchmark/dataset/PepSet_dimer/5ggp.pdb L A
Total DockQ over 1 native interfaces: 0.028 with BA:LB model:native mapping
DockQ 0.028 iRMSD 12.005 LRMSD 31.069 fnat 0.000 fnonnat 1.000 F1 0.000 clashes 0 mapping BA:LB /home/junjiechen/1_work/250401-Dpepalign/Benchmark/protenix/PepSet/pred/5fv6/seed_44/predictions/5fv6_sample_4.cif B A -> /home/junjiechen/1_work/250401-Dpepalign/Benchmark/dataset/PepSet_dimer/5fv6.pdb L B
Total DockQ over 1 native interfaces: 0.025 with BA:LA model:native mapping
DockQ 0.025 iRMSD 11.868 LRMSD 34.039 fnat 0.000 fnonnat 1.000 F1 0.000 clashes 0 mapping BA:LA /home/junjiechen/1_work/250401-Dpepalign/Benchmark/protenix/PepSet/pred/5ggp/seed_42/predictions/5ggp_sample_0.cif B A -> /home/junjiechen/1_work/250401-Dpepalign/Benchmark/dataset/PepSet_dimer/5ggp.pdb L A
Total DockQ over 1 native interfaces: 0.026 with BA:LA model:native mapping
DockQ 0.026 iRMSD 11.377 LRMSD 32.999 fnat 0.000 fnonnat 1.000 F1 0.000 clashes 0 mapping BA:LA /home/junjiechen/1_work/250401-Dpepalign/Benchmark/protenix/PepSet/pred/5ggp/seed_42/predictions/5ggp_sample_2.cif B A -> /home/junjiechen/1_work/250401-Dpepalign/Benchmark/dataset/PepSet_dimer/5ggp.pdb L A
Total DockQ over 1 native interfaces: 0.026 with BA:LA model:native mapping
DockQ 0.026 iRMSD 11.522 LRMSD 33.259 fnat 0.000 fnonnat 1.000 F1 0.000 clashes 0 mapping BA:LA /home/junjiechen/1_work/250401-Dpepalign/Benchmark/protenix/PepSet/pred/5ggp/seed_42/predictions/5ggp_sample_4.cif B A -> /home/junjiechen/1_work/250401-Dpepalign/Benchmark/dataset/PepSet_dimer/5ggp.pdb L A
Total DockQ over 1 native interfaces: 0.025 with BA:LA model:native mapping
DockQ 0.025 iRMSD 11.583 LRMSD 33.958 fnat 0.000 fnonnat 1.000 F1 0.000 clashes 1 mapping BA:LA /home/junjiechen/1_work/250401-Dpepalign/Benchmark/protenix/PepSet/pred/5ggp/seed_42/predictions/5ggp_sample_3.cif B A -> /home/junjiechen/1_work/250401-Dpepalign/Benchmark/dataset/PepSet_dimer/5ggp.pdb L A
Total DockQ over 1 native interfaces: 0.025 with BA:LA model:native mapping
DockQ 0.025 iRMSD 11.839 LRMSD 33.957 fnat 0.000 fnonnat 1.000 F1 0.000 clashes 0 mapping BA:LA /home/junjiechen/1_work/250401-Dpepalign/Benchmark/protenix/PepSet/pred/5ggp/seed_43/predictions/5ggp_sample_0.cif B A -> /home/junjiechen/1_work/250401-Dpepalign/Benchmark/dataset/PepSet_dimer/5ggp.pdb L A
Total DockQ over 1 native interfaces: 0.027 with BA:LA model:native mapping
DockQ 0.027 iRMSD 11.573 LRMSD 32.407 fnat 0.000 fnonnat 1.000 F1 0.000 clashes 0 mapping BA:LA /home/junjiechen/1_work/250401-Dpepalign/Benchmark/protenix/PepSet/pred/5ggp/seed_43/predictions/5ggp_sample_1.cif B A -> /home/junjiechen/1_work/250401-Dpepalign/Benchmark/dataset/PepSet_dimer/5ggp.pdb L A
Total DockQ over 1 native interfaces: 0.025 with BA:LA model:native mapping
DockQ 0.025 iRMSD 11.857 LRMSD 33.962 fnat 0.000 fnonnat 1.000 F1 0.000 clashes 0 mapping BA:LA /home/junjiechen/1_work/250401-Dpepalign/Benchmark/protenix/PepSet/pred/5ggp/seed_43/predictions/5ggp_sample_2.cif B A -> /home/junjiechen/1_work/250401-Dpepalign/Benchmark/dataset/PepSet_dimer/5ggp.pdb L A
Total DockQ over 1 native interfaces: 0.024 with BA:LA model:native mapping
DockQ 0.024 iRMSD 12.039 LRMSD 34.797 fnat 0.000 fnonnat 1.000 F1 0.000 clashes 0 mapping BA:LA /home/junjiechen/1_work/250401-Dpepalign/Benchmark/protenix/PepSet/pred/5ggp/seed_43/predictions/5ggp_sample_3.cif B A -> /home/junjiechen/1_work/250401-Dpepalign/Benchmark/dataset/PepSet_dimer/5ggp.pdb L A
Total DockQ over 1 native interfaces: 0.025 with BA:LA model:native mapping
DockQ 0.025 iRMSD 11.962 LRMSD 34.186 fnat 0.000 fnonnat 1.000 F1 0.000 clashes 0 mapping BA:LA /home/junjiechen/1_work/250401-Dpepalign/Benchmark/protenix/PepSet/pred/5ggp/seed_44/predictions/5ggp_sample_1.cif B A -> /home/junjiechen/1_work/250401-Dpepalign/Benchmark/dataset/PepSet_dimer/5ggp.pdb L A
Total DockQ over 1 native interfaces: 0.027 with BA:LA model:native mapping
DockQ 0.027 iRMSD 11.452 LRMSD 32.641 fnat 0.000 fnonnat 1.000 F1 0.000 clashes 0 mapping BA:LA /home/junjiechen/1_work/250401-Dpepalign/Benchmark/protenix/PepSet/pred/5ggp/seed_43/predictions/5ggp_sample_4.cif B A -> /home/junjiechen/1_work/250401-Dpepalign/Benchmark/dataset/PepSet_dimer/5ggp.pdb L A
Total DockQ over 1 native interfaces: 0.025 with BA:LA model:native mapping
DockQ 0.025 iRMSD 11.960 LRMSD 34.041 fnat 0.000 fnonnat 1.000 F1 0.000 clashes 0 mapping BA:LA /home/junjiechen/1_work/250401-Dpepalign/Benchmark/protenix/PepSet/pred/5ggp/seed_44/predictions/5ggp_sample_0.cif B A -> /home/junjiechen/1_work/250401-Dpepalign/Benchmark/dataset/PepSet_dimer/5ggp.pdb L A
Total DockQ over 1 native interfaces: 0.026 with BA:LA model:native mapping
DockQ 0.026 iRMSD 11.714 LRMSD 32.861 fnat 0.000 fnonnat 1.000 F1 0.000 clashes 0 mapping BA:LA /home/junjiechen/1_work/250401-Dpepalign/Benchmark/protenix/PepSet/pred/5ggp/seed_44/predictions/5ggp_sample_2.cif B A -> /home/junjiechen/1_work/250401-Dpepalign/Benchmark/dataset/PepSet_dimer/5ggp.pdb L A
Total DockQ over 1 native interfaces: 0.028 with BA:LA model:native mapping
DockQ 0.028 iRMSD 11.453 LRMSD 31.996 fnat 0.000 fnonnat 1.000 F1 0.000 clashes 0 mapping BA:LA /home/junjiechen/1_work/250401-Dpepalign/Benchmark/protenix/PepSet/pred/5ggp/seed_44/predictions/5ggp_sample_3.cif B A -> /home/junjiechen/1_work/250401-Dpepalign/Benchmark/dataset/PepSet_dimer/5ggp.pdb L A
Total DockQ over 1 native interfaces: 0.027 with BA:LA model:native mapping
DockQ 0.027 iRMSD 11.364 LRMSD 32.947 fnat 0.000 fnonnat 1.000 F1 0.000 clashes 0 mapping BA:LA /home/junjiechen/1_work/250401-Dpepalign/Benchmark/protenix/PepSet/pred/5ggp/seed_44/predictions/5ggp_sample_4.cif B A -> /home/junjiechen/1_work/250401-Dpepalign/Benchmark/dataset/PepSet_dimer/5ggp.pdb L A
Total DockQ over 1 native interfaces: 0.785 with BA:LA model:native mapping
DockQ 0.785 iRMSD 0.945 LRMSD 2.848 fnat 0.741 fnonnat 0.130 F1 0.800 clashes 0 mapping BA:LA /home/junjiechen/1_work/250401-Dpepalign/Benchmark/protenix/PepSet/pred/5gu4/seed_42/predictions/5gu4_sample_1.cif B A -> /home/junjiechen/1_work/250401-Dpepalign/Benchmark/dataset/PepSet_dimer/5gu4.pdb L A
Total DockQ over 1 native interfaces: 0.783 with BA:LA model:native mapping
DockQ 0.783 iRMSD 1.012 LRMSD 3.068 fnat 0.778 fnonnat 0.087 F1 0.840 clashes 0 mapping BA:LA /home/junjiechen/1_work/250401-Dpepalign/Benchmark/protenix/PepSet/pred/5gu4/seed_42/predictions/5gu4_sample_0.cif B A -> /home/junjiechen/1_work/250401-Dpepalign/Benchmark/dataset/PepSet_dimer/5gu4.pdb L A
Total DockQ over 1 native interfaces: 0.044 with BA:LA model:native mapping
DockQ 0.044 iRMSD 8.091 LRMSD 25.862 fnat 0.000 fnonnat 1.000 F1 0.000 clashes 1 mapping BA:LA /home/junjiechen/1_work/250401-Dpepalign/Benchmark/protenix/PepSet/pred/5gu4/seed_42/predictions/5gu4_sample_4.cif B A -> /home/junjiechen/1_work/250401-Dpepalign/Benchmark/dataset/PepSet_dimer/5gu4.pdb L A
Total DockQ over 1 native interfaces: 0.792 with BA:LA model:native mapping
DockQ 0.792 iRMSD 0.916 LRMSD 2.714 fnat 0.741 fnonnat 0.130 F1 0.800 clashes 0 mapping BA:LA /home/junjiechen/1_work/250401-Dpepalign/Benchmark/protenix/PepSet/pred/5gu4/seed_42/predictions/5gu4_sample_2.cif B A -> /home/junjiechen/1_work/250401-Dpepalign/Benchmark/dataset/PepSet_dimer/5gu4.pdb L A
Total DockQ over 1 native interfaces: 0.806 with BA:LA model:native mapping
DockQ 0.806 iRMSD 0.721 LRMSD 2.151 fnat 0.667 fnonnat 0.000 F1 0.800 clashes 0 mapping BA:LA /home/junjiechen/1_work/250401-Dpepalign/Benchmark/protenix/PepSet/pred/5gu4/seed_42/predictions/5gu4_sample_3.cif B A -> /home/junjiechen/1_work/250401-Dpepalign/Benchmark/dataset/PepSet_dimer/5gu4.pdb L A
Total DockQ over 1 native interfaces: 0.774 with BA:LA model:native mapping
DockQ 0.774 iRMSD 0.941 LRMSD 2.818 fnat 0.704 fnonnat 0.136 F1 0.776 clashes 0 mapping BA:LA /home/junjiechen/1_work/250401-Dpepalign/Benchmark/protenix/PepSet/pred/5gu4/seed_43/predictions/5gu4_sample_0.cif B A -> /home/junjiechen/1_work/250401-Dpepalign/Benchmark/dataset/PepSet_dimer/5gu4.pdb L A
Total DockQ over 1 native interfaces: 0.774 with BA:LA model:native mapping
DockQ 0.774 iRMSD 0.940 LRMSD 2.810 fnat 0.704 fnonnat 0.095 F1 0.792 clashes 0 mapping BA:LA /home/junjiechen/1_work/250401-Dpepalign/Benchmark/protenix/PepSet/pred/5gu4/seed_43/predictions/5gu4_sample_1.cif B A -> /home/junjiechen/1_work/250401-Dpepalign/Benchmark/dataset/PepSet_dimer/5gu4.pdb L A
Total DockQ over 1 native interfaces: 0.800 with BA:LA model:native mapping
DockQ 0.800 iRMSD 0.872 LRMSD 2.656 fnat 0.741 fnonnat 0.048 F1 0.833 clashes 0 mapping BA:LA /home/junjiechen/1_work/250401-Dpepalign/Benchmark/protenix/PepSet/pred/5gu4/seed_43/predictions/5gu4_sample_3.cif B A -> /home/junjiechen/1_work/250401-Dpepalign/Benchmark/dataset/PepSet_dimer/5gu4.pdb L A
Total DockQ over 1 native interfaces: 0.791 with BA:LA model:native mapping
DockQ 0.791 iRMSD 0.922 LRMSD 2.745 fnat 0.741 fnonnat 0.130 F1 0.800 clashes 0 mapping BA:LA /home/junjiechen/1_work/250401-Dpepalign/Benchmark/protenix/PepSet/pred/5gu4/seed_43/predictions/5gu4_sample_2.cif B A -> /home/junjiechen/1_work/250401-Dpepalign/Benchmark/dataset/PepSet_dimer/5gu4.pdb L A
Total DockQ over 1 native interfaces: 0.780 with BA:LA model:native mapping
DockQ 0.780 iRMSD 0.969 LRMSD 2.950 fnat 0.741 fnonnat 0.130 F1 0.800 clashes 0 mapping BA:LA /home/junjiechen/1_work/250401-Dpepalign/Benchmark/protenix/PepSet/pred/5gu4/seed_44/predictions/5gu4_sample_1.cif B A -> /home/junjiechen/1_work/250401-Dpepalign/Benchmark/dataset/PepSet_dimer/5gu4.pdb L A
Total DockQ over 1 native interfaces: 0.784 with BA:LA model:native mapping
DockQ 0.784 iRMSD 0.945 LRMSD 2.888 fnat 0.741 fnonnat 0.130 F1 0.800 clashes 0 mapping BA:LA /home/junjiechen/1_work/250401-Dpepalign/Benchmark/protenix/PepSet/pred/5gu4/seed_44/predictions/5gu4_sample_3.cif B A -> /home/junjiechen/1_work/250401-Dpepalign/Benchmark/dataset/PepSet_dimer/5gu4.pdb L A
Total DockQ over 1 native interfaces: 0.795 with BA:LA model:native mapping
DockQ 0.795 iRMSD 0.900 LRMSD 2.702 fnat 0.741 fnonnat 0.130 F1 0.800 clashes 0 mapping BA:LA /home/junjiechen/1_work/250401-Dpepalign/Benchmark/protenix/PepSet/pred/5gu4/seed_44/predictions/5gu4_sample_2.cif B A -> /home/junjiechen/1_work/250401-Dpepalign/Benchmark/dataset/PepSet_dimer/5gu4.pdb L A
Total DockQ over 1 native interfaces: 0.798 with BA:LA model:native mapping
DockQ 0.798 iRMSD 0.884 LRMSD 2.660 fnat 0.741 fnonnat 0.091 F1 0.816 clashes 0 mapping BA:LA /home/junjiechen/1_work/250401-Dpepalign/Benchmark/protenix/PepSet/pred/5gu4/seed_43/predictions/5gu4_sample_4.cif B A -> /home/junjiechen/1_work/250401-Dpepalign/Benchmark/dataset/PepSet_dimer/5gu4.pdb L A
Total DockQ over 1 native interfaces: 0.761 with BA:LA model:native mapping
DockQ 0.761 iRMSD 0.995 LRMSD 3.048 fnat 0.704 fnonnat 0.174 F1 0.760 clashes 0 mapping BA:LA /home/junjiechen/1_work/250401-Dpepalign/Benchmark/protenix/PepSet/pred/5gu4/seed_44/predictions/5gu4_sample_0.cif B A -> /home/junjiechen/1_work/250401-Dpepalign/Benchmark/dataset/PepSet_dimer/5gu4.pdb L A
Total DockQ over 1 native interfaces: 0.770 with BA:LA model:native mapping
DockQ 0.770 iRMSD 1.016 LRMSD 3.094 fnat 0.741 fnonnat 0.091 F1 0.816 clashes 0 mapping BA:LA /home/junjiechen/1_work/250401-Dpepalign/Benchmark/protenix/PepSet/pred/5gu4/seed_44/predictions/5gu4_sample_4.cif B A -> /home/junjiechen/1_work/250401-Dpepalign/Benchmark/dataset/PepSet_dimer/5gu4.pdb L A
Total DockQ over 1 native interfaces: 0.917 with BA:LC model:native mapping
DockQ 0.917 iRMSD 0.682 LRMSD 1.249 fnat 0.944 fnonnat 0.121 F1 0.911 clashes 0 mapping BA:LC /home/junjiechen/1_work/250401-Dpepalign/Benchmark/protenix/PepSet/pred/5huw/seed_42/predictions/5huw_sample_0.cif B A -> /home/junjiechen/1_work/250401-Dpepalign/Benchmark/dataset/PepSet_dimer/5huw.pdb L C
Total DockQ over 1 native interfaces: 0.917 with BA:LC model:native mapping
DockQ 0.917 iRMSD 0.641 LRMSD 1.197 fnat 0.926 fnonnat 0.138 F1 0.893 clashes 0 mapping BA:LC /home/junjiechen/1_work/250401-Dpepalign/Benchmark/protenix/PepSet/pred/5huw/seed_42/predictions/5huw_sample_3.cif B A -> /home/junjiechen/1_work/250401-Dpepalign/Benchmark/dataset/PepSet_dimer/5huw.pdb L C
Total DockQ over 1 native interfaces: 0.913 with BA:LC model:native mapping
DockQ 0.913 iRMSD 0.669 LRMSD 1.216 fnat 0.926 fnonnat 0.123 F1 0.901 clashes 0 mapping BA:LC /home/junjiechen/1_work/250401-Dpepalign/Benchmark/protenix/PepSet/pred/5huw/seed_42/predictions/5huw_sample_2.cif B A -> /home/junjiechen/1_work/250401-Dpepalign/Benchmark/dataset/PepSet_dimer/5huw.pdb L C
Total DockQ over 1 native interfaces: 0.921 with BA:LC model:native mapping
DockQ 0.921 iRMSD 0.652 LRMSD 1.292 fnat 0.944 fnonnat 0.136 F1 0.903 clashes 0 mapping BA:LC /home/junjiechen/1_work/250401-Dpepalign/Benchmark/protenix/PepSet/pred/5huw/seed_42/predictions/5huw_sample_1.cif B A -> /home/junjiechen/1_work/250401-Dpepalign/Benchmark/dataset/PepSet_dimer/5huw.pdb L C
Total DockQ over 1 native interfaces: 0.908 with BA:LC model:native mapping
DockQ 0.908 iRMSD 0.683 LRMSD 1.489 fnat 0.926 fnonnat 0.123 F1 0.901 clashes 1 mapping BA:LC /home/junjiechen/1_work/250401-Dpepalign/Benchmark/protenix/PepSet/pred/5huw/seed_43/predictions/5huw_sample_0.cif B A -> /home/junjiechen/1_work/250401-Dpepalign/Benchmark/dataset/PepSet_dimer/5huw.pdb L C
Total DockQ over 1 native interfaces: 0.923 with BA:LC model:native mapping
DockQ 0.923 iRMSD 0.643 LRMSD 1.184 fnat 0.944 fnonnat 0.089 F1 0.927 clashes 0 mapping BA:LC /home/junjiechen/1_work/250401-Dpepalign/Benchmark/protenix/PepSet/pred/5huw/seed_42/predictions/5huw_sample_4.cif B A -> /home/junjiechen/1_work/250401-Dpepalign/Benchmark/dataset/PepSet_dimer/5huw.pdb L C
Total DockQ over 1 native interfaces: 0.918 with BA:LC model:native mapping
DockQ 0.918 iRMSD 0.661 LRMSD 1.408 fnat 0.944 fnonnat 0.121 F1 0.911 clashes 0 mapping BA:LC /home/junjiechen/1_work/250401-Dpepalign/Benchmark/protenix/PepSet/pred/5huw/seed_43/predictions/5huw_sample_1.cif B A -> /home/junjiechen/1_work/250401-Dpepalign/Benchmark/dataset/PepSet_dimer/5huw.pdb L C
Total DockQ over 1 native interfaces: 0.912 with BA:LC model:native mapping
DockQ 0.912 iRMSD 0.675 LRMSD 1.279 fnat 0.926 fnonnat 0.138 F1 0.893 clashes 0 mapping BA:LC /home/junjiechen/1_work/250401-Dpepalign/Benchmark/protenix/PepSet/pred/5huw/seed_43/predictions/5huw_sample_2.cif B A -> /home/junjiechen/1_work/250401-Dpepalign/Benchmark/dataset/PepSet_dimer/5huw.pdb L C
Total DockQ over 1 native interfaces: 0.909 with BA:LC model:native mapping
DockQ 0.909 iRMSD 0.690 LRMSD 1.375 fnat 0.926 fnonnat 0.107 F1 0.909 clashes 0 mapping BA:LC /home/junjiechen/1_work/250401-Dpepalign/Benchmark/protenix/PepSet/pred/5huw/seed_43/predictions/5huw_sample_3.cif B A -> /home/junjiechen/1_work/250401-Dpepalign/Benchmark/dataset/PepSet_dimer/5huw.pdb L C
Total DockQ over 1 native interfaces: 0.900 with BA:LC model:native mapping
DockQ 0.900 iRMSD 0.692 LRMSD 1.509 fnat 0.907 fnonnat 0.109 F1 0.899 clashes 0 mapping BA:LC /home/junjiechen/1_work/250401-Dpepalign/Benchmark/protenix/PepSet/pred/5huw/seed_44/predictions/5huw_sample_0.cif B A -> /home/junjiechen/1_work/250401-Dpepalign/Benchmark/dataset/PepSet_dimer/5huw.pdb L C
Total DockQ over 1 native interfaces: 0.925 with BA:LC model:native mapping
DockQ 0.925 iRMSD 0.633 LRMSD 1.141 fnat 0.944 fnonnat 0.121 F1 0.911 clashes 0 mapping BA:LC /home/junjiechen/1_work/250401-Dpepalign/Benchmark/protenix/PepSet/pred/5huw/seed_43/predictions/5huw_sample_4.cif B A -> /home/junjiechen/1_work/250401-Dpepalign/Benchmark/dataset/PepSet_dimer/5huw.pdb L C
Total DockQ over 1 native interfaces: 0.916 with BA:LC model:native mapping
DockQ 0.916 iRMSD 0.644 LRMSD 1.281 fnat 0.926 fnonnat 0.138 F1 0.893 clashes 0 mapping BA:LC /home/junjiechen/1_work/250401-Dpepalign/Benchmark/protenix/PepSet/pred/5huw/seed_44/predictions/5huw_sample_1.cif B A -> /home/junjiechen/1_work/250401-Dpepalign/Benchmark/dataset/PepSet_dimer/5huw.pdb L C
Total DockQ over 1 native interfaces: 0.902 with BA:LC model:native mapping
DockQ 0.902 iRMSD 0.687 LRMSD 1.428 fnat 0.907 fnonnat 0.109 F1 0.899 clashes 0 mapping BA:LC /home/junjiechen/1_work/250401-Dpepalign/Benchmark/protenix/PepSet/pred/5huw/seed_44/predictions/5huw_sample_4.cif B A -> /home/junjiechen/1_work/250401-Dpepalign/Benchmark/dataset/PepSet_dimer/5huw.pdb L C
Total DockQ over 1 native interfaces: 0.915 with BA:LC model:native mapping
DockQ 0.915 iRMSD 0.653 LRMSD 1.252 fnat 0.926 fnonnat 0.107 F1 0.909 clashes 0 mapping BA:LC /home/junjiechen/1_work/250401-Dpepalign/Benchmark/protenix/PepSet/pred/5huw/seed_44/predictions/5huw_sample_3.cif B A -> /home/junjiechen/1_work/250401-Dpepalign/Benchmark/dataset/PepSet_dimer/5huw.pdb L C
Total DockQ over 1 native interfaces: 0.931 with BA:LA model:native mapping
DockQ 0.931 iRMSD 0.590 LRMSD 0.998 fnat 0.941 fnonnat 0.030 F1 0.955 clashes 0 mapping BA:LA /home/junjiechen/1_work/250401-Dpepalign/Benchmark/protenix/PepSet/pred/5i7z/seed_42/predictions/5i7z_sample_0.cif B A -> /home/junjiechen/1_work/250401-Dpepalign/Benchmark/dataset/PepSet_dimer/5i7z.pdb L A
Total DockQ over 1 native interfaces: 0.944 with BA:LA model:native mapping
DockQ 0.944 iRMSD 0.587 LRMSD 0.577 fnat 0.971 fnonnat 0.029 F1 0.971 clashes 1 mapping BA:LA /home/junjiechen/1_work/250401-Dpepalign/Benchmark/protenix/PepSet/pred/5i7z/seed_42/predictions/5i7z_sample_1.cif B A -> /home/junjiechen/1_work/250401-Dpepalign/Benchmark/dataset/PepSet_dimer/5i7z.pdb L A
Total DockQ over 1 native interfaces: 0.960 with BA:LA model:native mapping
DockQ 0.960 iRMSD 0.367 LRMSD 0.509 fnat 0.941 fnonnat 0.030 F1 0.955 clashes 0 mapping BA:LA /home/junjiechen/1_work/250401-Dpepalign/Benchmark/protenix/PepSet/pred/5i7z/seed_42/predictions/5i7z_sample_3.cif B A -> /home/junjiechen/1_work/250401-Dpepalign/Benchmark/dataset/PepSet_dimer/5i7z.pdb L A
Total DockQ over 1 native interfaces: 0.956 with BA:LA model:native mapping
DockQ 0.956 iRMSD 0.501 LRMSD 0.518 fnat 0.971 fnonnat 0.029 F1 0.971 clashes 0 mapping BA:LA /home/junjiechen/1_work/250401-Dpepalign/Benchmark/protenix/PepSet/pred/5i7z/seed_43/predictions/5i7z_sample_0.cif B A -> /home/junjiechen/1_work/250401-Dpepalign/Benchmark/dataset/PepSet_dimer/5i7z.pdb L A
Total DockQ over 1 native interfaces: 0.932 with BA:LA model:native mapping
DockQ 0.932 iRMSD 0.724 LRMSD 1.058 fnat 1.000 fnonnat 0.105 F1 0.944 clashes 1 mapping BA:LA /home/junjiechen/1_work/250401-Dpepalign/Benchmark/protenix/PepSet/pred/5i7z/seed_42/predictions/5i7z_sample_2.cif B A -> /home/junjiechen/1_work/250401-Dpepalign/Benchmark/dataset/PepSet_dimer/5i7z.pdb L A
Total DockQ over 1 native interfaces: 0.911 with BA:LC model:native mapping
DockQ 0.911 iRMSD 0.675 LRMSD 1.361 fnat 0.926 fnonnat 0.138 F1 0.893 clashes 0 mapping BA:LC /home/junjiechen/1_work/250401-Dpepalign/Benchmark/protenix/PepSet/pred/5huw/seed_44/predictions/5huw_sample_2.cif B A -> /home/junjiechen/1_work/250401-Dpepalign/Benchmark/dataset/PepSet_dimer/5huw.pdb L C
Total DockQ over 1 native interfaces: 0.961 with BA:LA model:native mapping
DockQ 0.961 iRMSD 0.446 LRMSD 0.727 fnat 0.971 fnonnat 0.029 F1 0.971 clashes 0 mapping BA:LA /home/junjiechen/1_work/250401-Dpepalign/Benchmark/protenix/PepSet/pred/5i7z/seed_42/predictions/5i7z_sample_4.cif B A -> /home/junjiechen/1_work/250401-Dpepalign/Benchmark/dataset/PepSet_dimer/5i7z.pdb L A
Total DockQ over 1 native interfaces: 0.965 with BA:LA model:native mapping
DockQ 0.965 iRMSD 0.417 LRMSD 0.533 fnat 0.971 fnonnat 0.029 F1 0.971 clashes 0 mapping BA:LA /home/junjiechen/1_work/250401-Dpepalign/Benchmark/protenix/PepSet/pred/5i7z/seed_43/predictions/5i7z_sample_1.cif B A -> /home/junjiechen/1_work/250401-Dpepalign/Benchmark/dataset/PepSet_dimer/5i7z.pdb L A
Total DockQ over 1 native interfaces: 0.952 with BA:LA model:native mapping
DockQ 0.952 iRMSD 0.447 LRMSD 0.577 fnat 0.941 fnonnat 0.030 F1 0.955 clashes 0 mapping BA:LA /home/junjiechen/1_work/250401-Dpepalign/Benchmark/protenix/PepSet/pred/5i7z/seed_43/predictions/5i7z_sample_2.cif B A -> /home/junjiechen/1_work/250401-Dpepalign/Benchmark/dataset/PepSet_dimer/5i7z.pdb L A
Total DockQ over 1 native interfaces: 0.962 with BA:LA model:native mapping
DockQ 0.962 iRMSD 0.519 LRMSD 0.643 fnat 1.000 fnonnat 0.029 F1 0.986 clashes 0 mapping BA:LA /home/junjiechen/1_work/250401-Dpepalign/Benchmark/protenix/PepSet/pred/5i7z/seed_43/predictions/5i7z_sample_3.cif B A -> /home/junjiechen/1_work/250401-Dpepalign/Benchmark/dataset/PepSet_dimer/5i7z.pdb L A
Total DockQ over 1 native interfaces: 0.958 with BA:LA model:native mapping
DockQ 0.958 iRMSD 0.470 LRMSD 0.767 fnat 0.971 fnonnat 0.029 F1 0.971 clashes 1 mapping BA:LA /home/junjiechen/1_work/250401-Dpepalign/Benchmark/protenix/PepSet/pred/5i7z/seed_43/predictions/5i7z_sample_4.cif B A -> /home/junjiechen/1_work/250401-Dpepalign/Benchmark/dataset/PepSet_dimer/5i7z.pdb L A
Total DockQ over 1 native interfaces: 0.959 with BA:LA model:native mapping
DockQ 0.959 iRMSD 0.475 LRMSD 0.407 fnat 0.971 fnonnat 0.029 F1 0.971 clashes 0 mapping BA:LA /home/junjiechen/1_work/250401-Dpepalign/Benchmark/protenix/PepSet/pred/5i7z/seed_44/predictions/5i7z_sample_2.cif B A -> /home/junjiechen/1_work/250401-Dpepalign/Benchmark/dataset/PepSet_dimer/5i7z.pdb L A
Total DockQ over 1 native interfaces: 0.964 with BA:LA model:native mapping
DockQ 0.964 iRMSD 0.492 LRMSD 0.942 fnat 1.000 fnonnat 0.105 F1 0.944 clashes 0 mapping BA:LA /home/junjiechen/1_work/250401-Dpepalign/Benchmark/protenix/PepSet/pred/5i7z/seed_44/predictions/5i7z_sample_0.cif B A -> /home/junjiechen/1_work/250401-Dpepalign/Benchmark/dataset/PepSet_dimer/5i7z.pdb L A
Total DockQ over 1 native interfaces: 0.957 with BA:LA model:native mapping
DockQ 0.957 iRMSD 0.483 LRMSD 0.641 fnat 0.971 fnonnat 0.029 F1 0.971 clashes 0 mapping BA:LA /home/junjiechen/1_work/250401-Dpepalign/Benchmark/protenix/PepSet/pred/5i7z/seed_44/predictions/5i7z_sample_4.cif B A -> /home/junjiechen/1_work/250401-Dpepalign/Benchmark/dataset/PepSet_dimer/5i7z.pdb L A
Total DockQ over 1 native interfaces: 0.951 with BA:LA model:native mapping
DockQ 0.951 iRMSD 0.518 LRMSD 0.956 fnat 0.971 fnonnat 0.029 F1 0.971 clashes 0 mapping BA:LA /home/junjiechen/1_work/250401-Dpepalign/Benchmark/protenix/PepSet/pred/5i7z/seed_44/predictions/5i7z_sample_1.cif B A -> /home/junjiechen/1_work/250401-Dpepalign/Benchmark/dataset/PepSet_dimer/5i7z.pdb L A
Total DockQ over 1 native interfaces: 0.942 with BA:LA model:native mapping
DockQ 0.942 iRMSD 0.513 LRMSD 0.851 fnat 0.941 fnonnat 0.030 F1 0.955 clashes 0 mapping BA:LA /home/junjiechen/1_work/250401-Dpepalign/Benchmark/protenix/PepSet/pred/5i7z/seed_44/predictions/5i7z_sample_3.cif B A -> /home/junjiechen/1_work/250401-Dpepalign/Benchmark/dataset/PepSet_dimer/5i7z.pdb L A
Total DockQ over 1 native interfaces: 0.794 with BA:LA model:native mapping
DockQ 0.794 iRMSD 1.282 LRMSD 1.573 fnat 0.837 fnonnat 0.182 F1 0.828 clashes 0 mapping BA:LA /home/junjiechen/1_work/250401-Dpepalign/Benchmark/protenix/PepSet/pred/5j3q/seed_42/predictions/5j3q_sample_0.cif B A -> /home/junjiechen/1_work/250401-Dpepalign/Benchmark/dataset/PepSet_dimer/5j3q.pdb L A
Total DockQ over 1 native interfaces: 0.789 with BA:LA model:native mapping
DockQ 0.789 iRMSD 1.258 LRMSD 1.594 fnat 0.814 fnonnat 0.125 F1 0.843 clashes 0 mapping BA:LA /home/junjiechen/1_work/250401-Dpepalign/Benchmark/protenix/PepSet/pred/5j3q/seed_42/predictions/5j3q_sample_1.cif B A -> /home/junjiechen/1_work/250401-Dpepalign/Benchmark/dataset/PepSet_dimer/5j3q.pdb L A
Total DockQ over 1 native interfaces: 0.786 with BA:LA model:native mapping
DockQ 0.786 iRMSD 1.286 LRMSD 1.583 fnat 0.814 fnonnat 0.146 F1 0.833 clashes 0 mapping BA:LA /home/junjiechen/1_work/250401-Dpepalign/Benchmark/protenix/PepSet/pred/5j3q/seed_42/predictions/5j3q_sample_2.cif B A -> /home/junjiechen/1_work/250401-Dpepalign/Benchmark/dataset/PepSet_dimer/5j3q.pdb L A
Total DockQ over 1 native interfaces: 0.822 with BA:LA model:native mapping
DockQ 0.822 iRMSD 1.075 LRMSD 1.545 fnat 0.837 fnonnat 0.163 F1 0.837 clashes 0 mapping BA:LA /home/junjiechen/1_work/250401-Dpepalign/Benchmark/protenix/PepSet/pred/5j3q/seed_42/predictions/5j3q_sample_4.cif B A -> /home/junjiechen/1_work/250401-Dpepalign/Benchmark/dataset/PepSet_dimer/5j3q.pdb L A
Total DockQ over 1 native interfaces: 0.791 with BA:LA model:native mapping
DockQ 0.791 iRMSD 1.194 LRMSD 1.505 fnat 0.791 fnonnat 0.171 F1 0.810 clashes 0 mapping BA:LA /home/junjiechen/1_work/250401-Dpepalign/Benchmark/protenix/PepSet/pred/5j3q/seed_42/predictions/5j3q_sample_3.cif B A -> /home/junjiechen/1_work/250401-Dpepalign/Benchmark/dataset/PepSet_dimer/5j3q.pdb L A
Total DockQ over 1 native interfaces: 0.805 with BA:LA model:native mapping
DockQ 0.805 iRMSD 1.179 LRMSD 1.717 fnat 0.837 fnonnat 0.234 F1 0.800 clashes 0 mapping BA:LA /home/junjiechen/1_work/250401-Dpepalign/Benchmark/protenix/PepSet/pred/5j3q/seed_43/predictions/5j3q_sample_0.cif B A -> /home/junjiechen/1_work/250401-Dpepalign/Benchmark/dataset/PepSet_dimer/5j3q.pdb L A
Total DockQ over 1 native interfaces: 0.813 with BA:LA model:native mapping
DockQ 0.813 iRMSD 1.235 LRMSD 1.757 fnat 0.884 fnonnat 0.191 F1 0.844 clashes 0 mapping BA:LA /home/junjiechen/1_work/250401-Dpepalign/Benchmark/protenix/PepSet/pred/5j3q/seed_43/predictions/5j3q_sample_4.cif B A -> /home/junjiechen/1_work/250401-Dpepalign/Benchmark/dataset/PepSet_dimer/5j3q.pdb L A
Total DockQ over 1 native interfaces: 0.802 with BA:LA model:native mapping
DockQ 0.802 iRMSD 1.269 LRMSD 1.690 fnat 0.860 fnonnat 0.178 F1 0.841 clashes 0 mapping BA:LA /home/junjiechen/1_work/250401-Dpepalign/Benchmark/protenix/PepSet/pred/5j3q/seed_43/predictions/5j3q_sample_1.cif B A -> /home/junjiechen/1_work/250401-Dpepalign/Benchmark/dataset/PepSet_dimer/5j3q.pdb L A
Total DockQ over 1 native interfaces: 0.813 with BA:LA model:native mapping
DockQ 0.813 iRMSD 1.231 LRMSD 1.789 fnat 0.884 fnonnat 0.174 F1 0.854 clashes 0 mapping BA:LA /home/junjiechen/1_work/250401-Dpepalign/Benchmark/protenix/PepSet/pred/5j3q/seed_43/predictions/5j3q_sample_2.cif B A -> /home/junjiechen/1_work/250401-Dpepalign/Benchmark/dataset/PepSet_dimer/5j3q.pdb L A
Total DockQ over 1 native interfaces: 0.814 with BA:LA model:native mapping
DockQ 0.814 iRMSD 1.289 LRMSD 1.728 fnat 0.907 fnonnat 0.188 F1 0.857 clashes 0 mapping BA:LA /home/junjiechen/1_work/250401-Dpepalign/Benchmark/protenix/PepSet/pred/5j3q/seed_43/predictions/5j3q_sample_3.cif B A -> /home/junjiechen/1_work/250401-Dpepalign/Benchmark/dataset/PepSet_dimer/5j3q.pdb L A
Total DockQ over 1 native interfaces: 0.805 with BA:LA model:native mapping
DockQ 0.805 iRMSD 1.177 LRMSD 1.780 fnat 0.837 fnonnat 0.217 F1 0.809 clashes 0 mapping BA:LA /home/junjiechen/1_work/250401-Dpepalign/Benchmark/protenix/PepSet/pred/5j3q/seed_44/predictions/5j3q_sample_0.cif B A -> /home/junjiechen/1_work/250401-Dpepalign/Benchmark/dataset/PepSet_dimer/5j3q.pdb L A
Total DockQ over 1 native interfaces: 0.794 with BA:LA model:native mapping
DockQ 0.794 iRMSD 1.252 LRMSD 1.856 fnat 0.837 fnonnat 0.182 F1 0.828 clashes 0 mapping BA:LA /home/junjiechen/1_work/250401-Dpepalign/Benchmark/protenix/PepSet/pred/5j3q/seed_44/predictions/5j3q_sample_1.cif B A -> /home/junjiechen/1_work/250401-Dpepalign/Benchmark/dataset/PepSet_dimer/5j3q.pdb L A
Total DockQ over 1 native interfaces: 0.798 with BA:LA model:native mapping
DockQ 0.798 iRMSD 1.224 LRMSD 1.804 fnat 0.837 fnonnat 0.163 F1 0.837 clashes 0 mapping BA:LA /home/junjiechen/1_work/250401-Dpepalign/Benchmark/protenix/PepSet/pred/5j3q/seed_44/predictions/5j3q_sample_2.cif B A -> /home/junjiechen/1_work/250401-Dpepalign/Benchmark/dataset/PepSet_dimer/5j3q.pdb L A
Total DockQ over 1 native interfaces: 0.803 with BA:LA model:native mapping
DockQ 0.803 iRMSD 1.243 LRMSD 1.830 fnat 0.860 fnonnat 0.178 F1 0.841 clashes 0 mapping BA:LA /home/junjiechen/1_work/250401-Dpepalign/Benchmark/protenix/PepSet/pred/5j3q/seed_44/predictions/5j3q_sample_3.cif B A -> /home/junjiechen/1_work/250401-Dpepalign/Benchmark/dataset/PepSet_dimer/5j3q.pdb L A
Total DockQ over 1 native interfaces: 0.710 with BA:LA model:native mapping
DockQ 0.710 iRMSD 1.525 LRMSD 2.568 fnat 0.721 fnonnat 0.205 F1 0.756 clashes 0 mapping BA:LA /home/junjiechen/1_work/250401-Dpepalign/Benchmark/protenix/PepSet/pred/5j3q/seed_44/predictions/5j3q_sample_4.cif B A -> /home/junjiechen/1_work/250401-Dpepalign/Benchmark/dataset/PepSet_dimer/5j3q.pdb L A
Total DockQ over 1 native interfaces: 0.253 with BA:LA model:native mapping
DockQ 0.253 iRMSD 4.874 LRMSD 13.375 fnat 0.385 fnonnat 0.839 F1 0.227 clashes 0 mapping BA:LA /home/junjiechen/1_work/250401-Dpepalign/Benchmark/protenix/PepSet/pred/5kds/seed_42/predictions/5kds_sample_1.cif B A -> /home/junjiechen/1_work/250401-Dpepalign/Benchmark/dataset/PepSet_dimer/5kds.pdb L A
Total DockQ over 1 native interfaces: 0.282 with BA:LA model:native mapping
DockQ 0.282 iRMSD 3.369 LRMSD 9.426 fnat 0.231 fnonnat 0.870 F1 0.167 clashes 0 mapping BA:LA /home/junjiechen/1_work/250401-Dpepalign/Benchmark/protenix/PepSet/pred/5kds/seed_42/predictions/5kds_sample_4.cif B A -> /home/junjiechen/1_work/250401-Dpepalign/Benchmark/dataset/PepSet_dimer/5kds.pdb L A
Total DockQ over 1 native interfaces: 0.306 with BA:LA model:native mapping
DockQ 0.306 iRMSD 4.241 LRMSD 11.728 fnat 0.462 fnonnat 0.714 F1 0.353 clashes 1 mapping BA:LA /home/junjiechen/1_work/250401-Dpepalign/Benchmark/protenix/PepSet/pred/5kds/seed_42/predictions/5kds_sample_0.cif B A -> /home/junjiechen/1_work/250401-Dpepalign/Benchmark/dataset/PepSet_dimer/5kds.pdb L A
Total DockQ over 1 native interfaces: 0.489 with BA:LA model:native mapping
DockQ 0.489 iRMSD 1.980 LRMSD 5.336 fnat 0.385 fnonnat 0.667 F1 0.357 clashes 0 mapping BA:LA /home/junjiechen/1_work/250401-Dpepalign/Benchmark/protenix/PepSet/pred/5kds/seed_42/predictions/5kds_sample_3.cif B A -> /home/junjiechen/1_work/250401-Dpepalign/Benchmark/dataset/PepSet_dimer/5kds.pdb L A
Total DockQ over 1 native interfaces: 0.440 with BA:LA model:native mapping
DockQ 0.440 iRMSD 2.412 LRMSD 6.164 fnat 0.385 fnonnat 0.808 F1 0.256 clashes 0 mapping BA:LA /home/junjiechen/1_work/250401-Dpepalign/Benchmark/protenix/PepSet/pred/5kds/seed_42/predictions/5kds_sample_2.cif B A -> /home/junjiechen/1_work/250401-Dpepalign/Benchmark/dataset/PepSet_dimer/5kds.pdb L A
Total DockQ over 1 native interfaces: 0.633 with BA:LA model:native mapping
DockQ 0.633 iRMSD 2.068 LRMSD 5.469 fnat 0.846 fnonnat 0.577 F1 0.564 clashes 1 mapping BA:LA /home/junjiechen/1_work/250401-Dpepalign/Benchmark/protenix/PepSet/pred/5kds/seed_43/predictions/5kds_sample_0.cif B A -> /home/junjiechen/1_work/250401-Dpepalign/Benchmark/dataset/PepSet_dimer/5kds.pdb L A
Total DockQ over 1 native interfaces: 0.593 with BA:LA model:native mapping
DockQ 0.593 iRMSD 1.989 LRMSD 5.249 fnat 0.692 fnonnat 0.609 F1 0.500 clashes 0 mapping BA:LA /home/junjiechen/1_work/250401-Dpepalign/Benchmark/protenix/PepSet/pred/5kds/seed_43/predictions/5kds_sample_1.cif B A -> /home/junjiechen/1_work/250401-Dpepalign/Benchmark/dataset/PepSet_dimer/5kds.pdb L A
Total DockQ over 1 native interfaces: 0.681 with BA:LA model:native mapping
DockQ 0.681 iRMSD 1.754 LRMSD 4.571 fnat 0.846 fnonnat 0.500 F1 0.629 clashes 0 mapping BA:LA /home/junjiechen/1_work/250401-Dpepalign/Benchmark/protenix/PepSet/pred/5kds/seed_43/predictions/5kds_sample_3.cif B A -> /home/junjiechen/1_work/250401-Dpepalign/Benchmark/dataset/PepSet_dimer/5kds.pdb L A
Total DockQ over 1 native interfaces: 0.600 with BA:LA model:native mapping
DockQ 0.600 iRMSD 2.091 LRMSD 4.667 fnat 0.692 fnonnat 0.609 F1 0.500 clashes 0 mapping BA:LA /home/junjiechen/1_work/250401-Dpepalign/Benchmark/protenix/PepSet/pred/5kds/seed_43/predictions/5kds_sample_2.cif B A -> /home/junjiechen/1_work/250401-Dpepalign/Benchmark/dataset/PepSet_dimer/5kds.pdb L A
Total DockQ over 1 native interfaces: 0.451 with BA:LA model:native mapping
DockQ 0.451 iRMSD 2.807 LRMSD 8.243 fnat 0.615 fnonnat 0.704 F1 0.400 clashes 0 mapping BA:LA /home/junjiechen/1_work/250401-Dpepalign/Benchmark/protenix/PepSet/pred/5kds/seed_43/predictions/5kds_sample_4.cif B A -> /home/junjiechen/1_work/250401-Dpepalign/Benchmark/dataset/PepSet_dimer/5kds.pdb L A
Total DockQ over 1 native interfaces: 0.937 with BA:LB model:native mapping
DockQ 0.937 iRMSD 0.544 LRMSD 1.656 fnat 0.964 fnonnat 0.250 F1 0.844 clashes 2 mapping BA:LB /home/junjiechen/1_work/250401-Dpepalign/Benchmark/protenix/PepSet/pred/5lyn/seed_42/predictions/5lyn_sample_0.cif B A -> /home/junjiechen/1_work/250401-Dpepalign/Benchmark/dataset/PepSet_dimer/5lyn.pdb L B
Total DockQ over 1 native interfaces: 0.928 with BA:LB model:native mapping
DockQ 0.928 iRMSD 0.451 LRMSD 1.356 fnat 0.893 fnonnat 0.306 F1 0.781 clashes 0 mapping BA:LB /home/junjiechen/1_work/250401-Dpepalign/Benchmark/protenix/PepSet/pred/5lyn/seed_42/predictions/5lyn_sample_1.cif B A -> /home/junjiechen/1_work/250401-Dpepalign/Benchmark/dataset/PepSet_dimer/5lyn.pdb L B
Total DockQ over 1 native interfaces: 0.246 with BA:LA model:native mapping
DockQ 0.246 iRMSD 5.024 LRMSD 13.944 fnat 0.385 fnonnat 0.821 F1 0.244 clashes 1 mapping BA:LA /home/junjiechen/1_work/250401-Dpepalign/Benchmark/protenix/PepSet/pred/5kds/seed_44/predictions/5kds_sample_0.cif B A -> /home/junjiechen/1_work/250401-Dpepalign/Benchmark/dataset/PepSet_dimer/5kds.pdb L A
Total DockQ over 1 native interfaces: 0.929 with BA:LB model:native mapping
DockQ 0.929 iRMSD 0.448 LRMSD 1.303 fnat 0.893 fnonnat 0.286 F1 0.794 clashes 0 mapping BA:LB /home/junjiechen/1_work/250401-Dpepalign/Benchmark/protenix/PepSet/pred/5lyn/seed_42/predictions/5lyn_sample_2.cif B A -> /home/junjiechen/1_work/250401-Dpepalign/Benchmark/dataset/PepSet_dimer/5lyn.pdb L B
Total DockQ over 1 native interfaces: 0.454 with BA:LA model:native mapping
DockQ 0.454 iRMSD 2.405 LRMSD 6.652 fnat 0.462 fnonnat 0.714 F1 0.353 clashes 0 mapping BA:LA /home/junjiechen/1_work/250401-Dpepalign/Benchmark/protenix/PepSet/pred/5kds/seed_44/predictions/5kds_sample_4.cif B A -> /home/junjiechen/1_work/250401-Dpepalign/Benchmark/dataset/PepSet_dimer/5kds.pdb L A
Total DockQ over 1 native interfaces: 0.493 with BA:LA model:native mapping
DockQ 0.493 iRMSD 2.181 LRMSD 5.595 fnat 0.462 fnonnat 0.714 F1 0.353 clashes 1 mapping BA:LA /home/junjiechen/1_work/250401-Dpepalign/Benchmark/protenix/PepSet/pred/5kds/seed_44/predictions/5kds_sample_3.cif B A -> /home/junjiechen/1_work/250401-Dpepalign/Benchmark/dataset/PepSet_dimer/5kds.pdb L A
Total DockQ over 1 native interfaces: 0.459 with BA:LA model:native mapping
DockQ 0.459 iRMSD 2.436 LRMSD 6.362 fnat 0.462 fnonnat 0.760 F1 0.316 clashes 1 mapping BA:LA /home/junjiechen/1_work/250401-Dpepalign/Benchmark/protenix/PepSet/pred/5kds/seed_44/predictions/5kds_sample_2.cif B A -> /home/junjiechen/1_work/250401-Dpepalign/Benchmark/dataset/PepSet_dimer/5kds.pdb L A
Total DockQ over 1 native interfaces: 0.462 with BA:LA model:native mapping
DockQ 0.462 iRMSD 2.932 LRMSD 7.475 fnat 0.615 fnonnat 0.714 F1 0.390 clashes 1 mapping BA:LA /home/junjiechen/1_work/250401-Dpepalign/Benchmark/protenix/PepSet/pred/5kds/seed_44/predictions/5kds_sample_1.cif B A -> /home/junjiechen/1_work/250401-Dpepalign/Benchmark/dataset/PepSet_dimer/5kds.pdb L A
Total DockQ over 1 native interfaces: 0.920 with BA:LB model:native mapping
DockQ 0.920 iRMSD 0.432 LRMSD 1.267 fnat 0.857 fnonnat 0.273 F1 0.787 clashes 0 mapping BA:LB /home/junjiechen/1_work/250401-Dpepalign/Benchmark/protenix/PepSet/pred/5lyn/seed_42/predictions/5lyn_sample_3.cif B A -> /home/junjiechen/1_work/250401-Dpepalign/Benchmark/dataset/PepSet_dimer/5lyn.pdb L B
Total DockQ over 1 native interfaces: 0.912 with BA:LB model:native mapping
DockQ 0.912 iRMSD 0.499 LRMSD 1.252 fnat 0.857 fnonnat 0.200 F1 0.828 clashes 0 mapping BA:LB /home/junjiechen/1_work/250401-Dpepalign/Benchmark/protenix/PepSet/pred/5lyn/seed_42/predictions/5lyn_sample_4.cif B A -> /home/junjiechen/1_work/250401-Dpepalign/Benchmark/dataset/PepSet_dimer/5lyn.pdb L B
Total DockQ over 1 native interfaces: 0.942 with BA:LB model:native mapping
DockQ 0.942 iRMSD 0.358 LRMSD 1.015 fnat 0.893 fnonnat 0.194 F1 0.847 clashes 0 mapping BA:LB /home/junjiechen/1_work/250401-Dpepalign/Benchmark/protenix/PepSet/pred/5lyn/seed_43/predictions/5lyn_sample_1.cif B A -> /home/junjiechen/1_work/250401-Dpepalign/Benchmark/dataset/PepSet_dimer/5lyn.pdb L B
Total DockQ over 1 native interfaces: 0.968 with BA:LB model:native mapping
DockQ 0.968 iRMSD 0.333 LRMSD 0.966 fnat 0.964 fnonnat 0.182 F1 0.885 clashes 0 mapping BA:LB /home/junjiechen/1_work/250401-Dpepalign/Benchmark/protenix/PepSet/pred/5lyn/seed_43/predictions/5lyn_sample_4.cif B A -> /home/junjiechen/1_work/250401-Dpepalign/Benchmark/dataset/PepSet_dimer/5lyn.pdb L B
Total DockQ over 1 native interfaces: 0.934 with BA:LB model:native mapping
DockQ 0.934 iRMSD 0.411 LRMSD 1.233 fnat 0.893 fnonnat 0.242 F1 0.820 clashes 0 mapping BA:LB /home/junjiechen/1_work/250401-Dpepalign/Benchmark/protenix/PepSet/pred/5lyn/seed_43/predictions/5lyn_sample_2.cif B A -> /home/junjiechen/1_work/250401-Dpepalign/Benchmark/dataset/PepSet_dimer/5lyn.pdb L B
Total DockQ over 1 native interfaces: 0.920 with BA:LB model:native mapping
DockQ 0.920 iRMSD 0.427 LRMSD 1.311 fnat 0.857 fnonnat 0.273 F1 0.787 clashes 0 mapping BA:LB /home/junjiechen/1_work/250401-Dpepalign/Benchmark/protenix/PepSet/pred/5lyn/seed_43/predictions/5lyn_sample_0.cif B A -> /home/junjiechen/1_work/250401-Dpepalign/Benchmark/dataset/PepSet_dimer/5lyn.pdb L B
Total DockQ over 1 native interfaces: 0.932 with BA:LB model:native mapping
DockQ 0.932 iRMSD 0.416 LRMSD 1.356 fnat 0.893 fnonnat 0.265 F1 0.806 clashes 0 mapping BA:LB /home/junjiechen/1_work/250401-Dpepalign/Benchmark/protenix/PepSet/pred/5lyn/seed_44/predictions/5lyn_sample_0.cif B A -> /home/junjiechen/1_work/250401-Dpepalign/Benchmark/dataset/PepSet_dimer/5lyn.pdb L B
Total DockQ over 1 native interfaces: 0.911 with BA:LB model:native mapping
DockQ 0.911 iRMSD 0.405 LRMSD 1.230 fnat 0.821 fnonnat 0.303 F1 0.754 clashes 0 mapping BA:LB /home/junjiechen/1_work/250401-Dpepalign/Benchmark/protenix/PepSet/pred/5lyn/seed_44/predictions/5lyn_sample_2.cif B A -> /home/junjiechen/1_work/250401-Dpepalign/Benchmark/dataset/PepSet_dimer/5lyn.pdb L B
Total DockQ over 1 native interfaces: 0.939 with BA:LB model:native mapping
DockQ 0.939 iRMSD 0.370 LRMSD 1.132 fnat 0.893 fnonnat 0.194 F1 0.847 clashes 0 mapping BA:LB /home/junjiechen/1_work/250401-Dpepalign/Benchmark/protenix/PepSet/pred/5lyn/seed_43/predictions/5lyn_sample_3.cif B A -> /home/junjiechen/1_work/250401-Dpepalign/Benchmark/dataset/PepSet_dimer/5lyn.pdb L B
Total DockQ over 1 native interfaces: 0.922 with BA:LB model:native mapping
DockQ 0.922 iRMSD 0.411 LRMSD 1.294 fnat 0.857 fnonnat 0.273 F1 0.787 clashes 0 mapping BA:LB /home/junjiechen/1_work/250401-Dpepalign/Benchmark/protenix/PepSet/pred/5lyn/seed_44/predictions/5lyn_sample_1.cif B A -> /home/junjiechen/1_work/250401-Dpepalign/Benchmark/dataset/PepSet_dimer/5lyn.pdb L B
Total DockQ over 1 native interfaces: 0.923 with BA:LB model:native mapping
DockQ 0.923 iRMSD 0.403 LRMSD 1.208 fnat 0.857 fnonnat 0.250 F1 0.800 clashes 0 mapping BA:LB /home/junjiechen/1_work/250401-Dpepalign/Benchmark/protenix/PepSet/pred/5lyn/seed_44/predictions/5lyn_sample_3.cif B A -> /home/junjiechen/1_work/250401-Dpepalign/Benchmark/dataset/PepSet_dimer/5lyn.pdb L B
Total DockQ over 1 native interfaces: 0.958 with BA:LB model:native mapping
DockQ 0.958 iRMSD 0.320 LRMSD 0.925 fnat 0.929 fnonnat 0.235 F1 0.839 clashes 0 mapping BA:LB /home/junjiechen/1_work/250401-Dpepalign/Benchmark/protenix/PepSet/pred/5lyn/seed_44/predictions/5lyn_sample_4.cif B A -> /home/junjiechen/1_work/250401-Dpepalign/Benchmark/dataset/PepSet_dimer/5lyn.pdb L B
Total DockQ over 1 native interfaces: 0.813 with BA:LA model:native mapping
DockQ 0.813 iRMSD 1.109 LRMSD 2.830 fnat 0.892 fnonnat 0.132 F1 0.880 clashes 0 mapping BA:LA /home/junjiechen/1_work/250401-Dpepalign/Benchmark/protenix/PepSet/pred/5m5r/seed_42/predictions/5m5r_sample_0.cif B A -> /home/junjiechen/1_work/250401-Dpepalign/Benchmark/dataset/PepSet_dimer/5m5r.pdb L A
Total DockQ over 1 native interfaces: 0.846 with BA:LA model:native mapping
DockQ 0.846 iRMSD 0.989 LRMSD 2.478 fnat 0.919 fnonnat 0.128 F1 0.895 clashes 0 mapping BA:LA /home/junjiechen/1_work/250401-Dpepalign/Benchmark/protenix/PepSet/pred/5m5r/seed_42/predictions/5m5r_sample_1.cif B A -> /home/junjiechen/1_work/250401-Dpepalign/Benchmark/dataset/PepSet_dimer/5m5r.pdb L A
Total DockQ over 1 native interfaces: 0.858 with BA:LA model:native mapping
DockQ 0.858 iRMSD 0.867 LRMSD 2.276 fnat 0.892 fnonnat 0.083 F1 0.904 clashes 0 mapping BA:LA /home/junjiechen/1_work/250401-Dpepalign/Benchmark/protenix/PepSet/pred/5m5r/seed_42/predictions/5m5r_sample_2.cif B A -> /home/junjiechen/1_work/250401-Dpepalign/Benchmark/dataset/PepSet_dimer/5m5r.pdb L A
Total DockQ over 1 native interfaces: 0.851 with BA:LA model:native mapping
DockQ 0.851 iRMSD 0.948 LRMSD 2.506 fnat 0.919 fnonnat 0.150 F1 0.883 clashes 0 mapping BA:LA /home/junjiechen/1_work/250401-Dpepalign/Benchmark/protenix/PepSet/pred/5m5r/seed_42/predictions/5m5r_sample_4.cif B A -> /home/junjiechen/1_work/250401-Dpepalign/Benchmark/dataset/PepSet_dimer/5m5r.pdb L A
Total DockQ over 1 native interfaces: 0.860 with BA:LA model:native mapping
DockQ 0.860 iRMSD 0.915 LRMSD 2.294 fnat 0.919 fnonnat 0.081 F1 0.919 clashes 0 mapping BA:LA /home/junjiechen/1_work/250401-Dpepalign/Benchmark/protenix/PepSet/pred/5m5r/seed_42/predictions/5m5r_sample_3.cif B A -> /home/junjiechen/1_work/250401-Dpepalign/Benchmark/dataset/PepSet_dimer/5m5r.pdb L A
Total DockQ over 1 native interfaces: 0.867 with BA:LA model:native mapping
DockQ 0.867 iRMSD 0.913 LRMSD 2.394 fnat 0.946 fnonnat 0.079 F1 0.933 clashes 0 mapping BA:LA /home/junjiechen/1_work/250401-Dpepalign/Benchmark/protenix/PepSet/pred/5m5r/seed_43/predictions/5m5r_sample_0.cif B A -> /home/junjiechen/1_work/250401-Dpepalign/Benchmark/dataset/PepSet_dimer/5m5r.pdb L A
Total DockQ over 1 native interfaces: 0.833 with BA:LA model:native mapping
DockQ 0.833 iRMSD 0.956 LRMSD 2.470 fnat 0.865 fnonnat 0.135 F1 0.865 clashes 0 mapping BA:LA /home/junjiechen/1_work/250401-Dpepalign/Benchmark/protenix/PepSet/pred/5m5r/seed_43/predictions/5m5r_sample_2.cif B A -> /home/junjiechen/1_work/250401-Dpepalign/Benchmark/dataset/PepSet_dimer/5m5r.pdb L A
Total DockQ over 1 native interfaces: 0.868 with BA:LA model:native mapping
DockQ 0.868 iRMSD 0.868 LRMSD 2.229 fnat 0.919 fnonnat 0.128 F1 0.895 clashes 0 mapping BA:LA /home/junjiechen/1_work/250401-Dpepalign/Benchmark/protenix/PepSet/pred/5m5r/seed_43/predictions/5m5r_sample_3.cif B A -> /home/junjiechen/1_work/250401-Dpepalign/Benchmark/dataset/PepSet_dimer/5m5r.pdb L A
Total DockQ over 1 native interfaces: 0.862 with BA:LA model:native mapping
DockQ 0.862 iRMSD 0.938 LRMSD 2.490 fnat 0.946 fnonnat 0.103 F1 0.921 clashes 0 mapping BA:LA /home/junjiechen/1_work/250401-Dpepalign/Benchmark/protenix/PepSet/pred/5m5r/seed_43/predictions/5m5r_sample_1.cif B A -> /home/junjiechen/1_work/250401-Dpepalign/Benchmark/dataset/PepSet_dimer/5m5r.pdb L A
Total DockQ over 1 native interfaces: 0.852 with BA:LA model:native mapping
DockQ 0.852 iRMSD 0.896 LRMSD 2.383 fnat 0.892 fnonnat 0.108 F1 0.892 clashes 0 mapping BA:LA /home/junjiechen/1_work/250401-Dpepalign/Benchmark/protenix/PepSet/pred/5m5r/seed_43/predictions/5m5r_sample_4.cif B A -> /home/junjiechen/1_work/250401-Dpepalign/Benchmark/dataset/PepSet_dimer/5m5r.pdb L A
Total DockQ over 1 native interfaces: 0.861 with BA:LA model:native mapping
DockQ 0.861 iRMSD 0.859 LRMSD 2.178 fnat 0.892 fnonnat 0.057 F1 0.917 clashes 0 mapping BA:LA /home/junjiechen/1_work/250401-Dpepalign/Benchmark/protenix/PepSet/pred/5m5r/seed_44/predictions/5m5r_sample_0.cif B A -> /home/junjiechen/1_work/250401-Dpepalign/Benchmark/dataset/PepSet_dimer/5m5r.pdb L A
Total DockQ over 1 native interfaces: 0.179 with BA:LA model:native mapping
DockQ 0.179 iRMSD 5.465 LRMSD 13.917 fnat 0.196 fnonnat 0.820 F1 0.188 clashes 0 mapping BA:LA /home/junjiechen/1_work/250401-Dpepalign/Benchmark/protenix/PepSet/pred/5n22/seed_42/predictions/5n22_sample_0.cif B A -> /home/junjiechen/1_work/250401-Dpepalign/Benchmark/dataset/PepSet_dimer/5n22.pdb L A
Total DockQ over 1 native interfaces: 0.860 with BA:LA model:native mapping
DockQ 0.860 iRMSD 0.864 LRMSD 2.174 fnat 0.892 fnonnat 0.154 F1 0.868 clashes 0 mapping BA:LA /home/junjiechen/1_work/250401-Dpepalign/Benchmark/protenix/PepSet/pred/5m5r/seed_44/predictions/5m5r_sample_2.cif B A -> /home/junjiechen/1_work/250401-Dpepalign/Benchmark/dataset/PepSet_dimer/5m5r.pdb L A
Total DockQ over 1 native interfaces: 0.879 with BA:LA model:native mapping
DockQ 0.879 iRMSD 0.857 LRMSD 2.196 fnat 0.946 fnonnat 0.103 F1 0.921 clashes 0 mapping BA:LA /home/junjiechen/1_work/250401-Dpepalign/Benchmark/protenix/PepSet/pred/5m5r/seed_44/predictions/5m5r_sample_1.cif B A -> /home/junjiechen/1_work/250401-Dpepalign/Benchmark/dataset/PepSet_dimer/5m5r.pdb L A
Total DockQ over 1 native interfaces: 0.182 with BA:LA model:native mapping
DockQ 0.182 iRMSD 5.445 LRMSD 13.662 fnat 0.196 fnonnat 0.809 F1 0.194 clashes 0 mapping BA:LA /home/junjiechen/1_work/250401-Dpepalign/Benchmark/protenix/PepSet/pred/5n22/seed_42/predictions/5n22_sample_1.cif B A -> /home/junjiechen/1_work/250401-Dpepalign/Benchmark/dataset/PepSet_dimer/5n22.pdb L A
Total DockQ over 1 native interfaces: 0.855 with BA:LA model:native mapping
DockQ 0.855 iRMSD 0.891 LRMSD 2.268 fnat 0.892 fnonnat 0.108 F1 0.892 clashes 0 mapping BA:LA /home/junjiechen/1_work/250401-Dpepalign/Benchmark/protenix/PepSet/pred/5m5r/seed_44/predictions/5m5r_sample_3.cif B A -> /home/junjiechen/1_work/250401-Dpepalign/Benchmark/dataset/PepSet_dimer/5m5r.pdb L A
Total DockQ over 1 native interfaces: 0.865 with BA:LA model:native mapping
DockQ 0.865 iRMSD 0.837 LRMSD 2.123 fnat 0.892 fnonnat 0.132 F1 0.880 clashes 0 mapping BA:LA /home/junjiechen/1_work/250401-Dpepalign/Benchmark/protenix/PepSet/pred/5m5r/seed_44/predictions/5m5r_sample_4.cif B A -> /home/junjiechen/1_work/250401-Dpepalign/Benchmark/dataset/PepSet_dimer/5m5r.pdb L A
Total DockQ over 1 native interfaces: 0.181 with BA:LA model:native mapping
DockQ 0.181 iRMSD 5.403 LRMSD 13.751 fnat 0.196 fnonnat 0.809 F1 0.194 clashes 0 mapping BA:LA /home/junjiechen/1_work/250401-Dpepalign/Benchmark/protenix/PepSet/pred/5n22/seed_42/predictions/5n22_sample_3.cif B A -> /home/junjiechen/1_work/250401-Dpepalign/Benchmark/dataset/PepSet_dimer/5n22.pdb L A
Total DockQ over 1 native interfaces: 0.180 with BA:LA model:native mapping
DockQ 0.180 iRMSD 5.418 LRMSD 13.910 fnat 0.196 fnonnat 0.809 F1 0.194 clashes 0 mapping BA:LA /home/junjiechen/1_work/250401-Dpepalign/Benchmark/protenix/PepSet/pred/5n22/seed_42/predictions/5n22_sample_2.cif B A -> /home/junjiechen/1_work/250401-Dpepalign/Benchmark/dataset/PepSet_dimer/5n22.pdb L A
Total DockQ over 1 native interfaces: 0.181 with BA:LA model:native mapping
DockQ 0.181 iRMSD 5.382 LRMSD 13.788 fnat 0.196 fnonnat 0.804 F1 0.196 clashes 0 mapping BA:LA /home/junjiechen/1_work/250401-Dpepalign/Benchmark/protenix/PepSet/pred/5n22/seed_42/predictions/5n22_sample_4.cif B A -> /home/junjiechen/1_work/250401-Dpepalign/Benchmark/dataset/PepSet_dimer/5n22.pdb L A
Total DockQ over 1 native interfaces: 0.177 with BA:LA model:native mapping
DockQ 0.177 iRMSD 5.485 LRMSD 14.182 fnat 0.196 fnonnat 0.804 F1 0.196 clashes 0 mapping BA:LA /home/junjiechen/1_work/250401-Dpepalign/Benchmark/protenix/PepSet/pred/5n22/seed_43/predictions/5n22_sample_0.cif B A -> /home/junjiechen/1_work/250401-Dpepalign/Benchmark/dataset/PepSet_dimer/5n22.pdb L A
Total DockQ over 1 native interfaces: 0.187 with BA:LA model:native mapping
DockQ 0.187 iRMSD 5.415 LRMSD 13.939 fnat 0.217 fnonnat 0.796 F1 0.211 clashes 0 mapping BA:LA /home/junjiechen/1_work/250401-Dpepalign/Benchmark/protenix/PepSet/pred/5n22/seed_43/predictions/5n22_sample_4.cif B A -> /home/junjiechen/1_work/250401-Dpepalign/Benchmark/dataset/PepSet_dimer/5n22.pdb L A
Total DockQ over 1 native interfaces: 0.181 with BA:LA model:native mapping
DockQ 0.181 iRMSD 5.389 LRMSD 13.746 fnat 0.196 fnonnat 0.812 F1 0.191 clashes 0 mapping BA:LA /home/junjiechen/1_work/250401-Dpepalign/Benchmark/protenix/PepSet/pred/5n22/seed_43/predictions/5n22_sample_1.cif B A -> /home/junjiechen/1_work/250401-Dpepalign/Benchmark/dataset/PepSet_dimer/5n22.pdb L A
Total DockQ over 1 native interfaces: 0.179 with BA:LA model:native mapping
DockQ 0.179 iRMSD 5.450 LRMSD 13.961 fnat 0.196 fnonnat 0.809 F1 0.194 clashes 0 mapping BA:LA /home/junjiechen/1_work/250401-Dpepalign/Benchmark/protenix/PepSet/pred/5n22/seed_44/predictions/5n22_sample_1.cif B A -> /home/junjiechen/1_work/250401-Dpepalign/Benchmark/dataset/PepSet_dimer/5n22.pdb L A
Total DockQ over 1 native interfaces: 0.180 with BA:LA model:native mapping
DockQ 0.180 iRMSD 5.429 LRMSD 13.876 fnat 0.196 fnonnat 0.804 F1 0.196 clashes 0 mapping BA:LA /home/junjiechen/1_work/250401-Dpepalign/Benchmark/protenix/PepSet/pred/5n22/seed_43/predictions/5n22_sample_3.cif B A -> /home/junjiechen/1_work/250401-Dpepalign/Benchmark/dataset/PepSet_dimer/5n22.pdb L A
Total DockQ over 1 native interfaces: 0.181 with BA:LA model:native mapping
DockQ 0.181 iRMSD 5.365 LRMSD 13.768 fnat 0.196 fnonnat 0.809 F1 0.194 clashes 0 mapping BA:LA /home/junjiechen/1_work/250401-Dpepalign/Benchmark/protenix/PepSet/pred/5n22/seed_43/predictions/5n22_sample_2.cif B A -> /home/junjiechen/1_work/250401-Dpepalign/Benchmark/dataset/PepSet_dimer/5n22.pdb L A
Total DockQ over 1 native interfaces: 0.181 with BA:LA model:native mapping
DockQ 0.181 iRMSD 5.405 LRMSD 13.798 fnat 0.196 fnonnat 0.809 F1 0.194 clashes 0 mapping BA:LA /home/junjiechen/1_work/250401-Dpepalign/Benchmark/protenix/PepSet/pred/5n22/seed_44/predictions/5n22_sample_0.cif B A -> /home/junjiechen/1_work/250401-Dpepalign/Benchmark/dataset/PepSet_dimer/5n22.pdb L A
Total DockQ over 1 native interfaces: 0.180 with BA:LA model:native mapping
DockQ 0.180 iRMSD 5.417 LRMSD 13.886 fnat 0.196 fnonnat 0.804 F1 0.196 clashes 0 mapping BA:LA /home/junjiechen/1_work/250401-Dpepalign/Benchmark/protenix/PepSet/pred/5n22/seed_44/predictions/5n22_sample_3.cif B A -> /home/junjiechen/1_work/250401-Dpepalign/Benchmark/dataset/PepSet_dimer/5n22.pdb L A
Total DockQ over 1 native interfaces: 0.183 with BA:LA model:native mapping
DockQ 0.183 iRMSD 5.359 LRMSD 13.651 fnat 0.196 fnonnat 0.809 F1 0.194 clashes 0 mapping BA:LA /home/junjiechen/1_work/250401-Dpepalign/Benchmark/protenix/PepSet/pred/5n22/seed_44/predictions/5n22_sample_2.cif B A -> /home/junjiechen/1_work/250401-Dpepalign/Benchmark/dataset/PepSet_dimer/5n22.pdb L A
Total DockQ over 1 native interfaces: 0.180 with BA:LA model:native mapping
DockQ 0.180 iRMSD 5.423 LRMSD 13.857 fnat 0.196 fnonnat 0.816 F1 0.189 clashes 0 mapping BA:LA /home/junjiechen/1_work/250401-Dpepalign/Benchmark/protenix/PepSet/pred/5n22/seed_44/predictions/5n22_sample_4.cif B A -> /home/junjiechen/1_work/250401-Dpepalign/Benchmark/dataset/PepSet_dimer/5n22.pdb L A
Total DockQ over 1 native interfaces: 0.780 with BA:LA model:native mapping
DockQ 0.780 iRMSD 1.186 LRMSD 2.702 fnat 0.816 fnonnat 0.367 F1 0.713 clashes 0 mapping BA:LA /home/junjiechen/1_work/250401-Dpepalign/Benchmark/protenix/PepSet/pred/5n85/seed_42/predictions/5n85_sample_0.cif B A -> /home/junjiechen/1_work/250401-Dpepalign/Benchmark/dataset/PepSet_dimer/5n85.pdb L A
Total DockQ over 1 native interfaces: 0.771 with BA:LA model:native mapping
DockQ 0.771 iRMSD 1.184 LRMSD 2.701 fnat 0.789 fnonnat 0.348 F1 0.714 clashes 1 mapping BA:LA /home/junjiechen/1_work/250401-Dpepalign/Benchmark/protenix/PepSet/pred/5n85/seed_42/predictions/5n85_sample_1.cif B A -> /home/junjiechen/1_work/250401-Dpepalign/Benchmark/dataset/PepSet_dimer/5n85.pdb L A
Total DockQ over 1 native interfaces: 0.785 with BA:LA model:native mapping
DockQ 0.785 iRMSD 1.206 LRMSD 2.744 fnat 0.842 fnonnat 0.319 F1 0.753 clashes 0 mapping BA:LA /home/junjiechen/1_work/250401-Dpepalign/Benchmark/protenix/PepSet/pred/5n85/seed_42/predictions/5n85_sample_2.cif B A -> /home/junjiechen/1_work/250401-Dpepalign/Benchmark/dataset/PepSet_dimer/5n85.pdb L A
Total DockQ over 1 native interfaces: 0.830 with BA:LA model:native mapping
DockQ 0.830 iRMSD 1.009 LRMSD 2.295 fnat 0.868 fnonnat 0.233 F1 0.815 clashes 1 mapping BA:LA /home/junjiechen/1_work/250401-Dpepalign/Benchmark/protenix/PepSet/pred/5n85/seed_42/predictions/5n85_sample_4.cif B A -> /home/junjiechen/1_work/250401-Dpepalign/Benchmark/dataset/PepSet_dimer/5n85.pdb L A
Total DockQ over 1 native interfaces: 0.783 with BA:LA model:native mapping
DockQ 0.783 iRMSD 1.118 LRMSD 2.539 fnat 0.789 fnonnat 0.348 F1 0.714 clashes 0 mapping BA:LA /home/junjiechen/1_work/250401-Dpepalign/Benchmark/protenix/PepSet/pred/5n85/seed_43/predictions/5n85_sample_0.cif B A -> /home/junjiechen/1_work/250401-Dpepalign/Benchmark/dataset/PepSet_dimer/5n85.pdb L A
Total DockQ over 1 native interfaces: 0.766 with BA:LA model:native mapping
DockQ 0.766 iRMSD 1.208 LRMSD 2.778 fnat 0.789 fnonnat 0.333 F1 0.723 clashes 0 mapping BA:LA /home/junjiechen/1_work/250401-Dpepalign/Benchmark/protenix/PepSet/pred/5n85/seed_43/predictions/5n85_sample_1.cif B A -> /home/junjiechen/1_work/250401-Dpepalign/Benchmark/dataset/PepSet_dimer/5n85.pdb L A
Total DockQ over 1 native interfaces: 0.774 with BA:LA model:native mapping
DockQ 0.774 iRMSD 1.169 LRMSD 2.652 fnat 0.789 fnonnat 0.362 F1 0.706 clashes 0 mapping BA:LA /home/junjiechen/1_work/250401-Dpepalign/Benchmark/protenix/PepSet/pred/5n85/seed_42/predictions/5n85_sample_3.cif B A -> /home/junjiechen/1_work/250401-Dpepalign/Benchmark/dataset/PepSet_dimer/5n85.pdb L A
Total DockQ over 1 native interfaces: 0.869 with BA:LA model:native mapping
DockQ 0.869 iRMSD 0.893 LRMSD 1.989 fnat 0.921 fnonnat 0.340 F1 0.769 clashes 0 mapping BA:LA /home/junjiechen/1_work/250401-Dpepalign/Benchmark/protenix/PepSet/pred/5n85/seed_43/predictions/5n85_sample_2.cif B A -> /home/junjiechen/1_work/250401-Dpepalign/Benchmark/dataset/PepSet_dimer/5n85.pdb L A
Total DockQ over 1 native interfaces: 0.817 with BA:LA model:native mapping
DockQ 0.817 iRMSD 1.038 LRMSD 2.298 fnat 0.842 fnonnat 0.304 F1 0.762 clashes 0 mapping BA:LA /home/junjiechen/1_work/250401-Dpepalign/Benchmark/protenix/PepSet/pred/5n85/seed_43/predictions/5n85_sample_3.cif B A -> /home/junjiechen/1_work/250401-Dpepalign/Benchmark/dataset/PepSet_dimer/5n85.pdb L A
Total DockQ over 1 native interfaces: 0.745 with BA:LA model:native mapping
DockQ 0.745 iRMSD 1.246 LRMSD 2.740 fnat 0.737 fnonnat 0.391 F1 0.667 clashes 0 mapping BA:LA /home/junjiechen/1_work/250401-Dpepalign/Benchmark/protenix/PepSet/pred/5n85/seed_44/predictions/5n85_sample_0.cif B A -> /home/junjiechen/1_work/250401-Dpepalign/Benchmark/dataset/PepSet_dimer/5n85.pdb L A
Total DockQ over 1 native interfaces: 0.769 with BA:LA model:native mapping
DockQ 0.769 iRMSD 1.292 LRMSD 2.955 fnat 0.842 fnonnat 0.347 F1 0.736 clashes 0 mapping BA:LA /home/junjiechen/1_work/250401-Dpepalign/Benchmark/protenix/PepSet/pred/5n85/seed_43/predictions/5n85_sample_4.cif B A -> /home/junjiechen/1_work/250401-Dpepalign/Benchmark/dataset/PepSet_dimer/5n85.pdb L A
Total DockQ over 1 native interfaces: 0.761 with BA:LA model:native mapping
DockQ 0.761 iRMSD 1.195 LRMSD 2.687 fnat 0.763 fnonnat 0.356 F1 0.699 clashes 0 mapping BA:LA /home/junjiechen/1_work/250401-Dpepalign/Benchmark/protenix/PepSet/pred/5n85/seed_44/predictions/5n85_sample_1.cif B A -> /home/junjiechen/1_work/250401-Dpepalign/Benchmark/dataset/PepSet_dimer/5n85.pdb L A
Total DockQ over 1 native interfaces: 0.765 with BA:LA model:native mapping
DockQ 0.765 iRMSD 1.225 LRMSD 2.730 fnat 0.789 fnonnat 0.348 F1 0.714 clashes 0 mapping BA:LA /home/junjiechen/1_work/250401-Dpepalign/Benchmark/protenix/PepSet/pred/5n85/seed_44/predictions/5n85_sample_2.cif B A -> /home/junjiechen/1_work/250401-Dpepalign/Benchmark/dataset/PepSet_dimer/5n85.pdb L A
Total DockQ over 1 native interfaces: 0.844 with BA:LA model:native mapping
DockQ 0.844 iRMSD 0.992 LRMSD 2.120 fnat 0.895 fnonnat 0.244 F1 0.819 clashes 0 mapping BA:LA /home/junjiechen/1_work/250401-Dpepalign/Benchmark/protenix/PepSet/pred/5n85/seed_44/predictions/5n85_sample_3.cif B A -> /home/junjiechen/1_work/250401-Dpepalign/Benchmark/dataset/PepSet_dimer/5n85.pdb L A
Total DockQ over 1 native interfaces: 0.741 with BA:LA model:native mapping
DockQ 0.741 iRMSD 1.256 LRMSD 2.843 fnat 0.737 fnonnat 0.364 F1 0.683 clashes 0 mapping BA:LA /home/junjiechen/1_work/250401-Dpepalign/Benchmark/protenix/PepSet/pred/5n85/seed_44/predictions/5n85_sample_4.cif B A -> /home/junjiechen/1_work/250401-Dpepalign/Benchmark/dataset/PepSet_dimer/5n85.pdb L A
Total DockQ over 1 native interfaces: 0.928 with BA:LA model:native mapping
DockQ 0.928 iRMSD 0.562 LRMSD 1.032 fnat 0.923 fnonnat 0.250 F1 0.828 clashes 0 mapping BA:LA /home/junjiechen/1_work/250401-Dpepalign/Benchmark/protenix/PepSet/pred/5njc/seed_42/predictions/5njc_sample_0.cif B A -> /home/junjiechen/1_work/250401-Dpepalign/Benchmark/dataset/PepSet_dimer/5njc.pdb L A
Total DockQ over 1 native interfaces: 0.929 with BA:LA model:native mapping
DockQ 0.929 iRMSD 0.563 LRMSD 0.972 fnat 0.923 fnonnat 0.217 F1 0.847 clashes 0 mapping BA:LA /home/junjiechen/1_work/250401-Dpepalign/Benchmark/protenix/PepSet/pred/5njc/seed_42/predictions/5njc_sample_2.cif B A -> /home/junjiechen/1_work/250401-Dpepalign/Benchmark/dataset/PepSet_dimer/5njc.pdb L A
Total DockQ over 1 native interfaces: 0.928 with BA:LA model:native mapping
DockQ 0.928 iRMSD 0.575 LRMSD 0.956 fnat 0.923 fnonnat 0.182 F1 0.867 clashes 0 mapping BA:LA /home/junjiechen/1_work/250401-Dpepalign/Benchmark/protenix/PepSet/pred/5njc/seed_42/predictions/5njc_sample_3.cif B A -> /home/junjiechen/1_work/250401-Dpepalign/Benchmark/dataset/PepSet_dimer/5njc.pdb L A
Total DockQ over 1 native interfaces: 0.914 with BA:LA model:native mapping
DockQ 0.914 iRMSD 0.610 LRMSD 1.047 fnat 0.897 fnonnat 0.271 F1 0.805 clashes 0 mapping BA:LA /home/junjiechen/1_work/250401-Dpepalign/Benchmark/protenix/PepSet/pred/5njc/seed_42/predictions/5njc_sample_1.cif B A -> /home/junjiechen/1_work/250401-Dpepalign/Benchmark/dataset/PepSet_dimer/5njc.pdb L A
Total DockQ over 1 native interfaces: 0.916 with BA:LA model:native mapping
DockQ 0.916 iRMSD 0.656 LRMSD 1.033 fnat 0.923 fnonnat 0.250 F1 0.828 clashes 0 mapping BA:LA /home/junjiechen/1_work/250401-Dpepalign/Benchmark/protenix/PepSet/pred/5njc/seed_42/predictions/5njc_sample_4.cif B A -> /home/junjiechen/1_work/250401-Dpepalign/Benchmark/dataset/PepSet_dimer/5njc.pdb L A
Total DockQ over 1 native interfaces: 0.919 with BA:LA model:native mapping
DockQ 0.919 iRMSD 0.628 LRMSD 1.084 fnat 0.923 fnonnat 0.217 F1 0.847 clashes 0 mapping BA:LA /home/junjiechen/1_work/250401-Dpepalign/Benchmark/protenix/PepSet/pred/5njc/seed_43/predictions/5njc_sample_1.cif B A -> /home/junjiechen/1_work/250401-Dpepalign/Benchmark/dataset/PepSet_dimer/5njc.pdb L A
Total DockQ over 1 native interfaces: 0.919 with BA:LA model:native mapping
DockQ 0.919 iRMSD 0.563 LRMSD 1.087 fnat 0.897 fnonnat 0.186 F1 0.854 clashes 0 mapping BA:LA /home/junjiechen/1_work/250401-Dpepalign/Benchmark/protenix/PepSet/pred/5njc/seed_43/predictions/5njc_sample_0.cif B A -> /home/junjiechen/1_work/250401-Dpepalign/Benchmark/dataset/PepSet_dimer/5njc.pdb L A
Total DockQ over 1 native interfaces: 0.919 with BA:LA model:native mapping
DockQ 0.919 iRMSD 0.628 LRMSD 1.123 fnat 0.923 fnonnat 0.250 F1 0.828 clashes 0 mapping BA:LA /home/junjiechen/1_work/250401-Dpepalign/Benchmark/protenix/PepSet/pred/5njc/seed_43/predictions/5njc_sample_2.cif B A -> /home/junjiechen/1_work/250401-Dpepalign/Benchmark/dataset/PepSet_dimer/5njc.pdb L A
Total DockQ over 1 native interfaces: 0.926 with BA:LA model:native mapping
DockQ 0.926 iRMSD 0.580 LRMSD 1.059 fnat 0.923 fnonnat 0.217 F1 0.847 clashes 0 mapping BA:LA /home/junjiechen/1_work/250401-Dpepalign/Benchmark/protenix/PepSet/pred/5njc/seed_43/predictions/5njc_sample_3.cif B A -> /home/junjiechen/1_work/250401-Dpepalign/Benchmark/dataset/PepSet_dimer/5njc.pdb L A
Total DockQ over 1 native interfaces: 0.908 with BA:LA model:native mapping
DockQ 0.908 iRMSD 0.636 LRMSD 1.216 fnat 0.897 fnonnat 0.222 F1 0.833 clashes 0 mapping BA:LA /home/junjiechen/1_work/250401-Dpepalign/Benchmark/protenix/PepSet/pred/5njc/seed_43/predictions/5njc_sample_4.cif B A -> /home/junjiechen/1_work/250401-Dpepalign/Benchmark/dataset/PepSet_dimer/5njc.pdb L A
Total DockQ over 1 native interfaces: 0.924 with BA:LA model:native mapping
DockQ 0.924 iRMSD 0.583 LRMSD 1.172 fnat 0.923 fnonnat 0.217 F1 0.847 clashes 0 mapping BA:LA /home/junjiechen/1_work/250401-Dpepalign/Benchmark/protenix/PepSet/pred/5njc/seed_44/predictions/5njc_sample_0.cif B A -> /home/junjiechen/1_work/250401-Dpepalign/Benchmark/dataset/PepSet_dimer/5njc.pdb L A
Total DockQ over 1 native interfaces: 0.385 with BA:LA model:native mapping
DockQ 0.385 iRMSD 2.261 LRMSD 6.462 fnat 0.214 fnonnat 0.786 F1 0.214 clashes 0 mapping BA:LA /home/junjiechen/1_work/250401-Dpepalign/Benchmark/protenix/PepSet/pred/5nqv/seed_42/predictions/5nqv_sample_0.cif B A -> /home/junjiechen/1_work/250401-Dpepalign/Benchmark/dataset/PepSet_dimer/5nqv.pdb L A
Total DockQ over 1 native interfaces: 0.916 with BA:LA model:native mapping
DockQ 0.916 iRMSD 0.645 LRMSD 1.139 fnat 0.923 fnonnat 0.234 F1 0.837 clashes 0 mapping BA:LA /home/junjiechen/1_work/250401-Dpepalign/Benchmark/protenix/PepSet/pred/5njc/seed_44/predictions/5njc_sample_2.cif B A -> /home/junjiechen/1_work/250401-Dpepalign/Benchmark/dataset/PepSet_dimer/5njc.pdb L A
Total DockQ over 1 native interfaces: 0.922 with BA:LA model:native mapping
DockQ 0.922 iRMSD 0.600 LRMSD 1.218 fnat 0.923 fnonnat 0.250 F1 0.828 clashes 0 mapping BA:LA /home/junjiechen/1_work/250401-Dpepalign/Benchmark/protenix/PepSet/pred/5njc/seed_44/predictions/5njc_sample_4.cif B A -> /home/junjiechen/1_work/250401-Dpepalign/Benchmark/dataset/PepSet_dimer/5njc.pdb L A
Total DockQ over 1 native interfaces: 0.926 with BA:LA model:native mapping
DockQ 0.926 iRMSD 0.589 LRMSD 0.918 fnat 0.923 fnonnat 0.217 F1 0.847 clashes 1 mapping BA:LA /home/junjiechen/1_work/250401-Dpepalign/Benchmark/protenix/PepSet/pred/5njc/seed_44/predictions/5njc_sample_1.cif B A -> /home/junjiechen/1_work/250401-Dpepalign/Benchmark/dataset/PepSet_dimer/5njc.pdb L A
Total DockQ over 1 native interfaces: 0.392 with BA:LA model:native mapping
DockQ 0.392 iRMSD 2.272 LRMSD 6.459 fnat 0.238 fnonnat 0.756 F1 0.241 clashes 0 mapping BA:LA /home/junjiechen/1_work/250401-Dpepalign/Benchmark/protenix/PepSet/pred/5nqv/seed_42/predictions/5nqv_sample_2.cif B A -> /home/junjiechen/1_work/250401-Dpepalign/Benchmark/dataset/PepSet_dimer/5nqv.pdb L A
Total DockQ over 1 native interfaces: 0.921 with BA:LA model:native mapping
DockQ 0.921 iRMSD 0.616 LRMSD 1.112 fnat 0.923 fnonnat 0.200 F1 0.857 clashes 0 mapping BA:LA /home/junjiechen/1_work/250401-Dpepalign/Benchmark/protenix/PepSet/pred/5njc/seed_44/predictions/5njc_sample_3.cif B A -> /home/junjiechen/1_work/250401-Dpepalign/Benchmark/dataset/PepSet_dimer/5njc.pdb L A
Total DockQ over 1 native interfaces: 0.382 with BA:LA model:native mapping
DockQ 0.382 iRMSD 2.343 LRMSD 6.681 fnat 0.238 fnonnat 0.750 F1 0.244 clashes 0 mapping BA:LA /home/junjiechen/1_work/250401-Dpepalign/Benchmark/protenix/PepSet/pred/5nqv/seed_42/predictions/5nqv_sample_1.cif B A -> /home/junjiechen/1_work/250401-Dpepalign/Benchmark/dataset/PepSet_dimer/5nqv.pdb L A
Total DockQ over 1 native interfaces: 0.389 with BA:LA model:native mapping
DockQ 0.389 iRMSD 2.304 LRMSD 6.478 fnat 0.238 fnonnat 0.756 F1 0.241 clashes 0 mapping BA:LA /home/junjiechen/1_work/250401-Dpepalign/Benchmark/protenix/PepSet/pred/5nqv/seed_42/predictions/5nqv_sample_3.cif B A -> /home/junjiechen/1_work/250401-Dpepalign/Benchmark/dataset/PepSet_dimer/5nqv.pdb L A
Total DockQ over 1 native interfaces: 0.393 with BA:LA model:native mapping
DockQ 0.393 iRMSD 2.266 LRMSD 6.418 fnat 0.238 fnonnat 0.744 F1 0.247 clashes 0 mapping BA:LA /home/junjiechen/1_work/250401-Dpepalign/Benchmark/protenix/PepSet/pred/5nqv/seed_42/predictions/5nqv_sample_4.cif B A -> /home/junjiechen/1_work/250401-Dpepalign/Benchmark/dataset/PepSet_dimer/5nqv.pdb L A
Total DockQ over 1 native interfaces: 0.880 with BA:LA model:native mapping
DockQ 0.880 iRMSD 0.720 LRMSD 2.010 fnat 0.881 fnonnat 0.051 F1 0.914 clashes 0 mapping BA:LA /home/junjiechen/1_work/250401-Dpepalign/Benchmark/protenix/PepSet/pred/5nqv/seed_43/predictions/5nqv_sample_0.cif B A -> /home/junjiechen/1_work/250401-Dpepalign/Benchmark/dataset/PepSet_dimer/5nqv.pdb L A
Total DockQ over 1 native interfaces: 0.894 with BA:LA model:native mapping
DockQ 0.894 iRMSD 0.697 LRMSD 1.850 fnat 0.905 fnonnat 0.050 F1 0.927 clashes 0 mapping BA:LA /home/junjiechen/1_work/250401-Dpepalign/Benchmark/protenix/PepSet/pred/5nqv/seed_43/predictions/5nqv_sample_1.cif B A -> /home/junjiechen/1_work/250401-Dpepalign/Benchmark/dataset/PepSet_dimer/5nqv.pdb L A
Total DockQ over 1 native interfaces: 0.883 with BA:LA model:native mapping
DockQ 0.883 iRMSD 0.749 LRMSD 2.062 fnat 0.905 fnonnat 0.073 F1 0.916 clashes 0 mapping BA:LA /home/junjiechen/1_work/250401-Dpepalign/Benchmark/protenix/PepSet/pred/5nqv/seed_43/predictions/5nqv_sample_2.cif B A -> /home/junjiechen/1_work/250401-Dpepalign/Benchmark/dataset/PepSet_dimer/5nqv.pdb L A
Total DockQ over 1 native interfaces: 0.895 with BA:LA model:native mapping
DockQ 0.895 iRMSD 0.688 LRMSD 1.834 fnat 0.905 fnonnat 0.073 F1 0.916 clashes 0 mapping BA:LA /home/junjiechen/1_work/250401-Dpepalign/Benchmark/protenix/PepSet/pred/5nqv/seed_43/predictions/5nqv_sample_3.cif B A -> /home/junjiechen/1_work/250401-Dpepalign/Benchmark/dataset/PepSet_dimer/5nqv.pdb L A
Total DockQ over 1 native interfaces: 0.894 with BA:LA model:native mapping
DockQ 0.894 iRMSD 0.696 LRMSD 1.879 fnat 0.905 fnonnat 0.050 F1 0.927 clashes 0 mapping BA:LA /home/junjiechen/1_work/250401-Dpepalign/Benchmark/protenix/PepSet/pred/5nqv/seed_44/predictions/5nqv_sample_2.cif B A -> /home/junjiechen/1_work/250401-Dpepalign/Benchmark/dataset/PepSet_dimer/5nqv.pdb L A
Total DockQ over 1 native interfaces: 0.878 with BA:LA model:native mapping
DockQ 0.878 iRMSD 0.777 LRMSD 2.138 fnat 0.905 fnonnat 0.116 F1 0.894 clashes 0 mapping BA:LA /home/junjiechen/1_work/250401-Dpepalign/Benchmark/protenix/PepSet/pred/5nqv/seed_43/predictions/5nqv_sample_4.cif B A -> /home/junjiechen/1_work/250401-Dpepalign/Benchmark/dataset/PepSet_dimer/5nqv.pdb L A
Total DockQ over 1 native interfaces: 0.880 with BA:LA model:native mapping
DockQ 0.880 iRMSD 0.722 LRMSD 2.014 fnat 0.881 fnonnat 0.098 F1 0.892 clashes 0 mapping BA:LA /home/junjiechen/1_work/250401-Dpepalign/Benchmark/protenix/PepSet/pred/5nqv/seed_44/predictions/5nqv_sample_1.cif B A -> /home/junjiechen/1_work/250401-Dpepalign/Benchmark/dataset/PepSet_dimer/5nqv.pdb L A
Total DockQ over 1 native interfaces: 0.889 with BA:LA model:native mapping
DockQ 0.889 iRMSD 0.723 LRMSD 1.959 fnat 0.905 fnonnat 0.050 F1 0.927 clashes 0 mapping BA:LA /home/junjiechen/1_work/250401-Dpepalign/Benchmark/protenix/PepSet/pred/5nqv/seed_44/predictions/5nqv_sample_0.cif B A -> /home/junjiechen/1_work/250401-Dpepalign/Benchmark/dataset/PepSet_dimer/5nqv.pdb L A
Total DockQ over 1 native interfaces: 0.898 with BA:LA model:native mapping
DockQ 0.898 iRMSD 0.674 LRMSD 1.821 fnat 0.905 fnonnat 0.073 F1 0.916 clashes 0 mapping BA:LA /home/junjiechen/1_work/250401-Dpepalign/Benchmark/protenix/PepSet/pred/5nqv/seed_44/predictions/5nqv_sample_3.cif B A -> /home/junjiechen/1_work/250401-Dpepalign/Benchmark/dataset/PepSet_dimer/5nqv.pdb L A
Total DockQ over 1 native interfaces: 0.898 with BA:LA model:native mapping
DockQ 0.898 iRMSD 0.673 LRMSD 1.831 fnat 0.905 fnonnat 0.095 F1 0.905 clashes 0 mapping BA:LA /home/junjiechen/1_work/250401-Dpepalign/Benchmark/protenix/PepSet/pred/5nqv/seed_44/predictions/5nqv_sample_4.cif B A -> /home/junjiechen/1_work/250401-Dpepalign/Benchmark/dataset/PepSet_dimer/5nqv.pdb L A
Total DockQ over 1 native interfaces: 0.886 with BA:LA model:native mapping
DockQ 0.886 iRMSD 0.591 LRMSD 1.831 fnat 0.836 fnonnat 0.116 F1 0.859 clashes 0 mapping BA:LA /home/junjiechen/1_work/250401-Dpepalign/Benchmark/protenix/PepSet/pred/5o9u/seed_42/predictions/5o9u_sample_1.cif B A -> /home/junjiechen/1_work/250401-Dpepalign/Benchmark/dataset/PepSet_dimer/5o9u.pdb L A
Total DockQ over 1 native interfaces: 0.879 with BA:LA model:native mapping
DockQ 0.879 iRMSD 0.596 LRMSD 1.931 fnat 0.822 fnonnat 0.130 F1 0.845 clashes 0 mapping BA:LA /home/junjiechen/1_work/250401-Dpepalign/Benchmark/protenix/PepSet/pred/5o9u/seed_42/predictions/5o9u_sample_0.cif B A -> /home/junjiechen/1_work/250401-Dpepalign/Benchmark/dataset/PepSet_dimer/5o9u.pdb L A
Total DockQ over 1 native interfaces: 0.950 with BA:LA model:native mapping
DockQ 0.950 iRMSD 0.332 LRMSD 0.774 fnat 0.904 fnonnat 0.057 F1 0.923 clashes 0 mapping BA:LA /home/junjiechen/1_work/250401-Dpepalign/Benchmark/protenix/PepSet/pred/5o9u/seed_42/predictions/5o9u_sample_4.cif B A -> /home/junjiechen/1_work/250401-Dpepalign/Benchmark/dataset/PepSet_dimer/5o9u.pdb L A
Total DockQ over 1 native interfaces: 0.969 with BA:LA model:native mapping
DockQ 0.969 iRMSD 0.334 LRMSD 0.608 fnat 0.959 fnonnat 0.028 F1 0.966 clashes 0 mapping BA:LA /home/junjiechen/1_work/250401-Dpepalign/Benchmark/protenix/PepSet/pred/5o9u/seed_42/predictions/5o9u_sample_2.cif B A -> /home/junjiechen/1_work/250401-Dpepalign/Benchmark/dataset/PepSet_dimer/5o9u.pdb L A
Total DockQ over 1 native interfaces: 0.966 with BA:LA model:native mapping
DockQ 0.966 iRMSD 0.317 LRMSD 0.548 fnat 0.945 fnonnat 0.055 F1 0.945 clashes 0 mapping BA:LA /home/junjiechen/1_work/250401-Dpepalign/Benchmark/protenix/PepSet/pred/5o9u/seed_42/predictions/5o9u_sample_3.cif B A -> /home/junjiechen/1_work/250401-Dpepalign/Benchmark/dataset/PepSet_dimer/5o9u.pdb L A
Total DockQ over 1 native interfaces: 0.960 with BA:LA model:native mapping
DockQ 0.960 iRMSD 0.339 LRMSD 0.489 fnat 0.932 fnonnat 0.014 F1 0.958 clashes 0 mapping BA:LA /home/junjiechen/1_work/250401-Dpepalign/Benchmark/protenix/PepSet/pred/5o9u/seed_43/predictions/5o9u_sample_1.cif B A -> /home/junjiechen/1_work/250401-Dpepalign/Benchmark/dataset/PepSet_dimer/5o9u.pdb L A
Total DockQ over 1 native interfaces: 0.973 with BA:LA model:native mapping
DockQ 0.973 iRMSD 0.349 LRMSD 0.505 fnat 0.973 fnonnat 0.041 F1 0.966 clashes 0 mapping BA:LA /home/junjiechen/1_work/250401-Dpepalign/Benchmark/protenix/PepSet/pred/5o9u/seed_43/predictions/5o9u_sample_0.cif B A -> /home/junjiechen/1_work/250401-Dpepalign/Benchmark/dataset/PepSet_dimer/5o9u.pdb L A
Total DockQ over 1 native interfaces: 0.971 with BA:LA model:native mapping
DockQ 0.971 iRMSD 0.312 LRMSD 0.484 fnat 0.959 fnonnat 0.041 F1 0.959 clashes 0 mapping BA:LA /home/junjiechen/1_work/250401-Dpepalign/Benchmark/protenix/PepSet/pred/5o9u/seed_43/predictions/5o9u_sample_3.cif B A -> /home/junjiechen/1_work/250401-Dpepalign/Benchmark/dataset/PepSet_dimer/5o9u.pdb L A
Total DockQ over 1 native interfaces: 0.964 with BA:LA model:native mapping
DockQ 0.964 iRMSD 0.295 LRMSD 0.487 fnat 0.932 fnonnat 0.042 F1 0.944 clashes 0 mapping BA:LA /home/junjiechen/1_work/250401-Dpepalign/Benchmark/protenix/PepSet/pred/5o9u/seed_43/predictions/5o9u_sample_2.cif B A -> /home/junjiechen/1_work/250401-Dpepalign/Benchmark/dataset/PepSet_dimer/5o9u.pdb L A
Total DockQ over 1 native interfaces: 0.965 with BA:LA model:native mapping
DockQ 0.965 iRMSD 0.321 LRMSD 0.701 fnat 0.945 fnonnat 0.042 F1 0.952 clashes 0 mapping BA:LA /home/junjiechen/1_work/250401-Dpepalign/Benchmark/protenix/PepSet/pred/5o9u/seed_43/predictions/5o9u_sample_4.cif B A -> /home/junjiechen/1_work/250401-Dpepalign/Benchmark/dataset/PepSet_dimer/5o9u.pdb L A
Total DockQ over 1 native interfaces: 0.890 with BA:LA model:native mapping
DockQ 0.890 iRMSD 0.570 LRMSD 1.726 fnat 0.836 fnonnat 0.141 F1 0.847 clashes 0 mapping BA:LA /home/junjiechen/1_work/250401-Dpepalign/Benchmark/protenix/PepSet/pred/5o9u/seed_44/predictions/5o9u_sample_1.cif B A -> /home/junjiechen/1_work/250401-Dpepalign/Benchmark/dataset/PepSet_dimer/5o9u.pdb L A
Total DockQ over 1 native interfaces: 0.900 with BA:LA model:native mapping
DockQ 0.900 iRMSD 0.562 LRMSD 1.767 fnat 0.863 fnonnat 0.100 F1 0.881 clashes 0 mapping BA:LA /home/junjiechen/1_work/250401-Dpepalign/Benchmark/protenix/PepSet/pred/5o9u/seed_44/predictions/5o9u_sample_0.cif B A -> /home/junjiechen/1_work/250401-Dpepalign/Benchmark/dataset/PepSet_dimer/5o9u.pdb L A
Total DockQ over 1 native interfaces: 0.906 with BA:LA model:native mapping
DockQ 0.906 iRMSD 0.499 LRMSD 1.556 fnat 0.849 fnonnat 0.101 F1 0.873 clashes 1 mapping BA:LA /home/junjiechen/1_work/250401-Dpepalign/Benchmark/protenix/PepSet/pred/5o9u/seed_44/predictions/5o9u_sample_3.cif B A -> /home/junjiechen/1_work/250401-Dpepalign/Benchmark/dataset/PepSet_dimer/5o9u.pdb L A
Total DockQ over 1 native interfaces: 0.965 with BA:LA model:native mapping
DockQ 0.965 iRMSD 0.336 LRMSD 0.502 fnat 0.945 fnonnat 0.014 F1 0.965 clashes 0 mapping BA:LA /home/junjiechen/1_work/250401-Dpepalign/Benchmark/protenix/PepSet/pred/5o9u/seed_44/predictions/5o9u_sample_4.cif B A -> /home/junjiechen/1_work/250401-Dpepalign/Benchmark/dataset/PepSet_dimer/5o9u.pdb L A
Total DockQ over 1 native interfaces: 0.965 with BA:LA model:native mapping
DockQ 0.965 iRMSD 0.327 LRMSD 0.633 fnat 0.945 fnonnat 0.042 F1 0.952 clashes 0 mapping BA:LA /home/junjiechen/1_work/250401-Dpepalign/Benchmark/protenix/PepSet/pred/5o9u/seed_44/predictions/5o9u_sample_2.cif B A -> /home/junjiechen/1_work/250401-Dpepalign/Benchmark/dataset/PepSet_dimer/5o9u.pdb L A
Total DockQ over 1 native interfaces: 0.241 with BA:LA model:native mapping
DockQ 0.241 iRMSD 4.207 LRMSD 11.035 fnat 0.238 fnonnat 0.821 F1 0.204 clashes 0 mapping BA:LA /home/junjiechen/1_work/250401-Dpepalign/Benchmark/protenix/PepSet/pred/5oj5/seed_42/predictions/5oj5_sample_0.cif B A -> /home/junjiechen/1_work/250401-Dpepalign/Benchmark/dataset/PepSet_dimer/5oj5.pdb L A
Total DockQ over 1 native interfaces: 0.040 with BA:LA model:native mapping
DockQ 0.040 iRMSD 8.782 LRMSD 26.594 fnat 0.000 fnonnat 1.000 F1 0.000 clashes 0 mapping BA:LA /home/junjiechen/1_work/250401-Dpepalign/Benchmark/protenix/PepSet/pred/5oj5/seed_42/predictions/5oj5_sample_2.cif B A -> /home/junjiechen/1_work/250401-Dpepalign/Benchmark/dataset/PepSet_dimer/5oj5.pdb L A
Total DockQ over 1 native interfaces: 0.248 with BA:LA model:native mapping
DockQ 0.248 iRMSD 4.068 LRMSD 10.689 fnat 0.238 fnonnat 0.800 F1 0.217 clashes 0 mapping BA:LA /home/junjiechen/1_work/250401-Dpepalign/Benchmark/protenix/PepSet/pred/5oj5/seed_42/predictions/5oj5_sample_1.cif B A -> /home/junjiechen/1_work/250401-Dpepalign/Benchmark/dataset/PepSet_dimer/5oj5.pdb L A
Total DockQ over 1 native interfaces: 0.023 with BA:LA model:native mapping
DockQ 0.023 iRMSD 12.246 LRMSD 35.814 fnat 0.000 fnonnat 1.000 F1 0.000 clashes 1 mapping BA:LA /home/junjiechen/1_work/250401-Dpepalign/Benchmark/protenix/PepSet/pred/5oj5/seed_42/predictions/5oj5_sample_4.cif B A -> /home/junjiechen/1_work/250401-Dpepalign/Benchmark/dataset/PepSet_dimer/5oj5.pdb L A
Total DockQ over 1 native interfaces: 0.041 with BA:LA model:native mapping
DockQ 0.041 iRMSD 8.499 LRMSD 26.674 fnat 0.000 fnonnat 1.000 F1 0.000 clashes 0 mapping BA:LA /home/junjiechen/1_work/250401-Dpepalign/Benchmark/protenix/PepSet/pred/5oj5/seed_42/predictions/5oj5_sample_3.cif B A -> /home/junjiechen/1_work/250401-Dpepalign/Benchmark/dataset/PepSet_dimer/5oj5.pdb L A
Total DockQ over 1 native interfaces: 0.242 with BA:LA model:native mapping
DockQ 0.242 iRMSD 4.218 LRMSD 10.975 fnat 0.238 fnonnat 0.815 F1 0.208 clashes 0 mapping BA:LA /home/junjiechen/1_work/250401-Dpepalign/Benchmark/protenix/PepSet/pred/5oj5/seed_43/predictions/5oj5_sample_0.cif B A -> /home/junjiechen/1_work/250401-Dpepalign/Benchmark/dataset/PepSet_dimer/5oj5.pdb L A
Total DockQ over 1 native interfaces: 0.031 with BA:LA model:native mapping
DockQ 0.031 iRMSD 10.064 LRMSD 30.849 fnat 0.000 fnonnat 1.000 F1 0.000 clashes 2 mapping BA:LA /home/junjiechen/1_work/250401-Dpepalign/Benchmark/protenix/PepSet/pred/5oj5/seed_43/predictions/5oj5_sample_1.cif B A -> /home/junjiechen/1_work/250401-Dpepalign/Benchmark/dataset/PepSet_dimer/5oj5.pdb L A
Total DockQ over 1 native interfaces: 0.041 with BA:LA model:native mapping
DockQ 0.041 iRMSD 8.490 LRMSD 26.799 fnat 0.000 fnonnat 1.000 F1 0.000 clashes 0 mapping BA:LA /home/junjiechen/1_work/250401-Dpepalign/Benchmark/protenix/PepSet/pred/5oj5/seed_44/predictions/5oj5_sample_1.cif B A -> /home/junjiechen/1_work/250401-Dpepalign/Benchmark/dataset/PepSet_dimer/5oj5.pdb L A
Total DockQ over 1 native interfaces: 0.020 with BA:LA model:native mapping
DockQ 0.020 iRMSD 12.900 LRMSD 37.962 fnat 0.000 fnonnat 1.000 F1 0.000 clashes 0 mapping BA:LA /home/junjiechen/1_work/250401-Dpepalign/Benchmark/protenix/PepSet/pred/5oj5/seed_43/predictions/5oj5_sample_3.cif B A -> /home/junjiechen/1_work/250401-Dpepalign/Benchmark/dataset/PepSet_dimer/5oj5.pdb L A
Total DockQ over 1 native interfaces: 0.023 with BA:LA model:native mapping
DockQ 0.023 iRMSD 12.020 LRMSD 35.606 fnat 0.000 fnonnat 1.000 F1 0.000 clashes 0 mapping BA:LA /home/junjiechen/1_work/250401-Dpepalign/Benchmark/protenix/PepSet/pred/5oj5/seed_43/predictions/5oj5_sample_2.cif B A -> /home/junjiechen/1_work/250401-Dpepalign/Benchmark/dataset/PepSet_dimer/5oj5.pdb L A
Total DockQ over 1 native interfaces: 0.037 with BA:LA model:native mapping
DockQ 0.037 iRMSD 9.198 LRMSD 27.968 fnat 0.000 fnonnat 1.000 F1 0.000 clashes 0 mapping BA:LA /home/junjiechen/1_work/250401-Dpepalign/Benchmark/protenix/PepSet/pred/5oj5/seed_44/predictions/5oj5_sample_0.cif B A -> /home/junjiechen/1_work/250401-Dpepalign/Benchmark/dataset/PepSet_dimer/5oj5.pdb L A
Total DockQ over 1 native interfaces: 0.018 with BA:LA model:native mapping
DockQ 0.018 iRMSD 13.881 LRMSD 41.041 fnat 0.000 fnonnat 1.000 F1 0.000 clashes 0 mapping BA:LA /home/junjiechen/1_work/250401-Dpepalign/Benchmark/protenix/PepSet/pred/5oj5/seed_43/predictions/5oj5_sample_4.cif B A -> /home/junjiechen/1_work/250401-Dpepalign/Benchmark/dataset/PepSet_dimer/5oj5.pdb L A
Total DockQ over 1 native interfaces: 0.025 with BA:LA model:native mapping
DockQ 0.025 iRMSD 11.823 LRMSD 33.888 fnat 0.000 fnonnat 1.000 F1 0.000 clashes 1 mapping BA:LA /home/junjiechen/1_work/250401-Dpepalign/Benchmark/protenix/PepSet/pred/5oj5/seed_44/predictions/5oj5_sample_2.cif B A -> /home/junjiechen/1_work/250401-Dpepalign/Benchmark/dataset/PepSet_dimer/5oj5.pdb L A
Total DockQ over 1 native interfaces: 0.024 with BA:LA model:native mapping
DockQ 0.024 iRMSD 12.058 LRMSD 34.927 fnat 0.000 fnonnat 1.000 F1 0.000 clashes 0 mapping BA:LA /home/junjiechen/1_work/250401-Dpepalign/Benchmark/protenix/PepSet/pred/5oj5/seed_44/predictions/5oj5_sample_3.cif B A -> /home/junjiechen/1_work/250401-Dpepalign/Benchmark/dataset/PepSet_dimer/5oj5.pdb L A
Total DockQ over 1 native interfaces: 0.023 with BA:LA model:native mapping
DockQ 0.023 iRMSD 12.179 LRMSD 35.188 fnat 0.000 fnonnat 1.000 F1 0.000 clashes 1 mapping BA:LA /home/junjiechen/1_work/250401-Dpepalign/Benchmark/protenix/PepSet/pred/5oj5/seed_44/predictions/5oj5_sample_4.cif B A -> /home/junjiechen/1_work/250401-Dpepalign/Benchmark/dataset/PepSet_dimer/5oj5.pdb L A
Total DockQ over 1 native interfaces: 0.887 with BA:LA model:native mapping
DockQ 0.887 iRMSD 0.642 LRMSD 2.469 fnat 0.895 fnonnat 0.105 F1 0.895 clashes 0 mapping BA:LA /home/junjiechen/1_work/250401-Dpepalign/Benchmark/protenix/PepSet/pred/5onp/seed_42/predictions/5onp_sample_1.cif B A -> /home/junjiechen/1_work/250401-Dpepalign/Benchmark/dataset/PepSet_dimer/5onp.pdb L A
Total DockQ over 1 native interfaces: 0.890 with BA:LA model:native mapping
DockQ 0.890 iRMSD 0.631 LRMSD 2.433 fnat 0.895 fnonnat 0.105 F1 0.895 clashes 0 mapping BA:LA /home/junjiechen/1_work/250401-Dpepalign/Benchmark/protenix/PepSet/pred/5onp/seed_42/predictions/5onp_sample_0.cif B A -> /home/junjiechen/1_work/250401-Dpepalign/Benchmark/dataset/PepSet_dimer/5onp.pdb L A
Total DockQ over 1 native interfaces: 0.891 with BA:LA model:native mapping
DockQ 0.891 iRMSD 0.629 LRMSD 2.394 fnat 0.895 fnonnat 0.128 F1 0.883 clashes 0 mapping BA:LA /home/junjiechen/1_work/250401-Dpepalign/Benchmark/protenix/PepSet/pred/5onp/seed_42/predictions/5onp_sample_2.cif B A -> /home/junjiechen/1_work/250401-Dpepalign/Benchmark/dataset/PepSet_dimer/5onp.pdb L A
Total DockQ over 1 native interfaces: 0.892 with BA:LA model:native mapping
DockQ 0.892 iRMSD 0.619 LRMSD 2.385 fnat 0.895 fnonnat 0.128 F1 0.883 clashes 0 mapping BA:LA /home/junjiechen/1_work/250401-Dpepalign/Benchmark/protenix/PepSet/pred/5onp/seed_42/predictions/5onp_sample_3.cif B A -> /home/junjiechen/1_work/250401-Dpepalign/Benchmark/dataset/PepSet_dimer/5onp.pdb L A
Total DockQ over 1 native interfaces: 0.886 with BA:LA model:native mapping
DockQ 0.886 iRMSD 0.647 LRMSD 2.496 fnat 0.895 fnonnat 0.128 F1 0.883 clashes 0 mapping BA:LA /home/junjiechen/1_work/250401-Dpepalign/Benchmark/protenix/PepSet/pred/5onp/seed_43/predictions/5onp_sample_0.cif B A -> /home/junjiechen/1_work/250401-Dpepalign/Benchmark/dataset/PepSet_dimer/5onp.pdb L A
Total DockQ over 1 native interfaces: 0.891 with BA:LA model:native mapping
DockQ 0.891 iRMSD 0.622 LRMSD 2.402 fnat 0.895 fnonnat 0.128 F1 0.883 clashes 0 mapping BA:LA /home/junjiechen/1_work/250401-Dpepalign/Benchmark/protenix/PepSet/pred/5onp/seed_42/predictions/5onp_sample_4.cif B A -> /home/junjiechen/1_work/250401-Dpepalign/Benchmark/dataset/PepSet_dimer/5onp.pdb L A
Total DockQ over 1 native interfaces: 0.888 with BA:LA model:native mapping
DockQ 0.888 iRMSD 0.638 LRMSD 2.464 fnat 0.895 fnonnat 0.128 F1 0.883 clashes 0 mapping BA:LA /home/junjiechen/1_work/250401-Dpepalign/Benchmark/protenix/PepSet/pred/5onp/seed_43/predictions/5onp_sample_2.cif B A -> /home/junjiechen/1_work/250401-Dpepalign/Benchmark/dataset/PepSet_dimer/5onp.pdb L A
Total DockQ over 1 native interfaces: 0.889 with BA:LA model:native mapping
DockQ 0.889 iRMSD 0.634 LRMSD 2.454 fnat 0.895 fnonnat 0.105 F1 0.895 clashes 0 mapping BA:LA /home/junjiechen/1_work/250401-Dpepalign/Benchmark/protenix/PepSet/pred/5onp/seed_43/predictions/5onp_sample_1.cif B A -> /home/junjiechen/1_work/250401-Dpepalign/Benchmark/dataset/PepSet_dimer/5onp.pdb L A
Total DockQ over 1 native interfaces: 0.885 with BA:LA model:native mapping
DockQ 0.885 iRMSD 0.651 LRMSD 2.508 fnat 0.895 fnonnat 0.105 F1 0.895 clashes 0 mapping BA:LA /home/junjiechen/1_work/250401-Dpepalign/Benchmark/protenix/PepSet/pred/5onp/seed_43/predictions/5onp_sample_3.cif B A -> /home/junjiechen/1_work/250401-Dpepalign/Benchmark/dataset/PepSet_dimer/5onp.pdb L A
Total DockQ over 1 native interfaces: 0.886 with BA:LA model:native mapping
DockQ 0.886 iRMSD 0.644 LRMSD 2.510 fnat 0.895 fnonnat 0.128 F1 0.883 clashes 0 mapping BA:LA /home/junjiechen/1_work/250401-Dpepalign/Benchmark/protenix/PepSet/pred/5onp/seed_43/predictions/5onp_sample_4.cif B A -> /home/junjiechen/1_work/250401-Dpepalign/Benchmark/dataset/PepSet_dimer/5onp.pdb L A
Total DockQ over 1 native interfaces: 0.891 with BA:LA model:native mapping
DockQ 0.891 iRMSD 0.623 LRMSD 2.392 fnat 0.895 fnonnat 0.128 F1 0.883 clashes 0 mapping BA:LA /home/junjiechen/1_work/250401-Dpepalign/Benchmark/protenix/PepSet/pred/5onp/seed_44/predictions/5onp_sample_0.cif B A -> /home/junjiechen/1_work/250401-Dpepalign/Benchmark/dataset/PepSet_dimer/5onp.pdb L A
Total DockQ over 1 native interfaces: 0.893 with BA:LA model:native mapping
DockQ 0.893 iRMSD 0.614 LRMSD 2.391 fnat 0.895 fnonnat 0.128 F1 0.883 clashes 0 mapping BA:LA /home/junjiechen/1_work/250401-Dpepalign/Benchmark/protenix/PepSet/pred/5onp/seed_44/predictions/5onp_sample_1.cif B A -> /home/junjiechen/1_work/250401-Dpepalign/Benchmark/dataset/PepSet_dimer/5onp.pdb L A
Total DockQ over 1 native interfaces: 0.891 with BA:LA model:native mapping
DockQ 0.891 iRMSD 0.624 LRMSD 2.420 fnat 0.895 fnonnat 0.128 F1 0.883 clashes 0 mapping BA:LA /home/junjiechen/1_work/250401-Dpepalign/Benchmark/protenix/PepSet/pred/5onp/seed_44/predictions/5onp_sample_2.cif B A -> /home/junjiechen/1_work/250401-Dpepalign/Benchmark/dataset/PepSet_dimer/5onp.pdb L A
Total DockQ over 1 native interfaces: 0.890 with BA:LA model:native mapping
DockQ 0.890 iRMSD 0.632 LRMSD 2.427 fnat 0.895 fnonnat 0.128 F1 0.883 clashes 0 mapping BA:LA /home/junjiechen/1_work/250401-Dpepalign/Benchmark/protenix/PepSet/pred/5onp/seed_44/predictions/5onp_sample_3.cif B A -> /home/junjiechen/1_work/250401-Dpepalign/Benchmark/dataset/PepSet_dimer/5onp.pdb L A
Total DockQ over 1 native interfaces: 0.866 with BA:LA model:native mapping
DockQ 0.866 iRMSD 0.938 LRMSD 1.513 fnat 0.911 fnonnat 0.089 F1 0.911 clashes 0 mapping BA:LA /home/junjiechen/1_work/250401-Dpepalign/Benchmark/protenix/PepSet/pred/5t0k/seed_42/predictions/5t0k_sample_1.cif B A -> /home/junjiechen/1_work/250401-Dpepalign/Benchmark/dataset/PepSet_dimer/5t0k.pdb L A
Total DockQ over 1 native interfaces: 0.874 with BA:LA model:native mapping
DockQ 0.874 iRMSD 0.853 LRMSD 0.864 fnat 0.875 fnonnat 0.039 F1 0.916 clashes 1 mapping BA:LA /home/junjiechen/1_work/250401-Dpepalign/Benchmark/protenix/PepSet/pred/5t0k/seed_42/predictions/5t0k_sample_2.cif B A -> /home/junjiechen/1_work/250401-Dpepalign/Benchmark/dataset/PepSet_dimer/5t0k.pdb L A
Total DockQ over 1 native interfaces: 0.889 with BA:LA model:native mapping
DockQ 0.889 iRMSD 0.635 LRMSD 2.447 fnat 0.895 fnonnat 0.128 F1 0.883 clashes 0 mapping BA:LA /home/junjiechen/1_work/250401-Dpepalign/Benchmark/protenix/PepSet/pred/5onp/seed_44/predictions/5onp_sample_4.cif B A -> /home/junjiechen/1_work/250401-Dpepalign/Benchmark/dataset/PepSet_dimer/5onp.pdb L A
Total DockQ over 1 native interfaces: 0.878 with BA:LA model:native mapping
DockQ 0.878 iRMSD 0.886 LRMSD 1.127 fnat 0.911 fnonnat 0.073 F1 0.919 clashes 1 mapping BA:LA /home/junjiechen/1_work/250401-Dpepalign/Benchmark/protenix/PepSet/pred/5t0k/seed_42/predictions/5t0k_sample_0.cif B A -> /home/junjiechen/1_work/250401-Dpepalign/Benchmark/dataset/PepSet_dimer/5t0k.pdb L A
Total DockQ over 1 native interfaces: 0.892 with BA:LA model:native mapping
DockQ 0.892 iRMSD 0.822 LRMSD 0.479 fnat 0.911 fnonnat 0.056 F1 0.927 clashes 0 mapping BA:LA /home/junjiechen/1_work/250401-Dpepalign/Benchmark/protenix/PepSet/pred/5t0k/seed_42/predictions/5t0k_sample_4.cif B A -> /home/junjiechen/1_work/250401-Dpepalign/Benchmark/dataset/PepSet_dimer/5t0k.pdb L A
Total DockQ over 1 native interfaces: 0.884 with BA:LA model:native mapping
DockQ 0.884 iRMSD 0.829 LRMSD 0.750 fnat 0.893 fnonnat 0.074 F1 0.909 clashes 1 mapping BA:LA /home/junjiechen/1_work/250401-Dpepalign/Benchmark/protenix/PepSet/pred/5t0k/seed_43/predictions/5t0k_sample_0.cif B A -> /home/junjiechen/1_work/250401-Dpepalign/Benchmark/dataset/PepSet_dimer/5t0k.pdb L A
Total DockQ over 1 native interfaces: 0.893 with BA:LA model:native mapping
DockQ 0.893 iRMSD 0.819 LRMSD 0.475 fnat 0.911 fnonnat 0.019 F1 0.944 clashes 0 mapping BA:LA /home/junjiechen/1_work/250401-Dpepalign/Benchmark/protenix/PepSet/pred/5t0k/seed_42/predictions/5t0k_sample_3.cif B A -> /home/junjiechen/1_work/250401-Dpepalign/Benchmark/dataset/PepSet_dimer/5t0k.pdb L A
Total DockQ over 1 native interfaces: 0.904 with BA:LA model:native mapping
DockQ 0.904 iRMSD 0.820 LRMSD 0.555 fnat 0.946 fnonnat 0.054 F1 0.946 clashes 0 mapping BA:LA /home/junjiechen/1_work/250401-Dpepalign/Benchmark/protenix/PepSet/pred/5t0k/seed_43/predictions/5t0k_sample_1.cif B A -> /home/junjiechen/1_work/250401-Dpepalign/Benchmark/dataset/PepSet_dimer/5t0k.pdb L A
Total DockQ over 1 native interfaces: 0.896 with BA:LA model:native mapping
DockQ 0.896 iRMSD 0.819 LRMSD 0.877 fnat 0.929 fnonnat 0.037 F1 0.945 clashes 0 mapping BA:LA /home/junjiechen/1_work/250401-Dpepalign/Benchmark/protenix/PepSet/pred/5t0k/seed_43/predictions/5t0k_sample_2.cif B A -> /home/junjiechen/1_work/250401-Dpepalign/Benchmark/dataset/PepSet_dimer/5t0k.pdb L A
Total DockQ over 1 native interfaces: 0.853 with BA:LA model:native mapping
DockQ 0.853 iRMSD 0.967 LRMSD 1.741 fnat 0.893 fnonnat 0.091 F1 0.901 clashes 1 mapping BA:LA /home/junjiechen/1_work/250401-Dpepalign/Benchmark/protenix/PepSet/pred/5t0k/seed_44/predictions/5t0k_sample_0.cif B A -> /home/junjiechen/1_work/250401-Dpepalign/Benchmark/dataset/PepSet_dimer/5t0k.pdb L A
Total DockQ over 1 native interfaces: 0.889 with BA:LA model:native mapping
DockQ 0.889 iRMSD 0.842 LRMSD 0.531 fnat 0.911 fnonnat 0.073 F1 0.919 clashes 0 mapping BA:LA /home/junjiechen/1_work/250401-Dpepalign/Benchmark/protenix/PepSet/pred/5t0k/seed_43/predictions/5t0k_sample_4.cif B A -> /home/junjiechen/1_work/250401-Dpepalign/Benchmark/dataset/PepSet_dimer/5t0k.pdb L A
Total DockQ over 1 native interfaces: 0.888 with BA:LA model:native mapping
DockQ 0.888 iRMSD 0.849 LRMSD 0.594 fnat 0.911 fnonnat 0.038 F1 0.936 clashes 0 mapping BA:LA /home/junjiechen/1_work/250401-Dpepalign/Benchmark/protenix/PepSet/pred/5t0k/seed_44/predictions/5t0k_sample_2.cif B A -> /home/junjiechen/1_work/250401-Dpepalign/Benchmark/dataset/PepSet_dimer/5t0k.pdb L A
Total DockQ over 1 native interfaces: 0.896 with BA:LA model:native mapping
DockQ 0.896 iRMSD 0.831 LRMSD 0.619 fnat 0.929 fnonnat 0.037 F1 0.945 clashes 0 mapping BA:LA /home/junjiechen/1_work/250401-Dpepalign/Benchmark/protenix/PepSet/pred/5t0k/seed_43/predictions/5t0k_sample_3.cif B A -> /home/junjiechen/1_work/250401-Dpepalign/Benchmark/dataset/PepSet_dimer/5t0k.pdb L A
Total DockQ over 1 native interfaces: 0.908 with BA:LA model:native mapping
DockQ 0.908 iRMSD 0.704 LRMSD 1.866 fnat 0.951 fnonnat 0.093 F1 0.929 clashes 0 mapping BA:LA /home/junjiechen/1_work/250401-Dpepalign/Benchmark/protenix/PepSet/pred/5tgi/seed_42/predictions/5tgi_sample_0.cif B A -> /home/junjiechen/1_work/250401-Dpepalign/Benchmark/dataset/PepSet_dimer/5tgi.pdb L A
Total DockQ over 1 native interfaces: 0.883 with BA:LA model:native mapping
DockQ 0.883 iRMSD 0.892 LRMSD 1.175 fnat 0.929 fnonnat 0.071 F1 0.929 clashes 0 mapping BA:LA /home/junjiechen/1_work/250401-Dpepalign/Benchmark/protenix/PepSet/pred/5t0k/seed_44/predictions/5t0k_sample_1.cif B A -> /home/junjiechen/1_work/250401-Dpepalign/Benchmark/dataset/PepSet_dimer/5t0k.pdb L A
Total DockQ over 1 native interfaces: 0.873 with BA:LA model:native mapping
DockQ 0.873 iRMSD 0.860 LRMSD 0.820 fnat 0.875 fnonnat 0.075 F1 0.899 clashes 0 mapping BA:LA /home/junjiechen/1_work/250401-Dpepalign/Benchmark/protenix/PepSet/pred/5t0k/seed_44/predictions/5t0k_sample_4.cif B A -> /home/junjiechen/1_work/250401-Dpepalign/Benchmark/dataset/PepSet_dimer/5t0k.pdb L A
Total DockQ over 1 native interfaces: 0.891 with BA:LA model:native mapping
DockQ 0.891 iRMSD 0.863 LRMSD 2.027 fnat 0.976 fnonnat 0.091 F1 0.941 clashes 0 mapping BA:LA /home/junjiechen/1_work/250401-Dpepalign/Benchmark/protenix/PepSet/pred/5tgi/seed_42/predictions/5tgi_sample_1.cif B A -> /home/junjiechen/1_work/250401-Dpepalign/Benchmark/dataset/PepSet_dimer/5tgi.pdb L A
Total DockQ over 1 native interfaces: 0.894 with BA:LA model:native mapping
DockQ 0.894 iRMSD 0.858 LRMSD 1.106 fnat 0.946 fnonnat 0.070 F1 0.938 clashes 0 mapping BA:LA /home/junjiechen/1_work/250401-Dpepalign/Benchmark/protenix/PepSet/pred/5t0k/seed_44/predictions/5t0k_sample_3.cif B A -> /home/junjiechen/1_work/250401-Dpepalign/Benchmark/dataset/PepSet_dimer/5t0k.pdb L A
Total DockQ over 1 native interfaces: 0.947 with BA:LA model:native mapping
DockQ 0.947 iRMSD 0.570 LRMSD 1.587 fnat 1.000 fnonnat 0.089 F1 0.953 clashes 0 mapping BA:LA /home/junjiechen/1_work/250401-Dpepalign/Benchmark/protenix/PepSet/pred/5tgi/seed_42/predictions/5tgi_sample_2.cif B A -> /home/junjiechen/1_work/250401-Dpepalign/Benchmark/dataset/PepSet_dimer/5tgi.pdb L A
Total DockQ over 1 native interfaces: 0.919 with BA:LA model:native mapping
DockQ 0.919 iRMSD 0.676 LRMSD 1.952 fnat 0.976 fnonnat 0.091 F1 0.941 clashes 0 mapping BA:LA /home/junjiechen/1_work/250401-Dpepalign/Benchmark/protenix/PepSet/pred/5tgi/seed_42/predictions/5tgi_sample_3.cif B A -> /home/junjiechen/1_work/250401-Dpepalign/Benchmark/dataset/PepSet_dimer/5tgi.pdb L A
Total DockQ over 1 native interfaces: 0.854 with BA:LA model:native mapping
DockQ 0.854 iRMSD 0.963 LRMSD 2.782 fnat 0.951 fnonnat 0.220 F1 0.857 clashes 0 mapping BA:LA /home/junjiechen/1_work/250401-Dpepalign/Benchmark/protenix/PepSet/pred/5tgi/seed_42/predictions/5tgi_sample_4.cif B A -> /home/junjiechen/1_work/250401-Dpepalign/Benchmark/dataset/PepSet_dimer/5tgi.pdb L A
Total DockQ over 1 native interfaces: 0.900 with BA:LA model:native mapping
DockQ 0.900 iRMSD 0.768 LRMSD 2.317 fnat 0.976 fnonnat 0.091 F1 0.941 clashes 0 mapping BA:LA /home/junjiechen/1_work/250401-Dpepalign/Benchmark/protenix/PepSet/pred/5tgi/seed_43/predictions/5tgi_sample_1.cif B A -> /home/junjiechen/1_work/250401-Dpepalign/Benchmark/dataset/PepSet_dimer/5tgi.pdb L A
Total DockQ over 1 native interfaces: 0.937 with BA:LA model:native mapping
DockQ 0.937 iRMSD 0.584 LRMSD 1.573 fnat 0.976 fnonnat 0.111 F1 0.930 clashes 0 mapping BA:LA /home/junjiechen/1_work/250401-Dpepalign/Benchmark/protenix/PepSet/pred/5tgi/seed_44/predictions/5tgi_sample_0.cif B A -> /home/junjiechen/1_work/250401-Dpepalign/Benchmark/dataset/PepSet_dimer/5tgi.pdb L A
Total DockQ over 1 native interfaces: 0.917 with BA:LA model:native mapping
DockQ 0.917 iRMSD 0.685 LRMSD 1.959 fnat 0.976 fnonnat 0.111 F1 0.930 clashes 0 mapping BA:LA /home/junjiechen/1_work/250401-Dpepalign/Benchmark/protenix/PepSet/pred/5tgi/seed_43/predictions/5tgi_sample_0.cif B A -> /home/junjiechen/1_work/250401-Dpepalign/Benchmark/dataset/PepSet_dimer/5tgi.pdb L A
Total DockQ over 1 native interfaces: 0.927 with BA:LA model:native mapping
DockQ 0.927 iRMSD 0.638 LRMSD 1.738 fnat 0.976 fnonnat 0.070 F1 0.952 clashes 0 mapping BA:LA /home/junjiechen/1_work/250401-Dpepalign/Benchmark/protenix/PepSet/pred/5tgi/seed_43/predictions/5tgi_sample_3.cif B A -> /home/junjiechen/1_work/250401-Dpepalign/Benchmark/dataset/PepSet_dimer/5tgi.pdb L A
Total DockQ over 1 native interfaces: 0.898 with BA:LA model:native mapping
DockQ 0.898 iRMSD 0.770 LRMSD 2.373 fnat 0.976 fnonnat 0.091 F1 0.941 clashes 0 mapping BA:LA /home/junjiechen/1_work/250401-Dpepalign/Benchmark/protenix/PepSet/pred/5tgi/seed_43/predictions/5tgi_sample_2.cif B A -> /home/junjiechen/1_work/250401-Dpepalign/Benchmark/dataset/PepSet_dimer/5tgi.pdb L A
Total DockQ over 1 native interfaces: 0.908 with BA:LA model:native mapping
DockQ 0.908 iRMSD 0.741 LRMSD 2.059 fnat 0.976 fnonnat 0.130 F1 0.920 clashes 0 mapping BA:LA /home/junjiechen/1_work/250401-Dpepalign/Benchmark/protenix/PepSet/pred/5tgi/seed_44/predictions/5tgi_sample_3.cif B A -> /home/junjiechen/1_work/250401-Dpepalign/Benchmark/dataset/PepSet_dimer/5tgi.pdb L A
Total DockQ over 1 native interfaces: 0.843 with BA:LA model:native mapping
DockQ 0.843 iRMSD 1.007 LRMSD 3.007 fnat 0.951 fnonnat 0.250 F1 0.839 clashes 0 mapping BA:LA /home/junjiechen/1_work/250401-Dpepalign/Benchmark/protenix/PepSet/pred/5tgi/seed_43/predictions/5tgi_sample_4.cif B A -> /home/junjiechen/1_work/250401-Dpepalign/Benchmark/dataset/PepSet_dimer/5tgi.pdb L A
Total DockQ over 1 native interfaces: 0.926 with BA:LA model:native mapping
DockQ 0.926 iRMSD 0.670 LRMSD 1.565 fnat 0.976 fnonnat 0.070 F1 0.952 clashes 0 mapping BA:LA /home/junjiechen/1_work/250401-Dpepalign/Benchmark/protenix/PepSet/pred/5tgi/seed_44/predictions/5tgi_sample_1.cif B A -> /home/junjiechen/1_work/250401-Dpepalign/Benchmark/dataset/PepSet_dimer/5tgi.pdb L A
Total DockQ over 1 native interfaces: 0.863 with BA:LA model:native mapping
DockQ 0.863 iRMSD 0.947 LRMSD 2.852 fnat 0.976 fnonnat 0.259 F1 0.842 clashes 0 mapping BA:LA /home/junjiechen/1_work/250401-Dpepalign/Benchmark/protenix/PepSet/pred/5tgi/seed_44/predictions/5tgi_sample_4.cif B A -> /home/junjiechen/1_work/250401-Dpepalign/Benchmark/dataset/PepSet_dimer/5tgi.pdb L A
Total DockQ over 1 native interfaces: 0.911 with BA:LA model:native mapping
DockQ 0.911 iRMSD 0.714 LRMSD 2.117 fnat 0.976 fnonnat 0.149 F1 0.909 clashes 0 mapping BA:LA /home/junjiechen/1_work/250401-Dpepalign/Benchmark/protenix/PepSet/pred/5tgi/seed_44/predictions/5tgi_sample_2.cif B A -> /home/junjiechen/1_work/250401-Dpepalign/Benchmark/dataset/PepSet_dimer/5tgi.pdb L A
Total DockQ over 1 native interfaces: 0.965 with BA:LA model:native mapping
DockQ 0.965 iRMSD 0.260 LRMSD 1.020 fnat 0.938 fnonnat 0.062 F1 0.938 clashes 0 mapping BA:LA /home/junjiechen/1_work/250401-Dpepalign/Benchmark/protenix/PepSet/pred/5v2p/seed_42/predictions/5v2p_sample_0.cif B A -> /home/junjiechen/1_work/250401-Dpepalign/Benchmark/dataset/PepSet_dimer/5v2p.pdb L A
Total DockQ over 1 native interfaces: 0.960 with BA:LA model:native mapping
DockQ 0.960 iRMSD 0.378 LRMSD 1.153 fnat 0.958 fnonnat 0.061 F1 0.948 clashes 0 mapping BA:LA /home/junjiechen/1_work/250401-Dpepalign/Benchmark/protenix/PepSet/pred/5v2p/seed_42/predictions/5v2p_sample_4.cif B A -> /home/junjiechen/1_work/250401-Dpepalign/Benchmark/dataset/PepSet_dimer/5v2p.pdb L A
Total DockQ over 1 native interfaces: 0.965 with BA:LA model:native mapping
DockQ 0.965 iRMSD 0.303 LRMSD 1.328 fnat 0.958 fnonnat 0.098 F1 0.929 clashes 0 mapping BA:LA /home/junjiechen/1_work/250401-Dpepalign/Benchmark/protenix/PepSet/pred/5v2p/seed_42/predictions/5v2p_sample_3.cif B A -> /home/junjiechen/1_work/250401-Dpepalign/Benchmark/dataset/PepSet_dimer/5v2p.pdb L A
Total DockQ over 1 native interfaces: 0.975 with BA:LA model:native mapping
DockQ 0.975 iRMSD 0.234 LRMSD 0.779 fnat 0.958 fnonnat 0.042 F1 0.958 clashes 0 mapping BA:LA /home/junjiechen/1_work/250401-Dpepalign/Benchmark/protenix/PepSet/pred/5v2p/seed_42/predictions/5v2p_sample_1.cif B A -> /home/junjiechen/1_work/250401-Dpepalign/Benchmark/dataset/PepSet_dimer/5v2p.pdb L A
Total DockQ over 1 native interfaces: 0.970 with BA:LA model:native mapping
DockQ 0.970 iRMSD 0.207 LRMSD 0.755 fnat 0.938 fnonnat 0.082 F1 0.928 clashes 0 mapping BA:LA /home/junjiechen/1_work/250401-Dpepalign/Benchmark/protenix/PepSet/pred/5v2p/seed_43/predictions/5v2p_sample_0.cif B A -> /home/junjiechen/1_work/250401-Dpepalign/Benchmark/dataset/PepSet_dimer/5v2p.pdb L A
Total DockQ over 1 native interfaces: 0.967 with BA:LA model:native mapping
DockQ 0.967 iRMSD 0.239 LRMSD 0.923 fnat 0.938 fnonnat 0.082 F1 0.928 clashes 0 mapping BA:LA /home/junjiechen/1_work/250401-Dpepalign/Benchmark/protenix/PepSet/pred/5v2p/seed_43/predictions/5v2p_sample_1.cif B A -> /home/junjiechen/1_work/250401-Dpepalign/Benchmark/dataset/PepSet_dimer/5v2p.pdb L A
Total DockQ over 1 native interfaces: 0.974 with BA:LA model:native mapping
DockQ 0.974 iRMSD 0.268 LRMSD 1.388 fnat 0.979 fnonnat 0.078 F1 0.949 clashes 0 mapping BA:LA /home/junjiechen/1_work/250401-Dpepalign/Benchmark/protenix/PepSet/pred/5v2p/seed_43/predictions/5v2p_sample_2.cif B A -> /home/junjiechen/1_work/250401-Dpepalign/Benchmark/dataset/PepSet_dimer/5v2p.pdb L A
Total DockQ over 1 native interfaces: 0.970 with BA:LA model:native mapping
DockQ 0.970 iRMSD 0.270 LRMSD 1.083 fnat 0.958 fnonnat 0.061 F1 0.948 clashes 0 mapping BA:LA /home/junjiechen/1_work/250401-Dpepalign/Benchmark/protenix/PepSet/pred/5v2p/seed_43/predictions/5v2p_sample_3.cif B A -> /home/junjiechen/1_work/250401-Dpepalign/Benchmark/dataset/PepSet_dimer/5v2p.pdb L A
Total DockQ over 1 native interfaces: 0.959 with BA:LA model:native mapping
DockQ 0.959 iRMSD 0.285 LRMSD 1.348 fnat 0.938 fnonnat 0.082 F1 0.928 clashes 0 mapping BA:LA /home/junjiechen/1_work/250401-Dpepalign/Benchmark/protenix/PepSet/pred/5v2p/seed_42/predictions/5v2p_sample_2.cif B A -> /home/junjiechen/1_work/250401-Dpepalign/Benchmark/dataset/PepSet_dimer/5v2p.pdb L A
Total DockQ over 1 native interfaces: 0.970 with BA:LA model:native mapping
DockQ 0.970 iRMSD 0.261 LRMSD 1.159 fnat 0.958 fnonnat 0.021 F1 0.968 clashes 0 mapping BA:LA /home/junjiechen/1_work/250401-Dpepalign/Benchmark/protenix/PepSet/pred/5v2p/seed_43/predictions/5v2p_sample_4.cif B A -> /home/junjiechen/1_work/250401-Dpepalign/Benchmark/dataset/PepSet_dimer/5v2p.pdb L A
Total DockQ over 1 native interfaces: 0.972 with BA:LA model:native mapping
DockQ 0.972 iRMSD 0.273 LRMSD 0.919 fnat 0.958 fnonnat 0.080 F1 0.939 clashes 0 mapping BA:LA /home/junjiechen/1_work/250401-Dpepalign/Benchmark/protenix/PepSet/pred/5v2p/seed_44/predictions/5v2p_sample_0.cif B A -> /home/junjiechen/1_work/250401-Dpepalign/Benchmark/dataset/PepSet_dimer/5v2p.pdb L A
Total DockQ over 1 native interfaces: 0.968 with BA:LA model:native mapping
DockQ 0.968 iRMSD 0.230 LRMSD 0.906 fnat 0.938 fnonnat 0.082 F1 0.928 clashes 0 mapping BA:LA /home/junjiechen/1_work/250401-Dpepalign/Benchmark/protenix/PepSet/pred/5v2p/seed_44/predictions/5v2p_sample_2.cif B A -> /home/junjiechen/1_work/250401-Dpepalign/Benchmark/dataset/PepSet_dimer/5v2p.pdb L A
Total DockQ over 1 native interfaces: 0.967 with BA:LA model:native mapping
DockQ 0.967 iRMSD 0.222 LRMSD 1.015 fnat 0.938 fnonnat 0.100 F1 0.918 clashes 0 mapping BA:LA /home/junjiechen/1_work/250401-Dpepalign/Benchmark/protenix/PepSet/pred/5v2p/seed_44/predictions/5v2p_sample_3.cif B A -> /home/junjiechen/1_work/250401-Dpepalign/Benchmark/dataset/PepSet_dimer/5v2p.pdb L A
Total DockQ over 1 native interfaces: 0.927 with BA:LA model:native mapping
DockQ 0.927 iRMSD 0.480 LRMSD 1.261 fnat 0.897 fnonnat 0.103 F1 0.897 clashes 0 mapping BA:LA /home/junjiechen/1_work/250401-Dpepalign/Benchmark/protenix/PepSet/pred/5v3r/seed_42/predictions/5v3r_sample_0.cif B A -> /home/junjiechen/1_work/250401-Dpepalign/Benchmark/dataset/PepSet_dimer/5v3r.pdb L A
Total DockQ over 1 native interfaces: 0.906 with BA:LA model:native mapping
DockQ 0.906 iRMSD 0.596 LRMSD 1.816 fnat 0.897 fnonnat 0.071 F1 0.912 clashes 0 mapping BA:LA /home/junjiechen/1_work/250401-Dpepalign/Benchmark/protenix/PepSet/pred/5v3r/seed_42/predictions/5v3r_sample_2.cif B A -> /home/junjiechen/1_work/250401-Dpepalign/Benchmark/dataset/PepSet_dimer/5v3r.pdb L A
Total DockQ over 1 native interfaces: 0.962 with BA:LA model:native mapping
DockQ 0.962 iRMSD 0.268 LRMSD 1.221 fnat 0.938 fnonnat 0.100 F1 0.918 clashes 0 mapping BA:LA /home/junjiechen/1_work/250401-Dpepalign/Benchmark/protenix/PepSet/pred/5v2p/seed_44/predictions/5v2p_sample_1.cif B A -> /home/junjiechen/1_work/250401-Dpepalign/Benchmark/dataset/PepSet_dimer/5v2p.pdb L A
Total DockQ over 1 native interfaces: 0.906 with BA:LA model:native mapping
DockQ 0.906 iRMSD 0.551 LRMSD 1.382 fnat 0.862 fnonnat 0.138 F1 0.862 clashes 0 mapping BA:LA /home/junjiechen/1_work/250401-Dpepalign/Benchmark/protenix/PepSet/pred/5v3r/seed_42/predictions/5v3r_sample_1.cif B A -> /home/junjiechen/1_work/250401-Dpepalign/Benchmark/dataset/PepSet_dimer/5v3r.pdb L A
Total DockQ over 1 native interfaces: 0.967 with BA:LA model:native mapping
DockQ 0.967 iRMSD 0.260 LRMSD 0.780 fnat 0.938 fnonnat 0.100 F1 0.918 clashes 0 mapping BA:LA /home/junjiechen/1_work/250401-Dpepalign/Benchmark/protenix/PepSet/pred/5v2p/seed_44/predictions/5v2p_sample_4.cif B A -> /home/junjiechen/1_work/250401-Dpepalign/Benchmark/dataset/PepSet_dimer/5v2p.pdb L A
Total DockQ over 1 native interfaces: 0.913 with BA:LA model:native mapping
DockQ 0.913 iRMSD 0.567 LRMSD 1.575 fnat 0.897 fnonnat 0.103 F1 0.897 clashes 0 mapping BA:LA /home/junjiechen/1_work/250401-Dpepalign/Benchmark/protenix/PepSet/pred/5v3r/seed_42/predictions/5v3r_sample_4.cif B A -> /home/junjiechen/1_work/250401-Dpepalign/Benchmark/dataset/PepSet_dimer/5v3r.pdb L A
Total DockQ over 1 native interfaces: 0.934 with BA:LA model:native mapping
DockQ 0.934 iRMSD 0.438 LRMSD 1.085 fnat 0.897 fnonnat 0.133 F1 0.881 clashes 0 mapping BA:LA /home/junjiechen/1_work/250401-Dpepalign/Benchmark/protenix/PepSet/pred/5v3r/seed_42/predictions/5v3r_sample_3.cif B A -> /home/junjiechen/1_work/250401-Dpepalign/Benchmark/dataset/PepSet_dimer/5v3r.pdb L A
Total DockQ over 1 native interfaces: 0.899 with BA:LA model:native mapping
DockQ 0.899 iRMSD 0.588 LRMSD 1.539 fnat 0.862 fnonnat 0.138 F1 0.862 clashes 0 mapping BA:LA /home/junjiechen/1_work/250401-Dpepalign/Benchmark/protenix/PepSet/pred/5v3r/seed_43/predictions/5v3r_sample_0.cif B A -> /home/junjiechen/1_work/250401-Dpepalign/Benchmark/dataset/PepSet_dimer/5v3r.pdb L A
Total DockQ over 1 native interfaces: 0.906 with BA:LA model:native mapping
DockQ 0.906 iRMSD 0.539 LRMSD 1.453 fnat 0.862 fnonnat 0.138 F1 0.862 clashes 0 mapping BA:LA /home/junjiechen/1_work/250401-Dpepalign/Benchmark/protenix/PepSet/pred/5v3r/seed_43/predictions/5v3r_sample_1.cif B A -> /home/junjiechen/1_work/250401-Dpepalign/Benchmark/dataset/PepSet_dimer/5v3r.pdb L A
Total DockQ over 1 native interfaces: 0.918 with BA:LA model:native mapping
DockQ 0.918 iRMSD 0.544 LRMSD 1.402 fnat 0.897 fnonnat 0.103 F1 0.897 clashes 0 mapping BA:LA /home/junjiechen/1_work/250401-Dpepalign/Benchmark/protenix/PepSet/pred/5v3r/seed_44/predictions/5v3r_sample_0.cif B A -> /home/junjiechen/1_work/250401-Dpepalign/Benchmark/dataset/PepSet_dimer/5v3r.pdb L A
Total DockQ over 1 native interfaces: 0.929 with BA:LA model:native mapping
DockQ 0.929 iRMSD 0.478 LRMSD 1.140 fnat 0.897 fnonnat 0.103 F1 0.897 clashes 0 mapping BA:LA /home/junjiechen/1_work/250401-Dpepalign/Benchmark/protenix/PepSet/pred/5v3r/seed_43/predictions/5v3r_sample_2.cif B A -> /home/junjiechen/1_work/250401-Dpepalign/Benchmark/dataset/PepSet_dimer/5v3r.pdb L A
Total DockQ over 1 native interfaces: 0.907 with BA:LA model:native mapping
DockQ 0.907 iRMSD 0.551 LRMSD 1.323 fnat 0.862 fnonnat 0.138 F1 0.862 clashes 0 mapping BA:LA /home/junjiechen/1_work/250401-Dpepalign/Benchmark/protenix/PepSet/pred/5v3r/seed_43/predictions/5v3r_sample_3.cif B A -> /home/junjiechen/1_work/250401-Dpepalign/Benchmark/dataset/PepSet_dimer/5v3r.pdb L A
Total DockQ over 1 native interfaces: 0.926 with BA:LA model:native mapping
DockQ 0.926 iRMSD 0.541 LRMSD 1.684 fnat 0.931 fnonnat 0.100 F1 0.915 clashes 0 mapping BA:LA /home/junjiechen/1_work/250401-Dpepalign/Benchmark/protenix/PepSet/pred/5v3r/seed_43/predictions/5v3r_sample_4.cif B A -> /home/junjiechen/1_work/250401-Dpepalign/Benchmark/dataset/PepSet_dimer/5v3r.pdb L A
Total DockQ over 1 native interfaces: 0.917 with BA:LA model:native mapping
DockQ 0.917 iRMSD 0.470 LRMSD 1.246 fnat 0.862 fnonnat 0.107 F1 0.877 clashes 0 mapping BA:LA /home/junjiechen/1_work/250401-Dpepalign/Benchmark/protenix/PepSet/pred/5v3r/seed_44/predictions/5v3r_sample_3.cif B A -> /home/junjiechen/1_work/250401-Dpepalign/Benchmark/dataset/PepSet_dimer/5v3r.pdb L A
Total DockQ over 1 native interfaces: 0.906 with BA:LA model:native mapping
DockQ 0.906 iRMSD 0.558 LRMSD 1.293 fnat 0.862 fnonnat 0.107 F1 0.877 clashes 0 mapping BA:LA /home/junjiechen/1_work/250401-Dpepalign/Benchmark/protenix/PepSet/pred/5v3r/seed_44/predictions/5v3r_sample_4.cif B A -> /home/junjiechen/1_work/250401-Dpepalign/Benchmark/dataset/PepSet_dimer/5v3r.pdb L A
Total DockQ over 1 native interfaces: 0.904 with BA:LA model:native mapping
DockQ 0.904 iRMSD 0.534 LRMSD 1.666 fnat 0.862 fnonnat 0.107 F1 0.877 clashes 0 mapping BA:LA /home/junjiechen/1_work/250401-Dpepalign/Benchmark/protenix/PepSet/pred/5v3r/seed_44/predictions/5v3r_sample_2.cif B A -> /home/junjiechen/1_work/250401-Dpepalign/Benchmark/dataset/PepSet_dimer/5v3r.pdb L A
Total DockQ over 1 native interfaces: 0.936 with BA:LA model:native mapping
DockQ 0.936 iRMSD 0.356 LRMSD 0.710 fnat 0.870 fnonnat 0.111 F1 0.879 clashes 0 mapping BA:LA /home/junjiechen/1_work/250401-Dpepalign/Benchmark/protenix/PepSet/pred/5wfv/seed_42/predictions/5wfv_sample_0.cif B A -> /home/junjiechen/1_work/250401-Dpepalign/Benchmark/dataset/PepSet_dimer/5wfv.pdb L A
Total DockQ over 1 native interfaces: 0.895 with BA:LA model:native mapping
DockQ 0.895 iRMSD 0.590 LRMSD 1.805 fnat 0.862 fnonnat 0.107 F1 0.877 clashes 0 mapping BA:LA /home/junjiechen/1_work/250401-Dpepalign/Benchmark/protenix/PepSet/pred/5v3r/seed_44/predictions/5v3r_sample_1.cif B A -> /home/junjiechen/1_work/250401-Dpepalign/Benchmark/dataset/PepSet_dimer/5v3r.pdb L A
Total DockQ over 1 native interfaces: 0.946 with BA:LA model:native mapping
DockQ 0.946 iRMSD 0.331 LRMSD 0.662 fnat 0.891 fnonnat 0.068 F1 0.911 clashes 1 mapping BA:LA /home/junjiechen/1_work/250401-Dpepalign/Benchmark/protenix/PepSet/pred/5wfv/seed_42/predictions/5wfv_sample_1.cif B A -> /home/junjiechen/1_work/250401-Dpepalign/Benchmark/dataset/PepSet_dimer/5wfv.pdb L A
Total DockQ over 1 native interfaces: 0.936 with BA:LA model:native mapping
DockQ 0.936 iRMSD 0.356 LRMSD 0.725 fnat 0.870 fnonnat 0.111 F1 0.879 clashes 1 mapping BA:LA /home/junjiechen/1_work/250401-Dpepalign/Benchmark/protenix/PepSet/pred/5wfv/seed_42/predictions/5wfv_sample_2.cif B A -> /home/junjiechen/1_work/250401-Dpepalign/Benchmark/dataset/PepSet_dimer/5wfv.pdb L A
Total DockQ over 1 native interfaces: 0.936 with BA:LA model:native mapping
DockQ 0.936 iRMSD 0.358 LRMSD 0.690 fnat 0.870 fnonnat 0.070 F1 0.899 clashes 1 mapping BA:LA /home/junjiechen/1_work/250401-Dpepalign/Benchmark/protenix/PepSet/pred/5wfv/seed_42/predictions/5wfv_sample_3.cif B A -> /home/junjiechen/1_work/250401-Dpepalign/Benchmark/dataset/PepSet_dimer/5wfv.pdb L A
Total DockQ over 1 native interfaces: 0.939 with BA:LA model:native mapping
DockQ 0.939 iRMSD 0.333 LRMSD 0.576 fnat 0.870 fnonnat 0.111 F1 0.879 clashes 1 mapping BA:LA /home/junjiechen/1_work/250401-Dpepalign/Benchmark/protenix/PepSet/pred/5wfv/seed_42/predictions/5wfv_sample_4.cif B A -> /home/junjiechen/1_work/250401-Dpepalign/Benchmark/dataset/PepSet_dimer/5wfv.pdb L A
Total DockQ over 1 native interfaces: 0.931 with BA:LA model:native mapping
DockQ 0.931 iRMSD 0.396 LRMSD 0.913 fnat 0.870 fnonnat 0.091 F1 0.889 clashes 0 mapping BA:LA /home/junjiechen/1_work/250401-Dpepalign/Benchmark/protenix/PepSet/pred/5wfv/seed_43/predictions/5wfv_sample_0.cif B A -> /home/junjiechen/1_work/250401-Dpepalign/Benchmark/dataset/PepSet_dimer/5wfv.pdb L A
Total DockQ over 1 native interfaces: 0.930 with BA:LA model:native mapping
DockQ 0.930 iRMSD 0.353 LRMSD 0.684 fnat 0.848 fnonnat 0.093 F1 0.876 clashes 0 mapping BA:LA /home/junjiechen/1_work/250401-Dpepalign/Benchmark/protenix/PepSet/pred/5wfv/seed_43/predictions/5wfv_sample_3.cif B A -> /home/junjiechen/1_work/250401-Dpepalign/Benchmark/dataset/PepSet_dimer/5wfv.pdb L A
Total DockQ over 1 native interfaces: 0.932 with BA:LA model:native mapping
DockQ 0.932 iRMSD 0.330 LRMSD 0.666 fnat 0.848 fnonnat 0.093 F1 0.876 clashes 0 mapping BA:LA /home/junjiechen/1_work/250401-Dpepalign/Benchmark/protenix/PepSet/pred/5wfv/seed_43/predictions/5wfv_sample_4.cif B A -> /home/junjiechen/1_work/250401-Dpepalign/Benchmark/dataset/PepSet_dimer/5wfv.pdb L A
Total DockQ over 1 native interfaces: 0.929 with BA:LA model:native mapping
DockQ 0.929 iRMSD 0.356 LRMSD 0.797 fnat 0.848 fnonnat 0.071 F1 0.886 clashes 0 mapping BA:LA /home/junjiechen/1_work/250401-Dpepalign/Benchmark/protenix/PepSet/pred/5wfv/seed_43/predictions/5wfv_sample_1.cif B A -> /home/junjiechen/1_work/250401-Dpepalign/Benchmark/dataset/PepSet_dimer/5wfv.pdb L A
Total DockQ over 1 native interfaces: 0.932 with BA:LA model:native mapping
DockQ 0.932 iRMSD 0.392 LRMSD 0.777 fnat 0.870 fnonnat 0.091 F1 0.889 clashes 1 mapping BA:LA /home/junjiechen/1_work/250401-Dpepalign/Benchmark/protenix/PepSet/pred/5wfv/seed_43/predictions/5wfv_sample_2.cif B A -> /home/junjiechen/1_work/250401-Dpepalign/Benchmark/dataset/PepSet_dimer/5wfv.pdb L A
Total DockQ over 1 native interfaces: 0.925 with BA:LA model:native mapping
DockQ 0.925 iRMSD 0.389 LRMSD 0.809 fnat 0.848 fnonnat 0.093 F1 0.876 clashes 1 mapping BA:LA /home/junjiechen/1_work/250401-Dpepalign/Benchmark/protenix/PepSet/pred/5wfv/seed_44/predictions/5wfv_sample_0.cif B A -> /home/junjiechen/1_work/250401-Dpepalign/Benchmark/dataset/PepSet_dimer/5wfv.pdb L A
Total DockQ over 1 native interfaces: 0.921 with BA:LA model:native mapping
DockQ 0.921 iRMSD 0.359 LRMSD 0.785 fnat 0.826 fnonnat 0.116 F1 0.854 clashes 1 mapping BA:LA /home/junjiechen/1_work/250401-Dpepalign/Benchmark/protenix/PepSet/pred/5wfv/seed_44/predictions/5wfv_sample_1.cif B A -> /home/junjiechen/1_work/250401-Dpepalign/Benchmark/dataset/PepSet_dimer/5wfv.pdb L A
Total DockQ over 1 native interfaces: 0.935 with BA:LA model:native mapping
DockQ 0.935 iRMSD 0.368 LRMSD 0.729 fnat 0.870 fnonnat 0.070 F1 0.899 clashes 0 mapping BA:LA /home/junjiechen/1_work/250401-Dpepalign/Benchmark/protenix/PepSet/pred/5wfv/seed_44/predictions/5wfv_sample_2.cif B A -> /home/junjiechen/1_work/250401-Dpepalign/Benchmark/dataset/PepSet_dimer/5wfv.pdb L A
Total DockQ over 1 native interfaces: 0.936 with BA:LA model:native mapping
DockQ 0.936 iRMSD 0.371 LRMSD 0.608 fnat 0.870 fnonnat 0.091 F1 0.889 clashes 1 mapping BA:LA /home/junjiechen/1_work/250401-Dpepalign/Benchmark/protenix/PepSet/pred/5wfv/seed_44/predictions/5wfv_sample_4.cif B A -> /home/junjiechen/1_work/250401-Dpepalign/Benchmark/dataset/PepSet_dimer/5wfv.pdb L A
Total DockQ over 1 native interfaces: 0.037 with BA:LB model:native mapping
DockQ 0.037 iRMSD 9.752 LRMSD 27.274 fnat 0.000 fnonnat 1.000 F1 0.000 clashes 1 mapping BA:LB /home/junjiechen/1_work/250401-Dpepalign/Benchmark/protenix/PepSet/pred/5wyi/seed_42/predictions/5wyi_sample_2.cif B A -> /home/junjiechen/1_work/250401-Dpepalign/Benchmark/dataset/PepSet_dimer/5wyi.pdb L B
Total DockQ over 1 native interfaces: 0.045 with BA:LB model:native mapping
DockQ 0.045 iRMSD 8.424 LRMSD 24.788 fnat 0.000 fnonnat 1.000 F1 0.000 clashes 0 mapping BA:LB /home/junjiechen/1_work/250401-Dpepalign/Benchmark/protenix/PepSet/pred/5wyi/seed_42/predictions/5wyi_sample_0.cif B A -> /home/junjiechen/1_work/250401-Dpepalign/Benchmark/dataset/PepSet_dimer/5wyi.pdb L B
Total DockQ over 1 native interfaces: 0.942 with BA:LA model:native mapping
DockQ 0.942 iRMSD 0.377 LRMSD 0.715 fnat 0.891 fnonnat 0.089 F1 0.901 clashes 1 mapping BA:LA /home/junjiechen/1_work/250401-Dpepalign/Benchmark/protenix/PepSet/pred/5wfv/seed_44/predictions/5wfv_sample_3.cif B A -> /home/junjiechen/1_work/250401-Dpepalign/Benchmark/dataset/PepSet_dimer/5wfv.pdb L A
Total DockQ over 1 native interfaces: 0.047 with BA:LB model:native mapping
DockQ 0.047 iRMSD 8.356 LRMSD 24.276 fnat 0.000 fnonnat 1.000 F1 0.000 clashes 0 mapping BA:LB /home/junjiechen/1_work/250401-Dpepalign/Benchmark/protenix/PepSet/pred/5wyi/seed_42/predictions/5wyi_sample_1.cif B A -> /home/junjiechen/1_work/250401-Dpepalign/Benchmark/dataset/PepSet_dimer/5wyi.pdb L B
Total DockQ over 1 native interfaces: 0.177 with BA:LB model:native mapping
DockQ 0.177 iRMSD 6.256 LRMSD 16.067 fnat 0.259 fnonnat 0.833 F1 0.203 clashes 1 mapping BA:LB /home/junjiechen/1_work/250401-Dpepalign/Benchmark/protenix/PepSet/pred/5wyi/seed_42/predictions/5wyi_sample_4.cif B A -> /home/junjiechen/1_work/250401-Dpepalign/Benchmark/dataset/PepSet_dimer/5wyi.pdb L B
Total DockQ over 1 native interfaces: 0.371 with BA:LB model:native mapping
DockQ 0.371 iRMSD 3.341 LRMSD 7.903 fnat 0.407 fnonnat 0.744 F1 0.314 clashes 0 mapping BA:LB /home/junjiechen/1_work/250401-Dpepalign/Benchmark/protenix/PepSet/pred/5wyi/seed_42/predictions/5wyi_sample_3.cif B A -> /home/junjiechen/1_work/250401-Dpepalign/Benchmark/dataset/PepSet_dimer/5wyi.pdb L B
Total DockQ over 1 native interfaces: 0.046 with BA:LB model:native mapping
DockQ 0.046 iRMSD 8.350 LRMSD 24.634 fnat 0.000 fnonnat 1.000 F1 0.000 clashes 1 mapping BA:LB /home/junjiechen/1_work/250401-Dpepalign/Benchmark/protenix/PepSet/pred/5wyi/seed_43/predictions/5wyi_sample_0.cif B A -> /home/junjiechen/1_work/250401-Dpepalign/Benchmark/dataset/PepSet_dimer/5wyi.pdb L B
Total DockQ over 1 native interfaces: 0.036 with BA:LB model:native mapping
DockQ 0.036 iRMSD 9.932 LRMSD 27.644 fnat 0.000 fnonnat 1.000 F1 0.000 clashes 1 mapping BA:LB /home/junjiechen/1_work/250401-Dpepalign/Benchmark/protenix/PepSet/pred/5wyi/seed_43/predictions/5wyi_sample_2.cif B A -> /home/junjiechen/1_work/250401-Dpepalign/Benchmark/dataset/PepSet_dimer/5wyi.pdb L B
Total DockQ over 1 native interfaces: 0.035 with BA:LB model:native mapping
DockQ 0.035 iRMSD 10.020 LRMSD 27.996 fnat 0.000 fnonnat 1.000 F1 0.000 clashes 1 mapping BA:LB /home/junjiechen/1_work/250401-Dpepalign/Benchmark/protenix/PepSet/pred/5wyi/seed_43/predictions/5wyi_sample_3.cif B A -> /home/junjiechen/1_work/250401-Dpepalign/Benchmark/dataset/PepSet_dimer/5wyi.pdb L B
Total DockQ over 1 native interfaces: 0.047 with BA:LB model:native mapping
DockQ 0.047 iRMSD 8.165 LRMSD 24.355 fnat 0.000 fnonnat 1.000 F1 0.000 clashes 0 mapping BA:LB /home/junjiechen/1_work/250401-Dpepalign/Benchmark/protenix/PepSet/pred/5wyi/seed_43/predictions/5wyi_sample_1.cif B A -> /home/junjiechen/1_work/250401-Dpepalign/Benchmark/dataset/PepSet_dimer/5wyi.pdb L B
Total DockQ over 1 native interfaces: 0.043 with BA:LB model:native mapping
DockQ 0.043 iRMSD 8.952 LRMSD 25.223 fnat 0.000 fnonnat 1.000 F1 0.000 clashes 0 mapping BA:LB /home/junjiechen/1_work/250401-Dpepalign/Benchmark/protenix/PepSet/pred/5wyi/seed_43/predictions/5wyi_sample_4.cif B A -> /home/junjiechen/1_work/250401-Dpepalign/Benchmark/dataset/PepSet_dimer/5wyi.pdb L B
Total DockQ over 1 native interfaces: 0.039 with BA:LB model:native mapping
DockQ 0.039 iRMSD 9.626 LRMSD 26.669 fnat 0.000 fnonnat 1.000 F1 0.000 clashes 0 mapping BA:LB /home/junjiechen/1_work/250401-Dpepalign/Benchmark/protenix/PepSet/pred/5wyi/seed_44/predictions/5wyi_sample_2.cif B A -> /home/junjiechen/1_work/250401-Dpepalign/Benchmark/dataset/PepSet_dimer/5wyi.pdb L B
Total DockQ over 1 native interfaces: 0.257 with BA:LB model:native mapping
DockQ 0.257 iRMSD 5.502 LRMSD 13.154 fnat 0.407 fnonnat 0.667 F1 0.367 clashes 1 mapping BA:LB /home/junjiechen/1_work/250401-Dpepalign/Benchmark/protenix/PepSet/pred/5wyi/seed_44/predictions/5wyi_sample_3.cif B A -> /home/junjiechen/1_work/250401-Dpepalign/Benchmark/dataset/PepSet_dimer/5wyi.pdb L B
Total DockQ over 1 native interfaces: 0.046 with BA:LB model:native mapping
DockQ 0.046 iRMSD 8.340 LRMSD 24.599 fnat 0.000 fnonnat 1.000 F1 0.000 clashes 1 mapping BA:LB /home/junjiechen/1_work/250401-Dpepalign/Benchmark/protenix/PepSet/pred/5wyi/seed_44/predictions/5wyi_sample_0.cif B A -> /home/junjiechen/1_work/250401-Dpepalign/Benchmark/dataset/PepSet_dimer/5wyi.pdb L B
Total DockQ over 1 native interfaces: 0.051 with BA:LB model:native mapping
DockQ 0.051 iRMSD 7.846 LRMSD 23.340 fnat 0.000 fnonnat 1.000 F1 0.000 clashes 2 mapping BA:LB /home/junjiechen/1_work/250401-Dpepalign/Benchmark/protenix/PepSet/pred/5wyi/seed_44/predictions/5wyi_sample_1.cif B A -> /home/junjiechen/1_work/250401-Dpepalign/Benchmark/dataset/PepSet_dimer/5wyi.pdb L B
Total DockQ over 1 native interfaces: 0.260 with BA:LB model:native mapping
DockQ 0.260 iRMSD 5.369 LRMSD 12.966 fnat 0.407 fnonnat 0.694 F1 0.349 clashes 1 mapping BA:LB /home/junjiechen/1_work/250401-Dpepalign/Benchmark/protenix/PepSet/pred/5wyi/seed_44/predictions/5wyi_sample_4.cif B A -> /home/junjiechen/1_work/250401-Dpepalign/Benchmark/dataset/PepSet_dimer/5wyi.pdb L B
Total DockQ over 1 native interfaces: 0.905 with BA:LA model:native mapping
DockQ 0.905 iRMSD 0.589 LRMSD 1.371 fnat 0.875 fnonnat 0.028 F1 0.921 clashes 0 mapping BA:LA /home/junjiechen/1_work/250401-Dpepalign/Benchmark/protenix/PepSet/pred/5xhz/seed_42/predictions/5xhz_sample_0.cif B A -> /home/junjiechen/1_work/250401-Dpepalign/Benchmark/dataset/PepSet_dimer/5xhz.pdb L A
Total DockQ over 1 native interfaces: 0.892 with BA:LA model:native mapping
DockQ 0.892 iRMSD 0.639 LRMSD 1.254 fnat 0.850 fnonnat 0.056 F1 0.895 clashes 0 mapping BA:LA /home/junjiechen/1_work/250401-Dpepalign/Benchmark/protenix/PepSet/pred/5xhz/seed_42/predictions/5xhz_sample_2.cif B A -> /home/junjiechen/1_work/250401-Dpepalign/Benchmark/dataset/PepSet_dimer/5xhz.pdb L A
Total DockQ over 1 native interfaces: 0.918 with BA:LA model:native mapping
DockQ 0.918 iRMSD 0.576 LRMSD 1.110 fnat 0.900 fnonnat 0.027 F1 0.935 clashes 0 mapping BA:LA /home/junjiechen/1_work/250401-Dpepalign/Benchmark/protenix/PepSet/pred/5xhz/seed_42/predictions/5xhz_sample_1.cif B A -> /home/junjiechen/1_work/250401-Dpepalign/Benchmark/dataset/PepSet_dimer/5xhz.pdb L A
Total DockQ over 1 native interfaces: 0.909 with BA:LA model:native mapping
DockQ 0.909 iRMSD 0.634 LRMSD 1.262 fnat 0.900 fnonnat 0.027 F1 0.935 clashes 0 mapping BA:LA /home/junjiechen/1_work/250401-Dpepalign/Benchmark/protenix/PepSet/pred/5xhz/seed_42/predictions/5xhz_sample_3.cif B A -> /home/junjiechen/1_work/250401-Dpepalign/Benchmark/dataset/PepSet_dimer/5xhz.pdb L A
Total DockQ over 1 native interfaces: 0.893 with BA:LA model:native mapping
DockQ 0.893 iRMSD 0.576 LRMSD 1.138 fnat 0.825 fnonnat 0.029 F1 0.892 clashes 0 mapping BA:LA /home/junjiechen/1_work/250401-Dpepalign/Benchmark/protenix/PepSet/pred/5xhz/seed_42/predictions/5xhz_sample_4.cif B A -> /home/junjiechen/1_work/250401-Dpepalign/Benchmark/dataset/PepSet_dimer/5xhz.pdb L A
Total DockQ over 1 native interfaces: 0.887 with BA:LA model:native mapping
DockQ 0.887 iRMSD 0.642 LRMSD 1.609 fnat 0.850 fnonnat 0.029 F1 0.907 clashes 0 mapping BA:LA /home/junjiechen/1_work/250401-Dpepalign/Benchmark/protenix/PepSet/pred/5xhz/seed_43/predictions/5xhz_sample_2.cif B A -> /home/junjiechen/1_work/250401-Dpepalign/Benchmark/dataset/PepSet_dimer/5xhz.pdb L A
Total DockQ over 1 native interfaces: 0.911 with BA:LA model:native mapping
DockQ 0.911 iRMSD 0.560 LRMSD 1.165 fnat 0.875 fnonnat 0.028 F1 0.921 clashes 0 mapping BA:LA /home/junjiechen/1_work/250401-Dpepalign/Benchmark/protenix/PepSet/pred/5xhz/seed_43/predictions/5xhz_sample_0.cif B A -> /home/junjiechen/1_work/250401-Dpepalign/Benchmark/dataset/PepSet_dimer/5xhz.pdb L A
Total DockQ over 1 native interfaces: 0.901 with BA:LA model:native mapping
DockQ 0.901 iRMSD 0.570 LRMSD 1.265 fnat 0.850 fnonnat 0.029 F1 0.907 clashes 0 mapping BA:LA /home/junjiechen/1_work/250401-Dpepalign/Benchmark/protenix/PepSet/pred/5xhz/seed_43/predictions/5xhz_sample_1.cif B A -> /home/junjiechen/1_work/250401-Dpepalign/Benchmark/dataset/PepSet_dimer/5xhz.pdb L A
Total DockQ over 1 native interfaces: 0.886 with BA:LA model:native mapping
DockQ 0.886 iRMSD 0.619 LRMSD 1.229 fnat 0.825 fnonnat 0.029 F1 0.892 clashes 0 mapping BA:LA /home/junjiechen/1_work/250401-Dpepalign/Benchmark/protenix/PepSet/pred/5xhz/seed_43/predictions/5xhz_sample_3.cif B A -> /home/junjiechen/1_work/250401-Dpepalign/Benchmark/dataset/PepSet_dimer/5xhz.pdb L A
Total DockQ over 1 native interfaces: 0.911 with BA:LA model:native mapping
DockQ 0.911 iRMSD 0.631 LRMSD 1.109 fnat 0.900 fnonnat 0.053 F1 0.923 clashes 0 mapping BA:LA /home/junjiechen/1_work/250401-Dpepalign/Benchmark/protenix/PepSet/pred/5xhz/seed_43/predictions/5xhz_sample_4.cif B A -> /home/junjiechen/1_work/250401-Dpepalign/Benchmark/dataset/PepSet_dimer/5xhz.pdb L A
Total DockQ over 1 native interfaces: 0.891 with BA:LA model:native mapping
DockQ 0.891 iRMSD 0.641 LRMSD 1.300 fnat 0.850 fnonnat 0.029 F1 0.907 clashes 0 mapping BA:LA /home/junjiechen/1_work/250401-Dpepalign/Benchmark/protenix/PepSet/pred/5xhz/seed_44/predictions/5xhz_sample_0.cif B A -> /home/junjiechen/1_work/250401-Dpepalign/Benchmark/dataset/PepSet_dimer/5xhz.pdb L A
Total DockQ over 1 native interfaces: 0.906 with BA:LA model:native mapping
DockQ 0.906 iRMSD 0.555 LRMSD 0.957 fnat 0.850 fnonnat 0.029 F1 0.907 clashes 0 mapping BA:LA /home/junjiechen/1_work/250401-Dpepalign/Benchmark/protenix/PepSet/pred/5xhz/seed_44/predictions/5xhz_sample_4.cif B A -> /home/junjiechen/1_work/250401-Dpepalign/Benchmark/dataset/PepSet_dimer/5xhz.pdb L A
Total DockQ over 1 native interfaces: 0.902 with BA:LA model:native mapping
DockQ 0.902 iRMSD 0.602 LRMSD 1.486 fnat 0.875 fnonnat 0.028 F1 0.921 clashes 0 mapping BA:LA /home/junjiechen/1_work/250401-Dpepalign/Benchmark/protenix/PepSet/pred/5xhz/seed_44/predictions/5xhz_sample_1.cif B A -> /home/junjiechen/1_work/250401-Dpepalign/Benchmark/dataset/PepSet_dimer/5xhz.pdb L A
Total DockQ over 1 native interfaces: 0.888 with BA:LA model:native mapping
DockQ 0.888 iRMSD 0.704 LRMSD 1.515 fnat 0.875 fnonnat 0.054 F1 0.909 clashes 0 mapping BA:LA /home/junjiechen/1_work/250401-Dpepalign/Benchmark/protenix/PepSet/pred/5xhz/seed_44/predictions/5xhz_sample_3.cif B A -> /home/junjiechen/1_work/250401-Dpepalign/Benchmark/dataset/PepSet_dimer/5xhz.pdb L A
Total DockQ over 1 native interfaces: 0.901 with BA:LA model:native mapping
DockQ 0.901 iRMSD 0.578 LRMSD 1.160 fnat 0.850 fnonnat 0.056 F1 0.895 clashes 0 mapping BA:LA /home/junjiechen/1_work/250401-Dpepalign/Benchmark/protenix/PepSet/pred/5xhz/seed_44/predictions/5xhz_sample_2.cif B A -> /home/junjiechen/1_work/250401-Dpepalign/Benchmark/dataset/PepSet_dimer/5xhz.pdb L A
Total DockQ over 1 native interfaces: 0.938 with BA:LB model:native mapping
DockQ 0.938 iRMSD 0.432 LRMSD 0.904 fnat 0.902 fnonnat 0.229 F1 0.831 clashes 2 mapping BA:LB /home/junjiechen/1_work/250401-Dpepalign/Benchmark/protenix/PepSet/pred/5xxq/seed_42/predictions/5xxq_sample_0.cif B A -> /home/junjiechen/1_work/250401-Dpepalign/Benchmark/dataset/PepSet_dimer/5xxq.pdb L B
Total DockQ over 1 native interfaces: 0.956 with BA:LB model:native mapping
DockQ 0.956 iRMSD 0.425 LRMSD 0.860 fnat 0.951 fnonnat 0.170 F1 0.886 clashes 1 mapping BA:LB /home/junjiechen/1_work/250401-Dpepalign/Benchmark/protenix/PepSet/pred/5xxq/seed_42/predictions/5xxq_sample_1.cif B A -> /home/junjiechen/1_work/250401-Dpepalign/Benchmark/dataset/PepSet_dimer/5xxq.pdb L B
Total DockQ over 1 native interfaces: 0.958 with BA:LB model:native mapping
DockQ 0.958 iRMSD 0.408 LRMSD 0.801 fnat 0.951 fnonnat 0.220 F1 0.857 clashes 1 mapping BA:LB /home/junjiechen/1_work/250401-Dpepalign/Benchmark/protenix/PepSet/pred/5xxq/seed_42/predictions/5xxq_sample_3.cif B A -> /home/junjiechen/1_work/250401-Dpepalign/Benchmark/dataset/PepSet_dimer/5xxq.pdb L B
Total DockQ over 1 native interfaces: 0.965 with BA:LB model:native mapping
DockQ 0.965 iRMSD 0.422 LRMSD 0.762 fnat 0.976 fnonnat 0.200 F1 0.879 clashes 1 mapping BA:LB /home/junjiechen/1_work/250401-Dpepalign/Benchmark/protenix/PepSet/pred/5xxq/seed_42/predictions/5xxq_sample_2.cif B A -> /home/junjiechen/1_work/250401-Dpepalign/Benchmark/dataset/PepSet_dimer/5xxq.pdb L B
Total DockQ over 1 native interfaces: 0.959 with BA:LB model:native mapping
DockQ 0.959 iRMSD 0.454 LRMSD 1.089 fnat 0.976 fnonnat 0.231 F1 0.860 clashes 1 mapping BA:LB /home/junjiechen/1_work/250401-Dpepalign/Benchmark/protenix/PepSet/pred/5xxq/seed_42/predictions/5xxq_sample_4.cif B A -> /home/junjiechen/1_work/250401-Dpepalign/Benchmark/dataset/PepSet_dimer/5xxq.pdb L B
Total DockQ over 1 native interfaces: 0.955 with BA:LB model:native mapping
DockQ 0.955 iRMSD 0.426 LRMSD 0.864 fnat 0.951 fnonnat 0.220 F1 0.857 clashes 1 mapping BA:LB /home/junjiechen/1_work/250401-Dpepalign/Benchmark/protenix/PepSet/pred/5xxq/seed_43/predictions/5xxq_sample_0.cif B A -> /home/junjiechen/1_work/250401-Dpepalign/Benchmark/dataset/PepSet_dimer/5xxq.pdb L B
Total DockQ over 1 native interfaces: 0.959 with BA:LB model:native mapping
DockQ 0.959 iRMSD 0.402 LRMSD 0.767 fnat 0.951 fnonnat 0.235 F1 0.848 clashes 1 mapping BA:LB /home/junjiechen/1_work/250401-Dpepalign/Benchmark/protenix/PepSet/pred/5xxq/seed_43/predictions/5xxq_sample_2.cif B A -> /home/junjiechen/1_work/250401-Dpepalign/Benchmark/dataset/PepSet_dimer/5xxq.pdb L B
Total DockQ over 1 native interfaces: 0.957 with BA:LB model:native mapping
DockQ 0.957 iRMSD 0.417 LRMSD 0.792 fnat 0.951 fnonnat 0.204 F1 0.867 clashes 2 mapping BA:LB /home/junjiechen/1_work/250401-Dpepalign/Benchmark/protenix/PepSet/pred/5xxq/seed_43/predictions/5xxq_sample_1.cif B A -> /home/junjiechen/1_work/250401-Dpepalign/Benchmark/dataset/PepSet_dimer/5xxq.pdb L B
Total DockQ over 1 native interfaces: 0.957 with BA:LB model:native mapping
DockQ 0.957 iRMSD 0.417 LRMSD 0.729 fnat 0.951 fnonnat 0.220 F1 0.857 clashes 1 mapping BA:LB /home/junjiechen/1_work/250401-Dpepalign/Benchmark/protenix/PepSet/pred/5xxq/seed_43/predictions/5xxq_sample_3.cif B A -> /home/junjiechen/1_work/250401-Dpepalign/Benchmark/dataset/PepSet_dimer/5xxq.pdb L B
Total DockQ over 1 native interfaces: 0.961 with BA:LB model:native mapping
DockQ 0.961 iRMSD 0.380 LRMSD 0.711 fnat 0.951 fnonnat 0.204 F1 0.867 clashes 1 mapping BA:LB /home/junjiechen/1_work/250401-Dpepalign/Benchmark/protenix/PepSet/pred/5xxq/seed_43/predictions/5xxq_sample_4.cif B A -> /home/junjiechen/1_work/250401-Dpepalign/Benchmark/dataset/PepSet_dimer/5xxq.pdb L B
Total DockQ over 1 native interfaces: 0.967 with BA:LB model:native mapping
DockQ 0.967 iRMSD 0.405 LRMSD 0.741 fnat 0.976 fnonnat 0.216 F1 0.870 clashes 2 mapping BA:LB /home/junjiechen/1_work/250401-Dpepalign/Benchmark/protenix/PepSet/pred/5xxq/seed_44/predictions/5xxq_sample_3.cif B A -> /home/junjiechen/1_work/250401-Dpepalign/Benchmark/dataset/PepSet_dimer/5xxq.pdb L B
Total DockQ over 1 native interfaces: 0.958 with BA:LB model:native mapping
DockQ 0.958 iRMSD 0.410 LRMSD 0.772 fnat 0.951 fnonnat 0.204 F1 0.867 clashes 1 mapping BA:LB /home/junjiechen/1_work/250401-Dpepalign/Benchmark/protenix/PepSet/pred/5xxq/seed_44/predictions/5xxq_sample_2.cif B A -> /home/junjiechen/1_work/250401-Dpepalign/Benchmark/dataset/PepSet_dimer/5xxq.pdb L B
Total DockQ over 1 native interfaces: 0.946 with BA:LB model:native mapping
DockQ 0.946 iRMSD 0.433 LRMSD 0.880 fnat 0.927 fnonnat 0.224 F1 0.844 clashes 0 mapping BA:LB /home/junjiechen/1_work/250401-Dpepalign/Benchmark/protenix/PepSet/pred/5xxq/seed_44/predictions/5xxq_sample_0.cif B A -> /home/junjiechen/1_work/250401-Dpepalign/Benchmark/dataset/PepSet_dimer/5xxq.pdb L B
Total DockQ over 1 native interfaces: 0.957 with BA:LB model:native mapping
DockQ 0.957 iRMSD 0.417 LRMSD 0.825 fnat 0.951 fnonnat 0.235 F1 0.848 clashes 2 mapping BA:LB /home/junjiechen/1_work/250401-Dpepalign/Benchmark/protenix/PepSet/pred/5xxq/seed_44/predictions/5xxq_sample_1.cif B A -> /home/junjiechen/1_work/250401-Dpepalign/Benchmark/dataset/PepSet_dimer/5xxq.pdb L B
Total DockQ over 1 native interfaces: 0.683 with BA:LA model:native mapping
DockQ 0.683 iRMSD 1.406 LRMSD 3.480 fnat 0.661 fnonnat 0.268 F1 0.695 clashes 0 mapping BA:LA /home/junjiechen/1_work/250401-Dpepalign/Benchmark/protenix/PepSet/pred/5yay/seed_42/predictions/5yay_sample_1.cif B A -> /home/junjiechen/1_work/250401-Dpepalign/Benchmark/dataset/PepSet_dimer/5yay.pdb L A
Total DockQ over 1 native interfaces: 0.659 with BA:LA model:native mapping
DockQ 0.659 iRMSD 1.501 LRMSD 3.806 fnat 0.645 fnonnat 0.245 F1 0.696 clashes 0 mapping BA:LA /home/junjiechen/1_work/250401-Dpepalign/Benchmark/protenix/PepSet/pred/5yay/seed_42/predictions/5yay_sample_0.cif B A -> /home/junjiechen/1_work/250401-Dpepalign/Benchmark/dataset/PepSet_dimer/5yay.pdb L A
Total DockQ over 1 native interfaces: 0.956 with BA:LB model:native mapping
DockQ 0.956 iRMSD 0.418 LRMSD 0.902 fnat 0.951 fnonnat 0.220 F1 0.857 clashes 2 mapping BA:LB /home/junjiechen/1_work/250401-Dpepalign/Benchmark/protenix/PepSet/pred/5xxq/seed_44/predictions/5xxq_sample_4.cif B A -> /home/junjiechen/1_work/250401-Dpepalign/Benchmark/dataset/PepSet_dimer/5xxq.pdb L B
Total DockQ over 1 native interfaces: 0.771 with BA:LA model:native mapping
DockQ 0.771 iRMSD 0.985 LRMSD 2.503 fnat 0.694 fnonnat 0.283 F1 0.705 clashes 0 mapping BA:LA /home/junjiechen/1_work/250401-Dpepalign/Benchmark/protenix/PepSet/pred/5yay/seed_42/predictions/5yay_sample_4.cif B A -> /home/junjiechen/1_work/250401-Dpepalign/Benchmark/dataset/PepSet_dimer/5yay.pdb L A
Total DockQ over 1 native interfaces: 0.692 with BA:LA model:native mapping
DockQ 0.692 iRMSD 1.369 LRMSD 3.523 fnat 0.677 fnonnat 0.263 F1 0.706 clashes 0 mapping BA:LA /home/junjiechen/1_work/250401-Dpepalign/Benchmark/protenix/PepSet/pred/5yay/seed_42/predictions/5yay_sample_2.cif B A -> /home/junjiechen/1_work/250401-Dpepalign/Benchmark/dataset/PepSet_dimer/5yay.pdb L A
Total DockQ over 1 native interfaces: 0.753 with BA:LA model:native mapping
DockQ 0.753 iRMSD 1.056 LRMSD 2.628 fnat 0.677 fnonnat 0.276 F1 0.700 clashes 1 mapping BA:LA /home/junjiechen/1_work/250401-Dpepalign/Benchmark/protenix/PepSet/pred/5yay/seed_42/predictions/5yay_sample_3.cif B A -> /home/junjiechen/1_work/250401-Dpepalign/Benchmark/dataset/PepSet_dimer/5yay.pdb L A
Total DockQ over 1 native interfaces: 0.682 with BA:LA model:native mapping
DockQ 0.682 iRMSD 1.428 LRMSD 3.653 fnat 0.677 fnonnat 0.300 F1 0.689 clashes 0 mapping BA:LA /home/junjiechen/1_work/250401-Dpepalign/Benchmark/protenix/PepSet/pred/5yay/seed_43/predictions/5yay_sample_1.cif B A -> /home/junjiechen/1_work/250401-Dpepalign/Benchmark/dataset/PepSet_dimer/5yay.pdb L A
Total DockQ over 1 native interfaces: 0.691 with BA:LA model:native mapping
DockQ 0.691 iRMSD 1.391 LRMSD 3.471 fnat 0.677 fnonnat 0.300 F1 0.689 clashes 0 mapping BA:LA /home/junjiechen/1_work/250401-Dpepalign/Benchmark/protenix/PepSet/pred/5yay/seed_43/predictions/5yay_sample_0.cif B A -> /home/junjiechen/1_work/250401-Dpepalign/Benchmark/dataset/PepSet_dimer/5yay.pdb L A
Total DockQ over 1 native interfaces: 0.701 with BA:LA model:native mapping
DockQ 0.701 iRMSD 1.348 LRMSD 3.464 fnat 0.694 fnonnat 0.283 F1 0.705 clashes 0 mapping BA:LA /home/junjiechen/1_work/250401-Dpepalign/Benchmark/protenix/PepSet/pred/5yay/seed_43/predictions/5yay_sample_2.cif B A -> /home/junjiechen/1_work/250401-Dpepalign/Benchmark/dataset/PepSet_dimer/5yay.pdb L A
Total DockQ over 1 native interfaces: 0.690 with BA:LA model:native mapping
DockQ 0.690 iRMSD 1.400 LRMSD 3.467 fnat 0.677 fnonnat 0.276 F1 0.700 clashes 0 mapping BA:LA /home/junjiechen/1_work/250401-Dpepalign/Benchmark/protenix/PepSet/pred/5yay/seed_44/predictions/5yay_sample_0.cif B A -> /home/junjiechen/1_work/250401-Dpepalign/Benchmark/dataset/PepSet_dimer/5yay.pdb L A
Total DockQ over 1 native interfaces: 0.695 with BA:LA model:native mapping
DockQ 0.695 iRMSD 1.342 LRMSD 3.309 fnat 0.661 fnonnat 0.293 F1 0.683 clashes 0 mapping BA:LA /home/junjiechen/1_work/250401-Dpepalign/Benchmark/protenix/PepSet/pred/5yay/seed_43/predictions/5yay_sample_3.cif B A -> /home/junjiechen/1_work/250401-Dpepalign/Benchmark/dataset/PepSet_dimer/5yay.pdb L A
Total DockQ over 1 native interfaces: 0.695 with BA:LA model:native mapping
DockQ 0.695 iRMSD 1.342 LRMSD 3.302 fnat 0.661 fnonnat 0.293 F1 0.683 clashes 0 mapping BA:LA /home/junjiechen/1_work/250401-Dpepalign/Benchmark/protenix/PepSet/pred/5yay/seed_44/predictions/5yay_sample_1.cif B A -> /home/junjiechen/1_work/250401-Dpepalign/Benchmark/dataset/PepSet_dimer/5yay.pdb L A
Total DockQ over 1 native interfaces: 0.775 with BA:LA model:native mapping
DockQ 0.775 iRMSD 1.024 LRMSD 2.551 fnat 0.726 fnonnat 0.262 F1 0.732 clashes 0 mapping BA:LA /home/junjiechen/1_work/250401-Dpepalign/Benchmark/protenix/PepSet/pred/5yay/seed_43/predictions/5yay_sample_4.cif B A -> /home/junjiechen/1_work/250401-Dpepalign/Benchmark/dataset/PepSet_dimer/5yay.pdb L A
Total DockQ over 1 native interfaces: 0.697 with BA:LA model:native mapping
DockQ 0.697 iRMSD 1.356 LRMSD 3.392 fnat 0.677 fnonnat 0.288 F1 0.694 clashes 0 mapping BA:LA /home/junjiechen/1_work/250401-Dpepalign/Benchmark/protenix/PepSet/pred/5yay/seed_44/predictions/5yay_sample_3.cif B A -> /home/junjiechen/1_work/250401-Dpepalign/Benchmark/dataset/PepSet_dimer/5yay.pdb L A
Total DockQ over 1 native interfaces: 0.762 with BA:LA model:native mapping
DockQ 0.762 iRMSD 1.027 LRMSD 2.358 fnat 0.677 fnonnat 0.250 F1 0.712 clashes 1 mapping BA:LA /home/junjiechen/1_work/250401-Dpepalign/Benchmark/protenix/PepSet/pred/5yay/seed_44/predictions/5yay_sample_4.cif B A -> /home/junjiechen/1_work/250401-Dpepalign/Benchmark/dataset/PepSet_dimer/5yay.pdb L A
Total DockQ over 1 native interfaces: 0.692 with BA:LA model:native mapping
DockQ 0.692 iRMSD 1.372 LRMSD 3.530 fnat 0.677 fnonnat 0.263 F1 0.706 clashes 0 mapping BA:LA /home/junjiechen/1_work/250401-Dpepalign/Benchmark/protenix/PepSet/pred/5yay/seed_44/predictions/5yay_sample_2.cif B A -> /home/junjiechen/1_work/250401-Dpepalign/Benchmark/dataset/PepSet_dimer/5yay.pdb L A
Total DockQ over 1 native interfaces: 0.979 with BA:LA model:native mapping
DockQ 0.979 iRMSD 0.364 LRMSD 0.750 fnat 1.000 fnonnat 0.000 F1 1.000 clashes 0 mapping BA:LA /home/junjiechen/1_work/250401-Dpepalign/Benchmark/protenix/PepSet/pred/6b27/seed_42/predictions/6b27_sample_0.cif B A -> /home/junjiechen/1_work/250401-Dpepalign/Benchmark/dataset/PepSet_dimer/6b27.pdb L A
Total DockQ over 1 native interfaces: 0.978 with BA:LA model:native mapping
DockQ 0.978 iRMSD 0.367 LRMSD 0.784 fnat 1.000 fnonnat 0.000 F1 1.000 clashes 0 mapping BA:LA /home/junjiechen/1_work/250401-Dpepalign/Benchmark/protenix/PepSet/pred/6b27/seed_42/predictions/6b27_sample_1.cif B A -> /home/junjiechen/1_work/250401-Dpepalign/Benchmark/dataset/PepSet_dimer/6b27.pdb L A
Total DockQ over 1 native interfaces: 0.979 with BA:LA model:native mapping
DockQ 0.979 iRMSD 0.367 LRMSD 0.654 fnat 1.000 fnonnat 0.031 F1 0.984 clashes 0 mapping BA:LA /home/junjiechen/1_work/250401-Dpepalign/Benchmark/protenix/PepSet/pred/6b27/seed_42/predictions/6b27_sample_2.cif B A -> /home/junjiechen/1_work/250401-Dpepalign/Benchmark/dataset/PepSet_dimer/6b27.pdb L A
Total DockQ over 1 native interfaces: 0.975 with BA:LA model:native mapping
DockQ 0.975 iRMSD 0.390 LRMSD 0.884 fnat 1.000 fnonnat 0.000 F1 1.000 clashes 0 mapping BA:LA /home/junjiechen/1_work/250401-Dpepalign/Benchmark/protenix/PepSet/pred/6b27/seed_42/predictions/6b27_sample_3.cif B A -> /home/junjiechen/1_work/250401-Dpepalign/Benchmark/dataset/PepSet_dimer/6b27.pdb L A
Total DockQ over 1 native interfaces: 0.975 with BA:LA model:native mapping
DockQ 0.975 iRMSD 0.396 LRMSD 0.779 fnat 1.000 fnonnat 0.031 F1 0.984 clashes 0 mapping BA:LA /home/junjiechen/1_work/250401-Dpepalign/Benchmark/protenix/PepSet/pred/6b27/seed_43/predictions/6b27_sample_1.cif B A -> /home/junjiechen/1_work/250401-Dpepalign/Benchmark/dataset/PepSet_dimer/6b27.pdb L A
Total DockQ over 1 native interfaces: 0.980 with BA:LA model:native mapping
DockQ 0.980 iRMSD 0.346 LRMSD 0.808 fnat 1.000 fnonnat 0.000 F1 1.000 clashes 0 mapping BA:LA /home/junjiechen/1_work/250401-Dpepalign/Benchmark/protenix/PepSet/pred/6b27/seed_43/predictions/6b27_sample_0.cif B A -> /home/junjiechen/1_work/250401-Dpepalign/Benchmark/dataset/PepSet_dimer/6b27.pdb L A
Total DockQ over 1 native interfaces: 0.979 with BA:LA model:native mapping
DockQ 0.979 iRMSD 0.378 LRMSD 0.571 fnat 1.000 fnonnat 0.031 F1 0.984 clashes 0 mapping BA:LA /home/junjiechen/1_work/250401-Dpepalign/Benchmark/protenix/PepSet/pred/6b27/seed_42/predictions/6b27_sample_4.cif B A -> /home/junjiechen/1_work/250401-Dpepalign/Benchmark/dataset/PepSet_dimer/6b27.pdb L A
Total DockQ over 1 native interfaces: 0.982 with BA:LA model:native mapping
DockQ 0.982 iRMSD 0.343 LRMSD 0.555 fnat 1.000 fnonnat 0.031 F1 0.984 clashes 0 mapping BA:LA /home/junjiechen/1_work/250401-Dpepalign/Benchmark/protenix/PepSet/pred/6b27/seed_43/predictions/6b27_sample_3.cif B A -> /home/junjiechen/1_work/250401-Dpepalign/Benchmark/dataset/PepSet_dimer/6b27.pdb L A
Total DockQ over 1 native interfaces: 0.976 with BA:LA model:native mapping
DockQ 0.976 iRMSD 0.396 LRMSD 0.726 fnat 1.000 fnonnat 0.000 F1 1.000 clashes 0 mapping BA:LA /home/junjiechen/1_work/250401-Dpepalign/Benchmark/protenix/PepSet/pred/6b27/seed_43/predictions/6b27_sample_2.cif B A -> /home/junjiechen/1_work/250401-Dpepalign/Benchmark/dataset/PepSet_dimer/6b27.pdb L A
Total DockQ over 1 native interfaces: 0.974 with BA:LA model:native mapping
DockQ 0.974 iRMSD 0.419 LRMSD 0.640 fnat 1.000 fnonnat 0.031 F1 0.984 clashes 0 mapping BA:LA /home/junjiechen/1_work/250401-Dpepalign/Benchmark/protenix/PepSet/pred/6b27/seed_43/predictions/6b27_sample_4.cif B A -> /home/junjiechen/1_work/250401-Dpepalign/Benchmark/dataset/PepSet_dimer/6b27.pdb L A
Total DockQ over 1 native interfaces: 0.975 with BA:LA model:native mapping
DockQ 0.975 iRMSD 0.400 LRMSD 0.804 fnat 1.000 fnonnat 0.031 F1 0.984 clashes 0 mapping BA:LA /home/junjiechen/1_work/250401-Dpepalign/Benchmark/protenix/PepSet/pred/6b27/seed_44/predictions/6b27_sample_0.cif B A -> /home/junjiechen/1_work/250401-Dpepalign/Benchmark/dataset/PepSet_dimer/6b27.pdb L A
Total DockQ over 1 native interfaces: 0.976 with BA:LA model:native mapping
DockQ 0.976 iRMSD 0.390 LRMSD 0.842 fnat 1.000 fnonnat 0.031 F1 0.984 clashes 0 mapping BA:LA /home/junjiechen/1_work/250401-Dpepalign/Benchmark/protenix/PepSet/pred/6b27/seed_44/predictions/6b27_sample_2.cif B A -> /home/junjiechen/1_work/250401-Dpepalign/Benchmark/dataset/PepSet_dimer/6b27.pdb L A
Total DockQ over 1 native interfaces: 0.979 with BA:LA model:native mapping
DockQ 0.979 iRMSD 0.373 LRMSD 0.678 fnat 1.000 fnonnat 0.031 F1 0.984 clashes 0 mapping BA:LA /home/junjiechen/1_work/250401-Dpepalign/Benchmark/protenix/PepSet/pred/6b27/seed_44/predictions/6b27_sample_1.cif B A -> /home/junjiechen/1_work/250401-Dpepalign/Benchmark/dataset/PepSet_dimer/6b27.pdb L A
Total DockQ over 1 native interfaces: 0.832 with BA:LA model:native mapping
DockQ 0.832 iRMSD 1.167 LRMSD 2.177 fnat 0.936 fnonnat 0.267 F1 0.822 clashes 0 mapping BA:LA /home/junjiechen/1_work/250401-Dpepalign/Benchmark/protenix/PepSet/pred/6co4/seed_42/predictions/6co4_sample_0.cif B A -> /home/junjiechen/1_work/250401-Dpepalign/Benchmark/dataset/PepSet_dimer/6co4.pdb L A
Total DockQ over 1 native interfaces: 0.977 with BA:LA model:native mapping
DockQ 0.977 iRMSD 0.390 LRMSD 0.697 fnat 1.000 fnonnat 0.031 F1 0.984 clashes 0 mapping BA:LA /home/junjiechen/1_work/250401-Dpepalign/Benchmark/protenix/PepSet/pred/6b27/seed_44/predictions/6b27_sample_3.cif B A -> /home/junjiechen/1_work/250401-Dpepalign/Benchmark/dataset/PepSet_dimer/6b27.pdb L A
Total DockQ over 1 native interfaces: 0.981 with BA:LA model:native mapping
DockQ 0.981 iRMSD 0.352 LRMSD 0.654 fnat 1.000 fnonnat 0.000 F1 1.000 clashes 0 mapping BA:LA /home/junjiechen/1_work/250401-Dpepalign/Benchmark/protenix/PepSet/pred/6b27/seed_44/predictions/6b27_sample_4.cif B A -> /home/junjiechen/1_work/250401-Dpepalign/Benchmark/dataset/PepSet_dimer/6b27.pdb L A
Total DockQ over 1 native interfaces: 0.837 with BA:LA model:native mapping
DockQ 0.837 iRMSD 1.181 LRMSD 2.236 fnat 0.957 fnonnat 0.274 F1 0.826 clashes 1 mapping BA:LA /home/junjiechen/1_work/250401-Dpepalign/Benchmark/protenix/PepSet/pred/6co4/seed_42/predictions/6co4_sample_1.cif B A -> /home/junjiechen/1_work/250401-Dpepalign/Benchmark/dataset/PepSet_dimer/6co4.pdb L A
Total DockQ over 1 native interfaces: 0.828 with BA:LA model:native mapping
DockQ 0.828 iRMSD 1.198 LRMSD 2.180 fnat 0.936 fnonnat 0.279 F1 0.815 clashes 0 mapping BA:LA /home/junjiechen/1_work/250401-Dpepalign/Benchmark/protenix/PepSet/pred/6co4/seed_42/predictions/6co4_sample_4.cif B A -> /home/junjiechen/1_work/250401-Dpepalign/Benchmark/dataset/PepSet_dimer/6co4.pdb L A
Total DockQ over 1 native interfaces: 0.839 with BA:LA model:native mapping
DockQ 0.839 iRMSD 1.215 LRMSD 2.265 fnat 0.979 fnonnat 0.292 F1 0.821 clashes 0 mapping BA:LA /home/junjiechen/1_work/250401-Dpepalign/Benchmark/protenix/PepSet/pred/6co4/seed_42/predictions/6co4_sample_2.cif B A -> /home/junjiechen/1_work/250401-Dpepalign/Benchmark/dataset/PepSet_dimer/6co4.pdb L A
Total DockQ over 1 native interfaces: 0.838 with BA:LA model:native mapping
DockQ 0.838 iRMSD 1.182 LRMSD 2.137 fnat 0.957 fnonnat 0.286 F1 0.818 clashes 1 mapping BA:LA /home/junjiechen/1_work/250401-Dpepalign/Benchmark/protenix/PepSet/pred/6co4/seed_42/predictions/6co4_sample_3.cif B A -> /home/junjiechen/1_work/250401-Dpepalign/Benchmark/dataset/PepSet_dimer/6co4.pdb L A
Total DockQ over 1 native interfaces: 0.834 with BA:LA model:native mapping
DockQ 0.834 iRMSD 1.162 LRMSD 2.117 fnat 0.936 fnonnat 0.267 F1 0.822 clashes 1 mapping BA:LA /home/junjiechen/1_work/250401-Dpepalign/Benchmark/protenix/PepSet/pred/6co4/seed_43/predictions/6co4_sample_1.cif B A -> /home/junjiechen/1_work/250401-Dpepalign/Benchmark/dataset/PepSet_dimer/6co4.pdb L A
Total DockQ over 1 native interfaces: 0.825 with BA:LA model:native mapping
DockQ 0.825 iRMSD 1.213 LRMSD 2.260 fnat 0.936 fnonnat 0.290 F1 0.807 clashes 1 mapping BA:LA /home/junjiechen/1_work/250401-Dpepalign/Benchmark/protenix/PepSet/pred/6co4/seed_43/predictions/6co4_sample_0.cif B A -> /home/junjiechen/1_work/250401-Dpepalign/Benchmark/dataset/PepSet_dimer/6co4.pdb L A
Total DockQ over 1 native interfaces: 0.834 with BA:LA model:native mapping
DockQ 0.834 iRMSD 1.159 LRMSD 2.128 fnat 0.936 fnonnat 0.254 F1 0.830 clashes 0 mapping BA:LA /home/junjiechen/1_work/250401-Dpepalign/Benchmark/protenix/PepSet/pred/6co4/seed_43/predictions/6co4_sample_2.cif B A -> /home/junjiechen/1_work/250401-Dpepalign/Benchmark/dataset/PepSet_dimer/6co4.pdb L A
Total DockQ over 1 native interfaces: 0.832 with BA:LA model:native mapping
DockQ 0.832 iRMSD 1.178 LRMSD 2.145 fnat 0.936 fnonnat 0.279 F1 0.815 clashes 0 mapping BA:LA /home/junjiechen/1_work/250401-Dpepalign/Benchmark/protenix/PepSet/pred/6co4/seed_43/predictions/6co4_sample_4.cif B A -> /home/junjiechen/1_work/250401-Dpepalign/Benchmark/dataset/PepSet_dimer/6co4.pdb L A
Total DockQ over 1 native interfaces: 0.829 with BA:LA model:native mapping
DockQ 0.829 iRMSD 1.193 LRMSD 2.201 fnat 0.936 fnonnat 0.290 F1 0.807 clashes 0 mapping BA:LA /home/junjiechen/1_work/250401-Dpepalign/Benchmark/protenix/PepSet/pred/6co4/seed_43/predictions/6co4_sample_3.cif B A -> /home/junjiechen/1_work/250401-Dpepalign/Benchmark/dataset/PepSet_dimer/6co4.pdb L A
Total DockQ over 1 native interfaces: 0.835 with BA:LA model:native mapping
DockQ 0.835 iRMSD 1.196 LRMSD 2.193 fnat 0.957 fnonnat 0.297 F1 0.811 clashes 1 mapping BA:LA /home/junjiechen/1_work/250401-Dpepalign/Benchmark/protenix/PepSet/pred/6co4/seed_44/predictions/6co4_sample_0.cif B A -> /home/junjiechen/1_work/250401-Dpepalign/Benchmark/dataset/PepSet_dimer/6co4.pdb L A
Total DockQ over 1 native interfaces: 0.835 with BA:LA model:native mapping
DockQ 0.835 iRMSD 1.203 LRMSD 2.186 fnat 0.957 fnonnat 0.274 F1 0.826 clashes 0 mapping BA:LA /home/junjiechen/1_work/250401-Dpepalign/Benchmark/protenix/PepSet/pred/6co4/seed_44/predictions/6co4_sample_1.cif B A -> /home/junjiechen/1_work/250401-Dpepalign/Benchmark/dataset/PepSet_dimer/6co4.pdb L A
Total DockQ over 1 native interfaces: 0.835 with BA:LA model:native mapping
DockQ 0.835 iRMSD 1.198 LRMSD 2.217 fnat 0.957 fnonnat 0.262 F1 0.833 clashes 0 mapping BA:LA /home/junjiechen/1_work/250401-Dpepalign/Benchmark/protenix/PepSet/pred/6co4/seed_44/predictions/6co4_sample_2.cif B A -> /home/junjiechen/1_work/250401-Dpepalign/Benchmark/dataset/PepSet_dimer/6co4.pdb L A
Total DockQ over 1 native interfaces: 0.837 with BA:LA model:native mapping
DockQ 0.837 iRMSD 1.147 LRMSD 2.072 fnat 0.936 fnonnat 0.290 F1 0.807 clashes 0 mapping BA:LA /home/junjiechen/1_work/250401-Dpepalign/Benchmark/protenix/PepSet/pred/6co4/seed_44/predictions/6co4_sample_3.cif B A -> /home/junjiechen/1_work/250401-Dpepalign/Benchmark/dataset/PepSet_dimer/6co4.pdb L A
Total DockQ over 1 native interfaces: 0.833 with BA:LA model:native mapping
DockQ 0.833 iRMSD 1.169 LRMSD 2.143 fnat 0.936 fnonnat 0.279 F1 0.815 clashes 0 mapping BA:LA /home/junjiechen/1_work/250401-Dpepalign/Benchmark/protenix/PepSet/pred/6co4/seed_44/predictions/6co4_sample_4.cif B A -> /home/junjiechen/1_work/250401-Dpepalign/Benchmark/dataset/PepSet_dimer/6co4.pdb L A
Total DockQ over 1 native interfaces: 0.029 with BA:LB model:native mapping
DockQ 0.029 iRMSD 12.358 LRMSD 30.433 fnat 0.000 fnonnat 1.000 F1 0.000 clashes 1 mapping BA:LB /home/junjiechen/1_work/250401-Dpepalign/Benchmark/protenix/PepSet/pred/6dei/seed_42/predictions/6dei_sample_0.cif B A -> /home/junjiechen/1_work/250401-Dpepalign/Benchmark/dataset/PepSet_dimer/6dei.pdb L B
Total DockQ over 1 native interfaces: 0.027 with BA:LB model:native mapping
DockQ 0.027 iRMSD 12.768 LRMSD 31.590 fnat 0.000 fnonnat 1.000 F1 0.000 clashes 0 mapping BA:LB /home/junjiechen/1_work/250401-Dpepalign/Benchmark/protenix/PepSet/pred/6dei/seed_42/predictions/6dei_sample_1.cif B A -> /home/junjiechen/1_work/250401-Dpepalign/Benchmark/dataset/PepSet_dimer/6dei.pdb L B
Total DockQ over 1 native interfaces: 0.032 with BA:LB model:native mapping
DockQ 0.032 iRMSD 11.405 LRMSD 28.913 fnat 0.000 fnonnat 1.000 F1 0.000 clashes 1 mapping BA:LB /home/junjiechen/1_work/250401-Dpepalign/Benchmark/protenix/PepSet/pred/6dei/seed_42/predictions/6dei_sample_4.cif B A -> /home/junjiechen/1_work/250401-Dpepalign/Benchmark/dataset/PepSet_dimer/6dei.pdb L B
Total DockQ over 1 native interfaces: 0.078 with BA:LB model:native mapping
DockQ 0.078 iRMSD 10.458 LRMSD 24.242 fnat 0.104 fnonnat 0.912 F1 0.095 clashes 0 mapping BA:LB /home/junjiechen/1_work/250401-Dpepalign/Benchmark/protenix/PepSet/pred/6dei/seed_42/predictions/6dei_sample_3.cif B A -> /home/junjiechen/1_work/250401-Dpepalign/Benchmark/dataset/PepSet_dimer/6dei.pdb L B
Total DockQ over 1 native interfaces: 0.029 with BA:LB model:native mapping
DockQ 0.029 iRMSD 11.965 LRMSD 30.361 fnat 0.000 fnonnat 1.000 F1 0.000 clashes 0 mapping BA:LB /home/junjiechen/1_work/250401-Dpepalign/Benchmark/protenix/PepSet/pred/6dei/seed_42/predictions/6dei_sample_2.cif B A -> /home/junjiechen/1_work/250401-Dpepalign/Benchmark/dataset/PepSet_dimer/6dei.pdb L B
Total DockQ over 1 native interfaces: 0.028 with BA:LB model:native mapping
DockQ 0.028 iRMSD 13.094 LRMSD 30.837 fnat 0.000 fnonnat 1.000 F1 0.000 clashes 0 mapping BA:LB /home/junjiechen/1_work/250401-Dpepalign/Benchmark/protenix/PepSet/pred/6dei/seed_43/predictions/6dei_sample_0.cif B A -> /home/junjiechen/1_work/250401-Dpepalign/Benchmark/dataset/PepSet_dimer/6dei.pdb L B
Total DockQ over 1 native interfaces: 0.028 with BA:LB model:native mapping
DockQ 0.028 iRMSD 12.704 LRMSD 30.625 fnat 0.000 fnonnat 1.000 F1 0.000 clashes 0 mapping BA:LB /home/junjiechen/1_work/250401-Dpepalign/Benchmark/protenix/PepSet/pred/6dei/seed_43/predictions/6dei_sample_2.cif B A -> /home/junjiechen/1_work/250401-Dpepalign/Benchmark/dataset/PepSet_dimer/6dei.pdb L B
Total DockQ over 1 native interfaces: 0.028 with BA:LB model:native mapping
DockQ 0.028 iRMSD 13.008 LRMSD 30.559 fnat 0.000 fnonnat 1.000 F1 0.000 clashes 0 mapping BA:LB /home/junjiechen/1_work/250401-Dpepalign/Benchmark/protenix/PepSet/pred/6dei/seed_43/predictions/6dei_sample_1.cif B A -> /home/junjiechen/1_work/250401-Dpepalign/Benchmark/dataset/PepSet_dimer/6dei.pdb L B
Total DockQ over 1 native interfaces: 0.028 with BA:LB model:native mapping
DockQ 0.028 iRMSD 13.132 LRMSD 30.909 fnat 0.000 fnonnat 1.000 F1 0.000 clashes 1 mapping BA:LB /home/junjiechen/1_work/250401-Dpepalign/Benchmark/protenix/PepSet/pred/6dei/seed_43/predictions/6dei_sample_3.cif B A -> /home/junjiechen/1_work/250401-Dpepalign/Benchmark/dataset/PepSet_dimer/6dei.pdb L B
Total DockQ over 1 native interfaces: 0.027 with BA:LB model:native mapping
DockQ 0.027 iRMSD 13.165 LRMSD 31.525 fnat 0.000 fnonnat 1.000 F1 0.000 clashes 0 mapping BA:LB /home/junjiechen/1_work/250401-Dpepalign/Benchmark/protenix/PepSet/pred/6dei/seed_43/predictions/6dei_sample_4.cif B A -> /home/junjiechen/1_work/250401-Dpepalign/Benchmark/dataset/PepSet_dimer/6dei.pdb L B
Total DockQ over 1 native interfaces: 0.027 with BA:LB model:native mapping
DockQ 0.027 iRMSD 12.714 LRMSD 31.406 fnat 0.000 fnonnat 1.000 F1 0.000 clashes 0 mapping BA:LB /home/junjiechen/1_work/250401-Dpepalign/Benchmark/protenix/PepSet/pred/6dei/seed_44/predictions/6dei_sample_1.cif B A -> /home/junjiechen/1_work/250401-Dpepalign/Benchmark/dataset/PepSet_dimer/6dei.pdb L B
Total DockQ over 1 native interfaces: 0.027 with BA:LB model:native mapping
DockQ 0.027 iRMSD 12.738 LRMSD 31.431 fnat 0.000 fnonnat 1.000 F1 0.000 clashes 0 mapping BA:LB /home/junjiechen/1_work/250401-Dpepalign/Benchmark/protenix/PepSet/pred/6dei/seed_44/predictions/6dei_sample_2.cif B A -> /home/junjiechen/1_work/250401-Dpepalign/Benchmark/dataset/PepSet_dimer/6dei.pdb L B
Total DockQ over 1 native interfaces: 0.028 with BA:LB model:native mapping
DockQ 0.028 iRMSD 12.508 LRMSD 30.698 fnat 0.000 fnonnat 1.000 F1 0.000 clashes 1 mapping BA:LB /home/junjiechen/1_work/250401-Dpepalign/Benchmark/protenix/PepSet/pred/6dei/seed_44/predictions/6dei_sample_3.cif B A -> /home/junjiechen/1_work/250401-Dpepalign/Benchmark/dataset/PepSet_dimer/6dei.pdb L B
Total DockQ over 1 native interfaces: 0.028 with BA:LB model:native mapping
DockQ 0.028 iRMSD 12.498 LRMSD 30.819 fnat 0.000 fnonnat 1.000 F1 0.000 clashes 0 mapping BA:LB /home/junjiechen/1_work/250401-Dpepalign/Benchmark/protenix/PepSet/pred/6dei/seed_44/predictions/6dei_sample_0.cif B A -> /home/junjiechen/1_work/250401-Dpepalign/Benchmark/dataset/PepSet_dimer/6dei.pdb L B
Total DockQ over 1 native interfaces: 0.028 with BA:LB model:native mapping
DockQ 0.028 iRMSD 12.532 LRMSD 30.891 fnat 0.000 fnonnat 1.000 F1 0.000 clashes 2 mapping BA:LB /home/junjiechen/1_work/250401-Dpepalign/Benchmark/protenix/PepSet/pred/6dei/seed_44/predictions/6dei_sample_4.cif B A -> /home/junjiechen/1_work/250401-Dpepalign/Benchmark/dataset/PepSet_dimer/6dei.pdb L B
Total DockQ over 1 native interfaces: 0.812 with BA:LA model:native mapping
DockQ 0.812 iRMSD 1.083 LRMSD 2.927 fnat 0.886 fnonnat 0.262 F1 0.805 clashes 0 mapping BA:LA /home/junjiechen/1_work/250401-Dpepalign/Benchmark/protenix/PepSet/pred/6e5x/seed_42/predictions/6e5x_sample_1.cif B A -> /home/junjiechen/1_work/250401-Dpepalign/Benchmark/dataset/PepSet_dimer/6e5x.pdb L A
Total DockQ over 1 native interfaces: 0.826 with BA:LA model:native mapping
DockQ 0.826 iRMSD 1.113 LRMSD 2.989 fnat 0.943 fnonnat 0.267 F1 0.825 clashes 0 mapping BA:LA /home/junjiechen/1_work/250401-Dpepalign/Benchmark/protenix/PepSet/pred/6e5x/seed_42/predictions/6e5x_sample_0.cif B A -> /home/junjiechen/1_work/250401-Dpepalign/Benchmark/dataset/PepSet_dimer/6e5x.pdb L A
Total DockQ over 1 native interfaces: 0.771 with BA:LA model:native mapping
DockQ 0.771 iRMSD 1.298 LRMSD 3.475 fnat 0.886 fnonnat 0.279 F1 0.795 clashes 0 mapping BA:LA /home/junjiechen/1_work/250401-Dpepalign/Benchmark/protenix/PepSet/pred/6e5x/seed_42/predictions/6e5x_sample_4.cif B A -> /home/junjiechen/1_work/250401-Dpepalign/Benchmark/dataset/PepSet_dimer/6e5x.pdb L A
Total DockQ over 1 native interfaces: 0.797 with BA:LA model:native mapping
DockQ 0.797 iRMSD 1.165 LRMSD 3.108 fnat 0.886 fnonnat 0.244 F1 0.816 clashes 0 mapping BA:LA /home/junjiechen/1_work/250401-Dpepalign/Benchmark/protenix/PepSet/pred/6e5x/seed_42/predictions/6e5x_sample_2.cif B A -> /home/junjiechen/1_work/250401-Dpepalign/Benchmark/dataset/PepSet_dimer/6e5x.pdb L A
Total DockQ over 1 native interfaces: 0.781 with BA:LA model:native mapping
DockQ 0.781 iRMSD 1.178 LRMSD 3.313 fnat 0.857 fnonnat 0.286 F1 0.779 clashes 0 mapping BA:LA /home/junjiechen/1_work/250401-Dpepalign/Benchmark/protenix/PepSet/pred/6e5x/seed_42/predictions/6e5x_sample_3.cif B A -> /home/junjiechen/1_work/250401-Dpepalign/Benchmark/dataset/PepSet_dimer/6e5x.pdb L A
Total DockQ over 1 native interfaces: 0.807 with BA:LA model:native mapping
DockQ 0.807 iRMSD 1.148 LRMSD 2.771 fnat 0.886 fnonnat 0.262 F1 0.805 clashes 1 mapping BA:LA /home/junjiechen/1_work/250401-Dpepalign/Benchmark/protenix/PepSet/pred/6e5x/seed_43/predictions/6e5x_sample_0.cif B A -> /home/junjiechen/1_work/250401-Dpepalign/Benchmark/dataset/PepSet_dimer/6e5x.pdb L A
Total DockQ over 1 native interfaces: 0.825 with BA:LA model:native mapping
DockQ 0.825 iRMSD 1.119 LRMSD 2.970 fnat 0.943 fnonnat 0.283 F1 0.815 clashes 0 mapping BA:LA /home/junjiechen/1_work/250401-Dpepalign/Benchmark/protenix/PepSet/pred/6e5x/seed_43/predictions/6e5x_sample_3.cif B A -> /home/junjiechen/1_work/250401-Dpepalign/Benchmark/dataset/PepSet_dimer/6e5x.pdb L A
Total DockQ over 1 native interfaces: 0.828 with BA:LA model:native mapping
DockQ 0.828 iRMSD 1.076 LRMSD 2.698 fnat 0.914 fnonnat 0.256 F1 0.821 clashes 0 mapping BA:LA /home/junjiechen/1_work/250401-Dpepalign/Benchmark/protenix/PepSet/pred/6e5x/seed_43/predictions/6e5x_sample_4.cif B A -> /home/junjiechen/1_work/250401-Dpepalign/Benchmark/dataset/PepSet_dimer/6e5x.pdb L A
Total DockQ over 1 native interfaces: 0.834 with BA:LA model:native mapping
DockQ 0.834 iRMSD 1.068 LRMSD 2.885 fnat 0.943 fnonnat 0.250 F1 0.835 clashes 0 mapping BA:LA /home/junjiechen/1_work/250401-Dpepalign/Benchmark/protenix/PepSet/pred/6e5x/seed_43/predictions/6e5x_sample_1.cif B A -> /home/junjiechen/1_work/250401-Dpepalign/Benchmark/dataset/PepSet_dimer/6e5x.pdb L A
Total DockQ over 1 native interfaces: 0.811 with BA:LA model:native mapping
DockQ 0.811 iRMSD 1.165 LRMSD 3.320 fnat 0.943 fnonnat 0.298 F1 0.805 clashes 0 mapping BA:LA /home/junjiechen/1_work/250401-Dpepalign/Benchmark/protenix/PepSet/pred/6e5x/seed_43/predictions/6e5x_sample_2.cif B A -> /home/junjiechen/1_work/250401-Dpepalign/Benchmark/dataset/PepSet_dimer/6e5x.pdb L A
Total DockQ over 1 native interfaces: 0.816 with BA:LA model:native mapping
DockQ 0.816 iRMSD 1.128 LRMSD 2.913 fnat 0.914 fnonnat 0.256 F1 0.821 clashes 0 mapping BA:LA /home/junjiechen/1_work/250401-Dpepalign/Benchmark/protenix/PepSet/pred/6e5x/seed_44/predictions/6e5x_sample_0.cif B A -> /home/junjiechen/1_work/250401-Dpepalign/Benchmark/dataset/PepSet_dimer/6e5x.pdb L A
Total DockQ over 1 native interfaces: 0.802 with BA:LA model:native mapping
DockQ 0.802 iRMSD 1.176 LRMSD 3.252 fnat 0.914 fnonnat 0.220 F1 0.842 clashes 0 mapping BA:LA /home/junjiechen/1_work/250401-Dpepalign/Benchmark/protenix/PepSet/pred/6e5x/seed_44/predictions/6e5x_sample_3.cif B A -> /home/junjiechen/1_work/250401-Dpepalign/Benchmark/dataset/PepSet_dimer/6e5x.pdb L A
Total DockQ over 1 native interfaces: 0.829 with BA:LA model:native mapping
DockQ 0.829 iRMSD 1.107 LRMSD 2.899 fnat 0.943 fnonnat 0.250 F1 0.835 clashes 0 mapping BA:LA /home/junjiechen/1_work/250401-Dpepalign/Benchmark/protenix/PepSet/pred/6e5x/seed_44/predictions/6e5x_sample_2.cif B A -> /home/junjiechen/1_work/250401-Dpepalign/Benchmark/dataset/PepSet_dimer/6e5x.pdb L A
Total DockQ over 1 native interfaces: 0.800 with BA:LA model:native mapping
DockQ 0.800 iRMSD 1.217 LRMSD 3.081 fnat 0.914 fnonnat 0.273 F1 0.810 clashes 0 mapping BA:LA /home/junjiechen/1_work/250401-Dpepalign/Benchmark/protenix/PepSet/pred/6e5x/seed_44/predictions/6e5x_sample_1.cif B A -> /home/junjiechen/1_work/250401-Dpepalign/Benchmark/dataset/PepSet_dimer/6e5x.pdb L A
Total DockQ over 1 native interfaces: 0.795 with BA:LA model:native mapping
DockQ 0.795 iRMSD 1.175 LRMSD 3.164 fnat 0.886 fnonnat 0.225 F1 0.827 clashes 0 mapping BA:LA /home/junjiechen/1_work/250401-Dpepalign/Benchmark/protenix/PepSet/pred/6e5x/seed_44/predictions/6e5x_sample_4.cif B A -> /home/junjiechen/1_work/250401-Dpepalign/Benchmark/dataset/PepSet_dimer/6e5x.pdb L A
Total DockQ over 1 native interfaces: 0.920 with BA:LA model:native mapping
DockQ 0.920 iRMSD 0.588 LRMSD 1.127 fnat 0.911 fnonnat 0.177 F1 0.864 clashes 0 mapping BA:LA /home/junjiechen/1_work/250401-Dpepalign/Benchmark/protenix/PepSet/pred/6ej7/seed_42/predictions/6ej7_sample_0.cif B A -> /home/junjiechen/1_work/250401-Dpepalign/Benchmark/dataset/PepSet_dimer/6ej7.pdb L A
Total DockQ over 1 native interfaces: 0.931 with BA:LA model:native mapping
DockQ 0.931 iRMSD 0.506 LRMSD 1.010 fnat 0.911 fnonnat 0.164 F1 0.872 clashes 0 mapping BA:LA /home/junjiechen/1_work/250401-Dpepalign/Benchmark/protenix/PepSet/pred/6ej7/seed_42/predictions/6ej7_sample_2.cif B A -> /home/junjiechen/1_work/250401-Dpepalign/Benchmark/dataset/PepSet_dimer/6ej7.pdb L A
Total DockQ over 1 native interfaces: 0.911 with BA:LA model:native mapping
DockQ 0.911 iRMSD 0.591 LRMSD 1.369 fnat 0.893 fnonnat 0.180 F1 0.855 clashes 0 mapping BA:LA /home/junjiechen/1_work/250401-Dpepalign/Benchmark/protenix/PepSet/pred/6ej7/seed_42/predictions/6ej7_sample_1.cif B A -> /home/junjiechen/1_work/250401-Dpepalign/Benchmark/dataset/PepSet_dimer/6ej7.pdb L A
Total DockQ over 1 native interfaces: 0.916 with BA:LA model:native mapping
DockQ 0.916 iRMSD 0.598 LRMSD 1.354 fnat 0.911 fnonnat 0.250 F1 0.823 clashes 0 mapping BA:LA /home/junjiechen/1_work/250401-Dpepalign/Benchmark/protenix/PepSet/pred/6ej7/seed_43/predictions/6ej7_sample_3.cif B A -> /home/junjiechen/1_work/250401-Dpepalign/Benchmark/dataset/PepSet_dimer/6ej7.pdb L A
Total DockQ over 1 native interfaces: 0.876 with BA:LA model:native mapping
DockQ 0.876 iRMSD 0.851 LRMSD 2.084 fnat 0.929 fnonnat 0.200 F1 0.860 clashes 0 mapping BA:LA /home/junjiechen/1_work/250401-Dpepalign/Benchmark/protenix/PepSet/pred/6ej7/seed_42/predictions/6ej7_sample_4.cif B A -> /home/junjiechen/1_work/250401-Dpepalign/Benchmark/dataset/PepSet_dimer/6ej7.pdb L A
Total DockQ over 1 native interfaces: 0.921 with BA:LA model:native mapping
DockQ 0.921 iRMSD 0.568 LRMSD 1.300 fnat 0.911 fnonnat 0.150 F1 0.879 clashes 0 mapping BA:LA /home/junjiechen/1_work/250401-Dpepalign/Benchmark/protenix/PepSet/pred/6ej7/seed_43/predictions/6ej7_sample_2.cif B A -> /home/junjiechen/1_work/250401-Dpepalign/Benchmark/dataset/PepSet_dimer/6ej7.pdb L A
Total DockQ over 1 native interfaces: 0.899 with BA:LA model:native mapping
DockQ 0.899 iRMSD 0.735 LRMSD 1.688 fnat 0.929 fnonnat 0.246 F1 0.832 clashes 0 mapping BA:LA /home/junjiechen/1_work/250401-Dpepalign/Benchmark/protenix/PepSet/pred/6ej7/seed_43/predictions/6ej7_sample_4.cif B A -> /home/junjiechen/1_work/250401-Dpepalign/Benchmark/dataset/PepSet_dimer/6ej7.pdb L A
Total DockQ over 1 native interfaces: 0.936 with BA:LA model:native mapping
DockQ 0.936 iRMSD 0.553 LRMSD 1.211 fnat 0.946 fnonnat 0.145 F1 0.898 clashes 0 mapping BA:LA /home/junjiechen/1_work/250401-Dpepalign/Benchmark/protenix/PepSet/pred/6ej7/seed_43/predictions/6ej7_sample_0.cif B A -> /home/junjiechen/1_work/250401-Dpepalign/Benchmark/dataset/PepSet_dimer/6ej7.pdb L A
Total DockQ over 1 native interfaces: 0.909 with BA:LA model:native mapping
DockQ 0.909 iRMSD 0.640 LRMSD 1.499 fnat 0.911 fnonnat 0.215 F1 0.843 clashes 1 mapping BA:LA /home/junjiechen/1_work/250401-Dpepalign/Benchmark/protenix/PepSet/pred/6ej7/seed_42/predictions/6ej7_sample_3.cif B A -> /home/junjiechen/1_work/250401-Dpepalign/Benchmark/dataset/PepSet_dimer/6ej7.pdb L A
Total DockQ over 1 native interfaces: 0.912 with BA:LA model:native mapping
DockQ 0.912 iRMSD 0.635 LRMSD 1.313 fnat 0.911 fnonnat 0.250 F1 0.823 clashes 1 mapping BA:LA /home/junjiechen/1_work/250401-Dpepalign/Benchmark/protenix/PepSet/pred/6ej7/seed_43/predictions/6ej7_sample_1.cif B A -> /home/junjiechen/1_work/250401-Dpepalign/Benchmark/dataset/PepSet_dimer/6ej7.pdb L A
Total DockQ over 1 native interfaces: 0.925 with BA:LA model:native mapping
DockQ 0.925 iRMSD 0.629 LRMSD 1.227 fnat 0.946 fnonnat 0.221 F1 0.855 clashes 0 mapping BA:LA /home/junjiechen/1_work/250401-Dpepalign/Benchmark/protenix/PepSet/pred/6ej7/seed_44/predictions/6ej7_sample_0.cif B A -> /home/junjiechen/1_work/250401-Dpepalign/Benchmark/dataset/PepSet_dimer/6ej7.pdb L A
Total DockQ over 1 native interfaces: 0.904 with BA:LA model:native mapping
DockQ 0.904 iRMSD 0.668 LRMSD 1.564 fnat 0.911 fnonnat 0.239 F1 0.829 clashes 0 mapping BA:LA /home/junjiechen/1_work/250401-Dpepalign/Benchmark/protenix/PepSet/pred/6ej7/seed_44/predictions/6ej7_sample_4.cif B A -> /home/junjiechen/1_work/250401-Dpepalign/Benchmark/dataset/PepSet_dimer/6ej7.pdb L A
Total DockQ over 1 native interfaces: 0.868 with BA:LA model:native mapping
DockQ 0.868 iRMSD 1.059 LRMSD 0.881 fnat 0.947 fnonnat 0.133 F1 0.906 clashes 0 mapping BA:LA /home/junjiechen/1_work/250401-Dpepalign/Benchmark/protenix/PepSet/pred/6f0w/seed_42/predictions/6f0w_sample_1.cif B A -> /home/junjiechen/1_work/250401-Dpepalign/Benchmark/dataset/PepSet_dimer/6f0w.pdb L A
Total DockQ over 1 native interfaces: 0.860 with BA:LA model:native mapping
DockQ 0.860 iRMSD 1.149 LRMSD 0.863 fnat 0.961 fnonnat 0.170 F1 0.890 clashes 0 mapping BA:LA /home/junjiechen/1_work/250401-Dpepalign/Benchmark/protenix/PepSet/pred/6f0w/seed_42/predictions/6f0w_sample_4.cif B A -> /home/junjiechen/1_work/250401-Dpepalign/Benchmark/dataset/PepSet_dimer/6f0w.pdb L A
Total DockQ over 1 native interfaces: 0.942 with BA:LA model:native mapping
DockQ 0.942 iRMSD 0.477 LRMSD 0.882 fnat 0.929 fnonnat 0.212 F1 0.852 clashes 1 mapping BA:LA /home/junjiechen/1_work/250401-Dpepalign/Benchmark/protenix/PepSet/pred/6ej7/seed_44/predictions/6ej7_sample_1.cif B A -> /home/junjiechen/1_work/250401-Dpepalign/Benchmark/dataset/PepSet_dimer/6ej7.pdb L A
Total DockQ over 1 native interfaces: 0.907 with BA:LA model:native mapping
DockQ 0.907 iRMSD 0.658 LRMSD 1.418 fnat 0.911 fnonnat 0.250 F1 0.823 clashes 0 mapping BA:LA /home/junjiechen/1_work/250401-Dpepalign/Benchmark/protenix/PepSet/pred/6ej7/seed_44/predictions/6ej7_sample_3.cif B A -> /home/junjiechen/1_work/250401-Dpepalign/Benchmark/dataset/PepSet_dimer/6ej7.pdb L A
Total DockQ over 1 native interfaces: 0.861 with BA:LA model:native mapping
DockQ 0.861 iRMSD 1.117 LRMSD 0.804 fnat 0.947 fnonnat 0.172 F1 0.883 clashes 0 mapping BA:LA /home/junjiechen/1_work/250401-Dpepalign/Benchmark/protenix/PepSet/pred/6f0w/seed_42/predictions/6f0w_sample_3.cif B A -> /home/junjiechen/1_work/250401-Dpepalign/Benchmark/dataset/PepSet_dimer/6f0w.pdb L A
Total DockQ over 1 native interfaces: 0.878 with BA:LA model:native mapping
DockQ 0.878 iRMSD 1.023 LRMSD 0.758 fnat 0.961 fnonnat 0.120 F1 0.918 clashes 0 mapping BA:LA /home/junjiechen/1_work/250401-Dpepalign/Benchmark/protenix/PepSet/pred/6f0w/seed_42/predictions/6f0w_sample_2.cif B A -> /home/junjiechen/1_work/250401-Dpepalign/Benchmark/dataset/PepSet_dimer/6f0w.pdb L A
Total DockQ over 1 native interfaces: 0.884 with BA:LA model:native mapping
DockQ 0.884 iRMSD 0.993 LRMSD 0.624 fnat 0.961 fnonnat 0.170 F1 0.890 clashes 1 mapping BA:LA /home/junjiechen/1_work/250401-Dpepalign/Benchmark/protenix/PepSet/pred/6f0w/seed_42/predictions/6f0w_sample_0.cif B A -> /home/junjiechen/1_work/250401-Dpepalign/Benchmark/dataset/PepSet_dimer/6f0w.pdb L A
Total DockQ over 1 native interfaces: 0.925 with BA:LA model:native mapping
DockQ 0.925 iRMSD 0.567 LRMSD 0.829 fnat 0.911 fnonnat 0.239 F1 0.829 clashes 0 mapping BA:LA /home/junjiechen/1_work/250401-Dpepalign/Benchmark/protenix/PepSet/pred/6ej7/seed_44/predictions/6ej7_sample_2.cif B A -> /home/junjiechen/1_work/250401-Dpepalign/Benchmark/dataset/PepSet_dimer/6ej7.pdb L A
Total DockQ over 1 native interfaces: 0.870 with BA:LA model:native mapping
DockQ 0.870 iRMSD 1.078 LRMSD 0.793 fnat 0.961 fnonnat 0.120 F1 0.918 clashes 0 mapping BA:LA /home/junjiechen/1_work/250401-Dpepalign/Benchmark/protenix/PepSet/pred/6f0w/seed_43/predictions/6f0w_sample_0.cif B A -> /home/junjiechen/1_work/250401-Dpepalign/Benchmark/dataset/PepSet_dimer/6f0w.pdb L A
Total DockQ over 1 native interfaces: 0.866 with BA:LA model:native mapping
DockQ 0.866 iRMSD 1.053 LRMSD 0.666 fnat 0.934 fnonnat 0.134 F1 0.899 clashes 0 mapping BA:LA /home/junjiechen/1_work/250401-Dpepalign/Benchmark/protenix/PepSet/pred/6f0w/seed_43/predictions/6f0w_sample_1.cif B A -> /home/junjiechen/1_work/250401-Dpepalign/Benchmark/dataset/PepSet_dimer/6f0w.pdb L A
Total DockQ over 1 native interfaces: 0.875 with BA:LA model:native mapping
DockQ 0.875 iRMSD 1.021 LRMSD 0.587 fnat 0.947 fnonnat 0.122 F1 0.911 clashes 0 mapping BA:LA /home/junjiechen/1_work/250401-Dpepalign/Benchmark/protenix/PepSet/pred/6f0w/seed_43/predictions/6f0w_sample_2.cif B A -> /home/junjiechen/1_work/250401-Dpepalign/Benchmark/dataset/PepSet_dimer/6f0w.pdb L A
Total DockQ over 1 native interfaces: 0.860 with BA:LA model:native mapping
DockQ 0.860 iRMSD 1.121 LRMSD 0.791 fnat 0.947 fnonnat 0.153 F1 0.894 clashes 1 mapping BA:LA /home/junjiechen/1_work/250401-Dpepalign/Benchmark/protenix/PepSet/pred/6f0w/seed_44/predictions/6f0w_sample_2.cif B A -> /home/junjiechen/1_work/250401-Dpepalign/Benchmark/dataset/PepSet_dimer/6f0w.pdb L A
Total DockQ over 1 native interfaces: 0.862 with BA:LA model:native mapping
DockQ 0.862 iRMSD 1.118 LRMSD 0.617 fnat 0.947 fnonnat 0.172 F1 0.883 clashes 0 mapping BA:LA /home/junjiechen/1_work/250401-Dpepalign/Benchmark/protenix/PepSet/pred/6f0w/seed_44/predictions/6f0w_sample_3.cif B A -> /home/junjiechen/1_work/250401-Dpepalign/Benchmark/dataset/PepSet_dimer/6f0w.pdb L A
Total DockQ over 1 native interfaces: 0.882 with BA:LA model:native mapping
DockQ 0.882 iRMSD 1.006 LRMSD 0.540 fnat 0.961 fnonnat 0.110 F1 0.924 clashes 0 mapping BA:LA /home/junjiechen/1_work/250401-Dpepalign/Benchmark/protenix/PepSet/pred/6f0w/seed_43/predictions/6f0w_sample_4.cif B A -> /home/junjiechen/1_work/250401-Dpepalign/Benchmark/dataset/PepSet_dimer/6f0w.pdb L A
Total DockQ over 1 native interfaces: 0.874 with BA:LA model:native mapping
DockQ 0.874 iRMSD 1.002 LRMSD 0.510 fnat 0.934 fnonnat 0.134 F1 0.899 clashes 1 mapping BA:LA /home/junjiechen/1_work/250401-Dpepalign/Benchmark/protenix/PepSet/pred/6f0w/seed_44/predictions/6f0w_sample_0.cif B A -> /home/junjiechen/1_work/250401-Dpepalign/Benchmark/dataset/PepSet_dimer/6f0w.pdb L A
Total DockQ over 1 native interfaces: 0.880 with BA:LA model:native mapping
DockQ 0.880 iRMSD 1.020 LRMSD 0.644 fnat 0.961 fnonnat 0.131 F1 0.912 clashes 0 mapping BA:LA /home/junjiechen/1_work/250401-Dpepalign/Benchmark/protenix/PepSet/pred/6f0w/seed_44/predictions/6f0w_sample_1.cif B A -> /home/junjiechen/1_work/250401-Dpepalign/Benchmark/dataset/PepSet_dimer/6f0w.pdb L A
Total DockQ over 1 native interfaces: 0.871 with BA:LA model:native mapping
DockQ 0.871 iRMSD 1.049 LRMSD 0.654 fnat 0.947 fnonnat 0.143 F1 0.900 clashes 0 mapping BA:LA /home/junjiechen/1_work/250401-Dpepalign/Benchmark/protenix/PepSet/pred/6f0w/seed_43/predictions/6f0w_sample_3.cif B A -> /home/junjiechen/1_work/250401-Dpepalign/Benchmark/dataset/PepSet_dimer/6f0w.pdb L A
Total DockQ over 1 native interfaces: 0.861 with BA:LA model:native mapping
DockQ 0.861 iRMSD 1.150 LRMSD 0.677 fnat 0.961 fnonnat 0.170 F1 0.890 clashes 2 mapping BA:LA /home/junjiechen/1_work/250401-Dpepalign/Benchmark/protenix/PepSet/pred/6f0w/seed_44/predictions/6f0w_sample_4.cif B A -> /home/junjiechen/1_work/250401-Dpepalign/Benchmark/dataset/PepSet_dimer/6f0w.pdb L A
Total DockQ over 1 native interfaces: 0.444 with BA:LA model:native mapping
DockQ 0.444 iRMSD 4.375 LRMSD 10.224 fnat 0.818 fnonnat 0.217 F1 0.800 clashes 0 mapping BA:LA /home/junjiechen/1_work/250401-Dpepalign/Benchmark/protenix/PepSet/pred/6f0y/seed_42/predictions/6f0y_sample_0.cif B A -> /home/junjiechen/1_work/250401-Dpepalign/Benchmark/dataset/PepSet_dimer/6f0y.pdb L A
Total DockQ over 1 native interfaces: 0.429 with BA:LA model:native mapping
DockQ 0.429 iRMSD 4.776 LRMSD 11.393 fnat 0.841 fnonnat 0.260 F1 0.787 clashes 0 mapping BA:LA /home/junjiechen/1_work/250401-Dpepalign/Benchmark/protenix/PepSet/pred/6f0y/seed_42/predictions/6f0y_sample_2.cif B A -> /home/junjiechen/1_work/250401-Dpepalign/Benchmark/dataset/PepSet_dimer/6f0y.pdb L A
Total DockQ over 1 native interfaces: 0.461 with BA:LA model:native mapping
DockQ 0.461 iRMSD 4.356 LRMSD 9.687 fnat 0.841 fnonnat 0.275 F1 0.779 clashes 0 mapping BA:LA /home/junjiechen/1_work/250401-Dpepalign/Benchmark/protenix/PepSet/pred/6f0y/seed_42/predictions/6f0y_sample_1.cif B A -> /home/junjiechen/1_work/250401-Dpepalign/Benchmark/dataset/PepSet_dimer/6f0y.pdb L A
Total DockQ over 1 native interfaces: 0.419 with BA:LA model:native mapping
DockQ 0.419 iRMSD 4.778 LRMSD 11.016 fnat 0.795 fnonnat 0.286 F1 0.753 clashes 0 mapping BA:LA /home/junjiechen/1_work/250401-Dpepalign/Benchmark/protenix/PepSet/pred/6f0y/seed_42/predictions/6f0y_sample_3.cif B A -> /home/junjiechen/1_work/250401-Dpepalign/Benchmark/dataset/PepSet_dimer/6f0y.pdb L A
Total DockQ over 1 native interfaces: 0.431 with BA:LA model:native mapping
DockQ 0.431 iRMSD 4.316 LRMSD 10.139 fnat 0.773 fnonnat 0.358 F1 0.701 clashes 1 mapping BA:LA /home/junjiechen/1_work/250401-Dpepalign/Benchmark/protenix/PepSet/pred/6f0y/seed_42/predictions/6f0y_sample_4.cif B A -> /home/junjiechen/1_work/250401-Dpepalign/Benchmark/dataset/PepSet_dimer/6f0y.pdb L A
Total DockQ over 1 native interfaces: 0.476 with BA:LA model:native mapping
DockQ 0.476 iRMSD 4.370 LRMSD 9.202 fnat 0.864 fnonnat 0.191 F1 0.835 clashes 0 mapping BA:LA /home/junjiechen/1_work/250401-Dpepalign/Benchmark/protenix/PepSet/pred/6f0y/seed_43/predictions/6f0y_sample_0.cif B A -> /home/junjiechen/1_work/250401-Dpepalign/Benchmark/dataset/PepSet_dimer/6f0y.pdb L A
Total DockQ over 1 native interfaces: 0.469 with BA:LA model:native mapping
DockQ 0.469 iRMSD 4.231 LRMSD 9.333 fnat 0.841 fnonnat 0.245 F1 0.796 clashes 0 mapping BA:LA /home/junjiechen/1_work/250401-Dpepalign/Benchmark/protenix/PepSet/pred/6f0y/seed_43/predictions/6f0y_sample_2.cif B A -> /home/junjiechen/1_work/250401-Dpepalign/Benchmark/dataset/PepSet_dimer/6f0y.pdb L A
Total DockQ over 1 native interfaces: 0.451 with BA:LA model:native mapping
DockQ 0.451 iRMSD 4.519 LRMSD 10.133 fnat 0.841 fnonnat 0.213 F1 0.813 clashes 0 mapping BA:LA /home/junjiechen/1_work/250401-Dpepalign/Benchmark/protenix/PepSet/pred/6f0y/seed_43/predictions/6f0y_sample_1.cif B A -> /home/junjiechen/1_work/250401-Dpepalign/Benchmark/dataset/PepSet_dimer/6f0y.pdb L A
Total DockQ over 1 native interfaces: 0.501 with BA:LA model:native mapping
DockQ 0.501 iRMSD 3.594 LRMSD 8.269 fnat 0.841 fnonnat 0.275 F1 0.779 clashes 0 mapping BA:LA /home/junjiechen/1_work/250401-Dpepalign/Benchmark/protenix/PepSet/pred/6f0y/seed_43/predictions/6f0y_sample_3.cif B A -> /home/junjiechen/1_work/250401-Dpepalign/Benchmark/dataset/PepSet_dimer/6f0y.pdb L A
Total DockQ over 1 native interfaces: 0.441 with BA:LA model:native mapping
DockQ 0.441 iRMSD 4.469 LRMSD 10.820 fnat 0.841 fnonnat 0.260 F1 0.787 clashes 1 mapping BA:LA /home/junjiechen/1_work/250401-Dpepalign/Benchmark/protenix/PepSet/pred/6f0y/seed_43/predictions/6f0y_sample_4.cif B A -> /home/junjiechen/1_work/250401-Dpepalign/Benchmark/dataset/PepSet_dimer/6f0y.pdb L A
Total DockQ over 1 native interfaces: 0.432 with BA:LA model:native mapping
DockQ 0.432 iRMSD 4.656 LRMSD 10.800 fnat 0.818 fnonnat 0.234 F1 0.791 clashes 0 mapping BA:LA /home/junjiechen/1_work/250401-Dpepalign/Benchmark/protenix/PepSet/pred/6f0y/seed_44/predictions/6f0y_sample_0.cif B A -> /home/junjiechen/1_work/250401-Dpepalign/Benchmark/dataset/PepSet_dimer/6f0y.pdb L A
Total DockQ over 1 native interfaces: 0.443 with BA:LA model:native mapping
DockQ 0.443 iRMSD 4.250 LRMSD 9.912 fnat 0.795 fnonnat 0.286 F1 0.753 clashes 0 mapping BA:LA /home/junjiechen/1_work/250401-Dpepalign/Benchmark/protenix/PepSet/pred/6f0y/seed_44/predictions/6f0y_sample_1.cif B A -> /home/junjiechen/1_work/250401-Dpepalign/Benchmark/dataset/PepSet_dimer/6f0y.pdb L A
Total DockQ over 1 native interfaces: 0.456 with BA:LA model:native mapping
DockQ 0.456 iRMSD 4.237 LRMSD 9.624 fnat 0.818 fnonnat 0.265 F1 0.774 clashes 0 mapping BA:LA /home/junjiechen/1_work/250401-Dpepalign/Benchmark/protenix/PepSet/pred/6f0y/seed_44/predictions/6f0y_sample_2.cif B A -> /home/junjiechen/1_work/250401-Dpepalign/Benchmark/dataset/PepSet_dimer/6f0y.pdb L A
Total DockQ over 1 native interfaces: 0.449 with BA:LA model:native mapping
DockQ 0.449 iRMSD 4.475 LRMSD 10.320 fnat 0.841 fnonnat 0.327 F1 0.747 clashes 0 mapping BA:LA /home/junjiechen/1_work/250401-Dpepalign/Benchmark/protenix/PepSet/pred/6f0y/seed_44/predictions/6f0y_sample_4.cif B A -> /home/junjiechen/1_work/250401-Dpepalign/Benchmark/dataset/PepSet_dimer/6f0y.pdb L A
Total DockQ over 1 native interfaces: 0.853 with BA:LA model:native mapping
DockQ 0.853 iRMSD 0.755 LRMSD 2.972 fnat 0.871 fnonnat 0.357 F1 0.740 clashes 2 mapping BA:LA /home/junjiechen/1_work/250401-Dpepalign/Benchmark/protenix/PepSet/pred/6f4s/seed_42/predictions/6f4s_sample_2.cif B A -> /home/junjiechen/1_work/250401-Dpepalign/Benchmark/dataset/PepSet_dimer/6f4s.pdb L A
Total DockQ over 1 native interfaces: 0.428 with BA:LA model:native mapping
DockQ 0.428 iRMSD 4.940 LRMSD 10.823 fnat 0.818 fnonnat 0.333 F1 0.735 clashes 1 mapping BA:LA /home/junjiechen/1_work/250401-Dpepalign/Benchmark/protenix/PepSet/pred/6f0y/seed_44/predictions/6f0y_sample_3.cif B A -> /home/junjiechen/1_work/250401-Dpepalign/Benchmark/dataset/PepSet_dimer/6f0y.pdb L A
Total DockQ over 1 native interfaces: 0.823 with BA:LA model:native mapping
DockQ 0.823 iRMSD 0.846 LRMSD 3.277 fnat 0.839 fnonnat 0.350 F1 0.732 clashes 0 mapping BA:LA /home/junjiechen/1_work/250401-Dpepalign/Benchmark/protenix/PepSet/pred/6f4s/seed_42/predictions/6f4s_sample_3.cif B A -> /home/junjiechen/1_work/250401-Dpepalign/Benchmark/dataset/PepSet_dimer/6f4s.pdb L A
Total DockQ over 1 native interfaces: 0.867 with BA:LA model:native mapping
DockQ 0.867 iRMSD 0.605 LRMSD 2.270 fnat 0.806 fnonnat 0.286 F1 0.758 clashes 4 mapping BA:LA /home/junjiechen/1_work/250401-Dpepalign/Benchmark/protenix/PepSet/pred/6f4s/seed_42/predictions/6f4s_sample_1.cif B A -> /home/junjiechen/1_work/250401-Dpepalign/Benchmark/dataset/PepSet_dimer/6f4s.pdb L A
Total DockQ over 1 native interfaces: 0.770 with BA:LA model:native mapping
DockQ 0.770 iRMSD 0.974 LRMSD 3.815 fnat 0.774 fnonnat 0.351 F1 0.706 clashes 0 mapping BA:LA /home/junjiechen/1_work/250401-Dpepalign/Benchmark/protenix/PepSet/pred/6f4s/seed_42/predictions/6f4s_sample_0.cif B A -> /home/junjiechen/1_work/250401-Dpepalign/Benchmark/dataset/PepSet_dimer/6f4s.pdb L A
Total DockQ over 1 native interfaces: 0.827 with BA:LA model:native mapping
DockQ 0.827 iRMSD 0.773 LRMSD 3.054 fnat 0.806 fnonnat 0.342 F1 0.725 clashes 2 mapping BA:LA /home/junjiechen/1_work/250401-Dpepalign/Benchmark/protenix/PepSet/pred/6f4s/seed_42/predictions/6f4s_sample_4.cif B A -> /home/junjiechen/1_work/250401-Dpepalign/Benchmark/dataset/PepSet_dimer/6f4s.pdb L A
Total DockQ over 1 native interfaces: 0.839 with BA:LA model:native mapping
DockQ 0.839 iRMSD 0.823 LRMSD 3.168 fnat 0.871 fnonnat 0.357 F1 0.740 clashes 2 mapping BA:LA /home/junjiechen/1_work/250401-Dpepalign/Benchmark/protenix/PepSet/pred/6f4s/seed_43/predictions/6f4s_sample_0.cif B A -> /home/junjiechen/1_work/250401-Dpepalign/Benchmark/dataset/PepSet_dimer/6f4s.pdb L A
Total DockQ over 1 native interfaces: 0.828 with BA:LA model:native mapping
DockQ 0.828 iRMSD 0.775 LRMSD 3.032 fnat 0.806 fnonnat 0.359 F1 0.714 clashes 4 mapping BA:LA /home/junjiechen/1_work/250401-Dpepalign/Benchmark/protenix/PepSet/pred/6f4s/seed_43/predictions/6f4s_sample_1.cif B A -> /home/junjiechen/1_work/250401-Dpepalign/Benchmark/dataset/PepSet_dimer/6f4s.pdb L A
Total DockQ over 1 native interfaces: 0.860 with BA:LA model:native mapping
DockQ 0.860 iRMSD 0.729 LRMSD 2.834 fnat 0.871 fnonnat 0.357 F1 0.740 clashes 0 mapping BA:LA /home/junjiechen/1_work/250401-Dpepalign/Benchmark/protenix/PepSet/pred/6f4s/seed_43/predictions/6f4s_sample_2.cif B A -> /home/junjiechen/1_work/250401-Dpepalign/Benchmark/dataset/PepSet_dimer/6f4s.pdb L A
Total DockQ over 1 native interfaces: 0.873 with BA:LA model:native mapping
DockQ 0.873 iRMSD 0.572 LRMSD 2.182 fnat 0.806 fnonnat 0.324 F1 0.735 clashes 1 mapping BA:LA /home/junjiechen/1_work/250401-Dpepalign/Benchmark/protenix/PepSet/pred/6f4s/seed_43/predictions/6f4s_sample_4.cif B A -> /home/junjiechen/1_work/250401-Dpepalign/Benchmark/dataset/PepSet_dimer/6f4s.pdb L A
Total DockQ over 1 native interfaces: 0.851 with BA:LA model:native mapping
DockQ 0.851 iRMSD 0.622 LRMSD 2.415 fnat 0.774 fnonnat 0.333 F1 0.716 clashes 1 mapping BA:LA /home/junjiechen/1_work/250401-Dpepalign/Benchmark/protenix/PepSet/pred/6f4s/seed_43/predictions/6f4s_sample_3.cif B A -> /home/junjiechen/1_work/250401-Dpepalign/Benchmark/dataset/PepSet_dimer/6f4s.pdb L A
Total DockQ over 1 native interfaces: 0.778 with BA:LA model:native mapping
DockQ 0.778 iRMSD 0.987 LRMSD 3.832 fnat 0.806 fnonnat 0.342 F1 0.725 clashes 1 mapping BA:LA /home/junjiechen/1_work/250401-Dpepalign/Benchmark/protenix/PepSet/pred/6f4s/seed_44/predictions/6f4s_sample_0.cif B A -> /home/junjiechen/1_work/250401-Dpepalign/Benchmark/dataset/PepSet_dimer/6f4s.pdb L A
Total DockQ over 1 native interfaces: 0.860 with BA:LA model:native mapping
DockQ 0.860 iRMSD 0.772 LRMSD 3.041 fnat 0.903 fnonnat 0.378 F1 0.737 clashes 2 mapping BA:LA /home/junjiechen/1_work/250401-Dpepalign/Benchmark/protenix/PepSet/pred/6f4s/seed_44/predictions/6f4s_sample_3.cif B A -> /home/junjiechen/1_work/250401-Dpepalign/Benchmark/dataset/PepSet_dimer/6f4s.pdb L A
Total DockQ over 1 native interfaces: 0.773 with BA:LA model:native mapping
DockQ 0.773 iRMSD 0.958 LRMSD 3.774 fnat 0.774 fnonnat 0.415 F1 0.667 clashes 1 mapping BA:LA /home/junjiechen/1_work/250401-Dpepalign/Benchmark/protenix/PepSet/pred/6f4s/seed_44/predictions/6f4s_sample_2.cif B A -> /home/junjiechen/1_work/250401-Dpepalign/Benchmark/dataset/PepSet_dimer/6f4s.pdb L A
Total DockQ over 1 native interfaces: 0.825 with BA:LA model:native mapping
DockQ 0.825 iRMSD 0.788 LRMSD 3.077 fnat 0.806 fnonnat 0.405 F1 0.685 clashes 0 mapping BA:LA /home/junjiechen/1_work/250401-Dpepalign/Benchmark/protenix/PepSet/pred/6f4s/seed_44/predictions/6f4s_sample_1.cif B A -> /home/junjiechen/1_work/250401-Dpepalign/Benchmark/dataset/PepSet_dimer/6f4s.pdb L A
Total DockQ over 1 native interfaces: 0.838 with BA:LA model:native mapping
DockQ 0.838 iRMSD 0.777 LRMSD 3.051 fnat 0.839 fnonnat 0.409 F1 0.693 clashes 3 mapping BA:LA /home/junjiechen/1_work/250401-Dpepalign/Benchmark/protenix/PepSet/pred/6f4s/seed_44/predictions/6f4s_sample_4.cif B A -> /home/junjiechen/1_work/250401-Dpepalign/Benchmark/dataset/PepSet_dimer/6f4s.pdb L A
Total DockQ over 1 native interfaces: 0.830 with BA:LA model:native mapping
DockQ 0.830 iRMSD 1.060 LRMSD 1.434 fnat 0.851 fnonnat 0.098 F1 0.876 clashes 1 mapping BA:LA /home/junjiechen/1_work/250401-Dpepalign/Benchmark/protenix/PepSet/pred/6f6d/seed_42/predictions/6f6d_sample_0.cif B A -> /home/junjiechen/1_work/250401-Dpepalign/Benchmark/dataset/PepSet_dimer/6f6d.pdb L A
Total DockQ over 1 native interfaces: 0.848 with BA:LA model:native mapping
DockQ 0.848 iRMSD 1.013 LRMSD 1.103 fnat 0.874 fnonnat 0.062 F1 0.905 clashes 1 mapping BA:LA /home/junjiechen/1_work/250401-Dpepalign/Benchmark/protenix/PepSet/pred/6f6d/seed_42/predictions/6f6d_sample_1.cif B A -> /home/junjiechen/1_work/250401-Dpepalign/Benchmark/dataset/PepSet_dimer/6f6d.pdb L A
Total DockQ over 1 native interfaces: 0.879 with BA:LA model:native mapping
DockQ 0.879 iRMSD 0.924 LRMSD 1.181 fnat 0.931 fnonnat 0.047 F1 0.942 clashes 1 mapping BA:LA /home/junjiechen/1_work/250401-Dpepalign/Benchmark/protenix/PepSet/pred/6f6d/seed_43/predictions/6f6d_sample_0.cif B A -> /home/junjiechen/1_work/250401-Dpepalign/Benchmark/dataset/PepSet_dimer/6f6d.pdb L A
Total DockQ over 1 native interfaces: 0.871 with BA:LA model:native mapping
DockQ 0.871 iRMSD 0.918 LRMSD 0.875 fnat 0.897 fnonnat 0.071 F1 0.912 clashes 1 mapping BA:LA /home/junjiechen/1_work/250401-Dpepalign/Benchmark/protenix/PepSet/pred/6f6d/seed_42/predictions/6f6d_sample_2.cif B A -> /home/junjiechen/1_work/250401-Dpepalign/Benchmark/dataset/PepSet_dimer/6f6d.pdb L A
Total DockQ over 1 native interfaces: 0.879 with BA:LA model:native mapping
DockQ 0.879 iRMSD 0.879 LRMSD 1.054 fnat 0.908 fnonnat 0.092 F1 0.908 clashes 1 mapping BA:LA /home/junjiechen/1_work/250401-Dpepalign/Benchmark/protenix/PepSet/pred/6f6d/seed_42/predictions/6f6d_sample_4.cif B A -> /home/junjiechen/1_work/250401-Dpepalign/Benchmark/dataset/PepSet_dimer/6f6d.pdb L A
Total DockQ over 1 native interfaces: 0.890 with BA:LA model:native mapping
DockQ 0.890 iRMSD 0.906 LRMSD 1.150 fnat 0.954 fnonnat 0.057 F1 0.949 clashes 1 mapping BA:LA /home/junjiechen/1_work/250401-Dpepalign/Benchmark/protenix/PepSet/pred/6f6d/seed_43/predictions/6f6d_sample_3.cif B A -> /home/junjiechen/1_work/250401-Dpepalign/Benchmark/dataset/PepSet_dimer/6f6d.pdb L A
Total DockQ over 1 native interfaces: 0.838 with BA:LA model:native mapping
DockQ 0.838 iRMSD 1.203 LRMSD 1.012 fnat 0.920 fnonnat 0.070 F1 0.925 clashes 0 mapping BA:LA /home/junjiechen/1_work/250401-Dpepalign/Benchmark/protenix/PepSet/pred/6f6d/seed_43/predictions/6f6d_sample_1.cif B A -> /home/junjiechen/1_work/250401-Dpepalign/Benchmark/dataset/PepSet_dimer/6f6d.pdb L A
Total DockQ over 1 native interfaces: 0.880 with BA:LA model:native mapping
DockQ 0.880 iRMSD 0.896 LRMSD 1.126 fnat 0.920 fnonnat 0.111 F1 0.904 clashes 0 mapping BA:LA /home/junjiechen/1_work/250401-Dpepalign/Benchmark/protenix/PepSet/pred/6f6d/seed_42/predictions/6f6d_sample_3.cif B A -> /home/junjiechen/1_work/250401-Dpepalign/Benchmark/dataset/PepSet_dimer/6f6d.pdb L A
Total DockQ over 1 native interfaces: 0.893 with BA:LA model:native mapping
DockQ 0.893 iRMSD 0.861 LRMSD 1.040 fnat 0.943 fnonnat 0.035 F1 0.953 clashes 1 mapping BA:LA /home/junjiechen/1_work/250401-Dpepalign/Benchmark/protenix/PepSet/pred/6f6d/seed_43/predictions/6f6d_sample_2.cif B A -> /home/junjiechen/1_work/250401-Dpepalign/Benchmark/dataset/PepSet_dimer/6f6d.pdb L A
Total DockQ over 1 native interfaces: 0.862 with BA:LA model:native mapping
DockQ 0.862 iRMSD 0.984 LRMSD 1.588 fnat 0.920 fnonnat 0.101 F1 0.909 clashes 1 mapping BA:LA /home/junjiechen/1_work/250401-Dpepalign/Benchmark/protenix/PepSet/pred/6f6d/seed_43/predictions/6f6d_sample_4.cif B A -> /home/junjiechen/1_work/250401-Dpepalign/Benchmark/dataset/PepSet_dimer/6f6d.pdb L A
Total DockQ over 1 native interfaces: 0.892 with BA:LA model:native mapping
DockQ 0.892 iRMSD 0.803 LRMSD 1.238 fnat 0.920 fnonnat 0.080 F1 0.920 clashes 1 mapping BA:LA /home/junjiechen/1_work/250401-Dpepalign/Benchmark/protenix/PepSet/pred/6f6d/seed_44/predictions/6f6d_sample_0.cif B A -> /home/junjiechen/1_work/250401-Dpepalign/Benchmark/dataset/PepSet_dimer/6f6d.pdb L A
Total DockQ over 1 native interfaces: 0.887 with BA:LA model:native mapping
DockQ 0.887 iRMSD 0.895 LRMSD 1.155 fnat 0.943 fnonnat 0.057 F1 0.943 clashes 0 mapping BA:LA /home/junjiechen/1_work/250401-Dpepalign/Benchmark/protenix/PepSet/pred/6f6d/seed_44/predictions/6f6d_sample_3.cif B A -> /home/junjiechen/1_work/250401-Dpepalign/Benchmark/dataset/PepSet_dimer/6f6d.pdb L A
Total DockQ over 1 native interfaces: 0.842 with BA:LA model:native mapping
DockQ 0.842 iRMSD 1.077 LRMSD 1.475 fnat 0.895 fnonnat 0.150 F1 0.872 clashes 0 mapping BA:LA /home/junjiechen/1_work/250401-Dpepalign/Benchmark/protenix/PepSet/pred/6fbk/seed_42/predictions/6fbk_sample_1.cif B A -> /home/junjiechen/1_work/250401-Dpepalign/Benchmark/dataset/PepSet_dimer/6fbk.pdb L A
Total DockQ over 1 native interfaces: 0.776 with BA:LA model:native mapping
DockQ 0.776 iRMSD 1.351 LRMSD 2.267 fnat 0.842 fnonnat 0.179 F1 0.831 clashes 0 mapping BA:LA /home/junjiechen/1_work/250401-Dpepalign/Benchmark/protenix/PepSet/pred/6fbk/seed_42/predictions/6fbk_sample_3.cif B A -> /home/junjiechen/1_work/250401-Dpepalign/Benchmark/dataset/PepSet_dimer/6fbk.pdb L A
Total DockQ over 1 native interfaces: 0.763 with BA:LA model:native mapping
DockQ 0.763 iRMSD 1.453 LRMSD 2.294 fnat 0.842 fnonnat 0.135 F1 0.853 clashes 0 mapping BA:LA /home/junjiechen/1_work/250401-Dpepalign/Benchmark/protenix/PepSet/pred/6fbk/seed_42/predictions/6fbk_sample_2.cif B A -> /home/junjiechen/1_work/250401-Dpepalign/Benchmark/dataset/PepSet_dimer/6fbk.pdb L A
Total DockQ over 1 native interfaces: 0.764 with BA:LA model:native mapping
DockQ 0.764 iRMSD 1.420 LRMSD 2.441 fnat 0.842 fnonnat 0.200 F1 0.821 clashes 0 mapping BA:LA /home/junjiechen/1_work/250401-Dpepalign/Benchmark/protenix/PepSet/pred/6fbk/seed_42/predictions/6fbk_sample_4.cif B A -> /home/junjiechen/1_work/250401-Dpepalign/Benchmark/dataset/PepSet_dimer/6fbk.pdb L A
Total DockQ over 1 native interfaces: 0.883 with BA:LA model:native mapping
DockQ 0.883 iRMSD 0.940 LRMSD 1.311 fnat 0.954 fnonnat 0.098 F1 0.927 clashes 1 mapping BA:LA /home/junjiechen/1_work/250401-Dpepalign/Benchmark/protenix/PepSet/pred/6f6d/seed_44/predictions/6f6d_sample_1.cif B A -> /home/junjiechen/1_work/250401-Dpepalign/Benchmark/dataset/PepSet_dimer/6f6d.pdb L A
Total DockQ over 1 native interfaces: 0.852 with BA:LA model:native mapping
DockQ 0.852 iRMSD 1.055 LRMSD 1.571 fnat 0.921 fnonnat 0.103 F1 0.909 clashes 0 mapping BA:LA /home/junjiechen/1_work/250401-Dpepalign/Benchmark/protenix/PepSet/pred/6fbk/seed_42/predictions/6fbk_sample_0.cif B A -> /home/junjiechen/1_work/250401-Dpepalign/Benchmark/dataset/PepSet_dimer/6fbk.pdb L A
Total DockQ over 1 native interfaces: 0.834 with BA:LA model:native mapping
DockQ 0.834 iRMSD 1.134 LRMSD 1.224 fnat 0.885 fnonnat 0.049 F1 0.917 clashes 1 mapping BA:LA /home/junjiechen/1_work/250401-Dpepalign/Benchmark/protenix/PepSet/pred/6f6d/seed_44/predictions/6f6d_sample_2.cif B A -> /home/junjiechen/1_work/250401-Dpepalign/Benchmark/dataset/PepSet_dimer/6f6d.pdb L A
Total DockQ over 1 native interfaces: 0.884 with BA:LA model:native mapping
DockQ 0.884 iRMSD 0.959 LRMSD 1.303 fnat 0.966 fnonnat 0.097 F1 0.933 clashes 1 mapping BA:LA /home/junjiechen/1_work/250401-Dpepalign/Benchmark/protenix/PepSet/pred/6f6d/seed_44/predictions/6f6d_sample_4.cif B A -> /home/junjiechen/1_work/250401-Dpepalign/Benchmark/dataset/PepSet_dimer/6f6d.pdb L A
Total DockQ over 1 native interfaces: 0.862 with BA:LA model:native mapping
DockQ 0.862 iRMSD 1.082 LRMSD 1.203 fnat 0.947 fnonnat 0.163 F1 0.889 clashes 0 mapping BA:LA /home/junjiechen/1_work/250401-Dpepalign/Benchmark/protenix/PepSet/pred/6fbk/seed_43/predictions/6fbk_sample_0.cif B A -> /home/junjiechen/1_work/250401-Dpepalign/Benchmark/dataset/PepSet_dimer/6fbk.pdb L A
Total DockQ over 1 native interfaces: 0.880 with BA:LA model:native mapping
DockQ 0.880 iRMSD 0.952 LRMSD 1.199 fnat 0.947 fnonnat 0.143 F1 0.900 clashes 0 mapping BA:LA /home/junjiechen/1_work/250401-Dpepalign/Benchmark/protenix/PepSet/pred/6fbk/seed_43/predictions/6fbk_sample_1.cif B A -> /home/junjiechen/1_work/250401-Dpepalign/Benchmark/dataset/PepSet_dimer/6fbk.pdb L A
Total DockQ over 1 native interfaces: 0.859 with BA:LA model:native mapping
DockQ 0.859 iRMSD 1.026 LRMSD 1.377 fnat 0.921 fnonnat 0.167 F1 0.875 clashes 0 mapping BA:LA /home/junjiechen/1_work/250401-Dpepalign/Benchmark/protenix/PepSet/pred/6fbk/seed_44/predictions/6fbk_sample_0.cif B A -> /home/junjiechen/1_work/250401-Dpepalign/Benchmark/dataset/PepSet_dimer/6fbk.pdb L A
Total DockQ over 1 native interfaces: 0.878 with BA:LA model:native mapping
DockQ 0.878 iRMSD 0.964 LRMSD 1.203 fnat 0.947 fnonnat 0.122 F1 0.911 clashes 0 mapping BA:LA /home/junjiechen/1_work/250401-Dpepalign/Benchmark/protenix/PepSet/pred/6fbk/seed_43/predictions/6fbk_sample_2.cif B A -> /home/junjiechen/1_work/250401-Dpepalign/Benchmark/dataset/PepSet_dimer/6fbk.pdb L A
Total DockQ over 1 native interfaces: 0.800 with BA:LA model:native mapping
DockQ 0.800 iRMSD 1.252 LRMSD 2.082 fnat 0.868 fnonnat 0.175 F1 0.846 clashes 0 mapping BA:LA /home/junjiechen/1_work/250401-Dpepalign/Benchmark/protenix/PepSet/pred/6fbk/seed_44/predictions/6fbk_sample_4.cif B A -> /home/junjiechen/1_work/250401-Dpepalign/Benchmark/dataset/PepSet_dimer/6fbk.pdb L A
Total DockQ over 1 native interfaces: 0.812 with BA:LA model:native mapping
DockQ 0.812 iRMSD 1.182 LRMSD 1.915 fnat 0.868 fnonnat 0.175 F1 0.846 clashes 0 mapping BA:LA /home/junjiechen/1_work/250401-Dpepalign/Benchmark/protenix/PepSet/pred/6fbk/seed_43/predictions/6fbk_sample_4.cif B A -> /home/junjiechen/1_work/250401-Dpepalign/Benchmark/dataset/PepSet_dimer/6fbk.pdb L A
Total DockQ over 1 native interfaces: 0.892 with BA:LA model:native mapping
DockQ 0.892 iRMSD 0.872 LRMSD 1.174 fnat 0.947 fnonnat 0.122 F1 0.911 clashes 0 mapping BA:LA /home/junjiechen/1_work/250401-Dpepalign/Benchmark/protenix/PepSet/pred/6fbk/seed_44/predictions/6fbk_sample_2.cif B A -> /home/junjiechen/1_work/250401-Dpepalign/Benchmark/dataset/PepSet_dimer/6fbk.pdb L A
Total DockQ over 1 native interfaces: 0.804 with BA:LA model:native mapping
DockQ 0.804 iRMSD 1.258 LRMSD 1.836 fnat 0.868 fnonnat 0.154 F1 0.857 clashes 0 mapping BA:LA /home/junjiechen/1_work/250401-Dpepalign/Benchmark/protenix/PepSet/pred/6fbk/seed_44/predictions/6fbk_sample_1.cif B A -> /home/junjiechen/1_work/250401-Dpepalign/Benchmark/dataset/PepSet_dimer/6fbk.pdb L A
Total DockQ over 1 native interfaces: 0.806 with BA:LA model:native mapping
DockQ 0.806 iRMSD 1.218 LRMSD 2.000 fnat 0.868 fnonnat 0.175 F1 0.846 clashes 0 mapping BA:LA /home/junjiechen/1_work/250401-Dpepalign/Benchmark/protenix/PepSet/pred/6fbk/seed_44/predictions/6fbk_sample_3.cif B A -> /home/junjiechen/1_work/250401-Dpepalign/Benchmark/dataset/PepSet_dimer/6fbk.pdb L A
Total DockQ over 1 native interfaces: 0.888 with BA:LA model:native mapping
DockQ 0.888 iRMSD 0.889 LRMSD 1.274 fnat 0.947 fnonnat 0.143 F1 0.900 clashes 0 mapping BA:LA /home/junjiechen/1_work/250401-Dpepalign/Benchmark/protenix/PepSet/pred/6fbk/seed_43/predictions/6fbk_sample_3.cif B A -> /home/junjiechen/1_work/250401-Dpepalign/Benchmark/dataset/PepSet_dimer/6fbk.pdb L A
Total DockQ over 1 native interfaces: 0.006 with BA:LB model:native mapping
DockQ 0.006 iRMSD 22.972 LRMSD 71.607 fnat 0.000 fnonnat 1.000 F1 0.000 clashes 0 mapping BA:LB /home/junjiechen/1_work/250401-Dpepalign/Benchmark/protenix/PepSet/pred/6g5g/seed_42/predictions/6g5g_sample_0.cif B A -> /home/junjiechen/1_work/250401-Dpepalign/Benchmark/dataset/PepSet_dimer/6g5g.pdb L B
Total DockQ over 1 native interfaces: 0.005 with BA:LB model:native mapping
DockQ 0.005 iRMSD 19.202 LRMSD 87.698 fnat 0.000 fnonnat 1.000 F1 0.000 clashes 2 mapping BA:LB /home/junjiechen/1_work/250401-Dpepalign/Benchmark/protenix/PepSet/pred/6g5g/seed_42/predictions/6g5g_sample_2.cif B A -> /home/junjiechen/1_work/250401-Dpepalign/Benchmark/dataset/PepSet_dimer/6g5g.pdb L B
Total DockQ over 1 native interfaces: 0.006 with BA:LB model:native mapping
DockQ 0.006 iRMSD 22.625 LRMSD 72.625 fnat 0.000 fnonnat 1.000 F1 0.000 clashes 1 mapping BA:LB /home/junjiechen/1_work/250401-Dpepalign/Benchmark/protenix/PepSet/pred/6g5g/seed_42/predictions/6g5g_sample_1.cif B A -> /home/junjiechen/1_work/250401-Dpepalign/Benchmark/dataset/PepSet_dimer/6g5g.pdb L B
Total DockQ over 1 native interfaces: 0.006 with BA:LB model:native mapping
DockQ 0.006 iRMSD 21.948 LRMSD 70.573 fnat 0.000 fnonnat 1.000 F1 0.000 clashes 1 mapping BA:LB /home/junjiechen/1_work/250401-Dpepalign/Benchmark/protenix/PepSet/pred/6g5g/seed_43/predictions/6g5g_sample_2.cif B A -> /home/junjiechen/1_work/250401-Dpepalign/Benchmark/dataset/PepSet_dimer/6g5g.pdb L B
Total DockQ over 1 native interfaces: 0.008 with BA:LB model:native mapping
DockQ 0.008 iRMSD 15.843 LRMSD 70.737 fnat 0.000 fnonnat 1.000 F1 0.000 clashes 1 mapping BA:LB /home/junjiechen/1_work/250401-Dpepalign/Benchmark/protenix/PepSet/pred/6g5g/seed_42/predictions/6g5g_sample_3.cif B A -> /home/junjiechen/1_work/250401-Dpepalign/Benchmark/dataset/PepSet_dimer/6g5g.pdb L B
Total DockQ over 1 native interfaces: 0.006 with BA:LB model:native mapping
DockQ 0.006 iRMSD 22.923 LRMSD 72.272 fnat 0.000 fnonnat 1.000 F1 0.000 clashes 1 mapping BA:LB /home/junjiechen/1_work/250401-Dpepalign/Benchmark/protenix/PepSet/pred/6g5g/seed_43/predictions/6g5g_sample_1.cif B A -> /home/junjiechen/1_work/250401-Dpepalign/Benchmark/dataset/PepSet_dimer/6g5g.pdb L B
Total DockQ over 1 native interfaces: 0.006 with BA:LB model:native mapping
DockQ 0.006 iRMSD 21.451 LRMSD 74.699 fnat 0.000 fnonnat 1.000 F1 0.000 clashes 1 mapping BA:LB /home/junjiechen/1_work/250401-Dpepalign/Benchmark/protenix/PepSet/pred/6g5g/seed_43/predictions/6g5g_sample_3.cif B A -> /home/junjiechen/1_work/250401-Dpepalign/Benchmark/dataset/PepSet_dimer/6g5g.pdb L B
Total DockQ over 1 native interfaces: 0.005 with BA:LB model:native mapping
DockQ 0.005 iRMSD 24.564 LRMSD 82.505 fnat 0.000 fnonnat 1.000 F1 0.000 clashes 0 mapping BA:LB /home/junjiechen/1_work/250401-Dpepalign/Benchmark/protenix/PepSet/pred/6g5g/seed_42/predictions/6g5g_sample_4.cif B A -> /home/junjiechen/1_work/250401-Dpepalign/Benchmark/dataset/PepSet_dimer/6g5g.pdb L B
Total DockQ over 1 native interfaces: 0.006 with BA:LB model:native mapping
DockQ 0.006 iRMSD 25.912 LRMSD 67.495 fnat 0.000 fnonnat 1.000 F1 0.000 clashes 0 mapping BA:LB /home/junjiechen/1_work/250401-Dpepalign/Benchmark/protenix/PepSet/pred/6g5g/seed_43/predictions/6g5g_sample_0.cif B A -> /home/junjiechen/1_work/250401-Dpepalign/Benchmark/dataset/PepSet_dimer/6g5g.pdb L B
Total DockQ over 1 native interfaces: 0.005 with BA:LB model:native mapping
DockQ 0.005 iRMSD 28.616 LRMSD 79.796 fnat 0.000 fnonnat 1.000 F1 0.000 clashes 3 mapping BA:LB /home/junjiechen/1_work/250401-Dpepalign/Benchmark/protenix/PepSet/pred/6g5g/seed_43/predictions/6g5g_sample_4.cif B A -> /home/junjiechen/1_work/250401-Dpepalign/Benchmark/dataset/PepSet_dimer/6g5g.pdb L B
Total DockQ over 1 native interfaces: 0.893 with BA:LA model:native mapping
DockQ 0.893 iRMSD 0.812 LRMSD 1.904 fnat 0.953 fnonnat 0.089 F1 0.932 clashes 0 mapping BA:LA /home/junjiechen/1_work/250401-Dpepalign/Benchmark/protenix/PepSet/pred/6h7b/seed_42/predictions/6h7b_sample_0.cif B A -> /home/junjiechen/1_work/250401-Dpepalign/Benchmark/dataset/PepSet_dimer/6h7b.pdb L A
Total DockQ over 1 native interfaces: 0.902 with BA:LA model:native mapping
DockQ 0.902 iRMSD 0.813 LRMSD 1.818 fnat 0.977 fnonnat 0.106 F1 0.933 clashes 0 mapping BA:LA /home/junjiechen/1_work/250401-Dpepalign/Benchmark/protenix/PepSet/pred/6h7b/seed_42/predictions/6h7b_sample_1.cif B A -> /home/junjiechen/1_work/250401-Dpepalign/Benchmark/dataset/PepSet_dimer/6h7b.pdb L A
Total DockQ over 1 native interfaces: 0.006 with BA:LB model:native mapping
DockQ 0.006 iRMSD 22.423 LRMSD 70.311 fnat 0.000 fnonnat 1.000 F1 0.000 clashes 1 mapping BA:LB /home/junjiechen/1_work/250401-Dpepalign/Benchmark/protenix/PepSet/pred/6g5g/seed_44/predictions/6g5g_sample_0.cif B A -> /home/junjiechen/1_work/250401-Dpepalign/Benchmark/dataset/PepSet_dimer/6g5g.pdb L B
Total DockQ over 1 native interfaces: 0.880 with BA:LA model:native mapping
DockQ 0.880 iRMSD 0.932 LRMSD 2.089 fnat 0.977 fnonnat 0.125 F1 0.923 clashes 0 mapping BA:LA /home/junjiechen/1_work/250401-Dpepalign/Benchmark/protenix/PepSet/pred/6h7b/seed_42/predictions/6h7b_sample_2.cif B A -> /home/junjiechen/1_work/250401-Dpepalign/Benchmark/dataset/PepSet_dimer/6h7b.pdb L A
Total DockQ over 1 native interfaces: 0.898 with BA:LA model:native mapping
DockQ 0.898 iRMSD 0.793 LRMSD 1.752 fnat 0.953 fnonnat 0.089 F1 0.932 clashes 0 mapping BA:LA /home/junjiechen/1_work/250401-Dpepalign/Benchmark/protenix/PepSet/pred/6h7b/seed_42/predictions/6h7b_sample_3.cif B A -> /home/junjiechen/1_work/250401-Dpepalign/Benchmark/dataset/PepSet_dimer/6h7b.pdb L A
Total DockQ over 1 native interfaces: 0.914 with BA:LA model:native mapping
DockQ 0.914 iRMSD 0.743 LRMSD 1.681 fnat 0.977 fnonnat 0.087 F1 0.944 clashes 0 mapping BA:LA /home/junjiechen/1_work/250401-Dpepalign/Benchmark/protenix/PepSet/pred/6h7b/seed_43/predictions/6h7b_sample_0.cif B A -> /home/junjiechen/1_work/250401-Dpepalign/Benchmark/dataset/PepSet_dimer/6h7b.pdb L A
Total DockQ over 1 native interfaces: 0.891 with BA:LA model:native mapping
DockQ 0.891 iRMSD 0.835 LRMSD 1.804 fnat 0.953 fnonnat 0.068 F1 0.943 clashes 0 mapping BA:LA /home/junjiechen/1_work/250401-Dpepalign/Benchmark/protenix/PepSet/pred/6h7b/seed_42/predictions/6h7b_sample_4.cif B A -> /home/junjiechen/1_work/250401-Dpepalign/Benchmark/dataset/PepSet_dimer/6h7b.pdb L A
Total DockQ over 1 native interfaces: 0.007 with BA:LB model:native mapping
DockQ 0.007 iRMSD 24.953 LRMSD 62.554 fnat 0.000 fnonnat 1.000 F1 0.000 clashes 1 mapping BA:LB /home/junjiechen/1_work/250401-Dpepalign/Benchmark/protenix/PepSet/pred/6g5g/seed_44/predictions/6g5g_sample_1.cif B A -> /home/junjiechen/1_work/250401-Dpepalign/Benchmark/dataset/PepSet_dimer/6g5g.pdb L B
Total DockQ over 1 native interfaces: 0.914 with BA:LA model:native mapping
DockQ 0.914 iRMSD 0.750 LRMSD 1.630 fnat 0.977 fnonnat 0.087 F1 0.944 clashes 0 mapping BA:LA /home/junjiechen/1_work/250401-Dpepalign/Benchmark/protenix/PepSet/pred/6h7b/seed_43/predictions/6h7b_sample_1.cif B A -> /home/junjiechen/1_work/250401-Dpepalign/Benchmark/dataset/PepSet_dimer/6h7b.pdb L A
Total DockQ over 1 native interfaces: 0.004 with BA:LB model:native mapping
DockQ 0.004 iRMSD 28.443 LRMSD 93.040 fnat 0.000 fnonnat 1.000 F1 0.000 clashes 1 mapping BA:LB /home/junjiechen/1_work/250401-Dpepalign/Benchmark/protenix/PepSet/pred/6g5g/seed_44/predictions/6g5g_sample_2.cif B A -> /home/junjiechen/1_work/250401-Dpepalign/Benchmark/dataset/PepSet_dimer/6g5g.pdb L B
Total DockQ over 1 native interfaces: 0.006 with BA:LB model:native mapping
DockQ 0.006 iRMSD 18.328 LRMSD 75.037 fnat 0.000 fnonnat 1.000 F1 0.000 clashes 2 mapping BA:LB /home/junjiechen/1_work/250401-Dpepalign/Benchmark/protenix/PepSet/pred/6g5g/seed_44/predictions/6g5g_sample_4.cif B A -> /home/junjiechen/1_work/250401-Dpepalign/Benchmark/dataset/PepSet_dimer/6g5g.pdb L B
Total DockQ over 1 native interfaces: 0.008 with BA:LB model:native mapping
DockQ 0.008 iRMSD 17.326 LRMSD 67.884 fnat 0.000 fnonnat 1.000 F1 0.000 clashes 0 mapping BA:LB /home/junjiechen/1_work/250401-Dpepalign/Benchmark/protenix/PepSet/pred/6g5g/seed_44/predictions/6g5g_sample_3.cif B A -> /home/junjiechen/1_work/250401-Dpepalign/Benchmark/dataset/PepSet_dimer/6g5g.pdb L B
Total DockQ over 1 native interfaces: 0.871 with BA:LA model:native mapping
DockQ 0.871 iRMSD 0.988 LRMSD 2.200 fnat 0.977 fnonnat 0.106 F1 0.933 clashes 0 mapping BA:LA /home/junjiechen/1_work/250401-Dpepalign/Benchmark/protenix/PepSet/pred/6h7b/seed_43/predictions/6h7b_sample_2.cif B A -> /home/junjiechen/1_work/250401-Dpepalign/Benchmark/dataset/PepSet_dimer/6h7b.pdb L A
Total DockQ over 1 native interfaces: 0.890 with BA:LA model:native mapping
DockQ 0.890 iRMSD 0.833 LRMSD 1.904 fnat 0.953 fnonnat 0.089 F1 0.932 clashes 0 mapping BA:LA /home/junjiechen/1_work/250401-Dpepalign/Benchmark/protenix/PepSet/pred/6h7b/seed_43/predictions/6h7b_sample_3.cif B A -> /home/junjiechen/1_work/250401-Dpepalign/Benchmark/dataset/PepSet_dimer/6h7b.pdb L A
Total DockQ over 1 native interfaces: 0.899 with BA:LA model:native mapping
DockQ 0.899 iRMSD 0.836 LRMSD 1.795 fnat 0.977 fnonnat 0.087 F1 0.944 clashes 0 mapping BA:LA /home/junjiechen/1_work/250401-Dpepalign/Benchmark/protenix/PepSet/pred/6h7b/seed_43/predictions/6h7b_sample_4.cif B A -> /home/junjiechen/1_work/250401-Dpepalign/Benchmark/dataset/PepSet_dimer/6h7b.pdb L A
Total DockQ over 1 native interfaces: 0.879 with BA:LA model:native mapping
DockQ 0.879 iRMSD 0.938 LRMSD 2.135 fnat 0.977 fnonnat 0.067 F1 0.955 clashes 0 mapping BA:LA /home/junjiechen/1_work/250401-Dpepalign/Benchmark/protenix/PepSet/pred/6h7b/seed_44/predictions/6h7b_sample_2.cif B A -> /home/junjiechen/1_work/250401-Dpepalign/Benchmark/dataset/PepSet_dimer/6h7b.pdb L A
Total DockQ over 1 native interfaces: 0.901 with BA:LA model:native mapping
DockQ 0.901 iRMSD 0.815 LRMSD 1.852 fnat 0.977 fnonnat 0.106 F1 0.933 clashes 0 mapping BA:LA /home/junjiechen/1_work/250401-Dpepalign/Benchmark/protenix/PepSet/pred/6h7b/seed_44/predictions/6h7b_sample_1.cif B A -> /home/junjiechen/1_work/250401-Dpepalign/Benchmark/dataset/PepSet_dimer/6h7b.pdb L A
Total DockQ over 1 native interfaces: 0.869 with BA:LA model:native mapping
DockQ 0.869 iRMSD 1.031 LRMSD 2.372 fnat 1.000 fnonnat 0.122 F1 0.935 clashes 0 mapping BA:LA /home/junjiechen/1_work/250401-Dpepalign/Benchmark/protenix/PepSet/pred/6h7b/seed_44/predictions/6h7b_sample_0.cif B A -> /home/junjiechen/1_work/250401-Dpepalign/Benchmark/dataset/PepSet_dimer/6h7b.pdb L A
Total DockQ over 1 native interfaces: 0.891 with BA:LA model:native mapping
DockQ 0.891 iRMSD 0.875 LRMSD 1.967 fnat 0.977 fnonnat 0.067 F1 0.955 clashes 0 mapping BA:LA /home/junjiechen/1_work/250401-Dpepalign/Benchmark/protenix/PepSet/pred/6h7b/seed_44/predictions/6h7b_sample_4.cif B A -> /home/junjiechen/1_work/250401-Dpepalign/Benchmark/dataset/PepSet_dimer/6h7b.pdb L A
Total DockQ over 1 native interfaces: 0.883 with BA:LA model:native mapping
DockQ 0.883 iRMSD 0.876 LRMSD 1.943 fnat 0.953 fnonnat 0.089 F1 0.932 clashes 0 mapping BA:LA /home/junjiechen/1_work/250401-Dpepalign/Benchmark/protenix/PepSet/pred/6h7b/seed_44/predictions/6h7b_sample_3.cif B A -> /home/junjiechen/1_work/250401-Dpepalign/Benchmark/dataset/PepSet_dimer/6h7b.pdb L A
