complex,seed,id,chain_plddt_mean_A,chain_plddt_mean_B,plddt_mean,ptm,iptm,protein_rmsd,peptide_rmsd,method,ref_pdb,dockq_score,fnat,lrmsd,irmsd
1a0n,42,0,0.8798,0.7025,0.8453,0.7944,0.6314,0.792,4.2544,PepSet_dimer_output_esmfold2_fast,1a0n,0.66,0.783,4.254,1.843
1a0n,42,1,0.8801,0.7099,0.847,0.8002,0.6426,1.0134,4.0773,PepSet_dimer_output_esmfold2_fast,1a0n,0.683,0.783,4.077,1.646
1a0n,42,2,0.8716,0.6981,0.8379,0.7831,0.6149,0.7853,2.943,PepSet_dimer_output_esmfold2_fast,1a0n,0.731,0.783,2.943,1.445
1a0n,42,3,0.8747,0.7096,0.8426,0.7923,0.6264,0.7701,3.2543,PepSet_dimer_output_esmfold2_fast,1a0n,0.726,0.783,3.254,1.435
1a0n,42,4,0.8768,0.6826,0.839,0.7856,0.6367,0.8298,6.6372,PepSet_dimer_output_esmfold2_fast,1a0n,0.551,0.783,6.637,2.614
1a0n,43,0,0.8795,0.6774,0.8402,0.7897,0.6335,0.8512,7.6085,PepSet_dimer_output_esmfold2_fast,1a0n,0.508,0.783,7.608,3.12
1a0n,43,1,0.8631,0.6819,0.8279,0.7695,0.5944,0.7834,4.7184,PepSet_dimer_output_esmfold2_fast,1a0n,0.628,0.783,4.718,2.104
1a0n,43,2,0.8744,0.7072,0.8419,0.7883,0.6315,0.7494,3.3638,PepSet_dimer_output_esmfold2_fast,1a0n,0.72,0.783,3.364,1.461
1a0n,43,3,0.8769,0.6775,0.8381,0.7862,0.6394,0.7469,6.87,PepSet_dimer_output_esmfold2_fast,1a0n,0.541,0.783,6.87,2.698
1a0n,43,4,0.8727,0.6926,0.8377,0.7842,0.6211,0.7667,4.0779,PepSet_dimer_output_esmfold2_fast,1a0n,0.687,0.783,4.078,1.608
1a0n,44,0,0.8759,0.6986,0.8414,0.7904,0.6187,0.7436,3.0773,PepSet_dimer_output_esmfold2_fast,1a0n,0.731,0.783,3.077,1.424
1a0n,44,1,0.8734,0.6982,0.8393,0.7858,0.6274,0.7713,3.9197,PepSet_dimer_output_esmfold2_fast,1a0n,0.664,0.783,3.92,1.899
1a0n,44,2,0.8715,0.6941,0.837,0.7811,0.6181,0.8038,5.9891,PepSet_dimer_output_esmfold2_fast,1a0n,0.597,0.783,5.989,2.094
1a0n,44,3,0.8795,0.6957,0.8438,0.7981,0.6586,0.9207,7.4279,PepSet_dimer_output_esmfold2_fast,1a0n,0.522,0.783,7.428,2.857
1a0n,44,4,0.8753,0.6981,0.8409,0.7883,0.628,0.8017,3.8057,PepSet_dimer_output_esmfold2_fast,1a0n,0.671,0.783,3.806,1.842
1cqg,42,0,0.7638,0.4785,0.7323,0.7555,0.3514,0.9449,17.8204,PepSet_dimer_output_esmfold2_fast,1cqg,0.143,0.214,17.82,8.52
1cqg,42,1,0.7775,0.5039,0.7474,0.7708,0.3786,0.9177,17.1055,PepSet_dimer_output_esmfold2_fast,1cqg,0.161,0.25,17.106,8.029
1cqg,42,2,0.7776,0.489,0.7458,0.7684,0.3755,0.9585,17.2996,PepSet_dimer_output_esmfold2_fast,1cqg,0.159,0.25,17.3,8.203
1cqg,42,3,0.7689,0.4982,0.739,0.7624,0.3822,0.9071,14.4214,PepSet_dimer_output_esmfold2_fast,1cqg,0.173,0.214,14.421,6.8
1cqg,42,4,0.7826,0.5164,0.7533,0.7799,0.4047,0.9265,14.8067,PepSet_dimer_output_esmfold2_fast,1cqg,0.169,0.214,14.807,6.921
1cqg,43,0,0.7856,0.5168,0.756,0.7811,0.4009,0.9316,16.1365,PepSet_dimer_output_esmfold2_fast,1cqg,0.156,0.214,16.137,7.661
1cqg,43,1,0.7807,0.5159,0.7515,0.7766,0.4048,0.9291,15.9304,PepSet_dimer_output_esmfold2_fast,1cqg,0.158,0.214,15.93,7.448
1cqg,43,2,0.7759,0.5163,0.7473,0.7695,0.4008,0.9323,16.7476,PepSet_dimer_output_esmfold2_fast,1cqg,0.163,0.25,16.748,7.921
1cqg,43,3,0.7722,0.5016,0.7424,0.7671,0.3773,0.9433,15.7524,PepSet_dimer_output_esmfold2_fast,1cqg,0.159,0.214,15.752,7.554
1cqg,43,4,0.7748,0.5015,0.7447,0.7705,0.3832,0.9374,16.9513,PepSet_dimer_output_esmfold2_fast,1cqg,0.15,0.214,16.951,7.981
1cqg,44,0,0.7782,0.5133,0.749,0.7706,0.3993,0.9202,17.072,PepSet_dimer_output_esmfold2_fast,1cqg,0.161,0.25,17.072,8.135
1cqg,44,1,0.7728,0.4936,0.7421,0.7658,0.3799,0.9576,18.1304,PepSet_dimer_output_esmfold2_fast,1cqg,0.153,0.25,18.13,8.581
1cqg,44,2,0.7725,0.5124,0.7438,0.7689,0.3873,0.9188,15.7209,PepSet_dimer_output_esmfold2_fast,1cqg,0.16,0.214,15.721,7.296
1cqg,44,3,0.7799,0.4934,0.7483,0.7728,0.3851,0.9231,16.7808,PepSet_dimer_output_esmfold2_fast,1cqg,0.163,0.25,16.781,7.975
1cqg,44,4,0.7847,0.5173,0.7553,0.7779,0.4002,0.9008,16.3132,PepSet_dimer_output_esmfold2_fast,1cqg,0.155,0.214,16.313,7.698
1czy,42,0,0.9371,0.8079,0.9319,0.9457,0.8838,0.7716,1.0189,PepSet_dimer_output_esmfold2_fast,1czy,0.925,0.864,1.019,0.423
1czy,42,1,0.9391,0.8139,0.9341,0.948,0.8883,0.784,0.8839,PepSet_dimer_output_esmfold2_fast,1czy,0.964,0.955,0.884,0.353
1czy,42,2,0.9377,0.8134,0.9327,0.9476,0.8859,0.7444,1.2375,PepSet_dimer_output_esmfold2_fast,1czy,0.938,0.909,1.237,0.427
1czy,42,3,0.9374,0.8155,0.9325,0.9467,0.8854,0.8248,0.8097,PepSet_dimer_output_esmfold2_fast,1czy,0.958,0.932,0.81,0.335
1czy,42,4,0.9381,0.8089,0.9329,0.9474,0.8846,0.6236,1.2226,PepSet_dimer_output_esmfold2_fast,1czy,0.914,0.841,1.223,0.442
1czy,43,0,0.9386,0.8173,0.9337,0.9485,0.8898,0.6846,0.7168,PepSet_dimer_output_esmfold2_fast,1czy,0.97,0.955,0.717,0.293
1czy,43,1,0.9338,0.8139,0.929,0.9435,0.8829,0.7973,1.2093,PepSet_dimer_output_esmfold2_fast,1czy,0.934,0.886,1.209,0.39
1czy,43,2,0.9365,0.7841,0.9304,0.9452,0.8775,0.9012,2.2243,PepSet_dimer_output_esmfold2_fast,1czy,0.834,0.773,2.224,0.763
1czy,43,3,0.9397,0.8126,0.9346,0.9498,0.889,0.7283,1.2863,PepSet_dimer_output_esmfold2_fast,1czy,0.919,0.864,1.286,0.459
1czy,43,4,0.9366,0.8147,0.9317,0.9472,0.8857,0.8071,0.8799,PepSet_dimer_output_esmfold2_fast,1czy,0.964,0.955,0.88,0.356
1czy,44,0,0.9389,0.8192,0.9341,0.9473,0.8889,0.8217,0.5655,PepSet_dimer_output_esmfold2_fast,1czy,0.965,0.932,0.565,0.274
1czy,44,1,0.937,0.8119,0.932,0.9473,0.8859,0.7991,0.8306,PepSet_dimer_output_esmfold2_fast,1czy,0.95,0.909,0.831,0.34
1czy,44,2,0.938,0.8168,0.9332,0.947,0.8871,0.9593,1.2835,PepSet_dimer_output_esmfold2_fast,1czy,0.946,0.932,1.284,0.418
1czy,44,3,0.9374,0.8031,0.9321,0.9449,0.8817,0.6677,0.9309,PepSet_dimer_output_esmfold2_fast,1czy,0.94,0.886,0.931,0.357
1czy,44,4,0.9379,0.8114,0.9329,0.9471,0.8868,0.7584,0.9452,PepSet_dimer_output_esmfold2_fast,1czy,0.961,0.955,0.945,0.375
1ddv,42,0,0.9209,0.8322,0.916,0.9217,0.8117,0.5583,5.839,PepSet_dimer_output_esmfold2_fast,1ddv,0.543,0.562,5.839,1.885
1ddv,42,1,0.9186,0.8328,0.914,0.921,0.819,0.5569,5.5089,PepSet_dimer_output_esmfold2_fast,1ddv,0.556,0.562,5.509,1.833
1ddv,42,2,0.9172,0.8327,0.9126,0.918,0.8145,0.5468,5.6839,PepSet_dimer_output_esmfold2_fast,1ddv,0.549,0.562,5.684,1.868
1ddv,42,3,0.9159,0.8327,0.9114,0.9168,0.8164,0.5928,5.8805,PepSet_dimer_output_esmfold2_fast,1ddv,0.54,0.562,5.881,1.915
1ddv,42,4,0.9213,0.8411,0.9169,0.9238,0.8281,0.5227,5.6606,PepSet_dimer_output_esmfold2_fast,1ddv,0.549,0.562,5.661,1.864
1ddv,43,0,0.9207,0.8466,0.9166,0.923,0.8367,0.5784,5.6367,PepSet_dimer_output_esmfold2_fast,1ddv,0.571,0.625,5.637,1.863
1ddv,43,1,0.9193,0.8388,0.9149,0.922,0.8265,0.6171,5.6963,PepSet_dimer_output_esmfold2_fast,1ddv,0.57,0.625,5.696,1.859
1ddv,43,2,0.9201,0.842,0.9159,0.9223,0.8312,0.6126,5.6206,PepSet_dimer_output_esmfold2_fast,1ddv,0.551,0.562,5.621,1.855
1ddv,43,3,0.9128,0.8306,0.9083,0.9136,0.8194,0.5724,5.6792,PepSet_dimer_output_esmfold2_fast,1ddv,0.569,0.625,5.679,1.874
1ddv,43,4,0.9208,0.8457,0.9167,0.924,0.8319,0.5863,5.5702,PepSet_dimer_output_esmfold2_fast,1ddv,0.575,0.625,5.57,1.832
1ddv,44,0,0.9205,0.8336,0.9158,0.9206,0.8158,0.615,5.6767,PepSet_dimer_output_esmfold2_fast,1ddv,0.55,0.562,5.677,1.852
1ddv,44,1,0.9165,0.8305,0.9118,0.9157,0.8154,0.5732,5.5995,PepSet_dimer_output_esmfold2_fast,1ddv,0.554,0.562,5.599,1.824
1ddv,44,2,0.9228,0.8421,0.9184,0.9262,0.8285,0.5736,5.7378,PepSet_dimer_output_esmfold2_fast,1ddv,0.546,0.562,5.738,1.879
1ddv,44,3,0.9181,0.8368,0.9136,0.9209,0.8252,0.568,5.542,PepSet_dimer_output_esmfold2_fast,1ddv,0.578,0.625,5.542,1.808
1ddv,44,4,0.9185,0.8357,0.9139,0.918,0.8158,0.5519,5.7175,PepSet_dimer_output_esmfold2_fast,1ddv,0.546,0.562,5.717,1.882
1eg4,42,0,0.9438,0.6887,0.9317,0.9585,0.805,0.9466,2.2463,PepSet_dimer_output_esmfold2_fast,1eg4,0.805,0.812,2.246,1.058
1eg4,42,1,0.9457,0.6834,0.9332,0.9585,0.8106,1.047,6.0761,PepSet_dimer_output_esmfold2_fast,1eg4,0.581,0.844,6.076,2.68
1eg4,42,2,0.9462,0.6694,0.933,0.9595,0.8087,0.7049,3.5785,PepSet_dimer_output_esmfold2_fast,1eg4,0.711,0.781,3.578,1.491
1eg4,42,3,0.9483,0.6908,0.936,0.9616,0.8143,0.9731,3.1675,PepSet_dimer_output_esmfold2_fast,1eg4,0.734,0.812,3.167,1.47
1eg4,42,4,0.9456,0.6833,0.9331,0.9582,0.8058,1.2059,7.9801,PepSet_dimer_output_esmfold2_fast,1eg4,0.499,0.812,7.98,3.547
1eg4,43,0,0.9479,0.6862,0.9354,0.9601,0.8109,0.7049,3.7599,PepSet_dimer_output_esmfold2_fast,1eg4,0.704,0.812,3.76,1.61
1eg4,43,1,0.9463,0.6639,0.9329,0.9586,0.8144,0.6867,7.648,PepSet_dimer_output_esmfold2_fast,1eg4,0.487,0.75,7.648,3.47
1eg4,43,2,0.9472,0.6838,0.9347,0.9609,0.8152,1.001,3.4304,PepSet_dimer_output_esmfold2_fast,1eg4,0.727,0.812,3.43,1.47
1eg4,43,3,0.9454,0.6691,0.9322,0.9585,0.8023,0.9814,4.9398,PepSet_dimer_output_esmfold2_fast,1eg4,0.645,0.844,4.94,2.075
1eg4,43,4,0.9439,0.6868,0.9317,0.9566,0.8153,1.0845,8.4058,PepSet_dimer_output_esmfold2_fast,1eg4,0.508,0.875,8.406,3.665
1eg4,44,0,0.9456,0.6971,0.9338,0.9601,0.8107,0.9257,6.6553,PepSet_dimer_output_esmfold2_fast,1eg4,0.519,0.719,6.655,2.829
1eg4,44,1,0.9482,0.6887,0.9359,0.9611,0.8064,1.004,2.2722,PepSet_dimer_output_esmfold2_fast,1eg4,0.793,0.781,2.272,1.065
1eg4,44,2,0.9464,0.6883,0.9341,0.9597,0.8117,1.057,6.2427,PepSet_dimer_output_esmfold2_fast,1eg4,0.536,0.719,6.243,2.663
1eg4,44,3,0.9446,0.6948,0.9327,0.9586,0.81,1.145,5.4446,PepSet_dimer_output_esmfold2_fast,1eg4,0.572,0.719,5.445,2.364
1eg4,44,4,0.9478,0.6678,0.9345,0.9603,0.8175,1.059,5.7241,PepSet_dimer_output_esmfold2_fast,1eg4,0.534,0.656,5.724,2.542
1f47,42,0,0.8802,0.7758,0.8692,0.899,0.8014,0.7382,2.1911,PepSet_dimer_output_esmfold2_fast,1f47,0.874,0.938,2.191,0.876
1f47,42,1,0.8799,0.7749,0.8688,0.8979,0.8009,0.7464,1.9571,PepSet_dimer_output_esmfold2_fast,1f47,0.871,0.906,1.957,0.852
1f47,42,2,0.8836,0.7686,0.8715,0.9005,0.7943,0.7345,1.8664,PepSet_dimer_output_esmfold2_fast,1f47,0.884,0.906,1.866,0.769
1f47,42,3,0.8817,0.7755,0.8705,0.8992,0.802,0.7114,2.2567,PepSet_dimer_output_esmfold2_fast,1f47,0.859,0.906,2.257,0.895
1f47,42,4,0.8818,0.7817,0.8712,0.8996,0.8076,0.8497,2.3963,PepSet_dimer_output_esmfold2_fast,1f47,0.832,0.906,2.396,1.072
1f47,43,0,0.8846,0.7798,0.8735,0.9019,0.807,0.6651,2.3438,PepSet_dimer_output_esmfold2_fast,1f47,0.849,0.906,2.344,0.957
1f47,43,1,0.8822,0.7793,0.8713,0.9008,0.806,0.6897,2.1892,PepSet_dimer_output_esmfold2_fast,1f47,0.85,0.906,2.189,0.965
1f47,43,2,0.8831,0.7795,0.8722,0.901,0.8051,0.7752,2.2037,PepSet_dimer_output_esmfold2_fast,1f47,0.855,0.906,2.204,0.93
1f47,43,3,0.8738,0.7685,0.8627,0.8917,0.7949,1.413,2.0532,PepSet_dimer_output_esmfold2_fast,1f47,0.884,0.906,2.053,0.746
1f47,43,4,0.8838,0.7796,0.8728,0.9017,0.8076,0.6399,2.4319,PepSet_dimer_output_esmfold2_fast,1f47,0.851,0.906,2.432,0.927
1f47,44,0,0.8845,0.7839,0.8739,0.9026,0.8117,0.6925,2.1568,PepSet_dimer_output_esmfold2_fast,1f47,0.85,0.906,2.157,0.97
1f47,44,1,0.8813,0.783,0.8709,0.8986,0.8117,1.2148,2.1619,PepSet_dimer_output_esmfold2_fast,1f47,0.869,0.906,2.162,0.837
1f47,44,2,0.8857,0.7797,0.8745,0.9017,0.8065,1.0587,2.1571,PepSet_dimer_output_esmfold2_fast,1f47,0.847,0.906,2.157,0.99
1f47,44,3,0.8841,0.778,0.8729,0.9018,0.8063,0.714,2.3164,PepSet_dimer_output_esmfold2_fast,1f47,0.847,0.906,2.316,0.973
1f47,44,4,0.8829,0.776,0.8716,0.9003,0.8049,0.77,2.0003,PepSet_dimer_output_esmfold2_fast,1f47,0.871,0.906,2.0,0.841
1f8h,42,0,0.8488,0.766,0.8438,0.8512,0.7728,1.0962,1.9144,PepSet_dimer_output_esmfold2_fast,1f8h,0.802,0.783,1.914,1.048
1f8h,42,1,0.8404,0.7554,0.8353,0.8399,0.7642,1.147,2.1188,PepSet_dimer_output_esmfold2_fast,1f8h,0.807,0.826,2.119,1.093
1f8h,42,2,0.8316,0.7438,0.8264,0.8303,0.745,1.0921,2.4493,PepSet_dimer_output_esmfold2_fast,1f8h,0.747,0.696,2.449,1.172
1f8h,42,3,0.8351,0.7529,0.8302,0.8345,0.7597,1.1027,2.245,PepSet_dimer_output_esmfold2_fast,1f8h,0.784,0.783,2.245,1.141
1f8h,42,4,0.8291,0.7416,0.8239,0.825,0.7493,1.081,2.0877,PepSet_dimer_output_esmfold2_fast,1f8h,0.794,0.783,2.088,1.085
1f8h,43,0,0.8351,0.7499,0.8301,0.838,0.7569,1.0813,2.1043,PepSet_dimer_output_esmfold2_fast,1f8h,0.794,0.783,2.104,1.084
1f8h,43,1,0.8274,0.7391,0.8221,0.8276,0.7495,1.0828,2.0086,PepSet_dimer_output_esmfold2_fast,1f8h,0.813,0.826,2.009,1.06
1f8h,43,2,0.8357,0.7504,0.8307,0.8386,0.7597,1.0878,2.1435,PepSet_dimer_output_esmfold2_fast,1f8h,0.806,0.826,2.143,1.099
1f8h,43,3,0.8425,0.7588,0.8375,0.8441,0.769,1.0801,2.1708,PepSet_dimer_output_esmfold2_fast,1f8h,0.79,0.783,2.171,1.104
1f8h,43,4,0.8361,0.7478,0.8309,0.8372,0.7502,1.0977,2.2776,PepSet_dimer_output_esmfold2_fast,1f8h,0.799,0.826,2.278,1.132
1f8h,44,0,0.8251,0.7094,0.8183,0.8204,0.7073,1.0983,1.717,PepSet_dimer_output_esmfold2_fast,1f8h,0.765,0.652,1.717,1.025
1f8h,44,1,0.8267,0.7381,0.8215,0.824,0.7438,1.0932,2.1567,PepSet_dimer_output_esmfold2_fast,1f8h,0.805,0.826,2.157,1.105
1f8h,44,2,0.8388,0.754,0.8338,0.8382,0.7619,1.1084,1.7939,PepSet_dimer_output_esmfold2_fast,1f8h,0.823,0.826,1.794,1.019
1f8h,44,3,0.8305,0.7451,0.8254,0.8302,0.7553,1.1093,2.091,PepSet_dimer_output_esmfold2_fast,1f8h,0.793,0.783,2.091,1.095
1f8h,44,4,0.835,0.7476,0.8298,0.8338,0.7612,1.0862,2.1996,PepSet_dimer_output_esmfold2_fast,1f8h,0.776,0.739,2.2,1.093
1j2x,42,0,0.8852,0.8257,0.873,0.8687,0.8294,2.7328,2.8655,PepSet_dimer_output_esmfold2_fast,1j2x,0.729,0.795,2.865,1.518
1j2x,42,1,0.8942,0.826,0.8803,0.8775,0.8405,2.6668,4.2442,PepSet_dimer_output_esmfold2_fast,1j2x,0.651,0.821,4.244,2.123
1j2x,42,2,0.8885,0.8391,0.8784,0.8764,0.8353,1.3919,3.9053,PepSet_dimer_output_esmfold2_fast,1j2x,0.659,0.795,3.905,2.018
1j2x,42,3,0.8902,0.8398,0.8799,0.8768,0.8386,2.2326,2.9543,PepSet_dimer_output_esmfold2_fast,1j2x,0.761,0.821,2.954,1.303
1j2x,42,4,0.8871,0.8361,0.8767,0.8755,0.8406,1.7807,2.1805,PepSet_dimer_output_esmfold2_fast,1j2x,0.824,0.795,2.18,0.89
1j2x,43,0,0.8954,0.8358,0.8832,0.8808,0.8424,2.6928,2.7481,PepSet_dimer_output_esmfold2_fast,1j2x,0.774,0.846,2.748,1.305
1j2x,43,1,0.8957,0.8354,0.8833,0.8809,0.8411,2.5725,2.5161,PepSet_dimer_output_esmfold2_fast,1j2x,0.758,0.795,2.516,1.33
1j2x,43,2,0.8932,0.8397,0.8822,0.8801,0.8472,1.9917,2.486,PepSet_dimer_output_esmfold2_fast,1j2x,0.774,0.821,2.486,1.274
1j2x,43,3,0.8877,0.807,0.8712,0.8692,0.8342,1.8266,4.8484,PepSet_dimer_output_esmfold2_fast,1j2x,0.612,0.795,4.848,2.366
1j2x,43,4,0.8819,0.8335,0.872,0.8718,0.8355,2.1573,2.1303,PepSet_dimer_output_esmfold2_fast,1j2x,0.79,0.795,2.13,1.142
1j2x,44,0,0.8915,0.8332,0.8796,0.8787,0.8436,1.7746,2.0653,PepSet_dimer_output_esmfold2_fast,1j2x,0.811,0.821,2.065,1.054
1j2x,44,1,0.9006,0.8411,0.8884,0.8871,0.8512,2.5721,3.5878,PepSet_dimer_output_esmfold2_fast,1j2x,0.675,0.795,3.588,1.905
1j2x,44,2,0.8923,0.8389,0.8814,0.8777,0.8372,2.2421,3.8273,PepSet_dimer_output_esmfold2_fast,1j2x,0.668,0.821,3.827,2.037
1j2x,44,3,0.893,0.8289,0.8799,0.8749,0.8351,2.6447,1.8342,PepSet_dimer_output_esmfold2_fast,1j2x,0.821,0.821,1.834,1.015
1j2x,44,4,0.8883,0.8169,0.8737,0.8654,0.8105,1.7332,5.2027,PepSet_dimer_output_esmfold2_fast,1j2x,0.599,0.821,5.203,2.612
1jd5,42,0,0.9476,0.9365,0.9468,0.953,0.9602,0.7783,1.4643,PepSet_dimer_output_esmfold2_fast,1jd5,0.911,0.973,1.464,0.779
1jd5,42,1,0.9445,0.8314,0.9365,0.9434,0.8706,0.7893,5.7574,PepSet_dimer_output_esmfold2_fast,1jd5,0.575,0.676,5.757,1.987
1jd5,42,2,0.9472,0.9341,0.9463,0.9526,0.958,0.802,1.3265,PepSet_dimer_output_esmfold2_fast,1jd5,0.904,0.946,1.326,0.771
1jd5,42,3,0.9464,0.9346,0.9456,0.9516,0.9595,0.6006,1.2819,PepSet_dimer_output_esmfold2_fast,1jd5,0.905,0.946,1.282,0.768
1jd5,42,4,0.9435,0.8158,0.9345,0.9416,0.8636,0.6985,6.3586,PepSet_dimer_output_esmfold2_fast,1jd5,0.541,0.649,6.359,2.125
1jd5,43,0,0.9485,0.9328,0.9474,0.9542,0.9572,0.8456,1.3632,PepSet_dimer_output_esmfold2_fast,1jd5,0.903,0.946,1.363,0.778
1jd5,43,1,0.9434,0.7928,0.9327,0.9398,0.8563,0.7819,7.7728,PepSet_dimer_output_esmfold2_fast,1jd5,0.49,0.676,7.773,2.604
1jd5,43,2,0.9479,0.9353,0.947,0.9536,0.9594,0.6887,1.2443,PepSet_dimer_output_esmfold2_fast,1jd5,0.937,0.973,1.244,0.608
1jd5,43,3,0.9481,0.9364,0.9473,0.9537,0.9588,0.8219,1.5839,PepSet_dimer_output_esmfold2_fast,1jd5,0.905,0.946,1.584,0.747
1jd5,43,4,0.9458,0.9333,0.9449,0.9511,0.9576,0.8705,1.3939,PepSet_dimer_output_esmfold2_fast,1jd5,0.899,0.973,1.394,0.863
1jd5,44,0,0.9472,0.9345,0.9463,0.9527,0.9595,0.8963,1.3796,PepSet_dimer_output_esmfold2_fast,1jd5,0.891,0.946,1.38,0.863
1jd5,44,1,0.9455,0.9347,0.9448,0.9511,0.9596,0.7114,1.3785,PepSet_dimer_output_esmfold2_fast,1jd5,0.924,0.973,1.378,0.69
1jd5,44,2,0.9481,0.9341,0.9471,0.953,0.9564,0.8359,0.9671,PepSet_dimer_output_esmfold2_fast,1jd5,0.915,0.946,0.967,0.722
1jd5,44,3,0.9455,0.9332,0.9446,0.9509,0.9582,0.8392,1.4828,PepSet_dimer_output_esmfold2_fast,1jd5,0.892,0.973,1.483,0.903
1jd5,44,4,0.9476,0.9328,0.9466,0.953,0.9569,0.8543,1.1407,PepSet_dimer_output_esmfold2_fast,1jd5,0.917,0.973,1.141,0.76
1jq8,42,0,0.9402,0.5,0.9227,0.9462,0.4787,0.6201,3.4495,PepSet_dimer_output_esmfold2_fast,1jq8,0.713,0.614,3.449,1.06
1jq8,42,1,0.94,0.487,0.922,0.9448,0.4585,0.5917,2.9828,PepSet_dimer_output_esmfold2_fast,1jq8,0.772,0.705,2.983,0.935
1jq8,42,2,0.9394,0.4737,0.921,0.944,0.4485,0.6096,2.7985,PepSet_dimer_output_esmfold2_fast,1jq8,0.749,0.614,2.799,0.911
1jq8,42,3,0.9401,0.495,0.9224,0.9463,0.4715,0.606,3.1152,PepSet_dimer_output_esmfold2_fast,1jq8,0.747,0.659,3.115,0.979
1jq8,42,4,0.9401,0.4981,0.9226,0.9455,0.469,0.5927,2.7408,PepSet_dimer_output_esmfold2_fast,1jq8,0.777,0.682,2.741,0.883
1jq8,43,0,0.9416,0.435,0.9215,0.9438,0.3716,0.5777,3.7361,PepSet_dimer_output_esmfold2_fast,1jq8,0.678,0.545,3.736,1.103
1jq8,43,1,0.9416,0.4018,0.9202,0.9429,0.3123,0.5463,10.3832,PepSet_dimer_output_esmfold2_fast,1jq8,0.328,0.364,10.383,2.82
1jq8,43,2,0.9392,0.4697,0.9205,0.9445,0.438,0.6221,2.6296,PepSet_dimer_output_esmfold2_fast,1jq8,0.789,0.705,2.63,0.866
1jq8,43,3,0.9393,0.4799,0.9211,0.9447,0.4488,0.6245,3.8837,PepSet_dimer_output_esmfold2_fast,1jq8,0.7,0.636,3.884,1.134
1jq8,43,4,0.9408,0.3806,0.9185,0.9415,0.29,0.5755,9.5216,PepSet_dimer_output_esmfold2_fast,1jq8,0.354,0.364,9.522,2.569
1jq8,44,0,0.9387,0.4746,0.9203,0.944,0.4384,0.6222,3.1386,PepSet_dimer_output_esmfold2_fast,1jq8,0.758,0.682,3.139,0.952
1jq8,44,1,0.939,0.4951,0.9214,0.9446,0.4711,0.5802,3.4745,PepSet_dimer_output_esmfold2_fast,1jq8,0.74,0.682,3.475,1.026
1jq8,44,2,0.9389,0.4985,0.9214,0.9451,0.474,0.6015,2.7227,PepSet_dimer_output_esmfold2_fast,1jq8,0.77,0.659,2.723,0.881
1jq8,44,3,0.9395,0.4335,0.9194,0.9426,0.3704,0.5532,3.5554,PepSet_dimer_output_esmfold2_fast,1jq8,0.673,0.5,3.555,1.055
1jq8,44,4,0.9404,0.4936,0.9226,0.9461,0.4634,0.5925,3.0797,PepSet_dimer_output_esmfold2_fast,1jq8,0.737,0.614,3.08,0.953
1jw6,42,0,0.9136,0.3043,0.8985,0.9347,0.2334,0.8628,17.9276,PepSet_dimer_output_esmfold2_fast,1jw6,0.108,0.067,17.928,5.3
1jw6,42,1,0.9144,0.2953,0.8991,0.9346,0.2718,0.9333,18.8875,PepSet_dimer_output_esmfold2_fast,1jw6,0.079,0.0,18.888,5.554
1jw6,42,2,0.9127,0.2874,0.8973,0.9327,0.1841,0.917,18.4076,PepSet_dimer_output_esmfold2_fast,1jw6,0.103,0.067,18.408,5.614
1jw6,42,3,0.9034,0.2722,0.8878,0.9269,0.1994,0.7411,19.1524,PepSet_dimer_output_esmfold2_fast,1jw6,0.076,0.0,19.152,5.738
1jw6,42,4,0.9061,0.2014,0.8887,0.9286,0.1037,0.9155,45.7898,PepSet_dimer_output_esmfold2_fast,1jw6,0.015,0.0,45.79,14.211
1jw6,43,0,0.9111,0.3036,0.8961,0.9325,0.2659,1.0383,21.0992,PepSet_dimer_output_esmfold2_fast,1jw6,0.076,0.033,21.099,6.191
1jw6,43,1,0.9092,0.2995,0.8941,0.9306,0.2307,1.1274,18.4175,PepSet_dimer_output_esmfold2_fast,1jw6,0.104,0.067,18.417,5.448
1jw6,43,2,0.916,0.3477,0.9019,0.9373,0.3195,0.8266,18.7286,PepSet_dimer_output_esmfold2_fast,1jw6,0.092,0.033,18.729,5.437
1jw6,43,3,0.9095,0.3051,0.8946,0.9316,0.2376,0.7547,20.7278,PepSet_dimer_output_esmfold2_fast,1jw6,0.089,0.067,20.728,6.119
1jw6,43,4,0.9153,0.3228,0.9006,0.9361,0.269,0.8769,20.1377,PepSet_dimer_output_esmfold2_fast,1jw6,0.093,0.067,20.138,5.892
1jw6,44,0,0.9127,0.3015,0.8976,0.9347,0.2555,0.8059,18.6514,PepSet_dimer_output_esmfold2_fast,1jw6,0.103,0.067,18.651,5.502
1jw6,44,1,0.9082,0.2743,0.8925,0.931,0.2167,0.7808,17.392,PepSet_dimer_output_esmfold2_fast,1jw6,0.114,0.067,17.392,5.051
1jw6,44,2,0.9044,0.3168,0.8899,0.9281,0.2549,0.8352,18.8942,PepSet_dimer_output_esmfold2_fast,1jw6,0.112,0.1,18.894,5.55
1jw6,44,3,0.9107,0.2822,0.8952,0.9323,0.2025,1.0106,20.2477,PepSet_dimer_output_esmfold2_fast,1jw6,0.08,0.033,20.248,6.123
1jw6,44,4,0.9092,0.2819,0.8937,0.9308,0.2052,0.7488,19.8115,PepSet_dimer_output_esmfold2_fast,1jw6,0.095,0.067,19.811,5.841
1l2z,42,0,0.9093,0.7497,0.8852,0.8579,0.7221,1.2767,4.4024,PepSet_dimer_output_esmfold2_fast,1l2z,0.603,0.714,4.402,2.263
1l2z,42,1,0.9039,0.7412,0.8794,0.8501,0.6987,1.1948,3.0786,PepSet_dimer_output_esmfold2_fast,1l2z,0.697,0.75,3.079,1.638
1l2z,42,2,0.8977,0.7367,0.8734,0.8402,0.6826,1.1762,3.087,PepSet_dimer_output_esmfold2_fast,1l2z,0.665,0.679,3.087,1.72
1l2z,42,3,0.9086,0.7314,0.8819,0.8541,0.7173,1.2328,4.4592,PepSet_dimer_output_esmfold2_fast,1l2z,0.603,0.714,4.459,2.238
1l2z,42,4,0.9028,0.7435,0.8788,0.8483,0.6967,1.1598,3.6631,PepSet_dimer_output_esmfold2_fast,1l2z,0.641,0.679,3.663,1.838
1l2z,43,0,0.9079,0.7387,0.8824,0.8559,0.7111,1.2314,4.3364,PepSet_dimer_output_esmfold2_fast,1l2z,0.593,0.679,4.336,2.258
1l2z,43,1,0.905,0.7443,0.8808,0.8533,0.7179,1.2033,4.0958,PepSet_dimer_output_esmfold2_fast,1l2z,0.633,0.75,4.096,2.101
1l2z,43,2,0.9045,0.7478,0.8809,0.85,0.712,1.1788,3.4878,PepSet_dimer_output_esmfold2_fast,1l2z,0.645,0.679,3.488,1.841
1l2z,43,3,0.9017,0.7349,0.8765,0.8439,0.6849,1.1814,3.9415,PepSet_dimer_output_esmfold2_fast,1l2z,0.605,0.643,3.941,2.044
1l2z,43,4,0.9074,0.7445,0.8829,0.8531,0.7146,1.2069,4.1228,PepSet_dimer_output_esmfold2_fast,1l2z,0.614,0.714,4.123,2.192
1l2z,44,0,0.8976,0.7388,0.8736,0.8405,0.692,1.1444,3.1935,PepSet_dimer_output_esmfold2_fast,1l2z,0.664,0.679,3.193,1.697
1l2z,44,1,0.8993,0.7361,0.8747,0.8444,0.6864,1.2405,3.8237,PepSet_dimer_output_esmfold2_fast,1l2z,0.653,0.75,3.824,1.927
1l2z,44,2,0.8861,0.6691,0.8534,0.8205,0.6344,1.2095,4.6996,PepSet_dimer_output_esmfold2_fast,1l2z,0.537,0.571,4.7,2.451
1l2z,44,3,0.9045,0.7463,0.8806,0.8504,0.7176,1.1461,3.9014,PepSet_dimer_output_esmfold2_fast,1l2z,0.627,0.714,3.901,2.089
1l2z,44,4,0.9056,0.7384,0.8804,0.8524,0.7092,1.1762,3.5015,PepSet_dimer_output_esmfold2_fast,1l2z,0.66,0.714,3.501,1.801
1lb6,42,0,0.9317,0.9019,0.93,0.9494,0.9553,1.1276,0.7416,PepSet_dimer_output_esmfold2_fast,1lb6,0.97,0.973,0.742,0.363
1lb6,42,1,0.9239,0.8911,0.9221,0.9433,0.944,0.7672,0.9804,PepSet_dimer_output_esmfold2_fast,1lb6,0.951,0.946,0.98,0.446
1lb6,42,2,0.9288,0.8975,0.927,0.9482,0.9516,1.2106,0.6686,PepSet_dimer_output_esmfold2_fast,1lb6,0.974,0.973,0.669,0.326
1lb6,42,3,0.9237,0.8989,0.9224,0.9415,0.9531,1.8486,0.7424,PepSet_dimer_output_esmfold2_fast,1lb6,0.969,0.973,0.742,0.378
1lb6,42,4,0.928,0.8993,0.9265,0.9471,0.9532,1.1351,0.8076,PepSet_dimer_output_esmfold2_fast,1lb6,0.968,0.973,0.808,0.379
1lb6,43,0,0.9243,0.9001,0.9229,0.9416,0.9538,2.2464,0.5675,PepSet_dimer_output_esmfold2_fast,1lb6,0.973,0.973,0.567,0.341
1lb6,43,1,0.9287,0.9,0.9271,0.9476,0.9538,0.9666,0.6922,PepSet_dimer_output_esmfold2_fast,1lb6,0.971,0.973,0.692,0.352
1lb6,43,2,0.9273,0.8958,0.9256,0.947,0.9508,1.3368,0.6484,PepSet_dimer_output_esmfold2_fast,1lb6,0.971,0.973,0.648,0.354
1lb6,43,3,0.9297,0.8977,0.928,0.9481,0.9522,0.9122,0.7986,PepSet_dimer_output_esmfold2_fast,1lb6,0.967,0.973,0.799,0.388
1lb6,43,4,0.9298,0.8982,0.9281,0.9475,0.9523,1.167,0.7752,PepSet_dimer_output_esmfold2_fast,1lb6,0.97,0.973,0.775,0.361
1lb6,44,0,0.9307,0.8893,0.9284,0.948,0.9408,0.8316,0.8765,PepSet_dimer_output_esmfold2_fast,1lb6,0.956,0.946,0.876,0.403
1lb6,44,1,0.929,0.898,0.9273,0.9482,0.9524,1.2326,0.6749,PepSet_dimer_output_esmfold2_fast,1lb6,0.97,0.973,0.675,0.366
1lb6,44,2,0.9297,0.8979,0.928,0.9488,0.9527,1.2251,0.6664,PepSet_dimer_output_esmfold2_fast,1lb6,0.964,0.946,0.666,0.338
1lb6,44,3,0.9306,0.8999,0.9289,0.9487,0.9539,1.0549,0.6113,PepSet_dimer_output_esmfold2_fast,1lb6,0.974,0.973,0.611,0.33
1lb6,44,4,0.9286,0.899,0.927,0.9477,0.9532,1.0913,0.554,PepSet_dimer_output_esmfold2_fast,1lb6,0.976,0.973,0.554,0.307
1mf4,42,0,0.945,0.448,0.925,0.9502,0.434,0.3134,5.6338,PepSet_dimer_output_esmfold2_fast,1mf4,0.594,0.6,5.634,1.539
1mf4,42,1,0.9443,0.3936,0.922,0.9489,0.3623,0.27,9.1854,PepSet_dimer_output_esmfold2_fast,1mf4,0.376,0.4,9.185,2.479
1mf4,42,2,0.944,0.4147,0.9226,0.9483,0.3921,0.2395,7.1689,PepSet_dimer_output_esmfold2_fast,1mf4,0.491,0.514,7.169,1.945
1mf4,42,3,0.9446,0.4164,0.9233,0.9497,0.4021,0.2658,8.3721,PepSet_dimer_output_esmfold2_fast,1mf4,0.414,0.429,8.372,2.266
1mf4,42,4,0.9441,0.4228,0.9231,0.9481,0.3841,0.2757,8.9786,PepSet_dimer_output_esmfold2_fast,1mf4,0.372,0.371,8.979,2.445
1mf4,43,0,0.9468,0.4052,0.925,0.9487,0.3432,0.2593,4.1422,PepSet_dimer_output_esmfold2_fast,1mf4,0.72,0.714,4.142,1.128
1mf4,43,1,0.9457,0.4223,0.9246,0.95,0.4099,0.2673,6.7049,PepSet_dimer_output_esmfold2_fast,1mf4,0.531,0.571,6.705,1.818
1mf4,43,2,0.9434,0.3966,0.9214,0.947,0.3275,0.2519,9.3272,PepSet_dimer_output_esmfold2_fast,1mf4,0.324,0.257,9.327,2.532
1mf4,43,3,0.9419,0.364,0.9186,0.9457,0.3058,0.2844,5.3987,PepSet_dimer_output_esmfold2_fast,1mf4,0.601,0.571,5.399,1.444
1mf4,43,4,0.9466,0.4172,0.9253,0.9498,0.3699,0.2463,7.3551,PepSet_dimer_output_esmfold2_fast,1mf4,0.425,0.343,7.355,1.994
1mf4,44,0,0.9432,0.2655,0.9159,0.9415,0.157,0.2531,16.0291,PepSet_dimer_output_esmfold2_fast,1mf4,0.159,0.143,16.029,4.178
1mf4,44,1,0.9407,0.4338,0.9202,0.9476,0.4229,0.3878,6.4696,PepSet_dimer_output_esmfold2_fast,1mf4,0.513,0.486,6.47,1.758
1mf4,44,2,0.9445,0.4228,0.9234,0.9492,0.4146,0.26,7.2149,PepSet_dimer_output_esmfold2_fast,1mf4,0.422,0.314,7.215,1.955
1mf4,44,3,0.9425,0.3892,0.9202,0.9465,0.3357,0.2722,8.4652,PepSet_dimer_output_esmfold2_fast,1mf4,0.391,0.371,8.465,2.289
1mf4,44,4,0.9454,0.425,0.9244,0.9498,0.4123,0.2598,6.2811,PepSet_dimer_output_esmfold2_fast,1mf4,0.533,0.514,6.281,1.703
1mv0,42,0,0.8358,0.5125,0.7881,0.7834,0.3115,1.7764,7.7186,PepSet_dimer_output_esmfold2_fast,1mv0,0.378,0.419,7.719,3.347
1mv0,42,1,0.842,0.5353,0.7968,0.7935,0.3572,1.8146,8.5484,PepSet_dimer_output_esmfold2_fast,1mv0,0.346,0.395,8.548,3.639
1mv0,42,2,0.8252,0.5498,0.7847,0.7789,0.3709,1.7635,8.8841,PepSet_dimer_output_esmfold2_fast,1mv0,0.319,0.349,8.884,3.882
1mv0,42,3,0.8495,0.5235,0.8015,0.7996,0.3346,1.7732,10.8988,PepSet_dimer_output_esmfold2_fast,1mv0,0.29,0.395,10.899,4.611
1mv0,42,4,0.8397,0.539,0.7954,0.7923,0.3594,1.7762,8.693,PepSet_dimer_output_esmfold2_fast,1mv0,0.332,0.372,8.693,3.8
1mv0,43,0,0.8418,0.5237,0.7949,0.7906,0.3366,1.7765,4.7803,PepSet_dimer_output_esmfold2_fast,1mv0,0.521,0.465,4.78,2.101
1mv0,43,1,0.8458,0.5354,0.8001,0.795,0.3512,1.7545,6.2166,PepSet_dimer_output_esmfold2_fast,1mv0,0.42,0.372,6.217,2.688
1mv0,43,2,0.8377,0.5335,0.7929,0.7871,0.3444,1.7357,7.664,PepSet_dimer_output_esmfold2_fast,1mv0,0.358,0.349,7.664,3.288
1mv0,43,3,0.838,0.5609,0.7972,0.7953,0.3921,1.762,9.077,PepSet_dimer_output_esmfold2_fast,1mv0,0.322,0.372,9.077,3.946
1mv0,43,4,0.8307,0.5504,0.7894,0.7846,0.378,1.6909,10.4286,PepSet_dimer_output_esmfold2_fast,1mv0,0.275,0.326,10.429,4.458
1mv0,44,0,0.8305,0.5136,0.7838,0.7783,0.3205,1.8147,4.6542,PepSet_dimer_output_esmfold2_fast,1mv0,0.496,0.395,4.654,2.176
1mv0,44,1,0.8207,0.5144,0.7755,0.7677,0.3155,1.8068,7.1751,PepSet_dimer_output_esmfold2_fast,1mv0,0.382,0.372,7.175,3.102
1mv0,44,2,0.8195,0.5128,0.7743,0.7684,0.3206,1.8231,3.9471,PepSet_dimer_output_esmfold2_fast,1mv0,0.57,0.512,3.947,1.936
1mv0,44,3,0.8354,0.543,0.7923,0.7883,0.3704,1.8249,10.5183,PepSet_dimer_output_esmfold2_fast,1mv0,0.29,0.372,10.518,4.41
1mv0,44,4,0.8203,0.5241,0.7767,0.766,0.3255,1.8091,4.9635,PepSet_dimer_output_esmfold2_fast,1mv0,0.498,0.442,4.964,2.254
1nrl,42,0,0.9199,0.8967,0.9187,0.9581,0.9673,2.5242,0.7293,PepSet_dimer_output_esmfold2_fast,1nrl,0.954,1.0,0.729,0.578
1nrl,42,1,0.9181,0.8957,0.9169,0.9569,0.9662,2.5478,0.7588,PepSet_dimer_output_esmfold2_fast,1nrl,0.96,1.0,0.759,0.535
1nrl,42,2,0.9152,0.8958,0.9142,0.9551,0.9665,2.4547,0.7271,PepSet_dimer_output_esmfold2_fast,1nrl,0.958,0.974,0.727,0.483
1nrl,42,3,0.917,0.8971,0.9159,0.9559,0.9666,2.54,0.7691,PepSet_dimer_output_esmfold2_fast,1nrl,0.951,1.0,0.769,0.603
1nrl,42,4,0.9135,0.8924,0.9125,0.9541,0.9646,2.4545,0.8875,PepSet_dimer_output_esmfold2_fast,1nrl,0.958,1.0,0.887,0.545
1nrl,43,0,0.9164,0.8957,0.9153,0.9555,0.9666,2.5601,0.6711,PepSet_dimer_output_esmfold2_fast,1nrl,0.944,1.0,0.671,0.662
1nrl,43,1,0.9183,0.8968,0.9172,0.9572,0.967,2.4767,0.8155,PepSet_dimer_output_esmfold2_fast,1nrl,0.954,1.0,0.816,0.576
1nrl,43,2,0.9159,0.8956,0.9149,0.9551,0.9659,2.5718,0.7897,PepSet_dimer_output_esmfold2_fast,1nrl,0.958,0.974,0.79,0.477
1nrl,43,3,0.9177,0.897,0.9166,0.9566,0.9669,2.5154,0.7877,PepSet_dimer_output_esmfold2_fast,1nrl,0.94,0.947,0.788,0.555
1nrl,43,4,0.9165,0.8943,0.9154,0.9556,0.9658,2.6138,0.8106,PepSet_dimer_output_esmfold2_fast,1nrl,0.855,0.974,0.811,1.226
1nrl,44,0,0.9176,0.8919,0.9163,0.9565,0.9652,2.518,0.8839,PepSet_dimer_output_esmfold2_fast,1nrl,0.954,0.974,0.884,0.502
1nrl,44,1,0.9182,0.8964,0.917,0.9569,0.9665,2.594,0.8122,PepSet_dimer_output_esmfold2_fast,1nrl,0.941,0.974,0.812,0.61
1nrl,44,2,0.9175,0.8924,0.9163,0.9562,0.9647,2.5553,0.9694,PepSet_dimer_output_esmfold2_fast,1nrl,0.939,0.974,0.969,0.611
1nrl,44,3,0.9174,0.898,0.9164,0.9562,0.968,2.5132,0.7247,PepSet_dimer_output_esmfold2_fast,1nrl,0.951,0.974,0.725,0.535
1nrl,44,4,0.9184,0.8968,0.9173,0.9569,0.9676,2.583,0.7003,PepSet_dimer_output_esmfold2_fast,1nrl,0.956,1.0,0.7,0.571
1nvq,42,0,0.9322,0.3014,0.9205,0.9496,0.257,0.8528,12.635,PepSet_dimer_output_esmfold2_fast,1nvq,0.211,0.2,12.635,4.06
1nvq,42,1,0.937,0.6679,0.932,0.9563,0.6997,0.7019,0.959,PepSet_dimer_output_esmfold2_fast,1nvq,0.955,0.96,0.959,0.453
1nvq,42,2,0.9318,0.2134,0.9184,0.9502,0.1188,0.6922,22.4009,PepSet_dimer_output_esmfold2_fast,1nvq,0.056,0.0,22.401,7.166
1nvq,42,3,0.9383,0.6457,0.9328,0.957,0.6768,0.7075,0.9052,PepSet_dimer_output_esmfold2_fast,1nvq,0.971,1.0,0.905,0.429
1nvq,42,4,0.9377,0.6545,0.9324,0.9566,0.6852,0.6767,0.8839,PepSet_dimer_output_esmfold2_fast,1nvq,0.953,0.96,0.884,0.471
1nvq,43,0,0.9381,0.6654,0.933,0.9574,0.6966,0.6489,0.7842,PepSet_dimer_output_esmfold2_fast,1nvq,0.96,0.96,0.784,0.412
1nvq,43,1,0.9347,0.6173,0.9288,0.9551,0.6631,0.7301,1.0551,PepSet_dimer_output_esmfold2_fast,1nvq,0.94,0.92,1.055,0.453
1nvq,43,2,0.9382,0.6675,0.9332,0.9575,0.6935,0.6747,0.8063,PepSet_dimer_output_esmfold2_fast,1nvq,0.962,0.96,0.806,0.395
1nvq,43,3,0.9363,0.6635,0.9312,0.9545,0.6924,1.2532,0.9789,PepSet_dimer_output_esmfold2_fast,1nvq,0.945,0.92,0.979,0.413
1nvq,43,4,0.9353,0.6482,0.93,0.9548,0.6829,1.0415,1.0451,PepSet_dimer_output_esmfold2_fast,1nvq,0.955,0.96,1.045,0.44
1nvq,44,0,0.9323,0.3439,0.9214,0.9514,0.3631,0.6223,9.6398,PepSet_dimer_output_esmfold2_fast,1nvq,0.297,0.28,9.64,3.289
1nvq,44,1,0.9368,0.675,0.9319,0.9565,0.7108,0.7012,0.961,PepSet_dimer_output_esmfold2_fast,1nvq,0.949,0.92,0.961,0.38
1nvq,44,2,0.9379,0.6604,0.9327,0.957,0.6892,0.7329,0.7903,PepSet_dimer_output_esmfold2_fast,1nvq,0.945,0.92,0.79,0.427
1nvq,44,3,0.9389,0.6704,0.9339,0.9577,0.6953,0.6284,0.9319,PepSet_dimer_output_esmfold2_fast,1nvq,0.959,0.96,0.932,0.419
1nvq,44,4,0.9348,0.1561,0.9204,0.9514,0.1613,0.6432,32.6384,PepSet_dimer_output_esmfold2_fast,1nvq,0.028,0.0,32.638,10.244
1o0p,42,0,0.7789,0.5564,0.7542,0.7568,0.4871,1.9548,6.0485,PepSet_dimer_output_esmfold2_fast,1o0p,0.513,0.6,6.049,2.44
1o0p,42,1,0.7827,0.5587,0.7578,0.7604,0.5056,1.859,6.2882,PepSet_dimer_output_esmfold2_fast,1o0p,0.497,0.6,6.288,2.631
1o0p,42,2,0.78,0.5594,0.7555,0.759,0.49,1.8641,6.6528,PepSet_dimer_output_esmfold2_fast,1o0p,0.471,0.575,6.653,2.83
1o0p,42,3,0.7817,0.5345,0.7543,0.7584,0.5011,1.9244,9.4138,PepSet_dimer_output_esmfold2_fast,1o0p,0.356,0.5,9.414,4.101
1o0p,42,4,0.7835,0.5517,0.7578,0.7616,0.5003,1.9056,6.6121,PepSet_dimer_output_esmfold2_fast,1o0p,0.44,0.475,6.612,2.797
1o0p,43,0,0.7843,0.5342,0.7565,0.758,0.4928,1.7939,9.8405,PepSet_dimer_output_esmfold2_fast,1o0p,0.33,0.45,9.84,4.201
1o0p,43,1,0.7883,0.5333,0.76,0.7645,0.4858,1.8342,7.2667,PepSet_dimer_output_esmfold2_fast,1o0p,0.447,0.575,7.267,3.103
1o0p,43,2,0.7892,0.5576,0.7635,0.7649,0.4945,1.8537,5.0582,PepSet_dimer_output_esmfold2_fast,1o0p,0.536,0.525,5.058,2.065
1o0p,43,3,0.7883,0.5215,0.7587,0.7632,0.4802,1.8027,8.0961,PepSet_dimer_output_esmfold2_fast,1o0p,0.4,0.525,8.096,3.568
1o0p,43,4,0.7861,0.5582,0.7608,0.7655,0.4908,1.8952,7.4072,PepSet_dimer_output_esmfold2_fast,1o0p,0.436,0.55,7.407,3.102
1o0p,44,0,0.7889,0.5571,0.7632,0.7676,0.507,1.8236,4.9814,PepSet_dimer_output_esmfold2_fast,1o0p,0.555,0.6,4.981,2.182
1o0p,44,1,0.7865,0.5545,0.7607,0.7632,0.5057,1.8873,6.7292,PepSet_dimer_output_esmfold2_fast,1o0p,0.423,0.45,6.729,2.956
1o0p,44,2,0.777,0.5521,0.752,0.754,0.4855,1.8501,5.1567,PepSet_dimer_output_esmfold2_fast,1o0p,0.536,0.55,5.157,2.152
1o0p,44,3,0.7847,0.5517,0.7588,0.7611,0.5056,1.8769,7.4305,PepSet_dimer_output_esmfold2_fast,1o0p,0.406,0.475,7.43,3.247
1o0p,44,4,0.7814,0.5603,0.7569,0.7579,0.4917,1.7108,5.0171,PepSet_dimer_output_esmfold2_fast,1o0p,0.52,0.475,5.017,2.071
1p7v,42,0,0.9606,0.4546,0.9482,0.9695,0.5543,0.1671,7.6992,PepSet_dimer_output_esmfold2_fast,1p7v,0.375,0.245,7.699,2.131
1p7v,42,1,0.9587,0.4581,0.9465,0.9678,0.5466,0.1688,6.9323,PepSet_dimer_output_esmfold2_fast,1p7v,0.395,0.204,6.932,1.915
1p7v,42,2,0.9603,0.3677,0.9458,0.9695,0.4311,0.1589,11.4955,PepSet_dimer_output_esmfold2_fast,1p7v,0.271,0.286,11.495,3.27
1p7v,42,3,0.9611,0.4588,0.9488,0.9701,0.5587,0.1662,7.1194,PepSet_dimer_output_esmfold2_fast,1p7v,0.408,0.265,7.119,1.952
1p7v,42,4,0.9595,0.3753,0.9452,0.9695,0.4512,0.1685,4.8608,PepSet_dimer_output_esmfold2_fast,1p7v,0.624,0.571,4.861,1.367
1p7v,43,0,0.9594,0.4019,0.9458,0.9695,0.4859,0.1539,2.908,PepSet_dimer_output_esmfold2_fast,1p7v,0.752,0.592,2.908,0.821
1p7v,43,1,0.9591,0.4358,0.9463,0.9687,0.5301,0.1727,4.6455,PepSet_dimer_output_esmfold2_fast,1p7v,0.583,0.408,4.646,1.3
1p7v,43,2,0.9604,0.4546,0.948,0.971,0.5564,0.178,6.6135,PepSet_dimer_output_esmfold2_fast,1p7v,0.437,0.286,6.614,1.832
1p7v,43,3,0.9621,0.4651,0.95,0.9708,0.5587,0.165,7.2669,PepSet_dimer_output_esmfold2_fast,1p7v,0.401,0.265,7.267,2.002
1p7v,43,4,0.9612,0.4545,0.9488,0.9703,0.5531,0.1599,7.2981,PepSet_dimer_output_esmfold2_fast,1p7v,0.4,0.265,7.298,2.008
1p7v,44,0,0.9614,0.4625,0.9492,0.9705,0.5576,0.1822,6.9682,PepSet_dimer_output_esmfold2_fast,1p7v,0.414,0.265,6.968,1.92
1p7v,44,1,0.96,0.4481,0.9475,0.969,0.5401,0.1758,7.6549,PepSet_dimer_output_esmfold2_fast,1p7v,0.378,0.245,7.655,2.098
1p7v,44,2,0.9605,0.3708,0.946,0.9704,0.4433,0.1663,11.3213,PepSet_dimer_output_esmfold2_fast,1p7v,0.275,0.286,11.321,3.225
1p7v,44,3,0.9591,0.3816,0.945,0.9695,0.4571,0.1639,4.4968,PepSet_dimer_output_esmfold2_fast,1p7v,0.66,0.612,4.497,1.26
1p7v,44,4,0.9607,0.4687,0.9487,0.9699,0.5645,0.1638,7.2453,PepSet_dimer_output_esmfold2_fast,1p7v,0.395,0.245,7.245,1.996
1pmx,42,0,0.6821,0.7676,0.698,0.6138,0.6773,6.474,4.6885,PepSet_dimer_output_esmfold2_fast,1pmx,0.8,0.957,4.689,1.037
1pmx,42,1,0.7021,0.7753,0.7158,0.637,0.6895,4.3455,4.176,PepSet_dimer_output_esmfold2_fast,1pmx,0.745,0.957,4.176,1.58
1pmx,42,2,0.6816,0.7609,0.6963,0.6148,0.6705,4.8385,5.9691,PepSet_dimer_output_esmfold2_fast,1pmx,0.653,0.826,5.969,1.612
1pmx,42,3,0.6915,0.7586,0.704,0.6185,0.658,4.7527,3.2565,PepSet_dimer_output_esmfold2_fast,1pmx,0.828,0.957,3.256,1.09
1pmx,42,4,0.6985,0.7751,0.7128,0.634,0.6903,5.0247,3.127,PepSet_dimer_output_esmfold2_fast,1pmx,0.815,0.913,3.127,1.1
1pmx,43,0,0.6834,0.7716,0.6998,0.6183,0.6897,5.6966,6.5072,PepSet_dimer_output_esmfold2_fast,1pmx,0.691,0.957,6.507,1.545
1pmx,43,1,0.6845,0.7632,0.6992,0.6183,0.6678,5.4515,3.0995,PepSet_dimer_output_esmfold2_fast,1pmx,0.819,0.913,3.099,1.076
1pmx,43,2,0.6971,0.7743,0.7114,0.6311,0.6914,6.9367,3.4659,PepSet_dimer_output_esmfold2_fast,1pmx,0.816,0.957,3.466,1.14
1pmx,43,3,0.7037,0.7708,0.7161,0.636,0.6851,4.208,3.7204,PepSet_dimer_output_esmfold2_fast,1pmx,0.801,0.913,3.72,1.099
1pmx,43,4,0.6982,0.7786,0.7132,0.633,0.6906,5.8659,3.5184,PepSet_dimer_output_esmfold2_fast,1pmx,0.835,0.957,3.518,0.992
1pmx,44,0,0.6971,0.7744,0.7115,0.6296,0.6874,6.6115,3.0659,PepSet_dimer_output_esmfold2_fast,1pmx,0.842,0.957,3.066,1.019
1pmx,44,1,0.6852,0.751,0.6974,0.6126,0.6528,6.2073,3.9349,PepSet_dimer_output_esmfold2_fast,1pmx,0.821,1.0,3.935,1.128
1pmx,44,2,0.6955,0.7682,0.709,0.6289,0.6803,4.9779,3.9958,PepSet_dimer_output_esmfold2_fast,1pmx,0.81,0.957,3.996,1.086
1pmx,44,3,0.6808,0.76,0.6956,0.616,0.674,5.2896,3.3379,PepSet_dimer_output_esmfold2_fast,1pmx,0.84,0.913,3.338,0.89
1pmx,44,4,0.7038,0.7826,0.7185,0.6394,0.7006,6.3878,4.3346,PepSet_dimer_output_esmfold2_fast,1pmx,0.796,0.913,4.335,1.024
1r17,42,0,0.9037,0.8297,0.9013,0.9236,0.9376,1.742,0.8984,PepSet_dimer_output_esmfold2_fast,1r17,0.742,0.929,0.898,2.247
1r17,42,1,0.9066,0.8391,0.9044,0.9262,0.9459,1.2996,0.7103,PepSet_dimer_output_esmfold2_fast,1r17,0.793,0.965,0.71,1.76
1r17,42,2,0.9152,0.8414,0.9128,0.9276,0.9468,1.3825,0.6475,PepSet_dimer_output_esmfold2_fast,1r17,0.786,0.953,0.648,1.793
1r17,42,3,0.9025,0.8157,0.8996,0.9199,0.9295,1.8678,1.3445,PepSet_dimer_output_esmfold2_fast,1r17,0.722,0.929,1.345,2.52
1r17,42,4,0.9155,0.8415,0.9131,0.9305,0.9469,1.1738,0.6867,PepSet_dimer_output_esmfold2_fast,1r17,0.801,0.929,0.687,1.564
1r17,43,0,0.9044,0.8325,0.902,0.9222,0.9418,1.3348,0.928,PepSet_dimer_output_esmfold2_fast,1r17,0.784,0.941,0.928,1.758
1r17,43,1,0.9148,0.8344,0.9122,0.9286,0.941,1.1967,0.7246,PepSet_dimer_output_esmfold2_fast,1r17,0.801,0.929,0.725,1.56
1r17,43,2,0.9179,0.8532,0.9158,0.9306,0.9513,1.1602,0.7589,PepSet_dimer_output_esmfold2_fast,1r17,0.817,0.965,0.759,1.519
1r17,43,3,0.9078,0.8392,0.9055,0.9236,0.9455,1.458,0.6945,PepSet_dimer_output_esmfold2_fast,1r17,0.779,0.941,0.694,1.832
1r17,43,4,0.9135,0.8427,0.9112,0.927,0.9446,1.1243,0.7774,PepSet_dimer_output_esmfold2_fast,1r17,0.812,0.941,0.777,1.492
1r17,44,0,0.9168,0.8483,0.9145,0.9286,0.9494,1.1888,0.7248,PepSet_dimer_output_esmfold2_fast,1r17,0.819,0.965,0.725,1.505
1r17,44,1,0.9069,0.8436,0.9048,0.9254,0.9444,1.3005,0.7102,PepSet_dimer_output_esmfold2_fast,1r17,0.824,0.941,0.71,1.39
1r17,44,2,0.9139,0.849,0.9118,0.9287,0.949,1.4882,0.8239,PepSet_dimer_output_esmfold2_fast,1r17,0.781,0.953,0.824,1.839
1r17,44,3,0.9044,0.8329,0.902,0.9234,0.939,1.2407,0.6034,PepSet_dimer_output_esmfold2_fast,1r17,0.839,0.976,0.603,1.366
1r17,44,4,0.9144,0.8444,0.9121,0.9254,0.9489,1.3398,0.6885,PepSet_dimer_output_esmfold2_fast,1r17,0.795,0.953,0.688,1.7
1rxz,42,0,0.9401,0.8686,0.937,0.9604,0.9575,0.6863,0.9872,PepSet_dimer_output_esmfold2_fast,1rxz,0.905,0.907,0.987,0.699
1rxz,42,1,0.9383,0.8354,0.9339,0.958,0.9364,0.6843,1.2611,PepSet_dimer_output_esmfold2_fast,1rxz,0.884,0.907,1.261,0.831
1rxz,42,2,0.9407,0.8661,0.9375,0.9602,0.9571,0.6674,0.9152,PepSet_dimer_output_esmfold2_fast,1rxz,0.924,0.926,0.915,0.61
1rxz,42,3,0.9393,0.8656,0.9361,0.9586,0.9574,0.7478,0.967,PepSet_dimer_output_esmfold2_fast,1rxz,0.906,0.889,0.967,0.649
1rxz,42,4,0.9406,0.868,0.9375,0.96,0.9576,0.6573,0.9758,PepSet_dimer_output_esmfold2_fast,1rxz,0.934,0.926,0.976,0.53
1rxz,43,0,0.9396,0.8646,0.9363,0.9593,0.9539,0.6864,1.4663,PepSet_dimer_output_esmfold2_fast,1rxz,0.903,0.926,1.466,0.722
1rxz,43,1,0.9396,0.8656,0.9364,0.9593,0.9533,0.7735,1.1425,PepSet_dimer_output_esmfold2_fast,1rxz,0.92,0.944,1.142,0.672
1rxz,43,2,0.9397,0.8636,0.9364,0.9598,0.9522,0.7142,1.4385,PepSet_dimer_output_esmfold2_fast,1rxz,0.898,0.926,1.439,0.763
1rxz,43,3,0.9407,0.865,0.9375,0.9597,0.9515,0.7386,1.354,PepSet_dimer_output_esmfold2_fast,1rxz,0.904,0.944,1.354,0.769
1rxz,43,4,0.9404,0.8662,0.9372,0.9595,0.9563,0.7368,1.0596,PepSet_dimer_output_esmfold2_fast,1rxz,0.913,0.926,1.06,0.68
1rxz,44,0,0.941,0.8668,0.9379,0.9605,0.9577,0.7683,0.8201,PepSet_dimer_output_esmfold2_fast,1rxz,0.911,0.907,0.82,0.668
1rxz,44,1,0.9385,0.865,0.9353,0.9595,0.9554,0.6974,1.2388,PepSet_dimer_output_esmfold2_fast,1rxz,0.921,0.944,1.239,0.66
1rxz,44,2,0.9388,0.8577,0.9353,0.9589,0.9502,0.7145,1.1077,PepSet_dimer_output_esmfold2_fast,1rxz,0.889,0.907,1.108,0.803
1rxz,44,3,0.9407,0.8614,0.9373,0.9597,0.9513,0.7471,1.1781,PepSet_dimer_output_esmfold2_fast,1rxz,0.906,0.907,1.178,0.683
1rxz,44,4,0.9422,0.8684,0.9391,0.9614,0.9574,0.7006,0.8946,PepSet_dimer_output_esmfold2_fast,1rxz,0.922,0.926,0.895,0.627
1t74,42,0,0.9517,0.7553,0.9456,0.9681,0.8618,0.4362,1.7379,PepSet_dimer_output_esmfold2_fast,1t74,0.912,0.929,1.738,0.636
1t74,42,1,0.9502,0.765,0.9445,0.9676,0.8765,0.4837,1.1195,PepSet_dimer_output_esmfold2_fast,1t74,0.945,0.929,1.119,0.431
1t74,42,2,0.9526,0.7926,0.9476,0.9695,0.8916,0.4082,1.1989,PepSet_dimer_output_esmfold2_fast,1t74,0.953,0.964,1.199,0.457
1t74,42,3,0.9509,0.7701,0.9453,0.9685,0.8879,0.3194,0.914,PepSet_dimer_output_esmfold2_fast,1t74,0.961,0.964,0.914,0.411
1t74,42,4,0.951,0.78,0.9457,0.9688,0.8844,0.3109,0.6854,PepSet_dimer_output_esmfold2_fast,1t74,0.96,0.929,0.685,0.31
1t74,43,0,0.9527,0.8018,0.948,0.9693,0.8965,0.4298,0.7425,PepSet_dimer_output_esmfold2_fast,1t74,0.969,0.964,0.742,0.339
1t74,43,1,0.9498,0.7026,0.9421,0.9666,0.8123,0.4027,2.551,PepSet_dimer_output_esmfold2_fast,1t74,0.825,0.821,2.551,0.9
1t74,43,2,0.9505,0.7445,0.9441,0.9677,0.8596,0.4427,1.8626,PepSet_dimer_output_esmfold2_fast,1t74,0.897,0.893,1.863,0.645
1t74,43,3,0.9514,0.7784,0.946,0.9687,0.8896,0.3888,1.0803,PepSet_dimer_output_esmfold2_fast,1t74,0.945,0.929,1.08,0.439
1t74,43,4,0.9509,0.7728,0.9454,0.9681,0.8786,0.4294,1.2523,PepSet_dimer_output_esmfold2_fast,1t74,0.957,1.0,1.252,0.524
1t74,44,0,0.9508,0.7744,0.9453,0.9681,0.8835,0.4115,1.4418,PepSet_dimer_output_esmfold2_fast,1t74,0.928,0.929,1.442,0.541
1t74,44,1,0.9512,0.7596,0.9452,0.9685,0.8762,0.4161,1.5609,PepSet_dimer_output_esmfold2_fast,1t74,0.925,0.929,1.561,0.555
1t74,44,2,0.9509,0.7668,0.9452,0.9683,0.8785,0.4324,1.4914,PepSet_dimer_output_esmfold2_fast,1t74,0.927,0.929,1.491,0.551
1t74,44,3,0.9517,0.7991,0.9469,0.9692,0.8973,0.422,0.8649,PepSet_dimer_output_esmfold2_fast,1t74,0.951,0.929,0.865,0.394
1t74,44,4,0.9513,0.7884,0.9462,0.9687,0.8891,0.3799,0.7696,PepSet_dimer_output_esmfold2_fast,1t74,0.965,0.964,0.77,0.385
1v1t,42,0,0.9087,0.8615,0.9073,0.7611,0.8926,1.1811,1.54,PepSet_dimer_output_esmfold2_fast,1v1t,0.961,1.0,1.54,0.459
1v1t,42,1,0.9116,0.8695,0.9104,0.7746,0.8941,0.7289,1.0172,PepSet_dimer_output_esmfold2_fast,1v1t,0.974,1.0,1.017,0.395
1v1t,42,2,0.9153,0.8718,0.914,0.7779,0.9048,0.6928,1.2343,PepSet_dimer_output_esmfold2_fast,1v1t,0.969,1.0,1.234,0.416
1v1t,42,3,0.9119,0.8688,0.9106,0.765,0.8911,0.5382,0.9117,PepSet_dimer_output_esmfold2_fast,1v1t,0.962,0.96,0.912,0.383
1v1t,42,4,0.915,0.8741,0.9137,0.7813,0.9004,0.7155,1.1115,PepSet_dimer_output_esmfold2_fast,1v1t,0.972,1.0,1.111,0.406
1v1t,43,0,0.9112,0.857,0.9096,0.7592,0.8865,0.8079,0.9115,PepSet_dimer_output_esmfold2_fast,1v1t,0.974,1.0,0.911,0.399
1v1t,43,1,0.9106,0.874,0.9095,0.7663,0.9037,1.0367,0.831,PepSet_dimer_output_esmfold2_fast,1v1t,0.946,0.92,0.831,0.42
1v1t,43,2,0.9142,0.8738,0.913,0.7759,0.9038,0.4346,0.4448,PepSet_dimer_output_esmfold2_fast,1v1t,0.981,1.0,0.445,0.363
1v1t,43,3,0.9112,0.8709,0.91,0.768,0.9027,0.5362,0.5481,PepSet_dimer_output_esmfold2_fast,1v1t,0.964,0.96,0.548,0.389
1v1t,43,4,0.9114,0.8572,0.9097,0.7698,0.8846,0.997,1.0354,PepSet_dimer_output_esmfold2_fast,1v1t,0.976,1.0,1.035,0.367
1v1t,44,0,0.9108,0.8687,0.9095,0.7685,0.8993,0.6554,0.5894,PepSet_dimer_output_esmfold2_fast,1v1t,0.981,1.0,0.589,0.357
1v1t,44,1,0.9102,0.8709,0.9091,0.77,0.8989,0.9127,0.6567,PepSet_dimer_output_esmfold2_fast,1v1t,0.976,1.0,0.657,0.4
1v1t,44,2,0.9101,0.8602,0.9086,0.7558,0.8873,0.6305,0.6913,PepSet_dimer_output_esmfold2_fast,1v1t,0.969,1.0,0.691,0.463
1v1t,44,3,0.9154,0.8733,0.9141,0.7864,0.9017,0.4577,0.448,PepSet_dimer_output_esmfold2_fast,1v1t,0.979,1.0,0.448,0.376
1v1t,44,4,0.9129,0.864,0.9114,0.7752,0.8927,0.6725,0.3119,PepSet_dimer_output_esmfold2_fast,1v1t,0.979,1.0,0.312,0.382
1w80,42,0,0.947,0.8103,0.9427,0.9562,0.8728,0.8073,1.5214,PepSet_dimer_output_esmfold2_fast,1w80,0.925,0.923,1.521,0.544
1w80,42,1,0.9455,0.8025,0.9411,0.9548,0.8646,0.6589,1.5011,PepSet_dimer_output_esmfold2_fast,1w80,0.888,0.846,1.501,0.634
1w80,42,2,0.9465,0.8071,0.9422,0.9563,0.8688,0.7575,1.8083,PepSet_dimer_output_esmfold2_fast,1w80,0.886,0.846,1.808,0.615
1w80,42,3,0.9458,0.8082,0.9415,0.9541,0.8742,0.6515,1.2717,PepSet_dimer_output_esmfold2_fast,1w80,0.911,0.846,1.272,0.474
1w80,42,4,0.9469,0.8125,0.9427,0.9561,0.8746,0.788,1.5788,PepSet_dimer_output_esmfold2_fast,1w80,0.918,0.923,1.579,0.594
1w80,43,0,0.9465,0.8109,0.9422,0.9564,0.8769,0.8239,1.4796,PepSet_dimer_output_esmfold2_fast,1w80,0.914,0.885,1.48,0.537
1w80,43,1,0.9467,0.8071,0.9423,0.9561,0.8689,0.7051,1.3258,PepSet_dimer_output_esmfold2_fast,1w80,0.93,0.923,1.326,0.522
1w80,43,2,0.9465,0.8171,0.9424,0.9568,0.8837,0.7417,1.5517,PepSet_dimer_output_esmfold2_fast,1w80,0.913,0.885,1.552,0.54
1w80,43,3,0.9468,0.8097,0.9425,0.9557,0.8746,0.7941,1.2657,PepSet_dimer_output_esmfold2_fast,1w80,0.924,0.885,1.266,0.47
1w80,43,4,0.9463,0.7983,0.9417,0.9557,0.8628,0.771,2.0273,PepSet_dimer_output_esmfold2_fast,1w80,0.874,0.885,2.027,0.774
1w80,44,0,0.9464,0.8044,0.9419,0.9564,0.8704,0.7568,1.4125,PepSet_dimer_output_esmfold2_fast,1w80,0.932,0.923,1.412,0.503
1w80,44,1,0.946,0.8167,0.942,0.9554,0.8819,0.7785,1.7014,PepSet_dimer_output_esmfold2_fast,1w80,0.897,0.885,1.701,0.64
1w80,44,2,0.947,0.8131,0.9429,0.9565,0.8761,0.7295,1.5409,PepSet_dimer_output_esmfold2_fast,1w80,0.923,0.923,1.541,0.559
1w80,44,3,0.9463,0.8109,0.9421,0.9554,0.8765,0.6815,1.3486,PepSet_dimer_output_esmfold2_fast,1w80,0.919,0.885,1.349,0.509
1w80,44,4,0.9457,0.8052,0.9413,0.9556,0.8738,0.8288,1.3096,PepSet_dimer_output_esmfold2_fast,1w80,0.926,0.885,1.31,0.453
1yfn,42,0,0.9333,0.7531,0.9077,0.9228,0.7564,1.1208,7.8616,PepSet_dimer_output_esmfold2_fast,1yfn,0.411,0.528,7.862,3.364
1yfn,42,1,0.9345,0.7748,0.9118,0.9257,0.7824,1.0045,8.0393,PepSet_dimer_output_esmfold2_fast,1yfn,0.394,0.491,8.039,3.377
1yfn,42,2,0.9341,0.7719,0.9111,0.9251,0.7811,0.4537,8.2488,PepSet_dimer_output_esmfold2_fast,1yfn,0.389,0.491,8.249,3.42
1yfn,42,3,0.9348,0.7602,0.91,0.9245,0.7643,0.9894,8.1463,PepSet_dimer_output_esmfold2_fast,1yfn,0.396,0.509,8.146,3.455
1yfn,42,4,0.9361,0.7806,0.9141,0.9286,0.7926,0.971,8.1553,PepSet_dimer_output_esmfold2_fast,1yfn,0.396,0.509,8.155,3.455
1yfn,43,0,0.9332,0.7459,0.9067,0.9215,0.7453,0.7542,8.1169,PepSet_dimer_output_esmfold2_fast,1yfn,0.392,0.491,8.117,3.406
1yfn,43,1,0.9344,0.7568,0.9092,0.9233,0.7582,1.0441,8.2288,PepSet_dimer_output_esmfold2_fast,1yfn,0.388,0.491,8.229,3.49
1yfn,43,2,0.9327,0.7485,0.9066,0.9216,0.7507,1.0404,8.0555,PepSet_dimer_output_esmfold2_fast,1yfn,0.393,0.491,8.056,3.424
1yfn,43,3,0.9386,0.7966,0.9185,0.9317,0.8084,1.0988,8.118,PepSet_dimer_output_esmfold2_fast,1yfn,0.397,0.509,8.118,3.452
1yfn,43,4,0.9385,0.7915,0.9177,0.931,0.8012,0.6794,8.368,PepSet_dimer_output_esmfold2_fast,1yfn,0.385,0.491,8.368,3.48
1yfn,44,0,0.9355,0.7761,0.9129,0.9269,0.7828,0.9656,8.0004,PepSet_dimer_output_esmfold2_fast,1yfn,0.401,0.509,8.0,3.389
1yfn,44,1,0.9335,0.7387,0.9059,0.9212,0.7515,0.8647,8.2388,PepSet_dimer_output_esmfold2_fast,1yfn,0.401,0.528,8.239,3.459
1yfn,44,2,0.9327,0.747,0.9064,0.9214,0.7471,0.7999,8.0594,PepSet_dimer_output_esmfold2_fast,1yfn,0.4,0.509,8.059,3.371
1yfn,44,3,0.9216,0.6438,0.8822,0.9015,0.7253,0.8505,9.0831,PepSet_dimer_output_esmfold2_fast,1yfn,0.371,0.509,9.083,3.767
1yfn,44,4,0.9348,0.7678,0.9111,0.9254,0.7734,1.1379,7.9739,PepSet_dimer_output_esmfold2_fast,1yfn,0.394,0.491,7.974,3.428
1ywi,42,0,0.8409,0.8608,0.8444,0.6668,0.5924,1.0541,1.4397,PepSet_dimer_output_esmfold2_fast,1ywi,0.854,0.895,1.44,0.993
1ywi,42,1,0.8431,0.8649,0.8469,0.6711,0.5998,0.9852,1.3316,PepSet_dimer_output_esmfold2_fast,1ywi,0.843,0.842,1.332,0.957
1ywi,42,2,0.839,0.8585,0.8424,0.6635,0.5868,1.0276,1.4857,PepSet_dimer_output_esmfold2_fast,1ywi,0.836,0.842,1.486,0.993
1ywi,42,3,0.8375,0.8611,0.8417,0.6601,0.5892,1.0076,1.0346,PepSet_dimer_output_esmfold2_fast,1ywi,0.873,0.895,1.035,0.889
1ywi,42,4,0.8302,0.8506,0.8338,0.6444,0.5682,1.0281,1.2817,PepSet_dimer_output_esmfold2_fast,1ywi,0.859,0.895,1.282,0.971
1ywi,43,0,0.8371,0.8578,0.8408,0.6601,0.5939,1.0278,1.3997,PepSet_dimer_output_esmfold2_fast,1ywi,0.857,0.895,1.4,0.975
1ywi,43,1,0.8382,0.8603,0.8421,0.6591,0.5841,0.9782,1.2881,PepSet_dimer_output_esmfold2_fast,1ywi,0.862,0.895,1.288,0.947
1ywi,43,2,0.8399,0.8606,0.8435,0.6639,0.5853,1.0308,1.29,PepSet_dimer_output_esmfold2_fast,1ywi,0.843,0.842,1.29,0.958
1ywi,43,3,0.8424,0.865,0.8464,0.669,0.6034,1.0163,1.3081,PepSet_dimer_output_esmfold2_fast,1ywi,0.863,0.895,1.308,0.943
1ywi,43,4,0.8421,0.8661,0.8463,0.67,0.5988,1.0429,1.1947,PepSet_dimer_output_esmfold2_fast,1ywi,0.866,0.895,1.195,0.933
1ywi,44,0,0.8413,0.8639,0.8453,0.6692,0.593,1.0076,1.3534,PepSet_dimer_output_esmfold2_fast,1ywi,0.86,0.895,1.353,0.962
1ywi,44,1,0.8406,0.8624,0.8444,0.6666,0.5919,1.0423,1.2137,PepSet_dimer_output_esmfold2_fast,1ywi,0.864,0.895,1.214,0.939
1ywi,44,2,0.8369,0.8588,0.8407,0.6548,0.5786,1.0364,1.2787,PepSet_dimer_output_esmfold2_fast,1ywi,0.861,0.895,1.279,0.96
1ywi,44,3,0.8357,0.857,0.8395,0.6541,0.5715,1.0604,1.2461,PepSet_dimer_output_esmfold2_fast,1ywi,0.841,0.842,1.246,0.977
1ywi,44,4,0.8396,0.8578,0.8428,0.6617,0.5923,1.1066,1.3668,PepSet_dimer_output_esmfold2_fast,1ywi,0.872,0.947,1.367,0.997
1ywo,42,0,0.939,0.7971,0.9172,0.9077,0.7106,0.3046,2.7715,PepSet_dimer_output_esmfold2_fast,1ywo,0.843,1.0,2.772,1.165
1ywo,42,1,0.9406,0.7954,0.9182,0.9086,0.7078,0.3119,2.4375,PepSet_dimer_output_esmfold2_fast,1ywo,0.864,1.0,2.438,1.054
1ywo,42,2,0.9418,0.7955,0.9193,0.9107,0.7109,0.2893,1.3949,PepSet_dimer_output_esmfold2_fast,1ywo,0.938,1.0,1.395,0.652
1ywo,42,3,0.9426,0.801,0.9209,0.9126,0.7204,0.286,2.8817,PepSet_dimer_output_esmfold2_fast,1ywo,0.829,1.0,2.882,1.25
1ywo,42,4,0.9423,0.7937,0.9194,0.9105,0.7138,0.3134,1.5175,PepSet_dimer_output_esmfold2_fast,1ywo,0.931,1.0,1.517,0.693
1ywo,43,0,0.9424,0.8021,0.9208,0.9123,0.724,0.3103,2.2896,PepSet_dimer_output_esmfold2_fast,1ywo,0.875,1.0,2.29,1.001
1ywo,43,1,0.9415,0.8031,0.9202,0.9116,0.723,0.3102,1.8087,PepSet_dimer_output_esmfold2_fast,1ywo,0.914,1.0,1.809,0.781
1ywo,43,2,0.9441,0.8049,0.9227,0.9139,0.7276,0.3206,2.5303,PepSet_dimer_output_esmfold2_fast,1ywo,0.859,1.0,2.53,1.083
1ywo,43,3,0.9391,0.7945,0.9169,0.9066,0.7043,0.2911,2.7273,PepSet_dimer_output_esmfold2_fast,1ywo,0.844,1.0,2.727,1.162
1ywo,43,4,0.9409,0.8049,0.92,0.9097,0.7196,0.2705,2.0247,PepSet_dimer_output_esmfold2_fast,1ywo,0.892,1.0,2.025,0.91
1ywo,44,0,0.941,0.8003,0.9194,0.9091,0.7142,0.2448,1.7122,PepSet_dimer_output_esmfold2_fast,1ywo,0.919,1.0,1.712,0.757
1ywo,44,1,0.9413,0.7973,0.9191,0.9098,0.7138,0.2796,1.4517,PepSet_dimer_output_esmfold2_fast,1ywo,0.935,1.0,1.452,0.668
1ywo,44,2,0.9379,0.788,0.9148,0.9031,0.6981,0.3018,3.0661,PepSet_dimer_output_esmfold2_fast,1ywo,0.814,1.0,3.066,1.335
1ywo,44,3,0.9434,0.8008,0.9215,0.9117,0.7217,0.2965,2.0124,PepSet_dimer_output_esmfold2_fast,1ywo,0.885,0.96,2.012,0.87
1ywo,44,4,0.9428,0.8074,0.922,0.9133,0.7312,0.3108,2.2197,PepSet_dimer_output_esmfold2_fast,1ywo,0.882,1.0,2.22,0.962
1yy6,42,0,0.9479,0.928,0.9468,0.9628,0.9567,0.8073,0.5892,PepSet_dimer_output_esmfold2_fast,1yy6,0.887,0.912,0.589,0.856
1yy6,42,1,0.9482,0.9286,0.9471,0.9632,0.9572,0.8159,0.7727,PepSet_dimer_output_esmfold2_fast,1yy6,0.881,0.912,0.773,0.892
1yy6,42,2,0.9462,0.91,0.9442,0.961,0.9439,0.7981,1.2653,PepSet_dimer_output_esmfold2_fast,1yy6,0.865,0.912,1.265,0.968
1yy6,42,3,0.9477,0.9278,0.9466,0.9627,0.9558,0.7942,0.7561,PepSet_dimer_output_esmfold2_fast,1yy6,0.872,0.882,0.756,0.887
1yy6,42,4,0.9465,0.9273,0.9454,0.9614,0.9559,0.9467,0.748,PepSet_dimer_output_esmfold2_fast,1yy6,0.898,0.941,0.748,0.844
1yy6,43,0,0.9471,0.9263,0.9459,0.9625,0.9556,0.7775,0.5181,PepSet_dimer_output_esmfold2_fast,1yy6,0.892,0.912,0.518,0.823
1yy6,43,1,0.947,0.9274,0.946,0.9623,0.957,0.9254,0.8324,PepSet_dimer_output_esmfold2_fast,1yy6,0.883,0.912,0.832,0.87
1yy6,43,2,0.9471,0.9264,0.946,0.9618,0.955,0.8287,0.7848,PepSet_dimer_output_esmfold2_fast,1yy6,0.886,0.912,0.785,0.858
1yy6,43,3,0.9448,0.9001,0.9424,0.9593,0.9317,0.7845,0.8758,PepSet_dimer_output_esmfold2_fast,1yy6,0.902,0.971,0.876,0.876
1yy6,43,4,0.9476,0.9282,0.9465,0.9625,0.9561,0.8127,0.8138,PepSet_dimer_output_esmfold2_fast,1yy6,0.877,0.882,0.814,0.85
1yy6,44,0,0.948,0.928,0.9469,0.9629,0.956,0.8658,0.8973,PepSet_dimer_output_esmfold2_fast,1yy6,0.869,0.882,0.897,0.899
1yy6,44,1,0.9457,0.918,0.9442,0.9612,0.95,0.6919,0.5732,PepSet_dimer_output_esmfold2_fast,1yy6,0.896,0.941,0.573,0.865
1yy6,44,2,0.9473,0.9289,0.9463,0.9622,0.9574,0.6494,0.7654,PepSet_dimer_output_esmfold2_fast,1yy6,0.873,0.882,0.765,0.88
1yy6,44,3,0.9451,0.9246,0.9439,0.9606,0.9527,0.8646,0.6635,PepSet_dimer_output_esmfold2_fast,1yy6,0.875,0.882,0.664,0.87
1yy6,44,4,0.9479,0.928,0.9468,0.963,0.9573,0.8471,0.8926,PepSet_dimer_output_esmfold2_fast,1yy6,0.859,0.882,0.893,0.969
2aij,42,0,0.938,0.8411,0.9363,0.9657,0.9367,1.4293,0.8713,PepSet_dimer_output_esmfold2_fast,2aij,0.713,0.81,0.871,2.085
2aij,42,1,0.9371,0.8332,0.9353,0.9647,0.938,1.5976,1.0649,PepSet_dimer_output_esmfold2_fast,2aij,0.713,0.857,1.065,2.307
2aij,42,2,0.9367,0.8362,0.9349,0.9651,0.9379,1.4837,1.0148,PepSet_dimer_output_esmfold2_fast,2aij,0.735,0.833,1.015,1.89
2aij,42,3,0.9382,0.8416,0.9365,0.9662,0.9401,1.4859,0.9827,PepSet_dimer_output_esmfold2_fast,2aij,0.702,0.762,0.983,2.007
2aij,42,4,0.9384,0.8381,0.9366,0.9662,0.9361,1.5412,0.7066,PepSet_dimer_output_esmfold2_fast,2aij,0.704,0.786,0.707,2.121
2aij,43,0,0.9383,0.8379,0.9365,0.9664,0.9375,1.33,0.9691,PepSet_dimer_output_esmfold2_fast,2aij,0.736,0.833,0.969,1.89
2aij,43,1,0.9381,0.8432,0.9364,0.9659,0.9372,1.4783,0.9548,PepSet_dimer_output_esmfold2_fast,2aij,0.71,0.786,0.955,2.008
2aij,43,2,0.9367,0.8387,0.935,0.9653,0.9343,1.5241,0.9374,PepSet_dimer_output_esmfold2_fast,2aij,0.701,0.786,0.937,2.148
2aij,43,3,0.9383,0.8429,0.9366,0.9667,0.939,1.4431,1.0312,PepSet_dimer_output_esmfold2_fast,2aij,0.702,0.786,1.031,2.108
2aij,43,4,0.9393,0.8368,0.9374,0.9666,0.9338,1.535,0.7787,PepSet_dimer_output_esmfold2_fast,2aij,0.727,0.833,0.779,2.015
2aij,44,0,0.939,0.8342,0.9372,0.9667,0.9348,1.5083,0.9531,PepSet_dimer_output_esmfold2_fast,2aij,0.721,0.81,0.953,1.98
2aij,44,1,0.9358,0.8443,0.9342,0.9644,0.9396,1.6317,0.8888,PepSet_dimer_output_esmfold2_fast,2aij,0.72,0.833,0.889,2.107
2aij,44,2,0.938,0.8408,0.9363,0.9666,0.9361,1.5113,0.6774,PepSet_dimer_output_esmfold2_fast,2aij,0.727,0.857,0.677,2.141
2aij,44,3,0.9393,0.8402,0.9375,0.967,0.9366,1.4766,0.8631,PepSet_dimer_output_esmfold2_fast,2aij,0.717,0.81,0.863,2.04
2aij,44,4,0.9384,0.8452,0.9367,0.9663,0.9371,1.4427,0.8886,PepSet_dimer_output_esmfold2_fast,2aij,0.705,0.762,0.889,1.987
2aq9,42,0,0.94,0.358,0.9145,0.9346,0.3066,0.369,9.3377,PepSet_dimer_output_esmfold2_fast,2aq9,0.205,0.056,9.338,4.368
2aq9,42,1,0.9378,0.4967,0.9185,0.9367,0.4532,0.2967,29.661,PepSet_dimer_output_esmfold2_fast,2aq9,0.031,0.0,29.661,11.204
2aq9,42,2,0.9404,0.3482,0.9145,0.9333,0.2969,0.3266,8.4831,PepSet_dimer_output_esmfold2_fast,2aq9,0.211,0.0,8.483,3.859
2aq9,42,3,0.9399,0.3424,0.9137,0.9326,0.2624,0.3394,9.5673,PepSet_dimer_output_esmfold2_fast,2aq9,0.219,0.111,9.567,4.413
2aq9,42,4,0.9397,0.3324,0.9131,0.9322,0.2681,0.314,9.6717,PepSet_dimer_output_esmfold2_fast,2aq9,0.197,0.056,9.672,4.487
2aq9,43,0,0.9402,0.3674,0.9151,0.9357,0.3147,0.3148,8.3193,PepSet_dimer_output_esmfold2_fast,2aq9,0.237,0.056,8.319,3.654
2aq9,43,1,0.9385,0.3402,0.9123,0.9316,0.2675,0.307,8.5317,PepSet_dimer_output_esmfold2_fast,2aq9,0.265,0.167,8.532,3.88
2aq9,43,2,0.9408,0.3572,0.9152,0.9336,0.2816,0.3662,10.9769,PepSet_dimer_output_esmfold2_fast,2aq9,0.226,0.222,10.977,5.072
2aq9,43,3,0.9376,0.3451,0.9117,0.9307,0.2511,0.3248,9.4258,PepSet_dimer_output_esmfold2_fast,2aq9,0.206,0.056,9.426,4.185
2aq9,43,4,0.939,0.3341,0.9125,0.9308,0.2636,0.3547,8.409,PepSet_dimer_output_esmfold2_fast,2aq9,0.251,0.111,8.409,3.767
2aq9,44,0,0.9387,0.3489,0.9129,0.9313,0.2672,0.3433,10.3811,PepSet_dimer_output_esmfold2_fast,2aq9,0.218,0.167,10.381,4.916
2aq9,44,1,0.9391,0.3561,0.9136,0.9324,0.2815,0.3263,10.3992,PepSet_dimer_output_esmfold2_fast,2aq9,0.218,0.167,10.399,4.847
2aq9,44,2,0.9402,0.3382,0.9139,0.9328,0.2911,0.3586,9.3502,PepSet_dimer_output_esmfold2_fast,2aq9,0.207,0.056,9.35,4.233
2aq9,44,3,0.9396,0.3104,0.9121,0.9313,0.2319,0.4081,11.2806,PepSet_dimer_output_esmfold2_fast,2aq9,0.165,0.056,11.281,5.152
2aq9,44,4,0.9388,0.3626,0.9136,0.9341,0.3009,0.4098,9.2495,PepSet_dimer_output_esmfold2_fast,2aq9,0.245,0.167,9.25,4.278
2c3i,42,0,0.9526,0.8971,0.951,0.9757,0.976,0.6565,0.6364,PepSet_dimer_output_esmfold2_fast,2c3i,0.964,0.923,0.636,0.237
2c3i,42,1,0.9545,0.8951,0.9528,0.9767,0.9754,0.6721,0.6317,PepSet_dimer_output_esmfold2_fast,2c3i,0.964,0.923,0.632,0.243
2c3i,42,2,0.9518,0.8929,0.9501,0.9756,0.9742,0.6663,0.5929,PepSet_dimer_output_esmfold2_fast,2c3i,0.957,0.897,0.593,0.229
2c3i,42,3,0.9512,0.8923,0.9495,0.9751,0.9755,0.7163,0.7204,PepSet_dimer_output_esmfold2_fast,2c3i,0.959,0.923,0.72,0.297
2c3i,42,4,0.952,0.8941,0.9503,0.9752,0.9747,0.6827,0.6386,PepSet_dimer_output_esmfold2_fast,2c3i,0.956,0.897,0.639,0.238
2c3i,43,0,0.9522,0.8939,0.9505,0.9756,0.9751,0.6061,0.8284,PepSet_dimer_output_esmfold2_fast,2c3i,0.957,0.923,0.828,0.314
2c3i,43,1,0.9511,0.8946,0.9494,0.9757,0.9754,0.667,0.7545,PepSet_dimer_output_esmfold2_fast,2c3i,0.961,0.923,0.754,0.269
2c3i,43,2,0.949,0.8964,0.9475,0.9747,0.9745,0.5853,0.6516,PepSet_dimer_output_esmfold2_fast,2c3i,0.954,0.897,0.652,0.256
2c3i,43,3,0.9519,0.8921,0.9501,0.9755,0.9746,0.6759,0.5729,PepSet_dimer_output_esmfold2_fast,2c3i,0.965,0.923,0.573,0.233
2c3i,43,4,0.9518,0.8918,0.95,0.9752,0.9743,0.6804,0.663,PepSet_dimer_output_esmfold2_fast,2c3i,0.954,0.897,0.663,0.257
2c3i,44,0,0.9515,0.8966,0.9499,0.9759,0.9742,0.6586,0.5931,PepSet_dimer_output_esmfold2_fast,2c3i,0.956,0.897,0.593,0.243
2c3i,44,1,0.9524,0.8971,0.9508,0.9758,0.9759,0.7374,0.6483,PepSet_dimer_output_esmfold2_fast,2c3i,0.963,0.923,0.648,0.253
2c3i,44,2,0.9525,0.8953,0.9508,0.976,0.9755,0.6836,0.6015,PepSet_dimer_output_esmfold2_fast,2c3i,0.956,0.897,0.601,0.231
2c3i,44,3,0.9514,0.897,0.9498,0.9749,0.9756,0.6596,0.627,PepSet_dimer_output_esmfold2_fast,2c3i,0.955,0.897,0.627,0.248
2c3i,44,4,0.9516,0.8946,0.9499,0.9751,0.9736,0.7318,0.4938,PepSet_dimer_output_esmfold2_fast,2c3i,0.976,0.949,0.494,0.206
2cch,42,0,0.9554,0.7689,0.9472,0.9661,0.8537,0.5497,2.3869,PepSet_dimer_output_esmfold2_fast,2cch,0.852,0.93,2.387,0.987
2cch,42,1,0.9558,0.792,0.9485,0.9668,0.8784,1.4124,0.7282,PepSet_dimer_output_esmfold2_fast,2cch,0.98,0.977,0.728,0.259
2cch,42,2,0.956,0.788,0.9486,0.9671,0.8739,1.4534,0.7613,PepSet_dimer_output_esmfold2_fast,2cch,0.978,0.977,0.761,0.279
2cch,42,3,0.9542,0.7914,0.947,0.9634,0.8765,1.773,1.0581,PepSet_dimer_output_esmfold2_fast,2cch,0.977,1.0,1.058,0.356
2cch,42,4,0.9552,0.789,0.9479,0.966,0.8743,1.5106,1.1544,PepSet_dimer_output_esmfold2_fast,2cch,0.962,0.977,1.154,0.422
2cch,43,0,0.956,0.7832,0.9484,0.9674,0.8732,1.3133,1.1596,PepSet_dimer_output_esmfold2_fast,2cch,0.939,0.93,1.16,0.488
2cch,43,1,0.9557,0.7899,0.9484,0.9673,0.8781,1.5135,0.803,PepSet_dimer_output_esmfold2_fast,2cch,0.979,0.977,0.803,0.271
2cch,43,2,0.9558,0.792,0.9486,0.9668,0.8791,1.3878,0.796,PepSet_dimer_output_esmfold2_fast,2cch,0.98,0.977,0.796,0.251
2cch,43,3,0.9556,0.7896,0.9482,0.9664,0.8776,1.1677,0.8229,PepSet_dimer_output_esmfold2_fast,2cch,0.964,0.953,0.823,0.354
2cch,43,4,0.9544,0.7914,0.9472,0.964,0.879,1.4347,0.8855,PepSet_dimer_output_esmfold2_fast,2cch,0.974,0.977,0.886,0.323
2cch,44,0,0.9559,0.7878,0.9485,0.9676,0.8763,1.447,0.7604,PepSet_dimer_output_esmfold2_fast,2cch,0.981,0.977,0.76,0.248
2cch,44,1,0.9485,0.7661,0.9404,0.9575,0.8544,2.7867,2.3422,PepSet_dimer_output_esmfold2_fast,2cch,0.862,0.907,2.342,0.865
2cch,44,2,0.9559,0.7708,0.9478,0.9665,0.854,1.1868,2.1417,PepSet_dimer_output_esmfold2_fast,2cch,0.86,0.907,2.142,0.905
2cch,44,3,0.9557,0.7915,0.9485,0.9669,0.8781,1.0909,0.6003,PepSet_dimer_output_esmfold2_fast,2cch,0.982,0.977,0.6,0.246
2cch,44,4,0.9559,0.7881,0.9485,0.9676,0.8786,1.0721,0.5524,PepSet_dimer_output_esmfold2_fast,2cch,0.978,0.953,0.552,0.193
2cny,42,0,0.9554,0.9478,0.9544,0.9567,0.9527,0.629,0.4031,PepSet_dimer_output_esmfold2_fast,2cny,0.944,0.979,0.403,0.614
2cny,42,1,0.9563,0.9481,0.9552,0.9579,0.9535,0.6213,0.4469,PepSet_dimer_output_esmfold2_fast,2cny,0.938,0.958,0.447,0.613
2cny,42,2,0.9557,0.9491,0.9548,0.9572,0.9541,0.6144,0.47,PepSet_dimer_output_esmfold2_fast,2cny,0.945,0.979,0.47,0.608
2cny,42,3,0.956,0.9491,0.955,0.9571,0.9541,0.601,0.4702,PepSet_dimer_output_esmfold2_fast,2cny,0.944,0.969,0.47,0.59
2cny,42,4,0.9529,0.9449,0.9518,0.9556,0.9519,0.7062,0.4964,PepSet_dimer_output_esmfold2_fast,2cny,0.928,0.969,0.496,0.709
2cny,43,0,0.9566,0.9477,0.9554,0.958,0.9542,0.6239,0.4761,PepSet_dimer_output_esmfold2_fast,2cny,0.943,0.969,0.476,0.6
2cny,43,1,0.9556,0.9481,0.9546,0.9573,0.9527,0.6696,0.5473,PepSet_dimer_output_esmfold2_fast,2cny,0.933,0.969,0.547,0.668
2cny,43,2,0.9549,0.9476,0.9539,0.9563,0.9522,0.6947,0.5337,PepSet_dimer_output_esmfold2_fast,2cny,0.927,0.958,0.534,0.686
2cny,43,3,0.9539,0.9475,0.9531,0.9559,0.953,0.5738,0.4008,PepSet_dimer_output_esmfold2_fast,2cny,0.949,0.969,0.401,0.553
2cny,43,4,0.9561,0.9488,0.9551,0.9573,0.9537,0.5983,0.5567,PepSet_dimer_output_esmfold2_fast,2cny,0.943,0.969,0.557,0.597
2cny,44,0,0.9551,0.9478,0.9541,0.957,0.9521,0.7069,0.5941,PepSet_dimer_output_esmfold2_fast,2cny,0.927,0.969,0.594,0.707
2cny,44,1,0.9548,0.9467,0.9537,0.9571,0.955,0.6637,0.5143,PepSet_dimer_output_esmfold2_fast,2cny,0.939,0.979,0.514,0.653
2cny,44,2,0.9563,0.9495,0.9554,0.9581,0.9542,0.6004,0.4566,PepSet_dimer_output_esmfold2_fast,2cny,0.945,0.969,0.457,0.58
2cny,44,3,0.9566,0.9496,0.9557,0.9577,0.9548,0.6595,0.5065,PepSet_dimer_output_esmfold2_fast,2cny,0.935,0.969,0.506,0.655
2cny,44,4,0.956,0.9497,0.9551,0.9576,0.9545,0.6073,0.4324,PepSet_dimer_output_esmfold2_fast,2cny,0.947,0.979,0.432,0.595
2e4h,42,0,0.7914,0.561,0.769,0.7294,0.5853,1.1573,2.3783,PepSet_dimer_output_esmfold2_fast,2e4h,0.731,0.68,2.378,1.265
2e4h,42,1,0.782,0.5454,0.7589,0.7175,0.5648,1.2012,3.9181,PepSet_dimer_output_esmfold2_fast,2e4h,0.678,0.76,3.918,1.661
2e4h,42,2,0.8003,0.557,0.7765,0.7351,0.5853,1.0516,3.8537,PepSet_dimer_output_esmfold2_fast,2e4h,0.705,0.8,3.854,1.548
2e4h,42,3,0.78,0.5464,0.7572,0.7147,0.5608,1.0185,6.6795,PepSet_dimer_output_esmfold2_fast,2e4h,0.508,0.64,6.68,2.49
2e4h,42,4,0.7886,0.5484,0.7652,0.7236,0.5809,1.2021,6.6359,PepSet_dimer_output_esmfold2_fast,2e4h,0.538,0.72,6.636,2.447
2e4h,43,0,0.7716,0.5082,0.7459,0.7005,0.5694,1.2881,10.3128,PepSet_dimer_output_esmfold2_fast,2e4h,0.431,0.72,10.313,3.325
2e4h,43,1,0.7759,0.5527,0.7541,0.7103,0.5839,1.1839,4.4015,PepSet_dimer_output_esmfold2_fast,2e4h,0.651,0.72,4.402,1.676
2e4h,43,2,0.7859,0.5474,0.7627,0.721,0.5683,1.0806,6.3278,PepSet_dimer_output_esmfold2_fast,2e4h,0.552,0.72,6.328,2.341
2e4h,43,3,0.783,0.5567,0.7609,0.7206,0.5852,1.1132,4.1086,PepSet_dimer_output_esmfold2_fast,2e4h,0.679,0.76,4.109,1.6
2e4h,43,4,0.7898,0.54,0.7654,0.7256,0.5643,1.2203,4.725,PepSet_dimer_output_esmfold2_fast,2e4h,0.617,0.68,4.725,1.809
2e4h,44,0,0.7924,0.5496,0.7687,0.7265,0.5784,1.2056,2.367,PepSet_dimer_output_esmfold2_fast,2e4h,0.754,0.76,2.367,1.296
2e4h,44,1,0.784,0.5456,0.7607,0.7181,0.5829,1.1679,8.33,PepSet_dimer_output_esmfold2_fast,2e4h,0.482,0.72,8.33,2.861
2e4h,44,2,0.7622,0.5301,0.7396,0.6981,0.5496,1.2369,7.1695,PepSet_dimer_output_esmfold2_fast,2e4h,0.533,0.76,7.169,2.562
2e4h,44,3,0.7745,0.5383,0.7515,0.7116,0.5729,1.1335,6.5271,PepSet_dimer_output_esmfold2_fast,2e4h,0.591,0.84,6.527,2.268
2e4h,44,4,0.7668,0.5382,0.7445,0.6989,0.5494,1.3587,8.9629,PepSet_dimer_output_esmfold2_fast,2e4h,0.444,0.68,8.963,3.226
2fgr,42,0,0.9222,0.3324,0.9083,0.9352,0.4316,0.8806,21.6838,PepSet_dimer_output_esmfold2_fast,2fgr,0.054,0.0,21.684,8.705
2fgr,42,1,0.9227,0.3535,0.9093,0.9376,0.4538,0.8235,21.2096,PepSet_dimer_output_esmfold2_fast,2fgr,0.069,0.038,21.21,8.529
2fgr,42,2,0.9376,0.3253,0.9232,0.9445,0.4061,0.6259,25.1797,PepSet_dimer_output_esmfold2_fast,2fgr,0.041,0.0,25.18,10.021
2fgr,42,3,0.9205,0.3387,0.9068,0.9339,0.4369,0.7738,26.6926,PepSet_dimer_output_esmfold2_fast,2fgr,0.037,0.0,26.693,10.806
2fgr,42,4,0.9342,0.3898,0.9214,0.9444,0.5162,0.8066,22.0061,PepSet_dimer_output_esmfold2_fast,2fgr,0.052,0.0,22.006,8.951
2fgr,43,0,0.9358,0.3457,0.9219,0.9442,0.4349,0.7879,25.8782,PepSet_dimer_output_esmfold2_fast,2fgr,0.039,0.0,25.878,10.429
2fgr,43,1,0.9361,0.3554,0.9224,0.9452,0.4592,0.794,19.6358,PepSet_dimer_output_esmfold2_fast,2fgr,0.064,0.0,19.636,7.92
2fgr,43,2,0.9357,0.3313,0.9215,0.9451,0.4374,0.7701,27.4682,PepSet_dimer_output_esmfold2_fast,2fgr,0.035,0.0,27.468,11.27
2fgr,43,3,0.9358,0.3471,0.922,0.9449,0.4564,0.7284,20.8764,PepSet_dimer_output_esmfold2_fast,2fgr,0.071,0.038,20.876,8.384
2fgr,43,4,0.9384,0.3409,0.9244,0.9469,0.4497,0.691,27.6661,PepSet_dimer_output_esmfold2_fast,2fgr,0.034,0.0,27.666,11.361
2fgr,44,0,0.921,0.3134,0.9067,0.9346,0.3953,0.818,19.1633,PepSet_dimer_output_esmfold2_fast,2fgr,0.08,0.038,19.163,7.67
2fgr,44,1,0.9341,0.3081,0.9194,0.9428,0.3953,0.6843,19.323,PepSet_dimer_output_esmfold2_fast,2fgr,0.078,0.038,19.323,8.071
2fgr,44,2,0.9313,0.2993,0.9164,0.9406,0.3758,0.7485,16.2671,PepSet_dimer_output_esmfold2_fast,2fgr,0.101,0.038,16.267,6.44
2fgr,44,3,0.9405,0.3502,0.9266,0.9489,0.4516,0.6679,20.5997,PepSet_dimer_output_esmfold2_fast,2fgr,0.072,0.038,20.6,8.27
2fgr,44,4,0.9319,0.306,0.9172,0.9404,0.3972,0.8968,28.2124,PepSet_dimer_output_esmfold2_fast,2fgr,0.034,0.0,28.212,11.206
2fka,42,0,0.9126,0.8188,0.9058,0.9184,0.8135,0.2596,1.237,PepSet_dimer_output_esmfold2_fast,2fka,0.956,1.0,1.237,0.532
2fka,42,1,0.9142,0.8278,0.9079,0.9204,0.8241,0.2795,1.5594,PepSet_dimer_output_esmfold2_fast,2fka,0.922,0.952,1.559,0.643
2fka,42,2,0.9105,0.8219,0.9041,0.9162,0.8141,0.2691,1.3323,PepSet_dimer_output_esmfold2_fast,2fka,0.934,0.952,1.332,0.573
2fka,42,3,0.9346,0.8742,0.9303,0.9392,0.872,0.6299,1.3152,PepSet_dimer_output_esmfold2_fast,2fka,0.902,0.952,1.315,0.802
2fka,42,4,0.908,0.822,0.9018,0.915,0.8158,0.2648,1.3099,PepSet_dimer_output_esmfold2_fast,2fka,0.951,1.0,1.31,0.568
2fka,43,0,0.9324,0.8675,0.9277,0.9375,0.8659,0.5641,1.3811,PepSet_dimer_output_esmfold2_fast,2fka,0.905,0.952,1.381,0.781
2fka,43,1,0.93,0.8656,0.9253,0.9346,0.8623,0.4892,1.5307,PepSet_dimer_output_esmfold2_fast,2fka,0.883,0.905,1.531,0.81
2fka,43,2,0.9162,0.8164,0.9089,0.9222,0.8075,0.3304,2.1141,PepSet_dimer_output_esmfold2_fast,2fka,0.886,0.952,2.114,0.836
2fka,43,3,0.9107,0.8225,0.9043,0.9187,0.8188,0.3306,1.043,PepSet_dimer_output_esmfold2_fast,2fka,0.943,0.952,1.043,0.526
2fka,43,4,0.9196,0.832,0.9132,0.9258,0.8278,0.282,1.5713,PepSet_dimer_output_esmfold2_fast,2fka,0.923,0.952,1.571,0.635
2fka,44,0,0.9141,0.8236,0.9076,0.9224,0.8243,0.3558,1.2352,PepSet_dimer_output_esmfold2_fast,2fka,0.929,0.952,1.235,0.617
2fka,44,1,0.939,0.8813,0.9348,0.9435,0.8803,0.5974,1.3141,PepSet_dimer_output_esmfold2_fast,2fka,0.904,0.952,1.314,0.792
2fka,44,2,0.9187,0.8468,0.9135,0.9232,0.8426,0.433,1.204,PepSet_dimer_output_esmfold2_fast,2fka,0.92,0.952,1.204,0.682
2fka,44,3,0.9274,0.8465,0.9215,0.9331,0.8461,0.527,1.759,PepSet_dimer_output_esmfold2_fast,2fka,0.891,0.952,1.759,0.837
2fka,44,4,0.9127,0.8251,0.9064,0.9193,0.8242,0.2813,1.4637,PepSet_dimer_output_esmfold2_fast,2fka,0.926,0.952,1.464,0.621
2hpl,42,0,0.9544,0.8823,0.951,0.9609,0.8809,0.3421,0.6036,PepSet_dimer_output_esmfold2_fast,2hpl,0.988,1.0,0.604,0.266
2hpl,42,1,0.9513,0.8761,0.9477,0.9574,0.8742,0.5779,0.6299,PepSet_dimer_output_esmfold2_fast,2hpl,0.957,0.913,0.63,0.289
2hpl,42,2,0.9552,0.8767,0.9515,0.9609,0.8716,0.3069,0.4465,PepSet_dimer_output_esmfold2_fast,2hpl,0.977,0.957,0.446,0.231
2hpl,42,3,0.9549,0.8758,0.9511,0.961,0.8675,0.3068,0.5942,PepSet_dimer_output_esmfold2_fast,2hpl,0.96,0.913,0.594,0.259
2hpl,42,4,0.9518,0.8799,0.9483,0.9576,0.8745,0.658,0.5867,PepSet_dimer_output_esmfold2_fast,2hpl,0.974,0.957,0.587,0.269
2hpl,43,0,0.9557,0.8821,0.9522,0.9617,0.8786,0.3286,0.7089,PepSet_dimer_output_esmfold2_fast,2hpl,0.969,0.957,0.709,0.316
2hpl,43,1,0.9554,0.8706,0.9513,0.9618,0.871,0.3512,0.7101,PepSet_dimer_output_esmfold2_fast,2hpl,0.955,0.913,0.71,0.311
2hpl,43,2,0.9546,0.8631,0.9502,0.9608,0.8672,0.3509,0.8164,PepSet_dimer_output_esmfold2_fast,2hpl,0.954,0.913,0.816,0.316
2hpl,43,3,0.9542,0.878,0.9506,0.9606,0.8745,0.3512,0.6023,PepSet_dimer_output_esmfold2_fast,2hpl,0.96,0.913,0.602,0.259
2hpl,43,4,0.9551,0.8754,0.9513,0.9611,0.8674,0.34,0.6674,PepSet_dimer_output_esmfold2_fast,2hpl,0.957,0.913,0.667,0.284
2hpl,44,0,0.9548,0.871,0.9508,0.9612,0.874,0.3442,0.7589,PepSet_dimer_output_esmfold2_fast,2hpl,0.955,0.913,0.759,0.303
2hpl,44,1,0.9552,0.8755,0.9514,0.9604,0.8661,0.3396,0.6816,PepSet_dimer_output_esmfold2_fast,2hpl,0.955,0.913,0.682,0.317
2hpl,44,2,0.9542,0.8804,0.9506,0.9601,0.876,0.334,0.4544,PepSet_dimer_output_esmfold2_fast,2hpl,0.992,1.0,0.454,0.223
2hpl,44,3,0.9532,0.7928,0.9455,0.9556,0.8168,0.3251,3.0157,PepSet_dimer_output_esmfold2_fast,2hpl,0.841,0.913,3.016,0.934
2hpl,44,4,0.9548,0.8651,0.9505,0.9608,0.8622,0.3189,0.8142,PepSet_dimer_output_esmfold2_fast,2hpl,0.954,0.913,0.814,0.318
2ht9,42,0,0.8848,0.3432,0.8288,0.8593,0.1615,2.4616,23.8583,PepSet_dimer_output_esmfold2_fast,2ht9,0.049,0.0,23.858,7.882
2ht9,42,1,0.8837,0.3155,0.8249,0.854,0.1303,1.31,21.5074,PepSet_dimer_output_esmfold2_fast,2ht9,0.059,0.0,21.507,7.068
2ht9,42,2,0.8818,0.3162,0.8233,0.8525,0.126,2.4747,24.2535,PepSet_dimer_output_esmfold2_fast,2ht9,0.044,0.0,24.253,9.917
2ht9,42,3,0.886,0.3339,0.8289,0.8594,0.1659,2.5887,26.2059,PepSet_dimer_output_esmfold2_fast,2ht9,0.042,0.0,26.206,8.587
2ht9,42,4,0.8836,0.3142,0.8247,0.8517,0.1137,2.4088,8.895,PepSet_dimer_output_esmfold2_fast,2ht9,0.331,0.364,8.895,3.553
2ht9,43,0,0.8795,0.3418,0.8239,0.8537,0.1733,1.6773,26.8669,PepSet_dimer_output_esmfold2_fast,2ht9,0.041,0.0,26.867,8.413
2ht9,43,1,0.8848,0.3371,0.8281,0.8582,0.143,2.5867,26.7945,PepSet_dimer_output_esmfold2_fast,2ht9,0.038,0.0,26.794,9.972
2ht9,43,2,0.8875,0.3408,0.8309,0.8566,0.1563,2.201,26.173,PepSet_dimer_output_esmfold2_fast,2ht9,0.041,0.0,26.173,8.807
2ht9,43,3,0.8835,0.3144,0.8246,0.8568,0.1229,2.5,27.4967,PepSet_dimer_output_esmfold2_fast,2ht9,0.037,0.0,27.497,9.876
2ht9,43,4,0.8823,0.3013,0.8222,0.8524,0.1065,2.3965,18.3209,PepSet_dimer_output_esmfold2_fast,2ht9,0.165,0.273,18.321,6.929
2ht9,44,0,0.8827,0.3434,0.8269,0.8572,0.1622,2.5389,25.7925,PepSet_dimer_output_esmfold2_fast,2ht9,0.042,0.0,25.792,8.683
2ht9,44,1,0.8843,0.3696,0.8311,0.8564,0.1903,2.6293,25.9397,PepSet_dimer_output_esmfold2_fast,2ht9,0.042,0.0,25.94,8.572
2ht9,44,2,0.8837,0.4151,0.8353,0.8561,0.2504,1.5302,24.0113,PepSet_dimer_output_esmfold2_fast,2ht9,0.049,0.0,24.011,7.821
2ht9,44,3,0.88,0.3223,0.8223,0.8521,0.1468,2.3398,24.7699,PepSet_dimer_output_esmfold2_fast,2ht9,0.047,0.0,24.77,7.915
2ht9,44,4,0.8828,0.3115,0.8237,0.8539,0.1175,2.4626,27.5737,PepSet_dimer_output_esmfold2_fast,2ht9,0.038,0.0,27.574,9.097
2i94,42,0,0.848,0.6318,0.8305,0.8415,0.6925,2.8139,13.1383,PepSet_dimer_output_esmfold2_fast,2i94,0.159,0.128,13.138,6.299
2i94,42,1,0.8503,0.6349,0.8329,0.8426,0.6986,2.8896,12.8382,PepSet_dimer_output_esmfold2_fast,2i94,0.162,0.128,12.838,6.263
2i94,42,2,0.8585,0.6583,0.8423,0.8558,0.7216,2.6336,13.0303,PepSet_dimer_output_esmfold2_fast,2i94,0.167,0.149,13.03,6.268
2i94,42,3,0.8503,0.6457,0.8338,0.8512,0.7109,2.7892,12.7571,PepSet_dimer_output_esmfold2_fast,2i94,0.17,0.149,12.757,6.233
2i94,42,4,0.8512,0.6302,0.8334,0.8427,0.6844,2.8964,13.0357,PepSet_dimer_output_esmfold2_fast,2i94,0.167,0.149,13.036,6.343
2i94,43,0,0.8589,0.6556,0.8425,0.8565,0.72,2.7625,12.9621,PepSet_dimer_output_esmfold2_fast,2i94,0.154,0.106,12.962,6.304
2i94,43,1,0.8425,0.6203,0.8245,0.842,0.6907,2.6736,13.1399,PepSet_dimer_output_esmfold2_fast,2i94,0.159,0.128,13.14,6.311
2i94,43,2,0.8541,0.6382,0.8367,0.8493,0.6979,2.7423,12.7739,PepSet_dimer_output_esmfold2_fast,2i94,0.17,0.149,12.774,6.222
2i94,43,3,0.8544,0.6378,0.8369,0.8499,0.6967,2.6279,13.1311,PepSet_dimer_output_esmfold2_fast,2i94,0.159,0.128,13.131,6.357
2i94,43,4,0.8596,0.6464,0.8424,0.8547,0.7122,2.8185,12.7057,PepSet_dimer_output_esmfold2_fast,2i94,0.164,0.128,12.706,6.226
2i94,44,0,0.851,0.6391,0.8339,0.849,0.6984,2.8237,13.0898,PepSet_dimer_output_esmfold2_fast,2i94,0.159,0.128,13.09,6.31
2i94,44,1,0.8545,0.6303,0.8364,0.8494,0.6913,2.576,12.9206,PepSet_dimer_output_esmfold2_fast,2i94,0.169,0.149,12.921,6.177
2i94,44,2,0.8534,0.6398,0.8361,0.8437,0.7147,2.7923,13.0581,PepSet_dimer_output_esmfold2_fast,2i94,0.166,0.149,13.058,6.351
2i94,44,3,0.8494,0.6283,0.8315,0.8413,0.6862,2.6859,13.0864,PepSet_dimer_output_esmfold2_fast,2i94,0.159,0.128,13.086,6.311
2i94,44,4,0.8418,0.5937,0.8217,0.8223,0.6676,2.9258,13.915,PepSet_dimer_output_esmfold2_fast,2i94,0.148,0.128,13.915,6.891
2ivz,42,0,0.9384,0.9151,0.9376,0.9605,0.9708,0.732,0.6017,PepSet_dimer_output_esmfold2_fast,2ivz,0.924,0.963,0.602,0.719
2ivz,42,1,0.9379,0.9113,0.9369,0.959,0.9692,0.814,1.0186,PepSet_dimer_output_esmfold2_fast,2ivz,0.915,0.944,1.019,0.715
2ivz,42,2,0.9378,0.9143,0.937,0.9595,0.9711,0.7751,0.9107,PepSet_dimer_output_esmfold2_fast,2ivz,0.912,0.963,0.911,0.783
2ivz,42,3,0.9387,0.9145,0.9378,0.9604,0.9708,0.8192,0.6839,PepSet_dimer_output_esmfold2_fast,2ivz,0.91,0.944,0.684,0.77
2ivz,42,4,0.9381,0.913,0.9372,0.9592,0.9702,0.7952,1.0213,PepSet_dimer_output_esmfold2_fast,2ivz,0.912,0.963,1.021,0.777
2ivz,43,0,0.9373,0.9152,0.9365,0.9595,0.9709,0.8204,0.8809,PepSet_dimer_output_esmfold2_fast,2ivz,0.916,0.963,0.881,0.758
2ivz,43,1,0.9369,0.9131,0.936,0.9598,0.9698,0.8361,0.9748,PepSet_dimer_output_esmfold2_fast,2ivz,0.915,0.963,0.975,0.76
2ivz,43,2,0.9388,0.9141,0.9379,0.9601,0.97,0.7693,0.8205,PepSet_dimer_output_esmfold2_fast,2ivz,0.92,0.963,0.821,0.738
2ivz,43,3,0.9384,0.9149,0.9375,0.9599,0.9707,0.7971,0.691,PepSet_dimer_output_esmfold2_fast,2ivz,0.916,0.963,0.691,0.773
2ivz,43,4,0.9343,0.9124,0.9335,0.9583,0.9698,0.856,1.0271,PepSet_dimer_output_esmfold2_fast,2ivz,0.892,0.944,1.027,0.876
2ivz,44,0,0.9378,0.9133,0.9369,0.9595,0.9697,0.8027,0.696,PepSet_dimer_output_esmfold2_fast,2ivz,0.916,0.963,0.696,0.768
2ivz,44,1,0.9384,0.9143,0.9375,0.96,0.9712,0.7909,0.8518,PepSet_dimer_output_esmfold2_fast,2ivz,0.919,0.963,0.852,0.738
2ivz,44,2,0.9374,0.9147,0.9366,0.96,0.9701,0.8194,0.7294,PepSet_dimer_output_esmfold2_fast,2ivz,0.915,0.944,0.729,0.733
2ivz,44,3,0.9372,0.913,0.9363,0.9582,0.9699,0.7862,0.8164,PepSet_dimer_output_esmfold2_fast,2ivz,0.921,0.963,0.816,0.725
2ivz,44,4,0.938,0.9072,0.9369,0.9586,0.9645,0.8073,1.2816,PepSet_dimer_output_esmfold2_fast,2ivz,0.894,0.944,1.282,0.843
2jkg,42,0,0.929,0.5643,0.9122,0.9261,0.492,0.8512,2.6816,PepSet_dimer_output_esmfold2_fast,2jkg,0.734,0.647,2.682,1.114
2jkg,42,1,0.9302,0.5775,0.9139,0.9287,0.5075,0.8426,2.7999,PepSet_dimer_output_esmfold2_fast,2jkg,0.738,0.706,2.8,1.207
2jkg,42,2,0.9303,0.5407,0.9123,0.9275,0.4549,0.8031,3.09,PepSet_dimer_output_esmfold2_fast,2jkg,0.73,0.706,3.09,1.225
2jkg,42,3,0.9301,0.557,0.9128,0.9273,0.4856,0.951,3.2144,PepSet_dimer_output_esmfold2_fast,2jkg,0.649,0.529,3.214,1.38
2jkg,42,4,0.9282,0.4411,0.9056,0.9203,0.276,0.718,13.8966,PepSet_dimer_output_esmfold2_fast,2jkg,0.17,0.176,13.897,5.811
2jkg,43,0,0.9304,0.5427,0.9124,0.9277,0.4546,0.7182,3.1788,PepSet_dimer_output_esmfold2_fast,2jkg,0.726,0.706,3.179,1.238
2jkg,43,1,0.9307,0.5705,0.914,0.9293,0.4821,0.7207,3.7278,PepSet_dimer_output_esmfold2_fast,2jkg,0.669,0.647,3.728,1.435
2jkg,43,2,0.9266,0.4295,0.9036,0.9176,0.2647,0.7632,15.3934,PepSet_dimer_output_esmfold2_fast,2jkg,0.155,0.176,15.393,6.228
2jkg,43,3,0.9292,0.46,0.9075,0.9222,0.3096,0.7685,13.4315,PepSet_dimer_output_esmfold2_fast,2jkg,0.195,0.235,13.432,5.709
2jkg,43,4,0.9287,0.5473,0.911,0.9261,0.4542,0.7326,3.1657,PepSet_dimer_output_esmfold2_fast,2jkg,0.726,0.706,3.166,1.238
2jkg,44,0,0.9316,0.5896,0.9158,0.9309,0.5236,0.7054,3.2145,PepSet_dimer_output_esmfold2_fast,2jkg,0.726,0.706,3.215,1.233
2jkg,44,1,0.9315,0.5772,0.9151,0.9301,0.4923,0.6596,3.3578,PepSet_dimer_output_esmfold2_fast,2jkg,0.675,0.588,3.358,1.295
2jkg,44,2,0.9293,0.5334,0.911,0.9267,0.448,0.7476,2.7099,PepSet_dimer_output_esmfold2_fast,2jkg,0.712,0.588,2.71,1.123
2jkg,44,3,0.9317,0.5874,0.9158,0.9289,0.5246,0.9458,2.0726,PepSet_dimer_output_esmfold2_fast,2jkg,0.744,0.588,2.073,0.982
2jkg,44,4,0.9286,0.4656,0.9072,0.9212,0.312,0.7823,13.6641,PepSet_dimer_output_esmfold2_fast,2jkg,0.192,0.235,13.664,5.833
2jnw,42,0,0.9262,0.776,0.9132,0.9351,0.8417,0.808,2.4538,PepSet_dimer_output_esmfold2_fast,2jnw,0.798,0.868,2.454,1.216
2jnw,42,1,0.9304,0.7628,0.9159,0.9364,0.8498,0.7791,2.0734,PepSet_dimer_output_esmfold2_fast,2jnw,0.808,0.842,2.073,1.131
2jnw,42,2,0.9311,0.7784,0.9179,0.9393,0.8495,0.7394,2.7185,PepSet_dimer_output_esmfold2_fast,2jnw,0.784,0.868,2.719,1.289
2jnw,42,3,0.9303,0.7574,0.9153,0.9367,0.8475,0.8163,2.1427,PepSet_dimer_output_esmfold2_fast,2jnw,0.814,0.868,2.143,1.144
2jnw,42,4,0.9303,0.7662,0.9161,0.9364,0.8406,0.8107,2.1606,PepSet_dimer_output_esmfold2_fast,2jnw,0.803,0.842,2.161,1.155
2jnw,43,0,0.9304,0.7575,0.9154,0.937,0.8454,0.7984,2.0901,PepSet_dimer_output_esmfold2_fast,2jnw,0.808,0.842,2.09,1.127
2jnw,43,1,0.9185,0.7609,0.9049,0.9324,0.849,0.9981,2.7918,PepSet_dimer_output_esmfold2_fast,2jnw,0.773,0.868,2.792,1.362
2jnw,43,2,0.9302,0.7683,0.9162,0.9367,0.8456,0.7695,1.9122,PepSet_dimer_output_esmfold2_fast,2jnw,0.819,0.842,1.912,1.067
2jnw,43,3,0.9308,0.7755,0.9173,0.9386,0.8518,0.7929,3.1445,PepSet_dimer_output_esmfold2_fast,2jnw,0.753,0.868,3.145,1.466
2jnw,43,4,0.9289,0.7719,0.9153,0.9372,0.8438,0.8006,2.2309,PepSet_dimer_output_esmfold2_fast,2jnw,0.8,0.842,2.231,1.167
2jnw,44,0,0.9294,0.7733,0.9158,0.9364,0.8429,0.7732,2.2984,PepSet_dimer_output_esmfold2_fast,2jnw,0.805,0.868,2.298,1.186
2jnw,44,1,0.9293,0.7707,0.9156,0.9368,0.8444,0.8179,2.6704,PepSet_dimer_output_esmfold2_fast,2jnw,0.775,0.842,2.67,1.293
2jnw,44,2,0.931,0.7403,0.9145,0.9356,0.8537,0.8201,3.7627,PepSet_dimer_output_esmfold2_fast,2jnw,0.723,0.895,3.763,1.7
2jnw,44,3,0.9293,0.7712,0.9156,0.9369,0.8359,0.7832,2.5068,PepSet_dimer_output_esmfold2_fast,2jnw,0.784,0.842,2.507,1.252
2jnw,44,4,0.926,0.6736,0.9042,0.9259,0.8406,0.7312,7.5904,PepSet_dimer_output_esmfold2_fast,2jnw,0.517,0.816,7.59,3.204
2jqk,42,0,0.9031,0.809,0.8877,0.8968,0.8087,0.9733,3.6671,PepSet_dimer_output_esmfold2_fast,2jqk,0.736,0.917,3.667,1.663
2jqk,42,1,0.892,0.8048,0.8778,0.8786,0.803,1.0774,3.7924,PepSet_dimer_output_esmfold2_fast,2jqk,0.733,0.917,3.792,1.665
2jqk,42,2,0.8966,0.7996,0.8808,0.884,0.7976,1.0016,3.3248,PepSet_dimer_output_esmfold2_fast,2jqk,0.759,0.917,3.325,1.525
2jqk,42,3,0.8949,0.8021,0.8798,0.8863,0.8024,1.0256,3.2736,PepSet_dimer_output_esmfold2_fast,2jqk,0.758,0.917,3.274,1.542
2jqk,42,4,0.8951,0.7958,0.879,0.8848,0.7976,0.9592,3.1572,PepSet_dimer_output_esmfold2_fast,2jqk,0.77,0.917,3.157,1.46
2jqk,43,0,0.8985,0.8076,0.8837,0.8909,0.8034,0.9685,3.4355,PepSet_dimer_output_esmfold2_fast,2jqk,0.752,0.917,3.435,1.558
2jqk,43,1,0.9022,0.8107,0.8873,0.8972,0.8201,0.9293,3.2627,PepSet_dimer_output_esmfold2_fast,2jqk,0.761,0.917,3.263,1.511
2jqk,43,2,0.8974,0.8098,0.8831,0.8868,0.8097,0.9751,3.5828,PepSet_dimer_output_esmfold2_fast,2jqk,0.745,0.917,3.583,1.598
2jqk,43,3,0.8978,0.8028,0.8823,0.8877,0.799,0.9338,3.4093,PepSet_dimer_output_esmfold2_fast,2jqk,0.752,0.917,3.409,1.567
2jqk,43,4,0.8949,0.8062,0.8804,0.8857,0.8068,0.9432,3.3854,PepSet_dimer_output_esmfold2_fast,2jqk,0.756,0.917,3.385,1.538
2jqk,44,0,0.8969,0.8083,0.8825,0.8884,0.8095,0.9882,3.3715,PepSet_dimer_output_esmfold2_fast,2jqk,0.754,0.917,3.371,1.554
2jqk,44,1,0.8925,0.8033,0.878,0.88,0.8008,0.9812,3.507,PepSet_dimer_output_esmfold2_fast,2jqk,0.747,0.917,3.507,1.591
2jqk,44,2,0.8933,0.8001,0.8781,0.8811,0.7992,0.9746,3.8073,PepSet_dimer_output_esmfold2_fast,2jqk,0.727,0.917,3.807,1.726
2jqk,44,3,0.9012,0.8133,0.8869,0.8926,0.8195,1.0737,3.2629,PepSet_dimer_output_esmfold2_fast,2jqk,0.757,0.917,3.263,1.555
2jqk,44,4,0.8968,0.7807,0.8779,0.8798,0.7573,0.923,3.6762,PepSet_dimer_output_esmfold2_fast,2jqk,0.726,0.875,3.676,1.621
2ka9,42,0,0.7983,0.6007,0.7893,0.505,0.6147,14.8674,34.8799,PepSet_dimer_output_esmfold2_fast,2ka9,0.025,0.0,34.88,10.81
2ka9,42,1,0.7963,0.5765,0.7863,0.4982,0.5788,14.9215,40.1311,PepSet_dimer_output_esmfold2_fast,2ka9,0.02,0.0,40.131,11.436
2ka9,42,2,0.7965,0.5488,0.7852,0.5072,0.5286,15.3416,36.6622,PepSet_dimer_output_esmfold2_fast,2ka9,0.022,0.0,36.662,12.231
2ka9,42,3,0.7984,0.551,0.7871,0.5083,0.5257,15.0171,35.1648,PepSet_dimer_output_esmfold2_fast,2ka9,0.024,0.0,35.165,11.539
2ka9,42,4,0.7937,0.5458,0.7824,0.5022,0.5231,15.3089,36.3673,PepSet_dimer_output_esmfold2_fast,2ka9,0.023,0.0,36.367,11.634
2ka9,43,0,0.8093,0.5348,0.7968,0.4917,0.5157,10.9152,43.8166,PepSet_dimer_output_esmfold2_fast,2ka9,0.017,0.0,43.817,12.663
2ka9,43,1,0.7942,0.5999,0.7854,0.5053,0.6127,15.0072,32.2716,PepSet_dimer_output_esmfold2_fast,2ka9,0.029,0.0,32.272,10.153
2ka9,43,2,0.7942,0.5721,0.7841,0.5016,0.5567,15.3058,33.6692,PepSet_dimer_output_esmfold2_fast,2ka9,0.027,0.0,33.669,10.384
2ka9,43,3,0.7971,0.5882,0.7876,0.5049,0.6008,15.2242,32.8273,PepSet_dimer_output_esmfold2_fast,2ka9,0.028,0.0,32.827,10.349
2ka9,43,4,0.7957,0.5534,0.7847,0.501,0.558,14.8329,32.3493,PepSet_dimer_output_esmfold2_fast,2ka9,0.028,0.0,32.349,10.341
2ka9,44,0,0.8009,0.5861,0.7911,0.495,0.6028,13.2322,43.9628,PepSet_dimer_output_esmfold2_fast,2ka9,0.015,0.0,43.963,16.29
2ka9,44,1,0.8068,0.5759,0.7963,0.4839,0.5943,12.8299,52.8877,PepSet_dimer_output_esmfold2_fast,2ka9,0.011,0.0,52.888,16.818
2ka9,44,2,0.7976,0.5739,0.7874,0.5053,0.5899,15.1232,32.2107,PepSet_dimer_output_esmfold2_fast,2ka9,0.029,0.0,32.211,10.235
2ka9,44,3,0.8103,0.5865,0.8001,0.4807,0.5979,11.4963,53.1204,PepSet_dimer_output_esmfold2_fast,2ka9,0.011,0.0,53.12,16.465
2ka9,44,4,0.8,0.5835,0.7902,0.5128,0.5936,15.2221,32.6733,PepSet_dimer_output_esmfold2_fast,2ka9,0.028,0.0,32.673,10.201
2kbr,42,0,0.8461,0.7679,0.8317,0.8261,0.7601,1.2773,3.3693,PepSet_dimer_output_esmfold2_fast,2kbr,0.669,0.757,3.369,1.89
2kbr,42,1,0.847,0.765,0.832,0.828,0.763,1.171,3.4794,PepSet_dimer_output_esmfold2_fast,2kbr,0.658,0.73,3.479,1.881
2kbr,42,2,0.846,0.7527,0.8289,0.8247,0.7679,1.2334,3.3016,PepSet_dimer_output_esmfold2_fast,2kbr,0.696,0.784,3.302,1.71
2kbr,42,3,0.8344,0.7603,0.8208,0.8154,0.7448,1.3712,3.7224,PepSet_dimer_output_esmfold2_fast,2kbr,0.671,0.838,3.722,2.113
2kbr,42,4,0.8445,0.7682,0.8305,0.8248,0.7578,1.2356,2.9532,PepSet_dimer_output_esmfold2_fast,2kbr,0.698,0.757,2.953,1.671
2kbr,43,0,0.8504,0.7475,0.8315,0.831,0.7729,1.2373,3.1217,PepSet_dimer_output_esmfold2_fast,2kbr,0.701,0.784,3.122,1.703
2kbr,43,1,0.8485,0.7607,0.8323,0.8267,0.7639,1.2417,3.402,PepSet_dimer_output_esmfold2_fast,2kbr,0.68,0.784,3.402,1.864
2kbr,43,2,0.8498,0.7689,0.8349,0.8304,0.768,1.2422,3.2854,PepSet_dimer_output_esmfold2_fast,2kbr,0.681,0.757,3.285,1.775
2kbr,43,3,0.8462,0.7618,0.8307,0.8228,0.759,1.1915,3.5208,PepSet_dimer_output_esmfold2_fast,2kbr,0.659,0.73,3.521,1.859
2kbr,43,4,0.8486,0.7631,0.8329,0.8291,0.7639,1.6392,3.2584,PepSet_dimer_output_esmfold2_fast,2kbr,0.624,0.676,3.258,2.159
2kbr,44,0,0.8501,0.7673,0.8348,0.8291,0.7636,1.2008,3.1113,PepSet_dimer_output_esmfold2_fast,2kbr,0.692,0.757,3.111,1.706
2kbr,44,1,0.8501,0.7603,0.8336,0.829,0.768,1.1677,3.2563,PepSet_dimer_output_esmfold2_fast,2kbr,0.666,0.703,3.256,1.75
2kbr,44,2,0.841,0.7585,0.8258,0.817,0.7522,1.1943,3.2735,PepSet_dimer_output_esmfold2_fast,2kbr,0.675,0.73,3.274,1.743
2kbr,44,3,0.8472,0.7647,0.832,0.8267,0.7633,1.2964,3.042,PepSet_dimer_output_esmfold2_fast,2kbr,0.691,0.757,3.042,1.731
2kbr,44,4,0.8522,0.7714,0.8373,0.8311,0.7709,1.2124,3.1221,PepSet_dimer_output_esmfold2_fast,2kbr,0.69,0.757,3.122,1.716
2ke1,42,0,0.7087,0.72,0.7102,0.6031,0.6812,2.83,2.9086,PepSet_dimer_output_esmfold2_fast,2ke1,0.815,0.8,2.909,0.865
2ke1,42,1,0.712,0.729,0.7143,0.6058,0.6925,6.2092,5.2974,PepSet_dimer_output_esmfold2_fast,2ke1,0.719,0.78,5.297,1.082
2ke1,42,2,0.7057,0.7184,0.7073,0.5978,0.6874,5.3212,4.176,PepSet_dimer_output_esmfold2_fast,2ke1,0.787,0.84,4.176,0.949
2ke1,42,3,0.6902,0.65,0.6849,0.5683,0.5801,3.5575,4.0835,PepSet_dimer_output_esmfold2_fast,2ke1,0.656,0.76,4.083,1.853
2ke1,42,4,0.7178,0.7301,0.7195,0.613,0.6955,5.4243,4.5812,PepSet_dimer_output_esmfold2_fast,2ke1,0.705,0.84,4.581,1.5
2ke1,43,0,0.707,0.7261,0.7095,0.5936,0.6894,5.6825,2.6037,PepSet_dimer_output_esmfold2_fast,2ke1,0.708,0.8,2.604,1.806
2ke1,43,1,0.68,0.6653,0.6781,0.5661,0.6013,4.9063,1.7989,PepSet_dimer_output_esmfold2_fast,2ke1,0.659,0.7,1.799,2.184
2ke1,43,2,0.6981,0.7116,0.6999,0.587,0.6615,4.3393,4.3639,PepSet_dimer_output_esmfold2_fast,2ke1,0.633,0.76,4.364,2.054
2ke1,43,3,0.7003,0.7159,0.7024,0.5884,0.6677,4.9923,2.1535,PepSet_dimer_output_esmfold2_fast,2ke1,0.677,0.84,2.153,2.589
2ke1,43,4,0.701,0.7038,0.7013,0.5934,0.6602,3.1104,2.3457,PepSet_dimer_output_esmfold2_fast,2ke1,0.816,0.84,2.346,1.029
2ke1,44,0,0.6961,0.7018,0.6968,0.5788,0.6501,5.8499,4.1089,PepSet_dimer_output_esmfold2_fast,2ke1,0.67,0.82,4.109,1.92
2ke1,44,1,0.7062,0.7156,0.7074,0.5933,0.6654,6.6149,4.8182,PepSet_dimer_output_esmfold2_fast,2ke1,0.657,0.86,4.818,2.031
2ke1,44,2,0.7136,0.7251,0.7151,0.6044,0.6855,4.1398,3.7771,PepSet_dimer_output_esmfold2_fast,2ke1,0.74,0.8,3.777,1.267
2ke1,44,3,0.7097,0.7291,0.7123,0.6032,0.6934,3.1397,3.0166,PepSet_dimer_output_esmfold2_fast,2ke1,0.705,0.86,3.017,1.966
2ke1,44,4,0.7117,0.7192,0.7127,0.5994,0.6743,4.4236,2.4624,PepSet_dimer_output_esmfold2_fast,2ke1,0.796,0.84,2.462,1.161
2khh,42,0,0.8659,0.6865,0.8415,0.8122,0.5801,2.1096,3.5037,PepSet_dimer_output_esmfold2_fast,2khh,0.619,0.724,3.504,2.423
2khh,42,1,0.8641,0.6817,0.8392,0.8101,0.5718,2.0337,3.2454,PepSet_dimer_output_esmfold2_fast,2khh,0.636,0.724,3.245,2.233
2khh,42,2,0.8542,0.6518,0.8266,0.7959,0.5306,2.1058,3.1478,PepSet_dimer_output_esmfold2_fast,2khh,0.642,0.759,3.148,2.357
2khh,42,3,0.8518,0.665,0.8263,0.7924,0.5361,2.0397,2.8425,PepSet_dimer_output_esmfold2_fast,2khh,0.644,0.724,2.843,2.249
2khh,42,4,0.8621,0.6601,0.8346,0.8035,0.558,2.1836,2.4108,PepSet_dimer_output_esmfold2_fast,2khh,0.663,0.759,2.411,2.258
2khh,43,0,0.8597,0.6473,0.8307,0.7988,0.5414,2.1968,3.1895,PepSet_dimer_output_esmfold2_fast,2khh,0.636,0.759,3.19,2.449
2khh,43,1,0.8591,0.6586,0.8318,0.804,0.5488,2.1184,2.5032,PepSet_dimer_output_esmfold2_fast,2khh,0.666,0.759,2.503,2.193
2khh,43,2,0.8556,0.6752,0.831,0.7964,0.5538,2.3113,3.8145,PepSet_dimer_output_esmfold2_fast,2khh,0.623,0.793,3.814,2.647
2khh,43,3,0.8553,0.6693,0.83,0.7991,0.5623,2.0731,2.9809,PepSet_dimer_output_esmfold2_fast,2khh,0.639,0.724,2.981,2.282
2khh,43,4,0.8314,0.6182,0.8024,0.7648,0.4498,2.2651,2.9864,PepSet_dimer_output_esmfold2_fast,2khh,0.582,0.586,2.986,2.472
2khh,44,0,0.8585,0.6727,0.8331,0.8021,0.5501,2.2886,4.2081,PepSet_dimer_output_esmfold2_fast,2khh,0.586,0.724,4.208,2.735
2khh,44,1,0.8616,0.6804,0.8368,0.8099,0.567,2.1679,3.7856,PepSet_dimer_output_esmfold2_fast,2khh,0.606,0.724,3.786,2.543
2khh,44,2,0.8651,0.6846,0.8405,0.8117,0.5707,2.128,2.5228,PepSet_dimer_output_esmfold2_fast,2khh,0.651,0.724,2.523,2.237
2khh,44,3,0.8613,0.6549,0.8331,0.802,0.5442,2.1758,4.3845,PepSet_dimer_output_esmfold2_fast,2khh,0.593,0.759,4.384,2.744
2khh,44,4,0.862,0.6731,0.8363,0.8072,0.5566,2.1229,3.8934,PepSet_dimer_output_esmfold2_fast,2khh,0.604,0.724,3.893,2.515
2koh,42,0,0.736,0.5245,0.7094,0.7092,0.6288,3.3109,7.538,PepSet_dimer_output_esmfold2_fast,2koh,0.532,0.811,7.538,2.791
2koh,42,1,0.727,0.5537,0.7052,0.7074,0.6162,2.7071,11.284,PepSet_dimer_output_esmfold2_fast,2koh,0.458,0.838,11.284,3.27
2koh,42,2,0.7178,0.5465,0.6963,0.6906,0.5987,2.9435,10.3232,PepSet_dimer_output_esmfold2_fast,2koh,0.474,0.784,10.323,2.703
2koh,42,3,0.7202,0.5263,0.6958,0.6927,0.6072,3.1316,11.7612,PepSet_dimer_output_esmfold2_fast,2koh,0.427,0.784,11.761,3.53
2koh,42,4,0.7321,0.5636,0.7109,0.7081,0.627,4.1651,10.9087,PepSet_dimer_output_esmfold2_fast,2koh,0.462,0.811,10.909,3.037
2koh,43,0,0.7347,0.5133,0.7068,0.7091,0.6344,2.7299,16.8793,PepSet_dimer_output_esmfold2_fast,2koh,0.349,0.73,16.879,4.148
2koh,43,1,0.7285,0.5467,0.7056,0.7052,0.6135,3.8914,13.1548,PepSet_dimer_output_esmfold2_fast,2koh,0.431,0.838,13.155,3.437
2koh,43,2,0.7482,0.5164,0.719,0.7196,0.6357,2.6119,14.4595,PepSet_dimer_output_esmfold2_fast,2koh,0.377,0.757,14.46,4.103
2koh,43,3,0.736,0.5234,0.7093,0.708,0.6317,3.4186,10.4188,PepSet_dimer_output_esmfold2_fast,2koh,0.466,0.811,10.419,3.13
2koh,43,4,0.7369,0.4927,0.7061,0.7116,0.6404,3.9748,13.7402,PepSet_dimer_output_esmfold2_fast,2koh,0.438,0.838,13.74,3.008
2koh,44,0,0.724,0.5327,0.6999,0.694,0.59,3.0551,11.6839,PepSet_dimer_output_esmfold2_fast,2koh,0.451,0.811,11.684,3.036
2koh,44,1,0.7255,0.5264,0.7004,0.6986,0.6069,2.9212,12.408,PepSet_dimer_output_esmfold2_fast,2koh,0.456,0.865,12.408,3.162
2koh,44,2,0.7339,0.5126,0.706,0.7042,0.6287,3.4662,9.5896,PepSet_dimer_output_esmfold2_fast,2koh,0.462,0.784,9.59,3.419
2koh,44,3,0.7277,0.5222,0.7018,0.6978,0.6084,2.7839,12.8367,PepSet_dimer_output_esmfold2_fast,2koh,0.458,0.892,12.837,3.22
2koh,44,4,0.736,0.5193,0.7087,0.7083,0.6346,3.6156,7.0334,PepSet_dimer_output_esmfold2_fast,2koh,0.544,0.757,7.033,2.404
2las,42,0,0.8402,0.7286,0.8243,0.7985,0.7053,1.5817,4.3442,PepSet_dimer_output_esmfold2_fast,2las,0.629,0.788,4.344,2.257
2las,42,1,0.8414,0.7256,0.8248,0.7987,0.7057,1.1744,4.363,PepSet_dimer_output_esmfold2_fast,2las,0.627,0.788,4.363,2.282
2las,42,2,0.8408,0.7326,0.8253,0.8004,0.7146,1.1822,4.1215,PepSet_dimer_output_esmfold2_fast,2las,0.641,0.788,4.122,2.163
2las,42,3,0.8447,0.731,0.8284,0.8036,0.7138,1.2794,4.5136,PepSet_dimer_output_esmfold2_fast,2las,0.624,0.788,4.514,2.267
2las,42,4,0.8395,0.7048,0.8203,0.7922,0.6935,1.882,5.6545,PepSet_dimer_output_esmfold2_fast,2las,0.573,0.788,5.655,2.68
2las,43,0,0.8312,0.7255,0.8161,0.7915,0.7048,2.4693,4.8883,PepSet_dimer_output_esmfold2_fast,2las,0.627,0.818,4.888,2.224
2las,43,1,0.8448,0.7252,0.8277,0.8056,0.7062,1.2396,4.2397,PepSet_dimer_output_esmfold2_fast,2las,0.637,0.788,4.24,2.18
2las,43,2,0.8443,0.7291,0.8278,0.8012,0.7089,1.6052,4.0639,PepSet_dimer_output_esmfold2_fast,2las,0.641,0.788,4.064,2.183
2las,43,3,0.8479,0.7394,0.8324,0.8111,0.7265,1.6594,4.3026,PepSet_dimer_output_esmfold2_fast,2las,0.632,0.788,4.303,2.223
2las,43,4,0.8474,0.7196,0.8291,0.8069,0.7042,1.1448,3.8078,PepSet_dimer_output_esmfold2_fast,2las,0.645,0.758,3.808,2.063
2las,44,0,0.85,0.7359,0.8337,0.814,0.7203,1.9844,4.0126,PepSet_dimer_output_esmfold2_fast,2las,0.653,0.818,4.013,2.171
2las,44,1,0.8414,0.7285,0.8253,0.8002,0.7032,1.7423,4.4414,PepSet_dimer_output_esmfold2_fast,2las,0.625,0.788,4.441,2.288
2las,44,2,0.8447,0.7321,0.8286,0.8046,0.7149,1.3418,4.0228,PepSet_dimer_output_esmfold2_fast,2las,0.621,0.727,4.023,2.191
2las,44,3,0.8424,0.7302,0.8264,0.8015,0.7035,1.9145,4.7891,PepSet_dimer_output_esmfold2_fast,2las,0.614,0.788,4.789,2.323
2las,44,4,0.8476,0.7289,0.8306,0.8105,0.7183,1.2068,4.2652,PepSet_dimer_output_esmfold2_fast,2las,0.622,0.758,4.265,2.247
2lsi,42,0,0.9129,0.7454,0.8884,0.8992,0.893,1.6809,5.1794,PepSet_dimer_output_esmfold2_fast,2lsi,0.631,0.914,5.179,2.595
2lsi,42,1,0.9111,0.7377,0.8857,0.895,0.8821,1.722,6.1901,PepSet_dimer_output_esmfold2_fast,2lsi,0.595,0.914,6.19,2.849
2lsi,42,2,0.9141,0.7562,0.891,0.9031,0.8922,1.4044,4.3013,PepSet_dimer_output_esmfold2_fast,2lsi,0.677,0.914,4.301,2.183
2lsi,42,3,0.9097,0.743,0.8853,0.8947,0.8875,1.2458,5.9302,PepSet_dimer_output_esmfold2_fast,2lsi,0.615,0.914,5.93,2.541
2lsi,42,4,0.9054,0.7414,0.8814,0.8932,0.8824,1.5698,5.4573,PepSet_dimer_output_esmfold2_fast,2lsi,0.627,0.914,5.457,2.544
2lsi,43,0,0.9122,0.7125,0.883,0.8945,0.8879,1.3498,2.0659,PepSet_dimer_output_esmfold2_fast,2lsi,0.779,0.914,2.066,1.564
2lsi,43,1,0.9142,0.7495,0.8901,0.902,0.8929,1.4134,5.1527,PepSet_dimer_output_esmfold2_fast,2lsi,0.645,0.914,5.153,2.345
2lsi,43,2,0.914,0.7253,0.8864,0.898,0.8901,1.4964,2.7794,PepSet_dimer_output_esmfold2_fast,2lsi,0.743,0.943,2.779,1.908
2lsi,43,3,0.9098,0.7496,0.8863,0.8979,0.8853,1.1262,4.7652,PepSet_dimer_output_esmfold2_fast,2lsi,0.674,0.914,4.765,2.059
2lsi,43,4,0.9126,0.7507,0.8889,0.9002,0.8866,1.4965,5.2714,PepSet_dimer_output_esmfold2_fast,2lsi,0.637,0.914,5.271,2.44
2lsi,44,0,0.9052,0.7423,0.8814,0.8937,0.8824,1.4817,4.7899,PepSet_dimer_output_esmfold2_fast,2lsi,0.658,0.914,4.79,2.293
2lsi,44,1,0.9138,0.7542,0.8904,0.9022,0.8909,1.4775,5.1442,PepSet_dimer_output_esmfold2_fast,2lsi,0.653,0.943,5.144,2.376
2lsi,44,2,0.9064,0.7126,0.878,0.8869,0.8822,1.5699,4.036,PepSet_dimer_output_esmfold2_fast,2lsi,0.699,0.971,4.036,2.24
2lsi,44,3,0.9127,0.7476,0.8885,0.9005,0.8898,1.4396,4.6771,PepSet_dimer_output_esmfold2_fast,2lsi,0.672,0.943,4.677,2.269
2lsi,44,4,0.9104,0.7481,0.8866,0.8984,0.8882,1.5612,4.8984,PepSet_dimer_output_esmfold2_fast,2lsi,0.655,0.943,4.898,2.449
2m0v,42,0,0.8043,0.8261,0.8051,0.7801,0.9091,5.5419,2.7984,PepSet_dimer_output_esmfold2_fast,2m0v,0.772,0.92,2.798,1.52
2m0v,42,1,0.8006,0.8259,0.8016,0.7802,0.9048,3.1509,2.895,PepSet_dimer_output_esmfold2_fast,2m0v,0.753,0.88,2.895,1.548
2m0v,42,2,0.8096,0.8287,0.8103,0.7893,0.9087,4.6714,3.9175,PepSet_dimer_output_esmfold2_fast,2m0v,0.734,0.88,3.918,1.505
2m0v,42,3,0.7984,0.8216,0.7993,0.779,0.9041,3.7228,2.9151,PepSet_dimer_output_esmfold2_fast,2m0v,0.758,0.88,2.915,1.502
2m0v,42,4,0.7996,0.8197,0.8003,0.7775,0.9017,4.5745,2.9226,PepSet_dimer_output_esmfold2_fast,2m0v,0.771,0.92,2.923,1.5
2m0v,43,0,0.8127,0.8264,0.8132,0.7931,0.9057,4.1996,3.456,PepSet_dimer_output_esmfold2_fast,2m0v,0.744,0.88,3.456,1.516
2m0v,43,1,0.7858,0.8227,0.7872,0.7675,0.9021,7.5842,3.3345,PepSet_dimer_output_esmfold2_fast,2m0v,0.717,0.8,3.335,1.549
2m0v,43,2,0.8026,0.8236,0.8033,0.7847,0.9058,3.6626,2.8901,PepSet_dimer_output_esmfold2_fast,2m0v,0.754,0.88,2.89,1.545
2m0v,43,3,0.808,0.8296,0.8088,0.7903,0.9051,5.4513,3.3276,PepSet_dimer_output_esmfold2_fast,2m0v,0.748,0.88,3.328,1.509
2m0v,43,4,0.8072,0.8177,0.8076,0.7879,0.8991,3.9961,3.0655,PepSet_dimer_output_esmfold2_fast,2m0v,0.769,0.92,3.065,1.497
2m0v,44,0,0.8087,0.8245,0.8093,0.7891,0.9061,5.0877,2.9317,PepSet_dimer_output_esmfold2_fast,2m0v,0.77,0.92,2.932,1.513
2m0v,44,1,0.8051,0.8209,0.8057,0.7857,0.9018,4.5889,3.0335,PepSet_dimer_output_esmfold2_fast,2m0v,0.75,0.88,3.034,1.55
2m0v,44,2,0.8111,0.8293,0.8118,0.7887,0.9061,6.9004,3.4818,PepSet_dimer_output_esmfold2_fast,2m0v,0.742,0.88,3.482,1.533
2m0v,44,3,0.8051,0.8181,0.8056,0.785,0.8969,4.5448,3.0876,PepSet_dimer_output_esmfold2_fast,2m0v,0.767,0.92,3.088,1.51
2m0v,44,4,0.814,0.8288,0.8145,0.7928,0.907,4.6275,3.2062,PepSet_dimer_output_esmfold2_fast,2m0v,0.761,0.92,3.206,1.541
2nnu,42,0,0.5718,0.6701,0.5807,0.4962,0.754,13.5672,19.5934,PepSet_dimer_output_esmfold2_fast,2nnu,0.08,0.056,19.593,9.302
2nnu,42,1,0.3652,0.3704,0.3657,0.244,0.2186,10.9323,17.6274,PepSet_dimer_output_esmfold2_fast,2nnu,0.108,0.111,17.627,9.6
2nnu,42,2,0.4962,0.693,0.514,0.434,0.7998,13.9846,20.1455,PepSet_dimer_output_esmfold2_fast,2nnu,0.076,0.056,20.146,9.999
2nnu,42,3,0.5771,0.3239,0.5542,0.4262,0.1825,17.3818,31.3102,PepSet_dimer_output_esmfold2_fast,2nnu,0.063,0.111,31.31,14.582
2nnu,42,4,0.7908,0.7724,0.7891,0.7593,0.8242,15.2526,20.438,PepSet_dimer_output_esmfold2_fast,2nnu,0.084,0.083,20.438,9.884
2nnu,43,0,0.5677,0.5468,0.5658,0.479,0.5451,13.3555,17.6516,PepSet_dimer_output_esmfold2_fast,2nnu,0.09,0.056,17.652,9.018
2nnu,43,1,0.5746,0.7295,0.5886,0.4875,0.8058,15.8102,19.7574,PepSet_dimer_output_esmfold2_fast,2nnu,0.078,0.056,19.757,9.931
2nnu,43,2,0.5646,0.3126,0.5418,0.4486,0.1764,16.9426,32.364,PepSet_dimer_output_esmfold2_fast,2nnu,0.043,0.056,32.364,15.718
2nnu,43,3,0.5065,0.668,0.5211,0.4395,0.774,11.0376,18.0832,PepSet_dimer_output_esmfold2_fast,2nnu,0.087,0.056,18.083,9.325
2nnu,43,4,0.4159,0.316,0.4069,0.284,0.1223,16.1947,9.2879,PepSet_dimer_output_esmfold2_fast,2nnu,0.213,0.167,9.288,11.206
2nnu,44,0,0.5256,0.2509,0.5007,0.4366,0.1436,16.4057,34.3721,PepSet_dimer_output_esmfold2_fast,2nnu,0.032,0.028,34.372,15.165
2nnu,44,1,0.5153,0.2992,0.4958,0.4199,0.1688,18.3963,33.6493,PepSet_dimer_output_esmfold2_fast,2nnu,0.025,0.0,33.649,12.384
2nnu,44,2,0.5971,0.728,0.6089,0.5487,0.8137,14.6502,19.3622,PepSet_dimer_output_esmfold2_fast,2nnu,0.08,0.056,19.362,9.802
2nnu,44,3,0.6408,0.6809,0.6444,0.6153,0.7584,15.0811,20.1642,PepSet_dimer_output_esmfold2_fast,2nnu,0.076,0.056,20.164,9.797
2nnu,44,4,0.4955,0.698,0.5138,0.4434,0.7763,14.8007,16.3432,PepSet_dimer_output_esmfold2_fast,2nnu,0.097,0.056,16.343,9.567
2o9v,42,0,0.9388,0.9018,0.934,0.9278,0.8641,0.8638,1.6499,PepSet_dimer_output_esmfold2_fast,2o9v,0.892,0.92,1.65,0.771
2o9v,42,1,0.9394,0.9212,0.9371,0.9317,0.8972,0.8142,1.0337,PepSet_dimer_output_esmfold2_fast,2o9v,0.937,0.92,1.034,0.485
2o9v,42,2,0.9372,0.9186,0.9348,0.9292,0.8933,1.0289,0.9135,PepSet_dimer_output_esmfold2_fast,2o9v,0.942,0.92,0.913,0.453
2o9v,42,3,0.9392,0.9217,0.9369,0.9316,0.8984,0.8986,1.091,PepSet_dimer_output_esmfold2_fast,2o9v,0.939,0.92,1.091,0.464
2o9v,42,4,0.9389,0.9204,0.9365,0.9315,0.8961,0.8499,1.167,PepSet_dimer_output_esmfold2_fast,2o9v,0.933,0.92,1.167,0.507
2o9v,43,0,0.939,0.9211,0.9367,0.9307,0.8963,0.7197,0.8535,PepSet_dimer_output_esmfold2_fast,2o9v,0.948,0.92,0.853,0.401
2o9v,43,1,0.9375,0.9207,0.9353,0.9298,0.8958,1.0416,1.1319,PepSet_dimer_output_esmfold2_fast,2o9v,0.937,0.92,1.132,0.472
2o9v,43,2,0.9348,0.9174,0.9326,0.9276,0.8926,0.9369,1.0195,PepSet_dimer_output_esmfold2_fast,2o9v,0.937,0.92,1.02,0.485
2o9v,43,3,0.9384,0.9179,0.9357,0.9309,0.8926,0.8552,0.8211,PepSet_dimer_output_esmfold2_fast,2o9v,0.962,0.96,0.821,0.396
2o9v,43,4,0.9384,0.9149,0.9353,0.9307,0.8864,0.7694,1.091,PepSet_dimer_output_esmfold2_fast,2o9v,0.937,0.92,1.091,0.477
2o9v,44,0,0.9378,0.9207,0.9356,0.9297,0.8955,0.8794,1.0018,PepSet_dimer_output_esmfold2_fast,2o9v,0.938,0.92,1.002,0.478
2o9v,44,1,0.9384,0.9201,0.936,0.9308,0.8963,0.8848,1.0097,PepSet_dimer_output_esmfold2_fast,2o9v,0.941,0.92,1.01,0.45
2o9v,44,2,0.9392,0.9217,0.9369,0.932,0.8968,0.9495,1.0318,PepSet_dimer_output_esmfold2_fast,2o9v,0.939,0.92,1.032,0.47
2o9v,44,3,0.938,0.9208,0.9358,0.9303,0.8962,1.0184,1.1987,PepSet_dimer_output_esmfold2_fast,2o9v,0.929,0.92,1.199,0.536
2o9v,44,4,0.9393,0.9212,0.9369,0.9321,0.8971,0.8437,1.1049,PepSet_dimer_output_esmfold2_fast,2o9v,0.937,0.92,1.105,0.477
2p1o,42,0,0.8937,0.4249,0.8832,0.9226,0.6222,4.3782,8.6537,PepSet_dimer_output_esmfold2_fast,2p1o,0.37,0.422,8.654,3.033
2p1o,42,1,0.8964,0.4394,0.8863,0.9256,0.637,4.4059,6.1699,PepSet_dimer_output_esmfold2_fast,2p1o,0.43,0.311,6.17,2.167
2p1o,42,2,0.8917,0.2992,0.8785,0.9197,0.4511,4.3871,11.5768,PepSet_dimer_output_esmfold2_fast,2p1o,0.221,0.2,11.577,4.189
2p1o,42,3,0.8919,0.4291,0.8816,0.9231,0.642,4.403,9.0755,PepSet_dimer_output_esmfold2_fast,2p1o,0.325,0.333,9.076,3.259
2p1o,42,4,0.8944,0.4196,0.8838,0.9243,0.6381,4.3802,7.9734,PepSet_dimer_output_esmfold2_fast,2p1o,0.368,0.356,7.973,2.848
2p1o,43,0,0.8912,0.4268,0.8808,0.918,0.6464,4.6895,7.7707,PepSet_dimer_output_esmfold2_fast,2p1o,0.374,0.356,7.771,2.816
2p1o,43,1,0.8938,0.4312,0.8835,0.9232,0.6307,4.3075,9.1821,PepSet_dimer_output_esmfold2_fast,2p1o,0.301,0.267,9.182,3.265
2p1o,43,2,0.8937,0.4322,0.8834,0.9238,0.6445,4.3551,7.8304,PepSet_dimer_output_esmfold2_fast,2p1o,0.382,0.378,7.83,2.776
2p1o,43,3,0.8945,0.4376,0.8843,0.924,0.6405,4.3369,9.118,PepSet_dimer_output_esmfold2_fast,2p1o,0.303,0.267,9.118,3.229
2p1o,43,4,0.8949,0.4206,0.8844,0.9229,0.6327,4.3296,8.2304,PepSet_dimer_output_esmfold2_fast,2p1o,0.338,0.289,8.23,2.917
2p1o,44,0,0.8995,0.6445,0.8938,0.931,0.8243,4.3121,5.1342,PepSet_dimer_output_esmfold2_fast,2p1o,0.64,0.778,5.134,1.797
2p1o,44,1,0.8951,0.4465,0.8851,0.9244,0.6474,4.3086,8.9633,PepSet_dimer_output_esmfold2_fast,2p1o,0.315,0.289,8.963,3.18
2p1o,44,2,0.8908,0.4344,0.8806,0.9213,0.6423,4.5092,9.2503,PepSet_dimer_output_esmfold2_fast,2p1o,0.313,0.311,9.25,3.305
2p1o,44,3,0.9005,0.6425,0.8947,0.9316,0.8379,4.4154,5.1527,PepSet_dimer_output_esmfold2_fast,2p1o,0.632,0.756,5.153,1.806
2p1o,44,4,0.8926,0.4152,0.8819,0.9223,0.6241,4.3044,6.5478,PepSet_dimer_output_esmfold2_fast,2p1o,0.418,0.333,6.548,2.327
2qos,42,0,0.874,0.3876,0.8449,0.8969,0.3268,1.0549,7.7316,PepSet_dimer_output_esmfold2_fast,2qos,0.327,0.208,7.732,2.768
2qos,42,1,0.9154,0.8513,0.9116,0.9467,0.9357,1.1529,0.5364,PepSet_dimer_output_esmfold2_fast,2qos,0.817,0.83,0.536,1.165
2qos,42,2,0.9123,0.8465,0.9083,0.9448,0.93,1.2408,0.7592,PepSet_dimer_output_esmfold2_fast,2qos,0.826,0.83,0.759,1.084
2qos,42,3,0.914,0.8485,0.9101,0.9459,0.9327,1.1426,0.6196,PepSet_dimer_output_esmfold2_fast,2qos,0.805,0.811,0.62,1.2
2qos,42,4,0.9096,0.8402,0.9054,0.9435,0.933,0.9296,0.7485,PepSet_dimer_output_esmfold2_fast,2qos,0.866,0.887,0.748,0.937
2qos,43,0,0.9152,0.8521,0.9114,0.9474,0.937,1.0303,0.5908,PepSet_dimer_output_esmfold2_fast,2qos,0.857,0.906,0.591,1.056
2qos,43,1,0.8635,0.4425,0.8383,0.8931,0.4485,1.1981,7.718,PepSet_dimer_output_esmfold2_fast,2qos,0.355,0.283,7.718,2.723
2qos,43,2,0.8641,0.4127,0.8371,0.893,0.4219,1.2483,8.146,PepSet_dimer_output_esmfold2_fast,2qos,0.323,0.226,8.146,2.825
2qos,43,3,0.9165,0.854,0.9127,0.948,0.9363,1.0167,0.6166,PepSet_dimer_output_esmfold2_fast,2qos,0.826,0.811,0.617,1.049
2qos,43,4,0.8658,0.4012,0.8381,0.8943,0.4147,0.9087,8.0663,PepSet_dimer_output_esmfold2_fast,2qos,0.32,0.208,8.066,2.777
2qos,44,0,0.9124,0.8505,0.9087,0.9446,0.9335,1.2986,0.6501,PepSet_dimer_output_esmfold2_fast,2qos,0.81,0.811,0.65,1.163
2qos,44,1,0.9133,0.8464,0.9093,0.9463,0.9298,0.8964,0.817,PepSet_dimer_output_esmfold2_fast,2qos,0.861,0.868,0.817,0.923
2qos,44,2,0.8671,0.4213,0.8404,0.8949,0.4265,0.9341,9.7842,PepSet_dimer_output_esmfold2_fast,2qos,0.257,0.17,9.784,3.3
2qos,44,3,0.8644,0.3866,0.8359,0.8899,0.3341,1.2516,8.3265,PepSet_dimer_output_esmfold2_fast,2qos,0.315,0.226,8.327,2.93
2qos,44,4,0.91,0.848,0.9063,0.9432,0.9322,1.2821,0.7921,PepSet_dimer_output_esmfold2_fast,2qos,0.821,0.849,0.792,1.17
2r7g,42,0,0.9259,0.9108,0.9255,0.9518,0.9659,1.4227,1.1674,PepSet_dimer_output_esmfold2_fast,2r7g,0.869,0.82,1.167,0.734
2r7g,42,1,0.9253,0.908,0.9248,0.9505,0.9652,1.112,1.2117,PepSet_dimer_output_esmfold2_fast,2r7g,0.87,0.84,1.212,0.776
2r7g,42,2,0.9275,0.9123,0.927,0.9533,0.9672,1.0147,1.2255,PepSet_dimer_output_esmfold2_fast,2r7g,0.862,0.82,1.226,0.784
2r7g,42,3,0.9239,0.8974,0.9232,0.9519,0.9633,1.178,1.9185,PepSet_dimer_output_esmfold2_fast,2r7g,0.799,0.74,1.919,0.966
2r7g,42,4,0.9252,0.9019,0.9245,0.9517,0.9621,1.1359,0.9821,PepSet_dimer_output_esmfold2_fast,2r7g,0.868,0.82,0.982,0.754
2r7g,43,0,0.9255,0.9087,0.925,0.9509,0.9646,1.0294,0.9954,PepSet_dimer_output_esmfold2_fast,2r7g,0.877,0.84,0.995,0.738
2r7g,43,1,0.9256,0.9079,0.9251,0.953,0.9641,1.2196,1.0385,PepSet_dimer_output_esmfold2_fast,2r7g,0.874,0.82,1.039,0.709
2r7g,43,2,0.925,0.8981,0.9242,0.9522,0.9628,1.0571,2.1393,PepSet_dimer_output_esmfold2_fast,2r7g,0.79,0.74,2.139,1.008
2r7g,43,3,0.9225,0.8932,0.9216,0.95,0.9564,0.9872,1.2317,PepSet_dimer_output_esmfold2_fast,2r7g,0.871,0.84,1.232,0.765
2r7g,43,4,0.9243,0.904,0.9237,0.9515,0.962,0.9832,1.0035,PepSet_dimer_output_esmfold2_fast,2r7g,0.872,0.82,1.003,0.728
2r7g,44,0,0.9254,0.9126,0.9251,0.9528,0.9668,0.9899,1.11,PepSet_dimer_output_esmfold2_fast,2r7g,0.866,0.82,1.11,0.762
2r7g,44,1,0.9241,0.8978,0.9234,0.9509,0.9626,1.17,1.818,PepSet_dimer_output_esmfold2_fast,2r7g,0.794,0.74,1.818,1.019
2r7g,44,2,0.9253,0.9078,0.9248,0.9505,0.9646,1.089,0.9324,PepSet_dimer_output_esmfold2_fast,2r7g,0.864,0.8,0.932,0.741
2r7g,44,3,0.9247,0.9053,0.9242,0.9523,0.9633,1.0881,0.8504,PepSet_dimer_output_esmfold2_fast,2r7g,0.87,0.82,0.85,0.748
2r7g,44,4,0.927,0.9154,0.9267,0.9533,0.9686,1.0107,1.0349,PepSet_dimer_output_esmfold2_fast,2r7g,0.864,0.8,1.035,0.731
2rol,42,0,0.8801,0.8614,0.8772,0.8538,0.8269,1.3129,2.6421,PepSet_dimer_output_esmfold2_fast,2rol,0.724,0.719,2.642,1.378
2rol,42,1,0.9004,0.8588,0.8938,0.8689,0.8267,3.6638,3.383,PepSet_dimer_output_esmfold2_fast,2rol,0.728,0.812,3.383,1.479
2rol,42,2,0.8986,0.8591,0.8923,0.866,0.8249,3.0358,3.3821,PepSet_dimer_output_esmfold2_fast,2rol,0.74,0.781,3.382,1.289
2rol,42,3,0.8966,0.8578,0.8905,0.8655,0.8261,2.753,2.9429,PepSet_dimer_output_esmfold2_fast,2rol,0.771,0.812,2.943,1.208
2rol,42,4,0.8725,0.8632,0.8711,0.8428,0.8312,5.7342,3.1863,PepSet_dimer_output_esmfold2_fast,2rol,0.739,0.781,3.186,1.331
2rol,43,0,0.8992,0.8628,0.8935,0.8668,0.8308,3.4353,3.7317,PepSet_dimer_output_esmfold2_fast,2rol,0.754,0.844,3.732,1.278
2rol,43,1,0.9014,0.8619,0.8951,0.8699,0.8313,3.3162,4.0791,PepSet_dimer_output_esmfold2_fast,2rol,0.686,0.75,4.079,1.514
2rol,43,2,0.8937,0.8547,0.8876,0.86,0.8197,4.3602,4.0275,PepSet_dimer_output_esmfold2_fast,2rol,0.707,0.781,4.027,1.431
2rol,43,3,0.8954,0.8603,0.8898,0.8627,0.8279,4.4223,4.1252,PepSet_dimer_output_esmfold2_fast,2rol,0.696,0.75,4.125,1.419
2rol,43,4,0.8887,0.8411,0.8812,0.8528,0.7989,4.2045,3.8862,PepSet_dimer_output_esmfold2_fast,2rol,0.747,0.844,3.886,1.302
2rol,44,0,0.8828,0.8587,0.879,0.8541,0.8265,1.7956,2.8672,PepSet_dimer_output_esmfold2_fast,2rol,0.742,0.781,2.867,1.366
2rol,44,1,0.8973,0.8603,0.8915,0.8668,0.8294,3.5699,3.6591,PepSet_dimer_output_esmfold2_fast,2rol,0.71,0.75,3.659,1.394
2rol,44,2,0.8946,0.861,0.8893,0.8627,0.8291,3.5311,3.986,PepSet_dimer_output_esmfold2_fast,2rol,0.703,0.75,3.986,1.389
2rol,44,3,0.8796,0.8585,0.8763,0.8524,0.8236,1.8068,2.5932,PepSet_dimer_output_esmfold2_fast,2rol,0.746,0.781,2.593,1.38
2rol,44,4,0.9005,0.8629,0.8946,0.8688,0.8322,3.407,3.8992,PepSet_dimer_output_esmfold2_fast,2rol,0.709,0.781,3.899,1.443
2v8c,42,0,0.9374,0.465,0.897,0.9158,0.3042,0.546,19.9445,PepSet_dimer_output_esmfold2_fast,2v8c,0.098,0.114,19.945,9.265
2v8c,42,1,0.946,0.6599,0.9215,0.9383,0.5596,0.6564,5.3878,PepSet_dimer_output_esmfold2_fast,2v8c,0.513,0.514,5.388,2.231
2v8c,42,2,0.9442,0.6136,0.9159,0.9327,0.5001,0.5151,5.6441,PepSet_dimer_output_esmfold2_fast,2v8c,0.48,0.429,5.644,2.206
2v8c,42,3,0.9446,0.6236,0.9171,0.9339,0.5146,0.4657,5.6252,PepSet_dimer_output_esmfold2_fast,2v8c,0.509,0.514,5.625,2.193
2v8c,42,4,0.9428,0.6171,0.9149,0.9318,0.5003,0.6117,5.3843,PepSet_dimer_output_esmfold2_fast,2v8c,0.514,0.514,5.384,2.212
2v8c,43,0,0.9431,0.6022,0.9139,0.9314,0.4854,0.4712,5.3476,PepSet_dimer_output_esmfold2_fast,2v8c,0.522,0.514,5.348,2.109
2v8c,43,1,0.9378,0.5062,0.9009,0.9211,0.3671,0.5228,20.0874,PepSet_dimer_output_esmfold2_fast,2v8c,0.116,0.171,20.087,9.179
2v8c,43,2,0.9422,0.5874,0.9119,0.9291,0.4623,0.6288,5.6271,PepSet_dimer_output_esmfold2_fast,2v8c,0.495,0.486,5.627,2.264
2v8c,43,3,0.9362,0.4508,0.8947,0.9149,0.2875,0.5192,18.9945,PepSet_dimer_output_esmfold2_fast,2v8c,0.122,0.171,18.994,8.857
2v8c,43,4,0.9444,0.632,0.9177,0.9348,0.5226,0.548,5.4501,PepSet_dimer_output_esmfold2_fast,2v8c,0.517,0.514,5.45,2.152
2v8c,44,0,0.9446,0.659,0.9202,0.9376,0.563,0.7211,5.722,PepSet_dimer_output_esmfold2_fast,2v8c,0.497,0.514,5.722,2.351
2v8c,44,1,0.9375,0.4736,0.8978,0.9172,0.3293,0.6832,18.9585,PepSet_dimer_output_esmfold2_fast,2v8c,0.122,0.171,18.958,8.864
2v8c,44,2,0.9431,0.6375,0.9169,0.9341,0.5286,0.7867,5.2188,PepSet_dimer_output_esmfold2_fast,2v8c,0.526,0.543,5.219,2.249
2v8c,44,3,0.941,0.5831,0.9104,0.9265,0.4572,0.7019,5.1288,PepSet_dimer_output_esmfold2_fast,2v8c,0.535,0.543,5.129,2.146
2v8c,44,4,0.9381,0.4689,0.8979,0.9163,0.309,0.5078,19.9381,PepSet_dimer_output_esmfold2_fast,2v8c,0.088,0.086,19.938,9.244
2vzg,42,0,0.8875,0.686,0.8661,0.8947,0.6752,0.4551,14.2662,PepSet_dimer_output_esmfold2_fast,2vzg,0.113,0.036,14.266,7.177
2vzg,42,1,0.891,0.6963,0.8703,0.8994,0.6924,0.5072,14.3787,PepSet_dimer_output_esmfold2_fast,2vzg,0.112,0.036,14.379,7.225
2vzg,42,2,0.8831,0.6682,0.8603,0.8881,0.6361,0.4961,14.3318,PepSet_dimer_output_esmfold2_fast,2vzg,0.112,0.036,14.332,7.212
2vzg,42,3,0.8898,0.7304,0.8728,0.8988,0.7237,0.4433,13.5379,PepSet_dimer_output_esmfold2_fast,2vzg,0.122,0.036,13.538,6.822
2vzg,42,4,0.8901,0.7002,0.8699,0.8962,0.6877,0.4957,14.5807,PepSet_dimer_output_esmfold2_fast,2vzg,0.11,0.036,14.581,7.332
2vzg,43,0,0.89,0.709,0.8707,0.8978,0.691,0.4227,12.9402,PepSet_dimer_output_esmfold2_fast,2vzg,0.129,0.036,12.94,6.497
2vzg,43,1,0.8944,0.7026,0.874,0.9017,0.6937,0.3988,14.5925,PepSet_dimer_output_esmfold2_fast,2vzg,0.11,0.036,14.593,7.349
2vzg,43,2,0.812,0.4906,0.7778,0.7951,0.3108,0.7081,3.8226,PepSet_dimer_output_esmfold2_fast,2vzg,0.53,0.393,3.823,1.972
2vzg,43,3,0.8902,0.6884,0.8687,0.8952,0.675,0.4018,14.5098,PepSet_dimer_output_esmfold2_fast,2vzg,0.111,0.036,14.51,7.308
2vzg,43,4,0.8826,0.6568,0.8586,0.8847,0.6115,0.5042,14.5445,PepSet_dimer_output_esmfold2_fast,2vzg,0.11,0.036,14.544,7.32
2vzg,44,0,0.8184,0.5057,0.7851,0.8034,0.3385,0.6845,4.3654,PepSet_dimer_output_esmfold2_fast,2vzg,0.496,0.393,4.365,2.271
2vzg,44,1,0.8168,0.4998,0.7831,0.802,0.3386,0.7991,7.2152,PepSet_dimer_output_esmfold2_fast,2vzg,0.398,0.464,7.215,3.58
2vzg,44,2,0.872,0.6658,0.85,0.8737,0.6046,0.4531,13.578,PepSet_dimer_output_esmfold2_fast,2vzg,0.121,0.036,13.578,6.836
2vzg,44,3,0.8968,0.7426,0.8804,0.9053,0.7398,0.5278,13.5139,PepSet_dimer_output_esmfold2_fast,2vzg,0.122,0.036,13.514,6.808
2vzg,44,4,0.8064,0.496,0.7734,0.7865,0.3172,0.7231,4.4408,PepSet_dimer_output_esmfold2_fast,2vzg,0.521,0.464,4.441,2.219
2xcb,42,0,0.9447,0.8953,0.9419,0.9456,0.9523,1.4616,0.9331,PepSet_dimer_output_esmfold2_fast,2xcb,0.941,0.886,0.933,0.345
2xcb,42,1,0.9463,0.8972,0.9435,0.944,0.9534,0.4696,0.8523,PepSet_dimer_output_esmfold2_fast,2xcb,0.942,0.886,0.852,0.347
2xcb,42,2,0.9434,0.8976,0.9408,0.9442,0.9524,1.4481,1.0206,PepSet_dimer_output_esmfold2_fast,2xcb,0.939,0.886,1.021,0.359
2xcb,42,3,0.9446,0.8993,0.942,0.945,0.9566,1.3387,0.9937,PepSet_dimer_output_esmfold2_fast,2xcb,0.95,0.914,0.994,0.347
2xcb,42,4,0.9454,0.8996,0.9428,0.9458,0.956,0.4173,0.9053,PepSet_dimer_output_esmfold2_fast,2xcb,0.949,0.914,0.905,0.362
2xcb,43,0,0.947,0.9001,0.9443,0.9475,0.9555,0.4885,0.8804,PepSet_dimer_output_esmfold2_fast,2xcb,0.933,0.857,0.88,0.338
2xcb,43,1,0.9439,0.8967,0.9412,0.9438,0.9544,0.9056,0.926,PepSet_dimer_output_esmfold2_fast,2xcb,0.95,0.914,0.926,0.349
2xcb,43,2,0.9453,0.8943,0.9424,0.946,0.946,1.2929,0.8672,PepSet_dimer_output_esmfold2_fast,2xcb,0.963,0.943,0.867,0.32
2xcb,43,3,0.9438,0.8986,0.9412,0.9442,0.9543,1.6068,0.9688,PepSet_dimer_output_esmfold2_fast,2xcb,0.932,0.857,0.969,0.339
2xcb,43,4,0.9447,0.8969,0.942,0.9445,0.9533,0.8531,0.9327,PepSet_dimer_output_esmfold2_fast,2xcb,0.931,0.857,0.933,0.348
2xcb,44,0,0.9422,0.885,0.9389,0.9429,0.9481,0.8684,0.9704,PepSet_dimer_output_esmfold2_fast,2xcb,0.936,0.886,0.97,0.394
2xcb,44,1,0.9419,0.8976,0.9394,0.9428,0.9545,1.1565,0.9962,PepSet_dimer_output_esmfold2_fast,2xcb,0.94,0.886,0.996,0.348
2xcb,44,2,0.9437,0.8997,0.9412,0.945,0.9538,1.7541,1.0095,PepSet_dimer_output_esmfold2_fast,2xcb,0.931,0.857,1.009,0.349
2xcb,44,3,0.9436,0.8934,0.9408,0.9426,0.9518,1.6815,1.0985,PepSet_dimer_output_esmfold2_fast,2xcb,0.927,0.857,1.098,0.379
2xcb,44,4,0.9435,0.8984,0.941,0.9446,0.9539,1.5196,1.0077,PepSet_dimer_output_esmfold2_fast,2xcb,0.941,0.886,1.008,0.341
2xpn,42,0,0.943,0.8533,0.9316,0.9559,0.8991,0.4376,2.2789,PepSet_dimer_output_esmfold2_fast,2xpn,0.815,0.894,2.279,1.175
2xpn,42,1,0.9443,0.8572,0.9333,0.9578,0.9059,0.4694,2.3246,PepSet_dimer_output_esmfold2_fast,2xpn,0.818,0.915,2.325,1.202
2xpn,42,2,0.943,0.8494,0.9312,0.9548,0.8975,0.489,2.23,PepSet_dimer_output_esmfold2_fast,2xpn,0.823,0.915,2.23,1.176
2xpn,42,3,0.9442,0.8481,0.932,0.958,0.8946,0.3956,2.3218,PepSet_dimer_output_esmfold2_fast,2xpn,0.801,0.851,2.322,1.172
2xpn,42,4,0.9387,0.8251,0.9243,0.9521,0.8723,0.488,2.789,PepSet_dimer_output_esmfold2_fast,2xpn,0.764,0.872,2.789,1.45
2xpn,43,0,0.9433,0.8532,0.9319,0.9561,0.901,0.4572,2.1988,PepSet_dimer_output_esmfold2_fast,2xpn,0.829,0.915,2.199,1.135
2xpn,43,1,0.9438,0.8497,0.9319,0.9568,0.8973,0.4007,2.3431,PepSet_dimer_output_esmfold2_fast,2xpn,0.804,0.872,2.343,1.195
2xpn,43,2,0.9351,0.8416,0.9233,0.9513,0.8935,0.4527,2.3421,PepSet_dimer_output_esmfold2_fast,2xpn,0.817,0.915,2.342,1.211
2xpn,43,3,0.9416,0.8467,0.9296,0.9562,0.8969,0.4176,2.4459,PepSet_dimer_output_esmfold2_fast,2xpn,0.767,0.787,2.446,1.247
2xpn,43,4,0.9449,0.8525,0.9332,0.9578,0.9014,0.4471,2.443,PepSet_dimer_output_esmfold2_fast,2xpn,0.782,0.83,2.443,1.244
2xpn,44,0,0.9446,0.8577,0.9336,0.9575,0.9059,0.4293,2.1806,PepSet_dimer_output_esmfold2_fast,2xpn,0.835,0.915,2.181,1.097
2xpn,44,1,0.9449,0.8552,0.9336,0.9585,0.9039,0.3875,2.2677,PepSet_dimer_output_esmfold2_fast,2xpn,0.828,0.915,2.268,1.139
2xpn,44,2,0.9453,0.8497,0.9332,0.9582,0.8968,0.4544,2.4127,PepSet_dimer_output_esmfold2_fast,2xpn,0.791,0.851,2.413,1.23
2xpn,44,3,0.9456,0.8499,0.9335,0.9583,0.8969,0.4283,2.3826,PepSet_dimer_output_esmfold2_fast,2xpn,0.793,0.851,2.383,1.221
2xpn,44,4,0.9442,0.8556,0.933,0.9574,0.9042,0.4567,2.0772,PepSet_dimer_output_esmfold2_fast,2xpn,0.838,0.915,2.077,1.086
2xrw,42,0,0.8643,0.8555,0.864,0.8844,0.9372,1.9581,2.9945,PepSet_dimer_output_esmfold2_fast,2xrw,0.822,1.0,2.994,1.285
2xrw,42,1,0.8682,0.8607,0.868,0.8776,0.9383,1.738,3.2415,PepSet_dimer_output_esmfold2_fast,2xrw,0.809,1.0,3.242,1.348
2xrw,42,2,0.8745,0.86,0.874,0.9002,0.9379,1.7537,3.3569,PepSet_dimer_output_esmfold2_fast,2xrw,0.797,1.0,3.357,1.422
2xrw,42,3,0.8765,0.8615,0.876,0.907,0.9404,1.9749,3.3444,PepSet_dimer_output_esmfold2_fast,2xrw,0.801,1.0,3.344,1.395
2xrw,42,4,0.8745,0.8578,0.8739,0.8774,0.9385,1.6159,3.5846,PepSet_dimer_output_esmfold2_fast,2xrw,0.786,1.0,3.585,1.474
2xrw,43,0,0.8649,0.8569,0.8647,0.8757,0.9336,1.9487,3.2148,PepSet_dimer_output_esmfold2_fast,2xrw,0.804,1.0,3.215,1.394
2xrw,43,1,0.871,0.8557,0.8705,0.8968,0.9339,2.2638,3.2998,PepSet_dimer_output_esmfold2_fast,2xrw,0.8,1.0,3.3,1.413
2xrw,43,2,0.864,0.8585,0.8638,0.8564,0.9387,2.1465,3.1862,PepSet_dimer_output_esmfold2_fast,2xrw,0.805,1.0,3.186,1.391
2xrw,43,3,0.8709,0.8459,0.8701,0.9012,0.9282,1.742,3.2986,PepSet_dimer_output_esmfold2_fast,2xrw,0.795,0.975,3.299,1.385
2xrw,43,4,0.865,0.8612,0.8649,0.8638,0.9401,1.8908,3.3464,PepSet_dimer_output_esmfold2_fast,2xrw,0.798,1.0,3.346,1.419
2xrw,44,0,0.8732,0.8618,0.8729,0.888,0.941,1.6847,3.3151,PepSet_dimer_output_esmfold2_fast,2xrw,0.799,1.0,3.315,1.417
2xrw,44,1,0.8746,0.8606,0.8742,0.9063,0.9388,1.9331,3.2826,PepSet_dimer_output_esmfold2_fast,2xrw,0.803,1.0,3.283,1.391
2xrw,44,2,0.8644,0.8612,0.8643,0.8879,0.9393,1.8282,3.1688,PepSet_dimer_output_esmfold2_fast,2xrw,0.806,1.0,3.169,1.385
2xrw,44,3,0.8771,0.8616,0.8766,0.9072,0.9387,1.6821,3.3697,PepSet_dimer_output_esmfold2_fast,2xrw,0.795,1.0,3.37,1.442
2xrw,44,4,0.873,0.8564,0.8725,0.8793,0.9357,1.5536,3.249,PepSet_dimer_output_esmfold2_fast,2xrw,0.803,1.0,3.249,1.397
2ymt,42,0,0.9574,0.92,0.9557,0.9588,0.9569,0.3044,0.894,PepSet_dimer_output_esmfold2_fast,2ymt,0.959,0.935,0.894,0.333
2ymt,42,1,0.9585,0.9197,0.9567,0.9596,0.958,0.2691,0.9388,PepSet_dimer_output_esmfold2_fast,2ymt,0.968,0.968,0.939,0.355
2ymt,42,2,0.9575,0.9169,0.9556,0.9588,0.9522,0.3608,0.4162,PepSet_dimer_output_esmfold2_fast,2ymt,0.983,0.968,0.416,0.201
2ymt,42,3,0.9577,0.919,0.9559,0.9585,0.9543,0.299,0.7921,PepSet_dimer_output_esmfold2_fast,2ymt,0.962,0.935,0.792,0.308
2ymt,42,4,0.9592,0.921,0.9574,0.9603,0.9583,0.2405,0.871,PepSet_dimer_output_esmfold2_fast,2ymt,0.97,0.968,0.871,0.33
2ymt,43,0,0.9576,0.9155,0.9556,0.9581,0.9524,0.3732,0.8146,PepSet_dimer_output_esmfold2_fast,2ymt,0.972,0.968,0.815,0.316
2ymt,43,1,0.9582,0.9184,0.9563,0.9588,0.9554,0.3725,0.8221,PepSet_dimer_output_esmfold2_fast,2ymt,0.971,0.968,0.822,0.324
2ymt,43,2,0.9587,0.9214,0.9569,0.9597,0.9565,0.3128,0.7013,PepSet_dimer_output_esmfold2_fast,2ymt,0.954,0.903,0.701,0.282
2ymt,43,3,0.9592,0.9218,0.9574,0.96,0.9595,0.2781,0.9362,PepSet_dimer_output_esmfold2_fast,2ymt,0.969,0.968,0.936,0.344
2ymt,43,4,0.9573,0.9215,0.9556,0.9584,0.9567,0.4983,0.4746,PepSet_dimer_output_esmfold2_fast,2ymt,0.982,0.968,0.475,0.207
2ymt,44,0,0.9557,0.9165,0.9539,0.9569,0.9533,0.4337,0.9113,PepSet_dimer_output_esmfold2_fast,2ymt,0.97,0.968,0.911,0.333
2ymt,44,1,0.9585,0.919,0.9566,0.9595,0.9553,0.3201,0.9254,PepSet_dimer_output_esmfold2_fast,2ymt,0.946,0.903,0.925,0.352
2ymt,44,2,0.9584,0.9138,0.9563,0.9589,0.9479,0.275,0.6023,PepSet_dimer_output_esmfold2_fast,2ymt,0.979,0.968,0.602,0.248
2ymt,44,3,0.9588,0.9164,0.9568,0.9597,0.9523,0.2752,0.6271,PepSet_dimer_output_esmfold2_fast,2ymt,0.978,0.968,0.627,0.252
2ymt,44,4,0.959,0.921,0.9572,0.9597,0.9582,0.2278,0.8856,PepSet_dimer_output_esmfold2_fast,2ymt,0.97,0.968,0.886,0.334
3agy,42,0,0.9271,0.8939,0.9258,0.8607,0.95,1.0335,1.0865,PepSet_dimer_output_esmfold2_fast,3agy,0.961,0.967,1.086,0.4
3agy,42,1,0.9252,0.8814,0.9236,0.8559,0.9488,1.9117,2.1681,PepSet_dimer_output_esmfold2_fast,3agy,0.905,0.967,2.168,0.73
3agy,42,2,0.9279,0.8926,0.9266,0.8694,0.9513,1.6137,1.8499,PepSet_dimer_output_esmfold2_fast,3agy,0.924,0.933,1.85,0.544
3agy,42,3,0.9251,0.8933,0.9239,0.8608,0.9491,1.2237,1.321,PepSet_dimer_output_esmfold2_fast,3agy,0.955,0.967,1.321,0.436
3agy,42,4,0.9252,0.8927,0.924,0.8642,0.952,1.0941,1.3076,PepSet_dimer_output_esmfold2_fast,3agy,0.95,0.967,1.308,0.48
3agy,43,0,0.9283,0.8948,0.927,0.871,0.9507,1.2688,1.4122,PepSet_dimer_output_esmfold2_fast,3agy,0.951,0.967,1.412,0.46
3agy,43,1,0.9274,0.895,0.9261,0.87,0.9507,1.3073,1.4083,PepSet_dimer_output_esmfold2_fast,3agy,0.953,0.967,1.408,0.448
3agy,43,2,0.9276,0.8907,0.9262,0.8602,0.9508,1.5256,1.7294,PepSet_dimer_output_esmfold2_fast,3agy,0.942,0.967,1.729,0.501
3agy,43,3,0.9287,0.8951,0.9274,0.8725,0.9525,1.2291,1.5258,PepSet_dimer_output_esmfold2_fast,3agy,0.946,0.967,1.526,0.49
3agy,43,4,0.9272,0.8948,0.926,0.8685,0.9505,1.214,1.5243,PepSet_dimer_output_esmfold2_fast,3agy,0.941,0.967,1.524,0.531
3agy,44,0,0.9271,0.8942,0.9258,0.8697,0.9507,1.5697,1.6823,PepSet_dimer_output_esmfold2_fast,3agy,0.941,0.967,1.682,0.52
3agy,44,1,0.9258,0.8951,0.9246,0.8657,0.9507,1.0896,1.1846,PepSet_dimer_output_esmfold2_fast,3agy,0.956,0.967,1.185,0.442
3agy,44,2,0.9286,0.8964,0.9274,0.8699,0.9515,1.2344,1.3504,PepSet_dimer_output_esmfold2_fast,3agy,0.952,0.967,1.35,0.457
3agy,44,3,0.928,0.8958,0.9268,0.8696,0.9506,1.2014,1.3717,PepSet_dimer_output_esmfold2_fast,3agy,0.949,0.967,1.372,0.48
3agy,44,4,0.9246,0.8888,0.9233,0.8548,0.9476,1.0576,1.0655,PepSet_dimer_output_esmfold2_fast,3agy,0.955,0.967,1.065,0.46
3bej,42,0,0.8778,0.7391,0.8713,0.9158,0.795,0.853,2.1758,PepSet_dimer_output_esmfold2_fast,3bej,0.769,0.711,2.176,1.081
3bej,42,1,0.8754,0.7292,0.8686,0.9125,0.7789,0.8663,2.1202,PepSet_dimer_output_esmfold2_fast,3bej,0.766,0.711,2.12,1.111
3bej,42,2,0.8761,0.7275,0.8691,0.9137,0.7758,0.9302,1.3923,PepSet_dimer_output_esmfold2_fast,3bej,0.834,0.789,1.392,0.89
3bej,42,3,0.8673,0.7415,0.8614,0.9111,0.7962,1.1646,2.0994,PepSet_dimer_output_esmfold2_fast,3bej,0.769,0.711,2.099,1.093
3bej,42,4,0.8794,0.7438,0.8731,0.9168,0.7993,0.859,2.1593,PepSet_dimer_output_esmfold2_fast,3bej,0.766,0.711,2.159,1.108
3bej,43,0,0.8791,0.7404,0.8726,0.916,0.7941,0.9357,2.5729,PepSet_dimer_output_esmfold2_fast,3bej,0.76,0.763,2.573,1.226
3bej,43,1,0.8784,0.7362,0.8718,0.9158,0.7922,0.875,2.2758,PepSet_dimer_output_esmfold2_fast,3bej,0.761,0.711,2.276,1.13
3bej,43,2,0.8782,0.7405,0.8717,0.9158,0.7905,0.8922,1.8451,PepSet_dimer_output_esmfold2_fast,3bej,0.807,0.763,1.845,0.974
3bej,43,3,0.8765,0.7372,0.87,0.9134,0.7865,0.9146,2.2441,PepSet_dimer_output_esmfold2_fast,3bej,0.776,0.737,2.244,1.083
3bej,43,4,0.8626,0.7317,0.8564,0.9027,0.7833,1.3935,1.9541,PepSet_dimer_output_esmfold2_fast,3bej,0.78,0.737,1.954,1.091
3bej,44,0,0.8721,0.7397,0.8659,0.9121,0.789,0.993,2.1506,PepSet_dimer_output_esmfold2_fast,3bej,0.773,0.737,2.151,1.117
3bej,44,1,0.877,0.7387,0.8705,0.9148,0.7929,0.9218,2.421,PepSet_dimer_output_esmfold2_fast,3bej,0.76,0.711,2.421,1.117
3bej,44,2,0.878,0.7405,0.8715,0.9164,0.7946,0.8822,2.1423,PepSet_dimer_output_esmfold2_fast,3bej,0.776,0.737,2.142,1.102
3bej,44,3,0.8773,0.7433,0.8711,0.9155,0.7988,0.8637,1.9431,PepSet_dimer_output_esmfold2_fast,3bej,0.808,0.789,1.943,1.021
3bej,44,4,0.8774,0.739,0.8709,0.9155,0.7944,0.9295,1.8658,PepSet_dimer_output_esmfold2_fast,3bej,0.786,0.711,1.866,0.997
3bqo,42,0,0.9079,0.8113,0.9021,0.9178,0.8819,1.2553,1.4545,PepSet_dimer_output_esmfold2_fast,3bqo,0.907,0.891,1.454,0.61
3bqo,42,1,0.9086,0.8182,0.9031,0.9304,0.8891,1.8648,2.1389,PepSet_dimer_output_esmfold2_fast,3bqo,0.851,0.875,2.139,0.892
3bqo,42,2,0.9145,0.8096,0.9082,0.9292,0.8875,1.1709,1.6984,PepSet_dimer_output_esmfold2_fast,3bqo,0.873,0.828,1.698,0.683
3bqo,42,3,0.9077,0.823,0.9026,0.9211,0.8859,1.06,1.2489,PepSet_dimer_output_esmfold2_fast,3bqo,0.931,0.938,1.249,0.565
3bqo,42,4,0.9052,0.8174,0.8999,0.9236,0.8838,1.8369,1.2675,PepSet_dimer_output_esmfold2_fast,3bqo,0.908,0.875,1.267,0.582
3bqo,43,0,0.9078,0.8218,0.9026,0.9263,0.8869,1.4931,1.8054,PepSet_dimer_output_esmfold2_fast,3bqo,0.883,0.891,1.805,0.747
3bqo,43,1,0.9056,0.8208,0.9005,0.9218,0.8882,1.0905,1.9383,PepSet_dimer_output_esmfold2_fast,3bqo,0.877,0.906,1.938,0.81
3bqo,43,2,0.909,0.8255,0.904,0.9262,0.888,1.7707,1.2332,PepSet_dimer_output_esmfold2_fast,3bqo,0.908,0.875,1.233,0.582
3bqo,43,3,0.9098,0.825,0.9047,0.9211,0.887,1.0951,1.3822,PepSet_dimer_output_esmfold2_fast,3bqo,0.899,0.875,1.382,0.633
3bqo,43,4,0.9097,0.8238,0.9045,0.9258,0.8865,1.1897,1.2326,PepSet_dimer_output_esmfold2_fast,3bqo,0.927,0.922,1.233,0.556
3bqo,44,0,0.9103,0.8204,0.9048,0.9255,0.8855,1.1738,1.6391,PepSet_dimer_output_esmfold2_fast,3bqo,0.903,0.922,1.639,0.695
3bqo,44,1,0.9052,0.8227,0.9002,0.9246,0.8859,1.8792,1.5457,PepSet_dimer_output_esmfold2_fast,3bqo,0.9,0.906,1.546,0.688
3bqo,44,2,0.9083,0.8217,0.9031,0.9248,0.8854,1.6732,1.6075,PepSet_dimer_output_esmfold2_fast,3bqo,0.907,0.922,1.607,0.667
3bqo,44,3,0.9064,0.8208,0.9012,0.9213,0.8857,1.2836,1.4168,PepSet_dimer_output_esmfold2_fast,3bqo,0.895,0.859,1.417,0.625
3bqo,44,4,0.9132,0.8239,0.9078,0.9263,0.8868,1.0693,1.5497,PepSet_dimer_output_esmfold2_fast,3bqo,0.902,0.906,1.55,0.671
3emh,42,0,0.9721,0.7772,0.9683,0.983,0.8713,0.3206,1.146,PepSet_dimer_output_esmfold2_fast,3emh,0.9,0.767,1.146,0.338
3emh,42,1,0.9719,0.7791,0.9681,0.9831,0.8732,0.3281,1.2405,PepSet_dimer_output_esmfold2_fast,3emh,0.931,0.867,1.24,0.358
3emh,42,2,0.9722,0.7622,0.968,0.9826,0.8579,0.3166,1.0053,PepSet_dimer_output_esmfold2_fast,3emh,0.927,0.833,1.005,0.305
3emh,42,3,0.9726,0.7804,0.9689,0.9831,0.8794,0.3234,0.9331,PepSet_dimer_output_esmfold2_fast,3emh,0.94,0.867,0.933,0.283
3emh,42,4,0.9723,0.7778,0.9685,0.9832,0.8742,0.2986,1.1593,PepSet_dimer_output_esmfold2_fast,3emh,0.911,0.8,1.159,0.342
3emh,43,0,0.9718,0.7576,0.9676,0.9825,0.8511,0.3086,0.8822,PepSet_dimer_output_esmfold2_fast,3emh,0.93,0.833,0.882,0.279
3emh,43,1,0.9724,0.7715,0.9685,0.9828,0.8609,0.3143,0.5669,PepSet_dimer_output_esmfold2_fast,3emh,0.936,0.833,0.567,0.219
3emh,43,2,0.9719,0.7635,0.9678,0.9825,0.8577,0.2753,1.5758,PepSet_dimer_output_esmfold2_fast,3emh,0.918,0.867,1.576,0.442
3emh,43,3,0.9722,0.7568,0.968,0.9824,0.8465,0.3047,0.7041,PepSet_dimer_output_esmfold2_fast,3emh,0.934,0.833,0.704,0.242
3emh,43,4,0.9722,0.7667,0.9681,0.9827,0.862,0.3056,0.9529,PepSet_dimer_output_esmfold2_fast,3emh,0.939,0.867,0.953,0.293
3emh,44,0,0.9713,0.7732,0.9674,0.9824,0.8644,0.3009,0.9469,PepSet_dimer_output_esmfold2_fast,3emh,0.95,0.9,0.947,0.291
3emh,44,1,0.9722,0.7701,0.9682,0.9826,0.8606,0.2967,0.7292,PepSet_dimer_output_esmfold2_fast,3emh,0.933,0.833,0.729,0.245
3emh,44,2,0.9725,0.7754,0.9686,0.9828,0.8663,0.3135,0.8209,PepSet_dimer_output_esmfold2_fast,3emh,0.943,0.867,0.821,0.263
3emh,44,3,0.9724,0.7773,0.9685,0.9827,0.8659,0.3244,0.7769,PepSet_dimer_output_esmfold2_fast,3emh,0.932,0.833,0.777,0.254
3emh,44,4,0.9716,0.772,0.9677,0.9825,0.8625,0.3532,0.7912,PepSet_dimer_output_esmfold2_fast,3emh,0.921,0.8,0.791,0.259
3emw,42,0,0.9202,0.7837,0.9156,0.9447,0.8539,1.203,5.6065,PepSet_dimer_output_esmfold2_fast,3emw,0.451,0.303,5.607,2.036
3emw,42,1,0.9204,0.7143,0.9134,0.9436,0.7776,0.9625,7.5446,PepSet_dimer_output_esmfold2_fast,3emw,0.412,0.455,7.545,2.808
3emw,42,2,0.9263,0.8531,0.9238,0.9498,0.8978,1.3232,1.3104,PepSet_dimer_output_esmfold2_fast,3emw,0.923,0.909,1.31,0.542
3emw,42,3,0.9213,0.8722,0.9196,0.9471,0.9201,1.2972,0.7469,PepSet_dimer_output_esmfold2_fast,3emw,0.965,0.939,0.747,0.287
3emw,42,4,0.9162,0.7761,0.9115,0.9417,0.8497,1.054,5.5366,PepSet_dimer_output_esmfold2_fast,3emw,0.462,0.333,5.537,2.035
3emw,43,0,0.921,0.7349,0.9147,0.9426,0.853,0.8492,6.8369,PepSet_dimer_output_esmfold2_fast,3emw,0.4,0.333,6.837,2.539
3emw,43,1,0.9203,0.7544,0.9147,0.9441,0.854,1.341,5.6717,PepSet_dimer_output_esmfold2_fast,3emw,0.43,0.273,5.672,2.159
3emw,43,2,0.921,0.7774,0.9161,0.9446,0.8526,0.8812,5.3662,PepSet_dimer_output_esmfold2_fast,3emw,0.469,0.333,5.366,2.009
3emw,43,3,0.9243,0.7786,0.9194,0.9471,0.8576,0.9002,5.4552,PepSet_dimer_output_esmfold2_fast,3emw,0.465,0.333,5.455,2.024
3emw,43,4,0.9217,0.7607,0.9163,0.944,0.8553,1.1087,6.4228,PepSet_dimer_output_esmfold2_fast,3emw,0.421,0.333,6.423,2.324
3emw,44,0,0.9211,0.7469,0.9152,0.9452,0.8556,0.9985,6.7192,PepSet_dimer_output_esmfold2_fast,3emw,0.396,0.303,6.719,2.473
3emw,44,1,0.9235,0.7832,0.9188,0.946,0.8539,1.0562,5.5652,PepSet_dimer_output_esmfold2_fast,3emw,0.463,0.333,5.565,2.022
3emw,44,2,0.92,0.7432,0.914,0.9427,0.8531,1.5674,6.7779,PepSet_dimer_output_esmfold2_fast,3emw,0.388,0.303,6.778,2.593
3emw,44,3,0.9219,0.7772,0.917,0.9447,0.8539,0.9405,5.359,PepSet_dimer_output_esmfold2_fast,3emw,0.459,0.303,5.359,2.01
3emw,44,4,0.9197,0.7811,0.915,0.9441,0.851,1.1677,5.4472,PepSet_dimer_output_esmfold2_fast,3emw,0.463,0.333,5.447,2.054
3et3,42,0,0.9065,0.7613,0.8981,0.933,0.8436,2.6193,1.3249,PepSet_dimer_output_esmfold2_fast,3et3,0.915,0.894,1.325,0.565
3et3,42,1,0.9102,0.7555,0.9012,0.9371,0.8327,1.7023,1.7641,PepSet_dimer_output_esmfold2_fast,3et3,0.851,0.851,1.764,0.885
3et3,42,2,0.9068,0.7589,0.8983,0.9352,0.8395,1.8106,1.2477,PepSet_dimer_output_esmfold2_fast,3et3,0.912,0.894,1.248,0.598
3et3,42,3,0.9053,0.7665,0.8973,0.9341,0.8383,1.9603,2.4533,PepSet_dimer_output_esmfold2_fast,3et3,0.807,0.894,2.453,1.216
3et3,42,4,0.9119,0.7705,0.9037,0.9396,0.8497,2.0268,1.4925,PepSet_dimer_output_esmfold2_fast,3et3,0.911,0.894,1.492,0.58
3et3,43,0,0.9118,0.7614,0.903,0.9388,0.8428,1.8458,1.3292,PepSet_dimer_output_esmfold2_fast,3et3,0.909,0.872,1.329,0.558
3et3,43,1,0.9102,0.7652,0.9018,0.9379,0.8446,1.873,1.2176,PepSet_dimer_output_esmfold2_fast,3et3,0.897,0.872,1.218,0.658
3et3,43,2,0.908,0.7531,0.899,0.933,0.8291,2.6318,2.2628,PepSet_dimer_output_esmfold2_fast,3et3,0.81,0.83,2.263,1.058
3et3,43,3,0.911,0.7665,0.9026,0.9386,0.8353,2.0049,2.268,PepSet_dimer_output_esmfold2_fast,3et3,0.813,0.851,2.268,1.088
3et3,43,4,0.9115,0.7574,0.9026,0.9384,0.8378,1.9115,1.223,PepSet_dimer_output_esmfold2_fast,3et3,0.923,0.894,1.223,0.508
3et3,44,0,0.907,0.7661,0.8988,0.9372,0.8452,1.9105,1.4691,PepSet_dimer_output_esmfold2_fast,3et3,0.893,0.872,1.469,0.668
3et3,44,1,0.9101,0.7585,0.9013,0.9377,0.8345,2.0251,2.6093,PepSet_dimer_output_esmfold2_fast,3et3,0.801,0.872,2.609,1.185
3et3,44,2,0.9081,0.7632,0.8997,0.9336,0.841,2.6198,1.2691,PepSet_dimer_output_esmfold2_fast,3et3,0.925,0.915,1.269,0.549
3et3,44,3,0.9075,0.7597,0.8989,0.9345,0.8404,2.3952,0.6768,PepSet_dimer_output_esmfold2_fast,3et3,0.942,0.872,0.677,0.303
3et3,44,4,0.9107,0.7662,0.9023,0.9384,0.8451,1.9712,1.4288,PepSet_dimer_output_esmfold2_fast,3et3,0.918,0.894,1.429,0.53
3fp2,42,0,0.8246,0.7055,0.8233,0.6862,0.8873,9.6982,18.1462,PepSet_dimer_output_esmfold2_fast,3fp2,0.436,0.792,18.146,2.111
3fp2,42,1,0.8161,0.71,0.815,0.6819,0.8845,7.7659,11.5048,PepSet_dimer_output_esmfold2_fast,3fp2,0.515,0.792,11.505,1.839
3fp2,42,2,0.8275,0.685,0.8261,0.6825,0.8777,8.8511,17.5598,PepSet_dimer_output_esmfold2_fast,3fp2,0.422,0.75,17.56,2.153
3fp2,42,3,0.8187,0.6893,0.8173,0.6692,0.8833,6.6926,10.0629,PepSet_dimer_output_esmfold2_fast,3fp2,0.51,0.792,10.063,2.171
3fp2,42,4,0.8204,0.7064,0.8192,0.6761,0.8844,11.9939,19.7426,PepSet_dimer_output_esmfold2_fast,3fp2,0.435,0.833,19.743,2.204
3fp2,43,0,0.8199,0.6975,0.8186,0.6722,0.8803,10.1004,20.7961,PepSet_dimer_output_esmfold2_fast,3fp2,0.422,0.833,20.796,2.356
3fp2,43,1,0.801,0.7048,0.8,0.6592,0.8815,12.537,18.5659,PepSet_dimer_output_esmfold2_fast,3fp2,0.452,0.833,18.566,2.05
3fp2,43,2,0.8239,0.6941,0.8225,0.6736,0.8802,13.8883,15.8001,PepSet_dimer_output_esmfold2_fast,3fp2,0.457,0.833,15.8,2.219
3fp2,43,3,0.8246,0.7005,0.8233,0.682,0.8826,9.9293,19.0395,PepSet_dimer_output_esmfold2_fast,3fp2,0.431,0.833,19.04,2.329
3fp2,43,4,0.8063,0.6346,0.8046,0.6582,0.8106,13.0913,17.6619,PepSet_dimer_output_esmfold2_fast,3fp2,0.498,0.917,17.662,1.882
3fp2,44,0,0.8165,0.6988,0.8153,0.6836,0.8864,8.6838,17.8211,PepSet_dimer_output_esmfold2_fast,3fp2,0.426,0.792,17.821,2.278
3fp2,44,1,0.8235,0.7072,0.8223,0.6802,0.892,6.1038,10.9748,PepSet_dimer_output_esmfold2_fast,3fp2,0.56,0.833,10.975,1.585
3fp2,44,2,0.8132,0.7158,0.8122,0.6725,0.8895,10.3409,21.2549,PepSet_dimer_output_esmfold2_fast,3fp2,0.413,0.792,21.255,2.245
3fp2,44,3,0.829,0.7095,0.8277,0.6882,0.8906,9.027,17.9344,PepSet_dimer_output_esmfold2_fast,3fp2,0.443,0.833,17.934,2.224
3fp2,44,4,0.8258,0.703,0.8245,0.6829,0.8895,9.6292,19.8739,PepSet_dimer_output_esmfold2_fast,3fp2,0.428,0.833,19.874,2.315
3g2s,42,0,0.9339,0.8071,0.9251,0.936,0.8907,1.669,4.2085,PepSet_dimer_output_esmfold2_fast,3g2s,0.788,0.973,4.208,1.256
3g2s,42,1,0.9243,0.8074,0.9161,0.9297,0.8878,1.86,4.4332,PepSet_dimer_output_esmfold2_fast,3g2s,0.783,0.973,4.433,1.252
3g2s,42,2,0.9332,0.8091,0.9245,0.9338,0.8907,2.31,4.5795,PepSet_dimer_output_esmfold2_fast,3g2s,0.744,0.973,4.58,1.547
3g2s,42,3,0.9316,0.8025,0.9225,0.9342,0.887,2.4729,4.4942,PepSet_dimer_output_esmfold2_fast,3g2s,0.794,0.973,4.494,1.158
3g2s,42,4,0.9333,0.8078,0.9245,0.9352,0.8908,2.115,2.488,PepSet_dimer_output_esmfold2_fast,3g2s,0.876,0.973,2.488,0.905
3g2s,43,0,0.9327,0.8049,0.9237,0.936,0.892,1.9123,2.7444,PepSet_dimer_output_esmfold2_fast,3g2s,0.853,0.919,2.744,0.901
3g2s,43,1,0.9314,0.8125,0.9231,0.936,0.8892,1.4919,2.5923,PepSet_dimer_output_esmfold2_fast,3g2s,0.883,1.0,2.592,0.904
3g2s,43,2,0.9326,0.8134,0.9242,0.9359,0.8903,1.6291,4.0207,PepSet_dimer_output_esmfold2_fast,3g2s,0.799,0.973,4.021,1.207
3g2s,43,3,0.934,0.8101,0.9254,0.9364,0.89,2.1158,2.6873,PepSet_dimer_output_esmfold2_fast,3g2s,0.857,0.973,2.687,1.008
3g2s,43,4,0.9327,0.8124,0.9243,0.9365,0.889,1.6841,0.8222,PepSet_dimer_output_esmfold2_fast,3g2s,0.939,1.0,0.822,0.69
3g2s,44,0,0.9299,0.813,0.9217,0.933,0.8884,1.8551,3.3294,PepSet_dimer_output_esmfold2_fast,3g2s,0.864,0.973,3.329,0.862
3g2s,44,1,0.9324,0.8044,0.9235,0.9354,0.8904,1.9775,2.4176,PepSet_dimer_output_esmfold2_fast,3g2s,0.89,0.973,2.418,0.815
3g2s,44,2,0.9316,0.7916,0.9218,0.9319,0.888,2.6603,3.3215,PepSet_dimer_output_esmfold2_fast,3g2s,0.838,0.973,3.322,1.045
3g2s,44,3,0.9319,0.8114,0.9235,0.9348,0.8874,2.6252,2.3125,PepSet_dimer_output_esmfold2_fast,3g2s,0.902,0.973,2.312,0.745
3g2s,44,4,0.9315,0.8107,0.923,0.9349,0.8878,1.2938,0.7655,PepSet_dimer_output_esmfold2_fast,3g2s,0.935,0.973,0.766,0.654
3h1z,42,0,0.9341,0.3715,0.9001,0.9114,0.2822,1.0075,18.3136,PepSet_dimer_output_esmfold2_fast,3h1z,0.115,0.132,18.314,7.932
3h1z,42,1,0.9362,0.3533,0.9009,0.9124,0.2683,1.0426,14.3049,PepSet_dimer_output_esmfold2_fast,3h1z,0.122,0.038,14.305,5.609
3h1z,42,2,0.9346,0.3432,0.8988,0.9106,0.2491,0.9512,6.1485,PepSet_dimer_output_esmfold2_fast,3h1z,0.424,0.396,6.149,2.836
3h1z,42,3,0.9348,0.3363,0.8986,0.9104,0.2461,1.0048,8.9896,PepSet_dimer_output_esmfold2_fast,3h1z,0.308,0.321,8.99,3.835
3h1z,42,4,0.9348,0.3967,0.9023,0.9139,0.3184,0.9287,18.2101,PepSet_dimer_output_esmfold2_fast,3h1z,0.109,0.113,18.21,8.054
3h1z,43,0,0.9345,0.3609,0.8998,0.9121,0.288,0.9165,12.1372,PepSet_dimer_output_esmfold2_fast,3h1z,0.184,0.132,12.137,4.747
3h1z,43,1,0.9367,0.3545,0.9015,0.9115,0.2468,1.0721,15.005,PepSet_dimer_output_esmfold2_fast,3h1z,0.127,0.075,15.005,5.771
3h1z,43,2,0.9334,0.3583,0.8986,0.9123,0.2992,0.9486,19.263,PepSet_dimer_output_esmfold2_fast,3h1z,0.096,0.094,19.263,8.491
3h1z,43,3,0.9361,0.3805,0.9025,0.9121,0.2925,1.0562,23.1914,PepSet_dimer_output_esmfold2_fast,3h1z,0.09,0.132,23.191,10.322
3h1z,43,4,0.9348,0.3745,0.9009,0.9142,0.3132,1.0486,17.8669,PepSet_dimer_output_esmfold2_fast,3h1z,0.118,0.132,17.867,7.768
3h1z,44,0,0.9343,0.3507,0.899,0.9126,0.2874,0.9641,9.1775,PepSet_dimer_output_esmfold2_fast,3h1z,0.296,0.302,9.178,3.965
3h1z,44,1,0.9378,0.3728,0.9037,0.9151,0.2989,1.0822,19.2247,PepSet_dimer_output_esmfold2_fast,3h1z,0.109,0.132,19.225,8.529
3h1z,44,2,0.9313,0.3828,0.8981,0.9105,0.3044,0.9163,22.2357,PepSet_dimer_output_esmfold2_fast,3h1z,0.107,0.17,22.236,9.589
3h1z,44,3,0.9331,0.3811,0.8997,0.9117,0.3295,1.0579,18.4489,PepSet_dimer_output_esmfold2_fast,3h1z,0.107,0.113,18.449,8.097
3h1z,44,4,0.9386,0.4749,0.9106,0.9194,0.4192,0.8176,23.7124,PepSet_dimer_output_esmfold2_fast,3h1z,0.082,0.113,23.712,10.508
3i5r,42,0,0.9335,0.8933,0.9295,0.9304,0.8882,0.8773,0.9086,PepSet_dimer_output_esmfold2_fast,3i5r,0.958,1.0,0.909,0.536
3i5r,42,1,0.9322,0.8945,0.9284,0.9294,0.8895,0.5605,0.895,PepSet_dimer_output_esmfold2_fast,3i5r,0.946,0.962,0.895,0.532
3i5r,42,2,0.9329,0.8909,0.9287,0.9271,0.8823,0.906,0.8551,PepSet_dimer_output_esmfold2_fast,3i5r,0.944,0.962,0.855,0.554
3i5r,42,3,0.936,0.8918,0.9316,0.9333,0.886,0.8849,0.994,PepSet_dimer_output_esmfold2_fast,3i5r,0.944,0.962,0.994,0.545
3i5r,42,4,0.9371,0.8905,0.9324,0.9332,0.884,0.8902,0.9549,PepSet_dimer_output_esmfold2_fast,3i5r,0.943,0.962,0.955,0.556
3i5r,43,0,0.9362,0.8922,0.9318,0.9324,0.8851,0.8787,0.8488,PepSet_dimer_output_esmfold2_fast,3i5r,0.946,0.962,0.849,0.534
3i5r,43,1,0.9311,0.8845,0.9264,0.9271,0.8777,0.8448,1.1053,PepSet_dimer_output_esmfold2_fast,3i5r,0.939,0.962,1.105,0.573
3i5r,43,2,0.9359,0.8942,0.9317,0.9336,0.8864,0.8851,0.8332,PepSet_dimer_output_esmfold2_fast,3i5r,0.947,0.962,0.833,0.529
3i5r,43,3,0.9364,0.893,0.932,0.9328,0.8854,0.8705,0.7902,PepSet_dimer_output_esmfold2_fast,3i5r,0.949,0.962,0.79,0.516
3i5r,43,4,0.9282,0.8909,0.9244,0.9262,0.8872,0.5422,0.8946,PepSet_dimer_output_esmfold2_fast,3i5r,0.946,0.962,0.895,0.532
3i5r,44,0,0.9367,0.8916,0.9322,0.9324,0.8838,0.8821,0.788,PepSet_dimer_output_esmfold2_fast,3i5r,0.96,1.0,0.788,0.532
3i5r,44,1,0.9358,0.8909,0.9313,0.9306,0.8833,0.8796,0.9042,PepSet_dimer_output_esmfold2_fast,3i5r,0.957,1.0,0.904,0.546
3i5r,44,2,0.9397,0.8927,0.935,0.9354,0.8858,0.8529,0.8965,PepSet_dimer_output_esmfold2_fast,3i5r,0.957,1.0,0.896,0.545
3i5r,44,3,0.9366,0.8931,0.9322,0.933,0.8858,0.894,0.735,PepSet_dimer_output_esmfold2_fast,3i5r,0.951,0.962,0.735,0.502
3i5r,44,4,0.9339,0.8932,0.9298,0.9317,0.8873,0.8823,0.806,PepSet_dimer_output_esmfold2_fast,3i5r,0.95,0.962,0.806,0.51
3obq,42,0,0.9335,0.8698,0.9296,0.9462,0.8987,0.6647,0.6165,PepSet_dimer_output_esmfold2_fast,3obq,0.931,0.889,0.617,0.477
3obq,42,1,0.9338,0.855,0.9291,0.946,0.8812,0.6107,0.6338,PepSet_dimer_output_esmfold2_fast,3obq,0.942,0.917,0.634,0.456
3obq,42,2,0.9319,0.8705,0.9282,0.9451,0.9015,0.6833,0.7052,PepSet_dimer_output_esmfold2_fast,3obq,0.932,0.917,0.705,0.535
3obq,42,3,0.9345,0.8774,0.9311,0.9473,0.9083,0.6568,0.6443,PepSet_dimer_output_esmfold2_fast,3obq,0.927,0.889,0.644,0.507
3obq,42,4,0.9302,0.8637,0.9262,0.9431,0.8959,0.5721,1.217,PepSet_dimer_output_esmfold2_fast,3obq,0.929,0.944,1.217,0.598
3obq,43,0,0.933,0.8553,0.9284,0.946,0.8886,0.6299,1.2478,PepSet_dimer_output_esmfold2_fast,3obq,0.903,0.889,1.248,0.649
3obq,43,1,0.934,0.8793,0.9307,0.947,0.909,0.6794,0.6536,PepSet_dimer_output_esmfold2_fast,3obq,0.949,0.944,0.654,0.479
3obq,43,2,0.9326,0.8766,0.9293,0.9453,0.9066,0.658,0.7263,PepSet_dimer_output_esmfold2_fast,3obq,0.941,0.917,0.726,0.463
3obq,43,3,0.9314,0.8483,0.9265,0.944,0.876,0.6452,1.2241,PepSet_dimer_output_esmfold2_fast,3obq,0.879,0.861,1.224,0.757
3obq,43,4,0.9328,0.8748,0.9293,0.9454,0.9072,0.6419,0.6832,PepSet_dimer_output_esmfold2_fast,3obq,0.946,0.917,0.683,0.422
3obq,44,0,0.9334,0.8783,0.9301,0.9456,0.9087,0.6681,0.5877,PepSet_dimer_output_esmfold2_fast,3obq,0.939,0.889,0.588,0.4
3obq,44,1,0.933,0.8518,0.9281,0.9451,0.8805,0.5909,1.072,PepSet_dimer_output_esmfold2_fast,3obq,0.919,0.889,1.072,0.541
3obq,44,2,0.9337,0.8486,0.9286,0.9456,0.874,0.6175,1.2689,PepSet_dimer_output_esmfold2_fast,3obq,0.904,0.889,1.269,0.646
3obq,44,3,0.9326,0.8744,0.9291,0.9454,0.9057,0.6385,1.1774,PepSet_dimer_output_esmfold2_fast,3obq,0.931,0.944,1.177,0.584
3obq,44,4,0.9338,0.8797,0.9306,0.9468,0.91,0.6208,0.86,PepSet_dimer_output_esmfold2_fast,3obq,0.931,0.917,0.86,0.54
3p72,42,0,0.9427,0.9419,0.9427,0.9662,0.9784,2.3754,0.9035,PepSet_dimer_output_esmfold2_fast,3p72,0.947,0.902,0.903,0.345
3p72,42,1,0.9425,0.9437,0.9425,0.9662,0.9795,2.3976,0.6259,PepSet_dimer_output_esmfold2_fast,3p72,0.955,0.902,0.626,0.272
3p72,42,2,0.9425,0.9416,0.9424,0.9665,0.9785,2.3055,0.887,PepSet_dimer_output_esmfold2_fast,3p72,0.948,0.902,0.887,0.332
3p72,42,3,0.9399,0.9402,0.9399,0.9661,0.9776,2.2996,0.9882,PepSet_dimer_output_esmfold2_fast,3p72,0.93,0.854,0.988,0.341
3p72,42,4,0.9416,0.9411,0.9416,0.9653,0.9781,2.3651,0.7318,PepSet_dimer_output_esmfold2_fast,3p72,0.95,0.902,0.732,0.325
3p72,43,0,0.941,0.9449,0.9412,0.966,0.9798,2.3757,0.7143,PepSet_dimer_output_esmfold2_fast,3p72,0.949,0.902,0.714,0.339
3p72,43,1,0.9423,0.9432,0.9423,0.9667,0.9791,2.2329,0.8788,PepSet_dimer_output_esmfold2_fast,3p72,0.942,0.878,0.879,0.308
3p72,43,2,0.9437,0.9425,0.9437,0.9679,0.9788,2.2568,0.7535,PepSet_dimer_output_esmfold2_fast,3p72,0.938,0.878,0.753,0.367
3p72,43,3,0.9439,0.9414,0.9438,0.9683,0.9781,2.251,0.8643,PepSet_dimer_output_esmfold2_fast,3p72,0.939,0.878,0.864,0.347
3p72,43,4,0.9429,0.944,0.943,0.9657,0.9792,2.2678,0.7041,PepSet_dimer_output_esmfold2_fast,3p72,0.946,0.878,0.704,0.273
3p72,44,0,0.9431,0.9443,0.9431,0.9664,0.9795,2.3804,0.5858,PepSet_dimer_output_esmfold2_fast,3p72,0.955,0.902,0.586,0.28
3p72,44,1,0.9427,0.9437,0.9428,0.9664,0.9789,2.2127,0.6115,PepSet_dimer_output_esmfold2_fast,3p72,0.944,0.878,0.612,0.312
3p72,44,2,0.9415,0.9408,0.9414,0.9655,0.9779,2.4675,0.943,PepSet_dimer_output_esmfold2_fast,3p72,0.931,0.854,0.943,0.336
3p72,44,3,0.9414,0.9433,0.9415,0.9663,0.9788,1.7327,0.5581,PepSet_dimer_output_esmfold2_fast,3p72,0.951,0.902,0.558,0.323
3p72,44,4,0.944,0.9424,0.9439,0.9685,0.9789,2.155,0.6237,PepSet_dimer_output_esmfold2_fast,3p72,0.933,0.854,0.624,0.34
3pe4,42,0,0.9477,0.4969,0.9388,0.9627,0.6498,1.3211,20.3731,PepSet_dimer_output_esmfold2_fast,3pe4,0.068,0.0,20.373,6.26
3pe4,42,1,0.9097,0.4999,0.9016,0.9317,0.6515,3.7639,20.4883,PepSet_dimer_output_esmfold2_fast,3pe4,0.067,0.0,20.488,6.289
3pe4,42,2,0.9047,0.4811,0.8963,0.9245,0.6517,4.6566,20.3542,PepSet_dimer_output_esmfold2_fast,3pe4,0.067,0.0,20.354,6.295
3pe4,42,3,0.9474,0.4979,0.9385,0.9623,0.6596,1.4012,20.6835,PepSet_dimer_output_esmfold2_fast,3pe4,0.066,0.0,20.684,6.366
3pe4,42,4,0.8948,0.5069,0.8872,0.9089,0.6617,4.9725,20.4143,PepSet_dimer_output_esmfold2_fast,3pe4,0.067,0.0,20.414,6.359
3pe4,43,0,0.9042,0.4964,0.8961,0.9263,0.6511,3.9691,20.1346,PepSet_dimer_output_esmfold2_fast,3pe4,0.069,0.0,20.135,6.241
3pe4,43,1,0.9476,0.492,0.9386,0.9619,0.6562,1.5535,20.1211,PepSet_dimer_output_esmfold2_fast,3pe4,0.069,0.0,20.121,6.196
3pe4,43,2,0.9317,0.4944,0.9231,0.9538,0.6572,3.9787,19.8593,PepSet_dimer_output_esmfold2_fast,3pe4,0.07,0.0,19.859,6.15
3pe4,43,3,0.8989,0.4868,0.8907,0.9114,0.6571,4.5496,21.0114,PepSet_dimer_output_esmfold2_fast,3pe4,0.064,0.0,21.011,6.476
3pe4,43,4,0.934,0.4854,0.9252,0.9548,0.6397,1.2433,20.4217,PepSet_dimer_output_esmfold2_fast,3pe4,0.067,0.0,20.422,6.29
3pe4,44,0,0.9076,0.4789,0.8992,0.9284,0.6407,3.917,20.2066,PepSet_dimer_output_esmfold2_fast,3pe4,0.069,0.0,20.207,6.17
3pe4,44,1,0.9464,0.4959,0.9375,0.9622,0.6489,1.5649,20.2493,PepSet_dimer_output_esmfold2_fast,3pe4,0.068,0.0,20.249,6.244
3pe4,44,2,0.8887,0.5041,0.8811,0.9036,0.6585,5.9353,20.1968,PepSet_dimer_output_esmfold2_fast,3pe4,0.065,0.0,20.197,6.905
3pe4,44,3,0.8931,0.4794,0.8849,0.9055,0.6438,4.7266,19.5677,PepSet_dimer_output_esmfold2_fast,3pe4,0.073,0.0,19.568,5.991
3pe4,44,4,0.9409,0.502,0.9322,0.9602,0.6525,1.4595,20.305,PepSet_dimer_output_esmfold2_fast,3pe4,0.068,0.0,20.305,6.267
3plu,42,0,0.9331,0.9321,0.9329,0.9466,0.9378,0.3339,0.4337,PepSet_dimer_output_esmfold2_fast,3plu,0.971,0.966,0.434,0.345
3plu,42,1,0.9343,0.9331,0.934,0.9474,0.939,0.4922,0.5402,PepSet_dimer_output_esmfold2_fast,3plu,0.965,0.966,0.54,0.403
3plu,42,2,0.9333,0.9348,0.9336,0.9464,0.9409,0.4064,0.5534,PepSet_dimer_output_esmfold2_fast,3plu,0.965,0.966,0.553,0.4
3plu,42,3,0.9344,0.9359,0.9347,0.9475,0.9424,0.3667,0.5769,PepSet_dimer_output_esmfold2_fast,3plu,0.969,0.966,0.577,0.356
3plu,42,4,0.9339,0.9334,0.9338,0.9475,0.94,0.3396,0.465,PepSet_dimer_output_esmfold2_fast,3plu,0.972,0.966,0.465,0.335
3plu,43,0,0.9355,0.936,0.9356,0.9483,0.9426,0.3607,0.5452,PepSet_dimer_output_esmfold2_fast,3plu,0.968,0.966,0.545,0.371
3plu,43,1,0.9334,0.9336,0.9335,0.9463,0.9385,0.3035,0.4243,PepSet_dimer_output_esmfold2_fast,3plu,0.972,0.966,0.424,0.332
3plu,43,2,0.9359,0.9345,0.9357,0.9487,0.9417,0.4324,0.5885,PepSet_dimer_output_esmfold2_fast,3plu,0.969,0.966,0.589,0.36
3plu,43,3,0.9355,0.9363,0.9357,0.949,0.9433,0.3713,0.5048,PepSet_dimer_output_esmfold2_fast,3plu,0.969,0.966,0.505,0.358
3plu,43,4,0.9347,0.9351,0.9348,0.9474,0.9408,0.3628,0.4503,PepSet_dimer_output_esmfold2_fast,3plu,0.97,0.966,0.45,0.358
3plu,44,0,0.9368,0.9357,0.9366,0.9495,0.9432,0.3571,0.5077,PepSet_dimer_output_esmfold2_fast,3plu,0.967,0.966,0.508,0.381
3plu,44,1,0.93,0.9326,0.9305,0.9434,0.9378,0.4948,0.3855,PepSet_dimer_output_esmfold2_fast,3plu,0.971,0.966,0.386,0.347
3plu,44,2,0.9356,0.9352,0.9355,0.9484,0.9415,0.3747,0.5575,PepSet_dimer_output_esmfold2_fast,3plu,0.967,0.966,0.557,0.38
3plu,44,3,0.9304,0.9299,0.9303,0.9423,0.9357,0.4868,0.4986,PepSet_dimer_output_esmfold2_fast,3plu,0.966,0.966,0.499,0.397
3plu,44,4,0.9334,0.9337,0.9335,0.946,0.9395,0.3795,0.4436,PepSet_dimer_output_esmfold2_fast,3plu,0.969,0.966,0.444,0.361
3r42,42,0,0.9049,0.8268,0.9011,0.9127,0.8819,1.2702,4.4769,PepSet_dimer_output_esmfold2_fast,3r42,0.608,0.594,4.477,1.664
3r42,42,1,0.9031,0.8274,0.8994,0.9106,0.8824,1.7527,4.4759,PepSet_dimer_output_esmfold2_fast,3r42,0.599,0.594,4.476,1.757
3r42,42,2,0.904,0.8226,0.9001,0.9122,0.8776,1.0598,4.2869,PepSet_dimer_output_esmfold2_fast,3r42,0.608,0.562,4.287,1.608
3r42,42,3,0.903,0.8312,0.8995,0.9123,0.887,1.0267,4.5729,PepSet_dimer_output_esmfold2_fast,3r42,0.587,0.562,4.573,1.753
3r42,42,4,0.8995,0.8215,0.8957,0.9061,0.8763,2.5831,4.4494,PepSet_dimer_output_esmfold2_fast,3r42,0.577,0.531,4.449,1.785
3r42,43,0,0.9034,0.8164,0.8991,0.9115,0.869,1.1982,4.5834,PepSet_dimer_output_esmfold2_fast,3r42,0.594,0.594,4.583,1.791
3r42,43,1,0.9033,0.8264,0.8995,0.9129,0.8821,1.1511,3.9601,PepSet_dimer_output_esmfold2_fast,3r42,0.62,0.562,3.96,1.573
3r42,43,2,0.9046,0.8233,0.9006,0.9134,0.8814,1.0608,4.0499,PepSet_dimer_output_esmfold2_fast,3r42,0.605,0.531,4.05,1.6
3r42,43,3,0.898,0.823,0.8943,0.906,0.8756,1.7924,4.6518,PepSet_dimer_output_esmfold2_fast,3r42,0.578,0.531,4.652,1.713
3r42,43,4,0.902,0.8216,0.8981,0.9102,0.877,1.3856,4.5092,PepSet_dimer_output_esmfold2_fast,3r42,0.583,0.531,4.509,1.698
3r42,44,0,0.9035,0.8301,0.9,0.9131,0.8852,0.9022,4.4649,PepSet_dimer_output_esmfold2_fast,3r42,0.59,0.562,4.465,1.745
3r42,44,1,0.9029,0.8269,0.8991,0.9111,0.8834,1.3795,4.6842,PepSet_dimer_output_esmfold2_fast,3r42,0.568,0.531,4.684,1.812
3r42,44,2,0.9031,0.8138,0.8987,0.9115,0.8676,1.0179,4.529,PepSet_dimer_output_esmfold2_fast,3r42,0.583,0.531,4.529,1.693
3r42,44,3,0.8992,0.8266,0.8957,0.9085,0.8829,1.5786,4.275,PepSet_dimer_output_esmfold2_fast,3r42,0.589,0.531,4.275,1.705
3r42,44,4,0.9015,0.829,0.898,0.9102,0.8836,1.2155,4.4156,PepSet_dimer_output_esmfold2_fast,3r42,0.598,0.562,4.416,1.674
3s9c,42,0,0.9398,0.6786,0.9322,0.9633,0.7472,1.539,5.668,PepSet_dimer_output_esmfold2_fast,3s9c,0.63,0.733,5.665,1.608
3s9c,42,1,0.9395,0.6723,0.9317,0.9626,0.7419,1.5348,6.1304,PepSet_dimer_output_esmfold2_fast,3s9c,0.599,0.711,6.127,1.733
3s9c,42,2,0.9442,0.6807,0.9366,0.9646,0.7441,1.5359,6.2486,PepSet_dimer_output_esmfold2_fast,3s9c,0.593,0.711,6.245,1.765
3s9c,42,3,0.9425,0.6736,0.9347,0.9641,0.7382,1.5371,5.6787,PepSet_dimer_output_esmfold2_fast,3s9c,0.615,0.689,5.675,1.615
3s9c,42,4,0.9396,0.6887,0.9323,0.9631,0.7583,1.5342,5.8944,PepSet_dimer_output_esmfold2_fast,3s9c,0.619,0.733,5.892,1.664
3s9c,43,0,0.938,0.678,0.9305,0.9612,0.751,1.5348,6.0639,PepSet_dimer_output_esmfold2_fast,3s9c,0.587,0.667,6.062,1.723
3s9c,43,1,0.9427,0.6763,0.935,0.9643,0.7444,1.5325,6.4335,PepSet_dimer_output_esmfold2_fast,3s9c,0.577,0.689,6.431,1.818
3s9c,43,2,0.9416,0.675,0.9339,0.9641,0.7406,1.5416,6.1831,PepSet_dimer_output_esmfold2_fast,3s9c,0.603,0.733,6.18,1.755
3s9c,43,3,0.9385,0.6771,0.931,0.9622,0.7464,1.5425,6.6548,PepSet_dimer_output_esmfold2_fast,3s9c,0.566,0.689,6.651,1.874
3s9c,43,4,0.9366,0.6704,0.9289,0.9608,0.7434,1.5463,6.3311,PepSet_dimer_output_esmfold2_fast,3s9c,0.581,0.689,6.328,1.8
3s9c,44,0,0.943,0.6685,0.9351,0.9639,0.7327,1.5331,6.3821,PepSet_dimer_output_esmfold2_fast,3s9c,0.594,0.733,6.38,1.799
3s9c,44,1,0.9414,0.6675,0.9335,0.9637,0.7358,1.5298,5.8974,PepSet_dimer_output_esmfold2_fast,3s9c,0.61,0.711,5.895,1.679
3s9c,44,2,0.942,0.5975,0.932,0.9617,0.7211,1.5309,3.2169,PepSet_dimer_output_esmfold2_fast,3s9c,0.78,0.778,3.215,1.012
3s9c,44,3,0.9375,0.5086,0.9251,0.958,0.7361,1.5352,1.4475,PepSet_dimer_output_esmfold2_fast,3s9c,0.927,0.956,1.449,0.622
3s9c,44,4,0.9407,0.6805,0.9331,0.9632,0.748,1.5359,6.2604,PepSet_dimer_output_esmfold2_fast,3s9c,0.601,0.733,6.257,1.761
3shb,42,0,0.9479,0.8451,0.9382,0.9109,0.8429,0.7036,5.1799,PepSet_dimer_output_esmfold2_fast,3shb,0.693,0.935,5.18,1.782
3shb,42,1,0.9484,0.8412,0.9382,0.9123,0.8514,0.8262,4.4762,PepSet_dimer_output_esmfold2_fast,3shb,0.728,0.935,4.476,1.605
3shb,42,2,0.9498,0.8308,0.9386,0.9144,0.8512,0.8128,4.4553,PepSet_dimer_output_esmfold2_fast,3shb,0.733,0.935,4.455,1.567
3shb,42,3,0.9503,0.8491,0.9407,0.9158,0.8515,0.7743,4.7842,PepSet_dimer_output_esmfold2_fast,3shb,0.71,0.935,4.784,1.704
3shb,42,4,0.9483,0.8418,0.9382,0.9126,0.8494,0.7975,4.9287,PepSet_dimer_output_esmfold2_fast,3shb,0.705,0.935,4.929,1.718
3shb,43,0,0.9511,0.8499,0.9415,0.9178,0.8565,0.9411,4.8084,PepSet_dimer_output_esmfold2_fast,3shb,0.708,0.935,4.808,1.722
3shb,43,1,0.9505,0.8503,0.941,0.9176,0.8568,0.7757,4.7014,PepSet_dimer_output_esmfold2_fast,3shb,0.713,0.935,4.701,1.703
3shb,43,2,0.9523,0.8508,0.9427,0.9196,0.8575,0.8028,4.7684,PepSet_dimer_output_esmfold2_fast,3shb,0.711,0.935,4.768,1.699
3shb,43,3,0.9488,0.7885,0.9337,0.908,0.8499,0.7784,0.9138,PepSet_dimer_output_esmfold2_fast,3shb,0.95,0.935,0.914,0.423
3shb,43,4,0.95,0.8457,0.9401,0.9155,0.8515,0.7195,4.6947,PepSet_dimer_output_esmfold2_fast,3shb,0.717,0.935,4.695,1.661
3shb,44,0,0.9484,0.8445,0.9386,0.913,0.8517,0.6338,4.7663,PepSet_dimer_output_esmfold2_fast,3shb,0.715,0.935,4.766,1.666
3shb,44,1,0.9518,0.8486,0.942,0.9192,0.8568,0.8343,4.7476,PepSet_dimer_output_esmfold2_fast,3shb,0.725,0.968,4.748,1.676
3shb,44,2,0.951,0.8478,0.9412,0.9175,0.8544,0.696,4.9349,PepSet_dimer_output_esmfold2_fast,3shb,0.704,0.935,4.935,1.729
3shb,44,3,0.9502,0.8466,0.9404,0.9166,0.8531,0.8391,4.5726,PepSet_dimer_output_esmfold2_fast,3shb,0.72,0.935,4.573,1.659
3shb,44,4,0.9499,0.845,0.94,0.9159,0.8539,0.7143,4.9265,PepSet_dimer_output_esmfold2_fast,3shb,0.706,0.935,4.926,1.715
3tiw,42,0,0.9209,0.8438,0.9131,0.938,0.8964,1.1239,2.9532,PepSet_dimer_output_esmfold2_fast,3tiw,0.876,0.975,2.953,0.838
3tiw,42,1,0.9206,0.8462,0.9131,0.937,0.8974,1.2359,2.9086,PepSet_dimer_output_esmfold2_fast,3tiw,0.879,0.975,2.909,0.825
3tiw,42,2,0.9215,0.822,0.9114,0.9382,0.8837,1.2645,2.9796,PepSet_dimer_output_esmfold2_fast,3tiw,0.855,0.95,2.98,0.923
3tiw,42,3,0.9185,0.8276,0.9093,0.9365,0.8808,1.3044,2.844,PepSet_dimer_output_esmfold2_fast,3tiw,0.866,0.95,2.844,0.87
3tiw,42,4,0.9228,0.8409,0.9145,0.9398,0.895,1.2633,2.8863,PepSet_dimer_output_esmfold2_fast,3tiw,0.862,0.925,2.886,0.832
3tiw,43,0,0.9197,0.8464,0.9123,0.9374,0.8991,1.2516,2.8938,PepSet_dimer_output_esmfold2_fast,3tiw,0.878,0.975,2.894,0.835
3tiw,43,1,0.921,0.8452,0.9134,0.9384,0.8988,1.2092,2.9008,PepSet_dimer_output_esmfold2_fast,3tiw,0.87,0.95,2.901,0.834
3tiw,43,2,0.9165,0.8425,0.909,0.936,0.8957,1.3206,2.9751,PepSet_dimer_output_esmfold2_fast,3tiw,0.87,0.975,2.975,0.879
3tiw,43,3,0.92,0.84,0.9119,0.9375,0.8965,1.3014,2.672,PepSet_dimer_output_esmfold2_fast,3tiw,0.888,0.975,2.672,0.798
3tiw,43,4,0.9213,0.8427,0.9133,0.9387,0.8973,1.2416,2.8466,PepSet_dimer_output_esmfold2_fast,3tiw,0.875,0.975,2.847,0.861
3tiw,44,0,0.9198,0.8435,0.9121,0.9373,0.8958,1.3025,2.964,PepSet_dimer_output_esmfold2_fast,3tiw,0.875,0.975,2.964,0.847
3tiw,44,1,0.9217,0.8305,0.9125,0.9377,0.8806,1.2311,2.9199,PepSet_dimer_output_esmfold2_fast,3tiw,0.873,0.975,2.92,0.869
3tiw,44,2,0.921,0.8314,0.9119,0.9367,0.8815,1.1758,2.8772,PepSet_dimer_output_esmfold2_fast,3tiw,0.871,0.95,2.877,0.832
3tiw,44,3,0.922,0.848,0.9145,0.9388,0.9005,1.2765,2.943,PepSet_dimer_output_esmfold2_fast,3tiw,0.877,0.975,2.943,0.833
3tiw,44,4,0.9221,0.8416,0.9139,0.9397,0.8958,1.2293,2.8446,PepSet_dimer_output_esmfold2_fast,3tiw,0.876,0.975,2.845,0.854
3v2o,42,0,0.9316,0.7342,0.9187,0.9395,0.7206,0.5967,9.135,PepSet_dimer_output_esmfold2_fast,3v2o,0.259,0.125,9.135,3.119
3v2o,42,1,0.9313,0.721,0.9176,0.9397,0.7083,0.5949,9.0524,PepSet_dimer_output_esmfold2_fast,3v2o,0.27,0.15,9.052,3.095
3v2o,42,2,0.9394,0.7993,0.9303,0.9488,0.8118,0.5507,3.2042,PepSet_dimer_output_esmfold2_fast,3v2o,0.818,0.95,3.204,1.153
3v2o,42,3,0.9326,0.7654,0.9218,0.9439,0.7781,0.3901,9.2983,PepSet_dimer_output_esmfold2_fast,3v2o,0.263,0.15,9.298,3.149
3v2o,42,4,0.9111,0.3386,0.8738,0.9082,0.2588,0.7258,18.4876,PepSet_dimer_output_esmfold2_fast,3v2o,0.132,0.175,18.488,6.766
3v2o,43,0,0.9402,0.7937,0.9307,0.9497,0.8053,0.5253,3.5189,PepSet_dimer_output_esmfold2_fast,3v2o,0.789,0.925,3.519,1.258
3v2o,43,1,0.9349,0.7669,0.9239,0.9452,0.777,0.5011,9.2881,PepSet_dimer_output_esmfold2_fast,3v2o,0.263,0.15,9.288,3.158
3v2o,43,2,0.9332,0.7411,0.9207,0.9411,0.7259,0.5423,9.2769,PepSet_dimer_output_esmfold2_fast,3v2o,0.264,0.15,9.277,3.141
3v2o,43,3,0.9311,0.7332,0.9182,0.9391,0.7286,0.609,8.9521,PepSet_dimer_output_esmfold2_fast,3v2o,0.281,0.175,8.952,3.057
3v2o,43,4,0.9313,0.73,0.9182,0.9406,0.7243,0.6195,8.9643,PepSet_dimer_output_esmfold2_fast,3v2o,0.263,0.125,8.964,3.081
3v2o,44,0,0.9401,0.7888,0.9302,0.9495,0.8033,0.5414,3.57,PepSet_dimer_output_esmfold2_fast,3v2o,0.794,0.95,3.57,1.275
3v2o,44,1,0.9314,0.7148,0.9173,0.9385,0.7049,0.6455,9.1427,PepSet_dimer_output_esmfold2_fast,3v2o,0.267,0.15,9.143,3.136
3v2o,44,2,0.9315,0.7313,0.9185,0.94,0.718,0.6483,9.0616,PepSet_dimer_output_esmfold2_fast,3v2o,0.261,0.125,9.062,3.096
3v2o,44,3,0.9336,0.7963,0.9246,0.9464,0.8198,0.6855,9.2317,PepSet_dimer_output_esmfold2_fast,3v2o,0.264,0.15,9.232,3.173
3v2o,44,4,0.9355,0.7758,0.9251,0.9454,0.7895,0.5466,9.3606,PepSet_dimer_output_esmfold2_fast,3v2o,0.262,0.15,9.361,3.174
3wgx,42,0,0.9519,0.844,0.9454,0.9613,0.8622,0.3529,1.3106,PepSet_dimer_output_esmfold2_fast,3wgx,0.932,0.941,1.311,0.559
3wgx,42,1,0.9434,0.8329,0.9367,0.9537,0.8374,0.6483,1.4014,PepSet_dimer_output_esmfold2_fast,3wgx,0.906,0.882,1.401,0.603
3wgx,42,2,0.9514,0.8377,0.9445,0.96,0.8516,0.3573,0.8517,PepSet_dimer_output_esmfold2_fast,3wgx,0.944,0.912,0.852,0.407
3wgx,42,3,0.9519,0.8387,0.945,0.9606,0.8466,0.3427,1.0252,PepSet_dimer_output_esmfold2_fast,3wgx,0.928,0.882,1.025,0.451
3wgx,42,4,0.9511,0.8344,0.9441,0.96,0.8488,0.3769,1.441,PepSet_dimer_output_esmfold2_fast,3wgx,0.923,0.941,1.441,0.616
3wgx,43,0,0.947,0.8304,0.94,0.9559,0.8323,0.4829,1.6711,PepSet_dimer_output_esmfold2_fast,3wgx,0.892,0.912,1.671,0.743
3wgx,43,1,0.9502,0.8364,0.9433,0.959,0.8476,0.3428,1.4182,PepSet_dimer_output_esmfold2_fast,3wgx,0.923,0.941,1.418,0.619
3wgx,43,2,0.9517,0.836,0.9447,0.96,0.8492,0.3555,1.2079,PepSet_dimer_output_esmfold2_fast,3wgx,0.937,0.941,1.208,0.531
3wgx,43,3,0.9516,0.8416,0.945,0.9604,0.8543,0.3545,1.3169,PepSet_dimer_output_esmfold2_fast,3wgx,0.93,0.941,1.317,0.574
3wgx,43,4,0.9493,0.8393,0.9427,0.9588,0.8511,0.4338,0.7619,PepSet_dimer_output_esmfold2_fast,3wgx,0.95,0.912,0.762,0.359
3wgx,44,0,0.9511,0.8359,0.9441,0.9597,0.8502,0.3758,0.9932,PepSet_dimer_output_esmfold2_fast,3wgx,0.947,0.941,0.993,0.462
3wgx,44,1,0.9491,0.8278,0.9418,0.9579,0.8409,0.3598,1.4974,PepSet_dimer_output_esmfold2_fast,3wgx,0.931,0.971,1.497,0.622
3wgx,44,2,0.9485,0.8402,0.942,0.9583,0.8554,0.4378,0.6768,PepSet_dimer_output_esmfold2_fast,3wgx,0.949,0.912,0.677,0.372
3wgx,44,3,0.9481,0.7903,0.9386,0.9547,0.8234,0.387,2.8841,PepSet_dimer_output_esmfold2_fast,3wgx,0.788,0.853,2.884,1.185
3wgx,44,4,0.9514,0.8327,0.9443,0.96,0.8481,0.3449,0.6728,PepSet_dimer_output_esmfold2_fast,3wgx,0.973,0.971,0.673,0.323
3zrj,42,0,0.8976,0.7596,0.8865,0.9129,0.8004,0.9433,2.3061,PepSet_dimer_output_esmfold2_fast,3zrj,0.794,0.871,2.306,1.281
3zrj,42,1,0.8977,0.7585,0.8865,0.9102,0.7896,1.5505,4.0911,PepSet_dimer_output_esmfold2_fast,3zrj,0.705,0.935,4.091,1.972
3zrj,42,2,0.8956,0.747,0.8837,0.9065,0.7801,1.9034,3.8736,PepSet_dimer_output_esmfold2_fast,3zrj,0.713,0.935,3.874,1.929
3zrj,42,3,0.897,0.7538,0.8855,0.9114,0.7874,0.645,3.8015,PepSet_dimer_output_esmfold2_fast,3zrj,0.72,0.935,3.801,1.868
3zrj,42,4,0.8968,0.7566,0.8855,0.9115,0.7912,1.6504,4.0879,PepSet_dimer_output_esmfold2_fast,3zrj,0.706,0.935,4.088,1.958
3zrj,43,0,0.8999,0.7562,0.8884,0.9151,0.8023,0.7825,2.7684,PepSet_dimer_output_esmfold2_fast,3zrj,0.783,0.935,2.768,1.473
3zrj,43,1,0.8985,0.7477,0.8863,0.9125,0.7888,1.2874,3.2432,PepSet_dimer_output_esmfold2_fast,3zrj,0.761,0.935,3.243,1.574
3zrj,43,2,0.8976,0.7545,0.8861,0.9141,0.8006,0.7993,2.3048,PepSet_dimer_output_esmfold2_fast,3zrj,0.795,0.839,2.305,1.184
3zrj,43,3,0.8968,0.7566,0.8855,0.913,0.7975,1.3636,3.0615,PepSet_dimer_output_esmfold2_fast,3zrj,0.766,0.935,3.061,1.568
3zrj,43,4,0.8995,0.749,0.8874,0.9134,0.7887,0.7921,3.9803,PepSet_dimer_output_esmfold2_fast,3zrj,0.71,0.935,3.98,1.94
3zrj,44,0,0.8996,0.7552,0.888,0.9154,0.8017,0.8534,1.192,PepSet_dimer_output_esmfold2_fast,3zrj,0.877,0.871,1.192,0.799
3zrj,44,1,0.8984,0.7528,0.8867,0.9125,0.7915,1.567,4.0215,PepSet_dimer_output_esmfold2_fast,3zrj,0.708,0.935,4.021,1.948
3zrj,44,2,0.8982,0.7588,0.8869,0.9133,0.8015,1.6496,2.7317,PepSet_dimer_output_esmfold2_fast,3zrj,0.808,0.935,2.732,1.273
3zrj,44,3,0.8986,0.7432,0.8861,0.9128,0.779,1.214,3.6498,PepSet_dimer_output_esmfold2_fast,3zrj,0.729,0.935,3.65,1.811
3zrj,44,4,0.8977,0.7628,0.8868,0.9129,0.8084,1.0761,2.635,PepSet_dimer_output_esmfold2_fast,3zrj,0.798,0.935,2.635,1.369
4a2a,42,0,0.9163,0.8906,0.9154,0.9418,0.9362,1.037,1.0588,PepSet_dimer_output_esmfold2_fast,4a2a,0.913,0.842,1.059,0.463
4a2a,42,1,0.9173,0.8893,0.9163,0.9444,0.9355,0.844,1.0238,PepSet_dimer_output_esmfold2_fast,4a2a,0.925,0.868,1.024,0.438
4a2a,42,2,0.9187,0.8919,0.9178,0.9435,0.9376,0.8791,0.9598,PepSet_dimer_output_esmfold2_fast,4a2a,0.928,0.868,0.96,0.421
4a2a,42,3,0.9172,0.8871,0.9161,0.943,0.9326,0.9936,1.3553,PepSet_dimer_output_esmfold2_fast,4a2a,0.909,0.842,1.355,0.469
4a2a,42,4,0.9173,0.8895,0.9163,0.9433,0.9335,0.9865,1.0512,PepSet_dimer_output_esmfold2_fast,4a2a,0.916,0.842,1.051,0.442
4a2a,43,0,0.9151,0.8921,0.9143,0.9419,0.9365,1.0442,1.2207,PepSet_dimer_output_esmfold2_fast,4a2a,0.91,0.842,1.221,0.48
4a2a,43,1,0.9175,0.8908,0.9165,0.9409,0.936,1.1492,1.3702,PepSet_dimer_output_esmfold2_fast,4a2a,0.911,0.842,1.37,0.454
4a2a,43,2,0.918,0.8906,0.917,0.9431,0.9368,1.0409,0.9868,PepSet_dimer_output_esmfold2_fast,4a2a,0.925,0.868,0.987,0.443
4a2a,43,3,0.9174,0.8898,0.9164,0.9432,0.9344,0.9649,0.9849,PepSet_dimer_output_esmfold2_fast,4a2a,0.927,0.868,0.985,0.422
4a2a,43,4,0.9176,0.89,0.9166,0.944,0.9357,0.9175,1.2895,PepSet_dimer_output_esmfold2_fast,4a2a,0.913,0.868,1.29,0.518
4a2a,44,0,0.9163,0.8869,0.9152,0.9419,0.9326,1.0576,1.2055,PepSet_dimer_output_esmfold2_fast,4a2a,0.921,0.868,1.206,0.463
4a2a,44,1,0.9177,0.8822,0.9164,0.9434,0.9328,1.0356,0.9468,PepSet_dimer_output_esmfold2_fast,4a2a,0.917,0.842,0.947,0.442
4a2a,44,2,0.9168,0.8903,0.9158,0.9423,0.9357,1.1456,1.3085,PepSet_dimer_output_esmfold2_fast,4a2a,0.91,0.842,1.309,0.47
4a2a,44,3,0.9175,0.8917,0.9166,0.9442,0.9361,0.9703,1.0552,PepSet_dimer_output_esmfold2_fast,4a2a,0.917,0.842,1.055,0.431
4a2a,44,4,0.9165,0.8901,0.9155,0.9438,0.9359,1.181,1.2251,PepSet_dimer_output_esmfold2_fast,4a2a,0.916,0.868,1.225,0.502
4bt9,42,0,0.8996,0.72,0.893,0.7918,0.7417,2.224,3.1997,PepSet_dimer_output_esmfold2_fast,4bt9,0.892,0.966,3.2,0.669
4bt9,42,1,0.9,0.7416,0.8942,0.8018,0.7761,2.8021,2.9803,PepSet_dimer_output_esmfold2_fast,4bt9,0.911,0.966,2.98,0.564
4bt9,42,2,0.9016,0.729,0.8953,0.8055,0.757,2.9395,2.8198,PepSet_dimer_output_esmfold2_fast,4bt9,0.908,0.966,2.82,0.611
4bt9,42,3,0.8944,0.73,0.8883,0.7899,0.7605,2.7672,2.9487,PepSet_dimer_output_esmfold2_fast,4bt9,0.917,0.966,2.949,0.523
4bt9,42,4,0.9011,0.7229,0.8946,0.7979,0.7556,2.3949,2.7963,PepSet_dimer_output_esmfold2_fast,4bt9,0.914,0.966,2.796,0.572
4bt9,43,0,0.9007,0.7283,0.8944,0.8015,0.7547,3.0351,3.5979,PepSet_dimer_output_esmfold2_fast,4bt9,0.906,0.966,3.598,0.49
4bt9,43,1,0.8967,0.7239,0.8903,0.7987,0.7537,3.3343,3.1003,PepSet_dimer_output_esmfold2_fast,4bt9,0.917,0.966,3.1,0.49
4bt9,43,2,0.9007,0.7238,0.8942,0.7894,0.7538,2.1478,2.6914,PepSet_dimer_output_esmfold2_fast,4bt9,0.926,0.966,2.691,0.486
4bt9,43,3,0.902,0.7162,0.8952,0.803,0.7436,2.2656,2.0824,PepSet_dimer_output_esmfold2_fast,4bt9,0.918,0.966,2.082,0.644
4bt9,43,4,0.902,0.725,0.8955,0.8045,0.7514,3.4568,3.6883,PepSet_dimer_output_esmfold2_fast,4bt9,0.864,0.931,3.688,0.704
4bt9,44,0,0.9018,0.7141,0.8949,0.8054,0.7355,2.6839,3.1695,PepSet_dimer_output_esmfold2_fast,4bt9,0.883,0.931,3.17,0.654
4bt9,44,1,0.8977,0.5839,0.8862,0.7991,0.5715,2.2468,5.1553,PepSet_dimer_output_esmfold2_fast,4bt9,0.566,0.552,5.155,1.781
4bt9,44,2,0.9,0.7238,0.8935,0.7902,0.7563,2.4486,1.7009,PepSet_dimer_output_esmfold2_fast,4bt9,0.943,0.966,1.701,0.492
4bt9,44,3,0.9019,0.7398,0.8959,0.7962,0.774,2.443,2.3384,PepSet_dimer_output_esmfold2_fast,4bt9,0.912,0.966,2.338,0.65
4bt9,44,4,0.9013,0.7406,0.8954,0.8011,0.7754,2.5759,2.1575,PepSet_dimer_output_esmfold2_fast,4bt9,0.918,0.966,2.157,0.633
4c5a,42,0,0.8852,0.2547,0.8692,0.8957,0.3158,1.4055,34.2851,PepSet_dimer_output_esmfold2_fast,4c5a,0.025,0.0,34.285,10.928
4c5a,42,1,0.8848,0.3834,0.872,0.8937,0.5081,1.2669,39.1453,PepSet_dimer_output_esmfold2_fast,4c5a,0.02,0.0,39.145,12.192
4c5a,42,2,0.8861,0.2843,0.8708,0.8929,0.349,0.6015,42.2135,PepSet_dimer_output_esmfold2_fast,4c5a,0.017,0.0,42.214,12.812
4c5a,42,3,0.8858,0.4225,0.874,0.8935,0.5636,2.03,38.4097,PepSet_dimer_output_esmfold2_fast,4c5a,0.021,0.0,38.41,11.922
4c5a,42,4,0.8864,0.2408,0.8699,0.8879,0.2988,0.5206,33.2469,PepSet_dimer_output_esmfold2_fast,4c5a,0.026,0.0,33.247,11.102
4c5a,43,0,0.8796,0.313,0.8652,0.8898,0.412,2.5653,39.7229,PepSet_dimer_output_esmfold2_fast,4c5a,0.02,0.0,39.723,12.249
4c5a,43,1,0.8716,0.3154,0.8574,0.8746,0.4351,3.8419,38.8875,PepSet_dimer_output_esmfold2_fast,4c5a,0.02,0.0,38.887,11.883
4c5a,43,2,0.8858,0.2752,0.8703,0.8957,0.3606,1.7168,36.7368,PepSet_dimer_output_esmfold2_fast,4c5a,0.022,0.0,36.737,11.81
4c5a,43,3,0.8839,0.3121,0.8693,0.8943,0.4089,1.4809,36.5443,PepSet_dimer_output_esmfold2_fast,4c5a,0.023,0.0,36.544,11.394
4c5a,43,4,0.8803,0.3128,0.8659,0.8839,0.4234,3.0234,39.0538,PepSet_dimer_output_esmfold2_fast,4c5a,0.02,0.0,39.054,12.241
4c5a,44,0,0.8861,0.2244,0.8693,0.8889,0.2669,0.9026,33.6379,PepSet_dimer_output_esmfold2_fast,4c5a,0.026,0.0,33.638,11.237
4c5a,44,1,0.8892,0.3645,0.8759,0.9023,0.4994,2.008,38.2148,PepSet_dimer_output_esmfold2_fast,4c5a,0.021,0.0,38.215,12.03
4c5a,44,2,0.8826,0.3362,0.8686,0.8888,0.4454,0.9888,40.9419,PepSet_dimer_output_esmfold2_fast,4c5a,0.018,0.0,40.942,12.688
4c5a,44,3,0.8826,0.3087,0.868,0.8948,0.4253,1.2453,37.6316,PepSet_dimer_output_esmfold2_fast,4c5a,0.022,0.0,37.632,11.712
4c5a,44,4,0.8793,0.2972,0.8645,0.8936,0.3983,4.156,34.7908,PepSet_dimer_output_esmfold2_fast,4c5a,0.025,0.0,34.791,11.199
4dg3,42,0,0.9472,0.8442,0.9417,0.9676,0.9278,0.5185,1.6106,PepSet_dimer_output_esmfold2_fast,4dg3,0.881,0.899,1.611,0.796
4dg3,42,1,0.9486,0.9054,0.9463,0.9695,0.9653,0.4742,0.6751,PepSet_dimer_output_esmfold2_fast,4dg3,0.938,0.913,0.675,0.479
4dg3,42,2,0.9486,0.9057,0.9463,0.9694,0.966,0.4395,0.5762,PepSet_dimer_output_esmfold2_fast,4dg3,0.935,0.899,0.576,0.468
4dg3,42,3,0.9491,0.9055,0.9468,0.9707,0.9668,0.5962,0.7858,PepSet_dimer_output_esmfold2_fast,4dg3,0.914,0.899,0.786,0.625
4dg3,42,4,0.9486,0.9065,0.9464,0.9687,0.9664,0.452,0.6239,PepSet_dimer_output_esmfold2_fast,4dg3,0.939,0.913,0.624,0.477
4dg3,43,0,0.947,0.8956,0.9443,0.9668,0.963,0.4075,0.9477,PepSet_dimer_output_esmfold2_fast,4dg3,0.948,0.957,0.948,0.5
4dg3,43,1,0.9484,0.9031,0.946,0.9685,0.9645,0.4229,0.5162,PepSet_dimer_output_esmfold2_fast,4dg3,0.937,0.899,0.516,0.455
4dg3,43,2,0.9489,0.9038,0.9465,0.9697,0.9647,0.4713,0.5909,PepSet_dimer_output_esmfold2_fast,4dg3,0.929,0.899,0.591,0.515
4dg3,43,3,0.9486,0.9024,0.9462,0.969,0.9645,0.4652,0.7691,PepSet_dimer_output_esmfold2_fast,4dg3,0.929,0.913,0.769,0.55
4dg3,43,4,0.949,0.8993,0.9463,0.9684,0.9647,0.426,0.9416,PepSet_dimer_output_esmfold2_fast,4dg3,0.928,0.899,0.942,0.508
4dg3,44,0,0.9468,0.8981,0.9442,0.9661,0.964,0.4156,0.4426,PepSet_dimer_output_esmfold2_fast,4dg3,0.947,0.913,0.443,0.409
4dg3,44,1,0.9486,0.9052,0.9463,0.9692,0.9655,0.4446,0.6444,PepSet_dimer_output_esmfold2_fast,4dg3,0.936,0.913,0.644,0.5
4dg3,44,2,0.9491,0.9044,0.9467,0.9695,0.9648,0.4547,0.6463,PepSet_dimer_output_esmfold2_fast,4dg3,0.939,0.913,0.646,0.474
4dg3,44,3,0.949,0.9055,0.9467,0.9694,0.9654,0.4492,0.4935,PepSet_dimer_output_esmfold2_fast,4dg3,0.94,0.913,0.494,0.468
4dg3,44,4,0.9487,0.9052,0.9464,0.9693,0.9654,0.4525,0.6178,PepSet_dimer_output_esmfold2_fast,4dg3,0.939,0.913,0.618,0.474
4ep2,42,0,0.9386,0.6189,0.9276,0.9551,0.6596,0.5056,0.8464,PepSet_dimer_output_esmfold2_fast,4ep2,0.945,0.905,0.846,0.376
4ep2,42,1,0.933,0.5458,0.9198,0.9542,0.6181,0.5187,0.9013,PepSet_dimer_output_esmfold2_fast,4ep2,0.945,0.892,0.901,0.333
4ep2,42,2,0.9376,0.6278,0.927,0.9558,0.6711,0.5604,12.8967,PepSet_dimer_output_esmfold2_fast,4ep2,0.205,0.162,12.897,3.582
4ep2,42,3,0.9391,0.6214,0.9283,0.9565,0.6676,0.4975,0.9043,PepSet_dimer_output_esmfold2_fast,4ep2,0.941,0.878,0.904,0.325
4ep2,42,4,0.9376,0.6339,0.9273,0.9557,0.6735,0.524,12.9302,PepSet_dimer_output_esmfold2_fast,4ep2,0.209,0.176,12.93,3.591
4ep2,43,0,0.9412,0.6264,0.9304,0.9583,0.6718,0.462,12.9597,PepSet_dimer_output_esmfold2_fast,4ep2,0.204,0.162,12.96,3.593
4ep2,43,1,0.9349,0.5436,0.9215,0.9535,0.617,0.4865,13.1951,PepSet_dimer_output_esmfold2_fast,4ep2,0.195,0.149,13.195,3.665
4ep2,43,2,0.9327,0.5356,0.9192,0.952,0.6104,0.5953,13.1682,PepSet_dimer_output_esmfold2_fast,4ep2,0.195,0.149,13.168,3.663
4ep2,43,3,0.9348,0.5506,0.9217,0.9542,0.6249,0.5651,1.2155,PepSet_dimer_output_esmfold2_fast,4ep2,0.935,0.919,1.215,0.483
4ep2,43,4,0.9372,0.6247,0.9265,0.9557,0.6688,0.5395,12.906,PepSet_dimer_output_esmfold2_fast,4ep2,0.205,0.162,12.906,3.579
4ep2,44,0,0.9349,0.5444,0.9216,0.9536,0.6111,0.4917,0.887,PepSet_dimer_output_esmfold2_fast,4ep2,0.95,0.905,0.887,0.325
4ep2,44,1,0.9392,0.6239,0.9284,0.9568,0.6659,0.4927,12.9006,PepSet_dimer_output_esmfold2_fast,4ep2,0.205,0.162,12.901,3.576
4ep2,44,2,0.9376,0.6452,0.9276,0.9566,0.688,0.5535,12.8904,PepSet_dimer_output_esmfold2_fast,4ep2,0.209,0.176,12.89,3.58
4ep2,44,3,0.9337,0.5307,0.92,0.9526,0.6087,0.4972,13.196,PepSet_dimer_output_esmfold2_fast,4ep2,0.195,0.149,13.196,3.66
4ep2,44,4,0.9383,0.6227,0.9275,0.9548,0.6649,0.5125,0.8637,PepSet_dimer_output_esmfold2_fast,4ep2,0.946,0.905,0.864,0.37
4fii,42,0,0.9405,0.8623,0.939,0.9615,0.96,0.8723,0.5714,PepSet_dimer_output_esmfold2_fast,4fii,0.916,0.947,0.571,0.739
4fii,42,1,0.9403,0.8536,0.9386,0.9631,0.9542,0.8596,0.7111,PepSet_dimer_output_esmfold2_fast,4fii,0.919,0.947,0.711,0.711
4fii,42,2,0.9426,0.8656,0.9411,0.964,0.9621,0.841,0.6604,PepSet_dimer_output_esmfold2_fast,4fii,0.922,0.947,0.66,0.69
4fii,42,3,0.9401,0.8393,0.938,0.9609,0.9471,0.7553,0.4461,PepSet_dimer_output_esmfold2_fast,4fii,0.929,0.947,0.446,0.65
4fii,42,4,0.9407,0.8596,0.939,0.9622,0.9582,0.8416,0.6898,PepSet_dimer_output_esmfold2_fast,4fii,0.911,0.921,0.69,0.709
4fii,43,0,0.9416,0.8596,0.94,0.9626,0.9605,0.8864,0.5072,PepSet_dimer_output_esmfold2_fast,4fii,0.921,0.947,0.507,0.702
4fii,43,1,0.9381,0.8539,0.9364,0.961,0.9588,0.9773,0.6289,PepSet_dimer_output_esmfold2_fast,4fii,0.894,0.947,0.629,0.89
4fii,43,2,0.9394,0.8462,0.9375,0.961,0.9547,0.7832,1.2149,PepSet_dimer_output_esmfold2_fast,4fii,0.917,0.947,1.215,0.693
4fii,43,3,0.9412,0.8656,0.9397,0.9636,0.962,0.8284,0.6553,PepSet_dimer_output_esmfold2_fast,4fii,0.933,0.947,0.655,0.614
4fii,43,4,0.9413,0.862,0.9397,0.9624,0.9605,0.8747,0.7418,PepSet_dimer_output_esmfold2_fast,4fii,0.913,0.947,0.742,0.751
4fii,44,0,0.9404,0.8624,0.9388,0.9613,0.9618,0.8736,0.8157,PepSet_dimer_output_esmfold2_fast,4fii,0.92,0.947,0.816,0.698
4fii,44,1,0.9385,0.8569,0.9369,0.9567,0.9619,1.0276,0.8068,PepSet_dimer_output_esmfold2_fast,4fii,0.901,0.947,0.807,0.834
4fii,44,2,0.9422,0.864,0.9406,0.963,0.9614,0.7986,0.664,PepSet_dimer_output_esmfold2_fast,4fii,0.921,0.947,0.664,0.697
4fii,44,3,0.9384,0.8647,0.9369,0.9594,0.9632,0.9294,0.7005,PepSet_dimer_output_esmfold2_fast,4fii,0.928,0.947,0.701,0.643
4fii,44,4,0.9401,0.8564,0.9384,0.9623,0.9602,0.9177,0.8181,PepSet_dimer_output_esmfold2_fast,4fii,0.907,0.947,0.818,0.791
4gq6,42,0,0.9383,0.7214,0.9329,0.966,0.8979,3.3023,2.0046,PepSet_dimer_output_esmfold2_fast,4gq6,0.865,0.821,2.005,0.69
4gq6,42,1,0.9375,0.7388,0.9326,0.9636,0.8959,2.924,1.8286,PepSet_dimer_output_esmfold2_fast,4gq6,0.902,0.893,1.829,0.613
4gq6,42,2,0.9402,0.709,0.9344,0.9667,0.8977,3.3434,3.0471,PepSet_dimer_output_esmfold2_fast,4gq6,0.814,0.857,3.047,0.988
4gq6,42,3,0.9367,0.7263,0.9314,0.9619,0.8933,2.7515,1.8696,PepSet_dimer_output_esmfold2_fast,4gq6,0.861,0.786,1.87,0.646
4gq6,42,4,0.9325,0.729,0.9274,0.9615,0.892,3.2939,1.9949,PepSet_dimer_output_esmfold2_fast,4gq6,0.886,0.875,1.995,0.667
4gq6,43,0,0.9374,0.7309,0.9323,0.9638,0.8955,2.6129,1.9771,PepSet_dimer_output_esmfold2_fast,4gq6,0.879,0.857,1.977,0.678
4gq6,43,1,0.9351,0.7379,0.9301,0.9618,0.8969,2.5398,2.0945,PepSet_dimer_output_esmfold2_fast,4gq6,0.848,0.786,2.094,0.716
4gq6,43,2,0.9381,0.7382,0.9331,0.9649,0.8984,3.3588,1.7887,PepSet_dimer_output_esmfold2_fast,4gq6,0.906,0.893,1.789,0.587
4gq6,43,3,0.9379,0.7379,0.9329,0.9646,0.897,2.6761,1.3915,PepSet_dimer_output_esmfold2_fast,4gq6,0.92,0.875,1.391,0.472
4gq6,43,4,0.9382,0.6922,0.932,0.9649,0.8966,3.3394,3.3536,PepSet_dimer_output_esmfold2_fast,4gq6,0.745,0.732,3.354,1.129
4gq6,44,0,0.9356,0.7335,0.9305,0.9636,0.8944,2.733,3.0212,PepSet_dimer_output_esmfold2_fast,4gq6,0.824,0.875,3.021,0.962
4gq6,44,1,0.9384,0.7339,0.9333,0.9646,0.8968,3.2875,1.3434,PepSet_dimer_output_esmfold2_fast,4gq6,0.924,0.893,1.343,0.494
4gq6,44,2,0.9331,0.6769,0.9266,0.9604,0.8872,3.1424,2.3059,PepSet_dimer_output_esmfold2_fast,4gq6,0.835,0.786,2.306,0.775
4gq6,44,3,0.9365,0.731,0.9313,0.9628,0.8956,2.4597,2.0797,PepSet_dimer_output_esmfold2_fast,4gq6,0.867,0.839,2.08,0.709
4gq6,44,4,0.9327,0.7017,0.9269,0.9576,0.8924,2.163,3.2768,PepSet_dimer_output_esmfold2_fast,4gq6,0.767,0.732,3.277,0.988
4hdq,42,0,0.9215,0.8187,0.9198,0.9515,0.9234,1.1433,2.4286,PepSet_dimer_output_esmfold2_fast,4hdq,0.859,0.867,2.429,0.786
4hdq,42,1,0.9209,0.8021,0.919,0.9506,0.9076,1.0999,1.974,PepSet_dimer_output_esmfold2_fast,4hdq,0.857,0.8,1.974,0.694
4hdq,42,2,0.9186,0.7983,0.9167,0.9475,0.9074,1.0952,1.4263,PepSet_dimer_output_esmfold2_fast,4hdq,0.922,0.933,1.426,0.608
4hdq,42,3,0.9227,0.8276,0.9212,0.9515,0.928,1.1155,2.4663,PepSet_dimer_output_esmfold2_fast,4hdq,0.854,0.867,2.466,0.815
4hdq,42,4,0.9219,0.8253,0.9203,0.9499,0.9269,1.1047,2.6262,PepSet_dimer_output_esmfold2_fast,4hdq,0.844,0.867,2.626,0.862
4hdq,43,0,0.9223,0.825,0.9208,0.9511,0.9254,1.0267,2.3368,PepSet_dimer_output_esmfold2_fast,4hdq,0.859,0.867,2.337,0.795
4hdq,43,1,0.922,0.8065,0.9202,0.9513,0.9081,0.935,1.7534,PepSet_dimer_output_esmfold2_fast,4hdq,0.874,0.833,1.753,0.68
4hdq,43,2,0.9201,0.7539,0.9175,0.9493,0.869,1.1654,2.2195,PepSet_dimer_output_esmfold2_fast,4hdq,0.858,0.833,2.219,0.739
4hdq,43,3,0.9218,0.8174,0.9202,0.9515,0.922,1.0351,2.3819,PepSet_dimer_output_esmfold2_fast,4hdq,0.857,0.867,2.382,0.804
4hdq,43,4,0.9203,0.8235,0.9187,0.9465,0.9271,1.1035,2.6276,PepSet_dimer_output_esmfold2_fast,4hdq,0.843,0.867,2.628,0.868
4hdq,44,0,0.9223,0.8264,0.9208,0.9508,0.9282,1.0331,2.5986,PepSet_dimer_output_esmfold2_fast,4hdq,0.837,0.833,2.599,0.837
4hdq,44,1,0.9208,0.7966,0.9189,0.9505,0.9024,1.1205,2.0323,PepSet_dimer_output_esmfold2_fast,4hdq,0.851,0.8,2.032,0.733
4hdq,44,2,0.9215,0.8245,0.92,0.9511,0.9268,0.9557,2.6118,PepSet_dimer_output_esmfold2_fast,4hdq,0.836,0.833,2.612,0.841
4hdq,44,3,0.9208,0.822,0.9193,0.9519,0.9301,0.9859,2.3314,PepSet_dimer_output_esmfold2_fast,4hdq,0.864,0.867,2.331,0.764
4hdq,44,4,0.9217,0.8294,0.9202,0.9511,0.931,1.1397,2.66,PepSet_dimer_output_esmfold2_fast,4hdq,0.835,0.833,2.66,0.838
4iga,42,0,0.9017,0.8807,0.8992,0.9175,0.8985,0.3277,0.5852,PepSet_dimer_output_esmfold2_fast,4iga,0.964,0.944,0.585,0.34
4iga,42,1,0.7855,0.5337,0.755,0.7741,0.3066,1.0013,3.0937,PepSet_dimer_output_esmfold2_fast,4iga,0.593,0.5,3.094,1.857
4iga,42,2,0.7884,0.5156,0.7553,0.7748,0.2609,0.9709,14.459,PepSet_dimer_output_esmfold2_fast,4iga,0.116,0.056,14.459,7.856
4iga,42,3,0.8057,0.5542,0.7752,0.796,0.3507,0.9247,2.2587,PepSet_dimer_output_esmfold2_fast,4iga,0.653,0.556,2.259,1.59
4iga,42,4,0.9003,0.8741,0.8971,0.9142,0.8937,0.3324,0.6049,PepSet_dimer_output_esmfold2_fast,4iga,0.954,0.944,0.605,0.437
4iga,43,0,0.7907,0.5421,0.7605,0.782,0.3169,1.0196,2.0421,PepSet_dimer_output_esmfold2_fast,4iga,0.661,0.556,2.042,1.551
4iga,43,1,0.9021,0.8796,0.8994,0.9162,0.897,0.2984,0.432,PepSet_dimer_output_esmfold2_fast,4iga,0.965,0.944,0.432,0.336
4iga,43,2,0.787,0.5286,0.7557,0.7728,0.2809,0.9877,2.939,PepSet_dimer_output_esmfold2_fast,4iga,0.605,0.5,2.939,1.761
4iga,43,3,0.7916,0.5271,0.7595,0.7828,0.2931,0.9584,14.8645,PepSet_dimer_output_esmfold2_fast,4iga,0.112,0.056,14.865,8.034
4iga,43,4,0.7824,0.5297,0.7518,0.7744,0.2995,0.9605,14.5031,PepSet_dimer_output_esmfold2_fast,4iga,0.106,0.028,14.503,7.925
4iga,44,0,0.7897,0.4957,0.754,0.7796,0.2799,0.9377,14.9076,PepSet_dimer_output_esmfold2_fast,4iga,0.121,0.083,14.908,8.059
4iga,44,1,0.8006,0.532,0.768,0.792,0.3138,0.9532,14.2909,PepSet_dimer_output_esmfold2_fast,4iga,0.127,0.083,14.291,7.785
4iga,44,2,0.9018,0.8766,0.8987,0.9164,0.8938,0.3369,0.5794,PepSet_dimer_output_esmfold2_fast,4iga,0.959,0.944,0.579,0.385
4iga,44,3,0.7959,0.5276,0.7634,0.7787,0.2785,0.9639,2.5605,PepSet_dimer_output_esmfold2_fast,4iga,0.606,0.472,2.561,1.735
4iga,44,4,0.8853,0.8571,0.8819,0.9015,0.8674,0.3036,0.623,PepSet_dimer_output_esmfold2_fast,4iga,0.962,0.944,0.623,0.36
4j2c,42,0,0.9127,0.8761,0.9091,0.9028,0.894,0.8571,0.9201,PepSet_dimer_output_esmfold2_fast,4j2c,0.883,0.914,0.92,0.876
4j2c,42,1,0.9143,0.8804,0.9109,0.9051,0.8972,0.8901,0.8405,PepSet_dimer_output_esmfold2_fast,4j2c,0.898,0.943,0.841,0.841
4j2c,42,2,0.9146,0.8799,0.9112,0.9063,0.8975,0.9126,0.8128,PepSet_dimer_output_esmfold2_fast,4j2c,0.856,0.857,0.813,0.935
4j2c,42,3,0.9124,0.8802,0.9092,0.9037,0.898,0.9498,0.8647,PepSet_dimer_output_esmfold2_fast,4j2c,0.883,0.857,0.865,0.744
4j2c,42,4,0.9097,0.8732,0.9061,0.8955,0.8904,0.8345,0.8401,PepSet_dimer_output_esmfold2_fast,4j2c,0.882,0.886,0.84,0.82
4j2c,43,0,0.9146,0.8792,0.911,0.9062,0.8956,0.7991,0.7595,PepSet_dimer_output_esmfold2_fast,4j2c,0.898,0.886,0.76,0.711
4j2c,43,1,0.9081,0.8784,0.9051,0.8979,0.8965,0.9838,0.7486,PepSet_dimer_output_esmfold2_fast,4j2c,0.874,0.857,0.749,0.811
4j2c,43,2,0.9062,0.8772,0.9033,0.8975,0.8934,1.0925,0.8241,PepSet_dimer_output_esmfold2_fast,4j2c,0.854,0.886,0.824,1.013
4j2c,43,3,0.9131,0.878,0.9096,0.9012,0.894,0.7752,0.8161,PepSet_dimer_output_esmfold2_fast,4j2c,0.89,0.857,0.816,0.696
4j2c,43,4,0.9132,0.8796,0.9099,0.9037,0.8976,0.9818,0.8667,PepSet_dimer_output_esmfold2_fast,4j2c,0.89,0.943,0.867,0.897
4j2c,44,0,0.9128,0.8791,0.9094,0.9039,0.8966,0.8415,0.5873,PepSet_dimer_output_esmfold2_fast,4j2c,0.91,0.886,0.587,0.633
4j2c,44,1,0.9129,0.8782,0.9094,0.9029,0.8945,0.8288,0.7697,PepSet_dimer_output_esmfold2_fast,4j2c,0.889,0.886,0.77,0.775
4j2c,44,2,0.9136,0.8782,0.9101,0.9031,0.8967,1.026,0.682,PepSet_dimer_output_esmfold2_fast,4j2c,0.851,0.886,0.682,1.046
4j2c,44,3,0.9126,0.877,0.9091,0.9029,0.8956,0.8775,0.9628,PepSet_dimer_output_esmfold2_fast,4j2c,0.893,0.886,0.963,0.738
4j2c,44,4,0.9146,0.8778,0.911,0.9063,0.897,0.8958,0.9313,PepSet_dimer_output_esmfold2_fast,4j2c,0.892,0.914,0.931,0.812
4j8b,42,0,0.9557,0.9023,0.9546,0.9756,0.9576,0.8235,0.9405,PepSet_dimer_output_esmfold2_fast,4j8b,0.947,0.906,0.94,0.35
4j8b,42,1,0.9554,0.9038,0.9544,0.975,0.9599,0.7529,1.0212,PepSet_dimer_output_esmfold2_fast,4j8b,0.956,0.938,1.021,0.366
4j8b,42,2,0.9553,0.9024,0.9543,0.9754,0.9584,0.7636,0.931,PepSet_dimer_output_esmfold2_fast,4j8b,0.948,0.906,0.931,0.347
4j8b,42,3,0.9557,0.904,0.9547,0.9756,0.9596,0.7777,0.9113,PepSet_dimer_output_esmfold2_fast,4j8b,0.948,0.906,0.911,0.347
4j8b,42,4,0.9564,0.9046,0.9554,0.9761,0.9587,0.7594,0.8743,PepSet_dimer_output_esmfold2_fast,4j8b,0.96,0.938,0.874,0.334
4j8b,43,0,0.9564,0.9022,0.9553,0.9759,0.9583,0.771,0.9735,PepSet_dimer_output_esmfold2_fast,4j8b,0.947,0.906,0.973,0.357
4j8b,43,1,0.9558,0.9046,0.9548,0.9758,0.9592,0.7732,0.866,PepSet_dimer_output_esmfold2_fast,4j8b,0.949,0.906,0.866,0.337
4j8b,43,2,0.9556,0.902,0.9546,0.9757,0.9576,0.8167,1.0765,PepSet_dimer_output_esmfold2_fast,4j8b,0.942,0.906,1.076,0.392
4j8b,43,3,0.9556,0.9043,0.9546,0.9758,0.9593,0.7791,0.8442,PepSet_dimer_output_esmfold2_fast,4j8b,0.96,0.938,0.844,0.333
4j8b,43,4,0.954,0.903,0.953,0.9744,0.9591,0.9771,0.8022,PepSet_dimer_output_esmfold2_fast,4j8b,0.961,0.938,0.802,0.328
4j8b,44,0,0.9552,0.9035,0.9542,0.9753,0.9585,0.8616,0.9961,PepSet_dimer_output_esmfold2_fast,4j8b,0.945,0.906,0.996,0.37
4j8b,44,1,0.9559,0.9048,0.9549,0.9759,0.9595,0.762,0.9813,PepSet_dimer_output_esmfold2_fast,4j8b,0.956,0.938,0.981,0.365
4j8b,44,2,0.9529,0.905,0.952,0.9741,0.9601,0.7897,0.946,PepSet_dimer_output_esmfold2_fast,4j8b,0.948,0.906,0.946,0.349
4j8b,44,3,0.9522,0.9044,0.9512,0.9733,0.9597,1.0667,0.9483,PepSet_dimer_output_esmfold2_fast,4j8b,0.946,0.906,0.948,0.361
4j8b,44,4,0.956,0.9018,0.955,0.9758,0.9587,0.7727,0.9746,PepSet_dimer_output_esmfold2_fast,4j8b,0.946,0.906,0.975,0.363
4leb,42,0,0.9541,0.9047,0.953,0.9628,0.9654,0.7805,2.6999,PepSet_dimer_output_esmfold2_fast,4leb,0.854,1.0,2.7,1.089
4leb,42,1,0.954,0.9068,0.953,0.9625,0.9669,0.7708,2.663,PepSet_dimer_output_esmfold2_fast,4leb,0.858,1.0,2.663,1.068
4leb,42,2,0.9512,0.9021,0.9501,0.9614,0.9661,0.7634,2.8123,PepSet_dimer_output_esmfold2_fast,4leb,0.853,1.0,2.812,1.08
4leb,42,3,0.9507,0.9032,0.9496,0.9613,0.9674,0.7314,2.6725,PepSet_dimer_output_esmfold2_fast,4leb,0.861,1.0,2.673,1.043
4leb,42,4,0.9544,0.906,0.9533,0.962,0.9656,0.7838,2.6619,PepSet_dimer_output_esmfold2_fast,4leb,0.856,1.0,2.662,1.081
4leb,43,0,0.9518,0.9036,0.9507,0.962,0.9659,0.7011,2.8091,PepSet_dimer_output_esmfold2_fast,4leb,0.853,1.0,2.809,1.082
4leb,43,1,0.9511,0.9037,0.95,0.9616,0.9661,0.7598,2.7451,PepSet_dimer_output_esmfold2_fast,4leb,0.856,1.0,2.745,1.069
4leb,43,2,0.9524,0.9053,0.9513,0.962,0.9672,0.7551,2.6598,PepSet_dimer_output_esmfold2_fast,4leb,0.858,1.0,2.66,1.066
4leb,43,3,0.9521,0.9049,0.951,0.962,0.9672,0.7989,2.7116,PepSet_dimer_output_esmfold2_fast,4leb,0.856,1.0,2.712,1.076
4leb,43,4,0.9545,0.9088,0.9534,0.9626,0.9678,0.7755,2.6063,PepSet_dimer_output_esmfold2_fast,4leb,0.86,1.0,2.606,1.063
4leb,44,0,0.9505,0.9013,0.9494,0.9613,0.9661,0.7583,2.6212,PepSet_dimer_output_esmfold2_fast,4leb,0.863,1.0,2.621,1.041
4leb,44,1,0.952,0.9033,0.9509,0.9612,0.9667,0.7887,2.7117,PepSet_dimer_output_esmfold2_fast,4leb,0.857,1.0,2.712,1.067
4leb,44,2,0.9513,0.9011,0.9502,0.9616,0.9668,0.7256,2.7038,PepSet_dimer_output_esmfold2_fast,4leb,0.86,1.0,2.704,1.051
4leb,44,3,0.9518,0.9051,0.9507,0.9617,0.9678,0.8149,2.5549,PepSet_dimer_output_esmfold2_fast,4leb,0.861,1.0,2.555,1.062
4leb,44,4,0.9528,0.9056,0.9517,0.9621,0.9674,0.7788,2.6588,PepSet_dimer_output_esmfold2_fast,4leb,0.858,1.0,2.659,1.069
4lk9,42,0,0.8878,0.8549,0.8847,0.878,0.8927,1.3603,0.6754,PepSet_dimer_output_esmfold2_fast,4lk9,0.854,0.796,0.675,0.813
4lk9,42,1,0.8876,0.8514,0.8842,0.8788,0.8921,1.391,0.4963,PepSet_dimer_output_esmfold2_fast,4lk9,0.855,0.796,0.496,0.812
4lk9,42,2,0.8822,0.8486,0.8791,0.8715,0.8873,1.3739,0.664,PepSet_dimer_output_esmfold2_fast,4lk9,0.83,0.796,0.664,0.979
4lk9,42,3,0.8856,0.852,0.8824,0.8779,0.8918,1.3887,0.6608,PepSet_dimer_output_esmfold2_fast,4lk9,0.852,0.796,0.661,0.827
4lk9,42,4,0.882,0.8484,0.8789,0.8729,0.8899,0.9497,0.625,PepSet_dimer_output_esmfold2_fast,4lk9,0.85,0.776,0.625,0.796
4lk9,43,0,0.8876,0.8492,0.884,0.8791,0.891,1.1356,0.868,PepSet_dimer_output_esmfold2_fast,4lk9,0.839,0.776,0.868,0.861
4lk9,43,1,0.8853,0.8497,0.882,0.8759,0.8906,1.1925,0.8393,PepSet_dimer_output_esmfold2_fast,4lk9,0.844,0.796,0.839,0.878
4lk9,43,2,0.8804,0.8492,0.8775,0.8696,0.8899,1.4714,0.6136,PepSet_dimer_output_esmfold2_fast,4lk9,0.825,0.796,0.614,1.019
4lk9,43,3,0.8854,0.8536,0.8825,0.8764,0.8926,1.3933,0.5731,PepSet_dimer_output_esmfold2_fast,4lk9,0.841,0.796,0.573,0.912
4lk9,43,4,0.8846,0.8479,0.8812,0.8726,0.8888,1.2565,0.6736,PepSet_dimer_output_esmfold2_fast,4lk9,0.843,0.796,0.674,0.893
4lk9,44,0,0.8851,0.847,0.8815,0.8751,0.8886,1.5027,0.7366,PepSet_dimer_output_esmfold2_fast,4lk9,0.841,0.796,0.737,0.904
4lk9,44,1,0.8832,0.8517,0.8803,0.8734,0.8908,1.0646,0.7619,PepSet_dimer_output_esmfold2_fast,4lk9,0.847,0.796,0.762,0.862
4lk9,44,2,0.8884,0.8479,0.8846,0.881,0.8886,1.1857,2.0048,PepSet_dimer_output_esmfold2_fast,4lk9,0.796,0.796,2.005,1.112
4lk9,44,3,0.8872,0.8442,0.8832,0.8779,0.8875,1.1254,1.2496,PepSet_dimer_output_esmfold2_fast,4lk9,0.833,0.796,1.25,0.929
4lk9,44,4,0.8829,0.8459,0.8794,0.8719,0.8844,1.0841,2.261,PepSet_dimer_output_esmfold2_fast,4lk9,0.769,0.796,2.261,1.281
4lzf,42,0,0.9344,0.8681,0.9296,0.8512,0.8768,2.0842,11.0699,PepSet_dimer_output_esmfold2_fast,4lzf,0.481,0.909,11.07,3.385
4lzf,42,1,0.934,0.8731,0.9296,0.8226,0.8853,2.5012,11.8032,PepSet_dimer_output_esmfold2_fast,4lzf,0.417,0.758,11.803,3.547
4lzf,42,2,0.9357,0.8721,0.9311,0.8502,0.8856,2.3543,11.4967,PepSet_dimer_output_esmfold2_fast,4lzf,0.413,0.727,11.497,3.478
4lzf,42,3,0.9355,0.8647,0.9305,0.8518,0.8747,2.4835,11.298,PepSet_dimer_output_esmfold2_fast,4lzf,0.478,0.909,11.298,3.393
4lzf,42,4,0.9356,0.8656,0.9305,0.8548,0.8749,2.489,11.1518,PepSet_dimer_output_esmfold2_fast,4lzf,0.48,0.909,11.152,3.408
4lzf,43,0,0.9346,0.8696,0.93,0.821,0.883,2.6412,11.9222,PepSet_dimer_output_esmfold2_fast,4lzf,0.418,0.758,11.922,3.458
4lzf,43,1,0.9347,0.8675,0.9298,0.846,0.8773,2.1977,11.141,PepSet_dimer_output_esmfold2_fast,4lzf,0.47,0.879,11.141,3.407
4lzf,43,2,0.9313,0.8698,0.9269,0.8241,0.8769,2.8069,11.8613,PepSet_dimer_output_esmfold2_fast,4lzf,0.409,0.727,11.861,3.432
4lzf,43,3,0.9344,0.8675,0.9296,0.8413,0.8759,2.4255,11.3615,PepSet_dimer_output_esmfold2_fast,4lzf,0.435,0.788,11.361,3.44
4lzf,43,4,0.9301,0.8582,0.925,0.8021,0.8653,3.32,11.9799,PepSet_dimer_output_esmfold2_fast,4lzf,0.449,0.848,11.98,3.4
4lzf,44,0,0.9352,0.866,0.9303,0.8511,0.8733,2.5135,11.3664,PepSet_dimer_output_esmfold2_fast,4lzf,0.456,0.848,11.366,3.415
4lzf,44,1,0.9281,0.863,0.9234,0.7746,0.872,3.5532,12.426,PepSet_dimer_output_esmfold2_fast,4lzf,0.412,0.758,12.426,3.455
4lzf,44,2,0.9315,0.8731,0.9273,0.8466,0.8808,2.3012,11.1024,PepSet_dimer_output_esmfold2_fast,4lzf,0.418,0.727,11.102,3.464
4lzf,44,3,0.9296,0.8629,0.9248,0.827,0.8745,2.6439,11.289,PepSet_dimer_output_esmfold2_fast,4lzf,0.459,0.848,11.289,3.349
4lzf,44,4,0.9367,0.8738,0.9321,0.8523,0.8892,2.5774,11.5188,PepSet_dimer_output_esmfold2_fast,4lzf,0.402,0.697,11.519,3.472
4m5s,42,0,0.8751,0.8286,0.8703,0.8355,0.8208,1.2745,2.3962,PepSet_dimer_output_esmfold2_fast,4m5s,0.845,0.878,2.396,0.914
4m5s,42,1,0.8694,0.8296,0.8653,0.8322,0.8213,1.143,1.9258,PepSet_dimer_output_esmfold2_fast,4m5s,0.883,0.902,1.926,0.761
4m5s,42,2,0.8719,0.8277,0.8673,0.83,0.8177,1.2053,2.226,PepSet_dimer_output_esmfold2_fast,4m5s,0.846,0.854,2.226,0.867
4m5s,42,3,0.8753,0.8232,0.87,0.8349,0.8128,1.322,2.2695,PepSet_dimer_output_esmfold2_fast,4m5s,0.866,0.927,2.27,0.893
4m5s,42,4,0.8741,0.8328,0.8698,0.8357,0.8262,1.244,2.0592,PepSet_dimer_output_esmfold2_fast,4m5s,0.873,0.902,2.059,0.816
4m5s,43,0,0.8646,0.8016,0.8581,0.8189,0.785,1.1796,1.3608,PepSet_dimer_output_esmfold2_fast,4m5s,0.903,0.878,1.361,0.618
4m5s,43,1,0.8785,0.8381,0.8743,0.8391,0.8341,1.6578,2.2586,PepSet_dimer_output_esmfold2_fast,4m5s,0.857,0.878,2.259,0.845
4m5s,43,2,0.8722,0.8277,0.8676,0.8317,0.8168,1.4332,1.7484,PepSet_dimer_output_esmfold2_fast,4m5s,0.888,0.902,1.748,0.748
4m5s,43,3,0.8738,0.8299,0.8693,0.8322,0.8237,0.8178,1.8645,PepSet_dimer_output_esmfold2_fast,4m5s,0.868,0.878,1.865,0.815
4m5s,43,4,0.871,0.8258,0.8664,0.8288,0.8169,0.9818,1.7729,PepSet_dimer_output_esmfold2_fast,4m5s,0.875,0.878,1.773,0.773
4m5s,44,0,0.8704,0.831,0.8663,0.8297,0.8229,0.9451,2.0121,PepSet_dimer_output_esmfold2_fast,4m5s,0.873,0.902,2.012,0.823
4m5s,44,1,0.8703,0.8254,0.8656,0.8234,0.8173,1.0699,1.5283,PepSet_dimer_output_esmfold2_fast,4m5s,0.896,0.902,1.528,0.711
4m5s,44,2,0.87,0.8261,0.8655,0.8302,0.8173,1.1536,1.8961,PepSet_dimer_output_esmfold2_fast,4m5s,0.86,0.854,1.896,0.813
4m5s,44,3,0.8755,0.8304,0.8708,0.8353,0.8206,1.163,2.0972,PepSet_dimer_output_esmfold2_fast,4m5s,0.868,0.902,2.097,0.846
4m5s,44,4,0.8703,0.7834,0.8613,0.8289,0.766,1.1639,2.4808,PepSet_dimer_output_esmfold2_fast,4m5s,0.807,0.829,2.481,1.05
4m91,42,0,0.9423,0.8223,0.9377,0.9659,0.8913,0.6178,4.4069,PepSet_dimer_output_esmfold2_fast,4m91,0.656,0.692,4.407,1.534
4m91,42,1,0.9429,0.8241,0.9385,0.9665,0.8906,0.5267,4.0968,PepSet_dimer_output_esmfold2_fast,4m91,0.672,0.692,4.097,1.462
4m91,42,2,0.9428,0.8126,0.9379,0.9663,0.8753,0.4852,4.4648,PepSet_dimer_output_esmfold2_fast,4m91,0.664,0.731,4.465,1.572
4m91,42,3,0.9133,0.8015,0.9091,0.9461,0.8635,0.8927,4.9314,PepSet_dimer_output_esmfold2_fast,4m91,0.622,0.692,4.931,1.739
4m91,42,4,0.9438,0.8301,0.9395,0.9673,0.8974,0.5739,3.9382,PepSet_dimer_output_esmfold2_fast,4m91,0.683,0.692,3.938,1.402
4m91,43,0,0.9196,0.8226,0.9159,0.9516,0.8882,0.7255,4.2997,PepSet_dimer_output_esmfold2_fast,4m91,0.66,0.692,4.3,1.523
4m91,43,1,0.9191,0.8127,0.9151,0.9507,0.8773,0.757,4.6153,PepSet_dimer_output_esmfold2_fast,4m91,0.641,0.692,4.615,1.631
4m91,43,2,0.9187,0.8166,0.9149,0.9503,0.8814,0.6772,4.2152,PepSet_dimer_output_esmfold2_fast,4m91,0.656,0.654,4.215,1.467
4m91,43,3,0.9439,0.8284,0.9395,0.9673,0.8953,0.5166,4.0688,PepSet_dimer_output_esmfold2_fast,4m91,0.674,0.692,4.069,1.454
4m91,43,4,0.9203,0.8206,0.9166,0.952,0.8865,0.7383,4.3776,PepSet_dimer_output_esmfold2_fast,4m91,0.645,0.654,4.378,1.529
4m91,44,0,0.942,0.8302,0.9378,0.9662,0.8963,0.592,4.2299,PepSet_dimer_output_esmfold2_fast,4m91,0.651,0.654,4.23,1.503
4m91,44,1,0.9432,0.8301,0.9389,0.9668,0.8961,0.5543,3.731,PepSet_dimer_output_esmfold2_fast,4m91,0.698,0.692,3.731,1.317
4m91,44,2,0.9399,0.8227,0.9355,0.9636,0.8868,0.6831,4.276,PepSet_dimer_output_esmfold2_fast,4m91,0.65,0.654,4.276,1.508
4m91,44,3,0.9438,0.8273,0.9394,0.9672,0.8933,0.5182,4.3584,PepSet_dimer_output_esmfold2_fast,4m91,0.656,0.692,4.358,1.547
4m91,44,4,0.9198,0.8137,0.9158,0.9516,0.879,0.6932,4.0125,PepSet_dimer_output_esmfold2_fast,4m91,0.681,0.692,4.013,1.402
4mvi,42,0,0.8701,0.6778,0.8566,0.898,0.8444,1.8546,3.8474,PepSet_dimer_output_esmfold2_fast,4mvi,0.536,0.475,3.847,2.278
4mvi,42,1,0.8721,0.6866,0.8591,0.901,0.8473,1.8502,3.6981,PepSet_dimer_output_esmfold2_fast,4mvi,0.552,0.508,3.698,2.248
4mvi,42,2,0.8622,0.6805,0.8494,0.8895,0.8291,2.1336,4.9748,PepSet_dimer_output_esmfold2_fast,4mvi,0.471,0.426,4.975,2.649
4mvi,42,3,0.8632,0.6609,0.8489,0.8907,0.831,1.9363,3.7786,PepSet_dimer_output_esmfold2_fast,4mvi,0.554,0.508,3.779,2.185
4mvi,42,4,0.8687,0.6668,0.8545,0.8971,0.8437,1.9505,3.7873,PepSet_dimer_output_esmfold2_fast,4mvi,0.539,0.475,3.787,2.26
4mvi,43,0,0.8688,0.6852,0.8559,0.8969,0.843,1.672,4.231,PepSet_dimer_output_esmfold2_fast,4mvi,0.536,0.492,4.231,2.212
4mvi,43,1,0.8623,0.6721,0.849,0.8915,0.8314,1.7654,5.1555,PepSet_dimer_output_esmfold2_fast,4mvi,0.481,0.443,5.155,2.48
4mvi,43,2,0.8711,0.6731,0.8572,0.8976,0.839,2.2971,3.768,PepSet_dimer_output_esmfold2_fast,4mvi,0.525,0.475,3.768,2.504
4mvi,43,3,0.8689,0.6745,0.8552,0.8962,0.8356,2.0752,3.7758,PepSet_dimer_output_esmfold2_fast,4mvi,0.549,0.525,3.776,2.36
4mvi,43,4,0.8645,0.6695,0.8508,0.892,0.8284,2.207,3.5182,PepSet_dimer_output_esmfold2_fast,4mvi,0.529,0.459,3.518,2.448
4mvi,44,0,0.8702,0.6726,0.8563,0.8967,0.836,2.1411,4.186,PepSet_dimer_output_esmfold2_fast,4mvi,0.514,0.475,4.186,2.517
4mvi,44,1,0.8658,0.6837,0.853,0.8942,0.8358,1.9552,3.9495,PepSet_dimer_output_esmfold2_fast,4mvi,0.541,0.508,3.95,2.335
4mvi,44,2,0.8664,0.6741,0.8528,0.8944,0.8366,2.1919,3.9607,PepSet_dimer_output_esmfold2_fast,4mvi,0.516,0.459,3.961,2.487
4mvi,44,3,0.8717,0.6623,0.857,0.8994,0.8535,2.1823,4.2056,PepSet_dimer_output_esmfold2_fast,4mvi,0.504,0.443,4.206,2.496
4mvi,44,4,0.8593,0.6776,0.8465,0.889,0.8352,1.9474,3.6725,PepSet_dimer_output_esmfold2_fast,4mvi,0.537,0.475,3.672,2.333
4nuu,42,0,0.8237,0.7792,0.8218,0.8951,0.885,2.7215,1.4875,PepSet_dimer_output_esmfold2_fast,4nuu,0.675,0.763,1.487,2.346
4nuu,42,1,0.836,0.7813,0.8338,0.8994,0.8849,2.7713,1.9805,PepSet_dimer_output_esmfold2_fast,4nuu,0.663,0.789,1.981,2.592
4nuu,42,2,0.8396,0.7802,0.8372,0.9017,0.8822,2.4425,1.6359,PepSet_dimer_output_esmfold2_fast,4nuu,0.668,0.763,1.636,2.433
4nuu,42,3,0.8401,0.7879,0.838,0.9048,0.8904,2.4335,2.0292,PepSet_dimer_output_esmfold2_fast,4nuu,0.675,0.789,2.029,2.358
4nuu,42,4,0.8398,0.7864,0.8376,0.9022,0.8877,2.7958,2.01,PepSet_dimer_output_esmfold2_fast,4nuu,0.65,0.763,2.01,2.67
4nuu,43,0,0.8337,0.7849,0.8317,0.8975,0.8907,2.725,1.8827,PepSet_dimer_output_esmfold2_fast,4nuu,0.651,0.763,1.883,2.704
4nuu,43,1,0.8358,0.7811,0.8336,0.9003,0.8835,2.2048,1.1918,PepSet_dimer_output_esmfold2_fast,4nuu,0.685,0.789,1.192,2.381
4nuu,43,2,0.8291,0.7887,0.8275,0.896,0.891,2.4204,1.6577,PepSet_dimer_output_esmfold2_fast,4nuu,0.758,0.816,1.658,1.515
4nuu,43,3,0.8403,0.7862,0.838,0.9032,0.8921,2.7277,1.5392,PepSet_dimer_output_esmfold2_fast,4nuu,0.662,0.763,1.539,2.575
4nuu,43,4,0.8401,0.7866,0.8379,0.9031,0.885,2.728,1.5973,PepSet_dimer_output_esmfold2_fast,4nuu,0.671,0.789,1.597,2.544
4nuu,44,0,0.8445,0.785,0.842,0.9053,0.8878,2.7152,1.4575,PepSet_dimer_output_esmfold2_fast,4nuu,0.674,0.789,1.457,2.524
4nuu,44,1,0.8384,0.7715,0.8357,0.8997,0.8825,2.5619,1.7413,PepSet_dimer_output_esmfold2_fast,4nuu,0.658,0.763,1.741,2.585
4nuu,44,2,0.8443,0.7835,0.8418,0.9073,0.885,2.3474,1.7019,PepSet_dimer_output_esmfold2_fast,4nuu,0.662,0.763,1.702,2.517
4nuu,44,3,0.8383,0.7971,0.8366,0.9024,0.9032,2.9237,1.3142,PepSet_dimer_output_esmfold2_fast,4nuu,0.666,0.763,1.314,2.544
4nuu,44,4,0.8317,0.778,0.8295,0.8982,0.8869,2.6009,1.3179,PepSet_dimer_output_esmfold2_fast,4nuu,0.685,0.763,1.318,2.216
4nxr,42,0,0.8727,0.7605,0.8639,0.8541,0.7938,2.7667,0.703,PepSet_dimer_output_esmfold2_fast,4nxr,0.74,0.872,0.703,2.026
4nxr,42,1,0.8672,0.7559,0.8585,0.8493,0.7917,2.3079,0.6861,PepSet_dimer_output_esmfold2_fast,4nxr,0.74,0.872,0.686,2.018
4nxr,42,2,0.8544,0.7479,0.8461,0.8369,0.77,1.2655,0.9005,PepSet_dimer_output_esmfold2_fast,4nxr,0.869,0.923,0.9,0.995
4nxr,42,3,0.8702,0.7632,0.8618,0.8514,0.794,2.2341,0.7966,PepSet_dimer_output_esmfold2_fast,4nxr,0.742,0.872,0.797,1.991
4nxr,42,4,0.8718,0.7539,0.8625,0.8524,0.7957,2.1742,1.2938,PepSet_dimer_output_esmfold2_fast,4nxr,0.72,0.846,1.294,2.107
4nxr,43,0,0.8688,0.7514,0.8596,0.8492,0.7829,2.1126,1.3937,PepSet_dimer_output_esmfold2_fast,4nxr,0.728,0.872,1.394,2.099
4nxr,43,1,0.8731,0.763,0.8644,0.8552,0.8006,2.5547,0.907,PepSet_dimer_output_esmfold2_fast,4nxr,0.727,0.846,0.907,2.063
4nxr,43,2,0.874,0.7356,0.8631,0.8552,0.8003,2.6491,4.0222,PepSet_dimer_output_esmfold2_fast,4nxr,0.605,0.718,4.022,2.401
4nxr,43,3,0.8698,0.7322,0.859,0.8513,0.7884,2.0487,3.9078,PepSet_dimer_output_esmfold2_fast,4nxr,0.62,0.744,3.908,2.347
4nxr,43,4,0.8657,0.732,0.8552,0.8451,0.7862,2.3287,3.1591,PepSet_dimer_output_esmfold2_fast,4nxr,0.617,0.692,3.159,2.408
4nxr,44,0,0.8704,0.7555,0.8614,0.8511,0.7907,2.1844,0.9415,PepSet_dimer_output_esmfold2_fast,4nxr,0.709,0.795,0.941,2.07
4nxr,44,1,0.8566,0.7396,0.8474,0.8382,0.7743,2.6633,0.8325,PepSet_dimer_output_esmfold2_fast,4nxr,0.726,0.795,0.833,1.865
4nxr,44,2,0.8736,0.7609,0.8647,0.8545,0.7968,2.2109,0.9475,PepSet_dimer_output_esmfold2_fast,4nxr,0.723,0.846,0.948,2.109
4nxr,44,3,0.8698,0.7291,0.8588,0.8517,0.7931,2.4399,2.4796,PepSet_dimer_output_esmfold2_fast,4nxr,0.657,0.744,2.48,2.257
4nxr,44,4,0.8705,0.737,0.86,0.8508,0.7989,2.0207,4.664,PepSet_dimer_output_esmfold2_fast,4nxr,0.595,0.744,4.664,2.443
4ny3,42,0,0.9476,0.76,0.9446,0.9731,0.8562,0.9107,2.5666,PepSet_dimer_output_esmfold2_fast,4ny3,0.698,0.833,2.567,2.066
4ny3,42,1,0.9468,0.7576,0.9437,0.9721,0.8548,0.7944,2.3333,PepSet_dimer_output_esmfold2_fast,4ny3,0.721,0.833,2.333,1.835
4ny3,42,2,0.9471,0.7633,0.9441,0.9731,0.8594,0.9306,2.3341,PepSet_dimer_output_esmfold2_fast,4ny3,0.702,0.833,2.334,2.081
4ny3,42,3,0.9392,0.7646,0.9363,0.9684,0.862,1.1801,2.4689,PepSet_dimer_output_esmfold2_fast,4ny3,0.674,0.833,2.469,2.488
4ny3,42,4,0.9478,0.7317,0.9442,0.9727,0.8262,0.9228,2.1834,PepSet_dimer_output_esmfold2_fast,4ny3,0.703,0.833,2.183,2.096
4ny3,43,0,0.9443,0.7598,0.9413,0.9717,0.8611,1.0493,2.5125,PepSet_dimer_output_esmfold2_fast,4ny3,0.68,0.833,2.512,2.372
4ny3,43,1,0.9468,0.7537,0.9436,0.9725,0.849,0.9474,2.6742,PepSet_dimer_output_esmfold2_fast,4ny3,0.692,0.833,2.674,2.122
4ny3,43,2,0.946,0.7606,0.943,0.9723,0.8548,0.9653,2.575,PepSet_dimer_output_esmfold2_fast,4ny3,0.719,0.833,2.575,1.804
4ny3,43,3,0.9467,0.7692,0.9438,0.9725,0.8638,0.6229,2.309,PepSet_dimer_output_esmfold2_fast,4ny3,0.773,0.833,2.309,1.348
4ny3,43,4,0.9438,0.7703,0.9409,0.9712,0.8668,0.9103,1.8834,PepSet_dimer_output_esmfold2_fast,4ny3,0.736,0.889,1.883,1.976
4ny3,44,0,0.9461,0.7534,0.943,0.9718,0.8534,0.9448,2.3391,PepSet_dimer_output_esmfold2_fast,4ny3,0.716,0.833,2.339,1.897
4ny3,44,1,0.9468,0.7354,0.9433,0.9722,0.8358,0.9452,1.9711,PepSet_dimer_output_esmfold2_fast,4ny3,0.728,0.889,1.971,2.058
4ny3,44,2,0.943,0.7584,0.9399,0.9709,0.855,1.1532,2.6307,PepSet_dimer_output_esmfold2_fast,4ny3,0.672,0.833,2.631,2.464
4ny3,44,3,0.9424,0.7474,0.9392,0.9704,0.8469,1.1383,2.8339,PepSet_dimer_output_esmfold2_fast,4ny3,0.664,0.833,2.834,2.548
4ny3,44,4,0.9488,0.7634,0.9458,0.9735,0.8591,0.9334,2.4443,PepSet_dimer_output_esmfold2_fast,4ny3,0.701,0.833,2.444,2.065
4odk,42,0,0.8919,0.4357,0.8692,0.789,0.3921,3.1822,11.4425,PepSet_dimer_output_esmfold2_fast,4odk,0.385,0.677,11.442,4.016
4odk,42,1,0.8885,0.4074,0.8646,0.7684,0.3671,3.6715,11.117,PepSet_dimer_output_esmfold2_fast,4odk,0.417,0.742,11.117,3.696
4odk,42,2,0.8882,0.436,0.8657,0.7849,0.3915,1.632,4.9393,PepSet_dimer_output_esmfold2_fast,4odk,0.618,0.742,4.939,1.974
4odk,42,3,0.8816,0.2374,0.8496,0.7604,0.1197,5.3789,24.2952,PepSet_dimer_output_esmfold2_fast,4odk,0.057,0.032,24.295,8.718
4odk,42,4,0.8895,0.3529,0.8629,0.7863,0.2675,3.6843,11.9969,PepSet_dimer_output_esmfold2_fast,4odk,0.249,0.258,11.997,3.519
4odk,43,0,0.888,0.409,0.8642,0.7638,0.3644,4.4852,12.3878,PepSet_dimer_output_esmfold2_fast,4odk,0.406,0.774,12.388,4.014
4odk,43,1,0.87,0.3398,0.8436,0.6566,0.2692,4.9154,13.159,PepSet_dimer_output_esmfold2_fast,4odk,0.239,0.29,13.159,3.839
4odk,43,2,0.8839,0.4256,0.8611,0.775,0.3765,2.4601,3.9482,PepSet_dimer_output_esmfold2_fast,4odk,0.691,0.71,3.948,1.379
4odk,43,3,0.8868,0.42,0.8636,0.7691,0.3747,3.2018,5.9473,PepSet_dimer_output_esmfold2_fast,4odk,0.591,0.71,5.947,1.874
4odk,43,4,0.8817,0.4087,0.8582,0.6809,0.3667,4.6949,9.7886,PepSet_dimer_output_esmfold2_fast,4odk,0.512,0.71,9.789,1.856
4odk,44,0,0.8905,0.4375,0.868,0.7853,0.3911,4.2259,13.002,PepSet_dimer_output_esmfold2_fast,4odk,0.382,0.742,13.002,4.394
4odk,44,1,0.8888,0.3538,0.8622,0.7898,0.2721,3.5497,11.8797,PepSet_dimer_output_esmfold2_fast,4odk,0.232,0.226,11.88,3.841
4odk,44,2,0.883,0.2472,0.8514,0.7784,0.1274,2.8091,24.2949,PepSet_dimer_output_esmfold2_fast,4odk,0.058,0.032,24.295,8.121
4odk,44,3,0.8875,0.4177,0.8642,0.7721,0.3698,2.9581,6.3823,PepSet_dimer_output_esmfold2_fast,4odk,0.549,0.71,6.382,2.3
4odk,44,4,0.888,0.3946,0.8635,0.782,0.35,4.0409,8.7035,PepSet_dimer_output_esmfold2_fast,4odk,0.475,0.742,8.703,3.057
4ouc,42,0,0.9483,0.3441,0.9357,0.9543,0.4201,0.5286,13.0151,PepSet_dimer_output_esmfold2_fast,4ouc,0.222,0.229,13.015,3.761
4ouc,42,1,0.9477,0.3344,0.9349,0.9586,0.4039,0.679,13.3873,PepSet_dimer_output_esmfold2_fast,4ouc,0.167,0.086,13.387,3.929
4ouc,42,2,0.9481,0.3454,0.9355,0.9566,0.449,0.56,11.5993,PepSet_dimer_output_esmfold2_fast,4ouc,0.218,0.143,11.599,3.411
4ouc,42,3,0.9473,0.3312,0.9345,0.9588,0.445,0.7,8.647,PepSet_dimer_output_esmfold2_fast,4ouc,0.285,0.114,8.647,2.598
4ouc,42,4,0.9467,0.3408,0.9341,0.9576,0.4244,0.7935,12.6169,PepSet_dimer_output_esmfold2_fast,4ouc,0.198,0.143,12.617,3.751
4ouc,43,0,0.9482,0.31,0.9349,0.9583,0.4093,0.6542,7.6777,PepSet_dimer_output_esmfold2_fast,4ouc,0.395,0.343,7.678,2.337
4ouc,43,1,0.9479,0.3542,0.9355,0.9544,0.4485,0.4811,12.3709,PepSet_dimer_output_esmfold2_fast,4ouc,0.204,0.143,12.371,3.606
4ouc,43,2,0.9465,0.3557,0.9342,0.9585,0.4617,0.8419,11.5643,PepSet_dimer_output_esmfold2_fast,4ouc,0.178,0.029,11.564,3.511
4ouc,43,3,0.9485,0.3515,0.936,0.9598,0.4448,0.7194,12.6891,PepSet_dimer_output_esmfold2_fast,4ouc,0.225,0.229,12.689,3.755
4ouc,43,4,0.9464,0.3493,0.934,0.9531,0.4671,0.6028,9.7228,PepSet_dimer_output_esmfold2_fast,4ouc,0.273,0.171,9.723,2.87
4ouc,44,0,0.9481,0.3495,0.9357,0.9585,0.4525,0.6181,11.6681,PepSet_dimer_output_esmfold2_fast,4ouc,0.254,0.257,11.668,3.444
4ouc,44,1,0.9446,0.2987,0.9311,0.9538,0.3779,0.6181,8.382,PepSet_dimer_output_esmfold2_fast,4ouc,0.305,0.143,8.382,2.504
4ouc,44,2,0.9467,0.3399,0.9341,0.9566,0.4264,0.6705,11.7111,PepSet_dimer_output_esmfold2_fast,4ouc,0.216,0.143,11.711,3.453
4ouc,44,3,0.9467,0.3068,0.9334,0.9544,0.4227,0.5871,2.8801,PepSet_dimer_output_esmfold2_fast,4ouc,0.751,0.657,2.88,0.984
4ouc,44,4,0.948,0.346,0.9355,0.9592,0.435,0.7325,12.8119,PepSet_dimer_output_esmfold2_fast,4ouc,0.214,0.2,12.812,3.777
4oyk,42,0,0.9027,0.8481,0.8989,0.9346,0.8969,1.2457,0.8794,PepSet_dimer_output_esmfold2_fast,4oyk,0.935,0.9,0.879,0.453
4oyk,42,1,0.9048,0.8467,0.9008,0.9365,0.8959,1.3003,0.9725,PepSet_dimer_output_esmfold2_fast,4oyk,0.931,0.9,0.973,0.487
4oyk,42,2,0.8988,0.8424,0.8949,0.9311,0.8898,1.3687,1.0635,PepSet_dimer_output_esmfold2_fast,4oyk,0.916,0.875,1.064,0.532
4oyk,42,3,0.9005,0.8468,0.8968,0.9319,0.8952,1.4951,0.9397,PepSet_dimer_output_esmfold2_fast,4oyk,0.927,0.9,0.94,0.516
4oyk,42,4,0.9037,0.8473,0.8997,0.9355,0.8972,1.3252,0.6054,PepSet_dimer_output_esmfold2_fast,4oyk,0.939,0.9,0.605,0.437
4oyk,43,0,0.905,0.85,0.9011,0.9366,0.8982,1.3801,0.7983,PepSet_dimer_output_esmfold2_fast,4oyk,0.938,0.9,0.798,0.438
4oyk,43,1,0.904,0.8495,0.9002,0.9359,0.8973,1.3449,0.9552,PepSet_dimer_output_esmfold2_fast,4oyk,0.933,0.9,0.955,0.472
4oyk,43,2,0.9002,0.8407,0.8961,0.9334,0.8897,1.431,1.2526,PepSet_dimer_output_esmfold2_fast,4oyk,0.922,0.9,1.253,0.537
4oyk,43,3,0.9041,0.8472,0.9001,0.9358,0.8966,1.3659,0.9129,PepSet_dimer_output_esmfold2_fast,4oyk,0.932,0.9,0.913,0.475
4oyk,43,4,0.9038,0.8464,0.8998,0.9359,0.8952,1.382,0.7,PepSet_dimer_output_esmfold2_fast,4oyk,0.924,0.875,0.7,0.486
4oyk,44,0,0.9057,0.8488,0.9017,0.9371,0.8985,1.3687,0.8466,PepSet_dimer_output_esmfold2_fast,4oyk,0.933,0.9,0.847,0.475
4oyk,44,1,0.9011,0.8473,0.8973,0.9345,0.8967,1.3472,1.1294,PepSet_dimer_output_esmfold2_fast,4oyk,0.919,0.875,1.129,0.504
4oyk,44,2,0.8978,0.8465,0.8942,0.9316,0.895,1.436,0.9431,PepSet_dimer_output_esmfold2_fast,4oyk,0.931,0.9,0.943,0.486
4oyk,44,3,0.9074,0.8479,0.9032,0.9385,0.8969,1.4159,0.9316,PepSet_dimer_output_esmfold2_fast,4oyk,0.929,0.9,0.932,0.506
4oyk,44,4,0.9085,0.8522,0.9046,0.9402,0.9017,1.3158,0.8472,PepSet_dimer_output_esmfold2_fast,4oyk,0.935,0.9,0.847,0.461
4pd1,42,0,0.9052,0.8389,0.9036,0.8696,0.9167,1.6097,1.0075,PepSet_dimer_output_esmfold2_fast,4pd1,0.941,0.896,1.007,0.372
4pd1,42,1,0.907,0.8362,0.9053,0.8699,0.9154,1.3798,0.7649,PepSet_dimer_output_esmfold2_fast,4pd1,0.96,0.938,0.765,0.337
4pd1,42,2,0.905,0.8397,0.9034,0.8692,0.9175,1.6698,1.0872,PepSet_dimer_output_esmfold2_fast,4pd1,0.928,0.875,1.087,0.427
4pd1,42,3,0.9065,0.8422,0.905,0.8769,0.9198,1.1383,0.949,PepSet_dimer_output_esmfold2_fast,4pd1,0.928,0.854,0.949,0.369
4pd1,42,4,0.9055,0.843,0.904,0.8766,0.9209,1.7334,0.9999,PepSet_dimer_output_esmfold2_fast,4pd1,0.943,0.896,1.0,0.351
4pd1,43,0,0.9074,0.8425,0.9058,0.8694,0.9217,1.7013,1.0695,PepSet_dimer_output_esmfold2_fast,4pd1,0.934,0.875,1.069,0.369
4pd1,43,1,0.9049,0.8363,0.9033,0.8711,0.9179,1.7378,0.8567,PepSet_dimer_output_esmfold2_fast,4pd1,0.939,0.896,0.857,0.407
4pd1,43,2,0.9037,0.8408,0.9022,0.872,0.9202,1.6253,0.8854,PepSet_dimer_output_esmfold2_fast,4pd1,0.948,0.896,0.885,0.313
4pd1,43,3,0.9065,0.8418,0.905,0.8777,0.9202,1.1339,0.8813,PepSet_dimer_output_esmfold2_fast,4pd1,0.933,0.875,0.881,0.399
4pd1,43,4,0.9047,0.8355,0.903,0.8658,0.9168,1.7363,1.3087,PepSet_dimer_output_esmfold2_fast,4pd1,0.928,0.896,1.309,0.465
4pd1,44,0,0.9049,0.8403,0.9033,0.8701,0.9212,1.7128,0.8694,PepSet_dimer_output_esmfold2_fast,4pd1,0.949,0.917,0.869,0.378
4pd1,44,1,0.906,0.8266,0.9041,0.8755,0.9106,1.3915,1.228,PepSet_dimer_output_esmfold2_fast,4pd1,0.925,0.875,1.228,0.438
4pd1,44,2,0.9031,0.8431,0.9017,0.8712,0.9195,1.637,0.6086,PepSet_dimer_output_esmfold2_fast,4pd1,0.965,0.938,0.609,0.296
4pd1,44,3,0.9047,0.8398,0.9031,0.8731,0.9161,1.5125,1.2404,PepSet_dimer_output_esmfold2_fast,4pd1,0.942,0.917,1.24,0.413
4pd1,44,4,0.905,0.8385,0.9034,0.8751,0.9151,1.1738,0.8699,PepSet_dimer_output_esmfold2_fast,4pd1,0.951,0.917,0.87,0.355
4pge,42,0,0.9402,0.9545,0.9406,0.9062,0.9775,1.4875,1.0577,PepSet_dimer_output_esmfold2_fast,4pge,0.97,0.983,1.058,0.37
4pge,42,1,0.94,0.9535,0.9404,0.9074,0.9764,1.3331,1.0353,PepSet_dimer_output_esmfold2_fast,4pge,0.959,0.966,1.035,0.423
4pge,42,2,0.9409,0.9547,0.9413,0.9108,0.9771,1.1417,1.0055,PepSet_dimer_output_esmfold2_fast,4pge,0.968,0.983,1.005,0.393
4pge,42,3,0.9386,0.9545,0.9391,0.8955,0.9774,1.7157,1.1026,PepSet_dimer_output_esmfold2_fast,4pge,0.969,0.983,1.103,0.38
4pge,42,4,0.9386,0.9523,0.939,0.8913,0.9767,1.8212,1.1848,PepSet_dimer_output_esmfold2_fast,4pge,0.967,0.983,1.185,0.385
4pge,43,0,0.9393,0.9535,0.9397,0.9011,0.9768,1.4926,1.059,PepSet_dimer_output_esmfold2_fast,4pge,0.96,0.966,1.059,0.41
4pge,43,1,0.939,0.9512,0.9394,0.9006,0.9767,1.4721,1.0981,PepSet_dimer_output_esmfold2_fast,4pge,0.959,0.966,1.098,0.418
4pge,43,2,0.9404,0.9543,0.9409,0.9087,0.9773,1.4134,1.0322,PepSet_dimer_output_esmfold2_fast,4pge,0.969,0.983,1.032,0.382
4pge,43,3,0.939,0.9529,0.9394,0.8991,0.9767,0.9553,1.0383,PepSet_dimer_output_esmfold2_fast,4pge,0.962,0.966,1.038,0.394
4pge,43,4,0.9408,0.9547,0.9412,0.8924,0.9771,1.8753,1.1531,PepSet_dimer_output_esmfold2_fast,4pge,0.962,0.966,1.153,0.388
4pge,44,0,0.9399,0.9533,0.9403,0.901,0.9771,1.1868,1.0077,PepSet_dimer_output_esmfold2_fast,4pge,0.969,0.983,1.008,0.385
4pge,44,1,0.9409,0.9543,0.9414,0.9074,0.977,1.4336,1.021,PepSet_dimer_output_esmfold2_fast,4pge,0.97,0.983,1.021,0.374
4pge,44,2,0.9399,0.9542,0.9404,0.9046,0.9769,1.3078,1.1336,PepSet_dimer_output_esmfold2_fast,4pge,0.965,0.983,1.134,0.414
4pge,44,3,0.9404,0.9534,0.9408,0.9062,0.9771,1.226,1.0019,PepSet_dimer_output_esmfold2_fast,4pge,0.97,0.983,1.002,0.375
4pge,44,4,0.9401,0.953,0.9405,0.901,0.9769,1.6139,1.0886,PepSet_dimer_output_esmfold2_fast,4pge,0.967,0.983,1.089,0.402
4qbr,42,0,0.947,0.8771,0.9435,0.9566,0.9229,0.4719,0.4678,PepSet_dimer_output_esmfold2_fast,4qbr,0.986,1.0,0.468,0.307
4qbr,42,1,0.944,0.8586,0.9398,0.9528,0.9075,0.4919,1.1788,PepSet_dimer_output_esmfold2_fast,4qbr,0.953,0.975,1.179,0.49
4qbr,42,2,0.9475,0.8781,0.9441,0.9576,0.9251,0.4718,0.4265,PepSet_dimer_output_esmfold2_fast,4qbr,0.977,0.975,0.427,0.315
4qbr,42,3,0.9468,0.8794,0.9435,0.9569,0.9292,0.4922,0.7097,PepSet_dimer_output_esmfold2_fast,4qbr,0.969,0.975,0.71,0.385
4qbr,42,4,0.9477,0.8808,0.9444,0.9575,0.9293,0.5093,0.6292,PepSet_dimer_output_esmfold2_fast,4qbr,0.963,0.95,0.629,0.361
4qbr,43,0,0.9475,0.876,0.944,0.9569,0.92,0.489,0.5239,PepSet_dimer_output_esmfold2_fast,4qbr,0.982,1.0,0.524,0.346
4qbr,43,1,0.9484,0.872,0.9446,0.9577,0.9223,0.4508,0.6485,PepSet_dimer_output_esmfold2_fast,4qbr,0.961,0.95,0.649,0.388
4qbr,43,2,0.9491,0.8803,0.9457,0.9588,0.9307,0.4827,0.7456,PepSet_dimer_output_esmfold2_fast,4qbr,0.952,0.925,0.746,0.383
4qbr,43,3,0.9483,0.8776,0.9448,0.9579,0.9228,0.5247,0.4717,PepSet_dimer_output_esmfold2_fast,4qbr,0.974,0.975,0.472,0.343
4qbr,43,4,0.9485,0.8756,0.945,0.9583,0.9235,0.5106,0.4638,PepSet_dimer_output_esmfold2_fast,4qbr,0.96,0.925,0.464,0.311
4qbr,44,0,0.9478,0.8672,0.9439,0.9578,0.9167,0.4811,1.2695,PepSet_dimer_output_esmfold2_fast,4qbr,0.936,0.925,1.27,0.487
4qbr,44,1,0.9475,0.8762,0.944,0.9573,0.9262,0.5498,0.5715,PepSet_dimer_output_esmfold2_fast,4qbr,0.957,0.925,0.571,0.344
4qbr,44,2,0.949,0.8815,0.9457,0.9592,0.9296,0.477,0.4415,PepSet_dimer_output_esmfold2_fast,4qbr,0.969,0.95,0.441,0.308
4qbr,44,3,0.9449,0.861,0.9408,0.9546,0.9093,0.5205,1.5081,PepSet_dimer_output_esmfold2_fast,4qbr,0.925,0.95,1.508,0.614
4qbr,44,4,0.9439,0.8565,0.9396,0.9535,0.9115,0.4226,1.2546,PepSet_dimer_output_esmfold2_fast,4qbr,0.929,0.925,1.255,0.543
4r5i,42,0,0.9353,0.6308,0.9273,0.9113,0.7143,3.4178,11.4681,PepSet_dimer_output_esmfold2_fast,4r5i,0.269,0.273,11.468,3.209
4r5i,42,1,0.9373,0.62,0.929,0.9169,0.7029,2.8758,11.3818,PepSet_dimer_output_esmfold2_fast,4r5i,0.272,0.273,11.382,3.147
4r5i,42,2,0.9366,0.6316,0.9286,0.9166,0.6842,2.6452,2.5444,PepSet_dimer_output_esmfold2_fast,4r5i,0.789,0.773,2.544,1.036
4r5i,42,3,0.9359,0.6151,0.9275,0.9136,0.6949,3.5037,11.4328,PepSet_dimer_output_esmfold2_fast,4r5i,0.27,0.273,11.433,3.185
4r5i,42,4,0.9374,0.6229,0.9292,0.9189,0.7062,2.2958,11.4501,PepSet_dimer_output_esmfold2_fast,4r5i,0.27,0.273,11.45,3.167
4r5i,43,0,0.936,0.6181,0.9276,0.9165,0.6964,2.3962,11.4777,PepSet_dimer_output_esmfold2_fast,4r5i,0.27,0.273,11.478,3.154
4r5i,43,1,0.9371,0.6221,0.9288,0.9173,0.7038,2.0723,11.4169,PepSet_dimer_output_esmfold2_fast,4r5i,0.271,0.273,11.417,3.15
4r5i,43,2,0.9361,0.6254,0.9279,0.9069,0.7058,3.487,11.449,PepSet_dimer_output_esmfold2_fast,4r5i,0.269,0.273,11.449,3.199
4r5i,43,3,0.9355,0.6161,0.9271,0.9067,0.6967,2.9126,11.2987,PepSet_dimer_output_esmfold2_fast,4r5i,0.274,0.273,11.299,3.111
4r5i,43,4,0.9356,0.6099,0.927,0.9085,0.6902,2.2233,11.5056,PepSet_dimer_output_esmfold2_fast,4r5i,0.268,0.273,11.506,3.208
4r5i,44,0,0.9366,0.6125,0.9281,0.9154,0.6852,2.4236,11.4676,PepSet_dimer_output_esmfold2_fast,4r5i,0.27,0.273,11.468,3.178
4r5i,44,1,0.9373,0.6196,0.929,0.9178,0.6971,2.118,11.4726,PepSet_dimer_output_esmfold2_fast,4r5i,0.27,0.273,11.473,3.176
4r5i,44,2,0.9291,0.4157,0.9156,0.9049,0.4704,2.6556,2.9112,PepSet_dimer_output_esmfold2_fast,4r5i,0.769,0.75,2.911,1.075
4r5i,44,3,0.933,0.6259,0.9249,0.879,0.702,2.5958,11.709,PepSet_dimer_output_esmfold2_fast,4r5i,0.263,0.273,11.709,3.3
4r5i,44,4,0.9363,0.6192,0.928,0.9136,0.7033,3.6748,11.3484,PepSet_dimer_output_esmfold2_fast,4r5i,0.272,0.273,11.348,3.154
4txr,42,0,0.9439,0.7614,0.9282,0.9457,0.8646,0.5965,2.4698,PepSet_dimer_output_esmfold2_fast,4txr,0.791,0.805,2.47,1.11
4txr,42,1,0.9435,0.811,0.9321,0.947,0.8701,0.6798,3.475,PepSet_dimer_output_esmfold2_fast,4txr,0.737,0.854,3.475,1.498
4txr,42,2,0.9441,0.7878,0.9306,0.947,0.8754,0.5462,2.5268,PepSet_dimer_output_esmfold2_fast,4txr,0.804,0.854,2.527,1.124
4txr,42,3,0.9423,0.8116,0.9311,0.9495,0.8731,0.6829,3.4961,PepSet_dimer_output_esmfold2_fast,4txr,0.723,0.829,3.496,1.547
4txr,42,4,0.9424,0.8093,0.9309,0.9466,0.8743,0.72,3.326,PepSet_dimer_output_esmfold2_fast,4txr,0.74,0.829,3.326,1.429
4txr,43,0,0.9428,0.7852,0.9292,0.9469,0.8725,0.6901,2.3274,PepSet_dimer_output_esmfold2_fast,4txr,0.828,0.902,2.327,1.098
4txr,43,1,0.9429,0.7822,0.929,0.9455,0.8728,0.721,1.9731,PepSet_dimer_output_esmfold2_fast,4txr,0.838,0.829,1.973,0.9
4txr,43,2,0.9469,0.8668,0.94,0.9557,0.9197,0.8039,13.6242,PepSet_dimer_output_esmfold2_fast,4txr,0.153,0.122,13.624,6.194
4txr,43,3,0.9422,0.7846,0.9286,0.9469,0.8664,0.6697,2.0909,PepSet_dimer_output_esmfold2_fast,4txr,0.832,0.854,2.091,0.982
4txr,43,4,0.9467,0.8729,0.9403,0.9565,0.9223,0.7585,13.6721,PepSet_dimer_output_esmfold2_fast,4txr,0.152,0.122,13.672,6.207
4txr,44,0,0.9438,0.7755,0.9293,0.9468,0.8626,0.6762,1.6599,PepSet_dimer_output_esmfold2_fast,4txr,0.877,0.878,1.66,0.771
4txr,44,1,0.9478,0.8789,0.9419,0.9574,0.9301,0.8014,13.547,PepSet_dimer_output_esmfold2_fast,4txr,0.153,0.122,13.547,6.158
4txr,44,2,0.9436,0.8086,0.9319,0.9499,0.8733,0.6669,3.4173,PepSet_dimer_output_esmfold2_fast,4txr,0.718,0.805,3.417,1.538
4txr,44,3,0.9462,0.8703,0.9396,0.955,0.9221,0.7577,13.5687,PepSet_dimer_output_esmfold2_fast,4txr,0.153,0.122,13.569,6.158
4txr,44,4,0.9429,0.8139,0.9318,0.9471,0.8729,0.6756,3.0698,PepSet_dimer_output_esmfold2_fast,4txr,0.748,0.829,3.07,1.409
4u0c,42,0,0.8181,0.444,0.8027,0.6855,0.4063,14.7142,10.2713,PepSet_dimer_output_esmfold2_fast,4u0c,0.529,0.737,10.271,1.678
4u0c,42,1,0.8159,0.4398,0.8004,0.6809,0.4365,14.823,18.0302,PepSet_dimer_output_esmfold2_fast,4u0c,0.26,0.421,18.03,3.229
4u0c,42,2,0.776,0.3836,0.7599,0.6186,0.3484,14.1645,10.4112,PepSet_dimer_output_esmfold2_fast,4u0c,0.361,0.474,10.411,2.914
4u0c,42,3,0.7916,0.3046,0.7716,0.6573,0.2567,15.1269,11.0985,PepSet_dimer_output_esmfold2_fast,4u0c,0.28,0.211,11.099,2.534
4u0c,42,4,0.8096,0.3587,0.791,0.6915,0.3442,14.8232,15.8198,PepSet_dimer_output_esmfold2_fast,4u0c,0.3,0.474,15.82,2.985
4u0c,43,0,0.8154,0.401,0.7984,0.6902,0.3879,14.77,18.0095,PepSet_dimer_output_esmfold2_fast,4u0c,0.28,0.474,18.009,3.162
4u0c,43,1,0.812,0.3251,0.7919,0.6899,0.289,14.6383,8.8668,PepSet_dimer_output_esmfold2_fast,4u0c,0.399,0.316,8.867,1.831
4u0c,43,2,0.7912,0.3432,0.7728,0.6384,0.2971,11.7717,9.2426,PepSet_dimer_output_esmfold2_fast,4u0c,0.309,0.211,9.243,2.552
4u0c,43,3,0.789,0.3106,0.7693,0.6343,0.2471,11.2658,8.9212,PepSet_dimer_output_esmfold2_fast,4u0c,0.32,0.211,8.921,2.449
4u0c,43,4,0.8109,0.3569,0.7922,0.688,0.3428,14.65,16.1782,PepSet_dimer_output_esmfold2_fast,4u0c,0.295,0.474,16.178,3.038
4u0c,44,0,0.8074,0.3168,0.7873,0.6826,0.2708,14.6917,13.4263,PepSet_dimer_output_esmfold2_fast,4u0c,0.235,0.211,13.426,2.933
4u0c,44,1,0.8154,0.4113,0.7987,0.6887,0.3883,14.5178,17.5207,PepSet_dimer_output_esmfold2_fast,4u0c,0.288,0.474,17.521,3.011
4u0c,44,2,0.8097,0.3771,0.792,0.6809,0.344,14.7677,18.1586,PepSet_dimer_output_esmfold2_fast,4u0c,0.282,0.474,18.159,3.062
4u0c,44,3,0.811,0.394,0.7939,0.684,0.3745,15.1794,16.3935,PepSet_dimer_output_esmfold2_fast,4u0c,0.295,0.474,16.393,3.006
4u0c,44,4,0.7953,0.4218,0.78,0.6418,0.38,12.0162,13.2177,PepSet_dimer_output_esmfold2_fast,4u0c,0.381,0.684,13.218,3.375
4uqy,42,0,0.9467,0.6117,0.9306,0.9565,0.6505,0.4623,0.7262,PepSet_dimer_output_esmfold2_fast,4uqy,0.938,0.907,0.726,0.459
4uqy,42,1,0.946,0.6185,0.9302,0.9562,0.6606,0.4846,1.1307,PepSet_dimer_output_esmfold2_fast,4uqy,0.921,0.889,1.131,0.52
4uqy,42,2,0.9523,0.7523,0.9426,0.9651,0.7968,0.455,0.6819,PepSet_dimer_output_esmfold2_fast,4uqy,0.952,0.926,0.682,0.394
4uqy,42,3,0.953,0.7737,0.9444,0.9658,0.819,0.4057,0.6709,PepSet_dimer_output_esmfold2_fast,4uqy,0.953,0.926,0.671,0.383
4uqy,42,4,0.9476,0.6123,0.9314,0.9576,0.655,0.4088,0.867,PepSet_dimer_output_esmfold2_fast,4uqy,0.94,0.907,0.867,0.436
4uqy,43,0,0.9449,0.6203,0.9293,0.9562,0.6637,0.4305,0.9048,PepSet_dimer_output_esmfold2_fast,4uqy,0.938,0.907,0.905,0.445
4uqy,43,1,0.9457,0.6244,0.9302,0.9566,0.6693,0.4574,1.0859,PepSet_dimer_output_esmfold2_fast,4uqy,0.931,0.907,1.086,0.492
4uqy,43,2,0.9465,0.6168,0.9306,0.9566,0.6602,0.4018,1.1358,PepSet_dimer_output_esmfold2_fast,4uqy,0.929,0.907,1.136,0.504
4uqy,43,3,0.9474,0.6404,0.9326,0.9577,0.6842,0.4021,0.6693,PepSet_dimer_output_esmfold2_fast,4uqy,0.935,0.87,0.669,0.377
4uqy,43,4,0.9466,0.6165,0.9307,0.9563,0.6581,0.4718,0.8849,PepSet_dimer_output_esmfold2_fast,4uqy,0.921,0.852,0.885,0.437
4uqy,44,0,0.9467,0.6112,0.9306,0.9568,0.6558,0.4583,1.2435,PepSet_dimer_output_esmfold2_fast,4uqy,0.888,0.796,1.244,0.534
4uqy,44,1,0.946,0.624,0.9305,0.957,0.6736,0.3927,0.7431,PepSet_dimer_output_esmfold2_fast,4uqy,0.95,0.926,0.743,0.41
4uqy,44,2,0.9466,0.6087,0.9303,0.9565,0.6484,0.4355,0.7753,PepSet_dimer_output_esmfold2_fast,4uqy,0.954,0.944,0.775,0.425
4uqy,44,3,0.9451,0.6252,0.9297,0.9579,0.6786,0.522,0.9484,PepSet_dimer_output_esmfold2_fast,4uqy,0.916,0.852,0.948,0.478
4uqy,44,4,0.9473,0.6267,0.9319,0.9578,0.6711,0.4348,1.1044,PepSet_dimer_output_esmfold2_fast,4uqy,0.926,0.889,1.104,0.481
4x2h,42,0,0.8521,0.8365,0.8517,0.8749,0.9023,12.3589,3.6477,PepSet_dimer_output_esmfold2_fast,4x2h,0.59,0.895,3.648,8.502
4x2h,42,1,0.8498,0.8283,0.8492,0.8804,0.8818,12.4361,3.9706,PepSet_dimer_output_esmfold2_fast,4x2h,0.6,0.947,3.971,8.405
4x2h,42,2,0.8536,0.8505,0.8535,0.8852,0.8938,12.854,3.6738,PepSet_dimer_output_esmfold2_fast,4x2h,0.616,0.974,3.674,8.422
4x2h,42,3,0.847,0.8507,0.8471,0.8732,0.9077,13.9408,4.657,PepSet_dimer_output_esmfold2_fast,4x2h,0.574,0.921,4.657,8.356
4x2h,42,4,0.8561,0.8523,0.856,0.8833,0.8948,13.7658,4.2825,PepSet_dimer_output_esmfold2_fast,4x2h,0.592,0.947,4.282,8.385
4x2h,43,0,0.8533,0.8399,0.8529,0.8753,0.9032,12.6874,3.7797,PepSet_dimer_output_esmfold2_fast,4x2h,0.604,0.947,3.78,8.48
4x2h,43,1,0.8411,0.8301,0.8408,0.8675,0.897,14.372,5.3229,PepSet_dimer_output_esmfold2_fast,4x2h,0.54,0.868,5.323,8.049
4x2h,43,2,0.8357,0.8338,0.8357,0.8647,0.8798,15.192,5.3982,PepSet_dimer_output_esmfold2_fast,4x2h,0.564,0.947,5.398,8.364
4x2h,43,3,0.8549,0.8508,0.8548,0.8781,0.9077,12.6697,3.8269,PepSet_dimer_output_esmfold2_fast,4x2h,0.603,0.947,3.827,8.416
4x2h,43,4,0.8396,0.823,0.8391,0.8704,0.8763,15.7521,6.2681,PepSet_dimer_output_esmfold2_fast,4x2h,0.524,0.895,6.268,8.388
4x2h,44,0,0.8495,0.8432,0.8494,0.8767,0.8945,12.6502,3.6167,PepSet_dimer_output_esmfold2_fast,4x2h,0.608,0.947,3.617,8.393
4x2h,44,1,0.8482,0.843,0.8481,0.8738,0.8933,12.6328,3.5971,PepSet_dimer_output_esmfold2_fast,4x2h,0.617,0.974,3.597,8.447
4x2h,44,2,0.8475,0.838,0.8473,0.8722,0.9008,13.0492,4.4075,PepSet_dimer_output_esmfold2_fast,4x2h,0.589,0.947,4.407,8.5
4x2h,44,3,0.8372,0.8378,0.8372,0.8729,0.8986,15.6264,5.3892,PepSet_dimer_output_esmfold2_fast,4x2h,0.555,0.921,5.389,8.305
4x2h,44,4,0.8432,0.8427,0.8432,0.8712,0.9028,13.7068,4.9848,PepSet_dimer_output_esmfold2_fast,4x2h,0.556,0.895,4.985,8.46
4x3o,42,0,0.9053,0.8582,0.9045,0.9336,0.9546,2.0986,1.4801,PepSet_dimer_output_esmfold2_fast,4x3o,0.767,1.0,1.48,2.13
4x3o,42,1,0.9197,0.8672,0.9188,0.9451,0.9532,0.9914,1.366,PepSet_dimer_output_esmfold2_fast,4x3o,0.899,1.0,1.366,0.927
4x3o,42,2,0.9132,0.863,0.9123,0.9452,0.953,2.0376,1.2543,PepSet_dimer_output_esmfold2_fast,4x3o,0.785,1.0,1.254,1.925
4x3o,42,3,0.9139,0.8601,0.913,0.9448,0.9535,2.1195,1.9175,PepSet_dimer_output_esmfold2_fast,4x3o,0.747,0.967,1.917,2.176
4x3o,42,4,0.9154,0.8645,0.9145,0.9484,0.9546,1.7588,1.429,PepSet_dimer_output_esmfold2_fast,4x3o,0.798,1.0,1.429,1.763
4x3o,43,0,0.9134,0.865,0.9126,0.9463,0.9528,1.7039,1.6984,PepSet_dimer_output_esmfold2_fast,4x3o,0.763,1.0,1.698,2.143
4x3o,43,1,0.9159,0.8596,0.915,0.9481,0.953,0.9859,1.4988,PepSet_dimer_output_esmfold2_fast,4x3o,0.877,1.0,1.499,1.073
4x3o,43,2,0.9209,0.8655,0.92,0.9458,0.9547,1.356,0.8527,PepSet_dimer_output_esmfold2_fast,4x3o,0.855,1.0,0.853,1.292
4x3o,43,3,0.9152,0.8739,0.9145,0.9474,0.9579,1.0459,1.5068,PepSet_dimer_output_esmfold2_fast,4x3o,0.877,1.0,1.507,1.076
4x3o,43,4,0.9143,0.8673,0.9135,0.9495,0.9558,1.1897,1.2187,PepSet_dimer_output_esmfold2_fast,4x3o,0.848,1.0,1.219,1.316
4x3o,44,0,0.9146,0.8711,0.9139,0.9483,0.9554,1.4392,1.1621,PepSet_dimer_output_esmfold2_fast,4x3o,0.854,1.0,1.162,1.275
4x3o,44,1,0.9118,0.852,0.9109,0.9431,0.9543,2.1199,1.4923,PepSet_dimer_output_esmfold2_fast,4x3o,0.767,1.0,1.492,2.132
4x3o,44,2,0.9156,0.8681,0.9148,0.9475,0.955,1.1305,1.5434,PepSet_dimer_output_esmfold2_fast,4x3o,0.85,1.0,1.543,1.271
4x3o,44,3,0.9121,0.8595,0.9112,0.9436,0.9519,1.5944,1.5347,PepSet_dimer_output_esmfold2_fast,4x3o,0.783,0.967,1.535,1.79
4x3o,44,4,0.917,0.8611,0.916,0.9492,0.9511,1.9808,1.3327,PepSet_dimer_output_esmfold2_fast,4x3o,0.777,1.0,1.333,2.025
4xc2,42,0,0.9102,0.7183,0.8936,0.92,0.816,0.6694,3.183,PepSet_dimer_output_esmfold2_fast,4xc2,0.741,0.755,3.183,1.252
4xc2,42,1,0.9105,0.7023,0.8925,0.9205,0.8132,0.6528,3.7531,PepSet_dimer_output_esmfold2_fast,4xc2,0.682,0.694,3.753,1.451
4xc2,42,2,0.9047,0.7167,0.8884,0.9165,0.8255,0.8488,2.6056,PepSet_dimer_output_esmfold2_fast,4xc2,0.768,0.714,2.606,1.042
4xc2,42,3,0.9026,0.6884,0.884,0.9113,0.8198,0.6724,6.8679,PepSet_dimer_output_esmfold2_fast,4xc2,0.51,0.673,6.868,2.585
4xc2,42,4,0.9091,0.7122,0.892,0.9192,0.8131,0.6905,2.9142,PepSet_dimer_output_esmfold2_fast,4xc2,0.737,0.694,2.914,1.169
4xc2,43,0,0.9066,0.6868,0.8876,0.9146,0.8136,0.6541,6.9885,PepSet_dimer_output_esmfold2_fast,4xc2,0.506,0.673,6.988,2.612
4xc2,43,1,0.905,0.7172,0.8888,0.9156,0.8126,0.6784,3.5382,PepSet_dimer_output_esmfold2_fast,4xc2,0.717,0.755,3.538,1.373
4xc2,43,2,0.9036,0.7062,0.8865,0.9146,0.8114,0.7479,2.0536,PepSet_dimer_output_esmfold2_fast,4xc2,0.853,0.837,2.054,0.804
4xc2,43,3,0.902,0.7143,0.8858,0.913,0.8158,0.7555,2.4839,PepSet_dimer_output_esmfold2_fast,4xc2,0.817,0.837,2.484,1.001
4xc2,43,4,0.9066,0.7081,0.8894,0.9172,0.8086,0.6359,3.0265,PepSet_dimer_output_esmfold2_fast,4xc2,0.737,0.714,3.026,1.198
4xc2,44,0,0.9001,0.6785,0.8809,0.9067,0.8096,0.8195,7.9578,PepSet_dimer_output_esmfold2_fast,4xc2,0.469,0.673,7.958,2.987
4xc2,44,1,0.9091,0.7176,0.8925,0.9191,0.818,0.6134,2.9576,PepSet_dimer_output_esmfold2_fast,4xc2,0.756,0.755,2.958,1.174
4xc2,44,2,0.9057,0.6822,0.8864,0.9142,0.8213,0.75,7.5136,PepSet_dimer_output_esmfold2_fast,4xc2,0.486,0.673,7.514,2.796
4xc2,44,3,0.9064,0.6898,0.8876,0.9136,0.8185,0.6647,6.7405,PepSet_dimer_output_esmfold2_fast,4xc2,0.523,0.694,6.74,2.52
4xc2,44,4,0.9039,0.7137,0.8874,0.9139,0.8041,0.6879,2.87,PepSet_dimer_output_esmfold2_fast,4xc2,0.763,0.755,2.87,1.136
4xek,42,0,0.9056,0.8179,0.8964,0.9122,0.8291,1.0549,1.0232,PepSet_dimer_output_esmfold2_fast,4xek,0.96,1.0,1.023,0.514
4xek,42,1,0.9025,0.8045,0.8922,0.9083,0.8226,1.5453,1.7315,PepSet_dimer_output_esmfold2_fast,4xek,0.904,0.972,1.732,0.795
4xek,42,2,0.9079,0.832,0.9,0.9163,0.8545,1.0787,2.2701,PepSet_dimer_output_esmfold2_fast,4xek,0.822,0.889,2.27,1.118
4xek,42,3,0.9038,0.8221,0.8952,0.9113,0.8398,1.8553,0.7451,PepSet_dimer_output_esmfold2_fast,4xek,0.956,0.944,0.745,0.409
4xek,42,4,0.9064,0.8076,0.8961,0.9127,0.8327,1.1395,1.3467,PepSet_dimer_output_esmfold2_fast,4xek,0.931,0.972,1.347,0.645
4xek,43,0,0.906,0.8259,0.8976,0.9123,0.8406,1.2467,0.5882,PepSet_dimer_output_esmfold2_fast,4xek,0.976,0.972,0.588,0.306
4xek,43,1,0.905,0.8328,0.8975,0.9135,0.8614,1.0213,3.1069,PepSet_dimer_output_esmfold2_fast,4xek,0.758,0.889,3.107,1.492
4xek,43,2,0.8972,0.7978,0.8868,0.9016,0.8155,2.0172,2.2574,PepSet_dimer_output_esmfold2_fast,4xek,0.826,0.889,2.257,1.086
4xek,43,3,0.9025,0.8275,0.8946,0.9099,0.8545,1.5154,2.7719,PepSet_dimer_output_esmfold2_fast,4xek,0.784,0.889,2.772,1.331
4xek,43,4,0.908,0.8263,0.8994,0.9155,0.845,0.9894,0.875,PepSet_dimer_output_esmfold2_fast,4xek,0.963,0.972,0.875,0.422
4xek,44,0,0.9076,0.8125,0.8977,0.9133,0.8277,1.3033,1.4229,PepSet_dimer_output_esmfold2_fast,4xek,0.93,0.972,1.423,0.644
4xek,44,1,0.9036,0.8204,0.8949,0.9102,0.8357,2.0525,1.0438,PepSet_dimer_output_esmfold2_fast,4xek,0.941,0.944,1.044,0.52
4xek,44,2,0.9041,0.8128,0.8945,0.9123,0.8337,1.5057,1.8397,PepSet_dimer_output_esmfold2_fast,4xek,0.88,0.944,1.84,0.891
4xek,44,3,0.9039,0.8375,0.897,0.9123,0.8643,1.5317,2.5075,PepSet_dimer_output_esmfold2_fast,4xek,0.804,0.889,2.507,1.215
4xek,44,4,0.9092,0.8196,0.8999,0.9156,0.8342,1.072,0.8874,PepSet_dimer_output_esmfold2_fast,4xek,0.957,0.972,0.887,0.473
4yje,42,0,0.9479,0.6871,0.9404,0.9601,0.7591,1.2034,1.3408,PepSet_dimer_output_esmfold2_fast,4yje,0.902,0.837,1.341,0.519
4yje,42,1,0.9519,0.8358,0.9485,0.9662,0.908,1.1777,1.7794,PepSet_dimer_output_esmfold2_fast,4yje,0.871,0.796,1.779,0.605
4yje,42,2,0.9465,0.6699,0.9385,0.9585,0.7321,1.1312,1.7586,PepSet_dimer_output_esmfold2_fast,4yje,0.891,0.857,1.759,0.611
4yje,42,3,0.9504,0.8065,0.9463,0.9639,0.8805,1.1654,1.5993,PepSet_dimer_output_esmfold2_fast,4yje,0.902,0.878,1.599,0.596
4yje,42,4,0.952,0.8399,0.9488,0.9665,0.9102,1.2074,1.834,PepSet_dimer_output_esmfold2_fast,4yje,0.882,0.837,1.834,0.623
4yje,43,0,0.9459,0.661,0.9377,0.9579,0.7277,1.1129,1.1809,PepSet_dimer_output_esmfold2_fast,4yje,0.911,0.837,1.181,0.46
4yje,43,1,0.9519,0.8436,0.9488,0.9662,0.9124,1.2036,1.6741,PepSet_dimer_output_esmfold2_fast,4yje,0.893,0.857,1.674,0.604
4yje,43,2,0.9502,0.8176,0.9463,0.9642,0.8852,1.1699,1.9248,PepSet_dimer_output_esmfold2_fast,4yje,0.881,0.857,1.925,0.668
4yje,43,3,0.9509,0.8047,0.9467,0.9642,0.8748,1.0661,1.8988,PepSet_dimer_output_esmfold2_fast,4yje,0.87,0.816,1.899,0.652
4yje,43,4,0.949,0.7691,0.9438,0.9612,0.8381,1.1108,1.9303,PepSet_dimer_output_esmfold2_fast,4yje,0.884,0.857,1.93,0.642
4yje,44,0,0.9499,0.8117,0.9459,0.9629,0.8746,1.2203,1.7692,PepSet_dimer_output_esmfold2_fast,4yje,0.891,0.857,1.769,0.608
4yje,44,1,0.9478,0.7404,0.9419,0.9597,0.8077,1.168,1.8199,PepSet_dimer_output_esmfold2_fast,4yje,0.869,0.796,1.82,0.621
4yje,44,2,0.9502,0.813,0.9462,0.9642,0.8832,1.2164,1.6483,PepSet_dimer_output_esmfold2_fast,4yje,0.891,0.857,1.648,0.624
4yje,44,3,0.9482,0.7155,0.9415,0.9607,0.7816,1.1089,1.8917,PepSet_dimer_output_esmfold2_fast,4yje,0.864,0.796,1.892,0.647
4yje,44,4,0.9514,0.8358,0.948,0.9657,0.9015,1.1591,1.7939,PepSet_dimer_output_esmfold2_fast,4yje,0.884,0.837,1.794,0.61
4z2o,42,0,0.8958,0.3629,0.8533,0.882,0.236,0.7859,18.6261,PepSet_dimer_output_esmfold2_fast,4z2o,0.108,0.111,18.626,7.415
4z2o,42,1,0.8997,0.3663,0.8572,0.8842,0.2588,0.7204,10.1844,PepSet_dimer_output_esmfold2_fast,4z2o,0.253,0.222,10.184,3.956
4z2o,42,2,0.9013,0.3524,0.8575,0.8875,0.2387,0.7962,11.7825,PepSet_dimer_output_esmfold2_fast,4z2o,0.187,0.133,11.782,4.894
4z2o,42,3,0.8984,0.3593,0.8554,0.8878,0.2524,0.8147,20.416,PepSet_dimer_output_esmfold2_fast,4z2o,0.097,0.111,20.416,8.164
4z2o,42,4,0.8993,0.3701,0.8571,0.8873,0.2457,0.7626,17.7134,PepSet_dimer_output_esmfold2_fast,4z2o,0.107,0.089,17.713,6.969
4z2o,43,0,0.8969,0.3564,0.8538,0.8864,0.2432,0.7972,11.2367,PepSet_dimer_output_esmfold2_fast,4z2o,0.252,0.289,11.237,4.431
4z2o,43,1,0.902,0.3783,0.8602,0.8905,0.2765,0.8179,17.7921,PepSet_dimer_output_esmfold2_fast,4z2o,0.15,0.222,17.792,7.066
4z2o,43,2,0.8957,0.397,0.8559,0.8845,0.3056,0.8055,17.0037,PepSet_dimer_output_esmfold2_fast,4z2o,0.186,0.311,17.004,6.794
4z2o,43,3,0.9015,0.4087,0.8622,0.8907,0.3124,0.7469,10.5777,PepSet_dimer_output_esmfold2_fast,4z2o,0.282,0.333,10.578,4.054
4z2o,43,4,0.8997,0.3738,0.8578,0.8897,0.2676,0.7319,19.2085,PepSet_dimer_output_esmfold2_fast,4z2o,0.097,0.089,19.209,7.643
4z2o,44,0,0.9001,0.3582,0.8569,0.8868,0.2356,0.7789,19.8454,PepSet_dimer_output_esmfold2_fast,4z2o,0.108,0.133,19.845,7.856
4z2o,44,1,0.8955,0.3619,0.853,0.8821,0.2253,0.7538,12.2918,PepSet_dimer_output_esmfold2_fast,4z2o,0.148,0.044,12.292,5.18
4z2o,44,2,0.8985,0.3622,0.8557,0.8862,0.249,0.8347,18.0803,PepSet_dimer_output_esmfold2_fast,4z2o,0.112,0.111,18.08,7.052
4z2o,44,3,0.9041,0.3954,0.8636,0.8904,0.2973,0.8524,18.2921,PepSet_dimer_output_esmfold2_fast,4z2o,0.162,0.267,18.292,7.219
4z2o,44,4,0.8977,0.3657,0.8553,0.8878,0.2536,0.8205,14.418,PepSet_dimer_output_esmfold2_fast,4z2o,0.158,0.156,14.418,5.879
4zoz,42,0,0.9501,0.8533,0.9473,0.9739,0.9412,1.0749,2.727,PepSet_dimer_output_esmfold2_fast,4zoz,0.849,0.918,2.727,0.932
4zoz,42,1,0.95,0.8453,0.9469,0.9741,0.9411,1.0759,0.8917,PepSet_dimer_output_esmfold2_fast,4zoz,0.922,0.898,0.892,0.556
4zoz,42,2,0.9519,0.8455,0.9487,0.9749,0.9458,1.0752,1.08,PepSet_dimer_output_esmfold2_fast,4zoz,0.919,0.878,1.08,0.516
4zoz,42,3,0.9484,0.8209,0.9446,0.9732,0.9258,1.115,1.2235,PepSet_dimer_output_esmfold2_fast,4zoz,0.904,0.857,1.224,0.564
4zoz,42,4,0.9513,0.8421,0.9481,0.9744,0.9344,1.0992,1.2666,PepSet_dimer_output_esmfold2_fast,4zoz,0.917,0.918,1.267,0.623
4zoz,43,0,0.9515,0.8466,0.9484,0.9744,0.9308,1.0766,2.7793,PepSet_dimer_output_esmfold2_fast,4zoz,0.843,0.939,2.779,1.012
4zoz,43,1,0.9499,0.8371,0.9466,0.9739,0.9289,1.0921,1.9021,PepSet_dimer_output_esmfold2_fast,4zoz,0.879,0.878,1.902,0.734
4zoz,43,2,0.9504,0.8372,0.9471,0.974,0.9259,1.0818,1.3634,PepSet_dimer_output_esmfold2_fast,4zoz,0.905,0.878,1.363,0.601
4zoz,43,3,0.9513,0.8528,0.9484,0.9745,0.9412,1.0771,1.248,PepSet_dimer_output_esmfold2_fast,4zoz,0.909,0.878,1.248,0.58
4zoz,43,4,0.9521,0.8576,0.9493,0.975,0.941,1.0771,2.5733,PepSet_dimer_output_esmfold2_fast,4zoz,0.831,0.857,2.573,0.939
4zoz,44,0,0.9464,0.8264,0.9428,0.9722,0.9264,1.1454,1.2339,PepSet_dimer_output_esmfold2_fast,4zoz,0.927,0.918,1.234,0.547
4zoz,44,1,0.9494,0.8516,0.9465,0.9734,0.9414,1.0721,2.444,PepSet_dimer_output_esmfold2_fast,4zoz,0.867,0.918,2.444,0.847
4zoz,44,2,0.9499,0.8207,0.9461,0.9739,0.9269,1.0788,1.4922,PepSet_dimer_output_esmfold2_fast,4zoz,0.912,0.898,1.492,0.587
4zoz,44,3,0.9509,0.8496,0.9479,0.9741,0.9365,1.0716,2.5979,PepSet_dimer_output_esmfold2_fast,4zoz,0.846,0.898,2.598,0.924
4zoz,44,4,0.9456,0.8528,0.9428,0.9724,0.9441,1.1979,1.2759,PepSet_dimer_output_esmfold2_fast,4zoz,0.873,0.898,1.276,0.881
5bs2,42,0,0.8642,0.3455,0.838,0.8102,0.1796,1.3897,24.0424,PepSet_dimer_output_esmfold2_fast,5bs2,0.051,0.0,24.042,7.174
5bs2,42,1,0.8845,0.5913,0.8697,0.8356,0.4947,1.2802,20.4156,PepSet_dimer_output_esmfold2_fast,5bs2,0.069,0.0,20.416,6.023
5bs2,42,2,0.87,0.3795,0.8453,0.8146,0.2403,1.6213,20.7849,PepSet_dimer_output_esmfold2_fast,5bs2,0.067,0.0,20.785,6.077
5bs2,42,3,0.8779,0.5338,0.8605,0.8234,0.4173,1.8207,20.1835,PepSet_dimer_output_esmfold2_fast,5bs2,0.07,0.0,20.183,5.993
5bs2,42,4,0.8761,0.4715,0.8557,0.8237,0.3538,1.2884,19.8672,PepSet_dimer_output_esmfold2_fast,5bs2,0.071,0.0,19.867,5.957
5bs2,43,0,0.87,0.5652,0.8546,0.8177,0.463,1.7387,20.3156,PepSet_dimer_output_esmfold2_fast,5bs2,0.07,0.0,20.316,5.961
5bs2,43,1,0.8697,0.372,0.8446,0.8104,0.211,1.5821,20.092,PepSet_dimer_output_esmfold2_fast,5bs2,0.071,0.0,20.092,5.916
5bs2,43,2,0.8704,0.3592,0.8446,0.8152,0.1938,1.4966,23.0026,PepSet_dimer_output_esmfold2_fast,5bs2,0.055,0.0,23.003,6.856
5bs2,43,3,0.8681,0.3272,0.8409,0.8071,0.12,1.2968,16.7378,PepSet_dimer_output_esmfold2_fast,5bs2,0.132,0.105,16.738,4.87
5bs2,43,4,0.8693,0.3652,0.8439,0.8081,0.2152,1.7723,20.3728,PepSet_dimer_output_esmfold2_fast,5bs2,0.07,0.0,20.373,5.811
5bs2,44,0,0.8783,0.5562,0.862,0.8284,0.4571,2.1753,19.6141,PepSet_dimer_output_esmfold2_fast,5bs2,0.073,0.0,19.614,5.939
5bs2,44,1,0.8788,0.5891,0.8642,0.8322,0.5075,1.8185,19.8719,PepSet_dimer_output_esmfold2_fast,5bs2,0.071,0.0,19.872,6.014
5bs2,44,2,0.8612,0.3609,0.836,0.7983,0.195,2.0788,19.2089,PepSet_dimer_output_esmfold2_fast,5bs2,0.077,0.0,19.209,5.571
5bs2,44,3,0.8713,0.3227,0.8436,0.8112,0.1331,1.3054,15.2549,PepSet_dimer_output_esmfold2_fast,5bs2,0.165,0.158,15.255,4.481
5bs2,44,4,0.8724,0.4631,0.8517,0.8192,0.3309,1.48,19.9104,PepSet_dimer_output_esmfold2_fast,5bs2,0.073,0.0,19.91,5.765
5crw,42,0,0.9204,0.706,0.9111,0.6635,0.8171,3.0305,4.1123,PepSet_dimer_output_esmfold2_fast,5crw,0.774,0.897,4.112,1.186
5crw,42,1,0.9187,0.6969,0.909,0.6146,0.8173,1.9737,4.1374,PepSet_dimer_output_esmfold2_fast,5crw,0.775,0.862,4.137,1.09
5crw,42,2,0.9216,0.7171,0.9127,0.6645,0.8322,4.0811,5.1467,PepSet_dimer_output_esmfold2_fast,5crw,0.751,0.862,5.147,1.078
5crw,42,3,0.917,0.7014,0.9076,0.5848,0.8264,2.8285,6.0997,PepSet_dimer_output_esmfold2_fast,5crw,0.738,0.897,6.1,1.084
5crw,42,4,0.9211,0.7117,0.912,0.649,0.8331,1.5889,3.3498,PepSet_dimer_output_esmfold2_fast,5crw,0.806,0.897,3.35,1.083
5crw,43,0,0.919,0.7102,0.91,0.6426,0.8228,2.8957,2.5294,PepSet_dimer_output_esmfold2_fast,5crw,0.828,0.897,2.529,1.052
5crw,43,1,0.9193,0.7068,0.9101,0.6604,0.8199,3.4033,3.8718,PepSet_dimer_output_esmfold2_fast,5crw,0.788,0.897,3.872,1.125
5crw,43,2,0.9204,0.7015,0.9109,0.655,0.8174,2.4151,2.1962,PepSet_dimer_output_esmfold2_fast,5crw,0.836,0.897,2.196,1.041
5crw,43,3,0.9188,0.705,0.9095,0.6496,0.8198,2.8111,2.8756,PepSet_dimer_output_esmfold2_fast,5crw,0.795,0.862,2.876,1.161
5crw,43,4,0.9208,0.7104,0.9116,0.6409,0.8247,1.6548,3.3699,PepSet_dimer_output_esmfold2_fast,5crw,0.804,0.897,3.37,1.099
5crw,44,0,0.9205,0.7122,0.9114,0.6669,0.8196,3.4675,3.4712,PepSet_dimer_output_esmfold2_fast,5crw,0.804,0.897,3.471,1.081
5crw,44,1,0.9211,0.7089,0.9119,0.651,0.8253,2.0593,2.4213,PepSet_dimer_output_esmfold2_fast,5crw,0.827,0.897,2.421,1.074
5crw,44,2,0.9203,0.7045,0.9109,0.6658,0.819,3.9496,4.9771,PepSet_dimer_output_esmfold2_fast,5crw,0.756,0.897,4.977,1.158
5crw,44,3,0.9164,0.5348,0.8998,0.6514,0.6229,1.9058,6.9341,PepSet_dimer_output_esmfold2_fast,5crw,0.518,0.759,6.934,3.06
5crw,44,4,0.9208,0.7205,0.9121,0.6619,0.8323,4.4473,4.7652,PepSet_dimer_output_esmfold2_fast,5crw,0.771,0.897,4.765,1.088
5d94,42,0,0.8847,0.8085,0.8777,0.9,0.8289,2.3877,1.4148,PepSet_dimer_output_esmfold2_fast,5d94,0.88,0.854,1.415,0.722
5d94,42,1,0.8843,0.8116,0.8777,0.9014,0.836,2.487,0.9414,PepSet_dimer_output_esmfold2_fast,5d94,0.918,0.896,0.941,0.58
5d94,42,2,0.8677,0.7673,0.8585,0.8823,0.8043,2.3249,1.3983,PepSet_dimer_output_esmfold2_fast,5d94,0.872,0.854,1.398,0.776
5d94,42,3,0.8864,0.8171,0.88,0.9038,0.8419,2.1397,0.7625,PepSet_dimer_output_esmfold2_fast,5d94,0.921,0.896,0.763,0.57
5d94,42,4,0.8878,0.8204,0.8816,0.9044,0.8434,2.4384,0.7124,PepSet_dimer_output_esmfold2_fast,5d94,0.926,0.896,0.712,0.526
5d94,43,0,0.8815,0.8037,0.8744,0.8958,0.83,2.6452,0.7773,PepSet_dimer_output_esmfold2_fast,5d94,0.918,0.896,0.777,0.591
5d94,43,1,0.8834,0.8151,0.8772,0.9001,0.84,2.0969,0.7325,PepSet_dimer_output_esmfold2_fast,5d94,0.903,0.854,0.732,0.598
5d94,43,2,0.8824,0.8065,0.8754,0.8985,0.8324,2.115,1.3107,PepSet_dimer_output_esmfold2_fast,5d94,0.89,0.854,1.311,0.654
5d94,43,3,0.8854,0.8159,0.879,0.9027,0.8413,2.2249,0.7164,PepSet_dimer_output_esmfold2_fast,5d94,0.931,0.917,0.716,0.543
5d94,43,4,0.8836,0.8149,0.8773,0.8994,0.8396,2.0109,0.8322,PepSet_dimer_output_esmfold2_fast,5d94,0.901,0.854,0.832,0.613
5d94,44,0,0.8873,0.8194,0.8811,0.9026,0.8468,1.6967,0.7348,PepSet_dimer_output_esmfold2_fast,5d94,0.922,0.896,0.735,0.561
5d94,44,1,0.8806,0.8101,0.8742,0.8968,0.8363,1.9056,0.8405,PepSet_dimer_output_esmfold2_fast,5d94,0.929,0.917,0.841,0.557
5d94,44,2,0.8836,0.8155,0.8774,0.9001,0.8405,2.1308,0.9536,PepSet_dimer_output_esmfold2_fast,5d94,0.913,0.896,0.954,0.618
5d94,44,3,0.8818,0.8138,0.8756,0.8977,0.8387,2.403,0.6785,PepSet_dimer_output_esmfold2_fast,5d94,0.894,0.812,0.678,0.562
5d94,44,4,0.8825,0.8043,0.8753,0.8979,0.8257,2.3778,1.2978,PepSet_dimer_output_esmfold2_fast,5d94,0.891,0.875,1.298,0.7
5dai,42,0,0.9274,0.8585,0.925,0.9446,0.9573,0.5693,1.0213,PepSet_dimer_output_esmfold2_fast,5dai,0.955,1.0,1.021,0.557
5dai,42,1,0.9263,0.8578,0.9239,0.9428,0.9567,0.6657,0.9321,PepSet_dimer_output_esmfold2_fast,5dai,0.944,1.0,0.932,0.644
5dai,42,2,0.9281,0.8585,0.9256,0.9448,0.9576,0.6572,0.8379,PepSet_dimer_output_esmfold2_fast,5dai,0.927,0.953,0.838,0.661
5dai,42,3,0.9269,0.8565,0.9244,0.9433,0.956,0.6873,0.8744,PepSet_dimer_output_esmfold2_fast,5dai,0.941,0.977,0.874,0.611
5dai,42,4,0.923,0.8472,0.9203,0.9309,0.9505,0.5482,0.7922,PepSet_dimer_output_esmfold2_fast,5dai,0.944,1.0,0.792,0.652
5dai,43,0,0.9279,0.8447,0.9249,0.9448,0.9489,0.611,0.6453,PepSet_dimer_output_esmfold2_fast,5dai,0.943,0.977,0.645,0.609
5dai,43,1,0.9262,0.8484,0.9235,0.9417,0.9497,0.7891,1.0229,PepSet_dimer_output_esmfold2_fast,5dai,0.924,0.977,1.023,0.729
5dai,43,2,0.9279,0.8469,0.9251,0.9449,0.949,0.6025,0.8857,PepSet_dimer_output_esmfold2_fast,5dai,0.946,1.0,0.886,0.631
5dai,43,3,0.9205,0.8555,0.9182,0.9253,0.9567,0.6114,0.7396,PepSet_dimer_output_esmfold2_fast,5dai,0.954,1.0,0.74,0.579
5dai,43,4,0.9277,0.8476,0.9249,0.9449,0.9504,0.5939,0.7011,PepSet_dimer_output_esmfold2_fast,5dai,0.944,1.0,0.701,0.657
5dai,44,0,0.9265,0.8582,0.9241,0.9432,0.9577,0.5656,0.9481,PepSet_dimer_output_esmfold2_fast,5dai,0.94,0.977,0.948,0.615
5dai,44,1,0.9274,0.8585,0.925,0.9437,0.9565,0.6364,0.7252,PepSet_dimer_output_esmfold2_fast,5dai,0.957,1.0,0.725,0.562
5dai,44,2,0.9244,0.8459,0.9216,0.9419,0.95,0.6426,1.0408,PepSet_dimer_output_esmfold2_fast,5dai,0.939,0.977,1.041,0.617
5dai,44,3,0.9244,0.8564,0.922,0.9402,0.9569,0.5342,0.5492,PepSet_dimer_output_esmfold2_fast,5dai,0.963,1.0,0.549,0.517
5dai,44,4,0.9264,0.8542,0.9238,0.9407,0.956,0.5072,0.7095,PepSet_dimer_output_esmfold2_fast,5dai,0.943,0.977,0.71,0.605
5di8,42,0,0.9535,0.9569,0.9537,0.9443,0.9778,0.7892,0.6693,PepSet_dimer_output_esmfold2_fast,5di8,0.972,1.0,0.669,0.437
5di8,42,1,0.9536,0.9595,0.954,0.9437,0.98,0.8539,0.7599,PepSet_dimer_output_esmfold2_fast,5di8,0.971,1.0,0.76,0.439
5di8,42,2,0.9526,0.9576,0.9529,0.9435,0.9782,0.8545,0.6715,PepSet_dimer_output_esmfold2_fast,5di8,0.968,1.0,0.672,0.47
5di8,42,3,0.9411,0.9599,0.9422,0.9417,0.9804,0.8934,0.6757,PepSet_dimer_output_esmfold2_fast,5di8,0.97,1.0,0.676,0.452
5di8,42,4,0.9539,0.9586,0.9542,0.9451,0.979,0.73,0.6352,PepSet_dimer_output_esmfold2_fast,5di8,0.974,1.0,0.635,0.422
5di8,43,0,0.9515,0.9462,0.9511,0.943,0.9699,0.7318,0.5814,PepSet_dimer_output_esmfold2_fast,5di8,0.975,1.0,0.581,0.415
5di8,43,1,0.9507,0.9556,0.951,0.9418,0.9776,0.8127,0.5596,PepSet_dimer_output_esmfold2_fast,5di8,0.975,1.0,0.56,0.41
5di8,43,2,0.9531,0.9564,0.9533,0.9445,0.9777,0.6662,0.5178,PepSet_dimer_output_esmfold2_fast,5di8,0.978,1.0,0.518,0.387
5di8,43,3,0.9528,0.9557,0.9529,0.9432,0.9778,0.6268,0.5462,PepSet_dimer_output_esmfold2_fast,5di8,0.978,1.0,0.546,0.381
5di8,43,4,0.9538,0.9601,0.9542,0.9465,0.9807,0.7599,0.6388,PepSet_dimer_output_esmfold2_fast,5di8,0.975,1.0,0.639,0.411
5di8,44,0,0.9531,0.9567,0.9533,0.9443,0.978,0.7327,0.593,PepSet_dimer_output_esmfold2_fast,5di8,0.976,1.0,0.593,0.405
5di8,44,1,0.9531,0.9577,0.9534,0.9441,0.9787,0.8716,0.7543,PepSet_dimer_output_esmfold2_fast,5di8,0.967,1.0,0.754,0.479
5di8,44,2,0.9537,0.9574,0.9539,0.9444,0.9786,0.6459,0.5604,PepSet_dimer_output_esmfold2_fast,5di8,0.978,1.0,0.56,0.385
5di8,44,3,0.9535,0.9585,0.9538,0.945,0.979,0.7274,0.5692,PepSet_dimer_output_esmfold2_fast,5di8,0.975,1.0,0.569,0.414
5di8,44,4,0.9511,0.9578,0.9515,0.9445,0.9785,0.8861,0.7672,PepSet_dimer_output_esmfold2_fast,5di8,0.97,1.0,0.767,0.445
5efi,42,0,0.8969,0.3513,0.8656,0.8471,0.3477,1.2934,6.2149,PepSet_dimer_output_esmfold2_fast,5efi,0.415,0.373,6.215,2.822
5efi,42,1,0.8932,0.297,0.859,0.8489,0.2378,1.1235,6.5239,PepSet_dimer_output_esmfold2_fast,5efi,0.423,0.392,6.524,2.607
5efi,42,2,0.9025,0.351,0.8708,0.8589,0.3428,1.1829,5.4267,PepSet_dimer_output_esmfold2_fast,5efi,0.47,0.392,5.427,2.244
5efi,42,3,0.9007,0.3123,0.8669,0.8527,0.286,1.0683,10.7276,PepSet_dimer_output_esmfold2_fast,5efi,0.231,0.196,10.728,4.225
5efi,42,4,0.8996,0.3169,0.8662,0.8423,0.2897,1.1367,16.6235,PepSet_dimer_output_esmfold2_fast,5efi,0.097,0.039,16.623,6.98
5efi,43,0,0.8986,0.3307,0.8661,0.8567,0.2919,1.2182,3.9518,PepSet_dimer_output_esmfold2_fast,5efi,0.542,0.471,3.952,2.125
5efi,43,1,0.8988,0.3393,0.8667,0.859,0.3328,1.1107,6.1307,PepSet_dimer_output_esmfold2_fast,5efi,0.429,0.373,6.131,2.551
5efi,43,2,0.8978,0.3214,0.8648,0.8494,0.3082,1.053,5.3319,PepSet_dimer_output_esmfold2_fast,5efi,0.458,0.353,5.332,2.271
5efi,43,3,0.9038,0.3471,0.8719,0.8563,0.339,1.1463,6.9195,PepSet_dimer_output_esmfold2_fast,5efi,0.398,0.373,6.919,2.817
5efi,43,4,0.8923,0.3258,0.8598,0.8394,0.293,1.3205,14.2697,PepSet_dimer_output_esmfold2_fast,5efi,0.126,0.059,14.27,6.122
5efi,44,0,0.9008,0.3916,0.8716,0.8614,0.4104,1.2312,7.2701,PepSet_dimer_output_esmfold2_fast,5efi,0.368,0.314,7.27,2.878
5efi,44,1,0.8995,0.3297,0.8668,0.8496,0.3124,1.0504,12.8078,PepSet_dimer_output_esmfold2_fast,5efi,0.145,0.059,12.808,5.454
5efi,44,2,0.9019,0.322,0.8686,0.8536,0.2797,1.2789,14.8797,PepSet_dimer_output_esmfold2_fast,5efi,0.132,0.098,14.88,6.357
5efi,44,3,0.8959,0.3529,0.8647,0.8508,0.3546,1.1798,5.2586,PepSet_dimer_output_esmfold2_fast,5efi,0.472,0.373,5.259,2.189
5efi,44,4,0.8973,0.3224,0.8643,0.8546,0.3154,1.0872,4.0645,PepSet_dimer_output_esmfold2_fast,5efi,0.552,0.431,4.064,1.8
5ei3,42,0,0.9276,0.8767,0.9241,0.9435,0.9519,0.8006,0.6229,PepSet_dimer_output_esmfold2_fast,5ei3,0.973,0.974,0.623,0.339
5ei3,42,1,0.9288,0.8776,0.9253,0.9449,0.9524,0.8572,0.5887,PepSet_dimer_output_esmfold2_fast,5ei3,0.973,1.0,0.589,0.428
5ei3,42,2,0.9282,0.8704,0.9243,0.9436,0.9456,1.0208,1.262,PepSet_dimer_output_esmfold2_fast,5ei3,0.942,0.974,1.262,0.573
5ei3,42,3,0.9282,0.8751,0.9246,0.943,0.9506,0.7384,0.559,PepSet_dimer_output_esmfold2_fast,5ei3,0.976,1.0,0.559,0.402
5ei3,42,4,0.9283,0.8753,0.9246,0.9439,0.9506,0.7936,0.7425,PepSet_dimer_output_esmfold2_fast,5ei3,0.952,0.974,0.742,0.533
5ei3,43,0,0.9286,0.8758,0.925,0.9438,0.9509,0.706,0.581,PepSet_dimer_output_esmfold2_fast,5ei3,0.972,0.974,0.581,0.353
5ei3,43,1,0.9262,0.8782,0.923,0.9426,0.9514,1.0132,0.7479,PepSet_dimer_output_esmfold2_fast,5ei3,0.978,1.0,0.748,0.374
5ei3,43,2,0.9284,0.8755,0.9248,0.9445,0.9517,0.8815,0.8789,PepSet_dimer_output_esmfold2_fast,5ei3,0.965,0.974,0.879,0.404
5ei3,43,3,0.9284,0.8768,0.9249,0.9443,0.951,0.9608,0.9042,PepSet_dimer_output_esmfold2_fast,5ei3,0.962,1.0,0.904,0.51
5ei3,43,4,0.9262,0.8746,0.9227,0.9418,0.951,0.8071,0.8061,PepSet_dimer_output_esmfold2_fast,5ei3,0.977,1.0,0.806,0.38
5ei3,44,0,0.9295,0.8718,0.9256,0.9448,0.9491,0.8438,0.9027,PepSet_dimer_output_esmfold2_fast,5ei3,0.963,0.974,0.903,0.427
5ei3,44,1,0.9298,0.8768,0.9262,0.9455,0.9514,0.8817,0.8019,PepSet_dimer_output_esmfold2_fast,5ei3,0.973,1.0,0.802,0.416
5ei3,44,2,0.9266,0.8748,0.9231,0.9421,0.9489,0.813,0.5347,PepSet_dimer_output_esmfold2_fast,5ei3,0.971,0.974,0.535,0.367
5ei3,44,3,0.9292,0.879,0.9258,0.9452,0.9522,0.8794,0.735,PepSet_dimer_output_esmfold2_fast,5ei3,0.978,1.0,0.735,0.375
5ei3,44,4,0.9303,0.8768,0.9266,0.9458,0.9509,1.2732,1.0687,PepSet_dimer_output_esmfold2_fast,5ei3,0.958,0.974,1.069,0.456
5fml,42,0,0.8441,0.3574,0.8011,0.8448,0.2758,1.4091,23.5452,PepSet_dimer_output_esmfold2_fast,5fml,0.047,0.0,23.545,8.994
5fml,42,1,0.8249,0.2966,0.7782,0.827,0.2208,2.2101,24.5426,PepSet_dimer_output_esmfold2_fast,5fml,0.044,0.0,24.543,9.55
5fml,42,2,0.8362,0.3428,0.7926,0.8389,0.2645,1.5217,23.401,PepSet_dimer_output_esmfold2_fast,5fml,0.048,0.0,23.401,8.985
5fml,42,3,0.8397,0.3863,0.7996,0.8451,0.3265,1.1436,33.0229,PepSet_dimer_output_esmfold2_fast,5fml,0.026,0.0,33.023,12.379
5fml,42,4,0.8333,0.337,0.7895,0.8324,0.2744,1.6524,24.3948,PepSet_dimer_output_esmfold2_fast,5fml,0.044,0.0,24.395,9.368
5fml,43,0,0.8514,0.3569,0.8077,0.8466,0.2429,1.4255,24.509,PepSet_dimer_output_esmfold2_fast,5fml,0.044,0.0,24.509,9.316
5fml,43,1,0.8329,0.3668,0.7917,0.8452,0.2873,1.7765,33.0371,PepSet_dimer_output_esmfold2_fast,5fml,0.025,0.0,33.037,12.714
5fml,43,2,0.8485,0.3152,0.8014,0.8494,0.2451,1.4683,24.595,PepSet_dimer_output_esmfold2_fast,5fml,0.051,0.022,24.595,9.501
5fml,43,3,0.8172,0.3287,0.774,0.8228,0.2692,2.1655,25.803,PepSet_dimer_output_esmfold2_fast,5fml,0.04,0.0,25.803,9.922
5fml,43,4,0.8272,0.3312,0.7834,0.8289,0.2588,1.395,25.2394,PepSet_dimer_output_esmfold2_fast,5fml,0.042,0.0,25.239,9.624
5fml,44,0,0.833,0.3715,0.7922,0.8402,0.2993,1.1378,34.9265,PepSet_dimer_output_esmfold2_fast,5fml,0.023,0.0,34.926,13.507
5fml,44,1,0.8331,0.3045,0.7864,0.8347,0.2087,1.3928,27.7596,PepSet_dimer_output_esmfold2_fast,5fml,0.035,0.0,27.76,10.791
5fml,44,2,0.717,0.344,0.6841,0.7247,0.2686,5.0536,34.3117,PepSet_dimer_output_esmfold2_fast,5fml,0.023,0.0,34.312,13.32
5fml,44,3,0.8166,0.3535,0.7756,0.83,0.3145,1.6434,22.6074,PepSet_dimer_output_esmfold2_fast,5fml,0.051,0.0,22.607,8.779
5fml,44,4,0.8438,0.3293,0.7984,0.8387,0.2104,1.448,30.1269,PepSet_dimer_output_esmfold2_fast,5fml,0.03,0.0,30.127,12.012
5fpx,42,0,0.8537,0.3743,0.824,0.8476,0.274,1.2234,6.2785,PepSet_dimer_output_esmfold2_fast,5fpx,0.426,0.256,6.279,1.938
5fpx,42,1,0.8492,0.3766,0.8199,0.8385,0.2736,1.2153,3.4388,PepSet_dimer_output_esmfold2_fast,5fpx,0.645,0.395,3.439,1.025
5fpx,42,2,0.8482,0.3712,0.8187,0.8382,0.2588,1.2498,4.3702,PepSet_dimer_output_esmfold2_fast,5fpx,0.529,0.279,4.37,1.449
5fpx,42,3,0.8468,0.3444,0.8156,0.8344,0.2354,1.2125,12.8342,PepSet_dimer_output_esmfold2_fast,5fpx,0.169,0.07,12.834,3.861
5fpx,42,4,0.8561,0.392,0.8273,0.8483,0.2943,1.2203,5.0001,PepSet_dimer_output_esmfold2_fast,5fpx,0.566,0.465,5.0,1.534
5fpx,43,0,0.8523,0.3572,0.8216,0.8428,0.2486,1.2008,10.8189,PepSet_dimer_output_esmfold2_fast,5fpx,0.231,0.14,10.819,3.289
5fpx,43,1,0.8449,0.3359,0.8134,0.8329,0.227,1.2044,11.3732,PepSet_dimer_output_esmfold2_fast,5fpx,0.204,0.093,11.373,3.421
5fpx,43,2,0.8489,0.3856,0.8202,0.8389,0.2812,1.277,4.7332,PepSet_dimer_output_esmfold2_fast,5fpx,0.519,0.279,4.733,1.455
5fpx,43,3,0.8473,0.3602,0.8171,0.8361,0.2554,1.1875,9.34,PepSet_dimer_output_esmfold2_fast,5fpx,0.246,0.07,9.34,2.857
5fpx,43,4,0.8403,0.3491,0.8098,0.8272,0.2385,1.3042,8.056,PepSet_dimer_output_esmfold2_fast,5fpx,0.295,0.093,8.056,2.495
5fpx,44,0,0.8513,0.3874,0.8225,0.8447,0.2983,1.2175,5.311,PepSet_dimer_output_esmfold2_fast,5fpx,0.48,0.279,5.311,1.683
5fpx,44,1,0.8529,0.3912,0.8243,0.8469,0.2984,1.2877,4.1583,PepSet_dimer_output_esmfold2_fast,5fpx,0.611,0.465,4.158,1.325
5fpx,44,2,0.8532,0.3917,0.8247,0.8457,0.2976,1.2327,4.9014,PepSet_dimer_output_esmfold2_fast,5fpx,0.524,0.326,4.901,1.514
5fpx,44,3,0.8494,0.3858,0.8206,0.8416,0.3002,1.2156,4.5545,PepSet_dimer_output_esmfold2_fast,5fpx,0.527,0.279,4.555,1.426
5fpx,44,4,0.8492,0.3625,0.8191,0.8388,0.2722,1.2194,8.2946,PepSet_dimer_output_esmfold2_fast,5fpx,0.288,0.093,8.295,2.537
5fv6,42,0,0.5285,0.2677,0.5173,0.5274,0.1348,9.126,34.5778,PepSet_dimer_output_esmfold2_fast,5fv6,0.023,0.0,34.578,13.492
5fv6,42,1,0.541,0.2479,0.5283,0.5435,0.1181,10.083,25.6061,PepSet_dimer_output_esmfold2_fast,5fv6,0.038,0.0,25.606,11.814
5fv6,42,2,0.613,0.2863,0.5989,0.6136,0.2066,11.2145,26.6651,PepSet_dimer_output_esmfold2_fast,5fv6,0.04,0.0,26.665,9.027
5fv6,42,3,0.5585,0.2883,0.5468,0.566,0.2344,10.0919,25.6802,PepSet_dimer_output_esmfold2_fast,5fv6,0.044,0.0,25.68,8.274
5fv6,42,4,0.5975,0.2683,0.5833,0.6009,0.18,7.898,26.2366,PepSet_dimer_output_esmfold2_fast,5fv6,0.041,0.0,26.237,9.015
5fv6,43,0,0.616,0.2621,0.6007,0.624,0.1789,9.1105,29.2435,PepSet_dimer_output_esmfold2_fast,5fv6,0.034,0.0,29.244,9.707
5fv6,43,1,0.6133,0.2688,0.5984,0.6067,0.19,9.5414,27.6966,PepSet_dimer_output_esmfold2_fast,5fv6,0.038,0.0,27.697,8.887
5fv6,43,2,0.5659,0.2601,0.5527,0.5777,0.1555,10.5548,29.6125,PepSet_dimer_output_esmfold2_fast,5fv6,0.032,0.0,29.613,10.779
5fv6,43,3,0.4588,0.2527,0.4499,0.4365,0.1287,10.6662,33.4461,PepSet_dimer_output_esmfold2_fast,5fv6,0.024,0.0,33.446,13.171
5fv6,43,4,0.6156,0.2743,0.6009,0.6304,0.1757,9.832,25.242,PepSet_dimer_output_esmfold2_fast,5fv6,0.043,0.0,25.242,9.121
5fv6,44,0,0.4361,0.2584,0.4284,0.4533,0.1279,9.7333,30.1564,PepSet_dimer_output_esmfold2_fast,5fv6,0.029,0.0,30.156,12.342
5fv6,44,1,0.6275,0.2456,0.611,0.6361,0.097,9.7172,32.7658,PepSet_dimer_output_esmfold2_fast,5fv6,0.025,0.0,32.766,13.781
5fv6,44,2,0.6098,0.3108,0.5968,0.6104,0.2555,10.9575,25.4688,PepSet_dimer_output_esmfold2_fast,5fv6,0.042,0.0,25.469,9.358
5fv6,44,3,0.5593,0.2688,0.5467,0.5842,0.1785,11.5808,31.2126,PepSet_dimer_output_esmfold2_fast,5fv6,0.029,0.0,31.213,10.816
5fv6,44,4,0.6119,0.3012,0.5984,0.6167,0.2458,9.4016,27.7221,PepSet_dimer_output_esmfold2_fast,5fv6,0.036,0.0,27.722,9.675
5ggp,42,0,0.954,0.6673,0.9447,0.9559,0.6059,0.4295,36.2104,PepSet_dimer_output_esmfold2_fast,5ggp,0.022,0.0,36.21,12.324
5ggp,42,1,0.953,0.6625,0.9436,0.9555,0.5973,0.4235,37.0218,PepSet_dimer_output_esmfold2_fast,5ggp,0.021,0.0,37.022,12.402
5ggp,42,2,0.9549,0.6304,0.9444,0.9565,0.571,0.4277,37.9602,PepSet_dimer_output_esmfold2_fast,5ggp,0.021,0.0,37.96,12.563
5ggp,42,3,0.9517,0.6526,0.9421,0.955,0.5879,0.4058,36.621,PepSet_dimer_output_esmfold2_fast,5ggp,0.022,0.0,36.621,12.435
5ggp,42,4,0.9542,0.6141,0.9432,0.9562,0.5347,0.392,36.8668,PepSet_dimer_output_esmfold2_fast,5ggp,0.022,0.0,36.867,12.291
5ggp,43,0,0.9532,0.6688,0.944,0.9564,0.6145,0.4286,38.1745,PepSet_dimer_output_esmfold2_fast,5ggp,0.02,0.0,38.175,12.725
5ggp,43,1,0.9535,0.662,0.9441,0.9573,0.6131,0.4152,38.2477,PepSet_dimer_output_esmfold2_fast,5ggp,0.02,0.0,38.248,12.719
5ggp,43,2,0.9539,0.6341,0.9436,0.9546,0.5601,0.4218,34.893,PepSet_dimer_output_esmfold2_fast,5ggp,0.024,0.0,34.893,11.997
5ggp,43,3,0.954,0.6718,0.9449,0.9565,0.6167,0.4362,36.8704,PepSet_dimer_output_esmfold2_fast,5ggp,0.022,0.0,36.87,12.432
5ggp,43,4,0.9531,0.6211,0.9424,0.9554,0.5494,0.3834,37.6946,PepSet_dimer_output_esmfold2_fast,5ggp,0.021,0.0,37.695,12.455
5ggp,44,0,0.9528,0.6072,0.9417,0.9532,0.4995,0.4098,32.5954,PepSet_dimer_output_esmfold2_fast,5ggp,0.027,0.0,32.595,11.559
5ggp,44,1,0.9545,0.6252,0.9439,0.956,0.5481,0.3937,35.2148,PepSet_dimer_output_esmfold2_fast,5ggp,0.023,0.0,35.215,12.03
5ggp,44,2,0.9517,0.6391,0.9416,0.953,0.5799,0.4072,39.6153,PepSet_dimer_output_esmfold2_fast,5ggp,0.019,0.0,39.615,12.935
5ggp,44,3,0.9542,0.6529,0.9445,0.9552,0.5836,0.4194,37.6584,PepSet_dimer_output_esmfold2_fast,5ggp,0.021,0.0,37.658,12.577
5ggp,44,4,0.9517,0.6641,0.9424,0.955,0.6091,0.3925,36.511,PepSet_dimer_output_esmfold2_fast,5ggp,0.022,0.0,36.511,12.417
5gu4,42,0,0.9502,0.7307,0.9451,0.9692,0.8155,0.3091,4.9453,PepSet_dimer_output_esmfold2_fast,5gu4,0.615,0.63,4.945,1.597
5gu4,42,1,0.9525,0.7348,0.9475,0.9707,0.8178,0.2824,4.871,PepSet_dimer_output_esmfold2_fast,5gu4,0.632,0.667,4.871,1.572
5gu4,42,2,0.9508,0.7428,0.946,0.9696,0.831,0.3312,4.8597,PepSet_dimer_output_esmfold2_fast,5gu4,0.62,0.63,4.86,1.573
5gu4,42,3,0.9497,0.7365,0.9448,0.969,0.8138,0.3596,4.96,PepSet_dimer_output_esmfold2_fast,5gu4,0.602,0.593,4.96,1.606
5gu4,42,4,0.9501,0.7418,0.9453,0.9697,0.8284,0.3081,4.6113,PepSet_dimer_output_esmfold2_fast,5gu4,0.634,0.63,4.611,1.504
5gu4,43,0,0.9517,0.7266,0.9465,0.9682,0.772,0.3777,1.0722,PepSet_dimer_output_esmfold2_fast,5gu4,0.935,0.889,1.072,0.408
5gu4,43,1,0.9506,0.7289,0.9455,0.9692,0.8178,0.3202,4.6214,PepSet_dimer_output_esmfold2_fast,5gu4,0.634,0.63,4.621,1.496
5gu4,43,2,0.9523,0.727,0.9472,0.9694,0.7834,0.3051,2.1967,PepSet_dimer_output_esmfold2_fast,5gu4,0.853,0.815,2.197,0.737
5gu4,43,3,0.9511,0.7308,0.946,0.9688,0.8006,0.3181,2.7921,PepSet_dimer_output_esmfold2_fast,5gu4,0.801,0.778,2.792,0.927
5gu4,43,4,0.9531,0.7304,0.948,0.97,0.7812,0.3363,1.1385,PepSet_dimer_output_esmfold2_fast,5gu4,0.895,0.778,1.138,0.431
5gu4,44,0,0.9517,0.7446,0.947,0.9703,0.8297,0.3075,5.0246,PepSet_dimer_output_esmfold2_fast,5gu4,0.598,0.593,5.025,1.627
5gu4,44,1,0.9512,0.7532,0.9466,0.9699,0.8388,0.3216,4.6854,PepSet_dimer_output_esmfold2_fast,5gu4,0.618,0.593,4.685,1.516
5gu4,44,2,0.9518,0.7607,0.9474,0.9703,0.8396,0.3001,4.4138,PepSet_dimer_output_esmfold2_fast,5gu4,0.647,0.63,4.414,1.433
5gu4,44,3,0.9504,0.7154,0.945,0.9678,0.7647,0.2953,1.7728,PepSet_dimer_output_esmfold2_fast,5gu4,0.853,0.741,1.773,0.605
5gu4,44,4,0.9516,0.767,0.9473,0.9699,0.8456,0.356,4.6695,PepSet_dimer_output_esmfold2_fast,5gu4,0.617,0.593,4.669,1.53
5huw,42,0,0.9692,0.9038,0.9677,0.9717,0.9641,0.6252,1.1167,PepSet_dimer_output_esmfold2_fast,5huw,0.924,0.926,1.117,0.601
5huw,42,1,0.9698,0.9001,0.9682,0.973,0.9635,0.5459,1.0572,PepSet_dimer_output_esmfold2_fast,5huw,0.917,0.907,1.057,0.608
5huw,42,2,0.9698,0.9038,0.9683,0.9732,0.9653,0.4883,1.0489,PepSet_dimer_output_esmfold2_fast,5huw,0.919,0.907,1.049,0.595
5huw,42,3,0.9696,0.9024,0.968,0.9725,0.9643,0.5622,1.0138,PepSet_dimer_output_esmfold2_fast,5huw,0.919,0.907,1.014,0.592
5huw,42,4,0.9703,0.9049,0.9687,0.9733,0.9655,0.5482,0.9463,PepSet_dimer_output_esmfold2_fast,5huw,0.922,0.907,0.946,0.58
5huw,43,0,0.97,0.9007,0.9684,0.9729,0.964,0.4459,1.0086,PepSet_dimer_output_esmfold2_fast,5huw,0.921,0.907,1.009,0.581
5huw,43,1,0.9699,0.9032,0.9683,0.9731,0.9642,0.6112,1.1083,PepSet_dimer_output_esmfold2_fast,5huw,0.918,0.907,1.108,0.597
5huw,43,2,0.9699,0.895,0.9681,0.9722,0.9623,0.4459,0.8632,PepSet_dimer_output_esmfold2_fast,5huw,0.925,0.907,0.863,0.563
5huw,43,3,0.9703,0.9004,0.9687,0.9726,0.9644,0.4352,1.002,PepSet_dimer_output_esmfold2_fast,5huw,0.921,0.907,1.002,0.581
5huw,43,4,0.97,0.9,0.9683,0.9726,0.9635,0.5121,0.9689,PepSet_dimer_output_esmfold2_fast,5huw,0.92,0.907,0.969,0.593
5huw,44,0,0.9699,0.9036,0.9683,0.9727,0.965,0.4799,1.0546,PepSet_dimer_output_esmfold2_fast,5huw,0.919,0.907,1.055,0.594
5huw,44,1,0.9704,0.8947,0.9687,0.9731,0.9626,0.4332,0.8486,PepSet_dimer_output_esmfold2_fast,5huw,0.926,0.907,0.849,0.553
5huw,44,2,0.9703,0.9052,0.9688,0.9734,0.9656,0.4619,0.9705,PepSet_dimer_output_esmfold2_fast,5huw,0.921,0.907,0.97,0.586
5huw,44,3,0.9703,0.9052,0.9688,0.9734,0.9655,0.6132,0.9692,PepSet_dimer_output_esmfold2_fast,5huw,0.921,0.907,0.969,0.582
5huw,44,4,0.9704,0.8998,0.9688,0.9725,0.9637,0.4526,1.0117,PepSet_dimer_output_esmfold2_fast,5huw,0.918,0.907,1.012,0.607
5i7z,42,0,0.9162,0.8642,0.9127,0.9027,0.8793,0.8737,4.9017,PepSet_dimer_output_esmfold2_fast,5i7z,0.696,0.912,4.902,1.743
5i7z,42,1,0.9122,0.8231,0.9062,0.8996,0.8785,0.9058,4.9024,PepSet_dimer_output_esmfold2_fast,5i7z,0.693,0.912,4.902,1.777
5i7z,42,2,0.9137,0.8422,0.9088,0.8972,0.8741,0.8447,5.4896,PepSet_dimer_output_esmfold2_fast,5i7z,0.667,0.912,5.49,1.907
5i7z,42,3,0.9044,0.8484,0.9006,0.8876,0.8597,1.1395,4.732,PepSet_dimer_output_esmfold2_fast,5i7z,0.688,0.853,4.732,1.668
5i7z,42,4,0.9179,0.8606,0.914,0.9096,0.8864,0.7997,4.8938,PepSet_dimer_output_esmfold2_fast,5i7z,0.697,0.912,4.894,1.734
5i7z,43,0,0.9169,0.8459,0.9121,0.905,0.882,0.8886,4.4142,PepSet_dimer_output_esmfold2_fast,5i7z,0.712,0.882,4.414,1.601
5i7z,43,1,0.913,0.8472,0.9085,0.9014,0.8783,0.8085,4.728,PepSet_dimer_output_esmfold2_fast,5i7z,0.695,0.882,4.728,1.699
5i7z,43,2,0.9124,0.8151,0.9058,0.8984,0.8797,0.9784,4.274,PepSet_dimer_output_esmfold2_fast,5i7z,0.721,0.882,4.274,1.556
5i7z,43,3,0.916,0.8319,0.9103,0.9051,0.8835,0.7559,4.2945,PepSet_dimer_output_esmfold2_fast,5i7z,0.73,0.912,4.294,1.557
5i7z,43,4,0.916,0.8515,0.9116,0.9057,0.8828,0.7515,5.1355,PepSet_dimer_output_esmfold2_fast,5i7z,0.677,0.882,5.135,1.776
5i7z,44,0,0.9147,0.858,0.9109,0.9053,0.8842,0.8161,5.0163,PepSet_dimer_output_esmfold2_fast,5i7z,0.679,0.882,5.016,1.791
5i7z,44,1,0.9149,0.8577,0.911,0.9028,0.8803,0.8304,5.0028,PepSet_dimer_output_esmfold2_fast,5i7z,0.689,0.912,5.003,1.793
5i7z,44,2,0.9128,0.8551,0.9089,0.9,0.8765,0.7605,5.17,PepSet_dimer_output_esmfold2_fast,5i7z,0.683,0.912,5.17,1.811
5i7z,44,3,0.9172,0.8566,0.9131,0.908,0.8858,0.8248,4.5013,PepSet_dimer_output_esmfold2_fast,5i7z,0.709,0.882,4.501,1.616
5i7z,44,4,0.917,0.8664,0.9136,0.9002,0.8807,1.0191,4.8341,PepSet_dimer_output_esmfold2_fast,5i7z,0.688,0.882,4.834,1.739
5j3q,42,0,0.925,0.8541,0.9178,0.9389,0.8835,1.1061,1.8096,PepSet_dimer_output_esmfold2_fast,5j3q,0.779,0.86,1.81,1.441
5j3q,42,1,0.9212,0.8504,0.9141,0.9357,0.8795,1.1761,1.9144,PepSet_dimer_output_esmfold2_fast,5j3q,0.76,0.791,1.914,1.395
5j3q,42,2,0.9227,0.8544,0.9158,0.937,0.8842,1.0406,1.8535,PepSet_dimer_output_esmfold2_fast,5j3q,0.787,0.884,1.854,1.43
5j3q,42,3,0.922,0.8586,0.9156,0.935,0.8882,1.2486,1.7996,PepSet_dimer_output_esmfold2_fast,5j3q,0.779,0.86,1.8,1.439
5j3q,42,4,0.9216,0.8521,0.9146,0.9369,0.8835,1.1728,1.6859,PepSet_dimer_output_esmfold2_fast,5j3q,0.777,0.86,1.686,1.475
5j3q,43,0,0.9218,0.8427,0.9139,0.9358,0.8746,1.1745,1.6003,PepSet_dimer_output_esmfold2_fast,5j3q,0.786,0.884,1.6,1.473
5j3q,43,1,0.921,0.8538,0.9142,0.9351,0.8846,1.3024,1.847,PepSet_dimer_output_esmfold2_fast,5j3q,0.765,0.837,1.847,1.487
5j3q,43,2,0.9239,0.8496,0.9164,0.9373,0.8796,1.1448,1.9774,PepSet_dimer_output_esmfold2_fast,5j3q,0.76,0.814,1.977,1.449
5j3q,43,3,0.9204,0.8524,0.9135,0.9366,0.8822,1.1229,1.7753,PepSet_dimer_output_esmfold2_fast,5j3q,0.771,0.837,1.775,1.451
5j3q,43,4,0.9227,0.851,0.9155,0.9374,0.882,1.0965,1.6858,PepSet_dimer_output_esmfold2_fast,5j3q,0.776,0.837,1.686,1.42
5j3q,44,0,0.9242,0.8541,0.9172,0.9392,0.8848,1.0769,1.5707,PepSet_dimer_output_esmfold2_fast,5j3q,0.788,0.86,1.571,1.393
5j3q,44,1,0.9225,0.853,0.9155,0.9377,0.882,1.0783,1.842,PepSet_dimer_output_esmfold2_fast,5j3q,0.77,0.837,1.842,1.445
5j3q,44,2,0.9243,0.8521,0.917,0.9381,0.8818,1.1236,1.5926,PepSet_dimer_output_esmfold2_fast,5j3q,0.774,0.837,1.593,1.444
5j3q,44,3,0.9214,0.8473,0.914,0.9353,0.8757,1.115,1.705,PepSet_dimer_output_esmfold2_fast,5j3q,0.78,0.86,1.705,1.447
5j3q,44,4,0.921,0.8532,0.9142,0.9352,0.8838,1.1943,1.7836,PepSet_dimer_output_esmfold2_fast,5j3q,0.782,0.884,1.784,1.485
5kds,42,0,0.925,0.3378,0.9193,0.948,0.4558,0.8471,12.6404,PepSet_dimer_output_esmfold2_fast,5kds,0.369,0.692,12.64,4.386
5kds,42,1,0.9245,0.3159,0.9186,0.9466,0.3989,0.843,8.0856,PepSet_dimer_output_esmfold2_fast,5kds,0.43,0.538,8.086,2.76
5kds,42,2,0.9163,0.2799,0.9102,0.941,0.3263,0.8587,22.3091,PepSet_dimer_output_esmfold2_fast,5kds,0.055,0.0,22.309,7.421
5kds,42,3,0.9241,0.2931,0.918,0.9481,0.3809,0.7628,10.982,PepSet_dimer_output_esmfold2_fast,5kds,0.219,0.154,10.982,3.92
5kds,42,4,0.9203,0.2968,0.9143,0.9452,0.3865,0.836,6.8775,PepSet_dimer_output_esmfold2_fast,5kds,0.527,0.692,6.877,2.385
5kds,43,0,0.9226,0.31,0.9167,0.9463,0.3953,0.9545,14.5319,PepSet_dimer_output_esmfold2_fast,5kds,0.319,0.615,14.532,4.875
5kds,43,1,0.9223,0.3006,0.9162,0.9463,0.3992,0.9314,12.7163,PepSet_dimer_output_esmfold2_fast,5kds,0.318,0.538,12.716,4.336
5kds,43,2,0.9218,0.2552,0.9154,0.9466,0.2985,0.8114,10.2567,PepSet_dimer_output_esmfold2_fast,5kds,0.401,0.615,10.257,3.201
5kds,43,3,0.9257,0.3676,0.9203,0.9484,0.4852,0.8462,15.2722,PepSet_dimer_output_esmfold2_fast,5kds,0.232,0.385,15.272,5.245
5kds,43,4,0.9231,0.3319,0.9173,0.9463,0.4185,0.9494,15.9984,PepSet_dimer_output_esmfold2_fast,5kds,0.276,0.538,15.998,5.483
5kds,44,0,0.9248,0.2881,0.9186,0.9483,0.3769,0.8298,9.175,PepSet_dimer_output_esmfold2_fast,5kds,0.337,0.385,9.175,3.368
5kds,44,1,0.9253,0.2887,0.9191,0.9484,0.3556,0.9438,10.4712,PepSet_dimer_output_esmfold2_fast,5kds,0.331,0.462,10.471,3.81
5kds,44,2,0.9238,0.355,0.9183,0.9475,0.4542,0.8393,15.7343,PepSet_dimer_output_esmfold2_fast,5kds,0.176,0.231,15.734,5.405
5kds,44,3,0.9207,0.2701,0.9144,0.9443,0.3307,0.7839,23.2386,PepSet_dimer_output_esmfold2_fast,5kds,0.051,0.0,23.239,7.818
5kds,44,4,0.9261,0.3062,0.92,0.9483,0.3965,0.8006,10.5697,PepSet_dimer_output_esmfold2_fast,5kds,0.303,0.385,10.57,3.842
5lyn,42,0,0.9162,0.7205,0.9064,0.9006,0.7172,0.6152,1.3989,PepSet_dimer_output_esmfold2_fast,5lyn,0.929,0.893,1.399,0.443
5lyn,42,1,0.9162,0.7211,0.9065,0.8976,0.7144,0.7021,1.2142,PepSet_dimer_output_esmfold2_fast,5lyn,0.923,0.857,1.214,0.402
5lyn,42,2,0.915,0.7163,0.9051,0.8974,0.7109,0.8086,1.3696,PepSet_dimer_output_esmfold2_fast,5lyn,0.919,0.857,1.37,0.426
5lyn,42,3,0.919,0.7288,0.9095,0.9041,0.7297,0.3559,1.2529,PepSet_dimer_output_esmfold2_fast,5lyn,0.921,0.857,1.253,0.418
5lyn,42,4,0.9161,0.7241,0.9065,0.9,0.724,0.4352,1.2676,PepSet_dimer_output_esmfold2_fast,5lyn,0.907,0.821,1.268,0.44
5lyn,43,0,0.9174,0.6843,0.9058,0.9034,0.6765,0.768,1.3451,PepSet_dimer_output_esmfold2_fast,5lyn,0.929,0.893,1.345,0.447
5lyn,43,1,0.9151,0.7271,0.9057,0.8979,0.7274,1.0392,1.2981,PepSet_dimer_output_esmfold2_fast,5lyn,0.909,0.821,1.298,0.416
5lyn,43,2,0.9157,0.7244,0.9062,0.9001,0.722,0.4058,1.2131,PepSet_dimer_output_esmfold2_fast,5lyn,0.924,0.857,1.213,0.396
5lyn,43,3,0.9167,0.7264,0.9072,0.899,0.7239,0.9879,1.3715,PepSet_dimer_output_esmfold2_fast,5lyn,0.918,0.857,1.372,0.44
5lyn,43,4,0.9165,0.723,0.9068,0.9003,0.7215,0.5046,1.2924,PepSet_dimer_output_esmfold2_fast,5lyn,0.921,0.857,1.292,0.418
5lyn,44,0,0.9186,0.715,0.9085,0.9037,0.7131,0.4399,1.2906,PepSet_dimer_output_esmfold2_fast,5lyn,0.896,0.786,1.291,0.428
5lyn,44,1,0.9191,0.7265,0.9094,0.9041,0.7272,0.4229,1.225,PepSet_dimer_output_esmfold2_fast,5lyn,0.924,0.857,1.225,0.396
5lyn,44,2,0.9165,0.7031,0.9058,0.8999,0.6964,1.009,1.4566,PepSet_dimer_output_esmfold2_fast,5lyn,0.95,0.964,1.457,0.459
5lyn,44,3,0.9148,0.7227,0.9052,0.8973,0.7219,0.519,1.2831,PepSet_dimer_output_esmfold2_fast,5lyn,0.894,0.786,1.283,0.444
5lyn,44,4,0.9164,0.7209,0.9066,0.9004,0.724,0.576,1.2969,PepSet_dimer_output_esmfold2_fast,5lyn,0.916,0.857,1.297,0.465
5m5r,42,0,0.9428,0.5948,0.9353,0.9601,0.5382,0.5688,2.3325,PepSet_dimer_output_esmfold2_fast,5m5r,0.855,0.892,2.332,0.884
5m5r,42,1,0.9446,0.6023,0.9372,0.9614,0.5404,0.514,2.4463,PepSet_dimer_output_esmfold2_fast,5m5r,0.841,0.892,2.446,0.964
5m5r,42,2,0.9437,0.6292,0.9369,0.9614,0.5944,0.571,2.3664,PepSet_dimer_output_esmfold2_fast,5m5r,0.846,0.892,2.366,0.943
5m5r,42,3,0.9423,0.5721,0.9343,0.9596,0.5052,0.5457,2.1955,PepSet_dimer_output_esmfold2_fast,5m5r,0.836,0.838,2.196,0.908
5m5r,42,4,0.9417,0.4533,0.9311,0.9577,0.3456,0.5303,49.2602,PepSet_dimer_output_esmfold2_fast,5m5r,0.012,0.0,49.26,16.849
5m5r,43,0,0.9424,0.5686,0.9343,0.9598,0.5041,0.503,2.4444,PepSet_dimer_output_esmfold2_fast,5m5r,0.841,0.892,2.444,0.967
5m5r,43,1,0.9402,0.5911,0.9326,0.9595,0.532,0.5603,2.1094,PepSet_dimer_output_esmfold2_fast,5m5r,0.846,0.838,2.109,0.846
5m5r,43,2,0.9429,0.5691,0.9348,0.9598,0.5072,0.5485,1.8257,PepSet_dimer_output_esmfold2_fast,5m5r,0.87,0.865,1.826,0.772
5m5r,43,3,0.9439,0.5615,0.9356,0.9602,0.4876,0.564,2.248,PepSet_dimer_output_esmfold2_fast,5m5r,0.843,0.865,2.248,0.914
5m5r,43,4,0.9411,0.4407,0.9302,0.9571,0.3413,0.5747,49.1153,PepSet_dimer_output_esmfold2_fast,5m5r,0.012,0.0,49.115,16.811
5m5r,44,0,0.943,0.597,0.9355,0.9601,0.5386,0.519,2.4092,PepSet_dimer_output_esmfold2_fast,5m5r,0.832,0.865,2.409,0.972
5m5r,44,1,0.9434,0.5847,0.9356,0.9603,0.5151,0.5397,2.5056,PepSet_dimer_output_esmfold2_fast,5m5r,0.839,0.892,2.506,0.967
5m5r,44,2,0.9422,0.5938,0.9346,0.96,0.5401,0.5138,2.2011,PepSet_dimer_output_esmfold2_fast,5m5r,0.835,0.838,2.201,0.909
5m5r,44,3,0.9433,0.5725,0.9353,0.9602,0.5128,0.5126,2.4289,PepSet_dimer_output_esmfold2_fast,5m5r,0.822,0.838,2.429,0.972
5m5r,44,4,0.9438,0.5777,0.9358,0.9602,0.5134,0.5224,2.1826,PepSet_dimer_output_esmfold2_fast,5m5r,0.86,0.892,2.183,0.866
5n22,42,0,0.7994,0.2651,0.7722,0.8064,0.1676,3.325,29.0121,PepSet_dimer_output_esmfold2_fast,5n22,0.033,0.0,29.012,10.264
5n22,42,1,0.781,0.3207,0.7576,0.799,0.2388,3.8586,14.9772,PepSet_dimer_output_esmfold2_fast,5n22,0.154,0.174,14.977,6.871
5n22,42,2,0.7941,0.3095,0.7694,0.7986,0.2104,3.529,14.3508,PepSet_dimer_output_esmfold2_fast,5n22,0.114,0.022,14.351,5.941
5n22,42,3,0.7993,0.3353,0.7757,0.8019,0.2695,3.5404,15.9464,PepSet_dimer_output_esmfold2_fast,5n22,0.15,0.174,15.946,6.242
5n22,42,4,0.7958,0.3111,0.7711,0.8085,0.213,2.4328,12.9846,PepSet_dimer_output_esmfold2_fast,5n22,0.205,0.239,12.985,5.197
5n22,43,0,0.8063,0.3368,0.7824,0.8159,0.2669,3.1279,15.2154,PepSet_dimer_output_esmfold2_fast,5n22,0.172,0.217,15.215,5.926
5n22,43,1,0.7982,0.3202,0.7739,0.8063,0.2338,2.8448,13.8537,PepSet_dimer_output_esmfold2_fast,5n22,0.143,0.087,13.854,5.496
5n22,43,2,0.8014,0.3017,0.776,0.806,0.2109,3.8584,13.383,PepSet_dimer_output_esmfold2_fast,5n22,0.132,0.043,13.383,5.665
5n22,43,3,0.7786,0.3146,0.755,0.7847,0.2509,3.7758,13.1641,PepSet_dimer_output_esmfold2_fast,5n22,0.196,0.217,13.164,5.224
5n22,43,4,0.8032,0.3274,0.779,0.8084,0.2611,4.0885,15.2365,PepSet_dimer_output_esmfold2_fast,5n22,0.162,0.196,15.237,6.363
5n22,44,0,0.8011,0.3252,0.7769,0.807,0.2599,3.6059,14.6221,PepSet_dimer_output_esmfold2_fast,5n22,0.111,0.022,14.622,5.971
5n22,44,1,0.7947,0.2103,0.765,0.8026,0.0923,3.3019,36.2798,PepSet_dimer_output_esmfold2_fast,5n22,0.022,0.0,36.28,12.409
5n22,44,2,0.7936,0.3282,0.7699,0.8047,0.2691,3.4994,28.6537,PepSet_dimer_output_esmfold2_fast,5n22,0.034,0.0,28.654,10.207
5n22,44,3,0.7853,0.3369,0.7625,0.7978,0.2677,3.0681,14.5621,PepSet_dimer_output_esmfold2_fast,5n22,0.162,0.174,14.562,6.018
5n22,44,4,0.789,0.32,0.7652,0.7988,0.2451,3.757,15.6668,PepSet_dimer_output_esmfold2_fast,5n22,0.158,0.196,15.667,6.509
5n85,42,0,0.8695,0.5416,0.8399,0.8645,0.5242,0.4782,4.0625,PepSet_dimer_output_esmfold2_fast,5n85,0.603,0.579,4.063,1.782
5n85,42,1,0.8763,0.626,0.8537,0.8754,0.6166,0.505,2.9528,PepSet_dimer_output_esmfold2_fast,5n85,0.74,0.789,2.953,1.386
5n85,42,2,0.8734,0.5952,0.8483,0.8694,0.5718,0.4976,2.9029,PepSet_dimer_output_esmfold2_fast,5n85,0.736,0.763,2.903,1.36
5n85,42,3,0.8691,0.5816,0.8431,0.8658,0.5573,0.4855,2.635,PepSet_dimer_output_esmfold2_fast,5n85,0.747,0.737,2.635,1.247
5n85,42,4,0.8763,0.6265,0.8538,0.8755,0.6151,0.4923,3.0694,PepSet_dimer_output_esmfold2_fast,5n85,0.699,0.684,3.069,1.419
5n85,43,0,0.882,0.6358,0.8598,0.8814,0.6283,0.5572,2.8547,PepSet_dimer_output_esmfold2_fast,5n85,0.718,0.711,2.855,1.368
5n85,43,1,0.8816,0.6279,0.8587,0.8794,0.6127,0.4698,2.3774,PepSet_dimer_output_esmfold2_fast,5n85,0.754,0.711,2.377,1.162
5n85,43,2,0.8757,0.6177,0.8524,0.8746,0.5998,0.4141,3.0689,PepSet_dimer_output_esmfold2_fast,5n85,0.714,0.711,3.069,1.367
5n85,43,3,0.8646,0.5891,0.8397,0.8614,0.571,0.6551,3.122,PepSet_dimer_output_esmfold2_fast,5n85,0.706,0.737,3.122,1.497
5n85,43,4,0.8768,0.6393,0.8554,0.8777,0.6274,0.5434,2.9787,PepSet_dimer_output_esmfold2_fast,5n85,0.719,0.737,2.979,1.411
5n85,44,0,0.8787,0.6366,0.8568,0.8776,0.6259,0.4787,2.9936,PepSet_dimer_output_esmfold2_fast,5n85,0.723,0.737,2.994,1.38
5n85,44,1,0.8682,0.5854,0.8427,0.8647,0.5575,0.5077,2.807,PepSet_dimer_output_esmfold2_fast,5n85,0.74,0.763,2.807,1.339
5n85,44,2,0.8717,0.604,0.8475,0.8691,0.5806,0.4607,3.5621,PepSet_dimer_output_esmfold2_fast,5n85,0.689,0.737,3.562,1.566
5n85,44,3,0.8731,0.6126,0.8496,0.8731,0.6048,0.5605,3.0852,PepSet_dimer_output_esmfold2_fast,5n85,0.744,0.842,3.085,1.481
5n85,44,4,0.8786,0.6321,0.8564,0.8788,0.6196,0.4155,2.7187,PepSet_dimer_output_esmfold2_fast,5n85,0.753,0.763,2.719,1.25
5njc,42,0,0.9275,0.5616,0.923,0.9499,0.7083,0.8056,0.8817,PepSet_dimer_output_esmfold2_fast,5njc,0.94,0.949,0.882,0.551
5njc,42,1,0.9269,0.5715,0.9225,0.9484,0.7173,0.8273,0.8669,PepSet_dimer_output_esmfold2_fast,5njc,0.936,0.949,0.867,0.578
5njc,42,2,0.9271,0.5811,0.9229,0.9488,0.7214,0.7179,0.8648,PepSet_dimer_output_esmfold2_fast,5njc,0.929,0.923,0.865,0.569
5njc,42,3,0.9269,0.5801,0.9226,0.9494,0.7197,0.7756,0.8715,PepSet_dimer_output_esmfold2_fast,5njc,0.93,0.923,0.872,0.56
5njc,42,4,0.9276,0.5797,0.9233,0.9494,0.7247,0.7923,0.8338,PepSet_dimer_output_esmfold2_fast,5njc,0.936,0.949,0.834,0.58
5njc,43,0,0.9225,0.5834,0.9183,0.9465,0.7232,1.2119,0.8472,PepSet_dimer_output_esmfold2_fast,5njc,0.928,0.923,0.847,0.576
5njc,43,1,0.9273,0.5726,0.9229,0.9488,0.7162,0.822,0.9072,PepSet_dimer_output_esmfold2_fast,5njc,0.925,0.923,0.907,0.595
5njc,43,2,0.9259,0.584,0.9217,0.9483,0.7249,1.05,0.8441,PepSet_dimer_output_esmfold2_fast,5njc,0.927,0.923,0.844,0.589
5njc,43,3,0.9253,0.5662,0.9209,0.9482,0.7139,0.9272,0.7861,PepSet_dimer_output_esmfold2_fast,5njc,0.94,0.949,0.786,0.558
5njc,43,4,0.9269,0.5822,0.9227,0.9497,0.7226,0.7243,0.914,PepSet_dimer_output_esmfold2_fast,5njc,0.923,0.897,0.914,0.55
5njc,44,0,0.9265,0.5786,0.9222,0.9483,0.7239,0.909,0.8797,PepSet_dimer_output_esmfold2_fast,5njc,0.921,0.923,0.88,0.63
5njc,44,1,0.9277,0.5771,0.9233,0.9494,0.7205,0.7981,1.0071,PepSet_dimer_output_esmfold2_fast,5njc,0.923,0.923,1.007,0.605
5njc,44,2,0.9282,0.5629,0.9236,0.9505,0.7073,0.7847,0.7859,PepSet_dimer_output_esmfold2_fast,5njc,0.931,0.923,0.786,0.561
5njc,44,3,0.927,0.5778,0.9227,0.9489,0.7206,0.7902,0.6435,PepSet_dimer_output_esmfold2_fast,5njc,0.95,0.974,0.644,0.55
5njc,44,4,0.9273,0.59,0.9231,0.9488,0.7312,0.8059,0.8662,PepSet_dimer_output_esmfold2_fast,5njc,0.918,0.897,0.866,0.59
5nqv,42,0,0.9328,0.8445,0.9281,0.9423,0.9201,1.4226,2.4615,PepSet_dimer_output_esmfold2_fast,5nqv,0.854,0.881,2.462,0.845
5nqv,42,1,0.9272,0.8423,0.9227,0.9359,0.9148,1.9405,2.406,PepSet_dimer_output_esmfold2_fast,5nqv,0.858,0.881,2.406,0.826
5nqv,42,2,0.9368,0.8437,0.9319,0.9459,0.9171,1.6045,2.3717,PepSet_dimer_output_esmfold2_fast,5nqv,0.849,0.857,2.372,0.838
5nqv,42,3,0.9342,0.842,0.9293,0.944,0.9165,1.2216,2.3888,PepSet_dimer_output_esmfold2_fast,5nqv,0.853,0.881,2.389,0.864
5nqv,42,4,0.9365,0.8411,0.9315,0.9455,0.9155,1.5333,2.5448,PepSet_dimer_output_esmfold2_fast,5nqv,0.843,0.857,2.545,0.858
5nqv,43,0,0.9368,0.8422,0.9318,0.9462,0.9166,1.5595,2.4102,PepSet_dimer_output_esmfold2_fast,5nqv,0.854,0.881,2.41,0.856
5nqv,43,1,0.935,0.8379,0.9299,0.944,0.9147,1.3896,2.3971,PepSet_dimer_output_esmfold2_fast,5nqv,0.855,0.881,2.397,0.847
5nqv,43,2,0.9363,0.8367,0.9311,0.9456,0.9135,1.6438,2.4321,PepSet_dimer_output_esmfold2_fast,5nqv,0.85,0.881,2.432,0.877
5nqv,43,3,0.9348,0.8384,0.9297,0.9439,0.9164,1.5095,2.5781,PepSet_dimer_output_esmfold2_fast,5nqv,0.837,0.857,2.578,0.891
5nqv,43,4,0.9352,0.8411,0.9303,0.9448,0.9153,1.1726,2.2186,PepSet_dimer_output_esmfold2_fast,5nqv,0.866,0.881,2.219,0.793
5nqv,44,0,0.9338,0.808,0.9272,0.9427,0.8814,1.487,3.2088,PepSet_dimer_output_esmfold2_fast,5nqv,0.797,0.881,3.209,1.136
5nqv,44,1,0.9355,0.8286,0.9299,0.9449,0.9091,1.6435,2.4429,PepSet_dimer_output_esmfold2_fast,5nqv,0.847,0.857,2.443,0.845
5nqv,44,2,0.9337,0.8119,0.9273,0.9424,0.8867,1.3863,3.1581,PepSet_dimer_output_esmfold2_fast,5nqv,0.805,0.881,3.158,1.09
5nqv,44,3,0.9337,0.8223,0.9278,0.9432,0.9015,1.5382,2.3985,PepSet_dimer_output_esmfold2_fast,5nqv,0.849,0.857,2.399,0.831
5nqv,44,4,0.9362,0.8411,0.9311,0.9449,0.9143,1.5607,2.2485,PepSet_dimer_output_esmfold2_fast,5nqv,0.864,0.881,2.249,0.805
5o9u,42,0,0.9628,0.8452,0.9604,0.9803,0.9202,0.4159,0.5036,PepSet_dimer_output_esmfold2_fast,5o9u,0.974,0.973,0.504,0.338
5o9u,42,1,0.9627,0.8425,0.9603,0.9802,0.9181,0.4079,0.545,PepSet_dimer_output_esmfold2_fast,5o9u,0.979,0.986,0.545,0.322
5o9u,42,2,0.9618,0.8434,0.9595,0.9797,0.92,0.4257,0.2954,PepSet_dimer_output_esmfold2_fast,5o9u,0.988,1.0,0.295,0.286
5o9u,42,3,0.9624,0.8398,0.96,0.98,0.916,0.4436,0.3213,PepSet_dimer_output_esmfold2_fast,5o9u,0.979,0.986,0.321,0.339
5o9u,42,4,0.9626,0.8384,0.9601,0.98,0.9146,0.4259,0.3694,PepSet_dimer_output_esmfold2_fast,5o9u,0.976,0.973,0.369,0.317
5o9u,43,0,0.9628,0.839,0.9603,0.9801,0.9156,0.4077,0.3025,PepSet_dimer_output_esmfold2_fast,5o9u,0.988,1.0,0.303,0.29
5o9u,43,1,0.9622,0.8317,0.9596,0.9797,0.9085,0.394,0.3917,PepSet_dimer_output_esmfold2_fast,5o9u,0.977,0.973,0.392,0.304
5o9u,43,2,0.9623,0.8398,0.9598,0.9799,0.9159,0.4436,0.5139,PepSet_dimer_output_esmfold2_fast,5o9u,0.973,0.973,0.514,0.339
5o9u,43,3,0.9625,0.8335,0.9599,0.9797,0.9098,0.4099,0.3077,PepSet_dimer_output_esmfold2_fast,5o9u,0.98,0.986,0.308,0.327
5o9u,43,4,0.9621,0.8337,0.9595,0.9797,0.9108,0.4315,0.5245,PepSet_dimer_output_esmfold2_fast,5o9u,0.982,1.0,0.525,0.349
5o9u,44,0,0.9628,0.8459,0.9605,0.9802,0.922,0.4038,0.3326,PepSet_dimer_output_esmfold2_fast,5o9u,0.977,0.973,0.333,0.306
5o9u,44,1,0.9624,0.8431,0.9601,0.98,0.9189,0.4421,0.5522,PepSet_dimer_output_esmfold2_fast,5o9u,0.968,0.959,0.552,0.347
5o9u,44,2,0.9624,0.839,0.9599,0.9801,0.9153,0.4208,0.3549,PepSet_dimer_output_esmfold2_fast,5o9u,0.985,1.0,0.355,0.319
5o9u,44,3,0.9625,0.8394,0.9601,0.98,0.9164,0.4144,0.3682,PepSet_dimer_output_esmfold2_fast,5o9u,0.977,0.973,0.368,0.301
5o9u,44,4,0.9623,0.8327,0.9597,0.9798,0.9098,0.3645,0.3195,PepSet_dimer_output_esmfold2_fast,5o9u,0.978,0.973,0.32,0.291
5oj5,42,0,0.9106,0.3102,0.8992,0.9354,0.325,1.4271,2.3289,PepSet_dimer_output_esmfold2_fast,5oj5,0.86,0.905,2.329,0.88
5oj5,42,1,0.9089,0.2344,0.8961,0.9317,0.2029,1.2196,29.303,PepSet_dimer_output_esmfold2_fast,5oj5,0.033,0.0,29.303,9.848
5oj5,42,2,0.9093,0.2295,0.8963,0.9317,0.1993,1.7415,24.8274,PepSet_dimer_output_esmfold2_fast,5oj5,0.047,0.0,24.827,7.916
5oj5,42,3,0.9088,0.2276,0.8958,0.9334,0.2222,1.3948,2.5208,PepSet_dimer_output_esmfold2_fast,5oj5,0.785,0.762,2.521,1.044
5oj5,42,4,0.9122,0.2183,0.8991,0.9349,0.1859,1.5629,32.3935,PepSet_dimer_output_esmfold2_fast,5oj5,0.027,0.0,32.394,11.1
5oj5,43,0,0.9101,0.2064,0.8967,0.9328,0.1596,1.9323,35.7318,PepSet_dimer_output_esmfold2_fast,5oj5,0.023,0.0,35.732,12.12
5oj5,43,1,0.912,0.4371,0.903,0.9362,0.4826,1.0304,1.8865,PepSet_dimer_output_esmfold2_fast,5oj5,0.892,0.905,1.887,0.707
5oj5,43,2,0.9077,0.2349,0.895,0.9306,0.2104,1.1683,29.2931,PepSet_dimer_output_esmfold2_fast,5oj5,0.034,0.0,29.293,9.751
5oj5,43,3,0.9081,0.2215,0.8951,0.9324,0.1871,1.2126,42.6792,PepSet_dimer_output_esmfold2_fast,5oj5,0.016,0.0,42.679,14.352
5oj5,43,4,0.9131,0.2052,0.8997,0.9347,0.1489,1.7075,34.0048,PepSet_dimer_output_esmfold2_fast,5oj5,0.025,0.0,34.005,11.445
5oj5,44,0,0.9077,0.2314,0.8949,0.9321,0.2268,1.2107,3.0739,PepSet_dimer_output_esmfold2_fast,5oj5,0.788,0.81,3.074,1.055
5oj5,44,1,0.9075,0.2726,0.8954,0.9327,0.2978,1.5849,2.3208,PepSet_dimer_output_esmfold2_fast,5oj5,0.843,0.857,2.321,0.885
5oj5,44,2,0.9089,0.2204,0.8959,0.9317,0.1912,0.8689,29.763,PepSet_dimer_output_esmfold2_fast,5oj5,0.033,0.0,29.763,9.843
5oj5,44,3,0.9081,0.2747,0.896,0.9336,0.2972,1.5788,2.4919,PepSet_dimer_output_esmfold2_fast,5oj5,0.805,0.81,2.492,1.015
5oj5,44,4,0.9057,0.2478,0.8932,0.9313,0.2588,0.9189,2.3565,PepSet_dimer_output_esmfold2_fast,5oj5,0.836,0.857,2.357,0.931
5onp,42,0,0.9698,0.6121,0.9642,0.976,0.7398,0.2076,2.4851,PepSet_dimer_output_esmfold2_fast,5onp,0.869,0.842,2.485,0.649
5onp,42,1,0.9686,0.5952,0.9628,0.975,0.7293,0.183,2.7309,PepSet_dimer_output_esmfold2_fast,5onp,0.874,0.895,2.731,0.704
5onp,42,2,0.9691,0.5761,0.963,0.9754,0.7049,0.1734,2.5561,PepSet_dimer_output_esmfold2_fast,5onp,0.874,0.868,2.556,0.664
5onp,42,3,0.9693,0.5873,0.9633,0.9753,0.7148,0.1798,2.4663,PepSet_dimer_output_esmfold2_fast,5onp,0.879,0.868,2.466,0.639
5onp,42,4,0.9678,0.4403,0.9596,0.9737,0.5975,0.1921,6.4436,PepSet_dimer_output_esmfold2_fast,5onp,0.523,0.474,6.444,1.62
5onp,43,0,0.9683,0.606,0.9626,0.9748,0.737,0.1746,2.7051,PepSet_dimer_output_esmfold2_fast,5onp,0.875,0.895,2.705,0.697
5onp,43,1,0.9686,0.6125,0.9631,0.9748,0.7407,0.2079,2.5801,PepSet_dimer_output_esmfold2_fast,5onp,0.873,0.868,2.58,0.665
5onp,43,2,0.9686,0.6019,0.9628,0.9749,0.7324,0.1802,2.5504,PepSet_dimer_output_esmfold2_fast,5onp,0.883,0.895,2.55,0.66
5onp,43,3,0.9695,0.5903,0.9636,0.976,0.7184,0.1742,2.5484,PepSet_dimer_output_esmfold2_fast,5onp,0.874,0.868,2.548,0.662
5onp,43,4,0.9691,0.597,0.9633,0.9755,0.7324,0.1943,2.5697,PepSet_dimer_output_esmfold2_fast,5onp,0.873,0.868,2.57,0.668
5onp,44,0,0.9695,0.6057,0.9638,0.9758,0.7357,0.1835,2.5624,PepSet_dimer_output_esmfold2_fast,5onp,0.883,0.895,2.562,0.662
5onp,44,1,0.9697,0.6059,0.9641,0.9761,0.7357,0.203,2.5054,PepSet_dimer_output_esmfold2_fast,5onp,0.876,0.868,2.505,0.653
5onp,44,2,0.9685,0.5875,0.9625,0.9752,0.7135,0.1947,2.5978,PepSet_dimer_output_esmfold2_fast,5onp,0.872,0.868,2.598,0.675
5onp,44,3,0.9683,0.4562,0.9603,0.9742,0.5976,0.1692,7.3971,PepSet_dimer_output_esmfold2_fast,5onp,0.436,0.342,7.397,1.847
5onp,44,4,0.9679,0.6061,0.9623,0.974,0.7334,0.217,2.6034,PepSet_dimer_output_esmfold2_fast,5onp,0.871,0.868,2.603,0.679
5t0k,42,0,0.9294,0.8629,0.9272,0.9552,0.9309,0.7221,1.118,PepSet_dimer_output_esmfold2_fast,5t0k,0.878,0.911,1.118,0.885
5t0k,42,1,0.9308,0.8633,0.9286,0.9558,0.9311,0.8206,0.897,PepSet_dimer_output_esmfold2_fast,5t0k,0.882,0.911,0.897,0.871
5t0k,42,2,0.9295,0.8632,0.9274,0.9548,0.931,0.7443,1.2338,PepSet_dimer_output_esmfold2_fast,5t0k,0.867,0.893,1.234,0.917
5t0k,42,3,0.9319,0.8651,0.9297,0.9569,0.9329,0.6938,1.0651,PepSet_dimer_output_esmfold2_fast,5t0k,0.878,0.911,1.065,0.895
5t0k,42,4,0.9262,0.8599,0.924,0.9532,0.9282,0.7786,1.1924,PepSet_dimer_output_esmfold2_fast,5t0k,0.868,0.893,1.192,0.913
5t0k,43,0,0.9267,0.8683,0.9248,0.9529,0.9352,0.8057,1.2941,PepSet_dimer_output_esmfold2_fast,5t0k,0.869,0.893,1.294,0.894
5t0k,43,1,0.9274,0.864,0.9253,0.9533,0.9319,0.8421,1.4117,PepSet_dimer_output_esmfold2_fast,5t0k,0.877,0.929,1.412,0.911
5t0k,43,2,0.9269,0.8614,0.9247,0.9547,0.931,0.7994,1.5063,PepSet_dimer_output_esmfold2_fast,5t0k,0.866,0.911,1.506,0.943
5t0k,43,3,0.9261,0.8654,0.9241,0.9528,0.9344,0.8119,1.3334,PepSet_dimer_output_esmfold2_fast,5t0k,0.887,0.929,1.333,0.849
5t0k,43,4,0.9294,0.8551,0.9269,0.9548,0.9223,0.7581,0.9427,PepSet_dimer_output_esmfold2_fast,5t0k,0.891,0.946,0.943,0.895
5t0k,44,0,0.931,0.8583,0.9286,0.9558,0.927,0.8231,1.1377,PepSet_dimer_output_esmfold2_fast,5t0k,0.872,0.893,1.138,0.887
5t0k,44,1,0.9288,0.8521,0.9263,0.9543,0.921,0.7636,1.0572,PepSet_dimer_output_esmfold2_fast,5t0k,0.868,0.875,1.057,0.876
5t0k,44,2,0.9301,0.8651,0.928,0.9552,0.9326,0.7565,1.2241,PepSet_dimer_output_esmfold2_fast,5t0k,0.869,0.893,1.224,0.901
5t0k,44,3,0.9225,0.8636,0.9205,0.9504,0.9326,0.8036,1.2965,PepSet_dimer_output_esmfold2_fast,5t0k,0.864,0.893,1.296,0.93
5t0k,44,4,0.9321,0.8642,0.9299,0.9569,0.9315,0.7455,0.9177,PepSet_dimer_output_esmfold2_fast,5t0k,0.878,0.911,0.918,0.902
5tgi,42,0,0.8401,0.4033,0.7855,0.7918,0.2824,2.3575,20.2386,PepSet_dimer_output_esmfold2_fast,5tgi,0.061,0.0,20.239,8.289
5tgi,42,1,0.8401,0.4497,0.7913,0.7918,0.3656,1.7153,17.5018,PepSet_dimer_output_esmfold2_fast,5tgi,0.102,0.073,17.502,7.289
5tgi,42,2,0.8543,0.4083,0.7986,0.8009,0.3108,2.3281,4.5053,PepSet_dimer_output_esmfold2_fast,5tgi,0.488,0.463,4.505,2.813
5tgi,42,3,0.8422,0.4453,0.7926,0.799,0.3615,2.0927,19.5328,PepSet_dimer_output_esmfold2_fast,5tgi,0.089,0.073,19.533,8.074
5tgi,42,4,0.8495,0.4376,0.798,0.8026,0.3505,2.5094,5.0867,PepSet_dimer_output_esmfold2_fast,5tgi,0.46,0.439,5.087,2.966
5tgi,43,0,0.8361,0.4247,0.7847,0.7876,0.3329,1.9145,19.533,PepSet_dimer_output_esmfold2_fast,5tgi,0.064,0.0,19.533,8.014
5tgi,43,1,0.827,0.4725,0.7827,0.7278,0.3872,0.8067,20.5692,PepSet_dimer_output_esmfold2_fast,5tgi,0.076,0.049,20.569,8.074
5tgi,43,2,0.8491,0.4814,0.8031,0.7832,0.4285,1.4863,3.0253,PepSet_dimer_output_esmfold2_fast,5tgi,0.778,0.927,3.025,1.446
5tgi,43,3,0.8718,0.5552,0.8322,0.8342,0.5607,2.492,4.9113,PepSet_dimer_output_esmfold2_fast,5tgi,0.569,0.756,4.911,2.98
5tgi,43,4,0.8369,0.4291,0.7859,0.7922,0.3355,2.3378,20.1364,PepSet_dimer_output_esmfold2_fast,5tgi,0.077,0.049,20.136,8.297
5tgi,44,0,0.8331,0.4126,0.7806,0.7834,0.3224,2.3996,20.4516,PepSet_dimer_output_esmfold2_fast,5tgi,0.092,0.098,20.452,8.415
5tgi,44,1,0.9159,0.8257,0.9046,0.9095,0.8589,0.838,1.595,PepSet_dimer_output_esmfold2_fast,5tgi,0.916,1.0,1.595,0.794
5tgi,44,2,0.8409,0.3687,0.7819,0.7922,0.2328,1.919,7.1236,PepSet_dimer_output_esmfold2_fast,5tgi,0.246,0.0,7.124,3.583
5tgi,44,3,0.8272,0.3819,0.7715,0.7522,0.2436,1.6651,6.8045,PepSet_dimer_output_esmfold2_fast,5tgi,0.289,0.073,6.804,3.147
5tgi,44,4,0.8383,0.4684,0.792,0.7926,0.3893,1.6207,19.9952,PepSet_dimer_output_esmfold2_fast,5tgi,0.087,0.073,19.995,8.073
5v2p,42,0,0.9177,0.8666,0.9145,0.9363,0.9287,2.0706,0.5384,PepSet_dimer_output_esmfold2_fast,5v2p,0.954,0.896,0.538,0.265
5v2p,42,1,0.9155,0.8798,0.9132,0.9367,0.9399,2.0233,1.0125,PepSet_dimer_output_esmfold2_fast,5v2p,0.968,0.958,1.013,0.306
5v2p,42,2,0.9181,0.8708,0.9151,0.9353,0.9332,2.4525,0.872,PepSet_dimer_output_esmfold2_fast,5v2p,0.963,0.958,0.872,0.377
5v2p,42,3,0.9193,0.8793,0.9168,0.9389,0.9387,2.2738,0.8634,PepSet_dimer_output_esmfold2_fast,5v2p,0.971,0.958,0.863,0.287
5v2p,42,4,0.918,0.8837,0.9159,0.9375,0.9424,2.1326,0.7621,PepSet_dimer_output_esmfold2_fast,5v2p,0.959,0.917,0.762,0.265
5v2p,43,0,0.9195,0.8816,0.9171,0.9384,0.9409,2.3124,1.2119,PepSet_dimer_output_esmfold2_fast,5v2p,0.968,0.958,1.212,0.281
5v2p,43,1,0.9188,0.8782,0.9163,0.9374,0.9374,2.4113,1.059,PepSet_dimer_output_esmfold2_fast,5v2p,0.957,0.917,1.059,0.262
5v2p,43,2,0.9176,0.8796,0.9153,0.9358,0.9385,2.4248,0.8599,PepSet_dimer_output_esmfold2_fast,5v2p,0.972,0.958,0.86,0.273
5v2p,43,3,0.9178,0.8756,0.9152,0.9373,0.9348,2.0769,0.7859,PepSet_dimer_output_esmfold2_fast,5v2p,0.958,0.917,0.786,0.282
5v2p,43,4,0.9185,0.8711,0.9156,0.9368,0.9346,2.3471,1.0342,PepSet_dimer_output_esmfold2_fast,5v2p,0.947,0.917,1.034,0.378
5v2p,44,0,0.9188,0.8781,0.9163,0.9374,0.9388,2.2004,1.137,PepSet_dimer_output_esmfold2_fast,5v2p,0.975,0.979,1.137,0.291
5v2p,44,1,0.9184,0.8816,0.9161,0.9369,0.9401,2.1932,0.9554,PepSet_dimer_output_esmfold2_fast,5v2p,0.966,0.938,0.955,0.257
5v2p,44,2,0.9123,0.8801,0.9103,0.9338,0.9398,2.3191,0.8592,PepSet_dimer_output_esmfold2_fast,5v2p,0.963,0.938,0.859,0.3
5v2p,44,3,0.9195,0.8814,0.9171,0.9387,0.9399,2.2564,0.9806,PepSet_dimer_output_esmfold2_fast,5v2p,0.972,0.958,0.981,0.258
5v2p,44,4,0.9176,0.8804,0.9153,0.9381,0.9399,2.1994,0.8608,PepSet_dimer_output_esmfold2_fast,5v2p,0.979,0.979,0.861,0.275
5v3r,42,0,0.9221,0.8384,0.9191,0.9526,0.9301,0.7888,2.1031,PepSet_dimer_output_esmfold2_fast,5v3r,0.809,0.759,2.103,0.918
5v3r,42,1,0.9201,0.8083,0.9162,0.9507,0.9107,1.1713,1.3708,PepSet_dimer_output_esmfold2_fast,5v3r,0.909,0.862,1.371,0.524
5v3r,42,2,0.9202,0.8097,0.9163,0.9513,0.9118,0.9374,1.3719,PepSet_dimer_output_esmfold2_fast,5v3r,0.908,0.897,1.372,0.627
5v3r,42,3,0.9237,0.8523,0.9212,0.9538,0.9384,0.7899,1.9344,PepSet_dimer_output_esmfold2_fast,5v3r,0.815,0.759,1.934,0.9
5v3r,42,4,0.9217,0.8083,0.9177,0.9516,0.9115,0.8778,1.3093,PepSet_dimer_output_esmfold2_fast,5v3r,0.885,0.828,1.309,0.628
5v3r,43,0,0.9233,0.8273,0.9199,0.9526,0.9193,0.8916,1.4707,PepSet_dimer_output_esmfold2_fast,5v3r,0.898,0.862,1.471,0.604
5v3r,43,1,0.9212,0.8166,0.9175,0.9504,0.9147,0.8417,2.1019,PepSet_dimer_output_esmfold2_fast,5v3r,0.83,0.793,2.102,0.852
5v3r,43,2,0.9193,0.8008,0.9151,0.9497,0.901,0.8142,1.6963,PepSet_dimer_output_esmfold2_fast,5v3r,0.838,0.759,1.696,0.767
5v3r,43,3,0.9212,0.8063,0.9171,0.951,0.9087,1.0157,1.3021,PepSet_dimer_output_esmfold2_fast,5v3r,0.894,0.862,1.302,0.651
5v3r,43,4,0.9206,0.7957,0.9162,0.9503,0.8998,0.9715,1.8782,PepSet_dimer_output_esmfold2_fast,5v3r,0.833,0.793,1.878,0.86
5v3r,44,0,0.9205,0.8046,0.9164,0.9517,0.9089,0.9262,1.4039,PepSet_dimer_output_esmfold2_fast,5v3r,0.901,0.862,1.404,0.583
5v3r,44,1,0.9218,0.8442,0.9191,0.9515,0.9323,0.976,2.0987,PepSet_dimer_output_esmfold2_fast,5v3r,0.825,0.793,2.099,0.89
5v3r,44,2,0.9204,0.8081,0.9164,0.9511,0.9109,0.8526,1.6663,PepSet_dimer_output_esmfold2_fast,5v3r,0.918,0.931,1.666,0.609
5v3r,44,3,0.922,0.8436,0.9192,0.9527,0.9345,0.8746,2.1218,PepSet_dimer_output_esmfold2_fast,5v3r,0.826,0.793,2.122,0.88
5v3r,44,4,0.9218,0.8111,0.9179,0.9515,0.9102,0.7893,1.2644,PepSet_dimer_output_esmfold2_fast,5v3r,0.909,0.862,1.264,0.537
5wfv,42,0,0.9433,0.8595,0.9407,0.9443,0.9312,0.3043,0.5722,PepSet_dimer_output_esmfold2_fast,5wfv,0.939,0.87,0.572,0.339
5wfv,42,1,0.9433,0.8608,0.9408,0.9439,0.9326,0.3252,0.5362,PepSet_dimer_output_esmfold2_fast,5wfv,0.955,0.913,0.536,0.327
5wfv,42,2,0.9432,0.855,0.9405,0.9445,0.928,0.3,0.5258,PepSet_dimer_output_esmfold2_fast,5wfv,0.932,0.848,0.526,0.337
5wfv,42,3,0.9447,0.8645,0.9422,0.946,0.9373,0.3183,0.5492,PepSet_dimer_output_esmfold2_fast,5wfv,0.937,0.87,0.549,0.357
5wfv,42,4,0.9434,0.8607,0.9409,0.944,0.9324,0.3171,0.6253,PepSet_dimer_output_esmfold2_fast,5wfv,0.938,0.87,0.625,0.348
5wfv,43,0,0.9438,0.8606,0.9412,0.945,0.9314,0.3139,0.5208,PepSet_dimer_output_esmfold2_fast,5wfv,0.951,0.913,0.521,0.363
5wfv,43,1,0.9429,0.8542,0.9402,0.9436,0.929,0.3313,0.6155,PepSet_dimer_output_esmfold2_fast,5wfv,0.935,0.87,0.615,0.379
5wfv,43,2,0.944,0.8605,0.9414,0.9449,0.9322,0.3315,0.6113,PepSet_dimer_output_esmfold2_fast,5wfv,0.93,0.848,0.611,0.356
5wfv,43,3,0.9441,0.8622,0.9416,0.9449,0.9348,0.2983,0.5892,PepSet_dimer_output_esmfold2_fast,5wfv,0.945,0.891,0.589,0.35
5wfv,43,4,0.9448,0.8641,0.9423,0.9459,0.937,0.2889,0.5295,PepSet_dimer_output_esmfold2_fast,5wfv,0.934,0.848,0.53,0.31
5wfv,44,0,0.9431,0.8564,0.9404,0.9438,0.927,0.2902,0.6082,PepSet_dimer_output_esmfold2_fast,5wfv,0.931,0.848,0.608,0.347
5wfv,44,1,0.9448,0.8635,0.9423,0.9456,0.9353,0.3281,0.5608,PepSet_dimer_output_esmfold2_fast,5wfv,0.938,0.87,0.561,0.353
5wfv,44,2,0.9433,0.8581,0.9407,0.9445,0.93,0.3287,0.5413,PepSet_dimer_output_esmfold2_fast,5wfv,0.96,0.935,0.541,0.345
5wfv,44,3,0.9435,0.8603,0.9409,0.9443,0.9329,0.3171,0.4192,PepSet_dimer_output_esmfold2_fast,5wfv,0.957,0.913,0.419,0.307
5wfv,44,4,0.9435,0.8542,0.9407,0.9444,0.9305,0.3007,1.0588,PepSet_dimer_output_esmfold2_fast,5wfv,0.94,0.913,1.059,0.433
5wyi,42,0,0.8721,0.3046,0.841,0.8608,0.1753,3.5261,24.2069,PepSet_dimer_output_esmfold2_fast,5wyi,0.047,0.0,24.207,8.252
5wyi,42,1,0.8571,0.2393,0.8232,0.8514,0.1234,2.1365,6.9898,PepSet_dimer_output_esmfold2_fast,5wyi,0.379,0.333,6.99,2.927
5wyi,42,2,0.8705,0.3532,0.8422,0.865,0.2745,1.6244,28.4385,PepSet_dimer_output_esmfold2_fast,5wyi,0.035,0.0,28.439,10.039
5wyi,42,3,0.8602,0.3069,0.8299,0.8518,0.19,1.5063,23.2548,PepSet_dimer_output_esmfold2_fast,5wyi,0.051,0.0,23.255,7.756
5wyi,42,4,0.8646,0.3089,0.8342,0.8537,0.1901,2.1582,33.9208,PepSet_dimer_output_esmfold2_fast,5wyi,0.025,0.0,33.921,11.396
5wyi,43,0,0.8665,0.3478,0.8381,0.86,0.261,1.738,28.3289,PepSet_dimer_output_esmfold2_fast,5wyi,0.035,0.0,28.329,9.95
5wyi,43,1,0.865,0.3842,0.8387,0.8613,0.3202,1.5485,27.7661,PepSet_dimer_output_esmfold2_fast,5wyi,0.036,0.0,27.766,10.073
5wyi,43,2,0.8792,0.3718,0.8514,0.8696,0.2995,3.4326,28.0515,PepSet_dimer_output_esmfold2_fast,5wyi,0.035,0.0,28.052,10.052
5wyi,43,3,0.8682,0.3068,0.8374,0.8574,0.1816,1.08,34.1558,PepSet_dimer_output_esmfold2_fast,5wyi,0.025,0.0,34.156,11.573
5wyi,43,4,0.8722,0.2908,0.8404,0.8583,0.1757,3.5844,23.1966,PepSet_dimer_output_esmfold2_fast,5wyi,0.051,0.0,23.197,7.935
5wyi,44,0,0.866,0.371,0.8389,0.8565,0.2886,0.9574,27.2909,PepSet_dimer_output_esmfold2_fast,5wyi,0.037,0.0,27.291,9.718
5wyi,44,1,0.8792,0.4127,0.8536,0.8694,0.3567,3.4697,27.2483,PepSet_dimer_output_esmfold2_fast,5wyi,0.037,0.0,27.248,9.779
5wyi,44,2,0.8655,0.3252,0.8359,0.8576,0.2167,1.4257,26.1533,PepSet_dimer_output_esmfold2_fast,5wyi,0.054,0.037,26.153,8.809
5wyi,44,3,0.8682,0.349,0.8398,0.8609,0.2596,1.5994,30.4558,PepSet_dimer_output_esmfold2_fast,5wyi,0.031,0.0,30.456,10.624
5wyi,44,4,0.8739,0.333,0.8442,0.8617,0.2218,3.4772,24.2339,PepSet_dimer_output_esmfold2_fast,5wyi,0.046,0.0,24.234,8.742
5xhz,42,0,0.891,0.8819,0.8896,0.8714,0.8649,1.7481,1.5069,PepSet_dimer_output_esmfold2_fast,5xhz,0.896,0.9,1.507,0.704
5xhz,42,1,0.8874,0.8758,0.8856,0.8661,0.8568,2.3773,1.579,PepSet_dimer_output_esmfold2_fast,5xhz,0.879,0.875,1.579,0.758
5xhz,42,2,0.8888,0.8864,0.8885,0.8695,0.8694,2.1884,1.5497,PepSet_dimer_output_esmfold2_fast,5xhz,0.89,0.9,1.55,0.747
5xhz,42,3,0.8814,0.8804,0.8812,0.8585,0.8592,2.7428,1.9656,PepSet_dimer_output_esmfold2_fast,5xhz,0.877,0.875,1.966,0.733
5xhz,42,4,0.8853,0.8714,0.8832,0.8648,0.8545,1.7896,1.7573,PepSet_dimer_output_esmfold2_fast,5xhz,0.879,0.9,1.757,0.803
5xhz,43,0,0.889,0.8857,0.8885,0.8708,0.8676,1.5035,1.4947,PepSet_dimer_output_esmfold2_fast,5xhz,0.894,0.9,1.495,0.725
5xhz,43,1,0.8867,0.8808,0.8858,0.8675,0.8633,1.6441,1.9093,PepSet_dimer_output_esmfold2_fast,5xhz,0.881,0.9,1.909,0.77
5xhz,43,2,0.8879,0.8884,0.888,0.871,0.8707,1.7555,1.6092,PepSet_dimer_output_esmfold2_fast,5xhz,0.891,0.9,1.609,0.732
5xhz,43,3,0.8878,0.8863,0.8875,0.8685,0.8702,1.9204,1.7408,PepSet_dimer_output_esmfold2_fast,5xhz,0.888,0.9,1.741,0.738
5xhz,43,4,0.8902,0.8835,0.8892,0.8703,0.865,1.6401,1.4606,PepSet_dimer_output_esmfold2_fast,5xhz,0.89,0.9,1.461,0.754
5xhz,44,0,0.8796,0.88,0.8797,0.8591,0.8596,2.7603,1.7247,PepSet_dimer_output_esmfold2_fast,5xhz,0.875,0.875,1.725,0.773
5xhz,44,1,0.8847,0.8826,0.8844,0.8647,0.864,1.5814,1.8698,PepSet_dimer_output_esmfold2_fast,5xhz,0.869,0.875,1.87,0.799
5xhz,44,2,0.8884,0.8828,0.8876,0.8692,0.8643,1.9042,1.5127,PepSet_dimer_output_esmfold2_fast,5xhz,0.872,0.825,1.513,0.7
5xhz,44,3,0.8874,0.8818,0.8866,0.8681,0.864,1.9443,1.6736,PepSet_dimer_output_esmfold2_fast,5xhz,0.884,0.9,1.674,0.776
5xhz,44,4,0.8905,0.8832,0.8893,0.8709,0.8645,1.9826,1.6178,PepSet_dimer_output_esmfold2_fast,5xhz,0.889,0.9,1.618,0.746
5xxq,42,0,0.9483,0.8953,0.9469,0.9714,0.9763,1.5487,0.8579,PepSet_dimer_output_esmfold2_fast,5xxq,0.964,0.951,0.858,0.345
5xxq,42,1,0.9484,0.8934,0.947,0.9708,0.9762,1.6174,0.9305,PepSet_dimer_output_esmfold2_fast,5xxq,0.971,0.976,0.93,0.349
5xxq,42,2,0.9504,0.8961,0.949,0.9724,0.9769,1.5931,0.8379,PepSet_dimer_output_esmfold2_fast,5xxq,0.972,0.976,0.838,0.342
5xxq,42,3,0.9459,0.8928,0.9445,0.9697,0.9763,1.6204,0.9432,PepSet_dimer_output_esmfold2_fast,5xxq,0.97,0.976,0.943,0.355
5xxq,42,4,0.9475,0.8952,0.9462,0.9708,0.9774,1.4616,0.8588,PepSet_dimer_output_esmfold2_fast,5xxq,0.972,0.976,0.859,0.339
5xxq,43,0,0.9478,0.8945,0.9465,0.9713,0.9764,1.5436,0.8967,PepSet_dimer_output_esmfold2_fast,5xxq,0.97,0.976,0.897,0.357
5xxq,43,1,0.9479,0.8945,0.9465,0.9704,0.9765,1.522,0.9537,PepSet_dimer_output_esmfold2_fast,5xxq,0.961,0.951,0.954,0.369
5xxq,43,2,0.9476,0.8949,0.9463,0.9709,0.9768,1.533,0.8578,PepSet_dimer_output_esmfold2_fast,5xxq,0.979,1.0,0.858,0.356
5xxq,43,3,0.9472,0.8917,0.9457,0.9697,0.9755,1.2713,0.7933,PepSet_dimer_output_esmfold2_fast,5xxq,0.98,1.0,0.793,0.348
5xxq,43,4,0.9409,0.8947,0.9397,0.9677,0.976,1.2542,0.9151,PepSet_dimer_output_esmfold2_fast,5xxq,0.97,0.976,0.915,0.363
5xxq,44,0,0.9498,0.8947,0.9484,0.972,0.9762,1.6467,0.9536,PepSet_dimer_output_esmfold2_fast,5xxq,0.97,0.976,0.954,0.353
5xxq,44,1,0.9386,0.859,0.9365,0.9652,0.9691,1.4686,0.9858,PepSet_dimer_output_esmfold2_fast,5xxq,0.959,0.951,0.986,0.383
5xxq,44,2,0.9483,0.8942,0.9469,0.9708,0.9767,1.6505,0.9758,PepSet_dimer_output_esmfold2_fast,5xxq,0.969,0.976,0.976,0.359
5xxq,44,3,0.9476,0.8926,0.9462,0.9696,0.9761,1.5707,0.9023,PepSet_dimer_output_esmfold2_fast,5xxq,0.962,0.951,0.902,0.358
5xxq,44,4,0.9476,0.8938,0.9463,0.971,0.9757,1.6631,0.9287,PepSet_dimer_output_esmfold2_fast,5xxq,0.968,0.976,0.929,0.378
5yay,42,0,0.9405,0.7004,0.9265,0.9342,0.7965,0.6361,1.9859,PepSet_dimer_output_esmfold2_fast,5yay,0.809,0.742,1.986,0.898
5yay,42,1,0.9454,0.8816,0.9417,0.9469,0.9486,0.5998,1.4022,PepSet_dimer_output_esmfold2_fast,5yay,0.886,0.871,1.402,0.718
5yay,42,2,0.938,0.6977,0.9241,0.9336,0.7938,0.6533,2.2029,PepSet_dimer_output_esmfold2_fast,5yay,0.785,0.71,2.203,0.961
5yay,42,3,0.9488,0.8764,0.9446,0.9487,0.9417,0.6657,1.2911,PepSet_dimer_output_esmfold2_fast,5yay,0.91,0.919,1.291,0.671
5yay,42,4,0.9485,0.8839,0.9448,0.9475,0.9496,0.6358,1.2016,PepSet_dimer_output_esmfold2_fast,5yay,0.899,0.871,1.202,0.642
5yay,43,0,0.9519,0.8924,0.9484,0.9519,0.9577,0.5002,1.0897,PepSet_dimer_output_esmfold2_fast,5yay,0.936,0.952,1.09,0.577
5yay,43,1,0.9483,0.8669,0.9436,0.9507,0.9399,0.6116,1.0509,PepSet_dimer_output_esmfold2_fast,5yay,0.933,0.935,1.051,0.556
5yay,43,2,0.9408,0.7125,0.9276,0.938,0.8073,0.6074,1.4052,PepSet_dimer_output_esmfold2_fast,5yay,0.914,0.935,1.405,0.669
5yay,43,3,0.948,0.8602,0.943,0.9463,0.9339,0.7115,1.1896,PepSet_dimer_output_esmfold2_fast,5yay,0.923,0.935,1.19,0.623
5yay,43,4,0.9521,0.8959,0.9489,0.9538,0.9586,0.4796,0.9168,PepSet_dimer_output_esmfold2_fast,5yay,0.943,0.919,0.917,0.44
5yay,44,0,0.9477,0.8863,0.9442,0.95,0.955,0.6548,0.7687,PepSet_dimer_output_esmfold2_fast,5yay,0.939,0.919,0.769,0.48
5yay,44,1,0.9511,0.8903,0.9476,0.952,0.956,0.7092,1.0958,PepSet_dimer_output_esmfold2_fast,5yay,0.928,0.935,1.096,0.592
5yay,44,2,0.9505,0.8895,0.947,0.9503,0.9558,0.6802,1.0151,PepSet_dimer_output_esmfold2_fast,5yay,0.929,0.935,1.015,0.592
5yay,44,3,0.9406,0.6859,0.9259,0.934,0.7712,0.6419,3.2705,PepSet_dimer_output_esmfold2_fast,5yay,0.723,0.726,3.271,1.301
5yay,44,4,0.951,0.8928,0.9477,0.9521,0.9575,0.6706,1.0701,PepSet_dimer_output_esmfold2_fast,5yay,0.927,0.919,1.07,0.564
6b27,42,0,0.9133,0.9005,0.9123,0.9077,0.93,2.1601,1.3315,PepSet_dimer_output_esmfold2_fast,6b27,0.946,0.968,1.332,0.513
6b27,42,1,0.9119,0.8963,0.9107,0.9076,0.924,2.0664,1.2791,PepSet_dimer_output_esmfold2_fast,6b27,0.957,1.0,1.279,0.518
6b27,42,2,0.9147,0.9019,0.9137,0.9139,0.9296,2.1464,1.184,PepSet_dimer_output_esmfold2_fast,6b27,0.963,1.0,1.184,0.473
6b27,42,3,0.9142,0.9006,0.9131,0.9137,0.9285,1.7773,1.0046,PepSet_dimer_output_esmfold2_fast,6b27,0.943,0.935,1.005,0.483
6b27,42,4,0.9107,0.902,0.91,0.9055,0.9334,2.0885,1.2685,PepSet_dimer_output_esmfold2_fast,6b27,0.956,1.0,1.268,0.529
6b27,43,0,0.9146,0.9031,0.9137,0.9135,0.9294,2.0387,1.0973,PepSet_dimer_output_esmfold2_fast,6b27,0.944,0.935,1.097,0.46
6b27,43,1,0.915,0.9019,0.914,0.9155,0.9303,1.5368,0.9771,PepSet_dimer_output_esmfold2_fast,6b27,0.959,1.0,0.977,0.524
6b27,43,2,0.9111,0.898,0.9101,0.9118,0.9249,1.5288,1.0288,PepSet_dimer_output_esmfold2_fast,6b27,0.947,0.968,1.029,0.531
6b27,43,3,0.9157,0.9012,0.9146,0.9145,0.9294,1.7998,1.0296,PepSet_dimer_output_esmfold2_fast,6b27,0.938,0.935,1.03,0.519
6b27,43,4,0.9073,0.9036,0.907,0.9063,0.9323,1.3301,0.9631,PepSet_dimer_output_esmfold2_fast,6b27,0.95,0.968,0.963,0.517
6b27,44,0,0.9156,0.8993,0.9144,0.9156,0.9292,1.7189,1.2548,PepSet_dimer_output_esmfold2_fast,6b27,0.928,0.935,1.255,0.581
6b27,44,1,0.9157,0.9008,0.9146,0.915,0.9304,1.6376,1.0441,PepSet_dimer_output_esmfold2_fast,6b27,0.932,0.935,1.044,0.563
6b27,44,2,0.9139,0.9006,0.9129,0.9119,0.9286,2.181,1.2092,PepSet_dimer_output_esmfold2_fast,6b27,0.961,1.0,1.209,0.492
6b27,44,3,0.9126,0.8965,0.9113,0.9092,0.9239,1.6727,1.1447,PepSet_dimer_output_esmfold2_fast,6b27,0.937,0.935,1.145,0.516
6b27,44,4,0.9148,0.8977,0.9134,0.9155,0.9265,1.7768,1.188,PepSet_dimer_output_esmfold2_fast,6b27,0.955,1.0,1.188,0.54
6co4,42,0,0.93,0.8691,0.9233,0.9396,0.9143,1.1365,1.8813,PepSet_dimer_output_esmfold2_fast,6co4,0.834,0.915,1.881,1.138
6co4,42,1,0.9308,0.8704,0.9241,0.9385,0.9114,1.37,1.9822,PepSet_dimer_output_esmfold2_fast,6co4,0.821,0.915,1.982,1.229
6co4,42,2,0.9298,0.8686,0.923,0.9381,0.9101,1.1926,2.1064,PepSet_dimer_output_esmfold2_fast,6co4,0.849,0.979,2.106,1.16
6co4,42,3,0.9267,0.8628,0.9197,0.9363,0.9108,1.1853,2.053,PepSet_dimer_output_esmfold2_fast,6co4,0.814,0.915,2.053,1.268
6co4,42,4,0.9267,0.8683,0.9203,0.9358,0.9092,1.0574,2.0073,PepSet_dimer_output_esmfold2_fast,6co4,0.819,0.894,2.007,1.185
6co4,43,0,0.9293,0.869,0.9227,0.9379,0.911,1.2857,2.1381,PepSet_dimer_output_esmfold2_fast,6co4,0.838,0.957,2.138,1.182
6co4,43,1,0.9275,0.8651,0.9206,0.9365,0.9073,1.2408,2.0556,PepSet_dimer_output_esmfold2_fast,6co4,0.81,0.894,2.056,1.248
6co4,43,2,0.9236,0.8488,0.9154,0.9342,0.8969,1.4285,1.9058,PepSet_dimer_output_esmfold2_fast,6co4,0.801,0.894,1.906,1.338
6co4,43,3,0.932,0.8717,0.9254,0.94,0.9118,1.2994,2.1028,PepSet_dimer_output_esmfold2_fast,6co4,0.833,0.936,2.103,1.174
6co4,43,4,0.9287,0.8635,0.9215,0.9379,0.9064,1.1125,2.1929,PepSet_dimer_output_esmfold2_fast,6co4,0.811,0.915,2.193,1.278
6co4,44,0,0.9296,0.8718,0.9232,0.9385,0.913,1.1592,1.8631,PepSet_dimer_output_esmfold2_fast,6co4,0.852,0.957,1.863,1.118
6co4,44,1,0.9266,0.8617,0.9194,0.9367,0.9115,1.32,2.0096,PepSet_dimer_output_esmfold2_fast,6co4,0.829,0.936,2.01,1.217
6co4,44,2,0.9267,0.8683,0.9203,0.9351,0.9081,1.0463,2.0845,PepSet_dimer_output_esmfold2_fast,6co4,0.841,0.957,2.084,1.168
6co4,44,3,0.9287,0.8694,0.9222,0.9375,0.9112,1.0367,2.1024,PepSet_dimer_output_esmfold2_fast,6co4,0.847,0.979,2.102,1.172
6co4,44,4,0.9299,0.8718,0.9235,0.938,0.9122,1.221,2.1253,PepSet_dimer_output_esmfold2_fast,6co4,0.806,0.894,2.125,1.272
6dei,42,0,0.4509,0.279,0.427,0.2807,0.0657,14.6743,22.6386,PepSet_dimer_output_esmfold2_fast,6dei,0.066,0.062,22.639,14.439
6dei,42,1,0.4654,0.2993,0.4423,0.2809,0.0875,15.5406,21.9583,PepSet_dimer_output_esmfold2_fast,6dei,0.067,0.062,21.958,16.192
6dei,42,2,0.428,0.2926,0.4092,0.2592,0.0753,16.2187,25.9994,PepSet_dimer_output_esmfold2_fast,6dei,0.049,0.042,25.999,14.979
6dei,42,3,0.5602,0.5427,0.5577,0.4176,0.4574,16.3085,18.9151,PepSet_dimer_output_esmfold2_fast,6dei,0.086,0.083,18.915,17.035
6dei,42,4,0.4415,0.3433,0.4278,0.2522,0.1393,16.824,16.4598,PepSet_dimer_output_esmfold2_fast,6dei,0.1,0.083,16.46,17.371
6dei,43,0,0.5088,0.3907,0.4923,0.4188,0.2255,13.2545,25.7017,PepSet_dimer_output_esmfold2_fast,6dei,0.057,0.062,25.702,14.162
6dei,43,1,0.4392,0.2828,0.4174,0.2594,0.0816,15.9072,22.4834,PepSet_dimer_output_esmfold2_fast,6dei,0.059,0.042,22.483,15.716
6dei,43,2,0.4436,0.2696,0.4193,0.2631,0.0653,15.1984,21.0194,PepSet_dimer_output_esmfold2_fast,6dei,0.058,0.021,21.019,13.092
6dei,43,3,0.456,0.2711,0.4302,0.2816,0.0677,14.2763,28.9687,PepSet_dimer_output_esmfold2_fast,6dei,0.03,0.0,28.969,14.579
6dei,43,4,0.4667,0.2998,0.4434,0.2824,0.0854,14.7072,24.2028,PepSet_dimer_output_esmfold2_fast,6dei,0.04,0.0,24.203,15.805
6dei,44,0,0.4272,0.2874,0.4077,0.2713,0.0722,15.6202,25.0949,PepSet_dimer_output_esmfold2_fast,6dei,0.065,0.083,25.095,15.146
6dei,44,1,0.4299,0.2973,0.4114,0.2729,0.0884,16.4439,14.7862,PepSet_dimer_output_esmfold2_fast,6dei,0.1,0.042,14.786,14.616
6dei,44,2,0.5084,0.3201,0.4822,0.3836,0.0824,16.1619,16.0227,PepSet_dimer_output_esmfold2_fast,6dei,0.09,0.042,16.023,15.678
6dei,44,3,0.478,0.3175,0.4556,0.3079,0.0923,15.9719,16.2805,PepSet_dimer_output_esmfold2_fast,6dei,0.074,0.0,16.281,15.747
6dei,44,4,0.4506,0.3226,0.4327,0.2679,0.1199,15.814,24.7423,PepSet_dimer_output_esmfold2_fast,6dei,0.053,0.042,24.742,13.989
6e5x,42,0,0.8367,0.8705,0.8398,0.8583,0.876,8.4486,5.8972,PepSet_dimer_output_esmfold2_fast,6e5x,0.675,0.943,5.897,1.813
6e5x,42,1,0.8119,0.8727,0.8175,0.8374,0.8814,3.9001,5.2727,PepSet_dimer_output_esmfold2_fast,6e5x,0.676,0.914,5.273,1.87
6e5x,42,2,0.8042,0.8704,0.8103,0.8275,0.8802,4.4718,5.5482,PepSet_dimer_output_esmfold2_fast,6e5x,0.679,0.943,5.548,1.861
6e5x,42,3,0.8217,0.8675,0.826,0.8397,0.8759,8.144,6.0813,PepSet_dimer_output_esmfold2_fast,6e5x,0.667,0.943,6.081,1.848
6e5x,42,4,0.8094,0.8654,0.8146,0.8341,0.8706,3.9892,4.749,PepSet_dimer_output_esmfold2_fast,6e5x,0.705,0.943,4.749,1.803
6e5x,43,0,0.8411,0.8682,0.8436,0.8602,0.8746,8.3366,6.2888,PepSet_dimer_output_esmfold2_fast,6e5x,0.647,0.914,6.289,1.909
6e5x,43,1,0.8073,0.8719,0.8133,0.8324,0.8796,5.0336,5.4189,PepSet_dimer_output_esmfold2_fast,6e5x,0.685,0.943,5.419,1.83
6e5x,43,2,0.816,0.8651,0.8206,0.8435,0.8721,3.7858,4.4616,PepSet_dimer_output_esmfold2_fast,6e5x,0.714,0.943,4.462,1.778
6e5x,43,3,0.8171,0.871,0.8221,0.8444,0.8775,3.2676,4.9734,PepSet_dimer_output_esmfold2_fast,6e5x,0.677,0.914,4.973,1.945
6e5x,43,4,0.8484,0.8716,0.8506,0.8711,0.8754,8.4589,5.8284,PepSet_dimer_output_esmfold2_fast,6e5x,0.679,0.943,5.828,1.784
6e5x,44,0,0.8017,0.8715,0.8081,0.8205,0.8776,4.4916,4.1289,PepSet_dimer_output_esmfold2_fast,6e5x,0.737,0.971,4.129,1.721
6e5x,44,1,0.825,0.8728,0.8295,0.8511,0.8797,8.5592,6.039,PepSet_dimer_output_esmfold2_fast,6e5x,0.68,0.943,6.039,1.714
6e5x,44,2,0.8459,0.8706,0.8482,0.8708,0.8772,8.4226,5.8463,PepSet_dimer_output_esmfold2_fast,6e5x,0.686,0.943,5.846,1.706
6e5x,44,3,0.7843,0.8661,0.7919,0.813,0.8765,4.5954,4.5029,PepSet_dimer_output_esmfold2_fast,6e5x,0.706,0.914,4.503,1.754
6e5x,44,4,0.8184,0.8686,0.8231,0.8402,0.8745,3.9543,5.0738,PepSet_dimer_output_esmfold2_fast,6e5x,0.707,0.943,5.074,1.693
6ej7,42,0,0.9253,0.8177,0.9238,0.9501,0.9418,1.4601,1.0291,PepSet_dimer_output_esmfold2_fast,6ej7,0.9,0.911,1.029,0.74
6ej7,42,1,0.9239,0.8052,0.9223,0.9494,0.9354,1.5326,1.0951,PepSet_dimer_output_esmfold2_fast,6ej7,0.898,0.893,1.095,0.709
6ej7,42,2,0.9251,0.8193,0.9236,0.9511,0.943,1.5267,1.3132,PepSet_dimer_output_esmfold2_fast,6ej7,0.905,0.946,1.313,0.767
6ej7,42,3,0.9253,0.818,0.9238,0.9486,0.9395,1.0333,1.2526,PepSet_dimer_output_esmfold2_fast,6ej7,0.91,0.929,1.253,0.699
6ej7,42,4,0.9265,0.8211,0.925,0.9516,0.9438,1.0548,1.4159,PepSet_dimer_output_esmfold2_fast,6ej7,0.91,0.929,1.416,0.686
6ej7,43,0,0.9241,0.8186,0.9226,0.9481,0.9421,1.2148,1.4514,PepSet_dimer_output_esmfold2_fast,6ej7,0.91,0.946,1.451,0.725
6ej7,43,1,0.9232,0.8139,0.9216,0.9456,0.939,1.7741,1.3736,PepSet_dimer_output_esmfold2_fast,6ej7,0.908,0.929,1.374,0.702
6ej7,43,2,0.923,0.8212,0.9216,0.9491,0.9436,1.1689,1.27,PepSet_dimer_output_esmfold2_fast,6ej7,0.901,0.911,1.27,0.716
6ej7,43,3,0.9266,0.81,0.9249,0.9505,0.9374,1.1519,1.2451,PepSet_dimer_output_esmfold2_fast,6ej7,0.907,0.929,1.245,0.715
6ej7,43,4,0.9257,0.8166,0.9241,0.9494,0.9408,1.3672,1.1596,PepSet_dimer_output_esmfold2_fast,6ej7,0.89,0.893,1.16,0.76
6ej7,44,0,0.9268,0.8173,0.9253,0.9506,0.9408,1.4369,1.1606,PepSet_dimer_output_esmfold2_fast,6ej7,0.888,0.893,1.161,0.775
6ej7,44,1,0.9267,0.8149,0.9251,0.9511,0.9394,1.0185,1.2856,PepSet_dimer_output_esmfold2_fast,6ej7,0.899,0.911,1.286,0.727
6ej7,44,2,0.9264,0.8213,0.925,0.9488,0.944,1.4862,1.2344,PepSet_dimer_output_esmfold2_fast,6ej7,0.902,0.929,1.234,0.755
6ej7,44,3,0.9253,0.8164,0.9238,0.9487,0.9391,1.049,1.2521,PepSet_dimer_output_esmfold2_fast,6ej7,0.908,0.929,1.252,0.71
6ej7,44,4,0.9255,0.8163,0.924,0.9498,0.9418,1.1777,1.2217,PepSet_dimer_output_esmfold2_fast,6ej7,0.902,0.929,1.222,0.756
6f0w,42,0,0.9379,0.9019,0.9352,0.9667,0.958,1.716,0.3959,PepSet_dimer_output_esmfold2_fast,6f0w,0.87,0.934,0.396,1.033
6f0w,42,1,0.9151,0.8927,0.9134,0.9486,0.9573,1.5983,0.4666,PepSet_dimer_output_esmfold2_fast,6f0w,0.896,0.947,0.467,0.883
6f0w,42,2,0.9254,0.8982,0.9234,0.9569,0.9547,0.9562,0.4777,PepSet_dimer_output_esmfold2_fast,6f0w,0.91,0.961,0.478,0.813
6f0w,42,3,0.936,0.8991,0.9332,0.9656,0.9562,1.698,0.5489,PepSet_dimer_output_esmfold2_fast,6f0w,0.876,0.934,0.549,0.987
6f0w,42,4,0.9244,0.9,0.9225,0.9566,0.9579,1.0983,0.5567,PepSet_dimer_output_esmfold2_fast,6f0w,0.909,0.974,0.557,0.847
6f0w,43,0,0.9183,0.8997,0.9169,0.9497,0.9569,1.719,0.5454,PepSet_dimer_output_esmfold2_fast,6f0w,0.876,0.947,0.545,1.019
6f0w,43,1,0.9192,0.8953,0.9174,0.9525,0.9563,1.3859,0.5021,PepSet_dimer_output_esmfold2_fast,6f0w,0.848,0.921,0.502,1.155
6f0w,43,2,0.9165,0.8837,0.914,0.9525,0.9545,0.9919,0.7874,PepSet_dimer_output_esmfold2_fast,6f0w,0.898,0.961,0.787,0.888
6f0w,43,3,0.9231,0.8969,0.9212,0.9535,0.9533,1.2378,0.5984,PepSet_dimer_output_esmfold2_fast,6f0w,0.909,0.961,0.598,0.814
6f0w,43,4,0.9185,0.8983,0.917,0.9507,0.9564,1.4161,0.6058,PepSet_dimer_output_esmfold2_fast,6f0w,0.876,0.947,0.606,1.015
6f0w,44,0,0.9236,0.8966,0.9215,0.9551,0.9524,1.2362,0.669,PepSet_dimer_output_esmfold2_fast,6f0w,0.915,0.974,0.669,0.8
6f0w,44,1,0.9253,0.9002,0.9234,0.9574,0.9579,1.1516,0.4363,PepSet_dimer_output_esmfold2_fast,6f0w,0.913,0.961,0.436,0.794
6f0w,44,2,0.9239,0.9004,0.9221,0.9565,0.9569,1.2851,0.3991,PepSet_dimer_output_esmfold2_fast,6f0w,0.888,0.961,0.399,0.967
6f0w,44,3,0.9189,0.8987,0.9174,0.9512,0.9556,1.8224,0.5011,PepSet_dimer_output_esmfold2_fast,6f0w,0.88,0.934,0.501,0.959
6f0w,44,4,0.9254,0.9005,0.9235,0.9577,0.9567,1.2191,0.4571,PepSet_dimer_output_esmfold2_fast,6f0w,0.877,0.947,0.457,1.017
6f0y,42,0,0.8524,0.7692,0.8458,0.8422,0.7984,8.1381,8.2904,PepSet_dimer_output_esmfold2_fast,6f0y,0.495,0.841,8.29,3.852
6f0y,42,1,0.8491,0.7647,0.8423,0.8367,0.7858,8.0005,10.5346,PepSet_dimer_output_esmfold2_fast,6f0y,0.432,0.818,10.535,4.963
6f0y,42,2,0.8493,0.7769,0.8435,0.8384,0.8016,7.486,10.4461,PepSet_dimer_output_esmfold2_fast,6f0y,0.433,0.818,10.446,4.963
6f0y,42,3,0.8498,0.776,0.8439,0.84,0.8101,9.6833,10.2129,PepSet_dimer_output_esmfold2_fast,6f0y,0.43,0.795,10.213,4.867
6f0y,42,4,0.8532,0.7757,0.847,0.8422,0.7986,10.0171,10.872,PepSet_dimer_output_esmfold2_fast,6f0y,0.416,0.795,10.872,5.305
6f0y,43,0,0.8515,0.7836,0.8461,0.8403,0.8103,9.7445,10.1521,PepSet_dimer_output_esmfold2_fast,6f0y,0.43,0.795,10.152,5.052
6f0y,43,1,0.8516,0.775,0.8454,0.8423,0.8075,4.2674,8.3487,PepSet_dimer_output_esmfold2_fast,6f0y,0.495,0.841,8.349,3.806
6f0y,43,2,0.8535,0.7778,0.8475,0.8413,0.8122,3.8625,8.4997,PepSet_dimer_output_esmfold2_fast,6f0y,0.496,0.841,8.5,3.617
6f0y,43,3,0.8455,0.7744,0.8398,0.8329,0.7969,9.5155,10.3773,PepSet_dimer_output_esmfold2_fast,6f0y,0.434,0.818,10.377,5.01
6f0y,43,4,0.8525,0.7577,0.8449,0.8422,0.786,6.257,9.2031,PepSet_dimer_output_esmfold2_fast,6f0y,0.449,0.773,9.203,4.153
6f0y,44,0,0.8493,0.7465,0.8411,0.8362,0.7758,10.046,8.5989,PepSet_dimer_output_esmfold2_fast,6f0y,0.476,0.841,8.599,4.657
6f0y,44,1,0.85,0.7845,0.8447,0.841,0.8147,9.6938,10.5246,PepSet_dimer_output_esmfold2_fast,6f0y,0.424,0.795,10.525,4.982
6f0y,44,2,0.8508,0.758,0.8433,0.8352,0.7742,9.7573,11.7113,PepSet_dimer_output_esmfold2_fast,6f0y,0.42,0.841,11.711,5.327
6f0y,44,3,0.8521,0.7736,0.8458,0.8354,0.8016,7.9181,10.6085,PepSet_dimer_output_esmfold2_fast,6f0y,0.439,0.841,10.608,4.908
6f0y,44,4,0.8486,0.7725,0.8425,0.8394,0.793,7.4919,10.2381,PepSet_dimer_output_esmfold2_fast,6f0y,0.446,0.841,10.238,4.759
6f4s,42,0,0.9502,0.5196,0.9412,0.9684,0.6251,0.286,3.6359,PepSet_dimer_output_esmfold2_fast,6f4s,0.701,0.548,3.636,0.961
6f4s,42,1,0.9504,0.552,0.9421,0.9686,0.6425,0.2875,4.1259,PepSet_dimer_output_esmfold2_fast,6f4s,0.729,0.71,4.126,1.059
6f4s,42,2,0.9501,0.5416,0.9416,0.9679,0.6232,0.2433,3.658,PepSet_dimer_output_esmfold2_fast,6f4s,0.733,0.645,3.658,0.957
6f4s,42,3,0.9497,0.5347,0.9411,0.9681,0.6293,0.3035,4.3103,PepSet_dimer_output_esmfold2_fast,6f4s,0.695,0.645,4.31,1.118
6f4s,42,4,0.9501,0.5353,0.9415,0.9678,0.6241,0.2311,3.7675,PepSet_dimer_output_esmfold2_fast,6f4s,0.694,0.548,3.767,0.985
6f4s,43,0,0.9492,0.5016,0.9399,0.9673,0.5966,0.2842,5.7554,PepSet_dimer_output_esmfold2_fast,6f4s,0.625,0.677,5.755,1.466
6f4s,43,1,0.9468,0.5082,0.9377,0.9656,0.5941,0.3072,2.9462,PepSet_dimer_output_esmfold2_fast,6f4s,0.773,0.645,2.946,0.791
6f4s,43,2,0.9476,0.4833,0.9379,0.9669,0.5972,0.2402,1.9508,PepSet_dimer_output_esmfold2_fast,6f4s,0.904,0.871,1.951,0.521
6f4s,43,3,0.9503,0.5447,0.9419,0.9685,0.6431,0.244,3.4614,PepSet_dimer_output_esmfold2_fast,6f4s,0.745,0.645,3.461,0.907
6f4s,43,4,0.9497,0.5252,0.9408,0.9673,0.6095,0.2286,3.275,PepSet_dimer_output_esmfold2_fast,6f4s,0.745,0.613,3.275,0.863
6f4s,44,0,0.9487,0.4989,0.9393,0.9674,0.5891,0.2481,3.7965,PepSet_dimer_output_esmfold2_fast,6f4s,0.771,0.774,3.797,0.969
6f4s,44,1,0.9505,0.5059,0.9412,0.968,0.5915,0.2466,4.0545,PepSet_dimer_output_esmfold2_fast,6f4s,0.708,0.645,4.054,1.068
6f4s,44,2,0.9513,0.5607,0.9432,0.9691,0.6465,0.2897,3.5115,PepSet_dimer_output_esmfold2_fast,6f4s,0.731,0.613,3.511,0.924
6f4s,44,3,0.9483,0.5054,0.9391,0.9675,0.6053,0.2706,2.7904,PepSet_dimer_output_esmfold2_fast,6f4s,0.829,0.774,2.79,0.728
6f4s,44,4,0.9493,0.5167,0.9403,0.9681,0.6272,0.2891,4.2277,PepSet_dimer_output_esmfold2_fast,6f4s,0.689,0.613,4.228,1.098
6f6d,42,0,0.9394,0.8691,0.9369,0.9689,0.9541,1.1798,1.1512,PepSet_dimer_output_esmfold2_fast,6f6d,0.851,0.851,1.151,0.937
6f6d,42,1,0.9381,0.8769,0.9359,0.9684,0.9579,1.1465,0.9889,PepSet_dimer_output_esmfold2_fast,6f6d,0.889,0.92,0.989,0.844
6f6d,42,2,0.94,0.8702,0.9374,0.9692,0.9545,1.1462,1.087,PepSet_dimer_output_esmfold2_fast,6f6d,0.884,0.92,1.087,0.872
6f6d,42,3,0.9394,0.8714,0.9369,0.9692,0.956,1.1275,1.0175,PepSet_dimer_output_esmfold2_fast,6f6d,0.881,0.897,1.018,0.843
6f6d,42,4,0.9399,0.8765,0.9376,0.9691,0.9582,1.1155,1.0336,PepSet_dimer_output_esmfold2_fast,6f6d,0.886,0.908,1.034,0.833
6f6d,43,0,0.9383,0.855,0.9353,0.9685,0.9457,1.197,1.1148,PepSet_dimer_output_esmfold2_fast,6f6d,0.872,0.92,1.115,0.954
6f6d,43,1,0.9397,0.8695,0.9372,0.9689,0.9536,1.2581,1.262,PepSet_dimer_output_esmfold2_fast,6f6d,0.845,0.862,1.262,0.995
6f6d,43,2,0.9388,0.8685,0.9363,0.9687,0.9533,1.1776,1.1214,PepSet_dimer_output_esmfold2_fast,6f6d,0.865,0.908,1.121,0.975
6f6d,43,3,0.9392,0.877,0.9369,0.9691,0.9584,1.1829,1.0535,PepSet_dimer_output_esmfold2_fast,6f6d,0.882,0.92,1.053,0.883
6f6d,43,4,0.9378,0.865,0.9352,0.9679,0.9524,1.1852,0.9895,PepSet_dimer_output_esmfold2_fast,6f6d,0.864,0.885,0.99,0.934
6f6d,44,0,0.94,0.8765,0.9377,0.9693,0.9578,1.1806,0.9927,PepSet_dimer_output_esmfold2_fast,6f6d,0.869,0.897,0.993,0.925
6f6d,44,1,0.9386,0.8737,0.9363,0.9681,0.9569,1.1341,1.1214,PepSet_dimer_output_esmfold2_fast,6f6d,0.867,0.885,1.121,0.906
6f6d,44,2,0.9369,0.8719,0.9345,0.968,0.9555,1.1059,1.1915,PepSet_dimer_output_esmfold2_fast,6f6d,0.845,0.862,1.192,0.997
6f6d,44,3,0.9381,0.8658,0.9355,0.9678,0.9541,1.1068,1.2148,PepSet_dimer_output_esmfold2_fast,6f6d,0.882,0.897,1.215,0.821
6f6d,44,4,0.9401,0.8723,0.9376,0.9695,0.9566,1.2123,1.2293,PepSet_dimer_output_esmfold2_fast,6f6d,0.865,0.897,1.229,0.939
6fbk,42,0,0.9017,0.8645,0.8954,0.9081,0.8649,2.2301,1.4818,PepSet_dimer_output_esmfold2_fast,6fbk,0.819,0.895,1.482,1.247
6fbk,42,1,0.9119,0.899,0.9097,0.9218,0.9032,2.1146,1.4637,PepSet_dimer_output_esmfold2_fast,6fbk,0.862,0.974,1.464,1.125
6fbk,42,2,0.9098,0.8936,0.9071,0.9179,0.8969,2.2171,1.4251,PepSet_dimer_output_esmfold2_fast,6fbk,0.855,0.974,1.425,1.181
6fbk,42,3,0.9058,0.8909,0.9033,0.9141,0.8945,2.0313,1.3893,PepSet_dimer_output_esmfold2_fast,6fbk,0.858,0.947,1.389,1.095
6fbk,42,4,0.9085,0.8934,0.906,0.9164,0.8975,2.1137,1.3787,PepSet_dimer_output_esmfold2_fast,6fbk,0.866,0.974,1.379,1.098
6fbk,43,0,0.9135,0.8961,0.9105,0.9214,0.9023,2.145,1.5647,PepSet_dimer_output_esmfold2_fast,6fbk,0.854,0.974,1.565,1.173
6fbk,43,1,0.9139,0.8969,0.911,0.9219,0.9034,2.1308,1.4263,PepSet_dimer_output_esmfold2_fast,6fbk,0.843,0.947,1.426,1.202
6fbk,43,2,0.909,0.8931,0.9063,0.9169,0.8967,2.1417,1.3546,PepSet_dimer_output_esmfold2_fast,6fbk,0.852,0.947,1.355,1.142
6fbk,43,3,0.9074,0.8889,0.9043,0.9155,0.8909,2.1535,1.4246,PepSet_dimer_output_esmfold2_fast,6fbk,0.844,0.947,1.425,1.191
6fbk,43,4,0.9069,0.891,0.9042,0.9148,0.8942,2.0968,1.3027,PepSet_dimer_output_esmfold2_fast,6fbk,0.873,0.974,1.303,1.057
6fbk,44,0,0.9112,0.8918,0.9079,0.9193,0.8954,2.1662,1.5509,PepSet_dimer_output_esmfold2_fast,6fbk,0.854,0.974,1.551,1.175
6fbk,44,1,0.9092,0.8927,0.9064,0.9171,0.8961,2.1826,1.4516,PepSet_dimer_output_esmfold2_fast,6fbk,0.832,0.921,1.452,1.214
6fbk,44,2,0.9084,0.8913,0.9055,0.9166,0.8937,2.1848,1.3812,PepSet_dimer_output_esmfold2_fast,6fbk,0.862,0.974,1.381,1.127
6fbk,44,3,0.9094,0.894,0.9068,0.9178,0.8982,2.1656,1.4038,PepSet_dimer_output_esmfold2_fast,6fbk,0.858,0.974,1.404,1.159
6fbk,44,4,0.9078,0.887,0.9043,0.9157,0.889,2.173,1.3949,PepSet_dimer_output_esmfold2_fast,6fbk,0.86,0.974,1.395,1.143
6h7b,42,0,0.9434,0.8714,0.9338,0.934,0.8881,0.4403,1.7402,PepSet_dimer_output_esmfold2_fast,6h7b,0.903,0.977,1.74,0.814
6h7b,42,1,0.944,0.8864,0.9363,0.9384,0.8966,0.4419,0.787,PepSet_dimer_output_esmfold2_fast,6h7b,0.962,0.977,0.787,0.45
6h7b,42,2,0.9436,0.8707,0.9339,0.934,0.8875,0.4649,1.5618,PepSet_dimer_output_esmfold2_fast,6h7b,0.906,0.953,1.562,0.754
6h7b,42,3,0.9447,0.8839,0.9366,0.9385,0.897,0.5334,0.8572,PepSet_dimer_output_esmfold2_fast,6h7b,0.954,0.977,0.857,0.511
6h7b,42,4,0.943,0.8872,0.9356,0.9374,0.8959,0.5047,1.1281,PepSet_dimer_output_esmfold2_fast,6h7b,0.932,0.977,1.128,0.666
6h7b,43,0,0.9447,0.8828,0.9364,0.9378,0.8895,0.4382,1.2636,PepSet_dimer_output_esmfold2_fast,6h7b,0.931,0.953,1.264,0.605
6h7b,43,1,0.9424,0.8807,0.9342,0.9349,0.8859,0.897,1.5318,PepSet_dimer_output_esmfold2_fast,6h7b,0.866,0.977,1.532,1.096
6h7b,43,2,0.9436,0.8688,0.9337,0.9338,0.8846,0.4359,1.7956,PepSet_dimer_output_esmfold2_fast,6h7b,0.899,0.977,1.796,0.837
6h7b,43,3,0.9405,0.8828,0.9328,0.9334,0.8919,0.4592,1.1539,PepSet_dimer_output_esmfold2_fast,6h7b,0.92,0.93,1.154,0.638
6h7b,43,4,0.9432,0.8866,0.9357,0.9376,0.8939,0.4159,1.2317,PepSet_dimer_output_esmfold2_fast,6h7b,0.943,1.0,1.232,0.63
6h7b,44,0,0.9444,0.8891,0.9371,0.939,0.899,0.4195,1.1673,PepSet_dimer_output_esmfold2_fast,6h7b,0.945,0.977,1.167,0.563
6h7b,44,1,0.9393,0.884,0.9319,0.933,0.8935,1.0595,1.1041,PepSet_dimer_output_esmfold2_fast,6h7b,0.862,0.977,1.104,1.163
6h7b,44,2,0.9435,0.868,0.9334,0.9335,0.8896,0.3972,1.9096,PepSet_dimer_output_esmfold2_fast,6h7b,0.892,0.977,1.91,0.87
6h7b,44,3,0.9412,0.8673,0.9313,0.9317,0.8821,0.697,1.6244,PepSet_dimer_output_esmfold2_fast,6h7b,0.874,0.953,1.624,0.971
6h7b,44,4,0.9436,0.8815,0.9353,0.937,0.8901,0.508,1.2494,PepSet_dimer_output_esmfold2_fast,6h7b,0.935,0.977,1.249,0.634
