complex,seed,id,chain_plddt_mean_A,chain_plddt_mean_B,plddt_mean,ptm,iptm,protein_rmsd,peptide_rmsd,method,ref_pdb,dockq_score,fnat,lrmsd,irmsd
1a0n,42,0,0.7839,0.5886,0.7459,0.6605,0.367,0.9155,7.7916,PepSet_dimer_output_esmfold2_msa_nonpairing,1a0n,0.519,0.826,7.792,3.119
1a0n,42,1,0.7883,0.6096,0.7535,0.6648,0.3972,0.8077,6.1734,PepSet_dimer_output_esmfold2_msa_nonpairing,1a0n,0.591,0.826,6.173,2.334
1a0n,42,2,0.7811,0.5982,0.7455,0.655,0.3898,0.7965,3.8168,PepSet_dimer_output_esmfold2_msa_nonpairing,1a0n,0.7,0.826,3.817,1.683
1a0n,42,3,0.7855,0.6004,0.7495,0.6632,0.3904,0.8269,6.2957,PepSet_dimer_output_esmfold2_msa_nonpairing,1a0n,0.58,0.826,6.296,2.486
1a0n,42,4,0.7859,0.6041,0.7506,0.6616,0.3909,0.7753,4.8996,PepSet_dimer_output_esmfold2_msa_nonpairing,1a0n,0.643,0.826,4.9,2.032
1a0n,43,0,0.7881,0.6036,0.7522,0.6607,0.3722,0.848,7.5846,PepSet_dimer_output_esmfold2_msa_nonpairing,1a0n,0.524,0.826,7.585,3.093
1a0n,43,1,0.7877,0.6051,0.7522,0.6615,0.3845,0.8549,8.7606,PepSet_dimer_output_esmfold2_msa_nonpairing,1a0n,0.495,0.826,8.761,3.252
1a0n,43,2,0.787,0.6069,0.7519,0.6658,0.4006,0.8313,3.8933,PepSet_dimer_output_esmfold2_msa_nonpairing,1a0n,0.683,0.826,3.893,1.855
1a0n,43,3,0.7847,0.6072,0.7502,0.6611,0.3894,0.8773,7.7057,PepSet_dimer_output_esmfold2_msa_nonpairing,1a0n,0.53,0.826,7.706,2.86
1a0n,43,4,0.7853,0.5989,0.7491,0.6584,0.3813,0.7242,6.5949,PepSet_dimer_output_esmfold2_msa_nonpairing,1a0n,0.568,0.826,6.595,2.572
1a0n,44,0,0.7859,0.6056,0.7509,0.6629,0.3933,0.7396,5.6661,PepSet_dimer_output_esmfold2_msa_nonpairing,1a0n,0.603,0.826,5.666,2.34
1a0n,44,1,0.787,0.6082,0.7522,0.6636,0.3888,0.7177,5.3562,PepSet_dimer_output_esmfold2_msa_nonpairing,1a0n,0.628,0.826,5.356,2.087
1a0n,44,2,0.7866,0.6041,0.7511,0.6633,0.3925,0.7902,7.1952,PepSet_dimer_output_esmfold2_msa_nonpairing,1a0n,0.546,0.826,7.195,2.741
1a0n,44,3,0.7846,0.6052,0.7497,0.6639,0.3911,0.8524,6.5427,PepSet_dimer_output_esmfold2_msa_nonpairing,1a0n,0.579,0.826,6.543,2.385
1a0n,44,4,0.787,0.6048,0.7516,0.6606,0.3837,0.7717,5.8699,PepSet_dimer_output_esmfold2_msa_nonpairing,1a0n,0.576,0.783,5.87,2.479
1cqg,42,0,0.8038,0.5207,0.7726,0.7728,0.4415,0.8451,9.9938,PepSet_dimer_output_esmfold2_msa_nonpairing,1cqg,0.442,0.786,9.994,4.04
1cqg,42,1,0.8033,0.5261,0.7728,0.7731,0.4558,0.8274,7.1185,PepSet_dimer_output_esmfold2_msa_nonpairing,1cqg,0.518,0.786,7.118,3.204
1cqg,42,2,0.8077,0.5212,0.7762,0.7787,0.4463,0.8704,8.368,PepSet_dimer_output_esmfold2_msa_nonpairing,1cqg,0.471,0.75,8.368,3.503
1cqg,42,3,0.8043,0.5053,0.7714,0.7724,0.4311,0.8379,6.0334,PepSet_dimer_output_esmfold2_msa_nonpairing,1cqg,0.568,0.786,6.033,2.584
1cqg,42,4,0.8041,0.5354,0.7745,0.774,0.4478,0.8758,7.5567,PepSet_dimer_output_esmfold2_msa_nonpairing,1cqg,0.497,0.75,7.557,3.168
1cqg,43,0,0.8058,0.5336,0.7758,0.7768,0.4362,0.8528,8.1295,PepSet_dimer_output_esmfold2_msa_nonpairing,1cqg,0.485,0.786,8.13,3.617
1cqg,43,1,0.8038,0.5267,0.7733,0.774,0.4459,0.8542,10.0158,PepSet_dimer_output_esmfold2_msa_nonpairing,1cqg,0.428,0.75,10.016,4.126
1cqg,43,2,0.8014,0.5322,0.7717,0.7734,0.4467,0.8925,7.6034,PepSet_dimer_output_esmfold2_msa_nonpairing,1cqg,0.513,0.821,7.603,3.411
1cqg,43,3,0.8038,0.5106,0.7715,0.7732,0.4326,0.8681,10.7458,PepSet_dimer_output_esmfold2_msa_nonpairing,1cqg,0.4,0.714,10.746,4.516
1cqg,43,4,0.8068,0.5427,0.7777,0.7775,0.4762,0.8569,8.5185,PepSet_dimer_output_esmfold2_msa_nonpairing,1cqg,0.464,0.75,8.519,3.653
1cqg,44,0,0.8038,0.5031,0.7707,0.7733,0.3776,0.8751,5.9559,PepSet_dimer_output_esmfold2_msa_nonpairing,1cqg,0.548,0.75,5.956,2.805
1cqg,44,1,0.8051,0.5249,0.7742,0.7745,0.4455,0.8822,10.1307,PepSet_dimer_output_esmfold2_msa_nonpairing,1cqg,0.433,0.75,10.131,3.774
1cqg,44,2,0.8037,0.5298,0.7735,0.7766,0.4354,0.8623,7.6774,PepSet_dimer_output_esmfold2_msa_nonpairing,1cqg,0.511,0.821,7.677,3.419
1cqg,44,3,0.8067,0.4957,0.7725,0.7758,0.3969,0.8219,7.1032,PepSet_dimer_output_esmfold2_msa_nonpairing,1cqg,0.504,0.75,7.103,3.271
1cqg,44,4,0.8043,0.5274,0.7738,0.7746,0.4284,0.8405,7.7764,PepSet_dimer_output_esmfold2_msa_nonpairing,1cqg,0.487,0.75,7.776,3.373
1czy,42,0,0.9476,0.6976,0.9376,0.9519,0.7434,0.7297,6.3483,PepSet_dimer_output_esmfold2_msa_nonpairing,1czy,0.432,0.295,6.348,2.001
1czy,42,1,0.948,0.6962,0.9379,0.9521,0.7399,0.709,6.3161,PepSet_dimer_output_esmfold2_msa_nonpairing,1czy,0.442,0.318,6.316,1.984
1czy,42,2,0.9472,0.6761,0.9363,0.9509,0.7269,0.7017,6.3186,PepSet_dimer_output_esmfold2_msa_nonpairing,1czy,0.436,0.295,6.319,1.96
1czy,42,3,0.9471,0.7044,0.9373,0.952,0.7549,0.7154,6.3333,PepSet_dimer_output_esmfold2_msa_nonpairing,1czy,0.45,0.341,6.333,1.971
1czy,42,4,0.9463,0.6986,0.9364,0.9486,0.7461,0.7246,6.4495,PepSet_dimer_output_esmfold2_msa_nonpairing,1czy,0.43,0.295,6.449,1.996
1czy,43,0,0.9474,0.6975,0.9374,0.9514,0.7474,0.713,6.3183,PepSet_dimer_output_esmfold2_msa_nonpairing,1czy,0.435,0.295,6.318,1.983
1czy,43,1,0.9476,0.6897,0.9373,0.9511,0.7398,0.7654,6.4442,PepSet_dimer_output_esmfold2_msa_nonpairing,1czy,0.429,0.295,6.444,2.011
1czy,43,2,0.9472,0.6935,0.937,0.9509,0.75,0.7669,6.3573,PepSet_dimer_output_esmfold2_msa_nonpairing,1czy,0.45,0.341,6.357,1.963
1czy,43,3,0.9441,0.6326,0.9317,0.9491,0.673,0.7238,4.0453,PepSet_dimer_output_esmfold2_msa_nonpairing,1czy,0.6,0.409,4.045,1.285
1czy,43,4,0.9473,0.7086,0.9377,0.9498,0.7637,0.7428,6.1843,PepSet_dimer_output_esmfold2_msa_nonpairing,1czy,0.45,0.318,6.184,1.919
1czy,44,0,0.9471,0.6942,0.937,0.9504,0.7497,0.7196,6.2743,PepSet_dimer_output_esmfold2_msa_nonpairing,1czy,0.438,0.295,6.274,1.956
1czy,44,1,0.945,0.6384,0.9327,0.9499,0.6824,0.7216,4.2187,PepSet_dimer_output_esmfold2_msa_nonpairing,1czy,0.579,0.386,4.219,1.358
1czy,44,2,0.947,0.6893,0.9367,0.951,0.7409,0.7896,6.3942,PepSet_dimer_output_esmfold2_msa_nonpairing,1czy,0.431,0.295,6.394,2.009
1czy,44,3,0.9479,0.6831,0.9373,0.9499,0.7413,0.7431,6.4056,PepSet_dimer_output_esmfold2_msa_nonpairing,1czy,0.425,0.273,6.406,1.984
1czy,44,4,0.9475,0.706,0.9378,0.9523,0.7591,0.7146,6.4086,PepSet_dimer_output_esmfold2_msa_nonpairing,1czy,0.439,0.318,6.409,1.992
1ddv,42,0,0.8769,0.6343,0.8637,0.8598,0.5649,0.5839,6.5155,PepSet_dimer_output_esmfold2_msa_nonpairing,1ddv,0.533,0.625,6.516,2.076
1ddv,42,1,0.8784,0.639,0.8653,0.8636,0.5834,0.5519,5.4911,PepSet_dimer_output_esmfold2_msa_nonpairing,1ddv,0.559,0.562,5.491,1.805
1ddv,42,2,0.8756,0.6428,0.8629,0.8596,0.5834,0.5267,5.9578,PepSet_dimer_output_esmfold2_msa_nonpairing,1ddv,0.536,0.562,5.958,1.933
1ddv,42,3,0.8531,0.5653,0.8374,0.8262,0.4678,0.5258,6.8317,PepSet_dimer_output_esmfold2_msa_nonpairing,1ddv,0.477,0.5,6.832,2.174
1ddv,42,4,0.8624,0.5925,0.8477,0.8402,0.5224,0.5378,6.1683,PepSet_dimer_output_esmfold2_msa_nonpairing,1ddv,0.526,0.562,6.168,2.002
1ddv,43,0,0.881,0.6516,0.8685,0.8682,0.5975,0.581,5.8352,PepSet_dimer_output_esmfold2_msa_nonpairing,1ddv,0.542,0.562,5.835,1.904
1ddv,43,1,0.8788,0.6563,0.8666,0.8655,0.6032,0.5595,5.477,PepSet_dimer_output_esmfold2_msa_nonpairing,1ddv,0.56,0.562,5.477,1.797
1ddv,43,2,0.876,0.6333,0.8627,0.86,0.575,0.6106,6.0001,PepSet_dimer_output_esmfold2_msa_nonpairing,1ddv,0.535,0.562,6.0,1.94
1ddv,43,3,0.8811,0.6577,0.8689,0.8683,0.6024,0.5639,5.9215,PepSet_dimer_output_esmfold2_msa_nonpairing,1ddv,0.539,0.562,5.922,1.912
1ddv,43,4,0.865,0.4132,0.8404,0.8412,0.2611,0.624,4.976,PepSet_dimer_output_esmfold2_msa_nonpairing,1ddv,0.47,0.25,4.976,1.775
1ddv,44,0,0.8794,0.6445,0.8666,0.866,0.5862,0.6008,5.7708,PepSet_dimer_output_esmfold2_msa_nonpairing,1ddv,0.546,0.562,5.771,1.867
1ddv,44,1,0.8858,0.6595,0.8735,0.8748,0.6103,0.5583,5.7021,PepSet_dimer_output_esmfold2_msa_nonpairing,1ddv,0.55,0.562,5.702,1.842
1ddv,44,2,0.8555,0.5777,0.8403,0.8271,0.485,0.5593,7.4173,PepSet_dimer_output_esmfold2_msa_nonpairing,1ddv,0.474,0.562,7.417,2.339
1ddv,44,3,0.8752,0.6319,0.8619,0.8584,0.5722,0.6344,5.6745,PepSet_dimer_output_esmfold2_msa_nonpairing,1ddv,0.552,0.562,5.674,1.827
1ddv,44,4,0.8744,0.6342,0.8613,0.8573,0.5692,0.5064,5.8642,PepSet_dimer_output_esmfold2_msa_nonpairing,1ddv,0.542,0.562,5.864,1.896
1eg4,42,0,0.9425,0.6736,0.9297,0.9555,0.7609,0.8133,1.983,PepSet_dimer_output_esmfold2_msa_nonpairing,1eg4,0.848,0.875,1.983,0.935
1eg4,42,1,0.9429,0.6802,0.9304,0.9556,0.7546,1.0289,7.2092,PepSet_dimer_output_esmfold2_msa_nonpairing,1eg4,0.526,0.812,7.209,3.148
1eg4,42,2,0.9435,0.6613,0.93,0.956,0.7531,0.8053,3.217,PepSet_dimer_output_esmfold2_msa_nonpairing,1eg4,0.73,0.781,3.217,1.399
1eg4,42,3,0.9419,0.663,0.9286,0.9553,0.7606,0.8302,3.3709,PepSet_dimer_output_esmfold2_msa_nonpairing,1eg4,0.704,0.719,3.371,1.413
1eg4,42,4,0.9449,0.6785,0.9322,0.9561,0.7614,1.0806,7.7559,PepSet_dimer_output_esmfold2_msa_nonpairing,1eg4,0.518,0.844,7.756,3.396
1eg4,43,0,0.9429,0.6733,0.9301,0.9559,0.7604,0.8112,3.3547,PepSet_dimer_output_esmfold2_msa_nonpairing,1eg4,0.729,0.812,3.355,1.475
1eg4,43,1,0.9428,0.681,0.9303,0.9552,0.7599,0.8759,7.898,PepSet_dimer_output_esmfold2_msa_nonpairing,1eg4,0.522,0.875,7.898,3.5
1eg4,43,2,0.9434,0.6605,0.9299,0.9559,0.756,1.043,4.9972,PepSet_dimer_output_esmfold2_msa_nonpairing,1eg4,0.631,0.812,4.997,2.097
1eg4,43,3,0.9415,0.6584,0.928,0.9545,0.7554,0.7915,4.4534,PepSet_dimer_output_esmfold2_msa_nonpairing,1eg4,0.671,0.844,4.453,1.9
1eg4,43,4,0.9445,0.662,0.9311,0.9556,0.7578,1.0287,6.6349,PepSet_dimer_output_esmfold2_msa_nonpairing,1eg4,0.507,0.688,6.635,2.886
1eg4,44,0,0.9436,0.6611,0.9302,0.9553,0.7568,1.0515,6.3889,PepSet_dimer_output_esmfold2_msa_nonpairing,1eg4,0.51,0.656,6.389,2.702
1eg4,44,1,0.9442,0.6753,0.9314,0.9567,0.7608,1.0344,1.9885,PepSet_dimer_output_esmfold2_msa_nonpairing,1eg4,0.837,0.844,1.988,0.936
1eg4,44,2,0.945,0.6674,0.9317,0.9557,0.7603,1.0526,7.1443,PepSet_dimer_output_esmfold2_msa_nonpairing,1eg4,0.489,0.688,7.144,3.055
1eg4,44,3,0.9432,0.662,0.9298,0.956,0.7625,1.0794,2.7658,PepSet_dimer_output_esmfold2_msa_nonpairing,1eg4,0.734,0.719,2.766,1.276
1eg4,44,4,0.9434,0.6395,0.9289,0.9551,0.7693,1.01,8.9471,PepSet_dimer_output_esmfold2_msa_nonpairing,1eg4,0.421,0.656,8.947,3.853
1f47,42,0,0.8993,0.8192,0.8909,0.9153,0.8473,0.7692,2.2667,PepSet_dimer_output_esmfold2_msa_nonpairing,1f47,0.857,0.938,2.267,0.98
1f47,42,1,0.8998,0.8193,0.8913,0.9165,0.8483,0.7477,1.8898,PepSet_dimer_output_esmfold2_msa_nonpairing,1f47,0.867,0.906,1.89,0.887
1f47,42,2,0.8988,0.809,0.8893,0.9145,0.8346,0.6723,1.7234,PepSet_dimer_output_esmfold2_msa_nonpairing,1f47,0.885,0.906,1.723,0.778
1f47,42,3,0.8997,0.8171,0.891,0.9159,0.8457,0.8245,1.9363,PepSet_dimer_output_esmfold2_msa_nonpairing,1f47,0.862,0.906,1.936,0.912
1f47,42,4,0.8982,0.8213,0.8901,0.9145,0.8505,0.8238,2.2098,PepSet_dimer_output_esmfold2_msa_nonpairing,1f47,0.837,0.906,2.21,1.06
1f47,43,0,0.9017,0.8247,0.8936,0.9186,0.8544,0.7095,2.132,PepSet_dimer_output_esmfold2_msa_nonpairing,1f47,0.87,0.938,2.132,0.906
1f47,43,1,0.8985,0.7978,0.8879,0.9127,0.8294,0.7987,2.6418,PepSet_dimer_output_esmfold2_msa_nonpairing,1f47,0.797,0.875,2.642,1.212
1f47,43,2,0.9013,0.8207,0.8928,0.917,0.8514,0.765,2.0474,PepSet_dimer_output_esmfold2_msa_nonpairing,1f47,0.853,0.906,2.047,0.962
1f47,43,3,0.8976,0.8177,0.8891,0.9143,0.8449,0.8224,1.8701,PepSet_dimer_output_esmfold2_msa_nonpairing,1f47,0.889,0.938,1.87,0.805
1f47,43,4,0.8998,0.8208,0.8915,0.9167,0.8511,0.5402,1.9343,PepSet_dimer_output_esmfold2_msa_nonpairing,1f47,0.876,0.906,1.934,0.821
1f47,44,0,0.9004,0.8226,0.8922,0.9162,0.852,0.8409,1.9924,PepSet_dimer_output_esmfold2_msa_nonpairing,1f47,0.853,0.906,1.992,0.97
1f47,44,1,0.8968,0.8214,0.8888,0.9133,0.8503,1.2595,2.2663,PepSet_dimer_output_esmfold2_msa_nonpairing,1f47,0.852,0.875,2.266,0.872
1f47,44,2,0.8974,0.8212,0.8893,0.9145,0.8494,0.8002,2.5549,PepSet_dimer_output_esmfold2_msa_nonpairing,1f47,0.821,0.906,2.555,1.124
1f47,44,3,0.901,0.8195,0.8924,0.9171,0.8493,0.7857,2.1387,PepSet_dimer_output_esmfold2_msa_nonpairing,1f47,0.86,0.906,2.139,0.907
1f47,44,4,0.8987,0.8208,0.8905,0.915,0.8496,0.715,1.8829,PepSet_dimer_output_esmfold2_msa_nonpairing,1f47,0.877,0.906,1.883,0.817
1f8h,42,0,0.892,0.7626,0.8843,0.8952,0.7676,1.0611,1.9355,PepSet_dimer_output_esmfold2_msa_nonpairing,1f8h,0.786,0.739,1.936,1.058
1f8h,42,1,0.8903,0.7659,0.8829,0.8942,0.7809,1.1245,2.0168,PepSet_dimer_output_esmfold2_msa_nonpairing,1f8h,0.786,0.739,2.017,1.051
1f8h,42,2,0.8899,0.7629,0.8823,0.8938,0.7735,1.0547,2.1375,PepSet_dimer_output_esmfold2_msa_nonpairing,1f8h,0.777,0.739,2.138,1.099
1f8h,42,3,0.8897,0.7605,0.882,0.8924,0.7705,1.0542,1.965,PepSet_dimer_output_esmfold2_msa_nonpairing,1f8h,0.796,0.783,1.965,1.087
1f8h,42,4,0.8845,0.7342,0.8756,0.8874,0.7317,1.0801,2.4209,PepSet_dimer_output_esmfold2_msa_nonpairing,1f8h,0.713,0.609,2.421,1.212
1f8h,43,0,0.8906,0.7601,0.8829,0.8942,0.7702,1.0309,1.7357,PepSet_dimer_output_esmfold2_msa_nonpairing,1f8h,0.809,0.783,1.736,1.019
1f8h,43,1,0.8874,0.7592,0.8797,0.8902,0.7687,1.0338,1.8973,PepSet_dimer_output_esmfold2_msa_nonpairing,1f8h,0.776,0.696,1.897,1.026
1f8h,43,2,0.8888,0.7559,0.8809,0.8917,0.7585,1.062,1.834,PepSet_dimer_output_esmfold2_msa_nonpairing,1f8h,0.805,0.783,1.834,1.036
1f8h,43,3,0.8919,0.7632,0.8843,0.8965,0.7741,1.0824,1.7823,PepSet_dimer_output_esmfold2_msa_nonpairing,1f8h,0.75,0.609,1.782,1.024
1f8h,43,4,0.892,0.7566,0.884,0.8947,0.7577,1.0671,2.1918,PepSet_dimer_output_esmfold2_msa_nonpairing,1f8h,0.759,0.696,2.192,1.117
1f8h,44,0,0.8887,0.7458,0.8802,0.8915,0.7539,1.0628,1.5947,PepSet_dimer_output_esmfold2_msa_nonpairing,1f8h,0.768,0.652,1.595,1.016
1f8h,44,1,0.8899,0.7536,0.8818,0.8926,0.7538,1.0856,2.4258,PepSet_dimer_output_esmfold2_msa_nonpairing,1f8h,0.757,0.739,2.426,1.206
1f8h,44,2,0.8906,0.7565,0.8826,0.8941,0.7614,1.0812,1.7602,PepSet_dimer_output_esmfold2_msa_nonpairing,1f8h,0.796,0.739,1.76,1.005
1f8h,44,3,0.8911,0.7653,0.8836,0.8954,0.771,1.1271,2.3585,PepSet_dimer_output_esmfold2_msa_nonpairing,1f8h,0.777,0.783,2.358,1.173
1f8h,44,4,0.8915,0.7693,0.8843,0.8961,0.7782,1.053,1.8794,PepSet_dimer_output_esmfold2_msa_nonpairing,1f8h,0.773,0.696,1.879,1.055
1j2x,42,0,0.8785,0.796,0.8616,0.8569,0.7862,2.334,4.5543,PepSet_dimer_output_esmfold2_msa_nonpairing,1j2x,0.622,0.769,4.554,2.184
1j2x,42,1,0.8765,0.7864,0.8581,0.8531,0.7784,2.3771,6.1004,PepSet_dimer_output_esmfold2_msa_nonpairing,1j2x,0.575,0.846,6.1,2.844
1j2x,42,2,0.8747,0.7992,0.8592,0.8572,0.779,1.9226,3.863,PepSet_dimer_output_esmfold2_msa_nonpairing,1j2x,0.674,0.821,3.863,1.946
1j2x,42,3,0.8748,0.7848,0.8564,0.8517,0.771,2.1468,2.5432,PepSet_dimer_output_esmfold2_msa_nonpairing,1j2x,0.804,0.897,2.543,1.233
1j2x,42,4,0.8671,0.8006,0.8535,0.8458,0.7748,1.9456,3.2605,PepSet_dimer_output_esmfold2_msa_nonpairing,1j2x,0.722,0.846,3.26,1.662
1j2x,43,0,0.8809,0.7926,0.8628,0.8601,0.7882,2.472,3.3689,PepSet_dimer_output_esmfold2_msa_nonpairing,1j2x,0.744,0.846,3.369,1.433
1j2x,43,1,0.8764,0.7921,0.8592,0.8559,0.7776,2.3783,3.1397,PepSet_dimer_output_esmfold2_msa_nonpairing,1j2x,0.74,0.846,3.14,1.52
1j2x,43,2,0.8705,0.7911,0.8542,0.8504,0.7743,1.7175,6.7737,PepSet_dimer_output_esmfold2_msa_nonpairing,1j2x,0.518,0.769,6.774,3.277
1j2x,43,3,0.8776,0.8046,0.8627,0.8591,0.7846,2.2961,4.0493,PepSet_dimer_output_esmfold2_msa_nonpairing,1j2x,0.67,0.846,4.049,2.049
1j2x,43,4,0.8763,0.7963,0.8599,0.8563,0.7825,2.4409,4.1756,PepSet_dimer_output_esmfold2_msa_nonpairing,1j2x,0.69,0.923,4.176,2.084
1j2x,44,0,0.8731,0.797,0.8575,0.8544,0.7775,2.0898,3.7595,PepSet_dimer_output_esmfold2_msa_nonpairing,1j2x,0.696,0.872,3.759,1.913
1j2x,44,1,0.879,0.8018,0.8632,0.8595,0.7823,2.3981,3.7248,PepSet_dimer_output_esmfold2_msa_nonpairing,1j2x,0.674,0.795,3.725,1.884
1j2x,44,2,0.8805,0.8055,0.8652,0.8613,0.7853,2.3449,3.6713,PepSet_dimer_output_esmfold2_msa_nonpairing,1j2x,0.688,0.821,3.671,1.837
1j2x,44,3,0.8703,0.7776,0.8513,0.8485,0.7636,2.4666,1.9986,PepSet_dimer_output_esmfold2_msa_nonpairing,1j2x,0.801,0.821,1.999,1.139
1j2x,44,4,0.868,0.7911,0.8523,0.8471,0.7743,2.1972,4.8349,PepSet_dimer_output_esmfold2_msa_nonpairing,1j2x,0.625,0.821,4.835,2.298
1jd5,42,0,0.9472,0.9278,0.9459,0.956,0.9611,0.7031,1.3848,PepSet_dimer_output_esmfold2_msa_nonpairing,1jd5,0.937,0.973,1.385,0.593
1jd5,42,1,0.9478,0.9282,0.9464,0.9568,0.9606,0.7339,1.3722,PepSet_dimer_output_esmfold2_msa_nonpairing,1jd5,0.941,0.973,1.372,0.563
1jd5,42,2,0.9473,0.9271,0.9459,0.9557,0.9609,0.6896,1.2014,PepSet_dimer_output_esmfold2_msa_nonpairing,1jd5,0.956,0.973,1.201,0.457
1jd5,42,3,0.9477,0.9266,0.9462,0.9565,0.9607,0.4336,1.1793,PepSet_dimer_output_esmfold2_msa_nonpairing,1jd5,0.946,0.973,1.179,0.545
1jd5,42,4,0.9483,0.9291,0.947,0.9579,0.9625,0.4116,1.3158,PepSet_dimer_output_esmfold2_msa_nonpairing,1jd5,0.947,0.973,1.316,0.521
1jd5,43,0,0.947,0.925,0.9455,0.956,0.9596,0.7061,1.2534,PepSet_dimer_output_esmfold2_msa_nonpairing,1jd5,0.937,0.973,1.253,0.604
1jd5,43,1,0.9478,0.9278,0.9464,0.9573,0.9608,0.4295,1.1833,PepSet_dimer_output_esmfold2_msa_nonpairing,1jd5,0.944,0.973,1.183,0.561
1jd5,43,2,0.9466,0.9254,0.9451,0.956,0.9603,0.5632,1.0859,PepSet_dimer_output_esmfold2_msa_nonpairing,1jd5,0.959,0.973,1.086,0.444
1jd5,43,3,0.9473,0.9265,0.9458,0.9566,0.9601,0.7074,1.4537,PepSet_dimer_output_esmfold2_msa_nonpairing,1jd5,0.943,0.973,1.454,0.546
1jd5,43,4,0.9474,0.9263,0.9459,0.9563,0.9612,0.6928,1.2511,PepSet_dimer_output_esmfold2_msa_nonpairing,1jd5,0.94,0.973,1.251,0.584
1jd5,44,0,0.9459,0.9259,0.9444,0.9548,0.9606,0.5483,1.132,PepSet_dimer_output_esmfold2_msa_nonpairing,1jd5,0.938,0.973,1.132,0.606
1jd5,44,1,0.9463,0.9254,0.9448,0.9554,0.9598,0.5598,1.3654,PepSet_dimer_output_esmfold2_msa_nonpairing,1jd5,0.942,0.973,1.365,0.56
1jd5,44,2,0.9477,0.9274,0.9462,0.9564,0.9606,0.728,1.2379,PepSet_dimer_output_esmfold2_msa_nonpairing,1jd5,0.948,0.973,1.238,0.525
1jd5,44,3,0.9461,0.9271,0.9447,0.9555,0.9615,0.4656,1.3571,PepSet_dimer_output_esmfold2_msa_nonpairing,1jd5,0.927,0.973,1.357,0.671
1jd5,44,4,0.9472,0.9262,0.9457,0.9563,0.9596,0.6551,1.0973,PepSet_dimer_output_esmfold2_msa_nonpairing,1jd5,0.948,0.973,1.097,0.536
1jq8,42,0,0.9382,0.3735,0.9158,0.944,0.3166,0.6853,11.5708,PepSet_dimer_output_esmfold2_msa_nonpairing,1jq8,0.3,0.364,11.571,3.125
1jq8,42,1,0.9383,0.419,0.9177,0.9461,0.3949,0.6845,4.4636,PepSet_dimer_output_esmfold2_msa_nonpairing,1jq8,0.598,0.432,4.464,1.277
1jq8,42,2,0.9408,0.4449,0.9211,0.9481,0.4208,0.7148,9.001,PepSet_dimer_output_esmfold2_msa_nonpairing,1jq8,0.361,0.341,9.001,2.463
1jq8,42,3,0.9395,0.4219,0.919,0.9475,0.3946,0.6129,4.0876,PepSet_dimer_output_esmfold2_msa_nonpairing,1jq8,0.609,0.409,4.088,1.214
1jq8,42,4,0.9397,0.4476,0.9202,0.9479,0.4249,0.6162,7.5738,PepSet_dimer_output_esmfold2_msa_nonpairing,1jq8,0.407,0.318,7.574,2.059
1jq8,43,0,0.9395,0.43,0.9192,0.9465,0.4007,0.6438,5.5035,PepSet_dimer_output_esmfold2_msa_nonpairing,1jq8,0.525,0.386,5.504,1.553
1jq8,43,1,0.9406,0.4512,0.9212,0.9474,0.4308,0.6186,9.1741,PepSet_dimer_output_esmfold2_msa_nonpairing,1jq8,0.365,0.364,9.174,2.474
1jq8,43,2,0.9353,0.4352,0.9154,0.9453,0.4036,0.6771,7.3422,PepSet_dimer_output_esmfold2_msa_nonpairing,1jq8,0.447,0.409,7.342,1.999
1jq8,43,3,0.938,0.3758,0.9157,0.9448,0.3136,0.6568,10.2157,PepSet_dimer_output_esmfold2_msa_nonpairing,1jq8,0.31,0.295,10.216,2.783
1jq8,43,4,0.9389,0.3942,0.9173,0.9455,0.3512,0.6652,10.4125,PepSet_dimer_output_esmfold2_msa_nonpairing,1jq8,0.277,0.205,10.412,2.782
1jq8,44,0,0.9408,0.454,0.9215,0.9493,0.4322,0.666,5.5967,PepSet_dimer_output_esmfold2_msa_nonpairing,1jq8,0.492,0.295,5.597,1.553
1jq8,44,1,0.9395,0.4276,0.9192,0.9473,0.4088,0.6946,4.2048,PepSet_dimer_output_esmfold2_msa_nonpairing,1jq8,0.624,0.477,4.205,1.247
1jq8,44,2,0.9384,0.4537,0.9191,0.9476,0.4335,0.6974,5.9667,PepSet_dimer_output_esmfold2_msa_nonpairing,1jq8,0.519,0.432,5.967,1.644
1jq8,44,3,0.9403,0.4443,0.9206,0.9475,0.4188,0.647,3.8884,PepSet_dimer_output_esmfold2_msa_nonpairing,1jq8,0.644,0.477,3.888,1.155
1jq8,44,4,0.9398,0.4285,0.9195,0.947,0.4111,0.6969,5.0592,PepSet_dimer_output_esmfold2_msa_nonpairing,1jq8,0.527,0.318,5.059,1.428
1jw6,42,0,0.9221,0.38,0.9087,0.9489,0.3931,0.5955,44.6518,PepSet_dimer_output_esmfold2_msa_nonpairing,1jw6,0.015,0.0,44.652,13.933
1jw6,42,1,0.9226,0.3548,0.9086,0.9479,0.3459,0.6753,42.6959,PepSet_dimer_output_esmfold2_msa_nonpairing,1jw6,0.017,0.0,42.696,13.308
1jw6,42,2,0.9241,0.3728,0.9105,0.9495,0.3818,0.6207,43.7931,PepSet_dimer_output_esmfold2_msa_nonpairing,1jw6,0.016,0.0,43.793,13.543
1jw6,42,3,0.92,0.3217,0.9052,0.9464,0.3117,0.5368,47.093,PepSet_dimer_output_esmfold2_msa_nonpairing,1jw6,0.014,0.0,47.093,14.565
1jw6,42,4,0.9236,0.3544,0.9095,0.9492,0.3785,0.6455,45.1411,PepSet_dimer_output_esmfold2_msa_nonpairing,1jw6,0.015,0.0,45.141,14.047
1jw6,43,0,0.9213,0.3439,0.907,0.9466,0.3413,0.7992,46.171,PepSet_dimer_output_esmfold2_msa_nonpairing,1jw6,0.015,0.0,46.171,14.237
1jw6,43,1,0.9204,0.3366,0.906,0.9465,0.3618,0.7393,45.2733,PepSet_dimer_output_esmfold2_msa_nonpairing,1jw6,0.015,0.0,45.273,13.986
1jw6,43,2,0.922,0.3149,0.907,0.9476,0.3121,0.5398,45.5927,PepSet_dimer_output_esmfold2_msa_nonpairing,1jw6,0.015,0.0,45.593,14.028
1jw6,43,3,0.9214,0.3003,0.906,0.9463,0.2856,0.5343,47.2577,PepSet_dimer_output_esmfold2_msa_nonpairing,1jw6,0.014,0.0,47.258,14.604
1jw6,43,4,0.9223,0.3633,0.9085,0.9486,0.365,0.618,45.0594,PepSet_dimer_output_esmfold2_msa_nonpairing,1jw6,0.015,0.0,45.059,14.092
1jw6,44,0,0.9233,0.333,0.9087,0.9484,0.3439,0.6346,45.6768,PepSet_dimer_output_esmfold2_msa_nonpairing,1jw6,0.015,0.0,45.677,14.124
1jw6,44,1,0.9186,0.2204,0.9014,0.9405,0.0989,0.5524,12.7128,PepSet_dimer_output_esmfold2_msa_nonpairing,1jw6,0.172,0.067,12.713,3.714
1jw6,44,2,0.9223,0.3604,0.9084,0.9486,0.3483,0.6141,43.9751,PepSet_dimer_output_esmfold2_msa_nonpairing,1jw6,0.016,0.0,43.975,13.642
1jw6,44,3,0.9229,0.3629,0.909,0.9488,0.3874,0.7003,45.4621,PepSet_dimer_output_esmfold2_msa_nonpairing,1jw6,0.015,0.0,45.462,14.202
1jw6,44,4,0.9233,0.3802,0.9099,0.9489,0.3789,0.5958,42.9884,PepSet_dimer_output_esmfold2_msa_nonpairing,1jw6,0.017,0.0,42.988,13.431
1l2z,42,0,0.7747,0.5682,0.7435,0.6568,0.384,1.2312,4.464,PepSet_dimer_output_esmfold2_msa_nonpairing,1l2z,0.593,0.679,4.464,2.197
1l2z,42,1,0.775,0.5739,0.7447,0.6604,0.3871,1.2004,2.6701,PepSet_dimer_output_esmfold2_msa_nonpairing,1l2z,0.749,0.821,2.67,1.455
1l2z,42,2,0.7802,0.5846,0.7507,0.6663,0.4001,1.1117,3.1015,PepSet_dimer_output_esmfold2_msa_nonpairing,1l2z,0.692,0.75,3.101,1.678
1l2z,42,3,0.7773,0.5731,0.7465,0.6606,0.3765,1.1217,4.1776,PepSet_dimer_output_esmfold2_msa_nonpairing,1l2z,0.649,0.786,4.178,2.012
1l2z,42,4,0.7755,0.5704,0.7446,0.6597,0.3845,1.1036,3.6673,PepSet_dimer_output_esmfold2_msa_nonpairing,1l2z,0.671,0.786,3.667,1.899
1l2z,43,0,0.7732,0.5735,0.7431,0.6557,0.3817,1.2363,3.6428,PepSet_dimer_output_esmfold2_msa_nonpairing,1l2z,0.659,0.75,3.643,1.902
1l2z,43,1,0.7795,0.5803,0.7495,0.6663,0.3961,1.1245,3.5102,PepSet_dimer_output_esmfold2_msa_nonpairing,1l2z,0.681,0.786,3.51,1.822
1l2z,43,2,0.7724,0.5725,0.7423,0.6562,0.3854,1.0971,3.4539,PepSet_dimer_output_esmfold2_msa_nonpairing,1l2z,0.663,0.714,3.454,1.774
1l2z,43,3,0.776,0.5689,0.7448,0.6597,0.37,1.1199,3.8904,PepSet_dimer_output_esmfold2_msa_nonpairing,1l2z,0.633,0.714,3.89,2.006
1l2z,43,4,0.7755,0.5674,0.7441,0.6601,0.3806,1.0574,4.1205,PepSet_dimer_output_esmfold2_msa_nonpairing,1l2z,0.607,0.679,4.121,2.127
1l2z,44,0,0.7765,0.579,0.7467,0.6612,0.3932,1.1695,4.1942,PepSet_dimer_output_esmfold2_msa_nonpairing,1l2z,0.633,0.75,4.194,2.068
1l2z,44,1,0.7705,0.5686,0.7401,0.6547,0.3791,1.2436,3.57,PepSet_dimer_output_esmfold2_msa_nonpairing,1l2z,0.682,0.786,3.57,1.799
1l2z,44,2,0.7732,0.5714,0.7428,0.6556,0.3797,1.1773,3.3958,PepSet_dimer_output_esmfold2_msa_nonpairing,1l2z,0.692,0.786,3.396,1.739
1l2z,44,3,0.7684,0.562,0.7373,0.6497,0.3719,1.1184,4.4116,PepSet_dimer_output_esmfold2_msa_nonpairing,1l2z,0.593,0.679,4.412,2.23
1l2z,44,4,0.7771,0.5712,0.7461,0.6616,0.3797,1.174,3.6274,PepSet_dimer_output_esmfold2_msa_nonpairing,1l2z,0.681,0.786,3.627,1.792
1lb6,42,0,0.9224,0.8906,0.9206,0.9444,0.9472,0.997,0.7259,PepSet_dimer_output_esmfold2_msa_nonpairing,1lb6,0.959,0.946,0.726,0.38
1lb6,42,1,0.9233,0.8905,0.9215,0.9441,0.9452,1.2677,0.8007,PepSet_dimer_output_esmfold2_msa_nonpairing,1lb6,0.96,0.946,0.801,0.374
1lb6,42,2,0.9281,0.8925,0.9262,0.9474,0.9489,2.1639,0.8627,PepSet_dimer_output_esmfold2_msa_nonpairing,1lb6,0.957,0.946,0.863,0.393
1lb6,42,3,0.9218,0.8851,0.9198,0.9438,0.9431,1.2733,0.7487,PepSet_dimer_output_esmfold2_msa_nonpairing,1lb6,0.956,0.946,0.749,0.408
1lb6,42,4,0.9208,0.89,0.9191,0.9438,0.9465,1.2106,0.8381,PepSet_dimer_output_esmfold2_msa_nonpairing,1lb6,0.958,0.946,0.838,0.389
1lb6,43,0,0.9279,0.8927,0.9259,0.9479,0.9466,2.1697,0.6429,PepSet_dimer_output_esmfold2_msa_nonpairing,1lb6,0.972,0.973,0.643,0.351
1lb6,43,1,0.9285,0.8928,0.9265,0.9476,0.9487,2.174,0.713,PepSet_dimer_output_esmfold2_msa_nonpairing,1lb6,0.97,0.973,0.713,0.364
1lb6,43,2,0.9277,0.8897,0.9256,0.9475,0.9466,2.1553,0.8573,PepSet_dimer_output_esmfold2_msa_nonpairing,1lb6,0.959,0.946,0.857,0.378
1lb6,43,3,0.922,0.8925,0.9204,0.9443,0.9475,1.196,0.7011,PepSet_dimer_output_esmfold2_msa_nonpairing,1lb6,0.97,0.973,0.701,0.367
1lb6,43,4,0.9225,0.8934,0.9209,0.9445,0.9492,1.2385,0.7829,PepSet_dimer_output_esmfold2_msa_nonpairing,1lb6,0.96,0.946,0.783,0.368
1lb6,44,0,0.9251,0.8908,0.9232,0.9466,0.948,2.1305,0.8832,PepSet_dimer_output_esmfold2_msa_nonpairing,1lb6,0.957,0.946,0.883,0.39
1lb6,44,1,0.9242,0.8881,0.9222,0.9451,0.9435,1.2793,0.8264,PepSet_dimer_output_esmfold2_msa_nonpairing,1lb6,0.955,0.946,0.826,0.421
1lb6,44,2,0.9252,0.8905,0.9233,0.9465,0.946,2.1111,0.7984,PepSet_dimer_output_esmfold2_msa_nonpairing,1lb6,0.962,0.946,0.798,0.347
1lb6,44,3,0.9238,0.8902,0.922,0.9451,0.9468,1.2992,0.6042,PepSet_dimer_output_esmfold2_msa_nonpairing,1lb6,0.963,0.946,0.604,0.349
1lb6,44,4,0.9266,0.8845,0.9243,0.9469,0.9417,2.1268,0.9933,PepSet_dimer_output_esmfold2_msa_nonpairing,1lb6,0.957,0.946,0.993,0.381
1mf4,42,0,0.9542,0.4644,0.9345,0.9571,0.4492,0.2399,6.4098,PepSet_dimer_output_esmfold2_msa_nonpairing,1mf4,0.488,0.4,6.41,1.742
1mf4,42,1,0.9534,0.4543,0.9333,0.9571,0.4525,0.2267,7.7391,PepSet_dimer_output_esmfold2_msa_nonpairing,1mf4,0.448,0.457,7.739,2.089
1mf4,42,2,0.9554,0.4698,0.9358,0.9579,0.4682,0.2268,5.6116,PepSet_dimer_output_esmfold2_msa_nonpairing,1mf4,0.549,0.457,5.612,1.524
1mf4,42,3,0.9526,0.4175,0.931,0.9554,0.4078,0.2246,4.0247,PepSet_dimer_output_esmfold2_msa_nonpairing,1mf4,0.689,0.6,4.025,1.103
1mf4,42,4,0.9533,0.4399,0.9326,0.9562,0.42,0.2422,8.742,PepSet_dimer_output_esmfold2_msa_nonpairing,1mf4,0.393,0.4,8.742,2.338
1mf4,43,0,0.9521,0.4186,0.9306,0.9541,0.3784,0.2359,3.5955,PepSet_dimer_output_esmfold2_msa_nonpairing,1mf4,0.766,0.743,3.595,0.967
1mf4,43,1,0.9485,0.4298,0.9276,0.9549,0.419,0.3357,6.4418,PepSet_dimer_output_esmfold2_msa_nonpairing,1mf4,0.55,0.6,6.442,1.784
1mf4,43,2,0.9512,0.3533,0.9271,0.9531,0.334,0.231,6.8398,PepSet_dimer_output_esmfold2_msa_nonpairing,1mf4,0.463,0.371,6.84,1.793
1mf4,43,3,0.953,0.4165,0.9314,0.956,0.4162,0.2103,4.3324,PepSet_dimer_output_esmfold2_msa_nonpairing,1mf4,0.66,0.571,4.332,1.188
1mf4,43,4,0.9532,0.42,0.9317,0.9553,0.3954,0.2224,3.1304,PepSet_dimer_output_esmfold2_msa_nonpairing,1mf4,0.782,0.714,3.13,0.862
1mf4,44,0,0.9498,0.3443,0.9254,0.9515,0.2934,0.2424,9.9294,PepSet_dimer_output_esmfold2_msa_nonpairing,1mf4,0.335,0.343,9.929,2.665
1mf4,44,1,0.9538,0.4482,0.9334,0.9566,0.4422,0.2073,5.7118,PepSet_dimer_output_esmfold2_msa_nonpairing,1mf4,0.516,0.371,5.712,1.539
1mf4,44,2,0.9537,0.438,0.9329,0.9576,0.438,0.2338,3.834,PepSet_dimer_output_esmfold2_msa_nonpairing,1mf4,0.7,0.6,3.834,1.053
1mf4,44,3,0.9544,0.4809,0.9353,0.9573,0.4599,0.2273,5.6497,PepSet_dimer_output_esmfold2_msa_nonpairing,1mf4,0.565,0.514,5.65,1.539
1mf4,44,4,0.9547,0.4728,0.9353,0.9572,0.468,0.2384,6.7735,PepSet_dimer_output_esmfold2_msa_nonpairing,1mf4,0.49,0.457,6.773,1.836
1mv0,42,0,0.7534,0.5317,0.7208,0.6927,0.3655,1.6164,7.6473,PepSet_dimer_output_esmfold2_msa_nonpairing,1mv0,0.349,0.326,7.647,3.338
1mv0,42,1,0.7569,0.5193,0.7219,0.6958,0.3532,1.6989,7.3135,PepSet_dimer_output_esmfold2_msa_nonpairing,1mv0,0.377,0.372,7.313,3.149
1mv0,42,2,0.7458,0.5227,0.7129,0.6868,0.3549,1.8211,7.1728,PepSet_dimer_output_esmfold2_msa_nonpairing,1mv0,0.363,0.326,7.173,3.215
1mv0,42,3,0.7427,0.5227,0.7103,0.6821,0.3516,1.925,10.576,PepSet_dimer_output_esmfold2_msa_nonpairing,1mv0,0.288,0.372,10.576,4.522
1mv0,42,4,0.7449,0.5254,0.7126,0.6852,0.3572,2.0558,9.0086,PepSet_dimer_output_esmfold2_msa_nonpairing,1mv0,0.325,0.372,9.009,3.862
1mv0,43,0,0.7532,0.5194,0.7188,0.6931,0.3424,1.6927,4.6572,PepSet_dimer_output_esmfold2_msa_nonpairing,1mv0,0.526,0.465,4.657,2.076
1mv0,43,1,0.7477,0.5296,0.7156,0.6872,0.3613,2.5023,7.1442,PepSet_dimer_output_esmfold2_msa_nonpairing,1mv0,0.399,0.419,7.144,3.077
1mv0,43,2,0.751,0.4883,0.7123,0.687,0.3219,1.7242,8.9056,PepSet_dimer_output_esmfold2_msa_nonpairing,1mv0,0.315,0.326,8.906,3.659
1mv0,43,3,0.7429,0.5275,0.7112,0.6819,0.3653,1.694,7.4678,PepSet_dimer_output_esmfold2_msa_nonpairing,1mv0,0.369,0.372,7.468,3.313
1mv0,43,4,0.7491,0.5146,0.7146,0.6852,0.343,1.7866,7.0865,PepSet_dimer_output_esmfold2_msa_nonpairing,1mv0,0.391,0.395,7.087,3.128
1mv0,44,0,0.7527,0.5178,0.7181,0.6909,0.3521,1.8721,8.2322,PepSet_dimer_output_esmfold2_msa_nonpairing,1mv0,0.363,0.419,8.232,3.496
1mv0,44,1,0.7546,0.5202,0.7201,0.6919,0.3529,1.7159,4.9145,PepSet_dimer_output_esmfold2_msa_nonpairing,1mv0,0.496,0.419,4.914,2.193
1mv0,44,2,0.7517,0.5109,0.7162,0.6908,0.339,1.8533,3.8091,PepSet_dimer_output_esmfold2_msa_nonpairing,1mv0,0.555,0.465,3.809,1.965
1mv0,44,3,0.7514,0.5306,0.7189,0.6917,0.3661,2.0349,9.9454,PepSet_dimer_output_esmfold2_msa_nonpairing,1mv0,0.294,0.349,9.945,4.224
1mv0,44,4,0.7543,0.5238,0.7203,0.6949,0.3501,1.7663,4.9524,PepSet_dimer_output_esmfold2_msa_nonpairing,1mv0,0.509,0.465,4.952,2.216
1nrl,42,0,0.8146,0.9065,0.8193,0.8436,0.9758,8.5647,4.1836,PepSet_dimer_output_esmfold2_msa_nonpairing,1nrl,0.897,1.0,4.184,0.535
1nrl,42,1,0.903,0.9061,0.9032,0.9198,0.9751,1.9256,0.7404,PepSet_dimer_output_esmfold2_msa_nonpairing,1nrl,0.964,1.0,0.74,0.498
1nrl,42,2,0.9021,0.9085,0.9024,0.9252,0.9761,2.1765,0.6685,PepSet_dimer_output_esmfold2_msa_nonpairing,1nrl,0.957,0.974,0.668,0.494
1nrl,42,3,0.9004,0.9081,0.9008,0.9196,0.9757,1.9815,0.7545,PepSet_dimer_output_esmfold2_msa_nonpairing,1nrl,0.949,0.974,0.755,0.55
1nrl,42,4,0.8974,0.9056,0.8978,0.9177,0.9746,2.3913,0.83,PepSet_dimer_output_esmfold2_msa_nonpairing,1nrl,0.961,1.0,0.83,0.524
1nrl,43,0,0.8992,0.9073,0.8996,0.922,0.976,2.2947,0.7547,PepSet_dimer_output_esmfold2_msa_nonpairing,1nrl,0.944,1.0,0.755,0.656
1nrl,43,1,0.8992,0.9076,0.8996,0.9198,0.9754,2.0513,0.7361,PepSet_dimer_output_esmfold2_msa_nonpairing,1nrl,0.936,0.947,0.736,0.587
1nrl,43,2,0.901,0.9069,0.9013,0.9217,0.9753,2.5287,0.6965,PepSet_dimer_output_esmfold2_msa_nonpairing,1nrl,0.952,0.947,0.696,0.457
1nrl,43,3,0.9027,0.9065,0.9029,0.9195,0.975,2.1412,0.7448,PepSet_dimer_output_esmfold2_msa_nonpairing,1nrl,0.936,0.921,0.745,0.513
1nrl,43,4,0.9046,0.9057,0.9046,0.9211,0.9744,1.8106,0.8375,PepSet_dimer_output_esmfold2_msa_nonpairing,1nrl,0.943,0.947,0.838,0.527
1nrl,44,0,0.9029,0.9065,0.903,0.9196,0.9754,1.8573,0.7677,PepSet_dimer_output_esmfold2_msa_nonpairing,1nrl,0.966,1.0,0.768,0.479
1nrl,44,1,0.9038,0.9067,0.9039,0.9213,0.9755,2.2,0.7395,PepSet_dimer_output_esmfold2_msa_nonpairing,1nrl,0.942,0.974,0.74,0.605
1nrl,44,2,0.9021,0.9081,0.9024,0.9231,0.9762,2.2556,0.6291,PepSet_dimer_output_esmfold2_msa_nonpairing,1nrl,0.961,0.974,0.629,0.456
1nrl,44,3,0.8994,0.9073,0.8998,0.9182,0.976,2.3027,0.6598,PepSet_dimer_output_esmfold2_msa_nonpairing,1nrl,0.961,0.974,0.66,0.452
1nrl,44,4,0.9038,0.9076,0.904,0.9197,0.9756,1.9298,0.7474,PepSet_dimer_output_esmfold2_msa_nonpairing,1nrl,0.956,1.0,0.747,0.564
1nvq,42,0,0.9249,0.5039,0.9171,0.9421,0.4846,1.3237,0.9392,PepSet_dimer_output_esmfold2_msa_nonpairing,1nvq,0.952,0.96,0.939,0.473
1nvq,42,1,0.9293,0.4875,0.9211,0.9466,0.4915,0.7118,1.4838,PepSet_dimer_output_esmfold2_msa_nonpairing,1nvq,0.902,0.88,1.484,0.613
1nvq,42,2,0.9208,0.1733,0.9069,0.9357,0.0959,0.6911,37.6837,PepSet_dimer_output_esmfold2_msa_nonpairing,1nvq,0.021,0.0,37.684,11.841
1nvq,42,3,0.9279,0.4786,0.9195,0.9443,0.4644,0.7701,0.914,PepSet_dimer_output_esmfold2_msa_nonpairing,1nvq,0.94,0.92,0.914,0.471
1nvq,42,4,0.9295,0.4982,0.9215,0.9465,0.4843,0.7058,0.9488,PepSet_dimer_output_esmfold2_msa_nonpairing,1nvq,0.946,0.96,0.949,0.529
1nvq,43,0,0.9288,0.4917,0.9207,0.9461,0.4857,0.7119,1.0459,PepSet_dimer_output_esmfold2_msa_nonpairing,1nvq,0.939,0.92,1.046,0.47
1nvq,43,1,0.9278,0.4762,0.9194,0.9453,0.4759,0.7276,1.2128,PepSet_dimer_output_esmfold2_msa_nonpairing,1nvq,0.915,0.88,1.213,0.54
1nvq,43,2,0.9292,0.5056,0.9213,0.9466,0.5059,0.7571,1.0394,PepSet_dimer_output_esmfold2_msa_nonpairing,1nvq,0.925,0.88,1.039,0.468
1nvq,43,3,0.9288,0.4818,0.9205,0.9462,0.4785,0.6952,1.0999,PepSet_dimer_output_esmfold2_msa_nonpairing,1nvq,0.91,0.84,1.1,0.478
1nvq,43,4,0.9265,0.2602,0.9141,0.9393,0.169,0.6996,20.1277,PepSet_dimer_output_esmfold2_msa_nonpairing,1nvq,0.067,0.0,20.128,6.508
1nvq,44,0,0.9283,0.4911,0.9202,0.9449,0.4782,0.7031,1.0924,PepSet_dimer_output_esmfold2_msa_nonpairing,1nvq,0.94,0.92,1.092,0.452
1nvq,44,1,0.928,0.4721,0.9195,0.9449,0.4614,0.7349,1.1527,PepSet_dimer_output_esmfold2_msa_nonpairing,1nvq,0.922,0.88,1.153,0.487
1nvq,44,2,0.9286,0.4797,0.9202,0.9458,0.4752,0.7436,1.1189,PepSet_dimer_output_esmfold2_msa_nonpairing,1nvq,0.917,0.88,1.119,0.53
1nvq,44,3,0.9294,0.4801,0.921,0.9464,0.4797,0.6757,1.3668,PepSet_dimer_output_esmfold2_msa_nonpairing,1nvq,0.911,0.88,1.367,0.558
1nvq,44,4,0.9199,0.2596,0.9076,0.9325,0.1666,1.9984,20.6836,PepSet_dimer_output_esmfold2_msa_nonpairing,1nvq,0.063,0.0,20.684,6.905
1o0p,42,0,0.7438,0.5176,0.7187,0.6942,0.4009,2.1062,6.3521,PepSet_dimer_output_esmfold2_msa_nonpairing,1o0p,0.49,0.575,6.352,2.583
1o0p,42,1,0.7455,0.5027,0.7185,0.6947,0.3994,2.0984,6.4062,PepSet_dimer_output_esmfold2_msa_nonpairing,1o0p,0.473,0.55,6.406,2.724
1o0p,42,2,0.7412,0.5055,0.715,0.69,0.4038,1.7383,6.5769,PepSet_dimer_output_esmfold2_msa_nonpairing,1o0p,0.468,0.575,6.577,2.961
1o0p,42,3,0.7421,0.4971,0.7148,0.6903,0.3904,2.1237,9.9297,PepSet_dimer_output_esmfold2_msa_nonpairing,1o0p,0.344,0.5,9.93,4.309
1o0p,42,4,0.7452,0.5007,0.718,0.6946,0.4061,2.1365,8.6683,PepSet_dimer_output_esmfold2_msa_nonpairing,1o0p,0.379,0.5,8.668,3.622
1o0p,43,0,0.7448,0.4994,0.7175,0.6923,0.4026,2.0721,10.1956,PepSet_dimer_output_esmfold2_msa_nonpairing,1o0p,0.331,0.475,10.196,4.335
1o0p,43,1,0.7469,0.5099,0.7206,0.6976,0.4164,1.7969,7.0737,PepSet_dimer_output_esmfold2_msa_nonpairing,1o0p,0.43,0.5,7.074,2.994
1o0p,43,2,0.7409,0.5151,0.7158,0.6897,0.3981,1.8658,5.8436,PepSet_dimer_output_esmfold2_msa_nonpairing,1o0p,0.491,0.525,5.844,2.47
1o0p,43,3,0.7413,0.5072,0.7153,0.6924,0.3992,1.7901,8.5413,PepSet_dimer_output_esmfold2_msa_nonpairing,1o0p,0.379,0.5,8.541,3.712
1o0p,43,4,0.7461,0.5017,0.7189,0.6947,0.3989,1.8799,6.9355,PepSet_dimer_output_esmfold2_msa_nonpairing,1o0p,0.457,0.575,6.935,3.041
1o0p,44,0,0.741,0.5061,0.7149,0.6904,0.4026,1.903,6.8777,PepSet_dimer_output_esmfold2_msa_nonpairing,1o0p,0.456,0.575,6.878,3.103
1o0p,44,1,0.7464,0.4916,0.7181,0.6951,0.3906,2.04,6.8529,PepSet_dimer_output_esmfold2_msa_nonpairing,1o0p,0.443,0.525,6.853,3.007
1o0p,44,2,0.746,0.5026,0.719,0.6931,0.4164,1.902,5.4764,PepSet_dimer_output_esmfold2_msa_nonpairing,1o0p,0.533,0.6,5.476,2.338
1o0p,44,3,0.7411,0.4908,0.7133,0.6896,0.3852,2.0639,8.0182,PepSet_dimer_output_esmfold2_msa_nonpairing,1o0p,0.396,0.5,8.018,3.449
1o0p,44,4,0.7413,0.5001,0.7145,0.6901,0.3958,1.8958,5.3657,PepSet_dimer_output_esmfold2_msa_nonpairing,1o0p,0.521,0.525,5.366,2.171
1p7v,42,0,0.9567,0.431,0.9438,0.9716,0.548,0.1641,4.6607,PepSet_dimer_output_esmfold2_msa_nonpairing,1p7v,0.651,0.612,4.661,1.298
1p7v,42,1,0.9576,0.404,0.944,0.9721,0.5137,0.171,3.8195,PepSet_dimer_output_esmfold2_msa_nonpairing,1p7v,0.703,0.612,3.819,1.064
1p7v,42,2,0.9568,0.4826,0.9452,0.9712,0.5991,0.1775,4.7464,PepSet_dimer_output_esmfold2_msa_nonpairing,1p7v,0.639,0.592,4.746,1.323
1p7v,42,3,0.9586,0.39,0.9446,0.9733,0.4998,0.1552,6.0915,PepSet_dimer_output_esmfold2_msa_nonpairing,1p7v,0.471,0.306,6.091,1.674
1p7v,42,4,0.956,0.3848,0.942,0.9724,0.4778,0.1666,11.3229,PepSet_dimer_output_esmfold2_msa_nonpairing,1p7v,0.288,0.327,11.323,3.227
1p7v,43,0,0.9571,0.4699,0.9452,0.9709,0.5853,0.1653,4.223,PepSet_dimer_output_esmfold2_msa_nonpairing,1p7v,0.678,0.612,4.223,1.175
1p7v,43,1,0.9563,0.4851,0.9448,0.9711,0.6001,0.1706,4.2588,PepSet_dimer_output_esmfold2_msa_nonpairing,1p7v,0.668,0.592,4.259,1.19
1p7v,43,2,0.958,0.4048,0.9445,0.9731,0.519,0.17,3.1936,PepSet_dimer_output_esmfold2_msa_nonpairing,1p7v,0.741,0.612,3.194,0.905
1p7v,43,3,0.9575,0.4225,0.9444,0.9719,0.5254,0.1739,4.1582,PepSet_dimer_output_esmfold2_msa_nonpairing,1p7v,0.674,0.592,4.158,1.165
1p7v,43,4,0.9578,0.3504,0.9429,0.9732,0.452,0.1643,6.2241,PepSet_dimer_output_esmfold2_msa_nonpairing,1p7v,0.47,0.327,6.224,1.721
1p7v,44,0,0.9575,0.3734,0.9432,0.9742,0.4939,0.1697,5.1978,PepSet_dimer_output_esmfold2_msa_nonpairing,1p7v,0.544,0.388,5.198,1.452
1p7v,44,1,0.9568,0.4786,0.9451,0.9716,0.5907,0.1754,4.5763,PepSet_dimer_output_esmfold2_msa_nonpairing,1p7v,0.648,0.592,4.576,1.282
1p7v,44,2,0.9586,0.3413,0.9434,0.9735,0.4576,0.1609,7.7125,PepSet_dimer_output_esmfold2_msa_nonpairing,1p7v,0.367,0.224,7.713,2.141
1p7v,44,3,0.9562,0.4509,0.9438,0.9713,0.5622,0.1693,5.101,PepSet_dimer_output_esmfold2_msa_nonpairing,1p7v,0.611,0.571,5.101,1.421
1p7v,44,4,0.9575,0.3613,0.9429,0.9726,0.4646,0.1591,6.1126,PepSet_dimer_output_esmfold2_msa_nonpairing,1p7v,0.489,0.367,6.113,1.694
1pmx,42,0,0.6779,0.7523,0.6917,0.6206,0.6677,5.198,4.3133,PepSet_dimer_output_esmfold2_msa_nonpairing,1pmx,0.737,0.826,4.313,1.253
1pmx,42,1,0.6835,0.7494,0.6958,0.6213,0.6615,3.6458,3.5052,PepSet_dimer_output_esmfold2_msa_nonpairing,1pmx,0.71,0.826,3.505,1.666
1pmx,42,2,0.6896,0.7529,0.7014,0.6263,0.6636,2.9304,2.7502,PepSet_dimer_output_esmfold2_msa_nonpairing,1pmx,0.725,0.783,2.75,1.536
1pmx,42,3,0.6646,0.7078,0.6727,0.5835,0.5737,4.1089,4.3692,PepSet_dimer_output_esmfold2_msa_nonpairing,1pmx,0.748,0.87,4.369,1.266
1pmx,42,4,0.6764,0.7374,0.6877,0.6144,0.6491,5.7489,3.028,PepSet_dimer_output_esmfold2_msa_nonpairing,1pmx,0.78,0.87,3.028,1.265
1pmx,43,0,0.6776,0.7458,0.6903,0.6145,0.6529,4.6682,5.8309,PepSet_dimer_output_esmfold2_msa_nonpairing,1pmx,0.676,0.87,5.831,1.563
1pmx,43,1,0.6757,0.7415,0.6879,0.6112,0.6467,3.9017,3.253,PepSet_dimer_output_esmfold2_msa_nonpairing,1pmx,0.721,0.783,3.253,1.476
1pmx,43,2,0.6753,0.7459,0.6884,0.6127,0.6625,5.8417,4.207,PepSet_dimer_output_esmfold2_msa_nonpairing,1pmx,0.662,0.826,4.207,2.011
1pmx,43,3,0.6838,0.7519,0.6965,0.6233,0.6649,4.1752,4.3438,PepSet_dimer_output_esmfold2_msa_nonpairing,1pmx,0.704,0.826,4.344,1.521
1pmx,43,4,0.6848,0.7487,0.6967,0.6224,0.6592,4.396,3.3129,PepSet_dimer_output_esmfold2_msa_nonpairing,1pmx,0.779,0.87,3.313,1.225
1pmx,44,0,0.6771,0.7545,0.6915,0.6123,0.6642,6.4167,3.3094,PepSet_dimer_output_esmfold2_msa_nonpairing,1pmx,0.722,0.826,3.309,1.59
1pmx,44,1,0.6842,0.7385,0.6943,0.6161,0.6412,5.013,3.2728,PepSet_dimer_output_esmfold2_msa_nonpairing,1pmx,0.742,0.826,3.273,1.411
1pmx,44,2,0.6826,0.7278,0.691,0.6117,0.6231,5.8247,3.7314,PepSet_dimer_output_esmfold2_msa_nonpairing,1pmx,0.719,0.739,3.731,1.274
1pmx,44,3,0.6884,0.7526,0.7003,0.6229,0.6646,5.2632,3.6326,PepSet_dimer_output_esmfold2_msa_nonpairing,1pmx,0.755,0.826,3.633,1.242
1pmx,44,4,0.6873,0.754,0.6997,0.6232,0.6669,5.8735,4.0574,PepSet_dimer_output_esmfold2_msa_nonpairing,1pmx,0.704,0.783,4.057,1.46
1r17,42,0,0.9497,0.8997,0.948,0.957,0.9724,0.5825,0.5997,PepSet_dimer_output_esmfold2_msa_nonpairing,1r17,0.935,0.988,0.6,0.699
1r17,42,1,0.9503,0.9024,0.9487,0.9574,0.9734,0.7007,0.6158,PepSet_dimer_output_esmfold2_msa_nonpairing,1r17,0.933,1.0,0.616,0.737
1r17,42,2,0.9472,0.8917,0.9453,0.953,0.9687,0.6839,0.6733,PepSet_dimer_output_esmfold2_msa_nonpairing,1r17,0.902,0.953,0.673,0.842
1r17,42,3,0.9493,0.8972,0.9476,0.9554,0.9707,0.6868,0.6181,PepSet_dimer_output_esmfold2_msa_nonpairing,1r17,0.938,0.988,0.618,0.675
1r17,42,4,0.9489,0.9,0.9472,0.9565,0.9723,0.6489,0.5957,PepSet_dimer_output_esmfold2_msa_nonpairing,1r17,0.928,0.988,0.596,0.749
1r17,43,0,0.9489,0.8893,0.9469,0.9561,0.9681,0.6446,0.6843,PepSet_dimer_output_esmfold2_msa_nonpairing,1r17,0.923,0.988,0.684,0.781
1r17,43,1,0.9492,0.8982,0.9475,0.9564,0.9713,0.6902,0.6603,PepSet_dimer_output_esmfold2_msa_nonpairing,1r17,0.915,0.976,0.66,0.807
1r17,43,2,0.9487,0.8985,0.947,0.9554,0.972,0.6724,0.739,PepSet_dimer_output_esmfold2_msa_nonpairing,1r17,0.933,0.988,0.739,0.707
1r17,43,3,0.9492,0.8985,0.9475,0.9572,0.9722,0.5666,0.5756,PepSet_dimer_output_esmfold2_msa_nonpairing,1r17,0.939,1.0,0.576,0.7
1r17,43,4,0.9497,0.901,0.9481,0.9568,0.9726,0.6238,0.7535,PepSet_dimer_output_esmfold2_msa_nonpairing,1r17,0.931,0.988,0.753,0.723
1r17,44,0,0.9488,0.8983,0.9471,0.9563,0.9728,0.697,0.5713,PepSet_dimer_output_esmfold2_msa_nonpairing,1r17,0.931,0.988,0.571,0.728
1r17,44,1,0.9494,0.9011,0.9478,0.9563,0.9728,0.5678,0.5133,PepSet_dimer_output_esmfold2_msa_nonpairing,1r17,0.943,1.0,0.513,0.671
1r17,44,2,0.9485,0.9007,0.9469,0.9565,0.9728,0.7835,0.6119,PepSet_dimer_output_esmfold2_msa_nonpairing,1r17,0.885,0.988,0.612,1.045
1r17,44,3,0.9489,0.8996,0.9473,0.9561,0.9721,0.6048,0.5691,PepSet_dimer_output_esmfold2_msa_nonpairing,1r17,0.934,1.0,0.569,0.734
1r17,44,4,0.9492,0.8995,0.9476,0.9565,0.9719,0.6302,0.6063,PepSet_dimer_output_esmfold2_msa_nonpairing,1r17,0.928,1.0,0.606,0.775
1rxz,42,0,0.9407,0.861,0.9373,0.9629,0.9557,0.6379,0.8509,PepSet_dimer_output_esmfold2_msa_nonpairing,1rxz,0.915,0.926,0.851,0.679
1rxz,42,1,0.941,0.8568,0.9373,0.9624,0.9535,0.5856,0.9629,PepSet_dimer_output_esmfold2_msa_nonpairing,1rxz,0.903,0.889,0.963,0.675
1rxz,42,2,0.9409,0.859,0.9374,0.9629,0.954,0.6293,0.9407,PepSet_dimer_output_esmfold2_msa_nonpairing,1rxz,0.886,0.87,0.941,0.75
1rxz,42,3,0.9416,0.8594,0.938,0.9622,0.9539,0.6854,1.0151,PepSet_dimer_output_esmfold2_msa_nonpairing,1rxz,0.901,0.907,1.015,0.728
1rxz,42,4,0.9412,0.8613,0.9378,0.9629,0.9561,0.6053,0.9932,PepSet_dimer_output_esmfold2_msa_nonpairing,1rxz,0.905,0.889,0.993,0.658
1rxz,43,0,0.9412,0.8627,0.9378,0.9633,0.9572,0.6066,1.2806,PepSet_dimer_output_esmfold2_msa_nonpairing,1rxz,0.882,0.87,1.281,0.756
1rxz,43,1,0.9395,0.8475,0.9356,0.9606,0.9501,0.7198,1.124,PepSet_dimer_output_esmfold2_msa_nonpairing,1rxz,0.907,0.907,1.124,0.677
1rxz,43,2,0.9412,0.8546,0.9375,0.9628,0.9526,0.6598,1.1196,PepSet_dimer_output_esmfold2_msa_nonpairing,1rxz,0.904,0.926,1.12,0.743
1rxz,43,3,0.9401,0.8595,0.9367,0.9622,0.9563,0.6895,1.3422,PepSet_dimer_output_esmfold2_msa_nonpairing,1rxz,0.889,0.944,1.342,0.875
1rxz,43,4,0.9418,0.8551,0.938,0.9623,0.9524,0.7514,1.2827,PepSet_dimer_output_esmfold2_msa_nonpairing,1rxz,0.893,0.944,1.283,0.847
1rxz,44,0,0.9414,0.8562,0.9378,0.9616,0.9537,0.7317,1.1085,PepSet_dimer_output_esmfold2_msa_nonpairing,1rxz,0.9,0.907,1.109,0.727
1rxz,44,1,0.9419,0.8627,0.9385,0.9634,0.9561,0.6507,1.0839,PepSet_dimer_output_esmfold2_msa_nonpairing,1rxz,0.901,0.926,1.084,0.767
1rxz,44,2,0.9409,0.8608,0.9375,0.9624,0.9553,0.608,0.9433,PepSet_dimer_output_esmfold2_msa_nonpairing,1rxz,0.906,0.926,0.943,0.741
1rxz,44,3,0.9404,0.8585,0.9369,0.961,0.9561,0.7901,1.103,PepSet_dimer_output_esmfold2_msa_nonpairing,1rxz,0.891,0.944,1.103,0.874
1rxz,44,4,0.9416,0.8611,0.9382,0.9628,0.9565,0.652,0.8632,PepSet_dimer_output_esmfold2_msa_nonpairing,1rxz,0.908,0.907,0.863,0.685
1t74,42,0,0.9513,0.7892,0.9463,0.9712,0.8961,0.4359,1.4131,PepSet_dimer_output_esmfold2_msa_nonpairing,1t74,0.907,0.857,1.413,0.523
1t74,42,1,0.9503,0.777,0.9449,0.9705,0.8854,0.4578,1.6645,PepSet_dimer_output_esmfold2_msa_nonpairing,1t74,0.881,0.821,1.665,0.606
1t74,42,2,0.9509,0.7837,0.9457,0.9709,0.8925,0.444,1.4603,PepSet_dimer_output_esmfold2_msa_nonpairing,1t74,0.905,0.857,1.46,0.536
1t74,42,3,0.9502,0.7734,0.9447,0.9703,0.8846,0.4308,1.1203,PepSet_dimer_output_esmfold2_msa_nonpairing,1t74,0.942,0.929,1.12,0.463
1t74,42,4,0.9515,0.7815,0.9462,0.9711,0.8894,0.4076,1.4919,PepSet_dimer_output_esmfold2_msa_nonpairing,1t74,0.929,0.929,1.492,0.536
1t74,43,0,0.95,0.7733,0.9445,0.9707,0.8825,0.4543,1.806,PepSet_dimer_output_esmfold2_msa_nonpairing,1t74,0.873,0.821,1.806,0.65
1t74,43,1,0.9503,0.7752,0.9448,0.9705,0.8848,0.4516,1.6453,PepSet_dimer_output_esmfold2_msa_nonpairing,1t74,0.884,0.821,1.645,0.587
1t74,43,2,0.9508,0.7866,0.9457,0.9706,0.8946,0.4422,1.4779,PepSet_dimer_output_esmfold2_msa_nonpairing,1t74,0.919,0.893,1.478,0.519
1t74,43,3,0.9506,0.783,0.9454,0.9706,0.8912,0.4911,1.3659,PepSet_dimer_output_esmfold2_msa_nonpairing,1t74,0.897,0.821,1.366,0.516
1t74,43,4,0.9493,0.7499,0.9431,0.9693,0.8633,0.4368,0.7838,PepSet_dimer_output_esmfold2_msa_nonpairing,1t74,0.956,0.929,0.784,0.352
1t74,44,0,0.9508,0.779,0.9455,0.9708,0.8905,0.4516,1.6896,PepSet_dimer_output_esmfold2_msa_nonpairing,1t74,0.893,0.857,1.69,0.607
1t74,44,1,0.9503,0.786,0.9452,0.9704,0.8944,0.4343,1.5368,PepSet_dimer_output_esmfold2_msa_nonpairing,1t74,0.885,0.821,1.537,0.595
1t74,44,2,0.9513,0.7778,0.9459,0.971,0.8867,0.4228,1.9922,PepSet_dimer_output_esmfold2_msa_nonpairing,1t74,0.862,0.821,1.992,0.712
1t74,44,3,0.9506,0.7848,0.9454,0.9706,0.8952,0.4505,1.4936,PepSet_dimer_output_esmfold2_msa_nonpairing,1t74,0.89,0.821,1.494,0.555
1t74,44,4,0.9498,0.7726,0.9443,0.9699,0.8813,0.4357,1.1441,PepSet_dimer_output_esmfold2_msa_nonpairing,1t74,0.944,0.929,1.144,0.441
1v1t,42,0,0.9355,0.8721,0.9336,0.8487,0.9246,0.8719,1.2498,PepSet_dimer_output_esmfold2_msa_nonpairing,1v1t,0.967,1.0,1.25,0.433
1v1t,42,1,0.9384,0.8831,0.9368,0.8585,0.934,0.6195,0.8915,PepSet_dimer_output_esmfold2_msa_nonpairing,1v1t,0.963,0.96,0.892,0.379
1v1t,42,2,0.9372,0.8821,0.9355,0.8492,0.9324,0.5832,1.2305,PepSet_dimer_output_esmfold2_msa_nonpairing,1v1t,0.971,1.0,1.23,0.399
1v1t,42,3,0.9389,0.8865,0.9374,0.8639,0.9388,0.6087,0.6588,PepSet_dimer_output_esmfold2_msa_nonpairing,1v1t,0.982,1.0,0.659,0.341
1v1t,42,4,0.9354,0.8855,0.9339,0.8586,0.9397,0.4906,0.6847,PepSet_dimer_output_esmfold2_msa_nonpairing,1v1t,0.978,1.0,0.685,0.374
1v1t,43,0,0.9355,0.8638,0.9333,0.8571,0.9187,0.7029,0.7407,PepSet_dimer_output_esmfold2_msa_nonpairing,1v1t,0.963,0.96,0.741,0.387
1v1t,43,1,0.9346,0.888,0.9332,0.8536,0.9383,0.7869,0.7904,PepSet_dimer_output_esmfold2_msa_nonpairing,1v1t,0.963,0.96,0.79,0.392
1v1t,43,2,0.9388,0.8838,0.9371,0.8652,0.9385,0.5042,0.5065,PepSet_dimer_output_esmfold2_msa_nonpairing,1v1t,0.984,1.0,0.506,0.319
1v1t,43,3,0.9384,0.8872,0.9369,0.8647,0.9402,0.6783,0.6536,PepSet_dimer_output_esmfold2_msa_nonpairing,1v1t,0.983,1.0,0.654,0.326
1v1t,43,4,0.9349,0.8607,0.9327,0.8577,0.9109,0.6555,0.8081,PepSet_dimer_output_esmfold2_msa_nonpairing,1v1t,0.98,1.0,0.808,0.344
1v1t,44,0,0.9378,0.8673,0.9357,0.8704,0.9207,0.5821,0.8378,PepSet_dimer_output_esmfold2_msa_nonpairing,1v1t,0.974,1.0,0.838,0.407
1v1t,44,1,0.9345,0.8727,0.9327,0.855,0.9246,0.7621,0.6421,PepSet_dimer_output_esmfold2_msa_nonpairing,1v1t,0.964,0.96,0.642,0.385
1v1t,44,2,0.9344,0.8696,0.9325,0.8479,0.9235,0.8621,0.9397,PepSet_dimer_output_esmfold2_msa_nonpairing,1v1t,0.973,1.0,0.94,0.404
1v1t,44,3,0.9386,0.8823,0.9369,0.868,0.936,0.5668,0.6751,PepSet_dimer_output_esmfold2_msa_nonpairing,1v1t,0.964,0.96,0.675,0.382
1v1t,44,4,0.937,0.8781,0.9352,0.8592,0.9292,0.7774,0.6617,PepSet_dimer_output_esmfold2_msa_nonpairing,1v1t,0.968,0.96,0.662,0.343
1w80,42,0,0.9472,0.8597,0.9445,0.9577,0.924,0.8039,1.5116,PepSet_dimer_output_esmfold2_msa_nonpairing,1w80,0.931,0.962,1.512,0.6
1w80,42,1,0.9475,0.8531,0.9445,0.9585,0.9179,0.6494,1.3369,PepSet_dimer_output_esmfold2_msa_nonpairing,1w80,0.925,0.923,1.337,0.563
1w80,42,2,0.9486,0.8604,0.9459,0.9593,0.9228,0.7611,1.7491,PepSet_dimer_output_esmfold2_msa_nonpairing,1w80,0.909,0.923,1.749,0.643
1w80,42,3,0.9477,0.8605,0.9449,0.958,0.9229,0.7129,1.5709,PepSet_dimer_output_esmfold2_msa_nonpairing,1w80,0.917,0.923,1.571,0.6
1w80,42,4,0.9482,0.8598,0.9454,0.9592,0.9239,0.8058,1.6108,PepSet_dimer_output_esmfold2_msa_nonpairing,1w80,0.925,0.962,1.611,0.635
1w80,43,0,0.9484,0.8592,0.9456,0.9594,0.9227,0.7668,1.6148,PepSet_dimer_output_esmfold2_msa_nonpairing,1w80,0.925,0.962,1.615,0.632
1w80,43,1,0.9475,0.8575,0.9447,0.9584,0.9225,0.6836,1.3951,PepSet_dimer_output_esmfold2_msa_nonpairing,1w80,0.936,0.962,1.395,0.572
1w80,43,2,0.9479,0.8588,0.9451,0.9585,0.9226,0.7584,1.7132,PepSet_dimer_output_esmfold2_msa_nonpairing,1w80,0.923,0.962,1.713,0.642
1w80,43,3,0.9471,0.8397,0.9437,0.9583,0.9089,0.772,1.2553,PepSet_dimer_output_esmfold2_msa_nonpairing,1w80,0.949,0.962,1.255,0.481
1w80,43,4,0.9477,0.8595,0.9449,0.9591,0.9224,0.7382,1.5619,PepSet_dimer_output_esmfold2_msa_nonpairing,1w80,0.916,0.923,1.562,0.612
1w80,44,0,0.9477,0.8575,0.9448,0.9584,0.9201,0.7167,1.5943,PepSet_dimer_output_esmfold2_msa_nonpairing,1w80,0.926,0.962,1.594,0.626
1w80,44,1,0.9474,0.8599,0.9447,0.9587,0.9232,0.7682,1.7219,PepSet_dimer_output_esmfold2_msa_nonpairing,1w80,0.921,0.962,1.722,0.652
1w80,44,2,0.948,0.8582,0.9452,0.9595,0.9227,0.778,1.6101,PepSet_dimer_output_esmfold2_msa_nonpairing,1w80,0.915,0.923,1.61,0.612
1w80,44,3,0.9478,0.8603,0.9451,0.9591,0.9242,0.6851,1.6658,PepSet_dimer_output_esmfold2_msa_nonpairing,1w80,0.92,0.962,1.666,0.669
1w80,44,4,0.9478,0.8613,0.9451,0.9588,0.9243,0.8002,1.6942,PepSet_dimer_output_esmfold2_msa_nonpairing,1w80,0.923,0.962,1.694,0.642
1yfn,42,0,0.9236,0.6114,0.8794,0.8929,0.6738,1.0187,7.1389,PepSet_dimer_output_esmfold2_msa_nonpairing,1yfn,0.471,0.642,7.139,3.153
1yfn,42,1,0.9212,0.6092,0.877,0.8888,0.6858,0.8074,6.8509,PepSet_dimer_output_esmfold2_msa_nonpairing,1yfn,0.453,0.547,6.851,2.94
1yfn,42,2,0.9438,0.797,0.923,0.9311,0.8383,0.5449,2.9182,PepSet_dimer_output_esmfold2_msa_nonpairing,1yfn,0.785,0.906,2.918,1.342
1yfn,42,3,0.9467,0.8375,0.9312,0.9397,0.8653,1.0315,3.1183,PepSet_dimer_output_esmfold2_msa_nonpairing,1yfn,0.796,0.943,3.118,1.32
1yfn,42,4,0.9217,0.5941,0.8753,0.8883,0.676,1.0079,2.3171,PepSet_dimer_output_esmfold2_msa_nonpairing,1yfn,0.8,0.792,2.317,1.034
1yfn,43,0,0.9228,0.6016,0.8773,0.8914,0.7185,0.8578,6.594,PepSet_dimer_output_esmfold2_msa_nonpairing,1yfn,0.472,0.585,6.594,2.945
1yfn,43,1,0.9441,0.8146,0.9257,0.9358,0.8428,1.0364,2.0656,PepSet_dimer_output_esmfold2_msa_nonpairing,1yfn,0.865,0.906,2.066,0.879
1yfn,43,2,0.9442,0.8069,0.9248,0.9342,0.8324,0.929,2.8652,PepSet_dimer_output_esmfold2_msa_nonpairing,1yfn,0.772,0.83,2.865,1.256
1yfn,43,3,0.9462,0.8161,0.9278,0.9354,0.8396,1.0491,3.0236,PepSet_dimer_output_esmfold2_msa_nonpairing,1yfn,0.781,0.906,3.024,1.361
1yfn,43,4,0.9228,0.6095,0.8784,0.8919,0.6901,0.8314,3.6367,PepSet_dimer_output_esmfold2_msa_nonpairing,1yfn,0.635,0.623,3.637,1.705
1yfn,44,0,0.9204,0.6029,0.8754,0.8899,0.6889,0.8216,4.0886,PepSet_dimer_output_esmfold2_msa_nonpairing,1yfn,0.624,0.679,4.089,1.918
1yfn,44,1,0.9262,0.625,0.8835,0.8964,0.7242,1.0169,6.1955,PepSet_dimer_output_esmfold2_msa_nonpairing,1yfn,0.496,0.604,6.196,2.741
1yfn,44,2,0.9236,0.6013,0.8779,0.8928,0.7004,0.9108,2.9323,PepSet_dimer_output_esmfold2_msa_nonpairing,1yfn,0.737,0.774,2.932,1.372
1yfn,44,3,0.9235,0.608,0.8788,0.8917,0.6848,0.9304,2.7663,PepSet_dimer_output_esmfold2_msa_nonpairing,1yfn,0.714,0.679,2.766,1.331
1yfn,44,4,0.9247,0.6115,0.8803,0.894,0.7064,1.0617,3.9626,PepSet_dimer_output_esmfold2_msa_nonpairing,1yfn,0.61,0.623,3.963,1.887
1ywi,42,0,0.9005,0.9121,0.9025,0.767,0.7073,1.0307,1.4514,PepSet_dimer_output_esmfold2_msa_nonpairing,1ywi,0.833,0.842,1.451,1.014
1ywi,42,1,0.8964,0.9085,0.8985,0.7619,0.6985,0.9689,1.2621,PepSet_dimer_output_esmfold2_msa_nonpairing,1ywi,0.863,0.895,1.262,0.943
1ywi,42,2,0.8989,0.913,0.9014,0.766,0.7068,1.0094,1.4641,PepSet_dimer_output_esmfold2_msa_nonpairing,1ywi,0.835,0.842,1.464,1.002
1ywi,42,3,0.8952,0.9104,0.8979,0.7589,0.7021,1.0076,1.1035,PepSet_dimer_output_esmfold2_msa_nonpairing,1ywi,0.868,0.895,1.103,0.923
1ywi,42,4,0.9008,0.9127,0.9029,0.7667,0.7075,1.0572,1.408,PepSet_dimer_output_esmfold2_msa_nonpairing,1ywi,0.835,0.842,1.408,1.005
1ywi,43,0,0.8987,0.9119,0.901,0.7648,0.7051,1.0257,1.4001,PepSet_dimer_output_esmfold2_msa_nonpairing,1ywi,0.834,0.842,1.4,1.017
1ywi,43,1,0.9006,0.9128,0.9028,0.7687,0.7067,0.9739,1.3361,PepSet_dimer_output_esmfold2_msa_nonpairing,1ywi,0.86,0.895,1.336,0.96
1ywi,43,2,0.8985,0.9093,0.9004,0.7638,0.6987,1.0188,1.2706,PepSet_dimer_output_esmfold2_msa_nonpairing,1ywi,0.858,0.895,1.271,0.977
1ywi,43,3,0.898,0.911,0.9003,0.7629,0.7018,0.982,1.363,PepSet_dimer_output_esmfold2_msa_nonpairing,1ywi,0.861,0.895,1.363,0.954
1ywi,43,4,0.8981,0.9115,0.9005,0.7641,0.7045,1.0108,1.1838,PepSet_dimer_output_esmfold2_msa_nonpairing,1ywi,0.865,0.895,1.184,0.936
1ywi,44,0,0.8991,0.9138,0.9017,0.7662,0.7066,0.9905,1.3117,PepSet_dimer_output_esmfold2_msa_nonpairing,1ywi,0.862,0.895,1.312,0.947
1ywi,44,1,0.8959,0.9092,0.8983,0.7613,0.6991,0.9951,1.1935,PepSet_dimer_output_esmfold2_msa_nonpairing,1ywi,0.866,0.895,1.194,0.931
1ywi,44,2,0.8935,0.9024,0.8951,0.7578,0.6916,1.0213,1.4386,PepSet_dimer_output_esmfold2_msa_nonpairing,1ywi,0.85,0.895,1.439,1.02
1ywi,44,3,0.8986,0.9121,0.901,0.7649,0.7046,1.0288,1.2398,PepSet_dimer_output_esmfold2_msa_nonpairing,1ywi,0.859,0.895,1.24,0.977
1ywi,44,4,0.8971,0.9087,0.8992,0.7628,0.7049,1.0467,1.3679,PepSet_dimer_output_esmfold2_msa_nonpairing,1ywi,0.854,0.895,1.368,1.002
1ywo,42,0,0.9517,0.8373,0.9341,0.929,0.7791,0.2832,1.2316,PepSet_dimer_output_esmfold2_msa_nonpairing,1ywo,0.936,0.96,1.232,0.583
1ywo,42,1,0.9517,0.8333,0.9335,0.9289,0.7755,0.3008,1.0105,PepSet_dimer_output_esmfold2_msa_nonpairing,1ywo,0.95,0.96,1.01,0.488
1ywo,42,2,0.9537,0.8435,0.9368,0.9323,0.7916,0.3071,1.1311,PepSet_dimer_output_esmfold2_msa_nonpairing,1ywo,0.939,0.96,1.131,0.567
1ywo,42,3,0.9481,0.7892,0.9237,0.9151,0.6851,0.2613,3.3617,PepSet_dimer_output_esmfold2_msa_nonpairing,1ywo,0.778,0.96,3.362,1.475
1ywo,42,4,0.9542,0.8429,0.9371,0.9321,0.7896,0.298,1.2083,PepSet_dimer_output_esmfold2_msa_nonpairing,1ywo,0.937,0.96,1.208,0.582
1ywo,43,0,0.9524,0.8269,0.9331,0.9264,0.7594,0.2727,1.5646,PepSet_dimer_output_esmfold2_msa_nonpairing,1ywo,0.91,0.96,1.565,0.747
1ywo,43,1,0.9519,0.837,0.9342,0.9292,0.7763,0.2835,1.4747,PepSet_dimer_output_esmfold2_msa_nonpairing,1ywo,0.921,0.96,1.475,0.672
1ywo,43,2,0.9532,0.8436,0.9363,0.9315,0.7891,0.302,1.0742,PepSet_dimer_output_esmfold2_msa_nonpairing,1ywo,0.945,0.96,1.074,0.525
1ywo,43,3,0.9519,0.8346,0.9338,0.9276,0.7721,0.2691,1.5958,PepSet_dimer_output_esmfold2_msa_nonpairing,1ywo,0.911,0.96,1.596,0.735
1ywo,43,4,0.9534,0.8448,0.9367,0.9321,0.7917,0.2962,1.1921,PepSet_dimer_output_esmfold2_msa_nonpairing,1ywo,0.937,0.96,1.192,0.578
1ywo,44,0,0.9522,0.839,0.9348,0.9295,0.7826,0.2275,1.1103,PepSet_dimer_output_esmfold2_msa_nonpairing,1ywo,0.943,0.96,1.11,0.539
1ywo,44,1,0.9533,0.8444,0.9366,0.9325,0.793,0.2715,1.1299,PepSet_dimer_output_esmfold2_msa_nonpairing,1ywo,0.941,0.96,1.13,0.553
1ywo,44,2,0.9538,0.8479,0.9375,0.9318,0.7962,0.2785,1.5145,PepSet_dimer_output_esmfold2_msa_nonpairing,1ywo,0.916,0.96,1.515,0.706
1ywo,44,3,0.9526,0.8373,0.9349,0.9305,0.7838,0.2859,1.0946,PepSet_dimer_output_esmfold2_msa_nonpairing,1ywo,0.944,0.96,1.095,0.536
1ywo,44,4,0.9526,0.8447,0.936,0.932,0.7918,0.2975,1.1216,PepSet_dimer_output_esmfold2_msa_nonpairing,1ywo,0.941,0.96,1.122,0.55
1yy6,42,0,0.9643,0.9393,0.9629,0.9765,0.9694,0.6009,0.4374,PepSet_dimer_output_esmfold2_msa_nonpairing,1yy6,0.901,0.941,0.437,0.835
1yy6,42,1,0.9644,0.9389,0.963,0.9763,0.9691,0.5937,0.4878,PepSet_dimer_output_esmfold2_msa_nonpairing,1yy6,0.891,0.912,0.488,0.833
1yy6,42,2,0.964,0.9304,0.9621,0.9759,0.9596,0.5866,0.9718,PepSet_dimer_output_esmfold2_msa_nonpairing,1yy6,0.871,0.882,0.972,0.88
1yy6,42,3,0.9643,0.9401,0.963,0.9764,0.9696,0.5899,0.422,PepSet_dimer_output_esmfold2_msa_nonpairing,1yy6,0.893,0.912,0.422,0.817
1yy6,42,4,0.9643,0.9385,0.9628,0.9766,0.9682,0.5982,0.5116,PepSet_dimer_output_esmfold2_msa_nonpairing,1yy6,0.882,0.882,0.512,0.827
1yy6,43,0,0.9642,0.938,0.9627,0.9763,0.9683,0.5941,0.4251,PepSet_dimer_output_esmfold2_msa_nonpairing,1yy6,0.881,0.882,0.425,0.833
1yy6,43,1,0.964,0.9377,0.9626,0.9762,0.9677,0.5646,0.6015,PepSet_dimer_output_esmfold2_msa_nonpairing,1yy6,0.904,0.941,0.601,0.804
1yy6,43,2,0.9646,0.9381,0.9631,0.9765,0.9674,0.5743,0.7261,PepSet_dimer_output_esmfold2_msa_nonpairing,1yy6,0.88,0.882,0.726,0.829
1yy6,43,3,0.9638,0.9295,0.9619,0.9759,0.9596,0.5824,0.9956,PepSet_dimer_output_esmfold2_msa_nonpairing,1yy6,0.881,0.912,0.996,0.878
1yy6,43,4,0.9645,0.9388,0.9631,0.9766,0.9697,0.5689,0.3828,PepSet_dimer_output_esmfold2_msa_nonpairing,1yy6,0.9,0.912,0.383,0.774
1yy6,44,0,0.9638,0.9391,0.9625,0.976,0.9684,0.5909,0.6679,PepSet_dimer_output_esmfold2_msa_nonpairing,1yy6,0.877,0.882,0.668,0.857
1yy6,44,1,0.9643,0.9353,0.9627,0.9762,0.9653,0.5942,0.4848,PepSet_dimer_output_esmfold2_msa_nonpairing,1yy6,0.892,0.912,0.485,0.824
1yy6,44,2,0.9642,0.9376,0.9627,0.9763,0.9675,0.5837,0.6042,PepSet_dimer_output_esmfold2_msa_nonpairing,1yy6,0.891,0.912,0.604,0.831
1yy6,44,3,0.9628,0.9381,0.9614,0.9751,0.9682,0.6063,0.4735,PepSet_dimer_output_esmfold2_msa_nonpairing,1yy6,0.88,0.882,0.474,0.844
1yy6,44,4,0.9643,0.9391,0.9629,0.9766,0.969,0.6125,0.6723,PepSet_dimer_output_esmfold2_msa_nonpairing,1yy6,0.873,0.882,0.672,0.885
2aij,42,0,0.9348,0.7801,0.932,0.9611,0.8931,1.4286,1.001,PepSet_dimer_output_esmfold2_msa_nonpairing,2aij,0.741,0.881,1.001,2.024
2aij,42,1,0.9347,0.771,0.9318,0.961,0.8916,1.5986,1.1493,PepSet_dimer_output_esmfold2_msa_nonpairing,2aij,0.705,0.833,1.149,2.29
2aij,42,2,0.9369,0.7697,0.9339,0.9624,0.8899,1.4606,1.0639,PepSet_dimer_output_esmfold2_msa_nonpairing,2aij,0.741,0.857,1.064,1.911
2aij,42,3,0.9365,0.7773,0.9336,0.9621,0.8931,1.3992,1.1443,PepSet_dimer_output_esmfold2_msa_nonpairing,2aij,0.695,0.738,1.144,1.982
2aij,42,4,0.9368,0.7802,0.934,0.9622,0.8953,1.4458,1.0808,PepSet_dimer_output_esmfold2_msa_nonpairing,2aij,0.684,0.714,1.081,2.025
2aij,43,0,0.937,0.7788,0.9342,0.9622,0.8949,1.4699,0.9468,PepSet_dimer_output_esmfold2_msa_nonpairing,2aij,0.741,0.857,0.947,1.929
2aij,43,1,0.9345,0.7748,0.9316,0.9609,0.8899,1.4225,0.8936,PepSet_dimer_output_esmfold2_msa_nonpairing,2aij,0.746,0.857,0.894,1.865
2aij,43,2,0.9375,0.7822,0.9347,0.9629,0.8958,1.4688,0.937,PepSet_dimer_output_esmfold2_msa_nonpairing,2aij,0.728,0.833,0.937,1.985
2aij,43,3,0.9376,0.7797,0.9348,0.9631,0.8945,1.4289,1.2528,PepSet_dimer_output_esmfold2_msa_nonpairing,2aij,0.712,0.786,1.253,1.952
2aij,43,4,0.9331,0.7584,0.93,0.9598,0.8762,1.4317,1.1402,PepSet_dimer_output_esmfold2_msa_nonpairing,2aij,0.726,0.81,1.14,1.893
2aij,44,0,0.9354,0.7774,0.9326,0.9611,0.8935,1.4026,1.1669,PepSet_dimer_output_esmfold2_msa_nonpairing,2aij,0.738,0.833,1.167,1.841
2aij,44,1,0.9351,0.7811,0.9323,0.961,0.895,1.5956,0.988,PepSet_dimer_output_esmfold2_msa_nonpairing,2aij,0.695,0.786,0.988,2.231
2aij,44,2,0.9373,0.7853,0.9345,0.9625,0.8973,1.4569,0.8595,PepSet_dimer_output_esmfold2_msa_nonpairing,2aij,0.717,0.81,0.859,2.042
2aij,44,3,0.9363,0.7777,0.9334,0.9625,0.8934,1.4684,0.9979,PepSet_dimer_output_esmfold2_msa_nonpairing,2aij,0.721,0.81,0.998,1.966
2aij,44,4,0.9382,0.7801,0.9353,0.9631,0.8959,1.4225,1.1283,PepSet_dimer_output_esmfold2_msa_nonpairing,2aij,0.723,0.81,1.128,1.928
2aq9,42,0,0.9623,0.8296,0.9565,0.9713,0.8994,0.3463,31.9938,PepSet_dimer_output_esmfold2_msa_nonpairing,2aq9,0.027,0.0,31.994,12.345
2aq9,42,1,0.9625,0.8288,0.9567,0.9715,0.8987,0.3032,32.1405,PepSet_dimer_output_esmfold2_msa_nonpairing,2aq9,0.027,0.0,32.141,12.404
2aq9,42,2,0.9622,0.8171,0.9558,0.9707,0.8898,0.3584,32.2369,PepSet_dimer_output_esmfold2_msa_nonpairing,2aq9,0.026,0.0,32.237,12.464
2aq9,42,3,0.9619,0.8315,0.9562,0.9714,0.9012,0.3067,32.185,PepSet_dimer_output_esmfold2_msa_nonpairing,2aq9,0.026,0.0,32.185,12.463
2aq9,42,4,0.962,0.8245,0.956,0.9711,0.8939,0.2732,32.09,PepSet_dimer_output_esmfold2_msa_nonpairing,2aq9,0.027,0.0,32.09,12.369
2aq9,43,0,0.9624,0.828,0.9565,0.9714,0.8967,0.2874,32.0528,PepSet_dimer_output_esmfold2_msa_nonpairing,2aq9,0.027,0.0,32.053,12.341
2aq9,43,1,0.9623,0.8289,0.9564,0.9714,0.8983,0.3043,32.0834,PepSet_dimer_output_esmfold2_msa_nonpairing,2aq9,0.027,0.0,32.083,12.403
2aq9,43,2,0.9617,0.8169,0.9554,0.9702,0.887,0.3591,32.2261,PepSet_dimer_output_esmfold2_msa_nonpairing,2aq9,0.026,0.0,32.226,12.422
2aq9,43,3,0.9617,0.8106,0.9551,0.9703,0.8813,0.3246,32.0498,PepSet_dimer_output_esmfold2_msa_nonpairing,2aq9,0.027,0.0,32.05,12.368
2aq9,43,4,0.9624,0.8299,0.9566,0.9716,0.9003,0.292,32.1605,PepSet_dimer_output_esmfold2_msa_nonpairing,2aq9,0.027,0.0,32.16,12.447
2aq9,44,0,0.9621,0.8261,0.9561,0.9712,0.897,0.3084,32.1904,PepSet_dimer_output_esmfold2_msa_nonpairing,2aq9,0.027,0.0,32.19,12.433
2aq9,44,1,0.962,0.8116,0.9554,0.9706,0.8834,0.3612,31.9931,PepSet_dimer_output_esmfold2_msa_nonpairing,2aq9,0.027,0.0,31.993,12.348
2aq9,44,2,0.9622,0.8274,0.9563,0.9714,0.8976,0.2804,32.1404,PepSet_dimer_output_esmfold2_msa_nonpairing,2aq9,0.027,0.0,32.14,12.424
2aq9,44,3,0.962,0.8297,0.9562,0.971,0.8981,0.3123,32.0485,PepSet_dimer_output_esmfold2_msa_nonpairing,2aq9,0.027,0.0,32.048,12.365
2aq9,44,4,0.9621,0.8078,0.9554,0.9705,0.8796,0.3155,32.2394,PepSet_dimer_output_esmfold2_msa_nonpairing,2aq9,0.026,0.0,32.239,12.445
2c3i,42,0,0.9462,0.901,0.9449,0.969,0.974,0.6496,0.6613,PepSet_dimer_output_esmfold2_msa_nonpairing,2c3i,0.972,0.949,0.661,0.247
2c3i,42,1,0.9457,0.9008,0.9444,0.9688,0.9744,0.6726,0.6179,PepSet_dimer_output_esmfold2_msa_nonpairing,2c3i,0.973,0.949,0.618,0.244
2c3i,42,2,0.9462,0.9003,0.9448,0.9692,0.9731,0.6797,0.5351,PepSet_dimer_output_esmfold2_msa_nonpairing,2c3i,0.958,0.897,0.535,0.216
2c3i,42,3,0.9432,0.8874,0.9416,0.9659,0.974,0.7344,0.7736,PepSet_dimer_output_esmfold2_msa_nonpairing,2c3i,0.953,0.949,0.774,0.445
2c3i,42,4,0.9471,0.9019,0.9458,0.9685,0.9743,0.7165,0.7439,PepSet_dimer_output_esmfold2_msa_nonpairing,2c3i,0.968,0.949,0.744,0.293
2c3i,43,0,0.9456,0.8999,0.9443,0.9676,0.9746,0.7243,0.7989,PepSet_dimer_output_esmfold2_msa_nonpairing,2c3i,0.966,0.949,0.799,0.318
2c3i,43,1,0.9457,0.8997,0.9444,0.9688,0.9733,0.6748,0.6316,PepSet_dimer_output_esmfold2_msa_nonpairing,2c3i,0.964,0.923,0.632,0.237
2c3i,43,2,0.9445,0.9036,0.9433,0.9678,0.9765,0.5417,0.6644,PepSet_dimer_output_esmfold2_msa_nonpairing,2c3i,0.97,0.949,0.664,0.279
2c3i,43,3,0.9452,0.9001,0.9439,0.9666,0.9752,0.8025,0.8577,PepSet_dimer_output_esmfold2_msa_nonpairing,2c3i,0.956,0.949,0.858,0.413
2c3i,43,4,0.9461,0.901,0.9448,0.9677,0.9737,0.6788,0.6315,PepSet_dimer_output_esmfold2_msa_nonpairing,2c3i,0.962,0.923,0.631,0.268
2c3i,44,0,0.946,0.8999,0.9446,0.9684,0.9737,0.6683,0.6037,PepSet_dimer_output_esmfold2_msa_nonpairing,2c3i,0.962,0.923,0.604,0.27
2c3i,44,1,0.9457,0.901,0.9444,0.969,0.975,0.7294,0.6103,PepSet_dimer_output_esmfold2_msa_nonpairing,2c3i,0.973,0.949,0.61,0.232
2c3i,44,2,0.9472,0.9033,0.9459,0.9695,0.9745,0.7233,0.5923,PepSet_dimer_output_esmfold2_msa_nonpairing,2c3i,0.974,0.949,0.592,0.224
2c3i,44,3,0.9452,0.9015,0.9439,0.9676,0.974,0.7347,0.664,PepSet_dimer_output_esmfold2_msa_nonpairing,2c3i,0.97,0.949,0.664,0.275
2c3i,44,4,0.9463,0.9019,0.945,0.9689,0.9744,0.8091,0.5146,PepSet_dimer_output_esmfold2_msa_nonpairing,2c3i,0.982,0.974,0.515,0.232
2cch,42,0,0.9507,0.8318,0.9454,0.9648,0.9143,1.06,1.1747,PepSet_dimer_output_esmfold2_msa_nonpairing,2cch,0.967,1.0,1.175,0.447
2cch,42,1,0.95,0.8314,0.9448,0.9648,0.916,1.2343,0.8435,PepSet_dimer_output_esmfold2_msa_nonpairing,2cch,0.976,0.977,0.843,0.302
2cch,42,2,0.9497,0.8216,0.9441,0.9638,0.9078,2.095,0.9455,PepSet_dimer_output_esmfold2_msa_nonpairing,2cch,0.985,1.0,0.946,0.279
2cch,42,3,0.9494,0.8295,0.9441,0.9635,0.914,2.1451,1.2814,PepSet_dimer_output_esmfold2_msa_nonpairing,2cch,0.975,1.0,1.281,0.35
2cch,42,4,0.9494,0.83,0.9441,0.9635,0.9114,1.9146,1.2411,PepSet_dimer_output_esmfold2_msa_nonpairing,2cch,0.97,1.0,1.241,0.405
2cch,43,0,0.9439,0.8289,0.9388,0.958,0.9103,3.0213,1.5459,PepSet_dimer_output_esmfold2_msa_nonpairing,2cch,0.946,0.977,1.546,0.52
2cch,43,1,0.9447,0.8308,0.9397,0.959,0.9158,3.3564,1.4145,PepSet_dimer_output_esmfold2_msa_nonpairing,2cch,0.973,0.977,1.415,0.274
2cch,43,2,0.9493,0.8241,0.9437,0.9636,0.9109,2.0317,0.9584,PepSet_dimer_output_esmfold2_msa_nonpairing,2cch,0.99,1.0,0.958,0.2
2cch,43,3,0.9505,0.832,0.9453,0.9651,0.9154,1.0797,0.8911,PepSet_dimer_output_esmfold2_msa_nonpairing,2cch,0.971,0.977,0.891,0.35
2cch,43,4,0.9499,0.8306,0.9447,0.9641,0.9149,1.7855,1.0502,PepSet_dimer_output_esmfold2_msa_nonpairing,2cch,0.982,1.0,1.05,0.299
2cch,44,0,0.9495,0.8298,0.9442,0.964,0.914,1.9001,0.8766,PepSet_dimer_output_esmfold2_msa_nonpairing,2cch,0.987,1.0,0.877,0.263
2cch,44,1,0.9499,0.8311,0.9447,0.9642,0.9161,1.9765,0.9899,PepSet_dimer_output_esmfold2_msa_nonpairing,2cch,0.984,1.0,0.99,0.279
2cch,44,2,0.9498,0.8283,0.9445,0.9642,0.9133,1.735,0.9391,PepSet_dimer_output_esmfold2_msa_nonpairing,2cch,0.987,1.0,0.939,0.256
2cch,44,3,0.9494,0.8324,0.9443,0.964,0.9167,1.5667,0.8823,PepSet_dimer_output_esmfold2_msa_nonpairing,2cch,0.983,1.0,0.882,0.304
2cch,44,4,0.9501,0.8284,0.9447,0.9639,0.9137,0.5634,0.4935,PepSet_dimer_output_esmfold2_msa_nonpairing,2cch,0.993,1.0,0.494,0.203
2cny,42,0,0.9575,0.9465,0.956,0.9597,0.9574,0.7177,0.3972,PepSet_dimer_output_esmfold2_msa_nonpairing,2cny,0.934,0.99,0.397,0.715
2cny,42,1,0.9585,0.9481,0.9571,0.9609,0.9583,0.703,0.3896,PepSet_dimer_output_esmfold2_msa_nonpairing,2cny,0.936,0.99,0.39,0.704
2cny,42,2,0.9576,0.9476,0.9563,0.9599,0.9577,0.7267,0.465,PepSet_dimer_output_esmfold2_msa_nonpairing,2cny,0.924,0.969,0.465,0.735
2cny,42,3,0.9581,0.9474,0.9567,0.9604,0.9579,0.7122,0.4764,PepSet_dimer_output_esmfold2_msa_nonpairing,2cny,0.933,0.99,0.476,0.719
2cny,42,4,0.957,0.9467,0.9557,0.9597,0.9577,0.6927,0.4041,PepSet_dimer_output_esmfold2_msa_nonpairing,2cny,0.936,0.99,0.404,0.7
2cny,43,0,0.9578,0.9473,0.9564,0.9602,0.9579,0.7316,0.4795,PepSet_dimer_output_esmfold2_msa_nonpairing,2cny,0.928,0.979,0.48,0.732
2cny,43,1,0.9575,0.9464,0.956,0.9599,0.9579,0.7449,0.4488,PepSet_dimer_output_esmfold2_msa_nonpairing,2cny,0.93,0.99,0.449,0.743
2cny,43,2,0.958,0.9478,0.9566,0.9604,0.9579,0.7615,0.4623,PepSet_dimer_output_esmfold2_msa_nonpairing,2cny,0.924,0.979,0.462,0.759
2cny,43,3,0.9581,0.9475,0.9567,0.9606,0.9581,0.6605,0.3513,PepSet_dimer_output_esmfold2_msa_nonpairing,2cny,0.943,0.99,0.351,0.653
2cny,43,4,0.9578,0.9471,0.9563,0.9599,0.9573,0.7063,0.5986,PepSet_dimer_output_esmfold2_msa_nonpairing,2cny,0.925,0.969,0.599,0.723
2cny,44,0,0.9581,0.9477,0.9567,0.9603,0.9583,0.73,0.5093,PepSet_dimer_output_esmfold2_msa_nonpairing,2cny,0.93,0.99,0.509,0.74
2cny,44,1,0.9561,0.9461,0.9547,0.9593,0.9575,0.7518,0.4838,PepSet_dimer_output_esmfold2_msa_nonpairing,2cny,0.927,0.99,0.484,0.759
2cny,44,2,0.9578,0.9472,0.9564,0.9602,0.9575,0.6825,0.3591,PepSet_dimer_output_esmfold2_msa_nonpairing,2cny,0.937,0.979,0.359,0.671
2cny,44,3,0.9576,0.9471,0.9562,0.9598,0.9583,0.7515,0.4676,PepSet_dimer_output_esmfold2_msa_nonpairing,2cny,0.924,0.979,0.468,0.76
2cny,44,4,0.9577,0.9466,0.9562,0.9598,0.9571,0.6577,0.4102,PepSet_dimer_output_esmfold2_msa_nonpairing,2cny,0.941,0.99,0.41,0.663
2e4h,42,0,0.9189,0.6187,0.8896,0.8846,0.8287,1.1691,5.6026,PepSet_dimer_output_esmfold2_msa_nonpairing,2e4h,0.553,0.6,5.603,1.996
2e4h,42,1,0.9197,0.6013,0.8886,0.8829,0.8271,1.095,4.3206,PepSet_dimer_output_esmfold2_msa_nonpairing,2e4h,0.659,0.76,4.321,1.757
2e4h,42,2,0.9206,0.6103,0.8903,0.8831,0.8362,1.07,4.4426,PepSet_dimer_output_esmfold2_msa_nonpairing,2e4h,0.645,0.72,4.443,1.731
2e4h,42,3,0.9166,0.6108,0.8867,0.8796,0.8248,1.2704,7.6723,PepSet_dimer_output_esmfold2_msa_nonpairing,2e4h,0.475,0.64,7.672,2.709
2e4h,42,4,0.9197,0.6204,0.8905,0.8854,0.8309,1.1211,4.9767,PepSet_dimer_output_esmfold2_msa_nonpairing,2e4h,0.601,0.68,4.977,1.921
2e4h,43,0,0.9185,0.5753,0.885,0.8786,0.8349,1.1956,12.7258,PepSet_dimer_output_esmfold2_msa_nonpairing,2e4h,0.381,0.72,12.726,4.158
2e4h,43,1,0.9179,0.5938,0.8863,0.8812,0.8293,1.1511,4.4144,PepSet_dimer_output_esmfold2_msa_nonpairing,2e4h,0.615,0.64,4.414,1.772
2e4h,43,2,0.9235,0.6239,0.8942,0.8891,0.8364,1.0855,5.0385,PepSet_dimer_output_esmfold2_msa_nonpairing,2e4h,0.593,0.68,5.039,2.009
2e4h,43,3,0.9212,0.6234,0.8921,0.887,0.8348,1.0612,5.3533,PepSet_dimer_output_esmfold2_msa_nonpairing,2e4h,0.581,0.68,5.353,2.052
2e4h,43,4,0.92,0.6062,0.8894,0.8832,0.8365,1.1175,9.1723,PepSet_dimer_output_esmfold2_msa_nonpairing,2e4h,0.457,0.72,9.172,3.103
2e4h,44,0,0.9179,0.6183,0.8887,0.8825,0.8277,1.2974,5.1933,PepSet_dimer_output_esmfold2_msa_nonpairing,2e4h,0.599,0.68,5.193,1.88
2e4h,44,1,0.9176,0.6085,0.8875,0.8796,0.8283,1.2276,7.7556,PepSet_dimer_output_esmfold2_msa_nonpairing,2e4h,0.481,0.68,7.756,2.846
2e4h,44,2,0.9205,0.616,0.8908,0.884,0.8369,1.2701,7.8194,PepSet_dimer_output_esmfold2_msa_nonpairing,2e4h,0.481,0.68,7.819,2.804
2e4h,44,3,0.9195,0.6085,0.8892,0.8817,0.8343,1.0085,8.5014,PepSet_dimer_output_esmfold2_msa_nonpairing,2e4h,0.486,0.76,8.501,3.004
2e4h,44,4,0.9192,0.6047,0.8885,0.8807,0.8351,1.3808,8.8696,PepSet_dimer_output_esmfold2_msa_nonpairing,2e4h,0.448,0.68,8.87,3.133
2fgr,42,0,0.9385,0.3043,0.9236,0.9479,0.3955,0.7578,19.0193,PepSet_dimer_output_esmfold2_msa_nonpairing,2fgr,0.068,0.0,19.019,7.697
2fgr,42,1,0.9399,0.31,0.925,0.9485,0.4018,0.7788,19.1515,PepSet_dimer_output_esmfold2_msa_nonpairing,2fgr,0.067,0.0,19.151,7.769
2fgr,42,2,0.9388,0.282,0.9234,0.948,0.3417,0.7375,26.9862,PepSet_dimer_output_esmfold2_msa_nonpairing,2fgr,0.036,0.0,26.986,11.12
2fgr,42,3,0.9384,0.3642,0.9249,0.9493,0.4849,0.6935,29.3545,PepSet_dimer_output_esmfold2_msa_nonpairing,2fgr,0.031,0.0,29.354,11.745
2fgr,42,4,0.9408,0.3317,0.9265,0.9491,0.4229,0.8032,21.0946,PepSet_dimer_output_esmfold2_msa_nonpairing,2fgr,0.056,0.0,21.095,8.637
2fgr,43,0,0.9404,0.3564,0.9267,0.9495,0.4696,0.7764,27.7441,PepSet_dimer_output_esmfold2_msa_nonpairing,2fgr,0.034,0.0,27.744,11.226
2fgr,43,1,0.9411,0.3161,0.9264,0.9489,0.4064,0.7733,18.3458,PepSet_dimer_output_esmfold2_msa_nonpairing,2fgr,0.072,0.0,18.346,7.5
2fgr,43,2,0.9375,0.2941,0.9224,0.9468,0.3611,0.7855,28.4948,PepSet_dimer_output_esmfold2_msa_nonpairing,2fgr,0.033,0.0,28.495,11.725
2fgr,43,3,0.9374,0.2715,0.9217,0.947,0.3304,0.7242,30.3681,PepSet_dimer_output_esmfold2_msa_nonpairing,2fgr,0.029,0.0,30.368,12.408
2fgr,43,4,0.9392,0.4344,0.9273,0.9519,0.5796,0.7475,28.2443,PepSet_dimer_output_esmfold2_msa_nonpairing,2fgr,0.033,0.0,28.244,11.453
2fgr,44,0,0.9401,0.299,0.925,0.9483,0.3796,0.7354,18.238,PepSet_dimer_output_esmfold2_msa_nonpairing,2fgr,0.072,0.0,18.238,7.463
2fgr,44,1,0.9402,0.3267,0.9257,0.9479,0.4287,0.6678,29.0929,PepSet_dimer_output_esmfold2_msa_nonpairing,2fgr,0.032,0.0,29.093,11.703
2fgr,44,2,0.9408,0.2979,0.9257,0.9477,0.3816,0.6727,18.3049,PepSet_dimer_output_esmfold2_msa_nonpairing,2fgr,0.085,0.038,18.305,7.352
2fgr,44,3,0.9383,0.3105,0.9235,0.9476,0.3972,0.8016,21.2045,PepSet_dimer_output_esmfold2_msa_nonpairing,2fgr,0.056,0.0,21.204,8.647
2fgr,44,4,0.9392,0.3465,0.9253,0.9482,0.4472,0.7347,29.225,PepSet_dimer_output_esmfold2_msa_nonpairing,2fgr,0.031,0.0,29.225,11.748
2fka,42,0,0.9266,0.8632,0.922,0.949,0.8908,0.7205,1.5096,PepSet_dimer_output_esmfold2_msa_nonpairing,2fka,0.882,0.905,1.51,0.812
2fka,42,1,0.9377,0.8877,0.9341,0.9547,0.9062,0.683,1.5463,PepSet_dimer_output_esmfold2_msa_nonpairing,2fka,0.883,0.952,1.546,0.912
2fka,42,2,0.9389,0.8881,0.9352,0.9556,0.9058,0.6606,1.4976,PepSet_dimer_output_esmfold2_msa_nonpairing,2fka,0.886,0.952,1.498,0.897
2fka,42,3,0.9377,0.8856,0.934,0.9544,0.9017,0.7144,1.3726,PepSet_dimer_output_esmfold2_msa_nonpairing,2fka,0.892,0.952,1.373,0.866
2fka,42,4,0.938,0.8869,0.9343,0.9545,0.905,0.5547,1.5621,PepSet_dimer_output_esmfold2_msa_nonpairing,2fka,0.89,0.952,1.562,0.862
2fka,43,0,0.9385,0.8848,0.9346,0.9551,0.9028,0.6329,1.4415,PepSet_dimer_output_esmfold2_msa_nonpairing,2fka,0.892,0.952,1.441,0.862
2fka,43,1,0.9401,0.8884,0.9363,0.9561,0.9072,0.6377,1.6276,PepSet_dimer_output_esmfold2_msa_nonpairing,2fka,0.882,0.952,1.628,0.917
2fka,43,2,0.9397,0.8862,0.9358,0.9556,0.9077,0.6079,1.8445,PepSet_dimer_output_esmfold2_msa_nonpairing,2fka,0.869,0.952,1.844,0.984
2fka,43,3,0.9379,0.8877,0.9343,0.9547,0.9038,0.525,1.5536,PepSet_dimer_output_esmfold2_msa_nonpairing,2fka,0.892,0.952,1.554,0.854
2fka,43,4,0.9395,0.8872,0.9357,0.9552,0.9056,0.5412,1.6344,PepSet_dimer_output_esmfold2_msa_nonpairing,2fka,0.89,0.952,1.634,0.855
2fka,44,0,0.9387,0.8835,0.9347,0.9552,0.9036,0.7166,1.3724,PepSet_dimer_output_esmfold2_msa_nonpairing,2fka,0.891,0.952,1.372,0.878
2fka,44,1,0.9384,0.8875,0.9347,0.9553,0.9041,0.6981,1.3964,PepSet_dimer_output_esmfold2_msa_nonpairing,2fka,0.892,0.952,1.396,0.863
2fka,44,2,0.9377,0.8828,0.9337,0.9543,0.8999,0.5666,1.3831,PepSet_dimer_output_esmfold2_msa_nonpairing,2fka,0.897,0.952,1.383,0.832
2fka,44,3,0.9333,0.8652,0.9284,0.9494,0.8864,0.6808,1.8849,PepSet_dimer_output_esmfold2_msa_nonpairing,2fka,0.874,0.952,1.885,0.943
2fka,44,4,0.9394,0.8885,0.9357,0.9556,0.905,0.6409,1.5496,PepSet_dimer_output_esmfold2_msa_nonpairing,2fka,0.888,0.952,1.55,0.883
2hpl,42,0,0.9608,0.8657,0.9563,0.9673,0.8853,0.7325,0.58,PepSet_dimer_output_esmfold2_msa_nonpairing,2hpl,0.959,0.913,0.58,0.272
2hpl,42,1,0.9601,0.8665,0.9557,0.9664,0.882,0.8494,0.6122,PepSet_dimer_output_esmfold2_msa_nonpairing,2hpl,0.957,0.913,0.612,0.299
2hpl,42,2,0.961,0.8638,0.9563,0.9674,0.884,0.7333,0.5317,PepSet_dimer_output_esmfold2_msa_nonpairing,2hpl,0.962,0.913,0.532,0.237
2hpl,42,3,0.9598,0.8605,0.9551,0.9658,0.8815,0.7338,0.7643,PepSet_dimer_output_esmfold2_msa_nonpairing,2hpl,0.94,0.87,0.764,0.315
2hpl,42,4,0.9594,0.8598,0.9547,0.9653,0.881,0.7413,0.7464,PepSet_dimer_output_esmfold2_msa_nonpairing,2hpl,0.94,0.87,0.746,0.309
2hpl,43,0,0.9606,0.8642,0.956,0.9667,0.8838,0.7713,0.6188,PepSet_dimer_output_esmfold2_msa_nonpairing,2hpl,0.957,0.913,0.619,0.299
2hpl,43,1,0.9609,0.8612,0.9562,0.9668,0.8826,0.7854,0.677,PepSet_dimer_output_esmfold2_msa_nonpairing,2hpl,0.969,0.957,0.677,0.321
2hpl,43,2,0.9598,0.8453,0.9544,0.9646,0.8782,0.7459,1.308,PepSet_dimer_output_esmfold2_msa_nonpairing,2hpl,0.939,0.913,1.308,0.416
2hpl,43,3,0.9613,0.864,0.9567,0.9673,0.8812,0.7507,0.6311,PepSet_dimer_output_esmfold2_msa_nonpairing,2hpl,0.959,0.913,0.631,0.27
2hpl,43,4,0.9609,0.8656,0.9564,0.9667,0.8798,0.7756,0.8759,PepSet_dimer_output_esmfold2_msa_nonpairing,2hpl,0.937,0.87,0.876,0.34
2hpl,44,0,0.9607,0.8377,0.9548,0.9656,0.8601,0.7977,3.0574,PepSet_dimer_output_esmfold2_msa_nonpairing,2hpl,0.824,0.87,3.057,0.94
2hpl,44,1,0.9602,0.8397,0.9545,0.965,0.8672,0.7822,2.6578,PepSet_dimer_output_esmfold2_msa_nonpairing,2hpl,0.845,0.87,2.658,0.854
2hpl,44,2,0.9566,0.863,0.9521,0.9636,0.8791,0.8631,0.551,PepSet_dimer_output_esmfold2_msa_nonpairing,2hpl,0.976,0.957,0.551,0.238
2hpl,44,3,0.9604,0.8302,0.9542,0.9651,0.858,0.773,3.0404,PepSet_dimer_output_esmfold2_msa_nonpairing,2hpl,0.825,0.87,3.04,0.937
2hpl,44,4,0.9603,0.8505,0.955,0.9655,0.8754,0.7547,1.2772,PepSet_dimer_output_esmfold2_msa_nonpairing,2hpl,0.921,0.87,1.277,0.458
2ht9,42,0,0.895,0.2991,0.8333,0.8624,0.1477,1.5718,18.2644,PepSet_dimer_output_esmfold2_msa_nonpairing,2ht9,0.194,0.364,18.264,7.459
2ht9,42,1,0.8951,0.3185,0.8354,0.8606,0.1577,1.0612,14.7589,PepSet_dimer_output_esmfold2_msa_nonpairing,2ht9,0.129,0.091,14.759,6.653
2ht9,42,2,0.8876,0.296,0.8264,0.855,0.1336,2.3843,22.3247,PepSet_dimer_output_esmfold2_msa_nonpairing,2ht9,0.114,0.182,22.325,8.207
2ht9,42,3,0.8974,0.3387,0.8396,0.8637,0.1669,1.5399,13.4379,PepSet_dimer_output_esmfold2_msa_nonpairing,2ht9,0.238,0.364,13.438,5.751
2ht9,42,4,0.8952,0.313,0.835,0.8605,0.1398,1.4831,18.3413,PepSet_dimer_output_esmfold2_msa_nonpairing,2ht9,0.133,0.182,18.341,7.372
2ht9,43,0,0.8954,0.3414,0.8381,0.8641,0.1836,1.3883,13.5916,PepSet_dimer_output_esmfold2_msa_nonpairing,2ht9,0.205,0.273,13.592,5.856
2ht9,43,1,0.8957,0.2714,0.8311,0.8558,0.0716,1.3074,26.4522,PepSet_dimer_output_esmfold2_msa_nonpairing,2ht9,0.039,0.0,26.452,9.783
2ht9,43,2,0.8954,0.3331,0.8373,0.8656,0.1863,1.3226,15.0775,PepSet_dimer_output_esmfold2_msa_nonpairing,2ht9,0.19,0.273,15.077,6.069
2ht9,43,3,0.8944,0.3095,0.8339,0.8601,0.1408,1.6763,19.699,PepSet_dimer_output_esmfold2_msa_nonpairing,2ht9,0.127,0.182,19.699,7.094
2ht9,43,4,0.8943,0.2717,0.8299,0.8575,0.0941,1.5688,13.4477,PepSet_dimer_output_esmfold2_msa_nonpairing,2ht9,0.272,0.455,13.448,5.275
2ht9,44,0,0.8948,0.3181,0.8352,0.8589,0.1337,1.6939,18.4372,PepSet_dimer_output_esmfold2_msa_nonpairing,2ht9,0.135,0.182,18.437,6.697
2ht9,44,1,0.8976,0.2826,0.834,0.8559,0.079,1.8061,26.2874,PepSet_dimer_output_esmfold2_msa_nonpairing,2ht9,0.039,0.0,26.287,9.839
2ht9,44,2,0.8964,0.3169,0.8364,0.8644,0.1645,1.2816,16.9774,PepSet_dimer_output_esmfold2_msa_nonpairing,2ht9,0.203,0.364,16.977,6.943
2ht9,44,3,0.8952,0.3249,0.8362,0.8638,0.1771,1.5988,15.7176,PepSet_dimer_output_esmfold2_msa_nonpairing,2ht9,0.244,0.455,15.718,6.452
2ht9,44,4,0.8926,0.2662,0.8278,0.8538,0.0804,1.5434,25.4145,PepSet_dimer_output_esmfold2_msa_nonpairing,2ht9,0.041,0.0,25.415,9.862
2i94,42,0,0.8098,0.5819,0.7914,0.7865,0.6235,2.896,13.3238,PepSet_dimer_output_esmfold2_msa_nonpairing,2i94,0.142,0.085,13.324,6.443
2i94,42,1,0.8142,0.5717,0.7946,0.7832,0.6163,2.9803,13.8956,PepSet_dimer_output_esmfold2_msa_nonpairing,2i94,0.134,0.085,13.896,6.825
2i94,42,2,0.8145,0.5852,0.796,0.7922,0.6322,2.657,13.3111,PepSet_dimer_output_esmfold2_msa_nonpairing,2i94,0.149,0.106,13.311,6.393
2i94,42,3,0.8141,0.582,0.7953,0.7926,0.6265,2.7447,13.1428,PepSet_dimer_output_esmfold2_msa_nonpairing,2i94,0.151,0.106,13.143,6.369
2i94,42,4,0.8164,0.5964,0.7986,0.7961,0.6497,2.9898,13.1617,PepSet_dimer_output_esmfold2_msa_nonpairing,2i94,0.151,0.106,13.162,6.439
2i94,43,0,0.8144,0.5946,0.7967,0.791,0.6489,2.9377,13.1439,PepSet_dimer_output_esmfold2_msa_nonpairing,2i94,0.144,0.085,13.144,6.467
2i94,43,1,0.8115,0.5762,0.7925,0.7869,0.6201,2.855,12.7315,PepSet_dimer_output_esmfold2_msa_nonpairing,2i94,0.149,0.085,12.731,6.216
2i94,43,2,0.8132,0.586,0.7948,0.7852,0.6371,2.9535,13.0299,PepSet_dimer_output_esmfold2_msa_nonpairing,2i94,0.145,0.085,13.03,6.427
2i94,43,3,0.813,0.5774,0.794,0.7859,0.6251,3.0627,14.7626,PepSet_dimer_output_esmfold2_msa_nonpairing,2i94,0.125,0.085,14.763,7.23
2i94,43,4,0.8125,0.5872,0.7943,0.785,0.6316,2.9609,13.1447,PepSet_dimer_output_esmfold2_msa_nonpairing,2i94,0.144,0.085,13.145,6.466
2i94,44,0,0.8095,0.5754,0.7905,0.7879,0.6218,2.8036,13.5456,PepSet_dimer_output_esmfold2_msa_nonpairing,2i94,0.146,0.106,13.546,6.615
2i94,44,1,0.8161,0.5709,0.7963,0.7942,0.6065,2.6863,13.234,PepSet_dimer_output_esmfold2_msa_nonpairing,2i94,0.158,0.128,13.234,6.309
2i94,44,2,0.8129,0.5814,0.7942,0.785,0.6256,2.8546,13.5984,PepSet_dimer_output_esmfold2_msa_nonpairing,2i94,0.138,0.085,13.598,6.612
2i94,44,3,0.8165,0.5792,0.7973,0.794,0.6236,2.6739,14.8399,PepSet_dimer_output_esmfold2_msa_nonpairing,2i94,0.132,0.106,14.84,7.119
2i94,44,4,0.8076,0.5697,0.7883,0.7761,0.6292,3.1238,14.2751,PepSet_dimer_output_esmfold2_msa_nonpairing,2i94,0.13,0.085,14.275,7.1
2ivz,42,0,0.9467,0.8404,0.9427,0.9629,0.9247,0.7364,0.8355,PepSet_dimer_output_esmfold2_msa_nonpairing,2ivz,0.909,0.944,0.835,0.766
2ivz,42,1,0.9434,0.6934,0.9342,0.9574,0.7924,0.7852,1.0748,PepSet_dimer_output_esmfold2_msa_nonpairing,2ivz,0.9,0.926,1.075,0.773
2ivz,42,2,0.9426,0.6528,0.9319,0.9566,0.7556,0.8117,1.6583,PepSet_dimer_output_esmfold2_msa_nonpairing,2ivz,0.856,0.907,1.658,0.991
2ivz,42,3,0.9435,0.6981,0.9344,0.9587,0.8022,0.8492,1.1274,PepSet_dimer_output_esmfold2_msa_nonpairing,2ivz,0.866,0.87,1.127,0.876
2ivz,42,4,0.9465,0.8292,0.9422,0.9628,0.9143,0.7816,1.0799,PepSet_dimer_output_esmfold2_msa_nonpairing,2ivz,0.9,0.944,1.08,0.817
2ivz,43,0,0.9439,0.6947,0.9347,0.9583,0.798,0.7544,2.7989,PepSet_dimer_output_esmfold2_msa_nonpairing,2ivz,0.773,0.833,2.799,1.269
2ivz,43,1,0.9461,0.848,0.9425,0.9628,0.9281,0.8008,0.9296,PepSet_dimer_output_esmfold2_msa_nonpairing,2ivz,0.893,0.907,0.93,0.787
2ivz,43,2,0.9445,0.7024,0.9356,0.9592,0.8076,0.7772,3.1192,PepSet_dimer_output_esmfold2_msa_nonpairing,2ivz,0.773,0.889,3.119,1.356
2ivz,43,3,0.9466,0.8495,0.9431,0.9628,0.9328,0.7739,1.3347,PepSet_dimer_output_esmfold2_msa_nonpairing,2ivz,0.894,0.963,1.335,0.882
2ivz,43,4,0.9453,0.8228,0.9408,0.9617,0.9083,0.7879,1.0439,PepSet_dimer_output_esmfold2_msa_nonpairing,2ivz,0.895,0.944,1.044,0.851
2ivz,44,0,0.9466,0.8464,0.9429,0.9623,0.9278,0.7718,1.0652,PepSet_dimer_output_esmfold2_msa_nonpairing,2ivz,0.898,0.944,1.065,0.833
2ivz,44,1,0.9429,0.6799,0.9332,0.9578,0.7866,0.8015,3.2367,PepSet_dimer_output_esmfold2_msa_nonpairing,2ivz,0.755,0.852,3.237,1.386
2ivz,44,2,0.9449,0.7713,0.9385,0.9613,0.8754,0.778,0.9471,PepSet_dimer_output_esmfold2_msa_nonpairing,2ivz,0.891,0.907,0.947,0.802
2ivz,44,3,0.9468,0.837,0.9427,0.9627,0.921,0.7592,1.0583,PepSet_dimer_output_esmfold2_msa_nonpairing,2ivz,0.902,0.944,1.058,0.806
2ivz,44,4,0.945,0.7732,0.9387,0.9605,0.8777,0.7992,1.5387,PepSet_dimer_output_esmfold2_msa_nonpairing,2ivz,0.86,0.889,1.539,0.926
2jkg,42,0,0.9248,0.4249,0.9016,0.9197,0.2966,1.451,13.8295,PepSet_dimer_output_esmfold2_msa_nonpairing,2jkg,0.191,0.235,13.83,5.83
2jkg,42,1,0.9243,0.47,0.9033,0.9242,0.3645,1.4334,5.8765,PepSet_dimer_output_esmfold2_msa_nonpairing,2jkg,0.432,0.294,5.877,2.163
2jkg,42,2,0.9247,0.4656,0.9035,0.9219,0.3548,1.5869,5.5415,PepSet_dimer_output_esmfold2_msa_nonpairing,2jkg,0.453,0.294,5.541,1.98
2jkg,42,3,0.9215,0.4177,0.8982,0.9165,0.2935,1.6703,13.5664,PepSet_dimer_output_esmfold2_msa_nonpairing,2jkg,0.193,0.235,13.566,5.771
2jkg,42,4,0.9205,0.382,0.8956,0.9157,0.2295,1.2775,12.0223,PepSet_dimer_output_esmfold2_msa_nonpairing,2jkg,0.184,0.118,12.022,4.495
2jkg,43,0,0.9246,0.4323,0.9018,0.9213,0.3054,1.3704,13.7083,PepSet_dimer_output_esmfold2_msa_nonpairing,2jkg,0.192,0.235,13.708,5.837
2jkg,43,1,0.9177,0.4539,0.8963,0.9152,0.3462,0.8683,4.4805,PepSet_dimer_output_esmfold2_msa_nonpairing,2jkg,0.52,0.353,4.48,1.745
2jkg,43,2,0.922,0.4021,0.8979,0.9167,0.2572,1.3274,14.7329,PepSet_dimer_output_esmfold2_msa_nonpairing,2jkg,0.181,0.235,14.733,6.089
2jkg,43,3,0.9254,0.4282,0.9024,0.9197,0.2992,1.6296,13.8546,PepSet_dimer_output_esmfold2_msa_nonpairing,2jkg,0.19,0.235,13.855,5.82
2jkg,43,4,0.9228,0.4384,0.9004,0.9211,0.3328,0.8042,5.8,PepSet_dimer_output_esmfold2_msa_nonpairing,2jkg,0.444,0.353,5.8,2.317
2jkg,44,0,0.9254,0.4256,0.9023,0.9212,0.3042,1.4201,13.8082,PepSet_dimer_output_esmfold2_msa_nonpairing,2jkg,0.23,0.353,13.808,5.811
2jkg,44,1,0.9258,0.4153,0.9022,0.9208,0.2824,1.5051,14.3082,PepSet_dimer_output_esmfold2_msa_nonpairing,2jkg,0.185,0.235,14.308,5.987
2jkg,44,2,0.9233,0.4456,0.9012,0.9201,0.3118,0.7325,13.5608,PepSet_dimer_output_esmfold2_msa_nonpairing,2jkg,0.213,0.294,13.561,5.778
2jkg,44,3,0.9245,0.4207,0.9012,0.9171,0.2783,1.5744,14.1144,PepSet_dimer_output_esmfold2_msa_nonpairing,2jkg,0.187,0.235,14.114,5.899
2jkg,44,4,0.9212,0.4167,0.8979,0.9179,0.2704,1.2808,14.9892,PepSet_dimer_output_esmfold2_msa_nonpairing,2jkg,0.158,0.176,14.989,6.24
2jnw,42,0,0.9129,0.6584,0.8909,0.9128,0.8278,0.829,12.0505,PepSet_dimer_output_esmfold2_msa_nonpairing,2jnw,0.412,0.816,12.051,4.845
2jnw,42,1,0.9253,0.7393,0.9092,0.9288,0.8363,0.7781,2.0576,PepSet_dimer_output_esmfold2_msa_nonpairing,2jnw,0.815,0.868,2.058,1.142
2jnw,42,2,0.9186,0.7053,0.9001,0.9182,0.8164,0.7541,2.1608,PepSet_dimer_output_esmfold2_msa_nonpairing,2jnw,0.82,0.895,2.161,1.162
2jnw,42,3,0.9181,0.7084,0.8999,0.9189,0.816,0.8383,1.9691,PepSet_dimer_output_esmfold2_msa_nonpairing,2jnw,0.822,0.868,1.969,1.105
2jnw,42,4,0.9225,0.6545,0.8993,0.9195,0.8409,0.7927,12.0772,PepSet_dimer_output_esmfold2_msa_nonpairing,2jnw,0.42,0.842,12.077,4.876
2jnw,43,0,0.9248,0.7007,0.9053,0.9258,0.8416,0.7979,2.0237,PepSet_dimer_output_esmfold2_msa_nonpairing,2jnw,0.819,0.868,2.024,1.117
2jnw,43,1,0.9202,0.7063,0.9017,0.9206,0.8265,0.7598,2.3122,PepSet_dimer_output_esmfold2_msa_nonpairing,2jnw,0.793,0.842,2.312,1.209
2jnw,43,2,0.9154,0.6314,0.8908,0.9119,0.8263,0.7815,10.1219,PepSet_dimer_output_esmfold2_msa_nonpairing,2jnw,0.441,0.789,10.122,4.062
2jnw,43,3,0.9227,0.6709,0.9009,0.9221,0.8383,0.8239,4.1777,PepSet_dimer_output_esmfold2_msa_nonpairing,2jnw,0.691,0.868,4.178,1.846
2jnw,43,4,0.9289,0.7469,0.9132,0.9347,0.8481,0.8364,2.1887,PepSet_dimer_output_esmfold2_msa_nonpairing,2jnw,0.803,0.842,2.189,1.155
2jnw,44,0,0.9246,0.7141,0.9063,0.9261,0.8377,0.7856,2.0402,PepSet_dimer_output_esmfold2_msa_nonpairing,2jnw,0.82,0.868,2.04,1.112
2jnw,44,1,0.9327,0.7661,0.9183,0.9402,0.8577,0.7951,1.9968,PepSet_dimer_output_esmfold2_msa_nonpairing,2jnw,0.804,0.816,1.997,1.108
2jnw,44,2,0.9239,0.6567,0.9007,0.9201,0.8334,0.8303,12.8006,PepSet_dimer_output_esmfold2_msa_nonpairing,2jnw,0.4,0.816,12.801,5.159
2jnw,44,3,0.9232,0.7305,0.9065,0.9266,0.8297,0.7688,2.0097,PepSet_dimer_output_esmfold2_msa_nonpairing,2jnw,0.82,0.868,2.01,1.113
2jnw,44,4,0.9249,0.7155,0.9068,0.927,0.8356,0.7662,1.9655,PepSet_dimer_output_esmfold2_msa_nonpairing,2jnw,0.822,0.868,1.965,1.102
2jqk,42,0,0.8054,0.6932,0.7871,0.7509,0.603,1.0112,3.3865,PepSet_dimer_output_esmfold2_msa_nonpairing,2jqk,0.752,0.917,3.387,1.569
2jqk,42,1,0.805,0.6981,0.7876,0.7512,0.6192,1.0717,3.674,PepSet_dimer_output_esmfold2_msa_nonpairing,2jqk,0.74,0.917,3.674,1.625
2jqk,42,2,0.8045,0.7019,0.7878,0.751,0.6249,1.0532,3.575,PepSet_dimer_output_esmfold2_msa_nonpairing,2jqk,0.738,0.917,3.575,1.669
2jqk,42,3,0.806,0.7,0.7888,0.75,0.6163,1.0443,2.8943,PepSet_dimer_output_esmfold2_msa_nonpairing,2jqk,0.787,0.917,2.894,1.36
2jqk,42,4,0.8134,0.7046,0.7957,0.7633,0.6369,0.9011,2.798,PepSet_dimer_output_esmfold2_msa_nonpairing,2jqk,0.791,0.917,2.798,1.346
2jqk,43,0,0.8112,0.7078,0.7944,0.7606,0.6341,0.9703,3.3732,PepSet_dimer_output_esmfold2_msa_nonpairing,2jqk,0.759,0.917,3.373,1.51
2jqk,43,1,0.8079,0.6956,0.7896,0.7513,0.6171,0.9561,3.1888,PepSet_dimer_output_esmfold2_msa_nonpairing,2jqk,0.766,0.917,3.189,1.49
2jqk,43,2,0.806,0.6999,0.7887,0.7519,0.6189,1.0598,3.6059,PepSet_dimer_output_esmfold2_msa_nonpairing,2jqk,0.739,0.917,3.606,1.647
2jqk,43,3,0.8067,0.7006,0.7894,0.754,0.6257,0.9556,3.3311,PepSet_dimer_output_esmfold2_msa_nonpairing,2jqk,0.754,0.917,3.331,1.562
2jqk,43,4,0.8082,0.7061,0.7916,0.7592,0.6337,0.9017,3.1617,PepSet_dimer_output_esmfold2_msa_nonpairing,2jqk,0.771,0.917,3.162,1.447
2jqk,44,0,0.8097,0.703,0.7923,0.7565,0.6305,1.0547,3.5219,PepSet_dimer_output_esmfold2_msa_nonpairing,2jqk,0.742,0.917,3.522,1.641
2jqk,44,1,0.8077,0.7034,0.7907,0.7533,0.6322,0.9834,3.2379,PepSet_dimer_output_esmfold2_msa_nonpairing,2jqk,0.762,0.917,3.238,1.514
2jqk,44,2,0.8051,0.6967,0.7875,0.7472,0.6135,1.01,3.5971,PepSet_dimer_output_esmfold2_msa_nonpairing,2jqk,0.736,0.917,3.597,1.685
2jqk,44,3,0.8077,0.7027,0.7906,0.7558,0.6264,1.175,2.8196,PepSet_dimer_output_esmfold2_msa_nonpairing,2jqk,0.777,0.875,2.82,1.342
2jqk,44,4,0.8023,0.6867,0.7834,0.7442,0.5965,0.9467,3.5547,PepSet_dimer_output_esmfold2_msa_nonpairing,2jqk,0.742,0.917,3.555,1.634
2ka9,42,0,0.848,0.6148,0.8374,0.5353,0.5904,10.7606,36.6311,PepSet_dimer_output_esmfold2_msa_nonpairing,2ka9,0.024,0.0,36.631,10.517
2ka9,42,1,0.8432,0.6131,0.8327,0.5283,0.6107,8.8063,37.2619,PepSet_dimer_output_esmfold2_msa_nonpairing,2ka9,0.023,0.0,37.262,10.593
2ka9,42,2,0.8491,0.6048,0.838,0.5309,0.591,12.3095,35.0244,PepSet_dimer_output_esmfold2_msa_nonpairing,2ka9,0.025,0.0,35.024,10.778
2ka9,42,3,0.848,0.5711,0.8354,0.5398,0.5236,9.8263,42.9872,PepSet_dimer_output_esmfold2_msa_nonpairing,2ka9,0.016,0.0,42.987,13.951
2ka9,42,4,0.848,0.5666,0.8352,0.5367,0.5216,10.8952,41.3146,PepSet_dimer_output_esmfold2_msa_nonpairing,2ka9,0.018,0.0,41.315,12.878
2ka9,43,0,0.8454,0.6214,0.8352,0.5412,0.6205,6.0223,43.6687,PepSet_dimer_output_esmfold2_msa_nonpairing,2ka9,0.016,0.0,43.669,13.75
2ka9,43,1,0.8477,0.6201,0.8373,0.5431,0.6174,5.8875,43.4499,PepSet_dimer_output_esmfold2_msa_nonpairing,2ka9,0.017,0.0,43.45,13.196
2ka9,43,2,0.8468,0.6276,0.8369,0.5413,0.6307,9.549,41.5089,PepSet_dimer_output_esmfold2_msa_nonpairing,2ka9,0.018,0.0,41.509,13.254
2ka9,43,3,0.846,0.6222,0.8358,0.5355,0.6155,11.0386,37.2506,PepSet_dimer_output_esmfold2_msa_nonpairing,2ka9,0.022,0.0,37.251,11.098
2ka9,43,4,0.8494,0.6251,0.8392,0.5277,0.6227,8.9273,39.4636,PepSet_dimer_output_esmfold2_msa_nonpairing,2ka9,0.022,0.0,39.464,10.335
2ka9,44,0,0.8501,0.623,0.8398,0.5353,0.6311,8.9752,42.7161,PepSet_dimer_output_esmfold2_msa_nonpairing,2ka9,0.016,0.0,42.716,14.384
2ka9,44,1,0.8466,0.6213,0.8364,0.5188,0.6325,13.69,55.3661,PepSet_dimer_output_esmfold2_msa_nonpairing,2ka9,0.01,0.0,55.366,17.549
2ka9,44,2,0.8447,0.6007,0.8336,0.5279,0.5757,10.5446,34.4243,PepSet_dimer_output_esmfold2_msa_nonpairing,2ka9,0.028,0.0,34.424,9.2
2ka9,44,3,0.847,0.627,0.837,0.5427,0.6332,8.5238,41.7512,PepSet_dimer_output_esmfold2_msa_nonpairing,2ka9,0.017,0.0,41.751,13.525
2ka9,44,4,0.8477,0.6181,0.8373,0.5263,0.6219,13.711,39.7873,PepSet_dimer_output_esmfold2_msa_nonpairing,2ka9,0.019,0.0,39.787,12.265
2kbr,42,0,0.7923,0.7165,0.7783,0.7548,0.6928,1.1079,3.2909,PepSet_dimer_output_esmfold2_msa_nonpairing,2kbr,0.687,0.757,3.291,1.711
2kbr,42,1,0.7877,0.7151,0.7743,0.75,0.6904,1.0341,3.3599,PepSet_dimer_output_esmfold2_msa_nonpairing,2kbr,0.693,0.784,3.36,1.727
2kbr,42,2,0.7912,0.7164,0.7774,0.7526,0.6922,1.0727,2.9733,PepSet_dimer_output_esmfold2_msa_nonpairing,2kbr,0.711,0.757,2.973,1.542
2kbr,42,3,0.7928,0.7159,0.7787,0.7539,0.6926,1.0239,3.4651,PepSet_dimer_output_esmfold2_msa_nonpairing,2kbr,0.678,0.784,3.465,1.863
2kbr,42,4,0.7915,0.7186,0.7781,0.7538,0.6958,1.0922,3.0809,PepSet_dimer_output_esmfold2_msa_nonpairing,2kbr,0.703,0.757,3.081,1.602
2kbr,43,0,0.7913,0.7179,0.7778,0.7551,0.6995,1.1216,2.7909,PepSet_dimer_output_esmfold2_msa_nonpairing,2kbr,0.717,0.757,2.791,1.521
2kbr,43,1,0.7941,0.7178,0.7801,0.7563,0.6947,1.1572,3.1571,PepSet_dimer_output_esmfold2_msa_nonpairing,2kbr,0.712,0.811,3.157,1.673
2kbr,43,2,0.7919,0.7186,0.7784,0.7552,0.6925,1.1279,3.3477,PepSet_dimer_output_esmfold2_msa_nonpairing,2kbr,0.692,0.784,3.348,1.735
2kbr,43,3,0.793,0.7158,0.7788,0.7553,0.6913,1.1151,3.4596,PepSet_dimer_output_esmfold2_msa_nonpairing,2kbr,0.679,0.757,3.46,1.753
2kbr,43,4,0.7941,0.7207,0.7807,0.7564,0.6951,1.1299,3.0696,PepSet_dimer_output_esmfold2_msa_nonpairing,2kbr,0.712,0.784,3.07,1.597
2kbr,44,0,0.793,0.7131,0.7783,0.7543,0.6869,1.1136,2.9967,PepSet_dimer_output_esmfold2_msa_nonpairing,2kbr,0.705,0.757,2.997,1.593
2kbr,44,1,0.7936,0.7114,0.7785,0.7551,0.6896,1.0501,2.9321,PepSet_dimer_output_esmfold2_msa_nonpairing,2kbr,0.712,0.757,2.932,1.547
2kbr,44,2,0.7925,0.7153,0.7783,0.7543,0.6893,1.1207,3.3517,PepSet_dimer_output_esmfold2_msa_nonpairing,2kbr,0.691,0.784,3.352,1.747
2kbr,44,3,0.7857,0.7114,0.7721,0.7474,0.6864,1.1596,2.6221,PepSet_dimer_output_esmfold2_msa_nonpairing,2kbr,0.735,0.757,2.622,1.396
2kbr,44,4,0.7928,0.7177,0.779,0.7542,0.6897,1.119,3.3653,PepSet_dimer_output_esmfold2_msa_nonpairing,2kbr,0.692,0.784,3.365,1.736
2ke1,42,0,0.7029,0.6816,0.7001,0.605,0.6324,6.5792,9.2674,PepSet_dimer_output_esmfold2_msa_nonpairing,2ke1,0.48,0.76,9.267,2.806
2ke1,42,1,0.7153,0.7217,0.7162,0.6198,0.6919,6.7112,5.3709,PepSet_dimer_output_esmfold2_msa_nonpairing,2ke1,0.632,0.8,5.371,1.91
2ke1,42,2,0.7034,0.6999,0.7029,0.6065,0.6702,3.8514,4.7669,PepSet_dimer_output_esmfold2_msa_nonpairing,2ke1,0.617,0.82,4.767,2.463
2ke1,42,3,0.7231,0.7197,0.7227,0.6186,0.6858,3.9796,2.6886,PepSet_dimer_output_esmfold2_msa_nonpairing,2ke1,0.697,0.84,2.689,2.08
2ke1,42,4,0.7096,0.7123,0.7099,0.611,0.6848,4.3537,4.186,PepSet_dimer_output_esmfold2_msa_nonpairing,2ke1,0.675,0.82,4.186,1.838
2ke1,43,0,0.7232,0.7128,0.7219,0.6203,0.6815,5.9862,3.7689,PepSet_dimer_output_esmfold2_msa_nonpairing,2ke1,0.63,0.8,3.769,2.572
2ke1,43,1,0.6955,0.6991,0.696,0.5974,0.6614,4.9435,1.8361,PepSet_dimer_output_esmfold2_msa_nonpairing,2ke1,0.66,0.76,1.836,2.499
2ke1,43,2,0.7142,0.7069,0.7132,0.6129,0.6677,4.3557,3.0908,PepSet_dimer_output_esmfold2_msa_nonpairing,2ke1,0.679,0.84,3.091,2.22
2ke1,43,3,0.6918,0.6973,0.6925,0.595,0.6714,5.9667,3.4499,PepSet_dimer_output_esmfold2_msa_nonpairing,2ke1,0.599,0.78,3.45,3.46
2ke1,43,4,0.7191,0.6899,0.7152,0.6198,0.6597,4.1973,5.1883,PepSet_dimer_output_esmfold2_msa_nonpairing,2ke1,0.611,0.74,5.188,1.98
2ke1,44,0,0.7199,0.7058,0.7181,0.6205,0.6728,5.3381,3.1934,PepSet_dimer_output_esmfold2_msa_nonpairing,2ke1,0.688,0.84,3.193,2.059
2ke1,44,1,0.7122,0.7102,0.712,0.6137,0.676,5.768,5.8457,PepSet_dimer_output_esmfold2_msa_nonpairing,2ke1,0.605,0.8,5.846,2.105
2ke1,44,2,0.7109,0.7083,0.7105,0.6148,0.6767,5.0272,6.259,PepSet_dimer_output_esmfold2_msa_nonpairing,2ke1,0.591,0.78,6.259,2.073
2ke1,44,3,0.7154,0.7204,0.7161,0.6181,0.6864,3.0554,3.4273,PepSet_dimer_output_esmfold2_msa_nonpairing,2ke1,0.674,0.82,3.427,2.086
2ke1,44,4,0.7146,0.7154,0.7147,0.6198,0.6845,3.5432,4.2021,PepSet_dimer_output_esmfold2_msa_nonpairing,2ke1,0.674,0.78,4.202,1.694
2khh,42,0,0.7937,0.6077,0.7683,0.6968,0.4307,1.8368,3.5978,PepSet_dimer_output_esmfold2_msa_nonpairing,2khh,0.624,0.724,3.598,2.289
2khh,42,1,0.7835,0.573,0.7548,0.6781,0.3874,2.1157,4.0916,PepSet_dimer_output_esmfold2_msa_nonpairing,2khh,0.573,0.655,4.092,2.587
2khh,42,2,0.7883,0.6012,0.7628,0.6862,0.4163,1.9165,3.8288,PepSet_dimer_output_esmfold2_msa_nonpairing,2khh,0.612,0.724,3.829,2.405
2khh,42,3,0.792,0.5907,0.7646,0.6929,0.4156,1.8649,3.0834,PepSet_dimer_output_esmfold2_msa_nonpairing,2khh,0.641,0.724,3.083,2.208
2khh,42,4,0.7911,0.593,0.7641,0.6919,0.4208,1.8874,3.6383,PepSet_dimer_output_esmfold2_msa_nonpairing,2khh,0.631,0.759,3.638,2.346
2khh,43,0,0.7902,0.6001,0.7643,0.6904,0.4246,1.9727,3.2372,PepSet_dimer_output_esmfold2_msa_nonpairing,2khh,0.656,0.793,3.237,2.28
2khh,43,1,0.7866,0.5932,0.7602,0.6882,0.4194,2.0977,5.3094,PepSet_dimer_output_esmfold2_msa_nonpairing,2khh,0.528,0.655,5.309,2.92
2khh,43,2,0.7874,0.5938,0.761,0.6856,0.4191,1.7322,4.0256,PepSet_dimer_output_esmfold2_msa_nonpairing,2khh,0.648,0.828,4.026,2.297
2khh,43,3,0.7943,0.5937,0.767,0.6977,0.4338,1.8671,3.7315,PepSet_dimer_output_esmfold2_msa_nonpairing,2khh,0.606,0.69,3.731,2.34
2khh,43,4,0.7879,0.5891,0.7608,0.6859,0.3993,1.9278,3.389,PepSet_dimer_output_esmfold2_msa_nonpairing,2khh,0.613,0.69,3.389,2.371
2khh,44,0,0.7904,0.5937,0.7636,0.6924,0.4167,1.9982,2.8654,PepSet_dimer_output_esmfold2_msa_nonpairing,2khh,0.655,0.759,2.865,2.245
2khh,44,1,0.7905,0.6037,0.765,0.6922,0.4241,1.9884,2.4781,PepSet_dimer_output_esmfold2_msa_nonpairing,2khh,0.647,0.69,2.478,2.139
2khh,44,2,0.7907,0.6017,0.7649,0.6913,0.4313,1.8099,2.3517,PepSet_dimer_output_esmfold2_msa_nonpairing,2khh,0.71,0.828,2.352,1.943
2khh,44,3,0.7909,0.5947,0.7641,0.6917,0.4167,1.855,4.6218,PepSet_dimer_output_esmfold2_msa_nonpairing,2khh,0.573,0.69,4.622,2.544
2khh,44,4,0.7905,0.5974,0.7641,0.6918,0.4157,2.0824,4.0225,PepSet_dimer_output_esmfold2_msa_nonpairing,2khh,0.599,0.724,4.023,2.557
2koh,42,0,0.719,0.5096,0.6926,0.6664,0.5849,3.5249,11.449,PepSet_dimer_output_esmfold2_msa_nonpairing,2koh,0.464,0.865,11.449,3.3
2koh,42,1,0.7072,0.4887,0.6797,0.6541,0.5678,3.0179,19.5396,PepSet_dimer_output_esmfold2_msa_nonpairing,2koh,0.34,0.784,19.54,5.148
2koh,42,2,0.7132,0.5265,0.6896,0.6601,0.5674,2.5265,7.4892,PepSet_dimer_output_esmfold2_msa_nonpairing,2koh,0.539,0.784,7.489,2.466
2koh,42,3,0.7055,0.4986,0.6794,0.6582,0.5768,2.259,12.6136,PepSet_dimer_output_esmfold2_msa_nonpairing,2koh,0.422,0.757,12.614,3.027
2koh,42,4,0.7142,0.5025,0.6875,0.6651,0.5906,2.5946,14.3446,PepSet_dimer_output_esmfold2_msa_nonpairing,2koh,0.397,0.784,14.345,3.615
2koh,43,0,0.7213,0.4995,0.6934,0.6685,0.5877,3.5931,18.4391,PepSet_dimer_output_esmfold2_msa_nonpairing,2koh,0.364,0.811,18.439,4.361
2koh,43,1,0.7134,0.5243,0.6895,0.6647,0.572,3.844,9.9829,PepSet_dimer_output_esmfold2_msa_nonpairing,2koh,0.511,0.892,9.983,2.814
2koh,43,2,0.7149,0.4989,0.6877,0.6647,0.5698,3.1863,9.7951,PepSet_dimer_output_esmfold2_msa_nonpairing,2koh,0.522,0.838,9.795,2.296
2koh,43,3,0.7131,0.4978,0.686,0.663,0.5805,3.5063,10.6945,PepSet_dimer_output_esmfold2_msa_nonpairing,2koh,0.458,0.784,10.695,2.979
2koh,43,4,0.7122,0.488,0.6839,0.6611,0.5847,4.0109,16.6333,PepSet_dimer_output_esmfold2_msa_nonpairing,2koh,0.417,0.892,16.633,3.536
2koh,44,0,0.7147,0.5127,0.6893,0.6665,0.5803,3.0919,12.6855,PepSet_dimer_output_esmfold2_msa_nonpairing,2koh,0.422,0.784,12.686,3.3
2koh,44,1,0.7104,0.519,0.6863,0.6574,0.5792,3.0924,11.3778,PepSet_dimer_output_esmfold2_msa_nonpairing,2koh,0.455,0.811,11.378,3.029
2koh,44,2,0.7117,0.5141,0.6868,0.6599,0.5776,3.4851,9.5426,PepSet_dimer_output_esmfold2_msa_nonpairing,2koh,0.475,0.811,9.543,3.285
2koh,44,3,0.7178,0.5046,0.6909,0.666,0.589,2.7018,5.9512,PepSet_dimer_output_esmfold2_msa_nonpairing,2koh,0.625,0.865,5.951,2.095
2koh,44,4,0.7103,0.5071,0.6847,0.6601,0.5803,3.764,11.5626,PepSet_dimer_output_esmfold2_msa_nonpairing,2koh,0.427,0.703,11.563,2.766
2las,42,0,0.8399,0.6787,0.8169,0.7973,0.6434,1.4365,4.5402,PepSet_dimer_output_esmfold2_msa_nonpairing,2las,0.603,0.758,4.54,2.449
2las,42,1,0.8443,0.6815,0.8211,0.8009,0.6534,1.179,4.4815,PepSet_dimer_output_esmfold2_msa_nonpairing,2las,0.621,0.788,4.481,2.333
2las,42,2,0.8357,0.6665,0.8115,0.7908,0.6156,1.141,4.457,PepSet_dimer_output_esmfold2_msa_nonpairing,2las,0.613,0.758,4.457,2.3
2las,42,3,0.8426,0.6833,0.8199,0.7998,0.6435,1.2146,4.278,PepSet_dimer_output_esmfold2_msa_nonpairing,2las,0.625,0.758,4.278,2.195
2las,42,4,0.8388,0.6805,0.8162,0.7945,0.6362,1.5309,4.1409,PepSet_dimer_output_esmfold2_msa_nonpairing,2las,0.626,0.758,4.141,2.22
2las,43,0,0.8286,0.6755,0.8067,0.7853,0.6371,2.4998,4.4362,PepSet_dimer_output_esmfold2_msa_nonpairing,2las,0.618,0.758,4.436,2.228
2las,43,1,0.8367,0.6673,0.8125,0.7911,0.6254,1.1355,3.7794,PepSet_dimer_output_esmfold2_msa_nonpairing,2las,0.661,0.788,3.779,2.002
2las,43,2,0.8444,0.6828,0.8213,0.8015,0.6419,1.5188,4.4669,PepSet_dimer_output_esmfold2_msa_nonpairing,2las,0.61,0.758,4.467,2.348
2las,43,3,0.8388,0.6763,0.8156,0.7967,0.6408,1.3973,3.9503,PepSet_dimer_output_esmfold2_msa_nonpairing,2las,0.636,0.758,3.95,2.154
2las,43,4,0.8377,0.6581,0.812,0.7921,0.6023,1.2954,3.6989,PepSet_dimer_output_esmfold2_msa_nonpairing,2las,0.66,0.788,3.699,2.042
2las,44,0,0.8434,0.6637,0.8178,0.7964,0.6359,1.7341,3.6443,PepSet_dimer_output_esmfold2_msa_nonpairing,2las,0.654,0.758,3.644,1.996
2las,44,1,0.8372,0.6661,0.8128,0.7916,0.6159,1.5379,4.1175,PepSet_dimer_output_esmfold2_msa_nonpairing,2las,0.64,0.788,4.117,2.183
2las,44,2,0.837,0.6702,0.8132,0.7922,0.6307,1.1755,4.1363,PepSet_dimer_output_esmfold2_msa_nonpairing,2las,0.628,0.758,4.136,2.199
2las,44,3,0.8326,0.6629,0.8083,0.7858,0.6082,1.9242,5.1379,PepSet_dimer_output_esmfold2_msa_nonpairing,2las,0.587,0.758,5.138,2.455
2las,44,4,0.8407,0.681,0.8179,0.7979,0.64,1.159,4.3839,PepSet_dimer_output_esmfold2_msa_nonpairing,2las,0.617,0.758,4.384,2.28
2lsi,42,0,0.8891,0.7245,0.865,0.8749,0.8559,1.5311,5.8412,PepSet_dimer_output_esmfold2_msa_nonpairing,2lsi,0.614,0.914,5.841,2.606
2lsi,42,1,0.8884,0.7166,0.8633,0.8738,0.8519,1.6609,6.0512,PepSet_dimer_output_esmfold2_msa_nonpairing,2lsi,0.601,0.914,6.051,2.782
2lsi,42,2,0.8884,0.7281,0.8649,0.878,0.8541,1.2531,4.5694,PepSet_dimer_output_esmfold2_msa_nonpairing,2lsi,0.676,0.914,4.569,2.106
2lsi,42,3,0.8893,0.7121,0.8634,0.8747,0.8521,1.2678,3.2237,PepSet_dimer_output_esmfold2_msa_nonpairing,2lsi,0.74,0.914,3.224,1.721
2lsi,42,4,0.8875,0.7275,0.8641,0.876,0.8583,1.3696,5.8472,PepSet_dimer_output_esmfold2_msa_nonpairing,2lsi,0.625,0.943,5.847,2.577
2lsi,43,0,0.8904,0.7242,0.866,0.8773,0.8538,1.3493,4.7017,PepSet_dimer_output_esmfold2_msa_nonpairing,2lsi,0.655,0.886,4.702,2.215
2lsi,43,1,0.8907,0.7126,0.8646,0.8747,0.8576,1.1917,6.5795,PepSet_dimer_output_esmfold2_msa_nonpairing,2lsi,0.551,0.8,6.58,2.759
2lsi,43,2,0.8872,0.7187,0.8625,0.8749,0.8553,1.3196,2.9384,PepSet_dimer_output_esmfold2_msa_nonpairing,2lsi,0.753,0.943,2.938,1.751
2lsi,43,3,0.8898,0.7221,0.8652,0.8766,0.8587,1.1457,5.3522,PepSet_dimer_output_esmfold2_msa_nonpairing,2lsi,0.64,0.886,5.352,2.196
2lsi,43,4,0.8903,0.7294,0.8667,0.8779,0.8574,1.2893,6.0367,PepSet_dimer_output_esmfold2_msa_nonpairing,2lsi,0.623,0.943,6.037,2.522
2lsi,44,0,0.8896,0.7253,0.8655,0.8768,0.8582,1.2003,5.092,PepSet_dimer_output_esmfold2_msa_nonpairing,2lsi,0.644,0.886,5.092,2.236
2lsi,44,1,0.8835,0.713,0.8585,0.8707,0.8492,1.4193,4.6934,PepSet_dimer_output_esmfold2_msa_nonpairing,2lsi,0.654,0.886,4.693,2.233
2lsi,44,2,0.8886,0.7081,0.8621,0.8725,0.8557,1.3832,3.4245,PepSet_dimer_output_esmfold2_msa_nonpairing,2lsi,0.724,0.943,3.425,1.962
2lsi,44,3,0.89,0.7244,0.8658,0.8771,0.8578,1.2667,5.2324,PepSet_dimer_output_esmfold2_msa_nonpairing,2lsi,0.655,0.943,5.232,2.31
2lsi,44,4,0.8859,0.7123,0.8604,0.8696,0.8489,1.1307,2.3207,PepSet_dimer_output_esmfold2_msa_nonpairing,2lsi,0.795,0.914,2.321,1.388
2m0v,42,0,0.8579,0.8827,0.8589,0.8468,0.9506,7.593,2.696,PepSet_dimer_output_esmfold2_msa_nonpairing,2m0v,0.761,0.88,2.696,1.515
2m0v,42,1,0.8553,0.886,0.8564,0.8471,0.9526,4.3168,2.6477,PepSet_dimer_output_esmfold2_msa_nonpairing,2m0v,0.756,0.88,2.648,1.569
2m0v,42,2,0.8601,0.8902,0.8612,0.8515,0.9556,5.0791,3.2702,PepSet_dimer_output_esmfold2_msa_nonpairing,2m0v,0.737,0.84,3.27,1.498
2m0v,42,3,0.8538,0.8888,0.8551,0.8463,0.9532,4.641,3.1515,PepSet_dimer_output_esmfold2_msa_nonpairing,2m0v,0.74,0.84,3.152,1.501
2m0v,42,4,0.8605,0.8862,0.8614,0.8494,0.954,4.6947,3.1331,PepSet_dimer_output_esmfold2_msa_nonpairing,2m0v,0.74,0.84,3.133,1.502
2m0v,43,0,0.8618,0.8831,0.8626,0.8544,0.9511,5.6343,3.1709,PepSet_dimer_output_esmfold2_msa_nonpairing,2m0v,0.748,0.88,3.171,1.543
2m0v,43,1,0.8614,0.8867,0.8624,0.8542,0.9555,7.2525,2.9722,PepSet_dimer_output_esmfold2_msa_nonpairing,2m0v,0.739,0.84,2.972,1.539
2m0v,43,2,0.8607,0.8852,0.8616,0.8511,0.9534,5.4197,2.8865,PepSet_dimer_output_esmfold2_msa_nonpairing,2m0v,0.738,0.84,2.886,1.573
2m0v,43,3,0.86,0.8899,0.8612,0.8493,0.9551,6.6633,3.5323,PepSet_dimer_output_esmfold2_msa_nonpairing,2m0v,0.74,0.88,3.532,1.536
2m0v,43,4,0.8681,0.8881,0.8689,0.86,0.9551,6.3261,2.8226,PepSet_dimer_output_esmfold2_msa_nonpairing,2m0v,0.759,0.88,2.823,1.51
2m0v,44,0,0.8625,0.8844,0.8633,0.854,0.9506,6.3543,2.958,PepSet_dimer_output_esmfold2_msa_nonpairing,2m0v,0.759,0.88,2.958,1.489
2m0v,44,1,0.86,0.8883,0.8611,0.8541,0.9552,5.7422,2.9306,PepSet_dimer_output_esmfold2_msa_nonpairing,2m0v,0.753,0.88,2.931,1.546
2m0v,44,2,0.8599,0.8876,0.861,0.8521,0.9539,6.5822,3.2891,PepSet_dimer_output_esmfold2_msa_nonpairing,2m0v,0.759,0.92,3.289,1.538
2m0v,44,3,0.8606,0.8872,0.8616,0.8525,0.9535,5.1274,3.0629,PepSet_dimer_output_esmfold2_msa_nonpairing,2m0v,0.737,0.84,3.063,1.544
2m0v,44,4,0.8678,0.8895,0.8686,0.8594,0.9544,5.521,3.0521,PepSet_dimer_output_esmfold2_msa_nonpairing,2m0v,0.749,0.88,3.052,1.56
2nnu,42,0,0.918,0.7674,0.9043,0.894,0.8118,1.4464,3.9106,PepSet_dimer_output_esmfold2_msa_nonpairing,2nnu,0.741,0.917,3.911,1.562
2nnu,42,1,0.9187,0.7542,0.9038,0.8914,0.794,1.1678,4.3948,PepSet_dimer_output_esmfold2_msa_nonpairing,2nnu,0.727,0.917,4.395,1.579
2nnu,42,2,0.92,0.7455,0.9042,0.8983,0.7938,1.1591,4.7261,PepSet_dimer_output_esmfold2_msa_nonpairing,2nnu,0.694,0.944,4.726,1.947
2nnu,42,3,0.9182,0.733,0.9014,0.8945,0.7726,1.3733,6.7375,PepSet_dimer_output_esmfold2_msa_nonpairing,2nnu,0.511,0.75,6.737,3.341
2nnu,42,4,0.9184,0.7641,0.9044,0.8977,0.8094,1.6579,3.7538,PepSet_dimer_output_esmfold2_msa_nonpairing,2nnu,0.766,0.944,3.754,1.448
2nnu,43,0,0.9157,0.7155,0.8976,0.8911,0.7618,1.7921,7.7842,PepSet_dimer_output_esmfold2_msa_nonpairing,2nnu,0.529,0.917,7.784,3.935
2nnu,43,1,0.9173,0.7099,0.8985,0.8943,0.7588,1.4636,8.1027,PepSet_dimer_output_esmfold2_msa_nonpairing,2nnu,0.511,0.889,8.103,4.044
2nnu,43,2,0.9194,0.7623,0.9052,0.8997,0.8045,1.1487,3.9193,PepSet_dimer_output_esmfold2_msa_nonpairing,2nnu,0.75,0.944,3.919,1.557
2nnu,43,3,0.915,0.7445,0.8996,0.8867,0.7869,1.6017,6.0281,PepSet_dimer_output_esmfold2_msa_nonpairing,2nnu,0.596,0.917,6.028,2.938
2nnu,43,4,0.9187,0.7416,0.9027,0.8975,0.7805,1.6986,6.3564,PepSet_dimer_output_esmfold2_msa_nonpairing,2nnu,0.589,0.944,6.356,3.193
2nnu,44,0,0.9174,0.7552,0.9027,0.8953,0.798,1.3406,3.4752,PepSet_dimer_output_esmfold2_msa_nonpairing,2nnu,0.81,1.0,3.475,1.291
2nnu,44,1,0.9178,0.7356,0.9013,0.896,0.7779,1.2918,5.3031,PepSet_dimer_output_esmfold2_msa_nonpairing,2nnu,0.64,0.917,5.303,2.385
2nnu,44,2,0.9191,0.7639,0.905,0.8984,0.8032,1.2996,3.7084,PepSet_dimer_output_esmfold2_msa_nonpairing,2nnu,0.778,0.944,3.708,1.361
2nnu,44,3,0.92,0.7492,0.9045,0.8959,0.7915,1.848,5.7917,PepSet_dimer_output_esmfold2_msa_nonpairing,2nnu,0.595,0.889,5.792,2.874
2nnu,44,4,0.9196,0.7645,0.9056,0.8976,0.8093,1.2996,4.0552,PepSet_dimer_output_esmfold2_msa_nonpairing,2nnu,0.74,0.944,4.055,1.62
2o9v,42,0,0.9526,0.9451,0.9516,0.9503,0.9294,0.8572,0.9386,PepSet_dimer_output_esmfold2_msa_nonpairing,2o9v,0.969,1.0,0.939,0.442
2o9v,42,1,0.9535,0.9448,0.9524,0.9507,0.9284,0.8342,0.9883,PepSet_dimer_output_esmfold2_msa_nonpairing,2o9v,0.954,0.96,0.988,0.456
2o9v,42,2,0.9525,0.9429,0.9512,0.9503,0.9258,0.9905,0.8246,PepSet_dimer_output_esmfold2_msa_nonpairing,2o9v,0.944,0.92,0.825,0.437
2o9v,42,3,0.9528,0.9455,0.9519,0.9507,0.9284,0.9135,0.9549,PepSet_dimer_output_esmfold2_msa_nonpairing,2o9v,0.946,0.92,0.955,0.41
2o9v,42,4,0.9532,0.9409,0.9516,0.949,0.9229,0.6338,0.7453,PepSet_dimer_output_esmfold2_msa_nonpairing,2o9v,0.964,0.96,0.745,0.381
2o9v,43,0,0.953,0.9437,0.9517,0.9493,0.9242,0.6544,0.7455,PepSet_dimer_output_esmfold2_msa_nonpairing,2o9v,0.964,0.96,0.745,0.381
2o9v,43,1,0.9515,0.9439,0.9505,0.9491,0.9256,0.9177,1.161,PepSet_dimer_output_esmfold2_msa_nonpairing,2o9v,0.949,0.96,1.161,0.484
2o9v,43,2,0.9507,0.9439,0.9498,0.9482,0.9274,0.8693,0.9238,PepSet_dimer_output_esmfold2_msa_nonpairing,2o9v,0.967,1.0,0.924,0.46
2o9v,43,3,0.9517,0.9339,0.9494,0.9478,0.9131,0.8336,0.787,PepSet_dimer_output_esmfold2_msa_nonpairing,2o9v,0.959,0.96,0.787,0.422
2o9v,43,4,0.9541,0.9438,0.9528,0.9515,0.9257,0.8268,0.9638,PepSet_dimer_output_esmfold2_msa_nonpairing,2o9v,0.972,1.0,0.964,0.419
2o9v,44,0,0.9536,0.9456,0.9526,0.951,0.9285,0.7684,1.0303,PepSet_dimer_output_esmfold2_msa_nonpairing,2o9v,0.951,0.96,1.03,0.476
2o9v,44,1,0.9543,0.9465,0.9533,0.9519,0.9303,0.8792,0.9331,PepSet_dimer_output_esmfold2_msa_nonpairing,2o9v,0.96,0.96,0.933,0.404
2o9v,44,2,0.9526,0.9456,0.9517,0.9502,0.9284,0.928,0.9081,PepSet_dimer_output_esmfold2_msa_nonpairing,2o9v,0.959,0.96,0.908,0.417
2o9v,44,3,0.9536,0.9423,0.9521,0.9504,0.9247,0.7365,0.6444,PepSet_dimer_output_esmfold2_msa_nonpairing,2o9v,0.967,0.96,0.644,0.358
2o9v,44,4,0.9531,0.9428,0.9517,0.9507,0.9242,1.0211,0.98,PepSet_dimer_output_esmfold2_msa_nonpairing,2o9v,0.965,1.0,0.98,0.48
2p1o,42,0,0.9072,0.3914,0.8958,0.9311,0.6162,4.5804,5.845,PepSet_dimer_output_esmfold2_msa_nonpairing,2p1o,0.445,0.311,5.845,2.065
2p1o,42,1,0.9055,0.3712,0.8936,0.9322,0.5807,4.6575,6.8577,PepSet_dimer_output_esmfold2_msa_nonpairing,2p1o,0.392,0.289,6.858,2.4
2p1o,42,2,0.9013,0.3919,0.89,0.9231,0.6177,0.8632,8.9528,PepSet_dimer_output_esmfold2_msa_nonpairing,2p1o,0.291,0.222,8.953,3.254
2p1o,42,3,0.9076,0.3871,0.896,0.9341,0.6104,4.6556,5.0199,PepSet_dimer_output_esmfold2_msa_nonpairing,2p1o,0.52,0.422,5.02,1.852
2p1o,42,4,0.9018,0.3662,0.8899,0.9249,0.5805,4.7791,7.4792,PepSet_dimer_output_esmfold2_msa_nonpairing,2p1o,0.384,0.356,7.479,2.727
2p1o,43,0,0.9064,0.3976,0.8951,0.9336,0.6301,4.5911,8.3437,PepSet_dimer_output_esmfold2_msa_nonpairing,2p1o,0.347,0.333,8.344,3.005
2p1o,43,1,0.9029,0.3986,0.8917,0.928,0.6247,3.5774,9.1483,PepSet_dimer_output_esmfold2_msa_nonpairing,2p1o,0.347,0.4,9.148,3.227
2p1o,43,2,0.9048,0.4006,0.8935,0.93,0.6338,4.7732,9.0708,PepSet_dimer_output_esmfold2_msa_nonpairing,2p1o,0.311,0.289,9.071,3.253
2p1o,43,3,0.9076,0.4002,0.8963,0.9322,0.6282,4.6058,9.2136,PepSet_dimer_output_esmfold2_msa_nonpairing,2p1o,0.307,0.289,9.214,3.271
2p1o,43,4,0.9085,0.3978,0.8972,0.9363,0.6319,4.6133,6.0538,PepSet_dimer_output_esmfold2_msa_nonpairing,2p1o,0.461,0.4,6.054,2.19
2p1o,44,0,0.9059,0.3767,0.8941,0.9295,0.6012,4.7269,6.2584,PepSet_dimer_output_esmfold2_msa_nonpairing,2p1o,0.418,0.289,6.258,2.206
2p1o,44,1,0.908,0.3839,0.8964,0.933,0.6158,4.501,8.534,PepSet_dimer_output_esmfold2_msa_nonpairing,2p1o,0.335,0.311,8.534,3.045
2p1o,44,2,0.9047,0.3822,0.893,0.9302,0.6118,4.8359,8.5356,PepSet_dimer_output_esmfold2_msa_nonpairing,2p1o,0.34,0.333,8.536,3.117
2p1o,44,3,0.9064,0.3771,0.8946,0.9327,0.5994,4.6801,7.1777,PepSet_dimer_output_esmfold2_msa_nonpairing,2p1o,0.389,0.333,7.178,2.592
2p1o,44,4,0.913,0.3497,0.9004,0.9416,0.5592,4.626,5.6785,PepSet_dimer_output_esmfold2_msa_nonpairing,2p1o,0.498,0.467,5.679,2.115
2qos,42,0,0.9368,0.9121,0.9353,0.9639,0.9627,0.7516,0.4965,PepSet_dimer_output_esmfold2_msa_nonpairing,2qos,0.948,0.925,0.497,0.435
2qos,42,1,0.9349,0.9121,0.9336,0.9621,0.9629,0.7701,0.4188,PepSet_dimer_output_esmfold2_msa_nonpairing,2qos,0.95,0.906,0.419,0.355
2qos,42,2,0.9374,0.9098,0.9358,0.9643,0.9613,0.6413,0.569,PepSet_dimer_output_esmfold2_msa_nonpairing,2qos,0.947,0.925,0.569,0.435
2qos,42,3,0.9386,0.9116,0.937,0.9654,0.9618,0.6497,0.4945,PepSet_dimer_output_esmfold2_msa_nonpairing,2qos,0.939,0.906,0.495,0.458
2qos,42,4,0.9378,0.9107,0.9362,0.9649,0.9625,0.5564,0.5105,PepSet_dimer_output_esmfold2_msa_nonpairing,2qos,0.943,0.906,0.51,0.419
2qos,43,0,0.937,0.9091,0.9354,0.9644,0.9607,0.5524,0.4926,PepSet_dimer_output_esmfold2_msa_nonpairing,2qos,0.927,0.868,0.493,0.455
2qos,43,1,0.9378,0.9115,0.9362,0.9651,0.963,0.551,0.4326,PepSet_dimer_output_esmfold2_msa_nonpairing,2qos,0.947,0.906,0.433,0.385
2qos,43,2,0.9379,0.9108,0.9363,0.9642,0.9618,0.7603,0.505,PepSet_dimer_output_esmfold2_msa_nonpairing,2qos,0.94,0.906,0.505,0.448
2qos,43,3,0.9367,0.9089,0.9351,0.9642,0.9606,0.513,0.5344,PepSet_dimer_output_esmfold2_msa_nonpairing,2qos,0.937,0.906,0.534,0.471
2qos,43,4,0.9369,0.9123,0.9354,0.9641,0.9638,0.5595,0.4189,PepSet_dimer_output_esmfold2_msa_nonpairing,2qos,0.934,0.868,0.419,0.394
2qos,44,0,0.9372,0.9128,0.9357,0.964,0.963,0.5065,0.4785,PepSet_dimer_output_esmfold2_msa_nonpairing,2qos,0.944,0.906,0.478,0.412
2qos,44,1,0.9371,0.9126,0.9356,0.9641,0.9629,0.528,0.4752,PepSet_dimer_output_esmfold2_msa_nonpairing,2qos,0.948,0.925,0.475,0.432
2qos,44,2,0.9369,0.9112,0.9354,0.964,0.9619,0.6106,0.5477,PepSet_dimer_output_esmfold2_msa_nonpairing,2qos,0.938,0.925,0.548,0.517
2qos,44,3,0.9376,0.913,0.9361,0.9644,0.9643,0.5152,0.501,PepSet_dimer_output_esmfold2_msa_nonpairing,2qos,0.953,0.925,0.501,0.386
2qos,44,4,0.9369,0.9109,0.9354,0.9642,0.9626,0.5119,0.5113,PepSet_dimer_output_esmfold2_msa_nonpairing,2qos,0.943,0.906,0.511,0.424
2r7g,42,0,0.923,0.9228,0.923,0.9486,0.9725,1.4008,0.6834,PepSet_dimer_output_esmfold2_msa_nonpairing,2r7g,0.902,0.86,0.683,0.626
2r7g,42,1,0.9227,0.9201,0.9226,0.9487,0.9717,0.9926,0.5349,PepSet_dimer_output_esmfold2_msa_nonpairing,2r7g,0.899,0.86,0.535,0.653
2r7g,42,2,0.923,0.9199,0.9229,0.9504,0.9733,1.0854,0.8743,PepSet_dimer_output_esmfold2_msa_nonpairing,2r7g,0.885,0.84,0.874,0.692
2r7g,42,3,0.9225,0.9222,0.9225,0.9489,0.9734,0.957,0.4894,PepSet_dimer_output_esmfold2_msa_nonpairing,2r7g,0.89,0.84,0.489,0.674
2r7g,42,4,0.9226,0.9205,0.9225,0.9488,0.9715,1.0657,0.4876,PepSet_dimer_output_esmfold2_msa_nonpairing,2r7g,0.9,0.86,0.488,0.646
2r7g,43,0,0.9233,0.9227,0.9232,0.9492,0.972,1.247,0.6042,PepSet_dimer_output_esmfold2_msa_nonpairing,2r7g,0.893,0.84,0.604,0.646
2r7g,43,1,0.9235,0.92,0.9234,0.9491,0.9714,1.3233,0.4377,PepSet_dimer_output_esmfold2_msa_nonpairing,2r7g,0.899,0.86,0.438,0.656
2r7g,43,2,0.9229,0.9224,0.9229,0.9487,0.9719,1.1419,0.5922,PepSet_dimer_output_esmfold2_msa_nonpairing,2r7g,0.897,0.86,0.592,0.661
2r7g,43,3,0.921,0.9193,0.9209,0.9484,0.9733,0.909,0.8719,PepSet_dimer_output_esmfold2_msa_nonpairing,2r7g,0.884,0.84,0.872,0.694
2r7g,43,4,0.9226,0.9212,0.9225,0.9489,0.9722,0.9578,0.4021,PepSet_dimer_output_esmfold2_msa_nonpairing,2r7g,0.899,0.86,0.402,0.653
2r7g,44,0,0.9232,0.9227,0.9232,0.9498,0.9728,0.9491,0.4422,PepSet_dimer_output_esmfold2_msa_nonpairing,2r7g,0.89,0.84,0.442,0.672
2r7g,44,1,0.9221,0.9222,0.9221,0.9491,0.9721,1.0069,0.3274,PepSet_dimer_output_esmfold2_msa_nonpairing,2r7g,0.902,0.86,0.327,0.64
2r7g,44,2,0.924,0.9216,0.9239,0.9503,0.9716,0.9337,0.4363,PepSet_dimer_output_esmfold2_msa_nonpairing,2r7g,0.899,0.86,0.436,0.656
2r7g,44,3,0.9234,0.9196,0.9233,0.9498,0.9713,0.9237,0.4654,PepSet_dimer_output_esmfold2_msa_nonpairing,2r7g,0.893,0.84,0.465,0.649
2r7g,44,4,0.9235,0.9237,0.9235,0.9499,0.9723,1.2778,0.3786,PepSet_dimer_output_esmfold2_msa_nonpairing,2r7g,0.9,0.84,0.379,0.603
2rol,42,0,0.8374,0.7552,0.8244,0.7755,0.6753,2.3955,3.0822,PepSet_dimer_output_esmfold2_msa_nonpairing,2rol,0.731,0.781,3.082,1.416
2rol,42,1,0.7578,0.5446,0.7241,0.6561,0.3744,2.4468,4.5961,PepSet_dimer_output_esmfold2_msa_nonpairing,2rol,0.665,0.75,4.596,1.592
2rol,42,2,0.8418,0.7532,0.8278,0.78,0.6689,3.0183,3.2398,PepSet_dimer_output_esmfold2_msa_nonpairing,2rol,0.751,0.844,3.24,1.397
2rol,42,3,0.8321,0.7492,0.819,0.7687,0.66,1.9886,2.4508,PepSet_dimer_output_esmfold2_msa_nonpairing,2rol,0.788,0.844,2.451,1.23
2rol,42,4,0.8334,0.7405,0.8187,0.7681,0.6493,2.5346,3.1751,PepSet_dimer_output_esmfold2_msa_nonpairing,2rol,0.754,0.812,3.175,1.298
2rol,43,0,0.8365,0.7399,0.8212,0.7668,0.6471,2.832,3.0919,PepSet_dimer_output_esmfold2_msa_nonpairing,2rol,0.759,0.844,3.092,1.359
2rol,43,1,0.8418,0.7639,0.8295,0.7827,0.6863,2.6216,2.9588,PepSet_dimer_output_esmfold2_msa_nonpairing,2rol,0.752,0.844,2.959,1.441
2rol,43,2,0.8233,0.7477,0.8113,0.7626,0.6627,2.9291,2.9641,PepSet_dimer_output_esmfold2_msa_nonpairing,2rol,0.732,0.781,2.964,1.43
2rol,43,3,0.8383,0.7612,0.8261,0.7763,0.6818,2.4266,3.0386,PepSet_dimer_output_esmfold2_msa_nonpairing,2rol,0.726,0.781,3.039,1.468
2rol,43,4,0.8243,0.7189,0.8076,0.7518,0.6078,2.1737,2.9592,PepSet_dimer_output_esmfold2_msa_nonpairing,2rol,0.776,0.875,2.959,1.325
2rol,44,0,0.8373,0.7545,0.8242,0.7752,0.6727,2.4423,2.8434,PepSet_dimer_output_esmfold2_msa_nonpairing,2rol,0.739,0.781,2.843,1.398
2rol,44,1,0.8317,0.7415,0.8175,0.7656,0.6551,2.544,2.9862,PepSet_dimer_output_esmfold2_msa_nonpairing,2rol,0.727,0.75,2.986,1.384
2rol,44,2,0.8357,0.7549,0.8229,0.7741,0.6742,2.5607,2.9299,PepSet_dimer_output_esmfold2_msa_nonpairing,2rol,0.739,0.781,2.93,1.375
2rol,44,3,0.8368,0.7541,0.8238,0.7747,0.6745,2.7281,3.281,PepSet_dimer_output_esmfold2_msa_nonpairing,2rol,0.728,0.812,3.281,1.495
2rol,44,4,0.8327,0.7536,0.8202,0.7711,0.6698,2.0917,2.8875,PepSet_dimer_output_esmfold2_msa_nonpairing,2rol,0.74,0.781,2.888,1.38
2v8c,42,0,0.9267,0.4557,0.8864,0.9094,0.2846,0.5305,19.9233,PepSet_dimer_output_esmfold2_msa_nonpairing,2v8c,0.107,0.143,19.923,9.26
2v8c,42,1,0.9363,0.6416,0.9111,0.9335,0.5673,0.587,5.0822,PepSet_dimer_output_esmfold2_msa_nonpairing,2v8c,0.546,0.571,5.082,2.139
2v8c,42,2,0.933,0.5877,0.9035,0.9263,0.4864,0.4518,5.1233,PepSet_dimer_output_esmfold2_msa_nonpairing,2v8c,0.534,0.514,5.123,2.031
2v8c,42,3,0.9314,0.6038,0.9034,0.9275,0.5144,0.4186,5.0907,PepSet_dimer_output_esmfold2_msa_nonpairing,2v8c,0.545,0.543,5.091,2.011
2v8c,42,4,0.9284,0.5307,0.8944,0.9176,0.4014,0.5506,5.1319,PepSet_dimer_output_esmfold2_msa_nonpairing,2v8c,0.545,0.571,5.132,2.135
2v8c,43,0,0.9349,0.638,0.9095,0.9329,0.5552,0.4741,4.8421,PepSet_dimer_output_esmfold2_msa_nonpairing,2v8c,0.563,0.571,4.842,1.983
2v8c,43,1,0.9286,0.4563,0.8882,0.9097,0.2755,0.4587,19.7965,PepSet_dimer_output_esmfold2_msa_nonpairing,2v8c,0.099,0.114,19.796,9.201
2v8c,43,2,0.9362,0.6223,0.9093,0.9325,0.5435,0.5908,5.3006,PepSet_dimer_output_esmfold2_msa_nonpairing,2v8c,0.538,0.571,5.301,2.181
2v8c,43,3,0.9254,0.4413,0.884,0.9075,0.2714,0.4298,19.0386,PepSet_dimer_output_esmfold2_msa_nonpairing,2v8c,0.122,0.171,19.039,8.871
2v8c,43,4,0.9322,0.612,0.9048,0.9284,0.5234,0.4831,4.9165,PepSet_dimer_output_esmfold2_msa_nonpairing,2v8c,0.56,0.571,4.917,1.999
2v8c,44,0,0.9346,0.6268,0.9083,0.9315,0.5411,0.6124,5.3436,PepSet_dimer_output_esmfold2_msa_nonpairing,2v8c,0.533,0.571,5.344,2.228
2v8c,44,1,0.9363,0.6105,0.9085,0.9305,0.5184,0.5933,5.0129,PepSet_dimer_output_esmfold2_msa_nonpairing,2v8c,0.55,0.571,5.013,2.107
2v8c,44,2,0.9337,0.6255,0.9074,0.9305,0.5444,0.5054,5.0414,PepSet_dimer_output_esmfold2_msa_nonpairing,2v8c,0.542,0.543,5.041,2.068
2v8c,44,3,0.932,0.6189,0.9052,0.9277,0.5338,0.6108,4.7176,PepSet_dimer_output_esmfold2_msa_nonpairing,2v8c,0.566,0.571,4.718,1.985
2v8c,44,4,0.9329,0.6167,0.9058,0.9293,0.533,0.4417,4.8817,PepSet_dimer_output_esmfold2_msa_nonpairing,2v8c,0.547,0.514,4.882,1.94
2vzg,42,0,0.906,0.6224,0.8758,0.899,0.5671,0.4321,3.8591,PepSet_dimer_output_esmfold2_msa_nonpairing,2vzg,0.702,0.893,3.859,1.902
2vzg,42,1,0.9078,0.6694,0.8825,0.9058,0.6267,0.4618,2.2935,PepSet_dimer_output_esmfold2_msa_nonpairing,2vzg,0.847,0.964,2.294,1.115
2vzg,42,2,0.9071,0.6623,0.8811,0.9038,0.6093,0.4451,2.7901,PepSet_dimer_output_esmfold2_msa_nonpairing,2vzg,0.786,0.857,2.79,1.232
2vzg,42,3,0.9054,0.6603,0.8794,0.9024,0.6071,0.417,2.1574,PepSet_dimer_output_esmfold2_msa_nonpairing,2vzg,0.856,0.964,2.157,1.066
2vzg,42,4,0.9099,0.6701,0.8844,0.9079,0.6236,0.4451,2.2177,PepSet_dimer_output_esmfold2_msa_nonpairing,2vzg,0.853,0.964,2.218,1.082
2vzg,43,0,0.9144,0.689,0.8904,0.9147,0.6577,0.4316,2.2808,PepSet_dimer_output_esmfold2_msa_nonpairing,2vzg,0.841,0.929,2.281,1.074
2vzg,43,1,0.9161,0.6922,0.8923,0.9168,0.6668,0.3887,2.3842,PepSet_dimer_output_esmfold2_msa_nonpairing,2vzg,0.831,0.929,2.384,1.128
2vzg,43,2,0.9083,0.664,0.8823,0.9062,0.6167,0.4302,3.0707,PepSet_dimer_output_esmfold2_msa_nonpairing,2vzg,0.754,0.857,3.071,1.439
2vzg,43,3,0.9079,0.665,0.8821,0.9054,0.6189,0.4167,2.952,PepSet_dimer_output_esmfold2_msa_nonpairing,2vzg,0.781,0.893,2.952,1.338
2vzg,43,4,0.9117,0.6772,0.8867,0.9106,0.6353,0.4604,3.331,PepSet_dimer_output_esmfold2_msa_nonpairing,2vzg,0.741,0.857,3.331,1.502
2vzg,44,0,0.9063,0.6611,0.8802,0.903,0.6071,0.4192,2.157,PepSet_dimer_output_esmfold2_msa_nonpairing,2vzg,0.843,0.929,2.157,1.074
2vzg,44,1,0.9112,0.6777,0.8864,0.9102,0.6381,0.4246,2.7823,PepSet_dimer_output_esmfold2_msa_nonpairing,2vzg,0.79,0.893,2.782,1.29
2vzg,44,2,0.907,0.6634,0.8811,0.9044,0.6129,0.4081,2.7739,PepSet_dimer_output_esmfold2_msa_nonpairing,2vzg,0.819,0.964,2.774,1.253
2vzg,44,3,0.9089,0.673,0.8838,0.9068,0.6247,0.4926,2.3171,PepSet_dimer_output_esmfold2_msa_nonpairing,2vzg,0.847,0.964,2.317,1.111
2vzg,44,4,0.9158,0.6997,0.8928,0.9177,0.6782,0.4186,2.4508,PepSet_dimer_output_esmfold2_msa_nonpairing,2vzg,0.831,0.929,2.451,1.125
2xcb,42,0,0.9311,0.8739,0.9278,0.9329,0.941,1.3469,1.0279,PepSet_dimer_output_esmfold2_msa_nonpairing,2xcb,0.934,0.886,1.028,0.41
2xcb,42,1,0.9292,0.8734,0.926,0.9307,0.9386,1.9475,1.0538,PepSet_dimer_output_esmfold2_msa_nonpairing,2xcb,0.946,0.914,1.054,0.379
2xcb,42,2,0.9306,0.8724,0.9273,0.9332,0.9422,1.0894,1.0709,PepSet_dimer_output_esmfold2_msa_nonpairing,2xcb,0.936,0.886,1.071,0.383
2xcb,42,3,0.9298,0.8701,0.9264,0.9307,0.9395,2.0062,1.189,PepSet_dimer_output_esmfold2_msa_nonpairing,2xcb,0.932,0.886,1.189,0.414
2xcb,42,4,0.9307,0.876,0.9276,0.9319,0.9415,0.4457,0.9641,PepSet_dimer_output_esmfold2_msa_nonpairing,2xcb,0.936,0.886,0.964,0.395
2xcb,43,0,0.9277,0.8752,0.9248,0.9317,0.9426,2.367,1.4415,PepSet_dimer_output_esmfold2_msa_nonpairing,2xcb,0.928,0.886,1.442,0.424
2xcb,43,1,0.9303,0.8694,0.9268,0.9318,0.9354,1.889,0.9946,PepSet_dimer_output_esmfold2_msa_nonpairing,2xcb,0.936,0.886,0.995,0.393
2xcb,43,2,0.9313,0.8734,0.9281,0.9335,0.9379,1.5536,1.0619,PepSet_dimer_output_esmfold2_msa_nonpairing,2xcb,0.935,0.886,1.062,0.4
2xcb,43,3,0.93,0.8765,0.927,0.9328,0.9413,1.5509,0.9737,PepSet_dimer_output_esmfold2_msa_nonpairing,2xcb,0.939,0.886,0.974,0.363
2xcb,43,4,0.931,0.8746,0.9278,0.933,0.9405,0.6358,0.9229,PepSet_dimer_output_esmfold2_msa_nonpairing,2xcb,0.939,0.886,0.923,0.369
2xcb,44,0,0.9263,0.8624,0.9227,0.9285,0.9337,2.3274,1.3647,PepSet_dimer_output_esmfold2_msa_nonpairing,2xcb,0.923,0.886,1.365,0.48
2xcb,44,1,0.9276,0.8738,0.9246,0.9311,0.9383,1.9547,1.2709,PepSet_dimer_output_esmfold2_msa_nonpairing,2xcb,0.929,0.886,1.271,0.434
2xcb,44,2,0.9305,0.8726,0.9273,0.9322,0.9393,1.4419,0.9909,PepSet_dimer_output_esmfold2_msa_nonpairing,2xcb,0.95,0.914,0.991,0.351
2xcb,44,3,0.9318,0.8757,0.9286,0.9337,0.9428,1.6912,1.0811,PepSet_dimer_output_esmfold2_msa_nonpairing,2xcb,0.936,0.886,1.081,0.386
2xcb,44,4,0.932,0.8767,0.9289,0.9343,0.9426,1.5029,1.032,PepSet_dimer_output_esmfold2_msa_nonpairing,2xcb,0.938,0.886,1.032,0.367
2xpn,42,0,0.9446,0.8447,0.9319,0.958,0.8966,0.4358,2.3054,PepSet_dimer_output_esmfold2_msa_nonpairing,2xpn,0.823,0.915,2.305,1.165
2xpn,42,1,0.9443,0.8389,0.931,0.9573,0.8938,0.4234,2.1763,PepSet_dimer_output_esmfold2_msa_nonpairing,2xpn,0.833,0.915,2.176,1.112
2xpn,42,2,0.9443,0.8418,0.9313,0.9574,0.8963,0.4136,2.1436,PepSet_dimer_output_esmfold2_msa_nonpairing,2xpn,0.837,0.915,2.144,1.087
2xpn,42,3,0.9447,0.8428,0.9318,0.958,0.8974,0.4491,2.2485,PepSet_dimer_output_esmfold2_msa_nonpairing,2xpn,0.825,0.915,2.248,1.16
2xpn,42,4,0.9432,0.8264,0.9284,0.9554,0.8788,0.4968,2.6426,PepSet_dimer_output_esmfold2_msa_nonpairing,2xpn,0.778,0.872,2.643,1.353
2xpn,43,0,0.9445,0.8441,0.9318,0.9578,0.899,0.472,2.3974,PepSet_dimer_output_esmfold2_msa_nonpairing,2xpn,0.818,0.915,2.397,1.194
2xpn,43,1,0.9448,0.8416,0.9317,0.9579,0.894,0.4471,2.4416,PepSet_dimer_output_esmfold2_msa_nonpairing,2xpn,0.809,0.894,2.442,1.203
2xpn,43,2,0.9419,0.826,0.9272,0.9547,0.8824,0.4998,2.3623,PepSet_dimer_output_esmfold2_msa_nonpairing,2xpn,0.829,0.957,2.362,1.223
2xpn,43,3,0.9449,0.8274,0.93,0.9565,0.8814,0.4179,2.6953,PepSet_dimer_output_esmfold2_msa_nonpairing,2xpn,0.803,0.936,2.695,1.317
2xpn,43,4,0.9454,0.8452,0.9327,0.9588,0.8999,0.3848,2.3815,PepSet_dimer_output_esmfold2_msa_nonpairing,2xpn,0.81,0.894,2.382,1.199
2xpn,44,0,0.9447,0.8388,0.9313,0.9574,0.8899,0.4071,1.6577,PepSet_dimer_output_esmfold2_msa_nonpairing,2xpn,0.879,0.915,1.658,0.849
2xpn,44,1,0.9454,0.8451,0.9327,0.9586,0.9006,0.4647,2.367,PepSet_dimer_output_esmfold2_msa_nonpairing,2xpn,0.809,0.894,2.367,1.212
2xpn,44,2,0.9454,0.8444,0.9326,0.9584,0.8986,0.4205,2.4066,PepSet_dimer_output_esmfold2_msa_nonpairing,2xpn,0.802,0.872,2.407,1.205
2xpn,44,3,0.9446,0.8411,0.9315,0.9578,0.8971,0.4262,2.5854,PepSet_dimer_output_esmfold2_msa_nonpairing,2xpn,0.795,0.894,2.585,1.284
2xpn,44,4,0.9449,0.8389,0.9315,0.9578,0.892,0.5098,2.1441,PepSet_dimer_output_esmfold2_msa_nonpairing,2xpn,0.843,0.936,2.144,1.092
2xrw,42,0,0.8502,0.4559,0.8371,0.7663,0.5006,2.005,5.1108,PepSet_dimer_output_esmfold2_msa_nonpairing,2xrw,0.518,0.475,5.111,2.075
2xrw,42,1,0.8561,0.7024,0.851,0.7987,0.7615,1.9367,3.2084,PepSet_dimer_output_esmfold2_msa_nonpairing,2xrw,0.773,0.925,3.208,1.444
2xrw,42,2,0.8492,0.4525,0.836,0.7739,0.4943,1.6216,5.5128,PepSet_dimer_output_esmfold2_msa_nonpairing,2xrw,0.514,0.525,5.513,2.223
2xrw,42,3,0.8578,0.7101,0.8528,0.805,0.7721,2.7959,3.2946,PepSet_dimer_output_esmfold2_msa_nonpairing,2xrw,0.77,0.9,3.295,1.379
2xrw,42,4,0.8592,0.6829,0.8533,0.805,0.7515,1.521,3.4933,PepSet_dimer_output_esmfold2_msa_nonpairing,2xrw,0.763,0.925,3.493,1.471
2xrw,43,0,0.8563,0.7008,0.8511,0.7929,0.7553,2.1901,3.2241,PepSet_dimer_output_esmfold2_msa_nonpairing,2xrw,0.781,0.925,3.224,1.377
2xrw,43,1,0.8556,0.6925,0.8502,0.7934,0.7437,2.0058,3.2404,PepSet_dimer_output_esmfold2_msa_nonpairing,2xrw,0.776,0.925,3.24,1.41
2xrw,43,2,0.8563,0.6875,0.8507,0.7926,0.7449,1.9179,3.2205,PepSet_dimer_output_esmfold2_msa_nonpairing,2xrw,0.796,0.975,3.22,1.389
2xrw,43,3,0.8538,0.6954,0.8485,0.799,0.758,1.7762,3.151,PepSet_dimer_output_esmfold2_msa_nonpairing,2xrw,0.783,0.925,3.151,1.369
2xrw,43,4,0.8499,0.4785,0.8376,0.7687,0.5354,1.7702,5.351,PepSet_dimer_output_esmfold2_msa_nonpairing,2xrw,0.484,0.425,5.351,2.229
2xrw,44,0,0.8604,0.6918,0.8548,0.8065,0.7471,1.7813,3.2775,PepSet_dimer_output_esmfold2_msa_nonpairing,2xrw,0.787,0.95,3.277,1.386
2xrw,44,1,0.8598,0.7125,0.8549,0.7907,0.7542,1.6943,3.3197,PepSet_dimer_output_esmfold2_msa_nonpairing,2xrw,0.775,0.925,3.32,1.408
2xrw,44,2,0.8579,0.7006,0.8527,0.8071,0.7592,1.7024,3.2244,PepSet_dimer_output_esmfold2_msa_nonpairing,2xrw,0.79,0.95,3.224,1.366
2xrw,44,3,0.858,0.6949,0.8526,0.8,0.7557,1.734,3.3011,PepSet_dimer_output_esmfold2_msa_nonpairing,2xrw,0.774,0.925,3.301,1.421
2xrw,44,4,0.8579,0.7015,0.8527,0.7937,0.7663,1.4049,3.2725,PepSet_dimer_output_esmfold2_msa_nonpairing,2xrw,0.774,0.925,3.272,1.423
2ymt,42,0,0.9509,0.9251,0.9496,0.957,0.9561,0.2591,0.7125,PepSet_dimer_output_esmfold2_msa_nonpairing,2ymt,0.962,0.935,0.712,0.319
2ymt,42,1,0.9505,0.9267,0.9494,0.9568,0.9588,0.261,0.8414,PepSet_dimer_output_esmfold2_msa_nonpairing,2ymt,0.959,0.935,0.841,0.343
2ymt,42,2,0.9476,0.9251,0.9466,0.9554,0.9563,0.3711,0.6858,PepSet_dimer_output_esmfold2_msa_nonpairing,2ymt,0.962,0.935,0.686,0.314
2ymt,42,3,0.9504,0.9274,0.9493,0.9567,0.958,0.2846,0.3418,PepSet_dimer_output_esmfold2_msa_nonpairing,2ymt,0.978,0.968,0.342,0.268
2ymt,42,4,0.9502,0.928,0.9492,0.9568,0.9545,0.3388,0.5969,PepSet_dimer_output_esmfold2_msa_nonpairing,2ymt,0.967,0.935,0.597,0.259
2ymt,43,0,0.9507,0.9262,0.9495,0.9576,0.9561,0.3182,0.6567,PepSet_dimer_output_esmfold2_msa_nonpairing,2ymt,0.963,0.935,0.657,0.304
2ymt,43,1,0.9507,0.9247,0.9495,0.9569,0.9576,0.382,0.4294,PepSet_dimer_output_esmfold2_msa_nonpairing,2ymt,0.978,0.968,0.429,0.271
2ymt,43,2,0.9505,0.9268,0.9494,0.9569,0.9541,0.3286,0.6165,PepSet_dimer_output_esmfold2_msa_nonpairing,2ymt,0.965,0.935,0.617,0.292
2ymt,43,3,0.951,0.9288,0.95,0.957,0.9575,0.2769,0.4359,PepSet_dimer_output_esmfold2_msa_nonpairing,2ymt,0.98,0.968,0.436,0.243
2ymt,43,4,0.9497,0.9278,0.9487,0.9565,0.9575,0.4626,0.4206,PepSet_dimer_output_esmfold2_msa_nonpairing,2ymt,0.979,0.968,0.421,0.251
2ymt,44,0,0.9498,0.9256,0.9487,0.9567,0.9568,0.285,0.7566,PepSet_dimer_output_esmfold2_msa_nonpairing,2ymt,0.961,0.935,0.757,0.329
2ymt,44,1,0.9506,0.9255,0.9494,0.9567,0.9588,0.3054,0.4521,PepSet_dimer_output_esmfold2_msa_nonpairing,2ymt,0.977,0.968,0.452,0.279
2ymt,44,2,0.9502,0.9286,0.9492,0.9561,0.9552,0.3246,0.4823,PepSet_dimer_output_esmfold2_msa_nonpairing,2ymt,0.968,0.935,0.482,0.251
2ymt,44,3,0.9513,0.93,0.9503,0.9573,0.9548,0.3057,0.5633,PepSet_dimer_output_esmfold2_msa_nonpairing,2ymt,0.966,0.935,0.563,0.276
2ymt,44,4,0.9514,0.9263,0.9502,0.9575,0.9567,0.2634,0.7967,PepSet_dimer_output_esmfold2_msa_nonpairing,2ymt,0.959,0.935,0.797,0.339
3agy,42,0,0.9283,0.8527,0.9254,0.8779,0.9229,1.2202,1.5366,PepSet_dimer_output_esmfold2_msa_nonpairing,3agy,0.937,0.933,1.537,0.474
3agy,42,1,0.9257,0.8414,0.9224,0.8448,0.9201,2.2843,2.4053,PepSet_dimer_output_esmfold2_msa_nonpairing,3agy,0.884,0.933,2.405,0.765
3agy,42,2,0.9286,0.8501,0.9256,0.878,0.9218,1.7132,1.9635,PepSet_dimer_output_esmfold2_msa_nonpairing,3agy,0.912,0.9,1.963,0.538
3agy,42,3,0.9275,0.8546,0.9247,0.8646,0.9258,1.8689,1.8933,PepSet_dimer_output_esmfold2_msa_nonpairing,3agy,0.913,0.9,1.893,0.54
3agy,42,4,0.9288,0.8564,0.9261,0.8722,0.9273,1.1631,1.2927,PepSet_dimer_output_esmfold2_msa_nonpairing,3agy,0.95,0.933,1.293,0.377
3agy,43,0,0.9283,0.8544,0.9255,0.8757,0.9238,1.4717,1.6173,PepSet_dimer_output_esmfold2_msa_nonpairing,3agy,0.937,0.933,1.617,0.463
3agy,43,1,0.9288,0.853,0.9259,0.8768,0.9223,1.2124,1.6606,PepSet_dimer_output_esmfold2_msa_nonpairing,3agy,0.934,0.933,1.661,0.484
3agy,43,2,0.9288,0.8554,0.926,0.8766,0.9255,1.4407,1.9027,PepSet_dimer_output_esmfold2_msa_nonpairing,3agy,0.915,0.9,1.903,0.518
3agy,43,3,0.9281,0.8493,0.9251,0.879,0.9217,1.5011,1.894,PepSet_dimer_output_esmfold2_msa_nonpairing,3agy,0.902,0.9,1.894,0.619
3agy,43,4,0.9284,0.8511,0.9255,0.878,0.9218,1.3884,1.661,PepSet_dimer_output_esmfold2_msa_nonpairing,3agy,0.93,0.933,1.661,0.522
3agy,44,0,0.9287,0.8518,0.9258,0.8784,0.9221,1.6856,1.8847,PepSet_dimer_output_esmfold2_msa_nonpairing,3agy,0.913,0.9,1.885,0.54
3agy,44,1,0.9282,0.8546,0.9254,0.8719,0.9246,1.0029,1.3235,PepSet_dimer_output_esmfold2_msa_nonpairing,3agy,0.944,0.933,1.324,0.438
3agy,44,2,0.9293,0.8572,0.9265,0.879,0.9258,1.2964,1.4724,PepSet_dimer_output_esmfold2_msa_nonpairing,3agy,0.926,0.9,1.472,0.481
3agy,44,3,0.9288,0.852,0.9259,0.8788,0.9232,1.4095,1.7002,PepSet_dimer_output_esmfold2_msa_nonpairing,3agy,0.928,0.933,1.7,0.53
3agy,44,4,0.9273,0.8446,0.9242,0.8711,0.9191,1.0416,1.0934,PepSet_dimer_output_esmfold2_msa_nonpairing,3agy,0.952,0.933,1.093,0.386
3bej,42,0,0.8896,0.8126,0.886,0.9316,0.8953,0.7265,2.3472,PepSet_dimer_output_esmfold2_msa_nonpairing,3bej,0.751,0.684,2.347,1.126
3bej,42,1,0.891,0.8105,0.8872,0.9324,0.8978,0.7986,2.1275,PepSet_dimer_output_esmfold2_msa_nonpairing,3bej,0.767,0.711,2.127,1.099
3bej,42,2,0.8894,0.8069,0.8855,0.9305,0.8908,0.861,2.0635,PepSet_dimer_output_esmfold2_msa_nonpairing,3bej,0.766,0.684,2.063,1.057
3bej,42,3,0.8833,0.8161,0.8802,0.9289,0.8983,1.1041,2.2929,PepSet_dimer_output_esmfold2_msa_nonpairing,3bej,0.752,0.684,2.293,1.129
3bej,42,4,0.8918,0.8156,0.8882,0.9324,0.8997,0.8567,2.3444,PepSet_dimer_output_esmfold2_msa_nonpairing,3bej,0.755,0.711,2.344,1.165
3bej,43,0,0.888,0.8006,0.8839,0.9289,0.8841,0.9073,2.3743,PepSet_dimer_output_esmfold2_msa_nonpairing,3bej,0.735,0.658,2.374,1.174
3bej,43,1,0.8894,0.8144,0.8859,0.9314,0.8964,0.7504,2.3629,PepSet_dimer_output_esmfold2_msa_nonpairing,3bej,0.751,0.684,2.363,1.12
3bej,43,2,0.8896,0.808,0.8858,0.931,0.8921,0.8514,2.2384,PepSet_dimer_output_esmfold2_msa_nonpairing,3bej,0.764,0.711,2.238,1.108
3bej,43,3,0.8892,0.8106,0.8855,0.9297,0.8945,0.8532,2.3538,PepSet_dimer_output_esmfold2_msa_nonpairing,3bej,0.768,0.737,2.354,1.125
3bej,43,4,0.8904,0.8132,0.8868,0.9319,0.8948,0.8421,2.2945,PepSet_dimer_output_esmfold2_msa_nonpairing,3bej,0.749,0.684,2.295,1.146
3bej,44,0,0.8889,0.7938,0.8844,0.9301,0.8826,0.9024,1.7619,PepSet_dimer_output_esmfold2_msa_nonpairing,3bej,0.777,0.684,1.762,1.012
3bej,44,1,0.8894,0.8039,0.8854,0.9303,0.8889,0.8392,2.4797,PepSet_dimer_output_esmfold2_msa_nonpairing,3bej,0.761,0.737,2.48,1.164
3bej,44,2,0.8899,0.8175,0.8865,0.9313,0.9028,0.7655,2.2001,PepSet_dimer_output_esmfold2_msa_nonpairing,3bej,0.777,0.737,2.2,1.086
3bej,44,3,0.8882,0.8067,0.8844,0.9303,0.8905,0.877,2.1504,PepSet_dimer_output_esmfold2_msa_nonpairing,3bej,0.767,0.711,2.15,1.1
3bej,44,4,0.8909,0.813,0.8872,0.9324,0.9002,0.8106,2.011,PepSet_dimer_output_esmfold2_msa_nonpairing,3bej,0.777,0.711,2.011,1.046
3bqo,42,0,0.8649,0.5061,0.8432,0.8635,0.5316,1.5443,10.3464,PepSet_dimer_output_esmfold2_msa_nonpairing,3bqo,0.249,0.203,10.346,3.685
3bqo,42,1,0.8649,0.5326,0.8448,0.8669,0.5611,1.8448,10.1322,PepSet_dimer_output_esmfold2_msa_nonpairing,3bqo,0.264,0.234,10.132,3.639
3bqo,42,2,0.8705,0.5316,0.85,0.8692,0.5554,1.7841,9.8408,PepSet_dimer_output_esmfold2_msa_nonpairing,3bqo,0.262,0.203,9.841,3.492
3bqo,42,3,0.8678,0.518,0.8467,0.8656,0.5352,1.6549,8.7139,PepSet_dimer_output_esmfold2_msa_nonpairing,3bqo,0.292,0.203,8.714,3.155
3bqo,42,4,0.8634,0.5439,0.8441,0.8632,0.5744,1.0879,9.9562,PepSet_dimer_output_esmfold2_msa_nonpairing,3bqo,0.265,0.219,9.956,3.52
3bqo,43,0,0.872,0.5437,0.8521,0.8698,0.5748,1.0846,10.4856,PepSet_dimer_output_esmfold2_msa_nonpairing,3bqo,0.247,0.203,10.486,3.704
3bqo,43,1,0.8713,0.5326,0.8508,0.866,0.5676,0.9459,10.5696,PepSet_dimer_output_esmfold2_msa_nonpairing,3bqo,0.229,0.156,10.57,3.753
3bqo,43,2,0.891,0.8243,0.887,0.9019,0.8934,1.6808,1.3312,PepSet_dimer_output_esmfold2_msa_nonpairing,3bqo,0.913,0.891,1.331,0.572
3bqo,43,3,0.8493,0.4822,0.8271,0.8507,0.4665,1.6763,10.8356,PepSet_dimer_output_esmfold2_msa_nonpairing,3bqo,0.213,0.125,10.836,3.823
3bqo,43,4,0.8725,0.5427,0.8526,0.8702,0.5714,1.073,9.9436,PepSet_dimer_output_esmfold2_msa_nonpairing,3bqo,0.264,0.219,9.944,3.562
3bqo,44,0,0.8709,0.5389,0.8509,0.8696,0.565,0.9436,9.781,PepSet_dimer_output_esmfold2_msa_nonpairing,3bqo,0.268,0.219,9.781,3.518
3bqo,44,1,0.8708,0.5151,0.8493,0.8673,0.5323,1.4623,9.893,PepSet_dimer_output_esmfold2_msa_nonpairing,3bqo,0.256,0.188,9.893,3.503
3bqo,44,2,0.8924,0.8235,0.8882,0.8978,0.8944,1.1762,2.116,PepSet_dimer_output_esmfold2_msa_nonpairing,3bqo,0.88,0.922,2.116,0.804
3bqo,44,3,0.8927,0.8183,0.8882,0.9015,0.8888,1.0511,1.5064,PepSet_dimer_output_esmfold2_msa_nonpairing,3bqo,0.888,0.844,1.506,0.628
3bqo,44,4,0.8723,0.5159,0.8507,0.8673,0.5202,0.8654,10.3241,PepSet_dimer_output_esmfold2_msa_nonpairing,3bqo,0.26,0.234,10.324,3.706
3emh,42,0,0.9707,0.857,0.9684,0.9848,0.951,0.3017,0.645,PepSet_dimer_output_esmfold2_msa_nonpairing,3emh,0.957,0.9,0.645,0.232
3emh,42,1,0.9705,0.8567,0.9683,0.9846,0.9432,0.289,0.6759,PepSet_dimer_output_esmfold2_msa_nonpairing,3emh,0.957,0.9,0.676,0.232
3emh,42,2,0.9709,0.8579,0.9687,0.9848,0.9515,0.3051,0.5982,PepSet_dimer_output_esmfold2_msa_nonpairing,3emh,0.958,0.9,0.598,0.22
3emh,42,3,0.9713,0.8653,0.9693,0.9849,0.9551,0.324,0.5796,PepSet_dimer_output_esmfold2_msa_nonpairing,3emh,0.958,0.9,0.58,0.217
3emh,42,4,0.971,0.8579,0.9688,0.9849,0.9519,0.2745,0.6648,PepSet_dimer_output_esmfold2_msa_nonpairing,3emh,0.957,0.9,0.665,0.234
3emh,43,0,0.9707,0.8576,0.9685,0.9845,0.949,0.2724,0.5974,PepSet_dimer_output_esmfold2_msa_nonpairing,3emh,0.958,0.9,0.597,0.213
3emh,43,1,0.971,0.8636,0.9689,0.985,0.9518,0.2959,0.5091,PepSet_dimer_output_esmfold2_msa_nonpairing,3emh,0.97,0.933,0.509,0.207
3emh,43,2,0.9708,0.8607,0.9686,0.9849,0.9522,0.2768,0.8959,PepSet_dimer_output_esmfold2_msa_nonpairing,3emh,0.94,0.867,0.896,0.283
3emh,43,3,0.9707,0.859,0.9685,0.9846,0.9499,0.3134,0.5897,PepSet_dimer_output_esmfold2_msa_nonpairing,3emh,0.97,0.933,0.59,0.207
3emh,43,4,0.9706,0.8412,0.9681,0.9847,0.9339,0.2949,0.6866,PepSet_dimer_output_esmfold2_msa_nonpairing,3emh,0.957,0.9,0.687,0.228
3emh,44,0,0.9714,0.8625,0.9692,0.9849,0.9525,0.2767,0.5909,PepSet_dimer_output_esmfold2_msa_nonpairing,3emh,0.959,0.9,0.591,0.212
3emh,44,1,0.9712,0.8665,0.9691,0.985,0.9556,0.2749,0.7125,PepSet_dimer_output_esmfold2_msa_nonpairing,3emh,0.956,0.9,0.712,0.236
3emh,44,2,0.971,0.864,0.9689,0.9851,0.9545,0.2937,0.5982,PepSet_dimer_output_esmfold2_msa_nonpairing,3emh,0.958,0.9,0.598,0.22
3emh,44,3,0.9705,0.8522,0.9682,0.9846,0.9492,0.3114,0.5355,PepSet_dimer_output_esmfold2_msa_nonpairing,3emh,0.948,0.867,0.535,0.2
3emh,44,4,0.9699,0.8577,0.9677,0.9844,0.9511,0.337,0.6282,PepSet_dimer_output_esmfold2_msa_nonpairing,3emh,0.946,0.867,0.628,0.224
3emw,42,0,0.9288,0.6881,0.9207,0.9523,0.8238,1.2413,7.0734,PepSet_dimer_output_esmfold2_msa_nonpairing,3emw,0.406,0.364,7.073,2.514
3emw,42,1,0.9263,0.7697,0.921,0.9528,0.8308,0.6107,5.6135,PepSet_dimer_output_esmfold2_msa_nonpairing,3emw,0.473,0.394,5.613,2.146
3emw,42,2,0.9308,0.7669,0.9253,0.956,0.8307,1.1958,5.7633,PepSet_dimer_output_esmfold2_msa_nonpairing,3emw,0.469,0.394,5.763,2.151
3emw,42,3,0.9244,0.7616,0.9189,0.9512,0.8295,1.3437,5.5954,PepSet_dimer_output_esmfold2_msa_nonpairing,3emw,0.472,0.394,5.595,2.158
3emw,42,4,0.9275,0.7657,0.922,0.9538,0.828,1.1612,5.6932,PepSet_dimer_output_esmfold2_msa_nonpairing,3emw,0.471,0.394,5.693,2.14
3emw,43,0,0.9316,0.6976,0.9237,0.955,0.8343,1.1099,6.3334,PepSet_dimer_output_esmfold2_msa_nonpairing,3emw,0.41,0.303,6.333,2.39
3emw,43,1,0.9278,0.7775,0.9227,0.9549,0.8301,0.7466,5.5962,PepSet_dimer_output_esmfold2_msa_nonpairing,3emw,0.475,0.394,5.596,2.123
3emw,43,2,0.9311,0.7105,0.9237,0.9552,0.8372,1.2068,6.0895,PepSet_dimer_output_esmfold2_msa_nonpairing,3emw,0.443,0.364,6.089,2.259
3emw,43,3,0.9291,0.7592,0.9234,0.9565,0.8334,0.9021,5.6923,PepSet_dimer_output_esmfold2_msa_nonpairing,3emw,0.46,0.364,5.692,2.158
3emw,43,4,0.9309,0.7519,0.9248,0.956,0.8375,1.2265,5.793,PepSet_dimer_output_esmfold2_msa_nonpairing,3emw,0.443,0.333,5.793,2.223
3emw,44,0,0.9229,0.7009,0.9154,0.9485,0.8267,1.1815,7.2811,PepSet_dimer_output_esmfold2_msa_nonpairing,3emw,0.376,0.303,7.281,2.615
3emw,44,1,0.9324,0.7785,0.9272,0.9579,0.8353,1.1356,5.7989,PepSet_dimer_output_esmfold2_msa_nonpairing,3emw,0.469,0.394,5.799,2.128
3emw,44,2,0.9281,0.7072,0.9206,0.9536,0.8309,0.8509,7.2757,PepSet_dimer_output_esmfold2_msa_nonpairing,3emw,0.373,0.303,7.276,2.674
3emw,44,3,0.9244,0.7747,0.9193,0.9504,0.8286,0.9522,5.6714,PepSet_dimer_output_esmfold2_msa_nonpairing,3emw,0.47,0.394,5.671,2.17
3emw,44,4,0.929,0.748,0.9229,0.9548,0.8368,1.0231,5.7599,PepSet_dimer_output_esmfold2_msa_nonpairing,3emw,0.443,0.333,5.76,2.233
3et3,42,0,0.9051,0.8109,0.8997,0.937,0.8966,3.0838,1.2184,PepSet_dimer_output_esmfold2_msa_nonpairing,3et3,0.921,0.872,1.218,0.47
3et3,42,1,0.918,0.8174,0.9122,0.9491,0.9011,1.934,0.9377,PepSet_dimer_output_esmfold2_msa_nonpairing,3et3,0.94,0.915,0.938,0.453
3et3,42,2,0.9166,0.8152,0.9108,0.9473,0.8986,1.8035,0.8174,PepSet_dimer_output_esmfold2_msa_nonpairing,3et3,0.928,0.872,0.817,0.436
3et3,42,3,0.9159,0.8154,0.91,0.9462,0.8991,1.9254,0.9531,PepSet_dimer_output_esmfold2_msa_nonpairing,3et3,0.939,0.915,0.953,0.454
3et3,42,4,0.9176,0.8149,0.9116,0.9489,0.8971,2.0855,1.176,PepSet_dimer_output_esmfold2_msa_nonpairing,3et3,0.94,0.936,1.176,0.493
3et3,43,0,0.9177,0.8168,0.9119,0.9486,0.9007,1.8487,0.8838,PepSet_dimer_output_esmfold2_msa_nonpairing,3et3,0.946,0.915,0.884,0.398
3et3,43,1,0.9172,0.8172,0.9114,0.949,0.8999,2.264,0.9456,PepSet_dimer_output_esmfold2_msa_nonpairing,3et3,0.94,0.936,0.946,0.51
3et3,43,2,0.9176,0.8088,0.9113,0.9481,0.892,2.0627,2.7844,PepSet_dimer_output_esmfold2_msa_nonpairing,3et3,0.802,0.894,2.784,1.197
3et3,43,3,0.9184,0.8178,0.9126,0.9496,0.9023,2.0217,0.8799,PepSet_dimer_output_esmfold2_msa_nonpairing,3et3,0.946,0.915,0.88,0.401
3et3,43,4,0.9178,0.8127,0.9117,0.9487,0.8967,2.0819,1.0418,PepSet_dimer_output_esmfold2_msa_nonpairing,3et3,0.938,0.894,1.042,0.395
3et3,44,0,0.9147,0.8014,0.9081,0.9465,0.8907,1.9432,1.1463,PepSet_dimer_output_esmfold2_msa_nonpairing,3et3,0.917,0.894,1.146,0.568
3et3,44,1,0.9166,0.8085,0.9103,0.9482,0.8883,2.1132,2.8305,PepSet_dimer_output_esmfold2_msa_nonpairing,3et3,0.799,0.915,2.831,1.272
3et3,44,2,0.9183,0.815,0.9123,0.9495,0.8983,2.1293,1.1824,PepSet_dimer_output_esmfold2_msa_nonpairing,3et3,0.941,0.936,1.182,0.486
3et3,44,3,0.9173,0.8185,0.9116,0.949,0.9021,2.0281,0.7718,PepSet_dimer_output_esmfold2_msa_nonpairing,3et3,0.944,0.894,0.772,0.356
3et3,44,4,0.9163,0.8168,0.9105,0.9485,0.9,2.0399,1.0674,PepSet_dimer_output_esmfold2_msa_nonpairing,3et3,0.934,0.894,1.067,0.428
3fp2,42,0,0.8253,0.6492,0.8235,0.6787,0.823,13.5674,22.8316,PepSet_dimer_output_esmfold2_msa_nonpairing,3fp2,0.42,0.833,22.832,2.268
3fp2,42,1,0.8229,0.6269,0.8209,0.6719,0.804,10.1985,20.4902,PepSet_dimer_output_esmfold2_msa_nonpairing,3fp2,0.389,0.708,20.49,2.223
3fp2,42,2,0.8182,0.636,0.8163,0.6591,0.8209,8.9752,14.6542,PepSet_dimer_output_esmfold2_msa_nonpairing,3fp2,0.41,0.667,14.654,2.227
3fp2,42,3,0.8196,0.6534,0.8179,0.664,0.8308,7.2248,5.7475,PepSet_dimer_output_esmfold2_msa_nonpairing,3fp2,0.587,0.75,5.748,2.168
3fp2,42,4,0.8233,0.6425,0.8214,0.6704,0.8077,9.6783,20.2021,PepSet_dimer_output_esmfold2_msa_nonpairing,3fp2,0.421,0.833,20.202,2.418
3fp2,43,0,0.8091,0.6637,0.8076,0.6593,0.8409,11.1598,16.7013,PepSet_dimer_output_esmfold2_msa_nonpairing,3fp2,0.429,0.75,16.701,2.134
3fp2,43,1,0.8099,0.6466,0.8083,0.6467,0.8136,16.0744,24.0903,PepSet_dimer_output_esmfold2_msa_nonpairing,3fp2,0.393,0.792,24.09,2.434
3fp2,43,2,0.8237,0.6516,0.822,0.6755,0.8186,11.584,17.5854,PepSet_dimer_output_esmfold2_msa_nonpairing,3fp2,0.435,0.833,17.585,2.386
3fp2,43,3,0.8193,0.64,0.8175,0.6703,0.8229,13.3713,24.4069,PepSet_dimer_output_esmfold2_msa_nonpairing,3fp2,0.365,0.708,24.407,2.413
3fp2,43,4,0.8266,0.6481,0.8247,0.6805,0.8277,14.5467,24.3162,PepSet_dimer_output_esmfold2_msa_nonpairing,3fp2,0.373,0.708,24.316,2.287
3fp2,44,0,0.8088,0.6425,0.8071,0.646,0.8181,14.0605,21.8431,PepSet_dimer_output_esmfold2_msa_nonpairing,3fp2,0.374,0.708,21.843,2.4
3fp2,44,1,0.823,0.642,0.8212,0.6711,0.818,8.8999,18.1907,PepSet_dimer_output_esmfold2_msa_nonpairing,3fp2,0.424,0.792,18.191,2.289
3fp2,44,2,0.8259,0.6575,0.8242,0.6732,0.8244,11.5497,21.1407,PepSet_dimer_output_esmfold2_msa_nonpairing,3fp2,0.392,0.75,21.141,2.365
3fp2,44,3,0.8218,0.6461,0.82,0.6738,0.8172,14.551,24.6382,PepSet_dimer_output_esmfold2_msa_nonpairing,3fp2,0.37,0.708,24.638,2.32
3fp2,44,4,0.8234,0.6342,0.8215,0.6692,0.8073,9.6982,19.5611,PepSet_dimer_output_esmfold2_msa_nonpairing,3fp2,0.385,0.708,19.561,2.363
3g2s,42,0,0.9456,0.8081,0.936,0.9482,0.8968,1.7957,5.2656,PepSet_dimer_output_esmfold2_msa_nonpairing,3g2s,0.733,0.946,5.266,1.41
3g2s,42,1,0.944,0.8054,0.9343,0.9475,0.8957,1.6011,3.9498,PepSet_dimer_output_esmfold2_msa_nonpairing,3g2s,0.788,0.946,3.95,1.237
3g2s,42,2,0.946,0.8175,0.937,0.9496,0.8955,1.6213,5.5653,PepSet_dimer_output_esmfold2_msa_nonpairing,3g2s,0.699,0.946,5.565,1.659
3g2s,42,3,0.9432,0.7919,0.9326,0.9465,0.8946,1.5424,2.9088,PepSet_dimer_output_esmfold2_msa_nonpairing,3g2s,0.85,0.973,2.909,1.023
3g2s,42,4,0.9445,0.816,0.9355,0.9483,0.8944,1.4529,5.1667,PepSet_dimer_output_esmfold2_msa_nonpairing,3g2s,0.711,0.946,5.167,1.64
3g2s,43,0,0.9442,0.7686,0.9319,0.9458,0.8961,1.7655,1.6443,PepSet_dimer_output_esmfold2_msa_nonpairing,3g2s,0.895,0.919,1.644,0.746
3g2s,43,1,0.9444,0.8129,0.9352,0.948,0.8958,1.337,5.3313,PepSet_dimer_output_esmfold2_msa_nonpairing,3g2s,0.71,0.946,5.331,1.609
3g2s,43,2,0.9458,0.808,0.9362,0.9487,0.8944,1.6207,5.9346,PepSet_dimer_output_esmfold2_msa_nonpairing,3g2s,0.675,0.946,5.935,1.814
3g2s,43,3,0.9455,0.8122,0.9361,0.949,0.8931,1.5311,5.1763,PepSet_dimer_output_esmfold2_msa_nonpairing,3g2s,0.711,0.946,5.176,1.632
3g2s,43,4,0.9445,0.8132,0.9353,0.9483,0.8918,1.8506,4.7611,PepSet_dimer_output_esmfold2_msa_nonpairing,3g2s,0.741,0.946,4.761,1.456
3g2s,44,0,0.9431,0.818,0.9343,0.9455,0.893,2.0053,5.6035,PepSet_dimer_output_esmfold2_msa_nonpairing,3g2s,0.702,0.946,5.604,1.611
3g2s,44,1,0.945,0.8041,0.9352,0.9477,0.894,1.8368,5.4285,PepSet_dimer_output_esmfold2_msa_nonpairing,3g2s,0.7,0.946,5.428,1.683
3g2s,44,2,0.944,0.7686,0.9317,0.9446,0.896,1.74,2.6036,PepSet_dimer_output_esmfold2_msa_nonpairing,3g2s,0.866,0.946,2.604,0.896
3g2s,44,3,0.9436,0.7832,0.9323,0.9457,0.8961,1.7947,2.8022,PepSet_dimer_output_esmfold2_msa_nonpairing,3g2s,0.859,0.946,2.802,0.912
3g2s,44,4,0.9449,0.8105,0.9355,0.9493,0.8953,1.647,4.1943,PepSet_dimer_output_esmfold2_msa_nonpairing,3g2s,0.771,0.973,4.194,1.398
3h1z,42,0,0.9387,0.3743,0.9045,0.9207,0.3508,0.9571,14.7817,PepSet_dimer_output_esmfold2_msa_nonpairing,3h1z,0.138,0.113,14.782,6.371
3h1z,42,1,0.9331,0.2562,0.8922,0.9068,0.1146,0.9464,31.6937,PepSet_dimer_output_esmfold2_msa_nonpairing,3h1z,0.027,0.0,31.694,12.763
3h1z,42,2,0.9361,0.3611,0.9013,0.919,0.3104,0.91,11.3876,PepSet_dimer_output_esmfold2_msa_nonpairing,3h1z,0.199,0.151,11.388,4.791
3h1z,42,3,0.9371,0.3799,0.9034,0.9188,0.3217,0.9559,11.5384,PepSet_dimer_output_esmfold2_msa_nonpairing,3h1z,0.269,0.377,11.538,5.129
3h1z,42,4,0.9396,0.3875,0.9062,0.9227,0.3533,0.9728,17.7427,PepSet_dimer_output_esmfold2_msa_nonpairing,3h1z,0.105,0.094,17.743,7.928
3h1z,43,0,0.9366,0.3752,0.9027,0.9188,0.3317,0.8947,9.8454,PepSet_dimer_output_esmfold2_msa_nonpairing,3h1z,0.285,0.321,9.845,4.358
3h1z,43,1,0.9356,0.3711,0.9014,0.9178,0.321,1.0676,11.0384,PepSet_dimer_output_esmfold2_msa_nonpairing,3h1z,0.206,0.151,11.038,4.663
3h1z,43,2,0.9327,0.252,0.8915,0.9062,0.11,0.9672,31.9402,PepSet_dimer_output_esmfold2_msa_nonpairing,3h1z,0.027,0.0,31.94,12.859
3h1z,43,3,0.9373,0.3486,0.9017,0.9173,0.2843,1.0414,23.7621,PepSet_dimer_output_esmfold2_msa_nonpairing,3h1z,0.095,0.151,23.762,10.55
3h1z,43,4,0.9368,0.3674,0.9024,0.9208,0.3353,0.9424,17.9688,PepSet_dimer_output_esmfold2_msa_nonpairing,3h1z,0.074,0.0,17.969,7.289
3h1z,44,0,0.9358,0.3328,0.8993,0.916,0.267,0.8506,16.8982,PepSet_dimer_output_esmfold2_msa_nonpairing,3h1z,0.149,0.208,16.898,7.745
3h1z,44,1,0.9375,0.3626,0.9028,0.9171,0.2849,0.9936,9.5058,PepSet_dimer_output_esmfold2_msa_nonpairing,3h1z,0.329,0.434,9.506,4.276
3h1z,44,2,0.9372,0.3799,0.9035,0.9171,0.3119,0.9021,21.2152,PepSet_dimer_output_esmfold2_msa_nonpairing,3h1z,0.08,0.075,21.215,9.409
3h1z,44,3,0.9385,0.4088,0.9065,0.921,0.3667,1.0436,9.2686,PepSet_dimer_output_esmfold2_msa_nonpairing,3h1z,0.284,0.283,9.269,4.219
3h1z,44,4,0.9399,0.4114,0.908,0.9228,0.3657,0.822,17.075,PepSet_dimer_output_esmfold2_msa_nonpairing,3h1z,0.113,0.094,17.075,6.877
3i5r,42,0,0.9163,0.8819,0.9128,0.923,0.8681,0.6364,1.0525,PepSet_dimer_output_esmfold2_msa_nonpairing,3i5r,0.943,0.962,1.053,0.548
3i5r,42,1,0.9174,0.8903,0.9147,0.9246,0.8741,0.7804,0.8416,PepSet_dimer_output_esmfold2_msa_nonpairing,3i5r,0.966,1.0,0.842,0.477
3i5r,42,2,0.911,0.8818,0.9081,0.9184,0.8632,0.9531,1.0503,PepSet_dimer_output_esmfold2_msa_nonpairing,3i5r,0.923,0.923,1.05,0.607
3i5r,42,3,0.9096,0.882,0.9068,0.919,0.8673,0.8395,1.4514,PepSet_dimer_output_esmfold2_msa_nonpairing,3i5r,0.913,0.923,1.451,0.645
3i5r,42,4,0.9201,0.8857,0.9167,0.9265,0.8735,0.8585,1.0295,PepSet_dimer_output_esmfold2_msa_nonpairing,3i5r,0.946,0.962,1.03,0.523
3i5r,43,0,0.9134,0.8788,0.9099,0.9217,0.8637,0.8986,1.1147,PepSet_dimer_output_esmfold2_msa_nonpairing,3i5r,0.928,0.923,1.115,0.56
3i5r,43,1,0.9124,0.8774,0.9089,0.92,0.8611,0.9317,1.3146,PepSet_dimer_output_esmfold2_msa_nonpairing,3i5r,0.921,0.923,1.315,0.593
3i5r,43,2,0.9097,0.8872,0.9075,0.9191,0.8741,0.9309,0.9885,PepSet_dimer_output_esmfold2_msa_nonpairing,3i5r,0.943,0.962,0.988,0.55
3i5r,43,3,0.9173,0.8879,0.9143,0.9239,0.8691,0.8576,0.7784,PepSet_dimer_output_esmfold2_msa_nonpairing,3i5r,0.966,1.0,0.778,0.484
3i5r,43,4,0.9093,0.8862,0.907,0.9187,0.8726,0.5633,1.0675,PepSet_dimer_output_esmfold2_msa_nonpairing,3i5r,0.937,0.962,1.067,0.593
3i5r,44,0,0.9111,0.8878,0.9088,0.9203,0.8693,0.9414,0.7641,PepSet_dimer_output_esmfold2_msa_nonpairing,3i5r,0.952,0.962,0.764,0.495
3i5r,44,1,0.9165,0.8863,0.9135,0.9244,0.8719,0.9092,1.0444,PepSet_dimer_output_esmfold2_msa_nonpairing,3i5r,0.941,0.962,1.044,0.563
3i5r,44,2,0.914,0.8851,0.9111,0.9226,0.8719,0.8595,1.0071,PepSet_dimer_output_esmfold2_msa_nonpairing,3i5r,0.929,0.923,1.007,0.558
3i5r,44,3,0.9093,0.8757,0.9059,0.9179,0.8606,1.2988,1.5523,PepSet_dimer_output_esmfold2_msa_nonpairing,3i5r,0.91,0.923,1.552,0.654
3i5r,44,4,0.9116,0.887,0.9091,0.9208,0.8742,0.8722,0.9609,PepSet_dimer_output_esmfold2_msa_nonpairing,3i5r,0.947,0.962,0.961,0.525
3obq,42,0,0.9427,0.9055,0.9405,0.9576,0.931,0.63,0.6073,PepSet_dimer_output_esmfold2_msa_nonpairing,3obq,0.945,0.917,0.607,0.43
3obq,42,1,0.9418,0.8896,0.9387,0.9562,0.9133,0.5312,0.6082,PepSet_dimer_output_esmfold2_msa_nonpairing,3obq,0.967,0.972,0.608,0.399
3obq,42,2,0.9425,0.9044,0.9402,0.9575,0.9295,0.6437,0.8716,PepSet_dimer_output_esmfold2_msa_nonpairing,3obq,0.938,0.917,0.872,0.48
3obq,42,3,0.9418,0.9043,0.9395,0.9565,0.9283,0.5477,0.8358,PepSet_dimer_output_esmfold2_msa_nonpairing,3obq,0.924,0.889,0.836,0.517
3obq,42,4,0.9403,0.9007,0.9379,0.9541,0.9253,0.5194,1.0746,PepSet_dimer_output_esmfold2_msa_nonpairing,3obq,0.926,0.917,1.075,0.56
3obq,43,0,0.9409,0.899,0.9384,0.9557,0.9247,0.5581,0.6315,PepSet_dimer_output_esmfold2_msa_nonpairing,3obq,0.945,0.917,0.631,0.431
3obq,43,1,0.9425,0.9023,0.94,0.9575,0.9264,0.6303,0.7777,PepSet_dimer_output_esmfold2_msa_nonpairing,3obq,0.947,0.944,0.778,0.483
3obq,43,2,0.9421,0.902,0.9397,0.9567,0.9264,0.5815,0.8522,PepSet_dimer_output_esmfold2_msa_nonpairing,3obq,0.944,0.944,0.852,0.509
3obq,43,3,0.9409,0.8757,0.937,0.9554,0.9033,0.6251,0.9861,PepSet_dimer_output_esmfold2_msa_nonpairing,3obq,0.912,0.889,0.986,0.604
3obq,43,4,0.9421,0.9056,0.9399,0.957,0.9301,0.6507,1.0895,PepSet_dimer_output_esmfold2_msa_nonpairing,3obq,0.93,0.917,1.09,0.528
3obq,44,0,0.9419,0.8995,0.9394,0.9571,0.9251,0.5937,0.8049,PepSet_dimer_output_esmfold2_msa_nonpairing,3obq,0.955,0.944,0.805,0.41
3obq,44,1,0.9415,0.8992,0.9389,0.956,0.9274,0.5364,1.21,PepSet_dimer_output_esmfold2_msa_nonpairing,3obq,0.92,0.917,1.21,0.6
3obq,44,2,0.9422,0.88,0.9385,0.9569,0.9083,0.6135,1.2371,PepSet_dimer_output_esmfold2_msa_nonpairing,3obq,0.909,0.889,1.237,0.607
3obq,44,3,0.9422,0.8949,0.9394,0.9571,0.9237,0.6508,1.3966,PepSet_dimer_output_esmfold2_msa_nonpairing,3obq,0.912,0.917,1.397,0.644
3obq,44,4,0.9423,0.898,0.9396,0.9573,0.9247,0.5398,1.3947,PepSet_dimer_output_esmfold2_msa_nonpairing,3obq,0.916,0.944,1.395,0.682
3p72,42,0,0.9468,0.925,0.9459,0.9704,0.9668,2.437,0.7043,PepSet_dimer_output_esmfold2_msa_nonpairing,3p72,0.951,0.927,0.704,0.406
3p72,42,1,0.947,0.9251,0.9462,0.9707,0.9668,2.4609,0.5246,PepSet_dimer_output_esmfold2_msa_nonpairing,3p72,0.963,0.951,0.525,0.371
3p72,42,2,0.9455,0.9189,0.9445,0.9699,0.9649,2.5361,0.81,PepSet_dimer_output_esmfold2_msa_nonpairing,3p72,0.95,0.927,0.81,0.4
3p72,42,3,0.9455,0.9216,0.9445,0.9698,0.966,2.3397,0.7292,PepSet_dimer_output_esmfold2_msa_nonpairing,3p72,0.958,0.951,0.729,0.407
3p72,42,4,0.9459,0.9247,0.9451,0.9698,0.9667,2.5192,0.5183,PepSet_dimer_output_esmfold2_msa_nonpairing,3p72,0.948,0.902,0.518,0.36
3p72,43,0,0.9451,0.925,0.9443,0.9699,0.9671,2.4709,0.519,PepSet_dimer_output_esmfold2_msa_nonpairing,3p72,0.946,0.902,0.519,0.385
3p72,43,1,0.9443,0.919,0.9433,0.9694,0.9652,2.543,0.7544,PepSet_dimer_output_esmfold2_msa_nonpairing,3p72,0.954,0.927,0.754,0.365
3p72,43,2,0.9455,0.9247,0.9447,0.9702,0.9668,2.2103,0.6363,PepSet_dimer_output_esmfold2_msa_nonpairing,3p72,0.95,0.927,0.636,0.415
3p72,43,3,0.9448,0.9249,0.944,0.9698,0.967,2.4459,0.5295,PepSet_dimer_output_esmfold2_msa_nonpairing,3p72,0.957,0.927,0.53,0.355
3p72,43,4,0.9407,0.9206,0.9399,0.9649,0.9646,1.3316,0.3814,PepSet_dimer_output_esmfold2_msa_nonpairing,3p72,0.955,0.927,0.381,0.376
3p72,44,0,0.9453,0.9227,0.9444,0.9695,0.9658,2.529,0.4008,PepSet_dimer_output_esmfold2_msa_nonpairing,3p72,0.96,0.927,0.401,0.32
3p72,44,1,0.9451,0.9237,0.9442,0.9692,0.9664,2.5067,0.6712,PepSet_dimer_output_esmfold2_msa_nonpairing,3p72,0.963,0.951,0.671,0.368
3p72,44,2,0.9461,0.9229,0.9452,0.9701,0.9661,2.5523,0.81,PepSet_dimer_output_esmfold2_msa_nonpairing,3p72,0.948,0.927,0.81,0.425
3p72,44,3,0.9449,0.9241,0.9441,0.9695,0.9664,2.3266,0.4734,PepSet_dimer_output_esmfold2_msa_nonpairing,3p72,0.968,0.951,0.473,0.323
3p72,44,4,0.9468,0.925,0.9459,0.9704,0.9667,2.3681,0.4887,PepSet_dimer_output_esmfold2_msa_nonpairing,3p72,0.954,0.927,0.489,0.381
3plu,42,0,0.9609,0.9423,0.9573,0.9673,0.9499,0.3034,0.3639,PepSet_dimer_output_esmfold2_msa_nonpairing,3plu,0.976,0.966,0.364,0.286
3plu,42,1,0.96,0.9434,0.9568,0.9666,0.9514,0.3031,0.5019,PepSet_dimer_output_esmfold2_msa_nonpairing,3plu,0.982,1.0,0.502,0.345
3plu,42,2,0.9582,0.9396,0.9546,0.9648,0.9472,0.3012,0.5784,PepSet_dimer_output_esmfold2_msa_nonpairing,3plu,0.971,0.966,0.578,0.337
3plu,42,3,0.9602,0.9439,0.957,0.967,0.951,0.3661,0.5796,PepSet_dimer_output_esmfold2_msa_nonpairing,3plu,0.969,0.966,0.58,0.36
3plu,42,4,0.9605,0.9428,0.957,0.9665,0.9491,0.3146,0.4109,PepSet_dimer_output_esmfold2_msa_nonpairing,3plu,0.977,0.966,0.411,0.275
3plu,43,0,0.9606,0.9421,0.957,0.967,0.9491,0.2855,0.5713,PepSet_dimer_output_esmfold2_msa_nonpairing,3plu,0.972,0.966,0.571,0.326
3plu,43,1,0.9606,0.9404,0.9566,0.9666,0.9479,0.2852,0.4372,PepSet_dimer_output_esmfold2_msa_nonpairing,3plu,0.985,1.0,0.437,0.314
3plu,43,2,0.9612,0.9429,0.9576,0.9678,0.9502,0.2875,0.592,PepSet_dimer_output_esmfold2_msa_nonpairing,3plu,0.97,0.966,0.592,0.348
3plu,43,3,0.9611,0.9441,0.9578,0.9674,0.9514,0.2626,0.4465,PepSet_dimer_output_esmfold2_msa_nonpairing,3plu,0.974,0.966,0.446,0.304
3plu,43,4,0.9604,0.9432,0.957,0.967,0.9501,0.335,0.3619,PepSet_dimer_output_esmfold2_msa_nonpairing,3plu,0.975,0.966,0.362,0.302
3plu,44,0,0.9613,0.9435,0.9578,0.9676,0.9507,0.2847,0.4632,PepSet_dimer_output_esmfold2_msa_nonpairing,3plu,0.971,0.966,0.463,0.344
3plu,44,1,0.9606,0.9431,0.9572,0.967,0.9507,0.2709,0.491,PepSet_dimer_output_esmfold2_msa_nonpairing,3plu,0.974,0.966,0.491,0.305
3plu,44,2,0.9612,0.944,0.9578,0.9675,0.9518,0.2738,0.4765,PepSet_dimer_output_esmfold2_msa_nonpairing,3plu,0.974,0.966,0.477,0.303
3plu,44,3,0.9603,0.9414,0.9566,0.9667,0.9494,0.3063,0.5574,PepSet_dimer_output_esmfold2_msa_nonpairing,3plu,0.968,0.966,0.557,0.374
3plu,44,4,0.9602,0.9422,0.9567,0.9667,0.9504,0.3023,0.4408,PepSet_dimer_output_esmfold2_msa_nonpairing,3plu,0.983,1.0,0.441,0.334
3r42,42,0,0.88,0.7906,0.8756,0.8966,0.835,1.3706,4.2375,PepSet_dimer_output_esmfold2_msa_nonpairing,3r42,0.593,0.5,4.238,1.572
3r42,42,1,0.883,0.7906,0.8785,0.8974,0.8367,1.5846,4.3734,PepSet_dimer_output_esmfold2_msa_nonpairing,3r42,0.578,0.5,4.373,1.686
3r42,42,2,0.8817,0.7903,0.8773,0.896,0.8324,1.579,4.0768,PepSet_dimer_output_esmfold2_msa_nonpairing,3r42,0.601,0.5,4.077,1.528
3r42,42,3,0.8794,0.7948,0.8753,0.8958,0.8372,1.3118,4.494,PepSet_dimer_output_esmfold2_msa_nonpairing,3r42,0.589,0.531,4.494,1.649
3r42,42,4,0.8735,0.7904,0.8694,0.8883,0.8321,2.3045,4.5904,PepSet_dimer_output_esmfold2_msa_nonpairing,3r42,0.562,0.5,4.59,1.796
3r42,43,0,0.8838,0.7892,0.8792,0.8996,0.8322,1.5264,4.2186,PepSet_dimer_output_esmfold2_msa_nonpairing,3r42,0.588,0.5,4.219,1.624
3r42,43,1,0.8794,0.7928,0.8752,0.8977,0.8385,1.5346,3.9146,PepSet_dimer_output_esmfold2_msa_nonpairing,3r42,0.605,0.5,3.915,1.528
3r42,43,2,0.879,0.7916,0.8747,0.8959,0.834,1.5655,4.0877,PepSet_dimer_output_esmfold2_msa_nonpairing,3r42,0.596,0.5,4.088,1.578
3r42,43,3,0.8781,0.7699,0.8728,0.8935,0.8143,1.5998,4.0973,PepSet_dimer_output_esmfold2_msa_nonpairing,3r42,0.599,0.5,4.097,1.545
3r42,43,4,0.879,0.7883,0.8746,0.8942,0.835,1.444,4.8247,PepSet_dimer_output_esmfold2_msa_nonpairing,3r42,0.557,0.5,4.825,1.785
3r42,44,0,0.8767,0.7941,0.8727,0.8944,0.8379,1.1897,4.0811,PepSet_dimer_output_esmfold2_msa_nonpairing,3r42,0.598,0.5,4.081,1.553
3r42,44,1,0.889,0.791,0.8842,0.9029,0.8365,1.4548,4.4902,PepSet_dimer_output_esmfold2_msa_nonpairing,3r42,0.572,0.5,4.49,1.715
3r42,44,2,0.8829,0.7805,0.8779,0.8992,0.8319,1.1102,4.3558,PepSet_dimer_output_esmfold2_msa_nonpairing,3r42,0.581,0.5,4.356,1.65
3r42,44,3,0.8701,0.7901,0.8662,0.8863,0.8349,2.5568,3.6485,PepSet_dimer_output_esmfold2_msa_nonpairing,3r42,0.608,0.5,3.649,1.56
3r42,44,4,0.8801,0.7914,0.8758,0.8969,0.8373,1.066,4.2979,PepSet_dimer_output_esmfold2_msa_nonpairing,3r42,0.598,0.531,4.298,1.608
3s9c,42,0,0.9362,0.5992,0.9264,0.9635,0.6944,1.5259,5.4669,PepSet_dimer_output_esmfold2_msa_nonpairing,3s9c,0.634,0.711,5.464,1.552
3s9c,42,1,0.9363,0.519,0.9242,0.9612,0.629,1.5142,3.9503,PepSet_dimer_output_esmfold2_msa_nonpairing,3s9c,0.719,0.711,3.949,1.168
3s9c,42,2,0.9351,0.5949,0.9253,0.9627,0.6882,1.5201,6.4573,PepSet_dimer_output_esmfold2_msa_nonpairing,3s9c,0.57,0.667,6.454,1.805
3s9c,42,3,0.9381,0.6101,0.9286,0.9643,0.7072,1.5227,6.109,PepSet_dimer_output_esmfold2_msa_nonpairing,3s9c,0.592,0.689,6.106,1.736
3s9c,42,4,0.9369,0.5976,0.927,0.9638,0.6969,1.5126,6.1473,PepSet_dimer_output_esmfold2_msa_nonpairing,3s9c,0.591,0.689,6.144,1.737
3s9c,43,0,0.9384,0.6037,0.9287,0.9643,0.6988,1.5119,6.5505,PepSet_dimer_output_esmfold2_msa_nonpairing,3s9c,0.564,0.667,6.548,1.845
3s9c,43,1,0.9382,0.6119,0.9287,0.9644,0.708,1.5194,6.2892,PepSet_dimer_output_esmfold2_msa_nonpairing,3s9c,0.584,0.689,6.287,1.774
3s9c,43,2,0.9371,0.607,0.9275,0.9639,0.7005,1.5182,6.1035,PepSet_dimer_output_esmfold2_msa_nonpairing,3s9c,0.608,0.733,6.101,1.721
3s9c,43,3,0.933,0.6046,0.9235,0.9621,0.6977,1.5729,6.5921,PepSet_dimer_output_esmfold2_msa_nonpairing,3s9c,0.56,0.689,6.589,1.971
3s9c,43,4,0.9347,0.585,0.9246,0.9626,0.6823,1.5527,6.1935,PepSet_dimer_output_esmfold2_msa_nonpairing,3s9c,0.582,0.689,6.191,1.828
3s9c,44,0,0.9353,0.5981,0.9255,0.9632,0.6965,1.513,6.3473,PepSet_dimer_output_esmfold2_msa_nonpairing,3s9c,0.582,0.689,6.345,1.778
3s9c,44,1,0.9368,0.5991,0.927,0.9638,0.6996,1.5165,5.7964,PepSet_dimer_output_esmfold2_msa_nonpairing,3s9c,0.616,0.711,5.794,1.646
3s9c,44,2,0.9356,0.5478,0.9243,0.9613,0.6167,1.5077,3.3294,PepSet_dimer_output_esmfold2_msa_nonpairing,3s9c,0.767,0.756,3.328,1.032
3s9c,44,3,0.9356,0.4877,0.9226,0.9614,0.6162,1.5157,1.9806,PepSet_dimer_output_esmfold2_msa_nonpairing,3s9c,0.864,0.822,1.984,0.7
3s9c,44,4,0.9373,0.6108,0.9279,0.9641,0.7089,1.5255,6.2843,PepSet_dimer_output_esmfold2_msa_nonpairing,3s9c,0.593,0.711,6.281,1.76
3shb,42,0,0.8308,0.705,0.8189,0.7514,0.6556,0.7751,2.4463,PepSet_dimer_output_esmfold2_msa_nonpairing,3shb,0.876,0.935,2.446,0.82
3shb,42,1,0.8287,0.7063,0.8171,0.7516,0.6638,0.7632,4.0244,PepSet_dimer_output_esmfold2_msa_nonpairing,3shb,0.757,0.935,4.024,1.447
3shb,42,2,0.8316,0.7002,0.8192,0.7535,0.6564,0.8847,2.7139,PepSet_dimer_output_esmfold2_msa_nonpairing,3shb,0.85,0.935,2.714,0.968
3shb,42,3,0.8306,0.7151,0.8196,0.7541,0.6745,0.7266,4.2608,PepSet_dimer_output_esmfold2_msa_nonpairing,3shb,0.752,0.968,4.261,1.532
3shb,42,4,0.8263,0.7092,0.8152,0.7472,0.67,0.9285,4.9844,PepSet_dimer_output_esmfold2_msa_nonpairing,3shb,0.706,0.935,4.984,1.698
3shb,43,0,0.8337,0.7051,0.8216,0.7575,0.6586,1.0129,5.0025,PepSet_dimer_output_esmfold2_msa_nonpairing,3shb,0.708,0.968,5.003,1.792
3shb,43,1,0.8356,0.7013,0.8229,0.7601,0.6578,0.8001,4.8481,PepSet_dimer_output_esmfold2_msa_nonpairing,3shb,0.701,0.935,4.848,1.787
3shb,43,2,0.8347,0.7132,0.8232,0.759,0.6741,0.8895,4.5983,PepSet_dimer_output_esmfold2_msa_nonpairing,3shb,0.731,0.968,4.598,1.656
3shb,43,3,0.8361,0.7017,0.8234,0.7628,0.6576,0.7546,5.2003,PepSet_dimer_output_esmfold2_msa_nonpairing,3shb,0.687,0.935,5.2,1.846
3shb,43,4,0.8328,0.7104,0.8212,0.7561,0.6679,0.6454,3.598,PepSet_dimer_output_esmfold2_msa_nonpairing,3shb,0.799,0.968,3.598,1.273
3shb,44,0,0.8313,0.7065,0.8195,0.7552,0.6659,0.6499,3.949,PepSet_dimer_output_esmfold2_msa_nonpairing,3shb,0.776,0.968,3.949,1.392
3shb,44,1,0.8349,0.7126,0.8234,0.7599,0.674,0.7104,4.9106,PepSet_dimer_output_esmfold2_msa_nonpairing,3shb,0.718,0.968,4.911,1.707
3shb,44,2,0.8357,0.7083,0.8236,0.7615,0.666,0.6621,5.2792,PepSet_dimer_output_esmfold2_msa_nonpairing,3shb,0.686,0.935,5.279,1.834
3shb,44,3,0.8283,0.6961,0.8158,0.7502,0.6566,1.0112,3.0701,PepSet_dimer_output_esmfold2_msa_nonpairing,3shb,0.812,0.935,3.07,1.188
3shb,44,4,0.8329,0.7147,0.8217,0.7575,0.6688,0.7245,3.7081,PepSet_dimer_output_esmfold2_msa_nonpairing,3shb,0.784,0.935,3.708,1.289
3tiw,42,0,0.9121,0.829,0.9037,0.9356,0.8871,1.1666,2.8782,PepSet_dimer_output_esmfold2_msa_nonpairing,3tiw,0.857,0.95,2.878,0.924
3tiw,42,1,0.9135,0.8326,0.9053,0.9371,0.8912,1.0963,2.8677,PepSet_dimer_output_esmfold2_msa_nonpairing,3tiw,0.862,0.95,2.868,0.892
3tiw,42,2,0.9145,0.8301,0.906,0.9376,0.8897,1.179,2.9221,PepSet_dimer_output_esmfold2_msa_nonpairing,3tiw,0.849,0.95,2.922,0.975
3tiw,42,3,0.9153,0.8243,0.9061,0.9376,0.8839,1.1349,2.96,PepSet_dimer_output_esmfold2_msa_nonpairing,3tiw,0.85,0.95,2.96,0.963
3tiw,42,4,0.9132,0.8338,0.9052,0.9373,0.8938,1.2397,2.8061,PepSet_dimer_output_esmfold2_msa_nonpairing,3tiw,0.843,0.9,2.806,0.915
3tiw,43,0,0.9146,0.827,0.9058,0.936,0.8866,1.1437,2.9757,PepSet_dimer_output_esmfold2_msa_nonpairing,3tiw,0.857,0.95,2.976,0.915
3tiw,43,1,0.9138,0.8289,0.9052,0.9356,0.8851,1.1981,2.7841,PepSet_dimer_output_esmfold2_msa_nonpairing,3tiw,0.865,0.95,2.784,0.885
3tiw,43,2,0.9142,0.8332,0.906,0.9374,0.892,1.0947,2.8423,PepSet_dimer_output_esmfold2_msa_nonpairing,3tiw,0.851,0.95,2.842,0.977
3tiw,43,3,0.9107,0.8276,0.9023,0.935,0.8876,1.1895,2.7059,PepSet_dimer_output_esmfold2_msa_nonpairing,3tiw,0.872,0.975,2.706,0.909
3tiw,43,4,0.9131,0.8314,0.9049,0.9364,0.8897,1.0667,2.7579,PepSet_dimer_output_esmfold2_msa_nonpairing,3tiw,0.871,0.975,2.758,0.904
3tiw,44,0,0.9152,0.8337,0.907,0.9381,0.892,1.1226,2.947,PepSet_dimer_output_esmfold2_msa_nonpairing,3tiw,0.858,0.95,2.947,0.909
3tiw,44,1,0.9147,0.825,0.9057,0.9371,0.8818,1.2129,3.0269,PepSet_dimer_output_esmfold2_msa_nonpairing,3tiw,0.846,0.95,3.027,0.984
3tiw,44,2,0.9144,0.8285,0.9057,0.9371,0.8877,1.1059,2.9271,PepSet_dimer_output_esmfold2_msa_nonpairing,3tiw,0.848,0.925,2.927,0.92
3tiw,44,3,0.9159,0.8352,0.9078,0.9386,0.8932,1.0876,2.9445,PepSet_dimer_output_esmfold2_msa_nonpairing,3tiw,0.858,0.95,2.944,0.907
3tiw,44,4,0.9128,0.822,0.9036,0.9349,0.878,1.2831,3.2886,PepSet_dimer_output_esmfold2_msa_nonpairing,3tiw,0.823,1.0,3.289,1.225
3v2o,42,0,0.9527,0.8903,0.9487,0.9652,0.9305,0.5209,9.0446,PepSet_dimer_output_esmfold2_msa_nonpairing,3v2o,0.262,0.125,9.045,3.09
3v2o,42,1,0.9526,0.8874,0.9484,0.9651,0.9294,0.5973,8.9958,PepSet_dimer_output_esmfold2_msa_nonpairing,3v2o,0.263,0.125,8.996,3.083
3v2o,42,2,0.9519,0.8839,0.9475,0.9646,0.9274,0.5974,8.9231,PepSet_dimer_output_esmfold2_msa_nonpairing,3v2o,0.273,0.15,8.923,3.071
3v2o,42,3,0.9515,0.8698,0.9462,0.963,0.9081,0.5605,9.0197,PepSet_dimer_output_esmfold2_msa_nonpairing,3v2o,0.262,0.125,9.02,3.088
3v2o,42,4,0.9533,0.8971,0.9496,0.966,0.9386,0.577,9.1291,PepSet_dimer_output_esmfold2_msa_nonpairing,3v2o,0.259,0.125,9.129,3.118
3v2o,43,0,0.9518,0.8716,0.9466,0.9637,0.9165,0.6065,9.0569,PepSet_dimer_output_esmfold2_msa_nonpairing,3v2o,0.261,0.125,9.057,3.107
3v2o,43,1,0.9516,0.8842,0.9473,0.9642,0.9271,0.5873,9.0168,PepSet_dimer_output_esmfold2_msa_nonpairing,3v2o,0.262,0.125,9.017,3.098
3v2o,43,2,0.9527,0.8901,0.9486,0.9652,0.9311,0.5721,9.0869,PepSet_dimer_output_esmfold2_msa_nonpairing,3v2o,0.261,0.125,9.087,3.096
3v2o,43,3,0.9526,0.8894,0.9485,0.9652,0.9308,0.5678,8.8677,PepSet_dimer_output_esmfold2_msa_nonpairing,3v2o,0.283,0.175,8.868,3.041
3v2o,43,4,0.9528,0.8897,0.9487,0.9654,0.9336,0.6056,8.9314,PepSet_dimer_output_esmfold2_msa_nonpairing,3v2o,0.264,0.125,8.931,3.079
3v2o,44,0,0.9528,0.8932,0.949,0.9657,0.9364,0.6251,8.9591,PepSet_dimer_output_esmfold2_msa_nonpairing,3v2o,0.272,0.15,8.959,3.08
3v2o,44,1,0.9523,0.8881,0.9481,0.9648,0.9315,0.6412,9.0214,PepSet_dimer_output_esmfold2_msa_nonpairing,3v2o,0.27,0.15,9.021,3.101
3v2o,44,2,0.9517,0.8887,0.9476,0.9645,0.9297,0.5631,9.0028,PepSet_dimer_output_esmfold2_msa_nonpairing,3v2o,0.271,0.15,9.003,3.066
3v2o,44,3,0.952,0.891,0.9481,0.9654,0.9335,0.5807,9.1025,PepSet_dimer_output_esmfold2_msa_nonpairing,3v2o,0.259,0.125,9.103,3.127
3v2o,44,4,0.952,0.8836,0.9475,0.9645,0.9274,0.6215,9.0249,PepSet_dimer_output_esmfold2_msa_nonpairing,3v2o,0.27,0.15,9.025,3.089
3wgx,42,0,0.9605,0.897,0.9567,0.973,0.9262,1.0858,1.017,PepSet_dimer_output_esmfold2_msa_nonpairing,3wgx,0.942,0.912,1.017,0.416
3wgx,42,1,0.9599,0.9004,0.9563,0.9723,0.9328,0.847,0.528,PepSet_dimer_output_esmfold2_msa_nonpairing,3wgx,0.98,0.971,0.528,0.245
3wgx,42,2,0.9611,0.8955,0.9571,0.9738,0.9273,1.0839,0.7203,PepSet_dimer_output_esmfold2_msa_nonpairing,3wgx,0.966,0.941,0.72,0.286
3wgx,42,3,0.9607,0.8955,0.9567,0.9735,0.9276,1.0977,0.7714,PepSet_dimer_output_esmfold2_msa_nonpairing,3wgx,0.965,0.941,0.771,0.298
3wgx,42,4,0.9612,0.8982,0.9574,0.9739,0.9267,1.0955,0.6547,PepSet_dimer_output_esmfold2_msa_nonpairing,3wgx,0.977,0.971,0.655,0.277
3wgx,43,0,0.9587,0.8983,0.955,0.9715,0.9311,0.8305,0.6848,PepSet_dimer_output_esmfold2_msa_nonpairing,3wgx,0.965,0.941,0.685,0.304
3wgx,43,1,0.9614,0.898,0.9575,0.9742,0.9259,1.0992,0.7744,PepSet_dimer_output_esmfold2_msa_nonpairing,3wgx,0.974,0.971,0.774,0.311
3wgx,43,2,0.9601,0.8874,0.9557,0.9727,0.9198,1.1388,0.6643,PepSet_dimer_output_esmfold2_msa_nonpairing,3wgx,0.958,0.912,0.664,0.268
3wgx,43,3,0.961,0.8959,0.9571,0.9735,0.9252,1.1344,0.6123,PepSet_dimer_output_esmfold2_msa_nonpairing,3wgx,0.97,0.941,0.612,0.252
3wgx,43,4,0.9614,0.895,0.9574,0.9744,0.9277,1.0953,0.634,PepSet_dimer_output_esmfold2_msa_nonpairing,3wgx,0.97,0.941,0.634,0.243
3wgx,44,0,0.9612,0.8987,0.9574,0.9741,0.9291,1.1363,0.7071,PepSet_dimer_output_esmfold2_msa_nonpairing,3wgx,0.975,0.971,0.707,0.297
3wgx,44,1,0.9604,0.8987,0.9567,0.9739,0.9313,1.0733,0.765,PepSet_dimer_output_esmfold2_msa_nonpairing,3wgx,0.965,0.941,0.765,0.297
3wgx,44,2,0.9597,0.8985,0.956,0.9733,0.929,1.1609,0.63,PepSet_dimer_output_esmfold2_msa_nonpairing,3wgx,0.969,0.941,0.63,0.26
3wgx,44,3,0.9615,0.8947,0.9575,0.9742,0.9229,1.1336,0.968,PepSet_dimer_output_esmfold2_msa_nonpairing,3wgx,0.953,0.941,0.968,0.414
3wgx,44,4,0.9613,0.8962,0.9574,0.9741,0.9255,1.105,0.6508,PepSet_dimer_output_esmfold2_msa_nonpairing,3wgx,0.969,0.941,0.651,0.257
3zrj,42,0,0.909,0.7691,0.8978,0.9251,0.8168,0.8965,1.6829,PepSet_dimer_output_esmfold2_msa_nonpairing,3zrj,0.851,0.871,1.683,0.938
3zrj,42,1,0.9092,0.7716,0.8981,0.9247,0.8213,1.6022,2.5571,PepSet_dimer_output_esmfold2_msa_nonpairing,3zrj,0.804,0.935,2.557,1.328
3zrj,42,2,0.9072,0.7645,0.8957,0.9208,0.7903,2.1921,3.9764,PepSet_dimer_output_esmfold2_msa_nonpairing,3zrj,0.71,0.935,3.976,1.939
3zrj,42,3,0.9091,0.7686,0.8978,0.9258,0.819,0.8354,1.0044,PepSet_dimer_output_esmfold2_msa_nonpairing,3zrj,0.9,0.903,1.004,0.726
3zrj,42,4,0.9085,0.7697,0.8974,0.9231,0.8071,1.9583,3.9208,PepSet_dimer_output_esmfold2_msa_nonpairing,3zrj,0.718,0.935,3.921,1.859
3zrj,43,0,0.9081,0.7689,0.8969,0.924,0.8155,1.0498,2.1023,PepSet_dimer_output_esmfold2_msa_nonpairing,3zrj,0.835,0.935,2.102,1.154
3zrj,43,1,0.908,0.768,0.8967,0.9236,0.8017,1.7817,3.255,PepSet_dimer_output_esmfold2_msa_nonpairing,3zrj,0.759,0.935,3.255,1.593
3zrj,43,2,0.9073,0.7707,0.8964,0.9236,0.8131,2.0955,2.7911,PepSet_dimer_output_esmfold2_msa_nonpairing,3zrj,0.795,0.935,2.791,1.368
3zrj,43,3,0.9081,0.7647,0.8965,0.9242,0.8077,0.9143,2.7735,PepSet_dimer_output_esmfold2_msa_nonpairing,3zrj,0.788,0.935,2.773,1.424
3zrj,43,4,0.9067,0.7675,0.8955,0.923,0.7961,1.2885,3.8844,PepSet_dimer_output_esmfold2_msa_nonpairing,3zrj,0.719,0.935,3.884,1.865
3zrj,44,0,0.9103,0.766,0.8986,0.9274,0.8177,0.7057,1.2326,PepSet_dimer_output_esmfold2_msa_nonpairing,3zrj,0.896,0.935,1.233,0.813
3zrj,44,1,0.9083,0.7707,0.8972,0.9242,0.8035,1.5848,3.8824,PepSet_dimer_output_esmfold2_msa_nonpairing,3zrj,0.718,0.935,3.882,1.867
3zrj,44,2,0.9087,0.7748,0.8979,0.9245,0.82,1.8161,2.7865,PepSet_dimer_output_esmfold2_msa_nonpairing,3zrj,0.814,0.935,2.787,1.217
3zrj,44,3,0.9094,0.7721,0.8984,0.9258,0.8182,1.2342,1.4793,PepSet_dimer_output_esmfold2_msa_nonpairing,3zrj,0.883,0.935,1.479,0.883
3zrj,44,4,0.9058,0.7716,0.895,0.923,0.8012,1.4789,3.8484,PepSet_dimer_output_esmfold2_msa_nonpairing,3zrj,0.722,0.935,3.848,1.831
4a2a,42,0,0.9202,0.847,0.9176,0.952,0.9136,0.8414,1.4248,PepSet_dimer_output_esmfold2_msa_nonpairing,4a2a,0.892,0.816,1.425,0.537
4a2a,42,1,0.9247,0.8454,0.9219,0.954,0.9134,0.8594,1.1698,PepSet_dimer_output_esmfold2_msa_nonpairing,4a2a,0.92,0.868,1.17,0.475
4a2a,42,2,0.9225,0.8476,0.9198,0.9527,0.915,0.8227,1.0218,PepSet_dimer_output_esmfold2_msa_nonpairing,4a2a,0.925,0.868,1.022,0.441
4a2a,42,3,0.9239,0.8486,0.9211,0.9545,0.9157,0.8752,1.4323,PepSet_dimer_output_esmfold2_msa_nonpairing,4a2a,0.907,0.868,1.432,0.553
4a2a,42,4,0.9249,0.851,0.9222,0.9541,0.9181,0.8848,0.8996,PepSet_dimer_output_esmfold2_msa_nonpairing,4a2a,0.918,0.842,0.9,0.438
4a2a,43,0,0.9241,0.8488,0.9214,0.9539,0.9152,0.9695,1.3504,PepSet_dimer_output_esmfold2_msa_nonpairing,4a2a,0.91,0.868,1.35,0.535
4a2a,43,1,0.9226,0.8448,0.9197,0.9496,0.9143,1.0172,0.9735,PepSet_dimer_output_esmfold2_msa_nonpairing,4a2a,0.926,0.868,0.973,0.432
4a2a,43,2,0.9223,0.8495,0.9196,0.9508,0.916,0.9643,1.0224,PepSet_dimer_output_esmfold2_msa_nonpairing,4a2a,0.92,0.868,1.022,0.486
4a2a,43,3,0.923,0.8445,0.9202,0.9542,0.9148,0.926,1.0135,PepSet_dimer_output_esmfold2_msa_nonpairing,4a2a,0.942,0.921,1.014,0.449
4a2a,43,4,0.9214,0.8366,0.9183,0.9527,0.9074,0.8765,1.7016,PepSet_dimer_output_esmfold2_msa_nonpairing,4a2a,0.883,0.842,1.702,0.641
4a2a,44,0,0.9228,0.8457,0.92,0.952,0.9133,0.9505,1.2146,PepSet_dimer_output_esmfold2_msa_nonpairing,4a2a,0.913,0.868,1.215,0.527
4a2a,44,1,0.9232,0.8482,0.9205,0.9532,0.9178,0.9903,0.8507,PepSet_dimer_output_esmfold2_msa_nonpairing,4a2a,0.927,0.868,0.851,0.433
4a2a,44,2,0.9209,0.851,0.9183,0.9505,0.9176,1.0582,1.3092,PepSet_dimer_output_esmfold2_msa_nonpairing,4a2a,0.915,0.868,1.309,0.498
4a2a,44,3,0.9226,0.8387,0.9196,0.9522,0.9094,0.9111,1.6868,PepSet_dimer_output_esmfold2_msa_nonpairing,4a2a,0.894,0.868,1.687,0.63
4a2a,44,4,0.9216,0.8504,0.919,0.952,0.9157,0.9785,1.4475,PepSet_dimer_output_esmfold2_msa_nonpairing,4a2a,0.904,0.868,1.447,0.575
4bt9,42,0,0.9059,0.6581,0.8968,0.7943,0.6713,2.1261,6.419,PepSet_dimer_output_esmfold2_msa_nonpairing,4bt9,0.52,0.552,6.419,1.954
4bt9,42,1,0.9048,0.6503,0.8954,0.7931,0.6587,2.3572,6.9053,PepSet_dimer_output_esmfold2_msa_nonpairing,4bt9,0.476,0.517,6.905,2.244
4bt9,42,2,0.905,0.6616,0.896,0.798,0.6752,2.376,6.2735,PepSet_dimer_output_esmfold2_msa_nonpairing,4bt9,0.514,0.552,6.274,2.071
4bt9,42,3,0.9034,0.6569,0.8943,0.8014,0.6744,2.4703,5.6548,PepSet_dimer_output_esmfold2_msa_nonpairing,4bt9,0.531,0.552,5.655,2.059
4bt9,42,4,0.9057,0.6461,0.8961,0.7919,0.6602,1.6975,4.7183,PepSet_dimer_output_esmfold2_msa_nonpairing,4bt9,0.591,0.552,4.718,1.637
4bt9,43,0,0.9035,0.6538,0.8943,0.7979,0.6696,2.704,5.9342,PepSet_dimer_output_esmfold2_msa_nonpairing,4bt9,0.538,0.552,5.934,1.871
4bt9,43,1,0.9046,0.6543,0.8954,0.795,0.6733,3.4865,6.0553,PepSet_dimer_output_esmfold2_msa_nonpairing,4bt9,0.526,0.552,6.055,1.994
4bt9,43,2,0.903,0.6569,0.894,0.8037,0.6749,2.294,5.4708,PepSet_dimer_output_esmfold2_msa_nonpairing,4bt9,0.558,0.552,5.471,1.779
4bt9,43,3,0.9037,0.6599,0.8948,0.7705,0.669,1.7484,5.3954,PepSet_dimer_output_esmfold2_msa_nonpairing,4bt9,0.534,0.552,5.395,2.106
4bt9,43,4,0.9064,0.6615,0.8974,0.8006,0.6763,3.1638,6.292,PepSet_dimer_output_esmfold2_msa_nonpairing,4bt9,0.52,0.552,6.292,1.994
4bt9,44,0,0.9048,0.6662,0.8961,0.7967,0.6839,2.1889,5.5232,PepSet_dimer_output_esmfold2_msa_nonpairing,4bt9,0.541,0.552,5.523,1.963
4bt9,44,1,0.9001,0.6559,0.8911,0.7665,0.6698,1.8827,4.6505,PepSet_dimer_output_esmfold2_msa_nonpairing,4bt9,0.574,0.552,4.651,1.83
4bt9,44,2,0.9068,0.6624,0.8978,0.8051,0.6753,2.4857,7.3876,PepSet_dimer_output_esmfold2_msa_nonpairing,4bt9,0.481,0.552,7.388,2.175
4bt9,44,3,0.9018,0.6428,0.8923,0.7727,0.6568,2.079,4.8944,PepSet_dimer_output_esmfold2_msa_nonpairing,4bt9,0.573,0.552,4.894,1.779
4bt9,44,4,0.9057,0.6617,0.8967,0.7906,0.6766,2.1104,5.7765,PepSet_dimer_output_esmfold2_msa_nonpairing,4bt9,0.522,0.552,5.776,2.138
4c5a,42,0,0.8981,0.3509,0.8842,0.9108,0.4723,0.5219,42.7111,PepSet_dimer_output_esmfold2_msa_nonpairing,4c5a,0.017,0.0,42.711,13.292
4c5a,42,1,0.8989,0.3012,0.8837,0.9057,0.4023,0.5826,46.269,PepSet_dimer_output_esmfold2_msa_nonpairing,4c5a,0.015,0.0,46.269,14.124
4c5a,42,2,0.9006,0.3009,0.8853,0.9081,0.4004,0.5405,44.287,PepSet_dimer_output_esmfold2_msa_nonpairing,4c5a,0.016,0.0,44.287,13.622
4c5a,42,3,0.8977,0.3229,0.883,0.9062,0.4491,0.5425,45.0459,PepSet_dimer_output_esmfold2_msa_nonpairing,4c5a,0.015,0.0,45.046,14.093
4c5a,42,4,0.8994,0.1672,0.8807,0.901,0.1716,0.5465,28.3307,PepSet_dimer_output_esmfold2_msa_nonpairing,4c5a,0.036,0.0,28.331,9.531
4c5a,43,0,0.8972,0.3365,0.8829,0.9063,0.4499,0.5747,43.5725,PepSet_dimer_output_esmfold2_msa_nonpairing,4c5a,0.016,0.0,43.572,13.378
4c5a,43,1,0.8837,0.3056,0.8689,0.9003,0.4232,2.6332,41.3904,PepSet_dimer_output_esmfold2_msa_nonpairing,4c5a,0.018,0.0,41.39,12.628
4c5a,43,2,0.8972,0.339,0.883,0.9097,0.4675,0.6183,43.3153,PepSet_dimer_output_esmfold2_msa_nonpairing,4c5a,0.016,0.0,43.315,13.548
4c5a,43,3,0.8999,0.3585,0.8861,0.9125,0.4913,0.5761,43.4867,PepSet_dimer_output_esmfold2_msa_nonpairing,4c5a,0.016,0.0,43.487,13.529
4c5a,43,4,0.8997,0.3273,0.8851,0.9078,0.4273,0.495,45.9536,PepSet_dimer_output_esmfold2_msa_nonpairing,4c5a,0.015,0.0,45.954,14.149
4c5a,44,0,0.8997,0.2707,0.8837,0.9078,0.3641,0.5287,48.3279,PepSet_dimer_output_esmfold2_msa_nonpairing,4c5a,0.013,0.0,48.328,15.259
4c5a,44,1,0.9009,0.3661,0.8873,0.9133,0.4968,0.557,43.0512,PepSet_dimer_output_esmfold2_msa_nonpairing,4c5a,0.017,0.0,43.051,13.431
4c5a,44,2,0.899,0.281,0.8832,0.9071,0.3907,0.4782,47.514,PepSet_dimer_output_esmfold2_msa_nonpairing,4c5a,0.014,0.0,47.514,14.914
4c5a,44,3,0.8979,0.3311,0.8834,0.9112,0.4651,0.5871,44.4917,PepSet_dimer_output_esmfold2_msa_nonpairing,4c5a,0.016,0.0,44.492,13.951
4c5a,44,4,0.8983,0.2261,0.8812,0.9101,0.2767,0.6928,31.848,PepSet_dimer_output_esmfold2_msa_nonpairing,4c5a,0.028,0.0,31.848,10.984
4dg3,42,0,0.9503,0.9066,0.948,0.9715,0.9668,0.5421,0.6231,PepSet_dimer_output_esmfold2_msa_nonpairing,4dg3,0.92,0.899,0.623,0.588
4dg3,42,1,0.9503,0.9081,0.9481,0.9716,0.9677,0.5056,0.8622,PepSet_dimer_output_esmfold2_msa_nonpairing,4dg3,0.908,0.87,0.862,0.595
4dg3,42,2,0.9502,0.9113,0.9481,0.9707,0.9697,0.4835,0.6108,PepSet_dimer_output_esmfold2_msa_nonpairing,4dg3,0.926,0.899,0.611,0.538
4dg3,42,3,0.9505,0.9101,0.9483,0.9707,0.9682,0.4616,0.5142,PepSet_dimer_output_esmfold2_msa_nonpairing,4dg3,0.927,0.884,0.514,0.502
4dg3,42,4,0.9497,0.9103,0.9476,0.9705,0.969,0.5108,0.6042,PepSet_dimer_output_esmfold2_msa_nonpairing,4dg3,0.928,0.899,0.604,0.526
4dg3,43,0,0.949,0.9048,0.9467,0.9694,0.9673,0.4606,0.9124,PepSet_dimer_output_esmfold2_msa_nonpairing,4dg3,0.929,0.913,0.912,0.536
4dg3,43,1,0.9504,0.9084,0.9482,0.9706,0.9674,0.4467,0.5563,PepSet_dimer_output_esmfold2_msa_nonpairing,4dg3,0.931,0.899,0.556,0.504
4dg3,43,2,0.9508,0.9109,0.9487,0.9721,0.9687,0.5067,0.6265,PepSet_dimer_output_esmfold2_msa_nonpairing,4dg3,0.916,0.884,0.627,0.581
4dg3,43,3,0.9508,0.9103,0.9486,0.9714,0.9686,0.4807,0.6211,PepSet_dimer_output_esmfold2_msa_nonpairing,4dg3,0.92,0.884,0.621,0.551
4dg3,43,4,0.9501,0.9099,0.948,0.9699,0.9686,0.4521,0.5647,PepSet_dimer_output_esmfold2_msa_nonpairing,4dg3,0.932,0.899,0.565,0.499
4dg3,44,0,0.9497,0.9062,0.9474,0.9678,0.9669,0.4095,0.4841,PepSet_dimer_output_esmfold2_msa_nonpairing,4dg3,0.941,0.899,0.484,0.418
4dg3,44,1,0.9502,0.9081,0.948,0.9709,0.9687,0.4759,0.6006,PepSet_dimer_output_esmfold2_msa_nonpairing,4dg3,0.929,0.899,0.601,0.518
4dg3,44,2,0.9507,0.9098,0.9485,0.9718,0.9688,0.5282,0.718,PepSet_dimer_output_esmfold2_msa_nonpairing,4dg3,0.922,0.899,0.718,0.568
4dg3,44,3,0.9513,0.911,0.9491,0.9719,0.9686,0.4887,0.5687,PepSet_dimer_output_esmfold2_msa_nonpairing,4dg3,0.925,0.899,0.569,0.554
4dg3,44,4,0.9501,0.9082,0.9479,0.971,0.9681,0.4772,0.864,PepSet_dimer_output_esmfold2_msa_nonpairing,4dg3,0.914,0.884,0.864,0.582
4ep2,42,0,0.941,0.6931,0.9325,0.9619,0.7017,0.5455,12.9736,PepSet_dimer_output_esmfold2_msa_nonpairing,4ep2,0.203,0.162,12.974,3.607
4ep2,42,1,0.9418,0.6907,0.9332,0.9614,0.6975,0.5196,12.978,PepSet_dimer_output_esmfold2_msa_nonpairing,4ep2,0.203,0.162,12.978,3.601
4ep2,42,2,0.9374,0.481,0.9219,0.9561,0.5424,0.5235,0.8789,PepSet_dimer_output_esmfold2_msa_nonpairing,4ep2,0.966,0.959,0.879,0.348
4ep2,42,3,0.9364,0.5075,0.9218,0.9559,0.5445,0.535,0.8751,PepSet_dimer_output_esmfold2_msa_nonpairing,4ep2,0.939,0.878,0.875,0.349
4ep2,42,4,0.9415,0.6923,0.933,0.9618,0.6995,0.5416,13.0265,PepSet_dimer_output_esmfold2_msa_nonpairing,4ep2,0.202,0.162,13.027,3.625
4ep2,43,0,0.9421,0.6893,0.9335,0.9618,0.7013,0.4998,13.1067,PepSet_dimer_output_esmfold2_msa_nonpairing,4ep2,0.201,0.162,13.107,3.637
4ep2,43,1,0.9423,0.6945,0.9338,0.9622,0.7002,0.5216,13.0667,PepSet_dimer_output_esmfold2_msa_nonpairing,4ep2,0.202,0.162,13.067,3.63
4ep2,43,2,0.9427,0.6961,0.9343,0.9622,0.7001,0.5462,12.9968,PepSet_dimer_output_esmfold2_msa_nonpairing,4ep2,0.203,0.162,12.997,3.612
4ep2,43,3,0.9373,0.4722,0.9214,0.956,0.5485,0.5731,1.1692,PepSet_dimer_output_esmfold2_msa_nonpairing,4ep2,0.926,0.905,1.169,0.524
4ep2,43,4,0.9418,0.6902,0.9332,0.9618,0.7011,0.5509,12.9828,PepSet_dimer_output_esmfold2_msa_nonpairing,4ep2,0.203,0.162,12.983,3.61
4ep2,44,0,0.9427,0.6935,0.9342,0.9623,0.7029,0.5062,13.1002,PepSet_dimer_output_esmfold2_msa_nonpairing,4ep2,0.201,0.162,13.1,3.64
4ep2,44,1,0.9426,0.6928,0.9341,0.9621,0.6997,0.5005,12.9876,PepSet_dimer_output_esmfold2_msa_nonpairing,4ep2,0.203,0.162,12.988,3.601
4ep2,44,2,0.9365,0.4854,0.9211,0.9557,0.5488,0.4952,1.0623,PepSet_dimer_output_esmfold2_msa_nonpairing,4ep2,0.944,0.919,1.062,0.419
4ep2,44,3,0.9418,0.6964,0.9335,0.9622,0.704,0.5238,13.0035,PepSet_dimer_output_esmfold2_msa_nonpairing,4ep2,0.203,0.162,13.004,3.614
4ep2,44,4,0.942,0.6971,0.9336,0.9619,0.6999,0.5149,12.9608,PepSet_dimer_output_esmfold2_msa_nonpairing,4ep2,0.204,0.162,12.961,3.594
4fii,42,0,0.9382,0.8174,0.9357,0.9572,0.9373,0.8614,0.6121,PepSet_dimer_output_esmfold2_msa_nonpairing,4fii,0.902,0.921,0.612,0.772
4fii,42,1,0.9378,0.8176,0.9354,0.9613,0.9353,0.8814,0.832,PepSet_dimer_output_esmfold2_msa_nonpairing,4fii,0.913,0.947,0.832,0.746
4fii,42,2,0.9402,0.82,0.9378,0.9619,0.936,0.857,0.7008,PepSet_dimer_output_esmfold2_msa_nonpairing,4fii,0.909,0.921,0.701,0.718
4fii,42,3,0.9382,0.8172,0.9358,0.961,0.9343,0.8906,0.8072,PepSet_dimer_output_esmfold2_msa_nonpairing,4fii,0.913,0.947,0.807,0.748
4fii,42,4,0.9389,0.8184,0.9365,0.9589,0.9366,0.8354,0.8066,PepSet_dimer_output_esmfold2_msa_nonpairing,4fii,0.896,0.895,0.807,0.744
4fii,43,0,0.9387,0.8183,0.9363,0.9607,0.9357,0.9024,0.6293,PepSet_dimer_output_esmfold2_msa_nonpairing,4fii,0.9,0.921,0.629,0.785
4fii,43,1,0.9366,0.811,0.934,0.9599,0.9329,0.9745,0.734,PepSet_dimer_output_esmfold2_msa_nonpairing,4fii,0.882,0.921,0.734,0.909
4fii,43,2,0.9373,0.8034,0.9346,0.9589,0.9306,0.8093,1.2796,PepSet_dimer_output_esmfold2_msa_nonpairing,4fii,0.902,0.921,1.28,0.732
4fii,43,3,0.9395,0.8245,0.9372,0.9612,0.9384,0.8431,0.7495,PepSet_dimer_output_esmfold2_msa_nonpairing,4fii,0.932,0.974,0.75,0.675
4fii,43,4,0.9386,0.8196,0.9362,0.9582,0.9355,0.8799,0.7179,PepSet_dimer_output_esmfold2_msa_nonpairing,4fii,0.899,0.921,0.718,0.793
4fii,44,0,0.9383,0.8181,0.9359,0.9559,0.9365,0.882,0.7219,PepSet_dimer_output_esmfold2_msa_nonpairing,4fii,0.912,0.947,0.722,0.763
4fii,44,1,0.937,0.8182,0.9346,0.9533,0.9361,0.8883,0.6638,PepSet_dimer_output_esmfold2_msa_nonpairing,4fii,0.904,0.921,0.664,0.758
4fii,44,2,0.9388,0.82,0.9364,0.9612,0.9365,0.7854,0.7105,PepSet_dimer_output_esmfold2_msa_nonpairing,4fii,0.914,0.947,0.711,0.745
4fii,44,3,0.9381,0.8207,0.9357,0.9585,0.9372,0.9511,0.6857,PepSet_dimer_output_esmfold2_msa_nonpairing,4fii,0.911,0.921,0.686,0.703
4fii,44,4,0.9371,0.8169,0.9346,0.9608,0.935,0.8925,0.7629,PepSet_dimer_output_esmfold2_msa_nonpairing,4fii,0.904,0.921,0.763,0.75
4gq6,42,0,0.9292,0.7085,0.9237,0.9351,0.8686,2.9609,2.4231,PepSet_dimer_output_esmfold2_msa_nonpairing,4gq6,0.809,0.732,2.423,0.818
4gq6,42,1,0.9301,0.723,0.9249,0.9339,0.87,3.1782,1.8791,PepSet_dimer_output_esmfold2_msa_nonpairing,4gq6,0.892,0.875,1.879,0.639
4gq6,42,2,0.8955,0.7148,0.8909,0.9012,0.8703,10.43,3.2915,PepSet_dimer_output_esmfold2_msa_nonpairing,4gq6,0.834,0.804,3.291,0.679
4gq6,42,3,0.8936,0.6898,0.8885,0.9005,0.8567,9.4846,3.0378,PepSet_dimer_output_esmfold2_msa_nonpairing,4gq6,0.745,0.661,3.038,1.011
4gq6,42,4,0.9307,0.7195,0.9254,0.9356,0.8703,2.9853,1.9489,PepSet_dimer_output_esmfold2_msa_nonpairing,4gq6,0.901,0.911,1.949,0.647
4gq6,43,0,0.93,0.719,0.9248,0.9352,0.8681,3.0988,1.5478,PepSet_dimer_output_esmfold2_msa_nonpairing,4gq6,0.893,0.839,1.548,0.577
4gq6,43,1,0.9304,0.7179,0.9251,0.9343,0.8675,3.1502,2.1264,PepSet_dimer_output_esmfold2_msa_nonpairing,4gq6,0.837,0.768,2.126,0.747
4gq6,43,2,0.9296,0.7087,0.9241,0.934,0.8582,3.2641,2.9846,PepSet_dimer_output_esmfold2_msa_nonpairing,4gq6,0.789,0.786,2.985,1.001
4gq6,43,3,0.9298,0.7058,0.9242,0.9342,0.8694,3.0172,2.6371,PepSet_dimer_output_esmfold2_msa_nonpairing,4gq6,0.791,0.714,2.637,0.876
4gq6,43,4,0.9307,0.7218,0.9254,0.9347,0.8673,2.9764,1.6411,PepSet_dimer_output_esmfold2_msa_nonpairing,4gq6,0.897,0.857,1.641,0.583
4gq6,44,0,0.9313,0.7031,0.9256,0.9344,0.8512,2.9122,3.9487,PepSet_dimer_output_esmfold2_msa_nonpairing,4gq6,0.716,0.75,3.949,1.292
4gq6,44,1,0.9284,0.7177,0.9231,0.9335,0.8672,2.2242,2.0917,PepSet_dimer_output_esmfold2_msa_nonpairing,4gq6,0.877,0.875,2.092,0.717
4gq6,44,2,0.9303,0.7103,0.9248,0.9351,0.8683,2.9429,2.352,PepSet_dimer_output_esmfold2_msa_nonpairing,4gq6,0.817,0.75,2.352,0.815
4gq6,44,3,0.9281,0.7183,0.9228,0.9335,0.871,3.1282,2.0093,PepSet_dimer_output_esmfold2_msa_nonpairing,4gq6,0.857,0.821,2.009,0.743
4gq6,44,4,0.9296,0.72,0.9244,0.935,0.8749,3.0,1.8378,PepSet_dimer_output_esmfold2_msa_nonpairing,4gq6,0.883,0.839,1.838,0.62
4hdq,42,0,0.9319,0.7542,0.929,0.9578,0.886,0.9194,1.2373,PepSet_dimer_output_esmfold2_msa_nonpairing,4hdq,0.949,0.933,1.237,0.398
4hdq,42,1,0.9321,0.7557,0.9293,0.9573,0.8865,0.8144,2.7535,PepSet_dimer_output_esmfold2_msa_nonpairing,4hdq,0.867,0.9,2.753,0.76
4hdq,42,2,0.9306,0.7608,0.9279,0.9562,0.8846,0.802,2.3827,PepSet_dimer_output_esmfold2_msa_nonpairing,4hdq,0.887,0.9,2.383,0.666
4hdq,42,3,0.9318,0.7612,0.9291,0.9576,0.8872,0.8683,2.6595,PepSet_dimer_output_esmfold2_msa_nonpairing,4hdq,0.87,0.9,2.66,0.75
4hdq,42,4,0.9323,0.7596,0.9296,0.9579,0.8842,0.81,2.3111,PepSet_dimer_output_esmfold2_msa_nonpairing,4hdq,0.89,0.9,2.311,0.657
4hdq,43,0,0.9313,0.7603,0.9286,0.9569,0.8847,0.8016,2.9237,PepSet_dimer_output_esmfold2_msa_nonpairing,4hdq,0.857,0.9,2.924,0.801
4hdq,43,1,0.9318,0.7676,0.9292,0.9569,0.8887,0.794,2.6509,PepSet_dimer_output_esmfold2_msa_nonpairing,4hdq,0.861,0.867,2.651,0.74
4hdq,43,2,0.9306,0.7481,0.9277,0.9552,0.8795,0.8858,1.4775,PepSet_dimer_output_esmfold2_msa_nonpairing,4hdq,0.943,0.933,1.477,0.428
4hdq,43,3,0.9325,0.7729,0.9299,0.9582,0.8924,0.8545,2.6283,PepSet_dimer_output_esmfold2_msa_nonpairing,4hdq,0.872,0.9,2.628,0.741
4hdq,43,4,0.932,0.7482,0.9291,0.9567,0.8792,0.8132,0.9573,PepSet_dimer_output_esmfold2_msa_nonpairing,4hdq,0.97,0.967,0.957,0.319
4hdq,44,0,0.9303,0.7743,0.9278,0.9572,0.8996,0.8487,2.1683,PepSet_dimer_output_esmfold2_msa_nonpairing,4hdq,0.897,0.9,2.168,0.627
4hdq,44,1,0.9321,0.771,0.9296,0.9578,0.8979,0.8604,2.078,PepSet_dimer_output_esmfold2_msa_nonpairing,4hdq,0.894,0.867,2.078,0.578
4hdq,44,2,0.9321,0.7672,0.9295,0.9579,0.8914,0.7837,2.2466,PepSet_dimer_output_esmfold2_msa_nonpairing,4hdq,0.884,0.867,2.247,0.632
4hdq,44,3,0.9311,0.7612,0.9284,0.9567,0.8915,0.8294,1.3704,PepSet_dimer_output_esmfold2_msa_nonpairing,4hdq,0.956,0.967,1.37,0.419
4hdq,44,4,0.9307,0.756,0.9279,0.9561,0.8891,0.838,1.2523,PepSet_dimer_output_esmfold2_msa_nonpairing,4hdq,0.962,0.967,1.252,0.376
4iga,42,0,0.8917,0.8687,0.8889,0.9128,0.8929,0.5206,0.8134,PepSet_dimer_output_esmfold2_msa_nonpairing,4iga,0.971,0.972,0.813,0.35
4iga,42,1,0.8907,0.8635,0.8874,0.9107,0.8865,0.3935,0.7746,PepSet_dimer_output_esmfold2_msa_nonpairing,4iga,0.959,0.944,0.775,0.38
4iga,42,2,0.8896,0.8738,0.8877,0.9139,0.9005,1.4238,1.165,PepSet_dimer_output_esmfold2_msa_nonpairing,4iga,0.961,0.972,1.165,0.411
4iga,42,3,0.8934,0.8768,0.8914,0.9179,0.904,1.2461,1.0832,PepSet_dimer_output_esmfold2_msa_nonpairing,4iga,0.964,0.972,1.083,0.392
4iga,42,4,0.8954,0.8731,0.8927,0.9168,0.9001,0.4036,0.7767,PepSet_dimer_output_esmfold2_msa_nonpairing,4iga,0.957,0.944,0.777,0.396
4iga,43,0,0.8979,0.8766,0.8953,0.9198,0.9038,1.2357,1.1679,PepSet_dimer_output_esmfold2_msa_nonpairing,4iga,0.964,0.972,1.168,0.386
4iga,43,1,0.8974,0.8748,0.8946,0.919,0.9019,0.4068,0.6107,PepSet_dimer_output_esmfold2_msa_nonpairing,4iga,0.974,0.972,0.611,0.325
4iga,43,2,0.8911,0.8684,0.8884,0.9122,0.8935,0.4744,0.7847,PepSet_dimer_output_esmfold2_msa_nonpairing,4iga,0.956,0.944,0.785,0.403
4iga,43,3,0.898,0.8759,0.8953,0.9194,0.9047,0.4662,0.8634,PepSet_dimer_output_esmfold2_msa_nonpairing,4iga,0.964,0.972,0.863,0.414
4iga,43,4,0.8946,0.8737,0.8921,0.9168,0.8976,0.9862,0.9108,PepSet_dimer_output_esmfold2_msa_nonpairing,4iga,0.97,0.972,0.911,0.344
4iga,44,0,0.8908,0.8685,0.8881,0.9114,0.8923,1.0783,1.1096,PepSet_dimer_output_esmfold2_msa_nonpairing,4iga,0.956,0.944,1.11,0.375
4iga,44,1,0.894,0.8703,0.8911,0.9154,0.8966,0.9329,0.9547,PepSet_dimer_output_esmfold2_msa_nonpairing,4iga,0.954,0.944,0.955,0.411
4iga,44,2,0.8857,0.8717,0.884,0.9123,0.8993,1.3689,1.2266,PepSet_dimer_output_esmfold2_msa_nonpairing,4iga,0.954,0.944,1.227,0.386
4iga,44,3,0.8967,0.8723,0.8938,0.9177,0.9005,0.4062,0.7997,PepSet_dimer_output_esmfold2_msa_nonpairing,4iga,0.96,0.944,0.8,0.368
4iga,44,4,0.8954,0.8716,0.8925,0.917,0.8977,0.985,0.9582,PepSet_dimer_output_esmfold2_msa_nonpairing,4iga,0.957,0.944,0.958,0.38
4j2c,42,0,0.9183,0.8529,0.9118,0.911,0.8929,0.8257,2.1897,PepSet_dimer_output_esmfold2_msa_nonpairing,4j2c,0.793,0.857,2.19,1.269
4j2c,42,1,0.9137,0.8804,0.9104,0.9085,0.9165,0.9424,0.8218,PepSet_dimer_output_esmfold2_msa_nonpairing,4j2c,0.875,0.943,0.822,1.001
4j2c,42,2,0.9178,0.8752,0.9135,0.9119,0.9143,0.8545,0.6493,PepSet_dimer_output_esmfold2_msa_nonpairing,4j2c,0.888,0.914,0.649,0.856
4j2c,42,3,0.9131,0.8671,0.9085,0.9071,0.9079,0.9936,0.8874,PepSet_dimer_output_esmfold2_msa_nonpairing,4j2c,0.867,0.943,0.887,1.058
4j2c,42,4,0.9101,0.8714,0.9062,0.901,0.9087,0.8537,0.6396,PepSet_dimer_output_esmfold2_msa_nonpairing,4j2c,0.902,0.971,0.64,0.885
4j2c,43,0,0.9164,0.8761,0.9124,0.9111,0.913,0.8447,0.6026,PepSet_dimer_output_esmfold2_msa_nonpairing,4j2c,0.902,0.943,0.603,0.824
4j2c,43,1,0.9167,0.8755,0.9126,0.9107,0.9144,0.9219,0.8977,PepSet_dimer_output_esmfold2_msa_nonpairing,4j2c,0.888,0.971,0.898,0.976
4j2c,43,2,0.9162,0.8438,0.9089,0.9116,0.8857,0.9812,1.0206,PepSet_dimer_output_esmfold2_msa_nonpairing,4j2c,0.846,0.857,1.021,0.992
4j2c,43,3,0.9176,0.86,0.9118,0.9104,0.9011,0.8411,2.103,PepSet_dimer_output_esmfold2_msa_nonpairing,4j2c,0.777,0.829,2.103,1.333
4j2c,43,4,0.9165,0.8735,0.9122,0.9112,0.9128,0.7341,0.8299,PepSet_dimer_output_esmfold2_msa_nonpairing,4j2c,0.927,0.943,0.83,0.639
4j2c,44,0,0.9151,0.8731,0.9109,0.909,0.9106,0.9612,0.6691,PepSet_dimer_output_esmfold2_msa_nonpairing,4j2c,0.887,0.943,0.669,0.927
4j2c,44,1,0.9169,0.879,0.9131,0.9102,0.9169,0.847,0.7619,PepSet_dimer_output_esmfold2_msa_nonpairing,4j2c,0.898,0.971,0.762,0.909
4j2c,44,2,0.9104,0.8668,0.906,0.9041,0.9108,1.1924,0.7518,PepSet_dimer_output_esmfold2_msa_nonpairing,4j2c,0.793,0.857,0.752,1.41
4j2c,44,3,0.9187,0.857,0.9125,0.9115,0.8954,0.8038,1.8898,PepSet_dimer_output_esmfold2_msa_nonpairing,4j2c,0.793,0.8,1.89,1.157
4j2c,44,4,0.9151,0.8711,0.9107,0.9103,0.9092,0.8441,1.1906,PepSet_dimer_output_esmfold2_msa_nonpairing,4j2c,0.896,0.943,1.191,0.833
4j8b,42,0,0.9577,0.8843,0.9563,0.9769,0.9448,0.9985,0.9437,PepSet_dimer_output_esmfold2_msa_nonpairing,4j8b,0.957,0.938,0.944,0.356
4j8b,42,1,0.9575,0.886,0.9561,0.9773,0.9447,0.7691,0.9807,PepSet_dimer_output_esmfold2_msa_nonpairing,4j8b,0.967,0.969,0.981,0.359
4j8b,42,2,0.9562,0.881,0.9547,0.9765,0.9418,0.7836,0.8323,PepSet_dimer_output_esmfold2_msa_nonpairing,4j8b,0.96,0.938,0.832,0.332
4j8b,42,3,0.9572,0.8904,0.9559,0.977,0.9485,0.9639,0.933,PepSet_dimer_output_esmfold2_msa_nonpairing,4j8b,0.969,0.969,0.933,0.347
4j8b,42,4,0.9575,0.8837,0.9561,0.9772,0.9451,0.8943,0.859,PepSet_dimer_output_esmfold2_msa_nonpairing,4j8b,0.971,0.969,0.859,0.325
4j8b,43,0,0.9573,0.8798,0.9558,0.9772,0.9409,0.7575,0.842,PepSet_dimer_output_esmfold2_msa_nonpairing,4j8b,0.96,0.938,0.842,0.336
4j8b,43,1,0.955,0.8881,0.9537,0.9763,0.947,0.8714,0.8835,PepSet_dimer_output_esmfold2_msa_nonpairing,4j8b,0.969,0.969,0.884,0.346
4j8b,43,2,0.9575,0.8838,0.9561,0.9774,0.9442,0.8147,0.9595,PepSet_dimer_output_esmfold2_msa_nonpairing,4j8b,0.956,0.938,0.959,0.366
4j8b,43,3,0.957,0.8805,0.9555,0.9768,0.94,0.9222,0.992,PepSet_dimer_output_esmfold2_msa_nonpairing,4j8b,0.968,0.969,0.992,0.352
4j8b,43,4,0.9552,0.8891,0.9539,0.9759,0.9473,1.0583,0.8471,PepSet_dimer_output_esmfold2_msa_nonpairing,4j8b,0.971,0.969,0.847,0.332
4j8b,44,0,0.9575,0.887,0.9561,0.9774,0.9457,0.8099,0.9122,PepSet_dimer_output_esmfold2_msa_nonpairing,4j8b,0.969,0.969,0.912,0.349
4j8b,44,1,0.9579,0.8866,0.9565,0.9775,0.9464,0.7531,0.9547,PepSet_dimer_output_esmfold2_msa_nonpairing,4j8b,0.968,0.969,0.955,0.356
4j8b,44,2,0.9561,0.8838,0.9546,0.9769,0.9439,0.7662,0.8959,PepSet_dimer_output_esmfold2_msa_nonpairing,4j8b,0.959,0.938,0.896,0.339
4j8b,44,3,0.9585,0.8889,0.9571,0.9771,0.9472,0.9927,0.9205,PepSet_dimer_output_esmfold2_msa_nonpairing,4j8b,0.968,0.969,0.921,0.351
4j8b,44,4,0.9573,0.8837,0.9559,0.9773,0.9442,0.7461,0.825,PepSet_dimer_output_esmfold2_msa_nonpairing,4j8b,0.96,0.938,0.825,0.335
4leb,42,0,0.9568,0.8708,0.9549,0.9671,0.945,0.8189,3.439,PepSet_dimer_output_esmfold2_msa_nonpairing,4leb,0.799,0.971,3.439,1.308
4leb,42,1,0.9581,0.874,0.9562,0.9672,0.9462,0.7485,3.3085,PepSet_dimer_output_esmfold2_msa_nonpairing,4leb,0.821,1.0,3.309,1.236
4leb,42,2,0.9575,0.8645,0.9554,0.9669,0.9431,0.8225,3.4344,PepSet_dimer_output_esmfold2_msa_nonpairing,4leb,0.805,0.971,3.434,1.268
4leb,42,3,0.9584,0.8719,0.9565,0.9679,0.9449,0.7761,3.2241,PepSet_dimer_output_esmfold2_msa_nonpairing,4leb,0.817,0.971,3.224,1.209
4leb,42,4,0.9576,0.8702,0.9556,0.9666,0.9447,0.7522,3.2653,PepSet_dimer_output_esmfold2_msa_nonpairing,4leb,0.81,0.971,3.265,1.252
4leb,43,0,0.9581,0.8733,0.9562,0.9677,0.9455,0.7195,3.3797,PepSet_dimer_output_esmfold2_msa_nonpairing,4leb,0.807,0.971,3.38,1.259
4leb,43,1,0.9584,0.876,0.9565,0.9677,0.9467,0.7479,3.4326,PepSet_dimer_output_esmfold2_msa_nonpairing,4leb,0.795,0.941,3.433,1.267
4leb,43,2,0.9584,0.8733,0.9564,0.9672,0.9446,0.7568,3.2586,PepSet_dimer_output_esmfold2_msa_nonpairing,4leb,0.812,0.971,3.259,1.242
4leb,43,3,0.9585,0.8736,0.9566,0.9677,0.9458,0.8026,3.3069,PepSet_dimer_output_esmfold2_msa_nonpairing,4leb,0.819,1.0,3.307,1.255
4leb,43,4,0.9579,0.8712,0.9559,0.9671,0.9449,0.7759,3.1761,PepSet_dimer_output_esmfold2_msa_nonpairing,4leb,0.813,0.971,3.176,1.248
4leb,44,0,0.9569,0.8706,0.9549,0.9672,0.9449,0.7642,3.1743,PepSet_dimer_output_esmfold2_msa_nonpairing,4leb,0.808,0.941,3.174,1.213
4leb,44,1,0.9584,0.8718,0.9564,0.9677,0.9458,0.7859,3.315,PepSet_dimer_output_esmfold2_msa_nonpairing,4leb,0.82,1.0,3.315,1.243
4leb,44,2,0.9578,0.8722,0.9558,0.9672,0.945,0.7372,3.3353,PepSet_dimer_output_esmfold2_msa_nonpairing,4leb,0.811,0.971,3.335,1.238
4leb,44,3,0.9584,0.8739,0.9564,0.9664,0.946,0.796,3.1337,PepSet_dimer_output_esmfold2_msa_nonpairing,4leb,0.826,1.0,3.134,1.234
4leb,44,4,0.9581,0.8691,0.9561,0.9672,0.9428,0.7521,3.3661,PepSet_dimer_output_esmfold2_msa_nonpairing,4leb,0.808,0.971,3.366,1.256
4lk9,42,0,0.8999,0.8523,0.8955,0.9017,0.8995,0.9215,0.9042,PepSet_dimer_output_esmfold2_msa_nonpairing,4lk9,0.863,0.837,0.904,0.835
4lk9,42,1,0.8969,0.8484,0.8923,0.9001,0.8982,1.1923,0.4909,PepSet_dimer_output_esmfold2_msa_nonpairing,4lk9,0.864,0.816,0.491,0.8
4lk9,42,2,0.8957,0.8486,0.8913,0.8976,0.8986,1.0372,0.805,PepSet_dimer_output_esmfold2_msa_nonpairing,4lk9,0.833,0.816,0.805,1.005
4lk9,42,3,0.8985,0.8529,0.8943,0.9006,0.9016,1.1992,1.6184,PepSet_dimer_output_esmfold2_msa_nonpairing,4lk9,0.817,0.816,1.618,1.055
4lk9,42,4,0.8925,0.8492,0.8884,0.8941,0.8971,0.8666,0.6413,PepSet_dimer_output_esmfold2_msa_nonpairing,4lk9,0.874,0.837,0.641,0.77
4lk9,43,0,0.8972,0.851,0.8929,0.8995,0.9022,0.8395,2.1971,PepSet_dimer_output_esmfold2_msa_nonpairing,4lk9,0.789,0.816,2.197,1.19
4lk9,43,1,0.8984,0.8535,0.8942,0.899,0.9017,1.0409,0.9607,PepSet_dimer_output_esmfold2_msa_nonpairing,4lk9,0.842,0.816,0.961,0.928
4lk9,43,2,0.8975,0.8531,0.8933,0.8991,0.901,0.9651,0.7134,PepSet_dimer_output_esmfold2_msa_nonpairing,4lk9,0.851,0.816,0.713,0.879
4lk9,43,3,0.8988,0.852,0.8944,0.9015,0.9017,0.9314,2.2273,PepSet_dimer_output_esmfold2_msa_nonpairing,4lk9,0.788,0.816,2.227,1.192
4lk9,43,4,0.8972,0.8517,0.893,0.8973,0.8977,1.0329,0.7223,PepSet_dimer_output_esmfold2_msa_nonpairing,4lk9,0.85,0.816,0.722,0.885
4lk9,44,0,0.8983,0.8485,0.8936,0.9005,0.8964,1.373,1.5381,PepSet_dimer_output_esmfold2_msa_nonpairing,4lk9,0.818,0.816,1.538,1.053
4lk9,44,1,0.8961,0.8489,0.8917,0.8973,0.8974,1.3364,1.92,PepSet_dimer_output_esmfold2_msa_nonpairing,4lk9,0.802,0.816,1.92,1.129
4lk9,44,2,0.8966,0.8473,0.892,0.8979,0.8959,0.9151,2.2521,PepSet_dimer_output_esmfold2_msa_nonpairing,4lk9,0.786,0.816,2.252,1.207
4lk9,44,3,0.8968,0.8521,0.8926,0.8988,0.9004,0.8711,1.9983,PepSet_dimer_output_esmfold2_msa_nonpairing,4lk9,0.8,0.816,1.998,1.136
4lk9,44,4,0.8978,0.8517,0.8935,0.8996,0.9,0.9246,2.4335,PepSet_dimer_output_esmfold2_msa_nonpairing,4lk9,0.771,0.816,2.434,1.298
4lzf,42,0,0.9291,0.8134,0.9208,0.816,0.8307,1.2805,10.7399,PepSet_dimer_output_esmfold2_msa_nonpairing,4lzf,0.398,0.667,10.74,3.664
4lzf,42,1,0.9306,0.823,0.9229,0.8258,0.8394,2.4805,11.7041,PepSet_dimer_output_esmfold2_msa_nonpairing,4lzf,0.395,0.697,11.704,3.69
4lzf,42,2,0.9296,0.8212,0.9218,0.8301,0.8377,1.7223,10.9567,PepSet_dimer_output_esmfold2_msa_nonpairing,4lzf,0.396,0.667,10.957,3.633
4lzf,42,3,0.9289,0.8101,0.9204,0.8319,0.8236,1.9743,10.8916,PepSet_dimer_output_esmfold2_msa_nonpairing,4lzf,0.458,0.848,10.892,3.592
4lzf,42,4,0.93,0.8084,0.9213,0.8329,0.8213,1.8341,10.7816,PepSet_dimer_output_esmfold2_msa_nonpairing,4lzf,0.44,0.788,10.782,3.57
4lzf,43,0,0.9306,0.825,0.923,0.8231,0.8441,2.2138,11.7242,PepSet_dimer_output_esmfold2_msa_nonpairing,4lzf,0.395,0.697,11.724,3.656
4lzf,43,1,0.9287,0.8048,0.9198,0.8145,0.8226,1.7112,10.698,PepSet_dimer_output_esmfold2_msa_nonpairing,4lzf,0.452,0.818,10.698,3.568
4lzf,43,2,0.9298,0.8161,0.9217,0.8219,0.833,2.3115,11.4942,PepSet_dimer_output_esmfold2_msa_nonpairing,4lzf,0.379,0.636,11.494,3.599
4lzf,43,3,0.931,0.8165,0.9228,0.8272,0.8337,1.8756,11.0367,PepSet_dimer_output_esmfold2_msa_nonpairing,4lzf,0.416,0.727,11.037,3.595
4lzf,43,4,0.9291,0.8105,0.9206,0.8275,0.8222,2.3535,11.16,PepSet_dimer_output_esmfold2_msa_nonpairing,4lzf,0.435,0.788,11.16,3.585
4lzf,44,0,0.9309,0.8152,0.9226,0.8354,0.8266,1.8536,11.059,PepSet_dimer_output_esmfold2_msa_nonpairing,4lzf,0.426,0.758,11.059,3.595
4lzf,44,1,0.929,0.8099,0.9205,0.8264,0.822,2.0153,10.9684,PepSet_dimer_output_esmfold2_msa_nonpairing,4lzf,0.447,0.818,10.968,3.588
4lzf,44,2,0.9296,0.8216,0.9219,0.827,0.8387,1.6264,10.7965,PepSet_dimer_output_esmfold2_msa_nonpairing,4lzf,0.388,0.636,10.797,3.648
4lzf,44,3,0.9269,0.8166,0.919,0.8133,0.8272,2.4778,11.8241,PepSet_dimer_output_esmfold2_msa_nonpairing,4lzf,0.377,0.636,11.824,3.524
4lzf,44,4,0.9316,0.8188,0.9235,0.8369,0.838,1.9925,11.2885,PepSet_dimer_output_esmfold2_msa_nonpairing,4lzf,0.391,0.667,11.289,3.65
4m5s,42,0,0.8616,0.7972,0.855,0.8205,0.7883,2.666,2.6519,PepSet_dimer_output_esmfold2_msa_nonpairing,4m5s,0.842,0.902,2.652,0.955
4m5s,42,1,0.8612,0.7988,0.8548,0.8191,0.7857,2.5358,2.4257,PepSet_dimer_output_esmfold2_msa_nonpairing,4m5s,0.847,0.878,2.426,0.892
4m5s,42,2,0.8601,0.7982,0.8537,0.8166,0.7855,2.7076,2.9555,PepSet_dimer_output_esmfold2_msa_nonpairing,4m5s,0.817,0.878,2.955,1.029
4m5s,42,3,0.861,0.8008,0.8548,0.8205,0.7901,2.7088,2.5533,PepSet_dimer_output_esmfold2_msa_nonpairing,4m5s,0.847,0.902,2.553,0.93
4m5s,42,4,0.8584,0.8013,0.8525,0.8145,0.7886,2.6151,2.5691,PepSet_dimer_output_esmfold2_msa_nonpairing,4m5s,0.849,0.902,2.569,0.918
4m5s,43,0,0.8554,0.7695,0.8466,0.8029,0.7516,2.6958,1.7834,PepSet_dimer_output_esmfold2_msa_nonpairing,4m5s,0.878,0.854,1.783,0.699
4m5s,43,1,0.8571,0.7944,0.8506,0.8128,0.78,2.7655,2.4718,PepSet_dimer_output_esmfold2_msa_nonpairing,4m5s,0.841,0.854,2.472,0.874
4m5s,43,2,0.8578,0.7893,0.8507,0.8137,0.776,2.6582,2.3925,PepSet_dimer_output_esmfold2_msa_nonpairing,4m5s,0.844,0.854,2.393,0.862
4m5s,43,3,0.8568,0.7855,0.8494,0.8108,0.77,2.4459,2.1436,PepSet_dimer_output_esmfold2_msa_nonpairing,4m5s,0.871,0.902,2.144,0.82
4m5s,43,4,0.8586,0.7911,0.8516,0.8136,0.7783,2.5287,2.1753,PepSet_dimer_output_esmfold2_msa_nonpairing,4m5s,0.868,0.878,2.175,0.78
4m5s,44,0,0.862,0.8028,0.8559,0.8214,0.7944,2.5839,2.527,PepSet_dimer_output_esmfold2_msa_nonpairing,4m5s,0.839,0.878,2.527,0.933
4m5s,44,1,0.8597,0.7962,0.8532,0.8167,0.7817,2.6817,2.5083,PepSet_dimer_output_esmfold2_msa_nonpairing,4m5s,0.852,0.902,2.508,0.903
4m5s,44,2,0.8573,0.7999,0.8514,0.8143,0.7876,2.8884,2.6031,PepSet_dimer_output_esmfold2_msa_nonpairing,4m5s,0.837,0.902,2.603,0.995
4m5s,44,3,0.8613,0.7977,0.8548,0.8203,0.7873,2.5329,2.8097,PepSet_dimer_output_esmfold2_msa_nonpairing,4m5s,0.836,0.927,2.81,1.033
4m5s,44,4,0.8618,0.8012,0.8555,0.8199,0.7917,2.5338,2.5387,PepSet_dimer_output_esmfold2_msa_nonpairing,4m5s,0.834,0.878,2.539,0.968
4m91,42,0,0.9435,0.7773,0.9372,0.9685,0.8568,0.5068,4.6618,PepSet_dimer_output_esmfold2_msa_nonpairing,4m91,0.614,0.615,4.662,1.635
4m91,42,1,0.9435,0.7819,0.9374,0.969,0.8599,0.4667,4.289,PepSet_dimer_output_esmfold2_msa_nonpairing,4m91,0.66,0.692,4.289,1.529
4m91,42,2,0.9428,0.7639,0.9361,0.9677,0.8292,0.4501,5.0671,PepSet_dimer_output_esmfold2_msa_nonpairing,4m91,0.599,0.654,5.067,1.812
4m91,42,3,0.9418,0.7403,0.9341,0.9667,0.8183,0.533,5.4864,PepSet_dimer_output_esmfold2_msa_nonpairing,4m91,0.576,0.654,5.486,1.96
4m91,42,4,0.9431,0.781,0.937,0.9689,0.859,0.5128,4.276,PepSet_dimer_output_esmfold2_msa_nonpairing,4m91,0.635,0.615,4.276,1.528
4m91,43,0,0.9429,0.7681,0.9363,0.9681,0.843,0.4686,4.8949,PepSet_dimer_output_esmfold2_msa_nonpairing,4m91,0.596,0.615,4.895,1.752
4m91,43,1,0.9427,0.7769,0.9364,0.9682,0.8554,0.5481,4.6523,PepSet_dimer_output_esmfold2_msa_nonpairing,4m91,0.624,0.654,4.652,1.659
4m91,43,2,0.9437,0.7838,0.9377,0.9691,0.8627,0.4761,4.2731,PepSet_dimer_output_esmfold2_msa_nonpairing,4m91,0.662,0.692,4.273,1.515
4m91,43,3,0.9437,0.7727,0.9373,0.9689,0.8482,0.4662,4.043,PepSet_dimer_output_esmfold2_msa_nonpairing,4m91,0.651,0.615,4.043,1.436
4m91,43,4,0.9417,0.7594,0.9348,0.9672,0.8467,0.4897,5.1237,PepSet_dimer_output_esmfold2_msa_nonpairing,4m91,0.586,0.615,5.124,1.8
4m91,44,0,0.9431,0.7888,0.9373,0.9687,0.8667,0.4904,4.7025,PepSet_dimer_output_esmfold2_msa_nonpairing,4m91,0.61,0.615,4.702,1.665
4m91,44,1,0.9432,0.7796,0.9371,0.9686,0.8563,0.4884,4.1931,PepSet_dimer_output_esmfold2_msa_nonpairing,4m91,0.656,0.654,4.193,1.469
4m91,44,2,0.9431,0.7832,0.9371,0.9684,0.8612,0.5664,4.1738,PepSet_dimer_output_esmfold2_msa_nonpairing,4m91,0.696,0.769,4.174,1.464
4m91,44,3,0.943,0.769,0.9365,0.9687,0.8547,0.4716,5.1477,PepSet_dimer_output_esmfold2_msa_nonpairing,4m91,0.594,0.654,5.148,1.845
4m91,44,4,0.9421,0.7806,0.936,0.9686,0.8569,0.4762,4.2168,PepSet_dimer_output_esmfold2_msa_nonpairing,4m91,0.651,0.654,4.217,1.511
4mvi,42,0,0.8676,0.6577,0.8528,0.8999,0.8105,1.8259,4.4692,PepSet_dimer_output_esmfold2_msa_nonpairing,4mvi,0.505,0.426,4.469,2.264
4mvi,42,1,0.8689,0.6269,0.8519,0.8997,0.8082,1.7837,4.8295,PepSet_dimer_output_esmfold2_msa_nonpairing,4mvi,0.475,0.393,4.83,2.43
4mvi,42,2,0.8636,0.6344,0.8475,0.8942,0.8029,2.0329,6.2196,PepSet_dimer_output_esmfold2_msa_nonpairing,4mvi,0.419,0.393,6.22,2.883
4mvi,42,3,0.8676,0.6366,0.8514,0.9,0.8,1.7408,5.5803,PepSet_dimer_output_esmfold2_msa_nonpairing,4mvi,0.442,0.377,5.58,2.605
4mvi,42,4,0.8711,0.647,0.8553,0.9031,0.8169,1.7425,5.1812,PepSet_dimer_output_esmfold2_msa_nonpairing,4mvi,0.463,0.393,5.181,2.483
4mvi,43,0,0.8646,0.6401,0.8488,0.8968,0.8071,1.6631,5.4769,PepSet_dimer_output_esmfold2_msa_nonpairing,4mvi,0.461,0.41,5.477,2.491
4mvi,43,1,0.8689,0.649,0.8534,0.9017,0.8102,1.9152,5.0884,PepSet_dimer_output_esmfold2_msa_nonpairing,4mvi,0.466,0.41,5.088,2.585
4mvi,43,2,0.8698,0.6529,0.8546,0.9017,0.8161,2.0432,4.5752,PepSet_dimer_output_esmfold2_msa_nonpairing,4mvi,0.478,0.393,4.575,2.498
4mvi,43,3,0.8654,0.6465,0.85,0.8984,0.807,1.8195,4.6503,PepSet_dimer_output_esmfold2_msa_nonpairing,4mvi,0.495,0.426,4.65,2.345
4mvi,43,4,0.8689,0.6471,0.8533,0.9004,0.8182,2.0125,5.0673,PepSet_dimer_output_esmfold2_msa_nonpairing,4mvi,0.439,0.328,5.067,2.585
4mvi,44,0,0.8646,0.6343,0.8484,0.8957,0.8069,2.3444,4.8263,PepSet_dimer_output_esmfold2_msa_nonpairing,4mvi,0.461,0.393,4.826,2.726
4mvi,44,1,0.8654,0.6438,0.8498,0.897,0.7913,1.9332,5.1322,PepSet_dimer_output_esmfold2_msa_nonpairing,4mvi,0.47,0.41,5.132,2.49
4mvi,44,2,0.862,0.6465,0.8468,0.8966,0.805,2.0181,4.7614,PepSet_dimer_output_esmfold2_msa_nonpairing,4mvi,0.467,0.393,4.761,2.628
4mvi,44,3,0.8686,0.644,0.8528,0.8996,0.8111,1.9993,5.2237,PepSet_dimer_output_esmfold2_msa_nonpairing,4mvi,0.463,0.41,5.224,2.574
4mvi,44,4,0.8577,0.6404,0.8424,0.8914,0.8096,2.1387,5.4498,PepSet_dimer_output_esmfold2_msa_nonpairing,4mvi,0.433,0.377,5.45,2.873
4nuu,42,0,0.8506,0.7182,0.8452,0.9066,0.8006,2.1738,1.0555,PepSet_dimer_output_esmfold2_msa_nonpairing,4nuu,0.695,0.711,1.056,1.877
4nuu,42,1,0.8443,0.7093,0.8388,0.9028,0.7841,2.5711,1.3105,PepSet_dimer_output_esmfold2_msa_nonpairing,4nuu,0.615,0.605,1.31,2.519
4nuu,42,2,0.8441,0.7112,0.8387,0.9028,0.7883,2.5517,1.4884,PepSet_dimer_output_esmfold2_msa_nonpairing,4nuu,0.618,0.605,1.488,2.415
4nuu,42,3,0.8409,0.7161,0.8358,0.9009,0.7962,2.3667,1.6223,PepSet_dimer_output_esmfold2_msa_nonpairing,4nuu,0.625,0.605,1.622,2.271
4nuu,42,4,0.8385,0.705,0.8331,0.9,0.786,2.4465,1.1057,PepSet_dimer_output_esmfold2_msa_nonpairing,4nuu,0.634,0.605,1.106,2.227
4nuu,43,0,0.8369,0.6957,0.8311,0.9006,0.7745,2.5813,1.2013,PepSet_dimer_output_esmfold2_msa_nonpairing,4nuu,0.634,0.658,1.201,2.506
4nuu,43,1,0.8428,0.7048,0.8372,0.904,0.788,2.4106,1.2923,PepSet_dimer_output_esmfold2_msa_nonpairing,4nuu,0.641,0.632,1.292,2.219
4nuu,43,2,0.8422,0.7121,0.8369,0.9019,0.7873,2.3902,1.673,PepSet_dimer_output_esmfold2_msa_nonpairing,4nuu,0.608,0.579,1.673,2.393
4nuu,43,3,0.8428,0.7091,0.8373,0.9024,0.7867,2.5516,1.3866,PepSet_dimer_output_esmfold2_msa_nonpairing,4nuu,0.628,0.605,1.387,2.273
4nuu,43,4,0.8386,0.7008,0.833,0.8962,0.7763,2.6665,1.2538,PepSet_dimer_output_esmfold2_msa_nonpairing,4nuu,0.599,0.579,1.254,2.679
4nuu,44,0,0.832,0.7079,0.827,0.8954,0.7852,2.7951,1.525,PepSet_dimer_output_esmfold2_msa_nonpairing,4nuu,0.619,0.605,1.525,2.391
4nuu,44,1,0.8469,0.7099,0.8413,0.9044,0.7884,2.5648,1.7258,PepSet_dimer_output_esmfold2_msa_nonpairing,4nuu,0.602,0.579,1.726,2.486
4nuu,44,2,0.8414,0.6978,0.8356,0.9012,0.7748,2.4273,1.2842,PepSet_dimer_output_esmfold2_msa_nonpairing,4nuu,0.638,0.658,1.284,2.417
4nuu,44,3,0.843,0.6994,0.8372,0.8994,0.7746,2.3738,1.0233,PepSet_dimer_output_esmfold2_msa_nonpairing,4nuu,0.655,0.684,1.023,2.31
4nuu,44,4,0.8455,0.7096,0.84,0.9031,0.7866,2.328,1.2325,PepSet_dimer_output_esmfold2_msa_nonpairing,4nuu,0.618,0.579,1.233,2.314
4nxr,42,0,0.8761,0.806,0.8706,0.8787,0.822,2.2785,1.1796,PepSet_dimer_output_esmfold2_msa_nonpairing,4nxr,0.836,0.923,1.18,1.218
4nxr,42,1,0.8736,0.8017,0.8679,0.8777,0.8195,2.3104,1.1986,PepSet_dimer_output_esmfold2_msa_nonpairing,4nxr,0.834,0.923,1.199,1.227
4nxr,42,2,0.8628,0.7979,0.8577,0.8668,0.8126,1.376,1.1745,PepSet_dimer_output_esmfold2_msa_nonpairing,4nxr,0.82,0.872,1.174,1.209
4nxr,42,3,0.8786,0.8054,0.8729,0.881,0.8207,2.2017,1.2298,PepSet_dimer_output_esmfold2_msa_nonpairing,4nxr,0.825,0.897,1.23,1.228
4nxr,42,4,0.8715,0.8023,0.8661,0.8744,0.8164,1.5436,1.542,PepSet_dimer_output_esmfold2_msa_nonpairing,4nxr,0.802,0.897,1.542,1.387
4nxr,43,0,0.8699,0.7918,0.8638,0.8715,0.8107,1.4625,1.7247,PepSet_dimer_output_esmfold2_msa_nonpairing,4nxr,0.788,0.872,1.725,1.408
4nxr,43,1,0.879,0.8006,0.8728,0.8809,0.8222,2.3052,1.3153,PepSet_dimer_output_esmfold2_msa_nonpairing,4nxr,0.799,0.872,1.315,1.362
4nxr,43,2,0.8779,0.8015,0.8719,0.8807,0.8194,2.2783,1.2758,PepSet_dimer_output_esmfold2_msa_nonpairing,4nxr,0.809,0.872,1.276,1.286
4nxr,43,3,0.8661,0.7965,0.8606,0.869,0.8105,1.4185,1.9636,PepSet_dimer_output_esmfold2_msa_nonpairing,4nxr,0.789,0.846,1.964,1.298
4nxr,43,4,0.8696,0.8085,0.8648,0.873,0.8255,1.6411,1.304,PepSet_dimer_output_esmfold2_msa_nonpairing,4nxr,0.825,0.923,1.304,1.287
4nxr,44,0,0.8754,0.8005,0.8695,0.8792,0.8173,2.2907,1.3475,PepSet_dimer_output_esmfold2_msa_nonpairing,4nxr,0.802,0.872,1.348,1.33
4nxr,44,1,0.866,0.7943,0.8604,0.8687,0.8118,2.316,1.1465,PepSet_dimer_output_esmfold2_msa_nonpairing,4nxr,0.838,0.872,1.146,1.076
4nxr,44,2,0.8754,0.8006,0.8695,0.8783,0.8168,2.31,1.2553,PepSet_dimer_output_esmfold2_msa_nonpairing,4nxr,0.821,0.897,1.255,1.259
4nxr,44,3,0.8762,0.7517,0.8665,0.8757,0.8223,2.3037,2.6255,PepSet_dimer_output_esmfold2_msa_nonpairing,4nxr,0.721,0.795,2.626,1.642
4nxr,44,4,0.8733,0.8014,0.8676,0.8777,0.8207,2.2225,1.2288,PepSet_dimer_output_esmfold2_msa_nonpairing,4nxr,0.837,0.897,1.229,1.138
4ny3,42,0,0.9463,0.8211,0.9442,0.9744,0.9073,0.9243,2.6429,PepSet_dimer_output_esmfold2_msa_nonpairing,4ny3,0.703,0.833,2.643,1.982
4ny3,42,1,0.9453,0.8165,0.9431,0.9735,0.9028,1.0212,2.8313,PepSet_dimer_output_esmfold2_msa_nonpairing,4ny3,0.689,0.833,2.831,2.119
4ny3,42,2,0.9438,0.8185,0.9418,0.9727,0.9054,0.967,2.5785,PepSet_dimer_output_esmfold2_msa_nonpairing,4ny3,0.709,0.833,2.578,1.923
4ny3,42,3,0.9428,0.8171,0.9407,0.9724,0.9045,0.7614,2.596,PepSet_dimer_output_esmfold2_msa_nonpairing,4ny3,0.74,0.833,2.596,1.583
4ny3,42,4,0.9461,0.8191,0.944,0.9743,0.906,0.9181,2.3738,PepSet_dimer_output_esmfold2_msa_nonpairing,4ny3,0.711,0.833,2.374,1.952
4ny3,43,0,0.9434,0.8112,0.9412,0.9732,0.9006,0.842,2.6732,PepSet_dimer_output_esmfold2_msa_nonpairing,4ny3,0.711,0.833,2.673,1.883
4ny3,43,1,0.9457,0.8185,0.9436,0.9739,0.9053,1.0298,2.5918,PepSet_dimer_output_esmfold2_msa_nonpairing,4ny3,0.694,0.833,2.592,2.121
4ny3,43,2,0.9434,0.8101,0.9412,0.9724,0.9001,0.9928,2.6344,PepSet_dimer_output_esmfold2_msa_nonpairing,4ny3,0.717,0.833,2.634,1.818
4ny3,43,3,0.9426,0.8221,0.9407,0.9722,0.9079,0.7592,2.4343,PepSet_dimer_output_esmfold2_msa_nonpairing,4ny3,0.779,0.889,2.434,1.428
4ny3,43,4,0.9459,0.7746,0.9431,0.9735,0.852,0.9686,2.4711,PepSet_dimer_output_esmfold2_msa_nonpairing,4ny3,0.701,0.833,2.471,2.053
4ny3,44,0,0.9422,0.8193,0.9402,0.9715,0.908,0.927,1.9123,PepSet_dimer_output_esmfold2_msa_nonpairing,4ny3,0.714,0.778,1.912,1.794
4ny3,44,1,0.9459,0.7841,0.9432,0.9736,0.8637,0.9674,2.2654,PepSet_dimer_output_esmfold2_msa_nonpairing,4ny3,0.722,0.889,2.265,2.073
4ny3,44,2,0.9451,0.8177,0.943,0.9736,0.9053,1.0004,2.5178,PepSet_dimer_output_esmfold2_msa_nonpairing,4ny3,0.704,0.833,2.518,2.002
4ny3,44,3,0.9427,0.8094,0.9405,0.9721,0.8991,0.6869,2.9252,PepSet_dimer_output_esmfold2_msa_nonpairing,4ny3,0.747,0.833,2.925,1.463
4ny3,44,4,0.9459,0.8118,0.9437,0.9742,0.9012,0.91,2.5454,PepSet_dimer_output_esmfold2_msa_nonpairing,4ny3,0.727,0.889,2.545,1.934
4odk,42,0,0.9034,0.6049,0.8885,0.8108,0.6224,3.9383,11.6812,PepSet_dimer_output_esmfold2_msa_nonpairing,4odk,0.222,0.194,11.681,3.962
4odk,42,1,0.902,0.5994,0.887,0.8017,0.6139,3.7493,11.6821,PepSet_dimer_output_esmfold2_msa_nonpairing,4odk,0.225,0.194,11.682,3.807
4odk,42,2,0.8993,0.5886,0.8838,0.7907,0.5797,2.4865,9.2399,PepSet_dimer_output_esmfold2_msa_nonpairing,4odk,0.287,0.258,9.24,3.658
4odk,42,3,0.9024,0.6036,0.8875,0.8131,0.6192,4.8699,11.3708,PepSet_dimer_output_esmfold2_msa_nonpairing,4odk,0.238,0.226,11.371,3.908
4odk,42,4,0.9037,0.602,0.8887,0.8094,0.6197,4.1726,11.3793,PepSet_dimer_output_esmfold2_msa_nonpairing,4odk,0.227,0.194,11.379,3.87
4odk,43,0,0.9003,0.5905,0.885,0.806,0.5966,4.2123,11.2732,PepSet_dimer_output_esmfold2_msa_nonpairing,4odk,0.241,0.226,11.273,3.811
4odk,43,1,0.9034,0.5992,0.8883,0.8177,0.613,4.5501,11.2566,PepSet_dimer_output_esmfold2_msa_nonpairing,4odk,0.24,0.226,11.257,3.883
4odk,43,2,0.9015,0.6002,0.8866,0.8164,0.611,4.2945,10.6362,PepSet_dimer_output_esmfold2_msa_nonpairing,4odk,0.248,0.226,10.636,3.929
4odk,43,3,0.903,0.5886,0.8873,0.8055,0.6009,3.6688,11.4977,PepSet_dimer_output_esmfold2_msa_nonpairing,4odk,0.239,0.226,11.498,3.774
4odk,43,4,0.8923,0.3227,0.864,0.7957,0.1798,2.5028,16.3792,PepSet_dimer_output_esmfold2_msa_nonpairing,4odk,0.196,0.323,16.379,6.352
4odk,44,0,0.9033,0.5989,0.8882,0.8148,0.6148,4.5728,11.7769,PepSet_dimer_output_esmfold2_msa_nonpairing,4odk,0.222,0.194,11.777,3.895
4odk,44,1,0.8999,0.5977,0.8849,0.8168,0.6097,3.6769,10.313,PepSet_dimer_output_esmfold2_msa_nonpairing,4odk,0.254,0.226,10.313,3.847
4odk,44,2,0.8885,0.2412,0.8563,0.7926,0.1021,1.2894,25.4114,PepSet_dimer_output_esmfold2_msa_nonpairing,4odk,0.042,0.0,25.411,9.253
4odk,44,3,0.9018,0.5996,0.8867,0.8014,0.6104,4.751,11.3237,PepSet_dimer_output_esmfold2_msa_nonpairing,4odk,0.239,0.226,11.324,3.856
4odk,44,4,0.9009,0.5695,0.8845,0.8129,0.5734,4.2161,9.5822,PepSet_dimer_output_esmfold2_msa_nonpairing,4odk,0.271,0.226,9.582,3.619
4ouc,42,0,0.9509,0.3626,0.9386,0.9564,0.5273,0.5648,11.3437,PepSet_dimer_output_esmfold2_msa_nonpairing,4ouc,0.3,0.371,11.344,3.309
4ouc,42,1,0.9514,0.3732,0.9393,0.9621,0.5271,0.557,12.4133,PepSet_dimer_output_esmfold2_msa_nonpairing,4ouc,0.241,0.257,12.413,3.602
4ouc,42,2,0.9507,0.3946,0.9391,0.9579,0.5495,0.5867,11.6253,PepSet_dimer_output_esmfold2_msa_nonpairing,4ouc,0.285,0.343,11.625,3.387
4ouc,42,3,0.9509,0.3518,0.9385,0.9612,0.5056,0.6098,11.6308,PepSet_dimer_output_esmfold2_msa_nonpairing,4ouc,0.218,0.143,11.631,3.39
4ouc,42,4,0.9503,0.3593,0.9379,0.9616,0.5188,0.5941,11.9582,PepSet_dimer_output_esmfold2_msa_nonpairing,4ouc,0.202,0.114,11.958,3.496
4ouc,43,0,0.9506,0.3691,0.9385,0.9616,0.5157,0.5906,12.4358,PepSet_dimer_output_esmfold2_msa_nonpairing,4ouc,0.25,0.286,12.436,3.616
4ouc,43,1,0.95,0.364,0.9378,0.9573,0.5157,0.5806,12.1606,PepSet_dimer_output_esmfold2_msa_nonpairing,4ouc,0.189,0.086,12.161,3.534
4ouc,43,2,0.9509,0.3822,0.939,0.9632,0.5351,0.5881,12.56,PepSet_dimer_output_esmfold2_msa_nonpairing,4ouc,0.162,0.029,12.56,3.665
4ouc,43,3,0.9507,0.3969,0.9391,0.9618,0.5459,0.5292,12.5503,PepSet_dimer_output_esmfold2_msa_nonpairing,4ouc,0.248,0.286,12.55,3.642
4ouc,43,4,0.9499,0.3607,0.9376,0.9566,0.5197,0.5442,11.5524,PepSet_dimer_output_esmfold2_msa_nonpairing,4ouc,0.287,0.343,11.552,3.365
4ouc,44,0,0.9513,0.3675,0.9392,0.9596,0.5296,0.5541,11.4581,PepSet_dimer_output_esmfold2_msa_nonpairing,4ouc,0.279,0.314,11.458,3.332
4ouc,44,1,0.9494,0.3549,0.937,0.9609,0.4834,0.5959,13.4517,PepSet_dimer_output_esmfold2_msa_nonpairing,4ouc,0.177,0.114,13.452,3.882
4ouc,44,2,0.9504,0.3815,0.9386,0.9595,0.5359,0.5742,11.7269,PepSet_dimer_output_esmfold2_msa_nonpairing,4ouc,0.273,0.314,11.727,3.415
4ouc,44,3,0.9508,0.3958,0.9392,0.9573,0.5506,0.5695,12.1268,PepSet_dimer_output_esmfold2_msa_nonpairing,4ouc,0.266,0.314,12.127,3.508
4ouc,44,4,0.9505,0.379,0.9386,0.9621,0.5312,0.63,11.4553,PepSet_dimer_output_esmfold2_msa_nonpairing,4ouc,0.288,0.343,11.455,3.364
4oyk,42,0,0.846,0.3883,0.8141,0.8596,0.3037,1.6814,14.208,PepSet_dimer_output_esmfold2_msa_nonpairing,4oyk,0.171,0.175,14.208,5.234
4oyk,42,1,0.8554,0.388,0.8227,0.8691,0.3045,1.7049,9.3676,PepSet_dimer_output_esmfold2_msa_nonpairing,4oyk,0.231,0.125,9.368,4.122
4oyk,42,2,0.8501,0.4129,0.8195,0.866,0.3395,1.7302,13.5828,PepSet_dimer_output_esmfold2_msa_nonpairing,4oyk,0.189,0.225,13.583,5.862
4oyk,42,3,0.8572,0.3843,0.8241,0.8696,0.2828,1.6899,13.205,PepSet_dimer_output_esmfold2_msa_nonpairing,4oyk,0.148,0.075,13.205,5.238
4oyk,42,4,0.8495,0.4023,0.8183,0.8642,0.3217,1.669,9.3929,PepSet_dimer_output_esmfold2_msa_nonpairing,4oyk,0.263,0.225,9.393,4.16
4oyk,43,0,0.8557,0.3948,0.8235,0.8727,0.3399,1.7542,12.7377,PepSet_dimer_output_esmfold2_msa_nonpairing,4oyk,0.21,0.25,12.738,5.357
4oyk,43,1,0.8487,0.4114,0.8181,0.8647,0.3228,1.712,11.4305,PepSet_dimer_output_esmfold2_msa_nonpairing,4oyk,0.206,0.175,11.43,4.853
4oyk,43,2,0.9061,0.8108,0.8995,0.935,0.8594,1.6973,1.3489,PepSet_dimer_output_esmfold2_msa_nonpairing,4oyk,0.924,0.9,1.349,0.509
4oyk,43,3,0.846,0.4133,0.8157,0.8594,0.3132,1.7424,12.4212,PepSet_dimer_output_esmfold2_msa_nonpairing,4oyk,0.15,0.05,12.421,5.088
4oyk,43,4,0.8513,0.3333,0.8151,0.8615,0.2333,1.6877,14.0326,PepSet_dimer_output_esmfold2_msa_nonpairing,4oyk,0.185,0.225,14.033,5.893
4oyk,44,0,0.8505,0.3909,0.8184,0.8664,0.3382,1.7296,12.5324,PepSet_dimer_output_esmfold2_msa_nonpairing,4oyk,0.211,0.25,12.532,5.504
4oyk,44,1,0.8459,0.3808,0.8134,0.8628,0.3239,1.751,11.4591,PepSet_dimer_output_esmfold2_msa_nonpairing,4oyk,0.232,0.25,11.459,4.761
4oyk,44,2,0.8532,0.4387,0.8242,0.8728,0.3874,1.7375,12.2888,PepSet_dimer_output_esmfold2_msa_nonpairing,4oyk,0.225,0.275,12.289,5.267
4oyk,44,3,0.894,0.5641,0.871,0.9089,0.5451,1.7491,3.641,PepSet_dimer_output_esmfold2_msa_nonpairing,4oyk,0.688,0.75,3.641,1.6
4oyk,44,4,0.8538,0.3921,0.8216,0.868,0.3054,1.6664,12.3253,PepSet_dimer_output_esmfold2_msa_nonpairing,4oyk,0.168,0.1,12.325,5.038
4pd1,42,0,0.9268,0.8575,0.9251,0.9055,0.9325,1.4769,0.7456,PepSet_dimer_output_esmfold2_msa_nonpairing,4pd1,0.946,0.896,0.746,0.34
4pd1,42,1,0.9282,0.8535,0.9264,0.9116,0.9357,1.3761,1.0121,PepSet_dimer_output_esmfold2_msa_nonpairing,4pd1,0.917,0.833,1.012,0.404
4pd1,42,2,0.9279,0.8528,0.9261,0.913,0.9293,1.7315,0.9692,PepSet_dimer_output_esmfold2_msa_nonpairing,4pd1,0.923,0.854,0.969,0.415
4pd1,42,3,0.9258,0.8573,0.9242,0.9103,0.9313,1.0834,1.0038,PepSet_dimer_output_esmfold2_msa_nonpairing,4pd1,0.924,0.854,1.004,0.403
4pd1,42,4,0.9263,0.8575,0.9246,0.9126,0.9327,1.2599,0.8184,PepSet_dimer_output_esmfold2_msa_nonpairing,4pd1,0.944,0.896,0.818,0.358
4pd1,43,0,0.9281,0.8585,0.9264,0.8975,0.9348,1.8922,1.4081,PepSet_dimer_output_esmfold2_msa_nonpairing,4pd1,0.922,0.854,1.408,0.38
4pd1,43,1,0.9277,0.8447,0.9257,0.8902,0.9294,1.9447,1.3584,PepSet_dimer_output_esmfold2_msa_nonpairing,4pd1,0.911,0.875,1.358,0.543
4pd1,43,2,0.9275,0.8595,0.9259,0.9102,0.9353,1.7039,0.9564,PepSet_dimer_output_esmfold2_msa_nonpairing,4pd1,0.936,0.875,0.956,0.358
4pd1,43,3,0.928,0.8584,0.9263,0.9104,0.9324,1.5824,0.8186,PepSet_dimer_output_esmfold2_msa_nonpairing,4pd1,0.939,0.875,0.819,0.339
4pd1,43,4,0.9279,0.8581,0.9262,0.9079,0.9361,1.543,1.2846,PepSet_dimer_output_esmfold2_msa_nonpairing,4pd1,0.927,0.896,1.285,0.479
4pd1,44,0,0.9274,0.8515,0.9256,0.9113,0.9336,1.6539,1.06,PepSet_dimer_output_esmfold2_msa_nonpairing,4pd1,0.928,0.875,1.06,0.425
4pd1,44,1,0.9277,0.8506,0.9259,0.9117,0.9291,1.631,0.9857,PepSet_dimer_output_esmfold2_msa_nonpairing,4pd1,0.933,0.875,0.986,0.387
4pd1,44,2,0.9253,0.8597,0.9237,0.91,0.9335,1.4313,0.7778,PepSet_dimer_output_esmfold2_msa_nonpairing,4pd1,0.935,0.875,0.778,0.382
4pd1,44,3,0.9277,0.8627,0.9261,0.9116,0.9394,1.6482,1.0175,PepSet_dimer_output_esmfold2_msa_nonpairing,4pd1,0.935,0.896,1.017,0.435
4pd1,44,4,0.9272,0.8599,0.9256,0.9112,0.9385,1.5898,0.9208,PepSet_dimer_output_esmfold2_msa_nonpairing,4pd1,0.935,0.875,0.921,0.375
4pge,42,0,0.9387,0.9532,0.9391,0.8647,0.9805,1.4554,1.1637,PepSet_dimer_output_esmfold2_msa_nonpairing,4pge,0.96,0.966,1.164,0.409
4pge,42,1,0.9379,0.9521,0.9384,0.867,0.98,1.1782,1.0476,PepSet_dimer_output_esmfold2_msa_nonpairing,4pge,0.957,0.966,1.048,0.444
4pge,42,2,0.9386,0.9528,0.9391,0.8641,0.9805,0.7184,1.0388,PepSet_dimer_output_esmfold2_msa_nonpairing,4pge,0.96,0.966,1.039,0.419
4pge,42,3,0.9388,0.9544,0.9393,0.8609,0.9806,1.6186,1.1259,PepSet_dimer_output_esmfold2_msa_nonpairing,4pge,0.959,0.966,1.126,0.418
4pge,42,4,0.9382,0.9491,0.9385,0.8631,0.9791,1.3931,1.2117,PepSet_dimer_output_esmfold2_msa_nonpairing,4pge,0.958,0.966,1.212,0.416
4pge,43,0,0.939,0.9526,0.9394,0.8663,0.9802,1.5428,1.2206,PepSet_dimer_output_esmfold2_msa_nonpairing,4pge,0.958,0.966,1.221,0.422
4pge,43,1,0.9389,0.9534,0.9394,0.8693,0.9803,1.299,1.1266,PepSet_dimer_output_esmfold2_msa_nonpairing,4pge,0.96,0.966,1.127,0.403
4pge,43,2,0.9393,0.9535,0.9398,0.8634,0.9803,1.6467,1.1318,PepSet_dimer_output_esmfold2_msa_nonpairing,4pge,0.96,0.966,1.132,0.406
4pge,43,3,0.9387,0.9536,0.9391,0.8677,0.9803,1.0102,1.0367,PepSet_dimer_output_esmfold2_msa_nonpairing,4pge,0.963,0.983,1.037,0.438
4pge,43,4,0.9364,0.9523,0.9369,0.8287,0.9799,1.4896,1.4059,PepSet_dimer_output_esmfold2_msa_nonpairing,4pge,0.954,0.966,1.406,0.434
4pge,44,0,0.9382,0.9536,0.9387,0.8566,0.9804,1.1658,1.1342,PepSet_dimer_output_esmfold2_msa_nonpairing,4pge,0.959,0.966,1.134,0.421
4pge,44,1,0.9385,0.9531,0.939,0.8642,0.9806,1.2183,1.0219,PepSet_dimer_output_esmfold2_msa_nonpairing,4pge,0.96,0.966,1.022,0.422
4pge,44,2,0.9397,0.9515,0.9401,0.8632,0.9796,1.5535,1.1858,PepSet_dimer_output_esmfold2_msa_nonpairing,4pge,0.956,0.966,1.186,0.436
4pge,44,3,0.9392,0.9515,0.9396,0.8647,0.9789,1.3568,1.1197,PepSet_dimer_output_esmfold2_msa_nonpairing,4pge,0.958,0.966,1.12,0.423
4pge,44,4,0.9386,0.9537,0.9391,0.8685,0.9806,1.3596,1.1235,PepSet_dimer_output_esmfold2_msa_nonpairing,4pge,0.957,0.966,1.124,0.438
4qbr,42,0,0.9231,0.8893,0.9214,0.9387,0.9445,0.6482,0.5794,PepSet_dimer_output_esmfold2_msa_nonpairing,4qbr,0.938,0.975,0.579,0.644
4qbr,42,1,0.9255,0.8885,0.9237,0.9395,0.9439,0.559,0.65,PepSet_dimer_output_esmfold2_msa_nonpairing,4qbr,0.939,0.975,0.65,0.637
4qbr,42,2,0.9244,0.8879,0.9226,0.9392,0.9447,0.537,0.5473,PepSet_dimer_output_esmfold2_msa_nonpairing,4qbr,0.933,0.95,0.547,0.624
4qbr,42,3,0.9253,0.8888,0.9235,0.9391,0.9438,0.5533,0.6228,PepSet_dimer_output_esmfold2_msa_nonpairing,4qbr,0.945,0.975,0.623,0.595
4qbr,42,4,0.9234,0.886,0.9216,0.9382,0.9414,0.6188,0.5048,PepSet_dimer_output_esmfold2_msa_nonpairing,4qbr,0.941,0.975,0.505,0.625
4qbr,43,0,0.9238,0.8848,0.9219,0.9378,0.9415,0.5963,0.4998,PepSet_dimer_output_esmfold2_msa_nonpairing,4qbr,0.947,1.0,0.5,0.641
4qbr,43,1,0.9263,0.8709,0.9236,0.939,0.9265,0.5391,0.7959,PepSet_dimer_output_esmfold2_msa_nonpairing,4qbr,0.937,0.975,0.796,0.645
4qbr,43,2,0.9265,0.8863,0.9245,0.9401,0.9429,0.5306,0.6638,PepSet_dimer_output_esmfold2_msa_nonpairing,4qbr,0.923,0.925,0.664,0.632
4qbr,43,3,0.9251,0.8868,0.9232,0.9393,0.9406,0.4802,0.4309,PepSet_dimer_output_esmfold2_msa_nonpairing,4qbr,0.958,0.975,0.431,0.493
4qbr,43,4,0.9214,0.8549,0.9182,0.9336,0.9084,0.5152,1.3207,PepSet_dimer_output_esmfold2_msa_nonpairing,4qbr,0.913,0.925,1.321,0.663
4qbr,44,0,0.9203,0.8698,0.9179,0.9348,0.9299,0.6041,0.6603,PepSet_dimer_output_esmfold2_msa_nonpairing,4qbr,0.926,0.95,0.66,0.666
4qbr,44,1,0.9246,0.8902,0.9229,0.9391,0.9459,0.5564,0.707,PepSet_dimer_output_esmfold2_msa_nonpairing,4qbr,0.926,0.925,0.707,0.607
4qbr,44,2,0.9244,0.8833,0.9223,0.9382,0.9382,0.5218,0.45,PepSet_dimer_output_esmfold2_msa_nonpairing,4qbr,0.958,0.975,0.45,0.491
4qbr,44,3,0.9208,0.8851,0.9191,0.9367,0.9432,0.612,0.5547,PepSet_dimer_output_esmfold2_msa_nonpairing,4qbr,0.933,0.975,0.555,0.683
4qbr,44,4,0.9236,0.8856,0.9217,0.9371,0.9423,0.5896,0.6681,PepSet_dimer_output_esmfold2_msa_nonpairing,4qbr,0.93,0.975,0.668,0.697
4r5i,42,0,0.935,0.4087,0.9212,0.9118,0.4736,2.4841,1.8955,PepSet_dimer_output_esmfold2_msa_nonpairing,4r5i,0.861,0.818,1.896,0.725
4r5i,42,1,0.9353,0.7049,0.9292,0.9166,0.7849,2.9402,11.5085,PepSet_dimer_output_esmfold2_msa_nonpairing,4r5i,0.277,0.295,11.508,3.18
4r5i,42,2,0.9384,0.7139,0.9325,0.9223,0.791,2.6319,11.4835,PepSet_dimer_output_esmfold2_msa_nonpairing,4r5i,0.27,0.273,11.484,3.159
4r5i,42,3,0.938,0.7145,0.9322,0.9211,0.7926,2.906,11.504,PepSet_dimer_output_esmfold2_msa_nonpairing,4r5i,0.269,0.273,11.504,3.198
4r5i,42,4,0.9377,0.7126,0.9318,0.9159,0.792,2.9025,11.5818,PepSet_dimer_output_esmfold2_msa_nonpairing,4r5i,0.265,0.273,11.582,3.275
4r5i,43,0,0.9371,0.7059,0.931,0.9174,0.7868,2.5969,11.4815,PepSet_dimer_output_esmfold2_msa_nonpairing,4r5i,0.27,0.273,11.481,3.158
4r5i,43,1,0.9377,0.7014,0.9314,0.9203,0.7804,2.7841,11.3727,PepSet_dimer_output_esmfold2_msa_nonpairing,4r5i,0.272,0.273,11.373,3.14
4r5i,43,2,0.9369,0.6912,0.9304,0.9132,0.7726,3.0505,11.5513,PepSet_dimer_output_esmfold2_msa_nonpairing,4r5i,0.274,0.295,11.551,3.241
4r5i,43,3,0.9346,0.6969,0.9284,0.9001,0.7757,2.657,11.2705,PepSet_dimer_output_esmfold2_msa_nonpairing,4r5i,0.275,0.273,11.271,3.092
4r5i,43,4,0.9381,0.6855,0.9315,0.9195,0.769,2.6688,11.4608,PepSet_dimer_output_esmfold2_msa_nonpairing,4r5i,0.278,0.295,11.461,3.178
4r5i,44,0,0.9363,0.6846,0.9297,0.9172,0.7649,2.7391,11.4798,PepSet_dimer_output_esmfold2_msa_nonpairing,4r5i,0.277,0.295,11.48,3.192
4r5i,44,1,0.9362,0.6956,0.9298,0.9193,0.7744,2.6656,11.4838,PepSet_dimer_output_esmfold2_msa_nonpairing,4r5i,0.27,0.273,11.484,3.18
4r5i,44,2,0.9308,0.4198,0.9173,0.9126,0.4953,2.5706,3.1452,PepSet_dimer_output_esmfold2_msa_nonpairing,4r5i,0.763,0.773,3.145,1.134
4r5i,44,3,0.937,0.7179,0.9312,0.9106,0.795,2.7737,11.3883,PepSet_dimer_output_esmfold2_msa_nonpairing,4r5i,0.28,0.295,11.388,3.128
4r5i,44,4,0.9379,0.7049,0.9318,0.9177,0.7851,2.4803,11.3939,PepSet_dimer_output_esmfold2_msa_nonpairing,4r5i,0.272,0.273,11.394,3.143
4txr,42,0,0.95,0.8268,0.9394,0.9569,0.8875,0.5885,1.0683,PepSet_dimer_output_esmfold2_msa_nonpairing,4txr,0.946,0.976,1.068,0.56
4txr,42,1,0.9496,0.8249,0.9389,0.9549,0.8873,0.6658,1.1849,PepSet_dimer_output_esmfold2_msa_nonpairing,4txr,0.934,0.951,1.185,0.578
4txr,42,2,0.9499,0.8248,0.9391,0.955,0.8829,0.5428,1.2799,PepSet_dimer_output_esmfold2_msa_nonpairing,4txr,0.925,0.927,1.28,0.582
4txr,42,3,0.9501,0.827,0.9395,0.9567,0.8918,0.6499,0.9761,PepSet_dimer_output_esmfold2_msa_nonpairing,4txr,0.93,0.927,0.976,0.565
4txr,42,4,0.949,0.8268,0.9384,0.9538,0.8915,0.6868,1.4029,PepSet_dimer_output_esmfold2_msa_nonpairing,4txr,0.901,0.902,1.403,0.686
4txr,43,0,0.9503,0.828,0.9397,0.9571,0.8913,0.6933,0.9433,PepSet_dimer_output_esmfold2_msa_nonpairing,4txr,0.934,0.927,0.943,0.535
4txr,43,1,0.9502,0.8281,0.9396,0.9568,0.892,0.6945,0.9988,PepSet_dimer_output_esmfold2_msa_nonpairing,4txr,0.916,0.902,0.999,0.609
4txr,43,2,0.9502,0.8264,0.9395,0.9565,0.8899,0.6286,0.9547,PepSet_dimer_output_esmfold2_msa_nonpairing,4txr,0.923,0.902,0.955,0.558
4txr,43,3,0.9503,0.8241,0.9395,0.957,0.8879,0.6639,1.143,PepSet_dimer_output_esmfold2_msa_nonpairing,4txr,0.913,0.902,1.143,0.618
4txr,43,4,0.9493,0.7947,0.936,0.9535,0.8735,0.6681,3.6913,PepSet_dimer_output_esmfold2_msa_nonpairing,4txr,0.705,0.829,3.691,1.677
4txr,44,0,0.9499,0.8285,0.9395,0.9561,0.8908,0.6572,1.3599,PepSet_dimer_output_esmfold2_msa_nonpairing,4txr,0.916,0.927,1.36,0.643
4txr,44,1,0.9493,0.7935,0.9358,0.954,0.871,0.6576,3.1946,PepSet_dimer_output_esmfold2_msa_nonpairing,4txr,0.751,0.854,3.195,1.429
4txr,44,2,0.9503,0.8291,0.9398,0.9573,0.8939,0.6312,1.0293,PepSet_dimer_output_esmfold2_msa_nonpairing,4txr,0.916,0.902,1.029,0.603
4txr,44,3,0.9492,0.8077,0.937,0.9544,0.8722,0.6298,1.6175,PepSet_dimer_output_esmfold2_msa_nonpairing,4txr,0.869,0.854,1.618,0.776
4txr,44,4,0.9496,0.8269,0.939,0.9547,0.8903,0.7273,0.8689,PepSet_dimer_output_esmfold2_msa_nonpairing,4txr,0.945,0.951,0.869,0.513
4u0c,42,0,0.8367,0.5651,0.8255,0.6555,0.5211,9.1447,8.9793,PepSet_dimer_output_esmfold2_msa_nonpairing,4u0c,0.592,0.842,8.979,1.622
4u0c,42,1,0.8457,0.5579,0.8339,0.6953,0.5374,2.6373,6.8173,PepSet_dimer_output_esmfold2_msa_nonpairing,4u0c,0.672,0.842,6.817,1.317
4u0c,42,2,0.8435,0.5594,0.8319,0.6941,0.5333,2.161,9.0802,PepSet_dimer_output_esmfold2_msa_nonpairing,4u0c,0.568,0.842,9.08,1.853
4u0c,42,3,0.8358,0.5586,0.8244,0.689,0.528,2.6202,11.1682,PepSet_dimer_output_esmfold2_msa_nonpairing,4u0c,0.547,0.842,11.168,1.724
4u0c,42,4,0.8357,0.5513,0.824,0.6853,0.5433,2.21,6.121,PepSet_dimer_output_esmfold2_msa_nonpairing,4u0c,0.677,0.789,6.121,1.269
4u0c,43,0,0.836,0.5506,0.8242,0.6817,0.5256,2.7555,7.8379,PepSet_dimer_output_esmfold2_msa_nonpairing,4u0c,0.637,0.842,7.838,1.416
4u0c,43,1,0.8383,0.5609,0.8269,0.6844,0.5421,1.548,9.1312,PepSet_dimer_output_esmfold2_msa_nonpairing,4u0c,0.635,0.842,9.131,1.226
4u0c,43,2,0.8266,0.5589,0.8156,0.6534,0.53,9.7603,7.8438,PepSet_dimer_output_esmfold2_msa_nonpairing,4u0c,0.624,0.842,7.844,1.533
4u0c,43,3,0.8438,0.5622,0.8322,0.6961,0.5373,2.3969,7.1318,PepSet_dimer_output_esmfold2_msa_nonpairing,4u0c,0.637,0.789,7.132,1.396
4u0c,43,4,0.8325,0.5496,0.8209,0.6592,0.5249,10.1255,9.8318,PepSet_dimer_output_esmfold2_msa_nonpairing,4u0c,0.573,0.789,9.832,1.491
4u0c,44,0,0.8287,0.5156,0.8158,0.6644,0.5197,4.0304,7.0786,PepSet_dimer_output_esmfold2_msa_nonpairing,4u0c,0.604,0.789,7.079,1.721
4u0c,44,1,0.8441,0.5617,0.8325,0.6931,0.5397,1.7345,9.5453,PepSet_dimer_output_esmfold2_msa_nonpairing,4u0c,0.617,0.842,9.545,1.31
4u0c,44,2,0.8191,0.5343,0.8074,0.6366,0.5233,12.405,21.1768,PepSet_dimer_output_esmfold2_msa_nonpairing,4u0c,0.504,0.842,21.177,1.408
4u0c,44,3,0.8012,0.5515,0.791,0.6758,0.5367,14.4013,6.6604,PepSet_dimer_output_esmfold2_msa_nonpairing,4u0c,0.658,0.842,6.66,1.466
4u0c,44,4,0.8346,0.565,0.8235,0.664,0.5466,7.2534,9.3466,PepSet_dimer_output_esmfold2_msa_nonpairing,4u0c,0.58,0.842,9.347,1.671
4uqy,42,0,0.9514,0.7179,0.9402,0.9652,0.8302,0.5957,1.0779,PepSet_dimer_output_esmfold2_msa_nonpairing,4uqy,0.913,0.87,1.078,0.545
4uqy,42,1,0.9511,0.7186,0.9399,0.9646,0.8333,0.5837,1.5082,PepSet_dimer_output_esmfold2_msa_nonpairing,4uqy,0.886,0.833,1.508,0.617
4uqy,42,2,0.9508,0.7187,0.9396,0.965,0.8321,0.5655,1.5252,PepSet_dimer_output_esmfold2_msa_nonpairing,4uqy,0.897,0.87,1.525,0.627
4uqy,42,3,0.9505,0.716,0.9392,0.9647,0.8321,0.4789,1.2925,PepSet_dimer_output_esmfold2_msa_nonpairing,4uqy,0.91,0.87,1.292,0.547
4uqy,42,4,0.9492,0.7072,0.9375,0.964,0.8236,0.4839,1.0484,PepSet_dimer_output_esmfold2_msa_nonpairing,4uqy,0.922,0.87,1.048,0.473
4uqy,43,0,0.9493,0.7154,0.9381,0.9643,0.8288,0.5563,1.0567,PepSet_dimer_output_esmfold2_msa_nonpairing,4uqy,0.927,0.889,1.057,0.478
4uqy,43,1,0.948,0.7214,0.9371,0.964,0.8341,0.5711,1.4789,PepSet_dimer_output_esmfold2_msa_nonpairing,4uqy,0.894,0.852,1.479,0.604
4uqy,43,2,0.951,0.7169,0.9398,0.965,0.8316,0.4894,1.6803,PepSet_dimer_output_esmfold2_msa_nonpairing,4uqy,0.896,0.889,1.68,0.659
4uqy,43,3,0.9495,0.6228,0.9338,0.9621,0.7451,0.4894,2.5341,PepSet_dimer_output_esmfold2_msa_nonpairing,4uqy,0.767,0.667,2.534,0.943
4uqy,43,4,0.9499,0.7128,0.9384,0.9638,0.8281,0.563,1.3088,PepSet_dimer_output_esmfold2_msa_nonpairing,4uqy,0.903,0.852,1.309,0.55
4uqy,44,0,0.9507,0.7172,0.9394,0.9648,0.8315,0.5286,1.4826,PepSet_dimer_output_esmfold2_msa_nonpairing,4uqy,0.895,0.852,1.483,0.596
4uqy,44,1,0.9503,0.7184,0.9392,0.9646,0.8299,0.4873,1.2277,PepSet_dimer_output_esmfold2_msa_nonpairing,4uqy,0.902,0.833,1.228,0.52
4uqy,44,2,0.9505,0.7182,0.9393,0.9649,0.8328,0.4934,1.0743,PepSet_dimer_output_esmfold2_msa_nonpairing,4uqy,0.915,0.852,1.074,0.476
4uqy,44,3,0.9504,0.7174,0.9392,0.9645,0.8327,0.5253,1.2451,PepSet_dimer_output_esmfold2_msa_nonpairing,4uqy,0.905,0.852,1.245,0.544
4uqy,44,4,0.95,0.7128,0.9386,0.9642,0.8278,0.5309,1.3751,PepSet_dimer_output_esmfold2_msa_nonpairing,4uqy,0.909,0.87,1.375,0.551
4x2h,42,0,0.777,0.5305,0.7695,0.8063,0.5091,12.9065,37.7281,PepSet_dimer_output_esmfold2_msa_nonpairing,4x2h,0.022,0.0,37.728,11.371
4x2h,42,1,0.7728,0.5132,0.7649,0.8042,0.4962,13.2424,37.8217,PepSet_dimer_output_esmfold2_msa_nonpairing,4x2h,0.021,0.0,37.822,12.121
4x2h,42,2,0.7749,0.5228,0.7673,0.8085,0.4893,12.6856,37.7494,PepSet_dimer_output_esmfold2_msa_nonpairing,4x2h,0.022,0.0,37.749,11.67
4x2h,42,3,0.7773,0.5211,0.7695,0.8105,0.4901,12.2057,37.524,PepSet_dimer_output_esmfold2_msa_nonpairing,4x2h,0.022,0.0,37.524,11.459
4x2h,42,4,0.8141,0.8263,0.8145,0.8468,0.8799,12.163,4.0915,PepSet_dimer_output_esmfold2_msa_nonpairing,4x2h,0.597,0.947,4.092,8.374
4x2h,43,0,0.7623,0.2431,0.7465,0.7877,0.0813,13.9007,24.2853,PepSet_dimer_output_esmfold2_msa_nonpairing,4x2h,0.044,0.0,24.285,10.082
4x2h,43,1,0.7767,0.5352,0.7694,0.8087,0.5078,13.4975,37.8749,PepSet_dimer_output_esmfold2_msa_nonpairing,4x2h,0.021,0.0,37.875,12.023
4x2h,43,2,0.7805,0.3933,0.7688,0.8111,0.3527,12.3459,44.1953,PepSet_dimer_output_esmfold2_msa_nonpairing,4x2h,0.016,0.0,44.195,13.585
4x2h,43,3,0.7794,0.4996,0.7709,0.8111,0.4713,12.5252,37.7182,PepSet_dimer_output_esmfold2_msa_nonpairing,4x2h,0.022,0.0,37.718,11.48
4x2h,43,4,0.7754,0.5305,0.768,0.8075,0.5077,14.2903,39.7486,PepSet_dimer_output_esmfold2_msa_nonpairing,4x2h,0.02,0.0,39.749,11.975
4x2h,44,0,0.7793,0.3735,0.767,0.8077,0.3159,12.5144,39.9115,PepSet_dimer_output_esmfold2_msa_nonpairing,4x2h,0.019,0.0,39.911,12.635
4x2h,44,1,0.7669,0.5295,0.7597,0.8012,0.5088,14.63,39.7617,PepSet_dimer_output_esmfold2_msa_nonpairing,4x2h,0.02,0.0,39.762,11.697
4x2h,44,2,0.7818,0.5222,0.774,0.8144,0.4959,12.3588,37.4904,PepSet_dimer_output_esmfold2_msa_nonpairing,4x2h,0.021,0.0,37.49,11.931
4x2h,44,3,0.7556,0.498,0.7478,0.7866,0.4841,13.7097,38.3078,PepSet_dimer_output_esmfold2_msa_nonpairing,4x2h,0.02,0.0,38.308,12.489
4x2h,44,4,0.7743,0.505,0.7661,0.8053,0.4921,12.0833,39.8945,PepSet_dimer_output_esmfold2_msa_nonpairing,4x2h,0.019,0.0,39.895,12.221
4x3o,42,0,0.9008,0.8231,0.8995,0.9144,0.9259,2.2131,1.2585,PepSet_dimer_output_esmfold2_msa_nonpairing,4x3o,0.797,1.0,1.258,1.792
4x3o,42,1,0.9096,0.8386,0.9084,0.9334,0.9356,1.9633,1.4069,PepSet_dimer_output_esmfold2_msa_nonpairing,4x3o,0.8,1.0,1.407,1.742
4x3o,42,2,0.9075,0.8176,0.906,0.9307,0.9255,1.7973,1.3278,PepSet_dimer_output_esmfold2_msa_nonpairing,4x3o,0.797,0.967,1.328,1.66
4x3o,42,3,0.9077,0.829,0.9064,0.9313,0.9322,1.8448,1.8437,PepSet_dimer_output_esmfold2_msa_nonpairing,4x3o,0.803,1.0,1.844,1.643
4x3o,42,4,0.9079,0.8406,0.9068,0.931,0.9356,1.3868,1.4875,PepSet_dimer_output_esmfold2_msa_nonpairing,4x3o,0.84,1.0,1.487,1.357
4x3o,43,0,0.9068,0.815,0.9053,0.9311,0.9268,1.1724,1.4713,PepSet_dimer_output_esmfold2_msa_nonpairing,4x3o,0.832,0.967,1.471,1.333
4x3o,43,1,0.9054,0.8198,0.904,0.9301,0.9301,1.0383,1.4856,PepSet_dimer_output_esmfold2_msa_nonpairing,4x3o,0.879,1.0,1.486,1.059
4x3o,43,2,0.91,0.839,0.9088,0.9343,0.9338,1.4663,0.8477,PepSet_dimer_output_esmfold2_msa_nonpairing,4x3o,0.846,1.0,0.848,1.365
4x3o,43,3,0.9053,0.8359,0.9041,0.9304,0.9375,0.8193,1.3446,PepSet_dimer_output_esmfold2_msa_nonpairing,4x3o,0.913,1.0,1.345,0.836
4x3o,43,4,0.9075,0.8343,0.9063,0.9327,0.9339,1.1308,1.2201,PepSet_dimer_output_esmfold2_msa_nonpairing,4x3o,0.865,1.0,1.22,1.185
4x3o,44,0,0.9083,0.8305,0.907,0.9267,0.9289,1.7629,0.8386,PepSet_dimer_output_esmfold2_msa_nonpairing,4x3o,0.842,1.0,0.839,1.4
4x3o,44,1,0.9073,0.8285,0.906,0.9332,0.9325,1.3451,1.2159,PepSet_dimer_output_esmfold2_msa_nonpairing,4x3o,0.84,1.0,1.216,1.385
4x3o,44,2,0.9078,0.8344,0.9066,0.928,0.9322,1.5007,1.3507,PepSet_dimer_output_esmfold2_msa_nonpairing,4x3o,0.83,1.0,1.351,1.457
4x3o,44,3,0.9004,0.831,0.8993,0.9173,0.9301,1.8387,1.3459,PepSet_dimer_output_esmfold2_msa_nonpairing,4x3o,0.823,1.0,1.346,1.521
4x3o,44,4,0.9094,0.832,0.9081,0.9324,0.9283,1.9151,1.4193,PepSet_dimer_output_esmfold2_msa_nonpairing,4x3o,0.79,1.0,1.419,1.853
4xc2,42,0,0.8954,0.7091,0.8793,0.9114,0.8012,0.6839,2.996,PepSet_dimer_output_esmfold2_msa_nonpairing,4xc2,0.756,0.755,2.996,1.167
4xc2,42,1,0.8902,0.7014,0.8738,0.9056,0.7895,0.5716,3.1309,PepSet_dimer_output_esmfold2_msa_nonpairing,4xc2,0.768,0.816,3.131,1.207
4xc2,42,2,0.8907,0.6837,0.8728,0.9059,0.7914,0.748,5.4188,PepSet_dimer_output_esmfold2_msa_nonpairing,4xc2,0.551,0.592,5.419,2.044
4xc2,42,3,0.8917,0.6805,0.8734,0.9054,0.7952,0.7056,7.4364,PepSet_dimer_output_esmfold2_msa_nonpairing,4xc2,0.481,0.653,7.436,2.802
4xc2,42,4,0.8905,0.696,0.8737,0.9075,0.7953,0.7091,2.7286,PepSet_dimer_output_esmfold2_msa_nonpairing,4xc2,0.795,0.816,2.729,1.074
4xc2,43,0,0.8942,0.6999,0.8774,0.9094,0.7973,0.6555,4.4325,PepSet_dimer_output_esmfold2_msa_nonpairing,4xc2,0.656,0.735,4.432,1.671
4xc2,43,1,0.8909,0.7022,0.8746,0.9069,0.7932,0.6746,3.3985,PepSet_dimer_output_esmfold2_msa_nonpairing,4xc2,0.744,0.796,3.399,1.296
4xc2,43,2,0.8902,0.6965,0.8735,0.9062,0.7944,0.6336,1.8503,PepSet_dimer_output_esmfold2_msa_nonpairing,4xc2,0.854,0.796,1.85,0.721
4xc2,43,3,0.8901,0.6753,0.8715,0.9032,0.7966,0.7647,7.8456,PepSet_dimer_output_esmfold2_msa_nonpairing,4xc2,0.446,0.592,7.846,2.941
4xc2,43,4,0.892,0.6927,0.8747,0.9079,0.7947,0.654,2.9203,PepSet_dimer_output_esmfold2_msa_nonpairing,4xc2,0.753,0.735,2.92,1.153
4xc2,44,0,0.8895,0.674,0.8708,0.9028,0.7919,0.7135,8.0455,PepSet_dimer_output_esmfold2_msa_nonpairing,4xc2,0.452,0.633,8.045,3.029
4xc2,44,1,0.8923,0.7001,0.8756,0.9084,0.7952,0.608,2.2655,PepSet_dimer_output_esmfold2_msa_nonpairing,4xc2,0.822,0.796,2.266,0.897
4xc2,44,2,0.8938,0.7082,0.8778,0.9104,0.7985,0.623,3.4206,PepSet_dimer_output_esmfold2_msa_nonpairing,4xc2,0.72,0.735,3.421,1.317
4xc2,44,3,0.8893,0.6825,0.8714,0.9037,0.7952,0.6633,7.3663,PepSet_dimer_output_esmfold2_msa_nonpairing,4xc2,0.477,0.633,7.366,2.758
4xc2,44,4,0.889,0.7016,0.8728,0.9051,0.7815,0.6227,3.2147,PepSet_dimer_output_esmfold2_msa_nonpairing,4xc2,0.761,0.816,3.215,1.249
4xek,42,0,0.8937,0.8143,0.8854,0.906,0.8543,1.414,1.3572,PepSet_dimer_output_esmfold2_msa_nonpairing,4xek,0.933,1.0,1.357,0.69
4xek,42,1,0.8906,0.8015,0.8813,0.9007,0.8432,1.4197,1.8295,PepSet_dimer_output_esmfold2_msa_nonpairing,4xek,0.9,0.972,1.83,0.813
4xek,42,2,0.8898,0.807,0.8812,0.9024,0.8473,1.1347,2.2945,PepSet_dimer_output_esmfold2_msa_nonpairing,4xek,0.814,0.861,2.295,1.107
4xek,42,3,0.887,0.8092,0.8789,0.8997,0.8603,1.3613,2.8678,PepSet_dimer_output_esmfold2_msa_nonpairing,4xek,0.772,0.861,2.868,1.34
4xek,42,4,0.8933,0.814,0.885,0.9058,0.852,1.0485,1.2813,PepSet_dimer_output_esmfold2_msa_nonpairing,4xek,0.925,0.944,1.281,0.626
4xek,43,0,0.8915,0.8185,0.8839,0.9025,0.8579,1.5903,0.9397,PepSet_dimer_output_esmfold2_msa_nonpairing,4xek,0.957,0.972,0.94,0.472
4xek,43,1,0.8879,0.8192,0.8807,0.9043,0.8715,1.0375,3.1625,PepSet_dimer_output_esmfold2_msa_nonpairing,4xek,0.745,0.861,3.162,1.517
4xek,43,2,0.8914,0.8031,0.8822,0.9036,0.8445,1.1806,1.9711,PepSet_dimer_output_esmfold2_msa_nonpairing,4xek,0.862,0.917,1.971,0.938
4xek,43,3,0.8951,0.8161,0.8868,0.9076,0.8658,1.4075,2.8514,PepSet_dimer_output_esmfold2_msa_nonpairing,4xek,0.788,0.917,2.851,1.362
4xek,43,4,0.8887,0.8086,0.8804,0.9025,0.8562,1.0759,2.0075,PepSet_dimer_output_esmfold2_msa_nonpairing,4xek,0.849,0.889,2.007,0.956
4xek,44,0,0.8834,0.8004,0.8747,0.8943,0.8454,3.0993,2.0114,PepSet_dimer_output_esmfold2_msa_nonpairing,4xek,0.925,0.972,2.011,0.616
4xek,44,1,0.8834,0.798,0.8744,0.8924,0.8408,2.167,1.3344,PepSet_dimer_output_esmfold2_msa_nonpairing,4xek,0.925,0.944,1.334,0.616
4xek,44,2,0.8931,0.8168,0.8851,0.9061,0.8615,1.6577,3.1726,PepSet_dimer_output_esmfold2_msa_nonpairing,4xek,0.767,0.917,3.173,1.484
4xek,44,3,0.891,0.8015,0.8817,0.9022,0.8405,1.5166,2.3512,PepSet_dimer_output_esmfold2_msa_nonpairing,4xek,0.817,0.889,2.351,1.138
4xek,44,4,0.8952,0.8181,0.8871,0.9061,0.8566,1.2567,0.9415,PepSet_dimer_output_esmfold2_msa_nonpairing,4xek,0.958,0.972,0.942,0.457
4yje,42,0,0.9505,0.77,0.9453,0.9688,0.8732,1.2484,1.7939,PepSet_dimer_output_esmfold2_msa_nonpairing,4yje,0.843,0.776,1.794,0.762
4yje,42,1,0.9508,0.7955,0.9463,0.9682,0.8899,1.1461,2.5581,PepSet_dimer_output_esmfold2_msa_nonpairing,4yje,0.821,0.796,2.558,0.868
4yje,42,2,0.9513,0.7769,0.9462,0.9694,0.8763,1.1148,2.5741,PepSet_dimer_output_esmfold2_msa_nonpairing,4yje,0.825,0.816,2.574,0.88
4yje,42,3,0.9508,0.796,0.9463,0.9689,0.8899,1.0378,2.5887,PepSet_dimer_output_esmfold2_msa_nonpairing,4yje,0.826,0.816,2.589,0.871
4yje,42,4,0.9515,0.8004,0.9471,0.9694,0.895,1.2068,2.5863,PepSet_dimer_output_esmfold2_msa_nonpairing,4yje,0.824,0.816,2.586,0.887
4yje,43,0,0.9509,0.7882,0.9462,0.9689,0.887,1.1315,2.3232,PepSet_dimer_output_esmfold2_msa_nonpairing,4yje,0.831,0.796,2.323,0.828
4yje,43,1,0.9514,0.7821,0.9465,0.9692,0.8752,1.1283,2.7497,PepSet_dimer_output_esmfold2_msa_nonpairing,4yje,0.802,0.776,2.75,0.921
4yje,43,2,0.9515,0.7798,0.9465,0.9693,0.8808,1.0202,2.0799,PepSet_dimer_output_esmfold2_msa_nonpairing,4yje,0.857,0.816,2.08,0.723
4yje,43,3,0.9512,0.7916,0.9466,0.9688,0.8871,1.1318,2.5747,PepSet_dimer_output_esmfold2_msa_nonpairing,4yje,0.82,0.796,2.575,0.87
4yje,43,4,0.9514,0.7914,0.9468,0.9696,0.8846,1.109,3.0321,PepSet_dimer_output_esmfold2_msa_nonpairing,4yje,0.79,0.796,3.032,1.012
4yje,44,0,0.9511,0.7866,0.9463,0.9694,0.8847,1.1447,1.9042,PepSet_dimer_output_esmfold2_msa_nonpairing,4yje,0.868,0.837,1.904,0.714
4yje,44,1,0.952,0.7939,0.9474,0.9697,0.8876,1.1125,2.5017,PepSet_dimer_output_esmfold2_msa_nonpairing,4yje,0.823,0.796,2.502,0.858
4yje,44,2,0.949,0.8106,0.945,0.9666,0.905,1.182,2.6394,PepSet_dimer_output_esmfold2_msa_nonpairing,4yje,0.808,0.796,2.639,0.944
4yje,44,3,0.9515,0.8001,0.9472,0.9699,0.8908,1.1449,2.6613,PepSet_dimer_output_esmfold2_msa_nonpairing,4yje,0.814,0.816,2.661,0.946
4yje,44,4,0.9517,0.8103,0.9476,0.9697,0.9011,1.1647,2.6346,PepSet_dimer_output_esmfold2_msa_nonpairing,4yje,0.818,0.796,2.635,0.878
4z2o,42,0,0.9306,0.6371,0.9072,0.9248,0.6136,0.5751,12.5408,PepSet_dimer_output_esmfold2_msa_nonpairing,4z2o,0.138,0.022,12.541,5.245
4z2o,42,1,0.9294,0.6367,0.906,0.9246,0.6209,0.5842,12.5052,PepSet_dimer_output_esmfold2_msa_nonpairing,4z2o,0.138,0.022,12.505,5.23
4z2o,42,2,0.9297,0.6297,0.9058,0.9243,0.6083,0.6172,12.6385,PepSet_dimer_output_esmfold2_msa_nonpairing,4z2o,0.136,0.022,12.639,5.261
4z2o,42,3,0.931,0.6267,0.9068,0.925,0.6123,0.6051,12.5741,PepSet_dimer_output_esmfold2_msa_nonpairing,4z2o,0.137,0.022,12.574,5.247
4z2o,42,4,0.9304,0.6382,0.9071,0.9245,0.6229,0.6263,12.5048,PepSet_dimer_output_esmfold2_msa_nonpairing,4z2o,0.146,0.044,12.505,5.211
4z2o,43,0,0.9302,0.6329,0.9065,0.9243,0.6147,0.6485,12.5499,PepSet_dimer_output_esmfold2_msa_nonpairing,4z2o,0.137,0.022,12.55,5.242
4z2o,43,1,0.9301,0.6361,0.9067,0.925,0.6205,0.6568,12.5787,PepSet_dimer_output_esmfold2_msa_nonpairing,4z2o,0.137,0.022,12.579,5.256
4z2o,43,2,0.9295,0.6226,0.905,0.9226,0.5942,0.6309,12.4562,PepSet_dimer_output_esmfold2_msa_nonpairing,4z2o,0.139,0.022,12.456,5.212
4z2o,43,3,0.9305,0.6301,0.9065,0.9242,0.6125,0.6191,12.47,PepSet_dimer_output_esmfold2_msa_nonpairing,4z2o,0.139,0.022,12.47,5.218
4z2o,43,4,0.9284,0.6259,0.9043,0.9224,0.5973,0.6015,12.662,PepSet_dimer_output_esmfold2_msa_nonpairing,4z2o,0.136,0.022,12.662,5.309
4z2o,44,0,0.9305,0.6406,0.9074,0.9257,0.6253,0.6388,12.5796,PepSet_dimer_output_esmfold2_msa_nonpairing,4z2o,0.144,0.044,12.58,5.269
4z2o,44,1,0.9283,0.6376,0.9052,0.9246,0.6233,0.5577,12.4478,PepSet_dimer_output_esmfold2_msa_nonpairing,4z2o,0.139,0.022,12.448,5.196
4z2o,44,2,0.9302,0.6293,0.9062,0.9243,0.6097,0.6622,12.6143,PepSet_dimer_output_esmfold2_msa_nonpairing,4z2o,0.137,0.022,12.614,5.255
4z2o,44,3,0.9295,0.6214,0.9049,0.9227,0.5997,0.6314,12.6034,PepSet_dimer_output_esmfold2_msa_nonpairing,4z2o,0.136,0.022,12.603,5.292
4z2o,44,4,0.9104,0.3519,0.8659,0.8978,0.2322,0.6509,11.3959,PepSet_dimer_output_esmfold2_msa_nonpairing,4z2o,0.243,0.267,11.396,4.396
4zoz,42,0,0.9578,0.8753,0.9554,0.9765,0.9575,1.0206,0.7011,PepSet_dimer_output_esmfold2_msa_nonpairing,4zoz,0.937,0.878,0.701,0.381
4zoz,42,1,0.9576,0.8742,0.9552,0.9768,0.9578,1.0245,1.2685,PepSet_dimer_output_esmfold2_msa_nonpairing,4zoz,0.918,0.898,1.268,0.56
4zoz,42,2,0.9577,0.8762,0.9553,0.9764,0.9585,1.0042,1.4633,PepSet_dimer_output_esmfold2_msa_nonpairing,4zoz,0.895,0.837,1.463,0.564
4zoz,42,3,0.9584,0.8755,0.956,0.9767,0.958,1.0089,1.4478,PepSet_dimer_output_esmfold2_msa_nonpairing,4zoz,0.906,0.878,1.448,0.586
4zoz,42,4,0.9583,0.8814,0.9561,0.9768,0.9609,1.0218,1.5132,PepSet_dimer_output_esmfold2_msa_nonpairing,4zoz,0.91,0.898,1.513,0.602
4zoz,43,0,0.9584,0.8796,0.956,0.9769,0.9608,1.004,1.5308,PepSet_dimer_output_esmfold2_msa_nonpairing,4zoz,0.905,0.898,1.531,0.632
4zoz,43,1,0.9582,0.8725,0.9557,0.9767,0.9561,1.0125,1.2293,PepSet_dimer_output_esmfold2_msa_nonpairing,4zoz,0.902,0.837,1.229,0.526
4zoz,43,2,0.958,0.8627,0.9552,0.9766,0.9489,1.0138,1.286,PepSet_dimer_output_esmfold2_msa_nonpairing,4zoz,0.935,0.939,1.286,0.531
4zoz,43,3,0.9584,0.8792,0.956,0.977,0.9601,1.021,1.3053,PepSet_dimer_output_esmfold2_msa_nonpairing,4zoz,0.911,0.878,1.305,0.558
4zoz,43,4,0.958,0.8698,0.9554,0.9765,0.9523,1.0122,1.6052,PepSet_dimer_output_esmfold2_msa_nonpairing,4zoz,0.904,0.898,1.605,0.632
4zoz,44,0,0.9577,0.8753,0.9553,0.9768,0.9582,1.0263,1.1743,PepSet_dimer_output_esmfold2_msa_nonpairing,4zoz,0.925,0.898,1.174,0.513
4zoz,44,1,0.9576,0.8767,0.9552,0.9765,0.9591,1.0097,1.4327,PepSet_dimer_output_esmfold2_msa_nonpairing,4zoz,0.922,0.918,1.433,0.564
4zoz,44,2,0.958,0.8739,0.9555,0.9766,0.9553,1.0269,1.5587,PepSet_dimer_output_esmfold2_msa_nonpairing,4zoz,0.911,0.898,1.559,0.588
4zoz,44,3,0.9568,0.8758,0.9544,0.9764,0.9595,0.997,1.346,PepSet_dimer_output_esmfold2_msa_nonpairing,4zoz,0.913,0.878,1.346,0.541
4zoz,44,4,0.9563,0.8712,0.9538,0.9762,0.9541,1.0481,1.2145,PepSet_dimer_output_esmfold2_msa_nonpairing,4zoz,0.931,0.918,1.214,0.517
5bs2,42,0,0.8715,0.4258,0.8491,0.8188,0.2898,1.4102,22.9529,PepSet_dimer_output_esmfold2_msa_nonpairing,5bs2,0.057,0.0,22.953,6.614
5bs2,42,1,0.8671,0.4158,0.8444,0.8086,0.2487,2.7325,19.2124,PepSet_dimer_output_esmfold2_msa_nonpairing,5bs2,0.078,0.0,19.212,5.4
5bs2,42,2,0.8784,0.4212,0.8553,0.818,0.2659,2.2949,21.9099,PepSet_dimer_output_esmfold2_msa_nonpairing,5bs2,0.062,0.0,21.91,6.24
5bs2,42,3,0.8778,0.4122,0.8544,0.8192,0.2309,2.6478,17.5397,PepSet_dimer_output_esmfold2_msa_nonpairing,5bs2,0.127,0.105,17.54,4.906
5bs2,42,4,0.8754,0.3676,0.8498,0.8108,0.1718,2.251,16.5523,PepSet_dimer_output_esmfold2_msa_nonpairing,5bs2,0.135,0.105,16.552,4.753
5bs2,43,0,0.8775,0.4105,0.854,0.819,0.242,2.7264,20.9535,PepSet_dimer_output_esmfold2_msa_nonpairing,5bs2,0.067,0.0,20.953,5.935
5bs2,43,1,0.8798,0.4112,0.8561,0.8227,0.2561,2.5548,21.8591,PepSet_dimer_output_esmfold2_msa_nonpairing,5bs2,0.062,0.0,21.859,6.167
5bs2,43,2,0.8773,0.4275,0.8547,0.8205,0.2785,2.3995,23.1866,PepSet_dimer_output_esmfold2_msa_nonpairing,5bs2,0.056,0.0,23.187,6.644
5bs2,43,3,0.8766,0.4122,0.8532,0.8147,0.2278,2.0208,18.1378,PepSet_dimer_output_esmfold2_msa_nonpairing,5bs2,0.085,0.0,18.138,5.287
5bs2,43,4,0.8667,0.4016,0.8433,0.8094,0.2079,2.3284,21.0996,PepSet_dimer_output_esmfold2_msa_nonpairing,5bs2,0.065,0.0,21.1,6.133
5bs2,44,0,0.8589,0.2842,0.8299,0.8021,0.0732,1.8249,10.1917,PepSet_dimer_output_esmfold2_msa_nonpairing,5bs2,0.231,0.105,10.192,3.238
5bs2,44,1,0.8772,0.4366,0.855,0.8206,0.2899,2.1645,22.8875,PepSet_dimer_output_esmfold2_msa_nonpairing,5bs2,0.056,0.0,22.888,6.815
5bs2,44,2,0.8592,0.4049,0.8363,0.7968,0.2252,2.5277,16.8961,PepSet_dimer_output_esmfold2_msa_nonpairing,5bs2,0.133,0.105,16.896,4.705
5bs2,44,3,0.8643,0.3942,0.8406,0.8082,0.1726,1.7113,15.3433,PepSet_dimer_output_esmfold2_msa_nonpairing,5bs2,0.112,0.0,15.343,4.483
5bs2,44,4,0.8801,0.3915,0.8555,0.8186,0.1951,2.3635,16.3313,PepSet_dimer_output_esmfold2_msa_nonpairing,5bs2,0.156,0.158,16.331,4.546
5crw,42,0,0.9432,0.7279,0.9339,0.7149,0.8472,6.1631,9.656,PepSet_dimer_output_esmfold2_msa_nonpairing,5crw,0.629,0.828,9.656,1.164
5crw,42,1,0.9381,0.713,0.9284,0.7181,0.8501,3.388,3.6243,PepSet_dimer_output_esmfold2_msa_nonpairing,5crw,0.805,0.897,3.624,1.045
5crw,42,2,0.9412,0.7196,0.9316,0.7555,0.8514,4.9536,6.4111,PepSet_dimer_output_esmfold2_msa_nonpairing,5crw,0.733,0.862,6.411,0.984
5crw,42,3,0.9353,0.7084,0.9255,0.6659,0.8532,2.7412,2.8672,PepSet_dimer_output_esmfold2_msa_nonpairing,5crw,0.833,0.897,2.867,0.974
5crw,42,4,0.9435,0.7392,0.9346,0.7356,0.8537,5.8149,7.5671,PepSet_dimer_output_esmfold2_msa_nonpairing,5crw,0.717,0.897,7.567,0.993
5crw,43,0,0.9435,0.7425,0.9348,0.7382,0.8576,5.6836,7.4775,PepSet_dimer_output_esmfold2_msa_nonpairing,5crw,0.717,0.897,7.477,1.007
5crw,43,1,0.9367,0.7103,0.9268,0.7193,0.8512,4.4711,5.3245,PepSet_dimer_output_esmfold2_msa_nonpairing,5crw,0.764,0.897,5.325,1.037
5crw,43,2,0.9416,0.721,0.932,0.746,0.8539,4.7071,5.0751,PepSet_dimer_output_esmfold2_msa_nonpairing,5crw,0.776,0.897,5.075,0.996
5crw,43,3,0.9426,0.7231,0.933,0.7494,0.8397,5.4069,7.387,PepSet_dimer_output_esmfold2_msa_nonpairing,5crw,0.697,0.862,7.387,1.079
5crw,43,4,0.9417,0.7209,0.9321,0.75,0.8522,4.1647,5.2824,PepSet_dimer_output_esmfold2_msa_nonpairing,5crw,0.77,0.897,5.282,1.001
5crw,44,0,0.9411,0.724,0.9317,0.7537,0.8495,4.8807,5.5208,PepSet_dimer_output_esmfold2_msa_nonpairing,5crw,0.758,0.897,5.521,1.041
5crw,44,1,0.9391,0.7166,0.9294,0.7335,0.8559,3.8747,3.9559,PepSet_dimer_output_esmfold2_msa_nonpairing,5crw,0.792,0.862,3.956,1.002
5crw,44,2,0.942,0.7275,0.9327,0.7583,0.8555,4.7796,6.2411,PepSet_dimer_output_esmfold2_msa_nonpairing,5crw,0.733,0.897,6.241,1.097
5crw,44,3,0.9435,0.7449,0.9349,0.7231,0.8615,5.6928,7.7389,PepSet_dimer_output_esmfold2_msa_nonpairing,5crw,0.71,0.897,7.739,1.015
5crw,44,4,0.9442,0.7445,0.9355,0.7227,0.8576,6.5625,8.2854,PepSet_dimer_output_esmfold2_msa_nonpairing,5crw,0.7,0.897,8.285,1.006
5d94,42,0,0.8619,0.8079,0.8569,0.8885,0.8305,2.4194,1.3139,PepSet_dimer_output_esmfold2_msa_nonpairing,5d94,0.857,0.792,1.314,0.742
5d94,42,1,0.8615,0.8179,0.8575,0.8906,0.8497,2.0114,0.9682,PepSet_dimer_output_esmfold2_msa_nonpairing,5d94,0.89,0.833,0.968,0.634
5d94,42,2,0.8581,0.8285,0.8554,0.889,0.8602,2.562,0.8665,PepSet_dimer_output_esmfold2_msa_nonpairing,5d94,0.894,0.833,0.866,0.604
5d94,42,3,0.8613,0.8274,0.8582,0.8907,0.8552,1.9519,1.223,PepSet_dimer_output_esmfold2_msa_nonpairing,5d94,0.879,0.833,1.223,0.693
5d94,42,4,0.857,0.8196,0.8535,0.8868,0.8507,2.2771,0.8176,PepSet_dimer_output_esmfold2_msa_nonpairing,5d94,0.916,0.875,0.818,0.549
5d94,43,0,0.8617,0.8209,0.858,0.8886,0.8542,2.7766,0.7637,PepSet_dimer_output_esmfold2_msa_nonpairing,5d94,0.919,0.896,0.764,0.579
5d94,43,1,0.8516,0.8168,0.8484,0.8803,0.8445,2.777,0.7996,PepSet_dimer_output_esmfold2_msa_nonpairing,5d94,0.907,0.854,0.8,0.564
5d94,43,2,0.8625,0.8152,0.8582,0.8912,0.842,1.7397,1.3809,PepSet_dimer_output_esmfold2_msa_nonpairing,5d94,0.87,0.812,1.381,0.695
5d94,43,3,0.8615,0.8149,0.8573,0.891,0.8426,2.0724,0.6685,PepSet_dimer_output_esmfold2_msa_nonpairing,5d94,0.913,0.854,0.668,0.522
5d94,43,4,0.8566,0.8164,0.8529,0.8856,0.8437,1.9326,1.1837,PepSet_dimer_output_esmfold2_msa_nonpairing,5d94,0.894,0.854,1.184,0.642
5d94,44,0,0.8615,0.8226,0.8579,0.8884,0.8552,1.7167,0.9495,PepSet_dimer_output_esmfold2_msa_nonpairing,5d94,0.892,0.833,0.95,0.617
5d94,44,1,0.8631,0.8136,0.8585,0.8903,0.8456,1.8704,0.8791,PepSet_dimer_output_esmfold2_msa_nonpairing,5d94,0.91,0.875,0.879,0.591
5d94,44,2,0.8636,0.8256,0.8601,0.892,0.8549,1.9269,1.307,PepSet_dimer_output_esmfold2_msa_nonpairing,5d94,0.89,0.875,1.307,0.708
5d94,44,3,0.8582,0.8223,0.8549,0.8865,0.8509,2.2376,1.2796,PepSet_dimer_output_esmfold2_msa_nonpairing,5d94,0.877,0.833,1.28,0.702
5d94,44,4,0.8596,0.817,0.8557,0.889,0.8439,2.2046,1.2318,PepSet_dimer_output_esmfold2_msa_nonpairing,5d94,0.891,0.875,1.232,0.709
5dai,42,0,0.9217,0.8606,0.9196,0.938,0.9562,0.5724,0.9321,PepSet_dimer_output_esmfold2_msa_nonpairing,5dai,0.956,0.977,0.932,0.493
5dai,42,1,0.9216,0.8594,0.9194,0.9352,0.9551,0.6602,0.7606,PepSet_dimer_output_esmfold2_msa_nonpairing,5dai,0.949,1.0,0.761,0.617
5dai,42,2,0.9223,0.8571,0.92,0.9392,0.9541,0.5745,0.7554,PepSet_dimer_output_esmfold2_msa_nonpairing,5dai,0.945,1.0,0.755,0.649
5dai,42,3,0.9212,0.859,0.919,0.9383,0.9554,0.5541,0.8171,PepSet_dimer_output_esmfold2_msa_nonpairing,5dai,0.938,0.953,0.817,0.581
5dai,42,4,0.9231,0.8597,0.9209,0.9394,0.9556,0.5109,0.4998,PepSet_dimer_output_esmfold2_msa_nonpairing,5dai,0.953,0.977,0.5,0.536
5dai,43,0,0.922,0.8584,0.9198,0.9382,0.9549,0.5873,0.4502,PepSet_dimer_output_esmfold2_msa_nonpairing,5dai,0.955,1.0,0.45,0.589
5dai,43,1,0.9209,0.8609,0.9188,0.931,0.9564,0.7241,0.8298,PepSet_dimer_output_esmfold2_msa_nonpairing,5dai,0.944,1.0,0.83,0.653
5dai,43,2,0.9223,0.8611,0.9202,0.9387,0.9569,0.5327,0.6456,PepSet_dimer_output_esmfold2_msa_nonpairing,5dai,0.954,1.0,0.646,0.589
5dai,43,3,0.9225,0.8578,0.9202,0.9372,0.9553,0.552,0.6502,PepSet_dimer_output_esmfold2_msa_nonpairing,5dai,0.959,1.0,0.65,0.549
5dai,43,4,0.9227,0.8594,0.9205,0.9398,0.955,0.5369,0.7211,PepSet_dimer_output_esmfold2_msa_nonpairing,5dai,0.948,1.0,0.721,0.626
5dai,44,0,0.9202,0.8585,0.918,0.9386,0.955,0.6269,0.7261,PepSet_dimer_output_esmfold2_msa_nonpairing,5dai,0.945,1.0,0.726,0.652
5dai,44,1,0.9216,0.8529,0.9192,0.9371,0.9525,0.5807,0.7044,PepSet_dimer_output_esmfold2_msa_nonpairing,5dai,0.954,1.0,0.704,0.583
5dai,44,2,0.922,0.8592,0.9198,0.9386,0.9558,0.5281,0.6636,PepSet_dimer_output_esmfold2_msa_nonpairing,5dai,0.958,1.0,0.664,0.552
5dai,44,3,0.9209,0.8604,0.9188,0.9363,0.9551,0.6199,0.6492,PepSet_dimer_output_esmfold2_msa_nonpairing,5dai,0.952,1.0,0.649,0.604
5dai,44,4,0.922,0.8611,0.9198,0.9391,0.957,0.5406,0.6043,PepSet_dimer_output_esmfold2_msa_nonpairing,5dai,0.944,0.953,0.604,0.544
5di8,42,0,0.9569,0.9487,0.9564,0.9446,0.9756,0.8344,0.8728,PepSet_dimer_output_esmfold2_msa_nonpairing,5di8,0.976,1.0,0.873,0.383
5di8,42,1,0.9571,0.949,0.9566,0.9411,0.9758,0.9898,1.1137,PepSet_dimer_output_esmfold2_msa_nonpairing,5di8,0.969,1.0,1.114,0.433
5di8,42,2,0.9567,0.9493,0.9563,0.9456,0.9759,0.8875,0.8334,PepSet_dimer_output_esmfold2_msa_nonpairing,5di8,0.972,1.0,0.833,0.43
5di8,42,3,0.9566,0.9488,0.9561,0.9467,0.9756,0.8423,0.7717,PepSet_dimer_output_esmfold2_msa_nonpairing,5di8,0.975,1.0,0.772,0.404
5di8,42,4,0.9568,0.9496,0.9563,0.9452,0.9755,0.7081,0.7492,PepSet_dimer_output_esmfold2_msa_nonpairing,5di8,0.978,1.0,0.749,0.377
5di8,43,0,0.9558,0.9457,0.9552,0.945,0.9721,0.7346,0.7315,PepSet_dimer_output_esmfold2_msa_nonpairing,5di8,0.979,1.0,0.731,0.369
5di8,43,1,0.9569,0.9494,0.9564,0.9428,0.9759,0.8302,0.6376,PepSet_dimer_output_esmfold2_msa_nonpairing,5di8,0.98,1.0,0.638,0.362
5di8,43,2,0.9568,0.95,0.9564,0.9458,0.9761,0.6684,0.6003,PepSet_dimer_output_esmfold2_msa_nonpairing,5di8,0.982,1.0,0.6,0.338
5di8,43,3,0.9554,0.9458,0.9549,0.9426,0.9748,0.6959,0.6659,PepSet_dimer_output_esmfold2_msa_nonpairing,5di8,0.98,1.0,0.666,0.359
5di8,43,4,0.9565,0.9496,0.9561,0.9461,0.9758,0.8449,0.8193,PepSet_dimer_output_esmfold2_msa_nonpairing,5di8,0.971,1.0,0.819,0.436
5di8,44,0,0.9568,0.9503,0.9564,0.9464,0.9761,0.7568,0.7947,PepSet_dimer_output_esmfold2_msa_nonpairing,5di8,0.976,1.0,0.795,0.387
5di8,44,1,0.9565,0.9471,0.956,0.9423,0.9749,0.9528,1.018,PepSet_dimer_output_esmfold2_msa_nonpairing,5di8,0.97,1.0,1.018,0.429
5di8,44,2,0.9563,0.9483,0.9558,0.9404,0.9757,0.6926,0.7421,PepSet_dimer_output_esmfold2_msa_nonpairing,5di8,0.979,1.0,0.742,0.363
5di8,44,3,0.9567,0.9491,0.9562,0.945,0.9755,0.7859,0.6493,PepSet_dimer_output_esmfold2_msa_nonpairing,5di8,0.979,1.0,0.649,0.371
5di8,44,4,0.956,0.9486,0.9556,0.9452,0.9756,0.7821,0.9236,PepSet_dimer_output_esmfold2_msa_nonpairing,5di8,0.973,1.0,0.924,0.405
5efi,42,0,0.9166,0.3218,0.8825,0.8523,0.2779,1.1896,4.4708,PepSet_dimer_output_esmfold2_msa_nonpairing,5efi,0.525,0.431,4.471,1.998
5efi,42,1,0.911,0.3245,0.8774,0.8708,0.2923,1.2527,8.2977,PepSet_dimer_output_esmfold2_msa_nonpairing,5efi,0.319,0.275,8.298,3.297
5efi,42,2,0.9124,0.3106,0.8779,0.8675,0.2482,1.2636,17.4707,PepSet_dimer_output_esmfold2_msa_nonpairing,5efi,0.104,0.078,17.471,7.215
5efi,42,3,0.9148,0.2855,0.8787,0.8704,0.222,1.1623,18.902,PepSet_dimer_output_esmfold2_msa_nonpairing,5efi,0.101,0.098,18.902,7.714
5efi,42,4,0.9113,0.3124,0.877,0.8632,0.2784,1.2913,8.8921,PepSet_dimer_output_esmfold2_msa_nonpairing,5efi,0.352,0.431,8.892,3.624
5efi,43,0,0.9064,0.3154,0.8725,0.8563,0.2766,1.107,10.4498,PepSet_dimer_output_esmfold2_msa_nonpairing,5efi,0.302,0.392,10.45,4.151
5efi,43,1,0.9142,0.2783,0.8778,0.8644,0.2211,1.1672,12.2547,PepSet_dimer_output_esmfold2_msa_nonpairing,5efi,0.155,0.059,12.255,5.029
5efi,43,2,0.9014,0.3049,0.8672,0.8519,0.2768,1.4803,8.8431,PepSet_dimer_output_esmfold2_msa_nonpairing,5efi,0.306,0.294,8.843,3.672
5efi,43,3,0.9179,0.3205,0.8836,0.8731,0.2775,1.3415,5.7764,PepSet_dimer_output_esmfold2_msa_nonpairing,5efi,0.397,0.255,5.776,2.59
5efi,43,4,0.9148,0.2932,0.8792,0.8588,0.2348,1.3986,16.5234,PepSet_dimer_output_esmfold2_msa_nonpairing,5efi,0.138,0.157,16.523,6.694
5efi,44,0,0.916,0.3117,0.8813,0.8708,0.2441,1.2124,6.9669,PepSet_dimer_output_esmfold2_msa_nonpairing,5efi,0.374,0.294,6.967,2.747
5efi,44,1,0.9173,0.3321,0.8837,0.8757,0.3091,1.3744,6.2588,PepSet_dimer_output_esmfold2_msa_nonpairing,5efi,0.427,0.392,6.259,2.673
5efi,44,2,0.9166,0.3182,0.8823,0.8697,0.301,1.5714,5.9844,PepSet_dimer_output_esmfold2_msa_nonpairing,5efi,0.501,0.588,5.984,2.623
5efi,44,3,0.9096,0.3121,0.8753,0.8674,0.2685,1.3157,11.7496,PepSet_dimer_output_esmfold2_msa_nonpairing,5efi,0.235,0.275,11.75,4.894
5efi,44,4,0.9089,0.2769,0.8726,0.8642,0.2244,1.1717,18.8971,PepSet_dimer_output_esmfold2_msa_nonpairing,5efi,0.074,0.02,18.897,7.952
5ei3,42,0,0.9237,0.9042,0.9224,0.9414,0.9664,1.0808,0.5363,PepSet_dimer_output_esmfold2_msa_nonpairing,5ei3,0.986,1.0,0.536,0.303
5ei3,42,1,0.9253,0.9048,0.9239,0.945,0.9668,0.7577,0.6526,PepSet_dimer_output_esmfold2_msa_nonpairing,5ei3,0.979,1.0,0.653,0.366
5ei3,42,2,0.9231,0.9032,0.9217,0.9424,0.9659,0.8575,0.8371,PepSet_dimer_output_esmfold2_msa_nonpairing,5ei3,0.973,1.0,0.837,0.42
5ei3,42,3,0.9246,0.9044,0.9232,0.9436,0.9665,0.6843,0.5513,PepSet_dimer_output_esmfold2_msa_nonpairing,5ei3,0.975,0.974,0.551,0.329
5ei3,42,4,0.9244,0.9041,0.923,0.944,0.9662,0.7121,0.7718,PepSet_dimer_output_esmfold2_msa_nonpairing,5ei3,0.971,1.0,0.772,0.442
5ei3,43,0,0.9241,0.9034,0.9227,0.9414,0.9662,0.965,0.5433,PepSet_dimer_output_esmfold2_msa_nonpairing,5ei3,0.982,1.0,0.543,0.341
5ei3,43,1,0.9253,0.905,0.9239,0.9437,0.9666,0.7054,0.5273,PepSet_dimer_output_esmfold2_msa_nonpairing,5ei3,0.975,0.974,0.527,0.328
5ei3,43,2,0.925,0.9037,0.9236,0.9444,0.9656,0.8652,0.8643,PepSet_dimer_output_esmfold2_msa_nonpairing,5ei3,0.978,1.0,0.864,0.369
5ei3,43,3,0.9239,0.9022,0.9224,0.943,0.9647,0.8749,0.9681,PepSet_dimer_output_esmfold2_msa_nonpairing,5ei3,0.958,0.974,0.968,0.468
5ei3,43,4,0.9238,0.9032,0.9224,0.9432,0.9659,0.8455,0.7757,PepSet_dimer_output_esmfold2_msa_nonpairing,5ei3,0.98,1.0,0.776,0.355
5ei3,44,0,0.9249,0.9039,0.9235,0.9442,0.9662,0.9328,0.823,PepSet_dimer_output_esmfold2_msa_nonpairing,5ei3,0.968,0.974,0.823,0.378
5ei3,44,1,0.9248,0.9035,0.9233,0.9435,0.9658,0.8399,0.8418,PepSet_dimer_output_esmfold2_msa_nonpairing,5ei3,0.973,1.0,0.842,0.416
5ei3,44,2,0.9243,0.903,0.9229,0.9427,0.9663,0.6565,0.4874,PepSet_dimer_output_esmfold2_msa_nonpairing,5ei3,0.969,0.974,0.487,0.393
5ei3,44,3,0.9225,0.9059,0.9213,0.9424,0.9671,0.9263,0.914,PepSet_dimer_output_esmfold2_msa_nonpairing,5ei3,0.98,1.0,0.914,0.343
5ei3,44,4,0.9231,0.9051,0.9218,0.9429,0.9664,1.479,0.9857,PepSet_dimer_output_esmfold2_msa_nonpairing,5ei3,0.976,1.0,0.986,0.376
5fml,42,0,0.8701,0.3268,0.8221,0.8705,0.2256,1.5083,23.8425,PepSet_dimer_output_esmfold2_msa_nonpairing,5fml,0.046,0.0,23.843,9.11
5fml,42,1,0.8711,0.2984,0.8205,0.8652,0.1758,2.0833,23.616,PepSet_dimer_output_esmfold2_msa_nonpairing,5fml,0.047,0.0,23.616,9.013
5fml,42,2,0.8723,0.3071,0.8224,0.8685,0.1935,1.4014,22.4564,PepSet_dimer_output_esmfold2_msa_nonpairing,5fml,0.052,0.0,22.456,8.605
5fml,42,3,0.8719,0.3035,0.8217,0.868,0.1927,1.3575,22.5767,PepSet_dimer_output_esmfold2_msa_nonpairing,5fml,0.051,0.0,22.577,8.681
5fml,42,4,0.8737,0.3242,0.8252,0.8715,0.2259,1.5139,23.3677,PepSet_dimer_output_esmfold2_msa_nonpairing,5fml,0.048,0.0,23.368,8.932
5fml,43,0,0.8718,0.3241,0.8234,0.8691,0.2114,1.4124,23.4814,PepSet_dimer_output_esmfold2_msa_nonpairing,5fml,0.048,0.0,23.481,8.935
5fml,43,1,0.8737,0.3268,0.8254,0.8712,0.2184,1.182,33.6839,PepSet_dimer_output_esmfold2_msa_nonpairing,5fml,0.024,0.0,33.684,13.048
5fml,43,2,0.8717,0.2879,0.8201,0.8618,0.13,1.2498,16.907,PepSet_dimer_output_esmfold2_msa_nonpairing,5fml,0.102,0.067,16.907,7.449
5fml,43,3,0.8758,0.2892,0.8239,0.872,0.2145,1.3713,24.1704,PepSet_dimer_output_esmfold2_msa_nonpairing,5fml,0.045,0.0,24.17,9.286
5fml,43,4,0.8688,0.2635,0.8153,0.8617,0.1709,1.064,8.4542,PepSet_dimer_output_esmfold2_msa_nonpairing,5fml,0.261,0.133,8.454,3.612
5fml,44,0,0.8707,0.2879,0.8192,0.8659,0.183,1.1365,28.6111,PepSet_dimer_output_esmfold2_msa_nonpairing,5fml,0.033,0.0,28.611,10.955
5fml,44,1,0.8729,0.3117,0.8233,0.87,0.2001,1.4525,25.2768,PepSet_dimer_output_esmfold2_msa_nonpairing,5fml,0.049,0.022,25.277,9.752
5fml,44,2,0.8679,0.2553,0.8138,0.8616,0.1545,1.4126,7.8264,PepSet_dimer_output_esmfold2_msa_nonpairing,5fml,0.318,0.244,7.826,3.328
5fml,44,3,0.8726,0.3268,0.8244,0.8694,0.2015,1.3527,23.7927,PepSet_dimer_output_esmfold2_msa_nonpairing,5fml,0.047,0.0,23.793,9.101
5fml,44,4,0.8703,0.2974,0.8197,0.8621,0.146,1.6355,31.8473,PepSet_dimer_output_esmfold2_msa_nonpairing,5fml,0.027,0.0,31.847,12.727
5fpx,42,0,0.852,0.378,0.8226,0.8482,0.2509,1.1444,5.3062,PepSet_dimer_output_esmfold2_msa_nonpairing,5fpx,0.534,0.419,5.306,1.609
5fpx,42,1,0.8559,0.3602,0.8252,0.8492,0.2443,1.3428,5.1445,PepSet_dimer_output_esmfold2_msa_nonpairing,5fpx,0.562,0.465,5.144,1.538
5fpx,42,2,0.8574,0.3805,0.8279,0.853,0.2726,1.2554,5.1448,PepSet_dimer_output_esmfold2_msa_nonpairing,5fpx,0.552,0.442,5.145,1.556
5fpx,42,3,0.8575,0.3156,0.8239,0.8488,0.2039,1.3341,9.2274,PepSet_dimer_output_esmfold2_msa_nonpairing,5fpx,0.28,0.14,9.227,2.662
5fpx,42,4,0.8538,0.3546,0.8229,0.8472,0.2391,1.0571,12.5401,PepSet_dimer_output_esmfold2_msa_nonpairing,5fpx,0.189,0.116,12.54,3.783
5fpx,43,0,0.8581,0.3831,0.8286,0.8521,0.267,1.1668,4.4896,PepSet_dimer_output_esmfold2_msa_nonpairing,5fpx,0.569,0.395,4.49,1.416
5fpx,43,1,0.86,0.3667,0.8294,0.8543,0.2535,1.1615,4.9353,PepSet_dimer_output_esmfold2_msa_nonpairing,5fpx,0.497,0.256,4.935,1.539
5fpx,43,2,0.8574,0.3647,0.8269,0.8526,0.2812,1.3442,11.9096,PepSet_dimer_output_esmfold2_msa_nonpairing,5fpx,0.223,0.186,11.91,3.637
5fpx,43,3,0.8518,0.3539,0.8209,0.8454,0.2532,1.2655,10.7125,PepSet_dimer_output_esmfold2_msa_nonpairing,5fpx,0.219,0.093,10.712,3.237
5fpx,43,4,0.8546,0.269,0.8183,0.8424,0.15,0.9328,13.8145,PepSet_dimer_output_esmfold2_msa_nonpairing,5fpx,0.155,0.07,13.815,4.06
5fpx,44,0,0.8566,0.3649,0.8261,0.8513,0.2739,1.2899,12.6385,PepSet_dimer_output_esmfold2_msa_nonpairing,5fpx,0.179,0.093,12.638,3.819
5fpx,44,1,0.8611,0.3627,0.8302,0.8541,0.2505,1.5536,6.4157,PepSet_dimer_output_esmfold2_msa_nonpairing,5fpx,0.454,0.349,6.416,1.936
5fpx,44,2,0.8657,0.374,0.8352,0.8605,0.2665,1.3249,5.6758,PepSet_dimer_output_esmfold2_msa_nonpairing,5fpx,0.485,0.326,5.676,1.698
5fpx,44,3,0.8576,0.3631,0.827,0.8488,0.2408,1.3374,6.7809,PepSet_dimer_output_esmfold2_msa_nonpairing,5fpx,0.434,0.326,6.781,1.979
5fpx,44,4,0.8549,0.3719,0.8249,0.8504,0.2842,1.4254,10.1466,PepSet_dimer_output_esmfold2_msa_nonpairing,5fpx,0.255,0.163,10.147,3.107
5fv6,42,0,0.8899,0.2646,0.8629,0.8741,0.1158,2.6399,37.7837,PepSet_dimer_output_esmfold2_msa_nonpairing,5fv6,0.02,0.0,37.784,12.939
5fv6,42,1,0.8897,0.2855,0.8635,0.8725,0.1497,3.1483,23.813,PepSet_dimer_output_esmfold2_msa_nonpairing,5fv6,0.046,0.0,23.813,9.476
5fv6,42,2,0.8919,0.2886,0.8658,0.8756,0.1401,5.0179,28.2786,PepSet_dimer_output_esmfold2_msa_nonpairing,5fv6,0.034,0.0,28.279,10.489
5fv6,42,3,0.8935,0.2923,0.8675,0.8769,0.1592,3.9783,31.5375,PepSet_dimer_output_esmfold2_msa_nonpairing,5fv6,0.028,0.0,31.537,11.826
5fv6,42,4,0.8889,0.3005,0.8635,0.8748,0.1653,3.4981,34.7487,PepSet_dimer_output_esmfold2_msa_nonpairing,5fv6,0.024,0.0,34.749,11.956
5fv6,43,0,0.8883,0.2951,0.8627,0.8759,0.1679,2.1198,33.7983,PepSet_dimer_output_esmfold2_msa_nonpairing,5fv6,0.025,0.0,33.798,11.546
5fv6,43,1,0.8905,0.2697,0.8637,0.8747,0.1123,3.4937,36.9831,PepSet_dimer_output_esmfold2_msa_nonpairing,5fv6,0.021,0.0,36.983,13.299
5fv6,43,2,0.8917,0.2997,0.8661,0.8787,0.1658,2.6735,32.7032,PepSet_dimer_output_esmfold2_msa_nonpairing,5fv6,0.027,0.0,32.703,11.559
5fv6,43,3,0.8874,0.2085,0.8581,0.8724,0.054,2.8423,43.1962,PepSet_dimer_output_esmfold2_msa_nonpairing,5fv6,0.016,0.0,43.196,15.224
5fv6,43,4,0.8901,0.2886,0.8641,0.8778,0.1655,3.1242,31.9186,PepSet_dimer_output_esmfold2_msa_nonpairing,5fv6,0.028,0.0,31.919,11.2
5fv6,44,0,0.8917,0.2892,0.8657,0.8757,0.1513,3.8718,29.9354,PepSet_dimer_output_esmfold2_msa_nonpairing,5fv6,0.031,0.0,29.935,11.204
5fv6,44,1,0.8881,0.2699,0.8614,0.8725,0.1144,2.9373,24.3878,PepSet_dimer_output_esmfold2_msa_nonpairing,5fv6,0.045,0.0,24.388,9.001
5fv6,44,2,0.8927,0.3124,0.8676,0.8793,0.1843,3.0801,30.9861,PepSet_dimer_output_esmfold2_msa_nonpairing,5fv6,0.029,0.0,30.986,11.683
5fv6,44,3,0.8914,0.2821,0.865,0.875,0.15,3.5585,22.2717,PepSet_dimer_output_esmfold2_msa_nonpairing,5fv6,0.053,0.0,22.272,8.272
5fv6,44,4,0.8918,0.2947,0.866,0.8772,0.1592,2.8763,29.7957,PepSet_dimer_output_esmfold2_msa_nonpairing,5fv6,0.031,0.0,29.796,11.574
5ggp,42,0,0.956,0.5252,0.9421,0.9584,0.5031,0.3863,35.077,PepSet_dimer_output_esmfold2_msa_nonpairing,5ggp,0.024,0.0,35.077,12.057
5ggp,42,1,0.9553,0.5145,0.9411,0.9576,0.5037,0.3755,35.3092,PepSet_dimer_output_esmfold2_msa_nonpairing,5ggp,0.023,0.0,35.309,12.006
5ggp,42,2,0.9547,0.5378,0.9412,0.958,0.5192,0.4009,35.4482,PepSet_dimer_output_esmfold2_msa_nonpairing,5ggp,0.023,0.0,35.448,12.108
5ggp,42,3,0.9552,0.5341,0.9416,0.958,0.5191,0.378,34.9646,PepSet_dimer_output_esmfold2_msa_nonpairing,5ggp,0.024,0.0,34.965,12.027
5ggp,42,4,0.9553,0.5256,0.9414,0.9582,0.5145,0.378,35.0322,PepSet_dimer_output_esmfold2_msa_nonpairing,5ggp,0.024,0.0,35.032,11.991
5ggp,43,0,0.9545,0.5131,0.9402,0.957,0.5017,0.4088,35.4283,PepSet_dimer_output_esmfold2_msa_nonpairing,5ggp,0.023,0.0,35.428,12.097
5ggp,43,1,0.9552,0.5351,0.9416,0.9583,0.5248,0.377,35.0617,PepSet_dimer_output_esmfold2_msa_nonpairing,5ggp,0.024,0.0,35.062,11.969
5ggp,43,2,0.9546,0.5197,0.9406,0.9579,0.4952,0.3777,34.7959,PepSet_dimer_output_esmfold2_msa_nonpairing,5ggp,0.024,0.0,34.796,11.966
5ggp,43,3,0.955,0.5375,0.9416,0.9577,0.5263,0.3883,35.6681,PepSet_dimer_output_esmfold2_msa_nonpairing,5ggp,0.023,0.0,35.668,12.182
5ggp,43,4,0.955,0.5369,0.9415,0.9582,0.5099,0.3891,35.2673,PepSet_dimer_output_esmfold2_msa_nonpairing,5ggp,0.023,0.0,35.267,12.084
5ggp,44,0,0.9548,0.5149,0.9406,0.9575,0.4825,0.3827,34.7593,PepSet_dimer_output_esmfold2_msa_nonpairing,5ggp,0.024,0.0,34.759,12.064
5ggp,44,1,0.9554,0.5444,0.9421,0.9586,0.5295,0.3748,35.9539,PepSet_dimer_output_esmfold2_msa_nonpairing,5ggp,0.023,0.0,35.954,12.212
5ggp,44,2,0.9549,0.5101,0.9405,0.9572,0.4869,0.3945,36.3383,PepSet_dimer_output_esmfold2_msa_nonpairing,5ggp,0.022,0.0,36.338,12.302
5ggp,44,3,0.9555,0.5312,0.9418,0.9577,0.5067,0.3871,35.6276,PepSet_dimer_output_esmfold2_msa_nonpairing,5ggp,0.023,0.0,35.628,12.133
5ggp,44,4,0.9551,0.5316,0.9415,0.9579,0.5112,0.3771,35.438,PepSet_dimer_output_esmfold2_msa_nonpairing,5ggp,0.023,0.0,35.438,12.07
5gu4,42,0,0.9612,0.7146,0.9555,0.974,0.8042,0.3052,5.7421,PepSet_dimer_output_esmfold2_msa_nonpairing,5gu4,0.558,0.593,5.742,1.853
5gu4,42,1,0.9612,0.7193,0.9557,0.9739,0.8058,0.2879,5.3084,PepSet_dimer_output_esmfold2_msa_nonpairing,5gu4,0.583,0.593,5.308,1.704
5gu4,42,2,0.9613,0.7187,0.9557,0.9741,0.8068,0.3168,5.5432,PepSet_dimer_output_esmfold2_msa_nonpairing,5gu4,0.569,0.593,5.543,1.794
5gu4,42,3,0.9604,0.7105,0.9547,0.9736,0.7989,0.3457,6.1356,PepSet_dimer_output_esmfold2_msa_nonpairing,5gu4,0.551,0.63,6.136,1.981
5gu4,42,4,0.9613,0.7264,0.9559,0.9741,0.8108,0.312,5.7467,PepSet_dimer_output_esmfold2_msa_nonpairing,5gu4,0.558,0.593,5.747,1.852
5gu4,43,0,0.9611,0.7374,0.9559,0.9726,0.7886,0.3452,1.0927,PepSet_dimer_output_esmfold2_msa_nonpairing,5gu4,0.933,0.889,1.093,0.425
5gu4,43,1,0.9609,0.7246,0.9555,0.9741,0.8113,0.344,5.3026,PepSet_dimer_output_esmfold2_msa_nonpairing,5gu4,0.594,0.63,5.303,1.719
5gu4,43,2,0.9614,0.7385,0.9562,0.9732,0.7885,0.2907,2.7323,PepSet_dimer_output_esmfold2_msa_nonpairing,5gu4,0.807,0.778,2.732,0.895
5gu4,43,3,0.9615,0.7274,0.9561,0.9743,0.8183,0.2895,5.2808,PepSet_dimer_output_esmfold2_msa_nonpairing,5gu4,0.595,0.63,5.281,1.71
5gu4,43,4,0.9618,0.7435,0.9567,0.9735,0.7993,0.3299,1.2744,PepSet_dimer_output_esmfold2_msa_nonpairing,5gu4,0.887,0.778,1.274,0.484
5gu4,44,0,0.9615,0.7266,0.9561,0.9742,0.816,0.3181,5.5527,PepSet_dimer_output_esmfold2_msa_nonpairing,5gu4,0.567,0.593,5.553,1.803
5gu4,44,1,0.9611,0.7329,0.9559,0.9742,0.8201,0.3135,5.2124,PepSet_dimer_output_esmfold2_msa_nonpairing,5gu4,0.599,0.63,5.212,1.687
5gu4,44,2,0.9615,0.7416,0.9565,0.9731,0.7971,0.2942,1.0923,PepSet_dimer_output_esmfold2_msa_nonpairing,5gu4,0.909,0.815,1.092,0.419
5gu4,44,3,0.9611,0.7357,0.9559,0.973,0.7979,0.3029,1.9265,PepSet_dimer_output_esmfold2_msa_nonpairing,5gu4,0.843,0.741,1.927,0.663
5gu4,44,4,0.9607,0.7345,0.9555,0.9735,0.8167,0.3445,4.6497,PepSet_dimer_output_esmfold2_msa_nonpairing,5gu4,0.631,0.63,4.65,1.52
5huw,42,0,0.9704,0.8676,0.968,0.9732,0.9563,0.6371,1.2294,PepSet_dimer_output_esmfold2_msa_nonpairing,5huw,0.907,0.889,1.229,0.624
5huw,42,1,0.9704,0.8656,0.968,0.9723,0.9579,0.445,1.0716,PepSet_dimer_output_esmfold2_msa_nonpairing,5huw,0.914,0.889,1.072,0.582
5huw,42,2,0.97,0.8683,0.9676,0.9725,0.957,0.4649,1.1783,PepSet_dimer_output_esmfold2_msa_nonpairing,5huw,0.921,0.926,1.178,0.612
5huw,42,3,0.9704,0.8652,0.968,0.9727,0.9548,0.4971,1.2346,PepSet_dimer_output_esmfold2_msa_nonpairing,5huw,0.906,0.889,1.235,0.634
5huw,42,4,0.9705,0.8678,0.9681,0.9729,0.9569,0.5719,1.1336,PepSet_dimer_output_esmfold2_msa_nonpairing,5huw,0.918,0.907,1.134,0.598
5huw,43,0,0.9707,0.8695,0.9683,0.973,0.9569,0.4143,1.0728,PepSet_dimer_output_esmfold2_msa_nonpairing,5huw,0.914,0.889,1.073,0.582
5huw,43,1,0.971,0.871,0.9687,0.9734,0.9594,0.5991,1.2722,PepSet_dimer_output_esmfold2_msa_nonpairing,5huw,0.905,0.889,1.272,0.634
5huw,43,2,0.9706,0.8571,0.968,0.972,0.9553,0.4322,0.9683,PepSet_dimer_output_esmfold2_msa_nonpairing,5huw,0.911,0.87,0.968,0.564
5huw,43,3,0.9705,0.8654,0.968,0.9725,0.9567,0.4177,0.9959,PepSet_dimer_output_esmfold2_msa_nonpairing,5huw,0.916,0.889,0.996,0.571
5huw,43,4,0.9707,0.8624,0.9682,0.9727,0.9544,0.4836,1.0475,PepSet_dimer_output_esmfold2_msa_nonpairing,5huw,0.932,0.944,1.047,0.592
5huw,44,0,0.9703,0.8712,0.9681,0.9729,0.9589,0.4651,1.1793,PepSet_dimer_output_esmfold2_msa_nonpairing,5huw,0.91,0.889,1.179,0.608
5huw,44,1,0.9705,0.8632,0.968,0.9724,0.957,0.4072,0.9404,PepSet_dimer_output_esmfold2_msa_nonpairing,5huw,0.918,0.889,0.94,0.558
5huw,44,2,0.9704,0.8714,0.9681,0.9724,0.9589,0.4444,1.0899,PepSet_dimer_output_esmfold2_msa_nonpairing,5huw,0.912,0.889,1.09,0.595
5huw,44,3,0.9703,0.8667,0.9679,0.9727,0.9573,0.5911,1.1698,PepSet_dimer_output_esmfold2_msa_nonpairing,5huw,0.91,0.889,1.17,0.607
5huw,44,4,0.9704,0.868,0.9681,0.9717,0.9573,0.4603,1.2066,PepSet_dimer_output_esmfold2_msa_nonpairing,5huw,0.907,0.889,1.207,0.627
5i7z,42,0,0.9245,0.8075,0.9166,0.9152,0.8914,0.4093,5.1695,PepSet_dimer_output_esmfold2_msa_nonpairing,5i7z,0.688,0.882,5.169,1.655
5i7z,42,1,0.9224,0.8268,0.9159,0.9168,0.888,0.8429,1.4734,PepSet_dimer_output_esmfold2_msa_nonpairing,5i7z,0.913,0.912,1.473,0.615
5i7z,42,2,0.9248,0.8115,0.9171,0.9178,0.8938,0.5184,5.8516,PepSet_dimer_output_esmfold2_msa_nonpairing,5i7z,0.652,0.882,5.852,1.86
5i7z,42,3,0.92,0.8314,0.914,0.9121,0.8863,1.0319,1.2255,PepSet_dimer_output_esmfold2_msa_nonpairing,5i7z,0.913,0.882,1.226,0.564
5i7z,42,4,0.9247,0.81,0.9169,0.9174,0.8916,0.5813,4.7698,PepSet_dimer_output_esmfold2_msa_nonpairing,5i7z,0.711,0.882,4.77,1.53
5i7z,43,0,0.9245,0.8331,0.9183,0.9178,0.8913,0.9047,1.2318,PepSet_dimer_output_esmfold2_msa_nonpairing,5i7z,0.93,0.912,1.232,0.507
5i7z,43,1,0.9239,0.8364,0.918,0.92,0.8939,0.5691,0.6751,PepSet_dimer_output_esmfold2_msa_nonpairing,5i7z,0.954,0.941,0.675,0.418
5i7z,43,2,0.9237,0.8323,0.9175,0.9192,0.8944,0.9258,0.9259,PepSet_dimer_output_esmfold2_msa_nonpairing,5i7z,0.944,0.941,0.926,0.495
5i7z,43,3,0.9228,0.8377,0.917,0.9191,0.8938,0.7192,0.7969,PepSet_dimer_output_esmfold2_msa_nonpairing,5i7z,0.95,0.941,0.797,0.447
5i7z,43,4,0.9233,0.8335,0.9172,0.9195,0.8931,0.5102,1.1387,PepSet_dimer_output_esmfold2_msa_nonpairing,5i7z,0.94,0.941,1.139,0.507
5i7z,44,0,0.9247,0.814,0.9172,0.9194,0.8933,0.6,5.1114,PepSet_dimer_output_esmfold2_msa_nonpairing,5i7z,0.691,0.882,5.111,1.635
5i7z,44,1,0.9246,0.8296,0.9181,0.9196,0.8943,0.4184,1.0794,PepSet_dimer_output_esmfold2_msa_nonpairing,5i7z,0.954,0.971,1.079,0.478
5i7z,44,2,0.9246,0.8262,0.9179,0.92,0.896,0.5946,0.7042,PepSet_dimer_output_esmfold2_msa_nonpairing,5i7z,0.958,0.941,0.704,0.384
5i7z,44,3,0.9271,0.8291,0.9204,0.9228,0.8977,0.5962,0.9774,PepSet_dimer_output_esmfold2_msa_nonpairing,5i7z,0.946,0.941,0.977,0.476
5i7z,44,4,0.9208,0.8315,0.9147,0.9132,0.8873,0.511,1.1957,PepSet_dimer_output_esmfold2_msa_nonpairing,5i7z,0.93,0.912,1.196,0.503
5j3q,42,0,0.9239,0.8328,0.9147,0.9384,0.8599,0.8988,1.9101,PepSet_dimer_output_esmfold2_msa_nonpairing,5j3q,0.812,0.907,1.91,1.284
5j3q,42,1,0.9212,0.8295,0.9119,0.9348,0.8591,0.9642,2.0145,PepSet_dimer_output_esmfold2_msa_nonpairing,5j3q,0.782,0.837,2.015,1.326
5j3q,42,2,0.923,0.8312,0.9137,0.9373,0.8587,0.9392,1.9494,PepSet_dimer_output_esmfold2_msa_nonpairing,5j3q,0.785,0.86,1.949,1.37
5j3q,42,3,0.9192,0.8291,0.9101,0.9305,0.8576,1.0917,1.8348,PepSet_dimer_output_esmfold2_msa_nonpairing,5j3q,0.798,0.837,1.835,1.222
5j3q,42,4,0.92,0.8243,0.9104,0.9341,0.8529,1.0581,1.4945,PepSet_dimer_output_esmfold2_msa_nonpairing,5j3q,0.805,0.837,1.495,1.206
5j3q,43,0,0.9214,0.8208,0.9113,0.9358,0.8484,0.9721,1.8892,PepSet_dimer_output_esmfold2_msa_nonpairing,5j3q,0.804,0.884,1.889,1.289
5j3q,43,1,0.9182,0.8318,0.9095,0.9338,0.8605,1.2784,1.8736,PepSet_dimer_output_esmfold2_msa_nonpairing,5j3q,0.779,0.86,1.874,1.433
5j3q,43,2,0.9224,0.8159,0.9117,0.9362,0.8427,1.0488,2.1833,PepSet_dimer_output_esmfold2_msa_nonpairing,5j3q,0.767,0.814,2.183,1.364
5j3q,43,3,0.9167,0.8296,0.9079,0.934,0.8586,1.0611,1.66,PepSet_dimer_output_esmfold2_msa_nonpairing,5j3q,0.786,0.837,1.66,1.338
5j3q,43,4,0.9218,0.8333,0.9129,0.9369,0.8624,1.0414,1.8444,PepSet_dimer_output_esmfold2_msa_nonpairing,5j3q,0.79,0.86,1.844,1.347
5j3q,44,0,0.9214,0.8286,0.912,0.9368,0.8565,0.903,1.7521,PepSet_dimer_output_esmfold2_msa_nonpairing,5j3q,0.8,0.837,1.752,1.212
5j3q,44,1,0.9216,0.8313,0.9125,0.9366,0.8599,0.9878,1.983,PepSet_dimer_output_esmfold2_msa_nonpairing,5j3q,0.77,0.814,1.983,1.359
5j3q,44,2,0.9222,0.8225,0.9122,0.936,0.847,0.9951,1.6434,PepSet_dimer_output_esmfold2_msa_nonpairing,5j3q,0.776,0.791,1.643,1.291
5j3q,44,3,0.9209,0.8321,0.9119,0.9365,0.8597,0.9345,2.0676,PepSet_dimer_output_esmfold2_msa_nonpairing,5j3q,0.78,0.837,2.068,1.336
5j3q,44,4,0.9197,0.8297,0.9106,0.9334,0.8573,1.079,2.0091,PepSet_dimer_output_esmfold2_msa_nonpairing,5j3q,0.784,0.86,2.009,1.373
5kds,42,0,0.9393,0.3329,0.9334,0.9596,0.4439,0.6204,15.5624,PepSet_dimer_output_esmfold2_msa_nonpairing,5kds,0.255,0.462,15.562,5.276
5kds,42,1,0.937,0.3165,0.931,0.9563,0.411,0.7262,15.3543,PepSet_dimer_output_esmfold2_msa_nonpairing,5kds,0.231,0.385,15.354,5.273
5kds,42,2,0.9362,0.323,0.9302,0.9563,0.4296,0.6367,14.8237,PepSet_dimer_output_esmfold2_msa_nonpairing,5kds,0.263,0.462,14.824,5.035
5kds,42,3,0.9472,0.2988,0.9409,0.9637,0.4124,0.6585,12.5828,PepSet_dimer_output_esmfold2_msa_nonpairing,5kds,0.142,0.0,12.583,4.198
5kds,42,4,0.937,0.3179,0.931,0.9574,0.4357,0.7373,11.0073,PepSet_dimer_output_esmfold2_msa_nonpairing,5kds,0.222,0.154,11.007,3.738
5kds,43,0,0.9362,0.3051,0.9301,0.9567,0.4067,0.6332,13.7494,PepSet_dimer_output_esmfold2_msa_nonpairing,5kds,0.275,0.462,13.749,4.824
5kds,43,1,0.9493,0.3108,0.9431,0.9649,0.4347,0.6243,14.4752,PepSet_dimer_output_esmfold2_msa_nonpairing,5kds,0.217,0.308,14.475,4.882
5kds,43,2,0.9489,0.2912,0.9425,0.9636,0.4035,0.6525,7.3588,PepSet_dimer_output_esmfold2_msa_nonpairing,5kds,0.478,0.615,7.359,2.623
5kds,43,3,0.9493,0.2822,0.9428,0.9616,0.3902,0.7118,7.9985,PepSet_dimer_output_esmfold2_msa_nonpairing,5kds,0.45,0.615,7.998,2.949
5kds,43,4,0.9375,0.3119,0.9314,0.9584,0.4362,0.6692,9.6005,PepSet_dimer_output_esmfold2_msa_nonpairing,5kds,0.227,0.077,9.6,3.379
5kds,44,0,0.9317,0.2958,0.9255,0.952,0.3828,0.9114,10.1499,PepSet_dimer_output_esmfold2_msa_nonpairing,5kds,0.284,0.308,10.15,3.833
5kds,44,1,0.9382,0.323,0.9323,0.9585,0.4459,0.7666,9.9051,PepSet_dimer_output_esmfold2_msa_nonpairing,5kds,0.244,0.154,9.905,3.527
5kds,44,2,0.9377,0.3231,0.9317,0.9578,0.4221,0.7412,16.0954,PepSet_dimer_output_esmfold2_msa_nonpairing,5kds,0.249,0.462,16.095,5.527
5kds,44,3,0.9468,0.2923,0.9404,0.963,0.4246,0.5617,6.4406,PepSet_dimer_output_esmfold2_msa_nonpairing,5kds,0.41,0.308,6.441,2.366
5kds,44,4,0.9354,0.2924,0.9291,0.9556,0.3887,0.671,12.5916,PepSet_dimer_output_esmfold2_msa_nonpairing,5kds,0.166,0.077,12.592,4.287
5lyn,42,0,0.9452,0.7434,0.9351,0.9482,0.786,0.4635,1.3631,PepSet_dimer_output_esmfold2_msa_nonpairing,5lyn,0.918,0.857,1.363,0.439
5lyn,42,1,0.9449,0.7471,0.935,0.9477,0.7917,0.6224,1.2029,PepSet_dimer_output_esmfold2_msa_nonpairing,5lyn,0.925,0.857,1.203,0.386
5lyn,42,2,0.9461,0.7405,0.9359,0.9486,0.7844,0.8514,1.1965,PepSet_dimer_output_esmfold2_msa_nonpairing,5lyn,0.926,0.857,1.196,0.382
5lyn,42,3,0.9453,0.7394,0.935,0.9478,0.7809,0.3345,1.2495,PepSet_dimer_output_esmfold2_msa_nonpairing,5lyn,0.934,0.893,1.25,0.411
5lyn,42,4,0.9455,0.7373,0.9351,0.9492,0.7818,0.3741,1.1892,PepSet_dimer_output_esmfold2_msa_nonpairing,5lyn,0.924,0.857,1.189,0.398
5lyn,43,0,0.9452,0.7313,0.9346,0.9483,0.7715,0.7834,1.1342,PepSet_dimer_output_esmfold2_msa_nonpairing,5lyn,0.938,0.893,1.134,0.385
5lyn,43,1,0.9444,0.7452,0.9345,0.9476,0.7929,0.7196,1.227,PepSet_dimer_output_esmfold2_msa_nonpairing,5lyn,0.925,0.857,1.227,0.388
5lyn,43,2,0.9459,0.7419,0.9357,0.9484,0.7872,0.3825,1.2697,PepSet_dimer_output_esmfold2_msa_nonpairing,5lyn,0.91,0.821,1.27,0.407
5lyn,43,3,0.9418,0.668,0.9281,0.9439,0.7015,1.0131,1.4506,PepSet_dimer_output_esmfold2_msa_nonpairing,5lyn,0.875,0.75,1.451,0.493
5lyn,43,4,0.9459,0.744,0.9358,0.9496,0.788,0.3872,1.1575,PepSet_dimer_output_esmfold2_msa_nonpairing,5lyn,0.915,0.821,1.157,0.374
5lyn,44,0,0.9446,0.7447,0.9346,0.9478,0.7887,0.6744,1.2793,PepSet_dimer_output_esmfold2_msa_nonpairing,5lyn,0.933,0.893,1.279,0.42
5lyn,44,1,0.9443,0.7431,0.9342,0.9477,0.787,0.7051,1.204,PepSet_dimer_output_esmfold2_msa_nonpairing,5lyn,0.936,0.893,1.204,0.395
5lyn,44,2,0.9447,0.7388,0.9344,0.9481,0.7825,1.0008,1.3356,PepSet_dimer_output_esmfold2_msa_nonpairing,5lyn,0.944,0.929,1.336,0.424
5lyn,44,3,0.9459,0.7482,0.936,0.9488,0.7941,0.4455,1.1649,PepSet_dimer_output_esmfold2_msa_nonpairing,5lyn,0.914,0.821,1.165,0.386
5lyn,44,4,0.9418,0.6737,0.9284,0.9441,0.705,0.5589,1.3608,PepSet_dimer_output_esmfold2_msa_nonpairing,5lyn,0.887,0.786,1.361,0.501
5m5r,42,0,0.9562,0.6746,0.9501,0.9728,0.7358,0.587,2.3238,PepSet_dimer_output_esmfold2_msa_nonpairing,5m5r,0.855,0.892,2.324,0.882
5m5r,42,1,0.9559,0.6743,0.9498,0.9727,0.7288,0.5342,2.5034,PepSet_dimer_output_esmfold2_msa_nonpairing,5m5r,0.823,0.838,2.503,0.955
5m5r,42,2,0.9563,0.6674,0.95,0.9726,0.7252,0.5615,2.2923,PepSet_dimer_output_esmfold2_msa_nonpairing,5m5r,0.847,0.865,2.292,0.879
5m5r,42,3,0.9557,0.6516,0.9491,0.9724,0.7052,0.5611,2.439,PepSet_dimer_output_esmfold2_msa_nonpairing,5m5r,0.85,0.892,2.439,0.904
5m5r,42,4,0.9557,0.6472,0.949,0.972,0.7044,0.5542,2.6002,PepSet_dimer_output_esmfold2_msa_nonpairing,5m5r,0.834,0.892,2.6,0.992
5m5r,43,0,0.956,0.6657,0.9497,0.9727,0.7257,0.5588,2.286,PepSet_dimer_output_esmfold2_msa_nonpairing,5m5r,0.847,0.865,2.286,0.88
5m5r,43,1,0.955,0.6634,0.9486,0.9724,0.7214,0.5536,2.2043,PepSet_dimer_output_esmfold2_msa_nonpairing,5m5r,0.85,0.865,2.204,0.87
5m5r,43,2,0.955,0.6056,0.9474,0.971,0.6567,0.5503,2.2262,PepSet_dimer_output_esmfold2_msa_nonpairing,5m5r,0.853,0.865,2.226,0.845
5m5r,43,3,0.9565,0.6798,0.9505,0.973,0.7407,0.5662,2.1353,PepSet_dimer_output_esmfold2_msa_nonpairing,5m5r,0.855,0.865,2.135,0.847
5m5r,43,4,0.9556,0.6574,0.9491,0.9723,0.7191,0.5821,2.6113,PepSet_dimer_output_esmfold2_msa_nonpairing,5m5r,0.825,0.865,2.611,0.993
5m5r,44,0,0.9549,0.5931,0.947,0.9708,0.6356,0.5577,2.4196,PepSet_dimer_output_esmfold2_msa_nonpairing,5m5r,0.833,0.865,2.42,0.959
5m5r,44,1,0.9548,0.6053,0.9472,0.971,0.6527,0.5791,2.4768,PepSet_dimer_output_esmfold2_msa_nonpairing,5m5r,0.844,0.892,2.477,0.938
5m5r,44,2,0.955,0.6467,0.9483,0.9719,0.6994,0.5581,2.1606,PepSet_dimer_output_esmfold2_msa_nonpairing,5m5r,0.849,0.865,2.161,0.886
5m5r,44,3,0.956,0.6603,0.9496,0.9725,0.7126,0.5435,2.3584,PepSet_dimer_output_esmfold2_msa_nonpairing,5m5r,0.832,0.838,2.358,0.915
5m5r,44,4,0.9557,0.6815,0.9497,0.9726,0.7401,0.5473,2.6053,PepSet_dimer_output_esmfold2_msa_nonpairing,5m5r,0.837,0.892,2.605,0.972
5n22,42,0,0.8287,0.5533,0.8147,0.8511,0.5765,3.272,17.8062,PepSet_dimer_output_esmfold2_msa_nonpairing,5n22,0.084,0.022,17.806,7.038
5n22,42,1,0.8206,0.3623,0.7973,0.8393,0.2466,3.4482,15.6597,PepSet_dimer_output_esmfold2_msa_nonpairing,5n22,0.15,0.174,15.66,6.681
5n22,42,2,0.8217,0.5329,0.807,0.8373,0.5458,3.6819,18.2395,PepSet_dimer_output_esmfold2_msa_nonpairing,5n22,0.08,0.022,18.24,7.286
5n22,42,3,0.8186,0.5338,0.8041,0.8325,0.5495,3.1358,18.2091,PepSet_dimer_output_esmfold2_msa_nonpairing,5n22,0.082,0.022,18.209,6.987
5n22,42,4,0.8056,0.5298,0.7915,0.8289,0.5499,2.6412,17.3114,PepSet_dimer_output_esmfold2_msa_nonpairing,5n22,0.089,0.022,17.311,6.533
5n22,43,0,0.8293,0.5659,0.8159,0.8539,0.5732,3.2689,18.7917,PepSet_dimer_output_esmfold2_msa_nonpairing,5n22,0.078,0.022,18.792,7.196
5n22,43,1,0.8311,0.5647,0.8176,0.8557,0.5898,3.3052,17.704,PepSet_dimer_output_esmfold2_msa_nonpairing,5n22,0.085,0.022,17.704,6.89
5n22,43,2,0.8229,0.5124,0.8071,0.8374,0.5163,3.3669,17.9304,PepSet_dimer_output_esmfold2_msa_nonpairing,5n22,0.084,0.022,17.93,6.88
5n22,43,3,0.8252,0.5563,0.8115,0.845,0.5818,2.811,18.1649,PepSet_dimer_output_esmfold2_msa_nonpairing,5n22,0.084,0.022,18.165,6.49
5n22,43,4,0.8205,0.3709,0.7977,0.8378,0.2555,3.7409,15.6881,PepSet_dimer_output_esmfold2_msa_nonpairing,5n22,0.157,0.196,15.688,6.575
5n22,44,0,0.8227,0.5393,0.8083,0.8341,0.5537,3.4447,17.3738,PepSet_dimer_output_esmfold2_msa_nonpairing,5n22,0.087,0.022,17.374,6.888
5n22,44,1,0.8315,0.5736,0.8183,0.8593,0.5981,3.162,17.8083,PepSet_dimer_output_esmfold2_msa_nonpairing,5n22,0.084,0.022,17.808,6.885
5n22,44,2,0.8268,0.558,0.8132,0.8477,0.5789,3.1802,17.7548,PepSet_dimer_output_esmfold2_msa_nonpairing,5n22,0.084,0.022,17.755,6.937
5n22,44,3,0.8072,0.4881,0.791,0.8186,0.5015,3.1973,17.4878,PepSet_dimer_output_esmfold2_msa_nonpairing,5n22,0.086,0.022,17.488,6.828
5n22,44,4,0.8271,0.5442,0.8127,0.8509,0.5666,3.234,16.9853,PepSet_dimer_output_esmfold2_msa_nonpairing,5n22,0.09,0.022,16.985,6.739
5n85,42,0,0.9317,0.6667,0.9078,0.9332,0.6927,0.3905,7.6908,PepSet_dimer_output_esmfold2_msa_nonpairing,5n85,0.347,0.289,7.691,2.975
5n85,42,1,0.9221,0.6391,0.8966,0.9226,0.6329,0.3417,2.842,PepSet_dimer_output_esmfold2_msa_nonpairing,5n85,0.738,0.737,2.842,1.28
5n85,42,2,0.9269,0.6591,0.9028,0.9276,0.6609,0.4098,2.5372,PepSet_dimer_output_esmfold2_msa_nonpairing,5n85,0.74,0.684,2.537,1.18
5n85,42,3,0.9266,0.659,0.9025,0.9278,0.6657,0.3926,2.5904,PepSet_dimer_output_esmfold2_msa_nonpairing,5n85,0.754,0.737,2.59,1.2
5n85,42,4,0.9242,0.6455,0.8991,0.9245,0.6435,0.4286,2.9522,PepSet_dimer_output_esmfold2_msa_nonpairing,5n85,0.734,0.763,2.952,1.363
5n85,43,0,0.9368,0.7384,0.9189,0.9398,0.7676,0.4181,2.6618,PepSet_dimer_output_esmfold2_msa_nonpairing,5n85,0.738,0.711,2.662,1.247
5n85,43,1,0.9283,0.665,0.9045,0.9291,0.6648,0.3661,2.1007,PepSet_dimer_output_esmfold2_msa_nonpairing,5n85,0.799,0.763,2.101,1.002
5n85,43,2,0.925,0.6704,0.9021,0.9279,0.6839,0.3116,2.7812,PepSet_dimer_output_esmfold2_msa_nonpairing,5n85,0.743,0.737,2.781,1.255
5n85,43,3,0.9259,0.6551,0.9015,0.9256,0.6577,0.4519,2.6483,PepSet_dimer_output_esmfold2_msa_nonpairing,5n85,0.739,0.711,2.648,1.236
5n85,43,4,0.9231,0.6409,0.8976,0.9231,0.6388,0.477,2.6517,PepSet_dimer_output_esmfold2_msa_nonpairing,5n85,0.733,0.711,2.652,1.283
5n85,44,0,0.9228,0.6388,0.8972,0.9218,0.6348,0.5254,2.7491,PepSet_dimer_output_esmfold2_msa_nonpairing,5n85,0.723,0.711,2.749,1.35
5n85,44,1,0.9275,0.5977,0.8978,0.926,0.626,0.3838,7.8456,PepSet_dimer_output_esmfold2_msa_nonpairing,5n85,0.351,0.316,7.846,3.017
5n85,44,2,0.9226,0.6339,0.8966,0.9219,0.6294,0.429,3.2001,PepSet_dimer_output_esmfold2_msa_nonpairing,5n85,0.72,0.763,3.2,1.438
5n85,44,3,0.9336,0.6793,0.9107,0.9361,0.7108,0.4644,7.6988,PepSet_dimer_output_esmfold2_msa_nonpairing,5n85,0.356,0.316,7.699,2.972
5n85,44,4,0.9239,0.6521,0.8994,0.9255,0.6545,0.4007,2.3794,PepSet_dimer_output_esmfold2_msa_nonpairing,5n85,0.776,0.763,2.379,1.133
5njc,42,0,0.9303,0.7244,0.9278,0.9574,0.8579,0.8094,1.0753,PepSet_dimer_output_esmfold2_msa_nonpairing,5njc,0.926,0.923,1.075,0.581
5njc,42,1,0.9293,0.7283,0.9268,0.9571,0.8619,1.1288,1.0494,PepSet_dimer_output_esmfold2_msa_nonpairing,5njc,0.924,0.923,1.049,0.596
5njc,42,2,0.9306,0.7269,0.928,0.9569,0.8597,0.8957,0.9588,PepSet_dimer_output_esmfold2_msa_nonpairing,5njc,0.93,0.923,0.959,0.554
5njc,42,3,0.9309,0.7164,0.9283,0.9575,0.8551,0.9955,1.0398,PepSet_dimer_output_esmfold2_msa_nonpairing,5njc,0.926,0.923,1.04,0.58
5njc,42,4,0.9303,0.728,0.9278,0.9572,0.8627,1.0903,1.0117,PepSet_dimer_output_esmfold2_msa_nonpairing,5njc,0.926,0.923,1.012,0.583
5njc,43,0,0.9313,0.7291,0.9288,0.958,0.8631,0.8304,1.105,PepSet_dimer_output_esmfold2_msa_nonpairing,5njc,0.926,0.923,1.105,0.579
5njc,43,1,0.93,0.7248,0.9275,0.9571,0.8603,0.9034,0.9189,PepSet_dimer_output_esmfold2_msa_nonpairing,5njc,0.924,0.923,0.919,0.606
5njc,43,2,0.9302,0.73,0.9277,0.9567,0.8635,1.2765,0.997,PepSet_dimer_output_esmfold2_msa_nonpairing,5njc,0.925,0.923,0.997,0.59
5njc,43,3,0.9281,0.7203,0.9255,0.9566,0.8601,1.0928,1.1221,PepSet_dimer_output_esmfold2_msa_nonpairing,5njc,0.912,0.897,1.122,0.616
5njc,43,4,0.9304,0.7283,0.9279,0.9574,0.8624,1.0002,1.1379,PepSet_dimer_output_esmfold2_msa_nonpairing,5njc,0.924,0.923,1.138,0.592
5njc,44,0,0.9302,0.7287,0.9277,0.9571,0.8605,0.9577,1.0559,PepSet_dimer_output_esmfold2_msa_nonpairing,5njc,0.917,0.923,1.056,0.649
5njc,44,1,0.9296,0.7275,0.9271,0.9569,0.8611,1.1398,1.1386,PepSet_dimer_output_esmfold2_msa_nonpairing,5njc,0.916,0.897,1.139,0.584
5njc,44,2,0.9301,0.7307,0.9276,0.9576,0.863,0.9887,1.0057,PepSet_dimer_output_esmfold2_msa_nonpairing,5njc,0.925,0.923,1.006,0.588
5njc,44,3,0.9302,0.7292,0.9277,0.9571,0.8613,0.8135,0.8906,PepSet_dimer_output_esmfold2_msa_nonpairing,5njc,0.927,0.923,0.891,0.581
5njc,44,4,0.9301,0.7233,0.9275,0.9575,0.8613,0.8163,1.0392,PepSet_dimer_output_esmfold2_msa_nonpairing,5njc,0.918,0.897,1.039,0.58
5nqv,42,0,0.9425,0.8085,0.9354,0.9491,0.8988,1.5786,2.337,PepSet_dimer_output_esmfold2_msa_nonpairing,5nqv,0.861,0.881,2.337,0.815
5nqv,42,1,0.9359,0.8128,0.9294,0.9428,0.8979,2.3185,2.182,PepSet_dimer_output_esmfold2_msa_nonpairing,5nqv,0.878,0.905,2.182,0.772
5nqv,42,2,0.9355,0.8157,0.9292,0.9417,0.8995,2.5616,2.3008,PepSet_dimer_output_esmfold2_msa_nonpairing,5nqv,0.865,0.881,2.301,0.789
5nqv,42,3,0.9409,0.8151,0.9343,0.9482,0.902,1.2961,2.4283,PepSet_dimer_output_esmfold2_msa_nonpairing,5nqv,0.856,0.905,2.428,0.894
5nqv,42,4,0.9432,0.8137,0.9364,0.9497,0.8994,1.5608,2.3712,PepSet_dimer_output_esmfold2_msa_nonpairing,5nqv,0.867,0.905,2.371,0.82
5nqv,43,0,0.9433,0.8125,0.9364,0.9505,0.8984,1.5727,2.3585,PepSet_dimer_output_esmfold2_msa_nonpairing,5nqv,0.855,0.881,2.358,0.851
5nqv,43,1,0.9401,0.808,0.9331,0.9461,0.8974,0.9844,2.4782,PepSet_dimer_output_esmfold2_msa_nonpairing,5nqv,0.847,0.881,2.478,0.892
5nqv,43,2,0.9435,0.8047,0.9361,0.9504,0.8932,1.6146,2.4668,PepSet_dimer_output_esmfold2_msa_nonpairing,5nqv,0.839,0.857,2.467,0.898
5nqv,43,3,0.9408,0.7981,0.9333,0.9482,0.889,1.2703,2.4574,PepSet_dimer_output_esmfold2_msa_nonpairing,5nqv,0.854,0.881,2.457,0.844
5nqv,43,4,0.9408,0.8117,0.934,0.9494,0.8977,1.2507,1.9839,PepSet_dimer_output_esmfold2_msa_nonpairing,5nqv,0.886,0.905,1.984,0.736
5nqv,44,0,0.9415,0.8151,0.9348,0.9495,0.9003,1.1971,2.097,PepSet_dimer_output_esmfold2_msa_nonpairing,5nqv,0.875,0.881,2.097,0.743
5nqv,44,1,0.9432,0.8057,0.936,0.9503,0.8952,1.6703,2.3273,PepSet_dimer_output_esmfold2_msa_nonpairing,5nqv,0.859,0.881,2.327,0.829
5nqv,44,2,0.9426,0.8131,0.9358,0.9506,0.9027,1.3271,2.4693,PepSet_dimer_output_esmfold2_msa_nonpairing,5nqv,0.849,0.881,2.469,0.881
5nqv,44,3,0.9358,0.8146,0.9294,0.9415,0.9001,2.2611,2.041,PepSet_dimer_output_esmfold2_msa_nonpairing,5nqv,0.882,0.881,2.041,0.706
5nqv,44,4,0.9431,0.8066,0.9359,0.9499,0.893,1.5402,2.2929,PepSet_dimer_output_esmfold2_msa_nonpairing,5nqv,0.859,0.881,2.293,0.837
5o9u,42,0,0.9508,0.6327,0.9444,0.9718,0.7911,0.408,1.6774,PepSet_dimer_output_esmfold2_msa_nonpairing,5o9u,0.901,0.863,1.677,0.561
5o9u,42,1,0.9514,0.6332,0.9451,0.9722,0.7937,0.4113,0.7979,PepSet_dimer_output_esmfold2_msa_nonpairing,5o9u,0.964,0.959,0.798,0.373
5o9u,42,2,0.9509,0.626,0.9444,0.9718,0.7868,0.4141,1.4042,PepSet_dimer_output_esmfold2_msa_nonpairing,5o9u,0.911,0.849,1.404,0.471
5o9u,42,3,0.9508,0.6319,0.9444,0.9716,0.7917,0.4352,0.4355,PepSet_dimer_output_esmfold2_msa_nonpairing,5o9u,0.981,0.986,0.436,0.31
5o9u,42,4,0.9512,0.6388,0.9449,0.9718,0.7971,0.4047,0.6257,PepSet_dimer_output_esmfold2_msa_nonpairing,5o9u,0.954,0.918,0.626,0.345
5o9u,43,0,0.9516,0.632,0.9452,0.9721,0.7899,0.4077,1.6467,PepSet_dimer_output_esmfold2_msa_nonpairing,5o9u,0.905,0.863,1.647,0.536
5o9u,43,1,0.951,0.6262,0.9445,0.972,0.7927,0.3751,0.6868,PepSet_dimer_output_esmfold2_msa_nonpairing,5o9u,0.957,0.932,0.687,0.361
5o9u,43,2,0.951,0.629,0.9445,0.9716,0.7891,0.4076,1.7662,PepSet_dimer_output_esmfold2_msa_nonpairing,5o9u,0.892,0.849,1.766,0.587
5o9u,43,3,0.9509,0.6354,0.9446,0.9716,0.792,0.3811,0.8078,PepSet_dimer_output_esmfold2_msa_nonpairing,5o9u,0.953,0.918,0.808,0.345
5o9u,43,4,0.9509,0.632,0.9445,0.972,0.7899,0.393,0.6104,PepSet_dimer_output_esmfold2_msa_nonpairing,5o9u,0.967,0.959,0.61,0.349
5o9u,44,0,0.9515,0.634,0.9452,0.9722,0.7935,0.3796,0.7048,PepSet_dimer_output_esmfold2_msa_nonpairing,5o9u,0.959,0.932,0.705,0.341
5o9u,44,1,0.9509,0.6359,0.9446,0.972,0.7947,0.4452,0.592,PepSet_dimer_output_esmfold2_msa_nonpairing,5o9u,0.96,0.959,0.592,0.421
5o9u,44,2,0.9518,0.6349,0.9455,0.9724,0.7912,0.3865,0.9945,PepSet_dimer_output_esmfold2_msa_nonpairing,5o9u,0.946,0.918,0.994,0.404
5o9u,44,3,0.9515,0.6323,0.9451,0.9722,0.7897,0.3879,1.5905,PepSet_dimer_output_esmfold2_msa_nonpairing,5o9u,0.907,0.863,1.591,0.525
5o9u,44,4,0.9513,0.6365,0.945,0.9718,0.796,0.4309,0.5874,PepSet_dimer_output_esmfold2_msa_nonpairing,5o9u,0.973,0.973,0.587,0.342
5oj5,42,0,0.8942,0.261,0.8822,0.9233,0.2487,2.1401,29.6851,PepSet_dimer_output_esmfold2_msa_nonpairing,5oj5,0.033,0.0,29.685,9.811
5oj5,42,1,0.8982,0.2938,0.8867,0.9253,0.3108,1.5824,30.9089,PepSet_dimer_output_esmfold2_msa_nonpairing,5oj5,0.03,0.0,30.909,10.258
5oj5,42,2,0.9002,0.3763,0.8903,0.9297,0.4007,2.0475,2.1423,PepSet_dimer_output_esmfold2_msa_nonpairing,5oj5,0.859,0.857,2.142,0.798
5oj5,42,3,0.8976,0.2805,0.8858,0.9263,0.3057,1.2443,27.7093,PepSet_dimer_output_esmfold2_msa_nonpairing,5oj5,0.037,0.0,27.709,9.295
5oj5,42,4,0.9061,0.5783,0.8999,0.9372,0.6303,1.3492,1.6709,PepSet_dimer_output_esmfold2_msa_nonpairing,5oj5,0.922,0.952,1.671,0.627
5oj5,43,0,0.8983,0.2177,0.8853,0.9246,0.1569,1.4447,32.6134,PepSet_dimer_output_esmfold2_msa_nonpairing,5oj5,0.027,0.0,32.613,11.214
5oj5,43,1,0.8957,0.2555,0.8835,0.9254,0.2589,1.2289,24.8975,PepSet_dimer_output_esmfold2_msa_nonpairing,5oj5,0.045,0.0,24.897,8.423
5oj5,43,2,0.8963,0.2497,0.884,0.9266,0.265,1.5512,29.5796,PepSet_dimer_output_esmfold2_msa_nonpairing,5oj5,0.033,0.0,29.58,9.875
5oj5,43,3,0.8975,0.2318,0.8848,0.9251,0.1748,1.7482,31.3783,PepSet_dimer_output_esmfold2_msa_nonpairing,5oj5,0.029,0.0,31.378,10.897
5oj5,43,4,0.909,0.6527,0.9041,0.9391,0.7086,1.8389,1.8293,PepSet_dimer_output_esmfold2_msa_nonpairing,5oj5,0.917,0.952,1.829,0.651
5oj5,44,0,0.8978,0.2524,0.8856,0.9251,0.2421,1.2327,2.5682,PepSet_dimer_output_esmfold2_msa_nonpairing,5oj5,0.835,0.857,2.568,0.912
5oj5,44,1,0.8975,0.2356,0.8849,0.9255,0.2318,1.7277,31.9407,PepSet_dimer_output_esmfold2_msa_nonpairing,5oj5,0.028,0.0,31.941,10.691
5oj5,44,2,0.9041,0.6611,0.8995,0.9343,0.721,1.2674,1.7703,PepSet_dimer_output_esmfold2_msa_nonpairing,5oj5,0.911,0.952,1.77,0.697
5oj5,44,3,0.9002,0.2671,0.8882,0.9278,0.2691,1.3626,29.5819,PepSet_dimer_output_esmfold2_msa_nonpairing,5oj5,0.033,0.0,29.582,9.54
5oj5,44,4,0.8921,0.2131,0.8792,0.9209,0.1868,1.1818,2.7338,PepSet_dimer_output_esmfold2_msa_nonpairing,5oj5,0.837,0.905,2.734,0.982
5onp,42,0,0.9616,0.5438,0.9551,0.9659,0.6892,0.1706,7.4063,PepSet_dimer_output_esmfold2_msa_nonpairing,5onp,0.436,0.342,7.406,1.844
5onp,42,1,0.9618,0.5458,0.9554,0.9664,0.6912,0.1736,6.887,PepSet_dimer_output_esmfold2_msa_nonpairing,5onp,0.46,0.342,6.887,1.715
5onp,42,2,0.9662,0.6914,0.9619,0.9714,0.8291,0.1687,2.5127,PepSet_dimer_output_esmfold2_msa_nonpairing,5onp,0.868,0.842,2.513,0.647
5onp,42,3,0.9614,0.5393,0.9548,0.9654,0.6923,0.1331,7.1194,PepSet_dimer_output_esmfold2_msa_nonpairing,5onp,0.432,0.289,7.119,1.768
5onp,42,4,0.9613,0.5485,0.9548,0.9655,0.6963,0.176,6.914,PepSet_dimer_output_esmfold2_msa_nonpairing,5onp,0.45,0.316,6.914,1.724
5onp,43,0,0.9614,0.537,0.9548,0.966,0.6902,0.1502,7.5016,PepSet_dimer_output_esmfold2_msa_nonpairing,5onp,0.433,0.342,7.502,1.863
5onp,43,1,0.962,0.4426,0.9539,0.968,0.608,0.2122,6.7615,PepSet_dimer_output_esmfold2_msa_nonpairing,5onp,0.508,0.474,6.762,1.699
5onp,43,2,0.9631,0.4493,0.9551,0.9703,0.6265,0.2481,2.7346,PepSet_dimer_output_esmfold2_msa_nonpairing,5onp,0.846,0.816,2.735,0.714
5onp,43,3,0.9612,0.5425,0.9547,0.9658,0.6887,0.1956,6.6322,PepSet_dimer_output_esmfold2_msa_nonpairing,5onp,0.471,0.342,6.632,1.656
5onp,43,4,0.9614,0.5416,0.9548,0.9666,0.6883,0.1913,6.6288,PepSet_dimer_output_esmfold2_msa_nonpairing,5onp,0.463,0.316,6.629,1.649
5onp,44,0,0.9615,0.5046,0.9544,0.9665,0.6623,0.1781,7.6266,PepSet_dimer_output_esmfold2_msa_nonpairing,5onp,0.444,0.395,7.627,1.9
5onp,44,1,0.9619,0.547,0.9554,0.9664,0.6939,0.1581,7.4669,PepSet_dimer_output_esmfold2_msa_nonpairing,5onp,0.434,0.342,7.467,1.855
5onp,44,2,0.9614,0.4422,0.9534,0.9683,0.5984,0.221,3.9871,PepSet_dimer_output_esmfold2_msa_nonpairing,5onp,0.756,0.763,3.987,1.015
5onp,44,3,0.9619,0.548,0.9555,0.9657,0.6937,0.1463,7.0327,PepSet_dimer_output_esmfold2_msa_nonpairing,5onp,0.444,0.316,7.033,1.752
5onp,44,4,0.9617,0.4361,0.9535,0.9678,0.6054,0.2545,3.1459,PepSet_dimer_output_esmfold2_msa_nonpairing,5onp,0.797,0.737,3.146,0.812
5t0k,42,0,0.9487,0.8921,0.9468,0.9704,0.947,0.6245,0.9109,PepSet_dimer_output_esmfold2_msa_nonpairing,5t0k,0.906,0.929,0.911,0.747
5t0k,42,1,0.9484,0.8921,0.9465,0.9699,0.9472,0.7982,0.6779,PepSet_dimer_output_esmfold2_msa_nonpairing,5t0k,0.904,0.911,0.678,0.731
5t0k,42,2,0.9479,0.891,0.946,0.9697,0.9463,0.752,0.9587,PepSet_dimer_output_esmfold2_msa_nonpairing,5t0k,0.903,0.911,0.959,0.727
5t0k,42,3,0.9485,0.8928,0.9467,0.9701,0.9461,0.5952,0.9005,PepSet_dimer_output_esmfold2_msa_nonpairing,5t0k,0.915,0.964,0.9,0.769
5t0k,42,4,0.9469,0.8859,0.9449,0.9695,0.9402,0.6939,0.9061,PepSet_dimer_output_esmfold2_msa_nonpairing,5t0k,0.894,0.946,0.906,0.87
5t0k,43,0,0.9485,0.8929,0.9467,0.9702,0.9475,0.693,0.9848,PepSet_dimer_output_esmfold2_msa_nonpairing,5t0k,0.912,0.946,0.985,0.745
5t0k,43,1,0.9473,0.89,0.9454,0.9697,0.9457,0.74,0.8246,PepSet_dimer_output_esmfold2_msa_nonpairing,5t0k,0.915,0.946,0.825,0.729
5t0k,43,2,0.9467,0.885,0.9446,0.9688,0.9407,0.7116,0.9236,PepSet_dimer_output_esmfold2_msa_nonpairing,5t0k,0.912,0.946,0.924,0.744
5t0k,43,3,0.9484,0.8907,0.9465,0.9701,0.9466,0.7217,0.7668,PepSet_dimer_output_esmfold2_msa_nonpairing,5t0k,0.908,0.929,0.767,0.743
5t0k,43,4,0.9475,0.8884,0.9455,0.9693,0.9454,0.7639,0.8817,PepSet_dimer_output_esmfold2_msa_nonpairing,5t0k,0.901,0.929,0.882,0.784
5t0k,44,0,0.9486,0.8922,0.9467,0.9701,0.9462,0.6428,0.8834,PepSet_dimer_output_esmfold2_msa_nonpairing,5t0k,0.907,0.929,0.883,0.742
5t0k,44,1,0.9484,0.8906,0.9465,0.97,0.9447,0.6468,0.7288,PepSet_dimer_output_esmfold2_msa_nonpairing,5t0k,0.91,0.929,0.729,0.728
5t0k,44,2,0.9481,0.8933,0.9463,0.9697,0.9476,0.6644,0.8155,PepSet_dimer_output_esmfold2_msa_nonpairing,5t0k,0.92,0.964,0.815,0.74
5t0k,44,3,0.947,0.8921,0.9452,0.9691,0.9472,0.8245,1.0205,PepSet_dimer_output_esmfold2_msa_nonpairing,5t0k,0.905,0.946,1.021,0.793
5t0k,44,4,0.9475,0.8923,0.9457,0.9699,0.947,0.6899,0.6999,PepSet_dimer_output_esmfold2_msa_nonpairing,5t0k,0.91,0.946,0.7,0.775
5tgi,42,0,0.9146,0.8005,0.9003,0.9098,0.838,0.8128,1.328,PepSet_dimer_output_esmfold2_msa_nonpairing,5tgi,0.891,0.951,1.328,0.878
5tgi,42,1,0.919,0.8245,0.9072,0.9117,0.8606,0.8029,1.282,PepSet_dimer_output_esmfold2_msa_nonpairing,5tgi,0.941,0.976,1.282,0.577
5tgi,42,2,0.9194,0.825,0.9076,0.9168,0.8633,0.918,2.4137,PepSet_dimer_output_esmfold2_msa_nonpairing,5tgi,0.857,0.927,2.414,0.94
5tgi,42,3,0.922,0.8274,0.9102,0.9202,0.866,0.6975,1.4684,PepSet_dimer_output_esmfold2_msa_nonpairing,5tgi,0.915,0.951,1.468,0.694
5tgi,42,4,0.9214,0.8236,0.9092,0.9184,0.8644,0.778,1.6271,PepSet_dimer_output_esmfold2_msa_nonpairing,5tgi,0.905,0.951,1.627,0.75
5tgi,43,0,0.9184,0.8249,0.9067,0.9155,0.8561,0.75,2.3301,PepSet_dimer_output_esmfold2_msa_nonpairing,5tgi,0.892,0.951,2.33,0.764
5tgi,43,1,0.9195,0.8284,0.9081,0.9178,0.8669,0.8121,1.8883,PepSet_dimer_output_esmfold2_msa_nonpairing,5tgi,0.893,0.951,1.888,0.808
5tgi,43,2,0.9194,0.8201,0.907,0.9169,0.8623,0.8964,1.8506,PepSet_dimer_output_esmfold2_msa_nonpairing,5tgi,0.876,0.927,1.851,0.873
5tgi,43,3,0.9219,0.8286,0.9102,0.9204,0.8699,0.8269,2.2891,PepSet_dimer_output_esmfold2_msa_nonpairing,5tgi,0.877,0.951,2.289,0.872
5tgi,43,4,0.9151,0.8211,0.9034,0.9142,0.8562,0.8857,1.5006,PepSet_dimer_output_esmfold2_msa_nonpairing,5tgi,0.892,0.951,1.501,0.853
5tgi,44,0,0.919,0.8177,0.9063,0.9152,0.8566,0.8033,1.6162,PepSet_dimer_output_esmfold2_msa_nonpairing,5tgi,0.899,0.951,1.616,0.797
5tgi,44,1,0.9132,0.8117,0.9006,0.9099,0.8545,0.8737,1.7495,PepSet_dimer_output_esmfold2_msa_nonpairing,5tgi,0.88,0.927,1.75,0.856
5tgi,44,2,0.9185,0.825,0.9068,0.9171,0.8617,0.7507,1.9048,PepSet_dimer_output_esmfold2_msa_nonpairing,5tgi,0.908,0.951,1.905,0.704
5tgi,44,3,0.9208,0.8227,0.9086,0.9178,0.8692,0.858,2.5411,PepSet_dimer_output_esmfold2_msa_nonpairing,5tgi,0.844,0.951,2.541,1.068
5tgi,44,4,0.9201,0.8249,0.9082,0.9183,0.8657,0.8815,1.4674,PepSet_dimer_output_esmfold2_msa_nonpairing,5tgi,0.892,0.951,1.467,0.861
5v2p,42,0,0.9198,0.8953,0.9183,0.9431,0.9557,2.4587,0.8231,PepSet_dimer_output_esmfold2_msa_nonpairing,5v2p,0.956,0.917,0.823,0.303
5v2p,42,1,0.9208,0.8988,0.9195,0.9445,0.9597,2.2356,0.8487,PepSet_dimer_output_esmfold2_msa_nonpairing,5v2p,0.971,0.958,0.849,0.288
5v2p,42,2,0.9202,0.8925,0.9185,0.941,0.9577,2.6982,0.9794,PepSet_dimer_output_esmfold2_msa_nonpairing,5v2p,0.961,0.958,0.979,0.387
5v2p,42,3,0.9216,0.9006,0.9203,0.9458,0.9605,2.6732,0.856,PepSet_dimer_output_esmfold2_msa_nonpairing,5v2p,0.973,0.958,0.856,0.255
5v2p,42,4,0.9221,0.9015,0.9208,0.9437,0.961,2.6914,0.7473,PepSet_dimer_output_esmfold2_msa_nonpairing,5v2p,0.968,0.938,0.747,0.248
5v2p,43,0,0.9232,0.9001,0.9217,0.9456,0.96,2.623,1.3513,PepSet_dimer_output_esmfold2_msa_nonpairing,5v2p,0.965,0.958,1.351,0.302
5v2p,43,1,0.9217,0.9003,0.9204,0.9447,0.9603,2.5463,1.1434,PepSet_dimer_output_esmfold2_msa_nonpairing,5v2p,0.967,0.958,1.143,0.303
5v2p,43,2,0.9207,0.8977,0.9193,0.9426,0.9597,2.6649,1.1198,PepSet_dimer_output_esmfold2_msa_nonpairing,5v2p,0.962,0.938,1.12,0.289
5v2p,43,3,0.9231,0.8994,0.9217,0.946,0.9605,2.4703,0.814,PepSet_dimer_output_esmfold2_msa_nonpairing,5v2p,0.974,0.958,0.814,0.248
5v2p,43,4,0.9216,0.8884,0.9195,0.9438,0.954,2.6177,1.1266,PepSet_dimer_output_esmfold2_msa_nonpairing,5v2p,0.954,0.938,1.127,0.368
5v2p,44,0,0.923,0.9001,0.9216,0.9444,0.9599,2.6547,1.0908,PepSet_dimer_output_esmfold2_msa_nonpairing,5v2p,0.961,0.938,1.091,0.298
5v2p,44,1,0.9233,0.8989,0.9218,0.9447,0.9599,2.5848,1.2233,PepSet_dimer_output_esmfold2_msa_nonpairing,5v2p,0.958,0.917,1.223,0.219
5v2p,44,2,0.9212,0.8963,0.9196,0.9443,0.959,2.4055,0.8686,PepSet_dimer_output_esmfold2_msa_nonpairing,5v2p,0.97,0.958,0.869,0.293
5v2p,44,3,0.9221,0.8999,0.9207,0.9452,0.9598,2.7566,1.0677,PepSet_dimer_output_esmfold2_msa_nonpairing,5v2p,0.972,0.958,1.068,0.245
5v2p,44,4,0.9226,0.8989,0.9212,0.9452,0.9606,2.4252,0.782,PepSet_dimer_output_esmfold2_msa_nonpairing,5v2p,0.973,0.958,0.782,0.27
5v3r,42,0,0.9183,0.8339,0.9153,0.9532,0.9331,0.9416,1.954,PepSet_dimer_output_esmfold2_msa_nonpairing,5v3r,0.877,0.862,1.954,0.705
5v3r,42,1,0.9188,0.8393,0.916,0.9526,0.9351,1.025,1.8857,PepSet_dimer_output_esmfold2_msa_nonpairing,5v3r,0.881,0.862,1.886,0.685
5v3r,42,2,0.9177,0.8459,0.9151,0.9538,0.9391,0.9704,1.1779,PepSet_dimer_output_esmfold2_msa_nonpairing,5v3r,0.941,0.931,1.178,0.471
5v3r,42,3,0.9165,0.8425,0.9139,0.9535,0.9372,0.9606,1.1664,PepSet_dimer_output_esmfold2_msa_nonpairing,5v3r,0.917,0.862,1.166,0.481
5v3r,42,4,0.915,0.8447,0.9125,0.9521,0.938,0.8737,1.0711,PepSet_dimer_output_esmfold2_msa_nonpairing,5v3r,0.904,0.828,1.071,0.503
5v3r,43,0,0.918,0.8481,0.9155,0.9534,0.9397,0.962,1.4766,PepSet_dimer_output_esmfold2_msa_nonpairing,5v3r,0.922,0.897,1.477,0.501
5v3r,43,1,0.9164,0.8366,0.9136,0.9526,0.9322,0.933,1.7584,PepSet_dimer_output_esmfold2_msa_nonpairing,5v3r,0.894,0.862,1.758,0.599
5v3r,43,2,0.9148,0.8387,0.9121,0.9518,0.9288,0.993,1.7446,PepSet_dimer_output_esmfold2_msa_nonpairing,5v3r,0.861,0.828,1.745,0.758
5v3r,43,3,0.9191,0.8471,0.9166,0.9547,0.9388,0.8847,1.139,PepSet_dimer_output_esmfold2_msa_nonpairing,5v3r,0.917,0.862,1.139,0.481
5v3r,43,4,0.9179,0.832,0.9149,0.9535,0.9267,0.9407,1.9195,PepSet_dimer_output_esmfold2_msa_nonpairing,5v3r,0.849,0.828,1.919,0.827
5v3r,44,0,0.9163,0.8431,0.9137,0.953,0.9387,1.0793,1.2702,PepSet_dimer_output_esmfold2_msa_nonpairing,5v3r,0.924,0.862,1.27,0.407
5v3r,44,1,0.9154,0.8344,0.9125,0.9482,0.9261,1.9093,1.7939,PepSet_dimer_output_esmfold2_msa_nonpairing,5v3r,0.842,0.793,1.794,0.807
5v3r,44,2,0.9169,0.8389,0.9141,0.9532,0.9339,0.9452,1.809,PepSet_dimer_output_esmfold2_msa_nonpairing,5v3r,0.892,0.862,1.809,0.611
5v3r,44,3,0.9187,0.8426,0.9161,0.953,0.9362,1.0721,1.5101,PepSet_dimer_output_esmfold2_msa_nonpairing,5v3r,0.911,0.862,1.51,0.495
5v3r,44,4,0.9194,0.8477,0.9168,0.9539,0.9393,0.9568,1.2191,PepSet_dimer_output_esmfold2_msa_nonpairing,5v3r,0.922,0.862,1.219,0.431
5wfv,42,0,0.9719,0.8885,0.9693,0.9819,0.9618,0.3276,0.449,PepSet_dimer_output_esmfold2_msa_nonpairing,5wfv,0.945,0.891,0.449,0.357
5wfv,42,1,0.9719,0.8893,0.9694,0.9821,0.9622,0.3428,0.4666,PepSet_dimer_output_esmfold2_msa_nonpairing,5wfv,0.956,0.913,0.467,0.319
5wfv,42,2,0.9717,0.8894,0.9692,0.9819,0.9629,0.3316,0.4223,PepSet_dimer_output_esmfold2_msa_nonpairing,5wfv,0.943,0.891,0.422,0.379
5wfv,42,3,0.9719,0.8881,0.9693,0.982,0.9618,0.3401,0.509,PepSet_dimer_output_esmfold2_msa_nonpairing,5wfv,0.95,0.913,0.509,0.376
5wfv,42,4,0.9717,0.8863,0.9691,0.9816,0.9604,0.3264,0.5499,PepSet_dimer_output_esmfold2_msa_nonpairing,5wfv,0.943,0.891,0.55,0.377
5wfv,43,0,0.9721,0.8908,0.9696,0.982,0.9625,0.3407,0.3847,PepSet_dimer_output_esmfold2_msa_nonpairing,5wfv,0.935,0.87,0.385,0.387
5wfv,43,1,0.9721,0.8906,0.9696,0.9822,0.9632,0.3365,0.5312,PepSet_dimer_output_esmfold2_msa_nonpairing,5wfv,0.944,0.891,0.531,0.364
5wfv,43,2,0.9719,0.8904,0.9694,0.982,0.9626,0.3384,0.4828,PepSet_dimer_output_esmfold2_msa_nonpairing,5wfv,0.954,0.913,0.483,0.34
5wfv,43,3,0.9721,0.8899,0.9695,0.982,0.9631,0.3259,0.4858,PepSet_dimer_output_esmfold2_msa_nonpairing,5wfv,0.95,0.913,0.486,0.374
5wfv,43,4,0.9719,0.8751,0.9689,0.9816,0.9569,0.3218,0.9895,PepSet_dimer_output_esmfold2_msa_nonpairing,5wfv,0.933,0.891,0.99,0.44
5wfv,44,0,0.9717,0.8873,0.9691,0.9817,0.9618,0.3423,0.4812,PepSet_dimer_output_esmfold2_msa_nonpairing,5wfv,0.939,0.891,0.481,0.412
5wfv,44,1,0.9721,0.8925,0.9697,0.9821,0.9635,0.3484,0.4046,PepSet_dimer_output_esmfold2_msa_nonpairing,5wfv,0.946,0.891,0.405,0.35
5wfv,44,2,0.9716,0.8867,0.969,0.9815,0.9607,0.3241,0.3751,PepSet_dimer_output_esmfold2_msa_nonpairing,5wfv,0.954,0.913,0.375,0.338
5wfv,44,3,0.9721,0.8924,0.9696,0.9821,0.963,0.3302,0.3354,PepSet_dimer_output_esmfold2_msa_nonpairing,5wfv,0.943,0.87,0.335,0.297
5wfv,44,4,0.9718,0.8757,0.9688,0.9818,0.9573,0.3433,1.035,PepSet_dimer_output_esmfold2_msa_nonpairing,5wfv,0.938,0.913,1.035,0.457
5wyi,42,0,0.8741,0.3896,0.8475,0.87,0.2957,1.5506,33.8203,PepSet_dimer_output_esmfold2_msa_nonpairing,5wyi,0.025,0.0,33.82,11.437
5wyi,42,1,0.8795,0.4782,0.8576,0.8805,0.4396,1.9349,33.7126,PepSet_dimer_output_esmfold2_msa_nonpairing,5wyi,0.026,0.0,33.713,11.435
5wyi,42,2,0.8708,0.3115,0.8401,0.8669,0.2049,1.8192,27.7805,PepSet_dimer_output_esmfold2_msa_nonpairing,5wyi,0.036,0.0,27.78,9.926
5wyi,42,3,0.862,0.3173,0.8322,0.8583,0.2096,1.5313,22.854,PepSet_dimer_output_esmfold2_msa_nonpairing,5wyi,0.053,0.0,22.854,7.687
5wyi,42,4,0.8663,0.3833,0.8398,0.8654,0.3115,1.9611,34.0783,PepSet_dimer_output_esmfold2_msa_nonpairing,5wyi,0.025,0.0,34.078,11.473
5wyi,43,0,0.871,0.3561,0.8428,0.8657,0.2618,2.2317,33.0029,PepSet_dimer_output_esmfold2_msa_nonpairing,5wyi,0.026,0.0,33.003,11.409
5wyi,43,1,0.8642,0.321,0.8344,0.8599,0.2087,1.6455,27.2272,PepSet_dimer_output_esmfold2_msa_nonpairing,5wyi,0.037,0.0,27.227,9.835
5wyi,43,2,0.866,0.3354,0.8369,0.8622,0.2355,1.5834,27.2841,PepSet_dimer_output_esmfold2_msa_nonpairing,5wyi,0.037,0.0,27.284,9.758
5wyi,43,3,0.8696,0.3281,0.8399,0.8646,0.2117,1.7264,33.8338,PepSet_dimer_output_esmfold2_msa_nonpairing,5wyi,0.025,0.0,33.834,11.529
5wyi,43,4,0.8721,0.3704,0.8446,0.8688,0.2779,1.2269,31.9808,PepSet_dimer_output_esmfold2_msa_nonpairing,5wyi,0.028,0.0,31.981,10.904
5wyi,44,0,0.8677,0.3321,0.8384,0.8619,0.2009,1.0509,26.3739,PepSet_dimer_output_esmfold2_msa_nonpairing,5wyi,0.04,0.0,26.374,8.995
5wyi,44,1,0.8704,0.3386,0.8412,0.8674,0.2327,1.2598,24.5061,PepSet_dimer_output_esmfold2_msa_nonpairing,5wyi,0.046,0.0,24.506,8.309
5wyi,44,2,0.8679,0.3443,0.8392,0.8644,0.2545,1.765,33.8323,PepSet_dimer_output_esmfold2_msa_nonpairing,5wyi,0.025,0.0,33.832,11.431
5wyi,44,3,0.867,0.2836,0.835,0.8606,0.1662,1.7894,25.7235,PepSet_dimer_output_esmfold2_msa_nonpairing,5wyi,0.043,0.0,25.724,8.617
5wyi,44,4,0.8624,0.3392,0.8337,0.8614,0.2332,2.1187,26.8415,PepSet_dimer_output_esmfold2_msa_nonpairing,5wyi,0.038,0.0,26.842,9.57
5xhz,42,0,0.9161,0.8958,0.9129,0.9085,0.8923,1.558,1.5484,PepSet_dimer_output_esmfold2_msa_nonpairing,5xhz,0.905,0.9,1.548,0.634
5xhz,42,1,0.915,0.9001,0.9127,0.9089,0.897,1.8135,1.7727,PepSet_dimer_output_esmfold2_msa_nonpairing,5xhz,0.894,0.9,1.773,0.69
5xhz,42,2,0.918,0.9026,0.9156,0.9112,0.8988,1.5436,1.5996,PepSet_dimer_output_esmfold2_msa_nonpairing,5xhz,0.901,0.9,1.6,0.662
5xhz,42,3,0.912,0.8985,0.9099,0.9032,0.8926,1.93,1.7885,PepSet_dimer_output_esmfold2_msa_nonpairing,5xhz,0.89,0.875,1.789,0.664
5xhz,42,4,0.9156,0.9004,0.9132,0.9088,0.8963,1.7501,1.7384,PepSet_dimer_output_esmfold2_msa_nonpairing,5xhz,0.883,0.875,1.738,0.715
5xhz,43,0,0.9183,0.9032,0.9159,0.9111,0.8983,1.5526,1.5947,PepSet_dimer_output_esmfold2_msa_nonpairing,5xhz,0.893,0.875,1.595,0.662
5xhz,43,1,0.9164,0.9007,0.914,0.9095,0.8967,1.6531,1.6883,PepSet_dimer_output_esmfold2_msa_nonpairing,5xhz,0.9,0.9,1.688,0.657
5xhz,43,2,0.9156,0.8987,0.913,0.9076,0.893,1.4709,1.6122,PepSet_dimer_output_esmfold2_msa_nonpairing,5xhz,0.898,0.9,1.612,0.68
5xhz,43,3,0.9176,0.902,0.9151,0.9109,0.8981,1.604,1.7019,PepSet_dimer_output_esmfold2_msa_nonpairing,5xhz,0.892,0.9,1.702,0.713
5xhz,43,4,0.9157,0.9003,0.9133,0.9088,0.8953,1.659,1.7625,PepSet_dimer_output_esmfold2_msa_nonpairing,5xhz,0.891,0.9,1.762,0.718
5xhz,44,0,0.9166,0.9001,0.914,0.9101,0.8969,1.57,1.535,PepSet_dimer_output_esmfold2_msa_nonpairing,5xhz,0.902,0.9,1.535,0.661
5xhz,44,1,0.9166,0.8955,0.9134,0.9084,0.8896,1.6095,1.7444,PepSet_dimer_output_esmfold2_msa_nonpairing,5xhz,0.889,0.9,1.744,0.731
5xhz,44,2,0.915,0.8975,0.9123,0.9075,0.8939,1.5298,1.5953,PepSet_dimer_output_esmfold2_msa_nonpairing,5xhz,0.895,0.875,1.595,0.648
5xhz,44,3,0.9144,0.9015,0.9124,0.9089,0.898,1.7862,1.8498,PepSet_dimer_output_esmfold2_msa_nonpairing,5xhz,0.89,0.9,1.85,0.715
5xhz,44,4,0.9172,0.9039,0.9151,0.9107,0.8989,1.6761,1.7094,PepSet_dimer_output_esmfold2_msa_nonpairing,5xhz,0.895,0.9,1.709,0.691
5xxq,42,0,0.9481,0.8567,0.9457,0.9741,0.9642,1.3688,0.7426,PepSet_dimer_output_esmfold2_msa_nonpairing,5xxq,0.985,1.0,0.743,0.293
5xxq,42,1,0.9497,0.8584,0.9474,0.9741,0.9647,1.6153,0.8706,PepSet_dimer_output_esmfold2_msa_nonpairing,5xxq,0.983,1.0,0.871,0.313
5xxq,42,2,0.9465,0.8578,0.9442,0.9727,0.9649,1.3636,0.7003,PepSet_dimer_output_esmfold2_msa_nonpairing,5xxq,0.985,1.0,0.7,0.298
5xxq,42,3,0.9488,0.8547,0.9464,0.9741,0.9647,1.4053,0.8231,PepSet_dimer_output_esmfold2_msa_nonpairing,5xxq,0.983,1.0,0.823,0.307
5xxq,42,4,0.9456,0.861,0.9434,0.9723,0.9668,1.3347,0.9469,PepSet_dimer_output_esmfold2_msa_nonpairing,5xxq,0.98,1.0,0.947,0.336
5xxq,43,0,0.9487,0.8571,0.9463,0.9737,0.9648,1.5913,0.7493,PepSet_dimer_output_esmfold2_msa_nonpairing,5xxq,0.985,1.0,0.749,0.29
5xxq,43,1,0.9474,0.8574,0.9451,0.9725,0.9655,1.5337,0.868,PepSet_dimer_output_esmfold2_msa_nonpairing,5xxq,0.982,1.0,0.868,0.323
5xxq,43,2,0.9469,0.8607,0.9447,0.9731,0.9658,1.1644,0.7729,PepSet_dimer_output_esmfold2_msa_nonpairing,5xxq,0.985,1.0,0.773,0.29
5xxq,43,3,0.9467,0.8598,0.9445,0.9724,0.9666,1.2313,0.677,PepSet_dimer_output_esmfold2_msa_nonpairing,5xxq,0.978,0.976,0.677,0.29
5xxq,43,4,0.9483,0.8603,0.9461,0.9736,0.9666,1.2709,0.7508,PepSet_dimer_output_esmfold2_msa_nonpairing,5xxq,0.984,1.0,0.751,0.305
5xxq,44,0,0.9481,0.8535,0.9456,0.9735,0.9625,1.311,0.8174,PepSet_dimer_output_esmfold2_msa_nonpairing,5xxq,0.974,0.976,0.817,0.322
5xxq,44,1,0.9458,0.8603,0.9436,0.9728,0.9656,1.1741,0.8488,PepSet_dimer_output_esmfold2_msa_nonpairing,5xxq,0.974,0.976,0.849,0.323
5xxq,44,2,0.9498,0.8577,0.9474,0.9743,0.9663,1.6049,0.7409,PepSet_dimer_output_esmfold2_msa_nonpairing,5xxq,0.985,1.0,0.741,0.292
5xxq,44,3,0.9485,0.8036,0.9448,0.9721,0.9336,1.589,1.4028,PepSet_dimer_output_esmfold2_msa_nonpairing,5xxq,0.916,0.878,1.403,0.511
5xxq,44,4,0.949,0.8505,0.9464,0.9739,0.9609,1.6132,0.6692,PepSet_dimer_output_esmfold2_msa_nonpairing,5xxq,0.985,1.0,0.669,0.296
5yay,42,0,0.9491,0.7813,0.9394,0.9555,0.8784,0.5476,2.543,PepSet_dimer_output_esmfold2_msa_nonpairing,5yay,0.765,0.677,2.543,0.981
5yay,42,1,0.9502,0.7782,0.9403,0.9545,0.8771,0.5917,2.5011,PepSet_dimer_output_esmfold2_msa_nonpairing,5yay,0.775,0.726,2.501,1.034
5yay,42,2,0.9509,0.7811,0.941,0.9555,0.8734,0.6326,2.323,PepSet_dimer_output_esmfold2_msa_nonpairing,5yay,0.792,0.71,2.323,0.897
5yay,42,3,0.95,0.7538,0.9386,0.9529,0.8475,0.6355,2.9569,PepSet_dimer_output_esmfold2_msa_nonpairing,5yay,0.736,0.694,2.957,1.167
5yay,42,4,0.9511,0.7812,0.9412,0.9549,0.8765,0.5846,2.467,PepSet_dimer_output_esmfold2_msa_nonpairing,5yay,0.769,0.677,2.467,0.966
5yay,43,0,0.9502,0.7722,0.9399,0.9535,0.8693,0.5102,2.3098,PepSet_dimer_output_esmfold2_msa_nonpairing,5yay,0.783,0.71,2.31,0.963
5yay,43,1,0.9515,0.7818,0.9417,0.9564,0.8782,0.6364,2.4964,PepSet_dimer_output_esmfold2_msa_nonpairing,5yay,0.783,0.726,2.496,0.976
5yay,43,2,0.9499,0.7722,0.9396,0.9551,0.8745,0.5758,2.7031,PepSet_dimer_output_esmfold2_msa_nonpairing,5yay,0.767,0.71,2.703,1.019
5yay,43,3,0.9504,0.7791,0.9405,0.9541,0.8769,0.679,2.6298,PepSet_dimer_output_esmfold2_msa_nonpairing,5yay,0.776,0.726,2.63,1.006
5yay,43,4,0.9499,0.78,0.94,0.9549,0.8746,0.4707,2.3924,PepSet_dimer_output_esmfold2_msa_nonpairing,5yay,0.79,0.726,2.392,0.941
5yay,44,0,0.9516,0.7887,0.9422,0.9568,0.8821,0.6462,2.5188,PepSet_dimer_output_esmfold2_msa_nonpairing,5yay,0.787,0.726,2.519,0.942
5yay,44,1,0.9502,0.7819,0.9405,0.9546,0.8786,0.5508,2.593,PepSet_dimer_output_esmfold2_msa_nonpairing,5yay,0.766,0.694,2.593,1.006
5yay,44,2,0.9508,0.7771,0.9408,0.9549,0.8731,0.6755,2.3138,PepSet_dimer_output_esmfold2_msa_nonpairing,5yay,0.782,0.694,2.314,0.931
5yay,44,3,0.9497,0.7737,0.9395,0.9544,0.8731,0.5286,2.6626,PepSet_dimer_output_esmfold2_msa_nonpairing,5yay,0.757,0.694,2.663,1.063
5yay,44,4,0.9505,0.7408,0.9383,0.9538,0.8343,0.6741,2.7844,PepSet_dimer_output_esmfold2_msa_nonpairing,5yay,0.774,0.742,2.784,1.035
6b27,42,0,0.9138,0.9044,0.9131,0.9233,0.9394,1.4049,0.6526,PepSet_dimer_output_esmfold2_msa_nonpairing,6b27,0.966,1.0,0.653,0.492
6b27,42,1,0.9188,0.9022,0.9175,0.9252,0.9349,1.8994,0.9866,PepSet_dimer_output_esmfold2_msa_nonpairing,6b27,0.965,1.0,0.987,0.475
6b27,42,2,0.9365,0.9063,0.9342,0.939,0.9388,1.6007,0.8554,PepSet_dimer_output_esmfold2_msa_nonpairing,6b27,0.963,1.0,0.855,0.499
6b27,42,3,0.9141,0.8989,0.9129,0.9227,0.9323,1.5402,0.8518,PepSet_dimer_output_esmfold2_msa_nonpairing,6b27,0.942,0.935,0.852,0.499
6b27,42,4,0.908,0.9036,0.9077,0.9177,0.9384,1.1314,0.5254,PepSet_dimer_output_esmfold2_msa_nonpairing,6b27,0.971,1.0,0.525,0.455
6b27,43,0,0.9193,0.8987,0.9177,0.9255,0.9327,1.922,0.9619,PepSet_dimer_output_esmfold2_msa_nonpairing,6b27,0.962,1.0,0.962,0.502
6b27,43,1,0.9343,0.9039,0.932,0.9363,0.9379,1.6336,0.9629,PepSet_dimer_output_esmfold2_msa_nonpairing,6b27,0.958,1.0,0.963,0.539
6b27,43,2,0.936,0.9007,0.9332,0.9376,0.9335,1.5563,0.8502,PepSet_dimer_output_esmfold2_msa_nonpairing,6b27,0.963,1.0,0.85,0.505
6b27,43,3,0.9164,0.9038,0.9154,0.9226,0.9371,1.9825,0.8937,PepSet_dimer_output_esmfold2_msa_nonpairing,6b27,0.965,1.0,0.894,0.484
6b27,43,4,0.9192,0.9053,0.9181,0.9232,0.9382,1.921,1.0407,PepSet_dimer_output_esmfold2_msa_nonpairing,6b27,0.952,0.968,1.041,0.494
6b27,44,0,0.9123,0.9051,0.9118,0.9212,0.9373,1.2179,0.7881,PepSet_dimer_output_esmfold2_msa_nonpairing,6b27,0.942,0.935,0.788,0.503
6b27,44,1,0.917,0.9018,0.9158,0.9244,0.9334,1.9911,0.8657,PepSet_dimer_output_esmfold2_msa_nonpairing,6b27,0.962,1.0,0.866,0.511
6b27,44,2,0.9373,0.9036,0.9347,0.9365,0.9371,1.6226,1.102,PepSet_dimer_output_esmfold2_msa_nonpairing,6b27,0.951,1.0,1.102,0.583
6b27,44,3,0.9159,0.9034,0.915,0.9229,0.9375,1.4544,0.9049,PepSet_dimer_output_esmfold2_msa_nonpairing,6b27,0.949,0.968,0.905,0.525
6b27,44,4,0.9168,0.9024,0.9156,0.925,0.9357,1.114,0.7944,PepSet_dimer_output_esmfold2_msa_nonpairing,6b27,0.963,1.0,0.794,0.504
6co4,42,0,0.9489,0.9071,0.9443,0.9573,0.9334,1.0582,2.0473,PepSet_dimer_output_esmfold2_msa_nonpairing,6co4,0.838,0.936,2.047,1.142
6co4,42,1,0.9456,0.9,0.9405,0.9536,0.9253,1.3314,2.2291,PepSet_dimer_output_esmfold2_msa_nonpairing,6co4,0.831,0.957,2.229,1.227
6co4,42,2,0.9491,0.9057,0.9443,0.9569,0.9319,1.0756,2.142,PepSet_dimer_output_esmfold2_msa_nonpairing,6co4,0.831,0.936,2.142,1.181
6co4,42,3,0.9497,0.9046,0.9447,0.9573,0.9292,1.0645,2.077,PepSet_dimer_output_esmfold2_msa_nonpairing,6co4,0.827,0.915,2.077,1.165
6co4,42,4,0.9489,0.9061,0.9442,0.957,0.9308,1.0589,1.9721,PepSet_dimer_output_esmfold2_msa_nonpairing,6co4,0.833,0.915,1.972,1.139
6co4,43,0,0.9476,0.8995,0.9423,0.956,0.925,1.0757,2.078,PepSet_dimer_output_esmfold2_msa_nonpairing,6co4,0.834,0.936,2.078,1.167
6co4,43,1,0.9467,0.9038,0.9419,0.954,0.9282,1.248,2.091,PepSet_dimer_output_esmfold2_msa_nonpairing,6co4,0.831,0.936,2.091,1.192
6co4,43,2,0.9497,0.9038,0.9447,0.9571,0.9305,1.0886,2.1,PepSet_dimer_output_esmfold2_msa_nonpairing,6co4,0.834,0.936,2.1,1.168
6co4,43,3,0.9491,0.9059,0.9443,0.9567,0.9286,1.1135,2.061,PepSet_dimer_output_esmfold2_msa_nonpairing,6co4,0.834,0.936,2.061,1.172
6co4,43,4,0.9502,0.9078,0.9455,0.9581,0.933,1.072,2.2327,PepSet_dimer_output_esmfold2_msa_nonpairing,6co4,0.825,0.936,2.233,1.218
6co4,44,0,0.9475,0.9032,0.9426,0.9557,0.9296,1.1112,2.0956,PepSet_dimer_output_esmfold2_msa_nonpairing,6co4,0.826,0.915,2.096,1.174
6co4,44,1,0.9463,0.9021,0.9414,0.9548,0.9262,1.1649,1.9726,PepSet_dimer_output_esmfold2_msa_nonpairing,6co4,0.841,0.936,1.973,1.133
6co4,44,2,0.9486,0.9033,0.9436,0.9563,0.9292,1.0884,2.1005,PepSet_dimer_output_esmfold2_msa_nonpairing,6co4,0.833,0.936,2.101,1.174
6co4,44,3,0.9488,0.9073,0.9443,0.9568,0.9333,1.0836,2.1448,PepSet_dimer_output_esmfold2_msa_nonpairing,6co4,0.83,0.936,2.145,1.193
6co4,44,4,0.9499,0.9088,0.9454,0.9579,0.9336,1.0735,2.2498,PepSet_dimer_output_esmfold2_msa_nonpairing,6co4,0.825,0.936,2.25,1.217
6dei,42,0,0.4437,0.253,0.4171,0.2864,0.0707,10.7382,28.1073,PepSet_dimer_output_esmfold2_msa_nonpairing,6dei,0.032,0.0,28.107,14.122
6dei,42,1,0.4619,0.3241,0.4427,0.3135,0.107,13.3418,20.6428,PepSet_dimer_output_esmfold2_msa_nonpairing,6dei,0.086,0.104,20.643,15.197
6dei,42,2,0.4812,0.3146,0.458,0.3021,0.1319,6.5913,23.2514,PepSet_dimer_output_esmfold2_msa_nonpairing,6dei,0.059,0.042,23.251,10.889
6dei,42,3,0.4893,0.3176,0.4654,0.3207,0.1439,6.096,21.4801,PepSet_dimer_output_esmfold2_msa_nonpairing,6dei,0.067,0.042,21.48,9.738
6dei,42,4,0.4695,0.3311,0.4502,0.3007,0.1343,16.5835,22.5958,PepSet_dimer_output_esmfold2_msa_nonpairing,6dei,0.045,0.0,22.596,14.797
6dei,43,0,0.4833,0.2809,0.4551,0.3104,0.1034,6.8994,32.3054,PepSet_dimer_output_esmfold2_msa_nonpairing,6dei,0.025,0.0,32.305,14.357
6dei,43,1,0.4707,0.3266,0.4506,0.2988,0.1497,5.7454,20.0081,PepSet_dimer_output_esmfold2_msa_nonpairing,6dei,0.086,0.083,20.008,9.906
6dei,43,2,0.4733,0.3135,0.451,0.3023,0.1438,12.5978,25.5973,PepSet_dimer_output_esmfold2_msa_nonpairing,6dei,0.037,0.0,25.597,13.12
6dei,43,3,0.4864,0.3125,0.4622,0.3168,0.127,6.0353,20.3626,PepSet_dimer_output_esmfold2_msa_nonpairing,6dei,0.078,0.062,20.363,9.856
6dei,43,4,0.4942,0.3424,0.473,0.3289,0.1334,5.625,24.703,PepSet_dimer_output_esmfold2_msa_nonpairing,6dei,0.048,0.021,24.703,10.942
6dei,44,0,0.4905,0.3245,0.4673,0.3111,0.1265,4.6594,23.135,PepSet_dimer_output_esmfold2_msa_nonpairing,6dei,0.068,0.062,23.135,9.911
6dei,44,1,0.491,0.3397,0.4699,0.3227,0.1312,6.0004,24.8659,PepSet_dimer_output_esmfold2_msa_nonpairing,6dei,0.048,0.021,24.866,11.057
6dei,44,2,0.4921,0.3258,0.469,0.321,0.1216,5.3972,26.3826,PepSet_dimer_output_esmfold2_msa_nonpairing,6dei,0.037,0.0,26.383,11.448
6dei,44,3,0.4674,0.2648,0.4391,0.2962,0.0842,11.9543,23.2054,PepSet_dimer_output_esmfold2_msa_nonpairing,6dei,0.057,0.042,23.205,15.053
6dei,44,4,0.4896,0.3365,0.4682,0.326,0.1258,6.2216,25.8436,PepSet_dimer_output_esmfold2_msa_nonpairing,6dei,0.059,0.062,25.844,11.562
6e5x,42,0,0.8179,0.8275,0.8188,0.8297,0.8236,8.3983,5.8574,PepSet_dimer_output_esmfold2_msa_nonpairing,6e5x,0.676,0.943,5.857,1.806
6e5x,42,1,0.8141,0.8746,0.8197,0.8341,0.8692,3.7315,3.5084,PepSet_dimer_output_esmfold2_msa_nonpairing,6e5x,0.818,0.943,3.508,1.086
6e5x,42,2,0.7724,0.819,0.7767,0.7955,0.813,4.5868,3.9734,PepSet_dimer_output_esmfold2_msa_nonpairing,6e5x,0.722,0.943,3.973,1.832
6e5x,42,3,0.8282,0.8579,0.831,0.84,0.8474,8.1114,4.0781,PepSet_dimer_output_esmfold2_msa_nonpairing,6e5x,0.806,0.943,4.078,1.073
6e5x,42,4,0.7868,0.829,0.7907,0.8059,0.8242,4.5856,5.6408,PepSet_dimer_output_esmfold2_msa_nonpairing,6e5x,0.677,0.943,5.641,1.859
6e5x,43,0,0.8164,0.8653,0.8209,0.8329,0.8533,4.045,3.6637,PepSet_dimer_output_esmfold2_msa_nonpairing,6e5x,0.796,0.943,3.664,1.217
6e5x,43,1,0.8184,0.8235,0.8189,0.8296,0.8177,8.3806,5.6571,PepSet_dimer_output_esmfold2_msa_nonpairing,6e5x,0.694,0.943,5.657,1.674
6e5x,43,2,0.8154,0.8293,0.8167,0.8285,0.8285,8.3101,6.0351,PepSet_dimer_output_esmfold2_msa_nonpairing,6e5x,0.666,0.943,6.035,1.869
6e5x,43,3,0.787,0.8348,0.7915,0.8113,0.8317,2.4715,5.294,PepSet_dimer_output_esmfold2_msa_nonpairing,6e5x,0.68,0.943,5.294,1.932
6e5x,43,4,0.8175,0.8177,0.8175,0.828,0.8104,8.4208,6.116,PepSet_dimer_output_esmfold2_msa_nonpairing,6e5x,0.661,0.943,6.116,1.911
6e5x,44,0,0.7844,0.8341,0.789,0.8045,0.8325,3.4971,3.776,PepSet_dimer_output_esmfold2_msa_nonpairing,6e5x,0.751,0.971,3.776,1.674
6e5x,44,1,0.7971,0.8271,0.7999,0.8115,0.8212,4.3758,5.0312,PepSet_dimer_output_esmfold2_msa_nonpairing,6e5x,0.701,0.943,5.031,1.759
6e5x,44,2,0.8049,0.8488,0.809,0.8226,0.8359,6.5394,4.4899,PepSet_dimer_output_esmfold2_msa_nonpairing,6e5x,0.783,0.914,4.49,1.095
6e5x,44,3,0.8156,0.8249,0.8165,0.8273,0.8209,8.3516,5.8517,PepSet_dimer_output_esmfold2_msa_nonpairing,6e5x,0.689,0.943,5.852,1.671
6e5x,44,4,0.8146,0.8756,0.8202,0.8342,0.8702,3.7119,3.7878,PepSet_dimer_output_esmfold2_msa_nonpairing,6e5x,0.791,0.914,3.788,1.167
6ej7,42,0,0.9213,0.6733,0.9178,0.952,0.8423,1.2972,0.7402,PepSet_dimer_output_esmfold2_msa_nonpairing,6ej7,0.948,0.911,0.74,0.378
6ej7,42,1,0.9204,0.6687,0.9169,0.9501,0.8381,1.376,0.9112,PepSet_dimer_output_esmfold2_msa_nonpairing,6ej7,0.938,0.911,0.911,0.458
6ej7,42,2,0.9201,0.6596,0.9165,0.9505,0.8267,1.3473,1.2635,PepSet_dimer_output_esmfold2_msa_nonpairing,6ej7,0.933,0.929,1.263,0.525
6ej7,42,3,0.9212,0.6733,0.9177,0.9509,0.8428,1.333,1.0058,PepSet_dimer_output_esmfold2_msa_nonpairing,6ej7,0.937,0.911,1.006,0.462
6ej7,42,4,0.9125,0.3396,0.9045,0.9406,0.5349,1.3348,14.0392,PepSet_dimer_output_esmfold2_msa_nonpairing,6ej7,0.191,0.214,14.039,4.738
6ej7,43,0,0.9199,0.6672,0.9164,0.9498,0.8371,1.3931,1.3655,PepSet_dimer_output_esmfold2_msa_nonpairing,6ej7,0.936,0.946,1.365,0.533
6ej7,43,1,0.9216,0.6663,0.918,0.9507,0.8375,1.5338,0.9456,PepSet_dimer_output_esmfold2_msa_nonpairing,6ej7,0.937,0.911,0.946,0.462
6ej7,43,2,0.9175,0.6736,0.9141,0.9491,0.8398,1.034,0.9943,PepSet_dimer_output_esmfold2_msa_nonpairing,6ej7,0.94,0.929,0.994,0.487
6ej7,43,3,0.9215,0.6709,0.918,0.9509,0.8402,1.388,1.0793,PepSet_dimer_output_esmfold2_msa_nonpairing,6ej7,0.939,0.929,1.079,0.49
6ej7,43,4,0.921,0.6741,0.9176,0.951,0.8405,1.2481,1.2471,PepSet_dimer_output_esmfold2_msa_nonpairing,6ej7,0.929,0.911,1.247,0.503
6ej7,44,0,0.9215,0.6659,0.9179,0.9508,0.8371,1.3453,1.148,PepSet_dimer_output_esmfold2_msa_nonpairing,6ej7,0.921,0.911,1.148,0.577
6ej7,44,1,0.9217,0.6709,0.9182,0.9519,0.8371,1.3444,1.4544,PepSet_dimer_output_esmfold2_msa_nonpairing,6ej7,0.922,0.929,1.454,0.592
6ej7,44,2,0.9156,0.4842,0.9096,0.9465,0.707,1.4624,1.549,PepSet_dimer_output_esmfold2_msa_nonpairing,6ej7,0.892,0.893,1.549,0.714
6ej7,44,3,0.9122,0.351,0.9044,0.9421,0.5567,1.2592,13.1912,PepSet_dimer_output_esmfold2_msa_nonpairing,6ej7,0.239,0.321,13.191,4.473
6ej7,44,4,0.9201,0.6515,0.9164,0.9496,0.8259,1.3278,1.0868,PepSet_dimer_output_esmfold2_msa_nonpairing,6ej7,0.932,0.911,1.087,0.497
6f0w,42,0,0.9187,0.8543,0.9138,0.9488,0.9191,1.6932,0.4088,PepSet_dimer_output_esmfold2_msa_nonpairing,6f0w,0.9,0.934,0.409,0.826
6f0w,42,1,0.9199,0.8564,0.9151,0.9497,0.9203,1.6546,0.4106,PepSet_dimer_output_esmfold2_msa_nonpairing,6f0w,0.905,0.947,0.411,0.817
6f0w,42,2,0.9172,0.8546,0.9125,0.9483,0.9204,1.6373,0.4164,PepSet_dimer_output_esmfold2_msa_nonpairing,6f0w,0.907,0.947,0.416,0.807
6f0w,42,3,0.9181,0.8488,0.9128,0.9482,0.914,1.641,0.4651,PepSet_dimer_output_esmfold2_msa_nonpairing,6f0w,0.909,0.947,0.465,0.793
6f0w,42,4,0.9183,0.8514,0.9132,0.9494,0.9181,1.5676,0.5448,PepSet_dimer_output_esmfold2_msa_nonpairing,6f0w,0.907,0.961,0.545,0.832
6f0w,43,0,0.9181,0.855,0.9133,0.9481,0.9199,1.7361,0.5818,PepSet_dimer_output_esmfold2_msa_nonpairing,6f0w,0.901,0.947,0.582,0.844
6f0w,43,1,0.9152,0.8501,0.9103,0.9459,0.9192,1.7798,0.5575,PepSet_dimer_output_esmfold2_msa_nonpairing,6f0w,0.878,0.934,0.557,0.97
6f0w,43,2,0.92,0.8564,0.9152,0.9495,0.9199,1.6685,0.7408,PepSet_dimer_output_esmfold2_msa_nonpairing,6f0w,0.904,0.961,0.741,0.848
6f0w,43,3,0.919,0.8519,0.9139,0.9493,0.9181,1.6329,0.5584,PepSet_dimer_output_esmfold2_msa_nonpairing,6f0w,0.902,0.934,0.558,0.805
6f0w,43,4,0.9186,0.8553,0.9139,0.9491,0.9206,1.6749,0.4373,PepSet_dimer_output_esmfold2_msa_nonpairing,6f0w,0.903,0.947,0.437,0.833
6f0w,44,0,0.9185,0.8469,0.9131,0.9482,0.912,1.6929,0.7161,PepSet_dimer_output_esmfold2_msa_nonpairing,6f0w,0.908,0.947,0.716,0.787
6f0w,44,1,0.9158,0.8536,0.9111,0.9483,0.9187,1.6723,0.5677,PepSet_dimer_output_esmfold2_msa_nonpairing,6f0w,0.9,0.947,0.568,0.85
6f0w,44,2,0.9181,0.8446,0.9125,0.9475,0.9107,1.7089,0.4494,PepSet_dimer_output_esmfold2_msa_nonpairing,6f0w,0.905,0.947,0.449,0.82
6f0w,44,3,0.9033,0.85,0.8993,0.9385,0.9179,2.6515,0.6987,PepSet_dimer_output_esmfold2_msa_nonpairing,6f0w,0.906,0.934,0.699,0.775
6f0w,44,4,0.9197,0.8574,0.9149,0.9486,0.9225,1.6523,0.4673,PepSet_dimer_output_esmfold2_msa_nonpairing,6f0w,0.917,0.961,0.467,0.762
6f0y,42,0,0.8196,0.7065,0.8105,0.8074,0.7228,8.4759,6.0106,PepSet_dimer_output_esmfold2_msa_nonpairing,6f0y,0.538,0.773,6.011,3.266
6f0y,42,1,0.8129,0.7263,0.806,0.7993,0.7497,5.3053,8.0318,PepSet_dimer_output_esmfold2_msa_nonpairing,6f0y,0.494,0.818,8.032,3.788
6f0y,42,2,0.8181,0.7433,0.8121,0.8088,0.7624,7.3156,9.7546,PepSet_dimer_output_esmfold2_msa_nonpairing,6f0y,0.451,0.818,9.755,4.394
6f0y,42,3,0.8208,0.7166,0.8125,0.8111,0.7368,7.3443,7.239,PepSet_dimer_output_esmfold2_msa_nonpairing,6f0y,0.517,0.795,7.239,3.246
6f0y,42,4,0.8239,0.7436,0.8175,0.8142,0.7571,9.3014,10.4024,PepSet_dimer_output_esmfold2_msa_nonpairing,6f0y,0.435,0.818,10.402,4.891
6f0y,43,0,0.8202,0.7405,0.8138,0.8087,0.7496,8.8146,10.2027,PepSet_dimer_output_esmfold2_msa_nonpairing,6f0y,0.429,0.795,10.203,4.998
6f0y,43,1,0.8209,0.742,0.8146,0.8104,0.7545,4.5669,8.3788,PepSet_dimer_output_esmfold2_msa_nonpairing,6f0y,0.474,0.773,8.379,3.671
6f0y,43,2,0.8241,0.7281,0.8164,0.8111,0.7526,4.4862,7.4509,PepSet_dimer_output_esmfold2_msa_nonpairing,6f0y,0.531,0.841,7.451,3.14
6f0y,43,3,0.8167,0.7381,0.8104,0.8083,0.7445,7.5406,10.3149,PepSet_dimer_output_esmfold2_msa_nonpairing,6f0y,0.434,0.818,10.315,5.06
6f0y,43,4,0.8202,0.6751,0.8085,0.8048,0.7092,6.3535,5.5932,PepSet_dimer_output_esmfold2_msa_nonpairing,6f0y,0.558,0.795,5.593,3.193
6f0y,44,0,0.8184,0.69,0.8081,0.799,0.7048,9.4674,6.475,PepSet_dimer_output_esmfold2_msa_nonpairing,6f0y,0.524,0.818,6.475,4.015
6f0y,44,1,0.8227,0.7439,0.8164,0.8113,0.7584,10.4477,11.9366,PepSet_dimer_output_esmfold2_msa_nonpairing,6f0y,0.404,0.795,11.937,5.07
6f0y,44,2,0.8225,0.7349,0.8155,0.8071,0.7413,9.8693,11.7722,PepSet_dimer_output_esmfold2_msa_nonpairing,6f0y,0.41,0.818,11.772,5.465
6f0y,44,3,0.8228,0.7366,0.8159,0.8064,0.7492,7.3984,10.026,PepSet_dimer_output_esmfold2_msa_nonpairing,6f0y,0.429,0.773,10.026,4.639
6f0y,44,4,0.8228,0.7377,0.816,0.8138,0.7436,4.3507,9.7687,PepSet_dimer_output_esmfold2_msa_nonpairing,6f0y,0.451,0.818,9.769,4.379
6f4s,42,0,0.9475,0.4597,0.9373,0.9686,0.5918,0.2809,3.2072,PepSet_dimer_output_esmfold2_msa_nonpairing,6f4s,0.77,0.677,3.207,0.852
6f4s,42,1,0.947,0.4371,0.9363,0.9678,0.5473,0.3236,5.6538,PepSet_dimer_output_esmfold2_msa_nonpairing,6f4s,0.609,0.613,5.654,1.443
6f4s,42,2,0.9469,0.4383,0.9363,0.9675,0.5562,0.2328,3.2168,PepSet_dimer_output_esmfold2_msa_nonpairing,6f4s,0.749,0.613,3.217,0.843
6f4s,42,3,0.9464,0.4189,0.9354,0.9665,0.5102,0.3213,5.5771,PepSet_dimer_output_esmfold2_msa_nonpairing,6f4s,0.557,0.452,5.577,1.437
6f4s,42,4,0.947,0.4545,0.9368,0.9675,0.5623,0.2316,5.4499,PepSet_dimer_output_esmfold2_msa_nonpairing,6f4s,0.576,0.484,5.45,1.393
6f4s,43,0,0.9463,0.448,0.936,0.967,0.5452,0.2561,4.3393,PepSet_dimer_output_esmfold2_msa_nonpairing,6f4s,0.704,0.677,4.339,1.12
6f4s,43,1,0.9463,0.4056,0.935,0.9666,0.5137,0.2661,7.2383,PepSet_dimer_output_esmfold2_msa_nonpairing,6f4s,0.452,0.387,7.238,1.884
6f4s,43,2,0.9464,0.3998,0.935,0.9668,0.5079,0.2652,8.2525,PepSet_dimer_output_esmfold2_msa_nonpairing,6f4s,0.443,0.484,8.252,2.143
6f4s,43,3,0.9464,0.4505,0.9361,0.968,0.5741,0.2369,2.1397,PepSet_dimer_output_esmfold2_msa_nonpairing,6f4s,0.872,0.806,2.14,0.583
6f4s,43,4,0.9465,0.4271,0.9356,0.9677,0.5609,0.2318,2.2485,PepSet_dimer_output_esmfold2_msa_nonpairing,6f4s,0.856,0.774,2.249,0.605
6f4s,44,0,0.9474,0.4732,0.9375,0.9684,0.5897,0.2692,4.1154,PepSet_dimer_output_esmfold2_msa_nonpairing,6f4s,0.706,0.645,4.115,1.069
6f4s,44,1,0.9455,0.4093,0.9343,0.9659,0.5025,0.2658,8.408,PepSet_dimer_output_esmfold2_msa_nonpairing,6f4s,0.448,0.516,8.408,2.175
6f4s,44,2,0.9463,0.4493,0.9359,0.9669,0.548,0.2713,5.5462,PepSet_dimer_output_esmfold2_msa_nonpairing,6f4s,0.592,0.548,5.546,1.424
6f4s,44,3,0.9466,0.3814,0.9348,0.9667,0.4935,0.2956,6.8394,PepSet_dimer_output_esmfold2_msa_nonpairing,6f4s,0.503,0.484,6.839,1.774
6f4s,44,4,0.9463,0.4064,0.935,0.9669,0.5328,0.2885,3.1232,PepSet_dimer_output_esmfold2_msa_nonpairing,6f4s,0.778,0.677,3.123,0.808
6f6d,42,0,0.9342,0.8276,0.9304,0.9654,0.9381,1.2721,1.3337,PepSet_dimer_output_esmfold2_msa_nonpairing,6f6d,0.848,0.897,1.334,1.05
6f6d,42,1,0.9357,0.8345,0.9321,0.9659,0.94,1.1735,1.1005,PepSet_dimer_output_esmfold2_msa_nonpairing,6f6d,0.893,0.954,1.101,0.886
6f6d,42,2,0.935,0.8314,0.9313,0.9662,0.9389,1.1589,1.1395,PepSet_dimer_output_esmfold2_msa_nonpairing,6f6d,0.87,0.92,1.14,0.966
6f6d,42,3,0.9338,0.8265,0.9299,0.966,0.9369,1.2028,1.2438,PepSet_dimer_output_esmfold2_msa_nonpairing,6f6d,0.854,0.931,1.244,1.095
6f6d,42,4,0.9343,0.8338,0.9306,0.966,0.9405,1.0925,1.0878,PepSet_dimer_output_esmfold2_msa_nonpairing,6f6d,0.888,0.943,1.088,0.898
6f6d,43,0,0.9345,0.8242,0.9305,0.966,0.9367,1.2769,1.1174,PepSet_dimer_output_esmfold2_msa_nonpairing,6f6d,0.861,0.92,1.117,1.029
6f6d,43,1,0.9331,0.8204,0.929,0.9657,0.9348,1.2761,1.5422,PepSet_dimer_output_esmfold2_msa_nonpairing,6f6d,0.836,0.908,1.542,1.145
6f6d,43,2,0.9337,0.8315,0.93,0.9658,0.9403,1.1036,1.0985,PepSet_dimer_output_esmfold2_msa_nonpairing,6f6d,0.886,0.943,1.098,0.909
6f6d,43,3,0.9343,0.8211,0.9301,0.9662,0.9331,1.2589,1.1478,PepSet_dimer_output_esmfold2_msa_nonpairing,6f6d,0.87,0.908,1.148,0.938
6f6d,43,4,0.9334,0.8326,0.9297,0.9655,0.9406,1.3176,1.0488,PepSet_dimer_output_esmfold2_msa_nonpairing,6f6d,0.851,0.931,1.049,1.131
6f6d,44,0,0.9349,0.8317,0.9312,0.9661,0.9386,1.1982,1.1243,PepSet_dimer_output_esmfold2_msa_nonpairing,6f6d,0.864,0.931,1.124,1.03
6f6d,44,1,0.9336,0.8251,0.9297,0.9661,0.936,1.1643,1.2267,PepSet_dimer_output_esmfold2_msa_nonpairing,6f6d,0.857,0.897,1.227,0.994
6f6d,44,2,0.9328,0.8357,0.9293,0.9655,0.9412,1.1821,1.2514,PepSet_dimer_output_esmfold2_msa_nonpairing,6f6d,0.867,0.908,1.251,0.946
6f6d,44,3,0.9351,0.8345,0.9314,0.9667,0.9406,1.1492,1.3446,PepSet_dimer_output_esmfold2_msa_nonpairing,6f6d,0.874,0.92,1.345,0.917
6f6d,44,4,0.9341,0.8231,0.9301,0.9661,0.9365,1.2385,1.3592,PepSet_dimer_output_esmfold2_msa_nonpairing,6f6d,0.869,0.885,1.359,0.87
6fbk,42,0,0.7938,0.6057,0.7618,0.7605,0.6228,2.5738,1.1428,PepSet_dimer_output_esmfold2_msa_nonpairing,6fbk,0.854,0.947,1.143,1.142
6fbk,42,1,0.789,0.6266,0.7614,0.7573,0.5925,2.4089,2.6372,PepSet_dimer_output_esmfold2_msa_nonpairing,6fbk,0.74,0.842,2.637,1.604
6fbk,42,2,0.7853,0.601,0.754,0.7499,0.5918,2.231,2.9684,PepSet_dimer_output_esmfold2_msa_nonpairing,6fbk,0.74,0.868,2.968,1.622
6fbk,42,3,0.7899,0.6357,0.7637,0.7605,0.6026,2.7627,2.4809,PepSet_dimer_output_esmfold2_msa_nonpairing,6fbk,0.761,0.842,2.481,1.446
6fbk,42,4,0.7913,0.6235,0.7628,0.7564,0.6073,2.3078,2.2085,PepSet_dimer_output_esmfold2_msa_nonpairing,6fbk,0.773,0.868,2.209,1.459
6fbk,43,0,0.7977,0.6263,0.7685,0.7655,0.6078,2.2696,2.6558,PepSet_dimer_output_esmfold2_msa_nonpairing,6fbk,0.752,0.842,2.656,1.49
6fbk,43,1,0.7974,0.6411,0.7708,0.7665,0.6125,2.1516,2.4492,PepSet_dimer_output_esmfold2_msa_nonpairing,6fbk,0.745,0.816,2.449,1.514
6fbk,43,2,0.7966,0.6294,0.7682,0.7659,0.617,2.8973,2.4785,PepSet_dimer_output_esmfold2_msa_nonpairing,6fbk,0.767,0.868,2.479,1.463
6fbk,43,3,0.7969,0.6294,0.7685,0.7659,0.6081,2.2126,2.2695,PepSet_dimer_output_esmfold2_msa_nonpairing,6fbk,0.766,0.842,2.27,1.433
6fbk,43,4,0.8008,0.6246,0.7709,0.7688,0.6139,2.2196,2.4479,PepSet_dimer_output_esmfold2_msa_nonpairing,6fbk,0.77,0.868,2.448,1.442
6fbk,44,0,0.8011,0.646,0.7748,0.7726,0.622,2.2867,2.4032,PepSet_dimer_output_esmfold2_msa_nonpairing,6fbk,0.764,0.842,2.403,1.434
6fbk,44,1,0.7986,0.6305,0.7701,0.7681,0.6128,2.2214,2.2523,PepSet_dimer_output_esmfold2_msa_nonpairing,6fbk,0.757,0.816,2.252,1.442
6fbk,44,2,0.7975,0.5697,0.7588,0.7587,0.6175,2.2793,3.4645,PepSet_dimer_output_esmfold2_msa_nonpairing,6fbk,0.635,0.658,3.465,1.88
6fbk,44,3,0.7965,0.6305,0.7683,0.7685,0.5985,2.9691,2.7548,PepSet_dimer_output_esmfold2_msa_nonpairing,6fbk,0.737,0.789,2.755,1.453
6fbk,44,4,0.7941,0.6165,0.7639,0.7613,0.6004,2.2253,2.9325,PepSet_dimer_output_esmfold2_msa_nonpairing,6fbk,0.719,0.789,2.933,1.579
6h7b,42,0,0.9453,0.8769,0.9362,0.9435,0.8904,0.7136,2.1552,PepSet_dimer_output_esmfold2_msa_nonpairing,6h7b,0.839,0.953,2.155,1.166
6h7b,42,1,0.9455,0.8845,0.9374,0.9441,0.8907,0.3422,0.9045,PepSet_dimer_output_esmfold2_msa_nonpairing,6h7b,0.964,1.0,0.905,0.489
6h7b,42,2,0.9461,0.8801,0.9373,0.944,0.8923,0.4296,1.2653,PepSet_dimer_output_esmfold2_msa_nonpairing,6h7b,0.929,0.977,1.265,0.671
6h7b,42,3,0.9458,0.8791,0.9369,0.9439,0.8931,0.6798,2.6426,PepSet_dimer_output_esmfold2_msa_nonpairing,6h7b,0.827,1.0,2.643,1.302
6h7b,42,4,0.9456,0.874,0.936,0.9434,0.8903,0.7173,2.0198,PepSet_dimer_output_esmfold2_msa_nonpairing,6h7b,0.864,1.0,2.02,1.108
6h7b,43,0,0.946,0.888,0.9383,0.9452,0.8928,0.5614,1.3783,PepSet_dimer_output_esmfold2_msa_nonpairing,6h7b,0.916,1.0,1.378,0.808
6h7b,43,1,0.9469,0.8839,0.9385,0.9451,0.8927,0.7634,2.1242,PepSet_dimer_output_esmfold2_msa_nonpairing,6h7b,0.843,0.977,2.124,1.194
6h7b,43,2,0.9469,0.8898,0.9393,0.9461,0.8943,0.6892,1.2029,PepSet_dimer_output_esmfold2_msa_nonpairing,6h7b,0.902,0.977,1.203,0.866
6h7b,43,3,0.9463,0.8885,0.9386,0.9443,0.8899,0.7872,1.3081,PepSet_dimer_output_esmfold2_msa_nonpairing,6h7b,0.869,0.93,1.308,0.983
6h7b,43,4,0.9472,0.8857,0.939,0.946,0.8937,0.7158,1.5123,PepSet_dimer_output_esmfold2_msa_nonpairing,6h7b,0.892,1.0,1.512,0.969
6h7b,44,0,0.947,0.8902,0.9394,0.9457,0.8913,0.7589,1.7071,PepSet_dimer_output_esmfold2_msa_nonpairing,6h7b,0.877,1.0,1.707,1.055
6h7b,44,1,0.9445,0.879,0.9358,0.9426,0.885,0.4037,1.4981,PepSet_dimer_output_esmfold2_msa_nonpairing,6h7b,0.927,1.0,1.498,0.723
6h7b,44,2,0.9444,0.8767,0.9354,0.9423,0.8875,0.6362,1.7676,PepSet_dimer_output_esmfold2_msa_nonpairing,6h7b,0.87,0.953,1.768,0.986
6h7b,44,3,0.9469,0.8794,0.9379,0.945,0.8932,0.7941,1.8579,PepSet_dimer_output_esmfold2_msa_nonpairing,6h7b,0.855,0.977,1.858,1.137
6h7b,44,4,0.9462,0.8854,0.9381,0.9442,0.8902,0.8387,1.717,PepSet_dimer_output_esmfold2_msa_nonpairing,6h7b,0.868,1.0,1.717,1.114
