complex,seed,id,chain_plddt_mean_A,chain_plddt_mean_B,plddt_mean,ptm,iptm,protein_rmsd,peptide_rmsd,method,ref_pdb,dockq_score,fnat,lrmsd,irmsd
1a0n,42,0,0.8746,0.6897,0.8387,0.7841,0.6234,0.7845,5.6623,PepSet_dimer_output_esmfold2_fast_loop10_samplingsteps68,1a0n,0.596,0.783,5.662,2.23
1a0n,42,1,0.8753,0.6973,0.8407,0.791,0.6262,0.8113,3.4854,PepSet_dimer_output_esmfold2_fast_loop10_samplingsteps68,1a0n,0.697,0.783,3.485,1.653
1a0n,42,2,0.8653,0.6778,0.8289,0.7717,0.5998,0.7679,4.3013,PepSet_dimer_output_esmfold2_fast_loop10_samplingsteps68,1a0n,0.677,0.783,4.301,1.652
1a0n,42,3,0.8809,0.7112,0.8479,0.7999,0.6474,0.7587,2.8485,PepSet_dimer_output_esmfold2_fast_loop10_samplingsteps68,1a0n,0.75,0.783,2.848,1.304
1a0n,42,4,0.876,0.6816,0.8382,0.7857,0.6246,0.7757,4.561,PepSet_dimer_output_esmfold2_fast_loop10_samplingsteps68,1a0n,0.637,0.783,4.561,2.036
1a0n,43,0,0.8816,0.7138,0.849,0.7992,0.6437,0.7628,3.8464,PepSet_dimer_output_esmfold2_fast_loop10_samplingsteps68,1a0n,0.707,0.783,3.846,1.472
1a0n,43,1,0.8812,0.683,0.8427,0.7918,0.6355,0.7456,7.1414,PepSet_dimer_output_esmfold2_fast_loop10_samplingsteps68,1a0n,0.531,0.783,7.141,2.793
1a0n,43,2,0.8715,0.7107,0.8402,0.7922,0.6237,0.9094,3.2669,PepSet_dimer_output_esmfold2_fast_loop10_samplingsteps68,1a0n,0.716,0.783,3.267,1.521
1a0n,43,3,0.886,0.7141,0.8526,0.8029,0.6574,0.7625,3.622,PepSet_dimer_output_esmfold2_fast_loop10_samplingsteps68,1a0n,0.711,0.783,3.622,1.491
1a0n,43,4,0.872,0.6948,0.8375,0.7825,0.6224,0.7564,3.0937,PepSet_dimer_output_esmfold2_fast_loop10_samplingsteps68,1a0n,0.727,0.783,3.094,1.454
1a0n,44,0,0.8729,0.7061,0.8405,0.7874,0.6335,0.7854,3.2407,PepSet_dimer_output_esmfold2_fast_loop10_samplingsteps68,1a0n,0.732,0.783,3.241,1.386
1a0n,44,1,0.8761,0.6753,0.8371,0.7845,0.6356,0.8485,6.0577,PepSet_dimer_output_esmfold2_fast_loop10_samplingsteps68,1a0n,0.573,0.783,6.058,2.454
1a0n,44,2,0.8727,0.671,0.8334,0.7784,0.6078,0.7525,8.0635,PepSet_dimer_output_esmfold2_fast_loop10_samplingsteps68,1a0n,0.502,0.783,8.063,3.02
1a0n,44,3,0.8798,0.711,0.847,0.7972,0.6387,0.7312,3.9326,PepSet_dimer_output_esmfold2_fast_loop10_samplingsteps68,1a0n,0.699,0.783,3.933,1.531
1a0n,44,4,0.8731,0.7144,0.8423,0.7907,0.6346,0.8536,3.3634,PepSet_dimer_output_esmfold2_fast_loop10_samplingsteps68,1a0n,0.725,0.783,3.363,1.418
1cqg,42,0,0.7796,0.5039,0.7493,0.7749,0.3836,0.9291,16.1478,PepSet_dimer_output_esmfold2_fast_loop10_samplingsteps68,1cqg,0.168,0.25,16.148,7.684
1cqg,42,1,0.7755,0.5042,0.7456,0.7719,0.3832,0.9155,16.1258,PepSet_dimer_output_esmfold2_fast_loop10_samplingsteps68,1cqg,0.156,0.214,16.126,7.585
1cqg,42,2,0.7847,0.512,0.7546,0.7791,0.4055,0.9188,15.7046,PepSet_dimer_output_esmfold2_fast_loop10_samplingsteps68,1cqg,0.16,0.214,15.705,7.475
1cqg,42,3,0.7764,0.5068,0.7467,0.7717,0.3846,0.9406,15.7404,PepSet_dimer_output_esmfold2_fast_loop10_samplingsteps68,1cqg,0.16,0.214,15.74,7.459
1cqg,42,4,0.7768,0.5132,0.7478,0.7708,0.3939,0.9162,16.0567,PepSet_dimer_output_esmfold2_fast_loop10_samplingsteps68,1cqg,0.157,0.214,16.057,7.562
1cqg,43,0,0.7799,0.5174,0.751,0.7732,0.4035,0.9231,16.5977,PepSet_dimer_output_esmfold2_fast_loop10_samplingsteps68,1cqg,0.153,0.214,16.598,7.788
1cqg,43,1,0.7797,0.5069,0.7497,0.7762,0.395,0.9259,16.2638,PepSet_dimer_output_esmfold2_fast_loop10_samplingsteps68,1cqg,0.156,0.214,16.264,7.571
1cqg,43,2,0.7713,0.4797,0.7392,0.7635,0.3667,0.9372,17.3109,PepSet_dimer_output_esmfold2_fast_loop10_samplingsteps68,1cqg,0.159,0.25,17.311,8.304
1cqg,43,3,0.7745,0.507,0.745,0.77,0.3859,0.9436,16.3442,PepSet_dimer_output_esmfold2_fast_loop10_samplingsteps68,1cqg,0.155,0.214,16.344,7.668
1cqg,43,4,0.785,0.504,0.754,0.7787,0.3923,0.9142,16.7742,PepSet_dimer_output_esmfold2_fast_loop10_samplingsteps68,1cqg,0.151,0.214,16.774,7.89
1cqg,44,0,0.7807,0.5066,0.7505,0.7767,0.391,0.9488,14.9214,PepSet_dimer_output_esmfold2_fast_loop10_samplingsteps68,1cqg,0.168,0.214,14.921,7.028
1cqg,44,1,0.7777,0.5159,0.7489,0.774,0.4015,0.9153,15.757,PepSet_dimer_output_esmfold2_fast_loop10_samplingsteps68,1cqg,0.16,0.214,15.757,7.37
1cqg,44,2,0.7746,0.5106,0.7455,0.7677,0.3924,0.9329,16.663,PepSet_dimer_output_esmfold2_fast_loop10_samplingsteps68,1cqg,0.152,0.214,16.663,7.945
1cqg,44,3,0.7802,0.5138,0.7508,0.7769,0.3982,0.9161,15.7708,PepSet_dimer_output_esmfold2_fast_loop10_samplingsteps68,1cqg,0.16,0.214,15.771,7.415
1cqg,44,4,0.7729,0.5018,0.743,0.7669,0.3817,0.92,16.8506,PepSet_dimer_output_esmfold2_fast_loop10_samplingsteps68,1cqg,0.15,0.214,16.851,7.963
1czy,42,0,0.9379,0.8088,0.9327,0.948,0.8877,0.6401,0.6836,PepSet_dimer_output_esmfold2_fast_loop10_samplingsteps68,1czy,0.971,0.955,0.684,0.286
1czy,42,1,0.937,0.817,0.9322,0.9465,0.8875,0.8529,1.1601,PepSet_dimer_output_esmfold2_fast_loop10_samplingsteps68,1czy,0.942,0.909,1.16,0.394
1czy,42,2,0.9395,0.7956,0.9338,0.9493,0.8883,0.7685,1.9362,PepSet_dimer_output_esmfold2_fast_loop10_samplingsteps68,1czy,0.868,0.818,1.936,0.666
1czy,42,3,0.9387,0.8133,0.9337,0.948,0.886,0.7212,1.063,PepSet_dimer_output_esmfold2_fast_loop10_samplingsteps68,1czy,0.948,0.932,1.063,0.418
1czy,42,4,0.9384,0.8156,0.9335,0.9492,0.8869,0.6996,1.3057,PepSet_dimer_output_esmfold2_fast_loop10_samplingsteps68,1czy,0.936,0.909,1.306,0.435
1czy,43,0,0.9342,0.8145,0.9294,0.9439,0.8844,0.8873,0.8373,PepSet_dimer_output_esmfold2_fast_loop10_samplingsteps68,1czy,0.976,0.977,0.837,0.3
1czy,43,1,0.9368,0.798,0.9313,0.9447,0.8842,0.8853,3.2563,PepSet_dimer_output_esmfold2_fast_loop10_samplingsteps68,1czy,0.769,0.773,3.256,1.071
1czy,43,2,0.9379,0.8034,0.9325,0.9479,0.8852,0.6605,1.1553,PepSet_dimer_output_esmfold2_fast_loop10_samplingsteps68,1czy,0.919,0.841,1.155,0.401
1czy,43,3,0.9381,0.8164,0.9332,0.9476,0.8891,0.6899,0.638,PepSet_dimer_output_esmfold2_fast_loop10_samplingsteps68,1czy,0.955,0.909,0.638,0.296
1czy,43,4,0.9384,0.8129,0.9333,0.945,0.8825,0.8416,1.153,PepSet_dimer_output_esmfold2_fast_loop10_samplingsteps68,1czy,0.945,0.932,1.153,0.442
1czy,44,0,0.9394,0.8116,0.9343,0.9495,0.889,0.7072,1.0537,PepSet_dimer_output_esmfold2_fast_loop10_samplingsteps68,1czy,0.918,0.841,1.054,0.419
1czy,44,1,0.9396,0.8138,0.9346,0.9493,0.8896,0.7212,1.0073,PepSet_dimer_output_esmfold2_fast_loop10_samplingsteps68,1czy,0.938,0.886,1.007,0.372
1czy,44,2,0.9403,0.8147,0.9353,0.9493,0.8897,0.8407,0.7167,PepSet_dimer_output_esmfold2_fast_loop10_samplingsteps68,1czy,0.98,0.977,0.717,0.267
1czy,44,3,0.9389,0.808,0.9337,0.9486,0.8884,0.7168,1.2106,PepSet_dimer_output_esmfold2_fast_loop10_samplingsteps68,1czy,0.905,0.818,1.211,0.455
1czy,44,4,0.9358,0.8,0.9304,0.9479,0.8857,0.7151,1.2203,PepSet_dimer_output_esmfold2_fast_loop10_samplingsteps68,1czy,0.913,0.841,1.22,0.452
1ddv,42,0,0.923,0.8521,0.9191,0.9268,0.8383,0.5685,5.6769,PepSet_dimer_output_esmfold2_fast_loop10_samplingsteps68,1ddv,0.569,0.625,5.677,1.868
1ddv,42,1,0.9219,0.8366,0.9173,0.9242,0.8216,0.5378,5.6875,PepSet_dimer_output_esmfold2_fast_loop10_samplingsteps68,1ddv,0.549,0.562,5.688,1.864
1ddv,42,2,0.9188,0.8296,0.9139,0.9187,0.811,0.5435,5.4001,PepSet_dimer_output_esmfold2_fast_loop10_samplingsteps68,1ddv,0.586,0.625,5.4,1.766
1ddv,42,3,0.9231,0.8502,0.9191,0.9266,0.8383,0.522,5.5521,PepSet_dimer_output_esmfold2_fast_loop10_samplingsteps68,1ddv,0.555,0.562,5.552,1.826
1ddv,42,4,0.9213,0.8454,0.9171,0.9237,0.8307,0.6045,5.6206,PepSet_dimer_output_esmfold2_fast_loop10_samplingsteps68,1ddv,0.552,0.562,5.621,1.848
1ddv,43,0,0.9235,0.8494,0.9194,0.9279,0.8345,0.582,5.6346,PepSet_dimer_output_esmfold2_fast_loop10_samplingsteps68,1ddv,0.551,0.562,5.635,1.853
1ddv,43,1,0.9184,0.8373,0.914,0.9202,0.8235,0.547,5.6314,PepSet_dimer_output_esmfold2_fast_loop10_samplingsteps68,1ddv,0.551,0.562,5.631,1.85
1ddv,43,2,0.9207,0.8413,0.9164,0.9227,0.8286,0.5897,5.6722,PepSet_dimer_output_esmfold2_fast_loop10_samplingsteps68,1ddv,0.549,0.562,5.672,1.871
1ddv,43,3,0.92,0.8432,0.9158,0.9218,0.8305,0.6023,5.5171,PepSet_dimer_output_esmfold2_fast_loop10_samplingsteps68,1ddv,0.577,0.625,5.517,1.825
1ddv,43,4,0.9215,0.8386,0.917,0.9244,0.824,0.5842,5.5881,PepSet_dimer_output_esmfold2_fast_loop10_samplingsteps68,1ddv,0.553,0.562,5.588,1.844
1ddv,44,0,0.9216,0.8429,0.9173,0.9254,0.8281,0.6234,5.6909,PepSet_dimer_output_esmfold2_fast_loop10_samplingsteps68,1ddv,0.549,0.562,5.691,1.861
1ddv,44,1,0.9177,0.8396,0.9135,0.9191,0.825,0.6167,5.6927,PepSet_dimer_output_esmfold2_fast_loop10_samplingsteps68,1ddv,0.549,0.562,5.693,1.859
1ddv,44,2,0.9182,0.838,0.9138,0.919,0.8265,0.5612,5.6466,PepSet_dimer_output_esmfold2_fast_loop10_samplingsteps68,1ddv,0.571,0.625,5.647,1.856
1ddv,44,3,0.9215,0.8421,0.9172,0.9232,0.8261,0.5737,5.6833,PepSet_dimer_output_esmfold2_fast_loop10_samplingsteps68,1ddv,0.55,0.562,5.683,1.851
1ddv,44,4,0.9168,0.8052,0.9107,0.9147,0.7832,0.5703,5.8058,PepSet_dimer_output_esmfold2_fast_loop10_samplingsteps68,1ddv,0.564,0.625,5.806,1.895
1eg4,42,0,0.9452,0.6786,0.9325,0.9585,0.8056,0.8825,6.0345,PepSet_dimer_output_esmfold2_fast_loop10_samplingsteps68,1eg4,0.542,0.719,6.034,2.646
1eg4,42,1,0.947,0.6891,0.9348,0.96,0.8152,0.9864,3.0964,PepSet_dimer_output_esmfold2_fast_loop10_samplingsteps68,1eg4,0.772,0.875,3.096,1.337
1eg4,42,2,0.9477,0.6498,0.9335,0.9594,0.8132,1.0328,4.1552,PepSet_dimer_output_esmfold2_fast_loop10_samplingsteps68,1eg4,0.612,0.625,4.155,1.824
1eg4,42,3,0.9473,0.6906,0.9351,0.9607,0.8149,0.8177,3.0691,PepSet_dimer_output_esmfold2_fast_loop10_samplingsteps68,1eg4,0.745,0.781,3.069,1.309
1eg4,42,4,0.9466,0.6911,0.9344,0.9601,0.8085,1.0476,2.6527,PepSet_dimer_output_esmfold2_fast_loop10_samplingsteps68,1eg4,0.806,0.906,2.653,1.227
1eg4,43,0,0.9475,0.6947,0.9355,0.9613,0.8093,0.7236,2.1509,PepSet_dimer_output_esmfold2_fast_loop10_samplingsteps68,1eg4,0.829,0.844,2.151,0.977
1eg4,43,1,0.945,0.6891,0.9328,0.9596,0.8144,0.7456,3.0471,PepSet_dimer_output_esmfold2_fast_loop10_samplingsteps68,1eg4,0.78,0.906,3.047,1.361
1eg4,43,2,0.9458,0.6838,0.9333,0.9604,0.8167,0.7659,1.3737,PepSet_dimer_output_esmfold2_fast_loop10_samplingsteps68,1eg4,0.886,0.844,1.374,0.654
1eg4,43,3,0.947,0.6783,0.9342,0.9597,0.8057,0.9983,4.8884,PepSet_dimer_output_esmfold2_fast_loop10_samplingsteps68,1eg4,0.588,0.688,4.888,2.16
1eg4,43,4,0.9454,0.6899,0.9332,0.9601,0.8149,0.7492,1.8055,PepSet_dimer_output_esmfold2_fast_loop10_samplingsteps68,1eg4,0.815,0.75,1.805,0.895
1eg4,44,0,0.9474,0.68,0.9346,0.9604,0.8136,1.0427,3.4209,PepSet_dimer_output_esmfold2_fast_loop10_samplingsteps68,1eg4,0.74,0.844,3.421,1.45
1eg4,44,1,0.9461,0.6611,0.9325,0.9592,0.8074,0.7169,4.5136,PepSet_dimer_output_esmfold2_fast_loop10_samplingsteps68,1eg4,0.663,0.844,4.514,1.972
1eg4,44,2,0.9402,0.6826,0.928,0.9552,0.815,1.0168,5.0206,PepSet_dimer_output_esmfold2_fast_loop10_samplingsteps68,1eg4,0.631,0.812,5.021,2.097
1eg4,44,3,0.9438,0.6755,0.9311,0.9577,0.8085,0.7987,5.5147,PepSet_dimer_output_esmfold2_fast_loop10_samplingsteps68,1eg4,0.586,0.75,5.515,2.273
1eg4,44,4,0.948,0.6907,0.9358,0.9617,0.8117,1.0241,4.2309,PepSet_dimer_output_esmfold2_fast_loop10_samplingsteps68,1eg4,0.631,0.688,4.231,1.825
1f47,42,0,0.8852,0.7815,0.8742,0.9027,0.8095,0.7016,2.0826,PepSet_dimer_output_esmfold2_fast_loop10_samplingsteps68,1f47,0.861,0.906,2.083,0.902
1f47,42,1,0.8862,0.7742,0.8744,0.9016,0.8019,1.0579,2.195,PepSet_dimer_output_esmfold2_fast_loop10_samplingsteps68,1f47,0.843,0.906,2.195,1.014
1f47,42,2,0.8827,0.7792,0.8718,0.9002,0.8074,0.8569,1.8957,PepSet_dimer_output_esmfold2_fast_loop10_samplingsteps68,1f47,0.88,0.938,1.896,0.863
1f47,42,3,0.8822,0.7782,0.8712,0.9001,0.806,0.7239,1.9711,PepSet_dimer_output_esmfold2_fast_loop10_samplingsteps68,1f47,0.869,0.906,1.971,0.86
1f47,42,4,0.8799,0.7677,0.8681,0.8972,0.7921,0.8488,1.9126,PepSet_dimer_output_esmfold2_fast_loop10_samplingsteps68,1f47,0.868,0.906,1.913,0.878
1f47,43,0,0.8714,0.7555,0.8591,0.8889,0.7778,0.8473,1.5622,PepSet_dimer_output_esmfold2_fast_loop10_samplingsteps68,1f47,0.906,0.906,1.562,0.641
1f47,43,1,0.8892,0.7737,0.877,0.9051,0.8034,0.8694,2.2451,PepSet_dimer_output_esmfold2_fast_loop10_samplingsteps68,1f47,0.858,0.906,2.245,0.908
1f47,43,2,0.8793,0.7635,0.8671,0.8959,0.7867,1.1402,1.9442,PepSet_dimer_output_esmfold2_fast_loop10_samplingsteps68,1f47,0.86,0.906,1.944,0.928
1f47,43,3,0.8802,0.7777,0.8694,0.8982,0.804,0.722,1.917,PepSet_dimer_output_esmfold2_fast_loop10_samplingsteps68,1f47,0.872,0.906,1.917,0.844
1f47,43,4,0.8831,0.7783,0.872,0.9008,0.8037,0.6997,2.1342,PepSet_dimer_output_esmfold2_fast_loop10_samplingsteps68,1f47,0.859,0.906,2.134,0.914
1f47,44,0,0.8851,0.7785,0.8739,0.9026,0.8062,0.9085,2.6213,PepSet_dimer_output_esmfold2_fast_loop10_samplingsteps68,1f47,0.838,0.906,2.621,0.995
1f47,44,1,0.8814,0.7794,0.8706,0.8987,0.8071,1.0834,2.5634,PepSet_dimer_output_esmfold2_fast_loop10_samplingsteps68,1f47,0.844,0.906,2.563,0.958
1f47,44,2,0.8857,0.7817,0.8747,0.9026,0.8103,0.8286,1.9612,PepSet_dimer_output_esmfold2_fast_loop10_samplingsteps68,1f47,0.875,0.906,1.961,0.825
1f47,44,3,0.8849,0.7772,0.8735,0.9024,0.8052,0.7292,2.5504,PepSet_dimer_output_esmfold2_fast_loop10_samplingsteps68,1f47,0.837,0.906,2.55,1.014
1f47,44,4,0.8843,0.7797,0.8733,0.9016,0.8071,0.8037,2.278,PepSet_dimer_output_esmfold2_fast_loop10_samplingsteps68,1f47,0.859,0.906,2.278,0.895
1f8h,42,0,0.8449,0.7592,0.8398,0.8451,0.7674,1.0938,2.1388,PepSet_dimer_output_esmfold2_fast_loop10_samplingsteps68,1f8h,0.808,0.826,2.139,1.083
1f8h,42,1,0.8302,0.7106,0.8231,0.8287,0.6925,1.0924,2.691,PepSet_dimer_output_esmfold2_fast_loop10_samplingsteps68,1f8h,0.777,0.826,2.691,1.232
1f8h,42,2,0.8282,0.7326,0.8225,0.8254,0.7425,1.0924,1.7381,PepSet_dimer_output_esmfold2_fast_loop10_samplingsteps68,1f8h,0.766,0.652,1.738,1.016
1f8h,42,3,0.8273,0.7025,0.8199,0.8234,0.6848,1.0978,2.6885,PepSet_dimer_output_esmfold2_fast_loop10_samplingsteps68,1f8h,0.734,0.696,2.688,1.233
1f8h,42,4,0.839,0.7416,0.8332,0.8381,0.7503,1.0938,2.1267,PepSet_dimer_output_esmfold2_fast_loop10_samplingsteps68,1f8h,0.792,0.783,2.127,1.095
1f8h,43,0,0.8405,0.7546,0.8354,0.8417,0.7626,1.0943,2.152,PepSet_dimer_output_esmfold2_fast_loop10_samplingsteps68,1f8h,0.793,0.783,2.152,1.086
1f8h,43,1,0.8211,0.7228,0.8153,0.8157,0.7327,1.0944,1.9963,PepSet_dimer_output_esmfold2_fast_loop10_samplingsteps68,1f8h,0.769,0.696,1.996,1.071
1f8h,43,2,0.8277,0.7312,0.822,0.8261,0.742,1.1057,2.2606,PepSet_dimer_output_esmfold2_fast_loop10_samplingsteps68,1f8h,0.786,0.783,2.261,1.123
1f8h,43,3,0.8383,0.7525,0.8332,0.8386,0.7611,1.0883,2.0976,PepSet_dimer_output_esmfold2_fast_loop10_samplingsteps68,1f8h,0.808,0.826,2.098,1.088
1f8h,43,4,0.8352,0.7502,0.8302,0.835,0.7575,1.0861,2.2773,PepSet_dimer_output_esmfold2_fast_loop10_samplingsteps68,1f8h,0.8,0.826,2.277,1.123
1f8h,44,0,0.8319,0.7116,0.8247,0.8314,0.6867,1.1071,2.5488,PepSet_dimer_output_esmfold2_fast_loop10_samplingsteps68,1f8h,0.768,0.783,2.549,1.215
1f8h,44,1,0.8242,0.7394,0.8191,0.8245,0.7498,1.0694,2.1029,PepSet_dimer_output_esmfold2_fast_loop10_samplingsteps68,1f8h,0.794,0.783,2.103,1.084
1f8h,44,2,0.8371,0.7495,0.8319,0.839,0.7595,1.079,2.2852,PepSet_dimer_output_esmfold2_fast_loop10_samplingsteps68,1f8h,0.816,0.87,2.285,1.113
1f8h,44,3,0.837,0.7509,0.8318,0.839,0.7617,1.0849,2.0402,PepSet_dimer_output_esmfold2_fast_loop10_samplingsteps68,1f8h,0.796,0.783,2.04,1.079
1f8h,44,4,0.828,0.7446,0.823,0.8271,0.7518,1.0902,2.1127,PepSet_dimer_output_esmfold2_fast_loop10_samplingsteps68,1f8h,0.793,0.783,2.113,1.092
1j2x,42,0,0.8973,0.836,0.8847,0.8831,0.8489,2.4726,2.8344,PepSet_dimer_output_esmfold2_fast_loop10_samplingsteps68,1j2x,0.733,0.821,2.834,1.566
1j2x,42,1,0.8949,0.8332,0.8823,0.8795,0.845,2.7008,3.2132,PepSet_dimer_output_esmfold2_fast_loop10_samplingsteps68,1j2x,0.722,0.821,3.213,1.59
1j2x,42,2,0.8932,0.8272,0.8797,0.8753,0.8287,2.373,3.2326,PepSet_dimer_output_esmfold2_fast_loop10_samplingsteps68,1j2x,0.716,0.795,3.233,1.565
1j2x,42,3,0.8935,0.8403,0.8826,0.8775,0.8405,2.5634,3.2782,PepSet_dimer_output_esmfold2_fast_loop10_samplingsteps68,1j2x,0.701,0.795,3.278,1.701
1j2x,42,4,0.8899,0.8427,0.8803,0.876,0.8385,2.2061,3.28,PepSet_dimer_output_esmfold2_fast_loop10_samplingsteps68,1j2x,0.706,0.795,3.28,1.654
1j2x,43,0,0.8877,0.8401,0.878,0.8729,0.8341,1.9196,2.9189,PepSet_dimer_output_esmfold2_fast_loop10_samplingsteps68,1j2x,0.72,0.795,2.919,1.587
1j2x,43,1,0.8924,0.8412,0.8819,0.8758,0.8387,2.4924,3.6318,PepSet_dimer_output_esmfold2_fast_loop10_samplingsteps68,1j2x,0.688,0.821,3.632,1.843
1j2x,43,2,0.892,0.8382,0.881,0.876,0.8385,2.1804,3.2323,PepSet_dimer_output_esmfold2_fast_loop10_samplingsteps68,1j2x,0.7,0.795,3.232,1.724
1j2x,43,3,0.8764,0.8355,0.868,0.865,0.8291,1.7256,2.8509,PepSet_dimer_output_esmfold2_fast_loop10_samplingsteps68,1j2x,0.762,0.821,2.851,1.312
1j2x,43,4,0.8941,0.8398,0.883,0.8822,0.8481,1.8778,2.5199,PepSet_dimer_output_esmfold2_fast_loop10_samplingsteps68,1j2x,0.776,0.821,2.52,1.256
1j2x,44,0,0.8971,0.8361,0.8846,0.8831,0.8504,2.3199,3.4837,PepSet_dimer_output_esmfold2_fast_loop10_samplingsteps68,1j2x,0.69,0.821,3.484,1.869
1j2x,44,1,0.9002,0.8431,0.8885,0.8857,0.8517,2.6723,3.8677,PepSet_dimer_output_esmfold2_fast_loop10_samplingsteps68,1j2x,0.669,0.821,3.868,2.007
1j2x,44,2,0.896,0.8312,0.8827,0.8798,0.8398,2.6273,3.21,PepSet_dimer_output_esmfold2_fast_loop10_samplingsteps68,1j2x,0.746,0.872,3.21,1.524
1j2x,44,3,0.8921,0.8353,0.8805,0.8787,0.8418,1.9918,3.0771,PepSet_dimer_output_esmfold2_fast_loop10_samplingsteps68,1j2x,0.721,0.821,3.077,1.634
1j2x,44,4,0.8959,0.8365,0.8838,0.8813,0.8454,2.5657,3.0101,PepSet_dimer_output_esmfold2_fast_loop10_samplingsteps68,1j2x,0.737,0.795,3.01,1.423
1jd5,42,0,0.9473,0.9178,0.9452,0.9518,0.9381,0.8336,1.0615,PepSet_dimer_output_esmfold2_fast_loop10_samplingsteps68,1jd5,0.925,0.973,1.062,0.712
1jd5,42,1,0.9298,0.8204,0.922,0.9299,0.8534,1.1607,6.095,PepSet_dimer_output_esmfold2_fast_loop10_samplingsteps68,1jd5,0.533,0.676,6.095,2.517
1jd5,42,2,0.9464,0.9304,0.9453,0.9513,0.9548,0.9341,1.3881,PepSet_dimer_output_esmfold2_fast_loop10_samplingsteps68,1jd5,0.885,0.973,1.388,0.965
1jd5,42,3,0.9489,0.9365,0.948,0.9544,0.9603,0.7382,0.97,PepSet_dimer_output_esmfold2_fast_loop10_samplingsteps68,1jd5,0.936,0.973,0.97,0.634
1jd5,42,4,0.9474,0.9342,0.9465,0.9528,0.9579,0.8884,1.2886,PepSet_dimer_output_esmfold2_fast_loop10_samplingsteps68,1jd5,0.901,0.946,1.289,0.799
1jd5,43,0,0.9488,0.9344,0.9478,0.9545,0.9587,0.7267,1.3603,PepSet_dimer_output_esmfold2_fast_loop10_samplingsteps68,1jd5,0.906,0.946,1.36,0.756
1jd5,43,1,0.9448,0.8271,0.9364,0.9433,0.8704,0.7603,6.0926,PepSet_dimer_output_esmfold2_fast_loop10_samplingsteps68,1jd5,0.559,0.676,6.093,2.083
1jd5,43,2,0.9473,0.9355,0.9465,0.9528,0.9596,0.8267,1.5248,PepSet_dimer_output_esmfold2_fast_loop10_samplingsteps68,1jd5,0.905,0.973,1.525,0.809
1jd5,43,3,0.9483,0.9363,0.9474,0.9543,0.9602,0.7411,1.4129,PepSet_dimer_output_esmfold2_fast_loop10_samplingsteps68,1jd5,0.921,0.946,1.413,0.642
1jd5,43,4,0.9484,0.9339,0.9473,0.9542,0.9577,0.7857,1.3419,PepSet_dimer_output_esmfold2_fast_loop10_samplingsteps68,1jd5,0.932,0.973,1.342,0.637
1jd5,44,0,0.947,0.9186,0.945,0.9515,0.939,0.8949,1.2064,PepSet_dimer_output_esmfold2_fast_loop10_samplingsteps68,1jd5,0.917,0.973,1.206,0.754
1jd5,44,1,0.9454,0.9338,0.9446,0.9508,0.9581,0.6787,1.4098,PepSet_dimer_output_esmfold2_fast_loop10_samplingsteps68,1jd5,0.914,0.973,1.41,0.758
1jd5,44,2,0.9483,0.932,0.9471,0.9541,0.9564,0.8534,1.3685,PepSet_dimer_output_esmfold2_fast_loop10_samplingsteps68,1jd5,0.905,0.973,1.369,0.825
1jd5,44,3,0.9474,0.9325,0.9464,0.9521,0.9543,0.7932,1.5364,PepSet_dimer_output_esmfold2_fast_loop10_samplingsteps68,1jd5,0.902,0.946,1.536,0.767
1jd5,44,4,0.9484,0.9339,0.9473,0.9535,0.958,0.817,1.3065,PepSet_dimer_output_esmfold2_fast_loop10_samplingsteps68,1jd5,0.918,0.973,1.307,0.744
1jq8,42,0,0.941,0.5011,0.9236,0.9468,0.4768,0.6093,2.9712,PepSet_dimer_output_esmfold2_fast_loop10_samplingsteps68,1jq8,0.763,0.682,2.971,0.943
1jq8,42,1,0.94,0.4915,0.9222,0.9455,0.4617,0.5714,3.0984,PepSet_dimer_output_esmfold2_fast_loop10_samplingsteps68,1jq8,0.759,0.682,3.098,0.95
1jq8,42,2,0.9409,0.4578,0.9218,0.9452,0.417,0.5784,3.3531,PepSet_dimer_output_esmfold2_fast_loop10_samplingsteps68,1jq8,0.722,0.614,3.353,1.014
1jq8,42,3,0.9389,0.4784,0.9206,0.9444,0.4505,0.6467,3.2551,PepSet_dimer_output_esmfold2_fast_loop10_samplingsteps68,1jq8,0.724,0.614,3.255,1.012
1jq8,42,4,0.9416,0.5013,0.9242,0.9468,0.4761,0.5754,3.0035,PepSet_dimer_output_esmfold2_fast_loop10_samplingsteps68,1jq8,0.756,0.659,3.004,0.937
1jq8,43,0,0.9402,0.496,0.9226,0.9453,0.4662,0.564,3.0739,PepSet_dimer_output_esmfold2_fast_loop10_samplingsteps68,1jq8,0.76,0.682,3.074,0.948
1jq8,43,1,0.9399,0.4497,0.9205,0.9429,0.4016,0.6714,6.0339,PepSet_dimer_output_esmfold2_fast_loop10_samplingsteps68,1jq8,0.523,0.455,6.034,1.665
1jq8,43,2,0.9373,0.4108,0.9164,0.9409,0.3388,0.5597,5.3117,PepSet_dimer_output_esmfold2_fast_loop10_samplingsteps68,1jq8,0.554,0.432,5.312,1.468
1jq8,43,3,0.9409,0.4987,0.9234,0.9469,0.4728,0.5794,3.2746,PepSet_dimer_output_esmfold2_fast_loop10_samplingsteps68,1jq8,0.74,0.659,3.275,1.002
1jq8,43,4,0.9385,0.4867,0.9205,0.9428,0.4575,0.5713,3.4741,PepSet_dimer_output_esmfold2_fast_loop10_samplingsteps68,1jq8,0.738,0.682,3.474,1.038
1jq8,44,0,0.9394,0.4814,0.9213,0.945,0.4471,0.5824,3.1596,PepSet_dimer_output_esmfold2_fast_loop10_samplingsteps68,1jq8,0.74,0.636,3.16,0.969
1jq8,44,1,0.9386,0.3668,0.916,0.9409,0.2743,0.6204,8.1998,PepSet_dimer_output_esmfold2_fast_loop10_samplingsteps68,1jq8,0.401,0.364,8.2,2.187
1jq8,44,2,0.9388,0.4527,0.9195,0.943,0.4158,0.5986,3.9729,PepSet_dimer_output_esmfold2_fast_loop10_samplingsteps68,1jq8,0.679,0.591,3.973,1.158
1jq8,44,3,0.9411,0.5001,0.9236,0.9468,0.4757,0.5718,3.3186,PepSet_dimer_output_esmfold2_fast_loop10_samplingsteps68,1jq8,0.74,0.659,3.319,0.998
1jq8,44,4,0.9371,0.438,0.9173,0.9417,0.3971,0.5655,3.0527,PepSet_dimer_output_esmfold2_fast_loop10_samplingsteps68,1jq8,0.74,0.614,3.053,0.937
1jw6,42,0,0.9126,0.2958,0.8974,0.9343,0.2377,0.806,17.3041,PepSet_dimer_output_esmfold2_fast_loop10_samplingsteps68,1jw6,0.114,0.067,17.304,5.037
1jw6,42,1,0.9138,0.3301,0.8994,0.9345,0.2689,0.9145,20.7015,PepSet_dimer_output_esmfold2_fast_loop10_samplingsteps68,1jw6,0.1,0.1,20.702,6.107
1jw6,42,2,0.9039,0.2024,0.8866,0.9272,0.1007,1.0972,49.5728,PepSet_dimer_output_esmfold2_fast_loop10_samplingsteps68,1jw6,0.013,0.0,49.573,15.379
1jw6,42,3,0.9149,0.3281,0.9004,0.936,0.2717,0.6405,20.9756,PepSet_dimer_output_esmfold2_fast_loop10_samplingsteps68,1jw6,0.098,0.1,20.976,6.262
1jw6,42,4,0.9135,0.2981,0.8984,0.9349,0.2619,0.9619,17.7286,PepSet_dimer_output_esmfold2_fast_loop10_samplingsteps68,1jw6,0.11,0.067,17.729,5.22
1jw6,43,0,0.9141,0.2954,0.8988,0.9348,0.2147,0.755,18.0274,PepSet_dimer_output_esmfold2_fast_loop10_samplingsteps68,1jw6,0.106,0.067,18.027,5.549
1jw6,43,1,0.901,0.2993,0.8862,0.9271,0.2345,0.989,20.8495,PepSet_dimer_output_esmfold2_fast_loop10_samplingsteps68,1jw6,0.088,0.067,20.849,6.15
1jw6,43,2,0.9156,0.3307,0.9011,0.9369,0.3118,0.7719,19.1268,PepSet_dimer_output_esmfold2_fast_loop10_samplingsteps68,1jw6,0.099,0.067,19.127,5.643
1jw6,43,3,0.9061,0.1952,0.8885,0.9287,0.0998,0.7126,44.3923,PepSet_dimer_output_esmfold2_fast_loop10_samplingsteps68,1jw6,0.016,0.0,44.392,13.942
1jw6,43,4,0.9126,0.2954,0.8974,0.9343,0.2478,0.8528,14.2592,PepSet_dimer_output_esmfold2_fast_loop10_samplingsteps68,1jw6,0.145,0.067,14.259,4.384
1jw6,44,0,0.9112,0.2988,0.8961,0.9334,0.2499,0.7101,18.6871,PepSet_dimer_output_esmfold2_fast_loop10_samplingsteps68,1jw6,0.113,0.1,18.687,5.519
1jw6,44,1,0.9109,0.2963,0.8957,0.9321,0.2448,0.8941,20.316,PepSet_dimer_output_esmfold2_fast_loop10_samplingsteps68,1jw6,0.092,0.067,20.316,5.95
1jw6,44,2,0.9108,0.2838,0.8953,0.9317,0.2001,0.7841,20.0159,PepSet_dimer_output_esmfold2_fast_loop10_samplingsteps68,1jw6,0.07,0.0,20.016,6.033
1jw6,44,3,0.9103,0.2825,0.8948,0.9322,0.2153,0.6749,12.2032,PepSet_dimer_output_esmfold2_fast_loop10_samplingsteps68,1jw6,0.211,0.167,12.203,3.71
1jw6,44,4,0.9071,0.2829,0.8917,0.9293,0.2182,0.612,19.7915,PepSet_dimer_output_esmfold2_fast_loop10_samplingsteps68,1jw6,0.084,0.033,19.791,5.773
1l2z,42,0,0.9073,0.7417,0.8823,0.8526,0.7158,1.2272,3.7203,PepSet_dimer_output_esmfold2_fast_loop10_samplingsteps68,1l2z,0.619,0.643,3.72,1.94
1l2z,42,1,0.8962,0.7341,0.8718,0.8386,0.6864,1.1644,3.6747,PepSet_dimer_output_esmfold2_fast_loop10_samplingsteps68,1l2z,0.642,0.714,3.675,1.962
1l2z,42,2,0.9087,0.747,0.8844,0.8583,0.7073,1.2429,3.7121,PepSet_dimer_output_esmfold2_fast_loop10_samplingsteps68,1l2z,0.657,0.75,3.712,1.91
1l2z,42,3,0.9051,0.739,0.8801,0.8514,0.7069,1.1691,3.8277,PepSet_dimer_output_esmfold2_fast_loop10_samplingsteps68,1l2z,0.65,0.75,3.828,1.96
1l2z,42,4,0.9089,0.734,0.8825,0.8582,0.7019,1.2415,3.9127,PepSet_dimer_output_esmfold2_fast_loop10_samplingsteps68,1l2z,0.604,0.643,3.913,2.073
1l2z,43,0,0.9037,0.733,0.878,0.848,0.6917,1.1974,3.8878,PepSet_dimer_output_esmfold2_fast_loop10_samplingsteps68,1l2z,0.62,0.679,3.888,2.022
1l2z,43,1,0.9066,0.7421,0.8818,0.8533,0.7094,1.1936,3.0856,PepSet_dimer_output_esmfold2_fast_loop10_samplingsteps68,1l2z,0.682,0.714,3.086,1.665
1l2z,43,2,0.9079,0.7318,0.8814,0.8522,0.7133,1.1869,3.2771,PepSet_dimer_output_esmfold2_fast_loop10_samplingsteps68,1l2z,0.704,0.786,3.277,1.638
1l2z,43,3,0.8999,0.7365,0.8753,0.8464,0.693,1.1563,3.8503,PepSet_dimer_output_esmfold2_fast_loop10_samplingsteps68,1l2z,0.646,0.75,3.85,2.002
1l2z,43,4,0.9067,0.7472,0.8826,0.8558,0.7114,1.2049,3.9026,PepSet_dimer_output_esmfold2_fast_loop10_samplingsteps68,1l2z,0.63,0.679,3.903,1.888
1l2z,44,0,0.8913,0.7181,0.8652,0.8298,0.6701,1.186,2.9853,PepSet_dimer_output_esmfold2_fast_loop10_samplingsteps68,1l2z,0.659,0.643,2.985,1.679
1l2z,44,1,0.9026,0.7215,0.8753,0.8465,0.6765,1.182,4.8711,PepSet_dimer_output_esmfold2_fast_loop10_samplingsteps68,1l2z,0.585,0.714,4.871,2.354
1l2z,44,2,0.9023,0.7331,0.8768,0.8503,0.6784,1.268,3.5504,PepSet_dimer_output_esmfold2_fast_loop10_samplingsteps68,1l2z,0.653,0.714,3.55,1.86
1l2z,44,3,0.9093,0.7453,0.8846,0.854,0.7217,1.2069,3.4819,PepSet_dimer_output_esmfold2_fast_loop10_samplingsteps68,1l2z,0.645,0.679,3.482,1.84
1l2z,44,4,0.9109,0.7548,0.8874,0.8606,0.7253,1.1789,3.7082,PepSet_dimer_output_esmfold2_fast_loop10_samplingsteps68,1l2z,0.659,0.75,3.708,1.889
1lb6,42,0,0.9309,0.8996,0.9291,0.9487,0.9534,0.8543,0.5654,PepSet_dimer_output_esmfold2_fast_loop10_samplingsteps68,1lb6,0.973,0.973,0.565,0.337
1lb6,42,1,0.9296,0.898,0.9279,0.9481,0.9518,1.2953,0.6477,PepSet_dimer_output_esmfold2_fast_loop10_samplingsteps68,1lb6,0.972,0.973,0.648,0.348
1lb6,42,2,0.9294,0.8974,0.9276,0.9493,0.9527,1.2874,0.7507,PepSet_dimer_output_esmfold2_fast_loop10_samplingsteps68,1lb6,0.968,0.973,0.751,0.378
1lb6,42,3,0.9279,0.8993,0.9264,0.9465,0.9532,1.2319,0.7052,PepSet_dimer_output_esmfold2_fast_loop10_samplingsteps68,1lb6,0.971,0.973,0.705,0.36
1lb6,42,4,0.9306,0.8991,0.9289,0.9484,0.9532,1.2287,0.6442,PepSet_dimer_output_esmfold2_fast_loop10_samplingsteps68,1lb6,0.972,0.973,0.644,0.348
1lb6,43,0,0.9317,0.8993,0.9299,0.9498,0.9533,1.1726,0.6078,PepSet_dimer_output_esmfold2_fast_loop10_samplingsteps68,1lb6,0.974,0.973,0.608,0.332
1lb6,43,1,0.9293,0.8981,0.9276,0.9472,0.952,1.2329,0.7202,PepSet_dimer_output_esmfold2_fast_loop10_samplingsteps68,1lb6,0.969,0.973,0.72,0.377
1lb6,43,2,0.9264,0.8976,0.9249,0.9456,0.9522,0.8833,0.615,PepSet_dimer_output_esmfold2_fast_loop10_samplingsteps68,1lb6,0.972,0.973,0.615,0.348
1lb6,43,3,0.93,0.8998,0.9283,0.9481,0.9541,1.3003,0.6049,PepSet_dimer_output_esmfold2_fast_loop10_samplingsteps68,1lb6,0.964,0.946,0.605,0.345
1lb6,43,4,0.9294,0.8991,0.9277,0.9481,0.953,1.0401,0.5288,PepSet_dimer_output_esmfold2_fast_loop10_samplingsteps68,1lb6,0.976,0.973,0.529,0.313
1lb6,44,0,0.9302,0.8984,0.9284,0.9487,0.953,0.8653,0.6566,PepSet_dimer_output_esmfold2_fast_loop10_samplingsteps68,1lb6,0.971,0.973,0.657,0.356
1lb6,44,1,0.93,0.8916,0.9279,0.9481,0.9458,1.1199,0.7119,PepSet_dimer_output_esmfold2_fast_loop10_samplingsteps68,1lb6,0.96,0.946,0.712,0.376
1lb6,44,2,0.9279,0.8971,0.9262,0.9463,0.9511,0.9709,0.7121,PepSet_dimer_output_esmfold2_fast_loop10_samplingsteps68,1lb6,0.961,0.946,0.712,0.362
1lb6,44,3,0.9306,0.9009,0.9289,0.9485,0.9544,1.0733,0.6286,PepSet_dimer_output_esmfold2_fast_loop10_samplingsteps68,1lb6,0.972,0.973,0.629,0.35
1lb6,44,4,0.9296,0.8905,0.9274,0.948,0.9405,1.1103,0.9391,PepSet_dimer_output_esmfold2_fast_loop10_samplingsteps68,1lb6,0.954,0.946,0.939,0.419
1mf4,42,0,0.9453,0.4129,0.9239,0.9496,0.3841,0.2436,4.4168,PepSet_dimer_output_esmfold2_fast_loop10_samplingsteps68,1mf4,0.58,0.343,4.417,1.203
1mf4,42,1,0.9424,0.389,0.9201,0.9466,0.331,0.2819,6.318,PepSet_dimer_output_esmfold2_fast_loop10_samplingsteps68,1mf4,0.532,0.514,6.318,1.698
1mf4,42,2,0.9449,0.4654,0.9256,0.9511,0.451,0.3193,4.9039,PepSet_dimer_output_esmfold2_fast_loop10_samplingsteps68,1mf4,0.635,0.6,4.904,1.347
1mf4,42,3,0.9452,0.4326,0.9246,0.9505,0.419,0.2475,6.9487,PepSet_dimer_output_esmfold2_fast_loop10_samplingsteps68,1mf4,0.491,0.486,6.949,1.881
1mf4,42,4,0.9435,0.4181,0.9223,0.9477,0.3838,0.2402,8.0465,PepSet_dimer_output_esmfold2_fast_loop10_samplingsteps68,1mf4,0.454,0.514,8.046,2.186
1mf4,43,0,0.9452,0.4237,0.9242,0.9491,0.4095,0.2455,7.2064,PepSet_dimer_output_esmfold2_fast_loop10_samplingsteps68,1mf4,0.451,0.4,7.206,1.954
1mf4,43,1,0.9461,0.4193,0.9248,0.9506,0.4093,0.2765,6.7447,PepSet_dimer_output_esmfold2_fast_loop10_samplingsteps68,1mf4,0.5,0.486,6.745,1.832
1mf4,43,2,0.9436,0.4101,0.9221,0.9489,0.381,0.2324,8.7865,PepSet_dimer_output_esmfold2_fast_loop10_samplingsteps68,1mf4,0.398,0.429,8.787,2.389
1mf4,43,3,0.9474,0.417,0.926,0.95,0.3769,0.2553,9.2376,PepSet_dimer_output_esmfold2_fast_loop10_samplingsteps68,1mf4,0.355,0.343,9.238,2.505
1mf4,43,4,0.9474,0.4349,0.9267,0.9509,0.4128,0.2519,5.2204,PepSet_dimer_output_esmfold2_fast_loop10_samplingsteps68,1mf4,0.627,0.629,5.22,1.427
1mf4,44,0,0.9449,0.4148,0.9235,0.9496,0.3907,0.2968,7.8646,PepSet_dimer_output_esmfold2_fast_loop10_samplingsteps68,1mf4,0.423,0.4,7.865,2.136
1mf4,44,1,0.9454,0.3962,0.9233,0.9472,0.3319,0.2563,9.7334,PepSet_dimer_output_esmfold2_fast_loop10_samplingsteps68,1mf4,0.332,0.314,9.733,2.611
1mf4,44,2,0.9459,0.4188,0.9246,0.9493,0.3829,0.2441,7.969,PepSet_dimer_output_esmfold2_fast_loop10_samplingsteps68,1mf4,0.419,0.4,7.969,2.167
1mf4,44,3,0.9452,0.4172,0.9239,0.9486,0.3685,0.2287,8.7297,PepSet_dimer_output_esmfold2_fast_loop10_samplingsteps68,1mf4,0.382,0.371,8.73,2.361
1mf4,44,4,0.9444,0.4053,0.9226,0.9482,0.3778,0.2614,7.1506,PepSet_dimer_output_esmfold2_fast_loop10_samplingsteps68,1mf4,0.482,0.486,7.151,1.933
1mv0,42,0,0.8382,0.5356,0.7936,0.7872,0.3451,1.7496,4.378,PepSet_dimer_output_esmfold2_fast_loop10_samplingsteps68,1mv0,0.531,0.465,4.378,2.104
1mv0,42,1,0.8425,0.5292,0.7964,0.7935,0.3411,1.797,5.4989,PepSet_dimer_output_esmfold2_fast_loop10_samplingsteps68,1mv0,0.508,0.535,5.499,2.376
1mv0,42,2,0.8198,0.5319,0.7774,0.77,0.3463,1.7767,6.5501,PepSet_dimer_output_esmfold2_fast_loop10_samplingsteps68,1mv0,0.421,0.419,6.55,2.846
1mv0,42,3,0.8471,0.5309,0.8005,0.799,0.3487,1.7356,11.9441,PepSet_dimer_output_esmfold2_fast_loop10_samplingsteps68,1mv0,0.255,0.349,11.944,5.062
1mv0,42,4,0.8353,0.5521,0.7936,0.7887,0.3793,1.7693,10.2909,PepSet_dimer_output_esmfold2_fast_loop10_samplingsteps68,1mv0,0.309,0.419,10.291,4.445
1mv0,43,0,0.8428,0.5248,0.7959,0.7921,0.3326,1.7389,3.8927,PepSet_dimer_output_esmfold2_fast_loop10_samplingsteps68,1mv0,0.572,0.512,3.893,1.926
1mv0,43,1,0.8434,0.5187,0.7955,0.7896,0.3463,1.7296,6.6137,PepSet_dimer_output_esmfold2_fast_loop10_samplingsteps68,1mv0,0.409,0.395,6.614,2.922
1mv0,43,2,0.8284,0.5554,0.7882,0.7829,0.3811,1.7112,9.1454,PepSet_dimer_output_esmfold2_fast_loop10_samplingsteps68,1mv0,0.322,0.372,9.145,3.886
1mv0,43,3,0.8295,0.5478,0.788,0.7848,0.3691,1.7933,8.0068,PepSet_dimer_output_esmfold2_fast_loop10_samplingsteps68,1mv0,0.353,0.372,8.007,3.475
1mv0,43,4,0.8362,0.529,0.7909,0.7872,0.3368,1.7378,8.9189,PepSet_dimer_output_esmfold2_fast_loop10_samplingsteps68,1mv0,0.327,0.372,8.919,3.847
1mv0,44,0,0.823,0.5279,0.7795,0.781,0.334,1.8538,6.3204,PepSet_dimer_output_esmfold2_fast_loop10_samplingsteps68,1mv0,0.449,0.488,6.32,2.874
1mv0,44,1,0.8183,0.5383,0.7771,0.7695,0.347,1.731,8.0629,PepSet_dimer_output_esmfold2_fast_loop10_samplingsteps68,1mv0,0.351,0.372,8.063,3.497
1mv0,44,2,0.8277,0.5388,0.7851,0.7782,0.3626,1.7776,10.7476,PepSet_dimer_output_esmfold2_fast_loop10_samplingsteps68,1mv0,0.278,0.349,10.748,4.521
1mv0,44,3,0.8369,0.5278,0.7914,0.7886,0.343,1.7392,9.3265,PepSet_dimer_output_esmfold2_fast_loop10_samplingsteps68,1mv0,0.307,0.349,9.327,4.076
1mv0,44,4,0.8304,0.5082,0.7829,0.7777,0.3214,1.8487,7.7869,PepSet_dimer_output_esmfold2_fast_loop10_samplingsteps68,1mv0,0.391,0.465,7.787,3.383
1nrl,42,0,0.9184,0.8971,0.9173,0.9572,0.9669,2.4897,0.6846,PepSet_dimer_output_esmfold2_fast_loop10_samplingsteps68,1nrl,0.956,0.974,0.685,0.498
1nrl,42,1,0.9136,0.8958,0.9127,0.9541,0.9662,2.5534,0.8206,PepSet_dimer_output_esmfold2_fast_loop10_samplingsteps68,1nrl,0.948,0.974,0.821,0.557
1nrl,42,2,0.9134,0.8947,0.9124,0.9531,0.9654,2.5183,0.8099,PepSet_dimer_output_esmfold2_fast_loop10_samplingsteps68,1nrl,0.947,1.0,0.81,0.633
1nrl,42,3,0.9176,0.8957,0.9165,0.9562,0.9661,2.5494,0.8224,PepSet_dimer_output_esmfold2_fast_loop10_samplingsteps68,1nrl,0.953,1.0,0.822,0.584
1nrl,42,4,0.9179,0.8969,0.9168,0.9566,0.9673,2.4962,0.7377,PepSet_dimer_output_esmfold2_fast_loop10_samplingsteps68,1nrl,0.963,1.0,0.738,0.511
1nrl,43,0,0.9176,0.8826,0.9158,0.956,0.9606,2.5419,0.992,PepSet_dimer_output_esmfold2_fast_loop10_samplingsteps68,1nrl,0.951,1.0,0.992,0.588
1nrl,43,1,0.9189,0.8976,0.9178,0.9574,0.9671,2.5705,0.7692,PepSet_dimer_output_esmfold2_fast_loop10_samplingsteps68,1nrl,0.964,1.0,0.769,0.496
1nrl,43,2,0.9189,0.8984,0.9179,0.9573,0.9681,2.5389,0.6691,PepSet_dimer_output_esmfold2_fast_loop10_samplingsteps68,1nrl,0.962,1.0,0.669,0.519
1nrl,43,3,0.9178,0.8971,0.9168,0.9566,0.9671,2.5349,0.7506,PepSet_dimer_output_esmfold2_fast_loop10_samplingsteps68,1nrl,0.93,0.947,0.751,0.63
1nrl,43,4,0.9173,0.8957,0.9162,0.9565,0.9665,2.5336,0.6253,PepSet_dimer_output_esmfold2_fast_loop10_samplingsteps68,1nrl,0.942,1.0,0.625,0.678
1nrl,44,0,0.9182,0.8942,0.917,0.9572,0.9656,2.5566,0.7403,PepSet_dimer_output_esmfold2_fast_loop10_samplingsteps68,1nrl,0.947,0.974,0.74,0.571
1nrl,44,1,0.9168,0.8739,0.9146,0.9556,0.9554,2.5042,1.0073,PepSet_dimer_output_esmfold2_fast_loop10_samplingsteps68,1nrl,0.94,0.947,1.007,0.535
1nrl,44,2,0.917,0.8967,0.916,0.956,0.9669,2.5055,0.7592,PepSet_dimer_output_esmfold2_fast_loop10_samplingsteps68,1nrl,0.967,1.0,0.759,0.476
1nrl,44,3,0.9168,0.8907,0.9154,0.9555,0.9636,2.5539,0.7918,PepSet_dimer_output_esmfold2_fast_loop10_samplingsteps68,1nrl,0.948,0.947,0.792,0.482
1nrl,44,4,0.9185,0.8971,0.9174,0.9572,0.9671,2.502,0.7792,PepSet_dimer_output_esmfold2_fast_loop10_samplingsteps68,1nrl,0.956,1.0,0.779,0.562
1nvq,42,0,0.9381,0.6583,0.9329,0.9573,0.688,0.706,0.8089,PepSet_dimer_output_esmfold2_fast_loop10_samplingsteps68,1nvq,0.958,0.96,0.809,0.433
1nvq,42,1,0.9382,0.6568,0.933,0.9573,0.6906,0.6831,0.9412,PepSet_dimer_output_esmfold2_fast_loop10_samplingsteps68,1nvq,0.957,0.96,0.941,0.429
1nvq,42,2,0.9348,0.6721,0.9299,0.9539,0.6993,1.3563,0.8318,PepSet_dimer_output_esmfold2_fast_loop10_samplingsteps68,1nvq,0.964,0.96,0.832,0.377
1nvq,42,3,0.9362,0.6547,0.931,0.9556,0.6866,0.7194,0.7601,PepSet_dimer_output_esmfold2_fast_loop10_samplingsteps68,1nvq,0.95,0.92,0.76,0.383
1nvq,42,4,0.9264,0.3155,0.9151,0.9444,0.3094,2.196,12.6247,PepSet_dimer_output_esmfold2_fast_loop10_samplingsteps68,1nvq,0.242,0.32,12.625,4.663
1nvq,43,0,0.9384,0.6647,0.9333,0.9571,0.6971,0.6904,1.1104,PepSet_dimer_output_esmfold2_fast_loop10_samplingsteps68,1nvq,0.94,0.92,1.11,0.45
1nvq,43,1,0.9384,0.6638,0.9333,0.9571,0.6891,0.7234,0.768,PepSet_dimer_output_esmfold2_fast_loop10_samplingsteps68,1nvq,0.962,0.96,0.768,0.397
1nvq,43,2,0.9381,0.6751,0.9332,0.9574,0.7062,0.7142,0.6844,PepSet_dimer_output_esmfold2_fast_loop10_samplingsteps68,1nvq,0.967,0.96,0.684,0.358
1nvq,43,3,0.9363,0.6601,0.9311,0.954,0.6944,1.2906,0.738,PepSet_dimer_output_esmfold2_fast_loop10_samplingsteps68,1nvq,0.95,0.92,0.738,0.385
1nvq,43,4,0.9386,0.6572,0.9334,0.9573,0.6883,0.6496,0.9321,PepSet_dimer_output_esmfold2_fast_loop10_samplingsteps68,1nvq,0.96,0.96,0.932,0.406
1nvq,44,0,0.9331,0.2301,0.92,0.9516,0.1453,0.6223,19.5812,PepSet_dimer_output_esmfold2_fast_loop10_samplingsteps68,1nvq,0.071,0.0,19.581,6.296
1nvq,44,1,0.9395,0.6755,0.9346,0.9584,0.707,0.6277,0.7974,PepSet_dimer_output_esmfold2_fast_loop10_samplingsteps68,1nvq,0.949,0.92,0.797,0.391
1nvq,44,2,0.9258,0.2371,0.913,0.9441,0.1424,1.9,20.4285,PepSet_dimer_output_esmfold2_fast_loop10_samplingsteps68,1nvq,0.064,0.0,20.429,6.842
1nvq,44,3,0.939,0.6682,0.934,0.9579,0.6994,0.6307,0.6838,PepSet_dimer_output_esmfold2_fast_loop10_samplingsteps68,1nvq,0.952,0.92,0.684,0.374
1nvq,44,4,0.9381,0.6511,0.9327,0.9572,0.6819,0.6566,0.8908,PepSet_dimer_output_esmfold2_fast_loop10_samplingsteps68,1nvq,0.954,0.96,0.891,0.463
1o0p,42,0,0.7856,0.5572,0.7603,0.7627,0.4952,1.8705,5.549,PepSet_dimer_output_esmfold2_fast_loop10_samplingsteps68,1o0p,0.493,0.475,5.549,2.275
1o0p,42,1,0.7797,0.5477,0.754,0.7583,0.4904,1.9276,5.826,PepSet_dimer_output_esmfold2_fast_loop10_samplingsteps68,1o0p,0.467,0.475,5.826,2.625
1o0p,42,2,0.7874,0.5528,0.7613,0.7626,0.4979,1.8701,7.2276,PepSet_dimer_output_esmfold2_fast_loop10_samplingsteps68,1o0p,0.423,0.5,7.228,3.106
1o0p,42,3,0.7862,0.559,0.7609,0.7626,0.4977,1.8849,4.8307,PepSet_dimer_output_esmfold2_fast_loop10_samplingsteps68,1o0p,0.576,0.6,4.831,1.948
1o0p,42,4,0.7827,0.5436,0.7561,0.758,0.4679,1.8288,5.6019,PepSet_dimer_output_esmfold2_fast_loop10_samplingsteps68,1o0p,0.531,0.6,5.602,2.313
1o0p,43,0,0.7913,0.5568,0.7652,0.7672,0.5105,1.8456,6.9609,PepSet_dimer_output_esmfold2_fast_loop10_samplingsteps68,1o0p,0.424,0.475,6.961,3.011
1o0p,43,1,0.7749,0.5512,0.7501,0.7502,0.4785,1.9426,8.324,PepSet_dimer_output_esmfold2_fast_loop10_samplingsteps68,1o0p,0.386,0.5,8.324,3.622
1o0p,43,2,0.784,0.5505,0.7581,0.7577,0.4992,1.846,6.5853,PepSet_dimer_output_esmfold2_fast_loop10_samplingsteps68,1o0p,0.438,0.475,6.585,2.864
1o0p,43,3,0.777,0.5532,0.7522,0.7531,0.491,1.9288,5.6462,PepSet_dimer_output_esmfold2_fast_loop10_samplingsteps68,1o0p,0.492,0.5,5.646,2.4
1o0p,43,4,0.783,0.5573,0.7579,0.7605,0.5008,1.9436,6.2701,PepSet_dimer_output_esmfold2_fast_loop10_samplingsteps68,1o0p,0.452,0.475,6.27,2.723
1o0p,44,0,0.7884,0.5393,0.7607,0.7637,0.5022,1.8432,7.6265,PepSet_dimer_output_esmfold2_fast_loop10_samplingsteps68,1o0p,0.383,0.425,7.627,3.314
1o0p,44,1,0.7815,0.557,0.7566,0.7572,0.4989,1.8942,6.0168,PepSet_dimer_output_esmfold2_fast_loop10_samplingsteps68,1o0p,0.467,0.475,6.017,2.535
1o0p,44,2,0.7809,0.5569,0.756,0.7575,0.4958,1.9506,8.0066,PepSet_dimer_output_esmfold2_fast_loop10_samplingsteps68,1o0p,0.42,0.575,8.007,3.518
1o0p,44,3,0.791,0.5671,0.7661,0.7688,0.5139,1.8195,6.1704,PepSet_dimer_output_esmfold2_fast_loop10_samplingsteps68,1o0p,0.471,0.5,6.17,2.536
1o0p,44,4,0.7873,0.5538,0.7613,0.763,0.5086,1.8474,5.7805,PepSet_dimer_output_esmfold2_fast_loop10_samplingsteps68,1o0p,0.481,0.5,5.781,2.542
1p7v,42,0,0.9597,0.4526,0.9472,0.9693,0.5554,0.1618,6.8028,PepSet_dimer_output_esmfold2_fast_loop10_samplingsteps68,1p7v,0.419,0.265,6.803,1.903
1p7v,42,1,0.9593,0.3998,0.9456,0.9685,0.4991,0.1669,5.7126,PepSet_dimer_output_esmfold2_fast_loop10_samplingsteps68,1p7v,0.487,0.306,5.713,1.608
1p7v,42,2,0.9612,0.4552,0.9488,0.9703,0.5516,0.1674,7.1956,PepSet_dimer_output_esmfold2_fast_loop10_samplingsteps68,1p7v,0.411,0.286,7.196,1.981
1p7v,42,3,0.9604,0.3743,0.946,0.97,0.4374,0.1632,11.4536,PepSet_dimer_output_esmfold2_fast_loop10_samplingsteps68,1p7v,0.258,0.245,11.454,3.261
1p7v,42,4,0.9595,0.4421,0.9469,0.9699,0.5354,0.1731,5.6961,PepSet_dimer_output_esmfold2_fast_loop10_samplingsteps68,1p7v,0.502,0.347,5.696,1.601
1p7v,43,0,0.9619,0.3787,0.9476,0.9713,0.4471,0.1469,11.9016,PepSet_dimer_output_esmfold2_fast_loop10_samplingsteps68,1p7v,0.249,0.245,11.902,3.385
1p7v,43,1,0.9581,0.4523,0.9457,0.9676,0.5484,0.1588,6.7309,PepSet_dimer_output_esmfold2_fast_loop10_samplingsteps68,1p7v,0.415,0.245,6.731,1.892
1p7v,43,2,0.9581,0.3936,0.9443,0.9687,0.4714,0.1662,3.2781,PepSet_dimer_output_esmfold2_fast_loop10_samplingsteps68,1p7v,0.721,0.571,3.278,0.93
1p7v,43,3,0.9596,0.4243,0.9465,0.9695,0.5227,0.1754,5.3456,PepSet_dimer_output_esmfold2_fast_loop10_samplingsteps68,1p7v,0.521,0.347,5.346,1.506
1p7v,43,4,0.9593,0.4506,0.9469,0.9693,0.5548,0.1691,6.8145,PepSet_dimer_output_esmfold2_fast_loop10_samplingsteps68,1p7v,0.419,0.265,6.814,1.908
1p7v,44,0,0.961,0.3714,0.9465,0.9705,0.4407,0.1663,11.6542,PepSet_dimer_output_esmfold2_fast_loop10_samplingsteps68,1p7v,0.261,0.265,11.654,3.317
1p7v,44,1,0.962,0.3726,0.9476,0.971,0.4408,0.1724,11.8333,PepSet_dimer_output_esmfold2_fast_loop10_samplingsteps68,1p7v,0.25,0.245,11.833,3.365
1p7v,44,2,0.9595,0.4545,0.9472,0.9693,0.545,0.1596,6.3294,PepSet_dimer_output_esmfold2_fast_loop10_samplingsteps68,1p7v,0.457,0.306,6.329,1.761
1p7v,44,3,0.9595,0.361,0.9448,0.9692,0.4236,0.1695,11.2805,PepSet_dimer_output_esmfold2_fast_loop10_samplingsteps68,1p7v,0.269,0.265,11.281,3.21
1p7v,44,4,0.9628,0.4713,0.9508,0.9717,0.5629,0.1519,7.2893,PepSet_dimer_output_esmfold2_fast_loop10_samplingsteps68,1p7v,0.4,0.265,7.289,2.006
1pmx,42,0,0.6959,0.7794,0.7115,0.6316,0.6992,7.0598,4.743,PepSet_dimer_output_esmfold2_fast_loop10_samplingsteps68,1pmx,0.803,0.957,4.743,1.007
1pmx,42,1,0.6948,0.7813,0.7109,0.6339,0.7022,5.5121,6.2469,PepSet_dimer_output_esmfold2_fast_loop10_samplingsteps68,1pmx,0.785,1.0,6.247,0.966
1pmx,42,2,0.6829,0.7561,0.6965,0.6148,0.6622,5.107,5.8371,PepSet_dimer_output_esmfold2_fast_loop10_samplingsteps68,1pmx,0.652,0.826,5.837,1.653
1pmx,42,3,0.7036,0.7815,0.7181,0.6365,0.6975,5.1189,3.8744,PepSet_dimer_output_esmfold2_fast_loop10_samplingsteps68,1pmx,0.806,0.957,3.874,1.141
1pmx,42,4,0.7007,0.7778,0.715,0.6352,0.695,3.5384,3.5042,PepSet_dimer_output_esmfold2_fast_loop10_samplingsteps68,1pmx,0.84,0.957,3.504,0.96
1pmx,43,0,0.688,0.7684,0.703,0.6204,0.6789,6.4449,4.3571,PepSet_dimer_output_esmfold2_fast_loop10_samplingsteps68,1pmx,0.796,1.0,4.357,1.232
1pmx,43,1,0.6883,0.7676,0.703,0.6191,0.6708,4.6995,2.6609,PepSet_dimer_output_esmfold2_fast_loop10_samplingsteps68,1pmx,0.772,0.913,2.661,1.522
1pmx,43,2,0.6974,0.7792,0.7126,0.632,0.691,6.7144,3.3298,PepSet_dimer_output_esmfold2_fast_loop10_samplingsteps68,1pmx,0.83,0.957,3.33,1.064
1pmx,43,3,0.697,0.7775,0.712,0.6307,0.6906,3.8443,2.842,PepSet_dimer_output_esmfold2_fast_loop10_samplingsteps68,1pmx,0.87,1.0,2.842,0.954
1pmx,43,4,0.6964,0.769,0.7099,0.6277,0.6721,4.4177,3.0636,PepSet_dimer_output_esmfold2_fast_loop10_samplingsteps68,1pmx,0.797,0.826,3.064,1.032
1pmx,44,0,0.6874,0.7567,0.7003,0.6191,0.6654,6.4262,3.9124,PepSet_dimer_output_esmfold2_fast_loop10_samplingsteps68,1pmx,0.793,0.957,3.912,1.23
1pmx,44,1,0.675,0.7617,0.6911,0.6097,0.6768,6.8989,5.0579,PepSet_dimer_output_esmfold2_fast_loop10_samplingsteps68,1pmx,0.681,0.826,5.058,1.564
1pmx,44,2,0.6928,0.7594,0.7052,0.6237,0.6746,4.8472,6.3767,PepSet_dimer_output_esmfold2_fast_loop10_samplingsteps68,1pmx,0.712,0.913,6.377,1.271
1pmx,44,3,0.6749,0.7579,0.6904,0.6129,0.6663,4.095,3.5505,PepSet_dimer_output_esmfold2_fast_loop10_samplingsteps68,1pmx,0.755,0.826,3.55,1.254
1pmx,44,4,0.6987,0.7786,0.7136,0.6317,0.6942,4.323,3.4027,PepSet_dimer_output_esmfold2_fast_loop10_samplingsteps68,1pmx,0.817,0.957,3.403,1.147
1r17,42,0,0.8968,0.8392,0.8949,0.9207,0.9463,1.8164,0.6619,PepSet_dimer_output_esmfold2_fast_loop10_samplingsteps68,1r17,0.754,0.953,0.662,2.21
1r17,42,1,0.9078,0.8392,0.9055,0.9265,0.9466,1.3428,0.7931,PepSet_dimer_output_esmfold2_fast_loop10_samplingsteps68,1r17,0.783,0.953,0.793,1.814
1r17,42,2,0.9056,0.8387,0.9034,0.9247,0.9441,1.4501,0.7962,PepSet_dimer_output_esmfold2_fast_loop10_samplingsteps68,1r17,0.765,0.953,0.796,2.041
1r17,42,3,0.9164,0.8521,0.9142,0.9295,0.9527,1.5223,0.627,PepSet_dimer_output_esmfold2_fast_loop10_samplingsteps68,1r17,0.769,0.953,0.627,1.997
1r17,42,4,0.9209,0.8493,0.9185,0.9311,0.9508,1.1997,0.8839,PepSet_dimer_output_esmfold2_fast_loop10_samplingsteps68,1r17,0.81,0.953,0.884,1.541
1r17,43,0,0.9077,0.8463,0.9057,0.9251,0.949,1.3571,0.6986,PepSet_dimer_output_esmfold2_fast_loop10_samplingsteps68,1r17,0.779,0.953,0.699,1.874
1r17,43,1,0.9171,0.8369,0.9145,0.9308,0.9428,1.2527,1.0155,PepSet_dimer_output_esmfold2_fast_loop10_samplingsteps68,1r17,0.784,0.918,1.015,1.66
1r17,43,2,0.905,0.8415,0.9029,0.9254,0.9471,1.5893,0.642,PepSet_dimer_output_esmfold2_fast_loop10_samplingsteps68,1r17,0.766,0.941,0.642,1.987
1r17,43,3,0.9164,0.8493,0.9142,0.9297,0.9471,1.131,0.7611,PepSet_dimer_output_esmfold2_fast_loop10_samplingsteps68,1r17,0.822,0.953,0.761,1.435
1r17,43,4,0.9131,0.8355,0.9105,0.9272,0.9425,1.0632,0.748,PepSet_dimer_output_esmfold2_fast_loop10_samplingsteps68,1r17,0.829,0.965,0.748,1.412
1r17,44,0,0.9201,0.8508,0.9178,0.9307,0.95,1.1401,0.7075,PepSet_dimer_output_esmfold2_fast_loop10_samplingsteps68,1r17,0.818,0.941,0.708,1.444
1r17,44,1,0.899,0.8328,0.8968,0.9215,0.939,1.6955,0.6028,PepSet_dimer_output_esmfold2_fast_loop10_samplingsteps68,1r17,0.764,0.941,0.603,2.024
1r17,44,2,0.9139,0.8495,0.9117,0.9283,0.9501,1.2706,0.7024,PepSet_dimer_output_esmfold2_fast_loop10_samplingsteps68,1r17,0.808,0.953,0.702,1.567
1r17,44,3,0.9087,0.8305,0.9061,0.9258,0.9371,1.7467,0.9349,PepSet_dimer_output_esmfold2_fast_loop10_samplingsteps68,1r17,0.8,0.941,0.935,1.586
1r17,44,4,0.9184,0.8486,0.9161,0.9311,0.95,1.1615,0.7355,PepSet_dimer_output_esmfold2_fast_loop10_samplingsteps68,1r17,0.804,0.941,0.736,1.569
1rxz,42,0,0.9417,0.8668,0.9385,0.9607,0.9573,0.7576,1.0344,PepSet_dimer_output_esmfold2_fast_loop10_samplingsteps68,1rxz,0.915,0.926,1.034,0.671
1rxz,42,1,0.9406,0.8669,0.9374,0.96,0.9569,0.7917,1.1877,PepSet_dimer_output_esmfold2_fast_loop10_samplingsteps68,1rxz,0.893,0.889,1.188,0.726
1rxz,42,2,0.9412,0.8662,0.938,0.9601,0.9553,0.7125,1.2879,PepSet_dimer_output_esmfold2_fast_loop10_samplingsteps68,1rxz,0.903,0.926,1.288,0.735
1rxz,42,3,0.9393,0.8637,0.936,0.9586,0.9545,0.7845,1.2518,PepSet_dimer_output_esmfold2_fast_loop10_samplingsteps68,1rxz,0.894,0.907,1.252,0.762
1rxz,42,4,0.9405,0.8649,0.9373,0.9602,0.9567,0.7028,1.0462,PepSet_dimer_output_esmfold2_fast_loop10_samplingsteps68,1rxz,0.918,0.926,1.046,0.648
1rxz,43,0,0.9406,0.8665,0.9374,0.9598,0.9564,0.6922,1.0327,PepSet_dimer_output_esmfold2_fast_loop10_samplingsteps68,1rxz,0.931,0.944,1.033,0.597
1rxz,43,1,0.9377,0.8603,0.9344,0.9587,0.9489,0.6504,1.2439,PepSet_dimer_output_esmfold2_fast_loop10_samplingsteps68,1rxz,0.913,0.907,1.244,0.623
1rxz,43,2,0.9396,0.8628,0.9363,0.9593,0.9512,0.7028,1.2206,PepSet_dimer_output_esmfold2_fast_loop10_samplingsteps68,1rxz,0.912,0.907,1.221,0.636
1rxz,43,3,0.942,0.8665,0.9387,0.9611,0.9567,0.7028,1.1335,PepSet_dimer_output_esmfold2_fast_loop10_samplingsteps68,1rxz,0.912,0.907,1.133,0.638
1rxz,43,4,0.94,0.8652,0.9368,0.9596,0.9548,0.6729,1.186,PepSet_dimer_output_esmfold2_fast_loop10_samplingsteps68,1rxz,0.911,0.907,1.186,0.644
1rxz,44,0,0.941,0.8678,0.9378,0.9601,0.9558,0.7633,1.2107,PepSet_dimer_output_esmfold2_fast_loop10_samplingsteps68,1rxz,0.904,0.944,1.211,0.777
1rxz,44,1,0.9388,0.8586,0.9354,0.9577,0.955,0.8326,1.2035,PepSet_dimer_output_esmfold2_fast_loop10_samplingsteps68,1rxz,0.891,0.907,1.203,0.783
1rxz,44,2,0.9393,0.8653,0.9361,0.9596,0.956,0.7319,1.1393,PepSet_dimer_output_esmfold2_fast_loop10_samplingsteps68,1rxz,0.912,0.944,1.139,0.731
1rxz,44,3,0.9405,0.8647,0.9373,0.9603,0.957,0.7511,1.0448,PepSet_dimer_output_esmfold2_fast_loop10_samplingsteps68,1rxz,0.902,0.926,1.045,0.765
1rxz,44,4,0.9423,0.867,0.9391,0.9612,0.9564,0.6921,0.9628,PepSet_dimer_output_esmfold2_fast_loop10_samplingsteps68,1rxz,0.926,0.907,0.963,0.546
1t74,42,0,0.9513,0.7745,0.9458,0.9687,0.8844,0.4314,1.2539,PepSet_dimer_output_esmfold2_fast_loop10_samplingsteps68,1t74,0.933,0.929,1.254,0.524
1t74,42,1,0.9514,0.7833,0.9461,0.9688,0.887,0.3689,1.0433,PepSet_dimer_output_esmfold2_fast_loop10_samplingsteps68,1t74,0.935,0.893,1.043,0.419
1t74,42,2,0.9514,0.7861,0.9462,0.9688,0.8893,0.3427,1.1958,PepSet_dimer_output_esmfold2_fast_loop10_samplingsteps68,1t74,0.916,0.857,1.196,0.471
1t74,42,3,0.9517,0.7976,0.9469,0.969,0.8963,0.3277,0.9295,PepSet_dimer_output_esmfold2_fast_loop10_samplingsteps68,1t74,0.95,0.929,0.929,0.401
1t74,42,4,0.951,0.7832,0.9458,0.9683,0.8908,0.4035,1.2221,PepSet_dimer_output_esmfold2_fast_loop10_samplingsteps68,1t74,0.935,0.929,1.222,0.507
1t74,43,0,0.9523,0.7882,0.9472,0.9692,0.8902,0.4018,1.0931,PepSet_dimer_output_esmfold2_fast_loop10_samplingsteps68,1t74,0.932,0.893,1.093,0.444
1t74,43,1,0.949,0.739,0.9425,0.9668,0.8537,0.424,2.0501,PepSet_dimer_output_esmfold2_fast_loop10_samplingsteps68,1t74,0.859,0.821,2.05,0.726
1t74,43,2,0.9521,0.7592,0.9461,0.9688,0.8721,0.4264,0.9609,PepSet_dimer_output_esmfold2_fast_loop10_samplingsteps68,1t74,0.962,0.964,0.961,0.4
1t74,43,3,0.9508,0.7806,0.9455,0.969,0.8859,0.3278,1.3826,PepSet_dimer_output_esmfold2_fast_loop10_samplingsteps68,1t74,0.928,0.929,1.383,0.552
1t74,43,4,0.9487,0.6659,0.9399,0.9652,0.7724,0.4398,3.2121,PepSet_dimer_output_esmfold2_fast_loop10_samplingsteps68,1t74,0.78,0.786,3.212,1.028
1t74,44,0,0.9505,0.752,0.9443,0.9679,0.866,0.4766,1.3487,PepSet_dimer_output_esmfold2_fast_loop10_samplingsteps68,1t74,0.91,0.857,1.349,0.509
1t74,44,1,0.9519,0.7758,0.9465,0.969,0.886,0.377,1.3875,PepSet_dimer_output_esmfold2_fast_loop10_samplingsteps68,1t74,0.932,0.929,1.387,0.518
1t74,44,2,0.9523,0.7886,0.9472,0.9693,0.8948,0.4124,1.2209,PepSet_dimer_output_esmfold2_fast_loop10_samplingsteps68,1t74,0.941,0.929,1.221,0.462
1t74,44,3,0.9524,0.7854,0.9472,0.9695,0.8895,0.4138,1.204,PepSet_dimer_output_esmfold2_fast_loop10_samplingsteps68,1t74,0.941,0.929,1.204,0.458
1t74,44,4,0.9527,0.7846,0.9475,0.9694,0.8935,0.4148,0.8834,PepSet_dimer_output_esmfold2_fast_loop10_samplingsteps68,1t74,0.965,0.964,0.883,0.377
1v1t,42,0,0.9143,0.8739,0.9131,0.7841,0.9032,0.6333,0.8218,PepSet_dimer_output_esmfold2_fast_loop10_samplingsteps68,1v1t,0.975,1.0,0.822,0.398
1v1t,42,1,0.9128,0.8724,0.9116,0.7829,0.9036,0.8103,0.6814,PepSet_dimer_output_esmfold2_fast_loop10_samplingsteps68,1v1t,0.977,1.0,0.681,0.385
1v1t,42,2,0.9155,0.8721,0.9142,0.7852,0.8997,0.5167,0.7052,PepSet_dimer_output_esmfold2_fast_loop10_samplingsteps68,1v1t,0.975,1.0,0.705,0.405
1v1t,42,3,0.9109,0.8694,0.9097,0.7668,0.8935,0.9787,0.7374,PepSet_dimer_output_esmfold2_fast_loop10_samplingsteps68,1v1t,0.978,1.0,0.737,0.376
1v1t,42,4,0.9135,0.8724,0.9123,0.7693,0.9004,0.4671,0.5366,PepSet_dimer_output_esmfold2_fast_loop10_samplingsteps68,1v1t,0.979,1.0,0.537,0.381
1v1t,43,0,0.9124,0.8692,0.9111,0.7675,0.8966,0.7255,0.6702,PepSet_dimer_output_esmfold2_fast_loop10_samplingsteps68,1v1t,0.979,1.0,0.67,0.369
1v1t,43,1,0.915,0.874,0.9138,0.7687,0.9065,0.63,0.5606,PepSet_dimer_output_esmfold2_fast_loop10_samplingsteps68,1v1t,0.979,1.0,0.561,0.373
1v1t,43,2,0.9081,0.8694,0.907,0.7462,0.8966,1.1454,1.485,PepSet_dimer_output_esmfold2_fast_loop10_samplingsteps68,1v1t,0.953,0.96,1.485,0.411
1v1t,43,3,0.9142,0.8748,0.913,0.7799,0.9042,0.6087,0.6153,PepSet_dimer_output_esmfold2_fast_loop10_samplingsteps68,1v1t,0.963,0.96,0.615,0.394
1v1t,43,4,0.914,0.8724,0.9127,0.7804,0.8989,0.7836,0.8323,PepSet_dimer_output_esmfold2_fast_loop10_samplingsteps68,1v1t,0.975,1.0,0.832,0.4
1v1t,44,0,0.911,0.8705,0.9098,0.7625,0.9015,0.6903,0.6536,PepSet_dimer_output_esmfold2_fast_loop10_samplingsteps68,1v1t,0.98,1.0,0.654,0.356
1v1t,44,1,0.9083,0.8602,0.9068,0.7467,0.8915,0.9837,0.888,PepSet_dimer_output_esmfold2_fast_loop10_samplingsteps68,1v1t,0.966,1.0,0.888,0.473
1v1t,44,2,0.9145,0.8726,0.9132,0.7781,0.9047,0.4865,0.5502,PepSet_dimer_output_esmfold2_fast_loop10_samplingsteps68,1v1t,0.98,1.0,0.55,0.369
1v1t,44,3,0.915,0.8576,0.9133,0.7843,0.8929,0.693,1.236,PepSet_dimer_output_esmfold2_fast_loop10_samplingsteps68,1v1t,0.967,1.0,1.236,0.435
1v1t,44,4,0.9127,0.8719,0.9115,0.774,0.9025,1.0267,1.3738,PepSet_dimer_output_esmfold2_fast_loop10_samplingsteps68,1v1t,0.97,1.0,1.374,0.398
1w80,42,0,0.9472,0.8105,0.943,0.9569,0.8733,0.6965,1.4155,PepSet_dimer_output_esmfold2_fast_loop10_samplingsteps68,1w80,0.911,0.885,1.415,0.566
1w80,42,1,0.9471,0.8119,0.9429,0.9561,0.873,0.6514,1.42,PepSet_dimer_output_esmfold2_fast_loop10_samplingsteps68,1w80,0.928,0.923,1.42,0.536
1w80,42,2,0.944,0.8134,0.94,0.9547,0.8764,0.7888,1.5163,PepSet_dimer_output_esmfold2_fast_loop10_samplingsteps68,1w80,0.92,0.923,1.516,0.582
1w80,42,3,0.9464,0.8083,0.9421,0.9559,0.8698,0.6933,1.5424,PepSet_dimer_output_esmfold2_fast_loop10_samplingsteps68,1w80,0.917,0.923,1.542,0.604
1w80,42,4,0.9467,0.8131,0.9425,0.9564,0.8783,0.6761,1.4597,PepSet_dimer_output_esmfold2_fast_loop10_samplingsteps68,1w80,0.926,0.923,1.46,0.548
1w80,43,0,0.9464,0.8097,0.9421,0.9563,0.872,0.734,1.5514,PepSet_dimer_output_esmfold2_fast_loop10_samplingsteps68,1w80,0.908,0.885,1.551,0.572
1w80,43,1,0.9468,0.8125,0.9426,0.9565,0.878,0.8311,1.5699,PepSet_dimer_output_esmfold2_fast_loop10_samplingsteps68,1w80,0.908,0.885,1.57,0.576
1w80,43,2,0.947,0.8114,0.9427,0.9567,0.875,0.7552,1.6004,PepSet_dimer_output_esmfold2_fast_loop10_samplingsteps68,1w80,0.915,0.923,1.6,0.616
1w80,43,3,0.9469,0.8121,0.9427,0.9568,0.8799,0.7387,1.2645,PepSet_dimer_output_esmfold2_fast_loop10_samplingsteps68,1w80,0.923,0.885,1.265,0.48
1w80,43,4,0.9463,0.8116,0.9421,0.9565,0.8811,0.7926,1.1655,PepSet_dimer_output_esmfold2_fast_loop10_samplingsteps68,1w80,0.928,0.885,1.165,0.445
1w80,44,0,0.947,0.8113,0.9427,0.9567,0.8776,0.7773,1.4411,PepSet_dimer_output_esmfold2_fast_loop10_samplingsteps68,1w80,0.933,0.923,1.441,0.485
1w80,44,1,0.9462,0.811,0.942,0.956,0.8745,0.7588,1.626,PepSet_dimer_output_esmfold2_fast_loop10_samplingsteps68,1w80,0.9,0.885,1.626,0.625
1w80,44,2,0.9473,0.8125,0.9431,0.9572,0.8765,0.7371,1.4763,PepSet_dimer_output_esmfold2_fast_loop10_samplingsteps68,1w80,0.928,0.923,1.476,0.525
1w80,44,3,0.9458,0.8131,0.9416,0.9561,0.879,0.7823,1.3066,PepSet_dimer_output_esmfold2_fast_loop10_samplingsteps68,1w80,0.908,0.846,1.307,0.5
1w80,44,4,0.947,0.8083,0.9426,0.9567,0.871,0.7261,1.5606,PepSet_dimer_output_esmfold2_fast_loop10_samplingsteps68,1w80,0.905,0.885,1.561,0.597
1yfn,42,0,0.9366,0.7731,0.9134,0.9278,0.778,0.831,8.0666,PepSet_dimer_output_esmfold2_fast_loop10_samplingsteps68,1yfn,0.406,0.528,8.067,3.39
1yfn,42,1,0.938,0.7921,0.9173,0.9305,0.8022,1.1187,8.1809,PepSet_dimer_output_esmfold2_fast_loop10_samplingsteps68,1yfn,0.389,0.491,8.181,3.476
1yfn,42,2,0.9363,0.7921,0.9159,0.9296,0.8045,0.5256,8.2962,PepSet_dimer_output_esmfold2_fast_loop10_samplingsteps68,1yfn,0.387,0.491,8.296,3.447
1yfn,42,3,0.9342,0.7576,0.9092,0.9236,0.7612,0.8798,8.042,PepSet_dimer_output_esmfold2_fast_loop10_samplingsteps68,1yfn,0.407,0.528,8.042,3.379
1yfn,42,4,0.9387,0.7935,0.9181,0.9316,0.8051,0.7274,8.1417,PepSet_dimer_output_esmfold2_fast_loop10_samplingsteps68,1yfn,0.398,0.509,8.142,3.401
1yfn,43,0,0.9343,0.749,0.9081,0.9224,0.7555,0.7682,8.1901,PepSet_dimer_output_esmfold2_fast_loop10_samplingsteps68,1yfn,0.396,0.509,8.19,3.436
1yfn,43,1,0.9349,0.7869,0.9139,0.9287,0.7966,0.9527,8.1643,PepSet_dimer_output_esmfold2_fast_loop10_samplingsteps68,1yfn,0.396,0.509,8.164,3.443
1yfn,43,2,0.9368,0.7874,0.9156,0.9296,0.797,1.0431,8.0034,PepSet_dimer_output_esmfold2_fast_loop10_samplingsteps68,1yfn,0.401,0.509,8.003,3.405
1yfn,43,3,0.9388,0.798,0.9188,0.9326,0.8113,0.9369,8.0998,PepSet_dimer_output_esmfold2_fast_loop10_samplingsteps68,1yfn,0.392,0.491,8.1,3.428
1yfn,43,4,0.9327,0.7387,0.9052,0.9208,0.7504,0.9927,7.8632,PepSet_dimer_output_esmfold2_fast_loop10_samplingsteps68,1yfn,0.398,0.491,7.863,3.366
1yfn,44,0,0.9323,0.7186,0.902,0.9198,0.744,0.9442,7.4618,PepSet_dimer_output_esmfold2_fast_loop10_samplingsteps68,1yfn,0.419,0.509,7.462,3.181
1yfn,44,1,0.9367,0.7824,0.9148,0.9296,0.7921,0.9326,7.9352,PepSet_dimer_output_esmfold2_fast_loop10_samplingsteps68,1yfn,0.397,0.491,7.935,3.366
1yfn,44,2,0.9347,0.7659,0.9107,0.9252,0.772,1.1434,8.0051,PepSet_dimer_output_esmfold2_fast_loop10_samplingsteps68,1yfn,0.4,0.509,8.005,3.422
1yfn,44,3,0.934,0.7566,0.9089,0.9233,0.7578,0.9125,8.1949,PepSet_dimer_output_esmfold2_fast_loop10_samplingsteps68,1yfn,0.396,0.509,8.195,3.436
1yfn,44,4,0.9327,0.7393,0.9053,0.9207,0.7489,1.0011,7.9655,PepSet_dimer_output_esmfold2_fast_loop10_samplingsteps68,1yfn,0.395,0.491,7.965,3.397
1ywi,42,0,0.8417,0.8644,0.8457,0.6687,0.5976,0.9829,1.3461,PepSet_dimer_output_esmfold2_fast_loop10_samplingsteps68,1ywi,0.861,0.895,1.346,0.95
1ywi,42,1,0.8378,0.8676,0.8431,0.6736,0.6134,1.3258,1.1589,PepSet_dimer_output_esmfold2_fast_loop10_samplingsteps68,1ywi,0.868,0.895,1.159,0.917
1ywi,42,2,0.8384,0.8592,0.8421,0.6622,0.5843,1.0451,1.2727,PepSet_dimer_output_esmfold2_fast_loop10_samplingsteps68,1ywi,0.862,0.895,1.273,0.95
1ywi,42,3,0.839,0.8614,0.843,0.6658,0.5982,0.9994,1.3679,PepSet_dimer_output_esmfold2_fast_loop10_samplingsteps68,1ywi,0.858,0.895,1.368,0.969
1ywi,42,4,0.8383,0.8603,0.8422,0.6659,0.5948,1.0079,1.3052,PepSet_dimer_output_esmfold2_fast_loop10_samplingsteps68,1ywi,0.846,0.842,1.305,0.938
1ywi,43,0,0.8416,0.8628,0.8454,0.67,0.5968,1.0286,1.2674,PepSet_dimer_output_esmfold2_fast_loop10_samplingsteps68,1ywi,0.863,0.895,1.267,0.946
1ywi,43,1,0.8443,0.8675,0.8484,0.6737,0.6056,1.0397,1.2919,PepSet_dimer_output_esmfold2_fast_loop10_samplingsteps68,1ywi,0.841,0.842,1.292,0.971
1ywi,43,2,0.8384,0.8709,0.8441,0.6764,0.6159,1.4256,1.1855,PepSet_dimer_output_esmfold2_fast_loop10_samplingsteps68,1ywi,0.86,0.895,1.186,0.975
1ywi,43,3,0.8424,0.8636,0.8462,0.6718,0.5967,1.0174,1.3127,PepSet_dimer_output_esmfold2_fast_loop10_samplingsteps68,1ywi,0.86,0.895,1.313,0.964
1ywi,43,4,0.8416,0.861,0.845,0.6615,0.5887,1.0362,1.1785,PepSet_dimer_output_esmfold2_fast_loop10_samplingsteps68,1ywi,0.866,0.895,1.179,0.929
1ywi,44,0,0.838,0.8603,0.842,0.663,0.5886,1.0008,1.2902,PepSet_dimer_output_esmfold2_fast_loop10_samplingsteps68,1ywi,0.846,0.842,1.29,0.94
1ywi,44,1,0.8438,0.8698,0.8484,0.673,0.6089,0.9752,1.3397,PepSet_dimer_output_esmfold2_fast_loop10_samplingsteps68,1ywi,0.847,0.842,1.34,0.929
1ywi,44,2,0.8471,0.8702,0.8512,0.6805,0.6132,0.9606,1.3242,PepSet_dimer_output_esmfold2_fast_loop10_samplingsteps68,1ywi,0.865,0.895,1.324,0.929
1ywi,44,3,0.8412,0.8664,0.8457,0.6681,0.6059,1.1493,1.1001,PepSet_dimer_output_esmfold2_fast_loop10_samplingsteps68,1ywi,0.869,0.895,1.1,0.916
1ywi,44,4,0.8361,0.8558,0.8395,0.6574,0.5854,1.0023,1.4112,PepSet_dimer_output_esmfold2_fast_loop10_samplingsteps68,1ywi,0.843,0.842,1.411,0.951
1ywo,42,0,0.9436,0.8086,0.9229,0.9145,0.7319,0.29,2.0437,PepSet_dimer_output_esmfold2_fast_loop10_samplingsteps68,1ywo,0.893,1.0,2.044,0.902
1ywo,42,1,0.9403,0.7982,0.9184,0.9087,0.7114,0.2789,2.7818,PepSet_dimer_output_esmfold2_fast_loop10_samplingsteps68,1ywo,0.836,1.0,2.782,1.21
1ywo,42,2,0.9459,0.8099,0.925,0.9177,0.7363,0.318,2.4916,PepSet_dimer_output_esmfold2_fast_loop10_samplingsteps68,1ywo,0.86,1.0,2.492,1.075
1ywo,42,3,0.9454,0.81,0.9246,0.9164,0.736,0.324,2.1323,PepSet_dimer_output_esmfold2_fast_loop10_samplingsteps68,1ywo,0.89,1.0,2.132,0.914
1ywo,42,4,0.9422,0.7972,0.9199,0.9099,0.7133,0.3044,2.619,PepSet_dimer_output_esmfold2_fast_loop10_samplingsteps68,1ywo,0.849,1.0,2.619,1.142
1ywo,43,0,0.9408,0.7965,0.9186,0.9095,0.7133,0.3056,2.9219,PepSet_dimer_output_esmfold2_fast_loop10_samplingsteps68,1ywo,0.829,1.0,2.922,1.246
1ywo,43,1,0.9429,0.8009,0.9211,0.9128,0.7194,0.281,1.5578,PepSet_dimer_output_esmfold2_fast_loop10_samplingsteps68,1ywo,0.928,1.0,1.558,0.711
1ywo,43,2,0.9418,0.7958,0.9194,0.9095,0.7093,0.309,2.9089,PepSet_dimer_output_esmfold2_fast_loop10_samplingsteps68,1ywo,0.829,1.0,2.909,1.243
1ywo,43,3,0.9394,0.7856,0.9157,0.904,0.6891,0.3169,2.7844,PepSet_dimer_output_esmfold2_fast_loop10_samplingsteps68,1ywo,0.836,1.0,2.784,1.214
1ywo,43,4,0.943,0.7898,0.9194,0.9086,0.7037,0.2841,2.1583,PepSet_dimer_output_esmfold2_fast_loop10_samplingsteps68,1ywo,0.883,1.0,2.158,0.96
1ywo,44,0,0.9419,0.8049,0.9208,0.912,0.7286,0.3087,2.4745,PepSet_dimer_output_esmfold2_fast_loop10_samplingsteps68,1ywo,0.862,1.0,2.474,1.066
1ywo,44,1,0.9436,0.8046,0.9222,0.9144,0.7261,0.3079,2.4884,PepSet_dimer_output_esmfold2_fast_loop10_samplingsteps68,1ywo,0.861,1.0,2.488,1.074
1ywo,44,2,0.9442,0.8101,0.9236,0.9153,0.7357,0.3047,2.1221,PepSet_dimer_output_esmfold2_fast_loop10_samplingsteps68,1ywo,0.889,1.0,2.122,0.919
1ywo,44,3,0.9462,0.8141,0.9258,0.918,0.7405,0.3216,2.3332,PepSet_dimer_output_esmfold2_fast_loop10_samplingsteps68,1ywo,0.873,1.0,2.333,1.005
1ywo,44,4,0.9432,0.8078,0.9223,0.9146,0.7342,0.2962,2.2359,PepSet_dimer_output_esmfold2_fast_loop10_samplingsteps68,1ywo,0.867,0.96,2.236,0.968
1yy6,42,0,0.9464,0.9266,0.9453,0.9619,0.9562,0.7761,0.7843,PepSet_dimer_output_esmfold2_fast_loop10_samplingsteps68,1yy6,0.886,0.912,0.784,0.858
1yy6,42,1,0.9481,0.928,0.947,0.9631,0.9562,0.7586,0.8,PepSet_dimer_output_esmfold2_fast_loop10_samplingsteps68,1yy6,0.87,0.882,0.8,0.898
1yy6,42,2,0.948,0.927,0.9468,0.9626,0.955,0.7947,0.8235,PepSet_dimer_output_esmfold2_fast_loop10_samplingsteps68,1yy6,0.869,0.882,0.823,0.904
1yy6,42,3,0.9441,0.8892,0.9411,0.9587,0.9163,0.7219,1.3352,PepSet_dimer_output_esmfold2_fast_loop10_samplingsteps68,1yy6,0.859,0.882,1.335,0.941
1yy6,42,4,0.9474,0.9283,0.9464,0.9629,0.9568,0.8037,0.628,PepSet_dimer_output_esmfold2_fast_loop10_samplingsteps68,1yy6,0.889,0.912,0.628,0.841
1yy6,43,0,0.9476,0.9274,0.9465,0.9626,0.9555,0.7922,0.7733,PepSet_dimer_output_esmfold2_fast_loop10_samplingsteps68,1yy6,0.882,0.912,0.773,0.883
1yy6,43,1,0.9464,0.913,0.9445,0.9614,0.9443,0.8503,0.7396,PepSet_dimer_output_esmfold2_fast_loop10_samplingsteps68,1yy6,0.879,0.912,0.74,0.906
1yy6,43,2,0.9463,0.9274,0.9453,0.9616,0.9568,0.8703,0.4913,PepSet_dimer_output_esmfold2_fast_loop10_samplingsteps68,1yy6,0.897,0.941,0.491,0.856
1yy6,43,3,0.9483,0.9281,0.9472,0.963,0.9557,0.8918,0.8566,PepSet_dimer_output_esmfold2_fast_loop10_samplingsteps68,1yy6,0.876,0.912,0.857,0.922
1yy6,43,4,0.947,0.9269,0.9459,0.9621,0.955,0.9196,0.6972,PepSet_dimer_output_esmfold2_fast_loop10_samplingsteps68,1yy6,0.871,0.882,0.697,0.897
1yy6,44,0,0.9474,0.9283,0.9464,0.9623,0.9562,0.8846,0.7336,PepSet_dimer_output_esmfold2_fast_loop10_samplingsteps68,1yy6,0.882,0.912,0.734,0.883
1yy6,44,1,0.9331,0.9087,0.9317,0.9535,0.9529,0.8706,0.4992,PepSet_dimer_output_esmfold2_fast_loop10_samplingsteps68,1yy6,0.89,0.882,0.499,0.773
1yy6,44,2,0.9478,0.9282,0.9467,0.9629,0.9562,0.8321,0.6359,PepSet_dimer_output_esmfold2_fast_loop10_samplingsteps68,1yy6,0.884,0.912,0.636,0.876
1yy6,44,3,0.9465,0.9154,0.9448,0.9616,0.9492,0.7823,0.628,PepSet_dimer_output_esmfold2_fast_loop10_samplingsteps68,1yy6,0.904,0.971,0.628,0.874
1yy6,44,4,0.9471,0.9282,0.9461,0.9624,0.9564,0.8993,0.747,PepSet_dimer_output_esmfold2_fast_loop10_samplingsteps68,1yy6,0.894,0.941,0.747,0.87
2aij,42,0,0.937,0.8239,0.9349,0.9658,0.9288,1.5565,1.2918,PepSet_dimer_output_esmfold2_fast_loop10_samplingsteps68,2aij,0.693,0.786,1.292,2.203
2aij,42,1,0.939,0.8447,0.9373,0.9664,0.9377,1.4994,0.8052,PepSet_dimer_output_esmfold2_fast_loop10_samplingsteps68,2aij,0.715,0.786,0.805,1.97
2aij,42,2,0.9362,0.8374,0.9344,0.9628,0.9385,1.4015,1.0765,PepSet_dimer_output_esmfold2_fast_loop10_samplingsteps68,2aij,0.698,0.81,1.077,2.291
2aij,42,3,0.9377,0.8424,0.936,0.9661,0.9379,1.4856,0.6145,PepSet_dimer_output_esmfold2_fast_loop10_samplingsteps68,2aij,0.734,0.833,0.615,1.947
2aij,42,4,0.9367,0.8368,0.9349,0.9656,0.9343,1.5246,0.8692,PepSet_dimer_output_esmfold2_fast_loop10_samplingsteps68,2aij,0.685,0.738,0.869,2.155
2aij,43,0,0.9385,0.8405,0.9367,0.9665,0.9361,1.499,0.7634,PepSet_dimer_output_esmfold2_fast_loop10_samplingsteps68,2aij,0.708,0.762,0.763,1.961
2aij,43,1,0.9385,0.8448,0.9369,0.9669,0.9385,1.5137,0.6846,PepSet_dimer_output_esmfold2_fast_loop10_samplingsteps68,2aij,0.725,0.833,0.685,2.057
2aij,43,2,0.9351,0.8402,0.9334,0.964,0.9351,1.673,0.9207,PepSet_dimer_output_esmfold2_fast_loop10_samplingsteps68,2aij,0.693,0.762,0.921,2.144
2aij,43,3,0.9353,0.8411,0.9336,0.9641,0.935,1.4582,0.7381,PepSet_dimer_output_esmfold2_fast_loop10_samplingsteps68,2aij,0.745,0.857,0.738,1.892
2aij,43,4,0.937,0.8238,0.935,0.9648,0.9296,1.5332,1.1159,PepSet_dimer_output_esmfold2_fast_loop10_samplingsteps68,2aij,0.694,0.762,1.116,2.105
2aij,44,0,0.9368,0.8316,0.935,0.9651,0.9336,1.5205,1.0586,PepSet_dimer_output_esmfold2_fast_loop10_samplingsteps68,2aij,0.706,0.786,1.059,2.058
2aij,44,1,0.9397,0.841,0.9379,0.9673,0.9389,1.552,1.0023,PepSet_dimer_output_esmfold2_fast_loop10_samplingsteps68,2aij,0.699,0.786,1.002,2.166
2aij,44,2,0.9377,0.8423,0.936,0.9658,0.9373,1.491,0.7669,PepSet_dimer_output_esmfold2_fast_loop10_samplingsteps68,2aij,0.742,0.857,0.767,1.925
2aij,44,3,0.9381,0.8384,0.9363,0.9661,0.9358,1.5093,0.9804,PepSet_dimer_output_esmfold2_fast_loop10_samplingsteps68,2aij,0.711,0.786,0.98,2.0
2aij,44,4,0.9393,0.8446,0.9376,0.9671,0.9395,1.4755,0.8999,PepSet_dimer_output_esmfold2_fast_loop10_samplingsteps68,2aij,0.715,0.786,0.9,1.953
2aq9,42,0,0.9422,0.3768,0.9175,0.9365,0.3344,0.3928,8.2303,PepSet_dimer_output_esmfold2_fast_loop10_samplingsteps68,2aq9,0.272,0.167,8.23,3.846
2aq9,42,1,0.9335,0.2888,0.9053,0.9271,0.1879,0.3163,7.959,PepSet_dimer_output_esmfold2_fast_loop10_samplingsteps68,2aq9,0.301,0.222,7.959,3.58
2aq9,42,2,0.9403,0.3626,0.915,0.9333,0.2904,0.3374,9.7347,PepSet_dimer_output_esmfold2_fast_loop10_samplingsteps68,2aq9,0.196,0.056,9.735,4.508
2aq9,42,3,0.9384,0.3333,0.9119,0.9347,0.2497,0.3447,30.8713,PepSet_dimer_output_esmfold2_fast_loop10_samplingsteps68,2aq9,0.029,0.0,30.871,11.439
2aq9,42,4,0.9392,0.3266,0.9123,0.9305,0.2323,0.3393,9.2494,PepSet_dimer_output_esmfold2_fast_loop10_samplingsteps68,2aq9,0.198,0.0,9.249,3.771
2aq9,43,0,0.9414,0.3617,0.916,0.9365,0.3206,0.3025,9.7358,PepSet_dimer_output_esmfold2_fast_loop10_samplingsteps68,2aq9,0.195,0.056,9.736,4.559
2aq9,43,1,0.9382,0.3047,0.9105,0.9315,0.1815,0.3633,30.1605,PepSet_dimer_output_esmfold2_fast_loop10_samplingsteps68,2aq9,0.031,0.0,30.16,11.013
2aq9,43,2,0.9414,0.3262,0.9144,0.9341,0.2589,0.3415,12.81,PepSet_dimer_output_esmfold2_fast_loop10_samplingsteps68,2aq9,0.165,0.111,12.81,5.18
2aq9,43,3,0.9345,0.3758,0.9101,0.9336,0.3212,0.3126,30.534,PepSet_dimer_output_esmfold2_fast_loop10_samplingsteps68,2aq9,0.03,0.0,30.534,11.441
2aq9,43,4,0.94,0.3545,0.9143,0.9326,0.2618,0.3443,9.7282,PepSet_dimer_output_esmfold2_fast_loop10_samplingsteps68,2aq9,0.181,0.0,9.728,4.291
2aq9,44,0,0.9386,0.3026,0.9107,0.9313,0.2371,0.3378,8.8624,PepSet_dimer_output_esmfold2_fast_loop10_samplingsteps68,2aq9,0.256,0.167,8.862,3.999
2aq9,44,1,0.9383,0.3416,0.9121,0.9311,0.2924,0.3832,9.3972,PepSet_dimer_output_esmfold2_fast_loop10_samplingsteps68,2aq9,0.205,0.056,9.397,4.274
2aq9,44,2,0.9394,0.3552,0.9139,0.9322,0.2874,0.3404,7.9158,PepSet_dimer_output_esmfold2_fast_loop10_samplingsteps68,2aq9,0.262,0.111,7.916,3.72
2aq9,44,3,0.9406,0.3668,0.9155,0.9339,0.313,0.3596,8.6214,PepSet_dimer_output_esmfold2_fast_loop10_samplingsteps68,2aq9,0.225,0.056,8.621,3.956
2aq9,44,4,0.9381,0.3324,0.9116,0.932,0.2828,0.3324,9.7818,PepSet_dimer_output_esmfold2_fast_loop10_samplingsteps68,2aq9,0.177,0.0,9.782,4.482
2c3i,42,0,0.9519,0.8976,0.9504,0.9757,0.9747,0.6039,0.5142,PepSet_dimer_output_esmfold2_fast_loop10_samplingsteps68,2c3i,0.958,0.897,0.514,0.21
2c3i,42,1,0.9546,0.8959,0.9529,0.9764,0.9747,0.7132,0.6204,PepSet_dimer_output_esmfold2_fast_loop10_samplingsteps68,2c3i,0.965,0.923,0.62,0.236
2c3i,42,2,0.9522,0.8957,0.9505,0.9756,0.9756,0.6915,0.6639,PepSet_dimer_output_esmfold2_fast_loop10_samplingsteps68,2c3i,0.955,0.897,0.664,0.241
2c3i,42,3,0.9524,0.8965,0.9508,0.9758,0.9751,0.6805,0.4211,PepSet_dimer_output_esmfold2_fast_loop10_samplingsteps68,2c3i,0.96,0.897,0.421,0.193
2c3i,42,4,0.9525,0.8961,0.9508,0.9752,0.9751,0.6864,0.7887,PepSet_dimer_output_esmfold2_fast_loop10_samplingsteps68,2c3i,0.96,0.923,0.789,0.283
2c3i,43,0,0.953,0.8971,0.9514,0.976,0.9757,0.6525,0.6512,PepSet_dimer_output_esmfold2_fast_loop10_samplingsteps68,2c3i,0.955,0.897,0.651,0.246
2c3i,43,1,0.9514,0.8956,0.9498,0.9753,0.9755,0.6381,0.5643,PepSet_dimer_output_esmfold2_fast_loop10_samplingsteps68,2c3i,0.957,0.897,0.564,0.221
2c3i,43,2,0.9524,0.8942,0.9507,0.9756,0.9747,0.7012,0.5878,PepSet_dimer_output_esmfold2_fast_loop10_samplingsteps68,2c3i,0.957,0.897,0.588,0.225
2c3i,43,3,0.9526,0.8964,0.9509,0.9753,0.9756,0.6893,0.7435,PepSet_dimer_output_esmfold2_fast_loop10_samplingsteps68,2c3i,0.96,0.923,0.743,0.286
2c3i,43,4,0.9521,0.8935,0.9504,0.9755,0.9748,0.6763,0.6595,PepSet_dimer_output_esmfold2_fast_loop10_samplingsteps68,2c3i,0.955,0.897,0.659,0.242
2c3i,44,0,0.9504,0.8945,0.9488,0.9748,0.9755,0.625,0.6471,PepSet_dimer_output_esmfold2_fast_loop10_samplingsteps68,2c3i,0.954,0.897,0.647,0.264
2c3i,44,1,0.9532,0.8976,0.9515,0.976,0.9752,0.6962,0.5437,PepSet_dimer_output_esmfold2_fast_loop10_samplingsteps68,2c3i,0.958,0.897,0.544,0.205
2c3i,44,2,0.9522,0.8951,0.9506,0.9761,0.9761,0.6079,0.5811,PepSet_dimer_output_esmfold2_fast_loop10_samplingsteps68,2c3i,0.965,0.923,0.581,0.23
2c3i,44,3,0.9527,0.8946,0.951,0.9757,0.974,0.6952,0.8507,PepSet_dimer_output_esmfold2_fast_loop10_samplingsteps68,2c3i,0.951,0.897,0.851,0.289
2c3i,44,4,0.9528,0.8964,0.9512,0.9759,0.9757,0.7008,0.6187,PepSet_dimer_output_esmfold2_fast_loop10_samplingsteps68,2c3i,0.956,0.897,0.619,0.235
2cch,42,0,0.956,0.768,0.9477,0.9667,0.8519,1.5797,2.3028,PepSet_dimer_output_esmfold2_fast_loop10_samplingsteps68,2cch,0.862,0.93,2.303,0.927
2cch,42,1,0.9491,0.7695,0.9412,0.9571,0.8572,2.6103,1.5458,PepSet_dimer_output_esmfold2_fast_loop10_samplingsteps68,2cch,0.909,0.907,1.546,0.626
2cch,42,2,0.9559,0.7905,0.9486,0.9669,0.8787,1.2457,0.6605,PepSet_dimer_output_esmfold2_fast_loop10_samplingsteps68,2cch,0.979,0.977,0.661,0.274
2cch,42,3,0.9556,0.7681,0.9474,0.9663,0.8539,0.9585,2.0909,PepSet_dimer_output_esmfold2_fast_loop10_samplingsteps68,2cch,0.872,0.93,2.091,0.885
2cch,42,4,0.9562,0.7931,0.949,0.9675,0.8798,1.358,0.782,PepSet_dimer_output_esmfold2_fast_loop10_samplingsteps68,2cch,0.978,0.977,0.782,0.286
2cch,43,0,0.9562,0.7877,0.9488,0.9671,0.8745,1.172,0.9141,PepSet_dimer_output_esmfold2_fast_loop10_samplingsteps68,2cch,0.956,0.93,0.914,0.351
2cch,43,1,0.9548,0.7591,0.9462,0.9646,0.8461,1.047,2.3566,PepSet_dimer_output_esmfold2_fast_loop10_samplingsteps68,2cch,0.864,0.93,2.357,0.907
2cch,43,2,0.9487,0.792,0.9418,0.9581,0.8796,2.8774,1.1145,PepSet_dimer_output_esmfold2_fast_loop10_samplingsteps68,2cch,0.977,0.977,1.114,0.256
2cch,43,3,0.9561,0.7902,0.9487,0.9672,0.8754,1.2212,0.8094,PepSet_dimer_output_esmfold2_fast_loop10_samplingsteps68,2cch,0.968,0.953,0.809,0.311
2cch,43,4,0.9551,0.791,0.9479,0.966,0.8804,2.063,1.039,PepSet_dimer_output_esmfold2_fast_loop10_samplingsteps68,2cch,0.964,0.953,1.039,0.33
2cch,44,0,0.9566,0.7583,0.9478,0.9669,0.8474,1.3743,2.5535,PepSet_dimer_output_esmfold2_fast_loop10_samplingsteps68,2cch,0.828,0.884,2.554,1.023
2cch,44,1,0.9556,0.7906,0.9483,0.9667,0.8773,0.8296,0.514,PepSet_dimer_output_esmfold2_fast_loop10_samplingsteps68,2cch,0.983,0.977,0.514,0.242
2cch,44,2,0.956,0.7943,0.9489,0.9676,0.8818,1.5864,0.8379,PepSet_dimer_output_esmfold2_fast_loop10_samplingsteps68,2cch,0.98,0.977,0.838,0.245
2cch,44,3,0.9556,0.7856,0.9481,0.966,0.8702,1.0798,0.9065,PepSet_dimer_output_esmfold2_fast_loop10_samplingsteps68,2cch,0.961,0.953,0.907,0.374
2cch,44,4,0.9557,0.7902,0.9484,0.9667,0.8769,1.6967,0.9769,PepSet_dimer_output_esmfold2_fast_loop10_samplingsteps68,2cch,0.975,0.977,0.977,0.304
2cny,42,0,0.956,0.9489,0.955,0.9573,0.9538,0.6207,0.4473,PepSet_dimer_output_esmfold2_fast_loop10_samplingsteps68,2cny,0.942,0.969,0.447,0.606
2cny,42,1,0.9558,0.9484,0.9548,0.9574,0.9539,0.6273,0.4916,PepSet_dimer_output_esmfold2_fast_loop10_samplingsteps68,2cny,0.94,0.969,0.492,0.617
2cny,42,2,0.9554,0.9479,0.9544,0.9571,0.9541,0.5948,0.3931,PepSet_dimer_output_esmfold2_fast_loop10_samplingsteps68,2cny,0.946,0.969,0.393,0.573
2cny,42,3,0.9544,0.9459,0.9533,0.9562,0.9532,0.6764,0.4876,PepSet_dimer_output_esmfold2_fast_loop10_samplingsteps68,2cny,0.934,0.969,0.488,0.661
2cny,42,4,0.9552,0.9478,0.9542,0.9571,0.9533,0.6012,0.4545,PepSet_dimer_output_esmfold2_fast_loop10_samplingsteps68,2cny,0.948,0.979,0.454,0.588
2cny,43,0,0.9572,0.9501,0.9563,0.9588,0.955,0.6775,0.5042,PepSet_dimer_output_esmfold2_fast_loop10_samplingsteps68,2cny,0.937,0.979,0.504,0.668
2cny,43,1,0.9535,0.9461,0.9525,0.9548,0.9507,0.7046,0.555,PepSet_dimer_output_esmfold2_fast_loop10_samplingsteps68,2cny,0.929,0.969,0.555,0.7
2cny,43,2,0.9559,0.9487,0.9549,0.9575,0.9537,0.6457,0.5025,PepSet_dimer_output_esmfold2_fast_loop10_samplingsteps68,2cny,0.938,0.969,0.502,0.636
2cny,43,3,0.9546,0.9476,0.9537,0.9564,0.9529,0.6398,0.4862,PepSet_dimer_output_esmfold2_fast_loop10_samplingsteps68,2cny,0.938,0.969,0.486,0.634
2cny,43,4,0.9555,0.9484,0.9546,0.9569,0.9535,0.6139,0.4672,PepSet_dimer_output_esmfold2_fast_loop10_samplingsteps68,2cny,0.942,0.969,0.467,0.603
2cny,44,0,0.956,0.9492,0.9551,0.9575,0.9539,0.6227,0.4774,PepSet_dimer_output_esmfold2_fast_loop10_samplingsteps68,2cny,0.937,0.958,0.477,0.617
2cny,44,1,0.9567,0.9495,0.9557,0.9584,0.9542,0.5941,0.4357,PepSet_dimer_output_esmfold2_fast_loop10_samplingsteps68,2cny,0.946,0.969,0.436,0.577
2cny,44,2,0.9566,0.9483,0.9555,0.9577,0.9544,0.6005,0.4089,PepSet_dimer_output_esmfold2_fast_loop10_samplingsteps68,2cny,0.947,0.979,0.409,0.593
2cny,44,3,0.9556,0.9488,0.9547,0.957,0.9535,0.5845,0.428,PepSet_dimer_output_esmfold2_fast_loop10_samplingsteps68,2cny,0.95,0.979,0.428,0.57
2cny,44,4,0.956,0.9491,0.9551,0.9572,0.9542,0.6491,0.5114,PepSet_dimer_output_esmfold2_fast_loop10_samplingsteps68,2cny,0.934,0.958,0.511,0.638
2e4h,42,0,0.7856,0.5446,0.7621,0.7166,0.5584,1.2474,8.1914,PepSet_dimer_output_esmfold2_fast_loop10_samplingsteps68,2e4h,0.481,0.72,8.191,2.97
2e4h,42,1,0.7918,0.5418,0.7674,0.7268,0.5548,1.2619,6.046,PepSet_dimer_output_esmfold2_fast_loop10_samplingsteps68,2e4h,0.553,0.68,6.046,2.209
2e4h,42,2,0.7868,0.5566,0.7643,0.7216,0.5961,1.1625,5.7431,PepSet_dimer_output_esmfold2_fast_loop10_samplingsteps68,2e4h,0.586,0.72,5.743,2.036
2e4h,42,3,0.7919,0.5387,0.7672,0.7273,0.5672,1.1253,5.3847,PepSet_dimer_output_esmfold2_fast_loop10_samplingsteps68,2e4h,0.588,0.68,5.385,1.961
2e4h,42,4,0.7947,0.5506,0.7709,0.7317,0.5872,1.2802,4.3418,PepSet_dimer_output_esmfold2_fast_loop10_samplingsteps68,2e4h,0.7,0.84,4.342,1.6
2e4h,43,0,0.7932,0.5502,0.7695,0.7285,0.5895,1.3063,5.0699,PepSet_dimer_output_esmfold2_fast_loop10_samplingsteps68,2e4h,0.624,0.72,5.07,1.779
2e4h,43,1,0.7956,0.5545,0.772,0.7302,0.5867,1.0939,3.1764,PepSet_dimer_output_esmfold2_fast_loop10_samplingsteps68,2e4h,0.719,0.76,3.176,1.441
2e4h,43,2,0.7855,0.5554,0.7631,0.7185,0.5713,1.121,6.0781,PepSet_dimer_output_esmfold2_fast_loop10_samplingsteps68,2e4h,0.588,0.76,6.078,2.082
2e4h,43,3,0.768,0.5392,0.7457,0.7004,0.5658,1.2117,6.2719,PepSet_dimer_output_esmfold2_fast_loop10_samplingsteps68,2e4h,0.556,0.72,6.272,2.282
2e4h,43,4,0.7812,0.5543,0.759,0.7192,0.5744,1.1636,4.0499,PepSet_dimer_output_esmfold2_fast_loop10_samplingsteps68,2e4h,0.682,0.76,4.05,1.588
2e4h,44,0,0.7921,0.5549,0.769,0.7268,0.5749,1.0709,2.5493,PepSet_dimer_output_esmfold2_fast_loop10_samplingsteps68,2e4h,0.724,0.68,2.549,1.287
2e4h,44,1,0.7893,0.5565,0.7666,0.7199,0.5721,1.193,8.2985,PepSet_dimer_output_esmfold2_fast_loop10_samplingsteps68,2e4h,0.477,0.72,8.299,3.008
2e4h,44,2,0.7996,0.5465,0.7749,0.7338,0.5697,1.0313,7.562,PepSet_dimer_output_esmfold2_fast_loop10_samplingsteps68,2e4h,0.492,0.68,7.562,2.681
2e4h,44,3,0.7802,0.5363,0.7564,0.7164,0.5665,1.2158,7.0285,PepSet_dimer_output_esmfold2_fast_loop10_samplingsteps68,2e4h,0.484,0.6,7.028,2.542
2e4h,44,4,0.794,0.5494,0.7702,0.728,0.5879,1.0838,5.767,PepSet_dimer_output_esmfold2_fast_loop10_samplingsteps68,2e4h,0.58,0.72,5.767,2.117
2fgr,42,0,0.9218,0.3465,0.9083,0.9353,0.4679,0.9248,23.7994,PepSet_dimer_output_esmfold2_fast_loop10_samplingsteps68,2fgr,0.045,0.0,23.799,9.81
2fgr,42,1,0.9234,0.3413,0.9097,0.9379,0.4397,0.8711,27.1073,PepSet_dimer_output_esmfold2_fast_loop10_samplingsteps68,2fgr,0.036,0.0,27.107,10.928
2fgr,42,2,0.9355,0.3701,0.9222,0.9453,0.4861,0.7451,22.1515,PepSet_dimer_output_esmfold2_fast_loop10_samplingsteps68,2fgr,0.052,0.0,22.152,8.947
2fgr,42,3,0.9378,0.3647,0.9243,0.9463,0.4841,0.7496,23.2479,PepSet_dimer_output_esmfold2_fast_loop10_samplingsteps68,2fgr,0.048,0.0,23.248,9.43
2fgr,42,4,0.9319,0.3253,0.9176,0.9412,0.4212,0.7285,27.872,PepSet_dimer_output_esmfold2_fast_loop10_samplingsteps68,2fgr,0.034,0.0,27.872,11.449
2fgr,43,0,0.9381,0.3668,0.9246,0.9468,0.4815,0.7401,21.8247,PepSet_dimer_output_esmfold2_fast_loop10_samplingsteps68,2fgr,0.053,0.0,21.825,8.8
2fgr,43,1,0.9396,0.3457,0.9256,0.9475,0.4613,0.6862,26.795,PepSet_dimer_output_esmfold2_fast_loop10_samplingsteps68,2fgr,0.037,0.0,26.795,10.941
2fgr,43,2,0.9347,0.357,0.9211,0.9451,0.4662,0.7604,20.4182,PepSet_dimer_output_esmfold2_fast_loop10_samplingsteps68,2fgr,0.073,0.038,20.418,8.171
2fgr,43,3,0.9355,0.3504,0.9217,0.9446,0.4637,0.7636,21.5126,PepSet_dimer_output_esmfold2_fast_loop10_samplingsteps68,2fgr,0.068,0.038,21.513,8.597
2fgr,43,4,0.9308,0.3501,0.9171,0.9412,0.4575,0.8026,22.4618,PepSet_dimer_output_esmfold2_fast_loop10_samplingsteps68,2fgr,0.051,0.0,22.462,8.92
2fgr,44,0,0.9198,0.3046,0.9053,0.9352,0.3977,0.88,29.7092,PepSet_dimer_output_esmfold2_fast_loop10_samplingsteps68,2fgr,0.03,0.0,29.709,12.046
2fgr,44,1,0.9363,0.3426,0.9223,0.9453,0.4396,0.7363,19.6084,PepSet_dimer_output_esmfold2_fast_loop10_samplingsteps68,2fgr,0.077,0.038,19.608,7.873
2fgr,44,2,0.9348,0.3528,0.9211,0.9446,0.462,0.7664,21.4801,PepSet_dimer_output_esmfold2_fast_loop10_samplingsteps68,2fgr,0.068,0.038,21.48,8.693
2fgr,44,3,0.9355,0.349,0.9217,0.9449,0.4653,0.7063,25.0607,PepSet_dimer_output_esmfold2_fast_loop10_samplingsteps68,2fgr,0.041,0.0,25.061,10.278
2fgr,44,4,0.9295,0.3354,0.9156,0.9407,0.4204,0.7297,25.0593,PepSet_dimer_output_esmfold2_fast_loop10_samplingsteps68,2fgr,0.041,0.0,25.059,10.201
2fka,42,0,0.9147,0.8278,0.9084,0.9208,0.8222,0.2727,1.4641,PepSet_dimer_output_esmfold2_fast_loop10_samplingsteps68,2fka,0.927,0.952,1.464,0.609
2fka,42,1,0.9118,0.8155,0.9048,0.9184,0.8086,0.2701,1.2652,PepSet_dimer_output_esmfold2_fast_loop10_samplingsteps68,2fka,0.95,1.0,1.265,0.575
2fka,42,2,0.9122,0.8215,0.9056,0.9189,0.8134,0.262,1.0879,PepSet_dimer_output_esmfold2_fast_loop10_samplingsteps68,2fka,0.964,1.0,1.088,0.48
2fka,42,3,0.9338,0.8711,0.9293,0.938,0.8683,0.5661,1.2814,PepSet_dimer_output_esmfold2_fast_loop10_samplingsteps68,2fka,0.906,0.952,1.281,0.776
2fka,42,4,0.9139,0.8213,0.9072,0.9209,0.8152,0.2493,1.2783,PepSet_dimer_output_esmfold2_fast_loop10_samplingsteps68,2fka,0.956,1.0,1.278,0.526
2fka,43,0,0.931,0.8666,0.9263,0.9355,0.8639,0.5532,1.3626,PepSet_dimer_output_esmfold2_fast_loop10_samplingsteps68,2fka,0.903,0.952,1.363,0.792
2fka,43,1,0.9344,0.8746,0.93,0.9399,0.8727,0.6434,1.2057,PepSet_dimer_output_esmfold2_fast_loop10_samplingsteps68,2fka,0.909,0.952,1.206,0.766
2fka,43,2,0.9126,0.826,0.9063,0.9192,0.8178,0.2575,1.3315,PepSet_dimer_output_esmfold2_fast_loop10_samplingsteps68,2fka,0.952,1.0,1.331,0.551
2fka,43,3,0.9191,0.8329,0.9128,0.9254,0.8273,0.2567,1.1844,PepSet_dimer_output_esmfold2_fast_loop10_samplingsteps68,2fka,0.941,0.952,1.184,0.524
2fka,43,4,0.9207,0.8322,0.9143,0.9278,0.8295,0.2715,1.3329,PepSet_dimer_output_esmfold2_fast_loop10_samplingsteps68,2fka,0.953,1.0,1.333,0.545
2fka,44,0,0.9131,0.8224,0.9065,0.9194,0.8166,0.2686,1.2707,PepSet_dimer_output_esmfold2_fast_loop10_samplingsteps68,2fka,0.954,1.0,1.271,0.542
2fka,44,1,0.9384,0.8792,0.9341,0.9429,0.878,0.6076,1.3122,PepSet_dimer_output_esmfold2_fast_loop10_samplingsteps68,2fka,0.905,0.952,1.312,0.784
2fka,44,2,0.9236,0.8551,0.9186,0.9294,0.8509,0.4471,1.3117,PepSet_dimer_output_esmfold2_fast_loop10_samplingsteps68,2fka,0.929,1.0,1.312,0.728
2fka,44,3,0.9274,0.8587,0.9225,0.9323,0.8555,0.4955,1.3654,PepSet_dimer_output_esmfold2_fast_loop10_samplingsteps68,2fka,0.89,0.905,1.365,0.771
2fka,44,4,0.9115,0.8237,0.9051,0.9183,0.8197,0.268,1.4463,PepSet_dimer_output_esmfold2_fast_loop10_samplingsteps68,2fka,0.928,0.952,1.446,0.607
2hpl,42,0,0.9546,0.8819,0.9512,0.9609,0.8743,0.3271,0.7271,PepSet_dimer_output_esmfold2_fast_loop10_samplingsteps68,2hpl,0.97,0.957,0.727,0.299
2hpl,42,1,0.955,0.8791,0.9514,0.9611,0.874,0.3539,0.6032,PepSet_dimer_output_esmfold2_fast_loop10_samplingsteps68,2hpl,0.972,0.957,0.603,0.282
2hpl,42,2,0.9559,0.8802,0.9523,0.9625,0.8782,0.3154,0.4799,PepSet_dimer_output_esmfold2_fast_loop10_samplingsteps68,2hpl,0.962,0.913,0.48,0.237
2hpl,42,3,0.9514,0.8795,0.948,0.958,0.8725,0.7025,0.5338,PepSet_dimer_output_esmfold2_fast_loop10_samplingsteps68,2hpl,0.989,1.0,0.534,0.255
2hpl,42,4,0.9554,0.8753,0.9516,0.9616,0.8743,0.3556,0.7223,PepSet_dimer_output_esmfold2_fast_loop10_samplingsteps68,2hpl,0.955,0.913,0.722,0.314
2hpl,43,0,0.9544,0.8753,0.9507,0.96,0.8662,0.3817,0.6201,PepSet_dimer_output_esmfold2_fast_loop10_samplingsteps68,2hpl,0.959,0.913,0.62,0.269
2hpl,43,1,0.9559,0.879,0.9523,0.9618,0.8709,0.3282,0.5489,PepSet_dimer_output_esmfold2_fast_loop10_samplingsteps68,2hpl,0.989,1.0,0.549,0.262
2hpl,43,2,0.9559,0.8775,0.9521,0.9618,0.8744,0.3197,0.6132,PepSet_dimer_output_esmfold2_fast_loop10_samplingsteps68,2hpl,0.959,0.913,0.613,0.266
2hpl,43,3,0.9549,0.8793,0.9513,0.9613,0.8771,0.3401,0.5666,PepSet_dimer_output_esmfold2_fast_loop10_samplingsteps68,2hpl,0.958,0.913,0.567,0.286
2hpl,43,4,0.9515,0.8795,0.948,0.9574,0.8709,0.4144,0.609,PepSet_dimer_output_esmfold2_fast_loop10_samplingsteps68,2hpl,0.973,0.957,0.609,0.273
2hpl,44,0,0.9551,0.8815,0.9516,0.9613,0.8777,0.3289,0.593,PepSet_dimer_output_esmfold2_fast_loop10_samplingsteps68,2hpl,0.988,1.0,0.593,0.265
2hpl,44,1,0.9552,0.8801,0.9517,0.9613,0.8732,0.3371,0.5097,PepSet_dimer_output_esmfold2_fast_loop10_samplingsteps68,2hpl,0.974,0.957,0.51,0.264
2hpl,44,2,0.955,0.8642,0.9507,0.9609,0.8653,0.3366,0.8604,PepSet_dimer_output_esmfold2_fast_loop10_samplingsteps68,2hpl,0.954,0.913,0.86,0.308
2hpl,44,3,0.9525,0.8808,0.9491,0.9578,0.8769,0.4108,0.6198,PepSet_dimer_output_esmfold2_fast_loop10_samplingsteps68,2hpl,0.987,1.0,0.62,0.28
2hpl,44,4,0.9514,0.8827,0.9481,0.9578,0.8801,0.7267,0.7851,PepSet_dimer_output_esmfold2_fast_loop10_samplingsteps68,2hpl,0.97,0.957,0.785,0.299
2ht9,42,0,0.8851,0.3193,0.8265,0.854,0.1203,2.2766,26.9092,PepSet_dimer_output_esmfold2_fast_loop10_samplingsteps68,2ht9,0.037,0.0,26.909,10.159
2ht9,42,1,0.8854,0.326,0.8275,0.8566,0.1318,2.4602,13.3834,PepSet_dimer_output_esmfold2_fast_loop10_samplingsteps68,2ht9,0.239,0.364,13.383,5.708
2ht9,42,2,0.8796,0.3433,0.8241,0.8539,0.1666,1.647,24.7083,PepSet_dimer_output_esmfold2_fast_loop10_samplingsteps68,2ht9,0.046,0.0,24.708,8.036
2ht9,42,3,0.8822,0.3212,0.8242,0.8547,0.1414,1.9254,27.3505,PepSet_dimer_output_esmfold2_fast_loop10_samplingsteps68,2ht9,0.038,0.0,27.35,9.006
2ht9,42,4,0.8857,0.3416,0.8294,0.8579,0.1619,2.5031,23.1309,PepSet_dimer_output_esmfold2_fast_loop10_samplingsteps68,2ht9,0.052,0.0,23.131,7.791
2ht9,43,0,0.8839,0.3231,0.8259,0.8545,0.133,2.4425,28.3398,PepSet_dimer_output_esmfold2_fast_loop10_samplingsteps68,2ht9,0.035,0.0,28.34,9.923
2ht9,43,1,0.8893,0.3092,0.8293,0.8554,0.0975,2.4657,22.203,PepSet_dimer_output_esmfold2_fast_loop10_samplingsteps68,2ht9,0.051,0.0,22.203,9.54
2ht9,43,2,0.8835,0.3242,0.8256,0.8526,0.1229,2.347,25.9635,PepSet_dimer_output_esmfold2_fast_loop10_samplingsteps68,2ht9,0.04,0.0,25.964,9.702
2ht9,43,3,0.8861,0.3079,0.8263,0.8568,0.1256,2.5278,27.2882,PepSet_dimer_output_esmfold2_fast_loop10_samplingsteps68,2ht9,0.037,0.0,27.288,9.762
2ht9,43,4,0.8859,0.3221,0.8275,0.8577,0.126,2.3985,26.5569,PepSet_dimer_output_esmfold2_fast_loop10_samplingsteps68,2ht9,0.038,0.0,26.557,10.141
2ht9,44,0,0.8895,0.329,0.8315,0.8564,0.1189,2.4889,13.4552,PepSet_dimer_output_esmfold2_fast_loop10_samplingsteps68,2ht9,0.121,0.0,13.455,5.144
2ht9,44,1,0.8812,0.3701,0.8283,0.8523,0.1901,1.5736,24.9528,PepSet_dimer_output_esmfold2_fast_loop10_samplingsteps68,2ht9,0.046,0.0,24.953,8.075
2ht9,44,2,0.8899,0.3337,0.8324,0.8535,0.1518,2.5507,32.908,PepSet_dimer_output_esmfold2_fast_loop10_samplingsteps68,2ht9,0.027,0.0,32.908,11.357
2ht9,44,3,0.8868,0.3499,0.8313,0.8608,0.1815,2.5381,27.2016,PepSet_dimer_output_esmfold2_fast_loop10_samplingsteps68,2ht9,0.039,0.0,27.202,8.711
2ht9,44,4,0.8859,0.3239,0.8278,0.8586,0.1524,2.6195,27.3591,PepSet_dimer_output_esmfold2_fast_loop10_samplingsteps68,2ht9,0.038,0.0,27.359,9.064
2i94,42,0,0.8495,0.6118,0.8303,0.8402,0.6654,2.8833,13.7653,PepSet_dimer_output_esmfold2_fast_loop10_samplingsteps68,2i94,0.144,0.106,13.765,6.645
2i94,42,1,0.8542,0.6428,0.8371,0.8504,0.7099,2.5569,13.0376,PepSet_dimer_output_esmfold2_fast_loop10_samplingsteps68,2i94,0.167,0.149,13.038,6.267
2i94,42,2,0.861,0.6566,0.8445,0.8607,0.7245,2.5986,13.1163,PepSet_dimer_output_esmfold2_fast_loop10_samplingsteps68,2i94,0.166,0.149,13.116,6.341
2i94,42,3,0.8539,0.6279,0.8356,0.8501,0.6921,2.6897,13.0609,PepSet_dimer_output_esmfold2_fast_loop10_samplingsteps68,2i94,0.167,0.149,13.061,6.318
2i94,42,4,0.8576,0.6289,0.8391,0.8552,0.6829,2.6139,13.6401,PepSet_dimer_output_esmfold2_fast_loop10_samplingsteps68,2i94,0.152,0.128,13.64,6.534
2i94,43,0,0.8539,0.6397,0.8366,0.8501,0.7021,2.6007,13.0309,PepSet_dimer_output_esmfold2_fast_loop10_samplingsteps68,2i94,0.167,0.149,13.031,6.226
2i94,43,1,0.852,0.6479,0.8355,0.85,0.7146,2.6142,13.0912,PepSet_dimer_output_esmfold2_fast_loop10_samplingsteps68,2i94,0.152,0.106,13.091,6.276
2i94,43,2,0.8538,0.633,0.836,0.8526,0.6932,2.6317,13.4029,PepSet_dimer_output_esmfold2_fast_loop10_samplingsteps68,2i94,0.148,0.106,13.403,6.441
2i94,43,3,0.8544,0.6163,0.8352,0.8493,0.6795,2.6498,13.1247,PepSet_dimer_output_esmfold2_fast_loop10_samplingsteps68,2i94,0.152,0.106,13.125,6.331
2i94,43,4,0.853,0.6229,0.8344,0.8422,0.6943,2.7949,12.7347,PepSet_dimer_output_esmfold2_fast_loop10_samplingsteps68,2i94,0.171,0.149,12.735,6.254
2i94,44,0,0.8525,0.615,0.8333,0.8491,0.6757,2.7206,14.7345,PepSet_dimer_output_esmfold2_fast_loop10_samplingsteps68,2i94,0.14,0.128,14.735,7.092
2i94,44,1,0.8497,0.6271,0.8317,0.844,0.6902,2.7696,13.3304,PepSet_dimer_output_esmfold2_fast_loop10_samplingsteps68,2i94,0.163,0.149,13.33,6.405
2i94,44,2,0.8494,0.6021,0.8294,0.8383,0.6725,2.7051,14.4601,PepSet_dimer_output_esmfold2_fast_loop10_samplingsteps68,2i94,0.143,0.128,14.46,6.955
2i94,44,3,0.8498,0.6303,0.8321,0.8461,0.6918,2.6429,13.0605,PepSet_dimer_output_esmfold2_fast_loop10_samplingsteps68,2i94,0.167,0.149,13.061,6.238
2i94,44,4,0.8505,0.6269,0.8324,0.8449,0.6782,2.7079,13.0423,PepSet_dimer_output_esmfold2_fast_loop10_samplingsteps68,2i94,0.167,0.149,13.042,6.299
2ivz,42,0,0.938,0.9109,0.937,0.9606,0.9676,0.7653,1.1659,PepSet_dimer_output_esmfold2_fast_loop10_samplingsteps68,2ivz,0.9,0.963,1.166,0.856
2ivz,42,1,0.9382,0.9151,0.9374,0.9607,0.9704,0.8417,0.8077,PepSet_dimer_output_esmfold2_fast_loop10_samplingsteps68,2ivz,0.917,0.963,0.808,0.759
2ivz,42,2,0.9388,0.9169,0.938,0.961,0.9718,0.8133,0.73,PepSet_dimer_output_esmfold2_fast_loop10_samplingsteps68,2ivz,0.917,0.963,0.73,0.758
2ivz,42,3,0.9383,0.9156,0.9375,0.961,0.9707,0.7873,0.644,PepSet_dimer_output_esmfold2_fast_loop10_samplingsteps68,2ivz,0.922,0.963,0.644,0.732
2ivz,42,4,0.938,0.9147,0.9372,0.9605,0.9706,0.7973,0.7755,PepSet_dimer_output_esmfold2_fast_loop10_samplingsteps68,2ivz,0.918,0.963,0.775,0.749
2ivz,43,0,0.9395,0.9144,0.9386,0.9615,0.9701,0.7455,0.7672,PepSet_dimer_output_esmfold2_fast_loop10_samplingsteps68,2ivz,0.918,0.963,0.767,0.75
2ivz,43,1,0.9376,0.9133,0.9367,0.9601,0.9693,0.8001,0.9936,PepSet_dimer_output_esmfold2_fast_loop10_samplingsteps68,2ivz,0.91,0.963,0.994,0.793
2ivz,43,2,0.9386,0.9152,0.9377,0.9606,0.9709,0.734,0.7248,PepSet_dimer_output_esmfold2_fast_loop10_samplingsteps68,2ivz,0.911,0.944,0.725,0.762
2ivz,43,3,0.9376,0.9148,0.9368,0.9588,0.9706,0.8228,0.7916,PepSet_dimer_output_esmfold2_fast_loop10_samplingsteps68,2ivz,0.918,0.963,0.792,0.749
2ivz,43,4,0.9394,0.9148,0.9385,0.9607,0.9703,0.8259,0.8535,PepSet_dimer_output_esmfold2_fast_loop10_samplingsteps68,2ivz,0.919,0.963,0.854,0.742
2ivz,44,0,0.9373,0.9141,0.9364,0.9592,0.9702,0.795,0.7981,PepSet_dimer_output_esmfold2_fast_loop10_samplingsteps68,2ivz,0.92,0.963,0.798,0.735
2ivz,44,1,0.9381,0.9159,0.9373,0.961,0.9714,0.7426,0.7649,PepSet_dimer_output_esmfold2_fast_loop10_samplingsteps68,2ivz,0.919,0.963,0.765,0.748
2ivz,44,2,0.9393,0.9151,0.9384,0.9607,0.9702,0.774,0.8247,PepSet_dimer_output_esmfold2_fast_loop10_samplingsteps68,2ivz,0.919,0.963,0.825,0.74
2ivz,44,3,0.9388,0.9158,0.9379,0.9611,0.9711,0.7635,0.922,PepSet_dimer_output_esmfold2_fast_loop10_samplingsteps68,2ivz,0.912,0.963,0.922,0.788
2ivz,44,4,0.9387,0.918,0.938,0.961,0.9721,0.7741,0.783,PepSet_dimer_output_esmfold2_fast_loop10_samplingsteps68,2ivz,0.916,0.963,0.783,0.767
2jkg,42,0,0.9282,0.5639,0.9113,0.9255,0.4861,0.9652,1.9732,PepSet_dimer_output_esmfold2_fast_loop10_samplingsteps68,2jkg,0.818,0.765,1.973,0.891
2jkg,42,1,0.93,0.4665,0.9086,0.9225,0.3095,0.7369,13.5697,PepSet_dimer_output_esmfold2_fast_loop10_samplingsteps68,2jkg,0.193,0.235,13.57,5.792
2jkg,42,2,0.9292,0.5023,0.9094,0.9256,0.3761,0.6883,2.3815,PepSet_dimer_output_esmfold2_fast_loop10_samplingsteps68,2jkg,0.671,0.412,2.381,1.043
2jkg,42,3,0.9307,0.5544,0.9133,0.9287,0.4633,0.731,3.9537,PepSet_dimer_output_esmfold2_fast_loop10_samplingsteps68,2jkg,0.615,0.529,3.954,1.521
2jkg,42,4,0.9316,0.5745,0.915,0.9298,0.5057,0.7695,2.4201,PepSet_dimer_output_esmfold2_fast_loop10_samplingsteps68,2jkg,0.77,0.706,2.42,1.028
2jkg,43,0,0.9306,0.544,0.9127,0.9279,0.4497,0.7482,3.3508,PepSet_dimer_output_esmfold2_fast_loop10_samplingsteps68,2jkg,0.712,0.706,3.351,1.317
2jkg,43,1,0.9299,0.5459,0.9121,0.9285,0.4496,0.663,2.5677,PepSet_dimer_output_esmfold2_fast_loop10_samplingsteps68,2jkg,0.728,0.588,2.568,1.03
2jkg,43,2,0.9287,0.5064,0.9092,0.9214,0.3672,1.093,3.0961,PepSet_dimer_output_esmfold2_fast_loop10_samplingsteps68,2jkg,0.655,0.471,3.096,1.195
2jkg,43,3,0.9292,0.5025,0.9095,0.9254,0.3878,0.6957,4.5399,PepSet_dimer_output_esmfold2_fast_loop10_samplingsteps68,2jkg,0.583,0.529,4.54,1.692
2jkg,43,4,0.9297,0.5462,0.912,0.9244,0.4651,1.0725,2.2344,PepSet_dimer_output_esmfold2_fast_loop10_samplingsteps68,2jkg,0.738,0.588,2.234,1.005
2jkg,44,0,0.9285,0.5167,0.9094,0.9257,0.3869,0.7257,3.4196,PepSet_dimer_output_esmfold2_fast_loop10_samplingsteps68,2jkg,0.628,0.471,3.42,1.348
2jkg,44,1,0.9309,0.5631,0.9139,0.929,0.475,0.752,3.4935,PepSet_dimer_output_esmfold2_fast_loop10_samplingsteps68,2jkg,0.686,0.647,3.493,1.344
2jkg,44,2,0.9282,0.5325,0.9099,0.9256,0.4306,0.689,3.1711,PepSet_dimer_output_esmfold2_fast_loop10_samplingsteps68,2jkg,0.683,0.588,3.171,1.269
2jkg,44,3,0.9284,0.4654,0.907,0.9218,0.3125,0.7491,13.9126,PepSet_dimer_output_esmfold2_fast_loop10_samplingsteps68,2jkg,0.17,0.176,13.913,5.875
2jkg,44,4,0.931,0.5714,0.9144,0.9294,0.4954,0.7687,2.8937,PepSet_dimer_output_esmfold2_fast_loop10_samplingsteps68,2jkg,0.746,0.706,2.894,1.132
2jnw,42,0,0.9286,0.7739,0.9152,0.9359,0.8479,0.7907,2.7347,PepSet_dimer_output_esmfold2_fast_loop10_samplingsteps68,2jnw,0.778,0.868,2.735,1.328
2jnw,42,1,0.9304,0.7553,0.9152,0.9365,0.851,0.7966,2.6009,PepSet_dimer_output_esmfold2_fast_loop10_samplingsteps68,2jnw,0.778,0.842,2.601,1.282
2jnw,42,2,0.9304,0.7739,0.9169,0.9378,0.8459,0.8053,2.8954,PepSet_dimer_output_esmfold2_fast_loop10_samplingsteps68,2jnw,0.769,0.868,2.895,1.378
2jnw,42,3,0.9305,0.7703,0.9166,0.9382,0.8469,0.7799,3.0004,PepSet_dimer_output_esmfold2_fast_loop10_samplingsteps68,2jnw,0.754,0.842,3.0,1.408
2jnw,42,4,0.9306,0.7734,0.9169,0.938,0.8498,0.7959,2.2754,PepSet_dimer_output_esmfold2_fast_loop10_samplingsteps68,2jnw,0.805,0.868,2.275,1.192
2jnw,43,0,0.9279,0.7722,0.9145,0.9358,0.8348,0.7905,2.3849,PepSet_dimer_output_esmfold2_fast_loop10_samplingsteps68,2jnw,0.791,0.842,2.385,1.212
2jnw,43,1,0.9288,0.7658,0.9147,0.9357,0.8434,0.7999,2.5265,PepSet_dimer_output_esmfold2_fast_loop10_samplingsteps68,2jnw,0.781,0.842,2.527,1.271
2jnw,43,2,0.9288,0.7738,0.9154,0.9361,0.8388,0.7808,2.7419,PepSet_dimer_output_esmfold2_fast_loop10_samplingsteps68,2jnw,0.762,0.816,2.742,1.316
2jnw,43,3,0.9305,0.7721,0.9167,0.9385,0.8497,0.7876,3.2118,PepSet_dimer_output_esmfold2_fast_loop10_samplingsteps68,2jnw,0.75,0.868,3.212,1.479
2jnw,43,4,0.9301,0.7697,0.9162,0.9371,0.846,0.7768,2.1957,PepSet_dimer_output_esmfold2_fast_loop10_samplingsteps68,2jnw,0.802,0.842,2.196,1.157
2jnw,44,0,0.9285,0.7794,0.9156,0.9366,0.8477,0.8024,2.8252,PepSet_dimer_output_esmfold2_fast_loop10_samplingsteps68,2jnw,0.774,0.868,2.825,1.35
2jnw,44,1,0.9307,0.7666,0.9165,0.9383,0.8495,0.8122,3.5663,PepSet_dimer_output_esmfold2_fast_loop10_samplingsteps68,2jnw,0.733,0.868,3.566,1.562
2jnw,44,2,0.9303,0.769,0.9163,0.9377,0.8475,0.7937,2.9564,PepSet_dimer_output_esmfold2_fast_loop10_samplingsteps68,2jnw,0.766,0.868,2.956,1.391
2jnw,44,3,0.9304,0.7617,0.9158,0.9372,0.8464,0.7928,2.6607,PepSet_dimer_output_esmfold2_fast_loop10_samplingsteps68,2jnw,0.774,0.842,2.661,1.301
2jnw,44,4,0.9291,0.7618,0.9146,0.9366,0.8453,0.8107,4.05,PepSet_dimer_output_esmfold2_fast_loop10_samplingsteps68,2jnw,0.693,0.842,4.05,1.757
2jqk,42,0,0.8979,0.808,0.8832,0.8878,0.8107,1.0454,3.5737,PepSet_dimer_output_esmfold2_fast_loop10_samplingsteps68,2jqk,0.741,0.917,3.574,1.636
2jqk,42,1,0.8922,0.7839,0.8746,0.8755,0.7668,0.9887,3.5078,PepSet_dimer_output_esmfold2_fast_loop10_samplingsteps68,2jqk,0.748,0.917,3.508,1.585
2jqk,42,2,0.8998,0.8095,0.8851,0.8926,0.8143,0.9317,3.4966,PepSet_dimer_output_esmfold2_fast_loop10_samplingsteps68,2jqk,0.75,0.917,3.497,1.566
2jqk,42,3,0.8999,0.7798,0.8804,0.886,0.7903,1.0028,2.5763,PepSet_dimer_output_esmfold2_fast_loop10_samplingsteps68,2jqk,0.798,0.917,2.576,1.323
2jqk,42,4,0.8978,0.8146,0.8842,0.8932,0.8237,0.9483,3.2739,PepSet_dimer_output_esmfold2_fast_loop10_samplingsteps68,2jqk,0.761,0.917,3.274,1.515
2jqk,43,0,0.8938,0.8092,0.88,0.8853,0.8097,1.0696,3.1412,PepSet_dimer_output_esmfold2_fast_loop10_samplingsteps68,2jqk,0.778,0.917,3.141,1.392
2jqk,43,1,0.898,0.7795,0.8787,0.8826,0.7742,0.9696,3.5666,PepSet_dimer_output_esmfold2_fast_loop10_samplingsteps68,2jqk,0.723,0.917,3.567,1.833
2jqk,43,2,0.9026,0.8148,0.8884,0.8969,0.8176,0.9551,3.3996,PepSet_dimer_output_esmfold2_fast_loop10_samplingsteps68,2jqk,0.755,0.917,3.4,1.542
2jqk,43,3,0.8954,0.8067,0.8809,0.8857,0.8071,0.9604,3.204,PepSet_dimer_output_esmfold2_fast_loop10_samplingsteps68,2jqk,0.769,0.917,3.204,1.46
2jqk,43,4,0.8953,0.7763,0.876,0.8798,0.7723,0.9777,2.975,PepSet_dimer_output_esmfold2_fast_loop10_samplingsteps68,2jqk,0.764,0.917,2.975,1.544
2jqk,44,0,0.8979,0.8087,0.8834,0.89,0.8068,0.9446,3.0672,PepSet_dimer_output_esmfold2_fast_loop10_samplingsteps68,2jqk,0.778,0.917,3.067,1.405
2jqk,44,1,0.8957,0.7968,0.8796,0.889,0.794,0.9444,3.7034,PepSet_dimer_output_esmfold2_fast_loop10_samplingsteps68,2jqk,0.73,0.917,3.703,1.713
2jqk,44,2,0.8884,0.7734,0.8697,0.8627,0.7558,1.0284,3.5205,PepSet_dimer_output_esmfold2_fast_loop10_samplingsteps68,2jqk,0.729,0.917,3.521,1.774
2jqk,44,3,0.8964,0.8097,0.8822,0.8884,0.8066,0.9403,3.4056,PepSet_dimer_output_esmfold2_fast_loop10_samplingsteps68,2jqk,0.754,0.917,3.406,1.553
2jqk,44,4,0.8946,0.8099,0.8808,0.8842,0.8094,0.8983,3.1247,PepSet_dimer_output_esmfold2_fast_loop10_samplingsteps68,2jqk,0.775,0.917,3.125,1.421
2ka9,42,0,0.7907,0.5811,0.7812,0.4934,0.5931,14.7502,34.7049,PepSet_dimer_output_esmfold2_fast_loop10_samplingsteps68,2ka9,0.025,0.0,34.705,10.992
2ka9,42,1,0.7986,0.5813,0.7887,0.508,0.5938,14.9631,33.6693,PepSet_dimer_output_esmfold2_fast_loop10_samplingsteps68,2ka9,0.026,0.0,33.669,11.142
2ka9,42,2,0.785,0.5761,0.7755,0.4919,0.5824,13.8381,34.1332,PepSet_dimer_output_esmfold2_fast_loop10_samplingsteps68,2ka9,0.026,0.0,34.133,10.723
2ka9,42,3,0.7974,0.5931,0.7881,0.4997,0.594,15.1711,34.9438,PepSet_dimer_output_esmfold2_fast_loop10_samplingsteps68,2ka9,0.025,0.0,34.944,11.128
2ka9,42,4,0.8024,0.5567,0.7912,0.4859,0.5428,13.8613,44.5503,PepSet_dimer_output_esmfold2_fast_loop10_samplingsteps68,2ka9,0.014,0.0,44.55,16.599
2ka9,43,0,0.8086,0.5944,0.7989,0.4921,0.6095,13.1459,51.444,PepSet_dimer_output_esmfold2_fast_loop10_samplingsteps68,2ka9,0.012,0.0,51.444,14.851
2ka9,43,1,0.7939,0.5995,0.7851,0.5021,0.6072,14.6919,40.4989,PepSet_dimer_output_esmfold2_fast_loop10_samplingsteps68,2ka9,0.019,0.0,40.499,11.968
2ka9,43,2,0.7975,0.5991,0.7885,0.5023,0.6084,15.2019,33.6304,PepSet_dimer_output_esmfold2_fast_loop10_samplingsteps68,2ka9,0.026,0.0,33.63,11.032
2ka9,43,3,0.7962,0.5475,0.7849,0.4989,0.535,14.8481,43.1345,PepSet_dimer_output_esmfold2_fast_loop10_samplingsteps68,2ka9,0.017,0.0,43.135,12.87
2ka9,43,4,0.7995,0.5696,0.7891,0.5036,0.584,14.991,34.8817,PepSet_dimer_output_esmfold2_fast_loop10_samplingsteps68,2ka9,0.025,0.0,34.882,11.086
2ka9,44,0,0.8026,0.574,0.7922,0.5043,0.578,15.3588,35.0643,PepSet_dimer_output_esmfold2_fast_loop10_samplingsteps68,2ka9,0.024,0.0,35.064,11.138
2ka9,44,1,0.82,0.2937,0.7961,0.5154,0.2339,15.248,11.7454,PepSet_dimer_output_esmfold2_fast_loop10_samplingsteps68,2ka9,0.508,0.87,11.745,2.242
2ka9,44,2,0.7963,0.5725,0.7861,0.501,0.5809,15.2558,33.0521,PepSet_dimer_output_esmfold2_fast_loop10_samplingsteps68,2ka9,0.027,0.0,33.052,10.549
2ka9,44,3,0.8086,0.5529,0.797,0.4963,0.544,10.3957,43.7155,PepSet_dimer_output_esmfold2_fast_loop10_samplingsteps68,2ka9,0.016,0.0,43.715,13.896
2ka9,44,4,0.8206,0.2947,0.7967,0.5105,0.2355,14.6243,18.8804,PepSet_dimer_output_esmfold2_fast_loop10_samplingsteps68,2ka9,0.449,0.87,18.88,2.251
2kbr,42,0,0.8325,0.7525,0.8178,0.8061,0.7417,1.155,3.6236,PepSet_dimer_output_esmfold2_fast_loop10_samplingsteps68,2kbr,0.642,0.703,3.624,1.925
2kbr,42,1,0.8523,0.7669,0.8366,0.8314,0.7719,1.2353,3.0319,PepSet_dimer_output_esmfold2_fast_loop10_samplingsteps68,2kbr,0.676,0.73,3.032,1.796
2kbr,42,2,0.8499,0.769,0.835,0.8291,0.7655,1.2417,3.0401,PepSet_dimer_output_esmfold2_fast_loop10_samplingsteps68,2kbr,0.699,0.784,3.04,1.738
2kbr,42,3,0.8514,0.7711,0.8367,0.8331,0.7707,1.2828,3.1716,PepSet_dimer_output_esmfold2_fast_loop10_samplingsteps68,2kbr,0.678,0.73,3.172,1.744
2kbr,42,4,0.843,0.7588,0.8276,0.8184,0.7531,1.0901,2.8076,PepSet_dimer_output_esmfold2_fast_loop10_samplingsteps68,2kbr,0.743,0.838,2.808,1.532
2kbr,43,0,0.8454,0.7555,0.8289,0.8231,0.759,1.3857,3.1889,PepSet_dimer_output_esmfold2_fast_loop10_samplingsteps68,2kbr,0.696,0.784,3.189,1.737
2kbr,43,1,0.8411,0.7622,0.8266,0.8212,0.7574,1.3288,3.2858,PepSet_dimer_output_esmfold2_fast_loop10_samplingsteps68,2kbr,0.66,0.703,3.286,1.804
2kbr,43,2,0.8456,0.7541,0.8288,0.8239,0.7641,1.2071,2.5659,PepSet_dimer_output_esmfold2_fast_loop10_samplingsteps68,2kbr,0.774,0.865,2.566,1.385
2kbr,43,3,0.8408,0.7626,0.8264,0.8183,0.7499,1.2379,2.8967,PepSet_dimer_output_esmfold2_fast_loop10_samplingsteps68,2kbr,0.717,0.811,2.897,1.683
2kbr,43,4,0.8492,0.7621,0.8332,0.8285,0.7648,1.2768,2.8046,PepSet_dimer_output_esmfold2_fast_loop10_samplingsteps68,2kbr,0.686,0.703,2.805,1.651
2kbr,44,0,0.8502,0.7687,0.8353,0.8311,0.7681,1.2014,2.9651,PepSet_dimer_output_esmfold2_fast_loop10_samplingsteps68,2kbr,0.68,0.703,2.965,1.677
2kbr,44,1,0.8476,0.7689,0.8331,0.8283,0.764,1.211,3.2617,PepSet_dimer_output_esmfold2_fast_loop10_samplingsteps68,2kbr,0.671,0.73,3.262,1.797
2kbr,44,2,0.8484,0.7665,0.8333,0.8265,0.7654,1.1763,3.2875,PepSet_dimer_output_esmfold2_fast_loop10_samplingsteps68,2kbr,0.695,0.784,3.287,1.726
2kbr,44,3,0.8509,0.768,0.8357,0.8295,0.7701,1.17,3.4779,PepSet_dimer_output_esmfold2_fast_loop10_samplingsteps68,2kbr,0.697,0.838,3.478,1.855
2kbr,44,4,0.8507,0.7696,0.8358,0.8285,0.7698,1.142,3.4166,PepSet_dimer_output_esmfold2_fast_loop10_samplingsteps68,2kbr,0.682,0.784,3.417,1.828
2ke1,42,0,0.7058,0.6903,0.7038,0.5932,0.6435,3.2805,3.7682,PepSet_dimer_output_esmfold2_fast_loop10_samplingsteps68,2ke1,0.682,0.7,3.768,1.469
2ke1,42,1,0.7082,0.7214,0.7099,0.5967,0.6766,6.3615,4.2178,PepSet_dimer_output_esmfold2_fast_loop10_samplingsteps68,2ke1,0.621,0.8,4.218,2.52
2ke1,42,2,0.7104,0.7315,0.7131,0.605,0.6926,5.8308,2.6886,PepSet_dimer_output_esmfold2_fast_loop10_samplingsteps68,2ke1,0.772,0.84,2.689,1.311
2ke1,42,3,0.7075,0.7087,0.7076,0.5934,0.6605,3.7117,2.0882,PepSet_dimer_output_esmfold2_fast_loop10_samplingsteps68,2ke1,0.801,0.88,2.088,1.28
2ke1,42,4,0.6988,0.6735,0.6955,0.5877,0.6099,5.0279,3.6829,PepSet_dimer_output_esmfold2_fast_loop10_samplingsteps68,2ke1,0.627,0.72,3.683,2.187
2ke1,43,0,0.7037,0.7097,0.7045,0.5999,0.6741,6.1089,5.691,PepSet_dimer_output_esmfold2_fast_loop10_samplingsteps68,2ke1,0.606,0.78,5.691,2.057
2ke1,43,1,0.7061,0.7235,0.7084,0.5977,0.6862,3.9288,3.7391,PepSet_dimer_output_esmfold2_fast_loop10_samplingsteps68,2ke1,0.709,0.84,3.739,1.656
2ke1,43,2,0.7086,0.7125,0.7091,0.5998,0.6682,6.2358,4.7742,PepSet_dimer_output_esmfold2_fast_loop10_samplingsteps68,2ke1,0.747,0.84,4.774,1.126
2ke1,43,3,0.6935,0.7049,0.695,0.5798,0.6623,8.0084,5.95,PepSet_dimer_output_esmfold2_fast_loop10_samplingsteps68,2ke1,0.635,0.78,5.95,1.645
2ke1,43,4,0.7097,0.7193,0.7109,0.6028,0.6762,4.8776,4.3523,PepSet_dimer_output_esmfold2_fast_loop10_samplingsteps68,2ke1,0.727,0.76,4.352,1.151
2ke1,44,0,0.7072,0.7093,0.7074,0.5947,0.6601,3.8675,1.9988,PepSet_dimer_output_esmfold2_fast_loop10_samplingsteps68,2ke1,0.743,0.82,1.999,1.619
2ke1,44,1,0.718,0.7293,0.7195,0.6099,0.693,4.8478,3.3781,PepSet_dimer_output_esmfold2_fast_loop10_samplingsteps68,2ke1,0.765,0.86,3.378,1.297
2ke1,44,2,0.7149,0.7218,0.7158,0.6055,0.6841,3.8844,2.9427,PepSet_dimer_output_esmfold2_fast_loop10_samplingsteps68,2ke1,0.794,0.82,2.943,1.057
2ke1,44,3,0.704,0.723,0.7065,0.5985,0.6806,4.279,3.9248,PepSet_dimer_output_esmfold2_fast_loop10_samplingsteps68,2ke1,0.776,0.82,3.925,1.021
2ke1,44,4,0.7106,0.7152,0.7112,0.6027,0.6695,5.0313,5.2963,PepSet_dimer_output_esmfold2_fast_loop10_samplingsteps68,2ke1,0.736,0.84,5.296,1.109
2khh,42,0,0.8657,0.6797,0.8403,0.8082,0.5729,2.2193,3.319,PepSet_dimer_output_esmfold2_fast_loop10_samplingsteps68,2khh,0.647,0.793,3.319,2.4
2khh,42,1,0.8616,0.6812,0.837,0.8071,0.5693,2.1138,3.6057,PepSet_dimer_output_esmfold2_fast_loop10_samplingsteps68,2khh,0.64,0.793,3.606,2.411
2khh,42,2,0.8655,0.6693,0.8388,0.8101,0.5549,2.1144,2.3009,PepSet_dimer_output_esmfold2_fast_loop10_samplingsteps68,2khh,0.669,0.759,2.301,2.201
2khh,42,3,0.8577,0.6711,0.8322,0.8005,0.5673,2.0646,2.3152,PepSet_dimer_output_esmfold2_fast_loop10_samplingsteps68,2khh,0.686,0.793,2.315,2.117
2khh,42,4,0.86,0.6513,0.8315,0.7998,0.5445,2.0589,1.9687,PepSet_dimer_output_esmfold2_fast_loop10_samplingsteps68,2khh,0.673,0.724,1.969,2.065
2khh,43,0,0.868,0.6855,0.8431,0.8144,0.5744,2.2633,2.7893,PepSet_dimer_output_esmfold2_fast_loop10_samplingsteps68,2khh,0.671,0.828,2.789,2.394
2khh,43,1,0.862,0.6794,0.8371,0.8034,0.5736,2.2453,3.6136,PepSet_dimer_output_esmfold2_fast_loop10_samplingsteps68,2khh,0.622,0.759,3.614,2.524
2khh,43,2,0.8617,0.6714,0.8358,0.8076,0.5587,2.1427,2.7572,PepSet_dimer_output_esmfold2_fast_loop10_samplingsteps68,2khh,0.656,0.759,2.757,2.269
2khh,43,3,0.8581,0.6576,0.8308,0.8034,0.5561,2.1237,4.0691,PepSet_dimer_output_esmfold2_fast_loop10_samplingsteps68,2khh,0.584,0.69,4.069,2.603
2khh,43,4,0.8535,0.6513,0.8259,0.7909,0.5109,2.2502,3.7122,PepSet_dimer_output_esmfold2_fast_loop10_samplingsteps68,2khh,0.615,0.759,3.712,2.626
2khh,44,0,0.8569,0.6664,0.8309,0.7977,0.543,2.0806,3.5036,PepSet_dimer_output_esmfold2_fast_loop10_samplingsteps68,2khh,0.643,0.793,3.504,2.404
2khh,44,1,0.8599,0.6515,0.8314,0.8021,0.5556,2.174,2.8742,PepSet_dimer_output_esmfold2_fast_loop10_samplingsteps68,2khh,0.648,0.759,2.874,2.351
2khh,44,2,0.8632,0.6662,0.8363,0.8059,0.5631,2.1248,3.401,PepSet_dimer_output_esmfold2_fast_loop10_samplingsteps68,2khh,0.631,0.759,3.401,2.455
2khh,44,3,0.8586,0.6683,0.8327,0.8,0.556,2.2996,3.0934,PepSet_dimer_output_esmfold2_fast_loop10_samplingsteps68,2khh,0.636,0.759,3.093,2.483
2khh,44,4,0.8683,0.6874,0.8437,0.8154,0.5796,2.2243,3.3365,PepSet_dimer_output_esmfold2_fast_loop10_samplingsteps68,2khh,0.619,0.724,3.336,2.493
2koh,42,0,0.7314,0.5464,0.7081,0.7085,0.6152,3.4758,10.7456,PepSet_dimer_output_esmfold2_fast_loop10_samplingsteps68,2koh,0.485,0.865,10.746,2.952
2koh,42,1,0.7356,0.5107,0.7073,0.7106,0.6347,2.7269,12.7951,PepSet_dimer_output_esmfold2_fast_loop10_samplingsteps68,2koh,0.449,0.784,12.795,2.553
2koh,42,2,0.7345,0.5439,0.7105,0.708,0.6299,2.5386,11.2783,PepSet_dimer_output_esmfold2_fast_loop10_samplingsteps68,2koh,0.466,0.838,11.278,3.012
2koh,42,3,0.7305,0.4932,0.7006,0.7001,0.6189,3.4425,21.063,PepSet_dimer_output_esmfold2_fast_loop10_samplingsteps68,2koh,0.308,0.703,21.063,5.045
2koh,42,4,0.7426,0.4932,0.7112,0.7183,0.6445,3.3501,15.1072,PepSet_dimer_output_esmfold2_fast_loop10_samplingsteps68,2koh,0.377,0.757,15.107,3.81
2koh,43,0,0.7408,0.5082,0.7115,0.714,0.6364,3.5896,12.0663,PepSet_dimer_output_esmfold2_fast_loop10_samplingsteps68,2koh,0.417,0.811,12.066,4.28
2koh,43,1,0.7276,0.5273,0.7024,0.6961,0.6137,3.3578,8.4388,PepSet_dimer_output_esmfold2_fast_loop10_samplingsteps68,2koh,0.504,0.811,8.439,3.031
2koh,43,2,0.7338,0.5194,0.7068,0.7079,0.6233,3.8454,5.2637,PepSet_dimer_output_esmfold2_fast_loop10_samplingsteps68,2koh,0.619,0.811,5.264,2.163
2koh,43,3,0.7335,0.5433,0.7096,0.713,0.623,3.3461,10.3204,PepSet_dimer_output_esmfold2_fast_loop10_samplingsteps68,2koh,0.476,0.838,10.32,3.125
2koh,43,4,0.7324,0.5519,0.7097,0.7119,0.6275,3.0729,10.8878,PepSet_dimer_output_esmfold2_fast_loop10_samplingsteps68,2koh,0.472,0.811,10.888,2.764
2koh,44,0,0.726,0.515,0.6994,0.6983,0.6124,4.092,10.0115,PepSet_dimer_output_esmfold2_fast_loop10_samplingsteps68,2koh,0.527,0.865,10.011,2.3
2koh,44,1,0.7249,0.4938,0.6958,0.7061,0.6242,3.4662,7.9074,PepSet_dimer_output_esmfold2_fast_loop10_samplingsteps68,2koh,0.521,0.784,7.907,2.646
2koh,44,2,0.7334,0.5117,0.7055,0.7136,0.6333,3.6505,13.7288,PepSet_dimer_output_esmfold2_fast_loop10_samplingsteps68,2koh,0.419,0.811,13.729,3.336
2koh,44,3,0.7394,0.5496,0.7155,0.7146,0.6331,3.4426,9.2084,PepSet_dimer_output_esmfold2_fast_loop10_samplingsteps68,2koh,0.494,0.784,9.208,2.688
2koh,44,4,0.7316,0.5481,0.7085,0.7076,0.6225,2.6149,8.7209,PepSet_dimer_output_esmfold2_fast_loop10_samplingsteps68,2koh,0.517,0.811,8.721,2.574
2las,42,0,0.8348,0.6813,0.8129,0.7907,0.693,1.303,4.4664,PepSet_dimer_output_esmfold2_fast_loop10_samplingsteps68,2las,0.648,0.848,4.466,2.222
2las,42,1,0.8409,0.7062,0.8217,0.798,0.6915,1.5793,4.1201,PepSet_dimer_output_esmfold2_fast_loop10_samplingsteps68,2las,0.635,0.788,4.12,2.246
2las,42,2,0.8445,0.7334,0.8286,0.8039,0.7156,1.4788,4.0006,PepSet_dimer_output_esmfold2_fast_loop10_samplingsteps68,2las,0.643,0.788,4.001,2.18
2las,42,3,0.8465,0.723,0.8289,0.8034,0.7065,1.557,3.7843,PepSet_dimer_output_esmfold2_fast_loop10_samplingsteps68,2las,0.668,0.818,3.784,2.035
2las,42,4,0.837,0.7219,0.8205,0.7969,0.7012,1.3616,4.3866,PepSet_dimer_output_esmfold2_fast_loop10_samplingsteps68,2las,0.631,0.788,4.387,2.21
2las,43,0,0.8455,0.7418,0.8307,0.8076,0.724,1.2277,4.1656,PepSet_dimer_output_esmfold2_fast_loop10_samplingsteps68,2las,0.64,0.788,4.166,2.164
2las,43,1,0.8481,0.7337,0.8318,0.8083,0.7135,1.213,4.1438,PepSet_dimer_output_esmfold2_fast_loop10_samplingsteps68,2las,0.639,0.788,4.144,2.182
2las,43,2,0.8469,0.7324,0.8305,0.8062,0.7125,1.3813,4.1459,PepSet_dimer_output_esmfold2_fast_loop10_samplingsteps68,2las,0.636,0.788,4.146,2.226
2las,43,3,0.8466,0.7277,0.8296,0.8074,0.7059,1.1986,4.573,PepSet_dimer_output_esmfold2_fast_loop10_samplingsteps68,2las,0.621,0.788,4.573,2.296
2las,43,4,0.8455,0.7251,0.8283,0.8056,0.7094,1.1146,4.2214,PepSet_dimer_output_esmfold2_fast_loop10_samplingsteps68,2las,0.623,0.758,4.221,2.24
2las,44,0,0.8434,0.7253,0.8266,0.8029,0.7033,1.3181,4.2331,PepSet_dimer_output_esmfold2_fast_loop10_samplingsteps68,2las,0.634,0.788,4.233,2.218
2las,44,1,0.8413,0.7133,0.823,0.7967,0.6921,1.3377,4.144,PepSet_dimer_output_esmfold2_fast_loop10_samplingsteps68,2las,0.642,0.788,4.144,2.133
2las,44,2,0.8478,0.7348,0.8316,0.8093,0.719,2.2913,4.2977,PepSet_dimer_output_esmfold2_fast_loop10_samplingsteps68,2las,0.636,0.788,4.298,2.17
2las,44,3,0.8468,0.7331,0.8306,0.8057,0.7204,1.8452,4.2435,PepSet_dimer_output_esmfold2_fast_loop10_samplingsteps68,2las,0.635,0.788,4.243,2.207
2las,44,4,0.844,0.7259,0.8271,0.8027,0.7051,1.3409,4.3496,PepSet_dimer_output_esmfold2_fast_loop10_samplingsteps68,2las,0.631,0.788,4.35,2.219
2lsi,42,0,0.9128,0.7532,0.8894,0.9005,0.8881,1.3145,4.5844,PepSet_dimer_output_esmfold2_fast_loop10_samplingsteps68,2lsi,0.677,0.914,4.584,2.08
2lsi,42,1,0.912,0.7507,0.8884,0.9009,0.8884,1.5518,3.6921,PepSet_dimer_output_esmfold2_fast_loop10_samplingsteps68,2lsi,0.7,0.914,3.692,2.072
2lsi,42,2,0.9094,0.7497,0.886,0.8989,0.8875,1.2744,3.1715,PepSet_dimer_output_esmfold2_fast_loop10_samplingsteps68,2lsi,0.732,0.886,3.172,1.713
2lsi,42,3,0.9095,0.7515,0.8864,0.8988,0.8857,1.7466,4.7474,PepSet_dimer_output_esmfold2_fast_loop10_samplingsteps68,2lsi,0.648,0.914,4.747,2.485
2lsi,42,4,0.907,0.7387,0.8823,0.892,0.8825,1.5278,3.9201,PepSet_dimer_output_esmfold2_fast_loop10_samplingsteps68,2lsi,0.684,0.914,3.92,2.229
2lsi,43,0,0.9104,0.7552,0.8876,0.9,0.8854,1.5923,4.4659,PepSet_dimer_output_esmfold2_fast_loop10_samplingsteps68,2lsi,0.674,0.943,4.466,2.324
2lsi,43,1,0.9144,0.7486,0.8901,0.9016,0.8936,1.7024,3.3459,PepSet_dimer_output_esmfold2_fast_loop10_samplingsteps68,2lsi,0.7,0.914,3.346,2.195
2lsi,43,2,0.9144,0.746,0.8897,0.9021,0.8921,1.6534,4.821,PepSet_dimer_output_esmfold2_fast_loop10_samplingsteps68,2lsi,0.656,0.943,4.821,2.474
2lsi,43,3,0.9163,0.747,0.8915,0.9031,0.8962,1.5726,4.7456,PepSet_dimer_output_esmfold2_fast_loop10_samplingsteps68,2lsi,0.656,0.914,4.746,2.339
2lsi,43,4,0.9118,0.7486,0.8879,0.8996,0.8891,1.437,3.8817,PepSet_dimer_output_esmfold2_fast_loop10_samplingsteps68,2lsi,0.688,0.886,3.882,2.046
2lsi,44,0,0.9116,0.7389,0.8863,0.8959,0.8828,1.3133,5.7713,PepSet_dimer_output_esmfold2_fast_loop10_samplingsteps68,2lsi,0.62,0.914,5.771,2.53
2lsi,44,1,0.9097,0.7322,0.8837,0.8952,0.887,1.625,3.7897,PepSet_dimer_output_esmfold2_fast_loop10_samplingsteps68,2lsi,0.677,0.886,3.79,2.227
2lsi,44,2,0.9143,0.746,0.8897,0.901,0.8946,1.4283,5.3065,PepSet_dimer_output_esmfold2_fast_loop10_samplingsteps68,2lsi,0.628,0.886,5.307,2.409
2lsi,44,3,0.8993,0.7223,0.8734,0.8889,0.8799,1.6758,4.083,PepSet_dimer_output_esmfold2_fast_loop10_samplingsteps68,2lsi,0.668,0.914,4.083,2.413
2lsi,44,4,0.9122,0.7431,0.8874,0.8985,0.8924,1.7122,3.2083,PepSet_dimer_output_esmfold2_fast_loop10_samplingsteps68,2lsi,0.703,0.914,3.208,2.182
2m0v,42,0,0.8001,0.8256,0.8011,0.7794,0.903,5.2213,3.4906,PepSet_dimer_output_esmfold2_fast_loop10_samplingsteps68,2m0v,0.758,0.92,3.491,1.506
2m0v,42,1,0.8043,0.8263,0.8051,0.785,0.9057,3.9943,2.8394,PepSet_dimer_output_esmfold2_fast_loop10_samplingsteps68,2m0v,0.77,0.92,2.839,1.526
2m0v,42,2,0.8091,0.8314,0.8099,0.7891,0.9096,5.8794,3.3789,PepSet_dimer_output_esmfold2_fast_loop10_samplingsteps68,2m0v,0.759,0.92,3.379,1.521
2m0v,42,3,0.7952,0.8191,0.7961,0.7752,0.9007,6.805,3.2458,PepSet_dimer_output_esmfold2_fast_loop10_samplingsteps68,2m0v,0.716,0.8,3.246,1.573
2m0v,42,4,0.7842,0.7997,0.7847,0.7624,0.8868,4.2416,2.5748,PepSet_dimer_output_esmfold2_fast_loop10_samplingsteps68,2m0v,0.787,0.92,2.575,1.423
2m0v,43,0,0.8048,0.8195,0.8054,0.785,0.8983,4.7952,3.2458,PepSet_dimer_output_esmfold2_fast_loop10_samplingsteps68,2m0v,0.762,0.92,3.246,1.523
2m0v,43,1,0.8117,0.8308,0.8124,0.7926,0.9074,6.5021,3.0704,PepSet_dimer_output_esmfold2_fast_loop10_samplingsteps68,2m0v,0.766,0.92,3.07,1.517
2m0v,43,2,0.7986,0.821,0.7994,0.7799,0.9013,4.796,3.008,PepSet_dimer_output_esmfold2_fast_loop10_samplingsteps68,2m0v,0.753,0.88,3.008,1.533
2m0v,43,3,0.8025,0.8346,0.8038,0.7809,0.9116,4.1379,2.951,PepSet_dimer_output_esmfold2_fast_loop10_samplingsteps68,2m0v,0.769,0.92,2.951,1.512
2m0v,43,4,0.8091,0.8294,0.8099,0.7876,0.9084,3.4901,3.1083,PepSet_dimer_output_esmfold2_fast_loop10_samplingsteps68,2m0v,0.754,0.88,3.108,1.504
2m0v,44,0,0.805,0.8244,0.8057,0.7843,0.9029,4.3195,3.1565,PepSet_dimer_output_esmfold2_fast_loop10_samplingsteps68,2m0v,0.766,0.92,3.156,1.507
2m0v,44,1,0.8009,0.8261,0.8018,0.7827,0.9047,4.0879,2.7924,PepSet_dimer_output_esmfold2_fast_loop10_samplingsteps68,2m0v,0.757,0.88,2.792,1.534
2m0v,44,2,0.8032,0.8236,0.804,0.7863,0.901,3.5384,3.08,PepSet_dimer_output_esmfold2_fast_loop10_samplingsteps68,2m0v,0.766,0.92,3.08,1.52
2m0v,44,3,0.7951,0.8158,0.7959,0.7755,0.8968,5.5559,3.1935,PepSet_dimer_output_esmfold2_fast_loop10_samplingsteps68,2m0v,0.75,0.88,3.194,1.522
2m0v,44,4,0.8094,0.8265,0.8101,0.7911,0.9036,3.9821,3.1047,PepSet_dimer_output_esmfold2_fast_loop10_samplingsteps68,2m0v,0.737,0.84,3.105,1.535
2nnu,42,0,0.6048,0.6778,0.6114,0.4941,0.7571,14.362,17.3896,PepSet_dimer_output_esmfold2_fast_loop10_samplingsteps68,2nnu,0.092,0.056,17.39,9.038
2nnu,42,1,0.4302,0.292,0.4177,0.2863,0.132,17.7034,34.2565,PepSet_dimer_output_esmfold2_fast_loop10_samplingsteps68,2nnu,0.023,0.0,34.257,14.721
2nnu,42,2,0.4806,0.6913,0.4997,0.4298,0.7926,15.3352,17.7867,PepSet_dimer_output_esmfold2_fast_loop10_samplingsteps68,2nnu,0.088,0.056,17.787,10.094
2nnu,42,3,0.5534,0.3135,0.5317,0.4346,0.1312,15.9223,32.8372,PepSet_dimer_output_esmfold2_fast_loop10_samplingsteps68,2nnu,0.024,0.0,32.837,14.835
2nnu,42,4,0.5821,0.7583,0.5981,0.5104,0.8313,15.0513,20.1506,PepSet_dimer_output_esmfold2_fast_loop10_samplingsteps68,2nnu,0.085,0.083,20.151,10.144
2nnu,43,0,0.4103,0.3452,0.4044,0.2896,0.1536,18.201,12.0552,PepSet_dimer_output_esmfold2_fast_loop10_samplingsteps68,2nnu,0.142,0.083,12.055,13.85
2nnu,43,1,0.5688,0.7166,0.5822,0.4776,0.8019,12.3251,17.1276,PepSet_dimer_output_esmfold2_fast_loop10_samplingsteps68,2nnu,0.093,0.056,17.128,9.42
2nnu,43,2,0.5042,0.3014,0.4858,0.4269,0.1753,18.9382,26.8804,PepSet_dimer_output_esmfold2_fast_loop10_samplingsteps68,2nnu,0.061,0.083,26.88,15.57
2nnu,43,3,0.5624,0.7325,0.5778,0.4774,0.8032,15.1357,18.8544,PepSet_dimer_output_esmfold2_fast_loop10_samplingsteps68,2nnu,0.091,0.083,18.854,10.099
2nnu,43,4,0.3753,0.3393,0.372,0.2322,0.1711,18.6571,31.5095,PepSet_dimer_output_esmfold2_fast_loop10_samplingsteps68,2nnu,0.028,0.0,31.509,12.051
2nnu,44,0,0.5603,0.3145,0.5381,0.4489,0.1545,18.8926,28.0374,PepSet_dimer_output_esmfold2_fast_loop10_samplingsteps68,2nnu,0.078,0.139,28.037,13.759
2nnu,44,1,0.536,0.3006,0.5147,0.4089,0.1185,16.1101,22.9311,PepSet_dimer_output_esmfold2_fast_loop10_samplingsteps68,2nnu,0.045,0.0,22.931,12.434
2nnu,44,2,0.6125,0.7095,0.6213,0.5051,0.7919,16.2379,18.8512,PepSet_dimer_output_esmfold2_fast_loop10_samplingsteps68,2nnu,0.082,0.056,18.851,10.299
2nnu,44,3,0.6661,0.6993,0.6691,0.6449,0.7773,15.0672,19.8294,PepSet_dimer_output_esmfold2_fast_loop10_samplingsteps68,2nnu,0.087,0.083,19.829,9.87
2nnu,44,4,0.5074,0.6659,0.5217,0.4472,0.7588,16.0292,17.5871,PepSet_dimer_output_esmfold2_fast_loop10_samplingsteps68,2nnu,0.09,0.056,17.587,9.398
2o9v,42,0,0.939,0.9213,0.9367,0.9318,0.8969,0.9753,0.9745,PepSet_dimer_output_esmfold2_fast_loop10_samplingsteps68,2o9v,0.943,0.92,0.975,0.438
2o9v,42,1,0.9392,0.921,0.9368,0.9318,0.8981,0.7629,1.0629,PepSet_dimer_output_esmfold2_fast_loop10_samplingsteps68,2o9v,0.936,0.92,1.063,0.488
2o9v,42,2,0.9388,0.9211,0.9365,0.9314,0.8972,0.7963,0.97,PepSet_dimer_output_esmfold2_fast_loop10_samplingsteps68,2o9v,0.944,0.92,0.97,0.431
2o9v,42,3,0.9381,0.9189,0.9356,0.9298,0.8926,0.8413,0.9726,PepSet_dimer_output_esmfold2_fast_loop10_samplingsteps68,2o9v,0.94,0.92,0.973,0.463
2o9v,42,4,0.9396,0.9214,0.9372,0.9327,0.8983,0.8823,1.1514,PepSet_dimer_output_esmfold2_fast_loop10_samplingsteps68,2o9v,0.93,0.92,1.151,0.531
2o9v,43,0,0.9387,0.9202,0.9363,0.9311,0.8946,0.8886,0.9183,PepSet_dimer_output_esmfold2_fast_loop10_samplingsteps68,2o9v,0.944,0.92,0.918,0.429
2o9v,43,1,0.9395,0.9218,0.9372,0.9323,0.8982,0.9534,0.958,PepSet_dimer_output_esmfold2_fast_loop10_samplingsteps68,2o9v,0.944,0.92,0.958,0.433
2o9v,43,2,0.9376,0.9181,0.9351,0.93,0.8928,0.9083,1.0529,PepSet_dimer_output_esmfold2_fast_loop10_samplingsteps68,2o9v,0.937,0.92,1.053,0.483
2o9v,43,3,0.9386,0.9216,0.9364,0.9313,0.8979,0.917,1.1898,PepSet_dimer_output_esmfold2_fast_loop10_samplingsteps68,2o9v,0.929,0.92,1.19,0.541
2o9v,43,4,0.9383,0.9164,0.9355,0.9311,0.8881,0.8436,1.0109,PepSet_dimer_output_esmfold2_fast_loop10_samplingsteps68,2o9v,0.939,0.92,1.011,0.467
2o9v,44,0,0.94,0.9226,0.9377,0.9324,0.8977,0.8752,0.9297,PepSet_dimer_output_esmfold2_fast_loop10_samplingsteps68,2o9v,0.945,0.92,0.93,0.42
2o9v,44,1,0.9388,0.9229,0.9368,0.9318,0.899,0.8209,1.072,PepSet_dimer_output_esmfold2_fast_loop10_samplingsteps68,2o9v,0.936,0.92,1.072,0.488
2o9v,44,2,0.9398,0.9226,0.9375,0.9325,0.8982,0.8509,1.0809,PepSet_dimer_output_esmfold2_fast_loop10_samplingsteps68,2o9v,0.937,0.92,1.081,0.481
2o9v,44,3,0.9395,0.9211,0.9371,0.932,0.8966,0.9316,1.2227,PepSet_dimer_output_esmfold2_fast_loop10_samplingsteps68,2o9v,0.929,0.92,1.223,0.533
2o9v,44,4,0.9357,0.9202,0.9337,0.9291,0.897,0.5246,0.9848,PepSet_dimer_output_esmfold2_fast_loop10_samplingsteps68,2o9v,0.942,0.92,0.985,0.445
2p1o,42,0,0.8957,0.4149,0.885,0.9249,0.6231,4.3385,6.6788,PepSet_dimer_output_esmfold2_fast_loop10_samplingsteps68,2p1o,0.4,0.289,6.679,2.323
2p1o,42,1,0.8895,0.4198,0.879,0.9133,0.6278,3.4106,5.4774,PepSet_dimer_output_esmfold2_fast_loop10_samplingsteps68,2p1o,0.469,0.333,5.477,1.969
2p1o,42,2,0.888,0.4269,0.8777,0.915,0.6384,3.9056,6.0037,PepSet_dimer_output_esmfold2_fast_loop10_samplingsteps68,2p1o,0.449,0.356,6.004,2.168
2p1o,42,3,0.8992,0.6488,0.8936,0.9302,0.8313,4.4484,4.3181,PepSet_dimer_output_esmfold2_fast_loop10_samplingsteps68,2p1o,0.69,0.778,4.318,1.51
2p1o,42,4,0.8923,0.4209,0.8818,0.9188,0.6317,4.4897,6.3208,PepSet_dimer_output_esmfold2_fast_loop10_samplingsteps68,2p1o,0.457,0.422,6.321,2.27
2p1o,43,0,0.8938,0.4192,0.8832,0.923,0.6333,4.2362,7.5795,PepSet_dimer_output_esmfold2_fast_loop10_samplingsteps68,2p1o,0.376,0.333,7.579,2.681
2p1o,43,1,0.8902,0.4207,0.8797,0.9189,0.6367,3.9332,7.1562,PepSet_dimer_output_esmfold2_fast_loop10_samplingsteps68,2p1o,0.414,0.4,7.156,2.561
2p1o,43,2,0.8939,0.4163,0.8833,0.9228,0.619,4.3298,6.6467,PepSet_dimer_output_esmfold2_fast_loop10_samplingsteps68,2p1o,0.443,0.422,6.647,2.363
2p1o,43,3,0.8947,0.3913,0.8835,0.9237,0.601,4.46,6.0726,PepSet_dimer_output_esmfold2_fast_loop10_samplingsteps68,2p1o,0.435,0.311,6.073,2.134
2p1o,43,4,0.896,0.4159,0.8853,0.9249,0.6256,4.2874,6.8056,PepSet_dimer_output_esmfold2_fast_loop10_samplingsteps68,2p1o,0.415,0.356,6.806,2.408
2p1o,44,0,0.9014,0.6526,0.8959,0.9325,0.8338,4.4052,5.3764,PepSet_dimer_output_esmfold2_fast_loop10_samplingsteps68,2p1o,0.642,0.822,5.376,1.874
2p1o,44,1,0.8957,0.4404,0.8855,0.9253,0.6496,4.4659,8.5031,PepSet_dimer_output_esmfold2_fast_loop10_samplingsteps68,2p1o,0.336,0.311,8.503,3.037
2p1o,44,2,0.888,0.4523,0.8783,0.915,0.6521,3.4755,9.0922,PepSet_dimer_output_esmfold2_fast_loop10_samplingsteps68,2p1o,0.334,0.356,9.092,3.21
2p1o,44,3,0.8989,0.6422,0.8932,0.9299,0.8363,4.4442,5.7977,PepSet_dimer_output_esmfold2_fast_loop10_samplingsteps68,2p1o,0.573,0.689,5.798,2.058
2p1o,44,4,0.89,0.3901,0.8789,0.9177,0.5998,4.244,5.5358,PepSet_dimer_output_esmfold2_fast_loop10_samplingsteps68,2p1o,0.465,0.333,5.536,1.999
2qos,42,0,0.8756,0.3711,0.8454,0.9007,0.362,0.8409,8.7944,PepSet_dimer_output_esmfold2_fast_loop10_samplingsteps68,2qos,0.284,0.17,8.794,3.002
2qos,42,1,0.9161,0.854,0.9124,0.949,0.9374,0.8103,0.6027,PepSet_dimer_output_esmfold2_fast_loop10_samplingsteps68,2qos,0.887,0.887,0.603,0.801
2qos,42,2,0.9128,0.8524,0.9092,0.9457,0.9344,1.1395,0.5878,PepSet_dimer_output_esmfold2_fast_loop10_samplingsteps68,2qos,0.883,0.906,0.588,0.873
2qos,42,3,0.908,0.8369,0.9038,0.9436,0.9347,0.9751,0.4784,PepSet_dimer_output_esmfold2_fast_loop10_samplingsteps68,2qos,0.808,0.792,0.478,1.141
2qos,42,4,0.9088,0.8495,0.9052,0.9441,0.9369,1.1401,0.6505,PepSet_dimer_output_esmfold2_fast_loop10_samplingsteps68,2qos,0.859,0.811,0.65,0.815
2qos,43,0,0.9117,0.8495,0.908,0.9465,0.9378,0.8232,0.647,PepSet_dimer_output_esmfold2_fast_loop10_samplingsteps68,2qos,0.909,0.887,0.647,0.644
2qos,43,1,0.8672,0.4116,0.84,0.8953,0.4237,1.1284,9.2684,PepSet_dimer_output_esmfold2_fast_loop10_samplingsteps68,2qos,0.285,0.208,9.268,3.095
2qos,43,2,0.8589,0.3882,0.8307,0.8887,0.3903,0.9444,8.3638,PepSet_dimer_output_esmfold2_fast_loop10_samplingsteps68,2qos,0.321,0.245,8.364,2.914
2qos,43,3,0.9083,0.8397,0.9042,0.9406,0.9356,1.122,0.7421,PepSet_dimer_output_esmfold2_fast_loop10_samplingsteps68,2qos,0.787,0.811,0.742,1.335
2qos,43,4,0.865,0.4185,0.8383,0.895,0.4258,1.1781,11.0663,PepSet_dimer_output_esmfold2_fast_loop10_samplingsteps68,2qos,0.227,0.17,11.066,3.695
2qos,44,0,0.9101,0.8481,0.9064,0.9438,0.9361,1.2876,0.7397,PepSet_dimer_output_esmfold2_fast_loop10_samplingsteps68,2qos,0.834,0.868,0.74,1.117
2qos,44,1,0.9129,0.8466,0.909,0.9455,0.9308,1.2439,0.6644,PepSet_dimer_output_esmfold2_fast_loop10_samplingsteps68,2qos,0.853,0.887,0.664,1.035
2qos,44,2,0.8663,0.373,0.8368,0.8915,0.3258,0.9858,7.4429,PepSet_dimer_output_esmfold2_fast_loop10_samplingsteps68,2qos,0.34,0.208,7.443,2.63
2qos,44,3,0.8711,0.3794,0.8417,0.8983,0.3761,1.0057,8.1517,PepSet_dimer_output_esmfold2_fast_loop10_samplingsteps68,2qos,0.291,0.132,8.152,2.818
2qos,44,4,0.9108,0.8498,0.9071,0.9436,0.9334,1.2047,0.7601,PepSet_dimer_output_esmfold2_fast_loop10_samplingsteps68,2qos,0.846,0.868,0.76,1.033
2r7g,42,0,0.9275,0.912,0.927,0.9538,0.967,1.0582,1.0908,PepSet_dimer_output_esmfold2_fast_loop10_samplingsteps68,2r7g,0.864,0.82,1.091,0.777
2r7g,42,1,0.9262,0.9104,0.9258,0.9533,0.9659,1.0001,1.0545,PepSet_dimer_output_esmfold2_fast_loop10_samplingsteps68,2r7g,0.868,0.82,1.055,0.751
2r7g,42,2,0.9265,0.9134,0.9261,0.953,0.9673,1.2456,1.0905,PepSet_dimer_output_esmfold2_fast_loop10_samplingsteps68,2r7g,0.87,0.82,1.09,0.735
2r7g,42,3,0.9256,0.9004,0.9249,0.9533,0.9646,1.066,2.0959,PepSet_dimer_output_esmfold2_fast_loop10_samplingsteps68,2r7g,0.793,0.76,2.096,1.038
2r7g,42,4,0.9252,0.9,0.9244,0.9514,0.96,1.0551,1.4189,PepSet_dimer_output_esmfold2_fast_loop10_samplingsteps68,2r7g,0.85,0.8,1.419,0.802
2r7g,43,0,0.9268,0.9132,0.9264,0.9539,0.9672,1.1256,0.8622,PepSet_dimer_output_esmfold2_fast_loop10_samplingsteps68,2r7g,0.877,0.82,0.862,0.697
2r7g,43,1,0.9272,0.9076,0.9266,0.9538,0.9646,1.0238,0.9345,PepSet_dimer_output_esmfold2_fast_loop10_samplingsteps68,2r7g,0.873,0.82,0.935,0.724
2r7g,43,2,0.9245,0.8991,0.9237,0.9517,0.9623,1.4092,2.0664,PepSet_dimer_output_esmfold2_fast_loop10_samplingsteps68,2r7g,0.802,0.76,2.066,0.979
2r7g,43,3,0.925,0.9104,0.9246,0.9533,0.9661,1.0569,1.3753,PepSet_dimer_output_esmfold2_fast_loop10_samplingsteps68,2r7g,0.855,0.82,1.375,0.821
2r7g,43,4,0.926,0.8999,0.9253,0.9532,0.9588,0.9624,1.2467,PepSet_dimer_output_esmfold2_fast_loop10_samplingsteps68,2r7g,0.863,0.84,1.247,0.82
2r7g,44,0,0.9261,0.9071,0.9255,0.9528,0.9624,1.2103,0.7616,PepSet_dimer_output_esmfold2_fast_loop10_samplingsteps68,2r7g,0.881,0.82,0.762,0.675
2r7g,44,1,0.9219,0.8993,0.9213,0.9514,0.9631,1.1647,1.8738,PepSet_dimer_output_esmfold2_fast_loop10_samplingsteps68,2r7g,0.782,0.72,1.874,1.046
2r7g,44,2,0.927,0.9108,0.9266,0.9535,0.9656,1.0588,1.0113,PepSet_dimer_output_esmfold2_fast_loop10_samplingsteps68,2r7g,0.871,0.82,1.011,0.732
2r7g,44,3,0.9265,0.9111,0.9261,0.9533,0.9667,1.0896,1.1741,PepSet_dimer_output_esmfold2_fast_loop10_samplingsteps68,2r7g,0.862,0.82,1.174,0.788
2r7g,44,4,0.9292,0.9167,0.9289,0.9548,0.9694,1.0637,1.0704,PepSet_dimer_output_esmfold2_fast_loop10_samplingsteps68,2r7g,0.863,0.8,1.07,0.738
2rol,42,0,0.8811,0.8628,0.8782,0.855,0.828,2.8916,3.1945,PepSet_dimer_output_esmfold2_fast_loop10_samplingsteps68,2rol,0.715,0.781,3.195,1.541
2rol,42,1,0.8806,0.8602,0.8774,0.8543,0.826,2.3621,2.2774,PepSet_dimer_output_esmfold2_fast_loop10_samplingsteps68,2rol,0.781,0.812,2.277,1.235
2rol,42,2,0.8971,0.8565,0.8907,0.8636,0.8236,2.9082,4.1086,PepSet_dimer_output_esmfold2_fast_loop10_samplingsteps68,2rol,0.708,0.812,4.109,1.497
2rol,42,3,0.894,0.8594,0.8886,0.8636,0.8271,2.8365,3.1969,PepSet_dimer_output_esmfold2_fast_loop10_samplingsteps68,2rol,0.735,0.781,3.197,1.366
2rol,42,4,0.896,0.859,0.8902,0.8637,0.8253,3.5718,3.6683,PepSet_dimer_output_esmfold2_fast_loop10_samplingsteps68,2rol,0.72,0.75,3.668,1.313
2rol,43,0,0.8999,0.8648,0.8944,0.8694,0.8336,3.3362,2.7171,PepSet_dimer_output_esmfold2_fast_loop10_samplingsteps68,2rol,0.718,0.719,2.717,1.421
2rol,43,1,0.9014,0.8631,0.8954,0.8688,0.8305,4.32,3.6921,PepSet_dimer_output_esmfold2_fast_loop10_samplingsteps68,2rol,0.724,0.75,3.692,1.274
2rol,43,2,0.8951,0.8543,0.8887,0.8629,0.8186,3.8343,2.9431,PepSet_dimer_output_esmfold2_fast_loop10_samplingsteps68,2rol,0.779,0.844,2.943,1.22
2rol,43,3,0.8973,0.8612,0.8916,0.8658,0.8283,3.851,3.4892,PepSet_dimer_output_esmfold2_fast_loop10_samplingsteps68,2rol,0.707,0.75,3.489,1.452
2rol,43,4,0.8923,0.8559,0.8865,0.8601,0.8202,3.9588,3.3138,PepSet_dimer_output_esmfold2_fast_loop10_samplingsteps68,2rol,0.727,0.812,3.314,1.496
2rol,44,0,0.8876,0.8641,0.8839,0.8583,0.8324,2.6155,2.9117,PepSet_dimer_output_esmfold2_fast_loop10_samplingsteps68,2rol,0.722,0.75,2.912,1.434
2rol,44,1,0.9007,0.8664,0.8953,0.8715,0.8357,3.3016,3.2552,PepSet_dimer_output_esmfold2_fast_loop10_samplingsteps68,2rol,0.724,0.781,3.255,1.449
2rol,44,2,0.8965,0.8641,0.8913,0.8663,0.8332,2.6693,3.3562,PepSet_dimer_output_esmfold2_fast_loop10_samplingsteps68,2rol,0.721,0.781,3.356,1.453
2rol,44,3,0.8958,0.858,0.8898,0.863,0.8237,4.0917,3.6746,PepSet_dimer_output_esmfold2_fast_loop10_samplingsteps68,2rol,0.727,0.781,3.675,1.336
2rol,44,4,0.8994,0.8507,0.8917,0.8662,0.8112,4.0086,3.1878,PepSet_dimer_output_esmfold2_fast_loop10_samplingsteps68,2rol,0.743,0.781,3.188,1.299
2v8c,42,0,0.9448,0.618,0.9169,0.9338,0.5085,0.4917,5.3296,PepSet_dimer_output_esmfold2_fast_loop10_samplingsteps68,2v8c,0.522,0.514,5.33,2.121
2v8c,42,1,0.9448,0.6426,0.9189,0.937,0.5345,0.5564,5.5908,PepSet_dimer_output_esmfold2_fast_loop10_samplingsteps68,2v8c,0.501,0.486,5.591,2.197
2v8c,42,2,0.9373,0.458,0.8963,0.9159,0.3033,0.4764,19.1603,PepSet_dimer_output_esmfold2_fast_loop10_samplingsteps68,2v8c,0.102,0.114,19.16,8.921
2v8c,42,3,0.9441,0.631,0.9173,0.9336,0.5246,0.5154,5.5667,PepSet_dimer_output_esmfold2_fast_loop10_samplingsteps68,2v8c,0.512,0.514,5.567,2.173
2v8c,42,4,0.9371,0.4774,0.8978,0.9165,0.321,0.6016,19.4261,PepSet_dimer_output_esmfold2_fast_loop10_samplingsteps68,2v8c,0.101,0.114,19.426,9.056
2v8c,43,0,0.9433,0.6115,0.9149,0.9321,0.4981,0.4689,5.3933,PepSet_dimer_output_esmfold2_fast_loop10_samplingsteps68,2v8c,0.521,0.514,5.393,2.117
2v8c,43,1,0.9425,0.6168,0.9146,0.9327,0.4954,0.5282,4.9357,PepSet_dimer_output_esmfold2_fast_loop10_samplingsteps68,2v8c,0.551,0.543,4.936,1.99
2v8c,43,2,0.9433,0.6096,0.9147,0.9312,0.4949,0.4924,5.4653,PepSet_dimer_output_esmfold2_fast_loop10_samplingsteps68,2v8c,0.527,0.543,5.465,2.131
2v8c,43,3,0.9396,0.5449,0.9059,0.9237,0.3962,0.505,19.8299,PepSet_dimer_output_esmfold2_fast_loop10_samplingsteps68,2v8c,0.127,0.2,19.83,8.976
2v8c,43,4,0.9444,0.6284,0.9173,0.9344,0.5193,0.5745,5.4144,PepSet_dimer_output_esmfold2_fast_loop10_samplingsteps68,2v8c,0.528,0.543,5.414,2.142
2v8c,44,0,0.9393,0.5467,0.9057,0.9244,0.4191,0.6766,19.9219,PepSet_dimer_output_esmfold2_fast_loop10_samplingsteps68,2v8c,0.127,0.2,19.922,9.057
2v8c,44,1,0.9445,0.6191,0.9167,0.9338,0.5063,0.5181,5.3334,PepSet_dimer_output_esmfold2_fast_loop10_samplingsteps68,2v8c,0.512,0.486,5.333,2.117
2v8c,44,2,0.9414,0.5466,0.9077,0.9273,0.4167,0.5153,5.0974,PepSet_dimer_output_esmfold2_fast_loop10_samplingsteps68,2v8c,0.525,0.486,5.097,2.027
2v8c,44,3,0.9432,0.6287,0.9163,0.9336,0.5175,0.5398,5.0215,PepSet_dimer_output_esmfold2_fast_loop10_samplingsteps68,2v8c,0.557,0.571,5.021,2.014
2v8c,44,4,0.9381,0.4538,0.8967,0.9178,0.3185,0.5175,18.357,PepSet_dimer_output_esmfold2_fast_loop10_samplingsteps68,2v8c,0.116,0.143,18.357,8.559
2vzg,42,0,0.8913,0.714,0.8724,0.8981,0.6939,0.4835,13.4754,PepSet_dimer_output_esmfold2_fast_loop10_samplingsteps68,2vzg,0.122,0.036,13.475,6.784
2vzg,42,1,0.8923,0.6922,0.8711,0.8998,0.6928,0.4953,14.2426,PepSet_dimer_output_esmfold2_fast_loop10_samplingsteps68,2vzg,0.113,0.036,14.243,7.171
2vzg,42,2,0.8815,0.6898,0.8611,0.8886,0.6648,0.5284,13.1902,PepSet_dimer_output_esmfold2_fast_loop10_samplingsteps68,2vzg,0.126,0.036,13.19,6.631
2vzg,42,3,0.8981,0.7156,0.8787,0.9068,0.7226,0.4184,14.1453,PepSet_dimer_output_esmfold2_fast_loop10_samplingsteps68,2vzg,0.115,0.036,14.145,7.109
2vzg,42,4,0.8949,0.7121,0.8755,0.9041,0.7144,0.476,14.1327,PepSet_dimer_output_esmfold2_fast_loop10_samplingsteps68,2vzg,0.115,0.036,14.133,7.104
2vzg,43,0,0.8858,0.7027,0.8664,0.8928,0.6808,0.4489,12.9232,PepSet_dimer_output_esmfold2_fast_loop10_samplingsteps68,2vzg,0.129,0.036,12.923,6.492
2vzg,43,1,0.8864,0.6869,0.8651,0.8944,0.6759,0.4999,13.3702,PepSet_dimer_output_esmfold2_fast_loop10_samplingsteps68,2vzg,0.124,0.036,13.37,6.732
2vzg,43,2,0.8174,0.4866,0.7822,0.8002,0.3091,0.8136,7.7487,PepSet_dimer_output_esmfold2_fast_loop10_samplingsteps68,2vzg,0.346,0.357,7.749,3.794
2vzg,43,3,0.8927,0.7085,0.8731,0.9017,0.7126,0.3856,14.2049,PepSet_dimer_output_esmfold2_fast_loop10_samplingsteps68,2vzg,0.114,0.036,14.205,7.15
2vzg,43,4,0.8719,0.668,0.8502,0.8761,0.6183,0.4861,13.5686,PepSet_dimer_output_esmfold2_fast_loop10_samplingsteps68,2vzg,0.121,0.036,13.569,6.831
2vzg,44,0,0.8164,0.5049,0.7832,0.8001,0.3363,0.5958,5.1786,PepSet_dimer_output_esmfold2_fast_loop10_samplingsteps68,2vzg,0.468,0.429,5.179,2.63
2vzg,44,1,0.8255,0.4663,0.7873,0.8031,0.2436,0.7177,5.294,PepSet_dimer_output_esmfold2_fast_loop10_samplingsteps68,2vzg,0.443,0.357,5.294,2.599
2vzg,44,2,0.878,0.6686,0.8557,0.8799,0.6146,0.4716,13.4756,PepSet_dimer_output_esmfold2_fast_loop10_samplingsteps68,2vzg,0.122,0.036,13.476,6.783
2vzg,44,3,0.8972,0.7156,0.8779,0.9053,0.7169,0.4915,14.5658,PepSet_dimer_output_esmfold2_fast_loop10_samplingsteps68,2vzg,0.11,0.036,14.566,7.341
2vzg,44,4,0.8177,0.4647,0.7801,0.7931,0.2303,0.5886,13.9327,PepSet_dimer_output_esmfold2_fast_loop10_samplingsteps68,2vzg,0.129,0.071,13.933,6.965
2xcb,42,0,0.9424,0.8827,0.939,0.9414,0.9477,0.6209,1.1749,PepSet_dimer_output_esmfold2_fast_loop10_samplingsteps68,2xcb,0.922,0.857,1.175,0.423
2xcb,42,1,0.9446,0.897,0.9419,0.9456,0.9547,1.3188,0.9898,PepSet_dimer_output_esmfold2_fast_loop10_samplingsteps68,2xcb,0.931,0.857,0.99,0.345
2xcb,42,2,0.942,0.8981,0.9395,0.9419,0.9547,1.6761,1.0409,PepSet_dimer_output_esmfold2_fast_loop10_samplingsteps68,2xcb,0.93,0.857,1.041,0.358
2xcb,42,3,0.9454,0.8859,0.942,0.9458,0.9397,1.0205,0.7851,PepSet_dimer_output_esmfold2_fast_loop10_samplingsteps68,2xcb,0.945,0.886,0.785,0.318
2xcb,42,4,0.9437,0.8947,0.9409,0.9448,0.9539,1.4966,1.0298,PepSet_dimer_output_esmfold2_fast_loop10_samplingsteps68,2xcb,0.949,0.914,1.03,0.354
2xcb,43,0,0.9443,0.8976,0.9416,0.9445,0.953,0.4269,0.8778,PepSet_dimer_output_esmfold2_fast_loop10_samplingsteps68,2xcb,0.943,0.886,0.878,0.335
2xcb,43,1,0.9443,0.8982,0.9417,0.9449,0.9546,1.3042,1.0036,PepSet_dimer_output_esmfold2_fast_loop10_samplingsteps68,2xcb,0.949,0.914,1.004,0.356
2xcb,43,2,0.945,0.8984,0.9423,0.9456,0.9557,0.5058,0.9795,PepSet_dimer_output_esmfold2_fast_loop10_samplingsteps68,2xcb,0.928,0.857,0.979,0.379
2xcb,43,3,0.944,0.896,0.9412,0.9454,0.9546,1.2529,1.0564,PepSet_dimer_output_esmfold2_fast_loop10_samplingsteps68,2xcb,0.946,0.914,1.056,0.382
2xcb,43,4,0.9436,0.8853,0.9403,0.9435,0.9447,1.0996,0.9273,PepSet_dimer_output_esmfold2_fast_loop10_samplingsteps68,2xcb,0.949,0.914,0.927,0.359
2xcb,44,0,0.9449,0.8995,0.9423,0.9448,0.9547,1.0954,0.9339,PepSet_dimer_output_esmfold2_fast_loop10_samplingsteps68,2xcb,0.932,0.857,0.934,0.345
2xcb,44,1,0.9456,0.8981,0.9429,0.9467,0.954,1.2747,0.9158,PepSet_dimer_output_esmfold2_fast_loop10_samplingsteps68,2xcb,0.934,0.857,0.916,0.325
2xcb,44,2,0.9442,0.895,0.9414,0.9435,0.9549,0.4868,0.9547,PepSet_dimer_output_esmfold2_fast_loop10_samplingsteps68,2xcb,0.941,0.886,0.955,0.347
2xcb,44,3,0.9449,0.8969,0.9422,0.9449,0.9539,1.7894,1.1443,PepSet_dimer_output_esmfold2_fast_loop10_samplingsteps68,2xcb,0.923,0.857,1.144,0.417
2xcb,44,4,0.9444,0.8922,0.9415,0.9447,0.9532,0.4986,1.025,PepSet_dimer_output_esmfold2_fast_loop10_samplingsteps68,2xcb,0.928,0.857,1.025,0.374
2xpn,42,0,0.9442,0.8527,0.9326,0.9566,0.8995,0.4206,2.2037,PepSet_dimer_output_esmfold2_fast_loop10_samplingsteps68,2xpn,0.814,0.872,2.204,1.141
2xpn,42,1,0.9446,0.8567,0.9334,0.9571,0.9041,0.4372,2.2839,PepSet_dimer_output_esmfold2_fast_loop10_samplingsteps68,2xpn,0.817,0.894,2.284,1.165
2xpn,42,2,0.9443,0.8541,0.9329,0.9573,0.9026,0.4289,2.2299,PepSet_dimer_output_esmfold2_fast_loop10_samplingsteps68,2xpn,0.82,0.894,2.23,1.149
2xpn,42,3,0.9451,0.8449,0.9324,0.9579,0.8918,0.4266,2.6192,PepSet_dimer_output_esmfold2_fast_loop10_samplingsteps68,2xpn,0.771,0.83,2.619,1.307
2xpn,42,4,0.9416,0.8562,0.9308,0.9557,0.9024,0.4045,2.176,PepSet_dimer_output_esmfold2_fast_loop10_samplingsteps68,2xpn,0.819,0.872,2.176,1.107
2xpn,43,0,0.9448,0.8492,0.9327,0.9565,0.8977,0.4225,2.255,PepSet_dimer_output_esmfold2_fast_loop10_samplingsteps68,2xpn,0.812,0.872,2.255,1.152
2xpn,43,1,0.9451,0.8555,0.9337,0.9573,0.9031,0.4512,2.3046,PepSet_dimer_output_esmfold2_fast_loop10_samplingsteps68,2xpn,0.816,0.894,2.305,1.166
2xpn,43,2,0.9411,0.852,0.9298,0.9549,0.8983,0.4244,2.1064,PepSet_dimer_output_esmfold2_fast_loop10_samplingsteps68,2xpn,0.828,0.894,2.106,1.106
2xpn,43,3,0.9422,0.8506,0.9306,0.9565,0.8993,0.4335,2.3199,PepSet_dimer_output_esmfold2_fast_loop10_samplingsteps68,2xpn,0.806,0.872,2.32,1.184
2xpn,43,4,0.945,0.852,0.9332,0.9571,0.8989,0.4039,2.2201,PepSet_dimer_output_esmfold2_fast_loop10_samplingsteps68,2xpn,0.826,0.894,2.22,1.108
2xpn,44,0,0.9452,0.8579,0.9341,0.9584,0.9049,0.3965,2.434,PepSet_dimer_output_esmfold2_fast_loop10_samplingsteps68,2xpn,0.787,0.83,2.434,1.209
2xpn,44,1,0.9444,0.8552,0.9331,0.9579,0.9038,0.4086,2.2924,PepSet_dimer_output_esmfold2_fast_loop10_samplingsteps68,2xpn,0.822,0.894,2.292,1.128
2xpn,44,2,0.9453,0.8579,0.9342,0.9579,0.9052,0.3992,2.1566,PepSet_dimer_output_esmfold2_fast_loop10_samplingsteps68,2xpn,0.841,0.915,2.157,1.058
2xpn,44,3,0.9459,0.8611,0.9352,0.9588,0.9076,0.4493,2.3169,PepSet_dimer_output_esmfold2_fast_loop10_samplingsteps68,2xpn,0.808,0.872,2.317,1.176
2xpn,44,4,0.9435,0.8487,0.9315,0.9563,0.8959,0.4183,2.3368,PepSet_dimer_output_esmfold2_fast_loop10_samplingsteps68,2xpn,0.806,0.872,2.337,1.185
2xrw,42,0,0.8655,0.8569,0.8652,0.894,0.9407,1.9948,3.1023,PepSet_dimer_output_esmfold2_fast_loop10_samplingsteps68,2xrw,0.816,1.0,3.102,1.318
2xrw,42,1,0.8648,0.8556,0.8645,0.8889,0.9371,2.1399,3.3988,PepSet_dimer_output_esmfold2_fast_loop10_samplingsteps68,2xrw,0.788,0.975,3.399,1.418
2xrw,42,2,0.8649,0.8636,0.8648,0.8864,0.9421,1.9746,3.2671,PepSet_dimer_output_esmfold2_fast_loop10_samplingsteps68,2xrw,0.802,1.0,3.267,1.402
2xrw,42,3,0.8397,0.8631,0.8405,0.8775,0.9403,3.9683,3.6701,PepSet_dimer_output_esmfold2_fast_loop10_samplingsteps68,2xrw,0.785,1.0,3.67,1.468
2xrw,42,4,0.8781,0.8601,0.8775,0.9026,0.9378,1.4518,3.5281,PepSet_dimer_output_esmfold2_fast_loop10_samplingsteps68,2xrw,0.789,1.0,3.528,1.455
2xrw,43,0,0.8699,0.8626,0.8697,0.8938,0.9399,1.8304,3.1178,PepSet_dimer_output_esmfold2_fast_loop10_samplingsteps68,2xrw,0.808,1.0,3.118,1.379
2xrw,43,1,0.8721,0.8608,0.8718,0.9022,0.9383,2.0515,3.4091,PepSet_dimer_output_esmfold2_fast_loop10_samplingsteps68,2xrw,0.793,1.0,3.409,1.451
2xrw,43,2,0.8732,0.8615,0.8728,0.9013,0.9382,1.8255,3.4185,PepSet_dimer_output_esmfold2_fast_loop10_samplingsteps68,2xrw,0.794,1.0,3.419,1.441
2xrw,43,3,0.8698,0.8552,0.8693,0.901,0.9329,1.7409,3.4151,PepSet_dimer_output_esmfold2_fast_loop10_samplingsteps68,2xrw,0.795,1.0,3.415,1.43
2xrw,43,4,0.8706,0.861,0.8703,0.8981,0.9391,2.1224,3.2398,PepSet_dimer_output_esmfold2_fast_loop10_samplingsteps68,2xrw,0.803,1.0,3.24,1.4
2xrw,44,0,0.8724,0.8498,0.8717,0.9005,0.9328,1.7284,3.4055,PepSet_dimer_output_esmfold2_fast_loop10_samplingsteps68,2xrw,0.797,1.0,3.405,1.414
2xrw,44,1,0.877,0.8601,0.8764,0.9054,0.9391,1.6592,3.394,PepSet_dimer_output_esmfold2_fast_loop10_samplingsteps68,2xrw,0.793,1.0,3.394,1.45
2xrw,44,2,0.8381,0.8603,0.8389,0.8839,0.9393,3.6596,3.6515,PepSet_dimer_output_esmfold2_fast_loop10_samplingsteps68,2xrw,0.78,0.975,3.651,1.439
2xrw,44,3,0.8776,0.8432,0.8765,0.907,0.9279,1.8603,3.1882,PepSet_dimer_output_esmfold2_fast_loop10_samplingsteps68,2xrw,0.799,0.975,3.188,1.372
2xrw,44,4,0.8698,0.8512,0.8692,0.8779,0.9323,1.6057,3.1677,PepSet_dimer_output_esmfold2_fast_loop10_samplingsteps68,2xrw,0.806,1.0,3.168,1.384
2ymt,42,0,0.9589,0.9219,0.9572,0.9601,0.9584,0.3056,0.9164,PepSet_dimer_output_esmfold2_fast_loop10_samplingsteps68,2ymt,0.959,0.935,0.916,0.336
2ymt,42,1,0.9583,0.9159,0.9563,0.9591,0.9522,0.3133,0.822,PepSet_dimer_output_esmfold2_fast_loop10_samplingsteps68,2ymt,0.972,0.968,0.822,0.313
2ymt,42,2,0.9593,0.9207,0.9575,0.9606,0.9584,0.2649,0.9723,PepSet_dimer_output_esmfold2_fast_loop10_samplingsteps68,2ymt,0.968,0.968,0.972,0.352
2ymt,42,3,0.9593,0.9201,0.9574,0.96,0.957,0.2935,0.9092,PepSet_dimer_output_esmfold2_fast_loop10_samplingsteps68,2ymt,0.948,0.903,0.909,0.334
2ymt,42,4,0.9577,0.921,0.956,0.9591,0.9587,0.3972,0.8695,PepSet_dimer_output_esmfold2_fast_loop10_samplingsteps68,2ymt,0.971,0.968,0.869,0.328
2ymt,43,0,0.956,0.9181,0.9542,0.9577,0.9585,0.3073,0.9721,PepSet_dimer_output_esmfold2_fast_loop10_samplingsteps68,2ymt,0.967,0.968,0.972,0.356
2ymt,43,1,0.9581,0.9198,0.9563,0.9596,0.9581,0.3384,0.8636,PepSet_dimer_output_esmfold2_fast_loop10_samplingsteps68,2ymt,0.96,0.935,0.864,0.327
2ymt,43,2,0.959,0.9189,0.9571,0.9599,0.9521,0.2636,0.5016,PepSet_dimer_output_esmfold2_fast_loop10_samplingsteps68,2ymt,0.97,0.935,0.502,0.219
2ymt,43,3,0.9593,0.9218,0.9575,0.9608,0.9582,0.2994,0.6513,PepSet_dimer_output_esmfold2_fast_loop10_samplingsteps68,2ymt,0.988,1.0,0.651,0.259
2ymt,43,4,0.9589,0.9153,0.9569,0.9601,0.9501,0.2851,0.5541,PepSet_dimer_output_esmfold2_fast_loop10_samplingsteps68,2ymt,0.969,0.935,0.554,0.234
2ymt,44,0,0.9589,0.9191,0.957,0.96,0.9551,0.3262,0.6394,PepSet_dimer_output_esmfold2_fast_loop10_samplingsteps68,2ymt,0.979,0.968,0.639,0.246
2ymt,44,1,0.9589,0.9208,0.9572,0.96,0.9579,0.2774,0.8362,PepSet_dimer_output_esmfold2_fast_loop10_samplingsteps68,2ymt,0.972,0.968,0.836,0.318
2ymt,44,2,0.9573,0.9178,0.9555,0.9581,0.9547,0.3799,0.8483,PepSet_dimer_output_esmfold2_fast_loop10_samplingsteps68,2ymt,0.971,0.968,0.848,0.321
2ymt,44,3,0.9582,0.9212,0.9565,0.9595,0.9592,0.423,0.9662,PepSet_dimer_output_esmfold2_fast_loop10_samplingsteps68,2ymt,0.968,0.968,0.966,0.343
2ymt,44,4,0.9588,0.9212,0.9571,0.9596,0.9587,0.2773,0.9323,PepSet_dimer_output_esmfold2_fast_loop10_samplingsteps68,2ymt,0.969,0.968,0.932,0.345
3agy,42,0,0.9288,0.8938,0.9275,0.8717,0.9501,1.3426,1.5243,PepSet_dimer_output_esmfold2_fast_loop10_samplingsteps68,3agy,0.945,0.967,1.524,0.502
3agy,42,1,0.9273,0.8945,0.9261,0.8682,0.9505,1.2937,1.4293,PepSet_dimer_output_esmfold2_fast_loop10_samplingsteps68,3agy,0.953,0.967,1.429,0.446
3agy,42,2,0.9269,0.8926,0.9256,0.8667,0.9511,1.6731,1.7528,PepSet_dimer_output_esmfold2_fast_loop10_samplingsteps68,3agy,0.941,0.967,1.753,0.507
3agy,42,3,0.9266,0.8875,0.9252,0.8639,0.9498,1.7786,1.8405,PepSet_dimer_output_esmfold2_fast_loop10_samplingsteps68,3agy,0.917,0.933,1.84,0.596
3agy,42,4,0.9281,0.8951,0.9268,0.8711,0.9513,1.362,1.5581,PepSet_dimer_output_esmfold2_fast_loop10_samplingsteps68,3agy,0.943,0.967,1.558,0.51
3agy,43,0,0.9275,0.8941,0.9262,0.8628,0.9502,1.0097,1.2249,PepSet_dimer_output_esmfold2_fast_loop10_samplingsteps68,3agy,0.955,0.967,1.225,0.448
3agy,43,1,0.9295,0.8963,0.9282,0.8686,0.9516,1.0503,1.2799,PepSet_dimer_output_esmfold2_fast_loop10_samplingsteps68,3agy,0.954,0.967,1.28,0.454
3agy,43,2,0.9276,0.895,0.9263,0.8577,0.951,0.824,0.9825,PepSet_dimer_output_esmfold2_fast_loop10_samplingsteps68,3agy,0.962,0.967,0.982,0.4
3agy,43,3,0.927,0.8887,0.9256,0.8588,0.9502,1.8575,2.0637,PepSet_dimer_output_esmfold2_fast_loop10_samplingsteps68,3agy,0.93,0.967,2.064,0.559
3agy,43,4,0.9294,0.8964,0.9282,0.8685,0.9523,1.3144,1.4367,PepSet_dimer_output_esmfold2_fast_loop10_samplingsteps68,3agy,0.943,0.967,1.437,0.531
3agy,44,0,0.9285,0.895,0.9272,0.8654,0.9526,1.7143,1.8622,PepSet_dimer_output_esmfold2_fast_loop10_samplingsteps68,3agy,0.938,0.967,1.862,0.521
3agy,44,1,0.9262,0.8905,0.9248,0.8699,0.9493,1.4084,1.6558,PepSet_dimer_output_esmfold2_fast_loop10_samplingsteps68,3agy,0.942,0.967,1.656,0.512
3agy,44,2,0.9283,0.8962,0.9271,0.8695,0.9519,1.2738,1.3291,PepSet_dimer_output_esmfold2_fast_loop10_samplingsteps68,3agy,0.954,0.967,1.329,0.443
3agy,44,3,0.9272,0.8944,0.9259,0.8698,0.949,1.1865,1.28,PepSet_dimer_output_esmfold2_fast_loop10_samplingsteps68,3agy,0.957,0.967,1.28,0.423
3agy,44,4,0.9278,0.8906,0.9264,0.8688,0.9511,1.4092,1.747,PepSet_dimer_output_esmfold2_fast_loop10_samplingsteps68,3agy,0.93,0.967,1.747,0.595
3bej,42,0,0.8769,0.7376,0.8704,0.915,0.7884,0.9578,1.8564,PepSet_dimer_output_esmfold2_fast_loop10_samplingsteps68,3bej,0.78,0.711,1.856,1.038
3bej,42,1,0.8654,0.7293,0.859,0.9055,0.7815,1.2247,2.3335,PepSet_dimer_output_esmfold2_fast_loop10_samplingsteps68,3bej,0.756,0.711,2.334,1.156
3bej,42,2,0.8766,0.7319,0.8698,0.9146,0.7852,0.877,2.035,PepSet_dimer_output_esmfold2_fast_loop10_samplingsteps68,3bej,0.767,0.684,2.035,1.052
3bej,42,3,0.8791,0.7429,0.8728,0.9171,0.7979,0.845,1.9581,PepSet_dimer_output_esmfold2_fast_loop10_samplingsteps68,3bej,0.779,0.711,1.958,1.038
3bej,42,4,0.8784,0.7365,0.8718,0.9158,0.7905,0.9155,2.0612,PepSet_dimer_output_esmfold2_fast_loop10_samplingsteps68,3bej,0.774,0.711,2.061,1.06
3bej,43,0,0.8798,0.7435,0.8734,0.9171,0.7988,0.8863,2.0319,PepSet_dimer_output_esmfold2_fast_loop10_samplingsteps68,3bej,0.788,0.737,2.032,1.024
3bej,43,1,0.8771,0.7449,0.8709,0.9149,0.8,0.8796,2.3393,PepSet_dimer_output_esmfold2_fast_loop10_samplingsteps68,3bej,0.761,0.711,2.339,1.118
3bej,43,2,0.8782,0.7309,0.8713,0.9158,0.7848,0.8182,1.6573,PepSet_dimer_output_esmfold2_fast_loop10_samplingsteps68,3bej,0.807,0.737,1.657,0.936
3bej,43,3,0.88,0.7401,0.8734,0.9177,0.7968,0.9244,2.1631,PepSet_dimer_output_esmfold2_fast_loop10_samplingsteps68,3bej,0.75,0.658,2.163,1.094
3bej,43,4,0.8741,0.7407,0.8679,0.9128,0.7892,0.8484,2.169,PepSet_dimer_output_esmfold2_fast_loop10_samplingsteps68,3bej,0.768,0.711,2.169,1.09
3bej,44,0,0.8611,0.74,0.8554,0.904,0.7942,1.3227,2.0668,PepSet_dimer_output_esmfold2_fast_loop10_samplingsteps68,3bej,0.762,0.684,2.067,1.081
3bej,44,1,0.8778,0.7365,0.8711,0.9148,0.7884,0.9136,2.4152,PepSet_dimer_output_esmfold2_fast_loop10_samplingsteps68,3bej,0.754,0.711,2.415,1.163
3bej,44,2,0.8775,0.7412,0.8711,0.915,0.7927,0.9242,2.2471,PepSet_dimer_output_esmfold2_fast_loop10_samplingsteps68,3bej,0.768,0.711,2.247,1.08
3bej,44,3,0.8808,0.7355,0.874,0.9169,0.789,0.8597,2.1753,PepSet_dimer_output_esmfold2_fast_loop10_samplingsteps68,3bej,0.753,0.684,2.175,1.136
3bej,44,4,0.879,0.7447,0.8727,0.9165,0.7982,0.8741,2.1437,PepSet_dimer_output_esmfold2_fast_loop10_samplingsteps68,3bej,0.771,0.711,2.144,1.068
3bqo,42,0,0.9063,0.8092,0.9004,0.9227,0.8823,1.7423,2.3153,PepSet_dimer_output_esmfold2_fast_loop10_samplingsteps68,3bqo,0.817,0.797,2.315,0.928
3bqo,42,1,0.9069,0.8165,0.9014,0.9247,0.8846,1.6595,1.1952,PepSet_dimer_output_esmfold2_fast_loop10_samplingsteps68,3bqo,0.908,0.859,1.195,0.542
3bqo,42,2,0.9136,0.823,0.9081,0.926,0.8868,1.2803,1.7671,PepSet_dimer_output_esmfold2_fast_loop10_samplingsteps68,3bqo,0.884,0.891,1.767,0.743
3bqo,42,3,0.9098,0.8234,0.9046,0.9225,0.8853,1.1037,1.6189,PepSet_dimer_output_esmfold2_fast_loop10_samplingsteps68,3bqo,0.885,0.859,1.619,0.679
3bqo,42,4,0.908,0.8269,0.9031,0.9248,0.8895,1.8907,1.3689,PepSet_dimer_output_esmfold2_fast_loop10_samplingsteps68,3bqo,0.919,0.922,1.369,0.602
3bqo,43,0,0.9049,0.8222,0.8999,0.9172,0.8838,1.3254,1.297,PepSet_dimer_output_esmfold2_fast_loop10_samplingsteps68,3bqo,0.915,0.906,1.297,0.599
3bqo,43,1,0.9006,0.8273,0.8962,0.9218,0.8905,1.8023,1.2947,PepSet_dimer_output_esmfold2_fast_loop10_samplingsteps68,3bqo,0.9,0.859,1.295,0.6
3bqo,43,2,0.9097,0.8182,0.9042,0.9238,0.8861,1.2111,1.9528,PepSet_dimer_output_esmfold2_fast_loop10_samplingsteps68,3bqo,0.868,0.875,1.953,0.8
3bqo,43,3,0.9095,0.8213,0.9041,0.9222,0.8831,1.3052,0.834,PepSet_dimer_output_esmfold2_fast_loop10_samplingsteps68,3bqo,0.932,0.891,0.834,0.453
3bqo,43,4,0.9078,0.82,0.9025,0.9241,0.8826,1.3226,0.9896,PepSet_dimer_output_esmfold2_fast_loop10_samplingsteps68,3bqo,0.936,0.922,0.99,0.501
3bqo,44,0,0.9083,0.818,0.9029,0.928,0.8888,1.7126,2.086,PepSet_dimer_output_esmfold2_fast_loop10_samplingsteps68,3bqo,0.857,0.875,2.086,0.859
3bqo,44,1,0.9086,0.8238,0.9034,0.9262,0.888,1.8807,1.2923,PepSet_dimer_output_esmfold2_fast_loop10_samplingsteps68,3bqo,0.895,0.859,1.292,0.636
3bqo,44,2,0.9087,0.8253,0.9037,0.9272,0.8897,1.7583,1.316,PepSet_dimer_output_esmfold2_fast_loop10_samplingsteps68,3bqo,0.919,0.906,1.316,0.565
3bqo,44,3,0.9062,0.8208,0.901,0.9253,0.8855,1.8226,2.1074,PepSet_dimer_output_esmfold2_fast_loop10_samplingsteps68,3bqo,0.844,0.844,2.107,0.878
3bqo,44,4,0.9077,0.8164,0.9021,0.9232,0.8841,1.4808,0.7452,PepSet_dimer_output_esmfold2_fast_loop10_samplingsteps68,3bqo,0.941,0.906,0.745,0.431
3emh,42,0,0.9713,0.7662,0.9672,0.9824,0.8597,0.2803,1.0886,PepSet_dimer_output_esmfold2_fast_loop10_samplingsteps68,3emh,0.925,0.833,1.089,0.317
3emh,42,1,0.972,0.7569,0.9678,0.9827,0.8487,0.3021,0.7471,PepSet_dimer_output_esmfold2_fast_loop10_samplingsteps68,3emh,0.933,0.833,0.747,0.25
3emh,42,2,0.9724,0.7471,0.968,0.9826,0.87,0.2986,1.9866,PepSet_dimer_output_esmfold2_fast_loop10_samplingsteps68,3emh,0.889,0.833,1.987,0.536
3emh,42,3,0.9725,0.7761,0.9687,0.9829,0.8652,0.2999,0.8043,PepSet_dimer_output_esmfold2_fast_loop10_samplingsteps68,3emh,0.943,0.867,0.804,0.257
3emh,42,4,0.9727,0.7819,0.969,0.9833,0.872,0.3115,0.9808,PepSet_dimer_output_esmfold2_fast_loop10_samplingsteps68,3emh,0.928,0.833,0.981,0.294
3emh,43,0,0.9723,0.7723,0.9684,0.983,0.8639,0.3105,0.848,PepSet_dimer_output_esmfold2_fast_loop10_samplingsteps68,3emh,0.92,0.8,0.848,0.27
3emh,43,1,0.9725,0.7802,0.9688,0.9831,0.8721,0.3062,1.1994,PepSet_dimer_output_esmfold2_fast_loop10_samplingsteps68,3emh,0.887,0.733,1.199,0.349
3emh,43,2,0.9719,0.7704,0.968,0.9828,0.8697,0.312,1.1325,PepSet_dimer_output_esmfold2_fast_loop10_samplingsteps68,3emh,0.924,0.833,1.133,0.322
3emh,43,3,0.9723,0.7749,0.9685,0.983,0.8679,0.3154,1.2917,PepSet_dimer_output_esmfold2_fast_loop10_samplingsteps68,3emh,0.917,0.833,1.292,0.374
3emh,43,4,0.972,0.7798,0.9682,0.9829,0.8695,0.3018,0.8266,PepSet_dimer_output_esmfold2_fast_loop10_samplingsteps68,3emh,0.931,0.833,0.827,0.265
3emh,44,0,0.9719,0.7567,0.9677,0.9829,0.8701,0.3073,2.0587,PepSet_dimer_output_esmfold2_fast_loop10_samplingsteps68,3emh,0.887,0.833,2.059,0.547
3emh,44,1,0.9723,0.7788,0.9685,0.9828,0.8707,0.3079,0.7756,PepSet_dimer_output_esmfold2_fast_loop10_samplingsteps68,3emh,0.944,0.867,0.776,0.254
3emh,44,2,0.9722,0.7757,0.9683,0.9829,0.87,0.3161,1.0582,PepSet_dimer_output_esmfold2_fast_loop10_samplingsteps68,3emh,0.925,0.833,1.058,0.313
3emh,44,3,0.9725,0.773,0.9686,0.9831,0.8703,0.3146,1.8751,PepSet_dimer_output_esmfold2_fast_loop10_samplingsteps68,3emh,0.861,0.733,1.875,0.508
3emh,44,4,0.9725,0.7689,0.9685,0.9827,0.8613,0.318,0.7846,PepSet_dimer_output_esmfold2_fast_loop10_samplingsteps68,3emh,0.932,0.833,0.785,0.253
3emw,42,0,0.9233,0.7329,0.9169,0.9449,0.8556,1.1026,6.4597,PepSet_dimer_output_esmfold2_fast_loop10_samplingsteps68,3emw,0.406,0.303,6.46,2.406
3emw,42,1,0.9222,0.6887,0.9143,0.9435,0.7521,1.4315,4.0858,PepSet_dimer_output_esmfold2_fast_loop10_samplingsteps68,3emw,0.609,0.485,4.086,1.412
3emw,42,2,0.9226,0.8676,0.9207,0.9483,0.9172,1.4363,0.5298,PepSet_dimer_output_esmfold2_fast_loop10_samplingsteps68,3emw,0.972,0.939,0.53,0.21
3emw,42,3,0.924,0.8746,0.9223,0.9503,0.9196,1.0552,0.4834,PepSet_dimer_output_esmfold2_fast_loop10_samplingsteps68,3emw,0.964,0.909,0.483,0.185
3emw,42,4,0.9217,0.7815,0.9169,0.944,0.8524,1.2482,5.3502,PepSet_dimer_output_esmfold2_fast_loop10_samplingsteps68,3emw,0.459,0.303,5.35,2.014
3emw,43,0,0.9245,0.7545,0.9188,0.9457,0.8559,1.1087,6.1866,PepSet_dimer_output_esmfold2_fast_loop10_samplingsteps68,3emw,0.425,0.333,6.187,2.358
3emw,43,1,0.9235,0.7753,0.9185,0.9465,0.8546,1.1796,5.273,PepSet_dimer_output_esmfold2_fast_loop10_samplingsteps68,3emw,0.471,0.333,5.273,2.011
3emw,43,2,0.9216,0.7477,0.9157,0.9442,0.852,1.0385,6.5336,PepSet_dimer_output_esmfold2_fast_loop10_samplingsteps68,3emw,0.423,0.364,6.534,2.43
3emw,43,3,0.9253,0.7771,0.9203,0.948,0.8575,0.8437,5.3146,PepSet_dimer_output_esmfold2_fast_loop10_samplingsteps68,3emw,0.472,0.333,5.315,1.99
3emw,43,4,0.9205,0.7778,0.9157,0.9441,0.8532,1.1921,5.2728,PepSet_dimer_output_esmfold2_fast_loop10_samplingsteps68,3emw,0.461,0.303,5.273,2.007
3emw,44,0,0.9227,0.7809,0.9179,0.9453,0.8559,1.2585,5.5099,PepSet_dimer_output_esmfold2_fast_loop10_samplingsteps68,3emw,0.464,0.333,5.51,2.018
3emw,44,1,0.9203,0.7439,0.9143,0.9434,0.8515,1.3024,6.7395,PepSet_dimer_output_esmfold2_fast_loop10_samplingsteps68,3emw,0.405,0.333,6.74,2.489
3emw,44,2,0.9227,0.7551,0.917,0.9444,0.8548,1.2869,6.1576,PepSet_dimer_output_esmfold2_fast_loop10_samplingsteps68,3emw,0.42,0.303,6.158,2.28
3emw,44,3,0.9215,0.7498,0.9157,0.9448,0.855,1.274,6.4924,PepSet_dimer_output_esmfold2_fast_loop10_samplingsteps68,3emw,0.414,0.333,6.492,2.431
3emw,44,4,0.9221,0.7557,0.9165,0.9453,0.8499,1.5173,5.4793,PepSet_dimer_output_esmfold2_fast_loop10_samplingsteps68,3emw,0.44,0.273,5.479,2.091
3et3,42,0,0.9076,0.7616,0.8991,0.9334,0.8368,2.5531,2.3005,PepSet_dimer_output_esmfold2_fast_loop10_samplingsteps68,3et3,0.811,0.851,2.3,1.1
3et3,42,1,0.9078,0.7617,0.8994,0.9341,0.8418,2.6507,1.0153,PepSet_dimer_output_esmfold2_fast_loop10_samplingsteps68,3et3,0.922,0.872,1.015,0.475
3et3,42,2,0.9108,0.762,0.9022,0.937,0.8349,1.9416,2.3707,PepSet_dimer_output_esmfold2_fast_loop10_samplingsteps68,3et3,0.819,0.894,2.371,1.132
3et3,42,3,0.9104,0.7621,0.9018,0.9373,0.8365,2.0531,2.389,PepSet_dimer_output_esmfold2_fast_loop10_samplingsteps68,3et3,0.808,0.872,2.389,1.165
3et3,42,4,0.9106,0.7641,0.9021,0.9377,0.8358,1.8815,2.6017,PepSet_dimer_output_esmfold2_fast_loop10_samplingsteps68,3et3,0.791,0.851,2.602,1.202
3et3,43,0,0.9115,0.7648,0.903,0.9387,0.8347,1.9878,2.2789,PepSet_dimer_output_esmfold2_fast_loop10_samplingsteps68,3et3,0.814,0.851,2.279,1.083
3et3,43,1,0.9101,0.7621,0.9015,0.9377,0.8426,1.6629,1.1073,PepSet_dimer_output_esmfold2_fast_loop10_samplingsteps68,3et3,0.93,0.894,1.107,0.462
3et3,43,2,0.9116,0.7639,0.9031,0.9382,0.8445,1.8933,0.9928,PepSet_dimer_output_esmfold2_fast_loop10_samplingsteps68,3et3,0.942,0.915,0.993,0.432
3et3,43,3,0.9111,0.7661,0.9027,0.9385,0.8473,1.6995,0.8486,PepSet_dimer_output_esmfold2_fast_loop10_samplingsteps68,3et3,0.932,0.872,0.849,0.395
3et3,43,4,0.9095,0.7648,0.9012,0.9374,0.8363,2.0301,2.214,PepSet_dimer_output_esmfold2_fast_loop10_samplingsteps68,3et3,0.825,0.872,2.214,1.064
3et3,44,0,0.9117,0.7615,0.903,0.9383,0.8364,2.0178,2.5153,PepSet_dimer_output_esmfold2_fast_loop10_samplingsteps68,3et3,0.814,0.894,2.515,1.151
3et3,44,1,0.9105,0.7609,0.9018,0.9367,0.8397,2.3619,1.3607,PepSet_dimer_output_esmfold2_fast_loop10_samplingsteps68,3et3,0.901,0.872,1.361,0.614
3et3,44,2,0.9102,0.7641,0.9017,0.9376,0.845,2.0287,1.1238,PepSet_dimer_output_esmfold2_fast_loop10_samplingsteps68,3et3,0.921,0.872,1.124,0.476
3et3,44,3,0.9105,0.7662,0.9021,0.9378,0.8401,1.9953,2.4667,PepSet_dimer_output_esmfold2_fast_loop10_samplingsteps68,3et3,0.81,0.894,2.467,1.191
3et3,44,4,0.911,0.7676,0.9027,0.9391,0.8482,2.1178,1.1418,PepSet_dimer_output_esmfold2_fast_loop10_samplingsteps68,3et3,0.931,0.915,1.142,0.51
3fp2,42,0,0.8282,0.706,0.8269,0.6862,0.8898,9.2056,17.2752,PepSet_dimer_output_esmfold2_fast_loop10_samplingsteps68,3fp2,0.45,0.833,17.275,2.181
3fp2,42,1,0.8095,0.6963,0.8084,0.6773,0.8823,9.6238,18.3323,PepSet_dimer_output_esmfold2_fast_loop10_samplingsteps68,3fp2,0.412,0.792,18.332,2.487
3fp2,42,2,0.8212,0.703,0.82,0.6663,0.8847,9.6404,16.6408,PepSet_dimer_output_esmfold2_fast_loop10_samplingsteps68,3fp2,0.432,0.792,16.641,2.302
3fp2,42,3,0.816,0.7127,0.8149,0.6916,0.892,7.6251,12.823,PepSet_dimer_output_esmfold2_fast_loop10_samplingsteps68,3fp2,0.51,0.833,12.823,1.875
3fp2,42,4,0.8048,0.7034,0.8038,0.6574,0.8872,11.7401,17.1836,PepSet_dimer_output_esmfold2_fast_loop10_samplingsteps68,3fp2,0.435,0.792,17.184,2.2
3fp2,43,0,0.8122,0.6925,0.8109,0.6626,0.8869,11.2179,19.088,PepSet_dimer_output_esmfold2_fast_loop10_samplingsteps68,3fp2,0.436,0.833,19.088,2.236
3fp2,43,1,0.8158,0.7009,0.8146,0.6767,0.8905,10.5582,22.9192,PepSet_dimer_output_esmfold2_fast_loop10_samplingsteps68,3fp2,0.422,0.833,22.919,2.227
3fp2,43,2,0.8184,0.6971,0.8172,0.6702,0.8787,10.1088,18.0604,PepSet_dimer_output_esmfold2_fast_loop10_samplingsteps68,3fp2,0.44,0.833,18.06,2.256
3fp2,43,3,0.8222,0.6798,0.8208,0.6702,0.8728,9.0854,20.0504,PepSet_dimer_output_esmfold2_fast_loop10_samplingsteps68,3fp2,0.434,0.833,20.05,2.203
3fp2,43,4,0.8177,0.7094,0.8166,0.6701,0.8874,10.9987,16.1183,PepSet_dimer_output_esmfold2_fast_loop10_samplingsteps68,3fp2,0.438,0.792,16.118,2.267
3fp2,44,0,0.8174,0.7084,0.8163,0.6785,0.8913,8.6709,18.6295,PepSet_dimer_output_esmfold2_fast_loop10_samplingsteps68,3fp2,0.422,0.792,18.63,2.275
3fp2,44,1,0.8124,0.7067,0.8113,0.6748,0.8832,6.5114,11.9782,PepSet_dimer_output_esmfold2_fast_loop10_samplingsteps68,3fp2,0.503,0.833,11.978,2.086
3fp2,44,2,0.8253,0.7164,0.8242,0.6979,0.8925,9.9498,19.1007,PepSet_dimer_output_esmfold2_fast_loop10_samplingsteps68,3fp2,0.435,0.833,19.101,2.259
3fp2,44,3,0.8072,0.7004,0.8061,0.6592,0.8847,9.4733,19.244,PepSet_dimer_output_esmfold2_fast_loop10_samplingsteps68,3fp2,0.422,0.792,19.244,2.236
3fp2,44,4,0.8182,0.6996,0.817,0.6696,0.8922,13.3697,25.5456,PepSet_dimer_output_esmfold2_fast_loop10_samplingsteps68,3fp2,0.391,0.792,25.546,2.389
3g2s,42,0,0.9324,0.8116,0.9239,0.9364,0.8906,2.1086,0.9357,PepSet_dimer_output_esmfold2_fast_loop10_samplingsteps68,3g2s,0.927,0.973,0.936,0.704
3g2s,42,1,0.9328,0.8069,0.924,0.9363,0.8915,1.5887,2.6032,PepSet_dimer_output_esmfold2_fast_loop10_samplingsteps68,3g2s,0.885,0.973,2.603,0.823
3g2s,42,2,0.9336,0.8159,0.9254,0.9372,0.891,1.7768,1.8642,PepSet_dimer_output_esmfold2_fast_loop10_samplingsteps68,3g2s,0.918,1.0,1.864,0.747
3g2s,42,3,0.9337,0.805,0.9247,0.9352,0.8918,2.1082,4.9045,PepSet_dimer_output_esmfold2_fast_loop10_samplingsteps68,3g2s,0.741,0.946,4.904,1.425
3g2s,42,4,0.9315,0.8134,0.9232,0.9339,0.89,1.3696,3.2642,PepSet_dimer_output_esmfold2_fast_loop10_samplingsteps68,3g2s,0.842,0.973,3.264,1.027
3g2s,43,0,0.9325,0.8143,0.9243,0.9365,0.8894,1.8488,2.2616,PepSet_dimer_output_esmfold2_fast_loop10_samplingsteps68,3g2s,0.887,0.946,2.262,0.792
3g2s,43,1,0.9323,0.8143,0.924,0.9344,0.8878,2.1321,1.8719,PepSet_dimer_output_esmfold2_fast_loop10_samplingsteps68,3g2s,0.919,1.0,1.872,0.744
3g2s,43,2,0.9338,0.8098,0.9251,0.9366,0.89,2.0978,2.1021,PepSet_dimer_output_esmfold2_fast_loop10_samplingsteps68,3g2s,0.902,0.973,2.102,0.77
3g2s,43,3,0.9311,0.8081,0.9225,0.9325,0.8897,1.362,4.6388,PepSet_dimer_output_esmfold2_fast_loop10_samplingsteps68,3g2s,0.738,0.946,4.639,1.509
3g2s,43,4,0.9328,0.8135,0.9244,0.936,0.8907,1.736,3.3111,PepSet_dimer_output_esmfold2_fast_loop10_samplingsteps68,3g2s,0.861,0.973,3.311,0.885
3g2s,44,0,0.9261,0.803,0.9175,0.9291,0.8828,2.3386,3.1642,PepSet_dimer_output_esmfold2_fast_loop10_samplingsteps68,3g2s,0.796,0.919,3.164,1.247
3g2s,44,1,0.9322,0.8046,0.9233,0.9346,0.8895,1.2121,2.9702,PepSet_dimer_output_esmfold2_fast_loop10_samplingsteps68,3g2s,0.873,0.973,2.97,0.853
3g2s,44,2,0.9264,0.8095,0.9182,0.9334,0.8878,2.1252,1.5603,PepSet_dimer_output_esmfold2_fast_loop10_samplingsteps68,3g2s,0.925,0.973,1.56,0.666
3g2s,44,3,0.9326,0.8077,0.9238,0.9363,0.8905,1.4636,2.8661,PepSet_dimer_output_esmfold2_fast_loop10_samplingsteps68,3g2s,0.881,0.946,2.866,0.753
3g2s,44,4,0.9335,0.8081,0.9247,0.9355,0.8897,2.1373,1.7511,PepSet_dimer_output_esmfold2_fast_loop10_samplingsteps68,3g2s,0.905,0.973,1.751,0.789
3h1z,42,0,0.932,0.355,0.8971,0.9118,0.2912,1.0152,18.3259,PepSet_dimer_output_esmfold2_fast_loop10_samplingsteps68,3h1z,0.114,0.132,18.326,8.088
3h1z,42,1,0.9348,0.3537,0.8996,0.9137,0.2954,1.0421,11.8765,PepSet_dimer_output_esmfold2_fast_loop10_samplingsteps68,3h1z,0.193,0.151,11.877,4.829
3h1z,42,2,0.9363,0.3789,0.9026,0.9137,0.3132,1.0088,21.8893,PepSet_dimer_output_esmfold2_fast_loop10_samplingsteps68,3h1z,0.095,0.132,21.889,9.719
3h1z,42,3,0.9347,0.3354,0.8985,0.9104,0.2604,1.037,16.3878,PepSet_dimer_output_esmfold2_fast_loop10_samplingsteps68,3h1z,0.187,0.302,16.388,6.839
3h1z,42,4,0.9345,0.3758,0.9007,0.9125,0.3094,1.0764,17.5883,PepSet_dimer_output_esmfold2_fast_loop10_samplingsteps68,3h1z,0.119,0.132,17.588,7.71
3h1z,43,0,0.9368,0.3891,0.9037,0.915,0.3078,0.826,13.7162,PepSet_dimer_output_esmfold2_fast_loop10_samplingsteps68,3h1z,0.142,0.075,13.716,5.391
3h1z,43,1,0.9344,0.346,0.8988,0.9104,0.2472,0.8988,12.2913,PepSet_dimer_output_esmfold2_fast_loop10_samplingsteps68,3h1z,0.186,0.151,12.291,4.945
3h1z,43,2,0.9344,0.3715,0.9003,0.9131,0.3094,1.0485,21.0843,PepSet_dimer_output_esmfold2_fast_loop10_samplingsteps68,3h1z,0.093,0.113,21.084,9.357
3h1z,43,3,0.9338,0.3811,0.9004,0.9136,0.3338,0.9531,18.613,PepSet_dimer_output_esmfold2_fast_loop10_samplingsteps68,3h1z,0.106,0.113,18.613,8.163
3h1z,43,4,0.9331,0.3433,0.8974,0.9066,0.2554,1.178,9.2329,PepSet_dimer_output_esmfold2_fast_loop10_samplingsteps68,3h1z,0.312,0.358,9.233,4.079
3h1z,44,0,0.9347,0.3563,0.8998,0.9128,0.2842,0.9064,11.2892,PepSet_dimer_output_esmfold2_fast_loop10_samplingsteps68,3h1z,0.208,0.17,11.289,4.689
3h1z,44,1,0.9328,0.3398,0.897,0.9113,0.2738,0.9248,9.506,PepSet_dimer_output_esmfold2_fast_loop10_samplingsteps68,3h1z,0.275,0.264,9.506,4.125
3h1z,44,2,0.9352,0.4005,0.9029,0.9144,0.3403,0.9446,21.0,PepSet_dimer_output_esmfold2_fast_loop10_samplingsteps68,3h1z,0.099,0.132,21.0,9.31
3h1z,44,3,0.9349,0.3946,0.9022,0.9143,0.3124,1.0072,20.7779,PepSet_dimer_output_esmfold2_fast_loop10_samplingsteps68,3h1z,0.088,0.094,20.778,9.197
3h1z,44,4,0.935,0.3678,0.9007,0.9135,0.3055,0.9444,11.1157,PepSet_dimer_output_esmfold2_fast_loop10_samplingsteps68,3h1z,0.193,0.113,11.116,4.545
3i5r,42,0,0.9374,0.8939,0.933,0.9345,0.8883,0.8899,1.0275,PepSet_dimer_output_esmfold2_fast_loop10_samplingsteps68,3i5r,0.953,1.0,1.028,0.571
3i5r,42,1,0.9383,0.897,0.9341,0.9348,0.8916,0.8803,0.8743,PepSet_dimer_output_esmfold2_fast_loop10_samplingsteps68,3i5r,0.961,1.0,0.874,0.517
3i5r,42,2,0.9343,0.8881,0.9297,0.9313,0.8839,0.8584,0.955,PepSet_dimer_output_esmfold2_fast_loop10_samplingsteps68,3i5r,0.944,0.962,0.955,0.542
3i5r,42,3,0.9341,0.8911,0.9298,0.9307,0.8858,0.8567,0.8309,PepSet_dimer_output_esmfold2_fast_loop10_samplingsteps68,3i5r,0.961,1.0,0.831,0.522
3i5r,42,4,0.9365,0.8872,0.9316,0.9323,0.8763,0.8663,0.8374,PepSet_dimer_output_esmfold2_fast_loop10_samplingsteps68,3i5r,0.948,0.962,0.837,0.519
3i5r,43,0,0.9365,0.892,0.932,0.9326,0.8833,0.8886,0.8356,PepSet_dimer_output_esmfold2_fast_loop10_samplingsteps68,3i5r,0.96,1.0,0.836,0.528
3i5r,43,1,0.9312,0.8917,0.9273,0.9295,0.8848,0.8601,0.9123,PepSet_dimer_output_esmfold2_fast_loop10_samplingsteps68,3i5r,0.959,1.0,0.912,0.532
3i5r,43,2,0.9351,0.8854,0.9302,0.9313,0.8794,0.8686,1.0389,PepSet_dimer_output_esmfold2_fast_loop10_samplingsteps68,3i5r,0.942,0.962,1.039,0.56
3i5r,43,3,0.9311,0.8905,0.927,0.9265,0.8837,0.839,0.916,PepSet_dimer_output_esmfold2_fast_loop10_samplingsteps68,3i5r,0.957,1.0,0.916,0.549
3i5r,43,4,0.9318,0.8912,0.9277,0.93,0.8857,0.8786,0.8599,PepSet_dimer_output_esmfold2_fast_loop10_samplingsteps68,3i5r,0.949,0.962,0.86,0.51
3i5r,44,0,0.9367,0.894,0.9325,0.9328,0.8869,0.879,0.7734,PepSet_dimer_output_esmfold2_fast_loop10_samplingsteps68,3i5r,0.95,0.962,0.773,0.507
3i5r,44,1,0.9356,0.8902,0.931,0.9303,0.8843,0.913,0.9358,PepSet_dimer_output_esmfold2_fast_loop10_samplingsteps68,3i5r,0.943,0.962,0.936,0.554
3i5r,44,2,0.9401,0.8939,0.9355,0.9363,0.8865,0.8617,0.7659,PepSet_dimer_output_esmfold2_fast_loop10_samplingsteps68,3i5r,0.962,1.0,0.766,0.515
3i5r,44,3,0.937,0.8939,0.9327,0.9343,0.8868,0.872,0.8557,PepSet_dimer_output_esmfold2_fast_loop10_samplingsteps68,3i5r,0.96,1.0,0.856,0.525
3i5r,44,4,0.9371,0.895,0.9329,0.9346,0.8873,0.8474,0.8305,PepSet_dimer_output_esmfold2_fast_loop10_samplingsteps68,3i5r,0.961,1.0,0.831,0.52
3obq,42,0,0.9337,0.8729,0.93,0.9461,0.9017,0.6351,0.6206,PepSet_dimer_output_esmfold2_fast_loop10_samplingsteps68,3obq,0.938,0.889,0.621,0.407
3obq,42,1,0.9336,0.8677,0.9296,0.9458,0.897,0.6411,0.9726,PepSet_dimer_output_esmfold2_fast_loop10_samplingsteps68,3obq,0.936,0.944,0.973,0.565
3obq,42,2,0.9332,0.8646,0.929,0.9459,0.8931,0.5757,0.5251,PepSet_dimer_output_esmfold2_fast_loop10_samplingsteps68,3obq,0.961,0.944,0.525,0.37
3obq,42,3,0.9333,0.8784,0.93,0.9462,0.9101,0.5973,0.642,PepSet_dimer_output_esmfold2_fast_loop10_samplingsteps68,3obq,0.939,0.889,0.642,0.396
3obq,42,4,0.9312,0.8627,0.9271,0.9443,0.888,0.6904,0.8341,PepSet_dimer_output_esmfold2_fast_loop10_samplingsteps68,3obq,0.943,0.917,0.834,0.44
3obq,43,0,0.9307,0.8802,0.9276,0.9445,0.9092,0.5226,0.6806,PepSet_dimer_output_esmfold2_fast_loop10_samplingsteps68,3obq,0.945,0.917,0.681,0.431
3obq,43,1,0.9318,0.8794,0.9286,0.9453,0.9085,0.5838,0.5658,PepSet_dimer_output_esmfold2_fast_loop10_samplingsteps68,3obq,0.927,0.889,0.566,0.507
3obq,43,2,0.9339,0.8773,0.9305,0.9474,0.9088,0.6361,0.6789,PepSet_dimer_output_esmfold2_fast_loop10_samplingsteps68,3obq,0.935,0.889,0.679,0.433
3obq,43,3,0.932,0.8727,0.9284,0.9452,0.9013,0.6251,0.5222,PepSet_dimer_output_esmfold2_fast_loop10_samplingsteps68,3obq,0.939,0.889,0.522,0.409
3obq,43,4,0.9312,0.8611,0.927,0.9443,0.8925,0.5513,1.1178,PepSet_dimer_output_esmfold2_fast_loop10_samplingsteps68,3obq,0.918,0.889,1.118,0.551
3obq,44,0,0.9335,0.8701,0.9297,0.9465,0.9026,0.6478,1.2534,PepSet_dimer_output_esmfold2_fast_loop10_samplingsteps68,3obq,0.913,0.917,1.253,0.649
3obq,44,1,0.9327,0.8755,0.9293,0.9459,0.9074,0.6402,0.5593,PepSet_dimer_output_esmfold2_fast_loop10_samplingsteps68,3obq,0.93,0.889,0.559,0.483
3obq,44,2,0.9339,0.8608,0.9295,0.9466,0.8913,0.6277,1.0129,PepSet_dimer_output_esmfold2_fast_loop10_samplingsteps68,3obq,0.922,0.889,1.013,0.521
3obq,44,3,0.9338,0.8808,0.9306,0.9469,0.9114,0.6214,0.5668,PepSet_dimer_output_esmfold2_fast_loop10_samplingsteps68,3obq,0.932,0.889,0.567,0.471
3obq,44,4,0.9338,0.8733,0.9301,0.9466,0.9027,0.6556,0.5361,PepSet_dimer_output_esmfold2_fast_loop10_samplingsteps68,3obq,0.924,0.861,0.536,0.456
3p72,42,0,0.9421,0.9431,0.9422,0.9657,0.9791,2.386,0.757,PepSet_dimer_output_esmfold2_fast_loop10_samplingsteps68,3p72,0.941,0.878,0.757,0.333
3p72,42,1,0.9427,0.9414,0.9427,0.9671,0.9784,2.0944,0.8511,PepSet_dimer_output_esmfold2_fast_loop10_samplingsteps68,3p72,0.934,0.854,0.851,0.317
3p72,42,2,0.9428,0.9445,0.9429,0.9662,0.9797,2.2868,0.5265,PepSet_dimer_output_esmfold2_fast_loop10_samplingsteps68,3p72,0.956,0.902,0.527,0.271
3p72,42,3,0.942,0.9419,0.942,0.966,0.9786,2.2684,0.5942,PepSet_dimer_output_esmfold2_fast_loop10_samplingsteps68,3p72,0.967,0.951,0.594,0.329
3p72,42,4,0.942,0.9415,0.942,0.966,0.9783,2.3419,0.7763,PepSet_dimer_output_esmfold2_fast_loop10_samplingsteps68,3p72,0.95,0.902,0.776,0.327
3p72,43,0,0.9417,0.9416,0.9417,0.9662,0.9783,2.2881,0.7875,PepSet_dimer_output_esmfold2_fast_loop10_samplingsteps68,3p72,0.939,0.878,0.787,0.357
3p72,43,1,0.9419,0.9429,0.942,0.9666,0.9789,1.9812,0.696,PepSet_dimer_output_esmfold2_fast_loop10_samplingsteps68,3p72,0.952,0.902,0.696,0.307
3p72,43,2,0.9442,0.9423,0.9442,0.9687,0.9785,2.0963,0.902,PepSet_dimer_output_esmfold2_fast_loop10_samplingsteps68,3p72,0.937,0.878,0.902,0.36
3p72,43,3,0.942,0.94,0.9419,0.9676,0.9774,2.0778,0.8189,PepSet_dimer_output_esmfold2_fast_loop10_samplingsteps68,3p72,0.942,0.878,0.819,0.319
3p72,43,4,0.9418,0.9424,0.9418,0.9659,0.9787,2.0656,0.8108,PepSet_dimer_output_esmfold2_fast_loop10_samplingsteps68,3p72,0.937,0.854,0.811,0.284
3p72,44,0,0.9415,0.9441,0.9416,0.9652,0.9792,1.7281,0.4543,PepSet_dimer_output_esmfold2_fast_loop10_samplingsteps68,3p72,0.944,0.878,0.454,0.319
3p72,44,1,0.9411,0.9447,0.9412,0.9656,0.9796,2.0398,0.5261,PepSet_dimer_output_esmfold2_fast_loop10_samplingsteps68,3p72,0.954,0.902,0.526,0.291
3p72,44,2,0.9426,0.9431,0.9427,0.9674,0.979,2.2444,0.7487,PepSet_dimer_output_esmfold2_fast_loop10_samplingsteps68,3p72,0.937,0.854,0.749,0.28
3p72,44,3,0.9425,0.9429,0.9426,0.9666,0.9789,2.1063,0.7086,PepSet_dimer_output_esmfold2_fast_loop10_samplingsteps68,3p72,0.942,0.878,0.709,0.327
3p72,44,4,0.9437,0.9395,0.9435,0.9681,0.9775,2.15,0.7173,PepSet_dimer_output_esmfold2_fast_loop10_samplingsteps68,3p72,0.929,0.854,0.717,0.38
3pe4,42,0,0.9434,0.4966,0.9346,0.9608,0.6542,1.5128,20.0619,PepSet_dimer_output_esmfold2_fast_loop10_samplingsteps68,3pe4,0.069,0.0,20.062,6.189
3pe4,42,1,0.896,0.5042,0.8883,0.9084,0.6595,5.1922,20.5045,PepSet_dimer_output_esmfold2_fast_loop10_samplingsteps68,3pe4,0.067,0.0,20.505,6.342
3pe4,42,2,0.9456,0.4727,0.9362,0.9624,0.6523,1.3619,21.4457,PepSet_dimer_output_esmfold2_fast_loop10_samplingsteps68,3pe4,0.062,0.0,21.446,6.599
3pe4,42,3,0.9471,0.4833,0.9379,0.9621,0.6455,1.4117,20.49,PepSet_dimer_output_esmfold2_fast_loop10_samplingsteps68,3pe4,0.067,0.0,20.49,6.322
3pe4,42,4,0.9096,0.4946,0.9014,0.9306,0.6484,4.1012,20.721,PepSet_dimer_output_esmfold2_fast_loop10_samplingsteps68,3pe4,0.066,0.0,20.721,6.319
3pe4,43,0,0.9085,0.4975,0.9004,0.9316,0.6556,3.6616,20.1237,PepSet_dimer_output_esmfold2_fast_loop10_samplingsteps68,3pe4,0.069,0.0,20.124,6.182
3pe4,43,1,0.9467,0.5016,0.9379,0.9624,0.6534,1.4088,20.3554,PepSet_dimer_output_esmfold2_fast_loop10_samplingsteps68,3pe4,0.067,0.0,20.355,6.281
3pe4,43,2,0.9467,0.4948,0.9378,0.9616,0.6528,1.3786,20.063,PepSet_dimer_output_esmfold2_fast_loop10_samplingsteps68,3pe4,0.069,0.0,20.063,6.17
3pe4,43,3,0.8949,0.507,0.8872,0.9073,0.6622,4.5356,21.0598,PepSet_dimer_output_esmfold2_fast_loop10_samplingsteps68,3pe4,0.064,0.0,21.06,6.38
3pe4,43,4,0.9097,0.4885,0.9013,0.9306,0.6461,3.7512,20.4516,PepSet_dimer_output_esmfold2_fast_loop10_samplingsteps68,3pe4,0.067,0.0,20.452,6.275
3pe4,44,0,0.9479,0.4717,0.9385,0.9625,0.6293,1.5538,20.8518,PepSet_dimer_output_esmfold2_fast_loop10_samplingsteps68,3pe4,0.065,0.0,20.852,6.436
3pe4,44,1,0.9409,0.4917,0.9321,0.9602,0.6501,1.3848,20.1316,PepSet_dimer_output_esmfold2_fast_loop10_samplingsteps68,3pe4,0.069,0.0,20.132,6.19
3pe4,44,2,0.8963,0.5039,0.8885,0.9115,0.6573,4.6081,20.2927,PepSet_dimer_output_esmfold2_fast_loop10_samplingsteps68,3pe4,0.068,0.0,20.293,6.3
3pe4,44,3,0.8931,0.4842,0.885,0.9083,0.6537,4.12,20.5579,PepSet_dimer_output_esmfold2_fast_loop10_samplingsteps68,3pe4,0.066,0.0,20.558,6.334
3pe4,44,4,0.8973,0.4966,0.8893,0.9109,0.6627,4.8735,20.602,PepSet_dimer_output_esmfold2_fast_loop10_samplingsteps68,3pe4,0.066,0.0,20.602,6.418
3plu,42,0,0.9325,0.9281,0.9316,0.9442,0.9335,0.4427,0.5003,PepSet_dimer_output_esmfold2_fast_loop10_samplingsteps68,3plu,0.969,0.966,0.5,0.364
3plu,42,1,0.9351,0.934,0.9349,0.9469,0.9392,0.4303,0.4516,PepSet_dimer_output_esmfold2_fast_loop10_samplingsteps68,3plu,0.971,0.966,0.452,0.348
3plu,42,2,0.9342,0.9331,0.934,0.9473,0.9395,0.3262,0.429,PepSet_dimer_output_esmfold2_fast_loop10_samplingsteps68,3plu,0.973,0.966,0.429,0.327
3plu,42,3,0.9347,0.9347,0.9347,0.9477,0.9415,0.3107,0.4083,PepSet_dimer_output_esmfold2_fast_loop10_samplingsteps68,3plu,0.973,0.966,0.408,0.325
3plu,42,4,0.9344,0.9318,0.9339,0.947,0.9377,0.3462,0.6011,PepSet_dimer_output_esmfold2_fast_loop10_samplingsteps68,3plu,0.968,0.966,0.601,0.366
3plu,43,0,0.9301,0.9259,0.9293,0.9419,0.9346,0.4344,0.4206,PepSet_dimer_output_esmfold2_fast_loop10_samplingsteps68,3plu,0.972,0.966,0.421,0.336
3plu,43,1,0.9354,0.9349,0.9353,0.9477,0.9411,0.4386,0.5314,PepSet_dimer_output_esmfold2_fast_loop10_samplingsteps68,3plu,0.97,0.966,0.531,0.355
3plu,43,2,0.9311,0.9296,0.9308,0.9431,0.9359,0.4819,0.482,PepSet_dimer_output_esmfold2_fast_loop10_samplingsteps68,3plu,0.965,0.966,0.482,0.402
3plu,43,3,0.9354,0.9347,0.9353,0.9478,0.9414,0.4161,0.5638,PepSet_dimer_output_esmfold2_fast_loop10_samplingsteps68,3plu,0.969,0.966,0.564,0.36
3plu,43,4,0.9356,0.9353,0.9355,0.9481,0.9417,0.3378,0.4363,PepSet_dimer_output_esmfold2_fast_loop10_samplingsteps68,3plu,0.971,0.966,0.436,0.343
3plu,44,0,0.9362,0.9362,0.9362,0.9488,0.9425,0.346,0.57,PepSet_dimer_output_esmfold2_fast_loop10_samplingsteps68,3plu,0.967,0.966,0.57,0.38
3plu,44,1,0.9357,0.9329,0.9352,0.9478,0.9385,0.3573,0.6319,PepSet_dimer_output_esmfold2_fast_loop10_samplingsteps68,3plu,0.966,0.966,0.632,0.39
3plu,44,2,0.9349,0.9365,0.9352,0.9474,0.9431,0.454,0.5135,PepSet_dimer_output_esmfold2_fast_loop10_samplingsteps68,3plu,0.972,0.966,0.514,0.329
3plu,44,3,0.9361,0.9346,0.9358,0.9483,0.941,0.3486,0.5105,PepSet_dimer_output_esmfold2_fast_loop10_samplingsteps68,3plu,0.969,0.966,0.51,0.36
3plu,44,4,0.9349,0.9343,0.9348,0.9484,0.9407,0.3313,0.4383,PepSet_dimer_output_esmfold2_fast_loop10_samplingsteps68,3plu,0.972,0.966,0.438,0.338
3r42,42,0,0.8999,0.8182,0.896,0.9083,0.8722,1.2516,4.0439,PepSet_dimer_output_esmfold2_fast_loop10_samplingsteps68,3r42,0.614,0.562,4.044,1.61
3r42,42,1,0.9027,0.815,0.8984,0.9111,0.8718,1.6886,4.2184,PepSet_dimer_output_esmfold2_fast_loop10_samplingsteps68,3r42,0.59,0.531,4.218,1.704
3r42,42,2,0.9029,0.824,0.899,0.9117,0.878,1.1187,4.4247,PepSet_dimer_output_esmfold2_fast_loop10_samplingsteps68,3r42,0.59,0.562,4.425,1.759
3r42,42,3,0.9012,0.8265,0.8976,0.9099,0.8803,1.1737,4.7452,PepSet_dimer_output_esmfold2_fast_loop10_samplingsteps68,3r42,0.573,0.531,4.745,1.739
3r42,42,4,0.9018,0.823,0.898,0.9111,0.8795,1.3008,4.2749,PepSet_dimer_output_esmfold2_fast_loop10_samplingsteps68,3r42,0.606,0.562,4.275,1.63
3r42,43,0,0.9022,0.8172,0.898,0.9108,0.871,1.1975,4.7555,PepSet_dimer_output_esmfold2_fast_loop10_samplingsteps68,3r42,0.567,0.531,4.756,1.801
3r42,43,1,0.9008,0.819,0.8968,0.9097,0.8707,1.2356,4.102,PepSet_dimer_output_esmfold2_fast_loop10_samplingsteps68,3r42,0.598,0.531,4.102,1.655
3r42,43,2,0.9012,0.8245,0.8975,0.9111,0.8812,1.4594,4.1776,PepSet_dimer_output_esmfold2_fast_loop10_samplingsteps68,3r42,0.595,0.531,4.178,1.662
3r42,43,3,0.8974,0.8255,0.8939,0.9101,0.8804,1.3576,3.99,PepSet_dimer_output_esmfold2_fast_loop10_samplingsteps68,3r42,0.615,0.562,3.99,1.613
3r42,43,4,0.9022,0.8132,0.8978,0.9103,0.8634,1.2996,4.7451,PepSet_dimer_output_esmfold2_fast_loop10_samplingsteps68,3r42,0.577,0.562,4.745,1.813
3r42,44,0,0.9039,0.8136,0.8995,0.9118,0.8691,1.0359,4.4348,PepSet_dimer_output_esmfold2_fast_loop10_samplingsteps68,3r42,0.593,0.562,4.435,1.728
3r42,44,1,0.8988,0.8312,0.8955,0.9079,0.8857,1.6114,4.6473,PepSet_dimer_output_esmfold2_fast_loop10_samplingsteps68,3r42,0.581,0.531,4.647,1.69
3r42,44,2,0.9035,0.8282,0.8998,0.9129,0.8854,1.1701,4.5003,PepSet_dimer_output_esmfold2_fast_loop10_samplingsteps68,3r42,0.579,0.531,4.5,1.748
3r42,44,3,0.9014,0.826,0.8977,0.91,0.8821,1.1054,4.8519,PepSet_dimer_output_esmfold2_fast_loop10_samplingsteps68,3r42,0.567,0.531,4.852,1.779
3r42,44,4,0.9017,0.8152,0.8975,0.9093,0.872,1.4546,4.1238,PepSet_dimer_output_esmfold2_fast_loop10_samplingsteps68,3r42,0.597,0.531,4.124,1.661
3s9c,42,0,0.9403,0.6867,0.933,0.9637,0.7565,1.5332,6.0718,PepSet_dimer_output_esmfold2_fast_loop10_samplingsteps68,3s9c,0.61,0.733,6.068,1.713
3s9c,42,1,0.9395,0.6784,0.9319,0.9626,0.7466,1.525,6.1534,PepSet_dimer_output_esmfold2_fast_loop10_samplingsteps68,3s9c,0.606,0.733,6.151,1.733
3s9c,42,2,0.9445,0.6502,0.9359,0.9642,0.7366,1.5295,4.0008,PepSet_dimer_output_esmfold2_fast_loop10_samplingsteps68,3s9c,0.706,0.689,3.999,1.201
3s9c,42,3,0.9414,0.6726,0.9336,0.9635,0.7379,1.5349,6.6744,PepSet_dimer_output_esmfold2_fast_loop10_samplingsteps68,3s9c,0.566,0.689,6.672,1.874
3s9c,42,4,0.9387,0.6514,0.9304,0.9617,0.7369,1.5349,5.1692,PepSet_dimer_output_esmfold2_fast_loop10_samplingsteps68,3s9c,0.649,0.711,5.167,1.48
3s9c,43,0,0.9397,0.6852,0.9323,0.9631,0.7564,1.5333,6.1604,PepSet_dimer_output_esmfold2_fast_loop10_samplingsteps68,3s9c,0.598,0.711,6.158,1.732
3s9c,43,1,0.9403,0.52,0.9281,0.9585,0.7472,1.5321,3.0698,PepSet_dimer_output_esmfold2_fast_loop10_samplingsteps68,3s9c,0.789,0.778,3.07,0.97
3s9c,43,2,0.9423,0.6768,0.9346,0.9643,0.7444,1.5401,6.4337,PepSet_dimer_output_esmfold2_fast_loop10_samplingsteps68,3s9c,0.584,0.711,6.43,1.814
3s9c,43,3,0.9395,0.6794,0.9319,0.9631,0.7488,1.5403,6.5064,PepSet_dimer_output_esmfold2_fast_loop10_samplingsteps68,3s9c,0.582,0.711,6.504,1.827
3s9c,43,4,0.9395,0.671,0.9317,0.9629,0.7398,1.5273,6.5037,PepSet_dimer_output_esmfold2_fast_loop10_samplingsteps68,3s9c,0.574,0.689,6.501,1.827
3s9c,44,0,0.9445,0.6726,0.9366,0.9653,0.7397,1.5349,6.0198,PepSet_dimer_output_esmfold2_fast_loop10_samplingsteps68,3s9c,0.612,0.733,6.017,1.706
3s9c,44,1,0.9412,0.6723,0.9334,0.9634,0.7377,1.5401,6.4862,PepSet_dimer_output_esmfold2_fast_loop10_samplingsteps68,3s9c,0.574,0.689,6.484,1.838
3s9c,44,2,0.9399,0.6462,0.9314,0.9616,0.7303,1.5357,5.3629,PepSet_dimer_output_esmfold2_fast_loop10_samplingsteps68,3s9c,0.63,0.689,5.361,1.541
3s9c,44,3,0.9397,0.6781,0.9321,0.9625,0.7511,1.533,5.3645,PepSet_dimer_output_esmfold2_fast_loop10_samplingsteps68,3s9c,0.639,0.711,5.362,1.53
3s9c,44,4,0.9416,0.6689,0.9337,0.9633,0.7346,1.5348,5.1822,PepSet_dimer_output_esmfold2_fast_loop10_samplingsteps68,3s9c,0.657,0.733,5.179,1.475
3shb,42,0,0.9473,0.8157,0.9348,0.9099,0.8478,0.7477,4.3357,PepSet_dimer_output_esmfold2_fast_loop10_samplingsteps68,3shb,0.736,0.935,4.336,1.562
3shb,42,1,0.9477,0.7767,0.9315,0.9055,0.8452,0.9001,0.9064,PepSet_dimer_output_esmfold2_fast_loop10_samplingsteps68,3shb,0.943,0.935,0.906,0.49
3shb,42,2,0.9511,0.8493,0.9415,0.9176,0.8553,0.8046,4.8975,PepSet_dimer_output_esmfold2_fast_loop10_samplingsteps68,3shb,0.706,0.935,4.898,1.718
3shb,42,3,0.9507,0.8528,0.9415,0.9178,0.8544,0.6906,4.8877,PepSet_dimer_output_esmfold2_fast_loop10_samplingsteps68,3shb,0.706,0.935,4.888,1.723
3shb,42,4,0.9495,0.8472,0.9398,0.9153,0.8512,0.7533,4.8182,PepSet_dimer_output_esmfold2_fast_loop10_samplingsteps68,3shb,0.711,0.935,4.818,1.694
3shb,43,0,0.9504,0.8482,0.9407,0.9169,0.8551,0.7307,4.8755,PepSet_dimer_output_esmfold2_fast_loop10_samplingsteps68,3shb,0.708,0.935,4.875,1.711
3shb,43,1,0.9481,0.8427,0.9382,0.9136,0.8499,0.7275,4.6787,PepSet_dimer_output_esmfold2_fast_loop10_samplingsteps68,3shb,0.718,0.935,4.679,1.659
3shb,43,2,0.951,0.848,0.9412,0.9178,0.8543,0.7903,4.7792,PepSet_dimer_output_esmfold2_fast_loop10_samplingsteps68,3shb,0.711,0.935,4.779,1.697
3shb,43,3,0.952,0.8501,0.9423,0.9188,0.8583,0.7746,4.7645,PepSet_dimer_output_esmfold2_fast_loop10_samplingsteps68,3shb,0.712,0.935,4.764,1.69
3shb,43,4,0.9511,0.8488,0.9414,0.9177,0.8536,0.7638,4.9152,PepSet_dimer_output_esmfold2_fast_loop10_samplingsteps68,3shb,0.705,0.935,4.915,1.722
3shb,44,0,0.9506,0.8501,0.9411,0.9173,0.8556,0.7384,4.9916,PepSet_dimer_output_esmfold2_fast_loop10_samplingsteps68,3shb,0.702,0.935,4.992,1.736
3shb,44,1,0.948,0.8467,0.9384,0.915,0.8504,0.7499,4.8694,PepSet_dimer_output_esmfold2_fast_loop10_samplingsteps68,3shb,0.709,0.935,4.869,1.696
3shb,44,2,0.9475,0.7744,0.9311,0.905,0.8455,0.8083,1.1096,PepSet_dimer_output_esmfold2_fast_loop10_samplingsteps68,3shb,0.922,0.903,1.11,0.557
3shb,44,3,0.9508,0.8478,0.9411,0.9166,0.8532,0.7867,4.8067,PepSet_dimer_output_esmfold2_fast_loop10_samplingsteps68,3shb,0.711,0.935,4.807,1.698
3shb,44,4,0.9493,0.8468,0.9396,0.9154,0.854,0.7565,4.8887,PepSet_dimer_output_esmfold2_fast_loop10_samplingsteps68,3shb,0.707,0.935,4.889,1.715
3tiw,42,0,0.9214,0.8446,0.9136,0.9382,0.897,1.2639,2.8137,PepSet_dimer_output_esmfold2_fast_loop10_samplingsteps68,3tiw,0.886,0.975,2.814,0.792
3tiw,42,1,0.9229,0.8428,0.9148,0.9399,0.8975,1.1945,2.8981,PepSet_dimer_output_esmfold2_fast_loop10_samplingsteps68,3tiw,0.877,0.975,2.898,0.846
3tiw,42,2,0.9216,0.8355,0.9129,0.9388,0.8899,1.2685,3.0916,PepSet_dimer_output_esmfold2_fast_loop10_samplingsteps68,3tiw,0.858,0.975,3.092,0.947
3tiw,42,3,0.9212,0.8239,0.9114,0.9375,0.8783,1.2968,3.4532,PepSet_dimer_output_esmfold2_fast_loop10_samplingsteps68,3tiw,0.805,0.975,3.453,1.271
3tiw,42,4,0.9204,0.8129,0.9095,0.9366,0.8664,1.2185,2.9586,PepSet_dimer_output_esmfold2_fast_loop10_samplingsteps68,3tiw,0.858,0.95,2.959,0.905
3tiw,43,0,0.9218,0.8469,0.9142,0.9387,0.8997,1.2395,3.0183,PepSet_dimer_output_esmfold2_fast_loop10_samplingsteps68,3tiw,0.864,0.95,3.018,0.86
3tiw,43,1,0.9221,0.827,0.9125,0.938,0.8815,1.2663,3.4422,PepSet_dimer_output_esmfold2_fast_loop10_samplingsteps68,3tiw,0.809,0.975,3.442,1.242
3tiw,43,2,0.9182,0.8422,0.9105,0.9375,0.8982,1.1563,2.9106,PepSet_dimer_output_esmfold2_fast_loop10_samplingsteps68,3tiw,0.858,0.95,2.911,0.914
3tiw,43,3,0.9209,0.8466,0.9133,0.9374,0.898,1.1806,2.8029,PepSet_dimer_output_esmfold2_fast_loop10_samplingsteps68,3tiw,0.885,0.975,2.803,0.802
3tiw,43,4,0.9217,0.8365,0.9131,0.9383,0.8921,1.2158,3.0177,PepSet_dimer_output_esmfold2_fast_loop10_samplingsteps68,3tiw,0.871,0.975,3.018,0.867
3tiw,44,0,0.9166,0.8436,0.9092,0.9371,0.9007,1.2197,2.9684,PepSet_dimer_output_esmfold2_fast_loop10_samplingsteps68,3tiw,0.868,0.975,2.968,0.896
3tiw,44,1,0.9218,0.8347,0.913,0.9377,0.8828,1.2354,2.8335,PepSet_dimer_output_esmfold2_fast_loop10_samplingsteps68,3tiw,0.864,0.925,2.834,0.826
3tiw,44,2,0.9183,0.8451,0.9109,0.936,0.8975,1.073,2.9615,PepSet_dimer_output_esmfold2_fast_loop10_samplingsteps68,3tiw,0.866,0.95,2.962,0.85
3tiw,44,3,0.9191,0.8447,0.9115,0.9375,0.8973,1.2105,3.022,PepSet_dimer_output_esmfold2_fast_loop10_samplingsteps68,3tiw,0.875,0.975,3.022,0.835
3tiw,44,4,0.9209,0.8432,0.9131,0.9382,0.8966,1.2408,2.7336,PepSet_dimer_output_esmfold2_fast_loop10_samplingsteps68,3tiw,0.885,0.975,2.734,0.813
3v2o,42,0,0.9324,0.7309,0.9193,0.9409,0.7205,0.5211,9.1968,PepSet_dimer_output_esmfold2_fast_loop10_samplingsteps68,3v2o,0.266,0.15,9.197,3.126
3v2o,42,1,0.9288,0.7211,0.9153,0.9365,0.702,0.6303,9.1832,PepSet_dimer_output_esmfold2_fast_loop10_samplingsteps68,3v2o,0.266,0.15,9.183,3.139
3v2o,42,2,0.9395,0.784,0.9294,0.9493,0.798,0.4709,3.4299,PepSet_dimer_output_esmfold2_fast_loop10_samplingsteps68,3v2o,0.797,0.925,3.43,1.208
3v2o,42,3,0.9345,0.7729,0.924,0.9453,0.7878,0.6086,9.0286,PepSet_dimer_output_esmfold2_fast_loop10_samplingsteps68,3v2o,0.27,0.15,9.029,3.089
3v2o,42,4,0.9319,0.7143,0.9177,0.939,0.6965,0.5264,9.0388,PepSet_dimer_output_esmfold2_fast_loop10_samplingsteps68,3v2o,0.262,0.125,9.039,3.077
3v2o,43,0,0.9397,0.788,0.9298,0.9493,0.8023,0.5063,4.0884,PepSet_dimer_output_esmfold2_fast_loop10_samplingsteps68,3v2o,0.738,0.875,4.088,1.423
3v2o,43,1,0.9331,0.7624,0.922,0.943,0.7673,0.6303,9.2662,PepSet_dimer_output_esmfold2_fast_loop10_samplingsteps68,3v2o,0.255,0.125,9.266,3.173
3v2o,43,2,0.9328,0.7428,0.9204,0.9417,0.7329,0.5276,9.1589,PepSet_dimer_output_esmfold2_fast_loop10_samplingsteps68,3v2o,0.267,0.15,9.159,3.11
3v2o,43,3,0.9293,0.724,0.9159,0.9387,0.713,0.6258,9.0206,PepSet_dimer_output_esmfold2_fast_loop10_samplingsteps68,3v2o,0.262,0.125,9.021,3.096
3v2o,43,4,0.9329,0.7329,0.9199,0.9398,0.7214,0.4462,9.3345,PepSet_dimer_output_esmfold2_fast_loop10_samplingsteps68,3v2o,0.263,0.15,9.334,3.151
3v2o,44,0,0.9433,0.8331,0.9361,0.9544,0.8648,0.4569,3.7665,PepSet_dimer_output_esmfold2_fast_loop10_samplingsteps68,3v2o,0.768,0.9,3.766,1.31
3v2o,44,1,0.9314,0.7069,0.9168,0.9389,0.6929,0.5272,9.3621,PepSet_dimer_output_esmfold2_fast_loop10_samplingsteps68,3v2o,0.253,0.125,9.362,3.172
3v2o,44,2,0.9311,0.7311,0.9181,0.9391,0.7148,0.534,9.1347,PepSet_dimer_output_esmfold2_fast_loop10_samplingsteps68,3v2o,0.268,0.15,9.135,3.106
3v2o,44,3,0.9362,0.7956,0.9271,0.9481,0.8214,0.4396,9.3494,PepSet_dimer_output_esmfold2_fast_loop10_samplingsteps68,3v2o,0.254,0.125,9.349,3.16
3v2o,44,4,0.936,0.7855,0.9262,0.9466,0.7988,0.5647,9.2236,PepSet_dimer_output_esmfold2_fast_loop10_samplingsteps68,3v2o,0.257,0.125,9.224,3.142
3wgx,42,0,0.9511,0.8224,0.9434,0.9593,0.827,0.3638,1.0307,PepSet_dimer_output_esmfold2_fast_loop10_samplingsteps68,3wgx,0.935,0.912,1.031,0.474
3wgx,42,1,0.9522,0.8368,0.9453,0.9607,0.8515,0.3495,0.6457,PepSet_dimer_output_esmfold2_fast_loop10_samplingsteps68,3wgx,0.954,0.912,0.646,0.323
3wgx,42,2,0.9509,0.8339,0.9439,0.9596,0.8411,0.3393,1.2991,PepSet_dimer_output_esmfold2_fast_loop10_samplingsteps68,3wgx,0.933,0.941,1.299,0.553
3wgx,42,3,0.9513,0.841,0.9446,0.9599,0.8522,0.3493,1.5399,PepSet_dimer_output_esmfold2_fast_loop10_samplingsteps68,3wgx,0.916,0.941,1.54,0.659
3wgx,42,4,0.9509,0.8306,0.9437,0.9585,0.8297,0.3787,1.9628,PepSet_dimer_output_esmfold2_fast_loop10_samplingsteps68,3wgx,0.875,0.912,1.963,0.835
3wgx,43,0,0.9511,0.8363,0.9442,0.9597,0.8503,0.3498,1.2181,PepSet_dimer_output_esmfold2_fast_loop10_samplingsteps68,3wgx,0.939,0.941,1.218,0.514
3wgx,43,1,0.9505,0.8345,0.9435,0.9591,0.8469,0.3504,1.4228,PepSet_dimer_output_esmfold2_fast_loop10_samplingsteps68,3wgx,0.912,0.912,1.423,0.623
3wgx,43,2,0.9477,0.8319,0.9407,0.9569,0.8392,0.3639,1.4659,PepSet_dimer_output_esmfold2_fast_loop10_samplingsteps68,3wgx,0.9,0.882,1.466,0.636
3wgx,43,3,0.9506,0.831,0.9434,0.9593,0.8373,0.3541,1.4914,PepSet_dimer_output_esmfold2_fast_loop10_samplingsteps68,3wgx,0.928,0.971,1.491,0.65
3wgx,43,4,0.9511,0.8356,0.9442,0.9599,0.8439,0.3519,1.5383,PepSet_dimer_output_esmfold2_fast_loop10_samplingsteps68,3wgx,0.918,0.941,1.538,0.644
3wgx,44,0,0.9512,0.8385,0.9444,0.96,0.8501,0.3552,1.4679,PepSet_dimer_output_esmfold2_fast_loop10_samplingsteps68,3wgx,0.921,0.941,1.468,0.63
3wgx,44,1,0.9501,0.8381,0.9433,0.959,0.8437,0.3428,1.2846,PepSet_dimer_output_esmfold2_fast_loop10_samplingsteps68,3wgx,0.923,0.912,1.285,0.559
3wgx,44,2,0.9509,0.8381,0.9441,0.9597,0.8495,0.4195,1.1827,PepSet_dimer_output_esmfold2_fast_loop10_samplingsteps68,3wgx,0.928,0.912,1.183,0.522
3wgx,44,3,0.9511,0.8429,0.9445,0.96,0.8556,0.3487,1.16,PepSet_dimer_output_esmfold2_fast_loop10_samplingsteps68,3wgx,0.939,0.941,1.16,0.514
3wgx,44,4,0.949,0.8378,0.9423,0.9587,0.8544,0.4528,0.7813,PepSet_dimer_output_esmfold2_fast_loop10_samplingsteps68,3wgx,0.938,0.882,0.781,0.38
3zrj,42,0,0.8982,0.758,0.8869,0.9138,0.8047,0.8879,2.7819,PepSet_dimer_output_esmfold2_fast_loop10_samplingsteps68,3zrj,0.753,0.839,2.782,1.453
3zrj,42,1,0.8995,0.7555,0.8879,0.9144,0.7994,1.3221,2.2698,PepSet_dimer_output_esmfold2_fast_loop10_samplingsteps68,3zrj,0.825,0.935,2.27,1.212
3zrj,42,2,0.8974,0.7593,0.8863,0.9132,0.8016,0.9485,2.6998,PepSet_dimer_output_esmfold2_fast_loop10_samplingsteps68,3zrj,0.776,0.871,2.7,1.357
3zrj,42,3,0.8993,0.7511,0.8874,0.9161,0.7964,1.2795,1.4874,PepSet_dimer_output_esmfold2_fast_loop10_samplingsteps68,3zrj,0.842,0.839,1.487,0.944
3zrj,42,4,0.8998,0.7629,0.8887,0.9132,0.8041,1.3628,2.5882,PepSet_dimer_output_esmfold2_fast_loop10_samplingsteps68,3zrj,0.761,0.839,2.588,1.414
3zrj,43,0,0.8987,0.7514,0.8868,0.9123,0.798,1.5569,1.4084,PepSet_dimer_output_esmfold2_fast_loop10_samplingsteps68,3zrj,0.883,0.935,1.408,0.888
3zrj,43,1,0.8957,0.751,0.884,0.9088,0.7853,1.1404,3.8821,PepSet_dimer_output_esmfold2_fast_loop10_samplingsteps68,3zrj,0.714,0.935,3.882,1.918
3zrj,43,2,0.8971,0.7427,0.8846,0.9109,0.7775,1.4391,3.9023,PepSet_dimer_output_esmfold2_fast_loop10_samplingsteps68,3zrj,0.716,0.935,3.902,1.893
3zrj,43,3,0.8987,0.7512,0.8868,0.914,0.7978,1.1733,1.7705,PepSet_dimer_output_esmfold2_fast_loop10_samplingsteps68,3zrj,0.859,0.935,1.77,1.02
3zrj,43,4,0.8981,0.7527,0.8864,0.9132,0.7889,1.0488,4.2025,PepSet_dimer_output_esmfold2_fast_loop10_samplingsteps68,3zrj,0.698,0.935,4.203,2.027
3zrj,44,0,0.8972,0.7417,0.8847,0.9113,0.7762,1.0845,3.6923,PepSet_dimer_output_esmfold2_fast_loop10_samplingsteps68,3zrj,0.729,0.935,3.692,1.797
3zrj,44,1,0.8962,0.7561,0.885,0.9111,0.8003,1.0119,2.5537,PepSet_dimer_output_esmfold2_fast_loop10_samplingsteps68,3zrj,0.8,0.935,2.554,1.362
3zrj,44,2,0.8993,0.7463,0.887,0.9139,0.7851,1.0787,3.4942,PepSet_dimer_output_esmfold2_fast_loop10_samplingsteps68,3zrj,0.739,0.935,3.494,1.738
3zrj,44,3,0.8974,0.7532,0.8858,0.9127,0.7908,1.4527,3.9106,PepSet_dimer_output_esmfold2_fast_loop10_samplingsteps68,3zrj,0.713,0.935,3.911,1.92
3zrj,44,4,0.8992,0.7557,0.8877,0.9149,0.8001,0.9474,2.4453,PepSet_dimer_output_esmfold2_fast_loop10_samplingsteps68,3zrj,0.809,0.935,2.445,1.308
4a2a,42,0,0.9188,0.8904,0.9178,0.9451,0.9362,0.9678,1.3163,PepSet_dimer_output_esmfold2_fast_loop10_samplingsteps68,4a2a,0.922,0.868,1.316,0.44
4a2a,42,1,0.9165,0.8911,0.9156,0.9434,0.9365,0.9339,1.0487,PepSet_dimer_output_esmfold2_fast_loop10_samplingsteps68,4a2a,0.913,0.842,1.049,0.462
4a2a,42,2,0.9179,0.8884,0.9168,0.9431,0.9341,1.0997,1.4932,PepSet_dimer_output_esmfold2_fast_loop10_samplingsteps68,4a2a,0.905,0.842,1.493,0.49
4a2a,42,3,0.9161,0.8885,0.9151,0.9436,0.9325,1.0121,1.3553,PepSet_dimer_output_esmfold2_fast_loop10_samplingsteps68,4a2a,0.907,0.842,1.355,0.489
4a2a,42,4,0.9183,0.8883,0.9172,0.9435,0.9337,0.9974,1.2288,PepSet_dimer_output_esmfold2_fast_loop10_samplingsteps68,4a2a,0.908,0.842,1.229,0.493
4a2a,43,0,0.9167,0.8811,0.9154,0.9431,0.9331,1.0035,1.2107,PepSet_dimer_output_esmfold2_fast_loop10_samplingsteps68,4a2a,0.904,0.816,1.211,0.45
4a2a,43,1,0.9186,0.8839,0.9173,0.9446,0.9335,0.9156,1.1488,PepSet_dimer_output_esmfold2_fast_loop10_samplingsteps68,4a2a,0.893,0.789,1.149,0.477
4a2a,43,2,0.919,0.8911,0.918,0.9451,0.936,0.8804,1.0347,PepSet_dimer_output_esmfold2_fast_loop10_samplingsteps68,4a2a,0.925,0.868,1.035,0.435
4a2a,43,3,0.9184,0.8898,0.9173,0.9437,0.9364,1.0101,1.3753,PepSet_dimer_output_esmfold2_fast_loop10_samplingsteps68,4a2a,0.906,0.842,1.375,0.497
4a2a,43,4,0.9181,0.8921,0.9172,0.9447,0.937,0.901,0.9516,PepSet_dimer_output_esmfold2_fast_loop10_samplingsteps68,4a2a,0.924,0.868,0.952,0.452
4a2a,44,0,0.9168,0.8886,0.9158,0.9432,0.9339,0.9419,1.2373,PepSet_dimer_output_esmfold2_fast_loop10_samplingsteps68,4a2a,0.914,0.842,1.237,0.439
4a2a,44,1,0.9113,0.8886,0.9105,0.9397,0.9334,1.0013,1.0196,PepSet_dimer_output_esmfold2_fast_loop10_samplingsteps68,4a2a,0.913,0.842,1.02,0.468
4a2a,44,2,0.9183,0.8814,0.917,0.9439,0.9332,0.9927,1.1483,PepSet_dimer_output_esmfold2_fast_loop10_samplingsteps68,4a2a,0.889,0.789,1.148,0.511
4a2a,44,3,0.9178,0.8913,0.9168,0.9438,0.9364,0.8744,0.8486,PepSet_dimer_output_esmfold2_fast_loop10_samplingsteps68,4a2a,0.92,0.842,0.849,0.422
4a2a,44,4,0.9182,0.8931,0.9173,0.9444,0.9368,0.8978,0.873,PepSet_dimer_output_esmfold2_fast_loop10_samplingsteps68,4a2a,0.915,0.842,0.873,0.46
4bt9,42,0,0.9014,0.7211,0.8948,0.7989,0.7487,2.5181,2.8149,PepSet_dimer_output_esmfold2_fast_loop10_samplingsteps68,4bt9,0.912,0.966,2.815,0.584
4bt9,42,1,0.9011,0.7373,0.8951,0.8036,0.7698,2.2933,1.8628,PepSet_dimer_output_esmfold2_fast_loop10_samplingsteps68,4bt9,0.941,0.966,1.863,0.491
4bt9,42,2,0.9025,0.7278,0.8961,0.8052,0.7604,3.0432,3.44,PepSet_dimer_output_esmfold2_fast_loop10_samplingsteps68,4bt9,0.895,0.966,3.44,0.608
4bt9,42,3,0.8961,0.7234,0.8897,0.7824,0.7528,2.3303,2.3047,PepSet_dimer_output_esmfold2_fast_loop10_samplingsteps68,4bt9,0.926,0.966,2.305,0.55
4bt9,42,4,0.9022,0.7219,0.8956,0.8031,0.7558,2.2442,2.1421,PepSet_dimer_output_esmfold2_fast_loop10_samplingsteps68,4bt9,0.921,0.966,2.142,0.615
4bt9,43,0,0.9014,0.7352,0.8953,0.7974,0.7659,3.1977,4.7548,PepSet_dimer_output_esmfold2_fast_loop10_samplingsteps68,4bt9,0.851,0.966,4.755,0.692
4bt9,43,1,0.902,0.73,0.8957,0.8042,0.7567,3.335,3.5706,PepSet_dimer_output_esmfold2_fast_loop10_samplingsteps68,4bt9,0.877,0.966,3.571,0.716
4bt9,43,2,0.9016,0.727,0.8951,0.8049,0.7579,2.228,2.3632,PepSet_dimer_output_esmfold2_fast_loop10_samplingsteps68,4bt9,0.93,0.966,2.363,0.507
4bt9,43,3,0.9005,0.7206,0.8939,0.8022,0.754,2.4681,2.4352,PepSet_dimer_output_esmfold2_fast_loop10_samplingsteps68,4bt9,0.909,0.966,2.435,0.659
4bt9,43,4,0.9013,0.7224,0.8947,0.8055,0.7479,3.08,3.6884,PepSet_dimer_output_esmfold2_fast_loop10_samplingsteps68,4bt9,0.872,0.966,3.688,0.731
4bt9,44,0,0.9017,0.7171,0.8949,0.8044,0.741,3.0499,3.6555,PepSet_dimer_output_esmfold2_fast_loop10_samplingsteps68,4bt9,0.869,0.931,3.656,0.674
4bt9,44,1,0.9006,0.7367,0.8945,0.7855,0.7669,2.5538,3.3501,PepSet_dimer_output_esmfold2_fast_loop10_samplingsteps68,4bt9,0.899,0.966,3.35,0.588
4bt9,44,2,0.9017,0.7289,0.8954,0.8048,0.7569,2.9244,3.5055,PepSet_dimer_output_esmfold2_fast_loop10_samplingsteps68,4bt9,0.898,0.966,3.506,0.569
4bt9,44,3,0.9009,0.7351,0.8948,0.7993,0.7665,2.5739,2.7271,PepSet_dimer_output_esmfold2_fast_loop10_samplingsteps68,4bt9,0.912,0.966,2.727,0.599
4bt9,44,4,0.9017,0.7402,0.8957,0.8066,0.7747,2.637,2.5898,PepSet_dimer_output_esmfold2_fast_loop10_samplingsteps68,4bt9,0.923,0.966,2.59,0.533
4c5a,42,0,0.8803,0.3066,0.8657,0.8917,0.4208,3.1107,43.2011,PepSet_dimer_output_esmfold2_fast_loop10_samplingsteps68,4c5a,0.016,0.0,43.201,13.587
4c5a,42,1,0.8881,0.3084,0.8733,0.8993,0.4041,1.2407,38.1052,PepSet_dimer_output_esmfold2_fast_loop10_samplingsteps68,4c5a,0.021,0.0,38.105,12.131
4c5a,42,2,0.8857,0.3228,0.8714,0.8986,0.4189,1.5656,39.0611,PepSet_dimer_output_esmfold2_fast_loop10_samplingsteps68,4c5a,0.02,0.0,39.061,12.022
4c5a,42,3,0.8894,0.2881,0.8741,0.8971,0.3524,0.694,45.6794,PepSet_dimer_output_esmfold2_fast_loop10_samplingsteps68,4c5a,0.015,0.0,45.679,14.078
4c5a,42,4,0.8813,0.3017,0.8665,0.8954,0.403,1.863,40.1597,PepSet_dimer_output_esmfold2_fast_loop10_samplingsteps68,4c5a,0.019,0.0,40.16,12.361
4c5a,43,0,0.8851,0.317,0.8706,0.8986,0.4138,1.4956,41.2992,PepSet_dimer_output_esmfold2_fast_loop10_samplingsteps68,4c5a,0.018,0.0,41.299,13.009
4c5a,43,1,0.8878,0.3995,0.8754,0.8914,0.518,1.353,38.534,PepSet_dimer_output_esmfold2_fast_loop10_samplingsteps68,4c5a,0.021,0.0,38.534,11.754
4c5a,43,2,0.8911,0.2575,0.875,0.9003,0.3255,1.0065,33.3484,PepSet_dimer_output_esmfold2_fast_loop10_samplingsteps68,4c5a,0.026,0.0,33.348,11.298
4c5a,43,3,0.8858,0.3036,0.871,0.8984,0.3944,1.2093,34.4127,PepSet_dimer_output_esmfold2_fast_loop10_samplingsteps68,4c5a,0.025,0.0,34.413,10.813
4c5a,43,4,0.8835,0.3174,0.8691,0.8878,0.4144,1.0986,39.54,PepSet_dimer_output_esmfold2_fast_loop10_samplingsteps68,4c5a,0.02,0.0,39.54,12.244
4c5a,44,0,0.8814,0.3157,0.867,0.8967,0.4171,2.533,40.2891,PepSet_dimer_output_esmfold2_fast_loop10_samplingsteps68,4c5a,0.019,0.0,40.289,12.537
4c5a,44,1,0.88,0.4184,0.8682,0.8865,0.5759,3.6486,38.093,PepSet_dimer_output_esmfold2_fast_loop10_samplingsteps68,4c5a,0.021,0.0,38.093,11.914
4c5a,44,2,0.8757,0.2993,0.8611,0.8906,0.3993,3.9024,38.6957,PepSet_dimer_output_esmfold2_fast_loop10_samplingsteps68,4c5a,0.02,0.0,38.696,12.213
4c5a,44,3,0.8816,0.3365,0.8677,0.8839,0.4463,1.4802,40.7919,PepSet_dimer_output_esmfold2_fast_loop10_samplingsteps68,4c5a,0.018,0.0,40.792,12.682
4c5a,44,4,0.8842,0.2583,0.8683,0.8921,0.3366,1.1199,33.2396,PepSet_dimer_output_esmfold2_fast_loop10_samplingsteps68,4c5a,0.026,0.0,33.24,11.138
4dg3,42,0,0.9489,0.9062,0.9467,0.9696,0.9657,0.4551,0.5603,PepSet_dimer_output_esmfold2_fast_loop10_samplingsteps68,4dg3,0.939,0.913,0.56,0.474
4dg3,42,1,0.9461,0.8976,0.9435,0.9688,0.9654,0.7709,0.9452,PepSet_dimer_output_esmfold2_fast_loop10_samplingsteps68,4dg3,0.881,0.884,0.945,0.814
4dg3,42,2,0.9493,0.9062,0.947,0.9699,0.9659,0.4911,0.604,PepSet_dimer_output_esmfold2_fast_loop10_samplingsteps68,4dg3,0.93,0.899,0.604,0.511
4dg3,42,3,0.9459,0.9055,0.9438,0.9683,0.9659,0.6085,0.5448,PepSet_dimer_output_esmfold2_fast_loop10_samplingsteps68,4dg3,0.888,0.899,0.545,0.824
4dg3,42,4,0.9493,0.9029,0.9468,0.97,0.965,0.4565,0.894,PepSet_dimer_output_esmfold2_fast_loop10_samplingsteps68,4dg3,0.927,0.913,0.894,0.56
4dg3,43,0,0.9495,0.9012,0.9469,0.9705,0.9653,0.4883,1.1924,PepSet_dimer_output_esmfold2_fast_loop10_samplingsteps68,4dg3,0.902,0.884,1.192,0.655
4dg3,43,1,0.9489,0.905,0.9465,0.9691,0.9652,0.4678,0.5436,PepSet_dimer_output_esmfold2_fast_loop10_samplingsteps68,4dg3,0.936,0.913,0.544,0.503
4dg3,43,2,0.9481,0.904,0.9457,0.9693,0.9645,0.4736,0.6037,PepSet_dimer_output_esmfold2_fast_loop10_samplingsteps68,4dg3,0.934,0.913,0.604,0.518
4dg3,43,3,0.9471,0.8551,0.9422,0.9685,0.9327,0.6031,1.8588,PepSet_dimer_output_esmfold2_fast_loop10_samplingsteps68,4dg3,0.859,0.899,1.859,0.926
4dg3,43,4,0.9486,0.9054,0.9463,0.9684,0.9659,0.4005,0.5042,PepSet_dimer_output_esmfold2_fast_loop10_samplingsteps68,4dg3,0.947,0.913,0.504,0.405
4dg3,44,0,0.9449,0.9004,0.9425,0.9687,0.9655,0.6299,0.6683,PepSet_dimer_output_esmfold2_fast_loop10_samplingsteps68,4dg3,0.908,0.913,0.668,0.712
4dg3,44,1,0.9483,0.8573,0.9435,0.9685,0.9322,0.5554,1.9411,PepSet_dimer_output_esmfold2_fast_loop10_samplingsteps68,4dg3,0.865,0.913,1.941,0.912
4dg3,44,2,0.9489,0.8971,0.9462,0.9702,0.9637,0.5446,1.0495,PepSet_dimer_output_esmfold2_fast_loop10_samplingsteps68,4dg3,0.909,0.899,1.049,0.644
4dg3,44,3,0.9483,0.8968,0.9456,0.9685,0.9623,0.4436,0.9651,PepSet_dimer_output_esmfold2_fast_loop10_samplingsteps68,4dg3,0.923,0.913,0.965,0.581
4dg3,44,4,0.9488,0.9057,0.9465,0.9694,0.9659,0.4615,0.635,PepSet_dimer_output_esmfold2_fast_loop10_samplingsteps68,4dg3,0.931,0.899,0.635,0.499
4ep2,42,0,0.9378,0.6163,0.9268,0.9545,0.6588,0.5553,0.8365,PepSet_dimer_output_esmfold2_fast_loop10_samplingsteps68,4ep2,0.963,0.946,0.836,0.33
4ep2,42,1,0.9389,0.6326,0.9284,0.9565,0.673,0.5163,12.9153,PepSet_dimer_output_esmfold2_fast_loop10_samplingsteps68,4ep2,0.205,0.162,12.915,3.581
4ep2,42,2,0.9375,0.6277,0.9269,0.9564,0.6705,0.4498,12.9159,PepSet_dimer_output_esmfold2_fast_loop10_samplingsteps68,4ep2,0.205,0.162,12.916,3.581
4ep2,42,3,0.9386,0.5455,0.9251,0.9563,0.6199,0.4755,13.1991,PepSet_dimer_output_esmfold2_fast_loop10_samplingsteps68,4ep2,0.195,0.149,13.199,3.665
4ep2,42,4,0.9351,0.5445,0.9217,0.9545,0.6196,0.5118,1.004,PepSet_dimer_output_esmfold2_fast_loop10_samplingsteps68,4ep2,0.942,0.905,1.004,0.401
4ep2,43,0,0.9415,0.629,0.9309,0.9585,0.6728,0.4656,12.9238,PepSet_dimer_output_esmfold2_fast_loop10_samplingsteps68,4ep2,0.204,0.162,12.924,3.583
4ep2,43,1,0.9379,0.6203,0.9271,0.9546,0.6633,0.5523,0.9054,PepSet_dimer_output_esmfold2_fast_loop10_samplingsteps68,4ep2,0.949,0.919,0.905,0.381
4ep2,43,2,0.939,0.622,0.9282,0.9556,0.6662,0.5306,0.7164,PepSet_dimer_output_esmfold2_fast_loop10_samplingsteps68,4ep2,0.967,0.946,0.716,0.298
4ep2,43,3,0.9352,0.548,0.9219,0.9543,0.6179,0.5557,0.8674,PepSet_dimer_output_esmfold2_fast_loop10_samplingsteps68,4ep2,0.95,0.919,0.867,0.379
4ep2,43,4,0.9345,0.5638,0.9219,0.9548,0.6244,0.5522,0.8884,PepSet_dimer_output_esmfold2_fast_loop10_samplingsteps68,4ep2,0.949,0.919,0.888,0.386
4ep2,44,0,0.9355,0.5478,0.9222,0.9539,0.6161,0.5204,0.9621,PepSet_dimer_output_esmfold2_fast_loop10_samplingsteps68,4ep2,0.951,0.919,0.962,0.357
4ep2,44,1,0.9357,0.5557,0.9228,0.9544,0.6247,0.5077,0.8798,PepSet_dimer_output_esmfold2_fast_loop10_samplingsteps68,4ep2,0.947,0.905,0.88,0.36
4ep2,44,2,0.9382,0.6514,0.9284,0.9565,0.6901,0.5541,12.9075,PepSet_dimer_output_esmfold2_fast_loop10_samplingsteps68,4ep2,0.205,0.162,12.907,3.584
4ep2,44,3,0.9377,0.6338,0.9273,0.9553,0.6716,0.545,0.8378,PepSet_dimer_output_esmfold2_fast_loop10_samplingsteps68,4ep2,0.95,0.919,0.838,0.375
4ep2,44,4,0.9343,0.5412,0.9209,0.9533,0.6116,0.5389,13.2554,PepSet_dimer_output_esmfold2_fast_loop10_samplingsteps68,4ep2,0.194,0.149,13.255,3.68
4fii,42,0,0.9421,0.8636,0.9406,0.9637,0.9604,0.8516,0.6269,PepSet_dimer_output_esmfold2_fast_loop10_samplingsteps68,4fii,0.926,0.947,0.627,0.665
4fii,42,1,0.9386,0.8527,0.9368,0.9589,0.9584,1.0292,0.9274,PepSet_dimer_output_esmfold2_fast_loop10_samplingsteps68,4fii,0.895,0.947,0.927,0.865
4fii,42,2,0.9412,0.8575,0.9395,0.9622,0.9577,0.8885,0.4619,PepSet_dimer_output_esmfold2_fast_loop10_samplingsteps68,4fii,0.916,0.947,0.462,0.742
4fii,42,3,0.9413,0.8591,0.9396,0.9621,0.9588,0.8327,0.7114,PepSet_dimer_output_esmfold2_fast_loop10_samplingsteps68,4fii,0.944,0.947,0.711,0.525
4fii,42,4,0.942,0.8635,0.9404,0.9634,0.9603,0.7995,0.6129,PepSet_dimer_output_esmfold2_fast_loop10_samplingsteps68,4fii,0.932,0.947,0.613,0.618
4fii,43,0,0.9415,0.865,0.94,0.9627,0.9629,0.81,0.721,PepSet_dimer_output_esmfold2_fast_loop10_samplingsteps68,4fii,0.921,0.947,0.721,0.696
4fii,43,1,0.942,0.861,0.9403,0.9621,0.9619,0.7938,0.7133,PepSet_dimer_output_esmfold2_fast_loop10_samplingsteps68,4fii,0.938,0.947,0.713,0.572
4fii,43,2,0.9414,0.8654,0.9399,0.9629,0.9629,0.8603,0.7501,PepSet_dimer_output_esmfold2_fast_loop10_samplingsteps68,4fii,0.913,0.947,0.75,0.752
4fii,43,3,0.942,0.8611,0.9403,0.9629,0.9616,0.727,0.7521,PepSet_dimer_output_esmfold2_fast_loop10_samplingsteps68,4fii,0.941,0.921,0.752,0.474
4fii,43,4,0.9418,0.8651,0.9403,0.9625,0.9622,0.8113,0.6772,PepSet_dimer_output_esmfold2_fast_loop10_samplingsteps68,4fii,0.927,0.947,0.677,0.651
4fii,44,0,0.9426,0.8657,0.941,0.9638,0.9625,0.8465,0.6265,PepSet_dimer_output_esmfold2_fast_loop10_samplingsteps68,4fii,0.925,0.947,0.626,0.669
4fii,44,1,0.9381,0.8611,0.9366,0.9615,0.9635,0.8644,0.5554,PepSet_dimer_output_esmfold2_fast_loop10_samplingsteps68,4fii,0.919,0.947,0.555,0.717
4fii,44,2,0.9424,0.8646,0.9409,0.9635,0.9618,0.868,0.6937,PepSet_dimer_output_esmfold2_fast_loop10_samplingsteps68,4fii,0.915,0.947,0.694,0.737
4fii,44,3,0.9421,0.867,0.9405,0.9631,0.9632,0.8928,0.694,PepSet_dimer_output_esmfold2_fast_loop10_samplingsteps68,4fii,0.913,0.947,0.694,0.751
4fii,44,4,0.9418,0.8667,0.9403,0.9632,0.9626,0.7744,0.5489,PepSet_dimer_output_esmfold2_fast_loop10_samplingsteps68,4fii,0.921,0.921,0.549,0.643
4gq6,42,0,0.9393,0.7022,0.9333,0.9647,0.8988,3.3275,4.3818,PepSet_dimer_output_esmfold2_fast_loop10_samplingsteps68,4gq6,0.683,0.714,4.382,1.368
4gq6,42,1,0.9369,0.7066,0.9311,0.9635,0.8955,3.2605,0.9334,PepSet_dimer_output_esmfold2_fast_loop10_samplingsteps68,4gq6,0.917,0.821,0.933,0.379
4gq6,42,2,0.9389,0.719,0.9334,0.9659,0.8993,3.3175,1.2307,PepSet_dimer_output_esmfold2_fast_loop10_samplingsteps68,4gq6,0.919,0.857,1.231,0.441
4gq6,42,3,0.9351,0.7399,0.9303,0.96,0.8941,2.9794,1.6295,PepSet_dimer_output_esmfold2_fast_loop10_samplingsteps68,4gq6,0.906,0.875,1.629,0.555
4gq6,42,4,0.9349,0.7072,0.9292,0.9612,0.8944,2.372,2.5397,PepSet_dimer_output_esmfold2_fast_loop10_samplingsteps68,4gq6,0.828,0.804,2.54,0.84
4gq6,43,0,0.9345,0.7273,0.9293,0.9615,0.8933,3.0044,2.1201,PepSet_dimer_output_esmfold2_fast_loop10_samplingsteps68,4gq6,0.857,0.804,2.12,0.688
4gq6,43,1,0.9362,0.7377,0.9313,0.9627,0.8956,2.6815,2.2015,PepSet_dimer_output_esmfold2_fast_loop10_samplingsteps68,4gq6,0.871,0.857,2.202,0.705
4gq6,43,2,0.9384,0.7343,0.9333,0.965,0.8979,3.3059,2.9383,PepSet_dimer_output_esmfold2_fast_loop10_samplingsteps68,4gq6,0.823,0.857,2.938,0.936
4gq6,43,3,0.935,0.7208,0.9297,0.9583,0.8898,2.7382,1.2389,PepSet_dimer_output_esmfold2_fast_loop10_samplingsteps68,4gq6,0.898,0.804,1.239,0.47
4gq6,43,4,0.9374,0.7352,0.9323,0.965,0.8953,3.2575,2.0631,PepSet_dimer_output_esmfold2_fast_loop10_samplingsteps68,4gq6,0.893,0.911,2.063,0.692
4gq6,44,0,0.9361,0.7339,0.931,0.9635,0.896,2.8158,2.981,PepSet_dimer_output_esmfold2_fast_loop10_samplingsteps68,4gq6,0.835,0.893,2.981,0.929
4gq6,44,1,0.9399,0.7341,0.9348,0.9655,0.8965,3.356,1.8072,PepSet_dimer_output_esmfold2_fast_loop10_samplingsteps68,4gq6,0.886,0.839,1.807,0.602
4gq6,44,2,0.935,0.7331,0.93,0.9626,0.8939,2.6547,2.5934,PepSet_dimer_output_esmfold2_fast_loop10_samplingsteps68,4gq6,0.841,0.839,2.593,0.826
4gq6,44,3,0.9334,0.7326,0.9283,0.9612,0.8945,2.8589,2.024,PepSet_dimer_output_esmfold2_fast_loop10_samplingsteps68,4gq6,0.873,0.839,2.024,0.67
4gq6,44,4,0.9378,0.7382,0.9328,0.9628,0.8959,2.6555,1.8277,PepSet_dimer_output_esmfold2_fast_loop10_samplingsteps68,4gq6,0.914,0.929,1.828,0.612
4hdq,42,0,0.9224,0.8239,0.9209,0.9518,0.9289,0.9713,2.566,PepSet_dimer_output_esmfold2_fast_loop10_samplingsteps68,4hdq,0.851,0.867,2.566,0.823
4hdq,42,1,0.9218,0.7968,0.9198,0.9515,0.908,1.0302,1.8134,PepSet_dimer_output_esmfold2_fast_loop10_samplingsteps68,4hdq,0.88,0.867,1.813,0.707
4hdq,42,2,0.9222,0.814,0.9205,0.9512,0.924,1.0677,1.8506,PepSet_dimer_output_esmfold2_fast_loop10_samplingsteps68,4hdq,0.881,0.867,1.851,0.699
4hdq,42,3,0.9224,0.8243,0.9208,0.9514,0.9248,1.1221,2.4596,PepSet_dimer_output_esmfold2_fast_loop10_samplingsteps68,4hdq,0.852,0.867,2.46,0.825
4hdq,42,4,0.9226,0.8232,0.921,0.9516,0.9229,1.0239,2.49,PepSet_dimer_output_esmfold2_fast_loop10_samplingsteps68,4hdq,0.851,0.867,2.49,0.833
4hdq,43,0,0.9227,0.8241,0.9212,0.9518,0.9225,1.0726,2.5324,PepSet_dimer_output_esmfold2_fast_loop10_samplingsteps68,4hdq,0.842,0.833,2.532,0.813
4hdq,43,1,0.9225,0.8051,0.9207,0.9526,0.907,1.0118,1.7785,PepSet_dimer_output_esmfold2_fast_loop10_samplingsteps68,4hdq,0.863,0.8,1.779,0.677
4hdq,43,2,0.9238,0.7577,0.9211,0.953,0.8779,0.9903,2.0123,PepSet_dimer_output_esmfold2_fast_loop10_samplingsteps68,4hdq,0.865,0.833,2.012,0.719
4hdq,43,3,0.9216,0.8217,0.9201,0.9508,0.9279,1.1706,2.2202,PepSet_dimer_output_esmfold2_fast_loop10_samplingsteps68,4hdq,0.882,0.9,2.22,0.723
4hdq,43,4,0.923,0.8238,0.9214,0.9506,0.9243,1.0213,2.7848,PepSet_dimer_output_esmfold2_fast_loop10_samplingsteps68,4hdq,0.836,0.867,2.785,0.894
4hdq,44,0,0.9219,0.8224,0.9203,0.9515,0.9258,1.0858,2.6873,PepSet_dimer_output_esmfold2_fast_loop10_samplingsteps68,4hdq,0.842,0.867,2.687,0.868
4hdq,44,1,0.9212,0.8039,0.9193,0.951,0.9121,1.1959,2.0367,PepSet_dimer_output_esmfold2_fast_loop10_samplingsteps68,4hdq,0.864,0.833,2.037,0.718
4hdq,44,2,0.9234,0.8196,0.9218,0.9524,0.9219,1.1167,2.5076,PepSet_dimer_output_esmfold2_fast_loop10_samplingsteps68,4hdq,0.856,0.867,2.508,0.795
4hdq,44,3,0.9213,0.825,0.9198,0.9511,0.9281,1.1387,2.5917,PepSet_dimer_output_esmfold2_fast_loop10_samplingsteps68,4hdq,0.847,0.867,2.592,0.845
4hdq,44,4,0.9122,0.8332,0.911,0.9468,0.9334,1.2163,2.5113,PepSet_dimer_output_esmfold2_fast_loop10_samplingsteps68,4hdq,0.853,0.867,2.511,0.812
4iga,42,0,0.9056,0.8845,0.903,0.9207,0.9048,0.3242,0.5008,PepSet_dimer_output_esmfold2_fast_loop10_samplingsteps68,4iga,0.963,0.944,0.501,0.354
4iga,42,1,0.7938,0.5425,0.7633,0.7824,0.3211,0.9936,2.0124,PepSet_dimer_output_esmfold2_fast_loop10_samplingsteps68,4iga,0.678,0.583,2.012,1.492
4iga,42,2,0.7935,0.5482,0.7638,0.7863,0.3329,1.0951,2.7221,PepSet_dimer_output_esmfold2_fast_loop10_samplingsteps68,4iga,0.606,0.472,2.722,1.697
4iga,42,3,0.7852,0.5153,0.7525,0.7764,0.2697,0.9521,14.7394,PepSet_dimer_output_esmfold2_fast_loop10_samplingsteps68,4iga,0.131,0.111,14.739,8.019
4iga,42,4,0.9048,0.88,0.9018,0.9189,0.8975,0.3098,0.5212,PepSet_dimer_output_esmfold2_fast_loop10_samplingsteps68,4iga,0.961,0.944,0.521,0.371
4iga,43,0,0.7892,0.542,0.7592,0.7803,0.3198,1.0085,1.6177,PepSet_dimer_output_esmfold2_fast_loop10_samplingsteps68,4iga,0.681,0.556,1.618,1.432
4iga,43,1,0.9032,0.8808,0.9005,0.9174,0.8976,0.2854,0.5763,PepSet_dimer_output_esmfold2_fast_loop10_samplingsteps68,4iga,0.961,0.944,0.576,0.363
4iga,43,2,0.7858,0.5286,0.7546,0.7788,0.2903,1.2567,3.5861,PepSet_dimer_output_esmfold2_fast_loop10_samplingsteps68,4iga,0.531,0.389,3.586,2.025
4iga,43,3,0.7918,0.5419,0.7615,0.7823,0.3175,0.9213,14.6,PepSet_dimer_output_esmfold2_fast_loop10_samplingsteps68,4iga,0.114,0.056,14.6,7.966
4iga,43,4,0.784,0.5287,0.753,0.7759,0.2931,0.9879,14.517,PepSet_dimer_output_esmfold2_fast_loop10_samplingsteps68,4iga,0.115,0.056,14.517,7.916
4iga,44,0,0.7808,0.517,0.7488,0.7716,0.2739,0.977,14.6417,PepSet_dimer_output_esmfold2_fast_loop10_samplingsteps68,4iga,0.123,0.083,14.642,7.986
4iga,44,1,0.7912,0.5256,0.759,0.78,0.2921,0.9346,14.473,PepSet_dimer_output_esmfold2_fast_loop10_samplingsteps68,4iga,0.116,0.056,14.473,7.789
4iga,44,2,0.9029,0.8769,0.8997,0.9167,0.8936,0.2901,0.6464,PepSet_dimer_output_esmfold2_fast_loop10_samplingsteps68,4iga,0.958,0.944,0.646,0.391
4iga,44,3,0.7853,0.5249,0.7537,0.7747,0.2852,1.0216,14.3862,PepSet_dimer_output_esmfold2_fast_loop10_samplingsteps68,4iga,0.135,0.111,14.386,7.867
4iga,44,4,0.8813,0.866,0.8795,0.9033,0.8779,0.6217,0.6299,PepSet_dimer_output_esmfold2_fast_loop10_samplingsteps68,4iga,0.957,0.944,0.63,0.4
4j2c,42,0,0.9105,0.8791,0.9073,0.8989,0.8956,0.8673,0.8752,PepSet_dimer_output_esmfold2_fast_loop10_samplingsteps68,4j2c,0.882,0.914,0.875,0.887
4j2c,42,1,0.9147,0.8822,0.9115,0.9036,0.8983,0.8613,0.764,PepSet_dimer_output_esmfold2_fast_loop10_samplingsteps68,4j2c,0.885,0.914,0.764,0.866
4j2c,42,2,0.9079,0.8779,0.9049,0.8961,0.8951,0.753,1.0102,PepSet_dimer_output_esmfold2_fast_loop10_samplingsteps68,4j2c,0.932,0.943,1.01,0.586
4j2c,42,3,0.9094,0.8692,0.9054,0.9015,0.8958,1.293,1.1136,PepSet_dimer_output_esmfold2_fast_loop10_samplingsteps68,4j2c,0.779,0.857,1.114,1.513
4j2c,42,4,0.9153,0.8835,0.9121,0.9064,0.9015,0.8858,0.7622,PepSet_dimer_output_esmfold2_fast_loop10_samplingsteps68,4j2c,0.873,0.886,0.762,0.888
4j2c,43,0,0.9136,0.8786,0.9101,0.9045,0.8955,1.0791,0.7808,PepSet_dimer_output_esmfold2_fast_loop10_samplingsteps68,4j2c,0.851,0.914,0.781,1.11
4j2c,43,1,0.9161,0.8822,0.9127,0.9085,0.8991,0.9936,0.7703,PepSet_dimer_output_esmfold2_fast_loop10_samplingsteps68,4j2c,0.845,0.857,0.77,1.012
4j2c,43,2,0.9151,0.8776,0.9113,0.9059,0.8963,1.0168,0.8836,PepSet_dimer_output_esmfold2_fast_loop10_samplingsteps68,4j2c,0.878,0.943,0.884,0.979
4j2c,43,3,0.9143,0.8802,0.9109,0.9045,0.897,1.0519,0.8423,PepSet_dimer_output_esmfold2_fast_loop10_samplingsteps68,4j2c,0.876,0.943,0.842,0.995
4j2c,43,4,0.9142,0.882,0.9109,0.9026,0.8988,0.9337,0.7802,PepSet_dimer_output_esmfold2_fast_loop10_samplingsteps68,4j2c,0.882,0.914,0.78,0.887
4j2c,44,0,0.9149,0.8813,0.9115,0.9033,0.8973,0.9175,0.8196,PepSet_dimer_output_esmfold2_fast_loop10_samplingsteps68,4j2c,0.859,0.886,0.82,0.983
4j2c,44,1,0.9096,0.8729,0.9059,0.8995,0.8892,0.9355,0.7343,PepSet_dimer_output_esmfold2_fast_loop10_samplingsteps68,4j2c,0.881,0.943,0.734,0.967
4j2c,44,2,0.914,0.8791,0.9105,0.9063,0.8972,1.0063,0.775,PepSet_dimer_output_esmfold2_fast_loop10_samplingsteps68,4j2c,0.856,0.886,0.775,1.001
4j2c,44,3,0.9147,0.8793,0.9112,0.9043,0.8968,1.0665,0.754,PepSet_dimer_output_esmfold2_fast_loop10_samplingsteps68,4j2c,0.867,0.914,0.754,0.997
4j2c,44,4,0.914,0.8809,0.9106,0.9055,0.8986,0.913,0.7967,PepSet_dimer_output_esmfold2_fast_loop10_samplingsteps68,4j2c,0.888,0.914,0.797,0.846
4j8b,42,0,0.9564,0.9053,0.9554,0.9757,0.9593,0.7498,0.8822,PepSet_dimer_output_esmfold2_fast_loop10_samplingsteps68,4j8b,0.96,0.938,0.882,0.337
4j8b,42,1,0.9554,0.9035,0.9544,0.9752,0.9591,0.8034,0.843,PepSet_dimer_output_esmfold2_fast_loop10_samplingsteps68,4j8b,0.95,0.906,0.843,0.331
4j8b,42,2,0.9556,0.9034,0.9546,0.9756,0.9585,0.8368,0.9148,PepSet_dimer_output_esmfold2_fast_loop10_samplingsteps68,4j8b,0.958,0.938,0.915,0.351
4j8b,42,3,0.9561,0.905,0.9551,0.9759,0.9605,0.7587,0.9474,PepSet_dimer_output_esmfold2_fast_loop10_samplingsteps68,4j8b,0.957,0.938,0.947,0.357
4j8b,42,4,0.9565,0.9016,0.9554,0.9759,0.9552,0.7752,0.761,PepSet_dimer_output_esmfold2_fast_loop10_samplingsteps68,4j8b,0.963,0.938,0.761,0.311
4j8b,43,0,0.949,0.905,0.9482,0.9728,0.9593,0.7851,1.0438,PepSet_dimer_output_esmfold2_fast_loop10_samplingsteps68,4j8b,0.945,0.906,1.044,0.369
4j8b,43,1,0.9553,0.9028,0.9543,0.9748,0.9586,0.8295,0.8972,PepSet_dimer_output_esmfold2_fast_loop10_samplingsteps68,4j8b,0.959,0.938,0.897,0.339
4j8b,43,2,0.956,0.9034,0.955,0.9759,0.9594,0.7621,0.8773,PepSet_dimer_output_esmfold2_fast_loop10_samplingsteps68,4j8b,0.959,0.938,0.877,0.339
4j8b,43,3,0.9554,0.9044,0.9544,0.9756,0.9597,0.816,1.0568,PepSet_dimer_output_esmfold2_fast_loop10_samplingsteps68,4j8b,0.954,0.938,1.057,0.379
4j8b,43,4,0.9537,0.9047,0.9527,0.9742,0.9605,0.9117,1.0054,PepSet_dimer_output_esmfold2_fast_loop10_samplingsteps68,4j8b,0.956,0.938,1.005,0.362
4j8b,44,0,0.9563,0.9052,0.9553,0.976,0.9604,0.7886,0.8347,PepSet_dimer_output_esmfold2_fast_loop10_samplingsteps68,4j8b,0.961,0.938,0.835,0.329
4j8b,44,1,0.9561,0.9047,0.9551,0.9759,0.9606,0.8077,1.0363,PepSet_dimer_output_esmfold2_fast_loop10_samplingsteps68,4j8b,0.955,0.938,1.036,0.371
4j8b,44,2,0.9561,0.9055,0.9551,0.9757,0.9606,0.8457,0.9604,PepSet_dimer_output_esmfold2_fast_loop10_samplingsteps68,4j8b,0.957,0.938,0.96,0.358
4j8b,44,3,0.9562,0.9031,0.9552,0.9757,0.9597,0.7977,0.9682,PepSet_dimer_output_esmfold2_fast_loop10_samplingsteps68,4j8b,0.957,0.938,0.968,0.355
4j8b,44,4,0.9532,0.9035,0.9522,0.9738,0.9597,0.906,0.9178,PepSet_dimer_output_esmfold2_fast_loop10_samplingsteps68,4j8b,0.948,0.906,0.918,0.348
4leb,42,0,0.9536,0.9053,0.9525,0.9623,0.9655,0.722,2.6848,PepSet_dimer_output_esmfold2_fast_loop10_samplingsteps68,4leb,0.858,1.0,2.685,1.069
4leb,42,1,0.9544,0.9071,0.9533,0.9629,0.9676,0.7094,2.7072,PepSet_dimer_output_esmfold2_fast_loop10_samplingsteps68,4leb,0.858,1.0,2.707,1.059
4leb,42,2,0.9522,0.905,0.9511,0.962,0.9679,0.7674,2.6877,PepSet_dimer_output_esmfold2_fast_loop10_samplingsteps68,4leb,0.859,1.0,2.688,1.058
4leb,42,3,0.9513,0.903,0.9502,0.9616,0.9676,0.7449,2.7576,PepSet_dimer_output_esmfold2_fast_loop10_samplingsteps68,4leb,0.856,1.0,2.758,1.069
4leb,42,4,0.9543,0.9068,0.9532,0.9629,0.966,0.7868,2.8219,PepSet_dimer_output_esmfold2_fast_loop10_samplingsteps68,4leb,0.852,1.0,2.822,1.09
4leb,43,0,0.9525,0.903,0.9513,0.962,0.9654,0.8352,2.7492,PepSet_dimer_output_esmfold2_fast_loop10_samplingsteps68,4leb,0.855,1.0,2.749,1.079
4leb,43,1,0.9497,0.8999,0.9486,0.9603,0.9659,0.689,2.794,PepSet_dimer_output_esmfold2_fast_loop10_samplingsteps68,4leb,0.856,1.0,2.794,1.066
4leb,43,2,0.952,0.9059,0.951,0.961,0.9672,0.8595,2.6809,PepSet_dimer_output_esmfold2_fast_loop10_samplingsteps68,4leb,0.858,1.0,2.681,1.068
4leb,43,3,0.9522,0.9033,0.9511,0.962,0.9667,0.7429,2.6571,PepSet_dimer_output_esmfold2_fast_loop10_samplingsteps68,4leb,0.861,1.0,2.657,1.049
4leb,43,4,0.954,0.9084,0.953,0.9624,0.9679,0.8274,2.6819,PepSet_dimer_output_esmfold2_fast_loop10_samplingsteps68,4leb,0.857,1.0,2.682,1.071
4leb,44,0,0.95,0.9018,0.9489,0.9606,0.9666,0.7971,2.5981,PepSet_dimer_output_esmfold2_fast_loop10_samplingsteps68,4leb,0.862,1.0,2.598,1.048
4leb,44,1,0.9524,0.9022,0.9512,0.9614,0.9661,0.7354,2.7877,PepSet_dimer_output_esmfold2_fast_loop10_samplingsteps68,4leb,0.854,1.0,2.788,1.08
4leb,44,2,0.9521,0.872,0.9503,0.9617,0.9517,0.7753,2.7317,PepSet_dimer_output_esmfold2_fast_loop10_samplingsteps68,4leb,0.846,0.971,2.732,1.074
4leb,44,3,0.9518,0.9012,0.9507,0.9618,0.9664,0.6919,2.5507,PepSet_dimer_output_esmfold2_fast_loop10_samplingsteps68,4leb,0.866,1.0,2.551,1.027
4leb,44,4,0.9509,0.9036,0.9498,0.9612,0.9683,0.7626,2.6442,PepSet_dimer_output_esmfold2_fast_loop10_samplingsteps68,4leb,0.861,1.0,2.644,1.052
4lk9,42,0,0.8858,0.847,0.8822,0.8758,0.8863,1.3667,2.2716,PepSet_dimer_output_esmfold2_fast_loop10_samplingsteps68,4lk9,0.773,0.796,2.272,1.254
4lk9,42,1,0.8728,0.8501,0.8707,0.8625,0.8895,1.7511,0.7389,PepSet_dimer_output_esmfold2_fast_loop10_samplingsteps68,4lk9,0.841,0.796,0.739,0.903
4lk9,42,2,0.8856,0.8468,0.882,0.8767,0.8886,1.2978,0.6042,PepSet_dimer_output_esmfold2_fast_loop10_samplingsteps68,4lk9,0.853,0.816,0.604,0.874
4lk9,42,3,0.8832,0.8494,0.8801,0.8728,0.8896,1.3626,0.8023,PepSet_dimer_output_esmfold2_fast_loop10_samplingsteps68,4lk9,0.854,0.816,0.802,0.853
4lk9,42,4,0.8784,0.8424,0.875,0.8684,0.8844,1.1522,1.8283,PepSet_dimer_output_esmfold2_fast_loop10_samplingsteps68,4lk9,0.772,0.755,1.828,1.209
4lk9,43,0,0.8832,0.841,0.8792,0.8736,0.883,1.5476,1.5233,PepSet_dimer_output_esmfold2_fast_loop10_samplingsteps68,4lk9,0.818,0.796,1.523,1.005
4lk9,43,1,0.8821,0.8436,0.8785,0.8711,0.8835,1.3004,0.9606,PepSet_dimer_output_esmfold2_fast_loop10_samplingsteps68,4lk9,0.828,0.776,0.961,0.935
4lk9,43,2,0.8851,0.8525,0.8821,0.8756,0.8931,1.278,0.6294,PepSet_dimer_output_esmfold2_fast_loop10_samplingsteps68,4lk9,0.841,0.776,0.629,0.858
4lk9,43,3,0.8879,0.8556,0.8848,0.8789,0.8932,1.1974,0.8649,PepSet_dimer_output_esmfold2_fast_loop10_samplingsteps68,4lk9,0.854,0.816,0.865,0.849
4lk9,43,4,0.8847,0.8448,0.881,0.8768,0.8864,1.3265,1.606,PepSet_dimer_output_esmfold2_fast_loop10_samplingsteps68,4lk9,0.805,0.776,1.606,1.047
4lk9,44,0,0.8888,0.8546,0.8856,0.8805,0.8954,1.1488,0.6825,PepSet_dimer_output_esmfold2_fast_loop10_samplingsteps68,4lk9,0.836,0.755,0.683,0.843
4lk9,44,1,0.8824,0.8435,0.8788,0.8733,0.8834,1.3906,2.0729,PepSet_dimer_output_esmfold2_fast_loop10_samplingsteps68,4lk9,0.79,0.796,2.073,1.148
4lk9,44,2,0.8898,0.8559,0.8867,0.8806,0.8957,1.2249,0.6913,PepSet_dimer_output_esmfold2_fast_loop10_samplingsteps68,4lk9,0.859,0.796,0.691,0.782
4lk9,44,3,0.8878,0.852,0.8844,0.879,0.8933,1.2719,0.5485,PepSet_dimer_output_esmfold2_fast_loop10_samplingsteps68,4lk9,0.861,0.816,0.549,0.817
4lk9,44,4,0.8797,0.8406,0.876,0.8685,0.8823,1.2536,1.433,PepSet_dimer_output_esmfold2_fast_loop10_samplingsteps68,4lk9,0.819,0.796,1.433,1.005
4lzf,42,0,0.9369,0.8737,0.9323,0.8559,0.8843,2.3696,11.5112,PepSet_dimer_output_esmfold2_fast_loop10_samplingsteps68,4lzf,0.423,0.758,11.511,3.461
4lzf,42,1,0.9349,0.8718,0.9304,0.8394,0.8831,2.6499,11.9083,PepSet_dimer_output_esmfold2_fast_loop10_samplingsteps68,4lzf,0.417,0.758,11.908,3.476
4lzf,42,2,0.9375,0.8743,0.9329,0.8612,0.8852,1.9434,11.088,PepSet_dimer_output_esmfold2_fast_loop10_samplingsteps68,4lzf,0.417,0.727,11.088,3.516
4lzf,42,3,0.9373,0.8769,0.933,0.8548,0.8878,2.4118,11.4971,PepSet_dimer_output_esmfold2_fast_loop10_samplingsteps68,4lzf,0.423,0.758,11.497,3.455
4lzf,42,4,0.9366,0.8755,0.9322,0.8458,0.8848,2.7467,11.65,PepSet_dimer_output_esmfold2_fast_loop10_samplingsteps68,4lzf,0.411,0.727,11.65,3.462
4lzf,43,0,0.9314,0.8631,0.9265,0.8095,0.8687,3.2264,11.9634,PepSet_dimer_output_esmfold2_fast_loop10_samplingsteps68,4lzf,0.47,0.909,11.963,3.376
4lzf,43,1,0.9329,0.8638,0.9279,0.8411,0.8737,2.4387,11.2909,PepSet_dimer_output_esmfold2_fast_loop10_samplingsteps68,4lzf,0.469,0.879,11.291,3.366
4lzf,43,2,0.9356,0.8666,0.9307,0.8356,0.8737,2.5879,11.5123,PepSet_dimer_output_esmfold2_fast_loop10_samplingsteps68,4lzf,0.465,0.879,11.512,3.411
4lzf,43,3,0.9348,0.8633,0.9297,0.8498,0.8718,2.4998,11.2918,PepSet_dimer_output_esmfold2_fast_loop10_samplingsteps68,4lzf,0.428,0.758,11.292,3.393
4lzf,43,4,0.9317,0.8622,0.9267,0.8244,0.8692,2.7499,11.6709,PepSet_dimer_output_esmfold2_fast_loop10_samplingsteps68,4lzf,0.474,0.909,11.671,3.373
4lzf,44,0,0.938,0.8742,0.9334,0.8595,0.8841,1.745,10.929,PepSet_dimer_output_esmfold2_fast_loop10_samplingsteps68,4lzf,0.409,0.697,10.929,3.533
4lzf,44,1,0.935,0.8683,0.9302,0.8183,0.8764,2.8681,11.9379,PepSet_dimer_output_esmfold2_fast_loop10_samplingsteps68,4lzf,0.418,0.758,11.938,3.442
4lzf,44,2,0.9367,0.8657,0.9316,0.8541,0.8749,2.4757,11.3802,PepSet_dimer_output_esmfold2_fast_loop10_samplingsteps68,4lzf,0.477,0.909,11.38,3.376
4lzf,44,3,0.9341,0.87,0.9295,0.8222,0.8854,2.6635,11.9762,PepSet_dimer_output_esmfold2_fast_loop10_samplingsteps68,4lzf,0.436,0.818,11.976,3.486
4lzf,44,4,0.9378,0.8759,0.9333,0.8563,0.8898,2.3615,11.3637,PepSet_dimer_output_esmfold2_fast_loop10_samplingsteps68,4lzf,0.424,0.758,11.364,3.486
4m5s,42,0,0.8754,0.8322,0.871,0.8361,0.8246,1.3212,2.0844,PepSet_dimer_output_esmfold2_fast_loop10_samplingsteps68,4m5s,0.866,0.878,2.084,0.802
4m5s,42,1,0.8746,0.8214,0.8691,0.8346,0.806,1.349,2.2151,PepSet_dimer_output_esmfold2_fast_loop10_samplingsteps68,4m5s,0.86,0.878,2.215,0.831
4m5s,42,2,0.8769,0.8324,0.8723,0.8394,0.8259,1.2381,1.8915,PepSet_dimer_output_esmfold2_fast_loop10_samplingsteps68,4m5s,0.875,0.878,1.892,0.761
4m5s,42,3,0.8739,0.7887,0.8651,0.8297,0.7761,1.0783,2.3301,PepSet_dimer_output_esmfold2_fast_loop10_samplingsteps68,4m5s,0.826,0.854,2.33,0.995
4m5s,42,4,0.8729,0.833,0.8688,0.8329,0.8259,1.2313,2.3502,PepSet_dimer_output_esmfold2_fast_loop10_samplingsteps68,4m5s,0.866,0.927,2.35,0.883
4m5s,43,0,0.8745,0.8296,0.8699,0.8343,0.8191,1.2941,2.0049,PepSet_dimer_output_esmfold2_fast_loop10_samplingsteps68,4m5s,0.869,0.878,2.005,0.792
4m5s,43,1,0.8772,0.8337,0.8727,0.842,0.8268,1.0546,2.1258,PepSet_dimer_output_esmfold2_fast_loop10_samplingsteps68,4m5s,0.85,0.854,2.126,0.855
4m5s,43,2,0.8755,0.831,0.8709,0.8367,0.8247,1.3124,2.1204,PepSet_dimer_output_esmfold2_fast_loop10_samplingsteps68,4m5s,0.862,0.878,2.12,0.827
4m5s,43,3,0.864,0.8279,0.8603,0.8302,0.8215,1.1181,2.0128,PepSet_dimer_output_esmfold2_fast_loop10_samplingsteps68,4m5s,0.873,0.902,2.013,0.819
4m5s,43,4,0.8755,0.8306,0.8709,0.834,0.8216,1.3138,1.8188,PepSet_dimer_output_esmfold2_fast_loop10_samplingsteps68,4m5s,0.876,0.878,1.819,0.761
4m5s,44,0,0.8719,0.8304,0.8676,0.8321,0.8216,1.4647,2.0753,PepSet_dimer_output_esmfold2_fast_loop10_samplingsteps68,4m5s,0.869,0.878,2.075,0.787
4m5s,44,1,0.875,0.8309,0.8705,0.8354,0.823,1.5443,2.1315,PepSet_dimer_output_esmfold2_fast_loop10_samplingsteps68,4m5s,0.871,0.902,2.131,0.824
4m5s,44,2,0.8732,0.8298,0.8687,0.834,0.8228,1.7484,2.122,PepSet_dimer_output_esmfold2_fast_loop10_samplingsteps68,4m5s,0.884,0.927,2.122,0.791
4m5s,44,3,0.8763,0.8334,0.8719,0.8374,0.8267,1.1378,2.113,PepSet_dimer_output_esmfold2_fast_loop10_samplingsteps68,4m5s,0.868,0.902,2.113,0.842
4m5s,44,4,0.8762,0.8275,0.8711,0.8372,0.8189,1.3391,1.9381,PepSet_dimer_output_esmfold2_fast_loop10_samplingsteps68,4m5s,0.89,0.927,1.938,0.769
4m91,42,0,0.9437,0.8209,0.939,0.967,0.8846,0.4834,4.1387,PepSet_dimer_output_esmfold2_fast_loop10_samplingsteps68,4m91,0.658,0.654,4.139,1.469
4m91,42,1,0.944,0.8298,0.9397,0.9675,0.8968,0.5155,4.3526,PepSet_dimer_output_esmfold2_fast_loop10_samplingsteps68,4m91,0.658,0.692,4.353,1.53
4m91,42,2,0.9434,0.8311,0.9392,0.9672,0.8976,0.5404,4.2804,PepSet_dimer_output_esmfold2_fast_loop10_samplingsteps68,4m91,0.66,0.692,4.28,1.526
4m91,42,3,0.9217,0.8238,0.918,0.953,0.8885,0.7254,4.2713,PepSet_dimer_output_esmfold2_fast_loop10_samplingsteps68,4m91,0.667,0.692,4.271,1.472
4m91,42,4,0.9446,0.8304,0.9403,0.9678,0.8963,0.5248,4.1864,PepSet_dimer_output_esmfold2_fast_loop10_samplingsteps68,4m91,0.665,0.692,4.186,1.504
4m91,43,0,0.9198,0.8279,0.9163,0.952,0.8964,0.7465,4.1052,PepSet_dimer_output_esmfold2_fast_loop10_samplingsteps68,4m91,0.661,0.654,4.105,1.447
4m91,43,1,0.9092,0.8214,0.9059,0.9428,0.8861,1.5084,4.0619,PepSet_dimer_output_esmfold2_fast_loop10_samplingsteps68,4m91,0.671,0.692,4.062,1.483
4m91,43,2,0.9213,0.8201,0.9175,0.9527,0.8853,0.6651,4.4481,PepSet_dimer_output_esmfold2_fast_loop10_samplingsteps68,4m91,0.652,0.692,4.448,1.569
4m91,43,3,0.9425,0.8,0.9371,0.9656,0.8614,0.5566,2.8772,PepSet_dimer_output_esmfold2_fast_loop10_samplingsteps68,4m91,0.782,0.769,2.877,1.031
4m91,43,4,0.9202,0.825,0.9167,0.9519,0.8901,0.6866,4.1491,PepSet_dimer_output_esmfold2_fast_loop10_samplingsteps68,4m91,0.67,0.692,4.149,1.467
4m91,44,0,0.943,0.8261,0.9386,0.9668,0.8934,0.4925,4.3625,PepSet_dimer_output_esmfold2_fast_loop10_samplingsteps68,4m91,0.657,0.692,4.363,1.543
4m91,44,1,0.9431,0.8316,0.9389,0.9669,0.8977,0.5879,3.9743,PepSet_dimer_output_esmfold2_fast_loop10_samplingsteps68,4m91,0.678,0.692,3.974,1.434
4m91,44,2,0.9433,0.8287,0.939,0.967,0.894,0.5836,4.2475,PepSet_dimer_output_esmfold2_fast_loop10_samplingsteps68,4m91,0.649,0.654,4.247,1.523
4m91,44,3,0.9434,0.8279,0.9391,0.9668,0.892,0.5147,4.1605,PepSet_dimer_output_esmfold2_fast_loop10_samplingsteps68,4m91,0.665,0.692,4.161,1.509
4m91,44,4,0.9201,0.8227,0.9165,0.952,0.8908,0.7111,3.6651,PepSet_dimer_output_esmfold2_fast_loop10_samplingsteps68,4m91,0.686,0.654,3.665,1.33
4mvi,42,0,0.8691,0.685,0.8562,0.8986,0.8435,1.8779,3.5922,PepSet_dimer_output_esmfold2_fast_loop10_samplingsteps68,4mvi,0.556,0.508,3.592,2.226
4mvi,42,1,0.8689,0.6842,0.8559,0.8984,0.8489,1.8651,3.7332,PepSet_dimer_output_esmfold2_fast_loop10_samplingsteps68,4mvi,0.54,0.475,3.733,2.254
4mvi,42,2,0.8697,0.6785,0.8563,0.8994,0.8449,1.984,4.0266,PepSet_dimer_output_esmfold2_fast_loop10_samplingsteps68,4mvi,0.534,0.492,4.027,2.329
4mvi,42,3,0.867,0.6783,0.8537,0.8969,0.8293,1.5954,3.8346,PepSet_dimer_output_esmfold2_fast_loop10_samplingsteps68,4mvi,0.56,0.492,3.835,2.01
4mvi,42,4,0.8636,0.6628,0.8495,0.8911,0.8382,1.8645,5.6771,PepSet_dimer_output_esmfold2_fast_loop10_samplingsteps68,4mvi,0.455,0.426,5.677,2.623
4mvi,43,0,0.8708,0.6815,0.8575,0.8989,0.8421,2.1973,3.4483,PepSet_dimer_output_esmfold2_fast_loop10_samplingsteps68,4mvi,0.538,0.475,3.448,2.402
4mvi,43,1,0.8648,0.6703,0.8511,0.892,0.8381,2.2158,3.569,PepSet_dimer_output_esmfold2_fast_loop10_samplingsteps68,4mvi,0.533,0.492,3.569,2.543
4mvi,43,2,0.8658,0.6604,0.8514,0.8939,0.8348,1.7109,3.3653,PepSet_dimer_output_esmfold2_fast_loop10_samplingsteps68,4mvi,0.57,0.525,3.365,2.178
4mvi,43,3,0.8655,0.6768,0.8523,0.8931,0.8328,2.1002,3.4872,PepSet_dimer_output_esmfold2_fast_loop10_samplingsteps68,4mvi,0.558,0.508,3.487,2.238
4mvi,43,4,0.8699,0.682,0.8567,0.8968,0.8381,2.0333,3.5427,PepSet_dimer_output_esmfold2_fast_loop10_samplingsteps68,4mvi,0.545,0.492,3.543,2.345
4mvi,44,0,0.8668,0.6769,0.8534,0.8946,0.8359,2.5488,4.4418,PepSet_dimer_output_esmfold2_fast_loop10_samplingsteps68,4mvi,0.487,0.459,4.442,2.864
4mvi,44,1,0.8709,0.677,0.8573,0.8978,0.842,2.0548,3.6261,PepSet_dimer_output_esmfold2_fast_loop10_samplingsteps68,4mvi,0.531,0.459,3.626,2.354
4mvi,44,2,0.8608,0.6733,0.8476,0.8891,0.8276,1.8043,4.4615,PepSet_dimer_output_esmfold2_fast_loop10_samplingsteps68,4mvi,0.523,0.492,4.461,2.328
4mvi,44,3,0.8669,0.6838,0.854,0.8955,0.8428,2.0356,3.6208,PepSet_dimer_output_esmfold2_fast_loop10_samplingsteps68,4mvi,0.557,0.508,3.621,2.207
4mvi,44,4,0.8637,0.6705,0.8501,0.892,0.8363,2.39,3.9169,PepSet_dimer_output_esmfold2_fast_loop10_samplingsteps68,4mvi,0.515,0.475,3.917,2.644
4nuu,42,0,0.8248,0.784,0.8231,0.8963,0.8905,2.5495,1.7498,PepSet_dimer_output_esmfold2_fast_loop10_samplingsteps68,4nuu,0.656,0.763,1.75,2.627
4nuu,42,1,0.8439,0.7853,0.8415,0.9048,0.8853,2.8587,1.9711,PepSet_dimer_output_esmfold2_fast_loop10_samplingsteps68,4nuu,0.648,0.737,1.971,2.543
4nuu,42,2,0.842,0.7907,0.8399,0.9043,0.8905,2.4309,1.4458,PepSet_dimer_output_esmfold2_fast_loop10_samplingsteps68,4nuu,0.67,0.763,1.446,2.433
4nuu,42,3,0.8377,0.787,0.8357,0.9009,0.8917,2.4543,1.4019,PepSet_dimer_output_esmfold2_fast_loop10_samplingsteps68,4nuu,0.661,0.763,1.402,2.621
4nuu,42,4,0.8424,0.7805,0.8399,0.9072,0.8865,2.5533,2.0803,PepSet_dimer_output_esmfold2_fast_loop10_samplingsteps68,4nuu,0.647,0.737,2.08,2.534
4nuu,43,0,0.8387,0.798,0.8371,0.9014,0.8945,2.3976,2.1228,PepSet_dimer_output_esmfold2_fast_loop10_samplingsteps68,4nuu,0.653,0.763,2.123,2.568
4nuu,43,1,0.836,0.7808,0.8337,0.8986,0.8888,2.2841,1.6519,PepSet_dimer_output_esmfold2_fast_loop10_samplingsteps68,4nuu,0.664,0.763,1.652,2.506
4nuu,43,2,0.8393,0.7989,0.8377,0.9043,0.8963,2.3501,1.4157,PepSet_dimer_output_esmfold2_fast_loop10_samplingsteps68,4nuu,0.673,0.763,1.416,2.381
4nuu,43,3,0.8325,0.7751,0.8302,0.8988,0.8856,2.4237,1.5631,PepSet_dimer_output_esmfold2_fast_loop10_samplingsteps68,4nuu,0.665,0.763,1.563,2.497
4nuu,43,4,0.8443,0.7805,0.8417,0.9066,0.8839,2.1957,1.4287,PepSet_dimer_output_esmfold2_fast_loop10_samplingsteps68,4nuu,0.674,0.789,1.429,2.525
4nuu,44,0,0.8394,0.7835,0.8371,0.9002,0.8866,2.2783,1.4157,PepSet_dimer_output_esmfold2_fast_loop10_samplingsteps68,4nuu,0.674,0.763,1.416,2.373
4nuu,44,1,0.8423,0.7693,0.8393,0.9055,0.8735,2.4107,2.0407,PepSet_dimer_output_esmfold2_fast_loop10_samplingsteps68,4nuu,0.652,0.737,2.041,2.436
4nuu,44,2,0.8395,0.7873,0.8374,0.9034,0.8849,2.5982,1.7609,PepSet_dimer_output_esmfold2_fast_loop10_samplingsteps68,4nuu,0.665,0.737,1.761,2.295
4nuu,44,3,0.8382,0.7923,0.8363,0.9028,0.8996,2.3479,1.1414,PepSet_dimer_output_esmfold2_fast_loop10_samplingsteps68,4nuu,0.662,0.711,1.141,2.321
4nuu,44,4,0.8354,0.7842,0.8333,0.9013,0.8908,2.6662,1.1489,PepSet_dimer_output_esmfold2_fast_loop10_samplingsteps68,4nuu,0.672,0.789,1.149,2.645
4nxr,42,0,0.8624,0.7525,0.8538,0.8435,0.7823,2.5095,0.6945,PepSet_dimer_output_esmfold2_fast_loop10_samplingsteps68,4nxr,0.721,0.872,0.694,2.3
4nxr,42,1,0.8661,0.7268,0.8552,0.8469,0.7928,2.3811,3.5479,PepSet_dimer_output_esmfold2_fast_loop10_samplingsteps68,4nxr,0.617,0.718,3.548,2.394
4nxr,42,2,0.8402,0.7491,0.8331,0.8272,0.7699,1.9156,0.8614,PepSet_dimer_output_esmfold2_fast_loop10_samplingsteps68,4nxr,0.793,0.846,0.861,1.375
4nxr,42,3,0.87,0.737,0.8596,0.8511,0.7951,2.2027,3.9523,PepSet_dimer_output_esmfold2_fast_loop10_samplingsteps68,4nxr,0.605,0.718,3.952,2.446
4nxr,42,4,0.8675,0.7569,0.8588,0.8469,0.7894,1.9947,0.8129,PepSet_dimer_output_esmfold2_fast_loop10_samplingsteps68,4nxr,0.723,0.821,0.813,2.01
4nxr,43,0,0.8715,0.7588,0.8627,0.853,0.7923,2.1499,0.638,PepSet_dimer_output_esmfold2_fast_loop10_samplingsteps68,4nxr,0.746,0.897,0.638,2.061
4nxr,43,1,0.8711,0.734,0.8604,0.8524,0.8028,2.3965,3.7776,PepSet_dimer_output_esmfold2_fast_loop10_samplingsteps68,4nxr,0.612,0.718,3.778,2.386
4nxr,43,2,0.8673,0.7284,0.8564,0.8492,0.7932,2.3914,2.3121,PepSet_dimer_output_esmfold2_fast_loop10_samplingsteps68,4nxr,0.65,0.718,2.312,2.284
4nxr,43,3,0.8705,0.7625,0.862,0.852,0.792,2.6908,0.7387,PepSet_dimer_output_esmfold2_fast_loop10_samplingsteps68,4nxr,0.726,0.846,0.739,2.091
4nxr,43,4,0.856,0.7148,0.845,0.8394,0.7842,2.2524,2.7272,PepSet_dimer_output_esmfold2_fast_loop10_samplingsteps68,4nxr,0.615,0.641,2.727,2.309
4nxr,44,0,0.8711,0.7334,0.8603,0.854,0.7948,2.1313,2.8983,PepSet_dimer_output_esmfold2_fast_loop10_samplingsteps68,4nxr,0.657,0.769,2.898,2.263
4nxr,44,1,0.8539,0.7524,0.8459,0.837,0.7846,2.3255,0.7872,PepSet_dimer_output_esmfold2_fast_loop10_samplingsteps68,4nxr,0.736,0.872,0.787,2.073
4nxr,44,2,0.8716,0.7625,0.863,0.8531,0.7957,2.2358,0.7245,PepSet_dimer_output_esmfold2_fast_loop10_samplingsteps68,4nxr,0.742,0.872,0.725,2.0
4nxr,44,3,0.8723,0.7578,0.8633,0.854,0.7945,2.1345,0.7216,PepSet_dimer_output_esmfold2_fast_loop10_samplingsteps68,4nxr,0.742,0.897,0.722,2.117
4nxr,44,4,0.871,0.757,0.8621,0.8516,0.7934,2.0775,0.937,PepSet_dimer_output_esmfold2_fast_loop10_samplingsteps68,4nxr,0.727,0.846,0.937,2.052
4ny3,42,0,0.9478,0.7578,0.9447,0.9733,0.855,0.9172,2.5076,PepSet_dimer_output_esmfold2_fast_loop10_samplingsteps68,4ny3,0.7,0.833,2.508,2.064
4ny3,42,1,0.9488,0.7673,0.9458,0.9739,0.863,0.9481,2.1861,PepSet_dimer_output_esmfold2_fast_loop10_samplingsteps68,4ny3,0.704,0.833,2.186,2.092
4ny3,42,2,0.9474,0.7523,0.9442,0.973,0.848,0.9713,1.9112,PepSet_dimer_output_esmfold2_fast_loop10_samplingsteps68,4ny3,0.728,0.889,1.911,2.08
4ny3,42,3,0.9429,0.7633,0.94,0.9714,0.8602,1.1089,2.5914,PepSet_dimer_output_esmfold2_fast_loop10_samplingsteps68,4ny3,0.673,0.833,2.591,2.466
4ny3,42,4,0.9454,0.766,0.9425,0.9721,0.8589,1.1241,2.3781,PepSet_dimer_output_esmfold2_fast_loop10_samplingsteps68,4ny3,0.676,0.833,2.378,2.483
4ny3,43,0,0.947,0.7559,0.9438,0.9731,0.8506,0.94,2.7514,PepSet_dimer_output_esmfold2_fast_loop10_samplingsteps68,4ny3,0.69,0.833,2.751,2.136
4ny3,43,1,0.9484,0.765,0.9454,0.9732,0.8578,0.9408,2.4096,PepSet_dimer_output_esmfold2_fast_loop10_samplingsteps68,4ny3,0.699,0.833,2.41,2.102
4ny3,43,2,0.9469,0.7597,0.9439,0.973,0.8541,0.9029,2.4373,PepSet_dimer_output_esmfold2_fast_loop10_samplingsteps68,4ny3,0.702,0.833,2.437,2.054
4ny3,43,3,0.9483,0.7291,0.9447,0.973,0.8275,0.7933,1.849,PepSet_dimer_output_esmfold2_fast_loop10_samplingsteps68,4ny3,0.761,0.889,1.849,1.694
4ny3,43,4,0.9447,0.7331,0.9412,0.9718,0.8389,0.5836,1.7842,PepSet_dimer_output_esmfold2_fast_loop10_samplingsteps68,4ny3,0.827,0.944,1.784,1.278
4ny3,44,0,0.9498,0.7666,0.9468,0.9744,0.8605,0.9432,2.5931,PepSet_dimer_output_esmfold2_fast_loop10_samplingsteps68,4ny3,0.714,0.889,2.593,2.093
4ny3,44,1,0.9478,0.7745,0.9449,0.9736,0.8671,0.9509,1.9468,PepSet_dimer_output_esmfold2_fast_loop10_samplingsteps68,4ny3,0.709,0.833,1.947,2.07
4ny3,44,2,0.943,0.7208,0.9393,0.9705,0.8283,1.1367,1.7492,PepSet_dimer_output_esmfold2_fast_loop10_samplingsteps68,4ny3,0.709,0.889,1.749,2.42
4ny3,44,3,0.9429,0.7622,0.9399,0.9711,0.8583,1.0722,2.326,PepSet_dimer_output_esmfold2_fast_loop10_samplingsteps68,4ny3,0.667,0.778,2.326,2.333
4ny3,44,4,0.9485,0.7614,0.9454,0.9735,0.8542,0.9107,2.6294,PepSet_dimer_output_esmfold2_fast_loop10_samplingsteps68,4ny3,0.693,0.833,2.629,2.121
4odk,42,0,0.8905,0.4411,0.8681,0.7414,0.3997,4.0794,11.0991,PepSet_dimer_output_esmfold2_fast_loop10_samplingsteps68,4odk,0.426,0.774,11.099,3.793
4odk,42,1,0.8844,0.3464,0.8577,0.7802,0.2661,4.7584,14.4642,PepSet_dimer_output_esmfold2_fast_loop10_samplingsteps68,4odk,0.237,0.387,14.464,5.566
4odk,42,2,0.8883,0.3503,0.8616,0.7843,0.2699,3.939,11.941,PepSet_dimer_output_esmfold2_fast_loop10_samplingsteps68,4odk,0.245,0.258,11.941,3.693
4odk,42,3,0.8883,0.3364,0.8609,0.7756,0.2792,3.1735,11.0127,PepSet_dimer_output_esmfold2_fast_loop10_samplingsteps68,4odk,0.258,0.258,11.013,3.665
4odk,42,4,0.8869,0.3346,0.8595,0.7674,0.2699,1.9229,13.6841,PepSet_dimer_output_esmfold2_fast_loop10_samplingsteps68,4odk,0.225,0.323,13.684,5.347
4odk,43,0,0.8803,0.3257,0.8527,0.7377,0.2446,3.0511,14.6588,PepSet_dimer_output_esmfold2_fast_loop10_samplingsteps68,4odk,0.201,0.29,14.659,5.822
4odk,43,1,0.8859,0.4097,0.8622,0.7754,0.3716,4.2782,6.4813,PepSet_dimer_output_esmfold2_fast_loop10_samplingsteps68,4odk,0.578,0.677,6.481,1.747
4odk,43,2,0.8854,0.3126,0.857,0.767,0.2052,2.6841,14.7786,PepSet_dimer_output_esmfold2_fast_loop10_samplingsteps68,4odk,0.156,0.129,14.779,4.768
4odk,43,3,0.8866,0.3455,0.8597,0.7868,0.272,2.3659,11.3884,PepSet_dimer_output_esmfold2_fast_loop10_samplingsteps68,4odk,0.238,0.226,11.388,3.865
4odk,43,4,0.8895,0.421,0.8662,0.7628,0.3672,2.0773,6.8417,PepSet_dimer_output_esmfold2_fast_loop10_samplingsteps68,4odk,0.547,0.742,6.842,2.336
4odk,44,0,0.8849,0.3485,0.8582,0.7767,0.273,1.5727,12.741,PepSet_dimer_output_esmfold2_fast_loop10_samplingsteps68,4odk,0.235,0.323,12.741,5.321
4odk,44,1,0.8869,0.4127,0.8633,0.7856,0.3647,3.6472,9.1472,PepSet_dimer_output_esmfold2_fast_loop10_samplingsteps68,4odk,0.483,0.806,9.147,3.196
4odk,44,2,0.8879,0.3895,0.8631,0.7673,0.3328,3.5604,7.0146,PepSet_dimer_output_esmfold2_fast_loop10_samplingsteps68,4odk,0.537,0.742,7.015,2.433
4odk,44,3,0.8876,0.4469,0.8657,0.7794,0.3953,4.2785,4.1255,PepSet_dimer_output_esmfold2_fast_loop10_samplingsteps68,4odk,0.705,0.806,4.126,1.502
4odk,44,4,0.8905,0.4025,0.8662,0.7866,0.3528,3.4742,8.893,PepSet_dimer_output_esmfold2_fast_loop10_samplingsteps68,4odk,0.464,0.71,8.893,2.944
4ouc,42,0,0.9489,0.3365,0.9362,0.9595,0.4146,0.7032,12.3657,PepSet_dimer_output_esmfold2_fast_loop10_samplingsteps68,4ouc,0.222,0.2,12.366,3.647
4ouc,42,1,0.948,0.3325,0.9351,0.956,0.4361,0.6109,11.5044,PepSet_dimer_output_esmfold2_fast_loop10_samplingsteps68,4ouc,0.201,0.086,11.504,3.37
4ouc,42,2,0.9464,0.3063,0.9331,0.9569,0.3901,0.676,9.514,PepSet_dimer_output_esmfold2_fast_loop10_samplingsteps68,4ouc,0.24,0.057,9.514,2.823
4ouc,42,3,0.9478,0.3546,0.9354,0.9594,0.4667,0.8406,11.3368,PepSet_dimer_output_esmfold2_fast_loop10_samplingsteps68,4ouc,0.24,0.2,11.337,3.449
4ouc,42,4,0.9468,0.273,0.9328,0.9557,0.3481,0.6652,7.3671,PepSet_dimer_output_esmfold2_fast_loop10_samplingsteps68,4ouc,0.337,0.114,7.367,2.16
4ouc,43,0,0.9465,0.2672,0.9323,0.9553,0.3648,0.6558,9.8614,PepSet_dimer_output_esmfold2_fast_loop10_samplingsteps68,4ouc,0.278,0.2,9.861,2.941
4ouc,43,1,0.9473,0.3384,0.9346,0.9527,0.4488,0.6054,10.8941,PepSet_dimer_output_esmfold2_fast_loop10_samplingsteps68,4ouc,0.205,0.057,10.894,3.222
4ouc,43,2,0.9471,0.3008,0.9336,0.955,0.3844,0.6016,8.2136,PepSet_dimer_output_esmfold2_fast_loop10_samplingsteps68,4ouc,0.32,0.171,8.214,2.45
4ouc,43,3,0.9475,0.3455,0.935,0.9573,0.4559,0.6111,11.4228,PepSet_dimer_output_esmfold2_fast_loop10_samplingsteps68,4ouc,0.203,0.086,11.423,3.367
4ouc,43,4,0.9456,0.2915,0.932,0.9512,0.4005,0.486,8.6264,PepSet_dimer_output_esmfold2_fast_loop10_samplingsteps68,4ouc,0.356,0.314,8.626,2.531
4ouc,44,0,0.948,0.354,0.9357,0.9598,0.455,0.6311,12.0464,PepSet_dimer_output_esmfold2_fast_loop10_samplingsteps68,4ouc,0.19,0.086,12.046,3.556
4ouc,44,1,0.9463,0.338,0.9336,0.9568,0.4297,0.8541,12.8008,PepSet_dimer_output_esmfold2_fast_loop10_samplingsteps68,4ouc,0.194,0.143,12.801,3.834
4ouc,44,2,0.9467,0.3058,0.9333,0.9536,0.4037,0.5591,8.7254,PepSet_dimer_output_esmfold2_fast_loop10_samplingsteps68,4ouc,0.428,0.543,8.725,2.565
4ouc,44,3,0.9479,0.344,0.9354,0.9589,0.4372,0.8095,12.0166,PepSet_dimer_output_esmfold2_fast_loop10_samplingsteps68,4ouc,0.218,0.171,12.017,3.585
4ouc,44,4,0.946,0.32,0.9329,0.9502,0.4232,0.4807,8.0813,PepSet_dimer_output_esmfold2_fast_loop10_samplingsteps68,4ouc,0.354,0.257,8.081,2.4
4oyk,42,0,0.9027,0.8488,0.8989,0.9353,0.897,1.3498,0.9069,PepSet_dimer_output_esmfold2_fast_loop10_samplingsteps68,4oyk,0.933,0.9,0.907,0.472
4oyk,42,1,0.9001,0.8455,0.8963,0.9317,0.8916,1.3172,0.9897,PepSet_dimer_output_esmfold2_fast_loop10_samplingsteps68,4oyk,0.934,0.9,0.99,0.459
4oyk,42,2,0.9027,0.8464,0.8987,0.9343,0.8931,1.4447,1.0465,PepSet_dimer_output_esmfold2_fast_loop10_samplingsteps68,4oyk,0.938,0.925,1.047,0.49
4oyk,42,3,0.9047,0.8501,0.9009,0.9372,0.8994,1.3999,1.2707,PepSet_dimer_output_esmfold2_fast_loop10_samplingsteps68,4oyk,0.924,0.9,1.271,0.518
4oyk,42,4,0.9058,0.8503,0.9019,0.9367,0.8984,1.2924,0.9171,PepSet_dimer_output_esmfold2_fast_loop10_samplingsteps68,4oyk,0.935,0.9,0.917,0.451
4oyk,43,0,0.9068,0.8508,0.9029,0.9384,0.8994,1.2946,0.951,PepSet_dimer_output_esmfold2_fast_loop10_samplingsteps68,4oyk,0.932,0.9,0.951,0.478
4oyk,43,1,0.8999,0.8424,0.8958,0.9307,0.891,1.3846,1.4882,PepSet_dimer_output_esmfold2_fast_loop10_samplingsteps68,4oyk,0.918,0.9,1.488,0.543
4oyk,43,2,0.9047,0.8496,0.9009,0.9367,0.8977,1.3606,0.8208,PepSet_dimer_output_esmfold2_fast_loop10_samplingsteps68,4oyk,0.935,0.9,0.821,0.462
4oyk,43,3,0.9026,0.8442,0.8985,0.9339,0.8938,1.2574,1.292,PepSet_dimer_output_esmfold2_fast_loop10_samplingsteps68,4oyk,0.915,0.875,1.292,0.522
4oyk,43,4,0.9048,0.8483,0.9009,0.9365,0.8955,1.306,0.9651,PepSet_dimer_output_esmfold2_fast_loop10_samplingsteps68,4oyk,0.933,0.9,0.965,0.463
4oyk,44,0,0.9063,0.8499,0.9023,0.9379,0.8976,1.3691,0.9867,PepSet_dimer_output_esmfold2_fast_loop10_samplingsteps68,4oyk,0.931,0.9,0.987,0.485
4oyk,44,1,0.9031,0.8429,0.8989,0.9361,0.891,1.3066,0.8955,PepSet_dimer_output_esmfold2_fast_loop10_samplingsteps68,4oyk,0.931,0.9,0.895,0.489
4oyk,44,2,0.9002,0.8414,0.8961,0.9338,0.89,1.2738,1.113,PepSet_dimer_output_esmfold2_fast_loop10_samplingsteps68,4oyk,0.917,0.875,1.113,0.519
4oyk,44,3,0.8987,0.8491,0.8952,0.9328,0.8993,1.1504,1.123,PepSet_dimer_output_esmfold2_fast_loop10_samplingsteps68,4oyk,0.93,0.9,1.123,0.482
4oyk,44,4,0.904,0.8496,0.9002,0.9357,0.8958,1.3632,0.7919,PepSet_dimer_output_esmfold2_fast_loop10_samplingsteps68,4oyk,0.928,0.875,0.792,0.452
4pd1,42,0,0.9044,0.8411,0.9029,0.8673,0.9194,1.7111,1.2406,PepSet_dimer_output_esmfold2_fast_loop10_samplingsteps68,4pd1,0.943,0.896,1.241,0.331
4pd1,42,1,0.9068,0.8381,0.9051,0.8768,0.9171,1.2159,0.9868,PepSet_dimer_output_esmfold2_fast_loop10_samplingsteps68,4pd1,0.938,0.896,0.987,0.405
4pd1,42,2,0.904,0.8379,0.9024,0.8745,0.9179,1.5352,1.0832,PepSet_dimer_output_esmfold2_fast_loop10_samplingsteps68,4pd1,0.933,0.896,1.083,0.443
4pd1,42,3,0.9081,0.839,0.9065,0.8774,0.9189,1.2807,0.786,PepSet_dimer_output_esmfold2_fast_loop10_samplingsteps68,4pd1,0.954,0.917,0.786,0.333
4pd1,42,4,0.907,0.835,0.9052,0.8743,0.9134,1.2881,0.765,PepSet_dimer_output_esmfold2_fast_loop10_samplingsteps68,4pd1,0.94,0.875,0.765,0.33
4pd1,43,0,0.9067,0.8378,0.9051,0.8676,0.9157,1.5132,1.2322,PepSet_dimer_output_esmfold2_fast_loop10_samplingsteps68,4pd1,0.952,0.938,1.232,0.386
4pd1,43,1,0.9059,0.8087,0.9035,0.8721,0.8997,1.7631,1.4643,PepSet_dimer_output_esmfold2_fast_loop10_samplingsteps68,4pd1,0.897,0.875,1.464,0.641
4pd1,43,2,0.9047,0.8394,0.9031,0.8778,0.9169,1.3673,0.7518,PepSet_dimer_output_esmfold2_fast_loop10_samplingsteps68,4pd1,0.949,0.896,0.752,0.305
4pd1,43,3,0.9051,0.8405,0.9036,0.8775,0.9202,1.5886,0.9908,PepSet_dimer_output_esmfold2_fast_loop10_samplingsteps68,4pd1,0.939,0.896,0.991,0.4
4pd1,43,4,0.9046,0.8383,0.903,0.8764,0.9173,1.5341,0.742,PepSet_dimer_output_esmfold2_fast_loop10_samplingsteps68,4pd1,0.933,0.875,0.742,0.406
4pd1,44,0,0.9052,0.8436,0.9037,0.8731,0.9215,1.6522,1.0017,PepSet_dimer_output_esmfold2_fast_loop10_samplingsteps68,4pd1,0.942,0.896,1.002,0.361
4pd1,44,1,0.908,0.8446,0.9065,0.8736,0.9203,1.2214,0.7376,PepSet_dimer_output_esmfold2_fast_loop10_samplingsteps68,4pd1,0.941,0.875,0.738,0.321
4pd1,44,2,0.9045,0.8419,0.903,0.8752,0.9207,1.6261,1.0737,PepSet_dimer_output_esmfold2_fast_loop10_samplingsteps68,4pd1,0.932,0.875,1.074,0.39
4pd1,44,3,0.9045,0.8421,0.903,0.8633,0.9202,1.6777,0.7617,PepSet_dimer_output_esmfold2_fast_loop10_samplingsteps68,4pd1,0.939,0.875,0.762,0.339
4pd1,44,4,0.9065,0.8377,0.9048,0.8765,0.9159,1.313,0.8434,PepSet_dimer_output_esmfold2_fast_loop10_samplingsteps68,4pd1,0.944,0.896,0.843,0.36
4pge,42,0,0.941,0.9545,0.9414,0.9074,0.9772,1.3788,0.9888,PepSet_dimer_output_esmfold2_fast_loop10_samplingsteps68,4pge,0.957,0.949,0.989,0.394
4pge,42,1,0.9396,0.953,0.9401,0.9065,0.9765,1.2534,1.0408,PepSet_dimer_output_esmfold2_fast_loop10_samplingsteps68,4pge,0.969,0.983,1.041,0.381
4pge,42,2,0.9416,0.9552,0.942,0.9058,0.9774,1.4051,1.0601,PepSet_dimer_output_esmfold2_fast_loop10_samplingsteps68,4pge,0.969,0.983,1.06,0.386
4pge,42,3,0.9405,0.9548,0.9409,0.9067,0.9775,1.2763,1.0309,PepSet_dimer_output_esmfold2_fast_loop10_samplingsteps68,4pge,0.969,0.983,1.031,0.38
4pge,42,4,0.9382,0.9534,0.9387,0.8972,0.9766,1.6119,1.1444,PepSet_dimer_output_esmfold2_fast_loop10_samplingsteps68,4pge,0.966,0.983,1.144,0.404
4pge,43,0,0.939,0.9537,0.9394,0.9014,0.9766,0.9914,0.9882,PepSet_dimer_output_esmfold2_fast_loop10_samplingsteps68,4pge,0.962,0.966,0.988,0.399
4pge,43,1,0.9395,0.9548,0.94,0.9063,0.9776,1.0758,1.0012,PepSet_dimer_output_esmfold2_fast_loop10_samplingsteps68,4pge,0.965,0.966,1.001,0.372
4pge,43,2,0.9406,0.9547,0.941,0.886,0.9777,1.9466,1.1511,PepSet_dimer_output_esmfold2_fast_loop10_samplingsteps68,4pge,0.966,0.983,1.151,0.403
4pge,43,3,0.9406,0.9548,0.9411,0.9027,0.9774,1.2922,0.9737,PepSet_dimer_output_esmfold2_fast_loop10_samplingsteps68,4pge,0.971,0.983,0.974,0.373
4pge,43,4,0.9406,0.9546,0.9411,0.9078,0.9773,1.2817,1.033,PepSet_dimer_output_esmfold2_fast_loop10_samplingsteps68,4pge,0.968,0.983,1.033,0.395
4pge,44,0,0.9396,0.954,0.9401,0.904,0.9772,0.9778,1.004,PepSet_dimer_output_esmfold2_fast_loop10_samplingsteps68,4pge,0.969,0.983,1.004,0.389
4pge,44,1,0.9378,0.9531,0.9383,0.8817,0.9757,0.835,1.0943,PepSet_dimer_output_esmfold2_fast_loop10_samplingsteps68,4pge,0.968,0.983,1.094,0.384
4pge,44,2,0.9396,0.9538,0.9401,0.9053,0.977,1.1599,1.0304,PepSet_dimer_output_esmfold2_fast_loop10_samplingsteps68,4pge,0.969,0.983,1.03,0.384
4pge,44,3,0.94,0.9548,0.9405,0.8927,0.9772,1.7269,1.0647,PepSet_dimer_output_esmfold2_fast_loop10_samplingsteps68,4pge,0.968,0.983,1.065,0.39
4pge,44,4,0.9401,0.9533,0.9405,0.9051,0.9771,1.0167,1.0115,PepSet_dimer_output_esmfold2_fast_loop10_samplingsteps68,4pge,0.969,0.983,1.012,0.387
4qbr,42,0,0.9475,0.8747,0.9439,0.9575,0.926,0.4903,0.9923,PepSet_dimer_output_esmfold2_fast_loop10_samplingsteps68,4qbr,0.948,0.925,0.992,0.405
4qbr,42,1,0.9488,0.8739,0.9451,0.9588,0.9248,0.4813,1.0528,PepSet_dimer_output_esmfold2_fast_loop10_samplingsteps68,4qbr,0.949,0.95,1.053,0.463
4qbr,42,2,0.9487,0.8808,0.9454,0.9589,0.9294,0.468,0.4269,PepSet_dimer_output_esmfold2_fast_loop10_samplingsteps68,4qbr,0.985,1.0,0.427,0.312
4qbr,42,3,0.9476,0.8721,0.9439,0.9575,0.9241,0.4839,1.0242,PepSet_dimer_output_esmfold2_fast_loop10_samplingsteps68,4qbr,0.944,0.925,1.024,0.439
4qbr,42,4,0.9493,0.8824,0.946,0.9591,0.9319,0.513,0.9053,PepSet_dimer_output_esmfold2_fast_loop10_samplingsteps68,4qbr,0.958,0.95,0.905,0.392
4qbr,43,0,0.9479,0.876,0.9444,0.9579,0.9253,0.481,0.6235,PepSet_dimer_output_esmfold2_fast_loop10_samplingsteps68,4qbr,0.957,0.925,0.623,0.343
4qbr,43,1,0.9428,0.8626,0.9389,0.9541,0.9048,0.5118,2.0016,PepSet_dimer_output_esmfold2_fast_loop10_samplingsteps68,4qbr,0.893,0.925,2.002,0.735
4qbr,43,2,0.9494,0.8806,0.946,0.9595,0.93,0.4887,0.6183,PepSet_dimer_output_esmfold2_fast_loop10_samplingsteps68,4qbr,0.965,0.95,0.618,0.341
4qbr,43,3,0.9491,0.8817,0.9458,0.9593,0.9312,0.4748,0.6402,PepSet_dimer_output_esmfold2_fast_loop10_samplingsteps68,4qbr,0.973,0.975,0.64,0.349
4qbr,43,4,0.9495,0.8786,0.946,0.9595,0.9282,0.4968,0.8681,PepSet_dimer_output_esmfold2_fast_loop10_samplingsteps68,4qbr,0.951,0.925,0.868,0.385
4qbr,44,0,0.9481,0.8592,0.9437,0.957,0.9045,0.4941,1.5735,PepSet_dimer_output_esmfold2_fast_loop10_samplingsteps68,4qbr,0.911,0.9,1.574,0.593
4qbr,44,1,0.9457,0.85,0.941,0.9544,0.8936,0.4696,1.5748,PepSet_dimer_output_esmfold2_fast_loop10_samplingsteps68,4qbr,0.919,0.925,1.575,0.595
4qbr,44,2,0.9493,0.8826,0.946,0.9596,0.9316,0.5291,0.8488,PepSet_dimer_output_esmfold2_fast_loop10_samplingsteps68,4qbr,0.958,0.975,0.849,0.475
4qbr,44,3,0.9492,0.8803,0.9458,0.9592,0.9298,0.4736,0.6891,PepSet_dimer_output_esmfold2_fast_loop10_samplingsteps68,4qbr,0.97,0.975,0.689,0.375
4qbr,44,4,0.9447,0.8588,0.9405,0.9549,0.9163,0.4224,1.1273,PepSet_dimer_output_esmfold2_fast_loop10_samplingsteps68,4qbr,0.937,0.9,1.127,0.416
4r5i,42,0,0.9373,0.6261,0.9291,0.9126,0.7102,2.5241,11.4345,PepSet_dimer_output_esmfold2_fast_loop10_samplingsteps68,4r5i,0.27,0.273,11.434,3.172
4r5i,42,1,0.9369,0.6175,0.9285,0.9177,0.697,2.6551,11.4678,PepSet_dimer_output_esmfold2_fast_loop10_samplingsteps68,4r5i,0.27,0.273,11.468,3.172
4r5i,42,2,0.9372,0.6318,0.9292,0.9172,0.681,2.1035,2.6394,PepSet_dimer_output_esmfold2_fast_loop10_samplingsteps68,4r5i,0.792,0.795,2.639,1.056
4r5i,42,3,0.9377,0.6126,0.9292,0.9166,0.6891,2.8838,11.4519,PepSet_dimer_output_esmfold2_fast_loop10_samplingsteps68,4r5i,0.27,0.273,11.452,3.17
4r5i,42,4,0.9375,0.6196,0.9292,0.9123,0.7019,1.9093,11.3599,PepSet_dimer_output_esmfold2_fast_loop10_samplingsteps68,4r5i,0.273,0.273,11.36,3.129
4r5i,43,0,0.9358,0.6142,0.9273,0.9123,0.6925,3.6968,11.3822,PepSet_dimer_output_esmfold2_fast_loop10_samplingsteps68,4r5i,0.272,0.273,11.382,3.148
4r5i,43,1,0.9357,0.6219,0.9275,0.9143,0.7009,2.148,11.5244,PepSet_dimer_output_esmfold2_fast_loop10_samplingsteps68,4r5i,0.269,0.273,11.524,3.166
4r5i,43,2,0.9313,0.4153,0.9177,0.9054,0.4717,2.3406,2.2808,PepSet_dimer_output_esmfold2_fast_loop10_samplingsteps68,4r5i,0.803,0.75,2.281,0.92
4r5i,43,3,0.9316,0.4822,0.9198,0.903,0.5694,3.1357,11.228,PepSet_dimer_output_esmfold2_fast_loop10_samplingsteps68,4r5i,0.343,0.477,11.228,3.129
4r5i,43,4,0.9376,0.6112,0.929,0.9159,0.6925,2.2928,11.4573,PepSet_dimer_output_esmfold2_fast_loop10_samplingsteps68,4r5i,0.27,0.273,11.457,3.167
4r5i,44,0,0.9353,0.6172,0.9269,0.9066,0.6965,3.1584,11.3125,PepSet_dimer_output_esmfold2_fast_loop10_samplingsteps68,4r5i,0.274,0.273,11.313,3.111
4r5i,44,1,0.9316,0.4264,0.9183,0.9069,0.4795,2.5848,1.2783,PepSet_dimer_output_esmfold2_fast_loop10_samplingsteps68,4r5i,0.891,0.864,1.278,0.677
4r5i,44,2,0.9355,0.6131,0.927,0.91,0.6929,2.7236,11.5202,PepSet_dimer_output_esmfold2_fast_loop10_samplingsteps68,4r5i,0.268,0.273,11.52,3.214
4r5i,44,3,0.9329,0.4277,0.9196,0.9116,0.4911,2.5764,1.7389,PepSet_dimer_output_esmfold2_fast_loop10_samplingsteps68,4r5i,0.839,0.773,1.739,0.787
4r5i,44,4,0.9369,0.6148,0.9284,0.9117,0.6915,2.6557,11.4726,PepSet_dimer_output_esmfold2_fast_loop10_samplingsteps68,4r5i,0.269,0.273,11.473,3.199
4txr,42,0,0.9438,0.8122,0.9324,0.9491,0.8764,0.749,3.1693,PepSet_dimer_output_esmfold2_fast_loop10_samplingsteps68,4txr,0.743,0.805,3.169,1.368
4txr,42,1,0.9443,0.8118,0.9329,0.9495,0.8735,0.682,3.0781,PepSet_dimer_output_esmfold2_fast_loop10_samplingsteps68,4txr,0.742,0.805,3.078,1.396
4txr,42,2,0.9424,0.7714,0.9277,0.9451,0.8668,0.6624,2.0199,PepSet_dimer_output_esmfold2_fast_loop10_samplingsteps68,4txr,0.83,0.829,2.02,0.951
4txr,42,3,0.9439,0.7895,0.9306,0.9463,0.8735,0.5546,3.0944,PepSet_dimer_output_esmfold2_fast_loop10_samplingsteps68,4txr,0.743,0.805,3.094,1.377
4txr,42,4,0.9444,0.8168,0.9334,0.9482,0.8772,0.6789,3.2396,PepSet_dimer_output_esmfold2_fast_loop10_samplingsteps68,4txr,0.728,0.805,3.24,1.482
4txr,43,0,0.9442,0.8039,0.9321,0.9488,0.874,0.5978,3.511,PepSet_dimer_output_esmfold2_fast_loop10_samplingsteps68,4txr,0.72,0.829,3.511,1.568
4txr,43,1,0.9437,0.82,0.933,0.9469,0.8777,0.8001,3.2457,PepSet_dimer_output_esmfold2_fast_loop10_samplingsteps68,4txr,0.734,0.805,3.246,1.427
4txr,43,2,0.9467,0.8723,0.9403,0.9556,0.9236,0.7319,13.6363,PepSet_dimer_output_esmfold2_fast_loop10_samplingsteps68,4txr,0.152,0.122,13.636,6.184
4txr,43,3,0.9446,0.788,0.9311,0.9477,0.8768,0.6133,1.8992,PepSet_dimer_output_esmfold2_fast_loop10_samplingsteps68,4txr,0.841,0.829,1.899,0.883
4txr,43,4,0.9414,0.76,0.9258,0.9434,0.8643,0.789,2.4797,PepSet_dimer_output_esmfold2_fast_loop10_samplingsteps68,4txr,0.805,0.854,2.48,1.122
4txr,44,0,0.942,0.7637,0.9266,0.9448,0.867,0.697,2.7745,PepSet_dimer_output_esmfold2_fast_loop10_samplingsteps68,4txr,0.739,0.732,2.774,1.275
4txr,44,1,0.9472,0.871,0.9407,0.9576,0.924,0.6764,13.6438,PepSet_dimer_output_esmfold2_fast_loop10_samplingsteps68,4txr,0.152,0.122,13.644,6.19
4txr,44,2,0.9452,0.8138,0.9338,0.9507,0.8714,0.6439,3.343,PepSet_dimer_output_esmfold2_fast_loop10_samplingsteps68,4txr,0.745,0.854,3.343,1.454
4txr,44,3,0.9482,0.876,0.942,0.9575,0.9279,0.7665,13.5983,PepSet_dimer_output_esmfold2_fast_loop10_samplingsteps68,4txr,0.153,0.122,13.598,6.171
4txr,44,4,0.9422,0.7869,0.9289,0.9464,0.8768,0.575,1.8236,PepSet_dimer_output_esmfold2_fast_loop10_samplingsteps68,4txr,0.839,0.829,1.824,0.909
4u0c,42,0,0.7915,0.4123,0.7759,0.6361,0.38,11.5407,19.1344,PepSet_dimer_output_esmfold2_fast_loop10_samplingsteps68,4u0c,0.352,0.684,19.134,2.933
4u0c,42,1,0.8133,0.3881,0.7958,0.6866,0.3679,14.5015,15.0156,PepSet_dimer_output_esmfold2_fast_loop10_samplingsteps68,4u0c,0.294,0.474,15.016,3.37
4u0c,42,2,0.8184,0.4262,0.8023,0.6907,0.4129,14.8187,8.7699,PepSet_dimer_output_esmfold2_fast_loop10_samplingsteps68,4u0c,0.376,0.263,8.77,1.915
4u0c,42,3,0.8093,0.3452,0.7903,0.6644,0.32,14.7067,17.6645,PepSet_dimer_output_esmfold2_fast_loop10_samplingsteps68,4u0c,0.279,0.474,17.664,3.268
4u0c,42,4,0.8074,0.3468,0.7884,0.6763,0.3094,15.139,12.9492,PepSet_dimer_output_esmfold2_fast_loop10_samplingsteps68,4u0c,0.208,0.105,12.949,2.854
4u0c,43,0,0.8146,0.3948,0.7974,0.6936,0.3704,14.1245,15.1841,PepSet_dimer_output_esmfold2_fast_loop10_samplingsteps68,4u0c,0.322,0.474,15.184,2.567
4u0c,43,1,0.8079,0.3588,0.7894,0.6775,0.3483,14.3627,15.2223,PepSet_dimer_output_esmfold2_fast_loop10_samplingsteps68,4u0c,0.296,0.474,15.222,3.232
4u0c,43,2,0.792,0.3719,0.7747,0.6334,0.3444,12.7791,12.3275,PepSet_dimer_output_esmfold2_fast_loop10_samplingsteps68,4u0c,0.339,0.474,12.328,2.821
4u0c,43,3,0.7943,0.3376,0.7755,0.6435,0.2781,10.9619,8.6091,PepSet_dimer_output_esmfold2_fast_loop10_samplingsteps68,4u0c,0.377,0.316,8.609,2.186
4u0c,43,4,0.8132,0.3883,0.7958,0.6923,0.3901,14.7717,16.5848,PepSet_dimer_output_esmfold2_fast_loop10_samplingsteps68,4u0c,0.24,0.316,16.585,3.051
4u0c,44,0,0.8091,0.37,0.7911,0.6885,0.3623,14.7057,16.5795,PepSet_dimer_output_esmfold2_fast_loop10_samplingsteps68,4u0c,0.29,0.474,16.579,3.111
4u0c,44,1,0.813,0.334,0.7934,0.6903,0.2879,14.4626,10.6327,PepSet_dimer_output_esmfold2_fast_loop10_samplingsteps68,4u0c,0.32,0.263,10.633,2.255
4u0c,44,2,0.7784,0.3588,0.7611,0.6312,0.3611,12.1715,10.4768,PepSet_dimer_output_esmfold2_fast_loop10_samplingsteps68,4u0c,0.317,0.368,10.477,3.145
4u0c,44,3,0.788,0.3764,0.7711,0.6329,0.3528,17.0699,24.6838,PepSet_dimer_output_esmfold2_fast_loop10_samplingsteps68,4u0c,0.26,0.474,24.684,2.99
4u0c,44,4,0.8121,0.3843,0.7946,0.6705,0.3516,14.4741,17.0663,PepSet_dimer_output_esmfold2_fast_loop10_samplingsteps68,4u0c,0.288,0.474,17.066,3.095
4uqy,42,0,0.9464,0.6115,0.9303,0.9565,0.6502,0.4333,0.8982,PepSet_dimer_output_esmfold2_fast_loop10_samplingsteps68,4uqy,0.933,0.889,0.898,0.443
4uqy,42,1,0.9472,0.6108,0.931,0.9565,0.6524,0.4304,0.7582,PepSet_dimer_output_esmfold2_fast_loop10_samplingsteps68,4uqy,0.945,0.907,0.758,0.398
4uqy,42,2,0.9475,0.6081,0.9311,0.958,0.6683,0.4162,1.6343,PepSet_dimer_output_esmfold2_fast_loop10_samplingsteps68,4uqy,0.865,0.815,1.634,0.716
4uqy,42,3,0.9525,0.7698,0.9437,0.9659,0.8207,0.3574,0.7068,PepSet_dimer_output_esmfold2_fast_loop10_samplingsteps68,4uqy,0.94,0.889,0.707,0.389
4uqy,42,4,0.9468,0.6214,0.9311,0.9571,0.6655,0.4281,1.1525,PepSet_dimer_output_esmfold2_fast_loop10_samplingsteps68,4uqy,0.925,0.889,1.152,0.489
4uqy,43,0,0.9446,0.5281,0.9246,0.9526,0.5745,0.4115,3.6508,PepSet_dimer_output_esmfold2_fast_loop10_samplingsteps68,4uqy,0.683,0.63,3.651,1.289
4uqy,43,1,0.9468,0.6267,0.9314,0.9574,0.6779,0.5098,1.0355,PepSet_dimer_output_esmfold2_fast_loop10_samplingsteps68,4uqy,0.901,0.815,1.035,0.496
4uqy,43,2,0.9475,0.6147,0.9315,0.9578,0.6599,0.4406,0.899,PepSet_dimer_output_esmfold2_fast_loop10_samplingsteps68,4uqy,0.925,0.87,0.899,0.452
4uqy,43,3,0.9494,0.6771,0.9363,0.9605,0.7228,0.4032,0.6665,PepSet_dimer_output_esmfold2_fast_loop10_samplingsteps68,4uqy,0.961,0.944,0.666,0.365
4uqy,43,4,0.947,0.6201,0.9312,0.9581,0.6736,0.4253,1.2072,PepSet_dimer_output_esmfold2_fast_loop10_samplingsteps68,4uqy,0.883,0.778,1.207,0.525
4uqy,44,0,0.9461,0.6059,0.9298,0.9562,0.646,0.4286,0.9807,PepSet_dimer_output_esmfold2_fast_loop10_samplingsteps68,4uqy,0.947,0.944,0.981,0.474
4uqy,44,1,0.9473,0.6315,0.9321,0.9578,0.6827,0.4065,0.9236,PepSet_dimer_output_esmfold2_fast_loop10_samplingsteps68,4uqy,0.926,0.87,0.924,0.444
4uqy,44,2,0.9479,0.6202,0.9322,0.9582,0.6684,0.4262,0.9468,PepSet_dimer_output_esmfold2_fast_loop10_samplingsteps68,4uqy,0.938,0.907,0.947,0.448
4uqy,44,3,0.9471,0.6245,0.9316,0.9575,0.6759,0.4497,1.0877,PepSet_dimer_output_esmfold2_fast_loop10_samplingsteps68,4uqy,0.924,0.889,1.088,0.499
4uqy,44,4,0.9474,0.6183,0.9316,0.9577,0.668,0.4395,0.9941,PepSet_dimer_output_esmfold2_fast_loop10_samplingsteps68,4uqy,0.891,0.778,0.994,0.474
4x2h,42,0,0.8492,0.844,0.8491,0.8712,0.9096,12.5572,3.9236,PepSet_dimer_output_esmfold2_fast_loop10_samplingsteps68,4x2h,0.583,0.895,3.924,8.518
4x2h,42,1,0.8492,0.8311,0.8486,0.8828,0.8789,12.4705,3.886,PepSet_dimer_output_esmfold2_fast_loop10_samplingsteps68,4x2h,0.611,0.974,3.886,8.413
4x2h,42,2,0.8509,0.8354,0.8504,0.8792,0.8884,12.4425,4.2486,PepSet_dimer_output_esmfold2_fast_loop10_samplingsteps68,4x2h,0.593,0.947,4.249,8.403
4x2h,42,3,0.847,0.8441,0.8469,0.8729,0.9027,14.0699,4.2093,PepSet_dimer_output_esmfold2_fast_loop10_samplingsteps68,4x2h,0.594,0.947,4.209,8.446
4x2h,42,4,0.8467,0.836,0.8463,0.8724,0.8898,13.1318,3.9189,PepSet_dimer_output_esmfold2_fast_loop10_samplingsteps68,4x2h,0.601,0.947,3.919,8.372
4x2h,43,0,0.8347,0.8289,0.8345,0.8599,0.9093,12.733,3.7688,PepSet_dimer_output_esmfold2_fast_loop10_samplingsteps68,4x2h,0.561,0.816,3.769,8.176
4x2h,43,1,0.8379,0.8413,0.838,0.8633,0.8957,13.6564,4.5172,PepSet_dimer_output_esmfold2_fast_loop10_samplingsteps68,4x2h,0.577,0.921,4.517,8.49
4x2h,43,2,0.8475,0.832,0.847,0.8773,0.8809,13.3358,4.2454,PepSet_dimer_output_esmfold2_fast_loop10_samplingsteps68,4x2h,0.593,0.947,4.245,8.447
4x2h,43,3,0.8442,0.8525,0.8444,0.874,0.9098,15.3156,5.5031,PepSet_dimer_output_esmfold2_fast_loop10_samplingsteps68,4x2h,0.57,0.974,5.503,8.425
4x2h,43,4,0.8454,0.8362,0.8451,0.8742,0.8877,13.3035,4.1178,PepSet_dimer_output_esmfold2_fast_loop10_samplingsteps68,4x2h,0.605,0.974,4.118,8.425
4x2h,44,0,0.852,0.8477,0.8519,0.8825,0.8913,12.2759,4.3961,PepSet_dimer_output_esmfold2_fast_loop10_samplingsteps68,4x2h,0.598,0.974,4.396,8.451
4x2h,44,1,0.8573,0.8584,0.8573,0.8889,0.8995,12.7247,3.6639,PepSet_dimer_output_esmfold2_fast_loop10_samplingsteps68,4x2h,0.616,0.974,3.664,8.4
4x2h,44,2,0.8665,0.8625,0.8664,0.8932,0.9058,12.57,3.6405,PepSet_dimer_output_esmfold2_fast_loop10_samplingsteps68,4x2h,0.608,0.947,3.64,8.41
4x2h,44,3,0.853,0.8434,0.8527,0.8752,0.9075,12.4961,3.6958,PepSet_dimer_output_esmfold2_fast_loop10_samplingsteps68,4x2h,0.589,0.895,3.696,8.473
4x2h,44,4,0.8517,0.8536,0.8517,0.8811,0.8977,12.7665,3.5588,PepSet_dimer_output_esmfold2_fast_loop10_samplingsteps68,4x2h,0.618,0.974,3.559,8.433
4x3o,42,0,0.9253,0.8706,0.9244,0.9507,0.9539,1.2195,1.403,PepSet_dimer_output_esmfold2_fast_loop10_samplingsteps68,4x3o,0.867,1.0,1.403,1.158
4x3o,42,1,0.9239,0.8725,0.9231,0.9498,0.9539,1.2004,1.3778,PepSet_dimer_output_esmfold2_fast_loop10_samplingsteps68,4x3o,0.84,1.0,1.378,1.368
4x3o,42,2,0.9124,0.8662,0.9117,0.9438,0.9547,1.3522,1.2684,PepSet_dimer_output_esmfold2_fast_loop10_samplingsteps68,4x3o,0.844,1.0,1.268,1.346
4x3o,42,3,0.9171,0.8678,0.9162,0.9489,0.9542,0.9286,1.3275,PepSet_dimer_output_esmfold2_fast_loop10_samplingsteps68,4x3o,0.895,1.0,1.328,0.958
4x3o,42,4,0.9174,0.8747,0.9167,0.9498,0.9554,1.4181,1.4255,PepSet_dimer_output_esmfold2_fast_loop10_samplingsteps68,4x3o,0.834,1.0,1.426,1.418
4x3o,43,0,0.9137,0.8665,0.9129,0.9463,0.9533,1.9598,1.3837,PepSet_dimer_output_esmfold2_fast_loop10_samplingsteps68,4x3o,0.789,1.0,1.384,1.869
4x3o,43,1,0.9151,0.8674,0.9143,0.9476,0.9536,1.8133,1.2972,PepSet_dimer_output_esmfold2_fast_loop10_samplingsteps68,4x3o,0.793,1.0,1.297,1.835
4x3o,43,2,0.9136,0.8657,0.9128,0.9449,0.9541,1.8582,1.3773,PepSet_dimer_output_esmfold2_fast_loop10_samplingsteps68,4x3o,0.782,1.0,1.377,1.947
4x3o,43,3,0.9156,0.869,0.9149,0.9494,0.9558,1.7627,1.3732,PepSet_dimer_output_esmfold2_fast_loop10_samplingsteps68,4x3o,0.797,1.0,1.373,1.779
4x3o,43,4,0.9166,0.8687,0.9158,0.9492,0.9548,1.3316,1.2408,PepSet_dimer_output_esmfold2_fast_loop10_samplingsteps68,4x3o,0.841,1.0,1.241,1.377
4x3o,44,0,0.9155,0.8726,0.9148,0.9475,0.9554,1.3318,1.2391,PepSet_dimer_output_esmfold2_fast_loop10_samplingsteps68,4x3o,0.841,1.0,1.239,1.371
4x3o,44,1,0.9192,0.8707,0.9184,0.9528,0.9551,1.142,1.0495,PepSet_dimer_output_esmfold2_fast_loop10_samplingsteps68,4x3o,0.862,1.0,1.049,1.224
4x3o,44,2,0.9128,0.8653,0.912,0.9438,0.9535,2.0675,1.6735,PepSet_dimer_output_esmfold2_fast_loop10_samplingsteps68,4x3o,0.754,1.0,1.674,2.295
4x3o,44,3,0.9156,0.8652,0.9148,0.9495,0.9525,1.7754,1.2942,PepSet_dimer_output_esmfold2_fast_loop10_samplingsteps68,4x3o,0.789,1.0,1.294,1.875
4x3o,44,4,0.9164,0.8614,0.9155,0.9492,0.9514,1.9365,1.629,PepSet_dimer_output_esmfold2_fast_loop10_samplingsteps68,4x3o,0.772,1.0,1.629,2.044
4xc2,42,0,0.9009,0.711,0.8844,0.9108,0.8001,0.7096,3.1746,PepSet_dimer_output_esmfold2_fast_loop10_samplingsteps68,4xc2,0.763,0.816,3.175,1.236
4xc2,42,1,0.9051,0.7243,0.8895,0.9176,0.822,0.8105,3.5921,PepSet_dimer_output_esmfold2_fast_loop10_samplingsteps68,4xc2,0.705,0.735,3.592,1.408
4xc2,42,2,0.9122,0.7245,0.8959,0.9231,0.8258,0.6707,3.2597,PepSet_dimer_output_esmfold2_fast_loop10_samplingsteps68,4xc2,0.721,0.714,3.26,1.281
4xc2,42,3,0.8993,0.7141,0.8832,0.9102,0.8028,0.8085,3.0828,PepSet_dimer_output_esmfold2_fast_loop10_samplingsteps68,4xc2,0.748,0.755,3.083,1.213
4xc2,42,4,0.9109,0.7253,0.8948,0.9223,0.8211,0.6408,3.2904,PepSet_dimer_output_esmfold2_fast_loop10_samplingsteps68,4xc2,0.731,0.755,3.29,1.304
4xc2,43,0,0.9027,0.6813,0.8835,0.9096,0.8015,0.6672,6.6663,PepSet_dimer_output_esmfold2_fast_loop10_samplingsteps68,4xc2,0.506,0.633,6.666,2.496
4xc2,43,1,0.9093,0.7098,0.892,0.9194,0.8184,0.6234,2.9556,PepSet_dimer_output_esmfold2_fast_loop10_samplingsteps68,4xc2,0.732,0.673,2.956,1.151
4xc2,43,2,0.9089,0.6964,0.8905,0.9162,0.8099,0.6343,5.2842,PepSet_dimer_output_esmfold2_fast_loop10_samplingsteps68,4xc2,0.597,0.714,5.284,2.019
4xc2,43,3,0.9077,0.6629,0.8865,0.9142,0.8132,0.6001,6.9434,PepSet_dimer_output_esmfold2_fast_loop10_samplingsteps68,4xc2,0.493,0.633,6.943,2.617
4xc2,43,4,0.9082,0.7161,0.8916,0.9178,0.8085,0.7175,3.6541,PepSet_dimer_output_esmfold2_fast_loop10_samplingsteps68,4xc2,0.703,0.735,3.654,1.414
4xc2,44,0,0.9005,0.7065,0.8837,0.9095,0.7953,0.7913,2.6683,PepSet_dimer_output_esmfold2_fast_loop10_samplingsteps68,4xc2,0.776,0.755,2.668,1.07
4xc2,44,1,0.9049,0.7088,0.8879,0.9165,0.8149,0.6907,3.2239,PepSet_dimer_output_esmfold2_fast_loop10_samplingsteps68,4xc2,0.737,0.735,3.224,1.221
4xc2,44,2,0.9102,0.7236,0.894,0.9216,0.8204,0.6516,3.3051,PepSet_dimer_output_esmfold2_fast_loop10_samplingsteps68,4xc2,0.726,0.735,3.305,1.288
4xc2,44,3,0.8985,0.6886,0.8803,0.9064,0.8115,0.8054,6.9942,PepSet_dimer_output_esmfold2_fast_loop10_samplingsteps68,4xc2,0.512,0.694,6.994,2.62
4xc2,44,4,0.9029,0.6927,0.8847,0.9116,0.816,0.7202,6.2394,PepSet_dimer_output_esmfold2_fast_loop10_samplingsteps68,4xc2,0.544,0.694,6.239,2.351
4xek,42,0,0.9046,0.8098,0.8947,0.9104,0.8232,1.2751,0.8827,PepSet_dimer_output_esmfold2_fast_loop10_samplingsteps68,4xek,0.96,0.972,0.883,0.451
4xek,42,1,0.9064,0.8273,0.8981,0.9146,0.8552,1.1995,2.9552,PepSet_dimer_output_esmfold2_fast_loop10_samplingsteps68,4xek,0.767,0.889,2.955,1.44
4xek,42,2,0.9074,0.8411,0.9005,0.9172,0.8696,1.1558,2.8132,PepSet_dimer_output_esmfold2_fast_loop10_samplingsteps68,4xek,0.793,0.917,2.813,1.327
4xek,42,3,0.9087,0.8379,0.9013,0.9183,0.8662,1.3793,2.5149,PepSet_dimer_output_esmfold2_fast_loop10_samplingsteps68,4xek,0.813,0.917,2.515,1.219
4xek,42,4,0.9102,0.826,0.9014,0.9174,0.8415,1.2786,0.898,PepSet_dimer_output_esmfold2_fast_loop10_samplingsteps68,4xek,0.957,0.972,0.898,0.47
4xek,43,0,0.9021,0.825,0.894,0.9092,0.8395,1.9619,1.0411,PepSet_dimer_output_esmfold2_fast_loop10_samplingsteps68,4xek,0.947,0.972,1.041,0.542
4xek,43,1,0.9067,0.8358,0.8993,0.9154,0.865,1.0145,2.6521,PepSet_dimer_output_esmfold2_fast_loop10_samplingsteps68,4xek,0.792,0.889,2.652,1.288
4xek,43,2,0.9057,0.8261,0.8974,0.9132,0.8416,0.911,0.6415,PepSet_dimer_output_esmfold2_fast_loop10_samplingsteps68,4xek,0.948,0.917,0.641,0.404
4xek,43,3,0.9096,0.8294,0.9012,0.9181,0.8438,1.3412,0.8852,PepSet_dimer_output_esmfold2_fast_loop10_samplingsteps68,4xek,0.96,0.972,0.885,0.451
4xek,43,4,0.9093,0.8348,0.9015,0.9186,0.8647,1.1758,2.7809,PepSet_dimer_output_esmfold2_fast_loop10_samplingsteps68,4xek,0.784,0.889,2.781,1.328
4xek,44,0,0.9068,0.8161,0.8973,0.9142,0.8505,1.4494,2.9457,PepSet_dimer_output_esmfold2_fast_loop10_samplingsteps68,4xek,0.769,0.889,2.946,1.428
4xek,44,1,0.906,0.834,0.8985,0.9146,0.8617,1.0491,3.1762,PepSet_dimer_output_esmfold2_fast_loop10_samplingsteps68,4xek,0.754,0.889,3.176,1.51
4xek,44,2,0.8998,0.8386,0.8934,0.9099,0.8662,1.9192,2.9336,PepSet_dimer_output_esmfold2_fast_loop10_samplingsteps68,4xek,0.775,0.889,2.934,1.38
4xek,44,3,0.9047,0.8317,0.8971,0.9133,0.8547,0.8002,2.6564,PepSet_dimer_output_esmfold2_fast_loop10_samplingsteps68,4xek,0.793,0.889,2.656,1.279
4xek,44,4,0.9045,0.8387,0.8976,0.9138,0.8676,1.2279,2.755,PepSet_dimer_output_esmfold2_fast_loop10_samplingsteps68,4xek,0.791,0.889,2.755,1.277
4yje,42,0,0.9427,0.686,0.9353,0.9542,0.7479,1.1632,1.7656,PepSet_dimer_output_esmfold2_fast_loop10_samplingsteps68,4yje,0.89,0.857,1.766,0.621
4yje,42,1,0.9523,0.8501,0.9494,0.967,0.9199,1.1425,1.9145,PepSet_dimer_output_esmfold2_fast_loop10_samplingsteps68,4yje,0.87,0.816,1.914,0.649
4yje,42,2,0.9465,0.6572,0.9381,0.9583,0.7294,1.1612,1.9611,PepSet_dimer_output_esmfold2_fast_loop10_samplingsteps68,4yje,0.876,0.837,1.961,0.65
4yje,42,3,0.9509,0.8221,0.9472,0.9649,0.8872,1.1469,1.7344,PepSet_dimer_output_esmfold2_fast_loop10_samplingsteps68,4yje,0.88,0.837,1.734,0.644
4yje,42,4,0.9522,0.8363,0.9488,0.9666,0.9085,1.2034,1.8948,PepSet_dimer_output_esmfold2_fast_loop10_samplingsteps68,4yje,0.878,0.837,1.895,0.644
4yje,43,0,0.9465,0.6733,0.9386,0.9579,0.738,1.205,1.8941,PepSet_dimer_output_esmfold2_fast_loop10_samplingsteps68,4yje,0.878,0.837,1.894,0.641
4yje,43,1,0.952,0.8519,0.9491,0.9664,0.9159,1.1478,1.7195,PepSet_dimer_output_esmfold2_fast_loop10_samplingsteps68,4yje,0.888,0.837,1.72,0.588
4yje,43,2,0.9506,0.8002,0.9463,0.9643,0.8714,1.1072,1.7391,PepSet_dimer_output_esmfold2_fast_loop10_samplingsteps68,4yje,0.884,0.837,1.739,0.613
4yje,43,3,0.9478,0.7939,0.9433,0.9623,0.8637,0.9464,1.8859,PepSet_dimer_output_esmfold2_fast_loop10_samplingsteps68,4yje,0.88,0.857,1.886,0.68
4yje,43,4,0.9502,0.7945,0.9457,0.9629,0.8617,1.161,1.9787,PepSet_dimer_output_esmfold2_fast_loop10_samplingsteps68,4yje,0.861,0.816,1.979,0.711
4yje,44,0,0.951,0.8193,0.9472,0.9644,0.8819,1.1211,1.8165,PepSet_dimer_output_esmfold2_fast_loop10_samplingsteps68,4yje,0.883,0.837,1.817,0.612
4yje,44,1,0.9484,0.7418,0.9424,0.961,0.8055,1.1908,1.7996,PepSet_dimer_output_esmfold2_fast_loop10_samplingsteps68,4yje,0.886,0.857,1.8,0.643
4yje,44,2,0.9502,0.8244,0.9465,0.9639,0.8883,1.214,1.6488,PepSet_dimer_output_esmfold2_fast_loop10_samplingsteps68,4yje,0.897,0.857,1.649,0.579
4yje,44,3,0.9472,0.7157,0.9405,0.9599,0.7812,1.1269,1.7566,PepSet_dimer_output_esmfold2_fast_loop10_samplingsteps68,4yje,0.884,0.837,1.757,0.618
4yje,44,4,0.9514,0.8368,0.948,0.966,0.9004,1.1645,1.736,PepSet_dimer_output_esmfold2_fast_loop10_samplingsteps68,4yje,0.884,0.837,1.736,0.613
4z2o,42,0,0.8996,0.3538,0.8561,0.8887,0.2424,0.7616,18.4184,PepSet_dimer_output_esmfold2_fast_loop10_samplingsteps68,4z2o,0.117,0.133,18.418,7.173
4z2o,42,1,0.8976,0.3811,0.8564,0.8889,0.2702,0.8063,17.7809,PepSet_dimer_output_esmfold2_fast_loop10_samplingsteps68,4z2o,0.135,0.178,17.781,7.127
4z2o,42,2,0.8981,0.3833,0.8571,0.8888,0.2821,0.7228,10.3779,PepSet_dimer_output_esmfold2_fast_loop10_samplingsteps68,4z2o,0.219,0.133,10.378,4.014
4z2o,42,3,0.8928,0.3445,0.8491,0.883,0.248,0.7502,12.216,PepSet_dimer_output_esmfold2_fast_loop10_samplingsteps68,4z2o,0.215,0.222,12.216,4.607
4z2o,42,4,0.9017,0.3901,0.8609,0.8895,0.2929,0.7862,11.0586,PepSet_dimer_output_esmfold2_fast_loop10_samplingsteps68,4z2o,0.257,0.289,11.059,4.28
4z2o,43,0,0.8972,0.3586,0.8543,0.8882,0.2407,0.7769,17.992,PepSet_dimer_output_esmfold2_fast_loop10_samplingsteps68,4z2o,0.141,0.2,17.992,7.228
4z2o,43,1,0.902,0.3713,0.8597,0.8879,0.2531,0.777,12.8703,PepSet_dimer_output_esmfold2_fast_loop10_samplingsteps68,4z2o,0.196,0.2,12.87,4.915
4z2o,43,2,0.8966,0.344,0.8525,0.8837,0.2574,0.7547,12.3466,PepSet_dimer_output_esmfold2_fast_loop10_samplingsteps68,4z2o,0.228,0.267,12.347,4.646
4z2o,43,3,0.9025,0.3692,0.86,0.887,0.2573,0.7868,5.7595,PepSet_dimer_output_esmfold2_fast_loop10_samplingsteps68,4z2o,0.438,0.356,5.76,2.445
4z2o,43,4,0.8969,0.3685,0.8548,0.8839,0.258,0.759,14.2523,PepSet_dimer_output_esmfold2_fast_loop10_samplingsteps68,4z2o,0.197,0.267,14.252,5.793
4z2o,44,0,0.8984,0.3677,0.8561,0.8841,0.2526,0.7413,5.6633,PepSet_dimer_output_esmfold2_fast_loop10_samplingsteps68,4z2o,0.458,0.4,5.663,2.39
4z2o,44,1,0.9022,0.3441,0.8578,0.889,0.2296,0.7897,12.4953,PepSet_dimer_output_esmfold2_fast_loop10_samplingsteps68,4z2o,0.275,0.422,12.495,4.877
4z2o,44,2,0.8926,0.3255,0.8474,0.8796,0.2236,0.8026,16.8328,PepSet_dimer_output_esmfold2_fast_loop10_samplingsteps68,4z2o,0.136,0.156,16.833,6.505
4z2o,44,3,0.8982,0.3796,0.8569,0.8894,0.2861,0.7867,16.006,PepSet_dimer_output_esmfold2_fast_loop10_samplingsteps68,4z2o,0.172,0.244,16.006,6.424
4z2o,44,4,0.9056,0.3701,0.8629,0.8895,0.2499,0.7502,13.5345,PepSet_dimer_output_esmfold2_fast_loop10_samplingsteps68,4z2o,0.186,0.2,13.535,5.245
4zoz,42,0,0.9515,0.859,0.9488,0.9748,0.9444,1.072,2.6339,PepSet_dimer_output_esmfold2_fast_loop10_samplingsteps68,4zoz,0.848,0.918,2.634,0.953
4zoz,42,1,0.952,0.8476,0.9489,0.9748,0.9392,1.081,1.197,PepSet_dimer_output_esmfold2_fast_loop10_samplingsteps68,4zoz,0.921,0.898,1.197,0.543
4zoz,42,2,0.9513,0.8387,0.948,0.9748,0.9392,1.0764,1.2092,PepSet_dimer_output_esmfold2_fast_loop10_samplingsteps68,4zoz,0.927,0.918,1.209,0.551
4zoz,42,3,0.951,0.8556,0.9481,0.9745,0.9412,1.0954,2.5579,PepSet_dimer_output_esmfold2_fast_loop10_samplingsteps68,4zoz,0.852,0.918,2.558,0.936
4zoz,42,4,0.9511,0.8442,0.9479,0.9745,0.9388,1.0749,0.6827,PepSet_dimer_output_esmfold2_fast_loop10_samplingsteps68,4zoz,0.938,0.898,0.683,0.439
4zoz,43,0,0.9518,0.8265,0.9481,0.975,0.9317,1.0892,1.1811,PepSet_dimer_output_esmfold2_fast_loop10_samplingsteps68,4zoz,0.917,0.898,1.181,0.577
4zoz,43,1,0.9525,0.8623,0.9498,0.9751,0.9472,1.0796,1.0716,PepSet_dimer_output_esmfold2_fast_loop10_samplingsteps68,4zoz,0.93,0.918,1.072,0.534
4zoz,43,2,0.9511,0.8451,0.948,0.9745,0.9385,1.0698,0.9172,PepSet_dimer_output_esmfold2_fast_loop10_samplingsteps68,4zoz,0.928,0.898,0.917,0.507
4zoz,43,3,0.9505,0.8386,0.9472,0.9736,0.9297,1.0784,2.4939,PepSet_dimer_output_esmfold2_fast_loop10_samplingsteps68,4zoz,0.854,0.898,2.494,0.883
4zoz,43,4,0.952,0.8573,0.9492,0.9747,0.941,1.0653,2.6283,PepSet_dimer_output_esmfold2_fast_loop10_samplingsteps68,4zoz,0.848,0.918,2.628,0.951
4zoz,44,0,0.9513,0.8234,0.9476,0.9744,0.925,1.0996,1.9449,PepSet_dimer_output_esmfold2_fast_loop10_samplingsteps68,4zoz,0.888,0.918,1.945,0.759
4zoz,44,1,0.9485,0.8173,0.9446,0.9731,0.9212,1.0983,1.1619,PepSet_dimer_output_esmfold2_fast_loop10_samplingsteps68,4zoz,0.918,0.878,1.162,0.516
4zoz,44,2,0.9508,0.83,0.9473,0.9742,0.9293,1.1113,0.8266,PepSet_dimer_output_esmfold2_fast_loop10_samplingsteps68,4zoz,0.933,0.918,0.827,0.528
4zoz,44,3,0.9517,0.8451,0.9486,0.9747,0.9378,1.0811,0.8701,PepSet_dimer_output_esmfold2_fast_loop10_samplingsteps68,4zoz,0.937,0.918,0.87,0.488
4zoz,44,4,0.9485,0.8578,0.9459,0.9736,0.9485,1.1375,1.1204,PepSet_dimer_output_esmfold2_fast_loop10_samplingsteps68,4zoz,0.877,0.898,1.12,0.865
5bs2,42,0,0.8783,0.5298,0.8607,0.8339,0.4121,1.6227,20.4216,PepSet_dimer_output_esmfold2_fast_loop10_samplingsteps68,5bs2,0.069,0.0,20.422,5.956
5bs2,42,1,0.8776,0.5309,0.8601,0.8217,0.3911,1.5693,20.3598,PepSet_dimer_output_esmfold2_fast_loop10_samplingsteps68,5bs2,0.069,0.0,20.36,6.007
5bs2,42,2,0.8644,0.3289,0.8374,0.7984,0.1646,1.9561,22.6087,PepSet_dimer_output_esmfold2_fast_loop10_samplingsteps68,5bs2,0.055,0.0,22.609,7.248
5bs2,42,3,0.8745,0.4967,0.8555,0.8238,0.3689,1.7016,20.048,PepSet_dimer_output_esmfold2_fast_loop10_samplingsteps68,5bs2,0.071,0.0,20.048,5.979
5bs2,42,4,0.8788,0.5063,0.86,0.8247,0.3655,1.6314,20.1674,PepSet_dimer_output_esmfold2_fast_loop10_samplingsteps68,5bs2,0.07,0.0,20.167,5.99
5bs2,43,0,0.8608,0.5987,0.8475,0.8132,0.5016,2.2576,19.8061,PepSet_dimer_output_esmfold2_fast_loop10_samplingsteps68,5bs2,0.071,0.0,19.806,6.023
5bs2,43,1,0.8608,0.3187,0.8335,0.8024,0.1472,1.5076,22.7134,PepSet_dimer_output_esmfold2_fast_loop10_samplingsteps68,5bs2,0.055,0.0,22.713,7.074
5bs2,43,2,0.8713,0.3656,0.8458,0.8074,0.2079,1.9422,21.6906,PepSet_dimer_output_esmfold2_fast_loop10_samplingsteps68,5bs2,0.062,0.0,21.691,6.272
5bs2,43,3,0.8705,0.3302,0.8433,0.8123,0.1416,1.3915,24.4732,PepSet_dimer_output_esmfold2_fast_loop10_samplingsteps68,5bs2,0.049,0.0,24.473,7.512
5bs2,43,4,0.8699,0.3363,0.843,0.8133,0.1685,1.3581,23.6792,PepSet_dimer_output_esmfold2_fast_loop10_samplingsteps68,5bs2,0.052,0.0,23.679,7.171
5bs2,44,0,0.8808,0.5163,0.8624,0.8239,0.3756,1.6947,20.4668,PepSet_dimer_output_esmfold2_fast_loop10_samplingsteps68,5bs2,0.069,0.0,20.467,5.989
5bs2,44,1,0.8664,0.5458,0.8503,0.8142,0.4411,1.9852,19.8332,PepSet_dimer_output_esmfold2_fast_loop10_samplingsteps68,5bs2,0.072,0.0,19.833,5.933
5bs2,44,2,0.8716,0.3579,0.8457,0.8156,0.19,1.6033,22.0928,PepSet_dimer_output_esmfold2_fast_loop10_samplingsteps68,5bs2,0.059,0.0,22.093,6.652
5bs2,44,3,0.868,0.3362,0.8412,0.8123,0.1541,1.0553,24.0026,PepSet_dimer_output_esmfold2_fast_loop10_samplingsteps68,5bs2,0.049,0.0,24.003,7.647
5bs2,44,4,0.8711,0.3926,0.847,0.8139,0.2477,1.4105,24.1715,PepSet_dimer_output_esmfold2_fast_loop10_samplingsteps68,5bs2,0.05,0.0,24.171,7.294
5crw,42,0,0.924,0.7473,0.9163,0.6369,0.8419,5.908,7.8772,PepSet_dimer_output_esmfold2_fast_loop10_samplingsteps68,5crw,0.702,0.897,7.877,1.053
5crw,42,1,0.9181,0.7026,0.9087,0.5957,0.8235,2.1853,3.9588,PepSet_dimer_output_esmfold2_fast_loop10_samplingsteps68,5crw,0.778,0.862,3.959,1.101
5crw,42,2,0.9222,0.7151,0.9132,0.6626,0.8283,2.2417,2.7132,PepSet_dimer_output_esmfold2_fast_loop10_samplingsteps68,5crw,0.816,0.897,2.713,1.115
5crw,42,3,0.9195,0.7044,0.9101,0.6482,0.8199,3.3274,3.1519,PepSet_dimer_output_esmfold2_fast_loop10_samplingsteps68,5crw,0.81,0.897,3.152,1.088
5crw,42,4,0.9187,0.7038,0.9093,0.61,0.8279,3.7244,6.9511,PepSet_dimer_output_esmfold2_fast_loop10_samplingsteps68,5crw,0.723,0.897,6.951,1.046
5crw,43,0,0.9281,0.7591,0.9208,0.6309,0.853,6.5306,9.557,PepSet_dimer_output_esmfold2_fast_loop10_samplingsteps68,5crw,0.645,0.862,9.557,1.145
5crw,43,1,0.921,0.7059,0.9117,0.665,0.8236,2.2873,3.0658,PepSet_dimer_output_esmfold2_fast_loop10_samplingsteps68,5crw,0.807,0.897,3.066,1.126
5crw,43,2,0.917,0.7048,0.9078,0.5816,0.8326,3.0825,7.0718,PepSet_dimer_output_esmfold2_fast_loop10_samplingsteps68,5crw,0.712,0.897,7.072,1.101
5crw,43,3,0.9208,0.7172,0.912,0.6606,0.8278,4.4104,4.8452,PepSet_dimer_output_esmfold2_fast_loop10_samplingsteps68,5crw,0.768,0.897,4.845,1.093
5crw,43,4,0.9234,0.7426,0.9156,0.6301,0.8467,5.8925,6.6961,PepSet_dimer_output_esmfold2_fast_loop10_samplingsteps68,5crw,0.719,0.897,6.696,1.12
5crw,44,0,0.921,0.7129,0.912,0.6064,0.8313,1.3785,4.2974,PepSet_dimer_output_esmfold2_fast_loop10_samplingsteps68,5crw,0.779,0.897,4.297,1.114
5crw,44,1,0.9232,0.726,0.9146,0.6473,0.8327,5.6589,6.2194,PepSet_dimer_output_esmfold2_fast_loop10_samplingsteps68,5crw,0.74,0.897,6.219,1.045
5crw,44,2,0.9199,0.7071,0.9107,0.6592,0.8259,4.0433,4.7812,PepSet_dimer_output_esmfold2_fast_loop10_samplingsteps68,5crw,0.771,0.897,4.781,1.088
5crw,44,3,0.9285,0.7573,0.921,0.6296,0.8516,6.9139,9.1204,PepSet_dimer_output_esmfold2_fast_loop10_samplingsteps68,5crw,0.656,0.862,9.12,1.125
5crw,44,4,0.9191,0.7045,0.9097,0.6528,0.8214,3.6556,3.8631,PepSet_dimer_output_esmfold2_fast_loop10_samplingsteps68,5crw,0.768,0.862,3.863,1.188
5d94,42,0,0.8812,0.8134,0.875,0.8979,0.8384,2.2144,0.6113,PepSet_dimer_output_esmfold2_fast_loop10_samplingsteps68,5d94,0.93,0.917,0.611,0.558
5d94,42,1,0.8808,0.8074,0.8741,0.8964,0.8319,2.06,0.7593,PepSet_dimer_output_esmfold2_fast_loop10_samplingsteps68,5d94,0.886,0.792,0.759,0.571
5d94,42,2,0.8891,0.8213,0.8829,0.9056,0.8456,2.5899,0.6872,PepSet_dimer_output_esmfold2_fast_loop10_samplingsteps68,5d94,0.922,0.896,0.687,0.563
5d94,42,3,0.884,0.8126,0.8774,0.9001,0.8387,1.9329,0.5292,PepSet_dimer_output_esmfold2_fast_loop10_samplingsteps68,5d94,0.936,0.917,0.529,0.513
5d94,42,4,0.8873,0.8095,0.8802,0.9025,0.8316,2.19,1.4797,PepSet_dimer_output_esmfold2_fast_loop10_samplingsteps68,5d94,0.856,0.812,1.48,0.784
5d94,43,0,0.8851,0.8157,0.8788,0.9024,0.8397,2.2631,0.648,PepSet_dimer_output_esmfold2_fast_loop10_samplingsteps68,5d94,0.933,0.917,0.648,0.536
5d94,43,1,0.8865,0.818,0.8802,0.9033,0.8428,2.2408,0.9239,PepSet_dimer_output_esmfold2_fast_loop10_samplingsteps68,5d94,0.915,0.896,0.924,0.606
5d94,43,2,0.8843,0.8175,0.8782,0.8998,0.8441,2.6519,0.6835,PepSet_dimer_output_esmfold2_fast_loop10_samplingsteps68,5d94,0.916,0.875,0.684,0.554
5d94,43,3,0.8765,0.8011,0.8696,0.8917,0.8302,2.1852,0.8346,PepSet_dimer_output_esmfold2_fast_loop10_samplingsteps68,5d94,0.899,0.854,0.835,0.626
5d94,43,4,0.8844,0.8042,0.877,0.9008,0.8272,2.231,1.4503,PepSet_dimer_output_esmfold2_fast_loop10_samplingsteps68,5d94,0.864,0.812,1.45,0.728
5d94,44,0,0.8807,0.7974,0.8731,0.896,0.8215,2.1168,1.4237,PepSet_dimer_output_esmfold2_fast_loop10_samplingsteps68,5d94,0.901,0.896,1.424,0.665
5d94,44,1,0.8824,0.8208,0.8768,0.8991,0.8469,2.8827,0.6479,PepSet_dimer_output_esmfold2_fast_loop10_samplingsteps68,5d94,0.922,0.875,0.648,0.508
5d94,44,2,0.8862,0.8158,0.8798,0.9024,0.8409,2.3479,0.6768,PepSet_dimer_output_esmfold2_fast_loop10_samplingsteps68,5d94,0.918,0.875,0.677,0.537
5d94,44,3,0.8854,0.808,0.8783,0.9004,0.8283,2.0203,1.3395,PepSet_dimer_output_esmfold2_fast_loop10_samplingsteps68,5d94,0.879,0.833,1.339,0.68
5d94,44,4,0.888,0.8174,0.8816,0.9048,0.8441,2.2018,1.075,PepSet_dimer_output_esmfold2_fast_loop10_samplingsteps68,5d94,0.881,0.812,1.075,0.638
5dai,42,0,0.9282,0.8477,0.9253,0.9458,0.9495,0.5907,0.9905,PepSet_dimer_output_esmfold2_fast_loop10_samplingsteps68,5dai,0.937,1.0,0.991,0.692
5dai,42,1,0.9255,0.8524,0.9229,0.9372,0.9558,0.8371,1.0678,PepSet_dimer_output_esmfold2_fast_loop10_samplingsteps68,5dai,0.93,0.977,1.068,0.684
5dai,42,2,0.928,0.8605,0.9256,0.9453,0.9576,0.646,0.8698,PepSet_dimer_output_esmfold2_fast_loop10_samplingsteps68,5dai,0.95,1.0,0.87,0.605
5dai,42,3,0.9268,0.8583,0.9244,0.9423,0.9571,0.4866,0.8847,PepSet_dimer_output_esmfold2_fast_loop10_samplingsteps68,5dai,0.947,1.0,0.885,0.624
5dai,42,4,0.9238,0.8545,0.9214,0.9322,0.9568,0.6217,0.9803,PepSet_dimer_output_esmfold2_fast_loop10_samplingsteps68,5dai,0.929,0.977,0.98,0.696
5dai,43,0,0.9278,0.8489,0.925,0.9432,0.9505,0.6508,0.8827,PepSet_dimer_output_esmfold2_fast_loop10_samplingsteps68,5dai,0.944,1.0,0.883,0.649
5dai,43,1,0.928,0.8608,0.9256,0.9442,0.9581,0.6012,0.7449,PepSet_dimer_output_esmfold2_fast_loop10_samplingsteps68,5dai,0.945,0.977,0.745,0.59
5dai,43,2,0.9272,0.8575,0.9248,0.9442,0.9562,0.6358,0.7973,PepSet_dimer_output_esmfold2_fast_loop10_samplingsteps68,5dai,0.949,1.0,0.797,0.619
5dai,43,3,0.9285,0.8493,0.9257,0.9453,0.9512,0.6065,0.8281,PepSet_dimer_output_esmfold2_fast_loop10_samplingsteps68,5dai,0.945,1.0,0.828,0.647
5dai,43,4,0.9269,0.8593,0.9245,0.9427,0.957,0.5224,0.824,PepSet_dimer_output_esmfold2_fast_loop10_samplingsteps68,5dai,0.948,1.0,0.824,0.621
5dai,44,0,0.928,0.8577,0.9255,0.9448,0.9563,0.6466,0.9004,PepSet_dimer_output_esmfold2_fast_loop10_samplingsteps68,5dai,0.951,1.0,0.9,0.597
5dai,44,1,0.9264,0.8556,0.9239,0.9434,0.9565,0.5365,0.6863,PepSet_dimer_output_esmfold2_fast_loop10_samplingsteps68,5dai,0.961,1.0,0.686,0.531
5dai,44,2,0.9258,0.8492,0.9231,0.9415,0.9512,0.6117,0.8375,PepSet_dimer_output_esmfold2_fast_loop10_samplingsteps68,5dai,0.94,0.977,0.838,0.623
5dai,44,3,0.9263,0.8521,0.9237,0.9436,0.955,0.6553,0.7536,PepSet_dimer_output_esmfold2_fast_loop10_samplingsteps68,5dai,0.925,0.977,0.754,0.739
5dai,44,4,0.9282,0.8489,0.9254,0.9452,0.9508,0.6273,0.944,PepSet_dimer_output_esmfold2_fast_loop10_samplingsteps68,5dai,0.942,1.0,0.944,0.658
5di8,42,0,0.9532,0.958,0.9535,0.945,0.9788,0.729,0.5638,PepSet_dimer_output_esmfold2_fast_loop10_samplingsteps68,5di8,0.974,1.0,0.564,0.423
5di8,42,1,0.9533,0.9588,0.9536,0.9452,0.9797,0.7512,0.6304,PepSet_dimer_output_esmfold2_fast_loop10_samplingsteps68,5di8,0.97,1.0,0.63,0.457
5di8,42,2,0.9531,0.9583,0.9534,0.945,0.9789,0.7181,0.554,PepSet_dimer_output_esmfold2_fast_loop10_samplingsteps68,5di8,0.974,1.0,0.554,0.424
5di8,42,3,0.9541,0.9592,0.9544,0.9458,0.98,0.776,0.6666,PepSet_dimer_output_esmfold2_fast_loop10_samplingsteps68,5di8,0.968,1.0,0.667,0.47
5di8,42,4,0.9539,0.9581,0.9541,0.9452,0.979,0.7935,0.6078,PepSet_dimer_output_esmfold2_fast_loop10_samplingsteps68,5di8,0.973,1.0,0.608,0.43
5di8,43,0,0.9534,0.9594,0.9538,0.9462,0.9803,0.7476,0.5622,PepSet_dimer_output_esmfold2_fast_loop10_samplingsteps68,5di8,0.975,1.0,0.562,0.418
5di8,43,1,0.9529,0.9566,0.9531,0.9432,0.9757,0.7466,0.5731,PepSet_dimer_output_esmfold2_fast_loop10_samplingsteps68,5di8,0.974,1.0,0.573,0.423
5di8,43,2,0.954,0.9596,0.9543,0.9459,0.9805,0.7156,0.5308,PepSet_dimer_output_esmfold2_fast_loop10_samplingsteps68,5di8,0.974,1.0,0.531,0.425
5di8,43,3,0.9528,0.958,0.9532,0.9446,0.9786,0.6935,0.6013,PepSet_dimer_output_esmfold2_fast_loop10_samplingsteps68,5di8,0.976,1.0,0.601,0.402
5di8,43,4,0.9536,0.9582,0.9538,0.9445,0.9787,0.7996,0.6404,PepSet_dimer_output_esmfold2_fast_loop10_samplingsteps68,5di8,0.972,1.0,0.64,0.433
5di8,44,0,0.9533,0.9582,0.9536,0.9438,0.9796,0.8884,0.7768,PepSet_dimer_output_esmfold2_fast_loop10_samplingsteps68,5di8,0.97,1.0,0.777,0.443
5di8,44,1,0.9543,0.9599,0.9546,0.9464,0.9807,0.7369,0.5611,PepSet_dimer_output_esmfold2_fast_loop10_samplingsteps68,5di8,0.974,1.0,0.561,0.424
5di8,44,2,0.9538,0.9598,0.9541,0.9454,0.9805,0.6875,0.5544,PepSet_dimer_output_esmfold2_fast_loop10_samplingsteps68,5di8,0.976,1.0,0.554,0.402
5di8,44,3,0.9538,0.9582,0.954,0.9452,0.979,0.8928,0.7134,PepSet_dimer_output_esmfold2_fast_loop10_samplingsteps68,5di8,0.967,1.0,0.713,0.475
5di8,44,4,0.9538,0.9599,0.9542,0.9455,0.9804,0.6902,0.5753,PepSet_dimer_output_esmfold2_fast_loop10_samplingsteps68,5di8,0.974,1.0,0.575,0.421
5efi,42,0,0.8999,0.3035,0.8657,0.8558,0.2852,1.0708,18.4737,PepSet_dimer_output_esmfold2_fast_loop10_samplingsteps68,5efi,0.123,0.157,18.474,7.722
5efi,42,1,0.9016,0.3661,0.8709,0.8601,0.3582,1.019,6.5949,PepSet_dimer_output_esmfold2_fast_loop10_samplingsteps68,5efi,0.413,0.373,6.595,2.661
5efi,42,2,0.9037,0.308,0.8695,0.8569,0.2732,1.2618,17.6518,PepSet_dimer_output_esmfold2_fast_loop10_samplingsteps68,5efi,0.102,0.078,17.652,7.517
5efi,42,3,0.8988,0.3322,0.8663,0.8531,0.3134,1.1563,2.189,PepSet_dimer_output_esmfold2_fast_loop10_samplingsteps68,5efi,0.7,0.588,2.189,1.293
5efi,42,4,0.8956,0.3172,0.8625,0.8517,0.2909,1.1325,17.4867,PepSet_dimer_output_esmfold2_fast_loop10_samplingsteps68,5efi,0.103,0.078,17.487,7.291
5efi,43,0,0.8994,0.3229,0.8664,0.8569,0.2977,1.0972,2.0886,PepSet_dimer_output_esmfold2_fast_loop10_samplingsteps68,5efi,0.724,0.627,2.089,1.219
5efi,43,1,0.8938,0.3295,0.8614,0.8573,0.317,1.2059,9.5189,PepSet_dimer_output_esmfold2_fast_loop10_samplingsteps68,5efi,0.282,0.255,9.519,3.598
5efi,43,2,0.8967,0.3381,0.8647,0.8267,0.3319,1.2319,4.6116,PepSet_dimer_output_esmfold2_fast_loop10_samplingsteps68,5efi,0.485,0.314,4.612,1.96
5efi,43,3,0.9017,0.3124,0.8679,0.8577,0.2634,1.0301,4.3606,PepSet_dimer_output_esmfold2_fast_loop10_samplingsteps68,5efi,0.61,0.647,4.361,1.865
5efi,43,4,0.9011,0.3031,0.8668,0.8521,0.2645,1.0546,14.1206,PepSet_dimer_output_esmfold2_fast_loop10_samplingsteps68,5efi,0.122,0.039,14.121,5.886
5efi,44,0,0.8988,0.3706,0.8686,0.862,0.3714,1.1135,5.7759,PepSet_dimer_output_esmfold2_fast_loop10_samplingsteps68,5efi,0.442,0.353,5.776,2.353
5efi,44,1,0.9004,0.3284,0.8676,0.8592,0.307,1.072,4.3188,PepSet_dimer_output_esmfold2_fast_loop10_samplingsteps68,5efi,0.538,0.431,4.319,1.89
5efi,44,2,0.899,0.3903,0.8698,0.8621,0.4055,1.0501,6.2276,PepSet_dimer_output_esmfold2_fast_loop10_samplingsteps68,5efi,0.442,0.412,6.228,2.499
5efi,44,3,0.8912,0.3311,0.8591,0.8519,0.3086,1.1064,8.2101,PepSet_dimer_output_esmfold2_fast_loop10_samplingsteps68,5efi,0.349,0.373,8.21,3.477
5efi,44,4,0.9009,0.3018,0.8665,0.8574,0.278,1.2017,16.4842,PepSet_dimer_output_esmfold2_fast_loop10_samplingsteps68,5efi,0.117,0.098,16.484,6.982
5ei3,42,0,0.9302,0.8778,0.9266,0.9464,0.9518,0.9481,0.7845,PepSet_dimer_output_esmfold2_fast_loop10_samplingsteps68,5ei3,0.969,0.974,0.784,0.379
5ei3,42,1,0.9272,0.8773,0.9238,0.9415,0.9513,0.8127,0.5273,PepSet_dimer_output_esmfold2_fast_loop10_samplingsteps68,5ei3,0.972,0.974,0.527,0.357
5ei3,42,2,0.9246,0.8776,0.9214,0.9407,0.9514,1.3038,0.8933,PepSet_dimer_output_esmfold2_fast_loop10_samplingsteps68,5ei3,0.975,1.0,0.893,0.392
5ei3,42,3,0.9294,0.874,0.9256,0.945,0.9505,0.8672,0.8814,PepSet_dimer_output_esmfold2_fast_loop10_samplingsteps68,5ei3,0.972,1.0,0.881,0.426
5ei3,42,4,0.9287,0.8764,0.9251,0.9445,0.9516,0.8714,0.7175,PepSet_dimer_output_esmfold2_fast_loop10_samplingsteps68,5ei3,0.962,0.949,0.718,0.362
5ei3,43,0,0.9286,0.8769,0.9251,0.9445,0.9506,0.7881,0.6794,PepSet_dimer_output_esmfold2_fast_loop10_samplingsteps68,5ei3,0.971,1.0,0.679,0.447
5ei3,43,1,0.9288,0.8764,0.9252,0.944,0.9516,0.713,0.6068,PepSet_dimer_output_esmfold2_fast_loop10_samplingsteps68,5ei3,0.98,1.0,0.607,0.366
5ei3,43,2,0.9295,0.8691,0.9254,0.9444,0.9447,0.9201,1.1897,PepSet_dimer_output_esmfold2_fast_loop10_samplingsteps68,5ei3,0.944,0.974,1.19,0.562
5ei3,43,3,0.9298,0.8786,0.9263,0.9456,0.9522,0.9596,0.7852,PepSet_dimer_output_esmfold2_fast_loop10_samplingsteps68,5ei3,0.966,0.974,0.785,0.405
5ei3,43,4,0.9293,0.877,0.9257,0.9447,0.9521,0.7487,0.6855,PepSet_dimer_output_esmfold2_fast_loop10_samplingsteps68,5ei3,0.972,0.974,0.685,0.354
5ei3,44,0,0.9219,0.872,0.9185,0.9323,0.9515,2.2221,1.7587,PepSet_dimer_output_esmfold2_fast_loop10_samplingsteps68,5ei3,0.821,1.0,1.759,1.486
5ei3,44,1,0.9296,0.8722,0.9256,0.9449,0.9497,0.9273,0.9113,PepSet_dimer_output_esmfold2_fast_loop10_samplingsteps68,5ei3,0.955,0.974,0.911,0.492
5ei3,44,2,0.9286,0.8698,0.9245,0.944,0.9458,0.8048,1.0426,PepSet_dimer_output_esmfold2_fast_loop10_samplingsteps68,5ei3,0.939,0.949,1.043,0.547
5ei3,44,3,0.9294,0.8731,0.9255,0.944,0.948,0.9695,1.1457,PepSet_dimer_output_esmfold2_fast_loop10_samplingsteps68,5ei3,0.945,0.974,1.146,0.558
5ei3,44,4,0.9277,0.8762,0.9242,0.9438,0.9513,0.6117,0.5752,PepSet_dimer_output_esmfold2_fast_loop10_samplingsteps68,5ei3,0.975,1.0,0.575,0.413
5fml,42,0,0.8408,0.3702,0.7992,0.8452,0.3041,2.1104,29.6644,PepSet_dimer_output_esmfold2_fast_loop10_samplingsteps68,5fml,0.031,0.0,29.664,11.662
5fml,42,1,0.8205,0.3011,0.7746,0.8233,0.2176,2.3119,24.7005,PepSet_dimer_output_esmfold2_fast_loop10_samplingsteps68,5fml,0.051,0.022,24.701,9.634
5fml,42,2,0.8313,0.3287,0.7869,0.8416,0.2733,2.0957,29.6144,PepSet_dimer_output_esmfold2_fast_loop10_samplingsteps68,5fml,0.031,0.0,29.614,11.798
5fml,42,3,0.8319,0.3495,0.7893,0.8398,0.2772,1.646,24.5802,PepSet_dimer_output_esmfold2_fast_loop10_samplingsteps68,5fml,0.044,0.0,24.58,9.372
5fml,42,4,0.846,0.3393,0.8012,0.8462,0.2473,1.1613,24.7148,PepSet_dimer_output_esmfold2_fast_loop10_samplingsteps68,5fml,0.058,0.044,24.715,9.407
5fml,43,0,0.8582,0.3667,0.8148,0.8565,0.2878,1.0739,34.2673,PepSet_dimer_output_esmfold2_fast_loop10_samplingsteps68,5fml,0.024,0.0,34.267,12.955
5fml,43,1,0.8432,0.319,0.7969,0.8475,0.2506,2.0184,25.0017,PepSet_dimer_output_esmfold2_fast_loop10_samplingsteps68,5fml,0.05,0.022,25.002,9.635
5fml,43,2,0.7007,0.3517,0.6698,0.7137,0.2452,7.131,24.5279,PepSet_dimer_output_esmfold2_fast_loop10_samplingsteps68,5fml,0.044,0.0,24.528,9.565
5fml,43,3,0.8345,0.3144,0.7886,0.8407,0.2475,1.6496,24.987,PepSet_dimer_output_esmfold2_fast_loop10_samplingsteps68,5fml,0.042,0.0,24.987,9.622
5fml,43,4,0.8357,0.339,0.7918,0.8382,0.2852,1.4227,29.5684,PepSet_dimer_output_esmfold2_fast_loop10_samplingsteps68,5fml,0.031,0.0,29.568,11.144
5fml,44,0,0.8211,0.3571,0.7801,0.8323,0.2727,2.3115,23.5316,PepSet_dimer_output_esmfold2_fast_loop10_samplingsteps68,5fml,0.047,0.0,23.532,9.096
5fml,44,1,0.83,0.3302,0.7858,0.8371,0.2582,1.9978,24.3835,PepSet_dimer_output_esmfold2_fast_loop10_samplingsteps68,5fml,0.044,0.0,24.383,9.465
5fml,44,2,0.8272,0.3525,0.7852,0.8309,0.2506,1.4846,34.2317,PepSet_dimer_output_esmfold2_fast_loop10_samplingsteps68,5fml,0.024,0.0,34.232,13.222
5fml,44,3,0.8354,0.3488,0.7924,0.8432,0.3167,1.4278,25.0176,PepSet_dimer_output_esmfold2_fast_loop10_samplingsteps68,5fml,0.042,0.0,25.018,9.772
5fml,44,4,0.8508,0.3699,0.8083,0.8468,0.3012,2.0935,34.2832,PepSet_dimer_output_esmfold2_fast_loop10_samplingsteps68,5fml,0.024,0.0,34.283,13.039
5fpx,42,0,0.8552,0.3875,0.8262,0.8468,0.2826,1.2735,4.7276,PepSet_dimer_output_esmfold2_fast_loop10_samplingsteps68,5fpx,0.592,0.512,4.728,1.499
5fpx,42,1,0.846,0.3475,0.8151,0.835,0.2371,1.2238,10.253,PepSet_dimer_output_esmfold2_fast_loop10_samplingsteps68,5fpx,0.206,0.023,10.253,3.126
5fpx,42,2,0.8455,0.3769,0.8164,0.8345,0.2681,1.2646,11.4756,PepSet_dimer_output_esmfold2_fast_loop10_samplingsteps68,5fpx,0.217,0.14,11.476,3.464
5fpx,42,3,0.8528,0.364,0.8225,0.8462,0.2668,1.227,9.1311,PepSet_dimer_output_esmfold2_fast_loop10_samplingsteps68,5fpx,0.252,0.07,9.131,2.802
5fpx,42,4,0.853,0.3569,0.8223,0.8445,0.2491,1.2398,10.2231,PepSet_dimer_output_esmfold2_fast_loop10_samplingsteps68,5fpx,0.215,0.047,10.223,3.106
5fpx,43,0,0.8543,0.3621,0.8238,0.8447,0.2608,1.2195,8.5578,PepSet_dimer_output_esmfold2_fast_loop10_samplingsteps68,5fpx,0.263,0.047,8.558,2.624
5fpx,43,1,0.8367,0.2876,0.8026,0.8154,0.163,1.235,11.6834,PepSet_dimer_output_esmfold2_fast_loop10_samplingsteps68,5fpx,0.185,0.047,11.683,3.392
5fpx,43,2,0.8437,0.3418,0.8126,0.83,0.2298,1.2441,11.1452,PepSet_dimer_output_esmfold2_fast_loop10_samplingsteps68,5fpx,0.209,0.093,11.145,3.357
5fpx,43,3,0.8507,0.3581,0.8202,0.8416,0.2452,1.2427,10.2619,PepSet_dimer_output_esmfold2_fast_loop10_samplingsteps68,5fpx,0.197,0.0,10.262,3.161
5fpx,43,4,0.8497,0.3503,0.8187,0.8377,0.2382,1.228,10.197,PepSet_dimer_output_esmfold2_fast_loop10_samplingsteps68,5fpx,0.215,0.047,10.197,3.1
5fpx,44,0,0.8394,0.3449,0.8088,0.8265,0.2335,1.256,10.5829,PepSet_dimer_output_esmfold2_fast_loop10_samplingsteps68,5fpx,0.23,0.116,10.583,3.196
5fpx,44,1,0.8425,0.3367,0.8111,0.8307,0.2343,1.1892,10.7227,PepSet_dimer_output_esmfold2_fast_loop10_samplingsteps68,5fpx,0.21,0.07,10.723,3.255
5fpx,44,2,0.8501,0.3586,0.8196,0.8429,0.2627,1.2664,7.1985,PepSet_dimer_output_esmfold2_fast_loop10_samplingsteps68,5fpx,0.367,0.209,7.199,2.244
5fpx,44,3,0.8486,0.3621,0.8185,0.8391,0.2565,1.2105,8.993,PepSet_dimer_output_esmfold2_fast_loop10_samplingsteps68,5fpx,0.25,0.047,8.993,2.74
5fpx,44,4,0.8522,0.3812,0.823,0.8427,0.2798,1.216,5.325,PepSet_dimer_output_esmfold2_fast_loop10_samplingsteps68,5fpx,0.47,0.233,5.325,1.627
5fv6,42,0,0.6036,0.2498,0.5883,0.6079,0.1477,10.1283,32.858,PepSet_dimer_output_esmfold2_fast_loop10_samplingsteps68,5fv6,0.025,0.0,32.858,13.073
5fv6,42,1,0.5614,0.2654,0.5486,0.5522,0.1491,9.2761,33.1726,PepSet_dimer_output_esmfold2_fast_loop10_samplingsteps68,5fv6,0.025,0.0,33.173,13.476
5fv6,42,2,0.5386,0.2676,0.5269,0.5457,0.1863,7.5674,28.0896,PepSet_dimer_output_esmfold2_fast_loop10_samplingsteps68,5fv6,0.035,0.0,28.09,10.054
5fv6,42,3,0.6932,0.3419,0.678,0.7028,0.2847,12.3419,30.976,PepSet_dimer_output_esmfold2_fast_loop10_samplingsteps68,5fv6,0.03,0.0,30.976,10.249
5fv6,42,4,0.601,0.2169,0.5844,0.6047,0.105,8.1906,35.1243,PepSet_dimer_output_esmfold2_fast_loop10_samplingsteps68,5fv6,0.023,0.0,35.124,12.676
5fv6,43,0,0.6132,0.2926,0.5993,0.6229,0.2326,8.9726,27.7741,PepSet_dimer_output_esmfold2_fast_loop10_samplingsteps68,5fv6,0.053,0.05,27.774,9.82
5fv6,43,1,0.5971,0.2825,0.5835,0.6008,0.2227,11.4497,27.5781,PepSet_dimer_output_esmfold2_fast_loop10_samplingsteps68,5fv6,0.038,0.0,27.578,8.948
5fv6,43,2,0.4412,0.2171,0.4315,0.4474,0.0889,8.5632,37.8164,PepSet_dimer_output_esmfold2_fast_loop10_samplingsteps68,5fv6,0.02,0.0,37.816,13.534
5fv6,43,3,0.5509,0.2775,0.539,0.565,0.1831,8.1054,28.2196,PepSet_dimer_output_esmfold2_fast_loop10_samplingsteps68,5fv6,0.036,0.0,28.22,9.476
5fv6,43,4,0.6871,0.2948,0.6701,0.7025,0.1852,9.934,25.9088,PepSet_dimer_output_esmfold2_fast_loop10_samplingsteps68,5fv6,0.042,0.0,25.909,8.532
5fv6,44,0,0.5361,0.285,0.5252,0.5518,0.2164,6.8512,27.4884,PepSet_dimer_output_esmfold2_fast_loop10_samplingsteps68,5fv6,0.036,0.0,27.488,10.154
5fv6,44,1,0.5601,0.271,0.5476,0.5654,0.1603,12.1458,32.9203,PepSet_dimer_output_esmfold2_fast_loop10_samplingsteps68,5fv6,0.025,0.0,32.92,13.71
5fv6,44,2,0.6128,0.2679,0.5979,0.6106,0.1686,9.9437,25.6066,PepSet_dimer_output_esmfold2_fast_loop10_samplingsteps68,5fv6,0.041,0.0,25.607,9.362
5fv6,44,3,0.6079,0.2854,0.594,0.6141,0.2128,8.7716,27.2315,PepSet_dimer_output_esmfold2_fast_loop10_samplingsteps68,5fv6,0.038,0.0,27.232,9.534
5fv6,44,4,0.5959,0.2957,0.5829,0.6075,0.2352,10.7008,27.0127,PepSet_dimer_output_esmfold2_fast_loop10_samplingsteps68,5fv6,0.055,0.05,27.013,9.506
5ggp,42,0,0.9528,0.6346,0.9425,0.954,0.5574,0.3822,34.3036,PepSet_dimer_output_esmfold2_fast_loop10_samplingsteps68,5ggp,0.024,0.0,34.304,11.901
5ggp,42,1,0.9535,0.668,0.9442,0.9576,0.6212,0.4168,37.392,PepSet_dimer_output_esmfold2_fast_loop10_samplingsteps68,5ggp,0.021,0.0,37.392,12.576
5ggp,42,2,0.9543,0.6647,0.945,0.9563,0.6041,0.4319,35.9816,PepSet_dimer_output_esmfold2_fast_loop10_samplingsteps68,5ggp,0.023,0.0,35.982,12.251
5ggp,42,3,0.9533,0.6682,0.9441,0.9569,0.6232,0.3901,37.2837,PepSet_dimer_output_esmfold2_fast_loop10_samplingsteps68,5ggp,0.021,0.0,37.284,12.544
5ggp,42,4,0.9535,0.6495,0.9436,0.9544,0.5716,0.436,35.1917,PepSet_dimer_output_esmfold2_fast_loop10_samplingsteps68,5ggp,0.023,0.0,35.192,12.074
5ggp,43,0,0.9534,0.6277,0.9429,0.9557,0.5572,0.3903,36.2614,PepSet_dimer_output_esmfold2_fast_loop10_samplingsteps68,5ggp,0.022,0.0,36.261,12.257
5ggp,43,1,0.9552,0.6296,0.9447,0.9569,0.5625,0.4303,38.6284,PepSet_dimer_output_esmfold2_fast_loop10_samplingsteps68,5ggp,0.02,0.0,38.628,12.676
5ggp,43,2,0.9537,0.6416,0.9436,0.956,0.5971,0.4133,38.5207,PepSet_dimer_output_esmfold2_fast_loop10_samplingsteps68,5ggp,0.02,0.0,38.521,12.708
5ggp,43,3,0.9547,0.6568,0.9451,0.9559,0.5909,0.4236,36.0825,PepSet_dimer_output_esmfold2_fast_loop10_samplingsteps68,5ggp,0.022,0.0,36.083,12.282
5ggp,43,4,0.9542,0.6347,0.9439,0.9557,0.563,0.4194,38.2375,PepSet_dimer_output_esmfold2_fast_loop10_samplingsteps68,5ggp,0.02,0.0,38.237,12.495
5ggp,44,0,0.9549,0.6318,0.9445,0.9578,0.5905,0.3833,37.573,PepSet_dimer_output_esmfold2_fast_loop10_samplingsteps68,5ggp,0.021,0.0,37.573,12.633
5ggp,44,1,0.9558,0.6488,0.9459,0.9582,0.5932,0.3881,36.4307,PepSet_dimer_output_esmfold2_fast_loop10_samplingsteps68,5ggp,0.022,0.0,36.431,12.334
5ggp,44,2,0.9553,0.6478,0.9454,0.9576,0.5875,0.4237,35.3252,PepSet_dimer_output_esmfold2_fast_loop10_samplingsteps68,5ggp,0.023,0.0,35.325,12.083
5ggp,44,3,0.954,0.6294,0.9436,0.9565,0.572,0.4221,39.3387,PepSet_dimer_output_esmfold2_fast_loop10_samplingsteps68,5ggp,0.019,0.0,39.339,12.926
5ggp,44,4,0.954,0.657,0.9444,0.9545,0.5861,0.4243,36.756,PepSet_dimer_output_esmfold2_fast_loop10_samplingsteps68,5ggp,0.022,0.0,36.756,12.357
5gu4,42,0,0.95,0.7315,0.945,0.969,0.8096,0.2904,4.7019,PepSet_dimer_output_esmfold2_fast_loop10_samplingsteps68,5gu4,0.617,0.593,4.702,1.523
5gu4,42,1,0.9518,0.7518,0.9472,0.9705,0.8363,0.3233,4.5176,PepSet_dimer_output_esmfold2_fast_loop10_samplingsteps68,5gu4,0.64,0.63,4.518,1.47
5gu4,42,2,0.9516,0.7385,0.9467,0.9697,0.819,0.3346,4.906,PepSet_dimer_output_esmfold2_fast_loop10_samplingsteps68,5gu4,0.604,0.593,4.906,1.592
5gu4,42,3,0.952,0.7526,0.9474,0.9705,0.8348,0.2892,4.8298,PepSet_dimer_output_esmfold2_fast_loop10_samplingsteps68,5gu4,0.621,0.63,4.83,1.566
5gu4,42,4,0.9512,0.7472,0.9465,0.9698,0.8253,0.3013,4.9943,PepSet_dimer_output_esmfold2_fast_loop10_samplingsteps68,5gu4,0.611,0.63,4.994,1.621
5gu4,43,0,0.951,0.7464,0.9463,0.9697,0.8202,0.2976,4.4527,PepSet_dimer_output_esmfold2_fast_loop10_samplingsteps68,5gu4,0.632,0.593,4.453,1.443
5gu4,43,1,0.9512,0.7473,0.9465,0.9701,0.8312,0.2678,4.8035,PepSet_dimer_output_esmfold2_fast_loop10_samplingsteps68,5gu4,0.611,0.593,4.803,1.557
5gu4,43,2,0.9507,0.7463,0.946,0.9695,0.8221,0.3127,4.8292,PepSet_dimer_output_esmfold2_fast_loop10_samplingsteps68,5gu4,0.609,0.593,4.829,1.564
5gu4,43,3,0.9502,0.7504,0.9456,0.9693,0.836,0.314,4.4201,PepSet_dimer_output_esmfold2_fast_loop10_samplingsteps68,5gu4,0.647,0.63,4.42,1.431
5gu4,43,4,0.952,0.7586,0.9475,0.9707,0.8403,0.3091,4.961,PepSet_dimer_output_esmfold2_fast_loop10_samplingsteps68,5gu4,0.602,0.593,4.961,1.598
5gu4,44,0,0.9512,0.7397,0.9463,0.9697,0.8178,0.3016,5.0012,PepSet_dimer_output_esmfold2_fast_loop10_samplingsteps68,5gu4,0.611,0.63,5.001,1.62
5gu4,44,1,0.9515,0.752,0.9469,0.9702,0.8355,0.3003,4.7327,PepSet_dimer_output_esmfold2_fast_loop10_samplingsteps68,5gu4,0.627,0.63,4.733,1.535
5gu4,44,2,0.9509,0.7513,0.9463,0.9698,0.8359,0.3164,4.8199,PepSet_dimer_output_esmfold2_fast_loop10_samplingsteps68,5gu4,0.611,0.593,4.82,1.554
5gu4,44,3,0.951,0.7234,0.9458,0.9685,0.7781,0.317,1.5779,PepSet_dimer_output_esmfold2_fast_loop10_samplingsteps68,5gu4,0.851,0.704,1.578,0.545
5gu4,44,4,0.9529,0.7372,0.948,0.9703,0.8062,0.3159,2.8458,PepSet_dimer_output_esmfold2_fast_loop10_samplingsteps68,5gu4,0.786,0.741,2.846,0.942
5huw,42,0,0.9702,0.906,0.9687,0.9733,0.9654,0.6081,1.0371,PepSet_dimer_output_esmfold2_fast_loop10_samplingsteps68,5huw,0.919,0.907,1.037,0.594
5huw,42,1,0.9702,0.9035,0.9686,0.9734,0.9651,0.5558,1.038,PepSet_dimer_output_esmfold2_fast_loop10_samplingsteps68,5huw,0.918,0.907,1.038,0.604
5huw,42,2,0.9701,0.9035,0.9686,0.9732,0.9653,0.5159,0.9202,PepSet_dimer_output_esmfold2_fast_loop10_samplingsteps68,5huw,0.924,0.907,0.92,0.567
5huw,42,3,0.9699,0.9036,0.9684,0.9728,0.9656,0.4722,0.949,PepSet_dimer_output_esmfold2_fast_loop10_samplingsteps68,5huw,0.928,0.926,0.949,0.577
5huw,42,4,0.9695,0.9029,0.9679,0.9726,0.9641,0.5537,1.0349,PepSet_dimer_output_esmfold2_fast_loop10_samplingsteps68,5huw,0.92,0.907,1.035,0.586
5huw,43,0,0.97,0.9018,0.9685,0.9729,0.9647,0.497,0.889,PepSet_dimer_output_esmfold2_fast_loop10_samplingsteps68,5huw,0.924,0.907,0.889,0.569
5huw,43,1,0.9702,0.9005,0.9686,0.9732,0.9637,0.5503,0.8622,PepSet_dimer_output_esmfold2_fast_loop10_samplingsteps68,5huw,0.929,0.926,0.862,0.578
5huw,43,2,0.9699,0.9001,0.9683,0.9727,0.9639,0.5068,0.9717,PepSet_dimer_output_esmfold2_fast_loop10_samplingsteps68,5huw,0.922,0.907,0.972,0.574
5huw,43,3,0.9702,0.9051,0.9687,0.973,0.9653,0.486,1.0904,PepSet_dimer_output_esmfold2_fast_loop10_samplingsteps68,5huw,0.917,0.907,1.09,0.603
5huw,43,4,0.9697,0.8999,0.9681,0.9727,0.9631,0.5218,0.9657,PepSet_dimer_output_esmfold2_fast_loop10_samplingsteps68,5huw,0.92,0.907,0.966,0.59
5huw,44,0,0.9702,0.9009,0.9686,0.9728,0.9643,0.4476,0.9285,PepSet_dimer_output_esmfold2_fast_loop10_samplingsteps68,5huw,0.922,0.907,0.928,0.579
5huw,44,1,0.9698,0.9048,0.9683,0.973,0.9656,0.5384,1.0816,PepSet_dimer_output_esmfold2_fast_loop10_samplingsteps68,5huw,0.917,0.907,1.082,0.61
5huw,44,2,0.9697,0.9051,0.9682,0.9728,0.9656,0.5191,0.9556,PepSet_dimer_output_esmfold2_fast_loop10_samplingsteps68,5huw,0.922,0.907,0.956,0.579
5huw,44,3,0.9698,0.8891,0.9679,0.9732,0.9606,0.5056,1.006,PepSet_dimer_output_esmfold2_fast_loop10_samplingsteps68,5huw,0.927,0.926,1.006,0.584
5huw,44,4,0.9704,0.9019,0.9688,0.9731,0.9647,0.456,0.9581,PepSet_dimer_output_esmfold2_fast_loop10_samplingsteps68,5huw,0.921,0.907,0.958,0.584
5i7z,42,0,0.9165,0.8526,0.9121,0.9052,0.8823,0.8646,5.118,PepSet_dimer_output_esmfold2_fast_loop10_samplingsteps68,5i7z,0.687,0.912,5.118,1.781
5i7z,42,1,0.9167,0.8562,0.9125,0.906,0.8826,0.7694,5.1577,PepSet_dimer_output_esmfold2_fast_loop10_samplingsteps68,5i7z,0.676,0.882,5.158,1.784
5i7z,42,2,0.915,0.8597,0.9112,0.9062,0.8822,0.7684,4.925,PepSet_dimer_output_esmfold2_fast_loop10_samplingsteps68,5i7z,0.694,0.912,4.925,1.756
5i7z,42,3,0.9179,0.8615,0.9141,0.9093,0.8852,0.7592,4.9853,PepSet_dimer_output_esmfold2_fast_loop10_samplingsteps68,5i7z,0.684,0.882,4.985,1.744
5i7z,42,4,0.9155,0.8605,0.9118,0.9061,0.8828,0.838,5.174,PepSet_dimer_output_esmfold2_fast_loop10_samplingsteps68,5i7z,0.682,0.912,5.174,1.816
5i7z,43,0,0.9176,0.8621,0.9139,0.9054,0.8824,0.8954,5.2536,PepSet_dimer_output_esmfold2_fast_loop10_samplingsteps68,5i7z,0.671,0.882,5.254,1.812
5i7z,43,1,0.917,0.8571,0.913,0.9087,0.8866,0.7633,4.8659,PepSet_dimer_output_esmfold2_fast_loop10_samplingsteps68,5i7z,0.699,0.912,4.866,1.723
5i7z,43,2,0.9168,0.8589,0.9129,0.9083,0.8862,0.7519,4.7624,PepSet_dimer_output_esmfold2_fast_loop10_samplingsteps68,5i7z,0.696,0.882,4.762,1.674
5i7z,43,3,0.9163,0.8504,0.9118,0.9062,0.8837,0.7546,5.0306,PepSet_dimer_output_esmfold2_fast_loop10_samplingsteps68,5i7z,0.691,0.912,5.031,1.755
5i7z,43,4,0.9143,0.835,0.9089,0.9027,0.8835,0.7903,4.7875,PepSet_dimer_output_esmfold2_fast_loop10_samplingsteps68,5i7z,0.705,0.912,4.788,1.675
5i7z,44,0,0.9173,0.8635,0.9137,0.9076,0.8852,0.8144,4.8519,PepSet_dimer_output_esmfold2_fast_loop10_samplingsteps68,5i7z,0.699,0.912,4.852,1.724
5i7z,44,1,0.9153,0.8492,0.9108,0.906,0.8833,0.7909,5.1724,PepSet_dimer_output_esmfold2_fast_loop10_samplingsteps68,5i7z,0.682,0.912,5.172,1.82
5i7z,44,2,0.9091,0.8605,0.9058,0.8852,0.8636,1.1542,5.1202,PepSet_dimer_output_esmfold2_fast_loop10_samplingsteps68,5i7z,0.684,0.912,5.12,1.812
5i7z,44,3,0.9143,0.8542,0.9102,0.8994,0.8783,1.0473,5.023,PepSet_dimer_output_esmfold2_fast_loop10_samplingsteps68,5i7z,0.682,0.882,5.023,1.753
5i7z,44,4,0.9199,0.8616,0.9159,0.91,0.8878,0.8501,5.0493,PepSet_dimer_output_esmfold2_fast_loop10_samplingsteps68,5i7z,0.689,0.912,5.049,1.774
5j3q,42,0,0.9241,0.8554,0.9172,0.9384,0.8845,1.0509,1.8836,PepSet_dimer_output_esmfold2_fast_loop10_samplingsteps68,5j3q,0.782,0.884,1.884,1.475
5j3q,42,1,0.9227,0.822,0.9125,0.935,0.8416,1.0122,2.6996,PepSet_dimer_output_esmfold2_fast_loop10_samplingsteps68,5j3q,0.715,0.767,2.7,1.598
5j3q,42,2,0.9253,0.8526,0.918,0.9396,0.8816,1.1475,1.8323,PepSet_dimer_output_esmfold2_fast_loop10_samplingsteps68,5j3q,0.784,0.884,1.832,1.464
5j3q,42,3,0.9228,0.8531,0.9158,0.9375,0.8838,1.0177,1.864,PepSet_dimer_output_esmfold2_fast_loop10_samplingsteps68,5j3q,0.774,0.837,1.864,1.407
5j3q,42,4,0.9218,0.8512,0.9147,0.9367,0.8817,1.0724,1.9046,PepSet_dimer_output_esmfold2_fast_loop10_samplingsteps68,5j3q,0.759,0.814,1.905,1.467
5j3q,43,0,0.9238,0.8543,0.9168,0.938,0.8843,1.1736,1.8179,PepSet_dimer_output_esmfold2_fast_loop10_samplingsteps68,5j3q,0.793,0.907,1.818,1.449
5j3q,43,1,0.9224,0.8507,0.9152,0.9366,0.8796,1.1609,1.8424,PepSet_dimer_output_esmfold2_fast_loop10_samplingsteps68,5j3q,0.774,0.837,1.842,1.411
5j3q,43,2,0.9211,0.8545,0.9144,0.9365,0.8843,1.0569,2.0755,PepSet_dimer_output_esmfold2_fast_loop10_samplingsteps68,5j3q,0.788,0.86,2.076,1.328
5j3q,43,3,0.9232,0.8513,0.916,0.9379,0.8806,1.0653,1.8481,PepSet_dimer_output_esmfold2_fast_loop10_samplingsteps68,5j3q,0.78,0.86,1.848,1.427
5j3q,43,4,0.9237,0.8542,0.9167,0.9384,0.8831,1.1555,1.9269,PepSet_dimer_output_esmfold2_fast_loop10_samplingsteps68,5j3q,0.781,0.884,1.927,1.477
5j3q,44,0,0.9262,0.857,0.9193,0.9404,0.8873,1.0811,1.7085,PepSet_dimer_output_esmfold2_fast_loop10_samplingsteps68,5j3q,0.783,0.837,1.708,1.359
5j3q,44,1,0.9243,0.8526,0.917,0.9379,0.8831,1.1197,1.8597,PepSet_dimer_output_esmfold2_fast_loop10_samplingsteps68,5j3q,0.798,0.907,1.86,1.402
5j3q,44,2,0.9235,0.8393,0.915,0.9366,0.8635,1.0851,1.9941,PepSet_dimer_output_esmfold2_fast_loop10_samplingsteps68,5j3q,0.756,0.814,1.994,1.479
5j3q,44,3,0.9211,0.8422,0.9131,0.9351,0.8706,1.0819,1.645,PepSet_dimer_output_esmfold2_fast_loop10_samplingsteps68,5j3q,0.759,0.791,1.645,1.435
5j3q,44,4,0.9239,0.8572,0.9172,0.9385,0.8864,1.1637,1.9132,PepSet_dimer_output_esmfold2_fast_loop10_samplingsteps68,5j3q,0.774,0.86,1.913,1.468
5kds,42,0,0.9264,0.2787,0.9201,0.9486,0.3583,0.8361,8.3542,PepSet_dimer_output_esmfold2_fast_loop10_samplingsteps68,5kds,0.364,0.385,8.354,3.02
5kds,42,1,0.9233,0.3651,0.9179,0.9471,0.4583,0.8546,15.9167,PepSet_dimer_output_esmfold2_fast_loop10_samplingsteps68,5kds,0.277,0.538,15.917,5.493
5kds,42,2,0.9238,0.2602,0.9174,0.9475,0.3048,0.8264,9.8397,PepSet_dimer_output_esmfold2_fast_loop10_samplingsteps68,5kds,0.244,0.154,9.84,3.564
5kds,42,3,0.925,0.3402,0.9193,0.9477,0.4363,0.8313,15.4151,PepSet_dimer_output_esmfold2_fast_loop10_samplingsteps68,5kds,0.231,0.385,15.415,5.215
5kds,42,4,0.9194,0.357,0.9139,0.9444,0.46,1.0671,15.1404,PepSet_dimer_output_esmfold2_fast_loop10_samplingsteps68,5kds,0.285,0.538,15.14,5.202
5kds,43,0,0.9243,0.2857,0.9181,0.9481,0.3553,0.902,10.465,PepSet_dimer_output_esmfold2_fast_loop10_samplingsteps68,5kds,0.229,0.154,10.465,3.768
5kds,43,1,0.9236,0.3078,0.9177,0.9466,0.3961,0.7339,15.5176,PepSet_dimer_output_esmfold2_fast_loop10_samplingsteps68,5kds,0.205,0.308,15.518,5.2
5kds,43,2,0.9226,0.3458,0.917,0.9461,0.4407,0.9467,13.7895,PepSet_dimer_output_esmfold2_fast_loop10_samplingsteps68,5kds,0.25,0.385,13.789,4.74
5kds,43,3,0.9246,0.258,0.9181,0.9478,0.3128,0.8432,8.9119,PepSet_dimer_output_esmfold2_fast_loop10_samplingsteps68,5kds,0.244,0.077,8.912,3.228
5kds,43,4,0.9252,0.3035,0.9192,0.9484,0.3824,0.7019,8.3837,PepSet_dimer_output_esmfold2_fast_loop10_samplingsteps68,5kds,0.391,0.462,8.384,2.962
5kds,44,0,0.9278,0.2847,0.9216,0.9502,0.3844,0.8875,8.6348,PepSet_dimer_output_esmfold2_fast_loop10_samplingsteps68,5kds,0.249,0.077,8.635,3.237
5kds,44,1,0.9251,0.3651,0.9197,0.9472,0.4637,0.8064,15.5928,PepSet_dimer_output_esmfold2_fast_loop10_samplingsteps68,5kds,0.202,0.308,15.593,5.442
5kds,44,2,0.9235,0.3437,0.9178,0.9462,0.439,0.7101,16.0898,PepSet_dimer_output_esmfold2_fast_loop10_samplingsteps68,5kds,0.224,0.385,16.09,5.478
5kds,44,3,0.9269,0.3242,0.9211,0.9489,0.4275,0.831,15.1226,PepSet_dimer_output_esmfold2_fast_loop10_samplingsteps68,5kds,0.311,0.615,15.123,5.122
5kds,44,4,0.9239,0.2805,0.9177,0.9477,0.3886,0.8614,17.1493,PepSet_dimer_output_esmfold2_fast_loop10_samplingsteps68,5kds,0.19,0.308,17.149,5.679
5lyn,42,0,0.9157,0.7222,0.906,0.9008,0.7213,0.5744,1.3141,PepSet_dimer_output_esmfold2_fast_loop10_samplingsteps68,5lyn,0.917,0.857,1.314,0.455
5lyn,42,1,0.9177,0.6275,0.9032,0.9004,0.6272,0.4162,1.8386,PepSet_dimer_output_esmfold2_fast_loop10_samplingsteps68,5lyn,0.845,0.714,1.839,0.591
5lyn,42,2,0.9141,0.7203,0.9044,0.8993,0.7208,0.7513,1.3297,PepSet_dimer_output_esmfold2_fast_loop10_samplingsteps68,5lyn,0.908,0.821,1.33,0.423
5lyn,42,3,0.9165,0.7297,0.9071,0.9011,0.7385,0.6363,1.2612,PepSet_dimer_output_esmfold2_fast_loop10_samplingsteps68,5lyn,0.919,0.857,1.261,0.441
5lyn,42,4,0.9171,0.7337,0.9079,0.9008,0.7352,0.3823,1.2718,PepSet_dimer_output_esmfold2_fast_loop10_samplingsteps68,5lyn,0.922,0.857,1.272,0.406
5lyn,43,0,0.9179,0.7284,0.9084,0.9029,0.7316,0.7946,1.2407,PepSet_dimer_output_esmfold2_fast_loop10_samplingsteps68,5lyn,0.922,0.857,1.241,0.413
5lyn,43,1,0.9176,0.7234,0.9079,0.9021,0.7281,0.6828,1.2311,PepSet_dimer_output_esmfold2_fast_loop10_samplingsteps68,5lyn,0.896,0.786,1.231,0.431
5lyn,43,2,0.9199,0.7293,0.9104,0.9056,0.7375,0.8406,1.2141,PepSet_dimer_output_esmfold2_fast_loop10_samplingsteps68,5lyn,0.921,0.857,1.214,0.424
5lyn,43,3,0.9166,0.7327,0.9074,0.901,0.7354,0.8133,1.3117,PepSet_dimer_output_esmfold2_fast_loop10_samplingsteps68,5lyn,0.908,0.821,1.312,0.42
5lyn,43,4,0.9171,0.7258,0.9075,0.9019,0.7288,0.8431,1.2784,PepSet_dimer_output_esmfold2_fast_loop10_samplingsteps68,5lyn,0.921,0.857,1.278,0.419
5lyn,44,0,0.9178,0.7256,0.9081,0.9025,0.7233,0.9689,1.4,PepSet_dimer_output_esmfold2_fast_loop10_samplingsteps68,5lyn,0.942,0.929,1.4,0.434
5lyn,44,1,0.9189,0.7331,0.9097,0.9041,0.7364,0.3803,1.2144,PepSet_dimer_output_esmfold2_fast_loop10_samplingsteps68,5lyn,0.923,0.857,1.214,0.404
5lyn,44,2,0.9178,0.7313,0.9085,0.9025,0.7359,0.4417,1.2344,PepSet_dimer_output_esmfold2_fast_loop10_samplingsteps68,5lyn,0.921,0.857,1.234,0.422
5lyn,44,3,0.9199,0.7231,0.91,0.9057,0.7275,0.8625,1.1579,PepSet_dimer_output_esmfold2_fast_loop10_samplingsteps68,5lyn,0.91,0.821,1.158,0.417
5lyn,44,4,0.9189,0.7355,0.9098,0.9053,0.7431,0.7724,1.2223,PepSet_dimer_output_esmfold2_fast_loop10_samplingsteps68,5lyn,0.922,0.857,1.222,0.413
5m5r,42,0,0.9424,0.4559,0.9318,0.9579,0.3322,0.5418,49.2827,PepSet_dimer_output_esmfold2_fast_loop10_samplingsteps68,5m5r,0.012,0.0,49.283,16.844
5m5r,42,1,0.9435,0.6009,0.936,0.9605,0.5459,0.5444,2.3984,PepSet_dimer_output_esmfold2_fast_loop10_samplingsteps68,5m5r,0.836,0.865,2.398,0.94
5m5r,42,2,0.9429,0.628,0.936,0.9614,0.5848,0.4682,2.4347,PepSet_dimer_output_esmfold2_fast_loop10_samplingsteps68,5m5r,0.827,0.838,2.435,0.94
5m5r,42,3,0.9423,0.4406,0.9314,0.9582,0.3423,0.5511,49.5935,PepSet_dimer_output_esmfold2_fast_loop10_samplingsteps68,5m5r,0.012,0.0,49.594,16.961
5m5r,42,4,0.9434,0.5726,0.9353,0.9601,0.5018,0.5548,2.3324,PepSet_dimer_output_esmfold2_fast_loop10_samplingsteps68,5m5r,0.831,0.838,2.332,0.924
5m5r,43,0,0.9424,0.4549,0.9318,0.958,0.3363,0.5299,49.341,PepSet_dimer_output_esmfold2_fast_loop10_samplingsteps68,5m5r,0.012,0.0,49.341,16.876
5m5r,43,1,0.9402,0.4321,0.9292,0.9569,0.3248,0.5474,49.2147,PepSet_dimer_output_esmfold2_fast_loop10_samplingsteps68,5m5r,0.012,0.0,49.215,16.858
5m5r,43,2,0.9435,0.579,0.9356,0.9602,0.5062,0.5524,2.5819,PepSet_dimer_output_esmfold2_fast_loop10_samplingsteps68,5m5r,0.823,0.865,2.582,1.007
5m5r,43,3,0.9419,0.4575,0.9313,0.9578,0.3389,0.5085,49.2273,PepSet_dimer_output_esmfold2_fast_loop10_samplingsteps68,5m5r,0.012,0.0,49.227,16.851
5m5r,43,4,0.9429,0.5734,0.9349,0.9598,0.5035,0.6074,2.586,PepSet_dimer_output_esmfold2_fast_loop10_samplingsteps68,5m5r,0.822,0.865,2.586,1.019
5m5r,44,0,0.9438,0.6019,0.9363,0.9607,0.5414,0.5292,2.2408,PepSet_dimer_output_esmfold2_fast_loop10_samplingsteps68,5m5r,0.853,0.892,2.241,0.909
5m5r,44,1,0.9434,0.5701,0.9352,0.9599,0.5145,0.5527,2.5417,PepSet_dimer_output_esmfold2_fast_loop10_samplingsteps68,5m5r,0.833,0.892,2.542,1.009
5m5r,44,2,0.9421,0.591,0.9344,0.9593,0.5273,0.6152,2.4474,PepSet_dimer_output_esmfold2_fast_loop10_samplingsteps68,5m5r,0.86,0.946,2.447,0.96
5m5r,44,3,0.9439,0.5802,0.936,0.9602,0.5097,0.5401,2.1838,PepSet_dimer_output_esmfold2_fast_loop10_samplingsteps68,5m5r,0.86,0.892,2.184,0.868
5m5r,44,4,0.9401,0.446,0.9294,0.9572,0.3378,0.6409,49.4011,PepSet_dimer_output_esmfold2_fast_loop10_samplingsteps68,5m5r,0.012,0.0,49.401,16.923
5n22,42,0,0.7996,0.3148,0.7749,0.8081,0.2364,3.17,16.5628,PepSet_dimer_output_esmfold2_fast_loop10_samplingsteps68,5n22,0.095,0.022,16.563,6.214
5n22,42,1,0.7966,0.3112,0.7719,0.8148,0.2409,3.1683,16.0776,PepSet_dimer_output_esmfold2_fast_loop10_samplingsteps68,5n22,0.098,0.022,16.078,6.339
5n22,42,2,0.7886,0.3066,0.7641,0.7959,0.2214,3.7886,16.1479,PepSet_dimer_output_esmfold2_fast_loop10_samplingsteps68,5n22,0.109,0.065,16.148,6.82
5n22,42,3,0.8058,0.3363,0.7819,0.8118,0.2684,3.4231,15.0995,PepSet_dimer_output_esmfold2_fast_loop10_samplingsteps68,5n22,0.149,0.152,15.099,6.189
5n22,42,4,0.7889,0.3039,0.7642,0.8027,0.2265,3.4582,30.06,PepSet_dimer_output_esmfold2_fast_loop10_samplingsteps68,5n22,0.031,0.0,30.06,10.543
5n22,43,0,0.8024,0.3165,0.7777,0.8146,0.2377,2.6031,14.8021,PepSet_dimer_output_esmfold2_fast_loop10_samplingsteps68,5n22,0.128,0.065,14.802,5.487
5n22,43,1,0.7854,0.3288,0.7622,0.7949,0.2589,2.7433,15.0492,PepSet_dimer_output_esmfold2_fast_loop10_samplingsteps68,5n22,0.158,0.174,15.049,5.998
5n22,43,2,0.7865,0.2996,0.7617,0.802,0.2376,3.2793,27.9787,PepSet_dimer_output_esmfold2_fast_loop10_samplingsteps68,5n22,0.035,0.0,27.979,10.101
5n22,43,3,0.7915,0.3036,0.7667,0.8026,0.2052,3.7649,21.7219,PepSet_dimer_output_esmfold2_fast_loop10_samplingsteps68,5n22,0.098,0.13,21.722,8.323
5n22,43,4,0.7928,0.3447,0.77,0.8014,0.2938,2.8374,14.496,PepSet_dimer_output_esmfold2_fast_loop10_samplingsteps68,5n22,0.113,0.022,14.496,5.821
5n22,44,0,0.7889,0.3,0.7641,0.7934,0.2206,2.5492,14.8435,PepSet_dimer_output_esmfold2_fast_loop10_samplingsteps68,5n22,0.115,0.022,14.844,5.216
5n22,44,1,0.7956,0.3164,0.7712,0.8073,0.2387,3.4764,14.9955,PepSet_dimer_output_esmfold2_fast_loop10_samplingsteps68,5n22,0.107,0.022,14.996,6.212
5n22,44,2,0.8015,0.3018,0.7761,0.808,0.2141,3.0224,14.2359,PepSet_dimer_output_esmfold2_fast_loop10_samplingsteps68,5n22,0.132,0.065,14.236,5.566
5n22,44,3,0.8017,0.3475,0.7786,0.8108,0.2853,3.1094,14.1776,PepSet_dimer_output_esmfold2_fast_loop10_samplingsteps68,5n22,0.117,0.022,14.178,5.736
5n22,44,4,0.805,0.3159,0.7802,0.8138,0.2509,3.2091,17.7856,PepSet_dimer_output_esmfold2_fast_loop10_samplingsteps68,5n22,0.085,0.022,17.786,6.811
5n85,42,0,0.8656,0.5964,0.8413,0.864,0.5778,0.4363,2.9193,PepSet_dimer_output_esmfold2_fast_loop10_samplingsteps68,5n85,0.74,0.763,2.919,1.323
5n85,42,1,0.8803,0.634,0.8581,0.8794,0.6235,0.4509,3.2157,PepSet_dimer_output_esmfold2_fast_loop10_samplingsteps68,5n85,0.719,0.763,3.216,1.443
5n85,42,2,0.878,0.628,0.8554,0.8768,0.6152,0.4364,2.9687,PepSet_dimer_output_esmfold2_fast_loop10_samplingsteps68,5n85,0.711,0.684,2.969,1.334
5n85,42,3,0.8667,0.5884,0.8416,0.8642,0.5666,0.5329,3.0364,PepSet_dimer_output_esmfold2_fast_loop10_samplingsteps68,5n85,0.709,0.711,3.036,1.41
5n85,42,4,0.8779,0.6331,0.8558,0.8779,0.6244,0.4906,2.9053,PepSet_dimer_output_esmfold2_fast_loop10_samplingsteps68,5n85,0.732,0.737,2.905,1.321
5n85,43,0,0.8788,0.6325,0.8566,0.8775,0.6195,0.3962,2.9582,PepSet_dimer_output_esmfold2_fast_loop10_samplingsteps68,5n85,0.739,0.763,2.958,1.322
5n85,43,1,0.8816,0.6438,0.8602,0.8814,0.6301,0.4394,2.7393,PepSet_dimer_output_esmfold2_fast_loop10_samplingsteps68,5n85,0.734,0.711,2.739,1.266
5n85,43,2,0.8724,0.541,0.8425,0.867,0.5185,0.544,4.4963,PepSet_dimer_output_esmfold2_fast_loop10_samplingsteps68,5n85,0.604,0.658,4.496,1.943
5n85,43,3,0.8705,0.5886,0.8451,0.8686,0.5641,0.4342,2.6574,PepSet_dimer_output_esmfold2_fast_loop10_samplingsteps68,5n85,0.746,0.737,2.657,1.249
5n85,43,4,0.8811,0.6441,0.8597,0.8812,0.6322,0.3504,2.975,PepSet_dimer_output_esmfold2_fast_loop10_samplingsteps68,5n85,0.748,0.789,2.975,1.319
5n85,44,0,0.8844,0.6394,0.8623,0.8849,0.6321,0.4056,2.9539,PepSet_dimer_output_esmfold2_fast_loop10_samplingsteps68,5n85,0.728,0.737,2.954,1.345
5n85,44,1,0.8658,0.5827,0.8402,0.8627,0.5565,0.5931,2.5313,PepSet_dimer_output_esmfold2_fast_loop10_samplingsteps68,5n85,0.739,0.711,2.531,1.254
5n85,44,2,0.877,0.595,0.8516,0.8727,0.5795,0.5405,2.8948,PepSet_dimer_output_esmfold2_fast_loop10_samplingsteps68,5n85,0.737,0.763,2.895,1.353
5n85,44,3,0.8676,0.5919,0.8427,0.8648,0.5742,0.5234,2.9116,PepSet_dimer_output_esmfold2_fast_loop10_samplingsteps68,5n85,0.75,0.816,2.912,1.386
5n85,44,4,0.8759,0.5975,0.8508,0.8719,0.5758,0.3556,2.1846,PepSet_dimer_output_esmfold2_fast_loop10_samplingsteps68,5n85,0.831,0.868,2.185,1.015
5njc,42,0,0.9281,0.5614,0.9236,0.9498,0.7066,0.7897,0.8643,PepSet_dimer_output_esmfold2_fast_loop10_samplingsteps68,5njc,0.927,0.923,0.864,0.582
5njc,42,1,0.9271,0.5661,0.9227,0.9484,0.7126,0.6903,0.6942,PepSet_dimer_output_esmfold2_fast_loop10_samplingsteps68,5njc,0.935,0.923,0.694,0.529
5njc,42,2,0.9276,0.5777,0.9232,0.9495,0.7189,0.7686,0.8172,PepSet_dimer_output_esmfold2_fast_loop10_samplingsteps68,5njc,0.931,0.923,0.817,0.557
5njc,42,3,0.9275,0.5812,0.9232,0.9495,0.7233,0.8235,0.8902,PepSet_dimer_output_esmfold2_fast_loop10_samplingsteps68,5njc,0.927,0.923,0.89,0.584
5njc,42,4,0.9279,0.5766,0.9235,0.9496,0.7229,0.7781,0.8097,PepSet_dimer_output_esmfold2_fast_loop10_samplingsteps68,5njc,0.932,0.923,0.81,0.551
5njc,43,0,0.926,0.5818,0.9217,0.9479,0.7264,0.7772,0.831,PepSet_dimer_output_esmfold2_fast_loop10_samplingsteps68,5njc,0.925,0.923,0.831,0.602
5njc,43,1,0.9272,0.5747,0.9228,0.9492,0.7167,0.8212,0.7938,PepSet_dimer_output_esmfold2_fast_loop10_samplingsteps68,5njc,0.928,0.923,0.794,0.581
5njc,43,2,0.9281,0.5859,0.9238,0.95,0.7265,0.7343,0.8156,PepSet_dimer_output_esmfold2_fast_loop10_samplingsteps68,5njc,0.931,0.923,0.816,0.558
5njc,43,3,0.9281,0.5832,0.9239,0.9496,0.7236,0.7634,0.8417,PepSet_dimer_output_esmfold2_fast_loop10_samplingsteps68,5njc,0.938,0.949,0.842,0.564
5njc,43,4,0.9282,0.5867,0.9239,0.9503,0.7263,0.7899,0.9827,PepSet_dimer_output_esmfold2_fast_loop10_samplingsteps68,5njc,0.921,0.897,0.983,0.558
5njc,44,0,0.9259,0.3417,0.9186,0.9465,0.5111,0.8095,11.4659,PepSet_dimer_output_esmfold2_fast_loop10_samplingsteps68,5njc,0.308,0.385,11.466,3.152
5njc,44,1,0.929,0.5734,0.9246,0.9505,0.715,0.8445,0.9077,PepSet_dimer_output_esmfold2_fast_loop10_samplingsteps68,5njc,0.921,0.897,0.908,0.564
5njc,44,2,0.9281,0.5628,0.9236,0.9498,0.7057,0.7819,0.8853,PepSet_dimer_output_esmfold2_fast_loop10_samplingsteps68,5njc,0.93,0.923,0.885,0.559
5njc,44,3,0.9286,0.5783,0.9242,0.95,0.7205,0.7468,0.8261,PepSet_dimer_output_esmfold2_fast_loop10_samplingsteps68,5njc,0.93,0.923,0.826,0.562
5njc,44,4,0.9275,0.587,0.9233,0.949,0.7257,0.7464,0.917,PepSet_dimer_output_esmfold2_fast_loop10_samplingsteps68,5njc,0.931,0.923,0.917,0.547
5nqv,42,0,0.9365,0.8394,0.9313,0.9436,0.9162,1.6366,2.4646,PepSet_dimer_output_esmfold2_fast_loop10_samplingsteps68,5nqv,0.849,0.881,2.465,0.879
5nqv,42,1,0.9362,0.8443,0.9314,0.9457,0.9206,1.3083,2.4559,PepSet_dimer_output_esmfold2_fast_loop10_samplingsteps68,5nqv,0.852,0.881,2.456,0.863
5nqv,42,2,0.937,0.8447,0.9321,0.946,0.9188,1.4546,2.3589,PepSet_dimer_output_esmfold2_fast_loop10_samplingsteps68,5nqv,0.856,0.881,2.359,0.846
5nqv,42,3,0.9345,0.8392,0.9295,0.9438,0.9135,1.2547,2.4005,PepSet_dimer_output_esmfold2_fast_loop10_samplingsteps68,5nqv,0.855,0.881,2.401,0.846
5nqv,42,4,0.9321,0.8403,0.9273,0.9409,0.9143,1.0157,2.3096,PepSet_dimer_output_esmfold2_fast_loop10_samplingsteps68,5nqv,0.86,0.881,2.31,0.822
5nqv,43,0,0.9364,0.8405,0.9314,0.9449,0.9151,1.5663,2.2975,PepSet_dimer_output_esmfold2_fast_loop10_samplingsteps68,5nqv,0.865,0.881,2.297,0.795
5nqv,43,1,0.9365,0.8407,0.9315,0.9459,0.9157,1.4758,2.3519,PepSet_dimer_output_esmfold2_fast_loop10_samplingsteps68,5nqv,0.858,0.881,2.352,0.833
5nqv,43,2,0.9345,0.8421,0.9296,0.9438,0.9166,1.4579,2.3039,PepSet_dimer_output_esmfold2_fast_loop10_samplingsteps68,5nqv,0.86,0.881,2.304,0.826
5nqv,43,3,0.9348,0.8266,0.9291,0.9441,0.9058,1.4655,2.5464,PepSet_dimer_output_esmfold2_fast_loop10_samplingsteps68,5nqv,0.847,0.881,2.546,0.883
5nqv,43,4,0.9343,0.8438,0.9296,0.9426,0.9172,0.8761,2.3077,PepSet_dimer_output_esmfold2_fast_loop10_samplingsteps68,5nqv,0.858,0.881,2.308,0.836
5nqv,44,0,0.9368,0.8435,0.9319,0.9458,0.9199,1.6535,2.4699,PepSet_dimer_output_esmfold2_fast_loop10_samplingsteps68,5nqv,0.851,0.881,2.47,0.869
5nqv,44,1,0.9349,0.8404,0.93,0.9443,0.9157,1.2354,2.3256,PepSet_dimer_output_esmfold2_fast_loop10_samplingsteps68,5nqv,0.859,0.881,2.326,0.827
5nqv,44,2,0.9339,0.84,0.929,0.9444,0.9144,1.2052,2.3878,PepSet_dimer_output_esmfold2_fast_loop10_samplingsteps68,5nqv,0.863,0.905,2.388,0.848
5nqv,44,3,0.9353,0.8437,0.9304,0.9438,0.9174,1.2185,2.3848,PepSet_dimer_output_esmfold2_fast_loop10_samplingsteps68,5nqv,0.862,0.905,2.385,0.857
5nqv,44,4,0.9366,0.8314,0.9311,0.9457,0.9104,1.5607,2.4705,PepSet_dimer_output_esmfold2_fast_loop10_samplingsteps68,5nqv,0.836,0.833,2.471,0.863
5o9u,42,0,0.9627,0.8448,0.9604,0.9801,0.9197,0.4173,0.3477,PepSet_dimer_output_esmfold2_fast_loop10_samplingsteps68,5o9u,0.983,0.986,0.348,0.294
5o9u,42,1,0.9626,0.8417,0.9602,0.9801,0.9181,0.4455,0.5189,PepSet_dimer_output_esmfold2_fast_loop10_samplingsteps68,5o9u,0.972,0.973,0.519,0.356
5o9u,42,2,0.9627,0.849,0.9605,0.9803,0.9238,0.4218,0.2866,PepSet_dimer_output_esmfold2_fast_loop10_samplingsteps68,5o9u,0.987,1.0,0.287,0.294
5o9u,42,3,0.9628,0.8376,0.9603,0.9801,0.9132,0.4165,0.4695,PepSet_dimer_output_esmfold2_fast_loop10_samplingsteps68,5o9u,0.981,0.986,0.469,0.313
5o9u,42,4,0.9627,0.8371,0.9602,0.98,0.9138,0.4188,0.3318,PepSet_dimer_output_esmfold2_fast_loop10_samplingsteps68,5o9u,0.985,1.0,0.332,0.319
5o9u,43,0,0.9629,0.8395,0.9604,0.9801,0.9141,0.4025,0.43,PepSet_dimer_output_esmfold2_fast_loop10_samplingsteps68,5o9u,0.979,0.986,0.43,0.332
5o9u,43,1,0.9626,0.8313,0.96,0.98,0.9083,0.443,0.4821,PepSet_dimer_output_esmfold2_fast_loop10_samplingsteps68,5o9u,0.973,0.973,0.482,0.341
5o9u,43,2,0.9624,0.8369,0.9599,0.9799,0.914,0.4498,0.3324,PepSet_dimer_output_esmfold2_fast_loop10_samplingsteps68,5o9u,0.98,0.986,0.332,0.322
5o9u,43,3,0.9625,0.8357,0.9599,0.98,0.9122,0.4032,0.3361,PepSet_dimer_output_esmfold2_fast_loop10_samplingsteps68,5o9u,0.982,0.986,0.336,0.303
5o9u,43,4,0.9624,0.8349,0.9598,0.9799,0.9115,0.4412,0.4484,PepSet_dimer_output_esmfold2_fast_loop10_samplingsteps68,5o9u,0.973,0.973,0.448,0.352
5o9u,44,0,0.9629,0.8454,0.9606,0.9803,0.9207,0.4107,0.4877,PepSet_dimer_output_esmfold2_fast_loop10_samplingsteps68,5o9u,0.985,1.0,0.488,0.317
5o9u,44,1,0.9627,0.8417,0.9602,0.98,0.9162,0.4221,0.3135,PepSet_dimer_output_esmfold2_fast_loop10_samplingsteps68,5o9u,0.985,1.0,0.314,0.319
5o9u,44,2,0.9626,0.8396,0.9602,0.98,0.9151,0.4315,0.468,PepSet_dimer_output_esmfold2_fast_loop10_samplingsteps68,5o9u,0.974,0.973,0.468,0.34
5o9u,44,3,0.9623,0.84,0.9598,0.9798,0.9166,0.3992,0.2966,PepSet_dimer_output_esmfold2_fast_loop10_samplingsteps68,5o9u,0.981,0.986,0.297,0.319
5o9u,44,4,0.9623,0.8313,0.9597,0.9798,0.9082,0.4387,0.3829,PepSet_dimer_output_esmfold2_fast_loop10_samplingsteps68,5o9u,0.985,1.0,0.383,0.321
5oj5,42,0,0.9073,0.2152,0.8941,0.9312,0.1801,1.425,31.2679,PepSet_dimer_output_esmfold2_fast_loop10_samplingsteps68,5oj5,0.03,0.0,31.268,10.138
5oj5,42,1,0.9122,0.1888,0.8985,0.9345,0.1446,1.8094,39.9525,PepSet_dimer_output_esmfold2_fast_loop10_samplingsteps68,5oj5,0.018,0.0,39.952,13.72
5oj5,42,2,0.9082,0.2354,0.8954,0.932,0.22,1.2508,29.4651,PepSet_dimer_output_esmfold2_fast_loop10_samplingsteps68,5oj5,0.033,0.0,29.465,9.845
5oj5,42,3,0.913,0.2328,0.9001,0.9346,0.1963,1.0475,31.7453,PepSet_dimer_output_esmfold2_fast_loop10_samplingsteps68,5oj5,0.028,0.0,31.745,10.966
5oj5,42,4,0.9099,0.2452,0.8973,0.9345,0.2607,1.1372,1.9918,PepSet_dimer_output_esmfold2_fast_loop10_samplingsteps68,5oj5,0.856,0.857,1.992,0.835
5oj5,43,0,0.9084,0.2277,0.8955,0.9325,0.2098,1.6277,27.5225,PepSet_dimer_output_esmfold2_fast_loop10_samplingsteps68,5oj5,0.038,0.0,27.522,8.849
5oj5,43,1,0.9115,0.3091,0.9001,0.9353,0.3119,1.2876,4.4252,PepSet_dimer_output_esmfold2_fast_loop10_samplingsteps68,5oj5,0.632,0.667,4.425,1.688
5oj5,43,2,0.9113,0.2352,0.8984,0.9341,0.1971,1.7309,10.9973,PepSet_dimer_output_esmfold2_fast_loop10_samplingsteps68,5oj5,0.273,0.333,10.997,4.214
5oj5,43,3,0.9115,0.275,0.8994,0.9353,0.3054,1.5528,2.4848,PepSet_dimer_output_esmfold2_fast_loop10_samplingsteps68,5oj5,0.818,0.81,2.485,0.927
5oj5,43,4,0.9038,0.1974,0.8904,0.9311,0.1447,1.5701,35.7055,PepSet_dimer_output_esmfold2_fast_loop10_samplingsteps68,5oj5,0.023,0.0,35.706,12.033
5oj5,44,0,0.9096,0.2466,0.897,0.9337,0.2637,1.6459,2.6568,PepSet_dimer_output_esmfold2_fast_loop10_samplingsteps68,5oj5,0.841,0.905,2.657,0.962
5oj5,44,1,0.9071,0.2387,0.8944,0.9308,0.2137,0.9953,28.7067,PepSet_dimer_output_esmfold2_fast_loop10_samplingsteps68,5oj5,0.035,0.0,28.707,9.645
5oj5,44,2,0.9087,0.2376,0.896,0.9318,0.215,1.0453,28.1773,PepSet_dimer_output_esmfold2_fast_loop10_samplingsteps68,5oj5,0.036,0.0,28.177,9.333
5oj5,44,3,0.9094,0.228,0.8965,0.9322,0.2012,1.0515,29.3142,PepSet_dimer_output_esmfold2_fast_loop10_samplingsteps68,5oj5,0.034,0.0,29.314,9.773
5oj5,44,4,0.9092,0.2208,0.8961,0.9343,0.1997,1.598,3.9938,PepSet_dimer_output_esmfold2_fast_loop10_samplingsteps68,5oj5,0.602,0.524,3.994,1.62
5onp,42,0,0.9699,0.6126,0.9644,0.9763,0.7431,0.1759,2.5605,PepSet_dimer_output_esmfold2_fast_loop10_samplingsteps68,5onp,0.874,0.868,2.56,0.665
5onp,42,1,0.9675,0.5822,0.9615,0.9736,0.7188,0.1886,2.5158,PepSet_dimer_output_esmfold2_fast_loop10_samplingsteps68,5onp,0.876,0.868,2.516,0.656
5onp,42,2,0.969,0.6083,0.9634,0.9755,0.7349,0.188,2.6417,PepSet_dimer_output_esmfold2_fast_loop10_samplingsteps68,5onp,0.869,0.868,2.642,0.685
5onp,42,3,0.9683,0.6033,0.9626,0.9747,0.7395,0.1905,2.5406,PepSet_dimer_output_esmfold2_fast_loop10_samplingsteps68,5onp,0.875,0.868,2.541,0.657
5onp,42,4,0.9694,0.5834,0.9634,0.9756,0.7145,0.1712,2.5733,PepSet_dimer_output_esmfold2_fast_loop10_samplingsteps68,5onp,0.873,0.868,2.573,0.666
5onp,43,0,0.9687,0.6113,0.9632,0.9751,0.742,0.2339,2.5441,PepSet_dimer_output_esmfold2_fast_loop10_samplingsteps68,5onp,0.873,0.868,2.544,0.67
5onp,43,1,0.9689,0.6041,0.9633,0.9753,0.7297,0.1718,2.5924,PepSet_dimer_output_esmfold2_fast_loop10_samplingsteps68,5onp,0.881,0.895,2.592,0.671
5onp,43,2,0.9684,0.6229,0.9631,0.9748,0.7539,0.2,2.5222,PepSet_dimer_output_esmfold2_fast_loop10_samplingsteps68,5onp,0.884,0.895,2.522,0.659
5onp,43,3,0.9689,0.5993,0.9631,0.9751,0.729,0.1875,2.5185,PepSet_dimer_output_esmfold2_fast_loop10_samplingsteps68,5onp,0.876,0.868,2.518,0.652
5onp,43,4,0.9684,0.592,0.9626,0.9748,0.7295,0.1842,2.4998,PepSet_dimer_output_esmfold2_fast_loop10_samplingsteps68,5onp,0.886,0.895,2.5,0.649
5onp,44,0,0.969,0.5465,0.9624,0.9752,0.6838,0.1894,2.5494,PepSet_dimer_output_esmfold2_fast_loop10_samplingsteps68,5onp,0.874,0.868,2.549,0.663
5onp,44,1,0.9691,0.6039,0.9634,0.9754,0.7335,0.2598,2.5847,PepSet_dimer_output_esmfold2_fast_loop10_samplingsteps68,5onp,0.87,0.868,2.585,0.688
5onp,44,2,0.9687,0.5923,0.9629,0.9752,0.7221,0.1729,2.5483,PepSet_dimer_output_esmfold2_fast_loop10_samplingsteps68,5onp,0.883,0.895,2.548,0.659
5onp,44,3,0.9695,0.6143,0.964,0.9758,0.7402,0.2194,2.513,PepSet_dimer_output_esmfold2_fast_loop10_samplingsteps68,5onp,0.875,0.868,2.513,0.658
5onp,44,4,0.9686,0.5661,0.9623,0.9749,0.6984,0.1829,2.5558,PepSet_dimer_output_esmfold2_fast_loop10_samplingsteps68,5onp,0.883,0.895,2.556,0.665
5t0k,42,0,0.9276,0.8643,0.9256,0.954,0.9326,0.7781,1.4499,PepSet_dimer_output_esmfold2_fast_loop10_samplingsteps68,5t0k,0.866,0.911,1.45,0.948
5t0k,42,1,0.9307,0.8623,0.9285,0.9555,0.9309,0.7504,1.2029,PepSet_dimer_output_esmfold2_fast_loop10_samplingsteps68,5t0k,0.865,0.893,1.203,0.93
5t0k,42,2,0.9325,0.865,0.9302,0.9571,0.9326,0.7941,1.2091,PepSet_dimer_output_esmfold2_fast_loop10_samplingsteps68,5t0k,0.869,0.893,1.209,0.904
5t0k,42,3,0.9301,0.867,0.928,0.9554,0.935,0.7551,1.3074,PepSet_dimer_output_esmfold2_fast_loop10_samplingsteps68,5t0k,0.878,0.929,1.307,0.915
5t0k,42,4,0.9263,0.8636,0.9242,0.9531,0.9314,0.7578,1.1773,PepSet_dimer_output_esmfold2_fast_loop10_samplingsteps68,5t0k,0.87,0.893,1.177,0.9
5t0k,43,0,0.9269,0.8667,0.9249,0.9533,0.9338,0.7444,1.3707,PepSet_dimer_output_esmfold2_fast_loop10_samplingsteps68,5t0k,0.876,0.929,1.371,0.924
5t0k,43,1,0.9277,0.8592,0.9254,0.9533,0.9272,0.7192,1.2283,PepSet_dimer_output_esmfold2_fast_loop10_samplingsteps68,5t0k,0.876,0.911,1.228,0.895
5t0k,43,2,0.93,0.865,0.9278,0.9549,0.9324,0.7658,1.215,PepSet_dimer_output_esmfold2_fast_loop10_samplingsteps68,5t0k,0.876,0.911,1.215,0.892
5t0k,43,3,0.9293,0.8655,0.9272,0.955,0.9331,0.775,1.1813,PepSet_dimer_output_esmfold2_fast_loop10_samplingsteps68,5t0k,0.87,0.893,1.181,0.895
5t0k,43,4,0.9324,0.8641,0.9302,0.957,0.9304,0.7924,1.3248,PepSet_dimer_output_esmfold2_fast_loop10_samplingsteps68,5t0k,0.873,0.911,1.325,0.906
5t0k,44,0,0.9282,0.8583,0.9259,0.954,0.9269,0.7715,1.1608,PepSet_dimer_output_esmfold2_fast_loop10_samplingsteps68,5t0k,0.881,0.929,1.161,0.903
5t0k,44,1,0.9304,0.8647,0.9282,0.9557,0.933,0.7348,1.3892,PepSet_dimer_output_esmfold2_fast_loop10_samplingsteps68,5t0k,0.866,0.893,1.389,0.912
5t0k,44,2,0.9297,0.8659,0.9275,0.9551,0.9338,0.7449,1.2129,PepSet_dimer_output_esmfold2_fast_loop10_samplingsteps68,5t0k,0.868,0.893,1.213,0.913
5t0k,44,3,0.924,0.8639,0.922,0.9523,0.9318,0.8358,1.1624,PepSet_dimer_output_esmfold2_fast_loop10_samplingsteps68,5t0k,0.877,0.911,1.162,0.89
5t0k,44,4,0.928,0.8623,0.9258,0.9542,0.932,0.824,1.595,PepSet_dimer_output_esmfold2_fast_loop10_samplingsteps68,5t0k,0.865,0.911,1.595,0.94
5tgi,42,0,0.8764,0.6289,0.8455,0.8291,0.6295,1.115,3.028,PepSet_dimer_output_esmfold2_fast_loop10_samplingsteps68,5tgi,0.789,0.902,3.028,1.28
5tgi,42,1,0.8373,0.4301,0.7864,0.7952,0.3372,1.9373,17.9848,PepSet_dimer_output_esmfold2_fast_loop10_samplingsteps68,5tgi,0.106,0.098,17.985,7.53
5tgi,42,2,0.8483,0.4129,0.7939,0.7965,0.2876,2.2601,18.7034,PepSet_dimer_output_esmfold2_fast_loop10_samplingsteps68,5tgi,0.094,0.073,18.703,7.727
5tgi,42,3,0.8482,0.4768,0.8018,0.807,0.3942,1.8643,17.5802,PepSet_dimer_output_esmfold2_fast_loop10_samplingsteps68,5tgi,0.101,0.073,17.58,7.456
5tgi,42,4,0.8454,0.4026,0.7901,0.7957,0.2831,1.747,20.2901,PepSet_dimer_output_esmfold2_fast_loop10_samplingsteps68,5tgi,0.06,0.0,20.29,8.293
5tgi,43,0,0.8363,0.4233,0.7847,0.7942,0.3284,1.8107,20.9429,PepSet_dimer_output_esmfold2_fast_loop10_samplingsteps68,5tgi,0.074,0.049,20.943,8.404
5tgi,43,1,0.8263,0.4388,0.7778,0.7587,0.3734,2.2014,20.3131,PepSet_dimer_output_esmfold2_fast_loop10_samplingsteps68,5tgi,0.093,0.098,20.313,8.228
5tgi,43,2,0.8647,0.505,0.8198,0.8223,0.4551,2.2719,4.5867,PepSet_dimer_output_esmfold2_fast_loop10_samplingsteps68,5tgi,0.593,0.756,4.587,2.601
5tgi,43,3,0.8387,0.4183,0.7861,0.788,0.3096,1.6955,21.4442,PepSet_dimer_output_esmfold2_fast_loop10_samplingsteps68,5tgi,0.063,0.024,21.444,8.516
5tgi,43,4,0.8415,0.4589,0.7936,0.802,0.3704,1.8488,19.913,PepSet_dimer_output_esmfold2_fast_loop10_samplingsteps68,5tgi,0.087,0.073,19.913,8.138
5tgi,44,0,0.8411,0.3685,0.782,0.7883,0.2436,2.1941,6.1287,PepSet_dimer_output_esmfold2_fast_loop10_samplingsteps68,5tgi,0.419,0.415,6.129,3.139
5tgi,44,1,0.8623,0.4987,0.8168,0.8214,0.4223,1.8497,4.432,PepSet_dimer_output_esmfold2_fast_loop10_samplingsteps68,5tgi,0.591,0.683,4.432,2.267
5tgi,44,2,0.8378,0.4265,0.7864,0.7917,0.3241,1.7924,17.653,PepSet_dimer_output_esmfold2_fast_loop10_samplingsteps68,5tgi,0.101,0.073,17.653,7.319
5tgi,44,3,0.8305,0.4288,0.7803,0.7677,0.3192,1.4508,20.2539,PepSet_dimer_output_esmfold2_fast_loop10_samplingsteps68,5tgi,0.069,0.024,20.254,8.1
5tgi,44,4,0.841,0.4329,0.79,0.766,0.3349,1.1126,20.4861,PepSet_dimer_output_esmfold2_fast_loop10_samplingsteps68,5tgi,0.06,0.0,20.486,8.153
5v2p,42,0,0.9177,0.8799,0.9154,0.9359,0.939,2.385,1.1186,PepSet_dimer_output_esmfold2_fast_loop10_samplingsteps68,5v2p,0.964,0.938,1.119,0.259
5v2p,42,1,0.9192,0.8796,0.9167,0.9383,0.939,2.279,1.0838,PepSet_dimer_output_esmfold2_fast_loop10_samplingsteps68,5v2p,0.961,0.938,1.084,0.295
5v2p,42,2,0.9193,0.8761,0.9166,0.9378,0.9356,2.3588,1.0207,PepSet_dimer_output_esmfold2_fast_loop10_samplingsteps68,5v2p,0.971,0.958,1.021,0.275
5v2p,42,3,0.9191,0.8747,0.9163,0.9372,0.935,2.0719,0.9378,PepSet_dimer_output_esmfold2_fast_loop10_samplingsteps68,5v2p,0.968,0.958,0.938,0.31
5v2p,42,4,0.9187,0.8757,0.9161,0.9384,0.9381,2.1778,1.0159,PepSet_dimer_output_esmfold2_fast_loop10_samplingsteps68,5v2p,0.953,0.938,1.016,0.391
5v2p,43,0,0.9139,0.882,0.9119,0.936,0.9419,2.4605,0.9076,PepSet_dimer_output_esmfold2_fast_loop10_samplingsteps68,5v2p,0.969,0.958,0.908,0.306
5v2p,43,1,0.915,0.8741,0.9124,0.9354,0.9356,2.1794,1.4176,PepSet_dimer_output_esmfold2_fast_loop10_samplingsteps68,5v2p,0.948,0.917,1.418,0.333
5v2p,43,2,0.9184,0.8786,0.9159,0.9386,0.9382,2.1574,0.9007,PepSet_dimer_output_esmfold2_fast_loop10_samplingsteps68,5v2p,0.958,0.917,0.901,0.267
5v2p,43,3,0.9192,0.8782,0.9166,0.9372,0.9378,2.1044,0.7519,PepSet_dimer_output_esmfold2_fast_loop10_samplingsteps68,5v2p,0.971,0.958,0.752,0.292
5v2p,43,4,0.9202,0.8782,0.9176,0.9371,0.9366,2.2353,1.0794,PepSet_dimer_output_esmfold2_fast_loop10_samplingsteps68,5v2p,0.957,0.917,1.079,0.257
5v2p,44,0,0.9182,0.88,0.9158,0.9371,0.9396,2.3752,1.1791,PepSet_dimer_output_esmfold2_fast_loop10_samplingsteps68,5v2p,0.97,0.958,1.179,0.263
5v2p,44,1,0.9131,0.8772,0.9109,0.9356,0.9371,1.9773,0.9134,PepSet_dimer_output_esmfold2_fast_loop10_samplingsteps68,5v2p,0.964,0.938,0.913,0.281
5v2p,44,2,0.9173,0.8809,0.915,0.9378,0.9404,2.1764,0.9107,PepSet_dimer_output_esmfold2_fast_loop10_samplingsteps68,5v2p,0.972,0.958,0.911,0.265
5v2p,44,3,0.9186,0.8676,0.9155,0.9358,0.9315,2.2019,0.9524,PepSet_dimer_output_esmfold2_fast_loop10_samplingsteps68,5v2p,0.956,0.917,0.952,0.296
5v2p,44,4,0.9185,0.8776,0.916,0.9374,0.9367,2.2163,0.7903,PepSet_dimer_output_esmfold2_fast_loop10_samplingsteps68,5v2p,0.966,0.938,0.79,0.262
5v3r,42,0,0.9234,0.8478,0.9208,0.9526,0.9358,0.9408,1.877,PepSet_dimer_output_esmfold2_fast_loop10_samplingsteps68,5v3r,0.823,0.759,1.877,0.848
5v3r,42,1,0.9214,0.8051,0.9173,0.9513,0.9081,0.9951,1.5111,PepSet_dimer_output_esmfold2_fast_loop10_samplingsteps68,5v3r,0.872,0.828,1.511,0.704
5v3r,42,2,0.9216,0.7945,0.9171,0.9515,0.9024,0.8471,1.7809,PepSet_dimer_output_esmfold2_fast_loop10_samplingsteps68,5v3r,0.852,0.793,1.781,0.736
5v3r,42,3,0.9227,0.8507,0.9202,0.9528,0.9395,0.8214,1.9175,PepSet_dimer_output_esmfold2_fast_loop10_samplingsteps68,5v3r,0.82,0.759,1.917,0.866
5v3r,42,4,0.9227,0.8053,0.9185,0.9525,0.9045,0.7726,1.7178,PepSet_dimer_output_esmfold2_fast_loop10_samplingsteps68,5v3r,0.856,0.828,1.718,0.796
5v3r,43,0,0.9232,0.8506,0.9206,0.9532,0.9377,0.8732,1.9095,PepSet_dimer_output_esmfold2_fast_loop10_samplingsteps68,5v3r,0.833,0.793,1.909,0.858
5v3r,43,1,0.9233,0.8145,0.9194,0.953,0.9123,0.8114,1.1006,PepSet_dimer_output_esmfold2_fast_loop10_samplingsteps68,5v3r,0.9,0.828,1.101,0.529
5v3r,43,2,0.9215,0.8234,0.918,0.9518,0.9205,0.9902,1.92,PepSet_dimer_output_esmfold2_fast_loop10_samplingsteps68,5v3r,0.819,0.759,1.92,0.871
5v3r,43,3,0.9234,0.8428,0.9206,0.9529,0.9331,0.9553,1.9772,PepSet_dimer_output_esmfold2_fast_loop10_samplingsteps68,5v3r,0.821,0.759,1.977,0.853
5v3r,43,4,0.9227,0.8064,0.9186,0.953,0.9106,0.8141,1.3255,PepSet_dimer_output_esmfold2_fast_loop10_samplingsteps68,5v3r,0.851,0.724,1.326,0.622
5v3r,44,0,0.9193,0.8099,0.9154,0.9498,0.9117,1.2177,1.0184,PepSet_dimer_output_esmfold2_fast_loop10_samplingsteps68,5v3r,0.899,0.828,1.018,0.542
5v3r,44,1,0.9191,0.8477,0.9166,0.9525,0.9374,0.9287,1.9803,PepSet_dimer_output_esmfold2_fast_loop10_samplingsteps68,5v3r,0.828,0.793,1.98,0.886
5v3r,44,2,0.9205,0.8067,0.9165,0.9514,0.9091,0.947,1.5178,PepSet_dimer_output_esmfold2_fast_loop10_samplingsteps68,5v3r,0.893,0.862,1.518,0.639
5v3r,44,3,0.9231,0.8446,0.9203,0.9529,0.9354,0.954,1.9934,PepSet_dimer_output_esmfold2_fast_loop10_samplingsteps68,5v3r,0.813,0.759,1.993,0.908
5v3r,44,4,0.9222,0.8121,0.9183,0.9521,0.9101,0.8396,1.8259,PepSet_dimer_output_esmfold2_fast_loop10_samplingsteps68,5v3r,0.826,0.759,1.826,0.833
5wfv,42,0,0.9444,0.8642,0.9419,0.9456,0.9356,0.3349,0.525,PepSet_dimer_output_esmfold2_fast_loop10_samplingsteps68,5wfv,0.939,0.87,0.525,0.34
5wfv,42,1,0.9441,0.8642,0.9416,0.9451,0.9356,0.2987,0.5219,PepSet_dimer_output_esmfold2_fast_loop10_samplingsteps68,5wfv,0.954,0.913,0.522,0.333
5wfv,42,2,0.9433,0.8547,0.9406,0.9441,0.9273,0.2982,0.5976,PepSet_dimer_output_esmfold2_fast_loop10_samplingsteps68,5wfv,0.946,0.891,0.598,0.34
5wfv,42,3,0.9435,0.8613,0.9409,0.9444,0.9345,0.3098,0.5399,PepSet_dimer_output_esmfold2_fast_loop10_samplingsteps68,5wfv,0.945,0.891,0.54,0.352
5wfv,42,4,0.9435,0.8607,0.941,0.9448,0.934,0.3033,0.5352,PepSet_dimer_output_esmfold2_fast_loop10_samplingsteps68,5wfv,0.94,0.87,0.535,0.331
5wfv,43,0,0.9435,0.8442,0.9405,0.9452,0.9243,0.3004,0.8531,PepSet_dimer_output_esmfold2_fast_loop10_samplingsteps68,5wfv,0.938,0.891,0.853,0.403
5wfv,43,1,0.9431,0.8605,0.9405,0.944,0.9317,0.2998,0.5198,PepSet_dimer_output_esmfold2_fast_loop10_samplingsteps68,5wfv,0.954,0.913,0.52,0.336
5wfv,43,2,0.9436,0.8562,0.9409,0.9447,0.9257,0.331,0.5489,PepSet_dimer_output_esmfold2_fast_loop10_samplingsteps68,5wfv,0.944,0.891,0.549,0.36
5wfv,43,3,0.9443,0.8625,0.9418,0.9455,0.9355,0.3003,0.5898,PepSet_dimer_output_esmfold2_fast_loop10_samplingsteps68,5wfv,0.945,0.891,0.59,0.354
5wfv,43,4,0.9438,0.849,0.9409,0.9454,0.9287,0.3078,1.0924,PepSet_dimer_output_esmfold2_fast_loop10_samplingsteps68,5wfv,0.937,0.913,1.092,0.459
5wfv,44,0,0.9436,0.8582,0.941,0.9447,0.9292,0.3177,0.5146,PepSet_dimer_output_esmfold2_fast_loop10_samplingsteps68,5wfv,0.955,0.913,0.515,0.319
5wfv,44,1,0.9433,0.8559,0.9406,0.9445,0.9299,0.3314,0.657,PepSet_dimer_output_esmfold2_fast_loop10_samplingsteps68,5wfv,0.943,0.891,0.657,0.371
5wfv,44,2,0.9433,0.8599,0.9408,0.9439,0.931,0.3279,0.5281,PepSet_dimer_output_esmfold2_fast_loop10_samplingsteps68,5wfv,0.946,0.891,0.528,0.342
5wfv,44,3,0.9443,0.8606,0.9418,0.9449,0.9349,0.2993,0.5881,PepSet_dimer_output_esmfold2_fast_loop10_samplingsteps68,5wfv,0.946,0.891,0.588,0.336
5wfv,44,4,0.9451,0.8622,0.9426,0.9464,0.937,0.3321,0.6028,PepSet_dimer_output_esmfold2_fast_loop10_samplingsteps68,5wfv,0.944,0.891,0.603,0.363
5wyi,42,0,0.8795,0.3806,0.8522,0.8698,0.3172,3.4744,29.2852,PepSet_dimer_output_esmfold2_fast_loop10_samplingsteps68,5wyi,0.033,0.0,29.285,10.305
5wyi,42,1,0.8664,0.3236,0.8366,0.8575,0.2027,2.0241,28.8076,PepSet_dimer_output_esmfold2_fast_loop10_samplingsteps68,5wyi,0.035,0.0,28.808,9.589
5wyi,42,2,0.8753,0.3312,0.8455,0.8678,0.2412,2.8088,31.7394,PepSet_dimer_output_esmfold2_fast_loop10_samplingsteps68,5wyi,0.028,0.0,31.739,11.102
5wyi,42,3,0.8746,0.3314,0.8449,0.8619,0.2279,3.5722,29.8586,PepSet_dimer_output_esmfold2_fast_loop10_samplingsteps68,5wyi,0.031,0.0,29.859,10.697
5wyi,42,4,0.8747,0.3301,0.8448,0.8623,0.2349,3.4448,28.1034,PepSet_dimer_output_esmfold2_fast_loop10_samplingsteps68,5wyi,0.035,0.0,28.103,10.051
5wyi,43,0,0.869,0.35,0.8405,0.8615,0.2649,1.0491,28.9778,PepSet_dimer_output_esmfold2_fast_loop10_samplingsteps68,5wyi,0.033,0.0,28.978,10.314
5wyi,43,1,0.8811,0.4089,0.8552,0.8719,0.3489,3.4515,27.9121,PepSet_dimer_output_esmfold2_fast_loop10_samplingsteps68,5wyi,0.036,0.0,27.912,10.013
5wyi,43,2,0.867,0.3625,0.8394,0.8606,0.277,2.1903,28.1712,PepSet_dimer_output_esmfold2_fast_loop10_samplingsteps68,5wyi,0.035,0.0,28.171,9.857
5wyi,43,3,0.8768,0.3245,0.8466,0.8655,0.1998,3.4564,28.411,PepSet_dimer_output_esmfold2_fast_loop10_samplingsteps68,5wyi,0.035,0.0,28.411,10.133
5wyi,43,4,0.8707,0.3111,0.8401,0.86,0.1902,3.4977,24.8699,PepSet_dimer_output_esmfold2_fast_loop10_samplingsteps68,5wyi,0.045,0.0,24.87,8.678
5wyi,44,0,0.8764,0.3735,0.8489,0.8655,0.2801,3.5755,24.8847,PepSet_dimer_output_esmfold2_fast_loop10_samplingsteps68,5wyi,0.044,0.0,24.885,8.942
5wyi,44,1,0.8772,0.3412,0.8478,0.865,0.2256,3.5005,24.1216,PepSet_dimer_output_esmfold2_fast_loop10_samplingsteps68,5wyi,0.047,0.0,24.122,8.385
5wyi,44,2,0.8799,0.3264,0.8496,0.8693,0.2503,3.4358,28.4839,PepSet_dimer_output_esmfold2_fast_loop10_samplingsteps68,5wyi,0.035,0.0,28.484,9.984
5wyi,44,3,0.8789,0.3514,0.85,0.8669,0.2627,3.479,27.8547,PepSet_dimer_output_esmfold2_fast_loop10_samplingsteps68,5wyi,0.036,0.0,27.855,9.739
5wyi,44,4,0.8668,0.3517,0.8385,0.8595,0.277,2.1618,29.5537,PepSet_dimer_output_esmfold2_fast_loop10_samplingsteps68,5wyi,0.032,0.0,29.554,10.349
5xhz,42,0,0.8846,0.8722,0.8826,0.8629,0.8519,1.8726,1.2245,PepSet_dimer_output_esmfold2_fast_loop10_samplingsteps68,5xhz,0.906,0.875,1.225,0.599
5xhz,42,1,0.883,0.8826,0.883,0.8611,0.8631,2.4491,1.7247,PepSet_dimer_output_esmfold2_fast_loop10_samplingsteps68,5xhz,0.852,0.8,1.725,0.761
5xhz,42,2,0.8836,0.8767,0.8826,0.8623,0.8576,2.4447,1.5061,PepSet_dimer_output_esmfold2_fast_loop10_samplingsteps68,5xhz,0.849,0.8,1.506,0.803
5xhz,42,3,0.883,0.8773,0.8821,0.862,0.8561,2.3818,1.5362,PepSet_dimer_output_esmfold2_fast_loop10_samplingsteps68,5xhz,0.889,0.9,1.536,0.756
5xhz,42,4,0.8889,0.8822,0.8879,0.8697,0.8625,1.9866,1.6042,PepSet_dimer_output_esmfold2_fast_loop10_samplingsteps68,5xhz,0.875,0.85,1.604,0.727
5xhz,43,0,0.8876,0.8868,0.8875,0.8695,0.8698,1.7783,1.9407,PepSet_dimer_output_esmfold2_fast_loop10_samplingsteps68,5xhz,0.878,0.9,1.941,0.786
5xhz,43,1,0.8902,0.8835,0.8892,0.8709,0.8652,1.7742,1.6424,PepSet_dimer_output_esmfold2_fast_loop10_samplingsteps68,5xhz,0.888,0.9,1.642,0.751
5xhz,43,2,0.8877,0.8819,0.8868,0.8676,0.8647,2.1327,1.5812,PepSet_dimer_output_esmfold2_fast_loop10_samplingsteps68,5xhz,0.884,0.9,1.581,0.787
5xhz,43,3,0.8816,0.884,0.882,0.8617,0.8673,2.7013,1.5709,PepSet_dimer_output_esmfold2_fast_loop10_samplingsteps68,5xhz,0.881,0.9,1.571,0.809
5xhz,43,4,0.8906,0.8842,0.8897,0.8712,0.8683,1.9383,1.5371,PepSet_dimer_output_esmfold2_fast_loop10_samplingsteps68,5xhz,0.88,0.875,1.537,0.755
5xhz,44,0,0.8775,0.8717,0.8766,0.8542,0.8525,2.7041,1.3127,PepSet_dimer_output_esmfold2_fast_loop10_samplingsteps68,5xhz,0.865,0.8,1.313,0.703
5xhz,44,1,0.8916,0.8853,0.8907,0.872,0.8683,2.004,1.7181,PepSet_dimer_output_esmfold2_fast_loop10_samplingsteps68,5xhz,0.878,0.875,1.718,0.751
5xhz,44,2,0.8862,0.8838,0.8858,0.8687,0.8665,1.5469,1.7067,PepSet_dimer_output_esmfold2_fast_loop10_samplingsteps68,5xhz,0.86,0.825,1.707,0.762
5xhz,44,3,0.887,0.8806,0.886,0.8666,0.8616,1.5449,1.7376,PepSet_dimer_output_esmfold2_fast_loop10_samplingsteps68,5xhz,0.886,0.9,1.738,0.752
5xhz,44,4,0.8889,0.8826,0.8879,0.8686,0.8656,2.3957,1.5158,PepSet_dimer_output_esmfold2_fast_loop10_samplingsteps68,5xhz,0.888,0.9,1.516,0.76
5xxq,42,0,0.9494,0.8956,0.9481,0.9718,0.9769,1.5772,0.9338,PepSet_dimer_output_esmfold2_fast_loop10_samplingsteps68,5xxq,0.97,0.976,0.934,0.355
5xxq,42,1,0.9489,0.8442,0.9462,0.9716,0.9667,1.6009,1.2723,PepSet_dimer_output_esmfold2_fast_loop10_samplingsteps68,5xxq,0.949,0.951,1.272,0.446
5xxq,42,2,0.9482,0.8961,0.9469,0.9712,0.9768,1.5257,0.8283,PepSet_dimer_output_esmfold2_fast_loop10_samplingsteps68,5xxq,0.972,0.976,0.828,0.348
5xxq,42,3,0.9478,0.8939,0.9464,0.9714,0.9762,1.4872,0.8768,PepSet_dimer_output_esmfold2_fast_loop10_samplingsteps68,5xxq,0.971,0.976,0.877,0.354
5xxq,42,4,0.9487,0.8944,0.9473,0.971,0.9761,1.6537,0.9406,PepSet_dimer_output_esmfold2_fast_loop10_samplingsteps68,5xxq,0.961,0.951,0.941,0.366
5xxq,43,0,0.9478,0.8949,0.9464,0.971,0.9769,1.5384,0.8576,PepSet_dimer_output_esmfold2_fast_loop10_samplingsteps68,5xxq,0.967,0.976,0.858,0.393
5xxq,43,1,0.9492,0.8952,0.9478,0.9718,0.9768,1.575,0.9223,PepSet_dimer_output_esmfold2_fast_loop10_samplingsteps68,5xxq,0.962,0.951,0.922,0.357
5xxq,43,2,0.9479,0.8892,0.9463,0.9709,0.9745,1.5309,0.8557,PepSet_dimer_output_esmfold2_fast_loop10_samplingsteps68,5xxq,0.98,1.0,0.856,0.339
5xxq,43,3,0.9492,0.8944,0.9478,0.9721,0.9762,1.4556,0.8049,PepSet_dimer_output_esmfold2_fast_loop10_samplingsteps68,5xxq,0.965,0.951,0.805,0.333
5xxq,43,4,0.947,0.8617,0.9448,0.9699,0.9697,1.2832,0.8224,PepSet_dimer_output_esmfold2_fast_loop10_samplingsteps68,5xxq,0.972,0.976,0.822,0.349
5xxq,44,0,0.9492,0.861,0.9469,0.9711,0.9699,1.5464,0.9388,PepSet_dimer_output_esmfold2_fast_loop10_samplingsteps68,5xxq,0.97,0.976,0.939,0.353
5xxq,44,1,0.9499,0.8956,0.9485,0.9719,0.9771,1.6021,0.9165,PepSet_dimer_output_esmfold2_fast_loop10_samplingsteps68,5xxq,0.97,0.976,0.916,0.359
5xxq,44,2,0.9401,0.8954,0.939,0.9665,0.9769,1.4213,1.0282,PepSet_dimer_output_esmfold2_fast_loop10_samplingsteps68,5xxq,0.97,0.976,1.028,0.353
5xxq,44,3,0.948,0.8948,0.9466,0.9712,0.9762,1.5846,0.8954,PepSet_dimer_output_esmfold2_fast_loop10_samplingsteps68,5xxq,0.971,0.976,0.895,0.355
5xxq,44,4,0.9489,0.8942,0.9475,0.9721,0.9758,1.5128,0.8732,PepSet_dimer_output_esmfold2_fast_loop10_samplingsteps68,5xxq,0.97,0.976,0.873,0.361
5yay,42,0,0.9393,0.7112,0.9261,0.9368,0.8023,0.6035,2.0433,PepSet_dimer_output_esmfold2_fast_loop10_samplingsteps68,5yay,0.798,0.71,2.043,0.888
5yay,42,1,0.9525,0.8961,0.9492,0.9538,0.9592,0.4533,1.0137,PepSet_dimer_output_esmfold2_fast_loop10_samplingsteps68,5yay,0.941,0.935,1.014,0.498
5yay,42,2,0.9431,0.7288,0.9307,0.9383,0.8184,0.6236,2.8243,PepSet_dimer_output_esmfold2_fast_loop10_samplingsteps68,5yay,0.749,0.726,2.824,1.174
5yay,42,3,0.9514,0.8933,0.948,0.953,0.9574,0.5557,0.9616,PepSet_dimer_output_esmfold2_fast_loop10_samplingsteps68,5yay,0.935,0.935,0.962,0.55
5yay,42,4,0.9508,0.8876,0.9471,0.9513,0.9489,0.6476,1.251,PepSet_dimer_output_esmfold2_fast_loop10_samplingsteps68,5yay,0.927,0.935,1.251,0.586
5yay,43,0,0.9513,0.8951,0.9481,0.9535,0.9598,0.5376,1.1688,PepSet_dimer_output_esmfold2_fast_loop10_samplingsteps68,5yay,0.921,0.903,1.169,0.557
5yay,43,1,0.9491,0.8604,0.944,0.9491,0.9352,0.5516,1.0574,PepSet_dimer_output_esmfold2_fast_loop10_samplingsteps68,5yay,0.929,0.935,1.057,0.586
5yay,43,2,0.9514,0.8908,0.9479,0.9514,0.9556,0.5898,1.0715,PepSet_dimer_output_esmfold2_fast_loop10_samplingsteps68,5yay,0.938,0.935,1.071,0.515
5yay,43,3,0.9465,0.8229,0.9393,0.9465,0.9069,0.596,1.0063,PepSet_dimer_output_esmfold2_fast_loop10_samplingsteps68,5yay,0.934,0.935,1.006,0.557
5yay,43,4,0.9514,0.891,0.9479,0.9524,0.9557,0.6284,0.9662,PepSet_dimer_output_esmfold2_fast_loop10_samplingsteps68,5yay,0.938,0.935,0.966,0.521
5yay,44,0,0.9496,0.8852,0.9458,0.9511,0.9528,0.5461,0.7432,PepSet_dimer_output_esmfold2_fast_loop10_samplingsteps68,5yay,0.949,0.919,0.743,0.398
5yay,44,1,0.9522,0.8941,0.9489,0.9538,0.9572,0.534,1.0369,PepSet_dimer_output_esmfold2_fast_loop10_samplingsteps68,5yay,0.937,0.919,1.037,0.478
5yay,44,2,0.9494,0.8826,0.9455,0.9487,0.9457,0.5439,1.3398,PepSet_dimer_output_esmfold2_fast_loop10_samplingsteps68,5yay,0.92,0.903,1.34,0.547
5yay,44,3,0.9504,0.8903,0.9469,0.9504,0.9567,0.5048,0.9226,PepSet_dimer_output_esmfold2_fast_loop10_samplingsteps68,5yay,0.939,0.935,0.923,0.522
5yay,44,4,0.9488,0.8842,0.9451,0.9476,0.9492,0.6297,1.3221,PepSet_dimer_output_esmfold2_fast_loop10_samplingsteps68,5yay,0.898,0.871,1.322,0.64
6b27,42,0,0.9148,0.9027,0.9138,0.9147,0.9324,1.6801,1.0591,PepSet_dimer_output_esmfold2_fast_loop10_samplingsteps68,6b27,0.954,0.968,1.059,0.471
6b27,42,1,0.9119,0.9024,0.9112,0.9088,0.9308,2.0082,1.1713,PepSet_dimer_output_esmfold2_fast_loop10_samplingsteps68,6b27,0.961,1.0,1.171,0.494
6b27,42,2,0.9144,0.9033,0.9135,0.9126,0.9321,1.8045,0.9759,PepSet_dimer_output_esmfold2_fast_loop10_samplingsteps68,6b27,0.946,0.935,0.976,0.459
6b27,42,3,0.9092,0.8958,0.9082,0.8975,0.9247,2.2035,1.6339,PepSet_dimer_output_esmfold2_fast_loop10_samplingsteps68,6b27,0.953,1.0,1.634,0.513
6b27,42,4,0.913,0.9025,0.9122,0.913,0.9317,2.0557,1.1537,PepSet_dimer_output_esmfold2_fast_loop10_samplingsteps68,6b27,0.951,0.968,1.154,0.489
6b27,43,0,0.9133,0.9013,0.9124,0.913,0.9286,1.6507,1.0082,PepSet_dimer_output_esmfold2_fast_loop10_samplingsteps68,6b27,0.962,1.0,1.008,0.498
6b27,43,1,0.913,0.9016,0.9121,0.9151,0.9304,1.5632,0.9583,PepSet_dimer_output_esmfold2_fast_loop10_samplingsteps68,6b27,0.964,1.0,0.958,0.483
6b27,43,2,0.9118,0.9003,0.9109,0.9092,0.9279,1.9162,1.1839,PepSet_dimer_output_esmfold2_fast_loop10_samplingsteps68,6b27,0.961,1.0,1.184,0.49
6b27,43,3,0.9155,0.8976,0.9141,0.9167,0.9261,1.7038,1.0191,PepSet_dimer_output_esmfold2_fast_loop10_samplingsteps68,6b27,0.939,0.935,1.019,0.509
6b27,43,4,0.9133,0.9001,0.9122,0.911,0.9271,1.8772,1.1065,PepSet_dimer_output_esmfold2_fast_loop10_samplingsteps68,6b27,0.949,0.968,1.106,0.511
6b27,44,0,0.9095,0.9036,0.909,0.9088,0.9321,0.9808,0.6695,PepSet_dimer_output_esmfold2_fast_loop10_samplingsteps68,6b27,0.945,0.935,0.669,0.483
6b27,44,1,0.915,0.9025,0.914,0.9163,0.9331,1.5477,0.9703,PepSet_dimer_output_esmfold2_fast_loop10_samplingsteps68,6b27,0.96,1.0,0.97,0.523
6b27,44,2,0.9153,0.9017,0.9142,0.9129,0.9298,1.6684,0.9798,PepSet_dimer_output_esmfold2_fast_loop10_samplingsteps68,6b27,0.938,0.935,0.98,0.527
6b27,44,3,0.9087,0.9019,0.9081,0.9112,0.9321,1.7073,1.2316,PepSet_dimer_output_esmfold2_fast_loop10_samplingsteps68,6b27,0.959,1.0,1.232,0.505
6b27,44,4,0.9145,0.8956,0.913,0.9126,0.9234,1.6644,1.0193,PepSet_dimer_output_esmfold2_fast_loop10_samplingsteps68,6b27,0.936,0.935,1.019,0.537
6co4,42,0,0.9303,0.8725,0.924,0.9392,0.9133,1.2827,2.0972,PepSet_dimer_output_esmfold2_fast_loop10_samplingsteps68,6co4,0.809,0.894,2.097,1.247
6co4,42,1,0.9297,0.8713,0.9233,0.9384,0.9121,1.1136,1.7307,PepSet_dimer_output_esmfold2_fast_loop10_samplingsteps68,6co4,0.835,0.894,1.731,1.095
6co4,42,2,0.9311,0.8698,0.9244,0.939,0.9112,1.2569,2.0921,PepSet_dimer_output_esmfold2_fast_loop10_samplingsteps68,6co4,0.834,0.936,2.092,1.171
6co4,42,3,0.9298,0.866,0.9228,0.9387,0.9088,1.0942,1.8289,PepSet_dimer_output_esmfold2_fast_loop10_samplingsteps68,6co4,0.839,0.915,1.829,1.106
6co4,42,4,0.9288,0.8672,0.922,0.9371,0.9057,1.0974,1.9958,PepSet_dimer_output_esmfold2_fast_loop10_samplingsteps68,6co4,0.846,0.957,1.996,1.145
6co4,43,0,0.93,0.8727,0.9236,0.9388,0.9126,1.158,2.024,PepSet_dimer_output_esmfold2_fast_loop10_samplingsteps68,6co4,0.842,0.957,2.024,1.167
6co4,43,1,0.9287,0.8631,0.9215,0.9381,0.9127,1.3393,1.8234,PepSet_dimer_output_esmfold2_fast_loop10_samplingsteps68,6co4,0.831,0.915,1.823,1.172
6co4,43,2,0.9286,0.8708,0.9222,0.9372,0.9107,1.1503,2.0839,PepSet_dimer_output_esmfold2_fast_loop10_samplingsteps68,6co4,0.823,0.936,2.084,1.249
6co4,43,3,0.9267,0.8622,0.9196,0.9361,0.9071,1.3089,1.9881,PepSet_dimer_output_esmfold2_fast_loop10_samplingsteps68,6co4,0.827,0.936,1.988,1.235
6co4,43,4,0.9307,0.8696,0.924,0.9386,0.9107,1.3298,2.0913,PepSet_dimer_output_esmfold2_fast_loop10_samplingsteps68,6co4,0.815,0.894,2.091,1.203
6co4,44,0,0.9282,0.8651,0.9212,0.9373,0.911,1.2696,2.2385,PepSet_dimer_output_esmfold2_fast_loop10_samplingsteps68,6co4,0.834,0.979,2.239,1.252
6co4,44,1,0.9305,0.8693,0.9238,0.9382,0.9104,1.2289,2.021,PepSet_dimer_output_esmfold2_fast_loop10_samplingsteps68,6co4,0.855,0.979,2.021,1.129
6co4,44,2,0.9272,0.868,0.9207,0.9373,0.9163,1.1845,2.1098,PepSet_dimer_output_esmfold2_fast_loop10_samplingsteps68,6co4,0.813,0.915,2.11,1.274
6co4,44,3,0.9298,0.8676,0.9229,0.9384,0.9093,1.0773,2.1623,PepSet_dimer_output_esmfold2_fast_loop10_samplingsteps68,6co4,0.816,0.915,2.162,1.239
6co4,44,4,0.9322,0.87,0.9253,0.9394,0.9102,1.2853,2.0528,PepSet_dimer_output_esmfold2_fast_loop10_samplingsteps68,6co4,0.838,0.936,2.053,1.146
6dei,42,0,0.4568,0.306,0.4358,0.2785,0.0847,16.4865,19.469,PepSet_dimer_output_esmfold2_fast_loop10_samplingsteps68,6dei,0.064,0.021,19.469,14.341
6dei,42,1,0.4554,0.2823,0.4313,0.2752,0.0914,13.8718,15.571,PepSet_dimer_output_esmfold2_fast_loop10_samplingsteps68,6dei,0.115,0.104,15.571,13.307
6dei,42,2,0.4485,0.2912,0.4266,0.2677,0.0916,14.567,22.9634,PepSet_dimer_output_esmfold2_fast_loop10_samplingsteps68,6dei,0.064,0.062,22.963,15.167
6dei,42,3,0.446,0.3624,0.4344,0.2383,0.2519,17.0194,23.1673,PepSet_dimer_output_esmfold2_fast_loop10_samplingsteps68,6dei,0.071,0.083,23.167,14.744
6dei,42,4,0.4511,0.296,0.4295,0.2512,0.1099,15.08,18.0958,PepSet_dimer_output_esmfold2_fast_loop10_samplingsteps68,6dei,0.077,0.042,18.096,15.721
6dei,43,0,0.5189,0.3483,0.4951,0.4321,0.1987,16.0439,29.7538,PepSet_dimer_output_esmfold2_fast_loop10_samplingsteps68,6dei,0.049,0.062,29.754,16.535
6dei,43,1,0.4385,0.2941,0.4184,0.2608,0.0852,13.1176,24.681,PepSet_dimer_output_esmfold2_fast_loop10_samplingsteps68,6dei,0.039,0.0,24.681,14.875
6dei,43,2,0.4338,0.2668,0.4105,0.2719,0.0782,15.8144,19.7717,PepSet_dimer_output_esmfold2_fast_loop10_samplingsteps68,6dei,0.064,0.021,19.772,12.44
6dei,43,3,0.5092,0.4251,0.4975,0.3433,0.245,14.7697,20.2166,PepSet_dimer_output_esmfold2_fast_loop10_samplingsteps68,6dei,0.074,0.062,20.217,16.039
6dei,43,4,0.4836,0.2965,0.4575,0.3081,0.0889,15.2236,25.9489,PepSet_dimer_output_esmfold2_fast_loop10_samplingsteps68,6dei,0.042,0.021,25.949,15.159
6dei,44,0,0.4388,0.2818,0.4169,0.2822,0.0766,14.2042,16.1284,PepSet_dimer_output_esmfold2_fast_loop10_samplingsteps68,6dei,0.105,0.083,16.128,13.158
6dei,44,1,0.4565,0.2856,0.4327,0.3015,0.0681,14.6529,19.9959,PepSet_dimer_output_esmfold2_fast_loop10_samplingsteps68,6dei,0.097,0.125,19.996,13.634
6dei,44,2,0.4801,0.3171,0.4574,0.3776,0.0849,15.9522,16.6585,PepSet_dimer_output_esmfold2_fast_loop10_samplingsteps68,6dei,0.072,0.0,16.659,15.125
6dei,44,3,0.4882,0.3048,0.4627,0.3378,0.0814,15.0817,8.6421,PepSet_dimer_output_esmfold2_fast_loop10_samplingsteps68,6dei,0.216,0.146,8.642,14.51
6dei,44,4,0.4573,0.3413,0.4411,0.274,0.1373,17.0298,17.7304,PepSet_dimer_output_esmfold2_fast_loop10_samplingsteps68,6dei,0.079,0.042,17.73,17.429
6e5x,42,0,0.8405,0.8699,0.8433,0.8619,0.8741,8.5082,5.9415,PepSet_dimer_output_esmfold2_fast_loop10_samplingsteps68,6e5x,0.679,0.943,5.941,1.749
6e5x,42,1,0.8238,0.8697,0.8281,0.8503,0.8761,3.9311,4.7304,PepSet_dimer_output_esmfold2_fast_loop10_samplingsteps68,6e5x,0.712,0.943,4.73,1.728
6e5x,42,2,0.8219,0.8598,0.8254,0.8493,0.8654,3.8598,4.4942,PepSet_dimer_output_esmfold2_fast_loop10_samplingsteps68,6e5x,0.728,0.943,4.494,1.625
6e5x,42,3,0.8249,0.864,0.8285,0.845,0.8714,8.3927,6.2527,PepSet_dimer_output_esmfold2_fast_loop10_samplingsteps68,6e5x,0.656,0.943,6.253,1.928
6e5x,42,4,0.8085,0.8619,0.8134,0.8308,0.87,3.937,5.0707,PepSet_dimer_output_esmfold2_fast_loop10_samplingsteps68,6e5x,0.708,0.971,5.071,1.781
6e5x,43,0,0.8398,0.8699,0.8426,0.8616,0.876,8.2577,6.087,PepSet_dimer_output_esmfold2_fast_loop10_samplingsteps68,6e5x,0.665,0.943,6.087,1.874
6e5x,43,1,0.8193,0.8692,0.8239,0.8452,0.8769,3.6707,4.5758,PepSet_dimer_output_esmfold2_fast_loop10_samplingsteps68,6e5x,0.717,0.943,4.576,1.718
6e5x,43,2,0.8229,0.8699,0.8273,0.8503,0.8775,3.575,4.5598,PepSet_dimer_output_esmfold2_fast_loop10_samplingsteps68,6e5x,0.719,0.943,4.56,1.699
6e5x,43,3,0.831,0.8717,0.8348,0.8507,0.8796,8.3657,5.9637,PepSet_dimer_output_esmfold2_fast_loop10_samplingsteps68,6e5x,0.679,0.943,5.964,1.746
6e5x,43,4,0.8258,0.8639,0.8293,0.847,0.8687,8.4081,5.8534,PepSet_dimer_output_esmfold2_fast_loop10_samplingsteps68,6e5x,0.679,0.943,5.853,1.777
6e5x,44,0,0.8029,0.8656,0.8087,0.8271,0.876,5.0606,4.796,PepSet_dimer_output_esmfold2_fast_loop10_samplingsteps68,6e5x,0.688,0.914,4.796,1.871
6e5x,44,1,0.8381,0.8674,0.8408,0.8534,0.8729,8.343,5.74,PepSet_dimer_output_esmfold2_fast_loop10_samplingsteps68,6e5x,0.687,0.943,5.74,1.722
6e5x,44,2,0.8553,0.867,0.8564,0.8784,0.8721,8.446,6.4218,PepSet_dimer_output_esmfold2_fast_loop10_samplingsteps68,6e5x,0.643,0.914,6.422,1.926
6e5x,44,3,0.8481,0.8662,0.8498,0.8741,0.8701,8.4306,5.7996,PepSet_dimer_output_esmfold2_fast_loop10_samplingsteps68,6e5x,0.685,0.943,5.8,1.729
6e5x,44,4,0.832,0.8698,0.8355,0.8587,0.877,3.8859,5.305,PepSet_dimer_output_esmfold2_fast_loop10_samplingsteps68,6e5x,0.677,0.943,5.305,1.958
6ej7,42,0,0.9266,0.8188,0.9251,0.9512,0.9422,1.0915,1.1456,PepSet_dimer_output_esmfold2_fast_loop10_samplingsteps68,6ej7,0.895,0.911,1.146,0.765
6ej7,42,1,0.9273,0.8101,0.9257,0.9509,0.937,0.9779,0.8484,PepSet_dimer_output_esmfold2_fast_loop10_samplingsteps68,6ej7,0.928,0.964,0.848,0.679
6ej7,42,2,0.9262,0.8208,0.9247,0.9497,0.9431,0.9421,1.2568,PepSet_dimer_output_esmfold2_fast_loop10_samplingsteps68,6ej7,0.898,0.911,1.257,0.742
6ej7,42,3,0.9274,0.8155,0.9258,0.9489,0.9402,1.0476,1.163,PepSet_dimer_output_esmfold2_fast_loop10_samplingsteps68,6ej7,0.909,0.929,1.163,0.713
6ej7,42,4,0.9273,0.8198,0.9258,0.9503,0.9425,0.9241,1.0792,PepSet_dimer_output_esmfold2_fast_loop10_samplingsteps68,6ej7,0.909,0.929,1.079,0.714
6ej7,43,0,0.9275,0.8182,0.9259,0.9508,0.9418,1.0197,1.0198,PepSet_dimer_output_esmfold2_fast_loop10_samplingsteps68,6ej7,0.905,0.893,1.02,0.662
6ej7,43,1,0.9269,0.805,0.9251,0.9497,0.9355,1.0132,1.0334,PepSet_dimer_output_esmfold2_fast_loop10_samplingsteps68,6ej7,0.915,0.929,1.033,0.673
6ej7,43,2,0.9265,0.8205,0.9251,0.9509,0.9428,1.3721,1.3694,PepSet_dimer_output_esmfold2_fast_loop10_samplingsteps68,6ej7,0.893,0.911,1.369,0.766
6ej7,43,3,0.927,0.8055,0.9253,0.9511,0.9354,1.0245,1.0013,PepSet_dimer_output_esmfold2_fast_loop10_samplingsteps68,6ej7,0.928,0.964,1.001,0.671
6ej7,43,4,0.9261,0.8187,0.9246,0.9493,0.9407,1.0674,1.0505,PepSet_dimer_output_esmfold2_fast_loop10_samplingsteps68,6ej7,0.891,0.875,1.051,0.723
6ej7,44,0,0.9259,0.814,0.9243,0.9507,0.9408,1.3561,0.8771,PepSet_dimer_output_esmfold2_fast_loop10_samplingsteps68,6ej7,0.914,0.929,0.877,0.692
6ej7,44,1,0.9273,0.8102,0.9256,0.951,0.9378,1.1181,1.0945,PepSet_dimer_output_esmfold2_fast_loop10_samplingsteps68,6ej7,0.907,0.929,1.094,0.73
6ej7,44,2,0.9267,0.8197,0.9252,0.9507,0.9441,1.3532,1.2735,PepSet_dimer_output_esmfold2_fast_loop10_samplingsteps68,6ej7,0.898,0.911,1.274,0.74
6ej7,44,3,0.9258,0.8125,0.9242,0.9507,0.9387,1.2755,1.0523,PepSet_dimer_output_esmfold2_fast_loop10_samplingsteps68,6ej7,0.909,0.929,1.052,0.72
6ej7,44,4,0.9266,0.8179,0.925,0.9489,0.9416,1.3118,1.2106,PepSet_dimer_output_esmfold2_fast_loop10_samplingsteps68,6ej7,0.903,0.911,1.211,0.705
6f0w,42,0,0.9367,0.9018,0.9341,0.9663,0.9574,1.7008,0.4477,PepSet_dimer_output_esmfold2_fast_loop10_samplingsteps68,6f0w,0.885,0.947,0.448,0.958
6f0w,42,1,0.9223,0.9034,0.9209,0.9525,0.9582,1.6289,0.4713,PepSet_dimer_output_esmfold2_fast_loop10_samplingsteps68,6f0w,0.88,0.947,0.471,0.993
6f0w,42,2,0.9194,0.8971,0.9178,0.9516,0.9539,1.3777,0.5396,PepSet_dimer_output_esmfold2_fast_loop10_samplingsteps68,6f0w,0.916,0.974,0.54,0.802
6f0w,42,3,0.936,0.8992,0.9332,0.9656,0.9559,1.7078,0.4661,PepSet_dimer_output_esmfold2_fast_loop10_samplingsteps68,6f0w,0.875,0.934,0.466,0.994
6f0w,42,4,0.9234,0.9,0.9216,0.9562,0.9576,1.1971,0.4905,PepSet_dimer_output_esmfold2_fast_loop10_samplingsteps68,6f0w,0.911,0.961,0.491,0.803
6f0w,43,0,0.9216,0.9006,0.92,0.9522,0.9572,1.5915,0.6205,PepSet_dimer_output_esmfold2_fast_loop10_samplingsteps68,6f0w,0.875,0.947,0.62,1.021
6f0w,43,1,0.9183,0.8928,0.9164,0.9514,0.9561,1.1786,0.7929,PepSet_dimer_output_esmfold2_fast_loop10_samplingsteps68,6f0w,0.835,0.934,0.793,1.281
6f0w,43,2,0.9239,0.8985,0.922,0.9565,0.9541,1.0826,0.6071,PepSet_dimer_output_esmfold2_fast_loop10_samplingsteps68,6f0w,0.875,0.934,0.607,0.994
6f0w,43,3,0.9252,0.8957,0.9229,0.9567,0.9528,1.2106,0.7997,PepSet_dimer_output_esmfold2_fast_loop10_samplingsteps68,6f0w,0.911,0.974,0.8,0.826
6f0w,43,4,0.9205,0.8998,0.9189,0.9523,0.9572,1.5282,0.5528,PepSet_dimer_output_esmfold2_fast_loop10_samplingsteps68,6f0w,0.889,0.947,0.553,0.928
6f0w,44,0,0.9227,0.8981,0.9208,0.9555,0.9544,1.2404,0.4083,PepSet_dimer_output_esmfold2_fast_loop10_samplingsteps68,6f0w,0.908,0.961,0.408,0.831
6f0w,44,1,0.9239,0.8999,0.9221,0.9567,0.9576,1.0099,0.4962,PepSet_dimer_output_esmfold2_fast_loop10_samplingsteps68,6f0w,0.878,0.934,0.496,0.978
6f0w,44,2,0.9329,0.9009,0.9305,0.9629,0.957,1.7022,0.5786,PepSet_dimer_output_esmfold2_fast_loop10_samplingsteps68,6f0w,0.888,0.934,0.579,0.901
6f0w,44,3,0.9365,0.8999,0.9337,0.9654,0.9573,1.7259,0.4753,PepSet_dimer_output_esmfold2_fast_loop10_samplingsteps68,6f0w,0.879,0.947,0.475,1.002
6f0w,44,4,0.9197,0.8993,0.9181,0.953,0.9564,1.518,0.5285,PepSet_dimer_output_esmfold2_fast_loop10_samplingsteps68,6f0w,0.876,0.947,0.528,1.017
6f0y,42,0,0.8481,0.7727,0.842,0.839,0.8024,8.2698,10.4718,PepSet_dimer_output_esmfold2_fast_loop10_samplingsteps68,6f0y,0.432,0.818,10.472,5.032
6f0y,42,1,0.8497,0.7698,0.8433,0.8408,0.8029,9.4922,10.3978,PepSet_dimer_output_esmfold2_fast_loop10_samplingsteps68,6f0y,0.435,0.818,10.398,4.899
6f0y,42,2,0.8478,0.7388,0.839,0.8364,0.7593,8.0917,7.5367,PepSet_dimer_output_esmfold2_fast_loop10_samplingsteps68,6f0y,0.517,0.841,7.537,3.562
6f0y,42,3,0.8518,0.7349,0.8424,0.8373,0.7643,7.5984,8.2504,PepSet_dimer_output_esmfold2_fast_loop10_samplingsteps68,6f0y,0.485,0.818,8.25,4.003
6f0y,42,4,0.8526,0.7815,0.8469,0.8419,0.8136,8.4977,10.3185,PepSet_dimer_output_esmfold2_fast_loop10_samplingsteps68,6f0y,0.428,0.795,10.318,4.933
6f0y,43,0,0.8513,0.7752,0.8452,0.8417,0.8042,8.4297,9.8733,PepSet_dimer_output_esmfold2_fast_loop10_samplingsteps68,6f0y,0.455,0.841,9.873,4.506
6f0y,43,1,0.851,0.7752,0.845,0.8405,0.8005,6.4504,9.6522,PepSet_dimer_output_esmfold2_fast_loop10_samplingsteps68,6f0y,0.453,0.818,9.652,4.373
6f0y,43,2,0.8515,0.779,0.8456,0.8427,0.8119,9.6795,10.4114,PepSet_dimer_output_esmfold2_fast_loop10_samplingsteps68,6f0y,0.427,0.795,10.411,4.879
6f0y,43,3,0.8489,0.779,0.8433,0.8368,0.8108,6.315,10.4152,PepSet_dimer_output_esmfold2_fast_loop10_samplingsteps68,6f0y,0.445,0.841,10.415,4.646
6f0y,43,4,0.8501,0.7721,0.8439,0.8381,0.797,6.6827,10.5435,PepSet_dimer_output_esmfold2_fast_loop10_samplingsteps68,6f0y,0.427,0.795,10.544,4.749
6f0y,44,0,0.8509,0.7779,0.8451,0.8393,0.8058,7.2785,10.0623,PepSet_dimer_output_esmfold2_fast_loop10_samplingsteps68,6f0y,0.445,0.818,10.062,4.503
6f0y,44,1,0.8495,0.7786,0.8438,0.8398,0.8158,5.598,9.0185,PepSet_dimer_output_esmfold2_fast_loop10_samplingsteps68,6f0y,0.448,0.773,9.018,4.448
6f0y,44,2,0.8482,0.7789,0.8426,0.8348,0.8071,8.7305,9.4864,PepSet_dimer_output_esmfold2_fast_loop10_samplingsteps68,6f0y,0.468,0.864,9.486,4.642
6f0y,44,3,0.8521,0.7545,0.8442,0.8377,0.7816,3.5989,6.3884,PepSet_dimer_output_esmfold2_fast_loop10_samplingsteps68,6f0y,0.548,0.795,6.388,2.919
6f0y,44,4,0.8522,0.7792,0.8463,0.8421,0.8136,6.6761,9.2295,PepSet_dimer_output_esmfold2_fast_loop10_samplingsteps68,6f0y,0.464,0.818,9.229,4.159
6f4s,42,0,0.9503,0.5513,0.942,0.9683,0.6339,0.273,3.4556,PepSet_dimer_output_esmfold2_fast_loop10_samplingsteps68,6f4s,0.744,0.645,3.456,0.916
6f4s,42,1,0.9508,0.5534,0.9425,0.969,0.6482,0.2617,3.6128,PepSet_dimer_output_esmfold2_fast_loop10_samplingsteps68,6f4s,0.736,0.645,3.613,0.943
6f4s,42,2,0.9502,0.5423,0.9417,0.9688,0.6389,0.2967,4.8427,PepSet_dimer_output_esmfold2_fast_loop10_samplingsteps68,6f4s,0.631,0.548,4.843,1.255
6f4s,42,3,0.9505,0.5559,0.9423,0.9685,0.6408,0.2674,3.857,PepSet_dimer_output_esmfold2_fast_loop10_samplingsteps68,6f4s,0.744,0.71,3.857,1.001
6f4s,42,4,0.9513,0.5572,0.9431,0.9691,0.6497,0.2152,4.2246,PepSet_dimer_output_esmfold2_fast_loop10_samplingsteps68,6f4s,0.723,0.71,4.225,1.081
6f4s,43,0,0.9505,0.5594,0.9424,0.9689,0.6488,0.2342,4.0721,PepSet_dimer_output_esmfold2_fast_loop10_samplingsteps68,6f4s,0.711,0.645,4.072,1.041
6f4s,43,1,0.95,0.5356,0.9413,0.9677,0.6166,0.2821,3.1681,PepSet_dimer_output_esmfold2_fast_loop10_samplingsteps68,6f4s,0.761,0.645,3.168,0.842
6f4s,43,2,0.9475,0.5016,0.9382,0.967,0.6317,0.2851,3.5465,PepSet_dimer_output_esmfold2_fast_loop10_samplingsteps68,6f4s,0.818,0.871,3.547,0.913
6f4s,43,3,0.9508,0.5485,0.9424,0.9687,0.636,0.2626,3.5245,PepSet_dimer_output_esmfold2_fast_loop10_samplingsteps68,6f4s,0.73,0.613,3.525,0.927
6f4s,43,4,0.9494,0.5272,0.9406,0.9676,0.6119,0.272,3.2305,PepSet_dimer_output_esmfold2_fast_loop10_samplingsteps68,6f4s,0.781,0.71,3.231,0.847
6f4s,44,0,0.9466,0.4698,0.9366,0.966,0.5939,0.2862,4.1418,PepSet_dimer_output_esmfold2_fast_loop10_samplingsteps68,6f4s,0.739,0.742,4.142,1.061
6f4s,44,1,0.9518,0.5609,0.9436,0.9695,0.6498,0.2517,3.4061,PepSet_dimer_output_esmfold2_fast_loop10_samplingsteps68,6f4s,0.737,0.613,3.406,0.896
6f4s,44,2,0.9503,0.5526,0.942,0.9686,0.6437,0.2947,3.8872,PepSet_dimer_output_esmfold2_fast_loop10_samplingsteps68,6f4s,0.709,0.613,3.887,1.013
6f4s,44,3,0.9474,0.4899,0.9379,0.9666,0.604,0.291,2.2864,PepSet_dimer_output_esmfold2_fast_loop10_samplingsteps68,6f4s,0.831,0.71,2.286,0.631
6f4s,44,4,0.9502,0.5466,0.9418,0.9685,0.642,0.2471,3.3745,PepSet_dimer_output_esmfold2_fast_loop10_samplingsteps68,6f4s,0.738,0.613,3.375,0.893
6f6d,42,0,0.9405,0.872,0.938,0.9695,0.9558,1.1902,1.1596,PepSet_dimer_output_esmfold2_fast_loop10_samplingsteps68,6f6d,0.864,0.897,1.16,0.952
6f6d,42,1,0.9376,0.8742,0.9353,0.9684,0.9574,1.2019,1.1153,PepSet_dimer_output_esmfold2_fast_loop10_samplingsteps68,6f6d,0.858,0.897,1.115,0.996
6f6d,42,2,0.9401,0.8667,0.9374,0.9695,0.9523,1.1823,1.2583,PepSet_dimer_output_esmfold2_fast_loop10_samplingsteps68,6f6d,0.873,0.874,1.258,0.83
6f6d,42,3,0.9385,0.8689,0.9359,0.9686,0.9554,1.217,1.2681,PepSet_dimer_output_esmfold2_fast_loop10_samplingsteps68,6f6d,0.842,0.874,1.268,1.044
6f6d,42,4,0.9393,0.873,0.9369,0.9684,0.9571,1.1529,1.318,PepSet_dimer_output_esmfold2_fast_loop10_samplingsteps68,6f6d,0.866,0.862,1.318,0.843
6f6d,43,0,0.9386,0.8682,0.936,0.9689,0.9533,1.1542,0.9308,PepSet_dimer_output_esmfold2_fast_loop10_samplingsteps68,6f6d,0.88,0.908,0.931,0.882
6f6d,43,1,0.9408,0.8696,0.9382,0.9694,0.9538,1.1805,0.9415,PepSet_dimer_output_esmfold2_fast_loop10_samplingsteps68,6f6d,0.888,0.92,0.942,0.85
6f6d,43,2,0.9404,0.8693,0.9378,0.9696,0.9529,1.125,0.9716,PepSet_dimer_output_esmfold2_fast_loop10_samplingsteps68,6f6d,0.887,0.897,0.972,0.8
6f6d,43,3,0.9391,0.8761,0.9368,0.9686,0.9582,1.2337,1.2417,PepSet_dimer_output_esmfold2_fast_loop10_samplingsteps68,6f6d,0.857,0.92,1.242,1.05
6f6d,43,4,0.9392,0.8682,0.9367,0.9691,0.9544,1.1646,1.1405,PepSet_dimer_output_esmfold2_fast_loop10_samplingsteps68,6f6d,0.862,0.885,1.141,0.935
6f6d,44,0,0.9405,0.8748,0.9381,0.9697,0.9571,1.1497,0.9801,PepSet_dimer_output_esmfold2_fast_loop10_samplingsteps68,6f6d,0.879,0.897,0.98,0.86
6f6d,44,1,0.9399,0.8741,0.9375,0.9693,0.9573,1.2024,1.1167,PepSet_dimer_output_esmfold2_fast_loop10_samplingsteps68,6f6d,0.856,0.908,1.117,1.04
6f6d,44,2,0.94,0.8719,0.9376,0.969,0.9556,1.2042,1.1044,PepSet_dimer_output_esmfold2_fast_loop10_samplingsteps68,6f6d,0.857,0.897,1.104,1.0
6f6d,44,3,0.9408,0.8746,0.9384,0.9697,0.9577,1.1838,1.1223,PepSet_dimer_output_esmfold2_fast_loop10_samplingsteps68,6f6d,0.877,0.92,1.122,0.919
6f6d,44,4,0.9388,0.8743,0.9364,0.969,0.9576,1.1828,1.1216,PepSet_dimer_output_esmfold2_fast_loop10_samplingsteps68,6f6d,0.853,0.862,1.122,0.951
6fbk,42,0,0.9055,0.8937,0.9035,0.9153,0.8995,2.1862,1.6072,PepSet_dimer_output_esmfold2_fast_loop10_samplingsteps68,6fbk,0.839,0.947,1.607,1.212
6fbk,42,1,0.9138,0.899,0.9113,0.9223,0.9037,2.1588,1.2806,PepSet_dimer_output_esmfold2_fast_loop10_samplingsteps68,6fbk,0.85,0.947,1.281,1.163
6fbk,42,2,0.9111,0.8954,0.9084,0.9197,0.9001,2.1237,1.4473,PepSet_dimer_output_esmfold2_fast_loop10_samplingsteps68,6fbk,0.859,0.974,1.447,1.147
6fbk,42,3,0.9089,0.8907,0.9058,0.9173,0.8955,2.1086,1.7227,PepSet_dimer_output_esmfold2_fast_loop10_samplingsteps68,6fbk,0.832,0.921,1.723,1.185
6fbk,42,4,0.9082,0.8913,0.9053,0.9162,0.896,2.1543,1.4574,PepSet_dimer_output_esmfold2_fast_loop10_samplingsteps68,6fbk,0.853,0.974,1.457,1.193
6fbk,43,0,0.9124,0.8962,0.9096,0.9204,0.9008,2.0711,1.4387,PepSet_dimer_output_esmfold2_fast_loop10_samplingsteps68,6fbk,0.856,0.947,1.439,1.101
6fbk,43,1,0.9155,0.8975,0.9124,0.9234,0.9033,2.1212,1.4088,PepSet_dimer_output_esmfold2_fast_loop10_samplingsteps68,6fbk,0.862,0.974,1.409,1.128
6fbk,43,2,0.9104,0.894,0.9076,0.9189,0.8985,2.1868,1.4191,PepSet_dimer_output_esmfold2_fast_loop10_samplingsteps68,6fbk,0.853,0.974,1.419,1.196
6fbk,43,3,0.9091,0.8821,0.9045,0.9166,0.8829,2.1286,1.629,PepSet_dimer_output_esmfold2_fast_loop10_samplingsteps68,6fbk,0.822,0.895,1.629,1.211
6fbk,43,4,0.9083,0.8946,0.906,0.9182,0.9029,2.1283,1.5191,PepSet_dimer_output_esmfold2_fast_loop10_samplingsteps68,6fbk,0.86,0.974,1.519,1.134
6fbk,44,0,0.9155,0.8989,0.9127,0.9249,0.9046,2.152,1.5136,PepSet_dimer_output_esmfold2_fast_loop10_samplingsteps68,6fbk,0.855,0.974,1.514,1.166
6fbk,44,1,0.9014,0.8904,0.8996,0.9124,0.8941,1.9795,1.4401,PepSet_dimer_output_esmfold2_fast_loop10_samplingsteps68,6fbk,0.873,0.947,1.44,0.982
6fbk,44,2,0.9069,0.8831,0.9029,0.9139,0.8837,2.2744,1.7038,PepSet_dimer_output_esmfold2_fast_loop10_samplingsteps68,6fbk,0.826,0.947,1.704,1.307
6fbk,44,3,0.9086,0.8933,0.906,0.9166,0.8971,2.1884,1.3979,PepSet_dimer_output_esmfold2_fast_loop10_samplingsteps68,6fbk,0.838,0.921,1.398,1.179
6fbk,44,4,0.9082,0.8886,0.9049,0.9157,0.8897,2.1893,1.3344,PepSet_dimer_output_esmfold2_fast_loop10_samplingsteps68,6fbk,0.856,0.974,1.334,1.181
6h7b,42,0,0.9439,0.8894,0.9366,0.9385,0.8979,0.4725,1.4303,PepSet_dimer_output_esmfold2_fast_loop10_samplingsteps68,6h7b,0.921,0.977,1.43,0.715
6h7b,42,1,0.9438,0.8781,0.935,0.9353,0.8868,0.4852,1.8107,PepSet_dimer_output_esmfold2_fast_loop10_samplingsteps68,6h7b,0.897,0.977,1.811,0.845
6h7b,42,2,0.9442,0.8881,0.9367,0.938,0.8956,0.42,1.319,PepSet_dimer_output_esmfold2_fast_loop10_samplingsteps68,6h7b,0.935,0.977,1.319,0.626
6h7b,42,3,0.9436,0.889,0.9363,0.9374,0.8969,0.7964,1.3747,PepSet_dimer_output_esmfold2_fast_loop10_samplingsteps68,6h7b,0.895,1.0,1.375,0.958
6h7b,42,4,0.9442,0.887,0.9366,0.9383,0.8968,0.4389,1.1586,PepSet_dimer_output_esmfold2_fast_loop10_samplingsteps68,6h7b,0.95,1.0,1.159,0.587
6h7b,43,0,0.9434,0.8862,0.9358,0.9367,0.8933,0.5858,1.8016,PepSet_dimer_output_esmfold2_fast_loop10_samplingsteps68,6h7b,0.892,0.977,1.802,0.886
6h7b,43,1,0.9448,0.8843,0.9367,0.9388,0.8921,0.5232,1.2929,PepSet_dimer_output_esmfold2_fast_loop10_samplingsteps68,6h7b,0.934,1.0,1.293,0.691
6h7b,43,2,0.9418,0.8851,0.9342,0.9359,0.8952,0.7525,1.0154,PepSet_dimer_output_esmfold2_fast_loop10_samplingsteps68,6h7b,0.906,0.953,1.015,0.8
6h7b,43,3,0.9422,0.8704,0.9326,0.934,0.8859,0.661,1.7082,PepSet_dimer_output_esmfold2_fast_loop10_samplingsteps68,6h7b,0.882,0.977,1.708,0.966
6h7b,43,4,0.944,0.8803,0.9355,0.9376,0.887,0.6092,1.7328,PepSet_dimer_output_esmfold2_fast_loop10_samplingsteps68,6h7b,0.877,0.953,1.733,0.942
6h7b,44,0,0.9444,0.8823,0.9362,0.9383,0.8895,0.4398,1.2843,PepSet_dimer_output_esmfold2_fast_loop10_samplingsteps68,6h7b,0.925,0.953,1.284,0.645
6h7b,44,1,0.9432,0.8875,0.9357,0.9367,0.8966,0.7682,1.5827,PepSet_dimer_output_esmfold2_fast_loop10_samplingsteps68,6h7b,0.884,0.977,1.583,0.961
6h7b,44,2,0.9435,0.8883,0.9361,0.9373,0.8964,0.6774,1.3182,PepSet_dimer_output_esmfold2_fast_loop10_samplingsteps68,6h7b,0.906,0.977,1.318,0.83
6h7b,44,3,0.9421,0.8843,0.9344,0.9364,0.8937,0.6543,1.5454,PepSet_dimer_output_esmfold2_fast_loop10_samplingsteps68,6h7b,0.876,0.93,1.545,0.914
6h7b,44,4,0.9428,0.8858,0.9352,0.9371,0.8954,0.6413,1.3343,PepSet_dimer_output_esmfold2_fast_loop10_samplingsteps68,6h7b,0.907,0.977,1.334,0.826
