complex,seed,id,chain_plddt_mean_A,chain_plddt_mean_B,plddt_mean,ptm,iptm,protein_rmsd,peptide_rmsd,method,ref_pdb,dockq_score,fnat,lrmsd,irmsd
1a0n,42,0,0.7836,0.5933,0.7466,0.6614,0.3594,0.9038,7.8837,PepSet_dimer_output_esmfold2,1a0n,0.507,0.783,7.884,2.983
1a0n,42,1,0.7905,0.6042,0.7543,0.6658,0.3851,0.805,6.9489,PepSet_dimer_output_esmfold2,1a0n,0.558,0.826,6.949,2.612
1a0n,42,2,0.7823,0.5934,0.7455,0.6571,0.3882,0.7808,3.8426,PepSet_dimer_output_esmfold2,1a0n,0.699,0.826,3.843,1.686
1a0n,42,3,0.7822,0.5929,0.7454,0.6601,0.3766,0.8646,5.5353,PepSet_dimer_output_esmfold2,1a0n,0.601,0.783,5.535,2.202
1a0n,42,4,0.7858,0.5982,0.7493,0.6632,0.3881,0.7632,6.068,PepSet_dimer_output_esmfold2,1a0n,0.591,0.826,6.068,2.375
1a0n,43,0,0.7842,0.5994,0.7483,0.6578,0.3751,0.8364,7.6938,PepSet_dimer_output_esmfold2,1a0n,0.523,0.826,7.694,3.059
1a0n,43,1,0.7844,0.6004,0.7486,0.6589,0.3756,0.8574,8.618,PepSet_dimer_output_esmfold2,1a0n,0.498,0.826,8.618,3.245
1a0n,43,2,0.7824,0.596,0.7462,0.6593,0.3874,0.8424,4.3388,PepSet_dimer_output_esmfold2,1a0n,0.662,0.826,4.339,1.968
1a0n,43,3,0.7821,0.6031,0.7473,0.6586,0.3869,0.8723,8.2102,PepSet_dimer_output_esmfold2,1a0n,0.513,0.826,8.21,3.051
1a0n,43,4,0.7828,0.5985,0.747,0.6591,0.3833,0.7709,6.643,PepSet_dimer_output_esmfold2,1a0n,0.568,0.826,6.643,2.552
1a0n,44,0,0.7839,0.6029,0.7487,0.6604,0.3887,0.7412,6.5962,PepSet_dimer_output_esmfold2,1a0n,0.572,0.826,6.596,2.5
1a0n,44,1,0.7829,0.597,0.7467,0.6584,0.3782,0.7261,5.609,PepSet_dimer_output_esmfold2,1a0n,0.614,0.826,5.609,2.196
1a0n,44,2,0.7865,0.6022,0.7506,0.6637,0.393,0.7842,7.4188,PepSet_dimer_output_esmfold2,1a0n,0.538,0.826,7.419,2.815
1a0n,44,3,0.7858,0.6053,0.7507,0.6631,0.3854,0.8537,7.5478,PepSet_dimer_output_esmfold2,1a0n,0.534,0.826,7.548,2.859
1a0n,44,4,0.7848,0.6022,0.7493,0.6581,0.3807,0.7514,6.2171,PepSet_dimer_output_esmfold2,1a0n,0.565,0.783,6.217,2.523
1cqg,42,0,0.7996,0.523,0.7691,0.7728,0.4387,0.8466,9.6281,PepSet_dimer_output_esmfold2,1cqg,0.463,0.821,9.628,3.885
1cqg,42,1,0.7999,0.532,0.7704,0.7747,0.4591,0.8339,7.1305,PepSet_dimer_output_esmfold2,1cqg,0.528,0.821,7.13,3.246
1cqg,42,2,0.8044,0.529,0.774,0.7794,0.4621,0.8674,8.5032,PepSet_dimer_output_esmfold2,1cqg,0.467,0.75,8.503,3.575
1cqg,42,3,0.7999,0.5094,0.7679,0.7729,0.4434,0.8389,6.1138,PepSet_dimer_output_esmfold2,1cqg,0.553,0.75,6.114,2.604
1cqg,42,4,0.7995,0.5341,0.7703,0.7738,0.4424,0.8791,7.4586,PepSet_dimer_output_esmfold2,1cqg,0.501,0.75,7.459,3.126
1cqg,43,0,0.8032,0.5375,0.7739,0.7786,0.4415,0.856,8.1832,PepSet_dimer_output_esmfold2,1cqg,0.483,0.786,8.183,3.642
1cqg,43,1,0.7991,0.5282,0.7693,0.7731,0.4495,0.8614,10.0004,PepSet_dimer_output_esmfold2,1cqg,0.429,0.75,10.0,4.108
1cqg,43,2,0.7968,0.529,0.7673,0.7729,0.4268,0.9021,7.5701,PepSet_dimer_output_esmfold2,1cqg,0.526,0.857,7.57,3.411
1cqg,43,3,0.7981,0.5135,0.7667,0.7714,0.4349,0.8769,10.8183,PepSet_dimer_output_esmfold2,1cqg,0.399,0.714,10.818,4.495
1cqg,43,4,0.8007,0.5363,0.7716,0.776,0.4379,0.8645,7.0651,PepSet_dimer_output_esmfold2,1cqg,0.509,0.75,7.065,3.143
1cqg,44,0,0.7973,0.5286,0.7677,0.7721,0.44,0.8754,5.2141,PepSet_dimer_output_esmfold2,1cqg,0.591,0.786,5.214,2.526
1cqg,44,1,0.8007,0.5274,0.7706,0.7744,0.4371,0.876,10.0456,PepSet_dimer_output_esmfold2,1cqg,0.423,0.714,10.046,3.752
1cqg,44,2,0.802,0.5311,0.7722,0.7776,0.4557,0.8618,9.161,PepSet_dimer_output_esmfold2,1cqg,0.447,0.75,9.161,3.933
1cqg,44,3,0.8008,0.5134,0.7691,0.7754,0.4349,0.8207,7.0823,PepSet_dimer_output_esmfold2,1cqg,0.517,0.786,7.082,3.255
1cqg,44,4,0.7991,0.5362,0.7701,0.775,0.4413,0.8443,7.5688,PepSet_dimer_output_esmfold2,1cqg,0.493,0.75,7.569,3.317
1czy,42,0,0.943,0.8116,0.9378,0.9531,0.8606,0.6171,6.4817,PepSet_dimer_output_esmfold2,1czy,0.437,0.318,6.482,1.992
1czy,42,1,0.9447,0.8159,0.9395,0.955,0.8646,0.6389,6.3734,PepSet_dimer_output_esmfold2,1czy,0.444,0.318,6.373,1.939
1czy,42,2,0.9379,0.6612,0.9268,0.9461,0.7089,0.5492,6.4418,PepSet_dimer_output_esmfold2,1czy,0.432,0.295,6.442,1.973
1czy,42,3,0.9439,0.8129,0.9387,0.9547,0.8621,0.6135,6.4309,PepSet_dimer_output_esmfold2,1czy,0.449,0.341,6.431,1.963
1czy,42,4,0.9348,0.699,0.9254,0.9363,0.7454,1.0391,6.7454,PepSet_dimer_output_esmfold2,1czy,0.422,0.295,6.745,2.01
1czy,43,0,0.9304,0.4924,0.9129,0.9366,0.4866,0.5895,3.1883,PepSet_dimer_output_esmfold2,1czy,0.645,0.386,3.188,1.046
1czy,43,1,0.9357,0.694,0.9261,0.9432,0.7458,0.7552,6.761,PepSet_dimer_output_esmfold2,1czy,0.42,0.295,6.761,2.039
1czy,43,2,0.9444,0.8072,0.939,0.9534,0.8588,0.6516,6.5873,PepSet_dimer_output_esmfold2,1czy,0.442,0.341,6.587,1.996
1czy,43,3,0.9443,0.805,0.9387,0.9553,0.8585,0.5947,6.8184,PepSet_dimer_output_esmfold2,1czy,0.416,0.295,6.818,2.075
1czy,43,4,0.9378,0.6965,0.9281,0.9444,0.746,0.7261,6.2943,PepSet_dimer_output_esmfold2,1czy,0.448,0.318,6.294,1.914
1czy,44,0,0.9388,0.6994,0.9292,0.9471,0.7549,0.5795,6.354,PepSet_dimer_output_esmfold2,1czy,0.442,0.318,6.354,1.971
1czy,44,1,0.9366,0.6139,0.9237,0.9434,0.6372,0.6278,4.0628,PepSet_dimer_output_esmfold2,1czy,0.602,0.409,4.063,1.266
1czy,44,2,0.9347,0.6955,0.9251,0.9423,0.7506,0.7517,6.5524,PepSet_dimer_output_esmfold2,1czy,0.427,0.295,6.552,2.014
1czy,44,3,0.9385,0.6749,0.9279,0.945,0.7292,0.7518,6.5557,PepSet_dimer_output_esmfold2,1czy,0.421,0.273,6.556,1.982
1czy,44,4,0.9386,0.6974,0.929,0.9473,0.7469,0.6321,6.5598,PepSet_dimer_output_esmfold2,1czy,0.435,0.318,6.56,2.002
1ddv,42,0,0.8041,0.5515,0.7904,0.761,0.4456,0.5514,6.8449,PepSet_dimer_output_esmfold2,1ddv,0.518,0.625,6.845,2.174
1ddv,42,1,0.7875,0.538,0.7739,0.7408,0.4175,0.5279,6.4183,PepSet_dimer_output_esmfold2,1ddv,0.515,0.562,6.418,2.068
1ddv,42,2,0.7904,0.5453,0.7771,0.7397,0.4257,0.5228,7.072,PepSet_dimer_output_esmfold2,1ddv,0.487,0.562,7.072,2.25
1ddv,42,3,0.7995,0.5418,0.7854,0.7555,0.4339,0.5599,6.4833,PepSet_dimer_output_esmfold2,1ddv,0.512,0.562,6.483,2.084
1ddv,42,4,0.7845,0.5246,0.7703,0.7358,0.4065,0.5317,7.0848,PepSet_dimer_output_esmfold2,1ddv,0.485,0.562,7.085,2.275
1ddv,43,0,0.7911,0.5492,0.7779,0.7414,0.4305,0.556,7.1511,PepSet_dimer_output_esmfold2,1ddv,0.504,0.625,7.151,2.279
1ddv,43,1,0.7884,0.5493,0.7754,0.7386,0.4306,0.5144,6.7422,PepSet_dimer_output_esmfold2,1ddv,0.522,0.625,6.742,2.154
1ddv,43,2,0.7863,0.5326,0.7724,0.7387,0.414,0.5912,7.609,PepSet_dimer_output_esmfold2,1ddv,0.466,0.562,7.609,2.404
1ddv,43,3,0.785,0.5411,0.7717,0.7352,0.421,0.5501,7.3102,PepSet_dimer_output_esmfold2,1ddv,0.478,0.562,7.31,2.304
1ddv,43,4,0.8029,0.4117,0.7816,0.7598,0.2319,0.6035,4.9265,PepSet_dimer_output_esmfold2,1ddv,0.472,0.25,4.927,1.769
1ddv,44,0,0.8038,0.5547,0.7902,0.7584,0.4513,0.5671,5.9923,PepSet_dimer_output_esmfold2,1ddv,0.535,0.562,5.992,1.933
1ddv,44,1,0.7905,0.5416,0.7769,0.7436,0.4238,0.5343,6.733,PepSet_dimer_output_esmfold2,1ddv,0.503,0.562,6.733,2.122
1ddv,44,2,0.7884,0.5347,0.7745,0.7418,0.4176,0.5484,7.1924,PepSet_dimer_output_esmfold2,1ddv,0.483,0.562,7.192,2.272
1ddv,44,3,0.7939,0.5255,0.7793,0.747,0.4163,0.6176,6.0114,PepSet_dimer_output_esmfold2,1ddv,0.536,0.562,6.011,1.915
1ddv,44,4,0.7858,0.5278,0.7717,0.7338,0.4123,0.4947,6.7805,PepSet_dimer_output_esmfold2,1ddv,0.48,0.5,6.78,2.146
1eg4,42,0,0.9428,0.6742,0.93,0.9562,0.7743,0.8629,1.8374,PepSet_dimer_output_esmfold2,1eg4,0.849,0.844,1.837,0.87
1eg4,42,1,0.9429,0.6811,0.9305,0.9563,0.773,1.0239,7.186,PepSet_dimer_output_esmfold2,1eg4,0.537,0.844,7.186,3.147
1eg4,42,2,0.9441,0.6601,0.9306,0.9571,0.7673,0.8092,3.4666,PepSet_dimer_output_esmfold2,1eg4,0.717,0.781,3.467,1.465
1eg4,42,3,0.9437,0.6673,0.9305,0.9567,0.7725,0.8072,4.0299,PepSet_dimer_output_esmfold2,1eg4,0.651,0.688,4.03,1.657
1eg4,42,4,0.9446,0.6826,0.9321,0.9568,0.7783,1.1097,7.9581,PepSet_dimer_output_esmfold2,1eg4,0.489,0.781,7.958,3.544
1eg4,43,0,0.9437,0.6746,0.9309,0.9567,0.7724,0.8047,3.6045,PepSet_dimer_output_esmfold2,1eg4,0.724,0.844,3.604,1.562
1eg4,43,1,0.9429,0.6851,0.9306,0.9566,0.7799,0.8925,7.73,PepSet_dimer_output_esmfold2,1eg4,0.517,0.844,7.73,3.429
1eg4,43,2,0.9452,0.6609,0.9317,0.9575,0.7757,1.0444,4.7351,PepSet_dimer_output_esmfold2,1eg4,0.625,0.75,4.735,1.989
1eg4,43,3,0.9435,0.6624,0.9302,0.9564,0.7727,0.7643,4.6904,PepSet_dimer_output_esmfold2,1eg4,0.656,0.844,4.69,2.004
1eg4,43,4,0.9437,0.6679,0.9306,0.9565,0.7682,1.0186,4.8356,PepSet_dimer_output_esmfold2,1eg4,0.634,0.812,4.836,2.119
1eg4,44,0,0.9429,0.6585,0.9294,0.956,0.7592,1.0391,5.7579,PepSet_dimer_output_esmfold2,1eg4,0.54,0.656,5.758,2.419
1eg4,44,1,0.9452,0.6776,0.9325,0.958,0.7795,1.0418,2.0714,PepSet_dimer_output_esmfold2,1eg4,0.835,0.844,2.071,0.945
1eg4,44,2,0.9453,0.6654,0.932,0.9565,0.7722,1.076,6.758,PepSet_dimer_output_esmfold2,1eg4,0.514,0.719,6.758,2.909
1eg4,44,3,0.9442,0.6705,0.9312,0.9572,0.7743,1.0986,2.135,PepSet_dimer_output_esmfold2,1eg4,0.802,0.781,2.135,1.017
1eg4,44,4,0.9448,0.6407,0.9303,0.9566,0.7827,1.0242,8.4778,PepSet_dimer_output_esmfold2,1eg4,0.433,0.656,8.478,3.694
1f47,42,0,0.9013,0.8219,0.8929,0.9187,0.8525,0.7346,2.1955,PepSet_dimer_output_esmfold2,1f47,0.866,0.938,2.196,0.926
1f47,42,1,0.9021,0.8252,0.894,0.9199,0.8576,0.7256,1.8776,PepSet_dimer_output_esmfold2,1f47,0.869,0.906,1.878,0.873
1f47,42,2,0.902,0.8136,0.8927,0.9187,0.8442,0.67,1.6567,PepSet_dimer_output_esmfold2,1f47,0.891,0.906,1.657,0.741
1f47,42,3,0.9028,0.8207,0.8941,0.9198,0.8527,0.8321,1.9178,PepSet_dimer_output_esmfold2,1f47,0.87,0.906,1.918,0.864
1f47,42,4,0.8997,0.8252,0.8918,0.9176,0.8576,0.7975,2.1571,PepSet_dimer_output_esmfold2,1f47,0.842,0.906,2.157,1.031
1f47,43,0,0.9039,0.827,0.8958,0.9216,0.8596,0.7185,2.1118,PepSet_dimer_output_esmfold2,1f47,0.862,0.906,2.112,0.891
1f47,43,1,0.9014,0.8124,0.892,0.9178,0.847,0.7722,2.4433,PepSet_dimer_output_esmfold2,1f47,0.814,0.875,2.443,1.118
1f47,43,2,0.9036,0.826,0.8954,0.9208,0.8594,0.7345,2.0027,PepSet_dimer_output_esmfold2,1f47,0.86,0.906,2.003,0.921
1f47,43,3,0.9011,0.825,0.893,0.9192,0.8568,0.8179,1.8553,PepSet_dimer_output_esmfold2,1f47,0.892,0.938,1.855,0.786
1f47,43,4,0.9019,0.8227,0.8935,0.9201,0.8565,0.6326,2.2778,PepSet_dimer_output_esmfold2,1f47,0.86,0.906,2.278,0.888
1f47,44,0,0.902,0.8263,0.894,0.9193,0.8594,0.7831,2.0309,PepSet_dimer_output_esmfold2,1f47,0.854,0.906,2.031,0.958
1f47,44,1,0.8984,0.8248,0.8906,0.916,0.8566,1.257,2.2152,PepSet_dimer_output_esmfold2,1f47,0.855,0.875,2.215,0.856
1f47,44,2,0.8997,0.8253,0.8918,0.9181,0.8562,0.7905,2.4826,PepSet_dimer_output_esmfold2,1f47,0.827,0.906,2.483,1.094
1f47,44,3,0.9032,0.8246,0.8949,0.9206,0.8577,0.806,2.1375,PepSet_dimer_output_esmfold2,1f47,0.861,0.906,2.137,0.9
1f47,44,4,0.9017,0.8249,0.8936,0.9191,0.857,0.6603,1.8851,PepSet_dimer_output_esmfold2,1f47,0.878,0.906,1.885,0.806
1f8h,42,0,0.8881,0.7668,0.8809,0.8898,0.7704,1.0563,1.928,PepSet_dimer_output_esmfold2,1f8h,0.786,0.739,1.928,1.054
1f8h,42,1,0.8871,0.7688,0.8801,0.8905,0.7817,1.1262,2.0721,PepSet_dimer_output_esmfold2,1f8h,0.783,0.739,2.072,1.059
1f8h,42,2,0.889,0.769,0.8819,0.8923,0.782,1.0541,2.1389,PepSet_dimer_output_esmfold2,1f8h,0.777,0.739,2.139,1.1
1f8h,42,3,0.8859,0.7652,0.8787,0.8875,0.7733,1.0512,1.9425,PepSet_dimer_output_esmfold2,1f8h,0.797,0.783,1.943,1.079
1f8h,42,4,0.882,0.7386,0.8735,0.8843,0.7331,1.0741,2.446,PepSet_dimer_output_esmfold2,1f8h,0.712,0.609,2.446,1.213
1f8h,43,0,0.8875,0.766,0.8803,0.8902,0.7732,1.0294,1.6841,PepSet_dimer_output_esmfold2,1f8h,0.81,0.783,1.684,1.014
1f8h,43,1,0.8827,0.761,0.8755,0.8844,0.7717,1.0232,1.8936,PepSet_dimer_output_esmfold2,1f8h,0.777,0.696,1.894,1.02
1f8h,43,2,0.8904,0.7614,0.8828,0.8931,0.7657,1.0598,1.7726,PepSet_dimer_output_esmfold2,1f8h,0.822,0.826,1.773,1.024
1f8h,43,3,0.8873,0.7609,0.8798,0.8908,0.7723,1.0769,1.7132,PepSet_dimer_output_esmfold2,1f8h,0.752,0.609,1.713,1.014
1f8h,43,4,0.8879,0.7618,0.8804,0.8895,0.7629,1.0595,2.1207,PepSet_dimer_output_esmfold2,1f8h,0.748,0.652,2.121,1.1
1f8h,44,0,0.8893,0.7543,0.8813,0.8912,0.7636,1.0639,1.5921,PepSet_dimer_output_esmfold2,1f8h,0.768,0.652,1.592,1.017
1f8h,44,1,0.8877,0.7596,0.8801,0.889,0.759,1.0845,2.4372,PepSet_dimer_output_esmfold2,1f8h,0.756,0.739,2.437,1.212
1f8h,44,2,0.8915,0.7629,0.8839,0.8939,0.7665,1.0724,1.6591,PepSet_dimer_output_esmfold2,1f8h,0.816,0.783,1.659,0.977
1f8h,44,3,0.8906,0.7718,0.8835,0.8931,0.7741,1.0717,2.3929,PepSet_dimer_output_esmfold2,1f8h,0.775,0.783,2.393,1.182
1f8h,44,4,0.8888,0.7732,0.882,0.8927,0.7831,1.0376,1.9413,PepSet_dimer_output_esmfold2,1f8h,0.756,0.652,1.941,1.066
1j2x,42,0,0.8788,0.7981,0.8623,0.8631,0.7948,2.3821,4.523,PepSet_dimer_output_esmfold2,1j2x,0.631,0.795,4.523,2.194
1j2x,42,1,0.8812,0.7964,0.8639,0.864,0.7993,2.1231,5.8152,PepSet_dimer_output_esmfold2,1j2x,0.576,0.821,5.815,2.771
1j2x,42,2,0.8793,0.8018,0.8634,0.8636,0.7952,2.1664,3.9234,PepSet_dimer_output_esmfold2,1j2x,0.661,0.795,3.923,1.983
1j2x,42,3,0.8797,0.7953,0.8624,0.8617,0.7881,2.2573,3.5216,PepSet_dimer_output_esmfold2,1j2x,0.722,0.897,3.522,1.782
1j2x,42,4,0.88,0.8032,0.8643,0.8627,0.7945,2.1468,3.2735,PepSet_dimer_output_esmfold2,1j2x,0.721,0.846,3.273,1.671
1j2x,43,0,0.878,0.7901,0.86,0.8591,0.7864,2.4774,3.4516,PepSet_dimer_output_esmfold2,1j2x,0.728,0.821,3.452,1.489
1j2x,43,1,0.8778,0.7849,0.8588,0.8615,0.7916,1.9956,3.2514,PepSet_dimer_output_esmfold2,1j2x,0.735,0.872,3.251,1.62
1j2x,43,2,0.8811,0.8048,0.8655,0.8645,0.7964,2.1626,3.9632,PepSet_dimer_output_esmfold2,1j2x,0.687,0.872,3.963,1.969
1j2x,43,3,0.8814,0.8066,0.8661,0.866,0.7991,2.0887,3.9196,PepSet_dimer_output_esmfold2,1j2x,0.678,0.846,3.92,1.988
1j2x,43,4,0.8763,0.7969,0.8601,0.8595,0.7908,2.1213,5.7479,PepSet_dimer_output_esmfold2,1j2x,0.587,0.846,5.748,2.746
1j2x,44,0,0.8788,0.798,0.8623,0.8627,0.7918,2.1963,3.8144,PepSet_dimer_output_esmfold2,1j2x,0.692,0.872,3.814,1.952
1j2x,44,1,0.8769,0.8038,0.862,0.8633,0.7926,1.8015,3.6553,PepSet_dimer_output_esmfold2,1j2x,0.693,0.846,3.655,1.882
1j2x,44,2,0.8738,0.7991,0.8585,0.8583,0.7833,1.8591,3.8572,PepSet_dimer_output_esmfold2,1j2x,0.659,0.769,3.857,1.924
1j2x,44,3,0.8729,0.7835,0.8546,0.857,0.7828,1.8973,2.0082,PepSet_dimer_output_esmfold2,1j2x,0.823,0.846,2.008,1.038
1j2x,44,4,0.8809,0.7953,0.8634,0.8647,0.8028,2.1893,4.5303,PepSet_dimer_output_esmfold2,1j2x,0.646,0.846,4.53,2.227
1jd5,42,0,0.953,0.927,0.9511,0.9623,0.9618,0.4101,1.2571,PepSet_dimer_output_esmfold2,1jd5,0.943,0.973,1.257,0.564
1jd5,42,1,0.9526,0.9266,0.9508,0.9615,0.9617,0.7055,1.3361,PepSet_dimer_output_esmfold2,1jd5,0.944,0.973,1.336,0.549
1jd5,42,2,0.9528,0.9245,0.9508,0.9617,0.9588,0.3588,1.1147,PepSet_dimer_output_esmfold2,1jd5,0.958,0.973,1.115,0.445
1jd5,42,3,0.9528,0.9246,0.9508,0.9621,0.9601,0.4025,1.1795,PepSet_dimer_output_esmfold2,1jd5,0.949,0.973,1.18,0.517
1jd5,42,4,0.9537,0.9257,0.9517,0.9629,0.9608,0.4012,1.3404,PepSet_dimer_output_esmfold2,1jd5,0.946,0.973,1.34,0.531
1jd5,43,0,0.9518,0.9229,0.9498,0.9607,0.9589,0.7246,1.2567,PepSet_dimer_output_esmfold2,1jd5,0.943,0.973,1.257,0.564
1jd5,43,1,0.9526,0.9255,0.9507,0.9621,0.96,0.4474,1.2098,PepSet_dimer_output_esmfold2,1jd5,0.945,0.973,1.21,0.547
1jd5,43,2,0.9529,0.9235,0.9508,0.9624,0.9592,0.3312,1.0301,PepSet_dimer_output_esmfold2,1jd5,0.961,0.973,1.03,0.426
1jd5,43,3,0.9518,0.9241,0.9499,0.9606,0.9596,0.7457,1.4278,PepSet_dimer_output_esmfold2,1jd5,0.946,0.973,1.428,0.523
1jd5,43,4,0.953,0.9245,0.9509,0.9622,0.9603,0.4449,1.1781,PepSet_dimer_output_esmfold2,1jd5,0.944,0.973,1.178,0.559
1jd5,44,0,0.9518,0.9231,0.9497,0.9611,0.9594,0.4549,1.1218,PepSet_dimer_output_esmfold2,1jd5,0.945,0.973,1.122,0.552
1jd5,44,1,0.9524,0.9263,0.9505,0.9618,0.9621,0.3888,1.2889,PepSet_dimer_output_esmfold2,1jd5,0.947,0.973,1.289,0.529
1jd5,44,2,0.952,0.9252,0.9501,0.9605,0.9595,0.767,1.2325,PepSet_dimer_output_esmfold2,1jd5,0.952,0.973,1.232,0.488
1jd5,44,3,0.951,0.922,0.949,0.9605,0.9585,0.4454,1.3716,PepSet_dimer_output_esmfold2,1jd5,0.93,0.973,1.372,0.649
1jd5,44,4,0.9522,0.9232,0.9502,0.9616,0.9583,0.5224,1.0629,PepSet_dimer_output_esmfold2,1jd5,0.95,0.973,1.063,0.517
1jq8,42,0,0.9366,0.3861,0.9147,0.944,0.3196,0.6914,11.8117,PepSet_dimer_output_esmfold2,1jq8,0.303,0.386,11.812,3.185
1jq8,42,1,0.9384,0.4288,0.9182,0.9457,0.3883,0.6675,4.5649,PepSet_dimer_output_esmfold2,1jq8,0.6,0.455,4.565,1.305
1jq8,42,2,0.9393,0.4578,0.9201,0.9468,0.415,0.7032,9.0395,PepSet_dimer_output_esmfold2,1jq8,0.36,0.341,9.04,2.471
1jq8,42,3,0.9392,0.4475,0.9197,0.9473,0.3991,0.6164,5.7528,PepSet_dimer_output_esmfold2,1jq8,0.513,0.386,5.753,1.606
1jq8,42,4,0.9384,0.4477,0.919,0.9472,0.4127,0.6207,7.9418,PepSet_dimer_output_esmfold2,1jq8,0.416,0.386,7.942,2.155
1jq8,43,0,0.9381,0.4464,0.9186,0.9459,0.4024,0.6384,5.1009,PepSet_dimer_output_esmfold2,1jq8,0.546,0.386,5.101,1.449
1jq8,43,1,0.9394,0.4609,0.9205,0.9465,0.4282,0.6159,9.2144,PepSet_dimer_output_esmfold2,1jq8,0.364,0.364,9.214,2.482
1jq8,43,2,0.9338,0.4407,0.9142,0.9444,0.3908,0.6893,7.6222,PepSet_dimer_output_esmfold2,1jq8,0.421,0.364,7.622,2.073
1jq8,43,3,0.937,0.3858,0.9152,0.9448,0.3131,0.6593,10.351,PepSet_dimer_output_esmfold2,1jq8,0.299,0.273,10.351,2.817
1jq8,43,4,0.9378,0.4114,0.917,0.9445,0.3542,0.6696,10.5692,PepSet_dimer_output_esmfold2,1jq8,0.272,0.205,10.569,2.823
1jq8,44,0,0.9398,0.4507,0.9204,0.9487,0.4236,0.6666,5.9879,PepSet_dimer_output_esmfold2,1jq8,0.472,0.295,5.988,1.654
1jq8,44,1,0.9395,0.4602,0.9204,0.9477,0.427,0.6816,6.2211,PepSet_dimer_output_esmfold2,1jq8,0.481,0.364,6.221,1.735
1jq8,44,2,0.9381,0.4586,0.9191,0.9471,0.4232,0.6835,6.3175,PepSet_dimer_output_esmfold2,1jq8,0.494,0.409,6.318,1.732
1jq8,44,3,0.9395,0.461,0.9205,0.9474,0.4232,0.6501,4.2277,PepSet_dimer_output_esmfold2,1jq8,0.617,0.455,4.228,1.24
1jq8,44,4,0.9387,0.4505,0.9194,0.9467,0.4155,0.6924,5.9275,PepSet_dimer_output_esmfold2,1jq8,0.475,0.295,5.927,1.638
1jw6,42,0,0.9248,0.4101,0.9121,0.9499,0.4374,0.5923,44.7201,PepSet_dimer_output_esmfold2,1jw6,0.015,0.0,44.72,13.952
1jw6,42,1,0.9238,0.3638,0.91,0.9473,0.357,0.7103,42.4667,PepSet_dimer_output_esmfold2,1jw6,0.017,0.0,42.467,13.235
1jw6,42,2,0.9255,0.3941,0.9124,0.9499,0.4279,0.6137,45.0468,PepSet_dimer_output_esmfold2,1jw6,0.015,0.0,45.047,14.048
1jw6,42,3,0.9234,0.3748,0.9098,0.9485,0.4009,0.5211,45.658,PepSet_dimer_output_esmfold2,1jw6,0.015,0.0,45.658,14.217
1jw6,42,4,0.9239,0.3541,0.9099,0.9475,0.3615,0.6277,44.7903,PepSet_dimer_output_esmfold2,1jw6,0.015,0.0,44.79,13.825
1jw6,43,0,0.924,0.348,0.9098,0.9472,0.37,0.7713,46.2333,PepSet_dimer_output_esmfold2,1jw6,0.015,0.0,46.233,14.234
1jw6,43,1,0.923,0.3666,0.9093,0.9473,0.3999,0.7548,45.2512,PepSet_dimer_output_esmfold2,1jw6,0.015,0.0,45.251,13.972
1jw6,43,2,0.9239,0.3373,0.9094,0.9475,0.3446,0.5306,45.4577,PepSet_dimer_output_esmfold2,1jw6,0.015,0.0,45.458,13.969
1jw6,43,3,0.9227,0.3165,0.9077,0.9465,0.3307,0.5377,47.8631,PepSet_dimer_output_esmfold2,1jw6,0.014,0.0,47.863,14.711
1jw6,43,4,0.9243,0.3818,0.9109,0.9488,0.3999,0.6169,46.067,PepSet_dimer_output_esmfold2,1jw6,0.015,0.0,46.067,14.312
1jw6,44,0,0.9243,0.3543,0.9102,0.9479,0.3701,0.6492,45.6689,PepSet_dimer_output_esmfold2,1jw6,0.015,0.0,45.669,14.104
1jw6,44,1,0.9187,0.205,0.9011,0.9392,0.0942,0.5441,15.1716,PepSet_dimer_output_esmfold2,1jw6,0.136,0.067,15.172,4.414
1jw6,44,2,0.9242,0.3621,0.9103,0.9481,0.3609,0.617,43.911,PepSet_dimer_output_esmfold2,1jw6,0.016,0.0,43.911,13.617
1jw6,44,3,0.9241,0.3888,0.9109,0.9487,0.4244,0.6906,45.6128,PepSet_dimer_output_esmfold2,1jw6,0.015,0.0,45.613,14.225
1jw6,44,4,0.9245,0.3744,0.9109,0.9486,0.4004,0.603,45.1115,PepSet_dimer_output_esmfold2,1jw6,0.015,0.0,45.111,14.082
1l2z,42,0,0.7675,0.5507,0.7348,0.656,0.3521,1.2608,4.5007,PepSet_dimer_output_esmfold2,1l2z,0.592,0.679,4.501,2.211
1l2z,42,1,0.7667,0.5578,0.7352,0.6582,0.351,1.1968,2.59,PepSet_dimer_output_esmfold2,1l2z,0.718,0.714,2.59,1.428
1l2z,42,2,0.7733,0.5642,0.7418,0.6662,0.368,1.1419,3.2357,PepSet_dimer_output_esmfold2,1l2z,0.684,0.75,3.236,1.733
1l2z,42,3,0.7703,0.557,0.7382,0.6607,0.3498,1.1436,4.1893,PepSet_dimer_output_esmfold2,1l2z,0.65,0.786,4.189,2.001
1l2z,42,4,0.7671,0.5469,0.7339,0.6558,0.3444,1.1137,3.7808,PepSet_dimer_output_esmfold2,1l2z,0.661,0.786,3.781,1.994
1l2z,43,0,0.7654,0.5482,0.7327,0.6539,0.3466,1.2502,3.647,PepSet_dimer_output_esmfold2,1l2z,0.66,0.75,3.647,1.895
1l2z,43,1,0.7732,0.563,0.7416,0.6658,0.3694,1.1718,3.5445,PepSet_dimer_output_esmfold2,1l2z,0.655,0.714,3.544,1.837
1l2z,43,2,0.7637,0.5491,0.7314,0.6526,0.3466,1.1038,3.3987,PepSet_dimer_output_esmfold2,1l2z,0.667,0.714,3.399,1.742
1l2z,43,3,0.7685,0.5488,0.7354,0.6579,0.3391,1.1352,3.9972,PepSet_dimer_output_esmfold2,1l2z,0.615,0.679,3.997,2.05
1l2z,43,4,0.7708,0.5513,0.7378,0.6601,0.3583,1.102,4.1093,PepSet_dimer_output_esmfold2,1l2z,0.607,0.679,4.109,2.126
1l2z,44,0,0.7719,0.5602,0.74,0.664,0.3612,1.2035,4.2979,PepSet_dimer_output_esmfold2,1l2z,0.628,0.75,4.298,2.1
1l2z,44,1,0.7658,0.5505,0.7333,0.6552,0.35,1.2445,3.5708,PepSet_dimer_output_esmfold2,1l2z,0.669,0.75,3.571,1.81
1l2z,44,2,0.7668,0.5515,0.7343,0.655,0.3492,1.2067,3.3117,PepSet_dimer_output_esmfold2,1l2z,0.685,0.75,3.312,1.701
1l2z,44,3,0.7617,0.5467,0.7293,0.6487,0.3429,1.1554,4.264,PepSet_dimer_output_esmfold2,1l2z,0.613,0.714,4.264,2.154
1l2z,44,4,0.7711,0.553,0.7382,0.6621,0.3509,1.2004,3.6398,PepSet_dimer_output_esmfold2,1l2z,0.694,0.821,3.64,1.774
1lb6,42,0,0.9204,0.8863,0.9185,0.9425,0.946,1.0217,0.7423,PepSet_dimer_output_esmfold2,1lb6,0.958,0.946,0.742,0.39
1lb6,42,1,0.9234,0.8875,0.9214,0.9443,0.9447,1.2347,0.762,PepSet_dimer_output_esmfold2,1lb6,0.962,0.946,0.762,0.35
1lb6,42,2,0.9228,0.8879,0.9209,0.9437,0.9468,1.4702,1.0533,PepSet_dimer_output_esmfold2,1lb6,0.95,0.946,1.053,0.441
1lb6,42,3,0.922,0.8827,0.9199,0.9426,0.9433,1.238,0.7865,PepSet_dimer_output_esmfold2,1lb6,0.954,0.946,0.786,0.426
1lb6,42,4,0.9231,0.8869,0.9211,0.9445,0.9451,1.3189,0.8546,PepSet_dimer_output_esmfold2,1lb6,0.958,0.946,0.855,0.387
1lb6,43,0,0.9208,0.888,0.919,0.9407,0.9444,2.2419,0.6248,PepSet_dimer_output_esmfold2,1lb6,0.973,0.973,0.625,0.339
1lb6,43,1,0.9199,0.8887,0.9182,0.9402,0.9461,2.129,0.703,PepSet_dimer_output_esmfold2,1lb6,0.971,0.973,0.703,0.358
1lb6,43,2,0.9237,0.8855,0.9216,0.9443,0.9447,1.5386,0.6874,PepSet_dimer_output_esmfold2,1lb6,0.958,0.946,0.687,0.392
1lb6,43,3,0.9237,0.8879,0.9217,0.9447,0.9452,1.332,0.8066,PepSet_dimer_output_esmfold2,1lb6,0.966,0.973,0.807,0.4
1lb6,43,4,0.9233,0.8886,0.9214,0.9452,0.9469,1.2375,0.8321,PepSet_dimer_output_esmfold2,1lb6,0.959,0.946,0.832,0.375
1lb6,44,0,0.9194,0.8871,0.9176,0.9421,0.9458,1.1113,0.7405,PepSet_dimer_output_esmfold2,1lb6,0.959,0.946,0.74,0.387
1lb6,44,1,0.9241,0.884,0.9219,0.9452,0.9431,1.3349,0.8338,PepSet_dimer_output_esmfold2,1lb6,0.955,0.946,0.834,0.418
1lb6,44,2,0.9214,0.8873,0.9196,0.9447,0.9448,1.3201,0.5404,PepSet_dimer_output_esmfold2,1lb6,0.965,0.946,0.54,0.336
1lb6,44,3,0.9241,0.8864,0.922,0.9455,0.9451,1.216,0.6229,PepSet_dimer_output_esmfold2,1lb6,0.964,0.946,0.623,0.343
1lb6,44,4,0.9219,0.8794,0.9195,0.9437,0.9401,1.2826,0.8394,PepSet_dimer_output_esmfold2,1lb6,0.953,0.946,0.839,0.436
1mf4,42,0,0.9547,0.4742,0.9353,0.9593,0.4764,0.308,6.5785,PepSet_dimer_output_esmfold2,1mf4,0.478,0.4,6.579,1.807
1mf4,42,1,0.9553,0.4657,0.9355,0.959,0.4601,0.2208,7.5471,PepSet_dimer_output_esmfold2,1mf4,0.446,0.429,7.547,2.042
1mf4,42,2,0.9559,0.4632,0.9361,0.9586,0.4556,0.2452,5.7019,PepSet_dimer_output_esmfold2,1mf4,0.543,0.457,5.702,1.556
1mf4,42,3,0.9541,0.4226,0.9326,0.9571,0.41,0.2286,3.5586,PepSet_dimer_output_esmfold2,1mf4,0.736,0.657,3.559,0.982
1mf4,42,4,0.9549,0.4395,0.9341,0.9577,0.421,0.2394,8.6414,PepSet_dimer_output_esmfold2,1mf4,0.396,0.4,8.641,2.314
1mf4,43,0,0.9545,0.4185,0.9329,0.9569,0.3864,0.2277,3.7143,PepSet_dimer_output_esmfold2,1mf4,0.749,0.714,3.714,0.996
1mf4,43,1,0.9512,0.4393,0.9305,0.9565,0.4317,0.3435,6.0095,PepSet_dimer_output_esmfold2,1mf4,0.552,0.543,6.01,1.672
1mf4,43,2,0.9532,0.3561,0.9291,0.9549,0.339,0.232,6.9511,PepSet_dimer_output_esmfold2,1mf4,0.458,0.371,6.951,1.82
1mf4,43,3,0.9545,0.4293,0.9334,0.9578,0.4255,0.2128,3.3427,PepSet_dimer_output_esmfold2,1mf4,0.768,0.714,3.343,0.929
1mf4,43,4,0.9543,0.4232,0.9329,0.9573,0.3999,0.2311,2.9397,PepSet_dimer_output_esmfold2,1mf4,0.784,0.686,2.94,0.814
1mf4,44,0,0.9515,0.3441,0.927,0.9528,0.2876,0.253,9.9489,PepSet_dimer_output_esmfold2,1mf4,0.336,0.343,9.949,2.654
1mf4,44,1,0.9546,0.4517,0.9344,0.9578,0.4457,0.2062,5.4558,PepSet_dimer_output_esmfold2,1mf4,0.52,0.343,5.456,1.472
1mf4,44,2,0.9545,0.4405,0.9338,0.9584,0.4336,0.2252,3.4134,PepSet_dimer_output_esmfold2,1mf4,0.716,0.571,3.413,0.943
1mf4,44,3,0.9554,0.4608,0.9354,0.9579,0.4527,0.2244,5.3815,PepSet_dimer_output_esmfold2,1mf4,0.579,0.514,5.382,1.469
1mf4,44,4,0.9546,0.4561,0.9345,0.9576,0.443,0.2376,6.5734,PepSet_dimer_output_esmfold2,1mf4,0.47,0.371,6.573,1.785
1mv0,42,0,0.746,0.5112,0.7114,0.6873,0.3366,1.804,4.9593,PepSet_dimer_output_esmfold2,1mv0,0.486,0.419,4.959,2.329
1mv0,42,1,0.7498,0.5162,0.7153,0.6926,0.3373,1.7137,7.2559,PepSet_dimer_output_esmfold2,1mv0,0.38,0.372,7.256,3.111
1mv0,42,2,0.7454,0.5151,0.7115,0.6888,0.3371,1.9671,7.9698,PepSet_dimer_output_esmfold2,1mv0,0.353,0.372,7.97,3.52
1mv0,42,3,0.7391,0.5176,0.7065,0.6829,0.3374,1.9636,11.0248,PepSet_dimer_output_esmfold2,1mv0,0.279,0.372,11.025,4.674
1mv0,42,4,0.7428,0.5188,0.7098,0.6873,0.3405,2.0415,10.1492,PepSet_dimer_output_esmfold2,1mv0,0.297,0.372,10.149,4.334
1mv0,43,0,0.7452,0.516,0.7114,0.6892,0.3342,1.692,5.1134,PepSet_dimer_output_esmfold2,1mv0,0.51,0.488,5.113,2.247
1mv0,43,1,0.7428,0.5235,0.7105,0.6852,0.356,2.6058,5.0519,PepSet_dimer_output_esmfold2,1mv0,0.515,0.512,5.052,2.315
1mv0,43,2,0.7412,0.5189,0.7084,0.6854,0.3407,1.8261,9.6084,PepSet_dimer_output_esmfold2,1mv0,0.302,0.349,9.608,4.125
1mv0,43,3,0.7478,0.4961,0.7107,0.6899,0.2958,1.7021,10.5895,PepSet_dimer_output_esmfold2,1mv0,0.258,0.256,10.589,3.93
1mv0,43,4,0.7437,0.5045,0.7085,0.6831,0.3301,1.8297,7.7569,PepSet_dimer_output_esmfold2,1mv0,0.375,0.419,7.757,3.417
1mv0,44,0,0.743,0.5104,0.7088,0.6858,0.3371,2.5869,8.2452,PepSet_dimer_output_esmfold2,1mv0,0.356,0.395,8.245,3.47
1mv0,44,1,0.7456,0.5241,0.713,0.6875,0.3394,1.8398,6.1161,PepSet_dimer_output_esmfold2,1mv0,0.437,0.419,6.116,2.726
1mv0,44,2,0.7472,0.5082,0.7119,0.6884,0.3322,2.1213,3.9596,PepSet_dimer_output_esmfold2,1mv0,0.545,0.465,3.96,2.055
1mv0,44,3,0.749,0.5214,0.7155,0.6926,0.3467,2.1087,9.8882,PepSet_dimer_output_esmfold2,1mv0,0.311,0.395,9.888,4.201
1mv0,44,4,0.7463,0.5186,0.7127,0.6901,0.3335,1.8896,4.9773,PepSet_dimer_output_esmfold2,1mv0,0.468,0.349,4.977,2.231
1nrl,42,0,0.8541,0.9018,0.8565,0.8937,0.9752,8.049,2.5594,PepSet_dimer_output_esmfold2,1nrl,0.925,0.974,2.559,0.543
1nrl,42,1,0.8987,0.9026,0.8989,0.9205,0.9755,2.1847,0.7143,PepSet_dimer_output_esmfold2,1nrl,0.954,0.974,0.714,0.516
1nrl,42,2,0.9042,0.9035,0.9042,0.9235,0.9752,2.0123,0.6876,PepSet_dimer_output_esmfold2,1nrl,0.946,0.947,0.688,0.506
1nrl,42,3,0.9015,0.9026,0.9016,0.9195,0.9756,2.0149,0.7311,PepSet_dimer_output_esmfold2,1nrl,0.957,1.0,0.731,0.559
1nrl,42,4,0.8988,0.9017,0.8989,0.9194,0.9745,2.2867,0.8242,PepSet_dimer_output_esmfold2,1nrl,0.961,1.0,0.824,0.52
1nrl,43,0,0.8993,0.9036,0.8995,0.9183,0.9756,2.324,0.7914,PepSet_dimer_output_esmfold2,1nrl,0.934,0.974,0.791,0.66
1nrl,43,1,0.8983,0.9025,0.8986,0.9201,0.9755,2.2863,0.7624,PepSet_dimer_output_esmfold2,1nrl,0.945,0.974,0.762,0.578
1nrl,43,2,0.9008,0.9024,0.9009,0.9225,0.9753,2.5927,0.709,PepSet_dimer_output_esmfold2,1nrl,0.952,0.947,0.709,0.456
1nrl,43,3,0.903,0.9018,0.903,0.9227,0.9749,2.2498,0.7215,PepSet_dimer_output_esmfold2,1nrl,0.948,0.947,0.722,0.494
1nrl,43,4,0.9047,0.9016,0.9045,0.9223,0.9744,1.9277,0.8224,PepSet_dimer_output_esmfold2,1nrl,0.941,0.947,0.822,0.539
1nrl,44,0,0.9039,0.9027,0.9039,0.9217,0.9754,1.966,0.7667,PepSet_dimer_output_esmfold2,1nrl,0.954,0.974,0.767,0.507
1nrl,44,1,0.9049,0.9034,0.9048,0.9233,0.9754,2.1843,0.7333,PepSet_dimer_output_esmfold2,1nrl,0.943,0.974,0.733,0.602
1nrl,44,2,0.9007,0.9035,0.9009,0.9188,0.9754,2.5694,0.655,PepSet_dimer_output_esmfold2,1nrl,0.96,0.974,0.655,0.468
1nrl,44,3,0.9013,0.9044,0.9014,0.9226,0.9764,2.5645,0.6322,PepSet_dimer_output_esmfold2,1nrl,0.95,0.974,0.632,0.55
1nrl,44,4,0.8595,0.9046,0.8618,0.8968,0.9771,7.6612,1.5985,PepSet_dimer_output_esmfold2,1nrl,0.943,1.0,1.599,0.594
1nvq,42,0,0.9333,0.6028,0.9271,0.9571,0.6227,1.3105,1.0003,PepSet_dimer_output_esmfold2,1nvq,0.954,0.96,1.0,0.458
1nvq,42,1,0.9337,0.5284,0.9262,0.9583,0.546,0.6536,1.4836,PepSet_dimer_output_esmfold2,1nvq,0.904,0.88,1.484,0.601
1nvq,42,2,0.9274,0.2404,0.9146,0.9488,0.1262,0.8566,24.9768,PepSet_dimer_output_esmfold2,1nvq,0.046,0.0,24.977,7.907
1nvq,42,3,0.9362,0.5425,0.9289,0.9595,0.5488,0.7645,0.8299,PepSet_dimer_output_esmfold2,1nvq,0.96,0.96,0.83,0.415
1nvq,42,4,0.9365,0.5525,0.9294,0.9607,0.5716,0.6929,0.9784,PepSet_dimer_output_esmfold2,1nvq,0.936,0.92,0.978,0.498
1nvq,43,0,0.9348,0.5445,0.9275,0.9593,0.5534,0.6955,1.0672,PepSet_dimer_output_esmfold2,1nvq,0.926,0.88,1.067,0.463
1nvq,43,1,0.936,0.5682,0.9292,0.9607,0.5917,0.7188,1.2036,PepSet_dimer_output_esmfold2,1nvq,0.918,0.88,1.204,0.514
1nvq,43,2,0.9369,0.5563,0.9298,0.9607,0.5754,0.7357,1.1539,PepSet_dimer_output_esmfold2,1nvq,0.923,0.88,1.154,0.48
1nvq,43,3,0.9371,0.5655,0.9302,0.9614,0.5911,0.6671,1.0662,PepSet_dimer_output_esmfold2,1nvq,0.9,0.8,1.066,0.458
1nvq,43,4,0.9354,0.5468,0.9281,0.9602,0.5426,0.6695,0.9482,PepSet_dimer_output_esmfold2,1nvq,0.931,0.88,0.948,0.422
1nvq,44,0,0.9339,0.5397,0.9265,0.959,0.5431,0.6229,0.971,PepSet_dimer_output_esmfold2,1nvq,0.942,0.92,0.971,0.444
1nvq,44,1,0.937,0.5605,0.93,0.9613,0.5861,0.6839,1.0831,PepSet_dimer_output_esmfold2,1nvq,0.927,0.88,1.083,0.452
1nvq,44,2,0.9361,0.5557,0.929,0.9604,0.5652,0.7366,0.9799,PepSet_dimer_output_esmfold2,1nvq,0.953,0.96,0.98,0.467
1nvq,44,3,0.9368,0.5547,0.9297,0.9613,0.5806,0.6572,1.2693,PepSet_dimer_output_esmfold2,1nvq,0.916,0.88,1.269,0.524
1nvq,44,4,0.9264,0.2697,0.9142,0.9453,0.1561,2.1273,20.539,PepSet_dimer_output_esmfold2,1nvq,0.064,0.0,20.539,6.826
1o0p,42,0,0.7428,0.4914,0.7149,0.6939,0.3868,1.826,7.3255,PepSet_dimer_output_esmfold2,1o0p,0.416,0.5,7.326,3.258
1o0p,42,1,0.7421,0.496,0.7147,0.6928,0.3587,1.9428,6.4869,PepSet_dimer_output_esmfold2,1o0p,0.47,0.55,6.487,2.77
1o0p,42,2,0.7431,0.4971,0.7158,0.6924,0.3821,1.7662,7.0434,PepSet_dimer_output_esmfold2,1o0p,0.46,0.6,7.043,3.114
1o0p,42,3,0.739,0.4812,0.7103,0.6906,0.3634,2.091,11.5955,PepSet_dimer_output_esmfold2,1o0p,0.311,0.5,11.595,4.929
1o0p,42,4,0.7427,0.4866,0.7142,0.692,0.3735,1.9321,7.4697,PepSet_dimer_output_esmfold2,1o0p,0.416,0.5,7.47,3.165
1o0p,43,0,0.7426,0.4821,0.7136,0.691,0.3773,1.919,9.9767,PepSet_dimer_output_esmfold2,1o0p,0.335,0.475,9.977,4.272
1o0p,43,1,0.744,0.4905,0.7159,0.6935,0.395,1.7935,6.3952,PepSet_dimer_output_esmfold2,1o0p,0.487,0.6,6.395,2.814
1o0p,43,2,0.7411,0.5028,0.7146,0.6911,0.3762,1.7781,4.1736,PepSet_dimer_output_esmfold2,1o0p,0.582,0.55,4.174,1.879
1o0p,43,3,0.7395,0.5001,0.7129,0.6927,0.385,1.6235,8.3755,PepSet_dimer_output_esmfold2,1o0p,0.383,0.5,8.375,3.695
1o0p,43,4,0.7468,0.4935,0.7187,0.6962,0.3797,1.8994,6.8377,PepSet_dimer_output_esmfold2,1o0p,0.461,0.575,6.838,2.979
1o0p,44,0,0.7379,0.4926,0.7106,0.6878,0.3795,1.776,5.9015,PepSet_dimer_output_esmfold2,1o0p,0.511,0.625,5.901,2.722
1o0p,44,1,0.7442,0.4883,0.7158,0.6951,0.3775,1.8716,6.6221,PepSet_dimer_output_esmfold2,1o0p,0.45,0.525,6.622,2.965
1o0p,44,2,0.7435,0.497,0.7161,0.6925,0.3943,1.8578,5.5829,PepSet_dimer_output_esmfold2,1o0p,0.535,0.625,5.583,2.402
1o0p,44,3,0.7421,0.4923,0.7143,0.6925,0.3615,1.9286,6.7381,PepSet_dimer_output_esmfold2,1o0p,0.44,0.5,6.738,2.947
1o0p,44,4,0.7408,0.4923,0.7132,0.6908,0.3813,1.7532,5.0139,PepSet_dimer_output_esmfold2,1o0p,0.55,0.575,5.014,2.12
1p7v,42,0,0.9596,0.4374,0.9468,0.9746,0.5389,0.162,4.7048,PepSet_dimer_output_esmfold2,1p7v,0.635,0.571,4.705,1.312
1p7v,42,1,0.9621,0.4324,0.9491,0.9763,0.5343,0.1699,3.2946,PepSet_dimer_output_esmfold2,1p7v,0.742,0.633,3.295,0.928
1p7v,42,2,0.9614,0.458,0.949,0.9756,0.5665,0.1804,4.6114,PepSet_dimer_output_esmfold2,1p7v,0.64,0.571,4.611,1.29
1p7v,42,3,0.9614,0.3715,0.947,0.976,0.469,0.154,5.1024,PepSet_dimer_output_esmfold2,1p7v,0.557,0.408,5.102,1.419
1p7v,42,4,0.9602,0.4296,0.9472,0.9745,0.5188,0.1671,4.4151,PepSet_dimer_output_esmfold2,1p7v,0.665,0.612,4.415,1.239
1p7v,43,0,0.96,0.42,0.9468,0.975,0.5121,0.1617,4.3169,PepSet_dimer_output_esmfold2,1p7v,0.672,0.612,4.317,1.201
1p7v,43,1,0.9603,0.371,0.9459,0.9743,0.4571,0.1638,3.7339,PepSet_dimer_output_esmfold2,1p7v,0.66,0.469,3.734,1.045
1p7v,43,2,0.9601,0.4243,0.947,0.975,0.5164,0.1718,4.6032,PepSet_dimer_output_esmfold2,1p7v,0.647,0.592,4.603,1.285
1p7v,43,3,0.9604,0.4305,0.9474,0.9749,0.5194,0.1767,3.7879,PepSet_dimer_output_esmfold2,1p7v,0.71,0.633,3.788,1.071
1p7v,43,4,0.9613,0.3618,0.9467,0.9755,0.4512,0.1664,6.9637,PepSet_dimer_output_esmfold2,1p7v,0.414,0.265,6.964,1.92
1p7v,44,0,0.9617,0.4433,0.949,0.9757,0.5355,0.1728,4.4228,PepSet_dimer_output_esmfold2,1p7v,0.651,0.571,4.423,1.24
1p7v,44,1,0.9597,0.421,0.9465,0.975,0.5128,0.1748,4.8334,PepSet_dimer_output_esmfold2,1p7v,0.626,0.571,4.833,1.351
1p7v,44,2,0.9626,0.3552,0.9478,0.976,0.4568,0.1585,7.7492,PepSet_dimer_output_esmfold2,1p7v,0.359,0.204,7.749,2.15
1p7v,44,3,0.96,0.4096,0.9466,0.9747,0.4964,0.1725,5.131,PepSet_dimer_output_esmfold2,1p7v,0.603,0.551,5.131,1.428
1p7v,44,4,0.9607,0.3779,0.9464,0.9759,0.479,0.1609,4.436,PepSet_dimer_output_esmfold2,1p7v,0.614,0.469,4.436,1.256
1pmx,42,0,0.678,0.7563,0.6926,0.62,0.6669,5.1364,3.9325,PepSet_dimer_output_esmfold2,1pmx,0.805,0.87,3.932,0.933
1pmx,42,1,0.679,0.7571,0.6935,0.6198,0.6664,3.8789,3.8261,PepSet_dimer_output_esmfold2,1pmx,0.769,0.913,3.826,1.323
1pmx,42,2,0.683,0.7535,0.6961,0.6202,0.6592,2.818,2.8011,PepSet_dimer_output_esmfold2,1pmx,0.822,0.87,2.801,0.996
1pmx,42,3,0.6576,0.7343,0.6718,0.5854,0.6067,4.4766,5.3782,PepSet_dimer_output_esmfold2,1pmx,0.722,0.87,5.378,1.267
1pmx,42,4,0.6743,0.7505,0.6885,0.6139,0.6553,5.727,2.9634,PepSet_dimer_output_esmfold2,1pmx,0.822,0.913,2.963,1.076
1pmx,43,0,0.6695,0.7518,0.6848,0.6096,0.6549,4.9429,6.0499,PepSet_dimer_output_esmfold2,1pmx,0.722,0.957,6.05,1.371
1pmx,43,1,0.6743,0.7537,0.6891,0.6132,0.6574,3.3252,2.0034,PepSet_dimer_output_esmfold2,1pmx,0.815,0.913,2.003,1.264
1pmx,43,2,0.6696,0.7246,0.6799,0.6029,0.6152,5.3364,4.3332,PepSet_dimer_output_esmfold2,1pmx,0.708,0.826,4.333,1.487
1pmx,43,3,0.6768,0.7494,0.6903,0.6154,0.6561,3.6455,4.5231,PepSet_dimer_output_esmfold2,1pmx,0.782,0.87,4.523,0.989
1pmx,43,4,0.6771,0.7548,0.6915,0.6173,0.6596,3.4784,3.2211,PepSet_dimer_output_esmfold2,1pmx,0.839,0.913,3.221,0.914
1pmx,44,0,0.6757,0.7497,0.6894,0.6161,0.653,4.013,4.2485,PepSet_dimer_output_esmfold2,1pmx,0.796,0.913,4.248,1.041
1pmx,44,1,0.6765,0.7281,0.6861,0.6093,0.62,4.101,3.0125,PepSet_dimer_output_esmfold2,1pmx,0.831,0.957,3.012,1.103
1pmx,44,2,0.6777,0.7402,0.6893,0.6145,0.6424,4.905,3.5589,PepSet_dimer_output_esmfold2,1pmx,0.783,0.87,3.559,1.151
1pmx,44,3,0.6739,0.7566,0.6893,0.6141,0.6647,5.4737,3.6838,PepSet_dimer_output_esmfold2,1pmx,0.805,0.87,3.684,0.974
1pmx,44,4,0.6806,0.7532,0.6941,0.6183,0.6551,4.9347,2.9897,PepSet_dimer_output_esmfold2,1pmx,0.822,0.87,2.99,0.967
1r17,42,0,0.8992,0.8542,0.8977,0.9177,0.958,2.5608,0.7076,PepSet_dimer_output_esmfold2,1r17,0.746,0.953,0.708,2.343
1r17,42,1,0.9046,0.8529,0.9028,0.9274,0.9606,1.9081,0.7258,PepSet_dimer_output_esmfold2,1r17,0.858,0.965,0.726,1.183
1r17,42,2,0.8996,0.8421,0.8977,0.9188,0.9568,2.2282,0.6758,PepSet_dimer_output_esmfold2,1r17,0.779,0.953,0.676,1.872
1r17,42,3,0.9042,0.8287,0.9017,0.9246,0.9442,2.1277,1.3384,PepSet_dimer_output_esmfold2,1r17,0.775,0.918,1.338,1.72
1r17,42,4,0.9048,0.8519,0.903,0.9258,0.959,1.4656,0.537,PepSet_dimer_output_esmfold2,1r17,0.815,0.941,0.537,1.477
1r17,43,0,0.9056,0.8494,0.9038,0.924,0.9579,1.4027,0.836,PepSet_dimer_output_esmfold2,1r17,0.772,0.941,0.836,1.899
1r17,43,1,0.9008,0.8481,0.8991,0.9218,0.9564,1.7756,0.7704,PepSet_dimer_output_esmfold2,1r17,0.748,0.918,0.77,2.112
1r17,43,2,0.9018,0.85,0.9001,0.9245,0.9579,2.1516,0.7423,PepSet_dimer_output_esmfold2,1r17,0.765,0.941,0.742,1.991
1r17,43,3,0.8966,0.8448,0.8949,0.9199,0.9557,1.9598,0.7134,PepSet_dimer_output_esmfold2,1r17,0.767,0.941,0.713,1.975
1r17,43,4,0.9046,0.8438,0.9026,0.9248,0.9548,2.1146,0.6851,PepSet_dimer_output_esmfold2,1r17,0.765,0.929,0.685,1.951
1r17,44,0,0.8917,0.8422,0.8901,0.9183,0.9571,2.2743,0.5846,PepSet_dimer_output_esmfold2,1r17,0.782,0.929,0.585,1.754
1r17,44,1,0.9047,0.8536,0.903,0.9267,0.9607,1.6639,0.5872,PepSet_dimer_output_esmfold2,1r17,0.834,0.965,0.587,1.377
1r17,44,2,0.9022,0.8497,0.9005,0.9221,0.957,1.5235,0.685,PepSet_dimer_output_esmfold2,1r17,0.751,0.918,0.685,2.081
1r17,44,3,0.9081,0.8546,0.9063,0.9287,0.9606,1.8682,0.5412,PepSet_dimer_output_esmfold2,1r17,0.818,0.941,0.541,1.454
1r17,44,4,0.9023,0.8358,0.9001,0.9204,0.9535,1.1181,0.6417,PepSet_dimer_output_esmfold2,1r17,0.819,0.929,0.642,1.407
1rxz,42,0,0.9416,0.8663,0.9384,0.9646,0.9603,0.6612,0.8985,PepSet_dimer_output_esmfold2,1rxz,0.887,0.87,0.899,0.749
1rxz,42,1,0.9421,0.8637,0.9388,0.9643,0.9596,0.6086,0.9716,PepSet_dimer_output_esmfold2,1rxz,0.889,0.87,0.972,0.726
1rxz,42,2,0.9418,0.8637,0.9385,0.9645,0.9588,0.6537,0.9833,PepSet_dimer_output_esmfold2,1rxz,0.878,0.87,0.983,0.806
1rxz,42,3,0.9428,0.8652,0.9394,0.964,0.9594,0.6993,1.1355,PepSet_dimer_output_esmfold2,1rxz,0.884,0.889,1.136,0.796
1rxz,42,4,0.9419,0.8648,0.9386,0.9642,0.9601,0.6151,1.0174,PepSet_dimer_output_esmfold2,1rxz,0.894,0.87,1.017,0.687
1rxz,43,0,0.9421,0.8659,0.9389,0.9647,0.9613,0.6235,1.2836,PepSet_dimer_output_esmfold2,1rxz,0.883,0.889,1.284,0.792
1rxz,43,1,0.9406,0.8607,0.9372,0.962,0.9593,0.746,1.0955,PepSet_dimer_output_esmfold2,1rxz,0.92,0.944,1.096,0.674
1rxz,43,2,0.9418,0.8594,0.9383,0.9644,0.9573,0.6711,1.1753,PepSet_dimer_output_esmfold2,1rxz,0.906,0.944,1.175,0.77
1rxz,43,3,0.9409,0.8628,0.9375,0.9633,0.9603,0.7175,1.354,PepSet_dimer_output_esmfold2,1rxz,0.869,0.907,1.354,0.928
1rxz,43,4,0.9426,0.8558,0.9389,0.9638,0.9555,0.7665,1.2624,PepSet_dimer_output_esmfold2,1rxz,0.89,0.944,1.262,0.873
1rxz,44,0,0.943,0.8671,0.9397,0.9635,0.9606,0.7681,1.1434,PepSet_dimer_output_esmfold2,1rxz,0.87,0.87,1.143,0.848
1rxz,44,1,0.9428,0.8662,0.9395,0.9651,0.9601,0.6656,1.0641,PepSet_dimer_output_esmfold2,1rxz,0.888,0.907,1.064,0.816
1rxz,44,2,0.9417,0.8643,0.9384,0.9638,0.9593,0.6357,0.9775,PepSet_dimer_output_esmfold2,1rxz,0.888,0.889,0.977,0.78
1rxz,44,3,0.9416,0.8596,0.938,0.9625,0.9589,0.788,1.1494,PepSet_dimer_output_esmfold2,1rxz,0.883,0.926,1.149,0.888
1rxz,44,4,0.9419,0.8649,0.9386,0.9642,0.96,0.6757,0.9218,PepSet_dimer_output_esmfold2,1rxz,0.886,0.87,0.922,0.752
1t74,42,0,0.9538,0.7823,0.9485,0.9726,0.8906,0.4339,1.4449,PepSet_dimer_output_esmfold2,1t74,0.905,0.857,1.445,0.539
1t74,42,1,0.9529,0.7685,0.9472,0.9719,0.8771,0.4556,1.633,PepSet_dimer_output_esmfold2,1t74,0.882,0.821,1.633,0.605
1t74,42,2,0.9529,0.7698,0.9472,0.9719,0.8798,0.4459,1.5041,PepSet_dimer_output_esmfold2,1t74,0.89,0.821,1.504,0.556
1t74,42,3,0.9527,0.7683,0.9469,0.9717,0.8792,0.4296,1.1387,PepSet_dimer_output_esmfold2,1t74,0.94,0.929,1.139,0.479
1t74,42,4,0.9535,0.7728,0.9478,0.9722,0.8823,0.4192,1.4665,PepSet_dimer_output_esmfold2,1t74,0.905,0.857,1.466,0.535
1t74,43,0,0.9522,0.7634,0.9464,0.9719,0.8727,0.4593,1.9235,PepSet_dimer_output_esmfold2,1t74,0.877,0.857,1.923,0.697
1t74,43,1,0.9524,0.7528,0.9461,0.9715,0.8665,0.4552,1.8877,PepSet_dimer_output_esmfold2,1t74,0.87,0.821,1.888,0.669
1t74,43,2,0.9529,0.7751,0.9474,0.9719,0.8858,0.4644,1.5419,PepSet_dimer_output_esmfold2,1t74,0.914,0.893,1.542,0.55
1t74,43,3,0.9528,0.7762,0.9473,0.9719,0.8837,0.4981,1.3828,PepSet_dimer_output_esmfold2,1t74,0.906,0.857,1.383,0.54
1t74,43,4,0.9518,0.7412,0.9453,0.9706,0.8563,0.4447,0.7899,PepSet_dimer_output_esmfold2,1t74,0.955,0.929,0.79,0.364
1t74,44,0,0.9529,0.7685,0.9472,0.9718,0.8806,0.4607,1.7404,PepSet_dimer_output_esmfold2,1t74,0.876,0.821,1.74,0.637
1t74,44,1,0.9525,0.7727,0.9469,0.9716,0.8831,0.4471,1.5809,PepSet_dimer_output_esmfold2,1t74,0.881,0.821,1.581,0.616
1t74,44,2,0.9536,0.7651,0.9477,0.9724,0.8771,0.446,2.0557,PepSet_dimer_output_esmfold2,1t74,0.857,0.821,2.056,0.737
1t74,44,3,0.9527,0.7728,0.9471,0.9719,0.8846,0.4591,1.5345,PepSet_dimer_output_esmfold2,1t74,0.9,0.857,1.534,0.571
1t74,44,4,0.9524,0.7671,0.9466,0.9713,0.8767,0.434,1.1311,PepSet_dimer_output_esmfold2,1t74,0.944,0.929,1.131,0.443
1v1t,42,0,0.9354,0.8649,0.9333,0.8508,0.9217,0.881,1.2171,PepSet_dimer_output_esmfold2,1v1t,0.967,1.0,1.217,0.443
1v1t,42,1,0.9379,0.875,0.936,0.8604,0.9337,0.584,0.7245,PepSet_dimer_output_esmfold2,1v1t,0.965,0.96,0.725,0.373
1v1t,42,2,0.9359,0.8744,0.9341,0.8476,0.9296,0.5432,1.1517,PepSet_dimer_output_esmfold2,1v1t,0.971,1.0,1.152,0.407
1v1t,42,3,0.9394,0.8761,0.9375,0.8691,0.9351,0.5856,0.4392,PepSet_dimer_output_esmfold2,1v1t,0.983,1.0,0.439,0.338
1v1t,42,4,0.9385,0.8771,0.9366,0.8621,0.9357,0.5403,0.6213,PepSet_dimer_output_esmfold2,1v1t,0.964,0.96,0.621,0.384
1v1t,43,0,0.9378,0.8582,0.9354,0.8616,0.9168,0.6446,0.7354,PepSet_dimer_output_esmfold2,1v1t,0.963,0.96,0.735,0.394
1v1t,43,1,0.9374,0.8812,0.9357,0.8607,0.9357,0.7137,0.6162,PepSet_dimer_output_esmfold2,1v1t,0.963,0.96,0.616,0.394
1v1t,43,2,0.9367,0.8716,0.9348,0.8584,0.9314,0.5713,0.6221,PepSet_dimer_output_esmfold2,1v1t,0.983,1.0,0.622,0.323
1v1t,43,3,0.937,0.8788,0.9352,0.8611,0.9366,0.784,0.854,PepSet_dimer_output_esmfold2,1v1t,0.981,1.0,0.854,0.333
1v1t,43,4,0.9368,0.8543,0.9343,0.8607,0.9111,0.6147,0.7182,PepSet_dimer_output_esmfold2,1v1t,0.98,1.0,0.718,0.353
1v1t,44,0,0.9366,0.8572,0.9342,0.8667,0.9142,0.6489,0.9476,PepSet_dimer_output_esmfold2,1v1t,0.972,1.0,0.948,0.413
1v1t,44,1,0.9374,0.8664,0.9353,0.8623,0.9233,0.6716,0.5211,PepSet_dimer_output_esmfold2,1v1t,0.979,1.0,0.521,0.381
1v1t,44,2,0.9356,0.8649,0.9335,0.8472,0.9224,0.8901,0.8528,PepSet_dimer_output_esmfold2,1v1t,0.975,1.0,0.853,0.4
1v1t,44,3,0.9387,0.8747,0.9368,0.8662,0.933,0.5946,0.7415,PepSet_dimer_output_esmfold2,1v1t,0.963,0.96,0.741,0.393
1v1t,44,4,0.9372,0.873,0.9353,0.8591,0.929,0.8215,0.7203,PepSet_dimer_output_esmfold2,1v1t,0.981,1.0,0.72,0.347
1w80,42,0,0.9457,0.8678,0.9433,0.9563,0.933,0.7413,1.4882,PepSet_dimer_output_esmfold2,1w80,0.931,0.962,1.488,0.599
1w80,42,1,0.9456,0.8592,0.9429,0.9564,0.9266,0.5907,1.3343,PepSet_dimer_output_esmfold2,1w80,0.925,0.923,1.334,0.564
1w80,42,2,0.9463,0.8669,0.9438,0.9571,0.9309,0.705,1.7588,PepSet_dimer_output_esmfold2,1w80,0.908,0.923,1.759,0.647
1w80,42,3,0.9459,0.8681,0.9435,0.9558,0.9317,0.6576,1.544,PepSet_dimer_output_esmfold2,1w80,0.917,0.923,1.544,0.603
1w80,42,4,0.9462,0.8678,0.9437,0.9567,0.9324,0.7278,1.5896,PepSet_dimer_output_esmfold2,1w80,0.926,0.962,1.59,0.632
1w80,43,0,0.9466,0.8681,0.9441,0.9569,0.9331,0.7006,1.642,PepSet_dimer_output_esmfold2,1w80,0.924,0.962,1.642,0.641
1w80,43,1,0.9453,0.8659,0.9428,0.9563,0.9316,0.6181,1.3935,PepSet_dimer_output_esmfold2,1w80,0.935,0.962,1.394,0.577
1w80,43,2,0.9463,0.868,0.9438,0.9567,0.932,0.7048,1.7106,PepSet_dimer_output_esmfold2,1w80,0.923,0.962,1.711,0.64
1w80,43,3,0.9457,0.8561,0.9429,0.9564,0.9236,0.7121,1.2842,PepSet_dimer_output_esmfold2,1w80,0.946,0.962,1.284,0.502
1w80,43,4,0.9459,0.8675,0.9435,0.9569,0.9314,0.659,1.5475,PepSet_dimer_output_esmfold2,1w80,0.916,0.923,1.547,0.615
1w80,44,0,0.946,0.8669,0.9435,0.9565,0.9306,0.645,1.5853,PepSet_dimer_output_esmfold2,1w80,0.925,0.962,1.585,0.634
1w80,44,1,0.9457,0.8659,0.9432,0.9564,0.9316,0.7113,1.7199,PepSet_dimer_output_esmfold2,1w80,0.921,0.962,1.72,0.655
1w80,44,2,0.9466,0.8669,0.9441,0.9573,0.9326,0.6846,1.5906,PepSet_dimer_output_esmfold2,1w80,0.915,0.923,1.591,0.616
1w80,44,3,0.946,0.8675,0.9435,0.9568,0.9324,0.6192,1.6446,PepSet_dimer_output_esmfold2,1w80,0.92,0.962,1.645,0.668
1w80,44,4,0.9456,0.8692,0.9432,0.9562,0.9332,0.7532,1.694,PepSet_dimer_output_esmfold2,1w80,0.922,0.962,1.694,0.647
1yfn,42,0,0.9425,0.7373,0.9134,0.9255,0.8502,1.0213,5.889,PepSet_dimer_output_esmfold2,1yfn,0.576,0.811,5.889,2.653
1yfn,42,1,0.924,0.615,0.8802,0.8955,0.7213,0.7867,6.8785,PepSet_dimer_output_esmfold2,1yfn,0.47,0.604,6.879,2.976
1yfn,42,2,0.9404,0.7618,0.9151,0.929,0.8558,0.5647,2.046,PepSet_dimer_output_esmfold2,1yfn,0.836,0.868,2.046,0.994
1yfn,42,3,0.9194,0.6071,0.8751,0.8891,0.6785,0.5046,3.8644,PepSet_dimer_output_esmfold2,1yfn,0.609,0.585,3.864,1.789
1yfn,42,4,0.9479,0.8205,0.9298,0.9427,0.8545,0.9654,0.5162,PepSet_dimer_output_esmfold2,1yfn,0.969,0.962,0.516,0.345
1yfn,43,0,0.9507,0.8464,0.9359,0.9484,0.8821,0.8909,0.5023,PepSet_dimer_output_esmfold2,1yfn,0.982,1.0,0.502,0.346
1yfn,43,1,0.9449,0.7883,0.9227,0.9372,0.8298,1.0544,1.5766,PepSet_dimer_output_esmfold2,1yfn,0.879,0.83,1.577,0.655
1yfn,43,2,0.9278,0.6133,0.8832,0.9008,0.7565,0.8267,6.9952,PepSet_dimer_output_esmfold2,1yfn,0.47,0.623,6.995,3.084
1yfn,43,3,0.9208,0.6004,0.8754,0.8904,0.6856,1.0741,2.6924,PepSet_dimer_output_esmfold2,1yfn,0.733,0.717,2.692,1.297
1yfn,43,4,0.9366,0.7306,0.9074,0.9192,0.8192,0.7624,0.9376,PepSet_dimer_output_esmfold2,1yfn,0.9,0.811,0.938,0.497
1yfn,44,0,0.942,0.8158,0.9241,0.9357,0.8454,0.7917,0.4981,PepSet_dimer_output_esmfold2,1yfn,0.985,1.0,0.498,0.309
1yfn,44,1,0.9257,0.6237,0.8829,0.8952,0.7136,0.9951,5.9473,PepSet_dimer_output_esmfold2,1yfn,0.506,0.604,5.947,2.641
1yfn,44,2,0.9261,0.6149,0.882,0.8968,0.7484,0.9004,1.8441,PepSet_dimer_output_esmfold2,1yfn,0.851,0.811,1.844,0.782
1yfn,44,3,0.9399,0.7833,0.9177,0.9272,0.8205,0.9069,2.0251,PepSet_dimer_output_esmfold2,1yfn,0.848,0.849,2.025,0.872
1yfn,44,4,0.9269,0.6285,0.8846,0.8989,0.7437,1.0348,3.6765,PepSet_dimer_output_esmfold2,1yfn,0.624,0.604,3.677,1.744
1ywi,42,0,0.922,0.9364,0.9245,0.818,0.767,1.0256,1.3728,PepSet_dimer_output_esmfold2,1ywi,0.838,0.842,1.373,0.992
1ywi,42,1,0.9207,0.9336,0.923,0.8148,0.7615,0.9819,1.2923,PepSet_dimer_output_esmfold2,1ywi,0.86,0.895,1.292,0.963
1ywi,42,2,0.9222,0.9354,0.9246,0.8182,0.7645,1.0246,1.4408,PepSet_dimer_output_esmfold2,1ywi,0.834,0.842,1.441,1.009
1ywi,42,3,0.9198,0.936,0.9226,0.8162,0.7667,1.0127,1.1811,PepSet_dimer_output_esmfold2,1ywi,0.863,0.895,1.181,0.948
1ywi,42,4,0.9236,0.9389,0.9263,0.82,0.7716,1.0729,1.3917,PepSet_dimer_output_esmfold2,1ywi,0.835,0.842,1.392,1.009
1ywi,43,0,0.9225,0.9354,0.9248,0.8187,0.7654,1.0196,1.3922,PepSet_dimer_output_esmfold2,1ywi,0.853,0.895,1.392,1.008
1ywi,43,1,0.9229,0.9363,0.9252,0.8208,0.7664,0.9829,1.3764,PepSet_dimer_output_esmfold2,1ywi,0.858,0.895,1.376,0.973
1ywi,43,2,0.9225,0.9342,0.9246,0.8176,0.7626,1.0258,1.2902,PepSet_dimer_output_esmfold2,1ywi,0.857,0.895,1.29,0.987
1ywi,43,3,0.9221,0.9352,0.9244,0.8178,0.7645,1.0089,1.371,PepSet_dimer_output_esmfold2,1ywi,0.858,0.895,1.371,0.971
1ywi,43,4,0.9234,0.9383,0.926,0.8213,0.7708,1.0345,1.226,PepSet_dimer_output_esmfold2,1ywi,0.862,0.895,1.226,0.957
1ywi,44,0,0.9207,0.9359,0.9234,0.8172,0.7651,0.9896,1.3974,PepSet_dimer_output_esmfold2,1ywi,0.858,0.895,1.397,0.971
1ywi,44,1,0.9218,0.9352,0.9242,0.8192,0.7646,1.0051,1.2446,PepSet_dimer_output_esmfold2,1ywi,0.862,0.895,1.245,0.951
1ywi,44,2,0.9214,0.9348,0.9238,0.818,0.7635,1.0262,1.4339,PepSet_dimer_output_esmfold2,1ywi,0.85,0.895,1.434,1.019
1ywi,44,3,0.9218,0.937,0.9244,0.8176,0.7637,1.0233,1.2791,PepSet_dimer_output_esmfold2,1ywi,0.857,0.895,1.279,0.984
1ywi,44,4,0.922,0.9346,0.9242,0.8178,0.7641,1.0529,1.3891,PepSet_dimer_output_esmfold2,1ywi,0.853,0.895,1.389,1.007
1ywo,42,0,0.9527,0.8471,0.9364,0.9315,0.7909,0.2688,1.2292,PepSet_dimer_output_esmfold2,1ywo,0.936,0.96,1.229,0.581
1ywo,42,1,0.9533,0.8431,0.9363,0.9314,0.7867,0.2841,1.0447,PepSet_dimer_output_esmfold2,1ywo,0.949,0.96,1.045,0.495
1ywo,42,2,0.955,0.8539,0.9394,0.9346,0.8039,0.282,1.1467,PepSet_dimer_output_esmfold2,1ywo,0.939,0.96,1.147,0.57
1ywo,42,3,0.9502,0.7973,0.9267,0.919,0.7027,0.2451,3.0678,PepSet_dimer_output_esmfold2,1ywo,0.8,0.96,3.068,1.339
1ywo,42,4,0.9534,0.8401,0.936,0.9301,0.7797,0.2929,1.0793,PepSet_dimer_output_esmfold2,1ywo,0.946,0.96,1.079,0.518
1ywo,43,0,0.9526,0.8442,0.9359,0.9312,0.7896,0.2566,1.1734,PepSet_dimer_output_esmfold2,1ywo,0.938,0.96,1.173,0.572
1ywo,43,1,0.9545,0.85,0.9384,0.9328,0.7932,0.286,1.4817,PepSet_dimer_output_esmfold2,1ywo,0.921,0.96,1.482,0.673
1ywo,43,2,0.9539,0.8464,0.9373,0.932,0.7891,0.2957,1.0699,PepSet_dimer_output_esmfold2,1ywo,0.945,0.96,1.07,0.524
1ywo,43,3,0.9536,0.8449,0.9369,0.9311,0.7865,0.2782,1.5383,PepSet_dimer_output_esmfold2,1ywo,0.915,0.96,1.538,0.708
1ywo,43,4,0.9535,0.8505,0.9377,0.9326,0.7988,0.2871,1.4685,PepSet_dimer_output_esmfold2,1ywo,0.917,0.96,1.469,0.701
1ywo,44,0,0.9533,0.844,0.9365,0.9307,0.7857,0.2339,1.1254,PepSet_dimer_output_esmfold2,1ywo,0.942,0.96,1.125,0.548
1ywo,44,1,0.9542,0.8499,0.9381,0.9336,0.7962,0.2651,1.1215,PepSet_dimer_output_esmfold2,1ywo,0.942,0.96,1.121,0.548
1ywo,44,2,0.9541,0.8518,0.9384,0.9326,0.7991,0.2775,1.5068,PepSet_dimer_output_esmfold2,1ywo,0.917,0.96,1.507,0.698
1ywo,44,3,0.9525,0.8419,0.9354,0.9301,0.783,0.2635,1.0946,PepSet_dimer_output_esmfold2,1ywo,0.944,0.96,1.095,0.533
1ywo,44,4,0.9542,0.8525,0.9386,0.9332,0.7987,0.2816,1.1235,PepSet_dimer_output_esmfold2,1ywo,0.942,0.96,1.123,0.546
1yy6,42,0,0.964,0.9382,0.9626,0.9768,0.9731,0.5955,0.4481,PepSet_dimer_output_esmfold2,1yy6,0.881,0.882,0.448,0.833
1yy6,42,1,0.9644,0.9386,0.963,0.977,0.9732,0.5986,0.4869,PepSet_dimer_output_esmfold2,1yy6,0.89,0.912,0.487,0.838
1yy6,42,2,0.9638,0.9279,0.9619,0.9761,0.9653,0.5892,1.0757,PepSet_dimer_output_esmfold2,1yy6,0.867,0.882,1.076,0.902
1yy6,42,3,0.964,0.9391,0.9626,0.9767,0.9728,0.5865,0.4429,PepSet_dimer_output_esmfold2,1yy6,0.883,0.882,0.443,0.821
1yy6,42,4,0.9645,0.9371,0.9629,0.977,0.9715,0.5965,0.4976,PepSet_dimer_output_esmfold2,1yy6,0.882,0.882,0.498,0.826
1yy6,43,0,0.9642,0.9376,0.9627,0.9769,0.9723,0.5936,0.4377,PepSet_dimer_output_esmfold2,1yy6,0.881,0.882,0.438,0.834
1yy6,43,1,0.9638,0.9375,0.9623,0.9765,0.9711,0.5649,0.6024,PepSet_dimer_output_esmfold2,1yy6,0.904,0.941,0.602,0.808
1yy6,43,2,0.9644,0.9371,0.9629,0.9769,0.9713,0.5719,0.7284,PepSet_dimer_output_esmfold2,1yy6,0.89,0.912,0.728,0.832
1yy6,43,3,0.9637,0.9343,0.9621,0.9764,0.9688,0.5888,0.8094,PepSet_dimer_output_esmfold2,1yy6,0.874,0.882,0.809,0.869
1yy6,43,4,0.9644,0.9373,0.9629,0.977,0.9725,0.5705,0.3705,PepSet_dimer_output_esmfold2,1yy6,0.89,0.882,0.371,0.776
1yy6,44,0,0.9641,0.9382,0.9626,0.9766,0.9712,0.5966,0.6747,PepSet_dimer_output_esmfold2,1yy6,0.886,0.912,0.675,0.862
1yy6,44,1,0.9642,0.9347,0.9626,0.9767,0.9696,0.5965,0.5008,PepSet_dimer_output_esmfold2,1yy6,0.882,0.882,0.501,0.829
1yy6,44,2,0.9645,0.9375,0.963,0.9769,0.972,0.5944,0.6095,PepSet_dimer_output_esmfold2,1yy6,0.89,0.912,0.609,0.838
1yy6,44,3,0.963,0.937,0.9615,0.9761,0.972,0.6075,0.4931,PepSet_dimer_output_esmfold2,1yy6,0.879,0.882,0.493,0.847
1yy6,44,4,0.9643,0.9377,0.9628,0.977,0.9721,0.6198,0.6692,PepSet_dimer_output_esmfold2,1yy6,0.871,0.882,0.669,0.894
2aij,42,0,0.9382,0.8278,0.9362,0.9637,0.9257,1.4811,0.877,PepSet_dimer_output_esmfold2,2aij,0.721,0.857,0.877,2.209
2aij,42,1,0.9383,0.8134,0.936,0.9641,0.9211,1.6023,1.0467,PepSet_dimer_output_esmfold2,2aij,0.71,0.857,1.047,2.365
2aij,42,2,0.9395,0.8217,0.9374,0.9644,0.9259,1.47,0.9552,PepSet_dimer_output_esmfold2,2aij,0.745,0.881,0.955,1.968
2aij,42,3,0.9394,0.8211,0.9372,0.9647,0.9237,1.453,1.0056,PepSet_dimer_output_esmfold2,2aij,0.7,0.762,1.006,2.041
2aij,42,4,0.9386,0.8217,0.9365,0.9644,0.9228,1.5013,0.9672,PepSet_dimer_output_esmfold2,2aij,0.703,0.786,0.967,2.108
2aij,43,0,0.9405,0.8282,0.9385,0.965,0.9274,1.5013,0.8462,PepSet_dimer_output_esmfold2,2aij,0.729,0.833,0.846,1.987
2aij,43,1,0.9393,0.8306,0.9373,0.965,0.9271,1.5116,0.7174,PepSet_dimer_output_esmfold2,2aij,0.732,0.857,0.717,2.065
2aij,43,2,0.9394,0.8279,0.9374,0.9648,0.9257,1.5025,0.8579,PepSet_dimer_output_esmfold2,2aij,0.713,0.81,0.858,2.098
2aij,43,3,0.9406,0.829,0.9386,0.9657,0.9278,1.4679,1.0903,PepSet_dimer_output_esmfold2,2aij,0.703,0.786,1.09,2.091
2aij,43,4,0.9392,0.8138,0.937,0.9648,0.9187,1.5655,1.0627,PepSet_dimer_output_esmfold2,2aij,0.718,0.833,1.063,2.102
2aij,44,0,0.9378,0.824,0.9357,0.9635,0.9249,1.4995,1.017,PepSet_dimer_output_esmfold2,2aij,0.724,0.833,1.017,2.028
2aij,44,1,0.939,0.8259,0.9369,0.9641,0.9253,1.6381,0.9443,PepSet_dimer_output_esmfold2,2aij,0.703,0.81,0.944,2.225
2aij,44,2,0.9398,0.8306,0.9378,0.9648,0.9285,1.4986,0.8306,PepSet_dimer_output_esmfold2,2aij,0.714,0.833,0.831,2.202
2aij,44,3,0.9386,0.8273,0.9366,0.9645,0.9248,1.4001,0.7454,PepSet_dimer_output_esmfold2,2aij,0.747,0.857,0.745,1.866
2aij,44,4,0.9401,0.8287,0.9381,0.9641,0.9267,1.3966,1.0839,PepSet_dimer_output_esmfold2,2aij,0.707,0.833,1.084,2.268
2aq9,42,0,0.9517,0.2742,0.922,0.9394,0.1809,0.367,10.0372,PepSet_dimer_output_esmfold2,2aq9,0.206,0.111,10.037,4.751
2aq9,42,1,0.9537,0.3402,0.9269,0.9469,0.3407,0.3127,30.8388,PepSet_dimer_output_esmfold2,2aq9,0.029,0.0,30.839,11.193
2aq9,42,2,0.9535,0.3517,0.9272,0.9471,0.3454,0.3458,29.755,PepSet_dimer_output_esmfold2,2aq9,0.031,0.0,29.755,10.796
2aq9,42,3,0.9505,0.2872,0.9214,0.9399,0.2044,0.3128,8.6637,PepSet_dimer_output_esmfold2,2aq9,0.277,0.222,8.664,4.104
2aq9,42,4,0.9526,0.3081,0.9243,0.9435,0.265,0.3163,29.9457,PepSet_dimer_output_esmfold2,2aq9,0.031,0.0,29.946,11.318
2aq9,43,0,0.9535,0.3384,0.9266,0.9461,0.3169,0.2856,29.1531,PepSet_dimer_output_esmfold2,2aq9,0.033,0.0,29.153,10.527
2aq9,43,1,0.9513,0.2625,0.9211,0.9394,0.1726,0.2865,8.9628,PepSet_dimer_output_esmfold2,2aq9,0.291,0.278,8.963,4.046
2aq9,43,2,0.9527,0.3041,0.9243,0.9433,0.2633,0.3872,32.1338,PepSet_dimer_output_esmfold2,2aq9,0.027,0.0,32.134,12.154
2aq9,43,3,0.9513,0.2866,0.9222,0.94,0.1941,0.3446,9.5796,PepSet_dimer_output_esmfold2,2aq9,0.205,0.056,9.58,4.08
2aq9,43,4,0.9529,0.3401,0.926,0.946,0.3178,0.3186,30.681,PepSet_dimer_output_esmfold2,2aq9,0.029,0.0,30.681,11.376
2aq9,44,0,0.9514,0.3056,0.9231,0.9425,0.2554,0.3415,30.5097,PepSet_dimer_output_esmfold2,2aq9,0.03,0.0,30.51,11.479
2aq9,44,1,0.9517,0.2983,0.9231,0.9416,0.2413,0.342,29.4996,PepSet_dimer_output_esmfold2,2aq9,0.031,0.0,29.5,11.404
2aq9,44,2,0.9524,0.3202,0.9248,0.9434,0.2667,0.3019,30.6957,PepSet_dimer_output_esmfold2,2aq9,0.029,0.0,30.696,11.703
2aq9,44,3,0.951,0.2726,0.9213,0.9389,0.1876,0.3564,6.3064,PepSet_dimer_output_esmfold2,2aq9,0.458,0.5,6.306,2.753
2aq9,44,4,0.948,0.2672,0.9182,0.9375,0.1791,0.4183,8.3953,PepSet_dimer_output_esmfold2,2aq9,0.329,0.333,8.395,3.586
2c3i,42,0,0.9525,0.9046,0.9511,0.9763,0.9768,0.6771,0.6201,PepSet_dimer_output_esmfold2,2c3i,0.973,0.949,0.62,0.24
2c3i,42,1,0.9526,0.9037,0.9512,0.9769,0.9777,0.6885,0.6226,PepSet_dimer_output_esmfold2,2c3i,0.971,0.949,0.623,0.262
2c3i,42,2,0.9531,0.9039,0.9516,0.977,0.9767,0.692,0.5309,PepSet_dimer_output_esmfold2,2c3i,0.966,0.923,0.531,0.219
2c3i,42,3,0.9503,0.8914,0.9486,0.9736,0.9776,0.8091,0.7708,PepSet_dimer_output_esmfold2,2c3i,0.95,0.949,0.771,0.475
2c3i,42,4,0.9536,0.9051,0.9522,0.9763,0.9773,0.7586,0.6896,PepSet_dimer_output_esmfold2,2c3i,0.971,0.949,0.69,0.265
2c3i,43,0,0.9515,0.9031,0.9501,0.9752,0.9773,0.721,0.7913,PepSet_dimer_output_esmfold2,2c3i,0.965,0.949,0.791,0.328
2c3i,43,1,0.9524,0.9025,0.951,0.9763,0.9759,0.6887,0.6377,PepSet_dimer_output_esmfold2,2c3i,0.964,0.923,0.638,0.246
2c3i,43,2,0.951,0.9054,0.9497,0.9752,0.9781,0.5732,0.6766,PepSet_dimer_output_esmfold2,2c3i,0.97,0.949,0.677,0.277
2c3i,43,3,0.9521,0.903,0.9507,0.9749,0.978,0.8089,0.8687,PepSet_dimer_output_esmfold2,2c3i,0.96,0.949,0.869,0.373
2c3i,43,4,0.9526,0.9036,0.9511,0.9753,0.9765,0.6933,0.5929,PepSet_dimer_output_esmfold2,2c3i,0.963,0.923,0.593,0.267
2c3i,44,0,0.9519,0.9032,0.9504,0.9755,0.9774,0.6715,0.5666,PepSet_dimer_output_esmfold2,2c3i,0.964,0.923,0.567,0.253
2c3i,44,1,0.9514,0.9043,0.95,0.976,0.9777,0.7707,0.6123,PepSet_dimer_output_esmfold2,2c3i,0.972,0.949,0.612,0.25
2c3i,44,2,0.9538,0.9063,0.9524,0.9771,0.9776,0.7371,0.5797,PepSet_dimer_output_esmfold2,2c3i,0.973,0.949,0.58,0.235
2c3i,44,3,0.9519,0.9056,0.9505,0.9753,0.9771,0.7324,0.6284,PepSet_dimer_output_esmfold2,2c3i,0.964,0.923,0.628,0.249
2c3i,44,4,0.9529,0.9042,0.9515,0.9768,0.9775,0.7761,0.4494,PepSet_dimer_output_esmfold2,2c3i,0.984,0.974,0.449,0.212
2cch,42,0,0.9535,0.8246,0.9479,0.9668,0.9086,0.6335,1.0888,PepSet_dimer_output_esmfold2,2cch,0.968,1.0,1.089,0.441
2cch,42,1,0.9521,0.8251,0.9465,0.9666,0.9099,1.756,1.0029,PepSet_dimer_output_esmfold2,2cch,0.972,0.977,1.003,0.335
2cch,42,2,0.9471,0.8145,0.9413,0.9603,0.9034,3.5196,1.2758,PepSet_dimer_output_esmfold2,2cch,0.98,1.0,1.276,0.294
2cch,42,3,0.9521,0.8268,0.9466,0.966,0.9124,2.1182,1.3203,PepSet_dimer_output_esmfold2,2cch,0.973,1.0,1.32,0.366
2cch,42,4,0.9471,0.822,0.9416,0.9614,0.9071,2.9959,1.6451,PepSet_dimer_output_esmfold2,2cch,0.964,1.0,1.645,0.417
2cch,43,0,0.9467,0.8217,0.9412,0.9599,0.9065,3.2598,1.4853,PepSet_dimer_output_esmfold2,2cch,0.95,0.977,1.485,0.492
2cch,43,1,0.9473,0.8228,0.9418,0.9612,0.9094,3.3778,1.456,PepSet_dimer_output_esmfold2,2cch,0.971,0.977,1.456,0.293
2cch,43,2,0.9519,0.818,0.946,0.966,0.9054,1.877,0.9383,PepSet_dimer_output_esmfold2,2cch,0.989,1.0,0.938,0.218
2cch,43,3,0.9517,0.8248,0.9461,0.9662,0.9104,1.2055,0.8343,PepSet_dimer_output_esmfold2,2cch,0.972,0.977,0.834,0.348
2cch,43,4,0.9518,0.8213,0.946,0.9654,0.9075,1.6729,1.0096,PepSet_dimer_output_esmfold2,2cch,0.976,0.977,1.01,0.29
2cch,44,0,0.9522,0.8225,0.9464,0.9663,0.9085,1.8247,0.9219,PepSet_dimer_output_esmfold2,2cch,0.984,1.0,0.922,0.289
2cch,44,1,0.9524,0.8214,0.9466,0.9664,0.9063,1.8745,1.0585,PepSet_dimer_output_esmfold2,2cch,0.978,1.0,1.059,0.351
2cch,44,2,0.9525,0.8172,0.9466,0.9665,0.9039,1.6103,0.8311,PepSet_dimer_output_esmfold2,2cch,0.99,1.0,0.831,0.214
2cch,44,3,0.9522,0.822,0.9464,0.9664,0.9091,1.5294,0.845,PepSet_dimer_output_esmfold2,2cch,0.984,1.0,0.845,0.298
2cch,44,4,0.953,0.8195,0.9471,0.9666,0.9079,0.5342,0.5097,PepSet_dimer_output_esmfold2,2cch,0.992,1.0,0.51,0.22
2cny,42,0,0.9599,0.9507,0.9587,0.9613,0.9614,0.7449,0.4394,PepSet_dimer_output_esmfold2,2cny,0.934,1.0,0.439,0.739
2cny,42,1,0.9605,0.9516,0.9593,0.962,0.9619,0.7229,0.4332,PepSet_dimer_output_esmfold2,2cny,0.929,0.979,0.433,0.726
2cny,42,2,0.9598,0.951,0.9587,0.9614,0.9612,0.7476,0.5026,PepSet_dimer_output_esmfold2,2cny,0.921,0.969,0.503,0.755
2cny,42,3,0.96,0.9511,0.9588,0.9617,0.9616,0.7467,0.519,PepSet_dimer_output_esmfold2,2cny,0.929,0.99,0.519,0.75
2cny,42,4,0.9603,0.9515,0.9591,0.9619,0.9619,0.7242,0.4488,PepSet_dimer_output_esmfold2,2cny,0.932,0.99,0.449,0.725
2cny,43,0,0.9604,0.9519,0.9592,0.9618,0.9619,0.7565,0.508,PepSet_dimer_output_esmfold2,2cny,0.924,0.979,0.508,0.755
2cny,43,1,0.9595,0.9495,0.9582,0.9608,0.9608,0.7677,0.5494,PepSet_dimer_output_esmfold2,2cny,0.925,0.99,0.549,0.774
2cny,43,2,0.96,0.9516,0.9589,0.9617,0.9612,0.7884,0.5033,PepSet_dimer_output_esmfold2,2cny,0.92,0.979,0.503,0.784
2cny,43,3,0.9594,0.9495,0.9581,0.9615,0.9601,0.6829,0.3949,PepSet_dimer_output_esmfold2,2cny,0.939,0.99,0.395,0.677
2cny,43,4,0.9599,0.9508,0.9587,0.9613,0.9612,0.7362,0.6108,PepSet_dimer_output_esmfold2,2cny,0.922,0.969,0.611,0.746
2cny,44,0,0.9604,0.9516,0.9592,0.9619,0.9619,0.7554,0.5431,PepSet_dimer_output_esmfold2,2cny,0.923,0.979,0.543,0.761
2cny,44,1,0.9588,0.9499,0.9577,0.9608,0.9608,0.775,0.5285,PepSet_dimer_output_esmfold2,2cny,0.924,0.99,0.528,0.78
2cny,44,2,0.9598,0.9526,0.9588,0.9617,0.9621,0.7454,0.4643,PepSet_dimer_output_esmfold2,2cny,0.926,0.979,0.464,0.743
2cny,44,3,0.9594,0.9507,0.9582,0.9609,0.962,0.7774,0.5083,PepSet_dimer_output_esmfold2,2cny,0.92,0.979,0.508,0.784
2cny,44,4,0.9603,0.9515,0.9591,0.9618,0.9614,0.6969,0.4486,PepSet_dimer_output_esmfold2,2cny,0.936,0.99,0.449,0.702
2e4h,42,0,0.9226,0.6142,0.8925,0.89,0.8355,1.0363,5.2486,PepSet_dimer_output_esmfold2,2e4h,0.594,0.68,5.249,1.92
2e4h,42,1,0.9225,0.6002,0.891,0.887,0.8302,1.1138,5.1528,PepSet_dimer_output_esmfold2,2e4h,0.618,0.76,5.153,1.988
2e4h,42,2,0.9232,0.6041,0.892,0.8868,0.8375,1.0767,4.7379,PepSet_dimer_output_esmfold2,2e4h,0.63,0.72,4.738,1.813
2e4h,42,3,0.9192,0.5969,0.8877,0.8831,0.8259,1.2527,7.12,PepSet_dimer_output_esmfold2,2e4h,0.512,0.68,7.12,2.475
2e4h,42,4,0.9228,0.6206,0.8933,0.8899,0.8342,1.131,5.2682,PepSet_dimer_output_esmfold2,2e4h,0.584,0.68,5.268,2.041
2e4h,43,0,0.9221,0.5807,0.8888,0.8837,0.8391,1.205,12.6937,PepSet_dimer_output_esmfold2,2e4h,0.382,0.72,12.694,4.15
2e4h,43,1,0.9215,0.5917,0.8893,0.8852,0.8309,1.1364,4.9771,PepSet_dimer_output_esmfold2,2e4h,0.588,0.64,4.977,1.919
2e4h,43,2,0.9257,0.6209,0.896,0.8915,0.8368,1.0834,5.2154,PepSet_dimer_output_esmfold2,2e4h,0.585,0.68,5.215,2.052
2e4h,43,3,0.9236,0.616,0.8936,0.8899,0.8365,1.0707,5.3125,PepSet_dimer_output_esmfold2,2e4h,0.584,0.68,5.312,2.037
2e4h,43,4,0.9237,0.6053,0.8926,0.8876,0.8404,1.106,9.2574,PepSet_dimer_output_esmfold2,2e4h,0.455,0.72,9.257,3.12
2e4h,44,0,0.9231,0.615,0.893,0.8872,0.8395,1.0531,6.5075,PepSet_dimer_output_esmfold2,2e4h,0.546,0.72,6.508,2.368
2e4h,44,1,0.9224,0.6036,0.8913,0.8846,0.8321,1.2085,6.8072,PepSet_dimer_output_esmfold2,2e4h,0.529,0.72,6.807,2.538
2e4h,44,2,0.9226,0.6083,0.892,0.8866,0.8408,1.2234,7.6191,PepSet_dimer_output_esmfold2,2e4h,0.489,0.68,7.619,2.732
2e4h,44,3,0.9236,0.6115,0.8931,0.8874,0.8393,0.9951,8.7412,PepSet_dimer_output_esmfold2,2e4h,0.478,0.76,8.741,3.103
2e4h,44,4,0.9217,0.6026,0.8906,0.8849,0.8353,1.3626,9.2067,PepSet_dimer_output_esmfold2,2e4h,0.439,0.68,9.207,3.237
2fgr,42,0,0.9212,0.3255,0.9071,0.9389,0.4045,1.5478,19.0609,PepSet_dimer_output_esmfold2,2fgr,0.067,0.0,19.061,7.705
2fgr,42,1,0.9184,0.3878,0.9059,0.9371,0.502,1.67,25.7577,PepSet_dimer_output_esmfold2,2fgr,0.04,0.0,25.758,10.342
2fgr,42,2,0.9122,0.3198,0.8982,0.9345,0.4117,1.7303,25.2278,PepSet_dimer_output_esmfold2,2fgr,0.041,0.0,25.228,10.375
2fgr,42,3,0.9162,0.3544,0.903,0.9334,0.4387,1.5772,26.1939,PepSet_dimer_output_esmfold2,2fgr,0.038,0.0,26.194,10.626
2fgr,42,4,0.9096,0.3443,0.8963,0.9314,0.4306,1.8087,21.7151,PepSet_dimer_output_esmfold2,2fgr,0.054,0.0,21.715,8.864
2fgr,43,0,0.9176,0.3567,0.9044,0.9353,0.4413,1.6463,26.3917,PepSet_dimer_output_esmfold2,2fgr,0.038,0.0,26.392,10.645
2fgr,43,1,0.9201,0.3928,0.9077,0.9397,0.5098,1.5471,25.4707,PepSet_dimer_output_esmfold2,2fgr,0.04,0.0,25.471,10.399
2fgr,43,2,0.9186,0.3062,0.9042,0.9351,0.3642,1.5225,25.9632,PepSet_dimer_output_esmfold2,2fgr,0.039,0.0,25.963,10.715
2fgr,43,3,0.9171,0.299,0.9026,0.9346,0.3612,1.6234,27.8751,PepSet_dimer_output_esmfold2,2fgr,0.034,0.0,27.875,11.396
2fgr,43,4,0.9193,0.3913,0.9069,0.9385,0.5033,1.5364,26.223,PepSet_dimer_output_esmfold2,2fgr,0.038,0.0,26.223,10.592
2fgr,44,0,0.917,0.3005,0.9025,0.9344,0.3734,1.5705,18.3695,PepSet_dimer_output_esmfold2,2fgr,0.084,0.038,18.37,7.481
2fgr,44,1,0.9133,0.4015,0.9012,0.9361,0.5143,1.6104,26.7408,PepSet_dimer_output_esmfold2,2fgr,0.037,0.0,26.741,10.848
2fgr,44,2,0.9173,0.3474,0.9039,0.936,0.4338,1.4751,27.265,PepSet_dimer_output_esmfold2,2fgr,0.036,0.0,27.265,10.763
2fgr,44,3,0.9079,0.3322,0.8944,0.9305,0.4146,1.7792,21.5976,PepSet_dimer_output_esmfold2,2fgr,0.054,0.0,21.598,8.679
2fgr,44,4,0.9218,0.3868,0.9092,0.9393,0.5051,1.586,26.4641,PepSet_dimer_output_esmfold2,2fgr,0.038,0.0,26.464,10.537
2fka,42,0,0.9144,0.8335,0.9085,0.937,0.8544,0.7158,1.6256,PepSet_dimer_output_esmfold2,2fka,0.895,0.952,1.626,0.826
2fka,42,1,0.9262,0.8705,0.9222,0.9451,0.8862,0.6576,1.5888,PepSet_dimer_output_esmfold2,2fka,0.884,0.952,1.589,0.905
2fka,42,2,0.9289,0.8739,0.9249,0.9472,0.8892,0.6422,1.5043,PepSet_dimer_output_esmfold2,2fka,0.887,0.952,1.504,0.893
2fka,42,3,0.9268,0.8697,0.9226,0.9455,0.8838,0.7178,1.3404,PepSet_dimer_output_esmfold2,2fka,0.895,0.952,1.34,0.851
2fka,42,4,0.9265,0.8695,0.9224,0.9447,0.8844,0.5325,1.5448,PepSet_dimer_output_esmfold2,2fka,0.893,0.952,1.545,0.847
2fka,43,0,0.9266,0.868,0.9223,0.9451,0.8831,0.5909,1.4455,PepSet_dimer_output_esmfold2,2fka,0.895,0.952,1.445,0.841
2fka,43,1,0.9294,0.8729,0.9253,0.9472,0.8885,0.6063,1.6439,PepSet_dimer_output_esmfold2,2fka,0.884,0.952,1.644,0.898
2fka,43,2,0.9284,0.8723,0.9243,0.9464,0.8902,0.5879,1.852,PepSet_dimer_output_esmfold2,2fka,0.87,0.952,1.852,0.974
2fka,43,3,0.9277,0.8724,0.9237,0.9461,0.8863,0.517,1.5347,PepSet_dimer_output_esmfold2,2fka,0.895,0.952,1.535,0.837
2fka,43,4,0.9204,0.8627,0.9163,0.9417,0.8819,0.4566,1.7343,PepSet_dimer_output_esmfold2,2fka,0.895,0.952,1.734,0.812
2fka,44,0,0.9271,0.8681,0.9229,0.9462,0.8862,0.7304,1.3902,PepSet_dimer_output_esmfold2,2fka,0.889,0.952,1.39,0.891
2fka,44,1,0.926,0.8689,0.9219,0.9451,0.8825,0.7123,1.3528,PepSet_dimer_output_esmfold2,2fka,0.896,0.952,1.353,0.844
2fka,44,2,0.9211,0.8633,0.9169,0.9437,0.8829,0.4371,1.2628,PepSet_dimer_output_esmfold2,2fka,0.922,0.952,1.263,0.666
2fka,44,3,0.9177,0.8415,0.9122,0.9364,0.8584,0.6381,1.9813,PepSet_dimer_output_esmfold2,2fka,0.859,0.905,1.981,0.929
2fka,44,4,0.9283,0.8721,0.9242,0.9467,0.8866,0.635,1.533,PepSet_dimer_output_esmfold2,2fka,0.89,0.952,1.533,0.87
2hpl,42,0,0.9644,0.8709,0.9599,0.9713,0.8994,0.74,0.6455,PepSet_dimer_output_esmfold2,2hpl,0.942,0.87,0.646,0.293
2hpl,42,1,0.9638,0.8688,0.9593,0.9708,0.8979,0.8403,0.6242,PepSet_dimer_output_esmfold2,2hpl,0.956,0.913,0.624,0.303
2hpl,42,2,0.9647,0.8656,0.9599,0.9717,0.8979,0.745,0.5383,PepSet_dimer_output_esmfold2,2hpl,0.961,0.913,0.538,0.245
2hpl,42,3,0.964,0.8638,0.9593,0.9708,0.8965,0.7432,0.7626,PepSet_dimer_output_esmfold2,2hpl,0.94,0.87,0.763,0.318
2hpl,42,4,0.9627,0.8649,0.9581,0.97,0.8954,0.7531,0.7547,PepSet_dimer_output_esmfold2,2hpl,0.94,0.87,0.755,0.314
2hpl,43,0,0.9643,0.8674,0.9596,0.9712,0.8983,0.7832,0.6104,PepSet_dimer_output_esmfold2,2hpl,0.956,0.913,0.61,0.301
2hpl,43,1,0.9643,0.8657,0.9596,0.9709,0.8974,0.7854,0.6988,PepSet_dimer_output_esmfold2,2hpl,0.968,0.957,0.699,0.33
2hpl,43,2,0.9639,0.847,0.9583,0.9696,0.893,0.7527,1.3061,PepSet_dimer_output_esmfold2,2hpl,0.94,0.913,1.306,0.413
2hpl,43,3,0.9648,0.866,0.9601,0.9717,0.8963,0.768,0.637,PepSet_dimer_output_esmfold2,2hpl,0.944,0.87,0.637,0.276
2hpl,43,4,0.9648,0.8669,0.9602,0.9715,0.8964,0.7745,0.9027,PepSet_dimer_output_esmfold2,2hpl,0.936,0.87,0.903,0.341
2hpl,44,0,0.9636,0.8338,0.9575,0.969,0.8698,0.7998,3.041,PepSet_dimer_output_esmfold2,2hpl,0.825,0.87,3.041,0.936
2hpl,44,1,0.9641,0.8426,0.9583,0.9698,0.8789,0.7849,2.6434,PepSet_dimer_output_esmfold2,2hpl,0.846,0.87,2.643,0.849
2hpl,44,2,0.9603,0.8653,0.9557,0.9677,0.8943,0.8629,0.5632,PepSet_dimer_output_esmfold2,2hpl,0.961,0.913,0.563,0.242
2hpl,44,3,0.9637,0.8328,0.9575,0.9692,0.868,0.7771,3.0642,PepSet_dimer_output_esmfold2,2hpl,0.824,0.87,3.064,0.944
2hpl,44,4,0.964,0.8586,0.959,0.97,0.8913,0.7582,1.1499,PepSet_dimer_output_esmfold2,2hpl,0.926,0.87,1.15,0.424
2ht9,42,0,0.8986,0.3335,0.8401,0.8699,0.1903,1.3732,16.5076,PepSet_dimer_output_esmfold2,2ht9,0.236,0.455,16.508,6.954
2ht9,42,1,0.9002,0.3356,0.8418,0.8674,0.1716,1.1365,15.0398,PepSet_dimer_output_esmfold2,2ht9,0.157,0.182,15.04,6.754
2ht9,42,2,0.8964,0.3261,0.8374,0.8657,0.1699,1.4642,20.1024,PepSet_dimer_output_esmfold2,2ht9,0.183,0.364,20.102,8.142
2ht9,42,3,0.8987,0.3375,0.8407,0.867,0.1784,1.4838,14.1454,PepSet_dimer_output_esmfold2,2ht9,0.229,0.364,14.145,5.991
2ht9,42,4,0.8988,0.3195,0.8388,0.8641,0.1425,1.483,18.5565,PepSet_dimer_output_esmfold2,2ht9,0.132,0.182,18.556,7.415
2ht9,43,0,0.8992,0.3478,0.8421,0.8696,0.1975,1.0579,15.0082,PepSet_dimer_output_esmfold2,2ht9,0.31,0.636,15.008,6.52
2ht9,43,1,0.8993,0.3268,0.8401,0.868,0.1675,1.1737,18.8541,PepSet_dimer_output_esmfold2,2ht9,0.16,0.273,18.854,7.497
2ht9,43,2,0.9004,0.3492,0.8434,0.8711,0.2012,1.1928,15.2069,PepSet_dimer_output_esmfold2,2ht9,0.189,0.273,15.207,6.158
2ht9,43,3,0.8986,0.3574,0.8426,0.8711,0.212,1.3429,14.8079,PepSet_dimer_output_esmfold2,2ht9,0.192,0.273,14.808,6.206
2ht9,43,4,0.8987,0.323,0.8391,0.8675,0.1805,1.5636,17.2677,PepSet_dimer_output_esmfold2,2ht9,0.2,0.364,17.268,7.276
2ht9,44,0,0.8972,0.3515,0.8408,0.868,0.2066,1.5615,14.0211,PepSet_dimer_output_esmfold2,2ht9,0.264,0.455,14.021,5.496
2ht9,44,1,0.8999,0.2772,0.8355,0.86,0.0817,1.303,26.3827,PepSet_dimer_output_esmfold2,2ht9,0.039,0.0,26.383,9.634
2ht9,44,2,0.9007,0.3325,0.8419,0.8693,0.1803,1.2307,16.8645,PepSet_dimer_output_esmfold2,2ht9,0.233,0.455,16.864,7.097
2ht9,44,3,0.897,0.3323,0.8385,0.8674,0.182,1.543,16.5641,PepSet_dimer_output_esmfold2,2ht9,0.175,0.273,16.564,7.1
2ht9,44,4,0.8966,0.3295,0.8379,0.8673,0.1884,1.4096,15.8015,PepSet_dimer_output_esmfold2,2ht9,0.212,0.364,15.802,6.724
2i94,42,0,0.8082,0.5903,0.7906,0.7843,0.6354,2.8879,13.2387,PepSet_dimer_output_esmfold2,2i94,0.143,0.085,13.239,6.404
2i94,42,1,0.8153,0.5927,0.7973,0.7908,0.6366,2.9563,13.2026,PepSet_dimer_output_esmfold2,2i94,0.143,0.085,13.203,6.484
2i94,42,2,0.8176,0.5961,0.7997,0.8006,0.6508,2.6687,13.2713,PepSet_dimer_output_esmfold2,2i94,0.15,0.106,13.271,6.369
2i94,42,3,0.8098,0.5907,0.7921,0.7888,0.6382,2.7674,13.1412,PepSet_dimer_output_esmfold2,2i94,0.151,0.106,13.141,6.369
2i94,42,4,0.8172,0.6087,0.8004,0.7981,0.6615,2.9702,13.0751,PepSet_dimer_output_esmfold2,2i94,0.152,0.106,13.075,6.365
2i94,43,0,0.8081,0.5942,0.7908,0.7837,0.6395,2.9088,13.1274,PepSet_dimer_output_esmfold2,2i94,0.144,0.085,13.127,6.427
2i94,43,1,0.8143,0.5958,0.7967,0.7955,0.646,2.8175,12.7458,PepSet_dimer_output_esmfold2,2i94,0.149,0.085,12.746,6.213
2i94,43,2,0.8138,0.5963,0.7962,0.7891,0.6481,2.8924,13.0043,PepSet_dimer_output_esmfold2,2i94,0.146,0.085,13.004,6.393
2i94,43,3,0.8158,0.5771,0.7965,0.7941,0.6237,3.0267,14.1758,PepSet_dimer_output_esmfold2,2i94,0.131,0.085,14.176,6.952
2i94,43,4,0.8134,0.5978,0.796,0.7905,0.6453,2.9162,13.1377,PepSet_dimer_output_esmfold2,2i94,0.144,0.085,13.138,6.441
2i94,44,0,0.8096,0.5771,0.7908,0.7878,0.6259,2.7838,13.3266,PepSet_dimer_output_esmfold2,2i94,0.142,0.085,13.327,6.496
2i94,44,1,0.8182,0.5862,0.7995,0.7994,0.6266,2.6873,13.2347,PepSet_dimer_output_esmfold2,2i94,0.158,0.128,13.235,6.309
2i94,44,2,0.8161,0.5811,0.7971,0.7915,0.6293,2.8801,14.2136,PepSet_dimer_output_esmfold2,2i94,0.131,0.085,14.214,6.919
2i94,44,3,0.819,0.5863,0.8002,0.8003,0.6342,2.6782,12.8102,PepSet_dimer_output_esmfold2,2i94,0.163,0.128,12.81,6.201
2i94,44,4,0.8086,0.5774,0.7899,0.7791,0.6402,3.134,14.3441,PepSet_dimer_output_esmfold2,2i94,0.129,0.085,14.344,7.154
2ivz,42,0,0.9538,0.9187,0.9525,0.9703,0.9724,0.7732,0.5465,PepSet_dimer_output_esmfold2,2ivz,0.932,0.981,0.547,0.707
2ivz,42,1,0.9534,0.9154,0.952,0.9695,0.9697,0.8654,0.8957,PepSet_dimer_output_esmfold2,2ivz,0.93,0.981,0.896,0.706
2ivz,42,2,0.9533,0.918,0.952,0.9702,0.9708,0.8843,0.8824,PepSet_dimer_output_esmfold2,2ivz,0.918,0.981,0.882,0.788
2ivz,42,3,0.9545,0.9037,0.9526,0.9711,0.9659,0.8945,0.6754,PepSet_dimer_output_esmfold2,2ivz,0.922,0.981,0.675,0.77
2ivz,42,4,0.9536,0.9113,0.9521,0.9703,0.9684,0.8426,0.8319,PepSet_dimer_output_esmfold2,2ivz,0.925,0.981,0.832,0.741
2ivz,43,0,0.9549,0.8845,0.9523,0.9709,0.9577,0.7889,0.8952,PepSet_dimer_output_esmfold2,2ivz,0.923,0.981,0.895,0.754
2ivz,43,1,0.9532,0.9168,0.9519,0.97,0.9702,0.8496,0.891,PepSet_dimer_output_esmfold2,2ivz,0.923,0.981,0.891,0.756
2ivz,43,2,0.9543,0.8934,0.952,0.9709,0.9611,0.8328,0.9032,PepSet_dimer_output_esmfold2,2ivz,0.923,0.981,0.903,0.755
2ivz,43,3,0.9534,0.9191,0.9521,0.9698,0.9723,0.8114,0.8199,PepSet_dimer_output_esmfold2,2ivz,0.922,0.981,0.82,0.764
2ivz,43,4,0.9534,0.8937,0.9512,0.9705,0.9612,0.8771,0.8026,PepSet_dimer_output_esmfold2,2ivz,0.919,0.981,0.803,0.787
2ivz,44,0,0.9538,0.9013,0.9519,0.9697,0.965,0.8214,0.7338,PepSet_dimer_output_esmfold2,2ivz,0.925,0.981,0.734,0.75
2ivz,44,1,0.9542,0.8994,0.9522,0.9713,0.9644,0.8257,0.7795,PepSet_dimer_output_esmfold2,2ivz,0.927,0.981,0.779,0.732
2ivz,44,2,0.9536,0.9178,0.9523,0.9706,0.9711,0.8219,0.6555,PepSet_dimer_output_esmfold2,2ivz,0.93,0.981,0.656,0.714
2ivz,44,3,0.9542,0.9032,0.9523,0.971,0.9656,0.8185,0.727,PepSet_dimer_output_esmfold2,2ivz,0.922,0.963,0.727,0.725
2ivz,44,4,0.9446,0.5285,0.9293,0.9571,0.6595,0.8459,9.0623,PepSet_dimer_output_esmfold2,2ivz,0.44,0.685,9.062,3.354
2jkg,42,0,0.9248,0.429,0.9019,0.9178,0.2943,0.8053,13.8197,PepSet_dimer_output_esmfold2,2jkg,0.19,0.235,13.82,5.849
2jkg,42,1,0.9256,0.4649,0.9042,0.9221,0.3527,0.773,5.6596,PepSet_dimer_output_esmfold2,2jkg,0.44,0.294,5.66,2.127
2jkg,42,2,0.925,0.4361,0.9024,0.9184,0.2946,0.8653,13.7395,PepSet_dimer_output_esmfold2,2jkg,0.152,0.118,13.739,5.828
2jkg,42,3,0.9227,0.4267,0.8998,0.9175,0.2989,0.9664,13.4856,PepSet_dimer_output_esmfold2,2jkg,0.195,0.235,13.486,5.74
2jkg,42,4,0.9238,0.4614,0.9024,0.919,0.3458,0.6903,5.7035,PepSet_dimer_output_esmfold2,2jkg,0.435,0.294,5.704,2.178
2jkg,43,0,0.92,0.435,0.8976,0.9151,0.2965,0.8161,13.6924,PepSet_dimer_output_esmfold2,2jkg,0.191,0.235,13.692,5.886
2jkg,43,1,0.9261,0.4539,0.9043,0.9215,0.3384,0.812,4.6062,PepSet_dimer_output_esmfold2,2jkg,0.514,0.353,4.606,1.781
2jkg,43,2,0.9221,0.4044,0.8981,0.9148,0.251,0.685,14.7502,PepSet_dimer_output_esmfold2,2jkg,0.181,0.235,14.75,6.035
2jkg,43,3,0.9251,0.4238,0.9019,0.9179,0.2822,0.8652,14.1822,PepSet_dimer_output_esmfold2,2jkg,0.186,0.235,14.182,5.943
2jkg,43,4,0.9241,0.4334,0.9014,0.9199,0.3232,0.7704,6.2888,PepSet_dimer_output_esmfold2,2jkg,0.421,0.353,6.289,2.502
2jkg,44,0,0.9253,0.4259,0.9022,0.9187,0.2963,0.7312,13.8648,PepSet_dimer_output_esmfold2,2jkg,0.249,0.412,13.865,5.825
2jkg,44,1,0.9259,0.419,0.9024,0.9188,0.2775,0.7551,14.4542,PepSet_dimer_output_esmfold2,2jkg,0.203,0.294,14.454,6.04
2jkg,44,2,0.9254,0.4411,0.903,0.9191,0.3028,0.6951,13.6509,PepSet_dimer_output_esmfold2,2jkg,0.232,0.353,13.651,5.794
2jkg,44,3,0.924,0.4205,0.9008,0.9145,0.2742,1.016,13.9308,PepSet_dimer_output_esmfold2,2jkg,0.189,0.235,13.931,5.896
2jkg,44,4,0.9239,0.4178,0.9005,0.9166,0.2613,0.8205,15.1609,PepSet_dimer_output_esmfold2,2jkg,0.157,0.176,15.161,6.237
2jnw,42,0,0.9188,0.6545,0.8959,0.9215,0.8442,0.8309,12.0603,PepSet_dimer_output_esmfold2,2jnw,0.412,0.816,12.06,4.858
2jnw,42,1,0.9197,0.6508,0.8964,0.9182,0.8408,0.7433,12.3959,PepSet_dimer_output_esmfold2,2jnw,0.397,0.789,12.396,5.059
2jnw,42,2,0.9214,0.7071,0.9029,0.9231,0.8379,0.7708,2.1504,PepSet_dimer_output_esmfold2,2jnw,0.819,0.895,2.15,1.172
2jnw,42,3,0.9345,0.8005,0.9229,0.9464,0.8472,0.8295,2.1305,PepSet_dimer_output_esmfold2,2jnw,0.791,0.816,2.13,1.183
2jnw,42,4,0.9197,0.6736,0.8984,0.9199,0.8498,0.8021,12.0247,PepSet_dimer_output_esmfold2,2jnw,0.421,0.842,12.025,4.838
2jnw,43,0,0.9257,0.726,0.9084,0.9312,0.8397,0.8203,2.0817,PepSet_dimer_output_esmfold2,2jnw,0.815,0.868,2.082,1.14
2jnw,43,1,0.9204,0.713,0.9024,0.9245,0.8368,0.7939,2.5378,PepSet_dimer_output_esmfold2,2jnw,0.778,0.842,2.538,1.289
2jnw,43,2,0.938,0.8286,0.9286,0.9515,0.8614,0.7937,2.1832,PepSet_dimer_output_esmfold2,2jnw,0.781,0.789,2.183,1.185
2jnw,43,3,0.9405,0.8379,0.9316,0.9544,0.8711,0.8362,2.238,PepSet_dimer_output_esmfold2,2jnw,0.786,0.816,2.238,1.209
2jnw,43,4,0.937,0.8069,0.9257,0.948,0.8583,0.8479,2.0544,PepSet_dimer_output_esmfold2,2jnw,0.796,0.816,2.054,1.155
2jnw,44,0,0.9251,0.6985,0.9055,0.928,0.8247,0.7705,2.936,PepSet_dimer_output_esmfold2,2jnw,0.751,0.842,2.936,1.447
2jnw,44,1,0.9399,0.8304,0.9304,0.9533,0.8685,0.8254,2.3024,PepSet_dimer_output_esmfold2,2jnw,0.776,0.789,2.302,1.208
2jnw,44,2,0.9241,0.6734,0.9024,0.9233,0.848,0.8478,12.7278,PepSet_dimer_output_esmfold2,2jnw,0.41,0.842,12.728,5.113
2jnw,44,3,0.94,0.8363,0.931,0.954,0.8686,0.8069,2.1642,PepSet_dimer_output_esmfold2,2jnw,0.781,0.789,2.164,1.185
2jnw,44,4,0.9208,0.6473,0.8971,0.9184,0.8454,0.8067,13.3023,PepSet_dimer_output_esmfold2,2jnw,0.384,0.789,13.302,5.394
2jqk,42,0,0.8075,0.6985,0.7897,0.7531,0.6199,0.997,3.5483,PepSet_dimer_output_esmfold2,2jqk,0.74,0.917,3.548,1.652
2jqk,42,1,0.805,0.6983,0.7877,0.7514,0.6227,1.091,3.6447,PepSet_dimer_output_esmfold2,2jqk,0.742,0.917,3.645,1.613
2jqk,42,2,0.8052,0.7012,0.7883,0.7512,0.6274,1.0619,3.5585,PepSet_dimer_output_esmfold2,2jqk,0.739,0.917,3.558,1.663
2jqk,42,3,0.8085,0.685,0.7884,0.7519,0.6029,1.0602,3.0343,PepSet_dimer_output_esmfold2,2jqk,0.769,0.917,3.034,1.488
2jqk,42,4,0.8131,0.7028,0.7952,0.7626,0.6353,0.9084,2.7724,PepSet_dimer_output_esmfold2,2jqk,0.792,0.917,2.772,1.34
2jqk,43,0,0.8139,0.7106,0.7971,0.7638,0.6432,0.9764,3.3312,PepSet_dimer_output_esmfold2,2jqk,0.759,0.917,3.331,1.515
2jqk,43,1,0.8085,0.6969,0.7903,0.7529,0.624,0.9629,3.2131,PepSet_dimer_output_esmfold2,2jqk,0.763,0.917,3.213,1.504
2jqk,43,2,0.8071,0.701,0.7898,0.753,0.6259,1.0625,3.5936,PepSet_dimer_output_esmfold2,2jqk,0.726,0.875,3.594,1.646
2jqk,43,3,0.8093,0.705,0.7923,0.7575,0.6343,0.9571,3.3096,PepSet_dimer_output_esmfold2,2jqk,0.756,0.917,3.31,1.553
2jqk,43,4,0.8079,0.7048,0.7911,0.7583,0.6342,0.9228,3.1427,PepSet_dimer_output_esmfold2,2jqk,0.772,0.917,3.143,1.44
2jqk,44,0,0.8116,0.7069,0.7945,0.7591,0.6388,1.0735,3.5777,PepSet_dimer_output_esmfold2,2jqk,0.738,0.917,3.578,1.664
2jqk,44,1,0.8102,0.7033,0.7928,0.7579,0.6362,0.9864,3.3239,PepSet_dimer_output_esmfold2,2jqk,0.756,0.917,3.324,1.549
2jqk,44,2,0.8101,0.7049,0.793,0.7574,0.6321,1.0149,3.4956,PepSet_dimer_output_esmfold2,2jqk,0.743,0.917,3.496,1.638
2jqk,44,3,0.8117,0.7055,0.7944,0.7609,0.6355,1.183,2.8646,PepSet_dimer_output_esmfold2,2jqk,0.773,0.875,2.865,1.366
2jqk,44,4,0.8029,0.6899,0.7845,0.7461,0.6058,0.9571,3.5504,PepSet_dimer_output_esmfold2,2jqk,0.742,0.917,3.55,1.636
2ka9,42,0,0.8138,0.5798,0.8031,0.5106,0.5552,11.5861,35.5809,PepSet_dimer_output_esmfold2,2ka9,0.025,0.0,35.581,10.031
2ka9,42,1,0.8164,0.5759,0.8055,0.5076,0.5627,9.7369,35.7715,PepSet_dimer_output_esmfold2,2ka9,0.026,0.0,35.771,9.636
2ka9,42,2,0.817,0.5759,0.806,0.507,0.5625,13.1882,33.1953,PepSet_dimer_output_esmfold2,2ka9,0.028,0.0,33.195,9.611
2ka9,42,3,0.818,0.591,0.8077,0.5181,0.5921,10.8305,40.3615,PepSet_dimer_output_esmfold2,2ka9,0.018,0.0,40.361,13.194
2ka9,42,4,0.8162,0.5882,0.8059,0.5137,0.5807,12.3046,39.863,PepSet_dimer_output_esmfold2,2ka9,0.019,0.0,39.863,12.534
2ka9,43,0,0.8151,0.5962,0.8052,0.5169,0.5949,7.1178,41.0998,PepSet_dimer_output_esmfold2,2ka9,0.019,0.0,41.1,12.136
2ka9,43,1,0.8169,0.5933,0.8067,0.508,0.5889,5.806,43.9155,PepSet_dimer_output_esmfold2,2ka9,0.016,0.0,43.915,13.098
2ka9,43,2,0.8159,0.5968,0.8059,0.5163,0.5917,10.4608,39.9993,PepSet_dimer_output_esmfold2,2ka9,0.019,0.0,39.999,12.708
2ka9,43,3,0.8181,0.5761,0.8071,0.5108,0.5598,12.1012,33.7906,PepSet_dimer_output_esmfold2,2ka9,0.029,0.0,33.791,8.974
2ka9,43,4,0.8188,0.587,0.8083,0.5025,0.5724,9.5667,38.6859,PepSet_dimer_output_esmfold2,2ka9,0.024,0.0,38.686,9.426
2ka9,44,0,0.8202,0.5963,0.81,0.5103,0.5966,9.8952,40.5043,PepSet_dimer_output_esmfold2,2ka9,0.018,0.0,40.504,13.028
2ka9,44,1,0.8184,0.5998,0.8085,0.5038,0.6067,11.8792,55.5314,PepSet_dimer_output_esmfold2,2ka9,0.01,0.0,55.531,17.49
2ka9,44,2,0.8145,0.3999,0.7956,0.493,0.3115,10.7842,17.7742,PepSet_dimer_output_esmfold2,2ka9,0.469,0.87,17.774,2.039
2ka9,44,3,0.8142,0.5977,0.8044,0.5156,0.6034,9.4871,40.7267,PepSet_dimer_output_esmfold2,2ka9,0.018,0.0,40.727,13.329
2ka9,44,4,0.8124,0.5699,0.8014,0.5021,0.5611,13.6956,44.5616,PepSet_dimer_output_esmfold2,2ka9,0.017,0.0,44.562,11.817
2kbr,42,0,0.7719,0.6861,0.7561,0.7214,0.6475,1.0956,3.3267,PepSet_dimer_output_esmfold2,2kbr,0.686,0.757,3.327,1.714
2kbr,42,1,0.7661,0.6823,0.7507,0.7144,0.6429,1.0352,3.409,PepSet_dimer_output_esmfold2,2kbr,0.691,0.784,3.409,1.739
2kbr,42,2,0.7701,0.6904,0.7555,0.7202,0.6521,1.0948,2.9137,PepSet_dimer_output_esmfold2,2kbr,0.745,0.838,2.914,1.497
2kbr,42,3,0.7713,0.6849,0.7555,0.7217,0.6488,1.0153,3.3924,PepSet_dimer_output_esmfold2,2kbr,0.684,0.784,3.392,1.818
2kbr,42,4,0.7708,0.6877,0.7555,0.7209,0.6506,1.0894,3.1202,PepSet_dimer_output_esmfold2,2kbr,0.701,0.757,3.12,1.605
2kbr,43,0,0.7702,0.6887,0.7553,0.7213,0.6537,1.1256,2.8496,PepSet_dimer_output_esmfold2,2kbr,0.705,0.73,2.85,1.54
2kbr,43,1,0.7709,0.6831,0.7547,0.7181,0.6423,1.1556,3.1719,PepSet_dimer_output_esmfold2,2kbr,0.712,0.811,3.172,1.667
2kbr,43,2,0.7729,0.6878,0.7573,0.7229,0.6497,1.1242,3.4402,PepSet_dimer_output_esmfold2,2kbr,0.688,0.784,3.44,1.757
2kbr,43,3,0.7709,0.6808,0.7543,0.7194,0.641,1.111,3.5002,PepSet_dimer_output_esmfold2,2kbr,0.677,0.757,3.5,1.764
2kbr,43,4,0.7701,0.6847,0.7544,0.7184,0.6449,1.1675,3.4772,PepSet_dimer_output_esmfold2,2kbr,0.668,0.73,3.477,1.768
2kbr,44,0,0.7737,0.6849,0.7574,0.7231,0.6425,1.1213,3.0706,PepSet_dimer_output_esmfold2,2kbr,0.711,0.784,3.071,1.613
2kbr,44,1,0.7703,0.6804,0.7538,0.7183,0.6422,1.0685,3.2252,PepSet_dimer_output_esmfold2,2kbr,0.701,0.784,3.225,1.674
2kbr,44,2,0.7715,0.6857,0.7558,0.7213,0.6448,1.1162,3.4141,PepSet_dimer_output_esmfold2,2kbr,0.688,0.784,3.414,1.762
2kbr,44,3,0.7656,0.6826,0.7504,0.7161,0.6434,1.1453,2.5879,PepSet_dimer_output_esmfold2,2kbr,0.749,0.784,2.588,1.359
2kbr,44,4,0.7725,0.6885,0.7571,0.7211,0.6465,1.1103,3.3741,PepSet_dimer_output_esmfold2,2kbr,0.685,0.757,3.374,1.711
2ke1,42,0,0.7074,0.7058,0.7072,0.6157,0.6737,6.6644,7.8346,PepSet_dimer_output_esmfold2,2ke1,0.541,0.82,7.835,2.524
2ke1,42,1,0.7145,0.7178,0.715,0.6243,0.6911,7.2774,5.9821,PepSet_dimer_output_esmfold2,2ke1,0.608,0.8,5.982,2.019
2ke1,42,2,0.7044,0.7019,0.7041,0.6138,0.6734,4.7299,5.0784,PepSet_dimer_output_esmfold2,2ke1,0.602,0.82,5.078,2.61
2ke1,42,3,0.7141,0.7099,0.7136,0.6157,0.6758,4.1649,2.7785,PepSet_dimer_output_esmfold2,2ke1,0.736,0.9,2.779,1.817
2ke1,42,4,0.7047,0.7077,0.7051,0.6131,0.6796,4.5286,4.2358,PepSet_dimer_output_esmfold2,2ke1,0.669,0.84,4.236,1.979
2ke1,43,0,0.7123,0.7081,0.7118,0.6177,0.6808,6.2411,4.0045,PepSet_dimer_output_esmfold2,2ke1,0.619,0.8,4.005,2.674
2ke1,43,1,0.6834,0.6907,0.6844,0.591,0.6574,5.1847,1.8991,PepSet_dimer_output_esmfold2,2ke1,0.65,0.76,1.899,2.678
2ke1,43,2,0.7129,0.7064,0.712,0.6197,0.675,4.4432,3.6112,PepSet_dimer_output_esmfold2,2ke1,0.665,0.84,3.611,2.245
2ke1,43,3,0.6748,0.6859,0.6763,0.5898,0.6694,6.6128,4.1415,PepSet_dimer_output_esmfold2,2ke1,0.564,0.78,4.142,4.372
2ke1,43,4,0.7157,0.7181,0.716,0.6252,0.6883,4.8057,4.1912,PepSet_dimer_output_esmfold2,2ke1,0.631,0.8,4.191,2.36
2ke1,44,0,0.7109,0.6988,0.7093,0.621,0.6705,5.5648,3.665,PepSet_dimer_output_esmfold2,2ke1,0.674,0.86,3.665,2.19
2ke1,44,1,0.7013,0.7003,0.7012,0.6113,0.6683,4.8663,5.0044,PepSet_dimer_output_esmfold2,2ke1,0.626,0.8,5.004,2.108
2ke1,44,2,0.703,0.7041,0.7032,0.6137,0.6706,5.0945,6.1226,PepSet_dimer_output_esmfold2,2ke1,0.592,0.78,6.123,2.106
2ke1,44,3,0.7077,0.7164,0.7089,0.619,0.6869,3.2304,3.2894,PepSet_dimer_output_esmfold2,2ke1,0.68,0.84,3.289,2.142
2ke1,44,4,0.7129,0.7121,0.7128,0.6235,0.6844,3.7227,4.2117,PepSet_dimer_output_esmfold2,2ke1,0.684,0.78,4.212,1.599
2khh,42,0,0.7668,0.5633,0.739,0.66,0.375,1.8255,3.1618,PepSet_dimer_output_esmfold2,2khh,0.654,0.759,3.162,2.166
2khh,42,1,0.7647,0.5484,0.7352,0.6591,0.365,1.8272,3.06,PepSet_dimer_output_esmfold2,2khh,0.64,0.69,3.06,2.067
2khh,42,2,0.764,0.5644,0.7368,0.6551,0.3761,1.9339,3.1028,PepSet_dimer_output_esmfold2,2khh,0.675,0.828,3.103,2.214
2khh,42,3,0.7727,0.5566,0.7432,0.6653,0.3701,1.9339,3.3243,PepSet_dimer_output_esmfold2,2khh,0.617,0.69,3.324,2.323
2khh,42,4,0.7653,0.5576,0.7369,0.6583,0.3668,1.9049,3.9056,PepSet_dimer_output_esmfold2,2khh,0.621,0.759,3.906,2.411
2khh,43,0,0.7672,0.5614,0.7391,0.6592,0.3759,1.9363,3.0914,PepSet_dimer_output_esmfold2,2khh,0.664,0.793,3.091,2.208
2khh,43,1,0.77,0.5685,0.7425,0.6647,0.3815,2.0822,3.2407,PepSet_dimer_output_esmfold2,2khh,0.645,0.759,3.241,2.27
2khh,43,2,0.7661,0.5563,0.7375,0.6568,0.3667,1.8203,4.0628,PepSet_dimer_output_esmfold2,2khh,0.642,0.828,4.063,2.373
2khh,43,3,0.7669,0.5601,0.7387,0.6617,0.3763,1.9414,2.4235,PepSet_dimer_output_esmfold2,2khh,0.674,0.759,2.424,2.094
2khh,43,4,0.7629,0.5548,0.7345,0.6521,0.3543,1.97,3.2208,PepSet_dimer_output_esmfold2,2khh,0.642,0.759,3.221,2.326
2khh,44,0,0.7674,0.5558,0.7386,0.6602,0.3578,1.8688,2.5713,PepSet_dimer_output_esmfold2,2khh,0.695,0.828,2.571,2.077
2khh,44,1,0.7687,0.5559,0.7397,0.6632,0.3668,2.0535,2.8366,PepSet_dimer_output_esmfold2,2khh,0.632,0.69,2.837,2.263
2khh,44,2,0.7605,0.5535,0.7323,0.65,0.3633,1.71,2.4509,PepSet_dimer_output_esmfold2,2khh,0.716,0.828,2.451,1.852
2khh,44,3,0.7665,0.5525,0.7373,0.6595,0.3632,1.9439,4.5878,PepSet_dimer_output_esmfold2,2khh,0.573,0.69,4.588,2.563
2khh,44,4,0.7664,0.5613,0.7384,0.6602,0.3677,2.0874,3.5431,PepSet_dimer_output_esmfold2,2khh,0.63,0.759,3.543,2.415
2koh,42,0,0.7206,0.5054,0.6935,0.6788,0.5951,3.6105,12.3029,PepSet_dimer_output_esmfold2,2koh,0.441,0.838,12.303,3.416
2koh,42,1,0.7147,0.4961,0.6872,0.67,0.5832,2.5739,9.3089,PepSet_dimer_output_esmfold2,2koh,0.516,0.865,9.309,2.751
2koh,42,2,0.7162,0.5313,0.6929,0.6759,0.5854,2.7744,8.7874,PepSet_dimer_output_esmfold2,2koh,0.529,0.838,8.787,2.498
2koh,42,3,0.7088,0.4947,0.6818,0.6681,0.586,2.6966,14.1023,PepSet_dimer_output_esmfold2,2koh,0.42,0.811,14.102,3.179
2koh,42,4,0.7215,0.493,0.6927,0.6778,0.6022,2.4522,14.6936,PepSet_dimer_output_esmfold2,2koh,0.383,0.757,14.694,3.688
2koh,43,0,0.7201,0.4836,0.6903,0.6739,0.5982,3.8245,14.0283,PepSet_dimer_output_esmfold2,2koh,0.373,0.73,14.028,4.056
2koh,43,1,0.7106,0.5124,0.6857,0.6663,0.5734,3.8092,10.2034,PepSet_dimer_output_esmfold2,2koh,0.508,0.892,10.203,2.811
2koh,43,2,0.7152,0.5246,0.6912,0.6747,0.5868,3.4913,5.7155,PepSet_dimer_output_esmfold2,2koh,0.613,0.865,5.716,2.365
2koh,43,3,0.7161,0.5134,0.6906,0.6724,0.5831,3.4858,6.7899,PepSet_dimer_output_esmfold2,2koh,0.568,0.838,6.79,2.567
2koh,43,4,0.7133,0.4804,0.684,0.6714,0.5931,3.938,16.8998,PepSet_dimer_output_esmfold2,2koh,0.413,0.892,16.9,3.631
2koh,44,0,0.7183,0.513,0.6924,0.6796,0.5914,3.1916,12.0656,PepSet_dimer_output_esmfold2,2koh,0.442,0.811,12.066,3.178
2koh,44,1,0.712,0.512,0.6868,0.6697,0.5786,3.168,11.728,PepSet_dimer_output_esmfold2,2koh,0.46,0.838,11.728,3.027
2koh,44,2,0.714,0.5167,0.6892,0.6715,0.5913,3.4049,8.6193,PepSet_dimer_output_esmfold2,2koh,0.507,0.811,8.619,2.854
2koh,44,3,0.7154,0.5028,0.6886,0.6689,0.5867,3.0268,11.0325,PepSet_dimer_output_esmfold2,2koh,0.485,0.865,11.032,2.856
2koh,44,4,0.7188,0.504,0.6917,0.6717,0.5942,3.7543,9.6438,PepSet_dimer_output_esmfold2,2koh,0.474,0.73,9.644,2.572
2las,42,0,0.8457,0.688,0.8232,0.8103,0.6761,1.4228,4.3892,PepSet_dimer_output_esmfold2,2las,0.611,0.758,4.389,2.372
2las,42,1,0.85,0.6913,0.8274,0.813,0.6917,1.1885,4.455,PepSet_dimer_output_esmfold2,2las,0.622,0.788,4.455,2.325
2las,42,2,0.8444,0.6819,0.8212,0.8072,0.6627,1.1362,4.4436,PepSet_dimer_output_esmfold2,2las,0.614,0.758,4.444,2.294
2las,42,3,0.8502,0.6876,0.827,0.8119,0.6841,1.2618,4.2609,PepSet_dimer_output_esmfold2,2las,0.635,0.788,4.261,2.197
2las,42,4,0.8455,0.6918,0.8236,0.8075,0.6689,1.5524,4.1337,PepSet_dimer_output_esmfold2,2las,0.627,0.758,4.134,2.213
2las,43,0,0.8358,0.6864,0.8145,0.7971,0.6653,2.5217,4.4185,PepSet_dimer_output_esmfold2,2las,0.621,0.758,4.419,2.203
2las,43,1,0.8414,0.6752,0.8176,0.8012,0.6442,1.1528,3.6179,PepSet_dimer_output_esmfold2,2las,0.671,0.788,3.618,1.928
2las,43,2,0.8515,0.692,0.8287,0.814,0.6776,1.5318,4.5147,PepSet_dimer_output_esmfold2,2las,0.618,0.788,4.515,2.37
2las,43,3,0.8439,0.6854,0.8212,0.8073,0.6735,1.4258,3.8971,PepSet_dimer_output_esmfold2,2las,0.639,0.758,3.897,2.126
2las,43,4,0.8468,0.6753,0.8223,0.8064,0.6554,1.3171,3.5338,PepSet_dimer_output_esmfold2,2las,0.668,0.788,3.534,1.988
2las,44,0,0.8476,0.6744,0.8228,0.8068,0.6663,1.5412,3.7442,PepSet_dimer_output_esmfold2,2las,0.656,0.788,3.744,2.071
2las,44,1,0.8445,0.6783,0.8207,0.8044,0.6563,1.5204,4.1423,PepSet_dimer_output_esmfold2,2las,0.638,0.788,4.142,2.19
2las,44,2,0.8431,0.6781,0.8195,0.805,0.6717,1.1826,4.089,PepSet_dimer_output_esmfold2,2las,0.63,0.758,4.089,2.184
2las,44,3,0.8417,0.6789,0.8185,0.8024,0.656,1.9657,5.194,PepSet_dimer_output_esmfold2,2las,0.596,0.788,5.194,2.457
2las,44,4,0.8467,0.6873,0.8239,0.8089,0.6719,1.1661,4.376,PepSet_dimer_output_esmfold2,2las,0.617,0.758,4.376,2.28
2lsi,42,0,0.6327,0.3758,0.595,0.5377,0.1229,3.8004,8.4433,PepSet_dimer_output_esmfold2,2lsi,0.276,0.257,8.443,5.545
2lsi,42,1,0.7422,0.42,0.695,0.6842,0.1806,4.9491,27.6234,PepSet_dimer_output_esmfold2,2lsi,0.034,0.0,27.623,12.058
2lsi,42,2,0.747,0.4177,0.6988,0.6897,0.192,4.2772,26.1756,PepSet_dimer_output_esmfold2,2lsi,0.038,0.0,26.176,10.502
2lsi,42,3,0.7131,0.4041,0.6678,0.6419,0.1483,3.5954,24.2279,PepSet_dimer_output_esmfold2,2lsi,0.046,0.0,24.228,8.631
2lsi,42,4,0.7058,0.3851,0.6588,0.636,0.1377,4.8509,28.7099,PepSet_dimer_output_esmfold2,2lsi,0.032,0.0,28.71,12.334
2lsi,43,0,0.7294,0.4706,0.6915,0.6695,0.2792,4.9752,25.3941,PepSet_dimer_output_esmfold2,2lsi,0.068,0.086,25.394,11.367
2lsi,43,1,0.6686,0.4286,0.6335,0.5894,0.2067,4.9584,24.2643,PepSet_dimer_output_esmfold2,2lsi,0.071,0.086,24.264,11.313
2lsi,43,2,0.6449,0.3906,0.6076,0.5566,0.1401,4.968,25.1485,PepSet_dimer_output_esmfold2,2lsi,0.068,0.086,25.149,11.611
2lsi,43,3,0.7197,0.3809,0.6701,0.6496,0.1654,4.7971,27.0577,PepSet_dimer_output_esmfold2,2lsi,0.064,0.086,27.058,11.661
2lsi,43,4,0.6336,0.3877,0.5976,0.5465,0.1262,4.903,28.8716,PepSet_dimer_output_esmfold2,2lsi,0.06,0.086,28.872,12.508
2lsi,44,0,0.7217,0.4136,0.6765,0.6593,0.1719,4.2817,26.398,PepSet_dimer_output_esmfold2,2lsi,0.047,0.029,26.398,11.302
2lsi,44,1,0.7151,0.4469,0.6758,0.6523,0.2521,4.475,25.3703,PepSet_dimer_output_esmfold2,2lsi,0.068,0.086,25.37,11.071
2lsi,44,2,0.6696,0.423,0.6334,0.5887,0.1563,6.2509,24.3838,PepSet_dimer_output_esmfold2,2lsi,0.061,0.057,24.384,10.959
2lsi,44,3,0.6449,0.3747,0.6053,0.5402,0.0904,4.8088,26.4127,PepSet_dimer_output_esmfold2,2lsi,0.038,0.0,26.413,10.513
2lsi,44,4,0.7199,0.3822,0.6704,0.6445,0.0969,5.0038,38.8525,PepSet_dimer_output_esmfold2,2lsi,0.019,0.0,38.852,15.004
2m0v,42,0,0.866,0.8894,0.8669,0.8553,0.9596,7.2789,2.6992,PepSet_dimer_output_esmfold2,2m0v,0.761,0.88,2.699,1.514
2m0v,42,1,0.8648,0.8955,0.866,0.8522,0.9608,5.2368,2.7467,PepSet_dimer_output_esmfold2,2m0v,0.755,0.88,2.747,1.562
2m0v,42,2,0.8661,0.8923,0.8671,0.8571,0.9593,5.4775,3.2935,PepSet_dimer_output_esmfold2,2m0v,0.738,0.84,3.293,1.487
2m0v,42,3,0.8653,0.8932,0.8663,0.8562,0.959,5.2477,3.2532,PepSet_dimer_output_esmfold2,2m0v,0.737,0.84,3.253,1.502
2m0v,42,4,0.8648,0.8934,0.8659,0.8535,0.9607,4.8245,3.2138,PepSet_dimer_output_esmfold2,2m0v,0.751,0.88,3.214,1.502
2m0v,43,0,0.8667,0.8898,0.8676,0.8572,0.958,5.3543,3.1342,PepSet_dimer_output_esmfold2,2m0v,0.737,0.84,3.134,1.529
2m0v,43,1,0.8699,0.8959,0.8709,0.8607,0.9615,6.8476,2.8342,PepSet_dimer_output_esmfold2,2m0v,0.744,0.84,2.834,1.527
2m0v,43,2,0.8653,0.8949,0.8664,0.8562,0.9599,5.2383,2.9854,PepSet_dimer_output_esmfold2,2m0v,0.737,0.84,2.985,1.557
2m0v,43,3,0.8655,0.891,0.8665,0.8552,0.9561,6.5878,3.4483,PepSet_dimer_output_esmfold2,2m0v,0.758,0.92,3.448,1.513
2m0v,43,4,0.8727,0.8939,0.8735,0.863,0.9586,5.8354,2.8184,PepSet_dimer_output_esmfold2,2m0v,0.76,0.88,2.818,1.5
2m0v,44,0,0.8683,0.8903,0.8691,0.8577,0.9571,6.2234,2.8435,PepSet_dimer_output_esmfold2,2m0v,0.791,0.96,2.843,1.457
2m0v,44,1,0.8647,0.8946,0.8658,0.8567,0.9603,5.4317,2.907,PepSet_dimer_output_esmfold2,2m0v,0.768,0.92,2.907,1.531
2m0v,44,2,0.866,0.8963,0.8671,0.857,0.9599,6.7769,3.1957,PepSet_dimer_output_esmfold2,2m0v,0.777,0.96,3.196,1.518
2m0v,44,3,0.8709,0.8901,0.8716,0.8613,0.959,5.1361,2.963,PepSet_dimer_output_esmfold2,2m0v,0.739,0.84,2.963,1.54
2m0v,44,4,0.871,0.8959,0.8719,0.8624,0.9606,6.0272,2.9789,PepSet_dimer_output_esmfold2,2m0v,0.754,0.88,2.979,1.529
2nnu,42,0,0.3135,0.3447,0.3164,0.1912,0.1211,19.7357,28.9801,PepSet_dimer_output_esmfold2,2nnu,0.086,0.167,28.98,13.36
2nnu,42,1,0.3074,0.3394,0.3103,0.199,0.1109,20.245,12.5541,PepSet_dimer_output_esmfold2,2nnu,0.109,0.0,12.554,13.379
2nnu,42,2,0.3117,0.3529,0.3155,0.207,0.1694,21.7132,19.3815,PepSet_dimer_output_esmfold2,2nnu,0.086,0.083,19.382,13.294
2nnu,42,3,0.3052,0.3334,0.3077,0.1837,0.0923,20.5617,14.5496,PepSet_dimer_output_esmfold2,2nnu,0.088,0.0,14.55,15.246
2nnu,42,4,0.3227,0.3604,0.3261,0.209,0.141,18.4106,20.6227,PepSet_dimer_output_esmfold2,2nnu,0.063,0.028,20.623,11.804
2nnu,43,0,0.3251,0.3649,0.3287,0.2312,0.1636,21.8392,19.2992,PepSet_dimer_output_esmfold2,2nnu,0.078,0.056,19.299,11.942
2nnu,43,1,0.304,0.3622,0.3093,0.1789,0.1493,16.6447,26.4987,PepSet_dimer_output_esmfold2,2nnu,0.074,0.111,26.499,11.49
2nnu,43,2,0.3202,0.3541,0.3232,0.2147,0.1353,18.314,17.583,PepSet_dimer_output_esmfold2,2nnu,0.078,0.028,17.583,11.422
2nnu,43,3,0.3095,0.3623,0.3143,0.1944,0.1619,20.099,17.1094,PepSet_dimer_output_esmfold2,2nnu,0.108,0.111,17.109,12.066
2nnu,43,4,0.3104,0.2844,0.308,0.1934,0.1094,19.2773,31.3962,PepSet_dimer_output_esmfold2,2nnu,0.064,0.111,31.396,13.959
2nnu,44,0,0.3106,0.3638,0.3154,0.2084,0.169,20.8205,29.6929,PepSet_dimer_output_esmfold2,2nnu,0.058,0.083,29.693,12.274
2nnu,44,1,0.3149,0.3434,0.3174,0.1968,0.1368,20.2431,23.8957,PepSet_dimer_output_esmfold2,2nnu,0.069,0.083,23.896,14.631
2nnu,44,2,0.3121,0.3648,0.3168,0.2085,0.1805,21.0698,20.5283,PepSet_dimer_output_esmfold2,2nnu,0.082,0.083,20.528,12.11
2nnu,44,3,0.3092,0.3646,0.3142,0.2033,0.1872,24.3509,34.0777,PepSet_dimer_output_esmfold2,2nnu,0.05,0.083,34.078,17.068
2nnu,44,4,0.3029,0.3347,0.3058,0.1705,0.0837,16.7249,32.546,PepSet_dimer_output_esmfold2,2nnu,0.027,0.0,32.546,11.101
2o9v,42,0,0.9531,0.9482,0.9524,0.9523,0.9342,0.8149,0.9147,PepSet_dimer_output_esmfold2,2o9v,0.971,1.0,0.915,0.431
2o9v,42,1,0.954,0.9485,0.9533,0.9526,0.9325,0.7916,0.9672,PepSet_dimer_output_esmfold2,2o9v,0.956,0.96,0.967,0.444
2o9v,42,2,0.9538,0.9467,0.9529,0.953,0.9302,0.9322,0.8185,PepSet_dimer_output_esmfold2,2o9v,0.945,0.92,0.819,0.429
2o9v,42,3,0.9533,0.949,0.9527,0.9526,0.9334,0.886,0.9439,PepSet_dimer_output_esmfold2,2o9v,0.947,0.92,0.944,0.4
2o9v,42,4,0.9542,0.945,0.953,0.9518,0.9288,0.6404,0.768,PepSet_dimer_output_esmfold2,2o9v,0.951,0.92,0.768,0.376
2o9v,43,0,0.9538,0.9469,0.9529,0.9515,0.9294,0.6575,0.7552,PepSet_dimer_output_esmfold2,2o9v,0.965,0.96,0.755,0.369
2o9v,43,1,0.9534,0.9481,0.9527,0.9524,0.9316,0.8761,1.1209,PepSet_dimer_output_esmfold2,2o9v,0.951,0.96,1.121,0.468
2o9v,43,2,0.9531,0.9482,0.9525,0.952,0.9331,0.8349,0.8995,PepSet_dimer_output_esmfold2,2o9v,0.957,0.96,0.899,0.439
2o9v,43,3,0.9521,0.937,0.9501,0.9497,0.917,0.8186,0.8083,PepSet_dimer_output_esmfold2,2o9v,0.96,0.96,0.808,0.419
2o9v,43,4,0.9548,0.9481,0.9539,0.9537,0.9312,0.7812,0.943,PepSet_dimer_output_esmfold2,2o9v,0.973,1.0,0.943,0.406
2o9v,44,0,0.9542,0.9487,0.9535,0.9532,0.934,0.7302,0.9875,PepSet_dimer_output_esmfold2,2o9v,0.953,0.96,0.987,0.468
2o9v,44,1,0.9551,0.949,0.9543,0.9541,0.9346,0.8224,0.908,PepSet_dimer_output_esmfold2,2o9v,0.962,0.96,0.908,0.392
2o9v,44,2,0.9536,0.9489,0.953,0.9529,0.9338,0.9053,0.9024,PepSet_dimer_output_esmfold2,2o9v,0.96,0.96,0.902,0.406
2o9v,44,3,0.9538,0.9474,0.953,0.952,0.9316,0.7535,0.7154,PepSet_dimer_output_esmfold2,2o9v,0.965,0.96,0.715,0.375
2o9v,44,4,0.9543,0.9463,0.9533,0.9533,0.9303,0.9711,0.9683,PepSet_dimer_output_esmfold2,2o9v,0.953,0.96,0.968,0.469
2p1o,42,0,0.9107,0.6455,0.9048,0.9309,0.826,0.8435,4.0783,PepSet_dimer_output_esmfold2,2p1o,0.714,0.822,4.078,1.479
2p1o,42,1,0.9009,0.4211,0.8902,0.9225,0.6572,0.6617,8.4725,PepSet_dimer_output_esmfold2,2p1o,0.343,0.333,8.472,3.057
2p1o,42,2,0.909,0.6348,0.9029,0.9309,0.8221,0.6704,2.7526,PepSet_dimer_output_esmfold2,2p1o,0.784,0.778,2.753,1.058
2p1o,42,3,0.9065,0.6183,0.9001,0.929,0.8048,0.7205,2.4464,PepSet_dimer_output_esmfold2,2p1o,0.813,0.822,2.446,0.996
2p1o,42,4,0.9095,0.6439,0.9036,0.9305,0.8235,0.7992,5.2815,PepSet_dimer_output_esmfold2,2p1o,0.635,0.8,5.281,1.901
2p1o,43,0,0.908,0.6531,0.9023,0.9266,0.8337,4.3529,6.9432,PepSet_dimer_output_esmfold2,2p1o,0.531,0.733,6.943,2.522
2p1o,43,1,0.8995,0.3784,0.8879,0.9219,0.5961,3.5675,8.8691,PepSet_dimer_output_esmfold2,2p1o,0.318,0.289,8.869,3.133
2p1o,43,2,0.9025,0.6526,0.897,0.9271,0.8202,4.6,8.7596,PepSet_dimer_output_esmfold2,2p1o,0.469,0.733,8.76,3.1
2p1o,43,3,0.9057,0.6404,0.8998,0.9244,0.8295,2.7918,5.2036,PepSet_dimer_output_esmfold2,2p1o,0.644,0.822,5.204,1.912
2p1o,43,4,0.9105,0.6551,0.9048,0.9315,0.8402,0.7712,4.382,PepSet_dimer_output_esmfold2,2p1o,0.672,0.756,4.382,1.593
2p1o,44,0,0.9054,0.6397,0.8994,0.9237,0.8238,4.2066,4.3063,PepSet_dimer_output_esmfold2,2p1o,0.68,0.778,4.306,1.604
2p1o,44,1,0.9091,0.6592,0.9036,0.9308,0.8245,0.8572,8.2202,PepSet_dimer_output_esmfold2,2p1o,0.494,0.756,8.22,2.922
2p1o,44,2,0.903,0.3865,0.8915,0.9223,0.6184,4.4081,9.0752,PepSet_dimer_output_esmfold2,2p1o,0.317,0.311,9.075,3.271
2p1o,44,3,0.9094,0.6468,0.9035,0.9315,0.83,0.7706,4.7339,PepSet_dimer_output_esmfold2,2p1o,0.657,0.778,4.734,1.723
2p1o,44,4,0.8951,0.3336,0.8826,0.9117,0.5286,3.3312,9.9822,PepSet_dimer_output_esmfold2,2p1o,0.285,0.289,9.982,3.643
2qos,42,0,0.9281,0.8883,0.9257,0.9589,0.9528,0.8002,0.6355,PepSet_dimer_output_esmfold2,2qos,0.927,0.887,0.636,0.504
2qos,42,1,0.9285,0.89,0.9262,0.9583,0.9544,0.7727,0.5225,PepSet_dimer_output_esmfold2,2qos,0.946,0.925,0.523,0.453
2qos,42,2,0.9292,0.8823,0.9263,0.9599,0.9497,0.6467,0.6861,PepSet_dimer_output_esmfold2,2qos,0.932,0.887,0.686,0.457
2qos,42,3,0.9316,0.887,0.9289,0.9615,0.9511,0.6894,0.5892,PepSet_dimer_output_esmfold2,2qos,0.947,0.925,0.589,0.442
2qos,42,4,0.9259,0.8796,0.9231,0.9581,0.9501,0.702,0.6689,PepSet_dimer_output_esmfold2,2qos,0.918,0.906,0.669,0.621
2qos,43,0,0.9308,0.8871,0.9282,0.961,0.9526,0.6021,0.5587,PepSet_dimer_output_esmfold2,2qos,0.938,0.906,0.559,0.463
2qos,43,1,0.9304,0.8875,0.9278,0.9611,0.9546,0.5869,0.5752,PepSet_dimer_output_esmfold2,2qos,0.936,0.906,0.575,0.48
2qos,43,2,0.9312,0.8895,0.9287,0.9607,0.9531,0.7858,0.5977,PepSet_dimer_output_esmfold2,2qos,0.934,0.906,0.598,0.494
2qos,43,3,0.925,0.886,0.9227,0.9563,0.9531,0.8699,0.5419,PepSet_dimer_output_esmfold2,2qos,0.939,0.906,0.542,0.452
2qos,43,4,0.9303,0.8891,0.9278,0.9604,0.9546,0.6174,0.5054,PepSet_dimer_output_esmfold2,2qos,0.932,0.887,0.505,0.463
2qos,44,0,0.928,0.8872,0.9256,0.9589,0.9523,0.598,0.5728,PepSet_dimer_output_esmfold2,2qos,0.937,0.906,0.573,0.473
2qos,44,1,0.9292,0.8884,0.9267,0.9599,0.9529,0.6136,0.5506,PepSet_dimer_output_esmfold2,2qos,0.933,0.906,0.551,0.504
2qos,44,2,0.9306,0.8872,0.928,0.9604,0.9523,0.6706,0.6118,PepSet_dimer_output_esmfold2,2qos,0.936,0.925,0.612,0.528
2qos,44,3,0.9313,0.8912,0.9289,0.9609,0.9566,0.601,0.5647,PepSet_dimer_output_esmfold2,2qos,0.944,0.925,0.565,0.463
2qos,44,4,0.9318,0.8917,0.9294,0.9613,0.9561,0.5587,0.7893,PepSet_dimer_output_esmfold2,2qos,0.933,0.906,0.789,0.494
2r7g,42,0,0.9263,0.922,0.9262,0.9503,0.9735,1.3806,0.681,PepSet_dimer_output_esmfold2,2r7g,0.894,0.84,0.681,0.631
2r7g,42,1,0.9251,0.9123,0.9247,0.9496,0.9711,0.9986,0.5101,PepSet_dimer_output_esmfold2,2r7g,0.896,0.84,0.51,0.629
2r7g,42,2,0.9219,0.8688,0.9203,0.9474,0.9551,1.0944,1.952,PepSet_dimer_output_esmfold2,2r7g,0.802,0.78,1.952,1.037
2r7g,42,3,0.9259,0.9193,0.9257,0.9512,0.9732,1.0421,0.5112,PepSet_dimer_output_esmfold2,2r7g,0.889,0.84,0.511,0.68
2r7g,42,4,0.9257,0.9146,0.9254,0.9513,0.9705,0.9901,0.4735,PepSet_dimer_output_esmfold2,2r7g,0.902,0.86,0.474,0.631
2r7g,43,0,0.9265,0.9232,0.9264,0.9516,0.9732,0.9411,0.4759,PepSet_dimer_output_esmfold2,2r7g,0.893,0.84,0.476,0.646
2r7g,43,1,0.9241,0.9166,0.9239,0.9515,0.9706,0.9515,0.3835,PepSet_dimer_output_esmfold2,2r7g,0.899,0.86,0.384,0.66
2r7g,43,2,0.9275,0.9214,0.9274,0.9539,0.9723,0.9795,0.5328,PepSet_dimer_output_esmfold2,2r7g,0.891,0.84,0.533,0.66
2r7g,43,3,0.9225,0.9194,0.9224,0.9502,0.9746,0.9812,0.8467,PepSet_dimer_output_esmfold2,2r7g,0.886,0.84,0.847,0.686
2r7g,43,4,0.9238,0.9196,0.9237,0.9496,0.973,1.0013,0.4242,PepSet_dimer_output_esmfold2,2r7g,0.886,0.82,0.424,0.657
2r7g,44,0,0.9255,0.9198,0.9254,0.952,0.9731,0.9943,0.4344,PepSet_dimer_output_esmfold2,2r7g,0.887,0.84,0.434,0.692
2r7g,44,1,0.9262,0.9188,0.926,0.9499,0.972,1.27,0.3998,PepSet_dimer_output_esmfold2,2r7g,0.901,0.86,0.4,0.642
2r7g,44,2,0.9275,0.9208,0.9273,0.9527,0.9721,0.959,0.4272,PepSet_dimer_output_esmfold2,2r7g,0.901,0.86,0.427,0.645
2r7g,44,3,0.9251,0.916,0.9248,0.9506,0.9712,0.9566,0.4545,PepSet_dimer_output_esmfold2,2r7g,0.892,0.84,0.455,0.655
2r7g,44,4,0.9254,0.9244,0.9254,0.9521,0.9734,1.2454,0.3545,PepSet_dimer_output_esmfold2,2r7g,0.899,0.84,0.355,0.611
2rol,42,0,0.8667,0.7876,0.8542,0.8179,0.7227,2.2143,2.9893,PepSet_dimer_output_esmfold2,2rol,0.734,0.781,2.989,1.408
2rol,42,1,0.8635,0.7825,0.8507,0.8116,0.7107,2.5504,2.962,PepSet_dimer_output_esmfold2,2rol,0.742,0.812,2.962,1.44
2rol,42,2,0.865,0.7756,0.8509,0.8115,0.697,2.7903,3.0991,PepSet_dimer_output_esmfold2,2rol,0.754,0.844,3.099,1.401
2rol,42,3,0.8573,0.7765,0.8445,0.8063,0.6988,1.5334,2.3326,PepSet_dimer_output_esmfold2,2rol,0.779,0.812,2.333,1.235
2rol,42,4,0.8589,0.7725,0.8453,0.8052,0.6958,2.7864,2.9644,PepSet_dimer_output_esmfold2,2rol,0.773,0.812,2.964,1.189
2rol,43,0,0.8612,0.7665,0.8463,0.8033,0.6817,2.4096,2.9668,PepSet_dimer_output_esmfold2,2rol,0.759,0.844,2.967,1.381
2rol,43,1,0.8641,0.7804,0.8509,0.8128,0.7102,2.334,2.938,PepSet_dimer_output_esmfold2,2rol,0.725,0.781,2.938,1.497
2rol,43,2,0.8524,0.7794,0.8409,0.805,0.7068,2.5776,2.9874,PepSet_dimer_output_esmfold2,2rol,0.727,0.75,2.987,1.384
2rol,43,3,0.8636,0.7885,0.8517,0.8148,0.7227,1.9464,2.8712,PepSet_dimer_output_esmfold2,2rol,0.732,0.781,2.871,1.447
2rol,43,4,0.8594,0.7531,0.8426,0.8001,0.6561,2.0857,2.8331,PepSet_dimer_output_esmfold2,2rol,0.778,0.875,2.833,1.332
2rol,44,0,0.8646,0.7877,0.8525,0.8149,0.7206,2.3365,2.8035,PepSet_dimer_output_esmfold2,2rol,0.739,0.781,2.804,1.399
2rol,44,1,0.8574,0.7722,0.8439,0.8049,0.6962,2.1306,2.7652,PepSet_dimer_output_esmfold2,2rol,0.741,0.781,2.765,1.388
2rol,44,2,0.8622,0.7799,0.8492,0.8103,0.7088,2.0156,2.7599,PepSet_dimer_output_esmfold2,2rol,0.744,0.781,2.76,1.369
2rol,44,3,0.8612,0.7768,0.8478,0.8096,0.7037,2.6255,2.9931,PepSet_dimer_output_esmfold2,2rol,0.732,0.75,2.993,1.341
2rol,44,4,0.8582,0.7847,0.8466,0.8065,0.7161,2.6062,3.1162,PepSet_dimer_output_esmfold2,2rol,0.722,0.781,3.116,1.494
2v8c,42,0,0.9293,0.4644,0.8895,0.9102,0.2822,0.516,19.957,PepSet_dimer_output_esmfold2,2v8c,0.098,0.114,19.957,9.289
2v8c,42,1,0.9252,0.5391,0.8922,0.9141,0.4089,0.5895,5.5446,PepSet_dimer_output_esmfold2,2v8c,0.507,0.514,5.545,2.265
2v8c,42,2,0.9266,0.5899,0.8978,0.9216,0.4867,0.4936,5.5093,PepSet_dimer_output_esmfold2,2v8c,0.503,0.486,5.509,2.19
2v8c,42,3,0.933,0.5966,0.9042,0.9253,0.4882,0.4121,5.048,PepSet_dimer_output_esmfold2,2v8c,0.548,0.543,5.048,1.998
2v8c,42,4,0.9254,0.5759,0.8955,0.9186,0.4658,0.611,5.1276,PepSet_dimer_output_esmfold2,2v8c,0.542,0.571,5.128,2.172
2v8c,43,0,0.934,0.5912,0.9047,0.9259,0.4729,0.4695,4.9328,PepSet_dimer_output_esmfold2,2v8c,0.559,0.571,4.933,2.004
2v8c,43,1,0.926,0.4456,0.8849,0.9067,0.2698,0.4769,19.1906,PepSet_dimer_output_esmfold2,2v8c,0.121,0.171,19.191,8.948
2v8c,43,2,0.9272,0.5724,0.8968,0.9185,0.4555,0.604,5.2373,PepSet_dimer_output_esmfold2,2v8c,0.54,0.571,5.237,2.17
2v8c,43,3,0.9263,0.4198,0.883,0.9051,0.2474,0.4361,19.13,PepSet_dimer_output_esmfold2,2v8c,0.112,0.143,19.13,8.915
2v8c,43,4,0.9307,0.576,0.9004,0.9229,0.4548,0.528,4.921,PepSet_dimer_output_esmfold2,2v8c,0.559,0.571,4.921,2.014
2v8c,44,0,0.9328,0.5841,0.9029,0.9242,0.4668,0.612,5.5994,PepSet_dimer_output_esmfold2,2v8c,0.513,0.543,5.599,2.303
2v8c,44,1,0.9256,0.5582,0.8942,0.9155,0.4287,0.5274,4.9219,PepSet_dimer_output_esmfold2,2v8c,0.56,0.571,4.922,1.997
2v8c,44,2,0.9267,0.4511,0.886,0.9071,0.27,0.4718,19.9212,PepSet_dimer_output_esmfold2,2v8c,0.127,0.2,19.921,9.239
2v8c,44,3,0.9258,0.5403,0.8928,0.9134,0.4,0.6461,4.7039,PepSet_dimer_output_esmfold2,2v8c,0.568,0.571,4.704,1.976
2v8c,44,4,0.9319,0.5839,0.9021,0.9235,0.4626,0.4853,5.0939,PepSet_dimer_output_esmfold2,2v8c,0.525,0.486,5.094,2.033
2vzg,42,0,0.9225,0.684,0.8971,0.9204,0.6705,0.4201,14.5404,PepSet_dimer_output_esmfold2,2vzg,0.11,0.036,14.54,7.326
2vzg,42,1,0.9125,0.6322,0.8827,0.9057,0.5844,0.4713,14.344,PepSet_dimer_output_esmfold2,2vzg,0.112,0.036,14.344,7.221
2vzg,42,2,0.9035,0.5287,0.8637,0.878,0.33,0.4459,2.9297,PepSet_dimer_output_esmfold2,2vzg,0.761,0.821,2.93,1.308
2vzg,42,3,0.9212,0.6716,0.8946,0.9184,0.6533,0.4536,14.6375,PepSet_dimer_output_esmfold2,2vzg,0.109,0.036,14.637,7.373
2vzg,42,4,0.92,0.6729,0.8937,0.9169,0.6532,0.452,14.5206,PepSet_dimer_output_esmfold2,2vzg,0.11,0.036,14.521,7.306
2vzg,43,0,0.9085,0.5242,0.8676,0.8825,0.3244,0.4475,2.3469,PepSet_dimer_output_esmfold2,2vzg,0.802,0.857,2.347,1.172
2vzg,43,1,0.9147,0.639,0.8854,0.9076,0.5925,0.4213,13.459,PepSet_dimer_output_esmfold2,2vzg,0.122,0.036,13.459,6.781
2vzg,43,2,0.9143,0.6421,0.8853,0.9079,0.5954,0.4275,13.1451,PepSet_dimer_output_esmfold2,2vzg,0.127,0.036,13.145,6.6
2vzg,43,3,0.9148,0.6455,0.8862,0.9088,0.6024,0.4134,14.522,PepSet_dimer_output_esmfold2,2vzg,0.11,0.036,14.522,7.315
2vzg,43,4,0.9146,0.6429,0.8857,0.9076,0.597,0.4432,14.5546,PepSet_dimer_output_esmfold2,2vzg,0.11,0.036,14.555,7.318
2vzg,44,0,0.914,0.638,0.8846,0.9074,0.5964,0.4485,12.906,PepSet_dimer_output_esmfold2,2vzg,0.13,0.036,12.906,6.498
2vzg,44,1,0.9133,0.6487,0.8852,0.9082,0.6116,0.4246,12.9918,PepSet_dimer_output_esmfold2,2vzg,0.129,0.036,12.992,6.53
2vzg,44,2,0.9143,0.6551,0.8868,0.9088,0.6166,0.4334,13.4996,PepSet_dimer_output_esmfold2,2vzg,0.122,0.036,13.5,6.795
2vzg,44,3,0.9226,0.685,0.8974,0.92,0.6648,0.5233,13.5704,PepSet_dimer_output_esmfold2,2vzg,0.121,0.036,13.57,6.843
2vzg,44,4,0.9141,0.6485,0.8858,0.9084,0.6109,0.4312,12.8898,PepSet_dimer_output_esmfold2,2vzg,0.13,0.036,12.89,6.481
2xcb,42,0,0.9309,0.8687,0.9273,0.9333,0.9416,1.458,1.0731,PepSet_dimer_output_esmfold2,2xcb,0.933,0.886,1.073,0.412
2xcb,42,1,0.9304,0.8686,0.9269,0.9323,0.9374,1.6687,1.0245,PepSet_dimer_output_esmfold2,2xcb,0.947,0.914,1.025,0.373
2xcb,42,2,0.9308,0.8692,0.9273,0.9339,0.9434,1.0824,1.0832,PepSet_dimer_output_esmfold2,2xcb,0.936,0.886,1.083,0.388
2xcb,42,3,0.9309,0.8689,0.9274,0.9333,0.9424,1.863,1.1489,PepSet_dimer_output_esmfold2,2xcb,0.933,0.886,1.149,0.408
2xcb,42,4,0.9312,0.8714,0.9278,0.9336,0.9429,0.4457,0.9641,PepSet_dimer_output_esmfold2,2xcb,0.935,0.886,0.964,0.403
2xcb,43,0,0.9286,0.871,0.9253,0.9328,0.9428,2.3002,1.3925,PepSet_dimer_output_esmfold2,2xcb,0.929,0.886,1.393,0.423
2xcb,43,1,0.9278,0.8663,0.9243,0.9304,0.9371,2.3926,1.2893,PepSet_dimer_output_esmfold2,2xcb,0.933,0.886,1.289,0.393
2xcb,43,2,0.9321,0.8682,0.9285,0.9347,0.9369,1.506,1.0525,PepSet_dimer_output_esmfold2,2xcb,0.935,0.886,1.053,0.397
2xcb,43,3,0.9306,0.8717,0.9272,0.9336,0.9415,1.5189,0.9747,PepSet_dimer_output_esmfold2,2xcb,0.939,0.886,0.975,0.36
2xcb,43,4,0.9314,0.8692,0.9279,0.9341,0.94,0.625,0.9278,PepSet_dimer_output_esmfold2,2xcb,0.938,0.886,0.928,0.378
2xcb,44,0,0.9274,0.8617,0.9237,0.9305,0.9362,2.2487,1.3321,PepSet_dimer_output_esmfold2,2xcb,0.924,0.886,1.332,0.474
2xcb,44,1,0.9286,0.8711,0.9253,0.9324,0.9393,1.9572,1.2538,PepSet_dimer_output_esmfold2,2xcb,0.93,0.886,1.254,0.427
2xcb,44,2,0.9314,0.8676,0.9278,0.9332,0.9404,1.3734,1.0379,PepSet_dimer_output_esmfold2,2xcb,0.947,0.914,1.038,0.369
2xcb,44,3,0.9324,0.871,0.9289,0.9347,0.9435,1.6581,1.1,PepSet_dimer_output_esmfold2,2xcb,0.934,0.886,1.1,0.405
2xcb,44,4,0.9318,0.8715,0.9284,0.935,0.943,1.0976,1.0179,PepSet_dimer_output_esmfold2,2xcb,0.938,0.886,1.018,0.372
2xpn,42,0,0.9442,0.8367,0.9306,0.957,0.8905,0.4177,2.2867,PepSet_dimer_output_esmfold2,2xpn,0.825,0.915,2.287,1.156
2xpn,42,1,0.9441,0.8333,0.9301,0.9567,0.8893,0.4141,2.1436,PepSet_dimer_output_esmfold2,2xpn,0.836,0.915,2.144,1.097
2xpn,42,2,0.9438,0.8353,0.9301,0.9564,0.8913,0.4099,2.1364,PepSet_dimer_output_esmfold2,2xpn,0.838,0.915,2.136,1.082
2xpn,42,3,0.9444,0.8349,0.9305,0.957,0.8919,0.4272,2.2567,PepSet_dimer_output_esmfold2,2xpn,0.825,0.915,2.257,1.158
2xpn,42,4,0.9433,0.8217,0.9279,0.955,0.8765,0.4791,2.6372,PepSet_dimer_output_esmfold2,2xpn,0.779,0.872,2.637,1.349
2xpn,43,0,0.9442,0.8382,0.9308,0.9573,0.8957,0.4607,2.4505,PepSet_dimer_output_esmfold2,2xpn,0.813,0.915,2.45,1.219
2xpn,43,1,0.9446,0.8341,0.9306,0.957,0.8887,0.4132,2.4113,PepSet_dimer_output_esmfold2,2xpn,0.811,0.894,2.411,1.187
2xpn,43,2,0.9407,0.8171,0.925,0.9529,0.8758,0.5216,2.3932,PepSet_dimer_output_esmfold2,2xpn,0.824,0.957,2.393,1.256
2xpn,43,3,0.9444,0.8181,0.9285,0.9555,0.8763,0.4041,2.7441,PepSet_dimer_output_esmfold2,2xpn,0.799,0.936,2.744,1.339
2xpn,43,4,0.9454,0.8389,0.932,0.9583,0.8954,0.3693,2.3769,PepSet_dimer_output_esmfold2,2xpn,0.811,0.894,2.377,1.195
2xpn,44,0,0.9443,0.8322,0.9301,0.9566,0.8866,0.3921,1.5679,PepSet_dimer_output_esmfold2,2xpn,0.886,0.915,1.568,0.808
2xpn,44,1,0.9451,0.8383,0.9316,0.958,0.8969,0.4524,2.4868,PepSet_dimer_output_esmfold2,2xpn,0.8,0.894,2.487,1.264
2xpn,44,2,0.9453,0.8378,0.9317,0.9577,0.894,0.4127,2.4644,PepSet_dimer_output_esmfold2,2xpn,0.798,0.872,2.464,1.23
2xpn,44,3,0.9445,0.8333,0.9304,0.9568,0.8914,0.405,2.6618,PepSet_dimer_output_esmfold2,2xpn,0.796,0.915,2.662,1.32
2xpn,44,4,0.945,0.8318,0.9307,0.9572,0.8872,0.485,2.1346,PepSet_dimer_output_esmfold2,2xpn,0.844,0.936,2.135,1.085
2xrw,42,0,0.8602,0.7288,0.8558,0.8376,0.8011,2.0786,3.2476,PepSet_dimer_output_esmfold2,2xrw,0.795,0.975,3.248,1.389
2xrw,42,1,0.8556,0.7279,0.8513,0.8338,0.8046,1.9217,3.2483,PepSet_dimer_output_esmfold2,2xrw,0.779,0.95,3.248,1.455
2xrw,42,2,0.8607,0.7226,0.8561,0.8379,0.7923,1.8262,3.1186,PepSet_dimer_output_esmfold2,2xrw,0.805,0.975,3.119,1.333
2xrw,42,3,0.8603,0.7258,0.8558,0.8431,0.8101,1.541,3.3925,PepSet_dimer_output_esmfold2,2xrw,0.776,0.925,3.393,1.381
2xrw,42,4,0.8621,0.7168,0.8573,0.8475,0.8011,1.6896,3.4531,PepSet_dimer_output_esmfold2,2xrw,0.775,0.95,3.453,1.452
2xrw,43,0,0.8578,0.7243,0.8534,0.8301,0.7984,2.227,3.2137,PepSet_dimer_output_esmfold2,2xrw,0.782,0.925,3.214,1.37
2xrw,43,1,0.8597,0.7089,0.8547,0.8359,0.7786,2.0327,3.2506,PepSet_dimer_output_esmfold2,2xrw,0.776,0.925,3.251,1.407
2xrw,43,2,0.8584,0.7081,0.8534,0.8263,0.7834,1.8632,3.2051,PepSet_dimer_output_esmfold2,2xrw,0.797,0.975,3.205,1.381
2xrw,43,3,0.858,0.7117,0.8531,0.8427,0.7957,1.7641,2.8438,PepSet_dimer_output_esmfold2,2xrw,0.814,0.95,2.844,1.242
2xrw,43,4,0.8585,0.7327,0.8543,0.8318,0.8177,1.7629,3.445,PepSet_dimer_output_esmfold2,2xrw,0.774,0.95,3.445,1.457
2xrw,44,0,0.8629,0.7231,0.8582,0.843,0.7953,1.8148,3.2941,PepSet_dimer_output_esmfold2,2xrw,0.786,0.95,3.294,1.392
2xrw,44,1,0.8586,0.7241,0.8541,0.8356,0.7988,1.7706,3.2472,PepSet_dimer_output_esmfold2,2xrw,0.789,0.95,3.247,1.374
2xrw,44,2,0.8616,0.7255,0.857,0.8472,0.8026,1.8553,3.2595,PepSet_dimer_output_esmfold2,2xrw,0.796,0.975,3.26,1.382
2xrw,44,3,0.8613,0.7257,0.8567,0.8405,0.8045,2.081,3.3858,PepSet_dimer_output_esmfold2,2xrw,0.77,0.925,3.386,1.434
2xrw,44,4,0.8614,0.7193,0.8567,0.8355,0.7905,1.3871,3.2507,PepSet_dimer_output_esmfold2,2xrw,0.767,0.9,3.251,1.412
2ymt,42,0,0.9515,0.9267,0.9504,0.9589,0.9589,0.2667,0.7628,PepSet_dimer_output_esmfold2,2ymt,0.95,0.903,0.763,0.327
2ymt,42,1,0.952,0.9305,0.951,0.9594,0.9635,0.2706,0.8925,PepSet_dimer_output_esmfold2,2ymt,0.958,0.935,0.893,0.351
2ymt,42,2,0.9491,0.9272,0.948,0.9572,0.9592,0.3705,0.7198,PepSet_dimer_output_esmfold2,2ymt,0.951,0.903,0.72,0.317
2ymt,42,3,0.9506,0.9274,0.9495,0.9581,0.9601,0.2732,0.7519,PepSet_dimer_output_esmfold2,2ymt,0.959,0.935,0.752,0.342
2ymt,42,4,0.9509,0.9296,0.9499,0.9582,0.9572,0.3551,0.635,PepSet_dimer_output_esmfold2,2ymt,0.967,0.935,0.635,0.262
2ymt,43,0,0.9511,0.9278,0.95,0.9589,0.9596,0.3298,0.7053,PepSet_dimer_output_esmfold2,2ymt,0.963,0.935,0.705,0.31
2ymt,43,1,0.9507,0.925,0.9495,0.9583,0.9593,0.3905,0.6975,PepSet_dimer_output_esmfold2,2ymt,0.961,0.935,0.697,0.329
2ymt,43,2,0.9512,0.9307,0.9502,0.9584,0.959,0.3371,0.5358,PepSet_dimer_output_esmfold2,2ymt,0.978,0.968,0.536,0.261
2ymt,43,3,0.9513,0.9293,0.9503,0.9586,0.9606,0.278,0.4836,PepSet_dimer_output_esmfold2,2ymt,0.98,0.968,0.484,0.244
2ymt,43,4,0.9503,0.9297,0.9494,0.9584,0.9622,0.4774,0.4747,PepSet_dimer_output_esmfold2,2ymt,0.979,0.968,0.475,0.258
2ymt,44,0,0.9498,0.9279,0.9488,0.9576,0.9608,0.2944,0.812,PepSet_dimer_output_esmfold2,2ymt,0.96,0.935,0.812,0.335
2ymt,44,1,0.951,0.9259,0.9498,0.9582,0.9602,0.2978,0.5425,PepSet_dimer_output_esmfold2,2ymt,0.976,0.968,0.542,0.29
2ymt,44,2,0.9512,0.9303,0.9502,0.9581,0.9591,0.3347,0.5503,PepSet_dimer_output_esmfold2,2ymt,0.978,0.968,0.55,0.256
2ymt,44,3,0.9515,0.9313,0.9505,0.9586,0.9577,0.3125,0.6004,PepSet_dimer_output_esmfold2,2ymt,0.966,0.935,0.6,0.279
2ymt,44,4,0.9521,0.9278,0.9509,0.9591,0.9612,0.2693,0.8579,PepSet_dimer_output_esmfold2,2ymt,0.958,0.935,0.858,0.345
3agy,42,0,0.9273,0.8467,0.9242,0.8743,0.9146,1.1775,1.5069,PepSet_dimer_output_esmfold2,3agy,0.938,0.933,1.507,0.468
3agy,42,1,0.9241,0.8351,0.9207,0.843,0.914,2.268,2.3988,PepSet_dimer_output_esmfold2,3agy,0.887,0.933,2.399,0.748
3agy,42,2,0.9286,0.848,0.9255,0.8764,0.918,1.6734,1.9317,PepSet_dimer_output_esmfold2,3agy,0.913,0.9,1.932,0.53
3agy,42,3,0.9269,0.8449,0.9238,0.8638,0.9168,1.828,1.8488,PepSet_dimer_output_esmfold2,3agy,0.913,0.9,1.849,0.541
3agy,42,4,0.928,0.8493,0.925,0.8688,0.9197,1.1028,1.2585,PepSet_dimer_output_esmfold2,3agy,0.951,0.933,1.259,0.375
3agy,43,0,0.9268,0.8475,0.9238,0.8731,0.9156,1.4226,1.5759,PepSet_dimer_output_esmfold2,3agy,0.94,0.933,1.576,0.447
3agy,43,1,0.9284,0.8466,0.9252,0.8761,0.9158,1.1675,1.6144,PepSet_dimer_output_esmfold2,3agy,0.936,0.933,1.614,0.471
3agy,43,2,0.9283,0.8485,0.9252,0.8765,0.9163,1.3398,1.7605,PepSet_dimer_output_esmfold2,3agy,0.919,0.9,1.761,0.504
3agy,43,3,0.9274,0.8426,0.9242,0.8773,0.9148,1.4608,1.8518,PepSet_dimer_output_esmfold2,3agy,0.904,0.9,1.852,0.609
3agy,43,4,0.9281,0.8453,0.9249,0.8759,0.9157,1.3412,1.6186,PepSet_dimer_output_esmfold2,3agy,0.932,0.933,1.619,0.507
3agy,44,0,0.9277,0.8457,0.9246,0.8767,0.9154,1.6485,1.8604,PepSet_dimer_output_esmfold2,3agy,0.915,0.9,1.86,0.526
3agy,44,1,0.9268,0.8468,0.9237,0.8679,0.916,0.9663,1.2779,PepSet_dimer_output_esmfold2,3agy,0.943,0.933,1.278,0.446
3agy,44,2,0.9275,0.8504,0.9246,0.8751,0.918,1.2299,1.4297,PepSet_dimer_output_esmfold2,3agy,0.928,0.9,1.43,0.466
3agy,44,3,0.9289,0.8466,0.9258,0.8779,0.9166,1.378,1.6795,PepSet_dimer_output_esmfold2,3agy,0.929,0.933,1.68,0.525
3agy,44,4,0.9276,0.8429,0.9244,0.8712,0.9145,1.0166,1.0713,PepSet_dimer_output_esmfold2,3agy,0.952,0.933,1.071,0.38
3bej,42,0,0.9039,0.8175,0.8999,0.9412,0.9041,0.688,2.3651,PepSet_dimer_output_esmfold2,3bej,0.75,0.684,2.365,1.128
3bej,42,1,0.906,0.816,0.9018,0.9428,0.9077,0.7426,2.1136,PepSet_dimer_output_esmfold2,3bej,0.771,0.711,2.114,1.072
3bej,42,2,0.9085,0.8167,0.9042,0.9434,0.9031,0.8061,2.0592,PepSet_dimer_output_esmfold2,3bej,0.766,0.684,2.059,1.052
3bej,42,3,0.908,0.8213,0.904,0.9432,0.9069,0.6943,2.4304,PepSet_dimer_output_esmfold2,3bej,0.749,0.684,2.43,1.131
3bej,42,4,0.9062,0.8118,0.9018,0.941,0.8986,0.8123,2.2137,PepSet_dimer_output_esmfold2,3bej,0.761,0.711,2.214,1.132
3bej,43,0,0.9049,0.8084,0.9004,0.9403,0.8954,0.8692,2.371,PepSet_dimer_output_esmfold2,3bej,0.737,0.658,2.371,1.164
3bej,43,1,0.9022,0.8211,0.8984,0.9404,0.9076,0.6936,2.3219,PepSet_dimer_output_esmfold2,3bej,0.754,0.684,2.322,1.106
3bej,43,2,0.9061,0.8151,0.9018,0.9418,0.9014,0.8001,2.2297,PepSet_dimer_output_esmfold2,3bej,0.766,0.711,2.23,1.098
3bej,43,3,0.9055,0.8188,0.9014,0.9412,0.9051,0.8089,2.3403,PepSet_dimer_output_esmfold2,3bej,0.769,0.737,2.34,1.121
3bej,43,4,0.9045,0.8189,0.9005,0.9413,0.9053,0.8074,2.3248,PepSet_dimer_output_esmfold2,3bej,0.749,0.684,2.325,1.146
3bej,44,0,0.9022,0.7995,0.8974,0.9388,0.8908,0.8618,1.7861,PepSet_dimer_output_esmfold2,3bej,0.777,0.684,1.786,1.008
3bej,44,1,0.9071,0.8131,0.9027,0.9422,0.8992,0.7864,2.1703,PepSet_dimer_output_esmfold2,3bej,0.782,0.737,2.17,1.055
3bej,44,2,0.9054,0.8228,0.9015,0.9421,0.9119,0.7431,2.1815,PepSet_dimer_output_esmfold2,3bej,0.778,0.737,2.181,1.076
3bej,44,3,0.9029,0.8197,0.899,0.9392,0.9053,0.8487,2.439,PepSet_dimer_output_esmfold2,3bej,0.747,0.684,2.439,1.144
3bej,44,4,0.9074,0.8194,0.9033,0.9433,0.9087,0.7801,2.0401,PepSet_dimer_output_esmfold2,3bej,0.777,0.711,2.04,1.042
3bqo,42,0,0.8964,0.8323,0.8925,0.9169,0.9025,1.7152,1.6945,PepSet_dimer_output_esmfold2,3bqo,0.88,0.859,1.694,0.707
3bqo,42,1,0.893,0.8356,0.8895,0.915,0.9092,1.8845,2.1752,PepSet_dimer_output_esmfold2,3bqo,0.861,0.906,2.175,0.893
3bqo,42,2,0.8943,0.8263,0.8902,0.9129,0.8979,1.9973,1.6062,PepSet_dimer_output_esmfold2,3bqo,0.896,0.875,1.606,0.634
3bqo,42,3,0.8969,0.8351,0.8932,0.9124,0.9042,1.6521,1.5163,PepSet_dimer_output_esmfold2,3bqo,0.891,0.875,1.516,0.68
3bqo,42,4,0.9003,0.8302,0.8961,0.9154,0.9018,1.5567,2.35,PepSet_dimer_output_esmfold2,3bqo,0.848,0.891,2.35,0.928
3bqo,43,0,0.8995,0.8256,0.895,0.9182,0.8975,1.867,1.8121,PepSet_dimer_output_esmfold2,3bqo,0.87,0.844,1.812,0.726
3bqo,43,1,0.8997,0.8323,0.8957,0.9161,0.9028,1.2076,1.7464,PepSet_dimer_output_esmfold2,3bqo,0.89,0.891,1.746,0.701
3bqo,43,2,0.9019,0.8365,0.898,0.9194,0.9071,1.9384,1.3133,PepSet_dimer_output_esmfold2,3bqo,0.915,0.891,1.313,0.563
3bqo,43,3,0.8923,0.8309,0.8886,0.9134,0.902,1.5291,1.408,PepSet_dimer_output_esmfold2,3bqo,0.889,0.844,1.408,0.633
3bqo,43,4,0.8984,0.831,0.8943,0.9168,0.903,1.399,2.0783,PepSet_dimer_output_esmfold2,3bqo,0.854,0.844,2.078,0.81
3bqo,44,0,0.8954,0.8315,0.8915,0.9171,0.9016,1.7377,1.6661,PepSet_dimer_output_esmfold2,3bqo,0.903,0.922,1.666,0.692
3bqo,44,1,0.9005,0.83,0.8962,0.9164,0.9021,1.5614,1.9634,PepSet_dimer_output_esmfold2,3bqo,0.878,0.891,1.963,0.764
3bqo,44,2,0.8971,0.8305,0.8931,0.9125,0.9026,1.8358,2.0764,PepSet_dimer_output_esmfold2,3bqo,0.884,0.922,2.076,0.783
3bqo,44,3,0.9006,0.836,0.8966,0.9177,0.9071,1.8622,1.5459,PepSet_dimer_output_esmfold2,3bqo,0.887,0.844,1.546,0.631
3bqo,44,4,0.8989,0.8327,0.8949,0.9152,0.9034,1.2614,1.6576,PepSet_dimer_output_esmfold2,3bqo,0.887,0.875,1.658,0.698
3emh,42,0,0.9716,0.8663,0.9695,0.986,0.9543,0.2994,0.6448,PepSet_dimer_output_esmfold2,3emh,0.957,0.9,0.645,0.227
3emh,42,1,0.9712,0.8589,0.969,0.9857,0.943,0.2898,0.6836,PepSet_dimer_output_esmfold2,3emh,0.957,0.9,0.684,0.23
3emh,42,2,0.9716,0.8706,0.9696,0.9861,0.9558,0.3051,0.6178,PepSet_dimer_output_esmfold2,3emh,0.958,0.9,0.618,0.217
3emh,42,3,0.972,0.8695,0.97,0.9859,0.9553,0.3125,0.5899,PepSet_dimer_output_esmfold2,3emh,0.958,0.9,0.59,0.215
3emh,42,4,0.9718,0.869,0.9698,0.9861,0.955,0.2671,0.6733,PepSet_dimer_output_esmfold2,3emh,0.957,0.9,0.673,0.23
3emh,43,0,0.9716,0.86,0.9694,0.986,0.9512,0.2664,0.5858,PepSet_dimer_output_esmfold2,3emh,0.959,0.9,0.586,0.206
3emh,43,1,0.9719,0.8691,0.9698,0.9863,0.9552,0.2862,0.5076,PepSet_dimer_output_esmfold2,3emh,0.971,0.933,0.508,0.2
3emh,43,2,0.9716,0.8686,0.9696,0.9861,0.9552,0.2669,0.9152,PepSet_dimer_output_esmfold2,3emh,0.951,0.9,0.915,0.282
3emh,43,3,0.9717,0.8631,0.9696,0.986,0.9524,0.3072,0.6045,PepSet_dimer_output_esmfold2,3emh,0.97,0.933,0.605,0.205
3emh,43,4,0.9714,0.852,0.969,0.9859,0.9393,0.2871,0.6732,PepSet_dimer_output_esmfold2,3emh,0.957,0.9,0.673,0.222
3emh,44,0,0.972,0.8713,0.97,0.9861,0.9554,0.2675,0.6174,PepSet_dimer_output_esmfold2,3emh,0.958,0.9,0.617,0.212
3emh,44,1,0.9719,0.8731,0.9699,0.9863,0.9565,0.2687,0.7141,PepSet_dimer_output_esmfold2,3emh,0.957,0.9,0.714,0.231
3emh,44,2,0.9717,0.8714,0.9698,0.986,0.9562,0.2856,0.6032,PepSet_dimer_output_esmfold2,3emh,0.958,0.9,0.603,0.215
3emh,44,3,0.9717,0.8665,0.9697,0.986,0.9533,0.3,0.5539,PepSet_dimer_output_esmfold2,3emh,0.96,0.9,0.554,0.197
3emh,44,4,0.9708,0.871,0.9689,0.986,0.956,0.336,0.6403,PepSet_dimer_output_esmfold2,3emh,0.947,0.867,0.64,0.222
3emw,42,0,0.9314,0.8492,0.9287,0.9599,0.9102,1.3838,3.696,PepSet_dimer_output_esmfold2,3emw,0.629,0.485,3.696,1.326
3emw,42,1,0.9235,0.8546,0.9212,0.9544,0.9155,1.0139,3.3414,PepSet_dimer_output_esmfold2,3emw,0.64,0.485,3.341,1.307
3emw,42,2,0.9331,0.8549,0.9304,0.9608,0.9148,1.1675,3.5163,PepSet_dimer_output_esmfold2,3emw,0.632,0.485,3.516,1.337
3emw,42,3,0.9213,0.7651,0.916,0.9496,0.8369,1.4805,3.6358,PepSet_dimer_output_esmfold2,3emw,0.612,0.485,3.636,1.48
3emw,42,4,0.9276,0.8466,0.9249,0.9571,0.9049,1.1462,3.4957,PepSet_dimer_output_esmfold2,3emw,0.634,0.485,3.496,1.327
3emw,43,0,0.9331,0.8585,0.9306,0.9609,0.9194,1.0418,3.4545,PepSet_dimer_output_esmfold2,3emw,0.635,0.485,3.454,1.328
3emw,43,1,0.9277,0.8468,0.9249,0.9572,0.9059,0.7888,3.4934,PepSet_dimer_output_esmfold2,3emw,0.634,0.485,3.493,1.326
3emw,43,2,0.9304,0.7939,0.9258,0.9576,0.8629,1.2547,4.7099,PepSet_dimer_output_esmfold2,3emw,0.518,0.364,4.71,1.747
3emw,43,3,0.9314,0.8561,0.9288,0.9602,0.9176,0.9007,3.4671,PepSet_dimer_output_esmfold2,3emw,0.634,0.485,3.467,1.327
3emw,43,4,0.932,0.8533,0.9294,0.9608,0.9169,1.1992,3.4477,PepSet_dimer_output_esmfold2,3emw,0.638,0.485,3.448,1.301
3emw,44,0,0.9311,0.7634,0.9254,0.9562,0.8493,1.4624,4.9345,PepSet_dimer_output_esmfold2,3emw,0.534,0.424,4.934,1.733
3emw,44,1,0.9329,0.8582,0.9304,0.9608,0.9176,1.3554,3.6058,PepSet_dimer_output_esmfold2,3emw,0.621,0.455,3.606,1.323
3emw,44,2,0.9281,0.8522,0.9255,0.9576,0.9142,0.899,3.3211,PepSet_dimer_output_esmfold2,3emw,0.635,0.485,3.321,1.349
3emw,44,3,0.9255,0.8569,0.9232,0.9551,0.9172,0.9119,3.4547,PepSet_dimer_output_esmfold2,3emw,0.623,0.455,3.455,1.338
3emw,44,4,0.9267,0.7883,0.922,0.9548,0.8557,1.253,3.3877,PepSet_dimer_output_esmfold2,3emw,0.627,0.455,3.388,1.318
3et3,42,0,0.9099,0.8085,0.904,0.9417,0.8951,3.0598,1.1546,PepSet_dimer_output_esmfold2,3et3,0.925,0.872,1.155,0.444
3et3,42,1,0.9101,0.8102,0.9043,0.9415,0.8969,2.7147,2.0778,PepSet_dimer_output_esmfold2,3et3,0.845,0.894,2.078,0.986
3et3,42,2,0.9085,0.8076,0.9026,0.9388,0.8954,3.0647,1.0774,PepSet_dimer_output_esmfold2,3et3,0.911,0.851,1.077,0.508
3et3,42,3,0.9102,0.8207,0.905,0.941,0.8993,2.5172,2.7367,PepSet_dimer_output_esmfold2,3et3,0.796,0.915,2.737,1.311
3et3,42,4,0.911,0.8199,0.9058,0.9413,0.8985,2.3966,2.5126,PepSet_dimer_output_esmfold2,3et3,0.818,0.915,2.513,1.174
3et3,43,0,0.9195,0.8163,0.9135,0.9495,0.9008,2.0532,0.9049,PepSet_dimer_output_esmfold2,3et3,0.942,0.894,0.905,0.37
3et3,43,1,0.9105,0.818,0.9052,0.9421,0.8976,2.8692,2.5791,PepSet_dimer_output_esmfold2,3et3,0.812,0.915,2.579,1.208
3et3,43,2,0.9125,0.8095,0.9065,0.9418,0.8918,3.1794,2.7609,PepSet_dimer_output_esmfold2,3et3,0.811,0.915,2.761,1.187
3et3,43,3,0.9113,0.8183,0.9059,0.9422,0.9022,2.7087,0.8449,PepSet_dimer_output_esmfold2,3et3,0.94,0.894,0.845,0.393
3et3,43,4,0.9106,0.8154,0.9051,0.9416,0.8981,3.1884,1.0555,PepSet_dimer_output_esmfold2,3et3,0.938,0.915,1.055,0.46
3et3,44,0,0.9177,0.8024,0.911,0.9487,0.8895,2.1968,1.1205,PepSet_dimer_output_esmfold2,3et3,0.913,0.872,1.121,0.546
3et3,44,1,0.9182,0.8097,0.9119,0.9486,0.8893,2.1042,2.9293,PepSet_dimer_output_esmfold2,3et3,0.784,0.894,2.929,1.319
3et3,44,2,0.911,0.8142,0.9054,0.9419,0.8968,2.791,1.1459,PepSet_dimer_output_esmfold2,3et3,0.945,0.936,1.146,0.451
3et3,44,3,0.9068,0.8187,0.9017,0.9383,0.9021,3.2531,0.916,PepSet_dimer_output_esmfold2,3et3,0.946,0.894,0.916,0.317
3et3,44,4,0.9182,0.8165,0.9123,0.9493,0.8993,2.1929,1.046,PepSet_dimer_output_esmfold2,3et3,0.938,0.894,1.046,0.396
3fp2,42,0,0.8262,0.6532,0.8245,0.6831,0.8553,13.6062,22.6841,PepSet_dimer_output_esmfold2,3fp2,0.427,0.833,22.684,2.167
3fp2,42,1,0.8157,0.6466,0.814,0.6663,0.8457,13.7621,23.5818,PepSet_dimer_output_esmfold2,3fp2,0.38,0.708,23.582,2.204
3fp2,42,2,0.8245,0.6575,0.8228,0.6898,0.8403,10.4717,20.2394,PepSet_dimer_output_esmfold2,3fp2,0.36,0.625,20.239,2.263
3fp2,42,3,0.817,0.6536,0.8153,0.6744,0.8413,10.2072,14.0547,PepSet_dimer_output_esmfold2,3fp2,0.432,0.75,14.055,2.422
3fp2,42,4,0.8255,0.6454,0.8237,0.6855,0.835,10.7166,20.5716,PepSet_dimer_output_esmfold2,3fp2,0.404,0.792,20.572,2.443
3fp2,43,0,0.8296,0.6829,0.8281,0.6941,0.8494,10.1378,21.4411,PepSet_dimer_output_esmfold2,3fp2,0.43,0.833,21.441,2.179
3fp2,43,1,0.822,0.6612,0.8203,0.6773,0.8461,13.8635,25.1303,PepSet_dimer_output_esmfold2,3fp2,0.416,0.833,25.13,2.23
3fp2,43,2,0.8322,0.6629,0.8305,0.7015,0.8476,9.7819,19.8916,PepSet_dimer_output_esmfold2,3fp2,0.44,0.833,19.892,2.123
3fp2,43,3,0.8245,0.6723,0.823,0.6914,0.8519,9.8942,18.7077,PepSet_dimer_output_esmfold2,3fp2,0.421,0.792,18.708,2.285
3fp2,43,4,0.8257,0.6641,0.824,0.6853,0.8615,14.5005,22.8736,PepSet_dimer_output_esmfold2,3fp2,0.424,0.833,22.874,2.202
3fp2,44,0,0.8283,0.6662,0.8266,0.6935,0.8515,9.8343,20.123,PepSet_dimer_output_esmfold2,3fp2,0.379,0.667,20.123,2.19
3fp2,44,1,0.8266,0.6665,0.8249,0.6935,0.8435,8.2483,17.13,PepSet_dimer_output_esmfold2,3fp2,0.445,0.833,17.13,2.275
3fp2,44,2,0.8254,0.6766,0.8238,0.6882,0.8468,10.7922,22.8066,PepSet_dimer_output_esmfold2,3fp2,0.409,0.792,22.807,2.219
3fp2,44,3,0.8306,0.6718,0.8289,0.6974,0.8534,10.6717,20.0728,PepSet_dimer_output_esmfold2,3fp2,0.404,0.75,20.073,2.239
3fp2,44,4,0.8178,0.6622,0.8162,0.6827,0.8448,10.1643,21.0616,PepSet_dimer_output_esmfold2,3fp2,0.424,0.833,21.062,2.306
3g2s,42,0,0.9507,0.8097,0.9409,0.9527,0.9046,1.7127,5.5209,PepSet_dimer_output_esmfold2,3g2s,0.72,0.946,5.521,1.471
3g2s,42,1,0.9489,0.8045,0.9388,0.9516,0.9045,1.6293,3.8549,PepSet_dimer_output_esmfold2,3g2s,0.792,0.946,3.855,1.219
3g2s,42,2,0.9511,0.8186,0.9418,0.9539,0.9032,1.6334,5.5844,PepSet_dimer_output_esmfold2,3g2s,0.697,0.946,5.584,1.675
3g2s,42,3,0.9497,0.7972,0.939,0.9521,0.9044,1.4338,3.2733,PepSet_dimer_output_esmfold2,3g2s,0.83,0.973,3.273,1.113
3g2s,42,4,0.9503,0.8176,0.941,0.9528,0.9034,1.4605,5.2606,PepSet_dimer_output_esmfold2,3g2s,0.706,0.946,5.261,1.659
3g2s,43,0,0.95,0.7698,0.9374,0.9506,0.9043,1.7348,1.5885,PepSet_dimer_output_esmfold2,3g2s,0.896,0.919,1.589,0.746
3g2s,43,1,0.9496,0.809,0.9397,0.9519,0.9041,1.3254,5.8236,PepSet_dimer_output_esmfold2,3g2s,0.699,0.946,5.824,1.594
3g2s,43,2,0.9505,0.8079,0.9405,0.9524,0.9025,1.6015,5.7858,PepSet_dimer_output_esmfold2,3g2s,0.671,0.919,5.786,1.794
3g2s,43,3,0.9506,0.815,0.9411,0.9531,0.9003,1.5399,5.1802,PepSet_dimer_output_esmfold2,3g2s,0.711,0.946,5.18,1.637
3g2s,43,4,0.9502,0.8138,0.9407,0.9532,0.899,1.8121,4.7362,PepSet_dimer_output_esmfold2,3g2s,0.741,0.946,4.736,1.46
3g2s,44,0,0.947,0.8197,0.9381,0.9495,0.899,1.92,5.534,PepSet_dimer_output_esmfold2,3g2s,0.705,0.946,5.534,1.603
3g2s,44,1,0.9501,0.8041,0.9399,0.9519,0.9022,1.8011,5.3528,PepSet_dimer_output_esmfold2,3g2s,0.703,0.946,5.353,1.673
3g2s,44,2,0.9485,0.7682,0.9358,0.9488,0.9049,1.6448,0.8694,PepSet_dimer_output_esmfold2,3g2s,0.921,0.946,0.869,0.687
3g2s,44,3,0.9499,0.8053,0.9398,0.9527,0.9032,1.6951,4.3599,PepSet_dimer_output_esmfold2,3g2s,0.774,0.946,4.36,1.268
3g2s,44,4,0.9512,0.8132,0.9415,0.9546,0.9039,1.6809,4.2287,PepSet_dimer_output_esmfold2,3g2s,0.761,0.946,4.229,1.394
3h1z,42,0,0.9397,0.4149,0.908,0.9257,0.3931,0.9576,20.8097,PepSet_dimer_output_esmfold2,3h1z,0.094,0.113,20.81,9.234
3h1z,42,1,0.9391,0.3967,0.9063,0.924,0.3471,0.9744,20.1268,PepSet_dimer_output_esmfold2,3h1z,0.103,0.132,20.127,9.05
3h1z,42,2,0.9388,0.3676,0.9042,0.9219,0.3147,0.9006,14.739,PepSet_dimer_output_esmfold2,3h1z,0.122,0.057,14.739,5.983
3h1z,42,3,0.9358,0.3208,0.8986,0.917,0.2628,0.8189,21.6725,PepSet_dimer_output_esmfold2,3h1z,0.083,0.094,21.672,9.947
3h1z,42,4,0.9386,0.3901,0.9055,0.9239,0.3548,0.9532,17.7895,PepSet_dimer_output_esmfold2,3h1z,0.111,0.113,17.79,7.944
3h1z,43,0,0.9379,0.3814,0.9043,0.9223,0.3379,0.9038,12.4159,PepSet_dimer_output_esmfold2,3h1z,0.166,0.094,12.416,4.941
3h1z,43,1,0.937,0.3744,0.903,0.9212,0.329,1.0425,11.5581,PepSet_dimer_output_esmfold2,3h1z,0.185,0.113,11.558,4.713
3h1z,43,2,0.9381,0.3703,0.9038,0.9214,0.3196,0.9479,15.0913,PepSet_dimer_output_esmfold2,3h1z,0.113,0.038,15.091,5.85
3h1z,43,3,0.9383,0.354,0.903,0.9217,0.3176,1.0266,23.8747,PepSet_dimer_output_esmfold2,3h1z,0.094,0.151,23.875,10.613
3h1z,43,4,0.9395,0.3713,0.9051,0.9237,0.3406,0.9599,22.1572,PepSet_dimer_output_esmfold2,3h1z,0.082,0.094,22.157,9.84
3h1z,44,0,0.9381,0.3558,0.9029,0.9215,0.3209,0.8916,12.2286,PepSet_dimer_output_esmfold2,3h1z,0.175,0.113,12.229,4.891
3h1z,44,1,0.9408,0.3647,0.906,0.9214,0.3019,0.9981,13.6416,PepSet_dimer_output_esmfold2,3h1z,0.142,0.075,13.642,5.477
3h1z,44,2,0.9408,0.4126,0.9089,0.9251,0.3771,0.8965,21.7578,PepSet_dimer_output_esmfold2,3h1z,0.077,0.075,21.758,9.619
3h1z,44,3,0.9382,0.394,0.9053,0.9238,0.3734,1.0229,18.124,PepSet_dimer_output_esmfold2,3h1z,0.115,0.132,18.124,8.013
3h1z,44,4,0.9385,0.3832,0.9049,0.9228,0.3445,0.8294,20.4437,PepSet_dimer_output_esmfold2,3h1z,0.102,0.132,20.444,8.996
3i5r,42,0,0.9123,0.8821,0.9093,0.9216,0.8711,0.6257,1.0713,PepSet_dimer_output_esmfold2,3i5r,0.943,0.962,1.071,0.542
3i5r,42,1,0.9111,0.8915,0.9092,0.9213,0.8785,1.3616,0.901,PepSet_dimer_output_esmfold2,3i5r,0.966,1.0,0.901,0.474
3i5r,42,2,0.9109,0.8842,0.9082,0.9201,0.8713,0.9628,1.0585,PepSet_dimer_output_esmfold2,3i5r,0.923,0.923,1.059,0.603
3i5r,42,3,0.9089,0.8834,0.9064,0.9181,0.8711,0.673,1.3948,PepSet_dimer_output_esmfold2,3i5r,0.912,0.923,1.395,0.658
3i5r,42,4,0.9158,0.8867,0.9129,0.9241,0.875,0.5456,0.9739,PepSet_dimer_output_esmfold2,3i5r,0.935,0.923,0.974,0.512
3i5r,43,0,0.9114,0.8762,0.9079,0.9202,0.8646,0.6526,1.0511,PepSet_dimer_output_esmfold2,3i5r,0.943,0.962,1.051,0.55
3i5r,43,1,0.9123,0.8787,0.909,0.921,0.8633,0.9865,1.322,PepSet_dimer_output_esmfold2,3i5r,0.921,0.923,1.322,0.596
3i5r,43,2,0.9098,0.888,0.9077,0.9202,0.8773,0.9383,0.9595,PepSet_dimer_output_esmfold2,3i5r,0.945,0.962,0.96,0.54
3i5r,43,3,0.9114,0.8864,0.9089,0.9201,0.8679,0.708,0.7639,PepSet_dimer_output_esmfold2,3i5r,0.963,1.0,0.764,0.51
3i5r,43,4,0.9113,0.8859,0.9088,0.9213,0.8746,0.5604,1.077,PepSet_dimer_output_esmfold2,3i5r,0.937,0.962,1.077,0.591
3i5r,44,0,0.9116,0.8888,0.9093,0.9211,0.8709,0.5963,0.7631,PepSet_dimer_output_esmfold2,3i5r,0.952,0.962,0.763,0.492
3i5r,44,1,0.9132,0.8859,0.9105,0.9224,0.8714,0.9459,1.0384,PepSet_dimer_output_esmfold2,3i5r,0.942,0.962,1.038,0.56
3i5r,44,2,0.9129,0.8886,0.9104,0.9225,0.878,0.8789,1.0013,PepSet_dimer_output_esmfold2,3i5r,0.93,0.923,1.001,0.552
3i5r,44,3,0.9143,0.8769,0.9106,0.9227,0.8618,0.532,1.4168,PepSet_dimer_output_esmfold2,3i5r,0.911,0.923,1.417,0.662
3i5r,44,4,0.9091,0.8863,0.9068,0.9196,0.8756,0.9115,0.9483,PepSet_dimer_output_esmfold2,3i5r,0.945,0.962,0.948,0.54
3obq,42,0,0.9442,0.9072,0.942,0.9594,0.933,0.635,0.6133,PepSet_dimer_output_esmfold2,3obq,0.945,0.917,0.613,0.428
3obq,42,1,0.9432,0.8915,0.9401,0.9578,0.9166,0.5424,0.618,PepSet_dimer_output_esmfold2,3obq,0.958,0.944,0.618,0.393
3obq,42,2,0.944,0.9052,0.9417,0.959,0.9307,0.6462,0.8736,PepSet_dimer_output_esmfold2,3obq,0.938,0.917,0.874,0.477
3obq,42,3,0.9439,0.9062,0.9417,0.9588,0.931,0.6414,0.831,PepSet_dimer_output_esmfold2,3obq,0.934,0.917,0.831,0.511
3obq,42,4,0.9412,0.9023,0.9389,0.9554,0.9279,0.5137,1.3779,PepSet_dimer_output_esmfold2,3obq,0.919,0.944,1.378,0.659
3obq,43,0,0.9424,0.8988,0.9398,0.9576,0.9256,0.6114,0.6498,PepSet_dimer_output_esmfold2,3obq,0.945,0.917,0.65,0.426
3obq,43,1,0.944,0.905,0.9416,0.9591,0.9302,0.667,0.7666,PepSet_dimer_output_esmfold2,3obq,0.949,0.944,0.767,0.471
3obq,43,2,0.9433,0.9041,0.941,0.9582,0.9296,0.579,0.8428,PepSet_dimer_output_esmfold2,3obq,0.946,0.944,0.843,0.495
3obq,43,3,0.9422,0.8793,0.9384,0.9568,0.9059,0.6431,0.9864,PepSet_dimer_output_esmfold2,3obq,0.912,0.889,0.986,0.604
3obq,43,4,0.9438,0.9076,0.9416,0.959,0.9328,0.6487,1.0782,PepSet_dimer_output_esmfold2,3obq,0.932,0.917,1.078,0.515
3obq,44,0,0.9439,0.9053,0.9416,0.959,0.9327,0.5966,0.8148,PepSet_dimer_output_esmfold2,3obq,0.955,0.944,0.815,0.41
3obq,44,1,0.9427,0.899,0.94,0.9572,0.9285,0.533,1.2071,PepSet_dimer_output_esmfold2,3obq,0.922,0.917,1.207,0.586
3obq,44,2,0.9434,0.8833,0.9398,0.958,0.911,0.6141,1.2435,PepSet_dimer_output_esmfold2,3obq,0.91,0.889,1.243,0.6
3obq,44,3,0.9433,0.8974,0.9405,0.9582,0.9268,0.6238,1.3759,PepSet_dimer_output_esmfold2,3obq,0.915,0.917,1.376,0.624
3obq,44,4,0.9436,0.8997,0.941,0.9587,0.9271,0.5708,1.3712,PepSet_dimer_output_esmfold2,3obq,0.918,0.944,1.371,0.669
3p72,42,0,0.9486,0.925,0.9477,0.9711,0.9697,2.4848,0.718,PepSet_dimer_output_esmfold2,3p72,0.949,0.927,0.718,0.421
3p72,42,1,0.948,0.925,0.9471,0.9708,0.9696,2.5166,0.5377,PepSet_dimer_output_esmfold2,3p72,0.954,0.927,0.538,0.379
3p72,42,2,0.9393,0.9235,0.9386,0.9619,0.9696,1.0417,0.4606,PepSet_dimer_output_esmfold2,3p72,0.942,0.902,0.461,0.421
3p72,42,3,0.9477,0.9206,0.9467,0.9705,0.9687,2.3942,0.7361,PepSet_dimer_output_esmfold2,3p72,0.948,0.927,0.736,0.426
3p72,42,4,0.9468,0.9218,0.9458,0.9699,0.9699,2.563,0.6631,PepSet_dimer_output_esmfold2,3p72,0.923,0.829,0.663,0.363
3p72,43,0,0.9476,0.9229,0.9466,0.9705,0.9689,2.4802,0.5214,PepSet_dimer_output_esmfold2,3p72,0.953,0.927,0.521,0.391
3p72,43,1,0.9472,0.9166,0.946,0.9703,0.9674,2.5551,0.7614,PepSet_dimer_output_esmfold2,3p72,0.953,0.927,0.761,0.382
3p72,43,2,0.9478,0.9249,0.9469,0.9707,0.9697,2.2704,0.6341,PepSet_dimer_output_esmfold2,3p72,0.941,0.902,0.634,0.423
3p72,43,3,0.9479,0.9245,0.947,0.9709,0.9694,2.4619,0.5314,PepSet_dimer_output_esmfold2,3p72,0.955,0.927,0.531,0.372
3p72,43,4,0.9422,0.9212,0.9414,0.9652,0.9681,1.37,0.3835,PepSet_dimer_output_esmfold2,3p72,0.954,0.927,0.383,0.391
3p72,44,0,0.9471,0.9229,0.9461,0.9701,0.9687,2.5735,0.4331,PepSet_dimer_output_esmfold2,3p72,0.959,0.927,0.433,0.334
3p72,44,1,0.9465,0.9207,0.9455,0.9696,0.9683,2.5558,0.7215,PepSet_dimer_output_esmfold2,3p72,0.953,0.927,0.722,0.385
3p72,44,2,0.9479,0.9226,0.9469,0.9705,0.9688,2.5934,0.821,PepSet_dimer_output_esmfold2,3p72,0.947,0.927,0.821,0.436
3p72,44,3,0.9465,0.9222,0.9456,0.97,0.9684,2.3773,0.5011,PepSet_dimer_output_esmfold2,3p72,0.966,0.951,0.501,0.341
3p72,44,4,0.9482,0.924,0.9473,0.9709,0.9694,2.4224,0.5068,PepSet_dimer_output_esmfold2,3p72,0.953,0.927,0.507,0.392
3plu,42,0,0.9567,0.9361,0.9526,0.9634,0.9452,0.2874,0.3513,PepSet_dimer_output_esmfold2,3plu,0.977,0.966,0.351,0.28
3plu,42,1,0.9555,0.9363,0.9518,0.9624,0.9462,0.298,0.5076,PepSet_dimer_output_esmfold2,3plu,0.97,0.966,0.508,0.35
3plu,42,2,0.9541,0.9338,0.9501,0.9612,0.9436,0.3042,0.5954,PepSet_dimer_output_esmfold2,3plu,0.97,0.966,0.595,0.344
3plu,42,3,0.9554,0.9364,0.9517,0.9625,0.945,0.3572,0.6006,PepSet_dimer_output_esmfold2,3plu,0.968,0.966,0.601,0.363
3plu,42,4,0.9561,0.9365,0.9523,0.9629,0.9455,0.3028,0.4352,PepSet_dimer_output_esmfold2,3plu,0.966,0.931,0.435,0.269
3plu,43,0,0.9562,0.9361,0.9523,0.963,0.9449,0.2738,0.6135,PepSet_dimer_output_esmfold2,3plu,0.971,0.966,0.613,0.33
3plu,43,1,0.9558,0.9341,0.9515,0.9619,0.9427,0.2813,0.4081,PepSet_dimer_output_esmfold2,3plu,0.986,1.0,0.408,0.31
3plu,43,2,0.9573,0.9374,0.9534,0.9643,0.9459,0.2762,0.6049,PepSet_dimer_output_esmfold2,3plu,0.97,0.966,0.605,0.349
3plu,43,3,0.9568,0.9364,0.9528,0.9632,0.9458,0.2546,0.4193,PepSet_dimer_output_esmfold2,3plu,0.976,0.966,0.419,0.289
3plu,43,4,0.9558,0.9361,0.952,0.9628,0.9457,0.3237,0.3315,PepSet_dimer_output_esmfold2,3plu,0.975,0.966,0.332,0.302
3plu,44,0,0.9573,0.9375,0.9534,0.9639,0.9458,0.304,0.4494,PepSet_dimer_output_esmfold2,3plu,0.969,0.966,0.449,0.364
3plu,44,1,0.9558,0.9357,0.9519,0.9626,0.9453,0.2889,0.55,PepSet_dimer_output_esmfold2,3plu,0.971,0.966,0.55,0.342
3plu,44,2,0.9569,0.938,0.9532,0.9636,0.9472,0.2608,0.4763,PepSet_dimer_output_esmfold2,3plu,0.975,0.966,0.476,0.301
3plu,44,3,0.9566,0.936,0.9525,0.9633,0.9463,0.2939,0.5735,PepSet_dimer_output_esmfold2,3plu,0.969,0.966,0.573,0.363
3plu,44,4,0.9562,0.9367,0.9524,0.9628,0.9458,0.2908,0.4143,PepSet_dimer_output_esmfold2,3plu,0.984,1.0,0.414,0.325
3r42,42,0,0.8667,0.7659,0.8617,0.8831,0.8071,1.8756,4.3741,PepSet_dimer_output_esmfold2,3r42,0.57,0.5,4.374,1.764
3r42,42,1,0.8683,0.7672,0.8634,0.8833,0.8108,1.8956,4.4962,PepSet_dimer_output_esmfold2,3r42,0.561,0.5,4.496,1.836
3r42,42,2,0.87,0.7664,0.865,0.8838,0.8085,1.4168,3.9803,PepSet_dimer_output_esmfold2,3r42,0.602,0.5,3.98,1.539
3r42,42,3,0.8669,0.7704,0.8622,0.8837,0.8101,1.2826,4.4763,PepSet_dimer_output_esmfold2,3r42,0.578,0.5,4.476,1.65
3r42,42,4,0.8626,0.7604,0.8576,0.8757,0.7989,2.0925,4.4515,PepSet_dimer_output_esmfold2,3r42,0.567,0.5,4.452,1.782
3r42,43,0,0.8719,0.7532,0.8661,0.8884,0.7923,1.4374,4.2511,PepSet_dimer_output_esmfold2,3r42,0.587,0.5,4.251,1.626
3r42,43,1,0.867,0.7512,0.8614,0.8845,0.7962,1.4595,3.9559,PepSet_dimer_output_esmfold2,3r42,0.611,0.531,3.956,1.565
3r42,43,2,0.8694,0.77,0.8646,0.885,0.8096,1.4563,4.0627,PepSet_dimer_output_esmfold2,3r42,0.598,0.5,4.063,1.564
3r42,43,3,0.8668,0.7369,0.8604,0.8818,0.7772,2.0859,4.2981,PepSet_dimer_output_esmfold2,3r42,0.565,0.5,4.298,1.844
3r42,43,4,0.8677,0.7676,0.8628,0.8837,0.8098,1.7389,4.7518,PepSet_dimer_output_esmfold2,3r42,0.547,0.5,4.752,1.921
3r42,44,0,0.87,0.7583,0.8645,0.8869,0.7996,1.1438,4.1188,PepSet_dimer_output_esmfold2,3r42,0.597,0.5,4.119,1.56
3r42,44,1,0.8669,0.766,0.862,0.8795,0.8063,2.0449,4.7192,PepSet_dimer_output_esmfold2,3r42,0.565,0.5,4.719,1.72
3r42,44,2,0.8692,0.7551,0.8637,0.8865,0.8012,1.632,4.4151,PepSet_dimer_output_esmfold2,3r42,0.565,0.5,4.415,1.814
3r42,44,3,0.8577,0.5039,0.8404,0.8621,0.4558,2.5222,7.8675,PepSet_dimer_output_esmfold2,3r42,0.353,0.312,7.867,2.922
3r42,44,4,0.8683,0.7679,0.8634,0.8851,0.8129,1.047,4.2643,PepSet_dimer_output_esmfold2,3r42,0.6,0.531,4.264,1.597
3s9c,42,0,0.9366,0.6209,0.9275,0.964,0.725,1.5257,5.9113,PepSet_dimer_output_esmfold2,3s9c,0.61,0.711,5.909,1.674
3s9c,42,1,0.9298,0.5375,0.9184,0.9579,0.6111,1.5176,3.781,PepSet_dimer_output_esmfold2,3s9c,0.724,0.711,3.78,1.159
3s9c,42,2,0.9295,0.6044,0.9201,0.9602,0.7001,1.5261,6.4083,PepSet_dimer_output_esmfold2,3s9c,0.568,0.667,6.406,1.835
3s9c,42,3,0.9311,0.6026,0.9215,0.9612,0.7021,1.5178,6.15,PepSet_dimer_output_esmfold2,3s9c,0.589,0.689,6.148,1.757
3s9c,42,4,0.931,0.5979,0.9213,0.961,0.6999,1.5156,5.8492,PepSet_dimer_output_esmfold2,3s9c,0.597,0.667,5.847,1.678
3s9c,43,0,0.9347,0.6268,0.9257,0.963,0.7314,1.5106,6.1005,PepSet_dimer_output_esmfold2,3s9c,0.6,0.711,6.099,1.728
3s9c,43,1,0.935,0.626,0.9261,0.9633,0.7315,1.5134,6.1673,PepSet_dimer_output_esmfold2,3s9c,0.598,0.711,6.165,1.739
3s9c,43,2,0.9305,0.6028,0.921,0.9607,0.7035,1.5114,6.2587,PepSet_dimer_output_esmfold2,3s9c,0.579,0.667,6.257,1.76
3s9c,43,3,0.9267,0.6058,0.9174,0.9583,0.7065,1.5998,6.6124,PepSet_dimer_output_esmfold2,3s9c,0.547,0.667,6.61,2.039
3s9c,43,4,0.9294,0.6002,0.9198,0.9598,0.7019,1.551,6.2124,PepSet_dimer_output_esmfold2,3s9c,0.572,0.667,6.21,1.844
3s9c,44,0,0.9301,0.608,0.9207,0.9608,0.7077,1.5064,6.3329,PepSet_dimer_output_esmfold2,3s9c,0.583,0.689,6.331,1.775
3s9c,44,1,0.9309,0.6024,0.9214,0.9606,0.7031,1.5229,6.0138,PepSet_dimer_output_esmfold2,3s9c,0.594,0.689,6.012,1.737
3s9c,44,2,0.9288,0.5171,0.9169,0.957,0.6013,1.531,3.0458,PepSet_dimer_output_esmfold2,3s9c,0.806,0.844,3.047,1.008
3s9c,44,3,0.9291,0.4988,0.9166,0.9575,0.6033,1.5162,2.1435,PepSet_dimer_output_esmfold2,3s9c,0.881,0.911,2.146,0.768
3s9c,44,4,0.9294,0.6085,0.92,0.9604,0.7092,1.5147,6.3331,PepSet_dimer_output_esmfold2,3s9c,0.583,0.689,6.33,1.77
3shb,42,0,0.9183,0.8791,0.9146,0.885,0.8762,0.7736,5.2751,PepSet_dimer_output_esmfold2,3shb,0.69,0.935,5.275,1.793
3shb,42,1,0.9186,0.8756,0.9145,0.8854,0.8714,0.7582,4.4414,PepSet_dimer_output_esmfold2,3shb,0.745,0.968,4.441,1.553
3shb,42,2,0.8801,0.7745,0.8701,0.8275,0.7461,0.8377,4.1797,PepSet_dimer_output_esmfold2,3shb,0.753,0.935,4.18,1.443
3shb,42,3,0.9151,0.8637,0.9102,0.8804,0.8542,0.6702,4.6404,PepSet_dimer_output_esmfold2,3shb,0.729,0.968,4.64,1.66
3shb,42,4,0.9073,0.8508,0.9019,0.8676,0.843,0.885,5.0783,PepSet_dimer_output_esmfold2,3shb,0.7,0.935,5.078,1.741
3shb,43,0,0.9139,0.8595,0.9087,0.879,0.8496,0.8153,4.7913,PepSet_dimer_output_esmfold2,3shb,0.722,0.968,4.791,1.69
3shb,43,1,0.8768,0.7263,0.8626,0.8237,0.716,0.7283,4.8796,PepSet_dimer_output_esmfold2,3shb,0.691,0.903,4.88,1.774
3shb,43,2,0.8893,0.7912,0.88,0.842,0.7629,0.6936,5.0259,PepSet_dimer_output_esmfold2,3shb,0.7,0.935,5.026,1.75
3shb,43,3,0.9187,0.8745,0.9145,0.8856,0.8687,0.7372,4.9665,PepSet_dimer_output_esmfold2,3shb,0.704,0.935,4.966,1.721
3shb,43,4,0.9213,0.8787,0.9173,0.889,0.8739,0.6222,4.6936,PepSet_dimer_output_esmfold2,3shb,0.718,0.935,4.694,1.647
3shb,44,0,0.8951,0.8016,0.8862,0.8512,0.7755,0.5634,4.8306,PepSet_dimer_output_esmfold2,3shb,0.722,0.968,4.831,1.682
3shb,44,1,0.9051,0.8371,0.8987,0.8656,0.8179,0.7198,4.7946,PepSet_dimer_output_esmfold2,3shb,0.725,0.968,4.795,1.659
3shb,44,2,0.9212,0.873,0.9166,0.8896,0.868,0.6434,4.9275,PepSet_dimer_output_esmfold2,3shb,0.706,0.935,4.928,1.713
3shb,44,3,0.9235,0.8852,0.9199,0.8924,0.8842,0.9296,4.6217,PepSet_dimer_output_esmfold2,3shb,0.718,0.935,4.622,1.671
3shb,44,4,0.9219,0.8812,0.918,0.8903,0.8785,0.6957,4.9056,PepSet_dimer_output_esmfold2,3shb,0.708,0.935,4.906,1.695
3tiw,42,0,0.9153,0.8382,0.9075,0.94,0.8959,1.1263,2.8442,PepSet_dimer_output_esmfold2,3tiw,0.86,0.95,2.844,0.907
3tiw,42,1,0.9175,0.8408,0.9097,0.9418,0.8973,1.0878,2.881,PepSet_dimer_output_esmfold2,3tiw,0.858,0.95,2.881,0.917
3tiw,42,2,0.9179,0.8385,0.9098,0.9419,0.8962,1.1058,2.8699,PepSet_dimer_output_esmfold2,3tiw,0.855,0.95,2.87,0.941
3tiw,42,3,0.9156,0.828,0.9068,0.9403,0.8883,1.1109,3.0099,PepSet_dimer_output_esmfold2,3tiw,0.845,0.95,3.01,0.988
3tiw,42,4,0.9156,0.8398,0.908,0.9412,0.8982,1.2019,2.8158,PepSet_dimer_output_esmfold2,3tiw,0.852,0.925,2.816,0.915
3tiw,43,0,0.916,0.8349,0.9078,0.9406,0.893,1.1665,3.0422,PepSet_dimer_output_esmfold2,3tiw,0.853,0.95,3.042,0.928
3tiw,43,1,0.916,0.8358,0.9079,0.9406,0.892,1.1417,2.7922,PepSet_dimer_output_esmfold2,3tiw,0.862,0.95,2.792,0.901
3tiw,43,2,0.9163,0.8401,0.9086,0.9414,0.8994,1.1564,2.8892,PepSet_dimer_output_esmfold2,3tiw,0.846,0.95,2.889,1.0
3tiw,43,3,0.9159,0.8347,0.9077,0.9405,0.8924,1.1556,2.7503,PepSet_dimer_output_esmfold2,3tiw,0.87,0.975,2.75,0.912
3tiw,43,4,0.9144,0.8389,0.9068,0.9401,0.8964,1.0539,2.7759,PepSet_dimer_output_esmfold2,3tiw,0.859,0.95,2.776,0.928
3tiw,44,0,0.917,0.8388,0.9091,0.9415,0.8965,1.2654,2.9304,PepSet_dimer_output_esmfold2,3tiw,0.856,0.95,2.93,0.928
3tiw,44,1,0.9172,0.8315,0.9085,0.9405,0.8878,1.228,3.102,PepSet_dimer_output_esmfold2,3tiw,0.838,0.95,3.102,1.026
3tiw,44,2,0.916,0.8332,0.9076,0.9406,0.892,1.0823,3.0022,PepSet_dimer_output_esmfold2,3tiw,0.841,0.925,3.002,0.962
3tiw,44,3,0.9181,0.8418,0.9104,0.9425,0.8988,1.0793,2.9293,PepSet_dimer_output_esmfold2,3tiw,0.856,0.95,2.929,0.926
3tiw,44,4,0.9151,0.8272,0.9062,0.9384,0.8831,1.2512,3.3304,PepSet_dimer_output_esmfold2,3tiw,0.81,0.975,3.33,1.253
3v2o,42,0,0.9294,0.6998,0.9144,0.9406,0.7364,0.4227,2.9991,PepSet_dimer_output_esmfold2,3v2o,0.809,0.875,2.999,1.072
3v2o,42,1,0.9307,0.711,0.9164,0.9412,0.7476,0.5353,2.9703,PepSet_dimer_output_esmfold2,3v2o,0.794,0.85,2.97,1.125
3v2o,42,2,0.9214,0.4288,0.8893,0.9196,0.3904,0.6033,18.5574,PepSet_dimer_output_esmfold2,3v2o,0.14,0.2,18.557,6.809
3v2o,42,3,0.9147,0.3943,0.8808,0.9143,0.3304,0.6127,18.6568,PepSet_dimer_output_esmfold2,3v2o,0.114,0.125,18.657,6.82
3v2o,42,4,0.9144,0.3999,0.8809,0.9145,0.3378,0.6498,18.6847,PepSet_dimer_output_esmfold2,3v2o,0.122,0.15,18.685,6.831
3v2o,43,0,0.9465,0.8108,0.9377,0.9585,0.8537,0.6183,9.106,PepSet_dimer_output_esmfold2,3v2o,0.259,0.125,9.106,3.121
3v2o,43,1,0.9478,0.8345,0.9404,0.9604,0.8756,0.6057,9.0666,PepSet_dimer_output_esmfold2,3v2o,0.261,0.125,9.067,3.11
3v2o,43,2,0.919,0.3833,0.8841,0.9153,0.3346,0.5208,2.9648,PepSet_dimer_output_esmfold2,3v2o,0.793,0.85,2.965,1.132
3v2o,43,3,0.9302,0.7014,0.9153,0.9409,0.7386,0.4642,2.7617,PepSet_dimer_output_esmfold2,3v2o,0.826,0.9,2.762,1.041
3v2o,43,4,0.9202,0.4289,0.8882,0.9187,0.388,0.6497,18.515,PepSet_dimer_output_esmfold2,3v2o,0.14,0.2,18.515,6.785
3v2o,44,0,0.9305,0.7101,0.9162,0.9414,0.7455,0.5731,3.0019,PepSet_dimer_output_esmfold2,3v2o,0.796,0.875,3.002,1.162
3v2o,44,1,0.9184,0.4214,0.8861,0.9181,0.3768,0.5908,8.2638,PepSet_dimer_output_esmfold2,3v2o,0.302,0.175,8.264,2.849
3v2o,44,2,0.9288,0.7018,0.9141,0.9386,0.7337,0.5388,2.781,PepSet_dimer_output_esmfold2,3v2o,0.834,0.925,2.781,1.045
3v2o,44,3,0.928,0.7043,0.9135,0.9395,0.741,0.57,3.0565,PepSet_dimer_output_esmfold2,3v2o,0.783,0.85,3.056,1.194
3v2o,44,4,0.9201,0.4204,0.8875,0.9173,0.3818,0.6406,18.7688,PepSet_dimer_output_esmfold2,3v2o,0.122,0.15,18.769,6.895
3wgx,42,0,0.9599,0.8959,0.956,0.9727,0.927,1.0723,1.0081,PepSet_dimer_output_esmfold2,3wgx,0.942,0.912,1.008,0.413
3wgx,42,1,0.9594,0.8996,0.9558,0.9722,0.9332,0.8878,0.5215,PepSet_dimer_output_esmfold2,3wgx,0.981,0.971,0.521,0.241
3wgx,42,2,0.9609,0.8957,0.9569,0.9737,0.9288,1.0751,0.6886,PepSet_dimer_output_esmfold2,3wgx,0.967,0.941,0.689,0.276
3wgx,42,3,0.9604,0.8933,0.9563,0.9732,0.9248,1.0928,0.8149,PepSet_dimer_output_esmfold2,3wgx,0.973,0.971,0.815,0.321
3wgx,42,4,0.9605,0.8984,0.9567,0.9735,0.9311,1.0944,0.6327,PepSet_dimer_output_esmfold2,3wgx,0.978,0.971,0.633,0.274
3wgx,43,0,0.9588,0.8988,0.9552,0.9718,0.9307,0.8396,0.6388,PepSet_dimer_output_esmfold2,3wgx,0.967,0.941,0.639,0.286
3wgx,43,1,0.9608,0.8976,0.9569,0.9736,0.927,1.0957,0.7431,PepSet_dimer_output_esmfold2,3wgx,0.975,0.971,0.743,0.302
3wgx,43,2,0.9594,0.8885,0.9552,0.9722,0.92,1.1304,0.6662,PepSet_dimer_output_esmfold2,3wgx,0.958,0.912,0.666,0.272
3wgx,43,3,0.961,0.8972,0.9571,0.9739,0.9288,1.0832,0.6374,PepSet_dimer_output_esmfold2,3wgx,0.968,0.941,0.637,0.27
3wgx,43,4,0.9608,0.8951,0.9568,0.9739,0.9292,1.0825,0.6306,PepSet_dimer_output_esmfold2,3wgx,0.97,0.941,0.631,0.241
3wgx,44,0,0.9608,0.8987,0.9571,0.9736,0.9308,1.1339,0.6859,PepSet_dimer_output_esmfold2,3wgx,0.976,0.971,0.686,0.292
3wgx,44,1,0.9599,0.8978,0.9562,0.9733,0.9315,1.0558,0.7415,PepSet_dimer_output_esmfold2,3wgx,0.966,0.941,0.742,0.29
3wgx,44,2,0.9602,0.8981,0.9565,0.9734,0.9305,1.1415,0.5969,PepSet_dimer_output_esmfold2,3wgx,0.97,0.941,0.597,0.252
3wgx,44,3,0.9611,0.894,0.957,0.9738,0.9227,1.1273,0.9686,PepSet_dimer_output_esmfold2,3wgx,0.953,0.941,0.969,0.414
3wgx,44,4,0.9609,0.8962,0.957,0.974,0.9275,1.1001,0.6295,PepSet_dimer_output_esmfold2,3wgx,0.97,0.941,0.629,0.25
3zrj,42,0,0.9117,0.7712,0.9004,0.9282,0.8209,0.8284,1.6461,PepSet_dimer_output_esmfold2,3zrj,0.852,0.871,1.646,0.934
3zrj,42,1,0.9122,0.7745,0.9011,0.9289,0.8261,1.3354,2.5203,PepSet_dimer_output_esmfold2,3zrj,0.807,0.935,2.52,1.309
3zrj,42,2,0.9093,0.7668,0.8978,0.9234,0.809,2.0279,3.9969,PepSet_dimer_output_esmfold2,3zrj,0.709,0.935,3.997,1.943
3zrj,42,3,0.9127,0.776,0.9017,0.9297,0.8271,0.7302,1.365,PepSet_dimer_output_esmfold2,3zrj,0.878,0.903,1.365,0.852
3zrj,42,4,0.9112,0.7729,0.9,0.9259,0.8235,1.9006,3.8553,PepSet_dimer_output_esmfold2,3zrj,0.721,0.935,3.855,1.847
3zrj,43,0,0.9114,0.7735,0.9003,0.9276,0.8229,0.9886,2.0821,PepSet_dimer_output_esmfold2,3zrj,0.836,0.935,2.082,1.149
3zrj,43,1,0.9103,0.7706,0.8991,0.9263,0.8177,1.6915,3.4215,PepSet_dimer_output_esmfold2,3zrj,0.748,0.935,3.421,1.665
3zrj,43,2,0.9107,0.7752,0.8998,0.9271,0.8198,2.0263,2.8766,PepSet_dimer_output_esmfold2,3zrj,0.789,0.935,2.877,1.397
3zrj,43,3,0.9114,0.7697,0.9,0.9275,0.818,0.8741,2.7909,PepSet_dimer_output_esmfold2,3zrj,0.788,0.935,2.791,1.423
3zrj,43,4,0.9103,0.7693,0.899,0.9271,0.8156,0.9847,3.886,PepSet_dimer_output_esmfold2,3zrj,0.719,0.935,3.886,1.854
3zrj,44,0,0.9132,0.7696,0.9017,0.9307,0.8223,0.7112,1.1845,PepSet_dimer_output_esmfold2,3zrj,0.899,0.935,1.184,0.793
3zrj,44,1,0.9114,0.7734,0.9003,0.928,0.8218,1.5144,3.8803,PepSet_dimer_output_esmfold2,3zrj,0.719,0.935,3.88,1.865
3zrj,44,2,0.9113,0.7755,0.9003,0.9268,0.8216,1.7715,2.8524,PepSet_dimer_output_esmfold2,3zrj,0.811,0.935,2.852,1.232
3zrj,44,3,0.9131,0.7739,0.9019,0.9297,0.8245,1.209,1.4631,PepSet_dimer_output_esmfold2,3zrj,0.881,0.935,1.463,0.896
3zrj,44,4,0.91,0.7766,0.8993,0.928,0.8234,1.0663,3.9038,PepSet_dimer_output_esmfold2,3zrj,0.721,0.935,3.904,1.829
4a2a,42,0,0.9272,0.8416,0.9241,0.9581,0.914,0.8701,1.3246,PepSet_dimer_output_esmfold2,4a2a,0.913,0.868,1.325,0.519
4a2a,42,1,0.9284,0.8366,0.9251,0.9565,0.9119,0.8718,1.13,PepSet_dimer_output_esmfold2,4a2a,0.926,0.868,1.13,0.421
4a2a,42,2,0.9282,0.8438,0.9251,0.957,0.9179,0.8243,0.9974,PepSet_dimer_output_esmfold2,4a2a,0.93,0.868,0.997,0.398
4a2a,42,3,0.9296,0.8431,0.9264,0.9584,0.9152,0.8973,1.4732,PepSet_dimer_output_esmfold2,4a2a,0.914,0.868,1.473,0.489
4a2a,42,4,0.9294,0.8442,0.9263,0.9573,0.9159,0.9094,0.7411,PepSet_dimer_output_esmfold2,4a2a,0.923,0.842,0.741,0.396
4a2a,43,0,0.929,0.8434,0.9259,0.9574,0.9157,0.9763,1.2957,PepSet_dimer_output_esmfold2,4a2a,0.918,0.868,1.296,0.477
4a2a,43,1,0.9281,0.8431,0.925,0.9544,0.9156,1.0141,0.8397,PepSet_dimer_output_esmfold2,4a2a,0.949,0.921,0.84,0.389
4a2a,43,2,0.929,0.8435,0.9259,0.9557,0.9171,0.984,0.9377,PepSet_dimer_output_esmfold2,4a2a,0.926,0.868,0.938,0.435
4a2a,43,3,0.929,0.8401,0.9258,0.9583,0.9153,0.9035,0.9286,PepSet_dimer_output_esmfold2,4a2a,0.944,0.921,0.929,0.43
4a2a,43,4,0.9276,0.8279,0.924,0.957,0.9059,0.891,1.6637,PepSet_dimer_output_esmfold2,4a2a,0.897,0.868,1.664,0.61
4a2a,44,0,0.9303,0.8415,0.927,0.9578,0.9135,0.9572,1.1976,PepSet_dimer_output_esmfold2,4a2a,0.919,0.868,1.198,0.478
4a2a,44,1,0.9288,0.8459,0.9258,0.9571,0.9183,0.9975,0.7778,PepSet_dimer_output_esmfold2,4a2a,0.933,0.868,0.778,0.379
4a2a,44,2,0.929,0.8443,0.9259,0.9565,0.9171,1.0621,1.3379,PepSet_dimer_output_esmfold2,4a2a,0.911,0.842,1.338,0.457
4a2a,44,3,0.9288,0.8346,0.9254,0.9565,0.9095,0.9219,1.6204,PepSet_dimer_output_esmfold2,4a2a,0.892,0.842,1.62,0.581
4a2a,44,4,0.9295,0.8442,0.9264,0.9581,0.9162,0.9966,1.412,PepSet_dimer_output_esmfold2,4a2a,0.91,0.868,1.412,0.532
4bt9,42,0,0.91,0.8069,0.9062,0.8063,0.8367,2.0533,2.2699,PepSet_dimer_output_esmfold2,4bt9,0.891,0.931,2.27,0.73
4bt9,42,1,0.907,0.8086,0.9034,0.8004,0.8376,2.132,1.6105,PepSet_dimer_output_esmfold2,4bt9,0.91,0.931,1.61,0.671
4bt9,42,2,0.9097,0.8081,0.906,0.8074,0.8364,2.1832,1.4937,PepSet_dimer_output_esmfold2,4bt9,0.905,0.931,1.494,0.718
4bt9,42,3,0.9062,0.81,0.9027,0.8054,0.8401,2.1923,1.3959,PepSet_dimer_output_esmfold2,4bt9,0.886,0.897,1.396,0.779
4bt9,42,4,0.9094,0.8041,0.9055,0.796,0.8291,1.7835,1.2678,PepSet_dimer_output_esmfold2,4bt9,0.91,0.931,1.268,0.705
4bt9,43,0,0.9091,0.8116,0.9055,0.8054,0.84,2.1841,2.2591,PepSet_dimer_output_esmfold2,4bt9,0.884,0.931,2.259,0.778
4bt9,43,1,0.9078,0.8117,0.9043,0.7986,0.8394,3.1577,2.0849,PepSet_dimer_output_esmfold2,4bt9,0.899,0.931,2.085,0.696
4bt9,43,2,0.9075,0.8148,0.9041,0.8113,0.846,1.8953,2.0857,PepSet_dimer_output_esmfold2,4bt9,0.881,0.931,2.086,0.822
4bt9,43,3,0.9076,0.8119,0.9041,0.7799,0.8386,1.9954,2.3035,PepSet_dimer_output_esmfold2,4bt9,0.897,0.931,2.303,0.681
4bt9,43,4,0.9095,0.8111,0.9059,0.8103,0.8413,2.6531,2.1668,PepSet_dimer_output_esmfold2,4bt9,0.885,0.931,2.167,0.783
4bt9,44,0,0.9065,0.8081,0.9029,0.8031,0.8354,2.0326,1.4864,PepSet_dimer_output_esmfold2,4bt9,0.894,0.897,1.486,0.714
4bt9,44,1,0.9036,0.7995,0.8998,0.7752,0.8252,2.2842,2.1735,PepSet_dimer_output_esmfold2,4bt9,0.87,0.931,2.173,0.892
4bt9,44,2,0.91,0.8107,0.9064,0.814,0.84,2.0498,2.735,PepSet_dimer_output_esmfold2,4bt9,0.873,0.931,2.735,0.794
4bt9,44,3,0.9052,0.8081,0.9016,0.7827,0.8359,2.1282,1.5595,PepSet_dimer_output_esmfold2,4bt9,0.892,0.931,1.56,0.802
4bt9,44,4,0.9096,0.8063,0.9058,0.8064,0.8371,2.1162,1.5318,PepSet_dimer_output_esmfold2,4bt9,0.883,0.897,1.532,0.786
4c5a,42,0,0.8959,0.3394,0.8817,0.9114,0.4552,0.5304,42.8466,PepSet_dimer_output_esmfold2,4c5a,0.017,0.0,42.847,13.344
4c5a,42,1,0.899,0.3107,0.884,0.9095,0.4009,0.5346,46.1447,PepSet_dimer_output_esmfold2,4c5a,0.015,0.0,46.145,14.077
4c5a,42,2,0.9011,0.3016,0.8858,0.9133,0.3881,0.5261,44.3919,PepSet_dimer_output_esmfold2,4c5a,0.016,0.0,44.392,13.677
4c5a,42,3,0.8984,0.3328,0.884,0.9108,0.4533,0.5287,44.8513,PepSet_dimer_output_esmfold2,4c5a,0.015,0.0,44.851,14.016
4c5a,42,4,0.8992,0.2,0.8814,0.9043,0.2115,0.5328,30.5787,PepSet_dimer_output_esmfold2,4c5a,0.03,0.0,30.579,10.807
4c5a,43,0,0.8995,0.3116,0.8845,0.9118,0.393,0.5294,45.0375,PepSet_dimer_output_esmfold2,4c5a,0.015,0.0,45.037,13.789
4c5a,43,1,0.8834,0.3132,0.8689,0.9034,0.4416,2.6852,38.9038,PepSet_dimer_output_esmfold2,4c5a,0.02,0.0,38.904,12.345
4c5a,43,2,0.8965,0.331,0.8821,0.9146,0.4273,0.7644,43.4581,PepSet_dimer_output_esmfold2,4c5a,0.016,0.0,43.458,13.419
4c5a,43,3,0.8957,0.3501,0.8818,0.9149,0.4854,0.7726,43.4151,PepSet_dimer_output_esmfold2,4c5a,0.016,0.0,43.415,13.536
4c5a,43,4,0.8948,0.34,0.8807,0.91,0.4403,0.8497,43.2798,PepSet_dimer_output_esmfold2,4c5a,0.017,0.0,43.28,13.39
4c5a,44,0,0.8997,0.275,0.8838,0.9102,0.3534,0.513,48.596,PepSet_dimer_output_esmfold2,4c5a,0.013,0.0,48.596,15.371
4c5a,44,1,0.8953,0.3286,0.8809,0.9109,0.441,0.6831,44.0748,PepSet_dimer_output_esmfold2,4c5a,0.016,0.0,44.075,13.58
4c5a,44,2,0.8994,0.2918,0.8839,0.9092,0.3887,0.4633,47.6977,PepSet_dimer_output_esmfold2,4c5a,0.014,0.0,47.698,14.963
4c5a,44,3,0.8963,0.338,0.8821,0.9123,0.4604,0.6028,44.5925,PepSet_dimer_output_esmfold2,4c5a,0.015,0.0,44.592,14.019
4c5a,44,4,0.8955,0.2282,0.8785,0.9097,0.2688,0.9465,31.5454,PepSet_dimer_output_esmfold2,4c5a,0.029,0.0,31.545,11.026
4dg3,42,0,0.9534,0.9111,0.9511,0.976,0.971,0.5283,0.5925,PepSet_dimer_output_esmfold2,4dg3,0.923,0.899,0.592,0.568
4dg3,42,1,0.9531,0.9112,0.9509,0.9758,0.9707,0.4954,0.85,PepSet_dimer_output_esmfold2,4dg3,0.91,0.87,0.85,0.579
4dg3,42,2,0.9536,0.9158,0.9516,0.9755,0.9733,0.472,0.6132,PepSet_dimer_output_esmfold2,4dg3,0.927,0.899,0.613,0.53
4dg3,42,3,0.9543,0.9149,0.9522,0.976,0.9724,0.464,0.5116,PepSet_dimer_output_esmfold2,4dg3,0.927,0.884,0.512,0.499
4dg3,42,4,0.9534,0.9153,0.9513,0.9755,0.9732,0.5046,0.6068,PepSet_dimer_output_esmfold2,4dg3,0.929,0.899,0.607,0.522
4dg3,43,0,0.9525,0.9109,0.9503,0.9746,0.9718,0.469,0.9049,PepSet_dimer_output_esmfold2,4dg3,0.929,0.913,0.905,0.536
4dg3,43,1,0.9534,0.9117,0.9511,0.9751,0.9716,0.4482,0.5571,PepSet_dimer_output_esmfold2,4dg3,0.932,0.899,0.557,0.497
4dg3,43,2,0.954,0.9148,0.9519,0.9766,0.9724,0.4917,0.5888,PepSet_dimer_output_esmfold2,4dg3,0.92,0.884,0.589,0.552
4dg3,43,3,0.954,0.9129,0.9518,0.9761,0.9717,0.4796,0.7815,PepSet_dimer_output_esmfold2,4dg3,0.915,0.884,0.781,0.579
4dg3,43,4,0.9534,0.914,0.9513,0.9749,0.9724,0.4503,0.5656,PepSet_dimer_output_esmfold2,4dg3,0.931,0.899,0.566,0.502
4dg3,44,0,0.9527,0.9105,0.9505,0.9733,0.9708,0.4171,0.488,PepSet_dimer_output_esmfold2,4dg3,0.936,0.884,0.488,0.42
4dg3,44,1,0.9535,0.913,0.9513,0.9759,0.9727,0.4853,0.6262,PepSet_dimer_output_esmfold2,4dg3,0.93,0.913,0.626,0.55
4dg3,44,2,0.9538,0.9143,0.9517,0.976,0.9725,0.5018,0.6702,PepSet_dimer_output_esmfold2,4dg3,0.927,0.899,0.67,0.533
4dg3,44,3,0.954,0.9146,0.9519,0.9761,0.9725,0.4761,0.5054,PepSet_dimer_output_esmfold2,4dg3,0.928,0.899,0.505,0.53
4dg3,44,4,0.9527,0.9108,0.9505,0.9754,0.9712,0.4716,0.8341,PepSet_dimer_output_esmfold2,4dg3,0.916,0.884,0.834,0.573
4ep2,42,0,0.94,0.6719,0.9308,0.9619,0.6919,0.5372,12.9565,PepSet_dimer_output_esmfold2,4ep2,0.204,0.162,12.956,3.6
4ep2,42,1,0.9406,0.674,0.9315,0.9623,0.6946,0.4929,1.0839,PepSet_dimer_output_esmfold2,4ep2,0.946,0.919,1.084,0.394
4ep2,42,2,0.9408,0.6697,0.9315,0.9622,0.6939,0.5282,0.8266,PepSet_dimer_output_esmfold2,4ep2,0.949,0.919,0.827,0.387
4ep2,42,3,0.9364,0.5378,0.9228,0.9569,0.582,0.5213,0.8836,PepSet_dimer_output_esmfold2,4ep2,0.939,0.878,0.884,0.342
4ep2,42,4,0.9407,0.6718,0.9315,0.9624,0.6959,0.5048,0.9656,PepSet_dimer_output_esmfold2,4ep2,0.946,0.919,0.966,0.408
4ep2,43,0,0.9377,0.5548,0.9246,0.957,0.5887,0.4894,13.1953,PepSet_dimer_output_esmfold2,4ep2,0.195,0.149,13.195,3.661
4ep2,43,1,0.9411,0.6684,0.9318,0.9621,0.6872,0.494,13.0434,PepSet_dimer_output_esmfold2,4ep2,0.202,0.162,13.043,3.617
4ep2,43,2,0.9413,0.6724,0.9321,0.9621,0.6913,0.533,12.9684,PepSet_dimer_output_esmfold2,4ep2,0.203,0.162,12.968,3.603
4ep2,43,3,0.9416,0.6724,0.9324,0.9628,0.6974,0.5208,0.9378,PepSet_dimer_output_esmfold2,4ep2,0.945,0.919,0.938,0.414
4ep2,43,4,0.9403,0.6683,0.931,0.9619,0.6912,0.5553,12.9596,PepSet_dimer_output_esmfold2,4ep2,0.203,0.162,12.96,3.608
4ep2,44,0,0.9413,0.6729,0.9321,0.9623,0.6919,0.5039,13.0729,PepSet_dimer_output_esmfold2,4ep2,0.202,0.162,13.073,3.631
4ep2,44,1,0.9381,0.5439,0.9246,0.9576,0.5991,0.5019,13.0949,PepSet_dimer_output_esmfold2,4ep2,0.197,0.149,13.095,3.636
4ep2,44,2,0.9372,0.544,0.9237,0.9568,0.5911,0.4919,1.0972,PepSet_dimer_output_esmfold2,4ep2,0.947,0.932,1.097,0.429
4ep2,44,3,0.9369,0.5592,0.924,0.9572,0.5881,0.5149,13.1615,PepSet_dimer_output_esmfold2,4ep2,0.196,0.149,13.161,3.659
4ep2,44,4,0.9396,0.6728,0.9305,0.9621,0.6882,0.5088,0.9134,PepSet_dimer_output_esmfold2,4ep2,0.947,0.919,0.913,0.403
4fii,42,0,0.9396,0.8209,0.9372,0.9589,0.9431,0.8726,0.651,PepSet_dimer_output_esmfold2,4fii,0.9,0.921,0.651,0.784
4fii,42,1,0.9404,0.8275,0.9381,0.9638,0.9447,0.9121,0.837,PepSet_dimer_output_esmfold2,4fii,0.911,0.947,0.837,0.763
4fii,42,2,0.9426,0.8282,0.9403,0.9641,0.9449,0.8918,0.6781,PepSet_dimer_output_esmfold2,4fii,0.919,0.947,0.678,0.71
4fii,42,3,0.9407,0.8264,0.9384,0.9633,0.9443,0.9118,0.7734,PepSet_dimer_output_esmfold2,4fii,0.915,0.947,0.773,0.737
4fii,42,4,0.9407,0.8253,0.9384,0.9602,0.945,0.8393,0.799,PepSet_dimer_output_esmfold2,4fii,0.896,0.895,0.799,0.748
4fii,43,0,0.9413,0.8234,0.9389,0.9616,0.9437,0.9093,0.6493,PepSet_dimer_output_esmfold2,4fii,0.905,0.947,0.649,0.809
4fii,43,1,0.9387,0.8173,0.9362,0.9612,0.9409,1.0245,0.7396,PepSet_dimer_output_esmfold2,4fii,0.88,0.921,0.74,0.92
4fii,43,2,0.9398,0.8088,0.9371,0.9607,0.9396,0.8593,1.2942,PepSet_dimer_output_esmfold2,4fii,0.9,0.921,1.294,0.749
4fii,43,3,0.942,0.832,0.9398,0.9636,0.9466,0.8692,0.7241,PepSet_dimer_output_esmfold2,4fii,0.931,0.974,0.724,0.684
4fii,43,4,0.9413,0.8276,0.939,0.9619,0.9446,0.8455,0.6955,PepSet_dimer_output_esmfold2,4fii,0.903,0.921,0.696,0.759
4fii,44,0,0.9399,0.8251,0.9375,0.9582,0.9442,0.8695,0.697,PepSet_dimer_output_esmfold2,4fii,0.913,0.947,0.697,0.754
4fii,44,1,0.9382,0.8226,0.9359,0.9541,0.944,0.8491,0.6737,PepSet_dimer_output_esmfold2,4fii,0.907,0.921,0.674,0.736
4fii,44,2,0.9411,0.8273,0.9388,0.9635,0.9452,0.8202,0.7032,PepSet_dimer_output_esmfold2,4fii,0.914,0.947,0.703,0.744
4fii,44,3,0.9404,0.8268,0.9381,0.9616,0.9456,0.9506,0.7181,PepSet_dimer_output_esmfold2,4fii,0.912,0.921,0.718,0.699
4fii,44,4,0.9401,0.8236,0.9378,0.9631,0.9429,0.9094,0.7614,PepSet_dimer_output_esmfold2,4fii,0.905,0.921,0.761,0.745
4gq6,42,0,0.9282,0.7731,0.9244,0.9617,0.9166,2.1338,2.1321,PepSet_dimer_output_esmfold2,4gq6,0.858,0.821,2.132,0.725
4gq6,42,1,0.93,0.776,0.9262,0.9486,0.9126,2.6346,1.617,PepSet_dimer_output_esmfold2,4gq6,0.907,0.875,1.617,0.551
4gq6,42,2,0.9286,0.7694,0.9247,0.9623,0.9145,2.1453,2.083,PepSet_dimer_output_esmfold2,4gq6,0.877,0.875,2.083,0.719
4gq6,42,3,0.9306,0.7747,0.9267,0.9634,0.9175,3.101,1.5449,PepSet_dimer_output_esmfold2,4gq6,0.903,0.857,1.545,0.546
4gq6,42,4,0.9285,0.779,0.9247,0.9471,0.9133,3.1611,1.9197,PepSet_dimer_output_esmfold2,4gq6,0.905,0.911,1.92,0.624
4gq6,43,0,0.9325,0.7783,0.9286,0.963,0.9167,3.2496,1.8478,PepSet_dimer_output_esmfold2,4gq6,0.889,0.875,1.848,0.66
4gq6,43,1,0.9284,0.7453,0.9239,0.9457,0.8958,2.6061,3.7025,PepSet_dimer_output_esmfold2,4gq6,0.744,0.804,3.702,1.257
4gq6,43,2,0.9305,0.7756,0.9266,0.9626,0.9154,3.4196,1.6539,PepSet_dimer_output_esmfold2,4gq6,0.925,0.929,1.654,0.546
4gq6,43,3,0.9307,0.7761,0.9269,0.9524,0.9129,2.8842,2.6555,PepSet_dimer_output_esmfold2,4gq6,0.847,0.875,2.656,0.858
4gq6,43,4,0.9288,0.7826,0.9251,0.9624,0.9163,2.0838,2.278,PepSet_dimer_output_esmfold2,4gq6,0.85,0.821,2.278,0.76
4gq6,44,0,0.9224,0.7437,0.918,0.9587,0.9141,2.4456,4.0217,PepSet_dimer_output_esmfold2,4gq6,0.71,0.75,4.022,1.321
4gq6,44,1,0.8956,0.7721,0.8925,0.9463,0.9078,2.3342,1.7963,PepSet_dimer_output_esmfold2,4gq6,0.895,0.875,1.796,0.624
4gq6,44,2,0.9273,0.7795,0.9236,0.9606,0.9154,3.2271,2.095,PepSet_dimer_output_esmfold2,4gq6,0.872,0.857,2.095,0.711
4gq6,44,3,0.9268,0.7715,0.9229,0.9609,0.914,3.2649,1.8579,PepSet_dimer_output_esmfold2,4gq6,0.884,0.875,1.858,0.7
4gq6,44,4,0.9312,0.7781,0.9274,0.9635,0.9182,3.3116,1.6674,PepSet_dimer_output_esmfold2,4gq6,0.923,0.929,1.667,0.56
4hdq,42,0,0.9231,0.7453,0.9202,0.953,0.8958,1.0197,1.7905,PepSet_dimer_output_esmfold2,4hdq,0.903,0.867,1.791,0.545
4hdq,42,1,0.9233,0.7545,0.9206,0.9525,0.8864,0.8791,2.8934,PepSet_dimer_output_esmfold2,4hdq,0.857,0.9,2.893,0.811
4hdq,42,2,0.9228,0.7423,0.92,0.952,0.8838,0.8967,2.2529,PepSet_dimer_output_esmfold2,4hdq,0.882,0.867,2.253,0.645
4hdq,42,3,0.9243,0.7624,0.9217,0.9534,0.8919,0.9586,2.6902,PepSet_dimer_output_esmfold2,4hdq,0.857,0.867,2.69,0.764
4hdq,42,4,0.9218,0.7537,0.9191,0.9527,0.8928,1.0045,2.6677,PepSet_dimer_output_esmfold2,4hdq,0.868,0.9,2.668,0.764
4hdq,43,0,0.9236,0.7548,0.9209,0.9531,0.888,0.8434,2.7871,PepSet_dimer_output_esmfold2,4hdq,0.852,0.867,2.787,0.782
4hdq,43,1,0.9237,0.7586,0.9211,0.9529,0.8877,0.8306,2.6912,PepSet_dimer_output_esmfold2,4hdq,0.868,0.9,2.691,0.763
4hdq,43,2,0.9182,0.7356,0.9153,0.9502,0.8769,1.11,1.5203,PepSet_dimer_output_esmfold2,4hdq,0.93,0.9,1.52,0.439
4hdq,43,3,0.9221,0.7613,0.9196,0.9531,0.8943,1.0098,2.5259,PepSet_dimer_output_esmfold2,4hdq,0.866,0.867,2.526,0.718
4hdq,43,4,0.9229,0.7391,0.92,0.9518,0.8803,0.9043,1.1663,PepSet_dimer_output_esmfold2,4hdq,0.95,0.933,1.166,0.4
4hdq,44,0,0.9227,0.7615,0.9202,0.9531,0.8967,0.9286,2.3132,PepSet_dimer_output_esmfold2,4hdq,0.9,0.933,2.313,0.668
4hdq,44,1,0.9225,0.7618,0.92,0.9531,0.8971,1.0197,2.3576,PepSet_dimer_output_esmfold2,4hdq,0.877,0.867,2.358,0.665
4hdq,44,2,0.9242,0.7574,0.9216,0.9535,0.8897,0.8515,2.3407,PepSet_dimer_output_esmfold2,4hdq,0.866,0.833,2.341,0.665
4hdq,44,3,0.9204,0.7557,0.9178,0.9516,0.9024,0.9762,2.3605,PepSet_dimer_output_esmfold2,4hdq,0.866,0.833,2.361,0.666
4hdq,44,4,0.9225,0.7585,0.9199,0.9518,0.8928,0.943,2.4929,PepSet_dimer_output_esmfold2,4hdq,0.86,0.833,2.493,0.692
4iga,42,0,0.8927,0.8675,0.8896,0.9155,0.8983,0.5252,0.8207,PepSet_dimer_output_esmfold2,4iga,0.97,0.972,0.821,0.353
4iga,42,1,0.8923,0.8624,0.8887,0.9141,0.8908,0.3953,0.7763,PepSet_dimer_output_esmfold2,4iga,0.958,0.944,0.776,0.381
4iga,42,2,0.8843,0.8727,0.8829,0.9107,0.9032,1.6652,1.2609,PepSet_dimer_output_esmfold2,4iga,0.96,0.972,1.261,0.414
4iga,42,3,0.8901,0.8756,0.8883,0.9166,0.9063,1.1917,1.0705,PepSet_dimer_output_esmfold2,4iga,0.964,0.972,1.071,0.394
4iga,42,4,0.8946,0.8731,0.892,0.9177,0.9042,0.4114,0.7631,PepSet_dimer_output_esmfold2,4iga,0.957,0.944,0.763,0.398
4iga,43,0,0.8948,0.8736,0.8922,0.9182,0.9034,0.4337,0.6772,PepSet_dimer_output_esmfold2,4iga,0.968,0.972,0.677,0.388
4iga,43,1,0.8949,0.8737,0.8923,0.9184,0.9032,0.4228,0.6117,PepSet_dimer_output_esmfold2,4iga,0.974,0.972,0.612,0.329
4iga,43,2,0.8946,0.8726,0.892,0.918,0.9027,0.4746,0.7728,PepSet_dimer_output_esmfold2,4iga,0.966,0.972,0.773,0.401
4iga,43,3,0.8975,0.8763,0.895,0.921,0.9071,0.4729,0.8539,PepSet_dimer_output_esmfold2,4iga,0.963,0.972,0.854,0.417
4iga,43,4,0.8934,0.8742,0.8911,0.9178,0.9021,1.102,0.9473,PepSet_dimer_output_esmfold2,4iga,0.97,0.972,0.947,0.347
4iga,44,0,0.8858,0.8723,0.8841,0.9124,0.9022,1.497,1.248,PepSet_dimer_output_esmfold2,4iga,0.955,0.944,1.248,0.371
4iga,44,1,0.8909,0.8687,0.8882,0.9148,0.8991,0.3649,0.6708,PepSet_dimer_output_esmfold2,4iga,0.957,0.944,0.671,0.402
4iga,44,2,0.8834,0.8716,0.882,0.912,0.9027,1.3706,1.2382,PepSet_dimer_output_esmfold2,4iga,0.953,0.944,1.238,0.39
4iga,44,3,0.8921,0.8678,0.8891,0.9149,0.8981,0.4171,0.7902,PepSet_dimer_output_esmfold2,4iga,0.96,0.944,0.79,0.367
4iga,44,4,0.8926,0.87,0.8899,0.9162,0.8995,0.3859,0.6044,PepSet_dimer_output_esmfold2,4iga,0.971,0.972,0.604,0.358
4j2c,42,0,0.9193,0.8509,0.9125,0.9126,0.8924,0.8569,2.1737,PepSet_dimer_output_esmfold2,4j2c,0.791,0.857,2.174,1.285
4j2c,42,1,0.9155,0.8759,0.9115,0.9119,0.9157,0.977,0.7642,PepSet_dimer_output_esmfold2,4j2c,0.868,0.943,0.764,1.054
4j2c,42,2,0.92,0.876,0.9156,0.9146,0.9163,0.9113,0.6454,PepSet_dimer_output_esmfold2,4j2c,0.864,0.886,0.645,0.953
4j2c,42,3,0.9147,0.8657,0.9098,0.9111,0.9094,1.0085,0.902,PepSet_dimer_output_esmfold2,4j2c,0.864,0.943,0.902,1.077
4j2c,42,4,0.912,0.8702,0.9078,0.9056,0.9094,0.8884,0.6461,PepSet_dimer_output_esmfold2,4j2c,0.894,0.971,0.646,0.947
4j2c,43,0,0.9184,0.8741,0.914,0.9144,0.9139,0.8975,0.5939,PepSet_dimer_output_esmfold2,4j2c,0.889,0.943,0.594,0.918
4j2c,43,1,0.9175,0.872,0.913,0.9137,0.914,0.9631,0.8494,PepSet_dimer_output_esmfold2,4j2c,0.87,0.943,0.849,1.035
4j2c,43,2,0.9176,0.8725,0.9131,0.9126,0.9131,0.9992,0.8347,PepSet_dimer_output_esmfold2,4j2c,0.872,0.943,0.835,1.02
4j2c,43,3,0.9168,0.874,0.9125,0.9115,0.9155,0.8588,0.8545,PepSet_dimer_output_esmfold2,4j2c,0.863,0.914,0.855,1.02
4j2c,43,4,0.9192,0.8727,0.9145,0.9142,0.9128,0.8919,0.8527,PepSet_dimer_output_esmfold2,4j2c,0.886,0.943,0.853,0.924
4j2c,44,0,0.9165,0.8726,0.9121,0.9119,0.9117,1.0112,0.6694,PepSet_dimer_output_esmfold2,4j2c,0.876,0.943,0.669,1.004
4j2c,44,1,0.9185,0.8765,0.9143,0.9132,0.9157,0.9496,0.7679,PepSet_dimer_output_esmfold2,4j2c,0.866,0.943,0.768,1.068
4j2c,44,2,0.9156,0.8687,0.9109,0.9121,0.9122,0.8535,0.5838,PepSet_dimer_output_esmfold2,4j2c,0.883,0.886,0.584,0.825
4j2c,44,3,0.9195,0.854,0.913,0.9133,0.8949,0.8474,1.9076,PepSet_dimer_output_esmfold2,4j2c,0.787,0.8,1.908,1.199
4j2c,44,4,0.9173,0.8649,0.9121,0.9133,0.9056,0.8791,1.2706,PepSet_dimer_output_esmfold2,4j2c,0.871,0.914,1.271,0.935
4j8b,42,0,0.9594,0.8885,0.958,0.9781,0.9495,0.9639,1.0369,PepSet_dimer_output_esmfold2,4j8b,0.965,0.969,1.037,0.372
4j8b,42,1,0.9594,0.8892,0.958,0.9786,0.9485,0.7725,0.9588,PepSet_dimer_output_esmfold2,4j8b,0.968,0.969,0.959,0.353
4j8b,42,2,0.9585,0.8852,0.957,0.978,0.9455,0.8921,0.7761,PepSet_dimer_output_esmfold2,4j8b,0.961,0.938,0.776,0.326
4j8b,42,3,0.9596,0.8909,0.9583,0.9788,0.9495,0.7774,0.9103,PepSet_dimer_output_esmfold2,4j8b,0.969,0.969,0.91,0.343
4j8b,42,4,0.9593,0.8848,0.9578,0.9783,0.9449,0.8937,0.8969,PepSet_dimer_output_esmfold2,4j8b,0.97,0.969,0.897,0.331
4j8b,43,0,0.9592,0.8833,0.9577,0.9785,0.9421,0.7566,0.814,PepSet_dimer_output_esmfold2,4j8b,0.961,0.938,0.814,0.328
4j8b,43,1,0.9563,0.8884,0.9549,0.9772,0.9475,0.8954,0.8732,PepSet_dimer_output_esmfold2,4j8b,0.969,0.969,0.873,0.344
4j8b,43,2,0.9592,0.8861,0.9577,0.9785,0.9448,0.8095,0.9297,PepSet_dimer_output_esmfold2,4j8b,0.957,0.938,0.93,0.358
4j8b,43,3,0.9586,0.887,0.9572,0.978,0.9459,0.9252,1.0601,PepSet_dimer_output_esmfold2,4j8b,0.966,0.969,1.06,0.365
4j8b,43,4,0.9568,0.8882,0.9554,0.9771,0.9476,1.0372,0.8573,PepSet_dimer_output_esmfold2,4j8b,0.971,0.969,0.857,0.329
4j8b,44,0,0.9587,0.8911,0.9574,0.9782,0.9504,0.9812,0.8861,PepSet_dimer_output_esmfold2,4j8b,0.97,0.969,0.886,0.342
4j8b,44,1,0.9596,0.8918,0.9583,0.9788,0.9515,0.7539,1.0006,PepSet_dimer_output_esmfold2,4j8b,0.966,0.969,1.001,0.364
4j8b,44,2,0.9585,0.8856,0.9571,0.9783,0.9452,0.8,0.8643,PepSet_dimer_output_esmfold2,4j8b,0.97,0.969,0.864,0.335
4j8b,44,3,0.9601,0.8887,0.9587,0.9783,0.9483,0.9725,0.9062,PepSet_dimer_output_esmfold2,4j8b,0.969,0.969,0.906,0.345
4j8b,44,4,0.9594,0.8874,0.9579,0.9786,0.9462,0.7442,0.7842,PepSet_dimer_output_esmfold2,4j8b,0.961,0.938,0.784,0.327
4leb,42,0,0.9457,0.8314,0.9431,0.9559,0.9176,0.9572,3.292,PepSet_dimer_output_esmfold2,4leb,0.814,1.0,3.292,1.293
4leb,42,1,0.9343,0.8039,0.9313,0.9489,0.9049,0.8765,3.1694,PepSet_dimer_output_esmfold2,4leb,0.831,1.0,3.169,1.186
4leb,42,2,0.9356,0.7997,0.9325,0.9487,0.8977,0.9902,3.3212,PepSet_dimer_output_esmfold2,4leb,0.821,1.0,3.321,1.239
4leb,42,3,0.9445,0.8161,0.9415,0.9552,0.9005,0.8873,2.9646,PepSet_dimer_output_esmfold2,4leb,0.829,0.971,2.965,1.162
4leb,42,4,0.9388,0.796,0.9356,0.9523,0.8946,0.8517,3.1163,PepSet_dimer_output_esmfold2,4leb,0.823,0.971,3.116,1.184
4leb,43,0,0.9368,0.8154,0.934,0.9523,0.9114,0.8113,3.2661,PepSet_dimer_output_esmfold2,4leb,0.818,0.971,3.266,1.196
4leb,43,1,0.9426,0.8313,0.9401,0.9531,0.9161,0.8777,3.3569,PepSet_dimer_output_esmfold2,4leb,0.799,0.941,3.357,1.25
4leb,43,2,0.9448,0.8262,0.942,0.9548,0.9111,0.8872,3.132,PepSet_dimer_output_esmfold2,4leb,0.819,0.971,3.132,1.21
4leb,43,3,0.9281,0.753,0.9241,0.9444,0.855,1.144,3.2178,PepSet_dimer_output_esmfold2,4leb,0.763,0.941,3.218,1.579
4leb,43,4,0.9458,0.8213,0.943,0.9551,0.9079,0.927,3.0059,PepSet_dimer_output_esmfold2,4leb,0.832,1.0,3.006,1.205
4leb,44,0,0.9352,0.8031,0.9322,0.9515,0.9042,0.86,3.0384,PepSet_dimer_output_esmfold2,4leb,0.819,0.941,3.038,1.153
4leb,44,1,0.9449,0.8217,0.9421,0.9552,0.9071,0.9267,3.1956,PepSet_dimer_output_esmfold2,4leb,0.825,1.0,3.196,1.229
4leb,44,2,0.9363,0.7832,0.9328,0.9514,0.8814,0.9415,3.1247,PepSet_dimer_output_esmfold2,4leb,0.782,0.941,3.125,1.431
4leb,44,3,0.9364,0.7964,0.9332,0.9503,0.8961,0.8772,2.7912,PepSet_dimer_output_esmfold2,4leb,0.833,0.941,2.791,1.091
4leb,44,4,0.9371,0.8046,0.9341,0.9511,0.9026,0.8955,3.1881,PepSet_dimer_output_esmfold2,4leb,0.828,1.0,3.188,1.209
4lk9,42,0,0.8943,0.8485,0.89,0.8941,0.8935,0.9315,0.8266,PepSet_dimer_output_esmfold2,4lk9,0.865,0.837,0.827,0.822
4lk9,42,1,0.8909,0.8452,0.8866,0.8917,0.8917,1.1818,0.451,PepSet_dimer_output_esmfold2,4lk9,0.866,0.816,0.451,0.787
4lk9,42,2,0.8917,0.8463,0.8875,0.8915,0.8925,0.9839,0.7685,PepSet_dimer_output_esmfold2,4lk9,0.85,0.816,0.768,0.888
4lk9,42,3,0.892,0.8505,0.8881,0.8917,0.8982,1.1798,1.6651,PepSet_dimer_output_esmfold2,4lk9,0.817,0.816,1.665,1.051
4lk9,42,4,0.8888,0.845,0.8847,0.8888,0.8905,0.8646,0.6225,PepSet_dimer_output_esmfold2,4lk9,0.861,0.796,0.623,0.769
4lk9,43,0,0.8919,0.8482,0.8878,0.8926,0.8967,0.8263,2.2141,PepSet_dimer_output_esmfold2,4lk9,0.782,0.796,2.214,1.191
4lk9,43,1,0.8924,0.8474,0.8882,0.8912,0.8937,1.0127,1.0742,PepSet_dimer_output_esmfold2,4lk9,0.84,0.816,1.074,0.939
4lk9,43,2,0.8882,0.8477,0.8844,0.8889,0.8941,1.0377,0.6385,PepSet_dimer_output_esmfold2,4lk9,0.836,0.816,0.638,0.989
4lk9,43,3,0.8932,0.8485,0.889,0.8932,0.8963,0.9022,2.1939,PepSet_dimer_output_esmfold2,4lk9,0.791,0.816,2.194,1.174
4lk9,43,4,0.891,0.8472,0.8869,0.8892,0.8923,1.0099,0.803,PepSet_dimer_output_esmfold2,4lk9,0.849,0.816,0.803,0.891
4lk9,44,0,0.8931,0.8466,0.8887,0.8933,0.8937,1.3728,1.6826,PepSet_dimer_output_esmfold2,4lk9,0.806,0.796,1.683,1.08
4lk9,44,1,0.8897,0.8455,0.8856,0.8892,0.8927,1.2304,1.8998,PepSet_dimer_output_esmfold2,4lk9,0.804,0.816,1.9,1.115
4lk9,44,2,0.8902,0.8436,0.8859,0.8895,0.8891,0.9452,2.3514,PepSet_dimer_output_esmfold2,4lk9,0.779,0.816,2.351,1.242
4lk9,44,3,0.8913,0.8482,0.8873,0.8907,0.8942,0.8702,1.979,PepSet_dimer_output_esmfold2,4lk9,0.802,0.816,1.979,1.126
4lk9,44,4,0.8917,0.8477,0.8876,0.8914,0.8934,0.951,2.3292,PepSet_dimer_output_esmfold2,4lk9,0.772,0.816,2.329,1.306
4lzf,42,0,0.9275,0.814,0.9193,0.8225,0.8351,1.1081,10.6311,PepSet_dimer_output_esmfold2,4lzf,0.399,0.667,10.631,3.689
4lzf,42,1,0.9274,0.8198,0.9197,0.8253,0.8369,2.3011,11.6381,PepSet_dimer_output_esmfold2,4lzf,0.385,0.667,11.638,3.714
4lzf,42,2,0.9279,0.822,0.9203,0.8348,0.8413,1.5337,10.8769,PepSet_dimer_output_esmfold2,4lzf,0.397,0.667,10.877,3.662
4lzf,42,3,0.9265,0.8042,0.9177,0.8339,0.8193,1.7815,10.7897,PepSet_dimer_output_esmfold2,4lzf,0.449,0.818,10.79,3.609
4lzf,42,4,0.9272,0.8025,0.9183,0.8366,0.8163,1.7142,10.7485,PepSet_dimer_output_esmfold2,4lzf,0.43,0.758,10.748,3.596
4lzf,43,0,0.9277,0.8167,0.9197,0.8239,0.8345,2.0804,11.6797,PepSet_dimer_output_esmfold2,4lzf,0.385,0.667,11.68,3.686
4lzf,43,1,0.9266,0.8004,0.9176,0.8202,0.8188,1.5947,10.6592,PepSet_dimer_output_esmfold2,4lzf,0.452,0.818,10.659,3.594
4lzf,43,2,0.9263,0.8138,0.9182,0.8219,0.8286,2.1646,11.3751,PepSet_dimer_output_esmfold2,4lzf,0.37,0.606,11.375,3.618
4lzf,43,3,0.9284,0.8133,0.9202,0.8294,0.8336,1.7654,10.9632,PepSet_dimer_output_esmfold2,4lzf,0.417,0.727,10.963,3.613
4lzf,43,4,0.9067,0.5264,0.8794,0.7942,0.4618,1.7861,15.4231,PepSet_dimer_output_esmfold2,4lzf,0.147,0.121,15.423,4.9
4lzf,44,0,0.9269,0.8046,0.9181,0.8384,0.8168,1.6872,10.9472,PepSet_dimer_output_esmfold2,4lzf,0.437,0.788,10.947,3.621
4lzf,44,1,0.9272,0.8081,0.9187,0.8274,0.8218,2.0379,11.0892,PepSet_dimer_output_esmfold2,4lzf,0.445,0.818,11.089,3.618
4lzf,44,2,0.9274,0.8196,0.9197,0.8308,0.8371,1.4969,10.6857,PepSet_dimer_output_esmfold2,4lzf,0.379,0.606,10.686,3.669
4lzf,44,3,0.9237,0.8121,0.9157,0.8126,0.8217,2.3789,11.8037,PepSet_dimer_output_esmfold2,4lzf,0.376,0.636,11.804,3.555
4lzf,44,4,0.9291,0.8182,0.9211,0.8394,0.8385,1.8435,11.2018,PepSet_dimer_output_esmfold2,4lzf,0.392,0.667,11.202,3.673
4m5s,42,0,0.8707,0.8081,0.8642,0.8354,0.8048,2.6874,2.6899,PepSet_dimer_output_esmfold2,4m5s,0.831,0.878,2.69,0.97
4m5s,42,1,0.8704,0.8099,0.8641,0.8357,0.8036,2.5298,2.3931,PepSet_dimer_output_esmfold2,4m5s,0.849,0.878,2.393,0.881
4m5s,42,2,0.8693,0.8066,0.8628,0.832,0.7996,2.7303,3.0059,PepSet_dimer_output_esmfold2,4m5s,0.813,0.878,3.006,1.05
4m5s,42,3,0.8697,0.8088,0.8635,0.835,0.8063,2.7474,2.5361,PepSet_dimer_output_esmfold2,4m5s,0.848,0.902,2.536,0.93
4m5s,42,4,0.8663,0.8078,0.8603,0.8281,0.7992,2.6022,2.566,PepSet_dimer_output_esmfold2,4m5s,0.847,0.902,2.566,0.928
4m5s,43,0,0.8624,0.7752,0.8534,0.8159,0.7648,2.6951,1.7445,PepSet_dimer_output_esmfold2,4m5s,0.889,0.878,1.744,0.683
4m5s,43,1,0.8665,0.8058,0.8602,0.8297,0.7964,2.785,2.5221,PepSet_dimer_output_esmfold2,4m5s,0.837,0.854,2.522,0.896
4m5s,43,2,0.8674,0.8019,0.8607,0.8318,0.7993,2.6096,2.3726,PepSet_dimer_output_esmfold2,4m5s,0.852,0.878,2.373,0.866
4m5s,43,3,0.8656,0.7962,0.8584,0.8277,0.7858,2.496,2.1957,PepSet_dimer_output_esmfold2,4m5s,0.867,0.902,2.196,0.838
4m5s,43,4,0.8698,0.8001,0.8626,0.8322,0.7907,2.5525,2.0994,PepSet_dimer_output_esmfold2,4m5s,0.872,0.878,2.099,0.759
4m5s,44,0,0.8693,0.8089,0.8631,0.8338,0.8053,2.607,2.5414,PepSet_dimer_output_esmfold2,4m5s,0.838,0.878,2.541,0.94
4m5s,44,1,0.8673,0.8037,0.8607,0.8302,0.7952,2.692,2.499,PepSet_dimer_output_esmfold2,4m5s,0.845,0.878,2.499,0.897
4m5s,44,2,0.8655,0.8087,0.8597,0.8291,0.8037,2.8884,2.6225,PepSet_dimer_output_esmfold2,4m5s,0.827,0.878,2.622,1.007
4m5s,44,3,0.8707,0.8114,0.8645,0.8379,0.808,2.5337,2.7628,PepSet_dimer_output_esmfold2,4m5s,0.83,0.902,2.763,1.022
4m5s,44,4,0.8706,0.8107,0.8644,0.8356,0.8078,2.5465,2.5393,PepSet_dimer_output_esmfold2,4m5s,0.834,0.878,2.539,0.968
4m91,42,0,0.9421,0.761,0.9353,0.9681,0.837,0.5155,4.6384,PepSet_dimer_output_esmfold2,4m91,0.643,0.692,4.638,1.607
4m91,42,1,0.9422,0.768,0.9357,0.9685,0.8419,0.4744,4.0418,PepSet_dimer_output_esmfold2,4m91,0.702,0.769,4.042,1.436
4m91,42,2,0.9413,0.7421,0.9337,0.9666,0.8046,0.4658,5.1761,PepSet_dimer_output_esmfold2,4m91,0.581,0.615,5.176,1.846
4m91,42,3,0.9406,0.7194,0.9322,0.9662,0.795,0.5252,5.6422,PepSet_dimer_output_esmfold2,4m91,0.568,0.654,5.642,2.013
4m91,42,4,0.9417,0.7645,0.935,0.9685,0.8405,0.5244,4.2755,PepSet_dimer_output_esmfold2,4m91,0.648,0.654,4.275,1.528
4m91,43,0,0.9408,0.7432,0.9334,0.9671,0.8113,0.4828,5.034,PepSet_dimer_output_esmfold2,4m91,0.588,0.615,5.034,1.801
4m91,43,1,0.9409,0.7567,0.9339,0.9677,0.8325,0.5388,4.6754,PepSet_dimer_output_esmfold2,4m91,0.636,0.692,4.675,1.66
4m91,43,2,0.9421,0.7684,0.9355,0.9685,0.8429,0.4827,4.0372,PepSet_dimer_output_esmfold2,4m91,0.691,0.731,4.037,1.425
4m91,43,3,0.9418,0.7567,0.9348,0.968,0.8288,0.471,3.928,PepSet_dimer_output_esmfold2,4m91,0.672,0.654,3.928,1.391
4m91,43,4,0.9405,0.7434,0.9331,0.9668,0.8272,0.4932,5.0976,PepSet_dimer_output_esmfold2,4m91,0.588,0.615,5.098,1.79
4m91,44,0,0.9415,0.7651,0.9349,0.968,0.8401,0.4936,4.6637,PepSet_dimer_output_esmfold2,4m91,0.625,0.654,4.664,1.649
4m91,44,1,0.9416,0.759,0.9348,0.9679,0.8318,0.4995,4.2007,PepSet_dimer_output_esmfold2,4m91,0.655,0.654,4.201,1.48
4m91,44,2,0.9418,0.7646,0.9351,0.9681,0.8405,0.5579,4.2973,PepSet_dimer_output_esmfold2,4m91,0.688,0.769,4.297,1.503
4m91,44,3,0.9415,0.7525,0.9344,0.9679,0.8344,0.4688,5.1326,PepSet_dimer_output_esmfold2,4m91,0.596,0.654,5.133,1.837
4m91,44,4,0.9408,0.7661,0.9342,0.9681,0.8405,0.4774,4.2482,PepSet_dimer_output_esmfold2,4m91,0.649,0.654,4.248,1.521
4mvi,42,0,0.8482,0.5396,0.8265,0.8794,0.6171,1.9741,4.2,PepSet_dimer_output_esmfold2,4mvi,0.52,0.459,4.2,2.312
4mvi,42,1,0.8534,0.5578,0.8326,0.883,0.6369,1.915,4.7853,PepSet_dimer_output_esmfold2,4mvi,0.491,0.443,4.785,2.465
4mvi,42,2,0.8482,0.5477,0.8271,0.8774,0.6104,2.028,6.5083,PepSet_dimer_output_esmfold2,4mvi,0.411,0.393,6.508,2.914
4mvi,42,3,0.8525,0.519,0.8291,0.8823,0.5867,1.5431,4.9489,PepSet_dimer_output_esmfold2,4mvi,0.488,0.41,4.949,2.247
4mvi,42,4,0.8532,0.5782,0.8339,0.8844,0.6565,1.7961,4.5864,PepSet_dimer_output_esmfold2,4mvi,0.494,0.426,4.586,2.393
4mvi,43,0,0.8519,0.5821,0.8329,0.8822,0.6664,1.848,4.9962,PepSet_dimer_output_esmfold2,4mvi,0.476,0.41,4.996,2.432
4mvi,43,1,0.8522,0.5652,0.832,0.8826,0.6391,2.0059,5.2181,PepSet_dimer_output_esmfold2,4mvi,0.468,0.426,5.218,2.586
4mvi,43,2,0.8562,0.5903,0.8376,0.887,0.6699,2.0076,4.4223,PepSet_dimer_output_esmfold2,4mvi,0.491,0.41,4.422,2.425
4mvi,43,3,0.8442,0.5495,0.8235,0.8738,0.6364,1.8446,4.6409,PepSet_dimer_output_esmfold2,4mvi,0.532,0.525,4.641,2.279
4mvi,43,4,0.851,0.5378,0.829,0.8792,0.5892,1.9642,6.2131,PepSet_dimer_output_esmfold2,4mvi,0.403,0.328,6.213,2.75
4mvi,44,0,0.8522,0.5818,0.8332,0.8826,0.6682,2.1097,4.4003,PepSet_dimer_output_esmfold2,4mvi,0.49,0.41,4.4,2.461
4mvi,44,1,0.8511,0.5659,0.8311,0.8835,0.6482,1.8701,4.7264,PepSet_dimer_output_esmfold2,4mvi,0.488,0.41,4.726,2.353
4mvi,44,2,0.8467,0.5689,0.8272,0.8786,0.6564,2.2287,4.561,PepSet_dimer_output_esmfold2,4mvi,0.474,0.41,4.561,2.695
4mvi,44,3,0.8531,0.5439,0.8314,0.8826,0.6093,2.0892,5.3635,PepSet_dimer_output_esmfold2,4mvi,0.456,0.41,5.363,2.639
4mvi,44,4,0.8462,0.5875,0.828,0.8764,0.6722,2.1362,5.3331,PepSet_dimer_output_esmfold2,4mvi,0.442,0.393,5.333,2.853
4nuu,42,0,0.8343,0.6897,0.8284,0.898,0.7636,2.3061,1.5073,PepSet_dimer_output_esmfold2,4nuu,0.702,0.684,1.507,1.646
4nuu,42,1,0.84,0.7175,0.835,0.9018,0.779,2.2197,1.2565,PepSet_dimer_output_esmfold2,4nuu,0.64,0.658,1.256,2.38
4nuu,42,2,0.8325,0.7214,0.8279,0.897,0.7856,2.4732,1.6521,PepSet_dimer_output_esmfold2,4nuu,0.653,0.711,1.652,2.379
4nuu,42,3,0.8319,0.7055,0.8267,0.8961,0.7659,2.4844,1.7754,PepSet_dimer_output_esmfold2,4nuu,0.662,0.737,1.775,2.347
4nuu,42,4,0.8286,0.7223,0.8242,0.8975,0.792,2.3674,1.7103,PepSet_dimer_output_esmfold2,4nuu,0.688,0.789,1.71,2.221
4nuu,43,0,0.8323,0.7255,0.8279,0.9009,0.7929,2.5698,1.3011,PepSet_dimer_output_esmfold2,4nuu,0.664,0.763,1.301,2.577
4nuu,43,1,0.8336,0.7226,0.8291,0.8971,0.7894,2.2586,0.8721,PepSet_dimer_output_esmfold2,4nuu,0.663,0.684,0.872,2.213
4nuu,43,2,0.8315,0.7215,0.827,0.8998,0.7855,2.3527,1.9811,PepSet_dimer_output_esmfold2,4nuu,0.668,0.763,1.981,2.33
4nuu,43,3,0.8336,0.7052,0.8284,0.8979,0.7721,2.4145,0.8809,PepSet_dimer_output_esmfold2,4nuu,0.722,0.763,0.881,1.782
4nuu,43,4,0.8356,0.7089,0.8304,0.9005,0.7732,2.457,1.6918,PepSet_dimer_output_esmfold2,4nuu,0.655,0.763,1.692,2.664
4nuu,44,0,0.8307,0.7171,0.8261,0.8955,0.7814,2.6214,1.3032,PepSet_dimer_output_esmfold2,4nuu,0.639,0.658,1.303,2.389
4nuu,44,1,0.8295,0.7282,0.8254,0.8965,0.7919,2.5209,1.5482,PepSet_dimer_output_esmfold2,4nuu,0.65,0.711,1.548,2.46
4nuu,44,2,0.8398,0.7272,0.8352,0.9041,0.7923,2.2206,1.7217,PepSet_dimer_output_esmfold2,4nuu,0.655,0.711,1.722,2.325
4nuu,44,3,0.8294,0.7192,0.8249,0.8942,0.7852,2.5314,1.1513,PepSet_dimer_output_esmfold2,4nuu,0.665,0.737,1.151,2.428
4nuu,44,4,0.8404,0.7183,0.8354,0.9041,0.7851,2.4129,1.6167,PepSet_dimer_output_esmfold2,4nuu,0.648,0.684,1.617,2.318
4nxr,42,0,0.8812,0.8048,0.8752,0.8854,0.8307,2.284,1.1353,PepSet_dimer_output_esmfold2,4nxr,0.83,0.897,1.135,1.197
4nxr,42,1,0.8775,0.7995,0.8714,0.8833,0.8264,2.2844,1.1787,PepSet_dimer_output_esmfold2,4nxr,0.833,0.897,1.179,1.172
4nxr,42,2,0.8788,0.8029,0.8728,0.8833,0.8258,2.2732,1.2069,PepSet_dimer_output_esmfold2,4nxr,0.829,0.897,1.207,1.197
4nxr,42,3,0.8834,0.802,0.877,0.8876,0.8303,2.2428,1.1719,PepSet_dimer_output_esmfold2,4nxr,0.832,0.897,1.172,1.18
4nxr,42,4,0.8855,0.8036,0.879,0.8904,0.8331,2.3603,1.3566,PepSet_dimer_output_esmfold2,4nxr,0.809,0.897,1.357,1.348
4nxr,43,0,0.8727,0.7954,0.8666,0.8771,0.8179,1.4606,1.6287,PepSet_dimer_output_esmfold2,4nxr,0.796,0.872,1.629,1.356
4nxr,43,1,0.8855,0.8002,0.8788,0.8896,0.8319,2.3012,1.3055,PepSet_dimer_output_esmfold2,4nxr,0.804,0.872,1.305,1.321
4nxr,43,2,0.8824,0.8016,0.8761,0.8869,0.8283,2.2676,1.2731,PepSet_dimer_output_esmfold2,4nxr,0.815,0.872,1.273,1.235
4nxr,43,3,0.88,0.7912,0.873,0.8842,0.8224,2.2608,1.8897,PepSet_dimer_output_esmfold2,4nxr,0.795,0.872,1.89,1.325
4nxr,43,4,0.8807,0.8084,0.875,0.8858,0.8303,2.2552,1.2445,PepSet_dimer_output_esmfold2,4nxr,0.83,0.923,1.245,1.254
4nxr,44,0,0.8812,0.7981,0.8747,0.8863,0.8265,2.2883,1.3067,PepSet_dimer_output_esmfold2,4nxr,0.809,0.872,1.307,1.278
4nxr,44,1,0.8736,0.7912,0.8672,0.8773,0.8194,2.3191,1.1393,PepSet_dimer_output_esmfold2,4nxr,0.838,0.872,1.139,1.074
4nxr,44,2,0.8823,0.7984,0.8757,0.8865,0.8269,2.3128,1.2175,PepSet_dimer_output_esmfold2,4nxr,0.823,0.897,1.218,1.246
4nxr,44,3,0.8827,0.749,0.8722,0.8838,0.8294,2.312,2.5649,PepSet_dimer_output_esmfold2,4nxr,0.725,0.795,2.565,1.609
4nxr,44,4,0.8783,0.8,0.8722,0.8839,0.8286,2.2032,1.1808,PepSet_dimer_output_esmfold2,4nxr,0.847,0.897,1.181,1.068
4ny3,42,0,0.946,0.8262,0.944,0.9743,0.9072,1.2563,2.5798,PepSet_dimer_output_esmfold2,4ny3,0.665,0.833,2.58,2.618
4ny3,42,1,0.9433,0.8137,0.9412,0.9729,0.8986,1.2871,2.8967,PepSet_dimer_output_esmfold2,4ny3,0.656,0.833,2.897,2.684
4ny3,42,2,0.9463,0.8227,0.9443,0.9744,0.9052,1.1586,2.5231,PepSet_dimer_output_esmfold2,4ny3,0.679,0.833,2.523,2.38
4ny3,42,3,0.9446,0.8211,0.9426,0.9736,0.9037,1.2074,2.5348,PepSet_dimer_output_esmfold2,4ny3,0.677,0.833,2.535,2.408
4ny3,42,4,0.9442,0.8239,0.9423,0.9734,0.9058,1.2047,2.3301,PepSet_dimer_output_esmfold2,4ny3,0.678,0.833,2.33,2.456
4ny3,43,0,0.9434,0.8179,0.9414,0.9731,0.901,1.2164,2.6372,PepSet_dimer_output_esmfold2,4ny3,0.668,0.833,2.637,2.532
4ny3,43,1,0.943,0.821,0.941,0.9725,0.9027,1.2764,2.5384,PepSet_dimer_output_esmfold2,4ny3,0.667,0.833,2.538,2.604
4ny3,43,2,0.9444,0.8186,0.9423,0.9733,0.9016,1.2169,2.556,PepSet_dimer_output_esmfold2,4ny3,0.676,0.833,2.556,2.423
4ny3,43,3,0.9472,0.8248,0.9452,0.9748,0.9074,1.1984,2.4244,PepSet_dimer_output_esmfold2,4ny3,0.678,0.833,2.424,2.423
4ny3,43,4,0.9432,0.8229,0.9413,0.9734,0.9059,1.1255,2.3521,PepSet_dimer_output_esmfold2,4ny3,0.69,0.833,2.352,2.251
4ny3,44,0,0.9464,0.8276,0.9444,0.974,0.9088,1.2486,1.9785,PepSet_dimer_output_esmfold2,4ny3,0.662,0.778,1.978,2.529
4ny3,44,1,0.9429,0.7871,0.9403,0.9722,0.8638,1.2114,2.2513,PepSet_dimer_output_esmfold2,4ny3,0.655,0.778,2.251,2.574
4ny3,44,2,0.9452,0.8225,0.9431,0.9738,0.9055,1.2522,2.3972,PepSet_dimer_output_esmfold2,4ny3,0.674,0.833,2.397,2.507
4ny3,44,3,0.9398,0.8117,0.9377,0.9711,0.8962,1.0007,2.8282,PepSet_dimer_output_esmfold2,4ny3,0.693,0.833,2.828,2.059
4ny3,44,4,0.9433,0.8184,0.9413,0.9735,0.9045,0.9608,2.458,PepSet_dimer_output_esmfold2,4ny3,0.705,0.833,2.458,2.007
4odk,42,0,0.9037,0.5853,0.8878,0.8079,0.5523,4.1343,11.5408,PepSet_dimer_output_esmfold2,4odk,0.247,0.258,11.541,3.845
4odk,42,1,0.9043,0.5907,0.8887,0.8016,0.5667,3.9204,12.147,PepSet_dimer_output_esmfold2,4odk,0.219,0.194,12.147,3.818
4odk,42,2,0.8997,0.5797,0.8838,0.7923,0.5348,2.8373,9.377,PepSet_dimer_output_esmfold2,4odk,0.284,0.258,9.377,3.666
4odk,42,3,0.9037,0.5933,0.8883,0.8144,0.5744,4.9686,11.5173,PepSet_dimer_output_esmfold2,4odk,0.236,0.226,11.517,3.91
4odk,42,4,0.9039,0.5924,0.8884,0.8112,0.5741,4.3939,11.4471,PepSet_dimer_output_esmfold2,4odk,0.227,0.194,11.447,3.87
4odk,43,0,0.9017,0.5814,0.8857,0.8055,0.5546,4.2711,11.5616,PepSet_dimer_output_esmfold2,4odk,0.237,0.226,11.562,3.825
4odk,43,1,0.904,0.5906,0.8884,0.8165,0.5667,4.658,11.3175,PepSet_dimer_output_esmfold2,4odk,0.228,0.194,11.317,3.888
4odk,43,2,0.9029,0.5944,0.8876,0.8179,0.5723,4.3606,10.937,PepSet_dimer_output_esmfold2,4odk,0.243,0.226,10.937,3.956
4odk,43,3,0.9033,0.5861,0.8875,0.8042,0.5622,3.6793,11.6523,PepSet_dimer_output_esmfold2,4odk,0.236,0.226,11.652,3.785
4odk,43,4,0.9024,0.591,0.8869,0.8143,0.5683,4.5663,11.2943,PepSet_dimer_output_esmfold2,4odk,0.241,0.226,11.294,3.805
4odk,44,0,0.9041,0.5921,0.8886,0.8132,0.5709,4.6506,11.9469,PepSet_dimer_output_esmfold2,4odk,0.219,0.194,11.947,3.91
4odk,44,1,0.9016,0.5926,0.8862,0.8176,0.5684,4.0859,10.4727,PepSet_dimer_output_esmfold2,4odk,0.251,0.226,10.473,3.855
4odk,44,2,0.8882,0.2493,0.8565,0.7923,0.1005,1.7798,25.3998,PepSet_dimer_output_esmfold2,4odk,0.042,0.0,25.4,9.256
4odk,44,3,0.9022,0.5898,0.8867,0.8022,0.5624,4.7507,11.4452,PepSet_dimer_output_esmfold2,4odk,0.238,0.226,11.445,3.854
4odk,44,4,0.9026,0.5699,0.886,0.8141,0.5479,4.3704,9.6661,PepSet_dimer_output_esmfold2,4odk,0.269,0.226,9.666,3.635
4ouc,42,0,0.9504,0.3851,0.9386,0.955,0.5402,0.575,11.9631,PepSet_dimer_output_esmfold2,4ouc,0.288,0.371,11.963,3.481
4ouc,42,1,0.9504,0.3698,0.9383,0.9588,0.5273,0.549,11.7791,PepSet_dimer_output_esmfold2,4ouc,0.254,0.257,11.779,3.424
4ouc,42,2,0.95,0.3903,0.9384,0.9551,0.5472,0.5854,11.4375,PepSet_dimer_output_esmfold2,4ouc,0.289,0.343,11.437,3.337
4ouc,42,3,0.95,0.3568,0.9377,0.9586,0.5138,0.5953,11.2756,PepSet_dimer_output_esmfold2,4ouc,0.245,0.2,11.276,3.295
4ouc,42,4,0.9488,0.3606,0.9365,0.9589,0.514,0.5988,11.6239,PepSet_dimer_output_esmfold2,4ouc,0.218,0.143,11.624,3.406
4ouc,43,0,0.9496,0.3618,0.9373,0.9591,0.5099,0.5849,12.1442,PepSet_dimer_output_esmfold2,4ouc,0.256,0.286,12.144,3.535
4ouc,43,1,0.9488,0.3837,0.937,0.9534,0.5353,0.5899,11.8161,PepSet_dimer_output_esmfold2,4ouc,0.243,0.229,11.816,3.439
4ouc,43,2,0.9492,0.3757,0.9373,0.9592,0.5159,0.5871,12.563,PepSet_dimer_output_esmfold2,4ouc,0.191,0.114,12.563,3.662
4ouc,43,3,0.95,0.3951,0.9385,0.9593,0.5491,0.5179,12.4629,PepSet_dimer_output_esmfold2,4ouc,0.25,0.286,12.463,3.614
4ouc,43,4,0.9492,0.3602,0.937,0.9538,0.5181,0.5542,11.0255,PepSet_dimer_output_esmfold2,4ouc,0.288,0.314,11.025,3.223
4ouc,44,0,0.95,0.3635,0.9378,0.9558,0.5202,0.5633,10.6346,PepSet_dimer_output_esmfold2,4ouc,0.307,0.343,10.635,3.103
4ouc,44,1,0.9487,0.3559,0.9363,0.9582,0.4824,0.562,13.5068,PepSet_dimer_output_esmfold2,4ouc,0.176,0.114,13.507,3.887
4ouc,44,2,0.9495,0.3906,0.9378,0.9571,0.5391,0.586,11.8649,PepSet_dimer_output_esmfold2,4ouc,0.233,0.2,11.865,3.45
4ouc,44,3,0.9501,0.3922,0.9385,0.955,0.5472,0.5713,11.7678,PepSet_dimer_output_esmfold2,4ouc,0.273,0.314,11.768,3.409
4ouc,44,4,0.9489,0.391,0.9372,0.9589,0.5371,0.7243,11.9319,PepSet_dimer_output_esmfold2,4ouc,0.268,0.314,11.932,3.512
4oyk,42,0,0.8475,0.4024,0.8164,0.8641,0.3228,1.1189,14.3835,PepSet_dimer_output_esmfold2,4oyk,0.177,0.2,14.384,5.414
4oyk,42,1,0.845,0.3837,0.8127,0.8617,0.3156,1.2488,13.4421,PepSet_dimer_output_esmfold2,4oyk,0.175,0.175,13.442,5.753
4oyk,42,2,0.8464,0.4153,0.8163,0.8622,0.3443,1.3051,13.4301,PepSet_dimer_output_esmfold2,4oyk,0.191,0.225,13.43,5.825
4oyk,42,3,0.8556,0.394,0.8233,0.8706,0.2966,1.1889,12.8583,PepSet_dimer_output_esmfold2,4oyk,0.152,0.075,12.858,5.18
4oyk,42,4,0.8555,0.3989,0.8236,0.8726,0.3115,1.3041,11.8301,PepSet_dimer_output_esmfold2,4oyk,0.166,0.075,11.83,4.98
4oyk,43,0,0.8467,0.433,0.8178,0.8647,0.3673,1.3379,12.2546,PepSet_dimer_output_esmfold2,4oyk,0.208,0.225,12.255,5.304
4oyk,43,1,0.8515,0.4127,0.8209,0.8682,0.3255,1.2864,11.3016,PepSet_dimer_output_esmfold2,4oyk,0.208,0.175,11.302,4.799
4oyk,43,2,0.8529,0.4111,0.822,0.8695,0.3356,1.3204,10.4475,PepSet_dimer_output_esmfold2,4oyk,0.225,0.175,10.448,4.466
4oyk,43,3,0.8539,0.4011,0.8223,0.8685,0.3048,1.3185,12.6368,PepSet_dimer_output_esmfold2,4oyk,0.146,0.05,12.637,5.184
4oyk,43,4,0.8499,0.3667,0.8161,0.8621,0.2632,1.2238,10.4332,PepSet_dimer_output_esmfold2,4oyk,0.294,0.375,10.433,4.321
4oyk,44,0,0.8517,0.392,0.8195,0.8669,0.3181,1.3068,8.7411,PepSet_dimer_output_esmfold2,4oyk,0.246,0.125,8.741,3.911
4oyk,44,1,0.8462,0.4152,0.8161,0.867,0.3555,1.2643,11.6605,PepSet_dimer_output_esmfold2,4oyk,0.235,0.275,11.66,4.987
4oyk,44,2,0.8494,0.4194,0.8193,0.8667,0.3444,1.3424,12.1648,PepSet_dimer_output_esmfold2,4oyk,0.234,0.3,12.165,5.313
4oyk,44,3,0.8536,0.3935,0.8214,0.8695,0.3042,1.3576,7.2372,PepSet_dimer_output_esmfold2,4oyk,0.313,0.175,7.237,3.155
4oyk,44,4,0.8467,0.3994,0.8154,0.8621,0.3109,1.1733,11.9485,PepSet_dimer_output_esmfold2,4oyk,0.165,0.075,11.948,4.95
4pd1,42,0,0.9242,0.8516,0.9224,0.9044,0.9369,1.5401,0.7728,PepSet_dimer_output_esmfold2,4pd1,0.945,0.896,0.773,0.348
4pd1,42,1,0.9255,0.8498,0.9236,0.9077,0.9412,1.4049,1.0186,PepSet_dimer_output_esmfold2,4pd1,0.937,0.896,1.019,0.413
4pd1,42,2,0.9257,0.8481,0.9238,0.9105,0.9331,1.7239,0.9783,PepSet_dimer_output_esmfold2,4pd1,0.923,0.854,0.978,0.422
4pd1,42,3,0.9224,0.8517,0.9207,0.9078,0.9352,1.0792,1.0385,PepSet_dimer_output_esmfold2,4pd1,0.924,0.854,1.038,0.408
4pd1,42,4,0.9259,0.8512,0.9241,0.9114,0.9365,1.5226,0.8733,PepSet_dimer_output_esmfold2,4pd1,0.943,0.896,0.873,0.369
4pd1,43,0,0.9254,0.8526,0.9236,0.8976,0.9382,2.0549,1.5162,PepSet_dimer_output_esmfold2,4pd1,0.927,0.875,1.516,0.39
4pd1,43,1,0.9246,0.8393,0.9226,0.8895,0.9341,1.9772,1.4179,PepSet_dimer_output_esmfold2,4pd1,0.909,0.875,1.418,0.556
4pd1,43,2,0.9258,0.8548,0.9241,0.9088,0.9401,1.6912,0.967,PepSet_dimer_output_esmfold2,4pd1,0.935,0.875,0.967,0.373
4pd1,43,3,0.9257,0.8528,0.9239,0.9087,0.936,1.6267,0.8684,PepSet_dimer_output_esmfold2,4pd1,0.938,0.875,0.868,0.344
4pd1,43,4,0.9258,0.8529,0.9241,0.9049,0.9411,1.5402,1.2749,PepSet_dimer_output_esmfold2,4pd1,0.933,0.917,1.275,0.488
4pd1,44,0,0.9255,0.8462,0.9236,0.9079,0.9391,1.6539,1.1376,PepSet_dimer_output_esmfold2,4pd1,0.917,0.854,1.138,0.455
4pd1,44,1,0.9257,0.8464,0.9238,0.91,0.9346,1.6154,1.0545,PepSet_dimer_output_esmfold2,4pd1,0.937,0.896,1.054,0.407
4pd1,44,2,0.9227,0.8534,0.9211,0.9075,0.9377,1.4698,0.8265,PepSet_dimer_output_esmfold2,4pd1,0.943,0.896,0.826,0.374
4pd1,44,3,0.9253,0.8567,0.9237,0.9088,0.9425,1.6467,1.0532,PepSet_dimer_output_esmfold2,4pd1,0.926,0.875,1.053,0.447
4pd1,44,4,0.9249,0.8548,0.9232,0.9101,0.9421,1.5922,1.0571,PepSet_dimer_output_esmfold2,4pd1,0.932,0.875,1.057,0.388
4pge,42,0,0.9441,0.9592,0.9445,0.8836,0.9834,1.4809,1.1698,PepSet_dimer_output_esmfold2,4pge,0.959,0.966,1.17,0.413
4pge,42,1,0.9426,0.958,0.9431,0.8844,0.9828,1.1762,1.052,PepSet_dimer_output_esmfold2,4pge,0.957,0.966,1.052,0.446
4pge,42,2,0.9427,0.9578,0.9432,0.8806,0.983,0.7981,1.0461,PepSet_dimer_output_esmfold2,4pge,0.959,0.966,1.046,0.422
4pge,42,3,0.9434,0.96,0.944,0.8764,0.9835,1.603,1.1236,PepSet_dimer_output_esmfold2,4pge,0.958,0.966,1.124,0.424
4pge,42,4,0.9426,0.9571,0.943,0.8806,0.9827,1.3931,1.2091,PepSet_dimer_output_esmfold2,4pge,0.952,0.949,1.209,0.42
4pge,43,0,0.9435,0.9586,0.944,0.8813,0.9832,1.5401,1.2146,PepSet_dimer_output_esmfold2,4pge,0.957,0.966,1.215,0.425
4pge,43,1,0.9435,0.9591,0.944,0.8865,0.9833,1.2527,1.1128,PepSet_dimer_output_esmfold2,4pge,0.96,0.966,1.113,0.407
4pge,43,2,0.9444,0.9592,0.9449,0.8831,0.9832,1.5232,1.1023,PepSet_dimer_output_esmfold2,4pge,0.966,0.983,1.102,0.411
4pge,43,3,0.9434,0.9588,0.9439,0.8831,0.983,1.0409,1.0539,PepSet_dimer_output_esmfold2,4pge,0.963,0.983,1.054,0.44
4pge,43,4,0.9412,0.9581,0.9417,0.8486,0.9829,1.4059,1.3416,PepSet_dimer_output_esmfold2,4pge,0.955,0.966,1.342,0.433
4pge,44,0,0.9431,0.9593,0.9436,0.8724,0.9833,1.1855,1.1473,PepSet_dimer_output_esmfold2,4pge,0.958,0.966,1.147,0.423
4pge,44,1,0.9433,0.9584,0.9438,0.8813,0.9831,1.2463,1.0549,PepSet_dimer_output_esmfold2,4pge,0.964,0.983,1.055,0.427
4pge,44,2,0.9444,0.958,0.9449,0.8817,0.9827,1.5452,1.1804,PepSet_dimer_output_esmfold2,4pge,0.956,0.966,1.18,0.436
4pge,44,3,0.9436,0.958,0.9441,0.8814,0.9824,1.3841,1.1292,PepSet_dimer_output_esmfold2,4pge,0.958,0.966,1.129,0.428
4pge,44,4,0.9433,0.9599,0.9439,0.884,0.9835,1.4079,1.1435,PepSet_dimer_output_esmfold2,4pge,0.956,0.966,1.143,0.439
4qbr,42,0,0.9223,0.8879,0.9206,0.9379,0.9423,0.6661,0.7202,PepSet_dimer_output_esmfold2,4qbr,0.934,0.975,0.72,0.67
4qbr,42,1,0.9238,0.8917,0.9222,0.9399,0.9457,0.6246,0.7772,PepSet_dimer_output_esmfold2,4qbr,0.934,0.975,0.777,0.667
4qbr,42,2,0.9244,0.8912,0.9228,0.94,0.9443,0.5432,0.6777,PepSet_dimer_output_esmfold2,4qbr,0.941,0.975,0.678,0.621
4qbr,42,3,0.9252,0.8898,0.9235,0.9401,0.9423,0.545,0.6723,PepSet_dimer_output_esmfold2,4qbr,0.94,0.975,0.672,0.626
4qbr,42,4,0.9224,0.8892,0.9207,0.9375,0.9426,0.7137,0.629,PepSet_dimer_output_esmfold2,4qbr,0.936,0.975,0.629,0.658
4qbr,43,0,0.9238,0.8883,0.9221,0.9386,0.9422,0.6894,0.6528,PepSet_dimer_output_esmfold2,4qbr,0.934,0.975,0.653,0.675
4qbr,43,1,0.9246,0.8678,0.9218,0.9393,0.9264,0.5553,0.7804,PepSet_dimer_output_esmfold2,4qbr,0.934,0.975,0.78,0.666
4qbr,43,2,0.9261,0.888,0.9242,0.9412,0.9422,0.5712,0.7646,PepSet_dimer_output_esmfold2,4qbr,0.93,0.95,0.765,0.639
4qbr,43,3,0.9234,0.8888,0.9217,0.9393,0.9404,0.597,0.6337,PepSet_dimer_output_esmfold2,4qbr,0.944,0.975,0.634,0.595
4qbr,43,4,0.9225,0.8607,0.9195,0.9372,0.9095,0.5938,1.3893,PepSet_dimer_output_esmfold2,4qbr,0.898,0.925,1.389,0.764
4qbr,44,0,0.9231,0.8759,0.9208,0.9379,0.9306,0.5874,0.7649,PepSet_dimer_output_esmfold2,4qbr,0.929,0.95,0.765,0.641
4qbr,44,1,0.9238,0.8913,0.9222,0.9378,0.9444,0.6304,0.7478,PepSet_dimer_output_esmfold2,4qbr,0.924,0.925,0.748,0.619
4qbr,44,2,0.9236,0.8872,0.9218,0.9393,0.9403,0.6569,0.5584,PepSet_dimer_output_esmfold2,4qbr,0.938,0.975,0.558,0.649
4qbr,44,3,0.9225,0.8897,0.9209,0.937,0.9446,0.6744,0.7294,PepSet_dimer_output_esmfold2,4qbr,0.939,0.975,0.729,0.629
4qbr,44,4,0.9225,0.8894,0.9208,0.9384,0.943,0.6682,0.7823,PepSet_dimer_output_esmfold2,4qbr,0.928,0.975,0.782,0.711
4r5i,42,0,0.9394,0.7308,0.9339,0.922,0.814,2.8835,11.6246,PepSet_dimer_output_esmfold2,4r5i,0.265,0.273,11.625,3.256
4r5i,42,1,0.94,0.7238,0.9343,0.9232,0.8104,2.9307,11.5269,PepSet_dimer_output_esmfold2,4r5i,0.276,0.295,11.527,3.187
4r5i,42,2,0.9403,0.7165,0.9344,0.9261,0.8018,2.5877,11.523,PepSet_dimer_output_esmfold2,4r5i,0.269,0.273,11.523,3.172
4r5i,42,3,0.94,0.7179,0.9342,0.9266,0.8039,2.8934,11.4996,PepSet_dimer_output_esmfold2,4r5i,0.269,0.273,11.5,3.19
4r5i,42,4,0.9411,0.7332,0.9357,0.9257,0.8153,2.9994,11.5811,PepSet_dimer_output_esmfold2,4r5i,0.266,0.273,11.581,3.251
4r5i,43,0,0.9397,0.7214,0.934,0.9245,0.805,2.7331,11.519,PepSet_dimer_output_esmfold2,4r5i,0.269,0.273,11.519,3.17
4r5i,43,1,0.9391,0.7065,0.933,0.9243,0.7916,2.84,11.4175,PepSet_dimer_output_esmfold2,4r5i,0.271,0.273,11.418,3.154
4r5i,43,2,0.9373,0.7205,0.9316,0.9172,0.8077,3.1346,11.5988,PepSet_dimer_output_esmfold2,4r5i,0.266,0.273,11.599,3.257
4r5i,43,3,0.9377,0.7197,0.932,0.9097,0.802,2.6528,11.3037,PepSet_dimer_output_esmfold2,4r5i,0.274,0.273,11.304,3.104
4r5i,43,4,0.939,0.706,0.9329,0.9238,0.7917,2.7025,11.4851,PepSet_dimer_output_esmfold2,4r5i,0.269,0.273,11.485,3.182
4r5i,44,0,0.9407,0.7208,0.9349,0.9257,0.8053,2.7476,11.5071,PepSet_dimer_output_esmfold2,4r5i,0.269,0.273,11.507,3.192
4r5i,44,1,0.9395,0.7207,0.9337,0.9252,0.8058,2.7201,11.5062,PepSet_dimer_output_esmfold2,4r5i,0.269,0.273,11.506,3.186
4r5i,44,2,0.9341,0.7264,0.9286,0.9102,0.8121,3.2469,11.6899,PepSet_dimer_output_esmfold2,4r5i,0.263,0.273,11.69,3.31
4r5i,44,3,0.9383,0.7182,0.9325,0.9168,0.8032,2.6979,11.4148,PepSet_dimer_output_esmfold2,4r5i,0.279,0.295,11.415,3.14
4r5i,44,4,0.9403,0.7258,0.9347,0.9234,0.809,2.7529,11.418,PepSet_dimer_output_esmfold2,4r5i,0.271,0.273,11.418,3.15
4txr,42,0,0.9495,0.8282,0.9391,0.9574,0.8908,0.5768,1.0002,PepSet_dimer_output_esmfold2,4txr,0.943,0.951,1.0,0.525
4txr,42,1,0.949,0.8256,0.9384,0.9554,0.8898,0.6473,1.1917,PepSet_dimer_output_esmfold2,4txr,0.927,0.927,1.192,0.574
4txr,42,2,0.9493,0.8279,0.9388,0.956,0.8892,0.5299,1.2541,PepSet_dimer_output_esmfold2,4txr,0.928,0.927,1.254,0.559
4txr,42,3,0.9495,0.8302,0.9392,0.9578,0.8972,0.6216,0.9895,PepSet_dimer_output_esmfold2,4txr,0.931,0.927,0.989,0.555
4txr,42,4,0.9489,0.8277,0.9385,0.9554,0.8941,0.6522,1.4085,PepSet_dimer_output_esmfold2,4txr,0.902,0.902,1.409,0.681
4txr,43,0,0.9496,0.8311,0.9393,0.9578,0.8955,0.6818,0.9456,PepSet_dimer_output_esmfold2,4txr,0.935,0.927,0.946,0.528
4txr,43,1,0.9498,0.8309,0.9395,0.9576,0.8964,0.677,1.0166,PepSet_dimer_output_esmfold2,4txr,0.916,0.902,1.017,0.603
4txr,43,2,0.9495,0.8283,0.9391,0.9573,0.8929,0.62,1.0014,PepSet_dimer_output_esmfold2,4txr,0.921,0.902,1.001,0.569
4txr,43,3,0.9497,0.827,0.9391,0.9578,0.8934,0.6493,1.1359,PepSet_dimer_output_esmfold2,4txr,0.923,0.927,1.136,0.602
4txr,43,4,0.9483,0.7931,0.9349,0.954,0.8796,0.6513,3.6418,PepSet_dimer_output_esmfold2,4txr,0.709,0.829,3.642,1.654
4txr,44,0,0.9494,0.8311,0.9392,0.9571,0.8952,0.6425,1.3152,PepSet_dimer_output_esmfold2,4txr,0.92,0.927,1.315,0.612
4txr,44,1,0.9486,0.7946,0.9353,0.9544,0.8794,0.6405,3.1561,PepSet_dimer_output_esmfold2,4txr,0.754,0.854,3.156,1.41
4txr,44,2,0.95,0.8306,0.9397,0.9581,0.8974,0.6164,1.0418,PepSet_dimer_output_esmfold2,4txr,0.918,0.902,1.042,0.593
4txr,44,3,0.9488,0.8084,0.9367,0.9551,0.8813,0.6137,1.58,PepSet_dimer_output_esmfold2,4txr,0.873,0.854,1.58,0.756
4txr,44,4,0.9492,0.8284,0.9388,0.956,0.8936,0.7281,0.8624,PepSet_dimer_output_esmfold2,4txr,0.947,0.951,0.862,0.502
4u0c,42,0,0.8252,0.5561,0.8142,0.6666,0.5267,17.4114,20.9778,PepSet_dimer_output_esmfold2,4u0c,0.486,0.895,20.978,1.75
4u0c,42,1,0.8164,0.5509,0.8055,0.6553,0.5403,15.0382,8.0362,PepSet_dimer_output_esmfold2,4u0c,0.599,0.789,8.036,1.563
4u0c,42,2,0.816,0.5603,0.8055,0.6495,0.5364,13.8911,12.4617,PepSet_dimer_output_esmfold2,4u0c,0.514,0.842,12.462,1.911
4u0c,42,3,0.8221,0.5552,0.8111,0.6647,0.5423,17.5373,18.5068,PepSet_dimer_output_esmfold2,4u0c,0.508,0.842,18.507,1.48
4u0c,42,4,0.8199,0.5525,0.8089,0.6612,0.5471,17.6914,19.6176,PepSet_dimer_output_esmfold2,4u0c,0.5,0.789,19.618,1.35
4u0c,43,0,0.8185,0.5414,0.8071,0.6563,0.5156,15.0887,19.9805,PepSet_dimer_output_esmfold2,4u0c,0.552,0.842,19.98,1.073
4u0c,43,1,0.8251,0.5489,0.8138,0.6681,0.545,17.0228,17.8686,PepSet_dimer_output_esmfold2,4u0c,0.509,0.842,17.869,1.498
4u0c,43,2,0.8107,0.5665,0.8007,0.6545,0.5386,10.6845,10.3152,PepSet_dimer_output_esmfold2,4u0c,0.594,0.842,10.315,1.401
4u0c,43,3,0.8087,0.5505,0.7981,0.6475,0.5199,16.619,23.3839,PepSet_dimer_output_esmfold2,4u0c,0.439,0.789,23.384,1.792
4u0c,43,4,0.8237,0.5601,0.8129,0.663,0.538,14.3398,7.9651,PepSet_dimer_output_esmfold2,4u0c,0.61,0.842,7.965,1.643
4u0c,44,0,0.8226,0.5448,0.8111,0.6664,0.5374,17.2927,16.4641,PepSet_dimer_output_esmfold2,4u0c,0.515,0.789,16.464,1.369
4u0c,44,1,0.8247,0.5471,0.8133,0.6772,0.5316,14.6423,8.9751,PepSet_dimer_output_esmfold2,4u0c,0.588,0.789,8.975,1.493
4u0c,44,2,0.8148,0.5341,0.8033,0.6489,0.5116,14.6775,23.0257,PepSet_dimer_output_esmfold2,4u0c,0.464,0.789,23.026,1.558
4u0c,44,3,0.8217,0.5544,0.8107,0.6616,0.5522,17.5383,18.8875,PepSet_dimer_output_esmfold2,4u0c,0.501,0.842,18.888,1.524
4u0c,44,4,0.8176,0.5624,0.8071,0.6538,0.5509,14.3982,15.0807,PepSet_dimer_output_esmfold2,4u0c,0.484,0.789,15.081,1.758
4uqy,42,0,0.9542,0.7407,0.944,0.9676,0.849,0.5828,1.1236,PepSet_dimer_output_esmfold2,4uqy,0.911,0.87,1.124,0.555
4uqy,42,1,0.9541,0.7421,0.9439,0.9676,0.852,0.5859,1.5032,PepSet_dimer_output_esmfold2,4uqy,0.887,0.833,1.503,0.613
4uqy,42,2,0.9535,0.7405,0.9433,0.9671,0.8481,0.5587,1.4964,PepSet_dimer_output_esmfold2,4uqy,0.898,0.87,1.496,0.622
4uqy,42,3,0.954,0.7404,0.9437,0.9677,0.8494,0.4667,1.2903,PepSet_dimer_output_esmfold2,4uqy,0.911,0.87,1.29,0.543
4uqy,42,4,0.9525,0.7302,0.9418,0.9668,0.8414,0.4496,1.0757,PepSet_dimer_output_esmfold2,4uqy,0.915,0.852,1.076,0.475
4uqy,43,0,0.9531,0.7371,0.9427,0.9672,0.8452,0.5452,1.109,PepSet_dimer_output_esmfold2,4uqy,0.919,0.87,1.109,0.491
4uqy,43,1,0.9512,0.743,0.9412,0.9668,0.8494,0.5678,1.523,PepSet_dimer_output_esmfold2,4uqy,0.879,0.815,1.523,0.619
4uqy,43,2,0.9543,0.7383,0.9439,0.9675,0.8451,0.4793,1.6477,PepSet_dimer_output_esmfold2,4uqy,0.898,0.889,1.648,0.649
4uqy,43,3,0.9512,0.6344,0.9359,0.9637,0.7622,0.4799,2.5506,PepSet_dimer_output_esmfold2,4uqy,0.754,0.63,2.551,0.946
4uqy,43,4,0.9535,0.7335,0.9429,0.9673,0.8422,0.546,1.3418,PepSet_dimer_output_esmfold2,4uqy,0.909,0.87,1.342,0.555
4uqy,44,0,0.954,0.7427,0.9438,0.9678,0.851,0.5177,1.4955,PepSet_dimer_output_esmfold2,4uqy,0.895,0.852,1.496,0.596
4uqy,44,1,0.9534,0.7385,0.9431,0.9669,0.8457,0.4761,1.2948,PepSet_dimer_output_esmfold2,4uqy,0.899,0.833,1.295,0.538
4uqy,44,2,0.9541,0.7416,0.9438,0.9681,0.85,0.4848,1.1119,PepSet_dimer_output_esmfold2,4uqy,0.913,0.852,1.112,0.49
4uqy,44,3,0.954,0.7392,0.9436,0.9677,0.8523,0.5073,1.2303,PepSet_dimer_output_esmfold2,4uqy,0.9,0.833,1.23,0.536
4uqy,44,4,0.9528,0.7301,0.9421,0.9664,0.839,0.5192,1.3835,PepSet_dimer_output_esmfold2,4uqy,0.908,0.87,1.384,0.558
4x2h,42,0,0.8489,0.8779,0.8498,0.8827,0.9249,13.7904,4.0288,PepSet_dimer_output_esmfold2,4x2h,0.545,0.789,4.029,8.476
4x2h,42,1,0.784,0.2914,0.7691,0.8132,0.1724,13.4454,4.4247,PepSet_dimer_output_esmfold2,4x2h,0.456,0.553,4.425,8.753
4x2h,42,2,0.7937,0.4032,0.7819,0.8262,0.3295,12.7496,4.7367,PepSet_dimer_output_esmfold2,4x2h,0.571,0.921,4.737,8.537
4x2h,42,3,0.8251,0.8748,0.8266,0.8661,0.9299,12.6808,4.2551,PepSet_dimer_output_esmfold2,4x2h,0.584,0.921,4.255,8.471
4x2h,42,4,0.7928,0.3536,0.7795,0.8244,0.2688,12.8221,6.6267,PepSet_dimer_output_esmfold2,4x2h,0.393,0.526,6.627,8.574
4x2h,43,0,0.7702,0.2937,0.7557,0.7995,0.1738,15.12,23.1067,PepSet_dimer_output_esmfold2,4x2h,0.047,0.0,23.107,9.973
4x2h,43,1,0.772,0.2854,0.7573,0.8025,0.1634,15.0245,21.4889,PepSet_dimer_output_esmfold2,4x2h,0.062,0.026,21.489,9.629
4x2h,43,2,0.8463,0.8759,0.8472,0.8824,0.9231,13.7974,4.3182,PepSet_dimer_output_esmfold2,4x2h,0.556,0.842,4.318,8.481
4x2h,43,3,0.7924,0.3233,0.7782,0.8233,0.216,12.9678,3.4194,PepSet_dimer_output_esmfold2,4x2h,0.472,0.526,3.419,8.737
4x2h,43,4,0.8509,0.849,0.8508,0.8822,0.8811,13.3656,4.2576,PepSet_dimer_output_esmfold2,4x2h,0.549,0.816,4.258,8.453
4x2h,44,0,0.7866,0.2369,0.7699,0.8136,0.1086,13.0731,31.2365,PepSet_dimer_output_esmfold2,4x2h,0.029,0.0,31.237,11.115
4x2h,44,1,0.7922,0.3986,0.7803,0.8245,0.3253,12.9545,13.5522,PepSet_dimer_output_esmfold2,4x2h,0.191,0.263,13.552,9.104
4x2h,44,2,0.788,0.3421,0.7745,0.8182,0.2659,13.0288,11.1856,PepSet_dimer_output_esmfold2,4x2h,0.21,0.237,11.186,9.116
4x2h,44,3,0.7646,0.2184,0.7481,0.795,0.084,15.2993,38.4597,PepSet_dimer_output_esmfold2,4x2h,0.021,0.0,38.46,11.568
4x2h,44,4,0.7912,0.3466,0.7777,0.818,0.2611,12.8931,10.5239,PepSet_dimer_output_esmfold2,4x2h,0.237,0.289,10.524,8.965
4x3o,42,0,0.9097,0.8364,0.9084,0.9379,0.9389,1.5227,1.3395,PepSet_dimer_output_esmfold2,4x3o,0.829,1.0,1.339,1.469
4x3o,42,1,0.9091,0.848,0.9081,0.9367,0.9468,2.0532,1.4154,PepSet_dimer_output_esmfold2,4x3o,0.777,1.0,1.415,2.003
4x3o,42,2,0.911,0.8296,0.9096,0.9369,0.939,1.6217,1.3122,PepSet_dimer_output_esmfold2,4x3o,0.828,1.0,1.312,1.479
4x3o,42,3,0.9098,0.841,0.9087,0.9361,0.9451,1.9007,1.8872,PepSet_dimer_output_esmfold2,4x3o,0.795,1.0,1.887,1.718
4x3o,42,4,0.9118,0.8492,0.9108,0.9366,0.9455,1.372,1.4213,PepSet_dimer_output_esmfold2,4x3o,0.849,1.0,1.421,1.295
4x3o,43,0,0.9104,0.8291,0.9091,0.9376,0.9414,1.2176,1.4828,PepSet_dimer_output_esmfold2,4x3o,0.828,0.967,1.483,1.369
4x3o,43,1,0.9098,0.8307,0.9085,0.9366,0.9404,1.1939,1.4941,PepSet_dimer_output_esmfold2,4x3o,0.859,1.0,1.494,1.21
4x3o,43,2,0.9121,0.8443,0.911,0.9392,0.9429,1.3519,0.882,PepSet_dimer_output_esmfold2,4x3o,0.857,1.0,0.882,1.274
4x3o,43,3,0.9088,0.8408,0.9077,0.9361,0.9454,0.952,1.3648,PepSet_dimer_output_esmfold2,4x3o,0.892,1.0,1.365,0.978
4x3o,43,4,0.9111,0.8431,0.91,0.938,0.9444,1.1208,1.2577,PepSet_dimer_output_esmfold2,4x3o,0.865,1.0,1.258,1.181
4x3o,44,0,0.9128,0.8428,0.9116,0.9408,0.9427,1.4942,1.0228,PepSet_dimer_output_esmfold2,4x3o,0.841,1.0,1.023,1.396
4x3o,44,1,0.9106,0.8381,0.9094,0.9391,0.9439,1.3896,1.1955,PepSet_dimer_output_esmfold2,4x3o,0.829,1.0,1.196,1.485
4x3o,44,2,0.9115,0.8452,0.9104,0.9365,0.943,1.4641,1.434,PepSet_dimer_output_esmfold2,4x3o,0.826,1.0,1.434,1.48
4x3o,44,3,0.9018,0.8368,0.9007,0.9213,0.9388,1.8218,1.3718,PepSet_dimer_output_esmfold2,4x3o,0.823,1.0,1.372,1.515
4x3o,44,4,0.9123,0.8414,0.9111,0.9392,0.94,1.6174,1.3148,PepSet_dimer_output_esmfold2,4x3o,0.81,1.0,1.315,1.65
4xc2,42,0,0.8933,0.7091,0.8774,0.9096,0.8108,0.7579,2.9925,PepSet_dimer_output_esmfold2,4xc2,0.748,0.735,2.993,1.177
4xc2,42,1,0.8939,0.7129,0.8782,0.9108,0.8153,0.5686,3.1251,PepSet_dimer_output_esmfold2,4xc2,0.76,0.796,3.125,1.215
4xc2,42,2,0.8926,0.6876,0.8748,0.909,0.8042,0.7594,5.2468,PepSet_dimer_output_esmfold2,4xc2,0.56,0.592,5.247,1.989
4xc2,42,3,0.8919,0.7041,0.8757,0.909,0.8102,0.7195,3.3254,PepSet_dimer_output_esmfold2,4xc2,0.73,0.755,3.325,1.309
4xc2,42,4,0.8915,0.6996,0.8749,0.9093,0.8081,0.7343,2.6029,PepSet_dimer_output_esmfold2,4xc2,0.807,0.837,2.603,1.05
4xc2,43,0,0.8953,0.7049,0.8788,0.9118,0.8076,0.6179,4.3836,PepSet_dimer_output_esmfold2,4xc2,0.665,0.755,4.384,1.661
4xc2,43,1,0.8909,0.703,0.8747,0.9083,0.8054,0.6877,3.4376,PepSet_dimer_output_esmfold2,4xc2,0.74,0.796,3.438,1.318
4xc2,43,2,0.8911,0.6992,0.8745,0.9083,0.8073,0.6713,1.8936,PepSet_dimer_output_esmfold2,4xc2,0.85,0.796,1.894,0.748
4xc2,43,3,0.8915,0.675,0.8728,0.9055,0.8094,0.7774,7.8395,PepSet_dimer_output_esmfold2,4xc2,0.446,0.592,7.839,2.942
4xc2,43,4,0.8922,0.6902,0.8747,0.9085,0.8057,0.6585,2.914,PepSet_dimer_output_esmfold2,4xc2,0.745,0.714,2.914,1.162
4xc2,44,0,0.8934,0.6831,0.8751,0.908,0.811,0.7052,7.1145,PepSet_dimer_output_esmfold2,4xc2,0.5,0.673,7.114,2.687
4xc2,44,1,0.8924,0.704,0.8761,0.9094,0.805,0.6009,2.3443,PepSet_dimer_output_esmfold2,4xc2,0.816,0.796,2.344,0.932
4xc2,44,2,0.8917,0.7113,0.8761,0.9099,0.8059,0.69,3.3209,PepSet_dimer_output_esmfold2,4xc2,0.739,0.776,3.321,1.293
4xc2,44,3,0.8902,0.6826,0.8723,0.9052,0.807,0.7641,7.4557,PepSet_dimer_output_esmfold2,4xc2,0.467,0.612,7.456,2.796
4xc2,44,4,0.8916,0.7101,0.8759,0.9093,0.8008,0.6516,3.2653,PepSet_dimer_output_esmfold2,4xc2,0.749,0.796,3.265,1.275
4xek,42,0,0.8984,0.8247,0.8907,0.9102,0.8671,1.0582,0.9767,PepSet_dimer_output_esmfold2,4xek,0.948,0.944,0.977,0.467
4xek,42,1,0.8992,0.8268,0.8917,0.9109,0.8692,1.2862,1.0364,PepSet_dimer_output_esmfold2,4xek,0.967,1.0,1.036,0.453
4xek,42,2,0.9004,0.827,0.8927,0.9127,0.8691,0.9569,0.625,PepSet_dimer_output_esmfold2,4xek,0.972,0.972,0.625,0.349
4xek,42,3,0.8958,0.8257,0.8885,0.909,0.8695,1.2169,0.8267,PepSet_dimer_output_esmfold2,4xek,0.953,0.944,0.827,0.427
4xek,42,4,0.8912,0.8132,0.883,0.9018,0.8555,1.7804,1.117,PepSet_dimer_output_esmfold2,4xek,0.936,0.944,1.117,0.549
4xek,43,0,0.9007,0.8306,0.8934,0.912,0.8727,1.4317,0.6349,PepSet_dimer_output_esmfold2,4xek,0.964,0.944,0.635,0.328
4xek,43,1,0.8924,0.8193,0.8848,0.9068,0.8617,0.9579,3.1316,PepSet_dimer_output_esmfold2,4xek,0.748,0.861,3.132,1.493
4xek,43,2,0.8983,0.8124,0.8893,0.9084,0.8494,1.1067,2.1541,PepSet_dimer_output_esmfold2,4xek,0.828,0.861,2.154,1.019
4xek,43,3,0.9013,0.8307,0.8939,0.9122,0.8728,1.4566,0.7246,PepSet_dimer_output_esmfold2,4xek,0.959,0.944,0.725,0.383
4xek,43,4,0.8937,0.8174,0.8857,0.9062,0.8622,0.9958,1.1209,PepSet_dimer_output_esmfold2,4xek,0.948,0.944,1.121,0.448
4xek,44,0,0.8917,0.8157,0.8838,0.903,0.8607,2.7156,1.7276,PepSet_dimer_output_esmfold2,4xek,0.929,0.972,1.728,0.62
4xek,44,1,0.89,0.8186,0.8826,0.9006,0.8638,2.1974,1.2555,PepSet_dimer_output_esmfold2,4xek,0.942,0.972,1.256,0.568
4xek,44,2,0.8974,0.8156,0.8889,0.9092,0.8566,1.5203,2.9709,PepSet_dimer_output_esmfold2,4xek,0.773,0.889,2.971,1.388
4xek,44,3,0.8996,0.8281,0.8921,0.9108,0.8706,1.3256,0.747,PepSet_dimer_output_esmfold2,4xek,0.961,0.944,0.747,0.359
4xek,44,4,0.9023,0.8228,0.894,0.9125,0.8653,1.3545,0.9091,PepSet_dimer_output_esmfold2,4xek,0.962,0.972,0.909,0.427
4yje,42,0,0.9508,0.7827,0.946,0.9693,0.8863,1.2501,2.0911,PepSet_dimer_output_esmfold2,4yje,0.823,0.755,2.091,0.818
4yje,42,1,0.9363,0.3325,0.9188,0.9506,0.4234,1.1969,2.4202,PepSet_dimer_output_esmfold2,4yje,0.826,0.796,2.42,0.848
4yje,42,2,0.9517,0.7814,0.9468,0.9696,0.8806,1.1089,2.5713,PepSet_dimer_output_esmfold2,4yje,0.826,0.816,2.571,0.879
4yje,42,3,0.9522,0.7986,0.9478,0.9702,0.897,1.0697,2.5668,PepSet_dimer_output_esmfold2,4yje,0.826,0.816,2.567,0.874
4yje,42,4,0.952,0.7977,0.9475,0.9697,0.8971,1.2052,2.6274,PepSet_dimer_output_esmfold2,4yje,0.821,0.816,2.627,0.901
4yje,43,0,0.952,0.796,0.9475,0.97,0.8968,1.1202,2.4965,PepSet_dimer_output_esmfold2,4yje,0.829,0.816,2.497,0.863
4yje,43,1,0.9512,0.7629,0.9457,0.969,0.8663,1.1306,2.4088,PepSet_dimer_output_esmfold2,4yje,0.821,0.776,2.409,0.84
4yje,43,2,0.9515,0.7862,0.9467,0.9697,0.8894,1.0105,2.1462,PepSet_dimer_output_esmfold2,4yje,0.861,0.837,2.146,0.737
4yje,43,3,0.9518,0.7952,0.9473,0.9694,0.895,1.1115,2.5587,PepSet_dimer_output_esmfold2,4yje,0.82,0.796,2.559,0.871
4yje,43,4,0.9515,0.799,0.9471,0.9699,0.895,1.1139,2.9087,PepSet_dimer_output_esmfold2,4yje,0.797,0.796,2.909,0.981
4yje,44,0,0.9515,0.798,0.9471,0.97,0.8942,1.1496,2.223,PepSet_dimer_output_esmfold2,4yje,0.848,0.837,2.223,0.816
4yje,44,1,0.952,0.7965,0.9475,0.9698,0.8937,1.1109,2.4567,PepSet_dimer_output_esmfold2,4yje,0.827,0.796,2.457,0.838
4yje,44,2,0.9512,0.7934,0.9466,0.969,0.8946,1.1889,2.5781,PepSet_dimer_output_esmfold2,4yje,0.818,0.816,2.578,0.933
4yje,44,3,0.9519,0.8002,0.9475,0.9703,0.896,1.1357,2.6485,PepSet_dimer_output_esmfold2,4yje,0.816,0.816,2.648,0.935
4yje,44,4,0.952,0.8034,0.9477,0.9699,0.8996,1.1762,2.6235,PepSet_dimer_output_esmfold2,4yje,0.826,0.816,2.624,0.868
4z2o,42,0,0.8898,0.3503,0.8468,0.8832,0.2373,0.6021,5.9961,PepSet_dimer_output_esmfold2,4z2o,0.43,0.356,5.996,2.483
4z2o,42,1,0.9084,0.6229,0.8856,0.9116,0.6014,0.6273,12.524,PepSet_dimer_output_esmfold2,4z2o,0.138,0.022,12.524,5.239
4z2o,42,2,0.91,0.6231,0.8871,0.9127,0.5966,0.5775,12.6496,PepSet_dimer_output_esmfold2,4z2o,0.136,0.022,12.65,5.27
4z2o,42,3,0.8888,0.3593,0.8466,0.8829,0.2435,0.6333,6.5187,PepSet_dimer_output_esmfold2,4z2o,0.411,0.378,6.519,2.779
4z2o,42,4,0.8924,0.4696,0.8587,0.889,0.4047,0.6367,15.5652,PepSet_dimer_output_esmfold2,4z2o,0.17,0.222,15.565,6.076
4z2o,43,0,0.9098,0.6127,0.8861,0.9115,0.5837,0.6798,12.571,PepSet_dimer_output_esmfold2,4z2o,0.137,0.022,12.571,5.258
4z2o,43,1,0.888,0.3541,0.8454,0.8791,0.227,0.7135,14.0175,PepSet_dimer_output_esmfold2,4z2o,0.147,0.111,14.017,5.891
4z2o,43,2,0.9077,0.5795,0.8816,0.909,0.5351,0.6353,12.4552,PepSet_dimer_output_esmfold2,4z2o,0.139,0.022,12.455,5.217
4z2o,43,3,0.8921,0.3651,0.8501,0.8835,0.2549,0.622,13.8013,PepSet_dimer_output_esmfold2,4z2o,0.165,0.156,13.801,5.775
4z2o,43,4,0.8893,0.3494,0.8463,0.8801,0.2258,0.6638,6.2092,PepSet_dimer_output_esmfold2,4z2o,0.506,0.622,6.209,2.65
4z2o,44,0,0.8881,0.3859,0.8481,0.8813,0.2608,0.6193,11.9963,PepSet_dimer_output_esmfold2,4z2o,0.193,0.156,11.996,4.806
4z2o,44,1,0.9059,0.5997,0.8815,0.9101,0.5709,0.5739,12.448,PepSet_dimer_output_esmfold2,4z2o,0.139,0.022,12.448,5.198
4z2o,44,2,0.906,0.5926,0.881,0.9078,0.556,0.6908,12.5151,PepSet_dimer_output_esmfold2,4z2o,0.138,0.022,12.515,5.216
4z2o,44,3,0.9067,0.5712,0.8799,0.9074,0.5279,0.6536,12.6123,PepSet_dimer_output_esmfold2,4z2o,0.136,0.022,12.612,5.299
4z2o,44,4,0.8903,0.3674,0.8486,0.8847,0.2397,0.6917,11.9266,PepSet_dimer_output_esmfold2,4z2o,0.233,0.267,11.927,4.597
4zoz,42,0,0.9567,0.8665,0.954,0.9768,0.9554,1.0246,0.6963,PepSet_dimer_output_esmfold2,4zoz,0.938,0.898,0.696,0.434
4zoz,42,1,0.9567,0.8668,0.9541,0.9769,0.956,1.024,1.2433,PepSet_dimer_output_esmfold2,4zoz,0.915,0.898,1.243,0.588
4zoz,42,2,0.9563,0.8674,0.9536,0.9765,0.956,1.0117,1.4774,PepSet_dimer_output_esmfold2,4zoz,0.896,0.857,1.477,0.607
4zoz,42,3,0.957,0.8683,0.9544,0.9768,0.9565,1.0073,1.4585,PepSet_dimer_output_esmfold2,4zoz,0.901,0.878,1.459,0.617
4zoz,42,4,0.9568,0.872,0.9543,0.9768,0.9582,1.0253,1.5274,PepSet_dimer_output_esmfold2,4zoz,0.897,0.878,1.527,0.641
4zoz,43,0,0.957,0.8722,0.9545,0.977,0.9582,1.0147,1.5427,PepSet_dimer_output_esmfold2,4zoz,0.901,0.898,1.543,0.662
4zoz,43,1,0.9556,0.8607,0.9528,0.9762,0.9543,1.0119,1.4486,PepSet_dimer_output_esmfold2,4zoz,0.914,0.898,1.449,0.574
4zoz,43,2,0.9565,0.8519,0.9534,0.9765,0.9454,1.0168,1.267,PepSet_dimer_output_esmfold2,4zoz,0.917,0.898,1.267,0.57
4zoz,43,3,0.9576,0.8725,0.955,0.9773,0.9581,1.0205,1.306,PepSet_dimer_output_esmfold2,4zoz,0.914,0.898,1.306,0.587
4zoz,43,4,0.9551,0.8559,0.9522,0.976,0.9482,1.0063,1.6266,PepSet_dimer_output_esmfold2,4zoz,0.912,0.918,1.627,0.625
4zoz,44,0,0.9563,0.8679,0.9537,0.9768,0.9561,1.0279,1.1712,PepSet_dimer_output_esmfold2,4zoz,0.921,0.898,1.171,0.542
4zoz,44,1,0.9563,0.8673,0.9536,0.9766,0.956,1.0116,1.4156,PepSet_dimer_output_esmfold2,4zoz,0.912,0.898,1.416,0.594
4zoz,44,2,0.9569,0.8669,0.9542,0.9769,0.9537,1.0291,1.5583,PepSet_dimer_output_esmfold2,4zoz,0.906,0.898,1.558,0.624
4zoz,44,3,0.9552,0.868,0.9526,0.9763,0.957,1.0212,1.3858,PepSet_dimer_output_esmfold2,4zoz,0.906,0.878,1.386,0.587
4zoz,44,4,0.9553,0.8631,0.9526,0.9764,0.9517,1.0499,1.2404,PepSet_dimer_output_esmfold2,4zoz,0.911,0.878,1.24,0.56
5bs2,42,0,0.87,0.4146,0.8471,0.8172,0.2691,1.5514,22.906,PepSet_dimer_output_esmfold2,5bs2,0.057,0.0,22.906,6.523
5bs2,42,1,0.8672,0.4217,0.8448,0.816,0.2612,1.9021,21.9826,PepSet_dimer_output_esmfold2,5bs2,0.062,0.0,21.983,6.126
5bs2,42,2,0.8695,0.4264,0.8472,0.8134,0.2705,1.8228,22.445,PepSet_dimer_output_esmfold2,5bs2,0.06,0.0,22.445,6.276
5bs2,42,3,0.8767,0.4313,0.8543,0.8232,0.2618,2.0377,19.3163,PepSet_dimer_output_esmfold2,5bs2,0.079,0.0,19.316,5.318
5bs2,42,4,0.869,0.4292,0.8468,0.8163,0.2569,1.395,18.9738,PepSet_dimer_output_esmfold2,5bs2,0.08,0.0,18.974,5.36
5bs2,43,0,0.8727,0.4085,0.8493,0.8202,0.2356,1.9363,21.305,PepSet_dimer_output_esmfold2,5bs2,0.066,0.0,21.305,5.891
5bs2,43,1,0.8709,0.4188,0.8481,0.8182,0.2531,1.8884,20.8144,PepSet_dimer_output_esmfold2,5bs2,0.069,0.0,20.814,5.719
5bs2,43,2,0.8697,0.43,0.8476,0.818,0.2731,1.8546,22.9425,PepSet_dimer_output_esmfold2,5bs2,0.057,0.0,22.942,6.562
5bs2,43,3,0.8712,0.4218,0.8485,0.8127,0.2449,1.292,19.2044,PepSet_dimer_output_esmfold2,5bs2,0.078,0.0,19.204,5.452
5bs2,43,4,0.8676,0.4019,0.8441,0.8128,0.1983,1.8599,21.2384,PepSet_dimer_output_esmfold2,5bs2,0.065,0.0,21.238,6.039
5bs2,44,0,0.877,0.3018,0.848,0.8211,0.0864,1.8623,7.0686,PepSet_dimer_output_esmfold2,5bs2,0.43,0.368,7.069,2.131
5bs2,44,1,0.8716,0.432,0.8494,0.8183,0.2659,1.3228,22.23,PepSet_dimer_output_esmfold2,5bs2,0.06,0.0,22.23,6.448
5bs2,44,2,0.868,0.3946,0.8442,0.8088,0.1959,2.3391,20.8946,PepSet_dimer_output_esmfold2,5bs2,0.067,0.0,20.895,5.993
5bs2,44,3,0.8693,0.3976,0.8455,0.8147,0.1878,1.6232,16.6336,PepSet_dimer_output_esmfold2,5bs2,0.101,0.0,16.634,4.603
5bs2,44,4,0.8715,0.386,0.847,0.8137,0.1767,1.7262,17.2916,PepSet_dimer_output_esmfold2,5bs2,0.132,0.105,17.292,4.629
5crw,42,0,0.9466,0.7673,0.9388,0.7293,0.8856,5.8792,8.5356,PepSet_dimer_output_esmfold2,5crw,0.676,0.862,8.536,1.061
5crw,42,1,0.9416,0.7362,0.9327,0.7161,0.8755,3.0287,3.4613,PepSet_dimer_output_esmfold2,5crw,0.796,0.862,3.461,1.054
5crw,42,2,0.9445,0.746,0.9359,0.7625,0.8794,4.9064,6.28,PepSet_dimer_output_esmfold2,5crw,0.735,0.862,6.28,0.991
5crw,42,3,0.9389,0.7332,0.9299,0.6757,0.8729,2.811,3.0812,PepSet_dimer_output_esmfold2,5crw,0.827,0.897,3.081,0.983
5crw,42,4,0.9458,0.758,0.9377,0.7497,0.8811,5.3736,6.495,PepSet_dimer_output_esmfold2,5crw,0.738,0.897,6.495,1.018
5crw,43,0,0.9449,0.7527,0.9366,0.7498,0.8816,5.0134,5.7048,PepSet_dimer_output_esmfold2,5crw,0.757,0.897,5.705,1.015
5crw,43,1,0.9398,0.7327,0.9308,0.7254,0.8728,4.4789,5.7193,PepSet_dimer_output_esmfold2,5crw,0.751,0.897,5.719,1.056
5crw,43,2,0.9441,0.737,0.9351,0.7524,0.8724,4.5133,4.5935,PepSet_dimer_output_esmfold2,5crw,0.787,0.897,4.594,1.005
5crw,43,3,0.9441,0.7346,0.935,0.7605,0.8664,4.8773,5.9118,PepSet_dimer_output_esmfold2,5crw,0.734,0.862,5.912,1.061
5crw,43,4,0.9442,0.7422,0.9355,0.755,0.8786,3.9943,4.8241,PepSet_dimer_output_esmfold2,5crw,0.781,0.897,4.824,1.004
5crw,44,0,0.9437,0.7466,0.9351,0.7608,0.8787,4.6835,4.9601,PepSet_dimer_output_esmfold2,5crw,0.772,0.897,4.96,1.048
5crw,44,1,0.9424,0.7437,0.9338,0.748,0.8786,4.0163,4.1164,PepSet_dimer_output_esmfold2,5crw,0.787,0.862,4.116,1.007
5crw,44,2,0.9448,0.7478,0.9363,0.7634,0.8785,4.7513,6.1426,PepSet_dimer_output_esmfold2,5crw,0.723,0.862,6.143,1.104
5crw,44,3,0.946,0.7579,0.9378,0.7416,0.8815,5.0561,6.3267,PepSet_dimer_output_esmfold2,5crw,0.743,0.897,6.327,1.009
5crw,44,4,0.9468,0.7613,0.9388,0.7279,0.8792,6.3956,7.8917,PepSet_dimer_output_esmfold2,5crw,0.705,0.897,7.892,1.023
5d94,42,0,0.8709,0.8104,0.8653,0.8992,0.8419,1.9264,1.208,PepSet_dimer_output_esmfold2,5d94,0.865,0.812,1.208,0.742
5d94,42,1,0.8725,0.8242,0.8681,0.9025,0.8603,1.9683,0.9638,PepSet_dimer_output_esmfold2,5d94,0.892,0.854,0.964,0.67
5d94,42,2,0.8683,0.8238,0.8642,0.8984,0.8613,1.8374,0.9614,PepSet_dimer_output_esmfold2,5d94,0.902,0.875,0.961,0.644
5d94,42,3,0.8711,0.8279,0.8671,0.9009,0.8621,1.9603,1.1846,PepSet_dimer_output_esmfold2,5d94,0.883,0.854,1.185,0.717
5d94,42,4,0.8671,0.8196,0.8627,0.8961,0.8555,2.1359,0.9519,PepSet_dimer_output_esmfold2,5d94,0.914,0.896,0.952,0.609
5d94,43,0,0.8704,0.827,0.8664,0.8988,0.863,2.2575,0.8747,PepSet_dimer_output_esmfold2,5d94,0.903,0.875,0.875,0.646
5d94,43,1,0.8689,0.8202,0.8644,0.8967,0.8523,2.023,0.9465,PepSet_dimer_output_esmfold2,5d94,0.909,0.875,0.947,0.594
5d94,43,2,0.8696,0.8173,0.8648,0.897,0.8514,1.6718,1.2635,PepSet_dimer_output_esmfold2,5d94,0.881,0.833,1.264,0.676
5d94,43,3,0.8682,0.8169,0.8635,0.8968,0.8485,2.0485,0.7011,PepSet_dimer_output_esmfold2,5d94,0.916,0.875,0.701,0.556
5d94,43,4,0.8683,0.8193,0.8638,0.8986,0.8563,1.8012,1.1181,PepSet_dimer_output_esmfold2,5d94,0.897,0.875,1.118,0.67
5d94,44,0,0.8684,0.8269,0.8646,0.8965,0.8633,1.6211,0.9551,PepSet_dimer_output_esmfold2,5d94,0.898,0.875,0.955,0.675
5d94,44,1,0.8681,0.8173,0.8635,0.8966,0.8527,1.7774,0.8724,PepSet_dimer_output_esmfold2,5d94,0.906,0.875,0.872,0.624
5d94,44,2,0.8677,0.8215,0.8635,0.8981,0.858,1.7752,1.2164,PepSet_dimer_output_esmfold2,5d94,0.891,0.875,1.216,0.71
5d94,44,3,0.8663,0.8262,0.8626,0.8943,0.8596,1.6967,1.1872,PepSet_dimer_output_esmfold2,5d94,0.882,0.854,1.187,0.725
5d94,44,4,0.8701,0.8253,0.866,0.9004,0.8588,2.1059,1.2209,PepSet_dimer_output_esmfold2,5d94,0.884,0.875,1.221,0.754
5dai,42,0,0.9205,0.8599,0.9184,0.936,0.9583,0.5683,0.8903,PepSet_dimer_output_esmfold2,5dai,0.955,0.977,0.89,0.505
5dai,42,1,0.9204,0.8599,0.9183,0.9316,0.9574,0.6857,0.7752,PepSet_dimer_output_esmfold2,5dai,0.947,1.0,0.775,0.63
5dai,42,2,0.9208,0.8556,0.9185,0.9362,0.9549,0.5916,0.7649,PepSet_dimer_output_esmfold2,5dai,0.942,1.0,0.765,0.669
5dai,42,3,0.92,0.857,0.9177,0.9357,0.9577,0.5598,0.8059,PepSet_dimer_output_esmfold2,5dai,0.938,0.953,0.806,0.585
5dai,42,4,0.922,0.8573,0.9198,0.937,0.9574,0.4987,0.5329,PepSet_dimer_output_esmfold2,5dai,0.952,0.977,0.533,0.543
5dai,43,0,0.9212,0.8569,0.919,0.9357,0.9564,0.6047,0.4425,PepSet_dimer_output_esmfold2,5dai,0.952,1.0,0.443,0.607
5dai,43,1,0.9196,0.8597,0.9175,0.9286,0.9584,0.7439,0.8052,PepSet_dimer_output_esmfold2,5dai,0.943,1.0,0.805,0.657
5dai,43,2,0.9207,0.8592,0.9185,0.9365,0.9589,0.5462,0.6405,PepSet_dimer_output_esmfold2,5dai,0.952,1.0,0.64,0.602
5dai,43,3,0.9213,0.8588,0.9191,0.9343,0.9583,0.5356,0.678,PepSet_dimer_output_esmfold2,5dai,0.956,1.0,0.678,0.568
5dai,43,4,0.9215,0.8566,0.9192,0.9374,0.956,0.5382,0.7321,PepSet_dimer_output_esmfold2,5dai,0.947,1.0,0.732,0.635
5dai,44,0,0.919,0.8606,0.917,0.9357,0.9584,0.6403,0.7431,PepSet_dimer_output_esmfold2,5dai,0.935,0.977,0.743,0.666
5dai,44,1,0.9208,0.852,0.9184,0.9343,0.9549,0.606,0.6828,PepSet_dimer_output_esmfold2,5dai,0.953,1.0,0.683,0.589
5dai,44,2,0.9207,0.858,0.9185,0.9354,0.9574,0.5485,0.6494,PepSet_dimer_output_esmfold2,5dai,0.957,1.0,0.649,0.558
5dai,44,3,0.9194,0.859,0.9173,0.9328,0.9572,0.6181,0.6622,PepSet_dimer_output_esmfold2,5dai,0.951,1.0,0.662,0.61
5dai,44,4,0.9204,0.8575,0.9182,0.9362,0.9581,0.5307,0.6127,PepSet_dimer_output_esmfold2,5dai,0.941,0.953,0.613,0.568
5di8,42,0,0.9569,0.9538,0.9567,0.9462,0.9789,0.8783,0.8164,PepSet_dimer_output_esmfold2,5di8,0.975,1.0,0.816,0.398
5di8,42,1,0.9566,0.9532,0.9564,0.9431,0.9787,1.0098,1.0567,PepSet_dimer_output_esmfold2,5di8,0.968,1.0,1.057,0.446
5di8,42,2,0.9562,0.9535,0.956,0.9465,0.9791,0.9276,0.798,PepSet_dimer_output_esmfold2,5di8,0.97,1.0,0.798,0.444
5di8,42,3,0.9565,0.9534,0.9563,0.9476,0.9787,0.863,0.7281,PepSet_dimer_output_esmfold2,5di8,0.975,1.0,0.728,0.408
5di8,42,4,0.9564,0.9542,0.9563,0.9461,0.9789,0.7293,0.72,PepSet_dimer_output_esmfold2,5di8,0.976,1.0,0.72,0.395
5di8,43,0,0.9557,0.9503,0.9554,0.9468,0.9751,0.7556,0.7104,PepSet_dimer_output_esmfold2,5di8,0.977,1.0,0.71,0.386
5di8,43,1,0.9562,0.9545,0.9561,0.944,0.9792,0.822,0.6326,PepSet_dimer_output_esmfold2,5di8,0.979,1.0,0.633,0.372
5di8,43,2,0.9566,0.9543,0.9565,0.9472,0.9793,0.7173,0.5959,PepSet_dimer_output_esmfold2,5di8,0.98,1.0,0.596,0.361
5di8,43,3,0.9555,0.9508,0.9552,0.9458,0.9785,0.7767,0.682,PepSet_dimer_output_esmfold2,5di8,0.975,1.0,0.682,0.407
5di8,43,4,0.9561,0.9538,0.956,0.9473,0.9789,0.8496,0.7915,PepSet_dimer_output_esmfold2,5di8,0.969,1.0,0.791,0.458
5di8,44,0,0.9566,0.9545,0.9564,0.9477,0.9794,0.7952,0.7587,PepSet_dimer_output_esmfold2,5di8,0.975,1.0,0.759,0.407
5di8,44,1,0.9568,0.9521,0.9566,0.9441,0.9782,0.9828,0.9463,PepSet_dimer_output_esmfold2,5di8,0.97,1.0,0.946,0.433
5di8,44,2,0.9559,0.9537,0.9557,0.9413,0.9787,0.6468,0.6863,PepSet_dimer_output_esmfold2,5di8,0.979,1.0,0.686,0.364
5di8,44,3,0.9562,0.954,0.9561,0.9461,0.9791,0.7957,0.6429,PepSet_dimer_output_esmfold2,5di8,0.977,1.0,0.643,0.389
5di8,44,4,0.9564,0.9541,0.9562,0.9467,0.9793,0.7975,0.8784,PepSet_dimer_output_esmfold2,5di8,0.973,1.0,0.878,0.415
5efi,42,0,0.9172,0.3174,0.8828,0.869,0.2732,1.1747,16.7665,PepSet_dimer_output_esmfold2,5efi,0.109,0.078,16.767,6.966
5efi,42,1,0.8961,0.311,0.8626,0.8653,0.2567,1.3492,10.3403,PepSet_dimer_output_esmfold2,5efi,0.264,0.275,10.34,4.206
5efi,42,2,0.9165,0.334,0.8831,0.8854,0.3245,1.3417,5.9788,PepSet_dimer_output_esmfold2,5efi,0.405,0.294,5.979,2.594
5efi,42,3,0.9134,0.3039,0.8784,0.8825,0.2685,1.1768,18.8433,PepSet_dimer_output_esmfold2,5efi,0.101,0.098,18.843,7.689
5efi,42,4,0.9119,0.3065,0.8771,0.8761,0.2745,1.2739,9.4951,PepSet_dimer_output_esmfold2,5efi,0.323,0.392,9.495,3.822
5efi,43,0,0.9038,0.3069,0.8696,0.8672,0.2676,1.1547,10.9381,PepSet_dimer_output_esmfold2,5efi,0.226,0.196,10.938,4.369
5efi,43,1,0.9128,0.3454,0.8803,0.8809,0.3455,1.1388,5.9507,PepSet_dimer_output_esmfold2,5efi,0.43,0.353,5.951,2.483
5efi,43,2,0.9068,0.3251,0.8735,0.8745,0.3307,1.3878,7.3588,PepSet_dimer_output_esmfold2,5efi,0.378,0.373,7.359,3.101
5efi,43,3,0.9171,0.3221,0.883,0.8846,0.2963,1.3065,2.4358,PepSet_dimer_output_esmfold2,5efi,0.661,0.569,2.436,1.534
5efi,43,4,0.9147,0.3145,0.8802,0.8788,0.2802,1.3512,16.9835,PepSet_dimer_output_esmfold2,5efi,0.12,0.118,16.984,7.066
5efi,44,0,0.9166,0.3173,0.8823,0.8834,0.2753,1.2669,8.6129,PepSet_dimer_output_esmfold2,5efi,0.266,0.137,8.613,3.342
5efi,44,1,0.9153,0.3424,0.8824,0.8876,0.3488,1.3333,4.5791,PepSet_dimer_output_esmfold2,5efi,0.513,0.431,4.579,2.123
5efi,44,2,0.9164,0.332,0.8829,0.8842,0.3261,1.4437,7.0642,PepSet_dimer_output_esmfold2,5efi,0.428,0.471,7.064,2.813
5efi,44,3,0.9155,0.3178,0.8812,0.8838,0.3299,1.272,7.16,PepSet_dimer_output_esmfold2,5efi,0.385,0.373,7.16,3.028
5efi,44,4,0.9093,0.2881,0.8737,0.878,0.2598,1.2058,19.0002,PepSet_dimer_output_esmfold2,5efi,0.073,0.02,19.0,7.993
5ei3,42,0,0.9261,0.9032,0.9245,0.945,0.966,1.1307,0.5439,PepSet_dimer_output_esmfold2,5ei3,0.968,0.949,0.544,0.308
5ei3,42,1,0.9271,0.904,0.9255,0.9473,0.9667,0.6743,0.5799,PepSet_dimer_output_esmfold2,5ei3,0.972,0.974,0.58,0.36
5ei3,42,2,0.9249,0.9022,0.9234,0.9454,0.9655,0.7422,0.7072,PepSet_dimer_output_esmfold2,5ei3,0.97,0.974,0.707,0.369
5ei3,42,3,0.9261,0.9027,0.9245,0.9456,0.9665,0.8516,0.5708,PepSet_dimer_output_esmfold2,5ei3,0.975,0.974,0.571,0.322
5ei3,42,4,0.9253,0.9031,0.9238,0.9461,0.9665,0.6094,0.721,PepSet_dimer_output_esmfold2,5ei3,0.97,1.0,0.721,0.447
5ei3,43,0,0.9266,0.902,0.9249,0.9442,0.9658,1.0056,0.5382,PepSet_dimer_output_esmfold2,5ei3,0.982,1.0,0.538,0.34
5ei3,43,1,0.9255,0.9036,0.924,0.9455,0.9668,0.5764,0.566,PepSet_dimer_output_esmfold2,5ei3,0.962,0.949,0.566,0.371
5ei3,43,2,0.9264,0.9017,0.9247,0.9463,0.9646,0.7609,0.8276,PepSet_dimer_output_esmfold2,5ei3,0.977,1.0,0.828,0.374
5ei3,43,3,0.9254,0.9015,0.9237,0.9453,0.9643,0.9609,0.9824,PepSet_dimer_output_esmfold2,5ei3,0.954,0.974,0.982,0.495
5ei3,43,4,0.9256,0.9029,0.9241,0.9455,0.9658,0.8434,0.7767,PepSet_dimer_output_esmfold2,5ei3,0.971,0.974,0.777,0.356
5ei3,44,0,0.9259,0.9029,0.9243,0.9459,0.9659,0.9008,0.8259,PepSet_dimer_output_esmfold2,5ei3,0.968,0.974,0.826,0.379
5ei3,44,1,0.9266,0.9023,0.9249,0.946,0.9653,0.8295,0.817,PepSet_dimer_output_esmfold2,5ei3,0.973,1.0,0.817,0.416
5ei3,44,2,0.9252,0.9022,0.9236,0.9446,0.9661,0.6745,0.4947,PepSet_dimer_output_esmfold2,5ei3,0.969,0.974,0.495,0.396
5ei3,44,3,0.9242,0.9047,0.9228,0.9452,0.967,0.8122,0.8451,PepSet_dimer_output_esmfold2,5ei3,0.98,1.0,0.845,0.348
5ei3,44,4,0.9251,0.9035,0.9236,0.9455,0.966,1.45,0.9663,PepSet_dimer_output_esmfold2,5ei3,0.976,1.0,0.966,0.376
5fml,42,0,0.6361,0.334,0.6094,0.6461,0.1997,5.2066,24.3935,PepSet_dimer_output_esmfold2,5fml,0.044,0.0,24.394,9.432
5fml,42,1,0.6445,0.3368,0.6173,0.6549,0.1757,7.0809,24.7072,PepSet_dimer_output_esmfold2,5fml,0.043,0.0,24.707,9.897
5fml,42,2,0.6864,0.3751,0.6589,0.689,0.2577,5.2191,35.8394,PepSet_dimer_output_esmfold2,5fml,0.022,0.0,35.839,13.989
5fml,42,3,0.6859,0.3911,0.6599,0.6879,0.2709,5.9847,35.532,PepSet_dimer_output_esmfold2,5fml,0.022,0.0,35.532,13.841
5fml,42,4,0.6703,0.3566,0.6426,0.6812,0.2272,8.0518,37.3837,PepSet_dimer_output_esmfold2,5fml,0.02,0.0,37.384,15.092
5fml,43,0,0.6909,0.3536,0.6611,0.6899,0.1872,7.7664,26.0087,PepSet_dimer_output_esmfold2,5fml,0.038,0.0,26.009,10.779
5fml,43,1,0.6958,0.4128,0.6708,0.7006,0.3239,7.3793,36.9835,PepSet_dimer_output_esmfold2,5fml,0.02,0.0,36.984,14.695
5fml,43,2,0.6966,0.3991,0.6703,0.7018,0.2872,6.2715,36.2947,PepSet_dimer_output_esmfold2,5fml,0.021,0.0,36.295,14.364
5fml,43,3,0.667,0.3534,0.6393,0.6782,0.226,6.6107,35.4331,PepSet_dimer_output_esmfold2,5fml,0.022,0.0,35.433,14.101
5fml,43,4,0.8422,0.3604,0.7996,0.8478,0.2175,1.5062,24.316,PepSet_dimer_output_esmfold2,5fml,0.045,0.0,24.316,9.385
5fml,44,0,0.6793,0.3459,0.6498,0.6746,0.2143,5.9756,36.4975,PepSet_dimer_output_esmfold2,5fml,0.021,0.0,36.497,14.435
5fml,44,1,0.8315,0.3407,0.7881,0.8403,0.2254,1.5457,24.7752,PepSet_dimer_output_esmfold2,5fml,0.043,0.0,24.775,9.571
5fml,44,2,0.6907,0.3695,0.6623,0.6955,0.2534,6.8783,36.9512,PepSet_dimer_output_esmfold2,5fml,0.02,0.0,36.951,14.658
5fml,44,3,0.6549,0.3069,0.6241,0.6505,0.0762,6.613,22.9804,PepSet_dimer_output_esmfold2,5fml,0.049,0.0,22.98,8.852
5fml,44,4,0.68,0.368,0.6524,0.6776,0.2365,6.8475,36.8025,PepSet_dimer_output_esmfold2,5fml,0.02,0.0,36.802,14.524
5fpx,42,0,0.8851,0.368,0.853,0.8757,0.2574,1.285,4.436,PepSet_dimer_output_esmfold2,5fpx,0.604,0.488,4.436,1.393
5fpx,42,1,0.8902,0.3974,0.8597,0.8824,0.3129,1.2992,4.9136,PepSet_dimer_output_esmfold2,5fpx,0.538,0.372,4.914,1.522
5fpx,42,2,0.8899,0.3862,0.8587,0.8806,0.2863,1.2655,5.2046,PepSet_dimer_output_esmfold2,5fpx,0.521,0.372,5.205,1.611
5fpx,42,3,0.8913,0.304,0.8549,0.8776,0.1953,1.2538,11.1725,PepSet_dimer_output_esmfold2,5fpx,0.197,0.047,11.173,3.241
5fpx,42,4,0.8859,0.3349,0.8518,0.874,0.2135,1.322,13.1957,PepSet_dimer_output_esmfold2,5fpx,0.178,0.116,13.196,3.978
5fpx,43,0,0.8867,0.392,0.856,0.8776,0.2959,1.2768,4.3688,PepSet_dimer_output_esmfold2,5fpx,0.579,0.419,4.369,1.417
5fpx,43,1,0.8908,0.3891,0.8597,0.8817,0.3017,1.2285,5.9224,PepSet_dimer_output_esmfold2,5fpx,0.488,0.372,5.922,1.77
5fpx,43,2,0.8921,0.3836,0.8606,0.8826,0.2892,1.3465,6.2586,PepSet_dimer_output_esmfold2,5fpx,0.49,0.442,6.259,1.917
5fpx,43,3,0.8881,0.35,0.8548,0.8786,0.252,1.2374,10.8333,PepSet_dimer_output_esmfold2,5fpx,0.215,0.093,10.833,3.299
5fpx,43,4,0.8902,0.3612,0.8574,0.881,0.2552,1.3548,9.3927,PepSet_dimer_output_esmfold2,5fpx,0.318,0.279,9.393,2.779
5fpx,44,0,0.8882,0.3262,0.8534,0.8772,0.2172,1.2629,12.657,PepSet_dimer_output_esmfold2,5fpx,0.18,0.093,12.657,3.798
5fpx,44,1,0.8909,0.3868,0.8596,0.8821,0.2911,1.38,6.765,PepSet_dimer_output_esmfold2,5fpx,0.414,0.279,6.765,2.047
5fpx,44,2,0.8904,0.3867,0.8592,0.8823,0.2944,1.2817,5.9442,PepSet_dimer_output_esmfold2,5fpx,0.438,0.233,5.944,1.795
5fpx,44,3,0.8931,0.3905,0.862,0.8846,0.2957,1.3076,6.4009,PepSet_dimer_output_esmfold2,5fpx,0.439,0.302,6.401,1.926
5fpx,44,4,0.8892,0.3487,0.8557,0.8803,0.2498,1.3116,9.9815,PepSet_dimer_output_esmfold2,5fpx,0.259,0.163,9.981,3.053
5fv6,42,0,0.5618,0.2932,0.5502,0.5862,0.1914,7.7792,22.5634,PepSet_dimer_output_esmfold2,5fv6,0.105,0.15,22.563,7.363
5fv6,42,1,0.4321,0.2848,0.4257,0.427,0.153,9.8115,25.4854,PepSet_dimer_output_esmfold2,5fv6,0.039,0.0,25.485,11.91
5fv6,42,2,0.4363,0.2551,0.4285,0.4472,0.1091,11.2556,25.6174,PepSet_dimer_output_esmfold2,5fv6,0.058,0.05,25.617,9.686
5fv6,42,3,0.4563,0.2625,0.4479,0.4636,0.1059,9.5611,30.7381,PepSet_dimer_output_esmfold2,5fv6,0.029,0.0,30.738,12.314
5fv6,42,4,0.4834,0.29,0.475,0.4968,0.1704,8.3755,29.8041,PepSet_dimer_output_esmfold2,5fv6,0.03,0.0,29.804,11.98
5fv6,43,0,0.484,0.297,0.4759,0.4978,0.1758,8.0483,21.6748,PepSet_dimer_output_esmfold2,5fv6,0.051,0.0,21.675,10.235
5fv6,43,1,0.6023,0.3736,0.5924,0.6296,0.3222,8.5188,26.9385,PepSet_dimer_output_esmfold2,5fv6,0.055,0.05,26.939,9.562
5fv6,43,2,0.4478,0.2831,0.4406,0.4469,0.1575,9.9063,24.4427,PepSet_dimer_output_esmfold2,5fv6,0.043,0.0,24.443,10.148
5fv6,43,3,0.4648,0.2475,0.4554,0.4695,0.0941,8.8763,36.1604,PepSet_dimer_output_esmfold2,5fv6,0.022,0.0,36.16,13.22
5fv6,43,4,0.4528,0.2678,0.4448,0.4777,0.1369,10.4342,32.2285,PepSet_dimer_output_esmfold2,5fv6,0.026,0.0,32.229,12.465
5fv6,44,0,0.465,0.2967,0.4577,0.4488,0.1463,10.3591,27.5751,PepSet_dimer_output_esmfold2,5fv6,0.034,0.0,27.575,12.003
5fv6,44,1,0.4501,0.2294,0.4405,0.4481,0.1042,7.8943,15.2666,PepSet_dimer_output_esmfold2,5fv6,0.171,0.25,15.267,9.001
5fv6,44,2,0.4864,0.2904,0.4779,0.4907,0.1362,10.3997,28.7428,PepSet_dimer_output_esmfold2,5fv6,0.032,0.0,28.743,12.502
5fv6,44,3,0.4436,0.2934,0.4371,0.4539,0.1646,8.1741,26.6266,PepSet_dimer_output_esmfold2,5fv6,0.038,0.0,26.627,9.908
5fv6,44,4,0.4414,0.2489,0.433,0.4425,0.0886,8.6043,36.0756,PepSet_dimer_output_esmfold2,5fv6,0.022,0.0,36.076,13.475
5ggp,42,0,0.9596,0.4414,0.9429,0.96,0.4302,0.3473,35.4108,PepSet_dimer_output_esmfold2,5ggp,0.023,0.0,35.411,12.083
5ggp,42,1,0.9562,0.4093,0.9386,0.9573,0.3423,0.3267,8.761,PepSet_dimer_output_esmfold2,5ggp,0.346,0.357,8.761,3.043
5ggp,42,2,0.9608,0.6037,0.9493,0.9641,0.5755,0.4067,35.5613,PepSet_dimer_output_esmfold2,5ggp,0.023,0.0,35.561,12.117
5ggp,42,3,0.957,0.4879,0.9419,0.9618,0.4583,0.3457,9.6505,PepSet_dimer_output_esmfold2,5ggp,0.303,0.286,9.651,3.139
5ggp,42,4,0.9605,0.5743,0.9481,0.9666,0.5483,0.34,9.6768,PepSet_dimer_output_esmfold2,5ggp,0.302,0.286,9.677,3.159
5ggp,43,0,0.9596,0.4537,0.9433,0.9601,0.4368,0.4192,35.6339,PepSet_dimer_output_esmfold2,5ggp,0.023,0.0,35.634,12.13
5ggp,43,1,0.9577,0.4791,0.9423,0.9612,0.4231,0.3287,11.0926,PepSet_dimer_output_esmfold2,5ggp,0.231,0.214,11.093,4.267
5ggp,43,2,0.9576,0.4789,0.9422,0.9617,0.4373,0.3583,12.8246,PepSet_dimer_output_esmfold2,5ggp,0.179,0.143,12.825,4.812
5ggp,43,3,0.9555,0.4572,0.9394,0.96,0.4124,0.4036,11.9235,PepSet_dimer_output_esmfold2,5ggp,0.199,0.143,11.923,4.138
5ggp,43,4,0.957,0.4809,0.9417,0.9606,0.4279,0.3468,8.5903,PepSet_dimer_output_esmfold2,5ggp,0.331,0.286,8.59,2.882
5ggp,44,0,0.9555,0.4239,0.9384,0.9586,0.3681,0.3386,12.1554,PepSet_dimer_output_esmfold2,5ggp,0.238,0.286,12.155,4.507
5ggp,44,1,0.9597,0.4295,0.9426,0.9611,0.3669,0.3311,8.4308,PepSet_dimer_output_esmfold2,5ggp,0.314,0.214,8.431,2.806
5ggp,44,2,0.9581,0.5115,0.9437,0.9632,0.4646,0.4047,10.7969,PepSet_dimer_output_esmfold2,5ggp,0.271,0.286,10.797,3.639
5ggp,44,3,0.9594,0.5729,0.947,0.9651,0.5405,0.3441,9.5662,PepSet_dimer_output_esmfold2,5ggp,0.304,0.286,9.566,3.158
5ggp,44,4,0.9553,0.4215,0.9381,0.9589,0.3709,0.3805,13.0585,PepSet_dimer_output_esmfold2,5ggp,0.176,0.143,13.059,4.882
5gu4,42,0,0.3284,0.2031,0.3255,0.1875,0.1106,14.9463,33.6556,PepSet_dimer_output_esmfold2,5gu4,0.038,0.037,33.656,11.146
5gu4,42,1,0.3272,0.2515,0.3255,0.1871,0.1181,16.6842,23.8433,PepSet_dimer_output_esmfold2,5gu4,0.058,0.037,23.843,9.327
5gu4,42,2,0.3307,0.2457,0.3288,0.2017,0.1761,18.7241,17.9872,PepSet_dimer_output_esmfold2,5gu4,0.171,0.296,17.987,8.06
5gu4,42,3,0.3295,0.2117,0.3268,0.203,0.1163,18.6516,21.8437,PepSet_dimer_output_esmfold2,5gu4,0.136,0.259,21.844,11.507
5gu4,42,4,0.3219,0.2095,0.3193,0.1866,0.1101,16.5497,21.1295,PepSet_dimer_output_esmfold2,5gu4,0.064,0.037,21.129,11.402
5gu4,43,0,0.3386,0.2433,0.3364,0.1984,0.1766,17.5591,19.5355,PepSet_dimer_output_esmfold2,5gu4,0.179,0.333,19.535,6.981
5gu4,43,1,0.3107,0.219,0.3086,0.1844,0.1148,21.4571,26.5526,PepSet_dimer_output_esmfold2,5gu4,0.035,0.0,26.553,13.838
5gu4,43,2,0.3125,0.209,0.3102,0.1676,0.1224,21.0222,30.47,PepSet_dimer_output_esmfold2,5gu4,0.029,0.0,30.47,12.36
5gu4,43,3,0.3299,0.2275,0.3276,0.2044,0.1319,17.0449,11.6536,PepSet_dimer_output_esmfold2,5gu4,0.255,0.37,11.654,6.714
5gu4,43,4,0.322,0.2166,0.3196,0.2003,0.0998,17.2314,26.2393,PepSet_dimer_output_esmfold2,5gu4,0.036,0.0,26.239,12.568
5gu4,44,0,0.3232,0.2305,0.321,0.1934,0.1605,15.245,14.015,PepSet_dimer_output_esmfold2,5gu4,0.182,0.259,14.015,10.692
5gu4,44,1,0.3269,0.2172,0.3243,0.1985,0.0946,18.7694,30.6294,PepSet_dimer_output_esmfold2,5gu4,0.029,0.0,30.629,11.958
5gu4,44,2,0.322,0.2195,0.3196,0.1793,0.1049,20.6596,17.3883,PepSet_dimer_output_esmfold2,5gu4,0.083,0.037,17.388,10.665
5gu4,44,3,0.3215,0.2261,0.3193,0.1951,0.1747,17.4882,15.1065,PepSet_dimer_output_esmfold2,5gu4,0.2,0.333,15.107,9.234
5gu4,44,4,0.3168,0.2382,0.315,0.1656,0.1061,20.5745,25.8737,PepSet_dimer_output_esmfold2,5gu4,0.04,0.0,25.874,10.095
5huw,42,0,0.9756,0.8879,0.9736,0.9807,0.9674,0.6606,1.3115,PepSet_dimer_output_esmfold2,5huw,0.904,0.889,1.311,0.641
5huw,42,1,0.9753,0.8862,0.9732,0.9795,0.9656,0.457,1.1293,PepSet_dimer_output_esmfold2,5huw,0.919,0.907,1.129,0.591
5huw,42,2,0.9745,0.8867,0.9724,0.9791,0.966,0.4763,1.2293,PepSet_dimer_output_esmfold2,5huw,0.913,0.907,1.229,0.622
5huw,42,3,0.9753,0.887,0.9733,0.98,0.9668,0.515,1.3163,PepSet_dimer_output_esmfold2,5huw,0.909,0.907,1.316,0.648
5huw,42,4,0.9754,0.8871,0.9733,0.9801,0.9673,0.5993,1.1839,PepSet_dimer_output_esmfold2,5huw,0.922,0.926,1.184,0.605
5huw,43,0,0.9753,0.8885,0.9733,0.9798,0.9667,0.4187,1.1318,PepSet_dimer_output_esmfold2,5huw,0.919,0.907,1.132,0.591
5huw,43,1,0.9756,0.8905,0.9736,0.9804,0.9694,0.6162,1.3128,PepSet_dimer_output_esmfold2,5huw,0.904,0.889,1.313,0.642
5huw,43,2,0.9757,0.8707,0.9733,0.9799,0.9613,0.4442,1.0322,PepSet_dimer_output_esmfold2,5huw,0.91,0.87,1.032,0.573
5huw,43,3,0.9755,0.8871,0.9735,0.9801,0.9664,0.4352,1.0464,PepSet_dimer_output_esmfold2,5huw,0.915,0.889,1.046,0.58
5huw,43,4,0.9755,0.8897,0.9735,0.9798,0.9664,0.4967,1.115,PepSet_dimer_output_esmfold2,5huw,0.923,0.926,1.115,0.604
5huw,44,0,0.9749,0.8868,0.9729,0.9794,0.9663,0.4694,1.2338,PepSet_dimer_output_esmfold2,5huw,0.914,0.907,1.234,0.618
5huw,44,1,0.9759,0.8874,0.9738,0.9803,0.9674,0.4106,1.0235,PepSet_dimer_output_esmfold2,5huw,0.916,0.889,1.024,0.568
5huw,44,2,0.9754,0.8959,0.9736,0.9798,0.9689,0.4543,1.1499,PepSet_dimer_output_esmfold2,5huw,0.91,0.889,1.15,0.605
5huw,44,3,0.9752,0.8882,0.9732,0.9799,0.9675,0.6118,1.2077,PepSet_dimer_output_esmfold2,5huw,0.915,0.907,1.208,0.613
5huw,44,4,0.9752,0.8875,0.9732,0.9787,0.9669,0.4709,1.2555,PepSet_dimer_output_esmfold2,5huw,0.906,0.889,1.255,0.631
5i7z,42,0,0.9252,0.8158,0.9178,0.9175,0.8891,0.4341,5.1199,PepSet_dimer_output_esmfold2,5i7z,0.69,0.882,5.12,1.645
5i7z,42,1,0.9225,0.8119,0.915,0.9167,0.8871,0.9244,1.4554,PepSet_dimer_output_esmfold2,5i7z,0.912,0.912,1.455,0.623
5i7z,42,2,0.9245,0.8079,0.9166,0.9178,0.8899,0.5596,5.8353,PepSet_dimer_output_esmfold2,5i7z,0.652,0.882,5.835,1.859
5i7z,42,3,0.922,0.8285,0.9156,0.9133,0.8835,1.1204,1.1816,PepSet_dimer_output_esmfold2,5i7z,0.911,0.882,1.182,0.582
5i7z,42,4,0.9263,0.8125,0.9186,0.92,0.8923,0.6109,4.8619,PepSet_dimer_output_esmfold2,5i7z,0.705,0.882,4.862,1.56
5i7z,43,0,0.9259,0.8384,0.9199,0.9193,0.8901,0.9633,1.0997,PepSet_dimer_output_esmfold2,5i7z,0.933,0.912,1.1,0.493
5i7z,43,1,0.9248,0.8364,0.9188,0.9211,0.8911,0.5786,0.6838,PepSet_dimer_output_esmfold2,5i7z,0.952,0.941,0.684,0.438
5i7z,43,2,0.9243,0.8242,0.9175,0.9189,0.8906,0.976,0.9015,PepSet_dimer_output_esmfold2,5i7z,0.941,0.941,0.902,0.515
5i7z,43,3,0.9235,0.8301,0.9172,0.9204,0.8914,0.7626,0.7714,PepSet_dimer_output_esmfold2,5i7z,0.949,0.941,0.771,0.458
5i7z,43,4,0.9242,0.8188,0.917,0.9205,0.8921,0.5429,1.0988,PepSet_dimer_output_esmfold2,5i7z,0.941,0.941,1.099,0.507
5i7z,44,0,0.9262,0.8119,0.9184,0.9207,0.893,0.6495,5.0276,PepSet_dimer_output_esmfold2,5i7z,0.696,0.882,5.028,1.61
5i7z,44,1,0.9244,0.823,0.9175,0.9198,0.8922,0.4318,1.1054,PepSet_dimer_output_esmfold2,5i7z,0.942,0.941,1.105,0.495
5i7z,44,2,0.9245,0.8361,0.9185,0.9211,0.8928,0.6262,0.7007,PepSet_dimer_output_esmfold2,5i7z,0.956,0.941,0.701,0.402
5i7z,44,3,0.9268,0.8253,0.9199,0.9227,0.894,0.6473,0.9463,PepSet_dimer_output_esmfold2,5i7z,0.945,0.941,0.946,0.481
5i7z,44,4,0.9223,0.8289,0.9159,0.9138,0.8859,0.4891,1.1865,PepSet_dimer_output_esmfold2,5i7z,0.929,0.912,1.186,0.519
5j3q,42,0,0.9242,0.831,0.9148,0.9384,0.8591,0.8956,1.9022,PepSet_dimer_output_esmfold2,5j3q,0.811,0.907,1.902,1.296
5j3q,42,1,0.9221,0.8262,0.9124,0.9349,0.8552,0.965,2.036,PepSet_dimer_output_esmfold2,5j3q,0.786,0.86,2.036,1.348
5j3q,42,2,0.9231,0.8307,0.9138,0.9374,0.8597,0.951,1.9414,PepSet_dimer_output_esmfold2,5j3q,0.791,0.884,1.941,1.385
5j3q,42,3,0.9198,0.826,0.9104,0.9308,0.8546,1.0792,1.8034,PepSet_dimer_output_esmfold2,5j3q,0.8,0.837,1.803,1.213
5j3q,42,4,0.9211,0.8246,0.9114,0.9351,0.8533,1.0609,1.5103,PepSet_dimer_output_esmfold2,5j3q,0.803,0.837,1.51,1.219
5j3q,43,0,0.9227,0.8199,0.9124,0.9367,0.8478,0.9864,1.9198,PepSet_dimer_output_esmfold2,5j3q,0.793,0.86,1.92,1.313
5j3q,43,1,0.919,0.8306,0.9101,0.9342,0.8596,1.2827,1.8853,PepSet_dimer_output_esmfold2,5j3q,0.777,0.86,1.885,1.451
5j3q,43,2,0.9226,0.8118,0.9115,0.9363,0.8393,1.0553,2.1891,PepSet_dimer_output_esmfold2,5j3q,0.766,0.814,2.189,1.371
5j3q,43,3,0.9173,0.8275,0.9082,0.9344,0.858,1.0559,1.6771,PepSet_dimer_output_esmfold2,5j3q,0.784,0.837,1.677,1.353
5j3q,43,4,0.9218,0.8242,0.912,0.9364,0.8545,1.0132,2.046,PepSet_dimer_output_esmfold2,5j3q,0.748,0.767,2.046,1.411
5j3q,44,0,0.9224,0.8285,0.913,0.9378,0.8582,0.8958,1.75,PepSet_dimer_output_esmfold2,5j3q,0.807,0.86,1.75,1.221
5j3q,44,1,0.9226,0.8302,0.9133,0.9374,0.8593,1.0008,1.9709,PepSet_dimer_output_esmfold2,5j3q,0.76,0.791,1.971,1.385
5j3q,44,2,0.9227,0.8221,0.9126,0.9361,0.8472,1.0032,1.6342,PepSet_dimer_output_esmfold2,5j3q,0.776,0.791,1.634,1.298
5j3q,44,3,0.9222,0.83,0.9129,0.9376,0.8577,0.9359,2.077,PepSet_dimer_output_esmfold2,5j3q,0.786,0.86,2.077,1.343
5j3q,44,4,0.9208,0.8291,0.9115,0.9345,0.8581,1.1074,1.9671,PepSet_dimer_output_esmfold2,5j3q,0.779,0.86,1.967,1.421
5kds,42,0,0.9322,0.3554,0.9266,0.9538,0.5244,0.7667,6.7217,PepSet_dimer_output_esmfold2,5kds,0.505,0.615,6.722,2.375
5kds,42,1,0.9299,0.3479,0.9243,0.9514,0.4702,0.8665,13.5192,PepSet_dimer_output_esmfold2,5kds,0.253,0.385,13.519,4.737
5kds,42,2,0.9337,0.3518,0.9281,0.9557,0.4879,0.8748,9.5391,PepSet_dimer_output_esmfold2,5kds,0.254,0.154,9.539,3.358
5kds,42,3,0.9331,0.3277,0.9272,0.9515,0.4846,0.8659,4.7354,PepSet_dimer_output_esmfold2,5kds,0.653,0.769,4.735,1.741
5kds,42,4,0.9312,0.346,0.9255,0.951,0.5048,0.8094,9.4558,PepSet_dimer_output_esmfold2,5kds,0.286,0.231,9.456,3.192
5kds,43,0,0.9248,0.3286,0.919,0.9492,0.4557,0.8623,14.7478,PepSet_dimer_output_esmfold2,5kds,0.239,0.385,14.748,4.942
5kds,43,1,0.9429,0.3454,0.9371,0.9611,0.5021,0.6514,7.2793,PepSet_dimer_output_esmfold2,5kds,0.46,0.538,7.279,2.508
5kds,43,2,0.9301,0.3326,0.9243,0.9505,0.498,0.8019,6.6871,PepSet_dimer_output_esmfold2,5kds,0.564,0.769,6.687,2.264
5kds,43,3,0.9276,0.3363,0.9219,0.9474,0.5059,0.8067,6.8345,PepSet_dimer_output_esmfold2,5kds,0.525,0.692,6.834,2.437
5kds,43,4,0.932,0.3468,0.9264,0.9524,0.5045,0.7055,7.9503,PepSet_dimer_output_esmfold2,5kds,0.435,0.538,7.95,2.714
5kds,44,0,0.9286,0.3252,0.9228,0.9513,0.4814,1.0616,4.7281,PepSet_dimer_output_esmfold2,5kds,0.661,0.769,4.728,1.66
5kds,44,1,0.9295,0.3656,0.9241,0.9513,0.5313,0.9862,7.3887,PepSet_dimer_output_esmfold2,5kds,0.425,0.462,7.389,2.652
5kds,44,2,0.9321,0.3403,0.9264,0.9528,0.4921,0.8586,8.709,PepSet_dimer_output_esmfold2,5kds,0.411,0.538,8.709,2.947
5kds,44,3,0.9303,0.32,0.9244,0.9499,0.4574,0.6958,7.6919,PepSet_dimer_output_esmfold2,5kds,0.452,0.538,7.692,2.476
5kds,44,4,0.931,0.3164,0.9251,0.9523,0.4694,0.7328,6.0499,PepSet_dimer_output_esmfold2,5kds,0.483,0.462,6.05,2.17
5lyn,42,0,0.9409,0.6594,0.9268,0.9414,0.6794,0.478,1.3509,PepSet_dimer_output_esmfold2,5lyn,0.906,0.821,1.351,0.436
5lyn,42,1,0.9399,0.6444,0.9251,0.9394,0.6637,0.6364,1.1454,PepSet_dimer_output_esmfold2,5lyn,0.915,0.821,1.145,0.373
5lyn,42,2,0.9413,0.6419,0.9264,0.9407,0.6618,0.8754,1.177,PepSet_dimer_output_esmfold2,5lyn,0.914,0.821,1.177,0.379
5lyn,42,3,0.9415,0.6573,0.9272,0.9413,0.6764,0.3363,1.2935,PepSet_dimer_output_esmfold2,5lyn,0.932,0.893,1.293,0.424
5lyn,42,4,0.9408,0.6418,0.9258,0.9412,0.6627,0.4003,1.2199,PepSet_dimer_output_esmfold2,5lyn,0.934,0.893,1.22,0.411
5lyn,43,0,0.9412,0.6345,0.9259,0.9415,0.655,0.7873,1.1427,PepSet_dimer_output_esmfold2,5lyn,0.926,0.857,1.143,0.385
5lyn,43,1,0.9403,0.6553,0.9261,0.9408,0.6794,0.7265,1.2226,PepSet_dimer_output_esmfold2,5lyn,0.913,0.821,1.223,0.384
5lyn,43,2,0.9423,0.6681,0.9286,0.9426,0.6914,0.3849,1.1971,PepSet_dimer_output_esmfold2,5lyn,0.926,0.857,1.197,0.378
5lyn,43,3,0.9399,0.6212,0.9239,0.9386,0.6297,1.0278,1.5165,PepSet_dimer_output_esmfold2,5lyn,0.884,0.786,1.517,0.51
5lyn,43,4,0.9415,0.6561,0.9272,0.9424,0.6835,0.3925,1.0053,PepSet_dimer_output_esmfold2,5lyn,0.932,0.857,1.005,0.329
5lyn,44,0,0.9408,0.6482,0.9262,0.9411,0.6693,0.3839,1.2803,PepSet_dimer_output_esmfold2,5lyn,0.92,0.857,1.28,0.423
5lyn,44,1,0.941,0.6594,0.9269,0.9418,0.684,0.7236,1.146,PepSet_dimer_output_esmfold2,5lyn,0.939,0.893,1.146,0.376
5lyn,44,2,0.9409,0.6473,0.9262,0.9416,0.67,1.0121,1.3047,PepSet_dimer_output_esmfold2,5lyn,0.945,0.929,1.305,0.416
5lyn,44,3,0.9406,0.6489,0.926,0.94,0.6692,0.4597,1.1192,PepSet_dimer_output_esmfold2,5lyn,0.915,0.821,1.119,0.38
5lyn,44,4,0.9404,0.6333,0.925,0.94,0.6532,0.5248,1.0724,PepSet_dimer_output_esmfold2,5lyn,0.949,0.929,1.072,0.401
5m5r,42,0,0.9545,0.6455,0.9478,0.9715,0.6957,0.6041,2.3684,PepSet_dimer_output_esmfold2,5m5r,0.844,0.865,2.368,0.89
5m5r,42,1,0.9552,0.669,0.9489,0.9723,0.7156,0.546,2.5157,PepSet_dimer_output_esmfold2,5m5r,0.822,0.838,2.516,0.962
5m5r,42,2,0.9551,0.6672,0.9489,0.9721,0.7104,0.5755,2.3253,PepSet_dimer_output_esmfold2,5m5r,0.845,0.865,2.325,0.888
5m5r,42,3,0.954,0.6253,0.9469,0.9711,0.6652,0.575,2.4965,PepSet_dimer_output_esmfold2,5m5r,0.846,0.892,2.497,0.923
5m5r,42,4,0.9544,0.64,0.9476,0.9715,0.6823,0.5637,2.6117,PepSet_dimer_output_esmfold2,5m5r,0.833,0.892,2.612,0.998
5m5r,43,0,0.955,0.6571,0.9485,0.9722,0.7084,0.5734,2.3293,PepSet_dimer_output_esmfold2,5m5r,0.853,0.892,2.329,0.896
5m5r,43,1,0.9542,0.6565,0.9477,0.972,0.7051,0.5684,2.2197,PepSet_dimer_output_esmfold2,5m5r,0.849,0.865,2.22,0.875
5m5r,43,2,0.9539,0.5898,0.9459,0.9701,0.6224,0.5714,2.2375,PepSet_dimer_output_esmfold2,5m5r,0.853,0.865,2.238,0.846
5m5r,43,3,0.9546,0.6588,0.9481,0.9719,0.707,0.5921,2.405,PepSet_dimer_output_esmfold2,5m5r,0.838,0.865,2.405,0.931
5m5r,43,4,0.955,0.6611,0.9486,0.9722,0.7162,0.6074,2.4943,PepSet_dimer_output_esmfold2,5m5r,0.832,0.865,2.494,0.955
5m5r,44,0,0.9542,0.6332,0.9472,0.971,0.6685,0.5722,2.4327,PepSet_dimer_output_esmfold2,5m5r,0.832,0.865,2.433,0.963
5m5r,44,1,0.9548,0.6667,0.9485,0.9721,0.7094,0.6013,2.4647,PepSet_dimer_output_esmfold2,5m5r,0.836,0.865,2.465,0.937
5m5r,44,2,0.9515,0.6537,0.9451,0.9705,0.6994,0.6473,2.1693,PepSet_dimer_output_esmfold2,5m5r,0.837,0.838,2.169,0.904
5m5r,44,3,0.9542,0.6195,0.9469,0.9711,0.6617,0.5601,2.5218,PepSet_dimer_output_esmfold2,5m5r,0.822,0.838,2.522,0.961
5m5r,44,4,0.9547,0.6708,0.9485,0.9723,0.7224,0.5665,2.6178,PepSet_dimer_output_esmfold2,5m5r,0.837,0.892,2.618,0.971
5n22,42,0,0.7972,0.318,0.7728,0.7817,0.2377,3.2074,16.408,PepSet_dimer_output_esmfold2,5n22,0.087,0.0,16.408,6.503
5n22,42,1,0.8044,0.4185,0.7848,0.7866,0.3722,2.6309,14.3923,PepSet_dimer_output_esmfold2,5n22,0.174,0.196,14.392,5.61
5n22,42,2,0.8207,0.5448,0.8067,0.8294,0.5454,3.3265,18.2662,PepSet_dimer_output_esmfold2,5n22,0.081,0.022,18.266,6.998
5n22,42,3,0.8086,0.4133,0.7885,0.8051,0.3826,2.5821,16.2447,PepSet_dimer_output_esmfold2,5n22,0.098,0.022,16.245,6.022
5n22,42,4,0.795,0.4107,0.7755,0.7803,0.3626,1.948,14.1944,PepSet_dimer_output_esmfold2,5n22,0.185,0.217,14.194,5.278
5n22,43,0,0.8064,0.4278,0.7872,0.7873,0.3874,2.7437,14.3612,PepSet_dimer_output_esmfold2,5n22,0.159,0.152,14.361,5.652
5n22,43,1,0.8082,0.4158,0.7883,0.7904,0.3719,2.5808,14.1766,PepSet_dimer_output_esmfold2,5n22,0.176,0.196,14.177,5.5
5n22,43,2,0.804,0.4031,0.7836,0.7895,0.337,3.3053,14.6637,PepSet_dimer_output_esmfold2,5n22,0.182,0.239,14.664,6.141
5n22,43,3,0.8302,0.5871,0.8178,0.8592,0.6098,2.6358,18.0682,PepSet_dimer_output_esmfold2,5n22,0.085,0.022,18.068,6.382
5n22,43,4,0.8021,0.3355,0.7783,0.7821,0.2642,3.3417,13.9953,PepSet_dimer_output_esmfold2,5n22,0.142,0.087,13.995,5.544
5n22,44,0,0.8306,0.5674,0.8172,0.8549,0.5826,3.5324,17.2787,PepSet_dimer_output_esmfold2,5n22,0.087,0.022,17.279,6.895
5n22,44,1,0.8058,0.3584,0.7831,0.7842,0.2842,2.6825,15.4646,PepSet_dimer_output_esmfold2,5n22,0.149,0.152,15.465,5.814
5n22,44,2,0.8026,0.3564,0.78,0.7856,0.2957,3.0464,16.2782,PepSet_dimer_output_esmfold2,5n22,0.147,0.174,16.278,6.274
5n22,44,3,0.8005,0.4207,0.7812,0.7807,0.3664,2.7429,14.258,PepSet_dimer_output_esmfold2,5n22,0.176,0.196,14.258,5.44
5n22,44,4,0.8319,0.5758,0.8189,0.861,0.5918,3.4516,16.9764,PepSet_dimer_output_esmfold2,5n22,0.089,0.022,16.976,6.887
5n85,42,0,0.9351,0.6653,0.9108,0.937,0.7031,0.4255,7.1034,PepSet_dimer_output_esmfold2,5n85,0.368,0.289,7.103,2.786
5n85,42,1,0.9194,0.6362,0.8938,0.9214,0.6342,0.3272,2.7284,PepSet_dimer_output_esmfold2,5n85,0.756,0.763,2.728,1.227
5n85,42,2,0.925,0.6287,0.8982,0.925,0.6262,0.3805,2.668,PepSet_dimer_output_esmfold2,5n85,0.768,0.789,2.668,1.212
5n85,42,3,0.9279,0.6626,0.9039,0.9302,0.6762,0.3737,2.6737,PepSet_dimer_output_esmfold2,5n85,0.758,0.763,2.674,1.223
5n85,42,4,0.9334,0.7014,0.9125,0.9378,0.7317,0.3929,3.0845,PepSet_dimer_output_esmfold2,5n85,0.719,0.737,3.085,1.395
5n85,43,0,0.9377,0.7394,0.9198,0.9422,0.7737,0.4221,2.6956,PepSet_dimer_output_esmfold2,5n85,0.735,0.711,2.696,1.263
5n85,43,1,0.9285,0.6533,0.9037,0.9309,0.6645,0.3499,2.3225,PepSet_dimer_output_esmfold2,5n85,0.758,0.684,2.322,1.075
5n85,43,2,0.9182,0.6326,0.8924,0.9217,0.6364,0.3707,2.7359,PepSet_dimer_output_esmfold2,5n85,0.751,0.763,2.736,1.266
5n85,43,3,0.9352,0.7178,0.9156,0.9391,0.7518,0.4069,2.8001,PepSet_dimer_output_esmfold2,5n85,0.748,0.763,2.8,1.281
5n85,43,4,0.9209,0.6261,0.8943,0.922,0.6203,0.4902,2.6535,PepSet_dimer_output_esmfold2,5n85,0.724,0.684,2.654,1.286
5n85,44,0,0.9221,0.6296,0.8957,0.9223,0.6251,0.5494,2.7519,PepSet_dimer_output_esmfold2,5n85,0.712,0.684,2.752,1.365
5n85,44,1,0.9257,0.6503,0.9008,0.9276,0.6518,0.3881,2.8876,PepSet_dimer_output_esmfold2,5n85,0.731,0.737,2.888,1.33
5n85,44,2,0.9212,0.6205,0.894,0.9211,0.606,0.4251,3.1057,PepSet_dimer_output_esmfold2,5n85,0.718,0.737,3.106,1.4
5n85,44,3,0.9348,0.6642,0.9104,0.937,0.6981,0.4563,7.5015,PepSet_dimer_output_esmfold2,5n85,0.363,0.316,7.501,2.913
5n85,44,4,0.9215,0.6287,0.8951,0.9232,0.6208,0.4012,2.2731,PepSet_dimer_output_esmfold2,5n85,0.783,0.763,2.273,1.092
5njc,42,0,0.9303,0.6769,0.9272,0.957,0.8249,0.8227,1.1834,PepSet_dimer_output_esmfold2,5njc,0.927,0.923,1.183,0.559
5njc,42,1,0.9302,0.6681,0.927,0.957,0.8197,0.8345,1.0557,PepSet_dimer_output_esmfold2,5njc,0.93,0.923,1.056,0.552
5njc,42,2,0.9307,0.6648,0.9274,0.9568,0.8188,0.7316,1.0983,PepSet_dimer_output_esmfold2,5njc,0.931,0.923,1.098,0.534
5njc,42,3,0.9313,0.684,0.9283,0.9577,0.8343,0.8097,1.2227,PepSet_dimer_output_esmfold2,5njc,0.927,0.923,1.223,0.56
5njc,42,4,0.9306,0.6895,0.9276,0.9565,0.8353,0.7961,1.0394,PepSet_dimer_output_esmfold2,5njc,0.93,0.923,1.039,0.551
5njc,43,0,0.933,0.6879,0.93,0.9584,0.8358,0.8245,1.1629,PepSet_dimer_output_esmfold2,5njc,0.926,0.923,1.163,0.572
5njc,43,1,0.9306,0.6958,0.9277,0.956,0.8404,0.8904,0.9823,PepSet_dimer_output_esmfold2,5njc,0.927,0.923,0.982,0.577
5njc,43,2,0.9302,0.6627,0.9269,0.9554,0.8173,1.0969,1.0413,PepSet_dimer_output_esmfold2,5njc,0.928,0.923,1.041,0.569
5njc,43,3,0.9292,0.6947,0.9263,0.9563,0.8447,0.9462,1.2298,PepSet_dimer_output_esmfold2,5njc,0.913,0.897,1.23,0.601
5njc,43,4,0.9309,0.6703,0.9276,0.9566,0.8194,0.7586,1.2407,PepSet_dimer_output_esmfold2,5njc,0.925,0.923,1.241,0.57
5njc,44,0,0.9311,0.6759,0.9279,0.9563,0.8253,0.8861,1.1174,PepSet_dimer_output_esmfold2,5njc,0.917,0.923,1.117,0.639
5njc,44,1,0.9292,0.6653,0.9259,0.9558,0.8154,1.0822,1.2354,PepSet_dimer_output_esmfold2,5njc,0.927,0.923,1.235,0.556
5njc,44,2,0.9297,0.6783,0.9265,0.9567,0.8258,0.7654,1.1399,PepSet_dimer_output_esmfold2,5njc,0.927,0.923,1.14,0.563
5njc,44,3,0.9308,0.6758,0.9277,0.9568,0.8253,0.748,0.9537,PepSet_dimer_output_esmfold2,5njc,0.933,0.923,0.954,0.53
5njc,44,4,0.9302,0.6584,0.9268,0.9565,0.819,0.7966,1.1704,PepSet_dimer_output_esmfold2,5njc,0.927,0.923,1.17,0.562
5nqv,42,0,0.9345,0.8087,0.9278,0.9441,0.8995,1.1765,2.3196,PepSet_dimer_output_esmfold2,5nqv,0.861,0.881,2.32,0.819
5nqv,42,1,0.9305,0.8141,0.9244,0.9397,0.8981,2.2589,2.1815,PepSet_dimer_output_esmfold2,5nqv,0.877,0.905,2.181,0.775
5nqv,42,2,0.9307,0.816,0.9247,0.9388,0.8983,2.4467,2.3481,PepSet_dimer_output_esmfold2,5nqv,0.861,0.881,2.348,0.81
5nqv,42,3,0.9354,0.8156,0.929,0.9449,0.901,1.2993,2.4493,PepSet_dimer_output_esmfold2,5nqv,0.847,0.881,2.449,0.899
5nqv,42,4,0.9373,0.8103,0.9306,0.9458,0.8976,1.5663,2.3573,PepSet_dimer_output_esmfold2,5nqv,0.868,0.905,2.357,0.817
5nqv,43,0,0.9373,0.8123,0.9307,0.9466,0.8969,1.5649,2.376,PepSet_dimer_output_esmfold2,5nqv,0.854,0.881,2.376,0.856
5nqv,43,1,0.9355,0.8104,0.9289,0.9433,0.8965,0.9839,2.4813,PepSet_dimer_output_esmfold2,5nqv,0.847,0.881,2.481,0.894
5nqv,43,2,0.9374,0.8079,0.9306,0.9464,0.8949,1.6022,2.4889,PepSet_dimer_output_esmfold2,5nqv,0.838,0.857,2.489,0.899
5nqv,43,3,0.9356,0.8048,0.9287,0.9446,0.8946,1.2687,2.4313,PepSet_dimer_output_esmfold2,5nqv,0.856,0.881,2.431,0.838
5nqv,43,4,0.9354,0.8112,0.9289,0.946,0.8972,1.2296,2.101,PepSet_dimer_output_esmfold2,5nqv,0.872,0.881,2.101,0.769
5nqv,44,0,0.9357,0.815,0.9293,0.9458,0.8987,1.1838,2.1572,PepSet_dimer_output_esmfold2,5nqv,0.871,0.881,2.157,0.765
5nqv,44,1,0.9366,0.7993,0.9294,0.9458,0.8927,1.6483,2.3369,PepSet_dimer_output_esmfold2,5nqv,0.85,0.857,2.337,0.833
5nqv,44,2,0.9368,0.815,0.9304,0.947,0.9016,1.2987,2.4748,PepSet_dimer_output_esmfold2,5nqv,0.848,0.881,2.475,0.884
5nqv,44,3,0.9302,0.8108,0.9239,0.9384,0.8973,2.2886,2.026,PepSet_dimer_output_esmfold2,5nqv,0.882,0.881,2.026,0.707
5nqv,44,4,0.9371,0.8092,0.9303,0.9456,0.895,1.524,2.2905,PepSet_dimer_output_esmfold2,5nqv,0.859,0.881,2.29,0.836
5o9u,42,0,0.9539,0.6801,0.9484,0.9753,0.8314,0.3932,1.6684,PepSet_dimer_output_esmfold2,5o9u,0.897,0.849,1.668,0.558
5o9u,42,1,0.954,0.6777,0.9485,0.9751,0.8265,0.3964,0.9098,PepSet_dimer_output_esmfold2,5o9u,0.948,0.918,0.91,0.392
5o9u,42,2,0.9542,0.6801,0.9488,0.9752,0.8292,0.388,1.5191,PepSet_dimer_output_esmfold2,5o9u,0.898,0.822,1.519,0.494
5o9u,42,3,0.9538,0.6793,0.9484,0.9751,0.8311,0.4007,0.4149,PepSet_dimer_output_esmfold2,5o9u,0.977,0.973,0.415,0.3
5o9u,42,4,0.9542,0.6857,0.9489,0.9752,0.8343,0.3827,0.6773,PepSet_dimer_output_esmfold2,5o9u,0.95,0.904,0.677,0.335
5o9u,43,0,0.9546,0.683,0.9492,0.9754,0.8331,0.3883,1.603,PepSet_dimer_output_esmfold2,5o9u,0.907,0.863,1.603,0.523
5o9u,43,1,0.9538,0.6803,0.9484,0.975,0.8259,0.3505,1.7902,PepSet_dimer_output_esmfold2,5o9u,0.897,0.863,1.79,0.579
5o9u,43,2,0.9539,0.6795,0.9484,0.9751,0.8338,0.3922,1.7555,PepSet_dimer_output_esmfold2,5o9u,0.888,0.836,1.756,0.584
5o9u,43,3,0.9541,0.6915,0.9488,0.9752,0.8336,0.3637,0.8763,PepSet_dimer_output_esmfold2,5o9u,0.943,0.89,0.876,0.35
5o9u,43,4,0.9543,0.6861,0.9489,0.9754,0.8316,0.3689,0.6757,PepSet_dimer_output_esmfold2,5o9u,0.953,0.918,0.676,0.348
5o9u,44,0,0.9546,0.6792,0.9491,0.9755,0.8296,0.3575,1.6015,PepSet_dimer_output_esmfold2,5o9u,0.902,0.849,1.601,0.524
5o9u,44,1,0.9535,0.6775,0.948,0.9749,0.8293,0.4273,1.6433,PepSet_dimer_output_esmfold2,5o9u,0.888,0.836,1.643,0.595
5o9u,44,2,0.9544,0.6806,0.9489,0.9753,0.8314,0.3667,1.7076,PepSet_dimer_output_esmfold2,5o9u,0.901,0.863,1.708,0.557
5o9u,44,3,0.9547,0.6823,0.9493,0.9756,0.833,0.3683,1.6646,PepSet_dimer_output_esmfold2,5o9u,0.903,0.863,1.665,0.542
5o9u,44,4,0.9539,0.6733,0.9483,0.9751,0.832,0.4086,1.4806,PepSet_dimer_output_esmfold2,5o9u,0.916,0.877,1.481,0.499
5oj5,42,0,0.8942,0.2633,0.8822,0.9249,0.2565,2.0938,30.4886,PepSet_dimer_output_esmfold2,5oj5,0.031,0.0,30.489,10.062
5oj5,42,1,0.8975,0.2542,0.8852,0.9265,0.2264,1.6335,27.0557,PepSet_dimer_output_esmfold2,5oj5,0.04,0.0,27.056,8.523
5oj5,42,2,0.894,0.2367,0.8816,0.9249,0.2148,2.1359,30.1239,PepSet_dimer_output_esmfold2,5oj5,0.031,0.0,30.124,10.372
5oj5,42,3,0.8967,0.2564,0.8845,0.9255,0.2545,1.9345,27.4679,PepSet_dimer_output_esmfold2,5oj5,0.038,0.0,27.468,9.098
5oj5,42,4,0.8853,0.2245,0.8728,0.9213,0.1996,1.3984,31.4167,PepSet_dimer_output_esmfold2,5oj5,0.03,0.0,31.417,10.161
5oj5,43,0,0.8953,0.2452,0.883,0.9259,0.1888,1.4393,30.8759,PepSet_dimer_output_esmfold2,5oj5,0.03,0.0,30.876,10.655
5oj5,43,1,0.8959,0.2261,0.8831,0.9261,0.1936,1.2246,28.353,PepSet_dimer_output_esmfold2,5oj5,0.035,0.0,28.353,9.893
5oj5,43,2,0.8977,0.2075,0.8846,0.9269,0.1572,1.614,42.339,PepSet_dimer_output_esmfold2,5oj5,0.017,0.0,42.339,14.158
5oj5,43,3,0.8991,0.2541,0.8868,0.9287,0.2161,1.7307,30.8397,PepSet_dimer_output_esmfold2,5oj5,0.03,0.0,30.84,10.718
5oj5,43,4,0.8996,0.2556,0.8873,0.9284,0.2227,1.8806,31.2555,PepSet_dimer_output_esmfold2,5oj5,0.029,0.0,31.256,10.789
5oj5,44,0,0.8995,0.2482,0.8872,0.93,0.2301,1.3094,32.6116,PepSet_dimer_output_esmfold2,5oj5,0.027,0.0,32.612,10.877
5oj5,44,1,0.8941,0.2448,0.8818,0.925,0.239,1.7276,31.9629,PepSet_dimer_output_esmfold2,5oj5,0.028,0.0,31.963,10.652
5oj5,44,2,0.8968,0.2455,0.8845,0.9258,0.1969,1.2752,30.1165,PepSet_dimer_output_esmfold2,5oj5,0.031,0.0,30.117,10.478
5oj5,44,3,0.898,0.2469,0.8857,0.9281,0.2286,1.2976,29.522,PepSet_dimer_output_esmfold2,5oj5,0.034,0.0,29.522,9.505
5oj5,44,4,0.8922,0.2568,0.8801,0.9238,0.2095,1.2445,29.1962,PepSet_dimer_output_esmfold2,5oj5,0.033,0.0,29.196,10.191
5onp,42,0,0.9675,0.5521,0.961,0.9744,0.6972,0.1667,7.5766,PepSet_dimer_output_esmfold2,5onp,0.429,0.342,7.577,1.887
5onp,42,1,0.9676,0.5542,0.9611,0.9744,0.7054,0.1589,7.8234,PepSet_dimer_output_esmfold2,5onp,0.419,0.342,7.823,1.946
5onp,42,2,0.9672,0.534,0.9605,0.9752,0.6938,0.1607,7.2008,PepSet_dimer_output_esmfold2,5onp,0.437,0.316,7.201,1.793
5onp,42,3,0.9669,0.533,0.9601,0.9738,0.6827,0.1363,8.0974,PepSet_dimer_output_esmfold2,5onp,0.417,0.368,8.097,2.009
5onp,42,4,0.9672,0.5555,0.9607,0.9736,0.7048,0.1643,7.579,PepSet_dimer_output_esmfold2,5onp,0.438,0.368,7.579,1.887
5onp,43,0,0.9677,0.5498,0.9612,0.975,0.7012,0.1378,7.6099,PepSet_dimer_output_esmfold2,5onp,0.428,0.342,7.61,1.89
5onp,43,1,0.9667,0.4574,0.9588,0.9744,0.619,0.2091,6.7927,PepSet_dimer_output_esmfold2,5onp,0.507,0.474,6.793,1.707
5onp,43,2,0.9674,0.4528,0.9594,0.9753,0.6123,0.2324,2.7423,PepSet_dimer_output_esmfold2,5onp,0.855,0.842,2.742,0.713
5onp,43,3,0.9674,0.5512,0.9609,0.9747,0.7001,0.1894,6.8293,PepSet_dimer_output_esmfold2,5onp,0.453,0.316,6.829,1.705
5onp,43,4,0.967,0.5082,0.9599,0.9759,0.6826,0.1791,5.9456,PepSet_dimer_output_esmfold2,5onp,0.514,0.368,5.946,1.491
5onp,44,0,0.9668,0.5349,0.9601,0.9743,0.688,0.1651,7.7446,PepSet_dimer_output_esmfold2,5onp,0.439,0.395,7.745,1.928
5onp,44,1,0.9675,0.5353,0.9608,0.9746,0.6928,0.1533,8.2086,PepSet_dimer_output_esmfold2,5onp,0.412,0.368,8.209,2.038
5onp,44,2,0.9664,0.5536,0.96,0.9741,0.7004,0.1905,7.0875,PepSet_dimer_output_esmfold2,5onp,0.442,0.316,7.087,1.767
5onp,44,3,0.9668,0.5549,0.9604,0.9728,0.6989,0.1494,7.306,PepSet_dimer_output_esmfold2,5onp,0.449,0.368,7.306,1.821
5onp,44,4,0.9659,0.4443,0.9578,0.9739,0.619,0.2467,3.512,PepSet_dimer_output_esmfold2,5onp,0.688,0.474,3.512,0.899
5t0k,42,0,0.9408,0.8954,0.9393,0.9683,0.9528,0.6805,0.9352,PepSet_dimer_output_esmfold2,5t0k,0.899,0.946,0.935,0.837
5t0k,42,1,0.9388,0.8889,0.9371,0.967,0.9513,0.8444,0.7529,PepSet_dimer_output_esmfold2,5t0k,0.907,0.929,0.753,0.747
5t0k,42,2,0.9386,0.8925,0.9371,0.9669,0.9522,0.8279,0.9905,PepSet_dimer_output_esmfold2,5t0k,0.898,0.911,0.99,0.759
5t0k,42,3,0.9284,0.8879,0.9271,0.962,0.9475,0.6712,0.9245,PepSet_dimer_output_esmfold2,5t0k,0.901,0.964,0.924,0.864
5t0k,42,4,0.9376,0.892,0.936,0.9667,0.951,0.6716,0.9476,PepSet_dimer_output_esmfold2,5t0k,0.882,0.911,0.948,0.871
5t0k,43,0,0.9263,0.8749,0.9246,0.9611,0.9434,0.888,1.0582,PepSet_dimer_output_esmfold2,5t0k,0.906,0.946,1.058,0.784
5t0k,43,1,0.9389,0.8908,0.9373,0.9674,0.9512,0.7579,0.8283,PepSet_dimer_output_esmfold2,5t0k,0.899,0.946,0.828,0.842
5t0k,43,2,0.9387,0.8888,0.937,0.9669,0.9473,0.7562,0.9559,PepSet_dimer_output_esmfold2,5t0k,0.907,0.964,0.956,0.823
5t0k,43,3,0.9395,0.8914,0.9379,0.9681,0.9514,0.7438,0.7499,PepSet_dimer_output_esmfold2,5t0k,0.906,0.929,0.75,0.754
5t0k,43,4,0.9393,0.8959,0.9379,0.9675,0.9542,0.8311,1.236,PepSet_dimer_output_esmfold2,5t0k,0.9,0.946,1.236,0.813
5t0k,44,0,0.9282,0.8883,0.9268,0.9619,0.9471,0.7501,0.9408,PepSet_dimer_output_esmfold2,5t0k,0.879,0.893,0.941,0.855
5t0k,44,1,0.9289,0.8806,0.9273,0.9624,0.9421,0.8641,0.8559,PepSet_dimer_output_esmfold2,5t0k,0.905,0.929,0.856,0.758
5t0k,44,2,0.9386,0.893,0.9371,0.9666,0.9515,0.7267,0.8719,PepSet_dimer_output_esmfold2,5t0k,0.905,0.964,0.872,0.837
5t0k,44,3,0.9384,0.8933,0.9369,0.9667,0.9526,0.8645,1.0345,PepSet_dimer_output_esmfold2,5t0k,0.902,0.946,1.034,0.809
5t0k,44,4,0.9283,0.8869,0.9269,0.9623,0.9466,0.9205,0.7134,PepSet_dimer_output_esmfold2,5t0k,0.891,0.929,0.713,0.866
5tgi,42,0,0.9209,0.8284,0.9094,0.9225,0.8808,0.8427,1.2571,PepSet_dimer_output_esmfold2,5tgi,0.891,0.951,1.257,0.881
5tgi,42,1,0.9194,0.8334,0.9086,0.9171,0.8758,0.8131,1.3103,PepSet_dimer_output_esmfold2,5tgi,0.939,0.976,1.31,0.597
5tgi,42,2,0.9163,0.8298,0.9055,0.9179,0.8689,0.9126,2.3392,PepSet_dimer_output_esmfold2,5tgi,0.86,0.927,2.339,0.926
5tgi,42,3,0.9224,0.8362,0.9116,0.9244,0.8794,0.7278,1.4816,PepSet_dimer_output_esmfold2,5tgi,0.903,0.927,1.482,0.719
5tgi,42,4,0.9195,0.8294,0.9083,0.9209,0.8729,0.7883,1.5322,PepSet_dimer_output_esmfold2,5tgi,0.907,0.951,1.532,0.744
5tgi,43,0,0.9196,0.8356,0.9091,0.9215,0.875,0.7663,2.3859,PepSet_dimer_output_esmfold2,5tgi,0.888,0.951,2.386,0.782
5tgi,43,1,0.9192,0.8337,0.9085,0.9207,0.8768,0.8264,1.9347,PepSet_dimer_output_esmfold2,5tgi,0.89,0.951,1.935,0.824
5tgi,43,2,0.9195,0.8307,0.9084,0.9217,0.8776,0.901,1.8345,PepSet_dimer_output_esmfold2,5tgi,0.877,0.927,1.835,0.869
5tgi,43,3,0.9209,0.8333,0.9099,0.9225,0.8782,0.8297,2.3435,PepSet_dimer_output_esmfold2,5tgi,0.875,0.951,2.343,0.881
5tgi,43,4,0.9163,0.8322,0.9058,0.9197,0.874,0.8894,1.5613,PepSet_dimer_output_esmfold2,5tgi,0.891,0.951,1.561,0.856
5tgi,44,0,0.9214,0.8359,0.9107,0.9228,0.878,0.7597,1.871,PepSet_dimer_output_esmfold2,5tgi,0.897,0.951,1.871,0.783
5tgi,44,1,0.9135,0.8221,0.9021,0.9143,0.8656,0.8882,1.7493,PepSet_dimer_output_esmfold2,5tgi,0.878,0.927,1.749,0.873
5tgi,44,2,0.9205,0.8344,0.9097,0.9228,0.8767,0.7564,1.8672,PepSet_dimer_output_esmfold2,5tgi,0.907,0.951,1.867,0.713
5tgi,44,3,0.9191,0.8239,0.9072,0.9202,0.8777,0.8255,2.358,PepSet_dimer_output_esmfold2,5tgi,0.857,0.951,2.358,1.0
5tgi,44,4,0.92,0.8327,0.9091,0.9216,0.8755,0.8939,1.4845,PepSet_dimer_output_esmfold2,5tgi,0.892,0.951,1.484,0.854
5v2p,42,0,0.924,0.8957,0.9222,0.9464,0.9568,2.4185,0.7578,PepSet_dimer_output_esmfold2,5v2p,0.951,0.896,0.758,0.283
5v2p,42,1,0.9244,0.8928,0.9224,0.9476,0.9574,2.2852,0.7836,PepSet_dimer_output_esmfold2,5v2p,0.971,0.958,0.784,0.292
5v2p,42,2,0.9236,0.8913,0.9216,0.9434,0.9577,2.8023,0.9916,PepSet_dimer_output_esmfold2,5v2p,0.961,0.958,0.992,0.39
5v2p,42,3,0.9249,0.8992,0.9233,0.9479,0.9604,2.5864,0.807,PepSet_dimer_output_esmfold2,5v2p,0.966,0.938,0.807,0.263
5v2p,42,4,0.9255,0.9003,0.9239,0.947,0.9609,2.7332,0.7533,PepSet_dimer_output_esmfold2,5v2p,0.967,0.938,0.753,0.263
5v2p,43,0,0.9251,0.8983,0.9234,0.9479,0.96,2.447,1.2218,PepSet_dimer_output_esmfold2,5v2p,0.966,0.958,1.222,0.31
5v2p,43,1,0.9263,0.8999,0.9246,0.949,0.9608,2.58,1.1532,PepSet_dimer_output_esmfold2,5v2p,0.96,0.938,1.153,0.301
5v2p,43,2,0.9251,0.8963,0.9233,0.9464,0.9601,2.5674,1.2459,PepSet_dimer_output_esmfold2,5v2p,0.956,0.938,1.246,0.335
5v2p,43,3,0.9257,0.8959,0.9238,0.9483,0.9596,2.4913,0.7998,PepSet_dimer_output_esmfold2,5v2p,0.974,0.958,0.8,0.254
5v2p,43,4,0.9255,0.8889,0.9232,0.9471,0.9552,2.7037,1.1752,PepSet_dimer_output_esmfold2,5v2p,0.955,0.938,1.175,0.36
5v2p,44,0,0.9257,0.898,0.924,0.9466,0.9593,2.7217,1.0916,PepSet_dimer_output_esmfold2,5v2p,0.96,0.938,1.092,0.312
5v2p,44,1,0.9257,0.8996,0.924,0.9469,0.9609,2.4654,0.9593,PepSet_dimer_output_esmfold2,5v2p,0.967,0.938,0.959,0.233
5v2p,44,2,0.9245,0.8955,0.9227,0.9474,0.959,2.4362,0.8068,PepSet_dimer_output_esmfold2,5v2p,0.965,0.938,0.807,0.278
5v2p,44,3,0.9257,0.8934,0.9237,0.9484,0.9572,2.8412,1.0046,PepSet_dimer_output_esmfold2,5v2p,0.973,0.958,1.005,0.25
5v2p,44,4,0.9261,0.8978,0.9243,0.9478,0.9604,2.511,0.7761,PepSet_dimer_output_esmfold2,5v2p,0.973,0.958,0.776,0.265
5v3r,42,0,0.9129,0.8122,0.9094,0.9509,0.9238,0.7834,2.1307,PepSet_dimer_output_esmfold2,5v3r,0.858,0.862,2.131,0.819
5v3r,42,1,0.9143,0.8221,0.911,0.9504,0.9283,0.8688,2.276,PepSet_dimer_output_esmfold2,5v3r,0.847,0.828,2.276,0.798
5v3r,42,2,0.9147,0.8284,0.9117,0.9522,0.9335,0.9801,1.3576,PepSet_dimer_output_esmfold2,5v3r,0.93,0.931,1.358,0.542
5v3r,42,3,0.9151,0.8309,0.9121,0.9524,0.9333,0.9861,1.3058,PepSet_dimer_output_esmfold2,5v3r,0.907,0.862,1.306,0.548
5v3r,42,4,0.9129,0.831,0.91,0.951,0.9336,0.928,1.2507,PepSet_dimer_output_esmfold2,5v3r,0.894,0.828,1.251,0.562
5v3r,43,0,0.9156,0.8342,0.9127,0.9519,0.9354,0.9945,1.7207,PepSet_dimer_output_esmfold2,5v3r,0.898,0.862,1.721,0.576
5v3r,43,1,0.9136,0.8198,0.9103,0.9513,0.927,0.8971,2.006,PepSet_dimer_output_esmfold2,5v3r,0.881,0.862,2.006,0.673
5v3r,43,2,0.9136,0.8203,0.9103,0.9506,0.9227,0.9777,1.7967,PepSet_dimer_output_esmfold2,5v3r,0.833,0.759,1.797,0.79
5v3r,43,3,0.9158,0.8256,0.9126,0.9528,0.9301,0.8925,1.3499,PepSet_dimer_output_esmfold2,5v3r,0.905,0.862,1.35,0.56
5v3r,43,4,0.9158,0.8279,0.9127,0.9521,0.9326,0.9465,1.3944,PepSet_dimer_output_esmfold2,5v3r,0.906,0.862,1.394,0.551
5v3r,44,0,0.9144,0.8283,0.9113,0.9519,0.9337,1.0774,1.4939,PepSet_dimer_output_esmfold2,5v3r,0.905,0.862,1.494,0.543
5v3r,44,1,0.9133,0.8205,0.91,0.9473,0.9205,1.7605,1.8165,PepSet_dimer_output_esmfold2,5v3r,0.817,0.724,1.817,0.816
5v3r,44,2,0.9109,0.8264,0.908,0.9505,0.9307,1.0201,1.9662,PepSet_dimer_output_esmfold2,5v3r,0.883,0.862,1.966,0.662
5v3r,44,3,0.9152,0.8296,0.9122,0.9518,0.9329,0.9525,1.6759,PepSet_dimer_output_esmfold2,5v3r,0.897,0.862,1.676,0.59
5v3r,44,4,0.914,0.832,0.9111,0.9518,0.9343,1.0142,1.4132,PepSet_dimer_output_esmfold2,5v3r,0.913,0.862,1.413,0.489
5wfv,42,0,0.9714,0.8835,0.9687,0.9827,0.962,0.3244,0.4515,PepSet_dimer_output_esmfold2,5wfv,0.945,0.891,0.452,0.361
5wfv,42,1,0.9715,0.8847,0.9689,0.983,0.9626,0.3377,0.4846,PepSet_dimer_output_esmfold2,5wfv,0.955,0.913,0.485,0.322
5wfv,42,2,0.9714,0.8835,0.9687,0.983,0.9617,0.3277,0.4445,PepSet_dimer_output_esmfold2,5wfv,0.942,0.891,0.445,0.384
5wfv,42,3,0.9716,0.8837,0.9689,0.983,0.9615,0.3329,0.5333,PepSet_dimer_output_esmfold2,5wfv,0.957,0.935,0.533,0.376
5wfv,42,4,0.9719,0.8883,0.9693,0.9834,0.9645,0.3503,0.532,PepSet_dimer_output_esmfold2,5wfv,0.95,0.913,0.532,0.379
5wfv,43,0,0.9718,0.8877,0.9692,0.9832,0.963,0.3364,0.4067,PepSet_dimer_output_esmfold2,5wfv,0.949,0.913,0.407,0.387
5wfv,43,1,0.9717,0.886,0.969,0.9831,0.9629,0.3489,0.5417,PepSet_dimer_output_esmfold2,5wfv,0.954,0.935,0.542,0.407
5wfv,43,2,0.9719,0.8867,0.9693,0.9833,0.9637,0.335,0.4918,PepSet_dimer_output_esmfold2,5wfv,0.953,0.913,0.492,0.343
5wfv,43,3,0.9717,0.8856,0.969,0.983,0.9633,0.3444,0.4931,PepSet_dimer_output_esmfold2,5wfv,0.958,0.935,0.493,0.373
5wfv,43,4,0.9716,0.8723,0.9686,0.9828,0.958,0.317,0.9919,PepSet_dimer_output_esmfold2,5wfv,0.932,0.891,0.992,0.444
5wfv,44,0,0.9712,0.8829,0.9685,0.9827,0.9614,0.3419,0.4963,PepSet_dimer_output_esmfold2,5wfv,0.931,0.87,0.496,0.42
5wfv,44,1,0.972,0.8916,0.9695,0.9837,0.9659,0.3567,0.4178,PepSet_dimer_output_esmfold2,5wfv,0.949,0.913,0.418,0.386
5wfv,44,2,0.9719,0.8896,0.9694,0.9836,0.9656,0.3209,0.419,PepSet_dimer_output_esmfold2,5wfv,0.954,0.913,0.419,0.344
5wfv,44,3,0.9717,0.8876,0.9692,0.9832,0.9633,0.3249,0.3639,PepSet_dimer_output_esmfold2,5wfv,0.958,0.913,0.364,0.299
5wfv,44,4,0.9715,0.8714,0.9685,0.9829,0.9567,0.3421,1.0136,PepSet_dimer_output_esmfold2,5wfv,0.946,0.935,1.014,0.455
5wyi,42,0,0.8737,0.4249,0.8491,0.8708,0.3368,1.54,34.0137,PepSet_dimer_output_esmfold2,5wyi,0.025,0.0,34.014,11.474
5wyi,42,1,0.8753,0.4374,0.8513,0.8734,0.3652,2.0528,33.5276,PepSet_dimer_output_esmfold2,5wyi,0.026,0.0,33.528,11.324
5wyi,42,2,0.8634,0.3083,0.8329,0.8594,0.1813,2.1821,24.6129,PepSet_dimer_output_esmfold2,5wyi,0.046,0.0,24.613,8.162
5wyi,42,3,0.8685,0.3459,0.8399,0.8631,0.2141,1.5455,24.3088,PepSet_dimer_output_esmfold2,5wyi,0.047,0.0,24.309,8.071
5wyi,42,4,0.8615,0.4177,0.8372,0.8616,0.3467,2.0249,34.1366,PepSet_dimer_output_esmfold2,5wyi,0.025,0.0,34.137,11.404
5wyi,43,0,0.8761,0.4591,0.8533,0.8755,0.396,1.0063,33.7463,PepSet_dimer_output_esmfold2,5wyi,0.025,0.0,33.746,11.528
5wyi,43,1,0.8611,0.3264,0.8318,0.8575,0.2059,1.3253,23.6246,PepSet_dimer_output_esmfold2,5wyi,0.05,0.0,23.625,7.94
5wyi,43,2,0.8722,0.4215,0.8475,0.8704,0.3416,1.6456,34.0285,PepSet_dimer_output_esmfold2,5wyi,0.025,0.0,34.028,11.509
5wyi,43,3,0.8714,0.3792,0.8444,0.8668,0.2686,1.7264,33.9587,PepSet_dimer_output_esmfold2,5wyi,0.025,0.0,33.959,11.527
5wyi,43,4,0.874,0.4159,0.8489,0.8711,0.3457,1.0645,32.3097,PepSet_dimer_output_esmfold2,5wyi,0.028,0.0,32.31,10.937
5wyi,44,0,0.8746,0.4176,0.8496,0.871,0.3355,1.1977,33.9587,PepSet_dimer_output_esmfold2,5wyi,0.025,0.0,33.959,11.498
5wyi,44,1,0.8697,0.3701,0.8423,0.867,0.2581,1.2943,27.9536,PepSet_dimer_output_esmfold2,5wyi,0.037,0.0,27.954,9.37
5wyi,44,2,0.8689,0.3843,0.8424,0.8649,0.3008,1.8153,34.0476,PepSet_dimer_output_esmfold2,5wyi,0.025,0.0,34.048,11.463
5wyi,44,3,0.8661,0.3219,0.8362,0.8616,0.1919,1.7918,23.6121,PepSet_dimer_output_esmfold2,5wyi,0.05,0.0,23.612,7.84
5wyi,44,4,0.8627,0.3988,0.8373,0.8653,0.32,2.0867,28.0375,PepSet_dimer_output_esmfold2,5wyi,0.036,0.0,28.038,9.645
5xhz,42,0,0.9117,0.8936,0.9089,0.905,0.8921,1.5724,1.5777,PepSet_dimer_output_esmfold2,5xhz,0.906,0.9,1.578,0.626
5xhz,42,1,0.9112,0.8995,0.9094,0.9056,0.8976,1.817,1.7835,PepSet_dimer_output_esmfold2,5xhz,0.887,0.875,1.783,0.686
5xhz,42,2,0.9117,0.8979,0.9096,0.9051,0.8956,1.5472,1.6245,PepSet_dimer_output_esmfold2,5xhz,0.901,0.9,1.625,0.656
5xhz,42,3,0.9096,0.8955,0.9074,0.9019,0.892,1.8719,1.7618,PepSet_dimer_output_esmfold2,5xhz,0.893,0.875,1.762,0.642
5xhz,42,4,0.9113,0.8985,0.9093,0.9059,0.8965,1.8621,1.7245,PepSet_dimer_output_esmfold2,5xhz,0.876,0.85,1.725,0.706
5xhz,43,0,0.9097,0.9017,0.9084,0.904,0.8984,1.6132,1.5775,PepSet_dimer_output_esmfold2,5xhz,0.894,0.875,1.578,0.651
5xhz,43,1,0.9121,0.8987,0.91,0.905,0.8968,1.6377,1.7029,PepSet_dimer_output_esmfold2,5xhz,0.9,0.9,1.703,0.655
5xhz,43,2,0.9123,0.8947,0.9096,0.9058,0.8906,1.6793,1.6166,PepSet_dimer_output_esmfold2,5xhz,0.901,0.9,1.617,0.662
5xhz,43,3,0.9028,0.9001,0.9023,0.8974,0.8959,1.54,1.4593,PepSet_dimer_output_esmfold2,5xhz,0.896,0.9,1.459,0.71
5xhz,43,4,0.9122,0.8982,0.91,0.9052,0.895,1.6529,1.7401,PepSet_dimer_output_esmfold2,5xhz,0.892,0.9,1.74,0.713
5xhz,44,0,0.9087,0.8962,0.9067,0.9026,0.8955,1.5166,1.495,PepSet_dimer_output_esmfold2,5xhz,0.904,0.9,1.495,0.65
5xhz,44,1,0.9126,0.8967,0.9101,0.9062,0.892,1.7656,1.6795,PepSet_dimer_output_esmfold2,5xhz,0.889,0.875,1.679,0.683
5xhz,44,2,0.911,0.8963,0.9087,0.904,0.895,1.5305,1.5939,PepSet_dimer_output_esmfold2,5xhz,0.895,0.875,1.594,0.646
5xhz,44,3,0.9124,0.8983,0.9103,0.9065,0.8958,1.7272,1.8082,PepSet_dimer_output_esmfold2,5xhz,0.893,0.9,1.808,0.698
5xhz,44,4,0.9082,0.8993,0.9069,0.9029,0.8954,1.574,1.6467,PepSet_dimer_output_esmfold2,5xhz,0.887,0.875,1.647,0.696
5xxq,42,0,0.9571,0.8621,0.9547,0.9785,0.9692,1.6109,0.8459,PepSet_dimer_output_esmfold2,5xxq,0.984,1.0,0.846,0.303
5xxq,42,1,0.9567,0.8607,0.9543,0.9782,0.9689,1.6096,0.9149,PepSet_dimer_output_esmfold2,5xxq,0.966,0.951,0.915,0.313
5xxq,42,2,0.9571,0.8571,0.9545,0.9784,0.9679,1.6091,0.7607,PepSet_dimer_output_esmfold2,5xxq,0.969,0.951,0.761,0.291
5xxq,42,3,0.9553,0.8575,0.9528,0.9771,0.9682,1.6502,0.9578,PepSet_dimer_output_esmfold2,5xxq,0.964,0.951,0.958,0.331
5xxq,42,4,0.9463,0.8606,0.9441,0.9736,0.9688,1.423,1.0202,PepSet_dimer_output_esmfold2,5xxq,0.979,1.0,1.02,0.339
5xxq,43,0,0.9564,0.86,0.9539,0.9782,0.9682,1.6108,0.8002,PepSet_dimer_output_esmfold2,5xxq,0.984,1.0,0.8,0.297
5xxq,43,1,0.9556,0.8609,0.9532,0.9772,0.9691,1.6556,0.9169,PepSet_dimer_output_esmfold2,5xxq,0.965,0.951,0.917,0.322
5xxq,43,2,0.957,0.8603,0.9546,0.9787,0.9689,1.6185,0.793,PepSet_dimer_output_esmfold2,5xxq,0.969,0.951,0.793,0.29
5xxq,43,3,0.9536,0.8605,0.9512,0.9765,0.9698,1.2823,0.6915,PepSet_dimer_output_esmfold2,5xxq,0.97,0.951,0.692,0.289
5xxq,43,4,0.9568,0.8606,0.9543,0.9784,0.9693,1.6281,0.8145,PepSet_dimer_output_esmfold2,5xxq,0.967,0.951,0.814,0.308
5xxq,44,0,0.9567,0.8539,0.9541,0.9782,0.9653,1.6445,0.8864,PepSet_dimer_output_esmfold2,5xxq,0.965,0.951,0.886,0.322
5xxq,44,1,0.9566,0.8616,0.9542,0.978,0.9685,1.6075,0.8774,PepSet_dimer_output_esmfold2,5xxq,0.966,0.951,0.877,0.315
5xxq,44,2,0.956,0.8583,0.9535,0.978,0.9687,1.6226,0.7922,PepSet_dimer_output_esmfold2,5xxq,0.968,0.951,0.792,0.299
5xxq,44,3,0.9567,0.8584,0.9542,0.9778,0.9687,1.6149,0.8422,PepSet_dimer_output_esmfold2,5xxq,0.967,0.951,0.842,0.303
5xxq,44,4,0.9565,0.8521,0.9538,0.9781,0.9643,1.6473,0.7281,PepSet_dimer_output_esmfold2,5xxq,0.969,0.951,0.728,0.298
5yay,42,0,0.9537,0.8758,0.9492,0.9645,0.9563,0.5206,0.8007,PepSet_dimer_output_esmfold2,5yay,0.96,0.952,0.801,0.389
5yay,42,1,0.9558,0.8778,0.9513,0.9643,0.9567,0.5214,0.6905,PepSet_dimer_output_esmfold2,5yay,0.957,0.952,0.691,0.421
5yay,42,2,0.9552,0.8771,0.9507,0.9638,0.9569,0.6116,0.8081,PepSet_dimer_output_esmfold2,5yay,0.957,0.935,0.808,0.365
5yay,42,3,0.9559,0.8812,0.9516,0.9645,0.9592,0.5816,0.7714,PepSet_dimer_output_esmfold2,5yay,0.948,0.935,0.771,0.453
5yay,42,4,0.9559,0.8804,0.9515,0.9638,0.9586,0.5534,0.7813,PepSet_dimer_output_esmfold2,5yay,0.956,0.935,0.781,0.374
5yay,43,0,0.9549,0.8741,0.9503,0.9629,0.9561,0.4411,0.8721,PepSet_dimer_output_esmfold2,5yay,0.952,0.952,0.872,0.455
5yay,43,1,0.9556,0.8766,0.951,0.9642,0.9551,0.5993,0.8686,PepSet_dimer_output_esmfold2,5yay,0.961,0.952,0.869,0.371
5yay,43,2,0.955,0.8703,0.9501,0.9641,0.954,0.5634,1.0829,PepSet_dimer_output_esmfold2,5yay,0.949,0.935,1.083,0.42
5yay,43,3,0.9554,0.8755,0.9508,0.9639,0.956,0.6501,0.9785,PepSet_dimer_output_esmfold2,5yay,0.949,0.935,0.978,0.427
5yay,43,4,0.9541,0.8757,0.9495,0.9633,0.9555,0.4302,0.7727,PepSet_dimer_output_esmfold2,5yay,0.964,0.952,0.773,0.348
5yay,44,0,0.9563,0.8814,0.952,0.9651,0.9585,0.6431,0.7055,PepSet_dimer_output_esmfold2,5yay,0.963,0.952,0.705,0.369
5yay,44,1,0.9549,0.8745,0.9503,0.9634,0.9557,0.5173,0.8172,PepSet_dimer_output_esmfold2,5yay,0.96,0.952,0.817,0.384
5yay,44,2,0.9559,0.8785,0.9514,0.964,0.9584,0.6366,0.6842,PepSet_dimer_output_esmfold2,5yay,0.964,0.952,0.684,0.356
5yay,44,3,0.9558,0.8755,0.9511,0.964,0.9563,0.5241,0.696,PepSet_dimer_output_esmfold2,5yay,0.957,0.952,0.696,0.424
5yay,44,4,0.9565,0.8815,0.9522,0.9651,0.9593,0.6475,0.7461,PepSet_dimer_output_esmfold2,5yay,0.969,0.968,0.746,0.35
6b27,42,0,0.909,0.9033,0.9085,0.9257,0.9408,2.2323,1.0095,PepSet_dimer_output_esmfold2,6b27,0.954,1.0,1.01,0.566
6b27,42,1,0.9075,0.9023,0.9071,0.9238,0.9375,1.8187,0.9703,PepSet_dimer_output_esmfold2,6b27,0.961,1.0,0.97,0.513
6b27,42,2,0.9058,0.9046,0.9057,0.9239,0.9402,1.6339,1.0547,PepSet_dimer_output_esmfold2,6b27,0.954,1.0,1.055,0.559
6b27,42,3,0.9131,0.8992,0.912,0.9285,0.9347,1.8151,1.0274,PepSet_dimer_output_esmfold2,6b27,0.944,0.968,1.027,0.561
6b27,42,4,0.9133,0.9047,0.9127,0.9291,0.9398,1.7873,1.0383,PepSet_dimer_output_esmfold2,6b27,0.961,1.0,1.038,0.509
6b27,43,0,0.9152,0.9019,0.9141,0.9292,0.935,1.8482,0.971,PepSet_dimer_output_esmfold2,6b27,0.943,0.968,0.971,0.568
6b27,43,1,0.9111,0.9047,0.9106,0.9277,0.9398,2.0333,1.1799,PepSet_dimer_output_esmfold2,6b27,0.948,1.0,1.18,0.6
6b27,43,2,0.9174,0.9004,0.9161,0.9299,0.9354,2.3545,1.1621,PepSet_dimer_output_esmfold2,6b27,0.94,0.968,1.162,0.58
6b27,43,3,0.9168,0.9037,0.9158,0.9296,0.9383,2.4021,0.9569,PepSet_dimer_output_esmfold2,6b27,0.964,1.0,0.957,0.485
6b27,43,4,0.9122,0.9049,0.9116,0.9284,0.9389,1.7376,1.0117,PepSet_dimer_output_esmfold2,6b27,0.948,0.968,1.012,0.53
6b27,44,0,0.9154,0.9048,0.9146,0.9306,0.9397,1.8787,1.0772,PepSet_dimer_output_esmfold2,6b27,0.937,0.935,1.077,0.528
6b27,44,1,0.9179,0.9013,0.9166,0.9306,0.9338,2.3612,0.9973,PepSet_dimer_output_esmfold2,6b27,0.956,1.0,0.997,0.552
6b27,44,2,0.9147,0.9048,0.9139,0.93,0.9388,1.9514,1.2727,PepSet_dimer_output_esmfold2,6b27,0.944,1.0,1.273,0.62
6b27,44,3,0.9096,0.9033,0.9091,0.9265,0.9383,1.9035,1.2319,PepSet_dimer_output_esmfold2,6b27,0.933,0.935,1.232,0.545
6b27,44,4,0.9134,0.9021,0.9125,0.9287,0.9375,1.9349,1.2567,PepSet_dimer_output_esmfold2,6b27,0.951,1.0,1.257,0.571
6co4,42,0,0.9491,0.9076,0.9445,0.9588,0.9355,1.0606,2.1006,PepSet_dimer_output_esmfold2,6co4,0.836,0.936,2.101,1.155
6co4,42,1,0.946,0.9012,0.9411,0.9552,0.9268,1.3177,2.2339,PepSet_dimer_output_esmfold2,6co4,0.824,0.936,2.234,1.223
6co4,42,2,0.9494,0.9088,0.9449,0.9587,0.9353,1.0676,2.1748,PepSet_dimer_output_esmfold2,6co4,0.83,0.936,2.175,1.187
6co4,42,3,0.9494,0.9043,0.9444,0.9586,0.9316,1.0637,2.1276,PepSet_dimer_output_esmfold2,6co4,0.832,0.936,2.128,1.175
6co4,42,4,0.9495,0.9073,0.9448,0.9589,0.9331,1.057,2.0149,PepSet_dimer_output_esmfold2,6co4,0.831,0.915,2.015,1.149
6co4,43,0,0.9476,0.9006,0.9424,0.9576,0.9277,1.0707,2.1202,PepSet_dimer_output_esmfold2,6co4,0.832,0.936,2.12,1.177
6co4,43,1,0.9482,0.905,0.9434,0.957,0.9288,1.0873,2.1346,PepSet_dimer_output_esmfold2,6co4,0.829,0.936,2.135,1.199
6co4,43,2,0.9493,0.9043,0.9444,0.9585,0.9323,1.0856,2.1368,PepSet_dimer_output_esmfold2,6co4,0.825,0.915,2.137,1.175
6co4,43,3,0.9488,0.9055,0.9441,0.9579,0.9295,1.124,2.0904,PepSet_dimer_output_esmfold2,6co4,0.832,0.936,2.09,1.181
6co4,43,4,0.9503,0.9084,0.9456,0.9596,0.9345,1.0694,2.2894,PepSet_dimer_output_esmfold2,6co4,0.822,0.936,2.289,1.23
6co4,44,0,0.9479,0.9089,0.9436,0.9581,0.9371,1.1224,1.8508,PepSet_dimer_output_esmfold2,6co4,0.847,0.936,1.851,1.099
6co4,44,1,0.947,0.9069,0.9425,0.9571,0.9334,1.1595,2.048,PepSet_dimer_output_esmfold2,6co4,0.836,0.936,2.048,1.155
6co4,44,2,0.9486,0.9055,0.9439,0.958,0.933,1.0832,2.1264,PepSet_dimer_output_esmfold2,6co4,0.825,0.915,2.126,1.177
6co4,44,3,0.9487,0.9084,0.9443,0.9582,0.9356,1.0769,2.195,PepSet_dimer_output_esmfold2,6co4,0.827,0.936,2.195,1.205
6co4,44,4,0.9499,0.9091,0.9454,0.9596,0.9364,1.0641,2.305,PepSet_dimer_output_esmfold2,6co4,0.822,0.936,2.305,1.231
6dei,42,0,0.3962,0.3113,0.3843,0.2009,0.1208,14.2936,15.8083,PepSet_dimer_output_esmfold2,6dei,0.086,0.021,15.808,13.539
6dei,42,1,0.4005,0.3208,0.3894,0.2036,0.1378,14.8687,17.9605,PepSet_dimer_output_esmfold2,6dei,0.079,0.042,17.96,13.08
6dei,42,2,0.3982,0.312,0.3862,0.1933,0.1241,14.8606,21.7685,PepSet_dimer_output_esmfold2,6dei,0.069,0.062,21.769,13.192
6dei,42,3,0.3925,0.328,0.3835,0.1852,0.137,16.2218,10.6324,PepSet_dimer_output_esmfold2,6dei,0.134,0.0,10.632,13.848
6dei,42,4,0.39,0.3114,0.3791,0.1909,0.1052,13.9892,9.6884,PepSet_dimer_output_esmfold2,6dei,0.158,0.021,9.688,11.348
6dei,43,0,0.3935,0.3162,0.3828,0.2063,0.1405,15.0465,16.6472,PepSet_dimer_output_esmfold2,6dei,0.101,0.083,16.647,12.711
6dei,43,1,0.4041,0.3154,0.3917,0.1978,0.141,14.8866,16.1946,PepSet_dimer_output_esmfold2,6dei,0.083,0.021,16.195,13.881
6dei,43,2,0.3948,0.3196,0.3843,0.2039,0.137,14.8196,21.3209,PepSet_dimer_output_esmfold2,6dei,0.057,0.021,21.321,13.215
6dei,43,3,0.3976,0.3246,0.3874,0.2003,0.1368,15.7086,19.3831,PepSet_dimer_output_esmfold2,6dei,0.1,0.125,19.383,13.007
6dei,43,4,0.4015,0.3136,0.3892,0.1946,0.1318,13.7159,14.4099,PepSet_dimer_output_esmfold2,6dei,0.104,0.042,14.41,13.006
6dei,44,0,0.3896,0.3168,0.3795,0.2053,0.1292,12.6479,24.1392,PepSet_dimer_output_esmfold2,6dei,0.04,0.0,24.139,14.641
6dei,44,1,0.3908,0.2975,0.3778,0.192,0.0671,16.4764,19.4821,PepSet_dimer_output_esmfold2,6dei,0.077,0.062,19.482,14.95
6dei,44,2,0.3847,0.2893,0.3714,0.1829,0.0871,16.2985,23.4248,PepSet_dimer_output_esmfold2,6dei,0.042,0.0,23.425,15.002
6dei,44,3,0.4037,0.321,0.3922,0.2103,0.1365,14.3374,20.0419,PepSet_dimer_output_esmfold2,6dei,0.062,0.021,20.042,13.691
6dei,44,4,0.3762,0.3034,0.366,0.1855,0.0738,14.4631,14.9932,PepSet_dimer_output_esmfold2,6dei,0.12,0.104,14.993,12.712
6e5x,42,0,0.7909,0.8391,0.7954,0.8103,0.8359,3.4466,4.9843,PepSet_dimer_output_esmfold2,6e5x,0.699,0.943,4.984,1.798
6e5x,42,1,0.7889,0.8603,0.7955,0.8215,0.8622,3.7221,5.2875,PepSet_dimer_output_esmfold2,6e5x,0.692,0.943,5.288,1.793
6e5x,42,2,0.7759,0.8353,0.7814,0.7975,0.8317,4.2164,4.8048,PepSet_dimer_output_esmfold2,6e5x,0.704,0.943,4.805,1.796
6e5x,42,3,0.789,0.8342,0.7932,0.8088,0.8313,3.7251,5.2113,PepSet_dimer_output_esmfold2,6e5x,0.697,0.943,5.211,1.763
6e5x,42,4,0.7775,0.8615,0.7853,0.8082,0.8602,4.8224,4.6247,PepSet_dimer_output_esmfold2,6e5x,0.709,0.943,4.625,1.788
6e5x,43,0,0.8026,0.8485,0.8069,0.8244,0.8453,4.3036,5.5671,PepSet_dimer_output_esmfold2,6e5x,0.674,0.943,5.567,1.914
6e5x,43,1,0.8142,0.8315,0.8158,0.8384,0.8268,8.3705,5.538,PepSet_dimer_output_esmfold2,6e5x,0.696,0.943,5.538,1.677
6e5x,43,2,0.7825,0.8453,0.7884,0.8081,0.848,4.7305,4.9198,PepSet_dimer_output_esmfold2,6e5x,0.689,0.943,4.92,1.94
6e5x,43,3,0.7871,0.8378,0.7918,0.8105,0.8362,4.175,5.0546,PepSet_dimer_output_esmfold2,6e5x,0.687,0.943,5.055,1.914
6e5x,43,4,0.8428,0.8622,0.8446,0.8691,0.8655,8.3877,5.9874,PepSet_dimer_output_esmfold2,6e5x,0.669,0.943,5.987,1.854
6e5x,44,0,0.7729,0.8347,0.7786,0.7944,0.8299,5.0776,4.4162,PepSet_dimer_output_esmfold2,6e5x,0.734,0.971,4.416,1.684
6e5x,44,1,0.7973,0.8572,0.8029,0.8228,0.8565,4.2178,5.2729,PepSet_dimer_output_esmfold2,6e5x,0.695,0.943,5.273,1.761
6e5x,44,2,0.7873,0.8366,0.7919,0.8098,0.8354,8.3813,5.525,PepSet_dimer_output_esmfold2,6e5x,0.688,0.943,5.525,1.77
6e5x,44,3,0.7863,0.8329,0.7906,0.807,0.8278,3.7613,4.8592,PepSet_dimer_output_esmfold2,6e5x,0.712,0.943,4.859,1.696
6e5x,44,4,0.7923,0.8346,0.7963,0.8123,0.8308,3.9891,4.876,PepSet_dimer_output_esmfold2,6e5x,0.712,0.943,4.876,1.69
6f0w,42,0,0.9229,0.8638,0.9185,0.9527,0.9282,1.6943,0.4645,PepSet_dimer_output_esmfold2,6f0w,0.902,0.947,0.465,0.84
6f0w,42,1,0.9219,0.8429,0.916,0.9507,0.9147,1.6533,0.9926,PepSet_dimer_output_esmfold2,6f0w,0.885,0.934,0.993,0.902
6f0w,42,2,0.921,0.8645,0.9167,0.9512,0.9296,1.6558,0.4371,PepSet_dimer_output_esmfold2,6f0w,0.9,0.934,0.437,0.823
6f0w,42,3,0.9218,0.8633,0.9174,0.9515,0.9279,1.6456,0.514,PepSet_dimer_output_esmfold2,6f0w,0.91,0.961,0.514,0.811
6f0w,42,4,0.9205,0.8619,0.9161,0.9535,0.9272,1.1617,0.5669,PepSet_dimer_output_esmfold2,6f0w,0.904,0.961,0.567,0.852
6f0w,43,0,0.9222,0.8616,0.9176,0.9512,0.927,1.7405,0.694,PepSet_dimer_output_esmfold2,6f0w,0.897,0.947,0.694,0.866
6f0w,43,1,0.9202,0.8603,0.9156,0.9496,0.9287,1.7772,0.5892,PepSet_dimer_output_esmfold2,6f0w,0.88,0.947,0.589,0.988
6f0w,43,2,0.9244,0.8636,0.9198,0.953,0.9277,1.6674,0.7474,PepSet_dimer_output_esmfold2,6f0w,0.905,0.961,0.747,0.84
6f0w,43,3,0.9224,0.8607,0.9177,0.952,0.9268,1.6421,0.5808,PepSet_dimer_output_esmfold2,6f0w,0.9,0.934,0.581,0.818
6f0w,43,4,0.9225,0.8644,0.9181,0.952,0.9286,1.679,0.4529,PepSet_dimer_output_esmfold2,6f0w,0.906,0.961,0.453,0.84
6f0w,44,0,0.923,0.8593,0.9182,0.952,0.9241,1.7006,0.6891,PepSet_dimer_output_esmfold2,6f0w,0.91,0.961,0.689,0.803
6f0w,44,1,0.9199,0.8576,0.9152,0.9514,0.9238,1.6713,0.5648,PepSet_dimer_output_esmfold2,6f0w,0.897,0.947,0.565,0.867
6f0w,44,2,0.9223,0.8595,0.9176,0.951,0.9253,1.7173,0.4732,PepSet_dimer_output_esmfold2,6f0w,0.906,0.961,0.473,0.84
6f0w,44,3,0.9215,0.8591,0.9168,0.9524,0.9254,1.6154,0.4548,PepSet_dimer_output_esmfold2,6f0w,0.909,0.947,0.455,0.787
6f0w,44,4,0.9234,0.863,0.9188,0.9517,0.9284,1.6601,0.4874,PepSet_dimer_output_esmfold2,6f0w,0.92,0.974,0.487,0.771
6f0y,42,0,0.8261,0.7188,0.8175,0.8141,0.7399,8.4105,6.0774,PepSet_dimer_output_esmfold2,6f0y,0.542,0.795,6.077,3.344
6f0y,42,1,0.8205,0.7362,0.8137,0.8105,0.7632,4.705,7.5491,PepSet_dimer_output_esmfold2,6f0y,0.504,0.795,7.549,3.477
6f0y,42,2,0.8214,0.7513,0.8158,0.8148,0.7734,6.987,9.5724,PepSet_dimer_output_esmfold2,6f0y,0.463,0.841,9.572,4.313
6f0y,42,3,0.826,0.724,0.8179,0.819,0.7496,6.7684,7.0765,PepSet_dimer_output_esmfold2,6f0y,0.515,0.795,7.076,3.435
6f0y,42,4,0.8285,0.7506,0.8223,0.8203,0.7704,10.6666,12.1038,PepSet_dimer_output_esmfold2,6f0y,0.409,0.818,12.104,5.181
6f0y,43,0,0.8245,0.7493,0.8185,0.8156,0.7646,8.5561,9.9245,PepSet_dimer_output_esmfold2,6f0y,0.436,0.795,9.924,4.829
6f0y,43,1,0.8274,0.7501,0.8212,0.819,0.7679,4.3023,8.2005,PepSet_dimer_output_esmfold2,6f0y,0.479,0.773,8.2,3.614
6f0y,43,2,0.8263,0.7357,0.819,0.8177,0.7635,3.9941,7.0989,PepSet_dimer_output_esmfold2,6f0y,0.545,0.841,7.099,2.958
6f0y,43,3,0.8222,0.7509,0.8165,0.8175,0.7673,6.6816,9.827,PepSet_dimer_output_esmfold2,6f0y,0.436,0.795,9.827,4.946
6f0y,43,4,0.8225,0.6859,0.8116,0.8105,0.7292,6.2563,5.5065,PepSet_dimer_output_esmfold2,6f0y,0.534,0.705,5.507,3.065
6f0y,44,0,0.824,0.7008,0.8141,0.8079,0.7237,8.9605,6.6716,PepSet_dimer_output_esmfold2,6f0y,0.515,0.795,6.672,3.883
6f0y,44,1,0.8277,0.7493,0.8214,0.8193,0.7692,10.1548,12.068,PepSet_dimer_output_esmfold2,6f0y,0.404,0.795,12.068,4.954
6f0y,44,2,0.8288,0.7435,0.822,0.8155,0.7593,9.7796,11.6172,PepSet_dimer_output_esmfold2,6f0y,0.405,0.795,11.617,5.38
6f0y,44,3,0.8271,0.7454,0.8206,0.8154,0.7659,7.7174,10.0823,PepSet_dimer_output_esmfold2,6f0y,0.427,0.773,10.082,4.684
6f0y,44,4,0.8261,0.7505,0.82,0.8202,0.7662,4.4079,9.4811,PepSet_dimer_output_esmfold2,6f0y,0.459,0.818,9.481,4.202
6f4s,42,0,0.946,0.4502,0.9357,0.9672,0.583,0.2916,4.1397,PepSet_dimer_output_esmfold2,6f4s,0.65,0.484,4.14,1.084
6f4s,42,1,0.9448,0.4479,0.9344,0.9666,0.5748,0.3182,4.9686,PepSet_dimer_output_esmfold2,6f4s,0.647,0.613,4.969,1.273
6f4s,42,2,0.9453,0.4268,0.9345,0.9662,0.5509,0.2394,3.0368,PepSet_dimer_output_esmfold2,6f4s,0.76,0.613,3.037,0.797
6f4s,42,3,0.9444,0.4163,0.9334,0.9647,0.498,0.3312,6.6077,PepSet_dimer_output_esmfold2,6f4s,0.494,0.419,6.608,1.693
6f4s,42,4,0.9451,0.4565,0.935,0.9664,0.5712,0.2373,5.2948,PepSet_dimer_output_esmfold2,6f4s,0.606,0.548,5.295,1.36
6f4s,43,0,0.9451,0.4461,0.9347,0.9656,0.5483,0.2798,5.9767,PepSet_dimer_output_esmfold2,6f4s,0.569,0.548,5.977,1.534
6f4s,43,1,0.9455,0.4591,0.9354,0.9666,0.5755,0.2511,5.8351,PepSet_dimer_output_esmfold2,6f4s,0.598,0.613,5.835,1.492
6f4s,43,2,0.9443,0.3903,0.9328,0.965,0.4946,0.2503,7.9262,PepSet_dimer_output_esmfold2,6f4s,0.455,0.484,7.926,2.057
6f4s,43,3,0.9458,0.46,0.9357,0.9675,0.5925,0.2516,3.324,PepSet_dimer_output_esmfold2,6f4s,0.764,0.677,3.324,0.873
6f4s,43,4,0.9456,0.4618,0.9355,0.9672,0.5949,0.2353,3.269,PepSet_dimer_output_esmfold2,6f4s,0.778,0.71,3.269,0.858
6f4s,44,0,0.9458,0.4683,0.9358,0.9673,0.5924,0.2678,3.9315,PepSet_dimer_output_esmfold2,6f4s,0.717,0.645,3.931,1.024
6f4s,44,1,0.9439,0.4046,0.9327,0.9645,0.5015,0.2595,7.6364,PepSet_dimer_output_esmfold2,6f4s,0.478,0.516,7.636,1.98
6f4s,44,2,0.945,0.4598,0.9349,0.9663,0.5751,0.267,4.8679,PepSet_dimer_output_esmfold2,6f4s,0.672,0.677,4.868,1.261
6f4s,44,3,0.9442,0.3595,0.932,0.9644,0.4643,0.2965,6.519,PepSet_dimer_output_esmfold2,6f4s,0.507,0.452,6.519,1.694
6f4s,44,4,0.9458,0.4122,0.9347,0.9661,0.5417,0.2954,3.8612,PepSet_dimer_output_esmfold2,6f4s,0.692,0.548,3.861,0.985
6f6d,42,0,0.9264,0.6988,0.9181,0.9593,0.8319,1.2491,2.7937,PepSet_dimer_output_esmfold2,6f6d,0.71,0.69,2.794,1.39
6f6d,42,1,0.9231,0.706,0.9152,0.9574,0.8413,1.2313,7.1808,PepSet_dimer_output_esmfold2,6f6d,0.511,0.69,7.181,2.53
6f6d,42,2,0.9262,0.7043,0.9181,0.9595,0.8346,1.2247,7.5199,PepSet_dimer_output_esmfold2,6f6d,0.492,0.678,7.52,2.681
6f6d,42,3,0.9249,0.6845,0.9162,0.9589,0.8343,1.2869,7.1486,PepSet_dimer_output_esmfold2,6f6d,0.489,0.632,7.149,2.598
6f6d,42,4,0.9296,0.7047,0.9214,0.9609,0.8413,1.1703,7.1417,PepSet_dimer_output_esmfold2,6f6d,0.543,0.782,7.142,2.527
6f6d,43,0,0.9252,0.6992,0.917,0.9594,0.8394,1.2836,2.039,PepSet_dimer_output_esmfold2,6f6d,0.805,0.851,2.039,1.179
6f6d,43,1,0.9257,0.7335,0.9187,0.9603,0.8706,1.337,7.9295,PepSet_dimer_output_esmfold2,6f6d,0.443,0.575,7.93,2.821
6f6d,43,2,0.9236,0.6756,0.9146,0.9577,0.8154,1.121,1.6981,PepSet_dimer_output_esmfold2,6f6d,0.822,0.828,1.698,1.037
6f6d,43,3,0.926,0.6891,0.9174,0.9595,0.8261,1.3247,7.7012,PepSet_dimer_output_esmfold2,6f6d,0.478,0.655,7.701,2.741
6f6d,43,4,0.9244,0.7037,0.9163,0.9584,0.8422,1.3156,2.1709,PepSet_dimer_output_esmfold2,6f6d,0.791,0.862,2.171,1.297
6f6d,44,0,0.9258,0.7027,0.9177,0.9598,0.8395,1.2341,2.8356,PepSet_dimer_output_esmfold2,6f6d,0.765,0.828,2.836,1.311
6f6d,44,1,0.9246,0.7096,0.9168,0.9599,0.8538,1.1239,4.4852,PepSet_dimer_output_esmfold2,6f6d,0.647,0.736,4.485,1.751
6f6d,44,2,0.9228,0.7116,0.9151,0.9587,0.8508,1.2674,7.9402,PepSet_dimer_output_esmfold2,6f6d,0.46,0.621,7.94,2.774
6f6d,44,3,0.9261,0.7009,0.9179,0.9598,0.839,1.2014,2.3778,PepSet_dimer_output_esmfold2,6f6d,0.787,0.805,2.378,1.155
6f6d,44,4,0.9256,0.669,0.9162,0.9592,0.8198,1.2462,2.0261,PepSet_dimer_output_esmfold2,6f6d,0.804,0.816,2.026,1.105
6fbk,42,0,0.8584,0.7679,0.843,0.8599,0.7592,2.9771,1.3194,PepSet_dimer_output_esmfold2,6fbk,0.847,0.921,1.319,1.119
6fbk,42,1,0.8568,0.761,0.8406,0.8552,0.7506,2.3784,1.3007,PepSet_dimer_output_esmfold2,6fbk,0.835,0.947,1.301,1.271
6fbk,42,2,0.79,0.6155,0.7603,0.7581,0.6102,2.8891,3.2138,PepSet_dimer_output_esmfold2,6fbk,0.733,0.842,3.214,1.553
6fbk,42,3,0.779,0.6096,0.7502,0.7435,0.5884,2.8815,2.6539,PepSet_dimer_output_esmfold2,6fbk,0.758,0.842,2.654,1.438
6fbk,42,4,0.7889,0.6071,0.758,0.7534,0.6045,2.2912,2.2879,PepSet_dimer_output_esmfold2,6fbk,0.752,0.816,2.288,1.477
6fbk,43,0,0.7903,0.6083,0.7594,0.7544,0.6016,2.2781,2.7732,PepSet_dimer_output_esmfold2,6fbk,0.74,0.816,2.773,1.503
6fbk,43,1,0.7874,0.6089,0.757,0.751,0.6048,2.1279,2.4219,PepSet_dimer_output_esmfold2,6fbk,0.75,0.816,2.422,1.473
6fbk,43,2,0.818,0.6334,0.7866,0.794,0.6484,2.8952,1.4223,PepSet_dimer_output_esmfold2,6fbk,0.834,0.921,1.422,1.201
6fbk,43,3,0.8517,0.7167,0.8288,0.8422,0.7301,2.1926,1.1165,PepSet_dimer_output_esmfold2,6fbk,0.85,0.921,1.116,1.11
6fbk,43,4,0.7931,0.6095,0.7619,0.7584,0.6136,2.222,2.4984,PepSet_dimer_output_esmfold2,6fbk,0.76,0.842,2.498,1.445
6fbk,44,0,0.8595,0.7633,0.8432,0.859,0.7543,2.3247,1.1934,PepSet_dimer_output_esmfold2,6fbk,0.86,0.947,1.193,1.099
6fbk,44,1,0.7893,0.6134,0.7594,0.7557,0.6002,2.2212,2.27,PepSet_dimer_output_esmfold2,6fbk,0.757,0.816,2.27,1.437
6fbk,44,2,0.8566,0.7506,0.8386,0.8557,0.7483,3.0259,1.3489,PepSet_dimer_output_esmfold2,6fbk,0.856,0.947,1.349,1.109
6fbk,44,3,0.784,0.6077,0.754,0.7505,0.5835,2.9203,2.8227,PepSet_dimer_output_esmfold2,6fbk,0.743,0.816,2.823,1.462
6fbk,44,4,0.7932,0.6204,0.7639,0.761,0.6157,2.2647,2.8189,PepSet_dimer_output_esmfold2,6fbk,0.725,0.789,2.819,1.544
6h7b,42,0,0.9446,0.8775,0.9357,0.9437,0.8891,0.683,2.1463,PepSet_dimer_output_esmfold2,6h7b,0.842,0.953,2.146,1.142
6h7b,42,1,0.9471,0.8876,0.9391,0.9464,0.892,0.3564,0.8813,PepSet_dimer_output_esmfold2,6h7b,0.964,1.0,0.881,0.491
6h7b,42,2,0.9469,0.8821,0.9383,0.946,0.8933,0.363,1.2208,PepSet_dimer_output_esmfold2,6h7b,0.939,0.977,1.221,0.608
6h7b,42,3,0.9465,0.8815,0.9378,0.9452,0.8926,0.6564,2.6267,PepSet_dimer_output_esmfold2,6h7b,0.83,1.0,2.627,1.283
6h7b,42,4,0.9466,0.8758,0.9372,0.9452,0.8914,0.6639,2.0377,PepSet_dimer_output_esmfold2,6h7b,0.868,1.0,2.038,1.08
6h7b,43,0,0.947,0.8912,0.9396,0.9472,0.8948,0.4593,1.3602,PepSet_dimer_output_esmfold2,6h7b,0.929,1.0,1.36,0.724
6h7b,43,1,0.9471,0.8852,0.9389,0.9462,0.8921,0.7165,2.1495,PepSet_dimer_output_esmfold2,6h7b,0.846,0.977,2.15,1.168
6h7b,43,2,0.9474,0.893,0.9401,0.9479,0.8977,0.6555,1.2091,PepSet_dimer_output_esmfold2,6h7b,0.906,0.977,1.209,0.839
6h7b,43,3,0.9464,0.8904,0.939,0.9453,0.8932,0.7551,1.427,PepSet_dimer_output_esmfold2,6h7b,0.868,0.93,1.427,0.981
6h7b,43,4,0.9476,0.8898,0.9399,0.9476,0.8949,0.6555,1.4589,PepSet_dimer_output_esmfold2,6h7b,0.901,1.0,1.459,0.905
6h7b,44,0,0.947,0.8935,0.9399,0.947,0.8962,0.677,1.9389,PepSet_dimer_output_esmfold2,6h7b,0.865,0.977,1.939,1.06
6h7b,44,1,0.946,0.8824,0.9375,0.9456,0.8882,0.3913,1.4728,PepSet_dimer_output_esmfold2,6h7b,0.921,0.977,1.473,0.712
6h7b,44,2,0.9452,0.8778,0.9362,0.9441,0.891,0.531,1.712,PepSet_dimer_output_esmfold2,6h7b,0.892,0.977,1.712,0.895
6h7b,44,3,0.9469,0.8807,0.938,0.946,0.8896,0.764,1.8595,PepSet_dimer_output_esmfold2,6h7b,0.859,0.977,1.859,1.112
6h7b,44,4,0.9465,0.8846,0.9382,0.9456,0.8922,0.7677,1.9349,PepSet_dimer_output_esmfold2,6h7b,0.856,0.977,1.935,1.124
