File,Mutant,G_wt_complex,G_wt_opt_apart,DG_wt,G_mut_complex,G_mut_opt_apart,DG_mut,DDG
ddg_2khh_0001,S65A,-46.861,-10.724,-36.137,-45.255,-8.82,-36.435,-0.298
ddg_2khh_0001,S59A,-34.097,-1.362,-32.735,-34.142,-0.082,-34.06,-1.325
ddg_2khh_0001,G64A,-56.485,-27.155,-29.33,-62.285,-27.377,-34.908,-5.578
ddg_2khh_0001,S62A,-44.074,-11.561,-32.513,-42.996,-10.452,-32.544,-0.031
ddg_2khh_0001,K66A,-51.501,-18.639,-32.862,-47.81,-18.772,-29.038,3.824
ddg_2khh_0001,F61A,-53.564,-22.063,-31.501,-50.214,-20.378,-29.836,1.665
ddg_2khh_0001,G60A,-33.11,-0.345,-32.765,-28.959,4.119,-33.078,-0.313
ddg_2khh_0001,D58A,1.344,27.467,-26.123,-1.559,19.178,-20.737,5.386
ddg_2khh_0001,F63A,-85.444,-54.618,-30.826,-69.393,-53.242,-16.151,14.675
ddg_2p1o_0010,P577A,-2538.117,-2477.283,-60.834,-2531.289,-2469.353,-61.936,-1.102
ddg_2p1o_0010,V579A,-2535.854,-2475.187,-60.667,-2527.106,-2470.429,-56.677,3.99
ddg_2p1o_0010,N581A,-2541.222,-2479.243,-61.979,-2541.188,-2478.521,-62.667,-0.688
ddg_2p1o_0010,G575A,-2531.361,-2470.951,-60.41,-2523.219,-2467.372,-55.847,4.563
ddg_2p1o_0010,W576A,-2543.153,-2483.398,-59.755,-2527.471,-2479.766,-47.705,12.05
ddg_2p1o_0010,Q572A,-2536.404,-2476.128,-60.276,-2536.364,-2475.649,-60.715,-0.439
ddg_2p1o_0010,R580A,-2546.208,-2487.9,-58.308,-2541.935,-2485.917,-56.018,2.29
ddg_2p1o_0010,P578A,-2538.612,-2477.655,-60.957,-2533.793,-2473.094,-60.699,0.258
ddg_2p1o_0010,Y582A,-2540.376,-2478.912,-61.464,-2540.195,-2478.291,-61.904,-0.44
ddg_2p1o_0010,K584A,-2535.419,-2474.916,-60.503,-2535.646,-2475.162,-60.484,0.019
ddg_2p1o_0010,V573A,-2532.183,-2469.37,-62.813,-2535.21,-2469.274,-65.936,-3.123
ddg_2p1o_0010,R583A,-2536.692,-2478.6,-58.092,-2537.548,-2475.745,-61.803,-3.711
ddg_2p1o_0010,V574A,-2535.837,-2473.689,-62.148,-2534.368,-2472.584,-61.784,0.364
ddg_1a0n_0009,G68A,-19.953,6.697,-26.65,-16.074,10.749,-26.823,-0.173
ddg_1a0n_0009,S69A,-13.778,14.12,-27.898,-12.133,15.676,-27.809,0.089
ddg_1a0n_0009,V65A,-20.835,1.129,-21.964,-18.846,3.916,-22.762,-0.798
ddg_1a0n_0009,P59A,-154.311,-129.453,-24.858,-156.985,-131.953,-25.032,-0.174
ddg_1a0n_0009,P64A,-39.874,-20.424,-19.45,-37.006,-16.024,-20.982,-1.532
ddg_1a0n_0009,P62A,-176.906,-156.554,-20.352,-173.241,-149.268,-23.973,-3.621
ddg_1a0n_0009,K71A,-17.073,7.82,-24.893,-17.119,7.786,-24.905,-0.012
ddg_1a0n_0009,T72A,-12.348,17.201,-29.549,-12.547,16.982,-29.529,0.02
ddg_1a0n_0009,R61A,-178.376,-158.348,-20.028,-177.122,-157.411,-19.711,0.317
ddg_1a0n_0009,P60A,-152.849,-129.741,-23.108,-153.216,-128.054,-25.162,-2.054
ddg_1a0n_0009,S70A,-13.923,12.89,-26.813,-10.143,16.658,-26.801,0.012
ddg_1a0n_0009,P67A,-27.973,-5.584,-22.389,-25.831,-1.45,-24.381,-1.992
ddg_1a0n_0009,L63A,-163.671,-146.012,-17.659,-158.75,-139.888,-18.862,-1.203
ddg_2e4h_0001,Y82A,-230.167,-206.273,-23.894,-227.23,-208.099,-19.131,4.763
ddg_2e4h_0001,E77A,-185.964,-163.139,-22.825,-183.399,-162.112,-21.287,1.538
ddg_2e4h_0001,G79A,-184.408,-164.059,-20.349,-181.184,-159.605,-21.579,-1.23
ddg_2e4h_0001,E78A,-184.908,-164.879,-20.029,-182.819,-162.447,-20.372,-0.343
ddg_2e4h_0001,E76A,-187.362,-167.653,-19.709,-188.432,-165.954,-22.478,-2.769
ddg_2e4h_0001,G75A,-177.216,-155.899,-21.317,-178.032,-155.67,-22.362,-1.045
ddg_2e4h_0001,E80A,-197.357,-176.938,-20.419,-197.931,-175.342,-22.589,-2.17
ddg_2e4h_0001,E81A,-208.987,-197.209,-11.778,-215.497,-195.302,-20.195,-8.417
ddg_3zrj_0009,C174A,-658.172,-610.124,-48.048,-658.672,-610.509,-48.163,-0.115
ddg_3zrj_0009,E167A,-653.558,-612.262,-41.296,-653.585,-611.913,-41.672,-0.376
ddg_3zrj_0009,S163A,-657.609,-611.006,-46.603,-654.063,-607.333,-46.73,-0.127
ddg_3zrj_0009,Q161A,-655.061,-603.7,-51.361,-661.066,-608.996,-52.07,-0.709
ddg_3zrj_0009,G162A,-659.387,-611.966,-47.421,-660.441,-612.97,-47.471,-0.05
ddg_3zrj_0009,L165A,-657.132,-613.237,-43.895,-647.625,-612.725,-34.9,8.995
ddg_3zrj_0009,Q171A,-667.101,-620.518,-46.583,-666.093,-619.865,-46.228,0.355
ddg_3zrj_0009,L164A,-655.169,-615.346,-39.823,-651.0,-614.484,-36.516,3.307
ddg_3zrj_0009,R173A,-662.067,-615.381,-46.686,-659.905,-613.427,-46.478,0.208
ddg_3zrj_0009,D166A,-653.181,-611.202,-41.979,-650.693,-609.275,-41.418,0.561
ddg_3zrj_0009,T172A,-659.652,-613.52,-46.132,-656.498,-613.112,-43.386,2.746
ddg_3zrj_0009,I168A,-667.993,-623.997,-43.996,-662.301,-621.156,-41.145,2.851
ddg_3zrj_0009,M169A,-659.377,-613.082,-46.295,-657.678,-613.416,-44.262,2.033
ddg_2vzg_0004,R133A,-627.343,-579.683,-47.66,-626.191,-578.539,-47.652,0.008
ddg_2vzg_0004,L136A,-621.236,-573.158,-48.078,-620.448,-572.291,-48.157,-0.079
ddg_2vzg_0004,L134A,-626.596,-578.974,-47.622,-617.985,-576.588,-41.397,6.225
ddg_2vzg_0004,L138A,-622.868,-573.176,-49.692,-614.489,-569.695,-44.794,4.898
ddg_2vzg_0004,E130A,-625.29,-577.155,-48.135,-623.444,-574.858,-48.586,-0.451
ddg_2vzg_0004,D132A,-628.281,-580.297,-47.984,-623.107,-579.891,-43.216,4.768
ddg_2vzg_0004,N139A,-618.938,-568.188,-50.75,-619.358,-568.326,-51.032,-0.282
ddg_2vzg_0004,L131A,-630.502,-582.778,-47.724,-622.475,-581.09,-41.385,6.339
ddg_2vzg_0004,N127A,-625.088,-574.525,-50.563,-625.626,-574.87,-50.756,-0.193
ddg_2vzg_0004,L128A,-625.741,-574.572,-51.169,-624.346,-573.967,-50.379,0.79
ddg_2vzg_0004,L135A,-627.987,-580.513,-47.474,-619.079,-578.342,-40.737,6.737
ddg_2vzg_0004,E137A,-620.882,-571.467,-49.415,-620.693,-571.321,-49.372,0.043
ddg_2vzg_0004,V141A,-619.101,-566.956,-52.145,-618.941,-568.625,-50.316,1.829
ddg_2vzg_0004,S129A,-627.688,-578.65,-49.038,-626.019,-575.875,-50.144,-1.106
ddg_4mvi_0002,F177A,-803.493,-719.643,-83.85,-790.527,-717.795,-72.732,11.118
ddg_4mvi_0002,L174A,-803.049,-715.495,-87.554,-799.724,-711.951,-87.773,-0.219
ddg_4mvi_0002,E179A,-785.586,-702.11,-83.476,-780.307,-701.916,-78.391,5.085
ddg_4mvi_0002,G182A,-805.002,-717.582,-87.42,-800.749,-715.309,-85.44,1.98
ddg_4mvi_0002,S183A,-796.814,-710.406,-86.408,-797.33,-711.796,-85.534,0.874
ddg_4mvi_0002,V175A,-795.658,-708.535,-87.123,-789.685,-707.422,-82.263,4.86
ddg_4mvi_0002,K173A,-802.916,-711.339,-91.577,-803.377,-711.307,-92.07,-0.493
ddg_4mvi_0002,N184A,-799.742,-712.646,-87.096,-795.757,-709.711,-86.046,1.05
ddg_4mvi_0002,D180A,-799.235,-715.228,-84.007,-793.502,-713.53,-79.972,4.035
ddg_4mvi_0002,F176A,-797.69,-714.531,-83.159,-784.36,-711.919,-72.441,10.718
ddg_4mvi_0002,V181A,-806.537,-720.342,-86.195,-804.297,-718.677,-85.62,0.575
ddg_4mvi_0002,K185A,-803.734,-716.003,-87.731,-804.234,-719.718,-84.516,3.215
ddg_5dai_0003,K248A,-1032.481,-966.608,-65.873,-1034.019,-967.957,-66.062,-0.189
ddg_5dai_0003,F256A,-1046.732,-981.137,-65.595,-1042.298,-982.947,-59.351,6.244
ddg_5dai_0003,T251A,-1036.679,-972.383,-64.296,-1031.772,-969.165,-62.607,1.689
ddg_5dai_0003,L252A,-1042.535,-977.404,-65.131,-1031.044,-974.744,-56.3,8.831
ddg_5dai_0003,E253A,-1033.958,-968.7,-65.258,-1029.328,-966.059,-63.269,1.989
ddg_5dai_0003,R250A,-1036.027,-972.23,-63.797,-1035.842,-970.635,-65.207,-1.41
ddg_5dai_0003,Q249A,-1032.885,-968.309,-64.576,-1023.86,-964.678,-59.182,5.394
ddg_5dai_0003,W255A,-1048.144,-982.594,-65.55,-1041.803,-980.965,-60.838,4.712
ddg_5dai_0003,S254A,-1026.436,-960.082,-66.354,-1027.745,-960.129,-67.616,-1.262
ddg_2ymt_0001,P126A,-618.873,-559.154,-59.719,-614.309,-555.527,-58.782,0.937
ddg_2ymt_0001,W127A,-621.919,-561.398,-60.521,-607.382,-560.578,-46.804,13.717
ddg_2ymt_0001,E123A,-616.162,-556.95,-59.212,-616.676,-557.314,-59.362,-0.15
ddg_2ymt_0001,V128A,-619.823,-559.272,-60.551,-613.822,-559.494,-54.328,6.223
ddg_2ymt_0001,W124A,-617.994,-561.494,-56.5,-604.166,-559.312,-44.854,11.646
ddg_2ymt_0001,G125A,-619.005,-559.943,-59.062,-618.946,-559.399,-59.547,-0.485
ddg_2rol_0001,P68A,-167.696,-143.55,-24.146,-162.759,-139.427,-23.332,0.814
ddg_2rol_0001,N69A,-158.87,-136.111,-22.759,-159.628,-135.552,-24.076,-1.317
ddg_2rol_0001,P65A,-158.214,-132.061,-26.153,-160.374,-133.473,-26.901,-0.748
ddg_2rol_0001,E73A,-38.461,-13.576,-24.885,-38.722,-12.576,-26.146,-1.261
ddg_2rol_0001,P66A,-179.066,-152.372,-26.694,-179.266,-150.891,-28.375,-1.681
ddg_2rol_0001,R76A,-48.503,-27.325,-21.178,-51.19,-25.737,-25.453,-4.275
ddg_2rol_0001,D71A,-56.007,-35.056,-20.951,-56.542,-31.799,-24.743,-3.792
ddg_2rol_0001,P74A,-44.523,-21.282,-23.241,-39.769,-16.808,-22.961,0.28
ddg_2rol_0001,I75A,-52.511,-27.292,-25.219,-50.174,-26.987,-23.187,2.032
ddg_2rol_0001,Y72A,-46.521,-24.828,-21.693,-45.278,-23.304,-21.974,-0.281
ddg_2rol_0001,P70A,-46.145,-23.475,-22.67,-41.189,-19.351,-21.838,0.832
ddg_2rol_0001,V67A,-171.514,-150.647,-20.867,-168.773,-150.357,-18.416,2.451
ddg_5xxq_0019,L390A,-1643.409,-1593.989,-49.42,-1640.396,-1593.415,-46.981,2.439
ddg_5xxq_0019,E385A,-1644.759,-1601.558,-43.201,-1641.339,-1598.493,-42.846,0.355
ddg_5xxq_0019,Q384A,-1648.165,-1601.437,-46.728,-1645.044,-1601.143,-43.901,2.827
ddg_5xxq_0019,R381A,-1654.071,-1605.112,-48.959,-1656.298,-1608.068,-48.23,0.729
ddg_5xxq_0019,P387A,-1647.396,-1605.143,-42.253,-1644.365,-1599.602,-44.763,-2.51
ddg_5xxq_0019,R382A,-1657.056,-1608.077,-48.979,-1653.955,-1606.852,-47.103,1.876
ddg_5xxq_0019,Q386A,-1644.14,-1601.784,-42.356,-1643.517,-1599.66,-43.857,-1.501
ddg_5xxq_0019,K383A,-1653.382,-1606.448,-46.934,-1648.898,-1604.5,-44.398,2.536
ddg_5xxq_0019,R389A,-1650.266,-1605.131,-45.135,-1647.361,-1604.234,-43.127,2.008
ddg_5xxq_0019,K388A,-1649.129,-1602.783,-46.346,-1645.792,-1602.073,-43.719,2.627
ddg_4pd1_0009,S411A,-1781.608,-1719.118,-62.49,-1779.198,-1716.345,-62.853,-0.363
ddg_4pd1_0009,P413A,-1785.211,-1719.739,-65.472,-1786.852,-1715.785,-71.067,-5.595
ddg_4pd1_0009,R414A,-1781.901,-1717.701,-64.2,-1785.14,-1721.207,-63.933,0.267
ddg_4pd1_0009,S407A,-1780.054,-1718.014,-62.04,-1779.259,-1715.348,-63.911,-1.871
ddg_4pd1_0009,D405A,-1779.123,-1714.409,-64.714,-1777.43,-1712.763,-64.667,0.047
ddg_4pd1_0009,F406A,-1783.219,-1719.425,-63.794,-1773.005,-1717.264,-55.741,8.053
ddg_4pd1_0009,I408A,-1779.614,-1715.031,-64.583,-1772.391,-1714.799,-57.592,6.991
ddg_4pd1_0009,G410A,-1789.407,-1727.819,-61.588,-1787.228,-1729.173,-58.055,3.533
ddg_4pd1_0009,L412A,-1781.027,-1716.298,-64.729,-1774.794,-1714.9,-59.894,4.835
ddg_4pd1_0009,V409A,-1783.46,-1721.481,-61.979,-1777.95,-1719.043,-58.907,3.072
ddg_4ep2_0009,F202A,-829.987,-748.125,-81.862,-819.063,-744.301,-74.762,7.1
ddg_4ep2_0009,Y203A,-833.983,-747.948,-86.035,-824.61,-745.113,-79.497,6.538
ddg_4ep2_0009,T201A,-824.145,-740.121,-84.024,-821.113,-737.164,-83.949,0.075
ddg_4ep2_0009,E200A,-823.894,-739.256,-84.638,-821.508,-737.681,-83.827,0.811
ddg_4ep2_0009,V204A,-830.294,-745.714,-84.58,-820.425,-745.628,-74.797,9.783
ddg_4ep2_0009,D205A,-820.307,-736.123,-84.184,-821.114,-736.056,-85.058,-0.874
ddg_5gu4_0003,G256A,-1244.777,-1203.768,-41.009,-1245.506,-1204.225,-41.281,-0.272
ddg_5gu4_0003,F260A,-1248.64,-1204.4,-44.24,-1235.206,-1199.857,-35.349,8.891
ddg_5gu4_0003,D261A,-1244.741,-1200.248,-44.493,-1243.396,-1199.889,-43.507,0.986
ddg_5gu4_0003,L259A,-1248.498,-1205.118,-43.38,-1243.048,-1204.067,-38.981,4.399
ddg_5gu4_0003,F257A,-1249.971,-1208.34,-41.631,-1243.887,-1206.846,-37.041,4.59
ddg_5gu4_0003,G258A,-1245.188,-1201.037,-44.151,-1246.5,-1202.077,-44.423,-0.272
ddg_6f0w_0007,F234A,-992.859,-883.794,-109.065,-990.363,-881.2,-109.163,-0.098
ddg_6f0w_0007,Y222A,-1001.761,-895.727,-106.034,-997.381,-894.567,-102.814,3.22
ddg_6f0w_0007,N236A,-991.646,-885.382,-106.264,-993.03,-884.236,-108.794,-2.53
ddg_6f0w_0007,L225A,-995.026,-886.663,-108.363,-987.873,-883.73,-104.143,4.22
ddg_6f0w_0007,P230A,-991.673,-886.098,-105.575,-987.839,-882.381,-105.458,0.117
ddg_6f0w_0007,P232A,-994.343,-885.34,-109.003,-991.276,-882.025,-109.251,-0.248
ddg_6f0w_0007,S233A,-990.01,-880.065,-109.945,-989.232,-879.364,-109.868,0.077
ddg_6f0w_0007,D221A,-992.67,-884.113,-108.557,-991.675,-883.157,-108.518,0.039
ddg_6f0w_0007,D235A,-992.263,-884.162,-108.101,-989.654,-885.05,-104.604,3.497
ddg_6f0w_0007,P231A,-993.319,-884.564,-108.755,-988.246,-880.235,-108.011,0.744
ddg_6f0w_0007,F228A,-994.67,-892.296,-102.374,-990.347,-888.04,-102.307,0.067
ddg_6f0w_0007,D224A,-995.623,-886.791,-108.832,-992.199,-884.71,-107.489,1.343
ddg_6f0w_0007,R237A,-996.15,-887.815,-108.335,-994.561,-886.164,-108.397,-0.062
ddg_6f0w_0007,P227A,-1002.058,-896.181,-105.877,-998.37,-892.484,-105.886,-0.009
ddg_6f0w_0007,D223A,-995.567,-887.519,-108.048,-994.953,-885.956,-108.997,-0.949
ddg_6f0w_0007,V229A,-996.157,-892.451,-103.706,-989.018,-887.836,-101.182,2.524
ddg_6f0w_0007,L238A,-994.783,-885.24,-109.543,-986.249,-884.472,-101.777,7.766
ddg_2nnu_0016,M206A,-906.108,-841.728,-64.38,-904.733,-841.741,-62.992,1.388
ddg_2nnu_0016,D211A,-912.093,-847.0,-65.093,-909.504,-847.935,-61.569,3.524
ddg_2nnu_0016,L220A,-902.945,-837.087,-65.858,-900.989,-832.683,-68.306,-2.448
ddg_2nnu_0016,F208A,-911.602,-846.406,-65.196,-899.79,-844.429,-55.361,9.835
ddg_2nnu_0016,E218A,-903.597,-834.548,-69.049,-901.828,-832.246,-69.582,-0.533
ddg_2nnu_0016,L213A,-907.06,-838.739,-68.321,-906.782,-838.753,-68.029,0.292
ddg_2nnu_0016,S214A,-908.196,-838.431,-69.765,-908.405,-839.355,-69.05,0.715
ddg_2nnu_0016,F216A,-912.545,-843.637,-68.908,-902.44,-840.541,-61.899,7.009
ddg_2nnu_0016,T203A,-920.074,-853.981,-66.093,-918.514,-851.996,-66.518,-0.425
ddg_2nnu_0016,F221A,-904.472,-836.457,-68.015,-908.742,-840.437,-68.305,-0.29
ddg_2nnu_0016,N219A,-904.372,-836.002,-68.37,-903.215,-834.333,-68.882,-0.512
ddg_2nnu_0016,L212A,-908.906,-845.156,-63.75,-900.697,-842.468,-58.229,5.521
ddg_2nnu_0016,S210A,-907.746,-844.024,-63.722,-908.588,-844.747,-63.841,-0.119
ddg_2nnu_0016,E217A,-904.451,-834.396,-70.055,-903.609,-833.75,-69.859,0.196
ddg_2nnu_0016,N207A,-907.484,-842.117,-65.367,-907.267,-842.086,-65.181,0.186
ddg_2nnu_0016,I215A,-913.136,-844.395,-68.741,-905.333,-845.478,-59.855,8.886
ddg_2nnu_0016,I204A,-905.996,-843.192,-62.804,-903.692,-843.191,-60.501,2.303
ddg_2nnu_0016,Q209A,-907.845,-843.453,-64.392,-906.938,-842.938,-64.0,0.392
ddg_2nnu_0016,D205A,-906.608,-842.916,-63.692,-905.444,-842.06,-63.384,0.308
ddg_4nuu_0006,L284A,-489.027,-429.416,-59.611,-478.043,-427.925,-50.118,9.493
ddg_4nuu_0006,Y294A,-483.333,-426.823,-56.51,-486.983,-427.958,-59.025,-2.515
ddg_4nuu_0006,Q283A,-481.461,-420.61,-60.851,-484.603,-421.915,-62.688,-1.837
ddg_4nuu_0006,V289A,-488.455,-431.983,-56.472,-478.926,-430.764,-48.162,8.31
ddg_4nuu_0006,S293A,-483.328,-430.483,-52.845,-485.553,-429.452,-56.101,-3.256
ddg_4nuu_0006,N291A,-481.174,-426.259,-54.915,-479.478,-425.25,-54.228,0.687
ddg_4nuu_0006,E287A,-480.005,-423.095,-56.91,-478.786,-421.955,-56.831,0.079
ddg_4nuu_0006,S292A,-482.592,-428.938,-53.654,-483.974,-428.198,-55.776,-2.122
ddg_4nuu_0006,D288A,-485.245,-426.775,-58.47,-483.346,-427.559,-55.787,2.683
ddg_4nuu_0006,W290A,-487.406,-434.093,-53.313,-479.452,-430.479,-48.973,4.34
ddg_4nuu_0006,F286A,-486.921,-428.646,-58.275,-478.766,-426.005,-52.761,5.514
ddg_4nuu_0006,D285A,-483.264,-425.524,-57.74,-480.693,-424.959,-55.734,2.006
ddg_4zoz_0001,C401A,-1598.683,-1528.232,-70.451,-1598.882,-1531.19,-67.692,2.759
ddg_4zoz_0001,C405A,-1603.415,-1530.072,-73.343,-1604.87,-1531.43,-73.44,-0.097
ddg_4zoz_0001,K406A,-1602.236,-1528.235,-74.001,-1603.507,-1528.117,-75.39,-1.389
ddg_4zoz_0001,Y404A,-1606.624,-1533.574,-73.05,-1595.618,-1532.421,-63.197,9.853
ddg_4zoz_0001,R400A,-1599.957,-1529.409,-70.548,-1593.92,-1528.852,-65.068,5.48
ddg_4zoz_0001,Y402A,-1598.615,-1527.734,-70.881,-1595.047,-1524.922,-70.125,0.756
ddg_4zoz_0001,R396A,-1608.912,-1541.661,-67.251,-1602.912,-1539.932,-62.98,4.271
ddg_4zoz_0001,P398A,-1597.372,-1527.37,-70.002,-1594.498,-1524.737,-69.761,0.241
ddg_4zoz_0001,R403A,-1600.189,-1529.586,-70.603,-1592.261,-1528.511,-63.75,6.853
ddg_4zoz_0001,R397A,-1607.172,-1537.23,-69.942,-1601.102,-1534.903,-66.199,3.743
ddg_4hom_0010,Q907A,-4198.223,-4161.956,-36.267,-4193.884,-4159.798,-34.086,2.181
ddg_4hom_0010,Q908A,-4195.159,-4161.28,-33.879,-4194.104,-4160.211,-33.893,-0.014
ddg_4hom_0010,K905A,-4206.333,-4176.492,-29.841,-4211.604,-4176.041,-35.563,-5.722
ddg_4hom_0010,M913A,-4202.662,-4159.507,-43.155,-4200.786,-4160.409,-40.377,2.778
ddg_4hom_0010,G911A,-4198.385,-4162.766,-35.619,-4195.828,-4157.37,-38.458,-2.839
ddg_4hom_0010,P904A,-4204.616,-4177.964,-26.652,-4220.395,-4175.961,-44.434,-17.782
ddg_4hom_0010,R903A,-4200.117,-4176.607,-23.51,-4203.068,-4179.326,-23.742,-0.232
ddg_4hom_0010,F909A,-4196.723,-4152.148,-44.575,-4191.525,-4152.128,-39.397,5.178
ddg_4hom_0010,P906A,-4199.118,-4163.708,-35.41,-4201.564,-4167.341,-34.223,1.187
ddg_4hom_0010,L912A,-4197.54,-4163.576,-33.964,-4193.227,-4161.194,-32.033,1.931
ddg_4hom_0010,F910A,-4203.891,-4161.904,-41.987,-4201.344,-4164.989,-36.355,5.632
ddg_2jkg_0001,P167A,-743.167,-712.938,-30.229,-742.251,-711.409,-30.842,-0.613
ddg_2jkg_0001,P170A,-620.928,-591.535,-29.393,-618.994,-588.024,-30.97,-1.577
ddg_2jkg_0001,P171A,-619.443,-589.972,-29.471,-615.824,-586.815,-29.009,0.462
ddg_2jkg_0001,P173A,-619.995,-590.257,-29.738,-623.327,-594.017,-29.31,0.428
ddg_2jkg_0001,P166A,-740.619,-710.076,-30.543,-742.703,-712.596,-30.107,0.436
ddg_2jkg_0001,P172A,-622.391,-589.944,-32.447,-616.802,-587.088,-29.714,2.733
ddg_2jkg_0001,P168A,-741.985,-712.238,-29.747,-737.788,-708.667,-29.121,0.626
ddg_2jkg_0001,P169A,-737.717,-707.847,-29.87,-733.333,-704.678,-28.655,1.215
ddg_4nxr_0008,E99A,-381.831,-323.627,-58.204,-377.261,-320.673,-56.588,1.616
ddg_4nxr_0008,Y101A,-384.157,-330.33,-53.827,-374.745,-325.35,-49.395,4.432
ddg_4nxr_0008,N95A,-376.908,-322.953,-53.955,-378.31,-322.908,-55.402,-1.447
ddg_4nxr_0008,K96A,-381.733,-328.614,-53.119,-379.452,-329.152,-50.3,2.819
ddg_4nxr_0008,K98A,-383.714,-326.941,-56.773,-384.003,-326.997,-57.006,-0.233
ddg_4nxr_0008,V102A,-383.234,-325.989,-57.245,-382.708,-327.946,-54.762,2.483
ddg_4nxr_0008,D97A,-381.549,-325.614,-55.935,-378.874,-320.934,-57.94,-2.005
ddg_4nxr_0008,Y100A,-391.873,-336.098,-55.775,-385.052,-333.77,-51.282,4.493
ddg_2r7g_0020,P337A,-1344.25,-1285.074,-59.176,-1348.758,-1286.648,-62.11,-2.934
ddg_2r7g_0020,L340A,-1345.063,-1288.584,-56.479,-1338.423,-1286.967,-51.456,5.023
ddg_2r7g_0020,L343A,-1346.496,-1288.485,-58.011,-1340.977,-1285.372,-55.605,2.406
ddg_2r7g_0020,D345A,-1230.44,-1166.507,-63.933,-1219.656,-1165.11,-54.546,9.387
ddg_2r7g_0020,L346A,-1228.914,-1169.756,-59.158,-1220.871,-1168.129,-52.742,6.416
ddg_2r7g_0020,E342A,-1352.492,-1294.955,-57.537,-1351.17,-1293.136,-58.034,-0.497
ddg_2r7g_0020,H341A,-1334.097,-1278.766,-55.331,-1331.408,-1278.333,-53.075,2.256
ddg_2r7g_0020,P338A,-1349.716,-1289.545,-60.171,-1347.772,-1288.427,-59.345,0.826
ddg_2r7g_0020,Y344A,-1361.263,-1304.635,-56.628,-1349.972,-1300.963,-49.009,7.619
ddg_2r7g_0020,T339A,-1342.304,-1284.061,-58.243,-1340.096,-1282.541,-57.555,0.688
ddg_3i5r_0001,P89A,-396.05,-354.741,-41.309,-391.821,-350.741,-41.08,0.229
ddg_3i5r_0001,K82A,-400.885,-363.78,-37.105,-402.615,-365.072,-37.543,-0.438
ddg_3i5r_0001,P87A,-390.106,-349.828,-40.278,-385.803,-345.925,-39.878,0.4
ddg_3i5r_0001,R83A,-411.282,-373.243,-38.039,-407.181,-372.461,-34.72,3.319
ddg_3i5r_0001,L85A,-400.027,-363.247,-36.78,-392.704,-360.121,-32.583,4.197
ddg_3i5r_0001,P84A,-396.157,-359.636,-36.521,-392.557,-356.569,-35.988,0.533
ddg_3i5r_0001,S90A,-393.629,-351.281,-42.348,-392.907,-350.636,-42.271,0.077
ddg_3i5r_0001,L88A,-391.922,-351.417,-40.505,-386.467,-349.841,-36.626,3.879
ddg_3i5r_0001,P86A,-398.363,-361.203,-37.16,-394.749,-357.301,-37.448,-0.288
ddg_4ouc_0018,K333A,-1552.844,-1520.113,-32.731,-1545.273,-1518.378,-26.895,5.836
ddg_4ouc_0018,R331A,-1557.294,-1526.843,-30.451,-1556.244,-1525.334,-30.91,-0.459
ddg_4ouc_0018,T335A,-1551.745,-1514.142,-37.603,-1550.02,-1515.153,-34.867,2.736
ddg_4ouc_0018,Q334A,-1549.12,-1516.883,-32.237,-1550.117,-1515.552,-34.565,-2.328
ddg_4ouc_0018,T332A,-1544.888,-1512.549,-32.339,-1541.67,-1511.745,-29.925,2.414
ddg_5ggp_0009,P154A,-699.349,-678.091,-21.258,-698.485,-678.387,-20.098,1.16
ddg_5ggp_0009,T153A,-697.701,-680.364,-17.337,-695.795,-677.457,-18.338,-1.001
ddg_5ggp_0009,P152A,-698.427,-681.024,-17.403,-695.154,-679.732,-15.422,1.981
ddg_5ggp_0009,T151A,-695.664,-679.43,-16.234,-696.897,-678.924,-17.973,-1.739
ddg_5ggp_0009,V155A,-696.979,-680.24,-16.739,-698.112,-682.543,-15.569,1.17
ddg_4x2h_0011,N195A,1286.546,1302.191,-15.645,1289.041,1304.647,-15.606,0.039
ddg_4x2h_0011,P197A,1263.993,1272.665,-8.672,1251.01,1280.237,-29.227,-20.555
ddg_4x2h_0011,V194A,1291.324,1312.917,-21.593,1282.555,1316.259,-33.704,-12.111
ddg_4x2h_0011,F198A,1251.307,1272.903,-21.596,1249.669,1264.533,-14.864,6.732
ddg_4x2h_0011,N196A,1256.531,1291.63,-35.099,1257.09,1276.574,-19.484,15.615
ddg_4x2h_0011,Q193A,1306.049,1335.619,-29.57,1302.395,1334.332,-31.937,-2.367
ddg_5v2p_0018,G297A,-159.041,-84.185,-74.856,-161.049,-85.995,-75.054,-0.198
ddg_5v2p_0018,L295A,-154.372,-76.333,-78.039,-148.838,-74.142,-74.696,3.343
ddg_5v2p_0018,I302A,-145.275,-68.198,-77.077,-137.958,-66.909,-71.049,6.028
ddg_5v2p_0018,D294A,-153.014,-75.045,-77.969,-154.377,-75.886,-78.491,-0.522
ddg_5v2p_0018,T303A,-142.034,-65.283,-76.751,-144.335,-67.218,-77.117,-0.366
ddg_5v2p_0018,S289A,-152.149,-67.525,-84.624,-151.112,-66.471,-84.641,-0.017
ddg_5v2p_0018,C293A,-151.896,-71.776,-80.12,-153.659,-72.404,-81.255,-1.135
ddg_5v2p_0018,L291A,-152.05,-67.931,-84.119,-148.156,-66.85,-81.306,2.813
ddg_5v2p_0018,E292A,-150.693,-66.147,-84.546,-148.284,-63.961,-84.323,0.223
ddg_5v2p_0018,D300A,-149.542,-72.051,-77.491,-148.309,-70.634,-77.675,-0.184
ddg_5v2p_0018,C288A,-148.487,-64.76,-83.727,-150.581,-66.835,-83.746,-0.019
ddg_5v2p_0018,W301A,-152.493,-76.1,-76.393,-136.25,-74.134,-62.116,14.277
ddg_5v2p_0018,P290A,-151.18,-66.629,-84.551,-151.137,-66.74,-84.397,0.154
ddg_5v2p_0018,L299A,-154.656,-79.067,-75.589,-149.659,-75.891,-73.768,1.821
ddg_5v2p_0018,K296A,-157.699,-80.302,-77.397,-154.647,-77.267,-77.38,0.017
ddg_5v2p_0018,Q304A,-148.082,-68.531,-79.551,-148.622,-68.469,-80.153,-0.602
ddg_5v2p_0018,E306A,-134.286,-55.215,-79.071,-134.158,-55.53,-78.628,0.443
ddg_5v2p_0018,Y298A,-163.674,-88.07,-75.604,-151.495,-84.38,-67.115,8.489
ddg_1yy6_0001,G140A,-627.784,-583.887,-43.897,-625.859,-581.415,-44.444,-0.547
ddg_1yy6_0001,D138A,-606.944,-560.366,-46.578,-603.306,-556.367,-46.939,-0.361
ddg_1yy6_0001,T145A,-604.368,-558.208,-46.16,-604.665,-558.666,-45.999,0.161
ddg_1yy6_0001,P139A,-608.488,-563.46,-45.028,-611.957,-564.161,-47.796,-2.768
ddg_1yy6_0001,G142A,-603.497,-560.247,-43.25,-599.182,-556.236,-42.946,0.304
ddg_1yy6_0001,E141A,-603.431,-559.181,-44.25,-598.703,-557.769,-40.934,3.316
ddg_1yy6_0001,P143A,-601.793,-556.97,-44.823,-596.804,-553.958,-42.846,1.977
ddg_1yy6_0001,S144A,-607.838,-561.389,-46.449,-608.881,-560.79,-48.091,-1.642
ddg_1r17_0004,F325A,-1631.16,-1518.421,-112.739,-1614.455,-1515.669,-98.786,13.953
ddg_1r17_0004,R331A,-1631.822,-1512.346,-119.476,-1630.497,-1510.085,-120.412,-0.936
ddg_1r17_0004,H330A,-1628.803,-1511.633,-117.17,-1627.49,-1510.878,-116.612,0.558
ddg_1r17_0004,S326A,-1628.018,-1513.563,-114.455,-1628.143,-1512.087,-116.056,-1.601
ddg_1r17_0004,F324A,-1631.0,-1516.208,-114.792,-1619.236,-1513.992,-105.244,9.548
ddg_1r17_0004,F323A,-1632.808,-1518.501,-114.307,-1626.665,-1516.438,-110.227,4.08
ddg_1r17_0004,R328A,-1629.869,-1522.523,-107.346,-1628.238,-1519.811,-108.427,-1.081
ddg_1r17_0004,P332A,-1628.847,-1510.597,-118.25,-1631.553,-1516.182,-115.371,2.879
ddg_1r17_0004,G322A,-1626.462,-1506.454,-120.008,-1626.12,-1507.767,-118.353,1.655
ddg_1r17_0004,G329A,-1627.609,-1518.571,-109.038,-1629.28,-1517.051,-112.229,-3.191
ddg_4a2a_0013,Y378A,-1690.314,-1638.535,-51.779,-1681.3,-1631.699,-49.601,2.178
ddg_4a2a_0013,I377A,-1689.482,-1639.049,-50.433,-1681.871,-1634.874,-46.997,3.436
ddg_4a2a_0013,P375A,-1689.673,-1639.5,-50.173,-1687.367,-1635.704,-51.663,-1.49
ddg_4a2a_0013,L385A,-1694.566,-1640.251,-54.315,-1689.548,-1637.856,-51.692,2.623
ddg_4a2a_0013,I374A,-1690.874,-1636.305,-54.569,-1688.379,-1633.017,-55.362,-0.793
ddg_4a2a_0013,G384A,-1686.747,-1631.103,-55.644,-1688.165,-1632.604,-55.561,0.083
ddg_4a2a_0013,G381A,-1689.38,-1637.124,-52.256,-1686.162,-1634.315,-51.847,0.409
ddg_4a2a_0013,L382A,-1691.095,-1639.706,-51.389,-1683.371,-1635.683,-47.688,3.701
ddg_4a2a_0013,L386A,-1690.331,-1636.178,-54.153,-1681.89,-1631.863,-50.027,4.126
ddg_4a2a_0013,Y380A,-1694.133,-1640.574,-53.559,-1687.923,-1640.3,-47.623,5.936
ddg_4a2a_0013,E383A,-1688.55,-1634.404,-54.146,-1687.918,-1633.713,-54.205,-0.059
ddg_4a2a_0013,R379A,-1691.546,-1639.199,-52.347,-1688.339,-1636.445,-51.894,0.453
ddg_4a2a_0013,D373A,-1688.922,-1634.278,-54.644,-1685.232,-1632.626,-52.606,2.038
ddg_2xpn_0005,Y154A,-647.718,-573.597,-74.121,-642.536,-567.776,-74.76,-0.639
ddg_2xpn_0005,H140A,-643.638,-571.364,-72.274,-639.662,-568.105,-71.557,0.717
ddg_2xpn_0005,R153A,-647.638,-575.706,-71.932,-646.394,-573.84,-72.554,-0.622
ddg_2xpn_0005,L156A,-644.763,-569.841,-74.922,-640.194,-567.811,-72.383,2.539
ddg_2xpn_0005,I145A,-650.501,-579.128,-71.373,-639.811,-574.723,-65.088,6.285
ddg_2xpn_0005,F146A,-654.122,-583.167,-70.955,-639.367,-577.554,-61.813,9.142
ddg_2xpn_0005,S139A,-643.31,-570.339,-72.971,-642.346,-569.117,-73.229,-0.258
ddg_2xpn_0005,G149A,-646.738,-571.983,-74.755,-639.641,-564.791,-74.85,-0.095
ddg_2xpn_0005,F142A,-647.785,-576.62,-71.165,-641.842,-570.763,-71.079,0.086
ddg_2xpn_0005,Y152A,-652.57,-578.229,-74.341,-637.694,-576.504,-61.19,13.151
ddg_2xpn_0005,G147A,-648.365,-576.529,-71.836,-638.959,-568.392,-70.567,1.269
ddg_2xpn_0005,S158A,-643.221,-568.499,-74.722,-642.191,-565.878,-76.313,-1.591
ddg_2xpn_0005,M141A,-645.729,-573.678,-72.051,-646.643,-574.821,-71.822,0.229
ddg_2xpn_0005,F143A,-647.202,-575.832,-71.37,-645.071,-572.592,-72.479,-1.109
ddg_2xpn_0005,E150A,-643.573,-568.272,-75.301,-642.041,-566.302,-75.739,-0.438
ddg_2xpn_0005,E151A,-647.036,-573.73,-73.306,-640.866,-567.114,-73.752,-0.446
ddg_2xpn_0005,E157A,-648.094,-572.261,-75.833,-646.341,-570.347,-75.994,-0.161
ddg_2xpn_0005,E144A,-646.627,-574.091,-72.536,-647.474,-574.552,-72.922,-0.386
ddg_2xpn_0005,V155A,-645.35,-571.482,-73.868,-641.507,-570.702,-70.805,3.063
ddg_2xpn_0005,T148A,-644.888,-570.914,-73.974,-642.722,-568.007,-74.715,-0.741
ddg_1jw6_0019,Y241A,-1073.686,-1059.741,-13.945,-1069.443,-1054.129,-15.314,-1.369
ddg_1jw6_0019,P242A,-1074.847,-1058.69,-16.157,-1070.744,-1055.812,-14.932,1.225
ddg_1jw6_0019,W240A,-1073.018,-1053.863,-19.155,-1069.864,-1051.231,-18.633,0.522
ddg_1jw6_0019,Y239A,-1077.042,-1062.193,-14.849,-1071.653,-1055.966,-15.687,-0.838
ddg_1jw6_0019,Y243A,-1073.839,-1054.223,-19.616,-1070.435,-1058.321,-12.114,7.502
ddg_1jw6_0019,M238A,-1073.235,-1053.427,-19.808,-1072.311,-1054.65,-17.661,2.147
ddg_5n22_0001,L177A,79.238,146.669,-67.431,82.08,147.201,-65.121,2.31
ddg_5n22_0001,Q174A,70.663,134.461,-63.798,70.865,135.539,-64.674,-0.876
ddg_5n22_0001,Y175A,58.93,120.359,-61.429,75.16,126.799,-51.639,9.79
ddg_5n22_0001,K171A,53.178,114.416,-61.238,54.764,116.42,-61.656,-0.418
ddg_5n22_0001,D173A,70.851,135.441,-64.59,73.14,135.606,-62.466,2.124
ddg_5n22_0001,F176A,72.651,134.455,-61.804,78.04,136.78,-58.74,3.064
ddg_5n22_0001,K172A,13.496,76.458,-62.962,12.78,78.573,-65.793,-2.831
ddg_5n22_0001,G169A,58.739,123.27,-64.531,59.117,123.77,-64.653,-0.122
ddg_2jnw_0001,I126A,-350.855,-311.635,-39.22,-342.578,-311.863,-30.715,8.505
ddg_2jnw_0001,T121A,-338.72,-305.29,-33.43,-331.81,-296.461,-35.349,-1.919
ddg_2jnw_0001,G122A,-332.163,-300.42,-31.743,-332.046,-299.333,-32.713,-0.97
ddg_2jnw_0001,I119A,-315.147,-284.744,-30.403,-315.71,-284.69,-31.02,-0.617
ddg_2jnw_0001,K117A,-311.655,-281.231,-30.424,-313.501,-283.316,-30.185,0.239
ddg_2jnw_0001,L127A,-340.562,-303.489,-37.073,-335.518,-301.932,-33.586,3.487
ddg_2jnw_0001,G123A,-340.92,-309.301,-31.619,-336.387,-301.62,-34.767,-3.148
ddg_2jnw_0001,D120A,-326.28,-300.32,-25.96,-331.387,-300.882,-30.505,-4.545
ddg_2jnw_0001,I118A,-313.657,-282.656,-31.001,-314.07,-283.258,-30.812,0.189
ddg_2jnw_0001,G124A,-346.935,-311.363,-35.572,-342.45,-308.217,-34.233,1.339
ddg_2jnw_0001,F125A,-367.114,-332.444,-34.67,-361.844,-327.743,-34.101,0.569
ddg_6g5g_0004,E863A,-3913.247,-3844.803,-68.444,-3908.339,-3842.382,-65.957,2.487
ddg_6g5g_0004,D851A,-3906.586,-3838.64,-67.946,-3905.497,-3837.809,-67.688,0.258
ddg_6g5g_0004,L860A,-3910.215,-3844.779,-65.436,-3902.352,-3842.825,-59.527,5.909
ddg_6g5g_0004,Q849A,-3909.82,-3840.516,-69.304,-3910.794,-3842.172,-68.622,0.682
ddg_6g5g_0004,I864A,-3911.76,-3843.153,-68.607,-3907.179,-3842.069,-65.11,3.497
ddg_6g5g_0004,K857A,-3912.288,-3847.31,-64.978,-3912.275,-3847.711,-64.564,0.414
ddg_6g5g_0004,M852A,-3910.334,-3843.298,-67.036,-3909.779,-3843.408,-66.371,0.665
ddg_6g5g_0004,N865A,-3906.288,-3835.611,-70.677,-3905.577,-3835.037,-70.54,0.137
ddg_6g5g_0004,E858A,-3907.986,-3841.795,-66.191,-3907.504,-3840.81,-66.694,-0.503
ddg_6g5g_0004,L856A,-3912.718,-3848.892,-63.826,-3906.197,-3846.7,-59.497,4.329
ddg_6g5g_0004,E850A,-3909.071,-3840.555,-68.516,-3908.507,-3837.598,-70.909,-2.393
ddg_6g5g_0004,F853A,-3910.382,-3845.716,-64.666,-3897.04,-3844.765,-52.275,12.391
ddg_6g5g_0004,K866A,-3911.819,-3843.388,-68.431,-3914.15,-3844.629,-69.521,-1.09
ddg_6g5g_0004,F861A,-3907.011,-3840.889,-66.122,-3901.471,-3839.999,-61.472,4.65
ddg_6g5g_0004,K859A,-3911.774,-3847.072,-64.702,-3910.862,-3845.923,-64.939,-0.237
ddg_6g5g_0004,K855A,-3910.872,-3846.766,-64.106,-3910.084,-3845.954,-64.13,-0.024
ddg_6g5g_0004,N862A,-3905.376,-3837.02,-68.356,-3906.061,-3837.955,-68.106,0.25
ddg_5e33_0004,Y726A,-3330.266,-3287.804,-42.462,-3330.23,-3293.562,-36.668,5.794
ddg_5e33_0004,G728A,-3321.044,-3272.46,-48.584,-3327.315,-3273.109,-54.206,-5.622
ddg_5e33_0004,G727A,-3325.237,-3282.571,-42.666,-3330.57,-3282.507,-48.063,-5.397
ddg_5e33_0004,F729A,-3329.723,-3272.545,-57.178,-3323.483,-3274.608,-48.875,8.303
ddg_5e33_0004,M730A,-3337.668,-3281.846,-55.822,-3334.506,-3283.074,-51.432,4.39
ddg_5efi_0017,W275A,-897.147,-835.718,-61.429,-891.906,-832.136,-59.77,1.659
ddg_5efi_0017,N277A,-887.675,-820.376,-67.299,-887.119,-818.813,-68.306,-1.007
ddg_5efi_0017,D264A,-898.816,-828.664,-70.152,-898.435,-826.89,-71.545,-1.393
ddg_5efi_0017,K276A,-893.344,-825.496,-67.848,-893.969,-825.755,-68.214,-0.366
ddg_5efi_0017,N273A,-889.527,-822.459,-67.068,-890.161,-822.609,-67.552,-0.484
ddg_5efi_0017,H267A,-893.55,-829.323,-64.227,-893.193,-826.837,-66.356,-2.129
ddg_5efi_0017,L279A,-891.331,-825.345,-65.986,-885.886,-823.831,-62.055,3.931
ddg_5efi_0017,K271A,-896.549,-830.972,-65.577,-899.737,-831.085,-68.652,-3.075
ddg_5efi_0017,G272A,-893.245,-829.299,-63.946,-893.654,-832.041,-61.613,2.333
ddg_5efi_0017,H274A,-888.733,-824.512,-64.221,-888.289,-822.604,-65.685,-1.464
ddg_5efi_0017,R269A,-899.115,-834.126,-64.989,-895.704,-832.135,-63.569,1.42
ddg_5efi_0017,F278A,-895.163,-830.584,-64.579,-890.563,-825.161,-65.402,-0.823
ddg_5efi_0017,F265A,-901.749,-834.534,-67.215,-893.24,-834.685,-58.555,8.66
ddg_5efi_0017,H266A,-890.206,-824.49,-65.716,-890.137,-822.606,-67.531,-1.815
ddg_5efi_0017,E270A,-889.016,-820.383,-68.633,-889.221,-819.839,-69.382,-0.749
ddg_5efi_0017,I268A,-891.226,-825.622,-65.604,-886.621,-823.054,-63.567,2.037
ddg_4qbr_0001,K140A,-521.991,-469.222,-52.769,-514.596,-468.563,-46.033,6.736
ddg_4qbr_0001,R138A,-527.636,-474.419,-53.217,-525.083,-473.632,-51.451,1.766
ddg_4qbr_0001,T139A,-523.015,-470.962,-52.053,-517.238,-467.587,-49.651,2.402
ddg_4qbr_0001,T142A,-523.253,-473.082,-50.171,-520.819,-470.301,-50.518,-0.347
ddg_4qbr_0001,Q141A,-519.11,-465.965,-53.145,-517.915,-465.081,-52.834,0.311
ddg_2kbr_0001,E92A,-197.889,-153.071,-44.818,-198.75,-152.369,-46.381,-1.563
ddg_2kbr_0001,D94A,-182.201,-139.374,-42.827,-182.854,-141.576,-41.278,1.549
ddg_2kbr_0001,D82A,-170.433,-122.716,-47.717,-164.363,-118.77,-45.593,2.124
ddg_2kbr_0001,R87A,-207.423,-162.959,-44.464,-205.167,-160.666,-44.501,-0.037
ddg_2kbr_0001,D83A,-171.317,-125.255,-46.062,-167.653,-121.352,-46.301,-0.239
ddg_2kbr_0001,Y93A,-214.802,-170.407,-44.395,-209.255,-171.499,-37.756,6.639
ddg_2kbr_0001,Y85A,-210.63,-166.565,-44.065,-207.719,-163.671,-44.048,0.017
ddg_2kbr_0001,R84A,-197.305,-152.851,-44.454,-195.208,-151.139,-44.069,0.385
ddg_2kbr_0001,N95A,-168.286,-121.139,-47.147,-167.451,-119.002,-48.449,-1.302
ddg_2kbr_0001,I96A,-178.242,-133.253,-44.989,-178.082,-131.951,-46.131,-1.142
ddg_2kbr_0001,K98A,-185.799,-134.561,-51.238,-185.065,-135.87,-49.195,2.043
ddg_2kbr_0001,I90A,-196.42,-154.866,-41.554,-188.847,-152.365,-36.482,5.072
ddg_2kbr_0001,E88A,-196.744,-150.513,-46.231,-198.91,-149.455,-49.455,-3.224
ddg_2kbr_0001,L86A,-200.077,-158.837,-41.24,-195.472,-157.986,-37.486,3.754
ddg_2kbr_0001,D81A,-175.137,-125.73,-49.407,-175.328,-123.99,-51.338,-1.931
ddg_2kbr_0001,Q91A,-190.303,-147.726,-42.577,-191.043,-146.586,-44.457,-1.88
ddg_6f6d_0002,Q453A,-2013.813,-1894.946,-118.867,-2010.965,-1891.629,-119.336,-0.469
ddg_6f6d_0002,S462A,-2005.472,-1893.389,-112.083,-2007.645,-1892.076,-115.569,-3.486
ddg_6f6d_0002,G467A,-2009.196,-1884.955,-124.241,-2005.484,-1881.213,-124.271,-0.03
ddg_6f6d_0002,K457A,-2009.874,-1892.636,-117.238,-2003.262,-1891.101,-112.161,5.077
ddg_6f6d_0002,T466A,-2011.066,-1887.245,-123.821,-2004.515,-1885.238,-119.277,4.544
ddg_6f6d_0002,I452A,-2015.177,-1894.561,-120.616,-2011.515,-1892.675,-118.84,1.776
ddg_6f6d_0002,P464A,-2007.423,-1891.234,-116.189,-2004.253,-1888.408,-115.845,0.344
ddg_6f6d_0002,L454A,-2015.243,-1894.509,-120.734,-2003.642,-1891.249,-112.393,8.341
ddg_6f6d_0002,K461A,-2007.719,-1893.13,-114.589,-2005.109,-1891.017,-114.092,0.497
ddg_6f6d_0002,R460A,-2008.689,-1894.928,-113.761,-2002.515,-1892.224,-110.291,3.47
ddg_6f6d_0002,T456A,-2012.041,-1892.834,-119.207,-2009.456,-1890.399,-119.057,0.15
ddg_6f6d_0002,M455A,-2016.664,-1898.348,-118.316,-2012.898,-1895.879,-117.019,1.297
ddg_6f6d_0002,R451A,-2018.805,-1899.979,-118.826,-2020.188,-1901.626,-118.562,0.264
ddg_3wgx_0015,H110A,-517.47,9764305.074,-9764822.544,-518.694,9764841.844,-9765360.538,-537.994
ddg_3wgx_0015,E112A,-519.374,4823135.863,-4823655.237,-516.551,4823180.642,-4823697.193,-41.956
ddg_3wgx_0015,G111A,-519.749,4823046.231,-4823565.98,-516.677,4823470.728,-4823987.405,-421.425
ddg_3wgx_0015,V113A,-522.163,4375713.059,-4376235.222,-519.529,4375256.183,-4375775.712,459.51
ddg_3wgx_0015,C114A,-519.15,4159229.07,-4159748.22,-519.157,4159287.826,-4159806.983,-58.763
ddg_3wgx_0015,P115A,-518.925,4332310.286,-4332829.211,-519.046,4332838.632,-4333357.678,-528.467
ddg_6fbk_0001,P99A,3.744,59.525,-55.781,2.503,59.469,-56.966,-1.185
ddg_6fbk_0001,G92A,55.452,111.787,-56.335,62.029,117.559,-55.53,0.805
ddg_6fbk_0001,H89A,54.598,109.244,-54.646,59.507,112.686,-53.179,1.467
ddg_6fbk_0001,R94A,44.347,96.706,-52.359,45.61,99.014,-53.404,-1.045
ddg_6fbk_0001,V87A,4.835,58.376,-53.541,12.003,64.016,-52.013,1.528
ddg_6fbk_0001,R93A,42.344,96.067,-53.723,48.339,97.532,-49.193,4.53
ddg_6fbk_0001,T85A,53.522,111.156,-57.634,55.179,112.927,-57.748,-0.114
ddg_6fbk_0001,L84A,53.118,108.577,-55.459,54.599,110.2,-55.601,-0.142
ddg_6fbk_0001,F95A,-5.535,44.485,-50.02,10.246,49.88,-39.634,10.386
ddg_6fbk_0001,I96A,51.703,102.565,-50.862,56.688,108.275,-51.587,-0.725
ddg_6fbk_0001,S98A,-2.452,53.305,-55.757,-1.571,54.621,-56.192,-0.435
ddg_6fbk_0001,S90A,57.499,113.811,-56.312,58.697,115.257,-56.56,-0.248
ddg_6fbk_0001,V88A,58.97,113.859,-54.889,65.062,119.589,-54.527,0.362
ddg_6fbk_0001,Q86A,53.451,109.407,-55.956,55.221,111.055,-55.834,0.122
ddg_6fbk_0001,V97A,1.948,51.913,-49.965,9.892,57.054,-47.162,2.803
ddg_6fbk_0001,V100A,-3.516,50.295,-53.811,-8.994,46.355,-55.349,-1.538
ddg_5lyn_0001,D140A,-442.689,-405.345,-37.344,-441.702,-406.259,-35.443,1.901
ddg_5lyn_0001,V136A,-567.083,-527.757,-39.326,-563.016,-524.647,-38.369,0.957
ddg_5lyn_0001,P134A,-575.943,-531.869,-44.074,-581.612,-534.586,-47.026,-2.952
ddg_5lyn_0001,E138A,-443.459,-403.036,-40.423,-442.697,-402.104,-40.593,-0.17
ddg_5lyn_0001,V139A,-443.578,-406.902,-36.676,-441.101,-404.777,-36.324,0.352
ddg_5lyn_0001,T135A,-579.834,-535.852,-43.982,-577.075,-534.978,-42.097,1.885
ddg_5lyn_0001,E137A,-575.284,-533.859,-41.425,-570.69,-532.531,-38.159,3.266
ddg_2fgr_0005,D333A,-1386.609,-1355.241,-31.368,-1385.619,-1353.922,-31.697,-0.329
ddg_2fgr_0005,N337A,-1387.468,-1356.774,-30.694,-1386.85,-1355.701,-31.149,-0.455
ddg_2fgr_0005,S340A,-1388.143,-1356.722,-31.421,-1386.462,-1353.603,-32.859,-1.438
ddg_2fgr_0005,W335A,-1384.455,-1360.046,-24.409,-1376.538,-1354.219,-22.319,2.09
ddg_2fgr_0005,N334A,-1385.701,-1354.387,-31.314,-1385.592,-1354.32,-31.272,0.042
ddg_2fgr_0005,G338A,-1386.94,-1356.491,-30.449,-1384.835,-1358.081,-26.754,3.695
ddg_2fgr_0005,Q336A,-1383.851,-1354.127,-29.724,-1382.503,-1352.361,-30.142,-0.418
ddg_2fgr_0005,T339A,-1387.769,-1352.371,-35.398,-1385.682,-1349.762,-35.92,-0.522
ddg_1ywo_0001,M65A,-291.358,-252.833,-38.525,-290.668,-252.95,-37.718,0.807
ddg_1ywo_0001,V59A,-278.049,-243.71,-34.339,-274.531,-240.409,-34.122,0.217
ddg_1ywo_0001,P64A,-284.91,-245.563,-39.347,-282.204,-242.754,-39.45,-0.103
ddg_1ywo_0001,P57A,-286.738,-249.116,-37.622,-280.631,-241.867,-38.764,-1.142
ddg_1ywo_0001,Q62A,-285.121,-250.239,-34.882,-282.011,-247.072,-34.939,-0.057
ddg_1ywo_0001,Q56A,-285.359,-247.696,-37.663,-283.699,-246.038,-37.661,0.002
ddg_1ywo_0001,P61A,-285.698,-250.302,-35.396,-281.529,-248.873,-32.656,2.74
ddg_1ywo_0001,P60A,-283.718,-248.671,-35.047,-280.123,-245.408,-34.715,0.332
ddg_1ywo_0001,P58A,-280.922,-246.334,-34.588,-277.757,-242.974,-34.783,-0.195
ddg_1ywo_0001,R63A,-298.444,-262.877,-35.567,-291.558,-261.527,-30.031,5.536
ddg_3r42_0018,Y163A,-711.047,-677.121,-33.926,-705.349,-675.38,-29.969,3.957
ddg_3r42_0018,D161A,-705.115,-673.958,-31.157,-702.21,-669.133,-33.077,-1.92
ddg_3r42_0018,S160A,-709.226,-678.94,-30.286,-708.044,-676.152,-31.892,-1.606
ddg_3r42_0018,P162A,-707.455,-677.177,-30.278,-706.337,-675.746,-30.591,-0.313
ddg_3r42_0018,N164A,-702.725,-668.081,-34.644,-701.077,-666.294,-34.783,-0.139
ddg_3r42_0018,P159A,-705.171,-674.241,-30.93,-701.897,-670.68,-31.217,-0.287
ddg_3r42_0018,V158A,-704.316,-669.144,-35.172,-700.579,-666.857,-33.722,1.45
ddg_3r42_0018,Q157A,-711.013,-675.791,-35.222,-709.809,-675.35,-34.459,0.763
ddg_2xrw_0003,Y357A,-1378.567,-1316.867,-61.7,-1374.109,-1313.732,-60.377,1.323
ddg_2xrw_0003,D354A,-1374.141,-1307.612,-66.529,-1373.053,-1306.876,-66.177,0.352
ddg_2xrw_0003,E361A,-1372.001,-1308.888,-63.113,-1372.949,-1309.833,-63.116,-0.003
ddg_2xrw_0003,R353A,-1377.662,-1313.537,-64.125,-1374.291,-1313.354,-60.937,3.188
ddg_2xrw_0003,P359A,-1373.812,-1312.113,-61.699,-1370.07,-1308.716,-61.354,0.345
ddg_2xrw_0003,S352A,-1373.267,-1306.737,-66.53,-1370.579,-1304.373,-66.206,0.324
ddg_2xrw_0003,L358A,-1377.66,-1315.454,-62.206,-1364.791,-1312.372,-52.419,9.787
ddg_2xrw_0003,P351A,-1374.253,-1310.243,-64.01,-1376.141,-1309.102,-67.039,-3.029
ddg_2xrw_0003,L360A,-1374.383,-1313.071,-61.312,-1363.243,-1310.272,-52.971,8.341
ddg_2xrw_0003,H355A,-1374.486,-1308.833,-65.653,-1374.017,-1308.213,-65.804,-0.151
ddg_2xrw_0003,L356A,-1374.882,-1312.058,-62.824,-1364.754,-1308.852,-55.902,6.922
ddg_2xrw_0003,R350A,-1381.765,-1315.695,-66.07,-1385.38,-1318.998,-66.382,-0.312
ddg_1nvq_0018,V267A,-1040.126,-1008.433,-31.693,-1032.641,-1007.306,-25.335,6.358
ddg_1nvq_0018,S266A,-1033.17,-1002.069,-31.101,-1032.922,-1000.403,-32.519,-1.418
ddg_1nvq_0018,S268A,-1042.085,-1007.303,-34.782,-1036.401,-1005.299,-31.102,3.68
ddg_2i94_0008,S195A,-189.521,-149.056,-40.465,-193.922,-149.54,-44.382,-3.917
ddg_2i94_0008,E189A,-199.533,-149.08,-50.453,-200.332,-149.631,-50.701,-0.248
ddg_2i94_0008,F197A,-198.226,-146.393,-51.833,-192.059,-147.059,-45.0,6.833
ddg_2i94_0008,M183A,-170.136,-114.338,-55.798,-173.898,-118.028,-55.87,-0.072
ddg_2i94_0008,G186A,-176.507,-125.497,-51.01,-177.486,-126.764,-50.722,0.288
ddg_2i94_0008,S187A,-169.471,-118.968,-50.503,-169.147,-117.822,-51.325,-0.822
ddg_2i94_0008,V191A,-186.802,-139.447,-47.355,-185.258,-139.555,-45.703,1.652
ddg_2i94_0008,L188A,-189.337,-139.99,-49.347,-184.183,-138.024,-46.159,3.188
ddg_2i94_0008,N194A,-173.118,-128.675,-44.443,-174.181,-129.625,-44.556,-0.113
ddg_2i94_0008,T190A,-174.341,-133.417,-40.924,-175.435,-133.784,-41.651,-0.727
ddg_2i94_0008,D184A,-171.64,-114.75,-56.89,-168.4,-111.763,-56.637,0.253
ddg_2i94_0008,V192A,-219.066,-176.393,-42.673,-214.349,-174.685,-39.664,3.009
ddg_2i94_0008,I198A,-172.376,-124.318,-48.058,-174.795,-124.555,-50.24,-2.182
ddg_2i94_0008,F185A,-192.098,-139.214,-52.884,-192.38,-138.729,-53.651,-0.767
ddg_3p72_0001,H277A,-1234.249,-1189.75,-44.499,-1230.508,-1187.224,-43.284,1.215
ddg_3p72_0001,L276A,-1238.227,-1194.375,-43.852,-1231.557,-1193.786,-37.771,6.081
ddg_3p72_0001,R273A,-1246.219,-1200.732,-45.487,-1242.811,-1199.512,-43.299,2.188
ddg_3p72_0001,L279A,-1231.779,-1189.184,-42.595,-1229.173,-1185.957,-43.216,-0.621
ddg_3p72_0001,T271A,-1238.447,-1194.336,-44.111,-1235.739,-1190.741,-44.998,-0.887
ddg_3p72_0001,E272A,-1240.7,-1196.987,-43.713,-1237.61,-1193.876,-43.734,-0.021
ddg_3p72_0001,M274A,-1241.243,-1195.711,-45.532,-1241.495,-1195.404,-46.091,-0.559
ddg_3p72_0001,C280A,-1236.443,-1192.269,-44.174,-1236.447,-1192.269,-44.178,-0.004
ddg_3p72_0001,N278A,-1236.162,-1190.752,-45.41,-1230.034,-1187.156,-42.878,2.532
ddg_3p72_0001,C270A,-1237.762,-1194.292,-43.47,-1237.761,-1194.292,-43.469,0.001
ddg_4xek_0003,S140A,-607.953,-546.397,-61.556,-606.776,-545.263,-61.513,0.043
ddg_4xek_0003,T153A,-607.394,-545.171,-62.223,-606.564,-543.414,-63.15,-0.927
ddg_4xek_0003,K138A,-607.992,-547.342,-60.65,-607.627,-546.51,-61.117,-0.467
ddg_4xek_0003,L145A,-608.161,-549.059,-59.102,-600.656,-547.339,-53.317,5.785
ddg_4xek_0003,D146A,-607.36,-548.164,-59.196,-602.901,-546.989,-55.912,3.284
ddg_4xek_0003,T139A,-609.763,-548.368,-61.395,-606.927,-546.492,-60.435,0.96
ddg_4xek_0003,M149A,-608.014,-546.973,-61.041,-600.432,-547.366,-53.066,7.975
ddg_4xek_0003,L152A,-612.149,-549.865,-62.284,-604.178,-545.603,-58.575,3.709
ddg_4xek_0003,E147A,-609.367,-549.194,-60.173,-609.241,-548.777,-60.464,-0.291
ddg_4xek_0003,H151A,-609.944,-549.164,-60.78,-609.439,-548.203,-61.236,-0.456
ddg_4xek_0003,Q144A,-607.214,-547.209,-60.005,-605.051,-546.814,-58.237,1.768
ddg_4xek_0003,L148A,-614.42,-552.976,-61.444,-606.42,-551.428,-54.992,6.452
ddg_1nrl_0016,H284A,234.92,469.272,-234.352,240.007,471.97,-231.963,2.389
ddg_1nrl_0016,R283A,239.51,472.289,-232.779,240.881,473.62,-232.739,0.04
ddg_1nrl_0016,T281A,240.515,473.313,-232.798,242.36,473.899,-231.539,1.259
ddg_1nrl_0016,R289A,229.59,460.769,-231.179,230.916,462.052,-231.136,0.043
ddg_1nrl_0016,E293A,229.234,465.28,-236.046,228.087,465.107,-237.02,-0.974
ddg_1nrl_0016,L291A,230.515,461.708,-231.193,240.521,463.602,-223.081,8.112
ddg_1nrl_0016,L287A,229.98,461.131,-231.151,238.653,463.574,-224.921,6.23
ddg_1nrl_0016,S279A,242.857,479.497,-236.64,244.391,481.11,-236.719,-0.079
ddg_1nrl_0016,Q292A,230.952,466.062,-235.11,232.439,467.885,-235.446,-0.336
ddg_1nrl_0016,H288A,228.398,461.103,-232.705,228.532,461.255,-232.723,-0.018
ddg_1nrl_0016,L290A,231.518,460.752,-229.234,236.453,462.25,-225.797,3.437
ddg_1nrl_0016,I286A,234.969,465.162,-230.193,240.296,466.659,-226.363,3.83
ddg_1nrl_0016,L280A,241.101,473.125,-232.024,242.882,473.405,-230.523,1.501
ddg_1nrl_0016,E282A,241.978,474.99,-233.012,243.118,477.033,-233.915,-0.903
ddg_1nrl_0016,K285A,233.396,467.858,-234.462,235.27,469.664,-234.394,0.068
ddg_3s9c_0004,R241A,-1180.862,-1123.277,-57.585,-1172.941,-1122.713,-50.228,7.357
ddg_3s9c_0004,I235A,-1173.392,-1112.269,-61.123,-1169.393,-1112.546,-56.847,4.276
ddg_3s9c_0004,L240A,-1177.004,-1119.59,-57.414,-1169.449,-1115.003,-54.446,2.968
ddg_3s9c_0004,Y239A,-1178.269,-1118.637,-59.632,-1164.954,-1117.315,-47.639,11.993
ddg_3s9c_0004,W238A,-1176.241,-1116.109,-60.132,-1165.101,-1111.559,-53.542,6.59
ddg_2xcb_0019,P140A,-575.31,-518.572,-56.738,-570.919,-514.614,-56.305,0.433
ddg_2xcb_0019,E136A,-556.02,-506.098,-49.922,-554.482,-505.43,-49.052,0.87
ddg_2xcb_0019,R134A,-568.809,-516.906,-51.903,-570.453,-518.813,-51.64,0.263
ddg_2xcb_0019,N138A,-563.279,-515.242,-48.037,-562.284,-515.052,-47.232,0.805
ddg_2xcb_0019,V135A,-560.682,-508.824,-51.858,-554.236,-507.509,-46.727,5.131
ddg_2xcb_0019,L137A,-574.637,-525.904,-48.733,-561.28,-522.428,-38.852,9.881
ddg_2xcb_0019,R141A,-574.453,-517.493,-56.96,-573.272,-520.136,-53.136,3.824
ddg_4j2c_0001,L119A,-414.613,-353.794,-60.819,-406.882,-348.772,-58.11,2.709
ddg_4j2c_0001,Y117A,-423.931,-363.661,-60.27,-410.605,-360.413,-50.192,10.078
ddg_4j2c_0001,H110A,-414.267,-351.958,-62.309,-411.297,-351.183,-60.114,2.195
ddg_4j2c_0001,Y116A,-422.165,-359.307,-62.858,-413.037,-357.724,-55.313,7.545
ddg_4j2c_0001,M112A,-417.859,-358.484,-59.375,-416.001,-357.386,-58.615,0.76
ddg_4j2c_0001,S120A,-412.03,-343.512,-68.518,-409.265,-342.311,-66.954,1.564
ddg_4j2c_0001,G111A,-411.917,-351.54,-60.377,-413.907,-353.436,-60.471,-0.094
ddg_4j2c_0001,L113A,-415.618,-354.698,-60.92,-404.153,-352.051,-52.102,8.818
ddg_4j2c_0001,G118A,-412.102,-348.54,-63.562,-408.99,-345.956,-63.034,0.528
ddg_4j2c_0001,K114A,-413.782,-352.987,-60.795,-413.11,-353.373,-59.737,1.058
ddg_4j2c_0001,L115A,-410.182,-348.2,-61.982,-409.832,-346.848,-62.984,-1.002
ddg_4oyk_0002,R178A,-811.312,-755.104,-56.208,-803.961,-748.963,-54.998,1.21
ddg_4oyk_0002,Y177A,-814.048,-757.613,-56.435,-798.823,-755.22,-43.603,12.832
ddg_4oyk_0002,E174A,-806.426,-748.526,-57.9,-805.846,-747.543,-58.303,-0.403
ddg_4oyk_0002,E182A,-806.664,-749.353,-57.311,-805.772,-748.59,-57.182,0.129
ddg_4oyk_0002,I183A,-806.806,-749.512,-57.294,-800.163,-744.158,-56.005,1.289
ddg_4oyk_0002,E186A,-807.315,-747.93,-59.385,-808.053,-748.849,-59.204,0.181
ddg_4oyk_0002,D175A,-811.04,-753.733,-57.307,-799.737,-743.279,-56.458,0.849
ddg_4oyk_0002,E184A,-806.441,-747.821,-58.62,-806.889,-748.299,-58.59,0.03
ddg_4oyk_0002,M176A,-807.21,-751.435,-55.775,-801.491,-750.957,-50.534,5.241
ddg_4oyk_0002,D181A,-806.137,-746.27,-59.867,-806.466,-746.561,-59.905,-0.038
ddg_4oyk_0002,K185A,-808.205,-748.337,-59.868,-807.464,-747.707,-59.757,0.111
ddg_3pe4_0009,V703A,-3212.221,-3157.813,-54.408,-3208.827,-3155.049,-53.778,0.63
ddg_3pe4_0009,G699A,-3207.718,-3151.284,-56.434,-3204.104,-3147.771,-56.333,0.101
ddg_3pe4_0009,M709A,-3221.369,-3170.176,-51.193,-3220.323,-3170.304,-50.019,1.174
ddg_3pe4_0009,S700A,-3210.535,-3154.819,-55.716,-3209.356,-3153.862,-55.494,0.222
ddg_3pe4_0009,N707A,-3218.939,-3166.459,-52.48,-3218.655,-3165.623,-53.032,-0.552
ddg_3pe4_0009,S704A,-3211.517,-3157.695,-53.822,-3211.391,-3156.107,-55.284,-1.462
ddg_3pe4_0009,T701A,-3211.921,-3157.62,-54.301,-3210.056,-3156.538,-53.518,0.783
ddg_3pe4_0009,M708A,-3221.988,-3169.052,-52.936,-3220.168,-3169.203,-50.965,1.971
ddg_3pe4_0009,P702A,-3210.675,-3156.351,-54.324,-3208.087,-3153.224,-54.863,-0.539
ddg_3pe4_0009,S705A,-3211.555,-3160.217,-51.338,-3211.041,-3158.521,-52.52,-1.182
ddg_3pe4_0009,P697A,-3207.921,-3151.323,-56.598,-3204.898,-3149.582,-55.316,1.282
ddg_3pe4_0009,G698A,-3206.014,-3149.483,-56.531,-3200.864,-3144.256,-56.608,-0.077
ddg_3pe4_0009,Y696A,-3212.161,-3157.367,-54.794,-3208.723,-3158.458,-50.265,4.529
ddg_2o9v_0001,V68A,-332.323,-291.443,-40.88,-334.576,-293.598,-40.978,-0.098
ddg_2o9v_0001,P69A,-335.625,-295.006,-40.619,-335.102,-293.647,-41.455,-0.836
ddg_2o9v_0001,P73A,-335.28,-294.257,-41.023,-330.279,-289.528,-40.751,0.272
ddg_2o9v_0001,S77A,-334.674,-292.333,-42.341,-332.975,-291.081,-41.894,0.447
ddg_2o9v_0001,P76A,-339.59,-298.236,-41.354,-336.357,-294.979,-41.378,-0.024
ddg_2o9v_0001,P71A,-332.253,-291.507,-40.746,-328.89,-288.304,-40.586,0.16
ddg_2o9v_0001,P74A,-334.592,-293.28,-41.312,-330.611,-289.77,-40.841,0.471
ddg_2o9v_0001,P75A,-341.148,-299.898,-41.25,-336.81,-296.265,-40.545,0.705
ddg_2o9v_0001,V72A,-336.593,-295.381,-41.212,-329.176,-292.85,-36.326,4.886
ddg_2o9v_0001,P70A,-333.798,-293.49,-40.308,-330.857,-290.166,-40.691,-0.383
ddg_1mf4_0020,F122A,-458.012,-449.34,-8.672,-457.647,-446.376,-11.271,-2.599
ddg_1mf4_0020,R123A,-474.515,-459.118,-15.397,-472.405,-455.775,-16.63,-1.233
ddg_1mf4_0020,V120A,-446.979,-434.966,-12.013,-449.603,-435.252,-14.351,-2.338
ddg_1mf4_0020,S124A,-459.927,-445.556,-14.371,-463.621,-446.606,-17.015,-2.644
ddg_4gq6_0004,R470A,-1856.572,-1779.961,-76.611,-1854.943,-1776.542,-78.401,-1.79
ddg_4gq6_0004,W471A,-1850.585,-1774.331,-76.254,-1843.004,-1769.46,-73.544,2.71
ddg_4gq6_0004,P477A,-1837.467,-1766.99,-70.477,-1833.5,-1761.715,-71.785,-1.308
ddg_4gq6_0004,T479A,-1843.552,-1774.263,-69.289,-1845.208,-1774.804,-70.404,-1.115
ddg_4gq6_0004,P474A,-1842.76,-1774.74,-68.02,-1839.219,-1768.418,-70.801,-2.781
ddg_4gq6_0004,G478A,-1838.73,-1770.754,-67.976,-1831.365,-1762.237,-69.128,-1.152
ddg_4gq6_0004,S468A,-1851.357,-1771.942,-79.415,-1850.899,-1770.893,-80.006,-0.591
ddg_4gq6_0004,F473A,-1855.207,-1788.135,-67.072,-1842.28,-1784.401,-57.879,9.193
ddg_4gq6_0004,R476A,-1854.956,-1786.323,-68.633,-1853.067,-1787.065,-66.002,2.631
ddg_4gq6_0004,R472A,-1856.921,-1786.136,-70.785,-1852.614,-1781.761,-70.853,-0.068
ddg_4fii_0001,L297A,-1353.104,-1310.297,-42.807,-1347.633,-1309.454,-38.179,4.628
ddg_4fii_0001,K295A,-1352.776,-1311.851,-40.925,-1349.354,-1311.403,-37.951,2.974
ddg_4fii_0001,P294A,-1344.188,-1303.349,-40.839,-1344.397,-1302.396,-42.001,-1.162
ddg_4fii_0001,R293A,-1343.187,-1302.272,-40.915,-1337.987,-1303.841,-34.146,6.769
ddg_4fii_0001,P296A,-1350.139,-1309.79,-40.349,-1348.6,-1306.358,-42.242,-1.893
ddg_4fii_0001,V298A,-1350.169,-1308.624,-41.545,-1349.755,-1310.202,-39.553,1.992
ddg_2v8c_0001,G140A,-664.751,-610.998,-53.753,-665.194,-611.369,-53.825,-0.072
ddg_2v8c_0001,P145A,-664.816,-613.041,-51.775,-661.133,-610.822,-50.311,1.464
ddg_2v8c_0001,G146A,-664.963,-613.742,-51.221,-663.81,-612.433,-51.377,-0.156
ddg_2v8c_0001,P149A,-670.183,-619.76,-50.423,-665.33,-615.219,-50.111,0.312
ddg_2v8c_0001,P142A,-664.689,-611.751,-52.938,-659.913,-608.086,-51.827,1.111
ddg_2v8c_0001,G152A,-672.429,-620.154,-52.275,-667.797,-616.502,-51.295,0.98
ddg_2v8c_0001,P147A,-663.766,-612.735,-51.031,-659.938,-609.538,-50.4,0.631
ddg_2v8c_0001,P141A,-665.25,-612.646,-52.604,-664.127,-610.994,-53.133,-0.529
ddg_2v8c_0001,P143A,-664.159,-610.694,-53.465,-659.299,-606.635,-52.664,0.801
ddg_2v8c_0001,P150A,-663.814,-611.893,-51.921,-660.434,-608.967,-51.467,0.454
ddg_2v8c_0001,P151A,-667.981,-616.982,-50.999,-664.902,-612.811,-52.091,-1.092
ddg_2v8c_0001,P144A,-664.842,-614.105,-50.737,-660.736,-610.72,-50.016,0.721
ddg_2v8c_0001,P148A,-667.748,-615.994,-51.754,-663.315,-612.147,-51.168,0.586
ddg_2jqk_0001,D73A,-202.115,-176.4,-25.715,-202.025,-174.763,-27.262,-1.547
ddg_2jqk_0001,E77A,-201.714,-173.811,-27.903,-199.727,-172.118,-27.609,0.294
ddg_2jqk_0001,L83A,-195.388,-170.612,-24.776,-188.41,-168.104,-20.306,4.47
ddg_2jqk_0001,Q79A,-207.3,-183.948,-23.352,-206.798,-182.206,-24.592,-1.24
ddg_2jqk_0001,R78A,-210.582,-182.858,-27.724,-209.596,-181.313,-28.283,-0.559
ddg_2jqk_0001,V85A,-172.924,-145.747,-27.177,-171.913,-144.241,-27.672,-0.495
ddg_2jqk_0001,I76A,-210.344,-182.709,-27.635,-209.088,-180.805,-28.283,-0.648
ddg_2jqk_0001,E74A,-190.768,-160.588,-30.18,-189.524,-157.991,-31.533,-1.353
ddg_2jqk_0001,E75A,-192.844,-167.473,-25.371,-189.97,-163.103,-26.867,-1.496
ddg_2jqk_0001,G84A,-178.823,-153.313,-25.51,-181.729,-154.754,-26.975,-1.465
ddg_2jqk_0001,L80A,-211.096,-181.774,-29.322,-206.812,-179.949,-26.863,2.459
ddg_2jqk_0001,D86A,-156.388,-125.085,-31.303,-157.358,-126.102,-31.256,0.047
ddg_2jqk_0001,K81A,-197.243,-171.152,-26.091,-196.426,-169.544,-26.882,-0.791
ddg_3g2s_0001,M154A,-638.035,-572.707,-65.328,-633.301,-572.689,-60.612,4.716
ddg_3g2s_0001,P153A,-626.01,-559.718,-66.292,-622.01,-556.175,-65.835,0.457
ddg_3g2s_0001,I156A,-636.558,-574.755,-61.803,-632.673,-571.313,-61.36,0.443
ddg_3g2s_0001,S149A,-620.031,-552.749,-67.282,-618.343,-550.887,-67.456,-0.174
ddg_3g2s_0001,V152A,-626.538,-560.501,-66.037,-622.082,-558.154,-63.928,2.109
ddg_3g2s_0001,G147A,-620.228,-550.831,-69.397,-620.556,-551.129,-69.427,-0.03
ddg_3g2s_0001,D150A,-622.269,-554.98,-67.289,-617.674,-552.114,-65.56,1.729
ddg_3g2s_0001,D151A,-629.136,-562.918,-66.218,-616.904,-558.661,-58.243,7.975
ddg_3g2s_0001,V155A,-634.169,-568.502,-65.667,-630.386,-567.259,-63.127,2.54
ddg_3g2s_0001,F148A,-621.939,-554.797,-67.142,-620.234,-553.063,-67.171,-0.029
ddg_5yay_0001,R248A,-1142.465,-1058.059,-84.406,-1139.051,-1056.477,-82.574,1.832
ddg_5yay_0001,L256A,-1140.93,-1059.894,-81.036,-1134.91,-1057.295,-77.615,3.421
ddg_5yay_0001,T251A,-1139.763,-1060.446,-79.317,-1137.876,-1057.505,-80.371,-1.054
ddg_5yay_0001,T252A,-1138.124,-1054.858,-83.266,-1135.678,-1052.883,-82.795,0.471
ddg_5yay_0001,Q253A,-1136.885,-1053.545,-83.34,-1132.356,-1051.958,-80.398,2.942
ddg_5yay_0001,T250A,-1140.075,-1058.703,-81.372,-1137.338,-1057.51,-79.828,1.544
ddg_5yay_0001,R247A,-1142.603,-1060.439,-82.164,-1137.811,-1060.819,-76.992,5.172
ddg_5yay_0001,K245A,-1137.445,-1052.715,-84.73,-1139.072,-1056.952,-82.12,2.61
ddg_5yay_0001,R249A,-1142.492,-1062.838,-79.654,-1139.905,-1060.349,-79.556,0.098
ddg_5yay_0001,E255A,-1139.268,-1058.89,-80.378,-1139.694,-1057.501,-82.193,-1.815
ddg_5yay_0001,L257A,-1137.531,-1055.901,-81.63,-1131.54,-1052.392,-79.148,2.482
ddg_5yay_0001,M254A,-1139.361,-1055.972,-83.389,-1138.728,-1054.599,-84.129,-0.74
ddg_5yay_0001,Y258A,-1141.668,-1059.355,-82.313,-1133.436,-1053.914,-79.522,2.791
ddg_5onp_0001,G321A,-1554.729,-1519.275,-35.454,-1551.587,-1515.855,-35.732,-0.278
ddg_5onp_0001,G317A,-1550.319,-1518.465,-31.854,-1552.073,-1516.076,-35.997,-4.143
ddg_5onp_0001,I319A,-1558.303,-1521.375,-36.928,-1552.107,-1522.333,-29.774,7.154
ddg_5onp_0001,I320A,-1557.511,-1523.322,-34.189,-1555.575,-1523.024,-32.551,1.638
ddg_2las_0006,E89A,-174.679,-146.579,-28.1,-175.733,-146.125,-29.608,-1.508
ddg_2las_0006,I82A,-196.655,-159.776,-36.879,-196.742,-161.42,-35.322,1.557
ddg_2las_0006,V87A,-182.694,-155.143,-27.551,-184.32,-152.423,-31.897,-4.346
ddg_2las_0006,E83A,-190.373,-164.11,-26.263,-187.878,-162.601,-25.277,0.986
ddg_2las_0006,D79A,-187.412,-143.653,-43.759,-183.786,-140.322,-43.464,0.295
ddg_2las_0006,I85A,-187.677,-155.294,-32.383,-181.264,-150.875,-30.389,1.994
ddg_2las_0006,V84A,-202.034,-177.315,-24.719,-197.926,-174.967,-22.959,1.76
ddg_2las_0006,N80A,-181.172,-136.418,-44.754,-181.39,-136.511,-44.879,-0.125
ddg_2las_0006,K90A,-179.228,-150.705,-28.523,-178.491,-149.327,-29.164,-0.641
ddg_2las_0006,W88A,-200.086,-174.093,-25.993,-198.045,-172.226,-25.819,0.174
ddg_2las_0006,I86A,-200.863,-168.623,-32.24,-198.565,-164.57,-33.995,-1.755
ddg_2las_0006,E81A,-179.541,-136.503,-43.038,-179.922,-134.215,-45.707,-2.669
ddg_2las_0006,K91A,-181.564,-140.498,-41.066,-182.943,-141.287,-41.656,-0.59
ddg_3emh_0003,R302A,-1436.719,-1393.881,-42.838,-1429.631,-1393.399,-36.232,6.606
ddg_3emh_0003,E304A,-1426.911,-1381.905,-45.006,-1426.071,-1380.291,-45.78,-0.774
ddg_3emh_0003,V305A,-1430.132,-1383.592,-46.54,-1429.339,-1382.897,-46.442,0.098
ddg_3emh_0003,H306A,-1425.435,-1379.122,-46.313,-1424.863,-1380.788,-44.075,2.238
ddg_1o0p_0001,K108A,-182.047,-131.778,-50.269,-178.579,-129.173,-49.406,0.863
ddg_1o0p_0001,D117A,-2.018,29.928,-31.946,-3.127,29.174,-32.301,-0.355
ddg_1o0p_0001,K107A,-185.531,-132.155,-53.376,-181.339,-129.984,-51.355,2.021
ddg_1o0p_0001,P105A,-179.988,-129.888,-50.1,-183.017,-133.418,-49.599,0.501
ddg_1o0p_0001,K110A,-179.1,-133.356,-45.744,-178.391,-132.163,-46.228,-0.484
ddg_1o0p_0001,Q116A,-14.478,19.303,-33.781,-15.011,23.474,-38.485,-4.704
ddg_1o0p_0001,R109A,-207.917,-162.552,-45.365,-208.451,-161.858,-46.593,-1.228
ddg_1o0p_0001,S106A,-187.98,-138.538,-49.442,-186.649,-133.02,-53.629,-4.187
ddg_1o0p_0001,S112A,-161.202,-120.432,-40.77,-158.858,-119.091,-39.767,1.003
ddg_1o0p_0001,R111A,-201.125,-155.105,-46.02,-197.441,-154.796,-42.645,3.375
ddg_1o0p_0001,R113A,-217.891,-175.513,-42.378,-211.424,-174.708,-36.716,5.662
ddg_1o0p_0001,W114A,-61.059,-22.314,-38.745,-44.684,-20.072,-24.612,14.133
ddg_1o0p_0001,N115A,-20.793,17.796,-38.589,-17.3,19.624,-36.924,1.665
ddg_3bqo_0001,N206A,-784.543,-701.2,-83.343,-783.294,-702.114,-81.18,2.163
ddg_3bqo_0001,G211A,-791.065,-699.987,-91.078,-789.288,-697.996,-91.292,-0.214
ddg_3bqo_0001,R213A,-795.118,-700.212,-94.906,-789.397,-696.943,-92.454,2.452
ddg_3bqo_0001,R214A,-794.778,-696.055,-98.723,-791.745,-694.973,-96.772,1.951
ddg_3bqo_0001,S203A,-803.402,-708.168,-95.234,-800.877,-706.409,-94.468,0.766
ddg_3bqo_0001,R212A,-791.785,-696.281,-95.504,-789.526,-695.225,-94.301,1.203
ddg_3bqo_0001,L210A,-790.447,-706.429,-84.018,-783.228,-702.361,-80.867,3.151
ddg_3bqo_0001,L207A,-784.725,-696.232,-88.493,-774.045,-693.224,-80.821,7.672
ddg_3bqo_0001,V215A,-793.483,-692.735,-100.748,-792.229,-693.617,-98.612,2.136
ddg_3bqo_0001,H204A,-793.583,-699.426,-94.157,-793.168,-698.839,-94.329,-0.172
ddg_3bqo_0001,P209A,-794.13,-710.418,-83.712,-791.479,-706.6,-84.879,-1.167
ddg_3bqo_0001,F205A,-790.52,-703.151,-87.369,-783.787,-703.656,-80.131,7.238
ddg_1rxz_0001,T248A,-1042.802,-976.436,-66.366,-1041.007,-975.328,-65.679,0.687
ddg_1rxz_0001,F256A,-1047.213,-979.545,-67.668,-1044.204,-982.606,-61.598,6.07
ddg_1rxz_0001,T251A,-1049.524,-977.976,-71.548,-1046.202,-976.945,-69.257,2.291
ddg_1rxz_0001,L252A,-1051.88,-982.711,-69.169,-1040.575,-979.856,-60.719,8.45
ddg_1rxz_0001,E253A,-1046.866,-978.184,-68.682,-1046.779,-976.027,-70.752,-2.07
ddg_1rxz_0001,S247A,-1050.064,-979.931,-70.133,-1051.547,-979.108,-72.439,-2.306
ddg_1rxz_0001,K246A,-1049.654,-978.979,-70.675,-1051.558,-981.496,-70.062,0.613
ddg_1rxz_0001,Q249A,-1056.197,-988.879,-67.318,-1047.159,-985.123,-62.036,5.282
ddg_1rxz_0001,W255A,-1051.461,-985.3,-66.161,-1038.964,-982.478,-56.486,9.675
ddg_1rxz_0001,R254A,-1056.537,-988.922,-67.615,-1055.021,-988.108,-66.913,0.702
ddg_2ht9_0012,E108A,-457.138,-441.628,-15.51,-452.905,-440.008,-12.897,2.613
ddg_2ht9_0012,T107A,-456.802,-440.408,-16.394,-455.185,-439.301,-15.884,0.51
ddg_2ht9_0012,L105A,-456.579,-440.662,-15.917,-454.132,-439.604,-14.528,1.389
ddg_2ht9_0012,L110A,-457.169,-440.558,-16.611,-456.11,-439.55,-16.56,0.051
ddg_2ht9_0012,E116A,-462.208,-446.436,-15.772,-464.973,-446.644,-18.329,-2.557
ddg_2ht9_0012,N109A,-457.797,-441.279,-16.518,-458.306,-441.84,-16.466,0.052
ddg_2ht9_0012,G106A,-457.157,-441.028,-16.129,-459.111,-443.017,-16.094,0.035
ddg_2ht9_0012,F112A,-461.36,-442.136,-19.224,-454.258,-441.667,-12.591,6.633
ddg_2ht9_0012,Y111A,-461.901,-443.528,-18.373,-455.538,-442.4,-13.138,5.235
ddg_2ht9_0012,Q113A,-455.348,-439.648,-15.7,-455.817,-439.807,-16.01,-0.31
ddg_2ht9_0012,S114A,-456.044,-439.397,-16.647,-456.257,-439.964,-16.293,0.354
ddg_2ht9_0012,M115A,-466.758,-450.623,-16.135,-465.044,-450.653,-14.391,1.744
ddg_4odk_0006,H154A,-691.43,-648.051,-43.379,-692.133,-648.11,-44.023,-0.644
ddg_4odk_0006,Y156A,-703.253,-660.103,-43.15,-694.139,-656.248,-37.891,5.259
ddg_4odk_0006,G161A,-698.316,-655.367,-42.949,-695.719,-651.598,-44.121,-1.172
ddg_4odk_0006,E160A,-704.856,-662.083,-42.773,-703.107,-660.707,-42.4,0.373
ddg_4odk_0006,Y159A,-709.939,-670.282,-39.657,-696.23,-665.567,-30.663,8.994
ddg_4odk_0006,N158A,-695.538,-655.709,-39.829,-697.511,-654.72,-42.791,-2.962
ddg_4odk_0006,N157A,-693.449,-652.717,-40.732,-692.821,-650.278,-42.543,-1.811
ddg_4odk_0006,K155A,-697.145,-654.345,-42.8,-695.962,-652.418,-43.544,-0.744
ddg_4uqy_0001,R263A,-1299.949,-1224.786,-75.163,-1298.651,-1223.876,-74.775,0.388
ddg_4uqy_0001,N264A,-1296.875,-1219.136,-77.739,-1293.179,-1214.724,-78.455,-0.716
ddg_4uqy_0001,P267A,-1296.659,-1217.665,-78.994,-1293.638,-1214.089,-79.549,-0.555
ddg_4uqy_0001,F260A,-1298.327,-1220.747,-77.58,-1285.487,-1219.742,-65.745,11.835
ddg_4uqy_0001,I261A,-1296.763,-1220.452,-76.311,-1293.686,-1219.427,-74.259,2.052
ddg_4uqy_0001,V269A,-1295.179,-1217.065,-78.114,-1293.444,-1216.459,-76.985,1.129
ddg_4uqy_0001,K259A,-1296.935,-1220.039,-76.896,-1293.731,-1219.651,-74.08,2.816
ddg_4uqy_0001,R265A,-1300.131,-1225.808,-74.323,-1293.609,-1221.555,-72.054,2.269
ddg_4uqy_0001,Q270A,-1297.422,-1218.942,-78.48,-1295.995,-1219.908,-76.087,2.393
ddg_4uqy_0001,R268A,-1297.834,-1219.075,-78.759,-1287.574,-1214.108,-73.466,5.293
ddg_4uqy_0001,Q258A,-1296.175,-1220.167,-76.008,-1297.36,-1220.472,-76.888,-0.88
ddg_5fpx_0011,S108A,-451.063,-421.055,-30.008,-453.827,-418.561,-35.266,-5.258
ddg_5fpx_0011,G107A,-447.437,-416.926,-30.511,-448.258,-416.056,-32.202,-1.691
ddg_5fpx_0011,H110A,-444.831,-413.429,-31.402,-438.322,-409.176,-29.146,2.256
ddg_5fpx_0011,S109A,-445.551,-414.467,-31.084,-446.977,-412.285,-34.692,-3.608
ddg_5fpx_0011,H112A,-452.251,-416.911,-35.34,-451.723,-417.731,-33.992,1.348
ddg_5fpx_0011,H111A,-449.242,-416.144,-33.098,-446.512,-415.715,-30.797,2.301
ddg_5fpx_0011,H113A,-450.239,-411.597,-38.642,-452.222,-411.111,-41.111,-2.469
ddg_2aij_0013,C275A,-975.54,3719382.24,-3720357.78,-976.524,3719514.427,-3720490.951,-133.171
ddg_2aij_0013,P277A,-992.743,4827899.118,-4828891.861,-991.954,4828475.495,-4829467.449,-575.588
ddg_2aij_0013,T276A,-984.082,3273365.383,-3274349.465,-983.602,3273633.695,-3274617.297,-267.832
ddg_2aij_0013,R279A,-982.862,5834402.047,-5835384.909,-975.607,5830531.165,-5831506.772,3878.137
ddg_2aij_0013,S278A,-969.987,5834386.491,-5835356.478,-968.373,5834419.031,-5835387.404,-30.926
ddg_2cch_0010,L263A,-1257.03,-1181.213,-75.817,-1250.97,-1178.817,-72.153,3.664
ddg_2cch_0010,K264A,-1255.867,-1178.395,-77.472,-1255.236,-1177.432,-77.804,-0.332
ddg_2cch_0010,R267A,-1256.0,-1180.375,-75.625,-1252.618,-1178.514,-74.104,1.521
ddg_2cch_0010,H261A,-1255.511,-1180.38,-75.131,-1252.44,-1182.314,-70.126,5.005
ddg_2cch_0010,D271A,-1258.322,-1176.943,-81.379,-1257.313,-1176.283,-81.03,0.349
ddg_2cch_0010,N272A,-1254.103,-1172.878,-81.225,-1256.549,-1173.322,-83.227,-2.002
ddg_2cch_0010,V269A,-1256.608,-1176.128,-80.48,-1253.134,-1172.199,-80.935,-0.455
ddg_2cch_0010,T262A,-1253.538,-1179.317,-74.221,-1252.292,-1177.927,-74.365,-0.144
ddg_2cch_0010,G265A,-1254.51,-1177.985,-76.525,-1253.176,-1179.408,-73.768,2.757
ddg_2cch_0010,R266A,-1257.793,-1182.471,-75.322,-1254.458,-1181.016,-73.442,1.88
ddg_2cch_0010,F270A,-1257.652,-1175.83,-81.822,-1242.141,-1171.305,-70.836,10.986
ddg_2cch_0010,L268A,-1256.252,-1179.469,-76.783,-1246.319,-1176.879,-69.44,7.343
ddg_4lk9_0013,S136A,-413.517,-342.761,-70.756,-414.827,-343.547,-71.28,-0.524
ddg_4lk9_0013,R134A,-415.091,-350.85,-64.241,-411.622,-349.533,-62.089,2.152
ddg_4lk9_0013,G138A,-417.211,-345.649,-71.562,-412.134,-341.503,-70.631,0.931
ddg_4lk9_0013,K130A,-427.961,-363.611,-64.35,-427.037,-363.061,-63.976,0.374
ddg_4lk9_0013,T132A,-423.531,-356.756,-66.775,-423.832,-357.854,-65.978,0.797
ddg_4lk9_0013,G139A,-416.822,-346.241,-70.581,-412.839,-341.751,-71.088,-0.507
ddg_4lk9_0013,Q131A,-421.663,-356.261,-65.402,-420.827,-355.327,-65.5,-0.098
ddg_4lk9_0013,R128A,-429.786,-368.22,-61.566,-422.369,-367.11,-55.259,6.307
ddg_4lk9_0013,K135A,-413.322,-349.041,-64.281,-413.006,-348.051,-64.955,-0.674
ddg_4lk9_0013,T137A,-414.589,-346.116,-68.473,-413.032,-346.269,-66.763,1.71
ddg_4lk9_0013,T129A,-422.494,-358.097,-64.397,-415.103,-352.501,-62.602,1.795
ddg_4pge_0001,F275A,-1341.219,-1243.241,-97.978,-1345.475,-1249.25,-96.225,1.753
ddg_4pge_0001,P277A,-1340.211,-1245.416,-94.795,-1336.174,-1241.896,-94.278,0.517
ddg_4pge_0001,W283A,-1328.692,-1236.849,-91.843,-1321.63,-1243.693,-77.937,13.906
ddg_4pge_0001,P281A,-1329.901,-1236.034,-93.867,-1329.158,-1231.886,-97.272,-3.405
ddg_4pge_0001,N279A,-1331.857,-1240.003,-91.854,-1330.798,-1237.215,-93.583,-1.729
ddg_4pge_0001,Y280A,-1347.694,-1258.193,-89.501,-1339.375,-1251.15,-88.225,1.276
ddg_4pge_0001,G278A,-1331.723,-1235.365,-96.358,-1332.325,-1235.608,-96.717,-0.359
ddg_4c5a_0012,L309A,-1411.924,-1388.096,-23.828,-1409.073,-1385.782,-23.291,0.537
ddg_4c5a_0012,F311A,-1413.471,-1390.868,-22.603,-1409.131,-1388.471,-20.66,1.943
ddg_4c5a_0012,E307A,-1412.268,-1386.685,-25.583,-1409.529,-1387.038,-22.491,3.092
ddg_4c5a_0012,Q312A,-1410.883,-1388.678,-22.205,-1409.355,-1386.587,-22.768,-0.563
ddg_4c5a_0012,Y310A,-1415.796,-1393.077,-22.719,-1411.416,-1393.542,-17.874,4.845
ddg_4c5a_0012,G313A,-1414.727,-1394.483,-20.244,-1413.547,-1384.063,-29.484,-9.24
ddg_4c5a_0012,N308A,-1413.714,-1386.27,-27.444,-1409.781,-1385.471,-24.31,3.134
ddg_2qos_0017,S178A,-848.686,-788.705,-59.981,-848.205,-786.794,-61.411,-1.43
ddg_2qos_0017,D177A,-856.498,-794.423,-62.075,-850.238,-789.72,-60.518,1.557
ddg_2qos_0017,L174A,-842.968,-779.398,-63.57,-834.635,-777.546,-57.089,6.481
ddg_2qos_0017,T179A,-851.424,-788.35,-63.074,-848.245,-787.514,-60.731,2.343
ddg_2qos_0017,R182A,-859.616,-797.046,-62.57,-856.554,-793.935,-62.619,-0.049
ddg_2qos_0017,L183A,-852.379,-790.18,-62.199,-843.057,-787.376,-55.681,6.518
ddg_2qos_0017,R175A,-861.782,-799.849,-61.933,-862.04,-799.254,-62.786,-0.853
ddg_2qos_0017,Y184A,-858.206,-793.496,-64.71,-860.142,-795.722,-64.42,0.29
ddg_2qos_0017,Y176A,-858.813,-797.239,-61.574,-845.25,-791.321,-53.929,7.645
ddg_2qos_0017,E181A,-851.209,-796.013,-55.196,-852.466,-792.914,-59.552,-4.356
ddg_5fv6_0010,S178A,-784.27,-763.826,-20.444,-781.707,-760.899,-20.808,-0.364
ddg_5fv6_0010,G179A,-783.997,-763.758,-20.239,-785.289,-765.684,-19.605,0.634
ddg_5fv6_0010,P182A,-784.723,-764.213,-20.51,-781.371,-760.908,-20.463,0.047
ddg_5fv6_0010,R183A,-788.984,-765.782,-23.202,-784.949,-765.132,-19.817,3.385
ddg_5fv6_0010,G184A,-784.732,-765.877,-18.855,-783.522,-764.211,-19.311,-0.456
ddg_5fv6_0010,L180A,-784.221,-764.029,-20.192,-782.473,-762.226,-20.247,-0.055
ddg_5fv6_0010,V181A,-785.374,-765.762,-19.612,-778.736,-762.734,-16.002,3.61
ddg_5fv6_0010,S185A,-782.081,-763.613,-18.468,-782.24,-761.802,-20.438,-1.97
ddg_4leb_0002,T302A,-1520.161,-1471.867,-48.294,-1518.162,-1469.726,-48.436,-0.142
ddg_4leb_0002,T303A,-1524.268,-1477.064,-47.204,-1523.19,-1475.499,-47.691,-0.487
ddg_4leb_0002,T300A,-1520.734,-1471.905,-48.829,-1519.623,-1471.351,-48.272,0.557
ddg_4leb_0002,T301A,-1519.6,-1471.12,-48.48,-1518.413,-1470.02,-48.393,0.087
ddg_4leb_0002,T304A,-1520.118,-1472.591,-47.527,-1518.564,-1471.502,-47.062,0.465
ddg_4leb_0002,T305A,-1524.995,-1480.482,-44.513,-1521.866,-1477.424,-44.442,0.071
ddg_4leb_0002,T306A,-1527.437,-1482.314,-45.123,-1528.015,-1483.479,-44.536,0.587
ddg_4hdq_0008,D314A,-1345.166,-1292.304,-52.862,-1336.643,-1287.576,-49.067,3.795
ddg_4hdq_0008,F316A,-1345.804,-1296.668,-49.136,-1335.245,-1303.704,-31.541,17.595
ddg_4hdq_0008,R312A,-1350.867,-1296.96,-53.907,-1352.139,-1299.247,-52.892,1.015
ddg_4hdq_0008,Y315A,-1357.109,-1302.292,-54.817,-1346.264,-1298.865,-47.399,7.418
ddg_4hdq_0008,R313A,-1355.621,-1302.783,-52.838,-1353.936,-1300.57,-53.366,-0.528
ddg_4j8b_0010,K302A,-1452.163,-1417.81,-34.353,-1448.039,-1415.868,-32.171,2.182
ddg_4j8b_0010,L303A,-1443.943,-1412.416,-31.527,-1440.479,-1409.176,-31.303,0.224
ddg_4j8b_0010,K300A,-1446.159,-1409.211,-36.948,-1441.756,-1407.983,-33.773,3.175
ddg_4j8b_0010,T301A,-1444.643,-1407.521,-37.122,-1439.952,-1403.976,-35.976,1.146
ddg_4j8b_0010,L299A,-1441.86,-1402.5,-39.36,-1439.546,-1401.355,-38.191,1.169
ddg_4j8b_0010,L304A,-1443.555,-1412.285,-31.27,-1442.034,-1412.04,-29.994,1.276
ddg_1ywi_0001,P29A,-75.116,-47.388,-27.728,-77.505,-49.567,-27.938,-0.21
ddg_1ywi_0001,P30A,-85.785,-59.24,-26.545,-87.727,-57.825,-29.902,-3.357
ddg_1ywi_0001,P34A,65.014,91.264,-26.25,63.68,87.742,-24.062,2.188
ddg_1ywi_0001,P31A,-76.253,-52.249,-24.004,-72.743,-48.682,-24.061,-0.057
ddg_1ywi_0001,L32A,-73.099,-48.758,-24.341,-68.583,-45.741,-22.842,1.499
ddg_1ywi_0001,P33A,51.412,74.674,-23.262,50.551,78.509,-27.958,-4.696
ddg_5t0k_0001,T273A,-1101.311,-1021.645,-79.666,-1106.281,-1021.876,-84.405,-4.739
ddg_5t0k_0001,Q267A,-1106.017,-1026.017,-80.0,-1106.327,-1024.605,-81.722,-1.722
ddg_5t0k_0001,M271A,-1105.47,-1025.981,-79.489,-1098.73,-1025.003,-73.727,5.762
ddg_5t0k_0001,S272A,-1107.176,-1028.124,-79.052,-1107.203,-1027.166,-80.037,-0.985
ddg_5t0k_0001,T265A,-1098.519,-1017.1,-81.419,-1097.761,-1017.038,-80.723,0.696
ddg_5t0k_0001,K266A,-1119.616,-1038.792,-80.824,-1119.598,-1039.485,-80.113,0.711
ddg_5t0k_0001,R270A,-1121.036,-1042.679,-78.357,-1112.215,-1043.144,-69.071,9.286
ddg_5t0k_0001,T268A,-1107.714,-1028.352,-79.362,-1105.363,-1029.225,-76.138,3.224
ddg_2c3i_0007,S273A,-1235.554,-1193.62,-41.934,-1235.226,-1191.12,-44.106,-2.172
ddg_2c3i_0007,K267A,-1233.949,-1190.748,-43.201,-1235.16,-1191.162,-43.998,-0.797
ddg_2c3i_0007,H271A,-1235.953,-1193.46,-42.493,-1230.682,-1189.764,-40.918,1.575
ddg_2c3i_0007,P272A,-1234.809,-1192.071,-42.738,-1230.862,-1186.883,-43.979,-1.241
ddg_2c3i_0007,G274A,-1234.619,-1192.101,-42.518,-1230.617,-1188.419,-42.198,0.32
ddg_2c3i_0007,R269A,-1236.059,-1194.358,-41.701,-1233.332,-1191.654,-41.678,0.023
ddg_2c3i_0007,R270A,-1237.384,-1196.318,-41.066,-1229.077,-1195.259,-33.818,7.248
ddg_2c3i_0007,R268A,-1238.073,-1195.247,-42.826,-1233.883,-1195.092,-38.791,4.035
ddg_5nqv_0006,E182A,-813.374,-753.139,-60.235,-812.75,-752.446,-60.304,-0.069
ddg_5nqv_0006,G189A,-812.059,-750.789,-61.27,-808.501,-745.491,-63.01,-1.74
ddg_5nqv_0006,L183A,-813.812,-754.581,-59.231,-802.113,-751.78,-50.333,8.898
ddg_5nqv_0006,G186A,-815.666,-757.648,-58.018,-817.059,-756.651,-60.408,-2.39
ddg_5nqv_0006,L187A,-813.933,-752.853,-61.08,-808.01,-751.795,-56.215,4.865
ddg_5nqv_0006,P188A,-813.759,-752.643,-61.116,-810.248,-748.099,-62.149,-1.033
ddg_5nqv_0006,S190A,-810.511,-748.918,-61.593,-807.857,-746.615,-61.242,0.351
ddg_5nqv_0006,R184A,-823.508,-765.157,-58.351,-821.344,-762.169,-59.175,-0.824
ddg_5nqv_0006,T181A,-808.979,-746.568,-62.411,-808.638,-746.285,-62.353,0.058
ddg_5nqv_0006,L185A,-818.352,-759.773,-58.579,-811.786,-759.254,-52.532,6.047
ddg_3v2o_0013,S167A,-746.843,-687.081,-59.762,-745.111,-684.999,-60.112,-0.35
ddg_3v2o_0013,P163A,-747.588,-688.204,-59.384,-742.966,-684.418,-58.548,0.836
ddg_3v2o_0013,T161A,-749.58,-692.629,-56.951,-749.035,-692.249,-56.786,0.165
ddg_3v2o_0013,P160A,-753.003,-695.006,-57.997,-752.9,-693.407,-59.493,-1.496
ddg_3v2o_0013,L162A,-750.074,-693.315,-56.759,-739.21,-691.064,-48.146,8.613
ddg_3v2o_0013,L165A,-750.972,-691.901,-59.071,-738.585,-688.991,-49.594,9.477
ddg_3v2o_0013,K164A,-749.003,-691.158,-57.845,-747.543,-689.622,-57.921,-0.076
ddg_3v2o_0013,L159A,-745.966,-687.008,-58.958,-745.145,-686.457,-58.688,0.27
ddg_3v2o_0013,P166A,-748.264,-688.733,-59.531,-743.473,-685.09,-58.383,1.148
ddg_3v2o_0013,L168A,-746.549,-684.996,-61.553,-743.399,-682.818,-60.581,0.972
ddg_3v2o_0013,S169A,-744.27,-682.128,-62.142,-742.611,-680.576,-62.035,0.107
ddg_2fka_0001,L133A,-617.393,-578.584,-38.809,-608.972,-575.411,-33.561,5.248
ddg_2fka_0001,L136A,-619.682,-578.73,-40.952,-612.366,-574.935,-37.431,3.521
ddg_2fka_0001,D134A,-615.729,-576.33,-39.399,-617.112,-577.653,-39.459,-0.06
ddg_2fka_0001,F138A,-623.605,-584.476,-39.129,-616.609,-587.542,-29.067,10.062
ddg_2fka_0001,D130A,-617.473,-575.13,-42.343,-615.848,-574.39,-41.458,0.885
ddg_2fka_0001,L132A,-616.817,-575.667,-41.15,-609.7,-573.214,-36.486,4.664
ddg_2fka_0001,D131A,-615.472,-573.706,-41.766,-614.354,-572.421,-41.933,-0.167
ddg_2fka_0001,S135A,-615.482,-575.536,-39.946,-616.849,-576.959,-39.89,0.056
ddg_2fka_0001,G137A,-617.756,-577.593,-40.163,-614.26,-575.078,-39.182,0.981
ddg_2fka_0001,V129A,-619.223,-577.781,-41.442,-620.466,-579.033,-41.433,0.009
ddg_1mv0_0001,R92A,-152.251,-124.624,-27.627,-149.798,-123.148,-26.65,0.977
ddg_1mv0_0001,S89A,-127.124,-98.218,-28.906,-127.691,-98.237,-29.454,-0.548
ddg_1mv0_0001,S94A,-125.653,-103.087,-22.566,-126.203,-104.115,-22.088,0.478
ddg_1mv0_0001,L82A,-82.307,-46.391,-35.916,-82.106,-45.937,-36.169,-0.253
ddg_1mv0_0001,P87A,-87.98,-58.479,-29.501,-84.185,-54.663,-29.522,-0.021
ddg_1mv0_0001,L83A,-116.367,-79.359,-37.008,-111.486,-78.728,-32.758,4.25
ddg_1mv0_0001,R93A,-121.041,-98.077,-22.964,-119.118,-97.387,-21.731,1.233
ddg_1mv0_0001,T85A,-104.325,-73.158,-31.167,-101.499,-71.786,-29.713,1.454
ddg_1mv0_0001,P84A,-78.405,-47.732,-30.673,-74.822,-44.712,-30.11,0.563
ddg_1mv0_0001,G95A,-102.565,-79.236,-23.329,-95.381,-73.447,-21.934,1.395
ddg_1mv0_0001,P90A,-106.615,-80.567,-26.048,-109.786,-78.201,-31.585,-5.537
ddg_1mv0_0001,L88A,-95.453,-63.032,-32.421,-94.471,-62.202,-32.269,0.152
ddg_1mv0_0001,P86A,-105.558,-77.536,-28.022,-102.292,-73.601,-28.691,-0.669
ddg_1mv0_0001,S91A,-100.561,-76.461,-24.1,-100.381,-76.266,-24.115,-0.015
ddg_4iga_0001,Q126A,-577.23,-524.719,-52.511,-576.659,-524.287,-52.372,0.139
ddg_4iga_0001,Q121A,-585.834,-533.49,-52.344,-577.236,-530.891,-46.345,5.999
ddg_4iga_0001,E122A,-579.235,-526.664,-52.571,-576.933,-524.371,-52.562,0.009
ddg_4iga_0001,M132A,-578.19,-520.645,-57.545,-575.19,-520.256,-54.934,2.611
ddg_4iga_0001,L119A,-578.438,-526.276,-52.162,-572.718,-522.348,-50.37,1.792
ddg_4iga_0001,D117A,-577.969,-520.64,-57.329,-577.248,-522.386,-54.862,2.467
ddg_4iga_0001,L131A,-583.172,-525.403,-57.769,-573.609,-522.831,-50.778,6.991
ddg_4iga_0001,L127A,-579.072,-526.786,-52.286,-572.961,-524.161,-48.8,3.486
ddg_4iga_0001,E123A,-578.404,-526.212,-52.192,-576.715,-524.471,-52.244,-0.052
ddg_4iga_0001,I128A,-588.597,-535.994,-52.603,-581.89,-536.187,-45.703,6.9
ddg_4iga_0001,S120A,-580.75,-528.475,-52.275,-578.53,-526.277,-52.253,0.022
ddg_4iga_0001,V118A,-584.471,-526.783,-57.688,-578.496,-525.331,-53.165,4.523
ddg_4iga_0001,I124A,-587.479,-535.596,-51.883,-579.66,-531.861,-47.799,4.084
ddg_4iga_0001,N125A,-582.731,-530.679,-52.052,-580.369,-529.272,-51.097,0.955
ddg_4iga_0001,E129A,-580.416,-524.433,-55.983,-579.638,-524.151,-55.487,0.496
ddg_2m0v_0001,L133A,-329.215,-301.51,-27.705,-322.958,-301.352,-21.606,6.099
ddg_2m0v_0001,D130A,-317.109,-284.104,-33.005,-312.108,-279.658,-32.45,0.555
ddg_2m0v_0001,R132A,-330.31,-303.626,-26.684,-327.038,-300.798,-26.24,0.444
ddg_2m0v_0001,T131A,-322.199,-289.94,-32.259,-317.455,-286.726,-30.729,1.53
ddg_2m0v_0001,Q129A,-303.448,-270.536,-32.912,-306.45,-273.41,-33.04,-0.128
ddg_6ej7_0007,G714A,-3362.293,-3292.236,-70.057,-3355.433,-3284.418,-71.015,-0.958
ddg_6ej7_0007,Q715A,-3367.326,-3292.976,-74.35,-3365.751,-3291.501,-74.25,0.1
ddg_6ej7_0007,E709A,-3360.649,-3287.513,-73.136,-3358.769,-3285.102,-73.667,-0.531
ddg_6ej7_0007,E707A,-3361.382,-3286.683,-74.699,-3358.135,-3286.569,-71.566,3.133
ddg_6ej7_0007,G713A,-3363.573,-3295.264,-68.309,-3366.716,-3295.06,-71.656,-3.347
ddg_6ej7_0007,E708A,-3361.24,-3287.347,-73.893,-3360.823,-3286.423,-74.4,-0.507
ddg_6ej7_0007,G712A,-3363.45,-3294.652,-68.798,-3362.149,-3295.938,-66.211,2.587
ddg_6ej7_0007,G710A,-3361.669,-3288.855,-72.814,-3355.274,-3281.04,-74.234,-1.42
ddg_6ej7_0007,G716A,-3359.12,-3288.174,-70.946,-3354.362,-3283.985,-70.377,0.569
ddg_3shb_0006,R69A,-222.507,-182.693,-39.814,-217.44,-181.767,-35.673,4.141
ddg_3shb_0006,T73A,-209.377,-169.306,-40.071,-206.568,-166.71,-39.858,0.213
ddg_3shb_0006,K71A,-212.446,-172.883,-39.563,-212.647,-171.308,-41.339,-1.776
ddg_3shb_0006,Q72A,-207.799,-168.259,-39.54,-207.348,-166.248,-41.1,-1.56
ddg_3shb_0006,T70A,-209.517,-168.753,-40.764,-204.55,-164.971,-39.579,1.185
ddg_3h1z_0013,Y244A,-1155.573,-1075.419,-80.154,-1147.707,-1069.022,-78.685,1.469
ddg_3h1z_0013,H248A,-1145.077,-1059.437,-85.64,-1143.659,-1058.743,-84.916,0.724
ddg_3h1z_0013,Y234A,-1148.41,-1062.826,-85.584,-1151.598,-1066.078,-85.52,0.064
ddg_3h1z_0013,S241A,-1158.078,-1073.239,-84.839,-1159.681,-1073.962,-85.719,-0.88
ddg_3h1z_0013,P236A,-1154.858,-1068.963,-85.895,-1151.82,-1066.395,-85.425,0.47
ddg_3h1z_0013,L247A,-1147.78,-1062.965,-84.815,-1141.9,-1061.175,-80.725,4.09
ddg_3h1z_0013,W242A,-1159.405,-1076.551,-82.854,-1142.538,-1073.236,-69.302,13.552
ddg_3h1z_0013,S245A,-1145.592,-1063.543,-82.049,-1148.049,-1062.233,-85.816,-3.767
ddg_3h1z_0013,P246A,-1145.022,-1059.867,-85.155,-1141.506,-1057.219,-84.287,0.868
ddg_3h1z_0013,F235A,-1158.801,-1072.466,-86.335,-1143.179,-1069.54,-73.639,12.696
ddg_3h1z_0013,T237A,-1159.845,-1075.549,-84.296,-1155.554,-1073.251,-82.303,1.993
ddg_3h1z_0013,R240A,-1158.182,-1073.658,-84.524,-1153.151,-1068.754,-84.397,0.127
ddg_3h1z_0013,E239A,-1157.779,-1073.997,-83.782,-1154.363,-1071.223,-83.14,0.642
ddg_3h1z_0013,V243A,-1154.588,-1071.863,-82.725,-1149.677,-1068.781,-80.896,1.829
ddg_3h1z_0013,D238A,-1158.472,-1074.29,-84.182,-1153.773,-1068.76,-85.013,-0.831
ddg_1pmx_0002,C73A,-140.278,-103.418,-36.86,-141.55,-102.788,-38.762,-1.902
ddg_1pmx_0002,R82A,-142.562,-102.872,-39.69,-140.398,-100.334,-40.064,-0.374
ddg_1pmx_0002,V77A,-150.023,-113.023,-37.0,-146.509,-112.805,-33.704,3.296
ddg_1pmx_0002,C83A,-137.168,-97.706,-39.462,-137.175,-97.706,-39.469,-0.007
ddg_1pmx_0002,Y85A,-129.62,-91.28,-38.34,-125.737,-89.737,-36.0,2.34
ddg_1pmx_0002,S76A,-151.983,-115.309,-36.674,-150.725,-111.6,-39.125,-2.451
ddg_1pmx_0002,R71A,-134.364,-94.719,-39.645,-136.83,-96.441,-40.389,-0.744
ddg_1pmx_0002,F74A,-161.023,-121.636,-39.387,-155.091,-118.936,-36.155,3.232
ddg_1pmx_0002,E75A,-142.217,-104.693,-37.524,-140.958,-103.436,-37.522,0.002
ddg_1pmx_0002,M84A,-141.714,-101.386,-40.328,-138.947,-100.547,-38.4,1.928
ddg_1pmx_0002,L80A,-156.302,-115.762,-40.54,-147.8,-110.691,-37.109,3.431
ddg_1pmx_0002,G86A,-122.64,-76.391,-46.249,-119.701,-73.887,-45.814,0.435
ddg_1pmx_0002,R81A,-154.222,-114.022,-40.2,-150.922,-112.895,-38.027,2.173
ddg_1pmx_0002,N72A,-134.751,-98.28,-36.471,-132.826,-95.307,-37.519,-1.048
ddg_3plu_0006,I92A,-412.48,-369.072,-43.408,-409.632,-368.514,-41.118,2.29
ddg_3plu_0006,M89A,-404.926,-360.145,-44.781,-399.875,-358.83,-41.045,3.736
ddg_3plu_0006,E82A,-411.936,-365.11,-46.826,-412.173,-365.421,-46.752,0.074
ddg_3plu_0006,I77A,-410.833,-365.557,-45.276,-408.163,-363.809,-44.354,0.922
ddg_3plu_0006,L87A,-407.056,-360.406,-46.65,-397.55,-357.517,-40.033,6.617
ddg_3plu_0006,I83A,-412.005,-365.653,-46.352,-406.437,-362.998,-43.439,2.913
ddg_3plu_0006,E79A,-412.076,-366.942,-45.134,-410.971,-365.989,-44.982,0.152
ddg_3plu_0006,E78A,-411.858,-365.89,-45.968,-409.125,-363.27,-45.855,0.113
ddg_3plu_0006,E85A,-411.058,-364.249,-46.809,-410.848,-364.059,-46.789,0.02
ddg_3plu_0006,S76A,-411.216,-364.715,-46.501,-409.165,-363.161,-46.004,0.497
ddg_3plu_0006,L75A,-413.081,-367.181,-45.9,-407.469,-363.944,-43.525,2.375
ddg_3plu_0006,R84A,-412.67,-368.934,-43.736,-402.333,-364.59,-37.743,5.993
ddg_3plu_0006,T80A,-413.957,-369.842,-44.115,-412.983,-369.334,-43.649,0.466
ddg_3plu_0006,K90A,-405.206,-359.528,-45.678,-404.458,-358.752,-45.706,-0.028
ddg_3plu_0006,G88A,-403.358,-356.252,-47.106,-399.442,-352.488,-46.954,0.152
ddg_3plu_0006,K86A,-412.425,-365.636,-46.789,-412.107,-365.079,-47.028,-0.239
ddg_3plu_0006,N81A,-412.151,-367.19,-44.961,-407.48,-362.477,-45.003,-0.042
ddg_3plu_0006,P91A,-411.272,-367.166,-44.106,-408.062,-364.066,-43.996,0.11
ddg_5wyi_0011,M140A,-477.185,-439.457,-37.728,-474.865,-439.875,-34.99,2.738
ddg_5wyi_0011,Q145A,-476.95,-446.094,-30.856,-478.052,-444.731,-33.321,-2.465
ddg_5wyi_0011,L146A,-477.114,-443.038,-34.076,-472.048,-437.689,-34.359,-0.283
ddg_5wyi_0011,I139A,-472.585,-435.039,-37.546,-474.406,-437.58,-36.826,0.72
ddg_5wyi_0011,K142A,-480.73,-443.857,-36.873,-478.945,-443.082,-35.863,1.01
ddg_5wyi_0011,P141A,-474.908,-440.337,-34.571,-472.658,-437.807,-34.851,-0.28
ddg_5wyi_0011,D143A,-476.054,-440.0,-36.054,-471.897,-436.258,-35.639,0.415
ddg_5wyi_0011,I144A,-475.088,-441.793,-33.295,-473.39,-442.15,-31.24,2.055
ddg_1f47_0001,P153A,-689.303,-629.667,-59.636,-690.766,-632.111,-58.655,0.981
ddg_1f47_0001,L156A,-698.176,-637.599,-60.577,-690.73,-634.55,-56.18,4.397
ddg_1f47_0001,K145A,-672.746,-611.926,-60.82,-673.886,-613.266,-60.62,0.2
ddg_1f47_0001,E146A,-674.242,-614.046,-60.196,-673.221,-613.023,-60.198,-0.002
ddg_1f47_0001,D161A,-688.335,-626.446,-61.889,-691.104,-628.897,-62.207,-0.318
ddg_1f47_0001,Y149A,-684.154,-625.129,-59.025,-677.151,-623.309,-53.842,5.183
ddg_1f47_0001,I152A,-690.942,-633.477,-57.465,-680.601,-627.392,-53.209,4.256
ddg_1f47_0001,Q159A,-696.626,-637.558,-59.068,-695.02,-636.061,-58.959,0.109
ddg_1f47_0001,P147A,-678.353,-618.038,-60.315,-676.396,-615.793,-60.603,-0.288
ddg_1f47_0001,K158A,-697.57,-637.481,-60.089,-696.263,-636.01,-60.253,-0.164
ddg_1f47_0001,L150A,-691.241,-630.759,-60.482,-681.644,-625.153,-56.491,3.991
ddg_1f47_0001,D151A,-687.713,-630.832,-56.881,-682.712,-625.743,-56.969,-0.088
ddg_1f47_0001,R157A,-698.674,-638.015,-60.659,-696.95,-636.196,-60.754,-0.095
ddg_1f47_0001,F155A,-697.068,-635.904,-61.164,-685.507,-633.212,-52.295,8.869
ddg_1f47_0001,D148A,-677.208,-617.034,-60.174,-673.442,-614.699,-58.743,1.431
ddg_5njc_0015,D483A,-2296.25,-2243.641,-52.609,-2299.266,-2242.901,-56.365,-3.756
ddg_5njc_0015,R484A,-2303.648,-2253.882,-49.766,-2300.888,-2251.562,-49.326,0.44
ddg_5njc_0015,L481A,-2302.033,-2242.408,-59.625,-2298.182,-2241.492,-56.69,2.935
ddg_5njc_0015,E482A,-2293.302,-2238.277,-55.025,-2291.832,-2237.244,-54.588,0.437
ddg_5njc_0015,I485A,-2293.752,-2244.1,-49.652,-2295.223,-2245.686,-49.537,0.115
ddg_5njc_0015,V480A,-2294.787,-2236.415,-58.372,-2296.33,-2238.199,-58.131,0.241
ddg_2ka9_0008,S195A,-177.427,-151.663,-25.764,-178.0,-150.969,-27.031,-1.267
ddg_2ka9_0008,S197A,-182.26,-153.132,-29.128,-181.489,-149.918,-31.571,-2.443
ddg_2ka9_0008,V191A,-160.354,-131.063,-29.291,-157.196,-129.338,-27.858,1.433
ddg_2ka9_0008,F194A,-173.264,-146.834,-26.43,-169.117,-142.569,-26.548,-0.118
ddg_2ka9_0008,Q190A,-164.151,-134.491,-29.66,-164.165,-135.996,-28.169,1.491
ddg_2ka9_0008,V192A,-159.466,-131.131,-28.335,-155.202,-126.867,-28.335,0.0
ddg_2ka9_0008,V198A,-199.815,-168.925,-30.89,-199.61,-173.59,-26.02,4.87
ddg_2ka9_0008,S196A,-190.161,-164.119,-26.042,-191.174,-162.978,-28.196,-2.154
ddg_2ka9_0008,P193A,-174.023,-146.231,-27.792,-173.54,-145.555,-27.985,-0.193
ddg_6b27_0004,P126A,-561.648,-515.647,-46.001,-559.128,-512.512,-46.616,-0.615
ddg_6b27_0004,E121A,-564.34,-518.202,-46.138,-563.594,-517.318,-46.276,-0.138
ddg_6b27_0004,I122A,-564.114,-519.941,-44.173,-557.236,-518.218,-39.018,5.155
ddg_6b27_0004,E119A,-569.086,-517.312,-51.774,-571.616,-517.831,-53.785,-2.011
ddg_6b27_0004,R127A,-566.305,-519.485,-46.82,-557.897,-518.52,-39.377,7.443
ddg_6b27_0004,P123A,-561.499,-516.633,-44.866,-556.354,-512.377,-43.977,0.889
ddg_6b27_0004,P128A,-563.097,-513.919,-49.178,-564.685,-517.791,-46.894,2.284
ddg_6b27_0004,P120A,-566.688,-516.79,-49.898,-565.327,-514.892,-50.435,-0.537
ddg_6b27_0004,L124A,-560.222,-514.271,-45.951,-558.664,-512.032,-46.632,-0.681
ddg_6b27_0004,S125A,-561.82,-513.584,-48.236,-561.221,-513.118,-48.103,0.133
ddg_5fml_0008,K206A,-869.939,-815.215,-54.724,-869.14,-814.86,-54.28,0.444
ddg_5fml_0008,T211A,-864.139,-809.18,-54.959,-860.125,-808.477,-51.648,3.311
ddg_5fml_0008,S202A,-862.586,-806.351,-56.235,-864.397,-807.121,-57.276,-1.041
ddg_5fml_0008,Q208A,-866.223,-810.8,-55.423,-858.01,-810.383,-47.627,7.796
ddg_5fml_0008,E213A,-860.426,-804.36,-56.066,-860.313,-804.49,-55.823,0.243
ddg_5fml_0008,L197A,-866.302,-807.704,-58.598,-861.316,-805.616,-55.7,2.898
ddg_5fml_0008,S214A,-863.49,-807.69,-55.8,-863.407,-807.619,-55.788,0.012
ddg_5fml_0008,Q203A,-870.128,-816.711,-53.417,-871.438,-817.48,-53.958,-0.541
ddg_5fml_0008,N199A,-863.271,-807.317,-55.954,-862.803,-807.305,-55.498,0.456
ddg_5fml_0008,V212A,-861.707,-806.44,-55.267,-856.226,-804.952,-51.274,3.993
ddg_5fml_0008,M210A,-865.953,-812.077,-53.876,-865.571,-811.959,-53.612,0.264
ddg_5fml_0008,S198A,-865.114,-808.372,-56.742,-865.197,-807.689,-57.508,-0.766
ddg_5fml_0008,I201A,-865.402,-809.698,-55.704,-856.563,-806.06,-50.503,5.201
ddg_5fml_0008,R207A,-878.407,-825.016,-53.391,-875.296,-823.566,-51.73,1.661
ddg_5fml_0008,D200A,-865.067,-809.549,-55.518,-868.47,-808.945,-59.525,-4.007
ddg_5fml_0008,M215A,-864.333,-808.892,-55.441,-859.196,-808.239,-50.957,4.484
ddg_5fml_0008,G204A,-870.22,-816.808,-53.412,-873.062,-819.737,-53.325,0.087
ddg_5fml_0008,R209A,-865.44,-809.329,-56.111,-863.747,-807.663,-56.084,0.027
ddg_5fml_0008,I205A,-864.384,-808.955,-55.429,-861.433,-807.144,-54.289,1.14
ddg_5j3q_0014,L133A,-615.605,-547.378,-68.227,-604.828,-544.353,-60.475,7.752
ddg_5j3q_0014,P136A,-611.554,-540.833,-70.721,-607.743,-537.012,-70.731,-0.01
ddg_5j3q_0014,P134A,-612.349,-545.301,-67.048,-608.167,-541.877,-66.29,0.758
ddg_5j3q_0014,F138A,-624.468,-549.955,-74.513,-619.939,-548.329,-71.61,2.903
ddg_5j3q_0014,H126A,-607.423,-537.248,-70.175,-608.027,-537.761,-70.266,-0.091
ddg_5j3q_0014,N132A,-606.535,-538.344,-68.191,-606.059,-537.245,-68.814,-0.623
ddg_5j3q_0014,L139A,-625.648,-551.329,-74.319,-615.425,-551.148,-64.277,10.042
ddg_5j3q_0014,S131A,-605.199,-536.983,-68.216,-603.438,-535.217,-68.221,-0.005
ddg_5j3q_0014,S127A,-610.974,-543.616,-67.358,-614.219,-542.76,-71.459,-4.101
ddg_5j3q_0014,P128A,-608.108,-541.96,-66.148,-605.39,-539.503,-65.887,0.261
ddg_5j3q_0014,I135A,-615.29,-544.211,-71.079,-607.095,-541.334,-65.761,5.318
ddg_5j3q_0014,T137A,-607.103,-530.763,-76.34,-606.686,-530.654,-76.032,0.308
ddg_4dg3_0002,Y340A,-1724.495,-1638.48,-86.015,-1717.552,-1634.627,-82.925,3.09
ddg_4dg3_0002,F343A,-1723.636,-1641.959,-81.677,-1711.84,-1635.924,-75.916,5.761
ddg_4dg3_0002,N353A,-1719.424,-1640.856,-78.568,-1719.27,-1638.922,-80.348,-1.78
ddg_4dg3_0002,S346A,-1720.468,-1638.597,-81.871,-1718.63,-1634.315,-84.315,-2.444
ddg_4dg3_0002,R348A,-1726.345,-1644.932,-81.413,-1720.926,-1644.362,-76.564,4.849
ddg_4dg3_0002,R352A,-1728.971,-1649.518,-79.453,-1724.013,-1647.201,-76.812,2.641
ddg_4dg3_0002,D342A,-1722.263,-1632.167,-90.096,-1723.356,-1632.712,-90.644,-0.548
ddg_4dg3_0002,T349A,-1724.589,-1641.206,-83.383,-1718.724,-1635.86,-82.864,0.519
ddg_4dg3_0002,R351A,-1727.422,-1646.239,-81.183,-1721.833,-1646.057,-75.776,5.407
ddg_4dg3_0002,I355A,-1726.377,-1646.136,-80.241,-1722.207,-1645.94,-76.267,3.974
ddg_4dg3_0002,T338A,-1717.534,-1626.663,-90.871,-1717.862,-1627.537,-90.325,0.546
ddg_4dg3_0002,I344A,-1722.202,-1639.761,-82.441,-1720.538,-1638.879,-81.659,0.782
ddg_4dg3_0002,G347A,-1721.163,-1638.892,-82.271,-1722.708,-1639.608,-83.1,-0.829
ddg_4dg3_0002,H356A,-1725.838,-1642.621,-83.217,-1725.842,-1642.164,-83.678,-0.461
ddg_4dg3_0002,T339A,-1724.946,-1634.275,-90.671,-1724.574,-1634.268,-90.306,0.365
ddg_4dg3_0002,G350A,-1722.772,-1640.913,-81.859,-1720.026,-1637.134,-82.892,-1.033
ddg_5oj5_0004,D314A,-1577.243,-1542.518,-34.725,-1576.928,-1541.469,-35.459,-0.734
ddg_5oj5_0004,F311A,-1577.52,-1541.184,-36.336,-1582.126,-1545.618,-36.508,-0.172
ddg_5oj5_0004,P312A,-1577.841,-1542.867,-34.974,-1576.538,-1540.745,-35.793,-0.819
ddg_5oj5_0004,L315A,-1580.699,-1548.15,-32.549,-1575.333,-1546.148,-29.185,3.364
ddg_5oj5_0004,L313A,-1578.115,-1543.104,-35.011,-1569.577,-1541.676,-27.901,7.11
ddg_1jq8_0001,S126A,-428.507,-407.586,-20.921,-425.257,-406.724,-18.533,2.388
ddg_1jq8_0001,L122A,-422.532,-402.431,-20.101,-423.476,-402.084,-21.392,-1.291
ddg_1jq8_0001,I124A,-423.14,-407.072,-16.068,-434.273,-405.718,-28.555,-12.487
ddg_1jq8_0001,Y125A,-439.739,-418.305,-21.434,-432.41,-418.244,-14.166,7.268
ddg_6h7b_0001,M89A,-341.94,-277.148,-64.792,-341.216,-277.606,-63.61,1.182
ddg_6h7b_0001,N82A,-344.56,-284.885,-59.675,-338.27,-280.62,-57.65,2.025
ddg_6h7b_0001,E87A,-339.739,-279.027,-60.712,-339.685,-277.632,-62.053,-1.341
ddg_6h7b_0001,P83A,-340.613,-280.354,-60.259,-339.435,-278.611,-60.824,-0.565
ddg_6h7b_0001,H79A,-345.995,-281.78,-64.215,-348.012,-283.881,-64.131,0.084
ddg_6h7b_0001,N84A,-339.584,-279.356,-60.228,-336.703,-276.51,-60.193,0.035
ddg_6h7b_0001,H80A,-347.311,-283.041,-64.27,-344.244,-283.333,-60.911,3.359
ddg_6h7b_0001,P90A,-337.87,-274.329,-63.541,-342.267,-278.101,-64.166,-0.625
ddg_6h7b_0001,F88A,-338.802,-279.598,-59.204,-326.61,-277.395,-49.215,9.989
ddg_6h7b_0001,T86A,-337.641,-276.011,-61.63,-336.921,-275.638,-61.283,0.347
ddg_6h7b_0001,M81A,-349.85,-289.112,-60.738,-345.825,-289.603,-56.222,4.516
ddg_3tiw_0001,K178A,-578.353,-518.944,-59.409,-580.155,-520.242,-59.913,-0.504
ddg_3tiw_0001,Q177A,-573.035,-517.135,-55.9,-572.457,-515.923,-56.534,-0.634
ddg_3tiw_0001,R174A,-580.24,-528.644,-51.596,-578.516,-527.477,-51.039,0.557
ddg_3tiw_0001,M167A,-570.07,-519.081,-50.989,-567.077,-518.464,-48.613,2.376
ddg_3tiw_0001,L163A,-559.763,-509.715,-50.048,-558.726,-507.176,-51.55,-1.502
ddg_3tiw_0001,V161A,-557.329,-500.64,-56.689,-559.661,-502.958,-56.703,-0.014
ddg_3tiw_0001,T162A,-562.529,-512.767,-49.762,-561.429,-511.669,-49.76,0.002
ddg_3tiw_0001,R175A,-586.375,-536.401,-49.974,-577.224,-533.724,-43.5,6.474
ddg_3tiw_0001,R165A,-570.167,-520.988,-49.179,-569.044,-519.659,-49.385,-0.206
ddg_3tiw_0001,R164A,-571.085,-521.415,-49.67,-566.773,-520.817,-45.956,3.714
ddg_3tiw_0001,E173A,-579.15,-527.017,-52.133,-576.167,-525.712,-50.455,1.678
ddg_3tiw_0001,R166A,-570.639,-521.11,-49.529,-570.186,-520.21,-49.976,-0.447
ddg_3tiw_0001,L176A,-579.71,-523.664,-56.046,-578.02,-522.586,-55.434,0.612
ddg_3tiw_0001,L168A,-570.095,-519.567,-50.528,-563.61,-517.231,-46.379,4.149
ddg_1v1t_0009,V167A,-696.575,-654.176,-42.399,-697.26,-657.595,-39.665,2.734
ddg_1v1t_0009,N163A,-694.187,-649.974,-44.213,-694.869,-650.796,-44.073,0.14
ddg_1v1t_0009,Y165A,-696.68,-652.635,-44.045,-689.513,-650.014,-39.499,4.546
ddg_1v1t_0009,E164A,-694.872,-650.851,-44.021,-694.027,-648.656,-45.371,-1.35
ddg_1v1t_0009,K166A,-705.175,-662.115,-43.06,-702.689,-660.765,-41.924,1.136
ddg_5d94_0004,I126A,-568.517,-494.431,-74.086,-559.207,-491.399,-67.808,6.278
ddg_5d94_0004,E130A,-567.805,-493.12,-74.685,-563.976,-492.342,-71.634,3.051
ddg_5d94_0004,V122A,-567.743,-498.109,-69.634,-566.816,-495.978,-70.838,-1.204
ddg_5d94_0004,L131A,-562.205,-485.639,-76.566,-556.426,-482.208,-74.218,2.348
ddg_5d94_0004,T127A,-566.874,-493.286,-73.588,-564.88,-491.18,-73.7,-0.112
ddg_5d94_0004,F123A,-572.795,-503.476,-69.319,-561.429,-502.126,-59.303,10.016
ddg_5d94_0004,D128A,-566.894,-490.088,-76.806,-565.08,-489.044,-76.036,0.77
ddg_5d94_0004,D120A,-568.123,-494.913,-73.21,-568.601,-494.363,-74.238,-1.028
ddg_5d94_0004,D124A,-567.173,-500.443,-66.73,-563.009,-498.21,-64.799,1.931
ddg_5d94_0004,I125A,-567.434,-493.777,-73.657,-562.336,-491.449,-70.887,2.77
ddg_5d94_0004,E129A,-561.859,-484.515,-77.344,-560.513,-483.502,-77.011,0.333
ddg_1czy_0003,D174A,-599.519,-559.895,-39.624,-597.365,-557.021,-40.344,-0.72
ddg_1czy_0003,Q170A,-726.293,-690.247,-36.046,-725.244,-690.15,-35.094,0.952
ddg_1czy_0003,D175A,-599.98,-559.119,-40.861,-603.97,-559.835,-44.135,-3.274
ddg_1czy_0003,Q171A,-727.83,-690.32,-37.51,-725.826,-688.428,-37.398,0.112
ddg_1czy_0003,T173A,-592.144,-553.784,-38.36,-590.188,-550.646,-39.542,-1.182
ddg_1czy_0003,P169A,-727.94,-682.111,-45.829,-732.962,-684.805,-48.157,-2.328
ddg_4xc2_0001,F121A,-598.85,-532.25,-66.6,-599.016,-528.617,-70.399,-3.799
ddg_4xc2_0001,W122A,-608.999,-543.717,-65.282,-594.64,-541.307,-53.333,11.949
ddg_4xc2_0001,D119A,-602.142,-533.992,-68.15,-600.013,-531.977,-68.036,0.114
ddg_4xc2_0001,S117A,-595.161,-526.663,-68.498,-593.262,-525.716,-67.546,0.952
ddg_4xc2_0001,P127A,-600.324,-525.981,-74.343,-602.739,-529.53,-73.209,1.134
ddg_4xc2_0001,V123A,-600.873,-533.846,-67.027,-595.3,-530.678,-64.622,2.405
ddg_4xc2_0001,D120A,-599.242,-528.544,-70.698,-599.893,-529.99,-69.903,0.795
ddg_4xc2_0001,D118A,-599.07,-530.523,-68.547,-596.292,-529.601,-66.691,1.856
ddg_4xc2_0001,R124A,-604.749,-540.682,-64.067,-600.999,-539.33,-61.669,2.398
ddg_4xc2_0001,V125A,-603.367,-535.56,-67.807,-595.874,-533.328,-62.546,5.261
ddg_2hpl_0002,L103A,-454.753,-413.583,-41.17,-447.723,-410.624,-37.099,4.071
ddg_2hpl_0002,D101A,-454.088,-413.254,-40.834,-452.738,-411.808,-40.93,-0.096
ddg_2hpl_0002,Y104A,-458.937,-415.205,-43.732,-445.062,-411.643,-33.419,10.313
ddg_2hpl_0002,G105A,-454.39,-410.524,-43.866,-451.181,-407.289,-43.892,-0.026
ddg_2hpl_0002,D102A,-454.47,-413.831,-40.639,-444.55,-403.82,-40.73,-0.091
ddg_4x3o_0007,T302A,-1301.023,-1266.136,-34.887,-1300.685,-1263.617,-37.068,-2.181
ddg_4x3o_0007,G303A,-1302.191,-1267.769,-34.422,-1300.408,-1263.681,-36.727,-2.305
ddg_4x3o_0007,K300A,-1295.716,-1269.265,-26.451,-1295.68,-1268.544,-27.136,-0.685
ddg_4x3o_0007,K301A,-1307.19,-1275.99,-31.2,-1303.218,-1273.323,-29.895,1.305
ddg_4x3o_0007,P299A,-1294.378,-1264.567,-29.811,-1301.489,-1267.37,-34.119,-4.308
ddg_1j2x_0001,L87A,-234.124,-179.067,-55.057,-233.483,-181.04,-52.443,2.614
ddg_1j2x_0001,E83A,-229.471,-177.821,-51.65,-231.025,-178.714,-52.311,-0.661
ddg_1j2x_0001,K78A,-231.754,-180.02,-51.734,-229.944,-178.238,-51.706,0.028
ddg_1j2x_0001,N85A,-225.766,-170.06,-55.706,-224.042,-168.533,-55.509,0.197
ddg_1j2x_0001,M76A,-236.671,-183.674,-52.997,-233.154,-184.137,-49.017,3.98
ddg_1j2x_0001,S71A,-231.281,-175.833,-55.448,-230.796,-175.565,-55.231,0.217
ddg_1j2x_0001,D74A,-226.435,-172.916,-53.519,-219.271,-168.809,-50.462,3.057
ddg_1j2x_0001,E75A,-225.898,-174.39,-51.508,-224.023,-172.656,-51.367,0.141
ddg_1j2x_0001,L84A,-227.356,-175.454,-51.902,-218.415,-174.091,-44.324,7.578
ddg_1j2x_0001,L80A,-233.586,-183.437,-50.149,-221.675,-181.424,-40.251,9.898
ddg_1j2x_0001,M88A,-231.529,-176.17,-55.359,-231.197,-177.139,-54.058,1.301
ddg_1j2x_0001,D86A,-228.83,-172.482,-56.348,-225.661,-169.657,-56.004,0.344
ddg_1j2x_0001,E81A,-228.342,-176.832,-51.51,-227.203,-176.658,-50.545,0.965
ddg_1j2x_0001,E72A,-231.85,-177.62,-54.23,-229.136,-175.026,-54.11,0.12
ddg_6f0y_0011,L178A,-527.228,-480.006,-47.222,-519.082,-478.385,-40.697,6.525
ddg_6f0y_0011,M177A,-522.71,-473.682,-49.028,-521.342,-472.553,-48.789,0.239
ddg_6f0y_0011,K179A,-528.181,-481.211,-46.97,-527.129,-480.244,-46.885,0.085
ddg_6f0y_0011,K182A,-529.078,-481.042,-48.036,-525.612,-480.633,-44.979,3.057
ddg_6f0y_0011,K183A,-516.771,-469.096,-47.675,-514.22,-464.427,-49.793,-2.118
ddg_6f0y_0011,L187A,-498.262,-449.386,-48.876,-498.779,-448.688,-50.091,-1.215
ddg_6f0y_0011,I175A,-523.203,-474.953,-48.25,-522.59,-473.453,-49.137,-0.887
ddg_6f0y_0011,L173A,-486.924,-439.777,-47.147,-485.48,-441.728,-43.752,3.395
ddg_6f0y_0011,P180A,-534.001,-485.48,-48.521,-528.647,-480.213,-48.434,0.087
ddg_6f0y_0011,T176A,-523.727,-475.625,-48.102,-522.633,-473.337,-49.296,-1.194
ddg_6f0y_0011,R181A,-542.435,-493.473,-48.962,-537.932,-492.008,-45.924,3.038
ddg_6f0y_0011,K185A,-514.879,-467.354,-47.525,-510.751,-465.758,-44.993,2.532
ddg_1t74_0006,F256A,-1171.684,-1129.608,-42.076,-1165.763,-1128.908,-36.855,5.221
ddg_1t74_0006,R251A,-1163.877,-1122.848,-41.029,-1163.286,-1121.797,-41.489,-0.46
ddg_1t74_0006,W252A,-1165.712,-1123.907,-41.805,-1150.909,-1119.497,-31.412,10.393
ddg_1t74_0006,Q253A,-1164.109,-1122.807,-41.302,-1160.738,-1118.94,-41.798,-0.496
ddg_1t74_0006,S250A,-1159.181,-1116.212,-42.969,-1157.058,-1114.24,-42.818,0.151
ddg_1t74_0006,L255A,-1165.863,-1124.517,-41.346,-1159.117,-1123.344,-35.773,5.573
ddg_1t74_0006,D257A,-1165.591,-1121.477,-44.114,-1164.307,-1121.332,-42.975,1.139
ddg_5i7z_0002,E99A,-415.151,-355.432,-59.719,-412.046,-352.002,-60.044,-0.325
ddg_5i7z_0002,I103A,-281.335,-225.328,-56.007,-276.421,-226.703,-49.718,6.289
ddg_5i7z_0002,R101A,-417.92,-361.138,-56.782,-412.938,-358.92,-54.018,2.764
ddg_5i7z_0002,P98A,-415.786,-355.972,-59.814,-417.222,-354.823,-62.399,-2.585
ddg_5i7z_0002,L102A,-287.407,-228.939,-58.468,-280.492,-227.733,-52.759,5.709
ddg_5i7z_0002,P97A,-415.414,-353.093,-62.321,-418.896,-355.537,-63.359,-1.038
ddg_5i7z_0002,E100A,-415.822,-356.696,-59.126,-413.474,-357.1,-56.374,2.752
ddg_4txr_0001,V174A,-774.893,-708.336,-66.557,-776.182,-710.183,-65.999,0.558
ddg_4txr_0001,L167A,-782.94,-723.028,-59.912,-772.703,-720.789,-51.914,7.998
ddg_4txr_0001,L170A,-779.457,-721.9,-57.557,-773.905,-721.138,-52.767,4.79
ddg_4txr_0001,L163A,-783.833,-725.207,-58.626,-779.414,-723.551,-55.863,2.763
ddg_4txr_0001,D161A,-784.13,-719.619,-64.511,-778.037,-716.786,-61.251,3.26
ddg_4txr_0001,Q160A,-781.669,-715.9,-65.769,-780.192,-714.721,-65.471,0.298
ddg_4txr_0001,E162A,-786.012,-723.441,-62.571,-785.761,-722.963,-62.798,-0.227
ddg_4txr_0001,Q165A,-779.838,-716.779,-63.059,-776.743,-713.516,-63.227,-0.168
ddg_4txr_0001,R171A,-775.115,-722.943,-52.172,-770.193,-720.931,-49.262,2.91
ddg_4txr_0001,S164A,-778.171,-719.31,-58.861,-780.726,-720.91,-59.816,-0.955
ddg_4txr_0001,Q173A,-774.984,-709.163,-65.821,-775.788,-710.406,-65.382,0.439
ddg_4txr_0001,R166A,-786.778,-727.342,-59.436,-780.165,-727.012,-53.153,6.283
ddg_4txr_0001,D172A,-774.807,-709.407,-65.4,-775.617,-710.316,-65.301,0.099
ddg_4txr_0001,R169A,-779.681,-722.562,-57.119,-778.854,-721.286,-57.568,-0.449
ddg_4m91_0001,K154A,-697.676,4816707.715,-4817405.391,-699.191,4815085.666,-4815784.857,1620.534
ddg_4m91_0001,H156A,-698.97,4373380.377,-4374079.347,-698.204,4372638.938,-4373337.142,742.205
ddg_4m91_0001,N159A,-710.477,4816701.182,-4817411.659,-718.068,4817587.504,-4818305.572,-893.913
ddg_4m91_0001,C157A,-703.189,4176016.736,-4176719.925,-703.116,4175958.448,-4176661.564,58.361
ddg_4m91_0001,F155A,-701.597,4816751.09,-4817452.687,-688.556,4816818.075,-4817506.631,-53.944
ddg_3et3_0010,S263A,-639.865,-569.598,-70.267,-638.178,-567.21,-70.968,-0.701
ddg_3et3_0010,L275A,-642.016,-575.865,-66.151,-633.042,-574.497,-58.545,7.606
ddg_3et3_0010,L264A,-643.564,-577.288,-66.276,-642.268,-576.044,-66.224,0.052
ddg_3et3_0010,Q276A,-640.883,-569.405,-71.478,-639.239,-570.142,-69.097,2.381
ddg_3et3_0010,R273A,-645.326,-577.947,-67.379,-644.564,-577.515,-67.049,0.33
ddg_3et3_0010,R267A,-648.851,-580.998,-67.853,-647.699,-580.182,-67.517,0.336
ddg_3et3_0010,H261A,-633.487,-564.073,-69.414,-636.753,-567.284,-69.469,-0.055
ddg_3et3_0010,L271A,-648.59,-582.282,-66.308,-639.094,-579.815,-59.279,7.029
ddg_3et3_0010,H272A,-644.525,-577.636,-66.889,-642.649,-576.451,-66.198,0.691
ddg_3et3_0010,L274A,-641.638,-571.709,-69.929,-634.857,-570.135,-64.722,5.207
ddg_3et3_0010,K269A,-644.9,-578.879,-66.021,-644.382,-578.418,-65.964,0.057
ddg_3et3_0010,S262A,-635.364,-568.675,-66.689,-635.432,-569.056,-66.376,0.313
ddg_3et3_0010,T265A,-645.032,-575.633,-69.399,-643.445,-576.091,-67.354,2.045
ddg_3et3_0010,E266A,-638.897,-571.131,-67.766,-639.327,-573.479,-65.848,1.918
ddg_3et3_0010,I270A,-641.527,-576.135,-65.392,-636.661,-574.814,-61.847,3.545
ddg_3et3_0010,H268A,-650.448,-581.929,-68.519,-643.758,-580.007,-63.751,4.768
ddg_1p7v_0014,F283A,-1317.629,-1291.905,-25.724,-1308.929,-1292.737,-16.192,9.532
ddg_1p7v_0014,P280A,-1321.416,-1292.631,-28.785,-1325.99,-1295.17,-30.82,-2.035
ddg_1p7v_0014,P282A,-1319.084,-1296.206,-22.878,-1328.874,-1292.144,-36.73,-13.852
ddg_6f4s_0002,C236A,-1209.617,3713390.462,-3714600.079,-1209.62,3713338.626,-3714548.246,51.833
ddg_6f4s_0002,Y240A,-1207.842,4837239.734,-4838447.576,-1205.789,4835888.724,-4837094.513,1353.063
ddg_6f4s_0002,R238A,-1214.65,4837348.345,-4838562.995,-1212.406,4837466.796,-4838679.202,-116.207
ddg_1lb6_0004,K156A,-705.525,-648.195,-57.33,-707.464,-649.304,-58.16,-0.83
ddg_1lb6_0004,D163A,-699.757,-649.198,-50.559,-703.276,-648.688,-54.588,-4.029
ddg_1lb6_0004,E161A,-711.552,-656.104,-55.448,-707.764,-653.745,-54.019,1.429
ddg_1lb6_0004,Q160A,-715.657,-664.807,-50.85,-713.475,-663.378,-50.097,0.753
ddg_1lb6_0004,I162A,-716.103,-660.507,-55.596,-709.613,-656.789,-52.824,2.772
ddg_1lb6_0004,F164A,-716.92,-659.092,-57.828,-711.855,-662.984,-48.871,8.957
ddg_1lb6_0004,P159A,-717.775,-664.313,-53.462,-715.8,-660.88,-54.92,-1.458
ddg_1lb6_0004,E158A,-707.519,-650.495,-57.024,-705.48,-648.981,-56.499,0.525
ddg_1lb6_0004,Q157A,-714.392,-655.776,-58.616,-715.046,-652.386,-62.66,-4.044
ddg_1jd5_0001,I107A,-424.946,-370.679,-54.267,-421.901,-367.648,-54.253,0.014
ddg_1jd5_0001,F110A,-423.368,-365.951,-57.417,-417.33,-361.45,-55.88,1.537
ddg_1jd5_0001,Y109A,-429.63,-372.781,-56.849,-421.8,-370.564,-51.236,5.613
ddg_1jd5_0001,P112A,-431.246,-370.986,-60.26,-430.268,-366.852,-63.416,-3.156
ddg_1jd5_0001,I111A,-427.404,-370.57,-56.834,-420.801,-365.614,-55.187,1.647
ddg_1jd5_0001,D113A,-425.863,-366.693,-59.17,-427.823,-368.931,-58.892,0.278
ddg_5v3r_0007,I362A,-1489.28,-1441.564,-47.716,-1483.586,-1442.376,-41.21,6.506
ddg_5v3r_0007,T370A,-1484.106,-1435.247,-48.859,-1484.381,-1434.789,-49.592,-0.733
ddg_5v3r_0007,Q364A,-1488.138,-1440.844,-47.294,-1487.248,-1441.612,-45.636,1.658
ddg_5v3r_0007,K363A,-1487.935,-1440.698,-47.237,-1487.365,-1440.172,-47.193,0.044
ddg_5v3r_0007,W368A,-1488.912,-1449.368,-39.544,-1477.638,-1447.949,-29.689,9.855
ddg_5v3r_0007,D361A,-1488.424,-1441.651,-46.773,-1486.57,-1438.238,-48.332,-1.559
ddg_5v3r_0007,D359A,-1483.837,-1437.576,-46.261,-1483.591,-1436.786,-46.805,-0.544
ddg_5v3r_0007,E358A,-1481.91,-1435.369,-46.541,-1481.313,-1435.389,-45.924,0.617
ddg_5v3r_0007,D360A,-1484.184,-1435.956,-48.228,-1481.521,-1434.237,-47.284,0.944
ddg_5v3r_0007,L365A,-1490.975,-1446.55,-44.425,-1483.114,-1445.999,-37.115,7.31
ddg_2ke1_0001,R68A,-110.32,-59.648,-50.672,-106.434,-59.89,-46.544,4.128
ddg_2ke1_0001,T69A,-104.576,-51.06,-53.516,-102.924,-50.686,-52.238,1.278
ddg_2ke1_0001,S76A,-98.082,-42.355,-55.727,-96.691,-40.281,-56.41,-0.683
ddg_2ke1_0001,Q71A,-102.237,-54.073,-48.164,-99.116,-50.587,-48.529,-0.365
ddg_2ke1_0001,R74A,-101.205,-49.265,-51.94,-98.84,-48.474,-50.366,1.574
ddg_2ke1_0001,K75A,-101.561,-49.377,-52.184,-98.007,-51.291,-46.716,5.468
ddg_2ke1_0001,T72A,-105.422,-56.154,-49.268,-98.397,-52.802,-45.595,3.673
ddg_2ke1_0001,K70A,-114.828,-64.543,-50.285,-115.363,-66.857,-48.506,1.779
ddg_5xhz_0001,H68A,-297.393,-249.686,-47.707,-293.759,-243.417,-50.342,-2.635
ddg_5xhz_0001,I69A,-298.124,-246.125,-51.999,-294.088,-242.882,-51.206,0.793
ddg_5xhz_0001,M65A,-297.627,-246.936,-50.691,-296.706,-247.471,-49.235,1.456
ddg_5xhz_0001,P64A,-295.14,-244.354,-50.786,-292.107,-240.597,-51.51,-0.724
ddg_5xhz_0001,P62A,-297.141,-241.778,-55.363,-297.082,-240.266,-56.816,-1.453
ddg_5xhz_0001,K66A,-297.861,-248.352,-49.509,-295.666,-247.407,-48.259,1.25
ddg_5xhz_0001,R71A,-301.24,-251.47,-49.77,-301.469,-251.566,-49.903,-0.133
ddg_5xhz_0001,R61A,-298.792,-243.619,-55.173,-300.456,-244.861,-55.595,-0.422
ddg_5xhz_0001,F70A,-307.174,-253.667,-53.507,-299.121,-248.861,-50.26,3.247
ddg_5xhz_0001,R67A,-300.034,-254.643,-45.391,-291.949,-249.624,-42.325,3.066
ddg_5xhz_0001,V63A,-293.709,-240.285,-53.424,-290.618,-236.362,-54.256,-0.832
ddg_2aq9_0005,W263A,-1310.607,-1290.006,-20.601,-1313.545,-1293.404,-20.141,0.46
ddg_2aq9_0005,M264A,-1312.791,-1290.972,-21.819,-1310.83,-1291.789,-19.041,2.778
ddg_2aq9_0005,S273A,-1312.427,-1293.148,-19.279,-1312.851,-1292.813,-20.038,-0.759
ddg_2aq9_0005,P267A,-1307.081,-1285.956,-21.125,-1304.489,-1283.562,-20.927,0.198
ddg_2aq9_0005,K271A,-1310.045,-1290.399,-19.646,-1309.928,-1288.964,-20.964,-1.318
ddg_2aq9_0005,W272A,-1308.72,-1288.31,-20.41,-1300.82,-1279.557,-21.263,-0.853
ddg_2aq9_0005,R274A,-1311.503,-1292.501,-19.002,-1313.409,-1293.421,-19.988,-0.986
ddg_2aq9_0005,L265A,-1309.349,-1287.621,-21.728,-1302.969,-1281.552,-21.417,0.311
ddg_2aq9_0005,D266A,-1310.949,-1289.582,-21.367,-1302.557,-1285.461,-17.096,4.271
ddg_2aq9_0005,G270A,-1308.975,-1288.729,-20.246,-1305.624,-1285.261,-20.363,-0.117
ddg_2aq9_0005,I268A,-1310.421,-1289.939,-20.482,-1303.249,-1286.653,-16.596,3.886
ddg_5bs2_0004,F119A,-355.788,-325.888,-29.9,-353.61,-331.094,-22.516,7.384
ddg_5bs2_0004,I117A,-352.355,-321.512,-30.843,-343.883,-318.67,-25.213,5.63
ddg_5bs2_0004,E116A,-345.748,-313.224,-32.524,-344.091,-310.452,-33.639,-1.115
ddg_5bs2_0004,K118A,-350.884,-320.737,-30.147,-348.817,-319.03,-29.787,0.36
ddg_5bs2_0004,W114A,-351.78,-317.961,-33.819,-354.337,-326.671,-27.666,6.153
ddg_5bs2_0004,K115A,-354.255,-323.813,-30.442,-353.2,-325.491,-27.709,2.733
ddg_1cqg_0002,T108A,-352.185,4815675.178,-4816027.363,-350.483,4815580.686,-4815931.169,96.194
ddg_1cqg_0002,D117A,-223.415,4815851.783,-4816075.198,-218.787,4815999.576,-4816218.363,-143.165
ddg_1cqg_0002,K110A,-367.52,4815770.262,-4816137.782,-366.332,4815519.611,-4815885.943,251.839
ddg_1cqg_0002,V116A,-221.516,4815849.716,-4816071.232,-219.311,4816317.642,-4816536.953,-465.721
ddg_1cqg_0002,L109A,-353.562,4815704.678,-4816058.24,-353.322,4816244.471,-4816597.793,-539.553
ddg_1cqg_0002,P106A,-348.321,9710906.907,-9711255.228,-351.559,9710599.061,-9710950.62,304.608
ddg_1cqg_0002,C112A,-232.454,4159238.811,-4159471.265,-233.177,4159275.983,-4159509.16,-37.895
ddg_1cqg_0002,I111A,-359.087,4379173.086,-4379532.173,-352.049,4378581.497,-4378933.546,598.627
ddg_1cqg_0002,S113A,-349.702,4399885.001,-4400234.703,-348.097,4399819.747,-4400167.844,66.859
ddg_1cqg_0002,G118A,-226.766,4815775.426,-4816002.192,-222.778,4815439.751,-4815662.529,339.663
ddg_1cqg_0002,W114A,-359.667,4815637.946,-4815997.613,-354.758,4815457.921,-4815812.679,184.934
ddg_1cqg_0002,N115A,-347.823,4815927.956,-4816275.779,-346.366,4815601.845,-4815948.211,327.568
ddg_4z2o_0018,E133A,-595.892,-539.115,-56.777,-592.891,-537.691,-55.2,1.577
ddg_4z2o_0018,L136A,-599.515,-544.052,-55.463,-593.86,-542.134,-51.726,3.737
ddg_4z2o_0018,S134A,-597.614,-542.422,-55.192,-598.49,-541.781,-56.709,-1.517
ddg_4z2o_0018,E138A,-598.719,-542.217,-56.502,-600.295,-542.774,-57.521,-1.019
ddg_4z2o_0018,T130A,-595.753,-538.905,-56.848,-595.331,-537.921,-57.41,-0.562
ddg_4z2o_0018,S132A,-596.274,-539.962,-56.312,-596.671,-539.091,-57.58,-1.268
ddg_4z2o_0018,V131A,-596.119,-540.157,-55.962,-591.023,-536.175,-54.848,1.114
ddg_4z2o_0018,V128A,-595.211,-535.372,-59.839,-599.867,-541.025,-58.842,0.997
ddg_4z2o_0018,L135A,-599.517,-544.85,-54.667,-590.802,-544.793,-46.009,8.658
ddg_4z2o_0018,T137A,-598.4,-542.533,-55.867,-599.222,-542.875,-56.347,-0.48
ddg_3agy_0002,P178A,-763.78,-723.23,-40.55,-760.335,-722.063,-38.272,2.278
ddg_3agy_0002,G177A,-762.663,-719.783,-42.88,-762.588,-720.195,-42.393,0.487
ddg_3agy_0002,T179A,-749.971,-710.425,-39.546,-748.09,-707.488,-40.602,-1.056
ddg_3agy_0002,E182A,-757.291,-717.644,-39.647,-756.231,-715.761,-40.47,-0.823
ddg_3agy_0002,V183A,-753.506,-713.147,-40.359,-755.282,-714.969,-40.313,0.046
ddg_3agy_0002,I180A,-762.351,-722.505,-39.846,-751.101,-718.592,-32.509,7.337
ddg_3agy_0002,E181A,-752.845,-713.697,-39.148,-752.034,-712.647,-39.387,-0.239
ddg_3bej_0005,L234A,-815.009,-772.174,-42.835,-813.347,-770.267,-43.08,-0.245
ddg_3bej_0005,R226A,-796.328,-754.021,-42.307,-793.811,-750.27,-43.541,-1.234
ddg_3bej_0005,E225A,-784.912,-739.644,-45.268,-792.851,-743.2,-49.651,-4.383
ddg_3bej_0005,L230A,-800.46,-756.012,-44.448,-794.385,-755.743,-38.642,5.806
ddg_3bej_0005,R232A,-807.056,-760.109,-46.947,-805.261,-759.49,-45.771,1.176
ddg_3bej_0005,L233A,-811.732,-764.329,-47.403,-805.791,-762.628,-43.163,4.24
ddg_3bej_0005,Q235A,-774.435,-731.209,-43.226,-773.833,-731.672,-42.161,1.065
ddg_3bej_0005,H231A,-793.382,-750.53,-42.852,-794.418,-752.107,-42.311,0.541
ddg_3bej_0005,K228A,-788.401,-743.783,-44.618,-788.28,-742.199,-46.081,-1.463
ddg_3bej_0005,H227A,-793.299,-747.85,-45.449,-791.767,-746.891,-44.876,0.573
ddg_3bej_0005,I229A,-787.026,-738.544,-48.482,-783.274,-737.718,-45.556,2.926
ddg_5wfv_0011,T289A,-1452.813,-1402.212,-50.601,-1447.939,-1399.948,-47.991,2.61
ddg_5wfv_0011,L293A,-1451.14,-1400.882,-50.258,-1448.181,-1398.292,-49.889,0.369
ddg_5wfv_0011,E291A,-1450.626,-1401.889,-48.737,-1447.201,-1401.747,-45.454,3.283
ddg_5wfv_0011,E287A,-1457.257,-1404.974,-52.283,-1455.041,-1403.155,-51.886,0.397
ddg_5wfv_0011,F292A,-1453.117,-1403.166,-49.951,-1452.391,-1402.558,-49.833,0.118
ddg_5wfv_0011,E288A,-1455.882,-1405.54,-50.342,-1450.481,-1402.963,-47.518,2.824
ddg_5wfv_0011,G290A,-1450.09,-1399.147,-50.943,-1438.689,-1395.38,-43.309,7.634
ddg_5wfv_0011,D286A,-1453.953,-1404.936,-49.017,-1451.173,-1399.675,-51.498,-2.481
ddg_5wfv_0011,L285A,-1450.858,-1400.088,-50.77,-1448.415,-1398.516,-49.899,0.871
ddg_4m5s_0013,I92A,-349.557,-300.641,-48.916,-339.625,-294.825,-44.8,4.116
ddg_4m5s_0013,E89A,-341.278,-289.241,-52.037,-340.331,-288.707,-51.624,0.413
ddg_4m5s_0013,I94A,-346.866,-300.038,-46.828,-336.952,-296.614,-40.338,6.49
ddg_4m5s_0013,P93A,-339.138,-289.579,-49.559,-335.205,-285.954,-49.251,0.308
ddg_4m5s_0013,T95A,-343.999,-295.746,-48.253,-343.569,-294.921,-48.648,-0.395
ddg_4m5s_0013,R96A,-350.516,-301.913,-48.603,-345.226,-299.209,-46.017,2.586
ddg_4m5s_0013,R90A,-343.078,-292.659,-50.419,-341.812,-290.779,-51.033,-0.614
ddg_4m5s_0013,G88A,-340.318,-286.126,-54.192,-340.497,-286.373,-54.124,0.068
ddg_4m5s_0013,E97A,-334.349,-283.722,-50.627,-335.048,-284.454,-50.594,0.033
ddg_4m5s_0013,T91A,-338.134,-290.155,-47.979,-336.788,-288.03,-48.758,-0.779
ddg_1l2z_0001,P68A,-126.949,-103.713,-23.236,-125.409,-99.876,-25.533,-2.297
ddg_1l2z_0001,P69A,-125.593,-101.904,-23.689,-122.824,-97.369,-25.455,-1.766
ddg_1l2z_0001,R65A,-109.285,-84.783,-24.502,-107.174,-82.722,-24.452,0.05
ddg_1l2z_0001,V73A,-104.932,-74.038,-30.894,-108.418,-81.582,-26.836,4.058
ddg_1l2z_0001,H64A,-102.027,-76.734,-25.293,-101.822,-75.373,-26.449,-1.156
ddg_1l2z_0001,P66A,-102.855,-79.784,-23.071,-99.248,-75.375,-23.873,-0.802
ddg_1l2z_0001,H71A,-114.978,-82.371,-32.607,-115.05,-82.745,-32.305,0.302
ddg_1l2z_0001,R72A,-128.881,-105.076,-23.805,-129.457,-100.96,-28.497,-4.692
ddg_1l2z_0001,G70A,-115.021,-95.622,-19.399,-109.9,-92.577,-17.323,2.076
ddg_1l2z_0001,P67A,-108.009,-82.701,-25.308,-104.489,-78.576,-25.913,-0.605
ddg_1l2z_0001,S63A,-96.454,-70.704,-25.75,-94.638,-68.667,-25.971,-0.221
ddg_5crw_0003,K244A,-1002.093,-959.083,-43.01,-1004.165,-959.906,-44.259,-1.249
ddg_5crw_0003,G248A,-1000.982,-956.876,-44.106,-992.314,-952.035,-40.279,3.827
ddg_5crw_0003,Y251A,-1001.993,-958.312,-43.681,-993.73,-950.169,-43.561,0.12
ddg_5crw_0003,V252A,-1002.053,-956.994,-45.059,-998.601,-955.29,-43.311,1.748
ddg_5crw_0003,G253A,-1001.114,-955.085,-46.029,-995.419,-949.607,-45.812,0.217
ddg_5crw_0003,L250A,-1003.718,-960.301,-43.417,-990.685,-958.299,-32.386,11.031
ddg_5crw_0003,E247A,-1001.324,-956.91,-44.414,-998.437,-953.72,-44.717,-0.303
ddg_5crw_0003,T245A,-999.992,-954.869,-45.123,-995.924,-950.535,-45.389,-0.266
ddg_5crw_0003,K246A,-1000.863,-954.95,-45.913,-999.119,-953.305,-45.814,0.099
ddg_5crw_0003,V249A,-1001.906,-958.34,-43.566,-998.957,-956.186,-42.771,0.795
ddg_5crw_0003,G243A,-999.449,-954.839,-44.61,-999.842,-956.529,-43.313,1.297
ddg_2koh_0003,I126A,-242.944,-194.866,-48.078,-236.851,-190.636,-46.215,1.863
ddg_2koh_0003,P121A,-256.452,-204.886,-51.566,-257.407,-207.114,-50.293,1.273
ddg_2koh_0003,Q122A,-261.667,-208.268,-53.399,-258.285,-204.528,-53.757,-0.358
ddg_2koh_0003,S119A,-240.547,-188.8,-51.747,-239.115,-187.661,-51.454,0.293
ddg_2koh_0003,Y117A,-248.473,-190.457,-58.016,-247.493,-190.116,-57.377,0.639
ddg_2koh_0003,L116A,-249.269,-196.982,-52.287,-248.249,-195.862,-52.387,-0.1
ddg_2koh_0003,I127A,-263.957,-209.498,-54.459,-260.772,-212.586,-48.186,6.273
ddg_2koh_0003,E123A,-276.776,-221.968,-54.808,-272.973,-219.787,-53.186,1.622
ddg_2koh_0003,M112A,-237.752,-178.92,-58.832,-237.497,-178.695,-58.802,0.03
ddg_2koh_0003,D120A,-262.098,-208.655,-53.443,-255.926,-203.255,-52.671,0.772
ddg_2koh_0003,L113A,-240.289,-181.508,-58.781,-237.73,-178.896,-58.834,-0.053
ddg_2koh_0003,G118A,-242.618,-189.182,-53.436,-234.539,-180.778,-53.761,-0.325
ddg_2koh_0003,E124A,-250.187,-197.815,-52.372,-251.014,-197.734,-53.28,-0.908
ddg_2koh_0003,L125A,-258.942,-207.872,-51.07,-252.038,-204.678,-47.36,3.71
ddg_2koh_0003,E115A,-244.605,-187.471,-57.134,-243.504,-186.896,-56.608,0.526
ddg_2cny_0001,F140A,-669.733,-506.695,-163.038,-653.231,-502.607,-150.624,12.414
ddg_2cny_0001,Q133A,-667.9,-508.479,-159.421,-663.001,-506.203,-156.798,2.623
ddg_2cny_0001,V136A,-670.588,-509.956,-160.632,-665.399,-509.647,-155.752,4.88
ddg_2cny_0001,K134A,-674.726,-515.418,-159.308,-671.896,-514.709,-157.187,2.121
ddg_2cny_0001,F126A,-672.341,-515.009,-157.332,-657.195,-510.656,-146.539,10.793
ddg_2cny_0001,S130A,-676.325,-519.494,-156.831,-674.665,-519.796,-154.869,1.962
ddg_2cny_0001,Q132A,-673.78,-523.184,-150.596,-670.467,-522.844,-147.623,2.973
ddg_2cny_0001,V139A,-667.462,-504.496,-162.966,-662.198,-499.725,-162.473,0.493
ddg_2cny_0001,E131A,-669.679,-516.343,-153.336,-668.838,-515.36,-153.478,-0.142
ddg_2cny_0001,S142A,-667.712,-505.254,-162.458,-667.417,-503.267,-164.15,-1.692
ddg_2cny_0001,L127A,-673.512,-515.857,-157.655,-666.752,-512.284,-154.468,3.187
ddg_2cny_0001,P128A,-669.504,-509.154,-160.35,-665.725,-508.628,-157.097,3.253
ddg_2cny_0001,S135A,-671.719,-511.351,-160.368,-671.609,-509.754,-161.855,-1.487
ddg_2cny_0001,D137A,-667.183,-507.283,-159.9,-664.49,-505.851,-158.639,1.261
ddg_2cny_0001,S141A,-665.196,-503.221,-161.975,-665.127,-500.506,-164.621,-2.646
ddg_2cny_0001,G124A,-667.778,-509.678,-158.1,-666.443,-511.552,-154.891,3.209
ddg_2cny_0001,S125A,-666.987,-510.383,-156.604,-666.086,-508.631,-157.455,-0.851
ddg_2cny_0001,N129A,-667.914,-510.065,-157.849,-665.683,-508.642,-157.041,0.808
ddg_4r5i_0008,L226A,-914.725,-854.42,-60.305,-903.454,-850.988,-52.466,7.839
ddg_4r5i_0008,L225A,-912.566,-854.103,-58.463,-909.936,-852.331,-57.605,0.858
ddg_4r5i_0008,T228A,-909.864,-851.521,-58.343,-910.602,-851.611,-58.991,-0.648
ddg_4r5i_0008,R224A,-926.315,-869.834,-56.481,-925.792,-867.624,-58.168,-1.687
ddg_4r5i_0008,L227A,-914.455,-856.557,-57.898,-908.933,-855.013,-53.92,3.978
ddg_4r5i_0008,N223A,-911.47,-849.918,-61.552,-910.357,-850.293,-60.064,1.488
ddg_5n85_0006,D126A,-597.047,-552.57,-44.477,-594.345,-551.018,-43.327,1.15
ddg_5n85_0006,F130A,-598.569,-553.029,-45.54,-588.171,-553.601,-34.57,10.97
ddg_5n85_0006,D122A,-578.603,-542.231,-36.372,-581.844,-540.614,-41.23,-4.858
ddg_5n85_0006,E132A,-598.686,-552.818,-45.868,-597.723,-552.337,-45.386,0.482
ddg_5n85_0006,L131A,-597.763,-552.429,-45.334,-591.488,-550.117,-41.371,3.963
ddg_5n85_0006,D127A,-594.319,-549.948,-44.371,-587.081,-548.537,-38.544,5.827
ddg_5n85_0006,N123A,-578.873,-547.318,-31.555,-577.101,-546.764,-30.337,1.218
ddg_5n85_0006,G124A,-588.716,-544.063,-44.653,-591.655,-546.306,-45.349,-0.696
ddg_5n85_0006,I125A,-598.788,-553.75,-45.038,-591.625,-550.995,-40.63,4.408
ddg_5n85_0006,Y129A,-596.353,-551.733,-44.62,-592.664,-548.118,-44.546,0.074
ddg_1eg4_0003,T263A,-1013.924,-965.723,-48.201,-1014.574,-966.256,-48.318,-0.117
ddg_1eg4_0003,P264A,-1014.249,-964.999,-49.25,-1013.745,-963.655,-50.09,-0.84
ddg_1eg4_0003,P273A,-1005.507,-956.433,-49.074,-1007.843,-959.099,-48.744,0.33
ddg_1eg4_0003,S267A,-1007.126,-960.842,-46.284,-1005.84,-959.636,-46.204,0.08
ddg_1eg4_0003,N261A,-1015.431,-965.379,-50.052,-1016.664,-966.611,-50.053,-0.001
ddg_1eg4_0003,Y271A,-1006.535,-959.268,-47.267,-995.911,-955.474,-40.437,6.83
ddg_1eg4_0003,V272A,-1006.161,-956.843,-49.318,-1003.986,-953.705,-50.281,-0.963
ddg_1eg4_0003,P269A,-1015.183,-969.069,-46.114,-1008.219,-965.01,-43.209,2.905
ddg_1eg4_0003,M262A,-1012.351,-962.107,-50.244,-1012.452,-962.112,-50.34,-0.096
ddg_1eg4_0003,Y265A,-1017.769,-972.324,-45.445,-1015.302,-970.516,-44.786,0.659
ddg_1eg4_0003,R266A,-1020.642,-974.598,-46.044,-1014.796,-972.4,-42.396,3.648
ddg_1eg4_0003,P270A,-1005.578,-958.574,-47.004,-1001.684,-954.689,-46.995,0.009
ddg_1eg4_0003,P268A,-1014.588,-968.316,-46.272,-1012.671,-964.242,-48.429,-2.157
ddg_3fp2_0003,M484A,-1487.368,-1447.247,-40.121,-1487.666,-1449.42,-38.246,1.875
ddg_3fp2_0003,D488A,-1472.8,-1437.39,-35.41,-1470.306,-1437.828,-32.478,2.932
ddg_3fp2_0003,E485A,-1471.252,-1432.129,-39.123,-1469.617,-1429.758,-39.859,-0.736
ddg_3fp2_0003,V487A,-1476.148,-1440.115,-36.033,-1472.55,-1438.029,-34.521,1.512
ddg_3fp2_0003,E486A,-1467.847,-1428.628,-39.219,-1465.705,-1426.632,-39.073,0.146
ddg_1ddv_0012,S108A,-473.135,-443.07,-30.065,-471.879,-441.635,-30.244,-0.179
ddg_1ddv_0012,P107A,-476.946,-447.229,-29.717,-471.903,-443.844,-28.059,1.658
ddg_1ddv_0012,T105A,-475.575,-445.74,-29.835,-476.91,-446.516,-30.394,-0.559
ddg_1ddv_0012,F110A,-478.781,-449.284,-29.497,-472.53,-451.174,-21.356,8.141
ddg_1ddv_0012,P109A,-476.68,-447.723,-28.957,-471.733,-442.7,-29.033,-0.076
ddg_1ddv_0012,P106A,-476.277,-447.623,-28.654,-476.091,-446.532,-29.559,-0.905
ddg_2lsi_0002,D108A,-400.757,-346.69,-54.067,-401.788,-344.067,-57.721,-3.654
ddg_2lsi_0002,K103A,-400.322,-341.969,-58.353,-399.992,-341.838,-58.154,0.199
ddg_2lsi_0002,S101A,-398.773,-332.167,-66.606,-395.997,-330.304,-65.693,0.913
ddg_2lsi_0002,F107A,-413.903,-359.026,-54.877,-399.109,-358.205,-40.904,13.973
ddg_2lsi_0002,K104A,-404.507,-344.375,-60.132,-404.009,-343.249,-60.76,-0.628
ddg_2lsi_0002,S105A,-405.002,-346.845,-58.157,-407.223,-346.232,-60.991,-2.834
ddg_2lsi_0002,K110A,-407.57,-352.149,-55.421,-404.071,-352.477,-51.594,3.827
ddg_2lsi_0002,W116A,-397.885,-332.524,-65.361,-399.053,-335.534,-63.519,1.842
ddg_2lsi_0002,K109A,-401.675,-345.051,-56.624,-401.469,-346.612,-54.857,1.767
ddg_2lsi_0002,F106A,-408.678,-352.027,-56.651,-396.92,-349.995,-46.925,9.726
ddg_2lsi_0002,H102A,-398.347,-338.017,-60.33,-396.762,-335.906,-60.856,-0.526
ddg_2lsi_0002,S112A,-396.597,-335.623,-60.974,-398.021,-336.783,-61.238,-0.264
ddg_2lsi_0002,R111A,-412.492,-356.863,-55.629,-411.378,-356.145,-55.233,0.396
ddg_2lsi_0002,E113A,-397.798,-333.542,-64.256,-397.365,-332.828,-64.537,-0.281
ddg_2lsi_0002,R114A,-408.468,-349.199,-59.269,-402.363,-348.855,-53.508,5.761
ddg_2lsi_0002,G100A,-394.098,-326.902,-67.196,-393.681,-326.268,-67.413,-0.217
ddg_2lsi_0002,K115A,-396.328,-329.524,-66.804,-395.349,-328.384,-66.965,-0.161
ddg_6dei_0014,L121A,-374.374,-302.845,-71.529,-371.872,-300.123,-71.749,-0.22
ddg_6dei_0014,H122A,-372.207,-293.617,-78.59,-370.645,-291.619,-79.026,-0.436
ddg_6dei_0014,L119A,-375.65,-306.15,-69.5,-369.65,-304.213,-65.437,4.063
ddg_6dei_0014,K108A,-380.488,-309.186,-71.302,-379.144,-306.311,-72.833,-1.531
ddg_6dei_0014,P117A,-370.405,-300.201,-70.204,-364.963,-294.194,-70.769,-0.565
ddg_6dei_0014,L107A,-373.247,-304.286,-68.961,-367.762,-302.138,-65.624,3.337
ddg_6dei_0014,K110A,-374.909,-305.769,-69.14,-372.475,-305.103,-67.372,1.768
ddg_6dei_0014,V116A,-375.558,-305.29,-70.268,-372.3,-303.32,-68.98,1.288
ddg_6dei_0014,L109A,-379.226,-307.257,-71.969,-367.395,-307.622,-59.773,12.196
ddg_6dei_0014,T106A,-369.085,-296.573,-72.512,-368.655,-296.391,-72.264,0.248
ddg_6dei_0014,R112A,-384.303,-319.877,-64.426,-384.224,-317.582,-66.642,-2.216
ddg_6dei_0014,F120A,-376.89,-306.421,-70.469,-359.994,-302.126,-57.868,12.601
ddg_6dei_0014,K111A,-373.807,-304.737,-69.07,-372.883,-303.798,-69.085,-0.015
ddg_6dei_0014,L113A,-373.284,-304.881,-68.403,-369.124,-301.112,-68.012,0.391
ddg_6dei_0014,E118A,-370.066,-298.066,-72.0,-367.274,-295.337,-71.937,0.063
ddg_6dei_0014,E114A,-366.547,-294.794,-71.753,-364.181,-292.79,-71.391,0.362
ddg_6dei_0014,S115A,-365.039,-293.502,-71.537,-365.103,-293.448,-71.655,-0.118
ddg_4yje_0008,L337A,-1441.273,-1351.139,-90.134,-1439.033,-1350.587,-88.446,1.688
ddg_4yje_0008,C340A,-1437.239,-1353.777,-83.462,-1439.187,-1353.797,-85.39,-1.928
ddg_4yje_0008,I343A,-1441.243,-1360.921,-80.322,-1440.653,-1362.55,-78.103,2.219
ddg_4yje_0008,E346A,-1446.302,-1355.237,-91.065,-1447.315,-1359.212,-88.103,2.962
ddg_4yje_0008,D342A,-1435.736,-1352.896,-82.84,-1432.492,-1352.285,-80.207,2.633
ddg_4yje_0008,G341A,-1435.875,-1355.342,-80.533,-1429.057,-1348.171,-80.886,-0.353
ddg_4yje_0008,T338A,-1445.456,-1360.788,-84.668,-1440.53,-1358.453,-82.077,2.591
ddg_4yje_0008,I344A,-1440.326,-1359.756,-80.57,-1435.905,-1358.782,-77.123,3.447
ddg_4yje_0008,G339A,-1439.798,-1357.548,-82.25,-1437.12,-1358.025,-79.095,3.155
ddg_4u0c_0001,S211A,-483.353,-450.816,-32.537,-481.101,-448.561,-32.54,-0.003
ddg_4u0c_0001,F218A,-488.956,-459.993,-28.963,-473.802,-461.436,-12.366,16.597
ddg_4u0c_0001,S213A,-483.537,-451.001,-32.536,-480.927,-448.381,-32.546,-0.01
ddg_4u0c_0001,G214A,-484.048,-452.137,-31.911,-477.022,-445.218,-31.804,0.107
ddg_4u0c_0001,F216A,-483.684,-453.758,-29.926,-482.528,-453.075,-29.453,0.473
ddg_4u0c_0001,G219A,-486.949,-456.849,-30.1,-483.803,-452.792,-31.011,-0.911
ddg_4u0c_0001,P212A,-483.973,-451.491,-32.482,-482.53,-450.069,-32.461,0.021
ddg_4u0c_0001,T217A,-484.149,-453.686,-30.463,-482.256,-453.312,-28.944,1.519
ddg_4u0c_0001,V215A,-483.655,-452.224,-31.431,-481.077,-449.889,-31.188,0.243
ddg_1yfn_0001,K126A,-573.615,-484.896,-88.719,-571.619,-482.91,-88.709,0.01
ddg_1yfn_0001,M121A,-568.808,-481.968,-86.84,-564.648,-481.103,-83.545,3.295
ddg_1yfn_0001,P122A,-563.166,-473.471,-89.695,-561.161,-471.248,-89.913,-0.218
ddg_1yfn_0001,Q119A,-562.554,-477.01,-85.544,-563.669,-476.139,-87.53,-1.986
ddg_1yfn_0001,Q117A,-567.006,-482.37,-84.636,-561.717,-476.983,-84.734,-0.098
ddg_1yfn_0001,E110A,-556.307,-473.209,-83.098,-556.312,-472.355,-83.957,-0.859
ddg_1yfn_0001,H116A,-563.829,-476.323,-87.506,-561.422,-473.859,-87.563,-0.057
ddg_1yfn_0001,V127A,-572.176,-482.518,-89.658,-568.147,-481.771,-86.376,3.282
ddg_1yfn_0001,F123A,-575.809,-486.335,-89.474,-560.831,-481.913,-78.918,10.556
ddg_1yfn_0001,Q112A,-577.498,-492.833,-84.665,-566.609,-492.16,-74.449,10.216
ddg_1yfn_0001,K120A,-568.228,-481.118,-87.11,-563.584,-479.142,-84.442,2.668
ddg_1yfn_0001,P113A,-576.557,-492.369,-84.188,-572.647,-489.443,-83.204,0.984
ddg_1yfn_0001,W118A,-581.347,-496.306,-85.041,-568.798,-493.956,-74.842,10.199
ddg_1yfn_0001,W124A,-574.03,-486.83,-87.2,-565.258,-483.115,-82.143,5.057
ddg_1yfn_0001,Q125A,-569.752,-480.123,-89.629,-567.661,-477.982,-89.679,-0.05
ddg_1yfn_0001,P115A,-566.937,-479.382,-87.555,-565.706,-478.627,-87.079,0.476
ddg_5huw_0002,K428A,-1887.988,-1830.37,-57.618,-1884.27,-1829.449,-54.821,2.797
ddg_5huw_0002,D433A,-1870.34,-1811.961,-58.379,-1870.108,-1809.999,-60.109,-1.73
ddg_5huw_0002,R429A,-1887.71,-1830.687,-57.023,-1881.934,-1829.234,-52.7,4.323
ddg_5huw_0002,P425A,-1886.888,-1822.724,-64.164,-1886.599,-1821.052,-65.547,-1.383
ddg_5huw_0002,K431A,-1888.453,-1831.067,-57.386,-1886.197,-1826.168,-60.029,-2.643
ddg_5huw_0002,V432A,-1871.865,-1814.11,-57.755,-1870.086,-1811.085,-59.001,-1.246
ddg_5huw_0002,G424A,-1887.273,-1823.163,-64.11,-1888.49,-1822.831,-65.659,-1.549
ddg_5huw_0002,P426A,-1884.499,-1824.536,-59.963,-1881.071,-1821.875,-59.196,0.767
ddg_5huw_0002,K427A,-1887.144,-1828.542,-58.602,-1886.834,-1826.43,-60.404,-1.802
ddg_5ei3_0001,Y195A,-930.962,-862.152,-68.81,-918.619,-857.429,-61.19,7.62
ddg_5ei3_0001,G202A,-920.822,-848.868,-71.954,-922.976,-851.312,-71.664,0.29
ddg_5ei3_0001,R197A,-925.687,-855.855,-69.832,-922.007,-855.042,-66.965,2.867
ddg_5ei3_0001,F203A,-927.802,-858.101,-69.701,-920.418,-853.494,-66.924,2.777
ddg_5ei3_0001,F199A,-928.018,-857.759,-70.259,-921.081,-852.597,-68.484,1.775
ddg_5ei3_0001,R194A,-928.248,-858.472,-69.776,-925.826,-855.145,-70.681,-0.905
ddg_5ei3_0001,K192A,-927.912,-853.831,-74.081,-927.642,-856.137,-71.505,2.576
ddg_5ei3_0001,E198A,-920.925,-849.361,-71.564,-919.463,-848.702,-70.761,0.803
ddg_5ei3_0001,L201A,-921.01,-850.524,-70.486,-915.318,-848.518,-66.8,3.686
ddg_5ei3_0001,D196A,-921.663,-850.3,-71.363,-919.942,-849.116,-70.826,0.537
ddg_5ei3_0001,L200A,-925.721,-855.87,-69.851,-914.097,-851.241,-62.856,6.995
ddg_5ei3_0001,Q204A,-922.786,-852.816,-69.97,-920.101,-850.929,-69.172,0.798
ddg_5ei3_0001,K193A,-933.724,-860.018,-73.706,-935.551,-859.05,-76.501,-2.795
ddg_5ei3_0001,F205A,-919.972,-848.983,-70.989,-922.525,-851.102,-71.423,-0.434
ddg_3obq_0006,S145A,-651.567,-597.333,-54.234,-648.766,-594.975,-53.791,0.443
ddg_3obq_0006,P149A,-518.472,-465.941,-52.531,-514.94,-463.394,-51.546,0.985
ddg_3obq_0006,P142A,-653.278,-601.771,-51.507,-655.184,-601.821,-53.363,-1.856
ddg_3obq_0006,P147A,-518.524,-465.478,-53.046,-514.236,-462.904,-51.332,1.714
ddg_3obq_0006,T143A,-655.245,-603.952,-51.293,-653.906,-601.833,-52.073,-0.78
ddg_3obq_0006,L150A,-518.797,-466.654,-52.143,-517.951,-466.656,-51.295,0.848
ddg_3obq_0006,P144A,-652.399,-602.194,-50.205,-650.174,-599.74,-50.434,-0.229
ddg_3obq_0006,V148A,-515.611,-462.526,-53.085,-514.259,-461.569,-52.69,0.395
ddg_4bt9_0001,P244A,-736.402,-699.172,-37.23,-735.687,-695.65,-40.037,-2.807
ddg_4bt9_0001,P241A,-735.914,-698.007,-37.907,-731.063,-695.039,-36.024,1.883
ddg_4bt9_0001,G242A,-733.439,-695.624,-37.815,-733.557,-694.377,-39.18,-1.365
ddg_4bt9_0001,G245A,-734.243,-698.341,-35.902,-729.56,-694.62,-34.94,0.962
ddg_4bt9_0001,P237A,-864.571,-823.804,-40.767,-867.463,-826.086,-41.377,-0.61
ddg_4bt9_0001,P240A,-865.483,-828.047,-37.436,-862.386,-824.394,-37.992,-0.556
ddg_4bt9_0001,G239A,-865.85,-827.29,-38.56,-866.231,-825.898,-40.333,-1.773
ddg_4bt9_0001,P243A,-732.468,-694.073,-38.395,-729.604,-692.234,-37.37,1.025
ddg_4bt9_0001,P238A,-868.074,-827.789,-40.285,-868.178,-826.206,-41.972,-1.687
ddg_2ivz_0009,S401A,-1940.219,-1865.02,-75.199,-1938.844,-1862.311,-76.533,-1.334
ddg_2ivz_0009,W407A,-1941.304,-1867.576,-73.728,-1930.635,-1873.76,-56.875,16.853
ddg_2ivz_0009,G393A,-1937.007,-1861.248,-75.759,-1936.647,-1859.608,-77.039,-1.28
ddg_2ivz_0009,N405A,-1937.368,-1861.828,-75.54,-1932.826,-1857.347,-75.479,0.061
ddg_2ivz_0009,P406A,-1937.653,-1864.118,-73.535,-1940.282,-1870.05,-70.232,3.303
ddg_2ivz_0009,N404A,-1939.25,-1864.904,-74.346,-1938.875,-1864.464,-74.411,-0.065
ddg_2ivz_0009,S395A,-1936.92,-1860.456,-76.464,-1936.697,-1859.882,-76.815,-0.351
ddg_2ivz_0009,W400A,-1946.711,-1870.355,-76.356,-1927.153,-1864.95,-62.203,14.153
ddg_2ivz_0009,S402A,-1941.258,-1866.588,-74.67,-1940.145,-1864.256,-75.889,-1.219
ddg_2ivz_0009,D396A,-1939.989,-1866.12,-73.869,-1934.685,-1859.642,-75.043,-1.174
ddg_2ivz_0009,G399A,-1939.036,-1860.033,-79.003,-1933.899,-1854.546,-79.353,-0.35
ddg_2ivz_0009,S398A,-1940.837,-1865.36,-75.477,-1938.632,-1861.588,-77.044,-1.567
ddg_2ivz_0009,E403A,-1939.69,-1865.832,-73.858,-1932.358,-1866.249,-66.109,7.749
ddg_2ivz_0009,G397A,-1937.311,-1859.718,-77.593,-1934.408,-1856.505,-77.903,-0.31
ddg_5o9u_0010,G394A,-1961.586,-1886.688,-74.898,-1962.94,-1887.173,-75.767,-0.869
ddg_5o9u_0010,K401A,-1978.787,-1909.27,-69.517,-1980.4,-1910.159,-70.241,-0.724
ddg_5o9u_0010,C395A,-1964.841,-1894.122,-70.719,-1966.425,-1895.09,-71.335,-0.616
ddg_5o9u_0010,K400A,-1980.794,-1913.296,-67.498,-1980.666,-1912.931,-67.735,-0.237
ddg_5o9u_0010,S396A,-1973.662,-1910.355,-63.307,-1973.368,-1907.356,-66.012,-2.705
ddg_5o9u_0010,K399A,-1982.891,-1921.989,-60.902,-1977.24,-1920.683,-56.557,4.345
ddg_5o9u_0010,S398A,-1973.323,-1909.047,-64.276,-1973.28,-1907.243,-66.037,-1.761
ddg_5o9u_0010,V397A,-1977.441,-1911.761,-65.68,-1972.942,-1908.332,-64.61,1.07
ddg_4ny3_0016,Y302A,-1390.549,-1354.862,-35.687,-1382.265,-1353.03,-29.235,6.452
ddg_4ny3_0016,F303A,-1384.089,-1351.052,-33.037,-1371.252,-1347.177,-24.075,8.962
ddg_4ny3_0016,P300A,-1391.021,-1352.139,-38.882,-1393.033,-1353.563,-39.47,-0.588
ddg_4ny3_0016,D301A,-1391.801,-1350.434,-41.367,-1383.058,-1348.792,-34.266,7.101
ddg_4ny3_0016,L304A,-1383.025,-1348.366,-34.659,-1381.225,-1346.369,-34.856,-0.197
ddg_1f8h_0003,P99A,-79.548,-53.305,-26.243,-71.733,-46.895,-24.838,1.405
ddg_1f8h_0003,R101A,-85.279,-58.081,-27.198,-83.56,-61.639,-21.921,5.277
ddg_1f8h_0003,S96A,-66.702,-40.691,-26.011,-64.725,-38.71,-26.015,-0.004
ddg_1f8h_0003,N98A,-85.267,-59.084,-26.183,-83.934,-56.623,-27.311,-1.128
ddg_1f8h_0003,T97A,-86.974,-58.912,-28.062,-85.376,-57.302,-28.074,-0.012
ddg_1f8h_0003,F100A,-97.477,-69.926,-27.551,-82.538,-66.622,-15.916,11.635
ddg_1w80_0013,E256A,-898.808,-852.8,-46.008,-899.601,-853.809,-45.792,0.216
ddg_1w80_0013,G251A,-1010.265,-962.462,-47.803,-1011.375,-963.312,-48.063,-0.26
ddg_1w80_0013,W252A,-1011.534,-965.51,-46.024,-998.614,-966.584,-32.03,13.994
ddg_1w80_0013,V253A,-1011.469,-965.555,-45.914,-1008.413,-965.06,-43.353,2.561
ddg_1w80_0013,K250A,-1010.973,-962.569,-48.404,-1009.261,-961.683,-47.578,0.826
ddg_1w80_0013,P249A,-1010.707,-961.844,-48.863,-1015.304,-966.492,-48.812,0.051
ddg_1w80_0013,F255A,-902.662,-857.219,-45.443,-889.021,-854.118,-34.903,10.54
ddg_1w80_0013,T254A,-1010.615,-965.463,-45.152,-1007.073,-962.327,-44.746,0.406
ddg_5kds_0001,G516A,-2500.257,-2486.419,-13.838,-2496.602,-2482.756,-13.846,-0.008
ddg_5kds_0001,T512A,-2503.65,-2491.555,-12.095,-2506.23,-2491.306,-14.924,-2.829
ddg_5kds_0001,G515A,-2501.499,-2487.849,-13.65,-2500.786,-2487.097,-13.689,-0.039
ddg_5kds_0001,P514A,-2499.991,-2487.805,-12.186,-2497.773,-2484.196,-13.577,-1.391
ddg_4lzf_0006,D156A,-664.722,-626.474,-38.248,-667.12,-621.991,-45.129,-6.881
ddg_4lzf_0006,P167A,-656.564,-615.134,-41.43,-656.749,-615.331,-41.418,0.012
ddg_4lzf_0006,P163A,-662.002,-619.67,-42.332,-659.575,-618.64,-40.935,1.397
ddg_4lzf_0006,P161A,-659.233,-618.596,-40.637,-655.685,-614.73,-40.955,-0.318
ddg_4lzf_0006,R160A,-665.489,-629.61,-35.879,-661.418,-628.024,-33.394,2.485
ddg_4lzf_0006,S162A,-661.618,-620.033,-41.585,-660.242,-618.066,-42.176,-0.591
ddg_4lzf_0006,P165A,-658.369,-616.045,-42.324,-655.579,-613.24,-42.339,-0.015
ddg_4lzf_0006,N164A,-661.71,-619.37,-42.34,-660.263,-618.279,-41.984,0.356
ddg_4lzf_0006,P159A,-660.775,-624.5,-36.275,-657.25,-622.17,-35.08,1.195
ddg_4lzf_0006,H166A,-658.354,-616.422,-41.932,-654.779,-612.743,-42.036,-0.104
ddg_4lzf_0006,S158A,-662.775,-623.915,-38.86,-662.338,-622.828,-39.51,-0.65
ddg_4lzf_0006,L157A,-672.122,-634.701,-37.421,-666.583,-631.36,-35.223,2.198
ddg_5m5r_0014,D367A,-1767.035,-1707.161,-59.874,-1765.554,-1704.508,-61.046,-1.172
ddg_5m5r_0014,D362A,-1757.736,-1697.999,-59.737,-1755.877,-1697.471,-58.406,1.331
ddg_5m5r_0014,L364A,-1772.553,-1712.734,-59.819,-1761.338,-1710.727,-50.611,9.208
ddg_5m5r_0014,L363A,-1756.197,-1697.294,-58.903,-1745.94,-1696.064,-49.876,9.027
ddg_5m5r_0014,L368A,-1765.536,-1705.207,-60.329,-1768.746,-1706.57,-62.176,-1.847
ddg_5m5r_0014,G361A,-1753.387,-1694.29,-59.097,-1753.671,-1694.468,-59.203,-0.106
ddg_5m5r_0014,N365A,-1767.695,-1708.124,-59.571,-1766.304,-1706.233,-60.071,-0.5
ddg_5m5r_0014,L366A,-1768.583,-1709.094,-59.489,-1759.638,-1706.341,-53.297,6.192
ddg_6co4_0017,D126A,-432.341,-368.436,-63.905,-429.81,-366.643,-63.167,0.738
ddg_6co4_0017,P121A,-432.098,-368.746,-63.352,-429.596,-365.566,-64.03,-0.678
ddg_6co4_0017,F122A,-425.986,-365.811,-60.175,-411.482,-362.76,-48.722,11.453
ddg_6co4_0017,P119A,-440.445,-380.738,-59.707,-435.074,-377.215,-57.859,1.848
ddg_6co4_0017,E117A,-437.644,-378.337,-59.307,-436.354,-377.211,-59.143,0.164
ddg_6co4_0017,P116A,-442.296,-381.419,-60.877,-437.765,-378.482,-59.283,1.594
ddg_6co4_0017,D127A,-420.124,-356.663,-63.461,-420.749,-357.432,-63.317,0.144
ddg_6co4_0017,E123A,-422.339,-360.198,-62.141,-420.153,-357.779,-62.374,-0.233
ddg_6co4_0017,E120A,-419.476,-359.75,-59.726,-416.751,-357.936,-58.815,0.911
ddg_6co4_0017,P118A,-443.78,-383.949,-59.831,-440.92,-380.311,-60.609,-0.778
ddg_6co4_0017,Q114A,-419.871,-358.449,-61.422,-420.996,-360.076,-60.92,0.502
ddg_6co4_0017,Y124A,-442.407,-380.871,-61.536,-431.752,-374.251,-57.501,4.035
ddg_6co4_0017,I125A,-421.267,-356.714,-64.553,-420.276,-354.903,-65.373,-0.82
ddg_6co4_0017,E115A,-437.125,-378.149,-58.976,-436.616,-376.589,-60.027,-1.051
ddg_6e5x_0012,P140A,-418.089,-359.795,-58.294,-421.18,-362.875,-58.305,-0.011
ddg_6e5x_0012,P133A,-421.622,-365.599,-56.023,-416.638,-361.6,-55.038,0.985
ddg_6e5x_0012,L136A,-424.589,-367.755,-56.834,-422.164,-366.164,-56.0,0.834
ddg_6e5x_0012,P134A,-425.301,-369.688,-55.613,-421.749,-365.781,-55.968,-0.355
ddg_6e5x_0012,P138A,-427.37,-369.542,-57.828,-424.085,-366.687,-57.398,0.43
ddg_6e5x_0012,P130A,-418.287,-360.815,-57.472,-413.803,-357.649,-56.154,1.318
ddg_6e5x_0012,P132A,-420.855,-363.623,-57.232,-416.211,-357.752,-58.459,-1.227
ddg_6e5x_0012,P139A,-418.809,-359.93,-58.879,-414.987,-356.338,-58.649,0.23
ddg_6e5x_0012,V131A,-420.303,-363.761,-56.542,-415.292,-361.225,-54.067,2.475
ddg_6e5x_0012,F128A,-419.322,-361.251,-58.071,-421.77,-364.063,-57.707,0.364
ddg_6e5x_0012,P135A,-428.933,-372.467,-56.466,-425.08,-369.537,-55.543,0.923
ddg_6e5x_0012,Y137A,-428.374,-371.518,-56.856,-418.114,-369.874,-48.24,8.616
ddg_6e5x_0012,V129A,-420.988,-362.944,-58.044,-416.797,-359.415,-57.382,0.662
ddg_3emw_0013,N206A,-1007.355,-960.072,-47.283,-1005.871,-959.154,-46.717,0.566
ddg_3emw_0013,I202A,-1005.298,-957.419,-47.879,-1003.796,-958.141,-45.655,2.224
ddg_3emw_0013,N203A,-1006.763,-958.827,-47.936,-1000.167,-955.741,-44.426,3.51
ddg_3emw_0013,D201A,-1005.515,-957.141,-48.374,-999.305,-956.404,-42.901,5.473
ddg_3emw_0013,N207A,-1007.041,-959.878,-47.163,-1007.568,-960.021,-47.547,-0.384
ddg_3emw_0013,N204A,-1006.764,-959.076,-47.688,-1002.723,-955.356,-47.367,0.321
ddg_3emw_0013,N205A,-1006.67,-958.48,-48.19,-1001.087,-957.301,-43.786,4.404
ddg_5di8_0015,C220A,-1011.909,-956.393,-55.516,-1010.902,-956.393,-54.509,1.007
ddg_5di8_0015,V218A,-1011.021,-956.098,-54.923,-1001.332,-952.63,-48.702,6.221
ddg_5di8_0015,H213A,-1006.957,-949.508,-57.449,-1000.446,-946.341,-54.105,3.344
ddg_5di8_0015,L214A,-1005.923,-946.953,-58.97,-1000.403,-945.436,-54.967,4.003
ddg_5di8_0015,E216A,-1005.192,-947.173,-58.019,-1005.892,-946.821,-59.071,-1.052
ddg_5di8_0015,T221A,-1010.563,-943.789,-66.774,-1008.05,-943.829,-64.221,2.553
ddg_5di8_0015,W219A,-1015.485,-961.241,-54.244,-1008.706,-957.868,-50.838,3.406
ddg_5di8_0015,W212A,-1009.998,-951.959,-58.039,-1002.766,-944.145,-58.621,-0.582
ddg_5di8_0015,C210A,-1007.524,-947.505,-60.019,-1007.547,-947.503,-60.044,-0.025
ddg_5di8_0015,L217A,-1007.004,-949.071,-57.933,-999.611,-942.608,-57.003,0.93
ddg_5di8_0015,G215A,-1004.376,-946.317,-58.059,-999.261,-940.778,-58.483,-0.424
ddg_5di8_0015,D209A,-1005.35,-939.265,-66.085,-1003.778,-937.961,-65.817,0.268
ddg_5tgi_0013,Q154A,-525.649,-462.221,-63.428,-525.617,-459.784,-65.833,-2.405
ddg_5tgi_0013,D153A,-521.904,-457.149,-64.755,-517.787,-454.355,-63.432,1.323
ddg_5tgi_0013,I156A,-531.102,-469.417,-61.685,-527.466,-465.705,-61.761,-0.076
ddg_5tgi_0013,F145A,-522.262,-461.542,-60.72,-515.432,-455.297,-60.135,0.585
ddg_5tgi_0013,K146A,-527.096,-464.163,-62.933,-525.468,-462.828,-62.64,0.293
ddg_5tgi_0013,N149A,-519.259,-451.432,-67.827,-514.972,-447.134,-67.838,-0.011
ddg_5tgi_0013,Q160A,-517.89,-448.984,-68.906,-518.206,-449.465,-68.741,0.165
ddg_5tgi_0013,V142A,-535.142,-473.318,-61.824,-529.614,-469.273,-60.341,1.483
ddg_5tgi_0013,T159A,-538.286,-470.127,-68.159,-534.559,-467.019,-67.54,0.619
ddg_5tgi_0013,G147A,-519.997,-456.96,-63.037,-522.462,-458.038,-64.424,-1.387
ddg_5tgi_0013,V158A,-527.025,-461.344,-65.681,-520.821,-457.193,-63.628,2.053
ddg_5tgi_0013,Q143A,-530.835,-470.058,-60.777,-528.131,-468.865,-59.266,1.511
ddg_5tgi_0013,G150A,-520.746,-452.926,-67.82,-514.948,-447.096,-67.852,-0.032
ddg_5tgi_0013,S151A,-526.377,-460.376,-66.001,-525.434,-459.527,-65.907,0.094
ddg_5tgi_0013,L157A,-555.08,-489.659,-65.421,-549.407,-486.543,-62.864,2.557
ddg_5tgi_0013,F144A,-529.551,-467.926,-61.625,-517.503,-465.227,-52.276,9.349
ddg_5tgi_0013,V155A,-534.58,-471.413,-63.167,-528.79,-468.773,-60.017,3.15
ddg_5tgi_0013,K148A,-524.038,-457.758,-66.28,-522.264,-456.775,-65.489,0.791
